Running attempt-017 full scan with remap resolution 40
Repo root: /Users/carterhinsley/Documents/Dev/MultimodalMaps.jl
Julia threads: 6
  Activating project at `~/Documents/Dev/MultimodalMaps.jl`
  Activating project at `~/Documents/Dev/MultimodalMaps.jl`
  Activating project at `~/Documents/Dev/MultimodalMaps.jl`
  Activating project at `~/Documents/Dev/MultimodalMaps.jl`
Running attempt-017 contour scan.
Grid: 1200 ΔCa points × 1200 Δx points
Julia threads: 6, output tag: grid1200_seq10_prefixes_remap40, max sequence length: 10, remap resolution: 40
T0 continuation refinement steps: 5, Ca-window: 0.003
Column checkpoint directory: /Users/carterhinsley/Documents/Dev/MultimodalMaps.jl/kneading/experiment/attempt-017/grid1200_seq10_prefixes_remap40_columns
Saved column 1/1200 (ΔCa=-50.000000) with 170/1200 successful points in 59.27 s
Saved column 401/1200 (ΔCa=-36.655546) with 767/1200 successful points in 62.22 s
Saved column 601/1200 (ΔCa=-29.983319) with 810/1200 successful points in 67.05 s
Saved column 801/1200 (ΔCa=-23.311093) with 851/1200 successful points in 68.86 s
Saved column 1001/1200 (ΔCa=-16.638866) with 897/1200 successful points in 69.86 s
Saved column 201/1200 (ΔCa=-43.327773) with 654/1200 successful points in 74.00 s
Saved column 2/1200 (ΔCa=-49.966639) with 168/1200 successful points in 59.57 s
Saved column 402/1200 (ΔCa=-36.622185) with 766/1200 successful points in 63.78 s
Saved column 602/1200 (ΔCa=-29.949958) with 810/1200 successful points in 69.95 s
Saved column 802/1200 (ΔCa=-23.277731) with 851/1200 successful points in 72.47 s
Saved column 1002/1200 (ΔCa=-16.605505) with 897/1200 successful points in 73.29 s
Saved column 202/1200 (ΔCa=-43.294412) with 659/1200 successful points in 79.26 s
Saved column 3/1200 (ΔCa=-49.933278) with 170/1200 successful points in 70.58 s
Saved column 403/1200 (ΔCa=-36.588824) with 776/1200 successful points in 76.63 s
Saved column 603/1200 (ΔCa=-29.916597) with 809/1200 successful points in 83.31 s
Saved column 803/1200 (ΔCa=-23.244370) with 851/1200 successful points in 85.30 s
Saved column 1003/1200 (ΔCa=-16.572143) with 892/1200 successful points in 86.44 s
Saved column 203/1200 (ΔCa=-43.261051) with 662/1200 successful points in 92.41 s
Saved column 4/1200 (ΔCa=-49.899917) with 173/1200 successful points in 75.00 s
Saved column 404/1200 (ΔCa=-36.555463) with 767/1200 successful points in 77.85 s
Saved column 604/1200 (ΔCa=-29.883236) with 808/1200 successful points in 83.89 s
Saved column 804/1200 (ΔCa=-23.211009) with 857/1200 successful points in 86.09 s
Saved column 1004/1200 (ΔCa=-16.538782) with 897/1200 successful points in 87.22 s
Saved column 204/1200 (ΔCa=-43.227690) with 667/1200 successful points in 92.32 s
Saved column 5/1200 (ΔCa=-49.866555) with 182/1200 successful points in 74.83 s
Saved column 405/1200 (ΔCa=-36.522102) with 768/1200 successful points in 78.41 s
Saved column 605/1200 (ΔCa=-29.849875) with 807/1200 successful points in 84.96 s
Saved column 805/1200 (ΔCa=-23.177648) with 857/1200 successful points in 86.87 s
Saved column 1005/1200 (ΔCa=-16.505421) with 896/1200 successful points in 88.39 s
Saved column 6/1200 (ΔCa=-49.833194) with 185/1200 successful points in 76.50 s
Saved column 205/1200 (ΔCa=-43.194329) with 674/1200 successful points in 92.93 s
Saved column 406/1200 (ΔCa=-36.488741) with 776/1200 successful points in 80.28 s
Saved column 606/1200 (ΔCa=-29.816514) with 811/1200 successful points in 85.47 s
Saved column 806/1200 (ΔCa=-23.144287) with 858/1200 successful points in 87.44 s
Saved column 7/1200 (ΔCa=-49.799833) with 181/1200 successful points in 76.73 s
Saved column 1006/1200 (ΔCa=-16.472060) with 897/1200 successful points in 88.43 s
Saved column 407/1200 (ΔCa=-36.455379) with 767/1200 successful points in 80.02 s
Saved column 206/1200 (ΔCa=-43.160967) with 679/1200 successful points in 92.77 s
Saved column 607/1200 (ΔCa=-29.783153) with 810/1200 successful points in 86.55 s
Saved column 8/1200 (ΔCa=-49.766472) with 183/1200 successful points in 77.32 s
Saved column 807/1200 (ΔCa=-23.110926) with 857/1200 successful points in 88.45 s
Saved column 1007/1200 (ΔCa=-16.438699) with 896/1200 successful points in 89.70 s
Saved column 408/1200 (ΔCa=-36.422018) with 768/1200 successful points in 81.15 s
Saved column 207/1200 (ΔCa=-43.127606) with 684/1200 successful points in 94.59 s
Saved column 608/1200 (ΔCa=-29.749791) with 808/1200 successful points in 87.78 s
Saved column 9/1200 (ΔCa=-49.733111) with 185/1200 successful points in 79.63 s
Saved column 808/1200 (ΔCa=-23.077565) with 857/1200 successful points in 89.91 s
Saved column 1008/1200 (ΔCa=-16.405338) with 894/1200 successful points in 91.54 s
Saved column 409/1200 (ΔCa=-36.388657) with 778/1200 successful points in 84.06 s
Saved column 208/1200 (ΔCa=-43.094245) with 696/1200 successful points in 84.43 s
Saved column 10/1200 (ΔCa=-49.699750) with 192/1200 successful points in 79.82 s
Saved column 609/1200 (ΔCa=-29.716430) with 808/1200 successful points in 88.02 s
Saved column 809/1200 (ΔCa=-23.044204) with 858/1200 successful points in 90.27 s
Saved column 1009/1200 (ΔCa=-16.371977) with 899/1200 successful points in 91.66 s
Saved column 410/1200 (ΔCa=-36.355296) with 770/1200 successful points in 82.32 s
Saved column 209/1200 (ΔCa=-43.060884) with 694/1200 successful points in 94.73 s
Saved column 11/1200 (ΔCa=-49.666389) with 191/1200 successful points in 80.83 s
Saved column 610/1200 (ΔCa=-29.683069) with 814/1200 successful points in 88.24 s
Saved column 810/1200 (ΔCa=-23.010842) with 857/1200 successful points in 89.96 s
Saved column 411/1200 (ΔCa=-36.321935) with 769/1200 successful points in 82.66 s
Saved column 1010/1200 (ΔCa=-16.338616) with 899/1200 successful points in 92.31 s
Saved column 210/1200 (ΔCa=-43.027523) with 702/1200 successful points in 85.42 s
Saved column 12/1200 (ΔCa=-49.633028) with 192/1200 successful points in 81.85 s
Saved column 611/1200 (ΔCa=-29.649708) with 809/1200 successful points in 89.80 s
Saved column 412/1200 (ΔCa=-36.288574) with 771/1200 successful points in 84.13 s
Saved column 811/1200 (ΔCa=-22.977481) with 856/1200 successful points in 91.64 s
Saved column 1011/1200 (ΔCa=-16.305254) with 900/1200 successful points in 92.86 s
Saved column 13/1200 (ΔCa=-49.599666) with 195/1200 successful points in 81.90 s
Saved column 211/1200 (ΔCa=-42.994162) with 703/1200 successful points in 95.25 s
Saved column 612/1200 (ΔCa=-29.616347) with 811/1200 successful points in 88.99 s
Saved column 413/1200 (ΔCa=-36.255213) with 771/1200 successful points in 83.74 s
Saved column 812/1200 (ΔCa=-22.944120) with 855/1200 successful points in 91.12 s
Saved column 1012/1200 (ΔCa=-16.271893) with 898/1200 successful points in 93.05 s
Saved column 14/1200 (ΔCa=-49.566305) with 196/1200 successful points in 82.75 s
Saved column 212/1200 (ΔCa=-42.960801) with 709/1200 successful points in 96.38 s
Saved column 613/1200 (ΔCa=-29.582986) with 808/1200 successful points in 92.86 s
Saved column 414/1200 (ΔCa=-36.221852) with 769/1200 successful points in 89.94 s
Saved column 813/1200 (ΔCa=-22.910759) with 857/1200 successful points in 98.20 s
Saved column 1013/1200 (ΔCa=-16.238532) with 898/1200 successful points in 99.96 s
Saved column 15/1200 (ΔCa=-49.532944) with 197/1200 successful points in 89.93 s
Saved column 213/1200 (ΔCa=-42.927440) with 714/1200 successful points in 103.09 s
Saved column 614/1200 (ΔCa=-29.549625) with 809/1200 successful points in 96.75 s
Saved column 415/1200 (ΔCa=-36.188490) with 771/1200 successful points in 87.21 s
Saved column 814/1200 (ΔCa=-22.877398) with 858/1200 successful points in 96.28 s
Saved column 16/1200 (ΔCa=-49.499583) with 198/1200 successful points in 88.38 s
Saved column 1014/1200 (ΔCa=-16.205171) with 895/1200 successful points in 99.29 s
Saved column 214/1200 (ΔCa=-42.894078) with 720/1200 successful points in 103.17 s
Saved column 416/1200 (ΔCa=-36.155129) with 781/1200 successful points in 91.56 s
Saved column 615/1200 (ΔCa=-29.516264) with 808/1200 successful points in 96.84 s
Saved column 815/1200 (ΔCa=-22.844037) with 855/1200 successful points in 97.86 s
Saved column 17/1200 (ΔCa=-49.466222) with 199/1200 successful points in 88.59 s
Saved column 1015/1200 (ΔCa=-16.171810) with 897/1200 successful points in 99.48 s
Saved column 417/1200 (ΔCa=-36.121768) with 770/1200 successful points in 87.27 s
Saved column 215/1200 (ΔCa=-42.860717) with 725/1200 successful points in 98.65 s
Saved column 616/1200 (ΔCa=-29.482902) with 814/1200 successful points in 93.38 s
Saved column 18/1200 (ΔCa=-49.432861) with 200/1200 successful points in 85.95 s
Saved column 816/1200 (ΔCa=-22.810676) with 858/1200 successful points in 94.72 s
Saved column 1016/1200 (ΔCa=-16.138449) with 898/1200 successful points in 96.39 s
Saved column 418/1200 (ΔCa=-36.088407) with 768/1200 successful points in 86.15 s
Saved column 617/1200 (ΔCa=-29.449541) with 815/1200 successful points in 92.63 s
Saved column 216/1200 (ΔCa=-42.827356) with 730/1200 successful points in 97.75 s
Saved column 19/1200 (ΔCa=-49.399500) with 201/1200 successful points in 87.35 s
Saved column 817/1200 (ΔCa=-22.777314) with 857/1200 successful points in 95.00 s
Saved column 1017/1200 (ΔCa=-16.105088) with 897/1200 successful points in 97.64 s
Saved column 419/1200 (ΔCa=-36.055046) with 776/1200 successful points in 88.35 s
Saved column 618/1200 (ΔCa=-29.416180) with 811/1200 successful points in 94.79 s
Saved column 217/1200 (ΔCa=-42.793995) with 735/1200 successful points in 98.95 s
Saved column 20/1200 (ΔCa=-49.366138) with 202/1200 successful points in 88.57 s
Saved column 818/1200 (ΔCa=-22.743953) with 856/1200 successful points in 96.69 s
Saved column 1018/1200 (ΔCa=-16.071726) with 898/1200 successful points in 99.33 s
Saved column 420/1200 (ΔCa=-36.021685) with 765/1200 successful points in 89.83 s
Saved column 619/1200 (ΔCa=-29.382819) with 813/1200 successful points in 95.60 s
Saved column 21/1200 (ΔCa=-49.332777) with 203/1200 successful points in 89.37 s
Saved column 218/1200 (ΔCa=-42.760634) with 739/1200 successful points in 98.92 s
Saved column 819/1200 (ΔCa=-22.710592) with 857/1200 successful points in 95.80 s
Saved column 421/1200 (ΔCa=-35.988324) with 767/1200 successful points in 86.80 s
Saved column 1019/1200 (ΔCa=-16.038365) with 898/1200 successful points in 97.29 s
Saved column 620/1200 (ΔCa=-29.349458) with 813/1200 successful points in 93.22 s
Saved column 22/1200 (ΔCa=-49.299416) with 204/1200 successful points in 88.11 s
Saved column 219/1200 (ΔCa=-42.727273) with 745/1200 successful points in 91.70 s
Saved column 820/1200 (ΔCa=-22.677231) with 855/1200 successful points in 95.07 s
Saved column 422/1200 (ΔCa=-35.954962) with 773/1200 successful points in 87.88 s
Saved column 1020/1200 (ΔCa=-16.005004) with 897/1200 successful points in 97.86 s
Saved column 23/1200 (ΔCa=-49.266055) with 205/1200 successful points in 88.42 s
Saved column 621/1200 (ΔCa=-29.316097) with 813/1200 successful points in 94.04 s
Saved column 220/1200 (ΔCa=-42.693912) with 742/1200 successful points in 97.60 s
Saved column 821/1200 (ΔCa=-22.643870) with 857/1200 successful points in 95.40 s
Saved column 423/1200 (ΔCa=-35.921601) with 770/1200 successful points in 87.56 s
Saved column 1021/1200 (ΔCa=-15.971643) with 902/1200 successful points in 97.92 s
Saved column 24/1200 (ΔCa=-49.232694) with 206/1200 successful points in 89.32 s
Saved column 622/1200 (ΔCa=-29.282736) with 813/1200 successful points in 94.13 s
Saved column 221/1200 (ΔCa=-42.660550) with 751/1200 successful points in 97.31 s
Saved column 424/1200 (ΔCa=-35.888240) with 764/1200 successful points in 88.99 s
Saved column 822/1200 (ΔCa=-22.610509) with 855/1200 successful points in 96.91 s
Saved column 1022/1200 (ΔCa=-15.938282) with 897/1200 successful points in 99.62 s
Saved column 25/1200 (ΔCa=-49.199333) with 207/1200 successful points in 90.48 s
Saved column 623/1200 (ΔCa=-29.249374) with 813/1200 successful points in 94.97 s
Saved column 222/1200 (ΔCa=-42.627189) with 748/1200 successful points in 98.73 s
Saved column 425/1200 (ΔCa=-35.854879) with 767/1200 successful points in 89.14 s
Saved column 823/1200 (ΔCa=-22.577148) with 856/1200 successful points in 95.81 s
Saved column 26/1200 (ΔCa=-49.165972) with 208/1200 successful points in 89.99 s
Saved column 1023/1200 (ΔCa=-15.904921) with 903/1200 successful points in 98.76 s
Saved column 624/1200 (ΔCa=-29.216013) with 815/1200 successful points in 95.01 s
Saved column 223/1200 (ΔCa=-42.593828) with 749/1200 successful points in 99.47 s
Saved column 426/1200 (ΔCa=-35.821518) with 768/1200 successful points in 91.29 s
Saved column 824/1200 (ΔCa=-22.543786) with 858/1200 successful points in 98.62 s
Saved column 27/1200 (ΔCa=-49.132611) with 209/1200 successful points in 93.00 s
Saved column 1024/1200 (ΔCa=-15.871560) with 903/1200 successful points in 101.35 s
Saved column 625/1200 (ΔCa=-29.182652) with 813/1200 successful points in 97.53 s
Saved column 224/1200 (ΔCa=-42.560467) with 756/1200 successful points in 98.36 s
Saved column 427/1200 (ΔCa=-35.788157) with 759/1200 successful points in 90.24 s
Saved column 825/1200 (ΔCa=-22.510425) with 858/1200 successful points in 97.91 s
Saved column 28/1200 (ΔCa=-49.099249) with 210/1200 successful points in 92.39 s
Saved column 1025/1200 (ΔCa=-15.838198) with 909/1200 successful points in 99.95 s
Saved column 626/1200 (ΔCa=-29.149291) with 815/1200 successful points in 95.86 s
Saved column 428/1200 (ΔCa=-35.754796) with 768/1200 successful points in 89.40 s
Saved column 225/1200 (ΔCa=-42.527106) with 752/1200 successful points in 97.28 s
Saved column 826/1200 (ΔCa=-22.477064) with 857/1200 successful points in 95.43 s
Saved column 29/1200 (ΔCa=-49.065888) with 211/1200 successful points in 90.13 s
Saved column 627/1200 (ΔCa=-29.115930) with 815/1200 successful points in 94.03 s
Saved column 1026/1200 (ΔCa=-15.804837) with 903/1200 successful points in 97.80 s
Saved column 429/1200 (ΔCa=-35.721435) with 770/1200 successful points in 88.47 s
Saved column 226/1200 (ΔCa=-42.493745) with 755/1200 successful points in 95.74 s
Saved column 827/1200 (ΔCa=-22.443703) with 860/1200 successful points in 95.31 s
Saved column 30/1200 (ΔCa=-49.032527) with 212/1200 successful points in 90.65 s
Saved column 628/1200 (ΔCa=-29.082569) with 815/1200 successful points in 93.13 s
Saved column 430/1200 (ΔCa=-35.688073) with 768/1200 successful points in 87.04 s
Saved column 1027/1200 (ΔCa=-15.771476) with 903/1200 successful points in 97.41 s
Saved column 227/1200 (ΔCa=-42.460384) with 755/1200 successful points in 95.54 s
Saved column 828/1200 (ΔCa=-22.410342) with 862/1200 successful points in 95.13 s
Saved column 31/1200 (ΔCa=-48.999166) with 213/1200 successful points in 90.50 s
Saved column 431/1200 (ΔCa=-35.654712) with 763/1200 successful points in 86.92 s
Saved column 629/1200 (ΔCa=-29.049208) with 815/1200 successful points in 93.29 s
Saved column 1028/1200 (ΔCa=-15.738115) with 907/1200 successful points in 97.63 s
Saved column 228/1200 (ΔCa=-42.427023) with 757/1200 successful points in 95.42 s
Saved column 829/1200 (ΔCa=-22.376981) with 857/1200 successful points in 95.54 s
Saved column 32/1200 (ΔCa=-48.965805) with 214/1200 successful points in 91.25 s
Saved column 432/1200 (ΔCa=-35.621351) with 769/1200 successful points in 88.29 s
Saved column 630/1200 (ΔCa=-29.015847) with 815/1200 successful points in 94.52 s
Saved column 1029/1200 (ΔCa=-15.704754) with 901/1200 successful points in 98.73 s
Saved column 229/1200 (ΔCa=-42.393661) with 758/1200 successful points in 95.87 s
Saved column 830/1200 (ΔCa=-22.343620) with 861/1200 successful points in 95.31 s
Saved column 33/1200 (ΔCa=-48.932444) with 215/1200 successful points in 91.49 s
Saved column 433/1200 (ΔCa=-35.587990) with 772/1200 successful points in 87.31 s
Saved column 631/1200 (ΔCa=-28.982485) with 815/1200 successful points in 93.39 s
Saved column 1030/1200 (ΔCa=-15.671393) with 907/1200 successful points in 97.38 s
Saved column 230/1200 (ΔCa=-42.360300) with 760/1200 successful points in 94.64 s
Saved column 34/1200 (ΔCa=-48.899083) with 216/1200 successful points in 91.94 s
Saved column 831/1200 (ΔCa=-22.310259) with 861/1200 successful points in 95.57 s
Saved column 434/1200 (ΔCa=-35.554629) with 763/1200 successful points in 87.75 s
Saved column 632/1200 (ΔCa=-28.949124) with 816/1200 successful points in 95.38 s
Saved column 1031/1200 (ΔCa=-15.638032) with 907/1200 successful points in 99.50 s
Saved column 231/1200 (ΔCa=-42.326939) with 760/1200 successful points in 95.96 s
Saved column 35/1200 (ΔCa=-48.865721) with 217/1200 successful points in 92.62 s
Saved column 832/1200 (ΔCa=-22.276897) with 860/1200 successful points in 96.29 s
Saved column 435/1200 (ΔCa=-35.521268) with 761/1200 successful points in 87.38 s
Saved column 633/1200 (ΔCa=-28.915763) with 816/1200 successful points in 93.54 s
Saved column 1032/1200 (ΔCa=-15.604671) with 902/1200 successful points in 98.50 s
Saved column 232/1200 (ΔCa=-42.293578) with 763/1200 successful points in 94.58 s
Saved column 36/1200 (ΔCa=-48.832360) with 218/1200 successful points in 92.17 s
Saved column 833/1200 (ΔCa=-22.243536) with 862/1200 successful points in 95.65 s
Saved column 436/1200 (ΔCa=-35.487907) with 769/1200 successful points in 88.49 s
Saved column 634/1200 (ΔCa=-28.882402) with 815/1200 successful points in 93.95 s
Saved column 1033/1200 (ΔCa=-15.571309) with 906/1200 successful points in 97.18 s
Saved column 233/1200 (ΔCa=-42.260217) with 764/1200 successful points in 93.57 s
Saved column 37/1200 (ΔCa=-48.798999) with 219/1200 successful points in 92.15 s
Saved column 437/1200 (ΔCa=-35.454545) with 763/1200 successful points in 90.29 s
Saved column 834/1200 (ΔCa=-22.210175) with 858/1200 successful points in 98.75 s
Saved column 635/1200 (ΔCa=-28.849041) with 818/1200 successful points in 101.81 s
Saved column 234/1200 (ΔCa=-42.226856) with 757/1200 successful points in 137.07 s
Saved column 1034/1200 (ΔCa=-15.537948) with 909/1200 successful points in 140.39 s
Saved column 38/1200 (ΔCa=-48.765638) with 221/1200 successful points in 131.15 s
Saved column 438/1200 (ΔCa=-35.421184) with 764/1200 successful points in 126.63 s
Saved column 835/1200 (ΔCa=-22.176814) with 859/1200 successful points in 132.21 s
Saved column 636/1200 (ΔCa=-28.815680) with 817/1200 successful points in 121.11 s
Saved column 235/1200 (ΔCa=-42.193495) with 765/1200 successful points in 82.82 s
Saved column 39/1200 (ΔCa=-48.732277) with 222/1200 successful points in 76.48 s
Saved column 1035/1200 (ΔCa=-15.504587) with 902/1200 successful points in 86.20 s
Saved column 439/1200 (ΔCa=-35.387823) with 771/1200 successful points in 77.02 s
Saved column 836/1200 (ΔCa=-22.143453) with 859/1200 successful points in 82.27 s
Saved column 637/1200 (ΔCa=-28.782319) with 816/1200 successful points in 111.64 s
Saved column 40/1200 (ΔCa=-48.698916) with 228/1200 successful points in 91.58 s
Saved column 236/1200 (ΔCa=-42.160133) with 757/1200 successful points in 113.57 s
Saved column 440/1200 (ΔCa=-35.354462) with 771/1200 successful points in 110.22 s
Saved column 1036/1200 (ΔCa=-15.471226) with 907/1200 successful points in 118.24 s
Saved column 837/1200 (ΔCa=-22.110092) with 860/1200 successful points in 118.08 s
Saved column 41/1200 (ΔCa=-48.665555) with 228/1200 successful points in 66.11 s
Saved column 638/1200 (ΔCa=-28.748957) with 816/1200 successful points in 88.82 s
Saved column 237/1200 (ΔCa=-42.126772) with 759/1200 successful points in 90.11 s
Saved column 441/1200 (ΔCa=-35.321101) with 773/1200 successful points in 87.31 s
Saved column 1037/1200 (ΔCa=-15.437865) with 907/1200 successful points in 125.10 s
Saved column 838/1200 (ΔCa=-22.076731) with 859/1200 successful points in 125.27 s
Saved column 42/1200 (ΔCa=-48.632193) with 228/1200 successful points in 119.72 s
Saved column 639/1200 (ΔCa=-28.715596) with 816/1200 successful points in 123.42 s
Saved column 442/1200 (ΔCa=-35.287740) with 774/1200 successful points in 117.54 s
Saved column 238/1200 (ΔCa=-42.093411) with 765/1200 successful points in 122.15 s
Saved column 1038/1200 (ΔCa=-15.404504) with 907/1200 successful points in 93.94 s
Saved column 43/1200 (ΔCa=-48.598832) with 234/1200 successful points in 65.05 s
Saved column 839/1200 (ΔCa=-22.043369) with 864/1200 successful points in 88.50 s
Saved column 640/1200 (ΔCa=-28.682235) with 816/1200 successful points in 84.17 s
Saved column 443/1200 (ΔCa=-35.254379) with 772/1200 successful points in 79.27 s
Saved column 44/1200 (ΔCa=-48.565471) with 235/1200 successful points in 62.11 s
Saved column 239/1200 (ΔCa=-42.060050) with 758/1200 successful points in 83.05 s
Saved column 1039/1200 (ΔCa=-15.371143) with 908/1200 successful points in 85.84 s
Saved column 840/1200 (ΔCa=-22.010008) with 864/1200 successful points in 84.24 s
Saved column 641/1200 (ΔCa=-28.648874) with 816/1200 successful points in 81.45 s
Saved column 45/1200 (ΔCa=-48.532110) with 236/1200 successful points in 61.75 s
Saved column 444/1200 (ΔCa=-35.221018) with 773/1200 successful points in 77.69 s
Saved column 240/1200 (ΔCa=-42.026689) with 766/1200 successful points in 81.29 s
Saved column 1040/1200 (ΔCa=-15.337781) with 908/1200 successful points in 84.94 s
Saved column 841/1200 (ΔCa=-21.976647) with 865/1200 successful points in 83.78 s
Saved column 642/1200 (ΔCa=-28.615513) with 817/1200 successful points in 81.14 s
Saved column 46/1200 (ΔCa=-48.498749) with 234/1200 successful points in 81.89 s
Saved column 445/1200 (ΔCa=-35.187656) with 771/1200 successful points in 78.38 s
Saved column 241/1200 (ΔCa=-41.993328) with 753/1200 successful points in 75.59 s
Saved column 1041/1200 (ΔCa=-15.304420) with 908/1200 successful points in 86.84 s
Saved column 842/1200 (ΔCa=-21.943286) with 865/1200 successful points in 85.91 s
Saved column 643/1200 (ΔCa=-28.582152) with 817/1200 successful points in 84.32 s
Saved column 47/1200 (ΔCa=-48.465388) with 237/1200 successful points in 82.30 s
Saved column 446/1200 (ΔCa=-35.154295) with 765/1200 successful points in 79.91 s
Saved column 242/1200 (ΔCa=-41.959967) with 753/1200 successful points in 77.41 s
Saved column 1042/1200 (ΔCa=-15.271059) with 908/1200 successful points in 88.74 s
Saved column 48/1200 (ΔCa=-48.432027) with 242/1200 successful points in 64.80 s
Saved column 843/1200 (ΔCa=-21.909925) with 864/1200 successful points in 87.48 s
Saved column 644/1200 (ΔCa=-28.548791) with 816/1200 successful points in 84.90 s
Saved column 447/1200 (ΔCa=-35.120934) with 765/1200 successful points in 79.65 s
Saved column 243/1200 (ΔCa=-41.926606) with 739/1200 successful points in 77.28 s
Saved column 1043/1200 (ΔCa=-15.237698) with 907/1200 successful points in 88.96 s
Saved column 49/1200 (ΔCa=-48.398666) with 241/1200 successful points in 82.73 s
Saved column 844/1200 (ΔCa=-21.876564) with 864/1200 successful points in 87.13 s
Saved column 645/1200 (ΔCa=-28.515430) with 816/1200 successful points in 84.74 s
Saved column 448/1200 (ΔCa=-35.087573) with 766/1200 successful points in 80.52 s
Saved column 244/1200 (ΔCa=-41.893244) with 763/1200 successful points in 78.04 s
Saved column 50/1200 (ΔCa=-48.365304) with 243/1200 successful points in 82.69 s
Saved column 1044/1200 (ΔCa=-15.204337) with 908/1200 successful points in 88.61 s
Saved column 845/1200 (ΔCa=-21.843203) with 863/1200 successful points in 87.36 s
Saved column 449/1200 (ΔCa=-35.054212) with 768/1200 successful points in 79.43 s
Saved column 646/1200 (ΔCa=-28.482068) with 816/1200 successful points in 84.25 s
Saved column 245/1200 (ΔCa=-41.859883) with 763/1200 successful points in 81.98 s
Saved column 51/1200 (ΔCa=-48.331943) with 249/1200 successful points in 64.32 s
Saved column 1045/1200 (ΔCa=-15.170976) with 908/1200 successful points in 87.22 s
Saved column 246/1200 (ΔCa=-41.826522) with 758/1200 successful points in 75.82 s
Saved column 450/1200 (ΔCa=-35.020851) with 777/1200 successful points in 79.20 s
Saved column 846/1200 (ΔCa=-21.809842) with 863/1200 successful points in 86.27 s
Saved column 647/1200 (ΔCa=-28.448707) with 816/1200 successful points in 83.35 s
Saved column 52/1200 (ΔCa=-48.298582) with 250/1200 successful points in 64.87 s
Saved column 247/1200 (ΔCa=-41.793161) with 735/1200 successful points in 75.20 s
Saved column 451/1200 (ΔCa=-34.987490) with 769/1200 successful points in 77.96 s
Saved column 1046/1200 (ΔCa=-15.137615) with 908/1200 successful points in 87.40 s
Saved column 847/1200 (ΔCa=-21.776480) with 864/1200 successful points in 85.69 s
Saved column 648/1200 (ΔCa=-28.415346) with 818/1200 successful points in 82.92 s
Saved column 53/1200 (ΔCa=-48.265221) with 248/1200 successful points in 84.82 s
Saved column 248/1200 (ΔCa=-41.759800) with 739/1200 successful points in 75.33 s
Saved column 452/1200 (ΔCa=-34.954128) with 774/1200 successful points in 78.58 s
Saved column 1047/1200 (ΔCa=-15.104254) with 908/1200 successful points in 87.37 s
Saved column 649/1200 (ΔCa=-28.381985) with 821/1200 successful points in 83.13 s
Saved column 848/1200 (ΔCa=-21.743119) with 864/1200 successful points in 85.66 s
Saved column 54/1200 (ΔCa=-48.231860) with 249/1200 successful points in 85.55 s
Saved column 249/1200 (ΔCa=-41.726439) with 738/1200 successful points in 75.69 s
Saved column 453/1200 (ΔCa=-34.920767) with 777/1200 successful points in 78.76 s
Saved column 650/1200 (ΔCa=-28.348624) with 819/1200 successful points in 82.71 s
Saved column 1048/1200 (ΔCa=-15.070892) with 908/1200 successful points in 87.39 s
Saved column 849/1200 (ΔCa=-21.709758) with 864/1200 successful points in 85.60 s
Saved column 55/1200 (ΔCa=-48.198499) with 251/1200 successful points in 82.58 s
Saved column 250/1200 (ΔCa=-41.693078) with 736/1200 successful points in 76.90 s
Saved column 454/1200 (ΔCa=-34.887406) with 767/1200 successful points in 79.94 s
Saved column 651/1200 (ΔCa=-28.315263) with 818/1200 successful points in 84.05 s
Saved column 850/1200 (ΔCa=-21.676397) with 864/1200 successful points in 86.67 s
Saved column 1049/1200 (ΔCa=-15.037531) with 908/1200 successful points in 88.17 s
Saved column 56/1200 (ΔCa=-48.165138) with 257/1200 successful points in 66.34 s
Saved column 251/1200 (ΔCa=-41.659716) with 760/1200 successful points in 75.77 s
Saved column 455/1200 (ΔCa=-34.854045) with 779/1200 successful points in 79.15 s
Saved column 652/1200 (ΔCa=-28.281902) with 818/1200 successful points in 84.86 s
Saved column 851/1200 (ΔCa=-21.643036) with 863/1200 successful points in 87.95 s
Saved column 1050/1200 (ΔCa=-15.004170) with 908/1200 successful points in 89.25 s
Saved column 57/1200 (ΔCa=-48.131776) with 254/1200 successful points in 88.15 s
Saved column 252/1200 (ΔCa=-41.626355) with 739/1200 successful points in 78.83 s
Saved column 456/1200 (ΔCa=-34.820684) with 769/1200 successful points in 82.28 s
Saved column 653/1200 (ΔCa=-28.248540) with 824/1200 successful points in 85.02 s
Saved column 852/1200 (ΔCa=-21.609675) with 862/1200 successful points in 87.87 s
Saved column 1051/1200 (ΔCa=-14.970809) with 914/1200 successful points in 89.38 s
Saved column 58/1200 (ΔCa=-48.098415) with 257/1200 successful points in 88.55 s
Saved column 253/1200 (ΔCa=-41.592994) with 733/1200 successful points in 77.56 s
Saved column 457/1200 (ΔCa=-34.787323) with 771/1200 successful points in 80.87 s
Saved column 654/1200 (ΔCa=-28.215179) with 819/1200 successful points in 84.57 s
Saved column 59/1200 (ΔCa=-48.065054) with 264/1200 successful points in 67.03 s
Saved column 853/1200 (ΔCa=-21.576314) with 863/1200 successful points in 87.36 s
Saved column 254/1200 (ΔCa=-41.559633) with 734/1200 successful points in 75.63 s
Saved column 1052/1200 (ΔCa=-14.937448) with 912/1200 successful points in 88.33 s
Saved column 458/1200 (ΔCa=-34.753962) with 771/1200 successful points in 78.40 s
Saved column 60/1200 (ΔCa=-48.031693) with 266/1200 successful points in 65.75 s
Saved column 655/1200 (ΔCa=-28.181818) with 819/1200 successful points in 82.79 s
Saved column 255/1200 (ΔCa=-41.526272) with 733/1200 successful points in 74.91 s
Saved column 854/1200 (ΔCa=-21.542952) with 864/1200 successful points in 85.53 s
Saved column 1053/1200 (ΔCa=-14.904087) with 907/1200 successful points in 87.60 s
Saved column 459/1200 (ΔCa=-34.720601) with 777/1200 successful points in 80.01 s
Saved column 61/1200 (ΔCa=-47.998332) with 263/1200 successful points in 88.18 s
Saved column 656/1200 (ΔCa=-28.148457) with 824/1200 successful points in 85.42 s
Saved column 256/1200 (ΔCa=-41.492911) with 735/1200 successful points in 78.04 s
Saved column 855/1200 (ΔCa=-21.509591) with 868/1200 successful points in 89.25 s
Saved column 1054/1200 (ΔCa=-14.870726) with 912/1200 successful points in 90.91 s
Saved column 460/1200 (ΔCa=-34.687239) with 771/1200 successful points in 82.04 s
Saved column 62/1200 (ΔCa=-47.964971) with 269/1200 successful points in 69.02 s
Saved column 257/1200 (ΔCa=-41.459550) with 734/1200 successful points in 77.08 s
Saved column 657/1200 (ΔCa=-28.115096) with 825/1200 successful points in 85.35 s
Saved column 856/1200 (ΔCa=-21.476230) with 866/1200 successful points in 87.52 s
Saved column 461/1200 (ΔCa=-34.653878) with 777/1200 successful points in 80.36 s
Saved column 1055/1200 (ΔCa=-14.837364) with 913/1200 successful points in 88.68 s
Saved column 63/1200 (ΔCa=-47.931610) with 266/1200 successful points in 87.61 s
Saved column 258/1200 (ΔCa=-41.426188) with 734/1200 successful points in 76.35 s
Saved column 658/1200 (ΔCa=-28.081735) with 824/1200 successful points in 84.11 s
Saved column 857/1200 (ΔCa=-21.442869) with 864/1200 successful points in 86.90 s
Saved column 462/1200 (ΔCa=-34.620517) with 768/1200 successful points in 79.48 s
Saved column 1056/1200 (ΔCa=-14.804003) with 912/1200 successful points in 87.96 s
Saved column 64/1200 (ΔCa=-47.898249) with 269/1200 successful points in 87.77 s
Saved column 259/1200 (ΔCa=-41.392827) with 745/1200 successful points in 80.46 s
Saved column 659/1200 (ΔCa=-28.048374) with 820/1200 successful points in 82.74 s
Saved column 463/1200 (ΔCa=-34.587156) with 773/1200 successful points in 78.37 s
Saved column 858/1200 (ΔCa=-21.409508) with 868/1200 successful points in 85.56 s
Saved column 1057/1200 (ΔCa=-14.770642) with 912/1200 successful points in 87.17 s
Saved column 260/1200 (ΔCa=-41.359466) with 737/1200 successful points in 75.81 s
Saved column 65/1200 (ΔCa=-47.864887) with 271/1200 successful points in 88.23 s
Saved column 660/1200 (ΔCa=-28.015013) with 820/1200 successful points in 83.32 s
Saved column 464/1200 (ΔCa=-34.553795) with 772/1200 successful points in 79.21 s
Saved column 859/1200 (ΔCa=-21.376147) with 866/1200 successful points in 86.91 s
Saved column 1058/1200 (ΔCa=-14.737281) with 913/1200 successful points in 88.37 s
Saved column 261/1200 (ΔCa=-41.326105) with 727/1200 successful points in 75.22 s
Saved column 66/1200 (ΔCa=-47.831526) with 278/1200 successful points in 68.06 s
Saved column 661/1200 (ΔCa=-27.981651) with 825/1200 successful points in 81.99 s
Saved column 465/1200 (ΔCa=-34.520434) with 769/1200 successful points in 77.88 s
Saved column 860/1200 (ΔCa=-21.342786) with 866/1200 successful points in 84.56 s
Saved column 67/1200 (ΔCa=-47.798165) with 280/1200 successful points in 66.12 s
Saved column 262/1200 (ΔCa=-41.292744) with 744/1200 successful points in 73.93 s
Saved column 1059/1200 (ΔCa=-14.703920) with 907/1200 successful points in 86.15 s
Saved column 662/1200 (ΔCa=-27.948290) with 825/1200 successful points in 81.74 s
Saved column 466/1200 (ΔCa=-34.487073) with 774/1200 successful points in 77.70 s
Saved column 263/1200 (ΔCa=-41.259383) with 728/1200 successful points in 73.97 s
Saved column 861/1200 (ΔCa=-21.309425) with 866/1200 successful points in 85.77 s
Saved column 68/1200 (ΔCa=-47.764804) with 276/1200 successful points in 86.87 s
Saved column 1060/1200 (ΔCa=-14.670559) with 914/1200 successful points in 86.77 s
Saved column 663/1200 (ΔCa=-27.914929) with 821/1200 successful points in 82.52 s
Saved column 467/1200 (ΔCa=-34.453711) with 772/1200 successful points in 78.67 s
Saved column 264/1200 (ΔCa=-41.226022) with 729/1200 successful points in 75.20 s
Saved column 862/1200 (ΔCa=-21.276063) with 866/1200 successful points in 85.93 s
Saved column 69/1200 (ΔCa=-47.731443) with 279/1200 successful points in 88.09 s
Saved column 1061/1200 (ΔCa=-14.637198) with 914/1200 successful points in 86.38 s
Saved column 664/1200 (ΔCa=-27.881568) with 821/1200 successful points in 81.85 s
Saved column 468/1200 (ΔCa=-34.420350) with 771/1200 successful points in 78.37 s
Saved column 265/1200 (ΔCa=-41.192661) with 728/1200 successful points in 74.56 s
Saved column 70/1200 (ΔCa=-47.698082) with 286/1200 successful points in 67.94 s
Saved column 863/1200 (ΔCa=-21.242702) with 866/1200 successful points in 85.94 s
Saved column 1062/1200 (ΔCa=-14.603837) with 912/1200 successful points in 87.09 s
Saved column 665/1200 (ΔCa=-27.848207) with 821/1200 successful points in 81.70 s
Saved column 469/1200 (ΔCa=-34.386989) with 780/1200 successful points in 78.88 s
Saved column 266/1200 (ΔCa=-41.159299) with 729/1200 successful points in 74.73 s
Saved column 71/1200 (ΔCa=-47.664721) with 288/1200 successful points in 67.57 s
Saved column 864/1200 (ΔCa=-21.209341) with 866/1200 successful points in 84.47 s
Saved column 1063/1200 (ΔCa=-14.570475) with 913/1200 successful points in 86.03 s
Saved column 470/1200 (ΔCa=-34.353628) with 774/1200 successful points in 78.32 s
Saved column 666/1200 (ΔCa=-27.814846) with 821/1200 successful points in 81.53 s
Saved column 267/1200 (ΔCa=-41.125938) with 721/1200 successful points in 74.24 s
Saved column 72/1200 (ΔCa=-47.631359) with 290/1200 successful points in 67.82 s
Saved column 865/1200 (ΔCa=-21.175980) with 865/1200 successful points in 85.55 s
Saved column 1064/1200 (ΔCa=-14.537114) with 911/1200 successful points in 86.98 s
Saved column 471/1200 (ΔCa=-34.320267) with 775/1200 successful points in 78.07 s
Saved column 667/1200 (ΔCa=-27.781485) with 822/1200 successful points in 81.11 s
Saved column 268/1200 (ΔCa=-41.092577) with 741/1200 successful points in 73.94 s
Saved column 73/1200 (ΔCa=-47.597998) with 287/1200 successful points in 86.99 s
Saved column 866/1200 (ΔCa=-21.142619) with 870/1200 successful points in 84.52 s
Saved column 472/1200 (ΔCa=-34.286906) with 772/1200 successful points in 78.01 s
Saved column 269/1200 (ΔCa=-41.059216) with 754/1200 successful points in 76.62 s
Saved column 668/1200 (ΔCa=-27.748123) with 827/1200 successful points in 80.83 s
Saved column 1065/1200 (ΔCa=-14.503753) with 913/1200 successful points in 86.17 s
Saved column 74/1200 (ΔCa=-47.564637) with 289/1200 successful points in 87.06 s
Saved column 867/1200 (ΔCa=-21.109258) with 870/1200 successful points in 86.04 s
Saved column 473/1200 (ΔCa=-34.253545) with 776/1200 successful points in 79.29 s
Saved column 270/1200 (ΔCa=-41.025855) with 757/1200 successful points in 78.34 s
Saved column 669/1200 (ΔCa=-27.714762) with 827/1200 successful points in 81.80 s
Saved column 1066/1200 (ΔCa=-14.470392) with 912/1200 successful points in 87.33 s
Saved column 75/1200 (ΔCa=-47.531276) with 297/1200 successful points in 68.57 s
Saved column 868/1200 (ΔCa=-21.075897) with 870/1200 successful points in 84.92 s
Saved column 474/1200 (ΔCa=-34.220183) with 777/1200 successful points in 78.41 s
Saved column 271/1200 (ΔCa=-40.992494) with 757/1200 successful points in 78.31 s
Saved column 670/1200 (ΔCa=-27.681401) with 827/1200 successful points in 80.88 s
Saved column 1067/1200 (ΔCa=-14.437031) with 911/1200 successful points in 86.37 s
Saved column 76/1200 (ΔCa=-47.497915) with 293/1200 successful points in 86.90 s
Saved column 475/1200 (ΔCa=-34.186822) with 771/1200 successful points in 79.08 s
Saved column 272/1200 (ΔCa=-40.959133) with 754/1200 successful points in 78.26 s
Saved column 869/1200 (ΔCa=-21.042535) with 868/1200 successful points in 86.29 s
Saved column 671/1200 (ΔCa=-27.648040) with 827/1200 successful points in 81.97 s
Saved column 1068/1200 (ΔCa=-14.403670) with 908/1200 successful points in 87.96 s
Saved column 77/1200 (ΔCa=-47.464554) with 296/1200 successful points in 88.69 s
Saved column 476/1200 (ΔCa=-34.153461) with 786/1200 successful points in 79.76 s
Saved column 273/1200 (ΔCa=-40.925771) with 754/1200 successful points in 78.52 s
Saved column 870/1200 (ΔCa=-21.009174) with 868/1200 successful points in 85.81 s
Saved column 672/1200 (ΔCa=-27.614679) with 828/1200 successful points in 81.75 s
Saved column 1069/1200 (ΔCa=-14.370309) with 913/1200 successful points in 87.65 s
Saved column 78/1200 (ΔCa=-47.431193) with 297/1200 successful points in 88.42 s
Saved column 274/1200 (ΔCa=-40.892410) with 754/1200 successful points in 79.58 s
Saved column 477/1200 (ΔCa=-34.120100) with 782/1200 successful points in 80.53 s
Saved column 871/1200 (ΔCa=-20.975813) with 869/1200 successful points in 86.62 s
Saved column 673/1200 (ΔCa=-27.581318) with 823/1200 successful points in 82.43 s
Saved column 79/1200 (ΔCa=-47.397832) with 305/1200 successful points in 69.28 s
Saved column 1070/1200 (ΔCa=-14.336947) with 910/1200 successful points in 87.47 s
Saved column 275/1200 (ΔCa=-40.859049) with 751/1200 successful points in 82.17 s
Saved column 478/1200 (ΔCa=-34.086739) with 777/1200 successful points in 82.53 s
Saved column 674/1200 (ΔCa=-27.547957) with 829/1200 successful points in 85.57 s
Saved column 872/1200 (ΔCa=-20.942452) with 869/1200 successful points in 89.80 s
Saved column 80/1200 (ΔCa=-47.364470) with 301/1200 successful points in 92.47 s
Saved column 1071/1200 (ΔCa=-14.303586) with 909/1200 successful points in 91.30 s
Saved column 276/1200 (ΔCa=-40.825688) with 751/1200 successful points in 78.97 s
Saved column 479/1200 (ΔCa=-34.053378) with 786/1200 successful points in 80.15 s
Saved column 675/1200 (ΔCa=-27.514595) with 823/1200 successful points in 81.91 s
Saved column 873/1200 (ΔCa=-20.909091) with 867/1200 successful points in 86.02 s
Saved column 81/1200 (ΔCa=-47.331109) with 303/1200 successful points in 88.42 s
Saved column 1072/1200 (ΔCa=-14.270225) with 914/1200 successful points in 87.38 s
Saved column 277/1200 (ΔCa=-40.792327) with 734/1200 successful points in 74.54 s
Saved column 480/1200 (ΔCa=-34.020017) with 776/1200 successful points in 79.27 s
Saved column 676/1200 (ΔCa=-27.481234) with 828/1200 successful points in 82.21 s
Saved column 874/1200 (ΔCa=-20.875730) with 868/1200 successful points in 85.76 s
Saved column 82/1200 (ΔCa=-47.297748) with 312/1200 successful points in 69.32 s
Saved column 278/1200 (ΔCa=-40.758966) with 730/1200 successful points in 74.46 s
Saved column 1073/1200 (ΔCa=-14.236864) with 915/1200 successful points in 86.74 s
Saved column 481/1200 (ΔCa=-33.986656) with 777/1200 successful points in 77.99 s
Saved column 677/1200 (ΔCa=-27.447873) with 828/1200 successful points in 80.77 s
Saved column 875/1200 (ΔCa=-20.842369) with 867/1200 successful points in 84.73 s
Saved column 83/1200 (ΔCa=-47.264387) with 308/1200 successful points in 87.60 s
Saved column 279/1200 (ΔCa=-40.725605) with 730/1200 successful points in 74.09 s
Saved column 482/1200 (ΔCa=-33.953294) with 785/1200 successful points in 79.03 s
Saved column 1074/1200 (ΔCa=-14.203503) with 910/1200 successful points in 86.97 s
Saved column 678/1200 (ΔCa=-27.414512) with 828/1200 successful points in 80.98 s
Saved column 876/1200 (ΔCa=-20.809008) with 872/1200 successful points in 85.13 s
Saved column 84/1200 (ΔCa=-47.231026) with 310/1200 successful points in 87.62 s
Saved column 280/1200 (ΔCa=-40.692244) with 741/1200 successful points in 77.93 s
Saved column 483/1200 (ΔCa=-33.919933) with 778/1200 successful points in 78.22 s
Saved column 1075/1200 (ΔCa=-14.170142) with 915/1200 successful points in 85.83 s
Saved column 679/1200 (ΔCa=-27.381151) with 824/1200 successful points in 80.96 s
Saved column 85/1200 (ΔCa=-47.197665) with 318/1200 successful points in 70.02 s
Saved column 877/1200 (ΔCa=-20.775646) with 867/1200 successful points in 85.73 s
Saved column 281/1200 (ΔCa=-40.658882) with 743/1200 successful points in 78.50 s
Saved column 484/1200 (ΔCa=-33.886572) with 779/1200 successful points in 79.40 s
Saved column 1076/1200 (ΔCa=-14.136781) with 915/1200 successful points in 88.08 s
Saved column 680/1200 (ΔCa=-27.347790) with 830/1200 successful points in 82.86 s
Saved column 86/1200 (ΔCa=-47.164304) with 313/1200 successful points in 89.37 s
Saved column 282/1200 (ΔCa=-40.625521) with 750/1200 successful points in 79.18 s
Saved column 878/1200 (ΔCa=-20.742285) with 867/1200 successful points in 86.58 s
Saved column 485/1200 (ΔCa=-33.853211) with 777/1200 successful points in 78.99 s
Saved column 1077/1200 (ΔCa=-14.103420) with 914/1200 successful points in 87.15 s
Saved column 681/1200 (ΔCa=-27.314429) with 830/1200 successful points in 81.12 s
Saved column 283/1200 (ΔCa=-40.592160) with 743/1200 successful points in 78.00 s
Saved column 879/1200 (ΔCa=-20.708924) with 872/1200 successful points in 85.29 s
Saved column 87/1200 (ΔCa=-47.130942) with 316/1200 successful points in 88.68 s
Saved column 486/1200 (ΔCa=-33.819850) with 780/1200 successful points in 78.87 s
Saved column 1078/1200 (ΔCa=-14.070058) with 914/1200 successful points in 87.39 s
Saved column 682/1200 (ΔCa=-27.281068) with 829/1200 successful points in 81.93 s
Saved column 284/1200 (ΔCa=-40.558799) with 739/1200 successful points in 78.84 s
Saved column 88/1200 (ΔCa=-47.097581) with 325/1200 successful points in 71.24 s
Saved column 880/1200 (ΔCa=-20.675563) with 871/1200 successful points in 86.40 s
Saved column 487/1200 (ΔCa=-33.786489) with 786/1200 successful points in 80.19 s
Saved column 1079/1200 (ΔCa=-14.036697) with 916/1200 successful points in 86.48 s
Saved column 683/1200 (ΔCa=-27.247706) with 830/1200 successful points in 81.43 s
Saved column 285/1200 (ΔCa=-40.525438) with 747/1200 successful points in 77.30 s
Saved column 89/1200 (ΔCa=-47.064220) with 320/1200 successful points in 87.82 s
Saved column 488/1200 (ΔCa=-33.753128) with 781/1200 successful points in 78.35 s
Saved column 881/1200 (ΔCa=-20.642202) with 871/1200 successful points in 84.92 s
Saved column 684/1200 (ΔCa=-27.214345) with 830/1200 successful points in 80.85 s
Saved column 1080/1200 (ΔCa=-14.003336) with 914/1200 successful points in 86.43 s
Saved column 286/1200 (ΔCa=-40.492077) with 743/1200 successful points in 77.21 s
Saved column 489/1200 (ΔCa=-33.719766) with 778/1200 successful points in 78.61 s
Saved column 90/1200 (ΔCa=-47.030859) with 323/1200 successful points in 88.73 s
Saved column 882/1200 (ΔCa=-20.608841) with 872/1200 successful points in 84.88 s
Saved column 685/1200 (ΔCa=-27.180984) with 829/1200 successful points in 81.26 s
Saved column 1081/1200 (ΔCa=-13.969975) with 913/1200 successful points in 86.86 s
Saved column 287/1200 (ΔCa=-40.458716) with 742/1200 successful points in 77.11 s
Saved column 91/1200 (ΔCa=-46.997498) with 331/1200 successful points in 70.78 s
Saved column 490/1200 (ΔCa=-33.686405) with 777/1200 successful points in 79.31 s
Saved column 883/1200 (ΔCa=-20.575480) with 872/1200 successful points in 86.35 s
Saved column 686/1200 (ΔCa=-27.147623) with 829/1200 successful points in 83.38 s
Saved column 288/1200 (ΔCa=-40.425354) with 741/1200 successful points in 77.96 s
Saved column 1082/1200 (ΔCa=-13.936614) with 916/1200 successful points in 88.51 s
Saved column 491/1200 (ΔCa=-33.653044) with 779/1200 successful points in 79.63 s
Saved column 92/1200 (ΔCa=-46.964137) with 327/1200 successful points in 89.61 s
Saved column 884/1200 (ΔCa=-20.542118) with 870/1200 successful points in 86.06 s
Saved column 289/1200 (ΔCa=-40.391993) with 749/1200 successful points in 76.30 s
Saved column 687/1200 (ΔCa=-27.114262) with 828/1200 successful points in 80.65 s
Saved column 1083/1200 (ΔCa=-13.903253) with 915/1200 successful points in 86.40 s
Saved column 492/1200 (ΔCa=-33.619683) with 779/1200 successful points in 78.63 s
Saved column 93/1200 (ΔCa=-46.930776) with 329/1200 successful points in 88.10 s
Saved column 885/1200 (ΔCa=-20.508757) with 870/1200 successful points in 84.84 s
Saved column 290/1200 (ΔCa=-40.358632) with 749/1200 successful points in 76.31 s
Saved column 688/1200 (ΔCa=-27.080901) with 828/1200 successful points in 81.70 s
Saved column 493/1200 (ΔCa=-33.586322) with 778/1200 successful points in 79.13 s
Saved column 1084/1200 (ΔCa=-13.869892) with 915/1200 successful points in 87.17 s
Saved column 94/1200 (ΔCa=-46.897415) with 338/1200 successful points in 71.76 s
Saved column 886/1200 (ΔCa=-20.475396) with 870/1200 successful points in 86.37 s
Saved column 291/1200 (ΔCa=-40.325271) with 758/1200 successful points in 78.24 s
Saved column 689/1200 (ΔCa=-27.047540) with 832/1200 successful points in 82.58 s
Saved column 494/1200 (ΔCa=-33.552961) with 781/1200 successful points in 79.18 s
Saved column 1085/1200 (ΔCa=-13.836530) with 917/1200 successful points in 87.76 s
Saved column 95/1200 (ΔCa=-46.864053) with 333/1200 successful points in 89.14 s
Saved column 887/1200 (ΔCa=-20.442035) with 875/1200 successful points in 85.33 s
Saved column 292/1200 (ΔCa=-40.291910) with 769/1200 successful points in 75.61 s
Saved column 690/1200 (ΔCa=-27.014178) with 828/1200 successful points in 80.77 s
Saved column 495/1200 (ΔCa=-33.519600) with 790/1200 successful points in 78.89 s
Saved column 1086/1200 (ΔCa=-13.803169) with 914/1200 successful points in 85.74 s
Saved column 96/1200 (ΔCa=-46.830692) with 336/1200 successful points in 87.92 s
Saved column 293/1200 (ΔCa=-40.258549) with 765/1200 successful points in 75.85 s
Saved column 888/1200 (ΔCa=-20.408674) with 870/1200 successful points in 84.80 s
Saved column 691/1200 (ΔCa=-26.980817) with 826/1200 successful points in 81.09 s
Saved column 496/1200 (ΔCa=-33.486239) with 781/1200 successful points in 77.98 s
Saved column 97/1200 (ΔCa=-46.797331) with 345/1200 successful points in 71.05 s
Saved column 1087/1200 (ΔCa=-13.769808) with 918/1200 successful points in 86.40 s
Saved column 294/1200 (ΔCa=-40.225188) with 780/1200 successful points in 75.75 s
Saved column 889/1200 (ΔCa=-20.375313) with 870/1200 successful points in 84.92 s
Saved column 692/1200 (ΔCa=-26.947456) with 833/1200 successful points in 81.63 s
Saved column 497/1200 (ΔCa=-33.452877) with 783/1200 successful points in 78.75 s
Saved column 98/1200 (ΔCa=-46.763970) with 347/1200 successful points in 71.88 s
Saved column 1088/1200 (ΔCa=-13.736447) with 914/1200 successful points in 86.80 s
Saved column 295/1200 (ΔCa=-40.191827) with 765/1200 successful points in 74.29 s
Saved column 890/1200 (ΔCa=-20.341952) with 875/1200 successful points in 86.45 s
Saved column 693/1200 (ΔCa=-26.914095) with 832/1200 successful points in 82.27 s
Saved column 498/1200 (ΔCa=-33.419516) with 782/1200 successful points in 79.21 s
Saved column 99/1200 (ΔCa=-46.730609) with 343/1200 successful points in 88.61 s
Saved column 296/1200 (ΔCa=-40.158465) with 777/1200 successful points in 74.26 s
Saved column 1089/1200 (ΔCa=-13.703086) with 915/1200 successful points in 87.16 s
Saved column 891/1200 (ΔCa=-20.308590) with 874/1200 successful points in 84.76 s
Saved column 694/1200 (ΔCa=-26.880734) with 832/1200 successful points in 81.03 s
Saved column 499/1200 (ΔCa=-33.386155) with 780/1200 successful points in 78.15 s
Saved column 100/1200 (ΔCa=-46.697248) with 352/1200 successful points in 71.17 s
Saved column 297/1200 (ΔCa=-40.125104) with 786/1200 successful points in 74.89 s
Saved column 1090/1200 (ΔCa=-13.669725) with 919/1200 successful points in 85.60 s
Saved column 695/1200 (ΔCa=-26.847373) with 832/1200 successful points in 80.73 s
Saved column 892/1200 (ΔCa=-20.275229) with 876/1200 successful points in 84.96 s
Saved column 500/1200 (ΔCa=-33.352794) with 783/1200 successful points in 78.28 s
Saved column 101/1200 (ΔCa=-46.663887) with 354/1200 successful points in 70.16 s
Saved column 298/1200 (ΔCa=-40.091743) with 762/1200 successful points in 73.17 s
Saved column 1091/1200 (ΔCa=-13.636364) with 918/1200 successful points in 88.47 s
Saved column 501/1200 (ΔCa=-33.319433) with 783/1200 successful points in 81.26 s
Saved column 696/1200 (ΔCa=-26.814012) with 832/1200 successful points in 83.94 s
Saved column 893/1200 (ΔCa=-20.241868) with 875/1200 successful points in 87.51 s
Saved column 102/1200 (ΔCa=-46.630525) with 350/1200 successful points in 91.31 s
Saved column 299/1200 (ΔCa=-40.058382) with 796/1200 successful points in 77.18 s
Saved column 1092/1200 (ΔCa=-13.603003) with 919/1200 successful points in 88.33 s
Saved column 502/1200 (ΔCa=-33.286072) with 782/1200 successful points in 80.75 s
Saved column 697/1200 (ΔCa=-26.780651) with 832/1200 successful points in 83.64 s
Saved column 103/1200 (ΔCa=-46.597164) with 359/1200 successful points in 73.83 s
Saved column 894/1200 (ΔCa=-20.208507) with 875/1200 successful points in 87.29 s
Saved column 300/1200 (ΔCa=-40.025021) with 753/1200 successful points in 75.02 s
Saved column 1093/1200 (ΔCa=-13.569641) with 918/1200 successful points in 89.28 s
Saved column 503/1200 (ΔCa=-33.252711) with 784/1200 successful points in 80.97 s
Saved column 698/1200 (ΔCa=-26.747289) with 833/1200 successful points in 83.98 s
Saved column 301/1200 (ΔCa=-39.991660) with 785/1200 successful points in 77.14 s
Saved column 895/1200 (ΔCa=-20.175146) with 874/1200 successful points in 87.68 s
Saved column 104/1200 (ΔCa=-46.563803) with 355/1200 successful points in 91.18 s
Saved column 504/1200 (ΔCa=-33.219349) with 784/1200 successful points in 79.78 s
Saved column 1094/1200 (ΔCa=-13.536280) with 919/1200 successful points in 87.91 s
Saved column 302/1200 (ΔCa=-39.958299) with 771/1200 successful points in 74.70 s
Saved column 699/1200 (ΔCa=-26.713928) with 833/1200 successful points in 82.80 s
Saved column 896/1200 (ΔCa=-20.141785) with 872/1200 successful points in 86.05 s
Saved column 105/1200 (ΔCa=-46.530442) with 356/1200 successful points in 89.83 s
Saved column 303/1200 (ΔCa=-39.924937) with 781/1200 successful points in 74.90 s
Saved column 505/1200 (ΔCa=-33.185988) with 780/1200 successful points in 80.00 s
Saved column 1095/1200 (ΔCa=-13.502919) with 919/1200 successful points in 87.64 s
Saved column 700/1200 (ΔCa=-26.680567) with 832/1200 successful points in 82.78 s
Saved column 106/1200 (ΔCa=-46.497081) with 365/1200 successful points in 72.57 s
Saved column 897/1200 (ΔCa=-20.108424) with 872/1200 successful points in 86.02 s
Saved column 304/1200 (ΔCa=-39.891576) with 789/1200 successful points in 74.92 s
Saved column 506/1200 (ΔCa=-33.152627) with 784/1200 successful points in 78.80 s
Saved column 107/1200 (ΔCa=-46.463720) with 367/1200 successful points in 71.56 s
Saved column 701/1200 (ΔCa=-26.647206) with 832/1200 successful points in 81.81 s
Saved column 1096/1200 (ΔCa=-13.469558) with 918/1200 successful points in 86.68 s
Saved column 898/1200 (ΔCa=-20.075063) with 873/1200 successful points in 84.68 s
Saved column 305/1200 (ΔCa=-39.858215) with 748/1200 successful points in 73.80 s
Saved column 507/1200 (ΔCa=-33.119266) with 786/1200 successful points in 80.23 s
Saved column 702/1200 (ΔCa=-26.613845) with 832/1200 successful points in 83.26 s
Saved column 108/1200 (ΔCa=-46.430359) with 362/1200 successful points in 90.27 s
Saved column 1097/1200 (ΔCa=-13.436197) with 919/1200 successful points in 87.98 s
Saved column 899/1200 (ΔCa=-20.041701) with 872/1200 successful points in 86.00 s
Saved column 306/1200 (ΔCa=-39.824854) with 748/1200 successful points in 73.86 s
Saved column 508/1200 (ΔCa=-33.085905) with 785/1200 successful points in 78.83 s
Saved column 703/1200 (ΔCa=-26.580484) with 831/1200 successful points in 81.49 s
Saved column 1098/1200 (ΔCa=-13.402836) with 917/1200 successful points in 86.02 s
Saved column 109/1200 (ΔCa=-46.396997) with 365/1200 successful points in 88.36 s
Saved column 900/1200 (ΔCa=-20.008340) with 874/1200 successful points in 84.58 s
Saved column 307/1200 (ΔCa=-39.791493) with 744/1200 successful points in 72.65 s
Saved column 509/1200 (ΔCa=-33.052544) with 785/1200 successful points in 78.44 s
Saved column 704/1200 (ΔCa=-26.547123) with 831/1200 successful points in 82.14 s
Saved column 1099/1200 (ΔCa=-13.369475) with 918/1200 successful points in 86.70 s
Saved column 110/1200 (ΔCa=-46.363636) with 366/1200 successful points in 89.13 s
Saved column 308/1200 (ΔCa=-39.758132) with 747/1200 successful points in 73.08 s
Saved column 901/1200 (ΔCa=-19.974979) with 877/1200 successful points in 85.42 s
Saved column 510/1200 (ΔCa=-33.019183) with 786/1200 successful points in 78.40 s
Saved column 705/1200 (ΔCa=-26.513761) with 833/1200 successful points in 81.19 s
Saved column 309/1200 (ΔCa=-39.724771) with 748/1200 successful points in 71.64 s
Saved column 1100/1200 (ΔCa=-13.336113) with 916/1200 successful points in 86.05 s
Saved column 111/1200 (ΔCa=-46.330275) with 373/1200 successful points in 85.54 s
Saved column 902/1200 (ΔCa=-19.941618) with 876/1200 successful points in 84.21 s
Saved column 511/1200 (ΔCa=-32.985822) with 786/1200 successful points in 77.76 s
Saved column 706/1200 (ΔCa=-26.480400) with 832/1200 successful points in 80.99 s
Saved column 310/1200 (ΔCa=-39.691410) with 734/1200 successful points in 72.49 s
Saved column 112/1200 (ΔCa=-46.296914) with 378/1200 successful points in 71.73 s
Saved column 1101/1200 (ΔCa=-13.302752) with 917/1200 successful points in 86.07 s
Saved column 903/1200 (ΔCa=-19.908257) with 876/1200 successful points in 84.61 s
Saved column 512/1200 (ΔCa=-32.952460) with 787/1200 successful points in 78.10 s
Saved column 311/1200 (ΔCa=-39.658048) with 748/1200 successful points in 72.77 s
Saved column 707/1200 (ΔCa=-26.447039) with 832/1200 successful points in 82.18 s
Saved column 113/1200 (ΔCa=-46.263553) with 377/1200 successful points in 85.76 s
Saved column 1102/1200 (ΔCa=-13.269391) with 920/1200 successful points in 86.52 s
Saved column 904/1200 (ΔCa=-19.874896) with 875/1200 successful points in 85.56 s
Saved column 513/1200 (ΔCa=-32.919099) with 788/1200 successful points in 78.77 s
Saved column 312/1200 (ΔCa=-39.624687) with 773/1200 successful points in 75.34 s
Saved column 708/1200 (ΔCa=-26.413678) with 833/1200 successful points in 82.45 s
Saved column 114/1200 (ΔCa=-46.230192) with 382/1200 successful points in 72.62 s
Saved column 1103/1200 (ΔCa=-13.236030) with 920/1200 successful points in 86.44 s
Saved column 514/1200 (ΔCa=-32.885738) with 787/1200 successful points in 77.99 s
Saved column 905/1200 (ΔCa=-19.841535) with 875/1200 successful points in 85.09 s
Saved column 313/1200 (ΔCa=-39.591326) with 748/1200 successful points in 72.75 s
Saved column 115/1200 (ΔCa=-46.196831) with 385/1200 successful points in 73.07 s
Saved column 709/1200 (ΔCa=-26.380317) with 833/1200 successful points in 82.58 s
Saved column 515/1200 (ΔCa=-32.852377) with 788/1200 successful points in 78.09 s
Saved column 1104/1200 (ΔCa=-13.202669) with 915/1200 successful points in 86.84 s
Saved column 906/1200 (ΔCa=-19.808173) with 875/1200 successful points in 85.31 s
Saved column 314/1200 (ΔCa=-39.557965) with 733/1200 successful points in 73.16 s
Saved column 710/1200 (ΔCa=-26.346956) with 831/1200 successful points in 84.07 s
Saved column 116/1200 (ΔCa=-46.163470) with 379/1200 successful points in 91.01 s
Saved column 516/1200 (ΔCa=-32.819016) with 788/1200 successful points in 79.99 s
Saved column 1105/1200 (ΔCa=-13.169308) with 921/1200 successful points in 88.69 s
Saved column 315/1200 (ΔCa=-39.524604) with 733/1200 successful points in 74.75 s
Saved column 907/1200 (ΔCa=-19.774812) with 875/1200 successful points in 87.65 s
Saved column 117/1200 (ΔCa=-46.130108) with 389/1200 successful points in 73.81 s
Saved column 711/1200 (ΔCa=-26.313595) with 833/1200 successful points in 83.77 s
Saved column 517/1200 (ΔCa=-32.785655) with 787/1200 successful points in 78.96 s
Saved column 316/1200 (ΔCa=-39.491243) with 737/1200 successful points in 73.83 s
Saved column 1106/1200 (ΔCa=-13.135947) with 920/1200 successful points in 87.72 s
Saved column 908/1200 (ΔCa=-19.741451) with 875/1200 successful points in 86.81 s
Saved column 118/1200 (ΔCa=-46.096747) with 392/1200 successful points in 73.17 s
Saved column 712/1200 (ΔCa=-26.280234) with 832/1200 successful points in 83.16 s
Saved column 518/1200 (ΔCa=-32.752294) with 785/1200 successful points in 79.19 s
Saved column 317/1200 (ΔCa=-39.457882) with 749/1200 successful points in 74.03 s
Saved column 1107/1200 (ΔCa=-13.102585) with 922/1200 successful points in 88.68 s
Saved column 119/1200 (ΔCa=-46.063386) with 386/1200 successful points in 90.46 s
Saved column 713/1200 (ΔCa=-26.246872) with 832/1200 successful points in 83.97 s
┌ Warning: Interrupted. Larger maxiters is needed. If you are using an integrator for non-stiff ODEs or an automatic switching algorithm (the default), you may want to consider using a method for stiff equations. See the solver pages for more details (e.g. https://docs.sciml.ai/DiffEqDocs/stable/solvers/ode_solve/#Stiff-Problems).
└ @ SciMLBase ~/.julia/packages/SciMLBase/4MHGc/src/integrator_interface.jl:626
Saved column 909/1200 (ΔCa=-19.708090) with 875/1200 successful points in 130.56 s
Saved column 318/1200 (ΔCa=-39.424520) with 735/1200 successful points in 74.78 s
Saved column 519/1200 (ΔCa=-32.718932) with 788/1200 successful points in 80.01 s
Saved column 1108/1200 (ΔCa=-13.069224) with 920/1200 successful points in 87.11 s
Saved column 120/1200 (ΔCa=-46.030025) with 396/1200 successful points in 73.17 s
Saved column 714/1200 (ΔCa=-26.213511) with 832/1200 successful points in 82.92 s
Saved column 319/1200 (ΔCa=-39.391159) with 735/1200 successful points in 72.65 s
Saved column 520/1200 (ΔCa=-32.685571) with 785/1200 successful points in 78.01 s
Saved column 910/1200 (ΔCa=-19.674729) with 878/1200 successful points in 85.23 s
Saved column 121/1200 (ΔCa=-45.996664) with 399/1200 successful points in 71.46 s
Saved column 1109/1200 (ΔCa=-13.035863) with 920/1200 successful points in 86.94 s
Saved column 320/1200 (ΔCa=-39.357798) with 726/1200 successful points in 74.14 s
Saved column 715/1200 (ΔCa=-26.180150) with 832/1200 successful points in 83.74 s
Saved column 521/1200 (ΔCa=-32.652210) with 788/1200 successful points in 78.68 s
Saved column 911/1200 (ΔCa=-19.641368) with 874/1200 successful points in 86.96 s
Saved column 122/1200 (ΔCa=-45.963303) with 393/1200 successful points in 91.97 s
Saved column 1110/1200 (ΔCa=-13.002502) with 925/1200 successful points in 89.41 s
Saved column 321/1200 (ΔCa=-39.324437) with 748/1200 successful points in 74.90 s
Saved column 716/1200 (ΔCa=-26.146789) with 832/1200 successful points in 85.10 s
Saved column 522/1200 (ΔCa=-32.618849) with 790/1200 successful points in 79.94 s
Saved column 912/1200 (ΔCa=-19.608007) with 878/1200 successful points in 86.99 s
Saved column 123/1200 (ΔCa=-45.929942) with 403/1200 successful points in 74.44 s
Saved column 322/1200 (ΔCa=-39.291076) with 733/1200 successful points in 74.13 s
Saved column 1111/1200 (ΔCa=-12.969141) with 920/1200 successful points in 88.58 s
Saved column 523/1200 (ΔCa=-32.585488) with 789/1200 successful points in 78.83 s
Saved column 717/1200 (ΔCa=-26.113428) with 839/1200 successful points in 84.36 s
Saved column 913/1200 (ΔCa=-19.574646) with 878/1200 successful points in 88.55 s
Saved column 124/1200 (ΔCa=-45.896580) with 406/1200 successful points in 76.38 s
Saved column 323/1200 (ΔCa=-39.257715) with 728/1200 successful points in 77.28 s
Saved column 1112/1200 (ΔCa=-12.935780) with 920/1200 successful points in 90.98 s
Saved column 524/1200 (ΔCa=-32.552127) with 790/1200 successful points in 82.30 s
Saved column 718/1200 (ΔCa=-26.080067) with 837/1200 successful points in 87.41 s
Saved column 914/1200 (ΔCa=-19.541284) with 877/1200 successful points in 87.82 s
Saved column 324/1200 (ΔCa=-39.224354) with 740/1200 successful points in 74.56 s
Saved column 125/1200 (ΔCa=-45.863219) with 400/1200 successful points in 91.28 s
Saved column 525/1200 (ΔCa=-32.518766) with 789/1200 successful points in 78.71 s
Saved column 1113/1200 (ΔCa=-12.902419) with 925/1200 successful points in 88.05 s
Saved column 719/1200 (ΔCa=-26.046706) with 837/1200 successful points in 83.68 s
Saved column 915/1200 (ΔCa=-19.507923) with 877/1200 successful points in 85.84 s
Saved column 325/1200 (ΔCa=-39.190992) with 729/1200 successful points in 73.01 s
Saved column 126/1200 (ΔCa=-45.829858) with 403/1200 successful points in 88.96 s
Saved column 526/1200 (ΔCa=-32.485405) with 790/1200 successful points in 77.45 s
Saved column 1114/1200 (ΔCa=-12.869058) with 923/1200 successful points in 86.28 s
Saved column 720/1200 (ΔCa=-26.013344) with 837/1200 successful points in 81.45 s
Saved column 326/1200 (ΔCa=-39.157631) with 727/1200 successful points in 71.70 s
Saved column 916/1200 (ΔCa=-19.474562) with 876/1200 successful points in 83.89 s
Saved column 127/1200 (ΔCa=-45.796497) with 413/1200 successful points in 71.74 s
Saved column 527/1200 (ΔCa=-32.452043) with 791/1200 successful points in 75.66 s
Saved column 721/1200 (ΔCa=-25.979983) with 837/1200 successful points in 80.42 s
Saved column 1115/1200 (ΔCa=-12.835696) with 923/1200 successful points in 84.80 s
Saved column 327/1200 (ΔCa=-39.124270) with 741/1200 successful points in 71.13 s
Saved column 917/1200 (ΔCa=-19.441201) with 876/1200 successful points in 84.20 s
Saved column 128/1200 (ΔCa=-45.763136) with 407/1200 successful points in 88.22 s
Saved column 528/1200 (ΔCa=-32.418682) with 793/1200 successful points in 77.03 s
Saved column 722/1200 (ΔCa=-25.946622) with 837/1200 successful points in 82.17 s
Saved column 328/1200 (ΔCa=-39.090909) with 727/1200 successful points in 72.69 s
Saved column 1116/1200 (ΔCa=-12.802335) with 918/1200 successful points in 86.46 s
Saved column 918/1200 (ΔCa=-19.407840) with 876/1200 successful points in 83.57 s
Saved column 129/1200 (ΔCa=-45.729775) with 417/1200 successful points in 71.81 s
Saved column 529/1200 (ΔCa=-32.385321) with 791/1200 successful points in 76.00 s
Saved column 329/1200 (ΔCa=-39.057548) with 732/1200 successful points in 71.45 s
Saved column 723/1200 (ΔCa=-25.913261) with 838/1200 successful points in 81.45 s
Saved column 1117/1200 (ΔCa=-12.768974) with 925/1200 successful points in 85.84 s
Saved column 130/1200 (ΔCa=-45.696414) with 420/1200 successful points in 72.81 s
Saved column 919/1200 (ΔCa=-19.374479) with 876/1200 successful points in 84.80 s
Saved column 530/1200 (ΔCa=-32.351960) with 793/1200 successful points in 77.11 s
Saved column 330/1200 (ΔCa=-39.024187) with 728/1200 successful points in 72.17 s
Saved column 724/1200 (ΔCa=-25.879900) with 838/1200 successful points in 81.97 s
Saved column 1118/1200 (ΔCa=-12.735613) with 923/1200 successful points in 86.15 s
Saved column 131/1200 (ΔCa=-45.663053) with 422/1200 successful points in 72.55 s
Saved column 531/1200 (ΔCa=-32.318599) with 792/1200 successful points in 76.69 s
Saved column 920/1200 (ΔCa=-19.341118) with 875/1200 successful points in 84.43 s
Saved column 331/1200 (ΔCa=-38.990826) with 728/1200 successful points in 71.63 s
Saved column 725/1200 (ΔCa=-25.846539) with 838/1200 successful points in 82.07 s
Saved column 132/1200 (ΔCa=-45.629691) with 425/1200 successful points in 71.61 s
Saved column 1119/1200 (ΔCa=-12.702252) with 919/1200 successful points in 86.24 s
Saved column 532/1200 (ΔCa=-32.285238) with 794/1200 successful points in 76.63 s
Saved column 332/1200 (ΔCa=-38.957465) with 729/1200 successful points in 71.46 s
Saved column 921/1200 (ΔCa=-19.307756) with 875/1200 successful points in 84.97 s
Saved column 726/1200 (ΔCa=-25.813178) with 838/1200 successful points in 81.90 s
Saved column 133/1200 (ΔCa=-45.596330) with 427/1200 successful points in 73.17 s
Saved column 1120/1200 (ΔCa=-12.668891) with 923/1200 successful points in 86.29 s
Saved column 533/1200 (ΔCa=-32.251877) with 791/1200 successful points in 77.03 s
Saved column 333/1200 (ΔCa=-38.924103) with 740/1200 successful points in 72.34 s
Saved column 922/1200 (ΔCa=-19.274395) with 881/1200 successful points in 85.21 s
Saved column 134/1200 (ΔCa=-45.562969) with 429/1200 successful points in 73.62 s
Saved column 727/1200 (ΔCa=-25.779817) with 838/1200 successful points in 82.91 s
Saved column 334/1200 (ΔCa=-38.890742) with 724/1200 successful points in 72.86 s
Saved column 534/1200 (ΔCa=-32.218515) with 792/1200 successful points in 78.32 s
Saved column 1121/1200 (ΔCa=-12.635530) with 922/1200 successful points in 87.40 s
Saved column 923/1200 (ΔCa=-19.241034) with 879/1200 successful points in 86.30 s
Saved column 135/1200 (ΔCa=-45.529608) with 432/1200 successful points in 74.24 s
Saved column 728/1200 (ΔCa=-25.746455) with 838/1200 successful points in 83.34 s
Saved column 335/1200 (ΔCa=-38.857381) with 739/1200 successful points in 73.98 s
Saved column 535/1200 (ΔCa=-32.185154) with 794/1200 successful points in 79.25 s
Saved column 1122/1200 (ΔCa=-12.602168) with 918/1200 successful points in 88.61 s
Saved column 924/1200 (ΔCa=-19.207673) with 881/1200 successful points in 86.69 s
Saved column 136/1200 (ΔCa=-45.496247) with 435/1200 successful points in 74.79 s
Saved column 729/1200 (ΔCa=-25.713094) with 837/1200 successful points in 84.02 s
Saved column 336/1200 (ΔCa=-38.824020) with 739/1200 successful points in 74.13 s
Saved column 536/1200 (ΔCa=-32.151793) with 793/1200 successful points in 78.57 s
Saved column 1123/1200 (ΔCa=-12.568807) with 923/1200 successful points in 87.71 s
Saved column 925/1200 (ΔCa=-19.174312) with 880/1200 successful points in 86.96 s
Saved column 137/1200 (ΔCa=-45.462886) with 430/1200 successful points in 89.81 s
Saved column 337/1200 (ΔCa=-38.790659) with 728/1200 successful points in 74.06 s
Saved column 730/1200 (ΔCa=-25.679733) with 838/1200 successful points in 83.97 s
Saved column 537/1200 (ΔCa=-32.118432) with 790/1200 successful points in 78.32 s
Saved column 1124/1200 (ΔCa=-12.535446) with 923/1200 successful points in 87.42 s
Saved column 138/1200 (ΔCa=-45.429525) with 440/1200 successful points in 73.06 s
Saved column 926/1200 (ΔCa=-19.140951) with 881/1200 successful points in 85.32 s
Saved column 338/1200 (ΔCa=-38.757298) with 741/1200 successful points in 72.00 s
Saved column 731/1200 (ΔCa=-25.646372) with 837/1200 successful points in 81.47 s
Saved column 538/1200 (ΔCa=-32.085071) with 794/1200 successful points in 76.90 s
Saved column 1125/1200 (ΔCa=-12.502085) with 918/1200 successful points in 85.82 s
Saved column 339/1200 (ΔCa=-38.723937) with 733/1200 successful points in 71.79 s
Saved column 139/1200 (ΔCa=-45.396163) with 436/1200 successful points in 88.35 s
Saved column 927/1200 (ΔCa=-19.107590) with 881/1200 successful points in 84.55 s
Saved column 539/1200 (ΔCa=-32.051710) with 790/1200 successful points in 76.32 s
Saved column 732/1200 (ΔCa=-25.613011) with 837/1200 successful points in 81.63 s
Saved column 340/1200 (ΔCa=-38.690575) with 739/1200 successful points in 72.30 s
Saved column 1126/1200 (ΔCa=-12.468724) with 922/1200 successful points in 86.40 s
Saved column 928/1200 (ΔCa=-19.074229) with 882/1200 successful points in 84.55 s
Saved column 140/1200 (ΔCa=-45.362802) with 438/1200 successful points in 88.41 s
Saved column 540/1200 (ΔCa=-32.018349) with 794/1200 successful points in 77.67 s
Saved column 733/1200 (ΔCa=-25.579650) with 838/1200 successful points in 82.47 s
Saved column 341/1200 (ΔCa=-38.657214) with 736/1200 successful points in 72.49 s
Saved column 1127/1200 (ΔCa=-12.435363) with 922/1200 successful points in 86.42 s
Saved column 141/1200 (ΔCa=-45.329441) with 448/1200 successful points in 73.71 s
Saved column 929/1200 (ΔCa=-19.040867) with 879/1200 successful points in 85.17 s
Saved column 541/1200 (ΔCa=-31.984987) with 793/1200 successful points in 77.56 s
Saved column 734/1200 (ΔCa=-25.546289) with 839/1200 successful points in 82.31 s
Saved column 342/1200 (ΔCa=-38.623853) with 732/1200 successful points in 72.89 s
Saved column 142/1200 (ΔCa=-45.296080) with 451/1200 successful points in 73.75 s
Saved column 1128/1200 (ΔCa=-12.402002) with 922/1200 successful points in 87.77 s
Saved column 542/1200 (ΔCa=-31.951626) with 791/1200 successful points in 78.42 s
Saved column 930/1200 (ΔCa=-19.007506) with 880/1200 successful points in 86.28 s
Saved column 735/1200 (ΔCa=-25.512927) with 838/1200 successful points in 83.46 s
Saved column 343/1200 (ΔCa=-38.590492) with 733/1200 successful points in 74.18 s
Saved column 143/1200 (ΔCa=-45.262719) with 446/1200 successful points in 89.98 s
Saved column 1129/1200 (ΔCa=-12.368641) with 927/1200 successful points in 87.37 s
Saved column 543/1200 (ΔCa=-31.918265) with 792/1200 successful points in 77.84 s
Saved column 931/1200 (ΔCa=-18.974145) with 879/1200 successful points in 85.94 s
Saved column 736/1200 (ΔCa=-25.479566) with 838/1200 successful points in 82.56 s
Saved column 344/1200 (ΔCa=-38.557131) with 730/1200 successful points in 72.62 s
Saved column 144/1200 (ΔCa=-45.229358) with 456/1200 successful points in 73.48 s
Saved column 544/1200 (ΔCa=-31.884904) with 793/1200 successful points in 76.61 s
Saved column 1130/1200 (ΔCa=-12.335279) with 922/1200 successful points in 86.21 s
Saved column 932/1200 (ΔCa=-18.940784) with 882/1200 successful points in 84.32 s
Saved column 345/1200 (ΔCa=-38.523770) with 729/1200 successful points in 72.18 s
Saved column 737/1200 (ΔCa=-25.446205) with 838/1200 successful points in 81.51 s
Saved column 545/1200 (ΔCa=-31.851543) with 796/1200 successful points in 76.99 s
Saved column 145/1200 (ΔCa=-45.195997) with 452/1200 successful points in 88.01 s
Saved column 1131/1200 (ΔCa=-12.301918) with 922/1200 successful points in 85.54 s
Saved column 346/1200 (ΔCa=-38.490409) with 731/1200 successful points in 72.17 s
Saved column 933/1200 (ΔCa=-18.907423) with 883/1200 successful points in 84.38 s
Saved column 738/1200 (ΔCa=-25.412844) with 838/1200 successful points in 81.96 s
Saved column 546/1200 (ΔCa=-31.818182) with 792/1200 successful points in 76.99 s
Saved column 347/1200 (ΔCa=-38.457048) with 731/1200 successful points in 73.47 s
Saved column 146/1200 (ΔCa=-45.162636) with 454/1200 successful points in 89.61 s
Saved column 1132/1200 (ΔCa=-12.268557) with 927/1200 successful points in 87.09 s
Saved column 739/1200 (ΔCa=-25.379483) with 838/1200 successful points in 83.35 s
Saved column 934/1200 (ΔCa=-18.874062) with 882/1200 successful points in 86.48 s
Saved column 547/1200 (ΔCa=-31.784821) with 798/1200 successful points in 80.51 s
Saved column 348/1200 (ΔCa=-38.423686) with 733/1200 successful points in 75.83 s
Saved column 147/1200 (ΔCa=-45.129274) with 464/1200 successful points in 77.23 s
Saved column 1133/1200 (ΔCa=-12.235196) with 927/1200 successful points in 90.57 s
Saved column 740/1200 (ΔCa=-25.346122) with 838/1200 successful points in 86.07 s
Saved column 935/1200 (ΔCa=-18.840701) with 882/1200 successful points in 89.29 s
Saved column 548/1200 (ΔCa=-31.751460) with 795/1200 successful points in 80.77 s
Saved column 349/1200 (ΔCa=-38.390325) with 734/1200 successful points in 76.70 s
Saved column 148/1200 (ΔCa=-45.095913) with 461/1200 successful points in 92.56 s
Saved column 741/1200 (ΔCa=-25.312761) with 837/1200 successful points in 84.95 s
Saved column 1134/1200 (ΔCa=-12.201835) with 922/1200 successful points in 90.22 s
Saved column 936/1200 (ΔCa=-18.807339) with 881/1200 successful points in 87.80 s
Saved column 549/1200 (ΔCa=-31.718098) with 799/1200 successful points in 80.22 s
Saved column 350/1200 (ΔCa=-38.356964) with 726/1200 successful points in 75.65 s
Saved column 149/1200 (ΔCa=-45.062552) with 470/1200 successful points in 76.96 s
Saved column 742/1200 (ΔCa=-25.279399) with 844/1200 successful points in 83.59 s
Saved column 1135/1200 (ΔCa=-12.168474) with 927/1200 successful points in 88.11 s
Saved column 937/1200 (ΔCa=-18.773978) with 884/1200 successful points in 86.37 s
Saved column 351/1200 (ΔCa=-38.323603) with 725/1200 successful points in 74.41 s
Saved column 550/1200 (ΔCa=-31.684737) with 798/1200 successful points in 78.64 s
Saved column 150/1200 (ΔCa=-45.029191) with 466/1200 successful points in 90.94 s
Saved column 743/1200 (ΔCa=-25.246038) with 839/1200 successful points in 84.71 s
Saved column 1136/1200 (ΔCa=-12.135113) with 927/1200 successful points in 88.82 s
Saved column 938/1200 (ΔCa=-18.740617) with 883/1200 successful points in 87.69 s
Saved column 352/1200 (ΔCa=-38.290242) with 752/1200 successful points in 74.49 s
Saved column 551/1200 (ΔCa=-31.651376) with 799/1200 successful points in 79.94 s
Saved column 151/1200 (ΔCa=-44.995830) with 469/1200 successful points in 91.96 s
Saved column 744/1200 (ΔCa=-25.212677) with 839/1200 successful points in 84.90 s
Saved column 353/1200 (ΔCa=-38.256881) with 728/1200 successful points in 75.70 s
Saved column 1137/1200 (ΔCa=-12.101751) with 926/1200 successful points in 89.39 s
Saved column 939/1200 (ΔCa=-18.707256) with 883/1200 successful points in 88.25 s
Saved column 552/1200 (ΔCa=-31.618015) with 795/1200 successful points in 79.51 s
Saved column 152/1200 (ΔCa=-44.962469) with 478/1200 successful points in 75.76 s
Saved column 354/1200 (ΔCa=-38.223520) with 733/1200 successful points in 74.56 s
Saved column 745/1200 (ΔCa=-25.179316) with 839/1200 successful points in 84.60 s
Saved column 553/1200 (ΔCa=-31.584654) with 798/1200 successful points in 79.40 s
Saved column 1138/1200 (ΔCa=-12.068390) with 924/1200 successful points in 88.80 s
Saved column 940/1200 (ΔCa=-18.673895) with 883/1200 successful points in 87.37 s
Saved column 153/1200 (ΔCa=-44.929108) with 475/1200 successful points in 91.17 s
Saved column 355/1200 (ΔCa=-38.190158) with 723/1200 successful points in 75.71 s
Saved column 746/1200 (ΔCa=-25.145955) with 839/1200 successful points in 84.84 s
Saved column 554/1200 (ΔCa=-31.551293) with 798/1200 successful points in 80.30 s
Saved column 941/1200 (ΔCa=-18.640534) with 882/1200 successful points in 88.07 s
Saved column 1139/1200 (ΔCa=-12.035029) with 929/1200 successful points in 89.15 s
Saved column 154/1200 (ΔCa=-44.895746) with 485/1200 successful points in 77.31 s
Saved column 356/1200 (ΔCa=-38.156797) with 730/1200 successful points in 75.75 s
Saved column 747/1200 (ΔCa=-25.112594) with 839/1200 successful points in 85.26 s
Saved column 555/1200 (ΔCa=-31.517932) with 794/1200 successful points in 80.14 s
Saved column 942/1200 (ΔCa=-18.607173) with 881/1200 successful points in 88.81 s
Saved column 1140/1200 (ΔCa=-12.001668) with 924/1200 successful points in 89.96 s
Saved column 357/1200 (ΔCa=-38.123436) with 740/1200 successful points in 76.46 s
Saved column 155/1200 (ΔCa=-44.862385) with 480/1200 successful points in 92.03 s
Saved column 556/1200 (ΔCa=-31.484570) with 799/1200 successful points in 79.89 s
Saved column 748/1200 (ΔCa=-25.079233) with 839/1200 successful points in 85.23 s
Saved column 943/1200 (ΔCa=-18.573812) with 880/1200 successful points in 87.01 s
Saved column 1141/1200 (ΔCa=-11.968307) with 929/1200 successful points in 88.11 s
Saved column 358/1200 (ΔCa=-38.090075) with 732/1200 successful points in 75.15 s
Saved column 156/1200 (ΔCa=-44.829024) with 484/1200 successful points in 91.37 s
Saved column 557/1200 (ΔCa=-31.451209) with 797/1200 successful points in 79.56 s
Saved column 749/1200 (ΔCa=-25.045872) with 839/1200 successful points in 84.29 s
Saved column 944/1200 (ΔCa=-18.540450) with 881/1200 successful points in 87.68 s
Saved column 1142/1200 (ΔCa=-11.934946) with 929/1200 successful points in 89.58 s
Saved column 359/1200 (ΔCa=-38.056714) with 748/1200 successful points in 74.96 s
Saved column 157/1200 (ΔCa=-44.795663) with 494/1200 successful points in 77.05 s
Saved column 558/1200 (ΔCa=-31.417848) with 800/1200 successful points in 80.04 s
Saved column 750/1200 (ΔCa=-25.012510) with 846/1200 successful points in 85.30 s
Saved column 360/1200 (ΔCa=-38.023353) with 737/1200 successful points in 76.93 s
Saved column 945/1200 (ΔCa=-18.507089) with 882/1200 successful points in 89.43 s
Saved column 1143/1200 (ΔCa=-11.901585) with 922/1200 successful points in 90.68 s
Saved column 559/1200 (ΔCa=-31.384487) with 800/1200 successful points in 81.35 s
Saved column 158/1200 (ΔCa=-44.762302) with 489/1200 successful points in 92.76 s
Saved column 751/1200 (ΔCa=-24.979149) with 846/1200 successful points in 85.87 s
Saved column 361/1200 (ΔCa=-37.989992) with 729/1200 successful points in 77.20 s
Saved column 946/1200 (ΔCa=-18.473728) with 880/1200 successful points in 89.69 s
Saved column 1144/1200 (ΔCa=-11.868224) with 930/1200 successful points in 91.34 s
Saved column 159/1200 (ΔCa=-44.728941) with 500/1200 successful points in 78.77 s
Saved column 560/1200 (ΔCa=-31.351126) with 800/1200 successful points in 82.44 s
Saved column 752/1200 (ΔCa=-24.945788) with 846/1200 successful points in 86.91 s
Saved column 362/1200 (ΔCa=-37.956631) with 746/1200 successful points in 78.16 s
Saved column 947/1200 (ΔCa=-18.440367) with 881/1200 successful points in 89.21 s
Saved column 1145/1200 (ΔCa=-11.834862) with 928/1200 successful points in 90.13 s
Saved column 561/1200 (ΔCa=-31.317765) with 801/1200 successful points in 81.14 s
Saved column 160/1200 (ΔCa=-44.695580) with 496/1200 successful points in 93.37 s
Saved column 753/1200 (ΔCa=-24.912427) with 845/1200 successful points in 86.86 s
Saved column 363/1200 (ΔCa=-37.923269) with 738/1200 successful points in 77.92 s
Saved column 948/1200 (ΔCa=-18.407006) with 886/1200 successful points in 88.90 s
Saved column 1146/1200 (ΔCa=-11.801501) with 928/1200 successful points in 90.40 s
Saved column 562/1200 (ΔCa=-31.284404) with 797/1200 successful points in 80.71 s
Saved column 161/1200 (ΔCa=-44.662219) with 507/1200 successful points in 77.43 s
Saved column 364/1200 (ΔCa=-37.889908) with 731/1200 successful points in 76.11 s
Saved column 754/1200 (ΔCa=-24.879066) with 845/1200 successful points in 85.21 s
Saved column 949/1200 (ΔCa=-18.373645) with 883/1200 successful points in 87.10 s
Saved column 563/1200 (ΔCa=-31.251043) with 797/1200 successful points in 79.41 s
Saved column 1147/1200 (ΔCa=-11.768140) with 931/1200 successful points in 88.45 s
Saved column 365/1200 (ΔCa=-37.856547) with 742/1200 successful points in 74.85 s
Saved column 162/1200 (ΔCa=-44.628857) with 502/1200 successful points in 91.13 s
Saved column 755/1200 (ΔCa=-24.845705) with 845/1200 successful points in 84.02 s
Saved column 564/1200 (ΔCa=-31.217681) with 802/1200 successful points in 79.78 s
Saved column 950/1200 (ΔCa=-18.340284) with 887/1200 successful points in 87.74 s
Saved column 366/1200 (ΔCa=-37.823186) with 733/1200 successful points in 76.22 s
Saved column 1148/1200 (ΔCa=-11.734779) with 930/1200 successful points in 89.27 s
Saved column 163/1200 (ΔCa=-44.595496) with 513/1200 successful points in 77.63 s
Saved column 756/1200 (ΔCa=-24.812344) with 846/1200 successful points in 85.01 s
Saved column 565/1200 (ΔCa=-31.184320) with 802/1200 successful points in 79.80 s
Saved column 367/1200 (ΔCa=-37.789825) with 734/1200 successful points in 75.73 s
Saved column 951/1200 (ΔCa=-18.306922) with 887/1200 successful points in 87.54 s
Saved column 164/1200 (ΔCa=-44.562135) with 515/1200 successful points in 76.29 s
Saved column 1149/1200 (ΔCa=-11.701418) with 930/1200 successful points in 88.69 s
Saved column 757/1200 (ΔCa=-24.778982) with 846/1200 successful points in 84.15 s
Saved column 566/1200 (ΔCa=-31.150959) with 802/1200 successful points in 79.97 s
Saved column 368/1200 (ΔCa=-37.756464) with 738/1200 successful points in 75.89 s
Saved column 952/1200 (ΔCa=-18.273561) with 887/1200 successful points in 87.16 s
Saved column 165/1200 (ΔCa=-44.528774) with 512/1200 successful points in 90.74 s
Saved column 1150/1200 (ΔCa=-11.668057) with 934/1200 successful points in 88.92 s
Saved column 758/1200 (ΔCa=-24.745621) with 846/1200 successful points in 84.34 s
Saved column 567/1200 (ΔCa=-31.117598) with 798/1200 successful points in 79.62 s
Saved column 369/1200 (ΔCa=-37.723103) with 730/1200 successful points in 76.26 s
Saved column 166/1200 (ΔCa=-44.495413) with 522/1200 successful points in 76.90 s
Saved column 953/1200 (ΔCa=-18.240200) with 887/1200 successful points in 87.44 s
Saved column 1151/1200 (ΔCa=-11.634696) with 929/1200 successful points in 88.97 s
Saved column 759/1200 (ΔCa=-24.712260) with 845/1200 successful points in 84.88 s
Saved column 370/1200 (ΔCa=-37.689741) with 730/1200 successful points in 75.98 s
Saved column 568/1200 (ΔCa=-31.084237) with 803/1200 successful points in 80.12 s
Saved column 954/1200 (ΔCa=-18.206839) with 886/1200 successful points in 86.82 s
Saved column 167/1200 (ΔCa=-44.462052) with 519/1200 successful points in 91.59 s
Saved column 1152/1200 (ΔCa=-11.601334) with 928/1200 successful points in 88.33 s
Saved column 760/1200 (ΔCa=-24.678899) with 845/1200 successful points in 84.65 s
Saved column 371/1200 (ΔCa=-37.656380) with 732/1200 successful points in 76.48 s
Saved column 569/1200 (ΔCa=-31.050876) with 799/1200 successful points in 80.39 s
Saved column 955/1200 (ΔCa=-18.173478) with 888/1200 successful points in 87.04 s
Saved column 168/1200 (ΔCa=-44.428691) with 522/1200 successful points in 91.71 s
Saved column 1153/1200 (ΔCa=-11.567973) with 932/1200 successful points in 89.40 s
Saved column 761/1200 (ΔCa=-24.645538) with 846/1200 successful points in 84.71 s
Saved column 372/1200 (ΔCa=-37.623019) with 736/1200 successful points in 76.43 s
Saved column 570/1200 (ΔCa=-31.017515) with 799/1200 successful points in 80.00 s
Saved column 956/1200 (ΔCa=-18.140117) with 887/1200 successful points in 87.02 s
Saved column 169/1200 (ΔCa=-44.395329) with 526/1200 successful points in 91.15 s
Saved column 373/1200 (ΔCa=-37.589658) with 732/1200 successful points in 75.91 s
Saved column 762/1200 (ΔCa=-24.612177) with 846/1200 successful points in 84.58 s
Saved column 1154/1200 (ΔCa=-11.534612) with 928/1200 successful points in 88.82 s
Saved column 571/1200 (ΔCa=-30.984153) with 800/1200 successful points in 80.16 s
Saved column 957/1200 (ΔCa=-18.106756) with 887/1200 successful points in 86.36 s
Saved column 374/1200 (ΔCa=-37.556297) with 740/1200 successful points in 75.70 s
Saved column 170/1200 (ΔCa=-44.361968) with 529/1200 successful points in 90.74 s
Saved column 763/1200 (ΔCa=-24.578816) with 847/1200 successful points in 84.07 s
Saved column 1155/1200 (ΔCa=-11.501251) with 933/1200 successful points in 88.56 s
Saved column 572/1200 (ΔCa=-30.950792) with 800/1200 successful points in 79.86 s
Saved column 375/1200 (ΔCa=-37.522936) with 740/1200 successful points in 76.13 s
Saved column 958/1200 (ΔCa=-18.073394) with 887/1200 successful points in 87.37 s
Saved column 171/1200 (ΔCa=-44.328607) with 539/1200 successful points in 78.35 s
Saved column 764/1200 (ΔCa=-24.545455) with 847/1200 successful points in 84.93 s
Saved column 573/1200 (ΔCa=-30.917431) with 806/1200 successful points in 80.26 s
Saved column 1156/1200 (ΔCa=-11.467890) with 935/1200 successful points in 89.21 s
Saved column 376/1200 (ΔCa=-37.489575) with 742/1200 successful points in 76.91 s
Saved column 959/1200 (ΔCa=-18.040033) with 889/1200 successful points in 87.88 s
Saved column 172/1200 (ΔCa=-44.295246) with 536/1200 successful points in 92.30 s
Saved column 765/1200 (ΔCa=-24.512093) with 845/1200 successful points in 84.74 s
Saved column 574/1200 (ΔCa=-30.884070) with 800/1200 successful points in 80.56 s
Saved column 1157/1200 (ΔCa=-11.434529) with 932/1200 successful points in 88.91 s
Saved column 377/1200 (ΔCa=-37.456214) with 745/1200 successful points in 75.98 s
Saved column 960/1200 (ΔCa=-18.006672) with 888/1200 successful points in 86.92 s
Saved column 575/1200 (ΔCa=-30.850709) with 799/1200 successful points in 80.84 s
Saved column 766/1200 (ΔCa=-24.478732) with 845/1200 successful points in 85.07 s
Saved column 173/1200 (ΔCa=-44.261885) with 540/1200 successful points in 92.53 s
Saved column 1158/1200 (ΔCa=-11.401168) with 932/1200 successful points in 89.46 s
Saved column 378/1200 (ΔCa=-37.422852) with 745/1200 successful points in 76.70 s
Saved column 576/1200 (ΔCa=-30.817348) with 800/1200 successful points in 81.35 s
Saved column 961/1200 (ΔCa=-17.973311) with 887/1200 successful points in 89.00 s
Saved column 174/1200 (ΔCa=-44.228524) with 550/1200 successful points in 79.58 s
Saved column 767/1200 (ΔCa=-24.445371) with 846/1200 successful points in 85.92 s
Saved column 1159/1200 (ΔCa=-11.367807) with 932/1200 successful points in 90.32 s
Saved column 379/1200 (ΔCa=-37.389491) with 750/1200 successful points in 77.54 s
Saved column 577/1200 (ΔCa=-30.783987) with 806/1200 successful points in 80.84 s
Saved column 962/1200 (ΔCa=-17.939950) with 884/1200 successful points in 87.78 s
Saved column 768/1200 (ΔCa=-24.412010) with 844/1200 successful points in 85.17 s
Saved column 175/1200 (ΔCa=-44.195163) with 547/1200 successful points in 93.31 s
Saved column 380/1200 (ΔCa=-37.356130) with 753/1200 successful points in 75.21 s
Saved column 1160/1200 (ΔCa=-11.334445) with 932/1200 successful points in 89.26 s
Saved column 578/1200 (ΔCa=-30.750626) with 807/1200 successful points in 79.73 s
Saved column 963/1200 (ΔCa=-17.906589) with 885/1200 successful points in 85.57 s
Saved column 176/1200 (ΔCa=-44.161802) with 557/1200 successful points in 77.61 s
Saved column 769/1200 (ΔCa=-24.378649) with 845/1200 successful points in 83.42 s
Saved column 381/1200 (ΔCa=-37.322769) with 760/1200 successful points in 74.38 s
Saved column 1161/1200 (ΔCa=-11.301084) with 933/1200 successful points in 87.29 s
Saved column 579/1200 (ΔCa=-30.717264) with 802/1200 successful points in 77.74 s
Saved column 177/1200 (ΔCa=-44.128440) with 561/1200 successful points in 77.11 s
Saved column 964/1200 (ΔCa=-17.873228) with 885/1200 successful points in 83.89 s
Saved column 770/1200 (ΔCa=-24.345288) with 846/1200 successful points in 81.32 s
Saved column 382/1200 (ΔCa=-37.289408) with 753/1200 successful points in 72.59 s
Saved column 1162/1200 (ΔCa=-11.267723) with 933/1200 successful points in 85.31 s
Saved column 580/1200 (ΔCa=-30.683903) with 806/1200 successful points in 77.57 s
Saved column 178/1200 (ΔCa=-44.095079) with 566/1200 successful points in 77.69 s
Saved column 383/1200 (ΔCa=-37.256047) with 754/1200 successful points in 73.80 s
Saved column 771/1200 (ΔCa=-24.311927) with 845/1200 successful points in 82.19 s
Saved column 965/1200 (ΔCa=-17.839867) with 885/1200 successful points in 84.18 s
Saved column 1163/1200 (ΔCa=-11.234362) with 937/1200 successful points in 87.27 s
Saved column 581/1200 (ΔCa=-30.650542) with 803/1200 successful points in 79.50 s
Saved column 384/1200 (ΔCa=-37.222686) with 745/1200 successful points in 74.19 s
Saved column 772/1200 (ΔCa=-24.278565) with 844/1200 successful points in 82.99 s
Saved column 179/1200 (ΔCa=-44.061718) with 562/1200 successful points in 92.87 s
Saved column 966/1200 (ΔCa=-17.806505) with 885/1200 successful points in 85.42 s
Saved column 1164/1200 (ΔCa=-11.201001) with 931/1200 successful points in 88.08 s
Saved column 582/1200 (ΔCa=-30.617181) with 802/1200 successful points in 79.79 s
Saved column 385/1200 (ΔCa=-37.189324) with 758/1200 successful points in 76.42 s
Saved column 773/1200 (ΔCa=-24.245204) with 851/1200 successful points in 84.77 s
Saved column 967/1200 (ΔCa=-17.773144) with 885/1200 successful points in 86.75 s
Saved column 180/1200 (ΔCa=-44.028357) with 566/1200 successful points in 94.72 s
Saved column 583/1200 (ΔCa=-30.583820) with 808/1200 successful points in 81.08 s
Saved column 1165/1200 (ΔCa=-11.167640) with 937/1200 successful points in 89.29 s
Saved column 386/1200 (ΔCa=-37.155963) with 760/1200 successful points in 75.47 s
Saved column 774/1200 (ΔCa=-24.211843) with 851/1200 successful points in 83.42 s
Saved column 181/1200 (ΔCa=-43.994996) with 576/1200 successful points in 78.75 s
Saved column 968/1200 (ΔCa=-17.739783) with 889/1200 successful points in 85.40 s
Saved column 584/1200 (ΔCa=-30.550459) with 802/1200 successful points in 79.93 s
Saved column 387/1200 (ΔCa=-37.122602) with 761/1200 successful points in 75.65 s
Saved column 1166/1200 (ΔCa=-11.134279) with 937/1200 successful points in 88.29 s
Saved column 775/1200 (ΔCa=-24.178482) with 845/1200 successful points in 84.92 s
Saved column 969/1200 (ΔCa=-17.706422) with 890/1200 successful points in 86.72 s
Saved column 182/1200 (ΔCa=-43.961635) with 573/1200 successful points in 94.35 s
Saved column 388/1200 (ΔCa=-37.089241) with 755/1200 successful points in 75.14 s
Saved column 585/1200 (ΔCa=-30.517098) with 809/1200 successful points in 81.31 s
Saved column 1167/1200 (ΔCa=-11.100917) with 933/1200 successful points in 88.85 s
Saved column 776/1200 (ΔCa=-24.145121) with 852/1200 successful points in 83.84 s
Saved column 183/1200 (ΔCa=-43.928274) with 585/1200 successful points in 79.78 s
Saved column 970/1200 (ΔCa=-17.673061) with 890/1200 successful points in 86.04 s
Saved column 389/1200 (ΔCa=-37.055880) with 759/1200 successful points in 75.44 s
Saved column 586/1200 (ΔCa=-30.483736) with 803/1200 successful points in 80.86 s
Saved column 1168/1200 (ΔCa=-11.067556) with 934/1200 successful points in 89.01 s
Saved column 777/1200 (ΔCa=-24.111760) with 845/1200 successful points in 83.82 s
Saved column 971/1200 (ΔCa=-17.639700) with 890/1200 successful points in 85.58 s
Saved column 390/1200 (ΔCa=-37.022519) with 759/1200 successful points in 74.19 s
Saved column 184/1200 (ΔCa=-43.894912) with 582/1200 successful points in 93.34 s
Saved column 587/1200 (ΔCa=-30.450375) with 803/1200 successful points in 79.79 s
Saved column 1169/1200 (ΔCa=-11.034195) with 937/1200 successful points in 86.43 s
Saved column 778/1200 (ΔCa=-24.078399) with 852/1200 successful points in 82.38 s
Saved column 391/1200 (ΔCa=-36.989158) with 762/1200 successful points in 73.22 s
Saved column 972/1200 (ΔCa=-17.606339) with 890/1200 successful points in 84.52 s
Saved column 588/1200 (ΔCa=-30.417014) with 803/1200 successful points in 78.86 s
Saved column 185/1200 (ΔCa=-43.861551) with 585/1200 successful points in 91.87 s
Saved column 1170/1200 (ΔCa=-11.000834) with 932/1200 successful points in 87.16 s
Saved column 779/1200 (ΔCa=-24.045038) with 852/1200 successful points in 82.92 s
Saved column 392/1200 (ΔCa=-36.955796) with 762/1200 successful points in 73.16 s
Saved column 973/1200 (ΔCa=-17.572977) with 890/1200 successful points in 84.54 s
Saved column 589/1200 (ΔCa=-30.383653) with 804/1200 successful points in 79.11 s
Saved column 186/1200 (ΔCa=-43.828190) with 595/1200 successful points in 79.08 s
Saved column 1171/1200 (ΔCa=-10.967473) with 938/1200 successful points in 86.81 s
Saved column 393/1200 (ΔCa=-36.922435) with 772/1200 successful points in 75.01 s
Saved column 780/1200 (ΔCa=-24.011676) with 852/1200 successful points in 82.56 s
Saved column 974/1200 (ΔCa=-17.539616) with 890/1200 successful points in 84.46 s
Saved column 590/1200 (ΔCa=-30.350292) with 810/1200 successful points in 79.57 s
Saved column 187/1200 (ΔCa=-43.794829) with 594/1200 successful points in 92.23 s
Saved column 394/1200 (ΔCa=-36.889074) with 763/1200 successful points in 74.17 s
Saved column 1172/1200 (ΔCa=-10.934112) with 937/1200 successful points in 87.69 s
Saved column 781/1200 (ΔCa=-23.978315) with 853/1200 successful points in 83.08 s
Saved column 591/1200 (ΔCa=-30.316931) with 807/1200 successful points in 79.17 s
Saved column 975/1200 (ΔCa=-17.506255) with 889/1200 successful points in 84.01 s
Saved column 188/1200 (ΔCa=-43.761468) with 604/1200 successful points in 78.50 s
Saved column 395/1200 (ΔCa=-36.855713) with 765/1200 successful points in 74.53 s
Saved column 782/1200 (ΔCa=-23.944954) with 853/1200 successful points in 83.40 s
Saved column 1173/1200 (ΔCa=-10.900751) with 932/1200 successful points in 88.43 s
Saved column 592/1200 (ΔCa=-30.283570) with 807/1200 successful points in 81.02 s
Saved column 976/1200 (ΔCa=-17.472894) with 889/1200 successful points in 86.24 s
Saved column 189/1200 (ΔCa=-43.728107) with 603/1200 successful points in 79.62 s
Saved column 396/1200 (ΔCa=-36.822352) with 773/1200 successful points in 76.04 s
Saved column 783/1200 (ΔCa=-23.911593) with 852/1200 successful points in 83.65 s
Saved column 1174/1200 (ΔCa=-10.867389) with 936/1200 successful points in 88.52 s
Saved column 593/1200 (ΔCa=-30.250209) with 808/1200 successful points in 80.57 s
Saved column 190/1200 (ΔCa=-43.694746) with 606/1200 successful points in 79.81 s
Saved column 977/1200 (ΔCa=-17.439533) with 888/1200 successful points in 85.78 s
Saved column 397/1200 (ΔCa=-36.788991) with 766/1200 successful points in 74.24 s
Saved column 784/1200 (ΔCa=-23.878232) with 852/1200 successful points in 83.78 s
Saved column 594/1200 (ΔCa=-30.216847) with 808/1200 successful points in 79.74 s
Saved column 1175/1200 (ΔCa=-10.834028) with 936/1200 successful points in 87.69 s
Saved column 191/1200 (ΔCa=-43.661384) with 614/1200 successful points in 78.84 s
Saved column 978/1200 (ΔCa=-17.406172) with 893/1200 successful points in 84.66 s
Saved column 398/1200 (ΔCa=-36.755630) with 766/1200 successful points in 74.28 s
Saved column 785/1200 (ΔCa=-23.844871) with 852/1200 successful points in 83.84 s
Saved column 192/1200 (ΔCa=-43.628023) with 615/1200 successful points in 78.45 s
Saved column 1176/1200 (ΔCa=-10.800667) with 932/1200 successful points in 88.24 s
Saved column 399/1200 (ΔCa=-36.722269) with 766/1200 successful points in 75.32 s
Saved column 979/1200 (ΔCa=-17.372811) with 893/1200 successful points in 85.34 s
┌ Warning: Interrupted. Larger maxiters is needed. If you are using an integrator for non-stiff ODEs or an automatic switching algorithm (the default), you may want to consider using a method for stiff equations. See the solver pages for more details (e.g. https://docs.sciml.ai/DiffEqDocs/stable/solvers/ode_solve/#Stiff-Problems).
└ @ SciMLBase ~/.julia/packages/SciMLBase/4MHGc/src/integrator_interface.jl:626
Saved column 595/1200 (ΔCa=-30.183486) with 809/1200 successful points in 117.96 s
Saved column 786/1200 (ΔCa=-23.811510) with 852/1200 successful points in 82.88 s
Saved column 400/1200 (ΔCa=-36.688907) with 766/1200 successful points in 74.55 s
Saved column 1177/1200 (ΔCa=-10.767306) with 935/1200 successful points in 87.34 s
Saved column 193/1200 (ΔCa=-43.594662) with 612/1200 successful points in 90.63 s
Saved column 980/1200 (ΔCa=-17.339450) with 893/1200 successful points in 83.02 s
Saved column 596/1200 (ΔCa=-30.150125) with 808/1200 successful points in 77.96 s
Saved column 787/1200 (ΔCa=-23.778148) with 849/1200 successful points in 77.19 s
Saved column 194/1200 (ΔCa=-43.561301) with 625/1200 successful points in 71.67 s
Saved column 1178/1200 (ΔCa=-10.733945) with 940/1200 successful points in 79.18 s
Saved column 981/1200 (ΔCa=-17.306088) with 893/1200 successful points in 76.76 s
Saved column 597/1200 (ΔCa=-30.116764) with 808/1200 successful points in 72.10 s
Saved column 788/1200 (ΔCa=-23.744787) with 852/1200 successful points in 74.10 s
Saved column 195/1200 (ΔCa=-43.527940) with 622/1200 successful points in 80.55 s
Saved column 1179/1200 (ΔCa=-10.700584) with 935/1200 successful points in 77.88 s
Saved column 982/1200 (ΔCa=-17.272727) with 893/1200 successful points in 74.91 s
Saved column 598/1200 (ΔCa=-30.083403) with 809/1200 successful points in 71.19 s
Saved column 789/1200 (ΔCa=-23.711426) with 852/1200 successful points in 73.57 s
Saved column 196/1200 (ΔCa=-43.494579) with 637/1200 successful points in 69.72 s
Saved column 599/1200 (ΔCa=-30.050042) with 809/1200 successful points in 71.07 s
Saved column 983/1200 (ΔCa=-17.239366) with 887/1200 successful points in 75.37 s
Saved column 1180/1200 (ΔCa=-10.667223) with 934/1200 successful points in 77.61 s
Saved column 790/1200 (ΔCa=-23.678065) with 852/1200 successful points in 73.96 s
Saved column 197/1200 (ΔCa=-43.461218) with 636/1200 successful points in 80.04 s
Saved column 600/1200 (ΔCa=-30.016681) with 810/1200 successful points in 71.46 s
Saved column 984/1200 (ΔCa=-17.206005) with 892/1200 successful points in 74.32 s
Saved column 1181/1200 (ΔCa=-10.633862) with 939/1200 successful points in 76.49 s
Saved column 791/1200 (ΔCa=-23.644704) with 851/1200 successful points in 67.59 s
Saved column 198/1200 (ΔCa=-43.427857) with 647/1200 successful points in 60.90 s
Saved column 985/1200 (ΔCa=-17.172644) with 893/1200 successful points in 64.98 s
Saved column 1182/1200 (ΔCa=-10.600500) with 939/1200 successful points in 67.35 s
Saved column 792/1200 (ΔCa=-23.611343) with 851/1200 successful points in 64.42 s
Saved column 199/1200 (ΔCa=-43.394495) with 645/1200 successful points in 69.65 s
Saved column 986/1200 (ΔCa=-17.139283) with 888/1200 successful points in 65.62 s
Saved column 1183/1200 (ΔCa=-10.567139) with 935/1200 successful points in 67.87 s
Saved column 793/1200 (ΔCa=-23.577982) with 852/1200 successful points in 64.99 s
Saved column 200/1200 (ΔCa=-43.361134) with 657/1200 successful points in 61.18 s
Saved column 987/1200 (ΔCa=-17.105922) with 895/1200 successful points in 65.10 s
Saved column 1184/1200 (ΔCa=-10.533778) with 939/1200 successful points in 66.21 s
Saved column 794/1200 (ΔCa=-23.544621) with 852/1200 successful points in 59.99 s
Saved column 988/1200 (ΔCa=-17.072560) with 894/1200 successful points in 57.79 s
Saved column 1185/1200 (ΔCa=-10.500417) with 940/1200 successful points in 59.96 s
Saved column 795/1200 (ΔCa=-23.511259) with 852/1200 successful points in 56.81 s
Saved column 989/1200 (ΔCa=-17.039199) with 894/1200 successful points in 57.99 s
Saved column 1186/1200 (ΔCa=-10.467056) with 934/1200 successful points in 60.49 s
Saved column 796/1200 (ΔCa=-23.477898) with 852/1200 successful points in 57.78 s
Saved column 990/1200 (ΔCa=-17.005838) with 893/1200 successful points in 58.43 s
Saved column 1187/1200 (ΔCa=-10.433695) with 938/1200 successful points in 59.89 s
Saved column 797/1200 (ΔCa=-23.444537) with 852/1200 successful points in 57.13 s
Saved column 991/1200 (ΔCa=-16.972477) with 893/1200 successful points in 57.73 s
Saved column 1188/1200 (ΔCa=-10.400334) with 938/1200 successful points in 59.80 s
Saved column 798/1200 (ΔCa=-23.411176) with 852/1200 successful points in 57.03 s
Saved column 992/1200 (ΔCa=-16.939116) with 894/1200 successful points in 57.89 s
Saved column 1189/1200 (ΔCa=-10.366972) with 938/1200 successful points in 60.36 s
Saved column 799/1200 (ΔCa=-23.377815) with 851/1200 successful points in 57.68 s
Saved column 993/1200 (ΔCa=-16.905755) with 894/1200 successful points in 58.20 s
Saved column 1190/1200 (ΔCa=-10.333611) with 938/1200 successful points in 59.73 s
Saved column 800/1200 (ΔCa=-23.344454) with 851/1200 successful points in 57.15 s
Saved column 994/1200 (ΔCa=-16.872394) with 893/1200 successful points in 52.67 s
Saved column 1191/1200 (ΔCa=-10.300250) with 940/1200 successful points in 50.89 s
Saved column 995/1200 (ΔCa=-16.839033) with 893/1200 successful points in 47.83 s
Saved column 1192/1200 (ΔCa=-10.266889) with 940/1200 successful points in 49.21 s
Saved column 996/1200 (ΔCa=-16.805671) with 892/1200 successful points in 48.59 s
Saved column 1193/1200 (ΔCa=-10.233528) with 941/1200 successful points in 50.55 s
Saved column 997/1200 (ΔCa=-16.772310) with 892/1200 successful points in 49.60 s
Saved column 1194/1200 (ΔCa=-10.200167) with 939/1200 successful points in 51.05 s
Saved column 998/1200 (ΔCa=-16.738949) with 892/1200 successful points in 48.98 s
Saved column 1195/1200 (ΔCa=-10.166806) with 935/1200 successful points in 50.07 s
Saved column 999/1200 (ΔCa=-16.705588) with 892/1200 successful points in 49.00 s
Saved column 1196/1200 (ΔCa=-10.133445) with 939/1200 successful points in 50.37 s
Saved column 1000/1200 (ΔCa=-16.672227) with 892/1200 successful points in 48.59 s
Saved column 1197/1200 (ΔCa=-10.100083) with 937/1200 successful points in 44.15 s
Saved column 1198/1200 (ΔCa=-10.066722) with 932/1200 successful points in 39.64 s
Saved column 1199/1200 (ΔCa=-10.033361) with 937/1200 successful points in 39.52 s
Saved column 1200/1200 (ΔCa=-10.000000) with 937/1200 successful points in 39.43 s
Successful points: 903449 / 1440000
Unique T encodings: 38672
Unique gamma encodings: 44481
Saved merged results to /Users/carterhinsley/Documents/Dev/MultimodalMaps.jl/kneading/experiment/attempt-017/grid1200_seq10_prefixes_remap40_results.tsv
Saved T legend to /Users/carterhinsley/Documents/Dev/MultimodalMaps.jl/kneading/experiment/attempt-017/grid1200_seq10_prefixes_remap40_T_legend.tsv
Saved gamma legend to /Users/carterhinsley/Documents/Dev/MultimodalMaps.jl/kneading/experiment/attempt-017/grid1200_seq10_prefixes_remap40_gamma_legend.tsv
Saved contour plot to /Users/carterhinsley/Documents/Dev/MultimodalMaps.jl/kneading/experiment/attempt-017/grid1200_seq10_prefixes_remap40_contours.png
Saved prefix 1 plot to /Users/carterhinsley/Documents/Dev/MultimodalMaps.jl/kneading/experiment/attempt-017/grid1200_seq10_prefixes_remap40_prefix01_contours.png (unique T=2, unique gamma=39)
Saved prefix 2 plot to /Users/carterhinsley/Documents/Dev/MultimodalMaps.jl/kneading/experiment/attempt-017/grid1200_seq10_prefixes_remap40_prefix02_contours.png (unique T=67, unique gamma=598)
Saved prefix 3 plot to /Users/carterhinsley/Documents/Dev/MultimodalMaps.jl/kneading/experiment/attempt-017/grid1200_seq10_prefixes_remap40_prefix03_contours.png (unique T=1147, unique gamma=7376)
Saved prefix 4 plot to /Users/carterhinsley/Documents/Dev/MultimodalMaps.jl/kneading/experiment/attempt-017/grid1200_seq10_prefixes_remap40_prefix04_contours.png (unique T=8655, unique gamma=28446)
Saved prefix 5 plot to /Users/carterhinsley/Documents/Dev/MultimodalMaps.jl/kneading/experiment/attempt-017/grid1200_seq10_prefixes_remap40_prefix05_contours.png (unique T=26296, unique gamma=42620)
Saved prefix 6 plot to /Users/carterhinsley/Documents/Dev/MultimodalMaps.jl/kneading/experiment/attempt-017/grid1200_seq10_prefixes_remap40_prefix06_contours.png (unique T=34984, unique gamma=44273)
Saved prefix 7 plot to /Users/carterhinsley/Documents/Dev/MultimodalMaps.jl/kneading/experiment/attempt-017/grid1200_seq10_prefixes_remap40_prefix07_contours.png (unique T=37283, unique gamma=44403)
Saved prefix 8 plot to /Users/carterhinsley/Documents/Dev/MultimodalMaps.jl/kneading/experiment/attempt-017/grid1200_seq10_prefixes_remap40_prefix08_contours.png (unique T=38112, unique gamma=44432)
Saved prefix 9 plot to /Users/carterhinsley/Documents/Dev/MultimodalMaps.jl/kneading/experiment/attempt-017/grid1200_seq10_prefixes_remap40_prefix09_contours.png (unique T=38485, unique gamma=44457)
Saved prefix 10 plot to /Users/carterhinsley/Documents/Dev/MultimodalMaps.jl/kneading/experiment/attempt-017/grid1200_seq10_prefixes_remap40_prefix10_contours.png (unique T=38672, unique gamma=44481)
real 17453.24
user 97276.44
sys 413.92
