-5.19329674523568 -8.813436236720019 6.267240203380425
-8.813436236720019 -3.1850953963934487 5.062470761269196
-3.1850953963934487 -5.813929315696284 6.309870203777791
-5.813929315696284 -9.105260807963166 6.210358717159579
-9.105260807963166 -2.647757262614249 4.791151299591547
-2.647757262614249 -4.857115154948132 6.3112146218813905
-4.857115154948132 -8.453323609502187 6.283756886598894
-8.453323609502187 -4.004634680617824 5.320094749638429
-4.004634680617824 -7.210034306824093 6.3035058641535215
-7.210034306824093 -7.213781905446971 5.881462175863817
-7.213781905446971 -7.2047703750851015 5.880189556552978
-7.2047703750851015 -7.2264193011003455 5.883246403918292
-7.2264193011003455 -7.174294878267538 5.875883787040948
-7.174294878267538 -7.299105983882432 5.893500763450447
-7.299105983882432 -6.996531636367055 5.850686847909401
-6.996531636367055 -7.704762015542922 5.9507435997561515
-7.704762015542922 -5.9503091929382075 5.695869049009616
-5.9503091929382075 -9.082090192050435 6.191487006776242
-9.082090192050435 -2.684821998073629 4.815060987556535
-2.684821998073629 -4.923690208675424 6.31121865233672
-4.923690208675424 -8.532793686375113 6.281046188179971
-8.532793686375113 -3.8130374293959797 5.26919003953526
-3.8130374293959797 -6.894234562638351 6.305627493276006
-6.894234562638351 -7.921639578009343 5.981670540260438
-7.921639578009343 -5.374335669369459 5.601694104508624
-5.374335669369459 -8.956922108192101 6.254831126789213
-8.956922108192101 -2.902838947340011 4.9370713409362
-2.902838947340011 -5.313807137977368 6.310867778854117
-5.313807137977368 -8.91353784114844 6.259303913133863
-8.91353784114844 -2.9848312125467515 4.9765689999399
-2.9848312125467515 -5.459737705403918 6.310629371519099
-5.459737705403918 -9.009597406217829 6.2479138927242275
-9.009597406217829 -2.8075829007769273 4.887196587877952
-2.8075829007769273 -5.143699217664649 6.311081752201062
-5.143699217664649 -8.767329894357845 6.2701625050144685
-8.767329894357845 -3.2820589241924667 5.099705625664228
-3.2820589241924667 -5.984091142681256 6.309414652588202
-5.984091142681256 -9.07073403850193 6.186392223927214
-9.07073403850193 -2.70338221462858 4.826629204461824
-2.70338221462858 -4.95700380324276 6.311211247598749
-4.95700380324276 -8.571184373827842 6.279596064348425
-8.571184373827842 -3.7223566876703824 5.243515072900664
-3.7223566876703824 -6.742012290470953 6.306464892450549
-6.742012290470953 -8.217522036207463 6.024882286313186
-8.217522036207463 -4.597800033650769 5.455907733054573
-4.597800033650769 -8.113469713999407 6.292272209709154
-8.113469713999407 -4.868118924402245 5.509846468542037
-4.868118924402245 -8.466703036063635 6.283324745589198
-8.466703036063635 -3.9720340074406466 5.311726615940643
-3.9720340074406466 -7.156919800146774 6.30390466352992
-7.156919800146774 -7.340170953010698 5.899289530611895
-7.340170953010698 -6.894388027837446 5.836124688433301
-6.894388027837446 -7.921324441389164 5.981625249507488
-7.921324441389164 -5.375172276254571 5.60183784283754
-5.375172276254571 -8.957487502096054 6.25476688003846
-8.957487502096054 -2.9017909744786445 4.936547253069875
-2.9017909744786445 -5.311938884671089 6.310870524816892
-5.311938884671089 -8.912122543611599 6.259436565474971
-8.912122543611599 -2.9875573332835046 4.977833868606922
-2.9875573332835046 -5.464581254039644 6.310620682246281
-5.464581254039644 -9.012271501155855 6.2474991920262255
-9.012271501155855 -2.8028787820532384 4.884607817213691
-2.8028787820532384 -5.135284006444997 6.311090256788702
-5.135284006444997 -8.759240465339573 6.270639751440285
-8.759240465339573 -3.299354410711499 5.106094288787517
-3.299354410711499 -6.0143400027399 6.309327066232527
-6.0143400027399 -9.058631583417872 6.181684329801101
-9.058631583417872 -2.723442211274347 4.83884832008107
-2.723442211274347 -4.992990250493869 6.311197145795177
-4.992990250493869 -8.61156795923224 6.27795519034953
-8.61156795923224 -3.628418714298627 5.215690639170589
-3.628418714298627 -6.582727951151511 6.307237261542468
-6.582727951151511 -8.487657032783456 6.066368370697546
-8.487657032783456 -3.921248677356644 5.298459908402037
-3.921248677356644 -7.073648851100845 6.304493494502367
-7.073648851100845 -7.532894290847175 5.92645128657432
-7.532894290847175 -6.401881232398241 5.764536788024088
-6.401881232398241 -8.738973731681535 6.1086615168724165
-8.738973731681535 -3.3430419827762146 5.121915852198072
-3.3430419827762146 -6.090599253084161 6.309096915320879
-6.090599253084161 -9.01992207976648 6.169193193066349
-9.01992207976648 -2.789492611664168 4.877170853550979
-2.789492611664168 -5.111330335323306 6.31111324986523
-5.111330335323306 -8.735803146023537 6.271969645031277
-8.735803146023537 -3.3499219226316184 5.124367480174897
-3.3499219226316184 -6.10258875144402 6.309059482312023
-6.10258875144402 -9.012760642312955 6.167147249420395
-9.012760642312955 -2.8020197237005333 4.884133686080986
-2.8020197237005333 -5.133747093246729 6.311091786423731
-5.133747093246729 -8.757754877699723 6.270726344710511
-8.757754877699723 -3.3025395648403477 5.107262948582047
-3.3025395648403477 -6.019907099413033 6.309310720700523
-6.019907099413033 -9.056203928881025 6.180802722113185
-9.056203928881025 -2.7275004951369155 4.841285762419375
-2.7275004951369155 -5.000268084926456 6.311193580413146
-5.000268084926456 -8.619593638284554 6.277613642108463
-8.619593638284554 -3.609936113554585 5.2100573880084085
-3.609936113554585 -6.5512127319376345 6.307378819247333
-6.5512127319376345 -8.535857452014902 6.074111222569172
-8.535857452014902 -3.8057534984773493 5.267167928106119
-3.8057534984773493 -6.882067375261063 6.30569836093855
-6.882067375261063 -7.946520872168663 5.985249204893535
-7.946520872168663 -5.308314251808823 5.590276271228049
-5.308314251808823 -8.90936405746429 6.259692747111785
-8.90936405746429 -2.9928797859222898 4.980294911375495
-2.9928797859222898 -5.474036131176487 6.31060358158993
-5.474036131176487 -9.017391712410019 6.24668252798665
-9.017391712410019 -2.7939080789604573 4.879635573888663
-2.7939080789604573 -5.119232678760061 6.311105866650905
-5.119232678760061 -8.743601779516288 6.271535541346111
-8.743601779516288 -3.3330212888583146 5.118325886387538
-3.3330212888583146 -6.07312665135126 6.309150851873255
-6.07312665135126 -9.02983384964367 6.172134633726273
-9.02983384964367 -2.772310851871238 4.867468563741568
-2.772310851871238 -5.080569563351354 6.311140015428009
-5.080569563351354 -8.70483371783128 6.273616967363523
-8.70483371783128 -3.4177495780778524 5.147986070883235
-3.4177495780778524 -6.220487227249113 6.30867241876922
-6.220487227249113 -8.926672874941389 6.145820025323701
-8.926672874941389 -2.959683203934347 4.9647592436786
-2.959683203934347 -5.415030597665678 6.310707277731581
-5.415030597665678 -8.983307615201946 6.251626770884286
-8.983307615201946 -2.854515832500336 4.912354294457145
-2.854515832500336 -5.227584105790477 6.310985731778146
-5.227584105790477 -8.843687018998134 6.265106535358427
-8.843687018998134 -3.123036336756049 5.037258813852532
-3.123036336756049 -5.7045413368844065 6.3101313199958895
-5.7045413368844065 -9.098596807448773 6.223625227813045
-9.098596807448773 -2.6583053579573304 4.798069809713979
-2.6583053579573304 -4.876067701688612 6.3112185625036545
-4.876067701688612 -8.476308311417474 6.2830097510777705
-8.476308311417474 -3.9487123247479823 5.305669840761766
-3.9487123247479823 -7.118758194081537 6.304179844014925
-7.118758194081537 -7.429356686594453 5.91185677096837
-7.429356686594453 -6.668874907692136 5.803672172099141
-6.668874907692136 -8.346900568832671 6.04441419775867
-8.346900568832671 -4.268346481320523 5.383977235990642
-4.268346481320523 -7.628328812301817 6.29957391088783
-7.628328812301817 -6.152104955092042 5.727003778699782
-6.152104955092042 -8.980071563471013 6.158458313956999
-8.980071563471013 -2.8603776116810864 4.915414307368337
-2.8603776116810864 -5.238051411079559 6.310972402115567
-5.238051411079559 -8.852648800795667 6.264436014798321
-8.852648800795667 -3.1048993689878537 5.029667596073978
-3.1048993689878537 -5.6725063961095 6.310203254528005
-5.6725063961095 -9.092592208053592 6.22721306053927
-9.092592208053592 -2.667887461734475 4.804274778578929
-2.667887461734475 -4.8932803474778925 6.311220148344546
-4.8932803474778925 -8.496936854585304 6.2823144993790265
-8.496936854585304 -3.8988664917298617 5.292520467434315
-3.8988664917298617 -7.036753883686028 6.30474106746442
-7.036753883686028 -7.615961830398248 5.93817736007486
-7.615961830398248 -6.1846288922868276 5.731949703900227
-6.1846288922868276 -8.95586848386211 6.152540156789655
-8.95586848386211 -2.904793309352407 4.938047343936887
-2.904793309352407 -5.3172910395617015 6.3108626365437885
-5.3172910395617015 -8.916165107299523 6.2590556984469
-8.916165107299523 -2.9797790481421833 4.974217053681059
-2.9797790481421833 -5.450759952516137 6.310645349693004
-5.450759952516137 -9.004549875831167 6.248676050525319
-9.004549875831167 -2.8164976602938077 4.8920680287483265
-2.8164976602938077 -5.159643239954857 6.3110650502317185
-5.159643239954857 -8.782447163407362 6.269243693910539
-8.782447163407362 -3.249960463662298 5.087652499191336
-3.249960463662298 -5.927867862409217 6.3095720418878045
-5.927867862409217 -9.088384659307831 6.194777706614332
-9.088384659307831 -2.674645451714362 4.808606324987068
-2.674645451714362 -4.905417460155381 6.311220187904837
-4.905417460155381 -8.511339042547405 6.281814496983316
-8.511339042547405 -3.8642657230981814 5.283223060461296
-3.8642657230981814 -6.9794926209426205 6.305110117636104
-6.9794926209426205 -7.741801860729669 5.955998234852814
-7.741801860729669 -5.852142759667393 5.6804175440761355
-5.852142759667393 -9.102372963409682 6.205339164110228
-9.102372963409682 -2.652317090848856 4.794153579131944
-2.652317090848856 -4.8653087271216915 6.311216617049922
-4.8653087271216915 -8.463294825418638 6.283436221829561
-8.463294825418638 -3.980325907173557 5.313865799257201
-3.980325907173557 -7.17045516258875 6.30380481541124
-7.17045516258875 -7.308204913941801 5.8947836297102185
-7.308204913941801 -6.974000015724259 5.847480711168373
-6.974000015724259 -7.753666424258973 5.957683321342756
-7.753666424258973 -5.820661254520392 5.675416072425378
-5.820661254520392 -9.104951920064526 6.209489157882217
-9.104951920064526 -2.6482441687825977 4.791472729895304
-2.6482441687825977 -4.857990120844792 6.311214856584684
-4.857990120844792 -8.454390889510519 6.283722812254382
-8.454390889510519 -4.00202925804651 5.319430119727258
-4.00202925804651 -7.205799536947333 6.3035383568667385
-7.205799536947333 -7.223950421924084 5.882897875759227
-7.223950421924084 -7.180259175637651 5.876726716772737
-7.180259175637651 -7.284945854507953 5.89150403076701
-7.284945854507953 -7.031477613743253 5.855653291635463
-7.031477613743253 -7.627717068301912 5.939838707946819
-7.627717068301912 -6.15371472345938 5.7272490173968436
-6.15371472345938 -8.978924612563134 6.158169344309499
-8.978924612563134 -2.862459591346817 4.91649694104035
-2.862459591346817 -5.241768646235975 6.310967600263666
-5.241768646235975 -8.855800110159608 6.264195699073753
-8.855800110159608 -3.0985492408362796 5.02698478916318
-3.0985492408362796 -5.661283489982293 6.310227974536247
-5.661283489982293 -9.090067590597451 6.22843926323003
-9.090067590597451 -2.6719381004398204 4.806875421737459
-2.6719381004398204 -4.900555402231069 6.311220276219501
-4.900555402231069 -8.505584003800577 6.282015774607316
-8.505584003800577 -3.8780719219611512 5.286949941626517
-3.8780719219611512 -7.00237286173607 6.304964813240986
-7.00237286173607 -7.691983840442946 5.948932819354923
-7.691983840442946 -5.984126597961378 5.701143518655954
-5.984126597961378 -9.070720911812002 6.186386707198835
-9.070720911812002 -2.70340381653306 4.826642518864901
-2.70340381653306 -4.957042566594896 6.311211235706651
-4.957042566594896 -8.571228489074485 6.279594338996503
-8.571228489074485 -3.722253239781597 5.243485141806559
-3.722253239781597 -6.741837739547479 6.306465794094947
-6.741837739547479 -8.217841159830316 6.024929864849582
-8.217841159830316 -4.59697747228245 5.455737252038489
-4.59697747228245 -8.112324640499525 6.292294757771742
-8.112324640499525 -4.871114759351706 5.510422609467241
-4.871114759351706 -8.47032917049802 6.283206171121492
-8.47032917049802 -3.9632215063845084 5.309444959667417
-3.9632215063845084 -7.142515657016902 6.3040096174963764
-7.142515657016902 -7.373999686552398 5.90405676894261
-7.373999686552398 -6.809407511713674 5.823949407633336
-6.809407511713674 -8.090758935998188 6.006171772301059
-8.090758935998188 -4.9276103778573805 5.521206272102972
-4.9276103778573805 -8.537360583309551 6.280878288803251
-8.537360583309551 -3.802182820280626 5.266174170517843
-3.802182820280626 -6.876098899789661 6.305732862919285
-6.876098899789661 -7.958651626050764 5.986996848160743
-7.958651626050764 -5.276151943238581 5.58465933669595
-5.276151943238581 -8.884158891601476 6.261917025728508
-8.884158891601476 -3.0420621326987223 5.002523829440179
-3.0420621326987223 -5.561300411961623 6.310437213320256
-5.561300411961623 -9.05824017234953 6.238684735562856
-9.05824017234953 -2.7240957556911054 4.839241617188236
-2.7240957556911054 -4.994162327387232 6.311196587241284
-4.994162327387232 -8.612863735302165 6.277900408793357
-8.612863735302165 -3.625430346734808 5.214783494789117
-3.625430346734808 -6.577636155249558 6.30726037160548
-6.577636155249558 -8.495566469873271 6.067629897387633
-8.495566469873271 -3.902167464221879 5.2934000724308135
-3.902167464221879 -7.0422025380165545 6.304704999367459
-7.0422025380165545 -7.603789440142742 5.93645762720098
-7.603789440142742 -6.216600186362721 5.736793515717181
-6.216600186362721 -8.929964834275204 6.146558369145168
-8.929964834275204 -2.9534240189481538 4.961779318000481
-2.9534240189481538 -5.40389603404422 6.31072602756376
-5.40389603404422 -8.976316859874464 6.252519859497625
-8.976316859874464 -2.8672017934715335 4.918954715483778
-2.8672017934715335 -5.2502344877074405 6.310956532565797
-5.2502344877074405 -8.862915431978132 6.263644060506522
-8.862915431978132 -3.084264535041308 5.020901431939819
-3.084264535041308 -5.636024688287117 6.310282699590061
-5.636024688287117 -9.083598392461802 6.231141669660246
-9.083598392461802 -2.682376373801077 4.813517170121486
-2.682376373801077 -4.919299348893967 6.3112191913351126
-4.919299348893967 -8.527663526553422 6.281232533271577
-8.527663526553422 -3.8252519374475114 5.27256574725925
-3.8252519374475114 -6.914613283376278 6.305507174794911
-6.914613283376278 -7.879516421684798 5.975628841437356
-7.879516421684798 -5.486229440356354 5.62071782345356
-5.486229440356354 -9.02379866637297 6.245615066011851
-9.02379866637297 -2.7827509387746576 4.873385242020049
-2.7827509387746576 -5.099262620904806 6.311124130364988
-5.099262620904806 -8.723768868210731 6.272623896092227
-8.723768868210731 -3.376144924797355 5.133615665412435
-3.376144924797355 -6.148235864850149 6.308913763615237
-6.148235864850149 -8.982806577711338 6.1591512358527325
-8.982806577711338 -2.855422210822435 4.9128286004161055
-2.855422210822435 -5.229202757539915 6.310983689103523
-5.229202757539915 -8.845081316442592 6.265003440297733
-8.845081316442592 -3.1202069714953136 5.036081456034481
-3.1202069714953136 -5.69954580226551 6.310142671563881
-5.69954580226551 -9.097778548131902 6.22419334699498
-9.097778548131902 -2.659606807579515 4.798916991484475
-2.659606807579515 -4.878405777306965 6.311218886512506
-4.878405777306965 -8.479124250739225 6.282916253659096
-8.479124250739225 -3.9418885352064117 5.303886318542936
-3.9418885352064117 -7.107567010770452 6.304258811397631
-7.107567010770452 -7.455238872117885 5.915503905427613
-7.455238872117885 -6.602600477482937 5.7940387571961764
-6.602600477482937 -8.45634310937472 6.06140605524979
-8.45634310937472 -3.9972657022832863 5.3182131140411
-3.9972657022832863 -7.198052420048552 6.303597481888573
-7.198052420048552 -7.242512683869829 5.885517920967686
-7.242512683869829 -7.135293743352187 5.87036840982455
-7.135293743352187 -7.3908858069857155 5.906436121783372
-7.3908858069857155 -6.76672499404619 5.817810842729159
-6.76672499404619 -8.171855405222267 6.018100043113009
-8.171855405222267 -4.71594190497293 5.479976737899051
-4.71594190497293 -8.27379053008298 6.288759257464335
-8.27379053008298 -4.453477267654194 5.42533521716723
-4.453477267654194 -7.90709417759674 6.2958696383211645
-7.90709417759674 -5.4129590099407086 5.608305996654963
-5.4129590099407086 -8.982020245283664 6.25179364228552
-8.982020245283664 -2.856845576309066 4.913572593021854
-2.856845576309066 -5.231744562856391 6.310980467693298
-5.231744562856391 -8.847264581834084 6.264841110676571
-8.847264581834084 -3.1157821873950966 5.034235148906191
-3.1157821873950966 -5.691731968054754 6.3101603278119
-5.691731968054754 -9.096410791405633 6.225075552476483
-9.096410791405633 -2.661785289335915 4.800331954398644
-2.661785289335915 -4.882319288279678 6.311219351488035
-4.882319288279678 -8.483827906311523 6.282759096567133
-8.483827906311523 -3.930503922575643 5.300899147410746
-3.930503922575643 -7.088870896326783 6.304389027236539
-7.088870896326783 -7.498192385874556 5.921558035043745
-7.498192385874556 -6.4919002924183395 5.777832581364237
-6.4919002924183395 -8.62160856657234 6.08825894104757
-8.62160856657234 -3.6053058525364494 5.208637594823813
-3.6053058525364494 -6.543308928612289 6.307413773083681
-6.543308928612289 -8.547661582452845 6.076028606332329
-8.547661582452845 -3.777765240342612 5.259333972523564
-3.777765240342612 -6.8352154971438495 6.305964664797102
-6.8352154971438495 -8.040398516224496 5.998828747850894
-8.040398516224496 -5.060034175833438 5.545907590825664
-5.060034175833438 -8.683628642772273 6.274679496271347
-8.683628642772273 -3.4648276843770645 5.163821670511425
-3.4648276843770645 -6.301978898534409 6.308383658160892
-6.301978898534409 -8.85056178537146 6.129781413489582
-8.85056178537146 -3.109112776423064 5.031440479180674
-3.109112776423064 -5.679951028096353 6.310186719145349
-5.679951028096353 -9.094147016140257 6.226390923379768
-9.094147016140257 -2.6653992698995723 4.802670726552606
-2.6653992698995723 -4.8888111211571745 6.3112199123079336
-4.8888111211571745 -8.491603499970315 6.2824965694399
-8.491603499970315 -3.911721815958609 5.295938878907691
-3.911721815958609 -7.057958962027358 6.304599740701633
-7.057958962027358 -7.568402577532445 5.9314611325553415
-7.568402577532445 -6.309293113158086 5.750740240796404
-6.309293113158086 -8.843070954461425 6.128289616853181
-8.843070954461425 -3.124287363723023 5.037778590579364
-3.124287363723023 -5.706749926106403 6.310126285491606
-5.706749926106403 -9.09894455906577 6.22337302991491
-9.09894455906577 -2.657752669727647 4.797709611973914
-2.657752669727647 -4.875074765684074 6.311218414350151
-4.875074765684074 -8.47511112670584 6.2830493687806666
-8.47511112670584 -3.951615271173735 5.30642701088982
-3.951615271173735 -7.12351565263227 6.304146039461557
-7.12351565263227 -7.418315897954512 5.910301080283716
-7.418315897954512 -6.697040281753059 5.807751783859203
-6.697040281753059 -8.29811875014302 6.036988589687098
-8.29811875014302 -4.3915535266157075 5.411785552465517
-4.3915535266157075 -7.815454715035424 6.2972118223706275
-7.815454715035424 -5.656523006097862 5.648946434217578
-5.656523006097862 -9.088931429070326 6.228954484639871
-9.088931429070326 -2.673765229506674 4.808044207259627
-2.673765229506674 -4.903836730064629 6.311220231710649
-4.903836730064629 -8.509470110408678 6.281880079735856
-8.509470110408678 -3.8687462919120357 5.284435069402207
-3.8687462919120357 -6.986922641653097 6.305063241707103
-6.986922641653097 -7.725693539145769 5.953711952377489
-7.725693539145769 -5.8948579003381925 5.687167269457859
-5.8948579003381925 -9.09584843155236 6.199483503310148
-9.09584843155236 -2.6626820890538294 4.800913309582029
-2.6626820890538294 -4.883930273728145 6.311219514992445
-4.883930273728145 -8.48576060848651 6.282694162593543
-8.48576060848651 -3.925831029185064 5.2996688126086156
-3.925831029185064 -7.081187959421904 6.304441926853542
-7.081187959421904 -7.515737992112511 5.924031810945053
-7.515737992112511 -6.4464470059484595 5.771133020872185
-6.4464470059484595 -8.68282701792219 6.09872274348254
-8.68282701792219 -3.466617244359416 5.164415057980477
-3.466617244359416 -6.305070851309065 6.308372342098664
-6.305070851309065 -8.847408371803686 6.129151853148869
-8.847408371803686 -3.1154910103665414 5.034113433220227
-3.1154910103665414 -5.6912177106992194 6.3101614855877415
-5.6912177106992194 -9.09631702506072 6.22513333959796
-9.09631702506072 -2.6619347745170816 4.800428904747605
-2.6619347745170816 -4.882587821678621 6.311219379866088
-4.882587821678621 -8.484150210110503 6.282748282566899
-8.484150210110503 -3.929724453617654 5.300694091337391
-3.929724453617654 -7.087589694171822 6.30439787328487
-7.087589694171822 -7.501122598984002 5.921971131229839
-7.501122598984002 -6.484318356691702 5.776716958636825
-6.484318356691702 -8.63209435392344 6.090027256798749
-8.63209435392344 -3.5812752017766574 5.20121293030752
-3.5812752017766574 -6.5022345220199 6.307591968863562
-6.5022345220199 -8.607141212119664 6.085834033807259
-8.607141212119664 -3.638640194994691 5.218782872342672
-3.638640194994691 -6.600132962187601 6.307157559240295
-6.600132962187601 -8.460269583387168 6.062025583452851
-8.460269583387168 -3.9876933446163116 5.315760285800025
-3.9876933446163116 -7.18246679766208 6.303715198994723
-7.18246679766208 -7.279696486760387 5.890763721559779
-7.279696486760387 -7.0443951571804275 5.8574872982244415
-7.0443951571804275 -7.598881651834474 5.935764395935621
-7.598881651834474 -6.229478692453368 5.738739724297375
-6.229478692453368 -8.918939487724131 6.144102653162918
-8.918939487724131 -2.9744559194746993 4.97172786088413
-2.9744559194746993 -5.441298624450083 6.310662008027975
-5.441298624450083 -8.99910343096119 6.24947017557588
-8.99910343096119 -2.826168604518739 4.89730244086968
-2.826168604518739 -5.176934279855314 6.311046089864249
-5.176934279855314 -8.798526923424522 6.268225318850455
-8.798526923424522 -3.216143660388782 5.074666433743914
-3.216143660388782 -5.868519359173794 6.309730756791396
-5.868519359173794 -9.100286109711028 6.203125116069714
-9.100286109711028 -2.65562283519598 4.7963191843582536
-2.65562283519598 -4.871248271085748 6.31121778414763
-4.871248271085748 -8.470490236913543 6.283201550158992
-8.470490236913543 -3.9628303012029638 5.309343476015783
-3.9628303012029638 -7.141875777422189 6.3040142490563085
-7.141875777422189 -7.375497874946123 5.904267878400788
-7.375497874946123 -6.8056274746739565 5.823406426034126
-6.8056274746739565 -8.098052337406708 6.007239055687933
-8.098052337406708 -4.908488521601536 5.517573456026184
-4.908488521601536 -8.514964505318105 6.281686059155618
-8.514964505318105 -3.855582205536866 5.280867211706209
-3.855582205536866 -6.965080417232996 6.305200206396876
-6.965080417232996 -7.772854280154281 5.960410709940334
-7.772854280154281 -5.769718312326164 5.667272878325093
-5.769718312326164 -9.105193811606117 6.215913774837645
-9.105193811606117 -2.647862853629233 4.791221022500395
-2.647862853629233 -4.857304901885804 6.311214673229188
-4.857304901885804 -8.453555112376787 6.283749500582417
-8.453555112376787 -4.004069469492799 5.3199506276887405
-4.004069469492799 -7.209115781996825 6.303512922306254
-7.209115781996825 -7.21598877124368 5.881773791432352
-7.21598877124368 -7.199458133157347 5.879439237671249
-7.199458133157347 -7.239148428248605 5.885043122270872
-7.239148428248605 -7.1434642168629185 5.871524351557127
-7.1434642168629185 -7.371778030127383 5.90374370441441
-7.371778030127383 -6.815010403430715 5.824754002008376
-6.815010403430715 -8.079909246066045 6.0045859327174185
-8.079909246066045 -4.956083942080314 5.526584056884531
-4.956083942080314 -8.570137422370138 6.279636415032655
-8.570137422370138 -3.724812252363182 5.2442251104967
-3.724812252363182 -6.746155064809998 6.306443455514454
-6.746155064809998 -8.209933781085887 6.023751718654239
-8.209933781085887 -4.617372068649424 5.4599520032725195
-4.617372068649424 -8.140602793592503 6.291728253932888
-8.140602793592503 -4.797253804136604 5.496087162708136
-4.797253804136604 -8.378932466442675 6.285994466111333
-8.378932466442675 -4.188198118375824 5.365230549486114
-4.188198118375824 -7.503541197299547 6.300915766320031
-7.503541197299547 -6.478057473977537 5.775795152395403
-6.478057473977537 -8.64067080429629 6.091480571284592
-8.64067080429629 -3.561702871260563 5.195094918113682
-3.561702871260563 -6.46871446339062 6.307733206089324
-6.46871446339062 -8.653330323186136 6.093637750556809
-8.653330323186136 -3.5329509017662133 5.185988782858658
-3.5329509017662133 -6.419368738991085 6.307934528803344
-6.419368738991085 -8.717404063027116 6.104799556705984
-8.717404063027116 -3.390083261319158 5.138470613688696
-3.390083261319158 -6.172465168866304 6.30883431570328
-6.172465168866304 -8.965173988692255 6.15477323641062
-8.965173988692255 -2.8875976865410826 4.929398251366365
-2.8875976865410826 -5.28662877913006 6.310906916717613
-5.28662877913006 -8.892511747781032 6.261202804830646
-8.892511747781032 -3.0256547131896463 4.99520865420709
-3.0256547131896463 -5.532209882321457 6.310494371966342
-5.532209882321457 -9.045931791493507 6.24144509549933
-9.045931791493507 -2.74479821980705 4.851548900884154
-2.74479821980705 -5.031278931953264 6.31117588127654
-5.031278931953264 -8.653242252131363 6.276120573304979
-8.653242252131363 -3.533150350511574 5.186052447554175
-3.533150350511574 -6.419711463516265 6.307933156977924
-6.419711463516265 -8.716975350324178 6.104723378092785
-8.716975350324178 -3.391023807604245 5.138796730474496
-3.391023807604245 -6.174099287724931 6.30882890409157
-6.174099287724931 -8.96394148275533 6.154474612470949
-8.96394148275533 -2.889866766646204 4.930547594650307
-2.889866766646204 -5.290676011632914 6.3109011995911715
-5.290676011632914 -8.895701893773445 6.260924202202659
-8.895701893773445 -3.019416575744282 4.992401428870835
-3.019416575744282 -5.521143977236932 6.310515671189023
-5.521143977236932 -9.040901690838256 6.2424700396359185
-9.040901690838256 -2.753342351776458 4.856544831094652
-2.753342351776458 -5.046590720741688 6.311165715708739
-5.046590720741688 -8.669521828122752 6.275360316398292
-8.669521828122752 -3.496422694927417 5.17420888045217
-3.496422694927417 -6.356503922121922 6.308180101001199
-6.356503922121922 -8.792129272569202 6.1184536536820815
-8.792129272569202 -3.2295576452681 5.079853811043904
-3.2295576452681 -5.892074782974841 6.309668660642274
-5.892074782974841 -9.09638071253195 6.199873108689644
-9.09638071253195 -2.661833240011584 4.800363055319394
-2.661833240011584 -4.8824054264103625 6.311219360643918
-4.8824054264103625 -8.483931298771012 6.282755628162704
-8.483931298771012 -3.9302538664292435 5.300833372245506
-3.9302538664292435 -7.08845989836183 6.3043918660441705
-7.08845989836183 -7.499132559099504 5.921690577412846
-7.499132559099504 -6.489467992098304 5.777474769505716
-6.489467992098304 -8.624984304223403 6.088827216291065
-8.624984304223403 -3.597557532646375 5.2062539441421904
-3.597557532646375 -6.530075013844832 6.307471814780001
-6.530075013844832 -8.567168261932327 6.079216975760573
-8.567168261932327 -3.7317816589588073 5.246235729075124
-3.7317816589588073 -6.75790705628121 6.306382250876595
-6.75790705628121 -8.188260188576072 6.020530576221063
-8.188260188576072 -4.673405649185171 5.471404180918398
-4.673405649185171 -8.217046564522498 6.290089080794132
-8.217046564522498 -4.5990256752147785 5.456161679350771
-4.5990256752147785 -8.115175204478367 6.2922385659803695
-8.115175204478367 -4.863657634407374 5.508987682410407
-4.863657634407374 -8.461290098706755 6.28350043870887
-8.461290098706755 -3.9852073006705675 5.31512166612265
-3.9852073006705675 -7.178415182875475 6.3037455341545865
-7.178415182875475 -7.289327221874921 5.892121900570601
-7.289327221874921 -7.020680417575656 5.854119594245276
-7.020680417575656 -7.651673418055719 5.943226296569264
-7.651673418055719 -6.090605326235915 5.717598928273219
-6.090605326235915 -9.019918508085292 6.169192096552251
-9.019918508085292 -2.7894988358954023 4.877174336046664
-2.7894988358954023 -5.1113414755988265 6.3111132395897585
-5.1113414755988265 -8.73581418587307 6.271969036218252
-8.73581418587307 -3.349897945954398 5.124358954661147
-3.349897945954398 -6.102546977457766 6.309059613330646
-6.102546977457766 -9.01278610366643 6.167154416983067
-9.01278610366643 -2.801975018958515 4.884109000989156
-2.801975018958515 -5.1336671122640505 6.311091865833987
-5.1336671122640505 -8.757677498844217 6.270730846227707
-8.757677498844217 -3.3027055433373222 5.107323780919614
-3.3027055433373222 -6.020197170386342 6.309309867097909
-6.020197170386342 -9.056075725734422 6.180756656696758
-9.056075725734422 -2.727715128586443 4.841414355898451
-2.727715128586443 -5.000652969431695 6.311193385444312
-5.000652969431695 -8.620016725023303 6.277595486972132
-8.620016725023303 -3.6089635356639365 5.209759449561716
-3.6089635356639365 -6.549552836399846 6.307386178026718
-6.549552836399846 -8.538345981138164 6.07451471247623
-8.538345981138164 -3.7998430634190417 5.265522096617133
-3.7998430634190417 -6.872186533734908 6.3057553864964575
-6.872186533734908 -7.96657657396337 5.988139635604057
-7.96657657396337 -5.2551510942037805 5.5809717317697505
-5.2551510942037805 -8.867008275556575 6.263320602140084
-8.867008275556575 -3.0760814099273355 5.017385882861163
-3.0760814099273355 -5.621547113614952 6.310313498121104
-5.621547113614952 -9.079404660114351 6.232655274163335
-9.079404660114351 -2.689187993893702 4.81780561821688
-2.689187993893702 -4.931528190226644 6.311217430356919
-4.931528190226644 -8.541911179197799 6.280710808288859
-8.541911179197799 -3.7913847341281106 5.26315888868703
-3.7913847341281106 -6.858033922093388 6.305836255748545
-6.858033922093388 -7.995065322224971 5.992254992994276
-7.995065322224971 -5.179735474272909 5.567595045849885
-5.179735474272909 -8.801100821850685 6.268057800768474
-8.801100821850685 -3.2107622776110496 5.072571718194013
-3.2107622776110496 -5.859064415295328 6.309755353025139
-5.859064415295328 -9.101553533959903 6.2044080961195505
-9.101553533959903 -2.653614068377107 4.795004326127128
-2.653614068377107 -4.867639107489461 6.3112171025877615
-4.867639107489461 -8.466121240862645 6.28334437193007
-8.466121240862645 -3.9734488513615593 5.312092149324599
-3.9734488513615593 -7.1592305642380145 6.303887701912572
-7.1592305642380145 -7.334725765368334 5.898522077422967
-7.334725765368334 -6.907998099485148 5.838069292099135
-6.907998099485148 -7.893251212194974 5.977596586334585
-7.893251212194974 -5.449732171254467 5.614556357145375
-5.449732171254467 -9.003964580722382 6.248762553246706
-9.003964580722382 -2.8175343718615338 4.892631634083045
-2.8175343718615338 -5.1614970861110825 6.31106305911544
-5.1614970861110825 -8.784186914046229 6.269135609672048
-8.784186914046229 -3.2462853291131344 5.086255751375575
-3.2462853291131344 -5.921423653178113 6.309589640392005
-5.921423653178113 -9.090009057116879 6.195708906823711
-9.090009057116879 -2.6720321678328 4.806935660018098
-2.6720321678328 -4.900724340905131 6.311220275474625
-4.900724340905131 -8.50578429390665 6.282008802970267
-8.50578429390665 -3.877590979319933 5.286820498893576
-3.877590979319933 -7.001576534379391 6.304969918101051
-7.001576534379391 -7.6937282685395765 5.949179965909934
-7.6937282685395765 -5.979511629497715 5.700425139093568
-5.979511629497715 -9.07240659249615 6.187092834377836
-9.07240659249615 -2.700632564204668 4.824931647005542
-2.700632564204668 -4.952069529404911 6.311212701400109
-4.952069529404911 -8.565558179482467 6.279814956363225
-8.565558179482467 -3.7355642854577873 5.247324143507285
-3.7355642854577873 -6.764281639176943 6.306348806680035
-6.764281639176943 -8.176413156355899 6.01877469594001
-8.176413156355899 -4.704113635366531 5.477603161431034
-4.704113635366531 -8.25812694023756 6.289136748307101
-8.25812694023756 -4.493503598899945 5.433951293023711
-4.493503598899945 -7.965384533265867 6.294940862660042
-7.965384533265867 -5.258309402202629 5.581527330501558
-5.258309402202629 -8.869621920514879 6.263111937351823
-8.869621920514879 -3.070868708328944 5.015134636744733
-3.070868708328944 -5.6123218644783295 6.310332907323755
-5.6123218644783295 -9.076549818772335 6.233606499676171
-9.076549818772335 -2.693845021940141 4.820717209032409
-2.693845021940141 -4.939887641041002 6.311215767977046
-4.939887641041002 -8.551578032144338 6.28034920853861
-8.551578032144338 -3.7685058682810495 5.256719516366502
-3.7685058682810495 -6.819681213919495 6.306050710983982
-6.819681213919495 -8.070828906481486 6.003260392199081
-8.070828906481486 -4.979938730540423 5.5310608462650634
-4.979938730540423 -8.597055356212724 6.2785589058185
-8.597055356212724 -3.661999431843728 5.2257889610382335
-3.661999431843728 -6.639843412002303 6.306971541715029
-6.639843412002303 -8.395778191629232 6.0519409735024965
-8.395778191629232 -4.146304832166666 5.355209715465207
-4.146304832166666 -7.4374520552378165 6.30156275151694
-7.4374520552378165 -6.648182504725483 5.800669615668994
-6.648182504725483 -8.38188619671664 6.0497922149297665
-8.38188619671664 -4.180839418058184 5.363481690687877
-4.180839418058184 -7.491973713878688 6.301032005404522
-7.491973713878688 -6.507978849545493 5.780195941198144
-6.507978849545493 -8.599012396298832 6.084478757864417
-8.599012396298832 -3.6574592196717544 5.224433752997356
-3.6574592196717544 -6.632132306328502 6.30700812420946
-6.632132306328502 -8.408517052985985 6.053918345352031
-8.408517052985985 -4.11474763297407 5.3475556911116655
-4.11474763297407 -7.387302443530256 6.302027168436325
-7.387302443530256 -6.775796661035219 5.8191169176270705
-6.775796661035219 -8.154852456263978 6.015587481424518
-8.154852456263978 -4.760136143908597 5.488777030570418
-4.760136143908597 -8.331498678068424 6.287294252454558
-8.331498678068424 -4.307102141948496 5.392851744178188
-4.307102141948496 -7.687836397438472 6.298872195178774
-7.687836397438472 -5.9950966759813635 5.70284938592431
-5.9950966759813635 -9.06654305577102 6.184695302737964
-9.06654305577102 -2.710296340557817 4.8308733728845255
-2.710296340557817 -4.969409617883694 6.311207069265038
-4.969409617883694 -8.585235866771079 6.279039293066489
-8.585235866771079 -3.6894970269701117 5.2339306983467395
-3.6894970269701117 -6.686469511434855 6.306745476881588
-6.686469511434855 -8.31658249288482 6.039789715898223
-8.31658249288482 -4.3447645027992134 5.40136249101306
-4.3447645027992134 -7.745108856594301 6.298154761559999
-7.745108856594301 -5.843369532498009 5.679026064532991
-5.843369532498009 -9.103280399035508 6.206509678055227
-9.103280399035508 -2.650882427238321 4.793210867224843
-2.650882427238321 -4.862730870926103 6.311216037967824
-4.862730870926103 -8.460163316951288 6.283537490740855
-8.460163316951288 -3.987952262465222 5.315826759994707
-3.987952262465222 -7.182888676241285 6.30371203404593
-7.182888676241285 -7.278692826663674 5.890622169042217
-7.278692826663674 -7.046862605788509 5.857837515182837
-7.046862605788509 -7.593352284746086 5.93498348290359
-7.593352284746086 -6.243979733448194 5.740927788311637
-6.243979733448194 -8.906119436867103 6.141305740044118
-8.906119436867103 -2.999155575391472 4.98318249120166
-2.999155575391472 -5.485181756651095 6.310583188355849
-5.485181756651095 -9.023256852121655 6.245707593167026
-9.023256852121655 -2.7836915213291404 4.873915039503117
-2.7836915213291404 -5.1009464370039295 6.311122641210204
-5.1009464370039295 -8.725457022610883 6.272533232545356
-8.725457022610883 -3.372456017381032 5.132323774366341
-3.372456017381032 -6.141819427219138 6.308934556801432
-6.141819427219138 -8.987274664904913 6.160295047673571
-8.987274664904913 -2.8473550015326707 4.908592101530303
-2.8473550015326707 -5.214794134133285 6.31100162954408
-5.214794134133285 -8.83256185468789 6.2659135840458475
-8.83256185468789 -3.145710851927453 5.046604406675215
-3.145710851927453 -5.744549557611498 6.310038612408789
-5.744549557611498 -9.103552310546052 6.218958226687391
-9.103552310546052 -2.6504528622144354 4.792928263486829
-2.6504528622144354 -4.861958995516787 6.311215855934279
-4.861958995516787 -8.459224656744038 6.283567744926586
-8.459224656744038 -3.9902396596909084 5.3164137063213275
-3.9902396596909084 -7.186614993270474 6.303684027322561
-7.186614993270474 -7.269820894476701 5.889370810790751
-7.269820894476701 -7.0686408213675165 5.860927168674607
-7.0686408213675165 -7.544257095852207 5.928054089741636
-7.544257095852207 -6.372302326388832 5.760143137747946
-6.372302326388832 -8.774086258514997 6.115082008314857
-8.774086258514997 -3.2676769928222074 5.094337202747738
-3.2676769928222074 -5.958913384987144 6.309485994144779
-5.958913384987144 -9.07941301840572 6.19020563362119
-9.07941301840572 -2.689174383016024 4.817797084482663
-2.689174383016024 -4.931503756930983 6.3112174346752
-4.931503756930983 -8.541882837723266 6.280711859256371
-8.541882837723266 -3.79145193024995 5.263177699661355
-3.79145193024995 -6.858146412428059 6.305835616710283
-6.858146412428059 -7.994839995932251 5.992222397452679
-7.994839995932251 -5.180331433665211 5.567701596241022
-5.180331433665211 -8.801647259357946 6.2680221589444045
-8.801647259357946 -3.2096209494717036 5.07212643818184
-3.2096209494717036 -5.857058763981543 6.30976054648454
-5.857058763981543 -9.101800391023138 6.2046786154969595
-9.101800391023138 -2.6532232026656777 4.794748088213964
-2.6532232026656777 -4.866936816333201 6.311216960033562
-4.866936816333201 -8.465269910146322 6.283372082437381
-8.465269910146322 -3.9755196256952776 5.312626755986457
-3.9755196256952776 -7.16261170231497 6.303862820950599
-7.16261170231497 -7.326749304187943 5.8973977975256275
-7.326749304187943 -6.927899374001637 5.840910310216714
-6.927899374001637 -7.851755980285224 5.971657755940214
-7.851755980285224 -5.560019553385161 5.633051893832999
-5.560019553385161 -9.057726451155446 6.238808135368345
-9.057726451155446 -2.724953974350443 4.8397576340667
-2.724953974350443 -4.995701436930496 6.311195844613394
-4.995701436930496 -8.614563382163931 6.277828342221255
-8.614563382163931 -3.62151304992489 5.213592231413713
-3.62151304992489 -6.570959377733807 6.3072905348853965
-6.570959377733807 -8.50586708078462 6.0692779648416035
-8.50586708078462 -3.8773921974987036 5.286766989283933
-3.8773921974987036 -7.001247383566157 6.304972027096483
-7.001247383566157 -7.694449083417087 5.949282094399678
-7.694449083417087 -5.977604522432584 5.700128143751499
-5.977604522432584 -9.07309077683036 6.187383701108956
-9.07309077683036 -2.699509370487064 4.824236613833818
-2.699509370487064 -4.9500538410232435 6.311213260552904
-4.9500538410232435 -8.563253763773156 6.279903960074989
-8.563253763773156 -3.7409821973834876 5.2488796297693625
-3.7409821973834876 -6.77340738629189 6.306300625624317
-6.77340738629189 -8.159343022011077 6.01625044429602
-8.159343022011077 -4.7484539501728245 5.486461113800942
-4.7484539501728245 -8.316371753674208 6.2876900480614495
-8.316371753674208 -4.345297494553585 5.401482150894481
-4.345297494553585 -7.745915300258419 6.298144348174901
-7.745915300258419 -5.84122990377047 5.678686436912358
-5.84122990377047 -9.103479516345892 6.206793497832223
-9.103479516345892 -2.650567847374492 4.793003925616176
-2.650567847374492 -4.862165610455274 6.311215905064273
-4.862165610455274 -8.459475961934432 6.283559649591552
-8.459475961934432 -3.989627196396204 5.316256602784051
-3.989627196396204 -7.185617383225254 6.30369153438005
-7.185617383225254 -7.272197306911001 5.889706013145769
-7.272197306911001 -7.062813207465022 5.860100659395357
-7.062813207465022 -7.557445350774783 5.929914809074944
-7.557445350774783 -6.337912097749499 5.755018557561016
-6.337912097749499 -8.812724361960138 6.122369912957765
-8.812724361960138 -3.1865710336323194 5.0630564890643655
-3.1865710336323194 -5.816525947757943 6.3098637105113085
-5.816525947757943 -9.105151734289567 6.210024098531903
-9.105151734289567 -2.6479291751814964 4.79126481046751
-2.6479291751814964 -4.857424081399626 6.311214705347993
-4.857424081399626 -8.453700504437084 6.283744860468687
-8.453700504437084 -4.0037145168357196 5.319860101969425
-4.0037145168357196 -7.20853890545753 6.303517352183917
-7.20853890545753 -7.217374416676945 5.881969440771172
-7.217374416676945 -7.1961205794514065 5.878967782739892
-7.1961205794514065 -7.247133261421256 5.886169956536833
-7.247133261421256 -7.124057317535763 5.868778237439983
-7.124057317535763 -7.41705739892155 5.910123745505189
-7.41705739892155 -6.700246588963413 5.808215678483066
-6.700246588963413 -8.292481775032469 6.036135602647846
-8.292481775032469 -4.405874419952172 5.414943496358319
-4.405874419952172 -7.8367996870395125 6.296911235461266
-7.8367996870395125 -5.5997805694592175 5.639632191197961
-5.5997805694592175 -9.072442874702874 6.234883094934958
-9.072442874702874 -2.700572978205926 4.824894798633068
-2.700572978205926 -4.95196259765914 6.311212731568958
-4.95196259765914 -8.565436019127574 6.279819684023096
-8.565436019127574 -3.7358513767061243 5.2474066698496244
-3.7358513767061243 -6.764765343945643 6.3063462618429185
-6.764765343945643 -8.175511611376942 6.0186412114426275
-8.175511611376942 -4.706452697232985 5.4780731604587345
-4.706452697232985 -8.261231598163238 6.2890625763820935
-8.261231598163238 -4.485560551857756 5.432250111070971
-4.485560551857756 -7.9538783954513415 6.295129165970138
-7.9538783954513415 -5.288804972443483 5.586873479011047
-5.288804972443483 -8.894229741498526 6.261052889891289
-8.894229741498526 -3.0222933317543657 4.993697797463028
-3.0222933317543657 -5.526247470108779 6.310505878648655
-5.526247470108779 -9.043245139345437 6.241999044923432
-9.043245139345437 -2.749355773410131 4.854219737411768
-2.749355773410131 -5.039446933873307 6.311170571807452
-5.039446933873307 -8.661954456520695 6.2757169444194005
-8.661954456520695 -3.5134600542255527 5.17973318280292
-3.5134600542255527 -6.385848744852758 6.308066954476999
-6.385848744852758 -8.758220318251393 6.112159074520605
-8.758220318251393 -3.301541346716946 5.106896954974218
-3.301541346716946 -6.018162507545956 6.309315850605344
-6.018162507545956 -9.056971412573608 6.181079505246089
-9.056971412573608 -2.726216265326363 4.840515676538416
-2.726216265326363 -4.9979651314629026 6.311194733564662
-4.9979651314629026 -8.617059269224772 6.277722078599254
-8.617059269224772 -3.615765745182625 5.21184005154646
-3.615765745182625 -6.5611589665485806 6.307334522820383
-6.5611589665485806 -8.520840344816902 6.071684400814775
-8.520840344816902 -3.841531702251259 5.277035746832553
-3.841531702251259 -6.941725898386793 6.305343882349916
-6.941725898386793 -7.822621439321491 5.967498343836269
-7.822621439321491 -5.637472266440821 5.6458290858063265
-5.637472266440821 -9.083998373486416 6.230988771414559
-9.083998373486416 -2.681728549134746 4.8131074505818106
-2.681728549134746 -4.918136201171579 6.311219316353345
-4.918136201171579 -8.526301842334908 6.2812817127687595
-8.526301842334908 -3.828497731220282 5.273459607784389
-3.828497731220282 -6.920023347356113 6.305474887241871
-6.920023347356113 -7.868240528252348 5.974014885854558
-7.868240528252348 -5.516199159288145 5.6257468271633115
-5.516199159288145 -9.038592753969676 6.242923440137929
-9.038592753969676 -2.757280416331842 4.858831528025803
-2.757280416331842 -5.053646724541052 6.311160728419964
-5.053646724541052 -8.67694782594944 6.275004732007801
-8.67694782594944 -3.4797636356514987 5.168755457591033
-3.4797636356514987 -6.327771577828766 6.3082884316609125
-6.327771577828766 -8.823665563647522 6.124482563085621
-8.823665563647522 -3.1639676938398362 5.054015904456719
-3.1639676938398362 -5.7767288441046265 6.309961715852296
-5.7767288441046265 -9.105445269956219 6.215050775657801
-9.105445269956219 -2.6474665852228934 4.790959313011626
-2.6474665852228934 -4.856592805546204 6.311214479293085
-4.856592805546204 -8.45268616746143 6.283777209647269
-8.45268616746143 -4.006191189584823 5.320491467368811
-4.006191189584823 -7.212563356622821 6.3034864003439
-7.212563356622821 -7.207701835526098 5.8806035746092675
-7.207701835526098 -7.219384522775287 5.882253243868945
-7.219384522775287 -7.191276031216574 5.878283386488874
-7.191276031216574 -7.2587060591477925 5.887802840042241
-7.2587060591477925 -7.095839925837337 5.864782421568634
-7.095839925837337 -7.482223595629414 5.9193070101491685
-7.482223595629414 -6.533153755608008 5.783889693822857
-6.533153755608008 -8.56265911825997 6.0784776689215505
-8.56265911825997 -3.7423810422001735 5.24928057823945
-3.7423810422001735 -6.775762657251914 6.30628813228941
-6.775762657251914 -8.15491644468239 6.015596942344018
-8.15491644468239 -4.759969627378843 5.488744071330984
-4.759969627378843 -8.331283716246922 6.287299938035176
-8.331283716246922 -4.307644015888119 5.392974977343329
-4.307644015888119 -7.688664369370418 6.298862125735468
-7.688664369370418 -5.992906921879342 5.70250907420359
-5.992906921879342 -9.067396243722722 6.1850343791820706
-9.067396243722722 -2.708885982200811 4.83001045504534
-2.708885982200811 -4.966879245843736 6.311207981359985
-4.966879245843736 -8.582380808769802 6.27915360744737
-8.582380808769802 -3.6961588618019268 5.235886391504209
-3.6961588618019268 -6.697745689114711 6.3066895246383865
-6.697745689114711 -8.296880056782392 6.036801084316721
-8.296880056782392 -4.3946990316130154 5.412480455066543
-4.3946990316130154 -7.820150653539654 6.29714629251157
-7.820150653539654 -5.644040309166073 5.646904951569923
-5.644040309166073 -9.08576865933912 6.230292479593118
-9.08576865933912 -2.6788651832133334 4.811292589969526
-2.6788651832133334 -4.912994887740194 6.311219778730447
-4.912994887740194 -8.520269501465538 6.281498177078902
-8.520269501465538 -3.8428954683599637 5.277408702727371
-3.8428954683599637 -6.9439945869689135 6.30533004920926
-6.9439945869689135 -7.8178174002419 5.9668132479573615
-7.8178174002419 -5.650242609585907 5.647919829371858
-5.650242609585907 -9.087373284399963 6.229630079866183
-9.087373284399963 -2.6762752123935076 4.809645486581758
-2.6762752123935076 -4.908344140412881 6.311220068731018
-4.908344140412881 -8.514793913361764 6.281692704033958
-8.514793913361764 -3.855990556507377 5.280978203532868
-3.855990556507377 -6.965758533826877 6.305195992175868
-6.965758533826877 -7.771398987460582 5.9602037564200145
-7.771398987460582 -5.773583189359434 5.667892882264823
-5.773583189359434 -9.105343588198295 6.215438764464125
-9.105343588198295 -2.6476268078735696 4.791065145775974
-2.6476268078735696 -4.856880727267764 6.311214558111715
-4.856880727267764 -8.45303755493837 6.283766009248211
-8.45303755493837 -4.005333133190295 5.320272800251587
-4.005333133190295 -7.211169246554021 6.3034971349916304
-7.211169246554021 -7.211054080386067 5.881076978543206
-7.211054080386067 -7.211330921414752 5.881116064456364
-7.211330921414752 -7.210665394956932 5.881022082238815
-7.210665394956932 -7.212265211634044 5.881247997785977
-7.212265211634044 -7.208418876580398 5.880704830171453
-7.208418876580398 -7.21766267688462 5.882010133582298
-7.21766267688462 -7.195426053859929 5.878869670978929
-7.195426053859929 -7.248793632678161 5.886404250160922
-7.248793632678161 -7.120015422067287 5.86820609528786
-7.120015422067287 -7.426441178038626 5.9114459511602035
-7.426441178038626 -6.676318769731371 5.804751187681177
-6.676318769731371 -8.33413717206293 6.042463454423341
-8.33413717206293 -4.300453195835624 5.391337751065294
-4.300453195835624 -7.677667726642881 6.298995161638231
-7.677667726642881 -6.021979509128718 5.707019289298842
-6.021979509128718 -9.055284244075217 6.180473251469266
-9.055284244075217 -2.7290409054885854 4.842207966004025
-2.7290409054885854 -5.00303032312234 6.3111921671034
-5.00303032312234 -8.622627035019331 6.27748313950633
-8.622627035019331 -3.6029669697977673 5.2079191003158485
-3.6029669697977673 -6.5393151842876724 6.307431352571257
-6.5393151842876724 -8.553582419821486 6.076993706206849
-8.553582419821486 -3.7637722526091433 5.255378506805755
-3.7637722526091433 -6.811733248282147 6.306094312590176
-6.811733248282147 -8.086260961239127 6.005514077804037
-8.086260961239127 -4.939410738281863 5.523439562726708
-4.939410738281863 -8.551028450411685 6.280369361493285
-8.551028450411685 -3.7698043925582074 5.257086855625857
-3.7698043925582074 -6.821860736123665 6.306038704555249
-6.821860736123665 -8.06658074812385 6.002640752859406
-8.06658074812385 -4.991106440610101 5.533147843111692
-4.991106440610101 -8.609482989019059 6.278042531841493
-8.609482989019059 -3.6332305923213215 5.217148377416379
-3.6332305923213215 -6.590923701255493 6.307199867706004
-6.590923701255493 -8.47482818078813 6.064329308170272
-8.47482818078813 -3.9523015205151277 5.306605867048347
-3.9523015205151277 -7.1246400021839476 6.304138029689966
-7.1246400021839476 -7.415703295285365 5.909932958815261
-7.415703295285365 -6.70369550780987 5.808714557134408
-6.70369550780987 -8.286399343321452 6.035216328630668
-8.286399343321452 -4.421345567170981 5.418338462707652
-4.421345567170981 -7.859757847266239 6.2965799684834565
-7.859757847266239 -5.538747674278956 5.629512816924034
-5.538747674278956 -9.04881403053371 6.2408329198678985
-9.04881403053371 -2.739924216215465 4.848677421266984
-2.739924216215465 -5.022542561440964 6.311181267282336
-5.022542561440964 -8.643853736708774 6.276547460435722
-8.643853736708774 -3.5544582539374265 5.1928139079109314
-3.5544582539374265 -6.456292427940279 6.307784615886703
-6.456292427940279 -8.669902911829722 6.096484230603892
-8.669902911829722 -3.4955663395438554 5.173929805671833
-3.4955663395438554 -6.355027877832412 6.308185724848954
-6.355027877832412 -8.793789619451076 6.118766610792591
-8.793789619451076 -3.2260711889343727 5.07851018733345
-3.2260711889343727 -5.885954182587287 6.309684908448617
-5.885954182587287 -9.097498491033729 6.200725781181973
-9.097498491033729 -2.6600525551745653 4.79920683034743
-2.6600525551745653 -4.879206553025343 6.311218989503686
-4.879206553025343 -8.48008769515492 6.282884163735616
-8.48008769515492 -3.939555246168184 5.303275279408808
-3.939555246168184 -7.103737765412363 6.304285654621708
-7.103737765412363 -7.464065718766632 5.916747838244191
-7.464065718766632 -6.579922007643451 5.790730837170486
-6.579922007643451 -8.492021452690425 6.067064035600197
-8.492021452690425 -3.9107135846092658 5.295671466632484
-3.9107135846092658 -7.056297251946286 6.304610909071926
-7.056297251946286 -7.572147527235608 5.931989711420101
-7.572147527235608 -6.299502413250783 5.749273678455211
-6.299502413250783 -8.853073532137818 6.13028450130696
-8.853073532137818 -3.1040426634138227 5.029306417658518
-3.1040426634138227 -5.670992501097365 6.310206603628103
-5.670992501097365 -9.09226430808617 6.227379389862108
-9.09226430808617 -2.6684128332969577 4.8046128280711855
-2.6684128332969577 -4.894223970732554 6.311220182775287
-4.894223970732554 -8.498060868317353 6.282275917412335
-8.498060868317353 -3.8961600905150124 5.291798347574513
-3.8961600905150124 -7.03228477522897 6.304770525572167
-7.03228477522897 -7.625920819994747 5.939584819407173
-7.625920819994747 -6.158440901106209 5.727968764245816
-6.158440901106209 -8.975526566097185 6.157318575442332
-8.975526566097185 -2.8686412784577837 4.919698530871756
-2.8686412784577837 -5.252803987428229 6.3109531374357175
-5.252803987428229 -8.865057996329858 6.263475433648637
-8.865057996329858 -3.0799776670194916 5.019062564975684
-3.0799776670194916 -5.628441073532939 6.310298884045551
-5.628441073532939 -9.081445453062855 6.231937706417739
-9.081445453062855 -2.685868865428634 4.81572042001244
-2.685868865428634 -4.92556966221064 6.311218389504575
-4.92556966221064 -8.534984658524678 6.280966089250796
-8.534984658524678 -3.807827701404047 5.267744447213772
-3.807827701404047 -6.885533261900658 6.305678246964817
-6.885533261900658 -7.939453983364844 5.9842319834460795
-7.939453983364844 -5.327059064778092 5.593533189263326
-5.327059064778092 -8.92344793454592 6.2583535912235675
-8.92344793454592 -2.965831957690484 4.96767067023211
-2.965831957690484 -5.425965926214284 6.310688607976772
-5.425965926214284 -8.99000300721036 6.250737522566851
-8.99000300721036 -2.8424462391972196 4.905997643920273
-2.8424462391972196 -5.206024717245793 6.3110122778070945
-5.206024717245793 -8.824824042870846 6.266459237162053
-8.824824042870846 -3.1615840471120946 5.053053865827678
-3.1615840471120946 -5.772529212486972 6.309971870026857
-5.772529212486972 -9.105305455592166 6.215568619390979
-9.105305455592166 -2.647686899927437 4.791104833047939
-2.647686899927437 -4.856988713014031 6.31121458751295
-4.856988713014031 -8.453169327146304 6.283761807388146
-8.453169327146304 -4.005011380702208 5.32019078495432
-4.005011380702208 -7.210646435725744 6.303501157197388
-7.210646435725744 -7.212310791742081 5.881254442145291
-7.212310791742081 -7.2083092593217355 5.880689349662134
-7.2083092593217355 -7.217925931706962 5.882047303561194
-7.217925931706962 -7.194791714275142 5.878780059974815
-7.194791714275142 -7.250309749787317 5.88661818206856
-7.250309749787317 -7.116322774609653 5.867683326245242
-7.116322774609653 -7.43499988268878 5.912651927366824
-7.43499988268878 -6.654454044228987 5.801580128476417
-6.654454044228987 -8.371359774336378 6.048169171399422
-8.371359774336378 -4.207089221022995 5.369698476473786
-4.207089221022995 -7.5331542857513245 6.300612152392205
-7.5331542857513245 -6.401204982909444 5.764436483896134
-6.401204982909444 -8.73979578436901 6.108809876162923
-8.73979578436901 -3.3412601696827147 5.121279174738447
-3.3412601696827147 -6.08749323704429 6.3091065565186
-6.08749323704429 -9.021729506816774 6.169719555040501
-9.021729506816774 -2.786345901252978 4.875407288312999
-2.786345901252978 -5.105697992815136 6.311118388033719
-5.105697992815136 -8.730205107152058 6.272276299569057
-8.730205107152058 -3.362098735264399 5.128680728845211
-3.362098735264399 -6.123795405896963 6.3089924202449765
-6.123795405896963 -8.999374766368256 6.1634732788679685
-8.999374766368256 -2.825685546758654 4.897042209153369
-2.825685546758654 -5.176070737925419 6.31104705726284
-5.176070737925419 -8.797731733110364 6.26827672649415
-8.797731733110364 -3.21780798889355 5.0753126845611405
-3.21780798889355 -5.871442956711598 6.309723113325163
-5.871442956711598 -9.09985949923031 6.20272581928657
-9.09985949923031 -2.656299719079745 4.796761486135438
-2.656299719079745 -4.8724643929284515 6.311217994711114
-4.8724643929284515 -8.47196008149526 6.283153269356262
-8.47196008149526 -3.959261186522975 5.308416828182089
-3.959261186522975 -7.13603615443081 6.304056397066233
-7.13603615443081 -7.389152259973746 5.906191868005408
-7.389152259973746 -6.771114586224527 5.818442918000073
-6.771114586224527 -8.163643939150779 6.016885798630028
-8.163643939150779 -4.737271977633629 5.484237448901695
-4.737271977633629 -8.301805969606777 6.288063092786615
-8.301805969606777 -4.382195104098595 5.409713814839051
-4.382195104098595 -7.801458329386922 6.297405164030351
-7.801458329386922 -5.693723718504127 5.655005778909981
-5.693723718504127 -9.09676960151424 6.224851285687691
-9.09676960151424 -2.661213428745948 4.799960898426434
-2.661213428745948 -4.881291995579356 6.311219238768899
-4.881291995579356 -8.482594380886164 6.282800430250063
-8.482594380886164 -3.933487861390393 5.301683502653759
-3.933487861390393 -7.093774212163156 6.3043550811380555
-7.093774212163156 -7.486962243432828 5.9199749565450475
-7.486962243432828 -6.520923805827475 5.782096272787385
-6.520923805827475 -8.580467144745388 6.081405517112216
-8.580467144745388 -3.700628337945969 5.237194860510499
-3.700628337945969 -6.705306539575868 6.306651722639799
-6.705306539575868 -8.283551479575507 6.034786328267728
-8.283551479575507 -4.428595879679574 5.419923583312993
-4.428595879679574 -7.870480070686862 6.296422348343185
-7.870480070686862 -5.510246404046799 5.624750094752017
-5.510246404046799 -9.03576321431865 6.243465894456676
-9.03576321431865 -2.7621201626586736 4.861628188606119
-2.7621201626586736 -5.062317147800327 6.311154345301475
-5.062317147800327 -8.686006478311137 6.274563203409343
-8.686006478311137 -3.459523540735395 5.162059287316879
-3.459523540735395 -6.292812026197504 6.308417049796844
-6.292812026197504 -8.859797201174212 6.131638858956649
-8.859797201174212 -3.0905155769038783 5.0235718343137705
-3.0905155769038783 -5.647080189623168 6.310258902158239
-5.647080189623168 -9.086563262252229 6.229968564019146
-9.086563262252229 -2.677581993733861 4.810477198490844
-2.677581993733861 -4.91069073456375 6.3112199377465
-4.91069073456375 -8.517558920790966 6.281594704818417
-8.517558920790966 -3.8493748326512964 5.279177503545725
-3.8493748326512964 -6.954767866924236 6.305263997917791
-6.954767866924236 -7.79491484844691 5.963549933661852
-7.79491484844691 -5.7111126066712625 5.6578256789907755
-5.7111126066712625 -9.09960618494822 6.222872874484892
-9.09960618494822 -2.6567018178700956 4.797024052133565
-2.6567018178700956 -4.873186813306894 6.311218115217343
-4.873186813306894 -8.472832670855123 6.283124551378933
-8.472832670855123 -3.9571431182023904 5.3078662543357495
-3.9571431182023904 -7.132569174463939 6.304081318123281
-7.132569174463939 -7.3972431903758915 5.907331902670194
-7.3972431903758915 -6.750612273016292 5.815489154185343
-6.750612273016292 -8.201739197363024 6.022532443623277
-8.201739197363024 -4.638535216111523 5.464299098746778
-4.638535216111523 -8.169693710362719 6.291123684684862
-8.169693710362719 -4.721554678828694 5.481100330374829
-4.721554678828694 -8.281191495019607 6.2885780090982735
-8.281191495019607 -4.434607247768958 5.4212350165380485
-4.434607247768958 -7.879352055051977 6.296290496855363
-7.879352055051977 -5.486666270231048 5.620791322648074
-5.486666270231048 -9.024024067841507 6.2455765350005095
-9.024024067841507 -2.782359805132293 4.873164772812743
-2.782359805132293 -5.098562404717472 6.3111247468496
-5.098562404717472 -8.72306599235372 6.27266153925666
-8.72306599235372 -3.377681820746471 5.134153033677649
-3.377681820746471 -6.150908638429786 6.308905071915433
-6.150908638429786 -8.98092051414277 6.158672858236969
-8.98092051414277 -2.8588380505104025 4.914612314723854
-2.8588380505104025 -5.235302448854294 6.3109759303060855
-5.235302448854294 -8.85030778054034 6.264612990460591
-8.85030778054034 -3.109626008045044 5.031656042854593
-3.109626008045044 -5.680857746353275 6.310184697702425
-5.680857746353275 -9.094329824067607 6.226290312470155
-9.094329824067607 -2.665107041143535 4.802482007447907
-2.665107041143535 -4.888286209117827 6.3112198766029906
-4.888286209117827 -8.490976041117138 6.2825178819512075
-8.490976041117138 -3.9132356978795366 5.296340183529537
-3.9132356978795366 -7.060453611509192 6.304582944016147
-7.060453611509192 -7.562774766009146 5.930666877253316
-7.562774766009146 -6.323997439313144 5.752940004933407
-6.323997439313144 -8.82768489877821 6.125264569460342
-8.82768489877821 -3.1557056223040734 5.050674159607297
-3.1557056223040734 -5.762170039098381 6.309996764661264
-5.762170039098381 -9.104822501878406 6.216835808156247
-9.104822501878406 -2.648448231675305 4.791607381619542
-2.648448231675305 -4.858356816979134 6.3112149533881166
-4.858356816979134 -8.45483800782758 6.2837085198334535
-8.45483800782758 -4.000938010256317 5.319151536095887
-4.000938010256317 -7.204025330012464 6.303551933533527
-7.204025330012464 -7.228206054249915 5.883498640174366
-7.228206054249915 -7.169975299275215 5.87527322240021
-7.169975299275215 -7.309341078461191 5.894943799166867
-7.309341078461191 -6.971182421020751 5.847079551373099
-6.971182421020751 -7.7597382899430585 5.958546085243142
-7.7597382899430585 -5.804544402297602 5.672846555371507
-5.804544402297602 -9.105549863225876 6.211560229259703
-9.105549863225876 -2.647301797048756 4.790850441671864
-2.647301797048756 -4.856296678394673 6.311214397601361
-4.856296678394673 -8.452324699021965 6.283788724716942
-8.452324699021965 -4.007073957064209 5.320716351396186
-4.007073957064209 -7.213997413473363 6.303475344107937
-7.213997413473363 -7.204251809126527 5.880116324547998
-7.204251809126527 -7.227662959469185 5.883421966722381
-7.227662959469185 -7.17128854197129 5.875458854252429
-7.17128854197129 -7.306231202025002 5.894505359459799
-7.306231202025002 -6.978892496612989 5.848177163272339
-6.978892496612989 -7.743099977303955 5.956182543322939
-7.743099977303955 -5.848699096298939 5.679871572219781
-5.848699096298939 -9.10274661067574 6.205799910161659
-9.10274661067574 -2.6517261464545916 4.7937654822144395
-2.6517261464545916 -4.864246907294277 6.311216383866849
-4.864246907294277 -8.462005583742956 6.283477977052826
-8.462005583742956 -3.98346479225715 5.314673653005229
-3.98346479225715 -7.175574396954329 6.30376673860701
-7.175574396954329 -7.296070948212781 5.893072830336678
-7.296070948212781 -7.004034110832868 5.851753703340364
-7.004034110832868 -7.688342284641092 5.948416936267677
-7.688342284641092 -5.9937587556336025 5.702641466854402
-5.9937587556336025 -9.067065487442658 6.184902561679337
-9.067065487442658 -2.709432567635557 4.830345049907919
-2.709432567635557 -4.967859905199227 6.311207631481011
-4.967859905199227 -8.58348797237392 6.279109350190993
-8.58348797237392 -3.693574566845434 5.235128497215555
-3.693574566845434 -6.693372307591694 6.306711285520578
-6.693372307591694 -8.304546548970874 6.037962501308357
-8.304546548970874 -4.375244004413768 5.408170827669892
-4.375244004413768 -7.791038148832374 6.2975472148882545
-7.791038148832374 -5.721413634675996 5.6594924909077235
-5.721413634675996 -9.10103457999602 6.22168243482156
-9.10103457999602 -2.654436171248503 4.795542849917183
-2.654436171248503 -4.869116205923477 6.311217391810715
-4.869116205923477 -8.467910546677398 6.28328600403438
-8.467910546677398 -3.9690983243253948 5.310967472516495
-3.9690983243253948 -7.152123550577707 6.303939758976412
-7.152123550577707 -7.351457020221261 5.9008801043601125
-7.351457020221261 -6.866117170936177 5.8320808028584
-6.866117170936177 -7.978828463022031 5.98990805984613
-7.978828463022031 -5.222701973639918 5.57524222406937
-5.222701973639918 -8.83946306885954 6.265415849933561
-8.83946306885954 -3.1316246558129026 5.040817259141477
-3.1316246558129026 -5.7197005175633375 6.310096569059169
-5.7197005175633375 -9.100810087374867 6.221881497116556
-9.100810087374867 -2.654791973112931 4.795775744723869
-2.654791973112931 -4.869755477378825 6.311217512580697
-4.869755477378825 -8.468684407364716 6.283260707081354
-8.468684407364716 -3.9672175024536864 5.310480615540655
-3.9672175024536864 -7.149049571614575 6.303962174109984
-7.149049571614575 -7.358678966064921 5.901897847828877
-7.358678966064921 -6.8479837921378275 5.829483640731269
-6.8479837921378275 -8.015123822557996 5.995159687285195
-8.015123822557996 -5.12672060852692 5.558061082540007
-5.12672060852692 -8.750931268347381 6.271119611043105
-8.750931268347381 -3.3172048562404277 5.112612656044803
-3.3172048562404277 -6.045524981513717 6.309234587562969
-6.045524981513717 -9.044226559186358 6.176684710317204
-9.044226559186358 -2.7476893270910603 4.853244742049355
-2.7476893270910603 -5.036460475007077 6.311172543426437
-5.036460475007077 -8.658776402848547 6.275865031653666
-8.658776402848547 -3.5206334182665064 5.182043370894462
-3.5206334182665064 -6.398191712080943 6.308018591011205
-6.398191712080943 -8.74344781529016 6.109470089561
-8.74344781529016 -3.3333542348324157 5.118445533167687
-3.3333542348324157 -6.0737073784540865 6.309149070862986
-6.0737073784540865 -9.029514405703951 6.172037634030858
-9.029514405703951 -2.7728617458210842 4.867782441246163
-2.7728617458210842 -5.081556097265994 6.311139207189626
-5.081556097265994 -8.705841858021497 6.273565169143694
-8.705841858021497 -3.415524030488879 5.14722648062525
-3.415524030488879 -6.21662775510248 6.308685651743872
-6.21662775510248 -8.929941615997736 6.146553193335421
-8.929941615997736 -2.9534681035792425 4.961800363817019
-2.9534681035792425 -5.403974466852908 6.310725896431904
-5.403974466852908 -8.976366711119947 6.252513611821996
-8.976366711119947 -2.867111028002441 4.918907780072914
-2.867111028002441 -5.250072465644518 6.310956746105148
-5.250072465644518 -8.862780064081582 6.263654674678037
-8.862780064081582 -3.0845356075627723 5.021017502362156
-3.0845356075627723 -5.636504172303086 6.310281672491328
-5.636504172303086 -9.083731263637548 6.231091102832579
-9.083731263637548 -2.6821611349280206 4.81338107747797
-2.6821611349280206 -4.9189128968099345 6.311219233708471
-4.9189128968099345 -8.527211236311278 6.2812488815434335
-8.527211236311278 -3.826329871137473 5.272862747006002
-3.826329871137473 -6.916410219724104 6.305496466806289
-6.916410219724104 -7.875775466985812 5.975093236802422
-7.875775466985812 -5.496171815519665 5.622389193444178
-5.496171815519665 -9.028857714968042 6.244732982655478
-9.028857714968042 -2.7739948347431382 4.868427441193489
-2.7739948347431382 -5.0835851649032815 6.31113753419595
-5.0835851649032815 -8.707912289744012 6.27345841956776
-8.707912289744012 -3.4109570433963117 5.145664566280175
-3.4109570433963117 -6.208705877854599 6.308712691090477
-6.208705877854599 -8.936555502691425 6.148050615356624
-8.936555502691425 -2.9409458249272666 4.955789017376446
-2.9409458249272666 -5.38168992325722 6.310762628903831
-5.38168992325722 -8.961859504945537 6.254264282302756
-8.961859504945537 -2.8937056375107533 4.932486469484502
-2.8937056375107533 -5.297522409400752 6.3108914393214945
-5.297522409400752 -8.901051616048443 6.2604496096082585
-8.901051616048443 -3.0089908383963446 4.987677160737803
-3.0089908383963446 -5.502642818906723 6.310550732274351
-5.502642818906723 -9.032070034426425 6.244153303512576
-9.032070034426425 -2.7684598105498344 4.865269134948903
-2.7684598105498344 -5.073672691970568 6.3111455700709485
-5.073672691970568 -8.697758574348946 6.273977205450137
-8.697758574348946 -3.43340108520772 5.153299610294198
-3.43340108520772 -6.2476117498672865 6.3085783032402105
-6.2476117498672865 -8.902841251490992 6.140599977057718
-8.902841251490992 -3.0055130592909407 4.986092079308946
-3.0055130592909407 -5.496469387716882 6.310562277833014
-5.496469387716882 -9.02900678419785 6.244706611772926
-9.02900678419785 -2.773737552134784 4.868281055112675
-2.773737552134784 -5.083124444992115 6.311137915336076
-5.083124444992115 -8.707442541168046 6.273482683269322
-8.707442541168046 -3.4119927899807756 5.146019168507337
-3.4119927899807756 -6.21050270986685 6.308706572470328
-6.21050270986685 -8.935066607885222 6.147711851483109
-8.935066607885222 -2.9437585603862058 4.957145126601972
-2.9437585603862058 -5.386696424846513 6.310754469723179
-5.386696424846513 -8.965178431576108 6.253875219821566
-8.965178431576108 -2.8875895119432116 4.929394106453401
-2.8875895119432116 -5.286614197932223 6.310906937229447
-5.286614197932223 -8.892500217422834 6.2612038059724
-8.892500217422834 -3.025677288526496 4.995218787102203
-3.025677288526496 -5.532249923389396 6.31049429446648
-5.532249923389396 -9.045949646867097 6.241441361924444
-9.045949646867097 -2.744767976589514 4.851531131949741
-2.744767976589514 -5.031224726637834 6.3111759156381595
-5.031224726637834 -8.653184223151229 6.276123237283173
-8.653184223151229 -3.5332817689667535 5.186094392583982
-3.5332817689667535 -6.419937284421011 6.3079322528919874
-6.419937284421011 -8.716692746429857 6.104673173795163
-8.716692746429857 -3.3916439252175072 5.139011642271726
-3.3916439252175072 -6.175176629800159 6.3088253325604455
-6.175176629800159 -8.963125923525999 6.1542775034104125
-8.963125923525999 -2.891369661409866 4.9313074894616875
-2.891369661409866 -5.293356452535589 6.310897391633262
-5.293356452535589 -8.897803393234742 6.260738889424829
-8.897803393234742 -3.0153158041840773 4.990548119092637
-3.0153158041840773 -5.513867901744593 6.310529542057338
-5.513867901744593 -9.037491070964116 6.243136534283622
-9.037491070964116 -2.7591629764553334 4.85992114590772
-2.7591629764553334 -5.057019490884509 6.311158278500443
-5.057019490884509 -8.680480349965265 6.274833582345309
-8.680480349965265 -3.4718600533630406 5.166149958085953
-3.4718600533630406 -6.314126753504107 6.308339043705928
-6.314126753504107 -8.838061339120943 6.1272991020669
-8.838061339120943 -3.134480311116693 5.041995387317002
-3.134480311116693 -5.724739547128456 6.310084916089181
-5.724739547128456 -9.10145547130879 6.221295250194089
-9.10145547130879 -2.653769372402492 4.795106102450518
-2.653769372402492 -4.8679181494274735 6.311217158321597
-4.8679181494274735 -8.46645939359822 6.28333335442403
-8.46645939359822 -3.972626480620149 5.3118797112820175
-3.972626480620149 -7.157887505903428 6.303897564526778
-7.157887505903428 -7.337891217162871 5.898968225261342
-7.337891217162871 -6.900088536373536 5.836939345601422
-6.900088536373536 -7.9095965472245755 5.97994111261869
-7.9095965472245755 -5.406313055812404 5.60717175179343
-5.406313055812404 -8.977849216573588 6.252326815201741
-8.977849216573588 -2.8644137663563054 4.917511118519542
-2.8644137663563054 -5.24525744096311 6.310963061332586
-5.24525744096311 -8.858742756562533 6.263969098306916
-8.858742756562533 -3.0926326182825017 5.024473281862811
-3.0926326182825017 -5.650823600311958 6.310250789609199
-5.650823600311958 -9.087520229673567 6.229567932725331
-9.087520229673567 -2.6760382922069987 4.809494552733668
-2.6760382922069987 -4.907918693136238 6.311220089110066
-4.907918693136238 -8.51429212074122 6.281710438641312
-8.51429212074122 -3.8571918509559406 5.281304603344324
-3.8571918509559406 -6.967753219536292 6.305183581987876
-6.967753219536292 -7.767114910778907 5.9595946226236265
-7.767114910778907 -5.784959560086266 5.669715759035171
-5.784959560086266 -9.105625237474541 6.214028825263085
-9.105625237474541 -2.6471830578382916 4.790771979336569
-2.6471830578382916 -4.856083301298914 6.311214338393256
-4.856083301298914 -8.452064197673227 6.283797019184931
-8.452064197673227 -4.007710204965558 5.320878384307434
-4.007710204965558 -7.21503087176081 6.3034673675556405
-7.21503087176081 -7.2017644521142765 5.879765009216499
-7.2017644521142765 -7.233625064367045 5.884263554351492
-7.233625064367045 -7.156858420557222 5.873418741552086
-7.156858420557222 -7.340315510753174 5.899309895523402
-7.340315510753174 -6.894026444169497 5.836073006343213
-6.894026444169497 -7.9220668550002555 5.981731916341232
-7.9220668550002555 -5.373201373307826 5.601499182692351
-5.373201373307826 -8.956154011184076 6.254918126458506
-8.956154011184076 -2.9042635012720424 4.9377829348941304
-2.9042635012720424 -5.316346614211948 6.310864033317557
-5.316346614211948 -8.91545444249869 6.2591230940961395
-8.91545444249869 -2.9811445553642453 4.974853749485192
-2.9811445553642453 -5.453186663264048 6.310641047171885
-5.453186663264048 -9.005925852944609 6.248470868300501
-9.005925852944609 -2.8140628824032947 4.890742002240586
-2.8140628824032947 -5.1552891191385415 6.311069686798874
-5.1552891191385415 -8.778346237580537 6.26949652053554
-8.778346237580537 -3.258638965429635 5.090937006452805
-3.258638965429635 -5.9430797222842076 6.309530142645599
-5.9430797222842076 -9.084226400607855 6.192555298603111
-9.084226400607855 -2.6813593712526322 4.8128738165924005
-2.6813593712526322 -4.917473345730393 6.311219384262586
-4.917473345730393 -8.525525341189516 6.2813097048729105
-8.525525341189516 -3.8303493444154095 5.273968930767296
-3.8303493444154095 -6.923108611491397 6.305456408590544
-6.923108611491397 -7.861792775976911 5.973092595777416
-7.861792775976911 -5.533338288464339 5.628610725249018
-5.533338288464339 -9.046434058229984 6.2413396284882765
-9.046434058229984 -2.7439477189596873 4.8510489713880816
-2.7439477189596873 -5.029754549469193 6.311176843055364
-5.029754549469193 -8.651609276121121 6.276195417509371
-8.651609276121121 -3.5368499050601794 5.187232079533715
-3.5368499050601794 -6.426067574055674 6.307907649217668
-6.426067574055674 -8.70898294649215 6.103307169471009
-8.70898294649215 -3.4085973042362565 5.14485585062539
-3.4085973042362565 -6.204611656548509 6.308726601406306
-6.204611656548509 -8.939923382318907 6.148820587884984
-8.939923382318907 -2.934596850123531 4.952715364595861
-2.934596850123531 -5.370387053832878 6.310780848740251
-5.370387053832878 -8.954240652903007 6.255133694685355
-8.954240652903007 -2.907816446348965 4.93955359902975
-2.907816446348965 -5.3226796572368285 6.310854627536173
-5.3226796572368285 -8.920197956949506 6.258669603023009
-8.920197956949506 -2.9720453834358715 4.970596872497481
-2.9720453834358715 -5.437013443489657 6.310669491607769
-5.437013443489657 -8.996594041544148 6.249826801611562
-8.996594041544148 -2.830642314602456 4.899706452450118
-2.830642314602456 -5.184931063197132 6.311037030645821
-5.184931063197132 -8.805851135121753 6.267746494926541
-8.805851135121753 -3.2008538050101505 5.068694066165335
-3.2008538050101505 -5.841648020625166 6.3098001712605765
-5.841648020625166 -9.103441293168729 6.20673818850446
-9.103441293168729 -2.6506282287818217 4.793043653075074
-2.6506282287818217 -4.862274108583455 6.311215930723847
-4.862274108583455 -8.459607914613862 6.283555397640157
-8.459607914613862 -3.9893056293750013 5.316174101339129
-3.9893056293750013 -7.185093560526066 6.303695473525295
-7.185093560526066 -7.273444751843302 5.889881965198583
-7.273444751843302 -7.059752414131616 5.85966648635258
-7.059752414131616 -7.564357309970075 5.930890202422233
-7.564357309970075 -6.319863662617775 5.7523219323920785
-6.319863662617775 -8.832054363685053 6.126118508776926
-8.832054363685053 -3.146749346358694 5.047028667569975
-3.146749346358694 -5.746380819741164 6.310034292335331
-5.746380819741164 -9.10371050679952 6.218739572846971
-9.10371050679952 -2.6502030141514434 4.7927638207693235
-2.6502030141514434 -4.861510045696244 6.311215748239192
-4.861510045696244 -8.458678485833659 6.283585327388209
-8.458678485833659 -3.9915709103005885 5.31675504902887
-3.9915709103005885 -7.18878306561449 6.303667689484428
-7.18878306561449 -7.2646532578104495 5.8886418513648096
-7.2646532578104495 -7.0812983878640265 5.86272173886573
-7.0812983878640265 -7.515486234348149 5.923996301202351
-7.515486234348149 -6.447100106610391 5.771229481613773
-6.447100106610391 -8.681975484191346 6.098574728208405
-8.681975484191346 -3.4685189981158704 5.165044974875855
-3.4685189981158704 -6.308356177905593 6.308360288805488
-6.308356177905593 -8.844036569180362 6.12848123294134
-8.844036569180362 -3.1223267541408 5.036963777867641
-3.1223267541408 -5.703288562887193 6.310134171397294
-5.703288562887193 -9.098395731428432 6.223768001917051
-9.098395731428432 -2.6586250446391055 4.798278040270816
-2.6586250446391055 -4.8766420309665195 6.311218645323606
-4.8766420309665195 -8.477000425225798 6.282986811422234
-8.477000425225798 -3.9470345801257882 5.30523181170247
-3.9470345801257882 -7.116007702892095 6.304199323749344
-7.116007702892095 -7.435729525692909 5.912754749744636
-7.435729525692909 -6.652588272622376 5.8013092957426124
-6.652588272622376 -8.37449840848303 6.048652656305421
-8.37449840848303 -4.199255118822678 5.367849405354718
-4.199255118822678 -7.52088836043704 6.300738978005029
-7.52088836043704 -6.43308049600989 5.769157547065333
-6.43308049600989 -8.700073247407472 6.101737067841896
-8.700073247407472 -3.4282743486455485 5.151564576597593
-3.4282743486455485 -6.238730416883258 6.30860933524491
-6.238730416883258 -8.910809848200946 6.142322155295915
-8.910809848200946 -2.9900886577147725 4.979005717896143
-2.9900886577147725 -5.469078201212275 6.310612571644015
-5.469078201212275 -9.014723284293636 6.2471119504898525
-9.014723284293636 -2.7985772179932633 4.882229413988171
-2.7985772179932633 -5.12758778311662 6.3110978426830115
-5.12758778311662 -8.751776075375322 6.271071623192256
-8.751776075375322 -3.3153860728785483 5.111951943443273
-3.3153860728785483 -6.042349165054765 6.309244107971608
-6.042349165054765 -9.045783432363798 6.17720068804374
-9.045783432363798 -2.745049532180182 4.851696532161441
-2.745049532180182 -5.031729360521391 6.3111755953268585
-5.031729360521391 -8.653724346219766 6.276098429050762
-8.653724346219766 -3.532058686759278 5.18570390153036
-3.532058686759278 -6.41783552250906 6.307940661334214
-6.41783552250906 -8.719319146094316 6.105140119587304
-8.719319146094316 -3.385884410898619 5.1370124522691185
-3.385884410898619 -6.165168704989352 6.308858396478172
-6.165168704989352 -8.970610465795838 6.156101437552934
-8.970610465795838 -2.8776200325014396 4.924314799036438
-2.8776200325014396 -5.268828135951406 6.3109315916717605
-5.268828135951406 -8.878239008739982 6.26241112425123
-8.878239008739982 -3.0537546985945365 5.007677684920054
-3.0537546985945365 -5.582018200047341 6.310395480259103
-5.582018200047341 -9.066184826716325 6.236659564039655
-9.066184826716325 -2.7108889354970254 4.831235520059636
-2.7108889354970254 -4.9704727830298845 6.311206677008158
-4.9704727830298845 -8.586433765306198 6.278991146980843
-8.586433765306198 -3.686704179632006 5.2331088797927805
-3.686704179632006 -6.68173985434856 6.306768794956952
-6.68173985434856 -8.324783429930907 6.0410374918410525
-8.324783429930907 -4.324042252318267 5.39669338499516
-4.324042252318267 -7.713666405119399 6.298553946568063
-7.713666405119399 -5.926727937627034 5.692176712362198
-5.926727937627034 -9.088677922399205 6.194942783975421
-9.088677922399205 -2.674173264438841 4.808304858319389
-2.674173264438841 -4.904569496156981 6.311220213214256
-4.904569496156981 -8.510336730307339 6.281849695402343
-8.510336730307339 -3.86666830723443 5.283873268963362
-3.86666830723443 -6.983477319015442 6.3050850149811595
-6.983477319015442 -7.733171378398174 5.9547730790745845
-7.733171378398174 -5.87503268901838 5.684039688474513
-5.87503268901838 -9.099313206892425 6.202233774089109
-9.099313206892425 -2.657167040669132 4.797327669559309
-2.657167040669132 -4.874022634979629 6.3112182504828525
-4.874022634979629 -8.473841720679424 6.283091290611992
-8.473841720679424 -3.954694536505349 5.307229151476349
-3.954694536505349 -7.128559809452012 6.30411004351663
-7.128559809452012 -7.406585228686414 5.908648209669991
-7.406585228686414 -6.726893092668925 5.812066915021205
-6.726893092668925 -8.244983260804922 6.028986404882744
-8.244983260804922 -4.527181477620607 5.441117634416514
-4.527181477620607 -8.013821579209655 6.294119752536062
-8.013821579209655 -5.13016012934408 5.558683008090156
-5.13016012934408 -8.754278106779266 6.270927365776515
-8.754278106779266 -3.310004626210817 5.109992461604634
-3.310004626210817 -6.0329503394335955 6.309272146756484
-6.0329503394335955 -9.05027141158844 6.178718634815596
-9.05027141158844 -2.7374657773544366 4.847223034883427
-2.7374657773544366 -5.018135472656063 6.311183867223008
-5.018135472656063 -8.639090409192546 6.276760927799842
-8.639090409192546 -3.565303850375992 5.196225379268071
-3.565303850375992 -6.474885967624197 6.3077074791272025
-6.474885967624197 -8.64498681027513 6.092214412454268
-8.64498681027513 -3.5518818052311296 5.192000528772041
-3.5518818052311296 -6.4518728067183115 6.307802787367109
-6.4518728067183115 -8.67572769628134 6.097491033739061
-8.67572769628134 -3.482496691836329 5.169653693004875
-3.482496691836329 -6.3324879739198545 6.30827081334246
-6.3324879739198545 -8.818602467886006 6.123502040758467
-8.818602467886006 -3.174407088780952 5.058209654629536
-3.174407088780952 -5.795115227846141 6.309916838588833
-5.795115227846141 -9.105674957965354 6.212755409927922
-9.105674957965354 -2.647104738131748 4.790720219492869
-2.647104738131748 -4.855942558654854 6.311214299154017
-4.855942558654854 -8.451892352819941 6.283802488867877
-8.451892352819941 -4.008129945599463 5.320985256270433
-4.008129945599463 -7.215712598626744 6.303462101768673
-7.215712598626744 -7.200123156764999 5.879533180839644
-7.200123156764999 -7.237556249571957 5.884818410677326
-7.237556249571957 -7.147327809791221 5.872070867997536
-7.147327809791221 -7.362720101582233 5.90246731188563
-7.362720101582233 -6.837822671341215 5.828027128140093
-6.837822671341215 -8.035256761646124 5.99808148169177
-8.035256761646124 -5.073589360759261 5.5483929161855485
-5.073589360759261 -8.697673010396995 6.2739810929979285
-8.697673010396995 -3.433590715737376 5.153363685565637
-3.433590715737376 -6.247940192541799 6.308577151587087
-6.247940192541799 -8.902543476960451 6.140536046061243
-8.902543476960451 -3.0060913748519984 4.986355981291126
-3.0060913748519984 -5.497496024850295 6.31056036314294
-5.497496024850295 -9.029520209240426 6.24461488489942
-9.029520209240426 -2.77285173580503 4.867776739742112
-2.77285173580503 -5.081538171608079 6.311139221932535
-5.081538171608079 -8.70582354848899 6.273566110961838
-8.70582354848899 -3.4155644398305056 5.147240281574341
-3.4155644398305056 -6.21669783724735 6.308685411802799
-6.21669783724735 -8.929882532231357 6.146539901412325
-8.929882532231357 -2.953580290100535 4.961853917504413
-2.953580290100535 -5.404174061943684 6.310725562580046
-5.404174061943684 -8.976493533345343 6.2524977100147225
-8.976493533345343 -2.8668801389190217 4.91878836712749
-2.8668801389190217 -5.24966031172456 6.31095728895707
-5.24966031172456 -8.862435570977995 6.263681665162949
-8.862435570977995 -3.085225572141834 5.0213128271389
-3.085225572141834 -5.637724581284551 6.310279056189756
-5.637724581284551 -9.084067706255976 6.230962270301461
-9.084067706255976 -2.6816162877563845 4.813036417239346
-2.6816162877563845 -4.917934637589214 6.3112193372508045
-4.917934637589214 -8.526065759602238 6.281290227336285
-8.526065759602238 -3.8290606309943525 5.27361449009004
-3.8290606309943525 -6.9209613594978086 6.305469274255302
-6.9209613594978086 -7.866281546354026 5.973734626564692
-7.866281546354026 -5.521406312562372 5.626617849738977
-5.521406312562372 -9.0410231746545 6.242445714027781
-9.0410231746545 -2.753135432011753 4.856424403205892
-2.753135432011753 -5.046219950115238 6.311165972547315
-5.046219950115238 -8.669130282290967 6.275378909220308
-8.669130282290967 -3.4973027227942284 5.174495528379339
-3.4973027227942284 -6.35802066272593 6.308174315414362
-6.35802066272593 -8.790418618192335 6.1181317025821045
-8.790418618192335 -3.233153534485362 5.081236224483291
-3.233153534485362 -5.898386209187726 6.30965182291402
-5.898386209187726 -9.095152043763086 6.198988178624859
-9.095152043763086 -2.6637935167446685 4.801632885704748
-2.6637935167446685 -4.8859267610952495 6.311219695253385
-4.8859267610952495 -8.48815292137774 6.282613494748148
-8.48815292137774 -3.920050920853899 5.298143525838896
-3.920050920853899 -7.07167742544427 6.304506923617737
-7.07167742544427 -7.537370519349535 5.927082656802668
-7.537370519349535 -6.3902348052022635 5.762808345132726
-6.3902348052022635 -8.75300535243013 6.111206311778005
-8.75300535243013 -3.3127411378764697 5.1109897270471265
-3.3127411378764697 -6.037730126675076 6.309257913080728
-6.037730126675076 -9.048011371093931 6.177948377078792
-9.048011371093931 -2.7412799531344825 4.849477729720093
-2.7412799531344825 -5.0249727687276 6.311179799840829
-5.0249727687276 -8.646472583676207 6.27642921073857
-8.646472583676207 -3.5485053812558425 5.190932868439631
-3.5485053812558425 -6.4460794167348086 6.307826512684187
-6.4460794167348086 -8.683305951876479 6.098806057339971
-8.683305951876479 -3.4655479790521806 5.164060581553713
-3.4655479790521806 -6.303223455635795 6.3083791065128025
-6.303223455635795 -8.849294813523017 6.1295281911079655
-8.849294813523017 -3.1116736902639976 5.032515253429665
-3.1116736902639976 -5.684475124408191 6.310176616951139
-5.684475124408191 -9.09504492777482 6.225887884493204
-9.09504492777482 -2.663964560372927 4.801743535643254
-2.663964560372927 -4.886234006461778 6.311219720808367
-4.886234006461778 -8.488520798362025 6.282601061318928
-8.488520798362025 -3.919162483924535 5.297908742442814
-3.919162483924535 -7.070214900277011 6.304516871370652
-7.070214900277011 -7.540688561082326 5.92755069614941
-7.540688561082326 -6.38159691044707 5.761525128675203
-6.38159691044707 -8.763239327001694 6.11307965062224
-8.763239327001694 -3.290794420012565 5.102941457575071
-3.290794420012565 -5.999373113059595 6.309370661221692
-5.999373113059595 -9.064849147174037 6.184031094244347
-9.064849147174037 -2.7131006811569427 4.832584935449631
-2.7131006811569427 -4.974440685304398 6.3112051661992155
-4.974440685304398 -8.590895672379105 6.278810852338211
-8.590895672379105 -3.6763132708315847 5.230041172031633
-3.6763132708315847 -6.664130949450986 6.306854836886487
-6.664130949450986 -8.354985819493432 6.045652998851438
-8.354985819493432 -4.2480572974323785 5.379282694428184
-4.2480572974323785 -7.596953494029082 6.299927143152672
-7.596953494029082 -6.234536427114918 5.739503290518769
-6.234536427114918 -8.914516827120543 6.143130962567739
-8.914516827120543 -2.982947365693671 4.975693201677132
-2.982947365693671 -5.456390312731174 6.310635348483629
-5.456390312731174 -9.007729197452827 6.248199052677592
-9.007729197452827 -2.8108770738047397 4.889001912270032
-2.8108770738047397 -5.149591390550215 6.3110756688111
-5.149591390550215 -8.772948651529875 6.269825192046483
-8.772948651529875 -3.270094488889131 5.095243199270044
-3.270094488889131 -5.96314711979161 6.3094740960168565
-5.96314711979161 -9.078041813091904 6.189571034903565
-9.078041813091904 -2.691409145636522 4.819196337602989
-2.691409145636522 -4.935515327998878 6.31121668311971
-4.935515327998878 -8.546529301267716 6.280538844584953
-8.546529301267716 -3.780444709590757 5.260088413351696
-3.780444709590757 -6.839707651704366 6.305939576370292
-6.839707651704366 -8.031533182489042 5.9975406211942754
-8.031533182489042 -5.083409477378542 5.550188614724902
-5.083409477378542 -8.707733390095802 6.273467237671866
-8.707733390095802 -3.4113514685686734 5.145799629241083
-3.4113514685686734 -6.2093901497110835 6.308710361983685
-6.2093901497110835 -8.93598927888514 6.1479216677143995
-8.93598927888514 -2.9420150745721636 4.956304938836183
-2.9420150745721636 -5.383593190568234 6.310759533507735
-5.383593190568234 -8.963125276051805 6.254116664669709
-8.963125276051805 -2.891370855201498 4.931308092818654
-2.891370855201498 -5.293358581625235 6.310897388601006
-5.293358581625235 -8.897805058880396 6.260738742003014
-8.897805058880396 -3.015312556629149 4.99054664887808
-3.015312556629149 -5.513862139024904 6.3105295530222065
-5.513862139024904 -9.037488337426618 6.243137059813307
-9.037488337426618 -2.7591676503885205 4.859923848385733
-2.7591676503885205 -5.0570278643907685 6.311158272381363
-5.0570278643907685 -8.680489106281248 6.274833156510795
-8.680489106281248 -3.4718404791862327 5.166143490509057
-3.4718404791862327 -6.314092949931196 6.308339168434031
-6.314092949931196 -8.838096537212659 6.1273060424809955
-8.838096537212659 -3.1344085702172517 5.041965820675614
-3.1344085702172517 -5.72461296364661 6.310085209435783
-5.72461296364661 -9.101439812970414 6.221310017677752
-9.101439812970414 -2.653794172687097 4.7951223530835705
-2.653794172687097 -4.867962709151101 6.31121716715279
-4.867962709151101 -8.466513386974539 6.283331594651827
-8.466513386974539 -3.9724951793511485 5.311845786269259
-3.9724951793511485 -7.157673054887311 6.303899138254565
-7.157673054887311 -7.338396499889957 5.899039440178967
-7.338396499889957 -6.898825365610002 5.836758847672172
-6.898825365610002 -7.912199117991238 5.980314703127078
-7.912199117991238 -5.399401510884748 5.605990660782481
-5.399401510884748 -8.973445911662129 6.252876622331314
-8.973445911662129 -2.8724362787502025 4.9216545382751065
-2.8724362787502025 -5.259577467747652 6.310944107961404
-5.259577467747652 -8.870667780241694 6.263028226008828
-8.870667780241694 -3.0687856657294352 5.014232423580324
-3.0687856657294352 -5.608634734896927 6.310340617752445
-5.608634734896927 -9.075369311103684 6.2339838180869265
-9.075369311103684 -2.695775491871122 4.821919352101759
-2.695775491871122 -4.943352564267119 6.311214972534799
-4.943352564267119 -8.555567409342006 6.280198136404579
-8.555567409342006 -3.75908794335262 5.254048492393849
-3.75908794335262 -6.803863799175209 6.306137204253901
-6.803863799175209 -8.101447969073533 6.007736321873381
-8.101447969073533 -4.89959112484222 5.515877190531683
-4.89959112484222 -8.50444067591906 6.282054901599622
-8.50444067591906 -3.8808179361414856 5.28768848616528
-3.8808179361414856 -7.006918620966676 6.304935606109211
-7.006918620966676 -7.682011543012245 5.947520296269431
-7.682011543012245 -6.010498192323159 5.705240170524121
-6.010498192323159 -9.060270490071057 6.18228988879855
-9.060270490071057 -2.7207089410758982 4.837200231837414
-2.7207089410758982 -4.988088123047499 6.311199416100862
-4.988088123047499 -8.60613496538714 6.278183383332362
-8.60613496538714 -3.6409663022971785 5.219484299990654
-3.6409663022971785 -6.604091417678211 6.30713927854049
-6.604091417678211 -8.453965421560085 6.061031303343043
-8.453965421560085 -4.003067800642036 5.319695131291155
-4.003067800642036 -7.207487763772185 6.303525418123172
-7.207487763772185 -7.219898503043177 5.882325819862672
-7.219898503043177 -7.190036743697624 5.878108297691142
-7.190036743697624 -7.261663176825074 5.888220026863564
-7.261663176825074 -7.088612883185476 5.863758407056594
-7.088612883185476 -7.498782608629307 5.92164123249313
-7.498782608629307 -6.49037338520064 5.777607969532255
-6.49037338520064 -8.623729037931577 6.088615792888959
-8.623729037931577 -3.6004374144859748 5.20714103337923
-3.6004374144859748 -6.534994881465551 6.307450307527688
-6.534994881465551 -8.559954237235523 6.078034887872491
-8.559954237235523 -3.748748007821005 5.2511021263471775
-3.748748007821005 -6.786478210306829 6.306230988633615
-6.786478210306829 -8.134669600596503 6.012613345768841
-8.134669600596503 -4.812729240286998 5.499113682140887
-4.812729240286998 -8.398418931643654 6.28543302250182
-8.398418931643654 -4.139754284542084 5.35362849244666
-4.139754284542084 -7.4270675005477775 6.301660738430655
-7.4270675005477775 -6.674720033234975 5.804519499779417
-6.674720033234975 -8.336886272520573 6.042883135381999
-8.336886272520573 -4.293529769917777 5.389757535169338
-4.293529769917777 -7.667061261109657 6.299122055439511
-7.667061261109657 -6.049998145612382 5.711349903282098
-6.049998145612382 -9.041999016774886 6.1759552444164
-9.041999016774886 -2.751474326008981 4.855456628622051
-2.751474326008981 -5.043243401471937 6.311168015517978
-5.043243401471937 -8.665982145239996 6.2755278409749735
-8.665982145239996 -3.5043843838972073 5.176797026409986
-3.5043843838972073 -6.370222066457883 6.30812752622478
-6.370222066457883 -8.776490492966145 6.11552830167966
-8.776490492966145 -3.2625732736518787 5.092419672171673
-3.2625732736518787 -5.949973268118722 6.309510989158298
-5.949973268118722 -9.082191753657163 6.191536898524646
-9.082191753657163 -2.6846571676209527 4.814957082306137
-2.6846571676209527 -4.923394281871694 6.3112186919897795
-4.923394281871694 -8.532448440107311 6.281058781680258
-8.532448440107311 -3.813858733931994 5.269417617590079
-3.813858733931994 -6.895605798384482 6.305619461401875
-6.895605798384482 -7.918822789513605 5.981265885922767
-7.918822789513605 -5.381813843353593 5.602978113529389
-5.381813843353593 -8.961942145137495 6.25425443943459
-8.961942145137495 -2.893553120010662 4.932409572267716
-2.893553120010662 -5.297250422352497 6.310891829198226
-5.297250422352497 -8.900840213651023 6.260468543228853
-8.900840213651023 -3.0094019839298545 4.9878642448984465
-3.0094019839298545 -5.503372584350246 6.310549362367965
-5.503372584350246 -9.032428315108232 6.2440876215732715
-9.032428315108232 -2.767843669373762 4.864916383734453
-2.767843669373762 -5.072569161145948 6.311146443214966
-5.072569161145948 -8.696622113643915 6.274034540394496
-8.696622113643915 -3.4359204328036577 5.154150300324545
-3.4359204328036577 -6.251974915303857 6.308562980382703
-6.251974915303857 -8.898867543511471 6.139749279429452
-8.898867543511471 -3.0132418773991514 4.98960841464941
-3.0132418773991514 -5.510187593242435 6.310536517543369
-5.510187593242435 -9.035734945379593 6.2434714239388995
-9.035734945379593 -2.7621685911201435 4.861656097782543
-2.7621685911201435 -5.062403901049318 6.311154280050687
-5.062403901049318 -8.686096743771516 6.274558759909269
-8.686096743771516 -3.459322312417787 5.161992319272031
-3.459322312417787 -6.292464179962761 6.308418312270078
-6.292464179962761 -8.860144297763249 6.131709075229082
-8.860144297763249 -3.0898190560106955 5.023274928025785
-3.0898190560106955 -5.645848498246102 6.310261565422479
-5.645848498246102 -9.086243187969213 6.230100004608175
-9.086243187969213 -2.678098722929367 4.810805704797531
-2.678098722929367 -4.911618606106399 6.311219877345138
-4.911618606106399 -8.518650985959423 6.281555869492877
-8.518650985959423 -3.8467636308849094 5.278465294857597
-3.8467636308849094 -6.950427289856399 6.305290682301347
-6.950427289856399 -7.804160095177031 5.964866718157282
-7.804160095177031 -5.686543347048296 5.653839062710176
-5.686543347048296 -9.095443570619445 6.225656914373758
-9.095443570619445 -2.6633281228148302 4.801331696660782
-2.6633281228148302 -4.885090768196517 6.311219622795761
-4.885090768196517 -8.487151571634776 6.28264729930379
-8.487151571634776 -3.922469755120078 5.298782284105982
-3.922469755120078 -7.075658313334843 6.304479782680573
-7.075658313334843 -7.528327408242064 5.925807177272873
-7.528327408242064 -6.4137556142698795 5.766297059992212
-6.4137556142698795 -8.724392784307371 6.106044487776671
-8.724392784307371 -3.3747811684223095 5.133138407298247
-3.3747811684223095 -6.145863955308072 6.308921461974023
-6.145863955308072 -8.9844680805007 6.159574817553221
-8.9844680805007 -2.8524182387797197 4.911255003311453
-2.8524182387797197 -5.223837926828422 6.3109904329649
-5.223837926828422 -8.840448271553594 6.265344308440035
-8.840448271553594 -3.1296192310099813 5.039988394282773
-3.1296192310099813 -5.716161348117523 6.310104723232143
-5.716161348117523 -9.10032979413428 6.222291269212292
-9.10032979413428 -2.655553544119917 4.796273885409391
-2.655553544119917 -4.871123778309082 6.311217762036904
-4.871123778309082 -8.470339705206232 6.283206488140422
-8.470339705206232 -3.9631959186223966 5.309438322397909
-3.9631959186223966 -7.142473805241706 6.304009920486351
-7.142473805241706 -7.374097688663295 5.904070578420942
-7.374097688663295 -6.809160286893649 5.823913899021136
-6.809160286893649 -8.09123659666939 6.006241640045118
-8.09123659666939 -4.926357578907336 5.520968789944163
-4.926357578907336 -8.535902610413181 6.2809318481758964
-8.535902610413181 -3.805646197700964 5.26713808972454
-3.805646197700964 -6.88188805726545 6.305699400025333
-6.88188805726545 -7.946886048484968 5.98530178656074
-7.946886048484968 -5.307345788243411 5.590107668082055
-5.307345788243411 -8.908624152159817 6.259761069595697
-8.908624152159817 -2.994309463062984 4.980954079352159
-2.994309463062984 -5.476575462141609 6.3105989576397405
-5.476575462141609 -9.018744280413381 6.246461575217836
-9.018744280413381 -2.791546392922991 4.878318712080727
-2.791546392922991 -5.115006119713311 6.311109840680729
-5.115006119713311 -8.739438790687075 6.271768283695565
-8.739438790687075 -3.3420338595940153 5.121555718213131
-3.3420338595940153 -6.088841960787361 6.309102372870257
-6.088841960787361 -9.020947084947698 6.169491178074168
-9.020947084947698 -2.787707347999205 4.876171032681668
-2.787707347999205 -5.108134936090171 6.311116177677832
-5.108134936090171 -8.732631238408153 6.272143899153889
-8.732631238408153 -3.35681682726323 5.12681381848779
-3.35681682726323 -6.114598785770352 6.30902163722385
-6.114598785770352 -9.005292658130312 6.165075230503135
-9.005292658130312 -2.815182888809829 4.89135239198913
-2.815182888809829 -5.157292074328813 6.31106756090594
-5.157292074328813 -8.78023529084981 6.269380396053748
-8.78023529084981 -3.2546385953561185 5.08942540417047
-3.2546385953561185 -5.9360687642291134 6.30954951597414
-5.9360687642291134 -9.086199496013213 6.193583823620429
-9.086199496013213 -2.678169275339104 4.810850541582113
-2.678169275339104 -4.911745293504073 6.311219868701301
-4.911745293504073 -8.518800036486718 6.281550563302517
-8.518800036486718 -3.8464073175563005 5.278368044790113
-3.8464073175563005 -6.949834879725809 6.3052943166567275
-6.949834879725809 -7.805420049536462 5.965046227389394
-7.805420049536462 -5.683194712041252 5.653294492793066
-5.683194712041252 -9.09479442214244 6.226030381056262
-9.09479442214244 -2.6643646607180287 4.802002271750098
-2.6643646607180287 -4.886952700901078 6.311219778341183
-4.886952700901078 -8.489381024219805 6.282571957483015
-8.489381024219805 -3.917085419670814 5.297359493402837
-3.917085419670814 -7.066794958413739 6.304540083912798
-7.066794958413739 -7.5484383987010535 5.92864398659367
-7.5484383987010535 -6.361405773777413 5.7585213296715665
-6.361405773777413 -8.786584153539382 6.117411785387958
-8.786584153539382 -3.2412277303714303 5.084327864084116
-3.2412277303714303 -5.912553068872354 6.309613718602122
-5.912553068872354 -9.092112016371377 6.196980762964813
-9.092112016371377 -2.6686569139335643 4.804769805710748
-2.6686569139335643 -4.894662361296416 6.3112201969252055
-4.894662361296416 -8.498582820187455 6.282257976276014
-8.498582820187455 -3.8949036768081244 5.291462820907327
-3.8949036768081244 -7.030209476543251 6.304784166532045
-7.030209476543251 -7.630537700582005 5.940237442819125
-7.630537700582005 -6.146291567672485 5.726117736678134
-6.146291567672485 -8.984169373112277 6.15949845952855
-8.984169373112277 -2.8529579398644485 4.911538062862746
-2.8529579398644485 -5.2248018279221755 6.310989226847596
-5.2248018279221755 -8.841283182818803 6.265283239190467
-8.841283182818803 -3.1279208099623115 5.039285441502216
-3.1279208099623115 -5.713163695814777 6.3101116102388914
-5.713163695814777 -9.099905598433322 6.222637069389748
-9.099905598433322 -2.6562265575983197 4.7967136980350915
-2.6562265575983197 -4.872332948488079 6.3112179723812005
-4.872332948488079 -8.471801269579167 6.283158491609356
-8.471801269579167 -3.9596467387602687 5.308516996203252
-3.9596467387602687 -7.1366671297443 6.3040518533616705
-7.1366671297443 -7.3876784865455996 5.905984207376605
-7.3876784865455996 -6.774845013384736 5.818979936699179
-6.774845013384736 -8.156642096132149 6.015851633281272
-8.156642096132149 -4.755479531710775 5.487854768680336
-4.755479531710775 -8.325480132075976 6.2874527682706685
-8.325480132075976 -4.322283546176607 5.396295591883245
-4.322283546176607 -7.710989993070709 6.298587321398372
-7.710989993070709 -5.933817109886921 5.693287991131001
-5.933817109886921 -9.086812621690234 6.193912518776415
-9.086812621690234 -2.6771795697417304 4.81022121548267
-2.6771795697417304 -4.909968108090662 6.311219981438626
-4.909968108090662 -8.51670792850015 6.281624916327928
-8.51670792850015 -3.8514102964367787 5.279732097427768
-3.8514102964367787 -6.958150380694889 6.305243135519049
-6.958150380694889 -7.787693718119071 5.9625219348672545
-7.787693718119071 -5.730299627411205 5.660928153178247
-5.730299627411205 -9.102115024879316 6.220644403125334
-9.102115024879316 -2.6527252025387833 4.794421430820876
-2.6527252025387833 -4.8660420209663995 6.311216773696287
-4.8660420209663995 -8.46418466304385 6.283407350752896
-8.46418466304385 -3.978160165296114 5.313307786129371
-3.978160165296114 -7.1669215735055705 6.303830997603654
-7.1669215735055705 -7.316566456088197 5.895962403841622
-7.316566456088197 -6.953242948904905 5.844524151763835
-6.953242948904905 -7.798165565390552 5.964012833062952
-7.798165565390552 -5.702474296023977 5.65642580979511
-5.702474296023977 -9.098263566104997 6.22386055997049
-9.098263566104997 -2.6588352165910636 4.7984148914492835
-2.6588352165910636 -4.8770196104207795 6.31121869861272
-4.8770196104207795 -8.477455297113584 6.28297172063867
-8.477455297113584 -3.9459321307038517 5.304943811672274
-3.9459321307038517 -7.114199975612955 6.304212101051235
-7.114199975612955 -7.439913861125688 5.913344363678334
-7.439913861125688 -6.641883197108585 5.799754627631046
-6.641883197108585 -8.392391200935123 6.0514163475017995
-8.392391200935123 -4.154713178427494 5.357233646216628
-4.154713178427494 -7.450761970635264 6.301435734845654
-7.450761970635264 -6.614088283168938 5.795712115239439
-6.614088283168938 -8.437921091861789 6.05850942737743
-8.437921091861789 -4.042327081922456 5.32963117379586
-4.042327081922456 -7.271095992218907 6.303023325130198
-7.271095992218907 -7.065514476658042 5.860483799915528
-7.065514476658042 -7.551336793041305 5.929052900395618
-7.551336793041305 -6.353848781226796 5.757395532351438
-6.353848781226796 -8.795112793541012 6.119016314345572
-8.795112793541012 -3.223295344901584 5.077438100928703
-3.223295344901584 -5.8810802124116455 6.309697790162318
-5.8810802124116455 -9.098336788623508 6.201400919982916
-9.098336788623508 -2.6587187722325014 4.7983390745012
-2.6587187722325014 -4.876810415299822 6.311218669185109
-4.876810415299822 -8.477203292635629 6.2829800825275015
-8.477203292635629 -3.946542881292788 5.305103378706917
-3.946542881292788 -7.115201482646216 6.3042050247349835
-7.115201482646216 -7.437596084933253 5.91301776506225
-7.437596084933253 -6.64781403776933 5.80061610204757
-6.64781403776933 -8.382502548899206 6.049887384086105
-8.382502548899206 -4.179304582653597 5.363116321346752
-4.179304582653597 -7.489558784802905 6.301056108393823
-7.489558784802905 -6.514218159461686 5.781112147014937
-6.514218159461686 -8.590112961000768 6.083000806844211
-8.590112961000768 -3.678134698938906 5.230580066969196
-3.678134698938906 -6.667218986285072 6.306839835497158
-6.667218986285072 -8.349727142313105 6.044847020071757
-8.349727142313105 -4.26124904281931 5.382338871462707
-4.26124904281931 -7.617370314930797 6.2996985569516255
-7.617370314930797 -6.1809267907165255 5.7313876727057504
-6.1809267907165255 -8.958732753017022 6.15322228308105
-8.958732753017022 -2.8994847754637405 4.935392121606128
-2.8994847754637405 -5.307827290798844 6.310876539373567
-5.307827290798844 -8.908992069101162 6.259727391112392
-8.908992069101162 -2.9935984501664445 4.980626359365488
-2.9935984501664445 -5.47531261112637 6.310601258861425
-5.47531261112637 -9.018072825163072 6.246571544590552
-9.018072825163072 -2.792718383599364 4.878972618400439
-2.792718383599364 -5.117103597256323 6.311107875730158
-5.117103597256323 -8.741507054331874 6.271652944735251
-8.741507054331874 -3.3375535885455525 5.119952435139567
-3.3375535885455525 -6.081030835091803 6.309126542269951
-6.081030835091803 -9.025427035260783 6.170809886354618
-9.025427035260783 -2.7799273911227655 4.871791621961165
-2.7799273911227655 -5.094207646855662 6.311128543695304
-5.094207646855662 -8.718683439265606 6.272894868090589
-8.718683439265606 -3.3872777334658704 5.1374967359006405
-3.3872777334658704 -6.167590160648595 6.308850419814917
-6.167590160648595 -8.968818371596564 6.155661588963994
-8.968818371596564 -2.8809034833990874 4.925993008604564
-2.8809034833990874 -5.274686706017889 6.310923555794943
-5.274686706017889 -8.882979730119398 6.262016487951769
-8.882979730119398 -3.0443869077764436 5.003552427875547
-3.0443869077764436 -5.565420512630308 6.3104289817893005
-5.565420512630308 -9.059874990981097 6.238285960693247
-9.059874990981097 -2.7213680524868726 4.837598136640736
-2.7213680524868726 -4.989270276136002 6.311198878378491
-4.989270276136002 -8.607447127964686 6.278128490948802
-8.607447127964686 -3.6379332148832813 5.218569519740413
-3.6379332148832813 -6.598929680209812 6.307163104807842
-6.598929680209812 -8.462180391063363 6.062327338822797
-8.462180391063363 -3.9830391194561137 5.314564158916255
-3.9830391194561137 -7.174880310869261 6.303771911372678
-7.174880310869261 -7.297717520962843 5.893305000023247
-7.297717520962843 -6.999964678826482 5.851175071313264
-6.999964678826482 -7.6972568636058805 5.949679931010905
-7.6972568636058805 -5.970174932250226 5.698970403063868
-5.970174932250226 -9.075687043453437 6.188511631875372
-9.075687043453437 -2.6952556356729236 4.8215959019307775
-2.6952556356729236 -4.9424195128936335 6.311215192801683
-4.9424195128936335 -8.55449414113165 6.28023888689313
-8.55449414113165 -3.761620280513486 5.254767866708789
-3.761620280513486 -6.8081185487528035 6.306114048520612
-6.8081185487528035 -8.093248344358969 6.006535963510032
-8.093248344358969 -4.92108192092438 5.519967920456111
-4.92108192092438 -8.529748500708331 6.281156406539594
-8.529748500708331 -3.8202850925873806 5.271195351295319
-3.8202850925873806 -6.906330322311166 6.305556325614816
-6.906330322311166 -7.89670473009176 5.978091708444481
-7.89670473009176 -5.440556865075509 5.61300084650793
-5.440556865075509 -8.998671014020442 6.249531825966187
-8.998671014020442 -2.8269387080012804 4.897717044746969
-2.8269387080012804 -5.178310931788335 6.311044543252137
-5.178310931788335 -8.799792889948682 6.268143245026295
-8.799792889948682 -3.2134957354641243 5.073636708308186
-3.2134957354641243 -5.863867385741831 6.309742881914644
-5.863867385741831 -9.100931105304785 6.203757953257082
-9.100931105304785 -2.654600157049297 4.795650202117031
-2.654600157049297 -4.86941084093006 6.311217447808303
-4.86941084093006 -8.468267252614888 6.2832743475955795
-8.468267252614888 -3.968231315888065 5.3107430923082575
-3.968231315888065 -7.150706638840037 6.303950098508722
-7.150706638840037 -7.354786999158613 5.901349382978879
-7.354786999158613 -6.85776013221047 5.83088419383057
-6.85776013221047 -7.9956136517600225 5.992334302087329
-7.9956136517600225 -5.17828524973053 5.5673357059295085
-5.17828524973053 -8.799769446333185 6.268144416777432
-8.799769446333185 -3.2135447512807156 5.073655786849486
-3.2135447512807156 -5.863953504884712 6.309742657893366
-5.863953504884712 -9.100919541834116 6.2037462659664016
-9.100919541834116 -2.65461848410391 4.795662198423088
-2.65461848410391 -4.869443769268541 6.311217454032885
-4.869443769268541 -8.468307113753399 6.283273044569796
-8.468307113753399 -3.9681344354767094 5.310718014770828
-3.9681344354767094 -7.150548299967093 6.303951253117702
-7.150548299967093 -7.355159003646497 5.901401807257571
-7.355159003646497 -6.856826097926365 5.830750418323078
-6.856826097926365 -7.997483534790432 5.992604842263972
-7.997483534790432 -5.173340174667635 5.566450779737352
-5.173340174667635 -8.795211994613718 6.268438534410961
-8.795211994613718 -3.2230873278375105 5.077357677737382
-3.2230873278375105 -5.8807149341393075 6.309698753531848
-5.8807149341393075 -9.09839776692609 6.201451380373328
-9.09839776692609 -2.6586218079981494 4.798275932460456
-2.6586218079981494 -4.876636216240509 6.311218644486871
-4.876636216240509 -8.476993419313164 6.282987043759931
-8.476993419313164 -3.947051561233913 5.305236246736968
-3.947051561233913 -7.116035545128779 6.304199126801905
-7.116035545128779 -7.4356650537430635 5.912745665105831
-7.4356650537430635 -6.652753145079271 5.801333229954253
-6.652753145079271 -8.374221297090868 6.048609953793857
-8.374221297090868 -4.199946547830374 5.368012816432383
-4.199946547830374 -7.5219717716072845 6.300727837075101
-7.5219717716072845 -6.430267413456341 5.768741477681033
-6.430267413456341 -8.703658670857399 6.10236781193089
-8.703658670857399 -3.4203450509243587 5.148870640870882
-3.4203450509243587 -6.224987419382397 6.308656939379944
-6.224987419382397 -8.922823015891469 6.1449621315969125
-8.922823015891469 -2.967025382003704 4.9682339414630405
-2.967025382003704 -5.428088064781504 6.310684955726174
-5.428088064781504 -8.991282640291368 6.250563547713682
-8.991282640291368 -2.8401484953910643 4.9047788359748665
-2.8401484953910643 -5.20191931994781 6.311017191306746
-5.20191931994781 -8.8211711494068 6.266712552982426
-8.8211711494068 -3.169106413091693 5.056084218627802
-3.169106413091693 -5.7857806947799055 6.309939708080492
-5.7857806947799055 -9.105636342269836 6.213926491049278
-9.105636342269836 -2.647165565125452 4.7907604192423605
-2.647165565125452 -4.856051866440475 6.311214329636641
-4.856051866440475 -8.452025817465671 6.283798240903707
-8.452025817465671 -4.007803948890161 5.320902254426983
-4.007803948890161 -7.215183131125288 6.303466191769985
-7.215183131125288 -7.201397913369276 5.8797132373729255
-7.201397913369276 -7.234503190928217 5.884387498854267
-7.234503190928217 -7.154730618940181 5.873117847146204
-7.154730618940181 -7.345325000009945 5.900015910730872
-7.345325000009945 -6.881487721616202 5.834280192793813
-6.881487721616202 -7.947701145147281 5.985419144117259
-7.947701145147281 -5.305184174789352 5.589731226929871
-5.305184174789352 -8.906968370216822 6.259913261063048
-8.906968370216822 -2.997511958541708 4.982427724029549
-2.997511958541708 -5.482263030529912 6.310588553260459
-5.482263030529912 -9.021738876176043 6.245964187539357
-9.021738876176043 -2.7863296051633473 4.875398139949539
-2.7863296051633473 -5.105668822724213 6.311118414369048
-5.105668822724213 -8.730176029327595 6.272277881836999
-8.730176029327595 -3.3621620829217433 5.128703082014908
-3.3621620829217433 -6.123905683972947 6.308992068652515
-6.123905683972947 -8.99930275449188 6.1634539888855215
-8.99930275449188 -2.8258137364098745 4.897111279649835
-2.8258137364098745 -5.176299898533553 6.311046800759868
-5.176299898533553 -8.797942836064518 6.268263089972606
-8.797942836064518 -3.217366069769261 5.07514116256425
-3.217366069769261 -5.870666698374078 6.309725144516051
-5.870666698374078 -9.099974371754874 6.202831957656599
-9.099974371754874 -2.6561174193009296 4.796642402074212
-2.6561174193009296 -4.872136866425256 6.311217938935442
-4.872136866425256 -8.471564336830625 6.283166280160003
-8.471564336830625 -3.9602219827679237 5.308666416642154
-3.9602219827679237 -7.13760847652731 6.304045069957283
-7.13760847652731 -7.385479057519727 5.905674297680889
-7.385479057519727 -6.7804098554713015 5.819780792464371
-6.7804098554713015 -8.146157259106289 6.014305071646959
-8.146157259106289 -4.782777062116772 5.493244683129888
-4.782777062116772 -8.360547582398915 6.286509171572106
-8.360547582398915 -4.23412329642362 5.3760388460505055
-4.23412329642362 -7.5753201571323086 6.300164298570962
-7.5753201571323086 -6.291204343848662 5.748029517453688
-6.291204343848662 -8.861399344995016 6.131963176670979
-8.861399344995016 -3.08730201698763 5.0222006471722125
-3.08730201698763 -5.641397151130794 6.310271165279119
-5.641397151130794 -9.08506499797752 6.230573472472315
-9.08506499797752 -2.6800025730934163 4.81201425677682
-2.6800025730934163 -4.915037172604368 6.311219612742207
-4.915037172604368 -8.522668353498412 6.281412369764439
-8.522668353498412 -3.8371663499357385 5.275840383063041
-3.8371663499357385 -6.934461265048452 6.305388000626408
-6.934461265048452 -7.837960003638704 5.969687166629228
-7.837960003638704 -5.596695873591821 5.6391232861278695
-5.596695873591821 -9.071393054225366 6.235194253993541
-9.071393054225366 -2.7022981443064897 4.825960594223943
-2.7022981443064897 -4.955058473068075 6.311211835076392
-4.955058473068075 -8.568968780388458 6.27968253493782
-8.568968780388458 -3.727554411516913 5.245017014976838
-3.727554411516913 -6.750780037001177 6.306419438204102
-6.750780037001177 -8.201430168954834 6.022486515106721
-8.201430168954834 -4.639333851041408 5.464462623347572
-4.639333851041408 -8.170786382670755 6.291100530143012
-8.170786382670755 -4.7187173705958365 5.480532563002271
-4.7187173705958365 -8.277452809722696 6.2886698035254085
-8.277452809722696 -4.444136222494331 5.423308640236428
-4.444136222494331 -7.8933817818237735 6.296079302688668
-7.8933817818237735 -5.449385263994301 5.614497595654029
-5.449385263994301 -9.00376665962592 6.2487917974231095
-9.00376665962592 -2.817885082162323 4.892822160940341
-2.817885082162323 -5.1621242110981544 6.31106238326538
-5.1621242110981544 -8.784774589562218 6.269098987117104
-8.784774589562218 -3.2450447829630256 5.0857834879370785
-3.2450447829630256 -5.919248087700753 6.3095955614044215
-5.919248087700753 -9.090539072233637 6.19602190376645
-9.090539072233637 -2.6711806487768106 4.806390111943983
-2.6711806487768106 -4.899195055580514 6.311220276164022
-4.899195055580514 -8.503970358625878 6.2820718546827266
-8.503970358625878 -3.8819478379283985 5.287992114268491
-3.8819478379283985 -7.008788572589006 6.304923558536757
-7.008788572589006 -7.677902232576898 5.946938393619348
-7.677902232576898 -6.021359765496061 5.7069233199454175
-6.021359765496061 -9.055560173861625 6.180571824450453
-9.055560173861625 -2.7285785697040823 4.841931349137667
-2.7285785697040823 -5.0022012832201925 6.311192594735985
-5.0022012832201925 -8.621717346728857 6.277522358219358
-8.621717346728857 -3.6050559935327895 5.208560881914309
-3.6050559935327895 -6.542882324939494 6.307415653511271
-6.542882324939494 -8.5482954367045 6.076131816274938
-8.5482954367045 -3.77626575478779 5.258911356531826
-3.77626575478779 -6.832700978286539 6.305978667754971
-6.832700978286539 -8.04534817348969 5.999548496196439
-8.04534817348969 -5.046991085876104 5.543508824042874
-5.046991085876104 -8.669944706148533 6.275339759662529
-8.669944706148533 -3.4954724312989285 5.173899194487603
-3.4954724312989285 -6.354866008065442 6.308186341182591
-6.354866008065442 -8.79397143603285 6.118800909744095
-8.79397143603285 -3.2256896247680453 5.078362941867454
-3.2256896247680453 -5.885284258474152 6.309686681997846
-5.885284258474152 -9.097616435262513 6.2008187813826225
-9.097616435262513 -2.6598648119434953 4.799084773849245
-2.6598648119434953 -4.878869277522221 6.311218946633744
-4.878869277522221 -8.479681967925266 6.282897683771807
-8.479681967925266 -3.940537757352315 5.303532652540525
-3.940537757352315 -7.105350360742846 6.304274361160424
-7.105350360742846 -7.460350328179819 5.916224233906178
-7.460350328179819 -6.589472404563347 5.792124608906306
-6.589472404563347 -8.47710865342402 6.064691120313
-8.47710865342402 -3.9467722576396773 5.305163295070088
-3.9467722576396773 -7.115577589826954 6.304202365676247
-7.115577589826954 -7.436725403763922 5.912895077854046
-7.436725403763922 -6.650041266312547 5.800939514821948
-6.650041266312547 -8.378773402906445 6.0493118077374675
-8.378773402906445 -4.1885945524317805 5.3653246292178665
-4.1885945524317805 -7.504163861679033 6.3009094721910515
-7.504163861679033 -6.476445216387745 5.775557690232745
-6.476445216387745 -8.642867262750839 6.091853807756706
-8.642867262750839 -3.556702434011451 5.193521460696502
-3.556702434011451 -6.460141269515061 6.307768740209212
-6.460141269515061 -8.664799746244357 6.095604911150076
-8.664799746244357 -3.5070469088926117 5.1776599567838275
-3.5070469088926117 -6.374807663867237 6.308109827401495
-6.374807663867237 -8.77117938452698 6.1145436844944925
-8.77117938452698 -3.2738575886768615 5.096650572457293
-3.2738575886768615 -5.969736161304481 6.309455499911564
-5.969736161304481 -9.075836947276475 6.188578066992704
-9.075836947276475 -2.6950104409129194 4.821443273542172
-2.6950104409129194 -4.941979426450407 6.311215295143484
-4.941979426450407 -8.553987660752755 6.280258089764175
-8.553987660752755 -3.7628156561575588 5.2551071420784865
-3.7628156561575588 -6.810126549562804 6.306103092218109
-6.810126549562804 -8.089369189269474 6.005968534063868
-8.089369189269474 -4.931255746167579 5.521896874482991
-4.931255746167579 -8.541595444049968 6.280721929852007
-8.541595444049968 -3.792133364488777 5.263368428004469
-3.792133364488777 -6.85928712303514 6.305829133054431
-6.85928712303514 -7.992554057641195 5.991891757514168
-7.992554057641195 -5.186377951945421 5.568781868098085
-5.186377951945421 -8.807168817502975 6.267658968956312
-8.807168817502975 -3.198110676665653 5.0676157523830625
-3.198110676665653 -5.836824648022952 6.309812471841724
-5.836824648022952 -9.103862144347623 6.207375926709574
-9.103862144347623 -2.6499635728991144 4.792606177785274
-2.6499635728991144 -4.861079793272419 6.311215643736432
-4.861079793272419 -8.458154914235307 6.2836021675739175
-8.458154914235307 -3.9928472841119276 5.31708214415994
-3.9928472841119276 -7.190861336161222 6.3036519987254
-7.190861336161222 -7.259695743484009 5.887942474224474
-7.259695743484009 -7.093421945641717 5.864439841356216
-7.093421945641717 -7.487769868559119 5.920088788765497
-7.487769868559119 -6.5188384082529955 5.781790277984328
-6.5188384082529955 -8.583475907582724 6.081902400925173
-8.583475907582724 -3.6936027210590083 5.235136758719818
-3.6936027210590083 -6.693419959131575 6.306711048817306
-6.693419959131575 -8.304463187029748 6.037949862422465
-8.304463187029748 -4.375455381156069 5.408217801210412
-4.375455381156069 -7.791355318851823 6.297542914682708
-7.791355318851823 -5.720570894127012 5.659356229154582
-5.720570894127012 -9.100924801065217 6.2217803449966596
-9.100924801065217 -2.6546101486891764 4.79565674240439
-2.6546101486891764 -4.8694287929763655 6.311217451189805
-4.8694287929763655 -8.468288984427403 6.283273637214734
-8.468288984427403 -3.9681784977063583 5.310729420401913
-3.9681784977063583 -7.150620314442769 6.3039507279972895
-7.150620314442769 -7.354989814359703 5.901377964468338
-7.354989814359703 -6.857250911734886 5.830811262419957
-6.857250911734886 -7.9966332353115535 5.992481811974358
-7.9966332353115535 -5.17558879164276 5.566853289317805
-5.17558879164276 -8.797287728384264 6.268305029427211
-8.797287728384264 -3.218737653522039 5.075673342582377
-3.218737653522039 -5.8730759066819385 6.309718836309912
-5.8730759066819385 -9.099614070138516 6.202502263400675
-9.099614070138516 -2.656689299294994 4.79701587967611
-2.656689299294994 -4.873164322239708 6.311218111537528
-4.873164322239708 -8.472805510790836 6.283125445897895
-8.472805510790836 -3.957209036100092 5.307883396548277
-3.957209036100092 -7.1326770895183085 6.304080543559394
-7.1326770895183085 -7.3969915247048466 5.907296442472216
-7.3969915247048466 -6.751250559360448 5.815581171991653
-6.751250559360448 -8.20056314026849 6.022357598691087
-8.20056314026849 -4.6415747588778595 5.464921259328548
-4.6415747588778595 -8.173850322846606 6.291035426846065
-8.173850322846606 -4.710763729467729 5.478938596479566
-4.710763729467729 -8.26694444908208 6.288925257627852
-8.26694444908208 -4.470956811695776 5.42911128482956
-4.470956811695776 -7.932643889517871 6.295470172732166
-7.932643889517871 -5.345128086482626 5.596661223600677
-5.345128086482626 -8.93659189659788 6.25703213804627
-8.93659189659788 -2.9408771173572186 4.955755848704939
-2.9408771173572186 -5.38156762080242 6.310762827519284
-5.38156762080242 -8.961777997855185 6.2542737560143
-8.961777997855185 -2.893856075188546 4.9325623072491
-2.893856075188546 -5.297790685936803 6.310891054594322
-5.297790685936803 -8.90126004294599 6.260430927848574
-8.90126004294599 -3.008585547879296 4.987492677746559
-3.008585547879296 -5.501923433014335 6.310552081617061
-5.501923433014335 -9.031716056227904 6.244217994211795
-9.031716056227904 -2.7690687891799017 4.8656175525720755
-2.7690687891799017 -5.0747633735981905 6.311144702851379
-5.0747633735981905 -8.698880610816772 6.27392045567467
-8.698880610816772 -3.4309151453832563 5.1524589563669
-3.4309151453832563 -6.243305639298375 6.3085933755301085
-6.243305639298375 -8.90672492501512 6.141436554820757
-8.90672492501512 -2.9979831760450155 4.982644219562644
-2.9979831760450155 -5.48309983725406 6.310587016869249
-5.48309983725406 -9.022175388899507 6.245890714822963
-9.022175388899507 -2.7855705544928897 4.874971838580677
-2.7855705544928897 -5.1043101008985 6.311119638088712
-5.1043101008985 -8.72882063264904 6.272351514377078
-8.72882063264904 -3.3651160071923374 5.12974443796702
-3.3651160071923374 -6.12904746227344 6.308975641939469
-6.12904746227344 -8.995917535319125 6.162552456467893
-8.995917535319125 -2.8318503096973897 4.900353720486237
-2.8318503096973897 -5.1870901508157825 6.311034553738864
-5.1870901508157825 -8.807816327323302 6.267616355493374
-8.807816327323302 -3.19676355929034 5.067085438127833
-3.19676355929034 -5.834455679192139 6.309818495537911
-5.834455679192139 -9.104052709088435 6.2076879512824235
-9.104052709088435 -2.6496627312561767 4.792408041263116
-2.6496627312561767 -4.860539206893333 6.311215510660986
-4.860539206893333 -8.4574968740104 6.283623312488999
-8.4574968740104 -3.99445175586705 5.31749307552127
-3.99445175586705 -7.193473238410982 6.303632237848433
-7.193473238410982 -7.253459880295136 5.887062671226886
-7.253459880295136 -7.108644512446566 5.866596113970445
-7.108644512446566 -7.45275240061665 5.915153499781809
-7.45275240061665 -6.608982022009762 5.794968501664698
-6.608982022009762 -8.446138364737452 6.059799493759783
-8.446138364737452 -4.0221967940517915 5.324556277564625
-4.0221967940517915 -7.23853242499008 6.3032839632287505
-7.23853242499008 -7.144959269286004 5.871735845961666
-7.144959269286004 -7.368274678042849 5.903250038076294
-7.368274678042849 -6.823839538886627 5.826021342885724
-6.823839538886627 -8.062717741067983 6.002077554629068
-8.062717741067983 -5.001265674364853 5.535041544379055
-5.001265674364853 -8.620690224945484 6.277566050835958
-8.620690224945484 -3.6074156822398398 5.209284967997519
-3.6074156822398398 -6.546910808303593 6.307397871047215
-6.546910808303593 -8.542296502044394 6.075156046154007
-8.542296502044394 -3.7904712222586947 5.262903099584946
-3.7904712222586947 -6.856504558728457 6.305844938058726
-6.856504558728457 -7.998126968009679 5.992697963169121
-7.998126968009679 -5.171638701360627 5.566146080411272
-5.171638701360627 -8.793637604128559 6.268539293771028
-8.793637604128559 -3.2263902454336493 5.07863328160056
-3.2263902454336493 -5.886514348784926 6.309683424738978
-5.886514348784926 -9.097399204216199 6.200647968134945
-9.097399204216199 -2.660210621606779 4.79930957072429
-2.660210621606779 -4.8794905137764975 6.311219025057653
-4.8794905137764975 -8.48042921709309 6.282872776107979
-8.48042921709309 -3.938728313246372 5.303058576902913
-3.938728313246372 -7.102380339867652 6.304295148716847
-7.102380339867652 -7.4671911384935425 5.917188309755147
-7.4671911384935425 -6.571883020539403 5.789556800067658
-6.571883020539403 -8.504446913118885 6.069050364450959
-8.504446913118885 -3.88080295198262 5.287684457938667
-3.88080295198262 -7.006893820734104 6.304935765798291
-7.006893820734104 -7.682066015033297 5.947528010407041
-7.682066015033297 -6.010354192166858 5.705217839713441
-6.010354192166858 -9.060331343459737 6.182312545719469
-9.060331343459737 -2.720607554074705 4.83713899756367
-2.720607554074705 -4.9879062778339955 6.311199498268252
-4.9879062778339955 -8.605933009357193 6.278191819466883
-8.605933009357193 -3.6414332753465946 5.219625012490724
-3.6414332753465946 -6.6048859812129335 6.307135602224662
-6.6048859812129335 -8.45269666474965 6.060831431941551
-8.45269666474965 -4.006165553759309 5.320484934696651
-4.006165553759309 -7.212521708129789 6.303486721230001
-7.212521708129789 -7.2078020065292305 5.880617721240924
-7.2078020065292305 -7.219144006547277 5.8822192855277535
-7.219144006547277 -7.191855877521747 5.878365306418345
-7.191855877521747 -7.257321995906287 5.8876075707376
-7.257321995906287 -7.09922016479562 5.865261287706744
-7.09922016479562 -7.474459973376478 5.918212752681939
-7.474459973376478 -6.553168826718697 5.786820714843998
-6.553168826718697 -8.532918354973617 6.073635146291053
-8.532918354973617 -3.812740879926158 5.269107845848339
-3.812740879926158 -6.893739414664926 6.305630391299928
-6.893739414664926 -7.922656081184374 5.981816592755422
-7.922656081184374 -5.371637177253594 5.601230315012799
-5.371637177253594 -8.955091938547124 6.2550378955620545
-8.955091938547124 -2.9062349186049397 4.938766142729946
-2.9062349186049397 -5.319860726717278 6.310858825618197
-5.319860726717278 -8.918092939769073 6.258871910444213
-8.918092939769073 -2.9760788658852726 4.972487994458788
-2.9760788658852726 -5.444183473264754 6.310656948424366
-5.444183473264754 -9.000777856336706 6.24922902241633
-9.000777856336706 -2.823189738968602 4.89569563412806
-2.823189738968602 -5.1716088610672175 6.311052021696014
-5.1716088610672175 -8.793609806492858 6.268541424442446
-8.793609806492858 -3.226448591568249 5.078655788936885
-3.226448591568249 -5.886616785747107 6.309683153338483
-5.886616785747107 -9.097380982118217 6.20063373362791
-9.097380982118217 -2.660239633705081 4.79932842584094
-2.660239633705081 -4.879542632864435 6.31121903154235
-4.879542632864435 -8.480491894192935 6.2828706855398195
-8.480491894192935 -3.9385765618827557 5.30301880132356
-3.9385765618827557 -7.102131219295423 6.304296889917168
-7.102131219295423 -7.467764523690247 5.917269119181583
-7.467764523690247 -6.5704076960149616 5.789341255538602
-6.5704076960149616 -8.506714561063237 6.069413798737514
-8.506714561063237 -3.875357618439152 5.286219040992364
-3.875357618439152 -6.997877939951357 6.304993582603856
-6.997877939951357 -7.701820483487373 5.950326682695959
-7.701820483487373 -5.958096390215854 5.697085748359314
-5.958096390215854 -9.079673516803537 6.190327702513969
-9.079673516803537 -2.6887502518568724 4.817531094353399
-2.6887502518568724 -4.930742381915639 6.311217567683343
-4.930742381915639 -8.540999425717521 6.280744591533221
-8.540999425717521 -3.793546800703112 5.263763844755886
-3.793546800703112 -6.861652896760403 6.305815666779381
-6.861652896760403 -7.987807275588972 5.991205423883002
-7.987807275588972 -5.198936504367498 5.571021105981345
-5.198936504367498 -8.818505139903701 6.266895408307391
-8.818505139903701 -3.174608111365491 5.058290099623264
-3.174608111365491 -5.795469177995192 6.3099159679077275
-5.795469177995192 -9.105673246489225 6.212710770050762
-9.105673246489225 -2.6471074339637877 4.7907220011820755
-2.6471074339637877 -4.855947403142714 6.311214300518259
-4.855947403142714 -8.451898268127929 6.283802300617026
-8.451898268127929 -4.008115496771304 5.320981577666316
-4.008115496771304 -7.215689132158128 6.303462283081899
-7.215689132158128 -7.20017966013385 5.879541161944871
-7.20017966013385 -7.2374209532184866 5.884799315366763
-7.2374209532184866 -7.147656026104162 5.872117292281473
-7.147656026104162 -7.361949963091624 5.902358785695469
-7.361949963091624 -6.8397599122780175 5.82830488197942
-6.8397599122780175 -8.031429856772213 5.997525600094377
-8.031429856772213 -5.08368201929816 5.5502383942875895
-5.08368201929816 -8.708011220425076 6.273452880921468
-8.708011220425076 -3.4107389438829547 5.1455898687272565
-3.4107389438829547 -6.208327497673771 6.308713978500236
-6.208327497673771 -8.9368681946612 6.148121887115849
-8.9368681946612 -2.9403555669427095 4.955504001402005
-2.9403555669427095 -5.3806392274612564 6.310764334322812
-5.3806392274612564 -8.96115861324296 6.254345623325207
-8.96115861324296 -2.894999642976782 4.933138444977885
-2.894999642976782 -5.299829968466454 6.310888124551639
-5.299829968466454 -8.902841410066562 6.260288710001987
-8.902841410066562 -3.0055127516129105 4.986091939092148
-3.0055127516129105 -5.496468841513912 6.310562278869838
-5.496468841513912 -9.029006510614778 6.2447066605127475
-9.029006510614778 -2.7737380242811644 4.868281323782867
-2.7737380242811644 -5.083125290475288 6.311137914633946
-5.083125290475288 -8.707443403415724 6.273482638767746
-8.707443403415724 -3.4119908885825323 5.146018517718403
-3.4119908885825323 -6.210499411410153 6.308706583722596
-6.210499411410153 -8.935069347112949 6.147712473861247
-8.935069347112949 -2.9437533822578015 4.957142633154945
-2.9437533822578015 -5.386687208606323 6.310754484802601
-5.386687208606323 -8.965172353533443 6.253875938286001
-8.965172353533443 -2.887600695384502 4.929399777211074
-2.887600695384502 -5.286634146064648 6.310906909147889
-5.286634146064648 -8.892515991719275 6.261202436322492
-8.892515991719275 -3.025646404016558 4.995204924594873
-3.025646404016558 -5.5321951446280275 6.310494400479001
-5.5321951446280275 -9.045925218936032 6.241446469613948
-9.045925218936032 -2.7448093524794452 4.851555441578967
-2.7448093524794452 -5.031298885175664 6.311175868644568
-5.031298885175664 -8.653263612159833 6.27611959265414
-8.653263612159833 -3.5331019772619805 5.186037007408231
-3.5331019772619805 -6.419628341444796 6.307933489719289
-6.419628341444796 -8.717079348468074 6.104741855697284
-8.717079348468074 -3.3907956279598253 5.138717630656174
-3.3907956279598253 -6.173702855037605 6.308830217534705
-6.173702855037605 -8.96424098791858 6.154547096793976
-8.96424098791858 -2.8893151300444586 4.930268404694289
-2.8893151300444586 -5.289692119579037 6.310902593060746
-5.289692119579037 -8.894928248175109 6.260992064211678
-8.894928248175109 -3.0209279519530816 4.99308289378132
-3.0209279519530816 -5.523825307025422 6.31051053277406
-5.523825307025422 -9.04213794629917 6.242222945145841
-9.04213794629917 -2.751237983529553 4.85531878796246
-2.751237983529553 -5.0428198854026345 6.311168303422164
-5.0428198854026345 -8.665533521387909 6.275548983812769
-8.665533521387909 -3.5053944186975405 5.1771245333547995
-3.5053944186975405 -6.371961740605785 6.30812081901604
-6.371961740605785 -8.774480493463932 6.115155157935078
-8.774480493463932 -3.2668396016381367 5.094023034627753
-3.2668396016381367 -5.957446726554967 6.30949010670156
-5.957446726554967 -9.079879739641042 6.190424848755356
-9.079879739641042 -2.6884145856448036 4.817320486967219
-2.6884145856448036 -4.930139807837142 6.311217670794576
-4.930139807837142 -8.540299921008433 6.2807704731712874
-8.540299921008433 -3.7952060420225955 5.2642276941587625
-3.7952060420225955 -6.864429580455073 6.305799827885494
-6.864429580455073 -7.98222595296137 5.990398842430295
-7.98222595296137 -5.21370782650688 5.573647222961881
-5.21370782650688 -8.831608301079514 6.2659811783451005
-8.831608301079514 -3.1476624366936705 5.0474014280043775
-3.1476624366936705 -5.74799086493625 6.310030488566554
-5.74799086493625 -9.103844588123668 6.218546964759298
-9.103844588123668 -2.649991292413977 4.792624430221622
-2.649991292413977 -4.861129602645066 6.311215655903652
-4.861129602645066 -8.458215534326456 6.283600218499487
-8.458215534326456 -3.992699492801871 5.317044278668618
-3.992699492801871 -7.190620714785268 6.303653816918086
-7.190620714785268 -7.260269918646238 5.888023478430114
-7.260269918646238 -7.092018781026121 5.8642410274878785
-7.092018781026121 -7.490985606630674 5.920542085539637
-7.490985606630674 -6.510532067364757 5.780570921648177
-6.510532067364757 -8.595379438247425 6.083874704232585
-8.595379438247425 -3.6658903570782626 5.226947881834349
-3.6658903570782626 -6.646448969579979 6.306940024816868
-6.646448969579979 -8.38478394927372 6.050239802225406
-8.38478394927372 -4.173625561477952 5.36176260688444
-4.173625561477952 -7.480616631867788 6.301144869743439
-7.480616631867788 -6.537298867947308 5.784497119606385
-6.537298867947308 -8.556560464149038 6.077479969360866
-8.556560464149038 -3.756745774393401 5.253382365972357
-3.756745774393401 -6.799927464973604 6.306158555347793
-6.799927464973604 -8.109009778588488 6.008844465974107
-8.109009778588488 -4.879789644541979 5.512088431754819
-4.879789644541979 -8.480789277497722 6.2828601128276205
-8.480789277497722 -3.937856590279451 5.302830053940852
-3.937856590279451 -7.100949211949773 6.304305146157276
-7.100949211949773 -7.470484207000588 5.917652419680962
-7.470484207000588 -6.5634078190518945 5.788318218801578
-6.5634078190518945 -8.517419916928107 6.071133511060907
-8.517419916928107 -3.849707270150888 5.279268115522427
-3.849707270150888 -6.955320369390057 6.305260594330321
-6.955320369390057 -7.793736329958317 5.96338213071067
-7.793736329958317 -5.71424421124391 5.6583326918043895
-5.71424421124391 -9.100060346616518 6.222512429176277
-9.100060346616518 -2.655980997077721 4.79655326860302
-2.655980997077721 -4.871891764280842 6.311217896778544
-4.871891764280842 -8.471268128844105 6.283176012846525
-8.471268128844105 -3.9609411997834556 5.308853183109022
-3.9609411997834556 -7.138785309651018 6.304036581768742
-7.138785309651018 -7.3827282128405525 5.905286688503111
-7.3827282128405525 -6.787365834461287 5.820781452788651
-6.787365834461287 -8.132984551477678 6.012365414200758
-8.132984551477678 -4.817126477617659 5.49997139628249
-4.817126477617659 -8.403924001552188 6.28527134266551
-8.403924001552188 -4.126113317524282 5.350323034719622
-4.126113317524282 -7.405399704675054 6.301862109361537
-7.405399704675054 -6.729905841473621 5.812501909029379
-6.729905841473621 -8.23954039767057 6.028171334957733
-8.23954039767057 -4.5411512361263595 5.4440685203626344
-4.5411512361263595 -8.033744285549554 6.293768082137831
-8.033744285549554 -5.077577817981347 5.549122728894872
-5.077577817981347 -8.701770691021943 6.273773195309332
-8.701770691021943 -3.424518566616906 5.150290156750998
-3.424518566616906 -6.232221924902066 6.308631942509237
-6.232221924902066 -8.916547216326949 6.143576184163976
-8.916547216326949 -2.979045176731966 4.973874561273988
-2.979045176731966 -5.4494556954324 6.310647657115624
-5.4494556954324 -9.003806799755136 6.24878607395658
-9.003806799755136 -2.8178139493289156 4.892783522791433
-2.8178139493289156 -5.161997015043088 6.311062520409905
-5.161997015043088 -8.784655429696846 6.26910641745053
-8.784655429696846 -3.245296285658885 5.085879264788673
-3.245296285658885 -5.919689164787916 6.309594361751806
-5.919689164787916 -9.09043236543418 6.195958502412395
-9.09043236543418 -2.671352037588954 4.806499963247916
-2.671352037588954 -4.899502863908868 6.311220277184475
-4.899502863908868 -8.504335613163578 6.282059174311144
-8.504335613163578 -3.881070326000492 5.287756321751658
-3.881070326000492 -7.00733634303194 6.304932916518737
-7.00733634303194 -7.681093935892019 5.947390349756461
-7.681093935892019 -6.012923858425357 5.705616267718142
-6.012923858425357 -9.059239152995117 6.18190776125266
-9.059239152995117 -2.7224283338599977 4.838237588657648
-2.7224283338599977 -4.99117190329066 6.311198000374134
-4.99117190329066 -8.609555237617883 6.278040008353855
-8.609555237617883 -3.6330637797798158 5.217097902997921
-3.6330637797798158 -6.590639644271881 6.307201167834137
-6.590639644271881 -8.475274829957149 6.064400155595649
-8.475274829957149 -3.9512182560555034 5.306323512548261
-3.9512182560555034 -7.1228651310917455 6.304150670104718
-7.1228651310917455 -7.419826914058789 5.910513986429578
-7.419826914058789 -6.6931894965952 5.807194505232474
-6.6931894965952 -8.30486630571841 6.038010963031411
-8.30486630571841 -4.374433247620324 5.407990625320963
-4.374433247620324 -7.7898214363936455 6.29756369761526
-7.7898214363936455 -5.724646460883682 5.660015034954995
-5.724646460883682 -9.101443966838373 6.221305982733611
-9.101443966838373 -2.653787593580659 4.795118042089598
-2.653787593580659 -4.867950888194017 6.311217164824484
-4.867950888194017 -8.466499063577148 6.283332061506371
-8.466499063577148 -3.9725300108222514 5.311854786072217
-3.9725300108222514 -7.157729944664601 6.303898720780126
-7.157729944664601 -7.33826246219245 5.899020548833505
-7.33826246219245 -6.899160466692883 5.836806732339028
-6.899160466692883 -7.9115089035767765 5.9802156173827825
-7.9115089035767765 -5.4012344327984385 5.606304034277855
-5.4012344327984385 -8.974620148287684 6.252731277476414
-8.974620148287684 -2.870293612993017 4.920551053932286
-2.870293612993017 -5.255753260602144 6.310949220009206
-5.255753260602144 -8.867507408395017 6.263281193056173
-8.867507408395017 -3.075085148506049 5.016956335162831
-3.075085148506049 -5.6197841429479025 6.310317220268189
-5.6197841429479025 -9.078870033237896 6.232837850206124
-9.078870033237896 -2.69005888101418 4.818351349200384
-2.69005888101418 -4.933091527507157 6.311217147343996
-4.933091527507157 -8.543723527274052 6.280643491725641
-8.543723527274052 -3.7870891964730364 5.2619551617171965
-3.7870891964730364 -6.850841059823497 6.30587699460375
-6.850841059823497 -8.009435823223615 5.994335389801563
-8.009435823223615 -5.141746340272394 5.560774510304327
-5.141746340272394 -8.765459555943268 6.270273339985579
-8.765459555943268 -3.28605045397599 5.101186497438903
-3.28605045397599 -5.991074992020252 6.309394613595941
-5.991074992020252 -9.068102651154293 6.185317569124891
-9.068102651154293 -2.707719341064152 4.8292955669348885
-2.707719341064152 -4.964786060253169 6.311208712901134
-4.964786060253169 -8.580014770584068 6.279247879061586
-8.580014770584068 -3.7016853813211146 5.237503894550173
-3.7016853813211146 -6.707094179402997 6.306642751307663
-6.707094179402997 -8.280386412021294 6.034308703354327
-8.280386412021294 -4.436658605035674 5.421681954267115
-4.436658605035674 -7.882375826270206 6.296245259403804
-7.882375826270206 -5.478630393088293 5.619438347479445
-5.478630393088293 -9.019831855264252 6.2462820659602585
-9.019831855264252 -2.7896498497710014 4.8772588225438085
-2.7896498497710014 -5.11161176310062 6.311112990413676
-5.11161176310062 -8.736081997320294 6.271954262756481
-8.736081997320294 -3.3493163499104788 5.124152114171011
-3.3493163499104788 -6.10153365615343 6.309062790369353
-6.10153365615343 -9.013402634089964 6.167328198233008
-9.013402634089964 -2.8008928839863754 4.883511114698194
-2.8008928839863754 -5.131731035241194 6.311093781798263
-5.131731035241194 -8.755802335219665 6.27083966902137
-8.755802335219665 -3.3067300685841348 5.1087967882995144
-3.3067300685841348 -6.027229667647261 6.3092891130945645
-6.027229667647261 -9.052915642801652 6.1796359074360225
-9.052915642801652 -2.7330156825620233 4.844580044707982
-2.7330156825620233 -5.010157256904859 6.3111883702804334
-5.010157256904859 -8.630421156894254 6.27714419646145
-8.630421156894254 -3.585102318760153 5.20240173791899
-3.585102318760153 -6.508782064978681 6.307563946174923
-6.508782064978681 -8.597870846331533 6.084288872098114
-8.597870846331533 -3.6601071005738968 5.22522449843018
-3.6601071005738968 -6.636629899014485 6.306986814357515
-6.636629899014485 -8.401099488663363 6.052766136148421
-8.401099488663363 -4.133109651940294 5.352020525675471
-4.133109651940294 -7.416520118693462 6.301759277259407
-7.416520118693462 -6.70161517594909 5.808413661728991
-6.70161517594909 -8.290070511689759 6.035771036073129
-8.290070511689759 -4.412005369347768 5.41629091606228
-4.412005369347768 -7.845910298994609 6.296780779939581
-7.845910298994609 -5.575560061012664 5.635629151467583
-5.575560061012664 -9.063782451845382 6.237296038707427
-9.063782451845382 -2.714869527067245 4.833661612345168
-2.714869527067245 -4.977613842324446 6.311203905301227
-4.977613842324446 -8.59445381990925 6.278665979523794
-8.59445381990925 -3.668040480877384 5.227587323694024
-3.668040480877384 -6.6500980855418765 6.306922542567918
-6.6500980855418765 -8.378678176394827 6.049297138986731
-8.378678176394827 -4.188831893886688 5.365380947856465
-4.188831893886688 -7.504536620188781 6.300905702391901
-7.504536620188781 -6.475479958805777 5.775415505260753
-6.475479958805777 -8.644179908511289 6.0920770660632115
-8.644179908511289 -3.5537164490588182 5.192579838425445
-3.5537164490588182 -6.455020042871737 6.307789853701252
-6.455020042871737 -8.671583693324365 6.096774403726158
-8.671583693324365 -3.491791230726183 5.172697933427116
-3.491791230726183 -6.348519752508231 6.30821044514596
-6.348519752508231 -8.801058466714128 6.120142308565846
-8.801058466714128 -3.210850759814136 5.072606223617186
-3.210850759814136 -5.859219899334739 6.309754950034403
-5.859219899334739 -9.101534075715437 6.2043871007917915
-9.101534075715437 -2.653644883263537 4.7950245218744385
-2.653644883263537 -4.867694474106745 6.311217113663588
-4.867694474106745 -8.466188340907458 6.283342186205118
-8.466188340907458 -3.9732856605377758 5.3120499990545795
-3.9732856605377758 -7.158964061999292 6.303889659862762
-7.158964061999292 -7.33535401834247 5.89861062615455
-7.33535401834247 -6.9064288021672215 5.837845142217702
-6.9064288021672215 -7.896500893606814 5.97806246820619
-7.896500893606814 -5.441098396952827 5.613092727307958
-5.441098396952827 -8.998986827749663 6.249486664957658
-8.998986827749663 -2.8263762334373927 4.897414254923206
-2.8263762334373927 -5.177305444910996 6.311045673399349
-5.177305444910996 -8.798868454319226 6.268203205134341
-8.798868454319226 -3.2154290963583 5.0743887415810605
-3.2154290963583 -5.8672640550358945 6.3097340331587475
-5.8672640550358945 -9.100464246843226 6.203296187119122
-9.100464246843226 -2.655340303207532 4.796134454136336
-2.655340303207532 -4.870740654742151 6.311217693397339
-4.870740654742151 -8.469876370976307 6.283221679532289
-8.469876370976307 -3.96432139093138 5.309730194301665
-3.96432139093138 -7.144314492553655 6.303996583283151
-7.144314492553655 -7.36978585627129 5.903462992046116
-7.36978585627129 -6.820031994631715 5.825474887591554
-6.820031994631715 -8.070145647287443 6.003160693690006
-8.070145647287443 -4.981734590502885 5.531396830039739
-4.981734590502885 -8.599061388683545 6.278476387658884
-8.599061388683545 -3.6573456080437103 5.224399801471009
-3.6573456080437103 -6.631939303171214 6.30700903696561
-6.631939303171214 -8.408834573485844 6.053967719650245
-8.408834573485844 -4.113962437606832 5.347364062206907
-4.113962437606832 -7.386050751251877 6.302038481182535
-7.386050751251877 -6.778963677892309 5.819572701198922
-6.778963677892309 -8.148886613680963 6.014707431495481
-8.148886613680963 -4.7756673916543395 5.491844684947864
-4.7756673916543395 -8.351464214007246 6.2867582905055315
-8.351464214007246 -4.256889659846288 5.381330508582323
-4.256889659846288 -7.610630279320291 6.299774538136262
-7.610630279320291 -6.198637572339731 5.734074269304983
-6.198637572339731 -8.944776036741409 6.149939235361671
-8.944776036741409 -2.925481757579492 4.948271663753985
-2.925481757579492 -5.3541547733748205 6.310806523677456
-5.3541547733748205 -8.942996843279742 6.256360814557411
-8.942996843279742 -2.928819220077348 4.94990297419281
-2.928819220077348 -5.360098850061629 6.310797189496952
-5.360098850061629 -8.947155270208231 6.255914371871768
-8.947155270208231 -2.9210269404418 4.946086461692175
-2.9210269404418 -5.346219455486993 6.310818862111773
-5.346219455486993 -8.93737195289686 6.256951607745577
-8.93737195289686 -2.939404977513133 4.955044676251418
-2.939404977513133 -5.3789470671437325 6.310767075876356
-5.3789470671437325 -8.960026644564163 6.254476398637053
-8.960026644564163 -2.897091278026573 4.934190624280745
-2.897091278026573 -5.303559676986074 6.310882740297529
-5.303559676986074 -8.905720000850215 6.260027641754277
-8.905720000850215 -2.999929313650648 4.983537437674386
-2.999929313650648 -5.486555685233201 6.31058065696925
-5.486555685233201 -9.023966985427037 6.245586489632842
-9.023966985427037 -2.7824588499319938 4.87322060990482
-2.7824588499319938 -5.098739717757779 6.31112459090582
-5.098739717757779 -8.723244026373555 6.272652010356978
-8.723244026373555 -3.377292479642988 5.134016950611112
-3.377292479642988 -6.1502315729344215 6.30890727537917
-6.1502315729344215 -8.981399674535163 6.158794147497247
-8.981399674535163 -2.857969655594269 4.9141594146312855
-2.857969655594269 -5.2337518200319755 6.310977911845839
-5.2337518200319755 -8.848983309012468 6.264712541058543
-8.848983309012468 -3.1123036846772134 5.032779330667836
-3.1123036846772134 -5.6855879808089815 6.310174125712365
-5.6855879808089815 -9.09526034601916 6.225763746617304
-9.09526034601916 -2.663620602685315 4.801521001536457
-2.663620602685315 -4.885616154549662 6.311219668863487
-4.885616154549662 -8.487780943099981 6.282626059000904
-8.487780943099981 -3.9209493702940668 5.298380863514467
-3.9209493702940668 -7.073156243774586 6.304496852237207
-7.073156243774586 -7.534013173567381 5.926609100115456
-7.534013173567381 -6.3989707943139225 5.764105033915257
-6.3989707943139225 -8.742505278448645 6.109299502397334
-8.742505278448645 -3.3353930924166146 5.119177662090806
-3.3353930924166146 -6.0772632937418845 6.309138147986232
-6.0772632937418845 -9.027543414468518 6.171442541341094
-9.027543414468518 -2.7762650168018577 4.869717341418436
-2.7762650168018577 -5.087650252905088 6.311134139486967
-5.087650252905088 -8.712047765380545 6.273243690342497
-8.712047765380545 -3.4018497140519037 5.142536996590934
-3.4018497140519037 -6.192900535026892 6.308766150170413
-6.192900535026892 -8.949367394561092 6.151008240813098
-8.949367394561092 -2.9168934753249616 4.944050910486112
-2.9168934753249616 -5.3388553234959275 6.310830186015664
-5.3388553234959275 -8.932077354303273 6.257494589241105
-8.932077354303273 -2.949416639234936 4.959862774248904
-2.949416639234936 -5.396765749854083 6.310737895648344
-5.396765749854083 -8.971749083954208 6.253085282078246
-8.971749083954208 -2.8755367463164534 4.923247266317048
-2.8755367463164534 -5.265110618902457 6.310936646976188
-5.265110618902457 -8.875208962053051 6.26265999962925
-8.875208962053051 -3.0597598779145083 5.010305869906006
-3.0597598779145083 -5.5926542918959505 6.310373724994861
-5.5926542918959505 -9.06999396480424 6.235600389889441
-9.06999396480424 -2.704600645804599 4.827379654292599
-2.704600645804599 -4.959190170674949 6.311210565199872
-4.959190170674949 -8.57367055727954 6.279498610347218
-8.57367055727954 -3.7165294884495528 5.241826700683305
-3.7165294884495528 -6.7321768122151555 6.306515499265515
-6.7321768122151555 -8.235428009344721 6.027556062887015
-8.235428009344721 -4.551715153056267 5.446291647138423
-4.551715153056267 -8.048742278905062 6.29349772225396
-8.048742278905062 -5.038050397535183 5.541860342407745
-5.038050397535183 -8.660469622409378 6.275785788475332
-8.660469622409378 -3.5168102224644624 5.180813259092247
-3.5168102224644624 -6.391614181634664 6.308044421220984
-6.391614181634664 -8.751357465773577 6.110906088593765
-8.751357465773577 -3.316287186172529 5.112279389024479
-3.316287186172529 -6.043922664571946 6.309239393904136
-6.043922664571946 -9.045014612155517 6.176945234303275
-9.045014612155517 -2.746352546151562 4.852461308531929
-2.746352546151562 -5.034064705464185 6.311174099875643
-5.034064705464185 -8.656220776569423 6.275983404404542
-8.656220776569423 -3.526409625732888 5.183896904447465
-3.526409625732888 -6.40812527727492 6.307979331424576
-6.40812527727492 -8.73134098630811 6.1072882331573055
-8.73134098630811 -3.359624947785147 5.127807125692925
-3.359624947785147 -6.119488568732862 6.309006128423789
-6.119488568732862 -9.002167686579881 6.164225139127666
-9.002167686579881 -2.820721006526498 4.89436028952332
-2.820721006526498 -5.167195015216224 6.311056876216753
-5.167195015216224 -8.78951053227039 6.268801757210895
-8.78951053227039 -3.2350639428618253 5.081969275965093
-3.2350639428618253 -5.901738782515753 6.3096428443350305
-5.901738782515753 -9.09446792313301 6.1985157629569585
-9.09446792313301 -2.6648863270202736 4.8023394259944325
-2.6648863270202736 -4.887889751756657 6.311219848535984
-4.887889751756657 -8.490501985202664 6.2825339689188695
-8.490501985202664 -3.9143796671193765 5.2966432556168
-3.9143796671193765 -7.062338345378116 6.304570229971432
-7.062338345378116 -7.558518379604619 5.930066232995159
-7.558518379604619 -6.335111302584342 5.754600417203619
-6.335111302584342 -8.815766937386362 6.122955066661234
-8.815766937386362 -3.180268942312933 5.060550653699465
-3.180268942312933 -5.805434900828661 6.3098913487337995
-5.805434900828661 -9.105529498458369 6.211446843979502
-9.105529498458369 -2.6473338802593673 4.790871640092519
-2.6473338802593673 -4.856354332560243 6.311214413562993
-4.856354332560243 -8.452395080052954 6.283786483207223
-8.452395080052954 -4.006902067108737 5.320672569003364
-4.006902067108737 -7.213718194107838 6.303477497931453
-7.213718194107838 -7.204923686753469 5.880211217401666
-7.204923686753469 -7.22605157466976 5.88319449240953
-7.22605157466976 -7.175183549774253 5.876009390583931
-7.175183549774253 -7.296998193300965 5.893203565625299
-7.296998193300965 -7.001742705998282 5.85142790129612
-7.001742705998282 -7.693364302508453 5.94912838698292
-7.693364302508453 -5.980474563543154 5.700575068796752
-5.980474563543154 -9.072058377954592 6.186945762427058
-9.072058377954592 -2.7012045674065983 4.8252852446748875
-2.7012045674065983 -4.953096025147183 6.311212408847496
-4.953096025147183 -8.566730358955754 6.279769538476103
-8.566730358955754 -3.7328102095656606 5.246531882570707
-3.7328102095656606 -6.759640661199551 6.306373172701569
-6.759640661199551 -8.185044609592566 6.020053655909578
-8.185044609592566 -4.681735145422386 5.47309094821685
-4.681735145422386 -8.228247984523602 6.2898346530528215
-8.228247984523602 -4.570177487605183 5.450159943487961
-4.570177487605183 -8.07481174093504 6.293015882871259
-8.07481174093504 -4.969472799846397 5.529099904768373
-4.969472799846397 -8.585307367924953 6.279035883599136
-8.585307367924953 -3.6893302875944225 5.23388166604127
-3.6893302875944225 -6.686187178687879 6.30674687132705
-6.686187178687879 -8.317073089076853 6.039864296581072
-8.317073089076853 -4.343523808145734 5.401083866014233
-4.343523808145734 -7.743231175887819 6.298178973036556
-7.743231175887819 -5.848351044472263 5.679816378527903
-5.848351044472263 -9.102783118797854 6.205846384593315
-9.102783118797854 -2.6516684221580133 4.793727556556405
-2.6516684221580133 -4.8641431864027584 6.311216360732942
-4.8641431864027584 -8.461879600619254 6.2834820526586554
-8.461879600619254 -3.9837715867489187 5.314752555961604
-3.9837715867489187 -7.176074615829311 6.303763008716487
-7.176074615829311 -7.294884012771351 5.892905467226228
-7.294884012771351 -7.00696635476517 5.852170575890341
-7.00696635476517 -7.681906682939845 5.947505434782215
-7.681906682939845 -6.010775394818799 5.705283156559744
-6.010775394818799 -9.060153228964827 6.182246265019785
-9.060153228964827 -2.720904328538781 4.837318218815199
-2.720904328538781 -4.988438563678955 6.311199257317639
-4.988438563678955 -8.60652407807657 6.278167119966383
-8.60652407807657 -3.640066687354328 5.219213124655653
-3.640066687354328 -6.602560603553007 6.307146354844008
-6.602560603553007 -8.456406665452192 6.061416100619681
-8.456406665452192 -3.997110668108895 5.318173465340806
-3.997110668108895 -7.197800183888477 6.303599400012899
-7.197800183888477 -7.243116169318085 5.885603086488118
-7.243116169318085 -7.133827145846375 5.870160888782266
-7.133827145846375 -7.394308791745563 5.906918430224323
-7.394308791745563 -6.758052373452859 5.816561506399012
-6.758052373452859 -8.187990809503336 6.020490595623414
-8.187990809503336 -4.67410328043633 5.471545607662847
-4.67410328043633 -8.217986379891045 6.2900678810619866
-8.217986379891045 -4.596603174751559 5.455659663974075
-4.596603174751559 -8.111803461854864 6.292305009726988
-8.111803461854864 -4.872478443624528 5.510684719196433
-4.872478443624528 -8.471977426605546 6.2831520382897
-8.471977426605546 -3.9592190784619583 5.308405887328263
-3.9592190784619583 -7.13596724027456 6.304056893179222
-7.13596724027456 -7.389313199803121 5.906214545022522
-7.389313199803121 -6.770707137087118 5.818384255275305
-6.770707137087118 -8.164407398890512 6.016998627765133
-8.164407398890512 -4.735287763106735 5.483842153680598
-4.735287763106735 -8.299212548972331 6.2881287022537435
-8.299212548972331 -4.388776637795178 5.4111714845421375
-4.388776637795178 -7.811305540020426 6.297269444414269
-7.811305540020426 -5.667551763596807 5.650746651554073
-5.667551763596807 -9.091504384710376 6.2277562051785935
-9.091504384710376 -2.6696312441315975 4.805395957704604
-2.6696312441315975 -4.896412318253663 6.31122024202341
-4.896412318253663 -8.500664785290398 6.282186253811233
-8.500664785290398 -3.8898942513666093 5.290123206374119
-3.8898942513666093 -7.021931511128143 6.304838336811372
-7.021931511128143 -7.648904436402194 5.9428346208478615
-7.648904436402194 -6.097906821489722 5.718719198910549
-6.097906821489722 -9.015592094866404 6.167948806058121
-9.015592094866404 -2.797055563038705 4.881385492113623
-2.797055563038705 -5.124865025768037 6.311100481882022
-5.124865025768037 -8.7491203132521 6.271223365623882
-8.7491203132521 -3.3211066199530968 5.114027446757973
-3.3211066199530968 -6.05233668079839 6.309214088516455
-6.05233668079839 -9.040818356362704 6.175572764605022
-9.040818356362704 -2.753484309000337 4.856627434484835
-2.753484309000337 -5.046845086439181 6.311165539209469
-5.046845086439181 -8.6697903697766 6.2753475555473415
-8.6697903697766 -3.495819223474325 5.174012231585948
-3.495819223474325 -6.355463768099357 6.308184064790112
-6.355463768099357 -8.793299755381407 6.118674227956944
-8.793299755381407 -3.2270994452440456 5.078906797501986
-3.2270994452440456 -5.887759451272486 6.309680124428269
-5.887759451272486 -9.097176341963719 6.2004748479957925
-9.097176341963719 -2.6605654956350997 4.799540157539013
-2.6605654956350997 -4.880128028387657 6.311219103034091
-4.880128028387657 -8.48119572779143 6.282847194175702
-8.48119572779143 -3.936872675519725 5.30257201745917
-3.936872675519725 -7.099333676069 6.304316416881193
-7.099333676069 -7.474199072006627 5.918175990485906
-7.474199072006627 -6.553840964572049 5.786919057532941
-6.553840964572049 -8.531906835223117 6.073471431896905
-8.531906835223117 -3.8151473580370032 5.269774512620643
-3.8151473580370032 -6.8977569824117175 6.3056068425867124
-6.8977569824117175 -7.914398689354826 5.980630520738487
-7.914398689354826 -5.393560628665415 5.604991316784435
-5.393560628665415 -8.969672887666803 6.253337568639836
-8.969672887666803 -2.8793371612589174 4.9251931012368
-2.8793371612589174 -5.2718920495628785 6.3109273995651165
-5.2718920495628785 -8.880723578376386 6.262205108385388
-8.880723578376386 -3.0488408912619236 5.005517697798496
-3.0488408912619236 -5.573312894521513 6.310413119488658
-5.573312894521513 -9.062930695711716 6.23751659003392
-9.062930695711716 -2.7162835484969605 4.834520708187483
-2.7162835484969605 -4.980150361268687 6.311202863904327
-4.980150361268687 -8.597291628516773 6.278549730053783
-8.597291628516773 -3.661451100882085 5.225625455539557
-3.661451100882085 -6.638912311911733 6.306975970881467
-6.638912311911733 -8.397321850848732 6.052180224505719
-8.397321850848732 -4.142475117521408 5.354285745819652
-4.142475117521408 -7.431382456929842 6.301620140711748
-7.431382456929842 -6.663700091503226 5.802921720853192
-6.663700091503226 -8.35571823028659 6.045765312410367
-8.35571823028659 -4.246221307489799 5.3788562016998185
-4.246221307489799 -7.594106968767119 6.299958641990088
-7.594106968767119 -6.24200108418918 5.740629440668272
-6.24200108418918 -8.907894011811676 6.141689362058969
-8.907894011811676 -2.9957211167649826 4.981604152220825
-2.9957211167649826 -5.479082627684752 6.310594379392569
-5.479082627684752 -9.020070294413657 6.246242746012285
-9.020070294413657 -2.789234344599559 4.877026330963417
-2.789234344599559 -5.110868080880673 6.311113675496017
-5.110868080880673 -8.735344945052173 6.2719948985104566
-8.735344945052173 -3.3509171865320098 5.124721257943747
-3.3509171865320098 -6.104322716502691 6.309054039960756
-6.104322716502691 -9.011700642215915 6.166849495821225
-9.011700642215915 -2.8038819102630974 4.885160924502998
-2.8038819102630974 -5.137078615189151 6.311088461385225
-5.137078615189151 -8.760971955433922 6.270538417265925
-8.760971955433922 -3.295645511978881 5.1047303928862675
-3.295645511978881 -6.007856086998762 6.309346014655603
-6.007856086998762 -9.061380403856106 6.182705170274858
-9.061380403856106 -2.7188608629716424 4.836082922141941
-2.7188608629716424 -4.984773373598218 6.311200890555483
-4.984773373598218 -8.602448944527756 6.278336839703115
-8.602448944527756 -3.6494955079725533 5.222049088708445
-3.6494955079725533 -6.6185982865308395 6.307071791099588
-6.6185982865308395 -8.430625184445862 6.057366661494598
-8.430625184445862 -4.060240519529438 5.334112749886117
-4.060240519529438 -7.299979743151079 6.302785594165471
-7.299979743151079 -6.994370523472823 5.850379478677496
-6.994370523472823 -7.709479304934737 5.951412330581661
-7.709479304934737 -5.937818067231435 5.6939146868971875
-5.937818067231435 -9.085716249466367 6.193327790551848
-9.085716249466367 -2.678949863544983 4.811346353926638
-2.678949863544983 -4.9131469408930295 6.31121976718714
-4.9131469408930295 -8.520448220858196 6.281491796617047
-8.520448220858196 -3.842468472210835 5.27729195493157
-3.842468472210835 -6.943284301676732 6.305334382948786
-6.943284301676732 -7.819322167888384 5.9670278179874
-7.819322167888384 -5.6462426193768716 5.647265431354754
-5.6462426193768716 -9.086345904734419 6.230057819066133
-9.086345904734419 -2.677932874106396 4.810700290650857
-2.677932874106396 -4.911320798845206 6.311219897226692
-4.911320798845206 -8.518300556947885 6.281568339240039
-8.518300556947885 -3.8476014228332964 5.2786938952122
-3.8476014228332964 -6.95182010368807 6.305282130415435
-6.95182010368807 -7.801196063260056 5.96444447772592
-7.801196063260056 -5.694420710264089 5.6551189562778745
-5.694420710264089 -9.096893519530582 6.224772733399732
-9.096893519530582 -2.6610159929700026 4.799832728400361
-2.6610159929700026 -4.880937317779435 6.311219198280014
-4.880937317779435 -8.482168305060119 6.282814687725477
-8.482168305060119 -3.9345188269763818 5.301954267946712
-3.9345188269763818 -7.0954678361805374 6.304343322357454
-7.0954678361805374 -7.483077488803666 5.919427378263208
-7.483077488803666 -6.530950693355208 5.783566771817277
-6.530950693355208 -8.56588750969501 6.079006826814293
-8.56588750969501 -3.734790386803405 5.247101623357594
-3.734790386803405 -6.762977661781336 6.306355662087299
-6.762977661781336 -8.17884173586682 6.01913437100302
-8.17884173586682 -4.697814224577981 5.476335862851556
-4.697814224577981 -8.249748266429224 6.289335342076811
-8.249748266429224 -4.514962779182144 5.438526240552164
-4.514962779182144 -7.996314018855156 6.294421968072129
-7.996314018855156 -5.176432995697279 5.567004355871177
-5.176432995697279 -8.798065573517212 6.268254805898323
-8.798065573517212 -3.217109160611862 5.0750414242065744
-3.217109160611862 -5.870215412566122 6.3097263248128
-5.870215412566122 -9.100040621836538 6.202893622667034
-9.100040621836538 -2.6560122943839692 4.796573718456784
-2.6560122943839692 -4.871947994464517 6.311217906426464
-4.871947994464517 -8.471336087671048 6.28317378038264
-8.471336087671048 -3.9607761843567575 5.308810336988245
-3.9607761843567575 -7.138515311229933 6.304038530015532
-7.138515311229933 -7.383359452126279 5.905375633836229
-7.383359452126279 -6.785770034533808 5.8205519262264716
-6.785770034533808 -8.136013094408032 6.012811034430342
-8.136013094408032 -4.809223991504789 5.498429245926673
-4.809223991504789 -8.39402042359271 6.285561220272939
-8.39402042359271 -4.150667633669017 5.3562606674931885
-4.150667633669017 -7.444360903591785 6.3014970217736845
-7.444360903591785 -6.6304962131213845 5.798099545958394
-6.6304962131213845 -8.411206610031632 6.054336684224836
-8.411206610031632 -4.108098780286959 5.345931182233471
-4.108098780286959 -7.376697532617046 6.302122596058325
-7.376697532617046 -6.802599682578322 5.822971415382199
-6.802599682578322 -8.103878892822834 6.008092422493064
-8.103878892822834 -4.893223596817646 5.514660910048406
-4.893223596817646 -8.496869581936297 6.28231617397978
-8.496869581936297 -3.899028502781797 5.29256366791742
-3.899028502781797 -7.037021360956576 6.304739300820074
-7.037021360956576 -7.615365063772455 5.93809303452872
-7.615365063772455 -6.186197289769447 5.732187737881759
-6.186197289769447 -8.954646567389355 6.152250515307969
-8.954646567389355 -2.9070621815320745 4.939178188174992
-2.9070621815320745 -5.321335269564236 6.310856631920615
-5.321335269564236 -8.919195325581287 6.258766176910285
-8.919195325581287 -2.9739656695795076 4.9714980343560455
-2.9739656695795076 -5.440427148091784 6.310663533062325
-5.440427148091784 -8.998595242439576 6.24954285583226
-8.998595242439576 -2.8270736862583026 4.897789680118876
-2.8270736862583026 -5.1785522178040635 6.311044271620631
-5.1785522178040635 -8.800014558221848 6.268128844752937
-8.800014558221848 -3.213032308535156 5.073456294634525
-3.213032308535156 -5.863053148421413 6.309744999507529
-5.863053148421413 -9.101039733118153 6.203868401757063
-9.101039733118153 -2.6544280051728895 4.795537503370724
-2.6544280051728895 -4.869101533819329 6.31121738902948
-4.869101533819329 -8.467892781811843 6.283286584402958
-8.467892781811843 -3.969141506064026 5.310978645757132
-3.969141506064026 -7.152194115565523 6.303939243734931
-7.152194115565523 -7.35129113100131 5.900856726064376
-7.35129113100131 -6.866533307675956 5.832140372967842
-6.866533307675956 -7.977990077487772 5.9897869802116475
-7.977990077487772 -5.224921706429241 5.575635401110048
-5.224921706429241 -8.841387075752815 6.265275309837307
-8.841387075752815 -3.127709534717277 5.03919793482055
-3.127709534717277 -5.712790784489696 6.310112465725979
-5.712790784489696 -9.099851714053417 6.222680005746952
-9.099851714053417 -2.656312074962255 4.796769556396612
-2.656312074962255 -4.872486591909977 6.311217998449138
-4.872486591909977 -8.47198690108688 6.28315238738287
-8.47198690108688 -3.9591960777223445 5.3083999110458535
-3.9591960777223445 -7.135929597022042 6.304057164168626
-7.135929597022042 -7.389401108653077 5.906226931743731
-7.389401108653077 -6.770484573080014 5.8183522108483885
-6.770484573080014 -8.164824320658614 6.017060248821508
-8.164824320658614 -4.734204283490314 5.483626211927913
-4.734204283490314 -8.29779530501544 6.2881644541012065
-8.29779530501544 -4.39237479810132 5.411967057818401
-4.39237479810132 -7.816681207038207 6.297194739476254
-7.816681207038207 -5.653262815211109 5.648413651382725
-5.653262815211109 -9.08813097996257 6.229305801291048
-9.08813097996257 -2.675054044642844 4.808867047599051
-2.675054044642844 -4.906151211797891 6.311220162649988
-4.906151211797891 -8.512205877744114 6.281784007136594
-8.512205877744114 -3.8621885451496993 5.282660353143001
-3.8621885451496993 -6.976046588526485 6.305131758472271
-6.976046588526485 -7.749249970865141 5.9570559578278335
-7.749249970865141 -5.832381697749689 5.677280807623902
-5.832381697749689 -9.104210827902364 6.207960371611989
-9.104210827902364 -2.649413168205507 4.792243618951034
-2.649413168205507 -4.860090760764246 6.311215398804052
-4.860090760764246 -8.456950821241927 6.283640841651504
-8.456950821241927 -3.9957834161752044 5.317833928249456
-3.9957834161752044 -7.195640527438418 6.303615805827576
-7.195640527438418 -7.2482809564628745 5.886331915862684
-7.2482809564628745 -7.121263680583673 5.868382797700178
-7.121263680583673 -7.4235449209935584 5.911037856298208
-7.4235449209935584 -6.683709013008209 5.805821852161898
-6.683709013008209 -8.32137355140332 6.0405183805996785
-8.32137355140332 -4.332653839794316 5.398637745227461
-4.332653839794316 -7.726753880995015 6.298389392930403
-7.726753880995015 -5.892047185150071 5.686724396673526
-5.892047185150071 -9.096385906995813 6.199876871720335
-9.096385906995813 -2.6618249590434395 4.8003576843802875
-2.6618249590434395 -4.882390550566442 6.3112193590641255
-4.882390550566442 -8.483913443569373 6.282756227206846
-8.483913443569373 -3.9302970488974247 5.3008447315805824
-3.9302970488974247 -7.088530875114564 6.304391375862906
-7.088530875114564 -7.49897020977346 5.921667689894093
-7.49897020977346 -6.489888029389336 5.777536566070921
-6.489888029389336 -8.624402144099001 6.088729147271806
-8.624402144099001 -3.5988929518999884 5.206665460773365
-3.5988929518999884 -6.532356550083878 6.307461851374683
-6.532356550083878 -8.563828411709807 6.078669270274986
-8.563828411709807 -3.739630694859906 5.248491992831987
-3.739630694859906 -6.771131476977575 6.306312675173103
-6.771131476977575 -8.163612302420661 6.01688114098215
-8.163612302420661 -4.737354205401353 5.484253825718042
-4.737354205401353 -8.301913386769407 6.288060370039602
-8.301913386769407 -4.381922579947349 5.40965338785827
-4.381922579947349 -7.801050183196929 6.297410758124897
-7.801050183196929 -5.6948084025456565 5.655181908427039
-5.6948084025456565 -9.096962079090192 6.2247290127997985
-9.096962079090192 -2.6609067720263733 4.799761811358621
-2.6609067720263733 -4.880741110226868 6.311219175586302
-4.880741110226868 -8.48193255714855 6.282822571898578
-8.48193255714855 -3.9350893210153113 5.302104046928434
-3.9350893210153113 -7.096404908549294 6.30433680880742
-7.096404908549294 -7.480926797280011 5.919124235009804
-7.480926797280011 -6.536498891463748 5.784379903489025
-6.536498891463748 -8.5577399348384 6.077672729254118
-8.5577399348384 -3.7539650719516415 5.252590550699097
-3.7539650719516415 -6.795252748614802 6.3061838221874496
-6.795252748614802 -8.11795973021117 6.0101574991495
-8.11795973021117 -4.85637571033422 5.50758382040658
-4.85637571033422 -8.45242156214488 6.283784956060117
-8.45242156214488 -4.006837391449462 5.320656094580045
-4.006837391449462 -7.213613132455913 6.303478308218473
-7.213613132455913 -7.205176476473886 5.880246919899946
-7.205176476473886 -7.225445200372805 5.883108890448057
-7.225445200372805 -7.176648707915532 5.876216467564518
-7.176648707915532 -7.293521497084595 5.892713334931614
-7.293521497084595 -7.010331099543554 5.852648871932615
-7.010331099543554 -7.674509341132353 5.946457997066318
-7.674509341132353 -6.030325242968893 5.708310853475268
-6.030325242968893 -9.051492983831363 6.179140101507073
-9.051492983831363 -2.73540826605624 4.846002707796288
-2.73540826605624 -5.01444685614999 6.311185981983726
-5.01444685614999 -8.63508966583764 6.276938633294776
-8.63508966583764 -3.574431082850817 5.1990808820482926
-3.574431082850817 -6.4905197704085165 6.307641749906907
-6.4905197704085165 -8.623525960487418 6.088581630207045
-8.623525960487418 -3.6009034706293597 5.207284465748671
-3.6009034706293597 -6.535790948767376 6.307446819675533
-6.535790948767376 -8.558782747008621 6.0778432590122975
-8.558782747008621 -3.7515075834938694 5.25188989461094
-3.7515075834938694 -6.79112016500289 6.306206078545074
-6.79112016500289 -8.12584422258029 6.011315562656819
-8.12584422258029 -4.835769996087868 5.503597003738832
-4.835769996087868 -8.427105383138525 6.284575101264636
-8.427105383138525 -4.068895966605393 5.336266719135892
-4.068895966605393 -7.313903576330421 6.30266872829452
-7.313903576330421 -6.959858699898901 5.845466794617096
-6.959858699898901 -7.784041235666111 5.962002117081283
-7.784041235666111 -5.740003306568568 5.662493641084438
-5.740003306568568 -9.103133432010555 6.219499007293052
-9.103133432010555 -2.6511146686084923 4.7933635900008085
-2.6511146686084923 -4.863148176746658 6.311216134708957
-4.863148176746658 -8.460670599947784 6.283521121094964
-8.460670599947784 -3.986716349630241 5.315509392617969
-3.986716349630241 -7.180874735173111 6.303727132079075
-7.180874735173111 -7.2834826030298885 5.891297682606819
-7.2834826030298885 -7.03508041281296 5.856164904758771
-7.03508041281296 -7.619693645932084 5.938704702271934
-7.619693645932084 -6.174818887166345 5.730459869530023
-6.174818887166345 -8.963396981670673 6.154342919217015
-8.963396981670673 -2.8908700354791086 4.93105498800287
-2.8908700354791086 -5.2924653771070655 6.310898659412487
-5.2924653771070655 -8.897105780083507 6.260800564712554
-8.897105780083507 -3.0166763374400127 4.991163701113692
-3.0166763374400127 -5.516282067495052 6.31052495154654
-5.516282067495052 -9.038631736749327 6.242916044862795
-9.038631736749327 -2.7572138444654666 4.8587929549394175
-2.7572138444654666 -5.053527451832917 6.311160814311734
-5.053527451832917 -8.676822700647683 6.275010770390509
-8.676822700647683 -3.480043838157723 5.168847612560057
-3.480043838157723 -6.328255166258968 6.308286628172937
-6.328255166258968 -8.82314848410064 6.124382191523182
-8.82314848410064 -3.165032218405509 5.054445006517199
-3.165032218405509 -5.77860420676579 6.309957169927657
-5.77860420676579 -9.10549724343466 6.214818759548507
-9.10549724343466 -2.6473846974576 4.790905214751547
-2.6473846974576 -4.856445651983509 6.311214438774186
-4.856445651983509 -8.452506552521434 6.283782932412578
-8.452506552521434 -4.006629827904737 5.320603220159683
-4.006629827904737 -7.213275950739727 6.303480908176425
-7.213275950739727 -7.205987708861283 5.880361491901567
-7.205987708861283 -7.2234989005651595 5.882834123625798
-7.2234989005651595 -7.181349408208323 5.876880784631794
-7.181349408208323 -7.2823540009146654 5.891138509021403
-7.2823540009146654 -7.037858157893244 5.8565593061139225
-7.037858157893244 -7.613497555906795 5.937829146412696
-7.613497555906795 -6.191104763867719 5.732932261973474
-6.191104763867719 -8.950790673007955 6.1513417030764685
-8.950790673007955 -2.9142383315532374 4.942739286154392
-2.9142383315532374 -5.334124327080222 6.3108373962386395
-5.334124327080222 -8.928638262988345 6.2578407548389805
-8.928638262988345 -2.955944189057442 4.96298112115619
-2.955944189057442 -5.408379547519544 6.3107185093613225
-5.408379547519544 -8.979152729401843 6.252161734126275
-8.979152729401843 -2.8620453241281663 4.9162816966745595
-2.8620453241281663 -5.2410290220870435 6.31096855855867
-5.2410290220870435 -8.855174401367806 6.264243607205572
-8.855174401367806 -3.0998089451488884 5.027518032649823
-3.0998089451488884 -5.663510108048757 6.310223089887586
-5.663510108048757 -9.09058569004113 6.228197240605368
-9.09058569004113 -2.671105780124036 4.806342117695749
-2.671105780124036 -4.899060593671838 6.31122027559104
-4.899060593671838 -8.503810777929289 6.282077392341307
-8.503810777929289 -3.882331259035109 5.288095113035524
-3.882331259035109 -7.009423057213177 6.304919466314459
-7.009423057213177 -7.676506985631623 5.946740839048289
-7.676506985631623 -6.025046882815297 5.707494148351543
-6.025046882815297 -9.053907147265809 6.179984507347399
-9.053907147265809 -2.73135050896582 4.843587612213014
-2.73135050896582 -5.007171634551479 6.311189987012767
-5.007171634551479 -8.627161740901508 6.277286579035717
-8.627161740901508 -3.5925657094014225 5.2047131085637375
-3.5925657094014225 -6.5215441018426645 6.307508911511832
-6.5215441018426645 -8.579570652195052 6.0812576186363
-8.579570652195052 -3.7027233163051876 5.237807183995756
-3.7027233163051876 -6.708849308844702 6.306633930435055
-6.708849308844702 -8.277273807535142 6.033839292758785
-8.277273807535142 -4.444592629388653 5.423407799517008
-4.444592629388653 -7.894052713379198 6.296069119285676
-7.894052713379198 -5.447602680459968 5.614195578331419
-5.447602680459968 -9.002746881675808 6.248941871152056
-9.002746881675808 -2.8196932188474078 4.893803361843311
-2.8196932188474078 -5.1653573249726925 6.311058880666678
-5.1653573249726925 -8.787797468077681 6.268909703216195
-8.787797468077681 -3.2386707854318573 5.083350652763329
-3.2386707854318573 -5.90806741280673 6.309625830039295
-5.90806741280673 -9.093116894733381 6.197619533537363
-9.093116894733381 -2.6670472460321446 4.803733680211735
-2.6670472460321446 -4.891771204746672 6.311220082174259
-4.891771204746672 -8.495137717699196 6.282376102120907
-8.495137717699196 -3.90320054689819 5.293675096578227
-3.90320054689819 -7.043907250528219 6.304693680001947
-7.043907250528219 -7.599974220838881 5.935918723396753
-7.599974220838881 -6.226612298240212 5.73830679574894
-6.226612298240212 -8.921422756851976 6.144651524351502
-8.921422756851976 -2.9697017749490384 4.9694950132288795
-2.9697017749490384 -5.432846825436351 6.310676731372951
-5.432846825436351 -8.994128742113118 6.250171750256413
-8.994128742113118 -2.83504838257693 4.902063508136052
-2.83504838257693 -5.192805732416543 6.311027933865262
-5.192805732416543 -8.812993225826162 6.267270072370593
-8.812993225826162 -3.1860136279366094 5.06283530971632
-3.1860136279366094 -5.815545123195837 6.309866164869163
-5.815545123195837 -9.10519441950937 6.210150603710645
-9.10519441950937 -2.647861895481243 4.791220389881346
-2.647861895481243 -4.857303180097061 6.3112146727035
-4.857303180097061 -8.453553011814348 6.283749567610357
-8.453553011814348 -4.004074597810908 5.319951935489371
-4.004074597810908 -7.209124116405387 6.303512858255999
-7.209124116405387 -7.215968750077753 5.881770964420866
-7.215968750077753 -7.199506345516109 5.879446047812962
-7.199506345516109 -7.239033012689522 5.885026833337179
-7.239033012689522 -7.143744354238591 5.871563979879284
-7.143744354238591 -7.371121748319459 5.903651226617512
-7.371121748319459 -6.816664933972946 5.8249915459273325
-6.816664933972946 -8.076696424244556 6.004116750347748
-8.076696424244556 -4.964521768041793 5.5281705268826045
-4.964521768041793 -8.579716041340063 6.279259207498399
-8.579716041340063 -3.7023835124080096 5.237707909258461
-3.7023835124080096 -6.7082747278225945 6.3066368195468385
-6.7082747278225945 -8.278293344106546 6.033993016302702
-8.278293344106546 -4.4419932944969664 5.422842865460552
-4.4419932944969664 -7.890230331284596 6.296127032510412
-7.890230331284596 -5.457758644367456 5.615914936846821
-5.457758644367456 -9.008494914930763 6.248082418806007
-9.008494914930763 -2.8095261332589696 4.888262294662127
-2.8095261332589696 -5.147175088346026 6.311078176215233
-5.147175088346026 -8.77064900697944 6.269963835264207
-8.77064900697944 -3.274986439932234 5.097072066997498
-3.274986439932234 -5.971712442007235 6.3094499036014895
-5.971712442007235 -9.075158797165235 6.188278974306741
-9.075158797165235 -2.696120033468719 4.822133611505706
-2.696120033468719 -4.943970949246732 6.311214824083436
-4.943970949246732 -8.556278312701908 6.280171100705047
-8.556278312701908 -3.7574111542616824 5.253571680008463
-3.7574111542616824 -6.801045833749567 6.306152496177674
-6.801045833749567 -8.106863728986054 6.008529859405826
-8.106863728986054 -4.885407576090804 5.51316527756353
-4.885407576090804 -8.487531466219147 6.282633838352922
-8.487531466219147 -3.9215519993686763 5.298540004485403
-3.9215519993686763 -7.0741480447593 6.304490090387844
-7.0741480447593 -7.531760182753498 5.926291328476509
-7.531760182753498 -6.404830785217429 5.764974220845033
-6.404830785217429 -8.73537772300337 6.108013569333707
-8.73537772300337 -3.3508459802722994 5.124695953862101
-3.3508459802722994 -6.104198663634343 6.309054429562821
-6.104198663634343 -9.011776681613027 6.166870813613059
-9.011776681613027 -2.803748257489128 4.885087264152389
-2.803748257489128 -5.1368395121597015 6.311088701208064
-5.1368395121597015 -8.760741460456169 6.270551932248054
-8.760741460456169 -3.2961390220309665 5.104912065446115
-3.2961390220309665 -6.00871893073134 6.30934349861127
-6.00871893073134 -9.061019482711224 6.182569691623939
-9.061019482711224 -2.719461556594514 4.836446352619532
-2.719461556594514 -4.985850808663735 6.3112004166905535
-4.985850808663735 -8.603648144861058 6.278287034310779
-8.603648144861058 -3.646719200799866 5.221215465157002
-3.646719200799866 -6.613877549868537 6.307093837742286
-6.613877549868537 -8.438261144942013 6.058562774465827
-8.438261144942013 -4.04149307815794 5.3294217376969755
-4.04149307815794 -7.269749070218705 6.30303425917009
-7.269749070218705 -7.068816897067457 5.860952145252668
-7.068816897067457 -7.543858052732258 5.927997796185082
-7.543858052732258 -6.373341905461158 5.760297773525963
-6.373341905461158 -8.77288156731004 6.114858739085321
-8.77288156731004 -3.270237098808405 5.095296598570712
-3.270237098808405 -5.963396851654 6.309473392939253
-5.963396851654 -9.077959819466814 6.189533518747339
-9.077959819466814 -2.6915428959132255 4.819279962655855
-2.6915428959132255 -4.93575541247348 6.311216635447636
-4.93575541247348 -8.546806949989769 6.280528460454661
-8.546806949989769 -3.7797875688303653 5.25990347467814
-3.7797875688303653 -6.83860608043594 6.305945737211005
-6.83860608043594 -8.033709854016656 5.997856770543876
-8.033709854016656 -5.07766861833747 5.549139334118081
-5.07766861833747 -8.701863792965757 6.273768449576892
-8.701863792965757 -3.4243126629416976 5.150220206651284
-3.4243126629416976 -6.231865056944895 6.308633178781747
-6.231865056944895 -8.91685930045175 6.143644747658982
-8.91685930045175 -2.978445966616446 4.97359475367557
-2.978445966616446 -5.448390732323566 6.310649538558209
-5.448390732323566 -9.003198221369642 6.248875780009257
-9.003198221369642 -2.818892731008963 4.89336919456764
-2.818892731008963 -5.163926003839808 6.311060435091349
-5.163926003839808 -8.786460637359557 6.268993599394889
-8.786460637359557 -3.241488137212853 5.0844272906688275
-3.241488137212853 -5.913009863789683 6.309612482811644
-5.913009863789683 -9.092007481198353 6.196915549222467
-9.092007481198353 -2.6688244815535347 4.804877547128854
-2.6688244815535347 -4.894963326107546 6.3112202060256095
-4.894963326107546 -8.498941061676124 6.282245653161226
-8.498941061676124 -3.8940414635323513 5.291232458905142
-3.8940414635323513 -7.028785095280857 6.304793514977064
-7.028785095280857 -7.633703649432006 5.940685021443642
-7.633703649432006 -6.137957213273463 5.724846400036768
-6.137957213273463 -8.989923452488958 6.160980338489026
-8.989923452488958 -2.8425891854574106 4.9060733754813555
-2.8425891854574106 -5.206280109571356 6.311011970639811
-5.206280109571356 -8.82505064591174 6.26644343389853
-8.82505064591174 -3.1611180138419157 5.052865579284116
-3.1611180138419157 -5.771708069083721 6.309973851264658
-5.771708069083721 -9.105274337067222 6.215669593515486
-9.105274337067222 -2.64773594091657 4.791137219526718
-2.64773594091657 -4.8570768398233115 6.311214611516334
-4.8570768398233115 -8.453276859326383 6.28375837782005
-8.453276859326383 -4.004748825303733 5.320123851077369
-4.004748825303733 -7.210219793225294 6.303504438157688
-7.210219793225294 -7.213336164559026 5.881399234174751
-7.213336164559026 -7.205842835569395 5.88034102331585
-7.205842835569395 -7.2238465205872515 5.882883199356002
-7.2238465205872515 -7.180510068355652 5.876762172392773
-7.180510068355652 -7.284349492110534 5.891419928673713
-7.284349492110534 -7.03294616103507 5.8558618406023015
-7.03294616103507 -7.624448401254432 5.939376692269434
-7.624448401254432 -6.16231441041195 5.728558360009629
-6.16231441041195 -8.97270745291698 6.156618656459614
-8.97270745291698 -2.8737849892433367 4.92234796266348
-2.8737849892433367 -5.26198447839894 6.310940871662751
-5.26198447839894 -8.872647853159355 6.262868364116002
-8.872647853159355 -3.064846404894107 5.012522163418907
-3.064846404894107 -5.601660980995925 6.3103551275562495
-5.601660980995925 -9.073075151689904 6.234693018857797
-9.073075151689904 -2.6995350112901524 4.82425249089647
-2.6995350112901524 -4.9500998568086265 6.311213247998239
-4.9500998568086265 -8.563306410044873 6.279901930869528
-8.563306410044873 -3.7408583674484235 5.248844123518211
-3.7408583674484235 -6.773198872896106 6.306301730499399
-6.773198872896106 -8.159734496588618 6.0163082593462605
-8.159734496588618 -4.7474358750409555 5.486258938548417
-4.7474358750409555 -8.31504908152999 6.287724245896243
-8.31504908152999 -4.348643283606614 5.402232801043283
-4.348643283606614 -7.7509750104258694 6.298078810334118
-7.7509750104258694 -5.827804014576257 5.676552880813688
-5.827804014576257 -9.1045310848297 6.208559755657916
-9.1045310848297 -2.6489078559475847 4.791910536696378
-2.6489078559475847 -4.859182744291531 6.311215168090712
-4.859182744291531 -8.455844692364433 6.283676302489766
-8.455844692364433 -3.998481609553365 5.318523985140928
-3.998481609553365 -7.200030449542957 6.3035824246981065
-7.200030449542957 -7.237778240330143 5.884849749785644
-7.237778240330143 -7.146789248735917 5.871994690660358
-7.146789248735917 -7.363983577696987 5.9026453572259925
-7.363983577696987 -6.834643666781476 5.8275712668691995
-6.834643666781476 -8.041524915469425 5.998992490149249
-8.041524915469425 -5.0570654508202 5.5453622447748785
-5.0570654508202 -8.68052863218956 6.274830784761434
-8.68052863218956 -3.4717521226279002 5.1661142955381365
-3.4717521226279002 -6.313940362161753 6.308339731407614
-6.313940362161753 -8.838255391090067 6.127337369016459
-8.838255391090067 -3.1340848153778444 5.041832371738565
-3.1340848153778444 -5.7240417075032735 6.310086532892456
-5.7240417075032735 -9.101368793230538 6.221376635556226
-9.101368793230538 -2.653906662821026 4.7951960569371295
-2.653906662821026 -4.868164824612986 6.311217207174195
-4.868164824612986 -8.466758272375777 6.283323611340165
-8.466758272375777 -3.9718996937378495 5.311691903949395
-3.9718996937378495 -7.156700408906143 6.303906272110908
-7.156700408906143 -7.340687675963814 5.899362356594793
-7.340687675963814 -6.893095480681566 5.835939936725481
-6.893095480681566 -7.92397751620742 5.982006462829304
-7.92397751620742 -5.368129333680741 5.600627059502585
-5.368129333680741 -8.952698093987562 6.255305631802912
-8.952698093987562 -2.9106853363073233 4.940979099737888
-2.9106853363073233 -5.327792757937367 6.310846966211102
-5.327792757937367 -8.923989867520081 6.2583007912908215
-8.923989867520081 -2.964797522109542 4.967181962823815
-2.964797522109542 -5.424126415420912 6.310691766171658
-5.424126415420912 -8.988888603490864 6.250887956764927
-8.988888603490864 -2.844449655477628 4.9070580521765805
-2.844449655477628 -5.209603967623838 6.31100795668317
-5.209603967623838 -8.827992969869989 6.266237279312918
-8.827992969869989 -3.155073283449387 5.05041756515493
-3.155073283449387 -5.761055517591791 6.3099994301192055
-5.761055517591791 -9.10475886789392 6.216971282923623
-9.10475886789392 -2.6485485805632787 4.791673584248201
-2.6485485805632787 -4.858537140878017 6.311215000652737
-4.858537140878017 -8.455057841374755 6.283701488904626
-8.455057841374755 -4.000401533044294 5.319014533433801
-4.000401533044294 -7.203152983614583 6.303558601081022
-7.203152983614583 -7.230297476256122 5.88379386552333
-7.230297476256122 -7.164915812706031 5.874557984141575
-7.164915812706031 -7.321307557547321 5.896630728169839
-7.321307557547321 -6.941451887279645 5.842843375758093
-6.941451887279645 -7.823201206469335 5.967581024597166
-7.823201206469335 -5.635931064083048 5.6455764627644385
-5.635931064083048 -9.083572422546887 6.231151390173181
-9.083572422546887 -2.6824184467706313 4.8135437680612085
-2.6824184467706313 -4.919374888836796 6.311219182920468
-4.919374888836796 -8.527751921371918 6.281229336644174
-8.527751921371918 -3.8250412880802793 5.272507690584462
-3.8250412880802793 -6.914262098404799 6.305509265646833
-6.914262098404799 -7.880247035982616 5.975733463339566
-7.880247035982616 -5.484287750176538 5.620391062489944
-5.484287750176538 -9.022793300843109 6.245786086077715
-9.022793300843109 -2.784496672401482 4.874368129600043
-2.784496672401482 -5.102387765563565 6.311121358998207
-5.102387765563565 -8.72689975282852 6.2724554652268125
-8.72689975282852 -3.3693060742707925 5.13121829820011
-3.3693060742707925 -6.136339165227975 6.30895223520929
-6.136339165227975 -8.991024094399682 6.161266822102334
-8.991024094399682 -2.84061251319833 4.905025193467736
-2.84061251319833 -5.20274841085759 6.311016202678729
-5.20274841085759 -8.821910414358383 6.266661504534568
-8.821910414358383 -3.1675825650043046 5.055471681549534
-3.1675825650043046 -5.783096695845481 6.309946251061774
-5.783096695845481 -9.105595429872583 6.2142610177943425
-9.105595429872583 -2.647230013208555 4.790803008669172
-2.647230013208555 -4.8561676812522325 6.311214361827297
-4.8561676812522325 -8.452167217112208 6.283793739381508
-8.452167217112208 -4.007458584591427 5.320814309332491
-4.007458584591427 -7.214622177207369 6.303470522878342
-7.214622177207369 -7.202748218170078 5.879903959114017
-7.202748218170078 -7.231267653515951 5.883930803476687
-7.231267653515951 -7.1625675735381655 5.8742259902719525
-7.1625675735381655 -7.326853465755345 5.89741247090933
-7.326853465755345 -6.927639766492424 5.840873268276482
-6.927639766492424 -7.852300635529953 5.971735592051118
-7.852300635529953 -5.558571628388146 5.632811414292519
-5.558571628388146 -9.057142539047314 6.238947598096274
-9.057142539047314 -2.7259300752936295 4.8403439079847885
-2.7259300752936295 -4.997451907708466 6.311194987411
-4.997451907708466 -8.616493812804828 6.2777461988262075
-8.616493812804828 -3.617067290208459 5.212237313760852
-3.617067290208459 -6.563378853001532 6.307324588895426
-6.563378853001532 -8.517464052465318 6.071140640284284
-8.517464052465318 -3.8496017148902046 5.279239345669339
-3.8496017148902046 -6.955144941878106 6.305261675206566
-6.955144941878106 -7.794110568391846 5.963435415280401
-7.794110568391846 -5.713249778711393 5.658171718550875
-5.713249778711393 -9.099918011010779 6.222627025479596
-9.099918011010779 -2.6562068590227805 4.796700830440386
-2.6562068590227805 -4.872297557308073 6.311217966347613
-4.872297557308073 -8.471758507429964 6.28315989746261
-8.471758507429964 -3.9597505569266147 5.308543965791614
-3.9597505569266147 -7.136837027015057 6.304050629463745
-7.136837027015057 -7.387281590201421 5.905928283013054
-7.387281590201421 -6.775849423090933 5.819124505895161
-6.775849423090933 -8.154753192677122 6.015572832166072
-8.154753192677122 -4.760394459610801 5.488828157034732
-4.760394459610801 -8.331832108850406 6.287285429920303
-8.331832108850406 -4.306261684550916 5.3926605612978165
-4.306261684550916 -7.686551971652874 6.298887798729993
-7.686551971652874 -5.998493374096622 5.703377074831224
-5.998493374096622 -9.06520059797352 6.184167898558371
-9.06520059797352 -2.712518376369305 4.832230003717996
-2.712518376369305 -4.973396046279724 6.311205571084429
-4.973396046279724 -8.589722330182962 6.278858411733381
-8.589722330182962 -3.679043943034391 5.2308488960552495
-3.679043943034391 -6.668760296542946 6.306832334077626
-6.668760296542946 -8.347096371842696 6.044444190611102
-8.347096371842696 -4.267854673878686 5.383863840565027
-4.267854673878686 -7.627570053746365 6.299582585888857
-7.627570053746365 -6.154101576227781 5.727307949804526
-6.154101576227781 -8.97864819102597 6.158099839161878
-8.97864819102597 -2.86296170319259 4.916757711245737
-2.86296170319259 -5.2426650915642705 6.310966436954914
-5.2426650915642705 -8.856557611604496 6.26413757156115
-8.856557611604496 -3.097024967485977 5.0263388583407504
-3.097024967485977 -5.658589043544306 6.310233872336539
-5.658589043544306 -9.089429273292227 6.2287313085762435
-9.089429273292227 -2.6729642954994026 4.807532189395715
-2.6729642954994026 -4.9023983572909815 6.311220258980029
-4.9023983572909815 -8.507767714422881 6.281939635293384
-8.507767714422881 -3.872830084082529 5.285537641979317
-3.872830084082529 -6.993690834526897 6.305020282958139
-6.993690834526897 -7.710961789801873 5.951622529864835
-7.710961789801873 -5.933891802792602 5.693299690767162
-5.933891802792602 -9.086792442456533 6.193901624275895
-9.086792442456533 -2.6772121309543975 4.810241932453209
-2.6772121309543975 -4.910026578029989 6.311219977997098
-4.910026578029989 -8.516776800916737 6.281622472906747
-8.516776800916737 -3.8512455402567367 5.2796872259095835
-3.8512455402567367 -6.957876623766637 6.305244826191483
-6.957876623766637 -7.7882786821662755 5.962605194363277
-7.7882786821662755 -5.7287454541086165 5.660677198120538
-5.7287454541086165 -9.10193623014402 6.22082670275995
-9.10193623014402 -2.653008172612737 4.794607067316974
-2.653008172612737 -4.866550456511943 6.311216880218126
-4.866550456511943 -8.464801392816177 6.283387316019798
-8.464801392816177 -3.9766594777391475 5.312920831125666
-3.9766594777391475 -7.164472377897113 6.303849096933845
-7.164472377897113 -7.32235523444811 5.896778418984468
-7.32235523444811 -6.9388442462666475 5.842471535037475
-6.9388442462666475 -7.8287139002604835 5.968367467765347
-7.8287139002604835 -5.621276288746755 5.643171108706156
-5.621276288746755 -9.079322890435323 6.232683191628894
-9.079322890435323 -2.6893211567005095 4.817889100424509
-2.6893211567005095 -4.931767234318155 6.311217387963552
-4.931767234318155 -8.542188432487894 6.28070052430121
-8.542188432487894 -3.79072741800153 5.262974847493751
-3.79072741800153 -6.856933487791957 6.3058425040508155
-6.856933487791957 -7.997268625919849 5.992573761093809
-7.997268625919849 -5.173908489002452 5.566552528318425
-5.173908489002452 -8.795737145454245 6.268404829483188
-8.795737145454245 -3.221986341465976 5.0769318213060615
-3.221986341465976 -5.878781528165496 6.309703848019126
-5.878781528165496 -9.098716236489777 6.20171814612695
-9.098716236489777 -2.6581155192262536 4.797946116592357
-2.6581155192262536 -4.875726647066041 6.311218512371852
-4.875726647066041 -8.475897189155436 6.283023364961991
-8.475897189155436 -3.9497090948620706 5.305929931724677
-3.9497090948620706 -7.120391971296343 6.304168250902876
-7.120391971296343 -7.42556766995693 5.911322879281215
-7.42556766995693 -6.678548129713237 5.805074227635487
-6.678548129713237 -8.330296512596561 6.041877577361447
-8.330296512596561 -4.310132886768523 5.393540699373261
-4.310132886768523 -7.692465850571997 6.29881578268396
-7.692465850571997 -5.98285147593365 5.700945077001961
-5.98285147593365 -9.071190919646613 6.186582131722389
-9.071190919646613 -2.7026305612382 4.826165707141627
-2.7026305612382 -4.9556549909641605 6.311211656895466
-4.9556549909641605 -8.569648522013047 6.279656043469004
-8.569648522013047 -3.7259592814201867 5.244556488152739
-3.7259592814201867 -6.7480898325061505 6.306433419311361
-6.7480898325061505 -8.20638057494193 6.023222835669003
-8.20638057494193 -4.6265450618254365 5.46183950124032
-4.6265450618254365 -8.153244030759211 6.291468327246548
-8.153244030759211 -4.764322218084352 5.489605109974946
-4.764322218084352 -8.33689635391987 6.287150901214773
-8.33689635391987 -4.293504390021831 5.389751736271137
-4.293504390021831 -7.667022346312586 6.299122518463264
-7.667022346312586 -6.050100902747178 5.711365756960731
-6.050100902747178 -9.041947369755531 6.175938452630362
-9.041947369755531 -2.7515621956675984 4.855507867112465
-2.7515621956675984 -5.0434008595392505 6.311167908355856
-5.0434008595392505 -8.66614889406578 6.275519977327349
-8.66614889406578 -3.5040090194250824 5.176675265800441
-3.5040090194250824 -6.36957550575526 6.308130016688665
-6.36957550575526 -8.777235988540028 6.115666858720942
-8.777235988540028 -3.260992238660164 5.091824322465982
-3.260992238660164 -5.947203233699263 6.309518698093598
-5.947203233699263 -9.083020622117697 6.191946969818673
-9.083020622117697 -2.6833127193395523 4.814108791008039
-2.6833127193395523 -4.920980491511207 6.311218997467222
-4.920980491511207 -8.529629629478526 6.281161316404905
-8.529629629478526 -3.8205681700933956 5.271273538892274
-3.8205681700933956 -6.906802534728134 6.305553532693011
-6.906802534728134 -7.895727287925031 5.977951565339026
-7.895727287925031 -5.44315365742258 5.613441355937539
-5.44315365742258 -9.000181570728678 6.249314991033316
-9.000181570728678 -2.8242499761358064 4.896268087341014
-2.8242499761358064 -5.173504344958837 6.311049919728248
-5.173504344958837 -8.795363576505236 6.268429164720146
-8.795363576505236 -3.2227694967321696 5.077234775591933
-3.2227694967321696 -5.880156813863781 6.309700224963308
-5.880156813863781 -9.09849044043741 6.201528443340067
-9.09849044043741 -2.6584744583873396 4.798179965138843
-2.6584744583873396 -4.876371497599679 6.311218606555485
-4.876371497599679 -8.476674442890591 6.28299761922608
-8.476674442890591 -3.9478247441987646 5.305438148254325
-3.9478247441987646 -7.117303181920794 6.304190154598473
-7.117303181920794 -7.432728868530173 5.912331933323003
-7.432728868530173 -6.6602594900947505 5.802422597385885
-6.6602594900947505 -8.361555710780264 6.046661360243888
-8.361555710780264 -4.231599613564389 5.375449587027106
-4.231599613564389 -7.571394646016769 6.300206786265335
-7.571394646016769 -6.301471107639285 5.749568697294308
-6.301471107639285 -8.85107779998889 6.1298846134777705
-8.85107779998889 -3.108070425913069 5.031002419342258
-3.108070425913069 -5.67810945278154 6.310190819709533
-5.67810945278154 -9.093771337346535 6.226594947060221
-9.093771337346535 -2.6660000267608894 4.80305847292766
-2.6660000267608894 -4.889890210699724 6.311219980409078
-4.889890210699724 -8.49289270502389 6.282452708950586
-8.49289270502389 -3.908612300309573 5.29511377010931
-3.908612300309573 -7.052833272934156 6.304634139123664
-7.052833272934156 -7.579944421130781 5.933090340007766
-7.579944421130781 -6.279103606201505 5.746213229384011
-6.279103606201505 -8.873290378502526 6.13439126020603
-8.873290378502526 -3.0635693869971434 5.011966586742346
-3.0635693869971434 -5.599399973087534 6.31035981131572
-5.599399973087534 -9.07231416395932 6.234921708019101
-9.07231416395932 -2.70078437091682 4.825025513626315
-2.70078437091682 -4.952341957664873 6.3112126243031526
-4.952341957664873 -8.565869360670119 6.279802908706188
-8.565869360670119 -3.734833033727581 5.247113888453896
-3.734833033727581 -6.7630495224560985 6.306355284446909
-6.7630495224560985 -8.178707968722438 6.019114556322165
-8.178707968722438 -4.698161139734066 5.476405712368432
-4.698161139734066 -8.250210347138943 6.289324449182459
-8.250210347138943 -4.513778449470895 5.438274543263105
-4.513778449470895 -7.994613026830131 6.294450997880631
-7.994613026830131 -5.180931750026105 5.567808913681802
-5.180931750026105 -8.802197289931023 6.267986228453083
-8.802197289931023 -3.208472519562318 5.0716780274196935
-3.208472519562318 -5.855040502928019 6.309765764057374
-5.855040502928019 -9.102041042878344 6.20495025915443
-9.102041042878344 -2.6528422824180393 4.794498246719741
-2.6528422824180393 -4.866252388409918 6.31121681800505
-4.866252388409918 -8.464439862215208 6.283399062886019
-8.464439862215208 -3.977539155031393 5.313147686942102
-3.977539155031393 -7.165908123580672 6.303838491687202
-7.165908123580672 -7.318962461299783 5.896300162621628
-7.318962461299783 -6.947286046161431 5.843675135365629
-6.947286046161431 -7.810835868377358 5.965817977281404
-7.810835868377358 -5.668800139274251 5.650950216073397
-5.668800139274251 -9.091782464548873 6.227619609246176
-9.091782464548873 -2.669185253562835 4.805109437165811
-2.669185253562835 -4.895611297099388 6.311220223637065
-4.895611297099388 -8.499712099317435 6.282219104770775
-8.499712099317435 -3.8921860830302815 5.29073645131939
-3.8921860830302815 -7.025719421308756 6.304813596751046
-7.025719421308756 -7.640509786296009 5.941647372663283
-7.640509786296009 -6.120031599855111 5.722107688543474
-6.120031599855111 -9.001817609787944 6.164130438428401
-9.001817609787944 -2.821342514526557 4.894696782412211
-2.821342514526557 -5.168306244004004 6.311055659305566
-5.168306244004004 -8.79054459356583 6.268736357476882
-8.79054459356583 -3.2328885965916703 5.081134488205862
-3.2328885965916703 -5.897921240720932 6.309653066233295
-5.897921240720932 -9.095245199451966 6.19905356921663
-9.095245199451966 -2.6636447840420674 4.8015366495419585
-2.6636447840420674 -4.8856595917437735 6.311219672588777
-4.8856595917437735 -8.487832967551789 6.282624302268232
-8.487832967551789 -3.920823707681228 5.298347673564422
-3.920823707681228 -7.072949418685797 6.304498261557455
-7.072949418685797 -7.534482867715042 5.926675349321158
-7.534482867715042 -6.397748883258422 5.763923730999522
-6.397748883258422 -8.743982983841992 6.109566947234271
-8.743982983841992 -3.3321970612059166 5.118029583169118
-3.3321970612059166 -6.071688972173816 6.309155257600651
-6.071688972173816 -9.030621730129287 6.1723745458402846
-9.030621730129287 -2.7709529363289107 4.8666940748735215
-2.7709529363289107 -5.078137752602615 6.311141993115598
-5.078137752602615 -8.702344478546298 6.273744361664285
-8.702344478546298 -3.4232497386344276 5.149858970864443
-3.4232497386344276 -6.230022732658099 6.308639555849368
-6.230022732658099 -8.918466289915989 6.143998380575795
-8.918466289915989 -2.975362962100719 4.972152820628253
-2.975362962100719 -5.442910951318427 6.310659182414383
-5.442910951318427 -9.000040742370183 6.249335502401664
-9.000040742370183 -2.824500471981563 4.89640324708671
-2.824500471981563 -5.1739521695129085 6.311049421547068
-5.1739521695129085 -8.795777337273089 6.268402601774142
-8.795777337273089 -3.221902093770624 5.076899221243366
-3.221902093770624 -5.878633578552296 6.309704237541155
-5.878633578552296 -9.098740309756906 6.201738537674828
-9.098740309756906 -2.6580772570401625 4.797921182558639
-2.6580772570401625 -4.875657906974187 6.3112185021236655
-4.875657906974187 -8.475814315681113 6.283026108096237
-8.475814315681113 -3.9499100381085204 5.305982351226703
-3.9499100381085204 -7.120721302148305 6.304165912039025
-7.120721302148305 -7.424803571137798 5.911215214535332
-7.424803571137798 -6.68049792355462 5.805356714754453
-6.68049792355462 -8.326930640955318 6.0413645477783575
-8.326930640955318 -4.318622854415618 5.395466823818424
-4.318622854415618 -7.705415216381026 6.298656540118827
-7.705415216381026 -5.948579770075333 5.695598665897705
-5.948579770075333 -9.082610609905883 6.191743247331033
-9.082610609905883 -2.6839775988227452 4.814528476839769
-2.6839775988227452 -4.922174210899759 6.311218850383739
-4.922174210899759 -8.531024256929431 6.281110650204937
-8.531024256929431 -3.8172477854097626 5.270355791155453
-3.8172477854097626 -6.901262627193962 6.305586229824257
-6.901262627193962 -7.90717559466089 5.979593678082892
-7.90717559466089 -5.412742766305284 5.608269111336995
-5.412742766305284 -8.981885507040664 6.251811060101318
-8.981885507040664 -2.857089578995827 4.913700028748281
-2.857089578995827 -5.232180282882762 6.310979913778283
-5.232180282882762 -8.847638074736468 6.2648132301656005
-8.847638074736468 -3.11502592060943 5.033918964676559
-3.11502592060943 -5.690396284811567 6.310163333753735
-5.690396284811567 -9.096166292976056 6.225225573190983
-9.096166292976056 -2.6621751137734133 4.800584741158673
-2.6621751137734133 -4.88301956217643 6.311219424522278
-4.88301956217643 -8.484668280605097 6.282730887942307
-8.484668280605097 -3.928471705915546 5.300364385198918
-3.928471705915546 -7.085530266722909 6.304412071949628
-7.085530266722909 -7.50582906255533 5.922634670878324
-7.50582906255533 -6.472132721140392 5.774922347525717
-6.472132721140392 -8.648718011338214 6.092850111774169
-8.648718011338214 -3.543406984939105 5.189316961677832
-3.543406984939105 -6.4373282007504145 6.3078621490822115
-6.4373282007504145 -8.694630197724315 6.1007822899046005
-8.694630197724315 -3.440339696293596 5.155639466829598
-3.440339696293596 -6.259626489237592 6.308535984870105
-6.259626489237592 -8.891805255474235 6.13825005165927
-8.891805255474235 -3.027038334413044 4.995829341012723
-3.027038334413044 -5.534663887158942 6.31048961536726
-5.534663887158942 -9.047021476436782 6.241215942973213
-9.047021476436782 -2.7429536410237247 4.850464039172948
-2.7429536410237247 -5.027972779740858 6.311177955525636
-5.027972779740858 -8.64969778659834 6.276282706687198
-8.64969778659834 -3.5411839828495757 5.188610980199883
-3.5411839828495757 -6.433511295166284 6.307877616385667
-6.433511295166284 -8.699522834208294 6.1016403991379775
-8.699522834208294 -3.4294929010842705 5.151977447530953
-3.4294929010842705 -6.240841689695628 6.308601977489161
-6.240841689695628 -8.908930137217917 6.1419139051722595
-8.908930137217917 -2.993718120610968 4.980681531455048
-2.993718120610968 -5.475525164036415 6.310600871776842
-5.475525164036415 -9.018186005225587 6.246553047392808
-9.018186005225587 -2.7925207754261767 4.878862420719088
-2.7925207754261767 -5.116749949257922 6.311108208061341
-5.116749949257922 -8.74115865394404 6.271672413960914
-8.74115865394404 -3.338307930013538 5.120222698242287
-3.338307930013538 -6.0823461531940834 6.309122482587554
-6.0823461531940834 -9.024681360048529 6.1705884944531135
-9.024681360048529 -2.781219760448575 4.87252163912126
-2.781219760448575 -5.096521421410666 6.311126534372306
-5.096521421410666 -8.721014393889496 6.272771062736865
-8.721014393889496 -3.3821711354385684 5.1357197916004225
-3.3821711354385684 -6.158714248258194 6.30887958621679
-6.158714248258194 -8.975328654180238 6.157269319734041
-8.975328654180238 -2.869001936013722 4.919884728606121
-2.869001936013722 -5.253447744872437 6.310952284249652
-5.253447744872437 -8.865593542611922 6.263433098520181
-8.865593542611922 -3.0789071962926617 5.01860241862596
-3.0789071962926617 -5.62654713161241 6.310302908252197
-5.62654713161241 -9.080892714933997 6.23213541527366
-9.080892714933997 -2.6867670123092435 4.8162855008631595
-2.6867670123092435 -4.927182074803312 6.311218148715852
-4.927182074803312 -8.536861965249487 6.280897209970135
-8.536861965249487 -3.8033670700266633 5.266503942410054
-3.8033670700266633 -6.878078689713152 6.305721437343891
-6.878078689713152 -7.954633227399093 5.986417713233095
-7.954633227399093 -5.286803838088752 5.586523680151004
-5.286803838088752 -8.892650266040317 6.261190492725291
-8.892650266040317 -3.025383523682674 4.995086916700529
-3.025383523682674 -5.5317288800309825 6.310495302888739
-5.5317288800309825 -9.045717104478282 6.241489931686374
-9.045717104478282 -2.7451619017944195 4.851762529295229
-2.7451619017944195 -5.031930760113596 6.31117546720634
-5.031930760113596 -8.653939842049027 6.276088523423823
-8.653939842049027 -3.5315707924679742 5.185548058794666
-3.5315707924679742 -6.416997057272388 6.307944011885411
-6.416997057272388 -8.720364497253506 6.105326202698052
-8.720364497253506 -3.3835942722533043 5.136215559989068
-3.3835942722533043 -6.161188158618285 6.3088714768891805
-6.161188158618285 -8.973530320913811 6.156822466706217
-8.973530320913811 -2.8722821747745977 4.921575249882153
-2.8722821747745977 -5.259302434590424 6.31094447682699
-5.259302434590424 -8.87044108183482 6.263046460731857
-8.87044108183482 -3.0692370437633536 5.014428051938012
-3.0692370437633536 -5.609433736034761 6.310338949198922
-5.609433736034761 -9.075627035699517 6.233902191561356
-9.075627035699517 -2.6953538017597682 4.821656995587546
-2.6953538017597682 -4.942595704930769 6.31121515155246
-4.942595704930769 -8.55469686801935 6.280231195720262
-8.55469686801935 -3.7611418757780637 5.2546320302535605
-3.7611418757780637 -6.807314843615281 6.306118428739865
-6.807314843615281 -8.094799295038051 6.00676291120908
-8.094799295038051 -4.917015460694601 5.519195558656065
-4.917015460694601 -8.524989067184178 6.281328413504525
-8.524989067184178 -3.8316284170086683 5.274320513824932
-3.8316284170086683 -6.925239454301361 6.305443618352001
-6.925239454301361 -7.857332316391021 5.972454818231199
-7.857332316391021 -5.545195495226503 5.630586955005128
-5.545195495226503 -9.051590960356503 6.240224619781657
-9.051590960356503 -2.7352433672850847 4.8459047813594225
-2.7352433672850847 -5.01415122317751 6.3111861489887815
-5.01415122317751 -8.634768467665323 6.276952838179568
-8.634768467665323 -3.575164566684364 5.199309748059022
-3.575164566684364 -6.491775584018772 6.307636435227323
-6.491775584018772 -8.621781940815538 6.0882881331199314
-8.621781940815538 -3.6049076307244867 5.208515325204644
-3.6049076307244867 -6.542629008901286 6.307416769825068
-6.542629008901286 -8.548671658916923 6.076193088436412
-8.548671658916923 -3.775375905864344 5.25866041962945
-3.775375905864344 -6.831208562776587 6.3059869650351175
-6.831208562776587 -8.04828153890607 5.999975242408254
-8.04828153890607 -5.039263909017956 5.542084288903425
-5.039263909017956 -8.661760168943657 6.275725559826242
-8.661760168943657 -3.513898283732468 5.1798745806991064
-3.513898283732468 -6.386603002175729 6.308064012297109
-6.386603002175729 -8.757326227928981 6.111995457740704
-8.757326227928981 -3.303459116644895 5.107599887996912
-3.303459116644895 -6.021514108432585 6.309305989241693
-6.021514108432585 -9.055491543627236 6.180547355412273
-9.055491543627236 -2.728693549734945 4.8420001557824435
-2.728693549734945 -5.002407461318634 6.311192488654342
-5.002407461318634 -8.62194364064991 6.277512608743564
-8.62194364064991 -3.6045362513911283 5.2084012747509405
-3.6045362513911283 -6.541994897029024 6.307419563214353
-6.541994897029024 -8.54961291654614 6.076346423393261
-8.54961291654614 -3.773150165426463 5.2580322999747295
-3.773150165426463 -6.8274749679227025 6.306007678027527
-6.8274749679227025 -8.055605738836226 6.001041407344019
-8.055605738836226 -5.019979164295039 5.538517846525792
-5.019979164295039 -8.641085593788521 6.276671280727896
-8.641085593788521 -3.560758185992712 5.19479798705288
-3.560758185992712 -6.467095099253034 6.307739936186408
-6.467095099253034 -8.655507541889667 6.09401021973099
-8.655507541889667 -3.528022902939216 5.1844135289684345
-3.528022902939216 -6.410898832304028 6.307968315668404
-6.410898832304028 -8.727926017472834 6.106676207080454
-8.727926017472834 -3.3670669099751382 5.130431146721094
-3.3670669099751382 -6.132442752567171 6.30896475922782
-6.132442752567171 -8.993652504416078 6.161954860232072
-8.993652504416078 -2.8359007796861344 4.90251829690169
-2.8359007796861344 -5.194329025969163 6.311026154275169
-5.194329025969163 -8.814366708336008 6.267177345947857
-8.814366708336008 -3.183167671961713 5.061704652271146
-3.183167671961713 -5.810536845582018 6.309878666274017
-5.810536845582018 -9.105384290546475 6.210794485556107
-9.105384290546475 -2.647562669537934 4.791022782745131
-2.647562669537934 -4.856765470161816 6.311214526660478
-4.856765470161816 -8.45289689973233 6.283770493362681
-8.45289689973233 -4.00567658961474 5.32036033593613
-4.00567658961474 -7.2117272937773285 6.303492839608225
-7.2117272937773285 -7.209712411807035 5.8808875124268525
-7.209712411807035 -7.214555368161055 5.881571384627023
-7.214555368161055 -7.202909009628026 5.879926661538775
-7.202909009628026 -7.230882267146362 5.883876404335751
-7.230882267146362 -7.163500464224372 5.874357884833444
-7.163500464224372 -7.324650842271227 5.8971019974960655
-7.324650842271227 -6.933127918752316 5.84165623890658
-6.933127918752316 -7.840767805080073 5.970088067671895
-7.840767805080073 -5.589231342404463 5.637890706151666
-5.589231342404463 -9.068788211959662 6.2359425484792155
-9.068788211959662 -2.706588066902518 4.828601408149552
-2.706588066902518 -4.962756265414064 6.311209402185341
-4.962756265414064 -8.57771670828661 6.279339043801883
-8.57771670828661 -3.707058080323045 5.239072146403487
-3.707058080323045 -6.716177224534642 6.306596967380756
-6.716177224534642 -8.264223841419643 6.03187439366593
-8.264223841419643 -4.477909510548153 5.430607450842217
-4.477909510548153 -7.942766241912907 6.295308656688576
-7.942766241912907 -5.3182726257318205 5.592008062991226
-5.3182726257318205 -8.916902614542016 6.258985290911369
-8.916902614542016 -2.9783628148796497 4.97355591390442
-2.9783628148796497 -5.448242946427452 6.3106497994522215
-5.448242946427452 -9.0031136381032 6.248888219273795
-9.0031136381032 -2.8190427183731157 4.893450571642461
-2.8190427183731157 -5.164194193356208 6.311060144267685
-5.164194193356208 -8.786711293638074 6.268977891573741
-8.786711293638074 -3.2409597049208 5.084225510865508
-3.2409597049208 -5.912082902445327 6.309614990095724
-5.912082902445327 -9.092219185913244 6.197047853795084
-9.092219185913244 -2.668485146473432 4.8046593404360465
-2.668485146473432 -4.89435385191929 6.311220187079016
-4.89435385191929 -8.498215522266158 6.282270603136567
-8.498215522266158 -3.895787793412867 5.291698944471136
-3.895787793412867 -7.031669865962574 6.304774569885922
-7.031669865962574 -7.627289310063376 5.9397782541345805
-7.627289310063376 -6.154840290553117 5.727420465798787
-6.154840290553117 -8.978119498909939 6.157967049821309
-8.978119498909939 -2.8639224282941225 4.917256305412593
-2.8639224282941225 -5.244380276755243 6.3109642054041615
-5.244380276755243 -8.858004276650043 6.264026167224074
-8.858004276650043 -3.0941162542151592 5.025104140586336
-3.0941162542151592 -5.653446776697518 6.310245088250667
-5.653446776697518 -9.088176612217556 6.229286157973547
-9.088176612217556 -2.674980536712007 4.8088201520258735
-2.674980536712007 -4.906019206738986 6.3112201674048265
-4.906019206738986 -8.512049962948291 6.281789494587429
-8.512049962948291 -3.862562114974188 5.282761591792223
-3.862562114974188 -6.9766664096109805 6.305127870709839
-6.9766664096109805 -7.747911390915079 5.956865834341443
-7.747911390915079 -5.835933627330454 5.677845286812953
-5.835933627330454 -9.103935061740554 6.207493274436274
-9.103935061740554 -2.649848450503818 4.792530366394203
-2.649848450503818 -4.860872928755564 6.311215593104862
-4.860872928755564 -8.457903130832529 6.283610260870773
-8.457903130832529 -3.9934611591707068 5.317239399835671
-3.9934611591707068 -7.191860735426211 6.303644442963559
-7.191860735426211 -7.257310410124737 5.8876059443973645
-7.257310410124737 -7.099248453943139 5.865265295116842
-7.099248453943139 -7.4743949499732825 5.918203588145843
-7.4743949499732825 -6.553336343893107 5.786845225429715
-6.553336343893107 -8.532666330894529 6.073594350324129
-8.532666330894529 -3.8133403820023695 5.269273995123513
-3.8133403820023695 -6.894740383211373 6.305624531509238
-6.894740383211373 -7.920600820379253 5.981521303227055
-7.920600820379253 -5.377093339126838 5.60216781472991
-5.377093339126838 -8.958782185813986 6.254619096936949
-8.958782185813986 -2.8993932805407296 4.935346242335072
-2.8993932805407296 -5.307664162165735 6.310876777202793
-5.307664162165735 -8.908867421366422 6.25973889821762
-8.908867421366422 -2.9938393125744978 4.980737399760983
-2.9938393125744978 -5.475740418283172 6.310600479715504
-5.475740418283172 -9.018300555185231 6.246534310084826
-9.018300555185231 -2.7923207994799575 4.878750879310246
-2.7923207994799575 -5.116392061483873 6.311108543864975
-5.116392061483873 -8.740805943679508 6.271692107315175
-8.740805943679508 -3.339071753031677 5.120496226616524
-3.339071753031677 -6.083677937195172 6.309118367797055
-6.083677937195172 -9.023922758999264 6.170364056364633
-9.023922758999264 -2.7825355920940025 4.873263869485527
-2.7825355920940025 -5.098877103546215 6.311124470019422
-5.098877103546215 -8.72338194865372 6.272644625554676
-8.72338194865372 -3.3769908842375287 5.133911514083593
-3.3769908842375287 -6.1497070849374165 6.308908981522109
-6.1497070849374165 -8.981770210156599 6.1588880542585684
-8.981770210156599 -2.857298399646203 4.913809065550595
-2.857298399646203 -5.2325531746881415 6.310979439338553
-5.2325531746881415 -8.847957534037459 6.264789357341215
-8.847957534037459 -3.114379222620096 5.033648445365543
-3.114379222620096 -5.689254076853922 6.310165901570144
-5.689254076853922 -9.095954738569349 6.225353682646528
-9.095954738569349 -2.6625125110603554 4.8008034302984015
-2.6625125110603554 -4.883625651394881 6.311219485352922
-4.883625651394881 -8.485395311315562 6.282706451849663
-8.485395311315562 -3.9267140230239925 5.299901487320312
-3.9267140230239925 -7.082640131830672 6.304431955188193
-7.082640131830672 -7.512426425628158 5.923564865701337
-7.512426425628158 -6.455035682098085 5.772401073791116
-6.455035682098085 -8.67156303144643 6.096770803804247
-8.67156303144643 -3.491837619674091 5.172713086827571
-3.491837619674091 -6.348599737056521 6.308210142051394
-6.348599737056521 -8.800969646832913 6.120125442670542
-8.800969646832913 -3.211036318017276 5.072678579526837
-3.211036318017276 -5.859545966221579 6.309754104851891
-5.859545966221579 -9.101493119543802 6.204343060115207
-9.101493119543802 -2.6537097456998806 4.795067029339407
-2.6537097456998806 -4.86781101549185 6.311217136972118
-4.86781101549185 -8.466329572178664 6.283337584893161
-8.466329572178664 -3.97294218973798 5.311961275161593
-3.97294218973798 -7.158403127777596 6.303893779499049
-7.158403127777596 -7.336676148696226 5.898796971443517
-7.336676148696226 -6.903125430948174 5.837373246507923
-6.903125430948174 -7.903330673100557 5.979041991773556
-7.903330673100557 -5.4229552527359886 5.610009335294308
-5.4229552527359886 -8.988176650744702 6.250983330817689
-8.988176650744702 -2.8457307165056536 4.907735010048782
-2.8457307165056536 -5.211892545294706 6.3110051757066685
-5.211892545294706 -8.830011439125338 6.266094816655823
-8.830011439125338 -3.1509334955611976 5.048734744817921
-3.1509334955611976 -5.753758069646866 6.310016820585588
-5.753758069646866 -9.10428637100225 6.217854210499354
-9.10428637100225 -2.6492939547299628 4.792165057595412
-2.6492939547299628 -4.859876542128398 6.311215344885568
-4.859876542128398 -8.456689921710055 6.283649211483862
-8.456689921710055 -3.996419750231223 5.317996738609509
-3.996419750231223 -7.196676004345728 6.303607943806128
-7.196676004345728 -7.245805138431129 5.88598254918179
-7.245805138431129 -7.127288827817295 5.869235615184152
-7.127288827817295 -7.409543374533102 5.909065006864694
-7.409543374533102 -6.719372213819269 5.810980639067566
-6.719372213819269 -8.25850662313538 6.031015125754493
-8.25850662313538 -4.492531956957533 5.433743420060637
-4.492531956957533 -7.963978689573012 6.294964005119255
-7.963978689573012 -5.262034436949251 5.582182157959323
-5.262034436949251 -8.872688993091366 6.262864735112089
-8.872688993091366 -3.0647646209166854 5.012486599571275
-3.0647646209166854 -5.601516183466646 6.31035542783502
-5.601516183466646 -9.07302666889646 6.234707682600856
-9.07302666889646 -2.6996145742521995 4.824301753727923
-2.6996145742521995 -4.950242642778918 6.311213209093694
-4.950242642778918 -8.56346975862263 6.27989563365918
-8.56346975862263 -3.7404741691134316 5.24873394734459
-3.7404741691134316 -6.772551914846628 6.306305157471797
-6.772551914846628 -8.160948703719935 6.016487601860717
-8.160948703719935 -4.7442785423591145 5.485631580064364
-4.7442785423591145 -8.310942655296738 6.287830004272109
-8.310942655296738 -4.35903687440984 5.404559265098214
-4.35903687440984 -7.766663627081074 6.297873344581603
-7.766663627081074 -5.786157857902801 5.669907585859619
-5.786157857902801 -9.105641026795642 6.2138792901496345
-9.105641026795642 -2.647158185951312 4.790755542642728
-2.647158185951312 -4.856038605869353 6.31121432594955
-4.856038605869353 -8.452009626819633 6.283798756314354
-8.452009626819633 -4.007843494978922 5.320912323830271
-4.007843494978922 -7.2152473613915795 6.303465695717023
-7.2152473613915795 -7.201243283943049 5.879691396661656
-7.201243283943049 -7.2348736057263965 5.8844397809079965
-7.2348736057263965 -7.153832872278339 5.872990890573419
-7.153832872278339 -7.347437288140438 5.900313599358924
-7.347437288140438 -6.876195786835467 5.83352317416211
-6.876195786835467 -7.95845508386199 5.9869685027697415
-7.95845508386199 -5.276672883483641 5.584750608293689
-5.276672883483641 -8.884577443307135 6.261881724676641
-8.884577443307135 -3.041237444706197 5.002158479201171
-3.041237444706197 -5.559838747218049 6.3104401254422555
-5.559838747218049 -9.057653686054225 6.238825736400031
-9.057653686054225 -2.7250755765839294 4.839830707831425
-2.7250755765839294 -4.995919512502258 6.31119573855176
-4.995919512502258 -8.614804029691738 6.277818119178846
-8.614804029691738 -3.6209586415263426 5.213423437697202
-3.6209586415263426 -6.570014223228512 6.307294791928143
-6.570014223228512 -8.507318703325417 6.069510698551312
-8.507318703325417 -3.873907585773576 5.28582821933378
-3.873907585773576 -6.9954759941540265 6.305008910996548
-6.9954759941540265 -7.707066990934839 5.951070351875387
-7.707066990934839 -5.944206186606663 5.694914590090775
-5.944206186606663 -9.083900326932527 6.192389279574854
-9.083900326932527 -2.6818873193553103 4.813207895531377
-2.6818873193553103 -4.918421269659649 6.311219286406413
-4.918421269659649 -8.526635673055498 6.281269666804292
-8.526635673055498 -3.827701847636729 5.273240551818162
-3.827701847636729 -6.918696979130745 6.305482816595031
-6.918696979130745 -7.871008586583595 5.974410962779075
-7.871008586583595 -5.508841616734797 5.624514718663704
-5.508841616734797 -9.035087547777593 6.243593338116625
-9.035087547777593 -2.763278081750763 4.862295087765233
-2.763278081750763 -5.064391372781017 6.311152777267125
-5.064391372781017 -8.688162650175528 6.274456821458443
-8.688162650175528 -3.454719269077888 5.16045829979339
-3.454719269077888 -6.284505821810598 6.308447103827348
-6.284505821810598 -8.86801851096463 6.133310232013173
-8.86801851096463 -3.0740653774983935 5.0165163015408325
-3.0740653774983935 -5.617979483566018 6.310321024051518
-5.617979483566018 -9.078317402357774 6.233024354278314
-9.078317402357774 -2.69095969499072 4.8189152272898355
-2.69095969499072 -4.934708548645358 6.31121684102618
-4.934708548645358 -8.545595932547117 6.280573714906495
-8.545595932547117 -3.782654304829253 5.2607098390762985
-3.782654304829253 -6.84341099049883 6.305918823451066
-6.84341099049883 -8.024202650566613 5.996476466472814
-8.024202650566613 -5.102750875188781 5.553713685050752
-5.102750875188781 -8.72726307302379 6.272435430611949
-8.72726307302379 -3.3685132183215725 5.130939704304183
-3.3685132183215725 -6.134959569822192 6.308956673870853
-6.134959569822192 -8.991958284255084 6.161510708363494
-8.991958284255084 -2.838936462289993 4.904134799995518
-2.838936462289993 -5.199753637950473 6.311019764722005
-5.199753637950473 -8.81923639184578 6.2668456378160045
-8.81923639184578 -3.173098094254597 5.057685539264639
-3.173098094254597 -5.792810324574093 6.309922502081463
-5.792810324574093 -9.10568042080139 6.213045682703523
-9.10568042080139 -2.6470961333848173 4.7907145323843
-2.6470961333848173 -4.855927095674562 6.311214294881211
-4.855927095674562 -8.451873471798729 6.283803089758294
-8.451873471798729 -4.008176064862139 5.320996997765178
-4.008176064862139 -7.2157875009577435 6.303461523006263
-7.2157875009577435 -7.199942801242495 5.879507705569267
-7.199942801242495 -7.237988089193066 5.884879358858598
-7.237988089193066 -7.146280107750644 5.871922673541121
-7.146280107750644 -7.365177778890346 5.902813639524538
-7.365177778890346 -6.8316380518294455 5.827140190958744
-6.8316380518294455 -8.047437687313156 5.999852448119782
-8.047437687313156 -5.041486606489589 5.5424943140969845
-5.041486606489589 -8.664120306405682 6.275614991391194
-8.664120306405682 -3.508577548519784 5.178155456676905
-3.508577548519784 -6.377443392056338 6.308099625952309
-6.377443392056338 -8.768107750277128 6.1139762114180485
-8.768107750277128 -3.2804001870688637 5.099089076109522
-3.2804001870688637 -5.9811883996565145 6.309422949423606
-5.9811883996565145 -9.07179906118539 6.186836725941248
-9.07179906118539 -2.7016306962081775 4.825548509561486
-2.7016306962081775 -4.953860729677973 6.311212187545607
-4.953860729677973 -8.567602999203473 6.279735663138126
-8.567602999203473 -3.730760717065142 5.245941621320526
-3.730760717065142 -6.756186081068334 6.306391250287561
-6.756186081068334 -8.191447681461646 6.021003577254305
-8.191447681461646 -4.665152947072472 5.469729029893642
-4.665152947072472 -8.205906212973927 6.29033835611699
-8.205906212973927 -4.627770081153845 5.462091189277999
-4.627770081153845 -8.15492853000511 6.291433370759478
-8.15492853000511 -4.759938180132241 5.488737848027085
-4.759938180132241 -8.331243117794365 6.287301011663658
-8.331243117794365 -4.307746359078181 5.392998249626544
-4.307746359078181 -7.688820734846477 6.298860223170777
-7.688820734846477 -5.992493364907299 5.702444791826565
-5.992493364907299 -9.067556298687332 6.185098335725343
-9.067556298687332 -2.7086215633796002 4.829848512261378
-2.7086215633796002 -4.966404831972317 6.311208149025333
-4.966404831972317 -8.58184489171969 6.279174996965594
-8.58184489171969 -3.697410185880593 5.236253017297713
-3.697410185880593 -6.699862867848703 6.3066789625409
-6.699862867848703 -8.293157304056761 6.036237790729501
-8.293157304056761 -4.404157342247304 5.4145656428227085
-4.404157342247304 -7.834245139689143 6.29694758036203
-7.834245139689143 -5.606571787684321 5.640751644015836
-5.606571787684321 -9.07469903826062 6.234194058190042
-9.07469903826062 -2.6968728124925483 4.82260143210442
-2.6968728124925483 -4.945322020784355 6.311214492969157
-4.945322020784355 -8.557830380477748 6.280111954030872
-8.557830380477748 -3.7537518905140512 5.252529803641664
-3.7537518905140512 -6.7948943022548045 6.306185755624028
-6.7948943022548045 -8.118644629134097 6.010258045836963
-8.118644629134097 -4.854584977730663 5.507238187994517
-4.854584977730663 -8.450234367726367 6.2838544967416965
-8.450234367726367 -4.012180773989073 5.322015709996776
-4.012180773989073 -7.222289410202608 6.3034111353154
-7.222289410202608 -7.184268986596224 5.877293356039445
-7.184268986596224 -7.275407904992391 5.890158852638706
-7.275407904992391 -7.05493313854368 5.85898277119486
-7.05493313854368 -7.575219507388184 5.93242332614318
-7.575219507388184 -6.291467639769834 5.748069007197046
-6.291467639769834 -8.861137311157053 6.131910082851391
-8.861137311157053 -3.0878273439499897 5.02242503231173
-3.0878273439499897 -5.642326228978106 6.310269164863712
-5.642326228978106 -9.085313678051806 6.2304748526075855
-9.085313678051806 -2.67960049584613 4.811759256746882
-2.67960049584613 -4.91431521396284 6.311219674138556
-4.91431521396284 -8.521820741080118 6.281442729970877
-8.521820741080118 -3.839190133998397 5.276394850301585
-3.839190133998397 -6.937829664629745 6.305367577762809
-6.937829664629745 -7.830856427673983 5.968673210114503
-7.830856427673983 -5.615580534015857 5.642234644637938
-5.615580534015857 -9.077574422184577 6.233271511457133
-9.077574422184577 -2.692171746070162 4.819672958878073
-2.692171746070162 -4.9368841998349025 6.311216407269967
-4.9368841998349025 -8.548111693860156 6.280479593340715
-8.548111693860156 -3.776700393164988 5.259033886668476
-3.776700393164988 -6.8334298780715015 6.30597461160869
-6.8334298780715015 -8.043914330859472 5.999339953519666
-8.043914330859472 -5.0507688960431025 5.5442043488510535
-5.0507688960431025 -8.673925151055442 6.275149695553409
-8.673925151055442 -3.486537310387919 5.170979099391843
-3.486537310387919 -6.3394589367505585 6.308244655592716
-6.3394589367505585 -8.811037267909246 6.122046242060605
-8.811037267909246 -3.190070943300788 5.0644432487970334
-3.190070943300788 -5.822683790635623 6.309848256456462
-5.822683790635623 -9.104842501732493 6.209226817180024
-9.104842501732493 -2.6484166942159537 4.791586573795939
-2.6484166942159537 -4.858300145035427 6.311214938486955
-4.858300145035427 -8.454768913645243 6.283710729123413
-8.454768913645243 -4.001106633596519 5.319194592037093
-4.001106633596519 -7.204299506865651 6.30354983684083
-7.204299506865651 -7.227548588229816 5.883405829616095
-7.227548588229816 -7.171565068835132 5.875497941560752
-7.171565068835132 -7.305576160074644 5.894413007634284
-7.305576160074644 -6.980515620814987 5.848408183181164
-6.980515620814987 -7.739587975328863 5.955683898246207
-7.739587975328863 -5.8580153316748165 5.681347974212258
-5.8580153316748165 -9.101683609052793 6.204549566497008
-9.101683609052793 -2.6534080959870634 4.794869313780509
-2.6534080959870634 -4.8672690257414075 6.31121702785822
-4.8672690257414075 -8.465672668843826 6.28335897762372
-8.465672668843826 -3.974539888841846 5.312373877521168
-3.974539888841846 -7.1610121335034 6.303874601027928
-7.1610121335034 -7.33052418472964 5.897929875874979
-7.33052418472964 -6.918486362441036 5.839566910643043
-6.918486362441036 -7.871447902850156 5.974473817805119
-7.871447902850156 -5.507673931201429 5.6243190264904115
-5.507673931201429 -9.034523623204414 6.243699106438726
-9.034523623204414 -2.7642451621923336 4.862851424510154
-2.7642451621923336 -5.066123684311398 6.311151455684012
-5.066123684311398 -8.689960151684796 6.2743677508879045
-8.689960151684796 -3.4507181190261504 5.159121520304325
-3.4507181190261504 -6.2775858177002455 6.308471996173466
-6.2775858177002455 -8.874760910663811 6.134694198248326
-8.874760910663811 -3.0606490286713224 5.010693937387259
-3.0606490286713224 -5.594228861386087 6.310370485327439
-5.594228861386087 -9.070542205561285 6.235442455363227
-9.070542205561285 -2.703697937923345 4.826823767602036
-2.703697937923345 -4.957570347912909 6.311211072985316
-4.957570347912909 -8.571829008711262 6.27957083885849
-8.571829008711262 -3.7208452297006023 5.2430776048895495
-3.7208452297006023 -6.7394617636753775 6.3064780544664245
-6.7394617636753775 -8.22218022679798 6.025577045238606
-8.22218022679798 -4.585797621473595 5.453416035037662
-4.585797621473595 -8.096723940774421 6.292598752395861
-8.096723940774421 -4.911970172108307 5.51823619807692
-4.911970172108307 -8.51906491114718 6.281540522693831
-8.51906491114718 -3.8457741658128417 5.278195197493915
-3.8457741658128417 -6.948782127987228 6.305300770687609
-6.948782127987228 -7.807657969505816 5.965365103715158
-7.807657969505816 -5.67724673543585 5.65232647891753
-5.67724673543585 -9.093593335926906 6.226690239014715
-9.093593335926906 -2.6662847731545884 4.8032421545285615
-2.6662847731545884 -4.890401671285432 6.311220010196848
-4.890401671285432 -8.493503427815863 6.282431897972856
-8.493503427815863 -3.907139717232879 5.294722631097102
-3.907139717232879 -7.050405099931852 6.304650381589454
-7.050405099931852 -7.585401963029332 5.933860856683168
-7.585401963029332 -6.264813549468085 5.744065295646578
-6.264813549468085 -8.886949832403468 6.137228316525579
-8.886949832403468 -3.0365680714807435 5.000085242347268
-3.0365680714807435 -5.551561785176405 6.310456535968115
-5.551561785176405 -9.054268494439897 6.239619553747616
-9.054268494439897 -2.730744119534527 4.843225738077308
-2.730744119534527 -5.006084354683918 6.311190566477308
-5.006084354683918 -8.625972707226024 6.277338290128682
-8.625972707226024 -3.5952910081231453 5.20555483699718
-3.5952910081231453 -6.526202060433218 6.307488687150908
-6.526202060433218 -8.572815604540535 6.080144834155362
-8.572815604540535 -3.7185327178872196 5.242407658330194
-3.7185327178872196 -6.735558678286231 6.306498143876524
-6.735558678286231 -8.229288596382684 6.026638344337698
-8.229288596382684 -4.5675002861073235 5.449600337346055
-4.5675002861073235 -8.071042779270389 6.293086499124911
-8.071042779270389 -4.979376620678607 5.5309556539941696
-4.979376620678607 -8.596426868513825 6.278584693540324
-8.596426868513825 -3.6634582588259845 5.226223743782612
-3.6634582588259845 -6.64232034109971 6.306959743124025
-6.64232034109971 -8.391664428182121 6.051303862725035
-8.391664428182121 -4.156518394204557 5.3576673332063365
-4.156518394204557 -7.453616597356375 6.30140828205549
-7.453616597356375 -6.606764408000657 5.794645469759416
-6.606764408000657 -8.449692730732423 6.060358498813002
-8.449692730732423 -4.013504547409105 5.322352081475401
-4.013504547409105 -7.224437710103139 6.3033944219278055
-7.224437710103139 -7.179082401258579 5.876560422148032
-7.179082401258579 -7.2877422439490065 5.891898382524232
-7.2877422439490065 -7.024587979094642 5.854674725629593
-7.024587979094642 -7.643018972145401 5.942002199455601
-7.643018972145401 -6.113420194479809 5.72109608615574
-6.113420194479809 -9.006038544427266 6.165279504064529
-9.006038544427266 -2.8138636275872364 4.890633336810424
-2.8138636275872364 -5.154932775365435 6.31107006374441
-5.154932775365435 -8.778009699732896 6.26951714812094
-8.778009699732896 -3.2593521204198845 5.091206054614304
-3.2593521204198845 -5.944329405887738 6.309526678171096
-5.944329405887738 -9.083864520205486 6.192371202901995
-9.083864520205486 -2.6819453072718735 4.813244576409488
-2.6819453072718735 -4.918525385412167 6.311219275354233
-4.918525385412167 -8.526757581410557 6.281265266094124
-8.526757581410557 -3.8274112300903678 5.27316054347466
-3.8274112300903678 -6.918212621552896 6.3054857100469235
-6.918212621552896 -7.872018835124545 5.974555537570268
-7.872018835124545 -5.506156425689095 5.624064646792249
-5.506156425689095 -9.033787642152019 6.243836337565881
-9.033787642152019 -2.765508204495359 4.86357713245161
-2.765508204495359 -5.068386068247076 6.311149713306804
-5.068386068247076 -8.69230321031286 6.2742511170617945
-8.69230321031286 -3.445507997655296 5.157376129216573
-3.445507997655296 -6.268571732766255 6.308504223419732
-6.268571732766255 -8.883397756189433 6.136485420665849
-8.883397756189433 -3.043562507204436 5.003187892856658
-3.043562507204436 -5.563959512394702 6.31043190454875
-5.563959512394702 -9.059298382943322 6.238427591677464
-9.059298382943322 -2.7223295327793506 4.838178035319288
-2.7223295327793506 -4.990994704819747 6.311198082894407
-4.990994704819747 -8.609358936949677 6.278048262865923
-8.609358936949677 -3.633517024134709 5.217235036390775
-3.633517024134709 -6.591411441404394 6.307197634734621
-6.591411441404394 -8.474060925083698 6.064207630119199
-8.474060925083698 -3.954162711956272 5.307090686590527
-3.954162711956272 -7.12768879212424 6.304116270614031
-7.12768879212424 -7.408612657639248 5.908933876977244
-7.408612657639248 -6.721739021638053 5.811322548903263
-6.721739021638053 -8.25426071207618 6.030377612198208
-8.25426071207618 -4.503401517262759 5.436065251607943
-4.503401517262759 -7.97967905401313 6.294703385112371
-7.97967905401313 -5.220450041614046 5.574843157748546
-5.220450041614046 -8.837505260715387 6.265558015602437
-8.837505260715387 -3.135613945312089 5.042462382411031
-3.135613945312089 -5.726739730239614 6.310080276558438
-5.726739730239614 -9.101699097501811 6.2210616262491385
-9.101699097501811 -2.6533835725434787 4.794853236551717
-2.6533835725434787 -4.867224963019814 6.311217018908792
-4.867224963019814 -8.46561925375941 6.283360716122843
-8.46561925375941 -3.974669817527038 5.312407419121882
-3.974669817527038 -7.1612242757132245 6.303873039691098
-7.1612242757132245 -7.330023679739689 5.897859329641506
-7.330023679739689 -6.919734968973289 5.83974514534566
-6.919734968973289 -7.868842540407198 5.974101006515411
-7.868842540407198 -5.514598979951877 5.625478995880258
-5.514598979951877 -9.037837485085978 6.243069643711351
-9.037837485085978 -2.758570775314128 4.85957862680516
-2.758570775314128 -5.055958533202051 6.311159053733718
-5.055958533202051 -8.679370334528942 6.274887502873753
-8.679370334528942 -3.474342102227375 5.166969466841692
-3.474342102227375 -6.318412701123677 6.308323203291366
-6.318412701123677 -8.833579913497553 6.126417634379322
-8.833579913497553 -3.143628655319983 5.045752773243294
-3.143628655319983 -5.740877552889967 6.310047254624806
-5.740877552889967 -9.10321687026546 6.219395327225357
-9.10321687026546 -2.6509828117269336 4.793276886066451
-2.6509828117269336 -4.862911248338676 6.3112160799501
-4.862911248338676 -8.46038260298645 6.2835304161962995
-8.46038260298645 -3.9874179841124837 5.31568958378557
-3.9874179841124837 -7.18201810866471 6.303718563751318
-7.18201810866471 -7.28076375401393 5.8909142427182815
-7.28076375401393 -7.041770507470442 5.857114731810725
-7.041770507470442 -7.604755811343038 5.936594125949341
-7.604755811343038 -6.214063509128847 5.736409839159023
-6.214063509128847 -8.932096509990652 6.147038941919163
-8.932096509990652 -2.949380334559754 4.959845380028128
-2.949380334559754 -5.396701148063593 6.310738002666767
-5.396701148063593 -8.97170737574429 6.253090381876973
-8.97170737574429 -2.875613018778904 4.92328638811523
-2.875613018778904 -5.265246728208323 6.310936462465179
-5.265246728208323 -8.875320199320072 6.262650908582145
-8.875320199320072 -3.0595391758548955 5.010209502284852
-3.0595391758548955 -5.59226344734836 6.310374528387911
-5.59226344734836 -9.069857251318332 6.235639547554456
-9.069857251318332 -2.7048258442357906 4.8275182382894855
-2.7048258442357906 -4.959594261405406 6.3112104364954575
-4.959594261405406 -8.574129604152253 6.279480567336577
-8.574129604152253 -3.715454176539053 5.241514613513573
-3.715454176539053 -6.73036116077578 6.306524797451857
-6.73036116077578 -8.238716561410685 6.0280480553883535
-8.238716561410685 -4.543266893657456 5.4445143224038475
-4.543266893657456 -8.036752654163204 6.293714244187868
-8.036752654163204 -5.069645138361539 5.54767054655531
-5.069645138361539 -8.693605198068703 6.274185607358959
-8.693605198068703 -3.4426154996495733 5.1564048372420075
-3.4426154996495733 -6.263565856161211 6.308522024461126
-6.263565856161211 -8.888122773480518 6.13747451600284
-8.888122773480518 -3.0342626383240767 4.999058698667795
-3.0342626383240767 -5.547474512744025 6.310464589387266
-5.547474512744025 -9.052556799350603 6.240008661443426
-9.052556799350603 -2.7336188065638347 4.8449390368732566
-2.7336188065638347 -5.011238610174571 6.3111877754745365
-5.011238610174571 -8.631599638870163 6.277092487340269
-8.631599638870163 -3.5824064733588754 5.201564587638131
-3.5824064733588754 -6.50417017034827 6.307583699526731
-6.50417017034827 -8.60440901031702 6.085377946124936
-8.60440901031702 -3.644958414352027 5.220686150267284
-3.644958414352027 -6.61088290045584 6.307107780576189
-6.61088290045584 -8.443084762421824 6.059319748048438
-8.443084762421824 -4.029671709651006 5.326445552153018
-4.029671709651006 -7.250636995297316 6.303187974433968
-7.250636995297316 -7.115525507948086 5.867570456393878
-7.115525507948086 -7.436845968611031 5.91291205709058
-7.436845968611031 -6.649732881130561 5.8008947378948506
-6.649732881130561 -8.379290253625447 6.049391548440326
-8.379290253625447 -4.187306459513227 5.365018892236549
-4.187306459513227 -7.502140510955482 6.300929911030835
-7.502140510955482 -6.481683654862079 5.776329110467486
-6.481683654862079 -8.63571258206971 6.090639600421127
-8.63571258206971 -3.573008898155758 5.198636865821754
-3.573008898155758 -6.488084582343497 6.307652040984976
-6.488084582343497 -8.6268993288617 6.089150045194401
-8.6268993288617 -3.5931670426236493 5.204898938838596
-3.5931670426236493 -6.522571973829956 6.307504454940499
-6.522571973829956 -8.578083489752004 6.08101235542199
-8.578083489752004 -3.706200245031702 5.238822028677532
-3.706200245031702 -6.714727323031409 6.306604298239108
-6.714727323031409 -8.2668128582379 6.032263813958707
-8.2668128582379 -4.4712930162943385 5.429183708056371
-4.4712930162943385 -7.933133898282423 6.295462397109077
-7.933133898282423 -5.343827793388856 5.596436494965019
-5.343827793388856 -8.935660351899797 6.257128248002118
-8.935660351899797 -2.942636457611981 4.9566045344290615
-2.942636457611981 -5.384699216560871 6.310757731109334
-5.384699216560871 -8.963858559137424 6.254030718970171
-8.963858559137424 -2.8900195248375353 4.930624881864787
-2.8900195248375353 -5.290948465614938 6.3109008133469615
-5.290948465614938 -8.895915912890636 6.260905395043665
-8.895915912890636 -3.0189986361297523 4.992212833276426
-3.0189986361297523 -5.520402479601101 6.310517089605128
-5.520402479601101 -9.040557853538607 6.2425382301880745
-9.040557853538607 -2.753928151448538 4.8568856179081195
-2.753928151448538 -5.0476403773521445 6.311164985701907
-5.0476403773521445 -8.670629579395122 6.275307630199677
-8.670629579395122 -3.4939338385453778 5.173397421378468
-3.4939338385453778 -6.352213759077863 6.3081964291668555
-6.352213759077863 -8.796943061894478 6.119362300352805
-8.796943061894478 -3.219459502056137 5.0759532182746625
-3.219459502056137 -5.874343769518416 6.309715511641116
-5.874343769518416 -9.099419976099663 6.202328425741143
-9.099419976099663 -2.656997480428315 4.7972170306238695
-2.656997480428315 -4.87371800327592 6.311218201753945
-4.87371800327592 -8.473474016385165 6.283103417506936
-8.473474016385165 -3.955586725761924 5.307461368989607
-3.955586725761924 -7.130020872280906 6.304099587330711
-7.130020872280906 -7.40318270006647 5.9081687891048205
-7.40318270006647 -6.735537731302478 5.813314810853626
-6.735537731302478 -8.229326661222178 6.026644012454199
-8.229326661222178 -4.567402365167017 5.449579860749509
-4.567402365167017 -8.070904852859172 6.293089077080367
-8.070904852859172 -4.979739125188497 5.531023495197587
-4.979739125188497 -8.596832212431678 6.2785680652850715
-8.596832212431678 -3.662517343501946 5.225943354118499
-3.662517343501946 -6.640722811113969 6.306967355445522
-6.640722811113969 -8.394318870623477 6.051714884528337
-8.394318870623477 -4.149926741485066 5.356082316167885
-4.149926741485066 -7.4431880645274 6.301508210555767
-7.4431880645274 -6.633500332197259 5.798536331683863
-6.633500332197259 -8.406264559905512 6.0535681847941305
-8.406264559905512 -4.120319754294592 5.348913915717276
-4.120319754294592 -7.3961796879598625 6.301946553416201
-7.3961796879598625 -6.753309338767201 5.815877952627488
-6.753309338767201 -8.196765415406285 6.021793223753775
-8.196765415406285 -4.651393920146875 5.466927412118821
-4.651393920146875 -8.187240628661732 6.290747824925347
-8.187240628661732 -4.676046233439494 5.471939345214196
-4.676046233439494 -8.220602248624948 6.290008732768911
-8.220602248624948 -4.589862428591442 5.454260882546805
-4.589862428591442 -8.102404133483038 6.292488754916121
-8.102404133483038 -4.897086353669091 5.5153989807658945
-4.897086353669091 -8.501466385373288 6.282157944198843
-8.501466385373288 -3.8879664433013663 5.289606887199625
-3.8879664433013663 -7.018744331539764 6.304859091214894
-7.018744331539764 -7.655954919666457 5.943832020850095
-7.655954919666457 -6.0793120475197115 5.7158641997448285
-6.0793120475197115 -9.026396114724573 6.171098716324195
-9.026396114724573 -2.778249373110206 4.8708422491909005
-2.778249373110206 -5.09120329003869 6.311131125698012
-5.09120329003869 -8.715648636641285 6.2730550610722275
-8.715648636641285 -3.3939358224499214 5.139805231767241
-3.3939358224499214 -6.17915797651454 6.308812108389247
-6.17915797651454 -8.960091370066653 6.153547479840199
-8.960091370066653 -2.896971620339399 4.934130487039511
-2.896971620339399 -5.303346316786714 6.310883049194672
-5.303346316786714 -8.90555580518358 6.260042609923403
-8.90555580518358 -3.000247445728796 4.983683310914785
-3.000247445728796 -5.487120579667309 6.310579615023016
-5.487120579667309 -9.024258136400642 6.2455366385947855
-9.024258136400642 -2.7819537314996383 4.872935784587753
-2.7819537314996383 -5.097835433379629 6.311125385087507
-5.097835433379629 -8.722335728570862 6.272700584027916
-8.722335728570862 -3.3792792190058587 5.1347110171846
-3.3792792190058587 -6.153686327833762 6.308896020131215
-6.153686327833762 -8.978944910337226 6.158174504071212
-8.978944910337226 -2.862422726269104 4.916477790229692
-2.862422726269104 -5.241702828534071 6.31096768561838
-5.241702828534071 -8.8557444560191 6.264199964087311
-8.8557444560191 -3.098661263132761 5.027032230162149
-3.098661263132761 -5.661481503021099 6.310227540550841
-5.661481503021099 -9.090114009566648 6.22841776527639
-9.090114009566648 -2.6718635068019108 4.806827648961189
-2.6718635068019108 -4.900421436816667 6.31122027665333
-4.900421436816667 -8.505425160718323 6.282021301853092
-8.505425160718323 -3.8784533638262673 5.2870525847501995
-3.8784533638262673 -7.003004402558761 6.304960762310657
-7.003004402558761 -7.6905998568668235 5.948736752066907
-7.6905998568668235 -5.987787608049873 5.701713087801181
-5.987787608049873 -9.069353413629246 6.185824260348454
-9.069353413629246 -2.705656098298358 4.828028845258814
-2.705656098298358 -4.961084027974897 6.311209955219965
-4.961084027974897 -8.575820745283655 6.279413963704428
-8.575820745283655 -3.711494363278498 5.240363939159579
-3.711494363278498 -6.723673247604306 6.306558929565654
-6.723673247604306 -8.25078410952182 6.029856010416552
-8.25078410952182 -4.512308013319604 5.437961912208266
-4.512308013319604 -7.992500131115301 6.294486976312328
-7.992500131115301 -5.186520606511663 5.568807339637715
-5.186520606511663 -8.807298590561123 6.267650365592999
-8.807298590561123 -3.1978406438874787 5.067509490247176
-3.1978406438874787 -5.836349796924248 6.309813680185471
-5.836349796924248 -9.103901193318913 6.207438534031098
-9.103901193318913 -2.6499019208008434 4.792565579533402
-2.6499019208008434 -4.860969010106707 6.311215616620757
-4.860969010106707 -8.458020079574096 6.28360650209288
-8.458020079574096 -3.993176019710939 5.317166360960982
-3.993176019710939 -7.191396535551985 6.303647953314794
-7.191396535551985 -7.258418457037297 5.887762272548571
-7.258418457037297 -7.096542447349382 5.864881949779374
-7.096542447349382 -7.480611040408393 5.919079719340516
-7.480611040408393 -6.537313281662009 5.784499226447224
-6.537313281662009 -8.556539201984322 6.077476495367591
-8.556539201984322 -3.756795913085641 5.253396633517696
-3.756795913085641 -6.800011740920229 6.30615809889423
-6.800011740920229 -8.108848126168525 6.008820764818665
-8.108848126168525 -4.880212769723937 5.512169589896075
-4.880212769723937 -8.48129795378832 6.282843130025867
-8.48129795378832 -3.936625231971892 5.302507107062411
-3.936625231971892 -7.098927350184825 6.30431924905497
-7.098927350184825 -7.475132980006604 5.918307617499522
-7.475132980006604 -6.551434871916866 5.786566988728737
-6.551434871916866 -8.535524013593745 6.074057162026293
-8.535524013593745 -3.806545841262941 5.267388222742738
-3.806545841262941 -6.883391443156102 6.3056906836536655
-6.883391443156102 -7.943823070840874 5.984860802353069
-7.943823070840874 -5.315469435808172 5.591520927315287
-5.315469435808172 -8.914793449768553 6.259185342787532
-8.914793449768553 -2.9824153412993675 4.975445607742586
-2.9824153412993675 -5.4554449144016735 6.3106370323876035
-5.4554449144016735 -9.007198590296854 6.248279377246945
-9.007198590296854 -2.81181383809109 4.889514168127789
-2.81181383809109 -5.151266830048431 6.311073919929186
-5.151266830048431 -8.774539491217341 6.269728799754375
-8.774539491217341 -3.2667143025404592 5.093976010706683
-3.2667143025404592 -5.957227263630923 6.309490721687325
-5.957227263630923 -9.079949210418869 6.190457623342809
-9.079949210418869 -2.688301528086691 4.817249531799462
-2.688301528086691 -4.9299368503855385 6.311217705089803
-4.9299368503855385 -8.540064246638964 6.28077918582494
-8.540064246638964 -3.795765162038174 5.264383918198291
-3.795765162038174 -6.865365123866206 6.305794483050704
-6.865365123866206 -7.980343002351914 5.990126829758083
-7.980343002351914 -5.21869231869437 5.574531535417918
-5.21869231869437 -8.83597299850334 6.265668693198677
-8.83597299850334 -3.1387399094567487 5.043748063060775
-3.1387399094567487 -5.732254575937528 6.310067443009757
-5.732254575937528 -9.102333779058599 6.220414768948103
-9.102333779058599 -2.652379079754223 4.794194272722962
-2.652379079754223 -4.865420109061663 6.311216641061037
-4.865420109061663 -8.463430012266803 6.283431838361139
-8.463430012266803 -3.9799968429321475 5.31378104680698
-3.9799968429321475 -7.1699183435584475 6.303808798289538
-7.1699183435584475 -7.309475930267038 5.894962819202192
-7.309475930267038 -6.97084793936818 5.847031925524789
-6.97084793936818 -7.760458440060158 5.958648430732865
-7.760458440060158 -5.802632633431915 5.672541350166284
-5.802632633431915 -9.105588594185487 6.21180351748626
-9.105588594185487 -2.6472407815961563 4.7908101244829595
-2.6472407815961563 -4.8561870322959635 6.311214367247885
-4.8561870322959635 -8.452190842015717 6.283792987160268
-8.452190842015717 -4.007400882914433 5.32079961470663
-4.007400882914433 -7.214528452870854 6.303471246308618
-7.214528452870854 -7.202973801458064 5.879935820710671
-7.202973801458064 -7.230726967189952 5.88385448282861
-7.230726967189952 -7.163876358608512 5.874411028824397
-7.163876358608512 -7.323763099476783 5.896976862779411
-7.323763099476783 -6.935338926037246 5.841971613081114
-6.935338926037246 -7.836110514798669 5.969423113780067
-7.836110514798669 -5.601612721313776 5.639934324470232
-5.601612721313776 -9.073059022017816 6.234697746633174
-9.073059022017816 -2.6995614804632106 4.824268880238378
-2.6995614804632106 -4.950147359178959 6.311213235068863
-4.950147359178959 -8.563360755186885 6.279899836063123
-8.563360755186885 -3.740730544189902 5.24880747010684
-3.740730544189902 -6.772983632240092 6.30630287083477
-6.772983632240092 -8.160138530824563 6.0163679328798025
-8.160138530824563 -4.746385195378369 5.486050229596003
-4.746385195378369 -8.313683314944658 6.287759489649034
-8.313683314944658 -4.3520990908242245 5.403007242639433
-4.3520990908242245 -7.756196302034937 6.2980108098672645
-7.756196302034937 -5.813946525203731 5.67434629359559
-5.813946525203731 -9.105260124604618 6.210356394418341
-9.105260124604618 -2.647758339589094 4.7911520108282275
-2.647758339589094 -4.857117090273138 6.311214622346597
-4.857117090273138 -8.453325970857673 6.283756811284547
-8.453325970857673 -4.004628915202198 5.320093279649882
-4.004628915202198 -7.210024937867985 6.303505936113652
-7.210024937867985 -7.213804419129838 5.8814653549707145
-7.213804419129838 -7.204716202285977 5.880181905453355
-7.204716202285977 -7.226549232672037 5.883264746171335
-7.226549232672037 -7.17398085038696 5.875839402106067
-7.17398085038696 -7.299850637075489 5.89360575745377
-7.299850637075489 -6.994689874438716 5.850424895146716
-6.994689874438716 -7.708782576496983 5.951313552755892
-7.708782576496983 -5.939663188493997 5.694203585473588
-5.939663188493997 -9.08520001085639 6.1930573346762685
-9.08520001085639 -2.6797842626593713 4.811875818500994
-2.6797842626593713 -4.914645181438806 6.311219646366226
-4.914645181438806 -8.522208191549899 6.2814288576519175
-8.522208191549899 -3.8382649716585764 5.2761414417254855
-3.8382649716585764 -6.936289926341964 6.305376920478011
-6.936289926341964 -7.834105384047518 5.969136903670005
-7.834105384047518 -5.606943320340383 5.64081284711574
-5.606943320340383 -9.074820276115892 6.234156203499879
-9.074820276115892 -2.6966742649006252 4.822478084221075
-2.6966742649006252 -4.944965674521368 6.311214581226523
-4.944965674521368 -8.557421173448919 6.280127564434224
-8.557421173448919 -3.754716458032065 5.252804614974593
-3.754716458032065 -6.7965160707344 6.306177003465564
-6.7965160707344 -8.115544297078486 6.00980297656497
-8.115544297078486 -4.862692264141401 5.50880172070174
-4.862692264141401 -8.460116758659494 6.283538317922648
-8.460116758659494 -3.9880657037753604 5.315855882116011
-3.9880657037753604 -7.183073511137721 6.303710647043772
-7.183073511137721 -7.278253049284362 5.890560143834591
-7.278253049284362 -7.047943539026375 5.857990926651837
-7.047943539026375 -7.590927853232263 5.93464111439971
-7.590927853232263 -6.250335016327026 5.741885632953199
-6.250335016327026 -8.900365596335133 6.140069323482749
-8.900365596335133 -3.0103252955771076 4.988284145900252
-3.0103252955771076 -5.505011374497703 6.3105462821622496
-5.505011374497703 -9.033229927818425 6.243939911197231
-9.033229927818425 -2.7664659955980824 4.864126782827952
-2.7664659955980824 -5.070101621724858 6.311148379772931
-5.070101621724858 -8.694076561783714 6.274162440691725
-8.694076561783714 -3.441568786067156 5.1560529467205924
-3.441568786067156 -6.261754101163937 6.308528450255835
-6.261754101163937 -8.88982030876068 6.1378315024740004
-8.88982030876068 -3.0309298289488695 4.997571267573221
-3.0309298289488695 -5.541565066271223 6.310476174403448
-5.541565066271223 -9.050035415002757 6.240567879591254
-9.050035415002757 -2.7378636005044577 4.84745865815421
-2.7378636005044577 -5.018848646886518 6.3111834518567775
-5.018848646886518 -8.639862465532394 6.276726468498964
-8.639862465532394 -3.5635443764945487 5.19567330018981
-3.5635443764945487 -6.471870754705921 6.307720064003661
-6.471870754705921 -8.649072297672058 6.092910571573157
-8.649072297672058 -3.54260303264261 5.189061741577461
-3.54260303264261 -6.435947894701848 6.307867747753335
-6.435947894701848 -8.696402785564155 6.101092876833718
-8.696402785564155 -3.4364068145022535 5.15431438709129
-3.4364068145022535 -6.252817167344189 6.308560016608681
-6.252817167344189 -8.898096001466564 6.139584711443604
-8.898096001466564 -3.014745363603966 4.990289811903494
-3.014745363603966 -5.5128556539614735 6.310531463346706
-5.5128556539614735 -9.037010130418825 6.24322879274041
-9.037010130418825 -2.7599855288703417 4.8603965250258625
-2.7599855288703417 -5.058493102320997 6.311157194832049
-5.058493102320997 -8.682020274444017 6.274758563675277
-8.682020274444017 -3.468418947497657 5.165011852866883
-3.468418947497657 -6.308183350116133 6.308360923685541
-6.308183350116133 -8.844214489467754 6.128516554854286
-8.844214489467754 -3.1219656452815046 5.036813572562096
-3.1219656452815046 -5.7026510049896775 6.310135621319205
-5.7026510049896775 -9.09829233921722 6.223840584392747
-9.09829233921722 -2.6587894579717153 4.798385099282314
-2.6587894579717153 -4.876937404019848 6.311218687125802
-4.876937404019848 -8.477356272259431 6.282975006834022
-8.477356272259431 -3.9461721185969014 5.305006516733556
-3.9461721185969014 -7.114593517899915 6.304209321147937
-7.114593517899915 -7.43900321116934 5.913216043336433
-7.43900321116934 -6.644213742073953 5.800093193207431
-6.644213742073953 -8.388512646786666 6.05081618247641
-8.388512646786666 -4.164350993068407 5.359545635525137
-4.164350993068407 -7.465990394038816 6.301288411697897
-7.465990394038816 -6.574972048327821 5.790008026902797
-6.574972048327821 -8.499686164864853 6.0682883029548975
-8.499686164864853 -3.8922484815076683 5.290753138477157
-3.8922484815076683 -7.02582253601966 6.304812922175188
-7.02582253601966 -7.640281035559885 5.941615025203646
-7.640281035559885 -6.120634255116706 5.722199859748798
-6.120634255116706 -9.00142841031289 6.164025354941259
-9.00142841031289 -2.822033737900742 4.895070769074664
-2.822033737900742 -5.169542093260459 6.311054301826516
-5.169542093260459 -8.79169301879316 6.2686635115715035
-8.79169301879316 -3.230474309501314 5.080206541937514
-3.230474309501314 -5.893683816398752 6.309664376087312
-5.893683816398752 -9.09607481602678 6.199648052646808
-9.09607481602678 -2.662320994451018 4.8006793072818255
-2.662320994451018 -4.883281617974611 6.311219451141369
-4.883281617974611 -8.484982664052838 6.282720324888942
-8.484982664052838 -3.92771159619325 5.300164247993962
-3.92771159619325 -7.084280518518871 6.304420675987785
-7.084280518518871 -7.50868296744354 5.92303704711594
-7.50868296744354 -6.4647390582021815 5.773832498474803
-6.4647390582021815 -8.658666221088978 6.094551350372058
-8.658666221088978 -3.5208823072156066 5.182123359532852
-3.5208823072156066 -6.398619834843187 6.3080169052191195
-6.398619834843187 -8.742930030742999 6.109376381406037
-8.742930030742999 -3.3344741516405696 5.11884779920365
-3.3344741516405696 -6.075660653429993 6.30914307461353
-6.075660653429993 -9.028434920100556 6.171710991220607
-9.028434920100556 -2.7747247735000387 4.8688425323525735
-2.7747247735000387 -5.08489225712098 6.3111364488904655
-5.08489225712098 -8.709243833117748 6.273389501304337
-8.709243833117748 -3.4080225077589783 5.144658686091134
-3.4080225077589783 -6.2036142609692755 6.308729983538797
-6.2036142609692755 -8.94073863572081 6.149007755670027
-8.94073863572081 -2.9330627793699104 4.951970053567493
-2.9330627793699104 -5.367655569600056 6.310785209891037
-5.367655569600056 -8.952373428745815 6.255341950265574
-8.952373428745815 -2.9112896663528147 4.941278898215387
-2.9112896663528147 -5.328869757735459 6.310845344822155
-5.328869757735459 -8.924784248360542 6.258222800141084
-8.924784248360542 -2.963282071999256 4.966465206460271
-2.963282071999256 -5.421431386526242 6.310696380354784
-5.421431386526242 -8.987247222730762 6.2511077344970545
-8.987247222730762 -2.847404441741069 4.908618168272369
-2.847404441741069 -5.214882450483498 6.3110015212296275
-5.214882450483498 -8.832639329212379 6.2659080570992955
-8.832639329212379 -3.1455523451496936 5.046539622449927
-3.1455523451496936 -5.744270040966836 6.310039271204005
-5.744270040966836 -9.10352763153552 6.218991562058363
-9.10352763153552 -2.650491843775283 4.792953915293765
-2.650491843775283 -4.862029040904398 6.311215872592584
-4.862029040904398 -8.459309856480369 6.283565000732779
-8.459309856480369 -3.9900320116542125 5.316360446809995
-3.9900320116542125 -7.1862767768611135 6.3036865731737635
-7.1862767768611135 -7.270626661226204 5.8894844687929435
-7.270626661226204 -7.066665342249928 5.860647013625567
-7.066665342249928 -7.548731856496025 5.928685378166847
-7.548731856496025 -6.360640778303357 5.7584074037695245
-6.360640778303357 -8.787452690812806 6.1175746302142215
-8.787452690812806 -3.2393971748329973 5.083628437514562
-3.2393971748329973 -5.90934178792434 6.3096223936045135
-5.90934178792434 -9.09283540165694 6.197438357270585
-9.09283540165694 -2.6674979501596625 4.804024004319217
-2.6674979501596625 -4.89258073518146 6.311220119390782
-4.89258073518146 -8.496103034563804 6.282343072889489
-8.496103034563804 -3.900874813998956 5.293055773596279
-3.900874813998956 -7.040069161020627 6.304719141677197
-7.040069161020627 -7.608559429002819 5.937131469949236
-7.608559429002819 -6.204076593921217 5.734898231363331
-6.204076593921217 -8.940360965193292 6.14892096166659
-8.940360965193292 -2.9337733095700718 4.952315385035035
-2.9337733095700718 -5.368920722315461 6.310783192002418
-5.368920722315461 -8.953239533266773 6.255245580792689
-8.953239533266773 -2.909677898184478 4.9404789530235576
-2.909677898184478 -5.3259973080229654 6.310849663306726
-5.3259973080229654 -8.922662214413851 6.25843057183738
-8.922662214413851 -2.967332570909397 4.968378833473253
-2.967332570909397 -5.428634288903487 6.310684014097205
-5.428634288903487 -8.991610969188374 6.250518693530466
-8.991610969188374 -2.8395594072861856 4.9044659109495115
-2.8395594072861856 -5.200866738426829 6.311018443651847
-5.200866738426829 -8.820231473583583 6.266777282795374
-8.820231473583583 -3.1710444552691768 5.056862270528654
-3.1710444552691768 -5.789193910348391 6.309931366271485
-5.789193910348391 -9.105669158606958 6.213499659435911
-9.105669158606958 -2.647113873018188 4.790726256786002
-2.647113873018188 -4.855958974307789 6.311214303736051
-4.855958974307789 -8.451912396896883 6.2838018509683025
-8.451912396896883 -4.008080985712326 5.320972791396343
-4.008080985712326 -7.21563308222172 6.303462716106878
-7.21563308222172 -7.20031461720878 5.87956022454091
-7.20031461720878 -7.237097789553664 5.884753704787727
-7.237097789553664 -7.148439930756905 5.872228169333539
-7.148439930756905 -7.360110165482353 5.90209952360965
-7.360110165482353 -6.844386322153692 5.82896807128418
-6.844386322153692 -8.022268737010036 5.996195853429526
-8.022268737010036 -5.107855339456714 5.5546414383425144
-5.107855339456714 -8.73235338528928 6.272158696214319
-8.73235338528928 -3.3574213821830456 5.127027813126915
-3.3574213821830456 -6.115651576329123 6.309018303043558
-6.115651576329123 -9.00462396829044 6.164892519660498
-9.00462396829044 -2.816366467054182 4.891996662950987
-2.816366467054182 -5.15940863577189 6.311065301466442
-5.15940863577189 -8.782226729693114 6.269257353214925
-8.782226729693114 -3.2504263989297817 5.087829330426757
-3.2504263989297817 -5.928684762439166 6.3095698046345206
-5.928684762439166 -9.088172921993557 6.194659226992371
-9.088172921993557 -2.674986481002418 4.808823944371397
-2.674986481002418 -4.906029881465857 6.311220167044667
-4.906029881465857 -8.512062571692072 6.281789050855878
-8.512062571692072 -3.8625319038484847 5.282753405150288
-3.8625319038484847 -6.976616284930569 6.305128185198555
-6.976616284930569 -7.748019658886455 5.956881211594009
-7.748019658886455 -5.835646344919023 5.67779964226429
-5.835646344919023 -9.103958252736502 6.207531119373016
-9.103958252736502 -2.649811838719292 4.792506254165346
-2.649811838719292 -4.860807140576009 6.31121557689039
-4.860807140576009 -8.457823050336643 6.28361283427148
-8.457823050336643 -3.9936564138700685 5.317289409573277
-3.9936564138700685 -7.19217859303508 6.303642038521502
-7.19217859303508 -7.256551572903027 5.887498882613727
-7.256551572903027 -7.10110108760627 5.865527727459266
-7.10110108760627 -7.47013482392694 5.917603169025824
-7.47013482392694 -6.564307250181496 5.788449704352388
-6.564307250181496 -8.516049344131845 6.070912971485086
-8.516049344131845 -3.8529859547218988 5.280161060312821
-3.8529859547218988 -6.960768179411956 6.30522694875981
-6.960768179411956 -7.782095244399941 5.961725228349678
-7.782095244399941 -5.745172931295342 5.663326684392814
-5.745172931295342 -9.103606846435012 6.218883722885948
-9.103606846435012 -2.6503667248676908 4.792871576410107
-2.6503667248676908 -4.8618042163668225 6.311215818983328
-4.8618042163668225 -8.459036377526788 6.2835738077665155
-8.459036377526788 -3.990698551196924 5.316531390788441
-3.990698551196924 -7.187362394767207 6.3036783987117815
-7.187362394767207 -7.268039923350609 5.889119589555776
-7.268039923350609 -7.073005427955 5.861546068797907
-7.073005427955 -7.534355663817697 5.926657397289091
-7.534355663817697 -6.398079812971485 5.763972835284221
-6.398079812971485 -8.74358306781335 6.109494538904983
-8.74358306781335 -3.33306175075137 5.118340427747171
-3.33306175075137 -6.073197225994397 6.309150635494007
-6.073197225994397 -9.029795064868608 6.1721228483911545
-9.029795064868608 -2.772377727600348 4.867506676833727
-2.772377727600348 -5.080689324470413 6.311139917514083
-5.080689324470413 -8.704956153971931 6.273610682859726
-8.704956153971931 -3.4174792287890186 5.147893853383721
-3.4174792287890186 -6.220018429750259 6.308674028216046
-6.220018429750259 -8.927071543772533 6.145909208007652
-8.927071543772533 -2.9589242583389583 4.964398793516011
-2.9589242583389583 -5.413680649349301 6.310709565019351
-5.413680649349301 -8.982469344740093 6.25173571018604
-8.982469344740093 -2.8560325144067833 4.9131477333648945
-2.8560325144067833 -5.230292636026722 6.310982309852989
-5.230292636026722 -8.846018393034987 6.264933901842596
-8.846018393034987 -3.1183069791568783 5.0352894144452875
-3.1183069791568783 -5.69619077184688 6.310150267479912
-5.69619077184688 -9.097204383032926 6.224573098563269
-9.097204383032926 -2.660520838984963 4.799511146684381
-2.660520838984963 -4.880047805108317 6.311219093393447
-4.880047805108317 -8.481099289727496 6.282850414507266
-8.481099289727496 -3.9371061164655106 5.302633248375059
-3.9371061164655106 -7.099716994831024 6.304313744094543
-7.099716994831024 -7.473317887986616 5.9180517955101095
-7.473317887986616 -6.556110850154997 5.787251131136145
-6.556110850154997 -8.52848470929691 6.072918024998216
-8.52848470929691 -3.823295269633873 5.272026257262041
-3.823295269633873 -6.911350859541084 6.305526574560645
-6.911350859541084 -7.886297336446747 5.976600072022848
-7.886297336446747 -5.468209369030757 5.617680833307531
-5.468209369030757 -9.014251969178357 6.247186728844099
-9.014251969178357 -2.7994032689946695 4.882686983415624
-2.7994032689946695 -5.129065811999117 6.31109640019713
-5.129065811999117 -8.753214455942498 6.270989022894355
-8.753214455942498 -3.312291413334713 5.1108259558423015
-3.312291413334713 -6.0369446629197645 6.309260255733534
-6.0369446629197645 -9.04838593602405 6.178075194649864
-9.04838593602405 -2.740647138155189 4.849104323777283
-2.740647138155189 -5.023838437220434 6.311180487729871
-5.023838437220434 -8.64525089376921 6.27648445298837
-8.64525089376921 -3.551281508315484 5.191810852775234
-3.551281508315484 -6.4508429195926364 6.307807012799458
-6.4508429195926364 -8.677079613445212 6.09772519669059
-8.677079613445212 -3.4794685318778296 5.1686583853042976
-3.4794685318778296 -6.327262260410583 6.308290330405725
-6.327262260410583 -8.824209645600249 6.124588234073599
-8.824209645600249 -3.162847978079587 5.053564195852232
-3.162847978079587 -5.774756137278057 6.309966490051011
-5.774756137278057 -9.105383625555985 6.215294321114925
-9.105383625555985 -2.647563717401579 4.791023474921531
-2.647563717401579 -4.856767353182632 6.3112145271734335
-4.856767353182632 -8.452899197778862 6.283770420122892
-8.452899197778862 -4.005670978054099 5.320358905861212
-4.005670978054099 -7.211718176375343 6.303492909784836
-7.211718176375343 -7.20973433418636 5.88089060827042
-7.20973433418636 -7.2145026942376385 5.881563946873939
-7.2145026942376385 -7.203035787404018 5.879944567699567
-7.203035787404018 -7.230578389270954 5.883833510160912
-7.230578389270954 -7.164235964118084 5.874461869287188
-7.164235964118084 -7.322913703073862 5.896857132356672
-7.322913703073862 -6.93745392573658 5.842273260608636
-6.93745392573658 -7.831649530655291 5.968786380271922
-7.831649530655291 -5.6134721128518335 5.641887762252736
-5.6134721128518335 -9.076913510607056 6.233488299796591
-9.076913510607056 -2.6932508391398877 4.820346635824535
-2.6932508391398877 -4.938821129931954 6.311216000409331
-4.938821129931954 -8.550348028249825 6.280395567842788
-8.550348028249825 -3.7714124275835457 5.257541439237684
-3.7714124275835457 -6.824559304024273 6.306023809058388
-6.824559304024273 -8.061311215376874 6.001872580665804
-8.061311215376874 -5.004965602418007 5.535730081686779
-5.004965602418007 -8.624748375400307 6.277390908308007
-8.624748375400307 -3.5980986905244223 5.20642074044008
-3.5980986905244223 -6.530999604806866 6.307467779264698
-6.530999604806866 -8.565815953226032 6.078995117608429
-8.565815953226032 -3.7349585300713386 5.247149976778019
-3.7349585300713386 -6.76326098361252 6.306354173222644
-6.76326098361252 -8.178314291465922 6.0190562441785005
-8.178314291465922 -4.699182152414575 5.476611248581321
-4.699182152414575 -8.251569861410092 6.289292360568652
-8.251569861410092 -4.510294546458887 5.437533598680602
-4.510294546458887 -7.989605180832945 6.294536126242747
-7.989605180832945 -5.1941793414321795 5.570173595810047
-5.1941793414321795 -8.81423200813899 6.2671861161979905
-8.81423200813899 -3.1834466669435 5.061815594890504
-3.1834466669435 -5.811027851756753 6.309877442996367
-5.811027851756753 -9.1053677509035 6.210731513470819
-9.1053677509035 -2.64758873212047 4.791039997307962
-2.64758873212047 -4.85681230485373 6.311214539447974
-4.85681230485373 -8.452954056173589 6.283768671346479
-8.452954056173589 -4.00553702142339 5.320324766129488
-4.00553702142339 -7.211500527433398 6.303494585376029
-7.211500527433398 -7.210257640145163 5.880964508472971
-7.210257640145163 -7.213245200548086 5.881386381395714
-7.213245200548086 -7.2060616758452225 5.880371930317779
-7.2060616758452225 -7.223321411570197 5.882809066264599
-7.223321411570197 -7.1817779222870195 5.876941339549376
-7.1817779222870195 -7.281334984092916 5.890994796256564
-7.281334984092916 -7.040365375322688 5.856915258933441
-7.040365375322688 -7.607897420230672 5.937037933868851
-7.607897420230672 -6.205815084657194 5.735161490429164
-6.205815084657194 -8.938936989661759 6.148594491482072
-8.938936989661759 -2.9364544204397416 4.953616464968945
-2.9364544204397416 -5.373694321036867 6.310775546458899
-5.373694321036867 -8.95648795080405 6.254880579206656
-8.95648795080405 -2.9036440364935974 4.937473615613271
-2.9036440364935974 -5.315242344385023 6.3108656638651155
-5.315242344385023 -8.914622042542259 6.259201793676766
-8.914622042542259 -2.982744992198284 4.97559903448564
-2.982744992198284 -5.45603070096872 6.310635989259026
-5.45603070096872 -9.007527518569173 6.248229617674951
-9.007527518569173 -2.8112330690788965 4.889196641575836
-2.8112330690788965 -5.150228108176142 6.311075005152816
-5.150228108176142 -8.773553577039417 6.269788585006609
-8.773553577039417 -3.268808773317141 5.094761538828607
-3.268808773317141 -5.9608955370557055 6.309480428582901
-5.9608955370557055 -9.07877547597611 6.189908860003925
-9.07877547597611 -2.6902129705062547 4.818447847454081
-2.6902129705062547 -4.933368131167191 6.311217095917527
-4.933368131167191 -8.544043973417981 6.280631566551165
-8.544043973417981 -3.7863299868645686 5.261742158472771
-3.7863299868645686 -6.849569382975077 6.305884171935759
-6.849569382975077 -8.011968815906355 5.994702412874176
-8.011968815906355 -5.135054267271738 5.559567132902885
-5.135054267271738 -8.7590187345485 6.270652313367464
-8.7590187345485 -3.2998296347693157 5.106268806812295
-3.2998296347693157 -6.015170682774834 6.3093246317585
-6.015170682774834 -9.058273308748351 6.181553083097242
-9.058273308748351 -2.7240404157835436 4.839208325563959
-2.7240404157835436 -4.994063080772801 6.311196634786029
-4.994063080772801 -8.61275406275121 6.277905050832487
-8.61275406275121 -3.625683214075236 5.214860309326468
-3.625683214075236 -6.5780670653184785 6.307258419394202
-6.5780670653184785 -8.494898916777675 6.0675232936264365
-8.494898916777675 -3.903776001825124 5.293828237630805
-3.903776001825124 -7.044856714626657 6.304687368374289
-7.044856714626657 -7.59784786724772 5.935618396822974
-7.59784786724772 -6.232190538386676 5.739149183049449
-6.232190538386676 -8.916574653141874 6.14358216384062
-8.916574653141874 -2.9789924910688756 4.973849964979308
-2.9789924910688756 -5.449362059426368 6.3106478226145555
-5.449362059426368 -9.003753357140793 6.248793966064113
-9.003753357140793 -2.8179086563071123 4.892834965328802
-2.8179086563071123 -5.162166365097672 6.311062337779731
-5.162166365097672 -8.784814076373513 6.269096524323686
-8.784814076373513 -3.244961444887186 5.085751747716131
-3.244961444887186 -5.919101930710095 6.30959595886452
-5.919101930710095 -9.090574346980919 6.196042906412913
-9.090574346980919 -2.6711239967502927 4.806353795796895
-2.6711239967502927 -4.899093310222814 6.3112202757292835
-4.899093310222814 -8.503849607602815 6.282076045077702
-8.503849607602815 -3.882237961923942 5.288070052134572
-3.882237961923942 -7.009268672346146 6.304920462273003
-7.009268672346146 -7.676846525272601 5.946788913857745
-7.676846525272601 -6.024149641395097 5.7073552652218495
-6.024149641395097 -9.054311927273716 6.180127619401901
-9.054311927273716 -2.7306712502427435 4.843182234926644
-2.7306712502427435 -5.00595369591534 6.3111906357517
-5.00595369591534 -8.6258297472708 6.277344499223545
-8.6258297472708 -3.595618771767819 5.205655987327191
-3.595618771767819 -6.5267621808310725 6.307486250119837
-6.5267621808310725 -8.572000589394866 6.080010790556116
-8.572000589394866 -3.720442992115023 5.242961128507886
-3.720442992115023 -6.738782932652095 6.306481553041522
-6.738782932652095 -8.223418273062105 6.025761792767298
-8.223418273062105 -4.582609226100106 5.452752630735631
-4.582609226100106 -8.092262063498481 6.2926846124646545
-8.092262063498481 -4.923668226705575 5.5204587455773435
-4.923668226705575 -8.532768365670156 6.28104651913236
-8.532768365670156 -3.813097661246332 5.269206732289604
-3.813097661246332 -6.894335129408789 6.3056269045009685
-6.894335129408789 -7.9214330809085 5.981640872065327
-7.9214330809085 -5.374883865160073 5.60178829322831
-5.374883865160073 -8.957292696231182 6.254789036072907
-8.957292696231182 -2.902151991377721 4.936727854386845
-2.902151991377721 -5.312582488969182 6.310869579745486
-5.312582488969182 -8.912610611922394 6.259390903036547
-8.912610611922394 -2.986616866349449 4.977397843205836
-2.986616866349449 -5.46291037263519 6.310623685232713
-5.46291037263519 -9.01135291712934 6.24764253073954
-9.01135291712934 -2.804493233577566 4.885497713654331
-2.804493233577566 -5.1381722509803955 6.311087362446415
-5.1381722509803955 -8.762025440068651 6.270476546822465
-8.762025440068651 -3.29339075605648 5.103899616384297
-3.29339075605648 -6.003913575290198 6.30935748957927
-6.003913575290198 -9.063010493658155 6.183322760345618
-9.063010493658155 -2.7161510136697493 4.834440246235317
-2.7161510136697493 -4.979912620156368 6.3112029627664015
-4.979912620156368 -8.597025892596086 6.278560642545926
-8.597025892596086 -3.662067813512565 5.225809348408802
-3.662067813512565 -6.639959524733818 6.3069709891206
-6.639959524733818 -8.395585584659448 6.051911128397478
-8.395585584659448 -4.146782786476961 5.3553249342039635
-4.146782786476961 -7.4382092271228 6.301555568959884
-7.4382092271228 -6.646245375132104 5.800388291387208
-6.646245375132104 -8.385123913561298 6.050292310614168
-8.385123913561298 -4.17277958292359 5.361560704659496
-4.17277958292359 -7.479283658004133 6.30115803551962
-7.479283658004133 -6.540736335670247 5.785000680563826
-6.540736335670247 -8.551478872799624 6.076650538961985
-8.551478872799624 -3.7687401365577244 5.256785804631363
-3.7687401365577244 -6.820074448354975 6.306048546368402
-6.820074448354975 -8.07006296179616 6.003148647090711
-8.07006296179616 -4.981951927070979 5.531437481186003
-4.981951927070979 -8.599303964506122 6.278466387822846
-8.599303964506122 -3.65678311331785 5.224231675045303
-3.65678311331785 -6.630983706247961 6.307013554145669
-6.630983706247961 -8.41040572612987 6.054212096627452
-8.41040572612987 -4.110078136171672 5.346415233449079
-4.110078136171672 -7.379855991914809 6.302094273967668
-7.379855991914809 -6.794623947934156 5.821825115399406
-6.794623947934156 -8.119161060621233 6.010333850219467
-8.119161060621233 -4.853234816996825 5.50697748580933
-4.853234816996825 -8.448583651178982 6.283906817658135
-8.448583651178982 -4.016215832796497 5.323040454517468
-4.016215832796497 -7.228836295882065 6.303360100981081
-7.228836295882065 -7.16845103390229 5.875057761386415
-7.16845103390229 -7.312948689057508 5.895452391447179
-7.312948689057508 -6.962229842308024 5.845804565036815
-6.962229842308024 -7.778965547823266 5.961279944538546
-7.778965547823266 -5.753486578456423 5.664664957694185
-5.753486578456423 -9.104266930096877 6.21788680046302
-9.104266930096877 -2.649324633023602 4.79218527575722
-2.649324633023602 -4.859931669026636 6.311215358779009
-4.859931669026636 -8.4567570648456 6.283647057789494
-8.4567570648456 -3.9962559833002036 5.317954841793835
-3.9962559833002036 -7.196409524058055 6.303609967755619
-7.196409524058055 -7.246442380788856 5.886072473022068
-7.246442380788856 -7.125738503213358 5.8690161929080205
-7.125738503213358 -7.413149534119898 5.90957311992679
-7.413149534119898 -6.710197242061711 5.809654689710442
-6.710197242061711 -8.274879895099762 6.033478447698144
-8.274879895099762 -4.450698020727267 5.424732880808733
-4.450698020727267 -7.9030185534595105 6.2959322946371685
-7.9030185534595105 -5.423784324007633 5.610150465570769
-5.423784324007633 -8.988680892170402 6.250915671320399
-8.988680892170402 -2.8448233108587773 4.9072555939383165
-2.8448233108587773 -5.210271502567513 6.311007147043711
-5.210271502567513 -8.828582344466144 6.266195769392652
-8.828582344466144 -3.153863915888751 5.049926487761695
-3.153863915888751 -5.758923857800358 6.310004521124938
-5.758923857800358 -9.104630858689786 6.217229931615293
-9.104630858689786 -2.6487504724969426 4.791806751327385
-2.6487504724969426 -4.858899933239552 6.311215095058287
-4.858899933239552 -8.455500046589577 6.283687338283926
-8.455500046589577 -3.9993224922758475 5.318738881920581
-3.9993224922758475 -7.201398166561094 6.303571997730614
-7.201398166561094 -7.234502595288718 5.884387422862346
-7.234502595288718 -7.154732062456876 5.873118051331403
-7.154732062456876 -7.345321602979547 5.900015431983775
-7.345321602979547 -6.881496229900282 5.8342814097159135
-6.881496229900282 -7.947683823956969 5.985416649869876
-7.947683823956969 -5.3052301092555485 5.589739228067629
-5.3052301092555485 -8.907003617581589 6.259910031287291
-8.907003617581589 -2.9974437407002497 4.982396374867676
-2.9974437407002497 -5.482141885173321 6.310588775526412
-5.482141885173321 -9.021675594938383 6.2459748180626775
-9.021675594938383 -2.786439673981711 4.875459928654891
-2.786439673981711 -5.105865846223508 6.311118236411858
-5.105865846223508 -8.73037241256591 6.272267193704465
-8.73037241256591 -3.361734270696055 5.1285521051504475
-3.361734270696055 -6.123160922510024 6.308994442602852
-6.123160922510024 -8.99978860239105 6.163584226185776
-8.99978860239105 -2.824949050142957 4.896645199525665
-2.824949050142957 -5.174754106645171 6.311048528139509
-5.174754106645171 -8.796517717947777 6.268354995481786
-8.796517717947777 -3.2203505346461796 5.076298496922391
-3.2203505346461796 -5.875908717330043 6.309711403278925
-5.875908717330043 -9.099176136201242 6.202113536801335
-9.099176136201242 -2.657384756891796 4.7974696955425316
-2.657384756891796 -4.874413781810645 6.3112183122684655
-4.874413781810645 -8.474313745257966 6.283075712421123
-8.474313745257966 -3.9535493779483857 5.306930962913611
-3.9535493779483857 -7.126684192924292 6.3041234468182665
-7.126684192924292 -7.410950090468407 5.909263224348251
-7.410950090468407 -6.715794031320485 5.810463627556601
-6.715794031320485 -8.264908404303092 6.031977321839804
-8.264908404303092 -4.476159723016183 5.430231219448615
-4.476159723016183 -7.94022093047143 6.295349447529588
-7.94022093047143 -5.325024472262624 5.593180269264849
-5.325024472262624 -8.921941192277743 6.258500497115165
-8.921941192277743 -2.9687104935527193 4.969028280993371
-2.9687104935527193 -5.43108433918527 6.310679782982334
-5.43108433918527 -8.99307841949926 6.250317128789902
-8.99307841949926 -2.8369288462881284 4.903066294838936
-2.8369288462881284 -5.1961661933271515 6.311023999362078
-5.1961661933271515 -8.816019689418198 6.267065267984435
-8.816019689418198 -3.1797459851707846 5.060342206248606
-3.1797459851707846 -5.80451437828455 6.309893631219893
-5.80451437828455 -9.105550525276177 6.211564163873845
-9.105550525276177 -2.6473007540509745 4.790849752516806
-2.6473007540509745 -4.856294804106242 6.311214397082949
-4.856294804106242 -8.452322410950744 6.283788797587476
-8.452322410950744 -4.0070795452281525 5.320717774746299
-4.0070795452281525 -7.214006490799304 6.3034752740641125
-7.214006490799304 -7.20422996550373 5.880113239403727
-7.20422996550373 -7.227715341155619 5.883429361205344
-7.227715341155619 -7.171161889877138 5.875440951840574
-7.171161889877138 -7.306531194453839 5.894547654024791
-7.306531194453839 -6.978149045983773 5.848071341926698
-6.978149045983773 -7.744707525902628 5.956410816666903
-7.744707525902628 -5.844434297332684 5.679195034179429
-5.844434297332684 -9.103178071617867 6.206368197665142
-9.103178071617867 -2.65104412315695 4.793317203842889
-2.65104412315695 -4.863021416511844 6.311216105423227
-4.863021416511844 -8.460516522713105 6.283526094444824
-8.460516522713105 -3.9870917136366533 5.315605798790784
-3.9870917136366533 -7.181486438691532 6.303722549160739
-7.181486438691532 -7.282028168294112 5.891092565201689
-7.282028168294112 -7.0386599296040835 5.856673138525366
-7.0386599296040835 -7.611707485446166 5.937576223848737
-7.611707485446166 -6.1958078395846945 5.733645382333634
-6.1958078395846945 -8.947049088935229 6.15046714010532
-8.947049088935229 -2.9212255505510183 4.946184074291523
-2.9212255505510183 -5.346573267003096 6.3108183150106925
-5.346573267003096 -8.937624529735816 6.256925392248377
-8.937624529735816 -2.9389285229877857 4.954814305714535
-2.9389285229877857 -5.378098898168286 6.310768447685405
-5.378098898168286 -8.959457791678345 6.25454184318005
-8.959457791678345 -2.898143217423 4.9347190130501986
-2.898143217423 -5.305435336047158 6.310880020180775
-5.305435336047158 -8.90716096259839 6.259895880240947
-8.90716096259839 -2.9971392385486997 4.982256420713384
-2.9971392385486997 -5.481601127545629 6.310589767439524
-5.481601127545629 -9.021392858154984 6.246022250252281
-9.021392858154984 -2.786931545363028 4.875735958888981
-2.786931545363028 -5.106746288886853 6.3111174395926355
-5.106746288886853 -8.731249504359392 6.272219397298613
-8.731249504359392 -3.359824126261922 5.1278775147220585
-3.359824126261922 -6.119835363077553 6.309005026316299
-6.119835363077553 -9.001944199952405 6.164164705980511
-9.001944199952405 -2.821117747505235 4.894575115187763
-2.821117747505235 -5.167904373225757 6.3110560999011796
-5.167904373225757 -8.79017078745236 6.268760019975161
-8.79017078745236 -3.233674807531785 5.08143634035514
-3.233674807531785 -5.89930102742096 6.309649375274603
-5.89930102742096 -9.094967535089069 6.19885943220288
-9.094967535089069 -2.6640881560661485 4.801823476143909
-2.6640881560661485 -4.886456020373785 6.311219738909131
-4.886456020373785 -8.488786577314977 6.282592073759588
-8.488786577314977 -3.918520683596038 5.297739080560859
-3.918520683596038 -7.069158267182473 6.304524050468899
-7.069158267182473 -7.54308431784373 5.927888655780407
-7.54308431784373 -6.375357456715651 5.760597538275761
-6.375357456715651 -8.77053978064974 6.11442536622053
-8.77053978064974 -3.2752189602815567 5.097158846536331
-3.2752189602815567 -5.972119498663671 6.309448749798321
-5.972119498663671 -9.075018152184569 6.188217297083611
-9.075018152184569 -2.6963502717752337 4.822276739829249
-2.6963502717752337 -4.944384178903921 6.311214723795274
-4.944384178903921 -8.556753184040765 6.280153021860315
-8.556753184040765 -3.7562913372837703 5.2532530358294025
-3.7562913372837703 -6.799163599403182 6.306162690572819
-6.799163599403182 -8.110474486027803 6.009059241358045
-8.110474486027803 -4.875956136653871 5.511352742934832
-4.875956136653871 -8.476174202513732 6.283013537162333
-8.476174202513732 -3.9490374589349626 5.305754691355105
-3.9490374589349626 -7.119291138876433 6.30417606413539
-7.119291138876433 -7.42812098693375 5.911682654084871
-7.42812098693375 -6.672030438431545 5.804129649852257
-6.672030438431545 -8.341501442655222 6.043588292988716
-8.341501442655222 -4.281916584360031 5.387098324172257
-4.281916584360031 -7.64922940781269 6.299332302885887
-7.64922940781269 -6.097050005218322 5.718587793155166
-6.097050005218322 -9.016105424466874 6.168095135402837
-9.016105424466874 -2.7961571565526877 4.880886593939067
-2.7961571565526877 -5.123257407940881 6.311102029110771
-5.123257407940881 -8.747548581567212 6.271312705019227
-8.747548581567212 -3.324496235825392 5.115253653806576
-3.324496235825392 -6.058252879171797 6.309196196572884
-6.058252879171797 -9.037781859444433 6.174601188271481
-9.037781859444433 -2.7586658529467085 4.859633633041085
-2.7586658529467085 -5.0561288707883145 6.311158929569501
-5.0561288707883145 -8.67954862245605 6.274878850999812
-8.67954862245605 -3.473943350606064 5.166837888144073
-3.473943350606064 -6.317724201810693 6.3083257514408615
-6.317724201810693 -8.834302311256586 6.126559433763759
-8.834302311256586 -3.142152046151816 5.045148032611905
-3.142152046151816 -5.738273276522568 6.310053367586079
-5.738273276522568 -9.102964246371815 6.2197042488114676
-9.102964246371815 -2.651382075379143 4.7935393811967515
-2.651382075379143 -4.863628667086316 6.311216244648676
-4.863628667086316 -8.461254522935194 6.283502261401736
-8.461254522935194 -3.98529395265271 5.315143936597451
-3.98529395265271 -7.178556430054771 6.303744478456792
-7.178556430054771 -7.288991725044831 5.892074590017728
-7.288991725044831 -7.021507696151765 5.854237129849935
-7.021507696151765 -7.649842638237629 5.9429673191625625
-7.649842638237629 -6.0954330858655315 5.718339765975543
-6.0954330858655315 -9.017070060225109 6.168370964278438
-9.017070060225109 -2.7944702033502704 4.879948526599037
-2.7944702033502704 -5.120238629194529 6.311104912321753
-5.120238629194529 -8.744589846131486 6.271479955750692
-8.744589846131486 -3.3308852898598986 5.1175576916430146
-3.3308852898598986 -6.069400722967415 6.309162259774894
-6.069400722967415 -9.031867070389962 6.172755734573002
-9.031867070389962 -2.7688089578856654 4.865468922289438
-2.7688089578856654 -5.07429801789891 6.31114507341772
-5.07429801789891 -8.698402022091635 6.273944678832777
-8.698402022091635 -3.4319753135822126 5.1528176178908325
-3.4319753135822126 -6.245142145356568 6.308586953495251
-6.245142145356568 -8.905073210184861 6.141080128028989
-8.905073210184861 -3.001182726623213 4.984111938640126
-3.001182726623213 -5.488781275576757 6.310576548243262
-5.488781275576757 -9.025111294359712 6.24538988551285
-9.025111294359712 -2.7804744924295157 4.872100785436487
-2.7804744924295157 -5.0951871533040185 6.311127695284085
-5.0951871533040185 -8.719670885330576 6.272842502923595
-8.719670885330576 -3.3851136837947697 5.136744390081731
-3.3851136837947697 -6.163829156498567 6.308862802827207
-6.163829156498567 -8.971596690581704 6.156344361665106
-8.971596690581704 -2.875815444861071 4.923390202668088
-2.875815444861071 -5.265607958613975 6.3109359726222465
-5.265607958613975 -8.875615310195307 6.262626773397642
-8.875615310195307 -3.0589537462679526 5.009953797365597
-3.0589537462679526 -5.591226681938851 6.310376658053428
-5.591226681938851 -9.069493393145002 6.235743330540572
-9.069493393145002 -2.70542538150155 4.827887004696095
-2.70542538150155 -4.960670044657174 6.311210090014356
-4.960670044657174 -8.5753509977936 6.279432485171128
-8.5753509977936 -3.71259401580849 5.240683709282166
-3.71259401580849 -6.725530787909496 6.30654946798677
-6.725530787909496 -8.247439631883896 6.029354535374296
-8.247439631883896 -4.520881389024418 5.439782702043885
-4.520881389024418 -8.004803982433044 6.294276198383159
-8.004803982433044 -5.153986671106921 5.562978307105368
-5.153986671106921 -8.777115676279339 6.269571489901864
-8.777115676279339 -3.261247347064184 5.091920428527374
-3.261247347064184 -5.9476502112492176 6.309517455305468
-5.9476502112492176 -9.082887900932462 6.191880877049698
-9.082887900932462 -2.6835279043315032 4.814244657656673
-2.6835279043315032 -4.921366835226006 6.311218950701004
-4.921366835226006 -8.530081126760482 6.281144927332207
-8.530081126760482 -3.819493047216839 5.2709765302424785
-3.819493047216839 -6.905008992655519 6.305564134949236
-6.905008992655519 -7.899438187628381 5.978483682010847
-7.899438187628381 -5.4332951579329585 5.6117678659757075
-5.4332951579329585 -8.994395269133337 6.250134499307023
-8.994395269133337 -2.8345715136917393 4.901808908874955
-2.8345715136917393 -5.191953514570684 6.31102892670242
-5.191953514570684 -8.812223672669642 6.26732186855952
-8.812223672669642 -3.187609320338453 5.063468248557911
-3.187609320338453 -5.818352862589492 6.309859133707505
-5.818352862589492 -9.105067417995956 6.20978811002351
-9.105067417995956 -2.6480620840833025 4.791352550728334
-2.6480620840833025 -4.857662917500072 6.311214769422804
-4.857662917500072 -8.45399183748173 6.283735559449269
-8.45399183748173 -4.00300331805908 5.319678680898505
-4.00300331805908 -7.207382950846943 6.303526222021901
-7.207382950846943 -7.2201501362827925 5.882361347241385
-7.2201501362827925 -7.189429935337128 5.878022564760613
-7.189429935337128 -7.263110612066197 5.888424221793684
-7.263110612066197 -7.085072952907761 5.863256733369781
-7.085072952907761 -7.506873555362552 5.922781923662114
-7.506873555362552 -6.469427129820764 5.774523619831598
-6.469427129820764 -8.652370537674077 6.093473664008343
-8.652370537674077 -3.535124896754209 5.186682346102316
-3.535124896754209 -6.423104129787192 6.307919557490095
-6.423104129787192 -8.71271910015497 6.103968262075796
-8.71271910015497 -3.4003731330062217 5.142028296202625
-3.4003731330062217 -6.190337024217443 6.3087747599238355
-6.190337024217443 -8.95139717630069 6.151484188871109
-8.95139717630069 -2.913107922749495 4.942179897203459
-2.913107922749495 -5.332109990952334 6.3108404507511295
-5.332109990952334 -8.927165089108371 6.257987513265107
-8.927165089108371 -2.958746213623241 4.9643141991509765
-2.958746213623241 -5.413363952357995 6.310710101006407
-5.413363952357995 -8.98227231495675 6.25176124077916
-8.98227231495675 -2.8563891789930325 4.913334147648129
-2.8563891789930325 -5.230929555680382 6.3109815024035925
-5.230929555680382 -8.846565367515982 6.264893218442012
-8.846565367515982 -3.11719852893204 5.034826812683605
-3.11719852893204 -5.694233308726263 6.310154689013871
-5.694233308726263 -9.096860273696588 6.224793994570064
-9.096860273696588 -2.661068959733037 4.799867116194946
-2.661068959733037 -4.881032468561215 6.311219209252158
-4.881032468561215 -8.482282619893766 6.282810863445775
-8.482282619893766 -3.934242208280911 5.301881630526623
-3.934242208280911 -7.095013444430063 6.304346478875232
-7.095013444430063 -7.484120043522619 5.919574330237083
-7.484120043522619 -6.528260434495412 5.78317235461509
-6.528260434495412 -8.569817636276362 6.079651965919766
-8.569817636276362 -3.7255624901891116 5.244441875238408
-3.7255624901891116 -6.747420566687709 6.306436892744387
-6.747420566687709 -8.207610353819504 6.023405847940012
-8.207610353819504 -4.623369653371729 5.461186678618105
-4.623369653371729 -8.148873531514603 6.291558670203813
-8.148873531514603 -4.775701465212366 5.491851402268367
-4.775701465212366 -8.351507831301367 6.286757102254342
-8.351507831301367 -4.2567802202409375 5.381305174068984
-4.2567802202409375 -7.610460986081985 6.299776439987909
-7.610460986081985 -6.199082261392512 5.7341416551716975
-6.199082261392512 -8.944417338502705 6.149856159649062
-8.944417338502705 -2.926154191432181 4.948600739418907
-2.926154191432181 -5.355352452146946 6.310804649252532
-5.355352452146946 -8.943838529281436 6.256271129794186
-8.943838529281436 -2.9272397069407097 4.94913154459573
-2.9272397069407097 -5.35728580802647 6.310801616651588
-5.35728580802647 -8.945193180244898 6.256126069347374
-8.945193180244898 -2.924700028211257 4.9478888477351575
-2.924700028211257 -5.352762387481382 6.310808698839537
-5.352762387481382 -8.942015919002042 6.256464908710768
-8.942015919002042 -2.9306615091342176 4.95080134710588
-2.9306615091342176 -5.363379662710058 6.310792003925599
-5.363379662710058 -8.94943021803671 6.2556665203483135
-8.94943021803671 -2.9167762060600624 4.94399304795661
-2.9167762060600624 -5.338646380699805 6.310830505524791
-5.338646380699805 -8.931926088069945 6.257509921422752
-8.931926088069945 -2.9497033446859904 4.960000118542666
-2.9497033446859904 -5.397275920076428 6.310737050142052
-5.397275920076428 -8.972078256547888 6.253044993434742
-8.972078256547888 -2.8749348885756616 4.922938460040314
-2.8749348885756616 -5.264036581744113 6.310938101181819
-5.264036581744113 -8.874330395853177 6.262731681348669
-8.874330395853177 -3.061503661967265 5.011066680897784
-3.061503661967265 -5.595742243371895 6.3103673669356795
-5.595742243371895 -9.071065321315615 6.235290381417144
-9.071065321315615 -2.7028371525618087 4.826293140424241
-2.7028371525618087 -4.956025713692746 6.311211545344122
-4.956025713692746 -8.570070810556984 6.2796395689147175
-8.570070810556984 -3.724968520277237 5.244270267299726
-3.724968520277237 -6.746418666239264 6.3064420890732436
-6.746418666239264 -8.209450025128199 6.023679694269958
-8.209450025128199 -4.618620626253163 5.460209212178597
-4.618620626253163 -8.142326278201175 6.291693063561979
-8.142326278201175 -4.792760709356661 5.495206125218829
-4.792760709356661 -8.373242418652474 6.28615529066883
-8.373242418652474 -4.202389362298104 5.36858981513069
-4.202389362298104 -7.5257981656040736 6.300688395054749
-7.5257981656040736 -6.4203284362223725 5.767270566764637
-6.4203284362223725 -8.716202981127319 6.104586156841833
-8.716202981127319 -3.3927188374721506 5.139383977933903
-3.3927188374721506 -6.177043983410926 6.308819135083468
-6.177043983410926 -8.961706684163504 6.153935417671164
-8.961706684163504 -2.893987707987381 4.932628656257293
-2.893987707987381 -5.298025426357559 6.310890717781149
-5.298025426357559 -8.901442340718647 6.260414576128824
-8.901442340718647 -3.008231121466682 4.987331296040793
-3.008231121466682 -5.501294319857578 6.310553260889719
-5.501294319857578 -9.031405852005848 6.244274520817271
-9.031405852005848 -2.7696026529168125 4.865922804092406
-2.7696026529168125 -5.075719507296578 6.311143939135945
-5.075719507296578 -8.699863255789689 6.273870639080997
-8.699863255789689 -3.42873920631631 5.151722115653683
-3.42873920631631 -6.239535855143491 6.308606529746612
-6.239535855143491 -8.910093823028856 6.142166494646517
-8.910093823028856 -2.991470546335701 4.979644380982791
-2.991470546335701 -5.471532948205342 6.310608126805164
-5.471532948205342 -9.0160490198297 6.246899663266959
-9.0160490198297 -2.7962558499019705 4.880941422910837
-2.7962558499019705 -5.123434013143246 6.311101859508199
-5.123434013143246 -8.747721377530969 6.271302899767761
-8.747721377530969 -3.3241234336413505 5.115118921647081
-3.3241234336413505 -6.057602257900791 6.3091981682155165
-6.057602257900791 -9.038119267895869 6.174708300030034
-9.038119267895869 -2.758089229775137 4.859299943578662
-2.758089229775137 -5.055095806326102 6.311159681012214
-5.055095806326102 -8.678466905821997 6.274931292755355
-8.678466905821997 -3.476363209871897 5.167635920908651
-3.476363209871897 -6.321902088620835 6.308310268279456
-6.321902088620835 -8.829904038792776 6.125697806455719
-8.829904038792776 -3.1511536251545094 5.048824356177647
-3.1511536251545094 -5.754146144844603 6.310015898437996
-5.754146144844603 -9.104313933950507 6.217807435816212
-9.104313933950507 -2.649250460957851 4.792136392417888
-2.649250460957851 -4.8597983865799534 6.3112153250331176
-4.8597983865799534 -8.45659472623321 6.283652264493867
-8.45659472623321 -3.996651944536506 5.31805613628967
-3.996651944536506 -7.197053817189649 6.3036050733499
-7.197053817189649 -7.244901556521953 5.885855039457965
-7.244901556521953 -7.1294865638418266 5.869546649701078
-7.1294865638418266 -7.404427230979309 5.908344135794323
-7.404427230979309 -6.7323765666256135 5.812858566321665
-6.7323765666256135 -8.235065867602671 6.027501883043442
-8.235065867602671 -4.5526457911264835 5.446487154214992
-4.5526457911264835 -8.050060723290285 6.293473719670146
-8.050060723290285 -5.034578107523538 5.541219196384191
-5.034578107523538 -8.65676913259388 6.275957587895391
-8.65676913259388 -3.525169654369623 5.18349950996344
-3.525169654369623 -6.405993256131825 6.307987783191493
-6.405993256131825 -8.733955797007182 6.107757855934324
-8.733955797007182 -3.35393611253109 5.1257930164647405
-3.35393611253109 -6.109581630154164 6.309037489394541
-6.109581630154164 -9.008448228188776 6.165943561914901
-9.008448228188776 -2.8096084711472065 4.8883074028926785
-2.8096084711472065 -5.147322361614931 6.311078023936716
-5.147322361614931 -8.770789350594503 6.269955397619924
-8.770789350594503 -3.274687699010534 5.096960552880773
-3.274687699010534 -5.971189449287203 6.30945138532843
-5.971189449287203 -9.075339015792304 6.188358181570948
-9.075339015792304 -2.6958250697869937 4.821950188423216
-2.6958250697869937 -4.943441547312073 6.311214951296279
-4.943441547312073 -8.555669725594129 6.280194247432519
-8.555669725594129 -3.758846585113137 5.253979883113061
-3.758846585113137 -6.803458212505244 6.306139407330193
-6.803458212505244 -8.102228187916714 6.007850607078581
-8.102228187916714 -4.89754723890253 5.5154869940379285
-4.89754723890253 -8.502014046146641 6.28213900999981
-8.502014046146641 -3.8866496430370363 5.289253960283531
-3.8866496430370363 -7.016566826755826 6.304873238324944
-7.016566826755826 -7.66076508322102 5.944512631351245
-7.66076508322102 -6.0666194510967335 5.713911605089379
-6.0666194510967335 -9.03336637580703 6.1732178907695925
-9.03336637580703 -2.766231612414342 4.863992329810571
-2.766231612414342 -5.069681809543433 6.31114870710735
-5.069681809543433 -8.693642875439913 6.274184159206925
-8.693642875439913 -3.442531823843507 5.156376714541693
-3.442531823843507 -6.2634210270868005 6.3085225383911165
-6.2634210270868005 -8.888258717729283 6.137503072306572
-8.888258717729283 -3.033995573668196 4.9989396574528655
-3.033995573668196 -5.547001009760014 6.310465520247817
-5.547001009760014 -9.052356797176289 6.240053615772922
-9.052356797176289 -2.7339550667138304 4.845139078621287
-2.7339550667138304 -5.011841489549035 6.311187441737275
-5.011841489549035 -8.632256198870756 6.277063625973824
-8.632256198870756 -3.580905163402512 5.201097857803688
-3.580905163402512 -6.501601329489102 6.3075946712560835
-6.501601329489102 -8.608033443237169 6.085983100951125
-8.608033443237169 -3.6365784754378208 5.218160467418784
-3.6365784754378208 -6.596623678933901 6.307173717759724
-6.596623678933901 -8.46583511362962 6.062905000340834
-8.46583511362962 -3.9741447646698935 5.312271862545458
-3.9741447646698935 -7.160366964819056 6.3038793477389845
-7.160366964819056 -7.332046066742373 5.898144383711042
-7.332046066742373 -6.914688701928036 5.83902473647322
-6.914688701928036 -7.8793594820631485 5.975606355255877
-7.8793594820631485 -5.4866465282940045 5.620787998886954
-5.4866465282940045 -9.024013887309106 6.245578276793822
-9.024013887309106 -2.782377469127596 4.873174731466861
-2.782377469127596 -5.098594027385066 6.311124719060899
-5.098594027385066 -8.723097745962262 6.272659840062261
-8.723097745962262 -3.3776123763106374 5.134128763806075
-3.3776123763106374 -6.150787875661147 6.308905465011776
-6.150787875661147 -8.981006046961353 6.158694496858516
-8.981006046961353 -2.858683007699948 4.914531482412713
-2.858683007699948 -5.235025603869907 6.310976284483331
-5.235025603869907 -8.850071521962166 6.264630778685387
-8.850071521962166 -3.1101034655132898 5.031856504800089
-3.1101034655132898 -5.681701242239997 6.310182815781445
-5.681701242239997 -9.094498603988761 6.226196623159922
-9.094498603988761 -2.664837297254858 4.802307747348095
-2.664837297254858 -4.887801681829514 6.311219842187711
-4.887801681829514 -8.4903966602348 6.282537541381316
-8.4903966602348 -3.9146338563327188 5.296710577727936
-3.9146338563327188 -7.06275709043491 6.304567402286921
-7.06275709043491 -7.557572180753082 5.92993271630985
-7.557572180753082 -6.337581070047418 5.75496914346877
-6.337581070047418 -8.813084785983344 6.122439138394839
-8.813084785983344 -3.1858238283376634 5.062759976353846
-3.1858238283376634 -5.8152111404155935 6.309867000134545
-5.8152111404155935 -9.105208542834859 6.210193649894791
-9.105208542834859 -2.647839635367845 4.791205691959476
-2.647839635367845 -4.857263178736351 6.3112146619168925
-4.857263178736351 -8.453504209969811 6.283751124938135
-8.453504209969811 -4.00419374365938 5.319982318978873
-4.00419374365938 -7.209317747182756 6.303511370773776
-7.209317747182756 -7.215503587673363 5.881705283594783
-7.215503587673363 -7.2006263934108405 5.879604254536389
-7.2006263934108405 -7.236351160143151 5.884648326144088
-7.236351160143151 -7.150250720028478 5.8724842814408476
-7.150250720028478 -7.355858067773991 5.901500312749704
-7.355858067773991 -6.855070640204505 5.830498976523813
-6.855070640204505 -8.000994510105 5.993112961208681
-8.000994510105 -5.164056776331425 5.564786944160005
-5.164056776331425 -8.786583031509249 6.2689855696226005
-8.786583031509249 -3.241230096246696 5.08432876785082
-3.241230096246696 -5.912557219024255 6.3096137074244325
-5.912557219024255 -9.092111068465117 6.1969801706509315
-9.092111068465117 -2.6686584333072845 4.804770782706328
-2.6686584333072845 -4.894665090218513 6.31122019697068
-4.894665090218513 -8.498586068780545 6.282257864608255
-8.498586068780545 -3.894895857655111 5.291460732230917
-3.894895857655111 -7.0301965600201815 6.3047842513842625
-7.0301965600201815 -7.630566420348998 5.940241502910794
-7.630566420348998 -6.14621597437535 5.72610621140484
-6.14621597437535 -8.984222202327338 6.159511949677835
-8.984222202327338 -2.8528624772330873 4.911488005978754
-2.8528624772330873 -5.224631333900968 6.310989440295089
-5.224631333900968 -8.841135583699284 6.265294046577765
-8.841135583699284 -3.1282209918920927 5.039409747856553
-3.1282209918920927 -5.713693524985804 6.310110394209914
-5.713693524985804 -9.099981733208626 6.222576034757367
-9.099981733208626 -2.6561057378086903 4.796634770420496
-2.6561057378086903 -4.872115878976189 6.311217935282912
-4.872115878976189 -8.471538975175086 6.283167113586387
-8.471538975175086 -3.9602835603189868 5.308682409333414
-3.9602835603189868 -7.1377092390418735 6.304044343603891
-7.1377092390418735 -7.385243577924708 5.9056411174242385
-7.385243577924708 -6.781005480766398 5.81986649416649
-6.781005480766398 -8.145032208789653 6.014139264516416
-8.145032208789653 -4.78570844951738 5.49382114092441
-4.78570844951738 -8.364282366499904 6.286405759325135
-8.364282366499904 -4.224776987935406 5.3738538700999925
-4.224776987935406 -7.560771091552565 6.300320942726103
-7.560771091552565 -6.3292300269629775 5.753721994871739
-6.3292300269629775 -8.822104657609756 6.124179695929342
-8.822104657609756 -3.167182295736378 5.055310673618806
-3.167182295736378 -5.782391653498016 6.30994796728919
-5.782391653498016 -9.105582479716443 6.214348730092752
-9.105582479716443 -2.647250413923269 4.790816489447025
-2.647250413923269 -4.856204341808309 6.311214372042741
-4.856204341808309 -8.452211974251327 6.283792314308812
-8.452211974251327 -4.007349269697675 5.3207864702199
-4.007349269697675 -7.214444617224796 6.303471893224923
-7.214444617224796 -7.203175577535007 5.879964319552528
-7.203175577535007 -7.2302433055075825 5.8837862107902765
-7.2302433055075825 -7.165046905981262 5.8745765174680855
-7.165046905981262 -7.320997799798328 5.8965870639367495
-7.320997799798328 -6.942222722562151 5.842953285129624
-6.942222722562151 -7.821569944054787 5.967348361162294
-7.821569944054787 -5.640267451338195 5.646287087802193
-5.640267451338195 -9.084760671530162 6.230693096302275
-9.084760671530162 -2.6804947910115824 4.812326252817002
-2.6804947910115824 -4.91592097505384 6.3112195336289005
-4.91592097505384 -8.523705389727514 6.281375163467601
-8.523705389727514 -3.834691107626435 5.275161533616483
-3.834691107626435 -6.930340273514264 6.305412908033759
-6.930340273514264 -7.8466306967916735 5.970925463021558
-7.8466306967916735 -5.573644893467616 5.635311909667507
-5.573644893467616 -9.063057073125908 6.237483898978098
-9.063057073125908 -2.7160736566352566 4.834393276978517
-2.7160736566352566 -4.979773856615722 6.311203020370158
-4.979773856615722 -8.596870765815643 6.278567010318511
-8.596870765815643 -3.662427858582777 5.225916680967202
-3.662427858582777 -6.640570871564729 6.306968078955833
-6.640570871564729 -8.39457110257895 6.051753955973254
-8.39457110257895 -4.149300624138712 5.355931555794086
-4.149300624138712 -7.442196779817564 6.301517657499062
-7.442196779817564 -6.63603887294249 5.7989053460842115
-6.63603887294249 -8.402076209377842 6.052917700144462
-8.402076209377842 -4.130689711036367 5.351433899370022
-4.130689711036367 -7.4126754181894 6.301794952218188
-7.4126754181894 -6.711403929113986 5.809829131736478
-6.711403929113986 -8.272734330434538 6.033155200981128
-8.272734330434538 -4.456172462279858 5.4259188243959215
-4.456172462279858 -7.91104310059297 6.2958086534636095
-7.91104310059297 -5.40247143680967 5.606515464474796
-5.40247143680967 -8.975409972520959 6.2526329986940254
-8.975409972520959 -2.868853740454905 4.919808227175963
-2.868853740454905 -5.25318322351691 6.310952634950809
-5.25318322351691 -8.865373546026184 6.263450498307066
-8.865373546026184 -3.0793468828156585 5.018791466478433
-3.0793468828156585 -5.627325063478449 6.31030125606776
-5.627325063478449 -9.081120477660335 6.232054259649885
-9.081120477660335 -2.6863968455414566 4.816052680573193
-2.6863968455414566 -4.92651753160162 6.311218249698868
-4.92651753160162 -8.536088512618695 6.280925616134482
-8.536088512618695 -3.8052044905874105 5.267015240809997
-3.8052044905874105 -6.8811498642034845 6.30570367587643
-6.8811498642034845 -7.948388891623572 5.985518199187936
-7.948388891623572 -5.3033603537207545 5.589413484405668
-5.3033603537207545 -8.905566711084669 6.260041343171906
-8.905566711084669 -3.000226314037527 4.983673622715287
-3.000226314037527 -5.487083057207587 6.310579684250115
-5.487083057207587 -9.024238811897817 6.245539950876264
-9.024238811897817 -2.7819872527446354 4.872954691410996
-2.7819872527446354 -5.097895444981318 6.311125332482334
-5.097895444981318 -8.722396032444587 6.272697362102917
-8.722396032444587 -3.379147284946346 5.134664952332969
-3.379147284946346 -6.153456921560146 6.308896768510749
-6.153456921560146 -8.97910867200332 6.158215708848729
-8.97910867200332 -2.862125326512964 4.916323270823341
-2.862125326512964 -5.241171857555207 6.310968373560172
-5.241171857555207 -8.855295288461937 6.264234358881367
-8.855295288461937 -3.0995655256273986 5.027415031407145
-3.0995655256273986 -5.663079857230363 6.310224034532439
-5.663079857230363 -9.090486240269316 6.22824405508436
-9.090486240269316 -2.6712655028373007 4.8064445019335835
-2.6712655028373007 -4.899347450680561 6.311220276715176
-4.899347450680561 -8.504151204828444 6.282065577310277
-8.504151204828444 -3.8815133474679353 5.28787537561584
-3.8815133474679353 -7.008069538569417 6.304928193341766
-7.008069538569417 -7.679482832797285 5.947162205084169
-7.679482832797285 -6.0171823690214135 5.706276257384161
-6.0171823690214135 -9.057399890922394 6.181234727380797
-9.057399890922394 -2.725499789547769 4.840085547592025
-2.725499789547769 -4.996680269572715 6.3111953669649665
-4.996680269572715 -8.61564318967404 6.277782432742242
-8.61564318967404 -3.6190258138390745 5.212834592683066
-3.6190258138390745 -6.566718752197151 6.30730961014342
-6.566718752197151 -8.512367407187842 6.070321075821994
-8.512367407187842 -3.861801542753197 5.282555455851252
-3.861801542753197 -6.975404448089107 6.30513578405953
-6.975404448089107 -7.750636253846946 5.957252870161028
-7.750636253846946 -5.828702983661153 5.676695868067327
-5.828702983661153 -9.104471312301982 6.208442279297742
-9.104471312301982 -2.6490021510518242 4.791972708902904
-2.6490021510518242 -4.8593521878879535 6.311215211557283
-4.8593521878879535 -8.456051153952822 6.28366968845512
-8.456051153952822 -3.9979779168944742 5.3183952252802555
-3.9979779168944742 -7.199211092500837 6.303588664959534
-7.199211092500837 -7.239739797971268 5.88512659144908
-7.239739797971268 -7.1420286713132395 5.871321273873036
-7.1420286713132395 -7.375139919362151 5.904217429975688
-7.375139919362151 -6.80653074583987 5.823536187323043
-6.80653074583987 -8.096311460705767 6.006984211337112
-8.096311460705767 -4.913051359834958 5.518441886029905
-4.913051359834958 -8.520336211230456 6.281495189308771
-8.520336211230456 -3.8427360823687122 5.277365126690711
-3.8427360823687122 -6.943729461443002 6.3053316669975175
-6.943729461443002 -7.818379154860277 5.966893348144367
-7.818379154860277 -5.6487493540463145 5.647675583415548
-5.6487493540463145 -9.086992928371718 6.229789992670703
-9.086992928371718 -2.676888663322091 4.810036089846108
-2.676888663322091 -4.909445727314119 6.311220011171827
-4.909445727314119 -8.51609248517708 6.2816467376324
-8.51609248517708 -3.852882730004628 5.280132968000544
-3.852882730004628 -6.960596698310446 6.305228010074643
-6.960596698310446 -7.782462240559631 5.961777447177155
-7.782462240559631 -5.744198007035546 5.66316963450663
-5.744198007035546 -9.103521253864557 6.219000028380833
-9.103521253864557 -2.65050191778503 4.792960544291418
-2.65050191778503 -4.862047142732259 6.311215876958158
-4.862047142732259 -8.459331874025569 6.283564291530638
-8.459331874025569 -3.9899783515645364 5.3163466827900265
-3.9899783515645364 -7.186189373685006 6.303687230945798
-7.186189373685006 -7.270834873945098 5.889513838126732
-7.270834873945098 -7.066154791687535 5.86057460608572
-7.066154791687535 -7.549887643831861 5.928848442279559
-7.549887643831861 -6.357627530895447 5.757958575559314
-6.357627530895447 -8.790862430063234 6.118215145135764
-8.790862430063234 -3.2322202481438067 5.080877758591669
-3.2322202481438067 -5.896748251326248 6.309656200821337
-5.896748251326248 -9.095478340023224 6.199218392379407
-9.095478340023224 -2.663272628388282 4.801295770390425
-2.663272628388282 -4.884991082224235 6.311219613839057
-4.884991082224235 -8.48703213077004 6.282651327739586
-8.48703213077004 -3.922758325684471 5.298858444461075
-3.922758325684471 -7.0761331469672095 6.304476539109601
-7.0761331469672095 -7.527247627887641 5.925654892846069
-7.527247627887641 -6.416561976308917 5.766712785545678
-6.416561976308917 -8.720906367660241 6.10542267990968
-8.720906367660241 -3.3824076553637337 5.135802216092998
-3.3824076553637337 -6.159125419785735 6.308878239513433
-6.159125419785735 -8.9750306344533 6.157195118641539
-8.9750306344533 -2.8695451495859885 4.920165052324592
-2.8695451495859885 -5.254417340615663 6.310950997270993
-5.254417340615663 -8.866399211215752 6.263369269086979
-8.866399211215752 -3.0772975920227204 5.017909795293235
-3.0772975920227204 -5.6236991395989975 6.310308946282021
-5.6236991395989975 -9.080050243496984 6.232431896743947
-9.080050243496984 -2.6881371229290716 4.817146333429264
-2.6881371229290716 -4.929641714217706 6.311217754599056
-4.929641714217706 -8.539721472254584 6.280791851408139
-8.539721472254584 -3.79657845429293 5.264611087870435
-3.79657845429293 -6.866725846598138 6.305786701828765
-6.866725846598138 -7.977602105805631 5.989730967405194
-7.977602105805631 -5.225948948336936 5.575817292432475
-5.225948948336936 -8.842275507188669 6.265210133911751
-8.842275507188669 -3.1259034597743662 5.038449321727967
-3.1259034597743662 -5.709602809219143 6.310119768015284
-5.709602809219143 -9.099381015374107 6.223046327722841
-9.099381015374107 -2.6570593513062817 4.797257404468837
-2.6570593513062817 -4.873829160559008 6.311218219525472
-4.873829160559008 -8.47360819675666 6.283098993117164
-8.47360819675666 -3.955261141654523 5.307376636563276
-3.955261141654523 -7.129487713478614 6.304103404538182
-7.129487713478614 -7.404424565480899 5.908343769529893
-7.404424565480899 -6.73238333804334 5.812859543839295
-6.73238333804334 -8.235053590970821 6.027500046882778
-8.235053590970821 -4.552677340863312 5.446493781135359
-4.552677340863312 -8.050105412086827 6.293472905563249
-8.050105412086827 -5.034460421161027 5.541197456936061
-5.034460421161027 -8.656643510329584 6.275963396758016
-8.656643510329584 -3.525453690007738 5.183590563850885
-3.525453690007738 -6.406481649895369 6.307985848296084
-6.406481649895369 -8.73335759611083 6.1076503414224135
-8.73335759611083 -3.3552368486203608 5.126254169757885
-3.3552368486203608 -6.111847159277174 6.309030338969023
-6.111847159277174 -9.007029680383962 6.165551950492954
-9.007029680383962 -2.8121121483658014 4.889677190469229
-2.8121121483658014 -5.151800358603712 6.311073361146555
-5.151800358603712 -8.77504544076472 6.269698059972143
-8.77504544076472 -3.265639949012899 5.09357264792925
-3.265639949012899 -5.955345452021548 6.309495990542928
-5.955345452021548 -9.080540976944702 6.190738358411181
-9.080540976944702 -2.6873388710242465 4.816644971026108
-2.6873388710242465 -4.928208693424032 6.311217988091812
-4.928208693424032 -8.538056102350273 6.2808532770650345
-8.538056102350273 -3.8005312740625365 5.265713970162324
-3.8005312740625365 -6.87333742326039 6.305748768427293
-6.87333742326039 -7.96424752715152 5.987803695628827
-7.96424752715152 -5.261322078885493 5.582056968836696
-5.261322078885493 -8.872103766093835 6.26291210072668
-8.872103766093835 -3.0659282582193277 5.012992391020816
-3.0659282582193277 -5.6035763367208435 6.310351152031217
-5.6035763367208435 -9.07371322844933 6.234498814148537
-9.07371322844933 -2.6984883254729968 4.823603979340987
-2.6984883254729968 -4.94822141571169 6.311213751243486
-4.94822141571169 -8.561155815641724 6.279984663451614
-8.561155815641724 -3.7459188292720857 5.250293405610137
-3.7459188292720857 -6.781717672461671 6.306256437317643
-6.781717672461671 -8.143686284857901 6.013940958895546
-8.143686284857901 -4.789215911775095 5.494510291668121
-4.789215911775095 -8.368743101242858 6.286281485998188
-8.368743101242858 -4.2136251770664686 5.371237093881064
-4.2136251770664686 -7.543371728878456 6.3005053356828284
-7.543371728878456 -6.374608793725986 5.760486204155313
-6.374608793725986 -8.77141056302998 6.114586415846134
-8.77141056302998 -3.273365662481038 5.096466796196182
-3.273365662481038 -5.9688749032602 6.309457936054969
-5.9688749032602 -9.076130051530301 6.188708227768075
-9.076130051530301 -2.6945311449638165 4.821144792054838
-2.6945311449638165 -4.941119156410447 6.311215492249175
-4.941119156410447 -8.552997126935178 6.280295594377094
-8.552997126935178 -3.7651541307098872 5.255770297742856
-3.7651541307098872 -6.814053936841483 6.306081610971887
-6.814053936841483 -8.08176471039656 6.00485699683486
-8.08176471039656 -4.95121221599163 5.525666595822258
-4.95121221599163 -8.564578792910034 6.27985226958117
-8.564578792910034 -3.7378663375834518 5.247985561691166
-3.7378663375834518 -6.768159810295237 6.306328374812438
-6.768159810295237 -8.169174649274186 6.01770348228456
-8.169174649274186 -4.722902663276782 5.481369915236428
-4.722902663276782 -8.282965870768852 6.288534274804988
-8.282965870768852 -4.430087283185278 5.420249184855493
-4.430087283185278 -7.872682713565591 6.296389735325647
-7.872682713565591 -5.5043918930616424 5.623768773242773
-5.5043918930616424 -9.032927434553912 6.243995590179111
-9.032927434553912 -2.7669857271121625 4.8644248019045335
-2.7669857271121625 -5.071032520698592 6.311147651773354
-5.071032520698592 -8.6950376018825 6.274114238345646
-8.6950376018825 -3.4394354668309797 5.155335083225509
-3.4394354668309797 -6.258061100191542 6.308541520673316
-6.258061100191542 -8.89325979189522 6.138557534541178
-8.89325979189522 -3.0241905510740374 4.9945510651232325
-3.0241905510740374 -5.529612864110331 6.3104993926754105
-5.529612864110331 -9.044768377302681 6.24168686602934
-9.044768377302681 -2.7467701092614 4.852706151847087
-2.7467701092614 -5.034813069491548 6.311173616122687
-5.034813069491548 -8.657019662547583 6.275946468973416
-8.657019662547583 -3.5246032484878613 5.183317893301137
-3.5246032484878613 -6.4050192974840465 6.307991639478132
-6.4050192974840465 -8.735147335042443 6.107972148070985
-8.735147335042443 -3.3513464950209078 5.124873791763093
-3.3513464950209078 -6.105070629053683 6.3090516902157106
-6.105070629053683 -9.011241536064787 6.166720920038642
-9.011241536064787 -2.8046890951963444 4.885605571878841
-2.8046890951963444 -5.138522635814563 6.311087009460607
-5.138522635814563 -8.762362690581286 6.270456705722609
-8.762362690581286 -3.292669238420304 5.103633509599604
-3.292669238420304 -6.002651861783488 6.309361154373619
-6.002651861783488 -9.063525574033397 6.183519907630398
-9.063525574033397 -2.7152958268259852 4.833920762532216
-2.7152958268259852 -4.978378563733117 6.31120359441411
-4.978378563733117 -8.595309980735632 6.278630973611143
-8.595309980735632 -3.6660516727740813 5.2269958813121775
-3.6660516727740813 -6.646722776543513 6.306938714813441
-6.646722776543513 -8.384326604215664 6.0501691417521215
-8.384326604215664 -4.174763750759842 5.362034147925442
-4.174763750759842 -7.482409662311979 6.3011271331924945
-7.482409662311979 -6.5326737349330815 5.7838193431307445
-6.5326737349330815 -8.563363312174875 6.078593031241326
-8.563363312174875 -3.7407245292362084 5.248805744522542
-3.7407245292362084 -6.772973503627524 6.30630292443675
-6.772973503627524 -8.160157541761649 6.016370740690036
-8.160157541761649 -4.74633575943193 5.4860404081846355
-4.74633575943193 -8.313619035344182 6.287761146690173
-8.313619035344182 -4.3522617630535985 5.403043675010849
-4.3522617630535985 -7.756441958952419 6.298007601260906
-7.756441958952419 -5.813294474851412 5.674242352877627
-5.813294474851412 -9.105285551611095 6.210440276467125
-9.105285551611095 -2.6477182672093766 4.791125548174023
-2.6477182672093766 -4.85704508012858 6.311214602879772
-4.85704508012858 -8.453238106894002 6.283759613841539
-8.453238106894002 -4.004843444006065 5.320147973216081
-4.004843444006065 -7.210373547090651 6.303503255912801
-7.210373547090651 -7.212966657574651 5.881347056856612
-7.212966657574651 -7.20673174788401 5.880466564332892
-7.20673174788401 -7.221713311760828 5.882582035301311
-7.221713311760828 -7.185659180135365 5.877489784827048
-7.185659180135365 -7.272097748964837 5.889691961943754
-7.272097748964837 -7.063057436972824 5.8601353012854815
-7.063057436972824 -7.556893385109607 5.92983692328562
-7.556893385109607 -6.339352668818212 5.7552335787404445
-6.339352668818212 -8.811153304247213 6.122068450946244
-8.811153304247213 -3.1898300999084706 5.064347931089287
-3.1898300999084706 -5.82226008157235 6.309849322315131
-5.82226008157235 -9.104866061491071 6.2092818453747896
-9.104866061491071 -2.6483795442672062 4.791562061800505
-2.6483795442672062 -4.858233387548851 6.311214920882776
-4.858233387548851 -8.454687520023116 6.283713331366016
-8.454687520023116 -4.001305278039479 5.319245309539838
-4.001305278039479 -7.2046224876646985 6.303547366405837
-7.2046224876646985 -7.226774008792097 5.883296485182655
-7.226774008792097 -7.173437562376665 5.875762612486142
-7.173437562376665 -7.301138721551041 5.893787371423969
-7.301138721551041 -6.991503097621348 5.849971591698704
-6.991503097621348 -7.715729680705445 5.9522986042065895
-7.715729680705445 -5.921262070378486 5.691319149795163
-5.921262070378486 -9.090048730522952 6.195732088388468
-9.090048730522952 -2.6719684091096716 4.806894831315731
-2.6719684091096716 -4.900609834595811 6.311220275958476
-4.900609834595811 -8.5056485401961 6.282013528434618
-8.5056485401961 -3.877916951679392 5.286908235357259
-3.877916951679392 -7.00211627321663 6.304966458490526
-7.00211627321663 -7.692546003396896 5.9490124634467065
-7.692546003396896 -5.982639427658958 5.70091206968209
-5.982639427658958 -9.071268765341818 6.186614606413059
-9.071268765341818 -2.7025025318631344 4.826086718196166
-2.7025025318631344 -4.955425244545037 6.3112117259152
-4.955425244545037 -8.569386758943354 6.27966624902183
-8.569386758943354 -3.7265735036388774 5.244733861240093
-3.7265735036388774 -6.749125780745165 6.3064280390462955
-6.749125780745165 -8.204475618543631 6.022939420698094
-8.204475618543631 -4.63146508918773 5.462849804825964
-4.63146508918773 -8.160004161183172 6.29132758139167
-8.160004161183172 -4.746734615372601 5.486119646986481
-4.746734615372601 -8.314137604833054 6.287747774244053
-8.314137604833054 -4.350949484985877 5.402749718021369
-4.350949484985877 -7.754459933828461 6.2980334655658226
-7.754459933828461 -5.818555217157827 5.675080659260857
-5.818555217157827 -9.105057691208001 6.209761835641984
-9.105057691208001 -2.6480774174912924 4.791362672127434
-2.6480774174912924 -4.85769047144785 6.311214776869747
-4.85769047144785 -8.454025445036155 6.283734486161848
-8.454025445036155 -4.002921279700822 5.319657750136685
-4.002921279700822 -7.207249600391402 6.303527244621364
-7.207249600391402 -7.220470268332479 5.882406545497361
-7.220470268332479 -7.188657866681981 5.877913481293945
-7.188657866681981 -7.264951774275629 5.888683954188309
-7.264951774275629 -7.080567762082929 5.862618174178351
-7.080567762082929 -7.517151610031309 5.924231133656576
-7.517151610031309 -6.4427793730390155 5.770591214983142
-6.4427793730390155 -8.687593671955938 6.099552689149277
-8.687593671955938 -3.455986535244486 5.160881041374523
-3.455986535244486 -6.286697121905631 6.308439193722734
-6.286697121905631 -8.865863192038908 6.1328703768667765
-8.865863192038908 -3.078368370420572 5.018370655576291
-3.078368370420572 -5.6255937714588065 6.31030493126309
-5.6255937714588065 -9.08061220925778 6.232234771639924
-9.08061220925778 -2.6872230409856974 4.816572180505318
-2.6872230409856974 -4.928000752974572 6.311218021182867
-4.928000752974572 -8.537814302850245 6.280862180465192
-8.537814302850245 -3.801105392536306 5.265873987234954
-3.801105392536306 -6.874297443836063 6.305743243043253
-6.874297443836063 -7.962303328766728 5.987523322371999
-7.962303328766728 -5.2664739658552335 5.582961928856093
-5.2664739658552335 -8.876322269353897 6.262568563215609
-8.876322269353897 -3.0575518388037373 5.009340983262518
-3.0575518388037373 -5.58874386169546 6.3103817494775285
-5.58874386169546 -9.068614908948625 6.235991351488337
-9.068614908948625 -2.7068739545274876 4.828776918831863
-2.7068739545274876 -4.963269226844288 6.311209229948872
-4.963269226844288 -8.57829780664687 6.279316028361791
-8.57829780664687 -3.705699055327935 5.238675849424908
-3.705699055327935 -6.713880157644911 6.306608577600855
-6.713880157644911 -8.26832401448814 6.032491201731318
-8.26832401448814 -4.467432618672483 5.42835164690041
-4.467432618672483 -7.927504235227834 6.29555146824714
-7.927504235227834 -5.358768233724591 5.599015186628094
-5.358768233724591 -8.946228572801527 6.25601434874261
-8.946228572801527 -2.9227609458277994 4.946938092303753
-2.9227609458277994 -5.349308385191503 6.310814075943199
-5.349308385191503 -8.939571461145652 6.256722338490363
-8.939571461145652 -2.9352594027761367 4.953036939594313
-2.9352594027761367 -5.371566708111779 6.310778960272728
-5.371566708111779 -8.9550439335807 6.255043532997661
-8.9550439335807 -2.9063240702702307 4.938810562773142
-2.9063240702702307 -5.320019636060782 6.31085858935694
-5.320019636060782 -8.918211877268611 6.2588605252385605
-8.918211877268611 -2.975850777585483 4.972381230145402
-2.975850777585483 -5.443778049513137 6.31065766064421
-5.443778049513137 -9.000543267262792 6.249262964905938
-9.000543267262792 -2.823606778367572 4.8959208797168685
-2.823606778367572 -5.17235444907967 6.311051196178596
-5.17235444907967 -8.794300127145613 6.268497300290619
-8.794300127145613 -3.2249999377464778 5.078096693345287
-3.2249999377464778 -5.884073316273626 6.30968988550012
-5.884073316273626 -9.097827427867507 6.200986722651578
-9.097827427867507 -2.659529025442097 4.79886639831966
-2.659529025442097 -4.878266042515389 6.31121886807523
-4.878266042515389 -8.478956078226087 6.282921849677223
-8.478956078226087 -3.9422958920552604 5.303992934306734
-3.9422958920552604 -7.108235403725544 6.304254116723314
-7.108235403725544 -7.4536966174842965 5.915286568750162
-7.4536966174842965 -6.606559041641521 5.794615546357818
-6.606559041641521 -8.450021449486997 6.060410227873945
-8.450021449486997 -4.012701124980017 5.322147952647356
-4.012701124980017 -7.223133922826098 6.303404568956466
-7.223133922826098 -7.182230560916882 5.877005310678214
-7.182230560916882 -7.2802584190722825 5.890842965018237
-7.2802584190722825 -7.043013345523861 5.85729115617869
-7.043013345523861 -7.601975211556032 5.9362013479621965
-7.601975211556032 -6.2213617165207555 5.7375134090470965
-6.2213617165207555 -8.925927980457779 6.145653518549807
-8.925927980457779 -2.961101947786686 4.965432410863286
-2.961101947786686 -5.417554026480995 6.3107029919628985
-5.417554026480995 -8.984867676929493 6.251422641238605
-8.984867676929493 -2.8516964979090274 4.9108762331234175
-2.8516964979090274 -5.222548875491131 6.310992042112048
-5.222548875491131 -8.839330020810642 6.265425858728122
-8.839330020810642 -3.131895586663292 5.040929142371169
-3.131895586663292 -5.720178628021052 6.310095465538325
-5.720178628021052 -9.100873263709726 6.221826015440456
-9.100873263709726 -2.654691833510556 4.795710207661614
-2.654691833510556 -4.8695755564794805 6.311217478789331
-4.8695755564794805 -8.468466639194911 6.2832678289705655
-8.468466639194911 -3.967746729232506 5.310617646508035
-3.967746729232506 -7.149914619239369 6.303955872368533
-7.149914619239369 -7.356647547425793 5.901611577253789
-7.356647547425793 -6.853087763209747 5.830214930385409
-6.853087763209747 -8.00495506265203 5.99368636681902
-8.00495506265203 -5.153587352404378 5.562906503633712
-5.153587352404378 -8.776737976831416 6.269594564837462
-8.776737976831416 -3.262048335118981 5.0922220734355506
-3.262048335118981 -5.949053584643313 6.309513550470001
-5.949053584643313 -9.082468630075898 6.191673173336312
-9.082468630075898 -2.6842079130987213 4.814673776563723
-2.6842079130987213 -4.92258771048793 6.311218797629408
-4.92258771048793 -8.531507072568775 6.281093080724531
-8.531507072568775 -3.816098662454129 5.2700378495428595
-3.816098662454129 -6.8993448367639125 6.305597513644898
-6.8993448367639125 -7.911129103880272 5.980161110317567
-7.911129103880272 -5.402243039108233 5.606476428241876
-5.402243039108233 -8.97526430173905 6.252651155984495
-8.97526430173905 -2.8691192211532197 4.919945265872229
-2.8691192211532197 -5.253657091728139 6.31095200648997
-5.253657091728139 -8.865767591871757 6.263419323753624
-8.865767591871757 -3.078559390982235 5.018452829841408
-3.078559390982235 -5.625931752453248 6.310304214217467
-5.625931752453248 -9.080711826856218 6.232199560916342
-9.080711826856218 -2.6870610708851133 4.816470377212681
-2.6870610708851133 -4.927709979876892 6.3112180667958455
-4.927709979876892 -8.537476121990228 6.280874626492732
-8.537476121990228 -3.801908438932323 5.2660977392151835
-3.801908438932323 -6.875640157369772 6.305735507630743
-6.875640157369772 -7.959581963600167 5.987130959962087
-7.959581963600167 -5.273686129916372 5.584227180494054
-5.273686129916372 -8.882173174952609 6.262083799098036
-8.882173174952609 -3.0459782847571097 5.0042554175743135
-3.0459782847571097 -5.568240590289645 6.310423328046454
-5.568240590289645 -9.060978319499366 6.238011881156126
-9.060978319499366 -2.7195300821753103 4.836487795735593
-2.7195300821753103 -4.9859737185119615 6.311200362295494
-4.9859737185119615 -8.603784878819997 6.278281348160817
-8.603784878819997 -3.6464027315751792 5.221120365611569
-3.6464027315751792 -6.613339354528685 6.307096346019534
-6.613339354528685 -8.439129205536595 6.058698919521703
-8.439129205536595 -4.039364472597619 5.328886880881328
-4.039364472597619 -7.266310490239108 6.303062112019688
-7.266310490239108 -7.077241417655125 5.862146644351014
-7.077241417655125 -7.524726450131975 5.925299323731451
-7.524726450131975 -6.423112770666285 5.767682767196675
-6.423112770666285 -8.71270820906486 6.103966299626336
-8.71270820906486 -3.4003970834658244 5.142036551100318
-3.4003970834658244 -6.190378607068164 6.3087746203673305
-6.190378607068164 -8.95136435849683 6.151476476799871
-8.95136435849683 -2.913169073225677 4.9422101727177505
-2.913169073225677 -5.3322189605208 6.310840285826998
-5.3322189605208 -8.92724491908877 6.257979583664564
-8.92724491908877 -2.958594284329141 4.964242002351966
-2.958594284329141 -5.4130937063365785 6.310710558165738
-5.4130937063365785 -8.982104072416124 6.251783018873539
-8.982104072416124 -2.8566937865621433 4.913493302185088
-2.8566937865621433 -5.2314735072321055 6.3109808119770605
-5.2314735072321055 -8.847032123722212 6.264858446775179
-8.847032123722212 -3.1162529810683504 5.034431889260304
-3.1162529810683504 -5.692563436449963 6.310158454689372
-5.692563436449963 -9.096561417861993 6.22498204891599
-9.096561417861993 -2.661545193532487 4.800176199154521
-2.661545193532487 -4.881887980963223 6.3112193049746566
-4.881887980963223 -8.483310114886425 6.2827764573157765
-8.483310114886425 -3.9317563334223813 5.30122847705934
-3.9317563334223813 -7.090929162434069 6.304374795399781
-7.090929162434069 -7.4934813639829505 5.9208939129603095
-7.4934813639829505 -6.504082316910855 5.779623500020534
-6.504082316910855 -8.604533148261511 6.085398627517861
-8.604533148261511 -3.6446711887892054 5.220599761458288
-3.6446711887892054 -6.610394353740724 6.307110052097414
-6.610394353740724 -8.44387018621262 6.059443108468258
-8.44387018621262 -4.027748428673171 5.3259599931916455
-4.027748428673171 -7.247523954152532 6.3032127609913005
-7.247523954152532 -7.123106449358663 5.86864365330257
-7.123106449358663 -7.419266422602526 5.910435002326267
-7.419266422602526 -6.6946180385938 5.807401259109611
-6.6946180385938 -8.30236600208468 6.037631952101947
-8.30236600208468 -4.3807743321692225 5.409398724892526
-4.3807743321692225 -7.799330161070595 6.297434305852221
-7.799330161070595 -5.699379425130969 5.655923807884392
-5.699379425130969 -9.097750551412188 6.224212079621793
-9.097750551412188 -2.659651360831617 4.798945968883345
-2.659651360831617 -4.878485816635499 6.3112188969389535
-4.878485816635499 -8.479220572061843 6.282913047740294
-8.479220572061843 -3.941655230126477 5.3038252481710515
-3.941655230126477 -7.107184184631208 6.304261499120912
-7.107184184631208 -7.456122003044056 5.9156283584816265
-7.456122003044056 -6.600333186439875 5.793708316348784
-6.600333186439875 -8.459951357693175 6.061975322765647
-8.459951357693175 -3.98846872239213 5.315959331579506
-3.98846872239213 -7.183730140279448 6.303705717728008
-7.183730140279448 -7.276690484652214 5.890339759847848
-7.276690484652214 -7.0517830085720234 5.858535791587201
-7.0517830085720234 -7.582305775273288 5.93342370242317
-7.582305775273288 -6.272921783629755 5.745284447846643
-6.272921783629755 -8.879250353622172 6.1356225891722715
-8.879250353622172 -3.0517534086861797 5.00679899824172
-3.0517534086861797 -5.578472951322502 6.310402681912819
-5.578472951322502 -9.06487435212645 6.237009657721501
-9.06487435212645 -2.713058912103554 4.83255948414444
-2.713058912103554 -4.974365753320846 6.3112051953721675
-4.974365753320846 -8.590811540795407 6.278814266028348
-8.590811540795407 -3.6765090237412252 5.230099112101016
-3.6765090237412252 -6.664462855259969 6.306853226356907
-6.664462855259969 -8.354421386410056 6.045566441454866
-8.354421386410056 -4.249472424419439 5.379611231248418
-4.249472424419439 -7.59914668737373 6.29990281262144
-7.59914668737373 -6.2287834004876865 5.73863472686935
-6.2287834004876865 -8.919543388846938 6.144235912055592
-8.919543388846938 -2.9732988600804426 4.971185280512145
-2.9732988600804426 -5.4392417877564245 6.310665604862152
-5.4392417877564245 -8.997902257677643 6.249641587965016
-8.997902257677643 -2.8283086353079154 4.898453777466784
-2.8283086353079154 -5.1807597507128245 6.311041778775689
-5.1807597507128245 -8.80203958646326 6.267996884947934
-8.80203958646326 -3.208801753315033 5.071806615611422
-3.208801753315033 -5.855619114592124 6.309764269099105
-5.855619114592124 -9.101972846082665 6.204872441252519
-9.101972846082665 -2.6529502169146304 4.794569052173756
-2.6529502169146304 -4.866446323036571 6.311216858506668
-4.866446323036571 -8.464675095893199 6.283391420482076
-8.464675095893199 -3.976966772649597 5.313000087480759
-3.976966772649597 -7.164973944720325 6.3038453935296275
-7.164973944720325 -7.321170211957435 5.896611376228975
-7.321170211957435 -6.941793681272621 5.8428921109079965
-6.941793681272621 -7.822477987008439 5.967477870406583
-7.822477987008439 -5.6378536064545015 5.6458915823095595
-5.6378536064545015 -9.084103148602484 6.230948489654111
-9.084103148602484 -2.681558904381384 4.813000104244566
-2.681558904381384 -4.917831606392143 6.3112193478955305
-4.917831606392143 -8.525945070551936 6.281294578846428
-8.525945070551936 -3.829348411918983 5.27369365782215
-3.829348411918983 -6.921440889844693 6.3054664030787535
-6.921440889844693 -7.865279628027974 5.97359130372206
-7.865279628027974 -5.524069547560962 5.62706302832521
-5.524069547560962 -9.04225004316134 6.2422002129023895
-9.04225004316134 -2.7510473145869274 4.8552075586922
-2.7510473145869274 -5.042478212240789 6.31116853520507
-5.042478212240789 -8.665171466703807 6.275566032083589
-8.665171466703807 -3.5062097082354913 5.177388757823792
-3.5062097082354913 -6.373365882641897 6.308115398984228
-6.373365882641897 -8.772853778766104 6.114853627776029
-8.772853778766104 -3.2702961745042294 5.0953187178165535
-3.2702961745042294 -5.963500301634586 6.309473101689946
-5.963500301634586 -9.077925817796269 6.189517975290073
-9.077925817796269 -2.691598364309363 4.819314639280492
-2.691598364309363 -4.935854979124359 6.311216615511512
-4.935854979124359 -8.54692208073724 6.280524152927683
-8.54692208073724 -3.779515096353142 5.259826776258706
-3.779515096353142 -6.838149307223735 6.3059482901662705
-6.838149307223735 -8.034611909230922 5.997987811708299
-8.034611909230922 -5.075289798367957 5.54870414477773
-5.075289798367957 -8.69942195544914 6.273892592304037
-8.69942195544914 -3.4297162730108357 5.152053098528995
-3.4297162730108357 -6.241228684844309 6.308600627562555
-6.241228684844309 -8.908584600397713 6.14183899560885
-8.908584600397713 -2.9943859107235298 4.980989303563547
-2.9943859107235298 -5.476711240795211 6.310598710006161
-5.476711240795211 -9.01881633227852 6.246449741440301
-9.01881633227852 -2.791420679434375 4.8782485227129655
-2.791420679434375 -5.114781129216468 6.311110050533898
-5.114781129216468 -8.739216661280024 6.2717806368964375
-8.739216661280024 -3.342515344172864 5.121727748730336
-3.342515344172864 -6.089681266879224 6.309099767182488
-6.089681266879224 -9.020458314428287 6.169348916628223
-9.020458314428287 -2.7885584033653723 4.876647895536735
-2.7885584033653723 -5.109658241957016 6.311114786112739
-5.109658241957016 -8.734144665551538 6.272060920615331
-8.734144665551538 -3.353525523814115 5.1256473715475295
-3.353525523814115 -6.108866454864139 6.309039744090114
-6.108866454864139 -9.00889385300215 6.166067017307796
-9.00889385300215 -2.808822716448588 4.887876775181212
-2.808822716448588 -5.145916908771045 6.311079474849976
-5.145916908771045 -8.76944907408607 6.2700358534711995
-8.76944907408607 -3.2775416864859896 5.098024984174117
-3.2775416864859896 -5.976185411347474 6.309437205243739
-5.976185411347474 -9.073595196593923 6.187599865887023
-9.073595196593923 -2.6986818812532984 4.823723964887904
-2.6986818812532984 -4.948568785800328 6.311213659515488
-4.948568785800328 -8.561553743029862 6.279969379858812
-8.561553743029862 -3.7449821728452806 5.250025419452868
-3.7449821728452806 -6.7801412664840655 6.306264842452947
-6.7801412664840655 -8.146664424692023 6.014379842672497
-8.146664424692023 -4.781455754798922 5.492984700133093
-4.781455754798922 -8.358862162293605 6.286555650462105
-8.358862162293605 -4.238343842273159 5.3770231094022165
-4.238343842273159 -7.581880071295607 6.300092925914214
-7.581880071295607 -6.274036377578597 5.745451958697231
-6.274036377578597 -8.878181497330022 6.135401032384834
-8.878181497330022 -3.0538685504413428 5.007727629956207
-3.0538685504413428 -5.582219876661399 6.3103950697986875
-5.582219876661399 -9.06625876327468 6.236639604147058
-9.06625876327468 -2.7107666064676215 4.831160782938241
-2.7107666064676215 -4.9702533159046824 6.311206758437038
-4.9702533159046824 -8.586186567305788 6.279001091301325
-8.586186567305788 -3.6872804010263764 5.2332785314793
-3.6872804010263764 -6.682715791619623 6.306763990643958
-6.682715791619623 -8.323094275908325 6.0407803000707645
-8.323094275908325 -4.328307368181239 5.397657097040792
-4.328307368181239 -7.720152006878183 6.298472682792635
-7.720152006878183 -5.909544686971839 5.689478569664061
-5.909544686971839 -9.092790281874354 6.197409398620948
-9.092790281874354 -2.667570207286617 4.804070533973572
-2.667570207286617 -4.892710518682543 6.3112201249969075
-4.892710518682543 -8.496257744488242 6.282337774289772
-8.496257744488242 -3.9005021409930034 5.292956475386745
-3.9005021409930034 -7.039454033802032 6.304723214590922
-7.039454033802032 -7.609933831855021 5.937325644168595
-7.609933831855021 -6.200466900207897 5.734351450177201
-6.200466900207897 -8.943297858066174 6.14959728258691
-8.943297858066174 -2.9282541988057584 4.949627146386774
-2.9282541988057584 -5.359092592646377 6.31079877508455
-5.359092592646377 -8.946454626027345 6.2559901847998844
-8.946454626027345 -2.9223378306895373 4.94673041018541
-2.9223378306895373 -5.348554673910887 6.310815245822596
-5.348554673910887 -8.93903593930532 6.256778363887861
-8.93903593930532 -2.9362680067903337 4.953526104640332
-2.9362680067903337 -5.3733624362998285 6.310776079662901
-5.3733624362998285 -8.956263104188729 6.254906027017569
-8.956263104188729 -2.904061110823959 4.9376818943201215
-2.904061110823959 -5.315985831978984 6.310864566381497
-5.315985831978984 -8.915182656822445 6.259148818717222
-8.915182656822445 -2.981666990502433 4.975097147747874
-2.981666990502433 -5.454115071715109 6.3106393978814594
-5.454115071715109 -9.006450000495779 6.248392207373399
-9.006450000495779 -2.8131363098074655 4.890236498395097
-2.8131363098074655 -5.153632032953861 6.311071436510247
-5.153632032953861 -8.776780080498922 6.269592362375988
-8.776780080498922 -3.261959036700943 5.092188452581468
-3.261959036700943 -5.948897132434969 6.309513986023376
-5.948897132434969 -9.082515564494097 6.191696343048534
-9.082515564494097 -2.684131773404226 4.814625746352249
-2.684131773404226 -4.922451011759418 6.311218815179018
-4.922451011759418 -8.531347474483429 6.281098890111025
-8.531347474483429 -3.8164784912184655 5.270142959932855
-3.8164784912184655 -6.899978769537038 6.305593785647943
-6.899978769537038 -7.9098228064274005 5.979973602115933
-7.9098228064274005 -5.405712166562753 5.607069129633601
-5.405712166562753 -8.977469042041527 6.252374804018473
-8.977469042041527 -2.8651050891335683 4.917869439297647
-2.8651050891335683 -5.246491602695335 6.3109614482018515
-5.246491602695335 -8.859780230092758 6.263888693298213
-8.859780230092758 -3.090549637711147 5.023586349627294
-3.090549637711147 -5.647140419920079 6.310258771845838
-5.647140419920079 -9.086578848009776 6.22996213172155
-9.086578848009776 -2.677556837290316 4.810461200126156
-2.677556837290316 -4.910645561750899 6.311219940529554
-4.910645561750899 -8.517505736190401 6.281596594300936
-8.517505736190401 -3.8495020258258914 5.2792121741658775
-3.8495020258258914 -6.954979261482117 6.305262695786951
-6.954979261482117 -7.794463977659413 5.963485735213908
-7.794463977659413 -5.712310686752855 5.658019680173311
-5.712310686752855 -9.099781987964173 6.222735126655607
-9.099781987964173 -2.6564227427768583 4.796841833522194
-2.6564227427768583 -4.87268542101793 6.3112180319512845
-4.87268542101793 -8.472227098195393 6.283144485860248
-8.472227098195393 -3.958612985605954 5.308248386158084
-3.958612985605954 -7.134975258566458 6.304064030970039
-7.134975258566458 -7.391629328887698 5.9065408954556915
-7.391629328887698 -6.764841752677229 5.81753961200593
-6.764841752677229 -8.175369146865972 6.018620101742272
-8.175369146865972 -4.706822350314951 5.478147408524819
-4.706822350314951 -8.26172192050698 6.289050833154761
-8.26172192050698 -4.484306521407798 5.43198114457482
-4.484306521407798 -7.9520590203486 6.295158711633121
-7.9520590203486 -5.293628610904456 5.5877160636664485
-5.293628610904456 -8.898016369306792 6.260719750687713
-8.898016369306792 -3.014900593775993 4.990360115472868
-3.014900593775993 -5.513131112687777 6.310530940747412
-5.513131112687777 -9.037141162555903 6.243203698111756
-9.037141162555903 -2.7597613813555197 4.860267025644134
-2.7597613813555197 -5.058091543341127 6.311157490985352
-5.058091543341127 -8.681600855737624 6.274779020823189
-8.681600855737624 -3.46935591961572 5.1653219690706464
-3.46935591961572 -6.309801826239878 6.308354975328257
-6.309801826239878 -8.842545961225769 6.1281855881316005
-8.842545961225769 -3.125353881765122 5.038221320843149
-3.125353881765122 -5.708632669157875 6.310121986105514
-5.708632669157875 -9.09923420891196 6.223157542895933
-9.09923420891196 -2.6572925124438687 4.797409525199328
-2.6572925124438687 -4.874248056593372 6.311218286224175
-4.874248056593372 -8.474113767649147 6.283082313813793
-8.474113767649147 -3.9540345142969104 5.307057305559283
-3.9540345142969104 -7.1274788207686 6.304117770938319
-7.1274788207686 -7.409101286947372 5.9090027255006135
-7.409101286947372 -6.720496500057399 5.811143060811446
-6.720496500057399 -8.256490853307657 6.030712398300238
-8.256490853307657 -4.497691269153816 5.434846474970982
-4.497691269153816 -7.971438252176257 6.294840774666227
-7.971438252176257 -5.2422722459588025 5.578702369857638
-5.2422722459588025 -8.85622589835091 6.264162734929414
-8.85622589835091 -3.097692350838252 5.026621764358424
-3.097692350838252 -5.659768796748148 6.310231291769014
-5.659768796748148 -9.089710288005062 6.228603549170657
-9.089710288005062 -2.6725124188579823 4.80724309047946
-2.6725124188579823 -4.901586832960808 6.311220268966281
-4.901586832960808 -8.506806483616637 6.281973185599782
-8.506806483616637 -3.875136972292876 5.286159588016744
-3.875136972292876 -6.9975124748711295 6.304995916871121
-6.9975124748711295 -7.702619204496982 5.9504398873323225
-7.702619204496982 -5.955982055149502 5.696755524542823
-5.955982055149502 -9.08034155968354 6.190643363173876
-9.08034155968354 -2.6876631952055856 4.81684872986807
-2.6876631952055856 -4.928790923427218 6.311217894610309
-4.928790923427218 -8.538732943464325 6.280828334347461
-8.538732943464325 -3.798924478076622 5.265265900270606
-3.798924478076622 -6.870650240835322 6.305764211014321
-6.870650240835322 -7.969682679075656 5.98858777370333
-7.969682679075656 -5.2469224516622095 5.579522474494297
-5.2469224516622095 -8.860142108162457 6.263860278464563
-8.860142108162457 -3.089823449655727 5.023276801708562
-3.089823449655727 -5.645856267870041 6.310261548620474
-5.645856267870041 -9.086245215094435 6.230099176136719
-9.086245215094435 -2.678095449681511 4.81080362447392
-2.678095449681511 -4.911612728494995 6.311219877716212
-4.911612728494995 -8.518644070497887 6.281556115660351
-8.518644070497887 -3.8467801631156595 5.278469806762587
-3.8467801631156595 -6.9504547758476924 6.305290513701038
-6.9504547758476924 -7.804101626374446 5.9648583882371895
-7.804101626374446 -5.6866987404732345 5.653864326312032
-5.6866987404732345 -9.095473220314881 6.225639549040352
-9.095473220314881 -2.6632807996814853 4.8013010605136515
-2.6632807996814853 -4.885005760523244 6.31121961514873
-4.885005760523244 -8.487049718384654 6.28265073451621
-8.487049718384654 -3.922715833096421 5.298847230165848
-3.922715833096421 -7.076063228009327 6.30447701675439
-7.076063228009327 -7.527406640005901 5.925677318540693
-7.527406640005901 -6.416148730479815 5.766651575671858
-6.416148730479815 -8.721420721560149 6.10551432234206
-8.721420721560149 -3.3812816144178637 5.135409694390546
-3.3812816144178637 -6.157167824278421 6.308884647558443
-6.157167824278421 -8.976446411107867 6.157548151611991
-8.976446411107867 -2.866965924940887 4.918832737625053
-2.866965924940887 -5.249813446458016 6.310957087232964
-5.249813446458016 -8.862563590374961 6.263671638640517
-8.862563590374961 -3.0849691494130513 5.021203089410847
-3.0849691494130513 -5.637271025629089 6.310280028825218
-5.637271025629089 -9.08394296314037 6.231010171264643
-9.08394296314037 -2.6818182747106847 4.813164217361191
-2.6818182747106847 -4.918297301642448 6.311219299510412
-4.918297301642448 -8.52649050806674 6.281274905813916
-8.52649050806674 -3.828047923006915 5.273335814119491
-3.828047923006915 -6.91927374234806 6.305479369679233
-6.91927374234806 -7.869805198612154 5.974238762159075
-7.869805198612154 -5.512040209389369 5.625050560636737
-5.512040209389369 -9.036621594082135 6.243302842856792
-9.036621594082135 -2.7606503614103826 4.860780437797075
-2.7606503614103826 -5.059684129722019 6.311156313138781
-5.059684129722019 -8.683263345207736 6.274697823464521
-8.683263345207736 -3.465643092796669 5.164092122497095
-3.465643092796669 -6.303387792183054 6.308378505316796
-6.303387792183054 -8.849127283166721 6.129494736058405
-8.849127283166721 -3.112012490262906 5.0326572851336095
-3.112012490262906 -5.685073603492486 6.310175277641974
-5.685073603492486 -9.095161044720056 6.225821144485963
-9.095161044720056 -2.6637791450514565 4.801623587423819
-2.6637791450514565 -4.885900945188713 6.311219693045132
-4.885900945188713 -8.488122007533283 6.282614539195492
-8.488122007533283 -3.9201255837926117 5.298163252664381
-3.9201255837926117 -7.071800325446042 6.304506087151822
-7.071800325446042 -7.53709159032427 5.927043312593014
-7.53709159032427 -6.390960755711748 5.762916140629386
-6.390960755711748 -8.752138544641253 6.111048325234151
-8.752138544641253 -3.3146059830067944 5.111668320729223
-3.3146059830067944 -6.040986919901038 6.309248184523312
-6.040986919901038 -9.046444984396762 6.177421537475311
-9.046444984396762 -2.7439292226676573 4.851038093729585
-2.7439292226676573 -5.029721397486836 6.311176863906439
-5.029721397486836 -8.651573737990297 6.276197043480352
-8.651573737990297 -3.536930448765978 5.187257734694867
-3.536930448765978 -6.426205931908227 6.307907092581445
-6.426205931908227 -8.708808093784214 6.10327626990329
-8.708808093784214 -3.408982591345669 5.144987972322269
-3.408982591345669 -6.205280189432212 6.308724332950078
-6.205280189432212 -8.939375795470715 6.148695044408669
-8.939375795470715 -2.935627865310993 4.953215692432423
-2.935627865310993 -5.372222730676807 6.310777908627642
-5.372222730676807 -8.955489833119033 6.254993334739993
-8.955489833119033 -2.905496124534202 4.938397894249647
-2.905496124534202 -5.318543834422927 6.310860780460644
-5.318543834422927 -8.917106043174785 6.258966171866632
-8.917106043174785 -2.9779723239282982 4.973373479064321
-2.9779723239282982 -5.447548918468263 6.310651024119579
-5.447548918468263 -9.002715996062806 6.2489466059196275
-9.002715996062806 -2.8197480104341093 4.893833066511434
-2.8197480104341093 -5.16545529425737 6.311058774081175
-5.16545529425737 -8.787888887334084 6.2689039551478345
-8.787888887334084 -3.2384782059394217 5.083276983394171
-3.2384782059394217 -5.907729542947756 6.309626740534441
-5.907729542947756 -9.093190994664814 6.197667528322199
-9.093190994664814 -2.666928629905253 4.803657245640352
-2.666928629905253 -4.89155815133896 6.311220071707794
-4.89155815133896 -8.494883576345496 6.282384788850322
-8.494883576345496 -3.903812971303053 5.293838075405802
-3.903812971303053 -7.04491770930497 6.3046869627942215
-7.04491770930497 -7.5977112333201084 5.9355990992698935
-7.5977112333201084 -6.232548935700965 5.739203287834243
-6.232548935700965 -8.916260992694182 6.143513287934184
-8.916260992694182 -2.9795948704183512 4.974131119517551
-2.9795948704183512 -5.450432630432888 6.310645929079328
-5.450432630432888 -9.004363622969224 6.248703679200844
-9.004363622969224 -2.8168274959602875 4.892247408177354
-2.8168274959602875 -5.16023305865462 6.311064417852322
-5.16023305865462 -8.783001089942738 6.269209334313928
-8.783001089942738 -3.248789895834059 5.08720799965522
-3.248789895834059 -5.925815467624345 6.309577656596957
-5.925815467624345 -9.088910850446347 6.195074943672807
-9.088910850446347 -2.673798347213736 4.808065367600648
-2.673798347213736 -4.903896204504352 6.311220230301842
-4.903896204504352 -8.50954046537901 6.2818776148196775
-8.50954046537901 -3.8685775716529767 5.2843894738616655
-3.8685775716529767 -6.9866429370591945 6.305065011685656
-6.9866429370591945 -7.726301156674569 5.953798161302984
-7.726301156674569 -5.893247266095091 5.686913508216094
-5.893247266095091 -9.096158297153801 6.199709056483698
-9.096158297153801 -2.662187864207639 4.800593007181305
-2.662187864207639 -4.883042466722628 6.311219426934258
-4.883042466722628 -8.484695760946806 6.282729964856117
-8.484695760946806 -3.928405261453497 5.300346892996458
-3.928405261453497 -7.085421026342297 6.304412824363681
-7.085421026342297 -7.5060785878010705 5.92266985122842
-7.5060785878010705 -6.471486407540821 5.774827108005411
-6.471486407540821 -8.649591801985197 6.092999172607961
-8.649591801985197 -3.541424401436422 5.188687373440189
-3.541424401436422 -6.4339241301567345 6.307875945676642
-6.4339241301567345 -8.698995013504204 6.1015476988541195
-8.698995013504204 -3.430661758754174 5.152373200340662
-3.430661758754174 -6.242866681795473 6.308594909154635
-6.242866681795473 -8.90711869501969 6.141521667050256
-8.90711869501969 -2.9972210328616242 4.982294018191169
-2.9972210328616242 -5.481746384683235 6.310589501044888
-5.481746384683235 -9.02146884926333 6.246009512098681
-9.02146884926333 -2.786799330661423 4.875661776430206
-2.786799330661423 -5.106509627849722 6.311117653982365
-5.106509627849722 -8.731013822705355 6.272232250223169
-8.731013822705355 -3.36033730733899 5.128058829832298
-3.36033730733899 -6.120728853165608 6.309002185458667
-6.120728853165608 -9.001367269958369 6.164008917323372
-9.001367269958369 -2.8221423487495825 4.895129508935497
-2.8221423487495825 -5.16973627768545 6.311054088095261
-5.16973627768545 -8.791873313053 6.268652054823178
-8.791873313053 -3.23009544178423 5.080060781314387
-3.23009544178423 -5.893018794954588 6.309666147571988
-5.893018794954588 -9.096201853148992 6.199741114782228
-9.096201853148992 -2.6621184095904016 4.800547978265968
-2.6621184095904016 -4.882917700179318 6.3112194141504006
-4.882917700179318 -8.484546063880941 6.2827349927974865
-8.484546063880941 -3.92876721970829 5.300442176419892
-3.92876721970829 -7.086016103939571 6.3044087246162235
-7.086016103939571 -7.504719168187448 5.92247818918986
-7.504719168187448 -6.475007222736377 5.7753458607403445
-6.475007222736377 -8.64482212980726 6.0921863530165865
-8.64482212980726 -3.552256182767681 5.192118789731467
-3.552256182767681 -6.45251507269729 6.30780015054188
-6.45251507269729 -8.674883567754572 6.09734491747804
-8.674883567754572 -3.484388465634036 5.170274614429218
-3.484388465634036 -6.335751982144641 6.3082585830416065
-6.335751982144641 -8.815072361485477 6.122821367534925
-8.815072361485477 -3.1817065065206007 5.06112325508002
-3.1817065065206007 -5.807965203707931 6.309885065536946
-5.807965203707931 -9.105463557390818 6.211123756635061
-9.105463557390818 -2.647437771480713 4.790940278151538
-2.647437771480713 -4.856541026844704 6.3112144649931
-4.856541026844704 -8.45262296853238 6.283779223369493
-8.45262296853238 -4.006345525235148 5.320530789998884
-4.006345525235148 -7.212814089864195 6.303484468291572
-7.212814089864195 -7.207098752484416 5.880518403566384
-7.207098752484416 -7.220832376958854 5.8824576619445
-7.220832376958854 -7.187784458671047 5.877790077283862
-7.187784458671047 -7.267033962962775 5.88897767868184
-7.267033962962775 -7.075469651837011 5.861895451722376
-7.075469651837011 -7.528756348149744 5.925867662430392
-7.528756348149744 -6.412640668261886 5.766131864394993
-6.412640668261886 -8.725773630131737 6.106291176576633
-8.725773630131737 -3.3717645500362794 5.132081287243636
-3.3717645500362794 -6.140616516083054 6.308938443573425
-6.140616516083054 -8.988102927717833 6.160508757406205
-8.988102927717833 -2.84586342196664 4.907805086986627
-2.84586342196664 -5.212129613785016 6.3110048868111335
-5.212129613785016 -8.830220181555086 6.266080035100458
-8.830220181555086 -3.150505698854132 5.04856055341952
-3.150505698854132 -5.753003877089506 6.310018611729902
-5.753003877089506 -9.104232023248498 6.217945055512246
-9.104232023248498 -2.649379718960448 4.792221577241435
-2.649379718960448 -4.860030654771163 6.311215383655508
-4.860030654771163 -8.45687762100218 6.283643190392468
-8.45687762100218 -3.995961946519374 5.317879610709497
-3.995961946519374 -7.1959310521990965 6.303613600677636
-7.1959310521990965 -7.247586408723696 5.886233908669965
-7.247586408723696 -7.1229544242554965 5.8686221268362715
-7.1229544242554965 -7.419619518781289 5.910484754531353
-7.419619518781289 -6.693718111175057 5.807271014411526
-6.693718111175057 -8.30394149309318 6.037870750864386
-8.30394149309318 -4.376778299140912 5.408511713401822
-4.376778299140912 -7.7933399236479906 6.29751597372524
-7.7933399236479906 -5.715297544460882 5.658503174556245
-5.715297544460882 -9.100209200921702 6.222390905255452
-9.100209200921702 -2.6557448354499966 4.7963989322961424
-2.6557448354499966 -4.871467464032378 6.311217822832987
-4.871467464032378 -8.470755246664094 6.28319285386533
-8.470755246664094 -3.962186676640035 5.309176475020649
-3.962186676640035 -7.14082294207795 6.3040218639871455
-7.14082294207795 -7.377962082931569 5.904615106912388
-7.377962082931569 -6.79940715323425 5.822512636128522
-6.79940715323425 -8.110007551038517 6.0089907516448875
-8.110007551038517 -4.877178151789125 5.511587337721721
-4.877178151789125 -8.477646624230236 6.282964715712296
-8.477646624230236 -3.9454684685111263 5.304822645768581
-3.9454684685111263 -7.113439603028685 6.304217469456489
-7.113439603028685 -7.441672907927872 5.913592233649979
-7.441672907927872 -6.637380225888151 5.799100297204859
-6.637380225888151 -8.39985859257714 6.052573585220671
-8.39985859257714 -4.136185027416281 5.352765256575367
-4.136185027416281 -7.421403531811827 6.30171377654915
-7.421403531811827 -6.689170220754851 5.806612684871652
-6.689170220754851 -8.311882866034976 6.039075662229152
-8.311882866034976 -4.3566563351496095 5.4040271327248774
-4.3566563351496095 -7.763074241437865 6.297920655975759
-7.763074241437865 -5.795688109726523 5.671431953567662
-5.795688109726523 -9.105672071231579 6.212683038407704
-9.105672071231579 -2.6471092851746523 4.790723224687099
-2.6471092851746523 -4.855950729821804 6.311214301502332
-4.855950729821804 -8.451902330121898 6.283802171361458
-8.451902330121898 -4.008105574893103 5.320979051626637
-4.008105574893103 -7.21567301791681 6.30346240758081
-7.21567301791681 -7.200218460287389 5.8795466423471225
-7.200218460287389 -7.237328045302269 5.884786202608666
-7.237328045302269 -7.147881403414269 5.872149170339981
-7.147881403414269 -7.361421070201334 5.902284254931146
-7.361421070201334 -6.841090098849703 5.828495580652088
-6.841090098849703 -8.028799010715483 5.997143591681379
-8.028799010715483 -5.090622170662171 5.551504969545931
-5.090622170662171 -8.715060770599422 6.273085543325578
-8.715060770599422 -3.3952267893804127 5.140251752767654
-3.3952267893804127 -6.181400282551876 6.308804642627365
-6.181400282551876 -8.958368004924624 6.153135218148236
-8.958368004924624 -2.900160015331472 4.93573059438495
-2.900160015331472 -5.3090311756753685 6.310874782437168
-5.3090311756753685 -8.909910916101468 6.25964239458699
-8.909910916101468 -2.9918236765204007 4.979807465686463
-2.9918236765204007 -5.472160215180827 6.31060698901274
-5.472160215180827 -9.016386355358208 6.2468453144756495
-9.016386355358208 -2.795665688838546 4.880613474961137
-2.795665688838546 -5.122377950597375 6.311102872045012
-5.122377950597375 -8.746687604961046 6.271361498635088
-8.746687604961046 -3.326354312673057 5.115924689991516
-3.326354312673057 -6.061495394476561 6.309186355712882
-6.061495394476561 -9.036087494320657 6.174066396044509
-9.036087494320657 -2.761564735456995 4.861307990708156
-2.761564735456995 -5.061322163422714 6.311155091840192
-5.061322163422714 -8.684970682983304 6.2746141299794544
-8.684970682983304 -3.4618332796947433 5.162827400083188
-3.4618332796947433 -6.296804288467227 6.30840253639326
-6.296804288467227 -8.85579599572152 6.13083158601512
-8.85579599572152 -3.098557522026905 5.026988296194759
-3.098557522026905 -5.661298128031461 6.3102279424638255
-5.661298128031461 -9.090071024404931 6.228437674093584
-9.090071024404931 -2.671932582283708 4.80687188799493
-2.671932582283708 -4.9005454919834595 6.311220276154927
-4.9005454919834595 -8.505572253699302 6.282016183584346
-8.505572253699302 -3.8781001376660944 5.286957534968678
-3.8781001376660944 -7.002419578670154 6.3049645135834
-7.002419578670154 -7.6918814793210135 5.94891831750283
-7.6918814793210135 -5.98439738247258 5.701185656027519
-5.98439738247258 -9.070620682967286 6.186345175476163
-9.070620682967286 -2.703568769090635 4.826744176578359
-2.703568769090635 -4.957338563538581 6.3112111446025665
-4.957338563538581 -8.571565309924294 6.279581161405076
-8.571565309924294 -3.721463471360194 5.243256584326446
-3.721463471360194 -6.740505073258062 6.306472673706594
-6.740505073258062 -8.220276015667823 6.025292967722635
-8.220276015667823 -4.590702924057054 5.454435446314164
-4.590702924057054 -8.103577505375645 6.292465935010114
-8.103577505375645 -4.894012953689081 5.514811794848356
-4.894012953689081 -8.497809923171776 6.282283906322846
-8.497809923171776 -3.8967642291593205 5.291959617570683
-3.8967642291593205 -7.033282541081369 6.304763958542026
-7.033282541081369 -7.623699360222824 5.939270835027855
-7.623699360222824 -6.16428470292851 5.728858159753145
-6.16428470292851 -8.971261692827435 6.1562617234449135
-8.971261692827435 -2.8764282334227396 4.923704349865147
-2.8764282334227396 -5.266701466643688 6.310934487853956
-5.266701466643688 -8.876507689884308 6.262553643384308
-8.876507689884308 -3.057184272009597 5.009180195476802
-3.057184272009597 -5.588092863061659 6.310383082432963
-5.588092863061659 -9.068382907421608 6.236056262590864
-9.068382907421608 -2.707256766116049 4.829011839676241
-2.707256766116049 -4.963956090307423 6.311208997089125
-4.963956090307423 -8.579075544970378 6.279285185562912
-8.579075544970378 -3.7038806321466815 5.238145174851525
-3.7038806321466815 -6.710806081206425 6.306624081596965
-6.710806081206425 -8.273797657579934 6.03331540212821
-8.273797657579934 -4.453459080038617 5.425331276164798
-4.453459080038617 -7.907067518087978 6.295870049223595
-7.907067518087978 -5.413029816546071 5.608318073231203
-5.413029816546071 -8.982064349529198 6.251787937959307
-8.982064349529198 -2.8567657131348785 4.913530876037839
-2.8567657131348785 -5.23160194891086 6.310980648791883
-5.23160194891086 -8.847142286505994 6.264850232648314
-8.847142286505994 -3.116029860491359 5.034338658013439
-3.116029860491359 -5.692169385787271 6.310159342647239
-5.692169385787271 -9.096490183460903 6.225026373140281
-9.096490183460903 -2.6616587340956324 4.800249861211341
-2.6616587340956324 -4.882091945178397 6.311219327086292
-4.882091945178397 -8.483554995710081 6.282768248769571
-8.483554995710081 -3.9311640006517674 5.301072741480311
-3.9311640006517674 -7.089955743893895 6.304381529196689
-7.089955743893895 -7.495709906364635 5.921208070496505
-7.495709906364635 -6.498320826470619 5.778776724961062
-6.498320826470619 -8.612643876870163 6.086754350413685
-8.612643876870163 -3.6259372761202657 5.214937476128398
-3.6259372761202657 -6.578500000772543 6.3072564574176795
-6.578500000772543 -8.494227888825858 6.067416159494314
-8.494227888825858 -3.9053932685195534 5.294258423440624
-3.9053932685195534 -7.0475246924038 6.304669605131494
-7.0475246924038 -7.5918674546879235 5.934773809509352
-7.5918674546879235 -6.24787220494909 5.741514526576793
-6.24787220494909 -8.902605112729162 6.140549231196928
-8.902605112729162 -3.0059716590850774 4.986301362107042
-3.0059716590850774 -5.497283505195094 6.310560759578948
-5.497283505195094 -9.029414058440109 6.244633882364724
-9.029414058440109 -2.7730348382246794 4.867881023856171
-2.7730348382246794 -5.081866065429388 6.311138952529291
-5.081866065429388 -8.706158413033581 6.273548880235467
-8.706158413033581 -3.41482545075984 5.1469878429343225
-3.41482545075984 -6.215416171822688 6.308689797719126
-6.215416171822688 -8.930961470511884 6.146782861309475
-8.930961470511884 -2.951532528254635 4.960875553988444
-2.951532528254635 -5.400530671331944 6.310731642668543
-5.400530671331944 -8.97416977586239 6.252787356810586
-8.97416977586239 -2.8711151391343517 4.920974414111697
-2.8711151391343517 -5.257219547105496 6.310947264282731
-5.257219547105496 -8.86872126226835 6.263184347269998
-8.86872126226835 -3.072663854310012 5.015910964306386
-3.072663854310012 -5.615499105809684 6.310326241677103
-5.615499105809684 -9.077549011411598 6.2332800495496485
-9.077549011411598 -2.692213219045199 4.819698866616818
-2.692213219045199 -4.9369586432459425 6.311216391957714
-4.9369586432459425 -8.548197703504796 6.2804763680615
-8.548197703504796 -3.7764969365676953 5.258976533077657
-3.7764969365676953 -6.833088680729452 6.305976510615437
-6.833088680729452 -8.044585607583217 5.999437581842358
-8.044585607583217 -5.049000193492695 5.543878792450414
-5.049000193492695 -8.672063299231585 6.275238798829378
-8.672063299231585 -3.490714575490275 5.172346121653391
-3.490714575490275 -6.346663283046212 6.308217473888362
-6.346663283046212 -8.803116411386917 6.120533481960592
-8.803116411386917 -3.2065543534608163 5.070928261280642
-3.2065543534608163 -5.851669210636158 6.309774460714834
-5.851669210636158 -9.102425689932279 6.205402723280713
-9.102425689932279 -2.6522336834850466 4.794098820020736
-2.6522336834850466 -4.865158860138998 6.311216584494105
-4.865158860138998 -8.463112913090844 6.283442118903622
-8.463112913090844 -3.980768729498156 5.31397983237548
-3.980768729498156 -7.171177517406398 6.303799453038664
-7.171177517406398 -7.306494190710966 5.89454244569788
-7.306494190710966 -6.978240753257649 5.848084395605838
-6.978240753257649 -7.74450926572004 5.9563826625817455
-7.74450926572004 -5.8449602941855865 5.679278497394989
-5.8449602941855865 -9.103126726886334 6.206298246928782
-9.103126726886334 -2.6511252652716872 4.793370557359594
-2.6511252652716872 -4.8631672174386065 6.311216139081807
-4.8631672174386065 -8.460693742852998 6.283520373857755
-8.460693742852998 -3.9866599702511567 5.31549491117039
-3.9866599702511567 -7.180782854662275 6.303727820246422
-7.180782854662275 -7.283701036289068 5.8913284877853584
-7.283701036289068 -7.034542689963613 5.856088550455752
-7.034542689963613 -7.620892090061522 5.938874069637677
-7.620892090061522 -6.171667680612204 5.729980938915105
-6.171667680612204 -8.96577347341953 6.154918760694272
-8.96577347341953 -2.8864949560807345 4.928838798979996
-2.8864949560807345 -5.284661776030181 6.310909681080375
-5.284661776030181 -8.89095390615216 6.2613376877998235
-8.89095390615216 -3.0287066678978745 4.9965768097754335
-3.0287066678978745 -5.537622658468806 6.310483864384878
-5.537622658468806 -9.04832278936804 6.240938754352101
-9.04832278936804 -2.740753803579611 4.8491672829550225
-2.740753803579611 -5.024029638281181 6.311180372227682
-5.024029638281181 -8.645456904718644 6.276475147227757
-8.645456904718644 -3.55081326761596 5.191662859157077
-3.55081326761596 -6.450039554760551 6.30781030653452
-6.450039554760551 -8.678132757376934 6.097907738127105
-8.678132757376934 -3.477110976579951 5.167882298352197
-3.477110976579951 -6.323192946907376 6.308305474216468
-6.323192946907376 -8.828537977973335 6.12543101781921
-8.828537977973335 -3.1539549365395296 5.0499634627922205
-3.1539549365395296 -5.759084297652437 6.310004138344084
-5.759084297652437 -9.104640781166152 6.217210485556279
-9.104640781166152 -2.648734821885449 4.791796429490205
-2.648734821885449 -4.8588718097298775 6.3112150878077955
-4.8588718097298775 -8.455465770675906 6.283688435461954
-8.455465770675906 -3.9994061250167072 5.318760251109779
-3.9994061250167072 -7.201534187254907 6.303570960095385
-7.201534187254907 -7.23417674050258 5.884341429809865
-7.23417674050258 -7.155521719492742 5.873229719414667
-7.155521719492742 -7.3434630073783955 5.899753493031312
-7.3434630073783955 -6.886150189144005 5.834946984272392
-6.886150189144005 -7.938194329988639 5.9840507195622195
-7.938194329988639 -5.330400880613154 5.59411255390296
-5.330400880613154 -8.925911076774213 6.258111471986922
-8.925911076774213 -2.961134153583584 4.965447682392551
-2.961134153583584 -5.417611307159805 6.310702894523274
-5.417611307159805 -8.984902985154694 6.251417999956175
-8.984902985154694 -2.8516327385778326 4.910842759250954
-2.8516327385778326 -5.222434997781461 6.310992183971393
-5.222434997781461 -8.839231138512048 6.265433056643815
-8.839231138512048 -3.132096960737773 5.041012286914338
-3.132096960737773 -5.720533987666873 6.310094645115896
-5.720533987666873 -9.100919956592254 6.221784758934518
-9.100919956592254 -2.654617826769678 4.795661768097489
-2.654617826769678 -4.8694425882320935 6.311217453730933
-4.8694425882320935 -8.46830568407383 6.283273091350566
-8.46830568407383 -3.96813791021742 5.310718914231984
-3.96813791021742 -7.150553979035343 6.303951211710228
-7.150553979035343 -7.355145661542396 5.901399927053717
-7.355145661542396 -6.856859598993244 5.830755216557009
-6.856859598993244 -7.997416488971542 5.992595141004131
-7.997416488971542 -5.173517472652573 5.566482523776358
-5.173517472652573 -8.795375865325452 6.2684280221074005
-8.795375865325452 -3.22274373133669 5.077224811255292
-3.22274373133669 -5.880111568667484 6.309700344194425
-5.880111568667484 -9.098497926878661 6.2015346887055784
-9.098497926878661 -2.658462555814508 4.798172212314967
-2.658462555814508 -4.876350114176785 6.311218603463203
-4.876350114176785 -8.47664867421528 6.282998473398038
-8.47664867421528 -3.9478872095883712 5.305454456924053
-3.9478872095883712 -7.117405587824811 6.304189429385588
-7.117405587824811 -7.432491598754678 5.91229850029049
-7.432491598754678 -6.660865873339746 5.802510572815663
-6.660865873339746 -8.360528354879339 6.04650356957427
-8.360528354879339 -4.234171433960838 5.376050079641573
-4.234171433960838 -7.57539501181809 6.300163486717793
-7.57539501181809 -6.291008520076105 5.748000143415993
-6.291008520076105 -8.861594139009679 6.132002657439443
-8.861594139009679 -3.0869115580551036 5.022033809378627
-3.0869115580551036 -5.640706581660316 6.310272651062405
-5.640706581660316 -9.084879212152257 6.230646706448169
-9.084879212152257 -2.680303041161218 4.81220473319263
-2.680303041161218 -4.915576679732415 6.3112195650537615
-4.915576679732415 -8.523301477466946 6.281389662886795
-8.523301477466946 -3.835655075834202 5.275425998195715
-3.835655075834202 -6.931945323224878 6.305403217302228
-6.931945323224878 -7.843256247778144 5.970443458427326
-7.843256247778144 -5.582615824588206 5.636797004015534
-5.582615824588206 -9.066403758498161 6.236600237942184
-9.066403758498161 -2.7105267410659915 4.831014205657993
-2.7105267410659915 -4.969822977854383 6.31120691740216
-4.969822977854383 -8.585701730009902 6.279020581969235
-8.585701730009902 -3.68841072821018 5.2336111819095095
-3.68841072821018 -6.68463003947255 6.306754556339001
-6.68463003947255 -8.319776466076284 6.04027541015239
-8.319776466076284 -4.33668948018933 5.399546961605665
-4.33668948018933 -7.732876873268023 6.2983116266696015
-7.732876873268023 -5.875813622610905 5.684163057405385
-5.875813622610905 -9.09919108054853 6.202126508076617
-9.09919108054853 -2.6573610181727405 4.7974542116353405
-2.6573610181727405 -4.874371133161596 6.311218305614602
-4.874371133161596 -8.474262283980192 6.283077411426348
-8.474262283980192 -3.953674217692853 5.306963477014506
-3.953674217692853 -7.126888679397802 6.3041219866863685
-7.126888679397802 -7.410474386026148 5.909196197062556
-7.410474386026148 -6.717004175993473 5.810638495713647
-6.717004175993473 -8.262745644680804 6.0316521230270155
-8.262745644680804 -4.481688655000422 5.431419317857944
-4.481688655000422 -7.948258503082573 6.295220229876577
-7.948258503082573 -5.303706127205025 5.58947373542469
-5.303706127205025 -8.905832772714446 6.260017083550338
-8.905832772714446 -2.999710840606235 4.983437238515762
-2.999710840606235 -5.486167746865682 6.3105813720903825
-5.486167746865682 -9.02376676139815 6.245620704678004
-9.02376676139815 -2.7828063103115377 4.873416445603652
-2.7828063103115377 -5.099361747561078 6.3111240430152975
-5.099361747561078 -8.723868330798206 6.272618564275035
-8.723868330798206 -3.375927488695573 5.13353959871165
-3.375927488695573 -6.147857704706515 6.308914991961501
-6.147857704706515 -8.9830722478178 6.1592188283393625
-8.9830722478178 -2.8549415578767263 4.9125771283579525
-2.8549415578767263 -5.228344392102082 6.310984773139353
-5.228344392102082 -8.844342309410447 6.2650581382913515
-8.844342309410447 -3.1217062488383154 5.036705650141812
-3.1217062488383154 -5.702193018893971 6.310136662352306
-5.702193018893971 -9.09821762641959 6.223892691210494
-9.09821762641959 -2.658908279157889 4.798462456747075
-2.658908279157889 -4.8771508687937 6.311218716931762
-4.8771508687937 -8.477613398293482 6.282966472739645
-8.477613398293482 -3.94554898624061 5.304843688536494
-3.94554898624061 -7.113571650058662 6.3042165374645265
-7.113571650058662 -7.441367472000372 5.913549193937797
-7.441367472000372 -6.638162222329775 5.799213945880183
-6.638162222329775 -8.398564304367381 6.052372841135366
-8.398564304367381 -4.139393808463467 5.35354136267415
-4.139393808463467 -7.426495649790965 6.301666106301127
-7.426495649790965 -6.6761797418054565 5.804731045864173
-6.6761797418054565 -8.334376407614801 6.042499965806201
-8.334376407614801 -4.299850524632701 5.391200347468839
-4.299850524632701 -7.676745181798149 6.299006253837433
-7.676745181798149 -6.024417451485275 5.707396724479622
-6.024417451485275 -9.054191277900598 6.180084915911721
-9.054191277900598 -2.7308736780703327 4.843303075656877
-2.7308736780703327 -5.006316659795285 6.311190443084342
-5.006316659795285 -8.62622684438735 6.277327248069923
-8.62622684438735 -3.5947083995286664 5.2053749962869915
-3.5947083995286664 -6.525206389859215 6.307493016392982
-6.525206389859215 -8.574262935961416 6.080382987602206
-8.574262935961416 -3.7151418836776857 5.24142394556111
-3.7151418836776857 -6.729833818459672 6.306527495493356
-6.729833818459672 -8.239670704208052 6.028190857694426
-8.239670704208052 -4.540816630025786 5.44399798730592
-4.540816630025786 -8.033268276806325 6.293776582955616
-8.033268276806325 -5.078833174470716 5.549352297530277
-5.078833174470716 -8.703057136526507 6.273707532542176
-8.703057136526507 -3.421674345505256 5.149323150770215
-3.421674345505256 -6.227291901760943 6.30864899194421
-6.227291901760943 -8.920835529872004 6.144521561298461
-8.920835529872004 -2.9708251113913735 4.970023435576877
-2.9708251113913735 -5.434844016069453 6.310673265608784
-5.434844016069453 -8.995313549224448 6.25000662774255
-8.995313549224448 -2.8329295009803155 4.900931305644917
-2.8329295009803155 -5.189018947276417 6.311032329940645
-5.189018947276417 -8.809567465970112 6.267499786343251
-8.809567465970112 -3.1931232233867575 5.065649823802232
-3.1931232233867575 -5.828053096463042 6.309834717583726
-5.828053096463042 -9.104514679278001 6.208527322458394
-9.104514679278001 -2.6489337360551537 4.791927601014322
-2.6489337360551537 -4.859229249591072 6.311215180023282
-4.859229249591072 -8.455901359796982 6.283674487349344
-8.455901359796982 -3.998343358097943 5.318488646327751
-3.998343358097943 -7.199805562423518 6.303584137931466
-7.199805562423518 -7.238316682987373 5.884925743244821
-7.238316682987373 -7.145482792797206 5.871809892640158
-7.145482792797206 -7.367047400308361 5.903077097325877
-7.367047400308361 -6.826930738407952 5.826464897421829
-6.826930738407952 -8.056671635623013 6.001196628152684
-8.056671635623013 -5.017173721309273 5.537997673607606
-5.017173721309273 -8.638048748151673 6.276806847068656
-8.638048748151673 -3.5676787056922734 5.196969717937463
-3.5676787056922734 -6.478955016758113 6.307690448746143
-6.478955016758113 -8.639445912032768 6.0912726447641035
-8.639445912032768 -3.5644936024494216 5.195971208413539
-3.5644936024494216 -6.473497502779506 6.30771327803086
-6.473497502779506 -8.646870279213916 6.092535164352739
-8.646870279213916 -3.5476020043868344 5.190646876624669
-3.5476020043868344 -6.444529082969122 6.307832843624055
-6.444529082969122 -8.685322922551657 6.09915705248568
-8.685322922551657 -3.4610476803869514 5.162566261104075
-3.4610476803869514 -6.295446501251644 6.308407477365108
-6.295446501251644 -8.857160446370505 6.131106431108492
-8.857160446370505 -3.095812516775963 5.025824523108895
-3.095812516775963 -5.656445660327999 6.310238553676754
-5.656445660327999 -9.088912632460321 6.228962978981144
-9.088912632460321 -2.67379547938279 4.808063535201654
-2.67379547938279 -4.9038910543116625 6.311220230461913
-4.9038910543116625 -8.509534373100545 6.281877828179859
-8.509534373100545 -3.8685921815601048 5.284393422298308
-3.8685921815601048 -6.986667157624752 6.30506485850492
-6.986667157624752 -7.7262485447726155 5.953790696468786
-7.7262485447726155 -5.893386728396724 5.686935483390698
-5.893386728396724 -9.09613166534406 6.199689541004773
-9.09613166534406 -2.6622303333344886 4.800620538750081
-2.6622303333344886 -4.883118757098022 6.3112194345958414
-4.883118757098022 -8.48478728934558 6.282726890014601
-8.48478728934558 -3.9281839600278703 5.300288629237912
-3.9281839600278703 -7.085057180279761 6.30441533006524
-7.085057180279761 -7.50690958884941 5.922787014082132
-7.50690958884941 -6.469333782690012 5.774509861221304
-6.469333782690012 -8.652496305653715 6.093495156652352
-8.652496305653715 -3.5348399667303125 5.186591493096785
-3.5348399667303125 -6.4226145979980656 6.307921522020479
-6.4226145979980656 -8.713334626982263 6.104077332514862
-8.713334626982263 -3.3990197590212303 5.141561642332817
-3.3990197590212303 -6.187987177246286 6.308782637162949
-6.187987177246286 -8.953245955154914 6.151919547315629
-8.953245955154914 -2.9096659519459824 4.940473019298224
-2.9096659519459824 -5.3259760170939225 6.310849695204524
-5.3259760170939225 -8.92264644562187 6.258432108996203
-8.92264644562187 -2.9673626972133142 4.968393041104719
-2.9673626972133142 -5.428687857240343 6.310683921707096
-5.428687857240343 -8.991643145541147 6.250514293067681
-8.991643145541147 -2.8395016867289997 4.904435239630402
-2.8395016867289997 -5.200763602279916 6.311018566208077
-5.200763602279916 -8.820139332199853 6.266783620456408
-8.820139332199853 -3.1712345584623947 5.056938530986372
-3.1712345584623947 -5.789528694717749 6.3099305468276725
-5.789528694717749 -9.105671217760145 6.213457708188798
-9.105671217760145 -2.647110629525782 4.7907241131179035
-2.647110629525782 -4.855953145659312 6.311214302048029
-4.855953145659312 -8.451905279940425 6.283802077356086
-8.451905279940425 -4.008098369636379 5.320977217219479
-4.008098369636379 -7.215661315756737 6.303462497977307
-7.215661315756737 -7.200246636816396 5.879550622434181
-7.200246636816396 -7.237260575093123 5.884776680046343
-7.237260575093123 -7.148045069184898 5.872172319570382
-7.148045069184898 -7.3610369654097 5.9022301275181235
-7.3610369654097 -6.842056028062459 5.828634049117682
-6.842056028062459 -8.026886993183236 5.996866029840021
-8.026886993183236 -5.095666988614786 5.55242439815629
-5.095666988614786 -8.720154451278104 6.272816400225565
-8.720154451278104 -3.3840543353391 5.136375736925402
-3.3840543353391 -6.161987856812885 6.308868852225714
-6.161987856812885 -8.972946323111774 6.156677812621638
-8.972946323111774 -2.873348616892504 4.922123705291597
-2.873348616892504 -5.261205708330554 6.310941920281039
-5.261205708330554 -8.872007987195794 6.262920140354254
-8.872007987195794 -3.066118749009414 5.013075146060146
-3.066118749009414 -5.603913579037101 6.310350451225531
-5.603913579037101 -9.0738249514224 6.234464574619778
-9.0738249514224 -2.698305140738567 4.823490397022397
-2.698305140738567 -4.947892656618963 6.311213837478135
-4.947892656618963 -8.56077911213964 6.279999121659785
-8.56077911213964 -3.7468056586057683 5.250547024210391
-3.7468056586057683 -6.783210065629678 6.30624846995488
-6.783210065629678 -8.140863351769966 6.0135251243336825
-8.140863351769966 -4.796574466144368 5.495954019352212
-4.796574466144368 -8.378073083441787 6.286018844788487
-8.378073083441787 -4.190340155466616 5.365738727559801
-4.190340155466616 -7.506904994830189 6.300881718387245
-7.506904994830189 -6.4693456907432445 5.774511621173588
-6.4693456907432445 -8.652480262684156 6.093492415144283
-8.652480262684156 -3.534876311496016 5.18660308275139
-3.534876311496016 -6.422677041772196 6.3079212714437745
-6.422677041772196 -8.713256137540128 6.104063421895262
-8.713256137540128 -3.399192311266714 5.141621161070361
-3.399192311266714 -6.188286790254938 6.3087816335464595
-6.188286790254938 -8.953010859069321 6.151864086612477
-8.953010859069321 -2.910103324391363 4.940690214330971
-2.910103324391363 -5.326755508437356 6.310848525281472
-5.326755508437356 -8.923223379888867 6.258375802957744
-8.923223379888867 -2.966260723644383 4.967873106477782
-2.966260723644383 -5.426728366841624 6.310687296929245
-5.426728366841624 -8.990463492294426 6.250675069743011
-8.990463492294426 -2.8416190454037427 4.9055591920841835
-2.8416190454037427 -5.204546801459353 6.31101405195659
-5.204546801459353 -8.823511253899254 6.266550585183722
-8.823511253899254 -3.1642853368259654 5.054143979119544
-3.1642853368259654 -5.777288443790476 6.309960360071273
-5.777288443790476 -9.105461455271517 6.2149815930606565
-9.105461455271517 -2.64744108355636 4.790942466330307
-2.64744108355636 -4.856546978693195 6.311214466717502
-4.856546978693195 -8.452630233216452 6.283778991928557
-8.452630233216452 -4.006327784283636 5.320526269919355
-4.006327784283636 -7.2127852682854785 6.303484690346522
-7.2127852682854785 -7.207168079103079 5.8805281941604335
-7.207168079103079 -7.2206659566872675 5.882434165840095
-7.2206659566872675 -7.188185878944242 5.877846794151992
-7.188185878944242 -7.266077068667479 5.888842695232597
-7.266077068667479 -7.077812962084536 5.862227662350051
-7.077812962084536 -7.523425752129875 5.925115893209295
-7.523425752129875 -6.426491405312073 5.7681828087734175
-6.426491405312073 -8.708447180699117 6.103212468566198
-8.708447180699117 -3.409777972846451 5.145260625780793
-3.409777972846451 -6.206660240839416 6.3087196466949536
-6.206660240839416 -8.93824251918431 6.1484356591972755
-8.93824251918431 -2.93776320534891 4.954250447095546
-2.93776320534891 -5.376024369229566 6.310771796488552
-5.376024369229566 -8.958062305273954 6.2547016195821925
-8.958062305273954 -2.9007261155229735 4.936014194958261
-2.9007261155229735 -5.31004045168133 6.31087330673472
-5.31004045168133 -8.910679804718505 6.259571037007845
-8.910679804718505 -2.9903395744598935 4.979121739364928
-2.9903395744598935 -5.4695239332375305 6.310611765467911
-5.4695239332375305 -9.014964673946936 6.247073451100732
-9.014964673946936 -2.798154303753804 4.881994998067967
-2.798154303753804 -5.126831059559505 6.31109857854608
-5.126831059559505 -8.751038756901098 6.271113850889378
-8.751038756901098 -3.316973395486161 5.112528616009513
-3.316973395486161 -6.045120843550623 6.309235800406896
-6.045120843550623 -9.044425813064327 6.176750457198068
-9.044425813064327 -2.747351219152946 4.8530467016171315
-2.747351219152946 -5.035854529377716 6.311172939305834
-5.035854529377716 -8.658130542918977 6.27589500653994
-8.658130542918977 -3.5220925343148806 5.182512150480761
-3.5220925343148806 -6.400701462926657 6.3080087003836525
-6.400701462926657 -8.740407303817038 6.108920331695117
-8.740407303817038 -3.339935221440792 5.12080527850776
-3.339935221440792 -6.085183379630188 6.309113711417012
-6.085183379630188 -9.023060888272726 6.170110019855201
-9.023060888272726 -2.7840318459625166 4.874106601171661
-2.7840318459625166 -5.101555668337619 6.311122100152716
-5.101555668337619 -8.726067106817027 6.272500379331177
-8.726067106817027 -3.3711237070744775 5.131856461681309
-3.3711237070744775 -6.139501622502683 6.308942042807757
-6.139501622502683 -8.988867940596476 6.160706625734747
-8.988867940596476 -2.844486822726622 4.907077704643598
-2.844486822726622 -5.20967036726738 6.311007876196527
-5.20967036726738 -8.828051617953504 6.266233152033237
-8.828051617953504 -3.154952918797642 5.0503687092568725
-3.154952918797642 -5.76084336607927 6.309999937177054
-5.76084336607927 -9.104746498637166 6.2169970519826165
-9.104746498637166 -2.6485680874785174 4.7916864525395795
-2.6485680874785174 -4.858572194161422 6.3112150098822895
-4.858572194161422 -8.455100572041065 6.283700121930451
-8.455100572041065 -4.00029725813959 5.318987900718639
-4.00029725813959 -7.202983417201101 6.303559896470688
-7.202983417201101 -7.23070392971815 5.883851239013893
-7.23070392971815 -7.163932117759609 5.87441891207709
-7.163932117759609 -7.323631402952474 5.8969582990248455
-7.323631402952474 -6.935666882993326 5.842018389455916
-6.935666882993326 -7.835419162985674 5.9693244223090005
-7.835419162985674 -5.603450668881803 5.6402373216697015
-5.603450668881803 -9.07367157387468 6.2345114101990475
-9.07367157387468 -2.6985566300390063 4.823646324730362
-2.6985566300390063 -4.948344000547152 6.31121371890913
-4.948344000547152 -8.561296253726297 6.279979270686454
-8.561296253726297 -3.7455882446605595 5.250198836067284
-3.7455882446605595 -6.781161312857966 6.306259404926095
-6.781161312857966 -8.144737792401788 6.014095896047365
-8.144737792401788 -4.786475641777757 5.4939719351314125
-4.786475641777757 -8.3652588159417 6.2863786271555
-8.3652588159417 -4.222334825032059 5.373281722633692
-4.222334825032059 -7.556964440437902 6.300361555760901
-7.556964440437902 -6.339167234416014 5.755205906694755
-6.339167234416014 -8.811355768631753 6.122107274866721
-8.811355768631753 -3.1894099114150403 5.064181595262198
-3.1894099114150403 -5.821520842280767 6.309851181053091
-5.821520842280767 -9.104906357731284 6.209377792692976
-9.104906357731284 -2.6483160062287583 4.7915201361174695
-2.6483160062287583 -4.85811921121867 6.311214890687552
-4.85811921121867 -8.454548303292269 6.283717781610903
-8.454548303292269 -4.001645053410826 5.319332050756202
-4.001645053410826 -7.205174912743467 6.303543139169051
-7.205174912743467 -7.225448962351561 5.883109429611068
-7.225448962351561 -7.176639618937456 5.876215182935994
-7.176639618937456 -7.293543070472762 5.892716376925819
-7.293543070472762 -7.010277834364537 5.852641300873074
-7.010277834364537 -7.674626547610019 5.946474590913567
-7.674626547610019 -6.030015571138415 5.708262954183738
-6.030015571138415 -9.051636171678796 6.17918975923385
-9.051636171678796 -2.7351672807484286 4.845859590335749
-2.7351672807484286 -5.014014813619544 6.311186225953861
-5.014014813619544 -8.63462023450643 6.276959390568663
-8.63462023450643 -3.575503105305763 5.199415350536583
-3.575503105305763 -6.49235517553196 6.307633980533865
-6.49235517553196 -8.620976022039569 6.0881525917720865
-8.620976022039569 -3.606758991908618 5.209083547917544
-3.606758991908618 -6.545789789308248 6.3074028250193805
-6.545789789308248 -8.54396884271528 6.0754278335298295
-8.54396884271528 -3.786507979688563 5.2617921022101655
-3.786507979688563 -6.849867531438611 6.305882489832584
-6.849867531438611 -8.011375155570441 5.994616384276014
-8.011375155570441 -5.136622584327295 5.559850247082068
-5.136622584327295 -8.760532464890154 6.270563798221701
-8.760532464890154 -3.296586557450855 5.105076762767567
-3.296586557450855 -6.009501370230571 6.3093412155431
-6.009501370230571 -9.060690900148371 6.182446739556326
-9.060690900148371 -2.720008648768891 4.836777132317366
-2.720008648768891 -4.9868320854077135 6.31119998057693
-4.9868320854077135 -8.604739409779585 6.278241611551493
-8.604739409779585 -3.6441939825017626 5.2204562042461475
-3.6441939825017626 -6.60958263520727 6.307113824193948
-6.60958263520727 -8.445174233298848 6.0596479893429205
-8.445174233298848 -4.024556166223549 5.325153225407121
-4.024556166223549 -7.242354721528484 6.303253765785485
-7.242354721528484 -7.135677587223747 5.870422729065467
-7.135677587223747 -7.389989583491283 5.906309840924223
-7.389989583491283 -6.768994580545563 5.818137672074954
-6.768994580545563 -8.167613496810768 6.017472591396654
-8.167613496810768 -4.726957537026459 5.482180253013212
-4.726957537026459 -8.288296178408466 6.2884022369398735
-8.288296178408466 -4.416518767326657 5.417281117253879
-4.416518767326657 -7.852606601153383 6.2966840567823965
-7.852606601153383 -5.557758247344781 5.632676299239392
-5.557758247344781 -9.056813058722044 6.239025836439396
-9.056813058722044 -2.7264811453134423 4.840674604696687
-2.7264811453134423 -4.998440136204259 6.311194497662655
-4.998440136204259 -8.617582402532083 6.277699739999662
-8.617582402532083 -3.6145618985918486 5.211472368522664
-3.6145618985918486 -6.559105469343072 6.307343696818862
-6.559105469343072 -8.523955575719317 6.072186715318821
-8.523955575719317 -3.8340940866770743 5.274997682034154
-3.8340940866770743 -6.929346108590545 6.305418903881218
-6.929346108590545 -7.84871914121969 5.97122383108217
-7.84871914121969 -5.568092825665421 5.634391639927344
-5.568092825665421 -9.060920855715787 6.2380260949285
-9.060920855715787 -2.7196257491914526 4.836545647820458
-2.7196257491914526 -4.986145309775673 6.311200286247185
-4.986145309775673 -8.6039757468033 6.278273408337554
-8.6039757468033 -3.645960999887223 5.220987599030195
-3.645960999887223 -6.612588106740742 6.307099845333141
-6.612588106740742 -8.440340047269014 6.058888884646876
-8.440340047269014 -4.036396217248067 5.32814027780114
-4.036396217248067 -7.261513453490301 6.3031008236066555
-7.261513453490301 -7.088978972539527 5.863810292525159
-7.088978972539527 -7.497945115443014 5.9215231660346035
-7.497945115443014 -6.492539936884808 5.777926665585255
-6.492539936884808 -8.620718957152933 6.088109340205847
-8.620718957152933 -3.607349658510285 5.209264719836938
-3.607349658510285 -6.546798104020398 6.307398369346629
-6.546798104020398 -8.542464739195909 6.075183379900409
-8.542464739195909 -3.7900724112930217 5.2627913959440775
-3.7900724112930217 -6.855836833686742 6.305848725241958
-6.855836833686742 -7.999462651793782 5.992891258494637
-7.999462651793782 -5.168106901300661 5.565513248024217
-5.168106901300661 -8.79035935344761 6.268747728332528
-8.79035935344761 -3.2332781815460736 5.081284083003993
-3.2332781815460736 -5.898604963472853 6.309651237752405
-5.898604963472853 -9.095108071397286 6.198957403394161
-9.095108071397286 -2.663863729314252 4.8016783098864835
-2.663863729314252 -4.886052883967645 6.311219705770782
-4.886052883967645 -8.48830394240865 6.28260839147697
-8.48830394240865 -3.919686186487762 5.298047150034108
-3.919686186487762 -7.071077030320733 6.3045110088496585
-7.071077030320733 -7.538732918941602 5.927274832203693
-7.538732918941602 -6.386688554895357 5.762281657582207
-6.386688554895357 -8.75722472126685 6.111976854270324
-8.75722472126685 -3.3036769052719483 5.10767965989362
-3.3036769052719483 -6.021894702234286 6.3093048677328625
-6.021894702234286 -9.055322064373142 6.1804868181061465
-9.055322064373142 -2.7289775267531846 4.842170054886083
-2.7289775267531846 -5.002916675858117 6.311192225897685
-5.002916675858117 -8.622502369574104 6.277488518229802
-8.622502369574104 -3.603253204967465 5.208007078210358
-3.603253204967465 -6.539803989983055 6.307429203974607
-6.539803989983055 -8.552859331542109 6.076875720020325
-8.552859331542109 -3.7654795088912687 5.25586251126515
-3.7654795088912687 -6.814600314273144 6.30607861700264
-6.814600314273144 -8.080704960414305 6.0047021798745845
-8.080704960414305 -4.953994591372774 5.526190716329438
-4.953994591372774 -8.567755999579846 6.27972916172439
-8.567755999579846 -3.730401449642763 5.245838090508187
-3.730401449642763 -6.755580427229452 6.3063944144087145
-6.755580427229452 -8.19256833336553 6.021169932610064
-8.19256833336553 -4.662252442782373 5.46913934416807
-4.662252442782373 -8.201980916303116 6.290425309074635
-8.201980916303116 -4.637910561164069 5.464171172243368
-4.637910561164069 -8.168838810656961 6.29114177768497
-8.168838810656961 -4.72377488210716 5.481544299771485
-4.72377488210716 -8.284113352738437 6.288505934018758
-8.284113352738437 -4.427165092631646 5.4196110697084805
-4.427165092631646 -7.868366006779895 6.296453574606858
-7.868366006779895 -5.51586563364928 5.625691011788149
-5.51586563364928 -9.03843565808408 6.242953936649428
-9.03843565808408 -2.7575487220448407 4.858986960876791
-2.7575487220448407 -5.054127428883417 6.311160381847003
-5.054127428883417 -8.677451977556316 6.27498038567137
-8.677451977556316 -3.4786348241815457 5.168384056276409
-3.4786348241815457 -6.325823306283499 6.308295690898376
-6.325823306283499 -8.82574399931415 6.12488655634661
-8.82574399931415 -3.15969250065052 5.0522892457738635
-3.15969250065052 -5.769196211299443 6.309979903366184
-5.769196211299443 -9.10517147872176 6.215977906060289
-9.10517147872176 -2.6478980538927464 4.791244263498811
-2.6478980538927464 -4.857368156615135 6.311214690278575
-4.857368156615135 -8.453632280827915 6.283747037872672
-8.453632280827915 -4.003881072497021 5.319902581279166
-4.003881072497021 -7.208809599342362 6.303515273822995
-7.208809599342362 -7.216724251127497 5.88187763998576
-7.216724251127497 -7.197686811549121 5.879189029648842
-7.197686811549121 -7.243387388253057 5.88564135319757
-7.243387388253057 -7.133167931003768 5.870067608128011
-7.133167931003768 -7.395846691442907 5.907135123859916
-7.395846691442907 -6.7541536811331095 5.8159996480244445
-6.7541536811331095 -8.195205970164565 6.021561579989793
-8.195205970164565 -4.655427624171158 5.467749899398768
-4.655427624171158 -8.192724633751622 6.29062856901146
-8.192724633751622 -4.6618479434629405 5.469057070222334
-4.6618479434629405 -8.201433094234385 6.290437408337311
-8.201433094234385 -4.639326292862915 5.46446107722295
-4.639326292862915 -8.170776043526317 6.291100749302132
-8.170776043526317 -4.718744215831343 5.480537937080953
-4.718744215831343 -8.277488208000449 6.288668936656904
-8.277488208000449 -4.444045968096278 5.423289029698935
-4.444045968096278 -7.893249093827114 6.29608131567511
-7.893249093827114 -5.449737803106699 5.61455731348542
-5.449737803106699 -9.003967792420108 6.248762078292202
-9.003967792420108 -2.8175286814118348 4.892628542133025
-2.8175286814118348 -5.161486910633915 6.311063070104865
-5.161486910633915 -8.784177375103171 6.269136203751259
-8.784177375103171 -3.2463054689272606 5.0862634151708335
-3.2463054689272606 -5.921458971381112 6.309589544158371
-5.921458971381112 -9.090000376352156 6.195703819823393
-9.090000376352156 -2.6720461190248948 4.806944593474327
-2.6720461190248948 -4.900749396267939 6.311220275420055
-4.900749396267939 -8.505813997032648 6.282007768881158
-8.505813997032648 -3.877519658041364 5.286801300870138
-3.877519658041364 -7.001458438796615 6.304970674820652
-7.001458438796615 -7.693986903570357 5.949216610264557
-7.693986903570357 -5.978827352367851 5.700318584822526
-5.978827352367851 -9.072652915020646 6.187197261278925
-9.072652915020646 -2.7002280812397434 4.824681460100692
-2.7002280812397434 -4.95134364960391 6.311212905027787
-4.95134364960391 -8.564728729555142 6.279847035628336
-8.564728729555142 -3.737513854900897 5.247884335236449
-3.737513854900897 -6.767566061777593 6.306331507206778
-6.767566061777593 -8.170284381746583 6.0178676306968555
-8.170284381746583 -4.720020843134081 5.480793451977661
-4.720020843134081 -8.279171032593704 6.288627676432952
-8.279171032593704 -4.439756025716828 5.422356244838738
-4.439756025716828 -7.886937887333331 6.296176717580238
-7.886937887333331 -5.466507247738272 5.617393453037948
-5.466507247738272 -9.01332528260899 6.2473333964226185
-9.01332528260899 -2.8010286134032167 4.883586143434513
-2.8010286134032167 -5.1319738762024425 6.311093542200979
-5.1319738762024425 -8.756037754359019 6.270826034589845
-8.756037754359019 -3.3062245658438005 5.108611982141156
-3.3062245658438005 -6.026346445313844 6.309291725847288
-6.026346445313844 -9.053318000807323 6.179777079545602
-9.053318000807323 -2.7323397171730055 4.844177401646448
-2.7323397171730055 -5.0089452822020695 6.31118903112656
-5.0089452822020695 -8.629099033394 6.277202063218283
-8.629099033394 -3.5881284201911883 5.2033400111758965
-3.5881284201911883 -6.513957598469082 6.3075416936626425
-6.513957598469082 -8.590486092850599 6.083062682628224
-8.590486092850599 -3.677266320800822 5.230323206378671
-3.677266320800822 -6.665746815838715 6.306846991756174
-6.665746815838715 -8.35223614608554 6.045231439515192
-8.35223614608554 -4.254952980815749 5.380882034267415
-4.254952980815749 -7.60763376984752 6.299808152965852
-7.60763376984752 -6.206507423943645 5.735266320538358
-6.206507423943645 -8.938368180889064 6.148464342964871
-8.938368180889064 -2.937526327051143 4.954135757390759
-2.937526327051143 -5.37560266047996 6.310772476135753
-5.37560266047996 -8.957777914774708 6.254734047870443
-8.957777914774708 -2.9012528968943916 4.936277962908207
-2.9012528968943916 -5.310979608328382 6.310871931586007
-5.310979608328382 -8.911394105378251 6.259504554618616
-8.911394105378251 -2.9889616742669216 4.978484306098835
-2.9889616742669216 -5.467076153114768 6.310616187562118
-5.467076153114768 -9.013635435300777 6.247284615164972
-9.013635435300777 -2.800484451965007 4.883285277297546
-2.800484451965007 -5.131000280521738 6.311094501994376
-5.131000280521738 -8.755093536467141 6.270880671210762
-8.755093536467141 -3.3082524492274366 5.109352987092279
-3.3082524492274366 -6.0298894238681635 6.309281234287482
-6.0298894238681635 -9.051694461016085 6.179210056616284
-9.051694461016085 -2.7350691910334297 4.845801325078355
-2.7350691910334297 -5.013838955847327 6.311186325066956
-5.013838955847327 -8.634429108320536 6.276967836158292
-8.634429108320536 -3.575939637058535 5.199551492274622
-3.575939637058535 -6.493102509213733 6.307630813898868
-6.493102509213733 -8.619935920270686 6.087977744078671
-8.619935920270686 -3.6091492725703342 5.209816359216347
-3.6091492725703342 -6.5498698446604875 6.307384773346712
-6.5498698446604875 -8.537871110140758 6.074437687086174
-8.537871110140758 -3.8009705063315162 5.26583639535238
-3.8009705063315162 -6.874071897910923 6.305744541583408
-6.874071897910923 -7.962760211401618 5.987589205011318
-7.962760211401618 -5.265263235444086 5.582749343033356
-5.265263235444086 -8.875333804650111 6.2626495019649155
-8.875333804650111 -3.0595121832565315 5.010197715178947
-3.0595121832565315 -5.592215645479932 6.310374626620614
-5.592215645479932 -9.069840513587604 6.235644335545658
-9.069840513587604 -2.704853417644341 4.827535204130982
-2.704853417644341 -4.959643738304434 6.311210420644784
-4.959643738304434 -8.57418580008408 6.279478357566404
-8.57418580008408 -3.715322551473501 5.241476400602551
-3.715322551473501 -6.730138898922674 6.3065259347931715
-6.730138898922674 -8.239118763697002 6.028108248268836
-8.239118763697002 -4.542233977049673 5.44429670664249
-4.542233977049673 -8.03528418605579 6.293740548455389
-8.03528418605579 -5.07351704895748 5.548379680214566
-5.07351704895748 -8.697598571934696 6.273984852043213
-8.697598571934696 -3.4337556962034617 5.153419425871107
-3.4337556962034617 -6.248225937193135 6.3085761494221515
-6.248225937193135 -8.902284234569183 6.140480412170291
-8.902284234569183 -3.0065949688261235 4.986585681370343
-3.0065949688261235 -5.49838999367566 6.310558694109204
-5.49838999367566 -9.029965985285365 6.244534918063437
-9.029965985285365 -2.772083034549939 4.867338707510498
-2.772083034549939 -5.080161585990786 6.311140348756453
-5.080161585990786 -8.704416519736396 6.27363836854056
-8.704416519736396 -3.418670915194629 5.148300231572648
-3.418670915194629 -6.222084796599813 6.308666929653555
-6.222084796599813 -8.925310914833785 6.14551584412402
-8.925310914833785 -2.962277904626673 4.965989744923718
-2.962277904626673 -5.419645513926344 6.310699429472152
-5.419645513926344 -8.986153874278846 6.251252966030734
-8.986153874278846 -2.84937530770774 4.909656238276511
-2.84937530770774 -5.2184029348476235 6.310997187749308
-5.2184029348476235 -8.835720252529024 6.265687223698478
-8.835720252529024 -3.139255854139677 5.04395997874235
-3.139255854139677 -5.7331647236222505 6.310065319179557
-5.7331647236222505 -9.10243328974616 6.220307630384923
-9.10243328974616 -2.6522216619344214 4.7940909271273995
-2.6522216619344214 -4.865137259701079 6.31121657985932
-4.865137259701079 -8.463086692487716 6.283442968699092
-8.463086692487716 -3.9808325593618687 5.313996267708717
-3.9808325593618687 -7.171281635885277 6.303798679786269
-7.171281635885277 -7.306247571746775 5.894507675926434
-7.306247571746775 -6.978851930297361 5.848171389152412
-6.978851930297361 -7.743187710522284 5.956195001017477
-7.743187710522284 -5.8484663492291435 5.679834661612404
-5.8484663492291435 -9.102771049699125 6.205830990111281
-9.102771049699125 -2.651687504738417 4.7937400945374975
-2.651687504738417 -4.86417747461908 6.311216368405439
-4.86417747461908 -8.461921249247936 6.283480705351394
-8.461921249247936 -3.983670162571446 5.3147264721555985
-3.983670162571446 -7.175909249524324 6.303764241922181
-7.175909249524324 -7.29527642443195 5.892960799341381
-7.29527642443195 -7.005997041032679 5.852032775779662
-7.005997041032679 -7.6840352286149045 5.947806884309102
-7.6840352286149045 -6.005148076662612 5.7044102175786975
-6.005148076662612 -9.062503413453133 6.183129554330662
-9.062503413453133 -2.716993424236769 4.834951461387391
-2.716993424236769 -4.981423721973726 6.311202330049127
-4.981423721973726 -8.598714070410786 6.278491222845332
-8.598714070410786 -3.658151081760213 5.224640469343285
-3.658151081760213 -6.63330759267487 6.3070025630586315
-6.63330759267487 -8.4065821249299 6.053617558078258
-8.4065821249299 -4.1195339699970175 5.348722554372216
-4.1195339699970175 -7.3949283836056985 6.301957957315608
-7.3949283836056985 -6.756481833152543 5.816335191637336
-6.756481833152543 -8.190900218709436 6.02092230211565
-8.190900218709436 -4.666570088930702 5.470016964143724
-4.666570088930702 -8.207822186299376 6.290295748251083
-8.207822186299376 -4.622822747113194 5.461074182137963
-4.622822747113194 -8.148120202443256 6.2915741910546785
-8.148120202443256 -4.777663548785661 5.492238028309657
-4.777663548785661 -8.35401810661445 6.286688587504614
-8.35401810661445 -4.250483631788325 5.379845892988669
-4.250483631788325 -7.600713437155727 6.299885398686456
-7.600713437155727 -6.224672743979235 5.73801377863856
-6.224672743979235 -8.923093541964754 6.145022173208417
-8.923093541964754 -2.966508673710274 4.967990138015011
-2.966508673710274 -5.42716927067778 6.310686538177833
-5.42716927067778 -8.990729403149622 6.250638927558612
-8.990729403149622 -2.8411415467695886 4.905305930020404
-2.8411415467695886 -5.203693653282757 6.311015073253657
-5.203693653282757 -8.822752285572287 6.266603237090749
-8.822752285572287 -3.1658481326417443 5.0547736707594595
-3.1658481326417443 -5.780041523174081 6.309953680989565
-5.780041523174081 -9.105532699098868 6.214640614947712
-9.105532699098868 -2.647328837830606 4.790868308344216
-2.647328837830606 -4.856345271218681 6.311214411100082
-4.856345271218681 -8.452384018636184 6.283786835483625
-8.452384018636184 -4.006929081909736 5.320679450167518
-4.006929081909736 -7.213762077673449 6.303477159410249
-7.213762077673449 -7.204818095362245 5.88019630425697
-7.204818095362245 -7.226304843578328 5.883230246101448
-7.226304843578328 -7.174571495757687 5.875922884129977
-7.174571495757687 -7.2984499673419645 5.89340826622356
-7.2984499673419645 -6.998153842084378 5.850917555755586
-6.998153842084378 -7.701217381723258 5.95024119449954
-7.701217381723258 -5.959692821526617 5.697335021533945
-5.959692821526617 -9.079163236526895 6.190088920899143
-9.079163236526895 -2.6895811932027103 4.818052083217481
-2.6895811932027103 -4.932234030312823 6.311217304129968
-4.932234030312823 -8.542729702617631 6.280680432566442
-8.542729702617631 -3.789444358453061 5.262615442108654
-3.789444358453061 -6.85478522684351 6.305854685677332
-6.85478522684351 -8.001564949330206 5.99319554950489
-8.001564949330206 -5.1625486847034265 5.564516336446104
-5.1625486847034265 -8.785172278549208 6.269073809664405
-8.785172278549208 -3.2442055413605937 5.085463770490605
-3.2442055413605937 -5.917776206483553 6.309599561551295
-5.917776206483553 -9.090892398426849 6.1962332688272
-9.090892398426849 -2.670613312770701 4.806026311591268
-2.670613312770701 -4.898176130364151 6.3112202690317645
-4.898176130364151 -8.502760721949096 6.2821137927167
-8.502760721949096 -3.884854717588556 5.288772556792537
-3.884854717588556 -7.0135980473347574 6.304892483916774
-7.0135980473347574 -7.6673142922255915 5.945439492606965
-7.6673142922255915 -6.049329986939617 5.711246808969008
-6.049329986939617 -9.042334319570749 6.176064390470856
-9.042334319570749 -2.7509039819250534 4.855123927860404
-2.7509039819250534 -5.042221363011894 6.311168709107733
-5.042221363011894 -8.664899221980447 6.275578843080439
-8.664899221980447 -3.5068228524363323 5.177587389822293
-3.5068228524363323 -6.374421815768007 6.308111319063755
-6.374421815768007 -8.771627888734429 6.11462666389707
-8.771627888734429 -3.272903275814836 5.096294000475609
-3.272903275814836 -5.968065339141707 6.309460224532813
-5.968065339141707 -9.076404217745068 6.188830474617134
-9.076404217745068 -2.6940829717769015 4.820865536326892
-2.6940829717769015 -4.940314737399994 6.311215673267725
-4.940314737399994 -8.552070328821811 6.28033062475879
-8.552070328821811 -3.767342919737396 5.256390338065103
-3.767342919737396 -6.817728971477971 6.306061447234242
-6.817728971477971 -8.074628116853514 6.003814822339336
-8.074628116853514 -4.969955225146827 5.529190401510277
-4.969955225146827 -8.58585102683369 6.279014043859206
-8.58585102683369 -3.688062641119376 5.233508761310077
-3.688062641119376 -6.684040566032256 6.306757463156828
-6.684040566032256 -8.32079880493892 6.04043094550434
-8.32079880493892 -4.334105990855832 5.398965054220753
-4.334105990855832 -7.728957878756463 6.2983614582553855
-7.728957878756463 -5.886204413630646 5.685803203559772
-5.886204413630646 -9.097454205736666 6.200690932120779
-9.097454205736666 -2.66012305569362 4.7992526570596965
-2.66012305569362 -4.8793332048489715 6.3112190054380335
-4.8793332048489715 -8.4802400282608 6.28287908515631
-8.4802400282608 -3.9391863882930487 5.303178627538728
-3.9391863882930487 -7.103132298852601 6.3042898907879135
-7.103132298852601 -7.465460015451444 5.916944337863242
-7.465460015451444 -6.576336268530601 5.790207260615716
-6.576336268530601 -8.497578165678636 6.067951274919324
-8.497578165678636 -3.897322218047317 5.292108529698453
-3.897322218047317 -7.034204014048519 6.304757888807217
-7.034204014048519 -7.621646755449507 5.938980735169025
-7.621646755449507 -6.169683155074718 5.729679233954812
-6.169683155074718 -8.967259668056226 6.155280596482044
-8.967259668056226 -2.8837638085981734 4.927450669463724
-2.8837638085981734 -5.279789724935595 6.31091648794245
-5.279789724935595 -8.887074556175884 6.26167031568184
-8.887074556175884 -3.036322825614532 4.999976133542077
-3.036322825614532 -5.551127012239476 6.310457394254627
-5.551127012239476 -9.054087672785412 6.2396610346622765
-9.054087672785412 -2.73104753124856 4.843406836029317
-2.73104753124856 -5.006628386101328 6.311190277199785
-5.006628386101328 -8.626567788536795 6.277312425270793
-8.626567788536795 -3.5939268878329518 5.205133670424402
-3.5939268878329518 -6.523870712748806 6.307498818729073
-6.523870712748806 -8.57620161244966 6.0807022211447475
-8.57620161244966 -3.710602922479454 5.240104587930546
-3.710602922479454 -6.722167258910816 6.306566590043076
-6.722167258910816 -8.25349152926839 6.030262195497926
-8.25349152926839 -4.505371547745751 5.436485226324294
-4.505371547745751 -7.982518366193678 6.294655740624876
-7.982518366193678 -5.212933812858941 5.573509821406333
-5.212933812858941 -8.83092794453779 6.26602952110261
-8.83092794453779 -3.149055662863157 5.047969714723877
-3.149055662863157 -5.750447382564976 6.310024674887245
-5.750447382564976 -9.104040128440003 6.21825243015337
-9.104040128440003 -2.64968258984509 4.792421122678206
-2.64968258984509 -4.860574891177261 6.311215519446705
-4.860574891177261 -8.457540318458292 6.283621917180426
-8.457540318458292 -3.994345817234414 5.317465951287886
-3.994345817234414 -7.193300802603566 6.3036335439028335
-7.193300802603566 -7.253871752933422 5.887120784296712
-7.253871752933422 -7.10764001762834 5.866453861184709
-7.10764001762834 -7.455070425346015 5.915480157920683
-7.455070425346015 -6.603032893054976 5.794101771774876
-6.603032893054976 -8.455653911497283 6.06129739426251
-8.455653911497283 -3.9989470736643105 5.3186429479392245
-3.9989470736643105 -7.200787561457718 6.303576654296194
-7.200787561457718 -7.235965178974875 5.884593856710126
-7.235965178974875 -7.151186656501807 5.872616652151919
-7.151186656501807 -7.353659079100968 5.901190422635409
-7.353659079100968 -6.8605915931409704 5.831289681904309
-6.8605915931409704 -7.989937678887509 5.991513401575503
-7.989937678887509 -5.193299625478619 5.570016773737734
-5.193299625478619 -8.813438981630421 6.2672396779453265
-8.813438981630421 -3.185089707832563 5.062468502139382
-3.185089707832563 -5.813919305311746 6.309870228767977
-5.813919305311746 -9.105261204016228 6.210360005330585
-9.105261204016228 -2.647756638434012 4.791150887394906
-2.647756638434012 -4.857114033295526 6.3112146215789835
-4.857114033295526 -8.453322240934602 6.283756930330128
-8.453322240934602 -4.004638022073766 5.3200956015934935
-4.004638022073766 -7.210039736776244 6.303505822383158
-7.210039736776244 -7.21376885719043 5.881460333432187
-7.21376885719043 -7.204801771820489 5.88019399089535
-7.204801771820489 -7.226343995964094 5.8832357732680975
-7.226343995964094 -7.174476874674891 5.875909510425117
-7.174476874674891 -7.2986743752998455 5.893439907355059
-7.2986743752998455 -6.997598958141622 5.8508386428438826
-6.997598958141622 -7.7024301962694866 5.9504130865534535
-7.7024301962694866 -5.95648239798017 5.696833678222902
-5.95648239798017 -9.0801842723682 6.190568724370678
-9.0801842723682 -2.6879190569824423 4.817009419981332
-2.6879190569824423 -4.929250245515287 6.311217819413287
-4.929250245515287 -8.539266702869403 6.2808086431832635
-8.539266702869403 -3.797657630371232 5.2649123919254635
-3.797657630371232 -6.868531214648776 6.305776364279154
-6.868531214648776 -7.973961552262534 5.989205333622522
-7.973961552262534 -5.235589266124021 5.57752237006207
-5.235589266124021 -8.850552581828051 6.264594232743548
-8.850552581828051 -3.1091313714093096 5.0314482911344385
-3.1091313714093096 -5.679983879969946 6.310186645954673
-5.679983879969946 -9.094153664477673 6.22638727989397
-9.094153664477673 -2.665388640968063 4.802663863643829
-2.665388640968063 -4.888792029146536 6.31121991105465
-4.888792029146536 -8.491580682022857 6.282497344815056
-8.491580682022857 -3.9117768638213795 5.295953475841088
-3.9117768638213795 -7.0580496819888525 6.304599130497081
-7.0580496819888525 -7.568198037144601 5.9314322641148465
-7.568198037144601 -6.309827723253441 5.750820277447929
-6.309827723253441 -8.842519198295703 6.128180243897077
-8.842519198295703 -3.1254082608859797 5.03824388506473
-3.1254082608859797 -5.708728662854691 6.310121766786324
-5.708728662854691 -9.09924880929888 6.223146543779876
-9.09924880929888 -2.6572693218258476 4.797394397071912
-2.6572693218258476 -4.874206392561495 6.3112182796539855
-4.874206392561495 -8.47406348900791 6.2830839731686865
-8.47406348900791 -3.9541564927320327 5.30708906804648
-3.9541564927320327 -7.127678605924403 6.304116343468195
-7.127678605924403 -7.408636363189028 5.90893721718021
-7.408636363189028 -6.7216787445327135 5.811313841870287
-6.7216787445327135 -8.254368958221054 6.030393858622119
-8.254368958221054 -4.503124299819686 5.4360061332408804
-4.503124299819686 -7.979279358513957 6.2947100793680875
-7.979279358513957 -5.221508219032188 5.575030702559161
-5.221508219032188 -8.83842596824572 6.265491263991862
-8.83842596824572 -3.1337372078106807 5.041689055142342
-3.1337372078106807 -5.723428353372683 6.310087953112088
-5.723428353372683 -9.101291891952831 6.221448115305975
-9.101291891952831 -2.6540284805469456 4.795275860189577
-2.6540284805469456 -4.868383698708614 6.311217250142363
-4.868383698708614 -8.467023426621841 6.283314963642624
-8.467023426621841 -3.971254971400233 5.311525254735898
-3.971254971400233 -7.155647240688255 6.303913989650027
-7.155647240688255 -7.343167528848796 5.899711858393857
-7.343167528848796 -6.886889866015628 5.835052751855983
-6.886889866015628 -7.93668337453936 5.983833336758835
-7.93668337453936 -5.334409625559808 5.594807036301063
-5.334409625559808 -8.928846576402842 6.257819672879123
-8.928846576402842 -2.9555482540665454 4.962792487269326
-2.9555482540665454 -5.407675189159705 6.31071969326149
-5.407675189159705 -8.978709079296204 6.252218128385721
-8.978709079296204 -2.862851090117702 4.916700275804033
-2.862851090117702 -5.242467609917276 6.310966693468799
-5.242467609917276 -8.856390820894841 6.2641503825143445
-8.856390820894841 -3.097360518456347 5.026481117631192
-3.097360518456347 -5.6591822116852315 6.3102325752188335
-5.6591822116852315 -9.089570862434895 6.228667094073899
-9.089570862434895 -2.6727365977012196 4.80738653455046
-2.6727365977012196 -4.901989436450939 6.3112202645643265
-4.901989436450939 -8.50728342482663 6.281956545622961
-8.50728342482663 -3.8739922523100625 5.285851046748576
-3.8739922523100625 -6.995616255187089 6.3050080168031855
-6.995616255187089 -7.706760812336732 5.951026947885111
-7.706760812336732 -5.945016921129844 5.695041428138211
-5.945016921129844 -9.083664104422757 6.1922697383051855
-9.083664104422757 -2.6822699220906987 4.813449866764131
-2.6822699220906987 -4.919108219725054 6.311219212402648
-4.919108219725054 -8.527439851087642 6.281240619900927
-8.527439851087642 -3.825784996894193 5.272712637764926
-3.825784996894193 -6.915501934195583 6.305501881339296
-6.915501934195583 -7.877666918037136 5.975364023150178
-7.877666918037136 -5.491144811369916 5.621544501416793
-5.491144811369916 -9.026318416125623 6.24518031316984
-9.026318416125623 -2.778383848474974 4.870918394677574
-2.778383848474974 -5.091444063300312 6.31113091991574
-5.091444063300312 -8.715892188150006 6.2730422464737785
-8.715892188150006 -3.3934010957021163 5.139620177251345
-3.3934010957021163 -6.178229138951722 6.308815197109652
-6.178229138951722 -8.960802227788047 6.153718018009386
-8.960802227788047 -2.895657931760879 4.933469814430282
-2.895657931760879 -5.3010038308588765 6.310886433508131
-5.3010038308588765 -8.90374929898906 6.260206677376118
-8.90374929898906 -3.003750372142239 4.985286922878004
-3.003750372142239 -5.493340071426269 6.31056810078735
-5.493340071426269 -9.027431960083545 6.24498549981945
-9.027431960083545 -2.776457679551278 4.869826665337314
-2.776457679551278 -5.087995229909716 6.311133848721511
-5.087995229909716 -8.712397947318847 6.273225414472108
-8.712397947318847 -3.4010794343942554 5.14227168270736
-3.4010794343942554 -6.191563276647258 6.308770643547177
-6.191563276647258 -8.95042791189691 6.151256650402502
-8.95042791189691 -2.914914745006511 4.943073734495556
-2.914914745006511 -5.335329622390059 6.310835564217996
-5.335329622390059 -8.929517210912477 6.257752760982839
-8.929517210912477 -2.954274077672433 4.962184987984074
-2.954274077672433 -5.405408384185445 6.310723496404535
-5.405408384185445 -8.977276581649685 6.252399282995611
-8.977276581649685 -2.865455161799657 4.918050794374722
-2.865455161799657 -5.247116546880754 6.31096062992583
-5.247116546880754 -8.860304880459772 6.263847929476469
-8.860304880459772 -3.089496873673687 5.023137536998547
-3.089496873673687 -5.645278753679927 6.310262796323514
-5.645278753679927 -9.086094260381534 6.230160741753934
-9.086094260381534 -2.6783392225047704 4.810958529029449
-2.6783392225047704 -4.912050458095491 6.31121984757192
-4.912050458095491 -8.519159014973743 6.281537778144411
-8.519159014973743 -3.8455492356767698 5.278133780797361
-3.8455492356767698 -6.94840811226436 6.305303062341409
-6.94840811226436 -7.808452705392795 5.965478354351944
-7.808452705392795 -5.675134427397881 5.651982483090251
-5.675134427397881 -9.093152037170464 6.226923497459211
-9.093152037170464 -2.666990990113607 4.803697431430919
-2.666990990113607 -4.891670160258916 6.311220077208418
-4.891670160258916 -8.495017191060983 6.2823802223138046
-8.495017191060983 -3.903490983030834 5.293752393008617
-3.903490983030834 -7.044386461263353 6.304690495118848
-7.044386461263353 -7.59890114006365 5.935767159142415
-7.59890114006365 -6.229427567470194 5.738732003919722
-6.229427567470194 -8.918983926367561 6.14411245433439
-8.918983926367561 -2.974370756266573 4.971687943856523
-2.974370756266573 -5.441147238199986 6.310662273092021
-5.441147238199986 -8.999015231025638 6.249482806597371
-8.999015231025638 -2.8263256550411806 4.89738701920578
-2.8263256550411806 -5.177215029361198 6.3110457748844055
-5.177215029361198 -8.798785271786702 6.268208592926385
-8.798785271786702 -3.2156031197488595 5.074456382797507
-3.2156031197488595 -5.867569773789833 6.309733235517342
-5.867569773789833 -9.10042114161521 6.203254544976517
-9.10042114161521 -2.6554086637114227 4.796179156961443
-2.6554086637114227 -4.870863476229776 6.311217715556268
-4.870863476229776 -8.470024918911989 6.28321681037778
-8.470024918911989 -3.963960539575943 5.309636628771841
-3.963960539575943 -7.14372436179882 6.304000861491659
-7.14372436179882 -7.371168599169003 5.903657837428909
-7.371168599169003 -6.816546828545085 5.824974590053898
-6.816546828545085 -8.076925899645053 6.004150255452259
-8.076925899645053 -4.9639190051546835 5.528057303803507
-4.9639190051546835 -8.579033852571976 6.279286295204656
-8.579033852571976 -3.703978098622099 5.238173630867095
-3.703978098622099 -6.710970865084847 6.306623251453857
-6.710970865084847 -8.273504637904306 6.033271257721935
-8.273504637904306 -4.454206747110524 5.425493224611273
-4.454206747110524 -7.908163325365287 6.295853153860662
-7.908163325365287 -5.410119440517023 5.6078215518573415
-5.410119440517023 -8.980245709859615 6.2520219881189405
-8.980245709859615 -2.86006169693141 4.915249838806631
-2.86006169693141 -5.237487342141721 6.310973127656325
-5.237487342141721 -8.85216917066591 6.2644723804842215
-8.85216917066591 -3.105867121729454 5.030075305345235
-3.105867121729454 -5.674216446981453 6.310199466075574
-5.674216446981453 -9.092957834354475 6.227024832624011
-9.092957834354475 -2.667301901030057 4.803897738122032
-2.667301901030057 -4.892228603438013 6.311220103729283
-4.892228603438013 -8.495683203376533 6.282357444353693
-8.495683203376533 -3.90188622018473 5.293325179838575
-3.90188622018473 -7.041738408423635 6.304708078270778
-7.041738408423635 -7.6048276169247675 5.936604280250322
-7.6048276169247675 -6.213875012220191 5.736381324226386
-6.213875012220191 -8.932254386341185 6.147074611653807
-8.932254386341185 -2.9490811452037335 4.959702013606147
-2.9490811452037335 -5.3961687565904235 6.3107388844000525
-5.3961687565904235 -8.971363432623834 6.253132394551358
-8.971363432623834 -2.8762421074550475 4.923608951678034
-2.8762421074550475 -5.266369331454694 6.310934939159779
-5.266369331454694 -8.876236798855233 6.2625758664362365
-8.876236798855233 -3.057721287878456 5.009415090949915
-3.057721287878456 -5.589043969704485 6.310381134790077
-5.589043969704485 -9.068721628424917 6.235961410886375
-9.068721628424917 -2.7066978987892036 4.828668842623301
-2.7066978987892036 -4.962953334660375 6.311209336141474
-4.962953334660375 -8.577939981643599 6.279330203615245
-8.577939981643599 -3.7065358701768143 5.238919899515167
-3.7065358701768143 -6.715294607873494 6.306601431038871
-6.715294607873494 -8.265800293562853 6.032111488158989
-8.265800293562853 -4.473880338219847 5.429740804669564
-4.473880338219847 -7.936903039947058 6.29540244085365
-7.936903039947058 -5.3338268146204 5.594706105468504
-5.3338268146204 -8.928421103911624 6.2578621885113535
-8.928421103911624 -2.9563570116601117 4.9631777305403375
-2.9563570116601117 -5.409113936373791 6.310717273765476
-5.409113936373791 -8.979614553588164 6.25210288274684
-8.979614553588164 -2.8612069147369303 4.9158458105303
-2.8612069147369303 -5.239532109481283 6.310970493585046
-5.239532109481283 -8.853906044297284 6.264340427536808
-8.853906044297284 -3.102364201136819 5.028598106757272
-3.102364201136819 -5.668026284431639 6.3102131525520235
-5.668026284431639 -9.09161038695271 6.22770444778871
-9.09161038695271 -2.669461216923973 4.805286744827754
-2.669461216923973 -4.896106942029493 6.311220235482324
-4.896106942029493 -8.500301650659333 6.282198781926127
-8.500301650659333 -3.89076774149132 5.290357006480917
-3.89076774149132 -7.02337534521464 6.304828916225233
-7.02337534521464 -7.645706607184456 5.94238231604686
-7.645706607184456 -6.106336925983098 5.72001138045016
-6.106336925983098 -9.010461595991824 6.166502963518724
-9.010461595991824 -2.806061240673843 4.886360575808794
-2.806061240673843 -5.140977259094533 6.311084526852937
-5.140977259094533 -8.764721615315272 6.270317451664596
-8.764721615315272 -3.2876265239244065 5.101770150227821
-3.2876265239244065 -5.993832116132044 6.3093866725103
-5.993832116132044 -9.067036949038325 6.1848912824862055
-9.067036949038325 -2.7094797383417095 4.830373915567179
-2.7094797383417095 -4.967944536090519 6.3112076010293094
-4.967944536090519 -8.583583480829647 6.279105527944921
-8.583583480829647 -3.6933516884016826 5.23506308816286
-3.6933516884016826 -6.692995076639926 6.3067131589778
-6.692995076639926 -8.305206346555249 6.038062544263084
-8.305206346555249 -4.373571119815998 5.407798951418954
-4.373571119815998 -7.788527326769411 6.297581205144525
-7.788527326769411 -5.728084835673282 5.660570511136029
-5.728084835673282 -9.101858923046287 6.220904095098376
-9.101858923046287 -2.6531305432555126 4.794687325171253
-2.6531305432555126 -4.8667703288123745 6.311216925656481
-4.8667703288123745 -8.46506803419584 6.2833786478004185
-8.46506803419584 -3.9760107479012587 5.312753479753155
-3.9760107479012587 -7.163413442379189 6.30385691014817
-7.163413442379189 -7.324856352920463 5.897130974379252
-7.324856352920463 -6.9326159986963525 5.841583214707498
-6.9326159986963525 -7.841845214658077 5.970241926675953
-7.841845214658077 -5.586367051065914 5.63741732283961
-5.586367051065914 -9.067764556829509 6.236227937297372
-9.067764556829509 -2.7082775859488137 4.829637768292741
-2.7082775859488137 -4.965787670750889 6.311208365463244
-4.965787670750889 -8.581147424890485 6.2792028020412545
-8.581147424890485 -3.6990391149090907 5.2367299371544505
-3.6990391149090907 -6.702618517300274 6.306665188363695
-6.702618517300274 -8.288300820149978 6.0355036062173895
-8.288300820149978 -4.416506956345969 5.4172785269256565
-4.416506956345969 -7.852589089603607 6.296684310626006
-7.852589089603607 -5.5578048003494125 5.632684033174883
-5.5578048003494125 -9.056831944578178 6.239021360685001
-9.056831944578178 -2.726449552220582 4.840655651431007
-2.726449552220582 -4.9983834810427 6.311194525755127
-4.9983834810427 -8.617520017769989 6.277702404957381
-8.617520017769989 -3.614705445683584 5.211516223331273
-3.614705445683584 -6.559350341326553 6.307342603555298
-6.559350341326553 -8.5235844997265 6.072126850973291
-8.5235844997265 -3.8349796058629826 5.275240694572858
-3.8349796058629826 -6.930820656472704 6.305410009001207
-6.930820656472704 -7.845621093627823 5.970781240153883
-7.845621093627823 -5.576328904939414 5.635756475167
-5.576328904939414 -9.064071991880494 6.237220501949196
-9.064071991880494 -2.7143891775797804 4.833369449785096
-2.7143891775797804 -4.976752152364388 6.311204252262542
-4.976752152364388 -8.593488470606534 6.278705381460895
-8.593488470606534 -3.6702837606648884 5.2282537294668145
-3.6702837606648884 -6.6539044555152005 6.306904252633103
-6.6539044555152005 -8.372284940824526 6.04831166886288
-8.372284940824526 -4.204779346571475 5.369153832747543
-4.204779346571475 -7.529539854754303 6.300649682889343
-7.529539854754303 -6.410603917070963 5.765830048905627
-6.410603917070963 -8.728289829764982 6.106741305564356
-8.728289829764982 -3.366273423298678 5.130151943289093
-3.366273423298678 -6.13106184777825 6.308969188808987
-6.13106184777825 -8.994576565728932 6.162198128993623
-8.994576565728932 -2.834247210860581 4.90163569420838
-2.834247210860581 -5.191373941228715 6.311029600808979
-5.191373941228715 -8.81169984747919 6.267357061180519
-8.81169984747919 -3.188695948496368 5.063898851847625
-3.188695948496368 -5.82026472544683 6.309854336774151
-5.82026472544683 -9.104972473998759 6.209540652263968
-9.104972473998759 -2.6482117631025606 4.791451343611698
-2.6482117631025606 -4.8579318884500635 6.3112148411237285
-4.8579318884500635 -8.454319876263876 6.283725081346347
-8.454319876263876 -4.002202588206926 5.319474357420404
-4.002202588206926 -7.206081317404339 6.303536198633083
-7.206081317404339 -7.223274290300279 5.882802421787346
-7.223274290300279 -7.181891683389568 5.876957415573997
-7.181891683389568 -7.281064429686468 5.890956639486831
-7.281064429686468 -7.041030925034198 5.85700974187057
-7.041030925034198 -7.606409654269244 5.936827755700506
-7.606409654269244 -6.20972162808858 5.735752867374686
-6.20972162808858 -8.935714620297217 6.147859121963847
-8.935714620297217 -2.942533925616688 4.9565551107007195
-2.942533925616688 -5.384516717421211 6.310758028674172
-5.384516717421211 -8.963737679837083 6.254044908528158
-8.963737679837083 -2.890242224043883 4.9307375350399525
-2.890242224043883 -5.291345661067395 6.310900249925908
-5.291345661067395 -8.89622775259104 6.260877965512918
-8.89622775259104 -3.018389797760741 4.991937977240013
-3.018389797760741 -5.519322269770909 6.310519153994392
-5.519322269770909 -9.040055433830553 6.242637460491096
-9.040055433830553 -2.75478453318772 4.857383415714139
-2.75478453318772 -5.049174838885739 6.311163911079348
-5.049174838885739 -8.672247050190096 6.275230477425794
-8.672247050190096 -3.4903021433239196 5.172211296587193
-3.4903021433239196 -6.345952086521651 6.308220163860824
-6.345952086521651 -8.803902964168516 6.1206831900490215
-8.803902964168516 -3.2049137511150705 5.0702861858299
-3.2049137511150705 -5.848785466099843 6.309781880634546
-5.848785466099843 -9.102737520497536 6.205788476203452
-9.102737520497536 -2.6517405196858315 4.7937749250704655
-2.6517405196858315 -4.864272733560832 6.311216389629408
-4.864272733560832 -8.462036951949944 6.283476962053101
-8.462036951949944 -3.9833884061413505 5.314654006113415
-3.9833884061413505 -7.175449848029622 6.303767667115608
-7.175449848029622 -7.296366446526943 5.893114496473572
-7.296366446526943 -7.003303943816476 5.851649888471002
-7.003303943816476 -7.689943250745576 5.948643723735586
-7.689943250745576 -5.989524388250599 5.701983193961496
-5.989524388250599 -9.068695301204173 6.185556728836673
-9.068695301204173 -2.7067413288001383 4.828695505231735
-2.7067413288001383 -4.963031260130394 6.311209309991682
-4.963031260130394 -8.578028259392344 6.279326707364817
-8.578028259392344 -3.706329411563342 5.238859696801228
-3.706329411563342 -6.7149456470255195 6.306603194811032
-6.7149456470255195 -8.266423226868547 6.032205196017458
-8.266423226868547 -4.472288549453516 5.429398117972596
-4.472288549453516 -7.934584543338679 6.2954393521358725
-7.934584543338679 -5.339978494047389 5.595770885680395
-5.339978494047389 -8.932889590295218 6.257411838712869
-8.932889590295218 -2.9478777897361863 4.959125000299537
-2.9478777897361863 -5.394027384673328 6.310742424582713
-5.394027384673328 -8.969976063850666 6.253301094104245
-8.969976063850666 -2.8787817432684983 4.9249091659949045
-2.8787817432684983 -5.270901025279136 6.310928758022783
-5.270901025279136 -8.879921205495345 6.262271833184059
-8.879921205495345 -3.0504267505487594 5.006215735964361
-3.0504267505487594 -5.576122619917006 6.310407442622818
-5.576122619917006 -9.063994370418655 6.237240943220968
-9.063994370418655 -2.7145179361834986 4.833447780634742
-2.7145179361834986 -4.976983131156872 6.311204159545014
-4.976983131156872 -8.593747300574519 6.278694824082777
-8.593747300574519 -3.669682204674801 5.2280751007274375
-3.669682204674801 -6.652883827616027 6.306909162209195
-6.652883827616027 -8.37400163751282 6.04857612845808
-8.37400163751282 -4.200494661179087 5.368142326915404
-4.200494661179087 -7.522830504706478 6.3007189981944975
-7.522830504706478 -6.428037376758841 5.768411565491988
-6.428037376758841 -8.706490028697258 6.102866925764829
-8.706490028697258 -3.4140937574777497 5.146737785944424
-3.4140937574777497 -6.214147091955004 6.30869413651817
-6.214147091955004 -8.932026502750517 6.147023176548828
-8.932026502750517 -2.949513017346483 4.959908947283111
-2.949513017346483 -5.396937247926842 6.310737611427612
-5.396937247926842 -8.971859778444987 6.253071741470194
-8.971859778444987 -2.875334332112884 4.92314342984173
-2.875334332112884 -5.264749405998172 6.310937136353459
-5.264749405998172 -8.874913645894033 6.262684118213656
-8.874913645894033 -3.060345894502568 5.010561666487774
-3.060345894502568 -5.593692057830807 6.310371590363502
-5.593692057830807 -9.070355754051004 6.235496331544709
-9.070355754051004 -2.704004873836777 4.827012845322315
-2.704004873836777 -4.958121119496998 6.311210901789309
-4.958121119496998 -8.572455428237005 6.279546297257184
-8.572455428237005 -3.719376843616223 5.242652294000436
-3.719376843616223 -6.736983517465387 6.306490817500162
-6.736983517465387 -8.226696473428566 6.026251177994709
-8.226696473428566 -4.5741699751583 5.4509936421964085
-4.5741699751583 -8.080425147130407 6.292910099051369
-8.080425147130407 -4.95472929524773 5.526329055879614
-4.95472929524773 -8.568593840705038 6.27969657752692
-8.568593840705038 -3.7284344510011698 5.245270936444285
-3.7284344510011698 -6.752264031779622 6.30641171271418
-6.752264031779622 -8.198694492555182 6.022079874870542
-8.198694492555182 -4.646405482497698 5.465908932972525
-4.646405482497698 -8.180445123504889 6.290894412079069
-8.180445123504889 -4.6936564968328405 5.475498198837158
-4.6936564968328405 -8.244204351024427 6.289465494963224
-8.244204351024427 -4.529179807739356 5.4415405244144495
-4.529179807739356 -8.016677634441733 6.294069851617678
-8.016677634441733 -5.1226170850407255 5.557318475905049
-5.1226170850407255 -8.746921977763924 6.271347833579057
-8.746921977763924 -3.3258484219160898 5.115742068977852
-3.3258484219160898 -6.060612607266585 6.309189037390752
-6.060612607266585 -9.036550906841393 6.174212156569411
-9.036550906841393 -2.7607713463354076 4.86085027113586
-2.7607713463354076 -5.059900867941395 6.311156152092735
-5.059900867941395 -8.68348940456557 6.274686760101758
-8.68348940456557 -3.465138471181296 5.163924766275159
-3.465138471181296 -6.302515898298338 6.30838169476192
-6.302515898298338 -8.850015498270826 6.129672184040828
-8.850015498270826 -3.110216695860279 5.031904033858154
-3.110216695860279 -5.681901276667948 6.310182369226823
-5.681901276667948 -9.094538448757792 6.22617439168971
-9.094538448757792 -2.6647736258375287 4.802266605671321
-2.6647736258375287 -4.88768731161154 6.311219833849464
-4.88768731161154 -8.490259872820486 6.282542179986194
-8.490259872820486 -3.9149639894160786 5.296798002353171
-3.9149639894160786 -7.063300920974651 6.304563728546782
-7.063300920974651 -7.556343052673497 5.929759279271821
-7.556343052673497 -6.3407888708504 5.755447916431876
-6.3407888708504 -8.80958286916888 6.12176757058478
-8.80958286916888 -3.193091220623166 5.0656371861477965
-3.193091220623166 -5.827996804656716 6.309834859814146
-5.827996804656716 -9.104518397861373 6.208534677025455
-9.104518397861373 -2.6489278698620495 4.791923733304429
-2.6489278698620495 -4.859218708328757 6.311215177360282
-4.859218708328757 -8.455888515251445 6.283674898928439
-8.455888515251445 -3.998374694710364 5.318496656524076
-3.998374694710364 -7.199856536648579 6.303583749599056
-7.199856536648579 -7.238194640298632 5.884908518841257
-7.238194640298632 -7.145778932965275 5.871851782139856
-7.145778932965275 -7.366353053129102 5.902979253711237
-7.366353053129102 -6.828679210635769 5.826715748808056
-6.828679210635769 -8.053245582409314 6.00069772907591
-8.053245582409314 -5.026192087403587 5.539668598728895
-5.026192087403587 -8.647784696138917 6.276369246632385
-8.647784696138917 -3.545525504800545 5.189988962185453
-3.545525504800545 -6.440965031639152 6.307847368698276
-6.440965031639152 -8.689942083679854 6.099962495165528
-8.689942083679854 -3.450758319036226 5.159134966059355
-3.450758319036226 -6.2776553542771865 6.30847174669907
-6.2776553542771865 -8.87469364238003 6.1346803295309655
-8.87469364238003 -3.0607825474828796 5.010752187510661
-3.0607825474828796 -5.594465300064475 6.310369998507667
-5.594465300064475 -9.070624179909716 6.235418714320986
-9.070624179909716 -2.7035630137036253 4.826740629934648
-2.7035630137036253 -4.957328235882758 6.311211147876747
-4.957328235882758 -8.571553559163085 6.279581621354737
-8.571553559163085 -3.7214910224878026 5.243264559045201
-3.7214910224878026 -6.740551565345757 6.3064724337891676
-6.740551565345757 -8.220191119621795 6.025280304900662
-8.220191119621795 -4.59092165538582 5.454480867985694
-4.59092165538582 -8.103882800412045 6.292459991993383
-8.103882800412045 -4.893213365108298 5.514658955609775
-4.893213365108298 -8.496857389850407 6.282316592041752
-8.496857389850407 -3.8990578650652727 5.292571497077006
-3.8990578650652727 -7.037069836902368 6.304738980557886
-7.037069836902368 -7.615256900769078 5.938077750768571
-7.615256900769078 -6.186481548860584 5.73223087493534
-6.186481548860584 -8.954424565704787 6.152197978270124
-8.954424565704787 -2.907474667578387 4.939383522316348
-2.907474667578387 -5.322070481889708 6.310855536299641
-5.322070481889708 -8.919743929465303 6.258713383533177
-8.919743929465303 -2.972914758590685 4.97100504336413
-2.972914758590685 -5.438558971038049 6.310666796933219
-5.438558971038049 -8.997502149897686 6.249698395957239
-8.997502149897686 -2.829022047997816 4.898837038119382
-2.829022047997816 -5.182034968813531 6.311040332453558
-5.182034968813531 -8.80320689217269 6.267920482554473
-8.80320689217269 -3.2063655856146633 5.070854422141565
-3.2063655856146633 -5.851337420215019 6.309775315152365
-5.851337420215019 -9.102462374188683 6.205447166095837
-9.102462374188683 -2.6521756565290695 4.79406072027632
-2.6521756565290695 -4.8650545966882035 6.311216561814945
-4.8650545966882035 -8.462986345136127 6.283446220717451
-8.462986345136127 -3.981076843677504 5.314059163712955
-3.981076843677504 -7.171680099836208 6.303795720086782
-7.171680099836208 -7.3053036632301165 5.894374597839487
-7.3053036632301165 -6.9811907495043775 5.848504269575642
-6.9811907495043775 -7.7381262303260705 5.955476379931497
-7.7381262303260705 -5.861892448352191 5.6819618171066395
-5.861892448352191 -9.101192381426621 6.2040255844040075
-9.101192381426621 -2.6541861310869623 4.7953791194813675
-2.6541861310869623 -4.868666953897593 6.311217305337777
-4.868666953897593 -8.46736651936497 6.283303768585029
-8.46736651936497 -3.9704208201653683 5.311309574753977
-3.9704208201653683 -7.154284481035954 6.303923965228023
-7.154284481035954 -7.346374814601593 5.900163872422127
-7.346374814601593 -6.8788579724053065 5.833904031009297
-6.8788579724053065 -7.953050003296075 5.986189582195948
-7.953050003296075 -5.291001200449931 5.58725721220253
-5.291001200449931 -8.895957432850334 6.2609014650734025
-8.895957432850334 -3.018917563550289 4.992176241554262
-3.018917563550289 -5.520258641140709 6.310517364603584
-5.520258641140709 -9.04049105635686 6.242551451025065
-9.04049105635686 -2.7540419806224485 4.8569518119620625
-2.7540419806224485 -5.047844338333084 6.311164843435108
-5.047844338333084 -8.670844705282908 6.275297384112491
-8.670844705282908 -3.493450654906736 5.173239752912195
-3.493450654906736 -6.351380772110367 6.308199593186146
-6.351380772110367 -8.797873454903472 6.119538381579332
-8.797873454903472 -3.217511304115179 5.075197537946224
-3.217511304115179 -5.870921813653661 6.309724477185227
-5.870921813653661 -9.099936746949155 6.20279708506132
-9.099936746949155 -2.6561771259377065 4.796681407307915
-2.6561771259377065 -4.87224413772977 6.3112179572708555
-4.87224413772977 -8.471693960215086 6.283162019470183
-8.471693960215086 -3.9599072676165776 5.308584673512087
-3.9599072676165776 -7.13709347725011 6.304048781821621
-7.13709347725011 -7.3866824447285415 5.9058438608190045
-7.3866824447285415 -6.777365481389307 5.819342701324786
-6.777365481389307 -8.151899133035723 6.015151724641328
-8.151899133035723 -4.76782313927296 5.490296932810452
-4.76782313927296 -8.341401279451373 6.287030389146821
-8.341401279451373 -4.282168495900726 5.387156123222667
-4.282168495900726 -7.649616752356281 6.299327776505379
-7.649616752356281 -6.096028698138248 5.718431137902371
-6.096028698138248 -9.016715345350221 6.168269407004118
-9.016715345350221 -2.7950903292990747 4.880293555310345
-2.7950903292990747 -5.121348355043398 6.3111038557763095
-5.121348355043398 -8.745678612124088 6.271418550371891
-8.745678612124088 -3.3285329785251765 5.116710489644902
-3.3285329785251765 -6.0652968680906785 6.309174786903895
-6.0652968680906785 -9.034073851985896 6.173437341130921
-9.034073851985896 -2.765016908791919 4.863294967180991
-2.765016908791919 -5.067506061124618 6.311150393237767
-5.067506061124618 -8.691392424309958 6.2742965259822085
-8.691392424309958 -3.447532529795252 5.158054980580346
-3.447532529795252 -6.2720748202583865 6.3084917257292545
-6.2720748202583865 -8.880060894897635 6.135790861102578
-8.880060894897635 -3.050150589661675 5.006094243908592
-3.050150589661675 -5.575633350243871 6.310408432320401
-5.575633350243871 -9.063810063078403 6.237289008990047
-9.063810063078403 -2.714823712712931 4.833633753725735
-2.714823712712931 -4.977531657313502 6.311203938545077
-4.977531657313502 -8.594361776797326 6.278669739469478
-8.594361776797326 -3.668254332674653 5.227650884691684
-3.668254332674653 -6.650460984020985 6.306920801158412
-6.650460984020985 -8.378069717541853 6.049203280606889
-8.378069717541853 -4.190348544683437 5.365740716166329
-4.190348544683437 -7.506918166031239 6.300881584800663
-7.506918166031239 -6.469311569765485 5.7745065920607885
-6.469311569765485 -8.65252623100163 6.093500270901131
-8.65252623100163 -3.5347721726604893 5.186569874131237
-3.5347721726604893 -6.4224981208045735 6.307921989260649
-6.4224981208045735 -8.713481014031101 6.1041032787106815
-8.713481014031101 -3.3986979588450366 5.14145062683383
-3.3986979588450366 -6.187428406088038 6.3087845081608975
-6.187428406088038 -8.95368391252652 6.152022941765608
-8.95368391252652 -2.9088514244196353 4.940068298092228
-2.9088514244196353 -5.324524319697543 6.3108518704466405
-5.324524319697543 -8.92156988133239 6.258536822708265
-8.92156988133239 -2.969420419937124 4.9693625818617875
-2.969420419937124 -5.432346587036784 6.3106775983033
-5.432346587036784 -8.993831086223874 6.250213044600969
-8.993831086223874 -2.8355810966577035 4.902347778705007
-2.8355810966577035 -5.193757735201066 6.311026822462736
-5.193757735201066 -8.813851910848047 6.267212143247889
-8.813851910848047 -3.1842340688895434 5.062128586454492
-3.1842340688895434 -5.812413568449054 6.309873987658648
-5.812413568449054 -9.105318640944477 6.210553614262608
-9.105318640944477 -2.647666121172479 4.791091110215348
-2.647666121172479 -4.8569513734962 6.311214577384817
-4.8569513734962 -8.453123763720063 6.283763260405976
-8.453123763720063 -4.005122632964272 5.320219144494331
-4.005122632964272 -7.210827210945439 6.303499766509049
-7.210827210945439 -7.211876278040671 5.8811930838783155
-7.211876278040671 -7.209354165122864 5.880836912881932
-7.209354165122864 -7.215416085888445 5.881692920236674
-7.215416085888445 -7.200837065355282 5.879634011573216
-7.200837065355282 -7.2358466033539415 5.884577112643456
-7.2358466033539415 -7.151474157163338 5.872657313018863
-7.151474157163338 -7.352983427638211 5.901095206223545
-7.352983427638211 -6.862287319318532 5.831532492644328
-6.862287319318532 -7.986532984623809 5.991021216090303
-7.986532984623809 -5.20230854233059 5.57162133006932
-5.20230854233059 -8.821518443323589 6.266688250871084
-8.821518443323589 -3.1683904417172504 5.055796505941544
-3.1683904417172504 -5.784519660305853 6.309942784020677
-5.784519660305853 -9.105618775362766 6.214083785147523
-9.105618775362766 -2.6471932373293496 4.790778706417768
-2.6471932373293496 -4.8561015941022445 6.311214343499159
-4.8561015941022445 -8.45208653181372 6.2837963082347414
-8.45208653181372 -4.0076556541671815 5.320864493471163
-4.0076556541671815 -7.214942269007745 6.30346805172303
-7.214942269007745 -7.201977739258518 5.8797951347441995
-7.201977739258518 -7.23311403302098 5.884191423123411
-7.23311403302098 -7.158096417795569 5.873593799529772
-7.158096417795569 -7.337398932523182 5.898898833227577
-7.337398932523182 -6.901319050857154 5.837115165522846
-6.901319050857154 -7.907059186765053 5.979576959376573
-7.907059186765053 -5.4130519407664375 5.608321844410966
-5.4130519407664375 -8.982078128886515 6.251786155466107
-8.982078128886515 -2.8567407624210897 4.913517842382134
-2.8567407624210897 -5.23155739362688 6.3109807055516285
-5.23155739362688 -8.847104074216253 6.264853082364425
-8.847104074216253 -3.1161072526069593 5.0343709982334985
-3.1161072526069593 -5.692306067603045 6.310159034735989
-5.692306067603045 -9.096514922838582 6.225011000962695
-9.096514922838582 -2.6616193008115507 4.800224279155373
-2.6616193008115507 -4.8820211073098925 6.31121931947564
-4.8820211073098925 -8.483469951040753 6.28277109994815
-8.483469951040753 -3.9313697066449804 5.301126830017893
-3.9313697066449804 -7.090293803292707 6.3043791911622975
-7.090293803292707 -7.494936066175585 5.921098981460091
-7.494936066175585 -6.500321694225204 5.779070844197122
-6.500321694225204 -8.60983424888585 6.086284128155967
-8.60983424888585 -3.632419626332507 5.216902952342934
-3.632419626332507 -6.589542703627435 6.307206185651012
-6.589542703627435 -8.47699829653373 6.064673628505261
-8.47699829653373 -3.9470397386744747 5.305233158331248
-3.9470397386744747 -7.116016160859552 6.304199263897317
-7.116016160859552 -7.435709940364099 5.912751990115794
-7.435709940364099 -6.652638357906774 5.801316566590685
-6.652638357906774 -8.374414231952787 6.048639684529917
-8.374414231952787 -4.199465145150307 5.367899046897946
-4.199465145150307 -7.521217471076695 6.3007355950030615
-7.521217471076695 -6.432226008069752 5.769031175528653
-6.432226008069752 -8.701163965259779 6.101928793665138
-8.701163965259779 -3.4258606383585084 5.150745878156158
-3.4258606383585084 -6.234547842993524 6.308623876408092
-6.234547842993524 -8.914506806995314 6.143128815834643
-8.914506806995314 -2.9829666395480507 4.9757021692130365
-2.9829666395480507 -5.456424561644152 6.310635287482
-5.456424561644152 -9.007748395191788 6.248196140950313
-9.007748395191788 -2.8108431905932827 4.8889833744106
-2.8108431905932827 -5.149530788120855 6.31107573195186
-5.149530788120855 -8.77289105217243 6.269828674747259
-8.77289105217243 -3.2702169355888295 5.095289049146231
-3.2702169355888295 -5.963361542892018 6.30947349237249
-5.963361542892018 -9.077971419793077 6.189538823535258
-9.077971419793077 -2.691523972325913 4.819268131817807
-2.691523972325913 -4.9357214443003565 6.311216642148793
-4.9357214443003565 -8.546767670040543 6.28052992978337
-8.546767670040543 -3.779880532783793 5.259929640960763
-3.779880532783793 -6.838761921971975 6.305944865947822
-6.838761921971975 -8.033402022430622 5.997812054934911
-8.033402022430622 -5.078480445407329 5.549287798516161
-5.078480445407329 -8.70269583144985 6.273725993363769
-8.70269583144985 -3.4224729698432586 5.149594840397185
-3.4224729698432586 -6.228676299220412 6.308644210723287
-6.228676299220412 -8.91963634601164 6.144256483668869
-8.91963634601164 -2.9731208083073883 4.9711017382651335
-2.9731208083073883 -5.438925266714219 6.310666157442029
-5.438925266714219 -8.997716870488073 6.249667927404516
-8.997716870488073 -2.8286391545427145 4.898631373995158
-2.8286391545427145 -5.181350554445323 6.311041109322105
-5.181350554445323 -8.802580621312243 6.2679615039305645
-8.802580621312243 -3.2076723865285866 5.071365397263435
-3.2076723865285866 -5.853634265055821 6.309769394494651
-5.853634265055821 -9.102204122649155 6.205139187215536
-9.102204122649155 -2.6525842161303252 4.794328914555081
-2.6525842161303252 -4.865788697829032 6.311216720030643
-4.865788697829032 -8.463877307914647 6.283417327715142
-8.463877307914647 -3.978908158306741 5.313500566880975
-3.978908158306741 -7.168142121402859 6.303821963250812
-7.168142121402859 -7.313679569811319 5.895555435396091
-7.313679569811319 -6.960414994872029 5.8455460374680115
-6.960414994872029 -7.782851059069207 5.961832759545359
-7.782851059069207 -5.7431651017076835 5.66300321854942
-5.7431651017076835 -9.103428699864732 6.219123113376554
-9.103428699864732 -2.6506481231824806 4.793056741866167
-2.6506481231824806 -4.862309856394898 6.31121593916032
-4.862309856394898 -8.459651388191782 6.283553996538103
-8.459651388191782 -3.989199687639972 5.316146918477898
-3.989199687639972 -7.184920978898142 6.303696770955867
-7.184920978898142 -7.273855688453181 5.889939927139494
-7.273855688453181 -7.058743861377598 5.859523412211274
-7.058743861377598 -7.5666326039863465 5.931211314928078
-7.5666326039863465 -6.313918851508816 5.7514326132586575
-6.313918851508816 -8.838277759251023 6.127341740386328
-8.838277759251023 -3.1340392304357776 5.041813579460722
-3.1340392304357776 -5.7239612734184115 6.310086719218816
-5.7239612734184115 -9.101358746758175 6.221386012068251
-9.101358746758175 -2.6539225765418966 4.795206482725916
-2.6539225765418966 -4.868193417378845 6.311217212773045
-4.868193417378845 -8.46679291311262 6.283322481816867
-8.46679291311262 -3.9718154618113526 5.311670134185988
-3.9718154618113526 -7.15656282012931 6.303907280685962
-7.15656282012931 -7.341011709945624 5.899408025266894
-7.341011709945624 -6.892284842508241 5.83582406075584
-6.892284842508241 -7.92564026648462 5.982245422732376
-7.92564026648462 -5.363715681796527 5.5998674449147074
-5.363715681796527 -8.949662481553652 6.255640826646413
-8.949662481553652 -2.91634270855549 4.943779098488449
-2.91634270855549 -5.337873994608186 6.31083168576879
-5.337873994608186 -8.931366413422705 6.25756656385056
-8.931366413422705 -2.9507644592897306 4.960508134434349
-2.9507644592897306 -5.399164040000593 6.31073391596874
-5.399164040000593 -8.973293366118455 6.2528956629903405
-8.973293366118455 -2.8727148084929603 4.921797815113678
-2.8727148084929603 -5.260074562702156 6.310943440788833
-5.260074562702156 -8.8710772816977 6.262995251978282
-8.8710772816977 -3.0679705032320665 5.013878953017411
-3.0679705032320665 -5.607191742184927 6.3103436280362075
-5.607191742184927 -9.074901189179158 6.234131041397632
-9.074901189179158 -2.6965417722316865 4.822395756498736
-2.6965417722316865 -4.9447278802565755 6.311214639754326
-4.9447278802565755 -8.557148043875037 6.28013797733729
-8.557148043875037 -3.7553603516488216 5.252987993648276
-3.7553603516488216 -6.797598577386812 6.306171154996264
-6.797598577386812 -8.113472659321205 6.009499007712293
-8.113472659321205 -4.868111216820969 5.509844984255324
-4.868111216820969 -8.466693697787674 6.283325049960695
-8.466693697787674 -3.9720567148027923 5.311732484129607
-3.9720567148027923 -7.156956890450749 6.303904391599644
-7.156956890450749 -7.340083591311566 5.899277217889903
-7.340083591311566 -6.89460653984486 5.8361559203549405
-6.89460653984486 -7.920875700271449 5.981560779364372
-7.920875700271449 -5.376363584658719 5.602042482685647
-5.376363584658719 -8.958290966054514 6.254675277436036
-8.958290966054514 -2.900302662549297 4.935802070845966
-2.900302662549297 -5.309285497391493 6.310874410701217
-5.309285497391493 -8.910104786608951 6.259624422265915
-8.910104786608951 -2.9914493813864937 4.979634605209867
-2.9914493813864937 -5.471495352495383 6.310608195068198
-5.471495352495383 -9.016028782839388 6.246902919323475
-9.016028782839388 -2.7962912607135153 4.880961093993392
-2.7962912607135153 -5.123497378303087 6.311101798622985
-5.123497378303087 -8.747783367952197 6.271299381260178
-8.747783367952197 -3.3239897000616545 5.11507058198913
-3.3239897000616545 -6.057368859749017 6.309198875300353
-6.057368859749017 -9.03824009741982 6.174746708406019
-9.03824009741982 -2.757882787292054 4.85918042447156
-2.757882787292054 -5.054725944414369 6.3111599491167
-5.054725944414369 -8.678079372184053 6.274950050872576
-8.678079372184053 -3.477230455452374 5.167921655513055
-3.477230455452374 -6.323399194419618 6.30830470786168
-6.323399194419618 -8.828319404125526 6.125388366606785
-8.828319404125526 -3.1544033963302947 5.0501456035417505
-3.1544033963302947 -5.759874775462946 6.310002251317201
-5.759874775462946 -9.10468898466456 6.217114625542308
-9.10468898466456 -2.648658793927981 4.791746284783585
-2.648658793927981 -4.858735190446627 6.31121505228657
-4.858735190446627 -8.455299255327185 6.283693764904456
-8.455299255327185 -3.9998124323936026 5.3188640570951975
-3.9998124323936026 -7.202194981583173 6.303565917238302
-7.202194981583173 -7.232593495445534 5.88411795754655
-7.232593495445534 -7.159357224342624 5.873772076840396
-7.159357224342624 -7.334427141721854 5.898479979157855
-7.334427141721854 -6.9087439320566055 5.838175816374132
-6.9087439320566055 -7.891705595297003 5.977375044654764
-7.891705595297003 -5.453838802714352 5.615251706032723
-5.453838802714352 -9.006294216248913 6.248415412948816
-9.006294216248913 -2.8134116486345433 4.890386763603601
-2.8134116486345433 -5.154124455405444 6.311070917487086
-5.154124455405444 -8.777245794408117 6.269563903675589
-8.777245794408117 -3.26097144771952 5.091816489679331
-3.26097144771952 -5.947166805418684 6.309518799360376
-5.947166805418684 -9.08303142137573 6.1919523550750455
-9.08303142137573 -2.683295211719271 4.8140977350994945
-2.683295211719271 -4.9209490581868245 6.311219001239806
-4.9209490581868245 -8.529592889710639 6.2811626494294615
-8.529592889710639 -3.820655663838139 5.271297702805896
-3.820655663838139 -6.906948483020547 6.305552669145982
-6.906948483020547 -7.895425126083753 5.977908244349237
-7.895425126083753 -5.443956429802174 5.613577492018521
-5.443956429802174 -9.000646570916528 6.249247817657306
-9.000646570916528 -2.823423118692166 4.895821695696213
-2.823423118692166 -5.172026101425602 6.311051559881889
-5.172026101425602 -8.793996194529493 6.268516737422033
-8.793996194529493 -3.225637669836119 5.078342889719352
-3.225637669836119 -5.88519303844534 6.309686923435947
-5.88519303844534 -9.097632427994562 6.200831439680769
-9.097632427994562 -2.65983935695156 4.79906822265184
-2.65983935695156 -4.878823548216047 6.311218940769322
-4.878823548216047 -8.47962695067807 6.28289951642364
-8.47962695067807 -3.9406709971744838 5.303567547023704
-3.9406709971744838 -7.1055690292503 6.3042728284490295
-7.1055690292503 -7.4598463151850645 5.916153205078444
-7.4598463151850645 -6.59076745627708 5.792313524296333
-6.59076745627708 -8.475073856555326 6.06436825171113
-8.475073856555326 -3.951705660793404 5.306450571370078
-3.951705660793404 -7.123663753413822 6.30414498483151
-7.123663753413822 -7.4179718342401095 5.910252600908279
-7.4179718342401095 -6.697916946290161 5.807878631880158
-6.697916946290161 -8.29657918186276 6.036755522298336
-8.29657918186276 -4.395463187380844 5.412649162921298
-4.395463187380844 -7.821290819225897 6.297130331353401
-7.821290819225897 -5.6410094474973 5.646408633838291
-5.6410094474973 -9.084960811212184 6.230614446561958
-9.084960811212184 -2.68017106393115 4.812121077164193
-2.68017106393115 -4.915339707793363 6.311219586263178
-4.915339707793363 -8.523023415192847 6.28139963861031
-8.523023415192847 -3.83631877242185 5.275608015981561
-3.83631877242185 -6.933050292967422 6.305396538322384
-6.933050292967422 -7.840931216871566 5.970111416077998
-7.840931216871566 -5.588796912428136 5.637818922601582
-5.588796912428136 -9.068633812248827 6.235985895902559
-9.068633812248827 -2.706842768010033 4.82875777589652
-2.706842768010033 -4.963213269807776 6.311209248735395
-4.963213269807776 -8.578234428024754 6.279318539891392
-8.578234428024754 -3.7058472649122827 5.238719081055024
-3.7058472649122827 -6.7141306823280935 6.306607312399137
-6.7141306823280935 -8.267877255489607 6.032423969831143
-8.267877255489607 -4.468573791956712 5.428597718826495
-4.468573791956712 -7.929169160280109 6.295525185872975
-7.929169160280109 -5.35434938761505 5.598253288291744
-5.35434938761505 -8.943133825894051 6.256345994959702
-8.943133825894051 -2.9285620776777557 4.949777461923077
-2.9285620776777557 -5.359640902921775 6.310797911435657
-5.359640902921775 -8.94683657579747 6.255948886289843
-8.94683657579747 -2.921623109487262 4.946379413377144
-2.921623109487262 -5.347281485192726 6.310817219004093
-5.347281485192726 -8.93812961020268 6.256872882004245
-8.93812961020268 -2.9379760665279693 4.954353487781191
-2.9379760665279693 -5.3764033174769414 6.310771185322665
-5.3764033174769414 -8.958317652537888 6.2546724648200325
-8.958317652537888 -2.9002532480777496 4.935777311926358
-2.9002532480777496 -5.3091973978747475 6.3108745395511505
-5.3091973978747475 -8.910037637330376 6.259630648855818
-8.910037637330376 -2.991579016094609 4.979694480622129
-2.991579016094609 -5.471725624608475 6.310607777406403
-5.471725624608475 -9.0161527006408 6.246882973508036
-9.0161527006408 -2.796074440368036 4.880840636848006
-2.796074440368036 -5.123109392376721 6.311102171210223
-5.123109392376721 -8.747403733307046 6.271320921056031
-8.747403733307046 -3.324808769863003 5.115366579942929
-3.324808769863003 -6.058798307233146 6.309194542911428
-6.058798307233146 -9.037498341414416 6.174511343917402
-9.037498341414416 -2.759150545050494 4.859913957981917
-2.759150545050494 -5.056997219604751 6.311158294840425
-5.056997219604751 -8.680457060180817 6.274834714909957
-8.680457060180817 -3.471912116576231 5.166167159957695
-3.471912116576231 -6.314216663680434 6.308338711925899
-6.314216663680434 -8.837967708608408 6.127280641027028
-8.837967708608408 -3.134671157754946 5.042074033350218
-3.134671157754946 -5.725076284886432 6.310084135562647
-5.725076284886432 -9.101496986496027 6.221255955395463
-9.101496986496027 -2.6537036214697616 4.795063015881169
-2.6537036214697616 -4.867800011807814 6.311217134767503
-4.867800011807814 -8.466316237762953 6.283338019355142
-8.466316237762953 -3.9729746180516674 5.311969652408152
-3.9729746180516674 -7.158456088866655 6.30389339064277
-7.158456088866655 -7.3365513312140225 5.898779379313055
-7.3365513312140225 -6.903437339606119 5.837417807269958
-6.903437339606119 -7.902686423542521 5.9789495708973845
-7.902686423542521 -5.424666548276426 5.610300615131564
-5.424666548276426 -8.989216387605067 6.250843597386847
-8.989216387605067 -2.84386015433858 4.906746248962008
-2.84386015433858 -5.208550806648303 6.31100923181657
-5.208550806648303 -8.827062075674865 6.266302695679769
-8.827062075674865 -3.1569844176291224 5.051192714570789
-3.1569844176291224 -5.764423851749911 6.309991366775648
-5.764423851749911 -9.10494426390288 6.216561338369502
-9.10494426390288 -2.6482562398484166 4.7914806959815905
-2.6482562398484166 -4.858011812310568 6.311214862260385
-4.858011812310568 -8.454417341150343 6.283721966930898
-8.454417341150343 -4.0019646954475645 5.319413641176652
-4.0019646954475645 -7.205694576409629 6.3035391606681515
-7.205694576409629 -7.224202257024321 5.882933428576507
-7.224202257024321 -7.179651026850354 5.876640773458348
-7.179651026850354 -7.286391165211247 5.891707852904801
-7.286391165211247 -7.027917433835051 5.8551476574575645
-7.027917433835051 -7.6356310344279485 5.94095751138957
-7.6356310344279485 -6.132882140510402 5.72407161918818
-6.132882140510402 -8.993357640731178 6.161877330720017
-8.993357640731178 -2.8364287458425688 4.9027997932062135
-2.8364287458425688 -5.195272516018108 6.311025048707961
-5.195272516018108 -8.815216087594303 6.267119821095548
-8.815216087594303 -3.1814089828179846 5.061004796058114
-3.1814089828179846 -5.8074415388831 6.309886366972933
-5.8074415388831 -9.105478184851808 6.211190694571997
-9.105478184851808 -2.647414724905356 4.790925052831881
-2.647414724905356 -4.856499611798019 6.311214453642606
-4.856499611798019 -8.452572417557887 6.283780834077334
-8.452572417557887 -4.0064689759107175 5.320562241860898
-4.0064689759107175 -7.213014642957006 6.303482922601688
-7.213014642957006 -7.206616328117756 5.880450271622976
-7.206616328117756 -7.221990334168191 5.882621145668963
-7.221990334168191 -7.184990721934369 5.877395331473963
-7.184990721934369 -7.273689614364041 5.889916494343197
-7.273689614364041 -7.059151468777063 5.85958123637829
-7.059151468777063 -7.565713176311696 5.931081554015691
-7.565713176311696 -6.316321312644151 5.75179207779729
-6.316321312644151 -8.835771293004843 6.126848084219091
-8.835771293004843 -3.139151654722744 5.043917186842009
-3.139151654722744 -5.732980913504089 6.31006574825733
-5.732980913504089 -9.102413312585856 6.220329276329721
-9.102413312585856 -2.652253262547509 4.794111674767919
-2.652253262547509 -4.865194039973599 6.31121659220662
-4.865194039973599 -8.463155616837811 6.28344073460903
-8.463155616837811 -3.9806647751564572 5.31395306441118
-3.9806647751564572 -7.171007946158356 6.303800712128577
-7.171007946158356 -7.306895822308641 5.894599069550168
-7.306895822308641 -6.977245328184769 5.8479427035854314
-6.977245328184769 -7.746660704040141 5.956688193931768
-7.746660704040141 -5.8392521544551705 5.678372407142888
-5.8392521544551705 -9.103655845304155 6.207055271428544
-9.103655845304155 -2.650289338230412 4.7928206427022815
-2.650289338230412 -4.8616651609887915 6.311215785659442
-4.8616651609887915 -8.458867209412176 6.283579253627977
-8.458867209412176 -3.991110885756867 5.316637116433412
-3.991110885756867 -7.188033922157793 6.303673338348744
-7.188033922157793 -7.266439326925432 5.8888938056261395
-7.266439326925432 -7.076925921195609 5.862101909959165
-7.076925921195609 -7.5254442951250065 5.925400559353875
-7.5254442951250065 -6.421247843024111 5.767406687249604
-6.421247843024111 -8.71505065699513 6.104381613142323
-8.71505065699513 -3.3952490020710764 5.1402594321843935
-3.3952490020710764 -6.181438862417879 6.30880451403209
-6.181438862417879 -8.958338263525318 6.153128118094173
-8.958338263525318 -2.900215084029971 4.935758188810723
-2.900215084029971 -5.309129356273717 6.310874638969835
-5.309129356273717 -8.90998576937124 6.259635457136028
-8.90998576937124 -2.991679154397625 4.979740727801982
-2.991679154397625 -5.471903500931877 6.310607454783167
-5.471903500931877 -9.016248368525433 6.246867562098487
-9.016248368525433 -2.7959070685004574 4.880747632341809
-2.7959070685004574 -5.122809889412639 6.311102458363166
-5.122809889412639 -8.747110568745367 6.27133754096576
-8.747110568745367 -3.325441399481633 5.115595095376193
-3.325441399481633 -6.059902325741495 6.309191193620791
-6.059902325741495 -9.036922614792715 6.17432934633689
-9.036922614792715 -2.760135253682731 4.860483009288146
-2.760135253682731 -5.058761331919211 6.311156996634963
-5.058761331919211 -8.682300345879419 6.2747448928203085
-8.682300345879419 -3.4677933819149898 5.164804711464967
-3.4677933819149898 -6.3071027153832 6.308364891010569
-6.3071027153832 -8.845325597916249 6.128737302104128
-8.845325597916249 -3.1197115512651137 5.035875041947293
-3.1197115512651137 -5.698671013839041 6.310144654256874
-5.698671013839041 -9.097630744824261 6.224292502498429
-9.097630744824261 -2.6598420359941817 4.799069964712544
-2.6598420359941817 -4.87882836105571 6.311218941358675
-4.87882836105571 -8.479632741117173 6.282899323516176
-8.479632741117173 -3.9406569738789563 5.30356387442589
-3.9406569738789563 -7.105546014913402 6.304272989960737
-7.105546014913402 -7.459899363645653 5.916160681015754
-7.459899363645653 -6.590631155055645 5.792293642211007
-6.590631155055645 -8.475288155539939 6.064402245101519
-8.475288155539939 -3.95118593967498 5.306315087276744
-3.95118593967498 -7.122812178002198 6.304151046882907
-7.122812178002198 -7.419949893748465 5.910531314657419
-7.419949893748465 -6.692876031730386 5.807149134452629
-6.692876031730386 -8.305414494446792 6.038094087751233
-8.305414494446792 -4.373043419449796 5.407681602482626
-4.373043419449796 -7.787735059878075 6.2975919114251155
-7.787735059878075 -5.7301897927351435 5.660910422746383
-5.7301897927351435 -9.102102531235738 6.220657296842546
-9.102102531235738 -2.6527449735130317 4.794434403360356
-2.6527449735130317 -4.866077545210188 6.3112167812432745
-4.866077545210188 -8.46422776034149 6.283405951413442
-8.46422776034149 -3.9780552874592514 5.313280751106504
-3.9780552874592514 -7.166750426298872 6.303832263634831
-7.166750426298872 -7.316971150074766 5.8960194531755405
-7.316971150074766 -6.952237084504958 5.844380806578556
-6.952237084504958 -7.800308197063114 5.964317998783372
-7.800308197063114 -5.696780271222321 5.655502016306855
-5.696780271222321 -9.097306708542764 6.2245063445298
-9.097306708542764 -2.6603578945432957 4.799405277015467
-2.6603578945432957 -4.8797550834015 6.311219057657581
-4.8797550834015 -8.480747359517299 6.28286216215929
-8.480747359517299 -3.9379580705101334 5.302856661532132
-3.9379580705101334 -7.101115823836641 6.304303982848069
-7.101115823836641 -7.470100936294555 5.917598402695148
-7.470100936294555 -6.56439448545365 5.788462456672278
-6.56439448545365 -8.515916334835717 6.070891574665438
-8.515916334835717 -3.8533042220929197 5.280247669812525
-3.8533042220929197 -6.9612968835948354 6.305223675233719
-6.9612968835948354 -7.78096350326296 5.9615642032295
-7.78096350326296 -5.74817933974128 5.663810834586911
