delta_x	delta_ca	T0_V	T0_Ca	T0_method	T_encoding	gamma_encoding	T_scs	gamma_scs	status
-3.200000	-37.289408								error: T SSCS does not start with ±1: [0, 0, 0, 0, 0, 0, 0, 0, 0, 0]
-3.197164	-37.289408								error: T SSCS does not start with ±1: [0, 0, 0, 0, 0, 0, 0, 0, 0, 0]
-3.194329	-37.289408								error: T SSCS does not start with ±1: [0, 0, 0, 0, 0, 0, 0, 0, 0, 0]
-3.191493	-37.289408								error: T SSCS does not start with ±1: [0, 0, 0, 0, 0, 0, 0, 0, 0, 0]
-3.188657	-37.289408								error: T SSCS does not start with ±1: [0, 0, 0, 0, 0, 0, 0, 0, 0, 0]
-3.185822	-37.289408								error: T SSCS does not start with ±1: [0, 0, 0, 0, 0, 0, 0, 0, 0, 0]
-3.182986	-37.289408								error: T SSCS does not start with ±1: [0, 0, 0, 0, 0, 0, 0, 0, 0, 0]
-3.180150	-37.289408								error: T SSCS does not start with ±1: [0, 0, 0, 0, 0, 0, 0, 0, 0, 0]
-3.177314	-37.289408								error: T SSCS does not start with ±1: [0, 0, 0, 0, 0, 0, 0, 0, 0, 0]
-3.174479	-37.289408								error: T SSCS does not start with ±1: [0, 0, 0, 0, 0, 0, 0, 0, 0, 0]
-3.171643	-37.289408								error: T SSCS does not start with ±1: [0, 0, 0, 0, 0, 0, 0, 0, 0, 0]
-3.168807	-37.289408								error: T SSCS does not start with ±1: [0, 0, 0, 0, 0, 0, 0, 0, 0, 0]
-3.165972	-37.289408								error: T SSCS does not start with ±1: [0, 0, 0, 0, 0, 0, 0, 0, 0, 0]
-3.163136	-37.289408								error: T SSCS does not start with ±1: [0, 0, 0, 0, 0, 0, 0, 0, 0, 0]
-3.160300	-37.289408								error: T SSCS does not start with ±1: [0, 0, 0, 0, 0, 0, 0, 0, 0, 0]
-3.157465	-37.289408								error: T SSCS does not start with ±1: [0, 0, 0, 0, 0, 0, 0, 0, 0, 0]
-3.154629	-37.289408								error: T SSCS does not start with ±1: [0, 0, 0, 0, 0, 0, 0, 0, 0, 0]
-3.151793	-37.289408								error: T SSCS does not start with ±1: [0, 0, 0, 0, 0, 0, 0, 0, 0, 0]
-3.148957	-37.289408								error: T SSCS does not start with ±1: [0, 0, 0, 0, 0, 0, 0, 0, 0, 0]
-3.146122	-37.289408								error: T SSCS does not start with ±1: [0, 0, 0, 0, 0, 0, 0, 0, 0, 0]
-3.143286	-37.289408								error: T SSCS does not start with ±1: [0, 0, 0, 0, 0, 0, 0, 0, 0, 0]
-3.140450	-37.289408								error: T SSCS does not start with ±1: [0, 0, 0, 0, 0, 0, 0, 0, 0, 0]
-3.137615	-37.289408								error: T SSCS does not start with ±1: [0, 0, 0, 0, 0, 0, 0, 0, 0, 0]
-3.134779	-37.289408								error: T SSCS does not start with ±1: [0, 0, 0, 0, 0, 0, 0, 0, 0, 0]
-3.131943	-37.289408								error: T SSCS does not start with ±1: [0, 0, 0, 0, 0, 0, 0, 0, 0, 0]
-3.129108	-37.289408								error: T SSCS does not start with ±1: [0, 0, 0, 0, 0, 0, 0, 0, 0, 0]
-3.126272	-37.289408								error: T SSCS does not start with ±1: [0, 0, 0, 0, 0, 0, 0, 0, 0, 0]
-3.123436	-37.289408								error: T SSCS does not start with ±1: [0, 0, 0, 0, 0, 0, 0, 0, 0, 0]
-3.120601	-37.289408								error: T SSCS does not start with ±1: [0, 0, 0, 0, 0, 0, 0, 0, 0, 0]
-3.117765	-37.289408								error: T SSCS does not start with ±1: [0, 0, 0, 0, 0, 0, 0, 0, 0, 0]
-3.114929	-37.289408								error: T SSCS does not start with ±1: [0, 0, 0, 0, 0, 0, 0, 0, 0, 0]
-3.112093	-37.289408								error: T SSCS does not start with ±1: [0, 0, 0, 0, 0, 0, 0, 0, 0, 0]
-3.109258	-37.289408								error: T SSCS does not start with ±1: [0, 0, 0, 0, 0, 0, 0, 0, 0, 0]
-3.106422	-37.289408								error: T SSCS does not start with ±1: [0, 0, 0, 0, 0, 0, 0, 0, 0, 0]
-3.103586	-37.289408								error: T SSCS does not start with ±1: [0, 0, 0, 0, 0, 0, 0, 0, 0, 0]
-3.100751	-37.289408								error: T SSCS does not start with ±1: [0, 0, 0, 0, 0, 0, 0, 0, 0, 0]
-3.097915	-37.289408								error: T SSCS does not start with ±1: [0, 0, 0, 0, 0, 0, 0, 0, 0, 0]
-3.095079	-37.289408								error: T SSCS does not start with ±1: [0, 0, 0, 0, 0, 0, 0, 0, 0, 0]
-3.092244	-37.289408								error: T SSCS does not start with ±1: [0, 0, 0, 0, 0, 0, 0, 0, 0, 0]
-3.089408	-37.289408								error: T SSCS does not start with ±1: [0, 0, 0, 0, 0, 0, 0, 0, 0, 0]
-3.086572	-37.289408								error: T SSCS does not start with ±1: [0, 0, 0, 0, 0, 0, 0, 0, 0, 0]
-3.083736	-37.289408								error: T SSCS does not start with ±1: [0, 0, 0, 0, 0, 0, 0, 0, 0, 0]
-3.080901	-37.289408								error: T SSCS does not start with ±1: [0, 0, 0, 0, 0, 0, 0, 0, 0, 0]
-3.078065	-37.289408								error: T SSCS does not start with ±1: [0, 0, 0, 0, 0, 0, 0, 0, 0, 0]
-3.075229	-37.289408								error: T SSCS does not start with ±1: [0, 0, 0, 0, 0, 0, 0, 0, 0, 0]
-3.072394	-37.289408								error: T SSCS does not start with ±1: [0, 0, 0, 0, 0, 0, 0, 0, 0, 0]
-3.069558	-37.289408								error: T SSCS does not start with ±1: [0, 0, 0, 0, 0, 0, 0, 0, 0, 0]
-3.066722	-37.289408								error: T SSCS does not start with ±1: [0, 0, 0, 0, 0, 0, 0, 0, 0, 0]
-3.063887	-37.289408								error: T SSCS does not start with ±1: [0, 0, 0, 0, 0, 0, 0, 0, 0, 0]
-3.061051	-37.289408								error: T SSCS does not start with ±1: [0, 0, 0, 0, 0, 0, 0, 0, 0, 0]
-3.058215	-37.289408								error: T SSCS does not start with ±1: [0, 0, 0, 0, 0, 0, 0, 0, 0, 0]
-3.055379	-37.289408								error: T SSCS does not start with ±1: [0, 0, 0, 0, 0, 0, 0, 0, 0, 0]
-3.052544	-37.289408								error: T SSCS does not start with ±1: [0, 0, 0, 0, 0, 0, 0, 0, 0, 0]
-3.049708	-37.289408								error: T SSCS does not start with ±1: [0, 0, 0, 0, 0, 0, 0, 0, 0, 0]
-3.046872	-37.289408								error: T SSCS does not start with ±1: [0, 0, 0, 0, 0, 0, 0, 0, 0, 0]
-3.044037	-37.289408								error: T SSCS does not start with ±1: [0, 0, 0, 0, 0, 0, 0, 0, 0, 0]
-3.041201	-37.289408								error: T SSCS does not start with ±1: [0, 0, 0, 0, 0, 0, 0, 0, 0, 0]
-3.038365	-37.289408								error: T SSCS does not start with ±1: [0, 0, 0, 0, 0, 0, 0, 0, 0, 0]
-3.035530	-37.289408								error: T SSCS does not start with ±1: [0, 0, 0, 0, 0, 0, 0, 0, 0, 0]
-3.032694	-37.289408								error: T SSCS does not start with ±1: [0, 0, 0, 0, 0, 0, 0, 0, 0, 0]
-3.029858	-37.289408								error: T SSCS does not start with ±1: [0, 0, 0, 0, 0, 0, 0, 0, 0, 0]
-3.027023	-37.289408								error: T SSCS does not start with ±1: [0, 0, 0, 0, 0, 0, 0, 0, 0, 0]
-3.024187	-37.289408								error: T SSCS does not start with ±1: [0, 0, 0, 0, 0, 0, 0, 0, 0, 0]
-3.021351	-37.289408								error: T SSCS does not start with ±1: [0, 0, 0, 0, 0, 0, 0, 0, 0, 0]
-3.018515	-37.289408								error: T SSCS does not start with ±1: [0, 0, 0, 0, 0, 0, 0, 0, 0, 0]
-3.015680	-37.289408								error: T SSCS does not start with ±1: [0, 0, 0, 0, 0, 0, 0, 0, 0, 0]
-3.012844	-37.289408								error: T SSCS does not start with ±1: [0, 0, 0, 0, 0, 0, 0, 0, 0, 0]
-3.010008	-37.289408								error: T SSCS does not start with ±1: [0, 0, 0, 0, 0, 0, 0, 0, 0, 0]
-3.007173	-37.289408								error: T SSCS does not start with ±1: [0, 0, 0, 0, 0, 0, 0, 0, 0, 0]
-3.004337	-37.289408								error: T SSCS does not start with ±1: [0, 0, 0, 0, 0, 0, 0, 0, 0, 0]
-3.001501	-37.289408								error: T SSCS does not start with ±1: [0, 0, 0, 0, 0, 0, 0, 0, 0, 0]
-2.998666	-37.289408								error: T SSCS does not start with ±1: [0, 0, 0, 0, 0, 0, 0, 0, 0, 0]
-2.995830	-37.289408								error: T SSCS does not start with ±1: [0, 0, 0, 0, 0, 0, 0, 0, 0, 0]
-2.992994	-37.289408								error: T SSCS does not start with ±1: [0, 0, 0, 0, 0, 0, 0, 0, 0, 0]
-2.990158	-37.289408								error: T SSCS does not start with ±1: [0, 0, 0, 0, 0, 0, 0, 0, 0, 0]
-2.987323	-37.289408								error: T SSCS does not start with ±1: [0, 0, 0, 0, 0, 0, 0, 0, 0, 0]
-2.984487	-37.289408								error: T SSCS does not start with ±1: [0, 0, 0, 0, 0, 0, 0, 0, 0, 0]
-2.981651	-37.289408								error: T SSCS does not start with ±1: [0, 0, 0, 0, 0, 0, 0, 0, 0, 0]
-2.978816	-37.289408								error: T SSCS does not start with ±1: [0, 0, 0, 0, 0, 0, 0, 0, 0, 0]
-2.975980	-37.289408								error: T SSCS does not start with ±1: [0, 0, 0, 0, 0, 0, 0, 0, 0, 0]
-2.973144	-37.289408								error: T SSCS does not start with ±1: [0, 0, 0, 0, 0, 0, 0, 0, 0, 0]
-2.970309	-37.289408								error: T SSCS does not start with ±1: [0, 0, 0, 0, 0, 0, 0, 0, 0, 0]
-2.967473	-37.289408								error: T SSCS does not start with ±1: [0, 0, 0, 0, 0, 0, 0, 0, 0, 0]
-2.964637	-37.289408								error: T SSCS does not start with ±1: [0, 0, 0, 0, 0, 0, 0, 0, 0, 0]
-2.961802	-37.289408								error: T SSCS does not start with ±1: [0, 0, 0, 0, 0, 0, 0, 0, 0, 0]
-2.958966	-37.289408								error: T SSCS does not start with ±1: [0, 0, 0, 0, 0, 0, 0, 0, 0, 0]
-2.956130	-37.289408								error: T SSCS does not start with ±1: [0, 0, 0, 0, 0, 0, 0, 0, 0, 0]
-2.953294	-37.289408								error: T SSCS does not start with ±1: [0, 0, 0, 0, 0, 0, 0, 0, 0, 0]
-2.950459	-37.289408								error: T SSCS does not start with ±1: [0, 0, 0, 0, 0, 0, 0, 0, 0, 0]
-2.947623	-37.289408								error: T SSCS does not start with ±1: [0, 0, 0, 0, 0, 0, 0, 0, 0, 0]
-2.944787	-37.289408								error: T SSCS does not start with ±1: [0, 0, 0, 0, 0, 0, 0, 0, 0, 0]
-2.941952	-37.289408								error: T SSCS does not start with ±1: [0, 0, 0, 0, 0, 0, 0, 0, 0, 0]
-2.939116	-37.289408								error: T SSCS does not start with ±1: [0, 0, 0, 0, 0, 0, 0, 0, 0, 0]
-2.936280	-37.289408								error: T SSCS does not start with ±1: [0, 0, 0, 0, 0, 0, 0, 0, 0, 0]
-2.933445	-37.289408								error: T SSCS does not start with ±1: [0, 0, 0, 0, 0, 0, 0, 0, 0, 0]
-2.930609	-37.289408								error: T SSCS does not start with ±1: [0, 0, 0, 0, 0, 0, 0, 0, 0, 0]
-2.927773	-37.289408								error: T SSCS does not start with ±1: [0, 0, 0, 0, 0, 0, 0, 0, 0, 0]
-2.924937	-37.289408								error: T SSCS does not start with ±1: [0, 0, 0, 0, 0, 0, 0, 0, 0, 0]
-2.922102	-37.289408								error: T SSCS does not start with ±1: [0, 0, 0, 0, 0, 0, 0, 0, 0, 0]
-2.919266	-37.289408								error: T SSCS does not start with ±1: [0, 0, 0, 0, 0, 0, 0, 0, 0, 0]
-2.916430	-37.289408								error: T SSCS does not start with ±1: [0, 0, 0, 0, 0, 0, 0, 0, 0, 0]
-2.913595	-37.289408								error: T SSCS does not start with ±1: [0, 0, 0, 0, 0, 0, 0, 0, 0, 0]
-2.910759	-37.289408								error: T SSCS does not start with ±1: [0, 0, 0, 0, 0, 0, 0, 0, 0, 0]
-2.907923	-37.289408								error: T SSCS does not start with ±1: [0, 0, 0, 0, 0, 0, 0, 0, 0, 0]
-2.905088	-37.289408								error: T SSCS does not start with ±1: [0, 0, 0, 0, 0, 0, 0, 0, 0, 0]
-2.902252	-37.289408								error: T SSCS does not start with ±1: [0, 0, 0, 0, 0, 0, 0, 0, 0, 0]
-2.899416	-37.289408								error: T SSCS does not start with ±1: [0, 0, 0, 0, 0, 0, 0, 0, 0, 0]
-2.896580	-37.289408								error: T SSCS does not start with ±1: [0, 0, 0, 0, 0, 0, 0, 0, 0, 0]
-2.893745	-37.289408								error: T SSCS does not start with ±1: [0, 0, 0, 0, 0, 0, 0, 0, 0, 0]
-2.890909	-37.289408								error: T SSCS does not start with ±1: [0, 0, 0, 0, 0, 0, 0, 0, 0, 0]
-2.888073	-37.289408								error: T SSCS does not start with ±1: [0, 0, 0, 0, 0, 0, 0, 0, 0, 0]
-2.885238	-37.289408								error: T SSCS does not start with ±1: [0, 0, 0, 0, 0, 0, 0, 0, 0, 0]
-2.882402	-37.289408								error: T SSCS does not start with ±1: [0, 0, 0, 0, 0, 0, 0, 0, 0, 0]
-2.879566	-37.289408								error: T SSCS does not start with ±1: [0, 0, 0, 0, 0, 0, 0, 0, 0, 0]
-2.876731	-37.289408								error: T SSCS does not start with ±1: [0, 0, 0, 0, 0, 0, 0, 0, 0, 0]
-2.873895	-37.289408								error: T SSCS does not start with ±1: [0, 0, 0, 0, 0, 0, 0, 0, 0, 0]
-2.871059	-37.289408								error: T SSCS does not start with ±1: [0, 0, 0, 0, 0, 0, 0, 0, 0, 0]
-2.868224	-37.289408								error: T SSCS does not start with ±1: [0, 0, 0, 0, 0, 0, 0, 0, 0, 0]
-2.865388	-37.289408								error: T SSCS does not start with ±1: [0, 0, 0, 0, 0, 0, 0, 0, 0, 0]
-2.862552	-37.289408								error: T SSCS does not start with ±1: [0, 0, 0, 0, 0, 0, 0, 0, 0, 0]
-2.859716	-37.289408								error: T SSCS does not start with ±1: [0, 0, 0, 0, 0, 0, 0, 0, 0, 0]
-2.856881	-37.289408								error: T SSCS does not start with ±1: [0, 0, 0, 0, 0, 0, 0, 0, 0, 0]
-2.854045	-37.289408								error: T SSCS does not start with ±1: [0, 0, 0, 0, 0, 0, 0, 0, 0, 0]
-2.851209	-37.289408								error: T SSCS does not start with ±1: [0, 0, 0, 0, 0, 0, 0, 0, 0, 0]
-2.848374	-37.289408								error: T SSCS does not start with ±1: [0, 0, 0, 0, 0, 0, 0, 0, 0, 0]
-2.845538	-37.289408								error: T SSCS does not start with ±1: [0, 0, 0, 0, 0, 0, 0, 0, 0, 0]
-2.842702	-37.289408								error: T SSCS does not start with ±1: [0, 0, 0, 0, 0, 0, 0, 0, 0, 0]
-2.839867	-37.289408								error: T SSCS does not start with ±1: [0, 0, 0, 0, 0, 0, 0, 0, 0, 0]
-2.837031	-37.289408								error: T SSCS does not start with ±1: [0, 0, 0, 0, 0, 0, 0, 0, 0, 0]
-2.834195	-37.289408								error: T SSCS does not start with ±1: [0, 0, 0, 0, 0, 0, 0, 0, 0, 0]
-2.831359	-37.289408								error: T SSCS does not start with ±1: [0, 0, 0, 0, 0, 0, 0, 0, 0, 0]
-2.828524	-37.289408								error: T SSCS does not start with ±1: [0, 0, 0, 0, 0, 0, 0, 0, 0, 0]
-2.825688	-37.289408								error: T SSCS does not start with ±1: [0, 0, 0, 0, 0, 0, 0, 0, 0, 0]
-2.822852	-37.289408								error: T SSCS does not start with ±1: [0, 0, 0, 0, 0, 0, 0, 0, 0, 0]
-2.820017	-37.289408								error: T SSCS does not start with ±1: [0, 0, 0, 0, 0, 0, 0, 0, 0, 0]
-2.817181	-37.289408								error: T SSCS does not start with ±1: [0, 0, 0, 0, 0, 0, 0, 0, 0, 0]
-2.814345	-37.289408								error: T SSCS does not start with ±1: [0, 0, 0, 0, 0, 0, 0, 0, 0, 0]
-2.811510	-37.289408								error: T SSCS does not start with ±1: [0, 0, 0, 0, 0, 0, 0, 0, 0, 0]
-2.808674	-37.289408								error: T SSCS does not start with ±1: [0, 0, 0, 0, 0, 0, 0, 0, 0, 0]
-2.805838	-37.289408								error: T SSCS does not start with ±1: [0, 0, 0, 0, 0, 0, 0, 0, 0, 0]
-2.803003	-37.289408								error: T SSCS does not start with ±1: [0, 0, 0, 0, 0, 0, 0, 0, 0, 0]
-2.800167	-37.289408								error: T SSCS does not start with ±1: [0, 0, 0, 0, 0, 0, 0, 0, 0, 0]
-2.797331	-37.289408								error: T SSCS does not start with ±1: [0, 0, 0, 0, 0, 0, 0, 0, 0, 0]
-2.794495	-37.289408								error: T SSCS does not start with ±1: [0, 0, 0, 0, 0, 0, 0, 0, 0, 0]
-2.791660	-37.289408								error: T SSCS does not start with ±1: [0, 0, 0, 0, 0, 0, 0, 0, 0, 0]
-2.788824	-37.289408								error: T SSCS does not start with ±1: [0, 0, 0, 0, 0, 0, 0, 0, 0, 0]
-2.785988	-37.289408								error: T SSCS does not start with ±1: [0, 0, 0, 0, 0, 0, 0, 0, 0, 0]
-2.783153	-37.289408								error: T SSCS does not start with ±1: [0, 0, 0, 0, 0, 0, 0, 0, 0, 0]
-2.780317	-37.289408								error: T SSCS does not start with ±1: [0, 0, 0, 0, 0, 0, 0, 0, 0, 0]
-2.777481	-37.289408								error: T SSCS does not start with ±1: [0, 0, 0, 0, 0, 0, 0, 0, 0, 0]
-2.774646	-37.289408								error: T SSCS does not start with ±1: [0, 0, 0, 0, 0, 0, 0, 0, 0, 0]
-2.771810	-37.289408								error: T SSCS does not start with ±1: [0, 0, 0, 0, 0, 0, 0, 0, 0, 0]
-2.768974	-37.289408								error: T SSCS does not start with ±1: [0, 0, 0, 0, 0, 0, 0, 0, 0, 0]
-2.766138	-37.289408								error: T SSCS does not start with ±1: [0, 0, 0, 0, 0, 0, 0, 0, 0, 0]
-2.763303	-37.289408								error: T SSCS does not start with ±1: [0, 0, 0, 0, 0, 0, 0, 0, 0, 0]
-2.760467	-37.289408								error: T SSCS does not start with ±1: [0, 0, 0, 0, 0, 0, 0, 0, 0, 0]
-2.757631	-37.289408								error: T SSCS does not start with ±1: [0, 0, 0, 0, 0, 0, 0, 0, 0, 0]
-2.754796	-37.289408								error: T SSCS does not start with ±1: [0, 0, 0, 0, 0, 0, 0, 0, 0, 0]
-2.751960	-37.289408								error: T SSCS does not start with ±1: [0, 0, 0, 0, 0, 0, 0, 0, 0, 0]
-2.749124	-37.289408								error: T SSCS does not start with ±1: [0, 0, 0, 0, 0, 0, 0, 0, 0, 0]
-2.746289	-37.289408								error: T SSCS does not start with ±1: [0, 0, 0, 0, 0, 0, 0, 0, 0, 0]
-2.743453	-37.289408								error: T SSCS does not start with ±1: [0, 0, 0, 0, 0, 0, 0, 0, 0, 0]
-2.740617	-37.289408								error: T SSCS does not start with ±1: [0, 0, 0, 0, 0, 0, 0, 0, 0, 0]
-2.737781	-37.289408								error: T SSCS does not start with ±1: [0, 0, 0, 0, 0, 0, 0, 0, 0, 0]
-2.734946	-37.289408								error: T SSCS does not start with ±1: [0, 0, 0, 0, 0, 0, 0, 0, 0, 0]
-2.732110	-37.289408								error: T SSCS does not start with ±1: [0, 0, 0, 0, 0, 0, 0, 0, 0, 0]
-2.729274	-37.289408								error: T SSCS does not start with ±1: [0, 0, 0, 0, 0, 0, 0, 0, 0, 0]
-2.726439	-37.289408								error: T SSCS does not start with ±1: [0, 0, 0, 0, 0, 0, 0, 0, 0, 0]
-2.723603	-37.289408								error: T SSCS does not start with ±1: [0, 0, 0, 0, 0, 0, 0, 0, 0, 0]
-2.720767	-37.289408								error: T SSCS does not start with ±1: [0, 0, 0, 0, 0, 0, 0, 0, 0, 0]
-2.717932	-37.289408								error: T SSCS does not start with ±1: [0, 0, 0, 0, 0, 0, 0, 0, 0, 0]
-2.715096	-37.289408								error: T SSCS does not start with ±1: [0, 0, 0, 0, 0, 0, 0, 0, 0, 0]
-2.712260	-37.289408								error: T SSCS does not start with ±1: [0, 0, 0, 0, 0, 0, 0, 0, 0, 0]
-2.709425	-37.289408								error: T SSCS does not start with ±1: [0, 0, 0, 0, 0, 0, 0, 0, 0, 0]
-2.706589	-37.289408								error: T SSCS does not start with ±1: [0, 0, 0, 0, 0, 0, 0, 0, 0, 0]
-2.703753	-37.289408								error: T SSCS does not start with ±1: [0, 0, 0, 0, 0, 0, 0, 0, 0, 0]
-2.700917	-37.289408								error: T SSCS does not start with ±1: [0, 0, 0, 0, 0, 0, 0, 0, 0, 0]
-2.698082	-37.289408								error: T SSCS does not start with ±1: [0, 0, 0, 0, 0, 0, 0, 0, 0, 0]
-2.695246	-37.289408								error: T SSCS does not start with ±1: [0, 0, 0, 0, 0, 0, 0, 0, 0, 0]
-2.692410	-37.289408								error: T SSCS does not start with ±1: [0, 0, 0, 0, 0, 0, 0, 0, 0, 0]
-2.689575	-37.289408								error: T SSCS does not start with ±1: [0, 0, 0, 0, 0, 0, 0, 0, 0, 0]
-2.686739	-37.289408								error: T SSCS does not start with ±1: [0, 0, 0, 0, 0, 0, 0, 0, 0, 0]
-2.683903	-37.289408								error: T SSCS does not start with ±1: [0, 0, 0, 0, 0, 0, 0, 0, 0, 0]
-2.681068	-37.289408								error: T SSCS does not start with ±1: [0, 0, 0, 0, 0, 0, 0, 0, 0, 0]
-2.678232	-37.289408								error: T SSCS does not start with ±1: [0, 0, 0, 0, 0, 0, 0, 0, 0, 0]
-2.675396	-37.289408								error: T SSCS does not start with ±1: [0, 0, 0, 0, 0, 0, 0, 0, 0, 0]
-2.672560	-37.289408								error: T SSCS does not start with ±1: [0, 0, 0, 0, 0, 0, 0, 0, 0, 0]
-2.669725	-37.289408								error: T SSCS does not start with ±1: [0, 0, 0, 0, 0, 0, 0, 0, 0, 0]
-2.666889	-37.289408								error: T SSCS does not start with ±1: [0, 0, 0, 0, 0, 0, 0, 0, 0, 0]
-2.664053	-37.289408								error: T SSCS does not start with ±1: [0, 0, 0, 0, 0, 0, 0, 0, 0, 0]
-2.661218	-37.289408								error: T SSCS does not start with ±1: [0, 0, 0, 0, 0, 0, 0, 0, 0, 0]
-2.658382	-37.289408								error: T SSCS does not start with ±1: [0, 0, 0, 0, 0, 0, 0, 0, 0, 0]
-2.655546	-37.289408								error: T SSCS does not start with ±1: [0, 0, 0, 0, 0, 0, 0, 0, 0, 0]
-2.652711	-37.289408								error: T SSCS does not start with ±1: [0, 0, 0, 0, 0, 0, 0, 0, 0, 0]
-2.649875	-37.289408								error: T SSCS does not start with ±1: [0, 0, 0, 0, 0, 0, 0, 0, 0, 0]
-2.647039	-37.289408								error: T SSCS does not start with ±1: [0, 0, 0, 0, 0, 0, 0, 0, 0, 0]
-2.644204	-37.289408								error: T SSCS does not start with ±1: [0, 0, 0, 0, 0, 0, 0, 0, 0, 0]
-2.641368	-37.289408								error: T SSCS does not start with ±1: [0, 0, 0, 0, 0, 0, 0, 0, 0, 0]
-2.638532	-37.289408								error: T SSCS does not start with ±1: [0, 0, 0, 0, 0, 0, 0, 0, 0, 0]
-2.635696	-37.289408								error: T SSCS does not start with ±1: [0, 0, 0, 0, 0, 0, 0, 0, 0, 0]
-2.632861	-37.289408								error: T SSCS does not start with ±1: [0, 0, 0, 0, 0, 0, 0, 0, 0, 0]
-2.630025	-37.289408								error: T SSCS does not start with ±1: [0, 0, 0, 0, 0, 0, 0, 0, 0, 0]
-2.627189	-37.289408								error: T SSCS does not start with ±1: [0, 0, 0, 0, 0, 0, 0, 0, 0, 0]
-2.624354	-37.289408								error: T SSCS does not start with ±1: [0, 0, 0, 0, 0, 0, 0, 0, 0, 0]
-2.621518	-37.289408								error: T SSCS does not start with ±1: [0, 0, 0, 0, 0, 0, 0, 0, 0, 0]
-2.618682	-37.289408								error: T SSCS does not start with ±1: [0, 0, 0, 0, 0, 0, 0, 0, 0, 0]
-2.615847	-37.289408								error: T SSCS does not start with ±1: [0, 0, 0, 0, 0, 0, 0, 0, 0, 0]
-2.613011	-37.289408								error: T SSCS does not start with ±1: [0, 0, 0, 0, 0, 0, 0, 0, 0, 0]
-2.610175	-37.289408								error: T SSCS does not start with ±1: [0, 0, 0, 0, 0, 0, 0, 0, 0, 0]
-2.607339	-37.289408								error: T SSCS does not start with ±1: [0, 0, 0, 0, 0, 0, 0, 0, 0, 0]
-2.604504	-37.289408								error: T SSCS does not start with ±1: [0, 0, 0, 0, 0, 0, 0, 0, 0, 0]
-2.601668	-37.289408								error: T SSCS does not start with ±1: [0, 0, 0, 0, 0, 0, 0, 0, 0, 0]
-2.598832	-37.289408								error: T SSCS does not start with ±1: [0, 0, 0, 0, 0, 0, 0, 0, 0, 0]
-2.595997	-37.289408								error: T SSCS does not start with ±1: [0, 0, 0, 0, 0, 0, 0, 0, 0, 0]
-2.593161	-37.289408								error: T SSCS does not start with ±1: [0, 0, 0, 0, 0, 0, 0, 0, 0, 0]
-2.590325	-37.289408								error: T SSCS does not start with ±1: [0, 0, 0, 0, 0, 0, 0, 0, 0, 0]
-2.587490	-37.289408								error: T SSCS does not start with ±1: [0, 0, 0, 0, 0, 0, 0, 0, 0, 0]
-2.584654	-37.289408								error: T SSCS does not start with ±1: [0, 0, 0, 0, 0, 0, 0, 0, 0, 0]
-2.581818	-37.289408								error: T SSCS does not start with ±1: [0, 0, 0, 0, 0, 0, 0, 0, 0, 0]
-2.578982	-37.289408								error: T SSCS does not start with ±1: [0, 0, 0, 0, 0, 0, 0, 0, 0, 0]
-2.576147	-37.289408								error: T SSCS does not start with ±1: [0, 0, 0, 0, 0, 0, 0, 0, 0, 0]
-2.573311	-37.289408								error: T SSCS does not start with ±1: [0, 0, 0, 0, 0, 0, 0, 0, 0, 0]
-2.570475	-37.289408								error: T SSCS does not start with ±1: [0, 0, 0, 0, 0, 0, 0, 0, 0, 0]
-2.567640	-37.289408								error: T SSCS does not start with ±1: [0, 0, 0, 0, 0, 0, 0, 0, 0, 0]
-2.564804	-37.289408								error: T SSCS does not start with ±1: [0, 0, 0, 0, 0, 0, 0, 0, 0, 0]
-2.561968	-37.289408								error: T SSCS does not start with ±1: [0, 0, 0, 0, 0, 0, 0, 0, 0, 0]
-2.559133	-37.289408								error: T SSCS does not start with ±1: [0, 0, 0, 0, 0, 0, 0, 0, 0, 0]
-2.556297	-37.289408								error: T SSCS does not start with ±1: [0, 0, 0, 0, 0, 0, 0, 0, 0, 0]
-2.553461	-37.289408								error: T SSCS does not start with ±1: [0, 0, 0, 0, 0, 0, 0, 0, 0, 0]
-2.550626	-37.289408								error: T SSCS does not start with ±1: [0, 0, 0, 0, 0, 0, 0, 0, 0, 0]
-2.547790	-37.289408								error: T SSCS does not start with ±1: [0, 0, 0, 0, 0, 0, 0, 0, 0, 0]
-2.544954	-37.289408								error: T SSCS does not start with ±1: [0, 0, 0, 0, 0, 0, 0, 0, 0, 0]
-2.542118	-37.289408								error: T SSCS does not start with ±1: [0, 0, 0, 0, 0, 0, 0, 0, 0, 0]
-2.539283	-37.289408								error: T SSCS does not start with ±1: [0, 0, 0, 0, 0, 0, 0, 0, 0, 0]
-2.536447	-37.289408								error: T SSCS does not start with ±1: [0, 0, 0, 0, 0, 0, 0, 0, 0, 0]
-2.533611	-37.289408								error: T SSCS does not start with ±1: [0, 0, 0, 0, 0, 0, 0, 0, 0, 0]
-2.530776	-37.289408								error: T SSCS does not start with ±1: [0, 0, 0, 0, 0, 0, 0, 0, 0, 0]
-2.527940	-37.289408								error: T SSCS does not start with ±1: [0, 0, 0, 0, 0, 0, 0, 0, 0, 0]
-2.525104	-37.289408								error: T SSCS does not start with ±1: [0, 0, 0, 0, 0, 0, 0, 0, 0, 0]
-2.522269	-37.289408								error: T SSCS does not start with ±1: [0, 0, 0, 0, 0, 0, 0, 0, 0, 0]
-2.519433	-37.289408								error: T SSCS does not start with ±1: [0, 0, 0, 0, 0, 0, 0, 0, 0, 0]
-2.516597	-37.289408								error: T SSCS does not start with ±1: [0, 0, 0, 0, 0, 0, 0, 0, 0, 0]
-2.513761	-37.289408								error: T SSCS does not start with ±1: [0, 0, 0, 0, 0, 0, 0, 0, 0, 0]
-2.510926	-37.289408								error: T SSCS does not start with ±1: [0, 0, 0, 0, 0, 0, 0, 0, 0, 0]
-2.508090	-37.289408								error: T SSCS does not start with ±1: [0, 0, 0, 0, 0, 0, 0, 0, 0, 0]
-2.505254	-37.289408								error: T SSCS does not start with ±1: [0, 0, 0, 0, 0, 0, 0, 0, 0, 0]
-2.502419	-37.289408								error: T SSCS does not start with ±1: [0, 0, 0, 0, 0, 0, 0, 0, 0, 0]
-2.499583	-37.289408	-40.498157	0.933393	continued:5	131504586847961235687181874578063117114329409897647623619241560935125066908876631867479597863393264	131504586847961235687181874578063117114329409897615188504091716162522225834932122128288032336298141	1,0,0,0,0,0,0,0,0,0	0,0,0,0,0,0,0,0,0,0	ok
-2.496747	-37.289408	-41.550222	0.930600	continued:5	131504586847961235687181874578063117114329409897647623619241560935125066908876631867479597863393264	131504586847961235687181874578063117114329409897615188504091716162522225834932122128288032336298141	1,0,0,0,0,0,0,0,0,0	0,0,0,0,0,0,0,0,0,0	ok
-2.493912	-37.289408								error: T SSCS does not start with ±1: [0, 0, 0, 0, 0, 0, 0, 0, 0, 0]
-2.491076	-37.289408								error: T SSCS does not start with ±1: [0, 0, 0, 0, 0, 0, 0, 0, 0, 0]
-2.488240	-37.289408								error: T SSCS does not start with ±1: [0, 0, 0, 0, 0, 0, 0, 0, 0, 0]
-2.485405	-37.289408								error: T SSCS does not start with ±1: [0, 0, 0, 0, 0, 0, 0, 0, 0, 0]
-2.482569	-37.289408								error: T SSCS does not start with ±1: [0, 0, 0, 0, 0, 0, 0, 0, 0, 0]
-2.479733	-37.289408								error: T SSCS does not start with ±1: [0, 0, 0, 0, 0, 0, 0, 0, 0, 0]
-2.476897	-37.289408								error: T SSCS does not start with ±1: [0, 0, 0, 0, 0, 0, 0, 0, 0, 0]
-2.474062	-37.289408								error: T SSCS does not start with ±1: [0, 0, 0, 0, 0, 0, 0, 0, 0, 0]
-2.471226	-37.289408								error: T SSCS does not start with ±1: [0, 0, 0, 0, 0, 0, 0, 0, 0, 0]
-2.468390	-37.289408								error: T SSCS does not start with ±1: [0, 0, 0, 0, 0, 0, 0, 0, 0, 0]
-2.465555	-37.289408								error: T SSCS does not start with ±1: [0, 0, 0, 0, 0, 0, 0, 0, 0, 0]
-2.462719	-37.289408								error: T SSCS does not start with ±1: [0, 0, 0, 0, 0, 0, 0, 0, 0, 0]
-2.459883	-37.289408								error: T SSCS does not start with ±1: [0, 0, 0, 0, 0, 0, 0, 0, 0, 0]
-2.457048	-37.289408								error: T SSCS does not start with ±1: [0, 0, 0, 0, 0, 0, 0, 0, 0, 0]
-2.454212	-37.289408								error: T SSCS does not start with ±1: [0, 0, 0, 0, 0, 0, 0, 0, 0, 0]
-2.451376	-37.289408								error: T SSCS does not start with ±1: [0, 0, 0, 0, 0, 0, 0, 0, 0, 0]
-2.448540	-37.289408								error: T SSCS does not start with ±1: [0, 0, 0, 0, 0, 0, 0, 0, 0, 0]
-2.445705	-37.289408								error: T SSCS does not start with ±1: [0, 0, 0, 0, 0, 0, 0, 0, 0, 0]
-2.442869	-37.289408								error: T SSCS does not start with ±1: [0, 0, 0, 0, 0, 0, 0, 0, 0, 0]
-2.440033	-37.289408								error: T SSCS does not start with ±1: [0, 0, 0, 0, 0, 0, 0, 0, 0, 0]
-2.437198	-37.289408								error: T SSCS does not start with ±1: [0, 0, 0, 0, 0, 0, 0, 0, 0, 0]
-2.434362	-37.289408								error: T SSCS does not start with ±1: [0, 0, 0, 0, 0, 0, 0, 0, 0, 0]
-2.431526	-37.289408								error: T SSCS does not start with ±1: [0, 0, 0, 0, 0, 0, 0, 0, 0, 0]
-2.428691	-37.289408								error: T SSCS does not start with ±1: [0, 0, 0, 0, 0, 0, 0, 0, 0, 0]
-2.425855	-37.289408								error: T SSCS does not start with ±1: [0, 0, 0, 0, 0, 0, 0, 0, 0, 0]
-2.423019	-37.289408								error: T SSCS does not start with ±1: [0, 0, 0, 0, 0, 0, 0, 0, 0, 0]
-2.420183	-37.289408								error: T SSCS does not start with ±1: [0, 0, 0, 0, 0, 0, 0, 0, 0, 0]
-2.417348	-37.289408								error: T SSCS does not start with ±1: [0, 0, 0, 0, 0, 0, 0, 0, 0, 0]
-2.414512	-37.289408								error: T SSCS does not start with ±1: [0, 0, 0, 0, 0, 0, 0, 0, 0, 0]
-2.411676	-37.289408								error: T SSCS does not start with ±1: [0, 0, 0, 0, 0, 0, 0, 0, 0, 0]
-2.408841	-37.289408								error: T SSCS does not start with ±1: [0, 0, 0, 0, 0, 0, 0, 0, 0, 0]
-2.406005	-37.289408								error: T SSCS does not start with ±1: [0, 0, 0, 0, 0, 0, 0, 0, 0, 0]
-2.403169	-37.289408								error: T SSCS does not start with ±1: [0, 0, 0, 0, 0, 0, 0, 0, 0, 0]
-2.400334	-37.289408								error: T SSCS does not start with ±1: [0, 0, 0, 0, 0, 0, 0, 0, 0, 0]
-2.397498	-37.289408								error: T SSCS does not start with ±1: [0, 0, 0, 0, 0, 0, 0, 0, 0, 0]
-2.394662	-37.289408								error: T SSCS does not start with ±1: [0, 0, 0, 0, 0, 0, 0, 0, 0, 0]
-2.391827	-37.289408								error: T SSCS does not start with ±1: [0, 0, 0, 0, 0, 0, 0, 0, 0, 0]
-2.388991	-37.289408								error: T SSCS does not start with ±1: [0, 0, 0, 0, 0, 0, 0, 0, 0, 0]
-2.386155	-37.289408								error: Could not locate the first local maximum of the reduced return map.
-2.383319	-37.289408								error: Could not locate the first local maximum of the reduced return map.
-2.380484	-37.289408								error: Could not locate the first local maximum of the reduced return map.
-2.377648	-37.289408								error: Could not locate the first local maximum of the reduced return map.
-2.374812	-37.289408								error: Could not locate the first local maximum of the reduced return map.
-2.371977	-37.289408								error: Could not locate the first local maximum of the reduced return map.
-2.369141	-37.289408								error: Could not locate the first local maximum of the reduced return map.
-2.366305	-37.289408								error: Could not locate the first local maximum of the reduced return map.
-2.363470	-37.289408								error: Could not locate the first local maximum of the reduced return map.
-2.360634	-37.289408								error: Could not locate the first local maximum of the reduced return map.
-2.357798	-37.289408								error: Could not locate the first local maximum of the reduced return map.
-2.354962	-37.289408								error: Could not locate the first local maximum of the reduced return map.
-2.352127	-37.289408								error: Could not locate the first local maximum of the reduced return map.
-2.349291	-37.289408								error: Could not locate the first local maximum of the reduced return map.
-2.346455	-37.289408								error: Could not locate the first local maximum of the reduced return map.
-2.343620	-37.289408								error: Could not locate the first local maximum of the reduced return map.
-2.340784	-37.289408								error: Could not locate the first local maximum of the reduced return map.
-2.337948	-37.289408								error: Could not locate the first local maximum of the reduced return map.
-2.335113	-37.289408								error: Could not locate the first local maximum of the reduced return map.
-2.332277	-37.289408								error: Could not locate the first local maximum of the reduced return map.
-2.329441	-37.289408								error: Could not locate the first local maximum of the reduced return map.
-2.326606	-37.289408								error: Could not locate the first local maximum of the reduced return map.
-2.323770	-37.289408								error: Could not locate the first local maximum of the reduced return map.
-2.320934	-37.289408								error: Could not locate the first local maximum of the reduced return map.
-2.318098	-37.289408								error: Could not locate the first local maximum of the reduced return map.
-2.315263	-37.289408								error: Could not locate the first local maximum of the reduced return map.
-2.312427	-37.289408								error: Could not locate the first local maximum of the reduced return map.
-2.309591	-37.289408								error: Could not locate the first local maximum of the reduced return map.
-2.306756	-37.289408								error: Could not locate the first local maximum of the reduced return map.
-2.303920	-37.289408								error: Could not locate the first local maximum of the reduced return map.
-2.301084	-37.289408								error: Could not locate the first local maximum of the reduced return map.
-2.298249	-37.289408								error: Could not locate the first local maximum of the reduced return map.
-2.295413	-37.289408								error: Could not locate the first local maximum of the reduced return map.
-2.292577	-37.289408								error: Could not locate the first local maximum of the reduced return map.
-2.289741	-37.289408								error: Could not locate the first local maximum of the reduced return map.
-2.286906	-37.289408								error: Could not locate the first local maximum of the reduced return map.
-2.284070	-37.289408								error: Could not locate the first local maximum of the reduced return map.
-2.281234	-37.289408								error: Could not locate the first local maximum of the reduced return map.
-2.278399	-37.289408								error: Could not locate the first local maximum of the reduced return map.
-2.275563	-37.289408								error: Could not locate the first local maximum of the reduced return map.
-2.272727	-37.289408								error: Could not locate the first local maximum of the reduced return map.
-2.269892	-37.289408								error: Could not locate the first local maximum of the reduced return map.
-2.267056	-37.289408								error: Could not locate the first local maximum of the reduced return map.
-2.264220	-37.289408								error: Could not locate the first local maximum of the reduced return map.
-2.261384	-37.289408								error: Could not locate the first local maximum of the reduced return map.
-2.258549	-37.289408								error: Could not locate the first local maximum of the reduced return map.
-2.255713	-37.289408								error: Could not locate the first local maximum of the reduced return map.
-2.252877	-37.289408								error: Could not locate the first local maximum of the reduced return map.
-2.250042	-37.289408								error: Could not locate the first local maximum of the reduced return map.
-2.247206	-37.289408								error: Could not locate the first local maximum of the reduced return map.
-2.244370	-37.289408								error: Could not locate the first local maximum of the reduced return map.
-2.241535	-37.289408								error: Could not locate the first local maximum of the reduced return map.
-2.238699	-37.289408								error: Could not locate the first local maximum of the reduced return map.
-2.235863	-37.289408								error: Could not locate the first local maximum of the reduced return map.
-2.233028	-37.289408								error: Could not locate the first local maximum of the reduced return map.
-2.230192	-37.289408								error: Could not locate the first local maximum of the reduced return map.
-2.227356	-37.289408								error: Could not locate the first local maximum of the reduced return map.
-2.224520	-37.289408								error: Could not locate the first local maximum of the reduced return map.
-2.221685	-37.289408								error: Could not locate the first local maximum of the reduced return map.
-2.218849	-37.289408								error: Could not locate the first local maximum of the reduced return map.
-2.216013	-37.289408								error: Could not locate the first local maximum of the reduced return map.
-2.213178	-37.289408								error: Could not locate the first local maximum of the reduced return map.
-2.210342	-37.289408								error: Could not locate the first local maximum of the reduced return map.
-2.207506	-37.289408								error: Could not locate the first local maximum of the reduced return map.
-2.204671	-37.289408								error: Could not locate the first local maximum of the reduced return map.
-2.201835	-37.289408								error: T SSCS does not start with ±1: [0, 0, 0, 0, 0, 0, 0, 0, 0, 0]
-2.198999	-37.289408								error: Could not locate the first local maximum of the reduced return map.
-2.196163	-37.289408								error: Could not locate the first local maximum of the reduced return map.
-2.193328	-37.289408								error: Could not locate the first local maximum of the reduced return map.
-2.190492	-37.289408								error: Could not locate the first local maximum of the reduced return map.
-2.187656	-37.289408								error: T SSCS does not start with ±1: [0, 0, 0, 0, 0, 0, 0, 0, 0, 0]
-2.184821	-37.289408								error: Could not locate the first local maximum of the reduced return map.
-2.181985	-37.289408								error: Could not locate the first local maximum of the reduced return map.
-2.179149	-37.289408								error: Could not locate the first local maximum of the reduced return map.
-2.176314	-37.289408								error: Could not locate the first local maximum of the reduced return map.
-2.173478	-37.289408								error: Could not locate the first local maximum of the reduced return map.
-2.170642	-37.289408								error: Could not locate the first local maximum of the reduced return map.
-2.167807	-37.289408								error: Could not locate the first local maximum of the reduced return map.
-2.164971	-37.289408	-42.203757	0.927806	continued:5	131504586847961235687181874578063117114329409897647623619241560935125066908876631867479597863393264	131504586847961235687181874578063117114329409897647623619241560935125066908876631867479597863393264	1,0,0,0,0,0,0,0,0,0	1,0,0,0,0,0,0,0,0,0	ok
-2.162135	-37.289408	-42.434124	0.925013	continued:5	131504586847961235687181874578063117114329409897647623619241560935125066908876631867479597863393264	131504586847961235687181874578063117114329409897647623619241560935125066908876631867479597863393264	1,0,0,0,0,0,0,0,0,0	1,0,0,0,0,0,0,0,0,0	ok
-2.159299	-37.289408	-42.672193	0.922220	continued:5	131504586847961235687181874578063117114329409897647623619241560935125066908876631867479597863393264	131504586847961235687181874578063117114329409897647623619241560935125066908876631867479597863393264	1,0,0,0,0,0,0,0,0,0	1,0,0,0,0,0,0,0,0,0	ok
-2.156464	-37.289408	-42.922801	0.919426	continued:5	131504586847961235687181874578063117114329409897647623619241560935125066908876631867479597863393264	131504586847961235687181874578063117114329409897647623619241560935125066908876631867479597863393264	1,0,0,0,0,0,0,0,0,0	1,0,0,0,0,0,0,0,0,0	ok
-2.153628	-37.289408	-43.189981	0.916633	continued:5	131504586847961235687181874578063117114329409897647623619241560935125066908876631867479597863393264	131504586847961235687181874578063117114329409897647623619241560935125066908876631867479597863393264	1,0,0,0,0,0,0,0,0,0	1,0,0,0,0,0,0,0,0,0	ok
-2.150792	-37.289408	-43.477314	0.914174	continued:5	131504586847961235687181874578063117114329409897647623619241560935125066908876631867479597863393264	131504586847961235687181874578063117114329409897647623619241560935125066908876631867479597863393264	1,0,0,0,0,0,0,0,0,0	1,0,0,0,0,0,0,0,0,0	ok
-2.147957	-37.289408	-43.783906	0.911922	continued:5	131504586847961235687181874578063117114329409897647623619241560935125066908876631867479597863393264	131504586847961235687181874578063117114329409897647623619241560935125066908876631867479597863393264	1,0,0,0,0,0,0,0,0,0	1,0,0,0,0,0,0,0,0,0	ok
-2.145121	-37.289408	-44.110535	0.909797	continued:5	131504586847961235687181874578063117114329409897647623619241560935125066908876631867479597863393264	131504586847961235687181874578063117114329409897647623619241560935125066908876631867479597863393264	1,0,0,0,0,0,0,0,0,0	1,0,0,0,0,0,0,0,0,0	ok
-2.142285	-37.289408	-44.458539	0.908213	continued:5	131504586847961235687181874578063117114329409897647623619241560935125066908876631867479597863393264	131504586847961235687181874578063117114329409897647623619241560935125066908876631867479597863393264	1,0,0,0,0,0,0,0,0,0	1,0,0,0,0,0,0,0,0,0	ok
-2.139450	-37.289408								error: Could not locate the first local maximum of the reduced return map.
-2.136614	-37.289408	-44.824029	0.906630	continued:5	131504586847961235687181874578063117114329409897647623619241560935125066908876631867479597863393264	131504586847961235687181874578063117114329409897647623619241560935125066908876631867479597863393264	1,0,0,0,0,0,0,0,0,0	1,0,0,0,0,0,0,0,0,0	ok
-2.133778	-37.289408	-45.205617	0.905794	continued:5	131504586847961235687181874578063117114329409897647623619241560935125066908876631867479597863393264	131504586847961235687181874578063117114329409897647623619241560935125066908876631867479597863393264	1,0,0,0,0,0,0,0,0,0	1,0,0,0,0,0,0,0,0,0	ok
-2.130942	-37.289408								error: Could not locate the first local maximum of the reduced return map.
-2.128107	-37.289408								error: Could not locate the first local maximum of the reduced return map.
-2.125271	-37.289408	-45.598726	0.904751	continued:5	131504586847961235687181874578063117114329409897647623619241560935125066908876631867479597863393264	131504586847961235687181874578063117114329409897647623619241560935125066908876631867479597863393264	1,0,0,0,0,0,0,0,0,0	1,0,0,0,0,0,0,0,0,0	ok
-2.122435	-37.289408								error: Could not locate the first local maximum of the reduced return map.
-2.119600	-37.289408								error: Could not locate the first local maximum of the reduced return map.
-2.116764	-37.289408	-45.999087	0.903915	full	131504586847961235687181874578063117114329409897647623619241560935125066908876631867479597863393264	131504586847961235687181874578063117114329409897647623619241560935125066908876631867479597863393264	1,0,0,0,0,0,0,0,0,0	1,0,0,0,0,0,0,0,0,0	ok
-2.113928	-37.289408								error: Could not locate the first local maximum of the reduced return map.
-2.111093	-37.289408								error: Could not locate the first local maximum of the reduced return map.
-2.108257	-37.289408	-45.473425	0.879843	continued:5	131504586847961235687181874578063117114329409897647623619241560935125066908876631867479597863393264	131504586847961235687181874578063117114329409897647623619241560935125066908876631867479597863393264	1,0,0,0,0,0,0,0,0,0	1,0,0,0,0,0,0,0,0,0	ok
-2.105421	-37.289408	-46.101869	0.879341	continued:5	131504586847961235687181874578063117114329409897647623619241560935125066908876631867479597863393264	131504586847961235687181874578063117114329409897647623619241560935125066908876631867479597863393264	1,0,0,0,0,0,0,0,0,0	1,0,0,0,0,0,0,0,0,0	ok
-2.102585	-37.289408	-46.722175	0.879174	full	131504586847961235687181874578063117114329409897647623619241560935125066908876631867479597863393264	131504586847961235687181874578063117114329409897680058734391405707727907982821141606671163390488391	1,0,0,0,0,0,0,0,0,0	2,0,0,0,0,0,0,0,0,0	ok
-2.099750	-37.289408	-45.481229	0.879278	continued:5	131504586847961235687181874578063117114329409897647623619241560935125066908876631867479597863393264	131504586847961235687181874578063117114329409897680058734391405707727907982821141606671163390488391	1,0,0,0,0,0,0,0,0,0	2,0,0,0,0,0,0,0,0,0	ok
-2.096914	-37.289408	-46.106693	0.878777	continued:5	131504586847961235687181874578063117114329409897647623619241560935125066908876631867479597863393264	131504586847961235687181874578063117114329409897680058734391405707727907982821141606671163390488391	1,0,0,0,0,0,0,0,0,0	2,0,0,0,0,0,0,0,0,0	ok
-2.094078	-37.289408	-46.723679	0.878610	full	131504586847961235687181874578063117114329409897647623619241560935125066908876631867479597863393264	131504586847961235687181874578063117114329409897712493849541250480330749056765651345862728917583522	1,0,0,0,0,0,0,0,0,0	3,0,0,0,0,0,0,0,0,0	ok
-2.091243	-37.289408	-42.471362	0.918370	continued:5	131504586847961235687181874578063117114329409897647623619241560935125066908876631867479597863393264	131504586847961235687181874578063117114329409897712493849541250480330749056765651345862728917583522	1,0,0,0,0,0,0,0,0,0	3,0,0,0,0,0,0,0,0,0	ok
-2.088407	-37.289408	-42.728040	0.915577	continued:5	131504586847961235687181874578063117114329409897647623619241560935125066908876631867479597863393264	131504586847961235687181874578063117114329409897712493849541250480330749056765651345862728917583522	1,0,0,0,0,0,0,0,0,0	3,0,0,0,0,0,0,0,0,0	ok
-2.085571	-37.289408	-42.993835	0.912783	continued:5	131504586847961235687181874578063117114329409897647623619241560935125066908876631867479597863393264	131504586847961235687181874578063117114329409897712493849541250480330749056765651345862728917583522	1,0,0,0,0,0,0,0,0,0	3,0,0,0,0,0,0,0,0,0	ok
-2.082736	-37.289408	-43.273727	0.909990	continued:5	131504586847961235687181874578063117114329409897647623619241560935125066908876631867479597863393264	131504586847961235687181874578063117114329409897712493849541250480330749056765651345862728917583522	1,0,0,0,0,0,0,0,0,0	3,0,0,0,0,0,0,0,0,0	ok
-2.079900	-37.289408	-43.571780	0.907324	continued:5	131504586847961235687181874578063117114329409897647623619241560935125066908876631867479597863393264	131504586847961235687181874578063117114329409897712493849541250480330749056765651345862728917583522	1,0,0,0,0,0,0,0,0,0	3,0,0,0,0,0,0,0,0,0	ok
-2.077064	-37.289408	-43.889848	0.904865	continued:5	131504586847961235687181874578063117114329409897647623619241560935125066908876631867479597863393264	131504586847961235687181874578063117114329409897712493849541250480330749056765651345862728917583522	1,0,0,0,0,0,0,0,0,0	3,0,0,0,0,0,0,0,0,0	ok
-2.074229	-37.289408	-44.228464	0.902947	continued:5	131504586847961235687181874578063117114329409897647623619241560935125066908876631867479597863393264	131504586847961235687181874578063117114329409897712493849541250480330749056765651345862728917583522	1,0,0,0,0,0,0,0,0,0	3,0,0,0,0,0,0,0,0,0	ok
-2.071393	-37.289408	-44.583922	0.901157	continued:5	131504586847961235687181874578063117114329409897647623619241560935125066908876631867479597863393264	131504586847961235687181874578063117114329409897712493849541250480330749056765651345862728917583522	1,0,0,0,0,0,0,0,0,0	3,0,0,0,0,0,0,0,0,0	ok
-2.068557	-37.289408	-44.956809	0.899780	continued:5	131504586847961235687181874578063117114329409897647623619241560935125066908876631867479597863393264	131504586847961235687181874578063117114329409897712493849541250480330749056765651345862728917583522	1,0,0,0,0,0,0,0,0,0	3,0,0,0,0,0,0,0,0,0	ok
-2.065721	-37.289408	-45.343696	0.898944	continued:5	131504586847961235687181874578063117114329409897647623619241560935125066908876631867479597863393264	131504586847961235687181874578063117114329409897712493849541250480330749056765651345862728917583522	1,0,0,0,0,0,0,0,0,0	3,0,0,0,0,0,0,0,0,0	ok
-2.062886	-37.289408	-45.739110	0.898571	continued:5	131504586847961235687181874578063117114329409897647623619241560935125066908876631867479597863393264	131504586847961235687181874578063117114329409897712493849541250480330749056765651345862728917583522	1,0,0,0,0,0,0,0,0,0	3,0,0,0,0,0,0,0,0,0	ok
-2.060050	-37.289408	-46.137683	0.898197	full	131504586847961235687181874578063117114329409897647623619241560935125066908876631867479597863393264	131504586847961235687181874578063117114329409897728711407116172866632169593737906215458511681131089	1,0,0,0,0,0,0,0,0,0	-4,0,0,0,0,0,0,0,0,0	ok
-2.057214	-37.289408	-45.565717	0.876313	continued:5	131504586847961235687181874578063117114329409897647623619241560935125066908876631867479597863393264	131504586847961235687181874578063117114329409897744928964691095252933590130710161085054294444678657	1,0,0,0,0,0,0,0,0,0	4,0,0,0,0,0,0,0,0,0	ok
-2.054379	-37.289408	-46.176782	0.875939	continued:5	131504586847961235687181874578063117114329409897647623619241560935125066908876631867479597863393264	131504586847961235687181874578063117114329409897744928964691095252933590130710161085054294444678657	1,0,0,0,0,0,0,0,0,0	4,0,0,0,0,0,0,0,0,0	ok
-2.051543	-37.289408	-46.776228	0.875772	full	131504586847961235687181874578063117114329409897647623619241560935125066908876631867479597863393264	131504586847961235687181874578063117114329409897744928964691095252933590130710161085054294444678657	1,0,0,0,0,0,0,0,0,0	4,0,0,0,0,0,0,0,0,0	ok
-2.048707	-37.289408	-42.757353	0.911496	continued:5	131504586847961235687181874578063117114329409897647623619241560935125066908876631867479597863393264	131504586847961235687181874578063117114329409897744928964691095252933590130710161085054294444678657	1,0,0,0,0,0,0,0,0,0	4,0,0,0,0,0,0,0,0,0	ok
-2.045872	-37.289408	-43.036402	0.908703	continued:5	131504586847961235687181874578063117114329409897647623619241560935125066908876631867479597863393264	131504586847961235687181874578063117114329409897744928964691095252933590130710161085054294444678657	1,0,0,0,0,0,0,0,0,0	4,0,0,0,0,0,0,0,0,0	ok
-2.043036	-37.289408	-43.327569	0.905910	continued:5	131504586847961235687181874578063117114329409897647623619241560935125066908876631867479597863393264	131504586847961235687181874578063117114329409897744928964691095252933590130710161085054294444678657	1,0,0,0,0,0,0,0,0,0	4,0,0,0,0,0,0,0,0,0	ok
-2.040200	-37.289408	-43.635428	0.903244	continued:5	131504586847961235687181874578063117114329409897647623619241560935125066908876631867479597863393264	131504586847961235687181874578063117114329409897744928964691095252933590130710161085054294444678657	1,0,0,0,0,0,0,0,0,0	4,0,0,0,0,0,0,0,0,0	ok
-2.037364	-37.289408	-43.962077	0.900785	continued:5	131504586847961235687181874578063117114329409897647623619241560935125066908876631867479597863393264	131504586847961235687181874578063117114329409897777364079840940025536431204654670824245859971773796	1,0,0,0,0,0,0,0,0,0	5,0,0,0,0,0,0,0,0,0	ok
-2.034529	-37.289408	-44.308109	0.898867	continued:5	131504586847961235687181874578063117114329409897647623619241560935125066908876631867479597863393264	131504586847961235687181874578063117114329409897777364079840940025536431204654670824245859971773796	1,0,0,0,0,0,0,0,0,0	5,0,0,0,0,0,0,0,0,0	ok
-2.031693	-37.289408	-44.669766	0.897077	continued:5	131504586847961235687181874578063117114329409897647623619241560935125066908876631867479597863393264	131504586847961235687181874578063117114329409897777364079840940025536431204654670824245859971773796	1,0,0,0,0,0,0,0,0,0	5,0,0,0,0,0,0,0,0,0	ok
-2.028857	-37.289408	-45.047460	0.895700	continued:5	131504586847961235687181874578063117114329409897647623619241560935125066908876631867479597863393264	131504586847961235687181874578063117114329409897777364079840940025536431204654670824245859971773796	1,0,0,0,0,0,0,0,0,0	5,0,0,0,0,0,0,0,0,0	ok
-2.026022	-37.289408	-45.437544	0.894864	continued:5	131504586847961235687181874578063117114329409897647623619241560935125066908876631867479597863393264	131504586847961235687181874578063117114329409897777364079840940025536431204654670824245859971773796	1,0,0,0,0,0,0,0,0,0	5,0,0,0,0,0,0,0,0,0	ok
-2.023186	-37.289408	-45.834327	0.894490	continued:5	131504586847961235687181874578063117114329409897647623619241560935125066908876631867479597863393264	16217557574922386301420593924089914521923056180395	1,0,0,0,0,0,0,0,0,0	5,0,0,0,0,0,0,0,0	ok
-2.020350	-37.289408	-46.232261	0.894116	full	131504586847961235687181874578063117114329409897647623619241560935125066908876631867479597863393264	131504586847961235687181874578063117114329409897809799194990784798139272278599180563437425498868939	1,0,0,0,0,0,0,0,0,0	6,0,0,0,0,0,0,0,0,0	ok
-2.017515	-37.289408	-45.037767	0.874657	continued:5	131504586847961235687181874578063117114329409897647623619241560935125066908876631867479597863393264	131504586847961235687181874578063117114329409897809799194990784798139272278599180563437425498868939	1,0,0,0,0,0,0,0,0,0	6,0,0,0,0,0,0,0,0,0	ok
-2.014679	-37.289408	-45.636559	0.873408	continued:5	131504586847961235687181874578063117114329409897647623619241560935125066908876631867479597863393264	3374992955689	1,0,0,0,0,0,0,0,0,0	6,0,0,0,0,0,0	ok
-2.011843	-37.289408	-46.232446	0.873034	continued:5	131504586847961235687181874578063117114329409897647623619241560935125066908876631867479597863393264	3374992955689	1,0,0,0,0,0,0,0,0,0	6,0,0,0,0,0,0	ok
-2.009008	-37.289408	-46.814991	0.872867	full	131504586847961235687181874578063117114329409897647623619241560935125066908876631867479597863393264	131504586847961235687181874578063117114329409897842234310140629570742113352543690302628991025964086	1,0,0,0,0,0,0,0,0,0	7,0,0,0,0,0,0,0,0,0	ok
-2.006172	-37.289408	-45.022772	0.873997	continued:5	131504586847961235687181874578063117114329409897647623619241560935125066908876631867479597863393264	131504586847961235687181874578063117114329409897842234310140629570742113352543690302628991025964086	1,0,0,0,0,0,0,0,0,0	7,0,0,0,0,0,0,0,0,0	ok
-2.003336	-37.289408	-45.617529	0.872748	continued:5	131504586847961235687181874578063117114329409897647623619241560935125066908876631867479597863393264	5695183504539863494167857	1,0,0,0,0,0,0,0,0,0	7,0,0,0,0,0,0,0	ok
-2.000500	-37.289408	-46.209020	0.872247	continued:5	131504586847961235687181874578063117114329409897647623619241560935125066908876631867479597863393264	131504586847961235687181874578063117114329409897874669425290474343344954426488200041820556553059237	1,0,0,0,0,0,0,0,0,0	8,0,0,0,0,0,0,0,0,0	ok
-1.997665	-37.289408	-46.788176	0.872079	full	131504586847961235687181874578063117114329409897647623619241560935125066908876631867479597863393264	16217557574922386301420628095190941477607231760144	1,0,0,0,0,0,0,0,0,0	8,0,0,0,0,0,0,0,0	ok
-1.994829	-37.289408	-45.129292	0.872917	continued:5	131504586847961235687181874578063117114329409897647623619241560935125066908876631867479597863393264	131504586847961235687181874578063117114329409897874669425290474343344954426488200041820556553059237	1,0,0,0,0,0,0,0,0,0	8,0,0,0,0,0,0,0,0,0	ok
-1.991993	-37.289408	-45.721551	0.871875	continued:5	131504586847961235687181874578063117114329409897647623619241560935125066908876631867479597863393264	16217557574922386301420639485557950462835290286735	1,0,0,0,0,0,0,0,0,0	9,0,0,0,0,0,0,0,0	ok
-1.989158	-37.289408	-46.307924	0.871501	continued:5	131504586847961235687181874578063117114329409897647623619241560935125066908876631867479597863393264	16217557574922386301420639485557950462835290286735	1,0,0,0,0,0,0,0,0,0	9,0,0,0,0,0,0,0,0	ok
-1.986322	-37.289408	-46.879888	0.870999	full	131504586847961235687181874578063117114329409897647623619241560935125066908876631867479597863393264	2639235	1,0,0,0,0,0,0,0,0,0	9,0,0,0,0,0	ok
-1.983486	-37.289408	-45.173124	0.872087	continued:5	131504586847961235687181874578063117114329409897647623619241560935125066908876631867479597863393264	2643830	1,0,0,0,0,0,0,0,0,0	10,0,0,0,0,0	ok
-1.980651	-37.289408	-45.761648	0.871044	continued:5	131504586847961235687181874578063117114329409897647623619241560935125066908876631867479597863393264	5695183504560113264841308	1,0,0,0,0,0,0,0,0,0	10,0,0,0,0,0,0,0	ok
-1.977815	-37.289408	-46.343838	0.870671	continued:5	131504586847961235687181874578063117114329409897647623619241560935125066908876631867479597863393264	3808	1,0,0,0,0,0,0,0,0,0	10,0,0,0,0	ok
-1.974979	-37.289408	-46.911051	0.869421	full	131504586847961235687181874578063117114329409897647623619241560935125066908876631867479597863393264	3375018936464	1,0,0,0,0,0,0,0,0,0	11,0,0,0,0,0,0	ok
-1.972143	-37.289408	-45.132908	0.871520	continued:5	131504586847961235687181874578063117114329409897647623619241560935125066908876631867479597863393264	5695183504566863188399133	1,0,0,0,0,0,0,0,0,0	11,0,0,0,0,0,0,0	ok
-1.969308	-37.289408	-45.716998	0.870270	continued:5	131504586847961235687181874578063117114329409897647623619241560935125066908876631867479597863393264	16217557574922386301420662266291968433291407339929	1,0,0,0,0,0,0,0,0,0	11,0,0,0,0,0,0,0,0	ok
-1.966472	-37.289408	-46.296538	0.869897	continued:5	131504586847961235687181874578063117114329409897647623619241560935125066908876631867479597863393264	2648429	1,0,0,0,0,0,0,0,0,0	11,0,0,0,0,0	ok
-1.963636	-37.289408	-46.860978	0.869729	full	131504586847961235687181874578063117114329409897647623619241560935125066908876631867479597863393264	2653032	1,0,0,0,0,0,0,0,0,0	12,0,0,0,0,0	ok
-1.960801	-37.289408	-45.100682	0.870829	continued:5	131504586847961235687181874578063117114329409897647623619241560935125066908876631867479597863393264	4162	1,0,0,0,0,0,0,0,0,0	12,0,0,0,0	ok
-1.957965	-37.289408	-45.681490	0.869580	continued:5	131504586847961235687181874578063117114329409897647623619241560935125066908876631867479597863393264	16217557574922386301420673656658977418519465866532	1,0,0,0,0,0,0,0,0,0	12,0,0,0,0,0,0,0,0	ok
-1.955129	-37.289408	-46.257388	0.869079	continued:5	131504586847961235687181874578063117114329409897647623619241560935125066908876631867479597863393264	2634644	1,0,0,0,0,0,0,0,0,0	8,0,0,0,0,0	ok
-1.952294	-37.289408	-46.819262	0.868911	full	131504586847961235687181874578063117114329409897647623619241560935125066908876631867479597863393264	2639235	1,0,0,0,0,0,0,0,0,0	9,0,0,0,0,0	ok
-1.949458	-37.289408	-45.185909	0.869707	continued:5	131504586847961235687181874578063117114329409897647623619241560935125066908876631867479597863393264	5695183504553363341283487	1,0,0,0,0,0,0,0,0,0	9,0,0,0,0,0,0,0	ok
-1.946622	-37.289408	-45.764841	0.868665	continued:5	131504586847961235687181874578063117114329409897647623619241560935125066908876631867479597863393264	2639235	1,0,0,0,0,0,0,0,0,0	9,0,0,0,0,0	ok
-1.943786	-37.289408	-46.336189	0.868291	continued:5	131504586847961235687181874578063117114329409897647623619241560935125066908876631867479597863393264	3808	1,0,0,0,0,0,0,0,0,0	10,0,0,0,0	ok
-1.940951	-37.289408	-46.891544	0.868124	full	131504586847961235687181874578063117114329409897647623619241560935125066908876631867479597863393264	5695183504560113264841308	1,0,0,0,0,0,0,0,0,0	10,0,0,0,0,0,0,0	ok
-1.938115	-37.289408	-45.185292	0.869102	continued:5	131504586847961235687181874578063117114329409897647623619241560935125066908876631867479597863393264	2643830	1,0,0,0,0,0,0,0,0,0	10,0,0,0,0,0	ok
-1.935279	-37.289408	-45.759197	0.867853	continued:5	131504586847961235687181874578063117114329409897647623619241560935125066908876631867479597863393264	3983	1,0,0,0,0,0,0,0,0,0	11,0,0,0,0	ok
-1.932444	-37.289408	-46.327306	0.867479	continued:5	131504586847961235687181874578063117114329409897647623619241560935125066908876631867479597863393264	3375018936464	1,0,0,0,0,0,0,0,0,0	11,0,0,0,0,0,0	ok
-1.929608	-37.289408	-46.879108	0.867312	full	131504586847961235687181874578063117114329409897647623619241560935125066908876631867479597863393264	3375018936464	1,0,0,0,0,0,0,0,0,0	11,0,0,0,0,0,0	ok
-1.926772	-37.289408	-45.320481	0.867874	continued:5	131504586847961235687181874578063117114329409897647623619241560935125066908876631867479597863393264	4072	1,0,0,0,0,0,0,0,0,0	-12,0,0,0,0	ok
-1.923937	-37.289408	-45.891990	0.867038	continued:5	131504586847961235687181874578063117114329409897647623619241560935125066908876631867479597863393264	4162	1,0,0,0,0,0,0,0,0,0	12,0,0,0,0	ok
-1.921101	-37.289408	-46.452893	0.866664	continued:5	131504586847961235687181874578063117114329409897647623619241560935125066908876631867479597863393264	4162	1,0,0,0,0,0,0,0,0,0	12,0,0,0,0	ok
-1.918265	-37.289408	-46.996568	0.863999	full	131504586847961235687181874578063117114329409897647623619241560935125066908876631867479597863393264	4162	1,0,0,0,0,0,0,0,0,0	12,0,0,0,0	ok
-1.915430	-37.289408	-45.189769	0.867397	continued:5	131504586847961235687181874578063117114329409897647623619241560935125066908876631867479597863393264	4162	1,0,0,0,0,0,0,0,0,0	12,0,0,0,0	ok
-1.912594	-37.289408	-45.758621	0.866355	continued:5	131504586847961235687181874578063117114329409897647623619241560935125066908876631867479597863393264	2653032	1,0,0,0,0,0,0,0,0,0	12,0,0,0,0,0	ok
-1.909758	-37.289408	-46.318753	0.865853	continued:5	131504586847961235687181874578063117114329409897647623619241560935125066908876631867479597863393264	4162	1,0,0,0,0,0,0,0,0,0	12,0,0,0,0	ok
-1.906922	-37.289408	-46.863207	0.865686	full	131504586847961235687181874578063117114329409897647623619241560935125066908876631867479597863393264	4253	1,0,0,0,0,0,0,0,0,0	-13,0,0,0,0	ok
-1.904087	-37.289408	-45.260602	0.866466	continued:5	131504586847961235687181874578063117114329409897647623619241560935125066908876631867479597863393264	2657639	1,0,0,0,0,0,0,0,0,0	13,0,0,0,0,0	ok
-1.901251	-37.289408	-45.825680	0.865424	continued:5	131504586847961235687181874578063117114329409897647623619241560935125066908876631867479597863393264	2657639	1,0,0,0,0,0,0,0,0,0	13,0,0,0,0,0	ok
-1.898415	-37.289408	-46.381567	0.865050	continued:5	131504586847961235687181874578063117114329409897647623619241560935125066908876631867479597863393264	4345	1,0,0,0,0,0,0,0,0,0	13,0,0,0,0	ok
-1.895580	-37.289408	-46.919906	0.864882	full	131504586847961235687181874578063117114329409897647623619241560935125066908876631867479597863393264	4345	1,0,0,0,0,0,0,0,0,0	13,0,0,0,0	ok
-1.892744	-37.289408	-43.178726	0.892886	continued:5	131504586847961235687181874578063117114329409897647623619241560935125066908876631867479597863393264	4345	1,0,0,0,0,0,0,0,0,0	13,0,0,0,0	ok
-1.889908	-37.289408	-43.513076	0.890093	continued:5	131504586847961235687181874578063117114329409897647623619241560935125066908876631867479597863393264	4345	1,0,0,0,0,0,0,0,0,0	13,0,0,0,0	ok
-1.887073	-37.289408	-43.857358	0.887299	continued:5	131504586847961235687181874578063117114329409897647623619241560935125066908876631867479597863393264	4345	1,0,0,0,0,0,0,0,0,0	13,0,0,0,0	ok
-1.884237	-37.289408	-44.216293	0.884840	continued:5	131504586847961235687181874578063117114329409897647623619241560935125066908876631867479597863393264	4345	1,0,0,0,0,0,0,0,0,0	13,0,0,0,0	ok
-1.881401	-37.289408	-44.589131	0.882588	continued:5	131504586847961235687181874578063117114329409897647623619241560935125066908876631867479597863393264	2657639	1,0,0,0,0,0,0,0,0,0	13,0,0,0,0,0	ok
-1.878565	-37.289408	-44.975678	0.880798	continued:5	131504586847961235687181874578063117114329409897647623619241560935125066908876631867479597863393264	2657639	1,0,0,0,0,0,0,0,0,0	13,0,0,0,0,0	ok
-1.875730	-37.289408	-45.371910	0.879421	continued:5	131504586847961235687181874578063117114329409897647623619241560935125066908876631867479597863393264	4345	1,0,0,0,0,0,0,0,0,0	13,0,0,0,0	ok
-1.872894	-37.289408	-45.773561	0.878585	continued:5	131504586847961235687181874578063117114329409897647623619241560935125066908876631867479597863393264	4345	1,0,0,0,0,0,0,0,0,0	13,0,0,0,0	ok
-1.870058	-37.289408	-46.174369	0.878083	continued:5	131504586847961235687181874578063117114329409897647623619241560935125066908876631867479597863393264	2657639	1,0,0,0,0,0,0,0,0,0	13,0,0,0,0,0	ok
-1.867223	-37.289408	-46.569595	0.877041	full	131504586847961235687181874578063117114329409897647623619241560935125066908876631867479597863393264	2657639	1,0,0,0,0,0,0,0,0,0	13,0,0,0,0,0	ok
-1.864387	-37.289408	-43.217276	0.889949	continued:5	131504586847961235687181874578063117114329409897647623619241560935125066908876631867479597863393264	4345	1,0,0,0,0,0,0,0,0,0	13,0,0,0,0	ok
-1.861551	-37.289408	-43.558264	0.887156	continued:5	131504586847961235687181874578063117114329409897647623619241560935125066908876631867479597863393264	4345	1,0,0,0,0,0,0,0,0,0	13,0,0,0,0	ok
-1.858716	-37.289408	-43.908176	0.884362	continued:5	131504586847961235687181874578063117114329409897647623619241560935125066908876631867479597863393264	4345	1,0,0,0,0,0,0,0,0,0	13,0,0,0,0	ok
-1.855880	-37.289408	-44.271813	0.881697	continued:5	131504586847961235687181874578063117114329409897647623619241560935125066908876631867479597863393264	4345	1,0,0,0,0,0,0,0,0,0	13,0,0,0,0	ok
-1.853044	-37.289408	-44.650770	0.879444	continued:5	131504586847961235687181874578063117114329409897647623619241560935125066908876631867479597863393264	4345	1,0,0,0,0,0,0,0,0,0	13,0,0,0,0	ok
-1.850209	-37.289408	-45.042235	0.877654	continued:5	131504586847961235687181874578063117114329409897647623619241560935125066908876631867479597863393264	4345	1,0,0,0,0,0,0,0,0,0	13,0,0,0,0	ok
-1.847373	-37.289408	-45.442086	0.876277	continued:5	131504586847961235687181874578063117114329409897647623619241560935125066908876631867479597863393264	4345	1,0,0,0,0,0,0,0,0,0	13,0,0,0,0	ok
-1.844537	-37.289408	-45.845939	0.875362	continued:5	131504586847961235687181874578063117114329409897647623619241560935125066908876631867479597863393264	4345	1,0,0,0,0,0,0,0,0,0	13,0,0,0,0	ok
-1.841701	-37.289408	-46.248197	0.875195	continued:5	131504586847961235687181874578063117114329409897647623619241560935125066908876631867479597863393264	4345	1,0,0,0,0,0,0,0,0,0	13,0,0,0,0	ok
-1.838866	-37.289408	-46.640169	0.873405	full	131504586847961235687181874578063117114329409897647623619241560935125066908876631867479597863393264	4345	1,0,0,0,0,0,0,0,0,0	13,0,0,0,0	ok
-1.836030	-37.289408	-43.237910	0.886698	continued:5	131504586847961235687181874578063117114329409897647623619241560935125066908876631867479597863393264	2657639	1,0,0,0,0,0,0,0,0,0	13,0,0,0,0,0	ok
-1.833194	-37.289408	-43.590897	0.883905	continued:5	131504586847961235687181874578063117114329409897647623619241560935125066908876631867479597863393264	4345	1,0,0,0,0,0,0,0,0,0	13,0,0,0,0	ok
-1.830359	-37.289408	-43.950876	0.881112	continued:5	131504586847961235687181874578063117114329409897647623619241560935125066908876631867479597863393264	4345	1,0,0,0,0,0,0,0,0,0	13,0,0,0,0	ok
-1.827523	-37.289408	-44.323060	0.878653	continued:5	131504586847961235687181874578063117114329409897647623619241560935125066908876631867479597863393264	4345	1,0,0,0,0,0,0,0,0,0	13,0,0,0,0	ok
-1.824687	-37.289408	-44.706840	0.876400	continued:5	131504586847961235687181874578063117114329409897647623619241560935125066908876631867479597863393264	4345	1,0,0,0,0,0,0,0,0,0	13,0,0,0,0	ok
-1.821852	-37.289408	-45.101935	0.874610	continued:5	131504586847961235687181874578063117114329409897647623619241560935125066908876631867479597863393264	4345	1,0,0,0,0,0,0,0,0,0	13,0,0,0,0	ok
-1.819016	-37.289408	-45.504137	0.873233	continued:5	131504586847961235687181874578063117114329409897647623619241560935125066908876631867479597863393264	4345	1,0,0,0,0,0,0,0,0,0	13,0,0,0,0	ok
-1.816180	-37.289408	-45.908965	0.872318	continued:5	131504586847961235687181874578063117114329409897647623619241560935125066908876631867479597863393264	4345	1,0,0,0,0,0,0,0,0,0	13,0,0,0,0	ok
-1.813344	-37.289408	-46.310759	0.871945	continued:5	131504586847961235687181874578063117114329409897647623619241560935125066908876631867479597863393264	4345	1,0,0,0,0,0,0,0,0,0	13,0,0,0,0	ok
-1.810509	-37.289408	-46.702736	0.870027	full	131504586847961235687181874578063117114329409897647623619241560935125066908876631867479597863393264	4345	1,0,0,0,0,0,0,0,0,0	13,0,0,0,0	ok
-1.807673	-37.289408	-44.863178	0.861180	continued:5	131504586847961235687181874578063117114329409897647623619241560935125066908876631867479597863393264	4345	1,0,0,0,0,0,0,0,0,0	13,0,0,0,0	ok
-1.804837	-37.289408	-45.401824	0.859262	continued:5	131504586847961235687181874578063117114329409897647623619241560935125066908876631867479597863393264	4438	1,0,0,0,0,0,0,0,0,0	-14,0,0,0,0	ok
-1.802002	-37.289408	-45.937119	0.858220	continued:5	131504586847961235687181874578063117114329409897647623619241560935125066908876631867479597863393264	4438	1,0,0,0,0,0,0,0,0,0	-14,0,0,0,0	ok
-1.799166	-37.289408	-46.459985	0.857718	continued:5	131504586847961235687181874578063117114329409897647623619241560935125066908876631867479597863393264	4438	1,0,0,0,0,0,0,0,0,0	-14,0,0,0,0	ok
-1.796330	-37.289408	-46.963529	0.857551	full	131504586847961235687181874578063117114329409897647623619241560935125066908876631867479597863393264	4438	1,0,0,0,0,0,0,0,0,0	-14,0,0,0,0	ok
-1.793495	-37.289408	-44.912074	0.859987	continued:5	131504586847961235687181874578063117114329409897647623619241560935125066908876631867479597863393264	4438	1,0,0,0,0,0,0,0,0,0	-14,0,0,0,0	ok
-1.790659	-37.289408	-45.447446	0.858197	continued:5	131504586847961235687181874578063117114329409897647623619241560935125066908876631867479597863393264	4438	1,0,0,0,0,0,0,0,0,0	-14,0,0,0,0	ok
-1.787823	-37.289408	-45.977750	0.857154	continued:5	131504586847961235687181874578063117114329409897647623619241560935125066908876631867479597863393264	4438	1,0,0,0,0,0,0,0,0,0	-14,0,0,0,0	ok
-1.784987	-37.289408	-46.495175	0.856652	continued:5	131504586847961235687181874578063117114329409897647623619241560935125066908876631867479597863393264	4438	1,0,0,0,0,0,0,0,0,0	-14,0,0,0,0	ok
-1.782152	-37.289408	-46.992796	0.856485	full	131504586847961235687181874578063117114329409897647623619241560935125066908876631867479597863393264	2659944	1,0,0,0,0,0,0,0,0,0	-14,0,0,0,0,0	ok
-1.779316	-37.289408	-44.958640	0.858909	continued:5	131504586847961235687181874578063117114329409897647623619241560935125066908876631867479597863393264	2659944	1,0,0,0,0,0,0,0,0,0	-14,0,0,0,0,0	ok
-1.776480	-37.289408	-45.489508	0.856991	continued:5	131504586847961235687181874578063117114329409897647623619241560935125066908876631867479597863393264	2659944	1,0,0,0,0,0,0,0,0,0	-14,0,0,0,0,0	ok
-1.773645	-37.289408	-46.016298	0.855948	continued:5	131504586847961235687181874578063117114329409897647623619241560935125066908876631867479597863393264	2659944	1,0,0,0,0,0,0,0,0,0	-14,0,0,0,0,0	ok
-1.770809	-37.289408	-46.529634	0.855575	continued:5	131504586847961235687181874578063117114329409897647623619241560935125066908876631867479597863393264	2659944	1,0,0,0,0,0,0,0,0,0	-14,0,0,0,0,0	ok
-1.767973	-37.289408	-47.021404	0.855407	full	131504586847961235687181874578063117114329409897647623619241560935125066908876631867479597863393264	2659944	1,0,0,0,0,0,0,0,0,0	-14,0,0,0,0,0	ok
-1.765138	-37.289408	-45.005962	0.857695	continued:5	131504586847961235687181874578063117114329409897647623619241560935125066908876631867479597863393264	2659944	1,0,0,0,0,0,0,0,0,0	-14,0,0,0,0,0	ok
-1.762302	-37.289408	-45.533677	0.855905	continued:5	131504586847961235687181874578063117114329409897647623619241560935125066908876631867479597863393264	2659944	1,0,0,0,0,0,0,0,0,0	-14,0,0,0,0,0	ok
-1.759466	-37.289408	-46.055568	0.854862	continued:5	131504586847961235687181874578063117114329409897647623619241560935125066908876631867479597863393264	2659944	1,0,0,0,0,0,0,0,0,0	-14,0,0,0,0,0	ok
-1.756631	-37.289408	-46.563549	0.854488	continued:5	131504586847961235687181874578063117114329409897647623619241560935125066908876631867479597863393264	2659944	1,0,0,0,0,0,0,0,0,0	-14,0,0,0,0,0	ok
-1.753795	-37.289408	-47.049502	0.854321	full	131504586847961235687181874578063117114329409897647623619241560935125066908876631867479597863393264	2659944	1,0,0,0,0,0,0,0,0,0	-14,0,0,0,0,0	ok
-1.750959	-37.289408	-45.054646	0.856610	continued:5	131504586847961235687181874578063117114329409897647623619241560935125066908876631867479597863393264	2659944	1,0,0,0,0,0,0,0,0,0	-14,0,0,0,0,0	ok
-1.748123	-37.289408	-45.577685	0.854820	continued:5	131504586847961235687181874578063117114329409897647623619241560935125066908876631867479597863393264	2659944	1,0,0,0,0,0,0,0,0,0	-14,0,0,0,0,0	ok
-1.745288	-37.289408	-46.094583	0.853777	continued:5	131504586847961235687181874578063117114329409897647623619241560935125066908876631867479597863393264	2659944	1,0,0,0,0,0,0,0,0,0	-14,0,0,0,0,0	ok
-1.742452	-37.289408	-46.597127	0.853403	continued:5	131504586847961235687181874578063117114329409897647623619241560935125066908876631867479597863393264	2659944	1,0,0,0,0,0,0,0,0,0	-14,0,0,0,0,0	ok
-1.739616	-37.289408	-47.077200	0.853236	full	131504586847961235687181874578063117114329409897647623619241560935125066908876631867479597863393264	2659944	1,0,0,0,0,0,0,0,0,0	-14,0,0,0,0,0	ok
-1.736781	-37.289408	-43.844166	0.872548	continued:5	131504586847961235687181874578063117114329409897647623619241560935125066908876631867479597863393264	2659944	1,0,0,0,0,0,0,0,0,0	-14,0,0,0,0,0	ok
-1.733945	-37.289408	-44.231294	0.869755	continued:5	131504586847961235687181874578063117114329409897647623619241560935125066908876631867479597863393264	2659944	1,0,0,0,0,0,0,0,0,0	-14,0,0,0,0,0	ok
-1.731109	-37.289408	-44.627528	0.867296	continued:5	131504586847961235687181874578063117114329409897647623619241560935125066908876631867479597863393264	2659944	1,0,0,0,0,0,0,0,0,0	-14,0,0,0,0,0	ok
-1.728274	-37.289408	-45.031850	0.865171	continued:5	131504586847961235687181874578063117114329409897647623619241560935125066908876631867479597863393264	2659944	1,0,0,0,0,0,0,0,0,0	-14,0,0,0,0,0	ok
-1.725438	-37.289408	-45.441944	0.863381	continued:5	131504586847961235687181874578063117114329409897647623619241560935125066908876631867479597863393264	2659944	1,0,0,0,0,0,0,0,0,0	-14,0,0,0,0,0	ok
-1.722602	-37.289408	-45.854373	0.862339	continued:5	131504586847961235687181874578063117114329409897647623619241560935125066908876631867479597863393264	2659944	1,0,0,0,0,0,0,0,0,0	-14,0,0,0,0,0	ok
-1.719766	-37.289408	-46.260767	0.861630	continued:5	131504586847961235687181874578063117114329409897647623619241560935125066908876631867479597863393264	2659944	1,0,0,0,0,0,0,0,0,0	-14,0,0,0,0,0	ok
-1.716931	-37.289408	-46.656645	0.861798	full	131504586847961235687181874578063117114329409897647623619241560935125066908876631867479597863393264	2659944	1,0,0,0,0,0,0,0,0,0	-14,0,0,0,0,0	ok
-1.714095	-37.289408	-43.868756	0.870194	continued:5	131504586847961235687181874578063117114329409897647623619241560935125066908876631867479597863393264	2659944	1,0,0,0,0,0,0,0,0,0	-14,0,0,0,0,0	ok
-1.711259	-37.289408	-44.260122	0.867401	continued:5	131504586847961235687181874578063117114329409897647623619241560935125066908876631867479597863393264	2659944	1,0,0,0,0,0,0,0,0,0	-14,0,0,0,0,0	ok
-1.708424	-37.289408	-44.659525	0.864735	continued:5	131504586847961235687181874578063117114329409897647623619241560935125066908876631867479597863393264	2659944	1,0,0,0,0,0,0,0,0,0	-14,0,0,0,0,0	ok
-1.705588	-37.289408	-45.068277	0.862611	continued:5	131504586847961235687181874578063117114329409897647623619241560935125066908876631867479597863393264	2659944	1,0,0,0,0,0,0,0,0,0	-14,0,0,0,0,0	ok
-1.702752	-37.289408	-45.481586	0.860821	continued:5	131504586847961235687181874578063117114329409897647623619241560935125066908876631867479597863393264	4438	1,0,0,0,0,0,0,0,0,0	-14,0,0,0,0	ok
-1.699917	-37.289408	-45.896014	0.859778	continued:5	131504586847961235687181874578063117114329409897647623619241560935125066908876631867479597863393264	4438	1,0,0,0,0,0,0,0,0,0	-14,0,0,0,0	ok
-1.697081	-37.289408	-46.303194	0.858942	continued:5	131504586847961235687181874578063117114329409897647623619241560935125066908876631867479597863393264	4438	1,0,0,0,0,0,0,0,0,0	-14,0,0,0,0	ok
-1.694245	-37.289408	-46.699872	0.859316	full	131504586847961235687181874578063117114329409897647623619241560935125066908876631867479597863393264	4438	1,0,0,0,0,0,0,0,0,0	-14,0,0,0,0	ok
-1.691410	-37.289408	-43.895120	0.867710	continued:5	131504586847961235687181874578063117114329409897647623619241560935125066908876631867479597863393264	4438	1,0,0,0,0,0,0,0,0,0	-14,0,0,0,0	ok
-1.688574	-37.289408	-44.292092	0.864916	continued:5	131504586847961235687181874578063117114329409897647623619241560935125066908876631867479597863393264	4438	1,0,0,0,0,0,0,0,0,0	-14,0,0,0,0	ok
-1.685738	-37.289408	-44.695902	0.862251	continued:5	131504586847961235687181874578063117114329409897647623619241560935125066908876631867479597863393264	4438	1,0,0,0,0,0,0,0,0,0	-14,0,0,0,0	ok
-1.682902	-37.289408	-45.107929	0.859998	continued:5	131504586847961235687181874578063117114329409897647623619241560935125066908876631867479597863393264	4438	1,0,0,0,0,0,0,0,0,0	-14,0,0,0,0	ok
-1.680067	-37.289408	-45.524731	0.858415	continued:5	131504586847961235687181874578063117114329409897647623619241560935125066908876631867479597863393264	4345	1,0,0,0,0,0,0,0,0,0	13,0,0,0,0	ok
-1.677231	-37.289408	-45.939300	0.857165	continued:5	131504586847961235687181874578063117114329409897647623619241560935125066908876631867479597863393264	4345	1,0,0,0,0,0,0,0,0,0	13,0,0,0,0	ok
-1.674395	-37.289408	-46.347543	0.856457	continued:5	131504586847961235687181874578063117114329409897647623619241560935125066908876631867479597863393264	4345	1,0,0,0,0,0,0,0,0,0	13,0,0,0,0	ok
-1.671560	-37.289408	-46.742874	0.856831	full	131504586847961235687181874578063117114329409897647623619241560935125066908876631867479597863393264	4345	1,0,0,0,0,0,0,0,0,0	13,0,0,0,0	ok
-1.668724	-37.289408	-43.924351	0.865219	continued:5	131504586847961235687181874578063117114329409897647623619241560935125066908876631867479597863393264	4345	1,0,0,0,0,0,0,0,0,0	13,0,0,0,0	ok
-1.665888	-37.289408	-44.326702	0.862425	continued:5	131504586847961235687181874578063117114329409897647623619241560935125066908876631867479597863393264	4345	1,0,0,0,0,0,0,0,0,0	13,0,0,0,0	ok
-1.663053	-37.289408	-44.734722	0.859760	continued:5	131504586847961235687181874578063117114329409897647623619241560935125066908876631867479597863393264	4345	1,0,0,0,0,0,0,0,0,0	13,0,0,0,0	ok
-1.660217	-37.289408	-45.149836	0.857507	continued:5	131504586847961235687181874578063117114329409897647623619241560935125066908876631867479597863393264	4345	1,0,0,0,0,0,0,0,0,0	13,0,0,0,0	ok
-1.657381	-37.289408	-45.568593	0.855924	continued:5	131504586847961235687181874578063117114329409897647623619241560935125066908876631867479597863393264	4345	1,0,0,0,0,0,0,0,0,0	13,0,0,0,0	ok
-1.654545	-37.289408	-45.983966	0.854674	continued:5	131504586847961235687181874578063117114329409897647623619241560935125066908876631867479597863393264	4345	1,0,0,0,0,0,0,0,0,0	13,0,0,0,0	ok
-1.651710	-37.289408	-46.391862	0.853966	continued:5	131504586847961235687181874578063117114329409897647623619241560935125066908876631867479597863393264	4345	1,0,0,0,0,0,0,0,0,0	13,0,0,0,0	ok
-1.648874	-37.289408	-46.785739	0.854340	full	131504586847961235687181874578063117114329409897647623619241560935125066908876631867479597863393264	4345	1,0,0,0,0,0,0,0,0,0	13,0,0,0,0	ok
-1.646038	-37.289408	-43.948127	0.862670	continued:5	131504586847961235687181874578063117114329409897647623619241560935125066908876631867479597863393264	4345	1,0,0,0,0,0,0,0,0,0	13,0,0,0,0	ok
-1.643203	-37.289408	-44.356813	0.859877	continued:5	131504586847961235687181874578063117114329409897647623619241560935125066908876631867479597863393264	4345	1,0,0,0,0,0,0,0,0,0	13,0,0,0,0	ok
-1.640367	-37.289408	-44.769816	0.857211	continued:5	131504586847961235687181874578063117114329409897647623619241560935125066908876631867479597863393264	4345	1,0,0,0,0,0,0,0,0,0	13,0,0,0,0	ok
-1.637531	-37.289408	-45.188670	0.855087	continued:5	131504586847961235687181874578063117114329409897647623619241560935125066908876631867479597863393264	4345	1,0,0,0,0,0,0,0,0,0	13,0,0,0,0	ok
-1.634696	-37.289408	-45.608605	0.853297	continued:5	131504586847961235687181874578063117114329409897647623619241560935125066908876631867479597863393264	4345	1,0,0,0,0,0,0,0,0,0	13,0,0,0,0	ok
-1.631860	-37.289408	-46.026145	0.852047	continued:5	131504586847961235687181874578063117114329409897647623619241560935125066908876631867479597863393264	4345	1,0,0,0,0,0,0,0,0,0	13,0,0,0,0	ok
-1.629024	-37.289408	-46.434950	0.851339	continued:5	131504586847961235687181874578063117114329409897647623619241560935125066908876631867479597863393264	4345	1,0,0,0,0,0,0,0,0,0	13,0,0,0,0	ok
-1.626188	-37.289408	-46.828531	0.851841	full	131504586847961235687181874578063117114329409897647623619241560935125066908876631867479597863393264	4345	1,0,0,0,0,0,0,0,0,0	13,0,0,0,0	ok
-1.623353	-37.289408	-43.975475	0.860161	continued:5	131504586847961235687181874578063117114329409897647623619241560935125066908876631867479597863393264	4345	1,0,0,0,0,0,0,0,0,0	13,0,0,0,0	ok
-1.620517	-37.289408	-44.389678	0.857368	continued:5	131504586847961235687181874578063117114329409897647623619241560935125066908876631867479597863393264	4345	1,0,0,0,0,0,0,0,0,0	13,0,0,0,0	ok
-1.617681	-37.289408	-44.806940	0.854702	continued:5	131504586847961235687181874578063117114329409897647623619241560935125066908876631867479597863393264	4345	1,0,0,0,0,0,0,0,0,0	13,0,0,0,0	ok
-1.614846	-37.289408	-45.228867	0.852371	continued:5	131504586847961235687181874578063117114329409897647623619241560935125066908876631867479597863393264	4345	1,0,0,0,0,0,0,0,0,0	13,0,0,0,0	ok
-1.612010	-37.289408	-45.652876	0.850787	continued:5	131504586847961235687181874578063117114329409897647623619241560935125066908876631867479597863393264	4345	1,0,0,0,0,0,0,0,0,0	13,0,0,0,0	ok
-1.609174	-37.289408	-46.071047	0.849538	continued:5	131504586847961235687181874578063117114329409897647623619241560935125066908876631867479597863393264	4345	1,0,0,0,0,0,0,0,0,0	13,0,0,0,0	ok
-1.606339	-37.289408	-46.479332	0.848830	continued:5	131504586847961235687181874578063117114329409897647623619241560935125066908876631867479597863393264	4345	1,0,0,0,0,0,0,0,0,0	13,0,0,0,0	ok
-1.603503	-37.289408	-46.871299	0.849331	full	131504586847961235687181874578063117114329409897631406061666638548823646371904376997883815099845702	4345	-1,0,0,0,0,0,0,0,0,0	13,0,0,0,0	ok
-1.600667	-37.289408	-44.000016	0.857561	continued:5	131504586847961235687181874578063117114329409897647623619241560935125066908876631867479597863393264	4345	1,0,0,0,0,0,0,0,0,0	13,0,0,0,0	ok
-1.597832	-37.289408	-44.420921	0.854768	continued:5	131504586847961235687181874578063117114329409897647623619241560935125066908876631867479597863393264	4345	1,0,0,0,0,0,0,0,0,0	13,0,0,0,0	ok
-1.594996	-37.289408	-44.843446	0.852103	continued:5	131504586847961235687181874578063117114329409897647623619241560935125066908876631867479597863393264	4345	1,0,0,0,0,0,0,0,0,0	13,0,0,0,0	ok
-1.592160	-37.289408	-45.269324	0.849850	continued:5	131504586847961235687181874578063117114329409897647623619241560935125066908876631867479597863393264	4345	1,0,0,0,0,0,0,0,0,0	13,0,0,0,0	ok
-1.589324	-37.289408	-45.695181	0.848060	continued:5	131504586847961235687181874578063117114329409897647623619241560935125066908876631867479597863393264	4345	1,0,0,0,0,0,0,0,0,0	13,0,0,0,0	ok
-1.586489	-37.289408	-46.116094	0.847017	continued:5	131504586847961235687181874578063117114329409897647623619241560935125066908876631867479597863393264	4345	1,0,0,0,0,0,0,0,0,0	13,0,0,0,0	ok
-1.583653	-37.289408	-46.523789	0.846309	continued:5	131504586847961235687181874578063117114329409897647623619241560935125066908876631867479597863393264	4345	1,0,0,0,0,0,0,0,0,0	13,0,0,0,0	ok
-1.580817	-37.289408	-46.914081	0.846811	full	131504586847961235687181874578063117114329409897631406061666638548823646371904376997883815099845702	4345	-1,0,0,0,0,0,0,0,0,0	13,0,0,0,0	ok
-1.577982	-37.289408	-44.030195	0.855029	continued:5	131504586847961235687181874578063117114329409897647623619241560935125066908876631867479597863393264	4345	1,0,0,0,0,0,0,0,0,0	13,0,0,0,0	ok
-1.575146	-37.289408	-44.456475	0.852235	continued:5	131504586847961235687181874578063117114329409897647623619241560935125066908876631867479597863393264	4345	1,0,0,0,0,0,0,0,0,0	13,0,0,0,0	ok
-1.572310	-37.289408	-44.883109	0.849570	continued:5	131504586847961235687181874578063117114329409897647623619241560935125066908876631867479597863393264	4345	1,0,0,0,0,0,0,0,0,0	13,0,0,0,0	ok
-1.569475	-37.289408	-45.311893	0.847445	continued:5	131504586847961235687181874578063117114329409897647623619241560935125066908876631867479597863393264	4345	1,0,0,0,0,0,0,0,0,0	13,0,0,0,0	ok
-1.566639	-37.289408	-45.738128	0.845655	continued:5	131504586847961235687181874578063117114329409897647623619241560935125066908876631867479597863393264	4345	1,0,0,0,0,0,0,0,0,0	13,0,0,0,0	ok
-1.563803	-37.289408	-46.158355	0.844405	continued:5	131504586847961235687181874578063117114329409897647623619241560935125066908876631867479597863393264	4345	1,0,0,0,0,0,0,0,0,0	13,0,0,0,0	ok
-1.560967	-37.289408	-46.566315	0.843570	continued:5	131504586847961235687181874578063117114329409897647623619241560935125066908876631867479597863393264	4345	1,0,0,0,0,0,0,0,0,0	13,0,0,0,0	ok
-1.558132	-37.289408	-46.956906	0.844278	full	131504586847961235687181874578063117114329409897631406061666638548823646371904376997883815099845702	4345	-1,0,0,0,0,0,0,0,0,0	13,0,0,0,0	ok
-1.555296	-37.289408	-44.937369	0.842687	continued:5	131504586847961235687181874578063117114329409897647623619241560935125066908876631867479597863393264	4345	1,0,0,0,0,0,0,0,0,0	13,0,0,0,0	ok
-1.552460	-37.289408	-45.421179	0.840434	continued:5	131504586847961235687181874578063117114329409897647623619241560935125066908876631867479597863393264	4345	1,0,0,0,0,0,0,0,0,0	13,0,0,0,0	ok
-1.549625	-37.289408	-45.897574	0.838851	continued:5	131504586847961235687181874578063117114329409897647623619241560935125066908876631867479597863393264	4345	1,0,0,0,0,0,0,0,0,0	13,0,0,0,0	ok
-1.546789	-37.289408	-46.359984	0.837808	continued:5	131504586847961235687181874578063117114329409897647623619241560935125066908876631867479597863393264	4345	1,0,0,0,0,0,0,0,0,0	13,0,0,0,0	ok
-1.543953	-37.289408	-46.802500	0.837307	continued:5	131504586847961235687181874578063117114329409897647623619241560935125066908876631867479597863393264	4345	1,0,0,0,0,0,0,0,0,0	13,0,0,0,0	ok
-1.541118	-37.289408	-47.219092	0.837139	full	131504586847961235687181874578063117114329409897647623619241560935125066908876631867479597863393264	4345	1,0,0,0,0,0,0,0,0,0	13,0,0,0,0	ok
-1.538282	-37.289408	-44.523833	0.843658	continued:5	131504586847961235687181874578063117114329409897647623619241560935125066908876631867479597863393264	4345	1,0,0,0,0,0,0,0,0,0	13,0,0,0,0	ok
-1.535446	-37.289408	-45.007065	0.840992	continued:5	131504586847961235687181874578063117114329409897647623619241560935125066908876631867479597863393264	4345	1,0,0,0,0,0,0,0,0,0	13,0,0,0,0	ok
-1.532611	-37.289408	-45.485165	0.838740	continued:5	131504586847961235687181874578063117114329409897647623619241560935125066908876631867479597863393264	4345	1,0,0,0,0,0,0,0,0,0	13,0,0,0,0	ok
-1.529775	-37.289408	-45.955566	0.837156	continued:5	131504586847961235687181874578063117114329409897647623619241560935125066908876631867479597863393264	4345	1,0,0,0,0,0,0,0,0,0	13,0,0,0,0	ok
-1.526939	-37.289408	-46.411516	0.836113	continued:5	131504586847961235687181874578063117114329409897647623619241560935125066908876631867479597863393264	4345	1,0,0,0,0,0,0,0,0,0	13,0,0,0,0	ok
-1.524103	-37.289408	-46.847072	0.835612	continued:5	131504586847961235687181874578063117114329409897647623619241560935125066908876631867479597863393264	4345	1,0,0,0,0,0,0,0,0,0	13,0,0,0,0	ok
-1.521268	-37.289408	-47.256276	0.835445	full	131504586847961235687181874578063117114329409897647623619241560935125066908876631867479597863393264	4345	1,0,0,0,0,0,0,0,0,0	13,0,0,0,0	ok
-1.518432	-37.289408	-44.593551	0.841819	continued:5	131504586847961235687181874578063117114329409897647623619241560935125066908876631867479597863393264	4345	1,0,0,0,0,0,0,0,0,0	13,0,0,0,0	ok
-1.515596	-37.289408	-45.072885	0.839153	continued:5	131504586847961235687181874578063117114329409897647623619241560935125066908876631867479597863393264	4345	1,0,0,0,0,0,0,0,0,0	13,0,0,0,0	ok
-1.512761	-37.289408	-45.546911	0.837029	continued:5	131504586847961235687181874578063117114329409897647623619241560935125066908876631867479597863393264	4345	1,0,0,0,0,0,0,0,0,0	13,0,0,0,0	ok
-1.509925	-37.289408	-46.011441	0.835239	continued:5	131504586847961235687181874578063117114329409897647623619241560935125066908876631867479597863393264	4345	1,0,0,0,0,0,0,0,0,0	13,0,0,0,0	ok
-1.507089	-37.289408	-46.463082	0.834403	continued:5	131504586847961235687181874578063117114329409897647623619241560935125066908876631867479597863393264	4345	1,0,0,0,0,0,0,0,0,0	13,0,0,0,0	ok
-1.504254	-37.289408	-46.891676	0.833901	continued:5	131504586847961235687181874578063117114329409897647623619241560935125066908876631867479597863393264	4345	1,0,0,0,0,0,0,0,0,0	13,0,0,0,0	ok
-1.501418	-37.289408	-47.293515	0.833734	full	131504586847961235687181874578063117114329409897647623619241560935125066908876631867479597863393264	4345	1,0,0,0,0,0,0,0,0,0	13,0,0,0,0	ok
-1.498582	-37.289408	-44.663203	0.839958	continued:5	131504586847961235687181874578063117114329409897647623619241560935125066908876631867479597863393264	4345	1,0,0,0,0,0,0,0,0,0	13,0,0,0,0	ok
-1.495746	-37.289408	-45.138759	0.837292	continued:5	131504586847961235687181874578063117114329409897647623619241560935125066908876631867479597863393264	4345	1,0,0,0,0,0,0,0,0,0	13,0,0,0,0	ok
-1.492911	-37.289408	-45.608776	0.835168	continued:5	131504586847961235687181874578063117114329409897647623619241560935125066908876631867479597863393264	4345	1,0,0,0,0,0,0,0,0,0	13,0,0,0,0	ok
-1.490075	-37.289408	-46.068796	0.833584	continued:5	131504586847961235687181874578063117114329409897647623619241560935125066908876631867479597863393264	4345	1,0,0,0,0,0,0,0,0,0	13,0,0,0,0	ok
-1.487239	-37.289408	-46.513276	0.832542	continued:5	131504586847961235687181874578063117114329409897647623619241560935125066908876631867479597863393264	4345	1,0,0,0,0,0,0,0,0,0	13,0,0,0,0	ok
-1.484404	-37.289408	-46.936261	0.832168	continued:5	131504586847961235687181874578063117114329409897647623619241560935125066908876631867479597863393264	4345	1,0,0,0,0,0,0,0,0,0	13,0,0,0,0	ok
-1.481568	-37.289408	-47.330817	0.832000	full	131504586847961235687181874578063117114329409897647623619241560935125066908876631867479597863393264	4345	1,0,0,0,0,0,0,0,0,0	13,0,0,0,0	ok
-1.478732	-37.289408	-44.730919	0.837918	continued:5	131504586847961235687181874578063117114329409897647623619241560935125066908876631867479597863393264	4345	1,0,0,0,0,0,0,0,0,0	13,0,0,0,0	ok
-1.475897	-37.289408	-45.204699	0.835459	continued:5	131504586847961235687181874578063117114329409897647623619241560935125066908876631867479597863393264	4345	1,0,0,0,0,0,0,0,0,0	13,0,0,0,0	ok
-1.473061	-37.289408	-45.670232	0.833206	continued:5	131504586847961235687181874578063117114329409897647623619241560935125066908876631867479597863393264	4345	1,0,0,0,0,0,0,0,0,0	13,0,0,0,0	ok
-1.470225	-37.289408	-46.126603	0.831829	continued:5	131504586847961235687181874578063117114329409897647623619241560935125066908876631867479597863393264	4345	1,0,0,0,0,0,0,0,0,0	13,0,0,0,0	ok
-1.467389	-37.289408	-46.564707	0.830787	continued:5	131504586847961235687181874578063117114329409897647623619241560935125066908876631867479597863393264	4345	1,0,0,0,0,0,0,0,0,0	13,0,0,0,0	ok
-1.464554	-37.289408	-46.980850	0.830413	continued:5	131504586847961235687181874578063117114329409897647623619241560935125066908876631867479597863393264	4345	1,0,0,0,0,0,0,0,0,0	13,0,0,0,0	ok
-1.461718	-37.289408	-47.368195	0.830246	full	131504586847961235687181874578063117114329409897647623619241560935125066908876631867479597863393264	4345	1,0,0,0,0,0,0,0,0,0	13,0,0,0,0	ok
-1.458882	-37.289408	-44.901437	0.835516	continued:5	131504586847961235687181874578063117114329409897647623619241560935125066908876631867479597863393264	4345	1,0,0,0,0,0,0,0,0,0	13,0,0,0,0	ok
-1.456047	-37.289408	-45.369895	0.835015	continued:5	131504586847961235687181874578063117114329409897647623619241560935125066908876631867479597863393264	4345	1,0,0,0,0,0,0,0,0,0	13,0,0,0,0	ok
-1.453211	-37.289408	-45.809620	0.833097	continued:5	131504586847961235687181874578063117114329409897647623619241560935125066908876631867479597863393264	4345	1,0,0,0,0,0,0,0,0,0	13,0,0,0,0	ok
-1.450375	-37.289408	-46.238411	0.831641	continued:5	131504586847961235687181874578063117114329409897647623619241560935125066908876631867479597863393264	4345	1,0,0,0,0,0,0,0,0,0	13,0,0,0,0	ok
-1.447540	-37.289408	-46.651216	0.830726	continued:5	131504586847961235687181874578063117114329409897647623619241560935125066908876631867479597863393264	4345	1,0,0,0,0,0,0,0,0,0	13,0,0,0,0	ok
-1.444704	-37.289408	-47.042121	0.830352	continued:5	131504586847961235687181874578063117114329409897647623619241560935125066908876631867479597863393264	4345	1,0,0,0,0,0,0,0,0,0	13,0,0,0,0	ok
-1.441868	-37.289408	-47.405656	0.828434	full	131504586847961235687181874578063117114329409897647623619241560935125066908876631867479597863393264	4345	1,0,0,0,0,0,0,0,0,0	13,0,0,0,0	ok
-1.439033	-37.289408	-44.498914	0.836262	continued:5	131504586847961235687181874578063117114329409897647623619241560935125066908876631867479597863393264	4345	1,0,0,0,0,0,0,0,0,0	13,0,0,0,0	ok
-1.436197	-37.289408	-44.969547	0.834885	continued:5	131504586847961235687181874578063117114329409897647623619241560935125066908876631867479597863393264	4345	1,0,0,0,0,0,0,0,0,0	13,0,0,0,0	ok
-1.433361	-37.289408	-45.417462	0.832426	continued:5	131504586847961235687181874578063117114329409897647623619241560935125066908876631867479597863393264	4345	1,0,0,0,0,0,0,0,0,0	13,0,0,0,0	ok
-1.430525	-37.289408	-45.858561	0.830508	continued:5	131504586847961235687181874578063117114329409897647623619241560935125066908876631867479597863393264	4345	1,0,0,0,0,0,0,0,0,0	13,0,0,0,0	ok
-1.427690	-37.289408	-46.287520	0.829052	continued:5	131504586847961235687181874578063117114329409897647623619241560935125066908876631867479597863393264	4345	1,0,0,0,0,0,0,0,0,0	13,0,0,0,0	ok
-1.424854	-37.289408	-46.699342	0.828216	continued:5	131504586847961235687181874578063117114329409897647623619241560935125066908876631867479597863393264	4345	1,0,0,0,0,0,0,0,0,0	13,0,0,0,0	ok
-1.422018	-37.289408	-47.087483	0.827715	continued:5	131504586847961235687181874578063117114329409897647623619241560935125066908876631867479597863393264	4345	1,0,0,0,0,0,0,0,0,0	13,0,0,0,0	ok
-1.419183	-37.289408	-47.448579	0.825797	full	131504586847961235687181874578063117114329409897647623619241560935125066908876631867479597863393264	4345	1,0,0,0,0,0,0,0,0,0	13,0,0,0,0	ok
-1.416347	-37.289408	-44.547573	0.834151	continued:5	131504586847961235687181874578063117114329409897647623619241560935125066908876631867479597863393264	4345	1,0,0,0,0,0,0,0,0,0	13,0,0,0,0	ok
-1.413511	-37.289408	-45.015785	0.832233	continued:5	131504586847961235687181874578063117114329409897647623619241560935125066908876631867479597863393264	4345	1,0,0,0,0,0,0,0,0,0	13,0,0,0,0	ok
-1.410676	-37.289408	-45.466734	0.829774	continued:5	131504586847961235687181874578063117114329409897647623619241560935125066908876631867479597863393264	4345	1,0,0,0,0,0,0,0,0,0	13,0,0,0,0	ok
-1.407840	-37.289408	-45.909573	0.827856	continued:5	131504586847961235687181874578063117114329409897647623619241560935125066908876631867479597863393264	4345	1,0,0,0,0,0,0,0,0,0	13,0,0,0,0	ok
-1.405004	-37.289408	-46.339010	0.826479	continued:5	131504586847961235687181874578063117114329409897647623619241560935125066908876631867479597863393264	4345	1,0,0,0,0,0,0,0,0,0	13,0,0,0,0	ok
-1.402168	-37.289408	-46.749351	0.825643	continued:5	131504586847961235687181874578063117114329409897647623619241560935125066908876631867479597863393264	4345	1,0,0,0,0,0,0,0,0,0	13,0,0,0,0	ok
-1.399333	-37.289408	-47.135011	0.825270	continued:5	131504586847961235687181874578063117114329409897647623619241560935125066908876631867479597863393264	4345	1,0,0,0,0,0,0,0,0,0	13,0,0,0,0	ok
-1.396497	-37.289408	-47.491629	0.823145	full	131504586847961235687181874578063117114329409897647623619241560935125066908876631867479597863393264	4345	1,0,0,0,0,0,0,0,0,0	13,0,0,0,0	ok
-1.393661	-37.289408	-44.599492	0.832438	continued:5	131504586847961235687181874578063117114329409897647623619241560935125066908876631867479597863393264	4345	1,0,0,0,0,0,0,0,0,0	13,0,0,0,0	ok
-1.390826	-37.289408	-45.060330	0.829645	continued:5	131504586847961235687181874578063117114329409897647623619241560935125066908876631867479597863393264	4345	1,0,0,0,0,0,0,0,0,0	13,0,0,0,0	ok
-1.387990	-37.289408	-45.513566	0.827186	continued:5	131504586847961235687181874578063117114329409897647623619241560935125066908876631867479597863393264	4345	1,0,0,0,0,0,0,0,0,0	13,0,0,0,0	ok
-1.385154	-37.289408	-45.957461	0.825268	continued:5	131504586847961235687181874578063117114329409897647623619241560935125066908876631867479597863393264	4345	1,0,0,0,0,0,0,0,0,0	13,0,0,0,0	ok
-1.382319	-37.289408	-46.386762	0.823812	continued:5	131504586847961235687181874578063117114329409897647623619241560935125066908876631867479597863393264	4345	1,0,0,0,0,0,0,0,0,0	13,0,0,0,0	ok
-1.379483	-37.289408	-46.796609	0.822976	continued:5	131504586847961235687181874578063117114329409897647623619241560935125066908876631867479597863393264	4345	1,0,0,0,0,0,0,0,0,0	13,0,0,0,0	ok
-1.376647	-37.289408	-47.180693	0.822602	continued:5	131504586847961235687181874578063117114329409897647623619241560935125066908876631867479597863393264	4345	1,0,0,0,0,0,0,0,0,0	13,0,0,0,0	ok
-1.373812	-37.289408	-47.534816	0.820478	full	131504586847961235687181874578063117114329409897647623619241560935125066908876631867479597863393264	4345	1,0,0,0,0,0,0,0,0,0	13,0,0,0,0	ok
-1.370976	-37.289408	-44.641982	0.829835	continued:5	131504586847961235687181874578063117114329409897647623619241560935125066908876631867479597863393264	4345	1,0,0,0,0,0,0,0,0,0	13,0,0,0,0	ok
-1.368140	-37.289408	-45.106261	0.827042	continued:5	131504586847961235687181874578063117114329409897647623619241560935125066908876631867479597863393264	4345	1,0,0,0,0,0,0,0,0,0	13,0,0,0,0	ok
-1.365304	-37.289408	-45.561680	0.824583	continued:5	131504586847961235687181874578063117114329409897647623619241560935125066908876631867479597863393264	4345	1,0,0,0,0,0,0,0,0,0	13,0,0,0,0	ok
-1.362469	-37.289408	-46.006524	0.822665	continued:5	131504586847961235687181874578063117114329409897631406061666638548823646371904376997883815099845702	4345	-1,0,0,0,0,0,0,0,0,0	13,0,0,0,0	ok
-1.359633	-37.289408	-46.435579	0.821209	continued:5	131504586847961235687181874578063117114329409897631406061666638548823646371904376997883815099845702	4345	-1,0,0,0,0,0,0,0,0,0	13,0,0,0,0	ok
-1.356797	-37.289408	-46.844069	0.820294	continued:5	131504586847961235687181874578063117114329409897631406061666638548823646371904376997883815099845702	4345	-1,0,0,0,0,0,0,0,0,0	13,0,0,0,0	ok
-1.353962	-37.289408	-47.226541	0.819920	continued:5	131504586847961235687181874578063117114329409897631406061666638548823646371904376997883815099845702	4345	-1,0,0,0,0,0,0,0,0,0	13,0,0,0,0	ok
-1.351126	-37.289408	-47.578146	0.817795	full	3374966975014	4345	1,0,0,0,0,0,0	13,0,0,0,0	ok
-1.348290	-37.289408	-44.845613	0.826513	continued:5	131504586847961235687181874578063117114329409897631406061666638548823646371904376997883815099845702	4345	-1,0,0,0,0,0,0,0,0,0	13,0,0,0,0	ok
-1.345455	-37.289408	-45.307675	0.823720	continued:5	131504586847961235687181874578063117114329409897631406061666638548823646371904376997883815099845702	4345	-1,0,0,0,0,0,0,0,0,0	13,0,0,0,0	ok
-1.342619	-37.289408	-45.760774	0.821388	continued:5	131504586847961235687181874578063117114329409897631406061666638548823646371904376997883815099845702	4345	-1,0,0,0,0,0,0,0,0,0	13,0,0,0,0	ok
-1.339783	-37.289408	-46.201097	0.819598	continued:5	131504586847961235687181874578063117114329409897631406061666638548823646371904376997883815099845702	4345	-1,0,0,0,0,0,0,0,0,0	13,0,0,0,0	ok
-1.336947	-37.289408	-46.623217	0.818349	continued:5	131504586847961235687181874578063117114329409897631406061666638548823646371904376997883815099845702	4345	-1,0,0,0,0,0,0,0,0,0	13,0,0,0,0	ok
-1.334112	-37.289408	-47.021630	0.817641	continued:5	131504586847961235687181874578063117114329409897631406061666638548823646371904376997883815099845702	4345	-1,0,0,0,0,0,0,0,0,0	13,0,0,0,0	ok
-1.331276	-37.289408	-47.391225	0.818142	full	131504586847961235687181874578063117114329409897631406061666638548823646371904376997883815099845702	4345	-1,0,0,0,0,0,0,0,0,0	13,0,0,0,0	ok
-1.328440	-37.289408	-44.887871	0.824199	continued:5	131504586847961235687181874578063117114329409897631406061666638548823646371904376997883815099845702	4345	-1,0,0,0,0,0,0,0,0,0	13,0,0,0,0	ok
-1.325605	-37.289408	-45.352376	0.821405	continued:5	131504586847961235687181874578063117114329409897631406061666638548823646371904376997883815099845702	4345	-1,0,0,0,0,0,0,0,0,0	13,0,0,0,0	ok
-1.322769	-37.289408	-45.806821	0.819153	continued:5	131504586847961235687181874578063117114329409897631406061666638548823646371904376997883815099845702	4345	-1,0,0,0,0,0,0,0,0,0	13,0,0,0,0	ok
-1.319933	-37.289408	-46.246609	0.817363	continued:5	131504586847961235687181874578063117114329409897631406061666638548823646371904376997883815099845702	4345	-1,0,0,0,0,0,0,0,0,0	13,0,0,0,0	ok
-1.317098	-37.289408	-46.667263	0.816114	continued:5	131504586847961235687181874578063117114329409897631406061666638548823646371904376997883815099845702	4345	-1,0,0,0,0,0,0,0,0,0	13,0,0,0,0	ok
-1.314262	-37.289408	-47.063367	0.815405	continued:5	131504586847961235687181874578063117114329409897631406061666638548823646371904376997883815099845702	4345	-1,0,0,0,0,0,0,0,0,0	13,0,0,0,0	ok
-1.311426	-37.289408	-47.429942	0.815779	full	131504586847961235687181874578063117114329409897631406061666638548823646371904376997883815099845702	4345	-1,0,0,0,0,0,0,0,0,0	13,0,0,0,0	ok
-1.308590	-37.289408	-44.923918	0.821902	continued:5	131504586847961235687181874578063117114329409897631406061666638548823646371904376997883815099845702	4345	-1,0,0,0,0,0,0,0,0,0	13,0,0,0,0	ok
-1.305755	-37.289408	-45.391074	0.819108	continued:5	131504586847961235687181874578063117114329409897631406061666638548823646371904376997883815099845702	4345	-1,0,0,0,0,0,0,0,0,0	13,0,0,0,0	ok
-1.302919	-37.289408	-45.847021	0.816777	continued:5	131504586847961235687181874578063117114329409897631406061666638548823646371904376997883815099845702	4345	-1,0,0,0,0,0,0,0,0,0	13,0,0,0,0	ok
-1.300083	-37.289408	-46.288020	0.814987	continued:5	131504586847961235687181874578063117114329409897631406061666638548823646371904376997883815099845702	4345	-1,0,0,0,0,0,0,0,0,0	13,0,0,0,0	ok
-1.297248	-37.289408	-46.708772	0.813738	continued:5	131504586847961235687181874578063117114329409897631406061666638548823646371904376997883815099845702	4345	-1,0,0,0,0,0,0,0,0,0	13,0,0,0,0	ok
-1.294412	-37.289408	-47.103975	0.813029	continued:5	131504586847961235687181874578063117114329409897631406061666638548823646371904376997883815099845702	4345	-1,0,0,0,0,0,0,0,0,0	13,0,0,0,0	ok
-1.291576	-37.289408	-47.468793	0.813403	full	131504586847961235687181874578063117114329409897631406061666638548823646371904376997883815099845702	4345	-1,0,0,0,0,0,0,0,0,0	13,0,0,0,0	ok
-1.288741	-37.289408	-44.967298	0.819561	continued:5	5695183504495988991042170	4345	-1,0,0,0,0,0,0,0	13,0,0,0,0	ok
-1.285905	-37.289408	-45.436828	0.816768	continued:5	131504586847961235687181874578063117114329409897631406061666638548823646371904376997883815099845702	4345	-1,0,0,0,0,0,0,0,0,0	13,0,0,0,0	ok
-1.283069	-37.289408	-45.894031	0.814516	continued:5	5695183504495988991042170	4345	-1,0,0,0,0,0,0,0	13,0,0,0,0	ok
-1.280234	-37.289408	-46.334394	0.812598	continued:5	5695183504495988991042170	4345	-1,0,0,0,0,0,0,0	13,0,0,0,0	ok
-1.277398	-37.289408	-46.754829	0.811555	continued:5	16217557574922386301420542667438374088396792810839	4345	-1,0,0,0,0,0,0,0,0	13,0,0,0,0	ok
-1.274562	-37.289408	-47.146793	0.810847	continued:5	16217557574922386301420542667438374088396792810839	4345	-1,0,0,0,0,0,0,0,0	13,0,0,0,0	ok
-1.271726	-37.289408	-47.507780	0.811014	full	3374964376952	4345	-1,0,0,0,0,0,0	13,0,0,0,0	ok
-1.268891	-37.289408	-45.007679	0.817238	continued:5	16217557574922386301420542667438374088396792810839	4345	-1,0,0,0,0,0,0,0,0	13,0,0,0,0	ok
-1.266055	-37.289408	-45.479525	0.814445	continued:5	5695183504495988991042170	4345	-1,0,0,0,0,0,0,0	13,0,0,0,0	ok
-1.263219	-37.289408	-45.937912	0.812193	continued:5	131504586847961235687181874578063117114329409897631406061666638548823646371904376997883815099845702	4253	-1,0,0,0,0,0,0,0,0,0	-13,0,0,0,0	ok
-1.260384	-37.289408	-46.378378	0.810402	continued:5	3374964376952	4253	-1,0,0,0,0,0,0	-13,0,0,0,0	ok
-1.257548	-37.289408	-46.796666	0.809153	continued:5	5695183504495988991042170	4253	-1,0,0,0,0,0,0,0	-13,0,0,0,0	ok
-1.254712	-37.289408	-47.187692	0.808445	continued:5	3374964376952	4253	-1,0,0,0,0,0,0	-13,0,0,0,0	ok
-1.251877	-37.289408	-47.546907	0.808612	full	16217557574922386301420542667438374088396792810839	4253	-1,0,0,0,0,0,0,0,0	-13,0,0,0,0	ok
-1.249041	-37.289408	-45.052966	0.814951	continued:5	5695183504495988991042170	4253	-1,0,0,0,0,0,0,0	-13,0,0,0,0	ok
-1.246205	-37.289408	-45.526161	0.812157	continued:5	53008825294750347297808410524294064452	4253	-1,0,0,0,0,0,0,-1	-13,0,0,0,0	ok
-1.243369	-37.289408	-45.984882	0.809905	continued:5	498768035658203820272194170320	4253	-1,0,0,0,0,0,1	-13,0,0,0,0	ok
-1.240534	-37.289408	-46.424687	0.808115	continued:5	3374964376952	4253	-1,0,0,0,0,0,0	-13,0,0,0,0	ok
-1.237698	-37.289408	-46.841390	0.806865	continued:5	5695183504495988991042170	4253	-1,0,0,0,0,0,0,0	-13,0,0,0,0	ok
-1.234862	-37.289408	-47.230020	0.806157	continued:5	2600339	4253	-1,0,0,0,0,0	-13,0,0,0,0	ok
-1.232027	-37.289408	-47.586175	0.806197	full	137520069382767470	4253	-1,0,0,0,0,-1,0	-13,0,0,0,0	ok
-1.229191	-37.289408	-45.096282	0.812601	continued:5	9455884669399194548805788410186589	4253	-1,0,0,0,0,0,-1,0	-13,0,0,0,0	ok
-1.226355	-37.289408	-45.571554	0.809808	continued:5	14730495215871488720702	4253	-1,0,0,0,0,1,0	-13,0,0,0,0	ok
-1.223520	-37.289408	-46.031223	0.807476	continued:5	498768035658203820272194170320	4253	-1,0,0,0,0,0,1	-13,0,0,0,0	ok
-1.220684	-37.289408	-46.471698	0.805686	continued:5	4620127949335671579886132191730631601027007282615956576514139814003535013279752896447641535799578266795	4253	-1,0,0,0,0,0,0,2	-13,0,0,0,0	ok
-1.217848	-37.289408	-46.887979	0.804644	continued:5	10278856027743321545386934776894020582640322893102645632090201711510302943998930962230307251069485634695	106466	-1,0,0,0,0,0,6	-13,0,0,0,-1	ok
-1.215013	-37.289408	-47.273293	0.803935	continued:5	11258773708269576884547260622530747778280962702474929815123081627040339	525252641	-1,0,0,0,0,12	-13,0,0,0,-1,0	ok
-1.212177	-37.289408	-47.625587	0.803768	full	17646127468735791702907000778676074420	44930435	-1,0,0,0,0,-1,-1,0	-13,0,0,0,1	ok
-1.209341	-37.289408	-45.143706	0.810287	continued:5	307900867604425830077	30798269366	-1,0,0,0,-1,0,-1	-13,0,0,0,-2	ok
-1.206505	-37.289408	-45.620141	0.807494	continued:5	63681783107631718002001952	721722691669507514591	-1,0,0,0,-1,0,0,0	-13,0,0,0,4	ok
-1.203670	-37.289408	-46.079953	0.805241	continued:5	171642627464	150058479988766905673341702952687378	-1,0,0,0,1,0	-13,0,0,0,12	ok
-1.200834	-37.289408	-46.518785	0.803451	continued:5	3361378696400720345	3449024960	-1,0,0,0,1,1	-13,0,0,-1,-1,0	ok
-1.197998	-37.289408	-46.932615	0.802202	continued:5	41925896814452	27435503	-1,0,0,0,-2,0	-13,0,0,-1,0,0	ok
-1.195163	-37.289408	-47.316721	0.801700	continued:5	34148971274680098730041764	613253	-1,0,0,0,2,-2	-13,0,0,1,0	ok
-1.192327	-37.289408	-47.665144	0.801326	full	1087000418376733258139	11342343951476118608835503	-1,0,0,0,-4,0	-13,0,0,1,-6	ok
-1.189491	-37.289408	-45.191590	0.807942	continued:5	2841848588176385772795683582354190225456596063751253416409713523445	111072035	-1,0,0,0,0,-11	-13,0,0,2,0	ok
-1.186656	-37.289408	-45.669337	0.805149	continued:5	1972825620554303375252214797643352181613457891891126928101678629168406952	240318232535	-1,0,0,0,0,12,-1	-13,0,0,4,0	ok
-1.183820	-37.289408	-46.129407	0.802896	continued:5	173576746897871777029577842736800447238566160380533372367315204979715764	141902644172047553	-1,0,0,0,-1,12,0	-13,0,0,11	ok
-1.180984	-37.289408	-46.567484	0.801106	continued:5	5825099401023594389	547829342632538516	-1,0,0,-1,1,1	-13,0,0,12	ok
-1.178148	-37.289408	-46.979633	0.800063	continued:5	1285699125248113020076427414715908216526655353268220181135537310220252883930437602253096517378379461476110637890686533804134586314783202	39746365568191187274926	-1,0,0,0,-1,0,11	-13,0,-1,1,-5	ok
-1.175313	-37.289408	-47.359334	0.799355	continued:5	24815575589	2671082930442356	-1,0,0,-1,0,-1	-13,0,-1,0,-3	ok
-1.172477	-37.289408	-47.704848	0.798981	full	54980995252521552412964460636938584964	10706	-1,0,0,-1,0,0,0,-1	-13,0,-1,0,0	ok
-1.169641	-37.289408	-45.241925	0.805646	continued:5	121313114403852595983750497789079126710258273282251161329345702	1006950101	-1,0,0,0,0,1,0,1	-13,0,1,0,-1,0	ok
-1.166806	-37.289408	-45.720062	0.802852	continued:5	19879880900	215471	-1,0,0,1,-1,0	-13,0,1,-1,0	ok
-1.163970	-37.289408	-46.179578	0.800600	continued:5	1583566098472403720933035946694742139	150999388872559910	-1,0,0,0,1,-3,0	-13,0,1,11	ok
-1.161134	-37.289408	-46.616186	0.798810	continued:5	680948589112582059466356440868394514	158286503	-1,0,0,-2,-12,-1	-13,0,-2,0,1	ok
-1.158299	-37.289408	-47.026032	0.797767	continued:5	1734494391994675981799824818402331220	493027076	-1,0,0,0,0,-2,0,0	-13,0,2,2,0	ok
-1.155463	-37.289408	-47.402731	0.797059	continued:5	7064668104967317735077	1838378	-1,0,0,2,3,-1	-13,0,3,1	ok
-1.152627	-37.289408	-47.744702	0.796685	full	7657711889	18797621	-1,0,0,3,0	-13,0,-6,0,0	ok
-1.149791	-37.289408	-45.290172	0.803217	continued:5	27153340333187115191639	763877216	-1,0,0,-5,-4,0	-13,0,11,0	ok
-1.146956	-37.289408	-45.770198	0.800424	continued:5	205462775757095098193443444618719452	2020731353	-1,0,0,0,9,0,-1	-13,0,-12,0,0	ok
-1.144120	-37.289408	-46.230442	0.798299	continued:5	134423193235427854409810860906943345	8165333711	-1,0,0,11,-12	-13,0,12,-2	ok
-1.141284	-37.289408	-46.665405	0.796509	continued:5	11694005986754329889	546680816246276786	-1,0,0,-12,0,-1	-13,0,12,-12	ok
-1.138449	-37.289408	-47.072799	0.795466	continued:5	6549523871559969452	131900954511	-1,0,0,12,1	-13,-1,12,-1,1	ok
-1.135613	-37.289408	-47.446372	0.794758	continued:5	35050847887843879225112951844452	624388011462706025	-1,0,0,12,-9	-13,-1,-3,12	ok
-1.132777	-37.289408	-47.784706	0.794384	full	507231184298064407036184100116170714	3574424356723492743976229907471	-1,0,0,12,12	-13,-1,1,0,-9	ok
-1.129942	-37.289408	-45.338118	0.800928	continued:5	4389994478648504460939258560	547877236091340045	-1,0,-1,-12,0,2	-13,-1,0,12	ok
-1.127106	-37.289408	-45.818388	0.798135	continued:5	2804636014954728570921368285	8275953519381	-1,0,-1,-3,6,0	-13,-1,0,2,-2	ok
-1.124270	-37.289408	-46.277930	0.795804	continued:5	941718741896165	45426	-1,0,-1,1,1,-1	-13,-1,0,-1,0	ok
-1.121435	-37.289408	-46.713364	0.794220	continued:5	7201911489280134438672899645	45426	-1,0,-1,-1,1,2	-13,-1,0,-1,0	ok
-1.118599	-37.289408	-47.118165	0.792971	continued:5	10070646087953336058525363754760435	32502835070875535	-1,0,-1,0,11	-13,1,0,10	ok
-1.115763	-37.289408	-47.490434	0.792469	continued:5	13892166060199907467368441779258426299784372073957662969826738502306910	282812133492840755	-1,0,-1,0,1,12	-13,1,-1,0,3	ok
-1.112927	-37.289408	-47.824861	0.792096	full	311604871511205528335	1223805	-1,0,-1,0,-1,0,-1	-13,1,-2,0,-1	ok
-1.110092	-37.289408	-45.391172	0.798555	continued:5	126910325183732404160	785882810	-1,0,-1,0,-2,1	-13,1,11,0	ok
-1.107256	-37.289408	-45.871944	0.795761	continued:5	150110961177302617996050140954731952	290353474882030835	-1,0,1,0,12	-13,1,12,11	ok
-1.104420	-37.289408	-46.330987	0.793509	continued:5	2670197590085027	577533814598873876	-1,0,1,-1,0,1	-13,-2,1,12	ok
-1.101585	-37.289408	-46.764185	0.791925	continued:5	35132880694277	22766	-1,0,1,2,1,0	-13,-2,0,1	ok
-1.098749	-37.289408	-47.166019	0.790676	continued:5	8905267973718911902277	38616289253	-1,0,1,11,3	-13,2,-1,0,-2	ok
-1.095913	-37.289408	-47.534730	0.790175	continued:5	7124793111307947522572174470514	3763518636	-1,0,1,12,8	-13,2,12,1	ok
-1.093078	-37.289408	-47.865168	0.789801	full	308931195344375555298409353182133377	796982825	-1,0,-2,7,12	-13,-3,0,3	ok
-1.090242	-37.289408	-45.447788	0.796260	continued:5	1987120872334625989388713843005626270	8559094841	-1,0,-2,0,12,-1	-13,3,12,-2	ok
-1.087406	-37.289408	-45.927675	0.793466	continued:5	150163458425580246339431796716990765	1622875881	-1,0,2,0,12	-13,4,-12,-1	ok
-1.084570	-37.289408	-46.385012	0.791214	continued:5	1809234730877	23925878	-1,0,2,-5,0	-13,6,-1,-2,0	ok
-1.081735	-37.289408	-46.815713	0.789630	continued:5	1224183279244042040	548691905462332916	-1,0,-3,-12,-1	-13,9,0,12	ok
-1.078899	-37.289408	-47.214356	0.788381	continued:5	166887779529362208125982045917384375	146763276407542661	-1,0,3,-1,-12,0	-13,-11,-1,11	ok
-1.076063	-37.289408	-47.579323	0.787880	continued:5	166887778908341765792073534745466777	2538815628	-1,0,-4,1,12	-13,11,12,-1	ok
-1.073228	-37.289408	-47.905629	0.787506	full	20037614	76960596	-1,0,-5,-1,0	-13,-12,-2,-2,0	ok
-1.070392	-37.289408	-45.502948	0.793838	continued:5	47555609367665150997221510844682715	142303007113020911	-1,0,-7,-2,-12	-13,-12,0,11	ok
-1.067556	-37.289408	-45.983297	0.791045	continued:5	868664146026008750	548931686913164621	-1,0,9,12	-13,-12,0,12	ok
-1.064721	-37.289408	-46.440074	0.788920	continued:5	40156623065600668350095555374885820	952865	-1,0,-11,0,-12	-13,12,-1,-1,0	ok
-1.061885	-37.289408	-46.867992	0.787337	continued:5	300478016507536591502	151437101001693056	-1,0,11,12,2	-13,12,1,11	ok
-1.059049	-37.289408	-47.263203	0.786087	continued:5	187378197050	12263603	-1,0,-12,-3,0	-13,12,2,-2	ok
-1.056214	-37.289408	-47.624227	0.785586	continued:5	150662984069541858990109911463919675	2037146	-1,0,-12,0,12	-13,12,-4,0	ok
-1.053378	-37.289408	-47.946244	0.785212	full	150662984069541858990109911463919675	785010851	-1,0,-12,0,12	-13,12,10,-1	ok
-1.050542	-37.289408	-45.558276	0.791416	continued:5	158828142054447185433644589207843839	1046782865	-1,0,12,-1,12	-13,12,-12	ok
-1.047706	-37.289408	-46.038901	0.788751	continued:5	13428409139	1438115240	-1,0,12,-1,-1	-13,12,-12,0	ok
-1.044871	-37.289408	-46.493632	0.786626	continued:5	176357911689590895386213232053249027	2592900053	-1,0,12,-2,12	-13,12,12,-1	ok
-1.042035	-37.289408	-46.918764	0.784836	continued:5	195690137750737063135922907631734935	9826267553	-1,0,12,-3,12	-13,12,12,-2	ok
-1.039199	-37.289408	-47.312531	0.783793	continued:5	5149846570640	1420631531	-1,0,12,-5	-13,12,12	ok
-1.036364	-37.289408	-47.669428	0.783292	continued:5	76213731446450600	1420631531	-1,0,12,10	-13,12,12	ok
-1.033528	-37.289408	-47.987014	0.782918	full	290293963267917614	1420578229	-1,0,12,11	12,12,12	ok
-1.030692	-37.289408	-45.615120	0.789044	continued:5	1902287762897388440	1420578229	-1,0,12,-12,-1	12,12,12	ok
-1.027857	-37.289408	-46.095157	0.786378	continued:5	1032160938101079152	1420578229	-1,0,12,-12,0	12,12,12	ok
-1.025021	-37.289408	-46.548408	0.784126	continued:5	3356899813583553239	1420578229	-1,0,12,12,-1	12,12,12	ok
-1.022185	-37.289408	-46.972496	0.782542	continued:5	48243338495662317614	1420578229	-1,0,12,12,-2	12,12,12	ok
-1.019349	-37.289408	-47.362361	0.781500	continued:5	2391978043455818877152	1420578229	-1,0,12,12,-3	12,12,12	ok
-1.016514	-37.289408	-47.714936	0.780998	continued:5	1007205228071806685	1420578229	-1,0,12,12	12,12,12	ok
-1.013678	-37.289408	-48.027940	0.780624	full	1007205228071806685	1420578229	-1,0,12,12	12,12,12	ok
-1.010842	-37.289408	-45.675378	0.786623	continued:5	1007280846918305640	1420578229	-1,-1,12,12	12,12,12	ok
-1.008007	-37.289408	-46.154792	0.783957	continued:5	1902409591182634305	1420578229	-1,-1,12,-12,-1	12,12,12	ok
-1.005171	-37.289408	-46.606513	0.781833	continued:5	290323708787514402	1420578229	-1,-1,12,11	12,12,12	ok
-1.002335	-37.289408	-47.026975	0.780249	continued:5	195690138450521370127671019979349765	1420578229	-1,-1,12,-3,12	12,12,12	ok
-0.999500	-37.289408	-47.412694	0.779207	continued:5	10668441555	1420578229	-1,-1,-12,-1,-1	12,12,12	ok
-0.996664	-37.289408	-47.760749	0.778705	continued:5	10668441555	1420578229	-1,-1,-12,-1,-1	12,12,12	ok
-0.993828	-37.289408	-48.069021	0.778331	full	959091401718529760	1420578229	-1,-1,11,12	12,12,12	ok
-0.990992	-37.289408	-45.740651	0.784331	continued:5	868731821397066060	1420578229	-1,-1,9,12	12,12,12	ok
-0.988157	-37.289408	-46.217325	0.781665	continued:5	50270505894077155308548913545524485	1420578229	-1,-1,4,2,-12	12,12,12	ok
-0.985321	-37.289408	-46.665693	0.779541	continued:5	149560695716393100449922504752397384	24815352786	-1,-1,-3,12,-12	12,12,12,2	ok
-0.982485	-37.289408	-47.082224	0.777957	continued:5	251676223999214399715465	9826127367	-1,-1,-2,-1,1,-2	12,12,12,-2	ok
-0.979650	-37.289408	-47.463542	0.776914	continued:5	507383528848353573282802016430492780	9826127367	-1,-1,1,12,12	12,12,12,-2	ok
-0.976814	-37.289408	-47.806875	0.776413	continued:5	20763425721368137752	9826127367	-1,-1,1,-12,-2	12,12,12,-2	ok
-0.973978	-37.289408	-48.110258	0.776039	full	166743864238128690296742431383986327	9826127367	-1,-1,1,1,12	12,12,12,-2	ok
-0.971143	-37.289408	-45.802719	0.781911	continued:5	5695183504492614029263277	9826127367	-1,-1,-1,-1,-1,-1,-1	12,12,12,-2	ok
-0.968307	-37.289408	-46.278179	0.779245	continued:5	5695183504492614029263277	1420578229	-1,-1,-1,-1,-1,-1,-1	12,12,12	ok
-0.965471	-37.289408	-46.724492	0.777120	continued:5	1604818083973656843027	3480908179	-1,-1,-1,1,4	12,12,-12,1	ok
-0.962636	-37.289408	-47.138211	0.775665	continued:5	483146251543201648471933082637145455	3480908179	-1,-1,1,-12,12	12,12,-12,1	ok
-0.959800	-37.289408	-47.514885	0.774622	continued:5	507459715421089177621428368846423940	3480908179	-1,-1,-2,12,12	12,12,-12,1	ok
-0.956964	-37.289408	-47.853302	0.774120	continued:5	149534537880703027891543886307270494	3480908179	-1,1,2,12,-12	12,12,-12,1	ok
-0.954128	-37.289408	-48.151651	0.773747	full	149271233629770	3480908179	-1,1,-6,-5,1	12,12,-12,1	ok
-0.951293	-37.289408	-45.867261	0.779413	continued:5	959164294851749105	3480908179	-1,1,11,12	12,12,-12,1	ok
-0.948457	-37.289408	-46.341846	0.776954	continued:5	167349039723336556586326012823204415	3480908179	-1,1,-12,1,12	12,12,-12,1	ok
-0.945621	-37.289408	-46.784280	0.774830	continued:5	26298192354615	3480908179	-1,1,-12,-2,-2	12,12,-12,1	ok
-0.942786	-37.289408	-47.193626	0.773246	continued:5	10866509051214429459	3480908179	-1,1,12,-11,-2	12,12,-12,1	ok
-0.939950	-37.289408	-47.566760	0.772331	continued:5	200030001695042750405	3480908179	-1,1,12,-12,2	12,12,-12,1	ok
-0.937114	-37.289408	-47.900047	0.771830	continued:5	29773023876573983894	3480908179	-1,1,12,-12,-2	12,12,-12,1	ok
-0.934279	-37.289408	-48.193200	0.771456	full	186241692203362911750354	3480908179	-1,1,12,12,-4	12,12,-12,1	ok
-0.931443	-37.289408	-45.933116	0.776995	continued:5	1007356470022755719	3480908179	-1,1,12,12	12,12,-12,1	ok
-0.928607	-37.289408	-46.405637	0.774536	continued:5	200034002155060350629	7719341854	-1,-2,12,-12,2	12,12,-12,-2	ok
-0.925771	-37.289408	-46.845275	0.772411	continued:5	26325816502439	7719341854	-1,-2,-12,-2,-2	12,12,-12,-2	ok
-0.922936	-37.289408	-47.251172	0.770955	continued:5	959237192139975377	7719341854	-1,-2,11,12	12,12,-12,-2	ok
-0.920100	-37.289408	-47.619138	0.770040	continued:5	156783659628893734439	7719341854	-1,-2,-3,-12,2	12,12,-12,-2	ok
-0.917264	-37.289408	-47.947096	0.769539	continued:5	50220143985387402950311442924651627	20005900411	-1,-2,-2,2,-12	12,12,-12,2	ok
-0.914429	-37.289408	-48.234905	0.769165	full	826611765675600905	20005900411	-1,2,8,12	12,12,-12,2	ok
-0.911593	-37.289408	-46.003297	0.774706	continued:5	50421859146572298833878497518639769	57208053361	-1,2,-12,2,-12	12,12,-12,-3	ok
-0.908757	-37.289408	-46.471683	0.772040	continued:5	546872082499686645	57208053361	-1,2,12,-12	12,12,-12,-3	ok
-0.905922	-37.289408	-46.908836	0.770122	continued:5	546872082499686645	1046737111	-1,2,12,-12	12,12,-12	ok
-0.903086	-37.289408	-47.309530	0.768666	continued:5	546919913179970252	1046737111	-1,-3,12,-12	12,12,-12	ok
-0.900250	-37.289408	-47.672051	0.767751	continued:5	441658717546923827	1046737111	-1,-3,8,-12	12,12,-12	ok
-0.897415	-37.289408	-47.994463	0.767250	continued:5	959455908936274700	1046737111	-1,3,11,12	12,12,-12	ok
-0.894579	-37.289408	-48.276766	0.766876	full	546967746997766327	1046737111	-1,3,12,-12	12,12,-12	ok
-0.891743	-37.289408	-46.070267	0.772131	continued:5	59666248283826113447072707426650390	1046737111	-1,-4,-12,-4,-12	12,12,-12	ok
-0.888907	-37.289408	-46.537677	0.769672	continued:5	1553198718752	1046737111	-1,4,-12,4	12,12,-12	ok
-0.886072	-37.289408	-46.970857	0.767754	continued:5	532851204804317294	1046737111	-1,-5,-12,-12	12,12,-12	ok
-0.883236	-37.289408	-47.367114	0.766377	continued:5	282433111489579050	1046737111	-1,-6,-12,11	12,12,-12	ok
-0.880400	-37.289408	-47.724124	0.765335	continued:5	129421806530652	1046737111	-1,-7,-7,-7	12,12,-12	ok
-0.877565	-37.289408	-48.042134	0.764961	continued:5	547446257769099402	1046737111	-1,8,12,-12	12,12,-12	ok
-0.874729	-37.289408	-48.318781	0.764587	full	547589872205182260	1046737111	-1,-10,12,-12	12,12,-12	ok
-0.871893	-37.289408	-45.652818	0.772182	continued:5	547637749962560777	1046737111	-1,10,12,-12	12,12,-12	ok
-0.869058	-37.289408	-46.151192	0.769389	continued:5	282724606431517805	1046737111	-1,-11,-12,11	12,12,-12	ok
-0.866222	-37.289408	-46.614602	0.766930	continued:5	266939952461234369	1046737111	-1,-11,-11,11	12,12,-12	ok
-0.863386	-37.289408	-47.043169	0.765012	continued:5	282753768330764775	1046737111	-1,11,-12,11	12,12,-12	ok
-0.860550	-37.289408	-47.434298	0.763635	continued:5	533461250162156120	1046737111	-1,11,-12,-12	12,12,-12	ok
-0.857715	-37.289408	-47.785823	0.762720	continued:5	547733514896167635	1033010307	-1,11,12,-12	12,-12,-12	ok
-0.854879	-37.289408	-48.097000	0.762346	continued:5	547733514896167635	1033010307	-1,11,12,-12	12,-12,-12	ok
-0.852043	-37.289408	-48.366987	0.761972	full	547733514896167635	1033010307	-1,11,12,-12	12,-12,-12	ok
-0.849208	-37.289408	-45.742944	0.769442	continued:5	547733514896167635	1033010307	-1,11,12,-12	12,-12,-12	ok
-0.846372	-37.289408	-46.236884	0.766648	continued:5	547781402072670479	1033010307	-1,-12,12,-12	12,-12,-12	ok
-0.843536	-37.289408	-46.695401	0.764189	continued:5	547781402072670479	1033010307	-1,-12,12,-12	12,-12,-12	ok
-0.840701	-37.289408	-47.118580	0.762271	continued:5	547781402072670479	1033010307	-1,-12,12,-12	12,-12,-12	ok
-0.837865	-37.289408	-47.503922	0.761022	continued:5	533508198414997652	1033010307	-1,-12,-12,-12	12,-12,-12	ok
-0.835029	-37.289408	-47.848216	0.760107	continued:5	533508198414997652	1033010307	-1,-12,-12,-12	12,-12,-12	ok
-0.832193	-37.289408	-48.152275	0.759733	continued:5	533508198414997652	1033010307	-1,-12,-12,-12	12,-12,-12	ok
-0.829358	-37.289408	-48.415394	0.759360	full	533508198414997652	1033010307	-1,-12,-12,-12	12,-12,-12	ok
-0.826522	-37.289408	-45.834517	0.766623	continued:5	533508198414997652	1033010307	-1,-12,-12,-12	12,-12,-12	ok
-0.823686	-37.289408	-46.324385	0.763829	continued:5	533508198414997652	1033010307	-1,-12,-12,-12	12,-12,-12	ok
-0.820851	-37.289408	-46.778287	0.761498	continued:5	533508198414997652	1033010307	-1,-12,-12,-12	12,-12,-12	ok
-0.818015	-37.289408	-47.195035	0.759580	continued:5	533508198414997652	1033010307	-1,-12,-12,-12	12,-12,-12	ok
-0.815179	-37.289408	-47.573722	0.758331	continued:5	533508198414997652	1033010307	-1,-12,-12,-12	12,-12,-12	ok
-0.812344	-37.289408	-47.911278	0.757495	continued:5	533508198414997652	1033010307	-1,-12,-12,-12	12,-12,-12	ok
-0.809508	-37.289408	-48.207946	0.757121	continued:5	533508198414997652	1033010307	-1,-12,-12,-12	12,-12,-12	ok
-0.806672	-37.289408	-48.463999	0.756747	full	533508198414997652	1033010307	-1,-12,-12,-12	12,-12,-12	ok
-0.803837	-37.289408	-45.930947	0.763798	continued:5	533508198414997652	1033010307	-1,-12,-12,-12	12,-12,-12	ok
-0.801001	-37.289408	-46.415862	0.761005	continued:5	533508198414997652	1033010307	-1,-12,-12,-12	12,-12,-12	ok
-0.798165	-37.289408	-46.864376	0.758753	continued:5	533508198414997652	1033010307	-1,-12,-12,-12	12,-12,-12	ok
-0.795329	-37.289408	-47.274524	0.756962	continued:5	533508198414997652	1033010307	-1,-12,-12,-12	12,-12,-12	ok
-0.792494	-37.289408	-47.645189	0.755713	continued:5	533508198414997652	533508222173189616	-1,-12,-12,-12	12,-12,-12,-12	ok
-0.789658	-37.289408	-47.974874	0.754877	continued:5	533508198414997652	533508222173189616	-1,-12,-12,-12	12,-12,-12,-12	ok
-0.786822	-37.289408	-48.263950	0.754503	continued:5	533508198414997652	533508222173189616	-1,-12,-12,-12	12,-12,-12,-12	ok
-0.783987	-37.289408	-48.512801	0.754129	full	533508198414997652	533508222173189616	-1,-12,-12,-12	12,-12,-12,-12	ok
-0.781151	-37.289408	-46.023645	0.761015	continued:5	533508198414997652	533508222173189616	-1,-12,-12,-12	12,-12,-12,-12	ok
-0.778315	-37.289408	-46.503337	0.758222	continued:5	533508198414997652	533508222173189616	-1,-12,-12,-12	12,-12,-12,-12	ok
-0.775480	-37.289408	-46.946243	0.755969	continued:5	533508198414997652	533508222173189616	-1,-12,-12,-12	12,-12,-12,-12	ok
-0.772644	-37.289408	-47.350422	0.754179	continued:5	533508198414997652	533508222173189616	-1,-12,-12,-12	12,-12,-12,-12	ok
-0.769808	-37.289408	-47.714875	0.752930	continued:5	533508198414997652	533508222173189616	-1,-12,-12,-12	12,-12,-12,-12	ok
-0.766972	-37.289408	-48.038260	0.752222	continued:5	533508198414997652	533508222173189616	-1,-12,-12,-12	12,-12,-12,-12	ok
-0.764137	-37.289408	-48.319943	0.751848	continued:5	533508198414997652	533508222173189616	-1,-12,-12,-12	12,-12,-12,-12	ok
-0.761301	-37.289408	-48.561799	0.751012	full	533508198414997652	533508222173189616	-1,-12,-12,-12	12,-12,-12,-12	ok
-0.758465	-37.289408	-46.125769	0.758088	continued:5	533508198414997652	533508222173189616	-1,-12,-12,-12	12,-12,-12,-12	ok
-0.755630	-37.289408	-46.600187	0.755294	continued:5	533508198414997652	533508222173189616	-1,-12,-12,-12	12,-12,-12,-12	ok
-0.752794	-37.289408	-47.037388	0.753170	continued:5	533508198414997652	533508222173189616	-1,-12,-12,-12	12,-12,-12,-12	ok
-0.749958	-37.289408	-47.434217	0.751586	continued:5	533508198414997652	533508221140224737	-1,-12,-12,-12	-12,-12,-12,-12	ok
-0.747123	-37.289408	-47.789297	0.750337	continued:5	533508198414997652	533508221140224737	-1,-12,-12,-12	-12,-12,-12,-12	ok
-0.744287	-37.289408	-48.103728	0.749629	continued:5	533508198414997652	533508221140224737	-1,-12,-12,-12	-12,-12,-12,-12	ok
-0.741451	-37.289408	-48.376975	0.749255	continued:5	533508198414997652	533508221140224737	-1,-12,-12,-12	-12,-12,-12,-12	ok
-0.738616	-37.289408	-48.610989	0.747878	full	533508198414997652	533508221140224737	-1,-12,-12,-12	-12,-12,-12,-12	ok
-0.735780	-37.289408	-46.262308	0.755068	continued:5	533508198414997652	533508221140224737	-1,-12,-12,-12	-12,-12,-12,-12	ok
-0.732944	-37.289408	-46.727395	0.752403	continued:5	533508198414997652	533508221140224737	-1,-12,-12,-12	-12,-12,-12,-12	ok
-0.730108	-37.289408	-47.154046	0.750278	continued:5	533508198414997652	533508221140224737	-1,-12,-12,-12	-12,-12,-12,-12	ok
-0.727273	-37.289408	-47.540581	0.748694	continued:5	533508198414997652	533508221140224737	-1,-12,-12,-12	-12,-12,-12,-12	ok
-0.724437	-37.289408	-47.885679	0.747652	continued:5	533508198414997652	533508221140224737	-1,-12,-12,-12	-12,-12,-12,-12	ok
-0.721601	-37.289408	-48.188631	0.746944	continued:5	533508198414997652	533508221140224737	-1,-12,-12,-12	-12,-12,-12,-12	ok
-0.718766	-37.289408	-48.451251	0.747652	full	533508198414997652	533508221140224737	-1,-12,-12,-12	-12,-12,-12,-12	ok
-0.715930	-37.289408	-46.343904	0.752493	continued:5	533508198414997652	533508221140224737	-1,-12,-12,-12	-12,-12,-12,-12	ok
-0.713094	-37.289408	-46.804911	0.750034	continued:5	533508198414997652	533508221140224737	-1,-12,-12,-12	-12,-12,-12,-12	ok
-0.710259	-37.289408	-47.224966	0.747909	continued:5	533508198414997652	533508221140224737	-1,-12,-12,-12	-12,-12,-12,-12	ok
-0.707423	-37.289408	-47.604914	0.746453	continued:5	533508198414997652	533508221140224737	-1,-12,-12,-12	-12,-12,-12,-12	ok
-0.704587	-37.289408	-47.942317	0.745204	continued:5	533508198414997652	533508221140224737	-1,-12,-12,-12	-12,-12,-12,-12	ok
-0.701751	-37.289408	-48.239904	0.744703	continued:5	533508198414997652	533508221140224737	-1,-12,-12,-12	-12,-12,-12,-12	ok
-0.698916	-37.289408	-48.495448	0.744870	full	533508198414997652	533508221140224737	-1,-12,-12,-12	-12,-12,-12,-12	ok
-0.696080	-37.289408	-46.426180	0.750032	continued:5	142315511012103471820664918283921429	533508221140224737	-1,-12,-12,-12,-12	-12,-12,-12,-12	ok
-0.693244	-37.289408	-46.881567	0.747573	continued:5	142315511012103471820664918283921429	533508221140224737	-1,-12,-12,-12,-12	-12,-12,-12,-12	ok
-0.690409	-37.289408	-47.295836	0.745449	continued:5	142315511012103471820664918283921429	533508221140224737	-1,-12,-12,-12,-12	-12,-12,-12,-12	ok
-0.687573	-37.289408	-47.669892	0.743993	continued:5	142315511012103471820664918283921429	533508221140224737	-1,-12,-12,-12,-12	-12,-12,-12,-12	ok
-0.684737	-37.289408	-48.001415	0.742950	continued:5	533508198414997652	533508221140224737	-1,-12,-12,-12	-12,-12,-12,-12	ok
-0.681902	-37.289408	-48.291343	0.742449	continued:5	533508198414997652	533508221140224737	-1,-12,-12,-12	-12,-12,-12,-12	ok
-0.679066	-37.289408	-48.539794	0.742075	full	533508198414997652	533508221140224737	-1,-12,-12,-12	-12,-12,-12,-12	ok
-0.676230	-37.289408	-46.032183	0.749967	continued:5	142315511012103471820664918283921429	533508221140224737	-1,-12,-12,-12,-12	-12,-12,-12,-12	ok
-0.673394	-37.289408	-46.523665	0.747173	continued:5	142315511012103471820664918283921429	533508221140224737	-1,-12,-12,-12,-12	-12,-12,-12,-12	ok
-0.670559	-37.289408	-46.972325	0.744714	continued:5	142315511012103471820664918283921429	533508221140224737	-1,-12,-12,-12,-12	-12,-12,-12,-12	ok
-0.667723	-37.289408	-47.379717	0.742796	continued:5	142315511012103471820664918283921429	533508221140224737	-1,-12,-12,-12,-12	-12,-12,-12,-12	ok
-0.664887	-37.289408	-47.744821	0.741341	continued:5	142315511012103471820664918283921429	533508221140224737	-1,-12,-12,-12,-12	-12,-12,-12,-12	ok
-0.662052	-37.289408	-48.067800	0.740298	continued:5	142315511012103471820664918283921429	533508221140224737	-1,-12,-12,-12,-12	-12,-12,-12,-12	ok
-0.659216	-37.289408	-48.349680	0.739796	continued:5	142315511012103471820664918283921429	533508221140224737	-1,-12,-12,-12,-12	-12,-12,-12,-12	ok
-0.656380	-37.289408	-48.590654	0.739423	full	142315511012103471820664918283921429	533508221140224737	-1,-12,-12,-12,-12	-12,-12,-12,-12	ok
-0.653545	-37.289408	-46.139269	0.747091	continued:5	142315511012103471820664918283921429	533508221140224737	-1,-12,-12,-12,-12	-12,-12,-12,-12	ok
-0.650709	-37.289408	-46.623545	0.744297	continued:5	142315511012103471820664918283921429	533508221140224737	-1,-12,-12,-12,-12	-12,-12,-12,-12	ok
-0.647873	-37.289408	-47.064976	0.741966	continued:5	142315511012103471820664918283921429	533508221140224737	-1,-12,-12,-12,-12	-12,-12,-12,-12	ok
-0.645038	-37.289408	-47.463805	0.740048	continued:5	142315511012103471820664918283921429	533508221140224737	-1,-12,-12,-12,-12	-12,-12,-12,-12	ok
-0.642202	-37.289408	-47.820588	0.738592	continued:5	142315511012103471820664918283921429	533508221140224737	-1,-12,-12,-12,-12	-12,-12,-12,-12	ok
-0.639366	-37.289408	-48.135583	0.737677	continued:5	142315511012103471820664918283921429	533508221140224737	-1,-12,-12,-12,-12	-12,-12,-12,-12	ok
-0.636530	-37.289408	-48.408736	0.737176	continued:5	142315511012103471820664918283921429	533508221140224737	-1,-12,-12,-12,-12	-12,-12,-12,-12	ok
-0.633695	-37.289408	-48.641703	0.736802	full	142315511012103471820664918283921429	533508221140224737	-1,-12,-12,-12,-12	-12,-12,-12,-12	ok
-0.630859	-37.289408	-46.248852	0.744156	continued:5	142315511012103471820664918283921429	533508221140224737	-1,-12,-12,-12,-12	-12,-12,-12,-12	ok
-0.628023	-37.289408	-46.725831	0.741363	continued:5	142315511012103471820664918283921429	533508221140224737	-1,-12,-12,-12,-12	-12,-12,-12,-12	ok
-0.625188	-37.289408	-47.159932	0.739031	continued:5	142315511012103471820664918283921429	533508221140224737	-1,-12,-12,-12,-12	-12,-12,-12,-12	ok
-0.622352	-37.289408	-47.551390	0.737241	continued:5	142315511012103471820664918283921429	533508221140224737	-1,-12,-12,-12,-12	-12,-12,-12,-12	ok
-0.619516	-37.289408	-47.899623	0.735992	continued:5	142315511012103471820664918283921429	533508221140224737	-1,-12,-12,-12,-12	-12,-12,-12,-12	ok
-0.616681	-37.289408	-48.204516	0.735077	continued:5	142315511012103471820664918283921429	533508221140224737	-1,-12,-12,-12,-12	-12,-12,-12,-12	ok
-0.613845	-37.289408	-48.468395	0.734576	continued:5	142315511012103471820664918283921429	533508221140224737	-1,-12,-12,-12,-12	-12,-12,-12,-12	ok
-0.611009	-37.289408	-48.692939	0.734202	full	142315511012103471820664918283921429	533508221140224737	-1,-12,-12,-12,-12	-12,-12,-12,-12	ok
-0.608173	-37.289408	-46.368015	0.741370	continued:5	142315511012103471820664918283921429	533508221140224737	-1,-12,-12,-12,-12	-12,-12,-12,-12	ok
-0.605338	-37.289408	-46.834357	0.738576	continued:5	142315511012103471820664918283921429	533508221140224737	-1,-12,-12,-12,-12	-12,-12,-12,-12	ok
-0.602502	-37.289408	-47.258338	0.736324	continued:5	142315511012103471820664918283921429	533508221140224737	-1,-12,-12,-12,-12	-12,-12,-12,-12	ok
-0.599666	-37.289408	-47.639335	0.734534	continued:5	142315511012103471820664918283921429	533508221140224737	-1,-12,-12,-12,-12	-12,-12,-12,-12	ok
-0.596831	-37.289408	-47.977719	0.733285	continued:5	142315511012103471820664918283921429	533508221140224737	-1,-12,-12,-12,-12	-12,-12,-12,-12	ok
-0.593995	-37.289408	-48.273430	0.732449	continued:5	142315511012103471820664918283921429	533508221140224737	-1,-12,-12,-12,-12	-12,-12,-12,-12	ok
-0.591159	-37.289408	-48.528118	0.731947	continued:5	142315511012103471820664918283921429	533508221140224737	-1,-12,-12,-12,-12	-12,-12,-12,-12	ok
-0.588324	-37.289408	-48.744350	0.731573	full	142315511012103471820664918283921429	533508221140224737	-1,-12,-12,-12,-12	-12,-12,-12,-12	ok
-0.585488	-37.289408	-46.484370	0.738358	continued:5	142315511012103471820664918283921429	533508221140224737	-1,-12,-12,-12,-12	-12,-12,-12,-12	ok
-0.582652	-37.289408	-46.942463	0.735693	continued:5	142315511012103471820664918283921429	533508221140224737	-1,-12,-12,-12,-12	-12,-12,-12,-12	ok
-0.579817	-37.289408	-47.357000	0.733568	continued:5	142315511012103471820664918283921429	533508221140224737	-1,-12,-12,-12,-12	-12,-12,-12,-12	ok
-0.576981	-37.289408	-47.727646	0.731778	continued:5	142315511012103471820664918283921429	533508221140224737	-1,-12,-12,-12,-12	-12,-12,-12,-12	ok
-0.574145	-37.289408	-48.056311	0.730529	continued:5	142315511012103471820664918283921429	533508221140224737	-1,-12,-12,-12,-12	-12,-12,-12,-12	ok
-0.571309	-37.289408	-48.342991	0.729821	continued:5	142315511012103471820664918283921429	533508221140224737	-1,-12,-12,-12,-12	-12,-12,-12,-12	ok
-0.568474	-37.289408	-48.588208	0.729319	continued:5	142315511012103471820664918283921429	533508221140224737	-1,-12,-12,-12,-12	-12,-12,-12,-12	ok
-0.565638	-37.289408	-48.795936	0.728945	full	142315511012103471820664918283921429	533508221140224737	-1,-12,-12,-12,-12	-12,-12,-12,-12	ok
-0.562802	-37.289408	-46.603069	0.735346	continued:5	142315511012103471820664918283921429	533508221140224737	-1,-12,-12,-12,-12	-12,-12,-12,-12	ok
-0.559967	-37.289408	-47.052160	0.732681	continued:5	142315511012103471820664918283921429	533508221140224737	-1,-12,-12,-12,-12	-12,-12,-12,-12	ok
-0.557131	-37.289408	-47.457927	0.730763	continued:5	142315511012103471820664918283921429	533508221140224737	-1,-12,-12,-12,-12	-12,-12,-12,-12	ok
-0.554295	-37.289408	-47.818028	0.728972	continued:5	142315511012103471820664918283921429	533508221140224737	-1,-12,-12,-12,-12	-12,-12,-12,-12	ok
-0.551460	-37.289408	-48.136847	0.727930	continued:5	142315511012103471820664918283921429	533508221140224737	-1,-12,-12,-12,-12	-12,-12,-12,-12	ok
-0.548624	-37.289408	-48.412490	0.727094	continued:5	142315511012103471820664918283921429	533508221140224737	-1,-12,-12,-12,-12	-12,-12,-12,-12	ok
-0.545788	-37.289408	-48.648972	0.726720	continued:5	142315511012103471820664918283921429	533508221140224737	-1,-12,-12,-12,-12	-12,-12,-12,-12	ok
-0.542952	-37.289408	-48.847690	0.726346	full	142315511012103471820664918283921429	533508221140224737	-1,-12,-12,-12,-12	-12,-12,-12,-12	ok
-0.540117	-37.289408	-46.256383	0.734842	continued:5	142315511012103471820664918283921429	533508221140224737	-1,-12,-12,-12,-12	-12,-12,-12,-12	ok
-0.537281	-37.289408	-46.740764	0.732049	continued:5	142315511012103471820664918283921429	533508221140224737	-1,-12,-12,-12,-12	-12,-12,-12,-12	ok
-0.534445	-37.289408	-47.177648	0.729383	continued:5	142315511012103471820664918283921429	533508221140224737	-1,-12,-12,-12,-12	-12,-12,-12,-12	ok
-0.531610	-37.289408	-47.571839	0.727465	continued:5	142315511012103471820664918283921429	533508221140224737	-1,-12,-12,-12,-12	-12,-12,-12,-12	ok
-0.528774	-37.289408	-47.920989	0.725881	continued:5	142315511012103471820664918283921429	533508221140224737	-1,-12,-12,-12,-12	-12,-12,-12,-12	ok
-0.525938	-37.289408	-48.227561	0.724839	continued:5	142315511012103471820664918283921429	533508221140224737	-1,-12,-12,-12,-12	-12,-12,-12,-12	ok
-0.523103	-37.289408	-48.492060	0.724131	continued:5	142315511012103471820664918283921429	533508221140224737	-1,-12,-12,-12,-12	-12,-12,-12,-12	ok
-0.520267	-37.289408	-48.717325	0.723757	continued:5	142315511012103471820664918283921429	533508221140224737	-1,-12,-12,-12,-12	-12,-12,-12,-12	ok
-0.517431	-37.289408	-48.906110	0.723383	full	142315511012103471820664918283921429	533508221140224737	-1,-12,-12,-12,-12	-12,-12,-12,-12	ok
-0.514595	-37.289408	-46.419456	0.731407	continued:5	142315511012103471820664918283921429	533508221140224737	-1,-12,-12,-12,-12	-12,-12,-12,-12	ok
-0.511760	-37.289408	-46.889789	0.728613	continued:5	142315511012103471820664918283921429	533508221140224737	-1,-12,-12,-12,-12	-12,-12,-12,-12	ok
-0.508924	-37.289408	-47.313584	0.726154	continued:5	142315511012103471820664918283921429	533508221140224737	-1,-12,-12,-12,-12	-12,-12,-12,-12	ok
-0.506088	-37.289408	-47.693375	0.724364	continued:5	142315511012103471820664918283921429	533508221140224737	-1,-12,-12,-12,-12	-12,-12,-12,-12	ok
-0.503253	-37.289408	-48.028015	0.722780	continued:5	142315511012103471820664918283921429	533508221140224737	-1,-12,-12,-12,-12	-12,-12,-12,-12	ok
-0.500417	-37.289408	-48.321419	0.721738	continued:5	142315511012103471820664918283921429	533508221140224737	-1,-12,-12,-12,-12	-12,-12,-12,-12	ok
-0.497581	-37.289408	-48.574066	0.721236	continued:5	142315511012103471820664918283921429	533508221140224737	-1,-12,-12,-12,-12	-12,-12,-12,-12	ok
-0.494746	-37.289408	-48.786857	0.720863	continued:5	142315511012103471820664918283921429	533508221140224737	-1,-12,-12,-12,-12	-12,-12,-12,-12	ok
-0.491910	-37.289408	-48.964727	0.720489	full	142315511012103471820664918283921429	533508221140224737	-1,-12,-12,-12,-12	-12,-12,-12,-12	ok
-0.489074	-37.289408	-46.587071	0.727888	continued:5	142315511012103471820664918283921429	533508221140224737	-1,-12,-12,-12,-12	-12,-12,-12,-12	ok
-0.486239	-37.289408	-47.042910	0.725094	continued:5	142315511012103471820664918283921429	533508221140224737	-1,-12,-12,-12,-12	-12,-12,-12,-12	ok
-0.483403	-37.289408	-47.453207	0.722970	continued:5	142315511012103471820664918283921429	533508221140224737	-1,-12,-12,-12,-12	-12,-12,-12,-12	ok
-0.480567	-37.289408	-47.817033	0.721179	continued:5	142315511012103471820664918283921429	533508221140224737	-1,-12,-12,-12,-12	-12,-12,-12,-12	ok
-0.477731	-37.289408	-48.137171	0.719802	continued:5	142315511012103471820664918283921429	533508221140224737	-1,-12,-12,-12,-12	-12,-12,-12,-12	ok
-0.474896	-37.289408	-48.415519	0.718760	continued:5	142315511012103471820664918283921429	533508221140224737	-1,-12,-12,-12,-12	-12,-12,-12,-12	ok
-0.472060	-37.289408	-48.654832	0.718258	continued:5	142315511012103471820664918283921429	533508221140224737	-1,-12,-12,-12,-12	-12,-12,-12,-12	ok
-0.469224	-37.289408	-48.855900	0.717885	continued:5	142315511012103471820664918283921429	533508221140224737	-1,-12,-12,-12,-12	-12,-12,-12,-12	ok
-0.466389	-37.289408	-49.023534	0.717383	full	142315511012103471820664918283921429	533508221140224737	-1,-12,-12,-12,-12	-12,-12,-12,-12	ok
-0.463553	-37.289408	-46.760561	0.724456	continued:5	142315511012103471820664918283921429	533508221140224737	-1,-12,-12,-12,-12	-12,-12,-12,-12	ok
-0.460717	-37.289408	-47.199401	0.721790	continued:5	142315511012103471820664918283921429	533508221140224737	-1,-12,-12,-12,-12	-12,-12,-12,-12	ok
-0.457882	-37.289408	-47.592840	0.719538	continued:5	142315511012103471820664918283921429	533508221140224737	-1,-12,-12,-12,-12	-12,-12,-12,-12	ok
-0.455046	-37.289408	-47.942580	0.717954	continued:5	142315511012103471820664918283921429	533508221140224737	-1,-12,-12,-12,-12	-12,-12,-12,-12	ok
-0.452210	-37.289408	-48.247828	0.716705	continued:5	142315511012103471820664918283921429	533508221140224737	-1,-12,-12,-12,-12	-12,-12,-12,-12	ok
-0.449374	-37.289408	-48.511628	0.715869	continued:5	142315511012103471820664918283921429	533508221140224737	-1,-12,-12,-12,-12	-12,-12,-12,-12	ok
-0.446539	-37.289408	-48.736172	0.715161	continued:5	142315511012103471820664918283921429	533508221140224737	-1,-12,-12,-12,-12	-12,-12,-12,-12	ok
-0.443703	-37.289408	-48.926298	0.714994	continued:5	142315511012103471820664918283921429	533508221140224737	-1,-12,-12,-12,-12	-12,-12,-12,-12	ok
-0.440867	-37.289408	-49.082521	0.713617	full	142315511012103471820664918283921429	533508221140224737	-1,-12,-12,-12,-12	-12,-12,-12,-12	ok
-0.438032	-37.289408	-46.801466	0.721630	continued:5	142315511012103471820664918283921429	533508221140224737	-1,-12,-12,-12,-12	-12,-12,-12,-12	ok
-0.435196	-37.289408	-47.237678	0.718964	continued:5	142315511012103471820664918283921429	533508221140224737	-1,-12,-12,-12,-12	-12,-12,-12,-12	ok
-0.432360	-37.289408	-47.627992	0.716840	continued:5	142315511012103471820664918283921429	533508221140224737	-1,-12,-12,-12,-12	-12,-12,-12,-12	ok
-0.429525	-37.289408	-47.973047	0.715049	continued:5	142315511012103471820664918283921429	533508221140224737	-1,-12,-12,-12,-12	-12,-12,-12,-12	ok
-0.426689	-37.289408	-48.275704	0.713800	continued:5	142315511012103471820664918283921429	533508221140224737	-1,-12,-12,-12,-12	-12,-12,-12,-12	ok
-0.423853	-37.289408	-48.536745	0.712964	continued:5	142315511012103471820664918283921429	533508221140224737	-1,-12,-12,-12,-12	-12,-12,-12,-12	ok
-0.421018	-37.289408	-48.758495	0.712256	continued:5	142315511012103471820664918283921429	533508221140224737	-1,-12,-12,-12,-12	-12,-12,-12,-12	ok
-0.418182	-37.289408	-48.945897	0.712423	full	142315511012103471820664918283921429	533508221140224737	-1,-12,-12,-12,-12	-12,-12,-12,-12	ok
-0.415346	-37.289408	-46.480728	0.720938	continued:5	142315511012103471820664918283921429	533508221140224737	-1,-12,-12,-12,-12	-12,-12,-12,-12	ok
-0.412510	-37.289408	-46.953578	0.718145	continued:5	142315510461008217792063868944499590	533508221140224737	-1,11,-12,-12,-12	-12,-12,-12,-12	ok
-0.409675	-37.289408	-47.375785	0.715479	continued:5	142315510461008217792063868944499590	533508221140224737	-1,11,-12,-12,-12	-12,-12,-12,-12	ok
-0.406839	-37.289408	-47.753147	0.713561	continued:5	142315510461008217792063868944499590	533508221140224737	-1,11,-12,-12,-12	-12,-12,-12,-12	ok
-0.404003	-37.289408	-48.084211	0.711978	continued:5	142315510461008217792063868944499590	533508221140224737	-1,11,-12,-12,-12	-12,-12,-12,-12	ok
-0.401168	-37.289408	-48.372262	0.710728	continued:5	142315510461008217792063868944499590	533508221140224737	-1,11,-12,-12,-12	-12,-12,-12,-12	ok
-0.398332	-37.289408	-48.620393	0.709893	continued:5	142315510461008217792063868944499590	533508221140224737	-1,11,-12,-12,-12	-12,-12,-12,-12	ok
-0.395496	-37.289408	-48.830809	0.709391	continued:5	142315510461008217792063868944499590	533508221140224737	-1,11,-12,-12,-12	-12,-12,-12,-12	ok
-0.392661	-37.289408	-49.006431	0.709017	full	142315510461008217792063868944499590	533508221140224737	-1,11,-12,-12,-12	-12,-12,-12,-12	ok
-0.389825	-37.289408	-46.656086	0.717373	continued:5	142315510461008217792063868944499590	533508221140224737	-1,11,-12,-12,-12	-12,-12,-12,-12	ok
-0.386989	-37.289408	-47.112529	0.714580	continued:5	142315510461008217792063868944499590	533461272886383283	-1,11,-12,-12,-12	-12,11,-12,-12	ok
-0.384153	-37.289408	-47.519814	0.712249	continued:5	519515760779689445	533461272886383283	-1,11,11,-12	-12,11,-12,-12	ok
-0.381318	-37.289408	-47.880136	0.710331	continued:5	274761540684197919	274761556992759430	-1,11,11,11	-12,11,11,11	ok
-0.378482	-37.289408	-48.195965	0.708875	continued:5	274761540684197919	274761556992759430	-1,11,11,11	-12,11,11,11	ok
-0.375646	-37.289408	-48.469233	0.707626	continued:5	274761540684197919	274761556992759430	-1,11,11,11	-12,11,11,11	ok
-0.372811	-37.289408	-48.704382	0.706917	continued:5	274761540684197919	274761556251461169	-1,11,11,11	11,11,11,11	ok
-0.369975	-37.289408	-48.902285	0.706416	continued:5	274761540684197919	274761556251461169	-1,11,11,11	11,11,11,11	ok
-0.367139	-37.289408	-49.067123	0.706042	full	274761540684197919	274761556251461169	-1,11,11,11	11,11,11,11	ok
-0.364304	-37.289408	-46.840894	0.713932	continued:5	37746956396862430786539214386076205	274761556251461169	-1,11,11,11,11	11,11,11,11	ok
-0.361468	-37.289408	-47.277387	0.711138	continued:5	37746956396862430786539214386076205	274761556251461169	-1,11,11,11,11	11,11,11,11	ok
-0.358632	-37.289408	-47.666846	0.708886	continued:5	37746956396862430786539214386076205	274761556251461169	-1,11,11,11,11	11,11,11,11	ok
-0.355796	-37.289408	-48.010375	0.707096	continued:5	37746956396862430786539214386076205	274761556251461169	-1,11,11,11,11	11,11,11,11	ok
-0.352961	-37.289408	-48.309984	0.705719	continued:5	37746956396862430786539214386076205	274761556251461169	-1,11,11,11,11	11,11,11,11	ok
-0.350125	-37.289408	-48.568207	0.704676	continued:5	37746956396862430786539214386076205	274761556251461169	-1,11,11,11,11	11,11,11,11	ok
-0.347289	-37.289408	-48.788286	0.703840	continued:5	37746956396862430786539214386076205	274761556251461169	-1,11,11,11,11	11,11,11,11	ok
-0.344454	-37.289408	-48.974419	0.703467	continued:5	37746956396862430786539214386076205	274761556251461169	-1,11,11,11,11	11,11,11,11	ok
-0.341618	-37.289408	-49.127961	0.703093	full	37746956396862430786539214386076205	274761556251461169	-1,11,11,11,11	11,11,11,11	ok
-0.338782	-37.289408	-46.578241	0.712592	continued:5	37746956396862430786539214386076205	274761556251461169	-1,11,11,11,11	11,11,11,11	ok
-0.335947	-37.289408	-47.047653	0.709799	continued:5	37746956396862430786539214386076205	274761556251461169	-1,11,11,11,11	11,11,11,11	ok
-0.333111	-37.289408	-47.464129	0.707133	continued:5	37746956396862430786539214386076205	274761556251461169	-1,11,11,11,11	11,11,11,11	ok
-0.330275	-37.289408	-47.834228	0.705215	continued:5	37746956396862430786539214386076205	274761556251461169	-1,11,11,11,11	11,11,11,11	ok
-0.327440	-37.289408	-48.157087	0.703425	continued:5	37746956396862430786539214386076205	274761556251461169	-1,11,11,11,11	11,11,11,11	ok
-0.324604	-37.289408	-48.438510	0.702176	continued:5	37746956396862430786539214386076205	274761556251461169	-1,11,11,11,11	11,11,11,11	ok
-0.321768	-37.289408	-48.679600	0.701261	continued:5	37746956396862430786539214386076205	274761556251461169	-1,11,11,11,11	11,11,11,11	ok
-0.318932	-37.289408	-48.883646	0.700552	continued:5	37746956396862430786539214386076205	274761556251461169	-1,11,11,11,11	11,11,11,11	ok
-0.316097	-37.289408	-49.054853	0.700179	continued:5	37746956396862430786539214386076205	274761556251461169	-1,11,11,11,11	11,11,11,11	ok
-0.313261	-37.289408	-49.195716	0.699805	full	37746956396862430786539214386076205	274761556251461169	-1,11,11,11,11	11,11,11,11	ok
-0.310425	-37.289408	-46.818826	0.708489	continued:5	37746956396862430786539214386076205	274761556251461169	-1,11,11,11,11	11,11,11,11	ok
-0.307590	-37.289408	-47.262520	0.705696	continued:5	37746956396862430786539214386076205	274761556251461169	-1,11,11,11,11	11,11,11,11	ok
-0.304754	-37.289408	-47.656311	0.703237	continued:5	37746956396862430786539214386076205	274761556251461169	-1,11,11,11,11	11,11,11,11	ok
-0.301918	-37.289408	-48.004139	0.701319	continued:5	37746956396862430786539214386076205	274761556251461169	-1,11,11,11,11	11,11,11,11	ok
-0.299083	-37.289408	-48.307371	0.699735	continued:5	37746956396862430786539214386076205	274761556251461169	-1,11,11,11,11	11,11,11,11	ok
-0.296247	-37.289408	-48.569558	0.698693	continued:5	37746956396862430786539214386076205	274761556251461169	-1,11,11,11,11	11,11,11,11	ok
-0.293411	-37.289408	-48.792018	0.697778	continued:5	37746956396862430786539214386076205	274761556251461169	-1,11,11,11,11	11,11,11,11	ok
-0.290575	-37.289408	-48.980118	0.697276	continued:5	37746956396862430786539214386076205	274761556251461169	-1,11,11,11,11	11,11,11,11	ok
-0.287740	-37.289408	-49.135824	0.696902	continued:5	37746956396862430786539214386076205	274761556251461169	-1,11,11,11,11	11,11,11,11	ok
-0.284904	-37.289408	-49.263616	0.696529	full	37746956396862430786539214386076205	274761556251461169	-1,11,11,11,11	11,11,11,11	ok
-0.282068	-37.289408	-46.642068	0.706621	continued:5	37746956396862430786539214386076205	274761556251461169	-1,11,11,11,11	11,11,11,11	ok
-0.279233	-37.289408	-47.107896	0.703828	continued:5	37746956396862430786539214386076205	274761556251461169	-1,11,11,11,11	11,11,11,11	ok
-0.276397	-37.289408	-47.519408	0.701162	continued:5	37746956396862430786539214386076205	274761556251461169	-1,11,11,11,11	11,11,11,11	ok
-0.273561	-37.289408	-47.883686	0.699038	continued:5	37746956396862430786539214386076205	274761556251461169	-1,11,11,11,11	11,11,11,11	ok
-0.270726	-37.289408	-48.202311	0.697247	continued:5	37746956396862430786539214386076205	274761556251461169	-1,11,11,11,11	11,11,11,11	ok
-0.267890	-37.289408	-48.478981	0.695870	continued:5	37746956396862430786539214386076205	274761556251461169	-1,11,11,11,11	11,11,11,11	ok
-0.265054	-37.289408	-48.716317	0.694828	continued:5	37746956396862430786539214386076205	274761556251461169	-1,11,11,11,11	11,11,11,11	ok
-0.262219	-37.289408	-48.917589	0.694120	continued:5	37746956396862430786539214386076205	274761556251461169	-1,11,11,11,11	11,11,11,11	ok
-0.259383	-37.289408	-49.085769	0.693618	continued:5	37746956396862430786539214386076205	274761556251461169	-1,11,11,11,11	11,11,11,11	ok
-0.256547	-37.289408	-49.224714	0.693244	continued:5	37746956396862430786539214386076205	274761556251461169	-1,11,11,11,11	11,11,11,11	ok
-0.253711	-37.289408	-49.338454	0.692870	full	37746956396862430786539214386076205	274761556251461169	-1,11,11,11,11	11,11,11,11	ok
-0.250876	-37.289408	-46.979211	0.701666	continued:5	37746956396862430786539214386076205	274761556251461169	-1,11,11,11,11	11,11,11,11	ok
-0.248040	-37.289408	-47.407552	0.698873	continued:5	37746956396862430786539214386076205	274761556251461169	-1,11,11,11,11	11,11,11,11	ok
-0.245204	-37.289408	-47.786533	0.696542	continued:5	37746956396862430786539214386076205	274761556251461169	-1,11,11,11,11	11,11,11,11	ok
-0.242369	-37.289408	-48.118970	0.694624	continued:5	37746956396862430786539214386076205	274761556251461169	-1,11,11,11,11	11,11,11,11	ok
-0.239533	-37.289408	-48.407931	0.693168	continued:5	37746956396862430786539214386076205	274761556251461169	-1,11,11,11,11	11,11,11,11	ok
-0.236697	-37.289408	-48.655823	0.691918	continued:5	37746956396862430786539214386076205	274761556251461169	-1,11,11,11,11	11,11,11,11	ok
-0.233862	-37.289408	-48.867444	0.691083	continued:5	37746956396862430786539214386076205	274761556251461169	-1,11,11,11,11	11,11,11,11	ok
-0.231026	-37.289408	-49.045026	0.690374	continued:5	37746956396862430786539214386076205	274761556251461169	-1,11,11,11,11	11,11,11,11	ok
-0.228190	-37.289408	-49.193331	0.690001	continued:5	37746956396862430786539214386076205	274761556251461169	-1,11,11,11,11	11,11,11,11	ok
-0.225354	-37.289408	-49.314479	0.689627	continued:5	37746956396862430786539214386076205	274761556251461169	-1,11,11,11,11	11,11,11,11	ok
-0.222519	-37.289408	-49.413419	0.688712	full	37746956396862430786539214386076205	274761556251461169	-1,11,11,11,11	11,11,11,11	ok
-0.219683	-37.289408	-46.886506	0.698906	continued:5	37746956396862430786539214386076205	274761556251461169	-1,11,11,11,11	11,11,11,11	ok
-0.216847	-37.289408	-47.329387	0.696112	continued:5	37746956396862430786539214386076205	274761556251461169	-1,11,11,11,11	11,11,11,11	ok
-0.214012	-37.289408	-47.719558	0.693653	continued:5	37746956396862430786539214386076205	274761556251461169	-1,11,11,11,11	11,11,11,11	ok
-0.211176	-37.289408	-48.061912	0.691529	continued:5	37746956396862430786539214386076205	274761556251461169	-1,11,11,11,11	11,11,11,11	ok
-0.208340	-37.289408	-48.360581	0.689945	continued:5	37746956396862430786539214386076205	274761556251461169	-1,11,11,11,11	11,11,11,11	ok
-0.205505	-37.289408	-48.617227	0.688568	continued:5	37746956396862430786539214386076205	274761556251461169	-1,11,11,11,11	11,11,11,11	ok
-0.202669	-37.289408	-48.836850	0.687653	continued:5	37746956396862430786539214386076205	274761556251461169	-1,11,11,11,11	11,11,11,11	ok
-0.199833	-37.289408	-49.021357	0.686817	continued:5	37746956396862430786539214386076205	274761556251461169	-1,11,11,11,11	11,11,11,11	ok
-0.196997	-37.289408	-49.176205	0.686316	continued:5	37746956396862430786539214386076205	274761556251461169	-1,11,11,11,11	11,11,11,11	ok
-0.194162	-37.289408	-49.303589	0.686149	full	37746956396862430786539214386076205	274761556251461169	-1,11,11,11,11	11,11,11,11	ok
-0.191326	-37.289408	-46.713168	0.696980	continued:5	37746956396862430786539214386076205	274761556251461169	-1,11,11,11,11	11,11,11,11	ok
-0.188490	-37.289408	-47.179630	0.694186	continued:5	37746956396862430786539214386076205	274761556251461169	-1,11,11,11,11	11,11,11,11	ok
-0.185655	-37.289408	-47.588503	0.691521	continued:5	37746956396862430786539214386076205	274761556251461169	-1,11,11,11,11	11,11,11,11	ok
-0.182819	-37.289408	-47.947962	0.689189	continued:5	37746956396862430786539214386076205	274761556251461169	-1,11,11,11,11	11,11,11,11	ok
-0.179983	-37.289408	-48.262451	0.687399	continued:5	37746956396862430786539214386076205	274761556251461169	-1,11,11,11,11	11,11,11,11	ok
-0.177148	-37.289408	-48.533810	0.685943	continued:5	37746956396862430786539214386076205	274761556251461169	-1,11,11,11,11	11,11,11,11	ok
-0.174312	-37.289408	-48.765967	0.684694	continued:5	37746956396862430786539214386076205	274761556251461169	-1,11,11,11,11	11,11,11,11	ok
-0.171476	-37.289408	-48.963652	0.683779	continued:5	37746956396862430786539214386076205	274761556251461169	-1,11,11,11,11	11,11,11,11	ok
-0.168641	-37.289408	-49.129731	0.683071	continued:5	37746956396862430786539214386076205	274761556251461169	-1,11,11,11,11	11,11,11,11	ok
-0.165805	-37.289408	-49.267953	0.682697	continued:5	37746956396862430786539214386076205	274761556251461169	-1,11,11,11,11	11,11,11,11	ok
-0.162969	-37.289408	-49.380314	0.682323	full	37746956396862430786539214386076205	274761556251461169	-1,11,11,11,11	11,11,11,11	ok
-0.160133	-37.289408	-47.055427	0.692008	continued:5	37746956396862430786539214386076205	274761556251461169	-1,11,11,11,11	11,11,11,11	ok
-0.157298	-37.289408	-47.481578	0.689215	continued:5	37746956193182167497200480635078415	274761556251461169	-1,-11,11,11,11	11,11,11,11	ok
-0.154462	-37.289408	-47.855979	0.686884	continued:5	9455884669399191660884342385366419	137520069382767449	-1,-11,-11,-11,-11	11,-11,-11,-11	ok
-0.151626	-37.289408	-48.182303	0.684759	continued:5	9455884669399191660884342385366419	137520069382767449	-1,-11,-11,-11,-11	11,-11,-11,-11	ok
-0.148791	-37.289408	-48.466340	0.683175	continued:5	9455884669399191660884342385366419	137520069382767449	-1,-11,-11,-11,-11	11,-11,-11,-11	ok
-0.145955	-37.289408	-48.709768	0.681798	continued:5	9455884669399191660884342385366419	137520069382767449	-1,-11,-11,-11,-11	11,-11,-11,-11	ok
-0.143119	-37.289408	-48.917579	0.680756	continued:5	9455884669399191660884342385366419	137520069382767449	-1,-11,-11,-11,-11	11,-11,-11,-11	ok
-0.140284	-37.289408	-49.092840	0.679920	continued:5	9455884669399191660884342385366419	137520068858324757	-1,-11,-11,-11,-11	-11,-11,-11,-11	ok
-0.137448	-37.289408	-49.239479	0.679418	continued:5	9455884669399191660884342385366419	137520068858324757	-1,-11,-11,-11,-11	-11,-11,-11,-11	ok
-0.134612	-37.289408	-49.359632	0.679045	continued:5	9455884669399191660884342385366419	137520068858324757	-1,-11,-11,-11,-11	-11,-11,-11,-11	ok
-0.131776	-37.289408	-49.457093	0.678671	full	9455884669399191660884342385366419	137520068858324757	-1,-11,-11,-11,-11	-11,-11,-11,-11	ok
-0.128941	-37.289408	-47.031027	0.689105	continued:5	9455884669399191660884342385366419	137520068858324757	-1,-11,-11,-11,-11	-11,-11,-11,-11	ok
-0.126105	-37.289408	-47.461424	0.686312	continued:5	9455884669399191660884342385366419	137520068858324757	-1,-11,-11,-11,-11	-11,-11,-11,-11	ok
-0.123269	-37.289408	-47.838480	0.683646	continued:5	9455884669399191660884342385366419	137520068858324757	-1,-11,-11,-11,-11	-11,-11,-11,-11	ok
-0.120434	-37.289408	-48.169724	0.681728	continued:5	9455884669399191660884342385366419	137520068858324757	-1,-11,-11,-11,-11	-11,-11,-11,-11	ok
-0.117598	-37.289408	-48.455114	0.679938	continued:5	9455884669399191660884342385366419	137520068858324757	-1,-11,-11,-11,-11	-11,-11,-11,-11	ok
-0.114762	-37.289408	-48.701213	0.678482	continued:5	9455884669399191660884342385366419	137520068858324757	-1,-11,-11,-11,-11	-11,-11,-11,-11	ok
-0.111927	-37.289408	-48.911553	0.677440	continued:5	9455884669399191660884342385366419	137520068858324757	-1,-11,-11,-11,-11	-11,-11,-11,-11	ok
-0.109091	-37.289408	-49.088511	0.676604	continued:5	9455884669399191660884342385366419	137520068858324757	-1,-11,-11,-11,-11	-11,-11,-11,-11	ok
-0.106255	-37.289408	-49.236235	0.675896	continued:5	9455884669399191660884342385366419	137520068858324757	-1,-11,-11,-11,-11	-11,-11,-11,-11	ok
-0.103420	-37.289408	-49.358968	0.675394	continued:5	9455884669399191660884342385366419	137520068858324757	-1,-11,-11,-11,-11	-11,-11,-11,-11	ok
-0.100584	-37.289408	-49.459494	0.675020	continued:5	9455884669399191660884342385366419	137520068858324757	-1,-11,-11,-11,-11	-11,-11,-11,-11	ok
-0.097748	-37.289408	-49.540877	0.674646	full	9455884669399191660884342385366419	137520068858324757	-1,-11,-11,-11,-11	-11,-11,-11,-11	ok
-0.094912	-37.289408	-47.124433	0.685137	continued:5	9455884669399191660884342385366419	137520068858324757	-1,-11,-11,-11,-11	-11,-11,-11,-11	ok
-0.092077	-37.289408	-47.545723	0.682344	continued:5	9455884669399191660884342385366419	137520068858324757	-1,-11,-11,-11,-11	-11,-11,-11,-11	ok
-0.089241	-37.289408	-47.914241	0.679885	continued:5	9455884669399191660884342385366419	137520068858324757	-1,-11,-11,-11,-11	-11,-11,-11,-11	ok
-0.086405	-37.289408	-48.235451	0.677760	continued:5	9455884669399191660884342385366419	137520068858324757	-1,-11,-11,-11,-11	-11,-11,-11,-11	ok
-0.083570	-37.289408	-48.513962	0.675970	continued:5	9455884669399191660884342385366419	137520068858324757	-1,-11,-11,-11,-11	-11,-11,-11,-11	ok
-0.080734	-37.289408	-48.753792	0.674514	continued:5	9455884669399191660884342385366419	137520068858324757	-1,-11,-11,-11,-11	-11,-11,-11,-11	ok
-0.077898	-37.289408	-48.958486	0.673471	continued:5	9455884669399191660884342385366419	137520068858324757	-1,-11,-11,-11,-11	-11,-11,-11,-11	ok
-0.075063	-37.289408	-49.130412	0.672635	continued:5	9455884669399191660884342385366419	137520068858324757	-1,-11,-11,-11,-11	-11,-11,-11,-11	ok
-0.072227	-37.289408	-49.273694	0.671927	continued:5	9455884669399191660884342385366419	137520068858324757	-1,-11,-11,-11,-11	-11,-11,-11,-11	ok
-0.069391	-37.289408	-49.392544	0.671426	continued:5	9455884669399191660884342385366419	137520068858324757	-1,-11,-11,-11,-11	-11,-11,-11,-11	ok
-0.066555	-37.289408	-49.489696	0.671052	continued:5	9455884669399191660884342385366419	137520068858324757	-1,-11,-11,-11,-11	-11,-11,-11,-11	ok
-0.063720	-37.289408	-49.568169	0.670678	continued:5	9455884669399191660884342385366419	137520068858324757	-1,-11,-11,-11,-11	-11,-11,-11,-11	ok
-0.060884	-37.289408	-49.631625	0.670304	full	9455884669399191660884342385366419	137520068858324757	-1,-11,-11,-11,-11	-11,-11,-11,-11	ok
-0.058048	-37.289408	-47.060121	0.681858	continued:5	9455884669399191660884342385366419	137520068858324757	-1,-11,-11,-11,-11	-11,-11,-11,-11	ok
-0.055213	-37.289408	-47.491912	0.679064	continued:5	9455884669399191660884342385366419	137520068858324757	-1,-11,-11,-11,-11	-11,-11,-11,-11	ok
-0.052377	-37.289408	-47.868048	0.676399	continued:5	9455884669399191660884342385366419	137520068858324757	-1,-11,-11,-11,-11	-11,-11,-11,-11	ok
-0.049541	-37.289408	-48.196872	0.674146	continued:5	9455884669399191660884342385366419	137520068858324757	-1,-11,-11,-11,-11	-11,-11,-11,-11	ok
-0.046706	-37.289408	-48.482251	0.672228	continued:5	9455884669399191660884342385366419	137520068858324757	-1,-11,-11,-11,-11	-11,-11,-11,-11	ok
-0.043870	-37.289408	-48.728399	0.670772	continued:5	9455884669399191660884342385366419	137520068858324757	-1,-11,-11,-11,-11	-11,-11,-11,-11	ok
-0.041034	-37.289408	-48.937753	0.669523	continued:5	9455884669399191660884342385366419	137520068858324757	-1,-11,-11,-11,-11	-11,-11,-11,-11	ok
-0.038198	-37.289408	-49.115064	0.668608	continued:5	9455884669399191660884342385366419	137520068858324757	-1,-11,-11,-11,-11	-11,-11,-11,-11	ok
-0.035363	-37.289408	-49.263105	0.667772	continued:5	9455884669399191660884342385366419	137520068858324757	-1,-11,-11,-11,-11	-11,-11,-11,-11	ok
-0.032527	-37.289408	-49.386718	0.667064	continued:5	9455884669399191660884342385366419	137520068858324757	-1,-11,-11,-11,-11	-11,-11,-11,-11	ok
-0.029691	-37.289408	-49.489409	0.666563	continued:5	9455884669399191660884342385366419	137520068858324757	-1,-11,-11,-11,-11	-11,-11,-11,-11	ok
-0.026856	-37.289408	-49.573312	0.666189	continued:5	9455884669399191660884342385366419	137520068858324757	-1,-11,-11,-11,-11	-11,-11,-11,-11	ok
-0.024020	-37.289408	-49.640941	0.666022	continued:5	9455884669399191660884342385366419	137520068858324757	-1,-11,-11,-11,-11	-11,-11,-11,-11	ok
-0.021184	-37.289408	-49.693603	0.665648	continued:5	9455884669399191660884342385366419	137520068858324757	-1,-11,-11,-11,-11	-11,-11,-11,-11	ok
-0.018349	-37.289408	-49.736242	0.664605	full	9455884669399191660884342385366419	137520068858324757	-1,-11,-11,-11,-11	-11,-11,-11,-11	ok
-0.015513	-37.289408								error: T SSCS does not start with ±1: [-2, -11, -11, -11, -11]
-0.012677	-37.289408								error: T SSCS does not start with ±1: [-2, -11, -11, -11, -11]
-0.009842	-37.289408								error: T SSCS does not start with ±1: [-2, -11, -11, -11, -11]
-0.007006	-37.289408								error: T SSCS does not start with ±1: [-2, -11, -11, -11, -11]
-0.004170	-37.289408								error: T SSCS does not start with ±1: [-2, -11, -11, -11, -11]
-0.001334	-37.289408								error: T SSCS does not start with ±1: [-2, -11, -11, -11, -11]
0.001501	-37.289408								error: T SSCS does not start with ±1: [-2, -11, -11, -11, -11]
0.004337	-37.289408								error: T SSCS does not start with ±1: [-2, -11, -11, -11, -11]
0.007173	-37.289408								error: T SSCS does not start with ±1: [-2, -11, -11, -11, -11]
0.010008	-37.289408								error: T SSCS does not start with ±1: [-2, -11, -11, -11, -11]
0.012844	-37.289408								error: T SSCS does not start with ±1: [-2, -11, -11, -11, -11]
0.015680	-37.289408								error: T SSCS does not start with ±1: [-2, -11, -11, -11, -11]
0.018515	-37.289408								error: T SSCS does not start with ±1: [-2, -11, -11, -11, -11]
0.021351	-37.289408								error: T SSCS does not start with ±1: [-2, -11, -11, -11, -11]
0.024187	-37.289408								error: T SSCS does not start with ±1: [-2, -11, -11, -11, -11]
0.027023	-37.289408								error: T SSCS does not start with ±1: [-2, -11, -11, -11, -11]
0.029858	-37.289408								error: T SSCS does not start with ±1: [-2, -11, -11, -11, -11]
0.032694	-37.289408								error: T SSCS does not start with ±1: [-2, -11, -11, -11, -11]
0.035530	-37.289408								error: T SSCS does not start with ±1: [-2, -11, -11, -11, -11]
0.038365	-37.289408								error: T SSCS does not start with ±1: [-2, -11, -11, -11, -11]
0.041201	-37.289408								error: T SSCS does not start with ±1: [-2, -11, -11, -11, -11]
0.044037	-37.289408								error: T SSCS does not start with ±1: [-2, -11, -11, -11, -11]
0.046872	-37.289408								error: T SSCS does not start with ±1: [-2, -11, -11, -11, -11]
0.049708	-37.289408								error: T SSCS does not start with ±1: [-2, -11, -11, -11, -11]
0.052544	-37.289408								error: T SSCS does not start with ±1: [-2, -11, -11, -11, -11]
0.055379	-37.289408								error: T SSCS does not start with ±1: [-2, -11, -11, -11, -11]
0.058215	-37.289408								error: T SSCS does not start with ±1: [-2, -11, -11, -11, -11]
0.061051	-37.289408								error: T SSCS does not start with ±1: [-2, -11, -11, -11, -11]
0.063887	-37.289408								error: T SSCS does not start with ±1: [-2, -11, -11, -11, -11]
0.066722	-37.289408								error: T SSCS does not start with ±1: [-2, -11, -11, -11, -11]
0.069558	-37.289408								error: T SSCS does not start with ±1: [-2, -11, -11, -11, -11]
0.072394	-37.289408								error: T SSCS does not start with ±1: [-2, -11, -11, -11, -11]
0.075229	-37.289408								error: T SSCS does not start with ±1: [-2, -11, -11, -11, -11]
0.078065	-37.289408								error: T SSCS does not start with ±1: [-2, -11, -11, -11, -11]
0.080901	-37.289408								error: T SSCS does not start with ±1: [-2, -11, -11, -11, -11]
0.083736	-37.289408								error: T SSCS does not start with ±1: [-2, -11, -11, -11, -11]
0.086572	-37.289408								error: T SSCS does not start with ±1: [-2, -11, -11, -11, -11]
0.089408	-37.289408								error: T SSCS does not start with ±1: [-2, -11, -11, -11, -11]
0.092244	-37.289408								error: T SSCS does not start with ±1: [-2, -11, -11, -11, -11]
0.095079	-37.289408								error: T SSCS does not start with ±1: [-2, -11, -11, -11, -11]
0.097915	-37.289408								error: T SSCS does not start with ±1: [-2, -11, -11, -11, -11]
0.100751	-37.289408								error: T SSCS does not start with ±1: [-2, -11, -11, -11, -11]
0.103586	-37.289408								error: T SSCS does not start with ±1: [-2, -11, -11, -11, -11]
0.106422	-37.289408								error: T SSCS does not start with ±1: [-2, -11, -11, -11, -11]
0.109258	-37.289408								error: T SSCS does not start with ±1: [-2, -11, -11, -11, -11]
0.112093	-37.289408								error: T SSCS does not start with ±1: [-2, -11, -11, -11, -11]
0.114929	-37.289408								error: T SSCS does not start with ±1: [-2, -11, -11, -11, -11]
0.117765	-37.289408								error: T SSCS does not start with ±1: [-2, -11, -11, -11, -11]
0.120601	-37.289408								error: T SSCS does not start with ±1: [-2, -11, -11, -11, -11]
0.123436	-37.289408								error: T SSCS does not start with ±1: [-2, -11, -11, -11, -11]
0.126272	-37.289408								error: T SSCS does not start with ±1: [-2, -11, -11, -11, -11]
0.129108	-37.289408								error: T SSCS does not start with ±1: [-2, -11, -11, -11, -11]
0.131943	-37.289408								error: T SSCS does not start with ±1: [-2, -11, -11, -11, -11]
0.134779	-37.289408								error: T SSCS does not start with ±1: [-2, -11, -11, -11, -11]
0.137615	-37.289408								error: T SSCS does not start with ±1: [-2, -11, -11, -11, -11]
0.140450	-37.289408								error: T SSCS does not start with ±1: [-2, -11, -11, -11, -11]
0.143286	-37.289408								error: T SSCS does not start with ±1: [-2, -11, -11, -11, -11]
0.146122	-37.289408								error: T SSCS does not start with ±1: [-2, -11, -11, -11, -11]
0.148957	-37.289408								error: T SSCS does not start with ±1: [-2, -11, -11, -11, -11]
0.151793	-37.289408								error: T SSCS does not start with ±1: [-2, -11, -11, -11, -11]
0.154629	-37.289408								error: T SSCS does not start with ±1: [-2, -11, -11, -11, -11]
0.157465	-37.289408								error: T SSCS does not start with ±1: [-2, -11, -11, -11, -11]
0.160300	-37.289408								error: T SSCS does not start with ±1: [-2, -11, -11, -11, -11]
0.163136	-37.289408								error: T SSCS does not start with ±1: [-2, -11, -11, -11, -11]
0.165972	-37.289408								error: T SSCS does not start with ±1: [-2, -11, -11, -11, -11]
0.168807	-37.289408								error: T SSCS does not start with ±1: [-2, -11, -11, -11, -11]
0.171643	-37.289408								error: T SSCS does not start with ±1: [-2, -11, -11, -11, -11]
0.174479	-37.289408								error: T SSCS does not start with ±1: [-2, -11, -11, -11, -11]
0.177314	-37.289408								error: T SSCS does not start with ±1: [-2, -11, -11, -11, -11]
0.180150	-37.289408								error: T SSCS does not start with ±1: [-2, -11, -11, -11, -11]
0.182986	-37.289408								error: T SSCS does not start with ±1: [-2, -11, -11, -11, -11]
0.185822	-37.289408								error: T SSCS does not start with ±1: [-2, -11, -11, -11, -11]
0.188657	-37.289408								error: T SSCS does not start with ±1: [-2, -11, -11, -11, -11]
0.191493	-37.289408								error: T SSCS does not start with ±1: [-2, -11, -11, -11, -11]
0.194329	-37.289408								error: T SSCS does not start with ±1: [-2, -11, -11, -11, -11]
0.197164	-37.289408								error: T SSCS does not start with ±1: [-2, -11, -11, -11, -11]
0.200000	-37.289408								error: T SSCS does not start with ±1: [-2, -11, -11, -11, -11]
