delta_x	delta_ca	T0_V	T0_Ca	T0_method	T_encoding	gamma_encoding	T_scs	gamma_scs	status
-3.200000	-15.804837								error: T SSCS does not start with ±1: [0, 0, 0, 0, 0, 0, 0, 0, 0, 0]
-3.197164	-15.804837								error: T SSCS does not start with ±1: [0, 0, 0, 0, 0, 0, 0, 0, 0, 0]
-3.194329	-15.804837								error: T SSCS does not start with ±1: [0, 0, 0, 0, 0, 0, 0, 0, 0, 0]
-3.191493	-15.804837								error: T SSCS does not start with ±1: [0, 0, 0, 0, 0, 0, 0, 0, 0, 0]
-3.188657	-15.804837								error: T SSCS does not start with ±1: [0, 0, 0, 0, 0, 0, 0, 0, 0, 0]
-3.185822	-15.804837								error: T SSCS does not start with ±1: [0, 0, 0, 0, 0, 0, 0, 0, 0, 0]
-3.182986	-15.804837								error: T SSCS does not start with ±1: [0, 0, 0, 0, 0, 0, 0, 0, 0, 0]
-3.180150	-15.804837								error: T SSCS does not start with ±1: [0, 0, 0, 0, 0, 0, 0, 0, 0, 0]
-3.177314	-15.804837								error: T SSCS does not start with ±1: [0, 0, 0, 0, 0, 0, 0, 0, 0, 0]
-3.174479	-15.804837								error: T SSCS does not start with ±1: [0, 0, 0, 0, 0, 0, 0, 0, 0, 0]
-3.171643	-15.804837								error: T SSCS does not start with ±1: [0, 0, 0, 0, 0, 0, 0, 0, 0, 0]
-3.168807	-15.804837								error: T SSCS does not start with ±1: [0, 0, 0, 0, 0, 0, 0, 0, 0, 0]
-3.165972	-15.804837								error: T SSCS does not start with ±1: [0, 0, 0, 0, 0, 0, 0, 0, 0, 0]
-3.163136	-15.804837								error: T SSCS does not start with ±1: [0, 0, 0, 0, 0, 0, 0, 0, 0, 0]
-3.160300	-15.804837								error: T SSCS does not start with ±1: [0, 0, 0, 0, 0, 0, 0, 0, 0, 0]
-3.157465	-15.804837								error: T SSCS does not start with ±1: [0, 0, 0, 0, 0, 0, 0, 0, 0, 0]
-3.154629	-15.804837								error: T SSCS does not start with ±1: [0, 0, 0, 0, 0, 0, 0, 0, 0, 0]
-3.151793	-15.804837								error: T SSCS does not start with ±1: [0, 0, 0, 0, 0, 0, 0, 0, 0, 0]
-3.148957	-15.804837								error: T SSCS does not start with ±1: [0, 0, 0, 0, 0, 0, 0, 0, 0, 0]
-3.146122	-15.804837								error: T SSCS does not start with ±1: [0, 0, 0, 0, 0, 0, 0, 0, 0, 0]
-3.143286	-15.804837								error: T SSCS does not start with ±1: [0, 0, 0, 0, 0, 0, 0, 0, 0, 0]
-3.140450	-15.804837								error: T SSCS does not start with ±1: [0, 0, 0, 0, 0, 0, 0, 0, 0, 0]
-3.137615	-15.804837								error: T SSCS does not start with ±1: [0, 0, 0, 0, 0, 0, 0, 0, 0, 0]
-3.134779	-15.804837								error: T SSCS does not start with ±1: [0, 0, 0, 0, 0, 0, 0, 0, 0, 0]
-3.131943	-15.804837								error: T SSCS does not start with ±1: [0, 0, 0, 0, 0, 0, 0, 0, 0, 0]
-3.129108	-15.804837								error: T SSCS does not start with ±1: [0, 0, 0, 0, 0, 0, 0, 0, 0, 0]
-3.126272	-15.804837								error: T SSCS does not start with ±1: [0, 0, 0, 0, 0, 0, 0, 0, 0, 0]
-3.123436	-15.804837								error: T SSCS does not start with ±1: [0, 0, 0, 0, 0, 0, 0, 0, 0, 0]
-3.120601	-15.804837								error: T SSCS does not start with ±1: [0, 0, 0, 0, 0, 0, 0, 0, 0, 0]
-3.117765	-15.804837								error: T SSCS does not start with ±1: [0, 0, 0, 0, 0, 0, 0, 0, 0, 0]
-3.114929	-15.804837								error: T SSCS does not start with ±1: [0, 0, 0, 0, 0, 0, 0, 0, 0, 0]
-3.112093	-15.804837								error: T SSCS does not start with ±1: [0, 0, 0, 0, 0, 0, 0, 0, 0, 0]
-3.109258	-15.804837								error: T SSCS does not start with ±1: [0, 0, 0, 0, 0, 0, 0, 0, 0, 0]
-3.106422	-15.804837								error: T SSCS does not start with ±1: [0, 0, 0, 0, 0, 0, 0, 0, 0, 0]
-3.103586	-15.804837								error: T SSCS does not start with ±1: [0, 0, 0, 0, 0, 0, 0, 0, 0, 0]
-3.100751	-15.804837								error: T SSCS does not start with ±1: [0, 0, 0, 0, 0, 0, 0, 0, 0, 0]
-3.097915	-15.804837								error: T SSCS does not start with ±1: [0, 0, 0, 0, 0, 0, 0, 0, 0, 0]
-3.095079	-15.804837								error: T SSCS does not start with ±1: [0, 0, 0, 0, 0, 0, 0, 0, 0, 0]
-3.092244	-15.804837								error: T SSCS does not start with ±1: [0, 0, 0, 0, 0, 0, 0, 0, 0, 0]
-3.089408	-15.804837								error: T SSCS does not start with ±1: [0, 0, 0, 0, 0, 0, 0, 0, 0, 0]
-3.086572	-15.804837								error: T SSCS does not start with ±1: [0, 0, 0, 0, 0, 0, 0, 0, 0, 0]
-3.083736	-15.804837								error: T SSCS does not start with ±1: [0, 0, 0, 0, 0, 0, 0, 0, 0, 0]
-3.080901	-15.804837								error: T SSCS does not start with ±1: [0, 0, 0, 0, 0, 0, 0, 0, 0, 0]
-3.078065	-15.804837								error: T SSCS does not start with ±1: [0, 0, 0, 0, 0, 0, 0, 0, 0, 0]
-3.075229	-15.804837								error: T SSCS does not start with ±1: [0, 0, 0, 0, 0, 0, 0, 0, 0, 0]
-3.072394	-15.804837								error: T SSCS does not start with ±1: [0, 0, 0, 0, 0, 0, 0, 0, 0, 0]
-3.069558	-15.804837								error: T SSCS does not start with ±1: [0, 0, 0, 0, 0, 0, 0, 0, 0, 0]
-3.066722	-15.804837								error: T SSCS does not start with ±1: [0, 0, 0, 0, 0, 0, 0, 0, 0, 0]
-3.063887	-15.804837								error: T SSCS does not start with ±1: [0, 0, 0, 0, 0, 0, 0, 0, 0, 0]
-3.061051	-15.804837								error: T SSCS does not start with ±1: [0, 0, 0, 0, 0, 0, 0, 0, 0, 0]
-3.058215	-15.804837								error: T SSCS does not start with ±1: [0, 0, 0, 0, 0, 0, 0, 0, 0, 0]
-3.055379	-15.804837								error: T SSCS does not start with ±1: [0, 0, 0, 0, 0, 0, 0, 0, 0, 0]
-3.052544	-15.804837								error: T SSCS does not start with ±1: [0, 0, 0, 0, 0, 0, 0, 0, 0, 0]
-3.049708	-15.804837								error: T SSCS does not start with ±1: [0, 0, 0, 0, 0, 0, 0, 0, 0, 0]
-3.046872	-15.804837								error: T SSCS does not start with ±1: [0, 0, 0, 0, 0, 0, 0, 0, 0, 0]
-3.044037	-15.804837								error: T SSCS does not start with ±1: [0, 0, 0, 0, 0, 0, 0, 0, 0, 0]
-3.041201	-15.804837								error: T SSCS does not start with ±1: [0, 0, 0, 0, 0, 0, 0, 0, 0, 0]
-3.038365	-15.804837								error: T SSCS does not start with ±1: [0, 0, 0, 0, 0, 0, 0, 0, 0, 0]
-3.035530	-15.804837								error: T SSCS does not start with ±1: [0, 0, 0, 0, 0, 0, 0, 0, 0, 0]
-3.032694	-15.804837								error: T SSCS does not start with ±1: [0, 0, 0, 0, 0, 0, 0, 0, 0, 0]
-3.029858	-15.804837								error: T SSCS does not start with ±1: [0, 0, 0, 0, 0, 0, 0, 0, 0, 0]
-3.027023	-15.804837								error: T SSCS does not start with ±1: [0, 0, 0, 0, 0, 0, 0, 0, 0, 0]
-3.024187	-15.804837								error: T SSCS does not start with ±1: [0, 0, 0, 0, 0, 0, 0, 0, 0, 0]
-3.021351	-15.804837								error: T SSCS does not start with ±1: [0, 0, 0, 0, 0, 0, 0, 0, 0, 0]
-3.018515	-15.804837								error: T SSCS does not start with ±1: [0, 0, 0, 0, 0, 0, 0, 0, 0, 0]
-3.015680	-15.804837								error: T SSCS does not start with ±1: [0, 0, 0, 0, 0, 0, 0, 0, 0, 0]
-3.012844	-15.804837								error: T SSCS does not start with ±1: [0, 0, 0, 0, 0, 0, 0, 0, 0, 0]
-3.010008	-15.804837								error: T SSCS does not start with ±1: [0, 0, 0, 0, 0, 0, 0, 0, 0, 0]
-3.007173	-15.804837								error: T SSCS does not start with ±1: [0, 0, 0, 0, 0, 0, 0, 0, 0, 0]
-3.004337	-15.804837								error: T SSCS does not start with ±1: [0, 0, 0, 0, 0, 0, 0, 0, 0, 0]
-3.001501	-15.804837								error: T SSCS does not start with ±1: [0, 0, 0, 0, 0, 0, 0, 0, 0, 0]
-2.998666	-15.804837								error: T SSCS does not start with ±1: [0, 0, 0, 0, 0, 0, 0, 0, 0, 0]
-2.995830	-15.804837								error: T SSCS does not start with ±1: [0, 0, 0, 0, 0, 0, 0, 0, 0, 0]
-2.992994	-15.804837								error: T SSCS does not start with ±1: [0, 0, 0, 0, 0, 0, 0, 0, 0, 0]
-2.990158	-15.804837								error: T SSCS does not start with ±1: [0, 0, 0, 0, 0, 0, 0, 0, 0, 0]
-2.987323	-15.804837								error: T SSCS does not start with ±1: [0, 0, 0, 0, 0, 0, 0, 0, 0, 0]
-2.984487	-15.804837								error: T SSCS does not start with ±1: [0, 0, 0, 0, 0, 0, 0, 0, 0, 0]
-2.981651	-15.804837								error: T SSCS does not start with ±1: [0, 0, 0, 0, 0, 0, 0, 0, 0, 0]
-2.978816	-15.804837								error: T SSCS does not start with ±1: [0, 0, 0, 0, 0, 0, 0, 0, 0, 0]
-2.975980	-15.804837								error: T SSCS does not start with ±1: [0, 0, 0, 0, 0, 0, 0, 0, 0, 0]
-2.973144	-15.804837								error: T SSCS does not start with ±1: [0, 0, 0, 0, 0, 0, 0, 0, 0, 0]
-2.970309	-15.804837								error: T SSCS does not start with ±1: [0, 0, 0, 0, 0, 0, 0, 0, 0, 0]
-2.967473	-15.804837								error: T SSCS does not start with ±1: [0, 0, 0, 0, 0, 0, 0, 0, 0, 0]
-2.964637	-15.804837								error: T SSCS does not start with ±1: [0, 0, 0, 0, 0, 0, 0, 0, 0, 0]
-2.961802	-15.804837								error: T SSCS does not start with ±1: [0, 0, 0, 0, 0, 0, 0, 0, 0, 0]
-2.958966	-15.804837								error: T SSCS does not start with ±1: [0, 0, 0, 0, 0, 0, 0, 0, 0, 0]
-2.956130	-15.804837								error: T SSCS does not start with ±1: [0, 0, 0, 0, 0, 0, 0, 0, 0, 0]
-2.953294	-15.804837								error: T SSCS does not start with ±1: [0, 0, 0, 0, 0, 0, 0, 0, 0, 0]
-2.950459	-15.804837								error: T SSCS does not start with ±1: [0, 0, 0, 0, 0, 0, 0, 0, 0, 0]
-2.947623	-15.804837								error: T SSCS does not start with ±1: [0, 0, 0, 0, 0, 0, 0, 0, 0, 0]
-2.944787	-15.804837								error: T SSCS does not start with ±1: [0, 0, 0, 0, 0, 0, 0, 0, 0, 0]
-2.941952	-15.804837								error: T SSCS does not start with ±1: [0, 0, 0, 0, 0, 0, 0, 0, 0, 0]
-2.939116	-15.804837								error: T SSCS does not start with ±1: [0, 0, 0, 0, 0, 0, 0, 0, 0, 0]
-2.936280	-15.804837								error: T SSCS does not start with ±1: [0, 0, 0, 0, 0, 0, 0, 0, 0, 0]
-2.933445	-15.804837								error: T SSCS does not start with ±1: [0, 0, 0, 0, 0, 0, 0, 0, 0, 0]
-2.930609	-15.804837								error: T SSCS does not start with ±1: [0, 0, 0, 0, 0, 0, 0, 0, 0, 0]
-2.927773	-15.804837								error: T SSCS does not start with ±1: [0, 0, 0, 0, 0, 0, 0, 0, 0, 0]
-2.924937	-15.804837								error: T SSCS does not start with ±1: [0, 0, 0, 0, 0, 0, 0, 0, 0, 0]
-2.922102	-15.804837								error: T SSCS does not start with ±1: [0, 0, 0, 0, 0, 0, 0, 0, 0, 0]
-2.919266	-15.804837								error: T SSCS does not start with ±1: [0, 0, 0, 0, 0, 0, 0, 0, 0, 0]
-2.916430	-15.804837								error: T SSCS does not start with ±1: [0, 0, 0, 0, 0, 0, 0, 0, 0, 0]
-2.913595	-15.804837								error: Could not locate the first local maximum of the reduced return map.
-2.910759	-15.804837								error: Could not locate the first local maximum of the reduced return map.
-2.907923	-15.804837								error: Could not locate the first local maximum of the reduced return map.
-2.905088	-15.804837								error: Could not locate the first local maximum of the reduced return map.
-2.902252	-15.804837	-44.586388	0.924990	continued:5	131504586847961235687181874578063117114329409897647623619241560935125066908876631867479597863393264	131504586847961235687181874578063117114329409897647623619241560935125066908876631867479597863393264	1,0,0,0,0,0,0,0,0,0	1,0,0,0,0,0,0,0,0,0	ok
-2.899416	-15.804837	-45.532161	0.922196	continued:5	131504586847961235687181874578063117114329409897647623619241560935125066908876631867479597863393264	131504586847961235687181874578063117114329409897647623619241560935125066908876631867479597863393264	1,0,0,0,0,0,0,0,0,0	1,0,0,0,0,0,0,0,0,0	ok
-2.896580	-15.804837	-46.537064	0.919403	continued:5	131504586847961235687181874578063117114329409897647623619241560935125066908876631867479597863393264	131504586847961235687181874578063117114329409897647623619241560935125066908876631867479597863393264	1,0,0,0,0,0,0,0,0,0	1,0,0,0,0,0,0,0,0,0	ok
-2.893745	-15.804837	-47.587253	0.916610	continued:5	131504586847961235687181874578063117114329409897631406061666638548823646371904376997883815099845702	131504586847961235687181874578063117114329409897647623619241560935125066908876631867479597863393264	-1,0,0,0,0,0,0,0,0,0	1,0,0,0,0,0,0,0,0,0	ok
-2.890909	-15.804837	-48.653851	0.915567	continued:5	131504586847961235687181874578063117114329409897647623619241560935125066908876631867479597863393264	131504586847961235687181874578063117114329409897647623619241560935125066908876631867479597863393264	1,0,0,0,0,0,0,0,0,0	1,0,0,0,0,0,0,0,0,0	ok
-2.888073	-15.804837	-49.688662	0.915400	full	131504586847961235687181874578063117114329409897631406061666638548823646371904376997883815099845702	131504586847961235687181874578063117114329409897647623619241560935125066908876631867479597863393264	-1,0,0,0,0,0,0,0,0,0	1,0,0,0,0,0,0,0,0,0	ok
-2.885238	-15.804837								error: T SSCS does not start with ±1: [0, 0, 0, 0, 0, 0, 0, 0, 0, 0]
-2.882402	-15.804837								error: T SSCS does not start with ±1: [0, 0, 0, 0, 0, 0, 0, 0, 0, 0]
-2.879566	-15.804837	-44.616682	0.923031	continued:5	131504586847961235687181874578063117114329409897647623619241560935125066908876631867479597863393264	131504586847961235687181874578063117114329409897647623619241560935125066908876631867479597863393264	1,0,0,0,0,0,0,0,0,0	1,0,0,0,0,0,0,0,0,0	ok
-2.876731	-15.804837	-45.561833	0.920237	continued:5	131504586847961235687181874578063117114329409897647623619241560935125066908876631867479597863393264	131504586847961235687181874578063117114329409897647623619241560935125066908876631867479597863393264	1,0,0,0,0,0,0,0,0,0	1,0,0,0,0,0,0,0,0,0	ok
-2.873895	-15.804837	-46.563770	0.917444	continued:5	131504586847961235687181874578063117114329409897647623619241560935125066908876631867479597863393264	131504586847961235687181874578063117114329409897647623619241560935125066908876631867479597863393264	1,0,0,0,0,0,0,0,0,0	1,0,0,0,0,0,0,0,0,0	ok
-2.871059	-15.804837	-47.608414	0.914651	continued:5	131504586847961235687181874578063117114329409897647623619241560935125066908876631867479597863393264	131504586847961235687181874578063117114329409897647623619241560935125066908876631867479597863393264	1,0,0,0,0,0,0,0,0,0	1,0,0,0,0,0,0,0,0,0	ok
-2.868224	-15.804837	-48.667146	0.913608	continued:5	131504586847961235687181874578063117114329409897647623619241560935125066908876631867479597863393264	131504586847961235687181874578063117114329409897680058734391405707727907982821141606671163390488391	1,0,0,0,0,0,0,0,0,0	2,0,0,0,0,0,0,0,0,0	ok
-2.865388	-15.804837	-49.692475	0.913441	full	131504586847961235687181874578063117114329409897631406061666638548823646371904376997883815099845702	131504586847961235687181874578063117114329409897680058734391405707727907982821141606671163390488391	-1,0,0,0,0,0,0,0,0,0	2,0,0,0,0,0,0,0,0,0	ok
-2.862552	-15.804837								error: T SSCS does not start with ±1: [0, 0, 0, 0, 0, 0, 0, 0, 0, 0]
-2.859716	-15.804837	-44.686425	0.921265	continued:5	131504586847961235687181874578063117114329409897647623619241560935125066908876631867479597863393264	131504586847961235687181874578063117114329409897680058734391405707727907982821141606671163390488391	1,0,0,0,0,0,0,0,0,0	2,0,0,0,0,0,0,0,0,0	ok
-2.856881	-15.804837	-45.632843	0.918471	continued:5	131504586847961235687181874578063117114329409897647623619241560935125066908876631867479597863393264	131504586847961235687181874578063117114329409897680058734391405707727907982821141606671163390488391	1,0,0,0,0,0,0,0,0,0	2,0,0,0,0,0,0,0,0,0	ok
-2.854045	-15.804837	-46.633808	0.915678	continued:5	131504586847961235687181874578063117114329409897631406061666638548823646371904376997883815099845702	131504586847961235687181874578063117114329409897680058734391405707727907982821141606671163390488391	-1,0,0,0,0,0,0,0,0,0	2,0,0,0,0,0,0,0,0,0	ok
-2.851209	-15.804837	-47.674262	0.912885	continued:5	131504586847961235687181874578063117114329409897631406061666638548823646371904376997883815099845702	131504586847961235687181874578063117114329409897680058734391405707727907982821141606671163390488391	-1,0,0,0,0,0,0,0,0,0	2,0,0,0,0,0,0,0,0,0	ok
-2.848374	-15.804837	-48.725377	0.911842	continued:5	131504586847961235687181874578063117114329409897647623619241560935125066908876631867479597863393264	131504586847961235687181874578063117114329409897680058734391405707727907982821141606671163390488391	1,0,0,0,0,0,0,0,0,0	2,0,0,0,0,0,0,0,0,0	ok
-2.845538	-15.804837	-49.740279	0.911341	full	131504586847961235687181874578063117114329409897647623619241560935125066908876631867479597863393264	131504586847961235687181874578063117114329409897680058734391405707727907982821141606671163390488391	1,0,0,0,0,0,0,0,0,0	2,0,0,0,0,0,0,0,0,0	ok
-2.842702	-15.804837	-44.702394	0.919835	continued:5	131504586847961235687181874578063117114329409897647623619241560935125066908876631867479597863393264	131504586847961235687181874578063117114329409897712493849541250480330749056765651345862728917583522	1,0,0,0,0,0,0,0,0,0	3,0,0,0,0,0,0,0,0,0	ok
-2.839867	-15.804837	-45.647489	0.917042	continued:5	131504586847961235687181874578063117114329409897647623619241560935125066908876631867479597863393264	131504586847961235687181874578063117114329409897712493849541250480330749056765651345862728917583522	1,0,0,0,0,0,0,0,0,0	3,0,0,0,0,0,0,0,0,0	ok
-2.837031	-15.804837	-46.645433	0.914249	continued:5	131504586847961235687181874578063117114329409897631406061666638548823646371904376997883815099845702	131504586847961235687181874578063117114329409897712493849541250480330749056765651345862728917583522	-1,0,0,0,0,0,0,0,0,0	3,0,0,0,0,0,0,0,0,0	ok
-2.834195	-15.804837	-47.681165	0.911455	continued:5	131504586847961235687181874578063117114329409897631406061666638548823646371904376997883815099845702	131504586847961235687181874578063117114329409897712493849541250480330749056765651345862728917583522	-1,0,0,0,0,0,0,0,0,0	3,0,0,0,0,0,0,0,0,0	ok
-2.831359	-15.804837	-48.726172	0.910413	continued:5	131504586847961235687181874578063117114329409897631406061666638548823646371904376997883815099845702	131504586847961235687181874578063117114329409897712493849541250480330749056765651345862728917583522	-1,0,0,0,0,0,0,0,0,0	3,0,0,0,0,0,0,0,0,0	ok
-2.828524	-15.804837	-49.734128	0.910246	full	131504586847961235687181874578063117114329409897631406061666638548823646371904376997883815099845702	131504586847961235687181874578063117114329409897712493849541250480330749056765651345862728917583522	-1,0,0,0,0,0,0,0,0,0	3,0,0,0,0,0,0,0,0,0	ok
-2.825688	-15.804837	-44.743472	0.918354	continued:5	131504586847961235687181874578063117114329409897647623619241560935125066908876631867479597863393264	131504586847961235687181874578063117114329409897712493849541250480330749056765651345862728917583522	1,0,0,0,0,0,0,0,0,0	3,0,0,0,0,0,0,0,0,0	ok
-2.822852	-15.804837	-45.688464	0.915561	continued:5	131504586847961235687181874578063117114329409897647623619241560935125066908876631867479597863393264	131504586847961235687181874578063117114329409897744928964691095252933590130710161085054294444678657	1,0,0,0,0,0,0,0,0,0	4,0,0,0,0,0,0,0,0,0	ok
-2.820017	-15.804837	-46.684458	0.912767	continued:5	131504586847961235687181874578063117114329409897631406061666638548823646371904376997883815099845702	131504586847961235687181874578063117114329409897744928964691095252933590130710161085054294444678657	-1,0,0,0,0,0,0,0,0,0	4,0,0,0,0,0,0,0,0,0	ok
-2.817181	-15.804837	-47.715955	0.909974	continued:5	131504586847961235687181874578063117114329409897631406061666638548823646371904376997883815099845702	131504586847961235687181874578063117114329409897744928964691095252933590130710161085054294444678657	-1,0,0,0,0,0,0,0,0,0	4,0,0,0,0,0,0,0,0,0	ok
-2.814345	-15.804837	-48.754513	0.908931	continued:5	131504586847961235687181874578063117114329409897631406061666638548823646371904376997883815099845702	131504586847961235687181874578063117114329409897744928964691095252933590130710161085054294444678657	-1,0,0,0,0,0,0,0,0,0	4,0,0,0,0,0,0,0,0,0	ok
-2.811510	-15.804837	-49.754357	0.908764	full	131504586847961235687181874578063117114329409897631406061666638548823646371904376997883815099845702	131504586847961235687181874578063117114329409897744928964691095252933590130710161085054294444678657	-1,0,0,0,0,0,0,0,0,0	4,0,0,0,0,0,0,0,0,0	ok
-2.808674	-15.804837	-44.834457	0.916630	continued:5	131504586847961235687181874578063117114329409897647623619241560935125066908876631867479597863393264	131504586847961235687181874578063117114329409897744928964691095252933590130710161085054294444678657	1,0,0,0,0,0,0,0,0,0	4,0,0,0,0,0,0,0,0,0	ok
-2.805838	-15.804837	-45.783112	0.913837	continued:5	131504586847961235687181874578063117114329409897647623619241560935125066908876631867479597863393264	131504586847961235687181874578063117114329409897744928964691095252933590130710161085054294444678657	1,0,0,0,0,0,0,0,0,0	4,0,0,0,0,0,0,0,0,0	ok
-2.803003	-15.804837	-46.780400	0.911044	continued:5	131504586847961235687181874578063117114329409897631406061666638548823646371904376997883815099845702	131504586847961235687181874578063117114329409897744928964691095252933590130710161085054294444678657	-1,0,0,0,0,0,0,0,0,0	4,0,0,0,0,0,0,0,0,0	ok
-2.800167	-15.804837	-47.809531	0.908378	continued:5	131504586847961235687181874578063117114329409897631406061666638548823646371904376997883815099845702	131504586847961235687181874578063117114329409897744928964691095252933590130710161085054294444678657	-1,0,0,0,0,0,0,0,0,0	4,0,0,0,0,0,0,0,0,0	ok
-2.797331	-15.804837	-48.840664	0.907129	continued:5	131504586847961235687181874578063117114329409897647623619241560935125066908876631867479597863393264	131504586847961235687181874578063117114329409897777364079840940025536431204654670824245859971773796	1,0,0,0,0,0,0,0,0,0	5,0,0,0,0,0,0,0,0,0	ok
-2.794495	-15.804837	-49.831189	0.904335	full	131504586847961235687181874578063117114329409897647623619241560935125066908876631867479597863393264	131504586847961235687181874578063117114329409897777364079840940025536431204654670824245859971773796	1,0,0,0,0,0,0,0,0,0	5,0,0,0,0,0,0,0,0,0	ok
-2.791660	-15.804837	-44.862508	0.915149	continued:5	131504586847961235687181874578063117114329409897647623619241560935125066908876631867479597863393264	131504586847961235687181874578063117114329409897777364079840940025536431204654670824245859971773796	1,0,0,0,0,0,0,0,0,0	5,0,0,0,0,0,0,0,0,0	ok
-2.788824	-15.804837	-45.810390	0.912355	continued:5	131504586847961235687181874578063117114329409897647623619241560935125066908876631867479597863393264	131504586847961235687181874578063117114329409897777364079840940025536431204654670824245859971773796	1,0,0,0,0,0,0,0,0,0	5,0,0,0,0,0,0,0,0,0	ok
-2.785988	-15.804837	-46.805098	0.909562	continued:5	131504586847961235687181874578063117114329409897631406061666638548823646371904376997883815099845702	131504586847961235687181874578063117114329409897777364079840940025536431204654670824245859971773796	-1,0,0,0,0,0,0,0,0,0	5,0,0,0,0,0,0,0,0,0	ok
-2.783153	-15.804837	-47.829682	0.906896	continued:5	131504586847961235687181874578063117114329409897631406061666638548823646371904376997883815099845702	131504586847961235687181874578063117114329409897777364079840940025536431204654670824245859971773796	-1,0,0,0,0,0,0,0,0,0	5,0,0,0,0,0,0,0,0,0	ok
-2.780317	-15.804837	-48.854551	0.906060	continued:5	131504586847961235687181874578063117114329409897631406061666638548823646371904376997883815099845702	131504586847961235687181874578063117114329409897777364079840940025536431204654670824245859971773796	-1,0,0,0,0,0,0,0,0,0	5,0,0,0,0,0,0,0,0,0	ok
-2.777481	-15.804837	-49.834743	0.903267	full	131504586847961235687181874578063117114329409897647623619241560935125066908876631867479597863393264	131504586847961235687181874578063117114329409897777364079840940025536431204654670824245859971773796	1,0,0,0,0,0,0,0,0,0	5,0,0,0,0,0,0,0,0,0	ok
-2.774646	-15.804837	-44.833368	0.913749	continued:5	131504586847961235687181874578063117114329409897647623619241560935125066908876631867479597863393264	131504586847961235687181874578063117114329409897777364079840940025536431204654670824245859971773796	1,0,0,0,0,0,0,0,0,0	5,0,0,0,0,0,0,0,0,0	ok
-2.771810	-15.804837	-45.778188	0.910956	continued:5	131504586847961235687181874578063117114329409897647623619241560935125066908876631867479597863393264	131504586847961235687181874578063117114329409897777364079840940025536431204654670824245859971773796	1,0,0,0,0,0,0,0,0,0	5,0,0,0,0,0,0,0,0,0	ok
-2.768974	-15.804837	-46.768478	0.908163	continued:5	131504586847961235687181874578063117114329409897631406061666638548823646371904376997883815099845702	131504586847961235687181874578063117114329409897777364079840940025536431204654670824245859971773796	-1,0,0,0,0,0,0,0,0,0	5,0,0,0,0,0,0,0,0,0	ok
-2.766138	-15.804837	-47.788063	0.905497	continued:5	131504586847961235687181874578063117114329409897631406061666638548823646371904376997883815099845702	131504586847961235687181874578063117114329409897777364079840940025536431204654670824245859971773796	-1,0,0,0,0,0,0,0,0,0	5,0,0,0,0,0,0,0,0,0	ok
-2.763303	-15.804837	-48.808050	0.904454	continued:5	131504586847961235687181874578063117114329409897631406061666638548823646371904376997883815099845702	131504586847961235687181874578063117114329409897777364079840940025536431204654670824245859971773796	-1,0,0,0,0,0,0,0,0,0	5,0,0,0,0,0,0,0,0,0	ok
-2.760467	-15.804837	-49.785398	0.904287	full	131504586847961235687181874578063117114329409897631406061666638548823646371904376997883815099845702	131504586847961235687181874578063117114329409897777364079840940025536431204654670824245859971773796	-1,0,0,0,0,0,0,0,0,0	5,0,0,0,0,0,0,0,0,0	ok
-2.757631	-15.804837	-44.945890	0.912086	continued:5	131504586847961235687181874578063117114329409897647623619241560935125066908876631867479597863393264	131504586847961235687181874578063117114329409897777364079840940025536431204654670824245859971773796	1,0,0,0,0,0,0,0,0,0	5,0,0,0,0,0,0,0,0,0	ok
-2.754796	-15.804837	-45.893607	0.909293	continued:5	131504586847961235687181874578063117114329409897647623619241560935125066908876631867479597863393264	131504586847961235687181874578063117114329409897809799194990784798139272278599180563437425498868939	1,0,0,0,0,0,0,0,0,0	6,0,0,0,0,0,0,0,0,0	ok
-2.751960	-15.804837	-46.884243	0.906499	continued:5	131504586847961235687181874578063117114329409897631406061666638548823646371904376997883815099845702	131504586847961235687181874578063117114329409897809799194990784798139272278599180563437425498868939	-1,0,0,0,0,0,0,0,0,0	6,0,0,0,0,0,0,0,0,0	ok
-2.749124	-15.804837	-47.900159	0.903834	continued:5	131504586847961235687181874578063117114329409897631406061666638548823646371904376997883815099845702	131504586847961235687181874578063117114329409897809799194990784798139272278599180563437425498868939	-1,0,0,0,0,0,0,0,0,0	6,0,0,0,0,0,0,0,0,0	ok
-2.746289	-15.804837	-48.912064	0.901916	continued:5	131504586847961235687181874578063117114329409897647623619241560935125066908876631867479597863393264	131504586847961235687181874578063117114329409897809799194990784798139272278599180563437425498868939	1,0,0,0,0,0,0,0,0,0	6,0,0,0,0,0,0,0,0,0	ok
-2.743453	-15.804837	-49.883792	0.899122	full	131504586847961235687181874578063117114329409897647623619241560935125066908876631867479597863393264	131504586847961235687181874578063117114329409897809799194990784798139272278599180563437425498868939	1,0,0,0,0,0,0,0,0,0	6,0,0,0,0,0,0,0,0,0	ok
-2.740617	-15.804837	-44.869093	0.910866	continued:5	131504586847961235687181874578063117114329409897647623619241560935125066908876631867479597863393264	131504586847961235687181874578063117114329409897809799194990784798139272278599180563437425498868939	1,0,0,0,0,0,0,0,0,0	6,0,0,0,0,0,0,0,0,0	ok
-2.737781	-15.804837	-45.810898	0.908073	continued:5	131504586847961235687181874578063117114329409897647623619241560935125066908876631867479597863393264	131504586847961235687181874578063117114329409897809799194990784798139272278599180563437425498868939	1,0,0,0,0,0,0,0,0,0	6,0,0,0,0,0,0,0,0,0	ok
-2.734946	-15.804837	-46.794824	0.905279	continued:5	131504586847961235687181874578063117114329409897631406061666638548823646371904376997883815099845702	131504586847961235687181874578063117114329409897809799194990784798139272278599180563437425498868939	-1,0,0,0,0,0,0,0,0,0	6,0,0,0,0,0,0,0,0,0	ok
-2.732110	-15.804837	-47.804747	0.902486	continued:5	131504586847961235687181874578063117114329409897631406061666638548823646371904376997883815099845702	131504586847961235687181874578063117114329409897809799194990784798139272278599180563437425498868939	-1,0,0,0,0,0,0,0,0,0	6,0,0,0,0,0,0,0,0,0	ok
-2.729274	-15.804837	-48.813427	0.901443	continued:5	131504586847961235687181874578063117114329409897631406061666638548823646371904376997883815099845702	131504586847961235687181874578063117114329409897809799194990784798139272278599180563437425498868939	-1,0,0,0,0,0,0,0,0,0	6,0,0,0,0,0,0,0,0,0	ok
-2.726439	-15.804837	-49.777772	0.901276	full	131504586847961235687181874578063117114329409897631406061666638548823646371904376997883815099845702	131504586847961235687181874578063117114329409897809799194990784798139272278599180563437425498868939	-1,0,0,0,0,0,0,0,0,0	6,0,0,0,0,0,0,0,0,0	ok
-2.723603	-15.804837	-44.958168	0.909246	continued:5	131504586847961235687181874578063117114329409897647623619241560935125066908876631867479597863393264	131504586847961235687181874578063117114329409897809799194990784798139272278599180563437425498868939	1,0,0,0,0,0,0,0,0,0	6,0,0,0,0,0,0,0,0,0	ok
-2.720767	-15.804837	-45.901567	0.906453	continued:5	131504586847961235687181874578063117114329409897647623619241560935125066908876631867479597863393264	131504586847961235687181874578063117114329409897809799194990784798139272278599180563437425498868939	1,0,0,0,0,0,0,0,0,0	6,0,0,0,0,0,0,0,0,0	ok
-2.717932	-15.804837	-46.884761	0.903659	continued:5	131504586847961235687181874578063117114329409897631406061666638548823646371904376997883815099845702	131504586847961235687181874578063117114329409897809799194990784798139272278599180563437425498868939	-1,0,0,0,0,0,0,0,0,0	6,0,0,0,0,0,0,0,0,0	ok
-2.715096	-15.804837	-47.890581	0.900994	continued:5	131504586847961235687181874578063117114329409897631406061666638548823646371904376997883815099845702	131504586847961235687181874578063117114329409897809799194990784798139272278599180563437425498868939	-1,0,0,0,0,0,0,0,0,0	6,0,0,0,0,0,0,0,0,0	ok
-2.712260	-15.804837	-48.890619	0.899951	continued:5	131504586847961235687181874578063117114329409897631406061666638548823646371904376997883815099845702	131504586847961235687181874578063117114329409897809799194990784798139272278599180563437425498868939	-1,0,0,0,0,0,0,0,0,0	6,0,0,0,0,0,0,0,0,0	ok
-2.709425	-15.804837	-49.843582	0.899243	full	131504586847961235687181874578063117114329409897647623619241560935125066908876631867479597863393264	131504586847961235687181874578063117114329409897809799194990784798139272278599180563437425498868939	1,0,0,0,0,0,0,0,0,0	6,0,0,0,0,0,0,0,0,0	ok
-2.706589	-15.804837	-45.035273	0.907545	continued:5	131504586847961235687181874578063117114329409897647623619241560935125066908876631867479597863393264	131504586847961235687181874578063117114329409897809799194990784798139272278599180563437425498868939	1,0,0,0,0,0,0,0,0,0	6,0,0,0,0,0,0,0,0,0	ok
-2.703753	-15.804837	-45.980602	0.904752	continued:5	131504586847961235687181874578063117114329409897647623619241560935125066908876631867479597863393264	131504586847961235687181874578063117114329409897809799194990784798139272278599180563437425498868939	1,0,0,0,0,0,0,0,0,0	6,0,0,0,0,0,0,0,0,0	ok
-2.700917	-15.804837	-46.963331	0.901959	continued:5	131504586847961235687181874578063117114329409897631406061666638548823646371904376997883815099845702	131504586847961235687181874578063117114329409897809799194990784798139272278599180563437425498868939	-1,0,0,0,0,0,0,0,0,0	6,0,0,0,0,0,0,0,0,0	ok
-2.698082	-15.804837	-47.965474	0.899293	continued:5	131504586847961235687181874578063117114329409897631406061666638548823646371904376997883815099845702	131504586847961235687181874578063117114329409897809799194990784798139272278599180563437425498868939	-1,0,0,0,0,0,0,0,0,0	6,0,0,0,0,0,0,0,0,0	ok
-2.695246	-15.804837	-48.958567	0.898378	continued:5	131504586847961235687181874578063117114329409897631406061666638548823646371904376997883815099845702	131504586847961235687181874578063117114329409897809799194990784798139272278599180563437425498868939	-1,0,0,0,0,0,0,0,0,0	6,0,0,0,0,0,0,0,0,0	ok
-2.692410	-15.804837	-49.901081	0.895585	full	131504586847961235687181874578063117114329409897647623619241560935125066908876631867479597863393264	131504586847961235687181874578063117114329409897809799194990784798139272278599180563437425498868939	1,0,0,0,0,0,0,0,0,0	6,0,0,0,0,0,0,0,0,0	ok
-2.689575	-15.804837	-45.094264	0.905839	continued:5	131504586847961235687181874578063117114329409897647623619241560935125066908876631867479597863393264	131504586847961235687181874578063117114329409897809799194990784798139272278599180563437425498868939	1,0,0,0,0,0,0,0,0,0	6,0,0,0,0,0,0,0,0,0	ok
-2.686739	-15.804837	-46.041030	0.903046	continued:5	131504586847961235687181874578063117114329409897647623619241560935125066908876631867479597863393264	131504586847961235687181874578063117114329409897809799194990784798139272278599180563437425498868939	1,0,0,0,0,0,0,0,0,0	6,0,0,0,0,0,0,0,0,0	ok
-2.683903	-15.804837	-47.022907	0.900253	continued:5	131504586847961235687181874578063117114329409897631406061666638548823646371904376997883815099845702	131504586847961235687181874578063117114329409897809799194990784798139272278599180563437425498868939	-1,0,0,0,0,0,0,0,0,0	6,0,0,0,0,0,0,0,0,0	ok
-2.681068	-15.804837	-48.021399	0.897794	continued:5	131504586847961235687181874578063117114329409897631406061666638548823646371904376997883815099845702	131504586847961235687181874578063117114329409897809799194990784798139272278599180563437425498868939	-1,0,0,0,0,0,0,0,0,0	6,0,0,0,0,0,0,0,0,0	ok
-2.678232	-15.804837	-49.006550	0.895000	continued:5	131504586847961235687181874578063117114329409897647623619241560935125066908876631867479597863393264	131504586847961235687181874578063117114329409897809799194990784798139272278599180563437425498868939	1,0,0,0,0,0,0,0,0,0	6,0,0,0,0,0,0,0,0,0	ok
-2.675396	-15.804837	-49.952513	0.892207	full	131504586847961235687181874578063117114329409897647623619241560935125066908876631867479597863393264	131504586847961235687181874578063117114329409897809799194990784798139272278599180563437425498868939	1,0,0,0,0,0,0,0,0,0	6,0,0,0,0,0,0,0,0,0	ok
-2.672560	-15.804837	-44.980312	0.904786	continued:5	131504586847961235687181874578063117114329409897647623619241560935125066908876631867479597863393264	131504586847961235687181874578063117114329409897809799194990784798139272278599180563437425498868939	1,0,0,0,0,0,0,0,0,0	6,0,0,0,0,0,0,0,0,0	ok
-2.669725	-15.804837	-45.919307	0.901993	continued:5	131504586847961235687181874578063117114329409897647623619241560935125066908876631867479597863393264	131504586847961235687181874578063117114329409897809799194990784798139272278599180563437425498868939	1,0,0,0,0,0,0,0,0,0	6,0,0,0,0,0,0,0,0,0	ok
-2.666889	-15.804837	-46.893273	0.899200	continued:5	131504586847961235687181874578063117114329409897631406061666638548823646371904376997883815099845702	131504586847961235687181874578063117114329409897809799194990784798139272278599180563437425498868939	-1,0,0,0,0,0,0,0,0,0	6,0,0,0,0,0,0,0,0,0	ok
-2.664053	-15.804837	-47.885651	0.896406	continued:5	131504586847961235687181874578063117114329409897631406061666638548823646371904376997883815099845702	131504586847961235687181874578063117114329409897809799194990784798139272278599180563437425498868939	-1,0,0,0,0,0,0,0,0,0	6,0,0,0,0,0,0,0,0,0	ok
-2.661218	-15.804837	-48.870231	0.895364	continued:5	131504586847961235687181874578063117114329409897631406061666638548823646371904376997883815099845702	131504586847961235687181874578063117114329409897809799194990784798139272278599180563437425498868939	-1,0,0,0,0,0,0,0,0,0	6,0,0,0,0,0,0,0,0,0	ok
-2.658382	-15.804837	-49.806068	0.895197	full	131504586847961235687181874578063117114329409897631406061666638548823646371904376997883815099845702	131504586847961235687181874578063117114329409897809799194990784798139272278599180563437425498868939	-1,0,0,0,0,0,0,0,0,0	6,0,0,0,0,0,0,0,0,0	ok
-2.655546	-15.804837	-45.048071	0.903253	continued:5	131504586847961235687181874578063117114329409897647623619241560935125066908876631867479597863393264	131504586847961235687181874578063117114329409897809799194990784798139272278599180563437425498868939	1,0,0,0,0,0,0,0,0,0	6,0,0,0,0,0,0,0,0,0	ok
-2.652711	-15.804837	-45.986761	0.900460	continued:5	131504586847961235687181874578063117114329409897647623619241560935125066908876631867479597863393264	131504586847961235687181874578063117114329409897809799194990784798139272278599180563437425498868939	1,0,0,0,0,0,0,0,0,0	6,0,0,0,0,0,0,0,0,0	ok
-2.649875	-15.804837	-46.958322	0.897666	continued:5	131504586847961235687181874578063117114329409897631406061666638548823646371904376997883815099845702	131504586847961235687181874578063117114329409897809799194990784798139272278599180563437425498868939	-1,0,0,0,0,0,0,0,0,0	6,0,0,0,0,0,0,0,0,0	ok
-2.647039	-15.804837	-47.945595	0.894873	continued:5	131504586847961235687181874578063117114329409897631406061666638548823646371904376997883815099845702	131504586847961235687181874578063117114329409897809799194990784798139272278599180563437425498868939	-1,0,0,0,0,0,0,0,0,0	6,0,0,0,0,0,0,0,0,0	ok
-2.644204	-15.804837	-48.922445	0.893830	continued:5	131504586847961235687181874578063117114329409897631406061666638548823646371904376997883815099845702	131504586847961235687181874578063117114329409897809799194990784798139272278599180563437425498868939	-1,0,0,0,0,0,0,0,0,0	6,0,0,0,0,0,0,0,0,0	ok
-2.641368	-15.804837	-49.848591	0.893663	full	131504586847961235687181874578063117114329409897631406061666638548823646371904376997883815099845702	131504586847961235687181874578063117114329409897809799194990784798139272278599180563437425498868939	-1,0,0,0,0,0,0,0,0,0	6,0,0,0,0,0,0,0,0,0	ok
-2.638532	-15.804837	-45.110394	0.901590	continued:5	131504586847961235687181874578063117114329409897647623619241560935125066908876631867479597863393264	131504586847961235687181874578063117114329409897809799194990784798139272278599180563437425498868939	1,0,0,0,0,0,0,0,0,0	6,0,0,0,0,0,0,0,0,0	ok
-2.635696	-15.804837	-46.049843	0.898796	continued:5	131504586847961235687181874578063117114329409897647623619241560935125066908876631867479597863393264	131504586847961235687181874578063117114329409897809799194990784798139272278599180563437425498868939	1,0,0,0,0,0,0,0,0,0	6,0,0,0,0,0,0,0,0,0	ok
-2.632861	-15.804837	-47.019944	0.896003	continued:5	131504586847961235687181874578063117114329409897631406061666638548823646371904376997883815099845702	131504586847961235687181874578063117114329409897809799194990784798139272278599180563437425498868939	-1,0,0,0,0,0,0,0,0,0	6,0,0,0,0,0,0,0,0,0	ok
-2.630025	-15.804837	-48.003031	0.893337	continued:5	131504586847961235687181874578063117114329409897631406061666638548823646371904376997883815099845702	131504586847961235687181874578063117114329409897809799194990784798139272278599180563437425498868939	-1,0,0,0,0,0,0,0,0,0	6,0,0,0,0,0,0,0,0,0	ok
-2.627189	-15.804837	-48.972087	0.892295	continued:5	131504586847961235687181874578063117114329409897631406061666638548823646371904376997883815099845702	131504586847961235687181874578063117114329409897826016752565707184440692815571435433033208262416512	-1,0,0,0,0,0,0,0,0,0	-7,0,0,0,0,0,0,0,0,0	ok
-2.624354	-15.804837	-49.888603	0.892128	full	131504586847961235687181874578063117114329409897631406061666638548823646371904376997883815099845702	131504586847961235687181874578063117114329409897826016752565707184440692815571435433033208262416512	-1,0,0,0,0,0,0,0,0,0	-7,0,0,0,0,0,0,0,0,0	ok
-2.621518	-15.804837	-45.172470	0.899958	continued:5	131504586847961235687181874578063117114329409897647623619241560935125066908876631867479597863393264	131504586847961235687181874578063117114329409897842234310140629570742113352543690302628991025964086	1,0,0,0,0,0,0,0,0,0	7,0,0,0,0,0,0,0,0,0	ok
-2.618682	-15.804837	-46.112136	0.897165	continued:5	131504586847961235687181874578063117114329409897647623619241560935125066908876631867479597863393264	131504586847961235687181874578063117114329409897842234310140629570742113352543690302628991025964086	1,0,0,0,0,0,0,0,0,0	7,0,0,0,0,0,0,0,0,0	ok
-2.615847	-15.804837	-47.080242	0.894372	continued:5	131504586847961235687181874578063117114329409897631406061666638548823646371904376997883815099845702	131504586847961235687181874578063117114329409897842234310140629570742113352543690302628991025964086	-1,0,0,0,0,0,0,0,0,0	7,0,0,0,0,0,0,0,0,0	ok
-2.613011	-15.804837	-48.058674	0.891706	continued:5	131504586847961235687181874578063117114329409897631406061666638548823646371904376997883815099845702	131504586847961235687181874578063117114329409897842234310140629570742113352543690302628991025964086	-1,0,0,0,0,0,0,0,0,0	7,0,0,0,0,0,0,0,0,0	ok
-2.610175	-15.804837	-49.020572	0.890870	continued:5	131504586847961235687181874578063117114329409897631406061666638548823646371904376997883815099845702	131504586847961235687181874578063117114329409897842234310140629570742113352543690302628991025964086	-1,0,0,0,0,0,0,0,0,0	7,0,0,0,0,0,0,0,0,0	ok
-2.607339	-15.804837	-49.926633	0.889828	full	131504586847961235687181874578063117114329409897647623619241560935125066908876631867479597863393264	131504586847961235687181874578063117114329409897842234310140629570742113352543690302628991025964086	1,0,0,0,0,0,0,0,0,0	7,0,0,0,0,0,0,0,0,0	ok
-2.604504	-15.804837	-45.228287	0.898166	continued:5	131504586847961235687181874578063117114329409897647623619241560935125066908876631867479597863393264	131504586847961235687181874578063117114329409897842234310140629570742113352543690302628991025964086	1,0,0,0,0,0,0,0,0,0	7,0,0,0,0,0,0,0,0,0	ok
-2.601668	-15.804837	-46.169547	0.895373	continued:5	131504586847961235687181874578063117114329409897647623619241560935125066908876631867479597863393264	131504586847961235687181874578063117114329409897842234310140629570742113352543690302628991025964086	1,0,0,0,0,0,0,0,0,0	7,0,0,0,0,0,0,0,0,0	ok
-2.598832	-15.804837	-47.136916	0.892580	continued:5	131504586847961235687181874578063117114329409897631406061666638548823646371904376997883815099845702	131504586847961235687181874578063117114329409897842234310140629570742113352543690302628991025964086	-1,0,0,0,0,0,0,0,0,0	7,0,0,0,0,0,0,0,0,0	ok
-2.595997	-15.804837	-48.111903	0.890121	continued:5	131504586847961235687181874578063117114329409897631406061666638548823646371904376997883815099845702	131504586847961235687181874578063117114329409897842234310140629570742113352543690302628991025964086	-1,0,0,0,0,0,0,0,0,0	7,0,0,0,0,0,0,0,0,0	ok
-2.593161	-15.804837	-49.066240	0.889285	continued:5	131504586847961235687181874578063117114329409897631406061666638548823646371904376997883815099845702	131504586847961235687181874578063117114329409897842234310140629570742113352543690302628991025964086	-1,0,0,0,0,0,0,0,0,0	7,0,0,0,0,0,0,0,0,0	ok
-2.590325	-15.804837	-49.963076	0.887160	full	131504586847961235687181874578063117114329409897647623619241560935125066908876631867479597863393264	131504586847961235687181874578063117114329409897842234310140629570742113352543690302628991025964086	1,0,0,0,0,0,0,0,0,0	7,0,0,0,0,0,0,0,0,0	ok
-2.587490	-15.804837	-45.288327	0.896638	continued:5	131504586847961235687181874578063117114329409897647623619241560935125066908876631867479597863393264	131504586847961235687181874578063117114329409897842234310140629570742113352543690302628991025964086	1,0,0,0,0,0,0,0,0,0	7,0,0,0,0,0,0,0,0,0	ok
-2.584654	-15.804837	-46.228343	0.893844	continued:5	131504586847961235687181874578063117114329409897647623619241560935125066908876631867479597863393264	131504586847961235687181874578063117114329409897842234310140629570742113352543690302628991025964086	1,0,0,0,0,0,0,0,0,0	7,0,0,0,0,0,0,0,0,0	ok
-2.581818	-15.804837	-47.192341	0.891051	continued:5	131504586847961235687181874578063117114329409897631406061666638548823646371904376997883815099845702	131504586847961235687181874578063117114329409897842234310140629570742113352543690302628991025964086	-1,0,0,0,0,0,0,0,0,0	7,0,0,0,0,0,0,0,0,0	ok
-2.578982	-15.804837	-48.161526	0.888592	continued:5	131504586847961235687181874578063117114329409897631406061666638548823646371904376997883815099845702	131504586847961235687181874578063117114329409897842234310140629570742113352543690302628991025964086	-1,0,0,0,0,0,0,0,0,0	7,0,0,0,0,0,0,0,0,0	ok
-2.576147	-15.804837	-49.107903	0.887343	continued:5	131504586847961235687181874578063117114329409897631406061666638548823646371904376997883815099845702	131504586847961235687181874578063117114329409897842234310140629570742113352543690302628991025964086	-1,0,0,0,0,0,0,0,0,0	7,0,0,0,0,0,0,0,0,0	ok
-2.573311	-15.804837	-49.998233	0.884549	full	131504586847961235687181874578063117114329409897647623619241560935125066908876631867479597863393264	131504586847961235687181874578063117114329409897842234310140629570742113352543690302628991025964086	1,0,0,0,0,0,0,0,0,0	7,0,0,0,0,0,0,0,0,0	ok
-2.570475	-15.804837	-45.336913	0.894948	continued:5	131504586847961235687181874578063117114329409897647623619241560935125066908876631867479597863393264	131504586847961235687181874578063117114329409897842234310140629570742113352543690302628991025964086	1,0,0,0,0,0,0,0,0,0	7,0,0,0,0,0,0,0,0,0	ok
-2.567640	-15.804837	-46.277074	0.892155	continued:5	131504586847961235687181874578063117114329409897647623619241560935125066908876631867479597863393264	131504586847961235687181874578063117114329409897842234310140629570742113352543690302628991025964086	1,0,0,0,0,0,0,0,0,0	7,0,0,0,0,0,0,0,0,0	ok
-2.564804	-15.804837	-47.239046	0.889361	continued:5	131504586847961235687181874578063117114329409897631406061666638548823646371904376997883815099845702	131504586847961235687181874578063117114329409897842234310140629570742113352543690302628991025964086	-1,0,0,0,0,0,0,0,0,0	7,0,0,0,0,0,0,0,0,0	ok
-2.561968	-15.804837	-48.203842	0.886902	continued:5	131504586847961235687181874578063117114329409897631406061666638548823646371904376997883815099845702	131504586847961235687181874578063117114329409897842234310140629570742113352543690302628991025964086	-1,0,0,0,0,0,0,0,0,0	7,0,0,0,0,0,0,0,0,0	ok
-2.559133	-15.804837	-49.143748	0.884778	continued:5	131504586847961235687181874578063117114329409897647623619241560935125066908876631867479597863393264	131504586847961235687181874578063117114329409897842234310140629570742113352543690302628991025964086	1,0,0,0,0,0,0,0,0,0	7,0,0,0,0,0,0,0,0,0	ok
-2.556297	-15.804837	-50.032339	0.881984	full	131504586847961235687181874578063117114329409897647623619241560935125066908876631867479597863393264	131504586847961235687181874578063117114329409897842234310140629570742113352543690302628991025964086	1,0,0,0,0,0,0,0,0,0	7,0,0,0,0,0,0,0,0,0	ok
-2.553461	-15.804837	-45.385081	0.893296	continued:5	131504586847961235687181874578063117114329409897647623619241560935125066908876631867479597863393264	131504586847961235687181874578063117114329409897842234310140629570742113352543690302628991025964086	1,0,0,0,0,0,0,0,0,0	7,0,0,0,0,0,0,0,0,0	ok
-2.550626	-15.804837	-46.324849	0.890502	continued:5	131504586847961235687181874578063117114329409897647623619241560935125066908876631867479597863393264	131504586847961235687181874578063117114329409897842234310140629570742113352543690302628991025964086	1,0,0,0,0,0,0,0,0,0	7,0,0,0,0,0,0,0,0,0	ok
-2.547790	-15.804837	-47.284299	0.887709	continued:5	131504586847961235687181874578063117114329409897631406061666638548823646371904376997883815099845702	131504586847961235687181874578063117114329409897842234310140629570742113352543690302628991025964086	-1,0,0,0,0,0,0,0,0,0	7,0,0,0,0,0,0,0,0,0	ok
-2.544954	-15.804837	-48.244297	0.885043	continued:5	131504586847961235687181874578063117114329409897631406061666638548823646371904376997883815099845702	131504586847961235687181874578063117114329409897842234310140629570742113352543690302628991025964086	-1,0,0,0,0,0,0,0,0,0	7,0,0,0,0,0,0,0,0,0	ok
-2.542118	-15.804837	-49.179013	0.882250	continued:5	131504586847961235687181874578063117114329409897647623619241560935125066908876631867479597863393264	131504586847961235687181874578063117114329409897842234310140629570742113352543690302628991025964086	1,0,0,0,0,0,0,0,0,0	7,0,0,0,0,0,0,0,0,0	ok
-2.539283	-15.804837	-50.065576	0.879457	full	131504586847961235687181874578063117114329409897647623619241560935125066908876631867479597863393264	131504586847961235687181874578063117114329409897842234310140629570742113352543690302628991025964086	1,0,0,0,0,0,0,0,0,0	7,0,0,0,0,0,0,0,0,0	ok
-2.536447	-15.804837	-45.407914	0.890926	continued:5	131504586847961235687181874578063117114329409897647623619241560935125066908876631867479597863393264	131504586847961235687181874578063117114329409897842234310140629570742113352543690302628991025964086	1,0,0,0,0,0,0,0,0,0	7,0,0,0,0,0,0,0,0,0	ok
-2.533611	-15.804837	-46.354321	0.888133	continued:5	131504586847961235687181874578063117114329409897647623619241560935125066908876631867479597863393264	131504586847961235687181874578063117114329409897842234310140629570742113352543690302628991025964086	1,0,0,0,0,0,0,0,0,0	7,0,0,0,0,0,0,0,0,0	ok
-2.530776	-15.804837	-47.317817	0.885339	continued:5	131504586847961235687181874578063117114329409897631406061666638548823646371904376997883815099845702	131504586847961235687181874578063117114329409897842234310140629570742113352543690302628991025964086	-1,0,0,0,0,0,0,0,0,0	7,0,0,0,0,0,0,0,0,0	ok
-2.527940	-15.804837	-48.279201	0.882546	continued:5	131504586847961235687181874578063117114329409897647623619241560935125066908876631867479597863393264	131504586847961235687181874578063117114329409897842234310140629570742113352543690302628991025964086	1,0,0,0,0,0,0,0,0,0	7,0,0,0,0,0,0,0,0,0	ok
-2.525104	-15.804837	-49.213800	0.879753	continued:5	131504586847961235687181874578063117114329409897647623619241560935125066908876631867479597863393264	131504586847961235687181874578063117114329409897842234310140629570742113352543690302628991025964086	1,0,0,0,0,0,0,0,0,0	7,0,0,0,0,0,0,0,0,0	ok
-2.522269	-15.804837	-50.098090	0.876959	full	131504586847961235687181874578063117114329409897647623619241560935125066908876631867479597863393264	131504586847961235687181874578063117114329409897842234310140629570742113352543690302628991025964086	1,0,0,0,0,0,0,0,0,0	7,0,0,0,0,0,0,0,0,0	ok
-2.519433	-15.804837	-45.302294	0.890627	continued:5	131504586847961235687181874578063117114329409897647623619241560935125066908876631867479597863393264	131504586847961235687181874578063117114329409897842234310140629570742113352543690302628991025964086	1,0,0,0,0,0,0,0,0,0	7,0,0,0,0,0,0,0,0,0	ok
-2.516597	-15.804837	-46.234928	0.887834	continued:5	131504586847961235687181874578063117114329409897647623619241560935125066908876631867479597863393264	131504586847961235687181874578063117114329409897842234310140629570742113352543690302628991025964086	1,0,0,0,0,0,0,0,0,0	7,0,0,0,0,0,0,0,0,0	ok
-2.513761	-15.804837	-47.185711	0.885040	continued:5	131504586847961235687181874578063117114329409897631406061666638548823646371904376997883815099845702	131504586847961235687181874578063117114329409897842234310140629570742113352543690302628991025964086	-1,0,0,0,0,0,0,0,0,0	7,0,0,0,0,0,0,0,0,0	ok
-2.510926	-15.804837	-48.137075	0.882375	continued:5	131504586847961235687181874578063117114329409897631406061666638548823646371904376997883815099845702	131504586847961235687181874578063117114329409897842234310140629570742113352543690302628991025964086	-1,0,0,0,0,0,0,0,0,0	7,0,0,0,0,0,0,0,0,0	ok
-2.508090	-15.804837	-49.064325	0.881332	continued:5	131504586847961235687181874578063117114329409897631406061666638548823646371904376997883815099845702	131504586847961235687181874578063117114329409897842234310140629570742113352543690302628991025964086	-1,0,0,0,0,0,0,0,0,0	7,0,0,0,0,0,0,0,0,0	ok
-2.505254	-15.804837	-49.932709	0.881165	full	131504586847961235687181874578063117114329409897631406061666638548823646371904376997883815099845702	131504586847961235687181874578063117114329409897842234310140629570742113352543690302628991025964086	-1,0,0,0,0,0,0,0,0,0	7,0,0,0,0,0,0,0,0,0	ok
-2.502419	-15.804837	-45.360166	0.889037	continued:5	131504586847961235687181874578063117114329409897647623619241560935125066908876631867479597863393264	131504586847961235687181874578063117114329409897842234310140629570742113352543690302628991025964086	1,0,0,0,0,0,0,0,0,0	7,0,0,0,0,0,0,0,0,0	ok
-2.499583	-15.804837	-46.291622	0.886244	continued:5	131504586847961235687181874578063117114329409897647623619241560935125066908876631867479597863393264	131504586847961235687181874578063117114329409897842234310140629570742113352543690302628991025964086	1,0,0,0,0,0,0,0,0,0	7,0,0,0,0,0,0,0,0,0	ok
-2.496747	-15.804837	-47.239142	0.883451	continued:5	131504586847961235687181874578063117114329409897631406061666638548823646371904376997883815099845702	131504586847961235687181874578063117114329409897842234310140629570742113352543690302628991025964086	-1,0,0,0,0,0,0,0,0,0	7,0,0,0,0,0,0,0,0,0	ok
-2.493912	-15.804837	-48.184931	0.880785	continued:5	131504586847961235687181874578063117114329409897631406061666638548823646371904376997883815099845702	131504586847961235687181874578063117114329409897842234310140629570742113352543690302628991025964086	-1,0,0,0,0,0,0,0,0,0	7,0,0,0,0,0,0,0,0,0	ok
-2.491076	-15.804837	-49.104589	0.879742	continued:5	131504586847961235687181874578063117114329409897631406061666638548823646371904376997883815099845702	131504586847961235687181874578063117114329409897842234310140629570742113352543690302628991025964086	-1,0,0,0,0,0,0,0,0,0	7,0,0,0,0,0,0,0,0,0	ok
-2.488240	-15.804837	-49.964029	0.879575	full	131504586847961235687181874578063117114329409897631406061666638548823646371904376997883815099845702	131504586847961235687181874578063117114329409897842234310140629570742113352543690302628991025964086	-1,0,0,0,0,0,0,0,0,0	7,0,0,0,0,0,0,0,0,0	ok
-2.485405	-15.804837	-45.412199	0.887233	continued:5	131504586847961235687181874578063117114329409897647623619241560935125066908876631867479597863393264	131504586847961235687181874578063117114329409897842234310140629570742113352543690302628991025964086	1,0,0,0,0,0,0,0,0,0	7,0,0,0,0,0,0,0,0,0	ok
-2.482569	-15.804837	-46.344472	0.884440	continued:5	131504586847961235687181874578063117114329409897647623619241560935125066908876631867479597863393264	131504586847961235687181874578063117114329409897842234310140629570742113352543690302628991025964086	1,0,0,0,0,0,0,0,0,0	7,0,0,0,0,0,0,0,0,0	ok
-2.479733	-15.804837	-47.290547	0.881646	continued:5	131504586847961235687181874578063117114329409897631406061666638548823646371904376997883815099845702	131504586847961235687181874578063117114329409897842234310140629570742113352543690302628991025964086	-1,0,0,0,0,0,0,0,0,0	7,0,0,0,0,0,0,0,0,0	ok
-2.476897	-15.804837	-48.232444	0.879187	continued:5	131504586847961235687181874578063117114329409897631406061666638548823646371904376997883815099845702	131504586847961235687181874578063117114329409897842234310140629570742113352543690302628991025964086	-1,0,0,0,0,0,0,0,0,0	7,0,0,0,0,0,0,0,0,0	ok
-2.474062	-15.804837	-49.144458	0.878145	continued:5	131504586847961235687181874578063117114329409897631406061666638548823646371904376997883815099845702	131504586847961235687181874578063117114329409897842234310140629570742113352543690302628991025964086	-1,0,0,0,0,0,0,0,0,0	7,0,0,0,0,0,0,0,0,0	ok
-2.471226	-15.804837	-49.994958	0.877978	full	131504586847961235687181874578063117114329409897631406061666638548823646371904376997883815099845702	131504586847961235687181874578063117114329409897842234310140629570742113352543690302628991025964086	-1,0,0,0,0,0,0,0,0,0	7,0,0,0,0,0,0,0,0,0	ok
-2.468390	-15.804837	-45.470191	0.885629	continued:5	131504586847961235687181874578063117114329409897647623619241560935125066908876631867479597863393264	131504586847961235687181874578063117114329409897842234310140629570742113352543690302628991025964086	1,0,0,0,0,0,0,0,0,0	7,0,0,0,0,0,0,0,0,0	ok
-2.465555	-15.804837	-46.401048	0.882836	continued:5	131504586847961235687181874578063117114329409897647623619241560935125066908876631867479597863393264	131504586847961235687181874578063117114329409897842234310140629570742113352543690302628991025964086	1,0,0,0,0,0,0,0,0,0	7,0,0,0,0,0,0,0,0,0	ok
-2.462719	-15.804837	-47.343599	0.880042	continued:5	131504586847961235687181874578063117114329409897631406061666638548823646371904376997883815099845702	131504586847961235687181874578063117114329409897842234310140629570742113352543690302628991025964086	-1,0,0,0,0,0,0,0,0,0	7,0,0,0,0,0,0,0,0,0	ok
-2.459883	-15.804837	-48.279705	0.877583	continued:5	131504586847961235687181874578063117114329409897631406061666638548823646371904376997883815099845702	131504586847961235687181874578063117114329409897842234310140629570742113352543690302628991025964086	-1,0,0,0,0,0,0,0,0,0	7,0,0,0,0,0,0,0,0,0	ok
-2.457048	-15.804837	-49.184010	0.876541	continued:5	131504586847961235687181874578063117114329409897631406061666638548823646371904376997883815099845702	131504586847961235687181874578063117114329409897842234310140629570742113352543690302628991025964086	-1,0,0,0,0,0,0,0,0,0	7,0,0,0,0,0,0,0,0,0	ok
-2.454212	-15.804837	-50.025556	0.876374	full	131504586847961235687181874578063117114329409897631406061666638548823646371904376997883815099845702	131504586847961235687181874578063117114329409897842234310140629570742113352543690302628991025964086	-1,0,0,0,0,0,0,0,0,0	7,0,0,0,0,0,0,0,0,0	ok
-2.451376	-15.804837	-45.524273	0.883905	continued:5	131504586847961235687181874578063117114329409897647623619241560935125066908876631867479597863393264	131504586847961235687181874578063117114329409897842234310140629570742113352543690302628991025964086	1,0,0,0,0,0,0,0,0,0	7,0,0,0,0,0,0,0,0,0	ok
-2.448540	-15.804837	-46.454756	0.881112	continued:5	131504586847961235687181874578063117114329409897647623619241560935125066908876631867479597863393264	131504586847961235687181874578063117114329409897842234310140629570742113352543690302628991025964086	1,0,0,0,0,0,0,0,0,0	7,0,0,0,0,0,0,0,0,0	ok
-2.445705	-15.804837	-47.394734	0.878318	continued:5	131504586847961235687181874578063117114329409897631406061666638548823646371904376997883815099845702	131504586847961235687181874578063117114329409897842234310140629570742113352543690302628991025964086	-1,0,0,0,0,0,0,0,0,0	7,0,0,0,0,0,0,0,0,0	ok
-2.442869	-15.804837	-48.325953	0.875859	continued:5	131504586847961235687181874578063117114329409897631406061666638548823646371904376997883815099845702	131504586847961235687181874578063117114329409897842234310140629570742113352543690302628991025964086	-1,0,0,0,0,0,0,0,0,0	7,0,0,0,0,0,0,0,0,0	ok
-2.440033	-15.804837	-49.223404	0.874945	continued:5	131504586847961235687181874578063117114329409897631406061666638548823646371904376997883815099845702	131504586847961235687181874578063117114329409897842234310140629570742113352543690302628991025964086	-1,0,0,0,0,0,0,0,0,0	7,0,0,0,0,0,0,0,0,0	ok
-2.437198	-15.804837	-50.055876	0.874443	full	131504586847961235687181874578063117114329409897631406061666638548823646371904376997883815099845702	131504586847961235687181874578063117114329409897842234310140629570742113352543690302628991025964086	-1,0,0,0,0,0,0,0,0,0	7,0,0,0,0,0,0,0,0,0	ok
-2.434362	-15.804837	-45.581042	0.882188	continued:5	131504586847961235687181874578063117114329409897647623619241560935125066908876631867479597863393264	131504586847961235687181874578063117114329409897842234310140629570742113352543690302628991025964086	1,0,0,0,0,0,0,0,0,0	7,0,0,0,0,0,0,0,0,0	ok
-2.431526	-15.804837	-46.510863	0.879395	continued:5	131504586847961235687181874578063117114329409897631406061666638548823646371904376997883815099845702	131504586847961235687181874578063117114329409897842234310140629570742113352543690302628991025964086	-1,0,0,0,0,0,0,0,0,0	7,0,0,0,0,0,0,0,0,0	ok
-2.428691	-15.804837	-47.447956	0.876601	continued:5	131504586847961235687181874578063117114329409897631406061666638548823646371904376997883815099845702	131504586847961235687181874578063117114329409897842234310140629570742113352543690302628991025964086	-1,0,0,0,0,0,0,0,0,0	7,0,0,0,0,0,0,0,0,0	ok
-2.425855	-15.804837	-48.373971	0.874270	continued:5	131504586847961235687181874578063117114329409897631406061666638548823646371904376997883815099845702	131504586847961235687181874578063117114329409897842234310140629570742113352543690302628991025964086	-1,0,0,0,0,0,0,0,0,0	7,0,0,0,0,0,0,0,0,0	ok
-2.423019	-15.804837	-49.263297	0.873434	continued:5	131504586847961235687181874578063117114329409897631406061666638548823646371904376997883815099845702	131504586847961235687181874578063117114329409897842234310140629570742113352543690302628991025964086	-1,0,0,0,0,0,0,0,0,0	7,0,0,0,0,0,0,0,0,0	ok
-2.420183	-15.804837	-50.085959	0.872057	full	131504586847961235687181874578063117114329409897631406061666638548823646371904376997883815099845702	131504586847961235687181874578063117114329409897842234310140629570742113352543690302628991025964086	-1,0,0,0,0,0,0,0,0,0	7,0,0,0,0,0,0,0,0,0	ok
-2.417348	-15.804837	-45.639292	0.880556	continued:5	131504586847961235687181874578063117114329409897647623619241560935125066908876631867479597863393264	131504586847961235687181874578063117114329409897842234310140629570742113352543690302628991025964086	1,0,0,0,0,0,0,0,0,0	7,0,0,0,0,0,0,0,0,0	ok
-2.414512	-15.804837	-46.567401	0.877762	continued:5	131504586847961235687181874578063117114329409897631406061666638548823646371904376997883815099845702	131504586847961235687181874578063117114329409897842234310140629570742113352543690302628991025964086	-1,0,0,0,0,0,0,0,0,0	7,0,0,0,0,0,0,0,0,0	ok
-2.411676	-15.804837	-47.500643	0.874969	continued:5	131504586847961235687181874578063117114329409897631406061666638548823646371904376997883815099845702	131504586847961235687181874578063117114329409897842234310140629570742113352543690302628991025964086	-1,0,0,0,0,0,0,0,0,0	7,0,0,0,0,0,0,0,0,0	ok
-2.408841	-15.804837	-48.420611	0.872638	continued:5	131504586847961235687181874578063117114329409897631406061666638548823646371904376997883815099845702	131504586847961235687181874578063117114329409897842234310140629570742113352543690302628991025964086	-1,0,0,0,0,0,0,0,0,0	7,0,0,0,0,0,0,0,0,0	ok
-2.406005	-15.804837	-49.302107	0.871802	continued:5	131504586847961235687181874578063117114329409897631406061666638548823646371904376997883815099845702	131504586847961235687181874578063117114329409897842234310140629570742113352543690302628991025964086	-1,0,0,0,0,0,0,0,0,0	7,0,0,0,0,0,0,0,0,0	ok
-2.403169	-15.804837	-50.115844	0.869677	full	131504586847961235687181874578063117114329409897647623619241560935125066908876631867479597863393264	131504586847961235687181874578063117114329409897842234310140629570742113352543690302628991025964086	1,0,0,0,0,0,0,0,0,0	7,0,0,0,0,0,0,0,0,0	ok
-2.400334	-15.804837	-45.694676	0.878849	continued:5	131504586847961235687181874578063117114329409897647623619241560935125066908876631867479597863393264	131504586847961235687181874578063117114329409897842234310140629570742113352543690302628991025964086	1,0,0,0,0,0,0,0,0,0	7,0,0,0,0,0,0,0,0,0	ok
-2.397498	-15.804837	-46.621655	0.876055	continued:5	131504586847961235687181874578063117114329409897631406061666638548823646371904376997883815099845702	131504586847961235687181874578063117114329409897842234310140629570742113352543690302628991025964086	-1,0,0,0,0,0,0,0,0,0	7,0,0,0,0,0,0,0,0,0	ok
-2.394662	-15.804837	-47.551583	0.873262	continued:5	131504586847961235687181874578063117114329409897631406061666638548823646371904376997883815099845702	131504586847961235687181874578063117114329409897842234310140629570742113352543690302628991025964086	-1,0,0,0,0,0,0,0,0,0	7,0,0,0,0,0,0,0,0,0	ok
-2.391827	-15.804837	-48.466037	0.870931	continued:5	131504586847961235687181874578063117114329409897631406061666638548823646371904376997883815099845702	131504586847961235687181874578063117114329409897842234310140629570742113352543690302628991025964086	-1,0,0,0,0,0,0,0,0,0	7,0,0,0,0,0,0,0,0,0	ok
-2.388991	-15.804837	-49.340235	0.870095	continued:5	131504586847961235687181874578063117114329409897631406061666638548823646371904376997883815099845702	131504586847961235687181874578063117114329409897842234310140629570742113352543690302628991025964086	-1,0,0,0,0,0,0,0,0,0	7,0,0,0,0,0,0,0,0,0	ok
-2.386155	-15.804837	-50.145560	0.867302	full	131504586847961235687181874578063117114329409897647623619241560935125066908876631867479597863393264	131504586847961235687181874578063117114329409897842234310140629570742113352543690302628991025964086	1,0,0,0,0,0,0,0,0,0	7,0,0,0,0,0,0,0,0,0	ok
-2.383319	-15.804837	-45.745265	0.877145	continued:5	131504586847961235687181874578063117114329409897647623619241560935125066908876631867479597863393264	131504586847961235687181874578063117114329409897842234310140629570742113352543690302628991025964086	1,0,0,0,0,0,0,0,0,0	7,0,0,0,0,0,0,0,0,0	ok
-2.380484	-15.804837	-46.670980	0.874352	continued:5	131504586847961235687181874578063117114329409897631406061666638548823646371904376997883815099845702	131504586847961235687181874578063117114329409897842234310140629570742113352543690302628991025964086	-1,0,0,0,0,0,0,0,0,0	7,0,0,0,0,0,0,0,0,0	ok
-2.377648	-15.804837	-47.597537	0.871558	continued:5	131504586847961235687181874578063117114329409897631406061666638548823646371904376997883815099845702	131504586847961235687181874578063117114329409897842234310140629570742113352543690302628991025964086	-1,0,0,0,0,0,0,0,0,0	7,0,0,0,0,0,0,0,0,0	ok
-2.374812	-15.804837	-48.506551	0.869306	continued:5	131504586847961235687181874578063117114329409897631406061666638548823646371904376997883815099845702	131504586847961235687181874578063117114329409897842234310140629570742113352543690302628991025964086	-1,0,0,0,0,0,0,0,0,0	7,0,0,0,0,0,0,0,0,0	ok
-2.371977	-15.804837	-49.373077	0.867722	continued:5	131504586847961235687181874578063117114329409897631406061666638548823646371904376997883815099845702	131504586847961235687181874578063117114329409897842234310140629570742113352543690302628991025964086	-1,0,0,0,0,0,0,0,0,0	7,0,0,0,0,0,0,0,0,0	ok
-2.369141	-15.804837	-50.175135	0.864929	full	131504586847961235687181874578063117114329409897647623619241560935125066908876631867479597863393264	131504586847961235687181874578063117114329409897842234310140629570742113352543690302628991025964086	1,0,0,0,0,0,0,0,0,0	7,0,0,0,0,0,0,0,0,0	ok
-2.366305	-15.804837	-45.795750	0.875443	continued:5	131504586847961235687181874578063117114329409897647623619241560935125066908876631867479597863393264	16217557574922386301420616704823932492379173233557	1,0,0,0,0,0,0,0,0,0	7,0,0,0,0,0,0,0,0	ok
-2.363470	-15.804837	-46.720016	0.872650	continued:5	131504586847961235687181874578063117114329409897631406061666638548823646371904376997883815099845702	131504586847961235687181874578063117114329409897842234310140629570742113352543690302628991025964086	-1,0,0,0,0,0,0,0,0,0	7,0,0,0,0,0,0,0,0,0	ok
-2.360634	-15.804837	-47.643031	0.869857	continued:5	131504586847961235687181874578063117114329409897631406061666638548823646371904376997883815099845702	131504586847961235687181874578063117114329409897842234310140629570742113352543690302628991025964086	-1,0,0,0,0,0,0,0,0,0	7,0,0,0,0,0,0,0,0,0	ok
-2.357798	-15.804837	-48.546480	0.867604	continued:5	131504586847961235687181874578063117114329409897631406061666638548823646371904376997883815099845702	16217557574922386301420616704823932492379173233557	-1,0,0,0,0,0,0,0,0,0	7,0,0,0,0,0,0,0,0	ok
-2.354962	-15.804837	-49.405865	0.865352	continued:5	131504586847961235687181874578063117114329409897631406061666638548823646371904376997883815099845702	131504586847961235687181874578063117114329409897842234310140629570742113352543690302628991025964086	-1,0,0,0,0,0,0,0,0,0	7,0,0,0,0,0,0,0,0,0	ok
-2.352127	-15.804837	-50.204592	0.862559	full	131504586847961235687181874578063117114329409897647623619241560935125066908876631867479597863393264	5695183504539863494167857	1,0,0,0,0,0,0,0,0,0	7,0,0,0,0,0,0,0	ok
-2.349291	-15.804837	-45.844266	0.873694	continued:5	131504586847961235687181874578063117114329409897647623619241560935125066908876631867479597863393264	5695183504539863494167857	1,0,0,0,0,0,0,0,0,0	7,0,0,0,0,0,0,0	ok
-2.346455	-15.804837	-46.767420	0.870901	continued:5	131504586847961235687181874578063117114329409897631406061666638548823646371904376997883815099845702	131504586847961235687181874578063117114329409897842234310140629570742113352543690302628991025964086	-1,0,0,0,0,0,0,0,0,0	7,0,0,0,0,0,0,0,0,0	ok
-2.343620	-15.804837	-47.687213	0.868107	continued:5	131504586847961235687181874578063117114329409897631406061666638548823646371904376997883815099845702	5695183504539863494167857	-1,0,0,0,0,0,0,0,0,0	7,0,0,0,0,0,0,0	ok
-2.340784	-15.804837	-48.585428	0.865776	continued:5	131504586847961235687181874578063117114329409897631406061666638548823646371904376997883815099845702	5695183504539863494167857	-1,0,0,0,0,0,0,0,0,0	7,0,0,0,0,0,0,0	ok
-2.337948	-15.804837	-49.438612	0.862983	continued:5	131504586847961235687181874578063117114329409897647623619241560935125066908876631867479597863393264	131504586847961235687181874578063117114329409897842234310140629570742113352543690302628991025964086	1,0,0,0,0,0,0,0,0,0	7,0,0,0,0,0,0,0,0,0	ok
-2.335113	-15.804837	-50.233952	0.860189	full	131504586847961235687181874578063117114329409897647623619241560935125066908876631867479597863393264	3374998151836	1,0,0,0,0,0,0,0,0,0	7,0,0,0,0,0,0	ok
-2.332277	-15.804837	-45.883819	0.871787	continued:5	131504586847961235687181874578063117114329409897647623619241560935125066908876631867479597863393264	131504586847961235687181874578063117114329409897842234310140629570742113352543690302628991025964086	1,0,0,0,0,0,0,0,0,0	7,0,0,0,0,0,0,0,0,0	ok
-2.329441	-15.804837	-46.807435	0.868994	continued:5	131504586847961235687181874578063117114329409897631406061666638548823646371904376997883815099845702	5695183504539863494167857	-1,0,0,0,0,0,0,0,0,0	7,0,0,0,0,0,0,0	ok
-2.326606	-15.804837	-47.725524	0.866200	continued:5	131504586847961235687181874578063117114329409897631406061666638548823646371904376997883815099845702	16217557574922386301420616704823932492379173233557	-1,0,0,0,0,0,0,0,0,0	7,0,0,0,0,0,0,0,0	ok
-2.323770	-15.804837	-48.620003	0.863407	continued:5	131504586847961235687181874578063117114329409897631406061666638548823646371904376997883815099845702	16217557574922386301420616704823932492379173233557	-1,0,0,0,0,0,0,0,0,0	7,0,0,0,0,0,0,0,0	ok
-2.320934	-15.804837	-49.471331	0.860614	continued:5	131504586847961235687181874578063117114329409897647623619241560935125066908876631867479597863393264	3374998151836	1,0,0,0,0,0,0,0,0,0	7,0,0,0,0,0,0	ok
-2.318098	-15.804837	-50.263232	0.857820	full	131504586847961235687181874578063117114329409897647623619241560935125066908876631867479597863393264	3374998151836	1,0,0,0,0,0,0,0,0,0	7,0,0,0,0,0,0	ok
-2.315263	-15.804837	-45.738620	0.870921	continued:5	131504586847961235687181874578063117114329409897647623619241560935125066908876631867479597863393264	2630057	1,0,0,0,0,0,0,0,0,0	7,0,0,0,0,0	ok
-2.312427	-15.804837	-46.657191	0.868128	continued:5	131504586847961235687181874578063117114329409897631406061666638548823646371904376997883815099845702	2630057	-1,0,0,0,0,0,0,0,0,0	7,0,0,0,0,0	ok
-2.309591	-15.804837	-47.571610	0.865335	continued:5	131504586847961235687181874578063117114329409897631406061666638548823646371904376997883815099845702	2630057	-1,0,0,0,0,0,0,0,0,0	7,0,0,0,0,0	ok
-2.306756	-15.804837	-48.464988	0.862876	continued:5	131504586847961235687181874578063117114329409897631406061666638548823646371904376997883815099845702	3374998151836	-1,0,0,0,0,0,0,0,0,0	7,0,0,0,0,0,0	ok
-2.303920	-15.804837	-49.315556	0.861961	continued:5	131504586847961235687181874578063117114329409897631406061666638548823646371904376997883815099845702	2630057	-1,0,0,0,0,0,0,0,0,0	7,0,0,0,0,0	ok
-2.301084	-15.804837	-50.096158	0.861587	full	131504586847961235687181874578063117114329409897631406061666638548823646371904376997883815099845702	131504586847961235687181874578063117114329409897842234310140629570742113352543690302628991025964086	-1,0,0,0,0,0,0,0,0,0	7,0,0,0,0,0,0,0,0,0	ok
-2.298249	-15.804837	-45.794054	0.869168	continued:5	131504586847961235687181874578063117114329409897647623619241560935125066908876631867479597863393264	3374998151836	1,0,0,0,0,0,0,0,0,0	7,0,0,0,0,0,0	ok
-2.295413	-15.804837	-46.711331	0.866374	continued:5	131504586847961235687181874578063117114329409897631406061666638548823646371904376997883815099845702	3374998151836	-1,0,0,0,0,0,0,0,0,0	7,0,0,0,0,0,0	ok
-2.292577	-15.804837	-47.622333	0.863581	continued:5	131504586847961235687181874578063117114329409897631406061666638548823646371904376997883815099845702	3374998151836	-1,0,0,0,0,0,0,0,0,0	7,0,0,0,0,0,0	ok
-2.289741	-15.804837	-48.510218	0.861122	continued:5	131504586847961235687181874578063117114329409897631406061666638548823646371904376997883815099845702	2630057	-1,0,0,0,0,0,0,0,0,0	7,0,0,0,0,0	ok
-2.286906	-15.804837	-49.353647	0.860286	continued:5	131504586847961235687181874578063117114329409897631406061666638548823646371904376997883815099845702	3374998151836	-1,0,0,0,0,0,0,0,0,0	7,0,0,0,0,0,0	ok
-2.284070	-15.804837	-50.125544	0.859912	full	131504586847961235687181874578063117114329409897631406061666638548823646371904376997883815099845702	2630057	-1,0,0,0,0,0,0,0,0,0	7,0,0,0,0,0	ok
-2.281234	-15.804837	-45.852754	0.867482	continued:5	131504586847961235687181874578063117114329409897647623619241560935125066908876631867479597863393264	2630057	1,0,0,0,0,0,0,0,0,0	7,0,0,0,0,0	ok
-2.278399	-15.804837	-46.767798	0.864688	continued:5	131504586847961235687181874578063117114329409897631406061666638548823646371904376997883815099845702	2630057	-1,0,0,0,0,0,0,0,0,0	7,0,0,0,0,0	ok
-2.275563	-15.804837	-47.674503	0.861895	continued:5	131504586847961235687181874578063117114329409897631406061666638548823646371904376997883815099845702	2630057	-1,0,0,0,0,0,0,0,0,0	7,0,0,0,0,0	ok
-2.272727	-15.804837	-48.556096	0.859436	continued:5	131504586847961235687181874578063117114329409897631406061666638548823646371904376997883815099845702	2630057	-1,0,0,0,0,0,0,0,0,0	7,0,0,0,0,0	ok
-2.269892	-15.804837	-49.391703	0.858600	continued:5	131504586847961235687181874578063117114329409897631406061666638548823646371904376997883815099845702	2630057	-1,0,0,0,0,0,0,0,0,0	7,0,0,0,0,0	ok
-2.267056	-15.804837	-50.154908	0.858226	full	131504586847961235687181874578063117114329409897631406061666638548823646371904376997883815099845702	2630057	-1,0,0,0,0,0,0,0,0,0	7,0,0,0,0,0	ok
-2.264220	-15.804837	-45.908666	0.865670	continued:5	131504586847961235687181874578063117114329409897647623619241560935125066908876631867479597863393264	2630057	1,0,0,0,0,0,0,0,0,0	7,0,0,0,0,0	ok
-2.261384	-15.804837	-46.822582	0.862876	continued:5	131504586847961235687181874578063117114329409897631406061666638548823646371904376997883815099845702	2630057	-1,0,0,0,0,0,0,0,0,0	7,0,0,0,0,0	ok
-2.258549	-15.804837	-47.725988	0.860083	continued:5	131504586847961235687181874578063117114329409897631406061666638548823646371904376997883815099845702	2630057	-1,0,0,0,0,0,0,0,0,0	7,0,0,0,0,0	ok
-2.255713	-15.804837	-48.602203	0.857752	continued:5	131504586847961235687181874578063117114329409897631406061666638548823646371904376997883815099845702	2630057	-1,0,0,0,0,0,0,0,0,0	7,0,0,0,0,0	ok
-2.252877	-15.804837	-49.429840	0.856916	continued:5	131504586847961235687181874578063117114329409897631406061666638548823646371904376997883815099845702	2630057	-1,0,0,0,0,0,0,0,0,0	7,0,0,0,0,0	ok
-2.250042	-15.804837	-50.184259	0.856542	full	131504586847961235687181874578063117114329409897631406061666638548823646371904376997883815099845702	2630057	-1,0,0,0,0,0,0,0,0,0	7,0,0,0,0,0	ok
-2.247206	-15.804837	-45.965926	0.863889	continued:5	131504586847961235687181874578063117114329409897647623619241560935125066908876631867479597863393264	2630057	1,0,0,0,0,0,0,0,0,0	7,0,0,0,0,0	ok
-2.244370	-15.804837	-46.878183	0.861095	continued:5	131504586847961235687181874578063117114329409897631406061666638548823646371904376997883815099845702	2630057	-1,0,0,0,0,0,0,0,0,0	7,0,0,0,0,0	ok
-2.241535	-15.804837	-47.777795	0.858302	continued:5	131504586847961235687181874578063117114329409897631406061666638548823646371904376997883815099845702	2630057	-1,0,0,0,0,0,0,0,0,0	7,0,0,0,0,0	ok
-2.238699	-15.804837	-48.648205	0.856050	continued:5	131504586847961235687181874578063117114329409897631406061666638548823646371904376997883815099845702	2630057	-1,0,0,0,0,0,0,0,0,0	7,0,0,0,0,0	ok
-2.235863	-15.804837	-49.467906	0.855214	continued:5	131504586847961235687181874578063117114329409897631406061666638548823646371904376997883815099845702	2630057	-1,0,0,0,0,0,0,0,0,0	7,0,0,0,0,0	ok
-2.233028	-15.804837	-50.213606	0.854840	full	131504586847961235687181874578063117114329409897631406061666638548823646371904376997883815099845702	2630057	-1,0,0,0,0,0,0,0,0,0	7,0,0,0,0,0	ok
-2.230192	-15.804837	-46.023562	0.862136	continued:5	131504586847961235687181874578063117114329409897647623619241560935125066908876631867479597863393264	2630057	1,0,0,0,0,0,0,0,0,0	7,0,0,0,0,0	ok
-2.227356	-15.804837	-46.933679	0.859342	continued:5	131504586847961235687181874578063117114329409897631406061666638548823646371904376997883815099845702	2630057	-1,0,0,0,0,0,0,0,0,0	7,0,0,0,0,0	ok
-2.224520	-15.804837	-47.829068	0.856549	continued:5	131504586847961235687181874578063117114329409897631406061666638548823646371904376997883815099845702	2630057	-1,0,0,0,0,0,0,0,0,0	7,0,0,0,0,0	ok
-2.221685	-15.804837	-48.693324	0.854218	continued:5	131504586847961235687181874578063117114329409897631406061666638548823646371904376997883815099845702	2630057	-1,0,0,0,0,0,0,0,0,0	7,0,0,0,0,0	ok
-2.218849	-15.804837	-49.506039	0.853510	continued:5	131504586847961235687181874578063117114329409897631406061666638548823646371904376997883815099845702	2630057	-1,0,0,0,0,0,0,0,0,0	7,0,0,0,0,0	ok
-2.216013	-15.804837	-50.242957	0.853136	full	131504586847961235687181874578063117114329409897631406061666638548823646371904376997883815099845702	2630057	-1,0,0,0,0,0,0,0,0,0	7,0,0,0,0,0	ok
-2.213178	-15.804837	-46.083597	0.860404	continued:5	131504586847961235687181874578063117114329409897647623619241560935125066908876631867479597863393264	2630057	1,0,0,0,0,0,0,0,0,0	7,0,0,0,0,0	ok
-2.210342	-15.804837	-46.991094	0.857610	continued:5	131504586847961235687181874578063117114329409897631406061666638548823646371904376997883815099845702	2630057	-1,0,0,0,0,0,0,0,0,0	7,0,0,0,0,0	ok
-2.207506	-15.804837	-47.881796	0.854817	continued:5	131504586847961235687181874578063117114329409897631406061666638548823646371904376997883815099845702	2630057	-1,0,0,0,0,0,0,0,0,0	7,0,0,0,0,0	ok
-2.204671	-15.804837	-48.739476	0.852565	continued:5	131504586847961235687181874578063117114329409897631406061666638548823646371904376997883815099845702	2630057	-1,0,0,0,0,0,0,0,0,0	7,0,0,0,0,0	ok
-2.201835	-15.804837	-49.543647	0.851729	continued:5	131504586847961235687181874578063117114329409897631406061666638548823646371904376997883815099845702	2630057	-1,0,0,0,0,0,0,0,0,0	7,0,0,0,0,0	ok
-2.198999	-15.804837	-50.272320	0.850893	full	131504586847961235687181874578063117114329409897631406061666638548823646371904376997883815099845702	2630057	-1,0,0,0,0,0,0,0,0,0	7,0,0,0,0,0	ok
-2.196163	-15.804837	-46.138843	0.858510	continued:5	131504586847961235687181874578063117114329409897647623619241560935125066908876631867479597863393264	2630057	1,0,0,0,0,0,0,0,0,0	7,0,0,0,0,0	ok
-2.193328	-15.804837	-47.045240	0.855717	continued:5	131504586847961235687181874578063117114329409897631406061666638548823646371904376997883815099845702	2630057	-1,0,0,0,0,0,0,0,0,0	7,0,0,0,0,0	ok
-2.190492	-15.804837	-47.932651	0.852923	continued:5	131504586847961235687181874578063117114329409897631406061666638548823646371904376997883815099845702	2630057	-1,0,0,0,0,0,0,0,0,0	7,0,0,0,0,0	ok
-2.187656	-15.804837	-48.785044	0.850799	continued:5	131504586847961235687181874578063117114329409897631406061666638548823646371904376997883815099845702	2630057	-1,0,0,0,0,0,0,0,0,0	7,0,0,0,0,0	ok
-2.184821	-15.804837	-49.581469	0.849963	continued:5	131504586847961235687181874578063117114329409897631406061666638548823646371904376997883815099845702	2630057	-1,0,0,0,0,0,0,0,0,0	7,0,0,0,0,0	ok
-2.181985	-15.804837	-50.301700	0.848507	full	131504586847961235687181874578063117114329409897631406061666638548823646371904376997883815099845702	2630057	-1,0,0,0,0,0,0,0,0,0	7,0,0,0,0,0	ok
-2.179149	-15.804837	-46.200867	0.856788	continued:5	131504586847961235687181874578063117114329409897647623619241560935125066908876631867479597863393264	2630057	1,0,0,0,0,0,0,0,0,0	7,0,0,0,0,0	ok
-2.176314	-15.804837	-47.104062	0.853995	continued:5	131504586847961235687181874578063117114329409897631406061666638548823646371904376997883815099845702	2630057	-1,0,0,0,0,0,0,0,0,0	7,0,0,0,0,0	ok
-2.173478	-15.804837	-47.986242	0.851202	continued:5	131504586847961235687181874578063117114329409897631406061666638548823646371904376997883815099845702	2630057	-1,0,0,0,0,0,0,0,0,0	7,0,0,0,0,0	ok
-2.170642	-15.804837	-48.831604	0.849077	continued:5	131504586847961235687181874578063117114329409897631406061666638548823646371904376997883815099845702	2630057	-1,0,0,0,0,0,0,0,0,0	7,0,0,0,0,0	ok
-2.167807	-15.804837	-49.619748	0.848241	continued:5	131504586847961235687181874578063117114329409897631406061666638548823646371904376997883815099845702	2630057	-1,0,0,0,0,0,0,0,0,0	7,0,0,0,0,0	ok
-2.164971	-15.804837	-50.331105	0.846117	full	131504586847961235687181874578063117114329409897631406061666638548823646371904376997883815099845702	2630057	-1,0,0,0,0,0,0,0,0,0	7,0,0,0,0,0	ok
-2.162135	-15.804837	-46.258551	0.854934	continued:5	131504586847961235687181874578063117114329409897647623619241560935125066908876631867479597863393264	2630057	1,0,0,0,0,0,0,0,0,0	7,0,0,0,0,0	ok
-2.159299	-15.804837	-47.159774	0.852141	continued:5	131504586847961235687181874578063117114329409897631406061666638548823646371904376997883815099845702	2630057	-1,0,0,0,0,0,0,0,0,0	7,0,0,0,0,0	ok
-2.156464	-15.804837	-48.037860	0.849348	continued:5	131504586847961235687181874578063117114329409897631406061666638548823646371904376997883815099845702	2630057	-1,0,0,0,0,0,0,0,0,0	7,0,0,0,0,0	ok
-2.153628	-15.804837	-48.877255	0.847223	continued:5	131504586847961235687181874578063117114329409897631406061666638548823646371904376997883815099845702	2630057	-1,0,0,0,0,0,0,0,0,0	7,0,0,0,0,0	ok
-2.150792	-15.804837	-49.658097	0.846515	continued:5	131504586847961235687181874578063117114329409897631406061666638548823646371904376997883815099845702	2630057	-1,0,0,0,0,0,0,0,0,0	7,0,0,0,0,0	ok
-2.147957	-15.804837	-50.360539	0.843722	full	131504586847961235687181874578063117114329409897631406061666638548823646371904376997883815099845702	2630057	-1,0,0,0,0,0,0,0,0,0	7,0,0,0,0,0	ok
-2.145121	-15.804837	-46.314670	0.853203	continued:5	131504586847961235687181874578063117114329409897631406061666638548823646371904376997883815099845702	2630057	-1,0,0,0,0,0,0,0,0,0	7,0,0,0,0,0	ok
-2.142285	-15.804837	-47.212641	0.850410	continued:5	131504586847961235687181874578063117114329409897631406061666638548823646371904376997883815099845702	2630057	-1,0,0,0,0,0,0,0,0,0	7,0,0,0,0,0	ok
-2.139450	-15.804837	-48.085562	0.847616	continued:5	131504586847961235687181874578063117114329409897631406061666638548823646371904376997883815099845702	2630057	-1,0,0,0,0,0,0,0,0,0	7,0,0,0,0,0	ok
-2.136614	-15.804837	-48.918162	0.845492	continued:5	131504586847961235687181874578063117114329409897631406061666638548823646371904376997883815099845702	2630057	-1,0,0,0,0,0,0,0,0,0	7,0,0,0,0,0	ok
-2.133778	-15.804837	-49.691130	0.844115	continued:5	131504586847961235687181874578063117114329409897631406061666638548823646371904376997883815099845702	2630057	-1,0,0,0,0,0,0,0,0,0	7,0,0,0,0,0	ok
-2.130942	-15.804837	-50.390007	0.841322	full	131504586847961235687181874578063117114329409897647623619241560935125066908876631867479597863393264	2630057	1,0,0,0,0,0,0,0,0,0	7,0,0,0,0,0	ok
-2.128107	-15.804837	-46.368368	0.851339	continued:5	131504586847961235687181874578063117114329409897631406061666638548823646371904376997883815099845702	2630057	-1,0,0,0,0,0,0,0,0,0	7,0,0,0,0,0	ok
-2.125271	-15.804837	-47.264264	0.848546	continued:5	131504586847961235687181874578063117114329409897631406061666638548823646371904376997883815099845702	2630057	-1,0,0,0,0,0,0,0,0,0	7,0,0,0,0,0	ok
-2.122435	-15.804837	-48.133079	0.845752	continued:5	131504586847961235687181874578063117114329409897631406061666638548823646371904376997883815099845702	2630057	-1,0,0,0,0,0,0,0,0,0	7,0,0,0,0,0	ok
-2.119600	-15.804837	-48.959841	0.843834	continued:5	131504586847961235687181874578063117114329409897631406061666638548823646371904376997883815099845702	2630057	-1,0,0,0,0,0,0,0,0,0	7,0,0,0,0,0	ok
-2.116764	-15.804837	-49.724215	0.841710	continued:5	131504586847961235687181874578063117114329409897631406061666638548823646371904376997883815099845702	2630057	-1,0,0,0,0,0,0,0,0,0	7,0,0,0,0,0	ok
-2.113928	-15.804837	-50.419513	0.838916	full	131504586847961235687181874578063117114329409897647623619241560935125066908876631867479597863393264	2630057	1,0,0,0,0,0,0,0,0,0	7,0,0,0,0,0	ok
-2.111093	-15.804837	-46.177632	0.850337	continued:5	131504586847961235687181874578063117114329409897647623619241560935125066908876631867479597863393264	2630057	1,0,0,0,0,0,0,0,0,0	7,0,0,0,0,0	ok
-2.108257	-15.804837	-47.075095	0.847544	continued:5	131504586847961235687181874578063117114329409897631406061666638548823646371904376997883815099845702	2630057	-1,0,0,0,0,0,0,0,0,0	7,0,0,0,0,0	ok
-2.105421	-15.804837	-47.947298	0.844751	continued:5	131504586847961235687181874578063117114329409897631406061666638548823646371904376997883815099845702	2630057	-1,0,0,0,0,0,0,0,0,0	7,0,0,0,0,0	ok
-2.102585	-15.804837	-48.779961	0.842292	continued:5	131504586847961235687181874578063117114329409897631406061666638548823646371904376997883815099845702	2630057	-1,0,0,0,0,0,0,0,0,0	7,0,0,0,0,0	ok
-2.099750	-15.804837	-49.556607	0.841377	continued:5	131504586847961235687181874578063117114329409897631406061666638548823646371904376997883815099845702	2630057	-1,0,0,0,0,0,0,0,0,0	7,0,0,0,0,0	ok
-2.096914	-15.804837	-50.256311	0.841003	full	131504586847961235687181874578063117114329409897631406061666638548823646371904376997883815099845702	2630057	-1,0,0,0,0,0,0,0,0,0	7,0,0,0,0,0	ok
-2.094078	-15.804837	-46.236286	0.848458	continued:5	131504586847961235687181874578063117114329409897647623619241560935125066908876631867479597863393264	2630057	1,0,0,0,0,0,0,0,0,0	7,0,0,0,0,0	ok
-2.091243	-15.804837	-47.131784	0.845664	continued:5	131504586847961235687181874578063117114329409897631406061666638548823646371904376997883815099845702	2630057	-1,0,0,0,0,0,0,0,0,0	7,0,0,0,0,0	ok
-2.088407	-15.804837	-47.999954	0.842871	continued:5	131504586847961235687181874578063117114329409897631406061666638548823646371904376997883815099845702	2630057	-1,0,0,0,0,0,0,0,0,0	7,0,0,0,0,0	ok
-2.085571	-15.804837	-48.826755	0.840540	continued:5	131504586847961235687181874578063117114329409897631406061666638548823646371904376997883815099845702	2630057	-1,0,0,0,0,0,0,0,0,0	7,0,0,0,0,0	ok
-2.082736	-15.804837	-49.595252	0.839625	continued:5	131504586847961235687181874578063117114329409897631406061666638548823646371904376997883815099845702	2630057	-1,0,0,0,0,0,0,0,0,0	7,0,0,0,0,0	ok
-2.079900	-15.804837	-50.286278	0.839251	full	131504586847961235687181874578063117114329409897631406061666638548823646371904376997883815099845702	2630057	-1,0,0,0,0,0,0,0,0,0	7,0,0,0,0,0	ok
-2.077064	-15.804837	-46.295589	0.846608	continued:5	131504586847961235687181874578063117114329409897631406061666638548823646371904376997883815099845702	2630057	-1,0,0,0,0,0,0,0,0,0	7,0,0,0,0,0	ok
-2.074229	-15.804837	-47.188599	0.843815	continued:5	131504586847961235687181874578063117114329409897631406061666638548823646371904376997883815099845702	2630057	-1,0,0,0,0,0,0,0,0,0	7,0,0,0,0,0	ok
-2.071393	-15.804837	-48.052274	0.841022	continued:5	131504586847961235687181874578063117114329409897631406061666638548823646371904376997883815099845702	2630057	-1,0,0,0,0,0,0,0,0,0	7,0,0,0,0,0	ok
-2.068557	-15.804837	-48.872840	0.838690	continued:5	131504586847961235687181874578063117114329409897631406061666638548823646371904376997883815099845702	2630057	-1,0,0,0,0,0,0,0,0,0	7,0,0,0,0,0	ok
-2.065721	-15.804837	-49.633892	0.837855	continued:5	131504586847961235687181874578063117114329409897631406061666638548823646371904376997883815099845702	2630057	-1,0,0,0,0,0,0,0,0,0	7,0,0,0,0,0	ok
-2.062886	-15.804837	-50.316305	0.837481	full	131504586847961235687181874578063117114329409897631406061666638548823646371904376997883815099845702	2630057	-1,0,0,0,0,0,0,0,0,0	7,0,0,0,0,0	ok
-2.060050	-15.804837	-46.356694	0.844760	continued:5	131504586847961235687181874578063117114329409897631406061666638548823646371904376997883815099845702	2630057	-1,0,0,0,0,0,0,0,0,0	7,0,0,0,0,0	ok
-2.057214	-15.804837	-47.246915	0.841966	continued:5	131504586847961235687181874578063117114329409897631406061666638548823646371904376997883815099845702	2630057	-1,0,0,0,0,0,0,0,0,0	7,0,0,0,0,0	ok
-2.054379	-15.804837	-48.105807	0.839173	continued:5	131504586847961235687181874578063117114329409897631406061666638548823646371904376997883815099845702	2630057	-1,0,0,0,0,0,0,0,0,0	7,0,0,0,0,0	ok
-2.051543	-15.804837	-48.919882	0.836921	continued:5	131504586847961235687181874578063117114329409897631406061666638548823646371904376997883815099845702	2630057	-1,0,0,0,0,0,0,0,0,0	7,0,0,0,0,0	ok
-2.048707	-15.804837	-49.672680	0.836085	continued:5	131504586847961235687181874578063117114329409897631406061666638548823646371904376997883815099845702	2630057	-1,0,0,0,0,0,0,0,0,0	7,0,0,0,0,0	ok
-2.045872	-15.804837	-50.346394	0.835711	full	131504586847961235687181874578063117114329409897631406061666638548823646371904376997883815099845702	2630057	-1,0,0,0,0,0,0,0,0,0	7,0,0,0,0,0	ok
-2.043036	-15.804837	-46.417026	0.842856	continued:5	131504586847961235687181874578063117114329409897631406061666638548823646371904376997883815099845702	2630057	-1,0,0,0,0,0,0,0,0,0	7,0,0,0,0,0	ok
-2.040200	-15.804837	-47.304805	0.840063	continued:5	131504586847961235687181874578063117114329409897631406061666638548823646371904376997883815099845702	2630057	-1,0,0,0,0,0,0,0,0,0	7,0,0,0,0,0	ok
-2.037364	-15.804837	-48.159227	0.837270	continued:5	131504586847961235687181874578063117114329409897631406061666638548823646371904376997883815099845702	2630057	-1,0,0,0,0,0,0,0,0,0	7,0,0,0,0,0	ok
-2.034529	-15.804837	-48.967110	0.835145	continued:5	131504586847961235687181874578063117114329409897631406061666638548823646371904376997883815099845702	2630057	-1,0,0,0,0,0,0,0,0,0	7,0,0,0,0,0	ok
-2.031693	-15.804837	-49.711571	0.834309	continued:5	131504586847961235687181874578063117114329409897631406061666638548823646371904376997883815099845702	2630057	-1,0,0,0,0,0,0,0,0,0	7,0,0,0,0,0	ok
-2.028857	-15.804837	-50.376549	0.833935	full	131504586847961235687181874578063117114329409897631406061666638548823646371904376997883815099845702	2630057	-1,0,0,0,0,0,0,0,0,0	7,0,0,0,0,0	ok
-2.026022	-15.804837	-46.481843	0.841075	continued:5	131504586847961235687181874578063117114329409897631406061666638548823646371904376997883815099845702	2630057	-1,0,0,0,0,0,0,0,0,0	7,0,0,0,0,0	ok
-2.023186	-15.804837	-47.365577	0.838281	continued:5	131504586847961235687181874578063117114329409897631406061666638548823646371904376997883815099845702	2630057	-1,0,0,0,0,0,0,0,0,0	7,0,0,0,0,0	ok
-2.020350	-15.804837	-48.214083	0.835488	continued:5	131504586847961235687181874578063117114329409897631406061666638548823646371904376997883815099845702	2630057	-1,0,0,0,0,0,0,0,0,0	7,0,0,0,0,0	ok
-2.017515	-15.804837	-49.014513	0.833363	continued:5	131504586847961235687181874578063117114329409897631406061666638548823646371904376997883815099845702	2630057	-1,0,0,0,0,0,0,0,0,0	7,0,0,0,0,0	ok
-2.014679	-15.804837	-49.750560	0.832527	continued:5	131504586847961235687181874578063117114329409897631406061666638548823646371904376997883815099845702	2630057	-1,0,0,0,0,0,0,0,0,0	7,0,0,0,0,0	ok
-2.011843	-15.804837	-50.406771	0.832153	full	5695183504495988991042170	2630057	-1,0,0,0,0,0,0,0	7,0,0,0,0,0	ok
-2.009008	-15.804837	-46.542317	0.839162	continued:5	16217557574922386301420542667438374088396792810839	2630057	-1,0,0,0,0,0,0,0,0	7,0,0,0,0,0	ok
-2.006172	-15.804837	-47.423267	0.836369	continued:5	16217557574922386301420542667438374088396792810839	2630057	-1,0,0,0,0,0,0,0,0	7,0,0,0,0,0	ok
-2.003336	-15.804837	-48.267018	0.833576	continued:5	5695183504495988991042170	2630057	-1,0,0,0,0,0,0,0	7,0,0,0,0,0	ok
-2.000500	-15.804837	-49.061071	0.831451	continued:5	131504586847961235687181874578063117114329409897631406061666638548823646371904376997883815099845702	2630057	-1,0,0,0,0,0,0,0,0,0	7,0,0,0,0,0	ok
-1.997665	-15.804837	-49.789680	0.830743	continued:5	16217557574922386301420542667438374088396792810839	2630057	-1,0,0,0,0,0,0,0,0	7,0,0,0,0,0	ok
-1.994829	-15.804837	-50.437064	0.830369	full	5695183504495988991042170	2630057	-1,0,0,0,0,0,0,0	7,0,0,0,0,0	ok
-1.991993	-15.804837	-46.608590	0.837370	continued:5	16217557574922386301420542667438374088396792810839	2630057	-1,0,0,0,0,0,0,0,0	7,0,0,0,0,0	ok
-1.989158	-15.804837	-47.485077	0.834577	continued:5	5695183504495988991042170	2630057	-1,0,0,0,0,0,0,0	7,0,0,0,0,0	ok
-1.986322	-15.804837	-48.322542	0.831783	continued:5	131504586847961235687181874578063117114329409897631406061666638548823646371904376997883815099845702	2630057	-1,0,0,0,0,0,0,0,0,0	7,0,0,0,0,0	ok
-1.983486	-15.804837	-49.108865	0.829659	continued:5	131504586847961235687181874578063117114329409897631406061666638548823646371904376997883815099845702	2630057	-1,0,0,0,0,0,0,0,0,0	7,0,0,0,0,0	ok
-1.980651	-15.804837	-49.828889	0.828950	continued:5	5695183504495988991042170	2630057	-1,0,0,0,0,0,0,0	7,0,0,0,0,0	ok
-1.977815	-15.804837	-50.467428	0.828577	full	131504586847961235687181874578063117114329409897631406061666638548823646371904376997883815099845702	2630057	-1,0,0,0,0,0,0,0,0,0	7,0,0,0,0,0	ok
-1.974979	-15.804837	-46.671906	0.835502	continued:5	5695183504495988991042170	2630057	-1,0,0,0,0,0,0,0	7,0,0,0,0,0	ok
-1.972143	-15.804837	-47.544596	0.832709	continued:5	3374964376952	44826232	-1,0,0,0,0,0,0	7,0,0,0,1	ok
-1.969308	-15.804837	-48.376407	0.829916	continued:5	3374964376952	4262474410862	-1,0,0,0,0,0,0	7,0,0,5,0	ok
-1.966472	-15.804837	-49.155612	0.827791	continued:5	3374964376952	8448091	-1,0,0,0,0,0,0	7,0,1,0,0,0	ok
-1.963636	-15.804837	-49.867632	0.827083	continued:5	5695183504495988991042170	2333866	-1,0,0,0,0,0,0,0	7,0,1,1,0	ok
-1.960801	-15.804837	-50.497866	0.826581	full	5695183504495988991042170	832681	-1,0,0,0,0,0,0,0	7,0,3,0,0	ok
-1.957965	-15.804837	-46.737608	0.833571	continued:5	3374964376952	31129981	-1,0,0,0,0,0,0	7,0,6,0,0	ok
-1.955129	-15.804837	-47.606715	0.830778	continued:5	3374964376952	2785966	-1,0,0,0,0,0,0	7,-1,0,0,0,0	ok
-1.952294	-15.804837	-48.433018	0.827984	continued:5	5695183504495988991042170	2785966	-1,0,0,0,0,0,0,0	7,-1,0,0,0,0	ok
-1.949458	-15.804837	-49.205202	0.826066	continued:5	5695183504495988991042170	2948792	-1,0,0,0,0,0,0,0	7,1,0,0,0,0	ok
-1.946622	-15.804837	-49.907713	0.825358	continued:5	3374964376952	2948792	-1,0,0,0,0,0,0	7,1,0,0,0,0	ok
-1.943786	-15.804837	-50.528379	0.824109	full	5695183504495988991042170	2948792	-1,0,0,0,0,0,0,0	7,1,0,0,0,0	ok
-1.940951	-15.804837	-45.911846	0.834140	continued:5	3374966975014	2948792	1,0,0,0,0,0,0	7,1,0,0,0,0	ok
-1.938115	-15.804837	-46.811529	0.831346	continued:5	3374964376952	129781	-1,0,0,0,0,0,0	7,1,0,0,-1	ok
-1.935279	-15.804837	-47.676096	0.828553	continued:5	3374964376952	116105927	-1,0,0,0,0,0,0	7,1,0,2,0	ok
-1.932444	-15.804837	-48.495737	0.825760	continued:5	3374964376952	35497	-1,0,0,0,0,0,0	7,1,1,0,0	ok
-1.929608	-15.804837	-49.259634	0.823842	continued:5	3374964376952	508533872	-1,0,0,0,0,0,0	7,1,2,2,0	ok
-1.926772	-15.804837	-49.952918	0.823134	continued:5	3374964376952	33141997	-1,0,0,0,0,0,0	7,1,6,0,0	ok
-1.923937	-15.804837	-50.564075	0.821216	full	3374964376952	3118739	-1,0,0,0,0,0,0	7,-2,0,0,0,0	ok
-1.921101	-15.804837	-45.997870	0.831985	continued:5	3374966975014	8632	1,0,0,0,0,0,0	7,2,0,0,0	ok
-1.918265	-15.804837	-46.893630	0.829192	continued:5	3374964376952	827527	-1,0,0,0,0,0,0	7,2,0,1,0	ok
-1.915430	-15.804837	-47.752138	0.826398	continued:5	3374964376952	48502	-1,0,0,0,0,0,0	7,2,1,0,0	ok
-1.912594	-15.804837	-48.563692	0.823605	continued:5	3374964376952	19382737591	-1,0,0,0,0,0,0	7,2,4,1,1	ok
-1.909758	-15.804837	-49.318013	0.821815	continued:5	3374964376952	10717	-1,0,0,0,0,0,0	7,-3,0,0,0	ok
-1.906922	-15.804837	-49.999978	0.821107	continued:5	3374964376952	721785530230402726966	-1,0,0,0,0,0,0	7,3,0,0,4	ok
-1.904087	-15.804837	-50.599878	0.818313	full	4538043545	121453891	-1,0,0,0,0,-1	7,3,1,0,1	ok
-1.901251	-15.804837	-46.067488	0.829742	continued:5	6184230871619171208476067994	699772741	1,0,0,0,1,2	7,3,5,-2,0	ok
-1.898415	-15.804837	-46.960961	0.826949	continued:5	4534061320216858634228489299531121720466252467938202	16096	-1,0,0,0,0,6	7,-4,0,0,0	ok
-1.895580	-15.804837	-47.815003	0.824156	continued:5	371299112589839	23019279350265239	-1,0,0,0,-1,0,0	7,4,0,4,2	ok
-1.892744	-15.804837	-48.620126	0.821362	continued:5	281943565805831708418523792016398982976815067614	457966130432	-1,0,0,0,1,5	7,4,2,4,0	ok
-1.889908	-15.804837	-49.366579	0.819572	continued:5	44054526203399947824707889633694429510323655563611327	19381950041	-1,0,0,0,3,6	7,4,6,3	ok
-1.887073	-15.804837	-50.039889	0.818195	continued:5	38102039257996176607104320796898613501558839407089	57646939	-1,0,0,0,6,5	7,-5,0,0,1	ok
-1.884237	-15.804837	-50.635789	0.815402	full	1723935046345250956546850015	4333439936932	-1,0,0,1,6,0	7,5,0,5,0	ok
-1.881401	-15.804837	-46.742078	0.825798	continued:5	5078758274439764	16951239307222	-1,0,0,2,1,-1	7,5,1,6	ok
-1.878565	-15.804837	-47.606077	0.823005	continued:5	26856276375048827	2663504702482	-1,0,0,2,0,1	7,5,4,5	ok
-1.875730	-15.804837	-48.422569	0.820212	continued:5	246382133192751261716218805	1006007926	-1,0,0,3,0,2	7,5,6,2	ok
-1.872894	-15.804837	-49.181860	0.818087	continued:5	3832971440420185410394731290	154589722	-1,0,0,4,-7	7,5,7,1	ok
-1.870058	-15.804837	-49.871386	0.817172	continued:5	4677270363744819395	95227488335035383213067651	-1,0,0,6,0,1	7,-6,0,0,6	ok
-1.867223	-15.804837	-50.479745	0.816798	full	859366719729104624572736327	88195590041	-1,0,0,6,6	7,6,0,2,1	ok
-1.864387	-15.804837	-46.808043	0.823886	continued:5	1109426408483487919652	14005989975281	-1,0,1,0,-4,0	7,6,0,6	ok
-1.861551	-15.804837	-47.667747	0.821092	continued:5	1064697856174922547468531435462515426606064412074888410	4519507	-1,0,-1,0,1,-7	7,6,1,1,0	ok
-1.858716	-15.804837	-48.478216	0.818299	continued:5	3826456583770673930361795746269127	59467141132	-1,0,1,0,7,-2	7,6,-2,0,-2	ok
-1.855880	-15.804837	-49.230180	0.816174	continued:5	654184438184164255597463220292713602551127	3657146	-1,0,1,3,-1,4	7,6,3,1	ok
-1.853044	-15.804837	-49.911651	0.815338	continued:5	862593248022466838016019652	29561010224056	-1,0,1,6,6	7,6,4,6	ok
-1.850209	-15.804837	-50.511194	0.814965	full	264817801807773448155139670650443260326262671131359200190	35270378456071	-1,0,-2,0,3,7	7,6,5,6	ok
-1.847373	-15.804837	-46.878188	0.822047	continued:5	17491755260255844868720554902	71263877	-1,0,3,2,7	7,6,6,1	ok
-1.844537	-15.804837	-47.732369	0.819254	continued:5	40024353755715780406160465823733205	13800495339266	-1,0,3,-1,0,3	7,6,6,-6	ok
-1.841701	-15.804837	-48.535719	0.816460	continued:5	22957113551767430	120015974499116	-1,0,3,7,-1,0	7,6,6,-7	ok
-1.838866	-15.804837	-49.279415	0.814336	continued:5	53707896515341596581660	164684012	-1,0,4,6,4	7,6,-7,-1,0	ok
-1.836030	-15.804837	-49.952050	0.813500	continued:5	13200913717926903683940516755	26379202	-1,0,5,1,7	7,6,-7,0	ok
-1.833194	-15.804837	-50.542734	0.813126	full	302274557421989	240868312	-1,0,5,-7,0	7,6,7,-1,0	ok
-1.830359	-15.804837	-46.942911	0.819999	continued:5	5318423873716296000275887502	161253847	-1,0,6,5,-7	7,6,7,1	ok
-1.827523	-15.804837	-47.793690	0.817206	continued:5	4686628394252	119833762447	-1,0,6,-5,0	7,6,7,-4	ok
-1.824687	-15.804837	-48.591819	0.814413	continued:5	878885420924065645321394627	95934764241233853521867842	-1,0,6,6,6	7,-7,-2,0,6	ok
-1.821852	-15.804837	-49.328930	0.812495	continued:5	345256853514377	1348016595828314014	-1,0,6,-7,0	7,-7,0,7,2	ok
-1.819016	-15.804837	-49.992609	0.811659	continued:5	463325129586479829839	151518405121114	-1,0,6,7,3	7,-7,0,-7,0	ok
-1.816180	-15.804837	-50.574366	0.811285	full	11478876618517269909859840670	151518405121114	-1,0,-7,0,-7,0	7,-7,0,-7,0	ok
-1.813344	-15.804837	-46.138670	0.820720	continued:5	136427128378140882192898138	7726118915863951	1,-1,0,7,-6	7,-7,0,7,1	ok
-1.810509	-15.804837	-47.028055	0.817927	continued:5	23417256484989067939991414489	140725987808701	-1,0,7,3,7	7,-7,0,7	ok
-1.807673	-15.804837	-47.870900	0.815133	continued:5	305844215054469492576143864	9739006714235740514204289997	-1,0,7,3,6	7,-7,-1,0,7	ok
-1.804837	-15.804837	-48.659455	0.812340	continued:5	624427399601686041305817614	338239	-1,0,7,5,6	7,-7,1,1	ok
-1.802002	-15.804837	-49.385911	0.810215	continued:5	5314394966652	1264745720689	-1,-1,-3,-1,-1,-1	7,7,1,5	ok
-1.799166	-15.804837	-50.040117	0.809507	continued:5	3374961778890	3630370899665077	-1,-1,-1,-1,-1,-1	7,7,1,-7,1	ok
-1.796330	-15.804837	-50.611386	0.809133	full	519469759482241050	72772078739	-1,-1,1,-2,-1,1	7,7,-2,4	ok
-1.793495	-15.804837	-46.220476	0.818356	continued:5	144684324539503557526470194	1637605675121	1,1,-7,1,6	7,7,2,5	ok
-1.790659	-15.804837	-47.107003	0.815562	continued:5	5313079400738690	188003103891746	-1,1,5,-7,1	7,7,2,7	ok
-1.787823	-15.804837	-47.944777	0.812769	continued:5	9024097105631689997960225	24732434182487	-1,1,5,6,5	7,7,3,6	ok
-1.784987	-15.804837	-48.726298	0.809976	continued:5	1053962919503780	7003139	-1,1,6,-6,1	7,7,-4,1	ok
-1.782152	-15.804837	-49.444330	0.808058	continued:5	14209949157995170228402880	88512344064439	-1,1,6,7,5	7,7,4,-7	ok
-1.779316	-15.804837	-50.087815	0.807350	continued:5	1492856777346567076382684480	558197564	-1,1,-7,1,-7	7,7,5,2	ok
-1.776480	-15.804837	-50.648532	0.806976	full	15395235644959767762219	103289300764889	-1,1,7,4,4	7,7,5,-7	ok
-1.773645	-15.804837	-46.313173	0.816193	continued:5	447201182016591358006125	284737790548814	-1,2,7,5,-5	7,7,5,7	ok
-1.770809	-15.804837	-47.193686	0.813400	continued:5	276209918267093786744	773876797	-1,-2,2,-7,3	7,7,-6,2	ok
-1.767973	-15.804837	-48.023569	0.810606	continued:5	806775667856890214	13834575860864	-1,-2,2,-7,2	7,7,6,-6	ok
-1.765138	-15.804837	-48.795582	0.807813	continued:5	210085789259749501323450225	42004317906239	-1,2,-6,2,6	7,7,6,6	ok
-1.762302	-15.804837	-49.503089	0.805895	continued:5	880530888956062521899606975	120188519644739	-1,2,-7,6,6	7,7,6,-7	ok
-1.759466	-15.804837	-50.135711	0.805187	continued:5	55767035194167712074750	325502445732989	-1,2,7,6,4	7,7,6,7	ok
-1.756631	-15.804837	-50.685804	0.804813	full	1033239621291037965	325502445732989	-1,2,7,-7,2	7,7,6,7	ok
-1.753795	-15.804837	-46.402012	0.813899	continued:5	305194004701324325419046249	325502445732989	-1,4,-7,3,6	7,7,6,7	ok
-1.750959	-15.804837	-47.277752	0.811106	continued:5	52975854648081481372909733225	325502445732989	-1,3,7,6,7	7,7,6,7	ok
-1.748123	-15.804837	-48.100832	0.808313	continued:5	52975854648081481372909733225	325502445732989	-1,3,7,6,7	7,7,6,7	ok
-1.745288	-15.804837	-48.864330	0.805519	continued:5	875608295654365580200564130	45732680940614	-1,-4,5,6,6	7,7,-7,6	ok
-1.742452	-15.804837	-49.562219	0.803729	continued:5	9698607643517179373050189139	4785890487521	-1,4,6,7,-7	7,7,-7,5	ok
-1.739616	-15.804837	-50.183818	0.803021	continued:5	52975871258325136533822468564	389365619639	-1,4,7,6,7	7,7,-7,4	ok
-1.736781	-15.804837	-50.723203	0.802647	full	140998779085007529156093219	389365619639	-1,4,7,7,-6	7,7,-7,4	ok
-1.733945	-15.804837	-46.488238	0.811511	continued:5	1237451765991281207822535705	4785890487521	-1,5,7,7,6	7,7,-7,5	ok
-1.731109	-15.804837	-47.359997	0.808717	continued:5	52975887868572697722042816390	15250811797364	-1,5,7,6,7	7,7,-7,-6	ok
-1.728274	-15.804837	-48.176971	0.805924	continued:5	52975887868572697722042816390	49748442205064	-1,5,7,6,7	7,7,7,6	ok
-1.725438	-15.804837	-48.932603	0.803130	continued:5	1045737303505227644113363770	49748442205064	-1,5,7,-7,6	7,7,7,6	ok
-1.722602	-15.804837	-49.621485	0.801547	continued:5	1237451765991281207822535705	49748442205064	-1,5,7,7,6	7,7,7,6	ok
-1.719766	-15.804837	-50.232029	0.800839	continued:5	9698614616857861062652081877	49748442205064	-1,-6,6,7,-7	7,7,7,6	ok
-1.716931	-15.804837	-50.760727	0.799796	full	1233027362090571801849713645	49748442205064	-1,-6,6,7,6	7,7,7,6	ok
-1.714095	-15.804837	-46.579158	0.809238	continued:5	1045738178256396345923908169	139466902910002	-1,6,7,-7,6	7,7,7,-7	ok
-1.711259	-15.804837	-47.445074	0.806444	continued:5	52975904478824164938183131699	139466902910002	-1,6,7,6,7	7,7,7,-7	ok
-1.708424	-15.804837	-48.254314	0.803651	continued:5	52975904478824164938183131699	139466902910002	-1,6,7,6,7	7,7,7,-7	ok
-1.705588	-15.804837	-49.000709	0.800858	continued:5	1045738178256396345923908169	139466902910002	-1,6,7,-7,6	7,7,7,-7	ok
-1.702752	-15.804837	-49.679483	0.799274	continued:5	1237452758453052564627201734	139466902910002	-1,6,7,7,6	7,7,7,-7	ok
-1.699917	-15.804837	-50.279700	0.798566	continued:5	9725503845095047689719522804	371299085339171	-1,6,7,7,-7	7,7,7,7	ok
-1.697081	-15.804837	-50.798378	0.796776	full	68931485150570211668566811645	371299085339171	-1,6,7,7,7	7,7,7,7	ok
-1.694245	-15.804837	-46.681025	0.807083	continued:5	68931485150570211668566811645	371299085339171	-1,6,7,7,7	7,7,7,7	ok
-1.691410	-15.804837	-47.538642	0.804290	continued:5	68931485150570211668566811645	371299085339171	-1,6,7,7,7	7,7,7,7	ok
-1.688574	-15.804837	-48.337926	0.801496	continued:5	68931485150570211668566811645	371299085339171	-1,6,7,7,7	7,7,7,7	ok
-1.685738	-15.804837	-49.073126	0.798703	continued:5	68931485150570211668566811645	371299085339171	-1,6,7,7,7	7,7,7,7	ok
-1.682902	-15.804837	-49.740118	0.797120	continued:5	68931485150570211668566811645	371299085339171	-1,6,7,7,7	7,7,7,7	ok
-1.680067	-15.804837	-50.328620	0.796411	continued:5	68931485150570211668566811645	371299085339171	-1,6,7,7,7	7,7,7,7	ok
-1.677231	-15.804837	-50.836154	0.793746	full	9725506174374470062103697164	371299085339171	-1,-7,7,7,-7	7,7,7,7	ok
-1.674395	-15.804837	-46.433775	0.805634	continued:5	68856843599393383807305035652	371299085339171	-1,-7,-7,7,7	7,7,7,7	ok
-1.671560	-15.804837	-47.307682	0.802841	continued:5	8375026989470781121367460749	371299085339171	-1,-7,-7,-7,-7	7,7,7,7	ok
-1.668724	-15.804837	-48.123068	0.800047	continued:5	8375026989470781121367460749	371299085339171	-1,-7,-7,-7,-7	7,7,7,7	ok
-1.665888	-15.804837	-48.874746	0.797254	continued:5	8375026989470781121367460749	371299085339171	-1,-7,-7,-7,-7	7,7,7,7	ok
-1.663053	-15.804837	-49.558332	0.795130	continued:5	8375026989470781121367460749	371299085339171	-1,-7,-7,-7,-7	7,7,7,7	ok
-1.660217	-15.804837	-50.167048	0.794294	continued:5	8375026989470781121367460749	371299085339171	-1,-7,-7,-7,-7	7,7,7,7	ok
-1.657381	-15.804837	-50.693875	0.793920	full	8375026989470781121367460749	371299085339171	-1,-7,-7,-7,-7	7,7,7,7	ok
-1.654545	-15.804837	-46.522909	0.803229	continued:5	68931505386853422763766831550	371299085339171	-1,7,7,7,7	7,7,7,7	ok
-1.651710	-15.804837	-47.392225	0.800435	continued:5	68931495268711260267606939459	371299085339171	-1,-7,7,7,7	7,7,7,7	ok
-1.648874	-15.804837	-48.201034	0.797642	continued:5	68931495268711260267606939459	371299085339171	-1,-7,7,7,7	7,7,7,7	ok
-1.646038	-15.804837	-48.944520	0.794849	continued:5	68931505386853422763766831550	371299085339171	-1,7,7,7,7	7,7,7,7	ok
-1.643203	-15.804837	-49.618908	0.792931	continued:5	68931505386853422763766831550	371299085339171	-1,7,7,7,7	7,7,7,7	ok
-1.640367	-15.804837	-50.216470	0.792095	continued:5	68931505386853422763766831550	371299085339171	-1,7,7,7,7	7,7,7,7	ok
-1.637531	-15.804837	-50.732599	0.791721	full	68931505386853422763766831550	371299085339171	-1,7,7,7,7	7,7,7,7	ok
-1.634696	-15.804837	-46.617563	0.800898	continued:5	68931505386853422763766831550	371299085339171	-1,7,7,7,7	7,7,7,7	ok
-1.631860	-15.804837	-47.480699	0.798104	continued:5	68931505386853422763766831550	371299085339171	-1,7,7,7,7	7,7,7,7	ok
-1.629024	-15.804837	-48.281531	0.795311	continued:5	68931505386853422763766831550	371299085339171	-1,7,7,7,7	7,7,7,7	ok
-1.626188	-15.804837	-49.015631	0.792518	continued:5	68931505386853422763766831550	371299085339171	-1,7,7,7,7	7,7,7,7	ok
-1.623353	-15.804837	-49.679850	0.790728	continued:5	68931505386853422763766831550	371299085339171	-1,7,7,7,7	7,7,7,7	ok
-1.620517	-15.804837	-50.266104	0.789892	continued:5	68931505386853422763766831550	371299085339171	-1,7,7,7,7	7,7,7,7	ok
-1.617681	-15.804837	-50.771457	0.789518	full	68931505386853422763766831550	371299085339171	-1,7,7,7,7	7,7,7,7	ok
-1.614846	-15.804837	-46.718394	0.798693	continued:5	68931505386853422763766831550	371299085339171	-1,7,7,7,7	7,7,7,7	ok
-1.612010	-15.804837	-47.573186	0.795899	continued:5	68931505386853422763766831550	371299085339171	-1,7,7,7,7	7,7,7,7	ok
-1.609174	-15.804837	-48.364154	0.793106	continued:5	68931505386853422763766831550	371299085339171	-1,7,7,7,7	7,7,7,7	ok
-1.606339	-15.804837	-49.087284	0.790312	continued:5	68931505386853422763766831550	371299085339171	-1,7,7,7,7	7,7,7,7	ok
-1.603503	-15.804837	-49.740050	0.788395	continued:5	68931505386853422763766831550	371299085339171	-1,7,7,7,7	7,7,7,7	ok
-1.600667	-15.804837	-50.315968	0.787686	continued:5	68931505386853422763766831550	371299085339171	-1,7,7,7,7	7,7,7,7	ok
-1.597832	-15.804837	-50.810446	0.787312	full	68931505386853422763766831550	371299085339171	-1,7,7,7,7	7,7,7,7	ok
-1.594996	-15.804837	-46.817252	0.796357	continued:5	68931505386853422763766831550	371299085339171	-1,7,7,7,7	7,7,7,7	ok
-1.592160	-15.804837	-47.664752	0.793564	continued:5	68931505386853422763766831550	371299085339171	-1,7,7,7,7	7,7,7,7	ok
-1.589324	-15.804837	-48.446770	0.790771	continued:5	68931505386853422763766831550	371299085339171	-1,7,7,7,7	7,7,7,7	ok
-1.586489	-15.804837	-49.159747	0.787977	continued:5	68931505386853422763766831550	371299085339171	-1,7,7,7,7	7,7,7,7	ok
-1.583653	-15.804837	-49.801796	0.786187	continued:5	68931505386853422763766831550	371299085339171	-1,7,7,7,7	7,7,7,7	ok
-1.580817	-15.804837	-50.366058	0.785479	continued:5	68931505386853422763766831550	371299085339171	-1,7,7,7,7	7,7,7,7	ok
-1.577982	-15.804837	-50.849566	0.785105	full	68931505386853422763766831550	371299085339171	-1,7,7,7,7	7,7,7,7	ok
-1.575146	-15.804837	-46.913772	0.793931	continued:5	68931505386853422763766831550	371299085339171	-1,7,7,7,7	7,7,7,7	ok
-1.572310	-15.804837	-47.754698	0.791138	continued:5	68931505386853422763766831550	371299085339171	-1,7,7,7,7	7,7,7,7	ok
-1.569475	-15.804837	-48.528407	0.788345	continued:5	68931505386853422763766831550	371299085339171	-1,7,7,7,7	7,7,7,7	ok
-1.566639	-15.804837	-49.231839	0.785551	continued:5	68931505386853422763766831550	371299085339171	-1,7,7,7,7	7,7,7,7	ok
-1.563803	-15.804837	-49.863749	0.783968	continued:5	68931505386853422763766831550	371299085339171	-1,7,7,7,7	7,7,7,7	ok
-1.560967	-15.804837	-50.416284	0.783260	continued:5	68931505386853422763766831550	371299085339171	-1,7,7,7,7	7,7,7,7	ok
-1.558132	-15.804837	-50.888815	0.782886	full	68931505386853422763766831550	371299085339171	-1,7,7,7,7	7,7,7,7	ok
-1.555296	-15.804837	-47.018906	0.791595	continued:5	68931505386853422763766831550	371299085339171	-1,7,7,7,7	7,7,7,7	ok
-1.552460	-15.804837	-47.851128	0.788802	continued:5	68931505386853422763766831550	371299085339171	-1,7,7,7,7	7,7,7,7	ok
-1.549625	-15.804837	-48.614651	0.786009	continued:5	68931505386853422763766831550	371299085339171	-1,7,7,7,7	7,7,7,7	ok
-1.546789	-15.804837	-49.306931	0.783343	continued:5	68931505386853422763766831550	371299085339171	-1,7,7,7,7	7,7,7,7	ok
-1.543953	-15.804837	-49.926350	0.781759	continued:5	68931505386853422763766831550	371299085339171	-1,7,7,7,7	7,7,7,7	ok
-1.541118	-15.804837	-50.466847	0.781051	continued:5	68931505386853422763766831550	371299085339171	-1,7,7,7,7	7,7,7,7	ok
-1.538282	-15.804837	-50.928190	0.780677	full	68931505386853422763766831550	371299085339171	-1,7,7,7,7	7,7,7,7	ok
-1.535446	-15.804837	-47.117365	0.789220	continued:5	68931505386853422763766831550	371299085339171	-1,7,7,7,7	7,7,7,7	ok
-1.532611	-15.804837	-47.941555	0.786427	continued:5	68931505386853422763766831550	371299085339171	-1,7,7,7,7	7,7,7,7	ok
-1.529775	-15.804837	-48.695581	0.783633	continued:5	68931505386853422763766831550	371299085339171	-1,7,7,7,7	7,7,7,7	ok
-1.526939	-15.804837	-49.377439	0.780968	continued:5	68931505386853422763766831550	371299085339171	-1,7,7,7,7	7,7,7,7	ok
-1.524103	-15.804837	-49.986139	0.779384	continued:5	68931505386853422763766831550	371299085339171	-1,7,7,7,7	7,7,7,7	ok
-1.521268	-15.804837	-50.516171	0.778676	continued:5	68931505386853422763766831550	371299085339171	-1,7,7,7,7	7,7,7,7	ok
-1.518432	-15.804837	-50.967690	0.778174	full	68931505386853422763766831550	371299085339171	-1,7,7,7,7	7,7,7,7	ok
-1.515596	-15.804837	-47.223654	0.786748	continued:5	68931505386853422763766831550	371299085339171	-1,7,7,7,7	7,7,7,7	ok
-1.512761	-15.804837	-48.039469	0.783955	continued:5	68931505386853422763766831550	371299085339171	-1,7,7,7,7	7,7,7,7	ok
-1.509925	-15.804837	-48.783614	0.781161	continued:5	68931505386853422763766831550	371299085339171	-1,7,7,7,7	7,7,7,7	ok
-1.507089	-15.804837	-49.454659	0.778702	continued:5	68931505386853422763766831550	371299085339171	-1,7,7,7,7	7,7,7,7	ok
-1.504254	-15.804837	-50.050628	0.777119	continued:5	68931505386853422763766831550	371299085339171	-1,7,7,7,7	7,7,7,7	ok
-1.501418	-15.804837	-50.568522	0.776617	continued:5	68931505386853422763766831550	371299085339171	-1,7,7,7,7	7,7,7,7	ok
-1.498582	-15.804837	-51.007311	0.775034	full	68931505386853422763766831550	371299085339171	-1,7,7,7,7	7,7,7,7	ok
-1.495746	-15.804837	-47.328881	0.784346	continued:5	68931505386853422763766831550	371299085339171	-1,7,7,7,7	7,7,7,7	ok
-1.492911	-15.804837	-48.135364	0.781553	continued:5	68931505386853422763766831550	371299085339171	-1,7,7,7,7	7,7,7,7	ok
-1.490075	-15.804837	-48.868894	0.778759	continued:5	68931505386853422763766831550	371299085339171	-1,7,7,7,7	7,7,7,7	ok
-1.487239	-15.804837	-49.528626	0.776300	continued:5	68931505386853422763766831550	371299085339171	-1,7,7,7,7	7,7,7,7	ok
-1.484404	-15.804837	-50.113213	0.774845	continued:5	68931505386853422763766831550	371299085339171	-1,7,7,7,7	7,7,7,7	ok
-1.481568	-15.804837	-50.619196	0.774343	continued:5	68931505386853422763766831550	371299085339171	-1,7,7,7,7	7,7,7,7	ok
-1.478732	-15.804837	-51.047052	0.771884	full	68931505386853422763766831550	371299085339171	-1,7,7,7,7	7,7,7,7	ok
-1.475897	-15.804837	-47.074468	0.783145	continued:5	68931505386853422763766831550	371299085339171	-1,7,7,7,7	7,7,7,7	ok
-1.473061	-15.804837	-47.900919	0.780351	continued:5	68931505386853422763766831550	371299085339171	-1,7,7,7,7	7,7,7,7	ok
-1.470225	-15.804837	-48.653874	0.777558	continued:5	68931505386853422763766831550	371299085339171	-1,7,7,7,7	7,7,7,7	ok
-1.467389	-15.804837	-49.332526	0.774765	continued:5	68931505386853422763766831550	371299085339171	-1,7,7,7,7	7,7,7,7	ok
-1.464554	-15.804837	-49.937802	0.772975	continued:5	68931505386853422763766831550	371299085339171	-1,7,7,7,7	7,7,7,7	ok
-1.461718	-15.804837	-50.465137	0.772139	continued:5	68931505386853422763766831550	371299085339171	-1,7,7,7,7	7,7,7,7	ok
-1.458882	-15.804837	-50.914174	0.771765	full	68931505386853422763766831550	371299085339171	-1,7,7,7,7	7,7,7,7	ok
-1.456047	-15.804837	-47.181215	0.780781	continued:5	68931505386853422763766831550	371299085339171	-1,7,7,7,7	7,7,7,7	ok
-1.453211	-15.804837	-47.997997	0.777988	continued:5	68931505386853422763766831550	371299085339171	-1,7,7,7,7	7,7,7,7	ok
-1.450375	-15.804837	-48.740096	0.775195	continued:5	68931505386853422763766831550	371299085339171	-1,7,7,7,7	7,7,7,7	ok
-1.447540	-15.804837	-49.407231	0.772401	continued:5	68931505386853422763766831550	371299085339171	-1,7,7,7,7	7,7,7,7	ok
-1.444704	-15.804837	-50.000938	0.770611	continued:5	68931505386853422763766831550	371299085339171	-1,7,7,7,7	7,7,7,7	ok
-1.441868	-15.804837	-50.517166	0.769903	continued:5	68931505386853422763766831550	371299085339171	-1,7,7,7,7	7,7,7,7	ok
-1.439033	-15.804837	-50.954942	0.769529	full	68931505386853422763766831550	371299085339171	-1,7,7,7,7	7,7,7,7	ok
-1.436197	-15.804837	-47.287993	0.778332	continued:5	68931505386853422763766831550	371299085339171	-1,7,7,7,7	7,7,7,7	ok
-1.433361	-15.804837	-48.095499	0.775539	continued:5	68931505386853422763766831550	371299085339171	-1,7,7,7,7	7,7,7,7	ok
-1.430525	-15.804837	-48.827095	0.772745	continued:5	68931505386853422763766831550	371299085339171	-1,7,7,7,7	7,7,7,7	ok
-1.427690	-15.804837	-49.483057	0.769952	continued:5	68931505386853422763766831550	371299085339171	-1,7,7,7,7	7,7,7,7	ok
-1.424854	-15.804837	-50.065529	0.768368	continued:5	68931505386853422763766831550	371299085339171	-1,7,7,7,7	7,7,7,7	ok
-1.422018	-15.804837	-50.569360	0.767660	continued:5	68931505386853422763766831550	371299085339171	-1,7,7,7,7	7,7,7,7	ok
-1.419183	-15.804837	-50.995830	0.767286	full	68931505386853422763766831550	371299085339171	-1,7,7,7,7	7,7,7,7	ok
-1.416347	-15.804837	-47.395343	0.775750	continued:5	68931505386853422763766831550	371299085339171	-1,7,7,7,7	7,7,7,7	ok
-1.413511	-15.804837	-48.194322	0.772956	continued:5	68931505386853422763766831550	371299085339171	-1,7,7,7,7	7,7,7,7	ok
-1.410676	-15.804837	-48.916050	0.770163	continued:5	68931505386853422763766831550	371299085339171	-1,7,7,7,7	7,7,7,7	ok
-1.407840	-15.804837	-49.561396	0.767704	continued:5	68931505386853422763766831550	371299085339171	-1,7,7,7,7	7,7,7,7	ok
-1.405004	-15.804837	-50.130440	0.766120	continued:5	68931505386853422763766831550	371299085339171	-1,7,7,7,7	7,7,7,7	ok
-1.402168	-15.804837	-50.621735	0.765412	continued:5	68931505386853422763766831550	371299085339171	-1,7,7,7,7	7,7,7,7	ok
-1.399333	-15.804837	-51.036833	0.765038	full	68931505386853422763766831550	371299085339171	-1,7,7,7,7	7,7,7,7	ok
-1.396497	-15.804837	-47.509689	0.773364	continued:5	68931505386853422763766831550	371299085339171	-1,7,7,7,7	7,7,7,7	ok
-1.393661	-15.804837	-48.297037	0.770571	continued:5	68931505386853422763766831550	371299085339171	-1,7,7,7,7	7,7,7,7	ok
-1.390826	-15.804837	-49.006297	0.767778	continued:5	68931505386853422763766831550	371299085339171	-1,7,7,7,7	7,7,7,7	ok
-1.387990	-15.804837	-49.638919	0.765319	continued:5	68931505386853422763766831550	371299085339171	-1,7,7,7,7	7,7,7,7	ok
-1.385154	-15.804837	-50.195564	0.763863	continued:5	68931505386853422763766831550	371299085339171	-1,7,7,7,7	7,7,7,7	ok
-1.382319	-15.804837	-50.674239	0.763154	continued:5	68931505386853422763766831550	371299085339171	-1,7,7,7,7	7,7,7,7	ok
-1.379483	-15.804837	-51.077948	0.762781	full	68931505386853422763766831550	371299085339171	-1,7,7,7,7	7,7,7,7	ok
-1.376647	-15.804837	-47.623192	0.770925	continued:5	68931505386853422763766831550	371299085339171	-1,7,7,7,7	7,7,7,7	ok
-1.373812	-15.804837	-48.399063	0.768132	continued:5	68931505386853422763766831550	371299085339171	-1,7,7,7,7	7,7,7,7	ok
-1.370976	-15.804837	-49.096048	0.765338	continued:5	68931505386853422763766831550	371299085339171	-1,7,7,7,7	7,7,7,7	ok
-1.368140	-15.804837	-49.716186	0.763007	continued:5	68931505386853422763766831550	371299085339171	-1,7,7,7,7	7,7,7,7	ok
-1.365304	-15.804837	-50.259684	0.761424	continued:5	68931505386853422763766831550	371299085339171	-1,7,7,7,7	7,7,7,7	ok
-1.362469	-15.804837	-50.727186	0.760922	continued:5	68931505386853422763766831550	371299085339171	-1,7,7,7,7	7,7,7,7	ok
-1.359633	-15.804837	-51.119171	0.760548	full	68931505386853422763766831550	371299085339171	-1,7,7,7,7	7,7,7,7	ok
-1.356797	-15.804837	-47.737905	0.768452	continued:5	68931505386853422763766831550	371299085339171	-1,7,7,7,7	7,7,7,7	ok
-1.353962	-15.804837	-48.502011	0.765659	continued:5	68931505386853422763766831550	371299085339171	-1,7,7,7,7	7,7,7,7	ok
-1.351126	-15.804837	-49.186522	0.762866	continued:5	68931505386853422763766831550	371299085339171	-1,7,7,7,7	7,7,7,7	ok
-1.348290	-15.804837	-49.794075	0.760534	continued:5	68931505386853422763766831550	371299085339171	-1,7,7,7,7	7,7,7,7	ok
-1.345455	-15.804837	-50.325433	0.759157	continued:5	68931505386853422763766831550	371299085339171	-1,7,7,7,7	7,7,7,7	ok
-1.342619	-15.804837	-50.780035	0.758656	continued:5	68931505386853422763766831550	371299085339171	-1,7,7,7,7	7,7,7,7	ok
-1.339783	-15.804837	-51.160498	0.758282	full	68931505386853422763766831550	371299085339171	-1,7,7,7,7	7,7,7,7	ok
-1.336947	-15.804837	-47.041046	0.768410	continued:5	68931505386853422763766831550	371299085339171	-1,7,7,7,7	7,7,7,7	ok
-1.334112	-15.804837	-47.873162	0.765616	continued:5	68931505386853422763766831550	371299085339171	-1,7,7,7,7	7,7,7,7	ok
-1.331276	-15.804837	-48.622820	0.762823	continued:5	68931505386853422763766831550	371299085339171	-1,7,7,7,7	7,7,7,7	ok
-1.328440	-15.804837	-49.292272	0.760030	continued:5	68931505386853422763766831550	371299085339171	-1,7,7,7,7	7,7,7,7	ok
-1.325605	-15.804837	-49.884839	0.757905	continued:5	68931505386853422763766831550	371299085339171	-1,7,7,7,7	7,7,7,7	ok
-1.322769	-15.804837	-50.400245	0.756528	continued:5	68931505386853422763766831550	371299085339171	-1,7,7,7,7	7,7,7,7	ok
-1.319933	-15.804837	-50.840317	0.756027	continued:5	68931505386853422763766831550	371299085339171	-1,7,7,7,7	7,7,7,7	ok
-1.317098	-15.804837	-51.207849	0.754571	full	68931505386853422763766831550	371299085339171	-1,7,7,7,7	7,7,7,7	ok
-1.314262	-15.804837	-47.607194	0.764465	continued:5	68931505386853422763766831550	68931505386858249651876240877	-1,7,7,7,7	7,7,7,7,7	ok
-1.311426	-15.804837	-48.382284	0.761672	continued:5	68931505386853422763766831550	68931505386858249651876240877	-1,7,7,7,7	7,7,7,7,7	ok
-1.308590	-15.804837	-49.075591	0.758879	continued:5	68931505386853422763766831550	68931505386858249651876240877	-1,7,7,7,7	7,7,7,7,7	ok
-1.305755	-15.804837	-49.690307	0.756213	continued:5	68931505386853422763766831550	68931505386858249651876240877	-1,7,7,7,7	7,7,7,7,7	ok
-1.302919	-15.804837	-50.230176	0.754629	continued:5	68931505386853422763766831550	68931505386858249651876240877	-1,7,7,7,7	7,7,7,7,7	ok
-1.300083	-15.804837	-50.693177	0.753715	continued:5	68931505386853422763766831550	68931505386858249651876240877	-1,7,7,7,7	7,7,7,7,7	ok
-1.297248	-15.804837	-51.083378	0.753882	full	68931505386853422763766831550	68931505386858249651876240877	-1,7,7,7,7	7,7,7,7,7	ok
-1.294412	-15.804837	-47.725813	0.761913	continued:5	68931505386853422763766831550	68931505386858249651876240877	-1,7,7,7,7	7,7,7,7,7	ok
-1.291576	-15.804837	-48.489059	0.759120	continued:5	68931505386853422763766831550	68931505386858249651876240877	-1,7,7,7,7	7,7,7,7,7	ok
-1.288741	-15.804837	-49.169866	0.756326	continued:5	68931505386853422763766831550	68931505386858249651876240877	-1,7,7,7,7	7,7,7,7,7	ok
-1.285905	-15.804837	-49.772007	0.753867	continued:5	68931505386853422763766831550	68931505386858249651876240877	-1,7,7,7,7	7,7,7,7,7	ok
-1.283069	-15.804837	-50.298095	0.752284	continued:5	68931505386853422763766831550	68931505386858249651876240877	-1,7,7,7,7	7,7,7,7,7	ok
-1.280234	-15.804837	-50.748495	0.751575	continued:5	68931505386853422763766831550	68931505386858249651876240877	-1,7,7,7,7	7,7,7,7,7	ok
-1.277398	-15.804837	-51.125863	0.751202	full	68931505386853422763766831550	68931505386858249651876240877	-1,7,7,7,7	7,7,7,7,7	ok
-1.274562	-15.804837	-47.844525	0.759373	continued:5	68931505386853422763766831550	68931505386858249651876240877	-1,7,7,7,7	7,7,7,7,7	ok
-1.271726	-15.804837	-48.595333	0.756580	continued:5	68931505386853422763766831550	68931505386858249651876240877	-1,7,7,7,7	7,7,7,7,7	ok
-1.268891	-15.804837	-49.263220	0.753787	continued:5	68931505386853422763766831550	68931505386858249651876240877	-1,7,7,7,7	7,7,7,7,7	ok
-1.266055	-15.804837	-49.852535	0.751455	continued:5	68931505386853422763766831550	68931505386858249651876240877	-1,7,7,7,7	7,7,7,7,7	ok
-1.263219	-15.804837	-50.365367	0.749999	continued:5	68931505386853422763766831550	68931505386858249651876240877	-1,7,7,7,7	7,7,7,7,7	ok
-1.260384	-15.804837	-50.802665	0.749291	continued:5	68931505386853422763766831550	68931505386858249651876240877	-1,7,7,7,7	7,7,7,7,7	ok
-1.257548	-15.804837	-51.168440	0.748917	full	68931505386853422763766831550	68931505386858249651876240877	-1,7,7,7,7	7,7,7,7,7	ok
-1.254712	-15.804837	-47.968210	0.756911	continued:5	68931505386853422763766831550	68931505386858249651876240877	-1,7,7,7,7	7,7,7,7,7	ok
-1.251877	-15.804837	-48.704730	0.754118	continued:5	68931505386853422763766831550	68931505386858249651876240877	-1,7,7,7,7	7,7,7,7,7	ok
-1.249041	-15.804837	-49.358196	0.751324	continued:5	68931505386853422763766831550	68931505386858249651876240877	-1,7,7,7,7	7,7,7,7,7	ok
-1.246205	-15.804837	-49.933509	0.749072	continued:5	68931505386853422763766831550	68931505386858249651876240877	-1,7,7,7,7	7,7,7,7,7	ok
-1.243369	-15.804837	-50.432591	0.747695	continued:5	68931505386853422763766831550	68931505386858249651876240877	-1,7,7,7,7	7,7,7,7,7	ok
-1.240534	-15.804837	-50.856833	0.746987	continued:5	68931505386853422763766831550	68931505386858249651876240877	-1,7,7,7,7	7,7,7,7,7	ok
-1.237698	-15.804837	-51.211101	0.746613	full	68931505386853422763766831550	68931505386858249651876240877	-1,7,7,7,7	7,7,7,7,7	ok
-1.234862	-15.804837	-47.301424	0.756853	continued:5	68931505386853422763766831550	68931505386858249651876240877	-1,7,7,7,7	7,7,7,7,7	ok
-1.232027	-15.804837	-48.109076	0.754060	continued:5	68931505386853422763766831550	68931505386858249651876240877	-1,7,7,7,7	7,7,7,7,7	ok
-1.229191	-15.804837	-48.829093	0.751267	continued:5	68931505386853422763766831550	68931505386858249651876240877	-1,7,7,7,7	7,7,7,7,7	ok
-1.226355	-15.804837	-49.466038	0.748473	continued:5	68931505386853422763766831550	68931505386858249651876240877	-1,7,7,7,7	7,7,7,7,7	ok
-1.223520	-15.804837	-50.025434	0.746349	continued:5	68931505386853422763766831550	68931505386858249651876240877	-1,7,7,7,7	7,7,7,7,7	ok
-1.220684	-15.804837	-50.508673	0.744893	continued:5	68931505386853422763766831550	68931505386858249651876240877	-1,7,7,7,7	7,7,7,7,7	ok
-1.217848	-15.804837	-50.919304	0.744391	continued:5	68931505386853422763766831550	68931505386858249651876240877	-1,7,7,7,7	7,7,7,7,7	ok
-1.215013	-15.804837	-51.259955	0.744018	full	68931505386853422763766831550	68931505386858249651876240877	-1,7,7,7,7	7,7,7,7,7	ok
-1.212177	-15.804837	-47.470353	0.754067	continued:5	68931505386853422763766831550	68931505386858249651876240877	-1,7,7,7,7	7,7,7,7,7	ok
-1.209341	-15.804837	-48.259076	0.751274	continued:5	68931505386853422763766831550	68931505386858249651876240877	-1,7,7,7,7	7,7,7,7,7	ok
-1.206505	-15.804837	-48.960079	0.748480	continued:5	68931505386853422763766831550	68931505386858249651876240877	-1,7,7,7,7	7,7,7,7,7	ok
-1.203670	-15.804837	-49.578455	0.745687	continued:5	68931505386853422763766831550	68931505386858249651876240877	-1,7,7,7,7	7,7,7,7,7	ok
-1.200834	-15.804837	-50.120312	0.743562	continued:5	68931505386853422763766831550	68931505386858249651876240877	-1,7,7,7,7	7,7,7,7,7	ok
-1.197998	-15.804837	-50.587487	0.742313	continued:5	68931505386853422763766831550	68931505386858249651876240877	-1,7,7,7,7	7,7,7,7,7	ok
-1.195163	-15.804837	-50.982141	0.741812	continued:5	68931505386853422763766831550	68931505386858249651876240877	-1,7,7,7,7	7,7,7,7,7	ok
-1.192327	-15.804837	-51.308903	0.741438	full	68931505386853422763766831550	68931505386858249651876240877	-1,7,7,7,7	7,7,7,7,7	ok
-1.189491	-15.804837	-47.628066	0.751115	continued:5	68931505386853422763766831550	68931505386858249651876240877	-1,7,7,7,7	7,7,7,7,7	ok
-1.186656	-15.804837	-48.400223	0.748322	continued:5	68931505386853422763766831550	68931505386858249651876240877	-1,7,7,7,7	7,7,7,7,7	ok
-1.183820	-15.804837	-49.084348	0.745528	continued:5	68931505386853422763766831550	68931505386858249651876240877	-1,7,7,7,7	7,7,7,7,7	ok
-1.180984	-15.804837	-49.686120	0.742735	continued:5	68931505386853422763766831550	68931505386858249651876240877	-1,7,7,7,7	7,7,7,7,7	ok
-1.178148	-15.804837	-50.212227	0.740817	continued:5	68931505386853422763766831550	68931505386858249651876240877	-1,7,7,7,7	7,7,7,7,7	ok
-1.175313	-15.804837	-50.663271	0.739568	continued:5	68931505386853422763766831550	68931505386858249651876240877	-1,7,7,7,7	7,7,7,7,7	ok
-1.172477	-15.804837	-51.043629	0.739066	continued:5	68931505386853422763766831550	68931505386858249651876240877	-1,7,7,7,7	7,7,7,7,7	ok
-1.169641	-15.804837	-51.357937	0.738565	full	68931505386853422763766831550	68931505386858249651876240877	-1,7,7,7,7	7,7,7,7,7	ok
-1.166806	-15.804837	-47.808682	0.748258	continued:5	68931505386853422763766831550	68931505386858249651876240877	-1,7,7,7,7	7,7,7,7,7	ok
-1.163970	-15.804837	-48.559406	0.745464	continued:5	68931505386853422763766831550	68931505386858249651876240877	-1,7,7,7,7	7,7,7,7,7	ok
-1.161134	-15.804837	-49.222490	0.742671	continued:5	68931505386853422763766831550	68931505386858249651876240877	-1,7,7,7,7	7,7,7,7,7	ok
-1.158299	-15.804837	-49.804182	0.740005	continued:5	68931505386853422763766831550	68931505386858249651876240877	-1,7,7,7,7	7,7,7,7,7	ok
-1.155463	-15.804837	-50.310646	0.738087	continued:5	68931505386853422763766831550	68931505386858249651876240877	-1,7,7,7,7	7,7,7,7,7	ok
-1.152627	-15.804837	-50.744093	0.737045	continued:5	68931505386853422763766831550	68931505386858249651876240877	-1,7,7,7,7	7,7,7,7,7	ok
-1.149791	-15.804837	-51.107386	0.736543	continued:5	68931505386853422763766831550	68931505386858249651876240877	-1,7,7,7,7	7,7,7,7,7	ok
-1.146956	-15.804837	-51.407048	0.734753	full	68931505386853422763766831550	68931505386858249651876240877	-1,7,7,7,7	7,7,7,7,7	ok
-1.144120	-15.804837	-47.517086	0.746696	continued:5	68931505386853422763766831550	68931505386858249651876240877	-1,7,7,7,7	7,7,7,7,7	ok
-1.141284	-15.804837	-48.301395	0.743902	continued:5	68931505386853422763766831550	68931505386858249651876240877	-1,7,7,7,7	7,7,7,7,7	ok
-1.138449	-15.804837	-48.994554	0.741109	continued:5	68931505386853422763766831550	68931505386858249651876240877	-1,7,7,7,7	7,7,7,7,7	ok
-1.135613	-15.804837	-49.603100	0.738316	continued:5	68931505386853422763766831550	68931505386858249651876240877	-1,7,7,7,7	7,7,7,7,7	ok
-1.132777	-15.804837	-50.134274	0.736063	continued:5	68931505386853422763766831550	68931505386858249651876240877	-1,7,7,7,7	7,7,7,7,7	ok
-1.129942	-15.804837	-50.591714	0.734686	continued:5	68931505386853422763766831550	68931505386858249651876240877	-1,7,7,7,7	7,7,7,7,7	ok
-1.127106	-15.804837	-50.977831	0.733978	continued:5	68931505386853422763766831550	68931505386858249651876240877	-1,7,7,7,7	7,7,7,7,7	ok
-1.124270	-15.804837	-51.297964	0.733604	full	68931505386853422763766831550	68931505386858249651876240877	-1,7,7,7,7	7,7,7,7,7	ok
-1.121435	-15.804837	-47.689250	0.743797	continued:5	68931505386853422763766831550	68931505386858249651876240877	-1,7,7,7,7	7,7,7,7,7	ok
-1.118599	-15.804837	-48.453676	0.741004	continued:5	68931505386853422763766831550	68931505386858249651876240877	-1,7,7,7,7	7,7,7,7,7	ok
-1.115763	-15.804837	-49.127255	0.738211	continued:5	68931505386853422763766831550	68931505386858249651876240877	-1,7,7,7,7	7,7,7,7,7	ok
-1.112927	-15.804837	-49.717036	0.735417	continued:5	68931505386853422763766831550	68931505386858249651876240877	-1,7,7,7,7	7,7,7,7,7	ok
-1.110092	-15.804837	-50.230768	0.733293	continued:5	68931505386853422763766831550	68931505386858249651876240877	-1,7,7,7,7	7,7,7,7,7	ok
-1.107256	-15.804837	-50.671396	0.732043	continued:5	68931505386853422763766831550	68931505386858249651876240877	-1,7,7,7,7	7,7,7,7,7	ok
-1.104420	-15.804837	-51.041716	0.731335	continued:5	68931505386853422763766831550	68931505386858249651876240877	-1,7,7,7,7	7,7,7,7,7	ok
-1.101585	-15.804837	-51.348245	0.730961	full	68931505386853422763766831550	68931505386858249651876240877	-1,7,7,7,7	7,7,7,7,7	ok
-1.098749	-15.804837	-47.859299	0.740833	continued:5	68931505386853422763766831550	68931505386858249651876240877	-1,7,7,7,7	7,7,7,7,7	ok
-1.095913	-15.804837	-48.603997	0.738040	continued:5	68931505386853422763766831550	68931505386858249651876240877	-1,7,7,7,7	7,7,7,7,7	ok
-1.093078	-15.804837	-49.258240	0.735247	continued:5	68931505386853422763766831550	68931505386858249651876240877	-1,7,7,7,7	7,7,7,7,7	ok
-1.090242	-15.804837	-49.829608	0.732581	continued:5	68931505386853422763766831550	68931505386858249651876240877	-1,7,7,7,7	7,7,7,7,7	ok
-1.087406	-15.804837	-50.325261	0.730457	continued:5	68931505386853422763766831550	68931505386858249651876240877	-1,7,7,7,7	7,7,7,7,7	ok
-1.084570	-15.804837	-50.749729	0.729207	continued:5	68931505386853422763766831550	68931505386858249651876240877	-1,7,7,7,7	7,7,7,7,7	ok
-1.081735	-15.804837	-51.105888	0.728706	continued:5	68931505386853422763766831550	68931505386858249651876240877	-1,7,7,7,7	7,7,7,7,7	ok
-1.078899	-15.804837	-51.398579	0.728332	full	68931505386853422763766831550	68931505386858249651876240877	-1,7,7,7,7	7,7,7,7,7	ok
-1.076063	-15.804837	-48.039466	0.737846	continued:5	68931505386853422763766831550	68931505386858249651876240877	-1,7,7,7,7	7,7,7,7,7	ok
-1.073228	-15.804837	-48.762359	0.735052	continued:5	68931505386853422763766831550	68931505386858249651876240877	-1,7,7,7,7	7,7,7,7,7	ok
-1.070392	-15.804837	-49.395572	0.732259	continued:5	68931505386853422763766831550	68931505386858249651876240877	-1,7,7,7,7	7,7,7,7,7	ok
-1.067556	-15.804837	-49.947202	0.729593	continued:5	68931505386853422763766831550	68931505386858249651876240877	-1,7,7,7,7	7,7,7,7,7	ok
-1.064721	-15.804837	-50.424841	0.727675	continued:5	68931505386853422763766831550	68931505386858249651876240877	-1,7,7,7,7	7,7,7,7,7	ok
-1.061885	-15.804837	-50.831581	0.726633	continued:5	68931505386853422763766831550	68931505386858249651876240877	-1,7,7,7,7	7,7,7,7,7	ok
-1.059049	-15.804837	-51.170726	0.726131	continued:5	68931505386853422763766831550	68931505386858249651876240877	-1,7,7,7,7	7,7,7,7,7	ok
-1.056214	-15.804837	-51.448953	0.725757	full	68931505386853422763766831550	68931505386858249651876240877	-1,7,7,7,7	7,7,7,7,7	ok
-1.053378	-15.804837	-48.212018	0.734718	continued:5	68931505386853422763766831550	68931505386858249651876240877	-1,7,7,7,7	7,7,7,7,7	ok
-1.050542	-15.804837	-48.914749	0.731924	continued:5	68931505386853422763766831550	68931505386858249651876240877	-1,7,7,7,7	7,7,7,7,7	ok
-1.047706	-15.804837	-49.528471	0.729131	continued:5	68931505386853422763766831550	68931505386858249651876240877	-1,7,7,7,7	7,7,7,7,7	ok
-1.044871	-15.804837	-50.061814	0.726672	continued:5	68931505386853422763766831550	68931505386858249651876240877	-1,7,7,7,7	7,7,7,7,7	ok
-1.042035	-15.804837	-50.521061	0.724882	continued:5	68931505386853422763766831550	68931505386858249651876240877	-1,7,7,7,7	7,7,7,7,7	ok
-1.039199	-15.804837	-50.910550	0.723839	continued:5	68931505386853422763766831550	68931505386858249651876240877	-1,7,7,7,7	7,7,7,7,7	ok
-1.036364	-15.804837	-51.234813	0.723465	continued:5	68931505386853422763766831550	68931505386858249651876240877	-1,7,7,7,7	7,7,7,7,7	ok
-1.033528	-15.804837	-51.499356	0.723091	full	68931505386853422763766831550	68931505386858249651876240877	-1,7,7,7,7	7,7,7,7,7	ok
-1.030692	-15.804837	-47.650052	0.734090	continued:5	68931505386853422763766831550	68931505386858249651876240877	-1,7,7,7,7	7,7,7,7,7	ok
-1.027857	-15.804837	-48.422107	0.731296	continued:5	68931505386853422763766831550	68931505386858249651876240877	-1,7,7,7,7	7,7,7,7,7	ok
-1.025021	-15.804837	-49.097788	0.728503	continued:5	68931505386853422763766831550	68931505386858249651876240877	-1,7,7,7,7	7,7,7,7,7	ok
-1.022185	-15.804837	-49.686054	0.725709	continued:5	68931505386853422763766831550	68931505386858249651876240877	-1,7,7,7,7	7,7,7,7,7	ok
-1.019349	-15.804837	-50.196047	0.723378	continued:5	68931505386853422763766831550	68931505386858249651876240877	-1,7,7,7,7	7,7,7,7,7	ok
-1.016514	-15.804837	-50.633339	0.721795	continued:5	68931505386853422763766831550	68931505386858249651876240877	-1,7,7,7,7	7,7,7,7,7	ok
-1.013678	-15.804837	-51.001986	0.720880	continued:5	68931505386853422763766831550	68931505386858249651876240877	-1,7,7,7,7	7,7,7,7,7	ok
-1.010842	-15.804837	-51.307416	0.720506	continued:5	68931505386853422763766831550	68931505386858249651876240877	-1,7,7,7,7	7,7,7,7,7	ok
-1.008007	-15.804837	-51.556079	0.719257	full	68931505386853422763766831550	68931505386858249651876240877	-1,7,7,7,7	7,7,7,7,7	ok
-1.005171	-15.804837	-48.136820	0.729998	continued:5	68931505386853422763766831550	68931505386858249651876240877	-1,7,7,7,7	7,7,7,7,7	ok
-1.002335	-15.804837	-48.846850	0.727205	continued:5	68931505386853422763766831550	68931505386858249651876240877	-1,7,7,7,7	7,7,7,7,7	ok
-0.999500	-15.804837	-49.465347	0.724412	continued:5	68931505386853422763766831550	68931505386858249651876240877	-1,7,7,7,7	7,7,7,7,7	ok
-0.996664	-15.804837	-50.001695	0.721746	continued:5	68931505386853422763766831550	68931505386858249651876240877	-1,7,7,7,7	7,7,7,7,7	ok
-0.993828	-15.804837	-50.464412	0.719828	continued:5	68931505386853422763766831550	68931505386858249651876240877	-1,7,7,7,7	7,7,7,7,7	ok
-0.990992	-15.804837	-50.857135	0.718579	continued:5	68931505386853422763766831550	68931505386858249651876240877	-1,7,7,7,7	7,7,7,7,7	ok
-0.988157	-15.804837	-51.185106	0.717871	continued:5	68931505386853422763766831550	68931505386858249651876240877	-1,7,7,7,7	7,7,7,7,7	ok
-0.985321	-15.804837	-51.454768	0.717497	full	68931505386853422763766831550	68931505386858249651876240877	-1,7,7,7,7	7,7,7,7,7	ok
-0.982485	-15.804837	-48.316406	0.726995	continued:5	68931505386853422763766831550	68931505386858249651876240877	-1,7,7,7,7	7,7,7,7,7	ok
-0.979650	-15.804837	-49.003115	0.724201	continued:5	68931505386853422763766831550	68931505386858249651876240877	-1,7,7,7,7	7,7,7,7,7	ok
-0.976814	-15.804837	-49.599733	0.721408	continued:5	68931505386853422763766831550	68931505386858249651876240877	-1,7,7,7,7	7,7,7,7,7	ok
-0.973978	-15.804837	-50.116047	0.718743	continued:5	68931505386853422763766831550	68931505386858249651876240877	-1,7,7,7,7	7,7,7,7,7	ok
-0.971143	-15.804837	-50.560851	0.716952	continued:5	68931505386853422763766831550	68931505386858249651876240877	-1,7,7,7,7	7,7,7,7,7	ok
-0.968307	-15.804837	-50.936832	0.715703	continued:5	68931505386853422763766831550	68931505386858249651876240877	-1,7,7,7,7	7,7,7,7,7	ok
-0.965471	-15.804837	-51.250437	0.715201	continued:5	68931505386853422763766831550	68931505386858249651876240877	-1,7,7,7,7	7,7,7,7,7	ok
-0.962636	-15.804837	-51.506268	0.714828	full	68931505386853422763766831550	68931505386858249651876240877	-1,7,7,7,7	7,7,7,7,7	ok
-0.959800	-15.804837	-47.769125	0.726247	continued:5	2375776217449233944999208019423160471316906707093953466759	68931505386858249651876240877	-1,7,7,7,7,7	7,7,7,7,7	ok
-0.956964	-15.804837	-48.527279	0.723453	continued:5	68931505386853422763766831550	68931505386858249651876240877	-1,7,7,7,7	7,7,7,7,7	ok
-0.954128	-15.804837	-49.186849	0.720660	continued:5	68931505386853422763766831550	68931505386858249651876240877	-1,7,7,7,7	7,7,7,7,7	ok
-0.951293	-15.804837	-49.758196	0.717866	continued:5	68931505386853422763766831550	68931505386858249651876240877	-1,7,7,7,7	7,7,7,7,7	ok
-0.948457	-15.804837	-50.251541	0.715535	continued:5	68931505386853422763766831550	68931505386858249651876240877	-1,7,7,7,7	7,7,7,7,7	ok
-0.945621	-15.804837	-50.673142	0.713745	continued:5	68931505386853422763766831550	68931505386858249651876240877	-1,7,7,7,7	7,7,7,7,7	ok
-0.942786	-15.804837	-51.029115	0.712702	continued:5	68931505386853422763766831550	68931505386858249651876240877	-1,7,7,7,7	7,7,7,7,7	ok
-0.939950	-15.804837	-51.324028	0.712201	continued:5	68931505386853422763766831550	68931505386858249651876240877	-1,7,7,7,7	7,7,7,7,7	ok
-0.937114	-15.804837	-51.564185	0.711827	full	68931505386853422763766831550	68931505386858249651876240877	-1,7,7,7,7	7,7,7,7,7	ok
-0.934279	-15.804837	-48.021403	0.722801	continued:5	2375776217449233944999208019423160471316906707093953466759	68931505386858249651876240877	-1,7,7,7,7,7	7,7,7,7,7	ok
-0.931443	-15.804837	-48.746708	0.720007	continued:5	2375776217449233944999208019423160471316906707093953466759	68931505386858249651876240877	-1,7,7,7,7,7	7,7,7,7,7	ok
-0.928607	-15.804837	-49.375763	0.717214	continued:5	2375776217449233944999208019423160471316906707093953466759	68931505386858249651876240877	-1,7,7,7,7,7	7,7,7,7,7	ok
-0.925771	-15.804837	-49.919272	0.714421	continued:5	68931505386853422763766831550	68931505386858249651876240877	-1,7,7,7,7	7,7,7,7,7	ok
-0.922936	-15.804837	-50.387762	0.712168	continued:5	68931505386853422763766831550	68931505386858249651876240877	-1,7,7,7,7	7,7,7,7,7	ok
-0.920100	-15.804837	-50.786955	0.710712	continued:5	68931505386853422763766831550	68931505386858249651876240877	-1,7,7,7,7	7,7,7,7,7	ok
-0.917264	-15.804837	-51.120944	0.709670	continued:5	68931505386853422763766831550	68931505386858249651876240877	-1,7,7,7,7	7,7,7,7,7	ok
-0.914429	-15.804837	-51.397353	0.709168	continued:5	68931505386853422763766831550	68931505386858249651876240877	-1,7,7,7,7	7,7,7,7,7	ok
-0.911593	-15.804837	-51.622063	0.708795	full	68931505386853422763766831550	68931505386858249651876240877	-1,7,7,7,7	7,7,7,7,7	ok
-0.908757	-15.804837	-48.277608	0.719259	continued:5	2375776217449233944999208019423160471316906707093953466759	68931505386858249651876240877	-1,7,7,7,7,7	7,7,7,7,7	ok
-0.905922	-15.804837	-48.968985	0.716466	continued:5	2375776217449233944999208019423160471316906707093953466759	68931505386858249651876240877	-1,7,7,7,7,7	7,7,7,7,7	ok
-0.903086	-15.804837	-49.566809	0.713672	continued:5	2375776217449233944999208019423160471316906707093953466759	68931505386858249651876240877	-1,7,7,7,7,7	7,7,7,7,7	ok
-0.900250	-15.804837	-50.082118	0.711007	continued:5	2375776217449233944999208019423160471316906707093953466759	68931505386858249651876240877	-1,7,7,7,7,7	7,7,7,7,7	ok
-0.897415	-15.804837	-50.524579	0.708882	continued:5	68931505386853422763766831550	68931505386858249651876240877	-1,7,7,7,7	7,7,7,7,7	ok
-0.894579	-15.804837	-50.900189	0.707505	continued:5	68931505386853422763766831550	68931505386858249651876240877	-1,7,7,7,7	7,7,7,7,7	ok
-0.891743	-15.804837	-51.213485	0.706590	continued:5	68931505386853422763766831550	68931505386858249651876240877	-1,7,7,7,7	7,7,7,7,7	ok
-0.888907	-15.804837	-51.471489	0.706216	continued:5	68931505386853422763766831550	68931505386858249651876240877	-1,7,7,7,7	7,7,7,7,7	ok
-0.886072	-15.804837	-51.679882	0.705842	full	68931505386853422763766831550	68931505386858249651876240877	-1,7,7,7,7	7,7,7,7,7	ok
-0.883236	-15.804837	-47.960444	0.717581	continued:5	2375776217449233944999208019423160471316906707093953466759	68931505386858249651876240877	-1,7,7,7,7,7	7,7,7,7,7	ok
-0.880400	-15.804837	-48.694536	0.714787	continued:5	2375776217449233944999208019423160471316906707093953466759	68931505386858249651876240877	-1,7,7,7,7,7	7,7,7,7,7	ok
-0.877565	-15.804837	-49.329055	0.711994	continued:5	2375776217449233944999208019423160471316906707093953466759	68931505386858249651876240877	-1,7,7,7,7,7	7,7,7,7,7	ok
-0.874729	-15.804837	-49.875729	0.709200	continued:5	2375776217449233944999208019423160471316906707093953466759	68931505386858249651876240877	-1,7,7,7,7,7	7,7,7,7,7	ok
-0.871893	-15.804837	-50.345813	0.706741	continued:5	2375776217449233944999208019423160471316906707093953466759	68931505386858249651876240877	-1,7,7,7,7,7	7,7,7,7,7	ok
-0.869058	-15.804837	-50.747245	0.704951	continued:5	2375776217449233944999208019423160471316906707093953466759	68931505386858249651876240877	-1,7,7,7,7,7	7,7,7,7,7	ok
-0.866222	-15.804837	-51.085107	0.703909	continued:5	68931505386853422763766831550	68931505386858249651876240877	-1,7,7,7,7	7,7,7,7,7	ok
-0.863386	-15.804837	-51.364026	0.703200	continued:5	68931505386853422763766831550	68931505386858249651876240877	-1,7,7,7,7	7,7,7,7,7	ok
-0.860550	-15.804837	-51.591891	0.703161	full	68931505386853422763766831550	68931505386858249651876240877	-1,7,7,7,7	7,7,7,7,7	ok
-0.857715	-15.804837	-48.216165	0.714011	continued:5	2375776217449233944999208019423160471316906707093953466759	68931505386858249651876240877	-1,7,7,7,7,7	7,7,7,7,7	ok
-0.854879	-15.804837	-48.916267	0.711217	continued:5	2375776217449233944999208019423160471316906707093953466759	68931505386858249651876240877	-1,7,7,7,7,7	7,7,7,7,7	ok
-0.852043	-15.804837	-49.519668	0.708424	continued:5	2375776217449233944999208019423160471316906707093953466759	68931505386858249651876240877	-1,7,7,7,7,7	7,7,7,7,7	ok
-0.849208	-15.804837	-50.038348	0.705631	continued:5	2375776217449233944999208019423160471316906707093953466759	68931505386858249651876240877	-1,7,7,7,7,7	7,7,7,7,7	ok
-0.846372	-15.804837	-50.483739	0.703378	continued:5	2375776217449233944999208019423160471316906707093953466759	68931505386858249651876240877	-1,7,7,7,7,7	7,7,7,7,7	ok
-0.843536	-15.804837	-50.862037	0.701795	continued:5	2375776217449233944999208019423160471316906707093953466759	68931505386858249651876240877	-1,7,7,7,7,7	7,7,7,7,7	ok
-0.840701	-15.804837	-51.178546	0.700880	continued:5	2375776217449233944999208019423160471316906707093953466759	68931505386858249651876240877	-1,7,7,7,7,7	7,7,7,7,7	ok
-0.837865	-15.804837	-51.438563	0.700172	continued:5	68931505386853422763766831550	68931505386858249651876240877	-1,7,7,7,7	7,7,7,7,7	ok
-0.835029	-15.804837	-51.650775	0.699798	full	68931505386853422763766831550	68931505386858249651876240877	-1,7,7,7,7	7,7,7,7,7	ok
-0.832193	-15.804837	-48.479258	0.710541	continued:5	2375776217449233944999208019423160471316906707093953466759	68931505386858249651876240877	-1,7,7,7,7,7	7,7,7,7,7	ok
-0.829358	-15.804837	-49.141827	0.707748	continued:5	2375776217449233944999208019423160471316906707093953466759	68931505386858249651876240877	-1,7,7,7,7,7	7,7,7,7,7	ok
-0.826522	-15.804837	-49.711451	0.704954	continued:5	2375776217449233944999208019423160471316906707093953466759	68931505386858249651876240877	-1,7,7,7,7,7	7,7,7,7,7	ok
-0.823686	-15.804837	-50.200247	0.702161	continued:5	2375776217449233944999208019423160471316906707093953466759	68931505386858249651876240877	-1,7,7,7,7,7	7,7,7,7,7	ok
-0.820851	-15.804837	-50.619659	0.700036	continued:5	2375776217449233944999208019423160471316906707093953466759	68931505386858249651876240877	-1,7,7,7,7,7	7,7,7,7,7	ok
-0.818015	-15.804837	-50.974652	0.698580	continued:5	2375776217449233944999208019423160471316906707093953466759	68931505386858249651876240877	-1,7,7,7,7,7	7,7,7,7,7	ok
-0.815179	-15.804837	-51.270470	0.697666	continued:5	2375776217449233944999208019423160471316906707093953466759	68931505386858249651876240877	-1,7,7,7,7,7	7,7,7,7,7	ok
-0.812344	-15.804837	-51.513257	0.697164	continued:5	2375776217449233944999208019423160471316906707093953466759	68931505386858249651876240877	-1,7,7,7,7,7	7,7,7,7,7	ok
-0.809508	-15.804837	-51.709546	0.696790	full	2375776217449233944999208019423160471316906707093953466759	68931505386858249651876240877	-1,7,7,7,7,7	7,7,7,7,7	ok
-0.806672	-15.804837	-48.049355	0.709189	continued:5	2375776217449233944999208019423160471316906707093953466759	68931505386858249651876240877	-1,7,7,7,7,7	7,7,7,7,7	ok
-0.803837	-15.804837	-48.772871	0.706395	continued:5	2375776217449233944999208019423160471316906707093953466759	68931505386858249651876240877	-1,7,7,7,7,7	7,7,7,7,7	ok
-0.801001	-15.804837	-49.394602	0.703602	continued:5	2375776217449233944999208019423160471316906707093953466759	68931505386858249651876240877	-1,7,7,7,7,7	7,7,7,7,7	ok
-0.798165	-15.804837	-49.927667	0.700809	continued:5	2375776217449233944999208019423160471316906707093953466759	68931505386858249651876240877	-1,7,7,7,7,7	7,7,7,7,7	ok
-0.795329	-15.804837	-50.384308	0.698143	continued:5	2375776217449233944999208019423160471316906707093953466759	68931505386858249651876240877	-1,7,7,7,7,7	7,7,7,7,7	ok
-0.792494	-15.804837	-50.774825	0.696353	continued:5	2375776217449233944999208019423160471316906707093953466759	68931505386858249651876240877	-1,7,7,7,7,7	7,7,7,7,7	ok
-0.789658	-15.804837	-51.102462	0.695104	continued:5	2375776217449233944999208019423160471316906707093953466759	68931505386858249651876240877	-1,7,7,7,7,7	7,7,7,7,7	ok
-0.786822	-15.804837	-51.373725	0.694268	continued:5	2375776217449233944999208019423160471316906707093953466759	68931505386858249651876240877	-1,7,7,7,7,7	7,7,7,7,7	ok
-0.783987	-15.804837	-51.595582	0.693766	continued:5	2375776217449233944999208019423160471316906707093953466759	68931505386858249651876240877	-1,7,7,7,7,7	7,7,7,7,7	ok
-0.781151	-15.804837	-51.774690	0.693392	full	2375776217449233944999208019423160471316906707093953466759	68931505386858249651876240877	-1,7,7,7,7,7	7,7,7,7,7	ok
-0.778315	-15.804837	-48.404247	0.704913	continued:5	2375776217449233944999208019423160471316906707093953466759	68931505386858249651876240877	-1,7,7,7,7,7	7,7,7,7,7	ok
-0.775480	-15.804837	-49.079048	0.702120	continued:5	2375776217449233944999208019423160471316906707093953466759	68931505386858249651876240877	-1,7,7,7,7,7	7,7,7,7,7	ok
-0.772644	-15.804837	-49.657139	0.699326	continued:5	2375776217449233944999208019423160471316906707093953466759	68931505386858249651876240877	-1,7,7,7,7,7	7,7,7,7,7	ok
-0.769808	-15.804837	-50.151675	0.696533	continued:5	2375776217449233944999208019423160471316906707093953466759	68931505386858249651876240877	-1,7,7,7,7,7	7,7,7,7,7	ok
-0.766972	-15.804837	-50.574861	0.694408	continued:5	2375776217449233944999208019423160471316906707093953466759	68931505386858249651876240877	-1,7,7,7,7,7	7,7,7,7,7	ok
-0.764137	-15.804837	-50.932166	0.692618	continued:5	2375776217449233944999208019423160471316906707093953466759	68931505386858249651876240877	-1,7,7,7,7,7	7,7,7,7,7	ok
-0.761301	-15.804837	-51.232021	0.691576	continued:5	2375776217449233944999208019423160471316906707093953466759	68931505386858249651876240877	-1,7,7,7,7,7	7,7,7,7,7	ok
-0.758465	-15.804837	-51.478540	0.690867	continued:5	2375776217449233944999208019423160471316906707093953466759	68931505386858249651876240877	-1,7,7,7,7,7	7,7,7,7,7	ok
-0.755630	-15.804837	-51.679025	0.690494	continued:5	2375776217449233944999208019423160471316906707093953466759	68931505386858249651876240877	-1,7,7,7,7,7	7,7,7,7,7	ok
-0.752794	-15.804837	-51.839645	0.690120	full	2375776217449233944999208019423160471316906707093953466759	68931505386858249651876240877	-1,7,7,7,7,7	7,7,7,7,7	ok
-0.749958	-15.804837	-48.056217	0.703040	continued:5	2375776217449233944999208019423160471316906707093953466759	68931505386858249651876240877	-1,7,7,7,7,7	7,7,7,7,7	ok
-0.747123	-15.804837	-48.781526	0.700247	continued:5	2375776217449233944999208019423160471316906707093953466759	68931505386858249651876240877	-1,7,7,7,7,7	7,7,7,7,7	ok
-0.744287	-15.804837	-49.402146	0.697454	continued:5	2375776217449233944999208019423160471316906707093953466759	68931505386858249651876240877	-1,7,7,7,7,7	7,7,7,7,7	ok
-0.741451	-15.804837	-49.932355	0.694660	continued:5	2375776217449233944999208019423160471316906707093953466759	68931505386858249651876240877	-1,7,7,7,7,7	7,7,7,7,7	ok
-0.738616	-15.804837	-50.385215	0.692201	continued:5	2375776217449233944999208019423160471316906707093953466759	68931505386858249651876240877	-1,7,7,7,7,7	7,7,7,7,7	ok
-0.735780	-15.804837	-50.769794	0.690077	continued:5	2375776217449233944999208019423160471316906707093953466759	68931505386858249651876240877	-1,7,7,7,7,7	7,7,7,7,7	ok
-0.732944	-15.804837	-51.094621	0.688621	continued:5	2375776217449233944999208019423160471316906707093953466759	68931505386858249651876240877	-1,7,7,7,7,7	7,7,7,7,7	ok
-0.730108	-15.804837	-51.364631	0.687578	continued:5	2375776217449233944999208019423160471316906707093953466759	68931505386858249651876240877	-1,7,7,7,7,7	7,7,7,7,7	ok
-0.727273	-15.804837	-51.586588	0.687077	continued:5	2375776217449233944999208019423160471316906707093953466759	68931505386858249651876240877	-1,7,7,7,7,7	7,7,7,7,7	ok
-0.724437	-15.804837	-51.765270	0.686703	full	2375776217449233944999208019423160471316906707093953466759	68931505386858249651876240877	-1,7,7,7,7,7	7,7,7,7,7	ok
-0.721601	-15.804837	-48.410523	0.698929	continued:5	2375776217449233944999208019423160471316906707093953466759	68931505386858249651876240877	-1,7,7,7,7,7	7,7,7,7,7	ok
-0.718766	-15.804837	-49.084583	0.696136	continued:5	2375776217449233944999208019423160471316906707093953466759	68931505386858249651876240877	-1,7,7,7,7,7	7,7,7,7,7	ok
-0.715930	-15.804837	-49.659874	0.693342	continued:5	2375776217449233944999208019423160471316906707093953466759	68931505386858249651876240877	-1,7,7,7,7,7	7,7,7,7,7	ok
-0.713094	-15.804837	-50.150495	0.690549	continued:5	2375776217449233944999208019423160471316906707093953466759	68931505386858249651876240877	-1,7,7,7,7,7	7,7,7,7,7	ok
-0.710259	-15.804837	-50.569296	0.688218	continued:5	2375776217449233944999208019423160471316906707093953466759	68931505386858249651876240877	-1,7,7,7,7,7	7,7,7,7,7	ok
-0.707423	-15.804837	-50.923885	0.686300	continued:5	2375776217449233944999208019423160471316906707093953466759	68931505386858249651876240877	-1,7,7,7,7,7	7,7,7,7,7	ok
-0.704587	-15.804837	-51.221872	0.685050	continued:5	2375776217449233944999208019423160471316906707093953466759	68931505386858249651876240877	-1,7,7,7,7,7	7,7,7,7,7	ok
-0.701751	-15.804837	-51.467966	0.684136	continued:5	2375776217449233944999208019423160471316906707093953466759	68931505386858249651876240877	-1,7,7,7,7,7	7,7,7,7,7	ok
-0.698916	-15.804837	-51.669278	0.683634	continued:5	2375776217449233944999208019423160471316906707093953466759	68931505386858249651876240877	-1,7,7,7,7,7	7,7,7,7,7	ok
-0.696080	-15.804837	-51.831145	0.683260	full	2375776217449233944999208019423160471316906707093953466759	68931505386858249651876240877	-1,7,7,7,7,7	7,7,7,7,7	ok
-0.693244	-15.804837	-48.096772	0.697090	continued:5	2375776217449233944999208019423160471316906707093953466759	68931505386858249651876240877	-1,7,7,7,7,7	7,7,7,7,7	ok
-0.690409	-15.804837	-48.816381	0.694297	continued:5	2375776217449233944999208019423160471316906707093953466759	68931505386858249651876240877	-1,7,7,7,7,7	7,7,7,7,7	ok
-0.687573	-15.804837	-49.429694	0.691503	continued:5	2375776217449233944999208019423160471316906707093953466759	68931505386858249651876240877	-1,7,7,7,7,7	7,7,7,7,7	ok
-0.684737	-15.804837	-49.951967	0.688710	continued:5	2375776217449233944999208019423160471316906707093953466759	68931505386858249651876240877	-1,7,7,7,7,7	7,7,7,7,7	ok
-0.681902	-15.804837	-50.396926	0.685917	continued:5	2375776217449233944999208019423160471316906707093953466759	68931505386858249651876240877	-1,7,7,7,7,7	7,7,7,7,7	ok
-0.679066	-15.804837	-50.776934	0.683792	continued:5	2375776217449233944999208019423160471316906707093953466759	68931505386858249651876240877	-1,7,7,7,7,7	7,7,7,7,7	ok
-0.676230	-15.804837	-51.097199	0.682209	continued:5	2375776217449233944999208019423160471316906707093953466759	68931505386858249651876240877	-1,7,7,7,7,7	7,7,7,7,7	ok
-0.673394	-15.804837	-51.363915	0.681166	continued:5	2375776217449233944999208019423160471316906707093953466759	68931505386858249651876240877	-1,7,7,7,7,7	7,7,7,7,7	ok
-0.670559	-15.804837	-51.582653	0.680330	continued:5	2375776217449233944999208019423160471316906707093953466759	68931505386858249651876240877	-1,7,7,7,7,7	7,7,7,7,7	ok
-0.667723	-15.804837	-51.761050	0.679956	continued:5	2375776217449233944999208019423160471316906707093953466759	68931505386858249651876240877	-1,7,7,7,7,7	7,7,7,7,7	ok
-0.664887	-15.804837	-51.903295	0.679582	full	2375776217449233944999208019423160471316906707093953466759	68931505386858249651876240877	-1,7,7,7,7,7	7,7,7,7,7	ok
-0.662052	-15.804837	-48.567847	0.692029	continued:5	2375776217449233944999208019423160471316906707093953466759	68931505386858249651876240877	-1,7,7,7,7,7	7,7,7,7,7	ok
-0.659216	-15.804837	-49.219948	0.689236	continued:5	2375776217449233944999208019423160471316906707093953466759	68931505386858249651876240877	-1,7,7,7,7,7	7,7,7,7,7	ok
-0.656380	-15.804837	-49.774185	0.686442	continued:5	2375776217449233944999208019423160471316906707093953466759	68931505386858249651876240877	-1,7,7,7,7,7	7,7,7,7,7	ok
-0.653545	-15.804837	-50.245343	0.683649	continued:5	2375776217449233944999208019423160471316906707093953466759	68931505386858249651876240877	-1,7,7,7,7,7	7,7,7,7,7	ok
-0.650709	-15.804837	-50.646673	0.681318	continued:5	2375776217449233944999208019423160471316906707093953466759	68931505386858249651876240877	-1,7,7,7,7,7	7,7,7,7,7	ok
-0.647873	-15.804837	-50.985903	0.679527	continued:5	2375776217449233944999208019423160471316906707093953466759	68931505386858249651876240877	-1,7,7,7,7,7	7,7,7,7,7	ok
-0.645038	-15.804837	-51.269509	0.678150	continued:5	2375776217449233944999208019423160471316906707093953466759	68931505386858249651876240877	-1,7,7,7,7,7	7,7,7,7,7	ok
-0.642202	-15.804837	-51.504433	0.677108	continued:5	2375776217449233944999208019423160471316906707093953466759	68931505386858249651876240877	-1,7,7,7,7,7	7,7,7,7,7	ok
-0.639366	-15.804837	-51.697310	0.676606	continued:5	2375776217449233944999208019423160471316906707093953466759	68931505386858249651876240877	-1,7,7,7,7,7	7,7,7,7,7	ok
-0.636530	-15.804837	-51.851972	0.676232	continued:5	2375776217449233944999208019423160471316906707093953466759	68931505386858249651876240877	-1,7,7,7,7,7	7,7,7,7,7	ok
-0.633695	-15.804837	-51.975084	0.675859	full	2375776217449233944999208019423160471316906707093953466759	68931505386858249651876240877	-1,7,7,7,7,7	7,7,7,7,7	ok
-0.630859	-15.804837	-48.196038	0.690119	continued:5	2375776217449233944999208019423160471316906707093953466759	68931505386858249651876240877	-1,7,7,7,7,7	7,7,7,7,7	ok
-0.628023	-15.804837	-48.903769	0.687325	continued:5	2375776217449233944999208019423160471316906707093953466759	68931505386858249651876240877	-1,7,7,7,7,7	7,7,7,7,7	ok
-0.625188	-15.804837	-49.504174	0.684532	continued:5	2375776217449233944999208019423160471316906707093953466759	68931505386858249651876240877	-1,7,7,7,7,7	7,7,7,7,7	ok
-0.622352	-15.804837	-50.013522	0.681738	continued:5	2375776217449233944999208019423160471316906707093953466759	68931505386858249651876240877	-1,7,7,7,7,7	7,7,7,7,7	ok
-0.619516	-15.804837	-50.446221	0.678945	continued:5	2375776217449233944999208019423160471316906707093953466759	68931505386858249651876240877	-1,7,7,7,7,7	7,7,7,7,7	ok
-0.616681	-15.804837	-50.815033	0.676693	continued:5	2375776217449233944999208019423160471316906707093953466759	68931505386858249651876240877	-1,7,7,7,7,7	7,7,7,7,7	ok
-0.613845	-15.804837	-51.126399	0.675109	continued:5	2375776217449233944999208019423160471316906707093953466759	68931505386858249651876240877	-1,7,7,7,7,7	7,7,7,7,7	ok
-0.611009	-15.804837	-51.385185	0.673860	continued:5	2375776217449233944999208019423160471316906707093953466759	68931505386858249651876240877	-1,7,7,7,7,7	7,7,7,7,7	ok
-0.608173	-15.804837	-51.598697	0.673024	continued:5	2375776217449233944999208019423160471316906707093953466759	68931505386858249651876240877	-1,7,7,7,7,7	7,7,7,7,7	ok
-0.605338	-15.804837	-51.772410	0.672316	continued:5	2375776217449233944999208019423160471316906707093953466759	68931505386858249651876240877	-1,7,7,7,7,7	7,7,7,7,7	ok
-0.602502	-15.804837	-51.913281	0.672149	full	2375776217449233944999208019423160471316906707093953466759	68931505386858249651876240877	-1,7,7,7,7,7	7,7,7,7,7	ok
-0.599666	-15.804837	-48.663843	0.685169	continued:5	2375776217449233944999208019423160471316906707093953466759	68931505386858249651876240877	-1,7,7,7,7,7	7,7,7,7,7	ok
-0.596831	-15.804837	-49.301579	0.682376	continued:5	2375776217449233944999208019423160471316906707093953466759	68931505386858249651876240877	-1,7,7,7,7,7	7,7,7,7,7	ok
-0.593995	-15.804837	-49.841483	0.679583	continued:5	2375776217449233944999208019423160471316906707093953466759	68931505386858249651876240877	-1,7,7,7,7,7	7,7,7,7,7	ok
-0.591159	-15.804837	-50.299072	0.676789	continued:5	2375776217449233944999208019423160471316906707093953466759	68931505386858249651876240877	-1,7,7,7,7,7	7,7,7,7,7	ok
-0.588324	-15.804837	-50.688029	0.674330	continued:5	2375776217449233944999208019423160471316906707093953466759	68931505386858249651876240877	-1,7,7,7,7,7	7,7,7,7,7	ok
-0.585488	-15.804837	-51.017363	0.672412	continued:5	2375776217449233944999208019423160471316906707093953466759	68931505386858249651876240877	-1,7,7,7,7,7	7,7,7,7,7	ok
-0.582652	-15.804837	-51.293301	0.670829	continued:5	2375776217449233944999208019423160471316906707093953466759	68931505386858249651876240877	-1,7,7,7,7,7	7,7,7,7,7	ok
-0.579817	-15.804837	-51.523197	0.669786	continued:5	2375776217449233944999208019423160471316906707093953466759	68931505386858249651876240877	-1,7,7,7,7,7	7,7,7,7,7	ok
-0.576981	-15.804837	-51.711514	0.669078	continued:5	2375776217449233944999208019423160471316906707093953466759	68931505386858249651876240877	-1,7,7,7,7,7	7,7,7,7,7	ok
-0.574145	-15.804837	-51.863820	0.668576	continued:5	2375776217449233944999208019423160471316906707093953466759	68931505386858249651876240877	-1,7,7,7,7,7	7,7,7,7,7	ok
-0.571309	-15.804837	-51.985752	0.668203	full	2375776217449233944999208019423160471316906707093953466759	68931505386858249651876240877	-1,7,7,7,7,7	7,7,7,7,7	ok
-0.568474	-15.804837	-48.534602	0.682346	continued:5	2375776217449233944999208019423160471316906707093953466759	68931505386858249651876240877	-1,7,7,7,7,7	7,7,7,7,7	ok
-0.565638	-15.804837	-49.192898	0.679553	continued:5	2375776217449233944999208019423160471316906707093953466759	68931505386858249651876240877	-1,7,7,7,7,7	7,7,7,7,7	ok
-0.562802	-15.804837	-49.749009	0.676759	continued:5	2375776217449233944999208019423160471316906707093953466759	68931505386858249651876240877	-1,7,7,7,7,7	7,7,7,7,7	ok
-0.559967	-15.804837	-50.219360	0.673966	continued:5	2375776217449233944999208019423160471316906707093953466759	68931505386858249651876240877	-1,7,7,7,7,7	7,7,7,7,7	ok
-0.557131	-15.804837	-50.618330	0.671300	continued:5	2375776217449233944999208019423160471316906707093953466759	68931505386858249651876240877	-1,7,7,7,7,7	7,7,7,7,7	ok
-0.554295	-15.804837	-50.957290	0.669176	continued:5	2375776217449233944999208019423160471316906707093953466759	68931505386858249651876240877	-1,7,7,7,7,7	7,7,7,7,7	ok
-0.551460	-15.804837	-51.242475	0.667592	continued:5	2375776217449233944999208019423160471316906707093953466759	68931505386858249651876240877	-1,7,7,7,7,7	7,7,7,7,7	ok
-0.548624	-15.804837	-51.479503	0.666343	continued:5	2375776217449233944999208019423160471316906707093953466759	68931505386858249651876240877	-1,7,7,7,7,7	7,7,7,7,7	ok
-0.545788	-15.804837	-51.675041	0.665428	continued:5	2375776217449233944999208019423160471316906707093953466759	68931505386858249651876240877	-1,7,7,7,7,7	7,7,7,7,7	ok
-0.542952	-15.804837	-51.834632	0.664926	continued:5	2375776217449233944999208019423160471316906707093953466759	68931505386858249651876240877	-1,7,7,7,7,7	7,7,7,7,7	ok
-0.540117	-15.804837	-51.962159	0.664425	continued:5	2375776217449233944999208019423160471316906707093953466759	68931505386858249651876240877	-1,7,7,7,7,7	7,7,7,7,7	ok
-0.537281	-15.804837	-52.064280	0.664051	full	2375776217449233944999208019423160471316906707093953466759	68931505386858249651876240877	-1,7,7,7,7,7	7,7,7,7,7	ok
-0.534445	-15.804837	-48.574172	0.678631	continued:5	2375776217449233944999208019423160471316906707093953466759	68931505386858249651876240877	-1,7,7,7,7,7	7,7,7,7,7	ok
-0.531610	-15.804837	-49.227152	0.675838	continued:5	2375776217449233944999208019423160471316906707093953466759	68931505386858249651876240877	-1,7,7,7,7,7	7,7,7,7,7	ok
-0.528774	-15.804837	-49.777563	0.673045	continued:5	2375776217449233944999208019423160471316906707093953466759	68931505386858249651876240877	-1,7,7,7,7,7	7,7,7,7,7	ok
-0.525938	-15.804837	-50.242285	0.670251	continued:5	2375776217449233944999208019423160471316906707093953466759	68931505386858249651876240877	-1,7,7,7,7,7	7,7,7,7,7	ok
-0.523103	-15.804837	-50.635982	0.667586	continued:5	2375776217449233944999208019423160471316906707093953466759	68931505386858249651876240877	-1,7,7,7,7,7	7,7,7,7,7	ok
-0.520267	-15.804837	-50.970169	0.665461	continued:5	2375776217449233944999208019423160471316906707093953466759	68931505386858249651876240877	-1,7,7,7,7,7	7,7,7,7,7	ok
-0.517431	-15.804837	-51.251122	0.663671	continued:5	2375776217449233944999208019423160471316906707093953466759	68931505386858249651876240877	-1,7,7,7,7,7	7,7,7,7,7	ok
-0.514595	-15.804837	-51.486238	0.662422	continued:5	2375776217449233944999208019423160471316906707093953466759	68931505386858249651876240877	-1,7,7,7,7,7	7,7,7,7,7	ok
-0.511760	-15.804837	-51.679972	0.661507	continued:5	2375776217449233944999208019423160471316906707093953466759	68931505386858249651876240877	-1,7,7,7,7,7	7,7,7,7,7	ok
-0.508924	-15.804837	-51.837903	0.660799	continued:5	2375776217449233944999208019423160471316906707093953466759	68931505386858249651876240877	-1,7,7,7,7,7	7,7,7,7,7	ok
-0.506088	-15.804837	-51.965676	0.660297	continued:5	2375776217449233944999208019423160471316906707093953466759	68931505386858249651876240877	-1,7,7,7,7,7	7,7,7,7,7	ok
-0.503253	-15.804837	-52.067836	0.659923	continued:5	2375776217449233944999208019423160471316906707093953466759	68931505386858249651876240877	-1,7,7,7,7,7	7,7,7,7,7	ok
-0.500417	-15.804837	-52.148682	0.659549	full	2375776217449233944999208019423160471316906707093953466759	68931505386858249651876240877	-1,7,7,7,7,7	7,7,7,7,7	ok
-0.497581	-15.804837	-48.787211	0.673741	continued:5	2375776217449233944999208019423160471316906707093953466759	68931505386858249651876240877	-1,7,7,7,7,7	7,7,7,7,7	ok
-0.494746	-15.804837	-49.409743	0.670948	continued:5	2375776217449233944999208019423160471316906707093953466759	68931505386858249651876240877	-1,7,7,7,7,7	7,7,7,7,7	ok
-0.491910	-15.804837	-49.933322	0.668155	continued:5	2375776217449233944999208019423160471316906707093953466759	68931505386858249651876240877	-1,7,7,7,7,7	7,7,7,7,7	ok
-0.489074	-15.804837	-50.374782	0.665361	continued:5	2375776217449233944999208019423160471316906707093953466759	68931505386858249651876240877	-1,7,7,7,7,7	7,7,7,7,7	ok
-0.486239	-15.804837	-50.748623	0.662902	continued:5	2375776217449233944999208019423160471316906707093953466759	68931505386858249651876240877	-1,7,7,7,7,7	7,7,7,7,7	ok
-0.483403	-15.804837	-51.064245	0.660778	continued:5	2375776217449233944999208019423160471316906707093953466759	68931505386858249651876240877	-1,7,7,7,7,7	7,7,7,7,7	ok
-0.480567	-15.804837	-51.329809	0.659194	continued:5	2375776217449233944999208019423160471316906707093953466759	68931505386858249651876240877	-1,7,7,7,7,7	7,7,7,7,7	ok
-0.477731	-15.804837	-51.550454	0.657945	continued:5	2375776217449233944999208019423160471316906707093953466759	68931505386858249651876240877	-1,7,7,7,7,7	7,7,7,7,7	ok
-0.474896	-15.804837	-51.732395	0.656902	continued:5	2375776217449233944999208019423160471316906707093953466759	68931505386858249651876240877	-1,7,7,7,7,7	7,7,7,7,7	ok
-0.472060	-15.804837	-51.881840	0.656194	continued:5	2375776217449233944999208019423160471316906707093953466759	68931505386858249651876240877	-1,7,7,7,7,7	7,7,7,7,7	ok
-0.469224	-15.804837	-52.002703	0.655693	continued:5	2375776217449233944999208019423160471316906707093953466759	68931505386858249651876240877	-1,7,7,7,7,7	7,7,7,7,7	ok
-0.466389	-15.804837	-52.099242	0.655319	full	2375776217449233944999208019423160471316906707093953466759	68931505386858249651876240877	-1,7,7,7,7,7	7,7,7,7,7	ok
-0.463553	-15.804837	-48.837417	0.669948	continued:5	2375776217449233944999208019423160471316906707093953466759	68931505386858249651876240877	-1,7,7,7,7,7	7,7,7,7,7	ok
-0.460717	-15.804837	-49.452995	0.667154	continued:5	2375776217449233944999208019423160471316906707093953466759	68931505386858249651876240877	-1,7,7,7,7,7	7,7,7,7,7	ok
-0.457882	-15.804837	-49.969678	0.664361	continued:5	2375776217449233944999208019423160471316906707093953466759	68931505386858249651876240877	-1,7,7,7,7,7	7,7,7,7,7	ok
-0.455046	-15.804837	-50.404655	0.661568	continued:5	2375776217449233944999208019423160471316906707093953466759	68931505386858249651876240877	-1,7,7,7,7,7	7,7,7,7,7	ok
-0.452210	-15.804837	-50.772626	0.659109	continued:5	2375776217449233944999208019423160471316906707093953466759	68931505386858249651876240877	-1,7,7,7,7,7	7,7,7,7,7	ok
-0.449374	-15.804837	-51.083059	0.656984	continued:5	2375776217449233944999208019423160471316906707093953466759	68931505386858249651876240877	-1,7,7,7,7,7	7,7,7,7,7	ok
-0.446539	-15.804837	-51.344116	0.655194	continued:5	2375776217449233944999208019423160471316906707093953466759	68931505386858249651876240877	-1,7,7,7,7,7	7,7,7,7,7	ok
-0.443703	-15.804837	-51.562698	0.653945	continued:5	2375776217449233944999208019423160471316906707093953466759	68931505386858249651876240877	-1,7,7,7,7,7	7,7,7,7,7	ok
-0.440867	-15.804837	-51.742744	0.652902	continued:5	2375776217449233944999208019423160471316906707093953466759	68931505386858249651876240877	-1,7,7,7,7,7	7,7,7,7,7	ok
-0.438032	-15.804837	-51.890488	0.652066	continued:5	2375776217449233944999208019423160471316906707093953466759	68931505386858249651876240877	-1,7,7,7,7,7	7,7,7,7,7	ok
-0.435196	-15.804837	-52.010942	0.651565	continued:5	2375776217449233944999208019423160471316906707093953466759	68931505386858249651876240877	-1,7,7,7,7,7	7,7,7,7,7	ok
-0.432360	-15.804837	-52.107013	0.651063	continued:5	2375776217449233944999208019423160471316906707093953466759	68931505386858249651876240877	-1,7,7,7,7,7	7,7,7,7,7	ok
-0.429525	-15.804837	-52.183908	0.650689	full	2375776217449233944999208019423160471316906707093953466759	68931505386858249651876240877	-1,7,7,7,7,7	7,7,7,7,7	ok
-0.426689	-15.804837	-48.569761	0.667153	continued:5	2375776217449233944999208019423160471316906707093953466759	68931505386858249651876240877	-1,7,7,7,7,7	7,7,7,7,7	ok
-0.423853	-15.804837	-49.229104	0.664359	continued:5	2375776217449233944999208019423160471316906707093953466759	68931505386858249651876240877	-1,7,7,7,7,7	7,7,7,7,7	ok
-0.421018	-15.804837	-49.780760	0.661566	continued:5	2375776217449233944999208019423160471316906707093953466759	68931505386858249651876240877	-1,7,7,7,7,7	7,7,7,7,7	ok
-0.418182	-15.804837	-50.243638	0.658773	continued:5	2375776217449233944999208019423160471316906707093953466759	68931505386858249651876240877	-1,7,7,7,7,7	7,7,7,7,7	ok
-0.415346	-15.804837	-50.633779	0.655979	continued:5	2375776217449233944999208019423160471316906707093953466759	68931505386858249651876240877	-1,7,7,7,7,7	7,7,7,7,7	ok
-0.412510	-15.804837	-50.964749	0.653520	continued:5	2375776217449233944999208019423160471316906707093953466759	68931505386858249651876240877	-1,7,7,7,7,7	7,7,7,7,7	ok
-0.409675	-15.804837	-51.244901	0.651602	continued:5	2375776217449233944999208019423160471316906707093953466759	68931505386858249651876240877	-1,7,7,7,7,7	7,7,7,7,7	ok
-0.406839	-15.804837	-51.479504	0.650147	continued:5	2375776217449233944999208019423160471316906707093953466759	68931505386858249651876240877	-1,7,7,7,7,7	7,7,7,7,7	ok
-0.404003	-15.804837	-51.673794	0.648897	continued:5	2375776217449233944999208019423160471316906707093953466759	68931505386858249651876240877	-1,7,7,7,7,7	7,7,7,7,7	ok
-0.401168	-15.804837	-51.834373	0.647982	continued:5	2375776217449233944999208019423160471316906707093953466759	68931505386858249651876240877	-1,7,7,7,7,7	7,7,7,7,7	ok
-0.398332	-15.804837	-51.965439	0.647147	continued:5	2375776217449233944999208019423160471316906707093953466759	68931505386858249651876240877	-1,7,7,7,7,7	7,7,7,7,7	ok
-0.395496	-15.804837	-52.072597	0.646645	continued:5	2375776217449233944999208019423160471316906707093953466759	68931505386858249651876240877	-1,7,7,7,7,7	7,7,7,7,7	ok
-0.392661	-15.804837	-52.158072	0.646143	continued:5	2375776217449233944999208019423160471316906707093953466759	68931505386858249651876240877	-1,7,7,7,7,7	7,7,7,7,7	ok
-0.389825	-15.804837	-52.226533	0.645770	continued:5	2375776217449233944999208019423160471316906707093953466759	68931505386858249651876240877	-1,7,7,7,7,7	7,7,7,7,7	ok
-0.386989	-15.804837	-52.280547	0.645396	full	2375776217449233944999208019423160471316906707093953466759	68931505386858249651876240877	-1,7,7,7,7,7	7,7,7,7,7	ok
-0.384153	-15.804837	-48.501756	0.662790	continued:5	2375776217449233944999208019423160471316906707093953466759	68931505386858249651876240877	-1,7,7,7,7,7	7,7,7,7,7	ok
-0.381318	-15.804837	-49.175859	0.659997	continued:5	2375776217449233944999208019423160471316906707093953466759	68931505386858249651876240877	-1,7,7,7,7,7	7,7,7,7,7	ok
-0.378482	-15.804837	-49.737985	0.657203	continued:5	2375776217449233944999208019423160471316906707093953466759	68931505386858249651876240877	-1,7,7,7,7,7	7,7,7,7,7	ok
-0.375646	-15.804837	-50.208254	0.654410	continued:5	2375776217449233944999208019423160471316906707093953466759	68931505386858249651876240877	-1,7,7,7,7,7	7,7,7,7,7	ok
-0.372811	-15.804837	-50.603565	0.651617	continued:5	2375776217449233944999208019423160471316906707093953466759	68931505386858249651876240877	-1,7,7,7,7,7	7,7,7,7,7	ok
-0.369975	-15.804837	-50.938114	0.649158	continued:5	2375776217449233944999208019423160471316906707093953466759	68931505386858249651876240877	-1,7,7,7,7,7	7,7,7,7,7	ok
-0.367139	-15.804837	-51.220687	0.647033	continued:5	2375776217449233944999208019423160471316906707093953466759	68931505386858249651876240877	-1,7,7,7,7,7	7,7,7,7,7	ok
-0.364304	-15.804837	-51.458711	0.645450	continued:5	2375776217449233944999208019423160471316906707093953466759	68931505386858249651876240877	-1,7,7,7,7,7	7,7,7,7,7	ok
-0.361468	-15.804837	-51.656526	0.643994	continued:5	2375776217449233944999208019423160471316906707093953466759	68931505386858249651876240877	-1,7,7,7,7,7	7,7,7,7,7	ok
-0.358632	-15.804837	-51.821455	0.642951	continued:5	2375776217449233944999208019423160471316906707093953466759	68931505386858249651876240877	-1,7,7,7,7,7	7,7,7,7,7	ok
-0.355796	-15.804837	-51.956838	0.642036	continued:5	2375776217449233944999208019423160471316906707093953466759	68931505386858249651876240877	-1,7,7,7,7,7	7,7,7,7,7	ok
-0.352961	-15.804837	-52.067900	0.641328	continued:5	2375776217449233944999208019423160471316906707093953466759	68931505386858249651876240877	-1,7,7,7,7,7	7,7,7,7,7	ok
-0.350125	-15.804837	-52.158082	0.640827	continued:5	2375776217449233944999208019423160471316906707093953466759	68931505386858249651876240877	-1,7,7,7,7,7	7,7,7,7,7	ok
-0.347289	-15.804837	-52.230109	0.640325	continued:5	2375776217449233944999208019423160471316906707093953466759	68931505386858249651876240877	-1,7,7,7,7,7	7,7,7,7,7	ok
-0.344454	-15.804837	-52.287931	0.639951	continued:5	2375776217449233944999208019423160471316906707093953466759	68931505386858249651876240877	-1,7,7,7,7,7	7,7,7,7,7	ok
-0.341618	-15.804837	-52.333529	0.639784	continued:5	2375776217449233944999208019423160471316906707093953466759	68931505386858249651876240877	-1,7,7,7,7,7	7,7,7,7,7	ok
-0.338782	-15.804837	-52.367777	0.639410	continued:5	2375776217449233944999208019423160471316906707093953466759	68931505386858249651876240877	-1,7,7,7,7,7	7,7,7,7,7	ok
-0.335947	-15.804837	-52.394945	0.638495	full	2375776217449233944999208019423160471316906707093953466759	68931505386858249651876240877	-1,7,7,7,7,7	7,7,7,7,7	ok
-0.333111	-15.804837								error: T SSCS does not start with ±1: [-2, 7, 7, 7, 7, 7]
-0.330275	-15.804837								error: T SSCS does not start with ±1: [-2, 7, 7, 7, 7, 7]
-0.327440	-15.804837								error: T SSCS does not start with ±1: [-2, 7, 7, 7, 7, 7]
-0.324604	-15.804837								error: T SSCS does not start with ±1: [-2, 7, 7, 7, 7, 7]
-0.321768	-15.804837								error: T SSCS does not start with ±1: [-2, 7, 7, 7, 7, 7]
-0.318932	-15.804837								error: T SSCS does not start with ±1: [-2, 7, 7, 7, 7, 7]
-0.316097	-15.804837								error: T SSCS does not start with ±1: [-2, 7, 7, 7, 7, 7]
-0.313261	-15.804837								error: T SSCS does not start with ±1: [-2, 7, 7, 7, 7, 7]
-0.310425	-15.804837								error: T SSCS does not start with ±1: [-2, 7, 7, 7, 7, 7]
-0.307590	-15.804837								error: T SSCS does not start with ±1: [-2, 7, 7, 7, 7, 7]
-0.304754	-15.804837								error: T SSCS does not start with ±1: [-2, 7, 7, 7, 7, 7]
-0.301918	-15.804837								error: T SSCS does not start with ±1: [-2, 7, 7, 7, 7, 7]
-0.299083	-15.804837								error: T SSCS does not start with ±1: [-2, 7, 7, 7, 7, 7]
-0.296247	-15.804837								error: T SSCS does not start with ±1: [-2, 7, 7, 7, 7, 7]
-0.293411	-15.804837								error: T SSCS does not start with ±1: [-2, 7, 7, 7, 7, 7]
-0.290575	-15.804837								error: T SSCS does not start with ±1: [-2, 7, 7, 7, 7, 7]
-0.287740	-15.804837								error: T SSCS does not start with ±1: [-2, 7, 7, 7, 7, 7]
-0.284904	-15.804837								error: T SSCS does not start with ±1: [-2, 7, 7, 7, 7, 7]
-0.282068	-15.804837								error: T SSCS does not start with ±1: [-2, 7, 7, 7, 7, 7]
-0.279233	-15.804837								error: T SSCS does not start with ±1: [-2, 7, 7, 7, 7, 7]
-0.276397	-15.804837								error: T SSCS does not start with ±1: [-2, 7, 7, 7, 7, 7]
-0.273561	-15.804837								error: T SSCS does not start with ±1: [-2, 7, 7, 7, 7, 7]
-0.270726	-15.804837								error: T SSCS does not start with ±1: [-2, 7, 7, 7, 7, 7]
-0.267890	-15.804837								error: T SSCS does not start with ±1: [-2, 7, 7, 7, 7, 7]
-0.265054	-15.804837								error: T SSCS does not start with ±1: [-2, 7, 7, 7, 7, 7]
-0.262219	-15.804837								error: T SSCS does not start with ±1: [-2, 7, 7, 7, 7, 7]
-0.259383	-15.804837								error: T SSCS does not start with ±1: [-2, 7, 7, 7, 7, 7]
-0.256547	-15.804837								error: T SSCS does not start with ±1: [-2, 7, 7, 7, 7, 7]
-0.253711	-15.804837								error: T SSCS does not start with ±1: [-2, 7, 7, 7, 7, 7]
-0.250876	-15.804837								error: T SSCS does not start with ±1: [-2, 7, 7, 7, 7, 7]
-0.248040	-15.804837								error: T SSCS does not start with ±1: [-2, 7, 7, 7, 7, 7]
-0.245204	-15.804837								error: T SSCS does not start with ±1: [-2, 7, 7, 7, 7, 7]
-0.242369	-15.804837								error: T SSCS does not start with ±1: [-2, 7, 7, 7, 7, 7]
-0.239533	-15.804837								error: T SSCS does not start with ±1: [-2, 7, 7, 7, 7, 7]
-0.236697	-15.804837								error: T SSCS does not start with ±1: [-2, 7, 7, 7, 7, 7]
-0.233862	-15.804837								error: T SSCS does not start with ±1: [-2, 7, 7, 7, 7, 7]
-0.231026	-15.804837								error: T SSCS does not start with ±1: [-2, 7, 7, 7, 7, 7]
-0.228190	-15.804837								error: T SSCS does not start with ±1: [-2, 7, 7, 7, 7, 7]
-0.225354	-15.804837								error: T SSCS does not start with ±1: [-2, 7, 7, 7, 7, 7]
-0.222519	-15.804837								error: T SSCS does not start with ±1: [-2, 7, 7, 7, 7, 7]
-0.219683	-15.804837								error: T SSCS does not start with ±1: [-2, 7, 7, 7, 7, 7]
-0.216847	-15.804837								error: T SSCS does not start with ±1: [-2, 7, 7, 7, 7, 7]
-0.214012	-15.804837								error: T SSCS does not start with ±1: [-2, 7, 7, 7, 7, 7]
-0.211176	-15.804837								error: T SSCS does not start with ±1: [-2, 7, 7, 7, 7, 7]
-0.208340	-15.804837								error: T SSCS does not start with ±1: [-2, 7, 7, 7, 7, 7]
-0.205505	-15.804837								error: T SSCS does not start with ±1: [-2, 7, 7, 7, 7, 7]
-0.202669	-15.804837								error: T SSCS does not start with ±1: [-2, 7, 7, 7, 7, 7]
-0.199833	-15.804837								error: T SSCS does not start with ±1: [-2, 7, 7, 7, 7, 7]
-0.196997	-15.804837								error: T SSCS does not start with ±1: [-2, 7, 7, 7, 7, 7]
-0.194162	-15.804837								error: T SSCS does not start with ±1: [-2, 7, 7, 7, 7, 7]
-0.191326	-15.804837								error: T SSCS does not start with ±1: [-2, 7, 7, 7, 7, 7]
-0.188490	-15.804837								error: T SSCS does not start with ±1: [-2, 7, 7, 7, 7, 7]
-0.185655	-15.804837								error: T SSCS does not start with ±1: [-2, 7, 7, 7, 7, 7]
-0.182819	-15.804837								error: T SSCS does not start with ±1: [-2, 7, 7, 7, 7, 7]
-0.179983	-15.804837								error: T SSCS does not start with ±1: [-2, 7, 7, 7, 7, 7]
-0.177148	-15.804837								error: T SSCS does not start with ±1: [-2, 7, 7, 7, 7, 7]
-0.174312	-15.804837								error: T SSCS does not start with ±1: [-2, 7, 7, 7, 7, 7]
-0.171476	-15.804837								error: T SSCS does not start with ±1: [-2, 7, 7, 7, 7, 7]
-0.168641	-15.804837								error: T SSCS does not start with ±1: [-2, 7, 7, 7, 7, 7]
-0.165805	-15.804837								error: T SSCS does not start with ±1: [-2, 7, 7, 7, 7, 7]
-0.162969	-15.804837								error: T SSCS does not start with ±1: [-2, 7, 7, 7, 7, 7]
-0.160133	-15.804837								error: T SSCS does not start with ±1: [-2, 7, 7, 7, 7, 7]
-0.157298	-15.804837								error: T SSCS does not start with ±1: [-2, 7, 7, 7, 7, 7]
-0.154462	-15.804837								error: T SSCS does not start with ±1: [-2, 7, 7, 7, 7, 7]
-0.151626	-15.804837								error: T SSCS does not start with ±1: [-2, 7, 7, 7, 7, 7]
-0.148791	-15.804837								error: T SSCS does not start with ±1: [-2, 7, 7, 7, 7, 7]
-0.145955	-15.804837								error: T SSCS does not start with ±1: [-2, 7, 7, 7, 7, 7]
-0.143119	-15.804837								error: T SSCS does not start with ±1: [-2, 7, 7, 7, 7, 7]
-0.140284	-15.804837								error: T SSCS does not start with ±1: [-2, 7, 7, 7, 7, 7]
-0.137448	-15.804837								error: T SSCS does not start with ±1: [-2, 7, 7, 7, 7, 7]
-0.134612	-15.804837								error: T SSCS does not start with ±1: [-2, 7, 7, 7, 7, 7]
-0.131776	-15.804837								error: T SSCS does not start with ±1: [-2, 7, 7, 7, 7, 7]
-0.128941	-15.804837								error: T SSCS does not start with ±1: [-2, 7, 7, 7, 7, 7]
-0.126105	-15.804837								error: T SSCS does not start with ±1: [-2, 7, 7, 7, 7, 7]
-0.123269	-15.804837								error: T SSCS does not start with ±1: [-2, 7, 7, 7, 7, 7]
-0.120434	-15.804837								error: T SSCS does not start with ±1: [-2, 7, 7, 7, 7, 7]
-0.117598	-15.804837								error: T SSCS does not start with ±1: [-2, 7, 7, 7, 7, 7]
-0.114762	-15.804837								error: T SSCS does not start with ±1: [-2, 7, 7, 7, 7, 7]
-0.111927	-15.804837								error: T SSCS does not start with ±1: [-2, 7, 7, 7, 7, 7]
-0.109091	-15.804837								error: T SSCS does not start with ±1: [-2, 7, 7, 7, 7, 7]
-0.106255	-15.804837								error: T SSCS does not start with ±1: [-2, 7, 7, 7, 7, 7]
-0.103420	-15.804837								error: T SSCS does not start with ±1: [-2, -7, -7, -7, -7, -7]
-0.100584	-15.804837								error: T SSCS does not start with ±1: [-2, -7, -7, -7, -7, -7]
-0.097748	-15.804837								error: T SSCS does not start with ±1: [-2, -7, -7, -7, -7, -7]
-0.094912	-15.804837								error: T SSCS does not start with ±1: [-2, -7, -7, -7, -7, -7]
-0.092077	-15.804837								error: T SSCS does not start with ±1: [-2, -7, -7, -7, -7, -7]
-0.089241	-15.804837								error: T SSCS does not start with ±1: [-2, -7, -7, -7, -7, -7]
-0.086405	-15.804837								error: T SSCS does not start with ±1: [-2, -7, -7, -7, -7, -7]
-0.083570	-15.804837								error: T SSCS does not start with ±1: [-2, -7, -7, -7, -7, -7]
-0.080734	-15.804837								error: T SSCS does not start with ±1: [-2, -7, -7, -7, -7, -7]
-0.077898	-15.804837								error: T SSCS does not start with ±1: [-2, -7, -7, -7, -7, -7]
-0.075063	-15.804837								error: T SSCS does not start with ±1: [-2, -7, -7, -7, -7, -7]
-0.072227	-15.804837								error: T SSCS does not start with ±1: [-2, -7, -7, -7, -7, -7]
-0.069391	-15.804837								error: T SSCS does not start with ±1: [-2, -7, -7, -7, -7, -7]
-0.066555	-15.804837								error: T SSCS does not start with ±1: [-2, -7, -7, -7, -7, -7]
-0.063720	-15.804837								error: T SSCS does not start with ±1: [-2, -7, -7, -7, -7, -7]
-0.060884	-15.804837								error: T SSCS does not start with ±1: [-2, -7, -7, -7, -7, -7]
-0.058048	-15.804837								error: T SSCS does not start with ±1: [-2, -7, -7, -7, -7, -7]
-0.055213	-15.804837								error: T SSCS does not start with ±1: [-2, -7, -7, -7, -7, -7]
-0.052377	-15.804837								error: T SSCS does not start with ±1: [-2, -7, -7, -7, -7, -7]
-0.049541	-15.804837								error: T SSCS does not start with ±1: [-2, -7, -7, -7, -7, -7]
-0.046706	-15.804837								error: T SSCS does not start with ±1: [-2, -7, -7, -7, -7, -7]
-0.043870	-15.804837								error: T SSCS does not start with ±1: [-2, -7, -7, -7, -7, -7]
-0.041034	-15.804837								error: T SSCS does not start with ±1: [-2, -7, -7, -7, -7, -7]
-0.038198	-15.804837								error: T SSCS does not start with ±1: [-2, -7, -7, -7, -7, -7]
-0.035363	-15.804837								error: T SSCS does not start with ±1: [-2, -7, -7, -7, -7, -7]
-0.032527	-15.804837								error: T SSCS does not start with ±1: [-2, -7, -7, -7, -7, -7]
-0.029691	-15.804837								error: T SSCS does not start with ±1: [-2, -7, -7, -7, -7, -7]
-0.026856	-15.804837								error: T SSCS does not start with ±1: [-2, -7, -7, -7, -7, -7]
-0.024020	-15.804837								error: T SSCS does not start with ±1: [-2, -7, -7, -7, -7, -7]
-0.021184	-15.804837								error: T SSCS does not start with ±1: [-2, -7, -7, -7, -7, -7]
-0.018349	-15.804837								error: T SSCS does not start with ±1: [-2, -7, -7, -7, -7, -7]
-0.015513	-15.804837								error: T SSCS does not start with ±1: [-2, -7, -7, -7, -7, -7]
-0.012677	-15.804837								error: T SSCS does not start with ±1: [-2, -7, -7, -7, -7, -7]
-0.009842	-15.804837								error: T SSCS does not start with ±1: [-2, -7, -7, -7, -7, -7]
-0.007006	-15.804837								error: T SSCS does not start with ±1: [-2, -7, -7, -7, -7, -7]
-0.004170	-15.804837								error: T SSCS does not start with ±1: [-2, -7, -7, -7, -7, -7]
-0.001334	-15.804837								error: T SSCS does not start with ±1: [-2, -7, -7, -7, -7, -7]
0.001501	-15.804837								error: T SSCS does not start with ±1: [-2, -7, -7, -7, -7, -7]
0.004337	-15.804837								error: T SSCS does not start with ±1: [-2, -7, -7, -7, -7, -7]
0.007173	-15.804837								error: T SSCS does not start with ±1: [-2, -7, -7, -7, -7, -7]
0.010008	-15.804837								error: T SSCS does not start with ±1: [-2, -7, -7, -7, -7, -7]
0.012844	-15.804837								error: T SSCS does not start with ±1: [-2, -7, -7, -7, -7, -7]
0.015680	-15.804837								error: T SSCS does not start with ±1: [-2, -7, -7, -7, -7, -7]
0.018515	-15.804837								error: T SSCS does not start with ±1: [-2, -7, -7, -7, -7, -7]
0.021351	-15.804837								error: T SSCS does not start with ±1: [-2, -7, -7, -7, -7, -7]
0.024187	-15.804837								error: T SSCS does not start with ±1: [-2, -7, -7, -7, -7, -7]
0.027023	-15.804837								error: T SSCS does not start with ±1: [-2, -7, -7, -7, -7, -7]
0.029858	-15.804837								error: T SSCS does not start with ±1: [-2, -7, -7, -7, -7, -7]
0.032694	-15.804837								error: T SSCS does not start with ±1: [-2, -7, -7, -7, -7, -7]
0.035530	-15.804837								error: T SSCS does not start with ±1: [-2, -7, -7, -7, -7, -7]
0.038365	-15.804837								error: T SSCS does not start with ±1: [-2, -7, -7, -7, -7, -7]
0.041201	-15.804837								error: T SSCS does not start with ±1: [-2, -7, -7, -7, -7, -7]
0.044037	-15.804837								error: T SSCS does not start with ±1: [-2, -7, -7, -7, -7, -7]
0.046872	-15.804837								error: T SSCS does not start with ±1: [-2, -7, -7, -7, -7, -7]
0.049708	-15.804837								error: T SSCS does not start with ±1: [-2, -7, -7, -7, -7, -7]
0.052544	-15.804837								error: T SSCS does not start with ±1: [-2, -7, -7, -7, -7, -7]
0.055379	-15.804837								error: T SSCS does not start with ±1: [-2, -7, -7, -7, -7, -7]
0.058215	-15.804837								error: T SSCS does not start with ±1: [-2, -7, -7, -7, -7, -7]
0.061051	-15.804837								error: T SSCS does not start with ±1: [-2, -7, -7, -7, -7, -7]
0.063887	-15.804837								error: T SSCS does not start with ±1: [-2, -7, -7, -7, -7, -7]
0.066722	-15.804837								error: T SSCS does not start with ±1: [-2, -7, -7, -7, -7, -7]
0.069558	-15.804837								error: T SSCS does not start with ±1: [-2, -7, -7, -7, -7, -7]
0.072394	-15.804837								error: T SSCS does not start with ±1: [-2, -7, -7, -7, -7, -7]
0.075229	-15.804837								error: T SSCS does not start with ±1: [-2, -7, -7, -7, -7, -7]
0.078065	-15.804837								error: T SSCS does not start with ±1: [-2, -7, -7, -7, -7, -7]
0.080901	-15.804837								error: T SSCS does not start with ±1: [-2, -7, -7, -7, -7, -7]
0.083736	-15.804837								error: T SSCS does not start with ±1: [-2, -7, -7, -7, -7, -7]
0.086572	-15.804837								error: T SSCS does not start with ±1: [-2, -7, -7, -7, -7, -7]
0.089408	-15.804837								error: T SSCS does not start with ±1: [-2, -7, -7, -7, -7, -7]
0.092244	-15.804837								error: T SSCS does not start with ±1: [-2, -7, -7, -7, -7, -7]
0.095079	-15.804837								error: T SSCS does not start with ±1: [-2, -7, -7, -7, -7, -7]
0.097915	-15.804837								error: T SSCS does not start with ±1: [-2, -7, -7, -7, -7, -7]
0.100751	-15.804837								error: T SSCS does not start with ±1: [-2, -7, -7, -7, -7, -7]
0.103586	-15.804837								error: T SSCS does not start with ±1: [-2, -7, -7, -7, -7, -7]
0.106422	-15.804837								error: T SSCS does not start with ±1: [-2, -7, -7, -7, -7, -7]
0.109258	-15.804837								error: T SSCS does not start with ±1: [-2, -7, -7, -7, -7, -7]
0.112093	-15.804837								error: T SSCS does not start with ±1: [-2, -7, -7, -7, -7, -7]
0.114929	-15.804837								error: T SSCS does not start with ±1: [-2, -7, -7, -7, -7, -7]
0.117765	-15.804837								error: T SSCS does not start with ±1: [-2, -7, -7, -7, -7, -7]
0.120601	-15.804837								error: T SSCS does not start with ±1: [-2, -7, -7, -7, -7, -7]
0.123436	-15.804837								error: T SSCS does not start with ±1: [-2, -7, -7, -7, -7, -7]
0.126272	-15.804837								error: T SSCS does not start with ±1: [-2, -7, -7, -7, -7, -7]
0.129108	-15.804837								error: T SSCS does not start with ±1: [-2, -7, -7, -7, -7, -7]
0.131943	-15.804837								error: T SSCS does not start with ±1: [-2, -7, -7, -7, -7, -7]
0.134779	-15.804837								error: T SSCS does not start with ±1: [-2, -7, -7, -7, -7, -7]
0.137615	-15.804837								error: T SSCS does not start with ±1: [-2, -7, -7, -7, -7, -7]
0.140450	-15.804837								error: T SSCS does not start with ±1: [-2, -7, -7, -7, -7, -7]
0.143286	-15.804837								error: T SSCS does not start with ±1: [-2, -7, -7, -7, -7, -7]
0.146122	-15.804837								error: T SSCS does not start with ±1: [-2, -7, -7, -7, -7, -7]
0.148957	-15.804837								error: T SSCS does not start with ±1: [-2, -7, -7, -7, -7, -7]
0.151793	-15.804837								error: T SSCS does not start with ±1: [-2, -7, -7, -7, -7, -7]
0.154629	-15.804837								error: T SSCS does not start with ±1: [-2, -7, -7, -7, -7, -7]
0.157465	-15.804837								error: T SSCS does not start with ±1: [-2, -7, -7, -7, -7, -7]
0.160300	-15.804837								error: T SSCS does not start with ±1: [-2, -7, -7, -7, -7, -7]
0.163136	-15.804837								error: T SSCS does not start with ±1: [-2, -7, -7, -7, -7, -7]
0.165972	-15.804837								error: T SSCS does not start with ±1: [-2, -7, -7, -7, -7, -7]
0.168807	-15.804837								error: T SSCS does not start with ±1: [-2, -7, -7, -7, -7, -7]
0.171643	-15.804837								error: T SSCS does not start with ±1: [-2, -7, -7, -7, -7, -7]
0.174479	-15.804837								error: T SSCS does not start with ±1: [-2, -7, -7, -7, -7, -7]
0.177314	-15.804837								error: T SSCS does not start with ±1: [-2, -7, -7, -7, -7, -7]
0.180150	-15.804837								error: T SSCS does not start with ±1: [-2, -7, -7, -7, -7, -7]
0.182986	-15.804837								error: T SSCS does not start with ±1: [-2, -7, -7, -7, -7, -7]
0.185822	-15.804837								error: T SSCS does not start with ±1: [-2, -7, -7, -7, -7, -7]
0.188657	-15.804837								error: T SSCS does not start with ±1: [-2, -7, -7, -7, -7, -7]
0.191493	-15.804837								error: T SSCS does not start with ±1: [-2, -7, -7, -7, -7, -7]
0.194329	-15.804837								error: T SSCS does not start with ±1: [-2, -7, -7, -7, -7, -7]
0.197164	-15.804837								error: T SSCS does not start with ±1: [-2, -7, -7, -7, -7, -7]
0.200000	-15.804837								error: T SSCS does not start with ±1: [-2, -7, -7, -7, -7, -7]
