delta_x	delta_ca	T0_V	T0_Ca	T0_method	T_encoding	gamma_encoding	T_scs	gamma_scs	status
-3.200000	-47.297748								error: Expected at least three slow-subsystem equilibria, got 1.
-3.197164	-47.297748								error: Expected at least three slow-subsystem equilibria, got 1.
-3.194329	-47.297748								error: Expected at least three slow-subsystem equilibria, got 1.
-3.191493	-47.297748								error: Could not locate the first local maximum of the reduced return map.
-3.188657	-47.297748								error: Could not locate the first local maximum of the reduced return map.
-3.185822	-47.297748								error: Could not locate the first local maximum of the reduced return map.
-3.182986	-47.297748								error: Could not locate the first local maximum of the reduced return map.
-3.180150	-47.297748								error: Could not locate the first local maximum of the reduced return map.
-3.177314	-47.297748								error: Could not locate the first local maximum of the reduced return map.
-3.174479	-47.297748								error: Could not locate the first local maximum of the reduced return map.
-3.171643	-47.297748								error: Could not locate the first local maximum of the reduced return map.
-3.168807	-47.297748								error: Could not locate the first local maximum of the reduced return map.
-3.165972	-47.297748								error: Could not locate the first local maximum of the reduced return map.
-3.163136	-47.297748								error: Could not locate the first local maximum of the reduced return map.
-3.160300	-47.297748								error: Could not locate the first local maximum of the reduced return map.
-3.157465	-47.297748								error: Could not locate the first local maximum of the reduced return map.
-3.154629	-47.297748								error: Could not locate the first local maximum of the reduced return map.
-3.151793	-47.297748								error: Could not locate the first local maximum of the reduced return map.
-3.148957	-47.297748								error: Could not locate the first local maximum of the reduced return map.
-3.146122	-47.297748								error: Could not locate the first local maximum of the reduced return map.
-3.143286	-47.297748								error: Could not locate the first local maximum of the reduced return map.
-3.140450	-47.297748								error: Could not locate the first local maximum of the reduced return map.
-3.137615	-47.297748								error: Could not locate the first local maximum of the reduced return map.
-3.134779	-47.297748								error: Could not locate the first local maximum of the reduced return map.
-3.131943	-47.297748								error: Could not locate the first local maximum of the reduced return map.
-3.129108	-47.297748								error: Could not locate the first local maximum of the reduced return map.
-3.126272	-47.297748								error: Could not locate the first local maximum of the reduced return map.
-3.123436	-47.297748								error: Could not locate the first local maximum of the reduced return map.
-3.120601	-47.297748								error: Could not locate the first local maximum of the reduced return map.
-3.117765	-47.297748								error: Could not locate the first local maximum of the reduced return map.
-3.114929	-47.297748								error: Could not locate the first local maximum of the reduced return map.
-3.112093	-47.297748								error: Could not locate the first local maximum of the reduced return map.
-3.109258	-47.297748								error: Could not locate the first local maximum of the reduced return map.
-3.106422	-47.297748								error: Could not locate the first local maximum of the reduced return map.
-3.103586	-47.297748								error: Could not locate the first local maximum of the reduced return map.
-3.100751	-47.297748								error: Could not locate the first local maximum of the reduced return map.
-3.097915	-47.297748								error: Could not locate the first local maximum of the reduced return map.
-3.095079	-47.297748								error: Could not locate the first local maximum of the reduced return map.
-3.092244	-47.297748								error: Could not locate the first local maximum of the reduced return map.
-3.089408	-47.297748								error: Could not locate the first local maximum of the reduced return map.
-3.086572	-47.297748								error: Could not locate the first local maximum of the reduced return map.
-3.083736	-47.297748								error: Could not locate the first local maximum of the reduced return map.
-3.080901	-47.297748								error: Could not locate the first local maximum of the reduced return map.
-3.078065	-47.297748								error: Could not locate the first local maximum of the reduced return map.
-3.075229	-47.297748								error: Could not locate the first local maximum of the reduced return map.
-3.072394	-47.297748								error: Could not locate the first local maximum of the reduced return map.
-3.069558	-47.297748								error: Could not locate the first local maximum of the reduced return map.
-3.066722	-47.297748								error: Could not locate the first local maximum of the reduced return map.
-3.063887	-47.297748								error: Could not locate the first local maximum of the reduced return map.
-3.061051	-47.297748								error: Could not locate the first local maximum of the reduced return map.
-3.058215	-47.297748								error: Could not locate the first local maximum of the reduced return map.
-3.055379	-47.297748								error: Could not locate the first local maximum of the reduced return map.
-3.052544	-47.297748								error: Could not locate the first local maximum of the reduced return map.
-3.049708	-47.297748								error: Could not locate the first local maximum of the reduced return map.
-3.046872	-47.297748								error: Could not locate the first local maximum of the reduced return map.
-3.044037	-47.297748								error: Could not locate the first local maximum of the reduced return map.
-3.041201	-47.297748								error: Could not locate the first local maximum of the reduced return map.
-3.038365	-47.297748								error: Could not locate the first local maximum of the reduced return map.
-3.035530	-47.297748								error: Could not locate the first local maximum of the reduced return map.
-3.032694	-47.297748								error: Could not locate the first local maximum of the reduced return map.
-3.029858	-47.297748								error: Could not locate the first local maximum of the reduced return map.
-3.027023	-47.297748								error: Could not locate the first local maximum of the reduced return map.
-3.024187	-47.297748								error: Could not locate the first local maximum of the reduced return map.
-3.021351	-47.297748								error: Could not locate the first local maximum of the reduced return map.
-3.018515	-47.297748								error: Could not locate the first local maximum of the reduced return map.
-3.015680	-47.297748								error: Could not locate the first local maximum of the reduced return map.
-3.012844	-47.297748								error: Could not locate the first local maximum of the reduced return map.
-3.010008	-47.297748								error: Could not locate the first local maximum of the reduced return map.
-3.007173	-47.297748								error: Could not locate the first local maximum of the reduced return map.
-3.004337	-47.297748								error: Could not locate the first local maximum of the reduced return map.
-3.001501	-47.297748								error: Could not locate the first local maximum of the reduced return map.
-2.998666	-47.297748								error: Could not locate the first local maximum of the reduced return map.
-2.995830	-47.297748								error: Could not locate the first local maximum of the reduced return map.
-2.992994	-47.297748								error: Could not locate the first local maximum of the reduced return map.
-2.990158	-47.297748								error: Could not locate the first local maximum of the reduced return map.
-2.987323	-47.297748								error: Could not locate the first local maximum of the reduced return map.
-2.984487	-47.297748								error: BoundsError: attempt to access 0-element Vector{Float64} at index [1]
-2.981651	-47.297748								error: BoundsError: attempt to access 0-element Vector{Float64} at index [1]
-2.978816	-47.297748								error: BoundsError: attempt to access 0-element Vector{Float64} at index [1]
-2.975980	-47.297748								error: BoundsError: attempt to access 0-element Vector{Float64} at index [1]
-2.973144	-47.297748								error: BoundsError: attempt to access 0-element Vector{Float64} at index [1]
-2.970309	-47.297748								error: BoundsError: attempt to access 0-element Vector{Float64} at index [1]
-2.967473	-47.297748								error: BoundsError: attempt to access 0-element Vector{Float64} at index [1]
-2.964637	-47.297748								error: BoundsError: attempt to access 0-element Vector{Float64} at index [1]
-2.961802	-47.297748								error: BoundsError: attempt to access 0-element Vector{Float64} at index [1]
-2.958966	-47.297748								error: BoundsError: attempt to access 0-element Vector{Float64} at index [1]
-2.956130	-47.297748								error: BoundsError: attempt to access 0-element Vector{Float64} at index [1]
-2.953294	-47.297748								error: BoundsError: attempt to access 0-element Vector{Float64} at index [1]
-2.950459	-47.297748								error: BoundsError: attempt to access 0-element Vector{Float64} at index [1]
-2.947623	-47.297748								error: BoundsError: attempt to access 0-element Vector{Float64} at index [1]
-2.944787	-47.297748								error: BoundsError: attempt to access 0-element Vector{Float64} at index [1]
-2.941952	-47.297748								error: BoundsError: attempt to access 0-element Vector{Float64} at index [1]
-2.939116	-47.297748								error: BoundsError: attempt to access 0-element Vector{Float64} at index [1]
-2.936280	-47.297748								error: BoundsError: attempt to access 0-element Vector{Float64} at index [1]
-2.933445	-47.297748								error: BoundsError: attempt to access 0-element Vector{Float64} at index [1]
-2.930609	-47.297748								error: BoundsError: attempt to access 0-element Vector{Float64} at index [1]
-2.927773	-47.297748								error: BoundsError: attempt to access 0-element Vector{Float64} at index [1]
-2.924937	-47.297748								error: BoundsError: attempt to access 0-element Vector{Float64} at index [1]
-2.922102	-47.297748								error: BoundsError: attempt to access 0-element Vector{Float64} at index [1]
-2.919266	-47.297748								error: BoundsError: attempt to access 0-element Vector{Float64} at index [1]
-2.916430	-47.297748								error: BoundsError: attempt to access 0-element Vector{Float64} at index [1]
-2.913595	-47.297748								error: BoundsError: attempt to access 0-element Vector{Float64} at index [1]
-2.910759	-47.297748								error: BoundsError: attempt to access 0-element Vector{Float64} at index [1]
-2.907923	-47.297748								error: BoundsError: attempt to access 0-element Vector{Float64} at index [1]
-2.905088	-47.297748								error: BoundsError: attempt to access 0-element Vector{Float64} at index [1]
-2.902252	-47.297748								error: BoundsError: attempt to access 0-element Vector{Float64} at index [1]
-2.899416	-47.297748								error: BoundsError: attempt to access 0-element Vector{Float64} at index [1]
-2.896580	-47.297748								error: BoundsError: attempt to access 0-element Vector{Float64} at index [1]
-2.893745	-47.297748								error: BoundsError: attempt to access 0-element Vector{Float64} at index [1]
-2.890909	-47.297748								error: BoundsError: attempt to access 0-element Vector{Float64} at index [1]
-2.888073	-47.297748								error: BoundsError: attempt to access 0-element Vector{Float64} at index [1]
-2.885238	-47.297748								error: BoundsError: attempt to access 0-element Vector{Float64} at index [1]
-2.882402	-47.297748								error: BoundsError: attempt to access 0-element Vector{Float64} at index [1]
-2.879566	-47.297748								error: BoundsError: attempt to access 0-element Vector{Float64} at index [1]
-2.876731	-47.297748								error: BoundsError: attempt to access 0-element Vector{Float64} at index [1]
-2.873895	-47.297748								error: BoundsError: attempt to access 0-element Vector{Float64} at index [1]
-2.871059	-47.297748								error: BoundsError: attempt to access 0-element Vector{Float64} at index [1]
-2.868224	-47.297748								error: BoundsError: attempt to access 0-element Vector{Float64} at index [1]
-2.865388	-47.297748								error: BoundsError: attempt to access 0-element Vector{Float64} at index [1]
-2.862552	-47.297748								error: BoundsError: attempt to access 0-element Vector{Float64} at index [1]
-2.859716	-47.297748								error: BoundsError: attempt to access 0-element Vector{Float64} at index [1]
-2.856881	-47.297748								error: BoundsError: attempt to access 0-element Vector{Float64} at index [1]
-2.854045	-47.297748								error: BoundsError: attempt to access 0-element Vector{Float64} at index [1]
-2.851209	-47.297748								error: BoundsError: attempt to access 0-element Vector{Float64} at index [1]
-2.848374	-47.297748								error: BoundsError: attempt to access 0-element Vector{Float64} at index [1]
-2.845538	-47.297748								error: BoundsError: attempt to access 0-element Vector{Float64} at index [1]
-2.842702	-47.297748								error: BoundsError: attempt to access 0-element Vector{Float64} at index [1]
-2.839867	-47.297748								error: BoundsError: attempt to access 0-element Vector{Float64} at index [1]
-2.837031	-47.297748								error: BoundsError: attempt to access 0-element Vector{Float64} at index [1]
-2.834195	-47.297748								error: BoundsError: attempt to access 0-element Vector{Float64} at index [1]
-2.831359	-47.297748								error: BoundsError: attempt to access 0-element Vector{Float64} at index [1]
-2.828524	-47.297748								error: BoundsError: attempt to access 0-element Vector{Float64} at index [1]
-2.825688	-47.297748								error: BoundsError: attempt to access 0-element Vector{Float64} at index [1]
-2.822852	-47.297748								error: BoundsError: attempt to access 0-element Vector{Float64} at index [1]
-2.820017	-47.297748								error: BoundsError: attempt to access 0-element Vector{Float64} at index [1]
-2.817181	-47.297748								error: BoundsError: attempt to access 0-element Vector{Float64} at index [1]
-2.814345	-47.297748								error: BoundsError: attempt to access 0-element Vector{Float64} at index [1]
-2.811510	-47.297748								error: BoundsError: attempt to access 0-element Vector{Float64} at index [1]
-2.808674	-47.297748								error: Could not locate the first local maximum of the reduced return map.
-2.805838	-47.297748								error: Could not locate the first local maximum of the reduced return map.
-2.803003	-47.297748								error: Expected at least three slow-subsystem equilibria, got 1.
-2.800167	-47.297748								error: Expected at least three slow-subsystem equilibria, got 1.
-2.797331	-47.297748								error: Expected at least three slow-subsystem equilibria, got 1.
-2.794495	-47.297748								error: Expected at least three slow-subsystem equilibria, got 1.
-2.791660	-47.297748								error: Expected at least three slow-subsystem equilibria, got 1.
-2.788824	-47.297748								error: Expected at least three slow-subsystem equilibria, got 1.
-2.785988	-47.297748								error: Expected at least three slow-subsystem equilibria, got 1.
-2.783153	-47.297748								error: Expected at least three slow-subsystem equilibria, got 1.
-2.780317	-47.297748								error: Expected at least three slow-subsystem equilibria, got 1.
-2.777481	-47.297748								error: Expected at least three slow-subsystem equilibria, got 1.
-2.774646	-47.297748								error: Expected at least three slow-subsystem equilibria, got 1.
-2.771810	-47.297748								error: Expected at least three slow-subsystem equilibria, got 1.
-2.768974	-47.297748								error: Expected at least three slow-subsystem equilibria, got 1.
-2.766138	-47.297748								error: Expected at least three slow-subsystem equilibria, got 1.
-2.763303	-47.297748								error: Expected at least three slow-subsystem equilibria, got 1.
-2.760467	-47.297748								error: Expected at least three slow-subsystem equilibria, got 1.
-2.757631	-47.297748								error: Expected at least three slow-subsystem equilibria, got 1.
-2.754796	-47.297748								error: Expected at least three slow-subsystem equilibria, got 1.
-2.751960	-47.297748								error: Expected at least three slow-subsystem equilibria, got 1.
-2.749124	-47.297748								error: Expected at least three slow-subsystem equilibria, got 1.
-2.746289	-47.297748								error: Expected at least three slow-subsystem equilibria, got 1.
-2.743453	-47.297748								error: Expected at least three slow-subsystem equilibria, got 1.
-2.740617	-47.297748								error: Expected at least three slow-subsystem equilibria, got 1.
-2.737781	-47.297748								error: Expected at least three slow-subsystem equilibria, got 1.
-2.734946	-47.297748								error: Expected at least three slow-subsystem equilibria, got 1.
-2.732110	-47.297748								error: Expected at least three slow-subsystem equilibria, got 1.
-2.729274	-47.297748								error: Expected at least three slow-subsystem equilibria, got 1.
-2.726439	-47.297748								error: Expected at least three slow-subsystem equilibria, got 1.
-2.723603	-47.297748								error: Expected at least three slow-subsystem equilibria, got 1.
-2.720767	-47.297748								error: Expected at least three slow-subsystem equilibria, got 1.
-2.717932	-47.297748								error: Expected at least three slow-subsystem equilibria, got 1.
-2.715096	-47.297748								error: Expected at least three slow-subsystem equilibria, got 1.
-2.712260	-47.297748								error: Expected at least three slow-subsystem equilibria, got 1.
-2.709425	-47.297748								error: Expected at least three slow-subsystem equilibria, got 1.
-2.706589	-47.297748								error: Expected at least three slow-subsystem equilibria, got 1.
-2.703753	-47.297748								error: Expected at least three slow-subsystem equilibria, got 1.
-2.700917	-47.297748								error: Expected at least three slow-subsystem equilibria, got 1.
-2.698082	-47.297748								error: Expected at least three slow-subsystem equilibria, got 1.
-2.695246	-47.297748								error: Expected at least three slow-subsystem equilibria, got 1.
-2.692410	-47.297748								error: Expected at least three slow-subsystem equilibria, got 1.
-2.689575	-47.297748								error: Expected at least three slow-subsystem equilibria, got 1.
-2.686739	-47.297748								error: Expected at least three slow-subsystem equilibria, got 1.
-2.683903	-47.297748								error: Expected at least three slow-subsystem equilibria, got 1.
-2.681068	-47.297748								error: Expected at least three slow-subsystem equilibria, got 1.
-2.678232	-47.297748								error: Expected at least three slow-subsystem equilibria, got 1.
-2.675396	-47.297748								error: Expected at least three slow-subsystem equilibria, got 1.
-2.672560	-47.297748								error: Expected at least three slow-subsystem equilibria, got 1.
-2.669725	-47.297748								error: Expected at least three slow-subsystem equilibria, got 1.
-2.666889	-47.297748								error: Expected at least three slow-subsystem equilibria, got 1.
-2.664053	-47.297748								error: Expected at least three slow-subsystem equilibria, got 1.
-2.661218	-47.297748								error: Expected at least three slow-subsystem equilibria, got 1.
-2.658382	-47.297748								error: Expected at least three slow-subsystem equilibria, got 1.
-2.655546	-47.297748								error: Expected at least three slow-subsystem equilibria, got 1.
-2.652711	-47.297748								error: Expected at least three slow-subsystem equilibria, got 1.
-2.649875	-47.297748								error: Expected at least three slow-subsystem equilibria, got 1.
-2.647039	-47.297748								error: Expected at least three slow-subsystem equilibria, got 1.
-2.644204	-47.297748								error: Expected at least three slow-subsystem equilibria, got 1.
-2.641368	-47.297748								error: Expected at least three slow-subsystem equilibria, got 1.
-2.638532	-47.297748								error: Expected at least three slow-subsystem equilibria, got 1.
-2.635696	-47.297748								error: Expected at least three slow-subsystem equilibria, got 1.
-2.632861	-47.297748								error: Expected at least three slow-subsystem equilibria, got 1.
-2.630025	-47.297748								error: Expected at least three slow-subsystem equilibria, got 1.
-2.627189	-47.297748								error: Expected at least three slow-subsystem equilibria, got 1.
-2.624354	-47.297748								error: Expected at least three slow-subsystem equilibria, got 1.
-2.621518	-47.297748								error: Expected at least three slow-subsystem equilibria, got 1.
-2.618682	-47.297748								error: Expected at least three slow-subsystem equilibria, got 1.
-2.615847	-47.297748								error: Expected at least three slow-subsystem equilibria, got 1.
-2.613011	-47.297748								error: Expected at least three slow-subsystem equilibria, got 1.
-2.610175	-47.297748								error: Expected at least three slow-subsystem equilibria, got 1.
-2.607339	-47.297748								error: Expected at least three slow-subsystem equilibria, got 1.
-2.604504	-47.297748								error: Expected at least three slow-subsystem equilibria, got 1.
-2.601668	-47.297748								error: Expected at least three slow-subsystem equilibria, got 1.
-2.598832	-47.297748								error: Expected at least three slow-subsystem equilibria, got 1.
-2.595997	-47.297748								error: Expected at least three slow-subsystem equilibria, got 1.
-2.593161	-47.297748								error: Expected at least three slow-subsystem equilibria, got 1.
-2.590325	-47.297748								error: Expected at least three slow-subsystem equilibria, got 1.
-2.587490	-47.297748								error: Expected at least three slow-subsystem equilibria, got 1.
-2.584654	-47.297748								error: Expected at least three slow-subsystem equilibria, got 1.
-2.581818	-47.297748								error: Expected at least three slow-subsystem equilibria, got 1.
-2.578982	-47.297748								error: Expected at least three slow-subsystem equilibria, got 1.
-2.576147	-47.297748								error: Expected at least three slow-subsystem equilibria, got 1.
-2.573311	-47.297748								error: Expected at least three slow-subsystem equilibria, got 1.
-2.570475	-47.297748								error: Expected at least three slow-subsystem equilibria, got 1.
-2.567640	-47.297748								error: Expected at least three slow-subsystem equilibria, got 1.
-2.564804	-47.297748								error: Expected at least three slow-subsystem equilibria, got 1.
-2.561968	-47.297748								error: Expected at least three slow-subsystem equilibria, got 1.
-2.559133	-47.297748								error: Expected at least three slow-subsystem equilibria, got 1.
-2.556297	-47.297748								error: Expected at least three slow-subsystem equilibria, got 1.
-2.553461	-47.297748								error: Expected at least three slow-subsystem equilibria, got 1.
-2.550626	-47.297748								error: Expected at least three slow-subsystem equilibria, got 1.
-2.547790	-47.297748								error: Expected at least three slow-subsystem equilibria, got 1.
-2.544954	-47.297748								error: Expected at least three slow-subsystem equilibria, got 1.
-2.542118	-47.297748								error: Expected at least three slow-subsystem equilibria, got 1.
-2.539283	-47.297748								error: Expected at least three slow-subsystem equilibria, got 1.
-2.536447	-47.297748								error: Expected at least three slow-subsystem equilibria, got 1.
-2.533611	-47.297748								error: Expected at least three slow-subsystem equilibria, got 1.
-2.530776	-47.297748								error: Expected at least three slow-subsystem equilibria, got 1.
-2.527940	-47.297748								error: Expected at least three slow-subsystem equilibria, got 1.
-2.525104	-47.297748								error: Expected at least three slow-subsystem equilibria, got 1.
-2.522269	-47.297748								error: Expected at least three slow-subsystem equilibria, got 1.
-2.519433	-47.297748								error: Expected at least three slow-subsystem equilibria, got 1.
-2.516597	-47.297748								error: Expected at least three slow-subsystem equilibria, got 1.
-2.513761	-47.297748								error: Expected at least three slow-subsystem equilibria, got 1.
-2.510926	-47.297748								error: Expected at least three slow-subsystem equilibria, got 1.
-2.508090	-47.297748								error: Expected at least three slow-subsystem equilibria, got 1.
-2.505254	-47.297748								error: Expected at least three slow-subsystem equilibria, got 1.
-2.502419	-47.297748								error: Expected at least three slow-subsystem equilibria, got 1.
-2.499583	-47.297748								error: Expected at least three slow-subsystem equilibria, got 1.
-2.496747	-47.297748								error: Expected at least three slow-subsystem equilibria, got 1.
-2.493912	-47.297748								error: Expected at least three slow-subsystem equilibria, got 1.
-2.491076	-47.297748								error: Expected at least three slow-subsystem equilibria, got 1.
-2.488240	-47.297748								error: Expected at least three slow-subsystem equilibria, got 1.
-2.485405	-47.297748								error: Expected at least three slow-subsystem equilibria, got 1.
-2.482569	-47.297748								error: Expected at least three slow-subsystem equilibria, got 1.
-2.479733	-47.297748								error: Expected at least three slow-subsystem equilibria, got 1.
-2.476897	-47.297748								error: Expected at least three slow-subsystem equilibria, got 1.
-2.474062	-47.297748								error: Expected at least three slow-subsystem equilibria, got 1.
-2.471226	-47.297748								error: Expected at least three slow-subsystem equilibria, got 1.
-2.468390	-47.297748								error: Expected at least three slow-subsystem equilibria, got 1.
-2.465555	-47.297748								error: Expected at least three slow-subsystem equilibria, got 1.
-2.462719	-47.297748								error: Expected at least three slow-subsystem equilibria, got 1.
-2.459883	-47.297748								error: Expected at least three slow-subsystem equilibria, got 1.
-2.457048	-47.297748								error: Expected at least three slow-subsystem equilibria, got 1.
-2.454212	-47.297748								error: Expected at least three slow-subsystem equilibria, got 1.
-2.451376	-47.297748								error: Expected at least three slow-subsystem equilibria, got 1.
-2.448540	-47.297748								error: Expected at least three slow-subsystem equilibria, got 1.
-2.445705	-47.297748								error: Expected at least three slow-subsystem equilibria, got 1.
-2.442869	-47.297748								error: Expected at least three slow-subsystem equilibria, got 1.
-2.440033	-47.297748								error: Expected at least three slow-subsystem equilibria, got 1.
-2.437198	-47.297748								error: Expected at least three slow-subsystem equilibria, got 1.
-2.434362	-47.297748								error: Expected at least three slow-subsystem equilibria, got 1.
-2.431526	-47.297748								error: Expected at least three slow-subsystem equilibria, got 1.
-2.428691	-47.297748								error: Expected at least three slow-subsystem equilibria, got 1.
-2.425855	-47.297748								error: Expected at least three slow-subsystem equilibria, got 1.
-2.423019	-47.297748								error: Expected at least three slow-subsystem equilibria, got 1.
-2.420183	-47.297748								error: Expected at least three slow-subsystem equilibria, got 1.
-2.417348	-47.297748								error: Expected at least three slow-subsystem equilibria, got 1.
-2.414512	-47.297748								error: Expected at least three slow-subsystem equilibria, got 1.
-2.411676	-47.297748								error: Expected at least three slow-subsystem equilibria, got 1.
-2.408841	-47.297748								error: Expected at least three slow-subsystem equilibria, got 1.
-2.406005	-47.297748								error: Expected at least three slow-subsystem equilibria, got 1.
-2.403169	-47.297748								error: Expected at least three slow-subsystem equilibria, got 1.
-2.400334	-47.297748								error: Expected at least three slow-subsystem equilibria, got 1.
-2.397498	-47.297748								error: Expected at least three slow-subsystem equilibria, got 1.
-2.394662	-47.297748								error: Expected at least three slow-subsystem equilibria, got 1.
-2.391827	-47.297748								error: Expected at least three slow-subsystem equilibria, got 1.
-2.388991	-47.297748								error: Expected at least three slow-subsystem equilibria, got 1.
-2.386155	-47.297748								error: Expected at least three slow-subsystem equilibria, got 1.
-2.383319	-47.297748								error: Expected at least three slow-subsystem equilibria, got 1.
-2.380484	-47.297748								error: Expected at least three slow-subsystem equilibria, got 1.
-2.377648	-47.297748								error: Expected at least three slow-subsystem equilibria, got 1.
-2.374812	-47.297748								error: Expected at least three slow-subsystem equilibria, got 1.
-2.371977	-47.297748								error: Expected at least three slow-subsystem equilibria, got 1.
-2.369141	-47.297748								error: Expected at least three slow-subsystem equilibria, got 1.
-2.366305	-47.297748								error: Expected at least three slow-subsystem equilibria, got 1.
-2.363470	-47.297748								error: Expected at least three slow-subsystem equilibria, got 1.
-2.360634	-47.297748								error: Expected at least three slow-subsystem equilibria, got 1.
-2.357798	-47.297748								error: Expected at least three slow-subsystem equilibria, got 1.
-2.354962	-47.297748								error: Expected at least three slow-subsystem equilibria, got 1.
-2.352127	-47.297748								error: Expected at least three slow-subsystem equilibria, got 1.
-2.349291	-47.297748								error: Expected at least three slow-subsystem equilibria, got 1.
-2.346455	-47.297748								error: Expected at least three slow-subsystem equilibria, got 1.
-2.343620	-47.297748								error: Expected at least three slow-subsystem equilibria, got 1.
-2.340784	-47.297748								error: Expected at least three slow-subsystem equilibria, got 1.
-2.337948	-47.297748								error: Expected at least three slow-subsystem equilibria, got 1.
-2.335113	-47.297748								error: Expected at least three slow-subsystem equilibria, got 1.
-2.332277	-47.297748								error: Expected at least three slow-subsystem equilibria, got 1.
-2.329441	-47.297748								error: Expected at least three slow-subsystem equilibria, got 1.
-2.326606	-47.297748								error: Expected at least three slow-subsystem equilibria, got 1.
-2.323770	-47.297748								error: Expected at least three slow-subsystem equilibria, got 1.
-2.320934	-47.297748								error: Expected at least three slow-subsystem equilibria, got 1.
-2.318098	-47.297748								error: Expected at least three slow-subsystem equilibria, got 1.
-2.315263	-47.297748								error: Expected at least three slow-subsystem equilibria, got 1.
-2.312427	-47.297748								error: Expected at least three slow-subsystem equilibria, got 1.
-2.309591	-47.297748								error: Expected at least three slow-subsystem equilibria, got 1.
-2.306756	-47.297748								error: Expected at least three slow-subsystem equilibria, got 1.
-2.303920	-47.297748								error: Expected at least three slow-subsystem equilibria, got 1.
-2.301084	-47.297748								error: Expected at least three slow-subsystem equilibria, got 1.
-2.298249	-47.297748								error: Expected at least three slow-subsystem equilibria, got 1.
-2.295413	-47.297748								error: Expected at least three slow-subsystem equilibria, got 1.
-2.292577	-47.297748								error: Expected at least three slow-subsystem equilibria, got 1.
-2.289741	-47.297748								error: Expected at least three slow-subsystem equilibria, got 1.
-2.286906	-47.297748								error: Expected at least three slow-subsystem equilibria, got 1.
-2.284070	-47.297748								error: Expected at least three slow-subsystem equilibria, got 1.
-2.281234	-47.297748								error: Expected at least three slow-subsystem equilibria, got 1.
-2.278399	-47.297748								error: Expected at least three slow-subsystem equilibria, got 1.
-2.275563	-47.297748								error: Expected at least three slow-subsystem equilibria, got 1.
-2.272727	-47.297748								error: Expected at least three slow-subsystem equilibria, got 1.
-2.269892	-47.297748								error: Expected at least three slow-subsystem equilibria, got 1.
-2.267056	-47.297748								error: Expected at least three slow-subsystem equilibria, got 1.
-2.264220	-47.297748								error: Expected at least three slow-subsystem equilibria, got 1.
-2.261384	-47.297748								error: Expected at least three slow-subsystem equilibria, got 1.
-2.258549	-47.297748								error: Expected at least three slow-subsystem equilibria, got 1.
-2.255713	-47.297748								error: Expected at least three slow-subsystem equilibria, got 1.
-2.252877	-47.297748								error: Expected at least three slow-subsystem equilibria, got 1.
-2.250042	-47.297748								error: Expected at least three slow-subsystem equilibria, got 1.
-2.247206	-47.297748								error: Expected at least three slow-subsystem equilibria, got 1.
-2.244370	-47.297748								error: Expected at least three slow-subsystem equilibria, got 1.
-2.241535	-47.297748								error: Expected at least three slow-subsystem equilibria, got 1.
-2.238699	-47.297748								error: Expected at least three slow-subsystem equilibria, got 1.
-2.235863	-47.297748								error: Expected at least three slow-subsystem equilibria, got 1.
-2.233028	-47.297748								error: Expected at least three slow-subsystem equilibria, got 1.
-2.230192	-47.297748								error: Expected at least three slow-subsystem equilibria, got 1.
-2.227356	-47.297748								error: Expected at least three slow-subsystem equilibria, got 1.
-2.224520	-47.297748								error: Expected at least three slow-subsystem equilibria, got 1.
-2.221685	-47.297748								error: Expected at least three slow-subsystem equilibria, got 1.
-2.218849	-47.297748								error: Expected at least three slow-subsystem equilibria, got 1.
-2.216013	-47.297748								error: Expected at least three slow-subsystem equilibria, got 1.
-2.213178	-47.297748								error: Expected at least three slow-subsystem equilibria, got 1.
-2.210342	-47.297748								error: Expected at least three slow-subsystem equilibria, got 1.
-2.207506	-47.297748								error: Expected at least three slow-subsystem equilibria, got 1.
-2.204671	-47.297748								error: Expected at least three slow-subsystem equilibria, got 1.
-2.201835	-47.297748								error: Expected at least three slow-subsystem equilibria, got 1.
-2.198999	-47.297748								error: Expected at least three slow-subsystem equilibria, got 1.
-2.196163	-47.297748								error: Expected at least three slow-subsystem equilibria, got 1.
-2.193328	-47.297748								error: Expected at least three slow-subsystem equilibria, got 1.
-2.190492	-47.297748								error: Expected at least three slow-subsystem equilibria, got 1.
-2.187656	-47.297748								error: Expected at least three slow-subsystem equilibria, got 1.
-2.184821	-47.297748								error: Expected at least three slow-subsystem equilibria, got 1.
-2.181985	-47.297748								error: Expected at least three slow-subsystem equilibria, got 1.
-2.179149	-47.297748								error: Expected at least three slow-subsystem equilibria, got 1.
-2.176314	-47.297748								error: Expected at least three slow-subsystem equilibria, got 1.
-2.173478	-47.297748								error: Expected at least three slow-subsystem equilibria, got 1.
-2.170642	-47.297748								error: Expected at least three slow-subsystem equilibria, got 1.
-2.167807	-47.297748								error: Expected at least three slow-subsystem equilibria, got 1.
-2.164971	-47.297748								error: Expected at least three slow-subsystem equilibria, got 1.
-2.162135	-47.297748								error: Expected at least three slow-subsystem equilibria, got 1.
-2.159299	-47.297748								error: Expected at least three slow-subsystem equilibria, got 1.
-2.156464	-47.297748								error: Expected at least three slow-subsystem equilibria, got 1.
-2.153628	-47.297748								error: Expected at least three slow-subsystem equilibria, got 1.
-2.150792	-47.297748								error: Expected at least three slow-subsystem equilibria, got 1.
-2.147957	-47.297748								error: Expected at least three slow-subsystem equilibria, got 1.
-2.145121	-47.297748								error: Expected at least three slow-subsystem equilibria, got 1.
-2.142285	-47.297748								error: Expected at least three slow-subsystem equilibria, got 1.
-2.139450	-47.297748								error: Expected at least three slow-subsystem equilibria, got 1.
-2.136614	-47.297748								error: Expected at least three slow-subsystem equilibria, got 1.
-2.133778	-47.297748								error: Expected at least three slow-subsystem equilibria, got 1.
-2.130942	-47.297748								error: Expected at least three slow-subsystem equilibria, got 1.
-2.128107	-47.297748								error: Expected at least three slow-subsystem equilibria, got 1.
-2.125271	-47.297748								error: Expected at least three slow-subsystem equilibria, got 1.
-2.122435	-47.297748								error: Expected at least three slow-subsystem equilibria, got 1.
-2.119600	-47.297748								error: Expected at least three slow-subsystem equilibria, got 1.
-2.116764	-47.297748								error: Expected at least three slow-subsystem equilibria, got 1.
-2.113928	-47.297748								error: Expected at least three slow-subsystem equilibria, got 1.
-2.111093	-47.297748								error: Expected at least three slow-subsystem equilibria, got 1.
-2.108257	-47.297748								error: Expected at least three slow-subsystem equilibria, got 1.
-2.105421	-47.297748								error: Expected at least three slow-subsystem equilibria, got 1.
-2.102585	-47.297748								error: Expected at least three slow-subsystem equilibria, got 1.
-2.099750	-47.297748								error: Expected at least three slow-subsystem equilibria, got 1.
-2.096914	-47.297748								error: Expected at least three slow-subsystem equilibria, got 1.
-2.094078	-47.297748								error: Expected at least three slow-subsystem equilibria, got 1.
-2.091243	-47.297748								error: Expected at least three slow-subsystem equilibria, got 1.
-2.088407	-47.297748								error: Expected at least three slow-subsystem equilibria, got 1.
-2.085571	-47.297748								error: Expected at least three slow-subsystem equilibria, got 1.
-2.082736	-47.297748								error: Expected at least three slow-subsystem equilibria, got 1.
-2.079900	-47.297748								error: Could not locate the first local maximum of the reduced return map.
-2.077064	-47.297748								error: Could not locate the first local maximum of the reduced return map.
-2.074229	-47.297748								error: Could not locate the first local maximum of the reduced return map.
-2.071393	-47.297748								error: Could not locate the first local maximum of the reduced return map.
-2.068557	-47.297748								error: Could not locate the first local maximum of the reduced return map.
-2.065721	-47.297748								error: Could not locate the first local maximum of the reduced return map.
-2.062886	-47.297748								error: Could not locate the first local maximum of the reduced return map.
-2.060050	-47.297748								error: Could not locate the first local maximum of the reduced return map.
-2.057214	-47.297748								error: Could not locate the first local maximum of the reduced return map.
-2.054379	-47.297748								error: Could not locate the first local maximum of the reduced return map.
-2.051543	-47.297748								error: Could not locate the first local maximum of the reduced return map.
-2.048707	-47.297748								error: Could not locate the first local maximum of the reduced return map.
-2.045872	-47.297748								error: Could not locate the first local maximum of the reduced return map.
-2.043036	-47.297748								error: Could not locate the first local maximum of the reduced return map.
-2.040200	-47.297748								error: Could not locate the first local maximum of the reduced return map.
-2.037364	-47.297748								error: Could not locate the first local maximum of the reduced return map.
-2.034529	-47.297748								error: Could not locate the first local maximum of the reduced return map.
-2.031693	-47.297748								error: Could not locate the first local maximum of the reduced return map.
-2.028857	-47.297748								error: Could not locate the first local maximum of the reduced return map.
-2.026022	-47.297748								error: Could not locate the first local maximum of the reduced return map.
-2.023186	-47.297748								error: Could not locate the first local maximum of the reduced return map.
-2.020350	-47.297748								error: Could not locate the first local maximum of the reduced return map.
-2.017515	-47.297748								error: Could not locate the first local maximum of the reduced return map.
-2.014679	-47.297748								error: Could not locate the first local maximum of the reduced return map.
-2.011843	-47.297748								error: Could not locate the first local maximum of the reduced return map.
-2.009008	-47.297748								error: Could not locate the first local maximum of the reduced return map.
-2.006172	-47.297748								error: Could not locate the first local maximum of the reduced return map.
-2.003336	-47.297748								error: Could not locate the first local maximum of the reduced return map.
-2.000500	-47.297748								error: Could not locate the first local maximum of the reduced return map.
-1.997665	-47.297748								error: Could not locate the first local maximum of the reduced return map.
-1.994829	-47.297748								error: Could not locate the first local maximum of the reduced return map.
-1.991993	-47.297748								error: Could not locate the first local maximum of the reduced return map.
-1.989158	-47.297748								error: Could not locate the first local maximum of the reduced return map.
-1.986322	-47.297748								error: Could not locate the first local maximum of the reduced return map.
-1.983486	-47.297748								error: Could not locate the first local maximum of the reduced return map.
-1.980651	-47.297748								error: Could not locate the first local maximum of the reduced return map.
-1.977815	-47.297748								error: Could not locate the first local maximum of the reduced return map.
-1.974979	-47.297748								error: Could not locate the first local maximum of the reduced return map.
-1.972143	-47.297748								error: Could not locate the first local maximum of the reduced return map.
-1.969308	-47.297748								error: Could not locate the first local maximum of the reduced return map.
-1.966472	-47.297748								error: Could not locate the first local maximum of the reduced return map.
-1.963636	-47.297748								error: Could not locate the first local maximum of the reduced return map.
-1.960801	-47.297748								error: Could not locate the first local maximum of the reduced return map.
-1.957965	-47.297748								error: Could not locate the first local maximum of the reduced return map.
-1.955129	-47.297748								error: T SSCS does not start with ±1: Int64[]
-1.952294	-47.297748								error: T SSCS does not start with ±1: Int64[]
-1.949458	-47.297748								error: T SSCS does not start with ±1: Int64[]
-1.946622	-47.297748								error: T SSCS does not start with ±1: Int64[]
-1.943786	-47.297748								error: T SSCS does not start with ±1: Int64[]
-1.940951	-47.297748								error: T SSCS does not start with ±1: Int64[]
-1.938115	-47.297748								error: T SSCS does not start with ±1: Int64[]
-1.935279	-47.297748								error: T SSCS does not start with ±1: Int64[]
-1.932444	-47.297748								error: T SSCS does not start with ±1: Int64[]
-1.929608	-47.297748								error: T SSCS does not start with ±1: Int64[]
-1.926772	-47.297748								error: T SSCS does not start with ±1: Int64[]
-1.923937	-47.297748								error: T SSCS does not start with ±1: Int64[]
-1.921101	-47.297748								error: T SSCS does not start with ±1: Int64[]
-1.918265	-47.297748								error: T SSCS does not start with ±1: Int64[]
-1.915430	-47.297748								error: T SSCS does not start with ±1: Int64[]
-1.912594	-47.297748								error: T SSCS does not start with ±1: Int64[]
-1.909758	-47.297748								error: T SSCS does not start with ±1: Int64[]
-1.906922	-47.297748								error: T SSCS does not start with ±1: Int64[]
-1.904087	-47.297748								error: T SSCS does not start with ±1: Int64[]
-1.901251	-47.297748								error: T SSCS does not start with ±1: Int64[]
-1.898415	-47.297748								error: T SSCS does not start with ±1: Int64[]
-1.895580	-47.297748								error: T SSCS does not start with ±1: Int64[]
-1.892744	-47.297748								error: T SSCS does not start with ±1: Int64[]
-1.889908	-47.297748								error: T SSCS does not start with ±1: Int64[]
-1.887073	-47.297748								error: T SSCS does not start with ±1: Int64[]
-1.884237	-47.297748								error: T SSCS does not start with ±1: Int64[]
-1.881401	-47.297748								error: T SSCS does not start with ±1: Int64[]
-1.878565	-47.297748								error: T SSCS does not start with ±1: Int64[]
-1.875730	-47.297748								error: T SSCS does not start with ±1: Int64[]
-1.872894	-47.297748								error: T SSCS does not start with ±1: Int64[]
-1.870058	-47.297748								error: T SSCS does not start with ±1: Int64[]
-1.867223	-47.297748								error: T SSCS does not start with ±1: Int64[]
-1.864387	-47.297748								error: T SSCS does not start with ±1: Int64[]
-1.861551	-47.297748								error: T SSCS does not start with ±1: Int64[]
-1.858716	-47.297748								error: T SSCS does not start with ±1: Int64[]
-1.855880	-47.297748								error: T SSCS does not start with ±1: Int64[]
-1.853044	-47.297748								error: T SSCS does not start with ±1: Int64[]
-1.850209	-47.297748								error: T SSCS does not start with ±1: Int64[]
-1.847373	-47.297748								error: T SSCS does not start with ±1: Int64[]
-1.844537	-47.297748								error: T SSCS does not start with ±1: Int64[]
-1.841701	-47.297748								error: T SSCS does not start with ±1: Int64[]
-1.838866	-47.297748								error: T SSCS does not start with ±1: Int64[]
-1.836030	-47.297748								error: T SSCS does not start with ±1: Int64[]
-1.833194	-47.297748								error: T SSCS does not start with ±1: Int64[]
-1.830359	-47.297748								error: T SSCS does not start with ±1: Int64[]
-1.827523	-47.297748								error: T SSCS does not start with ±1: Int64[]
-1.824687	-47.297748								error: T SSCS does not start with ±1: Int64[]
-1.821852	-47.297748								error: T SSCS does not start with ±1: Int64[]
-1.819016	-47.297748								error: T SSCS does not start with ±1: Int64[]
-1.816180	-47.297748								error: T SSCS does not start with ±1: Int64[]
-1.813344	-47.297748								error: T SSCS does not start with ±1: Int64[]
-1.810509	-47.297748								error: T SSCS does not start with ±1: Int64[]
-1.807673	-47.297748								error: T SSCS does not start with ±1: Int64[]
-1.804837	-47.297748								error: T SSCS does not start with ±1: Int64[]
-1.802002	-47.297748								error: T SSCS does not start with ±1: Int64[]
-1.799166	-47.297748								error: T SSCS does not start with ±1: Int64[]
-1.796330	-47.297748								error: T SSCS does not start with ±1: Int64[]
-1.793495	-47.297748								error: T SSCS does not start with ±1: Int64[]
-1.790659	-47.297748								error: T SSCS does not start with ±1: Int64[]
-1.787823	-47.297748								error: T SSCS does not start with ±1: Int64[]
-1.784987	-47.297748								error: T SSCS does not start with ±1: Int64[]
-1.782152	-47.297748								error: T SSCS does not start with ±1: Int64[]
-1.779316	-47.297748								error: T SSCS does not start with ±1: Int64[]
-1.776480	-47.297748								error: T SSCS does not start with ±1: Int64[]
-1.773645	-47.297748								error: T SSCS does not start with ±1: Int64[]
-1.770809	-47.297748								error: T SSCS does not start with ±1: Int64[]
-1.767973	-47.297748								error: T SSCS does not start with ±1: Int64[]
-1.765138	-47.297748								error: T SSCS does not start with ±1: Int64[]
-1.762302	-47.297748								error: T SSCS does not start with ±1: Int64[]
-1.759466	-47.297748								error: T SSCS does not start with ±1: Int64[]
-1.756631	-47.297748								error: T SSCS does not start with ±1: Int64[]
-1.753795	-47.297748								error: T SSCS does not start with ±1: Int64[]
-1.750959	-47.297748								error: T SSCS does not start with ±1: Int64[]
-1.748123	-47.297748								error: T SSCS does not start with ±1: Int64[]
-1.745288	-47.297748								error: T SSCS does not start with ±1: Int64[]
-1.742452	-47.297748								error: T SSCS does not start with ±1: Int64[]
-1.739616	-47.297748								error: T SSCS does not start with ±1: Int64[]
-1.736781	-47.297748								error: T SSCS does not start with ±1: Int64[]
-1.733945	-47.297748								error: T SSCS does not start with ±1: Int64[]
-1.731109	-47.297748								error: T SSCS does not start with ±1: Int64[]
-1.728274	-47.297748								error: T SSCS does not start with ±1: Int64[]
-1.725438	-47.297748								error: T SSCS does not start with ±1: Int64[]
-1.722602	-47.297748								error: T SSCS does not start with ±1: Int64[]
-1.719766	-47.297748								error: T SSCS does not start with ±1: Int64[]
-1.716931	-47.297748								error: T SSCS does not start with ±1: Int64[]
-1.714095	-47.297748								error: T SSCS does not start with ±1: Int64[]
-1.711259	-47.297748								error: T SSCS does not start with ±1: Int64[]
-1.708424	-47.297748								error: T SSCS does not start with ±1: Int64[]
-1.705588	-47.297748								error: T SSCS does not start with ±1: Int64[]
-1.702752	-47.297748								error: T SSCS does not start with ±1: Int64[]
-1.699917	-47.297748								error: T SSCS does not start with ±1: Int64[]
-1.697081	-47.297748								error: T SSCS does not start with ±1: Int64[]
-1.694245	-47.297748								error: T SSCS does not start with ±1: Int64[]
-1.691410	-47.297748								error: T SSCS does not start with ±1: Int64[]
-1.688574	-47.297748								error: T SSCS does not start with ±1: Int64[]
-1.685738	-47.297748								error: T SSCS does not start with ±1: Int64[]
-1.682902	-47.297748								error: T SSCS does not start with ±1: Int64[]
-1.680067	-47.297748								error: T SSCS does not start with ±1: Int64[]
-1.677231	-47.297748								error: T SSCS does not start with ±1: Int64[]
-1.674395	-47.297748								error: T SSCS does not start with ±1: Int64[]
-1.671560	-47.297748								error: T SSCS does not start with ±1: Int64[]
-1.668724	-47.297748								error: T SSCS does not start with ±1: Int64[]
-1.665888	-47.297748								error: T SSCS does not start with ±1: Int64[]
-1.663053	-47.297748								error: T SSCS does not start with ±1: Int64[]
-1.660217	-47.297748								error: T SSCS does not start with ±1: Int64[]
-1.657381	-47.297748								error: T SSCS does not start with ±1: Int64[]
-1.654545	-47.297748								error: T SSCS does not start with ±1: Int64[]
-1.651710	-47.297748								error: T SSCS does not start with ±1: Int64[]
-1.648874	-47.297748								error: T SSCS does not start with ±1: Int64[]
-1.646038	-47.297748								error: T SSCS does not start with ±1: Int64[]
-1.643203	-47.297748								error: T SSCS does not start with ±1: Int64[]
-1.640367	-47.297748								error: T SSCS does not start with ±1: Int64[]
-1.637531	-47.297748								error: T SSCS does not start with ±1: Int64[]
-1.634696	-47.297748								error: T SSCS does not start with ±1: Int64[]
-1.631860	-47.297748								error: T SSCS does not start with ±1: Int64[]
-1.629024	-47.297748								error: T SSCS does not start with ±1: Int64[]
-1.626188	-47.297748								error: T SSCS does not start with ±1: Int64[]
-1.623353	-47.297748								error: T SSCS does not start with ±1: Int64[]
-1.620517	-47.297748								error: T SSCS does not start with ±1: Int64[]
-1.617681	-47.297748								error: T SSCS does not start with ±1: Int64[]
-1.614846	-47.297748								error: T SSCS does not start with ±1: Int64[]
-1.612010	-47.297748								error: T SSCS does not start with ±1: Int64[]
-1.609174	-47.297748								error: T SSCS does not start with ±1: Int64[]
-1.606339	-47.297748								error: T SSCS does not start with ±1: Int64[]
-1.603503	-47.297748								error: T SSCS does not start with ±1: Int64[]
-1.600667	-47.297748								error: T SSCS does not start with ±1: Int64[]
-1.597832	-47.297748								error: T SSCS does not start with ±1: Int64[]
-1.594996	-47.297748								error: T SSCS does not start with ±1: Int64[]
-1.592160	-47.297748								error: T SSCS does not start with ±1: Int64[]
-1.589324	-47.297748								error: T SSCS does not start with ±1: Int64[]
-1.586489	-47.297748								error: T SSCS does not start with ±1: Int64[]
-1.583653	-47.297748								error: T SSCS does not start with ±1: Int64[]
-1.580817	-47.297748								error: T SSCS does not start with ±1: Int64[]
-1.577982	-47.297748								error: T SSCS does not start with ±1: Int64[]
-1.575146	-47.297748								error: T SSCS does not start with ±1: Int64[]
-1.572310	-47.297748								error: T SSCS does not start with ±1: Int64[]
-1.569475	-47.297748								error: T SSCS does not start with ±1: Int64[]
-1.566639	-47.297748								error: T SSCS does not start with ±1: Int64[]
-1.563803	-47.297748								error: T SSCS does not start with ±1: Int64[]
-1.560967	-47.297748								error: T SSCS does not start with ±1: Int64[]
-1.558132	-47.297748								error: T SSCS does not start with ±1: Int64[]
-1.555296	-47.297748								error: T SSCS does not start with ±1: Int64[]
-1.552460	-47.297748								error: T SSCS does not start with ±1: Int64[]
-1.549625	-47.297748								error: T SSCS does not start with ±1: Int64[]
-1.546789	-47.297748								error: T SSCS does not start with ±1: Int64[]
-1.543953	-47.297748								error: T SSCS does not start with ±1: Int64[]
-1.541118	-47.297748								error: T SSCS does not start with ±1: Int64[]
-1.538282	-47.297748								error: T SSCS does not start with ±1: Int64[]
-1.535446	-47.297748								error: T SSCS does not start with ±1: Int64[]
-1.532611	-47.297748								error: T SSCS does not start with ±1: Int64[]
-1.529775	-47.297748								error: T SSCS does not start with ±1: Int64[]
-1.526939	-47.297748								error: T SSCS does not start with ±1: Int64[]
-1.524103	-47.297748								error: T SSCS does not start with ±1: Int64[]
-1.521268	-47.297748								error: T SSCS does not start with ±1: Int64[]
-1.518432	-47.297748								error: T SSCS does not start with ±1: Int64[]
-1.515596	-47.297748								error: T SSCS does not start with ±1: Int64[]
-1.512761	-47.297748								error: T SSCS does not start with ±1: Int64[]
-1.509925	-47.297748								error: T SSCS does not start with ±1: Int64[]
-1.507089	-47.297748								error: T SSCS does not start with ±1: Int64[]
-1.504254	-47.297748								error: T SSCS does not start with ±1: Int64[]
-1.501418	-47.297748								error: T SSCS does not start with ±1: Int64[]
-1.498582	-47.297748								error: T SSCS does not start with ±1: Int64[]
-1.495746	-47.297748								error: T SSCS does not start with ±1: Int64[]
-1.492911	-47.297748								error: T SSCS does not start with ±1: Int64[]
-1.490075	-47.297748								error: T SSCS does not start with ±1: Int64[]
-1.487239	-47.297748								error: T SSCS does not start with ±1: Int64[]
-1.484404	-47.297748								error: T SSCS does not start with ±1: Int64[]
-1.481568	-47.297748								error: T SSCS does not start with ±1: Int64[]
-1.478732	-47.297748								error: T SSCS does not start with ±1: Int64[]
-1.475897	-47.297748								error: T SSCS does not start with ±1: Int64[]
-1.473061	-47.297748								error: T SSCS does not start with ±1: Int64[]
-1.470225	-47.297748								error: T SSCS does not start with ±1: Int64[]
-1.467389	-47.297748								error: T SSCS does not start with ±1: Int64[]
-1.464554	-47.297748								error: T SSCS does not start with ±1: Int64[]
-1.461718	-47.297748								error: T SSCS does not start with ±1: Int64[]
-1.458882	-47.297748								error: T SSCS does not start with ±1: Int64[]
-1.456047	-47.297748								error: T SSCS does not start with ±1: Int64[]
-1.453211	-47.297748								error: T SSCS does not start with ±1: Int64[]
-1.450375	-47.297748								error: T SSCS does not start with ±1: Int64[]
-1.447540	-47.297748								error: T SSCS does not start with ±1: Int64[]
-1.444704	-47.297748								error: T SSCS does not start with ±1: Int64[]
-1.441868	-47.297748								error: T SSCS does not start with ±1: Int64[]
-1.439033	-47.297748								error: T SSCS does not start with ±1: Int64[]
-1.436197	-47.297748								error: T SSCS does not start with ±1: Int64[]
-1.433361	-47.297748								error: T SSCS does not start with ±1: Int64[]
-1.430525	-47.297748								error: T SSCS does not start with ±1: Int64[]
-1.427690	-47.297748								error: T SSCS does not start with ±1: Int64[]
-1.424854	-47.297748								error: T SSCS does not start with ±1: Int64[]
-1.422018	-47.297748								error: T SSCS does not start with ±1: Int64[]
-1.419183	-47.297748								error: T SSCS does not start with ±1: Int64[]
-1.416347	-47.297748								error: T SSCS does not start with ±1: Int64[]
-1.413511	-47.297748								error: T SSCS does not start with ±1: Int64[]
-1.410676	-47.297748								error: T SSCS does not start with ±1: Int64[]
-1.407840	-47.297748								error: T SSCS does not start with ±1: Int64[]
-1.405004	-47.297748								error: T SSCS does not start with ±1: Int64[]
-1.402168	-47.297748								error: T SSCS does not start with ±1: Int64[]
-1.399333	-47.297748								error: T SSCS does not start with ±1: Int64[]
-1.396497	-47.297748								error: T SSCS does not start with ±1: Int64[]
-1.393661	-47.297748								error: T SSCS does not start with ±1: Int64[]
-1.390826	-47.297748								error: T SSCS does not start with ±1: Int64[]
-1.387990	-47.297748								error: T SSCS does not start with ±1: Int64[]
-1.385154	-47.297748								error: T SSCS does not start with ±1: Int64[]
-1.382319	-47.297748								error: T SSCS does not start with ±1: Int64[]
-1.379483	-47.297748								error: T SSCS does not start with ±1: Int64[]
-1.376647	-47.297748								error: T SSCS does not start with ±1: Int64[]
-1.373812	-47.297748								error: T SSCS does not start with ±1: Int64[]
-1.370976	-47.297748								error: T SSCS does not start with ±1: Int64[]
-1.368140	-47.297748								error: T SSCS does not start with ±1: Int64[]
-1.365304	-47.297748								error: T SSCS does not start with ±1: Int64[]
-1.362469	-47.297748								error: T SSCS does not start with ±1: Int64[]
-1.359633	-47.297748								error: T SSCS does not start with ±1: Int64[]
-1.356797	-47.297748								error: T SSCS does not start with ±1: Int64[]
-1.353962	-47.297748								error: T SSCS does not start with ±1: Int64[]
-1.351126	-47.297748								error: T SSCS does not start with ±1: Int64[]
-1.348290	-47.297748								error: T SSCS does not start with ±1: Int64[]
-1.345455	-47.297748								error: T SSCS does not start with ±1: Int64[]
-1.342619	-47.297748								error: T SSCS does not start with ±1: Int64[]
-1.339783	-47.297748								error: T SSCS does not start with ±1: Int64[]
-1.336947	-47.297748								error: T SSCS does not start with ±1: Int64[]
-1.334112	-47.297748								error: T SSCS does not start with ±1: Int64[]
-1.331276	-47.297748								error: T SSCS does not start with ±1: Int64[]
-1.328440	-47.297748								error: T SSCS does not start with ±1: Int64[]
-1.325605	-47.297748								error: T SSCS does not start with ±1: Int64[]
-1.322769	-47.297748								error: T SSCS does not start with ±1: Int64[]
-1.319933	-47.297748								error: T SSCS does not start with ±1: Int64[]
-1.317098	-47.297748								error: T SSCS does not start with ±1: Int64[]
-1.314262	-47.297748								error: T SSCS does not start with ±1: Int64[]
-1.311426	-47.297748								error: T SSCS does not start with ±1: Int64[]
-1.308590	-47.297748								error: T SSCS does not start with ±1: Int64[]
-1.305755	-47.297748								error: T SSCS does not start with ±1: Int64[]
-1.302919	-47.297748								error: T SSCS does not start with ±1: Int64[]
-1.300083	-47.297748								error: T SSCS does not start with ±1: Int64[]
-1.297248	-47.297748								error: T SSCS does not start with ±1: Int64[]
-1.294412	-47.297748								error: T SSCS does not start with ±1: Int64[]
-1.291576	-47.297748								error: T SSCS does not start with ±1: Int64[]
-1.288741	-47.297748								error: T SSCS does not start with ±1: Int64[]
-1.285905	-47.297748								error: T SSCS does not start with ±1: Int64[]
-1.283069	-47.297748								error: T SSCS does not start with ±1: Int64[]
-1.280234	-47.297748								error: T SSCS does not start with ±1: Int64[]
-1.277398	-47.297748								error: T SSCS does not start with ±1: Int64[]
-1.274562	-47.297748								error: T SSCS does not start with ±1: Int64[]
-1.271726	-47.297748								error: T SSCS does not start with ±1: Int64[]
-1.268891	-47.297748								error: T SSCS does not start with ±1: Int64[]
-1.266055	-47.297748								error: T SSCS does not start with ±1: Int64[]
-1.263219	-47.297748								error: T SSCS does not start with ±1: Int64[]
-1.260384	-47.297748								error: T SSCS does not start with ±1: Int64[]
-1.257548	-47.297748								error: T SSCS does not start with ±1: Int64[]
-1.254712	-47.297748								error: T SSCS does not start with ±1: Int64[]
-1.251877	-47.297748								error: T SSCS does not start with ±1: Int64[]
-1.249041	-47.297748								error: T SSCS does not start with ±1: Int64[]
-1.246205	-47.297748								error: T SSCS does not start with ±1: Int64[]
-1.243369	-47.297748								error: T SSCS does not start with ±1: Int64[]
-1.240534	-47.297748								error: T SSCS does not start with ±1: Int64[]
-1.237698	-47.297748								error: T SSCS does not start with ±1: Int64[]
-1.234862	-47.297748								error: T SSCS does not start with ±1: Int64[]
-1.232027	-47.297748								error: T SSCS does not start with ±1: Int64[]
-1.229191	-47.297748								error: T SSCS does not start with ±1: Int64[]
-1.226355	-47.297748								error: T SSCS does not start with ±1: Int64[]
-1.223520	-47.297748								error: T SSCS does not start with ±1: Int64[]
-1.220684	-47.297748								error: T SSCS does not start with ±1: Int64[]
-1.217848	-47.297748								error: T SSCS does not start with ±1: Int64[]
-1.215013	-47.297748								error: T SSCS does not start with ±1: Int64[]
-1.212177	-47.297748								error: T SSCS does not start with ±1: Int64[]
-1.209341	-47.297748								error: T SSCS does not start with ±1: Int64[]
-1.206505	-47.297748								error: T SSCS does not start with ±1: Int64[]
-1.203670	-47.297748								error: T SSCS does not start with ±1: [-2]
-1.200834	-47.297748								error: T SSCS does not start with ±1: [-2]
-1.197998	-47.297748								error: T SSCS does not start with ±1: [-2]
-1.195163	-47.297748								error: T SSCS does not start with ±1: [-2]
-1.192327	-47.297748								error: T SSCS does not start with ±1: [-2]
-1.189491	-47.297748								error: T SSCS does not start with ±1: [-2, -2, -2, -1, -1, -1, -1, -1, -1, -1]
-1.186656	-47.297748								error: T SSCS does not start with ±1: [-2, -2, -1, -1, -1, -1, -1, -1, -1, -1]
-1.183820	-47.297748								error: T SSCS does not start with ±1: [-2, -2, -1, -1, -1, -1, -1, -1, -1, -1]
-1.180984	-47.297748								error: T SSCS does not start with ±1: [-2, -2, -1, -1, -1, -1, -1, -1, -1, -1]
-1.178148	-47.297748								error: T SSCS does not start with ±1: [-2, -1, -1, -1, -1, -1, -1, -1, -1, -1]
-1.175313	-47.297748								error: T SSCS does not start with ±1: [-2, -1, -1, -1, -1, -1, -1, -1, -1, -1]
-1.172477	-47.297748								error: T SSCS does not start with ±1: [-2, -1, -1, -1, -1, -1, -1, -1, -1, -1]
-1.169641	-47.297748								error: T SSCS does not start with ±1: [-2, -1, -1, -1, -1, -1, -1, -1, -1, -1]
-1.166806	-47.297748								error: T SSCS does not start with ±1: [-2, -1, -1, -1, -1, -1, -1, -1, -1, -1]
-1.163970	-47.297748								error: T SSCS does not start with ±1: [-2, -1, -1, -1, -1, -1, -1, -1, -1, -1]
-1.161134	-47.297748								error: T SSCS does not start with ±1: [-2, -1, -1, -1, -1, -1, -1, -1, -1, -1]
-1.158299	-47.297748								error: T SSCS does not start with ±1: [-2, -1, -1, -1, -1, -1, -1, -1, -1, -1]
-1.155463	-47.297748								error: T SSCS does not start with ±1: [-2, -1, -1, -1, -1, -1, -1, -1, -1, -1]
-1.152627	-47.297748								error: T SSCS does not start with ±1: [-2, -1, -1, -1, -1, -1, -1, -1, -1, -1]
-1.149791	-47.297748								error: T SSCS does not start with ±1: [-2, -1, -1, -1, -1, -1, -1, -1, -1, -1]
-1.146956	-47.297748								error: T SSCS does not start with ±1: [-2, -1, -1, -1, -1, -1, -1, -1, -1, -1]
-1.144120	-47.297748								error: T SSCS does not start with ±1: [-2, -1, -1, -1, -1, -1, -1, -1, -1, -1]
-1.141284	-47.297748								error: T SSCS does not start with ±1: [-2, -1, -1, -1, -1, -1, -1, -1, -1, -1]
-1.138449	-47.297748								error: T SSCS does not start with ±1: [-2, -1, -1, -1, -1, -1, -1, -1, -1, -1]
-1.135613	-47.297748								error: T SSCS does not start with ±1: [-2, -1, -1, -1, -1, -1, -1, -1, -1, -1]
-1.132777	-47.297748								error: T SSCS does not start with ±1: [-2, -1, -1, -1, -1, -1, -1, -1, -1, -1]
-1.129942	-47.297748								error: T SSCS does not start with ±1: [-2, -1, -1, -1, -1, -1, -1, -1, -1, -1]
-1.127106	-47.297748								error: T SSCS does not start with ±1: [-2, -1, -1, -1, -1, -1, -1, -1, -1, -1]
-1.124270	-47.297748								error: T SSCS does not start with ±1: [-2, -1, -1, -1, -1, -1, -1, -1, -1, -1]
-1.121435	-47.297748								error: T SSCS does not start with ±1: [-2, -1, -1, -1, -1, -1, -1, -1, -1, -1]
-1.118599	-47.297748								error: T SSCS does not start with ±1: [-2, -1, -1, -1, -1, -1, -1, -1, -1, -1]
-1.115763	-47.297748								error: T SSCS does not start with ±1: [-2, -1, -1, -1, -1, -1, -1, -1, -1, -1]
-1.112927	-47.297748								error: T SSCS does not start with ±1: [-2, -1, -1, -1, -1, -1, -1, -1, -1, -1]
-1.110092	-47.297748								error: T SSCS does not start with ±1: [-2, -1, -1, -1, -1, -1, -1, -1, -1, -1]
-1.107256	-47.297748								error: T SSCS does not start with ±1: [-2, -1, -1, -1, -1, -1, -1, -1, -1, -1]
-1.104420	-47.297748								error: T SSCS does not start with ±1: [-2, -1, -1, -1, -1, -1, -1, -1, -1, -1]
-1.101585	-47.297748								error: T SSCS does not start with ±1: [-2, -1, -1, -1, -1, -1, -1, -1, -1, -1]
-1.098749	-47.297748								error: T SSCS does not start with ±1: [-2, -1, -1, -1, -1, -1, -1, -1, -1, -1]
-1.095913	-47.297748								error: T SSCS does not start with ±1: [-2, -1, -1, -1, -1, -1, -1, -1, -1, -1]
-1.093078	-47.297748								error: T SSCS does not start with ±1: [-2, -1, -1, -1, -1, -1, -1, -1, -1, -1]
-1.090242	-47.297748								error: T SSCS does not start with ±1: [-2, -1, -1, -1, -1, -1, -1, -1, -1, -1]
-1.087406	-47.297748								error: T SSCS does not start with ±1: [-2, -1, -1, -1, -1, -1, -1, -1, -1, -1]
-1.084570	-47.297748								error: T SSCS does not start with ±1: [-2, -1, -1, -1, -1, -1, -1, -1, -1, -1]
-1.081735	-47.297748								error: T SSCS does not start with ±1: [-2, -1, -1, -1, -1, -1, -1, -1, -1, -1]
-1.078899	-47.297748								error: T SSCS does not start with ±1: [-2, -1, -1, -1, -1, -1, -1, -1, -1, -1]
-1.076063	-47.297748								error: T SSCS does not start with ±1: [-2, -1, -1, -1, -1, -1, -1, -1, -1, -1]
-1.073228	-47.297748								error: T SSCS does not start with ±1: [-2, -1, -1, -1, -1, -1, -1, -1, -1, -1]
-1.070392	-47.297748								error: T SSCS does not start with ±1: [-2, -1, -1, -1, -1, -1, -1, -1, -1, -1]
-1.067556	-47.297748								error: T SSCS does not start with ±1: [-2, -1, -1, -1, -1, -1, -1, -1, -1, -1]
-1.064721	-47.297748								error: T SSCS does not start with ±1: [-2, -1, -1, -1, -1, -1, -1, -1, -1, -1]
-1.061885	-47.297748								error: T SSCS does not start with ±1: [-2, -1, -1, -1, -1, -1, -1, -1, -1, -1]
-1.059049	-47.297748								error: T SSCS does not start with ±1: [-2, -1, -1, -1, -1, -1, -1, -1, -1, -1]
-1.056214	-47.297748								error: T SSCS does not start with ±1: [-2, -1, -1, -1, -1, -1, -1, -1, -1, -1]
-1.053378	-47.297748								error: T SSCS does not start with ±1: [-2, -1, -1, -1, -1, -1, -1, -1, -1, -1]
-1.050542	-47.297748								error: T SSCS does not start with ±1: [-2, -1, -1, -1, -1, -1, -1, -1, -1, -1]
-1.047706	-47.297748								error: T SSCS does not start with ±1: [-2, -1, -1, -1, -1, -1, -1, -1, -1, -1]
-1.044871	-47.297748								error: T SSCS does not start with ±1: [-2, -1, -1, -1, -1, -1, -1, -1, -1, -1]
-1.042035	-47.297748								error: T SSCS does not start with ±1: [-2, -1, -1, -1, -1, -1, -1, -1, -1, -1]
-1.039199	-47.297748								error: T SSCS does not start with ±1: [-2, -1, -1, -1, -1, -1, -1, -1, -1, -1]
-1.036364	-47.297748								error: T SSCS does not start with ±1: [-2, -2, -1, -1, -1, -1, -1, -1, -1, -1]
-1.033528	-47.297748								error: T SSCS does not start with ±1: [-2, -2, -1, -1, -1, -1, -1, -1, -1, -1]
-1.030692	-47.297748								error: T SSCS does not start with ±1: [-2, -2, -1, -1, -1, -1, -1, -1, -1, -1]
-1.027857	-47.297748								error: T SSCS does not start with ±1: [-2, -2, -1, -1, -1, -1, -1, -1, -1, -1]
-1.025021	-47.297748								error: T SSCS does not start with ±1: [-2, -2, -1, -1, -1, -1, -1, -1, -1, -1]
-1.022185	-47.297748								error: T SSCS does not start with ±1: [-2, -2, -1, -1, -1, -1, -1, -1, -1, -1]
-1.019349	-47.297748								error: T SSCS does not start with ±1: [-2, -2, -2, -1, -1, -1, -1, -1, -1, -1]
-1.016514	-47.297748								error: T SSCS does not start with ±1: [-2, -2, -2, -2, -1, -1, -1, -1, -1]
-1.013678	-47.297748								error: T SSCS does not start with ±1: [-2, -2, -2, -2, -2, -1, -1, -1]
-1.010842	-47.297748								error: T SSCS does not start with ±1: [-2, -2, -2, -2, -2, -2]
-1.008007	-47.297748								error: T SSCS does not start with ±1: [-2, -2, -2, -2, -2, -2]
-1.005171	-47.297748								error: T SSCS does not start with ±1: [-2, -2, -2, -2, -2, -2]
-1.002335	-47.297748								error: T SSCS does not start with ±1: [-2, -2, -2, -2, -2, -2]
-0.999500	-47.297748								error: T SSCS does not start with ±1: [-2, -2, -2, -2, -2, -2]
-0.996664	-47.297748								error: T SSCS does not start with ±1: [-2, -2, -2, -2, -2, -2]
-0.993828	-47.297748								error: T SSCS does not start with ±1: [-2, -2, -2, -2, -2, -2]
-0.990992	-47.297748								error: T SSCS does not start with ±1: [-2, -2, -2, -2, -2, -2]
-0.988157	-47.297748								error: T SSCS does not start with ±1: [-2, -2, -2, -2, -2, -2]
-0.985321	-47.297748								error: T SSCS does not start with ±1: [-2, -2, -2, -2, -2, -2]
-0.982485	-47.297748								error: T SSCS does not start with ±1: [-2, -2, -2, -2, -2, -2]
-0.979650	-47.297748								error: T SSCS does not start with ±1: [-2, -2, -2, -2, -2, -2]
-0.976814	-47.297748								error: T SSCS does not start with ±1: [-2, -2, -2, -2, -2, -2]
-0.973978	-47.297748								error: T SSCS does not start with ±1: [-2, -2, -2, -2, -2, -2]
-0.971143	-47.297748								error: T SSCS does not start with ±1: [-2, -2, -2, -2, -2, -2]
-0.968307	-47.297748								error: T SSCS does not start with ±1: [-2, -2, -2, -2, -2, -2]
-0.965471	-47.297748								error: T SSCS does not start with ±1: [-2, -2, -2, -2, -2, -2]
-0.962636	-47.297748								error: T SSCS does not start with ±1: [-2, -2, -2, -2, -2, -2]
-0.959800	-47.297748								error: T SSCS does not start with ±1: [-2, -2, -2, -2, -2, -2]
-0.956964	-47.297748								error: T SSCS does not start with ±1: [-2, -2, -2, -2, -2, -2]
-0.954128	-47.297748								error: T SSCS does not start with ±1: [-2, -2, -2, -2, -2, -2]
-0.951293	-47.297748								error: T SSCS does not start with ±1: [-2, -2, -2, -2, -2, -2]
-0.948457	-47.297748								error: T SSCS does not start with ±1: [-2, -2, -2, -2, -2, -2]
-0.945621	-47.297748								error: T SSCS does not start with ±1: [-2, -2, -2, -2, -2, -2]
-0.942786	-47.297748								error: T SSCS does not start with ±1: [-2, -2, -2, -2, -2, -2]
-0.939950	-47.297748								error: T SSCS does not start with ±1: [-2, -2, -2, -2, -2, -2]
-0.937114	-47.297748								error: T SSCS does not start with ±1: [-2, -2, -2, -2, -2, -2]
-0.934279	-47.297748								error: T SSCS does not start with ±1: [-2, -2, -2, -2, -2, -2]
-0.931443	-47.297748								error: T SSCS does not start with ±1: [-2, -2, -2, -2, -2, -2]
-0.928607	-47.297748								error: T SSCS does not start with ±1: [-2, -2, -2, -2, -2, -2]
-0.925771	-47.297748								error: T SSCS does not start with ±1: [-2, -2, -2, -2, -2, -2]
-0.922936	-47.297748								error: T SSCS does not start with ±1: [-2, -2, -2, -2, -2, -2]
-0.920100	-47.297748								error: T SSCS does not start with ±1: [-2, -2, -2, -2, -2, -2]
-0.917264	-47.297748								error: T SSCS does not start with ±1: [-2, -2, -2, -2, -2, -2]
-0.914429	-47.297748								error: T SSCS does not start with ±1: [-2, -2, -1, -1, -2, -2, -2]
-0.911593	-47.297748								error: T SSCS does not start with ±1: [-2, -2, -1, -1, -2, -2, -2]
-0.908757	-47.297748								error: T SSCS does not start with ±1: [-2, -2, -1, -1, -2, -2, -2]
-0.905922	-47.297748								error: T SSCS does not start with ±1: [-2, -2, -1, -1, -2, -2, -2]
-0.903086	-47.297748								error: T SSCS does not start with ±1: [-2, -2, -1, -1, -2, -2, -1, -1]
-0.900250	-47.297748								error: T SSCS does not start with ±1: [-2, -2, -1, -1, -2, -2, -1, -1]
-0.897415	-47.297748								error: T SSCS does not start with ±1: [-2, -2, -1, -1, -1, -1, -2, -2]
-0.894579	-47.297748								error: T SSCS does not start with ±1: [-2, -2, -1, -1, -1, -1, -1, -1, -2]
-0.891743	-47.297748								error: T SSCS does not start with ±1: [-2, -2, -1, -1, -1, -1, -1, -2, -2]
-0.888907	-47.297748								error: T SSCS does not start with ±1: [-2, -2, -1, -1, -1, -2, -2, -1, -1]
-0.886072	-47.297748								error: T SSCS does not start with ±1: [-2, -2, -1, -1, -1, -2, -2, -2]
-0.883236	-47.297748								error: T SSCS does not start with ±1: [-2, -2, -1, -2, -2, -1, -1, -1]
-0.880400	-47.297748								error: T SSCS does not start with ±1: [-2, -2, -1, -2, -2, -1, -2]
-0.877565	-47.297748								error: T SSCS does not start with ±1: [-2, -2, -1, -2, -2, -1, -1, -2]
-0.874729	-47.297748								error: T SSCS does not start with ±1: [-2, -2, -1, -2, -2, -2, -1, -1]
-0.871893	-47.297748								error: T SSCS does not start with ±1: [-2, -2, -1, -2, -1, -1, -2, -2]
-0.869058	-47.297748								error: T SSCS does not start with ±1: [-2, -2, -1, -2, -1, -1, -1, -2]
-0.866222	-47.297748								error: T SSCS does not start with ±1: [-2, -3, -2, -1, -2, -2, -2]
-0.863386	-47.297748								error: T SSCS does not start with ±1: [-2, -3, -2, -1, -2, -1, -2]
-0.860550	-47.297748								error: T SSCS does not start with ±1: [-2, -3, -3, -3, -3]
-0.857715	-47.297748								error: T SSCS does not start with ±1: [-2, -3, -3, -3, -3]
-0.854879	-47.297748								error: T SSCS does not start with ±1: [-2, -3, -3, -3, -3]
-0.852043	-47.297748								error: T SSCS does not start with ±1: [-2, -3, -3, -3, -3]
-0.849208	-47.297748								error: T SSCS does not start with ±1: [-2, -3, -2, -1, -2, -1, -2, -1]
-0.846372	-47.297748								error: T SSCS does not start with ±1: [-2, -3, -2, -1, -2, -3]
-0.843536	-47.297748								error: T SSCS does not start with ±1: [-2, -3, -2, -1, -1, -2, -2, -1]
-0.840701	-47.297748								error: T SSCS does not start with ±1: [-2, -3, -2, -2, -2, -1, -2]
-0.837865	-47.297748								error: T SSCS does not start with ±1: [-2, -3, -2, -2, -1, -3]
-0.835029	-47.297748								error: T SSCS does not start with ±1: [-2, -3, -2, -3, -2, -3]
-0.832193	-47.297748								error: T SSCS does not start with ±1: [-2, -3, -1, -1, -3, -3, -1]
-0.829358	-47.297748								error: T SSCS does not start with ±1: [-2, -3, -1, -1, -2, -3, -1, -1]
-0.826522	-47.297748								error: T SSCS does not start with ±1: [-2, -3, -1, -1, -1, -3, -3]
-0.823686	-47.297748								error: T SSCS does not start with ±1: [-2, -3, -1, -2, -2, -2, -2]
-0.820851	-47.297748								error: T SSCS does not start with ±1: [-2, -3, -1, -3, -3, -1, -2]
-0.818015	-47.297748								error: T SSCS does not start with ±1: [-2, -3, -1, -3, -1, -1, -1, -2]
-0.815179	-47.297748								error: T SSCS does not start with ±1: [-2, -4, -4, -4]
-0.812344	-47.297748								error: T SSCS does not start with ±1: [-2, -4, -3, -1, -2, -1, -2]
-0.809508	-47.297748								error: T SSCS does not start with ±1: [-2, -4, -3, -3, -3]
-0.806672	-47.297748								error: T SSCS does not start with ±1: [-2, -4, -2, -1, -1, -1, -1, -2]
-0.803837	-47.297748								error: T SSCS does not start with ±1: [-2, -4, -2, -4, -4]
-0.801001	-47.297748								error: T SSCS does not start with ±1: [-2, -4, -1, -1, -2, -4, -2]
-0.798165	-47.297748								error: T SSCS does not start with ±1: [-2, -4, -1, -2, -1, -1, -1, -1]
-0.795329	-47.297748								error: T SSCS does not start with ±1: [-2, -5, -4, -1, -1, -4]
-0.792494	-47.297748								error: T SSCS does not start with ±1: [-2, -5, -4, -2, -2, -2]
-0.789658	-47.297748								error: T SSCS does not start with ±1: [-2, -5, -2, -1, -3, -3]
-0.786822	-47.297748								error: T SSCS does not start with ±1: [-2, -5, -1, -1, -3, -3]
-0.783987	-47.297748								error: T SSCS does not start with ±1: [-2, -5, -1, -4, -5, -1]
-0.781151	-47.297748								error: T SSCS does not start with ±1: [-2, -6, -4, -5, -2]
-0.778315	-47.297748								error: T SSCS does not start with ±1: [-2, -6, -1, -1, -3, -6]
-0.775480	-47.297748								error: T SSCS does not start with ±1: [-2, -7, -5, -1, -4]
-0.772644	-47.297748								error: T SSCS does not start with ±1: [-2, -7, -1, -2, -1, -2]
-0.769808	-47.297748								error: T SSCS does not start with ±1: [-2, -8, -1, -1, -1, -4, -2]
-0.766972	-47.297748								error: T SSCS does not start with ±1: [-2, -10, -7, -3, -2]
-0.764137	-47.297748								error: T SSCS does not start with ±1: [-2, -12, -2, -1, -2]
-0.761301	-47.297748								error: T SSCS does not start with ±1: [-2, -14, -1, -5, -1, -1]
-0.758465	-47.297748								error: T SSCS does not start with ±1: [-2, -16, -9]
-0.755630	-47.297748								error: T SSCS does not start with ±1: [-2, -16, -1, -1, -1, -1]
-0.752794	-47.297748								error: T SSCS does not start with ±1: [-2, -17, -15]
-0.749958	-47.297748								error: T SSCS does not start with ±1: [-2, -17, -13, -1]
-0.747123	-47.297748								error: T SSCS does not start with ±1: [-2, -17, -5]
-0.744287	-47.297748								error: T SSCS does not start with ±1: [-2, -17, -3, -1, -2]
-0.741451	-47.297748								error: T SSCS does not start with ±1: [-2, -17, -3]
-0.738616	-47.297748								error: T SSCS does not start with ±1: [-2, -17, -2, -1, -3, -1]
-0.735780	-47.297748								error: T SSCS does not start with ±1: [-2, -17, -2, -2]
-0.732944	-47.297748								error: T SSCS does not start with ±1: [-2, -17, -2, -2, -1]
-0.730108	-47.297748								error: T SSCS does not start with ±1: [-2, -17, -2, -4]
-0.727273	-47.297748								error: T SSCS does not start with ±1: [-2, -17, -2, -6]
-0.724437	-47.297748								error: T SSCS does not start with ±1: [-2, -17, -2, -15]
-0.721601	-47.297748								error: T SSCS does not start with ±1: [-2, -17, -2, -17]
-0.718766	-47.297748								error: T SSCS does not start with ±1: [-2, -17, -2, -17]
-0.715930	-47.297748								error: T SSCS does not start with ±1: [-2, -17, -2, -17]
-0.713094	-47.297748								error: T SSCS does not start with ±1: [-2, -17, -2, -17]
-0.710259	-47.297748								error: T SSCS does not start with ±1: [-2, -17, -2, -17]
-0.707423	-47.297748								error: T SSCS does not start with ±1: [-2, -17, -2, -17]
-0.704587	-47.297748								error: T SSCS does not start with ±1: [-2, -17, -2, -17]
-0.701751	-47.297748								error: T SSCS does not start with ±1: [-2, -17, -2, -17]
-0.698916	-47.297748								error: T SSCS does not start with ±1: [-2, -17, -2, -17]
-0.696080	-47.297748								error: T SSCS does not start with ±1: [-2, -17, -2, -17]
-0.693244	-47.297748								error: T SSCS does not start with ±1: [-2, -17, -2, -17]
-0.690409	-47.297748								error: T SSCS does not start with ±1: [-2, -17, -2, -17]
-0.687573	-47.297748								error: T SSCS does not start with ±1: [-2, -17, -2, -17]
-0.684737	-47.297748								error: T SSCS does not start with ±1: [-2, -17, -2, -16]
-0.681902	-47.297748	-40.200960	0.780703	continued:5	67260666605	811806005279401486518	-1,-14,-17,-2	-17,-1,-2,-16,-2	ok
-0.679066	-47.297748	-42.316484	0.783496	continued:5	82933306249653478127	82867183804383412983	-1,-17,-2,-17	-17,-1,-2,-17	ok
-0.676230	-47.297748	-43.145562	0.780703	continued:5	60349366379252	7338816214198147397043931869590008	-1,-17,-2,-7	-17,-1,-1,-1,-3,-3	ok
-0.673394	-47.297748	-43.765101	0.777910	continued:5	15399686252	617159358440184951027496057	-1,-17,-2,-4	-17,-1,-1,-2,-3,-2	ok
-0.670559	-47.297748	-44.282697	0.775451	continued:5	36243846837434	763703860846557207275972656281733	-1,-17,-2,-3,-2	-17,-1,-1,-5,-2,-3	ok
-0.667723	-47.297748	-44.735498	0.773326	continued:5	424293014	80559468880004223427	-1,-17,-2,-3	-17,-1,-1,-17	ok
-0.664887	-47.297748	-45.140422	0.771536	continued:5	424293014	80559468880004223427	-1,-17,-2,-3	-17,-1,-1,-17	ok
-0.662052	-47.297748	-45.505864	0.770159	continued:5	18201998598818768	60051743487	1,-17,-2,-9,-1	-17,-2,-17,-2	ok
-0.659216	-47.297748	-45.835265	0.769244	continued:5	909224	301796516295	1,-17,-2,-1	-17,-2,-17,-3	ok
-0.656380	-47.297748	-46.129659	0.768536	continued:5	85300099288764300058	12878921245	1,-17,-3,-17	-17,-2,-17	ok
-0.653545	-47.297748	-46.391931	0.768162	continued:5	4463356402678	10130693620	1,-17,-3,-2,-2	-17,-2,16	ok
-0.650709	-47.297748	-46.622843	0.767788	full	1226959	1732558	1,-17,3	-17,-2,5	ok
-0.647873	-47.297748	-45.543704	0.768528	continued:5	15320878	85236786051440862028	1,-17,-4,1	-17,-2,-3,-17	ok
-0.645038	-47.297748	-45.871926	0.767614	continued:5	126428849	82871315324175841587	1,-17,-5,-2	-17,-2,-2,-17	ok
-0.642202	-47.297748	-46.164924	0.766905	continued:5	31772404	454343398479584595	1,-17,-7	-17,-2,-1,-4,-3	ok
-0.639366	-47.297748	-46.425607	0.766532	continued:5	3651833989	79430860062009202878	1,-17,-14	-17,-2,0,-17	ok
-0.636530	-47.297748	-46.654783	0.766158	full	241916115988	13061401092	1,-17,-16,-3	-17,-3,-17	ok
-0.633695	-47.297748	-45.581760	0.766894	continued:5	16033301054	61213430427	1,-17,-16,-1	-17,-3,-16,-1,-1	ok
-0.630859	-47.297748	-45.908749	0.765979	continued:5	12598638214	1975972647	1,-17,16	-17,-3,-2,3	ok
-0.628023	-47.297748	-46.200302	0.765271	continued:5	12598638214	80567558880712377612	1,-17,16	-17,-3,-1,-17	ok
-0.625188	-47.297748	-46.459357	0.764897	continued:5	15820024624	13245815670	1,-17,-17	-17,-4,-17	ok
-0.622352	-47.297748	-46.686765	0.764523	full	15820024624	2683446352807	1,-17,-17	-17,-4,-1,-2,-2	ok
-0.619516	-47.297748	-45.617105	0.765193	continued:5	15820024624	161649157	1,-17,-17	-17,-5,-6,-2	ok
-0.616681	-47.297748	-45.943880	0.764150	continued:5	15820024624	576420048	1,-17,-17	-17,-6,-3,-3	ok
-0.613845	-47.297748	-46.236206	0.763649	continued:5	15820024624	14099990523	1,-17,-17	-17,8,-17	ok
-0.611009	-47.297748	-46.493371	0.763275	continued:5	15820024624	97428	1,-17,-17	-17,14	ok
-0.608173	-47.297748	-46.718790	0.762901	full	15820024624	9826407733	1,-17,-17	-17,-16,-16	ok
-0.605338	-47.297748	-45.656579	0.763567	continued:5	15820024624	224082	1,-17,-17	-17,-16,1	ok
-0.602502	-47.297748	-45.981701	0.762524	continued:5	15820024624	30304758072822089592	1,-17,-17	-17,-16,-1,-16	ok
-0.599666	-47.297748	-46.272224	0.762023	continued:5	15820024624	179068	1,-17,-17	-17,-16,-1	ok
-0.596831	-47.297748	-46.527460	0.761649	continued:5	15714365119	159297	1,16,-17	-17,-16,0	ok
-0.593995	-47.297748	-46.750859	0.761275	full	15714365119	158733	1,16,-17	-17,16	ok
-0.591159	-47.297748	-45.696836	0.761944	continued:5	15714365119	158733	1,16,-17	-17,16	ok
-0.588324	-47.297748	-46.020086	0.760902	continued:5	12509586223	158733	1,16,16	-17,16	ok
-0.585488	-47.297748	-46.308621	0.760400	continued:5	12509586223	158733	1,16,16	-17,16	ok
-0.582652	-47.297748	-46.561771	0.760026	continued:5	12509586223	158733	1,16,16	-17,16	ok
-0.579817	-47.297748	-46.783022	0.759652	full	12509586223	158733	1,16,16	-17,16	ok
-0.576981	-47.297748	-45.387727	0.761376	continued:5	12509586223	158733	1,16,16	-17,16	ok
-0.574145	-47.297748	-45.745743	0.759999	continued:5	12509586223	158733	1,16,16	-17,16	ok
-0.571309	-47.297748	-46.066553	0.758956	continued:5	49053812719198175923	158733	1,-16,0,16	-17,16	ok
-0.568474	-47.297748	-46.352539	0.758455	continued:5	49053812719198175923	158733	1,-16,0,16	-17,16	ok
-0.565638	-47.297748	-46.603052	0.758081	continued:5	49053812719198175923	158733	1,-16,0,16	-17,16	ok
-0.562802	-47.297748	-46.821615	0.757707	full	49796866491276183298	158733	1,-16,-1,16	-17,16	ok
-0.559967	-47.297748	-45.438472	0.759305	continued:5	49796866491276183298	158733	1,-16,-1,16	-17,16	ok
-0.557131	-47.297748	-45.795500	0.758056	continued:5	49796866491276183298	158733	1,-16,-1,16	-17,16	ok
-0.554295	-47.297748	-46.113618	0.757013	continued:5	82933306288290241873	158733	1,-16,-1,-16,-1	-17,16	ok
-0.551460	-47.297748	-46.396843	0.756512	continued:5	30304757831480537494	158733	1,-16,-1,-16	-17,16	ok
-0.548624	-47.297748	-46.644543	0.756138	continued:5	209623048	158171	1,-16,-1,-3	16,16	ok
-0.545788	-47.297748	-46.860276	0.755764	full	11165173	9900566654	1,-16,-1,-1,-1	16,16,-16	ok
-0.542952	-47.297748	-45.446312	0.757541	continued:5	443873363834867887192065634318284284398	158171	1,-16,-1,0,-16	16,16	ok
-0.540117	-47.297748	-45.804969	0.756164	continued:5	50549755992226060084	158171	1,-16,1,16	16,16	ok
-0.537281	-47.297748	-46.125319	0.755249	continued:5	85300099314887102251	158734	1,-16,-2,-16,-1	16,-16,0	ok
-0.534445	-47.297748	-46.408601	0.754541	continued:5	458365526248534961060098238009314032751	158734	1,-16,-2,-1,-16	16,-16,0	ok
-0.531610	-47.297748	-46.658065	0.756666	full	48967436270527583445	158734	-1,-1,16,-16	16,-16,0	ok
-0.528774	-47.297748	-45.483090	0.755920	continued:5	35199606454	178471	1,-16,-4,-4	16,-16,-1	ok
-0.525938	-47.297748	-45.840420	0.754543	continued:5	438627769	178471	1,-16,10	16,-16,-1	ok
-0.523103	-47.297748	-46.159259	0.753500	continued:5	9822062401	372784	1,-16,-16	16,-16,-1,-1	ok
-0.520267	-47.297748	-46.442216	0.752792	continued:5	46617326494	306121	1,-16,-16,-2	16,-16,-2	ok
-0.517431	-47.297748	-46.691012	0.754917	full	3343298961515487467090672771637440613050	694399	-1,-1,-16,0,-16,-1	16,-16,-3	ok
-0.514595	-47.297748	-45.525919	0.754243	continued:5	15820380379	140683	1,-16,-16,-1	16,-16	ok
-0.511760	-47.297748	-45.881597	0.752866	continued:5	12509744398	9826267546	1,-16,-16,0	16,-16,-16	ok
-0.508924	-47.297748	-46.198656	0.751952	continued:5	9748198633	124718	1,15,-16	16,15	ok
-0.506088	-47.297748	-46.478355	0.751243	continued:5	31284963655175760263	250246	1,-15,-2,-16	16,-15,-2	ok
-0.503253	-47.297748	-46.724011	0.753161	full	3438966644885589367307333973616392176250	125218	-1,-1,-16,-1,-16,-1	16,-15,0	ok
-0.500417	-47.297748	-45.567381	0.752609	continued:5	82912638646133392303	48233702030930302472	1,-11,-1,-16,-1	-16,0,-16,-16	ok
-0.497581	-47.297748	-45.921062	0.751232	continued:5	14192502479	2383875882520655	1,-8,-16,-1	-16,0,-16,-8	ok
-0.494746	-47.297748	-46.236051	0.750317	continued:5	64251694158209	52661993124347	1,-6,2,-7	-16,0,-16,-2,-2	ok
-0.491910	-47.297748	-46.513605	0.749609	continued:5	6039760394578	20523076070	1,-5,1,-5,-1	-16,0,-16,1	ok
-0.489074	-47.297748	-46.757063	0.751399	full	19138699149644244512272378342494782009	12788402597	-1,-1,-16,-1,14	-16,0,-16,-1	ok
-0.486239	-47.297748	-45.611751	0.750968	continued:5	33310258629411325651	12878921247	1,-4,-4,-16	-16,-1,-16,-1	ok
-0.483403	-47.297748	-45.963009	0.749591	continued:5	26804575414	20652130964	1,-4,-16,-1,0	-16,-1,-16,1	ok
-0.480567	-47.297748	-46.275574	0.748755	continued:5	590637596004192502614159055349145274768	39876997997	1,-3,0,-5,-16	-16,-1,-16,-2	ok
-0.477731	-47.297748	-46.549854	0.748047	continued:5	35471669947797036094	216751534814	1,-3,-6,-16	-16,-1,-16,-3	ok
-0.474896	-47.297748	-46.790169	0.749630	full	474086783229052489614458153786338494527	18113969441370294614	-1,-1,-16,1,-16	-16,-1,-16,-15	ok
-0.472060	-47.297748	-45.653914	0.749272	continued:5	40508399293	48235078612625393472	1,2,-16,-2	-16,-1,-16,-16	ok
-0.469224	-47.297748	-46.003615	0.748022	continued:5	443844779863737073404958729827017431654	458483104860371339148938520106490150372	1,-2,0,0,-16	-16,-1,-4,-1,-16	ok
-0.466389	-47.297748	-46.313094	0.747107	continued:5	23815815139266674768549	23815526766385098208740	1,-2,-2,-16,-3	-16,-1,-2,-16,-3	ok
-0.463553	-47.297748	-46.585215	0.746399	continued:5	48237831579568580639	1131257988112285822249055	1,-2,-16,-16	-16,-1,-1,-16,-4	ok
-0.460717	-47.297748	-46.823328	0.747855	full	505251811519673882593978138465347257684	361644	-1,-1,-16,2,-16	-16,1,4	ok
-0.457882	-47.297748	-45.694996	0.747617	continued:5	5725394680849	217507388315	1,-2,-16,-3,0,0	-16,1,-16,-3	ok
-0.455046	-47.297748	-46.042759	0.746368	continued:5	18114629655611758751	183456715597589	1,1,-16,-15	-16,-2,-16,6	ok
-0.452210	-47.297748	-46.350214	0.745326	continued:5	1019328974	48237831864412455314	1,1,-2,-1,1	-16,-2,-16,-16	ok
-0.449374	-47.297748	-46.621576	0.744824	continued:5	520558703634381649866259211412555311713	32268387758286108959	1,-1,-1,-3,-16	-16,-2,-3,-16	ok
-0.446539	-47.297748	-46.856541	0.746073	full	656200725360416327	31260098435325208314	-1,-1,-16,-12	-16,2,-2,-16	ok
-0.443703	-47.297748	-45.741851	0.746036	continued:5	48235078327789647874	8037027905	1,-1,-16,-16	-16,-3,-16	ok
-0.440867	-47.297748	-46.085939	0.744786	continued:5	1163311389696478909100939562739465827418	32270424365567628384	1,0,-1,-16,-16	-16,-3,-3,-16	ok
-0.438032	-47.297748	-46.389934	0.743744	continued:5	1163311389696478909100939562739465827418	8165205914	1,0,-1,-16,-16	-16,-4,-16	ok
-0.435196	-47.297748	-46.657995	0.743242	continued:5	676646694698776507785735347389182895320298484104114838457928959950044901424839	8294913170	-1,0,0,-1,-16,-16	-16,-5,-16	ok
-0.432360	-47.297748	-46.889809	0.744285	full	48235078317967725627	8693595699	-1,-1,-16,-16	-16,-7,-15,-1	ok
-0.429525	-47.297748	-45.788810	0.744447	continued:5	986967230807456606732814471963693279599699550412763576650215712022876040223920636729565390801451978877152746763738810795011239721071633418121580902714	9678787115	-1,0,0,0,0,0,0,0,0,-1	-16,-15,-16	ok
-0.426689	-47.297748	-46.129204	0.743198	continued:5	54278600092996511591314722074859890329361526221306966100887323526146569687982316341517664311192500837212902415556131883525306024334138168959489580143149830525866863503952767460331513422307358896582309618431262820982658474717788526362482373525553205951991760801491280729930894335913318783384191910895838446420	124719	-1,0,0,0,0,-1,3,-16	-16,-15,0	ok
-0.423853	-47.297748	-46.429721	0.742155	continued:5	131504586847961235687181874578063117114329409897631406061666638548823646371904376997883815099845702	9752248280	-1,0,0,0,0,0,0,0,0,0	-16,15,-16	ok
-0.421018	-47.297748	-46.694470	0.741654	continued:5	11903241294885591002	9826127360	-1,0,-4,-15	-16,-16,-16	ok
-0.418182	-47.297748	-46.923131	0.742490	full	48235078317967725627	9826127360	-1,-1,-16,-16	-16,-16,-16	ok
-0.415346	-47.297748	-45.830809	0.742773	continued:5	48233701736276839277	9826127360	-1,0,-16,-16	-16,-16,-16	ok
-0.412510	-47.297748	-46.169123	0.741524	continued:5	48233701736276839277	9826127360	-1,0,-16,-16	-16,-16,-16	ok
-0.409675	-47.297748	-46.467499	0.740482	continued:5	48233701736276839277	9826127360	-1,0,-16,-16	-16,-16,-16	ok
-0.406839	-47.297748	-46.730056	0.739980	continued:5	48233701736276839277	9826127360	-1,0,-16,-16	-16,-16,-16	ok
-0.404003	-47.297748	-46.956509	0.740688	full	48235078317967725627	9826127360	-1,-1,-16,-16	-16,-16,-16	ok
-0.401168	-47.297748	-45.874428	0.741044	continued:5	48233701736276839277	9826127360	-1,0,-16,-16	-16,-16,-16	ok
-0.398332	-47.297748	-46.210950	0.739795	continued:5	48235078317967725627	9826127360	-1,-1,-16,-16	-16,-16,-16	ok
-0.395496	-47.297748	-46.507420	0.738880	continued:5	48235078317967725627	9826127360	-1,-1,-16,-16	-16,-16,-16	ok
-0.392661	-47.297748	-46.766647	0.738379	continued:5	48235078317967725627	9826127360	-1,-1,-16,-16	-16,-16,-16	ok
-0.389825	-47.297748	-46.989941	0.738880	full	48235078317967725627	9826127360	-1,-1,-16,-16	-16,-16,-16	ok
-0.386989	-47.297748	-45.923691	0.739485	continued:5	48235078317967725627	9826127360	-1,-1,-16,-16	-16,-16,-16	ok
-0.384153	-47.297748	-46.255615	0.738236	continued:5	48235078317967725627	9826127360	-1,-1,-16,-16	-16,-16,-16	ok
-0.381318	-47.297748	-46.547862	0.737400	continued:5	48235078317967725627	9826127360	-1,-1,-16,-16	-16,-16,-16	ok
-0.378482	-47.297748	-46.802347	0.736692	continued:5	48235078317967725627	9826127360	-1,-1,-16,-16	-16,-16,-16	ok
-0.375646	-47.297748	-47.023429	0.737066	full	48235078317967725627	9826127360	-1,-1,-16,-16	-16,-16,-16	ok
-0.372811	-47.297748	-45.971085	0.737871	continued:5	48235078317967725627	9826127360	-1,-1,-16,-16	-16,-16,-16	ok
-0.369975	-47.297748	-46.299222	0.736621	continued:5	48235078317967725627	9826127360	-1,-1,-16,-16	-16,-16,-16	ok
-0.367139	-47.297748	-46.587920	0.735786	continued:5	48235078317967725627	9826127360	-1,-1,-16,-16	-16,-16,-16	ok
-0.364304	-47.297748	-46.839053	0.735077	continued:5	48235078317967725627	9826127360	-1,-1,-16,-16	-16,-16,-16	ok
-0.361468	-47.297748	-47.056972	0.735244	full	40407585211624185	9826127360	-1,-1,-15,1,-3	-16,-16,-16	ok
-0.358632	-47.297748	-46.019771	0.736250	continued:5	73440856125	9826127360	-1,-1,15,2	-16,-16,-16	ok
-0.355796	-47.297748	-46.343914	0.735001	continued:5	42063383793279511980	9826127360	-1,-1,11,-16	-16,-16,-16	ok
-0.352961	-47.297748	-46.628890	0.734086	continued:5	1163577017647267047002748074885056530009	9826127360	-1,-1,-3,-16,-16	-16,-16,-16	ok
-0.350125	-47.297748	-46.877353	0.733584	continued:5	1163377792064710264760642125774872018027	9826127360	-1,-1,1,-16,-16	-16,-16,-16	ok
-0.347289	-47.297748	-47.090570	0.733417	full	188347394857260544215935205292408715634	9826127360	-1,-1,-2,-3,15	-16,-16,-16	ok
-0.344454	-47.297748	-46.067244	0.734575	continued:5	47513688318582030929	9826127360	-1,1,15,-16	-16,-16,-16	ok
-0.341618	-47.297748	-46.388088	0.733326	continued:5	48236454929124098405	9826127360	-1,1,-16,-16	-16,-16,-16	ok
-0.338782	-47.297748	-46.669919	0.732490	continued:5	48236454929124098405	9826127360	-1,1,-16,-16	-16,-16,-16	ok
-0.335947	-47.297748	-46.914552	0.731988	continued:5	48237831569746378079	9826127360	-1,-2,-16,-16	-16,-16,-16	ok
-0.333111	-47.297748	-47.124224	0.731614	full	48237831569746378079	9826127360	-1,-2,-16,-16	-16,-16,-16	ok
-0.330275	-47.297748	-46.114393	0.732766	continued:5	47515049459557435979	9826127360	-1,-2,15,-16	-16,-16,-16	ok
-0.327440	-47.297748	-46.433362	0.731723	continued:5	47515049459557435979	9826127360	-1,-2,15,-16	-16,-16,-16	ok
-0.324604	-47.297748	-46.711028	0.730887	continued:5	29293749544421000627	9826127360	-1,-2,15,15	-16,-16,-16	ok
-0.321768	-47.297748	-46.951814	0.730386	continued:5	20759768050745597939	9826127360	-1,-2,-5,15	-16,-16,-16	ok
-0.318932	-47.297748	-47.157933	0.730012	full	17809488554243306634	9826127360	-1,2,15,-15	-16,-16,-16	ok
-0.316097	-47.297748	-45.819608	0.732428	continued:5	48240584939390340002	9826127360	-1,-3,-16,-16	-16,-16,-16	ok
-0.313261	-47.297748	-46.175004	0.730845	continued:5	29295643656760924652	9752248280	-1,-3,15,15	-16,15,-16	ok
-0.310425	-47.297748	-46.488264	0.729802	continued:5	29295643656760924652	9752248280	-1,-3,15,15	-16,15,-16	ok
-0.307590	-47.297748	-46.760723	0.728966	continued:5	29296590747375555515	7657711859	-1,3,15,15	-16,15,15	ok
-0.304754	-47.297748	-46.996728	0.728465	continued:5	29297537860953793860	7657711859	-1,-4,15,15	-16,15,15	ok
-0.301918	-47.297748	-47.198457	0.728091	full	29298484997496010877	7657711859	-1,4,15,15	-16,15,15	ok
-0.299083	-47.297748	-45.885089	0.730382	continued:5	29301326544910245905	7657588105	-1,-6,15,15	15,15,15	ok
-0.296247	-47.297748	-46.235643	0.729005	continued:5	29310799862435788160	7657588105	-1,-11,15,15	15,15,15	ok
-0.293411	-47.297748	-46.542197	0.727755	continued:5	5816404439	7657588105	-1,-14,-15	15,15,15	ok
-0.290575	-47.297748	-46.810817	0.727047	continued:5	29318380170219050834	7657588105	-1,-15,15,15	15,15,15	ok
-0.287740	-47.297748	-47.041859	0.726546	continued:5	17825795070105309884	7657588105	-1,-15,15,-15	15,15,15	ok
-0.284904	-47.297748	-47.239060	0.726172	full	17523673908084121325	7657588105	-1,-15,-15,-15	15,15,15	ok
-0.282068	-47.297748	-45.949753	0.728337	continued:5	17523673908084121325	7657588105	-1,-15,-15,-15	15,15,15	ok
-0.279233	-47.297748	-46.295446	0.726881	continued:5	17523673908084121325	5971004530	-1,-15,-15,-15	15,15,-15	ok
-0.276397	-47.297748	-46.598367	0.725838	continued:5	17523673908084121325	5971004530	-1,-15,-15,-15	15,15,-15	ok
-0.273561	-47.297748	-46.861314	0.725130	continued:5	17523673908084121325	5971004530	-1,-15,-15,-15	15,15,-15	ok
-0.270726	-47.297748	-47.087209	0.724628	continued:5	17523673908084121325	5920188861	-1,-15,-15,-15	15,-15,-15	ok
-0.267890	-47.297748	-47.279742	0.724255	full	17523673908084121325	5920188861	-1,-15,-15,-15	15,-15,-15	ok
-0.265054	-47.297748	-46.016916	0.726343	continued:5	17523673908084121325	5920188861	-1,-15,-15,-15	15,-15,-15	ok
-0.262219	-47.297748	-46.356646	0.724966	continued:5	17523673908084121325	5920188861	-1,-15,-15,-15	15,-15,-15	ok
-0.259383	-47.297748	-46.653331	0.723923	continued:5	17523673908084121325	5920188861	-1,-15,-15,-15	15,-15,-15	ok
-0.256547	-47.297748	-46.910657	0.723088	continued:5	17523673908084121325	5920188861	-1,-15,-15,-15	15,-15,-15	ok
-0.253711	-47.297748	-47.132783	0.722714	continued:5	17523673908084121325	5920188861	-1,-15,-15,-15	15,-15,-15	ok
-0.250876	-47.297748	-47.320503	0.722340	full	17523673908084121325	5920188861	-1,-15,-15,-15	15,-15,-15	ok
-0.248040	-47.297748	-46.084065	0.724380	continued:5	17523673908084121325	5920188861	-1,-15,-15,-15	15,-15,-15	ok
-0.245204	-47.297748	-46.417367	0.722924	continued:5	17523673908084121325	5920080049	-1,-15,-15,-15	-15,-15,-15	ok
-0.242369	-47.297748	-46.709136	0.721881	continued:5	17523673908084121325	5920080049	-1,-15,-15,-15	-15,-15,-15	ok
-0.239533	-47.297748	-46.961931	0.721173	continued:5	17523673908084121325	5920080049	-1,-15,-15,-15	-15,-15,-15	ok
-0.236697	-47.297748	-47.178556	0.720799	continued:5	17523673908084121325	5920080049	-1,-15,-15,-15	-15,-15,-15	ok
-0.233862	-47.297748	-47.361341	0.720426	full	17523673908084121325	5920080049	-1,-15,-15,-15	-15,-15,-15	ok
-0.231026	-47.297748	-46.156319	0.722388	continued:5	17523673908084121325	5920080049	-1,-15,-15,-15	-15,-15,-15	ok
-0.228190	-47.297748	-46.482534	0.721011	continued:5	17523673908084121325	5920080049	-1,-15,-15,-15	-15,-15,-15	ok
-0.225354	-47.297748	-46.767153	0.719969	continued:5	17523673908084121325	5920080049	-1,-15,-15,-15	-15,-15,-15	ok
-0.222519	-47.297748	-47.013590	0.719260	continued:5	17523673908084121325	5920080049	-1,-15,-15,-15	-15,-15,-15	ok
-0.219683	-47.297748	-47.224538	0.718886	continued:5	17523673908084121325	5920080049	-1,-15,-15,-15	-15,-15,-15	ok
-0.216847	-47.297748	-47.402257	0.718513	full	17523673908084121325	5920080049	-1,-15,-15,-15	-15,-15,-15	ok
-0.214012	-47.297748	-46.227465	0.720351	continued:5	17523673908084121325	5920080049	-1,-15,-15,-15	-15,-15,-15	ok
-0.211176	-47.297748	-46.547130	0.718974	continued:5	17523673908084121325	5920080049	-1,-15,-15,-15	-15,-15,-15	ok
-0.208340	-47.297748	-46.825885	0.718059	continued:5	17523673908084121325	5920080049	-1,-15,-15,-15	-15,-15,-15	ok
-0.205505	-47.297748	-47.065689	0.717351	continued:5	17523673908084121325	5920080049	-1,-15,-15,-15	-15,-15,-15	ok
-0.202669	-47.297748	-47.270749	0.716977	continued:5	17523673908084121325	5920080049	-1,-15,-15,-15	-15,-15,-15	ok
-0.199833	-47.297748	-47.443243	0.716604	full	17523673908084121325	5920080049	-1,-15,-15,-15	-15,-15,-15	ok
-0.196997	-47.297748	-45.954246	0.719502	continued:5	17523673908084121325	5920080049	-1,-15,-15,-15	-15,-15,-15	ok
-0.194162	-47.297748	-46.312432	0.717919	continued:5	17523673908084121325	5920080049	-1,-15,-15,-15	-15,-15,-15	ok
-0.191326	-47.297748	-46.624556	0.716669	continued:5	17523673908084121325	5920080049	-1,-15,-15,-15	-15,-15,-15	ok
-0.188490	-47.297748	-46.895195	0.715834	continued:5	17523673908084121325	5920080049	-1,-15,-15,-15	-15,-15,-15	ok
-0.185655	-47.297748	-47.126968	0.715125	continued:5	17523673908084121325	5920080049	-1,-15,-15,-15	-15,-15,-15	ok
-0.182819	-47.297748	-47.324936	0.714751	continued:5	17523673908084121325	5920080049	-1,-15,-15,-15	-15,-15,-15	ok
-0.179983	-47.297748	-47.491168	0.714378	full	17523673908084121325	5920080049	-1,-15,-15,-15	-15,-15,-15	ok
-0.177148	-47.297748	-46.051564	0.717151	continued:5	17523673908084121325	5920080049	-1,-15,-15,-15	-15,-15,-15	ok
-0.174312	-47.297748	-46.399417	0.715695	continued:5	17523673908084121325	5920080049	-1,-15,-15,-15	-15,-15,-15	ok
-0.171476	-47.297748	-46.701188	0.714446	continued:5	17523673908084121325	5920080049	-1,-15,-15,-15	-15,-15,-15	ok
-0.168641	-47.297748	-46.962794	0.713404	continued:5	17523673908084121325	5920080049	-1,-15,-15,-15	-15,-15,-15	ok
-0.165805	-47.297748	-47.188782	0.712902	continued:5	17523673908084121325	5920080049	-1,-15,-15,-15	-15,-15,-15	ok
-0.162969	-47.297748	-47.379404	0.712528	continued:5	17523673908084121325	5920080049	-1,-15,-15,-15	-15,-15,-15	ok
-0.160133	-47.297748	-47.539189	0.712154	full	17523673908084121325	5920080049	-1,-15,-15,-15	-15,-15,-15	ok
-0.157298	-47.297748	-46.150057	0.714791	continued:5	17523673908084121325	5920080049	-1,-15,-15,-15	-15,-15,-15	ok
-0.154462	-47.297748	-46.487275	0.713335	continued:5	17523673908084121325	17523674073846363131	-1,-15,-15,-15	-15,-15,-15,-15	ok
-0.151626	-47.297748	-46.779828	0.712086	continued:5	17523673908084121325	17523674073846363131	-1,-15,-15,-15	-15,-15,-15,-15	ok
-0.148791	-47.297748	-47.033329	0.711171	continued:5	17523673908084121325	17523674073846363131	-1,-15,-15,-15	-15,-15,-15,-15	ok
-0.145955	-47.297748	-47.250823	0.710670	continued:5	17523673908084121325	17523674073846363131	-1,-15,-15,-15	-15,-15,-15,-15	ok
-0.143119	-47.297748	-47.434017	0.710296	continued:5	17523673908084121325	17523674073846363131	-1,-15,-15,-15	-15,-15,-15,-15	ok
-0.140284	-47.297748	-47.587308	0.709922	full	17523673908084121325	17523674073846363131	-1,-15,-15,-15	-15,-15,-15,-15	ok
-0.137448	-47.297748	-46.250378	0.712299	continued:5	17523673908084121325	17523674073846363131	-1,-15,-15,-15	-15,-15,-15,-15	ok
-0.134612	-47.297748	-46.577888	0.710844	continued:5	17523673908084121325	17523674073846363131	-1,-15,-15,-15	-15,-15,-15,-15	ok
-0.131776	-47.297748	-46.861962	0.709801	continued:5	17523673908084121325	17523674073846363131	-1,-15,-15,-15	-15,-15,-15,-15	ok
-0.128941	-47.297748	-47.105786	0.708965	continued:5	17523673908084121325	17523674073846363131	-1,-15,-15,-15	-15,-15,-15,-15	ok
-0.126105	-47.297748	-47.314028	0.708464	continued:5	17523673908084121325	17523674073846363131	-1,-15,-15,-15	-15,-15,-15,-15	ok
-0.123269	-47.297748	-47.489195	0.708090	continued:5	17523673908084121325	17523674073846363131	-1,-15,-15,-15	-15,-15,-15,-15	ok
-0.120434	-47.297748	-47.635525	0.707716	full	17523673908084121325	17523674073846363131	-1,-15,-15,-15	-15,-15,-15,-15	ok
-0.117598	-47.297748	-46.354627	0.709949	continued:5	17523673908084121325	17523674073846363131	-1,-15,-15,-15	-15,-15,-15,-15	ok
-0.114762	-47.297748	-46.669962	0.708494	continued:5	17523673908084121325	17523674073846363131	-1,-15,-15,-15	-15,-15,-15,-15	ok
-0.111927	-47.297748	-46.943559	0.707451	continued:5	17523673908084121325	17523674073846363131	-1,-15,-15,-15	-15,-15,-15,-15	ok
-0.109091	-47.297748	-47.178284	0.706743	continued:5	17523673908084121325	17523674073846363131	-1,-15,-15,-15	-15,-15,-15,-15	ok
-0.106255	-47.297748	-47.377267	0.706241	continued:5	17523673908084121325	17523674073846363131	-1,-15,-15,-15	-15,-15,-15,-15	ok
-0.103420	-47.297748	-47.544427	0.705867	continued:5	17523673908084121325	17523674073846363131	-1,-15,-15,-15	-15,-15,-15,-15	ok
-0.100584	-47.297748	-47.683837	0.705494	full	17523673908084121325	17523674073846363131	-1,-15,-15,-15	-15,-15,-15,-15	ok
-0.097748	-47.297748	-46.119188	0.708729	continued:5	17523673908084121325	17523674073846363131	-1,-15,-15,-15	-15,-15,-15,-15	ok
-0.094912	-47.297748	-46.469699	0.707145	continued:5	17523673908084121325	17523674073846363131	-1,-15,-15,-15	-15,-15,-15,-15	ok
-0.092077	-47.297748	-46.772845	0.705896	continued:5	17523673908084121325	17523674073846363131	-1,-15,-15,-15	-15,-15,-15,-15	ok
-0.089241	-47.297748	-47.033670	0.704853	continued:5	17523673908084121325	17523674073846363131	-1,-15,-15,-15	-15,-15,-15,-15	ok
-0.086405	-47.297748	-47.257375	0.704018	continued:5	17523673908084121325	17523674073846363131	-1,-15,-15,-15	-15,-15,-15,-15	ok
-0.083570	-47.297748	-47.448136	0.703516	continued:5	17523673908084121325	17523674073846363131	-1,-15,-15,-15	-15,-15,-15,-15	ok
-0.080734	-47.297748	-47.608107	0.703349	continued:5	17523673908084121325	17523674073846363131	-1,-15,-15,-15	-15,-15,-15,-15	ok
-0.077898	-47.297748	-47.739164	0.702975	full	17523673908084121325	17523674073846363131	-1,-15,-15,-15	-15,-15,-15,-15	ok
-0.075063	-47.297748	-46.264451	0.705968	continued:5	17523673908084121325	17523674073846363131	-1,-15,-15,-15	-15,-15,-15,-15	ok
-0.072227	-47.297748	-46.597047	0.704384	continued:5	17523673908084121325	17523674073846363131	-1,-15,-15,-15	-15,-15,-15,-15	ok
-0.069391	-47.297748	-46.885066	0.703135	continued:5	17523673908084121325	17523674073846363131	-1,-15,-15,-15	-15,-15,-15,-15	ok
-0.066555	-47.297748	-47.132945	0.702220	continued:5	17523673908084121325	17523674073846363131	-1,-15,-15,-15	-15,-15,-15,-15	ok
-0.063720	-47.297748	-47.344163	0.701512	continued:5	17523673908084121325	17523674073846363131	-1,-15,-15,-15	-15,-15,-15,-15	ok
-0.060884	-47.297748	-47.522891	0.701138	continued:5	17523673908084121325	17523674073846363131	-1,-15,-15,-15	-15,-15,-15,-15	ok
-0.058048	-47.297748	-47.671294	0.700764	continued:5	17523673908084121325	17523674073846363131	-1,-15,-15,-15	-15,-15,-15,-15	ok
-0.055213	-47.297748	-47.794608	0.700390	full	17523673908084121325	17523674073846363131	-1,-15,-15,-15	-15,-15,-15,-15	ok
-0.052377	-47.297748	-46.468699	0.702812	continued:5	17523673908084121325	17523674073846363131	-1,-15,-15,-15	-15,-15,-15,-15	ok
-0.049541	-47.297748	-46.776812	0.701356	continued:5	17523673908084121325	17523674073846363131	-1,-15,-15,-15	-15,-15,-15,-15	ok
-0.046706	-47.297748	-47.042916	0.700313	continued:5	17523673908084121325	17523674073846363131	-1,-15,-15,-15	-15,-15,-15,-15	ok
-0.043870	-47.297748	-47.270091	0.699398	continued:5	17523673908084121325	17523674073846363131	-1,-15,-15,-15	-15,-15,-15,-15	ok
-0.041034	-47.297748	-47.463802	0.698897	continued:5	17523673908084121325	17523674073846363131	-1,-15,-15,-15	-15,-15,-15,-15	ok
-0.038198	-47.297748	-47.625579	0.700146	full	17523673908084121325	17523674073846363131	-1,-15,-15,-15	-15,-15,-15,-15	ok
-0.035363	-47.297748	-46.221766	0.702219	continued:5	17523673908084121325	17523674073846363131	-1,-15,-15,-15	-15,-15,-15,-15	ok
-0.032527	-47.297748	-46.564105	0.700428	continued:5	17523673908084121325	5920080049	-1,-15,-15,-15	-15,-15,-15	ok
-0.029691	-47.297748	-46.861267	0.699051	continued:5	17523673908084121325	5920080049	-1,-15,-15,-15	-15,-15,-15	ok
-0.026856	-47.297748	-47.117114	0.698009	continued:5	17523673908084121325	5920080049	-1,-15,-15,-15	-15,-15,-15	ok
-0.024020	-47.297748	-47.335465	0.697173	continued:5	17523673908084121325	5920080049	-1,-15,-15,-15	-15,-15,-15	ok
-0.021184	-47.297748	-47.520744	0.696671	continued:5	17523673908084121325	5920080049	-1,-15,-15,-15	-15,-15,-15	ok
-0.018349	-47.297748	-47.675289	0.697380	full	17523673908084121325	5920080049	-1,-15,-15,-15	-15,-15,-15	ok
-0.015513	-47.297748	-46.329911	0.699648	continued:5	17523673908084121325	5920080049	-1,-15,-15,-15	-15,-15,-15	ok
-0.012677	-47.297748	-46.661235	0.698064	continued:5	17523673908084121325	5920080049	-1,-15,-15,-15	-15,-15,-15	ok
-0.009842	-47.297748	-46.946712	0.696687	continued:5	17523673908084121325	5920080049	-1,-15,-15,-15	-15,-15,-15	ok
-0.007006	-47.297748	-47.192570	0.695773	continued:5	17523673908084121325	5920080049	-1,-15,-15,-15	-15,-15,-15	ok
-0.004170	-47.297748	-47.400993	0.694937	continued:5	17523673908084121325	5920080049	-1,-15,-15,-15	-15,-15,-15	ok
-0.001334	-47.297748	-47.577789	0.694435	continued:5	17523029744173554419	5920080049	-1,14,-15,-15	-15,-15,-15	ok
0.001501	-47.297748	-47.725084	0.694602	full	17523029744173554419	5920080049	-1,14,-15,-15	-15,-15,-15	ok
0.004337	-47.297748	-46.444211	0.697214	continued:5	17523029744173554419	5920080049	-1,14,-15,-15	-15,-15,-15	ok
0.007173	-47.297748	-46.761638	0.695630	continued:5	17523029744173554419	5920080049	-1,14,-15,-15	-15,-15,-15	ok
0.010008	-47.297748	-47.035374	0.694381	continued:5	17225409506444151014	5920080049	-1,14,14,-15	-15,-15,-15	ok
0.012844	-47.297748	-47.269847	0.693466	continued:5	10296487171183901877	4538043517	-1,14,14,14	-15,14,14	ok
0.015680	-47.297748	-47.468577	0.692758	continued:5	10296487171183901877	4538043517	-1,14,14,14	-15,14,14	ok
0.018515	-47.297748	-47.635786	0.692257	continued:5	10296487171183901877	4537948250	-1,14,14,14	14,14,14	ok
0.021351	-47.297748	-47.774960	0.691883	full	10296487171183901877	4537948250	-1,14,14,14	14,14,14	ok
0.024187	-47.297748	-46.219703	0.696136	continued:5	10296487171183901877	4537948250	-1,14,14,14	14,14,14	ok
0.027023	-47.297748	-46.571098	0.694346	continued:5	10296487171183901877	4537948250	-1,14,14,14	14,14,14	ok
0.029858	-47.297748	-46.873994	0.692969	continued:5	10296487171183901877	4537948250	-1,14,14,14	14,14,14	ok
0.032694	-47.297748	-47.133171	0.691720	continued:5	10296487171183901877	4537948250	-1,14,14,14	14,14,14	ok
0.035530	-47.297748	-47.355305	0.690805	continued:5	10296487171183901877	4537948250	-1,14,14,14	14,14,14	ok
0.038365	-47.297748	-47.543536	0.690097	continued:5	10296487171183901877	4537948250	-1,14,14,14	14,14,14	ok
0.041201	-47.297748	-47.701801	0.689723	continued:5	10296487171183901877	4537948250	-1,14,14,14	14,14,14	ok
0.044037	-47.297748	-47.832057	0.689349	full	10296487171183901877	4537948250	-1,14,14,14	14,14,14	ok
0.046872	-47.297748	-46.368068	0.693274	continued:5	10296487171183901877	4537948250	-1,14,14,14	14,14,14	ok
0.049708	-47.297748	-46.700926	0.691484	continued:5	10296487171183901877	4537948250	-1,14,14,14	14,14,14	ok
0.052544	-47.297748	-46.988360	0.690107	continued:5	10296487171183901877	4537948250	-1,14,14,14	14,14,14	ok
0.055379	-47.297748	-47.234471	0.689064	continued:5	10296487171183901877	4537948250	-1,14,14,14	14,14,14	ok
0.058215	-47.297748	-47.443305	0.688228	continued:5	10296487171183901877	4537948250	-1,14,14,14	14,14,14	ok
0.061051	-47.297748	-47.619474	0.687520	continued:5	10296487171183901877	4537948250	-1,14,14,14	14,14,14	ok
0.063887	-47.297748	-47.767567	0.687146	continued:5	10109286123422004455	10296487293708505032	-1,-14,-14,14	14,14,14,14	ok
0.066722	-47.297748	-47.889249	0.686773	full	5940728395798568504	5940728488866189425	-1,-14,-14,-14	14,-14,-14,-14	ok
0.069558	-47.297748	-46.518054	0.690207	continued:5	5940728395798568504	5940728488866189425	-1,-14,-14,-14	14,-14,-14,-14	ok
0.072394	-47.297748	-46.834023	0.688624	continued:5	5940728395798568504	5940728488866189425	-1,-14,-14,-14	14,-14,-14,-14	ok
0.075229	-47.297748	-47.105029	0.687374	continued:5	5940728395798568504	5940728488866189425	-1,-14,-14,-14	14,-14,-14,-14	ok
0.078065	-47.297748	-47.335952	0.686332	continued:5	5940728395798568504	5940728488866189425	-1,-14,-14,-14	14,-14,-14,-14	ok
0.080901	-47.297748	-47.532000	0.685496	continued:5	5940728395798568504	5940728485419240489	-1,-14,-14,-14	-14,-14,-14,-14	ok
0.083736	-47.297748	-47.697379	0.684994	continued:5	5940728395798568504	5940728485419240489	-1,-14,-14,-14	-14,-14,-14,-14	ok
0.086572	-47.297748	-47.834242	0.684620	continued:5	5940728395798568504	5940728485419240489	-1,-14,-14,-14	-14,-14,-14,-14	ok
0.089408	-47.297748	-47.946530	0.684247	full	5940728395798568504	5940728485419240489	-1,-14,-14,-14	-14,-14,-14,-14	ok
0.092244	-47.297748	-46.358869	0.688734	continued:5	17646127468735791542507331672356580785	5940728485419240489	-1,-14,-14,-14,-14	-14,-14,-14,-14	ok
0.095079	-47.297748	-46.698991	0.686944	continued:5	17646127468735791542507331672356580785	5940728485419240489	-1,-14,-14,-14,-14	-14,-14,-14,-14	ok
0.097915	-47.297748	-46.991133	0.685488	continued:5	17646127468735791542507331672356580785	5940728485419240489	-1,-14,-14,-14,-14	-14,-14,-14,-14	ok
0.100751	-47.297748	-47.240958	0.684239	continued:5	17646127468735791542507331672356580785	5940728485419240489	-1,-14,-14,-14,-14	-14,-14,-14,-14	ok
0.103586	-47.297748	-47.454193	0.683324	continued:5	17646127468735791542507331672356580785	5940728485419240489	-1,-14,-14,-14,-14	-14,-14,-14,-14	ok
0.106422	-47.297748	-47.634075	0.682616	continued:5	17646127468735791542507331672356580785	5940728485419240489	-1,-14,-14,-14,-14	-14,-14,-14,-14	ok
0.109258	-47.297748	-47.784609	0.682114	continued:5	17646127468735791542507331672356580785	5940728485419240489	-1,-14,-14,-14,-14	-14,-14,-14,-14	ok
0.112093	-47.297748	-47.909095	0.681741	continued:5	17646127468735791542507331672356580785	5940728485419240489	-1,-14,-14,-14,-14	-14,-14,-14,-14	ok
0.114929	-47.297748	-48.011068	0.681367	full	17646127468735791542507331672356580785	5940728485419240489	-1,-14,-14,-14,-14	-14,-14,-14,-14	ok
0.117765	-47.297748	-46.572785	0.685194	continued:5	17646127468735791542507331672356580785	5940728485419240489	-1,-14,-14,-14,-14	-14,-14,-14,-14	ok
0.120601	-47.297748	-46.885741	0.683610	continued:5	17646127468735791542507331672356580785	5940728485419240489	-1,-14,-14,-14,-14	-14,-14,-14,-14	ok
0.123436	-47.297748	-47.153228	0.682233	continued:5	17646127468735791542507331672356580785	5940728485419240489	-1,-14,-14,-14,-14	-14,-14,-14,-14	ok
0.126272	-47.297748	-47.381742	0.681191	continued:5	17646127468735791542507331672356580785	5940728485419240489	-1,-14,-14,-14,-14	-14,-14,-14,-14	ok
0.129108	-47.297748	-47.575036	0.680355	continued:5	17646127468735791542507331672356580785	5940728485419240489	-1,-14,-14,-14,-14	-14,-14,-14,-14	ok
0.131943	-47.297748	-47.737513	0.679647	continued:5	17646127468735791542507331672356580785	5940728485419240489	-1,-14,-14,-14,-14	-14,-14,-14,-14	ok
0.134779	-47.297748	-47.873586	0.679273	continued:5	17646127468735791542507331672356580785	5940728485419240489	-1,-14,-14,-14,-14	-14,-14,-14,-14	ok
0.137615	-47.297748	-47.984752	0.678899	continued:5	17646127468735791542507331672356580785	5940728485419240489	-1,-14,-14,-14,-14	-14,-14,-14,-14	ok
0.140450	-47.297748	-48.075700	0.678525	full	17646127468735791542507331672356580785	5940728485419240489	-1,-14,-14,-14,-14	-14,-14,-14,-14	ok
0.143286	-47.297748	-46.476958	0.683144	continued:5	17646127468735791542507331672356580785	5940728485419240489	-1,-14,-14,-14,-14	-14,-14,-14,-14	ok
0.146122	-47.297748	-46.805908	0.681354	continued:5	17646127468735791542507331672356580785	5940728485419240489	-1,-14,-14,-14,-14	-14,-14,-14,-14	ok
0.148957	-47.297748	-47.087895	0.679898	continued:5	17646127468735791542507331672356580785	5940728485419240489	-1,-14,-14,-14,-14	-14,-14,-14,-14	ok
0.151793	-47.297748	-47.328470	0.678649	continued:5	17646127468735791542507331672356580785	5940728485419240489	-1,-14,-14,-14,-14	-14,-14,-14,-14	ok
0.154629	-47.297748	-47.533314	0.677734	continued:5	17646127468735791542507331672356580785	5940728485419240489	-1,-14,-14,-14,-14	-14,-14,-14,-14	ok
0.157465	-47.297748	-47.705623	0.676898	continued:5	17646127468735791542507331672356580785	5940728485419240489	-1,-14,-14,-14,-14	-14,-14,-14,-14	ok
0.160300	-47.297748	-47.850699	0.676396	continued:5	17646127468735791542507331672356580785	5940728485419240489	-1,-14,-14,-14,-14	-14,-14,-14,-14	ok
0.163136	-47.297748	-47.970208	0.675895	continued:5	17646127468735791542507331672356580785	5940728485419240489	-1,-14,-14,-14,-14	-14,-14,-14,-14	ok
0.165972	-47.297748	-48.069000	0.675728	continued:5	17646127468735791542507331672356580785	5940728485419240489	-1,-14,-14,-14,-14	-14,-14,-14,-14	ok
0.168807	-47.297748	-48.147609	0.675354	full	17646127468735791542507331672356580785	5940728485419240489	-1,-14,-14,-14,-14	-14,-14,-14,-14	ok
0.171643	-47.297748	-46.471340	0.680398	continued:5	17646127468735791542507331672356580785	5940728485419240489	-1,-14,-14,-14,-14	-14,-14,-14,-14	ok
0.174479	-47.297748	-46.803930	0.678480	continued:5	17646127468735791542507331672356580785	5940728485419240489	-1,-14,-14,-14,-14	-14,-14,-14,-14	ok
0.177314	-47.297748	-47.089566	0.677024	continued:5	17646127468735791542507331672356580785	5940728485419240489	-1,-14,-14,-14,-14	-14,-14,-14,-14	ok
0.180150	-47.297748	-47.332504	0.675775	continued:5	17646127468735791542507331672356580785	5940728485419240489	-1,-14,-14,-14,-14	-14,-14,-14,-14	ok
0.182986	-47.297748	-47.538784	0.674732	continued:5	17646127468735791542507331672356580785	5940728485419240489	-1,-14,-14,-14,-14	-14,-14,-14,-14	ok
0.185822	-47.297748	-47.713205	0.673817	continued:5	17646127468735791542507331672356580785	5940728485419240489	-1,-14,-14,-14,-14	-14,-14,-14,-14	ok
0.188657	-47.297748	-47.860474	0.673316	continued:5	17646127468735791542507331672356580785	5940728485419240489	-1,-14,-14,-14,-14	-14,-14,-14,-14	ok
0.191493	-47.297748	-47.981464	0.672814	continued:5	17646127468735791542507331672356580785	5940728485419240489	-1,-14,-14,-14,-14	-14,-14,-14,-14	ok
0.194329	-47.297748	-48.081220	0.672440	continued:5	17646127468735791542507331672356580785	5940728485419240489	-1,-14,-14,-14,-14	-14,-14,-14,-14	ok
0.197164	-47.297748	-48.162513	0.672273	continued:5	17646127468735791542507331672356580785	5940728485419240489	-1,-14,-14,-14,-14	-14,-14,-14,-14	ok
0.200000	-47.297748	-48.226808	0.671899	full	17646127468735791542507331672356580785	5940728485419240489	-1,-14,-14,-14,-14	-14,-14,-14,-14	ok
