delta_x	delta_ca	T0_V	T0_Ca	T0_method	T_encoding	gamma_encoding	T_scs	gamma_scs	status
-3.200000	-38.924103								error: T SSCS does not start with ±1: [0, 0, 0, 0, 0, 0, 0, 0, 0, 0]
-3.197164	-38.924103								error: T SSCS does not start with ±1: [0, 0, 0, 0, 0, 0, 0, 0, 0, 0]
-3.194329	-38.924103								error: T SSCS does not start with ±1: [0, 0, 0, 0, 0, 0, 0, 0, 0, 0]
-3.191493	-38.924103								error: T SSCS does not start with ±1: [0, 0, 0, 0, 0, 0, 0, 0, 0, 0]
-3.188657	-38.924103								error: T SSCS does not start with ±1: [0, 0, 0, 0, 0, 0, 0, 0, 0, 0]
-3.185822	-38.924103								error: T SSCS does not start with ±1: [0, 0, 0, 0, 0, 0, 0, 0, 0, 0]
-3.182986	-38.924103								error: T SSCS does not start with ±1: [0, 0, 0, 0, 0, 0, 0, 0, 0, 0]
-3.180150	-38.924103								error: T SSCS does not start with ±1: [0, 0, 0, 0, 0, 0, 0, 0, 0, 0]
-3.177314	-38.924103								error: T SSCS does not start with ±1: [0, 0, 0, 0, 0, 0, 0, 0, 0, 0]
-3.174479	-38.924103								error: T SSCS does not start with ±1: [0, 0, 0, 0, 0, 0, 0, 0, 0, 0]
-3.171643	-38.924103								error: T SSCS does not start with ±1: [0, 0, 0, 0, 0, 0, 0, 0, 0, 0]
-3.168807	-38.924103								error: T SSCS does not start with ±1: [0, 0, 0, 0, 0, 0, 0, 0, 0, 0]
-3.165972	-38.924103								error: T SSCS does not start with ±1: [0, 0, 0, 0, 0, 0, 0, 0, 0, 0]
-3.163136	-38.924103								error: T SSCS does not start with ±1: [0, 0, 0, 0, 0, 0, 0, 0, 0, 0]
-3.160300	-38.924103								error: T SSCS does not start with ±1: [0, 0, 0, 0, 0, 0, 0, 0, 0, 0]
-3.157465	-38.924103								error: T SSCS does not start with ±1: [0, 0, 0, 0, 0, 0, 0, 0, 0, 0]
-3.154629	-38.924103								error: T SSCS does not start with ±1: [0, 0, 0, 0, 0, 0, 0, 0, 0, 0]
-3.151793	-38.924103								error: T SSCS does not start with ±1: [0, 0, 0, 0, 0, 0, 0, 0, 0, 0]
-3.148957	-38.924103								error: T SSCS does not start with ±1: [0, 0, 0, 0, 0, 0, 0, 0, 0, 0]
-3.146122	-38.924103								error: T SSCS does not start with ±1: [0, 0, 0, 0, 0, 0, 0, 0, 0, 0]
-3.143286	-38.924103								error: T SSCS does not start with ±1: [0, 0, 0, 0, 0, 0, 0, 0, 0, 0]
-3.140450	-38.924103								error: T SSCS does not start with ±1: [0, 0, 0, 0, 0, 0, 0, 0, 0, 0]
-3.137615	-38.924103								error: T SSCS does not start with ±1: [0, 0, 0, 0, 0, 0, 0, 0, 0, 0]
-3.134779	-38.924103								error: T SSCS does not start with ±1: [0, 0, 0, 0, 0, 0, 0, 0, 0, 0]
-3.131943	-38.924103								error: T SSCS does not start with ±1: [0, 0, 0, 0, 0, 0, 0, 0, 0, 0]
-3.129108	-38.924103								error: T SSCS does not start with ±1: [0, 0, 0, 0, 0, 0, 0, 0, 0, 0]
-3.126272	-38.924103								error: T SSCS does not start with ±1: [0, 0, 0, 0, 0, 0, 0, 0, 0, 0]
-3.123436	-38.924103								error: T SSCS does not start with ±1: [0, 0, 0, 0, 0, 0, 0, 0, 0, 0]
-3.120601	-38.924103								error: T SSCS does not start with ±1: [0, 0, 0, 0, 0, 0, 0, 0, 0, 0]
-3.117765	-38.924103								error: T SSCS does not start with ±1: [0, 0, 0, 0, 0, 0, 0, 0, 0, 0]
-3.114929	-38.924103								error: T SSCS does not start with ±1: [0, 0, 0, 0, 0, 0, 0, 0, 0, 0]
-3.112093	-38.924103								error: T SSCS does not start with ±1: [0, 0, 0, 0, 0, 0, 0, 0, 0, 0]
-3.109258	-38.924103								error: T SSCS does not start with ±1: [0, 0, 0, 0, 0, 0, 0, 0, 0, 0]
-3.106422	-38.924103								error: T SSCS does not start with ±1: [0, 0, 0, 0, 0, 0, 0, 0, 0, 0]
-3.103586	-38.924103								error: T SSCS does not start with ±1: [0, 0, 0, 0, 0, 0, 0, 0, 0, 0]
-3.100751	-38.924103								error: T SSCS does not start with ±1: [0, 0, 0, 0, 0, 0, 0, 0, 0, 0]
-3.097915	-38.924103								error: T SSCS does not start with ±1: [0, 0, 0, 0, 0, 0, 0, 0, 0, 0]
-3.095079	-38.924103								error: T SSCS does not start with ±1: [0, 0, 0, 0, 0, 0, 0, 0, 0, 0]
-3.092244	-38.924103								error: T SSCS does not start with ±1: [0, 0, 0, 0, 0, 0, 0, 0, 0, 0]
-3.089408	-38.924103								error: T SSCS does not start with ±1: [0, 0, 0, 0, 0, 0, 0, 0, 0, 0]
-3.086572	-38.924103								error: T SSCS does not start with ±1: [0, 0, 0, 0, 0, 0, 0, 0, 0, 0]
-3.083736	-38.924103								error: T SSCS does not start with ±1: [0, 0, 0, 0, 0, 0, 0, 0, 0, 0]
-3.080901	-38.924103								error: T SSCS does not start with ±1: [0, 0, 0, 0, 0, 0, 0, 0, 0, 0]
-3.078065	-38.924103								error: T SSCS does not start with ±1: [0, 0, 0, 0, 0, 0, 0, 0, 0, 0]
-3.075229	-38.924103								error: T SSCS does not start with ±1: [0, 0, 0, 0, 0, 0, 0, 0, 0, 0]
-3.072394	-38.924103								error: T SSCS does not start with ±1: [0, 0, 0, 0, 0, 0, 0, 0, 0, 0]
-3.069558	-38.924103								error: T SSCS does not start with ±1: [0, 0, 0, 0, 0, 0, 0, 0, 0, 0]
-3.066722	-38.924103								error: T SSCS does not start with ±1: [0, 0, 0, 0, 0, 0, 0, 0, 0, 0]
-3.063887	-38.924103								error: T SSCS does not start with ±1: [0, 0, 0, 0, 0, 0, 0, 0, 0, 0]
-3.061051	-38.924103								error: T SSCS does not start with ±1: [0, 0, 0, 0, 0, 0, 0, 0, 0, 0]
-3.058215	-38.924103								error: T SSCS does not start with ±1: [0, 0, 0, 0, 0, 0, 0, 0, 0, 0]
-3.055379	-38.924103								error: T SSCS does not start with ±1: [0, 0, 0, 0, 0, 0, 0, 0, 0, 0]
-3.052544	-38.924103								error: T SSCS does not start with ±1: [0, 0, 0, 0, 0, 0, 0, 0, 0, 0]
-3.049708	-38.924103								error: T SSCS does not start with ±1: [0, 0, 0, 0, 0, 0, 0, 0, 0, 0]
-3.046872	-38.924103								error: T SSCS does not start with ±1: [0, 0, 0, 0, 0, 0, 0, 0, 0, 0]
-3.044037	-38.924103								error: T SSCS does not start with ±1: [0, 0, 0, 0, 0, 0, 0, 0, 0, 0]
-3.041201	-38.924103								error: T SSCS does not start with ±1: [0, 0, 0, 0, 0, 0, 0, 0, 0, 0]
-3.038365	-38.924103								error: T SSCS does not start with ±1: [0, 0, 0, 0, 0, 0, 0, 0, 0, 0]
-3.035530	-38.924103								error: T SSCS does not start with ±1: [0, 0, 0, 0, 0, 0, 0, 0, 0, 0]
-3.032694	-38.924103								error: T SSCS does not start with ±1: [0, 0, 0, 0, 0, 0, 0, 0, 0, 0]
-3.029858	-38.924103								error: T SSCS does not start with ±1: [0, 0, 0, 0, 0, 0, 0, 0, 0, 0]
-3.027023	-38.924103								error: T SSCS does not start with ±1: [0, 0, 0, 0, 0, 0, 0, 0, 0, 0]
-3.024187	-38.924103								error: T SSCS does not start with ±1: [0, 0, 0, 0, 0, 0, 0, 0, 0, 0]
-3.021351	-38.924103								error: T SSCS does not start with ±1: [0, 0, 0, 0, 0, 0, 0, 0, 0, 0]
-3.018515	-38.924103								error: T SSCS does not start with ±1: [0, 0, 0, 0, 0, 0, 0, 0, 0, 0]
-3.015680	-38.924103								error: T SSCS does not start with ±1: [0, 0, 0, 0, 0, 0, 0, 0, 0, 0]
-3.012844	-38.924103								error: T SSCS does not start with ±1: [0, 0, 0, 0, 0, 0, 0, 0, 0, 0]
-3.010008	-38.924103								error: T SSCS does not start with ±1: [0, 0, 0, 0, 0, 0, 0, 0, 0, 0]
-3.007173	-38.924103								error: T SSCS does not start with ±1: [0, 0, 0, 0, 0, 0, 0, 0, 0, 0]
-3.004337	-38.924103								error: T SSCS does not start with ±1: [0, 0, 0, 0, 0, 0, 0, 0, 0, 0]
-3.001501	-38.924103								error: T SSCS does not start with ±1: [0, 0, 0, 0, 0, 0, 0, 0, 0, 0]
-2.998666	-38.924103								error: T SSCS does not start with ±1: [0, 0, 0, 0, 0, 0, 0, 0, 0, 0]
-2.995830	-38.924103								error: T SSCS does not start with ±1: [0, 0, 0, 0, 0, 0, 0, 0, 0, 0]
-2.992994	-38.924103								error: T SSCS does not start with ±1: [0, 0, 0, 0, 0, 0, 0, 0, 0, 0]
-2.990158	-38.924103								error: T SSCS does not start with ±1: [0, 0, 0, 0, 0, 0, 0, 0, 0, 0]
-2.987323	-38.924103								error: T SSCS does not start with ±1: [0, 0, 0, 0, 0, 0, 0, 0, 0, 0]
-2.984487	-38.924103								error: T SSCS does not start with ±1: [0, 0, 0, 0, 0, 0, 0, 0, 0, 0]
-2.981651	-38.924103								error: T SSCS does not start with ±1: [0, 0, 0, 0, 0, 0, 0, 0, 0, 0]
-2.978816	-38.924103								error: T SSCS does not start with ±1: [0, 0, 0, 0, 0, 0, 0, 0, 0, 0]
-2.975980	-38.924103								error: T SSCS does not start with ±1: [0, 0, 0, 0, 0, 0, 0, 0, 0, 0]
-2.973144	-38.924103								error: T SSCS does not start with ±1: [0, 0, 0, 0, 0, 0, 0, 0, 0, 0]
-2.970309	-38.924103								error: T SSCS does not start with ±1: [0, 0, 0, 0, 0, 0, 0, 0, 0, 0]
-2.967473	-38.924103								error: T SSCS does not start with ±1: [0, 0, 0, 0, 0, 0, 0, 0, 0, 0]
-2.964637	-38.924103								error: T SSCS does not start with ±1: [0, 0, 0, 0, 0, 0, 0, 0, 0, 0]
-2.961802	-38.924103								error: T SSCS does not start with ±1: [0, 0, 0, 0, 0, 0, 0, 0, 0, 0]
-2.958966	-38.924103								error: T SSCS does not start with ±1: [0, 0, 0, 0, 0, 0, 0, 0, 0, 0]
-2.956130	-38.924103								error: T SSCS does not start with ±1: [0, 0, 0, 0, 0, 0, 0, 0, 0, 0]
-2.953294	-38.924103								error: T SSCS does not start with ±1: [0, 0, 0, 0, 0, 0, 0, 0, 0, 0]
-2.950459	-38.924103								error: T SSCS does not start with ±1: [0, 0, 0, 0, 0, 0, 0, 0, 0, 0]
-2.947623	-38.924103								error: T SSCS does not start with ±1: [0, 0, 0, 0, 0, 0, 0, 0, 0, 0]
-2.944787	-38.924103								error: T SSCS does not start with ±1: [0, 0, 0, 0, 0, 0, 0, 0, 0, 0]
-2.941952	-38.924103								error: T SSCS does not start with ±1: [0, 0, 0, 0, 0, 0, 0, 0, 0, 0]
-2.939116	-38.924103								error: T SSCS does not start with ±1: [0, 0, 0, 0, 0, 0, 0, 0, 0, 0]
-2.936280	-38.924103								error: T SSCS does not start with ±1: [0, 0, 0, 0, 0, 0, 0, 0, 0, 0]
-2.933445	-38.924103								error: T SSCS does not start with ±1: [0, 0, 0, 0, 0, 0, 0, 0, 0, 0]
-2.930609	-38.924103								error: T SSCS does not start with ±1: [0, 0, 0, 0, 0, 0, 0, 0, 0, 0]
-2.927773	-38.924103								error: T SSCS does not start with ±1: [0, 0, 0, 0, 0, 0, 0, 0, 0, 0]
-2.924937	-38.924103								error: T SSCS does not start with ±1: [0, 0, 0, 0, 0, 0, 0, 0, 0, 0]
-2.922102	-38.924103								error: T SSCS does not start with ±1: [0, 0, 0, 0, 0, 0, 0, 0, 0, 0]
-2.919266	-38.924103								error: T SSCS does not start with ±1: [0, 0, 0, 0, 0, 0, 0, 0, 0, 0]
-2.916430	-38.924103								error: T SSCS does not start with ±1: [0, 0, 0, 0, 0, 0, 0, 0, 0, 0]
-2.913595	-38.924103								error: T SSCS does not start with ±1: [0, 0, 0, 0, 0, 0, 0, 0, 0, 0]
-2.910759	-38.924103								error: T SSCS does not start with ±1: [0, 0, 0, 0, 0, 0, 0, 0, 0, 0]
-2.907923	-38.924103								error: T SSCS does not start with ±1: [0, 0, 0, 0, 0, 0, 0, 0, 0, 0]
-2.905088	-38.924103								error: T SSCS does not start with ±1: [0, 0, 0, 0, 0, 0, 0, 0, 0, 0]
-2.902252	-38.924103								error: T SSCS does not start with ±1: [0, 0, 0, 0, 0, 0, 0, 0, 0, 0]
-2.899416	-38.924103								error: T SSCS does not start with ±1: [0, 0, 0, 0, 0, 0, 0, 0, 0, 0]
-2.896580	-38.924103								error: T SSCS does not start with ±1: [0, 0, 0, 0, 0, 0, 0, 0, 0, 0]
-2.893745	-38.924103								error: T SSCS does not start with ±1: [0, 0, 0, 0, 0, 0, 0, 0, 0, 0]
-2.890909	-38.924103								error: T SSCS does not start with ±1: [0, 0, 0, 0, 0, 0, 0, 0, 0, 0]
-2.888073	-38.924103								error: T SSCS does not start with ±1: [0, 0, 0, 0, 0, 0, 0, 0, 0, 0]
-2.885238	-38.924103								error: T SSCS does not start with ±1: [0, 0, 0, 0, 0, 0, 0, 0, 0, 0]
-2.882402	-38.924103								error: T SSCS does not start with ±1: [0, 0, 0, 0, 0, 0, 0, 0, 0, 0]
-2.879566	-38.924103								error: T SSCS does not start with ±1: [0, 0, 0, 0, 0, 0, 0, 0, 0, 0]
-2.876731	-38.924103								error: T SSCS does not start with ±1: [0, 0, 0, 0, 0, 0, 0, 0, 0, 0]
-2.873895	-38.924103								error: T SSCS does not start with ±1: [0, 0, 0, 0, 0, 0, 0, 0, 0, 0]
-2.871059	-38.924103								error: T SSCS does not start with ±1: [0, 0, 0, 0, 0, 0, 0, 0, 0, 0]
-2.868224	-38.924103								error: T SSCS does not start with ±1: [0, 0, 0, 0, 0, 0, 0, 0, 0, 0]
-2.865388	-38.924103								error: T SSCS does not start with ±1: [0, 0, 0, 0, 0, 0, 0, 0, 0, 0]
-2.862552	-38.924103								error: T SSCS does not start with ±1: [0, 0, 0, 0, 0, 0, 0, 0, 0, 0]
-2.859716	-38.924103								error: T SSCS does not start with ±1: [0, 0, 0, 0, 0, 0, 0, 0, 0, 0]
-2.856881	-38.924103								error: T SSCS does not start with ±1: [0, 0, 0, 0, 0, 0, 0, 0, 0, 0]
-2.854045	-38.924103								error: T SSCS does not start with ±1: [0, 0, 0, 0, 0, 0, 0, 0, 0, 0]
-2.851209	-38.924103								error: T SSCS does not start with ±1: [0, 0, 0, 0, 0, 0, 0, 0, 0, 0]
-2.848374	-38.924103								error: T SSCS does not start with ±1: [0, 0, 0, 0, 0, 0, 0, 0, 0, 0]
-2.845538	-38.924103								error: T SSCS does not start with ±1: [0, 0, 0, 0, 0, 0, 0, 0, 0, 0]
-2.842702	-38.924103								error: T SSCS does not start with ±1: [0, 0, 0, 0, 0, 0, 0, 0, 0, 0]
-2.839867	-38.924103								error: T SSCS does not start with ±1: [0, 0, 0, 0, 0, 0, 0, 0, 0, 0]
-2.837031	-38.924103								error: T SSCS does not start with ±1: [0, 0, 0, 0, 0, 0, 0, 0, 0, 0]
-2.834195	-38.924103								error: T SSCS does not start with ±1: [0, 0, 0, 0, 0, 0, 0, 0, 0, 0]
-2.831359	-38.924103								error: T SSCS does not start with ±1: [0, 0, 0, 0, 0, 0, 0, 0, 0, 0]
-2.828524	-38.924103								error: T SSCS does not start with ±1: [0, 0, 0, 0, 0, 0, 0, 0, 0, 0]
-2.825688	-38.924103								error: T SSCS does not start with ±1: [0, 0, 0, 0, 0, 0, 0, 0, 0, 0]
-2.822852	-38.924103								error: T SSCS does not start with ±1: [0, 0, 0, 0, 0, 0, 0, 0, 0, 0]
-2.820017	-38.924103								error: T SSCS does not start with ±1: [0, 0, 0, 0, 0, 0, 0, 0, 0, 0]
-2.817181	-38.924103								error: T SSCS does not start with ±1: [0, 0, 0, 0, 0, 0, 0, 0, 0, 0]
-2.814345	-38.924103								error: T SSCS does not start with ±1: [0, 0, 0, 0, 0, 0, 0, 0, 0, 0]
-2.811510	-38.924103								error: T SSCS does not start with ±1: [0, 0, 0, 0, 0, 0, 0, 0, 0, 0]
-2.808674	-38.924103								error: T SSCS does not start with ±1: [0, 0, 0, 0, 0, 0, 0, 0, 0, 0]
-2.805838	-38.924103								error: T SSCS does not start with ±1: [0, 0, 0, 0, 0, 0, 0, 0, 0, 0]
-2.803003	-38.924103								error: T SSCS does not start with ±1: [0, 0, 0, 0, 0, 0, 0, 0, 0, 0]
-2.800167	-38.924103								error: T SSCS does not start with ±1: [0, 0, 0, 0, 0, 0, 0, 0, 0, 0]
-2.797331	-38.924103								error: T SSCS does not start with ±1: [0, 0, 0, 0, 0, 0, 0, 0, 0, 0]
-2.794495	-38.924103								error: T SSCS does not start with ±1: [0, 0, 0, 0, 0, 0, 0, 0, 0, 0]
-2.791660	-38.924103								error: T SSCS does not start with ±1: [0, 0, 0, 0, 0, 0, 0, 0, 0, 0]
-2.788824	-38.924103								error: T SSCS does not start with ±1: [0, 0, 0, 0, 0, 0, 0, 0, 0, 0]
-2.785988	-38.924103								error: T SSCS does not start with ±1: [0, 0, 0, 0, 0, 0, 0, 0, 0, 0]
-2.783153	-38.924103								error: T SSCS does not start with ±1: [0, 0, 0, 0, 0, 0, 0, 0, 0, 0]
-2.780317	-38.924103								error: T SSCS does not start with ±1: [0, 0, 0, 0, 0, 0, 0, 0, 0, 0]
-2.777481	-38.924103								error: T SSCS does not start with ±1: [0, 0, 0, 0, 0, 0, 0, 0, 0, 0]
-2.774646	-38.924103								error: T SSCS does not start with ±1: [0, 0, 0, 0, 0, 0, 0, 0, 0, 0]
-2.771810	-38.924103								error: T SSCS does not start with ±1: [0, 0, 0, 0, 0, 0, 0, 0, 0, 0]
-2.768974	-38.924103								error: T SSCS does not start with ±1: [0, 0, 0, 0, 0, 0, 0, 0, 0, 0]
-2.766138	-38.924103								error: T SSCS does not start with ±1: [0, 0, 0, 0, 0, 0, 0, 0, 0, 0]
-2.763303	-38.924103								error: T SSCS does not start with ±1: [0, 0, 0, 0, 0, 0, 0, 0, 0, 0]
-2.760467	-38.924103								error: T SSCS does not start with ±1: [0, 0, 0, 0, 0, 0, 0, 0, 0, 0]
-2.757631	-38.924103								error: T SSCS does not start with ±1: [0, 0, 0, 0, 0, 0, 0, 0, 0, 0]
-2.754796	-38.924103								error: T SSCS does not start with ±1: [0, 0, 0, 0, 0, 0, 0, 0, 0, 0]
-2.751960	-38.924103								error: T SSCS does not start with ±1: [0, 0, 0, 0, 0, 0, 0, 0, 0, 0]
-2.749124	-38.924103								error: T SSCS does not start with ±1: [0, 0, 0, 0, 0, 0, 0, 0, 0, 0]
-2.746289	-38.924103								error: T SSCS does not start with ±1: [0, 0, 0, 0, 0, 0, 0, 0, 0, 0]
-2.743453	-38.924103								error: T SSCS does not start with ±1: [0, 0, 0, 0, 0, 0, 0, 0, 0, 0]
-2.740617	-38.924103								error: T SSCS does not start with ±1: [0, 0, 0, 0, 0, 0, 0, 0, 0, 0]
-2.737781	-38.924103								error: T SSCS does not start with ±1: [0, 0, 0, 0, 0, 0, 0, 0, 0, 0]
-2.734946	-38.924103								error: T SSCS does not start with ±1: [0, 0, 0, 0, 0, 0, 0, 0, 0, 0]
-2.732110	-38.924103								error: T SSCS does not start with ±1: [0, 0, 0, 0, 0, 0, 0, 0, 0, 0]
-2.729274	-38.924103								error: T SSCS does not start with ±1: [0, 0, 0, 0, 0, 0, 0, 0, 0, 0]
-2.726439	-38.924103								error: T SSCS does not start with ±1: [0, 0, 0, 0, 0, 0, 0, 0, 0, 0]
-2.723603	-38.924103								error: T SSCS does not start with ±1: [0, 0, 0, 0, 0, 0, 0, 0, 0, 0]
-2.720767	-38.924103								error: T SSCS does not start with ±1: [0, 0, 0, 0, 0, 0, 0, 0, 0, 0]
-2.717932	-38.924103								error: T SSCS does not start with ±1: [0, 0, 0, 0, 0, 0, 0, 0, 0, 0]
-2.715096	-38.924103								error: T SSCS does not start with ±1: [0, 0, 0, 0, 0, 0, 0, 0, 0, 0]
-2.712260	-38.924103								error: T SSCS does not start with ±1: [0, 0, 0, 0, 0, 0, 0, 0, 0, 0]
-2.709425	-38.924103								error: T SSCS does not start with ±1: [0, 0, 0, 0, 0, 0, 0, 0, 0, 0]
-2.706589	-38.924103								error: T SSCS does not start with ±1: [0, 0, 0, 0, 0, 0, 0, 0, 0, 0]
-2.703753	-38.924103								error: T SSCS does not start with ±1: [0, 0, 0, 0, 0, 0, 0, 0, 0, 0]
-2.700917	-38.924103								error: T SSCS does not start with ±1: [0, 0, 0, 0, 0, 0, 0, 0, 0, 0]
-2.698082	-38.924103								error: T SSCS does not start with ±1: [0, 0, 0, 0, 0, 0, 0, 0, 0, 0]
-2.695246	-38.924103								error: T SSCS does not start with ±1: [0, 0, 0, 0, 0, 0, 0, 0, 0, 0]
-2.692410	-38.924103								error: T SSCS does not start with ±1: [0, 0, 0, 0, 0, 0, 0, 0, 0, 0]
-2.689575	-38.924103								error: T SSCS does not start with ±1: [0, 0, 0, 0, 0, 0, 0, 0, 0, 0]
-2.686739	-38.924103								error: T SSCS does not start with ±1: [0, 0, 0, 0, 0, 0, 0, 0, 0, 0]
-2.683903	-38.924103								error: T SSCS does not start with ±1: [0, 0, 0, 0, 0, 0, 0, 0, 0, 0]
-2.681068	-38.924103								error: T SSCS does not start with ±1: [0, 0, 0, 0, 0, 0, 0, 0, 0, 0]
-2.678232	-38.924103								error: T SSCS does not start with ±1: [0, 0, 0, 0, 0, 0, 0, 0, 0, 0]
-2.675396	-38.924103								error: T SSCS does not start with ±1: [0, 0, 0, 0, 0, 0, 0, 0, 0, 0]
-2.672560	-38.924103								error: T SSCS does not start with ±1: [0, 0, 0, 0, 0, 0, 0, 0, 0, 0]
-2.669725	-38.924103								error: T SSCS does not start with ±1: [0, 0, 0, 0, 0, 0, 0, 0, 0, 0]
-2.666889	-38.924103								error: T SSCS does not start with ±1: [0, 0, 0, 0, 0, 0, 0, 0, 0, 0]
-2.664053	-38.924103								error: T SSCS does not start with ±1: [0, 0, 0, 0, 0, 0, 0, 0, 0, 0]
-2.661218	-38.924103								error: T SSCS does not start with ±1: [0, 0, 0, 0, 0, 0, 0, 0, 0, 0]
-2.658382	-38.924103								error: T SSCS does not start with ±1: [0, 0, 0, 0, 0, 0, 0, 0, 0, 0]
-2.655546	-38.924103								error: T SSCS does not start with ±1: [0, 0, 0, 0, 0, 0, 0, 0, 0, 0]
-2.652711	-38.924103								error: T SSCS does not start with ±1: [0, 0, 0, 0, 0, 0, 0, 0, 0, 0]
-2.649875	-38.924103								error: T SSCS does not start with ±1: [0, 0, 0, 0, 0, 0, 0, 0, 0, 0]
-2.647039	-38.924103								error: T SSCS does not start with ±1: [0, 0, 0, 0, 0, 0, 0, 0, 0, 0]
-2.644204	-38.924103								error: T SSCS does not start with ±1: [0, 0, 0, 0, 0, 0, 0, 0, 0, 0]
-2.641368	-38.924103								error: T SSCS does not start with ±1: [0, 0, 0, 0, 0, 0, 0, 0, 0, 0]
-2.638532	-38.924103								error: T SSCS does not start with ±1: [0, 0, 0, 0, 0, 0, 0, 0, 0, 0]
-2.635696	-38.924103								error: T SSCS does not start with ±1: [0, 0, 0, 0, 0, 0, 0, 0, 0, 0]
-2.632861	-38.924103								error: T SSCS does not start with ±1: [0, 0, 0, 0, 0, 0, 0, 0, 0, 0]
-2.630025	-38.924103								error: T SSCS does not start with ±1: [0, 0, 0, 0, 0, 0, 0, 0, 0, 0]
-2.627189	-38.924103								error: T SSCS does not start with ±1: [0, 0, 0, 0, 0, 0, 0, 0, 0, 0]
-2.624354	-38.924103								error: T SSCS does not start with ±1: [0, 0, 0, 0, 0, 0, 0, 0, 0, 0]
-2.621518	-38.924103								error: T SSCS does not start with ±1: [0, 0, 0, 0, 0, 0, 0, 0, 0, 0]
-2.618682	-38.924103								error: T SSCS does not start with ±1: [0, 0, 0, 0, 0, 0, 0, 0, 0, 0]
-2.615847	-38.924103								error: T SSCS does not start with ±1: [0, 0, 0, 0, 0, 0, 0, 0, 0, 0]
-2.613011	-38.924103								error: T SSCS does not start with ±1: [0, 0, 0, 0, 0, 0, 0, 0, 0, 0]
-2.610175	-38.924103								error: T SSCS does not start with ±1: [0, 0, 0, 0, 0, 0, 0, 0, 0, 0]
-2.607339	-38.924103								error: T SSCS does not start with ±1: [0, 0, 0, 0, 0, 0, 0, 0, 0, 0]
-2.604504	-38.924103								error: T SSCS does not start with ±1: [0, 0, 0, 0, 0, 0, 0, 0, 0, 0]
-2.601668	-38.924103								error: T SSCS does not start with ±1: [0, 0, 0, 0, 0, 0, 0, 0, 0, 0]
-2.598832	-38.924103								error: T SSCS does not start with ±1: [0, 0, 0, 0, 0, 0, 0, 0, 0, 0]
-2.595997	-38.924103								error: T SSCS does not start with ±1: [0, 0, 0, 0, 0, 0, 0, 0, 0, 0]
-2.593161	-38.924103								error: T SSCS does not start with ±1: [0, 0, 0, 0, 0, 0, 0, 0, 0, 0]
-2.590325	-38.924103								error: T SSCS does not start with ±1: [0, 0, 0, 0, 0, 0, 0, 0, 0, 0]
-2.587490	-38.924103								error: T SSCS does not start with ±1: [0, 0, 0, 0, 0, 0, 0, 0, 0, 0]
-2.584654	-38.924103								error: T SSCS does not start with ±1: [0, 0, 0, 0, 0, 0, 0, 0, 0, 0]
-2.581818	-38.924103								error: T SSCS does not start with ±1: [0, 0, 0, 0, 0, 0, 0, 0, 0, 0]
-2.578982	-38.924103								error: T SSCS does not start with ±1: [0, 0, 0, 0, 0, 0, 0, 0, 0, 0]
-2.576147	-38.924103								error: T SSCS does not start with ±1: [0, 0, 0, 0, 0, 0, 0, 0, 0, 0]
-2.573311	-38.924103								error: T SSCS does not start with ±1: [0, 0, 0, 0, 0, 0, 0, 0, 0, 0]
-2.570475	-38.924103								error: T SSCS does not start with ±1: [0, 0, 0, 0, 0, 0, 0, 0, 0, 0]
-2.567640	-38.924103								error: T SSCS does not start with ±1: [0, 0, 0, 0, 0, 0, 0, 0, 0, 0]
-2.564804	-38.924103								error: T SSCS does not start with ±1: [0, 0, 0, 0, 0, 0, 0, 0, 0, 0]
-2.561968	-38.924103								error: T SSCS does not start with ±1: [0, 0, 0, 0, 0, 0, 0, 0, 0, 0]
-2.559133	-38.924103								error: T SSCS does not start with ±1: [0, 0, 0, 0, 0, 0, 0, 0, 0, 0]
-2.556297	-38.924103								error: T SSCS does not start with ±1: [0, 0, 0, 0, 0, 0, 0, 0, 0, 0]
-2.553461	-38.924103								error: T SSCS does not start with ±1: [0, 0, 0, 0, 0, 0, 0, 0, 0, 0]
-2.550626	-38.924103								error: T SSCS does not start with ±1: [0, 0, 0, 0, 0, 0, 0, 0, 0, 0]
-2.547790	-38.924103								error: T SSCS does not start with ±1: [0, 0, 0, 0, 0, 0, 0, 0, 0, 0]
-2.544954	-38.924103								error: T SSCS does not start with ±1: [0, 0, 0, 0, 0, 0, 0, 0, 0, 0]
-2.542118	-38.924103								error: T SSCS does not start with ±1: [0, 0, 0, 0, 0, 0, 0, 0, 0, 0]
-2.539283	-38.924103								error: T SSCS does not start with ±1: [0, 0, 0, 0, 0, 0, 0, 0, 0, 0]
-2.536447	-38.924103								error: T SSCS does not start with ±1: [0, 0, 0, 0, 0, 0, 0, 0, 0, 0]
-2.533611	-38.924103								error: T SSCS does not start with ±1: [0, 0, 0, 0, 0, 0, 0, 0, 0, 0]
-2.530776	-38.924103								error: T SSCS does not start with ±1: [0, 0, 0, 0, 0, 0, 0, 0, 0, 0]
-2.527940	-38.924103								error: T SSCS does not start with ±1: [0, 0, 0, 0, 0, 0, 0, 0, 0, 0]
-2.525104	-38.924103								error: T SSCS does not start with ±1: [0, 0, 0, 0, 0, 0, 0, 0, 0, 0]
-2.522269	-38.924103								error: T SSCS does not start with ±1: [0, 0, 0, 0, 0, 0, 0, 0, 0, 0]
-2.519433	-38.924103								error: T SSCS does not start with ±1: [0, 0, 0, 0, 0, 0, 0, 0, 0, 0]
-2.516597	-38.924103								error: T SSCS does not start with ±1: [0, 0, 0, 0, 0, 0, 0, 0, 0, 0]
-2.513761	-38.924103								error: T SSCS does not start with ±1: [0, 0, 0, 0, 0, 0, 0, 0, 0, 0]
-2.510926	-38.924103								error: T SSCS does not start with ±1: [0, 0, 0, 0, 0, 0, 0, 0, 0, 0]
-2.508090	-38.924103								error: T SSCS does not start with ±1: [0, 0, 0, 0, 0, 0, 0, 0, 0, 0]
-2.505254	-38.924103								error: T SSCS does not start with ±1: [0, 0, 0, 0, 0, 0, 0, 0, 0, 0]
-2.502419	-38.924103								error: T SSCS does not start with ±1: [0, 0, 0, 0, 0, 0, 0, 0, 0, 0]
-2.499583	-38.924103								error: T SSCS does not start with ±1: [0, 0, 0, 0, 0, 0, 0, 0, 0, 0]
-2.496747	-38.924103								error: T SSCS does not start with ±1: [0, 0, 0, 0, 0, 0, 0, 0, 0, 0]
-2.493912	-38.924103								error: T SSCS does not start with ±1: [0, 0, 0, 0, 0, 0, 0, 0, 0, 0]
-2.491076	-38.924103								error: T SSCS does not start with ±1: [0, 0, 0, 0, 0, 0, 0, 0, 0, 0]
-2.488240	-38.924103								error: T SSCS does not start with ±1: [0, 0, 0, 0, 0, 0, 0, 0, 0, 0]
-2.485405	-38.924103								error: T SSCS does not start with ±1: [0, 0, 0, 0, 0, 0, 0, 0, 0, 0]
-2.482569	-38.924103								error: T SSCS does not start with ±1: [0, 0, 0, 0, 0, 0, 0, 0, 0, 0]
-2.479733	-38.924103								error: T SSCS does not start with ±1: [0, 0, 0, 0, 0, 0, 0, 0, 0, 0]
-2.476897	-38.924103								error: T SSCS does not start with ±1: [0, 0, 0, 0, 0, 0, 0, 0, 0, 0]
-2.474062	-38.924103								error: T SSCS does not start with ±1: [0, 0, 0, 0, 0, 0, 0, 0, 0, 0]
-2.471226	-38.924103								error: T SSCS does not start with ±1: [0, 0, 0, 0, 0, 0, 0, 0, 0, 0]
-2.468390	-38.924103								error: T SSCS does not start with ±1: [0, 0, 0, 0, 0, 0, 0, 0, 0, 0]
-2.465555	-38.924103								error: T SSCS does not start with ±1: [0, 0, 0, 0, 0, 0, 0, 0, 0, 0]
-2.462719	-38.924103								error: T SSCS does not start with ±1: [0, 0, 0, 0, 0, 0, 0, 0, 0, 0]
-2.459883	-38.924103								error: T SSCS does not start with ±1: [0, 0, 0, 0, 0, 0, 0, 0, 0, 0]
-2.457048	-38.924103								error: T SSCS does not start with ±1: [0, 0, 0, 0, 0, 0, 0, 0, 0, 0]
-2.454212	-38.924103								error: T SSCS does not start with ±1: [0, 0, 0, 0, 0, 0, 0, 0, 0, 0]
-2.451376	-38.924103								error: T SSCS does not start with ±1: [0, 0, 0, 0, 0, 0, 0, 0, 0, 0]
-2.448540	-38.924103								error: T SSCS does not start with ±1: [0, 0, 0, 0, 0, 0, 0, 0, 0, 0]
-2.445705	-38.924103								error: T SSCS does not start with ±1: [0, 0, 0, 0, 0, 0, 0, 0, 0, 0]
-2.442869	-38.924103								error: T SSCS does not start with ±1: [0, 0, 0, 0, 0, 0, 0, 0, 0, 0]
-2.440033	-38.924103								error: T SSCS does not start with ±1: [0, 0, 0, 0, 0, 0, 0, 0, 0, 0]
-2.437198	-38.924103								error: T SSCS does not start with ±1: [0, 0, 0, 0, 0, 0, 0, 0, 0, 0]
-2.434362	-38.924103								error: T SSCS does not start with ±1: [0, 0, 0, 0, 0, 0, 0, 0, 0, 0]
-2.431526	-38.924103								error: T SSCS does not start with ±1: [0, 0, 0, 0, 0, 0, 0, 0, 0, 0]
-2.428691	-38.924103								error: T SSCS does not start with ±1: [0, 0, 0, 0, 0, 0, 0, 0, 0, 0]
-2.425855	-38.924103								error: T SSCS does not start with ±1: [0, 0, 0, 0, 0, 0, 0, 0, 0, 0]
-2.423019	-38.924103								error: T SSCS does not start with ±1: [0, 0, 0, 0, 0, 0, 0, 0, 0, 0]
-2.420183	-38.924103								error: T SSCS does not start with ±1: [0, 0, 0, 0, 0, 0, 0, 0, 0, 0]
-2.417348	-38.924103								error: T SSCS does not start with ±1: [0, 0, 0, 0, 0, 0, 0, 0, 0, 0]
-2.414512	-38.924103								error: T SSCS does not start with ±1: [0, 0, 0, 0, 0, 0, 0, 0, 0, 0]
-2.411676	-38.924103								error: T SSCS does not start with ±1: [0, 0, 0, 0, 0, 0, 0, 0, 0, 0]
-2.408841	-38.924103								error: T SSCS does not start with ±1: [0, 0, 0, 0, 0, 0, 0, 0, 0, 0]
-2.406005	-38.924103								error: T SSCS does not start with ±1: [0, 0, 0, 0, 0, 0, 0, 0, 0, 0]
-2.403169	-38.924103								error: T SSCS does not start with ±1: [0, 0, 0, 0, 0, 0, 0, 0, 0, 0]
-2.400334	-38.924103								error: Could not locate the first local maximum of the reduced return map.
-2.397498	-38.924103								error: Could not locate the first local maximum of the reduced return map.
-2.394662	-38.924103								error: Could not locate the first local maximum of the reduced return map.
-2.391827	-38.924103								error: Could not locate the first local maximum of the reduced return map.
-2.388991	-38.924103								error: Could not locate the first local maximum of the reduced return map.
-2.386155	-38.924103								error: Could not locate the first local maximum of the reduced return map.
-2.383319	-38.924103	-40.638618	0.930952	continued:5	131504586847961235687181874578063117114329409897647623619241560935125066908876631867479597863393264	131504586847961235687181874578063117114329409897615188504091716162522225834932122128288032336298141	1,0,0,0,0,0,0,0,0,0	0,0,0,0,0,0,0,0,0,0	ok
-2.380484	-38.924103	-41.537239	0.928159	continued:5	131504586847961235687181874578063117114329409897647623619241560935125066908876631867479597863393264	131504586847961235687181874578063117114329409897615188504091716162522225834932122128288032336298141	1,0,0,0,0,0,0,0,0,0	0,0,0,0,0,0,0,0,0,0	ok
-2.377648	-38.924103								error: Could not locate the first local maximum of the reduced return map.
-2.374812	-38.924103								error: Could not locate the first local maximum of the reduced return map.
-2.371977	-38.924103								error: Could not locate the first local maximum of the reduced return map.
-2.369141	-38.924103								error: Could not locate the first local maximum of the reduced return map.
-2.366305	-38.924103								error: Could not locate the first local maximum of the reduced return map.
-2.363470	-38.924103								error: Could not locate the first local maximum of the reduced return map.
-2.360634	-38.924103								error: Could not locate the first local maximum of the reduced return map.
-2.357798	-38.924103								error: Could not locate the first local maximum of the reduced return map.
-2.354962	-38.924103								error: Could not locate the first local maximum of the reduced return map.
-2.352127	-38.924103								error: Could not locate the first local maximum of the reduced return map.
-2.349291	-38.924103								error: Could not locate the first local maximum of the reduced return map.
-2.346455	-38.924103								error: Could not locate the first local maximum of the reduced return map.
-2.343620	-38.924103								error: Could not locate the first local maximum of the reduced return map.
-2.340784	-38.924103								error: Could not locate the first local maximum of the reduced return map.
-2.337948	-38.924103								error: Could not locate the first local maximum of the reduced return map.
-2.335113	-38.924103								error: Could not locate the first local maximum of the reduced return map.
-2.332277	-38.924103								error: Could not locate the first local maximum of the reduced return map.
-2.329441	-38.924103								error: Could not locate the first local maximum of the reduced return map.
-2.326606	-38.924103								error: Could not locate the first local maximum of the reduced return map.
-2.323770	-38.924103								error: Could not locate the first local maximum of the reduced return map.
-2.320934	-38.924103								error: Could not locate the first local maximum of the reduced return map.
-2.318098	-38.924103								error: Could not locate the first local maximum of the reduced return map.
-2.315263	-38.924103								error: Could not locate the first local maximum of the reduced return map.
-2.312427	-38.924103								error: Could not locate the first local maximum of the reduced return map.
-2.309591	-38.924103								error: Could not locate the first local maximum of the reduced return map.
-2.306756	-38.924103								error: Could not locate the first local maximum of the reduced return map.
-2.303920	-38.924103								error: Could not locate the first local maximum of the reduced return map.
-2.301084	-38.924103								error: Could not locate the first local maximum of the reduced return map.
-2.298249	-38.924103								error: Could not locate the first local maximum of the reduced return map.
-2.295413	-38.924103								error: Could not locate the first local maximum of the reduced return map.
-2.292577	-38.924103								error: Could not locate the first local maximum of the reduced return map.
-2.289741	-38.924103								error: Could not locate the first local maximum of the reduced return map.
-2.286906	-38.924103								error: Could not locate the first local maximum of the reduced return map.
-2.284070	-38.924103								error: Could not locate the first local maximum of the reduced return map.
-2.281234	-38.924103								error: Could not locate the first local maximum of the reduced return map.
-2.278399	-38.924103								error: Could not locate the first local maximum of the reduced return map.
-2.275563	-38.924103								error: Could not locate the first local maximum of the reduced return map.
-2.272727	-38.924103								error: Could not locate the first local maximum of the reduced return map.
-2.269892	-38.924103								error: Could not locate the first local maximum of the reduced return map.
-2.267056	-38.924103								error: Could not locate the first local maximum of the reduced return map.
-2.264220	-38.924103								error: Could not locate the first local maximum of the reduced return map.
-2.261384	-38.924103								error: Could not locate the first local maximum of the reduced return map.
-2.258549	-38.924103								error: Could not locate the first local maximum of the reduced return map.
-2.255713	-38.924103								error: Could not locate the first local maximum of the reduced return map.
-2.252877	-38.924103								error: Could not locate the first local maximum of the reduced return map.
-2.250042	-38.924103								error: Could not locate the first local maximum of the reduced return map.
-2.247206	-38.924103								error: Could not locate the first local maximum of the reduced return map.
-2.244370	-38.924103								error: Could not locate the first local maximum of the reduced return map.
-2.241535	-38.924103								error: Could not locate the first local maximum of the reduced return map.
-2.238699	-38.924103								error: Could not locate the first local maximum of the reduced return map.
-2.235863	-38.924103								error: Could not locate the first local maximum of the reduced return map.
-2.233028	-38.924103								error: Could not locate the first local maximum of the reduced return map.
-2.230192	-38.924103								error: Could not locate the first local maximum of the reduced return map.
-2.227356	-38.924103								error: Could not locate the first local maximum of the reduced return map.
-2.224520	-38.924103								error: Could not locate the first local maximum of the reduced return map.
-2.221685	-38.924103								error: Could not locate the first local maximum of the reduced return map.
-2.218849	-38.924103								error: Could not locate the first local maximum of the reduced return map.
-2.216013	-38.924103								error: Could not locate the first local maximum of the reduced return map.
-2.213178	-38.924103								error: Could not locate the first local maximum of the reduced return map.
-2.210342	-38.924103								error: Could not locate the first local maximum of the reduced return map.
-2.207506	-38.924103								error: Could not locate the first local maximum of the reduced return map.
-2.204671	-38.924103								error: Could not locate the first local maximum of the reduced return map.
-2.201835	-38.924103								error: Could not locate the first local maximum of the reduced return map.
-2.198999	-38.924103								error: Could not locate the first local maximum of the reduced return map.
-2.196163	-38.924103								error: Could not locate the first local maximum of the reduced return map.
-2.193328	-38.924103								error: Could not locate the first local maximum of the reduced return map.
-2.190492	-38.924103								error: Could not locate the first local maximum of the reduced return map.
-2.187656	-38.924103								error: Could not locate the first local maximum of the reduced return map.
-2.184821	-38.924103								error: Could not locate the first local maximum of the reduced return map.
-2.181985	-38.924103								error: Could not locate the first local maximum of the reduced return map.
-2.179149	-38.924103								error: Could not locate the first local maximum of the reduced return map.
-2.176314	-38.924103								error: Could not locate the first local maximum of the reduced return map.
-2.173478	-38.924103								error: Could not locate the first local maximum of the reduced return map.
-2.170642	-38.924103								error: Could not locate the first local maximum of the reduced return map.
-2.167807	-38.924103								error: Could not locate the first local maximum of the reduced return map.
-2.164971	-38.924103								error: Could not locate the first local maximum of the reduced return map.
-2.162135	-38.924103								error: Could not locate the first local maximum of the reduced return map.
-2.159299	-38.924103								error: Could not locate the first local maximum of the reduced return map.
-2.156464	-38.924103								error: Could not locate the first local maximum of the reduced return map.
-2.153628	-38.924103								error: Could not locate the first local maximum of the reduced return map.
-2.150792	-38.924103								error: Could not locate the first local maximum of the reduced return map.
-2.147957	-38.924103								error: Could not locate the first local maximum of the reduced return map.
-2.145121	-38.924103								error: Could not locate the first local maximum of the reduced return map.
-2.142285	-38.924103								error: Could not locate the first local maximum of the reduced return map.
-2.139450	-38.924103								error: Could not locate the first local maximum of the reduced return map.
-2.136614	-38.924103								error: Could not locate the first local maximum of the reduced return map.
-2.133778	-38.924103								error: Could not locate the first local maximum of the reduced return map.
-2.130942	-38.924103								error: Could not locate the first local maximum of the reduced return map.
-2.128107	-38.924103	-42.116575	0.928867	continued:5	131504586847961235687181874578063117114329409897647623619241560935125066908876631867479597863393264	131504586847961235687181874578063117114329409897647623619241560935125066908876631867479597863393264	1,0,0,0,0,0,0,0,0,0	1,0,0,0,0,0,0,0,0,0	ok
-2.125271	-38.924103	-42.307706	0.926201	continued:5	131504586847961235687181874578063117114329409897647623619241560935125066908876631867479597863393264	131504586847961235687181874578063117114329409897647623619241560935125066908876631867479597863393264	1,0,0,0,0,0,0,0,0,0	1,0,0,0,0,0,0,0,0,0	ok
-2.122435	-38.924103	-42.507331	0.923536	continued:5	131504586847961235687181874578063117114329409897647623619241560935125066908876631867479597863393264	131504586847961235687181874578063117114329409897647623619241560935125066908876631867479597863393264	1,0,0,0,0,0,0,0,0,0	1,0,0,0,0,0,0,0,0,0	ok
-2.119600	-38.924103	-42.718521	0.921077	continued:5	131504586847961235687181874578063117114329409897647623619241560935125066908876631867479597863393264	131504586847961235687181874578063117114329409897647623619241560935125066908876631867479597863393264	1,0,0,0,0,0,0,0,0,0	1,0,0,0,0,0,0,0,0,0	ok
-2.116764	-38.924103	-42.941200	0.918746	continued:5	131504586847961235687181874578063117114329409897647623619241560935125066908876631867479597863393264	131504586847961235687181874578063117114329409897647623619241560935125066908876631867479597863393264	1,0,0,0,0,0,0,0,0,0	1,0,0,0,0,0,0,0,0,0	ok
-2.113928	-38.924103	-43.176606	0.916493	continued:5	131504586847961235687181874578063117114329409897647623619241560935125066908876631867479597863393264	131504586847961235687181874578063117114329409897647623619241560935125066908876631867479597863393264	1,0,0,0,0,0,0,0,0,0	1,0,0,0,0,0,0,0,0,0	ok
-2.111093	-38.924103	-43.426597	0.914241	continued:5	131504586847961235687181874578063117114329409897647623619241560935125066908876631867479597863393264	131504586847961235687181874578063117114329409897647623619241560935125066908876631867479597863393264	1,0,0,0,0,0,0,0,0,0	1,0,0,0,0,0,0,0,0,0	ok
-2.108257	-38.924103	-43.693895	0.912323	continued:5	131504586847961235687181874578063117114329409897647623619241560935125066908876631867479597863393264	131504586847961235687181874578063117114329409897647623619241560935125066908876631867479597863393264	1,0,0,0,0,0,0,0,0,0	1,0,0,0,0,0,0,0,0,0	ok
-2.105421	-38.924103	-43.976906	0.910739	continued:5	131504586847961235687181874578063117114329409897647623619241560935125066908876631867479597863393264	131504586847961235687181874578063117114329409897647623619241560935125066908876631867479597863393264	1,0,0,0,0,0,0,0,0,0	1,0,0,0,0,0,0,0,0,0	ok
-2.102585	-38.924103	-44.274146	0.909283	continued:5	131504586847961235687181874578063117114329409897647623619241560935125066908876631867479597863393264	131504586847961235687181874578063117114329409897647623619241560935125066908876631867479597863393264	1,0,0,0,0,0,0,0,0,0	1,0,0,0,0,0,0,0,0,0	ok
-2.099750	-38.924103	-44.586323	0.908241	continued:5	131504586847961235687181874578063117114329409897647623619241560935125066908876631867479597863393264	131504586847961235687181874578063117114329409897647623619241560935125066908876631867479597863393264	1,0,0,0,0,0,0,0,0,0	1,0,0,0,0,0,0,0,0,0	ok
-2.096914	-38.924103	-44.910502	0.907405	continued:5	131504586847961235687181874578063117114329409897647623619241560935125066908876631867479597863393264	131504586847961235687181874578063117114329409897647623619241560935125066908876631867479597863393264	1,0,0,0,0,0,0,0,0,0	1,0,0,0,0,0,0,0,0,0	ok
-2.094078	-38.924103								error: Could not locate the first local maximum of the reduced return map.
-2.091243	-38.924103								error: T SSCS does not start with ±1: [0, 0, 0, 0, 0, 0, 0, 0, 0, 0]
-2.088407	-38.924103	-45.245560	0.906490	continued:5	131504586847961235687181874578063117114329409897647623619241560935125066908876631867479597863393264	131504586847961235687181874578063117114329409897647623619241560935125066908876631867479597863393264	1,0,0,0,0,0,0,0,0,0	1,0,0,0,0,0,0,0,0,0	ok
-2.085571	-38.924103								error: Could not locate the first local maximum of the reduced return map.
-2.082736	-38.924103								error: T SSCS does not start with ±1: [0, 0, 0, 0, 0, 0, 0, 0, 0, 0]
-2.079900	-38.924103	-45.586899	0.905654	full	131504586847961235687181874578063117114329409897647623619241560935125066908876631867479597863393264	131504586847961235687181874578063117114329409897647623619241560935125066908876631867479597863393264	1,0,0,0,0,0,0,0,0,0	1,0,0,0,0,0,0,0,0,0	ok
-2.077064	-38.924103								error: Could not locate the first local maximum of the reduced return map.
-2.074229	-38.924103	-42.301702	0.921847	continued:5	131504586847961235687181874578063117114329409897647623619241560935125066908876631867479597863393264	131504586847961235687181874578063117114329409897647623619241560935125066908876631867479597863393264	1,0,0,0,0,0,0,0,0,0	1,0,0,0,0,0,0,0,0,0	ok
-2.071393	-38.924103	-42.513737	0.919181	continued:5	131504586847961235687181874578063117114329409897647623619241560935125066908876631867479597863393264	131504586847961235687181874578063117114329409897647623619241560935125066908876631867479597863393264	1,0,0,0,0,0,0,0,0,0	1,0,0,0,0,0,0,0,0,0	ok
-2.068557	-38.924103	-42.734257	0.916515	continued:5	131504586847961235687181874578063117114329409897647623619241560935125066908876631867479597863393264	131504586847961235687181874578063117114329409897647623619241560935125066908876631867479597863393264	1,0,0,0,0,0,0,0,0,0	1,0,0,0,0,0,0,0,0,0	ok
-2.065721	-38.924103	-42.966832	0.914056	continued:5	131504586847961235687181874578063117114329409897647623619241560935125066908876631867479597863393264	131504586847961235687181874578063117114329409897647623619241560935125066908876631867479597863393264	1,0,0,0,0,0,0,0,0,0	1,0,0,0,0,0,0,0,0,0	ok
-2.062886	-38.924103	-43.211800	0.911597	continued:5	131504586847961235687181874578063117114329409897647623619241560935125066908876631867479597863393264	131504586847961235687181874578063117114329409897647623619241560935125066908876631867479597863393264	1,0,0,0,0,0,0,0,0,0	1,0,0,0,0,0,0,0,0,0	ok
-2.060050	-38.924103	-43.472242	0.909473	continued:5	131504586847961235687181874578063117114329409897647623619241560935125066908876631867479597863393264	131504586847961235687181874578063117114329409897647623619241560935125066908876631867479597863393264	1,0,0,0,0,0,0,0,0,0	1,0,0,0,0,0,0,0,0,0	ok
-2.057214	-38.924103	-43.746718	0.907555	continued:5	131504586847961235687181874578063117114329409897647623619241560935125066908876631867479597863393264	131504586847961235687181874578063117114329409897647623619241560935125066908876631867479597863393264	1,0,0,0,0,0,0,0,0,0	1,0,0,0,0,0,0,0,0,0	ok
-2.054379	-38.924103	-44.035488	0.905765	continued:5	131504586847961235687181874578063117114329409897647623619241560935125066908876631867479597863393264	16217557574922386301420548362621878581010822074119	1,0,0,0,0,0,0,0,0,0	1,0,0,0,0,0,0,0,0	ok
-2.051543	-38.924103	-44.339487	0.904309	continued:5	131504586847961235687181874578063117114329409897647623619241560935125066908876631867479597863393264	131504586847961235687181874578063117114329409897663841176816483321426487445848886737075380626940827	1,0,0,0,0,0,0,0,0,0	-2,0,0,0,0,0,0,0,0,0	ok
-2.048707	-38.924103	-44.656870	0.903060	continued:5	131504586847961235687181874578063117114329409897647623619241560935125066908876631867479597863393264	131504586847961235687181874578063117114329409897680058734391405707727907982821141606671163390488391	1,0,0,0,0,0,0,0,0,0	2,0,0,0,0,0,0,0,0,0	ok
-2.045872	-38.924103	-44.986841	0.902351	continued:5	131504586847961235687181874578063117114329409897647623619241560935125066908876631867479597863393264	131504586847961235687181874578063117114329409897680058734391405707727907982821141606671163390488391	1,0,0,0,0,0,0,0,0,0	2,0,0,0,0,0,0,0,0,0	ok
-2.043036	-38.924103	-45.324515	0.901978	continued:5	131504586847961235687181874578063117114329409897647623619241560935125066908876631867479597863393264	131504586847961235687181874578063117114329409897680058734391405707727907982821141606671163390488391	1,0,0,0,0,0,0,0,0,0	2,0,0,0,0,0,0,0,0,0	ok
-2.040200	-38.924103	-45.666755	0.901604	full	131504586847961235687181874578063117114329409897647623619241560935125066908876631867479597863393264	131504586847961235687181874578063117114329409897680058734391405707727907982821141606671163390488391	1,0,0,0,0,0,0,0,0,0	2,0,0,0,0,0,0,0,0,0	ok
-2.037364	-38.924103								error: Could not locate the first local maximum of the reduced return map.
-2.034529	-38.924103								error: Could not locate the first local maximum of the reduced return map.
-2.031693	-38.924103	-42.298477	0.918069	continued:5	131504586847961235687181874578063117114329409897647623619241560935125066908876631867479597863393264	131504586847961235687181874578063117114329409897680058734391405707727907982821141606671163390488391	1,0,0,0,0,0,0,0,0,0	2,0,0,0,0,0,0,0,0,0	ok
-2.028857	-38.924103	-42.522827	0.915276	continued:5	131504586847961235687181874578063117114329409897647623619241560935125066908876631867479597863393264	131504586847961235687181874578063117114329409897680058734391405707727907982821141606671163390488391	1,0,0,0,0,0,0,0,0,0	2,0,0,0,0,0,0,0,0,0	ok
-2.026022	-38.924103	-42.754512	0.912482	continued:5	131504586847961235687181874578063117114329409897647623619241560935125066908876631867479597863393264	131504586847961235687181874578063117114329409897680058734391405707727907982821141606671163390488391	1,0,0,0,0,0,0,0,0,0	2,0,0,0,0,0,0,0,0,0	ok
-2.023186	-38.924103	-42.997709	0.910023	continued:5	131504586847961235687181874578063117114329409897647623619241560935125066908876631867479597863393264	131504586847961235687181874578063117114329409897680058734391405707727907982821141606671163390488391	1,0,0,0,0,0,0,0,0,0	2,0,0,0,0,0,0,0,0,0	ok
-2.020350	-38.924103	-43.251438	0.907565	continued:5	131504586847961235687181874578063117114329409897647623619241560935125066908876631867479597863393264	131504586847961235687181874578063117114329409897680058734391405707727907982821141606671163390488391	1,0,0,0,0,0,0,0,0,0	2,0,0,0,0,0,0,0,0,0	ok
-2.017515	-38.924103	-43.519194	0.905312	continued:5	131504586847961235687181874578063117114329409897647623619241560935125066908876631867479597863393264	131504586847961235687181874578063117114329409897680058734391405707727907982821141606671163390488391	1,0,0,0,0,0,0,0,0,0	2,0,0,0,0,0,0,0,0,0	ok
-2.014679	-38.924103	-43.801348	0.903188	continued:5	131504586847961235687181874578063117114329409897647623619241560935125066908876631867479597863393264	131504586847961235687181874578063117114329409897680058734391405707727907982821141606671163390488391	1,0,0,0,0,0,0,0,0,0	2,0,0,0,0,0,0,0,0,0	ok
-2.011843	-38.924103	-44.099056	0.901397	continued:5	131504586847961235687181874578063117114329409897647623619241560935125066908876631867479597863393264	131504586847961235687181874578063117114329409897680058734391405707727907982821141606671163390488391	1,0,0,0,0,0,0,0,0,0	2,0,0,0,0,0,0,0,0,0	ok
-2.009008	-38.924103	-44.410692	0.899814	continued:5	131504586847961235687181874578063117114329409897647623619241560935125066908876631867479597863393264	131504586847961235687181874578063117114329409897680058734391405707727907982821141606671163390488391	1,0,0,0,0,0,0,0,0,0	2,0,0,0,0,0,0,0,0,0	ok
-2.006172	-38.924103	-44.735816	0.898771	continued:5	131504586847961235687181874578063117114329409897647623619241560935125066908876631867479597863393264	131504586847961235687181874578063117114329409897680058734391405707727907982821141606671163390488391	1,0,0,0,0,0,0,0,0,0	2,0,0,0,0,0,0,0,0,0	ok
-2.003336	-38.924103	-45.069841	0.897935	continued:5	131504586847961235687181874578063117114329409897647623619241560935125066908876631867479597863393264	131504586847961235687181874578063117114329409897680058734391405707727907982821141606671163390488391	1,0,0,0,0,0,0,0,0,0	2,0,0,0,0,0,0,0,0,0	ok
-2.000500	-38.924103	-45.411370	0.897561	continued:5	131504586847961235687181874578063117114329409897647623619241560935125066908876631867479597863393264	131504586847961235687181874578063117114329409897680058734391405707727907982821141606671163390488391	1,0,0,0,0,0,0,0,0,0	2,0,0,0,0,0,0,0,0,0	ok
-1.997665	-38.924103	-45.755758	0.897188	full	131504586847961235687181874578063117114329409897647623619241560935125066908876631867479597863393264	131504586847961235687181874578063117114329409897680058734391405707727907982821141606671163390488391	1,0,0,0,0,0,0,0,0,0	2,0,0,0,0,0,0,0,0,0	ok
-1.994829	-38.924103	-42.531649	0.911979	continued:5	131504586847961235687181874578063117114329409897647623619241560935125066908876631867479597863393264	5695183504506113876378852	1,0,0,0,0,0,0,0,0,0	2,0,0,0,0,0,0,0	ok
-1.991993	-38.924103	-42.774441	0.909313	continued:5	131504586847961235687181874578063117114329409897647623619241560935125066908876631867479597863393264	5695183504506113876378852	1,0,0,0,0,0,0,0,0,0	2,0,0,0,0,0,0,0	ok
-1.989158	-38.924103	-43.024871	0.906520	continued:5	131504586847961235687181874578063117114329409897647623619241560935125066908876631867479597863393264	5695183504506113876378852	1,0,0,0,0,0,0,0,0,0	2,0,0,0,0,0,0,0	ok
-1.986322	-38.924103	-43.288903	0.904061	continued:5	131504586847961235687181874578063117114329409897647623619241560935125066908876631867479597863393264	3374972171141	1,0,0,0,0,0,0,0,0,0	2,0,0,0,0,0,0	ok
-1.983486	-38.924103	-43.565526	0.901808	continued:5	131504586847961235687181874578063117114329409897647623619241560935125066908876631867479597863393264	2607182	1,0,0,0,0,0,0,0,0,0	2,0,0,0,0,0	ok
-1.980651	-38.924103	-43.855400	0.899684	continued:5	131504586847961235687181874578063117114329409897647623619241560935125066908876631867479597863393264	131504586847961235687181874578063117114329409897712493849541250480330749056765651345862728917583522	1,0,0,0,0,0,0,0,0,0	3,0,0,0,0,0,0,0,0,0	ok
-1.977815	-38.924103	-44.159820	0.897894	continued:5	131504586847961235687181874578063117114329409897647623619241560935125066908876631867479597863393264	131504586847961235687181874578063117114329409897712493849541250480330749056765651345862728917583522	1,0,0,0,0,0,0,0,0,0	3,0,0,0,0,0,0,0,0,0	ok
-1.974979	-38.924103	-44.477185	0.896438	continued:5	131504586847961235687181874578063117114329409897647623619241560935125066908876631867479597863393264	131504586847961235687181874578063117114329409897712493849541250480330749056765651345862728917583522	1,0,0,0,0,0,0,0,0,0	3,0,0,0,0,0,0,0,0,0	ok
-1.972143	-38.924103	-44.805584	0.895188	continued:5	131504586847961235687181874578063117114329409897647623619241560935125066908876631867479597863393264	131504586847961235687181874578063117114329409897712493849541250480330749056765651345862728917583522	1,0,0,0,0,0,0,0,0,0	3,0,0,0,0,0,0,0,0,0	ok
-1.969308	-38.924103	-45.144012	0.894353	continued:5	131504586847961235687181874578063117114329409897647623619241560935125066908876631867479597863393264	5695183504512863799936645	1,0,0,0,0,0,0,0,0,0	3,0,0,0,0,0,0,0	ok
-1.966472	-38.924103	-45.488646	0.893979	continued:5	131504586847961235687181874578063117114329409897647623619241560935125066908876631867479597863393264	5695183504512863799936645	1,0,0,0,0,0,0,0,0,0	3,0,0,0,0,0,0,0	ok
-1.963636	-38.924103	-45.834725	0.893605	full	131504586847961235687181874578063117114329409897647623619241560935125066908876631867479597863393264	131504586847961235687181874578063117114329409897712493849541250480330749056765651345862728917583522	1,0,0,0,0,0,0,0,0,0	3,0,0,0,0,0,0,0,0,0	ok
-1.960801	-38.924103	-42.546069	0.908694	continued:5	131504586847961235687181874578063117114329409897647623619241560935125066908876631867479597863393264	5695183504512863799936645	1,0,0,0,0,0,0,0,0,0	3,0,0,0,0,0,0,0	ok
-1.957965	-38.924103	-42.799017	0.905901	continued:5	131504586847961235687181874578063117114329409897647623619241560935125066908876631867479597863393264	131504586847961235687181874578063117114329409897712493849541250480330749056765651345862728917583522	1,0,0,0,0,0,0,0,0,0	3,0,0,0,0,0,0,0,0,0	ok
-1.955129	-38.924103	-43.059381	0.903235	continued:5	131504586847961235687181874578063117114329409897647623619241560935125066908876631867479597863393264	16217557574922386301420571143355896551466939127249	1,0,0,0,0,0,0,0,0,0	3,0,0,0,0,0,0,0,0	ok
-1.952294	-38.924103	-43.330084	0.900570	continued:5	131504586847961235687181874578063117114329409897647623619241560935125066908876631867479597863393264	131504586847961235687181874578063117114329409897712493849541250480330749056765651345862728917583522	1,0,0,0,0,0,0,0,0,0	3,0,0,0,0,0,0,0,0,0	ok
-1.949458	-38.924103	-43.614957	0.898317	continued:5	131504586847961235687181874578063117114329409897647623619241560935125066908876631867479597863393264	16217557574922386301420571143355896551466939127249	1,0,0,0,0,0,0,0,0,0	3,0,0,0,0,0,0,0,0	ok
-1.946622	-38.924103	-43.911984	0.896193	continued:5	131504586847961235687181874578063117114329409897647623619241560935125066908876631867479597863393264	16217557574922386301420571143355896551466939127249	1,0,0,0,0,0,0,0,0,0	3,0,0,0,0,0,0,0,0	ok
-1.943786	-38.924103	-44.222561	0.894275	continued:5	131504586847961235687181874578063117114329409897647623619241560935125066908876631867479597863393264	3374979965339	1,0,0,0,0,0,0,0,0,0	-4,0,0,0,0,0,0	ok
-1.940951	-38.924103	-44.546557	0.892819	continued:5	131504586847961235687181874578063117114329409897647623619241560935125066908876631867479597863393264	3374982563407	1,0,0,0,0,0,0,0,0,0	4,0,0,0,0,0,0	ok
-1.938115	-38.924103	-44.880473	0.891570	continued:5	131504586847961235687181874578063117114329409897647623619241560935125066908876631867479597863393264	3374982563407	1,0,0,0,0,0,0,0,0,0	4,0,0,0,0,0,0	ok
-1.935279	-38.924103	-45.223197	0.890734	continued:5	131504586847961235687181874578063117114329409897647623619241560935125066908876631867479597863393264	2616320	1,0,0,0,0,0,0,0,0,0	4,0,0,0,0,0	ok
-1.932444	-38.924103	-45.570786	0.890360	continued:5	131504586847961235687181874578063117114329409897647623619241560935125066908876631867479597863393264	2616320	1,0,0,0,0,0,0,0,0,0	4,0,0,0,0,0	ok
-1.929608	-38.924103	-45.918361	0.889986	full	131504586847961235687181874578063117114329409897647623619241560935125066908876631867479597863393264	2616320	1,0,0,0,0,0,0,0,0,0	4,0,0,0,0,0	ok
-1.926772	-38.924103	-42.809088	0.902750	continued:5	131504586847961235687181874578063117114329409897647623619241560935125066908876631867479597863393264	2616320	1,0,0,0,0,0,0,0,0,0	4,0,0,0,0,0	ok
-1.923937	-38.924103	-43.079995	0.900084	continued:5	131504586847961235687181874578063117114329409897647623619241560935125066908876631867479597863393264	3374982563407	1,0,0,0,0,0,0,0,0,0	4,0,0,0,0,0,0	ok
-1.921101	-38.924103	-43.359327	0.897418	continued:5	131504586847961235687181874578063117114329409897647623619241560935125066908876631867479597863393264	3374982563407	1,0,0,0,0,0,0,0,0,0	4,0,0,0,0,0,0	ok
-1.918265	-38.924103	-43.651407	0.895087	continued:5	131504586847961235687181874578063117114329409897647623619241560935125066908876631867479597863393264	2620895	1,0,0,0,0,0,0,0,0,0	5,0,0,0,0,0	ok
-1.915430	-38.924103	-43.955455	0.892835	continued:5	131504586847961235687181874578063117114329409897647623619241560935125066908876631867479597863393264	2620895	1,0,0,0,0,0,0,0,0,0	5,0,0,0,0,0	ok
-1.912594	-38.924103	-44.273471	0.890917	continued:5	131504586847961235687181874578063117114329409897647623619241560935125066908876631867479597863393264	2620895	1,0,0,0,0,0,0,0,0,0	5,0,0,0,0,0	ok
-1.909758	-38.924103	-44.603774	0.889461	continued:5	131504586847961235687181874578063117114329409897647623619241560935125066908876631867479597863393264	3374987759546	1,0,0,0,0,0,0,0,0,0	5,0,0,0,0,0,0	ok
-1.906922	-38.924103	-44.942862	0.888212	continued:5	131504586847961235687181874578063117114329409897647623619241560935125066908876631867479597863393264	2620895	1,0,0,0,0,0,0,0,0,0	5,0,0,0,0,0	ok
-1.904087	-38.924103	-45.289559	0.887376	continued:5	131504586847961235687181874578063117114329409897647623619241560935125066908876631867479597863393264	2993	1,0,0,0,0,0,0,0,0,0	5,0,0,0,0	ok
-1.901251	-38.924103	-45.639832	0.887002	continued:5	131504586847961235687181874578063117114329409897647623619241560935125066908876631867479597863393264	5695183504533113570610048	1,0,0,0,0,0,0,0,0,0	6,0,0,0,0,0,0,0	ok
-1.898415	-38.924103	-45.988723	0.886628	full	131504586847961235687181874578063117114329409897647623619241560935125066908876631867479597863393264	2625474	1,0,0,0,0,0,0,0,0,0	6,0,0,0,0,0	ok
-1.895580	-38.924103								error: T SSCS does not start with ±1: [2, 0, 0, 0, 0, 0, 0, 0, 0, 0]
-1.892744	-38.924103	-42.868880	0.899042	continued:5	131504586847961235687181874578063117114329409897647623619241560935125066908876631867479597863393264	3148	1,0,0,0,0,0,0,0,0,0	6,0,0,0,0	ok
-1.889908	-38.924103	-43.149766	0.896249	continued:5	131504586847961235687181874578063117114329409897647623619241560935125066908876631867479597863393264	2630057	1,0,0,0,0,0,0,0,0,0	7,0,0,0,0,0	ok
-1.887073	-38.924103	-43.439797	0.893584	continued:5	131504586847961235687181874578063117114329409897647623619241560935125066908876631867479597863393264	2630057	1,0,0,0,0,0,0,0,0,0	7,0,0,0,0,0	ok
-1.884237	-38.924103	-43.741683	0.891125	continued:5	131504586847961235687181874578063117114329409897647623619241560935125066908876631867479597863393264	3307	1,0,0,0,0,0,0,0,0,0	7,0,0,0,0	ok
-1.881401	-38.924103	-44.056339	0.889000	continued:5	131504586847961235687181874578063117114329409897647623619241560935125066908876631867479597863393264	3470	1,0,0,0,0,0,0,0,0,0	8,0,0,0,0	ok
-1.878565	-38.924103	-44.382594	0.887082	continued:5	131504586847961235687181874578063117114329409897647623619241560935125066908876631867479597863393264	3375003347987	1,0,0,0,0,0,0,0,0,0	8,0,0,0,0,0,0	ok
-1.875730	-38.924103	-44.720278	0.885626	continued:5	131504586847961235687181874578063117114329409897647623619241560935125066908876631867479597863393264	3470	1,0,0,0,0,0,0,0,0,0	8,0,0,0,0	ok
-1.872894	-38.924103	-45.065723	0.884377	continued:5	131504586847961235687181874578063117114329409897647623619241560935125066908876631867479597863393264	3637	1,0,0,0,0,0,0,0,0,0	9,0,0,0,0	ok
-1.870058	-38.924103	-45.417516	0.883669	continued:5	131504586847961235687181874578063117114329409897647623619241560935125066908876631867479597863393264	2639235	1,0,0,0,0,0,0,0,0,0	9,0,0,0,0,0	ok
-1.867223	-38.924103	-45.770121	0.883295	continued:5	131504586847961235687181874578063117114329409897647623619241560935125066908876631867479597863393264	3808	1,0,0,0,0,0,0,0,0,0	10,0,0,0,0	ok
-1.864387	-38.924103	-46.119735	0.882587	full	131504586847961235687181874578063117114329409897647623619241560935125066908876631867479597863393264	3808	1,0,0,0,0,0,0,0,0,0	10,0,0,0,0	ok
-1.861551	-38.924103	-40.911811	0.869764	continued:5	131504586847961235687181874578063117114329409897647623619241560935125066908876631867479597863393264	3895	1,0,0,0,0,0,0,0,0,0	-11,0,0,0,0	ok
-1.858716	-38.924103	-42.178048	0.866971	continued:5	131504586847961235687181874578063117114329409897647623619241560935125066908876631867479597863393264	3983	1,0,0,0,0,0,0,0,0,0	11,0,0,0,0	ok
-1.855880	-38.924103	-42.997001	0.864177	continued:5	131504586847961235687181874578063117114329409897647623619241560935125066908876631867479597863393264	3983	1,0,0,0,0,0,0,0,0,0	11,0,0,0,0	ok
-1.853044	-38.924103	-43.693926	0.861384	continued:5	131504586847961235687181874578063117114329409897647623619241560935125066908876631867479597863393264	4162	1,0,0,0,0,0,0,0,0,0	12,0,0,0,0	ok
-1.850209	-38.924103	-44.345352	0.858591	continued:5	131504586847961235687181874578063117114329409897647623619241560935125066908876631867479597863393264	4162	1,0,0,0,0,0,0,0,0,0	12,0,0,0,0	ok
-1.847373	-38.924103	-44.980828	0.856466	continued:5	131504586847961235687181874578063117114329409897647623619241560935125066908876631867479597863393264	4162	1,0,0,0,0,0,0,0,0,0	12,0,0,0,0	ok
-1.844537	-38.924103	-45.605069	0.858797	continued:5	131504586847961235687181874578063117114329409897647623619241560935125066908876631867479597863393264	4162	1,0,0,0,0,0,0,0,0,0	12,0,0,0,0	ok
-1.841701	-38.924103								error: T SSCS does not start with ±1: [2, 0, 0, 0, 0, 0, 0, 0, 0, 0]
-1.838866	-38.924103	-46.177250	0.858089	continued:5	131504586847961235687181874578063117114329409897647623619241560935125066908876631867479597863393264	4345	1,0,0,0,0,0,0,0,0,0	13,0,0,0,0	ok
-1.836030	-38.924103								error: T SSCS does not start with ±1: [2, 0, 0, 0, 0, 0, 0, 0, 0, 0]
-1.833194	-38.924103								error: T SSCS does not start with ±1: [2, 0, 0, 0, 0, 0, 0, 0, 0, 0]
-1.830359	-38.924103								error: T SSCS does not start with ±1: [2, 0, 0, 0, 0, 0, 0, 0, 0, 0]
-1.827523	-38.924103	-46.728816	0.857381	full	131504586847961235687181874578063117114329409897647623619241560935125066908876631867479597863393264	4345	1,0,0,0,0,0,0,0,0,0	13,0,0,0,0	ok
-1.824687	-38.924103								error: T SSCS does not start with ±1: [-2, 0, 0, 0, 0, 0, 0, 0, 0, 0]
-1.821852	-38.924103								error: T SSCS does not start with ±1: [2, 0, 0, 0, 0, 0, 0, 0, 0, 0]
-1.819016	-38.924103								error: T SSCS does not start with ±1: [2, 0, 0, 0, 0, 0, 0, 0, 0, 0]
-1.816180	-38.924103								error: T SSCS does not start with ±1: [2, 0, 0, 0, 0, 0, 0, 0, 0, 0]
-1.813344	-38.924103								error: T SSCS does not start with ±1: [2, 0, 0, 0, 0, 0, 0, 0, 0, 0]
-1.810509	-38.924103								error: T SSCS does not start with ±1: [2, 0, 0, 0, 0, 0, 0, 0, 0, 0]
-1.807673	-38.924103								error: T SSCS does not start with ±1: [2, 0, 0, 0, 0, 0, 0, 0, 0, 0]
-1.804837	-38.924103	-43.132099	0.888064	continued:5	131504586847961235687181874578063117114329409897647623619241560935125066908876631867479597863393264	4532	1,0,0,0,0,0,0,0,0,0	14,0,0,0,0	ok
-1.802002	-38.924103	-43.445464	0.885271	continued:5	131504586847961235687181874578063117114329409897647623619241560935125066908876631867479597863393264	4532	1,0,0,0,0,0,0,0,0,0	14,0,0,0,0	ok
-1.799166	-38.924103	-43.766691	0.882605	continued:5	131504586847961235687181874578063117114329409897647623619241560935125066908876631867479597863393264	4532	1,0,0,0,0,0,0,0,0,0	14,0,0,0,0	ok
-1.796330	-38.924103	-44.098628	0.880146	continued:5	131504586847961235687181874578063117114329409897647623619241560935125066908876631867479597863393264	4532	1,0,0,0,0,0,0,0,0,0	14,0,0,0,0	ok
-1.793495	-38.924103	-44.441997	0.878228	continued:5	131504586847961235687181874578063117114329409897647623619241560935125066908876631867479597863393264	4532	1,0,0,0,0,0,0,0,0,0	14,0,0,0,0	ok
-1.790659	-38.924103	-44.792861	0.876438	continued:5	131504586847961235687181874578063117114329409897647623619241560935125066908876631867479597863393264	4532	1,0,0,0,0,0,0,0,0,0	14,0,0,0,0	ok
-1.787823	-38.924103	-45.151407	0.875189	continued:5	131504586847961235687181874578063117114329409897647623619241560935125066908876631867479597863393264	4532	1,0,0,0,0,0,0,0,0,0	14,0,0,0,0	ok
-1.784987	-38.924103	-45.512490	0.874274	continued:5	131504586847961235687181874578063117114329409897647623619241560935125066908876631867479597863393264	4532	1,0,0,0,0,0,0,0,0,0	14,0,0,0,0	ok
-1.782152	-38.924103	-45.872693	0.873900	continued:5	131504586847961235687181874578063117114329409897647623619241560935125066908876631867479597863393264	4532	1,0,0,0,0,0,0,0,0,0	14,0,0,0,0	ok
-1.779316	-38.924103	-46.226086	0.873526	full	131504586847961235687181874578063117114329409897647623619241560935125066908876631867479597863393264	4532	1,0,0,0,0,0,0,0,0,0	14,0,0,0,0	ok
-1.776480	-38.924103	-43.161716	0.884895	continued:5	131504586847961235687181874578063117114329409897647623619241560935125066908876631867479597863393264	4532	1,0,0,0,0,0,0,0,0,0	14,0,0,0,0	ok
-1.773645	-38.924103	-43.485402	0.882102	continued:5	131504586847961235687181874578063117114329409897647623619241560935125066908876631867479597863393264	4532	1,0,0,0,0,0,0,0,0,0	14,0,0,0,0	ok
-1.770809	-38.924103	-43.815371	0.879436	continued:5	131504586847961235687181874578063117114329409897647623619241560935125066908876631867479597863393264	4532	1,0,0,0,0,0,0,0,0,0	14,0,0,0,0	ok
-1.767973	-38.924103	-44.154802	0.876977	continued:5	131504586847961235687181874578063117114329409897647623619241560935125066908876631867479597863393264	4532	1,0,0,0,0,0,0,0,0,0	14,0,0,0,0	ok
-1.765138	-38.924103	-44.504549	0.875059	continued:5	131504586847961235687181874578063117114329409897647623619241560935125066908876631867479597863393264	4532	1,0,0,0,0,0,0,0,0,0	14,0,0,0,0	ok
-1.762302	-38.924103	-44.860702	0.873269	continued:5	131504586847961235687181874578063117114329409897647623619241560935125066908876631867479597863393264	4532	1,0,0,0,0,0,0,0,0,0	14,0,0,0,0	ok
-1.759466	-38.924103	-45.223385	0.872020	continued:5	131504586847961235687181874578063117114329409897647623619241560935125066908876631867479597863393264	4532	1,0,0,0,0,0,0,0,0,0	14,0,0,0,0	ok
-1.756631	-38.924103	-45.587375	0.871105	continued:5	131504586847961235687181874578063117114329409897647623619241560935125066908876631867479597863393264	4532	1,0,0,0,0,0,0,0,0,0	14,0,0,0,0	ok
-1.753795	-38.924103	-45.949172	0.870731	continued:5	131504586847961235687181874578063117114329409897647623619241560935125066908876631867479597863393264	4532	1,0,0,0,0,0,0,0,0,0	14,0,0,0,0	ok
-1.750959	-38.924103	-46.302801	0.870357	full	131504586847961235687181874578063117114329409897647623619241560935125066908876631867479597863393264	4532	1,0,0,0,0,0,0,0,0,0	14,0,0,0,0	ok
-1.748123	-38.924103	-43.504187	0.879365	continued:5	131504586847961235687181874578063117114329409897647623619241560935125066908876631867479597863393264	4532	1,0,0,0,0,0,0,0,0,0	14,0,0,0,0	ok
-1.745288	-38.924103	-43.841679	0.876699	continued:5	131504586847961235687181874578063117114329409897647623619241560935125066908876631867479597863393264	4532	1,0,0,0,0,0,0,0,0,0	14,0,0,0,0	ok
-1.742452	-38.924103	-44.187248	0.874240	continued:5	131504586847961235687181874578063117114329409897647623619241560935125066908876631867479597863393264	4532	1,0,0,0,0,0,0,0,0,0	14,0,0,0,0	ok
-1.739616	-38.924103	-44.541946	0.872115	continued:5	131504586847961235687181874578063117114329409897647623619241560935125066908876631867479597863393264	4532	1,0,0,0,0,0,0,0,0,0	14,0,0,0,0	ok
-1.736781	-38.924103	-44.904256	0.870532	continued:5	131504586847961235687181874578063117114329409897647623619241560935125066908876631867479597863393264	4532	1,0,0,0,0,0,0,0,0,0	14,0,0,0,0	ok
-1.733945	-38.924103	-45.269629	0.869155	continued:5	131504586847961235687181874578063117114329409897647623619241560935125066908876631867479597863393264	4532	1,0,0,0,0,0,0,0,0,0	14,0,0,0,0	ok
-1.731109	-38.924103	-45.636525	0.868240	continued:5	131504586847961235687181874578063117114329409897647623619241560935125066908876631867479597863393264	4532	1,0,0,0,0,0,0,0,0,0	14,0,0,0,0	ok
-1.728274	-38.924103	-46.000019	0.867866	continued:5	131504586847961235687181874578063117114329409897647623619241560935125066908876631867479597863393264	4532	1,0,0,0,0,0,0,0,0,0	14,0,0,0,0	ok
-1.725438	-38.924103	-46.354139	0.867492	full	131504586847961235687181874578063117114329409897647623619241560935125066908876631867479597863393264	4532	1,0,0,0,0,0,0,0,0,0	14,0,0,0,0	ok
-1.722602	-38.924103	-43.525438	0.876692	continued:5	131504586847961235687181874578063117114329409897647623619241560935125066908876631867479597863393264	4532	1,0,0,0,0,0,0,0,0,0	14,0,0,0,0	ok
-1.719766	-38.924103	-43.869360	0.873899	continued:5	131504586847961235687181874578063117114329409897647623619241560935125066908876631867479597863393264	4532	1,0,0,0,0,0,0,0,0,0	14,0,0,0,0	ok
-1.716931	-38.924103	-44.221619	0.871568	continued:5	131504586847961235687181874578063117114329409897647623619241560935125066908876631867479597863393264	4532	1,0,0,0,0,0,0,0,0,0	14,0,0,0,0	ok
-1.714095	-38.924103	-44.580278	0.869443	continued:5	131504586847961235687181874578063117114329409897647623619241560935125066908876631867479597863393264	4532	1,0,0,0,0,0,0,0,0,0	14,0,0,0,0	ok
-1.711259	-38.924103	-44.945503	0.867653	continued:5	131504586847961235687181874578063117114329409897647623619241560935125066908876631867479597863393264	4532	1,0,0,0,0,0,0,0,0,0	14,0,0,0,0	ok
-1.708424	-38.924103	-45.314954	0.866276	continued:5	131504586847961235687181874578063117114329409897647623619241560935125066908876631867479597863393264	4532	1,0,0,0,0,0,0,0,0,0	14,0,0,0,0	ok
-1.705588	-38.924103	-45.684708	0.865361	continued:5	131504586847961235687181874578063117114329409897647623619241560935125066908876631867479597863393264	4532	1,0,0,0,0,0,0,0,0,0	14,0,0,0,0	ok
-1.702752	-38.924103	-46.049833	0.864987	continued:5	131504586847961235687181874578063117114329409897647623619241560935125066908876631867479597863393264	4532	1,0,0,0,0,0,0,0,0,0	14,0,0,0,0	ok
-1.699917	-38.924103	-46.404373	0.864613	full	131504586847961235687181874578063117114329409897647623619241560935125066908876631867479597863393264	4532	1,0,0,0,0,0,0,0,0,0	14,0,0,0,0	ok
-1.697081	-38.924103	-43.540055	0.873930	continued:5	131504586847961235687181874578063117114329409897647623619241560935125066908876631867479597863393264	4532	1,0,0,0,0,0,0,0,0,0	14,0,0,0,0	ok
-1.694245	-38.924103	-43.891966	0.871136	continued:5	131504586847961235687181874578063117114329409897647623619241560935125066908876631867479597863393264	4532	1,0,0,0,0,0,0,0,0,0	14,0,0,0,0	ok
-1.691410	-38.924103	-44.250648	0.868677	continued:5	131504586847961235687181874578063117114329409897647623619241560935125066908876631867479597863393264	4532	1,0,0,0,0,0,0,0,0,0	14,0,0,0,0	ok
-1.688574	-38.924103	-44.615895	0.866553	continued:5	131504586847961235687181874578063117114329409897647623619241560935125066908876631867479597863393264	4532	1,0,0,0,0,0,0,0,0,0	14,0,0,0,0	ok
-1.685738	-38.924103	-44.986393	0.864763	continued:5	131504586847961235687181874578063117114329409897647623619241560935125066908876631867479597863393264	4532	1,0,0,0,0,0,0,0,0,0	14,0,0,0,0	ok
-1.682902	-38.924103	-45.359862	0.863386	continued:5	131504586847961235687181874578063117114329409897647623619241560935125066908876631867479597863393264	4532	1,0,0,0,0,0,0,0,0,0	14,0,0,0,0	ok
-1.680067	-38.924103	-45.732390	0.862471	continued:5	131504586847961235687181874578063117114329409897647623619241560935125066908876631867479597863393264	4532	1,0,0,0,0,0,0,0,0,0	14,0,0,0,0	ok
-1.677231	-38.924103	-46.099049	0.862097	continued:5	131504586847961235687181874578063117114329409897647623619241560935125066908876631867479597863393264	4532	1,0,0,0,0,0,0,0,0,0	14,0,0,0,0	ok
-1.674395	-38.924103	-46.453908	0.861723	full	131504586847961235687181874578063117114329409897647623619241560935125066908876631867479597863393264	4532	1,0,0,0,0,0,0,0,0,0	14,0,0,0,0	ok
-1.671560	-38.924103	-43.557396	0.871158	continued:5	131504586847961235687181874578063117114329409897647623619241560935125066908876631867479597863393264	4532	1,0,0,0,0,0,0,0,0,0	14,0,0,0,0	ok
-1.668724	-38.924103	-43.917130	0.868365	continued:5	131504586847961235687181874578063117114329409897647623619241560935125066908876631867479597863393264	4532	1,0,0,0,0,0,0,0,0,0	14,0,0,0,0	ok
-1.665888	-38.924103	-44.282084	0.865906	continued:5	131504586847961235687181874578063117114329409897647623619241560935125066908876631867479597863393264	4532	1,0,0,0,0,0,0,0,0,0	14,0,0,0,0	ok
-1.663053	-38.924103	-44.652298	0.863781	continued:5	131504586847961235687181874578063117114329409897647623619241560935125066908876631867479597863393264	4532	1,0,0,0,0,0,0,0,0,0	14,0,0,0,0	ok
-1.660217	-38.924103	-45.026561	0.861991	continued:5	131504586847961235687181874578063117114329409897647623619241560935125066908876631867479597863393264	4532	1,0,0,0,0,0,0,0,0,0	14,0,0,0,0	ok
-1.657381	-38.924103	-45.402627	0.860614	continued:5	131504586847961235687181874578063117114329409897647623619241560935125066908876631867479597863393264	4532	1,0,0,0,0,0,0,0,0,0	14,0,0,0,0	ok
-1.654545	-38.924103	-45.776588	0.859571	continued:5	131504586847961235687181874578063117114329409897647623619241560935125066908876631867479597863393264	4532	1,0,0,0,0,0,0,0,0,0	14,0,0,0,0	ok
-1.651710	-38.924103	-46.144783	0.859197	continued:5	131504586847961235687181874578063117114329409897647623619241560935125066908876631867479597863393264	4532	1,0,0,0,0,0,0,0,0,0	14,0,0,0,0	ok
-1.648874	-38.924103	-46.499967	0.858824	full	131504586847961235687181874578063117114329409897647623619241560935125066908876631867479597863393264	4532	1,0,0,0,0,0,0,0,0,0	14,0,0,0,0	ok
-1.646038	-38.924103	-43.575242	0.868378	continued:5	131504586847961235687181874578063117114329409897647623619241560935125066908876631867479597863393264	4532	1,0,0,0,0,0,0,0,0,0	14,0,0,0,0	ok
-1.643203	-38.924103	-43.942777	0.865585	continued:5	131504586847961235687181874578063117114329409897647623619241560935125066908876631867479597863393264	4532	1,0,0,0,0,0,0,0,0,0	14,0,0,0,0	ok
-1.640367	-38.924103	-44.313953	0.863126	continued:5	131504586847961235687181874578063117114329409897647623619241560935125066908876631867479597863393264	4532	1,0,0,0,0,0,0,0,0,0	14,0,0,0,0	ok
-1.637531	-38.924103	-44.689060	0.860874	continued:5	131504586847961235687181874578063117114329409897647623619241560935125066908876631867479597863393264	4532	1,0,0,0,0,0,0,0,0,0	14,0,0,0,0	ok
-1.634696	-38.924103	-45.068411	0.859084	continued:5	131504586847961235687181874578063117114329409897647623619241560935125066908876631867479597863393264	4532	1,0,0,0,0,0,0,0,0,0	14,0,0,0,0	ok
-1.631860	-38.924103	-45.448269	0.857707	continued:5	131504586847961235687181874578063117114329409897647623619241560935125066908876631867479597863393264	4532	1,0,0,0,0,0,0,0,0,0	14,0,0,0,0	ok
-1.629024	-38.924103	-45.824747	0.856664	continued:5	131504586847961235687181874578063117114329409897647623619241560935125066908876631867479597863393264	4532	1,0,0,0,0,0,0,0,0,0	14,0,0,0,0	ok
-1.626188	-38.924103	-46.194205	0.856290	continued:5	131504586847961235687181874578063117114329409897647623619241560935125066908876631867479597863393264	4532	1,0,0,0,0,0,0,0,0,0	14,0,0,0,0	ok
-1.623353	-38.924103	-46.549434	0.855916	full	131504586847961235687181874578063117114329409897647623619241560935125066908876631867479597863393264	4532	1,0,0,0,0,0,0,0,0,0	14,0,0,0,0	ok
-1.620517	-38.924103	-43.968846	0.863200	continued:5	131504586847961235687181874578063117114329409897647623619241560935125066908876631867479597863393264	4532	1,0,0,0,0,0,0,0,0,0	14,0,0,0,0	ok
-1.617681	-38.924103	-44.344211	0.860534	continued:5	131504586847961235687181874578063117114329409897647623619241560935125066908876631867479597863393264	4532	1,0,0,0,0,0,0,0,0,0	14,0,0,0,0	ok
-1.614846	-38.924103	-44.724843	0.858409	continued:5	131504586847961235687181874578063117114329409897647623619241560935125066908876631867479597863393264	4532	1,0,0,0,0,0,0,0,0,0	14,0,0,0,0	ok
-1.612010	-38.924103	-45.107108	0.856491	continued:5	131504586847961235687181874578063117114329409897647623619241560935125066908876631867479597863393264	4532	1,0,0,0,0,0,0,0,0,0	14,0,0,0,0	ok
-1.609174	-38.924103	-45.490199	0.855114	continued:5	131504586847961235687181874578063117114329409897647623619241560935125066908876631867479597863393264	4532	1,0,0,0,0,0,0,0,0,0	14,0,0,0,0	ok
-1.606339	-38.924103	-45.868769	0.854200	continued:5	131504586847961235687181874578063117114329409897647623619241560935125066908876631867479597863393264	4532	1,0,0,0,0,0,0,0,0,0	14,0,0,0,0	ok
-1.603503	-38.924103	-46.237942	0.853698	continued:5	131504586847961235687181874578063117114329409897647623619241560935125066908876631867479597863393264	4532	1,0,0,0,0,0,0,0,0,0	14,0,0,0,0	ok
-1.600667	-38.924103	-46.593115	0.853324	full	131504586847961235687181874578063117114329409897647623619241560935125066908876631867479597863393264	4532	1,0,0,0,0,0,0,0,0,0	14,0,0,0,0	ok
-1.597832	-38.924103	-43.993967	0.860760	continued:5	131504586847961235687181874578063117114329409897647623619241560935125066908876631867479597863393264	4532	1,0,0,0,0,0,0,0,0,0	14,0,0,0,0	ok
-1.594996	-38.924103	-44.374132	0.858095	continued:5	131504586847961235687181874578063117114329409897647623619241560935125066908876631867479597863393264	4532	1,0,0,0,0,0,0,0,0,0	14,0,0,0,0	ok
-1.592160	-38.924103	-44.758427	0.855764	continued:5	131504586847961235687181874578063117114329409897647623619241560935125066908876631867479597863393264	4532	1,0,0,0,0,0,0,0,0,0	14,0,0,0,0	ok
-1.589324	-38.924103	-45.145576	0.853973	continued:5	131504586847961235687181874578063117114329409897647623619241560935125066908876631867479597863393264	4532	1,0,0,0,0,0,0,0,0,0	14,0,0,0,0	ok
-1.586489	-38.924103	-45.530968	0.852517	continued:5	131504586847961235687181874578063117114329409897647623619241560935125066908876631867479597863393264	4532	1,0,0,0,0,0,0,0,0,0	14,0,0,0,0	ok
-1.583653	-38.924103	-45.911560	0.851603	continued:5	131504586847961235687181874578063117114329409897647623619241560935125066908876631867479597863393264	4532	1,0,0,0,0,0,0,0,0,0	14,0,0,0,0	ok
-1.580817	-38.924103	-46.281630	0.851101	continued:5	131504586847961235687181874578063117114329409897647623619241560935125066908876631867479597863393264	4532	1,0,0,0,0,0,0,0,0,0	14,0,0,0,0	ok
-1.577982	-38.924103	-46.636627	0.850727	full	131504586847961235687181874578063117114329409897647623619241560935125066908876631867479597863393264	4532	1,0,0,0,0,0,0,0,0,0	14,0,0,0,0	ok
-1.575146	-38.924103	-44.018112	0.858206	continued:5	131504586847961235687181874578063117114329409897647623619241560935125066908876631867479597863393264	4532	1,0,0,0,0,0,0,0,0,0	14,0,0,0,0	ok
-1.572310	-38.924103	-44.404430	0.855541	continued:5	131504586847961235687181874578063117114329409897647623619241560935125066908876631867479597863393264	4532	1,0,0,0,0,0,0,0,0,0	14,0,0,0,0	ok
-1.569475	-38.924103	-44.793573	0.853289	continued:5	131504586847961235687181874578063117114329409897647623619241560935125066908876631867479597863393264	4532	1,0,0,0,0,0,0,0,0,0	14,0,0,0,0	ok
-1.566639	-38.924103	-45.183510	0.851371	continued:5	131504586847961235687181874578063117114329409897647623619241560935125066908876631867479597863393264	4532	1,0,0,0,0,0,0,0,0,0	14,0,0,0,0	ok
-1.563803	-38.924103	-45.571977	0.849915	continued:5	131504586847961235687181874578063117114329409897647623619241560935125066908876631867479597863393264	4532	1,0,0,0,0,0,0,0,0,0	14,0,0,0,0	ok
-1.560967	-38.924103	-45.954478	0.849000	continued:5	131504586847961235687181874578063117114329409897647623619241560935125066908876631867479597863393264	4532	1,0,0,0,0,0,0,0,0,0	14,0,0,0,0	ok
-1.558132	-38.924103	-46.325330	0.848498	continued:5	131504586847961235687181874578063117114329409897647623619241560935125066908876631867479597863393264	4532	1,0,0,0,0,0,0,0,0,0	14,0,0,0,0	ok
-1.555296	-38.924103	-46.680040	0.848124	full	131504586847961235687181874578063117114329409897647623619241560935125066908876631867479597863393264	4532	1,0,0,0,0,0,0,0,0,0	14,0,0,0,0	ok
-1.552460	-38.924103	-44.041944	0.855676	continued:5	131504586847961235687181874578063117114329409897647623619241560935125066908876631867479597863393264	4532	1,0,0,0,0,0,0,0,0,0	14,0,0,0,0	ok
-1.549625	-38.924103	-44.434061	0.853011	continued:5	131504586847961235687181874578063117114329409897647623619241560935125066908876631867479597863393264	4532	1,0,0,0,0,0,0,0,0,0	14,0,0,0,0	ok
-1.546789	-38.924103	-44.827703	0.850679	continued:5	131504586847961235687181874578063117114329409897647623619241560935125066908876631867479597863393264	4532	1,0,0,0,0,0,0,0,0,0	14,0,0,0,0	ok
-1.543953	-38.924103	-45.221826	0.848761	continued:5	131504586847961235687181874578063117114329409897647623619241560935125066908876631867479597863393264	4532	1,0,0,0,0,0,0,0,0,0	14,0,0,0,0	ok
-1.541118	-38.924103	-45.613266	0.847305	continued:5	131504586847961235687181874578063117114329409897647623619241560935125066908876631867479597863393264	4532	1,0,0,0,0,0,0,0,0,0	14,0,0,0,0	ok
-1.538282	-38.924103	-45.997569	0.846391	continued:5	131504586847961235687181874578063117114329409897647623619241560935125066908876631867479597863393264	4532	1,0,0,0,0,0,0,0,0,0	14,0,0,0,0	ok
-1.535446	-38.924103	-46.369091	0.845889	continued:5	131504586847961235687181874578063117114329409897647623619241560935125066908876631867479597863393264	4532	1,0,0,0,0,0,0,0,0,0	14,0,0,0,0	ok
-1.532611	-38.924103	-46.723408	0.845515	full	131504586847961235687181874578063117114329409897647623619241560935125066908876631867479597863393264	4532	1,0,0,0,0,0,0,0,0,0	14,0,0,0,0	ok
-1.529775	-38.924103	-44.067694	0.853206	continued:5	131504586847961235687181874578063117114329409897647623619241560935125066908876631867479597863393264	4532	1,0,0,0,0,0,0,0,0,0	14,0,0,0,0	ok
-1.526939	-38.924103	-44.464658	0.850412	continued:5	131504586847961235687181874578063117114329409897647623619241560935125066908876631867479597863393264	4532	1,0,0,0,0,0,0,0,0,0	14,0,0,0,0	ok
-1.524103	-38.924103	-44.863403	0.848081	continued:5	131504586847961235687181874578063117114329409897647623619241560935125066908876631867479597863393264	4532	1,0,0,0,0,0,0,0,0,0	14,0,0,0,0	ok
-1.521268	-38.924103	-45.261367	0.846163	continued:5	131504586847961235687181874578063117114329409897647623619241560935125066908876631867479597863393264	4532	1,0,0,0,0,0,0,0,0,0	14,0,0,0,0	ok
-1.518432	-38.924103	-45.655452	0.844707	continued:5	131504586847961235687181874578063117114329409897647623619241560935125066908876631867479597863393264	4532	1,0,0,0,0,0,0,0,0,0	14,0,0,0,0	ok
-1.515596	-38.924103	-46.041238	0.843792	continued:5	131504586847961235687181874578063117114329409897647623619241560935125066908876631867479597863393264	4532	1,0,0,0,0,0,0,0,0,0	14,0,0,0,0	ok
-1.512761	-38.924103	-46.413128	0.843291	continued:5	131504586847961235687181874578063117114329409897647623619241560935125066908876631867479597863393264	4532	1,0,0,0,0,0,0,0,0,0	14,0,0,0,0	ok
-1.509925	-38.924103	-46.766770	0.842917	full	131504586847961235687181874578063117114329409897647623619241560935125066908876631867479597863393264	4532	1,0,0,0,0,0,0,0,0,0	14,0,0,0,0	ok
-1.507089	-38.924103	-44.096848	0.850632	continued:5	131504586847961235687181874578063117114329409897647623619241560935125066908876631867479597863393264	4532	1,0,0,0,0,0,0,0,0,0	14,0,0,0,0	ok
-1.504254	-38.924103	-44.499532	0.847966	continued:5	131504586847961235687181874578063117114329409897647623619241560935125066908876631867479597863393264	4532	1,0,0,0,0,0,0,0,0,0	14,0,0,0,0	ok
-1.501418	-38.924103	-44.901245	0.845507	continued:5	131504586847961235687181874578063117114329409897647623619241560935125066908876631867479597863393264	4532	1,0,0,0,0,0,0,0,0,0	14,0,0,0,0	ok
-1.498582	-38.924103	-45.302528	0.843589	continued:5	131504586847961235687181874578063117114329409897647623619241560935125066908876631867479597863393264	4532	1,0,0,0,0,0,0,0,0,0	14,0,0,0,0	ok
-1.495746	-38.924103	-45.698764	0.842212	continued:5	131504586847961235687181874578063117114329409897647623619241560935125066908876631867479597863393264	4532	1,0,0,0,0,0,0,0,0,0	14,0,0,0,0	ok
-1.492911	-38.924103	-46.084772	0.841169	continued:5	131504586847961235687181874578063117114329409897647623619241560935125066908876631867479597863393264	4532	1,0,0,0,0,0,0,0,0,0	14,0,0,0,0	ok
-1.490075	-38.924103	-46.457116	0.840668	continued:5	131504586847961235687181874578063117114329409897647623619241560935125066908876631867479597863393264	4532	1,0,0,0,0,0,0,0,0,0	14,0,0,0,0	ok
-1.487239	-38.924103	-46.810160	0.840294	full	131504586847961235687181874578063117114329409897647623619241560935125066908876631867479597863393264	4532	1,0,0,0,0,0,0,0,0,0	14,0,0,0,0	ok
-1.484404	-38.924103	-44.124535	0.848094	continued:5	131504586847961235687181874578063117114329409897647623619241560935125066908876631867479597863393264	4532	1,0,0,0,0,0,0,0,0,0	14,0,0,0,0	ok
-1.481568	-38.924103	-44.532508	0.845301	continued:5	131504586847961235687181874578063117114329409897647623619241560935125066908876631867479597863393264	4532	1,0,0,0,0,0,0,0,0,0	14,0,0,0,0	ok
-1.478732	-38.924103	-44.939683	0.842970	continued:5	131504586847961235687181874578063117114329409897647623619241560935125066908876631867479597863393264	4532	1,0,0,0,0,0,0,0,0,0	14,0,0,0,0	ok
-1.475897	-38.924103	-45.343699	0.841052	continued:5	131504586847961235687181874578063117114329409897647623619241560935125066908876631867479597863393264	4532	1,0,0,0,0,0,0,0,0,0	14,0,0,0,0	ok
-1.473061	-38.924103	-45.741542	0.839596	continued:5	131504586847961235687181874578063117114329409897647623619241560935125066908876631867479597863393264	4532	1,0,0,0,0,0,0,0,0,0	14,0,0,0,0	ok
-1.470225	-38.924103	-46.128860	0.838553	continued:5	131504586847961235687181874578063117114329409897647623619241560935125066908876631867479597863393264	4532	1,0,0,0,0,0,0,0,0,0	14,0,0,0,0	ok
-1.467389	-38.924103	-46.501397	0.838052	continued:5	131504586847961235687181874578063117114329409897647623619241560935125066908876631867479597863393264	4532	1,0,0,0,0,0,0,0,0,0	14,0,0,0,0	ok
-1.464554	-38.924103	-46.853602	0.837678	full	131504586847961235687181874578063117114329409897647623619241560935125066908876631867479597863393264	4532	1,0,0,0,0,0,0,0,0,0	14,0,0,0,0	ok
-1.461718	-38.924103	-44.154129	0.845601	continued:5	131504586847961235687181874578063117114329409897647623619241560935125066908876631867479597863393264	4532	1,0,0,0,0,0,0,0,0,0	14,0,0,0,0	ok
-1.458882	-38.924103	-44.566599	0.842808	continued:5	131504586847961235687181874578063117114329409897647623619241560935125066908876631867479597863393264	4532	1,0,0,0,0,0,0,0,0,0	14,0,0,0,0	ok
-1.456047	-38.924103	-44.977069	0.840349	continued:5	131504586847961235687181874578063117114329409897647623619241560935125066908876631867479597863393264	4532	1,0,0,0,0,0,0,0,0,0	14,0,0,0,0	ok
-1.453211	-38.924103	-45.384646	0.838431	continued:5	131504586847961235687181874578063117114329409897647623619241560935125066908876631867479597863393264	4532	1,0,0,0,0,0,0,0,0,0	14,0,0,0,0	ok
-1.450375	-38.924103	-45.784823	0.836975	continued:5	131504586847961235687181874578063117114329409897647623619241560935125066908876631867479597863393264	4532	1,0,0,0,0,0,0,0,0,0	14,0,0,0,0	ok
-1.447540	-38.924103	-46.173299	0.835933	continued:5	131504586847961235687181874578063117114329409897647623619241560935125066908876631867479597863393264	4532	1,0,0,0,0,0,0,0,0,0	14,0,0,0,0	ok
-1.444704	-38.924103	-46.545883	0.835431	continued:5	131504586847961235687181874578063117114329409897647623619241560935125066908876631867479597863393264	4532	1,0,0,0,0,0,0,0,0,0	14,0,0,0,0	ok
-1.441868	-38.924103	-46.897116	0.835057	full	131504586847961235687181874578063117114329409897647623619241560935125066908876631867479597863393264	4532	1,0,0,0,0,0,0,0,0,0	14,0,0,0,0	ok
-1.439033	-38.924103	-44.181870	0.842981	continued:5	131504586847961235687181874578063117114329409897647623619241560935125066908876631867479597863393264	4532	1,0,0,0,0,0,0,0,0,0	14,0,0,0,0	ok
-1.436197	-38.924103	-44.600406	0.840187	continued:5	131504586847961235687181874578063117114329409897647623619241560935125066908876631867479597863393264	4532	1,0,0,0,0,0,0,0,0,0	14,0,0,0,0	ok
-1.433361	-38.924103	-45.015520	0.837729	continued:5	131504586847961235687181874578063117114329409897647623619241560935125066908876631867479597863393264	4532	1,0,0,0,0,0,0,0,0,0	14,0,0,0,0	ok
-1.430525	-38.924103	-45.426449	0.835811	continued:5	131504586847961235687181874578063117114329409897647623619241560935125066908876631867479597863393264	4532	1,0,0,0,0,0,0,0,0,0	14,0,0,0,0	ok
-1.427690	-38.924103	-45.828754	0.834355	continued:5	131504586847961235687181874578063117114329409897647623619241560935125066908876631867479597863393264	4532	1,0,0,0,0,0,0,0,0,0	14,0,0,0,0	ok
-1.424854	-38.924103	-46.218189	0.833312	continued:5	131504586847961235687181874578063117114329409897647623619241560935125066908876631867479597863393264	4532	1,0,0,0,0,0,0,0,0,0	14,0,0,0,0	ok
-1.422018	-38.924103	-46.590631	0.832811	continued:5	131504586847961235687181874578063117114329409897647623619241560935125066908876631867479597863393264	4532	1,0,0,0,0,0,0,0,0,0	14,0,0,0,0	ok
-1.419183	-38.924103	-46.940720	0.832437	full	131504586847961235687181874578063117114329409897647623619241560935125066908876631867479597863393264	4532	1,0,0,0,0,0,0,0,0,0	14,0,0,0,0	ok
-1.416347	-38.924103	-44.630551	0.837888	continued:5	16217557574922386301420548362621878581010822074119	4532	1,0,0,0,0,0,0,0,0	14,0,0,0,0	ok
-1.413511	-38.924103	-45.049660	0.835429	continued:5	131504586847961235687181874578063117114329409897647623619241560935125066908876631867479597863393264	4532	1,0,0,0,0,0,0,0,0,0	14,0,0,0,0	ok
-1.410676	-38.924103	-45.463444	0.833511	continued:5	131504586847961235687181874578063117114329409897647623619241560935125066908876631867479597863393264	4532	1,0,0,0,0,0,0,0,0,0	14,0,0,0,0	ok
-1.407840	-38.924103	-45.867526	0.832055	continued:5	131504586847961235687181874578063117114329409897647623619241560935125066908876631867479597863393264	4532	1,0,0,0,0,0,0,0,0,0	14,0,0,0,0	ok
-1.405004	-38.924103	-46.257712	0.831012	continued:5	131504586847961235687181874578063117114329409897647623619241560935125066908876631867479597863393264	4532	1,0,0,0,0,0,0,0,0,0	14,0,0,0,0	ok
-1.402168	-38.924103	-46.629946	0.830511	continued:5	131504586847961235687181874578063117114329409897647623619241560935125066908876631867479597863393264	4532	1,0,0,0,0,0,0,0,0,0	14,0,0,0,0	ok
-1.399333	-38.924103	-46.978959	0.830137	full	131504586847961235687181874578063117114329409897647623619241560935125066908876631867479597863393264	4532	1,0,0,0,0,0,0,0,0,0	14,0,0,0,0	ok
-1.396497	-38.924103	-44.665731	0.835672	continued:5	131504586847961235687181874578063117114329409897647623619241560935125066908876631867479597863393264	4532	1,0,0,0,0,0,0,0,0,0	14,0,0,0,0	ok
-1.393661	-38.924103	-45.087400	0.833341	continued:5	131504586847961235687181874578063117114329409897647623619241560935125066908876631867479597863393264	4532	1,0,0,0,0,0,0,0,0,0	14,0,0,0,0	ok
-1.390826	-38.924103	-45.501383	0.831216	continued:5	131504586847961235687181874578063117114329409897647623619241560935125066908876631867479597863393264	4532	1,0,0,0,0,0,0,0,0,0	14,0,0,0,0	ok
-1.387990	-38.924103	-45.907005	0.829760	continued:5	5695183504499363952821063	4532	1,0,0,0,0,0,0,0	14,0,0,0,0	ok
-1.385154	-38.924103	-46.297718	0.828717	continued:5	16217557574922386301420548362621878581010822074119	4532	1,0,0,0,0,0,0,0,0	14,0,0,0,0	ok
-1.382319	-38.924103	-46.669535	0.828216	continued:5	131504586847961235687181874578063117114329409897647623619241560935125066908876631867479597863393264	4532	1,0,0,0,0,0,0,0,0,0	14,0,0,0,0	ok
-1.379483	-38.924103	-47.017285	0.827842	full	131504586847961235687181874578063117114329409897647623619241560935125066908876631867479597863393264	4532	1,0,0,0,0,0,0,0,0,0	14,0,0,0,0	ok
-1.376647	-38.924103	-44.698122	0.833373	continued:5	131504586847961235687181874578063117114329409897647623619241560935125066908876631867479597863393264	4532	1,0,0,0,0,0,0,0,0,0	14,0,0,0,0	ok
-1.373812	-38.924103	-45.123393	0.831042	continued:5	16217557574922386301420548362621878581010822074119	4532	1,0,0,0,0,0,0,0,0	14,0,0,0,0	ok
-1.370976	-38.924103	-45.539860	0.828917	continued:5	131504586847961235687181874578063117114329409897647623619241560935125066908876631867479597863393264	4532	1,0,0,0,0,0,0,0,0,0	14,0,0,0,0	ok
-1.368140	-38.924103	-45.946901	0.827461	continued:5	131504586847961235687181874578063117114329409897647623619241560935125066908876631867479597863393264	4532	1,0,0,0,0,0,0,0,0,0	14,0,0,0,0	ok
-1.365304	-38.924103	-46.338024	0.826419	continued:5	131504586847961235687181874578063117114329409897647623619241560935125066908876631867479597863393264	4532	1,0,0,0,0,0,0,0,0,0	14,0,0,0,0	ok
-1.362469	-38.924103	-46.709316	0.825917	continued:5	131504586847961235687181874578063117114329409897647623619241560935125066908876631867479597863393264	4532	1,0,0,0,0,0,0,0,0,0	14,0,0,0,0	ok
-1.359633	-38.924103	-47.055705	0.825543	full	131504586847961235687181874578063117114329409897647623619241560935125066908876631867479597863393264	4532	1,0,0,0,0,0,0,0,0,0	14,0,0,0,0	ok
-1.356797	-38.924103	-44.733079	0.831201	continued:5	131504586847961235687181874578063117114329409897647623619241560935125066908876631867479597863393264	4532	1,0,0,0,0,0,0,0,0,0	14,0,0,0,0	ok
-1.353962	-38.924103	-45.160220	0.828742	continued:5	16217557574922386301420548362621878581010822074119	4532	1,0,0,0,0,0,0,0,0	14,0,0,0,0	ok
-1.351126	-38.924103	-45.579007	0.826617	continued:5	131504586847961235687181874578063117114329409897647623619241560935125066908876631867479597863393264	4532	1,0,0,0,0,0,0,0,0,0	14,0,0,0,0	ok
-1.348290	-38.924103	-45.987309	0.825161	continued:5	131504586847961235687181874578063117114329409897647623619241560935125066908876631867479597863393264	4532	1,0,0,0,0,0,0,0,0,0	14,0,0,0,0	ok
-1.345455	-38.924103	-46.378692	0.824119	continued:5	3374966975014	4532	1,0,0,0,0,0,0	14,0,0,0,0	ok
-1.342619	-38.924103	-46.749320	0.823617	continued:5	131504586847961235687181874578063117114329409897647623619241560935125066908876631867479597863393264	2659944	1,0,0,0,0,0,0,0,0,0	-14,0,0,0,0,0	ok
-1.339783	-38.924103	-47.094227	0.823244	full	131504586847961235687181874578063117114329409897647623619241560935125066908876631867479597863393264	2659944	1,0,0,0,0,0,0,0,0,0	-14,0,0,0,0,0	ok
-1.336947	-38.924103	-44.767328	0.828822	continued:5	5695183504499363952821063	2659944	1,0,0,0,0,0,0,0	-14,0,0,0,0,0	ok
-1.334112	-38.924103	-45.198612	0.826363	continued:5	3374966975014	2659944	1,0,0,0,0,0,0	-14,0,0,0,0,0	ok
-1.331276	-38.924103	-45.620332	0.824445	continued:5	5695183504499363952821063	2659944	1,0,0,0,0,0,0,0	-14,0,0,0,0,0	ok
-1.328440	-38.924103	-46.028289	0.822862	continued:5	131504586847961235687181874578063117114329409897647623619241560935125066908876631867479597863393264	2659944	1,0,0,0,0,0,0,0,0,0	-14,0,0,0,0,0	ok
-1.325605	-38.924103	-46.419760	0.821819	continued:5	3374966975014	2659944	1,0,0,0,0,0,0	-14,0,0,0,0,0	ok
-1.322769	-38.924103	-46.789568	0.821317	continued:5	3374966975014	2659944	1,0,0,0,0,0,0	-14,0,0,0,0,0	ok
-1.319933	-38.924103	-47.132855	0.820944	full	131504586847961235687181874578063117114329409897647623619241560935125066908876631867479597863393264	2659944	1,0,0,0,0,0,0,0,0,0	-14,0,0,0,0,0	ok
-1.317098	-38.924103	-44.802930	0.826521	continued:5	3374966975014	2659944	1,0,0,0,0,0,0	-14,0,0,0,0,0	ok
-1.314262	-38.924103	-45.237261	0.824062	continued:5	5695183504499363952821063	2659944	1,0,0,0,0,0,0,0	-14,0,0,0,0,0	ok
-1.311426	-38.924103	-45.660934	0.822144	continued:5	131504586847961235687181874578063117114329409897647623619241560935125066908876631867479597863393264	2659944	1,0,0,0,0,0,0,0,0,0	-14,0,0,0,0,0	ok
-1.308590	-38.924103	-46.069803	0.820560	continued:5	5695183504499363952821063	2659944	1,0,0,0,0,0,0,0	-14,0,0,0,0,0	ok
-1.305755	-38.924103	-46.461205	0.819518	continued:5	131504586847961235687181874578063117114329409897647623619241560935125066908876631867479597863393264	2659944	1,0,0,0,0,0,0,0,0,0	-14,0,0,0,0,0	ok
-1.302919	-38.924103	-46.830050	0.819016	continued:5	5695183504499363952821063	2659944	1,0,0,0,0,0,0,0	-14,0,0,0,0,0	ok
-1.300083	-38.924103	-47.171594	0.818642	full	16217557574922386301420548362621878581010822074119	2659944	1,0,0,0,0,0,0,0,0	-14,0,0,0,0,0	ok
-1.297248	-38.924103	-44.839696	0.824219	continued:5	131504586847961235687181874578063117114329409897647623619241560935125066908876631867479597863393264	2659944	1,0,0,0,0,0,0,0,0,0	-14,0,0,0,0,0	ok
-1.294412	-38.924103	-45.276867	0.821760	continued:5	131504586847961235687181874578063117114329409897647623619241560935125066908876631867479597863393264	2659944	1,0,0,0,0,0,0,0,0,0	-14,0,0,0,0,0	ok
-1.291576	-38.924103	-45.702296	0.819842	continued:5	16217557574922386301420548362621878581010822074119	2659944	1,0,0,0,0,0,0,0,0	-14,0,0,0,0,0	ok
-1.288741	-38.924103	-46.111893	0.818259	continued:5	5695183504499363952821063	2659944	1,0,0,0,0,0,0,0	-14,0,0,0,0,0	ok
-1.285905	-38.924103	-46.503056	0.817216	continued:5	5695183504499363952821063	4438	1,0,0,0,0,0,0,0	-14,0,0,0,0	ok
-1.283069	-38.924103	-46.870783	0.816715	continued:5	131504586847961235687181874578063117114329409897647623619241560935125066908876631867479597863393264	4438	1,0,0,0,0,0,0,0,0,0	-14,0,0,0,0	ok
-1.280234	-38.924103	-47.210449	0.816341	full	5695183504499363952821063	107389	1,0,0,0,0,0,0,0	-14,0,0,0,-1	ok
-1.277398	-38.924103	-44.877654	0.821917	continued:5	16217557574922386301420548362621878581010822074119	525317464	1,0,0,0,0,0,0,0,0	-14,0,0,0,-1,0	ok
-1.274562	-38.924103	-45.317450	0.819458	continued:5	131504586847961235687181874578063117114329409897647623619241560935125066908876631867479597863393264	30798765739	1,0,0,0,0,0,0,0,0,0	-14,0,0,0,-2	ok
-1.271726	-38.924103	-45.744434	0.817540	continued:5	16217557574922386301420548362621878581010822074119	3449191069	1,0,0,0,0,0,0,0,0	-14,0,0,-1,-1,0	ok
-1.268891	-38.924103	-46.154569	0.815957	continued:5	131504586847961235687181874578063117114329409897647623619241560935125066908876631867479597863393264	27450318	1,0,0,0,0,0,0,0,0,0	-14,0,0,-1,0,0	ok
-1.266055	-38.924103	-46.545317	0.814914	continued:5	131504586847961235687181874578063117114329409897647623619241560935125066908876631867479597863393264	615468	1,0,0,0,0,0,0,0,0,0	-14,0,0,1,0	ok
-1.263219	-38.924103	-46.911770	0.814413	continued:5	5695183504499363952821063	111101844	1,0,0,0,0,0,0,0	-14,0,0,2,0	ok
-1.260384	-38.924103	-47.249424	0.814039	full	3374966975014	24672978703	1,0,0,0,0,0,0	-14,0,-1,1,-1,0	ok
-1.257548	-38.924103	-44.917012	0.819693	continued:5	3374966975014	731703358	1,0,0,0,0,0,0	-14,0,-1,0,-1,0	ok
-1.254712	-38.924103	-45.358325	0.817234	continued:5	5695183504499363952821063	4834468	1,0,0,0,0,0,0,0	-14,0,-1,0,0,0	ok
-1.251877	-38.924103	-45.785885	0.815109	continued:5	5695183504499363952821063	28414	1,0,0,0,0,0,0,0	-14,0,1,0,0	ok
-1.249041	-38.924103	-46.197804	0.813653	continued:5	131504586847961235687181874578063117114329409897647623619241560935125066908876631867479597863393264	15195969806689	1,0,0,0,0,0,0,0,0,0	-14,0,1,0,2	ok
-1.246205	-38.924103	-46.587973	0.812611	continued:5	16217557574922386301420548362621878581010822074119	9609069108	1,0,0,0,0,0,0,0,0	-14,0,-2,0,0,-1	ok
-1.243369	-38.924103	-46.953004	0.812109	continued:5	131504586847961235687181874578063117114329409897647623619241560935125066908876631867479597863393264	849529	1,0,0,0,0,0,0,0,0,0	-14,0,3,0,0	ok
-1.240534	-38.924103	-47.288521	0.811735	full	131504586847961235687181874578063117114329409897647623619241560935125066908876631867479597863393264	5527052064	1,0,0,0,0,0,0,0,0,0	-14,-1,-5,-1,1	ok
-1.237698	-38.924103	-44.957448	0.817390	continued:5	131504586847961235687181874578063117114329409897647623619241560935125066908876631867479597863393264	5080051	1,0,0,0,0,0,0,0,0,0	-14,-1,-1,0,0,0	ok
-1.234862	-38.924103	-45.400930	0.814931	continued:5	131504586847961235687181874578063117114329409897647623619241560935125066908876631867479597863393264	10199578077126	1,0,0,0,0,0,0,0,0,0	-14,-1,0,1,-1,-1	ok
-1.232027	-38.924103	-45.829624	0.812807	continued:5	131504586847961235687181874578063117114329409897647623619241560935125066908876631867479597863393264	46257744	1,0,0,0,0,0,0,0,0,0	-14,-1,0,0,1	ok
-1.229191	-38.924103	-46.241686	0.811351	continued:5	131504586847961235687181874578063117114329409897647623619241560935125066908876631867479597863393264	2816724	1,0,0,0,0,0,0,0,0,0	-14,-1,0,0,0,0	ok
-1.226355	-38.924103	-46.631078	0.810308	continued:5	131504586847961235687181874578063117114329409897647623619241560935125066908876631867479597863393264	2816724	1,0,0,0,0,0,0,0,0,0	-14,-1,0,0,0,0	ok
-1.223520	-38.924103	-46.994514	0.809807	continued:5	131504586847961235687181874578063117114329409897631406061666638548823646371904376997883815099845702	6876	-1,0,0,0,0,0,0,0,0,0	-14,1,0,0,0	ok
-1.220684	-38.924103	-47.327745	0.809433	full	131504586847961235687181874578063117114329409897647623619241560935125066908876631867479597863393264	2529	1,0,0,0,0,0,0,0,0,0	-14,1,0,-1	ok
-1.217848	-38.924103	-44.999160	0.815087	continued:5	131504586847961235687181874578063117114329409897631406061666638548823646371904376997883815099845702	1410333	-1,0,0,0,0,0,0,0,0,0	-14,1,-1,1,0	ok
-1.215013	-38.924103	-45.444573	0.812628	continued:5	131504586847961235687181874578063117114329409897631406061666638548823646371904376997883815099845702	93501	-1,0,0,0,0,0,0,0,0,0	-14,1,-2,0,0	ok
-1.212177	-38.924103	-45.874181	0.810504	continued:5	131504586847961235687181874578063117114329409897631406061666638548823646371904376997883815099845702	118972998	-1,0,0,0,0,0,0,0,0,0	-14,-2,0,2,0	ok
-1.209341	-38.924103	-46.286182	0.809048	continued:5	131504586847961235687181874578063117114329409897631406061666638548823646371904376997883815099845702	10413	-1,0,0,0,0,0,0,0,0,0	-14,2,0,0,0	ok
-1.206505	-38.924103	-46.674612	0.808005	continued:5	131504586847961235687181874578063117114329409897631406061666638548823646371904376997883815099845702	7089468	-1,0,0,0,0,0,0,0,0,0	-14,2,5,-1	ok
-1.203670	-38.924103	-47.036290	0.807504	continued:5	131504586847961235687181874578063117114329409897631406061666638548823646371904376997883815099845702	2970676	-1,0,0,0,0,0,0,0,0,0	-14,3,2,0,-1	ok
-1.200834	-38.924103	-47.367098	0.807130	full	131504586847961235687181874578063117114329409897631406061666638548823646371904376997883815099845702	317179	-1,0,0,0,0,0,0,0,0,0	-14,6,1,1	ok
-1.197998	-38.924103	-45.042323	0.812786	continued:5	16217557574922386301420542667438374088396792810839	4760128	-1,0,0,0,0,0,0,0,0	-14,12,1,-2	ok
-1.195163	-38.924103	-45.489388	0.810327	continued:5	5695183504495988991042170	199370	-1,0,0,0,0,0,0,0	13,13,1,0	ok
-1.192327	-38.924103	-45.919653	0.808202	continued:5	131504586847961235687181874578063117114329409897631406061666638548823646371904376997883815099845702	158177	-1,0,0,0,0,0,0,0,0,0	13,13,0,-1	ok
-1.189491	-38.924103	-46.331359	0.806746	continued:5	16217557574922386301420542667438374088396792810839	95677	-1,0,0,0,0,0,0,0,0	13,-13,0,0	ok
-1.186656	-38.924103	-46.718617	0.805704	continued:5	131504586847961235687181874578063117114329409897631406061666638548823646371904376997883815099845702	95677	-1,0,0,0,0,0,0,0,0,0	13,-13,0,0	ok
-1.183820	-38.924103	-47.078353	0.805202	continued:5	16217557574922386301420542667438374088396792810839	178477	-1,0,0,0,0,0,0,0,0	13,-13,1,0	ok
-1.180984	-38.924103	-47.406583	0.804829	full	16217557574922386301420542667438374088396792810839	2451979	-1,0,0,0,0,0,0,0,0	13,12,2,1	ok
-1.178148	-38.924103	-45.086770	0.810484	continued:5	5695183504495988991042170	72745	-1,0,0,0,0,0,0,0	13,12,-1	ok
-1.175313	-38.924103	-45.535242	0.808025	continued:5	131504586847961235687181874578063117114329409897631406061666638548823646371904376997883815099845702	73127	-1,0,0,0,0,0,0,0,0,0	13,-12,0,0	ok
-1.172477	-38.924103	-45.965941	0.805900	continued:5	986967230807456606732814471963693279599699550412763576650215712022876040223920636729565390801451978877152746763738810795011239721071633418121580902714	1865413714	-1,0,0,0,0,0,0,0,0,-1	13,11,-13	ok
-1.169641	-38.924103	-46.377146	0.804444	continued:5	10296487298246453339	63520	-1,0,0,0,0,0,-1	13,11,0,0	ok
-1.166806	-38.924103	-46.763047	0.803402	continued:5	5695183504495988991042170	64235	-1,0,0,0,0,0,0,0	13,10,-1,0	ok
-1.163970	-38.924103	-47.120682	0.802900	continued:5	16217557574922386301420542667438374088396792810839	127739	-1,0,0,0,0,0,0,0,0	13,9,-2,0	ok
-1.161134	-38.924103	-47.446203	0.802526	full	3374964376952	345670	-1,0,0,0,0,0,0	13,8,-3,0	ok
-1.158299	-38.924103	-45.129949	0.808181	continued:5	10296487298246453339	2280927085	-1,0,0,0,0,0,-1	13,7,13	ok
-1.155463	-38.924103	-45.579814	0.805516	continued:5	137520069382767470	64292104	-1,0,0,0,0,-1,0	13,-7,0,0,1	ok
-1.152627	-38.924103	-46.013105	0.803598	continued:5	2822156317698694866999110067179950239374251558883001927853422744794892846902551374438756494440810025733311461778339	93988879	-1,0,0,0,0,0,0,-1,0,0	13,6,-1,0,1	ok
-1.149791	-38.924103	-46.423585	0.802142	continued:5	7735786337002564403960715824989841254571299116547423314875995000459414586253299118543233627648986837834184451808642577	1393589	-1,0,0,0,0,0,0,0,1	13,-6,0,1,0	ok
-1.146956	-38.924103	-46.807930	0.801099	continued:5	131504586847961235687181874578063117114329409897631406061666638548823646371904376997883815099845702	233560	-1,0,0,0,0,0,0,0,0,0	13,5,-2,0,0	ok
-1.144120	-38.924103	-47.163291	0.800598	continued:5	32199234426774284447702313552117860420510367065932594902329065023396250586608331134325332944414387724884634005316374309429942914362604176549744021499822111387168058605107548911656572067279718787021729945604157568579396675712019965542342798084603339639778676396830661530774670	2483080	-1,0,0,0,0,0,0,0,3	13,5,0,-1,-1	ok
-1.141284	-38.924103	-47.485959	0.800224	full	2008511737770392632596520976198012871685414407697139057467212755719203532730235843884290954075133022668071764057792613813796328757751931615729410686041766480146465272925433049616220921596205712590980881371689385433726601580279108004373115175087707318941376680567339896760384929045	132329	-1,0,0,0,0,0,0,12	13,-5,0,-1,0	ok
-1.138449	-38.924103	-45.177187	0.805879	continued:5	165418387267217120271998614832219485507076580077	3872748010	-1,0,0,0,-1,5	13,-5,13,-1	ok
-1.135613	-38.924103	-45.627919	0.803213	continued:5	5940728488866189452	188779	-1,0,0,0,-1,-1,0	13,4,-2,0,0	ok
-1.132777	-38.924103	-46.061145	0.801295	continued:5	47401472128138413141229094469209177610545	12347939	-1,0,0,0,0,-1,0,-1	13,4,-1,2	ok
-1.129942	-38.924103	-46.470674	0.799840	continued:5	371299112589839	4727	-1,0,0,0,-1,0,0	13,4,0,0	ok
-1.127106	-38.924103	-46.853262	0.798797	continued:5	129422015682764	235615	-1,0,0,0,1,-1	13,-4,0,0,-1	ok
-1.124270	-38.924103	-47.206178	0.798295	continued:5	44703239	1133189395	-1,0,0,0,1	13,-4,0,-3,0	ok
-1.121435	-38.924103	-47.525853	0.797922	full	98823572797506249633450946933759227892209389940392200106628687430940549971456285950552780236668653947157012089	1086018912015717745	-1,0,0,0,0,0,-2,0,0,0	13,-4,1,-13	ok
-1.118599	-38.924103	-45.221652	0.803372	continued:5	2862256620853267389149398619377578733367195	2819967424	-1,0,0,0,0,-3,0,0	13,3,13,0	ok
-1.115763	-38.924103	-45.675628	0.800913	continued:5	21883457631784155773905475006829440358299602951070933237476720261494672473547094755936838755042161540226408350615302949434988192105208269242124205593646169621756202010555233624546305909075838169287830487605270191764126503148969270570991679424074185860910358458080916610966012989331380192101774622244391043292025102116366611747301429735051054151108457820218377374994825093040079785798182319643401726988930184534278546425328272892412984976176486327	22388060	-1,0,0,0,0,0,0,0,6,-1	13,3,6,-1	ok
-1.112927	-38.924103	-46.108659	0.798995	continued:5	150058479988766892525438107814051470	150949	-1,0,0,0,12	13,3,-2,0,0	ok
-1.110092	-38.924103	-46.517118	0.797411	continued:5	18881077862541622534466171910587195952617375708881594234828703345265603095	9985	-1,0,0,0,0,13,0	13,3,1,0	ok
-1.107256	-38.924103	-46.899097	0.796497	continued:5	101725041263241441118521899255	715031600852	-1,0,0,-1,7,0	13,3,-1,1,-2	ok
-1.104420	-38.924103	-47.249370	0.795995	continued:5	16965891496020264060643067589614015702	1118621324	-1,0,0,0,-1,1,1	13,3,0,-3,0	ok
-1.101585	-38.924103	-47.565888	0.795621	full	1647387025074439386861977107630264275537147713454517100580462501679792214	38656160335627	-1,0,0,-1,0,13	13,3,0,-1,2	ok
-1.098749	-38.924103	-45.272209	0.801151	continued:5	266939967805322639	190627	-1,0,0,-1,0,-1,0	13,-3,0,0,-1	ok
-1.095913	-38.924103	-45.725541	0.798692	continued:5	17225409670789647560	2252	-1,0,0,-1,0,0,-1	13,-3,0,0	ok
-1.093078	-38.924103	-46.157185	0.796567	continued:5	567053064572815905387306126785412381171464	2733746627	-1,0,0,0,1,0,-2	13,-3,0,1,1	ok
-1.090242	-38.924103	-46.565619	0.795111	continued:5	3520774497029448946362089	1034396331954791627	-1,0,0,0,1,1,0	13,-3,0,-13	ok
-1.087406	-38.924103	-46.945398	0.794196	continued:5	12129805445083359493921769411714525	27002	-1,0,0,1,-11,0	13,-3,-1,0,0	ok
-1.084570	-38.924103	-47.292848	0.793695	continued:5	432335010476381067792014	44525	-1,0,0,-2,1,-2	13,-3,2,0	ok
-1.081735	-38.924103	-47.606065	0.793321	full	526369293464	1118668624	-1,0,0,-2,0,-1	13,-3,12	ok
-1.078899	-38.924103	-45.321359	0.798850	continued:5	2358403819155601482655875122938898702105828596399885971854259199241619764	2762362930	-1,0,0,0,2,13	13,2,13,0	ok
-1.076063	-38.924103	-45.774909	0.796185	continued:5	338197068289050530843438424462794137810027004424388123300268328827	2066248444	-1,0,0,0,3,10	13,2,-13,0	ok
-1.073228	-38.924103	-46.208059	0.794267	continued:5	26967994383381065673827	2089391020	-1,0,0,5,4	13,2,12,-1	ok
-1.070392	-38.924103	-46.614795	0.792811	continued:5	372141760212965583239	80753566234	-1,0,0,-11,0,1	13,2,6,-4	ok
-1.067556	-38.924103	-46.992163	0.791896	continued:5	1909067835630090666839	560185	-1,0,0,12,-3	13,2,-3,0,0	ok
-1.064721	-38.924103	-47.336613	0.791395	continued:5	838049819366854585139	1405300	-1,0,0,-13,1,-1	13,2,-2,0,-1	ok
-1.061885	-38.924103	-47.646386	0.791021	full	32786734560553704470	57494235424	-1,0,0,-13,0,-1	13,2,1,4	ok
-1.059049	-38.924103	-45.372325	0.796345	continued:5	537484981306604752641745635496716804089	355720	-1,0,0,0,-13,0,-1	13,2,-1,0,-1	ok
-1.056214	-38.924103	-45.827988	0.793886	continued:5	32270424164724330464	3551432755	-1,0,0,13,-1,0	13,2,-1,1,1	ok
-1.053378	-38.924103	-46.259936	0.791968	continued:5	1494965142959121163565545259843492629817059890484743765228637881015047510	1034319191449938994	-1,0,0,-1,-13,-13	13,2,0,-13	ok
-1.050542	-38.924103	-46.664704	0.790512	continued:5	281946055127	785843164	-1,0,-1,4,0	13,2,0,3	ok
-1.047706	-38.924103	-47.039427	0.789597	continued:5	10172343464285	18117164	-1,0,-1,-2,1,0	13,-2,0,1,-1	ok
-1.044871	-38.924103	-47.380680	0.789096	continued:5	2536719868313402	1610089	-1,0,-1,-1,0,1	13,-2,0,-1,-1	ok
-1.042035	-38.924103	-47.686851	0.788722	full	2552756342089462522534519526509025	61049	-1,0,-1,-1,-11	13,-2,0,-1,0	ok
-1.039199	-38.924103	-45.427426	0.794047	continued:5	589371009739484563249453674466373360	10508794	-1,0,-1,0,-12,-1	13,-2,0,-2,0	ok
-1.036364	-38.924103	-45.882351	0.791588	continued:5	13892166060199907467368441779258426299784372073957662969826738502306910	547973033476726352	-1,0,-1,0,1,12	13,-2,0,12	ok
-1.033528	-38.924103	-46.312796	0.789670	continued:5	730709105	1993423905532589609	-1,0,-1,0,-1,0	13,-2,-1,-13,0	ok
-1.030692	-38.924103	-46.715330	0.788214	continued:5	569417209788349160194487343633527	282841302914128114	-1,0,1,0,-10,0	13,-2,-1,0,3	ok
-1.027857	-38.924103	-47.087179	0.787299	continued:5	5819316902	299473124898105727	-1,0,1,-1,-1,0	13,-2,1,-12	ok
-1.025021	-38.924103	-47.425045	0.786797	continued:5	941314484039627	1139384120065125464	-1,0,1,-2,-2,0	13,-2,2,-13	ok
-1.022185	-38.924103	-47.727463	0.786424	full	31607229221047673464587926118443027	270153364	-1,0,1,-10,11	13,-2,10	ok
-1.019349	-38.924103	-45.478913	0.791669	continued:5	2038211365579353827	4882152679	-1,0,1,-13,0	13,-2,-13,1	ok
-1.016514	-38.924103	-45.934182	0.789210	continued:5	20415932925782838680	2733894514	-1,0,-2,-13,-1,0	13,-2,13,0	ok
-1.013678	-38.924103	-46.364044	0.787292	continued:5	1047652134714586898774865005	2020667780	-1,0,-2,-1,0,-2,0	13,1,-13,0	ok
-1.010842	-38.924103	-46.765145	0.785916	continued:5	53975670765665	2020667780	-1,0,-2,0,-2,0	13,1,-13,0	ok
-1.008007	-38.924103	-47.134059	0.784873	continued:5	589457862357214729003250117164241720	2020667780	-1,0,2,1,-13	13,1,-13,0	ok
-1.005171	-38.924103	-47.469703	0.784499	continued:5	2131239948167174990	10593201764	-1,0,2,-13,0	13,1,-13,-2	ok
-1.002335	-38.924103	-47.768221	0.784125	full	150189713073438554918567614355186315	1075807279	-1,0,-3,0,12	13,1,12	ok
-0.999500	-38.924103	-45.537463	0.789374	continued:5	2227965875327689502	2043426530	-1,0,3,-13,0	13,1,12,-1	ok
-0.996664	-38.924103	-45.991263	0.786915	continued:5	45217928963215127	270176609	-1,0,4,-10,0	13,1,-10,0	ok
-0.993828	-38.924103	-46.418974	0.784997	continued:5	535466811092371365293804523352125152	7093235	-1,0,-6,0,-13	13,1,4,1	ok
-0.990992	-38.924103	-46.817271	0.783620	continued:5	807557765	1167003540613149850	-1,0,9,-1,0	13,1,-3,-13	ok
-0.988157	-38.924103	-47.182826	0.782578	continued:5	175705048881479714	10559	-1,0,11,7,-2	13,1,-2,0	ok
-0.985321	-38.924103	-47.514683	0.782204	continued:5	40173183565046909383291067620458425	1085618905060550185	-1,0,-12,0,-12	13,1,1,-13	ok
-0.982485	-38.924103	-47.809128	0.781830	full	23314471197880687970	13015	-1,0,12,-4,3	13,1,1,-1	ok
-0.979650	-38.924103	-45.591854	0.786898	continued:5	5818334101833001355	533517419	-1,0,12,-13,-1	13,1,-1,-1,1	ok
-0.976814	-38.924103	-46.046420	0.784567	continued:5	3286762475314691840	562534540631929190	-1,0,12,-13,0	13,1,-1,12	ok
-0.973978	-38.924103	-46.472564	0.782649	continued:5	17507575161147483239	1034087795823064960	-1,0,-13,-13,1	13,-1,0,-13	ok
-0.971143	-38.924103	-46.868570	0.781193	continued:5	35276914376410590730304462900	3580123047054229510	-1,0,-13,-12,-7	13,-1,0,-13,-1	ok
-0.968307	-38.924103	-47.231981	0.780278	continued:5	260500146305	1034087795823064960	-1,0,-13,-3,0	13,-1,0,-13	ok
-0.965471	-38.924103	-47.559913	0.779904	continued:5	3636919333514	1034087795823064960	-1,0,-13,-2,-1,0	13,-1,0,-13	ok
-0.962636	-38.924103	-47.850183	0.779530	full	167406774285533586197007946759267010	3580123047054229510	-1,0,-13,1,12	13,-1,0,-13,-1	ok
-0.959800	-38.924103	-45.651054	0.784528	continued:5	1088559211080339044456931920	1948882328046378559	-1,0,-13,1,-1,2	13,-1,0,-13,0	ok
-0.956964	-38.924103	-46.104532	0.782197	continued:5	6230684264	3655488879532419184	-1,0,-13,-1,0	13,-1,-1,-13,-1	ok
-0.954128	-38.924103	-46.528831	0.780279	continued:5	281826037029632521205285	56938782127	-1,0,-13,-1,1,-2	13,-1,-1,-4,0	ok
-0.951293	-38.924103	-46.922296	0.778902	continued:5	4027881766951210319411250389	6127221365572765	-1,0,-13,-1,3,-2	13,-1,-1,-1,-3	ok
-0.948457	-38.924103	-47.281819	0.777987	continued:5	158855717582038938487176001091984639	561312336483488132486774317455178465	-1,0,-13,-1,12	13,-1,-1,-1,-13	ok
-0.945621	-38.924103	-47.605531	0.777613	continued:5	563312759205803693388051887536191389	299412235494693730	-1,0,-13,-1,-13	13,-1,1,-12	ok
-0.942786	-38.924103	-47.891387	0.777240	full	563312759205803693388051887536191389	2038339714382673771	-1,0,-13,-1,-13	-13,-1,1,-13,0	ok
-0.939950	-38.924103	-45.712936	0.782232	continued:5	563312759205803693388051887536191389	1006905225	-1,0,-13,-1,-13	-13,-1,-2,-1,1	ok
-0.937114	-38.924103	-46.164053	0.779773	continued:5	563312759205803693388051887536191389	608378392765363520	-1,0,-13,-1,-13	-13,-1,2,12	ok
-0.934279	-38.924103	-46.586724	0.777983	continued:5	563312759205803693388051887536191389	24002031	-1,0,-13,-1,-13	-13,-1,-3,-1,-1	ok
-0.931443	-38.924103	-46.976560	0.776606	continued:5	73671478164937809	1224095784475005885	-1,-1,-13,-1,-2,-1	-13,-1,-4,-13	ok
-0.928607	-38.924103	-47.332030	0.775691	continued:5	46411944515484661716759	1283711118830045310	-1,-1,-13,1,-5	-13,-1,-5,-13	ok
-0.925771	-38.924103	-47.651392	0.775318	continued:5	5165591458238002134	119070464812995	-1,-1,-13,2,3	-13,-1,6,-7	ok
-0.922936	-38.924103	-47.932741	0.774944	full	591612436559906309	79209966	-1,-1,-13,-11,-1	-13,-1,-8,-1	ok
-0.920100	-38.924103	-45.772968	0.779737	continued:5	1734494305720980096981508955291021909	576487965	-1,-1,-13,-13,-13	-13,-1,9,1	ok
-0.917264	-38.924103	-46.223886	0.777405	continued:5	5818615868175853050	63889004505	-1,-1,12,-13,-1	-13,-1,9,3	ok
-0.914429	-38.924103	-46.644139	0.775615	continued:5	3468352610374452653580	19998837434981	-1,-1,12,-13,-3	-13,-1,8,-6	ok
-0.911593	-38.924103	-47.030942	0.774238	continued:5	591197333920499620017819352342278945	1377901320792666105	-1,-1,12,1,-13	-13,-1,6,-13	ok
-0.908757	-38.924103	-47.382882	0.773402	continued:5	224386019559	1283711118830045310	-1,-1,-11,1,1	-13,-1,-5,-13	ok
-0.905922	-38.924103	-47.697621	0.773028	continued:5	710099007936966965	1195208049420690906	-1,-1,5,12	-13,-1,3,-13	ok
-0.903086	-38.924103	-47.974245	0.772655	full	1619516202312007288805607047363759700777	344768090808302256	-1,-1,3,-2,-13,-2	-13,-1,-3,-11,-1	ok
-0.900250	-38.924103	-45.837680	0.777367	continued:5	1653132580685929836274415375513709002	384718428875	-1,-1,2,12,-13	-13,-1,2,-5	ok
-0.897415	-38.924103	-46.286328	0.775114	continued:5	1509044944872854550394432283821986384	308027753695666605	-1,-1,-2,11,-13	-13,-1,-2,-12	ok
-0.894579	-38.924103	-46.702892	0.773196	continued:5	1962369765283237581965994027	1085538915457993065	-1,-1,1,-13,-4,1	-13,-1,1,-13	ok
-0.891743	-38.924103	-47.086837	0.771947	continued:5	483146251543201648471933082637145455	54070697600040	-1,-1,1,-12,12	-13,-1,1,-7	ok
-0.888907	-38.924103	-47.434175	0.771111	continued:5	44823837589554888477892291575286152	2653031	-1,-1,-1,1,-12	-13,-1,-1,-1,-1	ok
-0.886072	-38.924103	-47.744123	0.770737	continued:5	5695183504492614029263277	2653031	-1,-1,-1,-1,-1,-1,-1	-13,-1,-1,-1,-1	ok
-0.883236	-38.924103	-48.015900	0.770363	full	5695183504492614029263277	38756	-1,-1,-1,-1,-1,-1,-1	-13,-1,-1,1	ok
-0.880400	-38.924103	-45.903951	0.774949	continued:5	649003545078885944581866587732453670	1085538915457993065	-1,-1,1,2,-13	-13,-1,1,-13	ok
-0.877565	-38.924103	-46.350446	0.772697	continued:5	157564173108128372188092032191281765	1059215	-1,-1,1,-13,-12	-13,1,-3,1	ok
-0.874729	-38.924103	-46.764217	0.770907	continued:5	589371009739484561078055949977403445	2791202945	-1,1,-2,1,-13	-13,1,-12,1	ok
-0.871893	-38.924103	-47.143540	0.769658	continued:5	1093417592374621955722351624726642875	1859765750179105835	-1,1,4,-8,-13	-13,1,-13,-13	ok
-0.869058	-38.924103	-47.486002	0.768822	continued:5	591110255474377516607308920262697165	1859765750179105835	-1,1,-12,1,-13	-13,1,-13,-13	ok
-0.866222	-38.924103	-47.790942	0.768448	continued:5	1818078296518131494	561362961698838365	-1,1,12,-13	-13,1,-13,-12	ok
-0.863386	-38.924103	-48.057704	0.768074	full	1859765703892497455	222084132545	-1,1,-13,-13	-13,1,-13,3	ok
-0.860550	-38.924103	-45.504243	0.774952	continued:5	1859765703892497455	1859885530279326176	-1,1,-13,-13	-13,-2,-13,-13	ok
-0.857715	-38.924103	-45.979698	0.772159	continued:5	1032237956415090830	1777327259257775915	-1,1,-13,12	-13,-2,-12,-13	ok
-0.854879	-38.924103	-46.423786	0.770034	continued:5	1032237956415090830	1085698896136510751	-1,1,-13,12	-13,-2,1,-13	ok
-0.852043	-38.924103	-46.833109	0.768244	continued:5	202570294988962087439	567592253	-1,1,-13,-12,2	-13,2,11	ok
-0.849208	-38.924103	-47.207536	0.766994	continued:5	908701165329673063848668178799809074	1032392043334414286	-1,1,-13,-6,-13	-13,2,-13,12	ok
-0.846372	-38.924103	-47.544779	0.766159	continued:5	1032314980476255377	1860125107837617611	-1,-2,-13,12	-13,-3,-13,-13	ok
-0.843536	-38.924103	-47.844325	0.765785	continued:5	1859885483991227252	2968241	-1,-2,-13,-13	-13,-3,-2,-2	ok
-0.840701	-38.924103	-48.105664	0.765283	full	1818196057236814334	1032623154318225830	-1,-2,12,-13	-13,-4,-13,12	ok
-0.837865	-38.924103	-45.588808	0.772248	continued:5	69531272827658487490043862644	1860484517572476506	-1,-2,-6,-2,-2,2	-13,4,-13,-13	ok
-0.835029	-38.924103	-46.060498	0.769455	continued:5	239633571144346566548740549810534127	878664135	-1,-2,-2,-5,12	-13,-6,-12	ok
-0.832193	-38.924103	-46.500376	0.767330	continued:5	1653346741303739755171667017615136759	1303025700	-1,-2,-3,12,-13	-13,-9,12	ok
-0.829358	-38.924103	-46.905009	0.765540	continued:5	1818313823676171600	730823771	-1,2,12,-13	-13,-11,11	ok
-0.826522	-38.924103	-47.274330	0.764291	continued:5	1860005269875845169	1865352635	-1,2,-13,-13	-13,11,-13	ok
-0.823686	-38.924103	-47.606179	0.763583	continued:5	1860005269875845169	1033055760	-1,2,-13,-13	-13,-12,-12	ok
-0.820851	-38.924103	-47.899008	0.763209	continued:5	1860125061546537527	1168777935035675121	-1,-3,-13,-13	-13,-12,-3,-13	ok
-0.818015	-38.924103	-48.153820	0.762294	full	101604330020627	1046782865	-1,-3,-12,6	-13,12,-12	ok
-0.815179	-38.924103	-45.667932	0.769370	continued:5	205428237667955332130735892971297199	1420631531	-1,-3,-3,3,12	-13,12,12	ok
-0.812344	-38.924103	-46.138183	0.766704	continued:5	1860244859003490650	1908291506	-1,3,-13,-13	-13,12,-13	ok
-0.809508	-38.924103	-46.574459	0.764452	continued:5	1860364662246890865	1908291506	-1,-4,-13,-13	-13,12,-13	ok
-0.806672	-38.924103	-46.976211	0.762868	continued:5	87456734645455175	1908291506	-1,-4,-4,-11	-13,12,-13	ok
-0.803837	-38.924103	-47.339960	0.761619	continued:5	1032700165443377627	1908291506	-1,4,-13,12	-13,12,-13	ok
-0.801001	-38.924103	-47.666050	0.760911	continued:5	1860724106697637377	1908291506	-1,5,-13,-13	-13,12,-13	ok
-0.798165	-38.924103	-47.953075	0.760537	continued:5	1860963765267119975	1908291506	-1,6,-13,-13	-13,12,-13	ok
-0.795329	-38.924103	-48.202172	0.759288	full	1861682879883093827	1908291506	-1,9,-13,-13	-13,12,-13	ok
-0.792494	-38.924103	-45.806566	0.766229	continued:5	282666289400347104	1908291506	-1,-10,-12,11	-13,12,-13	ok
-0.789658	-38.924103	-46.270234	0.763770	continued:5	1820316728587968620	1908291506	-1,-11,12,-13	-13,12,-13	ok
-0.786822	-38.924103	-46.697611	0.761646	continued:5	1862162405398256670	1908291506	-1,11,-13,-13	-13,12,-13	ok
-0.783987	-38.924103	-47.089208	0.760062	continued:5	1862162405398256670	1908291506	-1,11,-13,-13	-13,12,-13	ok
-0.781151	-38.924103	-47.443025	0.759019	continued:5	1862282301250153277	1908291506	-1,-12,-13,-13	-13,12,-13	ok
-0.778315	-38.924103	-47.757508	0.758311	continued:5	1820552473198524989	1908291506	-1,-12,12,-13	-13,12,-13	ok
-0.775480	-38.924103	-48.033619	0.759226	full	984561954416682389	1908291506	-1,-12,-12,12	-13,12,-13	ok
-0.772644	-38.924103	-45.876564	0.763849	continued:5	533508198414997652	1908291506	-1,-12,-12,-12	-13,12,-13	ok
-0.769808	-38.924103	-46.336835	0.761390	continued:5	984561954416682389	1908291506	-1,-12,-12,12	-13,12,-13	ok
-0.766972	-38.924103	-46.760409	0.759266	continued:5	1008945539086014914	1908291506	-1,-12,12,12	-13,12,-13	ok
-0.764137	-38.924103	-47.147825	0.757810	continued:5	1820552473198524989	1908291506	-1,-12,12,-13	-13,12,-13	ok
-0.761301	-38.924103	-47.495943	0.756560	continued:5	1820670354090281045	1908291506	-1,12,12,-13	-13,12,-13	ok
-0.758465	-38.924103	-47.806719	0.756059	continued:5	1820670354090281045	1908291506	-1,12,12,-13	-13,12,-13	ok
-0.755630	-38.924103	-48.077050	0.756560	full	1820670354090281045	1908291506	-1,12,12,-13	-13,12,-13	ok
-0.752794	-38.924103	-45.947553	0.761505	continued:5	1820670354090281045	1908291506	-1,12,12,-13	-13,12,-13	ok
-0.749958	-38.924103	-46.403720	0.758839	continued:5	1820670354090281045	1908291506	-1,12,12,-13	-13,12,-13	ok
-0.747123	-38.924103	-46.825022	0.756921	continued:5	1820670354090281045	1908291506	-1,12,12,-13	-13,12,-13	ok
-0.744287	-38.924103	-47.207484	0.755337	continued:5	1820670354090281045	1908291506	-1,12,12,-13	-13,12,-13	ok
-0.741451	-38.924103	-47.551734	0.754423	continued:5	1820670354090281045	1908291506	-1,12,12,-13	-13,12,-13	ok
-0.738616	-38.924103	-47.855251	0.753714	continued:5	1820670354090281045	1908291506	-1,12,12,-13	-13,12,-13	ok
-0.735780	-38.924103	-48.120637	0.753881	full	1820670354090281045	1908291506	-1,12,12,-13	-13,12,-13	ok
-0.732944	-38.924103	-46.019858	0.758940	continued:5	1820670354090281045	1908291506	-1,12,12,-13	-13,12,-13	ok
-0.730108	-38.924103	-46.473888	0.756481	continued:5	1820670354090281045	1908291506	-1,12,12,-13	-13,12,-13	ok
-0.727273	-38.924103	-46.890293	0.754563	continued:5	1820670354090281045	1908291506	-1,12,12,-13	-13,12,-13	ok
-0.724437	-38.924103	-47.267661	0.753107	continued:5	1820670354090281045	1908291506	-1,12,12,-13	-13,12,-13	ok
-0.721601	-38.924103	-47.605469	0.752065	continued:5	1820670354090281045	1908291506	-1,12,12,-13	-13,12,-13	ok
-0.718766	-38.924103	-47.903946	0.751356	continued:5	1820670354090281045	1908291506	-1,12,12,-13	-13,12,-13	ok
-0.715930	-38.924103	-48.164378	0.751189	full	1820670354090281045	1908291506	-1,12,12,-13	-13,12,-13	ok
-0.713094	-38.924103	-46.094213	0.756533	continued:5	1820670354090281045	1908291506	-1,12,12,-13	-13,12,-13	ok
-0.710259	-38.924103	-46.543939	0.754074	continued:5	1820670354090281045	1908291506	-1,12,12,-13	-13,12,-13	ok
-0.707423	-38.924103	-46.955760	0.752156	continued:5	1820670354090281045	1908291506	-1,12,12,-13	-13,12,-13	ok
-0.704587	-38.924103	-47.328305	0.750700	continued:5	1820670354090281045	1908291506	-1,12,12,-13	-13,12,-13	ok
-0.701751	-38.924103	-47.661149	0.749658	continued:5	1820670354090281045	1908291506	-1,12,12,-13	-13,12,-13	ok
-0.698916	-38.924103	-47.954639	0.749156	continued:5	1820670354090281045	1908291506	-1,12,12,-13	-13,12,-13	ok
-0.696080	-38.924103	-48.208271	0.748782	full	1820670354090281045	1908291506	-1,12,12,-13	-13,12,-13	ok
-0.693244	-38.924103	-46.173919	0.754158	continued:5	1820670354090281045	1908291506	-1,12,12,-13	-13,12,-13	ok
-0.690409	-38.924103	-46.618056	0.751699	continued:5	1009021255905833795	1908291506	-1,12,12,12	-13,12,-13	ok
-0.687573	-38.924103	-47.024205	0.749781	continued:5	1009021255905833795	1908291506	-1,12,12,12	-13,12,-13	ok
-0.684737	-38.924103	-47.391010	0.748405	continued:5	1009021255905833795	1420631531	-1,12,12,12	-13,12,12	ok
-0.681902	-38.924103	-47.717368	0.747362	continued:5	1009021255905833795	1420631531	-1,12,12,12	-13,12,12	ok
-0.679066	-38.924103	-48.004611	0.746860	continued:5	1009021255905833795	1420631531	-1,12,12,12	-13,12,12	ok
-0.676230	-38.924103	-48.252316	0.746487	full	1009021255905833795	1420631531	-1,12,12,12	-13,12,12	ok
-0.673394	-38.924103	-46.252138	0.751693	continued:5	1009021255905833795	1420631531	-1,12,12,12	-13,12,12	ok
-0.670559	-38.924103	-46.691621	0.749234	continued:5	1009021255905833795	1420631531	-1,12,12,12	-13,12,12	ok
-0.667723	-38.924103	-47.092879	0.747444	continued:5	1009021255905833795	1420631531	-1,12,12,12	-13,12,12	ok
-0.664887	-38.924103	-47.453352	0.745988	continued:5	1009021255905833795	1420631531	-1,12,12,12	-13,12,12	ok
-0.662052	-38.924103	-47.774270	0.745073	continued:5	1009021255905833795	1420631531	-1,12,12,12	-13,12,12	ok
-0.659216	-38.924103	-48.054967	0.744572	continued:5	1009021255905833795	1420578229	-1,12,12,12	12,12,12	ok
-0.656380	-38.924103	-48.296517	0.744198	full	1009021255905833795	1420578229	-1,12,12,12	12,12,12	ok
-0.653545	-38.924103	-45.873521	0.751589	continued:5	1009021255905833795	1420578229	-1,12,12,12	12,12,12	ok
-0.650709	-38.924103	-46.347372	0.748795	continued:5	1009021255905833795	1420578229	-1,12,12,12	12,12,12	ok
-0.647873	-38.924103	-46.781274	0.746543	continued:5	1009021255905833795	1420578229	-1,12,12,12	12,12,12	ok
-0.645038	-38.924103	-47.174609	0.744753	continued:5	1009021255905833795	1420578229	-1,12,12,12	12,12,12	ok
-0.642202	-38.924103	-47.527339	0.743376	continued:5	1009021255905833795	1420578229	-1,12,12,12	12,12,12	ok
-0.639366	-38.924103	-47.840004	0.742461	continued:5	1009021255905833795	1420578229	-1,12,12,12	12,12,12	ok
-0.636530	-38.924103	-48.112913	0.741959	continued:5	1009021255905833795	1420578229	-1,12,12,12	12,12,12	ok
-0.633695	-38.924103	-48.347205	0.741586	full	1009021255905833795	1420578229	-1,12,12,12	12,12,12	ok
-0.630859	-38.924103	-45.973898	0.748769	continued:5	1009021255905833795	1420578229	-1,12,12,12	12,12,12	ok
-0.628023	-38.924103	-46.441228	0.745976	continued:5	1009021255905833795	1420578229	-1,12,12,12	12,12,12	ok
-0.625188	-38.924103	-46.868601	0.743724	continued:5	1009021255905833795	1420578229	-1,12,12,12	12,12,12	ok
-0.622352	-38.924103	-47.255340	0.741934	continued:5	1009021255905833795	1420578229	-1,12,12,12	12,12,12	ok
-0.619516	-38.924103	-47.601463	0.740684	continued:5	1009021255905833795	1420578229	-1,12,12,12	12,12,12	ok
-0.616681	-38.924103	-47.906393	0.739848	continued:5	1009021255905833795	1420578229	-1,12,12,12	12,12,12	ok
-0.613845	-38.924103	-48.171242	0.739347	continued:5	1009021255905833795	1420578229	-1,12,12,12	12,12,12	ok
-0.611009	-38.924103	-48.398082	0.738973	full	1009021255905833795	1420578229	-1,12,12,12	12,12,12	ok
-0.608173	-38.924103	-46.081721	0.745822	continued:5	1009021255905833795	1420578229	-1,12,12,12	12,12,12	ok
-0.605338	-38.924103	-46.542517	0.743156	continued:5	1009021255905833795	1420578229	-1,12,12,12	12,12,12	ok
-0.602502	-38.924103	-46.961982	0.740904	continued:5	1009021255905833795	1420578229	-1,12,12,12	12,12,12	ok
-0.599666	-38.924103	-47.340959	0.739320	continued:5	1009021255905833795	1420578229	-1,12,12,12	12,12,12	ok
-0.596831	-38.924103	-47.677482	0.738071	continued:5	1009021255905833795	1420578229	-1,12,12,12	12,12,12	ok
-0.593995	-38.924103	-47.973427	0.737235	continued:5	1009021255905833795	1420578229	-1,12,12,12	12,12,12	ok
-0.591159	-38.924103	-48.229947	0.736734	continued:5	1009021255905833795	1420578229	-1,12,12,12	12,12,12	ok
-0.588324	-38.924103	-48.449146	0.736360	full	1009021255905833795	1009021288579133361	-1,12,12,12	12,12,12,12	ok
-0.585488	-38.924103	-46.188953	0.742969	continued:5	1009021255905833795	1009021288579133361	-1,12,12,12	12,12,12,12	ok
-0.582652	-38.924103	-46.641934	0.740303	continued:5	1009021255905833795	1009021288579133361	-1,12,12,12	12,12,12,12	ok
-0.579817	-38.924103	-47.053760	0.738179	continued:5	1009021255905833795	1009021288579133361	-1,12,12,12	12,12,12,12	ok
-0.576981	-38.924103	-47.423943	0.736595	continued:5	1009021255905833795	1009021288579133361	-1,12,12,12	12,12,12,12	ok
-0.574145	-38.924103	-47.752077	0.735346	continued:5	1009021255905833795	1009021288579133361	-1,12,12,12	12,12,12,12	ok
-0.571309	-38.924103	-48.040092	0.734510	continued:5	1009021255905833795	1009021288579133361	-1,12,12,12	12,12,12,12	ok
-0.568474	-38.924103	-48.289203	0.734136	continued:5	1009021255905833795	1009021288579133361	-1,12,12,12	12,12,12,12	ok
-0.565638	-38.924103	-48.500392	0.733762	full	1009021255905833795	1009021288579133361	-1,12,12,12	12,12,12,12	ok
-0.562802	-38.924103	-46.301483	0.740040	continued:5	1009021255905833795	1009021288579133361	-1,12,12,12	12,12,12,12	ok
-0.559967	-38.924103	-46.746327	0.737375	continued:5	1009021255905833795	1009021288579133361	-1,12,12,12	12,12,12,12	ok
-0.557131	-38.924103	-47.150219	0.735457	continued:5	1009021255905833795	1009021288579133361	-1,12,12,12	12,12,12,12	ok
-0.554295	-38.924103	-47.510578	0.733873	continued:5	1009021255905833795	1009021288579133361	-1,12,12,12	12,12,12,12	ok
-0.551460	-38.924103	-47.829480	0.732624	continued:5	1009021255905833795	1009021288579133361	-1,12,12,12	12,12,12,12	ok
-0.548624	-38.924103	-48.108887	0.731916	continued:5	1009021255905833795	1009021288579133361	-1,12,12,12	12,12,12,12	ok
-0.545788	-38.924103	-48.348865	0.731542	continued:5	1009021255905833795	1009021288579133361	-1,12,12,12	12,12,12,12	ok
-0.542952	-38.924103	-48.551817	0.731168	full	1009021255905833795	1009021288579133361	-1,12,12,12	12,12,12,12	ok
-0.540117	-38.924103	-46.416544	0.737016	continued:5	1009021255905833795	1009021288579133361	-1,12,12,12	12,12,12,12	ok
-0.537281	-38.924103	-46.853506	0.734557	continued:5	1009021255905833795	1009021288579133361	-1,12,12,12	12,12,12,12	ok
-0.534445	-38.924103	-47.247547	0.732639	continued:5	1009021255905833795	1009021288579133361	-1,12,12,12	12,12,12,12	ok
-0.531610	-38.924103	-47.598580	0.731055	continued:5	1009021255905833795	1009021288579133361	-1,12,12,12	12,12,12,12	ok
-0.528774	-38.924103	-47.908692	0.730013	continued:5	1009021255905833795	1009021288579133361	-1,12,12,12	12,12,12,12	ok
-0.525938	-38.924103	-48.177931	0.729305	continued:5	1009021255905833795	1009021288579133361	-1,12,12,12	12,12,12,12	ok
-0.523103	-38.924103	-48.408713	0.728931	continued:5	1009021255905833795	1009021288579133361	-1,12,12,12	12,12,12,12	ok
-0.520267	-38.924103	-48.603417	0.728557	full	1009021255905833795	1009021288579133361	-1,12,12,12	12,12,12,12	ok
-0.517431	-38.924103	-46.084446	0.736500	continued:5	1009021255905833795	1009021288579133361	-1,12,12,12	12,12,12,12	ok
-0.514595	-38.924103	-46.554688	0.733706	continued:5	1009021255905833795	1009021288579133361	-1,12,12,12	12,12,12,12	ok
-0.511760	-38.924103	-46.980011	0.731375	continued:5	1009021255905833795	1009021288579133361	-1,12,12,12	12,12,12,12	ok
-0.508924	-38.924103	-47.361750	0.729457	continued:5	1009021255905833795	1009021288579133361	-1,12,12,12	12,12,12,12	ok
-0.506088	-38.924103	-47.701291	0.728001	continued:5	1009021255905833795	1009021288579133361	-1,12,12,12	12,12,12,12	ok
-0.503253	-38.924103	-47.999480	0.727086	continued:5	1009021255905833795	1009021288579133361	-1,12,12,12	12,12,12,12	ok
-0.500417	-38.924103	-48.256638	0.726378	continued:5	1009021255905833795	1009021288579133361	-1,12,12,12	12,12,12,12	ok
-0.497581	-38.924103	-48.476594	0.726004	continued:5	1009021255905833795	1009021288579133361	-1,12,12,12	12,12,12,12	ok
-0.494746	-38.924103	-48.661670	0.725630	full	1008945539086014914	1009021288579133361	-1,-12,12,12	12,12,12,12	ok
-0.491910	-38.924103	-46.233901	0.733177	continued:5	509061978969553666169707075032833604	1009021288579133361	-1,-12,12,12,12	12,12,12,12	ok
-0.489074	-38.924103	-46.691417	0.730384	continued:5	533508198414997652	533555173525880254	-1,-12,-12,-12	12,12,-12,-12	ok
-0.486239	-38.924103	-47.104926	0.728131	continued:5	533508198414997652	533555173525880254	-1,-12,-12,-12	12,12,-12,-12	ok
-0.483403	-38.924103	-47.474744	0.726341	continued:5	533508198414997652	533508222173189616	-1,-12,-12,-12	12,-12,-12,-12	ok
-0.480567	-38.924103	-47.801901	0.724964	continued:5	533508198414997652	533508222173189616	-1,-12,-12,-12	12,-12,-12,-12	ok
-0.477731	-38.924103	-48.087974	0.723921	continued:5	533508198414997652	533508222173189616	-1,-12,-12,-12	12,-12,-12,-12	ok
-0.474896	-38.924103	-48.335381	0.723420	continued:5	533508198414997652	533508222173189616	-1,-12,-12,-12	12,-12,-12,-12	ok
-0.472060	-38.924103	-48.544576	0.723046	continued:5	533508198414997652	533508222173189616	-1,-12,-12,-12	12,-12,-12,-12	ok
-0.469224	-38.924103	-48.720130	0.722672	full	533508198414997652	533508222173189616	-1,-12,-12,-12	12,-12,-12,-12	ok
-0.466389	-38.924103	-46.387911	0.729709	continued:5	142315511012103471820664918283921429	533508222173189616	-1,-12,-12,-12,-12	12,-12,-12,-12	ok
-0.463553	-38.924103	-46.833010	0.727044	continued:5	142315511012103471820664918283921429	533508222173189616	-1,-12,-12,-12,-12	12,-12,-12,-12	ok
-0.460717	-38.924103	-47.233590	0.724792	continued:5	142315511012103471820664918283921429	533508222173189616	-1,-12,-12,-12,-12	12,-12,-12,-12	ok
-0.457882	-38.924103	-47.591375	0.723208	continued:5	142315511012103471820664918283921429	533508222173189616	-1,-12,-12,-12,-12	12,-12,-12,-12	ok
-0.455046	-38.924103	-47.905317	0.721959	continued:5	142315511012103471820664918283921429	533508222173189616	-1,-12,-12,-12,-12	12,-12,-12,-12	ok
-0.452210	-38.924103	-48.178171	0.720916	continued:5	142315511012103471820664918283921429	533508222173189616	-1,-12,-12,-12,-12	12,-12,-12,-12	ok
-0.449374	-38.924103	-48.413764	0.720415	continued:5	142315511012103471820664918283921429	533508222173189616	-1,-12,-12,-12,-12	12,-12,-12,-12	ok
-0.446539	-38.924103	-48.612475	0.720041	continued:5	142315511012103471820664918283921429	533508221140224737	-1,-12,-12,-12,-12	-12,-12,-12,-12	ok
-0.443703	-38.924103	-48.778791	0.718998	full	142315511012103471820664918283921429	533508221140224737	-1,-12,-12,-12,-12	-12,-12,-12,-12	ok
-0.440867	-38.924103	-46.433256	0.726881	continued:5	142315511012103471820664918283921429	533508221140224737	-1,-12,-12,-12,-12	-12,-12,-12,-12	ok
-0.438032	-38.924103	-46.875832	0.724215	continued:5	142315511012103471820664918283921429	533508221140224737	-1,-12,-12,-12,-12	-12,-12,-12,-12	ok
-0.435196	-38.924103	-47.273346	0.721963	continued:5	142315511012103471820664918283921429	533508221140224737	-1,-12,-12,-12,-12	-12,-12,-12,-12	ok
-0.432360	-38.924103	-47.627699	0.720379	continued:5	142315511012103471820664918283921429	533508221140224737	-1,-12,-12,-12,-12	-12,-12,-12,-12	ok
-0.429525	-38.924103	-47.938011	0.719002	continued:5	142315511012103471820664918283921429	533508221140224737	-1,-12,-12,-12,-12	-12,-12,-12,-12	ok
-0.426689	-38.924103	-48.208410	0.718166	continued:5	142315511012103471820664918283921429	533508221140224737	-1,-12,-12,-12,-12	-12,-12,-12,-12	ok
-0.423853	-38.924103	-48.439442	0.717458	continued:5	142315511012103471820664918283921429	533508221140224737	-1,-12,-12,-12,-12	-12,-12,-12,-12	ok
-0.421018	-38.924103	-48.635830	0.717960	full	142315511012103471820664918283921429	533508221140224737	-1,-12,-12,-12,-12	-12,-12,-12,-12	ok
-0.418182	-38.924103	-46.559006	0.723768	continued:5	142315511012103471820664918283921429	533508221140224737	-1,-12,-12,-12,-12	-12,-12,-12,-12	ok
-0.415346	-38.924103	-46.991879	0.721309	continued:5	142315511012103471820664918283921429	533508221140224737	-1,-12,-12,-12,-12	-12,-12,-12,-12	ok
-0.412510	-38.924103	-47.378103	0.719185	continued:5	142315511012103471820664918283921429	533508221140224737	-1,-12,-12,-12,-12	-12,-12,-12,-12	ok
-0.409675	-38.924103	-47.720760	0.717601	continued:5	142315511012103471820664918283921429	533508221140224737	-1,-12,-12,-12,-12	-12,-12,-12,-12	ok
-0.406839	-38.924103	-48.020447	0.716352	continued:5	142315511012103471820664918283921429	533508221140224737	-1,-12,-12,-12,-12	-12,-12,-12,-12	ok
-0.404003	-38.924103	-48.280023	0.715516	continued:5	142315511012103471820664918283921429	533508221140224737	-1,-12,-12,-12,-12	-12,-12,-12,-12	ok
-0.401168	-38.924103	-48.501448	0.714808	continued:5	142315511012103471820664918283921429	533508221140224737	-1,-12,-12,-12,-12	-12,-12,-12,-12	ok
-0.398332	-38.924103	-48.689364	0.714641	full	142315511012103471820664918283921429	533508221140224737	-1,-12,-12,-12,-12	-12,-12,-12,-12	ok
-0.395496	-38.924103	-46.691580	0.720924	continued:5	142315511012103471820664918283921429	533508221140224737	-1,-12,-12,-12,-12	-12,-12,-12,-12	ok
-0.392661	-38.924103	-47.110402	0.718258	continued:5	142315511012103471820664918283921429	533508221140224737	-1,-12,-12,-12,-12	-12,-12,-12,-12	ok
-0.389825	-38.924103	-47.486033	0.716340	continued:5	142315511012103471820664918283921429	533508221140224737	-1,-12,-12,-12,-12	-12,-12,-12,-12	ok
-0.386989	-38.924103	-47.816800	0.714884	continued:5	142315511012103471820664918283921429	533508221140224737	-1,-12,-12,-12,-12	-12,-12,-12,-12	ok
-0.384153	-38.924103	-48.104490	0.713635	continued:5	142315511012103471820664918283921429	533508221140224737	-1,-12,-12,-12,-12	-12,-12,-12,-12	ok
-0.381318	-38.924103	-48.353384	0.712799	continued:5	142315511012103471820664918283921429	533508221140224737	-1,-12,-12,-12,-12	-12,-12,-12,-12	ok
-0.378482	-38.924103	-48.565358	0.712298	continued:5	142315511012103471820664918283921429	533508221140224737	-1,-12,-12,-12,-12	-12,-12,-12,-12	ok
-0.375646	-38.924103	-48.743045	0.711924	full	142315511012103471820664918283921429	533508221140224737	-1,-12,-12,-12,-12	-12,-12,-12,-12	ok
-0.372811	-38.924103	-46.386562	0.720221	continued:5	142315511012103471820664918283921429	533508221140224737	-1,-12,-12,-12,-12	-12,-12,-12,-12	ok
-0.369975	-38.924103	-46.840053	0.717428	continued:5	142315511012103471820664918283921429	533508221140224737	-1,-12,-12,-12,-12	-12,-12,-12,-12	ok
-0.367139	-38.924103	-47.245767	0.715096	continued:5	142315511012103471820664918283921429	533508221140224737	-1,-12,-12,-12,-12	-12,-12,-12,-12	ok
-0.364304	-38.924103	-47.605900	0.713178	continued:5	142315511012103471820664918283921429	533508221140224737	-1,-12,-12,-12,-12	-12,-12,-12,-12	ok
-0.361468	-38.924103	-47.922746	0.711595	continued:5	142315511012103471820664918283921429	533508221140224737	-1,-12,-12,-12,-12	-12,-12,-12,-12	ok
-0.358632	-38.924103	-48.199210	0.710552	continued:5	142315511012103471820664918283921429	533508221140224737	-1,-12,-12,-12,-12	-12,-12,-12,-12	ok
-0.355796	-38.924103	-48.436030	0.709844	continued:5	142315511012103471820664918283921429	533508221140224737	-1,-12,-12,-12,-12	-12,-12,-12,-12	ok
-0.352961	-38.924103	-48.636181	0.709343	continued:5	142315511012103471820664918283921429	533508221140224737	-1,-12,-12,-12,-12	-12,-12,-12,-12	ok
-0.350125	-38.924103	-48.803603	0.708969	full	142315511012103471820664918283921429	533508221140224737	-1,-12,-12,-12,-12	-12,-12,-12,-12	ok
-0.347289	-38.924103	-46.557625	0.716695	continued:5	142315511012103471820664918283921429	533508221140224737	-1,-12,-12,-12,-12	-12,-12,-12,-12	ok
-0.344454	-38.924103	-46.995083	0.714030	continued:5	142315511012103471820664918283921429	533508221140224737	-1,-12,-12,-12,-12	-12,-12,-12,-12	ok
-0.341618	-38.924103	-47.385002	0.711777	continued:5	142315511012103471820664918283921429	533508221140224737	-1,-12,-12,-12,-12	-12,-12,-12,-12	ok
-0.338782	-38.924103	-47.730080	0.709987	continued:5	142315511012103471820664918283921429	533508221140224737	-1,-12,-12,-12,-12	-12,-12,-12,-12	ok
-0.335947	-38.924103	-48.032138	0.708531	continued:5	142315511012103471820664918283921429	533508221140224737	-1,-12,-12,-12,-12	-12,-12,-12,-12	ok
-0.333111	-38.924103	-48.294233	0.707489	continued:5	142315511012103471820664918283921429	533508221140224737	-1,-12,-12,-12,-12	-12,-12,-12,-12	ok
-0.330275	-38.924103	-48.518455	0.706781	continued:5	142315511012103471820664918283921429	533508221140224737	-1,-12,-12,-12,-12	-12,-12,-12,-12	ok
-0.327440	-38.924103	-48.707619	0.706407	continued:5	142315511012103471820664918283921429	533508221140224737	-1,-12,-12,-12,-12	-12,-12,-12,-12	ok
-0.324604	-38.924103	-48.864327	0.706033	full	142315511012103471820664918283921429	533508221140224737	-1,-12,-12,-12,-12	-12,-12,-12,-12	ok
-0.321768	-38.924103	-46.738632	0.713189	continued:5	142315511012103471820664918283921429	533508221140224737	-1,-12,-12,-12,-12	-12,-12,-12,-12	ok
-0.318932	-38.924103	-47.157555	0.710524	continued:5	142315511012103471820664918283921429	533508221140224737	-1,-12,-12,-12,-12	-12,-12,-12,-12	ok
-0.316097	-38.924103	-47.530941	0.708399	continued:5	142315511012103471820664918283921429	533508221140224737	-1,-12,-12,-12,-12	-12,-12,-12,-12	ok
-0.313261	-38.924103	-47.859886	0.706816	continued:5	142315511012103471820664918283921429	533508221140224737	-1,-12,-12,-12,-12	-12,-12,-12,-12	ok
-0.310425	-38.924103	-48.145549	0.705439	continued:5	142315511012103471820664918283921429	533508221140224737	-1,-12,-12,-12,-12	-12,-12,-12,-12	ok
-0.307590	-38.924103	-48.392500	0.704524	continued:5	142315511012103471820664918283921429	533508221140224737	-1,-12,-12,-12,-12	-12,-12,-12,-12	ok
-0.304754	-38.924103	-48.602334	0.703816	continued:5	142315511012103471820664918283921429	533508221140224737	-1,-12,-12,-12,-12	-12,-12,-12,-12	ok
-0.301918	-38.924103	-48.779112	0.703442	continued:5	142315511012103471820664918283921429	533508221140224737	-1,-12,-12,-12,-12	-12,-12,-12,-12	ok
-0.299083	-38.924103	-48.925207	0.703068	full	142315511012103471820664918283921429	533508221140224737	-1,-12,-12,-12,-12	-12,-12,-12,-12	ok
-0.296247	-38.924103	-46.491053	0.711845	continued:5	142315511012103471820664918283921429	533508221140224737	-1,-12,-12,-12,-12	-12,-12,-12,-12	ok
-0.293411	-38.924103	-46.940845	0.709051	continued:5	142315511012103471820664918283921429	533508221140224737	-1,-12,-12,-12,-12	-12,-12,-12,-12	ok
-0.290575	-38.924103	-47.340735	0.706592	continued:5	142315511012103471820664918283921429	533508221140224737	-1,-12,-12,-12,-12	-12,-12,-12,-12	ok
-0.287740	-38.924103	-47.694900	0.704674	continued:5	142315511012103471820664918283921429	533508221140224737	-1,-12,-12,-12,-12	-12,-12,-12,-12	ok
-0.284904	-38.924103	-48.004653	0.703219	continued:5	142315511012103471820664918283921429	533508221140224737	-1,-12,-12,-12,-12	-12,-12,-12,-12	ok
-0.282068	-38.924103	-48.272172	0.701969	continued:5	142315511012103471820664918283921429	533508221140224737	-1,-12,-12,-12,-12	-12,-12,-12,-12	ok
-0.279233	-38.924103	-48.502065	0.701055	continued:5	142315511012103471820664918283921429	533508221140224737	-1,-12,-12,-12,-12	-12,-12,-12,-12	ok
-0.276397	-38.924103	-48.697165	0.700553	continued:5	142315511012103471820664918283921429	533508221140224737	-1,-12,-12,-12,-12	-12,-12,-12,-12	ok
-0.273561	-38.924103	-48.859337	0.700179	continued:5	142315511012103471820664918283921429	533508221140224737	-1,-12,-12,-12,-12	-12,-12,-12,-12	ok
-0.270726	-38.924103	-48.993018	0.699805	full	142315511012103471820664918283921429	533508221140224737	-1,-12,-12,-12,-12	-12,-12,-12,-12	ok
-0.267890	-38.924103	-46.738143	0.707741	continued:5	142315511012103471820664918283921429	533508221140224737	-1,-12,-12,-12,-12	-12,-12,-12,-12	ok
-0.265054	-38.924103	-47.161140	0.705075	continued:5	142315511012103471820664918283921429	533508221140224737	-1,-12,-12,-12,-12	-12,-12,-12,-12	ok
-0.262219	-38.924103	-47.536286	0.702823	continued:5	142315511012103471820664918283921429	533508221140224737	-1,-12,-12,-12,-12	-12,-12,-12,-12	ok
-0.259383	-38.924103	-47.866619	0.701032	continued:5	142315511012103471820664918283921429	533508221140224737	-1,-12,-12,-12,-12	-12,-12,-12,-12	ok
-0.256547	-38.924103	-48.154300	0.699576	continued:5	142315511012103471820664918283921429	533508221140224737	-1,-12,-12,-12,-12	-12,-12,-12,-12	ok
-0.253711	-38.924103	-48.402673	0.698534	continued:5	142315511012103471820664918283921429	533508221140224737	-1,-12,-12,-12,-12	-12,-12,-12,-12	ok
-0.250876	-38.924103	-48.614034	0.697826	continued:5	142315511012103471820664918283921429	533508221140224737	-1,-12,-12,-12,-12	-12,-12,-12,-12	ok
-0.248040	-38.924103	-48.791334	0.697117	continued:5	142315511012103471820664918283921429	533508221140224737	-1,-12,-12,-12,-12	-12,-12,-12,-12	ok
-0.245204	-38.924103	-48.940373	0.696950	continued:5	142315511012103471820664918283921429	533508221140224737	-1,-12,-12,-12,-12	-12,-12,-12,-12	ok
-0.242369	-38.924103	-49.060990	0.696576	full	142315511012103471820664918283921429	533508221140224737	-1,-12,-12,-12,-12	-12,-12,-12,-12	ok
-0.239533	-38.924103	-46.566598	0.705726	continued:5	142315511012103471820664918283921429	533508221140224737	-1,-12,-12,-12,-12	-12,-12,-12,-12	ok
-0.236697	-38.924103	-47.012756	0.702933	continued:5	142315511012103471820664918283921429	533508221140224737	-1,-12,-12,-12,-12	-12,-12,-12,-12	ok
-0.233862	-38.924103	-47.407692	0.700602	continued:5	142315511012103471820664918283921429	533508221140224737	-1,-12,-12,-12,-12	-12,-12,-12,-12	ok
-0.231026	-38.924103	-47.754748	0.698477	continued:5	142315511012103471820664918283921429	533508221140224737	-1,-12,-12,-12,-12	-12,-12,-12,-12	ok
-0.228190	-38.924103	-48.059262	0.696894	continued:5	142315511012103471820664918283921429	533508221140224737	-1,-12,-12,-12,-12	-12,-12,-12,-12	ok
-0.225354	-38.924103	-48.322455	0.695644	continued:5	142315511012103471820664918283921429	533508221140224737	-1,-12,-12,-12,-12	-12,-12,-12,-12	ok
-0.222519	-38.924103	-48.547720	0.694730	continued:5	142315511012103471820664918283921429	533508221140224737	-1,-12,-12,-12,-12	-12,-12,-12,-12	ok
-0.219683	-38.924103	-48.738127	0.694021	continued:5	142315511012103471820664918283921429	533508221140224737	-1,-12,-12,-12,-12	-12,-12,-12,-12	ok
-0.216847	-38.924103	-48.897660	0.693647	continued:5	142315511012103471820664918283921429	533508221140224737	-1,-12,-12,-12,-12	-12,-12,-12,-12	ok
-0.214012	-38.924103	-49.028556	0.693274	continued:5	142315511012103471820664918283921429	533508221140224737	-1,-12,-12,-12,-12	-12,-12,-12,-12	ok
-0.211176	-38.924103	-49.135923	0.692772	full	142315511012103471820664918283921429	533508221140224737	-1,-12,-12,-12,-12	-12,-12,-12,-12	ok
-0.208340	-38.924103	-46.932077	0.700720	continued:5	142315511012103471820664918283921429	533508221140224737	-1,-12,-12,-12,-12	-12,-12,-12,-12	ok
-0.205505	-38.924103	-47.336216	0.698054	continued:5	142315511012103471820664918283921429	533508221140224737	-1,-12,-12,-12,-12	-12,-12,-12,-12	ok
-0.202669	-38.924103	-47.693740	0.695930	continued:5	142315511012103471820664918283921429	533508221140224737	-1,-12,-12,-12,-12	-12,-12,-12,-12	ok
-0.199833	-38.924103	-48.006388	0.694139	continued:5	142315511012103471820664918283921429	533508221140224737	-1,-12,-12,-12,-12	-12,-12,-12,-12	ok
-0.196997	-38.924103	-48.277917	0.692762	continued:5	142315511012103471820664918283921429	533508221140224737	-1,-12,-12,-12,-12	-12,-12,-12,-12	ok
-0.194162	-38.924103	-48.510906	0.691720	continued:5	142315511012103471820664918283921429	533508221140224737	-1,-12,-12,-12,-12	-12,-12,-12,-12	ok
-0.191326	-38.924103	-48.708543	0.690805	continued:5	142315511012103471820664918283921429	533508221140224737	-1,-12,-12,-12,-12	-12,-12,-12,-12	ok
-0.188490	-38.924103	-48.875665	0.690303	continued:5	142315511012103471820664918283921429	533508221140224737	-1,-12,-12,-12,-12	-12,-12,-12,-12	ok
-0.185655	-38.924103	-49.013688	0.690805	full	142315511012103471820664918283921429	533508221140224737	-1,-12,-12,-12,-12	-12,-12,-12,-12	ok
-0.182819	-38.924103	-46.721979	0.699217	continued:5	142315511012103471820664918283921429	533508221140224737	-1,-12,-12,-12,-12	-12,-12,-12,-12	ok
-0.179983	-38.924103	-47.154159	0.696423	continued:5	142315511012103471820664918283921429	533508221140224737	-1,-12,-12,-12,-12	-12,-12,-12,-12	ok
-0.177148	-38.924103	-47.535640	0.693964	continued:5	142315511012103471820664918283921429	533508221140224737	-1,-12,-12,-12,-12	-12,-12,-12,-12	ok
-0.174312	-38.924103	-47.871154	0.692047	continued:5	142315511012103471820664918283921429	533508221140224737	-1,-12,-12,-12,-12	-12,-12,-12,-12	ok
-0.171476	-38.924103	-48.162527	0.690463	continued:5	142315511012103471820664918283921429	533508221140224737	-1,-12,-12,-12,-12	-12,-12,-12,-12	ok
-0.168641	-38.924103	-48.413631	0.689214	continued:5	142315511012103471820664918283921429	533508221140224737	-1,-12,-12,-12,-12	-12,-12,-12,-12	ok
-0.165805	-38.924103	-48.627903	0.688299	continued:5	142315511012103471820664918283921429	533508221140224737	-1,-12,-12,-12,-12	-12,-12,-12,-12	ok
-0.162969	-38.924103	-48.808424	0.687591	continued:5	142315511012103471820664918283921429	533508221140224737	-1,-12,-12,-12,-12	-12,-12,-12,-12	ok
-0.160133	-38.924103	-48.959153	0.687089	continued:5	142315511012103471820664918283921429	533508221140224737	-1,-12,-12,-12,-12	-12,-12,-12,-12	ok
-0.157298	-38.924103	-49.083475	0.686715	full	142315511012103471820664918283921429	533508221140224737	-1,-12,-12,-12,-12	-12,-12,-12,-12	ok
-0.154462	-38.924103	-46.981232	0.695016	continued:5	142315511012103471820664918283921429	533508221140224737	-1,-12,-12,-12,-12	-12,-12,-12,-12	ok
-0.151626	-38.924103	-47.383252	0.692351	continued:5	142315511012103471820664918283921429	533508221140224737	-1,-12,-12,-12,-12	-12,-12,-12,-12	ok
-0.148791	-38.924103	-47.737472	0.690098	continued:5	142315511012103471820664918283921429	533508221140224737	-1,-12,-12,-12,-12	-12,-12,-12,-12	ok
-0.145955	-38.924103	-48.047367	0.688308	continued:5	142315511012103471820664918283921429	533508221140224737	-1,-12,-12,-12,-12	-12,-12,-12,-12	ok
-0.143119	-38.924103	-48.315492	0.686931	continued:5	142315511012103471820664918283921429	533508221140224737	-1,-12,-12,-12,-12	-12,-12,-12,-12	ok
-0.140284	-38.924103	-48.544731	0.685682	continued:5	142315511012103471820664918283921429	533508221140224737	-1,-12,-12,-12,-12	-12,-12,-12,-12	ok
-0.137448	-38.924103	-48.740508	0.684846	continued:5	142315511012103471820664918283921429	533508221140224737	-1,-12,-12,-12,-12	-12,-12,-12,-12	ok
-0.134612	-38.924103	-48.904679	0.684138	continued:5	142315511012103471820664918283921429	533508221140224737	-1,-12,-12,-12,-12	-12,-12,-12,-12	ok
-0.131776	-38.924103	-49.041699	0.683764	continued:5	142315511012103471820664918283921429	533508221140224737	-1,-12,-12,-12,-12	-12,-12,-12,-12	ok
-0.128941	-38.924103	-49.153355	0.683390	full	142315511012103471820664918283921429	533508221140224737	-1,-12,-12,-12,-12	-12,-12,-12,-12	ok
-0.126105	-38.924103	-46.857037	0.692889	continued:5	142315511012103471820664918283921429	533508221140224737	-1,-12,-12,-12,-12	-12,-12,-12,-12	ok
-0.123269	-38.924103	-47.276159	0.690095	continued:5	142315511012103471820664918283921429	533508221140224737	-1,-12,-12,-12,-12	-12,-12,-12,-12	ok
-0.120434	-38.924103	-47.645124	0.687636	continued:5	142315511012103471820664918283921429	533508221140224737	-1,-12,-12,-12,-12	-12,-12,-12,-12	ok
-0.117598	-38.924103	-47.968768	0.685718	continued:5	142315511012103471820664918283921429	533508221140224737	-1,-12,-12,-12,-12	-12,-12,-12,-12	ok
-0.114762	-38.924103	-48.249035	0.684135	continued:5	142315511012103471820664918283921429	533508221140224737	-1,-12,-12,-12,-12	-12,-12,-12,-12	ok
-0.111927	-38.924103	-48.489894	0.682886	continued:5	142315511012103471820664918283921429	533508221140224737	-1,-12,-12,-12,-12	-12,-12,-12,-12	ok
-0.109091	-38.924103	-48.694839	0.681843	continued:5	142315511012103471820664918283921429	533508221140224737	-1,-12,-12,-12,-12	-12,-12,-12,-12	ok
-0.106255	-38.924103	-48.868198	0.681007	continued:5	142315511012103471820664918283921429	533508221140224737	-1,-12,-12,-12,-12	-12,-12,-12,-12	ok
-0.103420	-38.924103	-49.013659	0.680506	continued:5	142315511012103471820664918283921429	533508221140224737	-1,-12,-12,-12,-12	-12,-12,-12,-12	ok
-0.100584	-38.924103	-49.133145	0.680132	continued:5	142315511012103471820664918283921429	533508221140224737	-1,-12,-12,-12,-12	-12,-12,-12,-12	ok
-0.097748	-38.924103	-49.230304	0.679758	full	142315511012103471820664918283921429	533508221140224737	-1,-12,-12,-12,-12	-12,-12,-12,-12	ok
-0.094912	-38.924103	-46.811920	0.689941	continued:5	142315511012103471820664918283921429	533508221140224737	-1,-12,-12,-12,-12	-12,-12,-12,-12	ok
-0.092077	-38.924103	-47.240070	0.687148	continued:5	142315511012103471820664918283921429	533508221140224737	-1,-12,-12,-12,-12	-12,-12,-12,-12	ok
-0.089241	-38.924103	-47.615531	0.684817	continued:5	142315511012103471820664918283921429	533508221140224737	-1,-12,-12,-12,-12	-12,-12,-12,-12	ok
-0.086405	-38.924103	-47.942483	0.682692	continued:5	142315511012103471820664918283921429	533508221140224737	-1,-12,-12,-12,-12	-12,-12,-12,-12	ok
-0.083570	-38.924103	-48.227015	0.680902	continued:5	142315511012103471820664918283921429	533508221140224737	-1,-12,-12,-12,-12	-12,-12,-12,-12	ok
-0.080734	-38.924103	-48.472938	0.679652	continued:5	142315511012103471820664918283921429	533508221140224737	-1,-12,-12,-12,-12	-12,-12,-12,-12	ok
-0.077898	-38.924103	-48.681580	0.678403	continued:5	142315511012103471820664918283921429	533508221140224737	-1,-12,-12,-12,-12	-12,-12,-12,-12	ok
-0.075063	-38.924103	-48.859600	0.677488	continued:5	142315511012103471820664918283921429	533508221140224737	-1,-12,-12,-12,-12	-12,-12,-12,-12	ok
-0.072227	-38.924103	-49.009286	0.676987	continued:5	142315511012103471820664918283921429	533508221140224737	-1,-12,-12,-12,-12	-12,-12,-12,-12	ok
-0.069391	-38.924103	-49.131916	0.676485	continued:5	142315511012103471820664918283921429	533508221140224737	-1,-12,-12,-12,-12	-12,-12,-12,-12	ok
-0.066555	-38.924103	-49.232602	0.676111	continued:5	142315511012103471820664918283921429	533508221140224737	-1,-12,-12,-12,-12	-12,-12,-12,-12	ok
-0.063720	-38.924103	-49.314311	0.675738	full	142315511012103471820664918283921429	533508221140224737	-1,-12,-12,-12,-12	-12,-12,-12,-12	ok
-0.060884	-38.924103	-46.905378	0.686057	continued:5	142315511012103471820664918283921429	533508221140224737	-1,-12,-12,-12,-12	-12,-12,-12,-12	ok
-0.058048	-38.924103	-47.324052	0.683264	continued:5	142315511012103471820664918283921429	533508221140224737	-1,-12,-12,-12,-12	-12,-12,-12,-12	ok
-0.055213	-38.924103	-47.690731	0.680805	continued:5	142315510461008217792063868944499590	533508221140224737	-1,11,-12,-12,-12	-12,-12,-12,-12	ok
-0.052377	-38.924103	-48.010899	0.678680	continued:5	142315510461008217792063868944499590	533508221140224737	-1,11,-12,-12,-12	-12,-12,-12,-12	ok
-0.049541	-38.924103	-48.289067	0.677097	continued:5	142315510461008217792063868944499590	533508221140224737	-1,11,-12,-12,-12	-12,-12,-12,-12	ok
-0.046706	-38.924103	-48.527047	0.675641	continued:5	142315510461008217792063868944499590	533508221140224737	-1,11,-12,-12,-12	-12,-12,-12,-12	ok
-0.043870	-38.924103	-48.730720	0.674598	continued:5	519515760779689445	533461272886383283	-1,11,11,-12	-12,11,-12,-12	ok
-0.041034	-38.924103	-48.902223	0.673762	continued:5	37746956396862430786539214386076205	274761556992759430	-1,11,11,11,11	-12,11,11,11	ok
-0.038198	-38.924103	-49.045504	0.673054	continued:5	37746956396862430786539214386076205	274761556251461169	-1,11,11,11,11	11,11,11,11	ok
-0.035363	-38.924103	-49.164642	0.672553	continued:5	37746956396862430786539214386076205	274761556251461169	-1,11,11,11,11	11,11,11,11	ok
-0.032527	-38.924103	-49.262258	0.672179	continued:5	37746956396862430786539214386076205	274761556251461169	-1,11,11,11,11	11,11,11,11	ok
-0.029691	-38.924103	-49.341288	0.671805	continued:5	37746956396862430786539214386076205	274761556251461169	-1,11,11,11,11	11,11,11,11	ok
-0.026856	-38.924103	-49.405349	0.671431	full	37746956396862430786539214386076205	274761556251461169	-1,11,11,11,11	11,11,11,11	ok
-0.024020	-38.924103	-46.840207	0.682856	continued:5	37746956396862430786539214386076205	274761556251461169	-1,11,11,11,11	11,11,11,11	ok
-0.021184	-38.924103	-47.269264	0.680063	continued:5	37746956396862430786539214386076205	274761556251461169	-1,11,11,11,11	11,11,11,11	ok
-0.018349	-38.924103	-47.643409	0.677397	continued:5	37746956396862430786539214386076205	274761556251461169	-1,11,11,11,11	11,11,11,11	ok
-0.015513	-38.924103	-47.971067	0.675273	continued:5	37746956396862430786539214386076205	274761556251461169	-1,11,11,11,11	11,11,11,11	ok
-0.012677	-38.924103	-48.254696	0.673355	continued:5	37746956396862430786539214386076205	274761556251461169	-1,11,11,11,11	11,11,11,11	ok
-0.009842	-38.924103	-48.499949	0.671899	continued:5	37746956396862430786539214386076205	274761556251461169	-1,11,11,11,11	11,11,11,11	ok
-0.007006	-38.924103	-48.709041	0.670650	continued:5	37746956396862430786539214386076205	274761556251461169	-1,11,11,11,11	11,11,11,11	ok
-0.004170	-38.924103	-48.886553	0.669735	continued:5	37746956396862430786539214386076205	274761556251461169	-1,11,11,11,11	11,11,11,11	ok
-0.001334	-38.924103	-49.035095	0.668899	continued:5	37746956396862430786539214386076205	274761556251461169	-1,11,11,11,11	11,11,11,11	ok
0.001501	-38.924103	-49.159408	0.668191	continued:5	37746956396862430786539214386076205	274761556251461169	-1,11,11,11,11	11,11,11,11	ok
0.004337	-38.924103	-49.262910	0.667817	continued:5	37746956396862430786539214386076205	274761556251461169	-1,11,11,11,11	11,11,11,11	ok
0.007173	-38.924103	-49.346440	0.667315	continued:5	37746956396862430786539214386076205	274761556251461169	-1,11,11,11,11	11,11,11,11	ok
0.010008	-38.924103	-49.415149	0.667148	continued:5	37746956396862430786539214386076205	274761556251461169	-1,11,11,11,11	11,11,11,11	ok
0.012844	-38.924103	-49.468788	0.666981	continued:5	37746956396862430786539214386076205	274761556251461169	-1,11,11,11,11	11,11,11,11	ok
0.015680	-38.924103	-49.510367	0.665732	full	37746956396862430786539214386076205	274761556251461169	-1,11,11,11,11	11,11,11,11	ok
0.018515	-38.924103								error: T SSCS does not start with ±1: [-2, 11, 11, 11, 11]
0.021351	-38.924103								error: T SSCS does not start with ±1: [-2, 11, 11, 11, 11]
0.024187	-38.924103								error: T SSCS does not start with ±1: [-2, 11, 11, 11, 11]
0.027023	-38.924103								error: T SSCS does not start with ±1: [-2, 11, 11, 11, 11]
0.029858	-38.924103								error: T SSCS does not start with ±1: [-2, 11, 11, 11, 11]
0.032694	-38.924103								error: T SSCS does not start with ±1: [-2, 11, 11, 11, 11]
0.035530	-38.924103								error: T SSCS does not start with ±1: [-2, 11, 11, 11, 11]
0.038365	-38.924103								error: T SSCS does not start with ±1: [-2, 11, 11, 11, 11]
0.041201	-38.924103								error: T SSCS does not start with ±1: [-2, 11, 11, 11, 11]
0.044037	-38.924103								error: T SSCS does not start with ±1: [-2, 11, 11, 11, 11]
0.046872	-38.924103								error: T SSCS does not start with ±1: [-2, 11, 11, 11, 11]
0.049708	-38.924103								error: T SSCS does not start with ±1: [-2, 11, 11, 11, 11]
0.052544	-38.924103								error: T SSCS does not start with ±1: [-2, 11, 11, 11, 11]
0.055379	-38.924103								error: T SSCS does not start with ±1: [-2, 11, 11, 11, 11]
0.058215	-38.924103								error: T SSCS does not start with ±1: [-2, 11, 11, 11, 11]
0.061051	-38.924103								error: T SSCS does not start with ±1: [-2, 11, 11, 11, 11]
0.063887	-38.924103								error: T SSCS does not start with ±1: [-2, 11, 11, 11, 11]
0.066722	-38.924103								error: T SSCS does not start with ±1: [-2, 11, 11, 11, 11]
0.069558	-38.924103								error: T SSCS does not start with ±1: [-2, 11, 11, 11, 11]
0.072394	-38.924103								error: T SSCS does not start with ±1: [-2, 11, 11, 11, 11]
0.075229	-38.924103								error: T SSCS does not start with ±1: [-2, 11, 11, 11, 11]
0.078065	-38.924103								error: T SSCS does not start with ±1: [-2, 11, 11, 11, 11]
0.080901	-38.924103								error: T SSCS does not start with ±1: [-2, 11, 11, 11, 11]
0.083736	-38.924103								error: T SSCS does not start with ±1: [-2, 11, 11, 11, 11]
0.086572	-38.924103								error: T SSCS does not start with ±1: [-2, 11, 11, 11, 11]
0.089408	-38.924103								error: T SSCS does not start with ±1: [-2, 11, 11, 11, 11]
0.092244	-38.924103								error: T SSCS does not start with ±1: [-2, 11, 11, 11, 11]
0.095079	-38.924103								error: T SSCS does not start with ±1: [-2, 11, 11, 11, 11]
0.097915	-38.924103								error: T SSCS does not start with ±1: [-2, 11, 11, 11, 11]
0.100751	-38.924103								error: T SSCS does not start with ±1: [-2, 11, 11, 11, 11]
0.103586	-38.924103								error: T SSCS does not start with ±1: [-2, 11, 11, 11, 11]
0.106422	-38.924103								error: T SSCS does not start with ±1: [-2, 11, 11, 11, 11]
0.109258	-38.924103								error: T SSCS does not start with ±1: [-2, 11, 11, 11, 11]
0.112093	-38.924103								error: T SSCS does not start with ±1: [-2, 11, 11, 11, 11]
0.114929	-38.924103								error: T SSCS does not start with ±1: [-2, 11, 11, 11, 11]
0.117765	-38.924103								error: T SSCS does not start with ±1: [-2, 11, 11, 11, 11]
0.120601	-38.924103								error: T SSCS does not start with ±1: [-2, 11, 11, 11, 11]
0.123436	-38.924103								error: T SSCS does not start with ±1: [-2, 11, 11, 11, 11]
0.126272	-38.924103								error: T SSCS does not start with ±1: [-2, 11, 11, 11, 11]
0.129108	-38.924103								error: T SSCS does not start with ±1: [-2, 11, 11, 11, 11]
0.131943	-38.924103								error: T SSCS does not start with ±1: [-2, 11, 11, 11, 11]
0.134779	-38.924103								error: T SSCS does not start with ±1: [-2, 11, 11, 11, 11]
0.137615	-38.924103								error: T SSCS does not start with ±1: [-2, 11, 11, 11, 11]
0.140450	-38.924103								error: T SSCS does not start with ±1: [-2, -11, 11, 11, 11]
0.143286	-38.924103								error: T SSCS does not start with ±1: [-2, -11, -11, -11, -11]
0.146122	-38.924103								error: T SSCS does not start with ±1: [-2, -11, -11, -11, -11]
0.148957	-38.924103								error: T SSCS does not start with ±1: [-2, -11, -11, -11, -11]
0.151793	-38.924103								error: T SSCS does not start with ±1: [-2, -11, -11, -11, -11]
0.154629	-38.924103								error: T SSCS does not start with ±1: [-2, -11, -11, -11, -11]
0.157465	-38.924103								error: T SSCS does not start with ±1: [-2, -11, -11, -11, -11]
0.160300	-38.924103								error: T SSCS does not start with ±1: [-2, -11, -11, -11, -11]
0.163136	-38.924103								error: T SSCS does not start with ±1: [-2, -11, -11, -11, -11]
0.165972	-38.924103								error: T SSCS does not start with ±1: [-2, -11, -11, -11, -11]
0.168807	-38.924103								error: T SSCS does not start with ±1: [-2, -11, -11, -11, -11]
0.171643	-38.924103								error: T SSCS does not start with ±1: [-2, -11, -11, -11, -11]
0.174479	-38.924103								error: T SSCS does not start with ±1: [-2, -11, -11, -11, -11]
0.177314	-38.924103								error: T SSCS does not start with ±1: [-2, -11, -11, -11, -11]
0.180150	-38.924103								error: T SSCS does not start with ±1: [-2, -11, -11, -11, -11]
0.182986	-38.924103								error: T SSCS does not start with ±1: [-2, -11, -11, -11, -11]
0.185822	-38.924103								error: T SSCS does not start with ±1: [-2, -11, -11, -11, -11]
0.188657	-38.924103								error: T SSCS does not start with ±1: [-2, -11, -11, -11, -11]
0.191493	-38.924103								error: T SSCS does not start with ±1: [-2, -11, -11, -11, -11]
0.194329	-38.924103								error: T SSCS does not start with ±1: [-2, -11, -11, -11, -11]
0.197164	-38.924103								error: T SSCS does not start with ±1: [-2, -11, -11, -11, -11]
0.200000	-38.924103								error: T SSCS does not start with ±1: [-2, -11, -11, -11, -11]
