delta_x	delta_ca	T0_V	T0_Ca	T0_method	T_encoding	gamma_encoding	T_scs	gamma_scs	status
-3.200000	-45.829858								error: Expected at least three slow-subsystem equilibria, got 1.
-3.197164	-45.829858								error: Expected at least three slow-subsystem equilibria, got 1.
-3.194329	-45.829858								error: Expected at least three slow-subsystem equilibria, got 1.
-3.191493	-45.829858								error: Could not locate the first local maximum of the reduced return map.
-3.188657	-45.829858								error: Could not locate the first local maximum of the reduced return map.
-3.185822	-45.829858								error: Could not locate the first local maximum of the reduced return map.
-3.182986	-45.829858								error: Could not locate the first local maximum of the reduced return map.
-3.180150	-45.829858								error: Could not locate the first local maximum of the reduced return map.
-3.177314	-45.829858								error: Could not locate the first local maximum of the reduced return map.
-3.174479	-45.829858								error: Could not locate the first local maximum of the reduced return map.
-3.171643	-45.829858								error: Could not locate the first local maximum of the reduced return map.
-3.168807	-45.829858								error: Could not locate the first local maximum of the reduced return map.
-3.165972	-45.829858								error: Could not locate the first local maximum of the reduced return map.
-3.163136	-45.829858								error: Could not locate the first local maximum of the reduced return map.
-3.160300	-45.829858								error: Could not locate the first local maximum of the reduced return map.
-3.157465	-45.829858								error: Could not locate the first local maximum of the reduced return map.
-3.154629	-45.829858								error: Could not locate the first local maximum of the reduced return map.
-3.151793	-45.829858								error: Could not locate the first local maximum of the reduced return map.
-3.148957	-45.829858								error: Could not locate the first local maximum of the reduced return map.
-3.146122	-45.829858								error: Could not locate the first local maximum of the reduced return map.
-3.143286	-45.829858								error: BoundsError: attempt to access 0-element Vector{Float64} at index [1]
-3.140450	-45.829858								error: BoundsError: attempt to access 0-element Vector{Float64} at index [1]
-3.137615	-45.829858								error: BoundsError: attempt to access 0-element Vector{Float64} at index [1]
-3.134779	-45.829858								error: BoundsError: attempt to access 0-element Vector{Float64} at index [1]
-3.131943	-45.829858								error: BoundsError: attempt to access 0-element Vector{Float64} at index [1]
-3.129108	-45.829858								error: BoundsError: attempt to access 0-element Vector{Float64} at index [1]
-3.126272	-45.829858								error: BoundsError: attempt to access 0-element Vector{Float64} at index [1]
-3.123436	-45.829858								error: BoundsError: attempt to access 0-element Vector{Float64} at index [1]
-3.120601	-45.829858								error: BoundsError: attempt to access 0-element Vector{Float64} at index [1]
-3.117765	-45.829858								error: BoundsError: attempt to access 0-element Vector{Float64} at index [1]
-3.114929	-45.829858								error: BoundsError: attempt to access 0-element Vector{Float64} at index [1]
-3.112093	-45.829858								error: BoundsError: attempt to access 0-element Vector{Float64} at index [1]
-3.109258	-45.829858								error: BoundsError: attempt to access 0-element Vector{Float64} at index [1]
-3.106422	-45.829858								error: BoundsError: attempt to access 0-element Vector{Float64} at index [1]
-3.103586	-45.829858								error: BoundsError: attempt to access 0-element Vector{Float64} at index [1]
-3.100751	-45.829858								error: BoundsError: attempt to access 0-element Vector{Float64} at index [1]
-3.097915	-45.829858								error: BoundsError: attempt to access 0-element Vector{Float64} at index [1]
-3.095079	-45.829858								error: BoundsError: attempt to access 0-element Vector{Float64} at index [1]
-3.092244	-45.829858								error: BoundsError: attempt to access 0-element Vector{Float64} at index [1]
-3.089408	-45.829858								error: BoundsError: attempt to access 0-element Vector{Float64} at index [1]
-3.086572	-45.829858								error: BoundsError: attempt to access 0-element Vector{Float64} at index [1]
-3.083736	-45.829858								error: BoundsError: attempt to access 0-element Vector{Float64} at index [1]
-3.080901	-45.829858								error: BoundsError: attempt to access 0-element Vector{Float64} at index [1]
-3.078065	-45.829858								error: BoundsError: attempt to access 0-element Vector{Float64} at index [1]
-3.075229	-45.829858								error: BoundsError: attempt to access 0-element Vector{Float64} at index [1]
-3.072394	-45.829858								error: BoundsError: attempt to access 0-element Vector{Float64} at index [1]
-3.069558	-45.829858								error: BoundsError: attempt to access 0-element Vector{Float64} at index [1]
-3.066722	-45.829858								error: BoundsError: attempt to access 0-element Vector{Float64} at index [1]
-3.063887	-45.829858								error: BoundsError: attempt to access 0-element Vector{Float64} at index [1]
-3.061051	-45.829858								error: BoundsError: attempt to access 0-element Vector{Float64} at index [1]
-3.058215	-45.829858								error: BoundsError: attempt to access 0-element Vector{Float64} at index [1]
-3.055379	-45.829858								error: BoundsError: attempt to access 0-element Vector{Float64} at index [1]
-3.052544	-45.829858								error: BoundsError: attempt to access 0-element Vector{Float64} at index [1]
-3.049708	-45.829858								error: BoundsError: attempt to access 0-element Vector{Float64} at index [1]
-3.046872	-45.829858								error: BoundsError: attempt to access 0-element Vector{Float64} at index [1]
-3.044037	-45.829858								error: BoundsError: attempt to access 0-element Vector{Float64} at index [1]
-3.041201	-45.829858								error: BoundsError: attempt to access 0-element Vector{Float64} at index [1]
-3.038365	-45.829858								error: BoundsError: attempt to access 0-element Vector{Float64} at index [1]
-3.035530	-45.829858								error: Could not locate the first local maximum of the reduced return map.
-3.032694	-45.829858								error: Could not locate the first local maximum of the reduced return map.
-3.029858	-45.829858								error: Could not locate the first local maximum of the reduced return map.
-3.027023	-45.829858								error: Could not locate the first local maximum of the reduced return map.
-3.024187	-45.829858								error: Could not locate the first local maximum of the reduced return map.
-3.021351	-45.829858								error: Could not locate the first local maximum of the reduced return map.
-3.018515	-45.829858								error: Could not locate the first local maximum of the reduced return map.
-3.015680	-45.829858								error: Could not locate the first local maximum of the reduced return map.
-3.012844	-45.829858								error: Could not locate the first local maximum of the reduced return map.
-3.010008	-45.829858								error: Could not locate the first local maximum of the reduced return map.
-3.007173	-45.829858								error: Could not locate the first local maximum of the reduced return map.
-3.004337	-45.829858								error: Could not locate the first local maximum of the reduced return map.
-3.001501	-45.829858								error: Could not locate the first local maximum of the reduced return map.
-2.998666	-45.829858								error: Could not locate the first local maximum of the reduced return map.
-2.995830	-45.829858								error: Could not locate the first local maximum of the reduced return map.
-2.992994	-45.829858								error: Could not locate the first local maximum of the reduced return map.
-2.990158	-45.829858								error: Could not locate the first local maximum of the reduced return map.
-2.987323	-45.829858								error: Could not locate the first local maximum of the reduced return map.
-2.984487	-45.829858								error: Could not locate the first local maximum of the reduced return map.
-2.981651	-45.829858								error: Could not locate the first local maximum of the reduced return map.
-2.978816	-45.829858								error: Could not locate the first local maximum of the reduced return map.
-2.975980	-45.829858								error: Could not locate the first local maximum of the reduced return map.
-2.973144	-45.829858								error: Could not locate the first local maximum of the reduced return map.
-2.970309	-45.829858								error: Could not locate the first local maximum of the reduced return map.
-2.967473	-45.829858								error: Could not locate the first local maximum of the reduced return map.
-2.964637	-45.829858								error: Could not locate the first local maximum of the reduced return map.
-2.961802	-45.829858								error: Could not locate the first local maximum of the reduced return map.
-2.958966	-45.829858								error: Could not locate the first local maximum of the reduced return map.
-2.956130	-45.829858								error: Could not locate the first local maximum of the reduced return map.
-2.953294	-45.829858								error: Could not locate the first local maximum of the reduced return map.
-2.950459	-45.829858								error: Could not locate the first local maximum of the reduced return map.
-2.947623	-45.829858								error: Could not locate the first local maximum of the reduced return map.
-2.944787	-45.829858								error: Could not locate the first local maximum of the reduced return map.
-2.941952	-45.829858								error: Could not locate the first local maximum of the reduced return map.
-2.939116	-45.829858								error: Could not locate the first local maximum of the reduced return map.
-2.936280	-45.829858								error: Could not locate the first local maximum of the reduced return map.
-2.933445	-45.829858								error: Could not locate the first local maximum of the reduced return map.
-2.930609	-45.829858								error: Could not locate the first local maximum of the reduced return map.
-2.927773	-45.829858								error: Could not locate the first local maximum of the reduced return map.
-2.924937	-45.829858								error: Could not locate the first local maximum of the reduced return map.
-2.922102	-45.829858								error: Could not locate the first local maximum of the reduced return map.
-2.919266	-45.829858								error: Could not locate the first local maximum of the reduced return map.
-2.916430	-45.829858								error: Could not locate the first local maximum of the reduced return map.
-2.913595	-45.829858								error: Could not locate the first local maximum of the reduced return map.
-2.910759	-45.829858								error: Could not locate the first local maximum of the reduced return map.
-2.907923	-45.829858								error: Could not locate the first local maximum of the reduced return map.
-2.905088	-45.829858								error: Could not locate the first local maximum of the reduced return map.
-2.902252	-45.829858								error: Could not locate the first local maximum of the reduced return map.
-2.899416	-45.829858								error: Could not locate the first local maximum of the reduced return map.
-2.896580	-45.829858								error: Could not locate the first local maximum of the reduced return map.
-2.893745	-45.829858								error: Could not locate the first local maximum of the reduced return map.
-2.890909	-45.829858								error: Could not locate the first local maximum of the reduced return map.
-2.888073	-45.829858								error: Could not locate the first local maximum of the reduced return map.
-2.885238	-45.829858								error: Could not locate the first local maximum of the reduced return map.
-2.882402	-45.829858								error: Could not locate the first local maximum of the reduced return map.
-2.879566	-45.829858								error: Could not locate the first local maximum of the reduced return map.
-2.876731	-45.829858								error: Could not locate the first local maximum of the reduced return map.
-2.873895	-45.829858								error: Could not locate the first local maximum of the reduced return map.
-2.871059	-45.829858								error: Could not locate the first local maximum of the reduced return map.
-2.868224	-45.829858								error: Could not locate the first local maximum of the reduced return map.
-2.865388	-45.829858								error: Could not locate the first local maximum of the reduced return map.
-2.862552	-45.829858								error: Could not locate the first local maximum of the reduced return map.
-2.859716	-45.829858								error: Could not locate the first local maximum of the reduced return map.
-2.856881	-45.829858								error: Could not locate the first local maximum of the reduced return map.
-2.854045	-45.829858								error: Could not locate the first local maximum of the reduced return map.
-2.851209	-45.829858								error: Could not locate the first local maximum of the reduced return map.
-2.848374	-45.829858								error: Could not locate the first local maximum of the reduced return map.
-2.845538	-45.829858								error: Could not locate the first local maximum of the reduced return map.
-2.842702	-45.829858								error: Could not locate the first local maximum of the reduced return map.
-2.839867	-45.829858								error: Could not locate the first local maximum of the reduced return map.
-2.837031	-45.829858								error: Could not locate the first local maximum of the reduced return map.
-2.834195	-45.829858								error: Could not locate the first local maximum of the reduced return map.
-2.831359	-45.829858								error: Could not locate the first local maximum of the reduced return map.
-2.828524	-45.829858								error: Could not locate the first local maximum of the reduced return map.
-2.825688	-45.829858								error: Could not locate the first local maximum of the reduced return map.
-2.822852	-45.829858								error: Could not locate the first local maximum of the reduced return map.
-2.820017	-45.829858								error: Could not locate the first local maximum of the reduced return map.
-2.817181	-45.829858								error: Could not locate the first local maximum of the reduced return map.
-2.814345	-45.829858								error: Could not locate the first local maximum of the reduced return map.
-2.811510	-45.829858								error: Could not locate the first local maximum of the reduced return map.
-2.808674	-45.829858								error: Could not locate the first local maximum of the reduced return map.
-2.805838	-45.829858								error: Could not locate the first local maximum of the reduced return map.
-2.803003	-45.829858								error: Expected at least three slow-subsystem equilibria, got 1.
-2.800167	-45.829858								error: Expected at least three slow-subsystem equilibria, got 1.
-2.797331	-45.829858								error: Expected at least three slow-subsystem equilibria, got 1.
-2.794495	-45.829858								error: Expected at least three slow-subsystem equilibria, got 1.
-2.791660	-45.829858								error: Expected at least three slow-subsystem equilibria, got 1.
-2.788824	-45.829858								error: Expected at least three slow-subsystem equilibria, got 1.
-2.785988	-45.829858								error: Expected at least three slow-subsystem equilibria, got 1.
-2.783153	-45.829858								error: Expected at least three slow-subsystem equilibria, got 1.
-2.780317	-45.829858								error: Expected at least three slow-subsystem equilibria, got 1.
-2.777481	-45.829858								error: Expected at least three slow-subsystem equilibria, got 1.
-2.774646	-45.829858								error: Expected at least three slow-subsystem equilibria, got 1.
-2.771810	-45.829858								error: Expected at least three slow-subsystem equilibria, got 1.
-2.768974	-45.829858								error: Expected at least three slow-subsystem equilibria, got 1.
-2.766138	-45.829858								error: Expected at least three slow-subsystem equilibria, got 1.
-2.763303	-45.829858								error: Expected at least three slow-subsystem equilibria, got 1.
-2.760467	-45.829858								error: Expected at least three slow-subsystem equilibria, got 1.
-2.757631	-45.829858								error: Expected at least three slow-subsystem equilibria, got 1.
-2.754796	-45.829858								error: Expected at least three slow-subsystem equilibria, got 1.
-2.751960	-45.829858								error: Expected at least three slow-subsystem equilibria, got 1.
-2.749124	-45.829858								error: Expected at least three slow-subsystem equilibria, got 1.
-2.746289	-45.829858								error: Expected at least three slow-subsystem equilibria, got 1.
-2.743453	-45.829858								error: Expected at least three slow-subsystem equilibria, got 1.
-2.740617	-45.829858								error: Expected at least three slow-subsystem equilibria, got 1.
-2.737781	-45.829858								error: Expected at least three slow-subsystem equilibria, got 1.
-2.734946	-45.829858								error: Expected at least three slow-subsystem equilibria, got 1.
-2.732110	-45.829858								error: Expected at least three slow-subsystem equilibria, got 1.
-2.729274	-45.829858								error: Expected at least three slow-subsystem equilibria, got 1.
-2.726439	-45.829858								error: Expected at least three slow-subsystem equilibria, got 1.
-2.723603	-45.829858								error: Expected at least three slow-subsystem equilibria, got 1.
-2.720767	-45.829858								error: Expected at least three slow-subsystem equilibria, got 1.
-2.717932	-45.829858								error: Expected at least three slow-subsystem equilibria, got 1.
-2.715096	-45.829858								error: Expected at least three slow-subsystem equilibria, got 1.
-2.712260	-45.829858								error: Expected at least three slow-subsystem equilibria, got 1.
-2.709425	-45.829858								error: Expected at least three slow-subsystem equilibria, got 1.
-2.706589	-45.829858								error: Expected at least three slow-subsystem equilibria, got 1.
-2.703753	-45.829858								error: Expected at least three slow-subsystem equilibria, got 1.
-2.700917	-45.829858								error: Expected at least three slow-subsystem equilibria, got 1.
-2.698082	-45.829858								error: Expected at least three slow-subsystem equilibria, got 1.
-2.695246	-45.829858								error: Expected at least three slow-subsystem equilibria, got 1.
-2.692410	-45.829858								error: Expected at least three slow-subsystem equilibria, got 1.
-2.689575	-45.829858								error: Expected at least three slow-subsystem equilibria, got 1.
-2.686739	-45.829858								error: Expected at least three slow-subsystem equilibria, got 1.
-2.683903	-45.829858								error: Expected at least three slow-subsystem equilibria, got 1.
-2.681068	-45.829858								error: Expected at least three slow-subsystem equilibria, got 1.
-2.678232	-45.829858								error: Expected at least three slow-subsystem equilibria, got 1.
-2.675396	-45.829858								error: Expected at least three slow-subsystem equilibria, got 1.
-2.672560	-45.829858								error: Expected at least three slow-subsystem equilibria, got 1.
-2.669725	-45.829858								error: Expected at least three slow-subsystem equilibria, got 1.
-2.666889	-45.829858								error: Expected at least three slow-subsystem equilibria, got 1.
-2.664053	-45.829858								error: Expected at least three slow-subsystem equilibria, got 1.
-2.661218	-45.829858								error: Expected at least three slow-subsystem equilibria, got 1.
-2.658382	-45.829858								error: Expected at least three slow-subsystem equilibria, got 1.
-2.655546	-45.829858								error: Expected at least three slow-subsystem equilibria, got 1.
-2.652711	-45.829858								error: Expected at least three slow-subsystem equilibria, got 1.
-2.649875	-45.829858								error: Expected at least three slow-subsystem equilibria, got 1.
-2.647039	-45.829858								error: Expected at least three slow-subsystem equilibria, got 1.
-2.644204	-45.829858								error: Expected at least three slow-subsystem equilibria, got 1.
-2.641368	-45.829858								error: Expected at least three slow-subsystem equilibria, got 1.
-2.638532	-45.829858								error: Expected at least three slow-subsystem equilibria, got 1.
-2.635696	-45.829858								error: Expected at least three slow-subsystem equilibria, got 1.
-2.632861	-45.829858								error: Expected at least three slow-subsystem equilibria, got 1.
-2.630025	-45.829858								error: Expected at least three slow-subsystem equilibria, got 1.
-2.627189	-45.829858								error: Expected at least three slow-subsystem equilibria, got 1.
-2.624354	-45.829858								error: Expected at least three slow-subsystem equilibria, got 1.
-2.621518	-45.829858								error: Expected at least three slow-subsystem equilibria, got 1.
-2.618682	-45.829858								error: Expected at least three slow-subsystem equilibria, got 1.
-2.615847	-45.829858								error: Expected at least three slow-subsystem equilibria, got 1.
-2.613011	-45.829858								error: Expected at least three slow-subsystem equilibria, got 1.
-2.610175	-45.829858								error: Expected at least three slow-subsystem equilibria, got 1.
-2.607339	-45.829858								error: Expected at least three slow-subsystem equilibria, got 1.
-2.604504	-45.829858								error: Expected at least three slow-subsystem equilibria, got 1.
-2.601668	-45.829858								error: Expected at least three slow-subsystem equilibria, got 1.
-2.598832	-45.829858								error: Expected at least three slow-subsystem equilibria, got 1.
-2.595997	-45.829858								error: Expected at least three slow-subsystem equilibria, got 1.
-2.593161	-45.829858								error: Expected at least three slow-subsystem equilibria, got 1.
-2.590325	-45.829858								error: Expected at least three slow-subsystem equilibria, got 1.
-2.587490	-45.829858								error: Expected at least three slow-subsystem equilibria, got 1.
-2.584654	-45.829858								error: Expected at least three slow-subsystem equilibria, got 1.
-2.581818	-45.829858								error: Expected at least three slow-subsystem equilibria, got 1.
-2.578982	-45.829858								error: Expected at least three slow-subsystem equilibria, got 1.
-2.576147	-45.829858								error: Expected at least three slow-subsystem equilibria, got 1.
-2.573311	-45.829858								error: Expected at least three slow-subsystem equilibria, got 1.
-2.570475	-45.829858								error: Expected at least three slow-subsystem equilibria, got 1.
-2.567640	-45.829858								error: Expected at least three slow-subsystem equilibria, got 1.
-2.564804	-45.829858								error: Expected at least three slow-subsystem equilibria, got 1.
-2.561968	-45.829858								error: Expected at least three slow-subsystem equilibria, got 1.
-2.559133	-45.829858								error: Expected at least three slow-subsystem equilibria, got 1.
-2.556297	-45.829858								error: Expected at least three slow-subsystem equilibria, got 1.
-2.553461	-45.829858								error: Expected at least three slow-subsystem equilibria, got 1.
-2.550626	-45.829858								error: Expected at least three slow-subsystem equilibria, got 1.
-2.547790	-45.829858								error: Expected at least three slow-subsystem equilibria, got 1.
-2.544954	-45.829858								error: Expected at least three slow-subsystem equilibria, got 1.
-2.542118	-45.829858								error: Expected at least three slow-subsystem equilibria, got 1.
-2.539283	-45.829858								error: Expected at least three slow-subsystem equilibria, got 1.
-2.536447	-45.829858								error: Expected at least three slow-subsystem equilibria, got 1.
-2.533611	-45.829858								error: Expected at least three slow-subsystem equilibria, got 1.
-2.530776	-45.829858								error: Expected at least three slow-subsystem equilibria, got 1.
-2.527940	-45.829858								error: Expected at least three slow-subsystem equilibria, got 1.
-2.525104	-45.829858								error: Expected at least three slow-subsystem equilibria, got 1.
-2.522269	-45.829858								error: Expected at least three slow-subsystem equilibria, got 1.
-2.519433	-45.829858								error: Expected at least three slow-subsystem equilibria, got 1.
-2.516597	-45.829858								error: Expected at least three slow-subsystem equilibria, got 1.
-2.513761	-45.829858								error: Expected at least three slow-subsystem equilibria, got 1.
-2.510926	-45.829858								error: Expected at least three slow-subsystem equilibria, got 1.
-2.508090	-45.829858								error: Expected at least three slow-subsystem equilibria, got 1.
-2.505254	-45.829858								error: Expected at least three slow-subsystem equilibria, got 1.
-2.502419	-45.829858								error: Expected at least three slow-subsystem equilibria, got 1.
-2.499583	-45.829858								error: Expected at least three slow-subsystem equilibria, got 1.
-2.496747	-45.829858								error: Expected at least three slow-subsystem equilibria, got 1.
-2.493912	-45.829858								error: Expected at least three slow-subsystem equilibria, got 1.
-2.491076	-45.829858								error: Expected at least three slow-subsystem equilibria, got 1.
-2.488240	-45.829858								error: Expected at least three slow-subsystem equilibria, got 1.
-2.485405	-45.829858								error: Expected at least three slow-subsystem equilibria, got 1.
-2.482569	-45.829858								error: Expected at least three slow-subsystem equilibria, got 1.
-2.479733	-45.829858								error: Expected at least three slow-subsystem equilibria, got 1.
-2.476897	-45.829858								error: Expected at least three slow-subsystem equilibria, got 1.
-2.474062	-45.829858								error: Expected at least three slow-subsystem equilibria, got 1.
-2.471226	-45.829858								error: Expected at least three slow-subsystem equilibria, got 1.
-2.468390	-45.829858								error: Expected at least three slow-subsystem equilibria, got 1.
-2.465555	-45.829858								error: Expected at least three slow-subsystem equilibria, got 1.
-2.462719	-45.829858								error: Expected at least three slow-subsystem equilibria, got 1.
-2.459883	-45.829858								error: Expected at least three slow-subsystem equilibria, got 1.
-2.457048	-45.829858								error: Expected at least three slow-subsystem equilibria, got 1.
-2.454212	-45.829858								error: Expected at least three slow-subsystem equilibria, got 1.
-2.451376	-45.829858								error: Expected at least three slow-subsystem equilibria, got 1.
-2.448540	-45.829858								error: Expected at least three slow-subsystem equilibria, got 1.
-2.445705	-45.829858								error: Expected at least three slow-subsystem equilibria, got 1.
-2.442869	-45.829858								error: Expected at least three slow-subsystem equilibria, got 1.
-2.440033	-45.829858								error: Expected at least three slow-subsystem equilibria, got 1.
-2.437198	-45.829858								error: Expected at least three slow-subsystem equilibria, got 1.
-2.434362	-45.829858								error: Expected at least three slow-subsystem equilibria, got 1.
-2.431526	-45.829858								error: Expected at least three slow-subsystem equilibria, got 1.
-2.428691	-45.829858								error: Expected at least three slow-subsystem equilibria, got 1.
-2.425855	-45.829858								error: Expected at least three slow-subsystem equilibria, got 1.
-2.423019	-45.829858								error: Expected at least three slow-subsystem equilibria, got 1.
-2.420183	-45.829858								error: Expected at least three slow-subsystem equilibria, got 1.
-2.417348	-45.829858								error: Expected at least three slow-subsystem equilibria, got 1.
-2.414512	-45.829858								error: Expected at least three slow-subsystem equilibria, got 1.
-2.411676	-45.829858								error: Expected at least three slow-subsystem equilibria, got 1.
-2.408841	-45.829858								error: Expected at least three slow-subsystem equilibria, got 1.
-2.406005	-45.829858								error: Expected at least three slow-subsystem equilibria, got 1.
-2.403169	-45.829858								error: Expected at least three slow-subsystem equilibria, got 1.
-2.400334	-45.829858								error: Expected at least three slow-subsystem equilibria, got 1.
-2.397498	-45.829858								error: Expected at least three slow-subsystem equilibria, got 1.
-2.394662	-45.829858								error: Expected at least three slow-subsystem equilibria, got 1.
-2.391827	-45.829858								error: Expected at least three slow-subsystem equilibria, got 1.
-2.388991	-45.829858								error: Expected at least three slow-subsystem equilibria, got 1.
-2.386155	-45.829858								error: Expected at least three slow-subsystem equilibria, got 1.
-2.383319	-45.829858								error: Expected at least three slow-subsystem equilibria, got 1.
-2.380484	-45.829858								error: Expected at least three slow-subsystem equilibria, got 1.
-2.377648	-45.829858								error: Expected at least three slow-subsystem equilibria, got 1.
-2.374812	-45.829858								error: Expected at least three slow-subsystem equilibria, got 1.
-2.371977	-45.829858								error: Expected at least three slow-subsystem equilibria, got 1.
-2.369141	-45.829858								error: Expected at least three slow-subsystem equilibria, got 1.
-2.366305	-45.829858								error: Expected at least three slow-subsystem equilibria, got 1.
-2.363470	-45.829858								error: Expected at least three slow-subsystem equilibria, got 1.
-2.360634	-45.829858								error: Expected at least three slow-subsystem equilibria, got 1.
-2.357798	-45.829858								error: Could not locate the first local maximum of the reduced return map.
-2.354962	-45.829858								error: Could not locate the first local maximum of the reduced return map.
-2.352127	-45.829858								error: Could not locate the first local maximum of the reduced return map.
-2.349291	-45.829858								error: Could not locate the first local maximum of the reduced return map.
-2.346455	-45.829858								error: Could not locate the first local maximum of the reduced return map.
-2.343620	-45.829858								error: Could not locate the first local maximum of the reduced return map.
-2.340784	-45.829858								error: Could not locate the first local maximum of the reduced return map.
-2.337948	-45.829858								error: Could not locate the first local maximum of the reduced return map.
-2.335113	-45.829858								error: Could not locate the first local maximum of the reduced return map.
-2.332277	-45.829858								error: Could not locate the first local maximum of the reduced return map.
-2.329441	-45.829858								error: Could not locate the first local maximum of the reduced return map.
-2.326606	-45.829858								error: Could not locate the first local maximum of the reduced return map.
-2.323770	-45.829858								error: Could not locate the first local maximum of the reduced return map.
-2.320934	-45.829858								error: Could not locate the first local maximum of the reduced return map.
-2.318098	-45.829858								error: Could not locate the first local maximum of the reduced return map.
-2.315263	-45.829858								error: Could not locate the first local maximum of the reduced return map.
-2.312427	-45.829858								error: Could not locate the first local maximum of the reduced return map.
-2.309591	-45.829858								error: Could not locate the first local maximum of the reduced return map.
-2.306756	-45.829858								error: Could not locate the first local maximum of the reduced return map.
-2.303920	-45.829858								error: Could not locate the first local maximum of the reduced return map.
-2.301084	-45.829858								error: Could not locate the first local maximum of the reduced return map.
-2.298249	-45.829858								error: Could not locate the first local maximum of the reduced return map.
-2.295413	-45.829858								error: Could not locate the first local maximum of the reduced return map.
-2.292577	-45.829858								error: Could not locate the first local maximum of the reduced return map.
-2.289741	-45.829858								error: Could not locate the first local maximum of the reduced return map.
-2.286906	-45.829858								error: Could not locate the first local maximum of the reduced return map.
-2.284070	-45.829858								error: Could not locate the first local maximum of the reduced return map.
-2.281234	-45.829858								error: Could not locate the first local maximum of the reduced return map.
-2.278399	-45.829858								error: Could not locate the first local maximum of the reduced return map.
-2.275563	-45.829858								error: Could not locate the first local maximum of the reduced return map.
-2.272727	-45.829858								error: Could not locate the first local maximum of the reduced return map.
-2.269892	-45.829858								error: Could not locate the first local maximum of the reduced return map.
-2.267056	-45.829858								error: Could not locate the first local maximum of the reduced return map.
-2.264220	-45.829858								error: Could not locate the first local maximum of the reduced return map.
-2.261384	-45.829858								error: Could not locate the first local maximum of the reduced return map.
-2.258549	-45.829858								error: Could not locate the first local maximum of the reduced return map.
-2.255713	-45.829858								error: Could not locate the first local maximum of the reduced return map.
-2.252877	-45.829858								error: Could not locate the first local maximum of the reduced return map.
-2.250042	-45.829858								error: Could not locate the first local maximum of the reduced return map.
-2.247206	-45.829858								error: Could not locate the first local maximum of the reduced return map.
-2.244370	-45.829858								error: Could not locate the first local maximum of the reduced return map.
-2.241535	-45.829858								error: Could not locate the first local maximum of the reduced return map.
-2.238699	-45.829858								error: Could not locate the first local maximum of the reduced return map.
-2.235863	-45.829858								error: Could not locate the first local maximum of the reduced return map.
-2.233028	-45.829858								error: Could not locate the first local maximum of the reduced return map.
-2.230192	-45.829858								error: Could not locate the first local maximum of the reduced return map.
-2.227356	-45.829858								error: Could not locate the first local maximum of the reduced return map.
-2.224520	-45.829858								error: Could not locate the first local maximum of the reduced return map.
-2.221685	-45.829858								error: Could not locate the first local maximum of the reduced return map.
-2.218849	-45.829858								error: Could not locate the first local maximum of the reduced return map.
-2.216013	-45.829858								error: Could not locate the first local maximum of the reduced return map.
-2.213178	-45.829858								error: Could not locate the first local maximum of the reduced return map.
-2.210342	-45.829858								error: Could not locate the first local maximum of the reduced return map.
-2.207506	-45.829858								error: Could not locate the first local maximum of the reduced return map.
-2.204671	-45.829858								error: Could not locate the first local maximum of the reduced return map.
-2.201835	-45.829858								error: Could not locate the first local maximum of the reduced return map.
-2.198999	-45.829858								error: Could not locate the first local maximum of the reduced return map.
-2.196163	-45.829858								error: Could not locate the first local maximum of the reduced return map.
-2.193328	-45.829858								error: Could not locate the first local maximum of the reduced return map.
-2.190492	-45.829858								error: Could not locate the first local maximum of the reduced return map.
-2.187656	-45.829858								error: Could not locate the first local maximum of the reduced return map.
-2.184821	-45.829858								error: Could not locate the first local maximum of the reduced return map.
-2.181985	-45.829858								error: Could not locate the first local maximum of the reduced return map.
-2.179149	-45.829858								error: Could not locate the first local maximum of the reduced return map.
-2.176314	-45.829858								error: Could not locate the first local maximum of the reduced return map.
-2.173478	-45.829858								error: Could not locate the first local maximum of the reduced return map.
-2.170642	-45.829858								error: Could not locate the first local maximum of the reduced return map.
-2.167807	-45.829858								error: Could not locate the first local maximum of the reduced return map.
-2.164971	-45.829858								error: Could not locate the first local maximum of the reduced return map.
-2.162135	-45.829858								error: Could not locate the first local maximum of the reduced return map.
-2.159299	-45.829858								error: Could not locate the first local maximum of the reduced return map.
-2.156464	-45.829858								error: Could not locate the first local maximum of the reduced return map.
-2.153628	-45.829858								error: Could not locate the first local maximum of the reduced return map.
-2.150792	-45.829858								error: Could not locate the first local maximum of the reduced return map.
-2.147957	-45.829858								error: Could not locate the first local maximum of the reduced return map.
-2.145121	-45.829858								error: Could not locate the first local maximum of the reduced return map.
-2.142285	-45.829858								error: Could not locate the first local maximum of the reduced return map.
-2.139450	-45.829858								error: Could not locate the first local maximum of the reduced return map.
-2.136614	-45.829858								error: Could not locate the first local maximum of the reduced return map.
-2.133778	-45.829858								error: Could not locate the first local maximum of the reduced return map.
-2.130942	-45.829858								error: Could not locate the first local maximum of the reduced return map.
-2.128107	-45.829858								error: Could not locate the first local maximum of the reduced return map.
-2.125271	-45.829858								error: Could not locate the first local maximum of the reduced return map.
-2.122435	-45.829858								error: Could not locate the first local maximum of the reduced return map.
-2.119600	-45.829858								error: Could not locate the first local maximum of the reduced return map.
-2.116764	-45.829858								error: Could not locate the first local maximum of the reduced return map.
-2.113928	-45.829858								error: Could not locate the first local maximum of the reduced return map.
-2.111093	-45.829858								error: Could not locate the first local maximum of the reduced return map.
-2.108257	-45.829858								error: Could not locate the first local maximum of the reduced return map.
-2.105421	-45.829858								error: Could not locate the first local maximum of the reduced return map.
-2.102585	-45.829858								error: Could not locate the first local maximum of the reduced return map.
-2.099750	-45.829858								error: Could not locate the first local maximum of the reduced return map.
-2.096914	-45.829858								error: Could not locate the first local maximum of the reduced return map.
-2.094078	-45.829858								error: Could not locate the first local maximum of the reduced return map.
-2.091243	-45.829858								error: Could not locate the first local maximum of the reduced return map.
-2.088407	-45.829858								error: Could not locate the first local maximum of the reduced return map.
-2.085571	-45.829858								error: Could not locate the first local maximum of the reduced return map.
-2.082736	-45.829858								error: Could not locate the first local maximum of the reduced return map.
-2.079900	-45.829858								error: Could not locate the first local maximum of the reduced return map.
-2.077064	-45.829858								error: Could not locate the first local maximum of the reduced return map.
-2.074229	-45.829858								error: Could not locate the first local maximum of the reduced return map.
-2.071393	-45.829858								error: Could not locate the first local maximum of the reduced return map.
-2.068557	-45.829858								error: Could not locate the first local maximum of the reduced return map.
-2.065721	-45.829858								error: Could not locate the first local maximum of the reduced return map.
-2.062886	-45.829858								error: Could not locate the first local maximum of the reduced return map.
-2.060050	-45.829858								error: Could not locate the first local maximum of the reduced return map.
-2.057214	-45.829858								error: Could not locate the first local maximum of the reduced return map.
-2.054379	-45.829858								error: Could not locate the first local maximum of the reduced return map.
-2.051543	-45.829858								error: Could not locate the first local maximum of the reduced return map.
-2.048707	-45.829858								error: Could not locate the first local maximum of the reduced return map.
-2.045872	-45.829858								error: Could not locate the first local maximum of the reduced return map.
-2.043036	-45.829858								error: Could not locate the first local maximum of the reduced return map.
-2.040200	-45.829858								error: Could not locate the first local maximum of the reduced return map.
-2.037364	-45.829858								error: Could not locate the first local maximum of the reduced return map.
-2.034529	-45.829858								error: T SSCS does not start with ±1: [0, 0]
-2.031693	-45.829858								error: Could not locate the first local maximum of the reduced return map.
-2.028857	-45.829858								error: Could not locate the first local maximum of the reduced return map.
-2.026022	-45.829858								error: Could not locate the first local maximum of the reduced return map.
-2.023186	-45.829858								error: Could not locate the first local maximum of the reduced return map.
-2.020350	-45.829858								error: Could not locate the first local maximum of the reduced return map.
-2.017515	-45.829858								error: Could not locate the first local maximum of the reduced return map.
-2.014679	-45.829858								error: Could not locate the first local maximum of the reduced return map.
-2.011843	-45.829858								error: Could not locate the first local maximum of the reduced return map.
-2.009008	-45.829858								error: Could not locate the first local maximum of the reduced return map.
-2.006172	-45.829858								error: Could not locate the first local maximum of the reduced return map.
-2.003336	-45.829858								error: T SSCS does not start with ±1: [0, 0]
-2.000500	-45.829858								error: T SSCS does not start with ±1: Int64[]
-1.997665	-45.829858								error: T SSCS does not start with ±1: [0, 0]
-1.994829	-45.829858								error: T SSCS does not start with ±1: [0, 0]
-1.991993	-45.829858								error: T SSCS does not start with ±1: [0, 0]
-1.989158	-45.829858								error: T SSCS does not start with ±1: [0, 0]
-1.986322	-45.829858								error: T SSCS does not start with ±1: [0, 0]
-1.983486	-45.829858								error: T SSCS does not start with ±1: [0, 0]
-1.980651	-45.829858								error: T SSCS does not start with ±1: [0, 0]
-1.977815	-45.829858								error: T SSCS does not start with ±1: [0, 0]
-1.974979	-45.829858								error: Could not locate the first local maximum of the reduced return map.
-1.972143	-45.829858								error: T SSCS does not start with ±1: [0, 0]
-1.969308	-45.829858								error: T SSCS does not start with ±1: [0, 0]
-1.966472	-45.829858								error: Could not locate the first local maximum of the reduced return map.
-1.963636	-45.829858								error: Could not locate the first local maximum of the reduced return map.
-1.960801	-45.829858								error: T SSCS does not start with ±1: [0]
-1.957965	-45.829858								error: T SSCS does not start with ±1: [0, 0]
-1.955129	-45.829858								error: T SSCS does not start with ±1: [0, 0]
-1.952294	-45.829858								error: T SSCS does not start with ±1: Int64[]
-1.949458	-45.829858								error: T SSCS does not start with ±1: Int64[]
-1.946622	-45.829858								error: T SSCS does not start with ±1: Int64[]
-1.943786	-45.829858								error: T SSCS does not start with ±1: [0]
-1.940951	-45.829858								error: T SSCS does not start with ±1: [0]
-1.938115	-45.829858								error: T SSCS does not start with ±1: [0]
-1.935279	-45.829858								error: T SSCS does not start with ±1: [0]
-1.932444	-45.829858								error: T SSCS does not start with ±1: Int64[]
-1.929608	-45.829858								error: T SSCS does not start with ±1: Int64[]
-1.926772	-45.829858								error: T SSCS does not start with ±1: Int64[]
-1.923937	-45.829858								error: T SSCS does not start with ±1: Int64[]
-1.921101	-45.829858								error: T SSCS does not start with ±1: Int64[]
-1.918265	-45.829858								error: T SSCS does not start with ±1: Int64[]
-1.915430	-45.829858								error: T SSCS does not start with ±1: Int64[]
-1.912594	-45.829858								error: T SSCS does not start with ±1: Int64[]
-1.909758	-45.829858								error: T SSCS does not start with ±1: Int64[]
-1.906922	-45.829858								error: T SSCS does not start with ±1: Int64[]
-1.904087	-45.829858								error: T SSCS does not start with ±1: Int64[]
-1.901251	-45.829858								error: T SSCS does not start with ±1: Int64[]
-1.898415	-45.829858								error: T SSCS does not start with ±1: Int64[]
-1.895580	-45.829858								error: T SSCS does not start with ±1: Int64[]
-1.892744	-45.829858								error: T SSCS does not start with ±1: Int64[]
-1.889908	-45.829858								error: T SSCS does not start with ±1: Int64[]
-1.887073	-45.829858								error: T SSCS does not start with ±1: Int64[]
-1.884237	-45.829858								error: T SSCS does not start with ±1: Int64[]
-1.881401	-45.829858								error: T SSCS does not start with ±1: Int64[]
-1.878565	-45.829858								error: T SSCS does not start with ±1: Int64[]
-1.875730	-45.829858								error: T SSCS does not start with ±1: Int64[]
-1.872894	-45.829858								error: T SSCS does not start with ±1: Int64[]
-1.870058	-45.829858								error: T SSCS does not start with ±1: Int64[]
-1.867223	-45.829858								error: T SSCS does not start with ±1: Int64[]
-1.864387	-45.829858								error: T SSCS does not start with ±1: Int64[]
-1.861551	-45.829858								error: T SSCS does not start with ±1: Int64[]
-1.858716	-45.829858								error: T SSCS does not start with ±1: Int64[]
-1.855880	-45.829858								error: T SSCS does not start with ±1: Int64[]
-1.853044	-45.829858								error: T SSCS does not start with ±1: Int64[]
-1.850209	-45.829858								error: T SSCS does not start with ±1: Int64[]
-1.847373	-45.829858								error: T SSCS does not start with ±1: Int64[]
-1.844537	-45.829858								error: T SSCS does not start with ±1: Int64[]
-1.841701	-45.829858								error: T SSCS does not start with ±1: Int64[]
-1.838866	-45.829858								error: T SSCS does not start with ±1: Int64[]
-1.836030	-45.829858								error: T SSCS does not start with ±1: Int64[]
-1.833194	-45.829858								error: T SSCS does not start with ±1: Int64[]
-1.830359	-45.829858								error: T SSCS does not start with ±1: Int64[]
-1.827523	-45.829858								error: T SSCS does not start with ±1: Int64[]
-1.824687	-45.829858								error: T SSCS does not start with ±1: Int64[]
-1.821852	-45.829858								error: T SSCS does not start with ±1: Int64[]
-1.819016	-45.829858								error: T SSCS does not start with ±1: Int64[]
-1.816180	-45.829858								error: T SSCS does not start with ±1: Int64[]
-1.813344	-45.829858								error: T SSCS does not start with ±1: Int64[]
-1.810509	-45.829858								error: T SSCS does not start with ±1: Int64[]
-1.807673	-45.829858								error: T SSCS does not start with ±1: Int64[]
-1.804837	-45.829858								error: T SSCS does not start with ±1: Int64[]
-1.802002	-45.829858								error: T SSCS does not start with ±1: Int64[]
-1.799166	-45.829858								error: T SSCS does not start with ±1: Int64[]
-1.796330	-45.829858								error: T SSCS does not start with ±1: Int64[]
-1.793495	-45.829858								error: T SSCS does not start with ±1: Int64[]
-1.790659	-45.829858								error: T SSCS does not start with ±1: Int64[]
-1.787823	-45.829858								error: T SSCS does not start with ±1: Int64[]
-1.784987	-45.829858								error: T SSCS does not start with ±1: Int64[]
-1.782152	-45.829858								error: T SSCS does not start with ±1: Int64[]
-1.779316	-45.829858								error: T SSCS does not start with ±1: Int64[]
-1.776480	-45.829858								error: T SSCS does not start with ±1: Int64[]
-1.773645	-45.829858								error: T SSCS does not start with ±1: Int64[]
-1.770809	-45.829858								error: T SSCS does not start with ±1: Int64[]
-1.767973	-45.829858								error: T SSCS does not start with ±1: Int64[]
-1.765138	-45.829858								error: T SSCS does not start with ±1: Int64[]
-1.762302	-45.829858								error: T SSCS does not start with ±1: Int64[]
-1.759466	-45.829858								error: T SSCS does not start with ±1: Int64[]
-1.756631	-45.829858								error: T SSCS does not start with ±1: Int64[]
-1.753795	-45.829858								error: T SSCS does not start with ±1: Int64[]
-1.750959	-45.829858								error: T SSCS does not start with ±1: Int64[]
-1.748123	-45.829858								error: T SSCS does not start with ±1: Int64[]
-1.745288	-45.829858								error: T SSCS does not start with ±1: Int64[]
-1.742452	-45.829858								error: T SSCS does not start with ±1: Int64[]
-1.739616	-45.829858								error: T SSCS does not start with ±1: Int64[]
-1.736781	-45.829858								error: T SSCS does not start with ±1: Int64[]
-1.733945	-45.829858								error: T SSCS does not start with ±1: Int64[]
-1.731109	-45.829858								error: T SSCS does not start with ±1: Int64[]
-1.728274	-45.829858								error: T SSCS does not start with ±1: Int64[]
-1.725438	-45.829858								error: T SSCS does not start with ±1: Int64[]
-1.722602	-45.829858								error: T SSCS does not start with ±1: Int64[]
-1.719766	-45.829858								error: T SSCS does not start with ±1: Int64[]
-1.716931	-45.829858								error: T SSCS does not start with ±1: Int64[]
-1.714095	-45.829858								error: T SSCS does not start with ±1: Int64[]
-1.711259	-45.829858								error: T SSCS does not start with ±1: Int64[]
-1.708424	-45.829858								error: T SSCS does not start with ±1: Int64[]
-1.705588	-45.829858								error: T SSCS does not start with ±1: Int64[]
-1.702752	-45.829858								error: T SSCS does not start with ±1: Int64[]
-1.699917	-45.829858								error: T SSCS does not start with ±1: Int64[]
-1.697081	-45.829858								error: T SSCS does not start with ±1: Int64[]
-1.694245	-45.829858								error: T SSCS does not start with ±1: Int64[]
-1.691410	-45.829858								error: T SSCS does not start with ±1: Int64[]
-1.688574	-45.829858								error: T SSCS does not start with ±1: Int64[]
-1.685738	-45.829858								error: T SSCS does not start with ±1: Int64[]
-1.682902	-45.829858								error: T SSCS does not start with ±1: Int64[]
-1.680067	-45.829858								error: T SSCS does not start with ±1: Int64[]
-1.677231	-45.829858								error: T SSCS does not start with ±1: Int64[]
-1.674395	-45.829858								error: T SSCS does not start with ±1: Int64[]
-1.671560	-45.829858								error: T SSCS does not start with ±1: Int64[]
-1.668724	-45.829858								error: T SSCS does not start with ±1: Int64[]
-1.665888	-45.829858								error: T SSCS does not start with ±1: Int64[]
-1.663053	-45.829858								error: T SSCS does not start with ±1: Int64[]
-1.660217	-45.829858								error: T SSCS does not start with ±1: Int64[]
-1.657381	-45.829858								error: T SSCS does not start with ±1: Int64[]
-1.654545	-45.829858								error: T SSCS does not start with ±1: Int64[]
-1.651710	-45.829858								error: T SSCS does not start with ±1: Int64[]
-1.648874	-45.829858								error: T SSCS does not start with ±1: Int64[]
-1.646038	-45.829858								error: T SSCS does not start with ±1: Int64[]
-1.643203	-45.829858								error: T SSCS does not start with ±1: Int64[]
-1.640367	-45.829858								error: T SSCS does not start with ±1: Int64[]
-1.637531	-45.829858								error: T SSCS does not start with ±1: Int64[]
-1.634696	-45.829858								error: T SSCS does not start with ±1: Int64[]
-1.631860	-45.829858								error: T SSCS does not start with ±1: Int64[]
-1.629024	-45.829858								error: T SSCS does not start with ±1: Int64[]
-1.626188	-45.829858								error: T SSCS does not start with ±1: Int64[]
-1.623353	-45.829858								error: T SSCS does not start with ±1: Int64[]
-1.620517	-45.829858								error: T SSCS does not start with ±1: Int64[]
-1.617681	-45.829858								error: T SSCS does not start with ±1: Int64[]
-1.614846	-45.829858								error: T SSCS does not start with ±1: Int64[]
-1.612010	-45.829858								error: T SSCS does not start with ±1: Int64[]
-1.609174	-45.829858								error: T SSCS does not start with ±1: Int64[]
-1.606339	-45.829858								error: T SSCS does not start with ±1: Int64[]
-1.603503	-45.829858								error: T SSCS does not start with ±1: Int64[]
-1.600667	-45.829858								error: T SSCS does not start with ±1: Int64[]
-1.597832	-45.829858								error: T SSCS does not start with ±1: Int64[]
-1.594996	-45.829858								error: T SSCS does not start with ±1: Int64[]
-1.592160	-45.829858								error: T SSCS does not start with ±1: Int64[]
-1.589324	-45.829858								error: T SSCS does not start with ±1: Int64[]
-1.586489	-45.829858								error: T SSCS does not start with ±1: Int64[]
-1.583653	-45.829858								error: T SSCS does not start with ±1: Int64[]
-1.580817	-45.829858								error: T SSCS does not start with ±1: Int64[]
-1.577982	-45.829858								error: T SSCS does not start with ±1: Int64[]
-1.575146	-45.829858								error: T SSCS does not start with ±1: Int64[]
-1.572310	-45.829858								error: T SSCS does not start with ±1: Int64[]
-1.569475	-45.829858								error: T SSCS does not start with ±1: Int64[]
-1.566639	-45.829858								error: T SSCS does not start with ±1: Int64[]
-1.563803	-45.829858								error: T SSCS does not start with ±1: Int64[]
-1.560967	-45.829858								error: T SSCS does not start with ±1: Int64[]
-1.558132	-45.829858								error: T SSCS does not start with ±1: Int64[]
-1.555296	-45.829858								error: T SSCS does not start with ±1: Int64[]
-1.552460	-45.829858								error: T SSCS does not start with ±1: Int64[]
-1.549625	-45.829858								error: T SSCS does not start with ±1: Int64[]
-1.546789	-45.829858								error: T SSCS does not start with ±1: Int64[]
-1.543953	-45.829858								error: T SSCS does not start with ±1: Int64[]
-1.541118	-45.829858								error: T SSCS does not start with ±1: Int64[]
-1.538282	-45.829858								error: T SSCS does not start with ±1: Int64[]
-1.535446	-45.829858								error: T SSCS does not start with ±1: Int64[]
-1.532611	-45.829858								error: T SSCS does not start with ±1: Int64[]
-1.529775	-45.829858								error: T SSCS does not start with ±1: Int64[]
-1.526939	-45.829858								error: T SSCS does not start with ±1: Int64[]
-1.524103	-45.829858								error: T SSCS does not start with ±1: Int64[]
-1.521268	-45.829858								error: T SSCS does not start with ±1: Int64[]
-1.518432	-45.829858								error: T SSCS does not start with ±1: Int64[]
-1.515596	-45.829858								error: T SSCS does not start with ±1: Int64[]
-1.512761	-45.829858								error: T SSCS does not start with ±1: Int64[]
-1.509925	-45.829858								error: T SSCS does not start with ±1: Int64[]
-1.507089	-45.829858								error: T SSCS does not start with ±1: Int64[]
-1.504254	-45.829858								error: T SSCS does not start with ±1: Int64[]
-1.501418	-45.829858								error: T SSCS does not start with ±1: Int64[]
-1.498582	-45.829858								error: T SSCS does not start with ±1: Int64[]
-1.495746	-45.829858								error: T SSCS does not start with ±1: Int64[]
-1.492911	-45.829858								error: T SSCS does not start with ±1: Int64[]
-1.490075	-45.829858								error: T SSCS does not start with ±1: Int64[]
-1.487239	-45.829858								error: T SSCS does not start with ±1: Int64[]
-1.484404	-45.829858								error: T SSCS does not start with ±1: Int64[]
-1.481568	-45.829858								error: T SSCS does not start with ±1: Int64[]
-1.478732	-45.829858								error: T SSCS does not start with ±1: Int64[]
-1.475897	-45.829858								error: T SSCS does not start with ±1: Int64[]
-1.473061	-45.829858								error: T SSCS does not start with ±1: Int64[]
-1.470225	-45.829858								error: T SSCS does not start with ±1: Int64[]
-1.467389	-45.829858								error: T SSCS does not start with ±1: Int64[]
-1.464554	-45.829858								error: T SSCS does not start with ±1: Int64[]
-1.461718	-45.829858								error: T SSCS does not start with ±1: Int64[]
-1.458882	-45.829858								error: T SSCS does not start with ±1: Int64[]
-1.456047	-45.829858								error: T SSCS does not start with ±1: Int64[]
-1.453211	-45.829858								error: T SSCS does not start with ±1: Int64[]
-1.450375	-45.829858								error: T SSCS does not start with ±1: Int64[]
-1.447540	-45.829858								error: T SSCS does not start with ±1: Int64[]
-1.444704	-45.829858								error: T SSCS does not start with ±1: Int64[]
-1.441868	-45.829858								error: T SSCS does not start with ±1: Int64[]
-1.439033	-45.829858								error: T SSCS does not start with ±1: Int64[]
-1.436197	-45.829858								error: T SSCS does not start with ±1: Int64[]
-1.433361	-45.829858								error: T SSCS does not start with ±1: Int64[]
-1.430525	-45.829858								error: T SSCS does not start with ±1: Int64[]
-1.427690	-45.829858								error: T SSCS does not start with ±1: Int64[]
-1.424854	-45.829858								error: T SSCS does not start with ±1: Int64[]
-1.422018	-45.829858								error: T SSCS does not start with ±1: Int64[]
-1.419183	-45.829858								error: T SSCS does not start with ±1: Int64[]
-1.416347	-45.829858								error: T SSCS does not start with ±1: Int64[]
-1.413511	-45.829858								error: T SSCS does not start with ±1: Int64[]
-1.410676	-45.829858								error: T SSCS does not start with ±1: Int64[]
-1.407840	-45.829858								error: T SSCS does not start with ±1: Int64[]
-1.405004	-45.829858								error: T SSCS does not start with ±1: Int64[]
-1.402168	-45.829858								error: T SSCS does not start with ±1: Int64[]
-1.399333	-45.829858								error: T SSCS does not start with ±1: [-2]
-1.396497	-45.829858								error: T SSCS does not start with ±1: [-2]
-1.393661	-45.829858								error: T SSCS does not start with ±1: [-2]
-1.390826	-45.829858								error: T SSCS does not start with ±1: [-2]
-1.387990	-45.829858								error: T SSCS does not start with ±1: [-2]
-1.385154	-45.829858								error: T SSCS does not start with ±1: [-2, -2]
-1.382319	-45.829858								error: T SSCS does not start with ±1: [-2, -2, -1, -1, -1, -1, -1, -1, -1, -1]
-1.379483	-45.829858								error: T SSCS does not start with ±1: [-2, -2, -1, -1, -1, -1, -1, -1, -1, -1]
-1.376647	-45.829858								error: T SSCS does not start with ±1: [-2, -2, -1, -1, -1, -1, -1, -1, -1, -1]
-1.373812	-45.829858								error: T SSCS does not start with ±1: [-2, -1, -1, -1, -1, -1, -1, -1, -1, -1]
-1.370976	-45.829858								error: T SSCS does not start with ±1: [-2, -1, -1, -1, -1, -1, -1, -1, -1, -1]
-1.368140	-45.829858								error: T SSCS does not start with ±1: [-2, -1, -1, -1, -1, -1, -1, -1, -1, -1]
-1.365304	-45.829858								error: T SSCS does not start with ±1: [-2, -1, -1, -1, -1, -1, -1, -1, -1, -1]
-1.362469	-45.829858								error: T SSCS does not start with ±1: [-2, -1, -1, -1, -1, -1, -1, -1, -1, -1]
-1.359633	-45.829858								error: T SSCS does not start with ±1: [-2, -1, -1, -1, -1, -1, -1, -1, -1, -1]
-1.356797	-45.829858								error: T SSCS does not start with ±1: [-2, -1, -1, -1, -1, -1, -1, -1, -1, -1]
-1.353962	-45.829858								error: T SSCS does not start with ±1: [-2, -1, -1, -1, -1, -1, -1, -1, -1, -1]
-1.351126	-45.829858								error: T SSCS does not start with ±1: [-2, -1, -1, -1, -1, -1, -1, -1, -1, -1]
-1.348290	-45.829858								error: T SSCS does not start with ±1: [-2, -1, -1, -1, -1, -1, -1, -1, -1, -1]
-1.345455	-45.829858								error: T SSCS does not start with ±1: [-2, -1, -1, -1, -1, -1, -1, -1, -1, -1]
-1.342619	-45.829858								error: T SSCS does not start with ±1: [-2, -1, -1, -1, -1, -1, -1, -1, -1, -1]
-1.339783	-45.829858								error: T SSCS does not start with ±1: [-2, -1, -1, -1, -1, -1, -1, -1, -1, -1]
-1.336947	-45.829858								error: T SSCS does not start with ±1: [-2, -1, -1, -1, -1, -1, -1, -1, -1, -1]
-1.334112	-45.829858								error: T SSCS does not start with ±1: [-2, -1, -1, -1, -1, -1, -1, -1, -1, -1]
-1.331276	-45.829858								error: T SSCS does not start with ±1: [-2, -1, -1, -1, -1, -1, -1, -1, -1, -1]
-1.328440	-45.829858								error: T SSCS does not start with ±1: [-2, -1, -1, -1, -1, -1, -1, -1, -1, -1]
-1.325605	-45.829858								error: T SSCS does not start with ±1: [-2, -1, -1, -1, -1, -1, -1, -1, -1, -1]
-1.322769	-45.829858								error: T SSCS does not start with ±1: [-2, -1, -1, -1, -1, -1, -1, -1, -1, -1]
-1.319933	-45.829858								error: T SSCS does not start with ±1: [-2, -1, -1, -1, -1, -1, -1, -1, -1, -1]
-1.317098	-45.829858								error: T SSCS does not start with ±1: [-2, -1, -1, -1, -1, -1, -1, -1, -1, -1]
-1.314262	-45.829858								error: T SSCS does not start with ±1: [-2, -1, -1, -1, -1, -1, -1, -1, -1, -1]
-1.311426	-45.829858								error: T SSCS does not start with ±1: [-2, -1, -1, -1, -1, -1, -1, -1, -1, -1]
-1.308590	-45.829858								error: T SSCS does not start with ±1: [-2, -1, -1, -1, -1, -1, -1, -1, -1, -1]
-1.305755	-45.829858								error: T SSCS does not start with ±1: [-2, -1, -1, -1, -1, -1, -1, -1, -1, -1]
-1.302919	-45.829858								error: T SSCS does not start with ±1: [-2, -1, -1, -1, -1, -1, -1, -1, -1, -1]
-1.300083	-45.829858								error: T SSCS does not start with ±1: [-2, -1, -1, -1, -1, -1, -1, -1, -1, -1]
-1.297248	-45.829858								error: T SSCS does not start with ±1: [-2, -1, -1, -1, -1, -1, -1, -1, -1, -1]
-1.294412	-45.829858								error: T SSCS does not start with ±1: [-2, -1, -1, -1, -1, -1, -1, -1, -1, -1]
-1.291576	-45.829858								error: T SSCS does not start with ±1: [-2, -1, -1, -1, -1, -1, -1, -1, -1, -1]
-1.288741	-45.829858								error: T SSCS does not start with ±1: [-2, -1, -1, -1, -1, -1, -1, -1, -1, -1]
-1.285905	-45.829858								error: T SSCS does not start with ±1: [-2, -1, -1, -1, -1, -1, -1, -1, -1, -1]
-1.283069	-45.829858								error: T SSCS does not start with ±1: [-2, -1, -1, -1, -1, -1, -1, -1, -1, -1]
-1.280234	-45.829858								error: T SSCS does not start with ±1: [-2, -1, -1, -1, -1, -1, -1, -1, -1, -1]
-1.277398	-45.829858								error: T SSCS does not start with ±1: [-2, -1, -1, -1, -1, -1, -1, -1, -1, -1]
-1.274562	-45.829858								error: T SSCS does not start with ±1: [-2, -1, -1, -1, -1, -1, -1, -1, -1, -1]
-1.271726	-45.829858								error: T SSCS does not start with ±1: [-2, -1, -1, -1, -1, -1, -1, -1, -1, -1]
-1.268891	-45.829858								error: T SSCS does not start with ±1: [-2, -1, -1, -1, -1, -1, -1, -1, -1, -1]
-1.266055	-45.829858								error: T SSCS does not start with ±1: [-2, -1, -1, -1, -1, -1, -1, -1, -1, -1]
-1.263219	-45.829858								error: T SSCS does not start with ±1: [-2, -1, -1, -1, -1, -1, -1, -1, -1, -1]
-1.260384	-45.829858								error: T SSCS does not start with ±1: [-2, -1, -1, -1, -1, -1, -1, -1, -1, -1]
-1.257548	-45.829858								error: T SSCS does not start with ±1: [-2, -1, -1, -1, -1, -1, -1, -1, -1, -1]
-1.254712	-45.829858								error: T SSCS does not start with ±1: [-2, -1, -1, -1, -1, -1, -1, -1, -1, -1]
-1.251877	-45.829858								error: T SSCS does not start with ±1: [-2, -1, -1, -1, -1, -1, -1, -1, -1, -1]
-1.249041	-45.829858								error: T SSCS does not start with ±1: [-2, -1, -1, -1, -1, -1, -1, -1, -1, -1]
-1.246205	-45.829858								error: T SSCS does not start with ±1: [-2, -1, -1, -1, -1, -1, -1, -1, -1, -1]
-1.243369	-45.829858								error: T SSCS does not start with ±1: [-2, -1, -1, -1, -1, -1, -1, -1, -1, -1]
-1.240534	-45.829858								error: T SSCS does not start with ±1: [-2, -1, -1, -1, -1, -1, -1, -1, -1, -1]
-1.237698	-45.829858								error: T SSCS does not start with ±1: [-2, -1, -1, -1, -1, -1, -1, -1, -1, -1]
-1.234862	-45.829858								error: T SSCS does not start with ±1: [-2, -1, -1, -1, -1, -1, -1, -1, -1, -1]
-1.232027	-45.829858								error: T SSCS does not start with ±1: [-2, -1, -1, -1, -1, -1, -1, -1, -1, -1]
-1.229191	-45.829858								error: T SSCS does not start with ±1: [-2, -1, -1, -1, -1, -1, -1, -1, -1, -1]
-1.226355	-45.829858								error: T SSCS does not start with ±1: [-2, -1, -1, -1, -1, -1, -1, -1, -1, -1]
-1.223520	-45.829858								error: T SSCS does not start with ±1: [-2, -1, -1, -1, -1, -1, -1, -1, -1, -1]
-1.220684	-45.829858								error: T SSCS does not start with ±1: [-2, -2, -1, -1, -1, -1, -1, -1, -1, -1]
-1.217848	-45.829858								error: T SSCS does not start with ±1: [-2, -2, -1, -1, -1, -1, -1, -1, -1, -1]
-1.215013	-45.829858								error: T SSCS does not start with ±1: [-2, -2, -1, -1, -1, -1, -1, -1, -1, -1]
-1.212177	-45.829858								error: T SSCS does not start with ±1: [-2, -2, -1, -1, -1, -1, -1, -1, -1, -1]
-1.209341	-45.829858								error: T SSCS does not start with ±1: [-2, -2, -1, -1, -1, -1, -1, -1, -1, -1]
-1.206505	-45.829858								error: T SSCS does not start with ±1: [-2, -2, -1, -1, -1, -1, -1, -1, -1, -1]
-1.203670	-45.829858								error: T SSCS does not start with ±1: [-2, -2, -2, -1, -1, -1, -1, -1, -1]
-1.200834	-45.829858								error: T SSCS does not start with ±1: [-2, -2, -2, -2, -1, -1, -1, -1]
-1.197998	-45.829858								error: T SSCS does not start with ±1: [-2, -2, -2, -2, -2, -1, -1]
-1.195163	-45.829858								error: T SSCS does not start with ±1: [-2, -2, -2, -2, -2, -2]
-1.192327	-45.829858								error: T SSCS does not start with ±1: [-2, -2, -2, -2, -2, -2]
-1.189491	-45.829858								error: T SSCS does not start with ±1: [-2, -2, -2, -2, -2, -2]
-1.186656	-45.829858								error: T SSCS does not start with ±1: [-2, -2, -2, -2, -2, -2]
-1.183820	-45.829858								error: T SSCS does not start with ±1: [-2, -2, -2, -2, -2, -2]
-1.180984	-45.829858								error: T SSCS does not start with ±1: [-2, -2, -2, -2, -2, -2]
-1.178148	-45.829858								error: T SSCS does not start with ±1: [-2, -2, -2, -2, -2, -2]
-1.175313	-45.829858								error: T SSCS does not start with ±1: [-2, -2, -2, -2, -2, -2]
-1.172477	-45.829858								error: T SSCS does not start with ±1: [-2, -2, -2, -2, -2, -2]
-1.169641	-45.829858								error: T SSCS does not start with ±1: [-2, -2, -2, -2, -2, -2]
-1.166806	-45.829858								error: T SSCS does not start with ±1: [-2, -2, -2, -2, -2, -2]
-1.163970	-45.829858								error: T SSCS does not start with ±1: [-2, -2, -2, -2, -2, -2]
-1.161134	-45.829858								error: T SSCS does not start with ±1: [-2, -2, -2, -2, -2, -2]
-1.158299	-45.829858								error: T SSCS does not start with ±1: [-2, -2, -2, -2, -2, -2]
-1.155463	-45.829858								error: T SSCS does not start with ±1: [-2, -2, -2, -2, -2, -2]
-1.152627	-45.829858								error: T SSCS does not start with ±1: [-2, -2, -2, -2, -2, -2]
-1.149791	-45.829858								error: T SSCS does not start with ±1: [-2, -2, -2, -2, -2, -2]
-1.146956	-45.829858								error: T SSCS does not start with ±1: [-2, -2, -2, -2, -2, -2]
-1.144120	-45.829858								error: T SSCS does not start with ±1: [-2, -2, -2, -2, -2, -2]
-1.141284	-45.829858								error: T SSCS does not start with ±1: [-2, -2, -2, -2, -2, -2]
-1.138449	-45.829858								error: T SSCS does not start with ±1: [-2, -2, -2, -2, -2, -2]
-1.135613	-45.829858								error: T SSCS does not start with ±1: [-2, -2, -2, -2, -2, -2]
-1.132777	-45.829858								error: T SSCS does not start with ±1: [-2, -2, -2, -2, -2, -2]
-1.129942	-45.829858								error: T SSCS does not start with ±1: [-2, -2, -2, -2, -2, -2]
-1.127106	-45.829858								error: T SSCS does not start with ±1: [-2, -2, -2, -2, -2, -2]
-1.124270	-45.829858								error: T SSCS does not start with ±1: [-2, -2, -2, -2, -2, -2]
-1.121435	-45.829858								error: T SSCS does not start with ±1: [-2, -2, -2, -2, -2, -2]
-1.118599	-45.829858								error: T SSCS does not start with ±1: [-2, -2, -2, -2, -2, -2]
-1.115763	-45.829858								error: T SSCS does not start with ±1: [-2, -2, -2, -2, -2, -2]
-1.112927	-45.829858								error: T SSCS does not start with ±1: [-2, -2, -2, -2, -2, -2]
-1.110092	-45.829858								error: T SSCS does not start with ±1: [-2, -2, -2, -2, -2, -2]
-1.107256	-45.829858								error: T SSCS does not start with ±1: [-2, -2, -2, -2, -2, -2]
-1.104420	-45.829858								error: T SSCS does not start with ±1: [-2, -2, -2, -2, -2, -2]
-1.101585	-45.829858								error: T SSCS does not start with ±1: [-2, -2, -1, -1, -2, -2, -2]
-1.098749	-45.829858								error: T SSCS does not start with ±1: [-2, -2, -1, -1, -2, -2, -2]
-1.095913	-45.829858								error: T SSCS does not start with ±1: [-2, -2, -1, -1, -2, -2, -2]
-1.093078	-45.829858								error: T SSCS does not start with ±1: [-2, -2, -1, -1, -2, -2, -1, -1]
-1.090242	-45.829858								error: T SSCS does not start with ±1: [-2, -2, -1, -1, -2, -2, -1, -1]
-1.087406	-45.829858								error: T SSCS does not start with ±1: [-2, -2, -1, -1, -1, -1, -2, -2]
-1.084570	-45.829858								error: T SSCS does not start with ±1: [-2, -2, -1, -1, -1, -1, -2, -2]
-1.081735	-45.829858								error: T SSCS does not start with ±1: [-2, -2, -1, -1, -1, -1, -1, -1, -1]
-1.078899	-45.829858								error: T SSCS does not start with ±1: [-2, -2, -1, -1, -1, -1, -1, -2]
-1.076063	-45.829858								error: T SSCS does not start with ±1: [-2, -2, -1, -1, -1, -2, -2, -1]
-1.073228	-45.829858								error: T SSCS does not start with ±1: [-2, -2, -1, -1, -1, -2, -2]
-1.070392	-45.829858								error: T SSCS does not start with ±1: [-2, -2, -1, -2, -2, -1, -1, -1]
-1.067556	-45.829858								error: T SSCS does not start with ±1: [-2, -2, -1, -2, -2, -1, -2]
-1.064721	-45.829858								error: T SSCS does not start with ±1: [-2, -2, -1, -2, -2, -1, -1]
-1.061885	-45.829858								error: T SSCS does not start with ±1: [-2, -2, -1, -2, -2, -2, -1]
-1.059049	-45.829858								error: T SSCS does not start with ±1: [-2, -2, -1, -2, -1, -1, -2, -2]
-1.056214	-45.829858								error: T SSCS does not start with ±1: [-2, -2, -1, -2, -1, -1, -1, -2, -1]
-1.053378	-45.829858								error: T SSCS does not start with ±1: [-2, -3, -2, -1, -2, -1, -1]
-1.050542	-45.829858								error: T SSCS does not start with ±1: [-2, -3, -3, -3, -2]
-1.047706	-45.829858								error: T SSCS does not start with ±1: [-2, -3, -3, -3, -3]
-1.044871	-45.829858								error: T SSCS does not start with ±1: [-2, -3, -3, -3, -3]
-1.042035	-45.829858								error: T SSCS does not start with ±1: [-2, -3, -2, -1, -2, -1, -2]
-1.039199	-45.829858								error: T SSCS does not start with ±1: [-2, -3, -2, -1, -2, -3]
-1.036364	-45.829858								error: T SSCS does not start with ±1: [-2, -3, -2, -1, -1, -2, -1, -1]
-1.033528	-45.829858								error: T SSCS does not start with ±1: [-2, -3, -2, -2, -1, -1]
-1.030692	-45.829858								error: T SSCS does not start with ±1: [-2, -3, -2, -3, -2, -2]
-1.027857	-45.829858								error: T SSCS does not start with ±1: [-2, -3, -1, -1, -3, -3]
-1.025021	-45.829858								error: T SSCS does not start with ±1: [-2, -3, -1, -1, -2, -3, -1]
-1.022185	-45.829858								error: T SSCS does not start with ±1: [-2, -3, -1, -1, -1, -2, -1, -1]
-1.019349	-45.829858								error: T SSCS does not start with ±1: [-2, -3, -1, -2, -2, -1, -1, -1]
-1.016514	-45.829858								error: T SSCS does not start with ±1: [-2, -3, -1, -3, -3, -1]
-1.013678	-45.829858								error: T SSCS does not start with ±1: [-2, -4, -3, -1, -3]
-1.010842	-45.829858								error: T SSCS does not start with ±1: [-2, -4, -3, -1, -2]
-1.008007	-45.829858								error: T SSCS does not start with ±1: [-2, -4, -2, -1, -2, -1, -2]
-1.005171	-45.829858								error: T SSCS does not start with ±1: [-2, -4, -2, -3, -1, -2]
-1.002335	-45.829858								error: T SSCS does not start with ±1: [-2, -4, -1, -1, -1, -1, -2]
-0.999500	-45.829858								error: T SSCS does not start with ±1: [-2, -4, -1, -3, -4]
-0.996664	-45.829858								error: T SSCS does not start with ±1: [-2, -5, -4, -1, -1, -2]
-0.993828	-45.829858								error: T SSCS does not start with ±1: [-2, -5, -2, -3, -3]
-0.990992	-45.829858								error: T SSCS does not start with ±1: [-2, -5, -1, -2, -1, -3]
-0.988157	-45.829858								error: T SSCS does not start with ±1: [-2, -6, -2, -1, -1, -2]
-0.985321	-45.829858								error: T SSCS does not start with ±1: [-2, -7, -5, -1, -2, -1]
-0.982485	-45.829858								error: T SSCS does not start with ±1: [-2, -8, -3, -6, -1]
-0.979650	-45.829858								error: T SSCS does not start with ±1: [-2, -10, -1, -1, -1, -2]
-0.976814	-45.829858								error: T SSCS does not start with ±1: [-2, -14, -1, -2, -1, -3]
-0.973978	-45.829858								error: T SSCS does not start with ±1: [-2, -16, -1, -1, -3]
-0.971143	-45.829858								error: T SSCS does not start with ±1: [-2, -17, -6, -2]
-0.968307	-45.829858								error: T SSCS does not start with ±1: [-2, -17, -2, -2, -1, -1]
-0.965471	-45.829858								error: T SSCS does not start with ±1: [-2, -17, -1, -1, -2]
-0.962636	-45.829858	-46.016331	0.799946	continued:5	345694	13284400	1,-17,-2	-18,-17,-6	ok
-0.959800	-45.829858	-46.273661	0.799572	full	24808447124	179066	1,-17,-17,-1	-18,-17	ok
-0.956964	-45.829858	-45.117874	0.800406	continued:5	26154526	60052436608	1,-16,-2,-1,-1	-17,-1,-16,-1,-1	ok
-0.954128	-45.829858	-45.453630	0.799364	continued:5	36033568176464	154578286138	1,-14,-2,-3,-2	-17,-1,-15,-3	ok
-0.951293	-45.829858	-45.763361	0.798655	continued:5	250313365110703	260478867	1,-10,-1,-4,-2	-17,-1,10	ok
-0.948457	-45.829858	-46.047054	0.798282	continued:5	100115892114706568441384	17520207	1,-8,-1,-3,-5	-17,-1,7	ok
-0.945621	-45.829858	-46.304205	0.797908	full	54392291618190793049644	33305008	1,-7,-1,-2,-5	-17,-1,-6,1	ok
-0.942786	-45.829858	-45.149145	0.798948	continued:5	64031584	15623417341154446548867	1,6,8	-17,-1,-5,-1,-1,-2	ok
-0.939950	-45.829858	-45.483584	0.797699	continued:5	78324051596408215001	3982916331020308	1,-6,-1,-1,-3,-1	-17,-1,4,-9	ok
-0.937114	-45.829858	-45.793997	0.796990	continued:5	1450954	22468423	1,-6,-5	-17,-1,-4,-2	ok
-0.934279	-45.829858	-46.077877	0.796617	continued:5	2181928768	1195208061789467358	1,5,13	-17,-1,3,-13	ok
-0.931443	-45.829858	-46.334783	0.796243	full	29040507109500433	36322182604616358	1,-5,-1,-2,-3	-17,-1,-3,-1,-2,-1	ok
-0.928607	-45.829858	-45.178234	0.797283	continued:5	514436155002778	7799242	1,-5,1,-7,-1	-17,-1,-3,-2	ok
-0.925771	-45.829858	-45.513821	0.796033	continued:5	435148056860045930785312501	2054375289757383	1,-5,-2,-1,-3,-2	-17,-1,-3,-5,-2	ok
-0.922936	-45.829858	-45.824826	0.795325	continued:5	630001	384725446303	1,-5,4	-17,-1,2,-5	ok
-0.920100	-45.829858	-46.108808	0.794951	continued:5	13521325679	562388001685883418	1,4,-16,-1	-17,-1,-2,-1,3	ok
-0.917264	-45.829858	-46.365395	0.794578	full	579424	146371335107629488	1,4,4	-17,-1,-2,-1,-1,1	ok
-0.914429	-45.829858	-45.208027	0.795623	continued:5	14757776767916326	31276962938492673	1,-4,0,-10	-17,-1,-2,-2,-3	ok
-0.911593	-45.829858	-45.544565	0.794374	continued:5	50241912671744492947998124	19635377163	1,-4,-1,-7,-2,-2	-17,-1,-2,-3,-1	ok
-0.908757	-45.829858	-45.855986	0.793666	continued:5	73998060572822184685048	82867183804383412983	1,-4,-1,2,-5	-17,-1,-2,-17	ok
-0.905922	-45.829858	-46.139914	0.793292	continued:5	754337422104096815783173	387054373662	1,-4,-1,1,5	-17,-1,1,-4,-1	ok
-0.903086	-45.829858	-46.396044	0.792918	full	575503699	3154312843094246624163772118525075229508	1,-4,-1,-1,1	-17,-1,-1,0,-17	ok
-0.900250	-45.829858	-45.238287	0.793965	continued:5	1201088249137452088610146794718477242874	6127222140471288	1,-4,-1,0,16	-17,-1,-1,-1,-3	ok
-0.897415	-45.829858	-45.575649	0.792716	continued:5	1086018876644913901	5695183504600612806188317	1,-4,1,-13	-17,-1,-1,-1,-1,-1,-1	ok
-0.894579	-45.829858	-45.887374	0.792007	continued:5	50075026	1604818085786573674467	1,-4,-2,-2,0	-17,-1,-1,1,4	ok
-0.891743	-45.829858	-46.171148	0.791634	continued:5	7415696062046564297251	505845545552922487	1,-4,-2,-1,-2,-1,0	-17,-1,-1,-2,-1,1	ok
-0.888907	-45.829858	-46.426730	0.791260	full	85245225428540122804	289926542759115287938	1,-4,-3,-17	-17,-1,-1,3,-4	ok
-0.886072	-45.829858	-45.269678	0.792227	continued:5	771541272770010485286751	18133789154054759383	1,-4,-3,-1,-5,0	-17,-1,-1,15	ok
-0.883236	-45.829858	-45.608550	0.791185	continued:5	580501	81710282060515373508	1,-4,-4,0	-17,-1,0,-16,-1	ok
-0.880400	-45.829858	-45.918959	0.790349	continued:5	58416391996579	399138	1,-4,-8,-6,0	-17,1,-4,0	ok
-0.877565	-45.829858	-46.202494	0.789975	continued:5	8883755299126	157047	1,-4,-16,-1,-2	-17,1,-4	ok
-0.874729	-45.829858	-46.457457	0.789601	full	13240770544	363345	1,-4,-17	-17,1,4	ok
-0.871893	-45.829858	-45.300886	0.790571	continued:5	10355547739	7847852370	1,3,16	-17,1,-16	ok
-0.869058	-45.829858	-45.640325	0.789529	continued:5	27280625734	10130693620	1,3,-14,-1,-1	-17,-2,16	ok
-0.866222	-45.829858	-45.950809	0.788693	continued:5	965955079	12910788	1,3,-6,-2,0	-17,-2,-5,1	ok
-0.863386	-45.829858	-46.233986	0.788319	continued:5	7534701901	69192395309038	1,3,4,3	-17,-2,-3,-7	ok
-0.860550	-45.829858	-46.488224	0.787945	full	164575151	27472545	1,3,-4,2	-17,-2,-2,2	ok
-0.857715	-45.829858	-45.332131	0.789001	continued:5	581171455507823	2893	1,3,3,-8	-17,-2,-1,0	ok
-0.854879	-45.829858	-45.671131	0.787752	continued:5	4537567214	35270613624370	1,3,3,3	-17,-2,-1,-2,-1,-1	ok
-0.852043	-45.829858	-45.983023	0.787043	continued:5	24814461698	49014790316783421723	1,3,3,-4	-17,-2,0,16	ok
-0.849208	-45.829858	-46.265671	0.786670	continued:5	33309215801851038776	83403	1,3,-4,-16	-17,2,3	ok
-0.846372	-45.829858	-46.519034	0.786296	full	287505274363	12969920178	1,-3,0,-4,-1	-17,2,-17	ok
-0.843536	-45.829858	-45.364686	0.787262	continued:5	5223927618849638983052132944	525349872	1,-3,0,5,-7	-17,-3,-3,-3	ok
-0.840701	-45.829858	-45.704886	0.786219	continued:5	5948789590521820937474	174209631552	1,-3,0,-13,-2,-1	-17,-3,-1,-1,-2	ok
-0.837865	-45.829858	-46.015187	0.785383	continued:5	81718458185983638823	107383	1,-3,0,-16,-1	-17,3,3	ok
-0.835029	-45.829858	-46.297356	0.785009	continued:5	49017576573855004058	15056295	1,-3,0,16	-17,-4,-5,1	ok
-0.832193	-45.829858	-46.549887	0.784636	full	49760219410035636248	49020363563619462348	1,-3,-1,16	-17,-4,0,16	ok
-0.829358	-45.829858	-45.397692	0.785615	continued:5	30279508217838754964	194567368	1,-3,-1,-16	-17,-5,1,-3	ok
-0.826522	-45.829858	-45.737956	0.784573	continued:5	15305935153598	49768674942132488793	1,-3,-1,6	-17,-6,-1,16	ok
-0.823686	-45.829858	-46.047892	0.783737	continued:5	51053383861188399913773563	1118413418970	1,-3,-1,-4,-5,-1	-17,-9,0,-5,0	ok
-0.820851	-45.829858	-46.329316	0.783363	continued:5	1636675480457482470908264	98469528	1,-3,-1,-3,5	-17,-15,8	ok
-0.818015	-45.829858	-46.580785	0.782989	full	506025986162509889	46027182	1,-3,-1,-2,-1,1	-17,-16,7	ok
-0.815179	-45.829858	-45.066814	0.785178	continued:5	1354248044200253365880293065561085258334	373647	1,-3,-1,-2,-16,0	-17,-16,-1,-1	ok
-0.812344	-45.829858	-45.437345	0.783723	continued:5	266111053935680078404898731916194559999843	179068	1,-3,-1,-1,0,4	-17,-16,-1	ok
-0.809508	-45.829858	-45.776688	0.782473	continued:5	12623193920851857586822945128559999779577675994663103733071279051170977405958	159297	1,-3,-1,-1,-1,0,-4	-17,-16,0	ok
-0.806672	-45.829858	-46.087517	0.781765	continued:5	577884491347475893962743	753345	1,-3,-1,-1,5	-17,16,-3	ok
-0.803837	-45.829858	-46.367876	0.781391	continued:5	3338285067957034511284337540531752451093	2168370	1,-3,-1,0,-16,-1	-17,16,-3,-1	ok
-0.801001	-45.829858	-46.617924	0.781017	full	16145775449	3093795	1,-3,1,-3,-1	-17,16,4	ok
-0.798165	-45.829858	-45.106666	0.783194	continued:5	70141416694	752119	1,-3,1,-4,0	16,16,-3	ok
-0.795329	-45.829858	-45.477658	0.781738	continued:5	51276553243734520294	7657711858	1,-3,1,-16,0	16,-16,0,-4	ok
-0.792494	-45.829858	-45.816910	0.780489	continued:5	11485664196595317763	158734	1,-3,-2,-14,-1	16,-16,0	ok
-0.789658	-45.829858	-46.127144	0.779781	continued:5	28872594663514436799313	210237733	1,-3,-2,-2,-1,-2	16,-16,-1,-3	ok
-0.786822	-45.829858	-46.406472	0.779407	continued:5	1060508483	223414	1,-3,-2,-1,1	16,-16,1	ok
-0.783987	-45.829858	-46.655131	0.779033	full	24963722288	2037139	1,-3,2,-3,-1	16,-16,-3,-1	ok
-0.781151	-45.829858	-45.147280	0.781132	continued:5	52830228711289262813	124718	1,-3,-3,16	16,15	ok
-0.778315	-45.829858	-45.519423	0.779676	continued:5	130351736765697693973	9678926246	1,-3,-3,1,-3,-1	16,-15,-16	ok
-0.775480	-45.829858	-45.859162	0.778634	continued:5	19740389067928774673	29858	1,-3,3,15	16,10	ok
-0.772644	-45.829858	-46.167107	0.777798	continued:5	205224411005453914163	117823	1,-3,4,-3,-4	16,-7,-3	ok
-0.769808	-45.829858	-46.445261	0.777424	continued:5	20384744467124959	429169	1,-3,-6,1,-3	16,5,-3,-1	ok
-0.766972	-45.829858	-46.692407	0.777050	full	224384009849	8229995924	1,-3,-13,3	16,4,-16	ok
-0.764137	-45.829858	-45.189770	0.779171	continued:5	6230237749	16078	1,-3,15	16,-4,-1,-1	ok
-0.761301	-45.829858	-45.561592	0.777794	continued:5	219767593823	13432342528	1,-3,-16,-3	16,-4,-16,-1	ok
-0.758465	-45.829858	-45.899709	0.776545	continued:5	26491301108	46024	1,-3,-16,-1,0	16,3,-3	ok
-0.755630	-45.829858	-46.207930	0.775837	continued:5	21983790471592958	849524	1,-3,-16,-1,-3	16,-3,-1,-2	ok
-0.752794	-45.829858	-46.484485	0.775463	continued:5	13241096009	19868	1,-3,-16,-1	16,-3,-2,0	ok
-0.749958	-45.829858	-46.729756	0.775089	full	10355691653	3656792408	1,-3,-16,0	16,-3,14	ok
-0.747123	-45.829858	-45.233341	0.777202	continued:5	13148662528	13245978434	1,2,-16,-1	16,-3,-16,-1	ok
-0.744287	-45.829858	-45.604699	0.775825	continued:5	8847108698023	7973634871	1,2,-16,-1,-2	16,2,-16	ok
-0.741451	-45.829858	-45.941931	0.774576	continued:5	40508399293	7973634871	1,2,-16,-2	16,2,-16	ok
-0.738616	-45.829858	-46.248868	0.773868	continued:5	7969846876	7973634871	1,2,-16	16,2,-16	ok
-0.735780	-45.829858	-46.523801	0.773494	continued:5	4749274528	13245978434	1,2,-15	16,-3,-16,-1	ok
-0.732944	-45.829858	-46.767178	0.773120	full	4213253095588	33305044989470362070	1,2,-6,-5,0	-16,0,-3,-15,-1	ok
-0.730108	-45.829858	-45.275025	0.775235	continued:5	169746046468	161084530008815	1,2,-4,-4,0	-16,0,-3,1,2	ok
-0.727273	-45.829858	-45.646042	0.773652	continued:5	26350168	3889362783063972770	1,2,-3,-1,-1	-16,0,3,-14	ok
-0.724437	-45.829858	-45.984720	0.772609	continued:5	31761242099403639418	215042660	1,2,2,-16	-16,0,4,2	ok
-0.721601	-45.829858	-46.290182	0.771901	continued:5	44674876	290947472	1,2,2,2	-16,0,-7,-2	ok
-0.718766	-45.829858	-46.563328	0.771527	continued:5	75137562507148	7847852372	1,2,2,-6,-1	-16,0,-15,-1	ok
-0.715930	-45.829858	-46.804674	0.771153	full	1074647978	7723194155	1,-2,0,-3,0	-16,0,-16	ok
-0.713094	-45.829858	-45.320735	0.773271	continued:5	20766352189093021718	88207770140	1,-2,0,-11,-1,-1	-16,0,-16,2	ok
-0.710259	-45.829858	-45.690763	0.771687	continued:5	157360194474218799753743	20523076070	1,-2,0,-16,3	-16,0,-16,1	ok
-0.707423	-45.829858	-46.028097	0.770645	continued:5	1802523298481162890379	59764097825	1,-2,-1,-16,-1,-1	-16,0,-16,-1,-1	ok
-0.704587	-45.829858	-46.331884	0.769937	continued:5	2688873865292266460018369108	25879603740	1,-2,-1,-16,-6	-16,-1,-16,-1,0	ok
-0.701751	-45.829858	-46.603073	0.769563	continued:5	1236616370224	52708493630972	1,-2,-1,-5,0	-16,-1,-16,-2,-2	ok
-0.698916	-45.829858	-46.842247	0.769189	full	488503630202127747906151313332318473394	4551830893347	1,-2,-1,-2,-16	-16,-1,-16,-4,0	ok
-0.696080	-45.829858	-45.367533	0.771309	continued:5	458306736707141228744854246818923369053	48235078612625393472	1,-2,-1,-1,-16	-16,-1,-16,-16	ok
-0.693244	-45.829858	-45.736301	0.769726	continued:5	170110622021820718577390898419774047879	16587034422	1,-2,1,-2,0,-4	-16,-1,-15,-1,0	ok
-0.690409	-45.829858	-46.072058	0.768683	continued:5	811828881592452034154	29201048720970	1,-2,-2,-16,-2	-16,-1,-5,0,2	ok
-0.687573	-45.829858	-46.373971	0.767975	continued:5	488565788452150704961553583798480389428	24043614	1,-2,-2,-2,-16	-16,-1,-3,-1,-1	ok
-0.684737	-45.829858	-46.643034	0.767601	continued:5	19409322176758496519	49659696012885	1,-2,2,-15,0	-16,-1,-2,-1,2	ok
-0.681902	-45.829858	-46.879897	0.767227	full	158949288090521742835963780350959773093	30762943614768590340	1,-2,-3,0,15	-16,-1,1,-16	ok
-0.679066	-45.829858	-45.413696	0.769221	continued:5	20759768057189163419	166971598782665690850265630574730869270436496347	1,-2,-5,15	-16,-1,-1,-1,-1,5	ok
-0.676230	-45.829858	-45.782591	0.767765	continued:5	45403268271077682629	30275625288460292997	1,-2,-14,-16	-16,-1,-1,-16	ok
-0.673394	-45.829858	-46.116559	0.766722	continued:5	2081141721168711254	17827100433209859225	1,-2,15,-13	-16,-1,0,15	ok
-0.670559	-45.829858	-46.416415	0.766014	continued:5	48237831579568580639	31258109839921684340	1,-2,-16,-16	-16,1,-2,-16	ok
-0.667723	-45.829858	-46.683200	0.765640	continued:5	48237831579568580639	1320491714	1,-2,-16,-16	-16,1,4,-3	ok
-0.664887	-45.829858	-46.917625	0.765266	full	18115290062460209968	7847601809	1,-2,-16,-15	-16,1,-16	ok
-0.662052	-45.829858	-45.462679	0.767263	continued:5	73452369270949	10881180142574	1,-2,-16,-6	-16,-2,-16,-5	ok
-0.659216	-45.829858	-45.829764	0.765808	continued:5	1958330336038	7910367059	1,-2,-16,-3,-1	-16,-2,-16	ok
-0.656380	-45.829858	-46.161686	0.764765	continued:5	48427023213599876	603826319747	1,1,-16,-10	-16,-2,-4,-5	ok
-0.653545	-45.829858	-46.459269	0.764057	continued:5	29766313984456372751	122234	1,1,-16,15	-16,-2,1,1	ok
-0.650709	-45.829858	-46.723595	0.763683	continued:5	48236454938946160808	18135771994187548904	1,1,-16,-16	-16,-2,0,-15,0	ok
-0.647873	-45.829858	-46.955433	0.763309	full	2851765143319	6180996489	1,1,-15,0,-2	-16,2,15	ok
-0.645038	-45.829858	-45.504705	0.765288	continued:5	12119668245260511209	8037027905	1,1,4,-15	-16,-3,-16	ok
-0.642202	-45.829858	-45.871010	0.763832	continued:5	7379	31261092768607775672	1,1,-2,0	-16,-3,-2,-16	ok
-0.639366	-45.829858	-46.201745	0.762790	continued:5	10876415690163995126	2085872	1,1,1,-15	-16,3,5	ok
-0.636530	-45.829858	-46.497789	0.762623	continued:5	1163377791590928794443761198928809198014	75294825	-1,0,1,-16,-16	-16,-4,-3,2	ok
-0.633695	-45.829858	-46.754796	0.765416	full	48235078317967725627	8294913170	-1,-1,-16,-16	-16,-5,-16	ok
-0.630859	-45.829858	-45.542454	0.763623	continued:5	29795078693126719909	30285333876476150672	1,-1,0,-16	-16,-6,-1,-16	ok
-0.628023	-45.829858	-45.907879	0.762167	continued:5	1163311390170240097821503950316463311263	9105953645	1,-1,-1,-16,-16	-16,-11,-16	ok
-0.625188	-45.829858	-46.237430	0.761252	continued:5	554578275379564148046305188459130399974	5869807044	1,-1,-1,-4,-16	-16,14,-15	ok
-0.622352	-45.829858	-46.530696	0.760878	continued:5	158902751627998554274107068355220963502	695579	-1,0,-1,0,15	-16,-15,-2,-1	ok
-0.619516	-45.829858	-46.787020	0.763672	full	48235078317967725627	124719	-1,-1,-16,-16	-16,-15,0	ok
-0.616681	-45.829858	-45.578289	0.762000	continued:5	458365519180190482720330704008373615151	882425	1,-1,-2,-1,-16	-16,15,-1,1	ok
-0.613845	-45.829858	-45.942562	0.760544	continued:5	124595531271605378503973392088142698028258378684903406635463	638984	1,-1,-3,-1,0,0,0,1	-16,15,-3	ok
-0.611009	-45.829858	-46.270703	0.759501	continued:5	35467297392713679319	5971113809	1,-1,-6,-16	-16,15,-15	ok
-0.608173	-45.829858	-46.563662	0.759128	continued:5	20304415456261929022184106123476117388298851777204048273548332646833032492785	7657711859	-1,0,-1,-3,-4,15	-16,15,15	ok
-0.605338	-45.829858	-46.819304	0.761921	full	47512327206850942527	7657711859	-1,-1,15,-16	-16,15,15	ok
-0.602502	-45.829858	-45.616226	0.760370	continued:5	29291855531585052001	7657711859	1,-1,15,15	-16,15,15	ok
-0.599666	-45.829858	-45.979071	0.758914	continued:5	47512327216599001534	9752248280	1,-1,15,-16	-16,15,-16	ok
-0.596831	-45.829858	-46.305566	0.757871	continued:5	1128710617842281174083729858336306771048	9752248280	1,0,-1,15,-16	-16,15,-16	ok
-0.593995	-45.829858	-46.596688	0.757370	continued:5	636993829414952048434994589800495400423693424282826007807038841490585563522014	9752248280	-1,0,0,-1,15,-16	-16,15,-16	ok
-0.591159	-45.829858	-46.851650	0.760163	full	29291855523931052325	9752248280	-1,-1,15,15	-16,15,-16	ok
-0.588324	-45.829858	-45.656629	0.758733	continued:5	48233701746098621369	9752248280	1,0,-16,-16	-16,15,-16	ok
-0.585488	-45.829858	-46.017709	0.757356	continued:5	48233701746098621369	9752248280	1,0,-16,-16	-16,15,-16	ok
-0.582652	-45.829858	-46.341434	0.756314	continued:5	428978661563236091977959002640377708608	9752248280	1,0,0,15,15	-16,15,-16	ok
-0.579817	-45.829858	-46.629775	0.755605	continued:5	17826447748668912764	7657711859	1,0,0,15	-16,15,15	ok
-0.576981	-45.829858	-46.884057	0.758399	full	1319507435259	7657711859	-1,-1,15,-4	-16,15,15	ok
-0.574145	-45.829858	-45.698037	0.757168	continued:5	131504586847961235687181874578063117114329409897631406061666638548823646371904376997883815099845702	7657711859	-1,0,0,0,0,0,0,0,0,0	-16,15,15	ok
-0.571309	-45.829858	-46.056348	0.755713	continued:5	131504586847961235687181874578063117114329409897631406061666638548823646371904376997883815099845702	7657711859	-1,0,0,0,0,0,0,0,0,0	-16,15,15	ok
-0.568474	-45.829858	-46.378147	0.754670	continued:5	131504586847961235687181874578063117114329409897631406061666638548823646371904376997883815099845702	7657711859	-1,0,0,0,0,0,0,0,0,0	-16,15,15	ok
-0.565638	-45.829858	-46.664418	0.753962	continued:5	158891119455127872658224920569466787545	7657711859	-1,0,0,0,15	-16,15,15	ok
-0.562802	-45.829858	-46.916526	0.756627	full	416979027653428506794972330428976886545	7657711859	-1,-1,-15,0,-1,-4	-16,15,15	ok
-0.559967	-45.829858	-45.739927	0.755469	continued:5	47550449673852546500	7657711859	-1,0,-1,1,-4	-16,15,15	ok
-0.557131	-45.829858	-46.096803	0.754013	continued:5	18444417850514135027	7657711859	-1,0,1,15	-16,15,15	ok
-0.554295	-45.829858	-46.416945	0.753098	continued:5	166628808342695193715348688318439452	7657711859	-1,0,0,2,-1,3	-16,15,15	ok
-0.551460	-45.829858	-46.700047	0.752390	continued:5	33834751456931116340	7657711859	-1,0,3,-15,-1	-16,15,15	ok
-0.548624	-45.829858	-46.949057	0.754849	full	778828813105205	7657588105	-1,-1,-15,1,2	15,15,15	ok
-0.545788	-45.829858	-45.780520	0.753812	continued:5	2127925217013393215	7657588105	-1,0,-15,-12,-1	15,15,15	ok
-0.542952	-45.829858	-46.135608	0.752356	continued:5	164753031114565318377863590620376927139	7657588105	-1,0,-15,-1,15	15,15,15	ok
-0.540117	-45.829858	-46.453799	0.751441	continued:5	6022366625	7657588105	-1,0,-15,0	15,15,15	ok
-0.537281	-45.829858	-46.734817	0.750733	continued:5	7921925423960	7657588105	-1,0,15,-1,-2	15,15,15	ok
-0.534445	-45.829858	-46.981651	0.753064	full	28364598725989205630	5971004530	-1,-1,14,15	15,15,-15	ok
-0.531610	-45.829858	-45.820647	0.752148	continued:5	866693688698704175890889	5971004530	-1,0,0,15,-4	15,15,-15	ok
-0.528774	-45.829858	-46.174013	0.750771	continued:5	18425681770266419420	5971004530	-1,0,15,-14,-1	15,15,-15	ok
-0.525938	-45.829858	-46.489475	0.749728	continued:5	158542497359814987176177990257861154630	18644641	-1,0,0,15,-15	15,15,6	ok
-0.523103	-45.829858	-46.769078	0.749020	continued:5	17806880550286261877	637855	-1,0,15,-15	15,15,-3	ok
-0.520267	-45.829858	-47.014308	0.751273	full	158623781955741897279704859600064921952	199366	-1,-1,-4,15,-15	15,15,1	ok
-0.517431	-45.829858	-45.861423	0.750477	continued:5	48968828547810714545	140685	-1,0,15,-15,-1	15,-15,-1	ok
-0.514595	-45.829858	-46.212977	0.749100	continued:5	110064990394349202958673541738719440084421495	140685	-1,0,-1,15,-15,-3	15,-15,-1	ok
-0.511760	-45.829858	-46.526469	0.748058	continued:5	18486649940897172747245447252771435	140685	-1,0,-1,15,-10,-1	15,-15,-1	ok
-0.508924	-45.829858	-46.803975	0.747349	continued:5	6611100314314833371240664363345312476313217708230679296072913332505714288637912317514	140685	-1,0,0,0,-1,15,2	15,-15,-1	ok
-0.506088	-45.829858	-47.047027	0.749474	full	32268387533348713635	10692456926567469423	-1,-1,-2,-15,-1	15,-15,-1,-15	ok
-0.503253	-45.829858	-45.906145	0.748800	continued:5	18876928745780371624405705335924982066719871687035335796185369885052345975	815973	-1,-1,15,0,-1,-14	15,-15,-1,1	ok
-0.500417	-45.829858	-46.255315	0.747423	continued:5	57164316129316019194261092863046141327	248835	-1,-1,-15,-1,-15	15,-15,-2	ok
-0.497581	-45.829858	-46.566358	0.746380	continued:5	57164316129316019194261092863046141327	586956	-1,-1,-15,-1,-15	15,-15,-3	ok
-0.494746	-45.829858	-46.841361	0.745879	continued:5	57164316129316019194261092863046141327	3515201598	-1,-1,-15,-1,-15	15,-15,-14	ok
-0.491910	-45.829858	-47.079809	0.747669	full	85241005498443942009	5920188861	-1,-1,-1,-15,1	15,-15,-15	ok
-0.489074	-45.829858	-45.952044	0.747194	continued:5	16914025686029978277	5920188861	-1,-1,-15,-1,-1,-1,0	15,-15,-15	ok
-0.486239	-45.829858	-46.297794	0.745817	continued:5	59280619412195796927989904789693520755	5525264851	-1,-1,-15,1,-15	15,-11,-15	ok
-0.483403	-45.829858	-46.605527	0.744775	continued:5	44531707293810	39921550	-1,-1,-15,-2,-2	15,-4,-6,1	ok
-0.480567	-45.829858	-46.877315	0.744273	continued:5	71010125468242598671608006208486114470	26811521931	-1,-1,-15,-4,-15	15,-3,-15,-2	ok
-0.477731	-45.829858	-47.112655	0.745857	full	17506287715197408764	12697565731	-1,1,-15,-15	15,-2,-1,-3,-1	ok
-0.474896	-45.829858	-45.997059	0.745454	continued:5	17505644030684069780	26497976707	-1,-1,-15,-15	-15,-2,-15,-2	ok
-0.472060	-45.829858	-46.340894	0.744205	continued:5	48237831589390783202	7973508592	-1,-1,-15,-15,-1	-15,1,-15,-1	ok
-0.469224	-45.829858	-46.645223	0.743290	continued:5	38346036115506997502	4666601107	-1,-1,7,-15,-1	-15,1,-15	ok
-0.466389	-45.829858	-46.912407	0.742582	continued:5	73460943878231970033573486599055000702	10875965372302106911	-1,-1,-3,4,-15	-15,-1,1,-15	ok
-0.463553	-45.829858	-47.145563	0.744038	full	304688085624	61328492251163092989332672144788471891	-1,1,-15,-1,1	-15,-1,-1,-2,-15	ok
-0.460717	-45.829858	-46.042682	0.743884	continued:5	23981922694703979369650	525349876	-1,-1,1,-15,-2,-1	-15,-1,-1,-1,1	ok
-0.457882	-45.829858	-46.382593	0.742507	continued:5	5695183504492614029263277	2662249	-1,-1,-1,-1,-1,-1,-1	-15,-1,-1,-1,-1	ok
-0.455046	-45.829858	-46.684544	0.741672	continued:5	6422970439875519180	283750571754874	-1,-1,-2,14	-15,-1,-2,-4,-2	ok
-0.452210	-45.829858	-46.948491	0.740963	continued:5	17506287715197408764	4666601107	-1,1,-15,-15	-15,1,-15	ok
-0.449374	-45.829858	-47.178535	0.742213	full	6170367080588716994	155162656817	-1,-2,-15,-14	-15,1,-15,-3	ok
-0.446539	-45.829858	-45.719187	0.743633	continued:5	71010125526423132886412481507647444034	155750920597	-1,1,-15,-4,-15	-15,-2,-15,-3	ok
-0.443703	-45.829858	-46.096153	0.741843	continued:5	66078905326475968071790153352310687219	6170367178950984424	-1,1,-15,-3,-15	-15,-2,-15,-14	ok
-0.440867	-45.829858	-46.433139	0.740594	continued:5	71010125584603667136968631715509904004	17506931583144994192	-1,-2,-15,-4,-15	-15,-2,-15,-15	ok
-0.438032	-45.829858	-46.730765	0.739679	continued:5	6170367080588716994	250734392	-1,-2,-15,-14	-15,-2,-2,-3	ok
-0.435196	-45.829858	-46.991392	0.738971	continued:5	17506931417461957694	4751906299	-1,-2,-15,-15	-15,2,-15	ok
-0.432360	-45.829858	-47.218185	0.740013	full	285582874023871529045485544	17508219040935119357	-1,-2,-3,-15,5	-15,-3,-15,-15	ok
-0.429525	-45.829858	-45.776606	0.741473	continued:5	17506931417461957694	4838377606	-1,-2,-15,-15	-15,3,-15	ok
-0.426689	-45.829858	-46.151725	0.739889	continued:5	17506931417461957694	4926025624	-1,-2,-15,-15	-15,4,-15	ok
-0.423853	-45.829858	-46.484409	0.738640	continued:5	153257593804416909236235396866761924739	5242214392	-1,-2,2,-15,-15	-15,-8,-15	ok
-0.421018	-45.829858	-46.777912	0.737598	continued:5	17507575137478042925	5819424757	-1,2,-15,-15	-15,-14,-15	ok
-0.418182	-45.829858	-47.035891	0.737096	continued:5	17507575137478042925	5869590349	-1,2,-15,-15	-15,14,-15	ok
-0.415346	-45.829858	-47.257925	0.737804	full	153268864506177354435169379916299120949	5920080049	-1,-3,-3,-15,-15	-15,-15,-15	ok
-0.412510	-45.829858	-45.837499	0.739461	continued:5	17508218875245990815	5920080049	-1,-3,-15,-15	-15,-15,-15	ok
-0.409675	-45.829858	-46.208469	0.737878	continued:5	13017598455928173827	5920080049	-1,-3,6,-15	-15,-15,-15	ok
-0.406839	-45.829858	-46.537182	0.736628	continued:5	17508862630766127725	5920080049	-1,3,-15,-15	-15,-15,-15	ok
-0.404003	-45.829858	-46.826837	0.735792	continued:5	17509506404038780019	5920080049	-1,-4,-15,-15	-15,-15,-15	ok
-0.401168	-45.829858	-47.078980	0.735084	continued:5	17510150195064274064	5920080049	-1,4,-15,-15	-15,-15,-15	ok
-0.398332	-45.829858	-47.297755	0.735586	full	17515945113225451304	5920080049	-1,-9,-15,-15	-15,-15,-15	ok
-0.395496	-45.829858	-45.901690	0.737567	continued:5	17514657229349716865	5920080049	-1,-8,-15,-15	-15,-15,-15	ok
-0.392661	-45.829858	-46.266573	0.735984	continued:5	17521097358998724890	5920080049	-1,-13,-15,-15	-15,-15,-15	ok
-0.389825	-45.829858	-46.589720	0.734735	continued:5	17522385598022683664	5920080049	-1,-14,-15,-15	-15,-15,-15	ok
-0.386989	-45.829858	-46.874216	0.733692	continued:5	5940728395798568504	5920080049	-1,-14,-14,-14	-15,-15,-15	ok
-0.384153	-45.829858	-47.123670	0.733191	continued:5	17523029744173554419	5920080049	-1,14,-15,-15	-15,-15,-15	ok
-0.381318	-45.829858	-47.337676	0.733358	full	17523029744173554419	5920080049	-1,14,-15,-15	-15,-15,-15	ok
-0.378482	-45.829858	-45.964484	0.735537	continued:5	17523029744173554419	5920080049	-1,14,-15,-15	-15,-15,-15	ok
-0.375646	-45.829858	-46.324880	0.733953	continued:5	17523029744173554419	5920080049	-1,14,-15,-15	-15,-15,-15	ok
-0.372811	-45.829858	-46.643773	0.732704	continued:5	17523673908084121325	5920080049	-1,-15,-15,-15	-15,-15,-15	ok
-0.369975	-45.829858	-46.924197	0.731789	continued:5	17523673908084121325	5920080049	-1,-15,-15,-15	-15,-15,-15	ok
-0.367139	-45.829858	-47.168456	0.731287	continued:5	17523673908084121325	5920080049	-1,-15,-15,-15	-15,-15,-15	ok
-0.364304	-45.829858	-47.377686	0.731120	full	17523673908084121325	5920080049	-1,-15,-15,-15	-15,-15,-15	ok
-0.361468	-45.829858	-46.030357	0.733443	continued:5	17523673908084121325	5920080049	-1,-15,-15,-15	-15,-15,-15	ok
-0.358632	-45.829858	-46.386341	0.731987	continued:5	17523673908084121325	5920080049	-1,-15,-15,-15	-15,-15,-15	ok
-0.355796	-45.829858	-46.699677	0.730738	continued:5	17523673908084121325	5920080049	-1,-15,-15,-15	-15,-15,-15	ok
-0.352961	-45.829858	-46.974955	0.729902	continued:5	17523673908084121325	5920080049	-1,-15,-15,-15	-15,-15,-15	ok
-0.350125	-45.829858	-47.213635	0.729400	continued:5	17523673908084121325	5920080049	-1,-15,-15,-15	-15,-15,-15	ok
-0.347289	-45.829858	-47.417785	0.729026	full	17523673908084121325	5920080049	-1,-15,-15,-15	-15,-15,-15	ok
-0.344454	-45.829858	-46.094688	0.731434	continued:5	17523673908084121325	5920080049	-1,-15,-15,-15	-15,-15,-15	ok
-0.341618	-45.829858	-46.445440	0.729850	continued:5	17523673908084121325	5920080049	-1,-15,-15,-15	-15,-15,-15	ok
-0.338782	-45.829858	-46.755268	0.728808	continued:5	17523673908084121325	5920080049	-1,-15,-15,-15	-15,-15,-15	ok
-0.335947	-45.829858	-47.024957	0.727972	continued:5	17523673908084121325	5920080049	-1,-15,-15,-15	-15,-15,-15	ok
-0.333111	-45.829858	-47.258512	0.727470	continued:5	17523673908084121325	5920080049	-1,-15,-15,-15	-15,-15,-15	ok
-0.330275	-45.829858	-47.457973	0.727096	full	17523673908084121325	5920080049	-1,-15,-15,-15	-15,-15,-15	ok
-0.327440	-45.829858	-46.162752	0.729456	continued:5	17523673908084121325	5920080049	-1,-15,-15,-15	-15,-15,-15	ok
-0.324604	-45.829858	-46.507199	0.728001	continued:5	17523673908084121325	5920080049	-1,-15,-15,-15	-15,-15,-15	ok
-0.321768	-45.829858	-46.809928	0.726751	continued:5	17523673908084121325	5920080049	-1,-15,-15,-15	-15,-15,-15	ok
-0.318932	-45.829858	-47.075363	0.726043	continued:5	17523673908084121325	5920080049	-1,-15,-15,-15	-15,-15,-15	ok
-0.316097	-45.829858	-47.303611	0.725542	continued:5	17523673908084121325	5920080049	-1,-15,-15,-15	-15,-15,-15	ok
-0.313261	-45.829858	-47.498248	0.725168	full	17523673908084121325	5920080049	-1,-15,-15,-15	-15,-15,-15	ok
-0.310425	-45.829858	-46.229577	0.727450	continued:5	17523673908084121325	5920080049	-1,-15,-15,-15	-15,-15,-15	ok
-0.307590	-45.829858	-46.568100	0.725866	continued:5	17523673908084121325	5920080049	-1,-15,-15,-15	-15,-15,-15	ok
-0.304754	-45.829858	-46.866749	0.724823	continued:5	17523673908084121325	5920080049	-1,-15,-15,-15	-15,-15,-15	ok
-0.301918	-45.829858	-47.126144	0.724115	continued:5	17523673908084121325	5920080049	-1,-15,-15,-15	-15,-15,-15	ok
-0.299083	-45.829858	-47.348921	0.723614	continued:5	17523673908084121325	5920080049	-1,-15,-15,-15	-15,-15,-15	ok
-0.296247	-45.829858	-47.538610	0.723240	full	17523673908084121325	5920080049	-1,-15,-15,-15	-15,-15,-15	ok
-0.293411	-45.829858	-45.933976	0.726867	continued:5	17523673908084121325	5920080049	-1,-15,-15,-15	-15,-15,-15	ok
-0.290575	-45.829858	-46.309904	0.725076	continued:5	17523673908084121325	5920080049	-1,-15,-15,-15	-15,-15,-15	ok
-0.287740	-45.829858	-46.641301	0.723621	continued:5	17523673908084121325	5920080049	-1,-15,-15,-15	-15,-15,-15	ok
-0.284904	-45.829858	-46.932096	0.722578	continued:5	17523673908084121325	5920080049	-1,-15,-15,-15	-15,-15,-15	ok
-0.282068	-45.829858	-47.184408	0.721742	continued:5	17523029744173554419	5920080049	-1,14,-15,-15	-15,-15,-15	ok
-0.279233	-45.829858	-47.402083	0.721368	continued:5	17523029744173554419	5920080049	-1,14,-15,-15	-15,-15,-15	ok
-0.276397	-45.829858	-47.585807	0.720994	full	17523029744173554419	5920080049	-1,14,-15,-15	-15,-15,-15	ok
-0.273561	-45.829858	-46.023064	0.724498	continued:5	17523029744173554419	5920080049	-1,14,-15,-15	-15,-15,-15	ok
-0.270726	-45.829858	-46.390669	0.722708	continued:5	17523029744173554419	5920080049	-1,14,-15,-15	-15,-15,-15	ok
-0.267890	-45.829858	-46.714626	0.721252	continued:5	17523029744173554419	5920080049	-1,14,-15,-15	-15,-15,-15	ok
-0.265054	-45.829858	-46.998664	0.720209	continued:5	17523029744173554419	5920080049	-1,14,-15,-15	-15,-15,-15	ok
-0.262219	-45.829858	-47.244809	0.719501	continued:5	17523029744173554419	5920080049	-1,14,-15,-15	-15,-15,-15	ok
-0.259383	-45.829858	-47.455568	0.719127	continued:5	17523029744173554419	5920080049	-1,14,-15,-15	-15,-15,-15	ok
-0.256547	-45.829858	-47.633120	0.718753	full	17523029744173554419	5920080049	-1,14,-15,-15	-15,-15,-15	ok
-0.253711	-45.829858	-46.116735	0.722048	continued:5	17523029744173554419	5920080049	-1,14,-15,-15	-15,-15,-15	ok
-0.250876	-45.829858	-46.475952	0.720257	continued:5	17523029744173554419	5920080049	-1,14,-15,-15	-15,-15,-15	ok
-0.248040	-45.829858	-46.792401	0.719008	continued:5	17225409506444151014	5920080049	-1,14,14,-15	-15,-15,-15	ok
-0.245204	-45.829858	-47.067462	0.717966	continued:5	17225409506444151014	5920080049	-1,14,14,-15	-15,-15,-15	ok
-0.242369	-45.829858	-47.305629	0.717257	continued:5	10296487171183901877	5869590349	-1,14,14,14	-15,14,-15	ok
-0.239533	-45.829858	-47.509292	0.716883	continued:5	10296487171183901877	4538043517	-1,14,14,14	-15,14,14	ok
-0.236697	-45.829858	-47.680546	0.716510	full	10296487171183901877	4538043517	-1,14,14,14	-15,14,14	ok
-0.233862	-45.829858	-46.210210	0.719472	continued:5	10296487171183901877	4538043517	-1,14,14,14	-15,14,14	ok
-0.231026	-45.829858	-46.562222	0.717889	continued:5	10296487171183901877	4537948250	-1,14,14,14	14,14,14	ok
-0.228190	-45.829858	-46.869912	0.716640	continued:5	10296487171183901877	4537948250	-1,14,14,14	14,14,14	ok
-0.225354	-45.829858	-47.137155	0.715725	continued:5	10296487171183901877	4537948250	-1,14,14,14	14,14,14	ok
-0.222519	-45.829858	-47.367005	0.715016	continued:5	10296487171183901877	4537948250	-1,14,14,14	14,14,14	ok
-0.219683	-45.829858	-47.563316	0.714643	continued:5	10296487171183901877	4537948250	-1,14,14,14	14,14,14	ok
-0.216847	-45.829858	-47.728083	0.714269	full	10296487171183901877	4537948250	-1,14,14,14	14,14,14	ok
-0.214012	-45.829858	-46.310749	0.717151	continued:5	10296487171183901877	4537948250	-1,14,14,14	14,14,14	ok
-0.211176	-45.829858	-46.651364	0.715567	continued:5	10296487171183901877	4537948250	-1,14,14,14	14,14,14	ok
-0.208340	-45.829858	-46.949100	0.714318	continued:5	10296487171183901877	4537948250	-1,14,14,14	14,14,14	ok
-0.205505	-45.829858	-47.207558	0.713482	continued:5	10296487171183901877	4537948250	-1,14,14,14	14,14,14	ok
-0.202669	-45.829858	-47.428823	0.712774	continued:5	10296487171183901877	4537948250	-1,14,14,14	14,14,14	ok
-0.199833	-45.829858	-47.617586	0.712400	continued:5	10296487171183901877	4537948250	-1,14,14,14	14,14,14	ok
-0.196997	-45.829858	-47.775730	0.712026	full	10296487171183901877	4537948250	-1,14,14,14	14,14,14	ok
-0.194162	-45.829858	-46.408927	0.714683	continued:5	10296487171183901877	4537948250	-1,14,14,14	14,14,14	ok
-0.191326	-45.829858	-46.739906	0.713228	continued:5	10296487171183901877	4537948250	-1,14,14,14	14,14,14	ok
-0.188490	-45.829858	-47.027769	0.711978	continued:5	10296487171183901877	4537948250	-1,14,14,14	14,14,14	ok
-0.185655	-45.829858	-47.277528	0.711063	continued:5	10296054863543484590	4537948250	-1,-14,14,14	14,14,14	ok
-0.182819	-45.829858	-47.491913	0.710562	continued:5	10109286123422004455	4537948250	-1,-14,-14,14	14,14,14	ok
-0.179983	-45.829858	-47.672475	0.710188	continued:5	5940728395798568504	3480908175	-1,-14,-14,-14	14,14,-14	ok
-0.177148	-45.829858	-47.823482	0.709814	full	5940728395798568504	3480908175	-1,-14,-14,-14	14,14,-14	ok
-0.174312	-45.829858	-46.158340	0.713744	continued:5	5940728395798568504	3447031937	-1,-14,-14,-14	14,-14,-14	ok
-0.171476	-45.829858	-46.522736	0.711826	continued:5	5940728395798568504	3447031937	-1,-14,-14,-14	14,-14,-14	ok
-0.168641	-45.829858	-46.842542	0.710370	continued:5	5940728395798568504	3447031937	-1,-14,-14,-14	14,-14,-14	ok
-0.165805	-45.829858	-47.120543	0.709327	continued:5	5940728395798568504	3447031937	-1,-14,-14,-14	14,-14,-14	ok
-0.162969	-45.829858	-47.359398	0.708491	continued:5	5940728395798568504	3447031937	-1,-14,-14,-14	14,-14,-14	ok
-0.160133	-45.829858	-47.563436	0.707990	continued:5	5940728395798568504	3447031937	-1,-14,-14,-14	14,-14,-14	ok
-0.157298	-45.829858	-47.734995	0.707616	continued:5	5940728395798568504	3447031937	-1,-14,-14,-14	14,-14,-14	ok
-0.154462	-45.829858	-47.878183	0.707242	full	5940728395798568504	3446948908	-1,-14,-14,-14	-14,-14,-14	ok
-0.151626	-45.829858	-46.292964	0.710846	continued:5	5940728395798568504	3446948908	-1,-14,-14,-14	-14,-14,-14	ok
-0.148791	-45.829858	-46.643240	0.709056	continued:5	5940728395798568504	3446948908	-1,-14,-14,-14	-14,-14,-14	ok
-0.145955	-45.829858	-46.949454	0.707679	continued:5	5940728395798568504	3446948908	-1,-14,-14,-14	-14,-14,-14	ok
-0.143119	-45.829858	-47.214806	0.706636	continued:5	5940728395798568504	5940728485419240489	-1,-14,-14,-14	-14,-14,-14,-14	ok
-0.140284	-45.829858	-47.442654	0.705928	continued:5	5940728395798568504	5940728485419240489	-1,-14,-14,-14	-14,-14,-14,-14	ok
-0.137448	-45.829858	-47.635801	0.705426	continued:5	5940728395798568504	5940728485419240489	-1,-14,-14,-14	-14,-14,-14,-14	ok
-0.134612	-45.829858	-47.797948	0.705052	continued:5	5940728395798568504	5940728485419240489	-1,-14,-14,-14	-14,-14,-14,-14	ok
-0.131776	-45.829858	-47.933016	0.704679	full	5940728395798568504	5940728485419240489	-1,-14,-14,-14	-14,-14,-14,-14	ok
-0.128941	-45.829858	-46.425263	0.707911	continued:5	5940728395798568504	5940728485419240489	-1,-14,-14,-14	-14,-14,-14,-14	ok
-0.126105	-45.829858	-46.761885	0.706327	continued:5	5940728395798568504	5940728485419240489	-1,-14,-14,-14	-14,-14,-14,-14	ok
-0.123269	-45.829858	-47.054050	0.704950	continued:5	5940728395798568504	5940728485419240489	-1,-14,-14,-14	-14,-14,-14,-14	ok
-0.120434	-45.829858	-47.307240	0.704035	continued:5	5940728395798568504	5940728485419240489	-1,-14,-14,-14	-14,-14,-14,-14	ok
-0.117598	-45.829858	-47.523203	0.703199	continued:5	5940728395798568504	5940728485419240489	-1,-14,-14,-14	-14,-14,-14,-14	ok
-0.114762	-45.829858	-47.707380	0.702698	continued:5	5940728395798568504	5940728485419240489	-1,-14,-14,-14	-14,-14,-14,-14	ok
-0.111927	-45.829858	-47.861724	0.702531	continued:5	5940728395798568504	5940728485419240489	-1,-14,-14,-14	-14,-14,-14,-14	ok
-0.109091	-45.829858	-47.987977	0.702157	full	5940728395798568504	5940728485419240489	-1,-14,-14,-14	-14,-14,-14,-14	ok
-0.106255	-45.829858	-46.217037	0.706540	continued:5	5940728395798568504	5940728485419240489	-1,-14,-14,-14	-14,-14,-14,-14	ok
-0.103420	-45.829858	-46.582963	0.704622	continued:5	5940728395798568504	5940728485419240489	-1,-14,-14,-14	-14,-14,-14,-14	ok
-0.100584	-45.829858	-46.902088	0.703166	continued:5	5940728395798568504	5940728485419240489	-1,-14,-14,-14	-14,-14,-14,-14	ok
-0.097748	-45.829858	-47.177845	0.701917	continued:5	5940728395798568504	5940728485419240489	-1,-14,-14,-14	-14,-14,-14,-14	ok
-0.094912	-45.829858	-47.415548	0.701002	continued:5	5940728395798568504	5940728485419240489	-1,-14,-14,-14	-14,-14,-14,-14	ok
-0.092077	-45.829858	-47.618185	0.700293	continued:5	5940728395798568504	5940728485419240489	-1,-14,-14,-14	-14,-14,-14,-14	ok
-0.089241	-45.829858	-47.789596	0.699792	continued:5	5940728395798568504	5940728485419240489	-1,-14,-14,-14	-14,-14,-14,-14	ok
-0.086405	-45.829858	-47.933020	0.699625	continued:5	5940728395798568504	5940728485419240489	-1,-14,-14,-14	-14,-14,-14,-14	ok
-0.083570	-45.829858	-48.049951	0.698917	full	5940728395798568504	5940728485419240489	-1,-14,-14,-14	-14,-14,-14,-14	ok
-0.080734	-45.829858	-46.454790	0.703000	continued:5	17646127468735791542507331672356580785	5940728485419240489	-1,-14,-14,-14,-14	-14,-14,-14,-14	ok
-0.077898	-45.829858	-46.791689	0.701210	continued:5	17646127468735791542507331672356580785	5940728485419240489	-1,-14,-14,-14,-14	-14,-14,-14,-14	ok
-0.075063	-45.829858	-47.085070	0.699833	continued:5	17646127468735791542507331672356580785	5940728485419240489	-1,-14,-14,-14,-14	-14,-14,-14,-14	ok
-0.072227	-45.829858	-47.338185	0.698790	continued:5	17646127468735791542507331672356580785	5940728485419240489	-1,-14,-14,-14,-14	-14,-14,-14,-14	ok
-0.069391	-45.829858	-47.554484	0.697875	continued:5	17646127468735791542507331672356580785	5940728485419240489	-1,-14,-14,-14,-14	-14,-14,-14,-14	ok
-0.066555	-45.829858	-47.738958	0.697374	continued:5	17646127468735791542507331672356580785	5940728485419240489	-1,-14,-14,-14,-14	-14,-14,-14,-14	ok
-0.063720	-45.829858	-47.892875	0.698210	full	17646127468735791542507331672356580785	5940728485419240489	-1,-14,-14,-14,-14	-14,-14,-14,-14	ok
-0.060884	-45.829858	-46.206849	0.702163	continued:5	17646127468735791542507331672356580785	5940728485419240489	-1,-14,-14,-14,-14	-14,-14,-14,-14	ok
-0.058048	-45.829858	-46.578061	0.700038	continued:5	17646127468735791542507331672356580785	5940728485419240489	-1,-14,-14,-14,-14	-14,-14,-14,-14	ok
-0.055213	-45.829858	-46.902481	0.698455	continued:5	17646127468735791542507331672356580785	5940728485419240489	-1,-14,-14,-14,-14	-14,-14,-14,-14	ok
-0.052377	-45.829858	-47.182837	0.697078	continued:5	17646127468735791542507331672356580785	5940728485419240489	-1,-14,-14,-14,-14	-14,-14,-14,-14	ok
-0.049541	-45.829858	-47.424722	0.696163	continued:5	17646127468735791542507331672356580785	5940728485419240489	-1,-14,-14,-14,-14	-14,-14,-14,-14	ok
-0.046706	-45.829858	-47.629994	0.695327	continued:5	17646127468735791542507331672356580785	5940728485419240489	-1,-14,-14,-14,-14	-14,-14,-14,-14	ok
-0.043870	-45.829858	-47.804201	0.694825	continued:5	17646127468735791542507331672356580785	5940728485419240489	-1,-14,-14,-14,-14	-14,-14,-14,-14	ok
-0.041034	-45.829858	-47.949353	0.694993	full	17646127468735791542507331672356580785	5940728485419240489	-1,-14,-14,-14,-14	-14,-14,-14,-14	ok
-0.038198	-45.829858	-46.354104	0.699173	continued:5	17646127468735791542507331672356580785	5940728485419240489	-1,-14,-14,-14,-14	-14,-14,-14,-14	ok
-0.035363	-45.829858	-46.708945	0.697255	continued:5	17646127468735791542507331672356580785	5940728485419240489	-1,-14,-14,-14,-14	-14,-14,-14,-14	ok
-0.032527	-45.829858	-47.017227	0.695672	continued:5	17646127468735791542507331672356580785	5940728485419240489	-1,-14,-14,-14,-14	-14,-14,-14,-14	ok
-0.029691	-45.829858	-47.283837	0.694422	continued:5	17646127468735791542507331672356580785	5940728485419240489	-1,-14,-14,-14,-14	-14,-14,-14,-14	ok
-0.026856	-45.829858	-47.512600	0.693507	continued:5	17646127468735791542507331672356580785	5940728485419240489	-1,-14,-14,-14,-14	-14,-14,-14,-14	ok
-0.024020	-45.829858	-47.706667	0.692799	continued:5	17646127468735791542507331672356580785	5940728485419240489	-1,-14,-14,-14,-14	-14,-14,-14,-14	ok
-0.021184	-45.829858	-47.870006	0.692298	continued:5	17646127468735791542507331672356580785	5940728485419240489	-1,-14,-14,-14,-14	-14,-14,-14,-14	ok
-0.018349	-45.829858	-48.005941	0.691924	full	17646127468735791542507331672356580785	5940728485419240489	-1,-14,-14,-14,-14	-14,-14,-14,-14	ok
-0.015513	-45.829858	-46.494774	0.696139	continued:5	17646127468735791542507331672356580785	5940728485419240489	-1,-14,-14,-14,-14	-14,-14,-14,-14	ok
-0.012677	-45.829858	-46.834592	0.694349	continued:5	17646127468735791542507331672356580785	5940728485419240489	-1,-14,-14,-14,-14	-14,-14,-14,-14	ok
-0.009842	-45.829858	-47.128680	0.692972	continued:5	17646127468735791542507331672356580785	5940728485419240489	-1,-14,-14,-14,-14	-14,-14,-14,-14	ok
-0.007006	-45.829858	-47.380946	0.691722	continued:5	17646127468735791542507331672356580785	5940728485419240489	-1,-14,-14,-14,-14	-14,-14,-14,-14	ok
-0.004170	-45.829858	-47.597487	0.690808	continued:5	17646127468735791542507331672356580785	5940728485419240489	-1,-14,-14,-14,-14	-14,-14,-14,-14	ok
-0.001334	-45.829858	-47.781124	0.690099	continued:5	17646127468735791542507331672356580785	5940728485419240489	-1,-14,-14,-14,-14	-14,-14,-14,-14	ok
0.001501	-45.829858	-47.935563	0.689726	continued:5	17646127468735791542507331672356580785	5940728485419240489	-1,-14,-14,-14,-14	-14,-14,-14,-14	ok
0.004337	-45.829858	-48.062634	0.689352	full	17646127468735791542507331672356580785	5940728485419240489	-1,-14,-14,-14,-14	-14,-14,-14,-14	ok
0.007173	-45.829858	-46.295613	0.694848	continued:5	17646127468735791542507331672356580785	5940728485419240489	-1,-14,-14,-14,-14	-14,-14,-14,-14	ok
0.010008	-45.829858	-46.664210	0.692723	continued:5	17646127468735791542507331672356580785	5940728485419240489	-1,-14,-14,-14,-14	-14,-14,-14,-14	ok
0.012844	-45.829858	-46.984634	0.691140	continued:5	17646127468735791542507331672356580785	5940728485419240489	-1,-14,-14,-14,-14	-14,-14,-14,-14	ok
0.015680	-45.829858	-47.260083	0.689684	continued:5	17646127468735791542507331672356580785	5940728485419240489	-1,-14,-14,-14,-14	-14,-14,-14,-14	ok
0.018515	-45.829858	-47.497377	0.688641	continued:5	17646127468735791542507331672356580785	5940728485419240489	-1,-14,-14,-14,-14	-14,-14,-14,-14	ok
0.021351	-45.829858	-47.698990	0.687933	continued:5	17646127468735791542507331672356580785	5940728485419240489	-1,-14,-14,-14,-14	-14,-14,-14,-14	ok
0.024187	-45.829858	-47.867865	0.687225	continued:5	17646127468735791542507331672356580785	5940728485419240489	-1,-14,-14,-14,-14	-14,-14,-14,-14	ok
0.027023	-45.829858	-48.009889	0.686851	continued:5	17646127468735791542507331672356580785	5940728485419240489	-1,-14,-14,-14,-14	-14,-14,-14,-14	ok
0.029858	-45.829858	-48.126528	0.686477	full	17646127468735791542507331672356580785	5940728485419240489	-1,-14,-14,-14,-14	-14,-14,-14,-14	ok
0.032694	-45.829858	-46.497574	0.691357	continued:5	17646127468735791542507331672356580785	5940728485419240489	-1,-14,-14,-14,-14	-14,-14,-14,-14	ok
0.035530	-45.829858	-46.841528	0.689439	continued:5	17646127468735791542507331672356580785	5940728485419240489	-1,-14,-14,-14,-14	-14,-14,-14,-14	ok
0.038365	-45.829858	-47.139153	0.687855	continued:5	17646127468735791542507331672356580785	5940728485419240489	-1,-14,-14,-14,-14	-14,-14,-14,-14	ok
0.041201	-45.829858	-47.395462	0.686606	continued:5	17646127468735791542507331672356580785	5940728485419240489	-1,-14,-14,-14,-14	-14,-14,-14,-14	ok
0.044037	-45.829858	-47.614418	0.685691	continued:5	17646127468735791542507331672356580785	5940728485419240489	-1,-14,-14,-14,-14	-14,-14,-14,-14	ok
0.046872	-45.829858	-47.799281	0.684855	continued:5	17646127468735791542507331672356580785	5940728485419240489	-1,-14,-14,-14,-14	-14,-14,-14,-14	ok
0.049708	-45.829858	-47.955407	0.684354	continued:5	17646127468735791542507331672356580785	5940728485419240489	-1,-14,-14,-14,-14	-14,-14,-14,-14	ok
0.052544	-45.829858	-48.084607	0.683980	continued:5	17646127468735791542507331672356580785	5940728485419240489	-1,-14,-14,-14,-14	-14,-14,-14,-14	ok
0.055379	-45.829858	-48.190535	0.683606	full	17646127468735791542507331672356580785	5940728485419240489	-1,-14,-14,-14,-14	-14,-14,-14,-14	ok
0.058215	-45.829858	-46.356438	0.689463	continued:5	17646127468735791542507331672356580785	5940728485419240489	-1,-14,-14,-14,-14	-14,-14,-14,-14	ok
0.061051	-45.829858	-46.722863	0.687545	continued:5	17646127468735791542507331672356580785	5940728485419240489	-1,-14,-14,-14,-14	-14,-14,-14,-14	ok
0.063887	-45.829858	-47.037910	0.685755	continued:5	17646127468735791542507331672356580785	5940728485419240489	-1,-14,-14,-14,-14	-14,-14,-14,-14	ok
0.066722	-45.829858	-47.310075	0.684171	continued:5	17646127468735791542507331672356580785	5940728485419240489	-1,-14,-14,-14,-14	-14,-14,-14,-14	ok
0.069558	-45.829858	-47.545043	0.683129	continued:5	17646127468735791542507331672356580785	5940728485419240489	-1,-14,-14,-14,-14	-14,-14,-14,-14	ok
0.072394	-45.829858	-47.743889	0.682214	continued:5	17646127468735791542507331672356580785	5940728485419240489	-1,-14,-14,-14,-14	-14,-14,-14,-14	ok
0.075229	-45.829858	-47.911896	0.681506	continued:5	17646127468735791542507331672356580785	5940728485419240489	-1,-14,-14,-14,-14	-14,-14,-14,-14	ok
0.078065	-45.829858	-48.052589	0.681132	continued:5	17646127468735791542507331672356580785	5940728485419240489	-1,-14,-14,-14,-14	-14,-14,-14,-14	ok
0.080901	-45.829858	-48.167620	0.680758	continued:5	17646127468735791542507331672356580785	5940728485419240489	-1,-14,-14,-14,-14	-14,-14,-14,-14	ok
0.083736	-45.829858	-48.261771	0.680384	full	17646127468735791542507331672356580785	5940728485419240489	-1,-14,-14,-14,-14	-14,-14,-14,-14	ok
0.086572	-45.829858	-46.630818	0.685417	continued:5	17646127468735791542507331672356580785	5940728485419240489	-1,-14,-14,-14,-14	-14,-14,-14,-14	ok
0.089408	-45.829858	-46.961327	0.683499	continued:5	17646127468735791542507331672356580785	5940728485419240489	-1,-14,-14,-14,-14	-14,-14,-14,-14	ok
0.092244	-45.829858	-47.246795	0.681915	continued:5	17646127468735791542507331672356580785	5940728485419240489	-1,-14,-14,-14,-14	-14,-14,-14,-14	ok
0.095079	-45.829858	-47.492097	0.680666	continued:5	17646127468735791542507331672356580785	5940728485419240489	-1,-14,-14,-14,-14	-14,-14,-14,-14	ok
0.097915	-45.829858	-47.701121	0.679623	continued:5	17646127468735791542507331672356580785	5940728485419240489	-1,-14,-14,-14,-14	-14,-14,-14,-14	ok
0.100751	-45.829858	-47.878390	0.678788	continued:5	17646127468735791542507331672356580785	5940728485419240489	-1,-14,-14,-14,-14	-14,-14,-14,-14	ok
0.103586	-45.829858	-48.027629	0.678286	continued:5	17646127468735791542507331672356580785	5940728485419240489	-1,-14,-14,-14,-14	-14,-14,-14,-14	ok
0.106422	-45.829858	-48.150634	0.677912	continued:5	17646127468735791542507331672356580785	5940728485419240489	-1,-14,-14,-14,-14	-14,-14,-14,-14	ok
0.109258	-45.829858	-48.251042	0.677538	continued:5	5940728395798568504	5940728485419240489	-1,-14,-14,-14	-14,-14,-14,-14	ok
0.112093	-45.829858	-48.333116	0.677164	full	5940728395798568504	5940728485419240489	-1,-14,-14,-14	-14,-14,-14,-14	ok
0.114929	-45.829858	-46.600901	0.682761	continued:5	17646127468735791542507331672356580785	5940728485419240489	-1,-14,-14,-14,-14	-14,-14,-14,-14	ok
0.117765	-45.829858	-46.938306	0.680636	continued:5	17646127468735791542507331672356580785	5940728485419240489	-1,-14,-14,-14,-14	-14,-14,-14,-14	ok
0.120601	-45.829858	-47.230909	0.679052	continued:5	17646127468735791542507331672356580785	5940728485419240489	-1,-14,-14,-14,-14	-14,-14,-14,-14	ok
0.123436	-45.829858	-47.481400	0.677675	continued:5	17646127468735791542507331672356580785	5940728485419240489	-1,-14,-14,-14,-14	-14,-14,-14,-14	ok
0.126272	-45.829858	-47.695493	0.676633	continued:5	5940728395798568504	5940728485419240489	-1,-14,-14,-14	-14,-14,-14,-14	ok
0.129108	-45.829858	-47.876460	0.675718	continued:5	5940728395798568504	5940728485419240489	-1,-14,-14,-14	-14,-14,-14,-14	ok
0.131943	-45.829858	-48.029168	0.675216	continued:5	5940728395798568504	5940728485419240489	-1,-14,-14,-14	-14,-14,-14,-14	ok
0.134779	-45.829858	-48.154688	0.674715	continued:5	5940728395798568504	5940728485419240489	-1,-14,-14,-14	-14,-14,-14,-14	ok
0.137615	-45.829858	-48.258183	0.674213	continued:5	5940728395798568504	5940728485419240489	-1,-14,-14,-14	-14,-14,-14,-14	ok
0.140450	-45.829858	-48.343835	0.674046	continued:5	5940728395798568504	5940728485419240489	-1,-14,-14,-14	-14,-14,-14,-14	ok
0.143286	-45.829858	-48.411700	0.673672	full	5940728395798568504	5940728485419240489	-1,-14,-14,-14	-14,-14,-14,-14	ok
0.146122	-45.829858	-46.703819	0.679113	continued:5	5940442205971251902	5940728485419240489	-1,13,-14,-14	-14,-14,-14,-14	ok
0.148957	-45.829858	-47.030442	0.677195	continued:5	5940442205971251902	5940728485419240489	-1,13,-14,-14	-14,-14,-14,-14	ok
0.151793	-45.829858	-47.311398	0.675612	continued:5	5940442205971251902	3446948908	-1,13,-14,-14	-14,-14,-14	ok
0.154629	-45.829858	-47.551877	0.674235	continued:5	3361378628987190902	2592900051	-1,13,13,13	-14,13,13	ok
0.157465	-45.829858	-47.757343	0.673192	continued:5	3361378628987190902	2592828040	-1,13,13,13	13,13,13	ok
0.160300	-45.829858	-47.930882	0.672356	continued:5	3361378628987190902	2592828040	-1,13,13,13	13,13,13	ok
0.163136	-45.829858	-48.076395	0.671648	continued:5	3361378628987190902	2592828040	-1,13,13,13	13,13,13	ok
0.165972	-45.829858	-48.197899	0.671147	continued:5	3361378628987190902	2592828040	-1,13,13,13	13,13,13	ok
0.168807	-45.829858	-48.297880	0.670773	continued:5	3361378628987190902	3361378693807892252	-1,13,13,13	13,13,13,13	ok
0.171643	-45.829858	-48.379196	0.670399	continued:5	3361378628987190902	3361378693807892252	-1,13,13,13	13,13,13,13	ok
0.174479	-45.829858	-48.445459	0.670232	continued:5	3361378628987190902	3361378693807892252	-1,13,13,13	13,13,13,13	ok
0.177314	-45.829858	-48.497526	0.669396	full	3361378628987190902	3361378693807892252	-1,13,13,13	13,13,13,13	ok
0.180150	-45.829858								error: T SSCS does not start with ±1: [-2, 13, 13, 13]
0.182986	-45.829858								error: T SSCS does not start with ±1: [-2, 13, 13, 13]
0.185822	-45.829858								error: T SSCS does not start with ±1: [-2, 13, 13, 13]
0.188657	-45.829858								error: T SSCS does not start with ±1: [-2, 13, 13, 13]
0.191493	-45.829858								error: T SSCS does not start with ±1: [-2, 13, 13, 13]
0.194329	-45.829858								error: T SSCS does not start with ±1: [-2, 13, 13, 13]
0.197164	-45.829858								error: T SSCS does not start with ±1: [-2, 13, 13, 13]
0.200000	-45.829858								error: T SSCS does not start with ±1: [-2, 13, 13, 13]
