delta_x	delta_ca	T0_V	T0_Ca	T0_method	T_encoding	gamma_encoding	T_scs	gamma_scs	status
-3.200000	-18.640534								error: Could not locate the first local maximum of the reduced return map.
-3.197164	-18.640534								error: Could not locate the first local maximum of the reduced return map.
-3.194329	-18.640534								error: Could not locate the first local maximum of the reduced return map.
-3.191493	-18.640534								error: Could not locate the first local maximum of the reduced return map.
-3.188657	-18.640534								error: Could not locate the first local maximum of the reduced return map.
-3.185822	-18.640534								error: Could not locate the first local maximum of the reduced return map.
-3.182986	-18.640534								error: Could not locate the first local maximum of the reduced return map.
-3.180150	-18.640534								error: Could not locate the first local maximum of the reduced return map.
-3.177314	-18.640534								error: Could not locate the first local maximum of the reduced return map.
-3.174479	-18.640534								error: Could not locate the first local maximum of the reduced return map.
-3.171643	-18.640534								error: Could not locate the first local maximum of the reduced return map.
-3.168807	-18.640534								error: Could not locate the first local maximum of the reduced return map.
-3.165972	-18.640534								error: Could not locate the first local maximum of the reduced return map.
-3.163136	-18.640534								error: Could not locate the first local maximum of the reduced return map.
-3.160300	-18.640534								error: Could not locate the first local maximum of the reduced return map.
-3.157465	-18.640534								error: Could not locate the first local maximum of the reduced return map.
-3.154629	-18.640534								error: Could not locate the first local maximum of the reduced return map.
-3.151793	-18.640534								error: Could not locate the first local maximum of the reduced return map.
-3.148957	-18.640534								error: Could not locate the first local maximum of the reduced return map.
-3.146122	-18.640534								error: Could not locate the first local maximum of the reduced return map.
-3.143286	-18.640534								error: Could not locate the first local maximum of the reduced return map.
-3.140450	-18.640534								error: Could not locate the first local maximum of the reduced return map.
-3.137615	-18.640534								error: Could not locate the first local maximum of the reduced return map.
-3.134779	-18.640534								error: T SSCS does not start with ±1: [0, 0, 0, 0, 0, 0, 0, 0, 0, 0]
-3.131943	-18.640534								error: T SSCS does not start with ±1: [0, 0, 0, 0, 0, 0, 0, 0, 0, 0]
-3.129108	-18.640534								error: T SSCS does not start with ±1: [0, 0, 0, 0, 0, 0, 0, 0, 0, 0]
-3.126272	-18.640534								error: T SSCS does not start with ±1: [0, 0, 0, 0, 0, 0, 0, 0, 0, 0]
-3.123436	-18.640534								error: T SSCS does not start with ±1: [0, 0, 0, 0, 0, 0, 0, 0, 0, 0]
-3.120601	-18.640534								error: T SSCS does not start with ±1: [0, 0, 0, 0, 0, 0, 0, 0, 0, 0]
-3.117765	-18.640534								error: T SSCS does not start with ±1: [0, 0, 0, 0, 0, 0, 0, 0, 0, 0]
-3.114929	-18.640534								error: T SSCS does not start with ±1: [0, 0, 0, 0, 0, 0, 0, 0, 0, 0]
-3.112093	-18.640534								error: T SSCS does not start with ±1: [0, 0, 0, 0, 0, 0, 0, 0, 0, 0]
-3.109258	-18.640534								error: T SSCS does not start with ±1: [0, 0, 0, 0, 0, 0, 0, 0, 0, 0]
-3.106422	-18.640534								error: T SSCS does not start with ±1: [0, 0, 0, 0, 0, 0, 0, 0, 0, 0]
-3.103586	-18.640534								error: T SSCS does not start with ±1: [0, 0, 0, 0, 0, 0, 0, 0, 0, 0]
-3.100751	-18.640534								error: T SSCS does not start with ±1: [0, 0, 0, 0, 0, 0, 0, 0, 0, 0]
-3.097915	-18.640534								error: T SSCS does not start with ±1: [0, 0, 0, 0, 0, 0, 0, 0, 0, 0]
-3.095079	-18.640534								error: T SSCS does not start with ±1: [0, 0, 0, 0, 0, 0, 0, 0, 0, 0]
-3.092244	-18.640534								error: T SSCS does not start with ±1: [0, 0, 0, 0, 0, 0, 0, 0, 0, 0]
-3.089408	-18.640534								error: T SSCS does not start with ±1: [0, 0, 0, 0, 0, 0, 0, 0, 0, 0]
-3.086572	-18.640534								error: T SSCS does not start with ±1: [0, 0, 0, 0, 0, 0, 0, 0, 0, 0]
-3.083736	-18.640534								error: T SSCS does not start with ±1: [0, 0, 0, 0, 0, 0, 0, 0, 0, 0]
-3.080901	-18.640534								error: T SSCS does not start with ±1: [0, 0, 0, 0, 0, 0, 0, 0, 0, 0]
-3.078065	-18.640534								error: T SSCS does not start with ±1: [0, 0, 0, 0, 0, 0, 0, 0, 0, 0]
-3.075229	-18.640534								error: T SSCS does not start with ±1: [0, 0, 0, 0, 0, 0, 0, 0, 0, 0]
-3.072394	-18.640534								error: T SSCS does not start with ±1: [0, 0, 0, 0, 0, 0, 0, 0, 0, 0]
-3.069558	-18.640534								error: T SSCS does not start with ±1: [0, 0, 0, 0, 0, 0, 0, 0, 0, 0]
-3.066722	-18.640534								error: T SSCS does not start with ±1: [0, 0, 0, 0, 0, 0, 0, 0, 0, 0]
-3.063887	-18.640534								error: T SSCS does not start with ±1: [0, 0, 0, 0, 0, 0, 0, 0, 0, 0]
-3.061051	-18.640534								error: T SSCS does not start with ±1: [0, 0, 0, 0, 0, 0, 0, 0, 0, 0]
-3.058215	-18.640534								error: T SSCS does not start with ±1: [0, 0, 0, 0, 0, 0, 0, 0, 0, 0]
-3.055379	-18.640534								error: T SSCS does not start with ±1: [0, 0, 0, 0, 0, 0, 0, 0, 0, 0]
-3.052544	-18.640534								error: T SSCS does not start with ±1: [0, 0, 0, 0, 0, 0, 0, 0, 0, 0]
-3.049708	-18.640534								error: T SSCS does not start with ±1: [0, 0, 0, 0, 0, 0, 0, 0, 0, 0]
-3.046872	-18.640534								error: T SSCS does not start with ±1: [0, 0, 0, 0, 0, 0, 0, 0, 0, 0]
-3.044037	-18.640534								error: T SSCS does not start with ±1: [0, 0, 0, 0, 0, 0, 0, 0, 0, 0]
-3.041201	-18.640534								error: T SSCS does not start with ±1: [0, 0, 0, 0, 0, 0, 0, 0, 0, 0]
-3.038365	-18.640534								error: T SSCS does not start with ±1: [0, 0, 0, 0, 0, 0, 0, 0, 0, 0]
-3.035530	-18.640534								error: T SSCS does not start with ±1: [0, 0, 0, 0, 0, 0, 0, 0, 0, 0]
-3.032694	-18.640534								error: T SSCS does not start with ±1: [0, 0, 0, 0, 0, 0, 0, 0, 0, 0]
-3.029858	-18.640534								error: T SSCS does not start with ±1: [0, 0, 0, 0, 0, 0, 0, 0, 0, 0]
-3.027023	-18.640534								error: T SSCS does not start with ±1: [0, 0, 0, 0, 0, 0, 0, 0, 0, 0]
-3.024187	-18.640534								error: T SSCS does not start with ±1: [0, 0, 0, 0, 0, 0, 0, 0, 0, 0]
-3.021351	-18.640534								error: T SSCS does not start with ±1: [0, 0, 0, 0, 0, 0, 0, 0, 0, 0]
-3.018515	-18.640534								error: T SSCS does not start with ±1: [0, 0, 0, 0, 0, 0, 0, 0, 0, 0]
-3.015680	-18.640534								error: T SSCS does not start with ±1: [0, 0, 0, 0, 0, 0, 0, 0, 0, 0]
-3.012844	-18.640534								error: T SSCS does not start with ±1: [0, 0, 0, 0, 0, 0, 0, 0, 0, 0]
-3.010008	-18.640534								error: T SSCS does not start with ±1: [0, 0, 0, 0, 0, 0, 0, 0, 0, 0]
-3.007173	-18.640534								error: T SSCS does not start with ±1: [0, 0, 0, 0, 0, 0, 0, 0, 0, 0]
-3.004337	-18.640534								error: T SSCS does not start with ±1: [0, 0, 0, 0, 0, 0, 0, 0, 0, 0]
-3.001501	-18.640534								error: T SSCS does not start with ±1: [0, 0, 0, 0, 0, 0, 0, 0, 0, 0]
-2.998666	-18.640534								error: T SSCS does not start with ±1: [0, 0, 0, 0, 0, 0, 0, 0, 0, 0]
-2.995830	-18.640534								error: T SSCS does not start with ±1: [0, 0, 0, 0, 0, 0, 0, 0, 0, 0]
-2.992994	-18.640534								error: T SSCS does not start with ±1: [0, 0, 0, 0, 0, 0, 0, 0, 0, 0]
-2.990158	-18.640534								error: T SSCS does not start with ±1: [0, 0, 0, 0, 0, 0, 0, 0, 0, 0]
-2.987323	-18.640534								error: T SSCS does not start with ±1: [0, 0, 0, 0, 0, 0, 0, 0, 0, 0]
-2.984487	-18.640534								error: T SSCS does not start with ±1: [0, 0, 0, 0, 0, 0, 0, 0, 0, 0]
-2.981651	-18.640534								error: T SSCS does not start with ±1: [0, 0, 0, 0, 0, 0, 0, 0, 0, 0]
-2.978816	-18.640534								error: T SSCS does not start with ±1: [0, 0, 0, 0, 0, 0, 0, 0, 0, 0]
-2.975980	-18.640534								error: T SSCS does not start with ±1: [0, 0, 0, 0, 0, 0, 0, 0, 0, 0]
-2.973144	-18.640534								error: T SSCS does not start with ±1: [0, 0, 0, 0, 0, 0, 0, 0, 0, 0]
-2.970309	-18.640534								error: T SSCS does not start with ±1: [0, 0, 0, 0, 0, 0, 0, 0, 0, 0]
-2.967473	-18.640534								error: T SSCS does not start with ±1: [0, 0, 0, 0, 0, 0, 0, 0, 0, 0]
-2.964637	-18.640534								error: T SSCS does not start with ±1: [0, 0, 0, 0, 0, 0, 0, 0, 0, 0]
-2.961802	-18.640534								error: T SSCS does not start with ±1: [0, 0, 0, 0, 0, 0, 0, 0, 0, 0]
-2.958966	-18.640534								error: T SSCS does not start with ±1: [0, 0, 0, 0, 0, 0, 0, 0, 0, 0]
-2.956130	-18.640534								error: T SSCS does not start with ±1: [0, 0, 0, 0, 0, 0, 0, 0, 0, 0]
-2.953294	-18.640534								error: T SSCS does not start with ±1: [0, 0, 0, 0, 0, 0, 0, 0, 0, 0]
-2.950459	-18.640534								error: T SSCS does not start with ±1: [0, 0, 0, 0, 0, 0, 0, 0, 0, 0]
-2.947623	-18.640534								error: T SSCS does not start with ±1: [0, 0, 0, 0, 0, 0, 0, 0, 0, 0]
-2.944787	-18.640534								error: T SSCS does not start with ±1: [0, 0, 0, 0, 0, 0, 0, 0, 0, 0]
-2.941952	-18.640534								error: T SSCS does not start with ±1: [0, 0, 0, 0, 0, 0, 0, 0, 0, 0]
-2.939116	-18.640534								error: T SSCS does not start with ±1: [0, 0, 0, 0, 0, 0, 0, 0, 0, 0]
-2.936280	-18.640534								error: T SSCS does not start with ±1: [0, 0, 0, 0, 0, 0, 0, 0, 0, 0]
-2.933445	-18.640534								error: T SSCS does not start with ±1: [0, 0, 0, 0, 0, 0, 0, 0, 0, 0]
-2.930609	-18.640534								error: T SSCS does not start with ±1: [0, 0, 0, 0, 0, 0, 0, 0, 0, 0]
-2.927773	-18.640534								error: T SSCS does not start with ±1: [0, 0, 0, 0, 0, 0, 0, 0, 0, 0]
-2.924937	-18.640534								error: T SSCS does not start with ±1: [0, 0, 0, 0, 0, 0, 0, 0, 0, 0]
-2.922102	-18.640534								error: T SSCS does not start with ±1: [0, 0, 0, 0, 0, 0, 0, 0, 0, 0]
-2.919266	-18.640534								error: T SSCS does not start with ±1: [0, 0, 0, 0, 0, 0, 0, 0, 0, 0]
-2.916430	-18.640534								error: T SSCS does not start with ±1: [0, 0, 0, 0, 0, 0, 0, 0, 0, 0]
-2.913595	-18.640534								error: T SSCS does not start with ±1: [0, 0, 0, 0, 0, 0, 0, 0, 0, 0]
-2.910759	-18.640534								error: T SSCS does not start with ±1: [0, 0, 0, 0, 0, 0, 0, 0, 0, 0]
-2.907923	-18.640534								error: T SSCS does not start with ±1: [0, 0, 0, 0, 0, 0, 0, 0, 0, 0]
-2.905088	-18.640534								error: T SSCS does not start with ±1: [0, 0, 0, 0, 0, 0, 0, 0, 0, 0]
-2.902252	-18.640534								error: T SSCS does not start with ±1: [0, 0, 0, 0, 0, 0, 0, 0, 0, 0]
-2.899416	-18.640534								error: T SSCS does not start with ±1: [0, 0, 0, 0, 0, 0, 0, 0, 0, 0]
-2.896580	-18.640534								error: T SSCS does not start with ±1: [0, 0, 0, 0, 0, 0, 0, 0, 0, 0]
-2.893745	-18.640534								error: T SSCS does not start with ±1: [0, 0, 0, 0, 0, 0, 0, 0, 0, 0]
-2.890909	-18.640534								error: T SSCS does not start with ±1: [0, 0, 0, 0, 0, 0, 0, 0, 0, 0]
-2.888073	-18.640534								error: T SSCS does not start with ±1: [0, 0, 0, 0, 0, 0, 0, 0, 0, 0]
-2.885238	-18.640534								error: T SSCS does not start with ±1: [0, 0, 0, 0, 0, 0, 0, 0, 0, 0]
-2.882402	-18.640534								error: T SSCS does not start with ±1: [0, 0, 0, 0, 0, 0, 0, 0, 0, 0]
-2.879566	-18.640534								error: T SSCS does not start with ±1: [0, 0, 0, 0, 0, 0, 0, 0, 0, 0]
-2.876731	-18.640534								error: T SSCS does not start with ±1: [0, 0, 0, 0, 0, 0, 0, 0, 0, 0]
-2.873895	-18.640534								error: T SSCS does not start with ±1: [0, 0, 0, 0, 0, 0, 0, 0, 0, 0]
-2.871059	-18.640534								error: T SSCS does not start with ±1: [0, 0, 0, 0, 0, 0, 0, 0, 0, 0]
-2.868224	-18.640534								error: T SSCS does not start with ±1: [0, 0, 0, 0, 0, 0, 0, 0, 0, 0]
-2.865388	-18.640534								error: T SSCS does not start with ±1: [0, 0, 0, 0, 0, 0, 0, 0, 0, 0]
-2.862552	-18.640534								error: T SSCS does not start with ±1: [0, 0, 0, 0, 0, 0, 0, 0, 0, 0]
-2.859716	-18.640534								error: T SSCS does not start with ±1: [0, 0, 0, 0, 0, 0, 0, 0, 0, 0]
-2.856881	-18.640534								error: T SSCS does not start with ±1: [0, 0, 0, 0, 0, 0, 0, 0, 0, 0]
-2.854045	-18.640534								error: T SSCS does not start with ±1: [0, 0, 0, 0, 0, 0, 0, 0, 0, 0]
-2.851209	-18.640534								error: T SSCS does not start with ±1: [0, 0, 0, 0, 0, 0, 0, 0, 0, 0]
-2.848374	-18.640534								error: T SSCS does not start with ±1: [0, 0, 0, 0, 0, 0, 0, 0, 0, 0]
-2.845538	-18.640534								error: T SSCS does not start with ±1: [0, 0, 0, 0, 0, 0, 0, 0, 0, 0]
-2.842702	-18.640534								error: T SSCS does not start with ±1: [0, 0, 0, 0, 0, 0, 0, 0, 0, 0]
-2.839867	-18.640534								error: T SSCS does not start with ±1: [0, 0, 0, 0, 0, 0, 0, 0, 0, 0]
-2.837031	-18.640534								error: T SSCS does not start with ±1: [0, 0, 0, 0, 0, 0, 0, 0, 0, 0]
-2.834195	-18.640534								error: T SSCS does not start with ±1: [0, 0, 0, 0, 0, 0, 0, 0, 0, 0]
-2.831359	-18.640534								error: T SSCS does not start with ±1: [0, 0, 0, 0, 0, 0, 0, 0, 0, 0]
-2.828524	-18.640534								error: T SSCS does not start with ±1: [0, 0, 0, 0, 0, 0, 0, 0, 0, 0]
-2.825688	-18.640534								error: Could not locate the first local maximum of the reduced return map.
-2.822852	-18.640534								error: Could not locate the first local maximum of the reduced return map.
-2.820017	-18.640534								error: Could not locate the first local maximum of the reduced return map.
-2.817181	-18.640534								error: Could not locate the first local maximum of the reduced return map.
-2.814345	-18.640534								error: Could not locate the first local maximum of the reduced return map.
-2.811510	-18.640534								error: Could not locate the first local maximum of the reduced return map.
-2.808674	-18.640534								error: Could not locate the first local maximum of the reduced return map.
-2.805838	-18.640534								error: Could not locate the first local maximum of the reduced return map.
-2.803003	-18.640534	-44.571274	0.922975	continued:5	131504586847961235687181874578063117114329409897647623619241560935125066908876631867479597863393264	131504586847961235687181874578063117114329409897615188504091716162522225834932122128288032336298141	1,0,0,0,0,0,0,0,0,0	0,0,0,0,0,0,0,0,0,0	ok
-2.800167	-18.640534	-45.438970	0.920182	continued:5	131504586847961235687181874578063117114329409897647623619241560935125066908876631867479597863393264	131504586847961235687181874578063117114329409897647623619241560935125066908876631867479597863393264	1,0,0,0,0,0,0,0,0,0	1,0,0,0,0,0,0,0,0,0	ok
-2.797331	-18.640534	-46.361181	0.917388	continued:5	131504586847961235687181874578063117114329409897647623619241560935125066908876631867479597863393264	131504586847961235687181874578063117114329409897647623619241560935125066908876631867479597863393264	1,0,0,0,0,0,0,0,0,0	1,0,0,0,0,0,0,0,0,0	ok
-2.794495	-18.640534	-47.327505	0.914929	continued:5	131504586847961235687181874578063117114329409897631406061666638548823646371904376997883815099845702	131504586847961235687181874578063117114329409897647623619241560935125066908876631867479597863393264	-1,0,0,0,0,0,0,0,0,0	1,0,0,0,0,0,0,0,0,0	ok
-2.791660	-18.640534	-48.312205	0.913887	continued:5	131504586847961235687181874578063117114329409897647623619241560935125066908876631867479597863393264	131504586847961235687181874578063117114329409897647623619241560935125066908876631867479597863393264	1,0,0,0,0,0,0,0,0,0	1,0,0,0,0,0,0,0,0,0	ok
-2.788824	-18.640534	-49.275436	0.913720	full	131504586847961235687181874578063117114329409897631406061666638548823646371904376997883815099845702	131504586847961235687181874578063117114329409897647623619241560935125066908876631867479597863393264	-1,0,0,0,0,0,0,0,0,0	1,0,0,0,0,0,0,0,0,0	ok
-2.785988	-18.640534	-44.572331	0.921693	continued:5	131504586847961235687181874578063117114329409897647623619241560935125066908876631867479597863393264	131504586847961235687181874578063117114329409897647623619241560935125066908876631867479597863393264	1,0,0,0,0,0,0,0,0,0	1,0,0,0,0,0,0,0,0,0	ok
-2.783153	-18.640534	-45.436874	0.918899	continued:5	131504586847961235687181874578063117114329409897647623619241560935125066908876631867479597863393264	131504586847961235687181874578063117114329409897647623619241560935125066908876631867479597863393264	1,0,0,0,0,0,0,0,0,0	1,0,0,0,0,0,0,0,0,0	ok
-2.780317	-18.640534	-46.354492	0.916106	continued:5	131504586847961235687181874578063117114329409897631406061666638548823646371904376997883815099845702	131504586847961235687181874578063117114329409897647623619241560935125066908876631867479597863393264	-1,0,0,0,0,0,0,0,0,0	1,0,0,0,0,0,0,0,0,0	ok
-2.777481	-18.640534	-47.315007	0.913440	continued:5	131504586847961235687181874578063117114329409897631406061666638548823646371904376997883815099845702	131504586847961235687181874578063117114329409897647623619241560935125066908876631867479597863393264	-1,0,0,0,0,0,0,0,0,0	1,0,0,0,0,0,0,0,0,0	ok
-2.774646	-18.640534	-48.294771	0.912398	continued:5	131504586847961235687181874578063117114329409897631406061666638548823646371904376997883815099845702	131504586847961235687181874578063117114329409897647623619241560935125066908876631867479597863393264	-1,0,0,0,0,0,0,0,0,0	1,0,0,0,0,0,0,0,0,0	ok
-2.771810	-18.640534	-49.252605	0.912231	full	131504586847961235687181874578063117114329409897631406061666638548823646371904376997883815099845702	131504586847961235687181874578063117114329409897647623619241560935125066908876631867479597863393264	-1,0,0,0,0,0,0,0,0,0	1,0,0,0,0,0,0,0,0,0	ok
-2.768974	-18.640534	-44.613965	0.919999	continued:5	131504586847961235687181874578063117114329409897647623619241560935125066908876631867479597863393264	131504586847961235687181874578063117114329409897647623619241560935125066908876631867479597863393264	1,0,0,0,0,0,0,0,0,0	1,0,0,0,0,0,0,0,0,0	ok
-2.766138	-18.640534	-45.480972	0.917206	continued:5	131504586847961235687181874578063117114329409897647623619241560935125066908876631867479597863393264	131504586847961235687181874578063117114329409897647623619241560935125066908876631867479597863393264	1,0,0,0,0,0,0,0,0,0	1,0,0,0,0,0,0,0,0,0	ok
-2.763303	-18.640534	-46.399282	0.914412	continued:5	131504586847961235687181874578063117114329409897647623619241560935125066908876631867479597863393264	131504586847961235687181874578063117114329409897663841176816483321426487445848886737075380626940827	1,0,0,0,0,0,0,0,0,0	-2,0,0,0,0,0,0,0,0,0	ok
-2.760467	-18.640534	-47.358175	0.911953	continued:5	131504586847961235687181874578063117114329409897631406061666638548823646371904376997883815099845702	131504586847961235687181874578063117114329409897680058734391405707727907982821141606671163390488391	-1,0,0,0,0,0,0,0,0,0	2,0,0,0,0,0,0,0,0,0	ok
-2.757631	-18.640534	-48.332181	0.910911	continued:5	131504586847961235687181874578063117114329409897631406061666638548823646371904376997883815099845702	131504586847961235687181874578063117114329409897680058734391405707727907982821141606671163390488391	-1,0,0,0,0,0,0,0,0,0	2,0,0,0,0,0,0,0,0,0	ok
-2.754796	-18.640534	-49.282290	0.910743	full	131504586847961235687181874578063117114329409897631406061666638548823646371904376997883815099845702	131504586847961235687181874578063117114329409897680058734391405707727907982821141606671163390488391	-1,0,0,0,0,0,0,0,0,0	2,0,0,0,0,0,0,0,0,0	ok
-2.751960	-18.640534	-44.719622	0.918213	continued:5	131504586847961235687181874578063117114329409897647623619241560935125066908876631867479597863393264	131504586847961235687181874578063117114329409897680058734391405707727907982821141606671163390488391	1,0,0,0,0,0,0,0,0,0	2,0,0,0,0,0,0,0,0,0	ok
-2.749124	-18.640534	-45.591710	0.915419	continued:5	131504586847961235687181874578063117114329409897647623619241560935125066908876631867479597863393264	131504586847961235687181874578063117114329409897680058734391405707727907982821141606671163390488391	1,0,0,0,0,0,0,0,0,0	2,0,0,0,0,0,0,0,0,0	ok
-2.746289	-18.640534	-46.513057	0.912626	continued:5	131504586847961235687181874578063117114329409897647623619241560935125066908876631867479597863393264	131504586847961235687181874578063117114329409897680058734391405707727907982821141606671163390488391	1,0,0,0,0,0,0,0,0,0	2,0,0,0,0,0,0,0,0,0	ok
-2.743453	-18.640534	-47.471411	0.910374	continued:5	131504586847961235687181874578063117114329409897631406061666638548823646371904376997883815099845702	131504586847961235687181874578063117114329409897680058734391405707727907982821141606671163390488391	-1,0,0,0,0,0,0,0,0,0	2,0,0,0,0,0,0,0,0,0	ok
-2.740617	-18.640534	-48.438915	0.909538	continued:5	131504586847961235687181874578063117114329409897631406061666638548823646371904376997883815099845702	131504586847961235687181874578063117114329409897680058734391405707727907982821141606671163390488391	-1,0,0,0,0,0,0,0,0,0	2,0,0,0,0,0,0,0,0,0	ok
-2.737781	-18.640534	-49.377141	0.907747	full	131504586847961235687181874578063117114329409897647623619241560935125066908876631867479597863393264	131504586847961235687181874578063117114329409897712493849541250480330749056765651345862728917583522	1,0,0,0,0,0,0,0,0,0	3,0,0,0,0,0,0,0,0,0	ok
-2.734946	-18.640534	-44.758939	0.916679	continued:5	131504586847961235687181874578063117114329409897647623619241560935125066908876631867479597863393264	131504586847961235687181874578063117114329409897712493849541250480330749056765651345862728917583522	1,0,0,0,0,0,0,0,0,0	3,0,0,0,0,0,0,0,0,0	ok
-2.732110	-18.640534	-45.631333	0.913886	continued:5	131504586847961235687181874578063117114329409897647623619241560935125066908876631867479597863393264	131504586847961235687181874578063117114329409897712493849541250480330749056765651345862728917583522	1,0,0,0,0,0,0,0,0,0	3,0,0,0,0,0,0,0,0,0	ok
-2.729274	-18.640534	-46.551259	0.911092	continued:5	131504586847961235687181874578063117114329409897647623619241560935125066908876631867479597863393264	131504586847961235687181874578063117114329409897712493849541250480330749056765651345862728917583522	1,0,0,0,0,0,0,0,0,0	3,0,0,0,0,0,0,0,0,0	ok
-2.726439	-18.640534	-47.506083	0.908840	continued:5	131504586847961235687181874578063117114329409897631406061666638548823646371904376997883815099845702	131504586847961235687181874578063117114329409897712493849541250480330749056765651345862728917583522	-1,0,0,0,0,0,0,0,0,0	3,0,0,0,0,0,0,0,0,0	ok
-2.723603	-18.640534	-48.467963	0.908004	continued:5	131504586847961235687181874578063117114329409897631406061666638548823646371904376997883815099845702	131504586847961235687181874578063117114329409897712493849541250480330749056765651345862728917583522	-1,0,0,0,0,0,0,0,0,0	3,0,0,0,0,0,0,0,0,0	ok
-2.720767	-18.640534	-49.398897	0.905879	full	131504586847961235687181874578063117114329409897647623619241560935125066908876631867479597863393264	131504586847961235687181874578063117114329409897744928964691095252933590130710161085054294444678657	1,0,0,0,0,0,0,0,0,0	4,0,0,0,0,0,0,0,0,0	ok
-2.717932	-18.640534	-44.819504	0.915175	continued:5	131504586847961235687181874578063117114329409897647623619241560935125066908876631867479597863393264	131504586847961235687181874578063117114329409897744928964691095252933590130710161085054294444678657	1,0,0,0,0,0,0,0,0,0	4,0,0,0,0,0,0,0,0,0	ok
-2.715096	-18.640534	-45.692295	0.912382	continued:5	131504586847961235687181874578063117114329409897647623619241560935125066908876631867479597863393264	131504586847961235687181874578063117114329409897744928964691095252933590130710161085054294444678657	1,0,0,0,0,0,0,0,0,0	4,0,0,0,0,0,0,0,0,0	ok
-2.712260	-18.640534	-46.610805	0.909589	continued:5	131504586847961235687181874578063117114329409897631406061666638548823646371904376997883815099845702	131504586847961235687181874578063117114329409897744928964691095252933590130710161085054294444678657	-1,0,0,0,0,0,0,0,0,0	4,0,0,0,0,0,0,0,0,0	ok
-2.709425	-18.640534	-47.561740	0.907130	continued:5	131504586847961235687181874578063117114329409897631406061666638548823646371904376997883815099845702	131504586847961235687181874578063117114329409897744928964691095252933590130710161085054294444678657	-1,0,0,0,0,0,0,0,0,0	4,0,0,0,0,0,0,0,0,0	ok
-2.706589	-18.640534	-48.518781	0.905546	continued:5	131504586847961235687181874578063117114329409897647623619241560935125066908876631867479597863393264	131504586847961235687181874578063117114329409897744928964691095252933590130710161085054294444678657	1,0,0,0,0,0,0,0,0,0	4,0,0,0,0,0,0,0,0,0	ok
-2.703753	-18.640534	-49.447940	0.902753	full	131504586847961235687181874578063117114329409897647623619241560935125066908876631867479597863393264	131504586847961235687181874578063117114329409897744928964691095252933590130710161085054294444678657	1,0,0,0,0,0,0,0,0,0	4,0,0,0,0,0,0,0,0,0	ok
-2.700917	-18.640534	-44.777896	0.913873	continued:5	131504586847961235687181874578063117114329409897647623619241560935125066908876631867479597863393264	131504586847961235687181874578063117114329409897777364079840940025536431204654670824245859971773796	1,0,0,0,0,0,0,0,0,0	5,0,0,0,0,0,0,0,0,0	ok
-2.698082	-18.640534	-45.646402	0.911079	continued:5	131504586847961235687181874578063117114329409897647623619241560935125066908876631867479597863393264	131504586847961235687181874578063117114329409897777364079840940025536431204654670824245859971773796	1,0,0,0,0,0,0,0,0,0	5,0,0,0,0,0,0,0,0,0	ok
-2.695246	-18.640534	-46.559448	0.908286	continued:5	131504586847961235687181874578063117114329409897631406061666638548823646371904376997883815099845702	131504586847961235687181874578063117114329409897777364079840940025536431204654670824245859971773796	-1,0,0,0,0,0,0,0,0,0	5,0,0,0,0,0,0,0,0,0	ok
-2.692410	-18.640534	-47.504616	0.905827	continued:5	131504586847961235687181874578063117114329409897631406061666638548823646371904376997883815099845702	131504586847961235687181874578063117114329409897777364079840940025536431204654670824245859971773796	-1,0,0,0,0,0,0,0,0,0	5,0,0,0,0,0,0,0,0,0	ok
-2.689575	-18.640534	-48.456355	0.904912	continued:5	131504586847961235687181874578063117114329409897631406061666638548823646371904376997883815099845702	131504586847961235687181874578063117114329409897777364079840940025536431204654670824245859971773796	-1,0,0,0,0,0,0,0,0,0	5,0,0,0,0,0,0,0,0,0	ok
-2.686739	-18.640534	-49.376328	0.904745	full	131504586847961235687181874578063117114329409897631406061666638548823646371904376997883815099845702	131504586847961235687181874578063117114329409897777364079840940025536431204654670824245859971773796	-1,0,0,0,0,0,0,0,0,0	5,0,0,0,0,0,0,0,0,0	ok
-2.683903	-18.640534	-44.803345	0.912485	continued:5	131504586847961235687181874578063117114329409897647623619241560935125066908876631867479597863393264	131504586847961235687181874578063117114329409897777364079840940025536431204654670824245859971773796	1,0,0,0,0,0,0,0,0,0	5,0,0,0,0,0,0,0,0,0	ok
-2.681068	-18.640534	-45.670053	0.909692	continued:5	131504586847961235687181874578063117114329409897647623619241560935125066908876631867479597863393264	131504586847961235687181874578063117114329409897777364079840940025536431204654670824245859971773796	1,0,0,0,0,0,0,0,0,0	5,0,0,0,0,0,0,0,0,0	ok
-2.678232	-18.640534	-46.579770	0.906898	continued:5	131504586847961235687181874578063117114329409897631406061666638548823646371904376997883815099845702	131504586847961235687181874578063117114329409897777364079840940025536431204654670824245859971773796	-1,0,0,0,0,0,0,0,0,0	5,0,0,0,0,0,0,0,0,0	ok
-2.675396	-18.640534	-47.519966	0.904439	continued:5	131504586847961235687181874578063117114329409897631406061666638548823646371904376997883815099845702	131504586847961235687181874578063117114329409897809799194990784798139272278599180563437425498868939	-1,0,0,0,0,0,0,0,0,0	6,0,0,0,0,0,0,0,0,0	ok
-2.672560	-18.640534	-48.465307	0.903397	continued:5	131504586847961235687181874578063117114329409897631406061666638548823646371904376997883815099845702	131504586847961235687181874578063117114329409897809799194990784798139272278599180563437425498868939	-1,0,0,0,0,0,0,0,0,0	6,0,0,0,0,0,0,0,0,0	ok
-2.669725	-18.640534	-49.378853	0.903230	full	131504586847961235687181874578063117114329409897631406061666638548823646371904376997883815099845702	131504586847961235687181874578063117114329409897809799194990784798139272278599180563437425498868939	-1,0,0,0,0,0,0,0,0,0	6,0,0,0,0,0,0,0,0,0	ok
-2.666889	-18.640534	-44.929457	0.910515	continued:5	131504586847961235687181874578063117114329409897647623619241560935125066908876631867479597863393264	131504586847961235687181874578063117114329409897809799194990784798139272278599180563437425498868939	1,0,0,0,0,0,0,0,0,0	6,0,0,0,0,0,0,0,0,0	ok
-2.664053	-18.640534	-45.802406	0.907722	continued:5	131504586847961235687181874578063117114329409897647623619241560935125066908876631867479597863393264	131504586847961235687181874578063117114329409897809799194990784798139272278599180563437425498868939	1,0,0,0,0,0,0,0,0,0	6,0,0,0,0,0,0,0,0,0	ok
-2.661218	-18.640534	-46.715798	0.904928	continued:5	131504586847961235687181874578063117114329409897631406061666638548823646371904376997883815099845702	131504586847961235687181874578063117114329409897809799194990784798139272278599180563437425498868939	-1,0,0,0,0,0,0,0,0,0	6,0,0,0,0,0,0,0,0,0	ok
-2.658382	-18.640534	-47.655508	0.902676	continued:5	131504586847961235687181874578063117114329409897631406061666638548823646371904376997883815099845702	131504586847961235687181874578063117114329409897809799194990784798139272278599180563437425498868939	-1,0,0,0,0,0,0,0,0,0	6,0,0,0,0,0,0,0,0,0	ok
-2.655546	-18.640534	-48.593890	0.900217	continued:5	131504586847961235687181874578063117114329409897647623619241560935125066908876631867479597863393264	131504586847961235687181874578063117114329409897809799194990784798139272278599180563437425498868939	1,0,0,0,0,0,0,0,0,0	6,0,0,0,0,0,0,0,0,0	ok
-2.652711	-18.640534	-49.506488	0.897424	full	131504586847961235687181874578063117114329409897647623619241560935125066908876631867479597863393264	131504586847961235687181874578063117114329409897809799194990784798139272278599180563437425498868939	1,0,0,0,0,0,0,0,0,0	6,0,0,0,0,0,0,0,0,0	ok
-2.649875	-18.640534	-44.876861	0.909316	continued:5	131504586847961235687181874578063117114329409897647623619241560935125066908876631867479597863393264	131504586847961235687181874578063117114329409897809799194990784798139272278599180563437425498868939	1,0,0,0,0,0,0,0,0,0	6,0,0,0,0,0,0,0,0,0	ok
-2.647039	-18.640534	-45.744309	0.906523	continued:5	131504586847961235687181874578063117114329409897647623619241560935125066908876631867479597863393264	131504586847961235687181874578063117114329409897809799194990784798139272278599180563437425498868939	1,0,0,0,0,0,0,0,0,0	6,0,0,0,0,0,0,0,0,0	ok
-2.644204	-18.640534	-46.651279	0.903729	continued:5	131504586847961235687181874578063117114329409897631406061666638548823646371904376997883815099845702	131504586847961235687181874578063117114329409897809799194990784798139272278599180563437425498868939	-1,0,0,0,0,0,0,0,0,0	6,0,0,0,0,0,0,0,0,0	ok
-2.641368	-18.640534	-47.584658	0.901270	continued:5	131504586847961235687181874578063117114329409897631406061666638548823646371904376997883815099845702	131504586847961235687181874578063117114329409897809799194990784798139272278599180563437425498868939	-1,0,0,0,0,0,0,0,0,0	6,0,0,0,0,0,0,0,0,0	ok
-2.638532	-18.640534	-48.519253	0.900356	continued:5	131504586847961235687181874578063117114329409897631406061666638548823646371904376997883815099845702	131504586847961235687181874578063117114329409897809799194990784798139272278599180563437425498868939	-1,0,0,0,0,0,0,0,0,0	6,0,0,0,0,0,0,0,0,0	ok
-2.635696	-18.640534	-49.418046	0.900188	full	131504586847961235687181874578063117114329409897631406061666638548823646371904376997883815099845702	131504586847961235687181874578063117114329409897809799194990784798139272278599180563437425498868939	-1,0,0,0,0,0,0,0,0,0	6,0,0,0,0,0,0,0,0,0	ok
-2.632861	-18.640534	-44.971686	0.907563	continued:5	131504586847961235687181874578063117114329409897647623619241560935125066908876631867479597863393264	131504586847961235687181874578063117114329409897809799194990784798139272278599180563437425498868939	1,0,0,0,0,0,0,0,0,0	6,0,0,0,0,0,0,0,0,0	ok
-2.630025	-18.640534	-45.842041	0.904770	continued:5	131504586847961235687181874578063117114329409897647623619241560935125066908876631867479597863393264	131504586847961235687181874578063117114329409897809799194990784798139272278599180563437425498868939	1,0,0,0,0,0,0,0,0,0	6,0,0,0,0,0,0,0,0,0	ok
-2.627189	-18.640534	-46.749662	0.901976	continued:5	131504586847961235687181874578063117114329409897631406061666638548823646371904376997883815099845702	131504586847961235687181874578063117114329409897809799194990784798139272278599180563437425498868939	-1,0,0,0,0,0,0,0,0,0	6,0,0,0,0,0,0,0,0,0	ok
-2.624354	-18.640534	-47.680396	0.899724	continued:5	131504586847961235687181874578063117114329409897631406061666638548823646371904376997883815099845702	131504586847961235687181874578063117114329409897809799194990784798139272278599180563437425498868939	-1,0,0,0,0,0,0,0,0,0	6,0,0,0,0,0,0,0,0,0	ok
-2.621518	-18.640534	-48.607115	0.898888	continued:5	131504586847961235687181874578063117114329409897631406061666638548823646371904376997883815099845702	131504586847961235687181874578063117114329409897842234310140629570742113352543690302628991025964086	-1,0,0,0,0,0,0,0,0,0	7,0,0,0,0,0,0,0,0,0	ok
-2.618682	-18.640534	-49.494546	0.896222	full	131504586847961235687181874578063117114329409897647623619241560935125066908876631867479597863393264	131504586847961235687181874578063117114329409897842234310140629570742113352543690302628991025964086	1,0,0,0,0,0,0,0,0,0	7,0,0,0,0,0,0,0,0,0	ok
-2.615847	-18.640534	-45.040209	0.905985	continued:5	131504586847961235687181874578063117114329409897647623619241560935125066908876631867479597863393264	131504586847961235687181874578063117114329409897842234310140629570742113352543690302628991025964086	1,0,0,0,0,0,0,0,0,0	7,0,0,0,0,0,0,0,0,0	ok
-2.613011	-18.640534	-45.910945	0.903191	continued:5	131504586847961235687181874578063117114329409897647623619241560935125066908876631867479597863393264	131504586847961235687181874578063117114329409897842234310140629570742113352543690302628991025964086	1,0,0,0,0,0,0,0,0,0	7,0,0,0,0,0,0,0,0,0	ok
-2.610175	-18.640534	-46.816937	0.900398	continued:5	131504586847961235687181874578063117114329409897631406061666638548823646371904376997883815099845702	131504586847961235687181874578063117114329409897842234310140629570742113352543690302628991025964086	-1,0,0,0,0,0,0,0,0,0	7,0,0,0,0,0,0,0,0,0	ok
-2.607339	-18.640534	-47.743436	0.897939	continued:5	131504586847961235687181874578063117114329409897631406061666638548823646371904376997883815099845702	131504586847961235687181874578063117114329409897842234310140629570742113352543690302628991025964086	-1,0,0,0,0,0,0,0,0,0	7,0,0,0,0,0,0,0,0,0	ok
-2.604504	-18.640534	-48.664917	0.895146	continued:5	131504586847961235687181874578063117114329409897647623619241560935125066908876631867479597863393264	131504586847961235687181874578063117114329409897842234310140629570742113352543690302628991025964086	1,0,0,0,0,0,0,0,0,0	7,0,0,0,0,0,0,0,0,0	ok
-2.601668	-18.640534	-49.558952	0.892352	full	131504586847961235687181874578063117114329409897647623619241560935125066908876631867479597863393264	131504586847961235687181874578063117114329409897842234310140629570742113352543690302628991025964086	1,0,0,0,0,0,0,0,0,0	7,0,0,0,0,0,0,0,0,0	ok
-2.598832	-18.640534	-44.938012	0.904827	continued:5	131504586847961235687181874578063117114329409897647623619241560935125066908876631867479597863393264	131504586847961235687181874578063117114329409897842234310140629570742113352543690302628991025964086	1,0,0,0,0,0,0,0,0,0	7,0,0,0,0,0,0,0,0,0	ok
-2.595997	-18.640534	-45.802298	0.902034	continued:5	131504586847961235687181874578063117114329409897647623619241560935125066908876631867479597863393264	131504586847961235687181874578063117114329409897842234310140629570742113352543690302628991025964086	1,0,0,0,0,0,0,0,0,0	7,0,0,0,0,0,0,0,0,0	ok
-2.593161	-18.640534	-46.701380	0.899241	continued:5	131504586847961235687181874578063117114329409897631406061666638548823646371904376997883815099845702	131504586847961235687181874578063117114329409897842234310140629570742113352543690302628991025964086	-1,0,0,0,0,0,0,0,0,0	7,0,0,0,0,0,0,0,0,0	ok
-2.590325	-18.640534	-47.622091	0.896782	continued:5	131504586847961235687181874578063117114329409897631406061666638548823646371904376997883815099845702	131504586847961235687181874578063117114329409897842234310140629570742113352543690302628991025964086	-1,0,0,0,0,0,0,0,0,0	7,0,0,0,0,0,0,0,0,0	ok
-2.587490	-18.640534	-48.539963	0.895739	continued:5	131504586847961235687181874578063117114329409897631406061666638548823646371904376997883815099845702	131504586847961235687181874578063117114329409897842234310140629570742113352543690302628991025964086	-1,0,0,0,0,0,0,0,0,0	7,0,0,0,0,0,0,0,0,0	ok
-2.584654	-18.640534	-49.420239	0.895572	full	131504586847961235687181874578063117114329409897631406061666638548823646371904376997883815099845702	131504586847961235687181874578063117114329409897842234310140629570742113352543690302628991025964086	-1,0,0,0,0,0,0,0,0,0	7,0,0,0,0,0,0,0,0,0	ok
-2.581818	-18.640534	-45.004982	0.903157	continued:5	131504586847961235687181874578063117114329409897647623619241560935125066908876631867479597863393264	131504586847961235687181874578063117114329409897842234310140629570742113352543690302628991025964086	1,0,0,0,0,0,0,0,0,0	7,0,0,0,0,0,0,0,0,0	ok
-2.578982	-18.640534	-45.870439	0.900364	continued:5	131504586847961235687181874578063117114329409897647623619241560935125066908876631867479597863393264	131504586847961235687181874578063117114329409897842234310140629570742113352543690302628991025964086	1,0,0,0,0,0,0,0,0,0	7,0,0,0,0,0,0,0,0,0	ok
-2.576147	-18.640534	-46.768694	0.897570	continued:5	131504586847961235687181874578063117114329409897631406061666638548823646371904376997883815099845702	131504586847961235687181874578063117114329409897842234310140629570742113352543690302628991025964086	-1,0,0,0,0,0,0,0,0,0	7,0,0,0,0,0,0,0,0,0	ok
-2.573311	-18.640534	-47.685975	0.895111	continued:5	131504586847961235687181874578063117114329409897631406061666638548823646371904376997883815099845702	131504586847961235687181874578063117114329409897842234310140629570742113352543690302628991025964086	-1,0,0,0,0,0,0,0,0,0	7,0,0,0,0,0,0,0,0,0	ok
-2.570475	-18.640534	-48.597754	0.894196	continued:5	131504586847961235687181874578063117114329409897631406061666638548823646371904376997883815099845702	131504586847961235687181874578063117114329409897842234310140629570742113352543690302628991025964086	-1,0,0,0,0,0,0,0,0,0	7,0,0,0,0,0,0,0,0,0	ok
-2.567640	-18.640534	-49.468814	0.894029	full	131504586847961235687181874578063117114329409897631406061666638548823646371904376997883815099845702	131504586847961235687181874578063117114329409897842234310140629570742113352543690302628991025964086	-1,0,0,0,0,0,0,0,0,0	7,0,0,0,0,0,0,0,0,0	ok
-2.564804	-18.640534	-45.071173	0.901555	continued:5	131504586847961235687181874578063117114329409897647623619241560935125066908876631867479597863393264	131504586847961235687181874578063117114329409897842234310140629570742113352543690302628991025964086	1,0,0,0,0,0,0,0,0,0	7,0,0,0,0,0,0,0,0,0	ok
-2.561968	-18.640534	-45.936867	0.898761	continued:5	131504586847961235687181874578063117114329409897647623619241560935125066908876631867479597863393264	131504586847961235687181874578063117114329409897842234310140629570742113352543690302628991025964086	1,0,0,0,0,0,0,0,0,0	7,0,0,0,0,0,0,0,0,0	ok
-2.559133	-18.640534	-46.833386	0.895968	continued:5	131504586847961235687181874578063117114329409897631406061666638548823646371904376997883815099845702	131504586847961235687181874578063117114329409897842234310140629570742113352543690302628991025964086	-1,0,0,0,0,0,0,0,0,0	7,0,0,0,0,0,0,0,0,0	ok
-2.556297	-18.640534	-47.746431	0.893509	continued:5	131504586847961235687181874578063117114329409897631406061666638548823646371904376997883815099845702	131504586847961235687181874578063117114329409897842234310140629570742113352543690302628991025964086	-1,0,0,0,0,0,0,0,0,0	7,0,0,0,0,0,0,0,0,0	ok
-2.553461	-18.640534	-48.651486	0.892673	continued:5	131504586847961235687181874578063117114329409897631406061666638548823646371904376997883815099845702	131504586847961235687181874578063117114329409897842234310140629570742113352543690302628991025964086	-1,0,0,0,0,0,0,0,0,0	7,0,0,0,0,0,0,0,0,0	ok
-2.550626	-18.640534	-49.513276	0.891837	full	131504586847961235687181874578063117114329409897647623619241560935125066908876631867479597863393264	131504586847961235687181874578063117114329409897842234310140629570742113352543690302628991025964086	1,0,0,0,0,0,0,0,0,0	7,0,0,0,0,0,0,0,0,0	ok
-2.547790	-18.640534	-45.132194	0.899828	continued:5	131504586847961235687181874578063117114329409897647623619241560935125066908876631867479597863393264	131504586847961235687181874578063117114329409897842234310140629570742113352543690302628991025964086	1,0,0,0,0,0,0,0,0,0	7,0,0,0,0,0,0,0,0,0	ok
-2.544954	-18.640534	-45.999140	0.897035	continued:5	131504586847961235687181874578063117114329409897647623619241560935125066908876631867479597863393264	131504586847961235687181874578063117114329409897842234310140629570742113352543690302628991025964086	1,0,0,0,0,0,0,0,0,0	7,0,0,0,0,0,0,0,0,0	ok
-2.542118	-18.640534	-46.894830	0.894241	continued:5	131504586847961235687181874578063117114329409897631406061666638548823646371904376997883815099845702	131504586847961235687181874578063117114329409897842234310140629570742113352543690302628991025964086	-1,0,0,0,0,0,0,0,0,0	7,0,0,0,0,0,0,0,0,0	ok
-2.539283	-18.640534	-47.804513	0.891989	continued:5	131504586847961235687181874578063117114329409897631406061666638548823646371904376997883815099845702	131504586847961235687181874578063117114329409897842234310140629570742113352543690302628991025964086	-1,0,0,0,0,0,0,0,0,0	7,0,0,0,0,0,0,0,0,0	ok
-2.536447	-18.640534	-48.702094	0.891153	continued:5	131504586847961235687181874578063117114329409897631406061666638548823646371904376997883815099845702	131504586847961235687181874578063117114329409897842234310140629570742113352543690302628991025964086	-1,0,0,0,0,0,0,0,0,0	7,0,0,0,0,0,0,0,0,0	ok
-2.533611	-18.640534	-49.554642	0.889028	full	131504586847961235687181874578063117114329409897647623619241560935125066908876631867479597863393264	131504586847961235687181874578063117114329409897842234310140629570742113352543690302628991025964086	1,0,0,0,0,0,0,0,0,0	7,0,0,0,0,0,0,0,0,0	ok
-2.530776	-18.640534	-45.189325	0.898205	continued:5	131504586847961235687181874578063117114329409897647623619241560935125066908876631867479597863393264	131504586847961235687181874578063117114329409897842234310140629570742113352543690302628991025964086	1,0,0,0,0,0,0,0,0,0	7,0,0,0,0,0,0,0,0,0	ok
-2.527940	-18.640534	-46.056225	0.895412	continued:5	131504586847961235687181874578063117114329409897647623619241560935125066908876631867479597863393264	131504586847961235687181874578063117114329409897842234310140629570742113352543690302628991025964086	1,0,0,0,0,0,0,0,0,0	7,0,0,0,0,0,0,0,0,0	ok
-2.525104	-18.640534	-46.949896	0.892618	continued:5	131504586847961235687181874578063117114329409897631406061666638548823646371904376997883815099845702	131504586847961235687181874578063117114329409897842234310140629570742113352543690302628991025964086	-1,0,0,0,0,0,0,0,0,0	7,0,0,0,0,0,0,0,0,0	ok
-2.522269	-18.640534	-47.855238	0.890366	continued:5	131504586847961235687181874578063117114329409897631406061666638548823646371904376997883815099845702	131504586847961235687181874578063117114329409897842234310140629570742113352543690302628991025964086	-1,0,0,0,0,0,0,0,0,0	7,0,0,0,0,0,0,0,0,0	ok
-2.519433	-18.640534	-48.746285	0.889117	continued:5	131504586847961235687181874578063117114329409897631406061666638548823646371904376997883815099845702	131504586847961235687181874578063117114329409897842234310140629570742113352543690302628991025964086	-1,0,0,0,0,0,0,0,0,0	7,0,0,0,0,0,0,0,0,0	ok
-2.516597	-18.640534	-49.593632	0.886323	full	131504586847961235687181874578063117114329409897647623619241560935125066908876631867479597863393264	131504586847961235687181874578063117114329409897842234310140629570742113352543690302628991025964086	1,0,0,0,0,0,0,0,0,0	7,0,0,0,0,0,0,0,0,0	ok
-2.513761	-18.640534	-45.240331	0.896584	continued:5	131504586847961235687181874578063117114329409897647623619241560935125066908876631867479597863393264	131504586847961235687181874578063117114329409897842234310140629570742113352543690302628991025964086	1,0,0,0,0,0,0,0,0,0	7,0,0,0,0,0,0,0,0,0	ok
-2.510926	-18.640534	-46.106950	0.893791	continued:5	131504586847961235687181874578063117114329409897647623619241560935125066908876631867479597863393264	131504586847961235687181874578063117114329409897842234310140629570742113352543690302628991025964086	1,0,0,0,0,0,0,0,0,0	7,0,0,0,0,0,0,0,0,0	ok
-2.508090	-18.640534	-46.998412	0.890997	continued:5	131504586847961235687181874578063117114329409897631406061666638548823646371904376997883815099845702	131504586847961235687181874578063117114329409897842234310140629570742113352543690302628991025964086	-1,0,0,0,0,0,0,0,0,0	7,0,0,0,0,0,0,0,0,0	ok
-2.505254	-18.640534	-47.899365	0.888745	continued:5	131504586847961235687181874578063117114329409897631406061666638548823646371904376997883815099845702	131504586847961235687181874578063117114329409897842234310140629570742113352543690302628991025964086	-1,0,0,0,0,0,0,0,0,0	7,0,0,0,0,0,0,0,0,0	ok
-2.502419	-18.640534	-48.784021	0.886493	continued:5	131504586847961235687181874578063117114329409897647623619241560935125066908876631867479597863393264	131504586847961235687181874578063117114329409897842234310140629570742113352543690302628991025964086	1,0,0,0,0,0,0,0,0,0	7,0,0,0,0,0,0,0,0,0	ok
-2.499583	-18.640534	-49.630763	0.883699	full	131504586847961235687181874578063117114329409897647623619241560935125066908876631867479597863393264	131504586847961235687181874578063117114329409897842234310140629570742113352543690302628991025964086	1,0,0,0,0,0,0,0,0,0	7,0,0,0,0,0,0,0,0,0	ok
-2.496747	-18.640534	-45.287934	0.894977	continued:5	131504586847961235687181874578063117114329409897647623619241560935125066908876631867479597863393264	131504586847961235687181874578063117114329409897842234310140629570742113352543690302628991025964086	1,0,0,0,0,0,0,0,0,0	7,0,0,0,0,0,0,0,0,0	ok
-2.493912	-18.640534	-46.153951	0.892184	continued:5	131504586847961235687181874578063117114329409897647623619241560935125066908876631867479597863393264	131504586847961235687181874578063117114329409897842234310140629570742113352543690302628991025964086	1,0,0,0,0,0,0,0,0,0	7,0,0,0,0,0,0,0,0,0	ok
-2.491076	-18.640534	-47.042921	0.889390	continued:5	131504586847961235687181874578063117114329409897631406061666638548823646371904376997883815099845702	131504586847961235687181874578063117114329409897842234310140629570742113352543690302628991025964086	-1,0,0,0,0,0,0,0,0,0	7,0,0,0,0,0,0,0,0,0	ok
-2.488240	-18.640534	-47.939309	0.886725	continued:5	131504586847961235687181874578063117114329409897631406061666638548823646371904376997883815099845702	131504586847961235687181874578063117114329409897842234310140629570742113352543690302628991025964086	-1,0,0,0,0,0,0,0,0,0	7,0,0,0,0,0,0,0,0,0	ok
-2.485405	-18.640534	-48.820759	0.883931	continued:5	131504586847961235687181874578063117114329409897647623619241560935125066908876631867479597863393264	131504586847961235687181874578063117114329409897842234310140629570742113352543690302628991025964086	1,0,0,0,0,0,0,0,0,0	7,0,0,0,0,0,0,0,0,0	ok
-2.482569	-18.640534	-49.666421	0.881138	full	131504586847961235687181874578063117114329409897647623619241560935125066908876631867479597863393264	131504586847961235687181874578063117114329409897842234310140629570742113352543690302628991025964086	1,0,0,0,0,0,0,0,0,0	7,0,0,0,0,0,0,0,0,0	ok
-2.479733	-18.640534	-45.151724	0.893840	continued:5	131504586847961235687181874578063117114329409897647623619241560935125066908876631867479597863393264	131504586847961235687181874578063117114329409897842234310140629570742113352543690302628991025964086	1,0,0,0,0,0,0,0,0,0	7,0,0,0,0,0,0,0,0,0	ok
-2.476897	-18.640534	-46.012048	0.891047	continued:5	131504586847961235687181874578063117114329409897647623619241560935125066908876631867479597863393264	131504586847961235687181874578063117114329409897842234310140629570742113352543690302628991025964086	1,0,0,0,0,0,0,0,0,0	7,0,0,0,0,0,0,0,0,0	ok
-2.474062	-18.640534	-46.895498	0.888254	continued:5	131504586847961235687181874578063117114329409897631406061666638548823646371904376997883815099845702	131504586847961235687181874578063117114329409897842234310140629570742113352543690302628991025964086	-1,0,0,0,0,0,0,0,0,0	7,0,0,0,0,0,0,0,0,0	ok
-2.471226	-18.640534	-47.788222	0.885795	continued:5	131504586847961235687181874578063117114329409897631406061666638548823646371904376997883815099845702	131504586847961235687181874578063117114329409897842234310140629570742113352543690302628991025964086	-1,0,0,0,0,0,0,0,0,0	7,0,0,0,0,0,0,0,0,0	ok
-2.468390	-18.640534	-48.667171	0.884752	continued:5	131504586847961235687181874578063117114329409897631406061666638548823646371904376997883815099845702	131504586847961235687181874578063117114329409897842234310140629570742113352543690302628991025964086	-1,0,0,0,0,0,0,0,0,0	7,0,0,0,0,0,0,0,0,0	ok
-2.465555	-18.640534	-49.500709	0.884585	full	131504586847961235687181874578063117114329409897631406061666638548823646371904376997883815099845702	131504586847961235687181874578063117114329409897842234310140629570742113352543690302628991025964086	-1,0,0,0,0,0,0,0,0,0	7,0,0,0,0,0,0,0,0,0	ok
-2.462719	-18.640534	-45.207908	0.892246	continued:5	131504586847961235687181874578063117114329409897647623619241560935125066908876631867479597863393264	131504586847961235687181874578063117114329409897842234310140629570742113352543690302628991025964086	1,0,0,0,0,0,0,0,0,0	7,0,0,0,0,0,0,0,0,0	ok
-2.459883	-18.640534	-46.067531	0.889453	continued:5	131504586847961235687181874578063117114329409897647623619241560935125066908876631867479597863393264	131504586847961235687181874578063117114329409897842234310140629570742113352543690302628991025964086	1,0,0,0,0,0,0,0,0,0	7,0,0,0,0,0,0,0,0,0	ok
-2.457048	-18.640534	-46.948417	0.886660	continued:5	131504586847961235687181874578063117114329409897631406061666638548823646371904376997883815099845702	131504586847961235687181874578063117114329409897842234310140629570742113352543690302628991025964086	-1,0,0,0,0,0,0,0,0,0	7,0,0,0,0,0,0,0,0,0	ok
-2.454212	-18.640534	-47.836417	0.884201	continued:5	131504586847961235687181874578063117114329409897631406061666638548823646371904376997883815099845702	131504586847961235687181874578063117114329409897842234310140629570742113352543690302628991025964086	-1,0,0,0,0,0,0,0,0,0	7,0,0,0,0,0,0,0,0,0	ok
-2.451376	-18.640534	-48.708635	0.883158	continued:5	131504586847961235687181874578063117114329409897631406061666638548823646371904376997883815099845702	131504586847961235687181874578063117114329409897842234310140629570742113352543690302628991025964086	-1,0,0,0,0,0,0,0,0,0	7,0,0,0,0,0,0,0,0,0	ok
-2.448540	-18.640534	-49.533953	0.882991	full	131504586847961235687181874578063117114329409897631406061666638548823646371904376997883815099845702	131504586847961235687181874578063117114329409897842234310140629570742113352543690302628991025964086	-1,0,0,0,0,0,0,0,0,0	7,0,0,0,0,0,0,0,0,0	ok
-2.445705	-18.640534	-45.260094	0.890517	continued:5	131504586847961235687181874578063117114329409897647623619241560935125066908876631867479597863393264	131504586847961235687181874578063117114329409897842234310140629570742113352543690302628991025964086	1,0,0,0,0,0,0,0,0,0	7,0,0,0,0,0,0,0,0,0	ok
-2.442869	-18.640534	-46.120219	0.887724	continued:5	131504586847961235687181874578063117114329409897647623619241560935125066908876631867479597863393264	131504586847961235687181874578063117114329409897842234310140629570742113352543690302628991025964086	1,0,0,0,0,0,0,0,0,0	7,0,0,0,0,0,0,0,0,0	ok
-2.440033	-18.640534	-46.999631	0.884931	continued:5	131504586847961235687181874578063117114329409897631406061666638548823646371904376997883815099845702	131504586847961235687181874578063117114329409897842234310140629570742113352543690302628991025964086	-1,0,0,0,0,0,0,0,0,0	7,0,0,0,0,0,0,0,0,0	ok
-2.437198	-18.640534	-47.883929	0.882599	continued:5	131504586847961235687181874578063117114329409897631406061666638548823646371904376997883815099845702	131504586847961235687181874578063117114329409897842234310140629570742113352543690302628991025964086	-1,0,0,0,0,0,0,0,0,0	7,0,0,0,0,0,0,0,0,0	ok
-2.434362	-18.640534	-48.749368	0.881557	continued:5	131504586847961235687181874578063117114329409897631406061666638548823646371904376997883815099845702	131504586847961235687181874578063117114329409897842234310140629570742113352543690302628991025964086	-1,0,0,0,0,0,0,0,0,0	7,0,0,0,0,0,0,0,0,0	ok
-2.431526	-18.640534	-49.566475	0.881390	full	131504586847961235687181874578063117114329409897631406061666638548823646371904376997883815099845702	131504586847961235687181874578063117114329409897842234310140629570742113352543690302628991025964086	-1,0,0,0,0,0,0,0,0,0	7,0,0,0,0,0,0,0,0,0	ok
-2.428691	-18.640534	-45.310909	0.888780	continued:5	131504586847961235687181874578063117114329409897647623619241560935125066908876631867479597863393264	131504586847961235687181874578063117114329409897842234310140629570742113352543690302628991025964086	1,0,0,0,0,0,0,0,0,0	7,0,0,0,0,0,0,0,0,0	ok
-2.425855	-18.640534	-46.171443	0.885987	continued:5	131504586847961235687181874578063117114329409897631406061666638548823646371904376997883815099845702	131504586847961235687181874578063117114329409897842234310140629570742113352543690302628991025964086	-1,0,0,0,0,0,0,0,0,0	7,0,0,0,0,0,0,0,0,0	ok
-2.423019	-18.640534	-47.049286	0.883194	continued:5	131504586847961235687181874578063117114329409897631406061666638548823646371904376997883815099845702	131504586847961235687181874578063117114329409897842234310140629570742113352543690302628991025964086	-1,0,0,0,0,0,0,0,0,0	7,0,0,0,0,0,0,0,0,0	ok
-2.420183	-18.640534	-47.929825	0.880862	continued:5	131504586847961235687181874578063117114329409897631406061666638548823646371904376997883815099845702	131504586847961235687181874578063117114329409897842234310140629570742113352543690302628991025964086	-1,0,0,0,0,0,0,0,0,0	7,0,0,0,0,0,0,0,0,0	ok
-2.417348	-18.640534	-48.789498	0.879947	continued:5	131504586847961235687181874578063117114329409897631406061666638548823646371904376997883815099845702	131504586847961235687181874578063117114329409897842234310140629570742113352543690302628991025964086	-1,0,0,0,0,0,0,0,0,0	7,0,0,0,0,0,0,0,0,0	ok
-2.414512	-18.640534	-49.598403	0.879780	full	131504586847961235687181874578063117114329409897631406061666638548823646371904376997883815099845702	131504586847961235687181874578063117114329409897842234310140629570742113352543690302628991025964086	-1,0,0,0,0,0,0,0,0,0	7,0,0,0,0,0,0,0,0,0	ok
-2.411676	-18.640534	-45.366101	0.887158	continued:5	131504586847961235687181874578063117114329409897647623619241560935125066908876631867479597863393264	131504586847961235687181874578063117114329409897842234310140629570742113352543690302628991025964086	1,0,0,0,0,0,0,0,0,0	7,0,0,0,0,0,0,0,0,0	ok
-2.408841	-18.640534	-46.225684	0.884365	continued:5	131504586847961235687181874578063117114329409897631406061666638548823646371904376997883815099845702	131504586847961235687181874578063117114329409897842234310140629570742113352543690302628991025964086	-1,0,0,0,0,0,0,0,0,0	7,0,0,0,0,0,0,0,0,0	ok
-2.406005	-18.640534	-47.100670	0.881572	continued:5	131504586847961235687181874578063117114329409897631406061666638548823646371904376997883815099845702	131504586847961235687181874578063117114329409897842234310140629570742113352543690302628991025964086	-1,0,0,0,0,0,0,0,0,0	7,0,0,0,0,0,0,0,0,0	ok
-2.403169	-18.640534	-47.976250	0.879240	continued:5	131504586847961235687181874578063117114329409897631406061666638548823646371904376997883815099845702	131504586847961235687181874578063117114329409897842234310140629570742113352543690302628991025964086	-1,0,0,0,0,0,0,0,0,0	7,0,0,0,0,0,0,0,0,0	ok
-2.400334	-18.640534	-48.829094	0.878326	continued:5	131504586847961235687181874578063117114329409897631406061666638548823646371904376997883815099845702	131504586847961235687181874578063117114329409897842234310140629570742113352543690302628991025964086	-1,0,0,0,0,0,0,0,0,0	7,0,0,0,0,0,0,0,0,0	ok
-2.397498	-18.640534	-49.629840	0.878158	full	131504586847961235687181874578063117114329409897631406061666638548823646371904376997883815099845702	131504586847961235687181874578063117114329409897842234310140629570742113352543690302628991025964086	-1,0,0,0,0,0,0,0,0,0	7,0,0,0,0,0,0,0,0,0	ok
-2.394662	-18.640534	-45.419751	0.885451	continued:5	131504586847961235687181874578063117114329409897647623619241560935125066908876631867479597863393264	131504586847961235687181874578063117114329409897842234310140629570742113352543690302628991025964086	1,0,0,0,0,0,0,0,0,0	7,0,0,0,0,0,0,0,0,0	ok
-2.391827	-18.640534	-46.279071	0.882658	continued:5	131504586847961235687181874578063117114329409897631406061666638548823646371904376997883815099845702	131504586847961235687181874578063117114329409897842234310140629570742113352543690302628991025964086	-1,0,0,0,0,0,0,0,0,0	7,0,0,0,0,0,0,0,0,0	ok
-2.388991	-18.640534	-47.151812	0.879864	continued:5	131504586847961235687181874578063117114329409897631406061666638548823646371904376997883815099845702	131504586847961235687181874578063117114329409897842234310140629570742113352543690302628991025964086	-1,0,0,0,0,0,0,0,0,0	7,0,0,0,0,0,0,0,0,0	ok
-2.386155	-18.640534	-48.022997	0.877612	continued:5	131504586847961235687181874578063117114329409897631406061666638548823646371904376997883815099845702	131504586847961235687181874578063117114329409897842234310140629570742113352543690302628991025964086	-1,0,0,0,0,0,0,0,0,0	7,0,0,0,0,0,0,0,0,0	ok
-2.383319	-18.640534	-48.868914	0.876776	continued:5	131504586847961235687181874578063117114329409897631406061666638548823646371904376997883815099845702	131504586847961235687181874578063117114329409897842234310140629570742113352543690302628991025964086	-1,0,0,0,0,0,0,0,0,0	7,0,0,0,0,0,0,0,0,0	ok
-2.380484	-18.640534	-49.660866	0.876068	full	131504586847961235687181874578063117114329409897631406061666638548823646371904376997883815099845702	131504586847961235687181874578063117114329409897842234310140629570742113352543690302628991025964086	-1,0,0,0,0,0,0,0,0,0	7,0,0,0,0,0,0,0,0,0	ok
-2.377648	-18.640534	-45.473338	0.883730	continued:5	131504586847961235687181874578063117114329409897647623619241560935125066908876631867479597863393264	131504586847961235687181874578063117114329409897842234310140629570742113352543690302628991025964086	1,0,0,0,0,0,0,0,0,0	7,0,0,0,0,0,0,0,0,0	ok
-2.374812	-18.640534	-46.332346	0.880937	continued:5	131504586847961235687181874578063117114329409897631406061666638548823646371904376997883815099845702	131504586847961235687181874578063117114329409897842234310140629570742113352543690302628991025964086	-1,0,0,0,0,0,0,0,0,0	7,0,0,0,0,0,0,0,0,0	ok
-2.371977	-18.640534	-47.202778	0.878144	continued:5	131504586847961235687181874578063117114329409897631406061666638548823646371904376997883815099845702	131504586847961235687181874578063117114329409897842234310140629570742113352543690302628991025964086	-1,0,0,0,0,0,0,0,0,0	7,0,0,0,0,0,0,0,0,0	ok
-2.369141	-18.640534	-48.069518	0.876019	continued:5	131504586847961235687181874578063117114329409897631406061666638548823646371904376997883815099845702	131504586847961235687181874578063117114329409897842234310140629570742113352543690302628991025964086	-1,0,0,0,0,0,0,0,0,0	7,0,0,0,0,0,0,0,0,0	ok
-2.366305	-18.640534	-48.908114	0.875183	continued:5	131504586847961235687181874578063117114329409897631406061666638548823646371904376997883815099845702	131504586847961235687181874578063117114329409897842234310140629570742113352543690302628991025964086	-1,0,0,0,0,0,0,0,0,0	7,0,0,0,0,0,0,0,0,0	ok
-2.363470	-18.640534	-49.691552	0.873727	full	131504586847961235687181874578063117114329409897631406061666638548823646371904376997883815099845702	131504586847961235687181874578063117114329409897858451867715551957043533889515945172224773789511661	-1,0,0,0,0,0,0,0,0,0	-8,0,0,0,0,0,0,0,0,0	ok
-2.360634	-18.640534	-45.527766	0.882068	continued:5	131504586847961235687181874578063117114329409897647623619241560935125066908876631867479597863393264	131504586847961235687181874578063117114329409897858451867715551957043533889515945172224773789511661	1,0,0,0,0,0,0,0,0,0	-8,0,0,0,0,0,0,0,0,0	ok
-2.357798	-18.640534	-46.385694	0.879274	continued:5	131504586847961235687181874578063117114329409897631406061666638548823646371904376997883815099845702	131504586847961235687181874578063117114329409897858451867715551957043533889515945172224773789511661	-1,0,0,0,0,0,0,0,0,0	-8,0,0,0,0,0,0,0,0,0	ok
-2.354962	-18.640534	-47.253102	0.876481	continued:5	131504586847961235687181874578063117114329409897631406061666638548823646371904376997883815099845702	131504586847961235687181874578063117114329409897858451867715551957043533889515945172224773789511661	-1,0,0,0,0,0,0,0,0,0	-8,0,0,0,0,0,0,0,0,0	ok
-2.352127	-18.640534	-48.114772	0.874356	continued:5	131504586847961235687181874578063117114329409897631406061666638548823646371904376997883815099845702	131504586847961235687181874578063117114329409897858451867715551957043533889515945172224773789511661	-1,0,0,0,0,0,0,0,0,0	-8,0,0,0,0,0,0,0,0,0	ok
-2.349291	-18.640534	-48.946541	0.873520	continued:5	131504586847961235687181874578063117114329409897631406061666638548823646371904376997883815099845702	131504586847961235687181874578063117114329409897858451867715551957043533889515945172224773789511661	-1,0,0,0,0,0,0,0,0,0	-8,0,0,0,0,0,0,0,0,0	ok
-2.346455	-18.640534	-49.721952	0.871396	full	131504586847961235687181874578063117114329409897647623619241560935125066908876631867479597863393264	131504586847961235687181874578063117114329409897858451867715551957043533889515945172224773789511661	1,0,0,0,0,0,0,0,0,0	-8,0,0,0,0,0,0,0,0,0	ok
-2.343620	-18.640534	-45.578214	0.880284	continued:5	131504586847961235687181874578063117114329409897647623619241560935125066908876631867479597863393264	131504586847961235687181874578063117114329409897858451867715551957043533889515945172224773789511661	1,0,0,0,0,0,0,0,0,0	-8,0,0,0,0,0,0,0,0,0	ok
-2.340784	-18.640534	-46.436131	0.877491	continued:5	131504586847961235687181874578063117114329409897631406061666638548823646371904376997883815099845702	131504586847961235687181874578063117114329409897858451867715551957043533889515945172224773789511661	-1,0,0,0,0,0,0,0,0,0	-8,0,0,0,0,0,0,0,0,0	ok
-2.337948	-18.640534	-47.301500	0.874698	continued:5	131504586847961235687181874578063117114329409897631406061666638548823646371904376997883815099845702	131504586847961235687181874578063117114329409897858451867715551957043533889515945172224773789511661	-1,0,0,0,0,0,0,0,0,0	-8,0,0,0,0,0,0,0,0,0	ok
-2.335113	-18.640534	-48.159032	0.872573	continued:5	131504586847961235687181874578063117114329409897631406061666638548823646371904376997883815099845702	131504586847961235687181874578063117114329409897858451867715551957043533889515945172224773789511661	-1,0,0,0,0,0,0,0,0,0	-8,0,0,0,0,0,0,0,0,0	ok
-2.332277	-18.640534	-48.984853	0.871865	continued:5	131504586847961235687181874578063117114329409897631406061666638548823646371904376997883815099845702	131504586847961235687181874578063117114329409897858451867715551957043533889515945172224773789511661	-1,0,0,0,0,0,0,0,0,0	-8,0,0,0,0,0,0,0,0,0	ok
-2.329441	-18.640534	-49.752113	0.869071	full	131504586847961235687181874578063117114329409897647623619241560935125066908876631867479597863393264	131504586847961235687181874578063117114329409897858451867715551957043533889515945172224773789511661	1,0,0,0,0,0,0,0,0,0	-8,0,0,0,0,0,0,0,0,0	ok
-2.326606	-18.640534	-45.628006	0.878634	continued:5	131504586847961235687181874578063117114329409897647623619241560935125066908876631867479597863393264	131504586847961235687181874578063117114329409897858451867715551957043533889515945172224773789511661	1,0,0,0,0,0,0,0,0,0	-8,0,0,0,0,0,0,0,0,0	ok
-2.323770	-18.640534	-46.484439	0.875840	continued:5	131504586847961235687181874578063117114329409897631406061666638548823646371904376997883815099845702	131504586847961235687181874578063117114329409897858451867715551957043533889515945172224773789511661	-1,0,0,0,0,0,0,0,0,0	-8,0,0,0,0,0,0,0,0,0	ok
-2.320934	-18.640534	-47.346452	0.873047	continued:5	131504586847961235687181874578063117114329409897631406061666638548823646371904376997883815099845702	131504586847961235687181874578063117114329409897858451867715551957043533889515945172224773789511661	-1,0,0,0,0,0,0,0,0,0	-8,0,0,0,0,0,0,0,0,0	ok
-2.318098	-18.640534	-48.198741	0.870922	continued:5	131504586847961235687181874578063117114329409897631406061666638548823646371904376997883815099845702	131504586847961235687181874578063117114329409897874669425290474343344954426488200041820556553059237	-1,0,0,0,0,0,0,0,0,0	8,0,0,0,0,0,0,0,0,0	ok
-2.315263	-18.640534	-49.017764	0.869546	continued:5	131504586847961235687181874578063117114329409897631406061666638548823646371904376997883815099845702	131504586847961235687181874578063117114329409897874669425290474343344954426488200041820556553059237	-1,0,0,0,0,0,0,0,0,0	8,0,0,0,0,0,0,0,0,0	ok
-2.312427	-18.640534	-49.782075	0.866752	full	131504586847961235687181874578063117114329409897647623619241560935125066908876631867479597863393264	131504586847961235687181874578063117114329409897874669425290474343344954426488200041820556553059237	1,0,0,0,0,0,0,0,0,0	8,0,0,0,0,0,0,0,0,0	ok
-2.309591	-18.640534	-45.675496	0.876859	continued:5	131504586847961235687181874578063117114329409897647623619241560935125066908876631867479597863393264	131504586847961235687181874578063117114329409897874669425290474343344954426488200041820556553059237	1,0,0,0,0,0,0,0,0,0	8,0,0,0,0,0,0,0,0,0	ok
-2.306756	-18.640534	-46.531541	0.874066	continued:5	131504586847961235687181874578063117114329409897631406061666638548823646371904376997883815099845702	131504586847961235687181874578063117114329409897874669425290474343344954426488200041820556553059237	-1,0,0,0,0,0,0,0,0,0	8,0,0,0,0,0,0,0,0,0	ok
-2.303920	-18.640534	-47.391194	0.871273	continued:5	131504586847961235687181874578063117114329409897631406061666638548823646371904376997883815099845702	131504586847961235687181874578063117114329409897874669425290474343344954426488200041820556553059237	-1,0,0,0,0,0,0,0,0,0	8,0,0,0,0,0,0,0,0,0	ok
-2.301084	-18.640534	-48.239149	0.869355	continued:5	131504586847961235687181874578063117114329409897631406061666638548823646371904376997883815099845702	131504586847961235687181874578063117114329409897874669425290474343344954426488200041820556553059237	-1,0,0,0,0,0,0,0,0,0	8,0,0,0,0,0,0,0,0,0	ok
-2.298249	-18.640534	-49.050589	0.867230	continued:5	131504586847961235687181874578063117114329409897631406061666638548823646371904376997883815099845702	131504586847961235687181874578063117114329409897874669425290474343344954426488200041820556553059237	-1,0,0,0,0,0,0,0,0,0	8,0,0,0,0,0,0,0,0,0	ok
-2.295413	-18.640534	-49.811872	0.864437	full	131504586847961235687181874578063117114329409897647623619241560935125066908876631867479597863393264	131504586847961235687181874578063117114329409897874669425290474343344954426488200041820556553059237	1,0,0,0,0,0,0,0,0,0	8,0,0,0,0,0,0,0,0,0	ok
-2.292577	-18.640534	-45.727608	0.875294	continued:5	131504586847961235687181874578063117114329409897647623619241560935125066908876631867479597863393264	131504586847961235687181874578063117114329409897874669425290474343344954426488200041820556553059237	1,0,0,0,0,0,0,0,0,0	8,0,0,0,0,0,0,0,0,0	ok
-2.289741	-18.640534	-46.580969	0.872501	continued:5	131504586847961235687181874578063117114329409897631406061666638548823646371904376997883815099845702	131504586847961235687181874578063117114329409897874669425290474343344954426488200041820556553059237	-1,0,0,0,0,0,0,0,0,0	8,0,0,0,0,0,0,0,0,0	ok
-2.286906	-18.640534	-47.436154	0.869707	continued:5	131504586847961235687181874578063117114329409897631406061666638548823646371904376997883815099845702	131504586847961235687181874578063117114329409897874669425290474343344954426488200041820556553059237	-1,0,0,0,0,0,0,0,0,0	8,0,0,0,0,0,0,0,0,0	ok
-2.284070	-18.640534	-48.277894	0.867583	continued:5	131504586847961235687181874578063117114329409897631406061666638548823646371904376997883815099845702	131504586847961235687181874578063117114329409897874669425290474343344954426488200041820556553059237	-1,0,0,0,0,0,0,0,0,0	8,0,0,0,0,0,0,0,0,0	ok
-2.281234	-18.640534	-49.083350	0.864917	continued:5	131504586847961235687181874578063117114329409897647623619241560935125066908876631867479597863393264	131504586847961235687181874578063117114329409897874669425290474343344954426488200041820556553059237	1,0,0,0,0,0,0,0,0,0	8,0,0,0,0,0,0,0,0,0	ok
-2.278399	-18.640534	-49.841532	0.862124	full	131504586847961235687181874578063117114329409897647623619241560935125066908876631867479597863393264	131504586847961235687181874578063117114329409897874669425290474343344954426488200041820556553059237	1,0,0,0,0,0,0,0,0,0	8,0,0,0,0,0,0,0,0,0	ok
-2.275563	-18.640534	-45.768266	0.873445	continued:5	131504586847961235687181874578063117114329409897647623619241560935125066908876631867479597863393264	131504586847961235687181874578063117114329409897874669425290474343344954426488200041820556553059237	1,0,0,0,0,0,0,0,0,0	8,0,0,0,0,0,0,0,0,0	ok
-2.272727	-18.640534	-46.621798	0.870651	continued:5	131504586847961235687181874578063117114329409897631406061666638548823646371904376997883815099845702	131504586847961235687181874578063117114329409897874669425290474343344954426488200041820556553059237	-1,0,0,0,0,0,0,0,0,0	8,0,0,0,0,0,0,0,0,0	ok
-2.269892	-18.640534	-47.475197	0.867858	continued:5	131504586847961235687181874578063117114329409897631406061666638548823646371904376997883815099845702	131504586847961235687181874578063117114329409897874669425290474343344954426488200041820556553059237	-1,0,0,0,0,0,0,0,0,0	8,0,0,0,0,0,0,0,0,0	ok
-2.267056	-18.640534	-48.313258	0.865399	continued:5	131504586847961235687181874578063117114329409897631406061666638548823646371904376997883815099845702	16217557574922386301420628095190941477607231760144	-1,0,0,0,0,0,0,0,0,0	8,0,0,0,0,0,0,0,0	ok
-2.264220	-18.640534	-49.116061	0.862606	continued:5	131504586847961235687181874578063117114329409897647623619241560935125066908876631867479597863393264	131504586847961235687181874578063117114329409897874669425290474343344954426488200041820556553059237	1,0,0,0,0,0,0,0,0,0	8,0,0,0,0,0,0,0,0,0	ok
-2.261384	-18.640534	-49.871078	0.859812	full	131504586847961235687181874578063117114329409897647623619241560935125066908876631867479597863393264	131504586847961235687181874578063117114329409897874669425290474343344954426488200041820556553059237	1,0,0,0,0,0,0,0,0,0	8,0,0,0,0,0,0,0,0,0	ok
-2.258549	-18.640534	-45.610990	0.872385	continued:5	131504586847961235687181874578063117114329409897647623619241560935125066908876631867479597863393264	16217557574922386301420628095190941477607231760144	1,0,0,0,0,0,0,0,0,0	8,0,0,0,0,0,0,0,0	ok
-2.255713	-18.640534	-46.461436	0.869592	continued:5	131504586847961235687181874578063117114329409897631406061666638548823646371904376997883815099845702	131504586847961235687181874578063117114329409897874669425290474343344954426488200041820556553059237	-1,0,0,0,0,0,0,0,0,0	8,0,0,0,0,0,0,0,0,0	ok
-2.252877	-18.640534	-47.312730	0.866799	continued:5	131504586847961235687181874578063117114329409897631406061666638548823646371904376997883815099845702	3375003347987	-1,0,0,0,0,0,0,0,0,0	8,0,0,0,0,0,0	ok
-2.250042	-18.640534	-48.150903	0.864467	continued:5	131504586847961235687181874578063117114329409897631406061666638548823646371904376997883815099845702	3375003347987	-1,0,0,0,0,0,0,0,0,0	8,0,0,0,0,0,0	ok
-2.247206	-18.640534	-48.955427	0.863631	continued:5	131504586847961235687181874578063117114329409897631406061666638548823646371904376997883815099845702	131504586847961235687181874578063117114329409897874669425290474343344954426488200041820556553059237	-1,0,0,0,0,0,0,0,0,0	8,0,0,0,0,0,0,0,0,0	ok
-2.244370	-18.640534	-49.700337	0.863258	full	131504586847961235687181874578063117114329409897631406061666638548823646371904376997883815099845702	5695183504546613417725670	-1,0,0,0,0,0,0,0,0,0	8,0,0,0,0,0,0,0	ok
-2.241535	-18.640534	-45.663027	0.870608	continued:5	131504586847961235687181874578063117114329409897647623619241560935125066908876631867479597863393264	16217557574922386301420628095190941477607231760144	1,0,0,0,0,0,0,0,0,0	8,0,0,0,0,0,0,0,0	ok
-2.238699	-18.640534	-46.512815	0.867815	continued:5	131504586847961235687181874578063117114329409897631406061666638548823646371904376997883815099845702	131504586847961235687181874578063117114329409897874669425290474343344954426488200041820556553059237	-1,0,0,0,0,0,0,0,0,0	8,0,0,0,0,0,0,0,0,0	ok
-2.235863	-18.640534	-47.361512	0.865021	continued:5	131504586847961235687181874578063117114329409897631406061666638548823646371904376997883815099845702	5695183504546613417725670	-1,0,0,0,0,0,0,0,0,0	8,0,0,0,0,0,0,0	ok
-2.233028	-18.640534	-48.195129	0.862769	continued:5	131504586847961235687181874578063117114329409897631406061666638548823646371904376997883815099845702	131504586847961235687181874578063117114329409897874669425290474343344954426488200041820556553059237	-1,0,0,0,0,0,0,0,0,0	8,0,0,0,0,0,0,0,0,0	ok
-2.230192	-18.640534	-48.992838	0.861933	continued:5	131504586847961235687181874578063117114329409897631406061666638548823646371904376997883815099845702	16217557574922386301420628095190941477607231760144	-1,0,0,0,0,0,0,0,0,0	8,0,0,0,0,0,0,0,0	ok
-2.227356	-18.640534	-49.729913	0.861559	full	131504586847961235687181874578063117114329409897631406061666638548823646371904376997883815099845702	3375003347987	-1,0,0,0,0,0,0,0,0,0	8,0,0,0,0,0,0	ok
-2.224520	-18.640534	-45.718047	0.868909	continued:5	131504586847961235687181874578063117114329409897647623619241560935125066908876631867479597863393264	16217557574922386301420628095190941477607231760144	1,0,0,0,0,0,0,0,0,0	8,0,0,0,0,0,0,0,0	ok
-2.221685	-18.640534	-46.566156	0.866115	continued:5	131504586847961235687181874578063117114329409897631406061666638548823646371904376997883815099845702	2634644	-1,0,0,0,0,0,0,0,0,0	8,0,0,0,0,0	ok
-2.218849	-18.640534	-47.411304	0.863322	continued:5	131504586847961235687181874578063117114329409897631406061666638548823646371904376997883815099845702	2634644	-1,0,0,0,0,0,0,0,0,0	8,0,0,0,0,0	ok
-2.216013	-18.640534	-48.239506	0.861070	continued:5	131504586847961235687181874578063117114329409897631406061666638548823646371904376997883815099845702	5695183504546613417725670	-1,0,0,0,0,0,0,0,0,0	8,0,0,0,0,0,0,0	ok
-2.213178	-18.640534	-49.030281	0.860234	continued:5	131504586847961235687181874578063117114329409897631406061666638548823646371904376997883815099845702	3375003347987	-1,0,0,0,0,0,0,0,0,0	8,0,0,0,0,0,0	ok
-2.210342	-18.640534	-49.759449	0.859860	full	131504586847961235687181874578063117114329409897631406061666638548823646371904376997883815099845702	3375003347987	-1,0,0,0,0,0,0,0,0,0	8,0,0,0,0,0,0	ok
-2.207506	-18.640534	-45.769766	0.867075	continued:5	131504586847961235687181874578063117114329409897647623619241560935125066908876631867479597863393264	2634644	1,0,0,0,0,0,0,0,0,0	8,0,0,0,0,0	ok
-2.204671	-18.640534	-46.617425	0.864282	continued:5	131504586847961235687181874578063117114329409897631406061666638548823646371904376997883815099845702	2634644	-1,0,0,0,0,0,0,0,0,0	8,0,0,0,0,0	ok
-2.201835	-18.640534	-47.460139	0.861488	continued:5	131504586847961235687181874578063117114329409897631406061666638548823646371904376997883815099845702	3375003347987	-1,0,0,0,0,0,0,0,0,0	8,0,0,0,0,0,0	ok
-2.198999	-18.640534	-48.283952	0.859364	continued:5	131504586847961235687181874578063117114329409897631406061666638548823646371904376997883815099845702	3375003347987	-1,0,0,0,0,0,0,0,0,0	8,0,0,0,0,0,0	ok
-2.196163	-18.640534	-49.067724	0.858528	continued:5	131504586847961235687181874578063117114329409897631406061666638548823646371904376997883815099845702	5695183504546613417725670	-1,0,0,0,0,0,0,0,0,0	8,0,0,0,0,0,0,0	ok
-2.193328	-18.640534	-49.788959	0.858154	full	131504586847961235687181874578063117114329409897631406061666638548823646371904376997883815099845702	16217557574922386301420628095190941477607231760144	-1,0,0,0,0,0,0,0,0,0	8,0,0,0,0,0,0,0,0	ok
-2.190492	-18.640534	-45.824562	0.865365	continued:5	131504586847961235687181874578063117114329409897647623619241560935125066908876631867479597863393264	2634644	1,0,0,0,0,0,0,0,0,0	8,0,0,0,0,0	ok
-2.187656	-18.640534	-46.670291	0.862572	continued:5	131504586847961235687181874578063117114329409897631406061666638548823646371904376997883815099845702	2634644	-1,0,0,0,0,0,0,0,0,0	8,0,0,0,0,0	ok
-2.184821	-18.640534	-47.509219	0.859779	continued:5	131504586847961235687181874578063117114329409897631406061666638548823646371904376997883815099845702	2634644	-1,0,0,0,0,0,0,0,0,0	8,0,0,0,0,0	ok
-2.181985	-18.640534	-48.327444	0.857526	continued:5	131504586847961235687181874578063117114329409897631406061666638548823646371904376997883815099845702	3375003347987	-1,0,0,0,0,0,0,0,0,0	8,0,0,0,0,0,0	ok
-2.179149	-18.640534	-49.105201	0.856818	continued:5	131504586847961235687181874578063117114329409897631406061666638548823646371904376997883815099845702	2634644	-1,0,0,0,0,0,0,0,0,0	8,0,0,0,0,0	ok
-2.176314	-18.640534	-49.818454	0.856444	full	131504586847961235687181874578063117114329409897631406061666638548823646371904376997883815099845702	2634644	-1,0,0,0,0,0,0,0,0,0	8,0,0,0,0,0	ok
-2.173478	-18.640534	-45.876999	0.863515	continued:5	131504586847961235687181874578063117114329409897647623619241560935125066908876631867479597863393264	2634644	1,0,0,0,0,0,0,0,0,0	8,0,0,0,0,0	ok
-2.170642	-18.640534	-46.722062	0.860722	continued:5	131504586847961235687181874578063117114329409897631406061666638548823646371904376997883815099845702	2634644	-1,0,0,0,0,0,0,0,0,0	8,0,0,0,0,0	ok
-2.167807	-18.640534	-47.558339	0.857928	continued:5	131504586847961235687181874578063117114329409897631406061666638548823646371904376997883815099845702	2634644	-1,0,0,0,0,0,0,0,0,0	8,0,0,0,0,0	ok
-2.164971	-18.640534	-48.371998	0.855804	continued:5	131504586847961235687181874578063117114329409897631406061666638548823646371904376997883815099845702	2634644	-1,0,0,0,0,0,0,0,0,0	8,0,0,0,0,0	ok
-2.162135	-18.640534	-49.142650	0.855096	continued:5	131504586847961235687181874578063117114329409897631406061666638548823646371904376997883815099845702	2634644	-1,0,0,0,0,0,0,0,0,0	8,0,0,0,0,0	ok
-2.159299	-18.640534	-49.847944	0.854722	full	131504586847961235687181874578063117114329409897631406061666638548823646371904376997883815099845702	2634644	-1,0,0,0,0,0,0,0,0,0	8,0,0,0,0,0	ok
-2.156464	-18.640534	-45.934470	0.861789	continued:5	131504586847961235687181874578063117114329409897647623619241560935125066908876631867479597863393264	2634644	1,0,0,0,0,0,0,0,0,0	8,0,0,0,0,0	ok
-2.153628	-18.640534	-46.777313	0.858995	continued:5	131504586847961235687181874578063117114329409897631406061666638548823646371904376997883815099845702	2634644	-1,0,0,0,0,0,0,0,0,0	8,0,0,0,0,0	ok
-2.150792	-18.640534	-47.609497	0.856202	continued:5	131504586847961235687181874578063117114329409897631406061666638548823646371904376997883815099845702	2634644	-1,0,0,0,0,0,0,0,0,0	8,0,0,0,0,0	ok
-2.147957	-18.640534	-48.417283	0.854077	continued:5	131504586847961235687181874578063117114329409897631406061666638548823646371904376997883815099845702	2634644	-1,0,0,0,0,0,0,0,0,0	8,0,0,0,0,0	ok
-2.145121	-18.640534	-49.180689	0.853369	continued:5	131504586847961235687181874578063117114329409897631406061666638548823646371904376997883815099845702	2634644	-1,0,0,0,0,0,0,0,0,0	8,0,0,0,0,0	ok
-2.142285	-18.640534	-49.877923	0.852995	full	131504586847961235687181874578063117114329409897631406061666638548823646371904376997883815099845702	2634644	-1,0,0,0,0,0,0,0,0,0	8,0,0,0,0,0	ok
-2.139450	-18.640534	-45.988171	0.859985	continued:5	131504586847961235687181874578063117114329409897631406061666638548823646371904376997883815099845702	2634644	-1,0,0,0,0,0,0,0,0,0	8,0,0,0,0,0	ok
-2.136614	-18.640534	-46.829492	0.857191	continued:5	131504586847961235687181874578063117114329409897631406061666638548823646371904376997883815099845702	2634644	-1,0,0,0,0,0,0,0,0,0	8,0,0,0,0,0	ok
-2.133778	-18.640534	-47.658242	0.854398	continued:5	131504586847961235687181874578063117114329409897631406061666638548823646371904376997883815099845702	2634644	-1,0,0,0,0,0,0,0,0,0	8,0,0,0,0,0	ok
-2.130942	-18.640534	-48.460805	0.852273	continued:5	131504586847961235687181874578063117114329409897631406061666638548823646371904376997883815099845702	2634644	-1,0,0,0,0,0,0,0,0,0	8,0,0,0,0,0	ok
-2.128107	-18.640534	-49.217602	0.851565	continued:5	131504586847961235687181874578063117114329409897631406061666638548823646371904376997883815099845702	2634644	-1,0,0,0,0,0,0,0,0,0	8,0,0,0,0,0	ok
-2.125271	-18.640534	-49.907384	0.850857	full	131504586847961235687181874578063117114329409897631406061666638548823646371904376997883815099845702	2634644	-1,0,0,0,0,0,0,0,0,0	8,0,0,0,0,0	ok
-2.122435	-18.640534	-45.210100	0.860733	continued:5	131504586847961235687181874578063117114329409897647623619241560935125066908876631867479597863393264	2634644	1,0,0,0,0,0,0,0,0,0	8,0,0,0,0,0	ok
-2.119600	-18.640534	-46.054844	0.857940	continued:5	131504586847961235687181874578063117114329409897631406061666638548823646371904376997883815099845702	2634644	-1,0,0,0,0,0,0,0,0,0	8,0,0,0,0,0	ok
-2.116764	-18.640534	-46.893429	0.855147	continued:5	131504586847961235687181874578063117114329409897631406061666638548823646371904376997883815099845702	2634644	-1,0,0,0,0,0,0,0,0,0	8,0,0,0,0,0	ok
-2.113928	-18.640534	-47.717269	0.852353	continued:5	131504586847961235687181874578063117114329409897631406061666638548823646371904376997883815099845702	2634644	-1,0,0,0,0,0,0,0,0,0	8,0,0,0,0,0	ok
-2.111093	-18.640534	-48.512915	0.850229	continued:5	131504586847961235687181874578063117114329409897631406061666638548823646371904376997883815099845702	2634644	-1,0,0,0,0,0,0,0,0,0	8,0,0,0,0,0	ok
-2.108257	-18.640534	-49.261287	0.849521	continued:5	131504586847961235687181874578063117114329409897631406061666638548823646371904376997883815099845702	2634644	-1,0,0,0,0,0,0,0,0,0	8,0,0,0,0,0	ok
-2.105421	-18.640534	-49.941786	0.848144	full	131504586847961235687181874578063117114329409897631406061666638548823646371904376997883815099845702	2634644	-1,0,0,0,0,0,0,0,0,0	8,0,0,0,0,0	ok
-2.102585	-18.640534	-45.275038	0.858554	continued:5	131504586847961235687181874578063117114329409897647623619241560935125066908876631867479597863393264	2634644	1,0,0,0,0,0,0,0,0,0	8,0,0,0,0,0	ok
-2.099750	-18.640534	-46.120202	0.855761	continued:5	131504586847961235687181874578063117114329409897631406061666638548823646371904376997883815099845702	2634644	-1,0,0,0,0,0,0,0,0,0	8,0,0,0,0,0	ok
-2.096914	-18.640534	-46.957133	0.852967	continued:5	131504586847961235687181874578063117114329409897631406061666638548823646371904376997883815099845702	2634644	-1,0,0,0,0,0,0,0,0,0	8,0,0,0,0,0	ok
-2.094078	-18.640534	-47.777023	0.850174	continued:5	131504586847961235687181874578063117114329409897631406061666638548823646371904376997883815099845702	2634644	-1,0,0,0,0,0,0,0,0,0	8,0,0,0,0,0	ok
-2.091243	-18.640534	-48.566609	0.848256	continued:5	131504586847961235687181874578063117114329409897631406061666638548823646371904376997883815099845702	2634644	-1,0,0,0,0,0,0,0,0,0	8,0,0,0,0,0	ok
-2.088407	-18.640534	-49.305714	0.847548	continued:5	131504586847961235687181874578063117114329409897631406061666638548823646371904376997883815099845702	2634644	-1,0,0,0,0,0,0,0,0,0	8,0,0,0,0,0	ok
-2.085571	-18.640534	-49.976231	0.845423	full	131504586847961235687181874578063117114329409897631406061666638548823646371904376997883815099845702	2634644	-1,0,0,0,0,0,0,0,0,0	8,0,0,0,0,0	ok
-2.082736	-18.640534	-45.339303	0.856367	continued:5	131504586847961235687181874578063117114329409897647623619241560935125066908876631867479597863393264	2634644	1,0,0,0,0,0,0,0,0,0	8,0,0,0,0,0	ok
-2.079900	-18.640534	-46.184748	0.853574	continued:5	131504586847961235687181874578063117114329409897631406061666638548823646371904376997883815099845702	2634644	-1,0,0,0,0,0,0,0,0,0	8,0,0,0,0,0	ok
-2.077064	-18.640534	-47.019870	0.850781	continued:5	131504586847961235687181874578063117114329409897631406061666638548823646371904376997883815099845702	2634644	-1,0,0,0,0,0,0,0,0,0	8,0,0,0,0,0	ok
-2.074229	-18.640534	-47.835682	0.847987	continued:5	131504586847961235687181874578063117114329409897631406061666638548823646371904376997883815099845702	2634644	-1,0,0,0,0,0,0,0,0,0	8,0,0,0,0,0	ok
-2.071393	-18.640534	-48.619141	0.846197	continued:5	131504586847961235687181874578063117114329409897631406061666638548823646371904376997883815099845702	2634644	-1,0,0,0,0,0,0,0,0,0	8,0,0,0,0,0	ok
-2.068557	-18.640534	-49.349598	0.845489	continued:5	131504586847961235687181874578063117114329409897631406061666638548823646371904376997883815099845702	2634644	-1,0,0,0,0,0,0,0,0,0	8,0,0,0,0,0	ok
-2.065721	-18.640534	-50.010726	0.842695	full	131504586847961235687181874578063117114329409897631406061666638548823646371904376997883815099845702	2634644	-1,0,0,0,0,0,0,0,0,0	8,0,0,0,0,0	ok
-2.062886	-18.640534	-45.400908	0.854301	continued:5	131504586847961235687181874578063117114329409897647623619241560935125066908876631867479597863393264	2634644	1,0,0,0,0,0,0,0,0,0	8,0,0,0,0,0	ok
-2.060050	-18.640534	-46.245268	0.851507	continued:5	131504586847961235687181874578063117114329409897631406061666638548823646371904376997883815099845702	2634644	-1,0,0,0,0,0,0,0,0,0	8,0,0,0,0,0	ok
-2.057214	-18.640534	-47.077377	0.848714	continued:5	131504586847961235687181874578063117114329409897631406061666638548823646371904376997883815099845702	2634644	-1,0,0,0,0,0,0,0,0,0	8,0,0,0,0,0	ok
-2.054379	-18.640534	-47.888132	0.845921	continued:5	131504586847961235687181874578063117114329409897631406061666638548823646371904376997883815099845702	2634644	-1,0,0,0,0,0,0,0,0,0	8,0,0,0,0,0	ok
-2.051543	-18.640534	-48.664754	0.844003	continued:5	131504586847961235687181874578063117114329409897631406061666638548823646371904376997883815099845702	2634644	-1,0,0,0,0,0,0,0,0,0	8,0,0,0,0,0	ok
-2.048707	-18.640534	-49.388104	0.842753	continued:5	131504586847961235687181874578063117114329409897631406061666638548823646371904376997883815099845702	2634644	-1,0,0,0,0,0,0,0,0,0	8,0,0,0,0,0	ok
-2.045872	-18.640534	-50.045280	0.839960	full	131504586847961235687181874578063117114329409897631406061666638548823646371904376997883815099845702	2634644	-1,0,0,0,0,0,0,0,0,0	8,0,0,0,0,0	ok
-2.043036	-18.640534	-45.464685	0.852226	continued:5	131504586847961235687181874578063117114329409897647623619241560935125066908876631867479597863393264	2634644	1,0,0,0,0,0,0,0,0,0	8,0,0,0,0,0	ok
-2.040200	-18.640534	-46.307726	0.849433	continued:5	131504586847961235687181874578063117114329409897631406061666638548823646371904376997883815099845702	2634644	-1,0,0,0,0,0,0,0,0,0	8,0,0,0,0,0	ok
-2.037364	-18.640534	-47.136575	0.846640	continued:5	131504586847961235687181874578063117114329409897631406061666638548823646371904376997883815099845702	2634644	-1,0,0,0,0,0,0,0,0,0	8,0,0,0,0,0	ok
-2.034529	-18.640534	-47.942032	0.843846	continued:5	131504586847961235687181874578063117114329409897631406061666638548823646371904376997883815099845702	2634644	-1,0,0,0,0,0,0,0,0,0	8,0,0,0,0,0	ok
-2.031693	-18.640534	-48.711607	0.841928	continued:5	131504586847961235687181874578063117114329409897631406061666638548823646371904376997883815099845702	2634644	-1,0,0,0,0,0,0,0,0,0	8,0,0,0,0,0	ok
-2.028857	-18.640534	-49.426694	0.840010	continued:5	131504586847961235687181874578063117114329409897631406061666638548823646371904376997883815099845702	2634644	-1,0,0,0,0,0,0,0,0,0	8,0,0,0,0,0	ok
-2.026022	-18.640534	-50.079898	0.837217	full	131504586847961235687181874578063117114329409897647623619241560935125066908876631867479597863393264	2634644	1,0,0,0,0,0,0,0,0,0	8,0,0,0,0,0	ok
-2.023186	-18.640534	-46.108388	0.848233	continued:5	131504586847961235687181874578063117114329409897631406061666638548823646371904376997883815099845702	2634644	-1,0,0,0,0,0,0,0,0,0	8,0,0,0,0,0	ok
-2.020350	-18.640534	-46.941458	0.845440	continued:5	131504586847961235687181874578063117114329409897631406061666638548823646371904376997883815099845702	2634644	-1,0,0,0,0,0,0,0,0,0	8,0,0,0,0,0	ok
-2.017515	-18.640534	-47.752454	0.842646	continued:5	131504586847961235687181874578063117114329409897631406061666638548823646371904376997883815099845702	2634644	-1,0,0,0,0,0,0,0,0,0	8,0,0,0,0,0	ok
-2.014679	-18.640534	-48.529576	0.840522	continued:5	131504586847961235687181874578063117114329409897631406061666638548823646371904376997883815099845702	2634644	-1,0,0,0,0,0,0,0,0,0	8,0,0,0,0,0	ok
-2.011843	-18.640534	-49.255635	0.839607	continued:5	131504586847961235687181874578063117114329409897631406061666638548823646371904376997883815099845702	2634644	-1,0,0,0,0,0,0,0,0,0	8,0,0,0,0,0	ok
-2.009008	-18.640534	-49.913390	0.839233	full	131504586847961235687181874578063117114329409897631406061666638548823646371904376997883815099845702	2634644	-1,0,0,0,0,0,0,0,0,0	8,0,0,0,0,0	ok
-2.006172	-18.640534	-46.164000	0.846369	continued:5	131504586847961235687181874578063117114329409897631406061666638548823646371904376997883815099845702	2634644	-1,0,0,0,0,0,0,0,0,0	8,0,0,0,0,0	ok
-2.003336	-18.640534	-46.995183	0.843575	continued:5	131504586847961235687181874578063117114329409897631406061666638548823646371904376997883815099845702	2634644	-1,0,0,0,0,0,0,0,0,0	8,0,0,0,0,0	ok
-2.000500	-18.640534	-47.802455	0.840782	continued:5	131504586847961235687181874578063117114329409897631406061666638548823646371904376997883815099845702	2634644	-1,0,0,0,0,0,0,0,0,0	8,0,0,0,0,0	ok
-1.997665	-18.640534	-48.574204	0.838657	continued:5	131504586847961235687181874578063117114329409897631406061666638548823646371904376997883815099845702	2634644	-1,0,0,0,0,0,0,0,0,0	8,0,0,0,0,0	ok
-1.994829	-18.640534	-49.293672	0.837821	continued:5	131504586847961235687181874578063117114329409897631406061666638548823646371904376997883815099845702	2634644	-1,0,0,0,0,0,0,0,0,0	8,0,0,0,0,0	ok
-1.991993	-18.640534	-49.943553	0.837447	full	131504586847961235687181874578063117114329409897631406061666638548823646371904376997883815099845702	2634644	-1,0,0,0,0,0,0,0,0,0	8,0,0,0,0,0	ok
-1.989158	-18.640534	-46.223504	0.844578	continued:5	131504586847961235687181874578063117114329409897631406061666638548823646371904376997883815099845702	2634644	-1,0,0,0,0,0,0,0,0,0	8,0,0,0,0,0	ok
-1.986322	-18.640534	-47.051702	0.841785	continued:5	131504586847961235687181874578063117114329409897631406061666638548823646371904376997883815099845702	2634644	-1,0,0,0,0,0,0,0,0,0	8,0,0,0,0,0	ok
-1.983486	-18.640534	-47.854240	0.838991	continued:5	131504586847961235687181874578063117114329409897631406061666638548823646371904376997883815099845702	2634644	-1,0,0,0,0,0,0,0,0,0	8,0,0,0,0,0	ok
-1.980651	-18.640534	-48.619716	0.836867	continued:5	131504586847961235687181874578063117114329409897631406061666638548823646371904376997883815099845702	2634644	-1,0,0,0,0,0,0,0,0,0	8,0,0,0,0,0	ok
-1.977815	-18.640534	-49.331822	0.836031	continued:5	131504586847961235687181874578063117114329409897631406061666638548823646371904376997883815099845702	2634644	-1,0,0,0,0,0,0,0,0,0	8,0,0,0,0,0	ok
-1.974979	-18.640534	-49.973786	0.835657	full	131504586847961235687181874578063117114329409897631406061666638548823646371904376997883815099845702	2634644	-1,0,0,0,0,0,0,0,0,0	8,0,0,0,0,0	ok
-1.972143	-18.640534	-46.283606	0.842781	continued:5	131504586847961235687181874578063117114329409897631406061666638548823646371904376997883815099845702	2634644	-1,0,0,0,0,0,0,0,0,0	8,0,0,0,0,0	ok
-1.969308	-18.640534	-47.108656	0.839988	continued:5	131504586847961235687181874578063117114329409897631406061666638548823646371904376997883815099845702	2634644	-1,0,0,0,0,0,0,0,0,0	8,0,0,0,0,0	ok
-1.966472	-18.640534	-47.906312	0.837194	continued:5	131504586847961235687181874578063117114329409897631406061666638548823646371904376997883815099845702	2634644	-1,0,0,0,0,0,0,0,0,0	8,0,0,0,0,0	ok
-1.963636	-18.640534	-48.665401	0.835070	continued:5	131504586847961235687181874578063117114329409897631406061666638548823646371904376997883815099845702	2634644	-1,0,0,0,0,0,0,0,0,0	8,0,0,0,0,0	ok
-1.960801	-18.640534	-49.370074	0.834234	continued:5	131504586847961235687181874578063117114329409897631406061666638548823646371904376997883815099845702	2634644	-1,0,0,0,0,0,0,0,0,0	8,0,0,0,0,0	ok
-1.957965	-18.640534	-50.004089	0.833860	full	131504586847961235687181874578063117114329409897631406061666638548823646371904376997883815099845702	2634644	-1,0,0,0,0,0,0,0,0,0	8,0,0,0,0,0	ok
-1.955129	-18.640534	-46.338295	0.840775	continued:5	131504586847961235687181874578063117114329409897631406061666638548823646371904376997883815099845702	2634644	-1,0,0,0,0,0,0,0,0,0	8,0,0,0,0,0	ok
-1.952294	-18.640534	-47.162289	0.837982	continued:5	131504586847961235687181874578063117114329409897631406061666638548823646371904376997883815099845702	2634644	-1,0,0,0,0,0,0,0,0,0	8,0,0,0,0,0	ok
-1.949458	-18.640534	-47.956950	0.835189	continued:5	131504586847961235687181874578063117114329409897631406061666638548823646371904376997883815099845702	2634644	-1,0,0,0,0,0,0,0,0,0	8,0,0,0,0,0	ok
-1.946622	-18.640534	-48.711347	0.833271	continued:5	5695183504495988991042170	2634644	-1,0,0,0,0,0,0,0	8,0,0,0,0,0	ok
-1.943786	-18.640534	-49.408470	0.832435	continued:5	16217557574922386301420542667438374088396792810839	2634644	-1,0,0,0,0,0,0,0,0	8,0,0,0,0,0	ok
-1.940951	-18.640534	-50.034467	0.832061	full	131504586847961235687181874578063117114329409897631406061666638548823646371904376997883815099845702	2634644	-1,0,0,0,0,0,0,0,0,0	8,0,0,0,0,0	ok
-1.938115	-18.640534	-45.568875	0.841540	continued:5	131504586847961235687181874578063117114329409897647623619241560935125066908876631867479597863393264	2634644	1,0,0,0,0,0,0,0,0,0	8,0,0,0,0,0	ok
-1.935279	-18.640534	-46.411194	0.838747	continued:5	131504586847961235687181874578063117114329409897631406061666638548823646371904376997883815099845702	2634644	-1,0,0,0,0,0,0,0,0,0	8,0,0,0,0,0	ok
-1.932444	-18.640534	-47.230236	0.835953	continued:5	16217557574922386301420542667438374088396792810839	2634644	-1,0,0,0,0,0,0,0,0	8,0,0,0,0,0	ok
-1.929608	-18.640534	-48.018063	0.833160	continued:5	16217557574922386301420542667438374088396792810839	2634644	-1,0,0,0,0,0,0,0,0	8,0,0,0,0,0	ok
-1.926772	-18.640534	-48.764064	0.831035	continued:5	131504586847961235687181874578063117114329409897631406061666638548823646371904376997883815099845702	2634644	-1,0,0,0,0,0,0,0,0,0	8,0,0,0,0,0	ok
-1.923937	-18.640534	-49.453396	0.830327	continued:5	131504586847961235687181874578063117114329409897631406061666638548823646371904376997883815099845702	2634644	-1,0,0,0,0,0,0,0,0,0	8,0,0,0,0,0	ok
-1.921101	-18.640534	-50.070003	0.829953	full	16217557574922386301420542667438374088396792810839	2634644	-1,0,0,0,0,0,0,0,0	8,0,0,0,0,0	ok
-1.918265	-18.640534	-45.635870	0.839227	continued:5	5695183504499363952821063	2634644	1,0,0,0,0,0,0,0	8,0,0,0,0,0	ok
-1.915430	-18.640534	-46.478168	0.836433	continued:5	16217557574922386301420542667438374088396792810839	2634644	-1,0,0,0,0,0,0,0,0	8,0,0,0,0,0	ok
-1.912594	-18.640534	-47.295030	0.833640	continued:5	5695183504495988991042170	2634644	-1,0,0,0,0,0,0,0	8,0,0,0,0,0	ok
-1.909758	-18.640534	-48.078505	0.830847	continued:5	16217557574922386301420542667438374088396792810839	2634644	-1,0,0,0,0,0,0,0,0	8,0,0,0,0,0	ok
-1.906922	-18.640534	-48.818313	0.828929	continued:5	16217557574922386301420542667438374088396792810839	2634644	-1,0,0,0,0,0,0,0,0	8,0,0,0,0,0	ok
-1.904087	-18.640534	-49.498554	0.828220	continued:5	3374964376952	2634644	-1,0,0,0,0,0,0	8,0,0,0,0,0	ok
-1.901251	-18.640534	-50.105646	0.827847	full	16217557574922386301420542667438374088396792810839	2634644	-1,0,0,0,0,0,0,0,0	8,0,0,0,0,0	ok
-1.898415	-18.640534	-45.712187	0.837101	continued:5	131504586847961235687181874578063117114329409897647623619241560935125066908876631867479597863393264	2634644	1,0,0,0,0,0,0,0,0,0	8,0,0,0,0,0	ok
-1.895580	-18.640534	-46.551757	0.834307	continued:5	5695183504495988991042170	2634644	-1,0,0,0,0,0,0,0	8,0,0,0,0,0	ok
-1.892744	-18.640534	-47.363994	0.831514	continued:5	16217557574922386301420542667438374088396792810839	2634644	-1,0,0,0,0,0,0,0,0	8,0,0,0,0,0	ok
-1.889908	-18.640534	-48.140921	0.828720	continued:5	16217557574922386301420542667438374088396792810839	2634644	-1,0,0,0,0,0,0,0,0	8,0,0,0,0,0	ok
-1.887073	-18.640534	-48.872622	0.826803	continued:5	131504586847961235687181874578063117114329409897631406061666638548823646371904376997883815099845702	2634644	-1,0,0,0,0,0,0,0,0,0	8,0,0,0,0,0	ok
-1.884237	-18.640534	-49.543774	0.826094	continued:5	16217557574922386301420542667438374088396792810839	2634644	-1,0,0,0,0,0,0,0,0	8,0,0,0,0,0	ok
-1.881401	-18.640534	-50.141398	0.825720	full	5695183504495988991042170	2634644	-1,0,0,0,0,0,0,0	8,0,0,0,0,0	ok
-1.878565	-18.640534	-45.784700	0.834846	continued:5	3374966975014	2634644	1,0,0,0,0,0,0	8,0,0,0,0,0	ok
-1.875730	-18.640534	-46.622792	0.832053	continued:5	3374964376952	2634644	-1,0,0,0,0,0,0	8,0,0,0,0,0	ok
-1.872894	-18.640534	-47.431489	0.829260	continued:5	3374964376952	2634644	-1,0,0,0,0,0,0	8,0,0,0,0,0	ok
-1.870058	-18.640534	-48.202849	0.826466	continued:5	16217557574922386301420542667438374088396792810839	2634644	-1,0,0,0,0,0,0,0,0	8,0,0,0,0,0	ok
-1.867223	-18.640534	-48.927339	0.824676	continued:5	131504586847961235687181874578063117114329409897631406061666638548823646371904376997883815099845702	2634644	-1,0,0,0,0,0,0,0,0,0	8,0,0,0,0,0	ok
-1.864387	-18.640534	-49.589219	0.823968	continued:5	3374964376952	2634644	-1,0,0,0,0,0,0	8,0,0,0,0,0	ok
-1.861551	-18.640534	-50.177262	0.823594	full	3374964376952	2634644	-1,0,0,0,0,0,0	8,0,0,0,0,0	ok
-1.858716	-18.640534	-45.856015	0.832596	continued:5	3374966975014	2634644	1,0,0,0,0,0,0	8,0,0,0,0,0	ok
-1.855880	-18.640534	-46.692395	0.829802	continued:5	3374964376952	2634644	-1,0,0,0,0,0,0	8,0,0,0,0,0	ok
-1.853044	-18.640534	-47.497342	0.827009	continued:5	3374964376952	2634644	-1,0,0,0,0,0,0	8,0,0,0,0,0	ok
-1.850209	-18.640534	-48.262992	0.824216	continued:5	3374964376952	2634644	-1,0,0,0,0,0,0	8,0,0,0,0,0	ok
-1.847373	-18.640534	-48.980216	0.822425	continued:5	3374964376952	2634644	-1,0,0,0,0,0,0	8,0,0,0,0,0	ok
-1.844537	-18.640534	-49.633849	0.821717	continued:5	3374964376952	2634644	-1,0,0,0,0,0,0	8,0,0,0,0,0	ok
-1.841701	-18.640534	-50.213240	0.820802	full	3374964376952	4539472670	-1,0,0,0,0,0,0	8,0,0,0,0,-1	ok
-1.838866	-18.640534	-45.934234	0.830420	continued:5	3374964376952	3470	-1,0,0,0,0,0,0	8,0,0,0,0	ok
-1.836030	-18.640534	-46.767435	0.827627	continued:5	3374964376952	44845169	-1,0,0,0,0,0,0	8,0,0,0,1	ok
-1.833194	-18.640534	-47.567278	0.824833	continued:5	3374964376952	274761568112233487	-1,0,0,0,0,0,0	8,0,0,0,3	ok
-1.830359	-18.640534	-48.325989	0.822040	continued:5	3374964376952	27368885	-1,0,0,0,0,0,0	8,0,0,-1,0,0	ok
-1.827523	-18.640534	-49.034867	0.820250	continued:5	3374964376952	603335	-1,0,0,0,0,0,0	8,0,0,1,0	ok
-1.824687	-18.640534	-49.679340	0.819542	continued:5	2600339	13026084153641812026576806015	-1,0,0,0,0,0	8,0,0,1,7	ok
-1.821852	-18.640534	-50.249335	0.817958	full	4538043545	7659568319	-1,0,0,0,0,-1	8,0,0,3,0	ok
-1.819016	-18.640534	-46.019088	0.828313	continued:5	171642627464	67836579319264016612	-1,0,0,0,1,0	8,0,0,5,3	ok
-1.816180	-18.640534	-46.847687	0.825520	continued:5	47292757827343789120364484836490260159900503882131349589	423096465277694	-1,0,0,0,0,7	8,0,0,7,0	ok
-1.813344	-18.640534	-47.641115	0.822727	continued:5	31288144257776714	4800335	-1,0,0,0,1,0,0	8,0,-1,0,0,0	ok
-1.810509	-18.640534	-48.391700	0.819933	continued:5	125223846759324228839	25862	-1,0,0,0,-2,1	8,0,1,0,0	ok
-1.807673	-18.640534	-49.091200	0.818143	continued:5	28872261483672049143827	290948921153366312	-1,0,0,0,4,0	8,0,1,0,3	ok
-1.804837	-18.640534	-49.725647	0.817435	continued:5	11278141244277937094217735077	25614887	-1,0,0,0,-7,0	8,0,1,-2,0	ok
-1.802002	-18.640534	-50.285547	0.815103	full	115456487310412649100170870	480620675075762	-1,0,0,1,0,2	8,0,1,7,0	ok
-1.799166	-18.640534	-46.087691	0.825911	continued:5	6667659115889	232104269	-1,0,0,3,-1,0	8,0,2,0,1	ok
-1.796330	-18.640534	-46.915433	0.823117	continued:5	1930099514	20247355665269	-1,0,0,-2,0,0	8,0,2,6	ok
-1.793495	-18.640534	-47.705822	0.820324	continued:5	3378046775331094773305	148307237	-1,0,0,2,4	8,0,3,-2,0	ok
-1.790659	-18.640534	-48.451385	0.817531	continued:5	430239553254418514	52818439199837666030	-1,0,0,4,0,1	8,0,4,1,-4	ok
-1.787823	-18.640534	-49.144333	0.815947	continued:5	2656593764548975139	903273740	-1,0,0,-6,0,1	8,0,5,1,-1	ok
-1.784987	-18.640534	-49.769679	0.815032	continued:5	8084329089480148514	3059770862	-1,0,0,-7,0,1	8,0,6,0,1	ok
-1.782152	-18.640534	-50.321879	0.812239	full	47292780480781469887749955602706116224091796686288274610	4178441817362	-1,0,-1,0,0,7	8,0,6,5	ok
-1.779316	-18.640534	-45.861986	0.824570	continued:5	49023549322555239414815185975681135588695910712631080989	4022461955	1,0,1,-7,0,7	8,0,-7,0,1	ok
-1.776480	-18.640534	-46.699259	0.821777	continued:5	265821066739254674518036034522350277	1070860304890941707388919685	-1,0,1,0,-7,2	8,0,7,0,-7	ok
-1.773645	-18.640534	-47.499019	0.818984	continued:5	705600779856413874061878303752	2231955062	-1,0,1,0,7,-1	8,0,7,-2,0	ok
-1.770809	-18.640534	-48.254948	0.816190	continued:5	47440542237417651422367955540516127	5231685713525	-1,0,1,2,0,3	8,0,7,5	ok
-1.767973	-18.640534	-48.959414	0.814066	continued:5	862593248022466838016019652	992865312181937	-1,0,1,6,6	8,0,7,7,0	ok
-1.765138	-18.640534	-49.601168	0.813230	continued:5	3776693248652	6946845240	-1,0,-2,1,1,0	8,-1,-7,2,0	ok
-1.762302	-18.640534	-50.168527	0.812856	full	141662985646921422772284275	15250894639887	-1,0,2,1,6	8,-1,0,-6,0	ok
-1.759466	-18.640534	-45.934808	0.822195	continued:5	98082839797998293245484839	17357239877172377822351494437	1,0,6,0,6	8,-1,0,2,7	ok
-1.756631	-18.640534	-46.770838	0.819402	continued:5	17536797186120268842300516377	3417164385888798495596937	-1,0,4,2,7	8,-1,0,4,5	ok
-1.753795	-18.640534	-47.567275	0.816608	continued:5	23243595038411540799765780140	150391914338744	-1,0,4,3,7	8,1,0,-7,0	ok
-1.750959	-18.640534	-48.317917	0.813815	continued:5	546789199937723785439593086377830828573752238641404714	67892679497340322718831842754	-1,0,5,-1,0,-7	8,1,0,7,7	ok
-1.748123	-18.640534	-49.015558	0.811897	continued:5	1943472174973565	1274690709860807717403465	-1,0,5,-8,0	8,1,1,2,5	ok
-1.745288	-18.640534	-49.647894	0.811061	continued:5	172449702551777	8448089	-1,0,6,4,-1,0	8,1,2,1,0	ok
-1.742452	-18.640534	-50.205701	0.810687	full	9698589047960412348573681089	1057269293620627996212728150	-1,0,6,7,-7	8,1,-4,0,-7	ok
-1.739616	-18.640534	-46.018664	0.820024	continued:5	393507777085502	10911440	-1,0,7,-7,0	8,1,6,0	ok
-1.736781	-18.640534	-46.850296	0.817231	continued:5	17672532498886230246530052377	18730244	-1,0,7,2,7	8,1,-7,0	ok
-1.733945	-18.640534	-47.640587	0.814438	continued:5	2213284888951296759177614	5248153639884	-1,0,7,3,5	8,1,7,5	ok
-1.731109	-18.640534	-48.383446	0.811644	continued:5	561802065411898325	368891209892309	-1,0,7,6,2	8,1,7,7	ok
-1.728274	-18.640534	-49.072110	0.809726	continued:5	2525686055401514	368891209892309	-1,0,7,7,-1	8,1,7,7	ok
-1.725438	-18.640534	-49.694857	0.808891	continued:5	1237446803691379130229372305	139756921487762	-1,0,7,7,6	8,-2,0,7	ok
-1.722602	-18.640534	-50.243009	0.808517	full	68931363732964512425669182502	757744896835210460772770	-1,0,7,7,7	8,2,1,1,5	ok
-1.719766	-18.640534	-46.096381	0.817717	continued:5	67892669493772834279431252252	215074494790545	-1,-1,0,7,7	8,2,3,7	ok
-1.716931	-18.640534	-46.925153	0.814924	continued:5	13289095904678725129518056000	1270911720	-1,0,-8,1,7	8,2,-7,2	ok
-1.714095	-18.640534	-47.710656	0.812130	continued:5	13289095904678725129518056000	369291715801370	-1,0,-8,1,7	8,2,7,7	ok
-1.711259	-18.640534	-48.446974	0.809337	continued:5	151025440040843875830993188818298876356942991537162757759	938085581344220	-1,-1,-3,-1,2,7	8,2,7,-8	ok
-1.708424	-18.640534	-49.127804	0.807419	continued:5	266137043724239481771294534154203064977128936912087593784	10226686287054	-1,-1,-1,1,3,7	8,-3,1,2,-2	ok
-1.705588	-18.640534	-49.741996	0.806711	continued:5	9893796398507197530492031580748326310499195431077390	325702380140	-1,-1,-1,-1,1,6	8,3,6,4	ok
-1.702752	-18.640534	-50.280451	0.806337	full	112976528098711446523440702	369692547774050	-1,-1,1,-7,-6	8,3,7,7	ok
-1.699917	-18.640534	-46.183345	0.815535	continued:5	6396746083165359	443576973200	-1,1,7,-7,1	8,-4,7,4	ok
-1.697081	-18.640534	-47.006985	0.812741	continued:5	78171437226840223241635485230	171819437	-1,1,5,-8,7	8,4,-4,2	ok
-1.694245	-18.640534	-47.785653	0.809948	continued:5	52857299006114631507505598130	370093705987289	-1,1,6,6,7	8,4,7,7	ok
-1.691410	-18.640534	-48.513613	0.807155	continued:5	13253767247328552746174163455	394980995859437	-1,1,-7,1,7	8,4,-8,7	ok
-1.688574	-18.640534	-49.185042	0.805237	continued:5	1237447796150165585688633699	187520658461120	-1,1,7,7,6	8,5,2,7	ok
-1.685738	-18.640534	-49.789371	0.804529	continued:5	68931383969220990001767139905	16714070807762	-1,1,7,7,7	8,5,7,-6	ok
-1.682902	-18.640534	-50.318029	0.804155	full	443797464349492109550367435530	370495190618075	-1,1,7,7,-8	8,5,7,7	ok
-1.680067	-18.640534	-46.266247	0.813221	continued:5	6400148946987600	2459283762	-1,2,7,-7,1	8,5,-8,2	ok
-1.677231	-18.640534	-47.086066	0.810428	continued:5	54128849519508752	4079780	-1,-2,-2,-5,2	8,-6,-2,-2	ok
-1.674395	-18.640534	-47.859047	0.807634	continued:5	113523546061410958435223429	4262445213395	-1,-2,2,-7,-6	8,6,6,5	ok
-1.671560	-18.640534	-48.579686	0.804841	continued:5	1233023897797948671081845499	370897001843444	-1,2,6,7,6	8,6,7,7	ok
-1.668724	-18.640534	-49.242655	0.803051	continued:5	68931404205481923162747069015	370897001843444	-1,2,7,7,7	8,6,7,7	ok
-1.665888	-18.640534	-49.836967	0.802342	continued:5	498345709249267684718589963000	941314614207434	-1,2,7,-8,-8	8,6,7,-8	ok
-1.663053	-18.640534	-50.355742	0.801969	full	30918664238252938754338332909	941314614207434	-1,2,-8,4,7	8,6,7,-8	ok
-1.660217	-18.640534	-46.347282	0.810824	continued:5	30844701699207568028644291877	53975701935545	-1,4,-7,4,7	8,6,-8,6	ok
-1.657381	-18.640534	-47.163938	0.808031	continued:5	78505614347870672093656100630	37383486314	-1,3,7,-8,7	8,6,-8,3	ok
-1.654545	-18.640534	-47.931800	0.805237	continued:5	713900044376204674595	284718503339	-1,3,7,-8,3	8,-7,-6,4	ok
-1.651710	-18.640534	-48.645641	0.802444	continued:5	3874894152013111867542109625	31855277829	-1,-4,-4,4,-7	8,-7,-4,-4	ok
-1.648874	-18.640534	-49.300642	0.800860	continued:5	443797709722867639693521042084	206348837304	-1,4,7,7,-8	8,-7,-5,4	ok
-1.646038	-18.640534	-49.884783	0.800152	continued:5	444178856458397623948981302254	325502496762584	-1,4,-8,7,-8	8,7,6,7	ok
-1.643203	-18.640534	-50.393590	0.799778	full	275519663980961608028286297230	837946801422344	-1,-5,-5,5,-8	8,7,6,-8	ok
-1.640367	-18.640534	-46.439542	0.808630	continued:5	17585869463506927878645014	139466936312625	-1,-6,5,-8,5	8,7,7,-7	ok
-1.637531	-18.640534	-47.249771	0.805837	continued:5	69006187369484958523996777959	371299139840480	-1,5,-8,7,7	8,7,7,7	ok
-1.634696	-18.640534	-48.009616	0.803043	continued:5	277029644377856683736009481930	371299139840480	-1,5,-8,5,-8	8,7,7,7	ok
-1.631860	-18.640534	-48.714126	0.800250	continued:5	443036397245491872702450969425	371299139840480	-1,-6,6,7,-8	8,7,7,7	ok
-1.629024	-18.640534	-49.359009	0.798666	continued:5	443797873305174520488383070395	942123173356355	-1,6,7,7,-8	8,7,7,-8	ok
-1.626188	-18.640534	-49.932821	0.797958	continued:5	78505681276881399695785755014	942123173356355	-1,6,7,-8,7	8,7,7,-8	ok
-1.623353	-18.640534	-50.431574	0.797584	full	1461805550074042558773273074	942123173356355	-1,6,7,-8,6	8,7,7,-8	ok
-1.620517	-18.640534	-46.526763	0.806270	continued:5	78505692431720681551345346304	942123173356355	-1,-7,7,-8,7	8,7,7,-8	ok
-1.617681	-18.640534	-47.332282	0.803476	continued:5	351387765567213437173181074685	942123173356355	-1,6,-8,6,-8	8,7,7,-8	ok
-1.614846	-18.640534	-48.085618	0.800683	continued:5	351387765567213437173181074685	942123173356355	-1,6,-8,6,-8	8,7,7,-8	ok
-1.612010	-18.640534	-48.782152	0.798017	continued:5	443797914200758306609053914334	942123173356355	-1,-7,7,7,-8	8,7,7,-8	ok
-1.609174	-18.640534	-49.417087	0.796434	continued:5	8375026989470781121367460749	942123173356355	-1,-7,-7,-7,-7	8,7,7,-8	ok
-1.606339	-18.640534	-49.980775	0.795726	continued:5	68931495268711260267606939459	998344874853929	-1,-7,7,7,7	8,7,-8,-8	ok
-1.603503	-18.640534	-50.469693	0.795224	full	443797914200758306609053914334	396246705718154	-1,-7,7,7,-8	8,7,-8,7	ok
-1.600667	-18.640534	-46.614118	0.803905	continued:5	78505703586561152146712428260	396246705718154	-1,7,7,-8,7	8,7,-8,7	ok
-1.597832	-18.640534	-47.414623	0.801111	continued:5	78505703586561152146712428260	396246705718154	-1,7,7,-8,7	8,7,-8,7	ok
-1.594996	-18.640534	-48.161198	0.798318	continued:5	78505703586561152146712428260	396246705718154	-1,7,7,-8,7	8,7,-8,7	ok
-1.592160	-18.640534	-48.849580	0.795653	continued:5	78505703586561152146712428260	396246705718154	-1,7,7,-8,7	8,7,-8,7	ok
-1.589324	-18.640534	-49.475521	0.794197	continued:5	78505703586561152146712428260	396246705718154	-1,7,7,-8,7	8,7,-8,7	ok
-1.586489	-18.640534	-50.028939	0.793488	continued:5	78505703586561152146712428260	396246705718154	-1,7,7,-8,7	8,7,-8,7	ok
-1.583653	-18.640534	-50.507946	0.792239	full	78505703586561152146712428260	396246705718154	-1,7,7,-8,7	8,7,-8,7	ok
-1.580817	-18.640534	-46.705997	0.801578	continued:5	444179101989908488653497105189	396246705718154	-1,7,-8,7,-8	8,7,-8,7	ok
-1.577982	-18.640534	-47.500357	0.798785	continued:5	444179101989908488653497105189	396246705718154	-1,7,-8,7,-8	8,7,-8,7	ok
-1.575146	-18.640534	-48.239166	0.795992	continued:5	444179101989908488653497105189	396246705718154	-1,7,-8,7,-8	8,7,-8,7	ok
-1.572310	-18.640534	-48.918541	0.793326	continued:5	444179101989908488653497105189	396246705718154	-1,7,-8,7,-8	8,7,-8,7	ok
-1.569475	-18.640534	-49.534788	0.791870	continued:5	444179101989908488653497105189	396246705718154	-1,7,-8,7,-8	8,7,-8,7	ok
-1.566639	-18.640534	-50.078383	0.791369	continued:5	444179101989908488653497105189	396246705718154	-1,7,-8,7,-8	8,7,-8,7	ok
-1.563803	-18.640534	-50.546332	0.789244	full	444179101989908488653497105189	396246705718154	-1,7,-8,7,-8	8,7,-8,7	ok
-1.560967	-18.640534	-46.451370	0.800182	continued:5	444179101989908488653497105189	396246705718154	-1,7,-8,7,-8	8,7,-8,7	ok
-1.558132	-18.640534	-47.263469	0.797388	continued:5	444179101989908488653497105189	396246705718154	-1,7,-8,7,-8	8,7,-8,7	ok
-1.555296	-18.640534	-48.019488	0.794595	continued:5	444179101989908488653497105189	396246705718154	-1,7,-8,7,-8	8,7,-8,7	ok
-1.552460	-18.640534	-48.716086	0.791802	continued:5	444179101989908488653497105189	396246705718154	-1,7,-8,7,-8	8,7,-8,7	ok
-1.549625	-18.640534	-49.350422	0.790011	continued:5	444179101989908488653497105189	396246705718154	-1,7,-8,7,-8	8,7,-8,7	ok
-1.546789	-18.640534	-49.913810	0.789176	continued:5	444179101989908488653497105189	396246705718154	-1,7,-8,7,-8	8,7,-8,7	ok
-1.543953	-18.640534	-50.402240	0.789343	full	444179101989908488653497105189	396246705718154	-1,7,-8,7,-8	8,7,-8,7	ok
-1.541118	-18.640534	-46.545205	0.797925	continued:5	444179101989908488653497105189	396246705718154	-1,7,-8,7,-8	8,7,-8,7	ok
-1.538282	-18.640534	-47.350482	0.795131	continued:5	444179101989908488653497105189	396246705718154	-1,7,-8,7,-8	8,7,-8,7	ok
-1.535446	-18.640534	-48.098227	0.792338	continued:5	444179101989908488653497105189	396246705718154	-1,7,-8,7,-8	8,7,-8,7	ok
-1.532611	-18.640534	-48.785406	0.789544	continued:5	444179101989908488653497105189	396246705718154	-1,7,-8,7,-8	8,7,-8,7	ok
-1.529775	-18.640534	-49.409695	0.787754	continued:5	444179101989908488653497105189	396246705718154	-1,7,-8,7,-8	8,7,-8,7	ok
-1.526939	-18.640534	-49.962952	0.786918	continued:5	444179101989908488653497105189	396246705718154	-1,7,-8,7,-8	8,7,-8,7	ok
-1.524103	-18.640534	-50.441608	0.786544	full	444179101989908488653497105189	396246705718154	-1,7,-8,7,-8	8,7,-8,7	ok
-1.521268	-18.640534	-46.638719	0.795563	continued:5	444179101989908488653497105189	396246705718154	-1,7,-8,7,-8	8,7,-8,7	ok
-1.518432	-18.640534	-47.437874	0.792769	continued:5	444179101989908488653497105189	396246705718154	-1,7,-8,7,-8	8,7,-8,7	ok
-1.515596	-18.640534	-48.177934	0.789976	continued:5	444179101989908488653497105189	396246705718154	-1,7,-8,7,-8	8,7,-8,7	ok
-1.512761	-18.640534	-48.856214	0.787310	continued:5	444179101989908488653497105189	396457952765687	-1,7,-8,7,-8	8,-8,-8,7	ok
-1.509925	-18.640534	-49.469879	0.785520	continued:5	444179101989908488653497105189	396457952765687	-1,7,-8,7,-8	8,-8,-8,7	ok
-1.507089	-18.640534	-50.012561	0.784684	continued:5	444179101989908488653497105189	396457952765687	-1,7,-8,7,-8	8,-8,-8,7	ok
-1.504254	-18.640534	-50.481116	0.784310	full	444179101989908488653497105189	396457952765687	-1,7,-8,7,-8	8,-8,-8,7	ok
-1.501418	-18.640534	-46.731251	0.793206	continued:5	444179101989908488653497105189	396457952765687	-1,7,-8,7,-8	8,-8,-8,7	ok
-1.498582	-18.640534	-47.523983	0.790412	continued:5	444179101989908488653497105189	396457952765687	-1,7,-8,7,-8	8,-8,-8,7	ok
-1.495746	-18.640534	-48.256131	0.787619	continued:5	444179101989908488653497105189	998767320547562	-1,7,-8,7,-8	8,-8,-8,-8	ok
-1.492911	-18.640534	-48.925386	0.784953	continued:5	444179101989908488653497105189	998767320547562	-1,7,-8,7,-8	8,-8,-8,-8	ok
-1.490075	-18.640534	-49.529447	0.783163	continued:5	498767991019499945485797460020	998767320547562	-1,7,-8,-8,-8	8,-8,-8,-8	ok
-1.487239	-18.640534	-50.062474	0.782455	continued:5	498767991019499945485797460020	998767320547562	-1,7,-8,-8,-8	8,-8,-8,-8	ok
-1.484404	-18.640534	-50.520764	0.782081	full	498767991019499945485797460020	998767320547562	-1,7,-8,-8,-8	8,-8,-8,-8	ok
-1.481568	-18.640534	-46.824157	0.790770	continued:5	444179142911836862642580612419	998767320547562	-1,-8,-8,7,-8	8,-8,-8,-8	ok
-1.478732	-18.640534	-47.610839	0.787976	continued:5	498768035658188838763056363530	998767320547562	-1,-8,-8,-8,-8	8,-8,-8,-8	ok
-1.475897	-18.640534	-48.335387	0.785183	continued:5	498768035658188838763056363530	998767320547562	-1,-8,-8,-8,-8	8,-8,-8,-8	ok
-1.473061	-18.640534	-48.995905	0.782517	continued:5	498768035658188838763056363530	998767320547562	-1,-8,-8,-8,-8	8,-8,-8,-8	ok
-1.470225	-18.640534	-49.590637	0.780934	continued:5	498768035658188838763056363530	998767320547562	-1,-8,-8,-8,-8	8,-8,-8,-8	ok
-1.467389	-18.640534	-50.112642	0.780225	continued:5	498768035658188838763056363530	998767320547562	-1,-8,-8,-8,-8	8,-8,-8,-8	ok
-1.464554	-18.640534	-50.560548	0.779852	full	498768035658188838763056363530	998767320547562	-1,-8,-8,-8,-8	8,-8,-8,-8	ok
-1.461718	-18.640534	-46.921683	0.788327	continued:5	498768035658188838763056363530	998767320547562	-1,-8,-8,-8,-8	8,-8,-8,-8	ok
-1.458882	-18.640534	-47.701522	0.785534	continued:5	498768035658188838763056363530	998767320547562	-1,-8,-8,-8,-8	8,-8,-8,-8	ok
-1.456047	-18.640534	-48.417762	0.782741	continued:5	498768035658188838763056363530	998767320547562	-1,-8,-8,-8,-8	8,-8,-8,-8	ok
-1.453211	-18.640534	-49.068937	0.780282	continued:5	498768035658188838763056363530	998767320547562	-1,-8,-8,-8,-8	8,-8,-8,-8	ok
-1.450375	-18.640534	-49.652164	0.778698	continued:5	498768035658188838763056363530	998767320547562	-1,-8,-8,-8,-8	8,-8,-8,-8	ok
-1.447540	-18.640534	-50.163011	0.777990	continued:5	498768035658188838763056363530	998767320547562	-1,-8,-8,-8,-8	8,-8,-8,-8	ok
-1.444704	-18.640534	-50.600468	0.777616	full	498768035658188838763056363530	998767320547562	-1,-8,-8,-8,-8	8,-8,-8,-8	ok
-1.441868	-18.640534	-47.016077	0.785893	continued:5	498768035658188838763056363530	998767320547562	-1,-8,-8,-8,-8	8,-8,-8,-8	ok
-1.439033	-18.640534	-47.788969	0.783099	continued:5	498768035658188838763056363530	998767320547562	-1,-8,-8,-8,-8	8,-8,-8,-8	ok
-1.436197	-18.640534	-48.496880	0.780306	continued:5	498768035658188838763056363530	998767320547562	-1,-8,-8,-8,-8	8,-8,-8,-8	ok
-1.433361	-18.640534	-49.138798	0.777847	continued:5	498768035658188838763056363530	998767320547562	-1,-8,-8,-8,-8	8,-8,-8,-8	ok
-1.430525	-18.640534	-49.712383	0.776264	continued:5	498768035658188838763056363530	998767320547562	-1,-8,-8,-8,-8	8,-8,-8,-8	ok
-1.427690	-18.640534	-50.213698	0.775762	continued:5	498768035658188838763056363530	998767320547562	-1,-8,-8,-8,-8	8,-8,-8,-8	ok
-1.424854	-18.640534	-50.640520	0.775388	full	498768035658188838763056363530	998767320547562	-1,-8,-8,-8,-8	8,-8,-8,-8	ok
-1.422018	-18.640534	-47.119311	0.783509	continued:5	498768035658188838763056363530	998767320547562	-1,-8,-8,-8,-8	8,-8,-8,-8	ok
-1.419183	-18.640534	-47.883427	0.780716	continued:5	498768035658188838763056363530	998767320547562	-1,-8,-8,-8,-8	8,-8,-8,-8	ok
-1.416347	-18.640534	-48.581391	0.777923	continued:5	498768035658188838763056363530	998767320547562	-1,-8,-8,-8,-8	8,-8,-8,-8	ok
-1.413511	-18.640534	-49.212657	0.775591	continued:5	498768035658188838763056363530	998767320547562	-1,-8,-8,-8,-8	8,-8,-8,-8	ok
-1.410676	-18.640534	-49.774398	0.774008	continued:5	498768035658188838763056363530	998767320547562	-1,-8,-8,-8,-8	8,-8,-8,-8	ok
-1.407840	-18.640534	-50.264381	0.773506	continued:5	498768035658188838763056363530	998767320547562	-1,-8,-8,-8,-8	8,-8,-8,-8	ok
-1.405004	-18.640534	-50.680703	0.773132	full	498768035658188838763056363530	998767320547562	-1,-8,-8,-8,-8	8,-8,-8,-8	ok
-1.402168	-18.640534	-47.222462	0.781117	continued:5	498768035658188838763056363530	998767320547562	-1,-8,-8,-8,-8	8,-8,-8,-8	ok
-1.399333	-18.640534	-47.977492	0.778324	continued:5	498768035658188838763056363530	998767320547562	-1,-8,-8,-8,-8	8,-8,-8,-8	ok
-1.396497	-18.640534	-48.665285	0.775531	continued:5	498768035658188838763056363530	998767320547562	-1,-8,-8,-8,-8	8,-8,-8,-8	ok
-1.393661	-18.640534	-49.285779	0.773199	continued:5	498768035658188838763056363530	998767320547562	-1,-8,-8,-8,-8	8,-8,-8,-8	ok
-1.390826	-18.640534	-49.836688	0.771744	continued:5	498768035658188838763056363530	998767320547562	-1,-8,-8,-8,-8	8,-8,-8,-8	ok
-1.387990	-18.640534	-50.315232	0.771242	continued:5	498768035658188838763056363530	998767320547562	-1,-8,-8,-8,-8	8,-8,-8,-8	ok
-1.385154	-18.640534	-50.721014	0.770741	full	498768035658188838763056363530	998767320547562	-1,-8,-8,-8,-8	8,-8,-8,-8	ok
-1.382319	-18.640534	-47.329305	0.778715	continued:5	498768035658188838763056363530	998767320547562	-1,-8,-8,-8,-8	8,-8,-8,-8	ok
-1.379483	-18.640534	-48.074519	0.775922	continued:5	498768035658188838763056363530	998767320547562	-1,-8,-8,-8,-8	8,-8,-8,-8	ok
-1.376647	-18.640534	-48.751520	0.773129	continued:5	498768035658188838763056363530	998767320547562	-1,-8,-8,-8,-8	8,-8,-8,-8	ok
-1.373812	-18.640534	-49.360744	0.770876	continued:5	498768035658188838763056363530	998767320547562	-1,-8,-8,-8,-8	8,-8,-8,-8	ok
-1.370976	-18.640534	-49.899805	0.769499	continued:5	498768035658188838763056363530	998767320547562	-1,-8,-8,-8,-8	8,-8,-8,-8	ok
-1.368140	-18.640534	-50.366502	0.768998	continued:5	498768035658188838763056363530	998767320547562	-1,-8,-8,-8,-8	8,-8,-8,-8	ok
-1.365304	-18.640534	-50.761450	0.767621	full	498768035658188838763056363530	998767320547562	-1,-8,-8,-8,-8	8,-8,-8,-8	ok
-1.362469	-18.640534	-47.438172	0.776334	continued:5	498768035658188838763056363530	998767320547562	-1,-8,-8,-8,-8	8,-8,-8,-8	ok
-1.359633	-18.640534	-48.172719	0.773541	continued:5	498768035658188838763056363530	998767320547562	-1,-8,-8,-8,-8	8,-8,-8,-8	ok
-1.356797	-18.640534	-48.838241	0.770748	continued:5	498768035658188838763056363530	998767320547562	-1,-8,-8,-8,-8	8,-8,-8,-8	ok
-1.353962	-18.640534	-49.435679	0.768495	continued:5	498768035658188838763056363530	998767320547562	-1,-8,-8,-8,-8	8,-8,-8,-8	ok
-1.351126	-18.640534	-49.963169	0.767246	continued:5	498768035658188838763056363530	998767320547562	-1,-8,-8,-8,-8	8,-8,-8,-8	ok
-1.348290	-18.640534	-50.417924	0.766745	continued:5	498768035658188838763056363530	998767320547562	-1,-8,-8,-8,-8	8,-8,-8,-8	ok
-1.345455	-18.640534	-50.802008	0.764492	full	498768035658188838763056363530	998767320547562	-1,-8,-8,-8,-8	8,-8,-8,-8	ok
-1.342619	-18.640534	-47.168880	0.775072	continued:5	498768035658188838763056363530	998767320547562	-1,-8,-8,-8,-8	8,-8,-8,-8	ok
-1.339783	-18.640534	-47.927515	0.772279	continued:5	498768035658188838763056363530	998767320547562	-1,-8,-8,-8,-8	8,-8,-8,-8	ok
-1.336947	-18.640534	-48.615813	0.769486	continued:5	498768035658188838763056363530	998767320547562	-1,-8,-8,-8,-8	8,-8,-8,-8	ok
-1.334112	-18.640534	-49.234773	0.767027	continued:5	498768035658188838763056363530	998767320547562	-1,-8,-8,-8,-8	8,-8,-8,-8	ok
-1.331276	-18.640534	-49.783897	0.765236	continued:5	498768035658188838763056363530	998767320547562	-1,-8,-8,-8,-8	8,-8,-8,-8	ok
-1.328440	-18.640534	-50.262327	0.764528	continued:5	498768035658188838763056363530	998767320547562	-1,-8,-8,-8,-8	8,-8,-8,-8	ok
-1.325605	-18.640534	-50.668487	0.764154	full	498768035658188838763056363530	998767320547562	-1,-8,-8,-8,-8	8,-8,-8,-8	ok
-1.322769	-18.640534	-47.273263	0.772601	continued:5	498768035658188838763056363530	998767320547562	-1,-8,-8,-8,-8	8,-8,-8,-8	ok
-1.319933	-18.640534	-48.022838	0.769808	continued:5	498768035658188838763056363530	998767320547562	-1,-8,-8,-8,-8	8,-8,-8,-8	ok
-1.317098	-18.640534	-48.701086	0.767015	continued:5	498768035658188838763056363530	998767275853776	-1,-8,-8,-8,-8	-8,-8,-8,-8	ok
-1.314262	-18.640534	-49.309479	0.764556	continued:5	498768035658188838763056363530	998767275853776	-1,-8,-8,-8,-8	-8,-8,-8,-8	ok
-1.311426	-18.640534	-49.848036	0.762972	continued:5	498768035658188838763056363530	998767275853776	-1,-8,-8,-8,-8	-8,-8,-8,-8	ok
-1.308590	-18.640534	-50.314687	0.762264	continued:5	498768035658188838763056363530	998767275853776	-1,-8,-8,-8,-8	-8,-8,-8,-8	ok
-1.305755	-18.640534	-50.710099	0.761890	full	498768035658188838763056363530	998767275853776	-1,-8,-8,-8,-8	-8,-8,-8,-8	ok
-1.302919	-18.640534	-47.383383	0.770202	continued:5	498768035658188838763056363530	998767275853776	-1,-8,-8,-8,-8	-8,-8,-8,-8	ok
-1.300083	-18.640534	-48.122125	0.767408	continued:5	498768035658188838763056363530	998767275853776	-1,-8,-8,-8,-8	-8,-8,-8,-8	ok
-1.297248	-18.640534	-48.788825	0.764615	continued:5	498768035658188838763056363530	998767275853776	-1,-8,-8,-8,-8	-8,-8,-8,-8	ok
-1.294412	-18.640534	-49.385429	0.762156	continued:5	498768035658188838763056363530	998767275853776	-1,-8,-8,-8,-8	-8,-8,-8,-8	ok
-1.291576	-18.640534	-49.912454	0.760700	continued:5	498768035658188838763056363530	998767275853776	-1,-8,-8,-8,-8	-8,-8,-8,-8	ok
-1.288741	-18.640534	-50.367213	0.759992	continued:5	498768035658188838763056363530	998767275853776	-1,-8,-8,-8,-8	-8,-8,-8,-8	ok
-1.285905	-18.640534	-50.751831	0.759618	full	498768035658188838763056363530	998767275853776	-1,-8,-8,-8,-8	-8,-8,-8,-8	ok
-1.283069	-18.640534	-47.493946	0.767676	continued:5	498768035658188838763056363530	998767275853776	-1,-8,-8,-8,-8	-8,-8,-8,-8	ok
-1.280234	-18.640534	-48.222553	0.764883	continued:5	498768035658188838763056363530	998767275853776	-1,-8,-8,-8,-8	-8,-8,-8,-8	ok
-1.277398	-18.640534	-48.878311	0.762090	continued:5	498768035658188838763056363530	998767275853776	-1,-8,-8,-8,-8	-8,-8,-8,-8	ok
-1.274562	-18.640534	-49.463668	0.759837	continued:5	498768035658188838763056363530	998767275853776	-1,-8,-8,-8,-8	-8,-8,-8,-8	ok
-1.271726	-18.640534	-49.977956	0.758460	continued:5	498768035658188838763056363530	998767275853776	-1,-8,-8,-8,-8	-8,-8,-8,-8	ok
-1.268891	-18.640534	-50.420267	0.757752	continued:5	498768035658188838763056363530	998767275853776	-1,-8,-8,-8,-8	-8,-8,-8,-8	ok
-1.266055	-18.640534	-50.793679	0.757378	full	498768035658188838763056363530	998767275853776	-1,-8,-8,-8,-8	-8,-8,-8,-8	ok
-1.263219	-18.640534	-47.606048	0.765242	continued:5	498768035658188838763056363530	998767275853776	-1,-8,-8,-8,-8	-8,-8,-8,-8	ok
-1.260384	-18.640534	-48.323048	0.762449	continued:5	498768035658188838763056363530	998767275853776	-1,-8,-8,-8,-8	-8,-8,-8,-8	ok
-1.257548	-18.640534	-48.966691	0.759656	continued:5	498768035658188838763056363530	998767275853776	-1,-8,-8,-8,-8	-8,-8,-8,-8	ok
-1.254712	-18.640534	-49.539912	0.757403	continued:5	498768035658188838763056363530	998767275853776	-1,-8,-8,-8,-8	-8,-8,-8,-8	ok
-1.251877	-18.640534	-50.042515	0.756154	continued:5	498768035658188838763056363530	998767275853776	-1,-8,-8,-8,-8	-8,-8,-8,-8	ok
-1.249041	-18.640534	-50.472928	0.755446	continued:5	498768035658188838763056363530	998767275853776	-1,-8,-8,-8,-8	-8,-8,-8,-8	ok
-1.246205	-18.640534	-50.835640	0.755072	full	498768035658188838763056363530	998767275853776	-1,-8,-8,-8,-8	-8,-8,-8,-8	ok
-1.243369	-18.640534	-46.958205	0.765252	continued:5	498768035658188838763056363530	998767275853776	-1,-8,-8,-8,-8	-8,-8,-8,-8	ok
-1.240534	-18.640534	-47.737675	0.762459	continued:5	498768035658188838763056363530	998767275853776	-1,-8,-8,-8,-8	-8,-8,-8,-8	ok
-1.237698	-18.640534	-48.440444	0.759666	continued:5	498768035658188838763056363530	998767275853776	-1,-8,-8,-8,-8	-8,-8,-8,-8	ok
-1.234862	-18.640534	-49.069470	0.756872	continued:5	498768035658188838763056363530	998767275853776	-1,-8,-8,-8,-8	-8,-8,-8,-8	ok
-1.232027	-18.640534	-49.628246	0.754748	continued:5	498768035658188838763056363530	998767275853776	-1,-8,-8,-8,-8	-8,-8,-8,-8	ok
-1.229191	-18.640534	-50.116049	0.753371	continued:5	498768035658188838763056363530	998767275853776	-1,-8,-8,-8,-8	-8,-8,-8,-8	ok
-1.226355	-18.640534	-50.533925	0.752869	continued:5	498768035658188838763056363530	998767275853776	-1,-8,-8,-8,-8	-8,-8,-8,-8	ok
-1.223520	-18.640534	-50.883726	0.752495	full	498768035658188838763056363530	498768035658202821504918316513	-1,-8,-8,-8,-8	-8,-8,-8,-8,-8	ok
-1.220684	-18.640534	-47.102991	0.762328	continued:5	498768035658188838763056363530	498768035658202821504918316513	-1,-8,-8,-8,-8	-8,-8,-8,-8,-8	ok
-1.217848	-18.640534	-47.869771	0.759535	continued:5	498768035658188838763056363530	498768035658202821504918316513	-1,-8,-8,-8,-8	-8,-8,-8,-8,-8	ok
-1.215013	-18.640534	-48.558968	0.756741	continued:5	498768035658188838763056363530	498768035658202821504918316513	-1,-8,-8,-8,-8	-8,-8,-8,-8,-8	ok
-1.212177	-18.640534	-49.173983	0.753948	continued:5	498768035658188838763056363530	498768035658202821504918316513	-1,-8,-8,-8,-8	-8,-8,-8,-8,-8	ok
-1.209341	-18.640534	-49.718887	0.752030	continued:5	498768035658188838763056363530	498768035658202821504918316513	-1,-8,-8,-8,-8	-8,-8,-8,-8,-8	ok
-1.206505	-18.640534	-50.191787	0.750781	continued:5	498768035658188838763056363530	498768035658202821504918316513	-1,-8,-8,-8,-8	-8,-8,-8,-8,-8	ok
-1.203670	-18.640534	-50.595071	0.750279	continued:5	498768035658188838763056363530	498768035658202821504918316513	-1,-8,-8,-8,-8	-8,-8,-8,-8,-8	ok
-1.200834	-18.640534	-50.931945	0.749905	full	498768035658188838763056363530	498768035658202821504918316513	-1,-8,-8,-8,-8	-8,-8,-8,-8,-8	ok
-1.197998	-18.640534	-47.260448	0.759610	continued:5	498768035658188838763056363530	498768035658202821504918316513	-1,-8,-8,-8,-8	-8,-8,-8,-8,-8	ok
-1.195163	-18.640534	-48.010251	0.756817	continued:5	498768035658188838763056363530	498768035658202821504918316513	-1,-8,-8,-8,-8	-8,-8,-8,-8,-8	ok
-1.192327	-18.640534	-48.682260	0.754024	continued:5	498768035658188838763056363530	498768035658202821504918316513	-1,-8,-8,-8,-8	-8,-8,-8,-8,-8	ok
-1.189491	-18.640534	-49.280301	0.751230	continued:5	498768035658188838763056363530	498768035658202821504918316513	-1,-8,-8,-8,-8	-8,-8,-8,-8,-8	ok
-1.186656	-18.640534	-49.808969	0.749312	continued:5	498768035658188838763056363530	498768035658202821504918316513	-1,-8,-8,-8,-8	-8,-8,-8,-8,-8	ok
-1.183820	-18.640534	-50.266810	0.748063	continued:5	498768035658188838763056363530	498768035658202821504918316513	-1,-8,-8,-8,-8	-8,-8,-8,-8,-8	ok
-1.180984	-18.640534	-50.656478	0.747689	continued:5	498768035658188838763056363530	498768035658202821504918316513	-1,-8,-8,-8,-8	-8,-8,-8,-8,-8	ok
-1.178148	-18.640534	-50.980291	0.746312	full	498768035658188838763056363530	498768035658202821504918316513	-1,-8,-8,-8,-8	-8,-8,-8,-8,-8	ok
-1.175313	-18.640534	-47.729324	0.755568	continued:5	498768035658188838763056363530	498768035658202821504918316513	-1,-8,-8,-8,-8	-8,-8,-8,-8,-8	ok
-1.172477	-18.640534	-48.431673	0.752774	continued:5	498768035658188838763056363530	498768035658202821504918316513	-1,-8,-8,-8,-8	-8,-8,-8,-8,-8	ok
-1.169641	-18.640534	-49.057431	0.749981	continued:5	498768035658188838763056363530	498768035658202821504918316513	-1,-8,-8,-8,-8	-8,-8,-8,-8,-8	ok
-1.166806	-18.640534	-49.611183	0.747650	continued:5	498768035658188838763056363530	498768035658202821504918316513	-1,-8,-8,-8,-8	-8,-8,-8,-8,-8	ok
-1.163970	-18.640534	-50.094680	0.746194	continued:5	498768035658188838763056363530	498768035658202821504918316513	-1,-8,-8,-8,-8	-8,-8,-8,-8,-8	ok
-1.161134	-18.640534	-50.508122	0.745358	continued:5	498768035658188838763056363530	498768035658202821504918316513	-1,-8,-8,-8,-8	-8,-8,-8,-8,-8	ok
-1.158299	-18.640534	-50.855646	0.745525	full	498768035658188838763056363530	498768035658202821504918316513	-1,-8,-8,-8,-8	-8,-8,-8,-8,-8	ok
-1.155463	-18.640534	-47.097767	0.755508	continued:5	498768035658188838763056363530	498768035658202821504918316513	-1,-8,-8,-8,-8	-8,-8,-8,-8,-8	ok
-1.152627	-18.640534	-47.866238	0.752715	continued:5	498768035658188838763056363530	498768035658202821504918316513	-1,-8,-8,-8,-8	-8,-8,-8,-8,-8	ok
-1.149791	-18.640534	-48.553315	0.749922	continued:5	498768035658188838763056363530	498768035658202821504918316513	-1,-8,-8,-8,-8	-8,-8,-8,-8,-8	ok
-1.146956	-18.640534	-49.163737	0.747128	continued:5	498768035658188838763056363530	498768035658202821504918316513	-1,-8,-8,-8,-8	-8,-8,-8,-8,-8	ok
-1.144120	-18.640534	-49.702610	0.744876	continued:5	498768035658188838763056363530	498768035658202821504918316513	-1,-8,-8,-8,-8	-8,-8,-8,-8,-8	ok
-1.141284	-18.640534	-50.171489	0.743499	continued:5	498768035658188838763056363530	498768035658202821504918316513	-1,-8,-8,-8,-8	-8,-8,-8,-8,-8	ok
-1.138449	-18.640534	-50.571019	0.742791	continued:5	498768035658188838763056363530	498768035658202821504918316513	-1,-8,-8,-8,-8	-8,-8,-8,-8,-8	ok
-1.135613	-18.640534	-50.905217	0.742417	full	498768035658188838763056363530	498768035658202821504918316513	-1,-8,-8,-8,-8	-8,-8,-8,-8,-8	ok
-1.132777	-18.640534	-47.254151	0.752637	continued:5	498768035658188838763056363530	498768035658202821504918316513	-1,-8,-8,-8,-8	-8,-8,-8,-8,-8	ok
-1.129942	-18.640534	-48.006685	0.749843	continued:5	498768035658188838763056363530	498768035658202821504918316513	-1,-8,-8,-8,-8	-8,-8,-8,-8,-8	ok
-1.127106	-18.640534	-48.677573	0.747050	continued:5	498768035658188838763056363530	498768035658202821504918316513	-1,-8,-8,-8,-8	-8,-8,-8,-8,-8	ok
-1.124270	-18.640534	-49.271959	0.744257	continued:5	498768035658188838763056363530	498768035658202821504918316513	-1,-8,-8,-8,-8	-8,-8,-8,-8,-8	ok
-1.121435	-18.640534	-49.795456	0.742132	continued:5	498768035658188838763056363530	498768035658202821504918316513	-1,-8,-8,-8,-8	-8,-8,-8,-8,-8	ok
-1.118599	-18.640534	-50.248990	0.740883	continued:5	498768035658188838763056363530	498768035658202821504918316513	-1,-8,-8,-8,-8	-8,-8,-8,-8,-8	ok
-1.115763	-18.640534	-50.633698	0.740175	continued:5	498768035658188838763056363530	498768035658202821504918316513	-1,-8,-8,-8,-8	-8,-8,-8,-8,-8	ok
-1.112927	-18.640534	-50.954900	0.739801	full	498768035658188838763056363530	498768035658202821504918316513	-1,-8,-8,-8,-8	-8,-8,-8,-8,-8	ok
-1.110092	-18.640534	-47.410733	0.749742	continued:5	498768035658188838763056363530	498768035658202821504918316513	-1,-8,-8,-8,-8	-8,-8,-8,-8,-8	ok
-1.107256	-18.640534	-48.146850	0.746948	continued:5	498768035658188838763056363530	498768035658202821504918316513	-1,-8,-8,-8,-8	-8,-8,-8,-8,-8	ok
-1.104420	-18.640534	-48.801206	0.744155	continued:5	498768035658188838763056363530	498768035658202821504918316513	-1,-8,-8,-8,-8	-8,-8,-8,-8,-8	ok
-1.101585	-18.640534	-49.379379	0.741362	continued:5	498768035658188838763056363530	498768035658202821504918316513	-1,-8,-8,-8,-8	-8,-8,-8,-8,-8	ok
-1.098749	-18.640534	-49.887473	0.739444	continued:5	498768035658188838763056363530	498768035658202821504918316513	-1,-8,-8,-8,-8	-8,-8,-8,-8,-8	ok
-1.095913	-18.640534	-50.325101	0.738067	continued:5	498768035658188838763056363530	498768035658202821504918316513	-1,-8,-8,-8,-8	-8,-8,-8,-8,-8	ok
-1.093078	-18.640534	-50.696675	0.737565	continued:5	498768035658188838763056363530	498768035658202821504918316513	-1,-8,-8,-8,-8	-8,-8,-8,-8,-8	ok
-1.090242	-18.640534	-51.004685	0.737191	full	498768035658188838763056363530	498768035658202821504918316513	-1,-8,-8,-8,-8	-8,-8,-8,-8,-8	ok
-1.087406	-18.640534	-47.574994	0.746858	continued:5	498768035658188838763056363530	498768035658202821504918316513	-1,-8,-8,-8,-8	-8,-8,-8,-8,-8	ok
-1.084570	-18.640534	-48.292808	0.744064	continued:5	498768035658188838763056363530	498768035658202821504918316513	-1,-8,-8,-8,-8	-8,-8,-8,-8,-8	ok
-1.081735	-18.640534	-48.929073	0.741271	continued:5	498768035658188838763056363530	498768035658202821504918316513	-1,-8,-8,-8,-8	-8,-8,-8,-8,-8	ok
-1.078899	-18.640534	-49.489807	0.738477	continued:5	498768035658188838763056363530	498768035658202821504918316513	-1,-8,-8,-8,-8	-8,-8,-8,-8,-8	ok
-1.076063	-18.640534	-49.981569	0.736687	continued:5	498768035658188838763056363530	498768035658202821504918316513	-1,-8,-8,-8,-8	-8,-8,-8,-8,-8	ok
-1.073228	-18.640534	-50.403260	0.735438	continued:5	498768035658188838763056363530	498768035658202821504918316513	-1,-8,-8,-8,-8	-8,-8,-8,-8,-8	ok
-1.070392	-18.640534	-50.759689	0.734936	continued:5	498768035658188838763056363530	498768035658202821504918316513	-1,-8,-8,-8,-8	-8,-8,-8,-8,-8	ok
-1.067556	-18.640534	-51.054563	0.734563	full	498768035658188838763056363530	498768035658202821504918316513	-1,-8,-8,-8,-8	-8,-8,-8,-8,-8	ok
-1.064721	-18.640534	-47.741557	0.743905	continued:5	498768035658188838763056363530	498768035658202821504918316513	-1,-8,-8,-8,-8	-8,-8,-8,-8,-8	ok
-1.061885	-18.640534	-48.440657	0.741111	continued:5	498768035658188838763056363530	498768035658202821504918316513	-1,-8,-8,-8,-8	-8,-8,-8,-8,-8	ok
-1.059049	-18.640534	-49.058545	0.738318	continued:5	498768035658188838763056363530	498768035658202821504918316513	-1,-8,-8,-8,-8	-8,-8,-8,-8,-8	ok
-1.056214	-18.640534	-49.601702	0.735652	continued:5	498768035658188838763056363530	498768035658202821504918316513	-1,-8,-8,-8,-8	-8,-8,-8,-8,-8	ok
-1.053378	-18.640534	-50.076046	0.733862	continued:5	498768035658188838763056363530	498768035658202821504918316513	-1,-8,-8,-8,-8	-8,-8,-8,-8,-8	ok
-1.050542	-18.640534	-50.482063	0.732819	continued:5	498768035658188838763056363530	498768035658202821504918316513	-1,-8,-8,-8,-8	-8,-8,-8,-8,-8	ok
-1.047706	-18.640534	-50.823004	0.732318	continued:5	498768035658188838763056363530	498768035658202821504918316513	-1,-8,-8,-8,-8	-8,-8,-8,-8,-8	ok
-1.044871	-18.640534	-51.104525	0.731944	full	498768035658188838763056363530	498768035658202821504918316513	-1,-8,-8,-8,-8	-8,-8,-8,-8,-8	ok
-1.042035	-18.640534	-47.903272	0.740787	continued:5	498768035658188838763056363530	498768035658202821504918316513	-1,-8,-8,-8,-8	-8,-8,-8,-8,-8	ok
-1.039199	-18.640534	-48.585159	0.737994	continued:5	498768035658188838763056363530	498768035658202821504918316513	-1,-8,-8,-8,-8	-8,-8,-8,-8,-8	ok
-1.036364	-18.640534	-49.186036	0.735201	continued:5	498768035658188838763056363530	498768035658202821504918316513	-1,-8,-8,-8,-8	-8,-8,-8,-8,-8	ok
-1.033528	-18.640534	-49.712875	0.732742	continued:5	498768035658188838763056363530	498768035658202821504918316513	-1,-8,-8,-8,-8	-8,-8,-8,-8,-8	ok
-1.030692	-18.640534	-50.170293	0.731158	continued:5	498768035658188838763056363530	498768035658202821504918316513	-1,-8,-8,-8,-8	-8,-8,-8,-8,-8	ok
-1.027857	-18.640534	-50.559449	0.730116	continued:5	498768035658188838763056363530	498768035658202821504918316513	-1,-8,-8,-8,-8	-8,-8,-8,-8,-8	ok
-1.025021	-18.640534	-50.885688	0.729614	continued:5	498768035658188838763056363530	498768035658202821504918316513	-1,-8,-8,-8,-8	-8,-8,-8,-8,-8	ok
-1.022185	-18.640534	-51.154559	0.728906	full	498768035658188838763056363530	498768035658202821504918316513	-1,-8,-8,-8,-8	-8,-8,-8,-8,-8	ok
-1.019349	-18.640534	-47.605754	0.739442	continued:5	124384776697171140630079328682461662975044243401923320030869	498768035658202821504918316513	-1,-8,-8,-8,-8,-8	-8,-8,-8,-8,-8	ok
-1.016514	-18.640534	-48.321770	0.736649	continued:5	498768035658188838763056363530	498768035658202821504918316513	-1,-8,-8,-8,-8	-8,-8,-8,-8,-8	ok
-1.013678	-18.640534	-48.952959	0.733855	continued:5	498768035658188838763056363530	498768035658202821504918316513	-1,-8,-8,-8,-8	-8,-8,-8,-8,-8	ok
-1.010842	-18.640534	-49.506633	0.731062	continued:5	498768035658188838763056363530	498768035658202821504918316513	-1,-8,-8,-8,-8	-8,-8,-8,-8,-8	ok
-1.008007	-18.640534	-49.990347	0.729144	continued:5	498768035658188838763056363530	498768035658202821504918316513	-1,-8,-8,-8,-8	-8,-8,-8,-8,-8	ok
-1.005171	-18.640534	-50.404694	0.727767	continued:5	498768035658188838763056363530	498768035658202821504918316513	-1,-8,-8,-8,-8	-8,-8,-8,-8,-8	ok
-1.002335	-18.640534	-50.754724	0.727059	continued:5	498768035658188838763056363530	498768035658202821504918316513	-1,-8,-8,-8,-8	-8,-8,-8,-8,-8	ok
-0.999500	-18.640534	-51.044856	0.727226	full	498768035658188838763056363530	498768035658202821504918316513	-1,-8,-8,-8,-8	-8,-8,-8,-8,-8	ok
-0.996664	-18.640534	-47.777111	0.736504	continued:5	124384776697171140630079328682461662975044243401923320030869	498768035658202821504918316513	-1,-8,-8,-8,-8,-8	-8,-8,-8,-8,-8	ok
-0.993828	-18.640534	-48.472854	0.733711	continued:5	124384776697171140630079328682461662975044243401923320030869	498768035658202821504918316513	-1,-8,-8,-8,-8,-8	-8,-8,-8,-8,-8	ok
-0.990992	-18.640534	-49.084520	0.730917	continued:5	124384776697171140630079328682461662975044243401923320030869	498768035658202821504918316513	-1,-8,-8,-8,-8,-8	-8,-8,-8,-8,-8	ok
-0.988157	-18.640534	-49.619809	0.728252	continued:5	124384776697171140630079328682461662975044243401923320030869	498768035658202821504918316513	-1,-8,-8,-8,-8,-8	-8,-8,-8,-8,-8	ok
-0.985321	-18.640534	-50.085557	0.726334	continued:5	498768035658188838763056363530	498768035658202821504918316513	-1,-8,-8,-8,-8	-8,-8,-8,-8,-8	ok
-0.982485	-18.640534	-50.483891	0.725084	continued:5	498768035658188838763056363530	498768035658202821504918316513	-1,-8,-8,-8,-8	-8,-8,-8,-8,-8	ok
-0.979650	-18.640534	-50.818868	0.724376	continued:5	498768035658188838763056363530	498768035658202821504918316513	-1,-8,-8,-8,-8	-8,-8,-8,-8,-8	ok
-0.976814	-18.640534	-51.096069	0.724002	full	498768035658188838763056363530	498768035658202821504918316513	-1,-8,-8,-8,-8	-8,-8,-8,-8,-8	ok
-0.973978	-18.640534	-47.951852	0.733540	continued:5	124384776697171140630079328682461662975044243401923320030869	498768035658202821504918316513	-1,-8,-8,-8,-8,-8	-8,-8,-8,-8,-8	ok
-0.971143	-18.640534	-48.626297	0.730746	continued:5	124384776697171140630079328682461662975044243401923320030869	498768035658202821504918316513	-1,-8,-8,-8,-8,-8	-8,-8,-8,-8,-8	ok
-0.968307	-18.640534	-49.217676	0.727953	continued:5	124384776697171140630079328682461662975044243401923320030869	498768035658202821504918316513	-1,-8,-8,-8,-8,-8	-8,-8,-8,-8,-8	ok
-0.965471	-18.640534	-49.734067	0.725287	continued:5	124384776697171140630079328682461662975044243401923320030869	498768035658202821504918316513	-1,-8,-8,-8,-8,-8	-8,-8,-8,-8,-8	ok
-0.962636	-18.640534	-50.182627	0.723497	continued:5	124384776697171140630079328682461662975044243401923320030869	498768035658202821504918316513	-1,-8,-8,-8,-8,-8	-8,-8,-8,-8,-8	ok
-0.959800	-18.640534	-50.564607	0.722455	continued:5	498768035658188838763056363530	498768035658202821504918316513	-1,-8,-8,-8,-8	-8,-8,-8,-8,-8	ok
-0.956964	-18.640534	-50.883683	0.721746	continued:5	498768035658188838763056363530	498768035658202821504918316513	-1,-8,-8,-8,-8	-8,-8,-8,-8,-8	ok
-0.954128	-18.640534	-51.147329	0.721373	full	498768035658188838763056363530	498768035658202821504918316513	-1,-8,-8,-8,-8	-8,-8,-8,-8,-8	ok
-0.951293	-18.640534	-47.407592	0.732856	continued:5	124384776697171140630079328682461662975044243401923320030869	498768035658202821504918316513	-1,-8,-8,-8,-8,-8	-8,-8,-8,-8,-8	ok
-0.948457	-18.640534	-48.149039	0.730062	continued:5	124384776697171140630079328682461662975044243401923320030869	498768035658202821504918316513	-1,-8,-8,-8,-8,-8	-8,-8,-8,-8,-8	ok
-0.945621	-18.640534	-48.799836	0.727269	continued:5	124384776697171140630079328682461662975044243401923320030869	498768035658202821504918316513	-1,-8,-8,-8,-8,-8	-8,-8,-8,-8,-8	ok
-0.942786	-18.640534	-49.368769	0.724476	continued:5	124384776697171140630079328682461662975044243401923320030869	498768035658202821504918316513	-1,-8,-8,-8,-8,-8	-8,-8,-8,-8,-8	ok
-0.939950	-18.640534	-49.864351	0.722144	continued:5	124384776697171140630079328682461662975044243401923320030869	498768035658202821504918316513	-1,-8,-8,-8,-8,-8	-8,-8,-8,-8,-8	ok
-0.937114	-18.640534	-50.291245	0.720354	continued:5	124384776697171140630079328682461662975044243401923320030869	498768035658202821504918316513	-1,-8,-8,-8,-8,-8	-8,-8,-8,-8,-8	ok
-0.934279	-18.640534	-50.654263	0.719312	continued:5	124384776697171140630079328682461662975044243401923320030869	498768035658202821504918316513	-1,-8,-8,-8,-8,-8	-8,-8,-8,-8,-8	ok
-0.931443	-18.640534	-50.956986	0.718810	continued:5	124384776697171140630079328682461662975044243401923320030869	498768035658202821504918316513	-1,-8,-8,-8,-8,-8	-8,-8,-8,-8,-8	ok
-0.928607	-18.640534	-51.205038	0.718436	full	124384776697171140630079328682461662975044243401923320030869	498768035658202821504918316513	-1,-8,-8,-8,-8,-8	-8,-8,-8,-8,-8	ok
-0.925771	-18.640534	-47.637481	0.729367	continued:5	124384776697171140630079328682461662975044243401923320030869	498768035658202821504918316513	-1,-8,-8,-8,-8,-8	-8,-8,-8,-8,-8	ok
-0.922936	-18.640534	-48.352093	0.726573	continued:5	124384776697171140630079328682461662975044243401923320030869	498768035658202821504918316513	-1,-8,-8,-8,-8,-8	-8,-8,-8,-8,-8	ok
-0.920100	-18.640534	-48.977411	0.723780	continued:5	124384776697171140630079328682461662975044243401923320030869	498768035658202821504918316513	-1,-8,-8,-8,-8,-8	-8,-8,-8,-8,-8	ok
-0.917264	-18.640534	-49.522529	0.720987	continued:5	124384776697171140630079328682461662975044243401923320030869	498768035658202821504918316513	-1,-8,-8,-8,-8,-8	-8,-8,-8,-8,-8	ok
-0.914429	-18.640534	-49.996340	0.718862	continued:5	124384776697171140630079328682461662975044243401923320030869	498768035658202821504918316513	-1,-8,-8,-8,-8,-8	-8,-8,-8,-8,-8	ok
-0.911593	-18.640534	-50.402021	0.717279	continued:5	124384776697171140630079328682461662975044243401923320030869	498768035658202821504918316513	-1,-8,-8,-8,-8,-8	-8,-8,-8,-8,-8	ok
-0.908757	-18.640534	-50.744851	0.716236	continued:5	124384776697171140630079328682461662975044243401923320030869	498768035658202821504918316513	-1,-8,-8,-8,-8,-8	-8,-8,-8,-8,-8	ok
-0.905922	-18.640534	-51.030331	0.715862	continued:5	124384776697171140630079328682461662975044243401923320030869	498768035658202821504918316513	-1,-8,-8,-8,-8,-8	-8,-8,-8,-8,-8	ok
-0.903086	-18.640534	-51.262775	0.715488	full	124384776697171140630079328682461662975044243401923320030869	498768035658202821504918316513	-1,-8,-8,-8,-8,-8	-8,-8,-8,-8,-8	ok
-0.900250	-18.640534	-47.878140	0.725947	continued:5	124384776697171140630079328682461662975044243401923320030869	498768035658202821504918316513	-1,-8,-8,-8,-8,-8	-8,-8,-8,-8,-8	ok
-0.897415	-18.640534	-48.562363	0.723154	continued:5	124384776697171140630079328682461662975044243401923320030869	498768035658202821504918316513	-1,-8,-8,-8,-8,-8	-8,-8,-8,-8,-8	ok
-0.894579	-18.640534	-49.159357	0.720360	continued:5	124384776697171140630079328682461662975044243401923320030869	498768035658202821504918316513	-1,-8,-8,-8,-8,-8	-8,-8,-8,-8,-8	ok
-0.891743	-18.640534	-49.678497	0.717695	continued:5	124384776697171140630079328682461662975044243401923320030869	498768035658202821504918316513	-1,-8,-8,-8,-8,-8	-8,-8,-8,-8,-8	ok
-0.888907	-18.640534	-50.127857	0.715570	continued:5	124384776697171140630079328682461662975044243401923320030869	498768035658202821504918316513	-1,-8,-8,-8,-8,-8	-8,-8,-8,-8,-8	ok
-0.886072	-18.640534	-50.512079	0.714114	continued:5	124384776697171140630079328682461662975044243401923320030869	498768035658202821504918316513	-1,-8,-8,-8,-8,-8	-8,-8,-8,-8,-8	ok
-0.883236	-18.640534	-50.835311	0.713278	continued:5	124384776697171140630079328682461662975044243401923320030869	498768035658202821504918316513	-1,-8,-8,-8,-8,-8	-8,-8,-8,-8,-8	ok
-0.880400	-18.640534	-51.102444	0.712777	continued:5	124384776697171140630079328682461662975044243401923320030869	498768035658202821504918316513	-1,-8,-8,-8,-8,-8	-8,-8,-8,-8,-8	ok
-0.877565	-18.640534	-51.320522	0.712403	full	124384776697171140630079328682461662975044243401923320030869	498768035658202821504918316513	-1,-8,-8,-8,-8,-8	-8,-8,-8,-8,-8	ok
-0.874729	-18.640534	-47.546720	0.724240	continued:5	124384776697171140630079328682461662975044243401923320030869	498768035658202821504918316513	-1,-8,-8,-8,-8,-8	-8,-8,-8,-8,-8	ok
-0.871893	-18.640534	-48.274490	0.721447	continued:5	124384776697171140630079328682461662975044243401923320030869	498768035658202821504918316513	-1,-8,-8,-8,-8,-8	-8,-8,-8,-8,-8	ok
-0.869058	-18.640534	-48.909019	0.718654	continued:5	124384776697171140630079328682461662975044243401923320030869	498768035658202821504918316513	-1,-8,-8,-8,-8,-8	-8,-8,-8,-8,-8	ok
-0.866222	-18.640534	-49.460520	0.715860	continued:5	124384776697171140630079328682461662975044243401923320030869	498768035658202821504918316513	-1,-8,-8,-8,-8,-8	-8,-8,-8,-8,-8	ok
-0.863386	-18.640534	-49.938656	0.713529	continued:5	124384776697171140630079328682461662975044243401923320030869	498768035658202821504918316513	-1,-8,-8,-8,-8,-8	-8,-8,-8,-8,-8	ok
-0.860550	-18.640534	-50.348869	0.711739	continued:5	124384776697171140630079328682461662975044243401923320030869	498768035658202821504918316513	-1,-8,-8,-8,-8,-8	-8,-8,-8,-8,-8	ok
-0.857715	-18.640534	-50.696443	0.710489	continued:5	124384776697171140630079328682461662975044243401923320030869	498768035658202821504918316513	-1,-8,-8,-8,-8,-8	-8,-8,-8,-8,-8	ok
-0.854879	-18.640534	-50.986870	0.709781	continued:5	124384776697171140630079328682461662975044243401923320030869	498768035658202821504918316513	-1,-8,-8,-8,-8,-8	-8,-8,-8,-8,-8	ok
-0.852043	-18.640534	-51.225475	0.709948	full	124384776697171140630079328682461662975044243401923320030869	498768035658202821504918316513	-1,-8,-8,-8,-8,-8	-8,-8,-8,-8,-8	ok
-0.849208	-18.640534	-47.788746	0.720812	continued:5	124384776697171140630079328682461662975044243401923320030869	498768035658202821504918316513	-1,-8,-8,-8,-8,-8	-8,-8,-8,-8,-8	ok
-0.846372	-18.640534	-48.485656	0.718018	continued:5	124384776697171140630079328682461662975044243401923320030869	498768035658202821504918316513	-1,-8,-8,-8,-8,-8	-8,-8,-8,-8,-8	ok
-0.843536	-18.640534	-49.091629	0.715225	continued:5	124384776697171140630079328682461662975044243401923320030869	498768035658202821504918316513	-1,-8,-8,-8,-8,-8	-8,-8,-8,-8,-8	ok
-0.840701	-18.640534	-49.617055	0.712432	continued:5	124384776697171140630079328682461662975044243401923320030869	498768035658202821504918316513	-1,-8,-8,-8,-8,-8	-8,-8,-8,-8,-8	ok
-0.837865	-18.640534	-50.071826	0.710179	continued:5	124384776697171140630079328682461662975044243401923320030869	498768035658202821504918316513	-1,-8,-8,-8,-8,-8	-8,-8,-8,-8,-8	ok
-0.835029	-18.640534	-50.460819	0.708596	continued:5	124384776697171140630079328682461662975044243401923320030869	498768035658202821504918316513	-1,-8,-8,-8,-8,-8	-8,-8,-8,-8,-8	ok
-0.832193	-18.640534	-50.788347	0.707347	continued:5	124384776697171140630079328682461662975044243401923320030869	498768035658202821504918316513	-1,-8,-8,-8,-8,-8	-8,-8,-8,-8,-8	ok
-0.829358	-18.640534	-51.061779	0.706845	continued:5	124384776697171140630079328682461662975044243401923320030869	498768035658202821504918316513	-1,-8,-8,-8,-8,-8	-8,-8,-8,-8,-8	ok
-0.826522	-18.640534	-51.284423	0.706471	full	124384776697171140630079328682461662975044243401923320030869	498768035658202821504918316513	-1,-8,-8,-8,-8,-8	-8,-8,-8,-8,-8	ok
-0.823686	-18.640534	-48.040690	0.717384	continued:5	124384776697171140630079328682461662975044243401923320030869	498768035658202821504918316513	-1,-8,-8,-8,-8,-8	-8,-8,-8,-8,-8	ok
-0.820851	-18.640534	-48.703884	0.714590	continued:5	124384776697171140630079328682461662975044243401923320030869	498768035658202821504918316513	-1,-8,-8,-8,-8,-8	-8,-8,-8,-8,-8	ok
-0.818015	-18.640534	-49.279064	0.711797	continued:5	124384776697171140630079328682461662975044243401923320030869	498768035658202821504918316513	-1,-8,-8,-8,-8,-8	-8,-8,-8,-8,-8	ok
-0.815179	-18.640534	-49.776766	0.709004	continued:5	124384776697171140630079328682461662975044243401923320030869	498768035658202821504918316513	-1,-8,-8,-8,-8,-8	-8,-8,-8,-8,-8	ok
-0.812344	-18.640534	-50.207011	0.706879	continued:5	124384776697171140630079328682461662975044243401923320030869	498768035658202821504918316513	-1,-8,-8,-8,-8,-8	-8,-8,-8,-8,-8	ok
-0.809508	-18.640534	-50.573589	0.705296	continued:5	124384776697171140630079328682461662975044243401923320030869	498768035658202821504918316513	-1,-8,-8,-8,-8,-8	-8,-8,-8,-8,-8	ok
-0.806672	-18.640534	-50.881964	0.704381	continued:5	124384776697171140630079328682461662975044243401923320030869	498768035658202821504918316513	-1,-8,-8,-8,-8,-8	-8,-8,-8,-8,-8	ok
-0.803837	-18.640534	-51.136455	0.703879	continued:5	124384776697171140630079328682461662975044243401923320030869	498768035658202821504918316513	-1,-8,-8,-8,-8,-8	-8,-8,-8,-8,-8	ok
-0.801001	-18.640534	-51.343332	0.703505	full	124384776697171140630079328682461662975044243401923320030869	498768035658202821504918316513	-1,-8,-8,-8,-8,-8	-8,-8,-8,-8,-8	ok
-0.798165	-18.640534	-48.284960	0.713704	continued:5	124384776697171140630079328682461662975044243401923320030869	498768035658202821504918316513	-1,-8,-8,-8,-8,-8	-8,-8,-8,-8,-8	ok
-0.795329	-18.640534	-48.916824	0.710911	continued:5	124384776697171140630079328682461662975044243401923320030869	498768035658202821504918316513	-1,-8,-8,-8,-8,-8	-8,-8,-8,-8,-8	ok
-0.792494	-18.640534	-49.463370	0.708117	continued:5	124384776697171140630079328682461662975044243401923320030869	498768035658202821504918316513	-1,-8,-8,-8,-8,-8	-8,-8,-8,-8,-8	ok
-0.789658	-18.640534	-49.935339	0.705452	continued:5	124384776697171140630079328682461662975044243401923320030869	498768035658202821504918316513	-1,-8,-8,-8,-8,-8	-8,-8,-8,-8,-8	ok
-0.786822	-18.640534	-50.341767	0.703534	continued:5	124384776697171140630079328682461662975044243401923320030869	498768035658202821504918316513	-1,-8,-8,-8,-8,-8	-8,-8,-8,-8,-8	ok
-0.783987	-18.640534	-50.686000	0.702157	continued:5	124384776697171140630079328682461662975044243401923320030869	498768035658202821504918316513	-1,-8,-8,-8,-8,-8	-8,-8,-8,-8,-8	ok
-0.781151	-18.640534	-50.973687	0.701321	continued:5	124384776697171140630079328682461662975044243401923320030869	498768035658202821504918316513	-1,-8,-8,-8,-8,-8	-8,-8,-8,-8,-8	ok
-0.778315	-18.640534	-51.210214	0.700819	continued:5	124384776697171140630079328682461662975044243401923320030869	498768035658202821504918316513	-1,-8,-8,-8,-8,-8	-8,-8,-8,-8,-8	ok
-0.775480	-18.640534	-51.402184	0.700446	full	124384776697171140630079328682461662975044243401923320030869	498768035658202821504918316513	-1,-8,-8,-8,-8,-8	-8,-8,-8,-8,-8	ok
-0.772644	-18.640534	-47.882655	0.712370	continued:5	124384776697171140630079328682461662975044243401923320030869	498768035658202821504918316513	-1,-8,-8,-8,-8,-8	-8,-8,-8,-8,-8	ok
-0.769808	-18.640534	-48.569502	0.709576	continued:5	124384776697171140630079328682461662975044243401923320030869	498768035658202821504918316513	-1,-8,-8,-8,-8,-8	-8,-8,-8,-8,-8	ok
-0.766972	-18.640534	-49.163146	0.706783	continued:5	124384776697171140630079328682461662975044243401923320030869	498768035658202821504918316513	-1,-8,-8,-8,-8,-8	-8,-8,-8,-8,-8	ok
-0.764137	-18.640534	-49.675292	0.703990	continued:5	124384776697171140630079328682461662975044243401923320030869	498768035658202821504918316513	-1,-8,-8,-8,-8,-8	-8,-8,-8,-8,-8	ok
-0.761301	-18.640534	-50.116798	0.701531	continued:5	124384776697171140630079328682461662975044243401923320030869	498768035658202821504918316513	-1,-8,-8,-8,-8,-8	-8,-8,-8,-8,-8	ok
-0.758465	-18.640534	-50.494909	0.699947	continued:5	124384776697171140630079328682461662975044243401923320030869	498768035658202821504918316513	-1,-8,-8,-8,-8,-8	-8,-8,-8,-8,-8	ok
-0.755630	-18.640534	-50.812122	0.698698	continued:5	124384776697171140630079328682461662975044243401923320030869	498768035658202821504918316513	-1,-8,-8,-8,-8,-8	-8,-8,-8,-8,-8	ok
-0.752794	-18.640534	-51.076063	0.697862	continued:5	124384776697171140630079328682461662975044243401923320030869	498768035658202821504918316513	-1,-8,-8,-8,-8,-8	-8,-8,-8,-8,-8	ok
-0.749958	-18.640534	-51.292859	0.697488	continued:5	124384776697171140630079328682461662975044243401923320030869	498768035658202821504918316513	-1,-8,-8,-8,-8,-8	-8,-8,-8,-8,-8	ok
-0.747123	-18.640534	-51.467483	0.697114	full	124384776697171140630079328682461662975044243401923320030869	498768035658202821504918316513	-1,-8,-8,-8,-8,-8	-8,-8,-8,-8,-8	ok
-0.744287	-18.640534	-48.211378	0.708249	continued:5	124384776697171140630079328682461662975044243401923320030869	498768035658202821504918316513	-1,-8,-8,-8,-8,-8	-8,-8,-8,-8,-8	ok
-0.741451	-18.640534	-48.853792	0.705456	continued:5	124384776697171140630079328682461662975044243401923320030869	498768035658202821504918316513	-1,-8,-8,-8,-8,-8	-8,-8,-8,-8,-8	ok
-0.738616	-18.640534	-49.407520	0.702663	continued:5	124384776697171140630079328682461662975044243401923320030869	498768035658202821504918316513	-1,-8,-8,-8,-8,-8	-8,-8,-8,-8,-8	ok
-0.735780	-18.640534	-49.884252	0.699869	continued:5	124384776697171140630079328682461662975044243401923320030869	498768035658202821504918316513	-1,-8,-8,-8,-8,-8	-8,-8,-8,-8,-8	ok
-0.732944	-18.640534	-50.294820	0.697745	continued:5	124384776697171140630079328682461662975044243401923320030869	498768035658202821504918316513	-1,-8,-8,-8,-8,-8	-8,-8,-8,-8,-8	ok
-0.730108	-18.640534	-50.643434	0.696161	continued:5	124384776697171140630079328682461662975044243401923320030869	498768035658202821504918316513	-1,-8,-8,-8,-8,-8	-8,-8,-8,-8,-8	ok
-0.727273	-18.640534	-50.935750	0.695119	continued:5	124384776697171140630079328682461662975044243401923320030869	498768035658202821504918316513	-1,-8,-8,-8,-8,-8	-8,-8,-8,-8,-8	ok
-0.724437	-18.640534	-51.177149	0.694410	continued:5	124384776697171140630079328682461662975044243401923320030869	498768035658202821504918316513	-1,-8,-8,-8,-8,-8	-8,-8,-8,-8,-8	ok
-0.721601	-18.640534	-51.374237	0.694037	continued:5	124384776697171140630079328682461662975044243401923320030869	498768035658202821504918316513	-1,-8,-8,-8,-8,-8	-8,-8,-8,-8,-8	ok
-0.718766	-18.640534	-51.532661	0.692994	full	124384776697171140630079328682461662975044243401923320030869	498768035658202821504918316513	-1,-8,-8,-8,-8,-8	-8,-8,-8,-8,-8	ok
-0.715930	-18.640534	-47.854079	0.706409	continued:5	124384776697171140630079328682461662975044243401923320030869	498768035658202821504918316513	-1,-8,-8,-8,-8,-8	-8,-8,-8,-8,-8	ok
-0.713094	-18.640534	-48.547406	0.703616	continued:5	124384776697171140630079328682461662975044243401923320030869	498768035658202821504918316513	-1,-8,-8,-8,-8,-8	-8,-8,-8,-8,-8	ok
-0.710259	-18.640534	-49.144105	0.700822	continued:5	124384776697171140630079328682461662975044243401923320030869	498768035658202821504918316513	-1,-8,-8,-8,-8,-8	-8,-8,-8,-8,-8	ok
-0.707423	-18.640534	-49.657038	0.698029	continued:5	124384776697171140630079328682461662975044243401923320030869	498768035658202821504918316513	-1,-8,-8,-8,-8,-8	-8,-8,-8,-8,-8	ok
-0.704587	-18.640534	-50.097887	0.695570	continued:5	124384776697171140630079328682461662975044243401923320030869	498768035658202821504918316513	-1,-8,-8,-8,-8,-8	-8,-8,-8,-8,-8	ok
-0.701751	-18.640534	-50.474453	0.693652	continued:5	124384776697171140630079328682461662975044243401923320030869	498768035658202821504918316513	-1,-8,-8,-8,-8,-8	-8,-8,-8,-8,-8	ok
-0.698916	-18.640534	-50.792433	0.692275	continued:5	124384776697171140630079328682461662975044243401923320030869	498768035658202821504918316513	-1,-8,-8,-8,-8,-8	-8,-8,-8,-8,-8	ok
-0.696080	-18.640534	-51.057358	0.691233	continued:5	124384776697171140630079328682461662975044243401923320030869	498768035658202821504918316513	-1,-8,-8,-8,-8,-8	-8,-8,-8,-8,-8	ok
-0.693244	-18.640534	-51.276073	0.690731	continued:5	124384776697171140630079328682461662975044243401923320030869	498768035658202821504918316513	-1,-8,-8,-8,-8,-8	-8,-8,-8,-8,-8	ok
-0.690409	-18.640534	-51.452772	0.690357	full	124384776697171140630079328682461662975044243401923320030869	498768035658202821504918316513	-1,-8,-8,-8,-8,-8	-8,-8,-8,-8,-8	ok
-0.687573	-18.640534	-48.198589	0.702339	continued:5	124384776697171140630079328682461662975044243401923320030869	498768035658202821504918316513	-1,-8,-8,-8,-8,-8	-8,-8,-8,-8,-8	ok
-0.684737	-18.640534	-48.843369	0.699546	continued:5	124384776697171140630079328682461662975044243401923320030869	498768035658202821504918316513	-1,-8,-8,-8,-8,-8	-8,-8,-8,-8,-8	ok
-0.681902	-18.640534	-49.396996	0.696753	continued:5	124384776697171140630079328682461662975044243401923320030869	498768035658202821504918316513	-1,-8,-8,-8,-8,-8	-8,-8,-8,-8,-8	ok
-0.679066	-18.640534	-49.872106	0.693959	continued:5	124384776697171140630079328682461662975044243401923320030869	498768035658202821504918316513	-1,-8,-8,-8,-8,-8	-8,-8,-8,-8,-8	ok
-0.676230	-18.640534	-50.280198	0.691707	continued:5	124384776697171140630079328682461662975044243401923320030869	498768035658202821504918316513	-1,-8,-8,-8,-8,-8	-8,-8,-8,-8,-8	ok
-0.673394	-18.640534	-50.626987	0.689917	continued:5	124384776697171140630079328682461662975044243401923320030869	498768035658202821504918316513	-1,-8,-8,-8,-8,-8	-8,-8,-8,-8,-8	ok
-0.670559	-18.640534	-50.918832	0.688667	continued:5	124384776697171140630079328682461662975044243401923320030869	498768035658202821504918316513	-1,-8,-8,-8,-8,-8	-8,-8,-8,-8,-8	ok
-0.667723	-18.640534	-51.160944	0.687832	continued:5	124384776697171140630079328682461662975044243401923320030869	498768035658202821504918316513	-1,-8,-8,-8,-8,-8	-8,-8,-8,-8,-8	ok
-0.664887	-18.640534	-51.359123	0.687330	continued:5	124384776697171140630079328682461662975044243401923320030869	498768035658202821504918316513	-1,-8,-8,-8,-8,-8	-8,-8,-8,-8,-8	ok
-0.662052	-18.640534	-51.519017	0.686956	full	124384776697171140630079328682461662975044243401923320030869	498768035658202821504918316513	-1,-8,-8,-8,-8,-8	-8,-8,-8,-8,-8	ok
-0.659216	-18.640534	-47.888065	0.700445	continued:5	124384776697171140630079328682461662975044243401923320030869	498768035658202821504918316513	-1,-8,-8,-8,-8,-8	-8,-8,-8,-8,-8	ok
-0.656380	-18.640534	-48.577628	0.697651	continued:5	124384776697171140630079328682461662975044243401923320030869	498768035658202821504918316513	-1,-8,-8,-8,-8,-8	-8,-8,-8,-8,-8	ok
-0.653545	-18.640534	-49.168652	0.694858	continued:5	124384776697171140630079328682461662975044243401923320030869	498768035658202821504918316513	-1,-8,-8,-8,-8,-8	-8,-8,-8,-8,-8	ok
-0.650709	-18.640534	-49.674975	0.692065	continued:5	124384776697171140630079328682461662975044243401923320030869	498768035658202821504918316513	-1,-8,-8,-8,-8,-8	-8,-8,-8,-8,-8	ok
-0.647873	-18.640534	-50.108963	0.689271	continued:5	124384776697171140630079328682461662975044243401923320030869	498768035658202821504918316513	-1,-8,-8,-8,-8,-8	-8,-8,-8,-8,-8	ok
-0.645038	-18.640534	-50.481776	0.687353	continued:5	124384776697171140630079328682461662975044243401923320030869	498768035658202821504918316513	-1,-8,-8,-8,-8,-8	-8,-8,-8,-8,-8	ok
-0.642202	-18.640534	-50.795787	0.685770	continued:5	124384776697171140630079328682461662975044243401923320030869	498768035658202821504918316513	-1,-8,-8,-8,-8,-8	-8,-8,-8,-8,-8	ok
-0.639366	-18.640534	-51.058529	0.684727	continued:5	124384776697171140630079328682461662975044243401923320030869	498768035658202821504918316513	-1,-8,-8,-8,-8,-8	-8,-8,-8,-8,-8	ok
-0.636530	-18.640534	-51.274872	0.684019	continued:5	124384776697171140630079328682461662975044243401923320030869	498768035658202821504918316513	-1,-8,-8,-8,-8,-8	-8,-8,-8,-8,-8	ok
-0.633695	-18.640534	-51.450881	0.683645	continued:5	124384776697171140630079328682461662975044243401923320030869	498768035658202821504918316513	-1,-8,-8,-8,-8,-8	-8,-8,-8,-8,-8	ok
-0.630859	-18.640534	-51.591655	0.683271	full	124384776697171140630079328682461662975044243401923320030869	498768035658202821504918316513	-1,-8,-8,-8,-8,-8	-8,-8,-8,-8,-8	ok
-0.628023	-18.640534	-48.341626	0.695465	continued:5	124384776697171140630079328682461662975044243401923320030869	498768035658202821504918316513	-1,-8,-8,-8,-8,-8	-8,-8,-8,-8,-8	ok
-0.625188	-18.640534	-48.967829	0.692672	continued:5	124384776697171140630079328682461662975044243401923320030869	498768035658202821504918316513	-1,-8,-8,-8,-8,-8	-8,-8,-8,-8,-8	ok
-0.622352	-18.640534	-49.503221	0.689879	continued:5	124384776697171140630079328682461662975044243401923320030869	498768035658202821504918316513	-1,-8,-8,-8,-8,-8	-8,-8,-8,-8,-8	ok
-0.619516	-18.640534	-49.961141	0.687085	continued:5	124384776697171140630079328682461662975044243401923320030869	498768035658202821504918316513	-1,-8,-8,-8,-8,-8	-8,-8,-8,-8,-8	ok
-0.616681	-18.640534	-50.353537	0.684833	continued:5	124384776697171140630079328682461662975044243401923320030869	498768035658202821504918316513	-1,-8,-8,-8,-8,-8	-8,-8,-8,-8,-8	ok
-0.613845	-18.640534	-50.686313	0.683043	continued:5	124384776697171140630079328682461662975044243401923320030869	498768035658202821504918316513	-1,-8,-8,-8,-8,-8	-8,-8,-8,-8,-8	ok
-0.611009	-18.640534	-50.965862	0.681794	continued:5	124384776697171140630079328682461662975044243401923320030869	498768035658202821504918316513	-1,-8,-8,-8,-8,-8	-8,-8,-8,-8,-8	ok
-0.608173	-18.640534	-51.197310	0.680751	continued:5	124384776697171140630079328682461662975044243401923320030869	498768035658202821504918316513	-1,-8,-8,-8,-8,-8	-8,-8,-8,-8,-8	ok
-0.605338	-18.640534	-51.388069	0.680249	continued:5	124384776697171140630079328682461662975044243401923320030869	498768035658202821504918316513	-1,-8,-8,-8,-8,-8	-8,-8,-8,-8,-8	ok
-0.602502	-18.640534	-51.541518	0.679876	continued:5	124384776697171140630079328682461662975044243401923320030869	498768035658202821504918316513	-1,-8,-8,-8,-8,-8	-8,-8,-8,-8,-8	ok
-0.599666	-18.640534	-51.664017	0.679502	full	124384776697171140630079328682461662975044243401923320030869	498768035658202821504918316513	-1,-8,-8,-8,-8,-8	-8,-8,-8,-8,-8	ok
-0.596831	-18.640534	-47.953251	0.693551	continued:5	124384776697171140630079328682461662975044243401923320030869	498768035658202821504918316513	-1,-8,-8,-8,-8,-8	-8,-8,-8,-8,-8	ok
-0.593995	-18.640534	-48.637221	0.690758	continued:5	124384776697171140630079328682461662975044243401923320030869	498768035658202821504918316513	-1,-8,-8,-8,-8,-8	-8,-8,-8,-8,-8	ok
-0.591159	-18.640534	-49.220648	0.687965	continued:5	124384776697171140630079328682461662975044243401923320030869	498768035658202821504918316513	-1,-8,-8,-8,-8,-8	-8,-8,-8,-8,-8	ok
-0.588324	-18.640534	-49.718457	0.685171	continued:5	124384776697171140630079328682461662975044243401923320030869	498768035658202821504918316513	-1,-8,-8,-8,-8,-8	-8,-8,-8,-8,-8	ok
-0.585488	-18.640534	-50.143784	0.682506	continued:5	124384776697171140630079328682461662975044243401923320030869	498768035658202821504918316513	-1,-8,-8,-8,-8,-8	-8,-8,-8,-8,-8	ok
-0.582652	-18.640534	-50.507157	0.680381	continued:5	124384776697171140630079328682461662975044243401923320030869	498768035658202821504918316513	-1,-8,-8,-8,-8,-8	-8,-8,-8,-8,-8	ok
-0.579817	-18.640534	-50.814349	0.678797	continued:5	124384776697171140630079328682461662975044243401923320030869	498768035658202821504918316513	-1,-8,-8,-8,-8,-8	-8,-8,-8,-8,-8	ok
-0.576981	-18.640534	-51.070801	0.677548	continued:5	124384776697171140630079328682461662975044243401923320030869	498768035658202821504918316513	-1,-8,-8,-8,-8,-8	-8,-8,-8,-8,-8	ok
-0.574145	-18.640534	-51.283212	0.676633	continued:5	124384776697171140630079328682461662975044243401923320030869	498768035658202821504918316513	-1,-8,-8,-8,-8,-8	-8,-8,-8,-8,-8	ok
-0.571309	-18.640534	-51.457281	0.676132	continued:5	124384776697171140630079328682461662975044243401923320030869	498768035658202821504918316513	-1,-8,-8,-8,-8,-8	-8,-8,-8,-8,-8	ok
-0.568474	-18.640534	-51.597117	0.675758	full	124384776697171140630079328682461662975044243401923320030869	498768035658202821504918316513	-1,-8,-8,-8,-8,-8	-8,-8,-8,-8,-8	ok
-0.565638	-18.640534	-48.398503	0.688616	continued:5	124384776697171140630079328682461662975044243401923320030869	498768035658202821504918316513	-1,-8,-8,-8,-8,-8	-8,-8,-8,-8,-8	ok
-0.562802	-18.640534	-49.018384	0.685823	continued:5	124384776697171140630079328682461662975044243401923320030869	498768035658202821504918316513	-1,-8,-8,-8,-8,-8	-8,-8,-8,-8,-8	ok
-0.559967	-18.640534	-49.546109	0.683030	continued:5	124384776697171140630079328682461662975044243401923320030869	498768035658202821504918316513	-1,-8,-8,-8,-8,-8	-8,-8,-8,-8,-8	ok
-0.557131	-18.640534	-49.995905	0.680236	continued:5	124384776697171140630079328682461662975044243401923320030869	498768035658202821504918316513	-1,-8,-8,-8,-8,-8	-8,-8,-8,-8,-8	ok
-0.554295	-18.640534	-50.380314	0.677777	continued:5	124384776697171140630079328682461662975044243401923320030869	498768035658202821504918316513	-1,-8,-8,-8,-8,-8	-8,-8,-8,-8,-8	ok
-0.551460	-18.640534	-50.707383	0.675987	continued:5	124384776697171140630079328682461662975044243401923320030869	498768035658202821504918316513	-1,-8,-8,-8,-8,-8	-8,-8,-8,-8,-8	ok
-0.548624	-18.640534	-50.981462	0.674531	continued:5	124384776697171140630079328682461662975044243401923320030869	498768035658202821504918316513	-1,-8,-8,-8,-8,-8	-8,-8,-8,-8,-8	ok
-0.545788	-18.640534	-51.209599	0.673489	continued:5	124384776697171140630079328682461662975044243401923320030869	498768035658202821504918316513	-1,-8,-8,-8,-8,-8	-8,-8,-8,-8,-8	ok
-0.542952	-18.640534	-51.397137	0.672780	continued:5	124384776697171140630079328682461662975044243401923320030869	498768035658202821504918316513	-1,-8,-8,-8,-8,-8	-8,-8,-8,-8,-8	ok
-0.540117	-18.640534	-51.549281	0.672406	continued:5	124384776697171140630079328682461662975044243401923320030869	498768035658202821504918316513	-1,-8,-8,-8,-8,-8	-8,-8,-8,-8,-8	ok
-0.537281	-18.640534	-51.670344	0.672033	full	124384776697171140630079328682461662975044243401923320030869	498768035658202821504918316513	-1,-8,-8,-8,-8,-8	-8,-8,-8,-8,-8	ok
-0.534445	-18.640534	-48.278580	0.685790	continued:5	124384776697171140630079328682461662975044243401923320030869	498768035658202821504918316513	-1,-8,-8,-8,-8,-8	-8,-8,-8,-8,-8	ok
-0.531610	-18.640534	-48.917250	0.682996	continued:5	124384776697171140630079328682461662975044243401923320030869	498768035658202821504918316513	-1,-8,-8,-8,-8,-8	-8,-8,-8,-8,-8	ok
-0.528774	-18.640534	-49.459725	0.680203	continued:5	124384776697171140630079328682461662975044243401923320030869	498768035658202821504918316513	-1,-8,-8,-8,-8,-8	-8,-8,-8,-8,-8	ok
-0.525938	-18.640534	-49.921111	0.677410	continued:5	124384776697171140630079328682461662975044243401923320030869	498768035658202821504918316513	-1,-8,-8,-8,-8,-8	-8,-8,-8,-8,-8	ok
-0.523103	-18.640534	-50.314604	0.674744	continued:5	124384776697171140630079328682461662975044243401923320030869	498768035658202821504918316513	-1,-8,-8,-8,-8,-8	-8,-8,-8,-8,-8	ok
-0.520267	-18.640534	-50.650583	0.672826	continued:5	124384776697171140630079328682461662975044243401923320030869	498768035658202821504918316513	-1,-8,-8,-8,-8,-8	-8,-8,-8,-8,-8	ok
-0.517431	-18.640534	-50.932665	0.671370	continued:5	124384776697171140630079328682461662975044243401923320030869	498768035658202821504918316513	-1,-8,-8,-8,-8,-8	-8,-8,-8,-8,-8	ok
-0.514595	-18.640534	-51.166958	0.670121	continued:5	124384776697171140630079328682461662975044243401923320030869	498768035658202821504918316513	-1,-8,-8,-8,-8,-8	-8,-8,-8,-8,-8	ok
-0.511760	-18.640534	-51.360974	0.669285	continued:5	124384776697171140630079328682461662975044243401923320030869	498768035658202821504918316513	-1,-8,-8,-8,-8,-8	-8,-8,-8,-8,-8	ok
-0.508924	-18.640534	-51.519167	0.668577	continued:5	124384776697171140630079328682461662975044243401923320030869	498768035658202821504918316513	-1,-8,-8,-8,-8,-8	-8,-8,-8,-8,-8	ok
-0.506088	-18.640534	-51.647696	0.668203	continued:5	124384776697171140630079328682461662975044243401923320030869	498768035658202821504918316513	-1,-8,-8,-8,-8,-8	-8,-8,-8,-8,-8	ok
-0.503253	-18.640534	-51.749790	0.667829	full	124384776697171140630079328682461662975044243401923320030869	498768035658202821504918316513	-1,-8,-8,-8,-8,-8	-8,-8,-8,-8,-8	ok
-0.500417	-18.640534	-48.299929	0.682102	continued:5	124384776697171140630079328682461662975044243401923320030869	498768035658202821504918316513	-1,-8,-8,-8,-8,-8	-8,-8,-8,-8,-8	ok
-0.497581	-18.640534	-48.936972	0.679309	continued:5	124384776697171140630079328682461662975044243401923320030869	498768035658202821504918316513	-1,-8,-8,-8,-8,-8	-8,-8,-8,-8,-8	ok
-0.494746	-18.640534	-49.476778	0.676516	continued:5	124384776697171140630079328682461662975044243401923320030869	498768035658202821504918316513	-1,-8,-8,-8,-8,-8	-8,-8,-8,-8,-8	ok
-0.491910	-18.640534	-49.934993	0.673722	continued:5	124384776697171140630079328682461662975044243401923320030869	498768035658202821504918316513	-1,-8,-8,-8,-8,-8	-8,-8,-8,-8,-8	ok
-0.489074	-18.640534	-50.325176	0.671263	continued:5	124384776697171140630079328682461662975044243401923320030869	498768035658202821504918316513	-1,-8,-8,-8,-8,-8	-8,-8,-8,-8,-8	ok
-0.486239	-18.640534	-50.656085	0.669011	continued:5	124384776697171140630079328682461662975044243401923320030869	498768035658202821504918316513	-1,-8,-8,-8,-8,-8	-8,-8,-8,-8,-8	ok
-0.483403	-18.640534	-50.936647	0.667427	continued:5	124384776697171140630079328682461662975044243401923320030869	498768035658202821504918316513	-1,-8,-8,-8,-8,-8	-8,-8,-8,-8,-8	ok
-0.480567	-18.640534	-51.170469	0.666178	continued:5	124384776697171140630079328682461662975044243401923320030869	498768035658202821504918316513	-1,-8,-8,-8,-8,-8	-8,-8,-8,-8,-8	ok
-0.477731	-18.640534	-51.363804	0.665263	continued:5	124384776697171140630079328682461662975044243401923320030869	498768035658202821504918316513	-1,-8,-8,-8,-8,-8	-8,-8,-8,-8,-8	ok
-0.474896	-18.640534	-51.521882	0.664427	continued:5	124384776697171140630079328682461662975044243401923320030869	498768035658202821504918316513	-1,-8,-8,-8,-8,-8	-8,-8,-8,-8,-8	ok
-0.472060	-18.640534	-51.651211	0.663926	continued:5	124384776697171140630079328682461662975044243401923320030869	498768035658202821504918316513	-1,-8,-8,-8,-8,-8	-8,-8,-8,-8,-8	ok
-0.469224	-18.640534	-51.754849	0.663759	continued:5	124384776697171140630079328682461662975044243401923320030869	498768035658202821504918316513	-1,-8,-8,-8,-8,-8	-8,-8,-8,-8,-8	ok
-0.466389	-18.640534	-51.835291	0.663385	full	124384776697171140630079328682461662975044243401923320030869	498768035658202821504918316513	-1,-8,-8,-8,-8,-8	-8,-8,-8,-8,-8	ok
-0.463553	-18.640534	-48.490026	0.677478	continued:5	124384776697171140630079328682461662975044243401923320030869	498768035658202821504918316513	-1,-8,-8,-8,-8,-8	-8,-8,-8,-8,-8	ok
-0.460717	-18.640534	-49.099593	0.674685	continued:5	124384776697171140630079328682461662975044243401923320030869	498768035658202821504918316513	-1,-8,-8,-8,-8,-8	-8,-8,-8,-8,-8	ok
-0.457882	-18.640534	-49.615041	0.671892	continued:5	124384776697171140630079328682461662975044243401923320030869	498768035658202821504918316513	-1,-8,-8,-8,-8,-8	-8,-8,-8,-8,-8	ok
-0.455046	-18.640534	-50.051982	0.669098	continued:5	124384776697171140630079328682461662975044243401923320030869	498768035658202821504918316513	-1,-8,-8,-8,-8,-8	-8,-8,-8,-8,-8	ok
-0.452210	-18.640534	-50.423867	0.666639	continued:5	124384776697171140630079328682461662975044243401923320030869	498768035658202821504918316513	-1,-8,-8,-8,-8,-8	-8,-8,-8,-8,-8	ok
-0.449374	-18.640534	-50.739238	0.664515	continued:5	124384776697171140630079328682461662975044243401923320030869	498768035658202821504918316513	-1,-8,-8,-8,-8,-8	-8,-8,-8,-8,-8	ok
-0.446539	-18.640534	-51.005613	0.662931	continued:5	124384776697171140630079328682461662975044243401923320030869	498768035658202821504918316513	-1,-8,-8,-8,-8,-8	-8,-8,-8,-8,-8	ok
-0.443703	-18.640534	-51.227658	0.661682	continued:5	124384776697171140630079328682461662975044243401923320030869	498768035658202821504918316513	-1,-8,-8,-8,-8,-8	-8,-8,-8,-8,-8	ok
-0.440867	-18.640534	-51.411270	0.660767	continued:5	124384776697171140630079328682461662975044243401923320030869	498768035658202821504918316513	-1,-8,-8,-8,-8,-8	-8,-8,-8,-8,-8	ok
-0.438032	-18.640534	-51.561350	0.659931	continued:5	124384776697171140630079328682461662975044243401923320030869	498768035658202821504918316513	-1,-8,-8,-8,-8,-8	-8,-8,-8,-8,-8	ok
-0.435196	-18.640534	-51.684130	0.659557	continued:5	124384776697171140630079328682461662975044243401923320030869	498768035658202821504918316513	-1,-8,-8,-8,-8,-8	-8,-8,-8,-8,-8	ok
-0.432360	-18.640534	-51.781311	0.659184	full	124384776697171140630079328682461662975044243401923320030869	498768035658202821504918316513	-1,-8,-8,-8,-8,-8	-8,-8,-8,-8,-8	ok
-0.429525	-18.640534	-48.550545	0.673617	continued:5	124384776697171140630079328682461662975044243401923320030869	498768035658202821504918316513	-1,-8,-8,-8,-8,-8	-8,-8,-8,-8,-8	ok
-0.426689	-18.640534	-49.152433	0.670823	continued:5	124384776697171140630079328682461662975044243401923320030869	498768035658202821504918316513	-1,-8,-8,-8,-8,-8	-8,-8,-8,-8,-8	ok
-0.423853	-18.640534	-49.660295	0.668030	continued:5	124384776697171140630079328682461662975044243401923320030869	498768035658202821504918316513	-1,-8,-8,-8,-8,-8	-8,-8,-8,-8,-8	ok
-0.421018	-18.640534	-50.090093	0.665237	continued:5	124384776697171140630079328682461662975044243401923320030869	498768035658202821504918316513	-1,-8,-8,-8,-8,-8	-8,-8,-8,-8,-8	ok
-0.418182	-18.640534	-50.455484	0.662778	continued:5	124384776697171140630079328682461662975044243401923320030869	498768035658202821504918316513	-1,-8,-8,-8,-8,-8	-8,-8,-8,-8,-8	ok
-0.415346	-18.640534	-50.765088	0.660653	continued:5	124384776697171140630079328682461662975044243401923320030869	498768035658202821504918316513	-1,-8,-8,-8,-8,-8	-8,-8,-8,-8,-8	ok
-0.412510	-18.640534	-51.026433	0.659069	continued:5	124384776697171140630079328682461662975044243401923320030869	498768035658202821504918316513	-1,-8,-8,-8,-8,-8	-8,-8,-8,-8,-8	ok
-0.409675	-18.640534	-51.244131	0.657820	continued:5	124384776697171140630079328682461662975044243401923320030869	498768035658202821504918316513	-1,-8,-8,-8,-8,-8	-8,-8,-8,-8,-8	ok
-0.406839	-18.640534	-51.424024	0.656778	continued:5	124384776697171140630079328682461662975044243401923320030869	498768035658202821504918316513	-1,-8,-8,-8,-8,-8	-8,-8,-8,-8,-8	ok
-0.404003	-18.640534	-51.572055	0.655942	continued:5	124384776697171140630079328682461662975044243401923320030869	498768035658202821504918316513	-1,-8,-8,-8,-8,-8	-8,-8,-8,-8,-8	ok
-0.401168	-18.640534	-51.693039	0.655440	continued:5	124384776697171140630079328682461662975044243401923320030869	498768035658202821504918316513	-1,-8,-8,-8,-8,-8	-8,-8,-8,-8,-8	ok
-0.398332	-18.640534	-51.789747	0.654939	continued:5	124384776697171140630079328682461662975044243401923320030869	498768035658202821504918316513	-1,-8,-8,-8,-8,-8	-8,-8,-8,-8,-8	ok
-0.395496	-18.640534	-51.867310	0.654565	full	124384776697171140630079328682461662975044243401923320030869	498768035658202821504918316513	-1,-8,-8,-8,-8,-8	-8,-8,-8,-8,-8	ok
-0.392661	-18.640534	-48.259397	0.670952	continued:5	124384776697171140630079328682461662975044243401923320030869	498768035658202821504918316513	-1,-8,-8,-8,-8,-8	-8,-8,-8,-8,-8	ok
-0.389825	-18.640534	-48.907919	0.668159	continued:5	124384776697171140630079328682461662975044243401923320030869	498768035658202821504918316513	-1,-8,-8,-8,-8,-8	-8,-8,-8,-8,-8	ok
-0.386989	-18.640534	-49.453212	0.665366	continued:5	124384776697171140630079328682461662975044243401923320030869	498768035658202821504918316513	-1,-8,-8,-8,-8,-8	-8,-8,-8,-8,-8	ok
-0.384153	-18.640534	-49.913059	0.662572	continued:5	124384776697171140630079328682461662975044243401923320030869	498768035658202821504918316513	-1,-8,-8,-8,-8,-8	-8,-8,-8,-8,-8	ok
-0.381318	-18.640534	-50.302493	0.659779	continued:5	124384776697171140630079328682461662975044243401923320030869	498768035658202821504918316513	-1,-8,-8,-8,-8,-8	-8,-8,-8,-8,-8	ok
-0.378482	-18.640534	-50.634280	0.657448	continued:5	124384776697171140630079328682461662975044243401923320030869	498768035658202821504918316513	-1,-8,-8,-8,-8,-8	-8,-8,-8,-8,-8	ok
-0.375646	-18.640534	-50.914995	0.655530	continued:5	124384776697171140630079328682461662975044243401923320030869	498768035658202821504918316513	-1,-8,-8,-8,-8,-8	-8,-8,-8,-8,-8	ok
-0.372811	-18.640534	-51.150860	0.653946	continued:5	124384776697171140630079328682461662975044243401923320030869	498768035658202821504918316513	-1,-8,-8,-8,-8,-8	-8,-8,-8,-8,-8	ok
-0.369975	-18.640534	-51.347885	0.652697	continued:5	124384776697171140630079328682461662975044243401923320030869	498768035658202821504918316513	-1,-8,-8,-8,-8,-8	-8,-8,-8,-8,-8	ok
-0.367139	-18.640534	-51.511066	0.651782	continued:5	124384776697171140630079328682461662975044243401923320030869	498768035658202821504918316513	-1,-8,-8,-8,-8,-8	-8,-8,-8,-8,-8	ok
-0.364304	-18.640534	-51.644505	0.651074	continued:5	124384776697171140630079328682461662975044243401923320030869	498768035658202821504918316513	-1,-8,-8,-8,-8,-8	-8,-8,-8,-8,-8	ok
-0.361468	-18.640534	-51.752662	0.650366	continued:5	124384776697171140630079328682461662975044243401923320030869	498768035658202821504918316513	-1,-8,-8,-8,-8,-8	-8,-8,-8,-8,-8	ok
-0.358632	-18.640534	-51.840900	0.649992	continued:5	124384776697171140630079328682461662975044243401923320030869	498768035658202821504918316513	-1,-8,-8,-8,-8,-8	-8,-8,-8,-8,-8	ok
-0.355796	-18.640534	-51.910556	0.649618	continued:5	124384776697171140630079328682461662975044243401923320030869	498768035658202821504918316513	-1,-8,-8,-8,-8,-8	-8,-8,-8,-8,-8	ok
-0.352961	-18.640534	-51.965611	0.649244	full	124384776697171140630079328682461662975044243401923320030869	498768035658202821504918316513	-1,-8,-8,-8,-8,-8	-8,-8,-8,-8,-8	ok
-0.350125	-18.640534	-48.760853	0.664476	continued:5	124384776697171140630079328682461662975044243401923320030869	498768035658202821504918316513	-1,-8,-8,-8,-8,-8	-8,-8,-8,-8,-8	ok
-0.347289	-18.640534	-49.331996	0.661682	continued:5	124384776697171140630079328682461662975044243401923320030869	498768035658202821504918316513	-1,-8,-8,-8,-8,-8	-8,-8,-8,-8,-8	ok
-0.344454	-18.640534	-49.811925	0.658889	continued:5	124384776697171140630079328682461662975044243401923320030869	498768035658202821504918316513	-1,-8,-8,-8,-8,-8	-8,-8,-8,-8,-8	ok
-0.341618	-18.640534	-50.216940	0.656096	continued:5	124384776697171140630079328682461662975044243401923320030869	498768035658202821504918316513	-1,-8,-8,-8,-8,-8	-8,-8,-8,-8,-8	ok
-0.338782	-18.640534	-50.560784	0.653637	continued:5	124384776697171140630079328682461662975044243401923320030869	498768035658202821504918316513	-1,-8,-8,-8,-8,-8	-8,-8,-8,-8,-8	ok
-0.335947	-18.640534	-50.851929	0.651512	continued:5	124384776697171140630079328682461662975044243401923320030869	498768035658202821504918316513	-1,-8,-8,-8,-8,-8	-8,-8,-8,-8,-8	ok
-0.333111	-18.640534	-51.097636	0.649722	continued:5	124384776697171140630079328682461662975044243401923320030869	498768035658202821504918316513	-1,-8,-8,-8,-8,-8	-8,-8,-8,-8,-8	ok
-0.330275	-18.640534	-51.304028	0.648473	continued:5	124384776697171140630079328682461662975044243401923320030869	498768035658202821504918316513	-1,-8,-8,-8,-8,-8	-8,-8,-8,-8,-8	ok
-0.327440	-18.640534	-51.474354	0.647223	continued:5	124384776697171140630079328682461662975044243401923320030869	498768035658202821504918316513	-1,-8,-8,-8,-8,-8	-8,-8,-8,-8,-8	ok
-0.324604	-18.640534	-51.616175	0.646308	continued:5	124384776697171140630079328682461662975044243401923320030869	498768035658202821504918316513	-1,-8,-8,-8,-8,-8	-8,-8,-8,-8,-8	ok
-0.321768	-18.640534	-51.732557	0.645600	continued:5	124384776697171140630079328682461662975044243401923320030869	498768035658202821504918316513	-1,-8,-8,-8,-8,-8	-8,-8,-8,-8,-8	ok
-0.318932	-18.640534	-51.827110	0.645099	continued:5	124384776697171140630079328682461662975044243401923320030869	498768035658202821504918316513	-1,-8,-8,-8,-8,-8	-8,-8,-8,-8,-8	ok
-0.316097	-18.640534	-51.902707	0.644725	continued:5	124384776697171140630079328682461662975044243401923320030869	498768035658202821504918316513	-1,-8,-8,-8,-8,-8	-8,-8,-8,-8,-8	ok
-0.313261	-18.640534	-51.962321	0.644223	continued:5	124384776697171140630079328682461662975044243401923320030869	498768035658202821504918316513	-1,-8,-8,-8,-8,-8	-8,-8,-8,-8,-8	ok
-0.310425	-18.640534	-52.010524	0.644056	continued:5	124384776697171140630079328682461662975044243401923320030869	498768035658202821504918316513	-1,-8,-8,-8,-8,-8	-8,-8,-8,-8,-8	ok
-0.307590	-18.640534	-52.046869	0.643682	continued:5	124384776697171140630079328682461662975044243401923320030869	498768035658202821504918316513	-1,-8,-8,-8,-8,-8	-8,-8,-8,-8,-8	ok
-0.304754	-18.640534	-52.075729	0.642767	full	124384776697171140630079328682461662975044243401923320030869	498768035658202821504918316513	-1,-8,-8,-8,-8,-8	-8,-8,-8,-8,-8	ok
-0.301918	-18.640534								error: T SSCS does not start with ±1: [-2, -8, -8, -8, -8, -8]
-0.299083	-18.640534								error: T SSCS does not start with ±1: [-2, -8, -8, -8, -8, -8]
-0.296247	-18.640534								error: T SSCS does not start with ±1: [-2, -8, -8, -8, -8, -8]
-0.293411	-18.640534								error: T SSCS does not start with ±1: [-2, -8, -8, -8, -8, -8]
-0.290575	-18.640534								error: T SSCS does not start with ±1: [-2, -8, -8, -8, -8, -8]
-0.287740	-18.640534								error: T SSCS does not start with ±1: [-2, -8, -8, -8, -8, -8]
-0.284904	-18.640534								error: T SSCS does not start with ±1: [-2, -8, -8, -8, -8, -8]
-0.282068	-18.640534								error: T SSCS does not start with ±1: [-2, -8, -8, -8, -8, -8]
-0.279233	-18.640534								error: T SSCS does not start with ±1: [-2, -8, -8, -8, -8, -8]
-0.276397	-18.640534								error: T SSCS does not start with ±1: [-2, -8, -8, -8, -8, -8]
-0.273561	-18.640534								error: T SSCS does not start with ±1: [-2, -8, -8, -8, -8, -8]
-0.270726	-18.640534								error: T SSCS does not start with ±1: [-2, -8, -8, -8, -8, -8]
-0.267890	-18.640534								error: T SSCS does not start with ±1: [-2, -8, -8, -8, -8, -8]
-0.265054	-18.640534								error: T SSCS does not start with ±1: [-2, -8, -8, -8, -8, -8]
-0.262219	-18.640534								error: T SSCS does not start with ±1: [-2, -8, -8, -8, -8, -8]
-0.259383	-18.640534								error: T SSCS does not start with ±1: [-2, -8, -8, -8, -8, -8]
-0.256547	-18.640534								error: T SSCS does not start with ±1: [-2, -8, -8, -8, -8, -8]
-0.253711	-18.640534								error: T SSCS does not start with ±1: [-2, -8, -8, -8, -8, -8]
-0.250876	-18.640534								error: T SSCS does not start with ±1: [-2, -8, -8, -8, -8, -8]
-0.248040	-18.640534								error: T SSCS does not start with ±1: [-2, -8, -8, -8, -8, -8]
-0.245204	-18.640534								error: T SSCS does not start with ±1: [-2, -8, -8, -8, -8, -8]
-0.242369	-18.640534								error: T SSCS does not start with ±1: [-2, -8, -8, -8, -8, -8]
-0.239533	-18.640534								error: T SSCS does not start with ±1: [-2, -8, -8, -8, -8, -8]
-0.236697	-18.640534								error: T SSCS does not start with ±1: [-2, -8, -8, -8, -8, -8]
-0.233862	-18.640534								error: T SSCS does not start with ±1: [-2, -8, -8, -8, -8, -8]
-0.231026	-18.640534								error: T SSCS does not start with ±1: [-2, -8, -8, -8, -8, -8]
-0.228190	-18.640534								error: T SSCS does not start with ±1: [-2, -8, -8, -8, -8, -8]
-0.225354	-18.640534								error: T SSCS does not start with ±1: [-2, -8, -8, -8, -8, -8]
-0.222519	-18.640534								error: T SSCS does not start with ±1: [-2, -8, -8, -8, -8, -8]
-0.219683	-18.640534								error: T SSCS does not start with ±1: [-2, -8, -8, -8, -8, -8]
-0.216847	-18.640534								error: T SSCS does not start with ±1: [-2, -8, -8, -8, -8, -8]
-0.214012	-18.640534								error: T SSCS does not start with ±1: [-2, -8, -8, -8, -8, -8]
-0.211176	-18.640534								error: T SSCS does not start with ±1: [-2, 7, -8, -8, -8, -8]
-0.208340	-18.640534								error: T SSCS does not start with ±1: [-2, 7, -8, -8, -8, -8]
-0.205505	-18.640534								error: T SSCS does not start with ±1: [-2, 7, -8, -8, -8]
-0.202669	-18.640534								error: T SSCS does not start with ±1: [-2, 7, -8, -8, -8]
-0.199833	-18.640534								error: T SSCS does not start with ±1: [-2, 7, -8, -8, -8]
-0.196997	-18.640534								error: T SSCS does not start with ±1: [-2, 7, 7, -8, 7]
-0.194162	-18.640534								error: T SSCS does not start with ±1: [-2, 7, 7, 7, 7]
-0.191326	-18.640534								error: T SSCS does not start with ±1: [-2, 7, 7, 7, 7]
-0.188490	-18.640534								error: T SSCS does not start with ±1: [-2, 7, 7, 7, 7]
-0.185655	-18.640534								error: T SSCS does not start with ±1: [-2, 7, 7, 7, 7]
-0.182819	-18.640534								error: T SSCS does not start with ±1: [-2, 7, 7, 7, 7]
-0.179983	-18.640534								error: T SSCS does not start with ±1: [-2, 7, 7, 7, 7]
-0.177148	-18.640534								error: T SSCS does not start with ±1: [-2, 7, 7, 7, 7]
-0.174312	-18.640534								error: T SSCS does not start with ±1: [-2, 7, 7, 7, 7]
-0.171476	-18.640534								error: T SSCS does not start with ±1: [-2, 7, 7, 7, 7]
-0.168641	-18.640534								error: T SSCS does not start with ±1: [-2, 7, 7, 7, 7]
-0.165805	-18.640534								error: T SSCS does not start with ±1: [-2, 7, 7, 7, 7]
-0.162969	-18.640534								error: T SSCS does not start with ±1: [-2, 7, 7, 7, 7]
-0.160133	-18.640534								error: T SSCS does not start with ±1: [-2, 7, 7, 7, 7]
-0.157298	-18.640534								error: T SSCS does not start with ±1: [-2, 7, 7, 7, 7]
-0.154462	-18.640534								error: T SSCS does not start with ±1: [-2, 7, 7, 7, 7]
-0.151626	-18.640534								error: T SSCS does not start with ±1: [-2, 7, 7, 7, 7, 7]
-0.148791	-18.640534								error: T SSCS does not start with ±1: [-2, 7, 7, 7, 7, 7]
-0.145955	-18.640534								error: T SSCS does not start with ±1: [-2, 7, 7, 7, 7, 7]
-0.143119	-18.640534								error: T SSCS does not start with ±1: [-2, 7, 7, 7, 7, 7]
-0.140284	-18.640534								error: T SSCS does not start with ±1: [-2, 7, 7, 7, 7, 7]
-0.137448	-18.640534								error: T SSCS does not start with ±1: [-2, 7, 7, 7, 7, 7]
-0.134612	-18.640534								error: T SSCS does not start with ±1: [-2, 7, 7, 7, 7, 7]
-0.131776	-18.640534								error: T SSCS does not start with ±1: [-2, 7, 7, 7, 7, 7]
-0.128941	-18.640534								error: T SSCS does not start with ±1: [-2, 7, 7, 7, 7, 7]
-0.126105	-18.640534								error: T SSCS does not start with ±1: [-2, 7, 7, 7, 7, 7]
-0.123269	-18.640534								error: T SSCS does not start with ±1: [-2, 7, 7, 7, 7, 7]
-0.120434	-18.640534								error: T SSCS does not start with ±1: [-2, 7, 7, 7, 7, 7]
-0.117598	-18.640534								error: T SSCS does not start with ±1: [-2, 7, 7, 7, 7, 7]
-0.114762	-18.640534								error: T SSCS does not start with ±1: [-2, 7, 7, 7, 7, 7]
-0.111927	-18.640534								error: T SSCS does not start with ±1: [-2, 7, 7, 7, 7, 7]
-0.109091	-18.640534								error: T SSCS does not start with ±1: [-2, 7, 7, 7, 7, 7]
-0.106255	-18.640534								error: T SSCS does not start with ±1: [-2, 7, 7, 7, 7, 7]
-0.103420	-18.640534								error: T SSCS does not start with ±1: [-2, 7, 7, 7, 7, 7]
-0.100584	-18.640534								error: T SSCS does not start with ±1: [-2, 7, 7, 7, 7, 7]
-0.097748	-18.640534								error: T SSCS does not start with ±1: [-2, 7, 7, 7, 7, 7]
-0.094912	-18.640534								error: T SSCS does not start with ±1: [-2, 7, 7, 7, 7, 7]
-0.092077	-18.640534								error: T SSCS does not start with ±1: [-2, 7, 7, 7, 7, 7]
-0.089241	-18.640534								error: T SSCS does not start with ±1: [-2, 7, 7, 7, 7, 7]
-0.086405	-18.640534								error: T SSCS does not start with ±1: [-2, 7, 7, 7, 7, 7]
-0.083570	-18.640534								error: T SSCS does not start with ±1: [-2, 7, 7, 7, 7, 7]
-0.080734	-18.640534								error: T SSCS does not start with ±1: [-2, 7, 7, 7, 7, 7]
-0.077898	-18.640534								error: T SSCS does not start with ±1: [-2, 7, 7, 7, 7, 7]
-0.075063	-18.640534								error: T SSCS does not start with ±1: [-2, 7, 7, 7, 7, 7]
-0.072227	-18.640534								error: T SSCS does not start with ±1: [-2, 7, 7, 7, 7, 7]
-0.069391	-18.640534								error: T SSCS does not start with ±1: [-2, 7, 7, 7, 7, 7]
-0.066555	-18.640534								error: T SSCS does not start with ±1: [-2, 7, 7, 7, 7, 7]
-0.063720	-18.640534								error: T SSCS does not start with ±1: [-2, 7, 7, 7, 7, 7]
-0.060884	-18.640534								error: T SSCS does not start with ±1: [-2, 7, 7, 7, 7, 7]
-0.058048	-18.640534								error: T SSCS does not start with ±1: [-2, 7, 7, 7, 7, 7]
-0.055213	-18.640534								error: T SSCS does not start with ±1: [-2, 7, 7, 7, 7, 7]
-0.052377	-18.640534								error: T SSCS does not start with ±1: [-2, 7, 7, 7, 7, 7]
-0.049541	-18.640534								error: T SSCS does not start with ±1: [-2, 7, 7, 7, 7, 7]
-0.046706	-18.640534								error: T SSCS does not start with ±1: [-2, 7, 7, 7, 7, 7]
-0.043870	-18.640534								error: T SSCS does not start with ±1: [-2, 7, 7, 7, 7, 7]
-0.041034	-18.640534								error: T SSCS does not start with ±1: [-2, 7, 7, 7, 7, 7]
-0.038198	-18.640534								error: T SSCS does not start with ±1: [-2, 7, 7, 7, 7, 7]
-0.035363	-18.640534								error: T SSCS does not start with ±1: [-2, 7, 7, 7, 7, 7]
-0.032527	-18.640534								error: T SSCS does not start with ±1: [-2, 7, 7, 7, 7, 7]
-0.029691	-18.640534								error: T SSCS does not start with ±1: [-2, 7, 7, 7, 7, 7]
-0.026856	-18.640534								error: T SSCS does not start with ±1: [-2, 7, 7, 7, 7, 7]
-0.024020	-18.640534								error: T SSCS does not start with ±1: [-2, 7, 7, 7, 7, 7]
-0.021184	-18.640534								error: T SSCS does not start with ±1: [-2, 7, 7, 7, 7, 7]
-0.018349	-18.640534								error: T SSCS does not start with ±1: [-2, 7, 7, 7, 7, 7]
-0.015513	-18.640534								error: T SSCS does not start with ±1: [-2, 7, 7, 7, 7, 7]
-0.012677	-18.640534								error: T SSCS does not start with ±1: [-2, 7, 7, 7, 7, 7]
-0.009842	-18.640534								error: T SSCS does not start with ±1: [-2, 7, 7, 7, 7, 7]
-0.007006	-18.640534								error: T SSCS does not start with ±1: [-2, 7, 7, 7, 7, 7]
-0.004170	-18.640534								error: T SSCS does not start with ±1: [-2, 7, 7, 7, 7, 7]
-0.001334	-18.640534								error: T SSCS does not start with ±1: [-2, 7, 7, 7, 7, 7]
0.001501	-18.640534								error: T SSCS does not start with ±1: [-2, 7, 7, 7, 7, 7]
0.004337	-18.640534								error: T SSCS does not start with ±1: [-2, 7, 7, 7, 7, 7]
0.007173	-18.640534								error: T SSCS does not start with ±1: [-2, 7, 7, 7, 7, 7]
0.010008	-18.640534								error: T SSCS does not start with ±1: [-2, 7, 7, 7, 7, 7]
0.012844	-18.640534								error: T SSCS does not start with ±1: [-2, 7, 7, 7, 7, 7]
0.015680	-18.640534								error: T SSCS does not start with ±1: [-2, 7, 7, 7, 7, 7]
0.018515	-18.640534								error: T SSCS does not start with ±1: [-2, 7, 7, 7, 7, 7]
0.021351	-18.640534								error: T SSCS does not start with ±1: [-2, 7, 7, 7, 7, 7]
0.024187	-18.640534								error: T SSCS does not start with ±1: [-2, 7, 7, 7, 7, 7]
0.027023	-18.640534								error: T SSCS does not start with ±1: [-2, 7, 7, 7, 7, 7]
0.029858	-18.640534								error: T SSCS does not start with ±1: [-2, 7, 7, 7, 7, 7]
0.032694	-18.640534								error: T SSCS does not start with ±1: [-2, 7, 7, 7, 7, 7]
0.035530	-18.640534								error: T SSCS does not start with ±1: [-2, 7, 7, 7, 7, 7]
0.038365	-18.640534								error: T SSCS does not start with ±1: [-2, 7, 7, 7, 7, 7]
0.041201	-18.640534								error: T SSCS does not start with ±1: [-2, 7, 7, 7, 7, 7]
0.044037	-18.640534								error: T SSCS does not start with ±1: [-2, 7, 7, 7, 7, 7]
0.046872	-18.640534								error: T SSCS does not start with ±1: [-2, 7, 7, 7, 7, 7]
0.049708	-18.640534								error: T SSCS does not start with ±1: [-2, 7, 7, 7, 7, 7]
0.052544	-18.640534								error: T SSCS does not start with ±1: [-2, 7, 7, 7, 7, 7]
0.055379	-18.640534								error: T SSCS does not start with ±1: [-2, 7, 7, 7, 7, 7]
0.058215	-18.640534								error: T SSCS does not start with ±1: [-2, 7, 7, 7, 7, 7]
0.061051	-18.640534								error: T SSCS does not start with ±1: [-2, 7, 7, 7, 7, 7]
0.063887	-18.640534								error: T SSCS does not start with ±1: [-2, 7, 7, 7, 7, 7]
0.066722	-18.640534								error: T SSCS does not start with ±1: [-2, 7, 7, 7, 7, 7]
0.069558	-18.640534								error: T SSCS does not start with ±1: [-2, 7, 7, 7, 7, 7]
0.072394	-18.640534								error: T SSCS does not start with ±1: [-2, 7, 7, 7, 7, 7]
0.075229	-18.640534								error: T SSCS does not start with ±1: [-2, 7, 7, 7, 7, 7]
0.078065	-18.640534								error: T SSCS does not start with ±1: [-2, 7, 7, 7, 7, 7]
0.080901	-18.640534								error: T SSCS does not start with ±1: [-2, 7, 7, 7, 7, 7]
0.083736	-18.640534								error: T SSCS does not start with ±1: [-2, 7, 7, 7, 7, 7]
0.086572	-18.640534								error: T SSCS does not start with ±1: [-2, 7, 7, 7, 7, 7]
0.089408	-18.640534								error: T SSCS does not start with ±1: [-2, 7, 7, 7, 7, 7]
0.092244	-18.640534								error: T SSCS does not start with ±1: [-2, 7, 7, 7, 7, 7]
0.095079	-18.640534								error: T SSCS does not start with ±1: [-2, 7, 7, 7, 7, 7]
0.097915	-18.640534								error: T SSCS does not start with ±1: [-2, 7, 7, 7, 7, 7]
0.100751	-18.640534								error: T SSCS does not start with ±1: [-2, 7, 7, 7, 7, 7]
0.103586	-18.640534								error: T SSCS does not start with ±1: [-2, 7, 7, 7, 7, 7]
0.106422	-18.640534								error: T SSCS does not start with ±1: [-2, 7, 7, 7, 7, 7]
0.109258	-18.640534								error: T SSCS does not start with ±1: [-2, 7, 7, 7, 7, 7]
0.112093	-18.640534								error: T SSCS does not start with ±1: [-2, 7, 7, 7, 7, 7]
0.114929	-18.640534								error: T SSCS does not start with ±1: [-2, 7, 7, 7, 7, 7]
0.117765	-18.640534								error: T SSCS does not start with ±1: [-2, 7, 7, 7, 7, 7]
0.120601	-18.640534								error: T SSCS does not start with ±1: [-2, 7, 7, 7, 7, 7]
0.123436	-18.640534								error: T SSCS does not start with ±1: [-2, 7, 7, 7, 7, 7]
0.126272	-18.640534								error: T SSCS does not start with ±1: [-2, 7, 7, 7, 7, 7]
0.129108	-18.640534								error: T SSCS does not start with ±1: [-2, 7, 7, 7, 7, 7]
0.131943	-18.640534								error: T SSCS does not start with ±1: [-2, 7, 7, 7, 7, 7]
0.134779	-18.640534								error: T SSCS does not start with ±1: [-2, 7, 7, 7, 7, 7]
0.137615	-18.640534								error: T SSCS does not start with ±1: [-2, 7, 7, 7, 7, 7]
0.140450	-18.640534								error: T SSCS does not start with ±1: [-2, 7, 7, 7, 7, 7]
0.143286	-18.640534								error: T SSCS does not start with ±1: [-2, 7, 7, 7, 7, 7]
0.146122	-18.640534								error: T SSCS does not start with ±1: [-2, 7, 7, 7, 7, 7]
0.148957	-18.640534								error: T SSCS does not start with ±1: [-2, 7, 7, 7, 7, 7]
0.151793	-18.640534								error: T SSCS does not start with ±1: [-2, 7, 7, 7, 7, 7]
0.154629	-18.640534								error: T SSCS does not start with ±1: [-2, 7, 7, 7, 7, 7]
0.157465	-18.640534								error: T SSCS does not start with ±1: [-2, 7, 7, 7, 7, 7]
0.160300	-18.640534								error: T SSCS does not start with ±1: [-2, 7, 7, 7, 7, 7]
0.163136	-18.640534								error: T SSCS does not start with ±1: [-2, 7, 7, 7, 7, 7]
0.165972	-18.640534								error: T SSCS does not start with ±1: [-2, 7, 7, 7, 7, 7]
0.168807	-18.640534								error: T SSCS does not start with ±1: [-2, 7, 7, 7, 7, 7]
0.171643	-18.640534								error: T SSCS does not start with ±1: [-2, 7, 7, 7, 7, 7]
0.174479	-18.640534								error: T SSCS does not start with ±1: [-2, 7, 7, 7, 7, 7]
0.177314	-18.640534								error: T SSCS does not start with ±1: [-2, 7, 7, 7, 7, 7]
0.180150	-18.640534								error: T SSCS does not start with ±1: [-2, 7, 7, 7, 7, 7]
0.182986	-18.640534								error: T SSCS does not start with ±1: [-2, 7, 7, 7, 7, 7]
0.185822	-18.640534								error: T SSCS does not start with ±1: [-2, 7, 7, 7, 7, 7]
0.188657	-18.640534								error: T SSCS does not start with ±1: [-2, 7, 7, 7, 7, 7]
0.191493	-18.640534								error: T SSCS does not start with ±1: [-2, 7, 7, 7, 7, 7]
0.194329	-18.640534								error: T SSCS does not start with ±1: [-2, 7, 7, 7, 7, 7]
0.197164	-18.640534								error: T SSCS does not start with ±1: [-2, 7, 7, 7, 7, 7]
0.200000	-18.640534								error: T SSCS does not start with ±1: [-2, 7, 7, 7, 7, 7]
