delta_x	delta_ca	T0_V	T0_Ca	T0_method	T_encoding	gamma_encoding	T_scs	gamma_scs	status
-3.200000	-37.556297								error: T SSCS does not start with ±1: [0, 0, 0, 0, 0, 0, 0, 0, 0, 0]
-3.197164	-37.556297								error: T SSCS does not start with ±1: [0, 0, 0, 0, 0, 0, 0, 0, 0, 0]
-3.194329	-37.556297								error: T SSCS does not start with ±1: [0, 0, 0, 0, 0, 0, 0, 0, 0, 0]
-3.191493	-37.556297								error: T SSCS does not start with ±1: [0, 0, 0, 0, 0, 0, 0, 0, 0, 0]
-3.188657	-37.556297								error: T SSCS does not start with ±1: [0, 0, 0, 0, 0, 0, 0, 0, 0, 0]
-3.185822	-37.556297								error: T SSCS does not start with ±1: [0, 0, 0, 0, 0, 0, 0, 0, 0, 0]
-3.182986	-37.556297								error: T SSCS does not start with ±1: [0, 0, 0, 0, 0, 0, 0, 0, 0, 0]
-3.180150	-37.556297								error: T SSCS does not start with ±1: [0, 0, 0, 0, 0, 0, 0, 0, 0, 0]
-3.177314	-37.556297								error: T SSCS does not start with ±1: [0, 0, 0, 0, 0, 0, 0, 0, 0, 0]
-3.174479	-37.556297								error: T SSCS does not start with ±1: [0, 0, 0, 0, 0, 0, 0, 0, 0, 0]
-3.171643	-37.556297								error: T SSCS does not start with ±1: [0, 0, 0, 0, 0, 0, 0, 0, 0, 0]
-3.168807	-37.556297								error: T SSCS does not start with ±1: [0, 0, 0, 0, 0, 0, 0, 0, 0, 0]
-3.165972	-37.556297								error: T SSCS does not start with ±1: [0, 0, 0, 0, 0, 0, 0, 0, 0, 0]
-3.163136	-37.556297								error: T SSCS does not start with ±1: [0, 0, 0, 0, 0, 0, 0, 0, 0, 0]
-3.160300	-37.556297								error: T SSCS does not start with ±1: [0, 0, 0, 0, 0, 0, 0, 0, 0, 0]
-3.157465	-37.556297								error: T SSCS does not start with ±1: [0, 0, 0, 0, 0, 0, 0, 0, 0, 0]
-3.154629	-37.556297								error: T SSCS does not start with ±1: [0, 0, 0, 0, 0, 0, 0, 0, 0, 0]
-3.151793	-37.556297								error: T SSCS does not start with ±1: [0, 0, 0, 0, 0, 0, 0, 0, 0, 0]
-3.148957	-37.556297								error: T SSCS does not start with ±1: [0, 0, 0, 0, 0, 0, 0, 0, 0, 0]
-3.146122	-37.556297								error: T SSCS does not start with ±1: [0, 0, 0, 0, 0, 0, 0, 0, 0, 0]
-3.143286	-37.556297								error: T SSCS does not start with ±1: [0, 0, 0, 0, 0, 0, 0, 0, 0, 0]
-3.140450	-37.556297								error: T SSCS does not start with ±1: [0, 0, 0, 0, 0, 0, 0, 0, 0, 0]
-3.137615	-37.556297								error: T SSCS does not start with ±1: [0, 0, 0, 0, 0, 0, 0, 0, 0, 0]
-3.134779	-37.556297								error: T SSCS does not start with ±1: [0, 0, 0, 0, 0, 0, 0, 0, 0, 0]
-3.131943	-37.556297								error: T SSCS does not start with ±1: [0, 0, 0, 0, 0, 0, 0, 0, 0, 0]
-3.129108	-37.556297								error: T SSCS does not start with ±1: [0, 0, 0, 0, 0, 0, 0, 0, 0, 0]
-3.126272	-37.556297								error: T SSCS does not start with ±1: [0, 0, 0, 0, 0, 0, 0, 0, 0, 0]
-3.123436	-37.556297								error: T SSCS does not start with ±1: [0, 0, 0, 0, 0, 0, 0, 0, 0, 0]
-3.120601	-37.556297								error: T SSCS does not start with ±1: [0, 0, 0, 0, 0, 0, 0, 0, 0, 0]
-3.117765	-37.556297								error: T SSCS does not start with ±1: [0, 0, 0, 0, 0, 0, 0, 0, 0, 0]
-3.114929	-37.556297								error: T SSCS does not start with ±1: [0, 0, 0, 0, 0, 0, 0, 0, 0, 0]
-3.112093	-37.556297								error: T SSCS does not start with ±1: [0, 0, 0, 0, 0, 0, 0, 0, 0, 0]
-3.109258	-37.556297								error: T SSCS does not start with ±1: [0, 0, 0, 0, 0, 0, 0, 0, 0, 0]
-3.106422	-37.556297								error: T SSCS does not start with ±1: [0, 0, 0, 0, 0, 0, 0, 0, 0, 0]
-3.103586	-37.556297								error: T SSCS does not start with ±1: [0, 0, 0, 0, 0, 0, 0, 0, 0, 0]
-3.100751	-37.556297								error: T SSCS does not start with ±1: [0, 0, 0, 0, 0, 0, 0, 0, 0, 0]
-3.097915	-37.556297								error: T SSCS does not start with ±1: [0, 0, 0, 0, 0, 0, 0, 0, 0, 0]
-3.095079	-37.556297								error: T SSCS does not start with ±1: [0, 0, 0, 0, 0, 0, 0, 0, 0, 0]
-3.092244	-37.556297								error: T SSCS does not start with ±1: [0, 0, 0, 0, 0, 0, 0, 0, 0, 0]
-3.089408	-37.556297								error: T SSCS does not start with ±1: [0, 0, 0, 0, 0, 0, 0, 0, 0, 0]
-3.086572	-37.556297								error: T SSCS does not start with ±1: [0, 0, 0, 0, 0, 0, 0, 0, 0, 0]
-3.083736	-37.556297								error: T SSCS does not start with ±1: [0, 0, 0, 0, 0, 0, 0, 0, 0, 0]
-3.080901	-37.556297								error: T SSCS does not start with ±1: [0, 0, 0, 0, 0, 0, 0, 0, 0, 0]
-3.078065	-37.556297								error: T SSCS does not start with ±1: [0, 0, 0, 0, 0, 0, 0, 0, 0, 0]
-3.075229	-37.556297								error: T SSCS does not start with ±1: [0, 0, 0, 0, 0, 0, 0, 0, 0, 0]
-3.072394	-37.556297								error: T SSCS does not start with ±1: [0, 0, 0, 0, 0, 0, 0, 0, 0, 0]
-3.069558	-37.556297								error: T SSCS does not start with ±1: [0, 0, 0, 0, 0, 0, 0, 0, 0, 0]
-3.066722	-37.556297								error: T SSCS does not start with ±1: [0, 0, 0, 0, 0, 0, 0, 0, 0, 0]
-3.063887	-37.556297								error: T SSCS does not start with ±1: [0, 0, 0, 0, 0, 0, 0, 0, 0, 0]
-3.061051	-37.556297								error: T SSCS does not start with ±1: [0, 0, 0, 0, 0, 0, 0, 0, 0, 0]
-3.058215	-37.556297								error: T SSCS does not start with ±1: [0, 0, 0, 0, 0, 0, 0, 0, 0, 0]
-3.055379	-37.556297								error: T SSCS does not start with ±1: [0, 0, 0, 0, 0, 0, 0, 0, 0, 0]
-3.052544	-37.556297								error: T SSCS does not start with ±1: [0, 0, 0, 0, 0, 0, 0, 0, 0, 0]
-3.049708	-37.556297								error: T SSCS does not start with ±1: [0, 0, 0, 0, 0, 0, 0, 0, 0, 0]
-3.046872	-37.556297								error: T SSCS does not start with ±1: [0, 0, 0, 0, 0, 0, 0, 0, 0, 0]
-3.044037	-37.556297								error: T SSCS does not start with ±1: [0, 0, 0, 0, 0, 0, 0, 0, 0, 0]
-3.041201	-37.556297								error: T SSCS does not start with ±1: [0, 0, 0, 0, 0, 0, 0, 0, 0, 0]
-3.038365	-37.556297								error: T SSCS does not start with ±1: [0, 0, 0, 0, 0, 0, 0, 0, 0, 0]
-3.035530	-37.556297								error: T SSCS does not start with ±1: [0, 0, 0, 0, 0, 0, 0, 0, 0, 0]
-3.032694	-37.556297								error: T SSCS does not start with ±1: [0, 0, 0, 0, 0, 0, 0, 0, 0, 0]
-3.029858	-37.556297								error: T SSCS does not start with ±1: [0, 0, 0, 0, 0, 0, 0, 0, 0, 0]
-3.027023	-37.556297								error: T SSCS does not start with ±1: [0, 0, 0, 0, 0, 0, 0, 0, 0, 0]
-3.024187	-37.556297								error: T SSCS does not start with ±1: [0, 0, 0, 0, 0, 0, 0, 0, 0, 0]
-3.021351	-37.556297								error: T SSCS does not start with ±1: [0, 0, 0, 0, 0, 0, 0, 0, 0, 0]
-3.018515	-37.556297								error: T SSCS does not start with ±1: [0, 0, 0, 0, 0, 0, 0, 0, 0, 0]
-3.015680	-37.556297								error: T SSCS does not start with ±1: [0, 0, 0, 0, 0, 0, 0, 0, 0, 0]
-3.012844	-37.556297								error: T SSCS does not start with ±1: [0, 0, 0, 0, 0, 0, 0, 0, 0, 0]
-3.010008	-37.556297								error: T SSCS does not start with ±1: [0, 0, 0, 0, 0, 0, 0, 0, 0, 0]
-3.007173	-37.556297								error: T SSCS does not start with ±1: [0, 0, 0, 0, 0, 0, 0, 0, 0, 0]
-3.004337	-37.556297								error: T SSCS does not start with ±1: [0, 0, 0, 0, 0, 0, 0, 0, 0, 0]
-3.001501	-37.556297								error: T SSCS does not start with ±1: [0, 0, 0, 0, 0, 0, 0, 0, 0, 0]
-2.998666	-37.556297								error: T SSCS does not start with ±1: [0, 0, 0, 0, 0, 0, 0, 0, 0, 0]
-2.995830	-37.556297								error: T SSCS does not start with ±1: [0, 0, 0, 0, 0, 0, 0, 0, 0, 0]
-2.992994	-37.556297								error: T SSCS does not start with ±1: [0, 0, 0, 0, 0, 0, 0, 0, 0, 0]
-2.990158	-37.556297								error: T SSCS does not start with ±1: [0, 0, 0, 0, 0, 0, 0, 0, 0, 0]
-2.987323	-37.556297								error: T SSCS does not start with ±1: [0, 0, 0, 0, 0, 0, 0, 0, 0, 0]
-2.984487	-37.556297								error: T SSCS does not start with ±1: [0, 0, 0, 0, 0, 0, 0, 0, 0, 0]
-2.981651	-37.556297								error: T SSCS does not start with ±1: [0, 0, 0, 0, 0, 0, 0, 0, 0, 0]
-2.978816	-37.556297								error: T SSCS does not start with ±1: [0, 0, 0, 0, 0, 0, 0, 0, 0, 0]
-2.975980	-37.556297								error: T SSCS does not start with ±1: [0, 0, 0, 0, 0, 0, 0, 0, 0, 0]
-2.973144	-37.556297								error: T SSCS does not start with ±1: [0, 0, 0, 0, 0, 0, 0, 0, 0, 0]
-2.970309	-37.556297								error: T SSCS does not start with ±1: [0, 0, 0, 0, 0, 0, 0, 0, 0, 0]
-2.967473	-37.556297								error: T SSCS does not start with ±1: [0, 0, 0, 0, 0, 0, 0, 0, 0, 0]
-2.964637	-37.556297								error: T SSCS does not start with ±1: [0, 0, 0, 0, 0, 0, 0, 0, 0, 0]
-2.961802	-37.556297								error: T SSCS does not start with ±1: [0, 0, 0, 0, 0, 0, 0, 0, 0, 0]
-2.958966	-37.556297								error: T SSCS does not start with ±1: [0, 0, 0, 0, 0, 0, 0, 0, 0, 0]
-2.956130	-37.556297								error: T SSCS does not start with ±1: [0, 0, 0, 0, 0, 0, 0, 0, 0, 0]
-2.953294	-37.556297								error: T SSCS does not start with ±1: [0, 0, 0, 0, 0, 0, 0, 0, 0, 0]
-2.950459	-37.556297								error: T SSCS does not start with ±1: [0, 0, 0, 0, 0, 0, 0, 0, 0, 0]
-2.947623	-37.556297								error: T SSCS does not start with ±1: [0, 0, 0, 0, 0, 0, 0, 0, 0, 0]
-2.944787	-37.556297								error: T SSCS does not start with ±1: [0, 0, 0, 0, 0, 0, 0, 0, 0, 0]
-2.941952	-37.556297								error: T SSCS does not start with ±1: [0, 0, 0, 0, 0, 0, 0, 0, 0, 0]
-2.939116	-37.556297								error: T SSCS does not start with ±1: [0, 0, 0, 0, 0, 0, 0, 0, 0, 0]
-2.936280	-37.556297								error: T SSCS does not start with ±1: [0, 0, 0, 0, 0, 0, 0, 0, 0, 0]
-2.933445	-37.556297								error: T SSCS does not start with ±1: [0, 0, 0, 0, 0, 0, 0, 0, 0, 0]
-2.930609	-37.556297								error: T SSCS does not start with ±1: [0, 0, 0, 0, 0, 0, 0, 0, 0, 0]
-2.927773	-37.556297								error: T SSCS does not start with ±1: [0, 0, 0, 0, 0, 0, 0, 0, 0, 0]
-2.924937	-37.556297								error: T SSCS does not start with ±1: [0, 0, 0, 0, 0, 0, 0, 0, 0, 0]
-2.922102	-37.556297								error: T SSCS does not start with ±1: [0, 0, 0, 0, 0, 0, 0, 0, 0, 0]
-2.919266	-37.556297								error: T SSCS does not start with ±1: [0, 0, 0, 0, 0, 0, 0, 0, 0, 0]
-2.916430	-37.556297								error: T SSCS does not start with ±1: [0, 0, 0, 0, 0, 0, 0, 0, 0, 0]
-2.913595	-37.556297								error: T SSCS does not start with ±1: [0, 0, 0, 0, 0, 0, 0, 0, 0, 0]
-2.910759	-37.556297								error: T SSCS does not start with ±1: [0, 0, 0, 0, 0, 0, 0, 0, 0, 0]
-2.907923	-37.556297								error: T SSCS does not start with ±1: [0, 0, 0, 0, 0, 0, 0, 0, 0, 0]
-2.905088	-37.556297								error: T SSCS does not start with ±1: [0, 0, 0, 0, 0, 0, 0, 0, 0, 0]
-2.902252	-37.556297								error: T SSCS does not start with ±1: [0, 0, 0, 0, 0, 0, 0, 0, 0, 0]
-2.899416	-37.556297								error: T SSCS does not start with ±1: [0, 0, 0, 0, 0, 0, 0, 0, 0, 0]
-2.896580	-37.556297								error: T SSCS does not start with ±1: [0, 0, 0, 0, 0, 0, 0, 0, 0, 0]
-2.893745	-37.556297								error: T SSCS does not start with ±1: [0, 0, 0, 0, 0, 0, 0, 0, 0, 0]
-2.890909	-37.556297								error: T SSCS does not start with ±1: [0, 0, 0, 0, 0, 0, 0, 0, 0, 0]
-2.888073	-37.556297								error: T SSCS does not start with ±1: [0, 0, 0, 0, 0, 0, 0, 0, 0, 0]
-2.885238	-37.556297								error: T SSCS does not start with ±1: [0, 0, 0, 0, 0, 0, 0, 0, 0, 0]
-2.882402	-37.556297								error: T SSCS does not start with ±1: [0, 0, 0, 0, 0, 0, 0, 0, 0, 0]
-2.879566	-37.556297								error: T SSCS does not start with ±1: [0, 0, 0, 0, 0, 0, 0, 0, 0, 0]
-2.876731	-37.556297								error: T SSCS does not start with ±1: [0, 0, 0, 0, 0, 0, 0, 0, 0, 0]
-2.873895	-37.556297								error: T SSCS does not start with ±1: [0, 0, 0, 0, 0, 0, 0, 0, 0, 0]
-2.871059	-37.556297								error: T SSCS does not start with ±1: [0, 0, 0, 0, 0, 0, 0, 0, 0, 0]
-2.868224	-37.556297								error: T SSCS does not start with ±1: [0, 0, 0, 0, 0, 0, 0, 0, 0, 0]
-2.865388	-37.556297								error: T SSCS does not start with ±1: [0, 0, 0, 0, 0, 0, 0, 0, 0, 0]
-2.862552	-37.556297								error: T SSCS does not start with ±1: [0, 0, 0, 0, 0, 0, 0, 0, 0, 0]
-2.859716	-37.556297								error: T SSCS does not start with ±1: [0, 0, 0, 0, 0, 0, 0, 0, 0, 0]
-2.856881	-37.556297								error: T SSCS does not start with ±1: [0, 0, 0, 0, 0, 0, 0, 0, 0, 0]
-2.854045	-37.556297								error: T SSCS does not start with ±1: [0, 0, 0, 0, 0, 0, 0, 0, 0, 0]
-2.851209	-37.556297								error: T SSCS does not start with ±1: [0, 0, 0, 0, 0, 0, 0, 0, 0, 0]
-2.848374	-37.556297								error: T SSCS does not start with ±1: [0, 0, 0, 0, 0, 0, 0, 0, 0, 0]
-2.845538	-37.556297								error: T SSCS does not start with ±1: [0, 0, 0, 0, 0, 0, 0, 0, 0, 0]
-2.842702	-37.556297								error: T SSCS does not start with ±1: [0, 0, 0, 0, 0, 0, 0, 0, 0, 0]
-2.839867	-37.556297								error: T SSCS does not start with ±1: [0, 0, 0, 0, 0, 0, 0, 0, 0, 0]
-2.837031	-37.556297								error: T SSCS does not start with ±1: [0, 0, 0, 0, 0, 0, 0, 0, 0, 0]
-2.834195	-37.556297								error: T SSCS does not start with ±1: [0, 0, 0, 0, 0, 0, 0, 0, 0, 0]
-2.831359	-37.556297								error: T SSCS does not start with ±1: [0, 0, 0, 0, 0, 0, 0, 0, 0, 0]
-2.828524	-37.556297								error: T SSCS does not start with ±1: [0, 0, 0, 0, 0, 0, 0, 0, 0, 0]
-2.825688	-37.556297								error: T SSCS does not start with ±1: [0, 0, 0, 0, 0, 0, 0, 0, 0, 0]
-2.822852	-37.556297								error: T SSCS does not start with ±1: [0, 0, 0, 0, 0, 0, 0, 0, 0, 0]
-2.820017	-37.556297								error: T SSCS does not start with ±1: [0, 0, 0, 0, 0, 0, 0, 0, 0, 0]
-2.817181	-37.556297								error: T SSCS does not start with ±1: [0, 0, 0, 0, 0, 0, 0, 0, 0, 0]
-2.814345	-37.556297								error: T SSCS does not start with ±1: [0, 0, 0, 0, 0, 0, 0, 0, 0, 0]
-2.811510	-37.556297								error: T SSCS does not start with ±1: [0, 0, 0, 0, 0, 0, 0, 0, 0, 0]
-2.808674	-37.556297								error: T SSCS does not start with ±1: [0, 0, 0, 0, 0, 0, 0, 0, 0, 0]
-2.805838	-37.556297								error: T SSCS does not start with ±1: [0, 0, 0, 0, 0, 0, 0, 0, 0, 0]
-2.803003	-37.556297								error: T SSCS does not start with ±1: [0, 0, 0, 0, 0, 0, 0, 0, 0, 0]
-2.800167	-37.556297								error: T SSCS does not start with ±1: [0, 0, 0, 0, 0, 0, 0, 0, 0, 0]
-2.797331	-37.556297								error: T SSCS does not start with ±1: [0, 0, 0, 0, 0, 0, 0, 0, 0, 0]
-2.794495	-37.556297								error: T SSCS does not start with ±1: [0, 0, 0, 0, 0, 0, 0, 0, 0, 0]
-2.791660	-37.556297								error: T SSCS does not start with ±1: [0, 0, 0, 0, 0, 0, 0, 0, 0, 0]
-2.788824	-37.556297								error: T SSCS does not start with ±1: [0, 0, 0, 0, 0, 0, 0, 0, 0, 0]
-2.785988	-37.556297								error: T SSCS does not start with ±1: [0, 0, 0, 0, 0, 0, 0, 0, 0, 0]
-2.783153	-37.556297								error: T SSCS does not start with ±1: [0, 0, 0, 0, 0, 0, 0, 0, 0, 0]
-2.780317	-37.556297								error: T SSCS does not start with ±1: [0, 0, 0, 0, 0, 0, 0, 0, 0, 0]
-2.777481	-37.556297								error: T SSCS does not start with ±1: [0, 0, 0, 0, 0, 0, 0, 0, 0, 0]
-2.774646	-37.556297								error: T SSCS does not start with ±1: [0, 0, 0, 0, 0, 0, 0, 0, 0, 0]
-2.771810	-37.556297								error: T SSCS does not start with ±1: [0, 0, 0, 0, 0, 0, 0, 0, 0, 0]
-2.768974	-37.556297								error: T SSCS does not start with ±1: [0, 0, 0, 0, 0, 0, 0, 0, 0, 0]
-2.766138	-37.556297								error: T SSCS does not start with ±1: [0, 0, 0, 0, 0, 0, 0, 0, 0, 0]
-2.763303	-37.556297								error: T SSCS does not start with ±1: [0, 0, 0, 0, 0, 0, 0, 0, 0, 0]
-2.760467	-37.556297								error: T SSCS does not start with ±1: [0, 0, 0, 0, 0, 0, 0, 0, 0, 0]
-2.757631	-37.556297								error: T SSCS does not start with ±1: [0, 0, 0, 0, 0, 0, 0, 0, 0, 0]
-2.754796	-37.556297								error: T SSCS does not start with ±1: [0, 0, 0, 0, 0, 0, 0, 0, 0, 0]
-2.751960	-37.556297								error: T SSCS does not start with ±1: [0, 0, 0, 0, 0, 0, 0, 0, 0, 0]
-2.749124	-37.556297								error: T SSCS does not start with ±1: [0, 0, 0, 0, 0, 0, 0, 0, 0, 0]
-2.746289	-37.556297								error: T SSCS does not start with ±1: [0, 0, 0, 0, 0, 0, 0, 0, 0, 0]
-2.743453	-37.556297								error: T SSCS does not start with ±1: [0, 0, 0, 0, 0, 0, 0, 0, 0, 0]
-2.740617	-37.556297								error: T SSCS does not start with ±1: [0, 0, 0, 0, 0, 0, 0, 0, 0, 0]
-2.737781	-37.556297								error: T SSCS does not start with ±1: [0, 0, 0, 0, 0, 0, 0, 0, 0, 0]
-2.734946	-37.556297								error: T SSCS does not start with ±1: [0, 0, 0, 0, 0, 0, 0, 0, 0, 0]
-2.732110	-37.556297								error: T SSCS does not start with ±1: [0, 0, 0, 0, 0, 0, 0, 0, 0, 0]
-2.729274	-37.556297								error: T SSCS does not start with ±1: [0, 0, 0, 0, 0, 0, 0, 0, 0, 0]
-2.726439	-37.556297								error: T SSCS does not start with ±1: [0, 0, 0, 0, 0, 0, 0, 0, 0, 0]
-2.723603	-37.556297								error: T SSCS does not start with ±1: [0, 0, 0, 0, 0, 0, 0, 0, 0, 0]
-2.720767	-37.556297								error: T SSCS does not start with ±1: [0, 0, 0, 0, 0, 0, 0, 0, 0, 0]
-2.717932	-37.556297								error: T SSCS does not start with ±1: [0, 0, 0, 0, 0, 0, 0, 0, 0, 0]
-2.715096	-37.556297								error: T SSCS does not start with ±1: [0, 0, 0, 0, 0, 0, 0, 0, 0, 0]
-2.712260	-37.556297								error: T SSCS does not start with ±1: [0, 0, 0, 0, 0, 0, 0, 0, 0, 0]
-2.709425	-37.556297								error: T SSCS does not start with ±1: [0, 0, 0, 0, 0, 0, 0, 0, 0, 0]
-2.706589	-37.556297								error: T SSCS does not start with ±1: [0, 0, 0, 0, 0, 0, 0, 0, 0, 0]
-2.703753	-37.556297								error: T SSCS does not start with ±1: [0, 0, 0, 0, 0, 0, 0, 0, 0, 0]
-2.700917	-37.556297								error: T SSCS does not start with ±1: [0, 0, 0, 0, 0, 0, 0, 0, 0, 0]
-2.698082	-37.556297								error: T SSCS does not start with ±1: [0, 0, 0, 0, 0, 0, 0, 0, 0, 0]
-2.695246	-37.556297								error: T SSCS does not start with ±1: [0, 0, 0, 0, 0, 0, 0, 0, 0, 0]
-2.692410	-37.556297								error: T SSCS does not start with ±1: [0, 0, 0, 0, 0, 0, 0, 0, 0, 0]
-2.689575	-37.556297								error: T SSCS does not start with ±1: [0, 0, 0, 0, 0, 0, 0, 0, 0, 0]
-2.686739	-37.556297								error: T SSCS does not start with ±1: [0, 0, 0, 0, 0, 0, 0, 0, 0, 0]
-2.683903	-37.556297								error: T SSCS does not start with ±1: [0, 0, 0, 0, 0, 0, 0, 0, 0, 0]
-2.681068	-37.556297								error: T SSCS does not start with ±1: [0, 0, 0, 0, 0, 0, 0, 0, 0, 0]
-2.678232	-37.556297								error: T SSCS does not start with ±1: [0, 0, 0, 0, 0, 0, 0, 0, 0, 0]
-2.675396	-37.556297								error: T SSCS does not start with ±1: [0, 0, 0, 0, 0, 0, 0, 0, 0, 0]
-2.672560	-37.556297								error: T SSCS does not start with ±1: [0, 0, 0, 0, 0, 0, 0, 0, 0, 0]
-2.669725	-37.556297								error: T SSCS does not start with ±1: [0, 0, 0, 0, 0, 0, 0, 0, 0, 0]
-2.666889	-37.556297								error: T SSCS does not start with ±1: [0, 0, 0, 0, 0, 0, 0, 0, 0, 0]
-2.664053	-37.556297								error: T SSCS does not start with ±1: [0, 0, 0, 0, 0, 0, 0, 0, 0, 0]
-2.661218	-37.556297								error: T SSCS does not start with ±1: [0, 0, 0, 0, 0, 0, 0, 0, 0, 0]
-2.658382	-37.556297								error: T SSCS does not start with ±1: [0, 0, 0, 0, 0, 0, 0, 0, 0, 0]
-2.655546	-37.556297								error: T SSCS does not start with ±1: [0, 0, 0, 0, 0, 0, 0, 0, 0, 0]
-2.652711	-37.556297								error: T SSCS does not start with ±1: [0, 0, 0, 0, 0, 0, 0, 0, 0, 0]
-2.649875	-37.556297								error: T SSCS does not start with ±1: [0, 0, 0, 0, 0, 0, 0, 0, 0, 0]
-2.647039	-37.556297								error: T SSCS does not start with ±1: [0, 0, 0, 0, 0, 0, 0, 0, 0, 0]
-2.644204	-37.556297								error: T SSCS does not start with ±1: [0, 0, 0, 0, 0, 0, 0, 0, 0, 0]
-2.641368	-37.556297								error: T SSCS does not start with ±1: [0, 0, 0, 0, 0, 0, 0, 0, 0, 0]
-2.638532	-37.556297								error: T SSCS does not start with ±1: [0, 0, 0, 0, 0, 0, 0, 0, 0, 0]
-2.635696	-37.556297								error: T SSCS does not start with ±1: [0, 0, 0, 0, 0, 0, 0, 0, 0, 0]
-2.632861	-37.556297								error: T SSCS does not start with ±1: [0, 0, 0, 0, 0, 0, 0, 0, 0, 0]
-2.630025	-37.556297								error: T SSCS does not start with ±1: [0, 0, 0, 0, 0, 0, 0, 0, 0, 0]
-2.627189	-37.556297								error: T SSCS does not start with ±1: [0, 0, 0, 0, 0, 0, 0, 0, 0, 0]
-2.624354	-37.556297								error: T SSCS does not start with ±1: [0, 0, 0, 0, 0, 0, 0, 0, 0, 0]
-2.621518	-37.556297								error: T SSCS does not start with ±1: [0, 0, 0, 0, 0, 0, 0, 0, 0, 0]
-2.618682	-37.556297								error: T SSCS does not start with ±1: [0, 0, 0, 0, 0, 0, 0, 0, 0, 0]
-2.615847	-37.556297								error: T SSCS does not start with ±1: [0, 0, 0, 0, 0, 0, 0, 0, 0, 0]
-2.613011	-37.556297								error: T SSCS does not start with ±1: [0, 0, 0, 0, 0, 0, 0, 0, 0, 0]
-2.610175	-37.556297								error: T SSCS does not start with ±1: [0, 0, 0, 0, 0, 0, 0, 0, 0, 0]
-2.607339	-37.556297								error: T SSCS does not start with ±1: [0, 0, 0, 0, 0, 0, 0, 0, 0, 0]
-2.604504	-37.556297								error: T SSCS does not start with ±1: [0, 0, 0, 0, 0, 0, 0, 0, 0, 0]
-2.601668	-37.556297								error: T SSCS does not start with ±1: [0, 0, 0, 0, 0, 0, 0, 0, 0, 0]
-2.598832	-37.556297								error: T SSCS does not start with ±1: [0, 0, 0, 0, 0, 0, 0, 0, 0, 0]
-2.595997	-37.556297								error: T SSCS does not start with ±1: [0, 0, 0, 0, 0, 0, 0, 0, 0, 0]
-2.593161	-37.556297								error: T SSCS does not start with ±1: [0, 0, 0, 0, 0, 0, 0, 0, 0, 0]
-2.590325	-37.556297								error: T SSCS does not start with ±1: [0, 0, 0, 0, 0, 0, 0, 0, 0, 0]
-2.587490	-37.556297								error: T SSCS does not start with ±1: [0, 0, 0, 0, 0, 0, 0, 0, 0, 0]
-2.584654	-37.556297								error: T SSCS does not start with ±1: [0, 0, 0, 0, 0, 0, 0, 0, 0, 0]
-2.581818	-37.556297								error: T SSCS does not start with ±1: [0, 0, 0, 0, 0, 0, 0, 0, 0, 0]
-2.578982	-37.556297								error: T SSCS does not start with ±1: [0, 0, 0, 0, 0, 0, 0, 0, 0, 0]
-2.576147	-37.556297								error: T SSCS does not start with ±1: [0, 0, 0, 0, 0, 0, 0, 0, 0, 0]
-2.573311	-37.556297								error: T SSCS does not start with ±1: [0, 0, 0, 0, 0, 0, 0, 0, 0, 0]
-2.570475	-37.556297								error: T SSCS does not start with ±1: [0, 0, 0, 0, 0, 0, 0, 0, 0, 0]
-2.567640	-37.556297								error: T SSCS does not start with ±1: [0, 0, 0, 0, 0, 0, 0, 0, 0, 0]
-2.564804	-37.556297								error: T SSCS does not start with ±1: [0, 0, 0, 0, 0, 0, 0, 0, 0, 0]
-2.561968	-37.556297								error: T SSCS does not start with ±1: [0, 0, 0, 0, 0, 0, 0, 0, 0, 0]
-2.559133	-37.556297								error: T SSCS does not start with ±1: [0, 0, 0, 0, 0, 0, 0, 0, 0, 0]
-2.556297	-37.556297								error: T SSCS does not start with ±1: [0, 0, 0, 0, 0, 0, 0, 0, 0, 0]
-2.553461	-37.556297								error: T SSCS does not start with ±1: [0, 0, 0, 0, 0, 0, 0, 0, 0, 0]
-2.550626	-37.556297								error: T SSCS does not start with ±1: [0, 0, 0, 0, 0, 0, 0, 0, 0, 0]
-2.547790	-37.556297								error: T SSCS does not start with ±1: [0, 0, 0, 0, 0, 0, 0, 0, 0, 0]
-2.544954	-37.556297								error: T SSCS does not start with ±1: [0, 0, 0, 0, 0, 0, 0, 0, 0, 0]
-2.542118	-37.556297								error: T SSCS does not start with ±1: [0, 0, 0, 0, 0, 0, 0, 0, 0, 0]
-2.539283	-37.556297								error: T SSCS does not start with ±1: [0, 0, 0, 0, 0, 0, 0, 0, 0, 0]
-2.536447	-37.556297								error: T SSCS does not start with ±1: [0, 0, 0, 0, 0, 0, 0, 0, 0, 0]
-2.533611	-37.556297								error: T SSCS does not start with ±1: [0, 0, 0, 0, 0, 0, 0, 0, 0, 0]
-2.530776	-37.556297								error: T SSCS does not start with ±1: [0, 0, 0, 0, 0, 0, 0, 0, 0, 0]
-2.527940	-37.556297								error: T SSCS does not start with ±1: [0, 0, 0, 0, 0, 0, 0, 0, 0, 0]
-2.525104	-37.556297								error: T SSCS does not start with ±1: [0, 0, 0, 0, 0, 0, 0, 0, 0, 0]
-2.522269	-37.556297								error: T SSCS does not start with ±1: [0, 0, 0, 0, 0, 0, 0, 0, 0, 0]
-2.519433	-37.556297								error: T SSCS does not start with ±1: [0, 0, 0, 0, 0, 0, 0, 0, 0, 0]
-2.516597	-37.556297								error: T SSCS does not start with ±1: [0, 0, 0, 0, 0, 0, 0, 0, 0, 0]
-2.513761	-37.556297								error: T SSCS does not start with ±1: [0, 0, 0, 0, 0, 0, 0, 0, 0, 0]
-2.510926	-37.556297								error: T SSCS does not start with ±1: [0, 0, 0, 0, 0, 0, 0, 0, 0, 0]
-2.508090	-37.556297								error: T SSCS does not start with ±1: [0, 0, 0, 0, 0, 0, 0, 0, 0, 0]
-2.505254	-37.556297								error: T SSCS does not start with ±1: [0, 0, 0, 0, 0, 0, 0, 0, 0, 0]
-2.502419	-37.556297								error: T SSCS does not start with ±1: [0, 0, 0, 0, 0, 0, 0, 0, 0, 0]
-2.499583	-37.556297								error: T SSCS does not start with ±1: [0, 0, 0, 0, 0, 0, 0, 0, 0, 0]
-2.496747	-37.556297								error: T SSCS does not start with ±1: [0, 0, 0, 0, 0, 0, 0, 0, 0, 0]
-2.493912	-37.556297								error: T SSCS does not start with ±1: [0, 0, 0, 0, 0, 0, 0, 0, 0, 0]
-2.491076	-37.556297								error: T SSCS does not start with ±1: [0, 0, 0, 0, 0, 0, 0, 0, 0, 0]
-2.488240	-37.556297								error: T SSCS does not start with ±1: [0, 0, 0, 0, 0, 0, 0, 0, 0, 0]
-2.485405	-37.556297								error: T SSCS does not start with ±1: [0, 0, 0, 0, 0, 0, 0, 0, 0, 0]
-2.482569	-37.556297								error: T SSCS does not start with ±1: [0, 0, 0, 0, 0, 0, 0, 0, 0, 0]
-2.479733	-37.556297	-40.609144	0.932621	continued:5	131504586847961235687181874578063117114329409897647623619241560935125066908876631867479597863393264	131504586847961235687181874578063117114329409897615188504091716162522225834932122128288032336298141	1,0,0,0,0,0,0,0,0,0	0,0,0,0,0,0,0,0,0,0	ok
-2.476897	-37.556297	-41.591401	0.929828	continued:5	131504586847961235687181874578063117114329409897647623619241560935125066908876631867479597863393264	131504586847961235687181874578063117114329409897615188504091716162522225834932122128288032336298141	1,0,0,0,0,0,0,0,0,0	0,0,0,0,0,0,0,0,0,0	ok
-2.474062	-37.556297								error: T SSCS does not start with ±1: [0, 0, 0, 0, 0, 0, 0, 0, 0, 0]
-2.471226	-37.556297								error: T SSCS does not start with ±1: [0, 0, 0, 0, 0, 0, 0, 0, 0, 0]
-2.468390	-37.556297								error: T SSCS does not start with ±1: [0, 0, 0, 0, 0, 0, 0, 0, 0, 0]
-2.465555	-37.556297								error: T SSCS does not start with ±1: [0, 0, 0, 0, 0, 0, 0, 0, 0, 0]
-2.462719	-37.556297								error: T SSCS does not start with ±1: [0, 0, 0, 0, 0, 0, 0, 0, 0, 0]
-2.459883	-37.556297								error: T SSCS does not start with ±1: [0, 0, 0, 0, 0, 0, 0, 0, 0, 0]
-2.457048	-37.556297								error: T SSCS does not start with ±1: [0, 0, 0, 0, 0, 0, 0, 0, 0, 0]
-2.454212	-37.556297								error: T SSCS does not start with ±1: [0, 0, 0, 0, 0, 0, 0, 0, 0, 0]
-2.451376	-37.556297								error: T SSCS does not start with ±1: [0, 0, 0, 0, 0, 0, 0, 0, 0, 0]
-2.448540	-37.556297								error: T SSCS does not start with ±1: [0, 0, 0, 0, 0, 0, 0, 0, 0, 0]
-2.445705	-37.556297								error: T SSCS does not start with ±1: [0, 0, 0, 0, 0, 0, 0, 0, 0, 0]
-2.442869	-37.556297								error: T SSCS does not start with ±1: [0, 0, 0, 0, 0, 0, 0, 0, 0, 0]
-2.440033	-37.556297								error: T SSCS does not start with ±1: [0, 0, 0, 0, 0, 0, 0, 0, 0, 0]
-2.437198	-37.556297								error: T SSCS does not start with ±1: [0, 0, 0, 0, 0, 0, 0, 0, 0, 0]
-2.434362	-37.556297								error: T SSCS does not start with ±1: [0, 0, 0, 0, 0, 0, 0, 0, 0, 0]
-2.431526	-37.556297								error: T SSCS does not start with ±1: [0, 0, 0, 0, 0, 0, 0, 0, 0, 0]
-2.428691	-37.556297								error: T SSCS does not start with ±1: [0, 0, 0, 0, 0, 0, 0, 0, 0, 0]
-2.425855	-37.556297								error: T SSCS does not start with ±1: [0, 0, 0, 0, 0, 0, 0, 0, 0, 0]
-2.423019	-37.556297								error: T SSCS does not start with ±1: [0, 0, 0, 0, 0, 0, 0, 0, 0, 0]
-2.420183	-37.556297								error: T SSCS does not start with ±1: [0, 0, 0, 0, 0, 0, 0, 0, 0, 0]
-2.417348	-37.556297								error: T SSCS does not start with ±1: [0, 0, 0, 0, 0, 0, 0, 0, 0, 0]
-2.414512	-37.556297								error: T SSCS does not start with ±1: [0, 0, 0, 0, 0, 0, 0, 0, 0, 0]
-2.411676	-37.556297								error: T SSCS does not start with ±1: [0, 0, 0, 0, 0, 0, 0, 0, 0, 0]
-2.408841	-37.556297								error: T SSCS does not start with ±1: [0, 0, 0, 0, 0, 0, 0, 0, 0, 0]
-2.406005	-37.556297								error: T SSCS does not start with ±1: [0, 0, 0, 0, 0, 0, 0, 0, 0, 0]
-2.403169	-37.556297								error: T SSCS does not start with ±1: [0, 0, 0, 0, 0, 0, 0, 0, 0, 0]
-2.400334	-37.556297								error: T SSCS does not start with ±1: [0, 0, 0, 0, 0, 0, 0, 0, 0, 0]
-2.397498	-37.556297								error: T SSCS does not start with ±1: [0, 0, 0, 0, 0, 0, 0, 0, 0, 0]
-2.394662	-37.556297								error: T SSCS does not start with ±1: [0, 0, 0, 0, 0, 0, 0, 0, 0, 0]
-2.391827	-37.556297								error: T SSCS does not start with ±1: [0, 0, 0, 0, 0, 0, 0, 0, 0, 0]
-2.388991	-37.556297								error: T SSCS does not start with ±1: [0, 0, 0, 0, 0, 0, 0, 0, 0, 0]
-2.386155	-37.556297								error: Could not locate the first local maximum of the reduced return map.
-2.383319	-37.556297								error: Could not locate the first local maximum of the reduced return map.
-2.380484	-37.556297								error: Could not locate the first local maximum of the reduced return map.
-2.377648	-37.556297								error: Could not locate the first local maximum of the reduced return map.
-2.374812	-37.556297								error: Could not locate the first local maximum of the reduced return map.
-2.371977	-37.556297								error: Could not locate the first local maximum of the reduced return map.
-2.369141	-37.556297								error: Could not locate the first local maximum of the reduced return map.
-2.366305	-37.556297								error: Could not locate the first local maximum of the reduced return map.
-2.363470	-37.556297								error: Could not locate the first local maximum of the reduced return map.
-2.360634	-37.556297								error: Could not locate the first local maximum of the reduced return map.
-2.357798	-37.556297								error: Could not locate the first local maximum of the reduced return map.
-2.354962	-37.556297								error: Could not locate the first local maximum of the reduced return map.
-2.352127	-37.556297								error: Could not locate the first local maximum of the reduced return map.
-2.349291	-37.556297								error: Could not locate the first local maximum of the reduced return map.
-2.346455	-37.556297								error: Could not locate the first local maximum of the reduced return map.
-2.343620	-37.556297								error: Could not locate the first local maximum of the reduced return map.
-2.340784	-37.556297								error: Could not locate the first local maximum of the reduced return map.
-2.337948	-37.556297								error: Could not locate the first local maximum of the reduced return map.
-2.335113	-37.556297								error: Could not locate the first local maximum of the reduced return map.
-2.332277	-37.556297								error: Could not locate the first local maximum of the reduced return map.
-2.329441	-37.556297								error: Could not locate the first local maximum of the reduced return map.
-2.326606	-37.556297								error: Could not locate the first local maximum of the reduced return map.
-2.323770	-37.556297								error: Could not locate the first local maximum of the reduced return map.
-2.320934	-37.556297								error: Could not locate the first local maximum of the reduced return map.
-2.318098	-37.556297								error: Could not locate the first local maximum of the reduced return map.
-2.315263	-37.556297								error: Could not locate the first local maximum of the reduced return map.
-2.312427	-37.556297								error: Could not locate the first local maximum of the reduced return map.
-2.309591	-37.556297								error: Could not locate the first local maximum of the reduced return map.
-2.306756	-37.556297								error: Could not locate the first local maximum of the reduced return map.
-2.303920	-37.556297								error: Could not locate the first local maximum of the reduced return map.
-2.301084	-37.556297								error: Could not locate the first local maximum of the reduced return map.
-2.298249	-37.556297								error: Could not locate the first local maximum of the reduced return map.
-2.295413	-37.556297								error: Could not locate the first local maximum of the reduced return map.
-2.292577	-37.556297								error: Could not locate the first local maximum of the reduced return map.
-2.289741	-37.556297								error: Could not locate the first local maximum of the reduced return map.
-2.286906	-37.556297								error: Could not locate the first local maximum of the reduced return map.
-2.284070	-37.556297								error: Could not locate the first local maximum of the reduced return map.
-2.281234	-37.556297								error: Could not locate the first local maximum of the reduced return map.
-2.278399	-37.556297								error: Could not locate the first local maximum of the reduced return map.
-2.275563	-37.556297								error: Could not locate the first local maximum of the reduced return map.
-2.272727	-37.556297								error: Could not locate the first local maximum of the reduced return map.
-2.269892	-37.556297								error: Could not locate the first local maximum of the reduced return map.
-2.267056	-37.556297								error: Could not locate the first local maximum of the reduced return map.
-2.264220	-37.556297								error: Could not locate the first local maximum of the reduced return map.
-2.261384	-37.556297								error: Could not locate the first local maximum of the reduced return map.
-2.258549	-37.556297								error: Could not locate the first local maximum of the reduced return map.
-2.255713	-37.556297								error: Could not locate the first local maximum of the reduced return map.
-2.252877	-37.556297								error: Could not locate the first local maximum of the reduced return map.
-2.250042	-37.556297								error: Could not locate the first local maximum of the reduced return map.
-2.247206	-37.556297								error: Could not locate the first local maximum of the reduced return map.
-2.244370	-37.556297								error: Could not locate the first local maximum of the reduced return map.
-2.241535	-37.556297								error: Could not locate the first local maximum of the reduced return map.
-2.238699	-37.556297								error: Could not locate the first local maximum of the reduced return map.
-2.235863	-37.556297								error: Could not locate the first local maximum of the reduced return map.
-2.233028	-37.556297								error: Could not locate the first local maximum of the reduced return map.
-2.230192	-37.556297								error: Could not locate the first local maximum of the reduced return map.
-2.227356	-37.556297								error: Could not locate the first local maximum of the reduced return map.
-2.224520	-37.556297								error: Could not locate the first local maximum of the reduced return map.
-2.221685	-37.556297								error: Could not locate the first local maximum of the reduced return map.
-2.218849	-37.556297								error: Could not locate the first local maximum of the reduced return map.
-2.216013	-37.556297								error: Could not locate the first local maximum of the reduced return map.
-2.213178	-37.556297								error: Could not locate the first local maximum of the reduced return map.
-2.210342	-37.556297								error: Could not locate the first local maximum of the reduced return map.
-2.207506	-37.556297								error: Could not locate the first local maximum of the reduced return map.
-2.204671	-37.556297								error: Could not locate the first local maximum of the reduced return map.
-2.201835	-37.556297								error: Could not locate the first local maximum of the reduced return map.
-2.198999	-37.556297								error: Could not locate the first local maximum of the reduced return map.
-2.196163	-37.556297								error: Could not locate the first local maximum of the reduced return map.
-2.193328	-37.556297								error: Could not locate the first local maximum of the reduced return map.
-2.190492	-37.556297								error: Could not locate the first local maximum of the reduced return map.
-2.187656	-37.556297								error: Could not locate the first local maximum of the reduced return map.
-2.184821	-37.556297								error: Could not locate the first local maximum of the reduced return map.
-2.181985	-37.556297								error: Could not locate the first local maximum of the reduced return map.
-2.179149	-37.556297								error: Could not locate the first local maximum of the reduced return map.
-2.176314	-37.556297								error: Could not locate the first local maximum of the reduced return map.
-2.173478	-37.556297								error: T SSCS does not start with ±1: [0, 0, 0, 0, 0, 0, 0, 0, 0, 0]
-2.170642	-37.556297								error: Could not locate the first local maximum of the reduced return map.
-2.167807	-37.556297								error: Could not locate the first local maximum of the reduced return map.
-2.164971	-37.556297								error: Could not locate the first local maximum of the reduced return map.
-2.162135	-37.556297								error: Could not locate the first local maximum of the reduced return map.
-2.159299	-37.556297								error: Could not locate the first local maximum of the reduced return map.
-2.156464	-37.556297								error: Could not locate the first local maximum of the reduced return map.
-2.153628	-37.556297								error: Could not locate the first local maximum of the reduced return map.
-2.150792	-37.556297	-42.226161	0.927034	continued:5	131504586847961235687181874578063117114329409897647623619241560935125066908876631867479597863393264	131504586847961235687181874578063117114329409897647623619241560935125066908876631867479597863393264	1,0,0,0,0,0,0,0,0,0	1,0,0,0,0,0,0,0,0,0	ok
-2.147957	-37.556297	-42.450371	0.924241	continued:5	131504586847961235687181874578063117114329409897647623619241560935125066908876631867479597863393264	131504586847961235687181874578063117114329409897647623619241560935125066908876631867479597863393264	1,0,0,0,0,0,0,0,0,0	1,0,0,0,0,0,0,0,0,0	ok
-2.145121	-37.556297	-42.683348	0.921448	continued:5	131504586847961235687181874578063117114329409897647623619241560935125066908876631867479597863393264	131504586847961235687181874578063117114329409897647623619241560935125066908876631867479597863393264	1,0,0,0,0,0,0,0,0,0	1,0,0,0,0,0,0,0,0,0	ok
-2.142285	-37.556297	-42.929422	0.918654	continued:5	131504586847961235687181874578063117114329409897647623619241560935125066908876631867479597863393264	131504586847961235687181874578063117114329409897647623619241560935125066908876631867479597863393264	1,0,0,0,0,0,0,0,0,0	1,0,0,0,0,0,0,0,0,0	ok
-2.139450	-37.556297	-43.192290	0.915989	continued:5	131504586847961235687181874578063117114329409897647623619241560935125066908876631867479597863393264	131504586847961235687181874578063117114329409897647623619241560935125066908876631867479597863393264	1,0,0,0,0,0,0,0,0,0	1,0,0,0,0,0,0,0,0,0	ok
-2.136614	-37.556297	-43.473648	0.913530	continued:5	131504586847961235687181874578063117114329409897647623619241560935125066908876631867479597863393264	131504586847961235687181874578063117114329409897647623619241560935125066908876631867479597863393264	1,0,0,0,0,0,0,0,0,0	1,0,0,0,0,0,0,0,0,0	ok
-2.133778	-37.556297	-43.774157	0.911198	continued:5	131504586847961235687181874578063117114329409897647623619241560935125066908876631867479597863393264	131504586847961235687181874578063117114329409897647623619241560935125066908876631867479597863393264	1,0,0,0,0,0,0,0,0,0	1,0,0,0,0,0,0,0,0,0	ok
-2.130942	-37.556297	-44.095356	0.909280	continued:5	131504586847961235687181874578063117114329409897647623619241560935125066908876631867479597863393264	131504586847961235687181874578063117114329409897647623619241560935125066908876631867479597863393264	1,0,0,0,0,0,0,0,0,0	1,0,0,0,0,0,0,0,0,0	ok
-2.128107	-37.556297	-44.435095	0.907697	continued:5	131504586847961235687181874578063117114329409897647623619241560935125066908876631867479597863393264	131504586847961235687181874578063117114329409897647623619241560935125066908876631867479597863393264	1,0,0,0,0,0,0,0,0,0	1,0,0,0,0,0,0,0,0,0	ok
-2.125271	-37.556297	-44.791878	0.906320	continued:5	131504586847961235687181874578063117114329409897647623619241560935125066908876631867479597863393264	131504586847961235687181874578063117114329409897647623619241560935125066908876631867479597863393264	1,0,0,0,0,0,0,0,0,0	1,0,0,0,0,0,0,0,0,0	ok
-2.122435	-37.556297	-45.164956	0.905484	continued:5	131504586847961235687181874578063117114329409897647623619241560935125066908876631867479597863393264	131504586847961235687181874578063117114329409897647623619241560935125066908876631867479597863393264	1,0,0,0,0,0,0,0,0,0	1,0,0,0,0,0,0,0,0,0	ok
-2.119600	-37.556297								error: Could not locate the first local maximum of the reduced return map.
-2.116764	-37.556297	-45.549257	0.904776	continued:5	131504586847961235687181874578063117114329409897647623619241560935125066908876631867479597863393264	131504586847961235687181874578063117114329409897647623619241560935125066908876631867479597863393264	1,0,0,0,0,0,0,0,0,0	1,0,0,0,0,0,0,0,0,0	ok
-2.113928	-37.556297								error: Could not locate the first local maximum of the reduced return map.
-2.111093	-37.556297								error: Could not locate the first local maximum of the reduced return map.
-2.108257	-37.556297	-45.940263	0.903940	full	131504586847961235687181874578063117114329409897647623619241560935125066908876631867479597863393264	131504586847961235687181874578063117114329409897647623619241560935125066908876631867479597863393264	1,0,0,0,0,0,0,0,0,0	1,0,0,0,0,0,0,0,0,0	ok
-2.105421	-37.556297	-45.564276	0.903587	continued:5	131504586847961235687181874578063117114329409897647623619241560935125066908876631867479597863393264	131504586847961235687181874578063117114329409897647623619241560935125066908876631867479597863393264	1,0,0,0,0,0,0,0,0,0	1,0,0,0,0,0,0,0,0,0	ok
-2.102585	-37.556297								error: Could not locate the first local maximum of the reduced return map.
-2.099750	-37.556297	-45.955666	0.903086	full	131504586847961235687181874578063117114329409897647623619241560935125066908876631867479597863393264	131504586847961235687181874578063117114329409897647623619241560935125066908876631867479597863393264	1,0,0,0,0,0,0,0,0,0	1,0,0,0,0,0,0,0,0,0	ok
-2.096914	-37.556297	-45.578955	0.902731	continued:5	131504586847961235687181874578063117114329409897647623619241560935125066908876631867479597863393264	131504586847961235687181874578063117114329409897647623619241560935125066908876631867479597863393264	1,0,0,0,0,0,0,0,0,0	1,0,0,0,0,0,0,0,0,0	ok
-2.094078	-37.556297								error: Could not locate the first local maximum of the reduced return map.
-2.091243	-37.556297	-45.970314	0.902229	full	131504586847961235687181874578063117114329409897647623619241560935125066908876631867479597863393264	131504586847961235687181874578063117114329409897680058734391405707727907982821141606671163390488391	1,0,0,0,0,0,0,0,0,0	2,0,0,0,0,0,0,0,0,0	ok
-2.088407	-37.556297	-46.710003	0.877669	full	131504586847961235687181874578063117114329409897647623619241560935125066908876631867479597863393264	131504586847961235687181874578063117114329409897680058734391405707727907982821141606671163390488391	1,0,0,0,0,0,0,0,0,0	2,0,0,0,0,0,0,0,0,0	ok
-2.085571	-37.556297	-42.459196	0.918403	continued:5	131504586847961235687181874578063117114329409897647623619241560935125066908876631867479597863393264	131504586847961235687181874578063117114329409897680058734391405707727907982821141606671163390488391	1,0,0,0,0,0,0,0,0,0	2,0,0,0,0,0,0,0,0,0	ok
-2.082736	-37.556297	-42.711198	0.915610	continued:5	131504586847961235687181874578063117114329409897647623619241560935125066908876631867479597863393264	131504586847961235687181874578063117114329409897680058734391405707727907982821141606671163390488391	1,0,0,0,0,0,0,0,0,0	2,0,0,0,0,0,0,0,0,0	ok
-2.079900	-37.556297	-42.972407	0.912817	continued:5	131504586847961235687181874578063117114329409897647623619241560935125066908876631867479597863393264	131504586847961235687181874578063117114329409897680058734391405707727907982821141606671163390488391	1,0,0,0,0,0,0,0,0,0	2,0,0,0,0,0,0,0,0,0	ok
-2.077064	-37.556297	-43.247616	0.910023	continued:5	131504586847961235687181874578063117114329409897647623619241560935125066908876631867479597863393264	131504586847961235687181874578063117114329409897680058734391405707727907982821141606671163390488391	1,0,0,0,0,0,0,0,0,0	2,0,0,0,0,0,0,0,0,0	ok
-2.074229	-37.556297	-43.540765	0.907564	continued:5	131504586847961235687181874578063117114329409897647623619241560935125066908876631867479597863393264	131504586847961235687181874578063117114329409897680058734391405707727907982821141606671163390488391	1,0,0,0,0,0,0,0,0,0	2,0,0,0,0,0,0,0,0,0	ok
-2.071393	-37.556297	-43.851072	0.905233	continued:5	131504586847961235687181874578063117114329409897647623619241560935125066908876631867479597863393264	131504586847961235687181874578063117114329409897680058734391405707727907982821141606671163390488391	1,0,0,0,0,0,0,0,0,0	2,0,0,0,0,0,0,0,0,0	ok
-2.068557	-37.556297	-44.180195	0.903108	continued:5	131504586847961235687181874578063117114329409897647623619241560935125066908876631867479597863393264	131504586847961235687181874578063117114329409897680058734391405707727907982821141606671163390488391	1,0,0,0,0,0,0,0,0,0	2,0,0,0,0,0,0,0,0,0	ok
-2.065721	-37.556297	-44.528312	0.901525	continued:5	131504586847961235687181874578063117114329409897647623619241560935125066908876631867479597863393264	131504586847961235687181874578063117114329409897680058734391405707727907982821141606671163390488391	1,0,0,0,0,0,0,0,0,0	2,0,0,0,0,0,0,0,0,0	ok
-2.062886	-37.556297	-44.891310	0.900148	continued:5	131504586847961235687181874578063117114329409897647623619241560935125066908876631867479597863393264	131504586847961235687181874578063117114329409897680058734391405707727907982821141606671163390488391	1,0,0,0,0,0,0,0,0,0	2,0,0,0,0,0,0,0,0,0	ok
-2.060050	-37.556297	-45.268219	0.899233	continued:5	131504586847961235687181874578063117114329409897647623619241560935125066908876631867479597863393264	131504586847961235687181874578063117114329409897680058734391405707727907982821141606671163390488391	1,0,0,0,0,0,0,0,0,0	2,0,0,0,0,0,0,0,0,0	ok
-2.057214	-37.556297	-45.654517	0.898859	continued:5	131504586847961235687181874578063117114329409897647623619241560935125066908876631867479597863393264	131504586847961235687181874578063117114329409897680058734391405707727907982821141606671163390488391	1,0,0,0,0,0,0,0,0,0	2,0,0,0,0,0,0,0,0,0	ok
-2.054379	-37.556297	-46.044235	0.898485	full	131504586847961235687181874578063117114329409897647623619241560935125066908876631867479597863393264	131504586847961235687181874578063117114329409897680058734391405707727907982821141606671163390488391	1,0,0,0,0,0,0,0,0,0	2,0,0,0,0,0,0,0,0,0	ok
-2.051543	-37.556297	-42.490052	0.914909	continued:5	131504586847961235687181874578063117114329409897647623619241560935125066908876631867479597863393264	131504586847961235687181874578063117114329409897680058734391405707727907982821141606671163390488391	1,0,0,0,0,0,0,0,0,0	2,0,0,0,0,0,0,0,0,0	ok
-2.048707	-37.556297	-42.753522	0.912115	continued:5	131504586847961235687181874578063117114329409897647623619241560935125066908876631867479597863393264	131504586847961235687181874578063117114329409897680058734391405707727907982821141606671163390488391	1,0,0,0,0,0,0,0,0,0	2,0,0,0,0,0,0,0,0,0	ok
-2.045872	-37.556297	-43.024500	0.909322	continued:5	131504586847961235687181874578063117114329409897647623619241560935125066908876631867479597863393264	131504586847961235687181874578063117114329409897680058734391405707727907982821141606671163390488391	1,0,0,0,0,0,0,0,0,0	2,0,0,0,0,0,0,0,0,0	ok
-2.043036	-37.556297	-43.308329	0.906656	continued:5	131504586847961235687181874578063117114329409897647623619241560935125066908876631867479597863393264	131504586847961235687181874578063117114329409897744928964691095252933590130710161085054294444678657	1,0,0,0,0,0,0,0,0,0	4,0,0,0,0,0,0,0,0,0	ok
-2.040200	-37.556297	-43.607600	0.903991	continued:5	131504586847961235687181874578063117114329409897647623619241560935125066908876631867479597863393264	131504586847961235687181874578063117114329409897744928964691095252933590130710161085054294444678657	1,0,0,0,0,0,0,0,0,0	4,0,0,0,0,0,0,0,0,0	ok
-2.037364	-37.556297	-43.925929	0.901659	continued:5	131504586847961235687181874578063117114329409897647623619241560935125066908876631867479597863393264	131504586847961235687181874578063117114329409897744928964691095252933590130710161085054294444678657	1,0,0,0,0,0,0,0,0,0	4,0,0,0,0,0,0,0,0,0	ok
-2.034529	-37.556297	-44.262239	0.899535	continued:5	131504586847961235687181874578063117114329409897647623619241560935125066908876631867479597863393264	131504586847961235687181874578063117114329409897744928964691095252933590130710161085054294444678657	1,0,0,0,0,0,0,0,0,0	4,0,0,0,0,0,0,0,0,0	ok
-2.031693	-37.556297	-44.616621	0.897951	continued:5	131504586847961235687181874578063117114329409897647623619241560935125066908876631867479597863393264	131504586847961235687181874578063117114329409897744928964691095252933590130710161085054294444678657	1,0,0,0,0,0,0,0,0,0	4,0,0,0,0,0,0,0,0,0	ok
-2.028857	-37.556297	-44.984815	0.896574	continued:5	131504586847961235687181874578063117114329409897647623619241560935125066908876631867479597863393264	131504586847961235687181874578063117114329409897744928964691095252933590130710161085054294444678657	1,0,0,0,0,0,0,0,0,0	4,0,0,0,0,0,0,0,0,0	ok
-2.026022	-37.556297	-45.365621	0.895738	continued:5	131504586847961235687181874578063117114329409897647623619241560935125066908876631867479597863393264	131504586847961235687181874578063117114329409897777364079840940025536431204654670824245859971773796	1,0,0,0,0,0,0,0,0,0	5,0,0,0,0,0,0,0,0,0	ok
-2.023186	-37.556297	-45.753498	0.895364	continued:5	131504586847961235687181874578063117114329409897647623619241560935125066908876631867479597863393264	131504586847961235687181874578063117114329409897777364079840940025536431204654670824245859971773796	1,0,0,0,0,0,0,0,0,0	5,0,0,0,0,0,0,0,0,0	ok
-2.020350	-37.556297	-46.143095	0.894991	full	131504586847961235687181874578063117114329409897647623619241560935125066908876631867479597863393264	131504586847961235687181874578063117114329409897777364079840940025536431204654670824245859971773796	1,0,0,0,0,0,0,0,0,0	5,0,0,0,0,0,0,0,0,0	ok
-2.017515	-37.556297	-45.637461	0.873124	continued:5	131504586847961235687181874578063117114329409897647623619241560935125066908876631867479597863393264	131504586847961235687181874578063117114329409897777364079840940025536431204654670824245859971773796	1,0,0,0,0,0,0,0,0,0	5,0,0,0,0,0,0,0,0,0	ok
-2.014679	-37.556297	-46.238973	0.872750	continued:5	131504586847961235687181874578063117114329409897647623619241560935125066908876631867479597863393264	131504586847961235687181874578063117114329409897777364079840940025536431204654670824245859971773796	1,0,0,0,0,0,0,0,0,0	5,0,0,0,0,0,0,0,0,0	ok
-2.011843	-37.556297	-46.826820	0.872376	full	131504586847961235687181874578063117114329409897647623619241560935125066908876631867479597863393264	131504586847961235687181874578063117114329409897777364079840940025536431204654670824245859971773796	1,0,0,0,0,0,0,0,0,0	5,0,0,0,0,0,0,0,0,0	ok
-2.009008	-37.556297	-45.579444	0.872652	continued:5	131504586847961235687181874578063117114329409897647623619241560935125066908876631867479597863393264	131504586847961235687181874578063117114329409897809799194990784798139272278599180563437425498868939	1,0,0,0,0,0,0,0,0,0	6,0,0,0,0,0,0,0,0,0	ok
-2.006172	-37.556297	-46.178414	0.872150	continued:5	131504586847961235687181874578063117114329409897647623619241560935125066908876631867479597863393264	131504586847961235687181874578063117114329409897809799194990784798139272278599180563437425498868939	1,0,0,0,0,0,0,0,0,0	6,0,0,0,0,0,0,0,0,0	ok
-2.003336	-37.556297	-46.764964	0.871983	full	131504586847961235687181874578063117114329409897647623619241560935125066908876631867479597863393264	16217557574922386301420605314456923507151114706974	1,0,0,0,0,0,0,0,0,0	6,0,0,0,0,0,0,0,0	ok
-2.000500	-37.556297	-45.644952	0.871960	continued:5	131504586847961235687181874578063117114329409897647623619241560935125066908876631867479597863393264	2625474	1,0,0,0,0,0,0,0,0,0	6,0,0,0,0,0	ok
-1.997665	-37.556297	-46.240780	0.871586	continued:5	131504586847961235687181874578063117114329409897647623619241560935125066908876631867479597863393264	131504586847961235687181874578063117114329409897842234310140629570742113352543690302628991025964086	1,0,0,0,0,0,0,0,0,0	7,0,0,0,0,0,0,0,0,0	ok
-1.994829	-37.556297	-46.822369	0.871419	full	131504586847961235687181874578063117114329409897647623619241560935125066908876631867479597863393264	131504586847961235687181874578063117114329409897842234310140629570742113352543690302628991025964086	1,0,0,0,0,0,0,0,0,0	7,0,0,0,0,0,0,0,0,0	ok
-1.991993	-37.556297	-45.029785	0.872428	continued:5	131504586847961235687181874578063117114329409897647623619241560935125066908876631867479597863393264	2630057	1,0,0,0,0,0,0,0,0,0	7,0,0,0,0,0	ok
-1.989158	-37.556297	-45.626769	0.871179	continued:5	131504586847961235687181874578063117114329409897647623619241560935125066908876631867479597863393264	5695183504546613417725670	1,0,0,0,0,0,0,0,0,0	8,0,0,0,0,0,0,0	ok
-1.986322	-37.556297	-46.219412	0.870805	continued:5	131504586847961235687181874578063117114329409897647623619241560935125066908876631867479597863393264	131504586847961235687181874578063117114329409897874669425290474343344954426488200041820556553059237	1,0,0,0,0,0,0,0,0,0	8,0,0,0,0,0,0,0,0,0	ok
-1.983486	-37.556297	-46.797527	0.870638	full	131504586847961235687181874578063117114329409897647623619241560935125066908876631867479597863393264	3375003347987	1,0,0,0,0,0,0,0,0,0	8,0,0,0,0,0,0	ok
-1.980651	-37.556297	-45.137578	0.871457	continued:5	131504586847961235687181874578063117114329409897647623619241560935125066908876631867479597863393264	2639235	1,0,0,0,0,0,0,0,0,0	9,0,0,0,0,0	ok
-1.977815	-37.556297	-45.730708	0.870415	continued:5	131504586847961235687181874578063117114329409897647623619241560935125066908876631867479597863393264	16217557574922386301420639485557950462835290286735	1,0,0,0,0,0,0,0,0,0	9,0,0,0,0,0,0,0,0	ok
-1.974979	-37.556297	-46.316992	0.869913	continued:5	131504586847961235687181874578063117114329409897647623619241560935125066908876631867479597863393264	5695183504553363341283487	1,0,0,0,0,0,0,0,0,0	9,0,0,0,0,0,0,0	ok
-1.972143	-37.556297	-46.889163	0.868536	full	131504586847961235687181874578063117114329409897647623619241560935125066908876631867479597863393264	131504586847961235687181874578063117114329409897939539655590163888550636574377219520203687607249551	1,0,0,0,0,0,0,0,0,0	10,0,0,0,0,0,0,0,0,0	ok
-1.969308	-37.556297	-45.175310	0.870645	continued:5	131504586847961235687181874578063117114329409897647623619241560935125066908876631867479597863393264	3375013740301	1,0,0,0,0,0,0,0,0,0	10,0,0,0,0,0,0	ok
-1.966472	-37.556297	-45.764604	0.869603	continued:5	131504586847961235687181874578063117114329409897647623619241560935125066908876631867479597863393264	3808	1,0,0,0,0,0,0,0,0,0	10,0,0,0,0	ok
-1.963636	-37.556297	-46.346629	0.869101	continued:5	131504586847961235687181874578063117114329409897647623619241560935125066908876631867479597863393264	2648429	1,0,0,0,0,0,0,0,0,0	11,0,0,0,0,0	ok
-1.960801	-37.556297	-46.914028	0.867183	full	131504586847961235687181874578063117114329409897647623619241560935125066908876631867479597863393264	3375018936464	1,0,0,0,0,0,0,0,0,0	11,0,0,0,0,0,0	ok
-1.957965	-37.556297	-45.125831	0.869879	continued:5	131504586847961235687181874578063117114329409897647623619241560935125066908876631867479597863393264	5695183504566863188399133	1,0,0,0,0,0,0,0,0,0	11,0,0,0,0,0,0,0	ok
-1.955129	-37.556297	-45.713102	0.868836	continued:5	131504586847961235687181874578063117114329409897647623619241560935125066908876631867479597863393264	4072	1,0,0,0,0,0,0,0,0,0	-12,0,0,0,0	ok
-1.952294	-37.556297	-46.292666	0.868462	continued:5	131504586847961235687181874578063117114329409897647623619241560935125066908876631867479597863393264	3375024132631	1,0,0,0,0,0,0,0,0,0	12,0,0,0,0,0,0	ok
-1.949458	-37.556297	-46.856332	0.868295	full	131504586847961235687181874578063117114329409897647623619241560935125066908876631867479597863393264	5695183504573613111956962	1,0,0,0,0,0,0,0,0,0	12,0,0,0,0,0,0,0	ok
-1.946622	-37.556297	-45.237735	0.868916	continued:5	131504586847961235687181874578063117114329409897647623619241560935125066908876631867479597863393264	5695183504573613111956962	1,0,0,0,0,0,0,0,0,0	12,0,0,0,0,0,0,0	ok
-1.943786	-37.556297	-45.820641	0.867873	continued:5	131504586847961235687181874578063117114329409897647623619241560935125066908876631867479597863393264	4162	1,0,0,0,0,0,0,0,0,0	12,0,0,0,0	ok
-1.940951	-37.556297	-46.395338	0.867706	continued:5	131504586847961235687181874578063117114329409897647623619241560935125066908876631867479597863393264	3375024132631	1,0,0,0,0,0,0,0,0,0	12,0,0,0,0,0,0	ok
-1.938115	-37.556297	-46.951296	0.864913	full	131504586847961235687181874578063117114329409897647623619241560935125066908876631867479597863393264	4162	1,0,0,0,0,0,0,0,0,0	12,0,0,0,0	ok
-1.935279	-37.556297	-42.855967	0.900412	continued:5	131504586847961235687181874578063117114329409897647623619241560935125066908876631867479597863393264	3375029328802	1,0,0,0,0,0,0,0,0,0	13,0,0,0,0,0,0	ok
-1.932444	-37.556297	-43.162230	0.897619	continued:5	131504586847961235687181874578063117114329409897647623619241560935125066908876631867479597863393264	2657639	1,0,0,0,0,0,0,0,0,0	13,0,0,0,0,0	ok
-1.929608	-37.556297	-43.476024	0.894826	continued:5	131504586847961235687181874578063117114329409897647623619241560935125066908876631867479597863393264	4345	1,0,0,0,0,0,0,0,0,0	13,0,0,0,0	ok
-1.926772	-37.556297	-43.802851	0.892032	continued:5	131504586847961235687181874578063117114329409897647623619241560935125066908876631867479597863393264	2657639	1,0,0,0,0,0,0,0,0,0	13,0,0,0,0,0	ok
-1.923937	-37.556297	-44.146681	0.889573	continued:5	131504586847961235687181874578063117114329409897647623619241560935125066908876631867479597863393264	4345	1,0,0,0,0,0,0,0,0,0	13,0,0,0,0	ok
-1.921101	-37.556297	-44.506413	0.887449	continued:5	131504586847961235687181874578063117114329409897647623619241560935125066908876631867479597863393264	2657639	1,0,0,0,0,0,0,0,0,0	13,0,0,0,0,0	ok
-1.918265	-37.556297	-44.880346	0.885865	continued:5	131504586847961235687181874578063117114329409897647623619241560935125066908876631867479597863393264	3375029328802	1,0,0,0,0,0,0,0,0,0	13,0,0,0,0,0,0	ok
-1.915430	-37.556297	-45.263815	0.884488	continued:5	131504586847961235687181874578063117114329409897647623619241560935125066908876631867479597863393264	4345	1,0,0,0,0,0,0,0,0,0	13,0,0,0,0	ok
-1.912594	-37.556297	-45.655011	0.883652	continued:5	131504586847961235687181874578063117114329409897647623619241560935125066908876631867479597863393264	3375029328802	1,0,0,0,0,0,0,0,0,0	13,0,0,0,0,0,0	ok
-1.909758	-37.556297	-46.047835	0.883278	continued:5	131504586847961235687181874578063117114329409897647623619241560935125066908876631867479597863393264	4345	1,0,0,0,0,0,0,0,0,0	13,0,0,0,0	ok
-1.906922	-37.556297	-46.436502	0.881695	full	131504586847961235687181874578063117114329409897647623619241560935125066908876631867479597863393264	4345	1,0,0,0,0,0,0,0,0,0	13,0,0,0,0	ok
-1.904087	-37.556297	-43.165380	0.894730	continued:5	131504586847961235687181874578063117114329409897647623619241560935125066908876631867479597863393264	2653032	1,0,0,0,0,0,0,0,0,0	12,0,0,0,0,0	ok
-1.901251	-37.556297	-43.488148	0.891937	continued:5	131504586847961235687181874578063117114329409897647623619241560935125066908876631867479597863393264	2653032	1,0,0,0,0,0,0,0,0,0	12,0,0,0,0,0	ok
-1.898415	-37.556297	-43.822129	0.889144	continued:5	131504586847961235687181874578063117114329409897647623619241560935125066908876631867479597863393264	4162	1,0,0,0,0,0,0,0,0,0	12,0,0,0,0	ok
-1.895580	-37.556297	-44.171656	0.886685	continued:5	131504586847961235687181874578063117114329409897647623619241560935125066908876631867479597863393264	5695183504580363035514795	1,0,0,0,0,0,0,0,0,0	13,0,0,0,0,0,0,0	ok
-1.892744	-37.556297	-44.535801	0.884560	continued:5	131504586847961235687181874578063117114329409897647623619241560935125066908876631867479597863393264	4345	1,0,0,0,0,0,0,0,0,0	13,0,0,0,0	ok
-1.889908	-37.556297	-44.912919	0.882770	continued:5	131504586847961235687181874578063117114329409897647623619241560935125066908876631867479597863393264	4345	1,0,0,0,0,0,0,0,0,0	13,0,0,0,0	ok
-1.887073	-37.556297	-45.300541	0.881520	continued:5	131504586847961235687181874578063117114329409897647623619241560935125066908876631867479597863393264	4345	1,0,0,0,0,0,0,0,0,0	13,0,0,0,0	ok
-1.884237	-37.556297	-45.693213	0.880685	continued:5	131504586847961235687181874578063117114329409897647623619241560935125066908876631867479597863393264	4345	1,0,0,0,0,0,0,0,0,0	13,0,0,0,0	ok
-1.881401	-37.556297	-46.086188	0.880311	continued:5	131504586847961235687181874578063117114329409897647623619241560935125066908876631867479597863393264	4345	1,0,0,0,0,0,0,0,0,0	13,0,0,0,0	ok
-1.878565	-37.556297	-46.473686	0.879268	full	131504586847961235687181874578063117114329409897647623619241560935125066908876631867479597863393264	4345	1,0,0,0,0,0,0,0,0,0	13,0,0,0,0	ok
-1.875730	-37.556297	-43.213612	0.891606	continued:5	131504586847961235687181874578063117114329409897647623619241560935125066908876631867479597863393264	4345	1,0,0,0,0,0,0,0,0,0	13,0,0,0,0	ok
-1.872894	-37.556297	-43.544771	0.888813	continued:5	131504586847961235687181874578063117114329409897647623619241560935125066908876631867479597863393264	2657639	1,0,0,0,0,0,0,0,0,0	13,0,0,0,0,0	ok
-1.870058	-37.556297	-43.886179	0.886020	continued:5	131504586847961235687181874578063117114329409897647623619241560935125066908876631867479597863393264	4345	1,0,0,0,0,0,0,0,0,0	13,0,0,0,0	ok
-1.867223	-37.556297	-44.242257	0.883561	continued:5	131504586847961235687181874578063117114329409897647623619241560935125066908876631867479597863393264	4345	1,0,0,0,0,0,0,0,0,0	13,0,0,0,0	ok
-1.864387	-37.556297	-44.612051	0.881308	continued:5	131504586847961235687181874578063117114329409897647623619241560935125066908876631867479597863393264	4345	1,0,0,0,0,0,0,0,0,0	13,0,0,0,0	ok
-1.861551	-37.556297	-44.995213	0.879725	continued:5	131504586847961235687181874578063117114329409897647623619241560935125066908876631867479597863393264	4345	1,0,0,0,0,0,0,0,0,0	13,0,0,0,0	ok
-1.858716	-37.556297	-45.385439	0.878348	continued:5	131504586847961235687181874578063117114329409897647623619241560935125066908876631867479597863393264	4345	1,0,0,0,0,0,0,0,0,0	13,0,0,0,0	ok
-1.855880	-37.556297	-45.780719	0.877640	continued:5	131504586847961235687181874578063117114329409897647623619241560935125066908876631867479597863393264	4345	1,0,0,0,0,0,0,0,0,0	13,0,0,0,0	ok
-1.853044	-37.556297	-46.173550	0.877266	continued:5	131504586847961235687181874578063117114329409897647623619241560935125066908876631867479597863393264	4345	1,0,0,0,0,0,0,0,0,0	13,0,0,0,0	ok
-1.850209	-37.556297	-46.559383	0.875141	full	131504586847961235687181874578063117114329409897647623619241560935125066908876631867479597863393264	4345	1,0,0,0,0,0,0,0,0,0	13,0,0,0,0	ok
-1.847373	-37.556297	-44.890518	0.863241	continued:5	131504586847961235687181874578063117114329409897647623619241560935125066908876631867479597863393264	4345	1,0,0,0,0,0,0,0,0,0	13,0,0,0,0	ok
-1.844537	-37.556297	-45.445454	0.861658	continued:5	131504586847961235687181874578063117114329409897647623619241560935125066908876631867479597863393264	4345	1,0,0,0,0,0,0,0,0,0	13,0,0,0,0	ok
-1.841701	-37.556297	-45.994407	0.860615	continued:5	131504586847961235687181874578063117114329409897647623619241560935125066908876631867479597863393264	4345	1,0,0,0,0,0,0,0,0,0	13,0,0,0,0	ok
-1.838866	-37.556297	-46.531678	0.859779	continued:5	131504586847961235687181874578063117114329409897647623619241560935125066908876631867479597863393264	4345	1,0,0,0,0,0,0,0,0,0	13,0,0,0,0	ok
-1.836030	-37.556297	-47.052943	0.856986	full	131504586847961235687181874578063117114329409897647623619241560935125066908876631867479597863393264	4345	1,0,0,0,0,0,0,0,0,0	13,0,0,0,0	ok
-1.833194	-37.556297								error: T SSCS does not start with ±1: [2, 0, 0, 0, 0, 0, 0, 0, 0, 0]
-1.830359	-37.556297								error: T SSCS does not start with ±1: [2, 0, 0, 0, 0, 0, 0, 0, 0, 0]
-1.827523	-37.556297								error: T SSCS does not start with ±1: [2, 0, 0, 0, 0, 0, 0, 0, 0, 0]
-1.824687	-37.556297								error: T SSCS does not start with ±1: [2, 0, 0, 0, 0, 0, 0, 0, 0, 0]
-1.821852	-37.556297								error: T SSCS does not start with ±1: [2, 0, 0, 0, 0, 0, 0, 0, 0, 0]
-1.819016	-37.556297								error: T SSCS does not start with ±1: [2, 0, 0, 0, 0, 0, 0, 0, 0, 0]
-1.816180	-37.556297								error: T SSCS does not start with ±1: [2, 0, 0, 0, 0, 0, 0, 0, 0, 0]
-1.813344	-37.556297								error: T SSCS does not start with ±1: [2, 0, 0, 0, 0, 0, 0, 0, 0, 0]
-1.810509	-37.556297								error: T SSCS does not start with ±1: [2, 0, 0, 0, 0, 0, 0, 0, 0, 0]
-1.807673	-37.556297								error: T SSCS does not start with ±1: [2, 0, 0, 0, 0, 0, 0, 0, 0, 0]
-1.804837	-37.556297								error: T SSCS does not start with ±1: [2, 0, 0, 0, 0, 0, 0, 0, 0, 0]
-1.802002	-37.556297								error: T SSCS does not start with ±1: [2, 0, 0, 0, 0, 0, 0, 0, 0, 0]
-1.799166	-37.556297	-44.826085	0.860282	continued:5	131504586847961235687181874578063117114329409897647623619241560935125066908876631867479597863393264	2662250	1,0,0,0,0,0,0,0,0,0	14,0,0,0,0,0	ok
-1.796330	-37.556297	-45.367554	0.858364	continued:5	131504586847961235687181874578063117114329409897647623619241560935125066908876631867479597863393264	4532	1,0,0,0,0,0,0,0,0,0	14,0,0,0,0	ok
-1.793495	-37.556297	-45.904865	0.857321	continued:5	131504586847961235687181874578063117114329409897647623619241560935125066908876631867479597863393264	4532	1,0,0,0,0,0,0,0,0,0	14,0,0,0,0	ok
-1.790659	-37.556297	-46.429208	0.856820	continued:5	131504586847961235687181874578063117114329409897647623619241560935125066908876631867479597863393264	4532	1,0,0,0,0,0,0,0,0,0	14,0,0,0,0	ok
-1.787823	-37.556297	-46.933878	0.856653	full	131504586847961235687181874578063117114329409897647623619241560935125066908876631867479597863393264	4532	1,0,0,0,0,0,0,0,0,0	14,0,0,0,0	ok
-1.784987	-37.556297	-43.431670	0.880845	continued:5	131504586847961235687181874578063117114329409897647623619241560935125066908876631867479597863393264	4532	1,0,0,0,0,0,0,0,0,0	14,0,0,0,0	ok
-1.782152	-37.556297	-43.792860	0.878051	continued:5	131504586847961235687181874578063117114329409897647623619241560935125066908876631867479597863393264	4532	1,0,0,0,0,0,0,0,0,0	14,0,0,0,0	ok
-1.779316	-37.556297	-44.161688	0.875258	continued:5	131504586847961235687181874578063117114329409897647623619241560935125066908876631867479597863393264	4532	1,0,0,0,0,0,0,0,0,0	14,0,0,0,0	ok
-1.776480	-37.556297	-44.542515	0.872799	continued:5	131504586847961235687181874578063117114329409897647623619241560935125066908876631867479597863393264	4532	1,0,0,0,0,0,0,0,0,0	14,0,0,0,0	ok
-1.773645	-37.556297	-44.934034	0.870881	continued:5	131504586847961235687181874578063117114329409897647623619241560935125066908876631867479597863393264	4532	1,0,0,0,0,0,0,0,0,0	14,0,0,0,0	ok
-1.770809	-37.556297	-45.331674	0.869297	continued:5	131504586847961235687181874578063117114329409897647623619241560935125066908876631867479597863393264	4532	1,0,0,0,0,0,0,0,0,0	14,0,0,0,0	ok
-1.767973	-37.556297	-45.732315	0.868048	continued:5	131504586847961235687181874578063117114329409897647623619241560935125066908876631867479597863393264	4532	1,0,0,0,0,0,0,0,0,0	14,0,0,0,0	ok
-1.765138	-37.556297	-46.131947	0.867547	continued:5	131504586847961235687181874578063117114329409897647623619241560935125066908876631867479597863393264	4532	1,0,0,0,0,0,0,0,0,0	14,0,0,0,0	ok
-1.762302	-37.556297	-46.522011	0.867173	full	131504586847961235687181874578063117114329409897647623619241560935125066908876631867479597863393264	4532	1,0,0,0,0,0,0,0,0,0	14,0,0,0,0	ok
-1.759466	-37.556297	-43.454184	0.878082	continued:5	131504586847961235687181874578063117114329409897647623619241560935125066908876631867479597863393264	4532	1,0,0,0,0,0,0,0,0,0	14,0,0,0,0	ok
-1.756631	-37.556297	-43.823045	0.875289	continued:5	131504586847961235687181874578063117114329409897647623619241560935125066908876631867479597863393264	4532	1,0,0,0,0,0,0,0,0,0	14,0,0,0,0	ok
-1.753795	-37.556297	-44.198111	0.872495	continued:5	131504586847961235687181874578063117114329409897647623619241560935125066908876631867479597863393264	4532	1,0,0,0,0,0,0,0,0,0	14,0,0,0,0	ok
-1.750959	-37.556297	-44.583940	0.870164	continued:5	131504586847961235687181874578063117114329409897647623619241560935125066908876631867479597863393264	4532	1,0,0,0,0,0,0,0,0,0	14,0,0,0,0	ok
-1.748123	-37.556297	-44.977864	0.868039	continued:5	131504586847961235687181874578063117114329409897647623619241560935125066908876631867479597863393264	4532	1,0,0,0,0,0,0,0,0,0	14,0,0,0,0	ok
-1.745288	-37.556297	-45.379029	0.866456	continued:5	131504586847961235687181874578063117114329409897647623619241560935125066908876631867479597863393264	4532	1,0,0,0,0,0,0,0,0,0	14,0,0,0,0	ok
-1.742452	-37.556297	-45.781904	0.865207	continued:5	131504586847961235687181874578063117114329409897647623619241560935125066908876631867479597863393264	4532	1,0,0,0,0,0,0,0,0,0	14,0,0,0,0	ok
-1.739616	-37.556297	-46.182453	0.864705	continued:5	131504586847961235687181874578063117114329409897647623619241560935125066908876631867479597863393264	4532	1,0,0,0,0,0,0,0,0,0	14,0,0,0,0	ok
-1.736781	-37.556297	-46.572129	0.864331	full	131504586847961235687181874578063117114329409897647623619241560935125066908876631867479597863393264	4532	1,0,0,0,0,0,0,0,0,0	14,0,0,0,0	ok
-1.733945	-37.556297	-43.475376	0.875357	continued:5	131504586847961235687181874578063117114329409897647623619241560935125066908876631867479597863393264	4532	1,0,0,0,0,0,0,0,0,0	14,0,0,0,0	ok
-1.731109	-37.556297	-43.851433	0.872564	continued:5	131504586847961235687181874578063117114329409897647623619241560935125066908876631867479597863393264	4532	1,0,0,0,0,0,0,0,0,0	14,0,0,0,0	ok
-1.728274	-37.556297	-44.232251	0.869770	continued:5	131504586847961235687181874578063117114329409897647623619241560935125066908876631867479597863393264	4532	1,0,0,0,0,0,0,0,0,0	14,0,0,0,0	ok
-1.725438	-37.556297	-44.622589	0.867311	continued:5	131504586847961235687181874578063117114329409897647623619241560935125066908876631867479597863393264	4532	1,0,0,0,0,0,0,0,0,0	14,0,0,0,0	ok
-1.722602	-37.556297	-45.021259	0.865187	continued:5	131504586847961235687181874578063117114329409897647623619241560935125066908876631867479597863393264	4532	1,0,0,0,0,0,0,0,0,0	14,0,0,0,0	ok
-1.719766	-37.556297	-45.425875	0.863603	continued:5	131504586847961235687181874578063117114329409897647623619241560935125066908876631867479597863393264	4532	1,0,0,0,0,0,0,0,0,0	14,0,0,0,0	ok
-1.716931	-37.556297	-45.830892	0.862354	continued:5	131504586847961235687181874578063117114329409897647623619241560935125066908876631867479597863393264	4532	1,0,0,0,0,0,0,0,0,0	14,0,0,0,0	ok
-1.714095	-37.556297	-46.232258	0.861852	continued:5	131504586847961235687181874578063117114329409897647623619241560935125066908876631867479597863393264	4532	1,0,0,0,0,0,0,0,0,0	14,0,0,0,0	ok
-1.711259	-37.556297	-46.621447	0.861479	full	131504586847961235687181874578063117114329409897647623619241560935125066908876631867479597863393264	4532	1,0,0,0,0,0,0,0,0,0	14,0,0,0,0	ok
-1.708424	-37.556297	-43.873513	0.870017	continued:5	131504586847961235687181874578063117114329409897647623619241560935125066908876631867479597863393264	4532	1,0,0,0,0,0,0,0,0,0	14,0,0,0,0	ok
-1.705588	-37.556297	-44.261044	0.867224	continued:5	131504586847961235687181874578063117114329409897647623619241560935125066908876631867479597863393264	4532	1,0,0,0,0,0,0,0,0,0	14,0,0,0,0	ok
-1.702752	-37.556297	-44.656780	0.864765	continued:5	131504586847961235687181874578063117114329409897647623619241560935125066908876631867479597863393264	4532	1,0,0,0,0,0,0,0,0,0	14,0,0,0,0	ok
-1.699917	-37.556297	-45.059647	0.862640	continued:5	131504586847961235687181874578063117114329409897647623619241560935125066908876631867479597863393264	4532	1,0,0,0,0,0,0,0,0,0	14,0,0,0,0	ok
-1.697081	-37.556297	-45.467286	0.861057	continued:5	131504586847961235687181874578063117114329409897647623619241560935125066908876631867479597863393264	4532	1,0,0,0,0,0,0,0,0,0	14,0,0,0,0	ok
-1.694245	-37.556297	-45.874145	0.859807	continued:5	131504586847961235687181874578063117114329409897647623619241560935125066908876631867479597863393264	4532	1,0,0,0,0,0,0,0,0,0	14,0,0,0,0	ok
-1.691410	-37.556297	-46.276167	0.859306	continued:5	131504586847961235687181874578063117114329409897647623619241560935125066908876631867479597863393264	4532	1,0,0,0,0,0,0,0,0,0	14,0,0,0,0	ok
-1.688574	-37.556297	-46.664857	0.858932	full	131504586847961235687181874578063117114329409897647623619241560935125066908876631867479597863393264	4532	1,0,0,0,0,0,0,0,0,0	14,0,0,0,0	ok
-1.685738	-37.556297	-43.900970	0.867593	continued:5	131504586847961235687181874578063117114329409897647623619241560935125066908876631867479597863393264	2659944	1,0,0,0,0,0,0,0,0,0	-14,0,0,0,0,0	ok
-1.682902	-37.556297	-44.293293	0.864799	continued:5	131504586847961235687181874578063117114329409897647623619241560935125066908876631867479597863393264	2659944	1,0,0,0,0,0,0,0,0,0	-14,0,0,0,0,0	ok
-1.680067	-37.556297	-44.692720	0.862340	continued:5	131504586847961235687181874578063117114329409897647623619241560935125066908876631867479597863393264	2659944	1,0,0,0,0,0,0,0,0,0	-14,0,0,0,0,0	ok
-1.677231	-37.556297	-45.098221	0.860088	continued:5	131504586847961235687181874578063117114329409897647623619241560935125066908876631867479597863393264	2659944	1,0,0,0,0,0,0,0,0,0	-14,0,0,0,0,0	ok
-1.674395	-37.556297	-45.508779	0.858504	continued:5	131504586847961235687181874578063117114329409897647623619241560935125066908876631867479597863393264	2659944	1,0,0,0,0,0,0,0,0,0	-14,0,0,0,0,0	ok
-1.671560	-37.556297	-45.917366	0.857255	continued:5	131504586847961235687181874578063117114329409897647623619241560935125066908876631867479597863393264	2659944	1,0,0,0,0,0,0,0,0,0	-14,0,0,0,0,0	ok
-1.668724	-37.556297	-46.319929	0.856754	continued:5	131504586847961235687181874578063117114329409897647623619241560935125066908876631867479597863393264	2659944	1,0,0,0,0,0,0,0,0,0	-14,0,0,0,0,0	ok
-1.665888	-37.556297	-46.708009	0.856380	full	131504586847961235687181874578063117114329409897647623619241560935125066908876631867479597863393264	2659944	1,0,0,0,0,0,0,0,0,0	-14,0,0,0,0,0	ok
-1.663053	-37.556297	-43.924080	0.865036	continued:5	131504586847961235687181874578063117114329409897647623619241560935125066908876631867479597863393264	2659944	1,0,0,0,0,0,0,0,0,0	-14,0,0,0,0,0	ok
-1.660217	-37.556297	-44.322979	0.862243	continued:5	131504586847961235687181874578063117114329409897647623619241560935125066908876631867479597863393264	2659944	1,0,0,0,0,0,0,0,0,0	-14,0,0,0,0,0	ok
-1.657381	-37.556297	-44.727636	0.859784	continued:5	131504586847961235687181874578063117114329409897647623619241560935125066908876631867479597863393264	2659944	1,0,0,0,0,0,0,0,0,0	-14,0,0,0,0,0	ok
-1.654545	-37.556297	-45.137136	0.857531	continued:5	131504586847961235687181874578063117114329409897647623619241560935125066908876631867479597863393264	2659944	1,0,0,0,0,0,0,0,0,0	-14,0,0,0,0,0	ok
-1.651710	-37.556297	-45.550492	0.855948	continued:5	131504586847961235687181874578063117114329409897647623619241560935125066908876631867479597863393264	2659944	1,0,0,0,0,0,0,0,0,0	-14,0,0,0,0,0	ok
-1.648874	-37.556297	-45.960678	0.854698	continued:5	131504586847961235687181874578063117114329409897647623619241560935125066908876631867479597863393264	2659944	1,0,0,0,0,0,0,0,0,0	-14,0,0,0,0,0	ok
-1.646038	-37.556297	-46.363651	0.854197	continued:5	131504586847961235687181874578063117114329409897647623619241560935125066908876631867479597863393264	2659944	1,0,0,0,0,0,0,0,0,0	-14,0,0,0,0,0	ok
-1.643203	-37.556297	-46.750998	0.853823	full	131504586847961235687181874578063117114329409897647623619241560935125066908876631867479597863393264	2659944	1,0,0,0,0,0,0,0,0,0	-14,0,0,0,0,0	ok
-1.640367	-37.556297	-43.951445	0.862543	continued:5	131504586847961235687181874578063117114329409897647623619241560935125066908876631867479597863393264	2659944	1,0,0,0,0,0,0,0,0,0	-14,0,0,0,0,0	ok
-1.637531	-37.556297	-44.355762	0.859749	continued:5	131504586847961235687181874578063117114329409897647623619241560935125066908876631867479597863393264	2659944	1,0,0,0,0,0,0,0,0,0	-14,0,0,0,0,0	ok
-1.634696	-37.556297	-44.764622	0.857290	continued:5	131504586847961235687181874578063117114329409897647623619241560935125066908876631867479597863393264	2659944	1,0,0,0,0,0,0,0,0,0	-14,0,0,0,0,0	ok
-1.631860	-37.556297	-45.177183	0.855038	continued:5	131504586847961235687181874578063117114329409897647623619241560935125066908876631867479597863393264	2659944	1,0,0,0,0,0,0,0,0,0	-14,0,0,0,0,0	ok
-1.629024	-37.556297	-45.592461	0.853454	continued:5	131504586847961235687181874578063117114329409897647623619241560935125066908876631867479597863393264	2659944	1,0,0,0,0,0,0,0,0,0	-14,0,0,0,0,0	ok
-1.626188	-37.556297	-46.003427	0.852205	continued:5	131504586847961235687181874578063117114329409897647623619241560935125066908876631867479597863393264	2659944	1,0,0,0,0,0,0,0,0,0	-14,0,0,0,0,0	ok
-1.623353	-37.556297	-46.406050	0.851497	continued:5	131504586847961235687181874578063117114329409897647623619241560935125066908876631867479597863393264	2659944	1,0,0,0,0,0,0,0,0,0	-14,0,0,0,0,0	ok
-1.620517	-37.556297	-46.793896	0.851330	full	131504586847961235687181874578063117114329409897647623619241560935125066908876631867479597863393264	2659944	1,0,0,0,0,0,0,0,0,0	-14,0,0,0,0,0	ok
-1.617681	-37.556297	-43.979596	0.860119	continued:5	131504586847961235687181874578063117114329409897647623619241560935125066908876631867479597863393264	2659944	1,0,0,0,0,0,0,0,0,0	-14,0,0,0,0,0	ok
-1.614846	-37.556297	-44.388334	0.857326	continued:5	131504586847961235687181874578063117114329409897647623619241560935125066908876631867479597863393264	2659944	1,0,0,0,0,0,0,0,0,0	-14,0,0,0,0,0	ok
-1.612010	-37.556297	-44.800486	0.854660	continued:5	131504586847961235687181874578063117114329409897647623619241560935125066908876631867479597863393264	2659944	1,0,0,0,0,0,0,0,0,0	-14,0,0,0,0,0	ok
-1.609174	-37.556297	-45.217528	0.852535	continued:5	131504586847961235687181874578063117114329409897647623619241560935125066908876631867479597863393264	2659944	1,0,0,0,0,0,0,0,0,0	-14,0,0,0,0,0	ok
-1.606339	-37.556297	-45.634658	0.850745	continued:5	131504586847961235687181874578063117114329409897647623619241560935125066908876631867479597863393264	2659944	1,0,0,0,0,0,0,0,0,0	-14,0,0,0,0,0	ok
-1.603503	-37.556297	-46.048411	0.849703	continued:5	131504586847961235687181874578063117114329409897647623619241560935125066908876631867479597863393264	2659944	1,0,0,0,0,0,0,0,0,0	-14,0,0,0,0,0	ok
-1.600667	-37.556297	-46.450509	0.848994	continued:5	131504586847961235687181874578063117114329409897647623619241560935125066908876631867479597863393264	2659944	1,0,0,0,0,0,0,0,0,0	-14,0,0,0,0,0	ok
-1.597832	-37.556297	-46.836756	0.848827	full	131504586847961235687181874578063117114329409897647623619241560935125066908876631867479597863393264	2659944	1,0,0,0,0,0,0,0,0,0	-14,0,0,0,0,0	ok
-1.594996	-37.556297	-44.007676	0.857605	continued:5	131504586847961235687181874578063117114329409897647623619241560935125066908876631867479597863393264	2659944	1,0,0,0,0,0,0,0,0,0	-14,0,0,0,0,0	ok
-1.592160	-37.556297	-44.421811	0.854812	continued:5	131504586847961235687181874578063117114329409897647623619241560935125066908876631867479597863393264	2659944	1,0,0,0,0,0,0,0,0,0	-14,0,0,0,0,0	ok
-1.589324	-37.556297	-44.838108	0.852146	continued:5	131504586847961235687181874578063117114329409897647623619241560935125066908876631867479597863393264	2659944	1,0,0,0,0,0,0,0,0,0	-14,0,0,0,0,0	ok
-1.586489	-37.556297	-45.258113	0.850022	continued:5	131504586847961235687181874578063117114329409897647623619241560935125066908876631867479597863393264	2659944	1,0,0,0,0,0,0,0,0,0	-14,0,0,0,0,0	ok
-1.583653	-37.556297	-45.677043	0.848232	continued:5	131504586847961235687181874578063117114329409897647623619241560935125066908876631867479597863393264	4438	1,0,0,0,0,0,0,0,0,0	-14,0,0,0,0	ok
-1.580817	-37.556297	-46.091434	0.846982	continued:5	131504586847961235687181874578063117114329409897647623619241560935125066908876631867479597863393264	4438	1,0,0,0,0,0,0,0,0,0	-14,0,0,0,0	ok
-1.577982	-37.556297	-46.495034	0.846481	continued:5	131504586847961235687181874578063117114329409897647623619241560935125066908876631867479597863393264	4438	1,0,0,0,0,0,0,0,0,0	-14,0,0,0,0	ok
-1.575146	-37.556297	-46.879618	0.846314	full	131504586847961235687181874578063117114329409897647623619241560935125066908876631867479597863393264	4438	1,0,0,0,0,0,0,0,0,0	-14,0,0,0,0	ok
-1.572310	-37.556297	-44.037512	0.855080	continued:5	131504586847961235687181874578063117114329409897647623619241560935125066908876631867479597863393264	10270	1,0,0,0,0,0,0,0,0,0	13,2,0,0,0	ok
-1.569475	-37.556297	-44.456946	0.852286	continued:5	131504586847961235687181874578063117114329409897647623619241560935125066908876631867479597863393264	2814352	1,0,0,0,0,0,0,0,0,0	13,-1,0,0,0,0	ok
-1.566639	-37.556297	-44.877294	0.849621	continued:5	131504586847961235687181874578063117114329409897647623619241560935125066908876631867479597863393264	5434	1,0,0,0,0,0,0,0,0,0	13,-1,0,0,0	ok
-1.563803	-37.556297	-45.300164	0.847368	continued:5	131504586847961235687181874578063117114329409897647623619241560935125066908876631867479597863393264	4345	1,0,0,0,0,0,0,0,0,0	13,0,0,0,0	ok
-1.560967	-37.556297	-45.722125	0.845785	continued:5	131504586847961235687181874578063117114329409897647623619241560935125066908876631867479597863393264	4345	1,0,0,0,0,0,0,0,0,0	13,0,0,0,0	ok
-1.558132	-37.556297	-46.136184	0.844536	continued:5	131504586847961235687181874578063117114329409897647623619241560935125066908876631867479597863393264	4345	1,0,0,0,0,0,0,0,0,0	13,0,0,0,0	ok
-1.555296	-37.556297	-46.538393	0.843827	continued:5	131504586847961235687181874578063117114329409897647623619241560935125066908876631867479597863393264	4345	1,0,0,0,0,0,0,0,0,0	13,0,0,0,0	ok
-1.552460	-37.556297	-46.922514	0.843788	full	131504586847961235687181874578063117114329409897647623619241560935125066908876631867479597863393264	4345	1,0,0,0,0,0,0,0,0,0	13,0,0,0,0	ok
-1.549625	-37.556297	-44.899209	0.842247	continued:5	131504586847961235687181874578063117114329409897647623619241560935125066908876631867479597863393264	4345	1,0,0,0,0,0,0,0,0,0	13,0,0,0,0	ok
-1.546789	-37.556297	-45.384530	0.839995	continued:5	131504586847961235687181874578063117114329409897647623619241560935125066908876631867479597863393264	4345	1,0,0,0,0,0,0,0,0,0	13,0,0,0,0	ok
-1.543953	-37.556297	-45.861952	0.838412	continued:5	131504586847961235687181874578063117114329409897647623619241560935125066908876631867479597863393264	4345	1,0,0,0,0,0,0,0,0,0	13,0,0,0,0	ok
-1.541118	-37.556297	-46.325112	0.837369	continued:5	131504586847961235687181874578063117114329409897647623619241560935125066908876631867479597863393264	4345	1,0,0,0,0,0,0,0,0,0	13,0,0,0,0	ok
-1.538282	-37.556297	-46.768246	0.836867	continued:5	131504586847961235687181874578063117114329409897647623619241560935125066908876631867479597863393264	4345	1,0,0,0,0,0,0,0,0,0	13,0,0,0,0	ok
-1.535446	-37.556297	-47.185408	0.836700	full	131504586847961235687181874578063117114329409897647623619241560935125066908876631867479597863393264	4345	1,0,0,0,0,0,0,0,0,0	13,0,0,0,0	ok
-1.532611	-37.556297	-44.959905	0.840814	continued:5	131504586847961235687181874578063117114329409897647623619241560935125066908876631867479597863393264	4345	1,0,0,0,0,0,0,0,0,0	13,0,0,0,0	ok
-1.529775	-37.556297	-45.440068	0.838561	continued:5	131504586847961235687181874578063117114329409897647623619241560935125066908876631867479597863393264	4345	1,0,0,0,0,0,0,0,0,0	13,0,0,0,0	ok
-1.526939	-37.556297	-45.912145	0.836978	continued:5	131504586847961235687181874578063117114329409897647623619241560935125066908876631867479597863393264	4345	1,0,0,0,0,0,0,0,0,0	13,0,0,0,0	ok
-1.524103	-37.556297	-46.369599	0.835935	continued:5	131504586847961235687181874578063117114329409897647623619241560935125066908876631867479597863393264	4345	1,0,0,0,0,0,0,0,0,0	13,0,0,0,0	ok
-1.521268	-37.556297	-46.806621	0.835434	continued:5	131504586847961235687181874578063117114329409897647623619241560935125066908876631867479597863393264	4345	1,0,0,0,0,0,0,0,0,0	13,0,0,0,0	ok
-1.518432	-37.556297	-47.217324	0.835267	full	131504586847961235687181874578063117114329409897647623619241560935125066908876631867479597863393264	4345	1,0,0,0,0,0,0,0,0,0	13,0,0,0,0	ok
-1.515596	-37.556297	-45.016679	0.839241	continued:5	131504586847961235687181874578063117114329409897647623619241560935125066908876631867479597863393264	4345	1,0,0,0,0,0,0,0,0,0	13,0,0,0,0	ok
-1.512761	-37.556297	-45.493334	0.837116	continued:5	131504586847961235687181874578063117114329409897647623619241560935125066908876631867479597863393264	4345	1,0,0,0,0,0,0,0,0,0	13,0,0,0,0	ok
-1.509925	-37.556297	-45.960196	0.835326	continued:5	131504586847961235687181874578063117114329409897647623619241560935125066908876631867479597863393264	4345	1,0,0,0,0,0,0,0,0,0	13,0,0,0,0	ok
-1.507089	-37.556297	-46.414107	0.834490	continued:5	131504586847961235687181874578063117114329409897647623619241560935125066908876631867479597863393264	4345	1,0,0,0,0,0,0,0,0,0	13,0,0,0,0	ok
-1.504254	-37.556297	-46.845016	0.833988	continued:5	131504586847961235687181874578063117114329409897647623619241560935125066908876631867479597863393264	4345	1,0,0,0,0,0,0,0,0,0	13,0,0,0,0	ok
-1.501418	-37.556297	-47.249274	0.833821	full	131504586847961235687181874578063117114329409897647623619241560935125066908876631867479597863393264	4345	1,0,0,0,0,0,0,0,0,0	13,0,0,0,0	ok
-1.498582	-37.556297	-44.605497	0.840076	continued:5	131504586847961235687181874578063117114329409897647623619241560935125066908876631867479597863393264	4345	1,0,0,0,0,0,0,0,0,0	13,0,0,0,0	ok
-1.495746	-37.556297	-45.083890	0.837410	continued:5	131504586847961235687181874578063117114329409897647623619241560935125066908876631867479597863393264	4345	1,0,0,0,0,0,0,0,0,0	13,0,0,0,0	ok
-1.492911	-37.556297	-45.556181	0.835286	continued:5	131504586847961235687181874578063117114329409897647623619241560935125066908876631867479597863393264	4345	1,0,0,0,0,0,0,0,0,0	13,0,0,0,0	ok
-1.490075	-37.556297	-46.018245	0.833702	continued:5	131504586847961235687181874578063117114329409897647623619241560935125066908876631867479597863393264	4345	1,0,0,0,0,0,0,0,0,0	13,0,0,0,0	ok
-1.487239	-37.556297	-46.464742	0.832660	continued:5	131504586847961235687181874578063117114329409897647623619241560935125066908876631867479597863393264	4345	1,0,0,0,0,0,0,0,0,0	13,0,0,0,0	ok
-1.484404	-37.556297	-46.889827	0.832286	continued:5	131504586847961235687181874578063117114329409897647623619241560935125066908876631867479597863393264	4345	1,0,0,0,0,0,0,0,0,0	13,0,0,0,0	ok
-1.481568	-37.556297	-47.286603	0.832119	full	131504586847961235687181874578063117114329409897647623619241560935125066908876631867479597863393264	4345	1,0,0,0,0,0,0,0,0,0	13,0,0,0,0	ok
-1.478732	-37.556297	-44.674913	0.838066	continued:5	131504586847961235687181874578063117114329409897647623619241560935125066908876631867479597863393264	4345	1,0,0,0,0,0,0,0,0,0	13,0,0,0,0	ok
-1.475897	-37.556297	-45.151105	0.835607	continued:5	131504586847961235687181874578063117114329409897647623619241560935125066908876631867479597863393264	4345	1,0,0,0,0,0,0,0,0,0	13,0,0,0,0	ok
-1.473061	-37.556297	-45.618570	0.833354	continued:5	131504586847961235687181874578063117114329409897647623619241560935125066908876631867479597863393264	4345	1,0,0,0,0,0,0,0,0,0	13,0,0,0,0	ok
-1.470225	-37.556297	-46.076714	0.831977	continued:5	131504586847961235687181874578063117114329409897647623619241560935125066908876631867479597863393264	4345	1,0,0,0,0,0,0,0,0,0	13,0,0,0,0	ok
-1.467389	-37.556297	-46.516596	0.830935	continued:5	131504586847961235687181874578063117114329409897647623619241560935125066908876631867479597863393264	4345	1,0,0,0,0,0,0,0,0,0	13,0,0,0,0	ok
-1.464554	-37.556297	-46.934627	0.830561	continued:5	131504586847961235687181874578063117114329409897647623619241560935125066908876631867479597863393264	4345	1,0,0,0,0,0,0,0,0,0	13,0,0,0,0	ok
-1.461718	-37.556297	-47.323999	0.830394	full	131504586847961235687181874578063117114329409897647623619241560935125066908876631867479597863393264	4345	1,0,0,0,0,0,0,0,0,0	13,0,0,0,0	ok
-1.458882	-37.556297	-44.745400	0.836193	continued:5	131504586847961235687181874578063117114329409897647623619241560935125066908876631867479597863393264	4345	1,0,0,0,0,0,0,0,0,0	13,0,0,0,0	ok
-1.456047	-37.556297	-45.217599	0.833734	continued:5	131504586847961235687181874578063117114329409897647623619241560935125066908876631867479597863393264	4345	1,0,0,0,0,0,0,0,0,0	13,0,0,0,0	ok
-1.453211	-37.556297	-45.680847	0.831609	continued:5	131504586847961235687181874578063117114329409897647623619241560935125066908876631867479597863393264	4345	1,0,0,0,0,0,0,0,0,0	13,0,0,0,0	ok
-1.450375	-37.556297	-46.132978	0.830026	continued:5	131504586847961235687181874578063117114329409897647623619241560935125066908876631867479597863393264	4345	1,0,0,0,0,0,0,0,0,0	13,0,0,0,0	ok
-1.447540	-37.556297	-46.568432	0.829190	continued:5	131504586847961235687181874578063117114329409897647623619241560935125066908876631867479597863393264	4345	1,0,0,0,0,0,0,0,0,0	13,0,0,0,0	ok
-1.444704	-37.556297	-46.979447	0.828816	continued:5	131504586847961235687181874578063117114329409897647623619241560935125066908876631867479597863393264	4345	1,0,0,0,0,0,0,0,0,0	13,0,0,0,0	ok
-1.441868	-37.556297	-47.361472	0.828649	full	131504586847961235687181874578063117114329409897647623619241560935125066908876631867479597863393264	4345	1,0,0,0,0,0,0,0,0,0	13,0,0,0,0	ok
-1.439033	-37.556297	-44.952026	0.835806	continued:5	131504586847961235687181874578063117114329409897647623619241560935125066908876631867479597863393264	4345	1,0,0,0,0,0,0,0,0,0	13,0,0,0,0	ok
-1.436197	-37.556297	-45.393909	0.833475	continued:5	131504586847961235687181874578063117114329409897647623619241560935125066908876631867479597863393264	4345	1,0,0,0,0,0,0,0,0,0	13,0,0,0,0	ok
-1.433361	-37.556297	-45.828403	0.831557	continued:5	131504586847961235687181874578063117114329409897647623619241560935125066908876631867479597863393264	4345	1,0,0,0,0,0,0,0,0,0	13,0,0,0,0	ok
-1.430525	-37.556297	-46.251635	0.830101	continued:5	131504586847961235687181874578063117114329409897647623619241560935125066908876631867479597863393264	4345	1,0,0,0,0,0,0,0,0,0	13,0,0,0,0	ok
-1.427690	-37.556297	-46.658596	0.829186	continued:5	131504586847961235687181874578063117114329409897647623619241560935125066908876631867479597863393264	4345	1,0,0,0,0,0,0,0,0,0	13,0,0,0,0	ok
-1.424854	-37.556297	-47.043466	0.829019	continued:5	131504586847961235687181874578063117114329409897647623619241560935125066908876631867479597863393264	4345	1,0,0,0,0,0,0,0,0,0	13,0,0,0,0	ok
-1.422018	-37.556297	-47.399031	0.826353	full	131504586847961235687181874578063117114329409897647623619241560935125066908876631867479597863393264	4345	1,0,0,0,0,0,0,0,0,0	13,0,0,0,0	ok
-1.419183	-37.556297	-44.697893	0.835201	continued:5	131504586847961235687181874578063117114329409897647623619241560935125066908876631867479597863393264	4345	1,0,0,0,0,0,0,0,0,0	13,0,0,0,0	ok
-1.416347	-37.556297	-45.145108	0.832535	continued:5	131504586847961235687181874578063117114329409897647623619241560935125066908876631867479597863393264	4345	1,0,0,0,0,0,0,0,0,0	13,0,0,0,0	ok
-1.413511	-37.556297	-45.586466	0.830204	continued:5	131504586847961235687181874578063117114329409897647623619241560935125066908876631867479597863393264	4345	1,0,0,0,0,0,0,0,0,0	13,0,0,0,0	ok
-1.410676	-37.556297	-46.019564	0.828414	continued:5	131504586847961235687181874578063117114329409897647623619241560935125066908876631867479597863393264	4345	1,0,0,0,0,0,0,0,0,0	13,0,0,0,0	ok
-1.407840	-37.556297	-46.438798	0.827371	continued:5	131504586847961235687181874578063117114329409897647623619241560935125066908876631867479597863393264	4345	1,0,0,0,0,0,0,0,0,0	13,0,0,0,0	ok
-1.405004	-37.556297	-46.836400	0.826663	continued:5	131504586847961235687181874578063117114329409897647623619241560935125066908876631867479597863393264	4345	1,0,0,0,0,0,0,0,0,0	13,0,0,0,0	ok
-1.402168	-37.556297	-47.209004	0.826702	full	131504586847961235687181874578063117114329409897631406061666638548823646371904376997883815099845702	4345	-1,0,0,0,0,0,0,0,0,0	13,0,0,0,0	ok
-1.399333	-37.556297	-44.735692	0.833022	continued:5	131504586847961235687181874578063117114329409897647623619241560935125066908876631867479597863393264	4345	1,0,0,0,0,0,0,0,0,0	13,0,0,0,0	ok
-1.396497	-37.556297	-45.184674	0.830228	continued:5	131504586847961235687181874578063117114329409897647623619241560935125066908876631867479597863393264	4345	1,0,0,0,0,0,0,0,0,0	13,0,0,0,0	ok
-1.393661	-37.556297	-45.628217	0.827897	continued:5	131504586847961235687181874578063117114329409897647623619241560935125066908876631867479597863393264	4345	1,0,0,0,0,0,0,0,0,0	13,0,0,0,0	ok
-1.390826	-37.556297	-46.062391	0.826313	continued:5	131504586847961235687181874578063117114329409897647623619241560935125066908876631867479597863393264	4345	1,0,0,0,0,0,0,0,0,0	13,0,0,0,0	ok
-1.387990	-37.556297	-46.479593	0.825064	continued:5	131504586847961235687181874578063117114329409897647623619241560935125066908876631867479597863393264	4345	1,0,0,0,0,0,0,0,0,0	13,0,0,0,0	ok
-1.385154	-37.556297	-46.876366	0.824356	continued:5	131504586847961235687181874578063117114329409897647623619241560935125066908876631867479597863393264	4345	1,0,0,0,0,0,0,0,0,0	13,0,0,0,0	ok
-1.382319	-37.556297	-47.247263	0.824395	full	131504586847961235687181874578063117114329409897631406061666638548823646371904376997883815099845702	4345	-1,0,0,0,0,0,0,0,0,0	13,0,0,0,0	ok
-1.379483	-37.556297	-44.769367	0.830703	continued:5	131504586847961235687181874578063117114329409897647623619241560935125066908876631867479597863393264	4345	1,0,0,0,0,0,0,0,0,0	13,0,0,0,0	ok
-1.376647	-37.556297	-45.221899	0.827909	continued:5	131504586847961235687181874578063117114329409897647623619241560935125066908876631867479597863393264	4345	1,0,0,0,0,0,0,0,0,0	13,0,0,0,0	ok
-1.373812	-37.556297	-45.667801	0.825578	continued:5	131504586847961235687181874578063117114329409897647623619241560935125066908876631867479597863393264	4345	1,0,0,0,0,0,0,0,0,0	13,0,0,0,0	ok
-1.370976	-37.556297	-46.103194	0.823994	continued:5	131504586847961235687181874578063117114329409897647623619241560935125066908876631867479597863393264	4345	1,0,0,0,0,0,0,0,0,0	13,0,0,0,0	ok
-1.368140	-37.556297	-46.520538	0.822745	continued:5	131504586847961235687181874578063117114329409897647623619241560935125066908876631867479597863393264	4345	1,0,0,0,0,0,0,0,0,0	13,0,0,0,0	ok
-1.365304	-37.556297	-46.916462	0.822037	continued:5	131504586847961235687181874578063117114329409897647623619241560935125066908876631867479597863393264	4345	1,0,0,0,0,0,0,0,0,0	13,0,0,0,0	ok
-1.362469	-37.556297	-47.285641	0.822076	full	131504586847961235687181874578063117114329409897631406061666638548823646371904376997883815099845702	4345	-1,0,0,0,0,0,0,0,0,0	13,0,0,0,0	ok
-1.359633	-37.556297	-44.807511	0.828371	continued:5	131504586847961235687181874578063117114329409897647623619241560935125066908876631867479597863393264	4345	1,0,0,0,0,0,0,0,0,0	13,0,0,0,0	ok
-1.356797	-37.556297	-45.263261	0.825705	continued:5	131504586847961235687181874578063117114329409897647623619241560935125066908876631867479597863393264	4345	1,0,0,0,0,0,0,0,0,0	13,0,0,0,0	ok
-1.353962	-37.556297	-45.709856	0.823453	continued:5	131504586847961235687181874578063117114329409897631406061666638548823646371904376997883815099845702	4345	-1,0,0,0,0,0,0,0,0,0	13,0,0,0,0	ok
-1.351126	-37.556297	-46.144168	0.821663	continued:5	131504586847961235687181874578063117114329409897647623619241560935125066908876631867479597863393264	4345	1,0,0,0,0,0,0,0,0,0	13,0,0,0,0	ok
-1.348290	-37.556297	-46.561634	0.820413	continued:5	131504586847961235687181874578063117114329409897647623619241560935125066908876631867479597863393264	106927	1,0,0,0,0,0,0,0,0,0	13,0,0,0,-1	ok
-1.345455	-37.556297	-46.956692	0.819705	continued:5	131504586847961235687181874578063117114329409897647623619241560935125066908876631867479597863393264	106927	1,0,0,0,0,0,0,0,0,0	13,0,0,0,-1	ok
-1.342619	-37.556297	-47.324140	0.819745	full	131504586847961235687181874578063117114329409897631406061666638548823646371904376997883815099845702	106927	-1,0,0,0,0,0,0,0,0,0	13,0,0,0,-1	ok
-1.339783	-37.556297	-44.843591	0.826106	continued:5	131504586847961235687181874578063117114329409897647623619241560935125066908876631867479597863393264	106927	1,0,0,0,0,0,0,0,0,0	13,0,0,0,-1	ok
-1.336947	-37.556297	-45.301867	0.823312	continued:5	131504586847961235687181874578063117114329409897631406061666638548823646371904376997883815099845702	106927	-1,0,0,0,0,0,0,0,0,0	13,0,0,0,-1	ok
-1.334112	-37.556297	-45.751258	0.820981	continued:5	131504586847961235687181874578063117114329409897631406061666638548823646371904376997883815099845702	44939914	-1,0,0,0,0,0,0,0,0,0	13,0,0,0,1	ok
-1.331276	-37.556297	-46.187960	0.819397	continued:5	131504586847961235687181874578063117114329409897631406061666638548823646371904376997883815099845702	44939914	-1,0,0,0,0,0,0,0,0,0	13,0,0,0,1	ok
-1.328440	-37.556297	-46.604553	0.818148	continued:5	131504586847961235687181874578063117114329409897631406061666638548823646371904376997883815099845702	44939914	-1,0,0,0,0,0,0,0,0,0	13,0,0,0,1	ok
-1.325605	-37.556297	-46.997846	0.817440	continued:5	131504586847961235687181874578063117114329409897631406061666638548823646371904376997883815099845702	44939914	-1,0,0,0,0,0,0,0,0,0	13,0,0,0,1	ok
-1.322769	-37.556297	-47.362764	0.817400	full	131504586847961235687181874578063117114329409897631406061666638548823646371904376997883815099845702	44939914	-1,0,0,0,0,0,0,0,0,0	13,0,0,0,1	ok
-1.319933	-37.556297	-44.885349	0.823876	continued:5	131504586847961235687181874578063117114329409897631406061666638548823646371904376997883815099845702	30798517552	-1,0,0,0,0,0,0,0,0,0	13,0,0,0,-2	ok
-1.317098	-37.556297	-45.345154	0.821083	continued:5	131504586847961235687181874578063117114329409897631406061666638548823646371904376997883815099845702	12487845456070	-1,0,0,0,0,0,0,0,0,0	13,0,0,0,2	ok
-1.314262	-37.556297	-45.795099	0.818752	continued:5	131504586847961235687181874578063117114329409897631406061666638548823646371904376997883815099845702	274761575525216302	-1,0,0,0,0,0,0,0,0,0	13,0,0,0,3	ok
-1.311426	-37.556297	-46.231384	0.816961	continued:5	131504586847961235687181874578063117114329409897631406061666638548823646371904376997883815099845702	438657892277635783562920	-1,0,0,0,0,0,0,0,0,0	13,0,0,0,5	ok
-1.308590	-37.556297	-46.648667	0.815919	continued:5	131504586847961235687181874578063117114329409897631406061666638548823646371904376997883815099845702	677	-1,0,0,0,0,0,0,0,0,0	13,0,0,0	ok
-1.305755	-37.556297	-47.039628	0.815211	continued:5	131504586847961235687181874578063117114329409897631406061666638548823646371904376997883815099845702	5848785053899139	-1,0,0,0,0,0,0,0,0,0	13,0,0,-1,-3	ok
-1.302919	-37.556297	-47.401518	0.815043	full	131504586847961235687181874578063117114329409897631406061666638548823646371904376997883815099845702	366000014	-1,0,0,0,0,0,0,0,0,0	13,0,0,-1,1	ok
-1.300083	-37.556297	-44.922621	0.821506	continued:5	131504586847961235687181874578063117114329409897631406061666638548823646371904376997883815099845702	366000014	-1,0,0,0,0,0,0,0,0,0	13,0,0,-1,1	ok
-1.297248	-37.556297	-45.385778	0.818713	continued:5	131504586847961235687181874578063117114329409897631406061666638548823646371904376997883815099845702	3449108014	-1,0,0,0,0,0,0,0,0,0	13,0,0,-1,-1,0	ok
-1.294412	-37.556297	-45.837851	0.816382	continued:5	131504586847961235687181874578063117114329409897631406061666638548823646371904376997883815099845702	3449108014	-1,0,0,0,0,0,0,0,0,0	13,0,0,-1,-1,0	ok
-1.291576	-37.556297	-46.275101	0.814798	continued:5	131504586847961235687181874578063117114329409897631406061666638548823646371904376997883815099845702	1317850	-1,0,0,0,0,0,0,0,0,0	13,0,0,-1,-1	ok
-1.288741	-37.556297	-46.690239	0.813549	continued:5	16217557574922386301420542667438374088396792810839	39314	-1,0,0,0,0,0,0,0,0	13,0,0,-1,0	ok
-1.285905	-37.556297	-47.080277	0.812841	continued:5	131504586847961235687181874578063117114329409897631406061666638548823646371904376997883815099845702	39314	-1,0,0,0,0,0,0,0,0,0	13,0,0,-1,0	ok
-1.283069	-37.556297	-47.440404	0.812674	full	131504586847961235687181874578063117114329409897631406061666638548823646371904376997883815099845702	39314	-1,0,0,0,0,0,0,0,0,0	13,0,0,-1,0	ok
-1.280234	-37.556297	-44.966361	0.819251	continued:5	131504586847961235687181874578063117114329409897631406061666638548823646371904376997883815099845702	39314	-1,0,0,0,0,0,0,0,0,0	13,0,0,-1,0	ok
-1.277398	-37.556297	-45.430908	0.816458	continued:5	16217557574922386301420542667438374088396792810839	39314	-1,0,0,0,0,0,0,0,0	13,0,0,-1,0	ok
-1.274562	-37.556297	-45.883384	0.814206	continued:5	131504586847961235687181874578063117114329409897631406061666638548823646371904376997883815099845702	39314	-1,0,0,0,0,0,0,0,0,0	13,0,0,-1,0	ok
-1.271726	-37.556297	-46.319263	0.812415	continued:5	16217557574922386301420542667438374088396792810839	39314	-1,0,0,0,0,0,0,0,0	13,0,0,-1,0	ok
-1.268891	-37.556297	-46.734236	0.811166	continued:5	131504586847961235687181874578063117114329409897631406061666638548823646371904376997883815099845702	39314	-1,0,0,0,0,0,0,0,0,0	13,0,0,-1,0	ok
-1.266055	-37.556297	-47.123139	0.810665	continued:5	5695183504495988991042170	39314	-1,0,0,0,0,0,0,0	13,0,0,-1,0	ok
-1.263219	-37.556297	-47.479426	0.810291	full	131504586847961235687181874578063117114329409897631406061666638548823646371904376997883815099845702	39314	-1,0,0,0,0,0,0,0,0,0	13,0,0,-1,0	ok
-1.260384	-37.556297	-45.009858	0.816923	continued:5	16217557574922386301420542667438374088396792810839	39314	-1,0,0,0,0,0,0,0,0	13,0,0,-1,0	ok
-1.257548	-37.556297	-45.476489	0.814130	continued:5	5695183504495988991042170	39314	-1,0,0,0,0,0,0,0	13,0,0,-1,0	ok
-1.254712	-37.556297	-45.929961	0.811877	continued:5	16217557574922386301420542667438374088396792810839	39314	-1,0,0,0,0,0,0,0,0	13,0,0,-1,0	ok
-1.251877	-37.556297	-46.365783	0.810087	continued:5	5695183504495988991042170	39314	-1,0,0,0,0,0,0,0	13,0,0,-1,0	ok
-1.249041	-37.556297	-46.779715	0.809045	continued:5	131504586847961235687181874578063117114329409897631406061666638548823646371904376997883815099845702	2995386341789	-1,0,0,0,0,0,0,0,0,0	13,0,0,-1,-1,-1	ok
-1.246205	-37.556297	-47.164759	0.808336	continued:5	16217557574922386301420542667438374088396792810839	3449108014	-1,0,0,0,0,0,0,0,0	13,0,0,-1,-1,0	ok
-1.243369	-37.556297	-47.518585	0.807963	full	5695183504495988991042170	1317850	-1,0,0,0,0,0,0,0	13,0,0,-1,-1	ok
-1.240534	-37.556297	-45.054530	0.814630	continued:5	5695183504495988991042170	366000014	-1,0,0,0,0,0,0,0	13,0,0,-1,1	ok
-1.237698	-37.556297	-45.522620	0.811836	continued:5	16217557574922386301420542667438374088396792810839	366000014	-1,0,0,0,0,0,0,0,0	13,0,0,-1,1	ok
-1.234862	-37.556297	-45.976530	0.809584	continued:5	53008825294750347297808410524294064452	38435453101789	-1,0,0,0,0,0,0,-1	13,0,0,-1,2	ok
-1.232027	-37.556297	-46.411795	0.807794	continued:5	124384776697171140630079328689943183509917285724497094778714	115734947132227377952054514	-1,0,0,0,0,0,0,1	13,0,0,-1,6	ok
-1.229191	-37.556297	-46.824248	0.806751	continued:5	3374964376952	677	-1,0,0,0,0,0,0	13,0,0,0	ok
-1.226355	-37.556297	-47.207005	0.806043	continued:5	2600339	677	-1,0,0,0,0,0	13,0,0,0	ok
-1.223520	-37.556297	-47.557884	0.805669	full	3374964376952	677	-1,0,0,0,0,0,0	13,0,0,0	ok
-1.220684	-37.556297	-45.098803	0.812205	continued:5	44706877440489356094206794178084539334060040525487994981417547892577	677	-1,0,0,0,0,0,0,-1,0	13,0,0,0	ok
-1.217848	-37.556297	-45.569690	0.809540	continued:5	9455884669399194548805788410186589	677	-1,0,0,0,0,0,-1,0	13,0,0,0	ok
-1.215013	-37.556297	-46.023838	0.807287	continued:5	14730495215871488720702	95226690798861924657776164	-1,0,0,0,0,1,0	13,0,0,0,6	ok
-1.212177	-37.556297	-46.458365	0.805497	continued:5	998767320547577	721722691707500216302	-1,0,0,0,0,1	13,0,0,0,4	ok
-1.209341	-37.556297	-46.869175	0.804455	continued:5	77971519449922417203419339	17523674221848365435	-1,0,0,0,0,2	-13,0,0,0,-4	ok
-1.206505	-37.556297	-47.249507	0.803746	continued:5	4534061320216858634228489299531121720466252467938202	274761574783918016	-1,0,0,0,0,6	-13,0,0,0,3	ok
-1.203670	-37.556297	-47.597326	0.803373	full	63379992707011139772061585228713997359722133385873525661267251538789942102633909613417735421054707379332644023758520077598059886216307111327	2537571827700878	-1,0,0,0,0,0,12	-13,0,0,0,-3	ok
-1.200834	-37.556297	-45.141475	0.809912	continued:5	249080812254063937362614	2537571827700878	-1,0,0,0,-1,1,0	-13,0,0,0,-3	ok
-1.197998	-37.556297	-45.613737	0.807118	continued:5	47401472128138413141229094469209177610545	12487840458503	-1,0,0,0,0,-1,0,-1	-13,0,0,0,2	ok
-1.195163	-37.556297	-46.069566	0.804994	continued:5	63681783107631718002001952	12487840458503	-1,0,0,0,-1,0,0,0	-13,0,0,0,2	ok
-1.192327	-37.556297	-46.503323	0.803203	continued:5	171642627464	12487840458503	-1,0,0,0,1,0	-13,0,0,0,2	ok
-1.189491	-37.556297	-46.912474	0.801954	continued:5	3361378696400720345	2537571827700878	-1,0,0,0,1,1	-13,0,0,0,-3	ok
-1.186656	-37.556297	-47.292319	0.801453	continued:5	99887480609913335068329837313202	2537571827700878	-1,0,0,0,0,-2,-1	-13,0,0,0,-3	ok
-1.183820	-37.556297	-47.636911	0.801079	full	3499970946211947819920	17523674221848365435	-1,0,0,0,2,1	-13,0,0,0,-4	ok
-1.180984	-37.556297	-45.190282	0.807617	continued:5	1087000418376733258139	7205028528548041585574891	-1,0,0,0,-4,0	-13,0,0,0,-6	ok
-1.178148	-37.556297	-45.663207	0.804824	continued:5	527842803948288417587274500644070	641	-1,0,0,0,10	-13,0,0,0	ok
-1.175313	-37.556297	-46.118742	0.802699	continued:5	21448131448362511539867490981584112820	641	-1,0,0,0,12,1	-13,0,0,0	ok
-1.172477	-37.556297	-46.551279	0.800909	continued:5	158167584707385364826135583578856764	158167584707385378324619112587141160	-1,0,0,-1,12	-13,0,0,-1,12	ok
-1.169641	-37.556297	-46.958360	0.799659	continued:5	1287689937327796895752219981125773178594425	365972960	-1,0,0,-1,1,4	-13,0,0,-1,1	ok
-1.166806	-37.556297	-47.335413	0.799158	continued:5	11262711374993081990547698538507599559560165115311981058206636442260660	39035	-1,0,0,-1,0,12	-13,0,0,-1,0	ok
-1.163970	-37.556297	-47.676643	0.798784	full	266939967805322639	39035	-1,0,0,-1,0,-1,0	-13,0,0,-1,0	ok
-1.161134	-37.556297	-45.237677	0.805321	continued:5	1511454919478898741916458254870712450161065300509922543173673005310048876952	613253	-1,0,0,0,-1,0,0,0,-1	-13,0,0,1,0	ok
-1.158299	-37.556297	-45.711266	0.802528	continued:5	505845514372237655	111213958995128	-1,0,0,1,0,-1,0	-13,0,0,1,2	ok
-1.155463	-37.556297	-46.166496	0.800197	continued:5	565214380118638213844322238394629185785979114683401995571023061378202	9264335	-1,0,0,0,0,1,-1,1	-13,0,0,-2,0	ok
-1.152627	-37.556297	-46.599879	0.798613	continued:5	5191446787138023500993421343366734845	71538716	-1,0,0,0,1,2,-1	-13,0,0,-3	ok
-1.149791	-37.556297	-47.004694	0.797364	continued:5	1571803778379173419903995505486677121295	4262506528178	-1,0,0,1,-13,-2	-13,0,0,5,0	ok
-1.146956	-37.556297	-47.378787	0.796862	continued:5	1862522158573912577	3732442320528860753	-1,0,0,0,-2,0,0	-13,0,0,-12,1	ok
-1.144120	-37.556297	-47.716522	0.796488	full	78254953624514908177922480630	547829342632538516	-1,0,0,2,-2,2	-13,0,0,12	ok
-1.141284	-37.556297	-45.287381	0.802946	continued:5	69175446989	2038339716401752628	-1,0,0,-3,0,0	-13,0,-1,12,-1	ok
-1.138449	-37.556297	-45.762124	0.800153	continued:5	5562885013179558284362211476655130482175531652248464922714668810916831724719703694460025083039845702	24672534428	-1,0,0,0,4,-2,-6	-13,0,-1,1,-1,0	ok
-1.135613	-37.556297	-46.217458	0.797901	continued:5	15668906690427720625618808595806989183475882424676645337055437099553529270604567995631068975293747664221081254323705886372318135413964	20842777066757774394956	-1,0,0,0,0,0,8,-1,0	-13,0,-1,0,-5	ok
-1.132777	-37.556297	-46.649154	0.796317	continued:5	2536462332690047130538707453364055	10706	-1,0,0,11,10	-13,0,-1,0,0	ok
-1.129942	-37.556297	-47.051493	0.795068	continued:5	1059539841653787464	15195958780916	-1,0,0,12,0	-13,0,1,0,2	ok
-1.127106	-37.556297	-47.422451	0.794566	continued:5	26384566204951275789992207591501312840702	810056377841	-1,0,0,0,12,2	-13,0,1,1,-2	ok
-1.124270	-37.556297	-47.756551	0.794193	full	507231184298064407036184100116170714	577384349330255456	-1,0,0,12,12	-13,0,1,12	ok
-1.121435	-37.556297	-45.339010	0.800522	continued:5	532598608741463638518526066105667645	299351353829499128	-1,0,0,-13,12	-13,0,-2,0,3	ok
-1.118599	-37.556297	-45.815093	0.797857	continued:5	561098274771974469752	493027076	-1,0,-1,12,1,-1	-13,0,2,2,0	ok
-1.115763	-37.556297	-46.269344	0.795605	continued:5	676354590162092009390	358256	-1,0,-1,-4,3,0	-13,0,3,-1	ok
-1.112927	-37.556297	-46.699109	0.794021	continued:5	2172637103111622822726001317374678750	196355451086	-1,0,-1,1,12,-1	-13,0,5,0,-2	ok
-1.110092	-37.556297	-47.098759	0.792772	continued:5	39983097918626732024971951053757685	8426810906	-1,0,-1,-1,0,3	-13,0,10,2	ok
-1.107256	-37.556297	-47.466405	0.792270	continued:5	150084718575830244802042137223706252	1061798378	-1,0,-1,0,12	-13,0,-12,0	ok
-1.104420	-37.556297	-47.796729	0.791896	full	150636888076799747255451492911977998871836531671335428335	4795093460	-1,0,-1,0,2,7	-13,0,12,-1,0	ok
-1.101585	-37.556297	-45.392224	0.798228	continued:5	730709105	3772574445156311	-1,0,-1,0,-1,0	-13,0,12,8	ok
-1.098749	-37.556297	-45.867922	0.795434	continued:5	3432703706929550627	1007205262134989753	-1,0,-1,0,1,1	-13,0,12,12	ok
-1.095913	-37.556297	-46.322252	0.793310	continued:5	39999595998824920588116025292312402	1032083955705044441	-1,0,1,0,-12	-13,0,-13,12	ok
-1.093078	-37.556297	-46.749809	0.791726	continued:5	2011323179307435761810003530539231716021814474870962276428917814857344157439662065266736891676538231602134319414451936528792347051224880449714073221570898712922948378105889360472156638815512297578025583684187200885084317368772059511371576542149905255573700086918762412910281516595	3656535861	-1,0,0,0,1,-1,0,12	-13,-1,12,1	ok
-1.090242	-37.556297	-47.146533	0.790477	continued:5	2076895328200563536322165097026902	7093236	-1,0,1,-2,2,-3	-13,-1,-4,-1,0	ok
-1.087406	-37.556297	-47.510669	0.789975	continued:5	1255258393539152	592780252074507660	-1,0,1,-8,0	-13,-1,1,-12,0	ok
-1.084570	-37.556297	-47.837059	0.789601	full	110008876089139243106372627	3375024132630	-1,0,1,12,5	-13,-1,-1,-1,-1,-1	ok
-1.081735	-37.556297	-45.444020	0.795805	continued:5	2906761653455193929541814852396952	33311301726325785906	-1,0,-2,12,10	-13,-1,0,12,-2	ok
-1.078899	-37.556297	-45.920707	0.793139	continued:5	69081011096570069331989767700	5331720	-1,0,-2,-1,-1,1,-1	-13,-1,0,2	ok
-1.076063	-37.556297	-46.373634	0.791014	continued:5	16733711252855	58081491801314391	-1,0,-2,0,2	-13,-1,0,2,-3	ok
-1.073228	-37.556297	-46.798982	0.789224	continued:5	1201088244284917022393876404247952179252	547925132690398760	-1,0,2,-2,1,-4	-13,1,0,12	ok
-1.070392	-37.556297	-47.194780	0.788182	continued:5	507535910573393771628757734541810502	2672850615030728	-1,0,2,12,12	-13,1,-1,0,-3	ok
-1.067556	-37.556297	-47.555226	0.787680	continued:5	10685020537903028252654341986377	160641118224175955	-1,0,-3,0,3,2	-13,1,2,11	ok
-1.064721	-37.556297	-47.877541	0.787306	full	640711517202090950	2791202945	-1,0,3,12	-13,1,-12,1	ok
-1.061885	-37.556297	-45.497373	0.793432	continued:5	692177069439355502	1007356504088496155	-1,0,4,-12,0	-13,1,12,12	ok
-1.059049	-37.556297	-45.974176	0.790767	continued:5	119121648989538242613148280	1104241490	-1,0,-6,0,-6,0	-13,-2,-12,0	ok
-1.056214	-37.556297	-46.426264	0.788514	continued:5	158635230610513739951521631652912152	562583394017917796	-1,0,-9,-1,12	-13,-2,-1,12	ok
-1.053378	-37.556297	-46.851152	0.786931	continued:5	51328881002	547973032429851926	-1,0,-11,-2,-1	-13,-2,0,12	ok
-1.050542	-37.556297	-47.243553	0.785888	continued:5	959018512740159452	890799203709427625	-1,0,11,12	-13,2,-10,12	ok
-1.047706	-37.556297	-47.600101	0.785387	continued:5	2872702628402	3799696700	-1,0,-12,-2,-1,0	-13,-3,12,1	ok
-1.044871	-37.556297	-47.918177	0.785013	full	150662984069541858990109911463919675	11393126	-1,0,-12,0,12	-13,3,-1,2	ok
-1.042035	-37.556297	-45.555389	0.791137	continued:5	150662984069541858990109911463919675	7846223790	-1,0,-12,0,12	-13,-4,2,1,1	ok
-1.039199	-37.556297	-46.030815	0.788344	continued:5	33313870625	299655848058041621	-1,0,12,1,-1	-13,-5,1,-12	ok
-1.036364	-37.556297	-46.482084	0.786219	continued:5	26805964652	66405	-1,0,12,-2,0	-13,-7,-2,0	ok
-1.033528	-37.556297	-46.903974	0.784636	continued:5	17987513166320	1335850491	-1,0,12,4,-1	-13,-10,12	ok
-1.030692	-37.556297	-47.292772	0.783593	continued:5	298712638202335964	548835764903960090	-1,0,12,-11,0	-13,-11,0,12	ok
-1.027857	-37.556297	-47.645255	0.783091	continued:5	1032160938101079152	1386248160	-1,0,12,-12,0	-13,11,12	ok
-1.025021	-37.556297	-47.958966	0.782718	full	3356899813583553239	224090	-1,0,12,12,-1	-13,-12,-2,0	ok
-1.022185	-37.556297	-45.615305	0.788715	continued:5	20692754045960644465739	548931686913164621	-1,0,12,12,3	-13,-12,0,12	ok
-1.019349	-37.556297	-46.090329	0.786050	continued:5	1007205228071806685	548931686913164621	-1,0,12,12	-13,-12,0,12	ok
-1.016514	-37.556297	-46.538965	0.783925	continued:5	1007205228071806685	109253	-1,0,12,12	-13,12,-1,0	ok
-1.013678	-37.556297	-46.957560	0.782342	continued:5	1007205228071806685	16749309676832315	-1,0,12,12	-13,12,-2,-10	ok
-1.010842	-37.556297	-47.342506	0.781299	continued:5	1007205228071806685	6688628	-1,0,12,12	-13,12,3,1	ok
-1.008007	-37.556297	-47.690722	0.780797	continued:5	1007205228071806685	1546430666	-1,0,12,12	-13,12,-9,-2	ok
-1.005171	-37.556297	-47.999910	0.780424	full	1007205228071806685	1046782865	-1,0,12,12	-13,12,-12	ok
-1.002335	-37.556297	-45.676112	0.786216	continued:5	1007205228071806685	1438115240	-1,0,12,12	-13,12,-12,0	ok
-0.999500	-37.556297	-46.151278	0.783757	continued:5	1007205228071806685	4538043521	-1,0,12,12	-13,12,12,1	ok
-0.996664	-37.556297	-46.596928	0.781632	continued:5	1007280846918305640	1420631531	-1,-1,12,12	-13,12,12	ok
-0.993828	-37.556297	-47.011923	0.780049	continued:5	1007280846918305640	1420631531	-1,-1,12,12	-13,12,12	ok
-0.990992	-37.556297	-47.392760	0.779006	continued:5	1902409591182634305	1420631531	-1,-1,12,-12,-1	-13,12,12	ok
-0.988157	-37.556297	-47.736504	0.778505	continued:5	253072067663685002612492093461475175	1420631531	-1,-1,12,5,12	-13,12,12	ok
-0.985321	-37.556297	-48.041008	0.778131	full	15245698123743484770	1420631531	-1,-1,12,1,1,1	-13,12,12	ok
-0.982485	-37.556297	-45.736188	0.783796	continued:5	11463831162314333455318351313439440	1420631531	-1,-1,-12,1,11	-13,12,12	ok
-0.979650	-37.556297	-46.210543	0.781337	continued:5	28831513121360556777	1420631531	-1,-1,11,-12,-2	-13,12,12	ok
-0.976814	-37.556297	-46.654511	0.779212	continued:5	167089443526108318878725931537205095	1420631531	-1,-1,7,1,12	-13,12,12	ok
-0.973978	-37.556297	-47.067030	0.777756	continued:5	507688335202237254571278420802001952	1420631531	-1,-1,3,12,12	-13,12,12	ok
-0.971143	-37.556297	-47.443514	0.776714	continued:5	149534537308772039390768467844894627	1420631531	-1,-1,2,12,-12	-13,12,12	ok
-0.968307	-37.556297	-47.782589	0.776212	continued:5	205359175278510171240671313958930860	1420578229	-1,-1,-2,3,12	12,12,12	ok
-0.965471	-37.556297	-48.082262	0.775838	full	507383528848353573282802016430492780	1420578229	-1,-1,1,12,12	12,12,12	ok
-0.962636	-37.556297	-45.798393	0.781504	continued:5	437893160296269406975447643298596277	1420578229	-1,-1,1,-11,12	12,12,12	ok
-0.959800	-37.556297	-46.270152	0.778838	continued:5	4376672692267481375310530937684	1420578229	-1,-1,-1,1,-9	12,12,12	ok
-0.956964	-37.556297	-46.713013	0.776920	continued:5	5695183504492614029263277	1420578229	-1,-1,-1,-1,-1,-1,-1	12,12,12	ok
-0.954128	-37.556297	-47.121515	0.775336	continued:5	5695183504492614029263277	1420578229	-1,-1,-1,-1,-1,-1,-1	12,12,12	ok
-0.951293	-37.556297	-47.494772	0.774422	continued:5	166715094214642934901614859321584877	1420578229	-1,-1,-1,1,12	12,12,12	ok
-0.948457	-37.556297	-47.828979	0.773920	continued:5	11345501163018069193167199955442402	1420578229	-1,-1,1,12,-11	12,12,12	ok
-0.945621	-37.556297	-48.123670	0.773546	full	308931196329937256169813949908425475	1420578229	-1,-1,-2,7,12	12,12,12	ok
-0.942786	-37.556297	-45.864835	0.779085	continued:5	35318637095639165758335643280	1420578229	-1,1,-3,1,-4,-2	12,12,12	ok
-0.939950	-37.556297	-46.334661	0.776626	continued:5	195524710124157767114556005712270944	1420578229	-1,1,-10,-3,12	12,12,12	ok
-0.937114	-37.556297	-46.772750	0.774501	continued:5	1935825384265344	1420578229	-1,1,-12,-6,1	12,12,12	ok
-0.934279	-37.556297	-47.178157	0.773045	continued:5	889993454040	1420578229	-1,1,-12,-2,1	12,12,12	ok
-0.931443	-37.556297	-47.546550	0.772130	continued:5	546776430551108030	1420578229	-1,1,12,-12	12,12,12	ok
-0.928607	-37.556297	-47.875682	0.771629	continued:5	1007356470022755719	1420578229	-1,1,12,12	12,12,12	ok
-0.925771	-37.556297	-48.165234	0.771255	full	1007356470022755719	1420578229	-1,1,12,12	12,12,12	ok
-0.922936	-37.556297	-45.929818	0.776716	continued:5	1007356470022755719	1420578229	-1,1,12,12	12,12,12	ok
-0.920100	-37.556297	-46.397147	0.774051	continued:5	1007356470022755719	1420578229	-1,1,12,12	12,12,12	ok
-0.917264	-37.556297	-46.834181	0.772133	continued:5	1007432097385316759	1420578229	-1,-2,12,12	12,12,12	ok
-0.914429	-37.556297	-47.235616	0.770756	continued:5	14837586871475470579829	1420578229	-1,-2,12,-12,3	12,12,12	ok
-0.911593	-37.556297	-47.598867	0.769841	continued:5	26325816502439	1420578229	-1,-2,-12,-2,-2	12,12,12	ok
-0.908757	-37.556297	-47.922705	0.769340	continued:5	235417124126300607119	1420578229	-1,-2,-10,-3,-4	12,12,12	ok
-0.905922	-37.556297	-48.206952	0.768966	full	42169843838332349579813180967864719	1420578229	-1,-2,2,12,11	12,12,12	ok
-0.903086	-37.556297	-45.993907	0.774173	continued:5	149534538452634018032935553314528544	1420578229	-1,-2,2,12,-12	12,12,12	ok
-0.900250	-37.556297	-46.460488	0.771714	continued:5	959310093583366469	1420578229	-1,2,11,12	12,12,12	ok
-0.897415	-37.556297	-46.893761	0.769796	continued:5	546872082499686645	1420578229	-1,2,12,-12	12,12,12	ok
-0.894579	-37.556297	-47.290957	0.768340	continued:5	1007507729006148600	1420578229	-1,2,12,12	12,12,12	ok
-0.891743	-37.556297	-47.650365	0.767425	continued:5	1007507729006148600	1420578229	-1,2,12,12	12,12,12	ok
-0.888907	-37.556297	-47.970043	0.767051	continued:5	290442713726359199	1420578229	-1,-3,12,11	12,12,12	ok
-0.886072	-37.556297	-48.248826	0.766678	full	640980865182393815	1420578229	-1,-3,3,12	12,12,12	ok
-0.883236	-37.556297	-46.065184	0.771803	continued:5	59666247996692496614018856282574649	1420578229	-1,3,-12,-4,-12	12,12,12	ok
-0.880400	-37.556297	-46.528125	0.769344	continued:5	1007659005023264060	1420578229	-1,3,12,12	12,12,12	ok
-0.877565	-37.556297	-46.957255	0.767426	continued:5	959528822846107640	1420578229	-1,-4,11,12	12,12,12	ok
-0.874729	-37.556297	-47.349872	0.766049	continued:5	1007810298075380879	1420578229	-1,4,12,12	12,12,12	ok
-0.871893	-37.556297	-47.703650	0.765135	continued:5	869273366732681630	1420578229	-1,-5,9,12	12,12,12	ok
-0.869058	-37.556297	-48.017655	0.764761	continued:5	869408792618666300	1420578229	-1,-6,9,12	12,12,12	ok
-0.866222	-37.556297	-48.290853	0.764387	full	1008264279454528010	1420578229	-1,7,12,12	12,12,12	ok
-0.863386	-37.556297	-45.656853	0.771855	continued:5	891696024538143824	1420578229	-1,-9,-10,12	12,12,12	ok
-0.860550	-37.556297	-46.149761	0.769062	continued:5	937051694407872360	1420578229	-1,-10,-11,12	12,12,12	ok
-0.857715	-37.556297	-46.608243	0.766603	continued:5	1008794118230621945	1420578229	-1,-11,12,12	12,12,12	ok
-0.854879	-37.556297	-47.032368	0.764812	continued:5	960550054014245345	1420578229	-1,-11,11,12	12,12,12	ok
-0.852043	-37.556297	-47.418286	0.763435	continued:5	282753768330764775	1420578229	-1,11,-12,11	12,12,12	ok
-0.849208	-37.556297	-47.765251	0.762521	continued:5	547733514896167635	1420578229	-1,11,12,-12	12,12,12	ok
-0.846372	-37.556297	-48.072478	0.762147	continued:5	1008869826527664264	1420578229	-1,11,12,12	12,12,12	ok
-0.843536	-37.556297	-48.339073	0.761773	full	1008869826527664264	1420578229	-1,11,12,12	12,12,12	ok
-0.840701	-37.556297	-45.744806	0.769036	continued:5	1008869826527664264	1420578229	-1,11,12,12	12,12,12	ok
-0.837865	-37.556297	-46.234375	0.766243	continued:5	1008945539086014914	1046737111	-1,-12,12,12	12,12,-12	ok
-0.835029	-37.556297	-46.688896	0.763911	continued:5	547781402072670479	1046737111	-1,-12,12,-12	12,12,-12	ok
-0.832193	-37.556297	-47.107161	0.762121	continued:5	547781402072670479	1046737111	-1,-12,12,-12	12,12,-12	ok
-0.829358	-37.556297	-47.486915	0.760744	continued:5	547781402072670479	1046737111	-1,-12,12,-12	12,12,-12	ok
-0.826522	-37.556297	-47.827549	0.759908	continued:5	533508198414997652	1046737111	-1,-12,-12,-12	12,12,-12	ok
-0.823686	-37.556297	-48.127711	0.759535	continued:5	533508198414997652	1046737111	-1,-12,-12,-12	12,12,-12	ok
-0.820851	-37.556297	-48.387491	0.759161	full	533508198414997652	1046737111	-1,-12,-12,-12	12,12,-12	ok
-0.818015	-37.556297	-45.836198	0.766219	continued:5	533508198414997652	1046737111	-1,-12,-12,-12	12,12,-12	ok
-0.815179	-37.556297	-46.321677	0.763425	continued:5	533508198414997652	1046737111	-1,-12,-12,-12	12,12,-12	ok
-0.812344	-37.556297	-46.771580	0.761173	continued:5	533508198414997652	1046737111	-1,-12,-12,-12	12,12,-12	ok
-0.809508	-37.556297	-47.183916	0.759383	continued:5	533508198414997652	1046737111	-1,-12,-12,-12	12,12,-12	ok
-0.806672	-37.556297	-47.557454	0.758133	continued:5	533508198414997652	1046737111	-1,-12,-12,-12	12,12,-12	ok
-0.803837	-37.556297	-47.890533	0.757297	continued:5	533508198414997652	1046737111	-1,-12,-12,-12	12,12,-12	ok
-0.801001	-37.556297	-48.183347	0.756924	continued:5	533508198414997652	1046737111	-1,-12,-12,-12	12,12,-12	ok
-0.798165	-37.556297	-48.436108	0.756550	full	533508198414997652	1046737111	-1,-12,-12,-12	12,12,-12	ok
-0.795329	-37.556297	-45.926458	0.763446	continued:5	533508198414997652	1046737111	-1,-12,-12,-12	12,12,-12	ok
-0.792494	-37.556297	-46.407208	0.760653	continued:5	533508198414997652	1046737111	-1,-12,-12,-12	12,12,-12	ok
-0.789658	-37.556297	-46.851949	0.758400	continued:5	533508198414997652	1046737111	-1,-12,-12,-12	12,12,-12	ok
-0.786822	-37.556297	-47.258706	0.756610	continued:5	533508198414997652	1046737111	-1,-12,-12,-12	12,12,-12	ok
-0.783987	-37.556297	-47.626358	0.755361	continued:5	533508198414997652	1033010307	-1,-12,-12,-12	12,-12,-12	ok
-0.781151	-37.556297	-47.953400	0.754653	continued:5	533508198414997652	1033010307	-1,-12,-12,-12	12,-12,-12	ok
-0.778315	-37.556297	-48.239017	0.754279	continued:5	533508198414997652	1033010307	-1,-12,-12,-12	12,-12,-12	ok
-0.775480	-37.556297	-48.484921	0.753571	full	533508198414997652	1033010307	-1,-12,-12,-12	12,-12,-12	ok
-0.772644	-37.556297	-46.027661	0.760543	continued:5	533508198414997652	1033010307	-1,-12,-12,-12	12,-12,-12	ok
-0.769808	-37.556297	-46.503322	0.757750	continued:5	533508198414997652	1033010307	-1,-12,-12,-12	12,-12,-12	ok
-0.766972	-37.556297	-46.942542	0.755625	continued:5	533508198414997652	1033010307	-1,-12,-12,-12	12,-12,-12	ok
-0.764137	-37.556297	-47.342105	0.754041	continued:5	533508198414997652	1033010307	-1,-12,-12,-12	12,-12,-12	ok
-0.761301	-37.556297	-47.700497	0.752792	continued:5	533508198414997652	1033010307	-1,-12,-12,-12	12,-12,-12	ok
-0.758465	-37.556297	-48.018656	0.752084	continued:5	533508198414997652	1033010307	-1,-12,-12,-12	12,-12,-12	ok
-0.755630	-37.556297	-48.295868	0.751710	continued:5	533508198414997652	1033010307	-1,-12,-12,-12	12,-12,-12	ok
-0.752794	-37.556297	-48.533929	0.750461	full	533508198414997652	1033010307	-1,-12,-12,-12	12,-12,-12	ok
-0.749958	-37.556297	-46.162175	0.757481	continued:5	533508198414997652	533508222173189616	-1,-12,-12,-12	12,-12,-12,-12	ok
-0.747123	-37.556297	-46.629612	0.754815	continued:5	533508198414997652	533508222173189616	-1,-12,-12,-12	12,-12,-12,-12	ok
-0.744287	-37.556297	-47.059236	0.752690	continued:5	533508198414997652	533508222173189616	-1,-12,-12,-12	12,-12,-12,-12	ok
-0.741451	-37.556297	-47.449304	0.751107	continued:5	533508198414997652	533508222173189616	-1,-12,-12,-12	12,-12,-12,-12	ok
-0.738616	-37.556297	-47.798364	0.750064	continued:5	533508198414997652	533508222173189616	-1,-12,-12,-12	12,-12,-12,-12	ok
-0.735780	-37.556297	-48.105545	0.749356	continued:5	533508198414997652	533508222173189616	-1,-12,-12,-12	12,-12,-12,-12	ok
-0.732944	-37.556297	-48.372505	0.750271	full	533508198414997652	533508222173189616	-1,-12,-12,-12	12,-12,-12,-12	ok
-0.730108	-37.556297	-46.243233	0.754927	continued:5	533508198414997652	533508222173189616	-1,-12,-12,-12	12,-12,-12,-12	ok
-0.727273	-37.556297	-46.706712	0.752468	continued:5	533508198414997652	533508222173189616	-1,-12,-12,-12	12,-12,-12,-12	ok
-0.724437	-37.556297	-47.129843	0.750343	continued:5	533508198414997652	533508222173189616	-1,-12,-12,-12	12,-12,-12,-12	ok
-0.721601	-37.556297	-47.513406	0.748888	continued:5	533508198414997652	533508222173189616	-1,-12,-12,-12	12,-12,-12,-12	ok
-0.718766	-37.556297	-47.854819	0.747638	continued:5	533508198414997652	533508222173189616	-1,-12,-12,-12	12,-12,-12,-12	ok
-0.715930	-37.556297	-48.156660	0.747137	continued:5	533508198414997652	533508222173189616	-1,-12,-12,-12	12,-12,-12,-12	ok
-0.713094	-37.556297	-48.416537	0.747511	full	533508198414997652	533508222173189616	-1,-12,-12,-12	12,-12,-12,-12	ok
-0.710259	-37.556297	-46.323176	0.752567	continued:5	533508198414997652	533508222173189616	-1,-12,-12,-12	12,-12,-12,-12	ok
-0.707423	-37.556297	-46.780578	0.749902	continued:5	533508198414997652	533508222173189616	-1,-12,-12,-12	12,-12,-12,-12	ok
-0.704587	-37.556297	-47.199647	0.747984	continued:5	533508198414997652	533508222173189616	-1,-12,-12,-12	12,-12,-12,-12	ok
-0.701751	-37.556297	-47.576741	0.746400	continued:5	533508198414997652	533508222173189616	-1,-12,-12,-12	12,-12,-12,-12	ok
-0.698916	-37.556297	-47.912999	0.745485	continued:5	533508198414997652	533508221140224737	-1,-12,-12,-12	-12,-12,-12,-12	ok
-0.696080	-37.556297	-48.206579	0.744777	continued:5	533508198414997652	533508221140224737	-1,-12,-12,-12	-12,-12,-12,-12	ok
-0.693244	-37.556297	-48.460720	0.744738	full	533508198414997652	533508221140224737	-1,-12,-12,-12	-12,-12,-12,-12	ok
-0.690409	-37.556297	-45.924614	0.752586	continued:5	533508198414997652	533508221140224737	-1,-12,-12,-12	-12,-12,-12,-12	ok
-0.687573	-37.556297	-46.417290	0.749793	continued:5	533508198414997652	533508221140224737	-1,-12,-12,-12	-12,-12,-12,-12	ok
-0.684737	-37.556297	-46.867893	0.747127	continued:5	533508198414997652	533508221140224737	-1,-12,-12,-12	-12,-12,-12,-12	ok
-0.681902	-37.556297	-47.280044	0.745209	continued:5	533508198414997652	533508221140224737	-1,-12,-12,-12	-12,-12,-12,-12	ok
-0.679066	-37.556297	-47.650171	0.743753	continued:5	533508198414997652	533508221140224737	-1,-12,-12,-12	-12,-12,-12,-12	ok
-0.676230	-37.556297	-47.978317	0.742711	continued:5	533508198414997652	533508221140224737	-1,-12,-12,-12	-12,-12,-12,-12	ok
-0.673394	-37.556297	-48.265372	0.742209	continued:5	533508198414997652	533508221140224737	-1,-12,-12,-12	-12,-12,-12,-12	ok
-0.670559	-37.556297	-48.511398	0.741835	full	533508198414997652	533508221140224737	-1,-12,-12,-12	-12,-12,-12,-12	ok
-0.667723	-37.556297	-46.029249	0.749565	continued:5	142315511012103471820664918283921429	533508221140224737	-1,-12,-12,-12,-12	-12,-12,-12,-12	ok
-0.664887	-37.556297	-46.516957	0.746771	continued:5	142315511012103471820664918283921429	533508221140224737	-1,-12,-12,-12,-12	-12,-12,-12,-12	ok
-0.662052	-37.556297	-46.962209	0.744440	continued:5	142315511012103471820664918283921429	533508221140224737	-1,-12,-12,-12,-12	-12,-12,-12,-12	ok
-0.659216	-37.556297	-47.365273	0.742522	continued:5	142315511012103471820664918283921429	533508221140224737	-1,-12,-12,-12,-12	-12,-12,-12,-12	ok
-0.656380	-37.556297	-47.726618	0.741145	continued:5	142315511012103471820664918283921429	533508221140224737	-1,-12,-12,-12,-12	-12,-12,-12,-12	ok
-0.653545	-37.556297	-48.045618	0.740103	continued:5	533508198414997652	533508221140224737	-1,-12,-12,-12	-12,-12,-12,-12	ok
-0.650709	-37.556297	-48.324128	0.739601	continued:5	533508198414997652	533508221140224737	-1,-12,-12,-12	-12,-12,-12,-12	ok
-0.647873	-37.556297	-48.562267	0.739227	full	533508198414997652	533508221140224737	-1,-12,-12,-12	-12,-12,-12,-12	ok
-0.645038	-37.556297	-46.136592	0.746811	continued:5	142315511012103471820664918283921429	533508221140224737	-1,-12,-12,-12,-12	-12,-12,-12,-12	ok
-0.642202	-37.556297	-46.615731	0.744017	continued:5	142315511012103471820664918283921429	533508221140224737	-1,-12,-12,-12,-12	-12,-12,-12,-12	ok
-0.639366	-37.556297	-47.052649	0.741559	continued:5	142315511012103471820664918283921429	533508221140224737	-1,-12,-12,-12,-12	-12,-12,-12,-12	ok
-0.636530	-37.556297	-47.448808	0.739768	continued:5	142315511012103471820664918283921429	533508221140224737	-1,-12,-12,-12,-12	-12,-12,-12,-12	ok
-0.633695	-37.556297	-47.801993	0.738391	continued:5	142315511012103471820664918283921429	533508221140224737	-1,-12,-12,-12,-12	-12,-12,-12,-12	ok
-0.630859	-37.556297	-48.113160	0.737476	continued:5	142315511012103471820664918283921429	533508221140224737	-1,-12,-12,-12,-12	-12,-12,-12,-12	ok
-0.628023	-37.556297	-48.383076	0.736975	continued:5	142315511012103471820664918283921429	533508221140224737	-1,-12,-12,-12,-12	-12,-12,-12,-12	ok
-0.625188	-37.556297	-48.613329	0.736601	full	142315511012103471820664918283921429	533508221140224737	-1,-12,-12,-12,-12	-12,-12,-12,-12	ok
-0.622352	-37.556297	-46.249901	0.743911	continued:5	142315511012103471820664918283921429	533508221140224737	-1,-12,-12,-12,-12	-12,-12,-12,-12	ok
-0.619516	-37.556297	-46.720818	0.741118	continued:5	142315511012103471820664918283921429	533508221140224737	-1,-12,-12,-12,-12	-12,-12,-12,-12	ok
-0.616681	-37.556297	-47.149646	0.738865	continued:5	142315511012103471820664918283921429	533508221140224737	-1,-12,-12,-12,-12	-12,-12,-12,-12	ok
-0.613845	-37.556297	-47.535753	0.737075	continued:5	142315511012103471820664918283921429	533508221140224737	-1,-12,-12,-12,-12	-12,-12,-12,-12	ok
-0.611009	-37.556297	-47.879413	0.735698	continued:5	142315511012103471820664918283921429	533508221140224737	-1,-12,-12,-12,-12	-12,-12,-12,-12	ok
-0.608173	-37.556297	-48.181636	0.734862	continued:5	142315511012103471820664918283921429	533508221140224737	-1,-12,-12,-12,-12	-12,-12,-12,-12	ok
-0.605338	-37.556297	-48.442526	0.734361	continued:5	142315511012103471820664918283921429	533508221140224737	-1,-12,-12,-12,-12	-12,-12,-12,-12	ok
-0.602502	-37.556297	-48.664568	0.733987	full	142315511012103471820664918283921429	533508221140224737	-1,-12,-12,-12,-12	-12,-12,-12,-12	ok
-0.599666	-37.556297	-46.362347	0.740908	continued:5	142315511012103471820664918283921429	533508221140224737	-1,-12,-12,-12,-12	-12,-12,-12,-12	ok
-0.596831	-37.556297	-46.825879	0.738243	continued:5	142315511012103471820664918283921429	533508221140224737	-1,-12,-12,-12,-12	-12,-12,-12,-12	ok
-0.593995	-37.556297	-47.246001	0.735911	continued:5	142315511012103471820664918283921429	533508221140224737	-1,-12,-12,-12,-12	-12,-12,-12,-12	ok
-0.591159	-37.556297	-47.624408	0.734328	continued:5	142315511012103471820664918283921429	533508221140224737	-1,-12,-12,-12,-12	-12,-12,-12,-12	ok
-0.588324	-37.556297	-47.958530	0.733078	continued:5	142315511012103471820664918283921429	533508221140224737	-1,-12,-12,-12,-12	-12,-12,-12,-12	ok
-0.585488	-37.556297	-48.250632	0.732243	continued:5	142315511012103471820664918283921429	533508221140224737	-1,-12,-12,-12,-12	-12,-12,-12,-12	ok
-0.582652	-37.556297	-48.502287	0.731741	continued:5	142315511012103471820664918283921429	533508221140224737	-1,-12,-12,-12,-12	-12,-12,-12,-12	ok
-0.579817	-37.556297	-48.715987	0.731367	full	142315511012103471820664918283921429	533508221140224737	-1,-12,-12,-12,-12	-12,-12,-12,-12	ok
-0.576981	-37.556297	-46.478026	0.737971	continued:5	142315511012103471820664918283921429	533508221140224737	-1,-12,-12,-12,-12	-12,-12,-12,-12	ok
-0.574145	-37.556297	-46.932616	0.735305	continued:5	142315511012103471820664918283921429	533508221140224737	-1,-12,-12,-12,-12	-12,-12,-12,-12	ok
-0.571309	-37.556297	-47.344044	0.733181	continued:5	142315511012103471820664918283921429	533508221140224737	-1,-12,-12,-12,-12	-12,-12,-12,-12	ok
-0.568474	-37.556297	-47.711957	0.731597	continued:5	142315511012103471820664918283921429	533508221140224737	-1,-12,-12,-12,-12	-12,-12,-12,-12	ok
-0.565638	-37.556297	-48.036265	0.730348	continued:5	142315511012103471820664918283921429	533508221140224737	-1,-12,-12,-12,-12	-12,-12,-12,-12	ok
-0.562802	-37.556297	-48.319274	0.729512	continued:5	142315511012103471820664918283921429	533508221140224737	-1,-12,-12,-12,-12	-12,-12,-12,-12	ok
-0.559967	-37.556297	-48.562595	0.729138	continued:5	142315511012103471820664918283921429	533508221140224737	-1,-12,-12,-12,-12	-12,-12,-12,-12	ok
-0.557131	-37.556297	-48.767580	0.728764	full	142315511012103471820664918283921429	533508221140224737	-1,-12,-12,-12,-12	-12,-12,-12,-12	ok
-0.554295	-37.556297	-46.598805	0.734908	continued:5	142315511012103471820664918283921429	533508221140224737	-1,-12,-12,-12,-12	-12,-12,-12,-12	ok
-0.551460	-37.556297	-47.044592	0.732449	continued:5	142315511012103471820664918283921429	533508221140224737	-1,-12,-12,-12,-12	-12,-12,-12,-12	ok
-0.548624	-37.556297	-47.445332	0.730325	continued:5	142315511012103471820664918283921429	533508221140224737	-1,-12,-12,-12,-12	-12,-12,-12,-12	ok
-0.545788	-37.556297	-47.803155	0.728869	continued:5	142315511012103471820664918283921429	533508221140224737	-1,-12,-12,-12,-12	-12,-12,-12,-12	ok
-0.542952	-37.556297	-48.116782	0.727619	continued:5	142315511012103471820664918283921429	533508221140224737	-1,-12,-12,-12,-12	-12,-12,-12,-12	ok
-0.540117	-37.556297	-48.390011	0.726911	continued:5	142315511012103471820664918283921429	533508221140224737	-1,-12,-12,-12,-12	-12,-12,-12,-12	ok
-0.537281	-37.556297	-48.623288	0.726537	continued:5	142315511012103471820664918283921429	533508221140224737	-1,-12,-12,-12,-12	-12,-12,-12,-12	ok
-0.534445	-37.556297	-48.819342	0.726164	full	142315511012103471820664918283921429	533508221140224737	-1,-12,-12,-12,-12	-12,-12,-12,-12	ok
-0.531610	-37.556297	-46.258438	0.734340	continued:5	142315511012103471820664918283921429	533508221140224737	-1,-12,-12,-12,-12	-12,-12,-12,-12	ok
-0.528774	-37.556297	-46.739377	0.731546	continued:5	142315511012103471820664918283921429	533508221140224737	-1,-12,-12,-12,-12	-12,-12,-12,-12	ok
-0.525938	-37.556297	-47.173157	0.729087	continued:5	142315511012103471820664918283921429	533508221140224737	-1,-12,-12,-12,-12	-12,-12,-12,-12	ok
-0.523103	-37.556297	-47.562496	0.727170	continued:5	142315511012103471820664918283921429	533508221140224737	-1,-12,-12,-12,-12	-12,-12,-12,-12	ok
-0.520267	-37.556297	-47.907484	0.725714	continued:5	142315511012103471820664918283921429	533508221140224737	-1,-12,-12,-12,-12	-12,-12,-12,-12	ok
-0.517431	-37.556297	-48.209295	0.724671	continued:5	142315511012103471820664918283921429	533508221140224737	-1,-12,-12,-12,-12	-12,-12,-12,-12	ok
-0.514595	-37.556297	-48.469802	0.723963	continued:5	142315511012103471820664918283921429	533508221140224737	-1,-12,-12,-12,-12	-12,-12,-12,-12	ok
-0.511760	-37.556297	-48.691741	0.723589	continued:5	142315511012103471820664918283921429	533508221140224737	-1,-12,-12,-12,-12	-12,-12,-12,-12	ok
-0.508924	-37.556297	-48.877770	0.723215	full	142315511012103471820664918283921429	533508221140224737	-1,-12,-12,-12,-12	-12,-12,-12,-12	ok
-0.506088	-37.556297	-46.420905	0.731067	continued:5	142315511012103471820664918283921429	533508221140224737	-1,-12,-12,-12,-12	-12,-12,-12,-12	ok
-0.503253	-37.556297	-46.886107	0.728274	continued:5	142315511012103471820664918283921429	533508221140224737	-1,-12,-12,-12,-12	-12,-12,-12,-12	ok
-0.500417	-37.556297	-47.305446	0.725943	continued:5	142315511012103471820664918283921429	533508221140224737	-1,-12,-12,-12,-12	-12,-12,-12,-12	ok
-0.497581	-37.556297	-47.680113	0.724025	continued:5	142315511012103471820664918283921429	533508221140224737	-1,-12,-12,-12,-12	-12,-12,-12,-12	ok
-0.494746	-37.556297	-48.011650	0.722569	continued:5	142315511012103471820664918283921429	533508221140224737	-1,-12,-12,-12,-12	-12,-12,-12,-12	ok
-0.491910	-37.556297	-48.301200	0.721526	continued:5	142315511012103471820664918283921429	533508221140224737	-1,-12,-12,-12,-12	-12,-12,-12,-12	ok
-0.489074	-37.556297	-48.550626	0.721025	continued:5	142315511012103471820664918283921429	533508221140224737	-1,-12,-12,-12,-12	-12,-12,-12,-12	ok
-0.486239	-37.556297	-48.760739	0.720651	continued:5	142315511012103471820664918283921429	533508221140224737	-1,-12,-12,-12,-12	-12,-12,-12,-12	ok
-0.483403	-37.556297	-48.936396	0.720277	full	142315511012103471820664918283921429	533508221140224737	-1,-12,-12,-12,-12	-12,-12,-12,-12	ok
-0.480567	-37.556297	-46.584412	0.727650	continued:5	142315511012103471820664918283921429	533508221140224737	-1,-12,-12,-12,-12	-12,-12,-12,-12	ok
-0.477731	-37.556297	-47.034665	0.724856	continued:5	142315511012103471820664918283921429	533508221140224737	-1,-12,-12,-12,-12	-12,-12,-12,-12	ok
-0.474896	-37.556297	-47.440178	0.722604	continued:5	142315511012103471820664918283921429	533508221140224737	-1,-12,-12,-12,-12	-12,-12,-12,-12	ok
-0.472060	-37.556297	-47.801197	0.720814	continued:5	142315511012103471820664918283921429	533508221140224737	-1,-12,-12,-12,-12	-12,-12,-12,-12	ok
-0.469224	-37.556297	-48.118926	0.719564	continued:5	142315511012103471820664918283921429	533508221140224737	-1,-12,-12,-12,-12	-12,-12,-12,-12	ok
-0.466389	-37.556297	-48.394015	0.718522	continued:5	142315511012103471820664918283921429	533508221140224737	-1,-12,-12,-12,-12	-12,-12,-12,-12	ok
-0.463553	-37.556297	-48.630614	0.718020	continued:5	142315511012103471820664918283921429	533508221140224737	-1,-12,-12,-12,-12	-12,-12,-12,-12	ok
-0.460717	-37.556297	-48.829432	0.717647	continued:5	142315511012103471820664918283921429	533508221140224737	-1,-12,-12,-12,-12	-12,-12,-12,-12	ok
-0.457882	-37.556297	-48.995212	0.716938	full	142315511012103471820664918283921429	533508221140224737	-1,-12,-12,-12,-12	-12,-12,-12,-12	ok
-0.455046	-37.556297	-46.644507	0.724722	continued:5	142315511012103471820664918283921429	533508221140224737	-1,-12,-12,-12,-12	-12,-12,-12,-12	ok
-0.452210	-37.556297	-47.090518	0.721928	continued:5	142315511012103471820664918283921429	533508221140224737	-1,-12,-12,-12,-12	-12,-12,-12,-12	ok
-0.449374	-37.556297	-47.491467	0.719804	continued:5	142315511012103471820664918283921429	533508221140224737	-1,-12,-12,-12,-12	-12,-12,-12,-12	ok
-0.446539	-37.556297	-47.846483	0.718013	continued:5	142315511012103471820664918283921429	533508221140224737	-1,-12,-12,-12,-12	-12,-12,-12,-12	ok
-0.443703	-37.556297	-48.158425	0.716636	continued:5	142315511012103471820664918283921429	533508221140224737	-1,-12,-12,-12,-12	-12,-12,-12,-12	ok
-0.440867	-37.556297	-48.429248	0.715594	continued:5	142315511012103471820664918283921429	533508221140224737	-1,-12,-12,-12,-12	-12,-12,-12,-12	ok
-0.438032	-37.556297	-48.661736	0.715092	continued:5	142315511012103471820664918283921429	533508221140224737	-1,-12,-12,-12,-12	-12,-12,-12,-12	ok
-0.435196	-37.556297	-48.856672	0.715800	full	142315511012103471820664918283921429	533508221140224737	-1,-12,-12,-12,-12	-12,-12,-12,-12	ok
-0.432360	-37.556297	-46.774590	0.721707	continued:5	142315511012103471820664918283921429	533508221140224737	-1,-12,-12,-12,-12	-12,-12,-12,-12	ok
-0.429525	-37.556297	-47.208659	0.719041	continued:5	142315511012103471820664918283921429	533508221140224737	-1,-12,-12,-12,-12	-12,-12,-12,-12	ok
-0.426689	-37.556297	-47.597230	0.716916	continued:5	142315511012103471820664918283921429	533508221140224737	-1,-12,-12,-12,-12	-12,-12,-12,-12	ok
-0.423853	-37.556297	-47.940903	0.715126	continued:5	142315511012103471820664918283921429	533508221140224737	-1,-12,-12,-12,-12	-12,-12,-12,-12	ok
-0.421018	-37.556297	-48.242496	0.713877	continued:5	142315511012103471820664918283921429	533508221140224737	-1,-12,-12,-12,-12	-12,-12,-12,-12	ok
-0.418182	-37.556297	-48.502739	0.712962	continued:5	142315511012103471820664918283921429	533508221140224737	-1,-12,-12,-12,-12	-12,-12,-12,-12	ok
-0.415346	-37.556297	-48.724641	0.712460	continued:5	142315511012103471820664918283921429	533508221140224737	-1,-12,-12,-12,-12	-12,-12,-12,-12	ok
-0.412510	-37.556297	-48.910329	0.712421	full	142315511012103471820664918283921429	533508221140224737	-1,-12,-12,-12,-12	-12,-12,-12,-12	ok
-0.409675	-37.556297	-46.456231	0.720858	continued:5	142315511012103471820664918283921429	533508221140224737	-1,-12,-12,-12,-12	-12,-12,-12,-12	ok
-0.406839	-37.556297	-46.928275	0.718065	continued:5	142315511012103471820664918283921429	533508221140224737	-1,-12,-12,-12,-12	-12,-12,-12,-12	ok
-0.404003	-37.556297	-47.349770	0.715606	continued:5	142315511012103471820664918283921429	533508221140224737	-1,-12,-12,-12,-12	-12,-12,-12,-12	ok
-0.401168	-37.556297	-47.724469	0.713688	continued:5	142315511012103471820664918283921429	533508221140224737	-1,-12,-12,-12,-12	-12,-12,-12,-12	ok
-0.398332	-37.556297	-48.053396	0.712105	continued:5	142315511012103471820664918283921429	533508221140224737	-1,-12,-12,-12,-12	-12,-12,-12,-12	ok
-0.395496	-37.556297	-48.339759	0.710855	continued:5	142315511012103471820664918283921429	533508221140224737	-1,-12,-12,-12,-12	-12,-12,-12,-12	ok
-0.392661	-37.556297	-48.586580	0.710019	continued:5	142315511012103471820664918283921429	533508221140224737	-1,-12,-12,-12,-12	-12,-12,-12,-12	ok
-0.389825	-37.556297	-48.795993	0.709518	continued:5	142315511012103471820664918283921429	533508221140224737	-1,-12,-12,-12,-12	-12,-12,-12,-12	ok
-0.386989	-37.556297	-48.970856	0.709144	full	142315511012103471820664918283921429	533508221140224737	-1,-12,-12,-12,-12	-12,-12,-12,-12	ok
-0.384153	-37.556297	-46.630856	0.717448	continued:5	142315511012103471820664918283921429	533508221140224737	-1,-12,-12,-12,-12	-12,-12,-12,-12	ok
-0.381318	-37.556297	-47.085006	0.714655	continued:5	142315511012103471820664918283921429	533508221140224737	-1,-12,-12,-12,-12	-12,-12,-12,-12	ok
-0.378482	-37.556297	-47.490410	0.712323	continued:5	142315511012103471820664918283921429	533508221140224737	-1,-12,-12,-12,-12	-12,-12,-12,-12	ok
-0.375646	-37.556297	-47.849227	0.710405	continued:5	142315511012103471820664918283921429	533508221140224737	-1,-12,-12,-12,-12	-12,-12,-12,-12	ok
-0.372811	-37.556297	-48.163884	0.708822	continued:5	142315511012103471820664918283921429	533508221140224737	-1,-12,-12,-12,-12	-12,-12,-12,-12	ok
-0.369975	-37.556297	-48.437487	0.707779	continued:5	142315511012103471820664918283921429	533508221140224737	-1,-12,-12,-12,-12	-12,-12,-12,-12	ok
-0.367139	-37.556297	-48.671022	0.707071	continued:5	142315511012103471820664918283921429	533508221140224737	-1,-12,-12,-12,-12	-12,-12,-12,-12	ok
-0.364304	-37.556297	-48.867672	0.706570	continued:5	142315511012103471820664918283921429	533508221140224737	-1,-12,-12,-12,-12	-12,-12,-12,-12	ok
-0.361468	-37.556297	-49.031544	0.706196	full	142315511012103471820664918283921429	533508221140224737	-1,-12,-12,-12,-12	-12,-12,-12,-12	ok
-0.358632	-37.556297	-46.811136	0.713926	continued:5	142315511012103471820664918283921429	533508221140224737	-1,-12,-12,-12,-12	-12,-12,-12,-12	ok
-0.355796	-37.556297	-47.246989	0.711261	continued:5	142315511012103471820664918283921429	533508221140224737	-1,-12,-12,-12,-12	-12,-12,-12,-12	ok
-0.352961	-37.556297	-47.634636	0.709008	continued:5	142315511012103471820664918283921429	533508221140224737	-1,-12,-12,-12,-12	-12,-12,-12,-12	ok
-0.350125	-37.556297	-47.976745	0.707218	continued:5	142315510461008217792063868944499590	533508221140224737	-1,11,-12,-12,-12	-12,-12,-12,-12	ok
-0.347289	-37.556297	-48.275271	0.705841	continued:5	142315510461008217792063868944499590	533508221140224737	-1,11,-12,-12,-12	-12,-12,-12,-12	ok
-0.344454	-37.556297	-48.532691	0.704799	continued:5	142315510461008217792063868944499590	533508221140224737	-1,11,-12,-12,-12	-12,-12,-12,-12	ok
-0.341618	-37.556297	-48.752193	0.703963	continued:5	142315510461008217792063868944499590	533508221140224737	-1,11,-12,-12,-12	-12,-12,-12,-12	ok
-0.338782	-37.556297	-48.937928	0.703461	continued:5	142315510461008217792063868944499590	533508221140224737	-1,11,-12,-12,-12	-12,-12,-12,-12	ok
-0.335947	-37.556297	-49.092379	0.703294	full	142315510461008217792063868944499590	533508221140224737	-1,11,-12,-12,-12	-12,-12,-12,-12	ok
-0.333111	-37.556297	-46.556129	0.712728	continued:5	142315510461008217792063868944499590	533508221140224737	-1,11,-12,-12,-12	-12,-12,-12,-12	ok
-0.330275	-37.556297	-47.022168	0.709935	continued:5	142315510461008217792063868944499590	533508221140224737	-1,11,-12,-12,-12	-12,-12,-12,-12	ok
-0.327440	-37.556297	-47.435880	0.707269	continued:5	519515760779689445	533461272886383283	-1,11,11,-12	-12,11,-12,-12	ok
-0.324604	-37.556297	-47.803758	0.705144	continued:5	274761540684197919	519515783204926708	-1,11,11,11	-12,11,11,-12	ok
-0.321768	-37.556297	-48.126905	0.703561	continued:5	274761540684197919	274761556992759430	-1,11,11,11	-12,11,11,11	ok
-0.318932	-37.556297	-48.406616	0.702311	continued:5	274761540684197919	274761556992759430	-1,11,11,11	-12,11,11,11	ok
-0.316097	-37.556297	-48.646376	0.701397	continued:5	37746956396862430786539214386076205	274761556251461169	-1,11,11,11,11	11,11,11,11	ok
-0.313261	-37.556297	-48.849405	0.700688	continued:5	37746956396862430786539214386076205	274761556251461169	-1,11,11,11,11	11,11,11,11	ok
-0.310425	-37.556297	-49.019844	0.700315	continued:5	37746956396862430786539214386076205	274761556251461169	-1,11,11,11,11	11,11,11,11	ok
-0.307590	-37.556297	-49.160133	0.699941	full	37746956396862430786539214386076205	274761556251461169	-1,11,11,11,11	11,11,11,11	ok
-0.304754	-37.556297	-46.805038	0.708533	continued:5	37746956396862430786539214386076205	274761556251461169	-1,11,11,11,11	11,11,11,11	ok
-0.301918	-37.556297	-47.244967	0.705739	continued:5	37746956396862430786539214386076205	274761556251461169	-1,11,11,11,11	11,11,11,11	ok
-0.299083	-37.556297	-47.635662	0.703408	continued:5	37746956396862430786539214386076205	274761556251461169	-1,11,11,11,11	11,11,11,11	ok
-0.296247	-37.556297	-47.979689	0.701490	continued:5	37746956396862430786539214386076205	274761556251461169	-1,11,11,11,11	11,11,11,11	ok
-0.293411	-37.556297	-48.279864	0.700034	continued:5	37746956396862430786539214386076205	274761556251461169	-1,11,11,11,11	11,11,11,11	ok
-0.290575	-37.556297	-48.538386	0.698785	continued:5	37746956396862430786539214386076205	274761556251461169	-1,11,11,11,11	11,11,11,11	ok
-0.287740	-37.556297	-48.759896	0.697949	continued:5	37746956396862430786539214386076205	274761556251461169	-1,11,11,11,11	11,11,11,11	ok
-0.284904	-37.556297	-48.946540	0.697447	continued:5	37746956396862430786539214386076205	274761556251461169	-1,11,11,11,11	11,11,11,11	ok
-0.282068	-37.556297	-49.101116	0.697074	continued:5	37746956396862430786539214386076205	274761556251461169	-1,11,11,11,11	11,11,11,11	ok
-0.279233	-37.556297	-49.228037	0.696700	full	37746956396862430786539214386076205	274761556251461169	-1,11,11,11,11	11,11,11,11	ok
-0.276397	-37.556297	-46.613966	0.706697	continued:5	37746956396862430786539214386076205	274761556251461169	-1,11,11,11,11	11,11,11,11	ok
-0.273561	-37.556297	-47.078206	0.703904	continued:5	37746956396862430786539214386076205	274761556251461169	-1,11,11,11,11	11,11,11,11	ok
-0.270726	-37.556297	-47.488419	0.701238	continued:5	37746956396862430786539214386076205	274761556251461169	-1,11,11,11,11	11,11,11,11	ok
-0.267890	-37.556297	-47.851683	0.698986	continued:5	37746956396862430786539214386076205	274761556251461169	-1,11,11,11,11	11,11,11,11	ok
-0.265054	-37.556297	-48.170815	0.697402	continued:5	37746956396862430786539214386076205	274761556251461169	-1,11,11,11,11	11,11,11,11	ok
-0.262219	-37.556297	-48.445939	0.696025	continued:5	37746956396862430786539214386076205	274761556251461169	-1,11,11,11,11	11,11,11,11	ok
-0.259383	-37.556297	-48.682093	0.694983	continued:5	37746956396862430786539214386076205	274761556251461169	-1,11,11,11,11	11,11,11,11	ok
-0.256547	-37.556297	-48.882475	0.694147	continued:5	37746956396862430786539214386076205	274761556251461169	-1,11,11,11,11	11,11,11,11	ok
-0.253711	-37.556297	-49.051191	0.693645	continued:5	37746956396862430786539214386076205	274761556251461169	-1,11,11,11,11	11,11,11,11	ok
-0.250876	-37.556297	-49.190616	0.693478	continued:5	37746956396862430786539214386076205	274761556251461169	-1,11,11,11,11	11,11,11,11	ok
-0.248040	-37.556297	-49.302881	0.693104	full	37746956396862430786539214386076205	274761556251461169	-1,11,11,11,11	11,11,11,11	ok
-0.245204	-37.556297	-46.949986	0.701714	continued:5	37746956396862430786539214386076205	274761556251461169	-1,11,11,11,11	11,11,11,11	ok
-0.242369	-37.556297	-47.377304	0.698920	continued:5	37746956396862430786539214386076205	274761556251461169	-1,11,11,11,11	11,11,11,11	ok
-0.239533	-37.556297	-47.755480	0.696668	continued:5	37746956396862430786539214386076205	274761556251461169	-1,11,11,11,11	11,11,11,11	ok
-0.236697	-37.556297	-48.086521	0.694750	continued:5	37746956396862430786539214386076205	274761556251461169	-1,11,11,11,11	11,11,11,11	ok
-0.233862	-37.556297	-48.374421	0.693294	continued:5	37746956396862430786539214386076205	274761556251461169	-1,11,11,11,11	11,11,11,11	ok
-0.231026	-37.556297	-48.621527	0.692045	continued:5	37746956396862430786539214386076205	274761556251461169	-1,11,11,11,11	11,11,11,11	ok
-0.228190	-37.556297	-48.832582	0.691209	continued:5	37746956396862430786539214386076205	274761556251461169	-1,11,11,11,11	11,11,11,11	ok
-0.225354	-37.556297	-49.009768	0.690501	continued:5	37746956396862430786539214386076205	274761556251461169	-1,11,11,11,11	11,11,11,11	ok
-0.222519	-37.556297	-49.157808	0.689999	continued:5	37746956396862430786539214386076205	274761556251461169	-1,11,11,11,11	11,11,11,11	ok
-0.219683	-37.556297	-49.279968	0.689832	continued:5	37746956396862430786539214386076205	274761556251461169	-1,11,11,11,11	11,11,11,11	ok
-0.216847	-37.556297	-49.377858	0.688789	full	37746956396862430786539214386076205	274761556251461169	-1,11,11,11,11	11,11,11,11	ok
-0.214012	-37.556297	-46.855123	0.699002	continued:5	37746956396862430786539214386076205	274761556251461169	-1,11,11,11,11	11,11,11,11	ok
-0.211176	-37.556297	-47.296916	0.696209	continued:5	37746956396862430786539214386076205	274761556251461169	-1,11,11,11,11	11,11,11,11	ok
-0.208340	-37.556297	-47.686232	0.693750	continued:5	37746956396862430786539214386076205	274761556251461169	-1,11,11,11,11	11,11,11,11	ok
-0.205505	-37.556297	-48.027952	0.691832	continued:5	37746956396862430786539214386076205	274761556251461169	-1,11,11,11,11	11,11,11,11	ok
-0.202669	-37.556297	-48.324130	0.690042	continued:5	37746956396862430786539214386076205	274761556251461169	-1,11,11,11,11	11,11,11,11	ok
-0.199833	-37.556297	-48.580875	0.688792	continued:5	37746956396862430786539214386076205	274761556251461169	-1,11,11,11,11	11,11,11,11	ok
-0.196997	-37.556297	-48.799426	0.687750	continued:5	37746956396862430786539214386076205	274761556251461169	-1,11,11,11,11	11,11,11,11	ok
-0.194162	-37.556297	-48.984356	0.686914	continued:5	37746956396862430786539214386076205	274761556251461169	-1,11,11,11,11	11,11,11,11	ok
-0.191326	-37.556297	-49.139605	0.686412	continued:5	37746956396862430786539214386076205	274761556251461169	-1,11,11,11,11	11,11,11,11	ok
-0.188490	-37.556297	-49.267361	0.686245	full	37746956396862430786539214386076205	274761556251461169	-1,11,11,11,11	11,11,11,11	ok
-0.185655	-37.556297	-46.689636	0.697083	continued:5	37746956396862430786539214386076205	274761556251461169	-1,11,11,11,11	11,11,11,11	ok
-0.182819	-37.556297	-47.153579	0.694290	continued:5	37746956396862430786539214386076205	274761556251461169	-1,11,11,11,11	11,11,11,11	ok
-0.179983	-37.556297	-47.560408	0.691624	continued:5	37746956396862430786539214386076205	274761556251461169	-1,11,11,11,11	11,11,11,11	ok
-0.177148	-37.556297	-47.918248	0.689293	continued:5	37746956396862430786539214386076205	274761556251461169	-1,11,11,11,11	11,11,11,11	ok
-0.174312	-37.556297	-48.231484	0.687503	continued:5	37746956396862430786539214386076205	274761556251461169	-1,11,11,11,11	11,11,11,11	ok
-0.171476	-37.556297	-48.501894	0.685919	continued:5	37746956396862430786539214386076205	274761556251461169	-1,11,11,11,11	11,11,11,11	ok
-0.168641	-37.556297	-48.734589	0.684877	continued:5	37746956396862430786539214386076205	274761556251461169	-1,11,11,11,11	11,11,11,11	ok
-0.165805	-37.556297	-48.930776	0.684041	continued:5	37746956396862430786539214386076205	274761556251461169	-1,11,11,11,11	11,11,11,11	ok
-0.162969	-37.556297	-49.094955	0.683333	continued:5	37746956396862430786539214386076205	274761556251461169	-1,11,11,11,11	11,11,11,11	ok
-0.160133	-37.556297	-49.231700	0.682831	continued:5	37746956396862430786539214386076205	274761556251461169	-1,11,11,11,11	11,11,11,11	ok
-0.157298	-37.556297	-49.344108	0.682457	full	37746956396862430786539214386076205	274761556251461169	-1,11,11,11,11	11,11,11,11	ok
-0.154462	-37.556297	-47.036507	0.692211	continued:5	37746956396862430786539214386076205	274761556251461169	-1,11,11,11,11	11,11,11,11	ok
-0.151626	-37.556297	-47.458299	0.689418	continued:5	37746956396862430786539214386076205	274761556251461169	-1,11,11,11,11	11,11,11,11	ok
-0.148791	-37.556297	-47.829210	0.686959	continued:5	37746956396862430786539214386076205	274761556251461169	-1,11,11,11,11	11,11,11,11	ok
-0.145955	-37.556297	-48.154062	0.684834	continued:5	37746956396862430786539214386076205	274761556251461169	-1,11,11,11,11	11,11,11,11	ok
-0.143119	-37.556297	-48.436965	0.683250	continued:5	37746956396862430786539214386076205	274761556251461169	-1,11,11,11,11	11,11,11,11	ok
-0.140284	-37.556297	-48.679532	0.682001	continued:5	37746956396862430786539214386076205	274761556251461169	-1,11,11,11,11	11,11,11,11	ok
-0.137448	-37.556297	-48.885468	0.680959	continued:5	37746956396862430786539214386076205	274761556251461169	-1,11,11,11,11	11,11,11,11	ok
-0.134612	-37.556297	-49.059278	0.680123	continued:5	37746956396862430786539214386076205	274761556251461169	-1,11,11,11,11	11,11,11,11	ok
-0.131776	-37.556297	-49.204802	0.679621	continued:5	37746956396862430786539214386076205	274761556251461169	-1,11,11,11,11	11,11,11,11	ok
-0.128941	-37.556297	-49.324101	0.679247	continued:5	37746956396862430786539214386076205	274761556251461169	-1,11,11,11,11	11,11,11,11	ok
-0.126105	-37.556297	-49.420914	0.678873	full	37746956396862430786539214386076205	274761556251461169	-1,11,11,11,11	11,11,11,11	ok
-0.123269	-37.556297	-46.991672	0.689240	continued:5	37746956396862430786539214386076205	274761556251461169	-1,11,11,11,11	11,11,11,11	ok
-0.120434	-37.556297	-47.422270	0.686447	continued:5	37746956396862430786539214386076205	274761556251461169	-1,11,11,11,11	11,11,11,11	ok
-0.117598	-37.556297	-47.799539	0.683781	continued:5	37746956396862430786539214386076205	274761556251461169	-1,11,11,11,11	11,11,11,11	ok
-0.114762	-37.556297	-48.131041	0.681863	continued:5	37746956396862430786539214386076205	274761556251461169	-1,11,11,11,11	11,11,11,11	ok
-0.111927	-37.556297	-48.416725	0.680073	continued:5	37746956396862430786539214386076205	274761556251461169	-1,11,11,11,11	11,11,11,11	ok
-0.109091	-37.556297	-48.663149	0.678617	continued:5	37746956396862430786539214386076205	274761556251461169	-1,11,11,11,11	11,11,11,11	ok
-0.106255	-37.556297	-48.873830	0.677574	continued:5	9455884669399191660884342385366419	137520069382767449	-1,-11,-11,-11,-11	11,-11,-11,-11	ok
-0.103420	-37.556297	-49.051129	0.676659	continued:5	9455884669399191660884342385366419	137520069382767449	-1,-11,-11,-11,-11	11,-11,-11,-11	ok
-0.100584	-37.556297	-49.199934	0.675951	continued:5	9455884669399191660884342385366419	137520069382767449	-1,-11,-11,-11,-11	11,-11,-11,-11	ok
-0.097748	-37.556297	-49.323579	0.675577	continued:5	9455884669399191660884342385366419	137520069382767449	-1,-11,-11,-11,-11	11,-11,-11,-11	ok
-0.094912	-37.556297	-49.423669	0.675204	continued:5	9455884669399191660884342385366419	137520069382767449	-1,-11,-11,-11,-11	11,-11,-11,-11	ok
-0.092077	-37.556297	-49.504733	0.674830	full	9455884669399191660884342385366419	137520069382767449	-1,-11,-11,-11,-11	11,-11,-11,-11	ok
-0.089241	-37.556297	-47.090681	0.685217	continued:5	9455884669399191660884342385366419	137520068858324757	-1,-11,-11,-11,-11	-11,-11,-11,-11	ok
-0.086405	-37.556297	-47.511803	0.682423	continued:5	9455884669399191660884342385366419	137520068858324757	-1,-11,-11,-11,-11	-11,-11,-11,-11	ok
-0.083570	-37.556297	-47.880220	0.679964	continued:5	9455884669399191660884342385366419	137520068858324757	-1,-11,-11,-11,-11	-11,-11,-11,-11	ok
-0.080734	-37.556297	-48.201409	0.677840	continued:5	9455884669399191660884342385366419	137520068858324757	-1,-11,-11,-11,-11	-11,-11,-11,-11	ok
-0.077898	-37.556297	-48.479973	0.676256	continued:5	9455884669399191660884342385366419	137520068858324757	-1,-11,-11,-11,-11	-11,-11,-11,-11	ok
-0.075063	-37.556297	-48.717873	0.674673	continued:5	9455884669399191660884342385366419	137520068858324757	-1,-11,-11,-11,-11	-11,-11,-11,-11	ok
-0.072227	-37.556297	-48.922346	0.673630	continued:5	9455884669399191660884342385366419	137520068858324757	-1,-11,-11,-11,-11	-11,-11,-11,-11	ok
-0.069391	-37.556297	-49.094155	0.672794	continued:5	9455884669399191660884342385366419	137520068858324757	-1,-11,-11,-11,-11	-11,-11,-11,-11	ok
-0.066555	-37.556297	-49.237397	0.672086	continued:5	9455884669399191660884342385366419	137520068858324757	-1,-11,-11,-11,-11	-11,-11,-11,-11	ok
-0.063720	-37.556297	-49.356259	0.671584	continued:5	9455884669399191660884342385366419	137520068858324757	-1,-11,-11,-11,-11	-11,-11,-11,-11	ok
-0.060884	-37.556297	-49.453457	0.671211	continued:5	9455884669399191660884342385366419	137520068858324757	-1,-11,-11,-11,-11	-11,-11,-11,-11	ok
-0.058048	-37.556297	-49.531995	0.670837	continued:5	9455884669399191660884342385366419	137520068858324757	-1,-11,-11,-11,-11	-11,-11,-11,-11	ok
-0.055213	-37.556297	-49.595527	0.670463	full	9455884669399191660884342385366419	137520068858324757	-1,-11,-11,-11,-11	-11,-11,-11,-11	ok
-0.052377	-37.556297	-47.029785	0.681931	continued:5	9455884669399191660884342385366419	137520068858324757	-1,-11,-11,-11,-11	-11,-11,-11,-11	ok
-0.049541	-37.556297	-47.460911	0.679138	continued:5	9455884669399191660884342385366419	137520068858324757	-1,-11,-11,-11,-11	-11,-11,-11,-11	ok
-0.046706	-37.556297	-47.836530	0.676472	continued:5	9455884669399191660884342385366419	137520068858324757	-1,-11,-11,-11,-11	-11,-11,-11,-11	ok
-0.043870	-37.556297	-48.164990	0.674348	continued:5	9455884669399191660884342385366419	137520068858324757	-1,-11,-11,-11,-11	-11,-11,-11,-11	ok
-0.041034	-37.556297	-48.448846	0.672430	continued:5	9455884669399191660884342385366419	137520068858324757	-1,-11,-11,-11,-11	-11,-11,-11,-11	ok
-0.038198	-37.556297	-48.693851	0.670974	continued:5	9455884669399191660884342385366419	137520068858324757	-1,-11,-11,-11,-11	-11,-11,-11,-11	ok
-0.035363	-37.556297	-48.902360	0.669725	continued:5	9455884669399191660884342385366419	137520068858324757	-1,-11,-11,-11,-11	-11,-11,-11,-11	ok
-0.032527	-37.556297	-49.079060	0.668682	continued:5	9455884669399191660884342385366419	137520068858324757	-1,-11,-11,-11,-11	-11,-11,-11,-11	ok
-0.029691	-37.556297	-49.227898	0.667846	continued:5	9455884669399191660884342385366419	137520068858324757	-1,-11,-11,-11,-11	-11,-11,-11,-11	ok
-0.026856	-37.556297	-49.352188	0.667345	continued:5	9455884669399191660884342385366419	137520068858324757	-1,-11,-11,-11,-11	-11,-11,-11,-11	ok
-0.024020	-37.556297	-49.453489	0.666843	continued:5	9455884669399191660884342385366419	137520068858324757	-1,-11,-11,-11,-11	-11,-11,-11,-11	ok
-0.021184	-37.556297	-49.536318	0.666342	continued:5	9455884669399191660884342385366419	137520068858324757	-1,-11,-11,-11,-11	-11,-11,-11,-11	ok
-0.018349	-37.556297	-49.604321	0.666174	continued:5	9455884669399191660884342385366419	137520068858324757	-1,-11,-11,-11,-11	-11,-11,-11,-11	ok
-0.015513	-37.556297	-49.657300	0.665801	continued:5	9455884669399191660884342385366419	137520068858324757	-1,-11,-11,-11,-11	-11,-11,-11,-11	ok
-0.012677	-37.556297	-49.700209	0.664758	full	9455884669399191660884342385366419	137520068858324757	-1,-11,-11,-11,-11	-11,-11,-11,-11	ok
-0.009842	-37.556297								error: T SSCS does not start with ±1: [-2, -11, -11, -11, -11]
-0.007006	-37.556297								error: T SSCS does not start with ±1: [-2, -11, -11, -11, -11]
-0.004170	-37.556297								error: T SSCS does not start with ±1: [-2, -11, -11, -11, -11]
-0.001334	-37.556297								error: T SSCS does not start with ±1: [-2, -11, -11, -11, -11]
0.001501	-37.556297								error: T SSCS does not start with ±1: [-2, -11, -11, -11, -11]
0.004337	-37.556297								error: T SSCS does not start with ±1: [-2, -11, -11, -11, -11]
0.007173	-37.556297								error: T SSCS does not start with ±1: [-2, -11, -11, -11, -11]
0.010008	-37.556297								error: T SSCS does not start with ±1: [-2, -11, -11, -11, -11]
0.012844	-37.556297								error: T SSCS does not start with ±1: [-2, -11, -11, -11, -11]
0.015680	-37.556297								error: T SSCS does not start with ±1: [-2, -11, -11, -11, -11]
0.018515	-37.556297								error: T SSCS does not start with ±1: [-2, -11, -11, -11, -11]
0.021351	-37.556297								error: T SSCS does not start with ±1: [-2, -11, -11, -11, -11]
0.024187	-37.556297								error: T SSCS does not start with ±1: [-2, -11, -11, -11, -11]
0.027023	-37.556297								error: T SSCS does not start with ±1: [-2, -11, -11, -11, -11]
0.029858	-37.556297								error: T SSCS does not start with ±1: [-2, -11, -11, -11, -11]
0.032694	-37.556297								error: T SSCS does not start with ±1: [-2, -11, -11, -11, -11]
0.035530	-37.556297								error: T SSCS does not start with ±1: [-2, -11, -11, -11, -11]
0.038365	-37.556297								error: T SSCS does not start with ±1: [-2, -11, -11, -11, -11]
0.041201	-37.556297								error: T SSCS does not start with ±1: [-2, -11, -11, -11, -11]
0.044037	-37.556297								error: T SSCS does not start with ±1: [-2, -11, -11, -11, -11]
0.046872	-37.556297								error: T SSCS does not start with ±1: [-2, -11, -11, -11, -11]
0.049708	-37.556297								error: T SSCS does not start with ±1: [-2, -11, -11, -11, -11]
0.052544	-37.556297								error: T SSCS does not start with ±1: [-2, -11, -11, -11, -11]
0.055379	-37.556297								error: T SSCS does not start with ±1: [-2, -11, -11, -11, -11]
0.058215	-37.556297								error: T SSCS does not start with ±1: [-2, -11, -11, -11, -11]
0.061051	-37.556297								error: T SSCS does not start with ±1: [-2, -11, -11, -11, -11]
0.063887	-37.556297								error: T SSCS does not start with ±1: [-2, -11, -11, -11, -11]
0.066722	-37.556297								error: T SSCS does not start with ±1: [-2, -11, -11, -11, -11]
0.069558	-37.556297								error: T SSCS does not start with ±1: [-2, -11, -11, -11, -11]
0.072394	-37.556297								error: T SSCS does not start with ±1: [-2, -11, -11, -11, -11]
0.075229	-37.556297								error: T SSCS does not start with ±1: [-2, -11, -11, -11, -11]
0.078065	-37.556297								error: T SSCS does not start with ±1: [-2, -11, -11, -11, -11]
0.080901	-37.556297								error: T SSCS does not start with ±1: [-2, -11, -11, -11, -11]
0.083736	-37.556297								error: T SSCS does not start with ±1: [-2, -11, -11, -11, -11]
0.086572	-37.556297								error: T SSCS does not start with ±1: [-2, -11, -11, -11, -11]
0.089408	-37.556297								error: T SSCS does not start with ±1: [-2, -11, -11, -11, -11]
0.092244	-37.556297								error: T SSCS does not start with ±1: [-2, -11, -11, -11, -11]
0.095079	-37.556297								error: T SSCS does not start with ±1: [-2, -11, -11, -11, -11]
0.097915	-37.556297								error: T SSCS does not start with ±1: [-2, -11, -11, -11, -11]
0.100751	-37.556297								error: T SSCS does not start with ±1: [-2, -11, -11, -11, -11]
0.103586	-37.556297								error: T SSCS does not start with ±1: [-2, -11, -11, -11, -11]
0.106422	-37.556297								error: T SSCS does not start with ±1: [-2, -11, -11, -11, -11]
0.109258	-37.556297								error: T SSCS does not start with ±1: [-2, -11, -11, -11, -11]
0.112093	-37.556297								error: T SSCS does not start with ±1: [-2, -11, -11, -11, -11]
0.114929	-37.556297								error: T SSCS does not start with ±1: [-2, -11, -11, -11, -11]
0.117765	-37.556297								error: T SSCS does not start with ±1: [-2, -11, -11, -11, -11]
0.120601	-37.556297								error: T SSCS does not start with ±1: [-2, -11, -11, -11, -11]
0.123436	-37.556297								error: T SSCS does not start with ±1: [-2, -11, -11, -11, -11]
0.126272	-37.556297								error: T SSCS does not start with ±1: [-2, -11, -11, -11, -11]
0.129108	-37.556297								error: T SSCS does not start with ±1: [-2, -11, -11, -11, -11]
0.131943	-37.556297								error: T SSCS does not start with ±1: [-2, -11, -11, -11, -11]
0.134779	-37.556297								error: T SSCS does not start with ±1: [-2, -11, -11, -11, -11]
0.137615	-37.556297								error: T SSCS does not start with ±1: [-2, -11, -11, -11, -11]
0.140450	-37.556297								error: T SSCS does not start with ±1: [-2, -11, -11, -11, -11]
0.143286	-37.556297								error: T SSCS does not start with ±1: [-2, -11, -11, -11, -11]
0.146122	-37.556297								error: T SSCS does not start with ±1: [-2, -11, -11, -11, -11]
0.148957	-37.556297								error: T SSCS does not start with ±1: [-2, -11, -11, -11, -11]
0.151793	-37.556297								error: T SSCS does not start with ±1: [-2, -11, -11, -11, -11]
0.154629	-37.556297								error: T SSCS does not start with ±1: [-2, -11, -11, -11, -11]
0.157465	-37.556297								error: T SSCS does not start with ±1: [-2, -11, -11, -11, -11]
0.160300	-37.556297								error: T SSCS does not start with ±1: [-2, -11, -11, -11, -11]
0.163136	-37.556297								error: T SSCS does not start with ±1: [-2, -11, -11, -11, -11]
0.165972	-37.556297								error: T SSCS does not start with ±1: [-2, -11, -11, -11, -11]
0.168807	-37.556297								error: T SSCS does not start with ±1: [-2, -11, -11, -11, -11]
0.171643	-37.556297								error: T SSCS does not start with ±1: [-2, -11, -11, -11, -11]
0.174479	-37.556297								error: T SSCS does not start with ±1: [-2, -11, -11, -11, -11]
0.177314	-37.556297								error: T SSCS does not start with ±1: [-2, -11, -11, -11, -11]
0.180150	-37.556297								error: T SSCS does not start with ±1: [-2, -11, -11, -11, -11]
0.182986	-37.556297								error: T SSCS does not start with ±1: [-2, -11, -11, -11, -11]
0.185822	-37.556297								error: T SSCS does not start with ±1: [-2, -11, -11, -11, -11]
0.188657	-37.556297								error: T SSCS does not start with ±1: [-2, -11, -11, -11, -11]
0.191493	-37.556297								error: T SSCS does not start with ±1: [-2, -11, -11, -11, -11]
0.194329	-37.556297								error: T SSCS does not start with ±1: [-2, -11, -11, -11, -11]
0.197164	-37.556297								error: T SSCS does not start with ±1: [-2, -11, -11, -11, -11]
0.200000	-37.556297								error: T SSCS does not start with ±1: [-2, -11, -11, -11, -11]
