delta_x	delta_ca	T0_V	T0_Ca	T0_method	T_encoding	gamma_encoding	T_scs	gamma_scs	status
-3.200000	-10.366972								error: T SSCS does not start with ±1: [0, 0, 0, 0, 0, 0, 0, 0, 0, 0]
-3.197164	-10.366972								error: T SSCS does not start with ±1: [0, 0, 0, 0, 0, 0, 0, 0, 0, 0]
-3.194329	-10.366972								error: T SSCS does not start with ±1: [0, 0, 0, 0, 0, 0, 0, 0, 0, 0]
-3.191493	-10.366972								error: T SSCS does not start with ±1: [0, 0, 0, 0, 0, 0, 0, 0, 0, 0]
-3.188657	-10.366972								error: T SSCS does not start with ±1: [0, 0, 0, 0, 0, 0, 0, 0, 0, 0]
-3.185822	-10.366972								error: T SSCS does not start with ±1: [0, 0, 0, 0, 0, 0, 0, 0, 0, 0]
-3.182986	-10.366972								error: T SSCS does not start with ±1: [0, 0, 0, 0, 0, 0, 0, 0, 0, 0]
-3.180150	-10.366972								error: T SSCS does not start with ±1: [0, 0, 0, 0, 0, 0, 0, 0, 0, 0]
-3.177314	-10.366972								error: T SSCS does not start with ±1: [0, 0, 0, 0, 0, 0, 0, 0, 0, 0]
-3.174479	-10.366972								error: T SSCS does not start with ±1: [0, 0, 0, 0, 0, 0, 0, 0, 0, 0]
-3.171643	-10.366972								error: T SSCS does not start with ±1: [0, 0, 0, 0, 0, 0, 0, 0, 0, 0]
-3.168807	-10.366972								error: T SSCS does not start with ±1: [0, 0, 0, 0, 0, 0, 0, 0, 0, 0]
-3.165972	-10.366972								error: T SSCS does not start with ±1: [0, 0, 0, 0, 0, 0, 0, 0, 0, 0]
-3.163136	-10.366972								error: T SSCS does not start with ±1: [0, 0, 0, 0, 0, 0, 0, 0, 0, 0]
-3.160300	-10.366972								error: T SSCS does not start with ±1: [0, 0, 0, 0, 0, 0, 0, 0, 0, 0]
-3.157465	-10.366972								error: T SSCS does not start with ±1: [0, 0, 0, 0, 0, 0, 0, 0, 0, 0]
-3.154629	-10.366972								error: T SSCS does not start with ±1: [0, 0, 0, 0, 0, 0, 0, 0, 0, 0]
-3.151793	-10.366972								error: T SSCS does not start with ±1: [0, 0, 0, 0, 0, 0, 0, 0, 0, 0]
-3.148957	-10.366972								error: T SSCS does not start with ±1: [0, 0, 0, 0, 0, 0, 0, 0, 0, 0]
-3.146122	-10.366972								error: T SSCS does not start with ±1: [0, 0, 0, 0, 0, 0, 0, 0, 0, 0]
-3.143286	-10.366972								error: T SSCS does not start with ±1: [0, 0, 0, 0, 0, 0, 0, 0, 0, 0]
-3.140450	-10.366972								error: T SSCS does not start with ±1: [0, 0, 0, 0, 0, 0, 0, 0, 0, 0]
-3.137615	-10.366972								error: T SSCS does not start with ±1: [0, 0, 0, 0, 0, 0, 0, 0, 0, 0]
-3.134779	-10.366972								error: T SSCS does not start with ±1: [0, 0, 0, 0, 0, 0, 0, 0, 0, 0]
-3.131943	-10.366972								error: T SSCS does not start with ±1: [0, 0, 0, 0, 0, 0, 0, 0, 0, 0]
-3.129108	-10.366972								error: T SSCS does not start with ±1: [0, 0, 0, 0, 0, 0, 0, 0, 0, 0]
-3.126272	-10.366972								error: T SSCS does not start with ±1: [0, 0, 0, 0, 0, 0, 0, 0, 0, 0]
-3.123436	-10.366972								error: T SSCS does not start with ±1: [0, 0, 0, 0, 0, 0, 0, 0, 0, 0]
-3.120601	-10.366972								error: T SSCS does not start with ±1: [0, 0, 0, 0, 0, 0, 0, 0, 0, 0]
-3.117765	-10.366972								error: T SSCS does not start with ±1: [0, 0, 0, 0, 0, 0, 0, 0, 0, 0]
-3.114929	-10.366972								error: T SSCS does not start with ±1: [0, 0, 0, 0, 0, 0, 0, 0, 0, 0]
-3.112093	-10.366972								error: T SSCS does not start with ±1: [0, 0, 0, 0, 0, 0, 0, 0, 0, 0]
-3.109258	-10.366972								error: T SSCS does not start with ±1: [0, 0, 0, 0, 0, 0, 0, 0, 0, 0]
-3.106422	-10.366972								error: T SSCS does not start with ±1: [0, 0, 0, 0, 0, 0, 0, 0, 0, 0]
-3.103586	-10.366972								error: T SSCS does not start with ±1: [0, 0, 0, 0, 0, 0, 0, 0, 0, 0]
-3.100751	-10.366972								error: T SSCS does not start with ±1: [0, 0, 0, 0, 0, 0, 0, 0, 0, 0]
-3.097915	-10.366972								error: T SSCS does not start with ±1: [0, 0, 0, 0, 0, 0, 0, 0, 0, 0]
-3.095079	-10.366972								error: T SSCS does not start with ±1: [0, 0, 0, 0, 0, 0, 0, 0, 0, 0]
-3.092244	-10.366972								error: T SSCS does not start with ±1: [0, 0, 0, 0, 0, 0, 0, 0, 0, 0]
-3.089408	-10.366972								error: T SSCS does not start with ±1: [0, 0, 0, 0, 0, 0, 0, 0, 0, 0]
-3.086572	-10.366972								error: T SSCS does not start with ±1: [0, 0, 0, 0, 0, 0, 0, 0, 0, 0]
-3.083736	-10.366972								error: T SSCS does not start with ±1: [0, 0, 0, 0, 0, 0, 0, 0, 0, 0]
-3.080901	-10.366972								error: T SSCS does not start with ±1: [0, 0, 0, 0, 0, 0, 0, 0, 0, 0]
-3.078065	-10.366972								error: T SSCS does not start with ±1: [0, 0, 0, 0, 0, 0, 0, 0, 0, 0]
-3.075229	-10.366972								error: T SSCS does not start with ±1: [0, 0, 0, 0, 0, 0, 0, 0, 0, 0]
-3.072394	-10.366972								error: T SSCS does not start with ±1: [0, 0, 0, 0, 0, 0, 0, 0, 0, 0]
-3.069558	-10.366972								error: T SSCS does not start with ±1: [0, 0, 0, 0, 0, 0, 0, 0, 0, 0]
-3.066722	-10.366972								error: T SSCS does not start with ±1: [0, 0, 0, 0, 0, 0, 0, 0, 0, 0]
-3.063887	-10.366972								error: T SSCS does not start with ±1: [0, 0, 0, 0, 0, 0, 0, 0, 0, 0]
-3.061051	-10.366972								error: T SSCS does not start with ±1: [0, 0, 0, 0, 0, 0, 0, 0, 0, 0]
-3.058215	-10.366972								error: Could not locate the first local maximum of the reduced return map.
-3.055379	-10.366972	-45.755820	0.922749	continued:5	131504586847961235687181874578063117114329409897647623619241560935125066908876631867479597863393264	131504586847961235687181874578063117114329409897647623619241560935125066908876631867479597863393264	1,0,0,0,0,0,0,0,0,0	1,0,0,0,0,0,0,0,0,0	ok
-3.052544	-10.366972	-46.918365	0.919956	continued:5	131504586847961235687181874578063117114329409897647623619241560935125066908876631867479597863393264	131504586847961235687181874578063117114329409897647623619241560935125066908876631867479597863393264	1,0,0,0,0,0,0,0,0,0	1,0,0,0,0,0,0,0,0,0	ok
-3.049708	-10.366972	-48.122426	0.917163	continued:5	131504586847961235687181874578063117114329409897647623619241560935125066908876631867479597863393264	131504586847961235687181874578063117114329409897647623619241560935125066908876631867479597863393264	1,0,0,0,0,0,0,0,0,0	1,0,0,0,0,0,0,0,0,0	ok
-3.046872	-10.366972	-49.326746	0.916120	continued:5	131504586847961235687181874578063117114329409897647623619241560935125066908876631867479597863393264	131504586847961235687181874578063117114329409897647623619241560935125066908876631867479597863393264	1,0,0,0,0,0,0,0,0,0	1,0,0,0,0,0,0,0,0,0	ok
-3.044037	-10.366972	-50.473919	0.914202	full	131504586847961235687181874578063117114329409897647623619241560935125066908876631867479597863393264	131504586847961235687181874578063117114329409897647623619241560935125066908876631867479597863393264	1,0,0,0,0,0,0,0,0,0	1,0,0,0,0,0,0,0,0,0	ok
-3.041201	-10.366972	-45.755308	0.921729	continued:5	131504586847961235687181874578063117114329409897647623619241560935125066908876631867479597863393264	131504586847961235687181874578063117114329409897647623619241560935125066908876631867479597863393264	1,0,0,0,0,0,0,0,0,0	1,0,0,0,0,0,0,0,0,0	ok
-3.038365	-10.366972	-46.913211	0.918936	continued:5	131504586847961235687181874578063117114329409897647623619241560935125066908876631867479597863393264	131504586847961235687181874578063117114329409897647623619241560935125066908876631867479597863393264	1,0,0,0,0,0,0,0,0,0	1,0,0,0,0,0,0,0,0,0	ok
-3.035530	-10.366972	-48.111534	0.916143	continued:5	131504586847961235687181874578063117114329409897631406061666638548823646371904376997883815099845702	131504586847961235687181874578063117114329409897647623619241560935125066908876631867479597863393264	-1,0,0,0,0,0,0,0,0,0	1,0,0,0,0,0,0,0,0,0	ok
-3.032694	-10.366972	-49.309600	0.914894	continued:5	131504586847961235687181874578063117114329409897647623619241560935125066908876631867479597863393264	131504586847961235687181874578063117114329409897647623619241560935125066908876631867479597863393264	1,0,0,0,0,0,0,0,0,0	1,0,0,0,0,0,0,0,0,0	ok
-3.029858	-10.366972	-50.451991	0.914520	full	131504586847961235687181874578063117114329409897647623619241560935125066908876631867479597863393264	131504586847961235687181874578063117114329409897647623619241560935125066908876631867479597863393264	1,0,0,0,0,0,0,0,0,0	1,0,0,0,0,0,0,0,0,0	ok
-3.027023	-10.366972	-45.804336	0.920481	continued:5	131504586847961235687181874578063117114329409897647623619241560935125066908876631867479597863393264	131504586847961235687181874578063117114329409897647623619241560935125066908876631867479597863393264	1,0,0,0,0,0,0,0,0,0	1,0,0,0,0,0,0,0,0,0	ok
-3.024187	-10.366972	-46.961085	0.917688	continued:5	131504586847961235687181874578063117114329409897647623619241560935125066908876631867479597863393264	131504586847961235687181874578063117114329409897647623619241560935125066908876631867479597863393264	1,0,0,0,0,0,0,0,0,0	1,0,0,0,0,0,0,0,0,0	ok
-3.021351	-10.366972	-48.155574	0.914895	continued:5	131504586847961235687181874578063117114329409897631406061666638548823646371904376997883815099845702	131504586847961235687181874578063117114329409897680058734391405707727907982821141606671163390488391	-1,0,0,0,0,0,0,0,0,0	2,0,0,0,0,0,0,0,0,0	ok
-3.018515	-10.366972	-49.347158	0.913645	continued:5	131504586847961235687181874578063117114329409897647623619241560935125066908876631867479597863393264	131504586847961235687181874578063117114329409897680058734391405707727907982821141606671163390488391	1,0,0,0,0,0,0,0,0,0	2,0,0,0,0,0,0,0,0,0	ok
-3.015680	-10.366972	-50.481151	0.912268	full	131504586847961235687181874578063117114329409897647623619241560935125066908876631867479597863393264	131504586847961235687181874578063117114329409897680058734391405707727907982821141606671163390488391	1,0,0,0,0,0,0,0,0,0	2,0,0,0,0,0,0,0,0,0	ok
-3.012844	-10.366972								error: T SSCS does not start with ±1: [0, 0, 0, 0, 0, 0, 0, 0, 0, 0]
-3.010008	-10.366972	-45.842218	0.918855	continued:5	131504586847961235687181874578063117114329409897647623619241560935125066908876631867479597863393264	131504586847961235687181874578063117114329409897680058734391405707727907982821141606671163390488391	1,0,0,0,0,0,0,0,0,0	2,0,0,0,0,0,0,0,0,0	ok
-3.007173	-10.366972	-46.998061	0.916062	continued:5	131504586847961235687181874578063117114329409897647623619241560935125066908876631867479597863393264	131504586847961235687181874578063117114329409897680058734391405707727907982821141606671163390488391	1,0,0,0,0,0,0,0,0,0	2,0,0,0,0,0,0,0,0,0	ok
-3.004337	-10.366972	-48.188879	0.913269	continued:5	131504586847961235687181874578063117114329409897647623619241560935125066908876631867479597863393264	131504586847961235687181874578063117114329409897680058734391405707727907982821141606671163390488391	1,0,0,0,0,0,0,0,0,0	2,0,0,0,0,0,0,0,0,0	ok
-3.001501	-10.366972	-49.374230	0.912226	continued:5	131504586847961235687181874578063117114329409897647623619241560935125066908876631867479597863393264	131504586847961235687181874578063117114329409897680058734391405707727907982821141606671163390488391	1,0,0,0,0,0,0,0,0,0	2,0,0,0,0,0,0,0,0,0	ok
-2.998666	-10.366972	-50.498813	0.910436	full	131504586847961235687181874578063117114329409897647623619241560935125066908876631867479597863393264	131504586847961235687181874578063117114329409897680058734391405707727907982821141606671163390488391	1,0,0,0,0,0,0,0,0,0	2,0,0,0,0,0,0,0,0,0	ok
-2.995830	-10.366972	-45.859127	0.917692	continued:5	131504586847961235687181874578063117114329409897647623619241560935125066908876631867479597863393264	131504586847961235687181874578063117114329409897712493849541250480330749056765651345862728917583522	1,0,0,0,0,0,0,0,0,0	3,0,0,0,0,0,0,0,0,0	ok
-2.992994	-10.366972	-47.012007	0.914899	continued:5	131504586847961235687181874578063117114329409897647623619241560935125066908876631867479597863393264	131504586847961235687181874578063117114329409897712493849541250480330749056765651345862728917583522	1,0,0,0,0,0,0,0,0,0	3,0,0,0,0,0,0,0,0,0	ok
-2.990158	-10.366972	-48.198184	0.912105	continued:5	131504586847961235687181874578063117114329409897647623619241560935125066908876631867479597863393264	131504586847961235687181874578063117114329409897712493849541250480330749056765651345862728917583522	1,0,0,0,0,0,0,0,0,0	3,0,0,0,0,0,0,0,0,0	ok
-2.987323	-10.366972	-49.377596	0.911063	continued:5	131504586847961235687181874578063117114329409897631406061666638548823646371904376997883815099845702	131504586847961235687181874578063117114329409897712493849541250480330749056765651345862728917583522	-1,0,0,0,0,0,0,0,0,0	3,0,0,0,0,0,0,0,0,0	ok
-2.984487	-10.366972	-50.495566	0.909813	full	131504586847961235687181874578063117114329409897647623619241560935125066908876631867479597863393264	131504586847961235687181874578063117114329409897712493849541250480330749056765651345862728917583522	1,0,0,0,0,0,0,0,0,0	3,0,0,0,0,0,0,0,0,0	ok
-2.981651	-10.366972	-45.946220	0.916413	continued:5	131504586847961235687181874578063117114329409897647623619241560935125066908876631867479597863393264	131504586847961235687181874578063117114329409897712493849541250480330749056765651345862728917583522	1,0,0,0,0,0,0,0,0,0	3,0,0,0,0,0,0,0,0,0	ok
-2.978816	-10.366972	-47.098627	0.913620	continued:5	131504586847961235687181874578063117114329409897647623619241560935125066908876631867479597863393264	131504586847961235687181874578063117114329409897712493849541250480330749056765651345862728917583522	1,0,0,0,0,0,0,0,0,0	3,0,0,0,0,0,0,0,0,0	ok
-2.975980	-10.366972	-48.280594	0.910826	continued:5	131504586847961235687181874578063117114329409897631406061666638548823646371904376997883815099845702	131504586847961235687181874578063117114329409897712493849541250480330749056765651345862728917583522	-1,0,0,0,0,0,0,0,0,0	3,0,0,0,0,0,0,0,0,0	ok
-2.973144	-10.366972	-49.451891	0.908033	continued:5	131504586847961235687181874578063117114329409897647623619241560935125066908876631867479597863393264	131504586847961235687181874578063117114329409897712493849541250480330749056765651345862728917583522	1,0,0,0,0,0,0,0,0,0	3,0,0,0,0,0,0,0,0,0	ok
-2.970309	-10.366972	-50.570511	0.905240	full	131504586847961235687181874578063117114329409897647623619241560935125066908876631867479597863393264	131504586847961235687181874578063117114329409897712493849541250480330749056765651345862728917583522	1,0,0,0,0,0,0,0,0,0	3,0,0,0,0,0,0,0,0,0	ok
-2.967473	-10.366972	-45.968929	0.914601	continued:5	131504586847961235687181874578063117114329409897647623619241560935125066908876631867479597863393264	131504586847961235687181874578063117114329409897744928964691095252933590130710161085054294444678657	1,0,0,0,0,0,0,0,0,0	4,0,0,0,0,0,0,0,0,0	ok
-2.964637	-10.366972	-47.124278	0.911807	continued:5	131504586847961235687181874578063117114329409897647623619241560935125066908876631867479597863393264	131504586847961235687181874578063117114329409897744928964691095252933590130710161085054294444678657	1,0,0,0,0,0,0,0,0,0	4,0,0,0,0,0,0,0,0,0	ok
-2.961802	-10.366972	-48.306662	0.909014	continued:5	131504586847961235687181874578063117114329409897647623619241560935125066908876631867479597863393264	131504586847961235687181874578063117114329409897744928964691095252933590130710161085054294444678657	1,0,0,0,0,0,0,0,0,0	4,0,0,0,0,0,0,0,0,0	ok
-2.958966	-10.366972	-49.475971	0.906221	continued:5	131504586847961235687181874578063117114329409897647623619241560935125066908876631867479597863393264	131504586847961235687181874578063117114329409897744928964691095252933590130710161085054294444678657	1,0,0,0,0,0,0,0,0,0	4,0,0,0,0,0,0,0,0,0	ok
-2.956130	-10.366972	-50.590721	0.903427	full	131504586847961235687181874578063117114329409897647623619241560935125066908876631867479597863393264	131504586847961235687181874578063117114329409897744928964691095252933590130710161085054294444678657	1,0,0,0,0,0,0,0,0,0	4,0,0,0,0,0,0,0,0,0	ok
-2.953294	-10.366972								error: T SSCS does not start with ±1: [0, 0, 0, 0, 0, 0, 0, 0, 0, 0]
-2.950459	-10.366972								error: T SSCS does not start with ±1: [0, 0, 0, 0, 0, 0, 0, 0, 0, 0]
-2.947623	-10.366972	-46.003642	0.912323	continued:5	131504586847961235687181874578063117114329409897647623619241560935125066908876631867479597863393264	131504586847961235687181874578063117114329409897744928964691095252933590130710161085054294444678657	1,0,0,0,0,0,0,0,0,0	4,0,0,0,0,0,0,0,0,0	ok
-2.944787	-10.366972	-47.160653	0.909530	continued:5	131504586847961235687181874578063117114329409897647623619241560935125066908876631867479597863393264	131504586847961235687181874578063117114329409897744928964691095252933590130710161085054294444678657	1,0,0,0,0,0,0,0,0,0	4,0,0,0,0,0,0,0,0,0	ok
-2.941952	-10.366972	-48.341383	0.906736	continued:5	131504586847961235687181874578063117114329409897647623619241560935125066908876631867479597863393264	131504586847961235687181874578063117114329409897744928964691095252933590130710161085054294444678657	1,0,0,0,0,0,0,0,0,0	4,0,0,0,0,0,0,0,0,0	ok
-2.939116	-10.366972	-49.505997	0.903943	continued:5	131504586847961235687181874578063117114329409897647623619241560935125066908876631867479597863393264	131504586847961235687181874578063117114329409897744928964691095252933590130710161085054294444678657	1,0,0,0,0,0,0,0,0,0	4,0,0,0,0,0,0,0,0,0	ok
-2.936280	-10.366972	-50.613822	0.901150	full	131504586847961235687181874578063117114329409897647623619241560935125066908876631867479597863393264	131504586847961235687181874578063117114329409897744928964691095252933590130710161085054294444678657	1,0,0,0,0,0,0,0,0,0	4,0,0,0,0,0,0,0,0,0	ok
-2.933445	-10.366972	-45.996174	0.912270	continued:5	131504586847961235687181874578063117114329409897647623619241560935125066908876631867479597863393264	131504586847961235687181874578063117114329409897744928964691095252933590130710161085054294444678657	1,0,0,0,0,0,0,0,0,0	4,0,0,0,0,0,0,0,0,0	ok
-2.930609	-10.366972	-47.139383	0.909476	continued:5	131504586847961235687181874578063117114329409897647623619241560935125066908876631867479597863393264	131504586847961235687181874578063117114329409897744928964691095252933590130710161085054294444678657	1,0,0,0,0,0,0,0,0,0	4,0,0,0,0,0,0,0,0,0	ok
-2.927773	-10.366972	-48.306636	0.906683	continued:5	131504586847961235687181874578063117114329409897631406061666638548823646371904376997883815099845702	131504586847961235687181874578063117114329409897744928964691095252933590130710161085054294444678657	-1,0,0,0,0,0,0,0,0,0	4,0,0,0,0,0,0,0,0,0	ok
-2.924937	-10.366972	-49.459069	0.905640	continued:5	131504586847961235687181874578063117114329409897631406061666638548823646371904376997883815099845702	131504586847961235687181874578063117114329409897744928964691095252933590130710161085054294444678657	-1,0,0,0,0,0,0,0,0,0	4,0,0,0,0,0,0,0,0,0	ok
-2.922102	-10.366972	-50.544986	0.903850	full	131504586847961235687181874578063117114329409897647623619241560935125066908876631867479597863393264	131504586847961235687181874578063117114329409897744928964691095252933590130710161085054294444678657	1,0,0,0,0,0,0,0,0,0	4,0,0,0,0,0,0,0,0,0	ok
-2.919266	-10.366972	-46.062447	0.909925	continued:5	131504586847961235687181874578063117114329409897647623619241560935125066908876631867479597863393264	131504586847961235687181874578063117114329409897744928964691095252933590130710161085054294444678657	1,0,0,0,0,0,0,0,0,0	4,0,0,0,0,0,0,0,0,0	ok
-2.916430	-10.366972	-47.213870	0.907131	continued:5	131504586847961235687181874578063117114329409897647623619241560935125066908876631867479597863393264	131504586847961235687181874578063117114329409897777364079840940025536431204654670824245859971773796	1,0,0,0,0,0,0,0,0,0	5,0,0,0,0,0,0,0,0,0	ok
-2.913595	-10.366972	-48.385035	0.904338	continued:5	131504586847961235687181874578063117114329409897647623619241560935125066908876631867479597863393264	131504586847961235687181874578063117114329409897777364079840940025536431204654670824245859971773796	1,0,0,0,0,0,0,0,0,0	5,0,0,0,0,0,0,0,0,0	ok
-2.910759	-10.366972	-49.536803	0.901545	continued:5	131504586847961235687181874578063117114329409897647623619241560935125066908876631867479597863393264	131504586847961235687181874578063117114329409897777364079840940025536431204654670824245859971773796	1,0,0,0,0,0,0,0,0,0	5,0,0,0,0,0,0,0,0,0	ok
-2.907923	-10.366972	-50.629895	0.898751	full	131504586847961235687181874578063117114329409897647623619241560935125066908876631867479597863393264	131504586847961235687181874578063117114329409897777364079840940025536431204654670824245859971773796	1,0,0,0,0,0,0,0,0,0	5,0,0,0,0,0,0,0,0,0	ok
-2.905088	-10.366972	-46.015150	0.910029	continued:5	131504586847961235687181874578063117114329409897647623619241560935125066908876631867479597863393264	131504586847961235687181874578063117114329409897777364079840940025536431204654670824245859971773796	1,0,0,0,0,0,0,0,0,0	5,0,0,0,0,0,0,0,0,0	ok
-2.902252	-10.366972	-47.150862	0.907236	continued:5	131504586847961235687181874578063117114329409897647623619241560935125066908876631867479597863393264	131504586847961235687181874578063117114329409897777364079840940025536431204654670824245859971773796	1,0,0,0,0,0,0,0,0,0	5,0,0,0,0,0,0,0,0,0	ok
-2.899416	-10.366972	-48.307950	0.904442	continued:5	131504586847961235687181874578063117114329409897631406061666638548823646371904376997883815099845702	131504586847961235687181874578063117114329409897777364079840940025536431204654670824245859971773796	-1,0,0,0,0,0,0,0,0,0	5,0,0,0,0,0,0,0,0,0	ok
-2.896580	-10.366972	-49.448494	0.903193	continued:5	131504586847961235687181874578063117114329409897631406061666638548823646371904376997883815099845702	131504586847961235687181874578063117114329409897777364079840940025536431204654670824245859971773796	-1,0,0,0,0,0,0,0,0,0	5,0,0,0,0,0,0,0,0,0	ok
-2.893745	-10.366972	-50.523345	0.903026	full	131504586847961235687181874578063117114329409897631406061666638548823646371904376997883815099845702	131504586847961235687181874578063117114329409897777364079840940025536431204654670824245859971773796	-1,0,0,0,0,0,0,0,0,0	5,0,0,0,0,0,0,0,0,0	ok
-2.890909	-10.366972	-46.098294	0.908549	continued:5	131504586847961235687181874578063117114329409897647623619241560935125066908876631867479597863393264	131504586847961235687181874578063117114329409897777364079840940025536431204654670824245859971773796	1,0,0,0,0,0,0,0,0,0	5,0,0,0,0,0,0,0,0,0	ok
-2.888073	-10.366972	-47.234309	0.905756	continued:5	131504586847961235687181874578063117114329409897647623619241560935125066908876631867479597863393264	131504586847961235687181874578063117114329409897777364079840940025536431204654670824245859971773796	1,0,0,0,0,0,0,0,0,0	5,0,0,0,0,0,0,0,0,0	ok
-2.885238	-10.366972	-48.387973	0.902962	continued:5	131504586847961235687181874578063117114329409897631406061666638548823646371904376997883815099845702	131504586847961235687181874578063117114329409897777364079840940025536431204654670824245859971773796	-1,0,0,0,0,0,0,0,0,0	5,0,0,0,0,0,0,0,0,0	ok
-2.882402	-10.366972	-49.521340	0.901920	continued:5	131504586847961235687181874578063117114329409897631406061666638548823646371904376997883815099845702	131504586847961235687181874578063117114329409897777364079840940025536431204654670824245859971773796	-1,0,0,0,0,0,0,0,0,0	5,0,0,0,0,0,0,0,0,0	ok
-2.879566	-10.366972	-50.584807	0.899461	full	131504586847961235687181874578063117114329409897647623619241560935125066908876631867479597863393264	131504586847961235687181874578063117114329409897777364079840940025536431204654670824245859971773796	1,0,0,0,0,0,0,0,0,0	5,0,0,0,0,0,0,0,0,0	ok
-2.876731	-10.366972	-46.159202	0.907061	continued:5	131504586847961235687181874578063117114329409897647623619241560935125066908876631867479597863393264	131504586847961235687181874578063117114329409897777364079840940025536431204654670824245859971773796	1,0,0,0,0,0,0,0,0,0	5,0,0,0,0,0,0,0,0,0	ok
-2.873895	-10.366972	-47.295093	0.904267	continued:5	131504586847961235687181874578063117114329409897647623619241560935125066908876631867479597863393264	131504586847961235687181874578063117114329409897777364079840940025536431204654670824245859971773796	1,0,0,0,0,0,0,0,0,0	5,0,0,0,0,0,0,0,0,0	ok
-2.871059	-10.366972	-48.445510	0.901474	continued:5	131504586847961235687181874578063117114329409897647623619241560935125066908876631867479597863393264	131504586847961235687181874578063117114329409897777364079840940025536431204654670824245859971773796	1,0,0,0,0,0,0,0,0,0	5,0,0,0,0,0,0,0,0,0	ok
-2.868224	-10.366972	-49.572649	0.898681	continued:5	131504586847961235687181874578063117114329409897647623619241560935125066908876631867479597863393264	131504586847961235687181874578063117114329409897777364079840940025536431204654670824245859971773796	1,0,0,0,0,0,0,0,0,0	5,0,0,0,0,0,0,0,0,0	ok
-2.865388	-10.366972	-50.639489	0.895887	full	131504586847961235687181874578063117114329409897647623619241560935125066908876631867479597863393264	131504586847961235687181874578063117114329409897777364079840940025536431204654670824245859971773796	1,0,0,0,0,0,0,0,0,0	5,0,0,0,0,0,0,0,0,0	ok
-2.862552	-10.366972	-46.050042	0.906315	continued:5	131504586847961235687181874578063117114329409897647623619241560935125066908876631867479597863393264	131504586847961235687181874578063117114329409897777364079840940025536431204654670824245859971773796	1,0,0,0,0,0,0,0,0,0	5,0,0,0,0,0,0,0,0,0	ok
-2.859716	-10.366972	-47.177711	0.903521	continued:5	131504586847961235687181874578063117114329409897647623619241560935125066908876631867479597863393264	131504586847961235687181874578063117114329409897777364079840940025536431204654670824245859971773796	1,0,0,0,0,0,0,0,0,0	5,0,0,0,0,0,0,0,0,0	ok
-2.856881	-10.366972	-48.322275	0.900728	continued:5	131504586847961235687181874578063117114329409897631406061666638548823646371904376997883815099845702	131504586847961235687181874578063117114329409897777364079840940025536431204654670824245859971773796	-1,0,0,0,0,0,0,0,0,0	5,0,0,0,0,0,0,0,0,0	ok
-2.854045	-10.366972	-49.447062	0.899479	continued:5	131504586847961235687181874578063117114329409897631406061666638548823646371904376997883815099845702	131504586847961235687181874578063117114329409897777364079840940025536431204654670824245859971773796	-1,0,0,0,0,0,0,0,0,0	5,0,0,0,0,0,0,0,0,0	ok
-2.851209	-10.366972	-50.504594	0.899312	full	131504586847961235687181874578063117114329409897631406061666638548823646371904376997883815099845702	131504586847961235687181874578063117114329409897777364079840940025536431204654670824245859971773796	-1,0,0,0,0,0,0,0,0,0	5,0,0,0,0,0,0,0,0,0	ok
-2.848374	-10.366972	-46.120119	0.905074	continued:5	131504586847961235687181874578063117114329409897647623619241560935125066908876631867479597863393264	131504586847961235687181874578063117114329409897777364079840940025536431204654670824245859971773796	1,0,0,0,0,0,0,0,0,0	5,0,0,0,0,0,0,0,0,0	ok
-2.845538	-10.366972	-47.245477	0.902280	continued:5	131504586847961235687181874578063117114329409897647623619241560935125066908876631867479597863393264	131504586847961235687181874578063117114329409897777364079840940025536431204654670824245859971773796	1,0,0,0,0,0,0,0,0,0	5,0,0,0,0,0,0,0,0,0	ok
-2.842702	-10.366972	-48.384709	0.899487	continued:5	131504586847961235687181874578063117114329409897631406061666638548823646371904376997883815099845702	131504586847961235687181874578063117114329409897777364079840940025536431204654670824245859971773796	-1,0,0,0,0,0,0,0,0,0	5,0,0,0,0,0,0,0,0,0	ok
-2.839867	-10.366972	-49.501299	0.898238	continued:5	131504586847961235687181874578063117114329409897631406061666638548823646371904376997883815099845702	131504586847961235687181874578063117114329409897777364079840940025536431204654670824245859971773796	-1,0,0,0,0,0,0,0,0,0	5,0,0,0,0,0,0,0,0,0	ok
-2.837031	-10.366972	-50.548664	0.898070	full	131504586847961235687181874578063117114329409897631406061666638548823646371904376997883815099845702	131504586847961235687181874578063117114329409897777364079840940025536431204654670824245859971773796	-1,0,0,0,0,0,0,0,0,0	5,0,0,0,0,0,0,0,0,0	ok
-2.834195	-10.366972	-46.185369	0.903725	continued:5	131504586847961235687181874578063117114329409897647623619241560935125066908876631867479597863393264	131504586847961235687181874578063117114329409897777364079840940025536431204654670824245859971773796	1,0,0,0,0,0,0,0,0,0	5,0,0,0,0,0,0,0,0,0	ok
-2.831359	-10.366972	-47.309130	0.900932	continued:5	131504586847961235687181874578063117114329409897647623619241560935125066908876631867479597863393264	131504586847961235687181874578063117114329409897777364079840940025536431204654670824245859971773796	1,0,0,0,0,0,0,0,0,0	5,0,0,0,0,0,0,0,0,0	ok
-2.828524	-10.366972	-48.443763	0.898138	continued:5	131504586847961235687181874578063117114329409897631406061666638548823646371904376997883815099845702	131504586847961235687181874578063117114329409897777364079840940025536431204654670824245859971773796	-1,0,0,0,0,0,0,0,0,0	5,0,0,0,0,0,0,0,0,0	ok
-2.825688	-10.366972	-49.552941	0.897096	continued:5	131504586847961235687181874578063117114329409897631406061666638548823646371904376997883815099845702	131504586847961235687181874578063117114329409897777364079840940025536431204654670824245859971773796	-1,0,0,0,0,0,0,0,0,0	5,0,0,0,0,0,0,0,0,0	ok
-2.822852	-10.366972	-50.589558	0.896053	full	131504586847961235687181874578063117114329409897647623619241560935125066908876631867479597863393264	131504586847961235687181874578063117114329409897777364079840940025536431204654670824245859971773796	1,0,0,0,0,0,0,0,0,0	5,0,0,0,0,0,0,0,0,0	ok
-2.820017	-10.366972	-46.247330	0.902396	continued:5	131504586847961235687181874578063117114329409897647623619241560935125066908876631867479597863393264	131504586847961235687181874578063117114329409897777364079840940025536431204654670824245859971773796	1,0,0,0,0,0,0,0,0,0	5,0,0,0,0,0,0,0,0,0	ok
-2.817181	-10.366972	-47.369086	0.899603	continued:5	131504586847961235687181874578063117114329409897631406061666638548823646371904376997883815099845702	131504586847961235687181874578063117114329409897777364079840940025536431204654670824245859971773796	-1,0,0,0,0,0,0,0,0,0	5,0,0,0,0,0,0,0,0,0	ok
-2.814345	-10.366972	-48.498837	0.896810	continued:5	131504586847961235687181874578063117114329409897631406061666638548823646371904376997883815099845702	131504586847961235687181874578063117114329409897777364079840940025536431204654670824245859971773796	-1,0,0,0,0,0,0,0,0,0	5,0,0,0,0,0,0,0,0,0	ok
-2.811510	-10.366972	-49.600513	0.895767	continued:5	131504586847961235687181874578063117114329409897631406061666638548823646371904376997883815099845702	131504586847961235687181874578063117114329409897777364079840940025536431204654670824245859971773796	-1,0,0,0,0,0,0,0,0,0	5,0,0,0,0,0,0,0,0,0	ok
-2.808674	-10.366972	-50.627876	0.893308	full	131504586847961235687181874578063117114329409897647623619241560935125066908876631867479597863393264	131504586847961235687181874578063117114329409897777364079840940025536431204654670824245859971773796	1,0,0,0,0,0,0,0,0,0	5,0,0,0,0,0,0,0,0,0	ok
-2.805838	-10.366972	-46.302168	0.901170	continued:5	131504586847961235687181874578063117114329409897647623619241560935125066908876631867479597863393264	131504586847961235687181874578063117114329409897777364079840940025536431204654670824245859971773796	1,0,0,0,0,0,0,0,0,0	5,0,0,0,0,0,0,0,0,0	ok
-2.803003	-10.366972	-47.420791	0.898377	continued:5	131504586847961235687181874578063117114329409897631406061666638548823646371904376997883815099845702	131504586847961235687181874578063117114329409897777364079840940025536431204654670824245859971773796	-1,0,0,0,0,0,0,0,0,0	5,0,0,0,0,0,0,0,0,0	ok
-2.800167	-10.366972	-48.544866	0.895584	continued:5	131504586847961235687181874578063117114329409897631406061666638548823646371904376997883815099845702	131504586847961235687181874578063117114329409897777364079840940025536431204654670824245859971773796	-1,0,0,0,0,0,0,0,0,0	5,0,0,0,0,0,0,0,0,0	ok
-2.797331	-10.366972	-49.638667	0.893459	continued:5	131504586847961235687181874578063117114329409897647623619241560935125066908876631867479597863393264	131504586847961235687181874578063117114329409897777364079840940025536431204654670824245859971773796	1,0,0,0,0,0,0,0,0,0	5,0,0,0,0,0,0,0,0,0	ok
-2.794495	-10.366972	-50.664080	0.890666	full	131504586847961235687181874578063117114329409897647623619241560935125066908876631867479597863393264	131504586847961235687181874578063117114329409897777364079840940025536431204654670824245859971773796	1,0,0,0,0,0,0,0,0,0	5,0,0,0,0,0,0,0,0,0	ok
-2.791660	-10.366972	-46.336607	0.899282	continued:5	131504586847961235687181874578063117114329409897647623619241560935125066908876631867479597863393264	131504586847961235687181874578063117114329409897777364079840940025536431204654670824245859971773796	1,0,0,0,0,0,0,0,0,0	5,0,0,0,0,0,0,0,0,0	ok
-2.788824	-10.366972	-47.457925	0.896489	continued:5	131504586847961235687181874578063117114329409897647623619241560935125066908876631867479597863393264	131504586847961235687181874578063117114329409897777364079840940025536431204654670824245859971773796	1,0,0,0,0,0,0,0,0,0	5,0,0,0,0,0,0,0,0,0	ok
-2.785988	-10.366972	-48.581939	0.893695	continued:5	131504586847961235687181874578063117114329409897647623619241560935125066908876631867479597863393264	131504586847961235687181874578063117114329409897777364079840940025536431204654670824245859971773796	1,0,0,0,0,0,0,0,0,0	5,0,0,0,0,0,0,0,0,0	ok
-2.783153	-10.366972	-49.673139	0.890902	continued:5	131504586847961235687181874578063117114329409897647623619241560935125066908876631867479597863393264	131504586847961235687181874578063117114329409897777364079840940025536431204654670824245859971773796	1,0,0,0,0,0,0,0,0,0	5,0,0,0,0,0,0,0,0,0	ok
-2.780317	-10.366972	-50.698532	0.888109	full	131504586847961235687181874578063117114329409897647623619241560935125066908876631867479597863393264	131504586847961235687181874578063117114329409897777364079840940025536431204654670824245859971773796	1,0,0,0,0,0,0,0,0,0	5,0,0,0,0,0,0,0,0,0	ok
-2.777481	-10.366972	-46.355007	0.896796	continued:5	131504586847961235687181874578063117114329409897647623619241560935125066908876631867479597863393264	131504586847961235687181874578063117114329409897777364079840940025536431204654670824245859971773796	1,0,0,0,0,0,0,0,0,0	5,0,0,0,0,0,0,0,0,0	ok
-2.774646	-10.366972	-47.484355	0.894002	continued:5	131504586847961235687181874578063117114329409897647623619241560935125066908876631867479597863393264	131504586847961235687181874578063117114329409897777364079840940025536431204654670824245859971773796	1,0,0,0,0,0,0,0,0,0	5,0,0,0,0,0,0,0,0,0	ok
-2.771810	-10.366972	-48.613354	0.891209	continued:5	131504586847961235687181874578063117114329409897647623619241560935125066908876631867479597863393264	131504586847961235687181874578063117114329409897777364079840940025536431204654670824245859971773796	1,0,0,0,0,0,0,0,0,0	5,0,0,0,0,0,0,0,0,0	ok
-2.768974	-10.366972	-49.706589	0.888416	continued:5	131504586847961235687181874578063117114329409897647623619241560935125066908876631867479597863393264	131504586847961235687181874578063117114329409897777364079840940025536431204654670824245859971773796	1,0,0,0,0,0,0,0,0,0	5,0,0,0,0,0,0,0,0,0	ok
-2.766138	-10.366972	-50.731521	0.885622	full	131504586847961235687181874578063117114329409897647623619241560935125066908876631867479597863393264	131504586847961235687181874578063117114329409897777364079840940025536431204654670824245859971773796	1,0,0,0,0,0,0,0,0,0	5,0,0,0,0,0,0,0,0,0	ok
-2.763303	-10.366972	-46.263265	0.897535	continued:5	131504586847961235687181874578063117114329409897647623619241560935125066908876631867479597863393264	131504586847961235687181874578063117114329409897777364079840940025536431204654670824245859971773796	1,0,0,0,0,0,0,0,0,0	5,0,0,0,0,0,0,0,0,0	ok
-2.760467	-10.366972	-47.372215	0.894742	continued:5	131504586847961235687181874578063117114329409897631406061666638548823646371904376997883815099845702	131504586847961235687181874578063117114329409897793581637415862411837851741626925693841642735321367	-1,0,0,0,0,0,0,0,0,0	-6,0,0,0,0,0,0,0,0,0	ok
-2.757631	-10.366972	-48.484559	0.891949	continued:5	131504586847961235687181874578063117114329409897631406061666638548823646371904376997883815099845702	131504586847961235687181874578063117114329409897809799194990784798139272278599180563437425498868939	-1,0,0,0,0,0,0,0,0,0	6,0,0,0,0,0,0,0,0,0	ok
-2.754796	-10.366972	-49.566114	0.890699	continued:5	131504586847961235687181874578063117114329409897631406061666638548823646371904376997883815099845702	131504586847961235687181874578063117114329409897809799194990784798139272278599180563437425498868939	-1,0,0,0,0,0,0,0,0,0	6,0,0,0,0,0,0,0,0,0	ok
-2.751960	-10.366972	-50.573987	0.890532	full	131504586847961235687181874578063117114329409897631406061666638548823646371904376997883815099845702	131504586847961235687181874578063117114329409897809799194990784798139272278599180563437425498868939	-1,0,0,0,0,0,0,0,0,0	6,0,0,0,0,0,0,0,0,0	ok
-2.749124	-10.366972	-46.318852	0.896267	continued:5	131504586847961235687181874578063117114329409897647623619241560935125066908876631867479597863393264	131504586847961235687181874578063117114329409897809799194990784798139272278599180563437425498868939	1,0,0,0,0,0,0,0,0,0	6,0,0,0,0,0,0,0,0,0	ok
-2.746289	-10.366972	-47.424810	0.893474	continued:5	131504586847961235687181874578063117114329409897631406061666638548823646371904376997883815099845702	131504586847961235687181874578063117114329409897809799194990784798139272278599180563437425498868939	-1,0,0,0,0,0,0,0,0,0	6,0,0,0,0,0,0,0,0,0	ok
-2.743453	-10.366972	-48.531647	0.890680	continued:5	131504586847961235687181874578063117114329409897631406061666638548823646371904376997883815099845702	131504586847961235687181874578063117114329409897809799194990784798139272278599180563437425498868939	-1,0,0,0,0,0,0,0,0,0	6,0,0,0,0,0,0,0,0,0	ok
-2.740617	-10.366972	-49.605518	0.889431	continued:5	131504586847961235687181874578063117114329409897631406061666638548823646371904376997883815099845702	131504586847961235687181874578063117114329409897809799194990784798139272278599180563437425498868939	-1,0,0,0,0,0,0,0,0,0	6,0,0,0,0,0,0,0,0,0	ok
-2.737781	-10.366972	-50.604350	0.889264	full	131504586847961235687181874578063117114329409897631406061666638548823646371904376997883815099845702	131504586847961235687181874578063117114329409897809799194990784798139272278599180563437425498868939	-1,0,0,0,0,0,0,0,0,0	6,0,0,0,0,0,0,0,0,0	ok
-2.734946	-10.366972	-46.368624	0.894791	continued:5	131504586847961235687181874578063117114329409897647623619241560935125066908876631867479597863393264	131504586847961235687181874578063117114329409897809799194990784798139272278599180563437425498868939	1,0,0,0,0,0,0,0,0,0	6,0,0,0,0,0,0,0,0,0	ok
-2.732110	-10.366972	-47.473328	0.891997	continued:5	131504586847961235687181874578063117114329409897631406061666638548823646371904376997883815099845702	131504586847961235687181874578063117114329409897809799194990784798139272278599180563437425498868939	-1,0,0,0,0,0,0,0,0,0	6,0,0,0,0,0,0,0,0,0	ok
-2.729274	-10.366972	-48.576318	0.889204	continued:5	131504586847961235687181874578063117114329409897631406061666638548823646371904376997883815099845702	131504586847961235687181874578063117114329409897809799194990784798139272278599180563437425498868939	-1,0,0,0,0,0,0,0,0,0	6,0,0,0,0,0,0,0,0,0	ok
-2.726439	-10.366972	-49.644068	0.888162	continued:5	131504586847961235687181874578063117114329409897631406061666638548823646371904376997883815099845702	131504586847961235687181874578063117114329409897809799194990784798139272278599180563437425498868939	-1,0,0,0,0,0,0,0,0,0	6,0,0,0,0,0,0,0,0,0	ok
-2.723603	-10.366972	-50.633872	0.887994	full	131504586847961235687181874578063117114329409897631406061666638548823646371904376997883815099845702	131504586847961235687181874578063117114329409897809799194990784798139272278599180563437425498868939	-1,0,0,0,0,0,0,0,0,0	6,0,0,0,0,0,0,0,0,0	ok
-2.720767	-10.366972	-45.355946	0.896061	continued:5	131504586847961235687181874578063117114329409897647623619241560935125066908876631867479597863393264	131504586847961235687181874578063117114329409897809799194990784798139272278599180563437425498868939	1,0,0,0,0,0,0,0,0,0	6,0,0,0,0,0,0,0,0,0	ok
-2.717932	-10.366972	-46.435311	0.893267	continued:5	131504586847961235687181874578063117114329409897647623619241560935125066908876631867479597863393264	131504586847961235687181874578063117114329409897809799194990784798139272278599180563437425498868939	1,0,0,0,0,0,0,0,0,0	6,0,0,0,0,0,0,0,0,0	ok
-2.715096	-10.366972	-47.536011	0.890474	continued:5	131504586847961235687181874578063117114329409897631406061666638548823646371904376997883815099845702	131504586847961235687181874578063117114329409897809799194990784798139272278599180563437425498868939	-1,0,0,0,0,0,0,0,0,0	6,0,0,0,0,0,0,0,0,0	ok
-2.712260	-10.366972	-48.632035	0.887680	continued:5	131504586847961235687181874578063117114329409897631406061666638548823646371904376997883815099845702	131504586847961235687181874578063117114329409897809799194990784798139272278599180563437425498868939	-1,0,0,0,0,0,0,0,0,0	6,0,0,0,0,0,0,0,0,0	ok
-2.709425	-10.366972	-49.690339	0.886766	continued:5	131504586847961235687181874578063117114329409897631406061666638548823646371904376997883815099845702	131504586847961235687181874578063117114329409897809799194990784798139272278599180563437425498868939	-1,0,0,0,0,0,0,0,0,0	6,0,0,0,0,0,0,0,0,0	ok
-2.706589	-10.366972	-50.668354	0.885516	full	131504586847961235687181874578063117114329409897647623619241560935125066908876631867479597863393264	131504586847961235687181874578063117114329409897809799194990784798139272278599180563437425498868939	1,0,0,0,0,0,0,0,0,0	6,0,0,0,0,0,0,0,0,0	ok
-2.703753	-10.366972	-45.424143	0.894590	continued:5	131504586847961235687181874578063117114329409897647623619241560935125066908876631867479597863393264	131504586847961235687181874578063117114329409897809799194990784798139272278599180563437425498868939	1,0,0,0,0,0,0,0,0,0	6,0,0,0,0,0,0,0,0,0	ok
-2.700917	-10.366972	-46.501349	0.891797	continued:5	131504586847961235687181874578063117114329409897647623619241560935125066908876631867479597863393264	131504586847961235687181874578063117114329409897809799194990784798139272278599180563437425498868939	1,0,0,0,0,0,0,0,0,0	6,0,0,0,0,0,0,0,0,0	ok
-2.698082	-10.366972	-47.597334	0.889004	continued:5	131504586847961235687181874578063117114329409897631406061666638548823646371904376997883815099845702	131504586847961235687181874578063117114329409897809799194990784798139272278599180563437425498868939	-1,0,0,0,0,0,0,0,0,0	6,0,0,0,0,0,0,0,0,0	ok
-2.695246	-10.366972	-48.685804	0.886210	continued:5	131504586847961235687181874578063117114329409897631406061666638548823646371904376997883815099845702	131504586847961235687181874578063117114329409897809799194990784798139272278599180563437425498868939	-1,0,0,0,0,0,0,0,0,0	6,0,0,0,0,0,0,0,0,0	ok
-2.692410	-10.366972	-49.734245	0.885168	continued:5	131504586847961235687181874578063117114329409897631406061666638548823646371904376997883815099845702	131504586847961235687181874578063117114329409897809799194990784798139272278599180563437425498868939	-1,0,0,0,0,0,0,0,0,0	6,0,0,0,0,0,0,0,0,0	ok
-2.689575	-10.366972	-50.701963	0.882836	full	131504586847961235687181874578063117114329409897647623619241560935125066908876631867479597863393264	131504586847961235687181874578063117114329409897809799194990784798139272278599180563437425498868939	1,0,0,0,0,0,0,0,0,0	6,0,0,0,0,0,0,0,0,0	ok
-2.686739	-10.366972	-45.481211	0.892947	continued:5	131504586847961235687181874578063117114329409897647623619241560935125066908876631867479597863393264	131504586847961235687181874578063117114329409897809799194990784798139272278599180563437425498868939	1,0,0,0,0,0,0,0,0,0	6,0,0,0,0,0,0,0,0,0	ok
-2.683903	-10.366972	-46.557748	0.890154	continued:5	131504586847961235687181874578063117114329409897647623619241560935125066908876631867479597863393264	131504586847961235687181874578063117114329409897809799194990784798139272278599180563437425498868939	1,0,0,0,0,0,0,0,0,0	6,0,0,0,0,0,0,0,0,0	ok
-2.681068	-10.366972	-47.650460	0.887360	continued:5	131504586847961235687181874578063117114329409897631406061666638548823646371904376997883815099845702	131504586847961235687181874578063117114329409897809799194990784798139272278599180563437425498868939	-1,0,0,0,0,0,0,0,0,0	6,0,0,0,0,0,0,0,0,0	ok
-2.678232	-10.366972	-48.732893	0.884567	continued:5	131504586847961235687181874578063117114329409897631406061666638548823646371904376997883815099845702	131504586847961235687181874578063117114329409897809799194990784798139272278599180563437425498868939	-1,0,0,0,0,0,0,0,0,0	6,0,0,0,0,0,0,0,0,0	ok
-2.675396	-10.366972	-49.773058	0.882983	continued:5	131504586847961235687181874578063117114329409897631406061666638548823646371904376997883815099845702	131504586847961235687181874578063117114329409897809799194990784798139272278599180563437425498868939	-1,0,0,0,0,0,0,0,0,0	6,0,0,0,0,0,0,0,0,0	ok
-2.672560	-10.366972	-50.734834	0.880190	full	131504586847961235687181874578063117114329409897647623619241560935125066908876631867479597863393264	131504586847961235687181874578063117114329409897809799194990784798139272278599180563437425498868939	1,0,0,0,0,0,0,0,0,0	6,0,0,0,0,0,0,0,0,0	ok
-2.669725	-10.366972	-45.538387	0.891411	continued:5	131504586847961235687181874578063117114329409897647623619241560935125066908876631867479597863393264	131504586847961235687181874578063117114329409897809799194990784798139272278599180563437425498868939	1,0,0,0,0,0,0,0,0,0	6,0,0,0,0,0,0,0,0,0	ok
-2.666889	-10.366972	-46.613004	0.888618	continued:5	131504586847961235687181874578063117114329409897647623619241560935125066908876631867479597863393264	131504586847961235687181874578063117114329409897809799194990784798139272278599180563437425498868939	1,0,0,0,0,0,0,0,0,0	6,0,0,0,0,0,0,0,0,0	ok
-2.664053	-10.366972	-47.701319	0.885824	continued:5	131504586847961235687181874578063117114329409897631406061666638548823646371904376997883815099845702	131504586847961235687181874578063117114329409897809799194990784798139272278599180563437425498868939	-1,0,0,0,0,0,0,0,0,0	6,0,0,0,0,0,0,0,0,0	ok
-2.661218	-10.366972	-48.776792	0.883031	continued:5	131504586847961235687181874578063117114329409897631406061666638548823646371904376997883815099845702	131504586847961235687181874578063117114329409897809799194990784798139272278599180563437425498868939	-1,0,0,0,0,0,0,0,0,0	6,0,0,0,0,0,0,0,0,0	ok
-2.658382	-10.366972	-49.808007	0.880365	continued:5	131504586847961235687181874578063117114329409897647623619241560935125066908876631867479597863393264	131504586847961235687181874578063117114329409897809799194990784798139272278599180563437425498868939	1,0,0,0,0,0,0,0,0,0	6,0,0,0,0,0,0,0,0,0	ok
-2.655546	-10.366972	-50.767078	0.877572	full	131504586847961235687181874578063117114329409897647623619241560935125066908876631867479597863393264	131504586847961235687181874578063117114329409897809799194990784798139272278599180563437425498868939	1,0,0,0,0,0,0,0,0,0	6,0,0,0,0,0,0,0,0,0	ok
-2.652711	-10.366972	-45.562442	0.888944	continued:5	131504586847961235687181874578063117114329409897647623619241560935125066908876631867479597863393264	131504586847961235687181874578063117114329409897809799194990784798139272278599180563437425498868939	1,0,0,0,0,0,0,0,0,0	6,0,0,0,0,0,0,0,0,0	ok
-2.649875	-10.366972	-46.644224	0.886151	continued:5	131504586847961235687181874578063117114329409897647623619241560935125066908876631867479597863393264	131504586847961235687181874578063117114329409897809799194990784798139272278599180563437425498868939	1,0,0,0,0,0,0,0,0,0	6,0,0,0,0,0,0,0,0,0	ok
-2.647039	-10.366972	-47.736623	0.883357	continued:5	131504586847961235687181874578063117114329409897631406061666638548823646371904376997883815099845702	131504586847961235687181874578063117114329409897809799194990784798139272278599180563437425498868939	-1,0,0,0,0,0,0,0,0,0	6,0,0,0,0,0,0,0,0,0	ok
-2.644204	-10.366972	-48.813100	0.880564	continued:5	131504586847961235687181874578063117114329409897631406061666638548823646371904376997883815099845702	131504586847961235687181874578063117114329409897809799194990784798139272278599180563437425498868939	-1,0,0,0,0,0,0,0,0,0	6,0,0,0,0,0,0,0,0,0	ok
-2.641368	-10.366972	-49.842602	0.877771	continued:5	131504586847961235687181874578063117114329409897647623619241560935125066908876631867479597863393264	131504586847961235687181874578063117114329409897809799194990784798139272278599180563437425498868939	1,0,0,0,0,0,0,0,0,0	6,0,0,0,0,0,0,0,0,0	ok
-2.638532	-10.366972	-50.798787	0.874977	full	131504586847961235687181874578063117114329409897647623619241560935125066908876631867479597863393264	131504586847961235687181874578063117114329409897809799194990784798139272278599180563437425498868939	1,0,0,0,0,0,0,0,0,0	6,0,0,0,0,0,0,0,0,0	ok
-2.635696	-10.366972	-46.667833	0.884004	continued:5	131504586847961235687181874578063117114329409897647623619241560935125066908876631867479597863393264	131504586847961235687181874578063117114329409897809799194990784798139272278599180563437425498868939	1,0,0,0,0,0,0,0,0,0	6,0,0,0,0,0,0,0,0,0	ok
-2.632861	-10.366972	-47.764413	0.881211	continued:5	131504586847961235687181874578063117114329409897647623619241560935125066908876631867479597863393264	131504586847961235687181874578063117114329409897809799194990784798139272278599180563437425498868939	1,0,0,0,0,0,0,0,0,0	6,0,0,0,0,0,0,0,0,0	ok
-2.630025	-10.366972	-48.842453	0.878418	continued:5	131504586847961235687181874578063117114329409897647623619241560935125066908876631867479597863393264	131504586847961235687181874578063117114329409897809799194990784798139272278599180563437425498868939	1,0,0,0,0,0,0,0,0,0	6,0,0,0,0,0,0,0,0,0	ok
-2.627189	-10.366972	-49.871198	0.875624	continued:5	131504586847961235687181874578063117114329409897647623619241560935125066908876631867479597863393264	131504586847961235687181874578063117114329409897809799194990784798139272278599180563437425498868939	1,0,0,0,0,0,0,0,0,0	6,0,0,0,0,0,0,0,0,0	ok
-2.624354	-10.366972	-50.824858	0.872831	full	131504586847961235687181874578063117114329409897647623619241560935125066908876631867479597863393264	131504586847961235687181874578063117114329409897809799194990784798139272278599180563437425498868939	1,0,0,0,0,0,0,0,0,0	6,0,0,0,0,0,0,0,0,0	ok
-2.621518	-10.366972	-45.498429	0.887198	continued:5	131504586847961235687181874578063117114329409897647623619241560935125066908876631867479597863393264	131504586847961235687181874578063117114329409897809799194990784798139272278599180563437425498868939	1,0,0,0,0,0,0,0,0,0	6,0,0,0,0,0,0,0,0,0	ok
-2.618682	-10.366972	-46.566617	0.884405	continued:5	131504586847961235687181874578063117114329409897647623619241560935125066908876631867479597863393264	131504586847961235687181874578063117114329409897809799194990784798139272278599180563437425498868939	1,0,0,0,0,0,0,0,0,0	6,0,0,0,0,0,0,0,0,0	ok
-2.615847	-10.366972	-47.644876	0.881611	continued:5	131504586847961235687181874578063117114329409897631406061666638548823646371904376997883815099845702	131504586847961235687181874578063117114329409897809799194990784798139272278599180563437425498868939	-1,0,0,0,0,0,0,0,0,0	6,0,0,0,0,0,0,0,0,0	ok
-2.613011	-10.366972	-48.708368	0.878818	continued:5	131504586847961235687181874578063117114329409897631406061666638548823646371904376997883815099845702	131504586847961235687181874578063117114329409897809799194990784798139272278599180563437425498868939	-1,0,0,0,0,0,0,0,0,0	6,0,0,0,0,0,0,0,0,0	ok
-2.610175	-10.366972	-49.727209	0.877569	continued:5	131504586847961235687181874578063117114329409897631406061666638548823646371904376997883815099845702	131504586847961235687181874578063117114329409897809799194990784798139272278599180563437425498868939	-1,0,0,0,0,0,0,0,0,0	6,0,0,0,0,0,0,0,0,0	ok
-2.607339	-10.366972	-50.664957	0.877402	full	131504586847961235687181874578063117114329409897631406061666638548823646371904376997883815099845702	131504586847961235687181874578063117114329409897809799194990784798139272278599180563437425498868939	-1,0,0,0,0,0,0,0,0,0	6,0,0,0,0,0,0,0,0,0	ok
-2.604504	-10.366972	-45.561924	0.885625	continued:5	131504586847961235687181874578063117114329409897647623619241560935125066908876631867479597863393264	131504586847961235687181874578063117114329409897809799194990784798139272278599180563437425498868939	1,0,0,0,0,0,0,0,0,0	6,0,0,0,0,0,0,0,0,0	ok
-2.601668	-10.366972	-46.628186	0.882831	continued:5	131504586847961235687181874578063117114329409897647623619241560935125066908876631867479597863393264	131504586847961235687181874578063117114329409897809799194990784798139272278599180563437425498868939	1,0,0,0,0,0,0,0,0,0	6,0,0,0,0,0,0,0,0,0	ok
-2.598832	-10.366972	-47.702003	0.880038	continued:5	131504586847961235687181874578063117114329409897631406061666638548823646371904376997883815099845702	131504586847961235687181874578063117114329409897809799194990784798139272278599180563437425498868939	-1,0,0,0,0,0,0,0,0,0	6,0,0,0,0,0,0,0,0,0	ok
-2.595997	-10.366972	-48.758411	0.877245	continued:5	131504586847961235687181874578063117114329409897631406061666638548823646371904376997883815099845702	131504586847961235687181874578063117114329409897809799194990784798139272278599180563437425498868939	-1,0,0,0,0,0,0,0,0,0	6,0,0,0,0,0,0,0,0,0	ok
-2.593161	-10.366972	-49.768095	0.875995	continued:5	131504586847961235687181874578063117114329409897631406061666638548823646371904376997883815099845702	131504586847961235687181874578063117114329409897809799194990784798139272278599180563437425498868939	-1,0,0,0,0,0,0,0,0,0	6,0,0,0,0,0,0,0,0,0	ok
-2.590325	-10.366972	-50.695545	0.875828	full	131504586847961235687181874578063117114329409897631406061666638548823646371904376997883815099845702	131504586847961235687181874578063117114329409897809799194990784798139272278599180563437425498868939	-1,0,0,0,0,0,0,0,0,0	6,0,0,0,0,0,0,0,0,0	ok
-2.587490	-10.366972	-45.618216	0.883840	continued:5	131504586847961235687181874578063117114329409897647623619241560935125066908876631867479597863393264	131504586847961235687181874578063117114329409897809799194990784798139272278599180563437425498868939	1,0,0,0,0,0,0,0,0,0	6,0,0,0,0,0,0,0,0,0	ok
-2.584654	-10.366972	-46.684487	0.881047	continued:5	131504586847961235687181874578063117114329409897647623619241560935125066908876631867479597863393264	131504586847961235687181874578063117114329409897809799194990784798139272278599180563437425498868939	1,0,0,0,0,0,0,0,0,0	6,0,0,0,0,0,0,0,0,0	ok
-2.581818	-10.366972	-47.755639	0.878253	continued:5	131504586847961235687181874578063117114329409897631406061666638548823646371904376997883815099845702	131504586847961235687181874578063117114329409897809799194990784798139272278599180563437425498868939	-1,0,0,0,0,0,0,0,0,0	6,0,0,0,0,0,0,0,0,0	ok
-2.578982	-10.366972	-48.806644	0.875460	continued:5	131504586847961235687181874578063117114329409897631406061666638548823646371904376997883815099845702	131504586847961235687181874578063117114329409897809799194990784798139272278599180563437425498868939	-1,0,0,0,0,0,0,0,0,0	6,0,0,0,0,0,0,0,0,0	ok
-2.576147	-10.366972	-49.808728	0.874417	continued:5	131504586847961235687181874578063117114329409897631406061666638548823646371904376997883815099845702	131504586847961235687181874578063117114329409897809799194990784798139272278599180563437425498868939	-1,0,0,0,0,0,0,0,0,0	6,0,0,0,0,0,0,0,0,0	ok
-2.573311	-10.366972	-50.725859	0.874250	full	131504586847961235687181874578063117114329409897631406061666638548823646371904376997883815099845702	131504586847961235687181874578063117114329409897809799194990784798139272278599180563437425498868939	-1,0,0,0,0,0,0,0,0,0	6,0,0,0,0,0,0,0,0,0	ok
-2.570475	-10.366972	-45.686329	0.882344	continued:5	131504586847961235687181874578063117114329409897647623619241560935125066908876631867479597863393264	131504586847961235687181874578063117114329409897809799194990784798139272278599180563437425498868939	1,0,0,0,0,0,0,0,0,0	6,0,0,0,0,0,0,0,0,0	ok
-2.567640	-10.366972	-46.749445	0.879550	continued:5	131504586847961235687181874578063117114329409897647623619241560935125066908876631867479597863393264	131504586847961235687181874578063117114329409897809799194990784798139272278599180563437425498868939	1,0,0,0,0,0,0,0,0,0	6,0,0,0,0,0,0,0,0,0	ok
-2.564804	-10.366972	-47.814954	0.876757	continued:5	131504586847961235687181874578063117114329409897631406061666638548823646371904376997883815099845702	131504586847961235687181874578063117114329409897809799194990784798139272278599180563437425498868939	-1,0,0,0,0,0,0,0,0,0	6,0,0,0,0,0,0,0,0,0	ok
-2.561968	-10.366972	-48.857784	0.873964	continued:5	131504586847961235687181874578063117114329409897631406061666638548823646371904376997883815099845702	131504586847961235687181874578063117114329409897809799194990784798139272278599180563437425498868939	-1,0,0,0,0,0,0,0,0,0	6,0,0,0,0,0,0,0,0,0	ok
-2.559133	-10.366972	-49.849802	0.872921	continued:5	131504586847961235687181874578063117114329409897631406061666638548823646371904376997883815099845702	131504586847961235687181874578063117114329409897809799194990784798139272278599180563437425498868939	-1,0,0,0,0,0,0,0,0,0	6,0,0,0,0,0,0,0,0,0	ok
-2.556297	-10.366972	-50.755939	0.872547	full	131504586847961235687181874578063117114329409897631406061666638548823646371904376997883815099845702	131504586847961235687181874578063117114329409897809799194990784798139272278599180563437425498868939	-1,0,0,0,0,0,0,0,0,0	6,0,0,0,0,0,0,0,0,0	ok
-2.553461	-10.366972	-45.748980	0.880714	continued:5	131504586847961235687181874578063117114329409897647623619241560935125066908876631867479597863393264	131504586847961235687181874578063117114329409897809799194990784798139272278599180563437425498868939	1,0,0,0,0,0,0,0,0,0	6,0,0,0,0,0,0,0,0,0	ok
-2.550626	-10.366972	-46.810094	0.877921	continued:5	131504586847961235687181874578063117114329409897647623619241560935125066908876631867479597863393264	131504586847961235687181874578063117114329409897809799194990784798139272278599180563437425498868939	1,0,0,0,0,0,0,0,0,0	6,0,0,0,0,0,0,0,0,0	ok
-2.547790	-10.366972	-47.871033	0.875127	continued:5	131504586847961235687181874578063117114329409897631406061666638548823646371904376997883815099845702	131504586847961235687181874578063117114329409897809799194990784798139272278599180563437425498868939	-1,0,0,0,0,0,0,0,0,0	6,0,0,0,0,0,0,0,0,0	ok
-2.544954	-10.366972	-48.906742	0.872334	continued:5	131504586847961235687181874578063117114329409897631406061666638548823646371904376997883815099845702	131504586847961235687181874578063117114329409897809799194990784798139272278599180563437425498868939	-1,0,0,0,0,0,0,0,0,0	6,0,0,0,0,0,0,0,0,0	ok
-2.542118	-10.366972	-49.889719	0.871291	continued:5	131504586847961235687181874578063117114329409897631406061666638548823646371904376997883815099845702	131504586847961235687181874578063117114329409897809799194990784798139272278599180563437425498868939	-1,0,0,0,0,0,0,0,0,0	6,0,0,0,0,0,0,0,0,0	ok
-2.539283	-10.366972	-50.785815	0.870042	full	131504586847961235687181874578063117114329409897631406061666638548823646371904376997883815099845702	131504586847961235687181874578063117114329409897809799194990784798139272278599180563437425498868939	-1,0,0,0,0,0,0,0,0,0	6,0,0,0,0,0,0,0,0,0	ok
-2.536447	-10.366972	-45.810827	0.879011	continued:5	131504586847961235687181874578063117114329409897647623619241560935125066908876631867479597863393264	131504586847961235687181874578063117114329409897809799194990784798139272278599180563437425498868939	1,0,0,0,0,0,0,0,0,0	6,0,0,0,0,0,0,0,0,0	ok
-2.533611	-10.366972	-46.870445	0.876217	continued:5	131504586847961235687181874578063117114329409897647623619241560935125066908876631867479597863393264	131504586847961235687181874578063117114329409897809799194990784798139272278599180563437425498868939	1,0,0,0,0,0,0,0,0,0	6,0,0,0,0,0,0,0,0,0	ok
-2.530776	-10.366972	-47.927248	0.873424	continued:5	131504586847961235687181874578063117114329409897631406061666638548823646371904376997883815099845702	131504586847961235687181874578063117114329409897809799194990784798139272278599180563437425498868939	-1,0,0,0,0,0,0,0,0,0	6,0,0,0,0,0,0,0,0,0	ok
-2.527940	-10.366972	-48.956233	0.870631	continued:5	131504586847961235687181874578063117114329409897631406061666638548823646371904376997883815099845702	131504586847961235687181874578063117114329409897809799194990784798139272278599180563437425498868939	-1,0,0,0,0,0,0,0,0,0	6,0,0,0,0,0,0,0,0,0	ok
-2.525104	-10.366972	-49.930535	0.869795	continued:5	131504586847961235687181874578063117114329409897631406061666638548823646371904376997883815099845702	131504586847961235687181874578063117114329409897809799194990784798139272278599180563437425498868939	-1,0,0,0,0,0,0,0,0,0	6,0,0,0,0,0,0,0,0,0	ok
-2.522269	-10.366972	-50.815518	0.867542	full	131504586847961235687181874578063117114329409897647623619241560935125066908876631867479597863393264	131504586847961235687181874578063117114329409897809799194990784798139272278599180563437425498868939	1,0,0,0,0,0,0,0,0,0	6,0,0,0,0,0,0,0,0,0	ok
-2.519433	-10.366972	-45.871505	0.877342	continued:5	131504586847961235687181874578063117114329409897647623619241560935125066908876631867479597863393264	131504586847961235687181874578063117114329409897809799194990784798139272278599180563437425498868939	1,0,0,0,0,0,0,0,0,0	6,0,0,0,0,0,0,0,0,0	ok
-2.516597	-10.366972	-46.929096	0.874549	continued:5	131504586847961235687181874578063117114329409897647623619241560935125066908876631867479597863393264	131504586847961235687181874578063117114329409897809799194990784798139272278599180563437425498868939	1,0,0,0,0,0,0,0,0,0	6,0,0,0,0,0,0,0,0,0	ok
-2.513761	-10.366972	-47.981311	0.871756	continued:5	131504586847961235687181874578063117114329409897631406061666638548823646371904376997883815099845702	131504586847961235687181874578063117114329409897809799194990784798139272278599180563437425498868939	-1,0,0,0,0,0,0,0,0,0	6,0,0,0,0,0,0,0,0,0	ok
-2.510926	-10.366972	-49.003250	0.869090	continued:5	131504586847961235687181874578063117114329409897631406061666638548823646371904376997883815099845702	131504586847961235687181874578063117114329409897809799194990784798139272278599180563437425498868939	-1,0,0,0,0,0,0,0,0,0	6,0,0,0,0,0,0,0,0,0	ok
-2.508090	-10.366972	-49.967782	0.867841	continued:5	131504586847961235687181874578063117114329409897631406061666638548823646371904376997883815099845702	131504586847961235687181874578063117114329409897809799194990784798139272278599180563437425498868939	-1,0,0,0,0,0,0,0,0,0	6,0,0,0,0,0,0,0,0,0	ok
-2.505254	-10.366972	-50.845072	0.865047	full	131504586847961235687181874578063117114329409897647623619241560935125066908876631867479597863393264	131504586847961235687181874578063117114329409897809799194990784798139272278599180563437425498868939	1,0,0,0,0,0,0,0,0,0	6,0,0,0,0,0,0,0,0,0	ok
-2.502419	-10.366972	-45.922763	0.875519	continued:5	131504586847961235687181874578063117114329409897647623619241560935125066908876631867479597863393264	131504586847961235687181874578063117114329409897809799194990784798139272278599180563437425498868939	1,0,0,0,0,0,0,0,0,0	6,0,0,0,0,0,0,0,0,0	ok
-2.499583	-10.366972	-46.979793	0.872726	continued:5	131504586847961235687181874578063117114329409897647623619241560935125066908876631867479597863393264	131504586847961235687181874578063117114329409897809799194990784798139272278599180563437425498868939	1,0,0,0,0,0,0,0,0,0	6,0,0,0,0,0,0,0,0,0	ok
-2.496747	-10.366972	-48.028854	0.869933	continued:5	131504586847961235687181874578063117114329409897631406061666638548823646371904376997883815099845702	131504586847961235687181874578063117114329409897809799194990784798139272278599180563437425498868939	-1,0,0,0,0,0,0,0,0,0	6,0,0,0,0,0,0,0,0,0	ok
-2.493912	-10.366972	-49.045209	0.867474	continued:5	131504586847961235687181874578063117114329409897631406061666638548823646371904376997883815099845702	131504586847961235687181874578063117114329409897809799194990784798139272278599180563437425498868939	-1,0,0,0,0,0,0,0,0,0	6,0,0,0,0,0,0,0,0,0	ok
-2.491076	-10.366972	-50.000854	0.865349	continued:5	131504586847961235687181874578063117114329409897631406061666638548823646371904376997883815099845702	131504586847961235687181874578063117114329409897809799194990784798139272278599180563437425498868939	-1,0,0,0,0,0,0,0,0,0	6,0,0,0,0,0,0,0,0,0	ok
-2.488240	-10.366972	-50.874498	0.862556	full	131504586847961235687181874578063117114329409897647623619241560935125066908876631867479597863393264	16217557574922386301420605314456923507151114706974	1,0,0,0,0,0,0,0,0,0	6,0,0,0,0,0,0,0,0	ok
-2.485405	-10.366972	-45.978570	0.873906	continued:5	131504586847961235687181874578063117114329409897647623619241560935125066908876631867479597863393264	131504586847961235687181874578063117114329409897809799194990784798139272278599180563437425498868939	1,0,0,0,0,0,0,0,0,0	6,0,0,0,0,0,0,0,0,0	ok
-2.482569	-10.366972	-47.032760	0.871112	continued:5	131504586847961235687181874578063117114329409897631406061666638548823646371904376997883815099845702	16217557574922386301420605314456923507151114706974	-1,0,0,0,0,0,0,0,0,0	6,0,0,0,0,0,0,0,0	ok
-2.479733	-10.366972	-48.076603	0.868319	continued:5	131504586847961235687181874578063117114329409897631406061666638548823646371904376997883815099845702	16217557574922386301420605314456923507151114706974	-1,0,0,0,0,0,0,0,0,0	6,0,0,0,0,0,0,0,0	ok
-2.476897	-10.366972	-49.085579	0.865654	continued:5	131504586847961235687181874578063117114329409897631406061666638548823646371904376997883815099845702	5695183504533113570610048	-1,0,0,0,0,0,0,0,0,0	6,0,0,0,0,0,0,0	ok
-2.474062	-10.366972	-50.033870	0.862860	continued:5	131504586847961235687181874578063117114329409897647623619241560935125066908876631867479597863393264	5695183504533113570610048	1,0,0,0,0,0,0,0,0,0	6,0,0,0,0,0,0,0	ok
-2.471226	-10.366972	-50.903816	0.860067	full	131504586847961235687181874578063117114329409897647623619241560935125066908876631867479597863393264	16217557574922386301420605314456923507151114706974	1,0,0,0,0,0,0,0,0,0	6,0,0,0,0,0,0,0,0	ok
-2.468390	-10.366972	-46.007953	0.871546	continued:5	131504586847961235687181874578063117114329409897647623619241560935125066908876631867479597863393264	16217557574922386301420605314456923507151114706974	1,0,0,0,0,0,0,0,0,0	6,0,0,0,0,0,0,0,0	ok
-2.465555	-10.366972	-47.066876	0.868753	continued:5	131504586847961235687181874578063117114329409897647623619241560935125066908876631867479597863393264	5695183504533113570610048	1,0,0,0,0,0,0,0,0,0	6,0,0,0,0,0,0,0	ok
-2.462719	-10.366972	-48.112551	0.865960	continued:5	131504586847961235687181874578063117114329409897631406061666638548823646371904376997883815099845702	5695183504533113570610048	-1,0,0,0,0,0,0,0,0,0	6,0,0,0,0,0,0,0	ok
-2.459883	-10.366972	-49.120664	0.863166	continued:5	131504586847961235687181874578063117114329409897631406061666638548823646371904376997883815099845702	5695183504533113570610048	-1,0,0,0,0,0,0,0,0,0	6,0,0,0,0,0,0,0	ok
-2.457048	-10.366972	-50.066844	0.860373	continued:5	131504586847961235687181874578063117114329409897647623619241560935125066908876631867479597863393264	16217557574922386301420605314456923507151114706974	1,0,0,0,0,0,0,0,0,0	6,0,0,0,0,0,0,0,0	ok
-2.454212	-10.366972	-50.933041	0.857580	full	131504586847961235687181874578063117114329409897647623619241560935125066908876631867479597863393264	2625474	1,0,0,0,0,0,0,0,0,0	6,0,0,0,0,0	ok
-2.451376	-10.366972	-45.878204	0.871162	continued:5	131504586847961235687181874578063117114329409897647623619241560935125066908876631867479597863393264	3374992955689	1,0,0,0,0,0,0,0,0,0	6,0,0,0,0,0,0	ok
-2.448540	-10.366972	-46.927084	0.868369	continued:5	131504586847961235687181874578063117114329409897647623619241560935125066908876631867479597863393264	3374992955689	1,0,0,0,0,0,0,0,0,0	6,0,0,0,0,0,0	ok
-2.445705	-10.366972	-47.964978	0.865575	continued:5	131504586847961235687181874578063117114329409897631406061666638548823646371904376997883815099845702	5695183504533113570610048	-1,0,0,0,0,0,0,0,0,0	6,0,0,0,0,0,0,0	ok
-2.442869	-10.366972	-48.968836	0.862782	continued:5	131504586847961235687181874578063117114329409897631406061666638548823646371904376997883815099845702	2625474	-1,0,0,0,0,0,0,0,0,0	6,0,0,0,0,0	ok
-2.440033	-10.366972	-49.914478	0.861533	continued:5	131504586847961235687181874578063117114329409897631406061666638548823646371904376997883815099845702	2625474	-1,0,0,0,0,0,0,0,0,0	6,0,0,0,0,0	ok
-2.437198	-10.366972	-50.772609	0.861366	full	131504586847961235687181874578063117114329409897631406061666638548823646371904376997883815099845702	5695183504533113570610048	-1,0,0,0,0,0,0,0,0,0	6,0,0,0,0,0,0,0	ok
-2.434362	-10.366972	-45.942794	0.869521	continued:5	131504586847961235687181874578063117114329409897647623619241560935125066908876631867479597863393264	2625474	1,0,0,0,0,0,0,0,0,0	6,0,0,0,0,0	ok
-2.431526	-10.366972	-46.988769	0.866727	continued:5	131504586847961235687181874578063117114329409897631406061666638548823646371904376997883815099845702	5695183504533113570610048	-1,0,0,0,0,0,0,0,0,0	6,0,0,0,0,0,0,0	ok
-2.428691	-10.366972	-48.021303	0.863934	continued:5	131504586847961235687181874578063117114329409897631406061666638548823646371904376997883815099845702	5695183504533113570610048	-1,0,0,0,0,0,0,0,0,0	6,0,0,0,0,0,0,0	ok
-2.425855	-10.366972	-49.017494	0.861141	continued:5	131504586847961235687181874578063117114329409897631406061666638548823646371904376997883815099845702	5695183504533113570610048	-1,0,0,0,0,0,0,0,0,0	6,0,0,0,0,0,0,0	ok
-2.423019	-10.366972	-49.953837	0.859891	continued:5	131504586847961235687181874578063117114329409897631406061666638548823646371904376997883815099845702	3374992955689	-1,0,0,0,0,0,0,0,0,0	6,0,0,0,0,0,0	ok
-2.420183	-10.366972	-50.801920	0.859724	full	131504586847961235687181874578063117114329409897631406061666638548823646371904376997883815099845702	2625474	-1,0,0,0,0,0,0,0,0,0	6,0,0,0,0,0	ok
-2.417348	-10.366972	-46.005085	0.867744	continued:5	131504586847961235687181874578063117114329409897647623619241560935125066908876631867479597863393264	3374992955689	1,0,0,0,0,0,0,0,0,0	6,0,0,0,0,0,0	ok
-2.414512	-10.366972	-47.049297	0.864951	continued:5	131504586847961235687181874578063117114329409897631406061666638548823646371904376997883815099845702	2625474	-1,0,0,0,0,0,0,0,0,0	6,0,0,0,0,0	ok
-2.411676	-10.366972	-48.077484	0.862157	continued:5	131504586847961235687181874578063117114329409897631406061666638548823646371904376997883815099845702	2625474	-1,0,0,0,0,0,0,0,0,0	6,0,0,0,0,0	ok
-2.408841	-10.366972	-49.066919	0.859364	continued:5	131504586847961235687181874578063117114329409897631406061666638548823646371904376997883815099845702	2625474	-1,0,0,0,0,0,0,0,0,0	6,0,0,0,0,0	ok
-2.406005	-10.366972	-49.994770	0.858449	continued:5	131504586847961235687181874578063117114329409897631406061666638548823646371904376997883815099845702	2625474	-1,0,0,0,0,0,0,0,0,0	6,0,0,0,0,0	ok
-2.403169	-10.366972	-50.831194	0.858075	full	131504586847961235687181874578063117114329409897631406061666638548823646371904376997883815099845702	2625474	-1,0,0,0,0,0,0,0,0,0	6,0,0,0,0,0	ok
-2.400334	-10.366972	-46.067282	0.865965	continued:5	131504586847961235687181874578063117114329409897647623619241560935125066908876631867479597863393264	2625474	1,0,0,0,0,0,0,0,0,0	6,0,0,0,0,0	ok
-2.397498	-10.366972	-47.109535	0.863171	continued:5	131504586847961235687181874578063117114329409897631406061666638548823646371904376997883815099845702	2625474	-1,0,0,0,0,0,0,0,0,0	6,0,0,0,0,0	ok
-2.394662	-10.366972	-48.133198	0.860378	continued:5	131504586847961235687181874578063117114329409897631406061666638548823646371904376997883815099845702	2625474	-1,0,0,0,0,0,0,0,0,0	6,0,0,0,0,0	ok
-2.391827	-10.366972	-49.115756	0.857712	continued:5	131504586847961235687181874578063117114329409897631406061666638548823646371904376997883815099845702	2625474	-1,0,0,0,0,0,0,0,0,0	6,0,0,0,0,0	ok
-2.388991	-10.366972	-50.034131	0.856798	continued:5	131504586847961235687181874578063117114329409897631406061666638548823646371904376997883815099845702	2625474	-1,0,0,0,0,0,0,0,0,0	6,0,0,0,0,0	ok
-2.386155	-10.366972	-50.860440	0.856424	full	131504586847961235687181874578063117114329409897631406061666638548823646371904376997883815099845702	2625474	-1,0,0,0,0,0,0,0,0,0	6,0,0,0,0,0	ok
-2.383319	-10.366972	-46.130570	0.864226	continued:5	131504586847961235687181874578063117114329409897647623619241560935125066908876631867479597863393264	2625474	1,0,0,0,0,0,0,0,0,0	6,0,0,0,0,0	ok
-2.380484	-10.366972	-47.170228	0.861433	continued:5	131504586847961235687181874578063117114329409897631406061666638548823646371904376997883815099845702	2625474	-1,0,0,0,0,0,0,0,0,0	6,0,0,0,0,0	ok
-2.377648	-10.366972	-48.188789	0.858639	continued:5	131504586847961235687181874578063117114329409897631406061666638548823646371904376997883815099845702	2625474	-1,0,0,0,0,0,0,0,0,0	6,0,0,0,0,0	ok
-2.374812	-10.366972	-49.163994	0.855974	continued:5	131504586847961235687181874578063117114329409897631406061666638548823646371904376997883815099845702	2625474	-1,0,0,0,0,0,0,0,0,0	6,0,0,0,0,0	ok
-2.371977	-10.366972	-50.073478	0.855138	continued:5	131504586847961235687181874578063117114329409897631406061666638548823646371904376997883815099845702	2625474	-1,0,0,0,0,0,0,0,0,0	6,0,0,0,0,0	ok
-2.369141	-10.366972	-50.889668	0.854764	full	131504586847961235687181874578063117114329409897631406061666638548823646371904376997883815099845702	2625474	-1,0,0,0,0,0,0,0,0,0	6,0,0,0,0,0	ok
-2.366305	-10.366972	-46.194569	0.862517	continued:5	131504586847961235687181874578063117114329409897647623619241560935125066908876631867479597863393264	2625474	1,0,0,0,0,0,0,0,0,0	6,0,0,0,0,0	ok
-2.363470	-10.366972	-47.231102	0.859724	continued:5	131504586847961235687181874578063117114329409897631406061666638548823646371904376997883815099845702	2625474	-1,0,0,0,0,0,0,0,0,0	6,0,0,0,0,0	ok
-2.360634	-10.366972	-48.244089	0.856930	continued:5	131504586847961235687181874578063117114329409897631406061666638548823646371904376997883815099845702	2625474	-1,0,0,0,0,0,0,0,0,0	6,0,0,0,0,0	ok
-2.357798	-10.366972	-49.211565	0.854265	continued:5	131504586847961235687181874578063117114329409897631406061666638548823646371904376997883815099845702	2625474	-1,0,0,0,0,0,0,0,0,0	6,0,0,0,0,0	ok
-2.354962	-10.366972	-50.111891	0.853350	continued:5	131504586847961235687181874578063117114329409897631406061666638548823646371904376997883815099845702	2625474	-1,0,0,0,0,0,0,0,0,0	6,0,0,0,0,0	ok
-2.352127	-10.366972	-50.918886	0.852514	full	131504586847961235687181874578063117114329409897631406061666638548823646371904376997883815099845702	2625474	-1,0,0,0,0,0,0,0,0,0	6,0,0,0,0,0	ok
-2.349291	-10.366972	-46.257438	0.860692	continued:5	131504586847961235687181874578063117114329409897647623619241560935125066908876631867479597863393264	2625474	1,0,0,0,0,0,0,0,0,0	6,0,0,0,0,0	ok
-2.346455	-10.366972	-47.291759	0.857898	continued:5	131504586847961235687181874578063117114329409897631406061666638548823646371904376997883815099845702	2625474	-1,0,0,0,0,0,0,0,0,0	6,0,0,0,0,0	ok
-2.343620	-10.366972	-48.299970	0.855105	continued:5	131504586847961235687181874578063117114329409897631406061666638548823646371904376997883815099845702	2625474	-1,0,0,0,0,0,0,0,0,0	6,0,0,0,0,0	ok
-2.340784	-10.366972	-49.260421	0.852646	continued:5	131504586847961235687181874578063117114329409897631406061666638548823646371904376997883815099845702	2625474	-1,0,0,0,0,0,0,0,0,0	6,0,0,0,0,0	ok
-2.337948	-10.366972	-50.150694	0.851603	continued:5	131504586847961235687181874578063117114329409897631406061666638548823646371904376997883815099845702	2625474	-1,0,0,0,0,0,0,0,0,0	6,0,0,0,0,0	ok
-2.335113	-10.366972	-50.948100	0.850020	full	131504586847961235687181874578063117114329409897631406061666638548823646371904376997883815099845702	2625474	-1,0,0,0,0,0,0,0,0,0	6,0,0,0,0,0	ok
-2.332277	-10.366972	-46.323413	0.858943	continued:5	131504586847961235687181874578063117114329409897647623619241560935125066908876631867479597863393264	2625474	1,0,0,0,0,0,0,0,0,0	6,0,0,0,0,0	ok
-2.329441	-10.366972	-47.354461	0.856149	continued:5	131504586847961235687181874578063117114329409897631406061666638548823646371904376997883815099845702	2625474	-1,0,0,0,0,0,0,0,0,0	6,0,0,0,0,0	ok
-2.326606	-10.366972	-48.356922	0.853356	continued:5	131504586847961235687181874578063117114329409897631406061666638548823646371904376997883815099845702	2625474	-1,0,0,0,0,0,0,0,0,0	6,0,0,0,0,0	ok
-2.323770	-10.366972	-49.309503	0.850897	continued:5	131504586847961235687181874578063117114329409897631406061666638548823646371904376997883815099845702	2625474	-1,0,0,0,0,0,0,0,0,0	6,0,0,0,0,0	ok
-2.320934	-10.366972	-50.190543	0.849982	continued:5	131504586847961235687181874578063117114329409897631406061666638548823646371904376997883815099845702	2625474	-1,0,0,0,0,0,0,0,0,0	6,0,0,0,0,0	ok
-2.318098	-10.366972	-50.977317	0.847523	full	131504586847961235687181874578063117114329409897631406061666638548823646371904376997883815099845702	2625474	-1,0,0,0,0,0,0,0,0,0	6,0,0,0,0,0	ok
-2.315263	-10.366972	-46.386325	0.857239	continued:5	131504586847961235687181874578063117114329409897647623619241560935125066908876631867479597863393264	2625474	1,0,0,0,0,0,0,0,0,0	6,0,0,0,0,0	ok
-2.312427	-10.366972	-47.413576	0.854446	continued:5	131504586847961235687181874578063117114329409897631406061666638548823646371904376997883815099845702	2625474	-1,0,0,0,0,0,0,0,0,0	6,0,0,0,0,0	ok
-2.309591	-10.366972	-48.409910	0.851652	continued:5	131504586847961235687181874578063117114329409897631406061666638548823646371904376997883815099845702	2625474	-1,0,0,0,0,0,0,0,0,0	6,0,0,0,0,0	ok
-2.306756	-10.366972	-49.354429	0.849193	continued:5	131504586847961235687181874578063117114329409897631406061666638548823646371904376997883815099845702	2625474	-1,0,0,0,0,0,0,0,0,0	6,0,0,0,0,0	ok
-2.303920	-10.366972	-50.226225	0.847816	continued:5	131504586847961235687181874578063117114329409897631406061666638548823646371904376997883815099845702	2625474	-1,0,0,0,0,0,0,0,0,0	6,0,0,0,0,0	ok
-2.301084	-10.366972	-51.006544	0.845023	full	131504586847961235687181874578063117114329409897647623619241560935125066908876631867479597863393264	2625474	1,0,0,0,0,0,0,0,0,0	6,0,0,0,0,0	ok
-2.298249	-10.366972	-46.444444	0.855483	continued:5	131504586847961235687181874578063117114329409897647623619241560935125066908876631867479597863393264	2625474	1,0,0,0,0,0,0,0,0,0	6,0,0,0,0,0	ok
-2.295413	-10.366972	-47.468385	0.852690	continued:5	131504586847961235687181874578063117114329409897631406061666638548823646371904376997883815099845702	2625474	-1,0,0,0,0,0,0,0,0,0	6,0,0,0,0,0	ok
-2.292577	-10.366972	-48.459115	0.849897	continued:5	131504586847961235687181874578063117114329409897631406061666638548823646371904376997883815099845702	2625474	-1,0,0,0,0,0,0,0,0,0	6,0,0,0,0,0	ok
-2.289741	-10.366972	-49.396156	0.847438	continued:5	131504586847961235687181874578063117114329409897631406061666638548823646371904376997883815099845702	2625474	-1,0,0,0,0,0,0,0,0,0	6,0,0,0,0,0	ok
-2.286906	-10.366972	-50.259332	0.845313	continued:5	131504586847961235687181874578063117114329409897631406061666638548823646371904376997883815099845702	2625474	-1,0,0,0,0,0,0,0,0,0	6,0,0,0,0,0	ok
-2.284070	-10.366972	-51.035785	0.842520	full	131504586847961235687181874578063117114329409897647623619241560935125066908876631867479597863393264	2625474	1,0,0,0,0,0,0,0,0,0	6,0,0,0,0,0	ok
-2.281234	-10.366972	-46.500080	0.853645	continued:5	131504586847961235687181874578063117114329409897647623619241560935125066908876631867479597863393264	2625474	1,0,0,0,0,0,0,0,0,0	6,0,0,0,0,0	ok
-2.278399	-10.366972	-47.521395	0.850852	continued:5	131504586847961235687181874578063117114329409897631406061666638548823646371904376997883815099845702	2625474	-1,0,0,0,0,0,0,0,0,0	6,0,0,0,0,0	ok
-2.275563	-10.366972	-48.507161	0.848058	continued:5	131504586847961235687181874578063117114329409897631406061666638548823646371904376997883815099845702	2625474	-1,0,0,0,0,0,0,0,0,0	6,0,0,0,0,0	ok
-2.272727	-10.366972	-49.437339	0.845599	continued:5	131504586847961235687181874578063117114329409897631406061666638548823646371904376997883815099845702	2625474	-1,0,0,0,0,0,0,0,0,0	6,0,0,0,0,0	ok
-2.269892	-10.366972	-50.292471	0.842806	continued:5	131504586847961235687181874578063117114329409897631406061666638548823646371904376997883815099845702	2625474	-1,0,0,0,0,0,0,0,0,0	6,0,0,0,0,0	ok
-2.267056	-10.366972	-51.065045	0.840013	full	131504586847961235687181874578063117114329409897647623619241560935125066908876631867479597863393264	2625474	1,0,0,0,0,0,0,0,0,0	6,0,0,0,0,0	ok
-2.264220	-10.366972	-46.325109	0.852611	continued:5	131504586847961235687181874578063117114329409897647623619241560935125066908876631867479597863393264	2625474	1,0,0,0,0,0,0,0,0,0	6,0,0,0,0,0	ok
-2.261384	-10.366972	-47.347253	0.849818	continued:5	131504586847961235687181874578063117114329409897631406061666638548823646371904376997883815099845702	2625474	-1,0,0,0,0,0,0,0,0,0	6,0,0,0,0,0	ok
-2.258549	-10.366972	-48.336019	0.847024	continued:5	131504586847961235687181874578063117114329409897631406061666638548823646371904376997883815099845702	2625474	-1,0,0,0,0,0,0,0,0,0	6,0,0,0,0,0	ok
-2.255713	-10.366972	-49.271969	0.844359	continued:5	131504586847961235687181874578063117114329409897631406061666638548823646371904376997883815099845702	2625474	-1,0,0,0,0,0,0,0,0,0	6,0,0,0,0,0	ok
-2.252877	-10.366972	-50.136729	0.843316	continued:5	131504586847961235687181874578063117114329409897631406061666638548823646371904376997883815099845702	2625474	-1,0,0,0,0,0,0,0,0,0	6,0,0,0,0,0	ok
-2.250042	-10.366972	-50.907964	0.842942	full	131504586847961235687181874578063117114329409897631406061666638548823646371904376997883815099845702	2625474	-1,0,0,0,0,0,0,0,0,0	6,0,0,0,0,0	ok
-2.247206	-10.366972	-46.388568	0.850769	continued:5	131504586847961235687181874578063117114329409897647623619241560935125066908876631867479597863393264	2625474	1,0,0,0,0,0,0,0,0,0	6,0,0,0,0,0	ok
-2.244370	-10.366972	-47.407911	0.847976	continued:5	131504586847961235687181874578063117114329409897631406061666638548823646371904376997883815099845702	2625474	-1,0,0,0,0,0,0,0,0,0	6,0,0,0,0,0	ok
-2.241535	-10.366972	-48.391462	0.845182	continued:5	131504586847961235687181874578063117114329409897631406061666638548823646371904376997883815099845702	2625474	-1,0,0,0,0,0,0,0,0,0	6,0,0,0,0,0	ok
-2.238699	-10.366972	-49.320164	0.842517	continued:5	131504586847961235687181874578063117114329409897631406061666638548823646371904376997883815099845702	2625474	-1,0,0,0,0,0,0,0,0,0	6,0,0,0,0,0	ok
-2.235863	-10.366972	-50.176368	0.841602	continued:5	131504586847961235687181874578063117114329409897631406061666638548823646371904376997883815099845702	2625474	-1,0,0,0,0,0,0,0,0,0	6,0,0,0,0,0	ok
-2.233028	-10.366972	-50.937639	0.841228	full	131504586847961235687181874578063117114329409897631406061666638548823646371904376997883815099845702	2625474	-1,0,0,0,0,0,0,0,0,0	6,0,0,0,0,0	ok
-2.230192	-10.366972	-46.457503	0.849044	continued:5	131504586847961235687181874578063117114329409897647623619241560935125066908876631867479597863393264	2625474	1,0,0,0,0,0,0,0,0,0	6,0,0,0,0,0	ok
-2.227356	-10.366972	-47.472451	0.846251	continued:5	131504586847961235687181874578063117114329409897631406061666638548823646371904376997883815099845702	2625474	-1,0,0,0,0,0,0,0,0,0	6,0,0,0,0,0	ok
-2.224520	-10.366972	-48.449325	0.843458	continued:5	131504586847961235687181874578063117114329409897631406061666638548823646371904376997883815099845702	2625474	-1,0,0,0,0,0,0,0,0,0	6,0,0,0,0,0	ok
-2.221685	-10.366972	-49.369486	0.840792	continued:5	131504586847961235687181874578063117114329409897631406061666638548823646371904376997883815099845702	2625474	-1,0,0,0,0,0,0,0,0,0	6,0,0,0,0,0	ok
-2.218849	-10.366972	-50.216042	0.839877	continued:5	131504586847961235687181874578063117114329409897631406061666638548823646371904376997883815099845702	2625474	-1,0,0,0,0,0,0,0,0,0	6,0,0,0,0,0	ok
-2.216013	-10.366972	-50.967357	0.839503	full	131504586847961235687181874578063117114329409897631406061666638548823646371904376997883815099845702	2625474	-1,0,0,0,0,0,0,0,0,0	6,0,0,0,0,0	ok
-2.213178	-10.366972	-46.521472	0.847114	continued:5	131504586847961235687181874578063117114329409897647623619241560935125066908876631867479597863393264	2625474	1,0,0,0,0,0,0,0,0,0	6,0,0,0,0,0	ok
-2.210342	-10.366972	-47.533959	0.844321	continued:5	131504586847961235687181874578063117114329409897631406061666638548823646371904376997883815099845702	2625474	-1,0,0,0,0,0,0,0,0,0	6,0,0,0,0,0	ok
-2.207506	-10.366972	-48.505898	0.841528	continued:5	131504586847961235687181874578063117114329409897631406061666638548823646371904376997883815099845702	2625474	-1,0,0,0,0,0,0,0,0,0	6,0,0,0,0,0	ok
-2.204671	-10.366972	-49.419082	0.839069	continued:5	131504586847961235687181874578063117114329409897631406061666638548823646371904376997883815099845702	2625474	-1,0,0,0,0,0,0,0,0,0	6,0,0,0,0,0	ok
-2.201835	-10.366972	-50.255846	0.838154	continued:5	131504586847961235687181874578063117114329409897631406061666638548823646371904376997883815099845702	2625474	-1,0,0,0,0,0,0,0,0,0	6,0,0,0,0,0	ok
-2.198999	-10.366972	-50.997121	0.837780	full	131504586847961235687181874578063117114329409897631406061666638548823646371904376997883815099845702	2625474	-1,0,0,0,0,0,0,0,0,0	6,0,0,0,0,0	ok
-2.196163	-10.366972	-46.588853	0.845302	continued:5	131504586847961235687181874578063117114329409897647623619241560935125066908876631867479597863393264	2625474	1,0,0,0,0,0,0,0,0,0	6,0,0,0,0,0	ok
-2.193328	-10.366972	-47.597375	0.842508	continued:5	131504586847961235687181874578063117114329409897631406061666638548823646371904376997883815099845702	2625474	-1,0,0,0,0,0,0,0,0,0	6,0,0,0,0,0	ok
-2.190492	-10.366972	-48.563041	0.839715	continued:5	131504586847961235687181874578063117114329409897631406061666638548823646371904376997883815099845702	2625474	-1,0,0,0,0,0,0,0,0,0	6,0,0,0,0,0	ok
-2.187656	-10.366972	-49.468115	0.837256	continued:5	131504586847961235687181874578063117114329409897631406061666638548823646371904376997883815099845702	2625474	-1,0,0,0,0,0,0,0,0,0	6,0,0,0,0,0	ok
-2.184821	-10.366972	-50.295694	0.836420	continued:5	131504586847961235687181874578063117114329409897631406061666638548823646371904376997883815099845702	2625474	-1,0,0,0,0,0,0,0,0,0	6,0,0,0,0,0	ok
-2.181985	-10.366972	-51.026932	0.836046	full	131504586847961235687181874578063117114329409897631406061666638548823646371904376997883815099845702	2625474	-1,0,0,0,0,0,0,0,0,0	6,0,0,0,0,0	ok
-2.179149	-10.366972	-46.656413	0.843436	continued:5	131504586847961235687181874578063117114329409897647623619241560935125066908876631867479597863393264	2625474	1,0,0,0,0,0,0,0,0,0	6,0,0,0,0,0	ok
-2.176314	-10.366972	-47.661215	0.840642	continued:5	131504586847961235687181874578063117114329409897631406061666638548823646371904376997883815099845702	2625474	-1,0,0,0,0,0,0,0,0,0	6,0,0,0,0,0	ok
-2.173478	-10.366972	-48.620818	0.837849	continued:5	131504586847961235687181874578063117114329409897631406061666638548823646371904376997883815099845702	2625474	-1,0,0,0,0,0,0,0,0,0	6,0,0,0,0,0	ok
-2.170642	-10.366972	-49.517979	0.835518	continued:5	16217557574922386301420542667438374088396792810839	2625474	-1,0,0,0,0,0,0,0,0	6,0,0,0,0,0	ok
-2.167807	-10.366972	-50.335631	0.834682	continued:5	131504586847961235687181874578063117114329409897631406061666638548823646371904376997883815099845702	2625474	-1,0,0,0,0,0,0,0,0,0	6,0,0,0,0,0	ok
-2.164971	-10.366972	-51.056795	0.834308	full	131504586847961235687181874578063117114329409897631406061666638548823646371904376997883815099845702	2625474	-1,0,0,0,0,0,0,0,0,0	6,0,0,0,0,0	ok
-2.162135	-10.366972	-46.726443	0.841652	continued:5	5695183504499363952821063	2625474	1,0,0,0,0,0,0,0	6,0,0,0,0,0	ok
-2.159299	-10.366972	-47.726383	0.838859	continued:5	131504586847961235687181874578063117114329409897631406061666638548823646371904376997883815099845702	2625474	-1,0,0,0,0,0,0,0,0,0	6,0,0,0,0,0	ok
-2.156464	-10.366972	-48.678917	0.836066	continued:5	131504586847961235687181874578063117114329409897631406061666638548823646371904376997883815099845702	2625474	-1,0,0,0,0,0,0,0,0,0	6,0,0,0,0,0	ok
-2.153628	-10.366972	-49.567330	0.833734	continued:5	131504586847961235687181874578063117114329409897631406061666638548823646371904376997883815099845702	2625474	-1,0,0,0,0,0,0,0,0,0	6,0,0,0,0,0	ok
-2.150792	-10.366972	-50.375337	0.832899	continued:5	16217557574922386301420542667438374088396792810839	2625474	-1,0,0,0,0,0,0,0,0	6,0,0,0,0,0	ok
-2.147957	-10.366972	-51.086711	0.832063	full	131504586847961235687181874578063117114329409897631406061666638548823646371904376997883815099845702	2625474	-1,0,0,0,0,0,0,0,0,0	6,0,0,0,0,0	ok
-2.145121	-10.366972	-46.796366	0.839847	continued:5	131504586847961235687181874578063117114329409897647623619241560935125066908876631867479597863393264	2625474	1,0,0,0,0,0,0,0,0,0	6,0,0,0,0,0	ok
-2.142285	-10.366972	-47.791410	0.837054	continued:5	131504586847961235687181874578063117114329409897631406061666638548823646371904376997883815099845702	2625474	-1,0,0,0,0,0,0,0,0,0	6,0,0,0,0,0	ok
-2.139450	-10.366972	-48.736861	0.834260	continued:5	3374964376952	2625474	-1,0,0,0,0,0,0	6,0,0,0,0,0	ok
-2.136614	-10.366972	-49.616557	0.831929	continued:5	131504586847961235687181874578063117114329409897631406061666638548823646371904376997883815099845702	2625474	-1,0,0,0,0,0,0,0,0,0	6,0,0,0,0,0	ok
-2.133778	-10.366972	-50.414994	0.831093	continued:5	131504586847961235687181874578063117114329409897631406061666638548823646371904376997883815099845702	2625474	-1,0,0,0,0,0,0,0,0,0	6,0,0,0,0,0	ok
-2.130942	-10.366972	-51.116682	0.829509	full	3374964376952	2625474	-1,0,0,0,0,0,0	6,0,0,0,0,0	ok
-2.128107	-10.366972	-46.866239	0.837957	continued:5	5695183504499363952821063	2625474	1,0,0,0,0,0,0,0	6,0,0,0,0,0	ok
-2.125271	-10.366972	-47.856913	0.835164	continued:5	5695183504495988991042170	2625474	-1,0,0,0,0,0,0,0	6,0,0,0,0,0	ok
-2.122435	-10.366972	-48.795735	0.832370	continued:5	5695183504495988991042170	2625474	-1,0,0,0,0,0,0,0	6,0,0,0,0,0	ok
-2.119600	-10.366972	-49.667117	0.830118	continued:5	5695183504495988991042170	240309219999	-1,0,0,0,0,0,0,0	6,0,0,4,0	ok
-2.116764	-10.366972	-50.455763	0.829410	continued:5	131504586847961235687181874578063117114329409897631406061666638548823646371904376997883815099845702	24964	-1,0,0,0,0,0,0,0,0,0	6,0,1,0,0	ok
-2.113928	-10.366972	-51.146711	0.826951	full	3374964376952	830104	-1,0,0,0,0,0,0	6,0,3,0,0	ok
-2.111093	-10.366972	-46.934155	0.836141	continued:5	3374964376952	2781249	-1,0,0,0,0,0,0	6,-1,0,0,0,0	ok
-2.108257	-10.366972	-47.919682	0.833347	continued:5	3374964376952	2943939	-1,0,0,0,0,0,0	6,1,0,0,0,0	ok
-2.105421	-10.366972	-48.851287	0.830554	continued:5	5695183504495988991042170	2943939	-1,0,0,0,0,0,0,0	6,1,0,0,0,0	ok
-2.102585	-10.366972	-49.713974	0.828429	continued:5	16217557574922386301420542667438374088396792810839	2943939	-1,0,0,0,0,0,0,0,0	6,1,0,0,0,0	ok
-2.099750	-10.366972	-50.492281	0.827180	continued:5	3374964376952	2943939	-1,0,0,0,0,0,0	6,1,0,0,0,0	ok
-2.096914	-10.366972	-51.176800	0.824387	full	3374964376952	5241	-1,0,0,0,0,0,0	6,1,0,0,0	ok
-2.094078	-10.366972	-46.994100	0.834240	continued:5	3374964376952	705066	-1,0,0,0,0,0,0	6,1,0,1,0	ok
-2.091243	-10.366972	-47.975567	0.831447	continued:5	3374964376952	34968	-1,0,0,0,0,0,0	6,1,1,0,0	ok
-2.088407	-10.366972	-48.901065	0.828653	continued:5	3374964376952	23905143	-1,0,0,0,0,0,0	6,1,3,1,0	ok
-2.085571	-10.366972	-49.756181	0.826529	continued:5	3374964376952	3113748	-1,0,0,0,0,0,0	6,-2,0,0,0,0	ok
-2.082736	-10.366972	-50.526181	0.824611	continued:5	3374964376952	8373	-1,0,0,0,0,0,0	6,2,0,0,0	ok
-2.079900	-10.366972	-51.206949	0.821817	full	3374964376952	162723	-1,0,0,0,0,0,0	6,2,0,0,-1	ok
-2.077064	-10.366972	-46.795494	0.833208	continued:5	3374966975014	47883	1,0,0,0,0,0,0	6,2,1,0,0	ok
-2.074229	-10.366972	-47.783087	0.830414	continued:5	3374964376952	25557663	-1,0,0,0,0,0,0	6,2,3,1,0	ok
-2.071393	-10.366972	-48.716832	0.827621	continued:5	3374964376952	10428	-1,0,0,0,0,0,0	6,-3,0,0,0	ok
-2.068557	-10.366972	-49.582334	0.825162	continued:5	3374964376952	12868	-1,0,0,0,0,0,0	6,3,0,0,0	ok
-2.065721	-10.366972	-50.366545	0.824119	continued:5	3374964376952	28429	-1,0,0,0,0,0,0	6,3,-1,0,0	ok
-2.062886	-10.366972	-51.055355	0.823746	full	3374964376952	644668	-1,0,0,0,0,0,0	6,3,-3,0,0	ok
-2.060050	-10.366972	-46.864213	0.831299	continued:5	3374966975014	15741	1,0,0,0,0,0,0	6,-4,0,0,0	ok
-2.057214	-10.366972	-47.847422	0.828506	continued:5	3374964376952	19098	-1,0,0,0,0,0,0	6,4,0,0,0	ok
-2.054379	-10.366972	-48.774638	0.825713	continued:5	2600339	3089587895096417388	-1,0,0,0,0,0	6,4,0,2,3	ok
-2.051543	-10.366972	-49.632024	0.823254	continued:5	2600339	53060439	-1,0,0,0,0,0	6,4,1,1,-1	ok
-2.048707	-10.366972	-50.407284	0.822339	continued:5	77971519449922417203419339	326107232901879768	-1,0,0,0,0,2	6,4,3,0,3	ok
-2.045872	-10.366972	-51.086103	0.821965	full	171642627464	1886853153	-1,0,0,0,1,0	6,4,5,0,1	ok
-2.043036	-10.366972	-46.934888	0.829380	continued:5	27258035	57625468	-1,0,0,-1,0,0	6,-5,0,0,1	ok
-2.040200	-10.366972	-47.913427	0.826587	continued:5	9084169817825403052840739	59203509	-1,0,0,0,5,0	6,5,0,0,1	ok
-2.037364	-10.366972	-48.833848	0.823794	continued:5	27258035	2877255999	-1,0,0,-1,0,0	6,5,0,1,1	ok
-2.034529	-10.366972	-49.682895	0.821462	continued:5	888310133025350	1100395767759	-1,0,0,1,1,-1	6,5,0,-5,0	ok
-2.031693	-10.366972	-50.448089	0.820548	continued:5	12514490114	291246979482643809	-1,0,0,2,0,0	6,5,1,0,3	ok
-2.028857	-10.366972	-51.116925	0.820174	full	53088346002511813311964333376939264	1253440819629	-1,0,0,3,0,3	6,5,1,5	ok
-2.026022	-10.366972	-47.007300	0.827511	continued:5	730709105	1623880420923	-1,0,-1,0,-1,0	6,5,2,5	ok
-2.023186	-10.366972	-47.980346	0.824718	continued:5	26967994383381065673827	2087403610983	-1,0,0,5,4	6,5,3,5	ok
-2.020350	-10.366972	-48.893263	0.821924	continued:5	74138897905503948939385124436275915	172915220689	-1,0,0,6,0,3	6,5,4,4	ok
-2.017515	-10.366972	-49.733406	0.819593	continued:5	64324716618906798493736815138842293482702874761877	5003854	-1,0,1,0,1,-6	6,5,5,0	ok
-2.014679	-10.366972	-50.489054	0.818757	continued:5	997922473844639	12514648309	-1,0,1,1,1,-1	6,5,5,3	ok
-2.011843	-10.366972	-51.147822	0.818383	full	1847154495792377	3374966975004	-1,0,1,4,1,0	6,5,5,5	ok
-2.009008	-10.366972	-47.081442	0.825637	continued:5	2192207220105568774870119245220854479192897963127	69437208	-1,0,-3,0,3,5	6,5,-6,-1,0	ok
-2.006172	-10.366972	-48.048659	0.822843	continued:5	76096719580636812764	14924904	-1,0,2,3,1,1	6,5,6,0	ok
-2.003336	-10.366972	-48.953777	0.820050	continued:5	70212348570461952788534805656338889	67645884	-1,0,2,-6,0,3	6,5,6,1	ok
-2.000500	-10.366972	-49.784778	0.817798	continued:5	6117341742261755	1334827150673241	-1,0,3,3,2	6,-6,0,6,1	ok
-1.997665	-10.366972	-50.530127	0.816962	continued:5	1167272295366544089527	621598734424503	-1,0,-4,0,-4,0	6,-6,0,4,-2	ok
-1.994829	-10.366972	-51.178795	0.816588	full	42146602820227862102279285	40294920774	-1,0,4,4,-6	6,-6,0,4	ok
-1.991993	-10.366972	-47.154994	0.823708	continued:5	994548445750277	3812803579850991	-1,0,5,5,-1,0	6,-6,0,5,-2	ok
-1.989158	-10.366972	-48.116654	0.820915	continued:5	1318458693301936055134589	961811683866	-1,0,5,2,5	6,-6,0,5	ok
-1.986322	-10.366972	-49.014232	0.818122	continued:5	3731790426989	1335352414646941	-1,0,5,-5,0	6,6,0,6,1	ok
-1.983486	-10.366972	-49.836357	0.815997	continued:5	619572193358244592241985764	7229734384223846701791016	-1,0,5,5,6	6,6,-1,0,-6	ok
-1.980651	-10.366972	-50.571316	0.815161	continued:5	2278556514182027	5093082178457173	-1,0,5,6,1	6,6,1,3,2	ok
-1.977815	-10.366972	-51.209845	0.814787	full	1492856777346676359749299775	1259082165616	-1,0,-6,0,-6,-1	6,6,1,5	ok
-1.974979	-10.366972	-47.231759	0.821902	continued:5	29264900889973801750502	6390320814	-1,0,6,5,4	6,6,-2,1,1	ok
-1.972143	-10.366972	-48.186256	0.819108	continued:5	210555254197522274352312002	86665126273	-1,0,6,2,6	6,6,2,4	ok
-1.969308	-10.366972	-49.074917	0.816315	continued:5	3573531570321622086252152	20521054153654	-1,0,6,4,5	6,6,2,6	ok
-1.966472	-10.366972	-49.887039	0.814063	continued:5	62696715391423008451641150	123755363748	-1,-1,2,5,-6	6,6,3,4	ok
-1.963636	-10.366972	-50.612608	0.813355	continued:5	5940728485419240515	24679720884366	-1,-1,-1,-1,1,1	6,6,3,6	ok
-1.960801	-10.366972	-51.240971	0.812981	full	609961372320944768372919405	174193104391	-1,1,1,5,6	6,6,4,4	ok
-1.957965	-10.366972	-47.307621	0.820004	continued:5	6114051854056145	9231449219116	-1,1,5,5,-2	6,6,4,-6	ok
-1.955129	-10.366972	-48.255584	0.817211	continued:5	617157591440171525216018964	29560994845891	-1,1,4,5,6	6,6,4,6	ok
-1.952294	-10.366972	-49.135895	0.814417	continued:5	435144884429629724081749940	541122741	-1,1,5,4,6	6,6,5,2	ok
-1.949458	-10.366972	-49.938536	0.812293	continued:5	54386934216644884293305	941188569991	-1,1,5,6,4	6,6,5,-5	ok
-1.946622	-10.366972	-50.653303	0.811457	continued:5	11750230063345351230175005	3386821938741	-1,1,-6,1,-6	6,6,5,5	ok
-1.943786	-10.366972	-51.272175	0.810542	full	436923935174919268969725755	11314864628044	-1,1,6,4,6	6,6,5,-6	ok
-1.940951	-10.366972	-47.385172	0.818113	continued:5	8934848429847411955565780	35270361658366	-1,2,-4,6,5	6,6,5,6	ok
-1.938115	-10.366972	-48.326136	0.815319	continued:5	3291170992582331627	35270361658366	-1,-2,-2,2,3	6,6,5,6	ok
-1.935279	-10.366972	-49.197706	0.812526	continued:5	208214993489915074610747799	35270361658366	-1,2,-4,2,6	6,6,5,6	ok
-1.932444	-10.366972	-49.990563	0.810401	continued:5	54387469938659680552310	35270361658366	-1,2,5,6,4	6,6,5,6	ok
-1.929608	-10.366972	-50.695252	0.809693	continued:5	2187225169560824223510000	12503522748148	-1,2,-6,3,5	6,6,-6,-6	ok
-1.926772	-10.366972	-51.303456	0.807903	full	282549690673081425	752041141	-1,2,6,-6,2	6,6,-6,2	ok
-1.923937	-10.366972	-47.462677	0.816136	continued:5	94757378119648823828602124	3480908191	-1,3,5,6,-6	6,6,-6,-3	ok
-1.921101	-10.366972	-48.397129	0.813343	continued:5	435145790836482595595862149	15931928248	-1,3,5,4,6	6,6,-6,3	ok
-1.918265	-10.366972	-49.260392	0.810549	continued:5	18759020476634871152	331890449616	-1,3,-6,-4,3	6,6,6,4	ok
-1.915430	-10.366972	-50.043858	0.808631	continued:5	621997428374780461488576002	1231049173266	-1,3,6,5,6	6,6,6,-5	ok
-1.912594	-10.366972	-50.737307	0.807923	continued:5	9084095146907808808680902	4262433534441	-1,3,6,6,5	6,6,6,5	ok
-1.909758	-10.366972	-51.334816	0.805258	full	875608678496667572384540627	4262433534441	-1,4,5,6,6	6,6,6,5	ok
-1.906922	-10.366972	-47.528417	0.814154	continued:5	621998020834782191306641934	4262433534441	-1,4,6,5,6	6,6,6,5	ok
-1.904087	-10.366972	-48.457235	0.811360	continued:5	621998020834782191306641934	4262433534441	-1,4,6,5,6	6,6,6,5	ok
-1.901251	-10.366972	-49.313209	0.808567	continued:5	40267622062405011729014	4262433534441	-1,4,6,-6,4	6,6,6,5	ok
-1.898415	-10.366972	-50.088406	0.806649	continued:5	9084120037145474760330264	13800484831941	-1,4,6,6,5	6,6,6,-6	ok
-1.895580	-10.366972	-50.773281	0.805400	continued:5	878888492259134242447288377	13800484831941	-1,4,6,6,6	6,6,6,-6	ok
-1.892744	-10.366972	-51.366253	0.802606	full	875609444181648184666014377	41925887657379	-1,5,5,6,6	6,6,6,6	ok
-1.889908	-10.366972	-47.309221	0.813083	continued:5	621998613295207164994272777	41925887657379	-1,5,6,5,6	6,6,6,6	ok
-1.887073	-10.366972	-48.250643	0.810290	continued:5	63847190197026856204556985	41925887657379	-1,5,-6,5,-6	6,6,6,6	ok
-1.884237	-10.366972	-49.120677	0.807496	continued:5	621998613295207164994272777	41925887657379	-1,5,6,5,6	6,6,6,6	ok
-1.881401	-10.366972	-49.910948	0.805165	continued:5	7229598061064835993027777	41925887657379	-1,5,6,-6,5	6,6,6,6	ok
-1.878565	-10.366972	-50.614076	0.804250	continued:5	95226545792282423754883752	41925887657379	-1,5,6,6,-6	6,6,6,6	ok
-1.875730	-10.366972	-51.221642	0.803876	full	878889260094159166527071952	41925887657379	-1,5,6,6,6	6,6,6,6	ok
-1.872894	-10.366972	-47.387730	0.811165	continued:5	878889260094159166527071952	41925887657379	-1,5,6,6,6	6,6,6,6	ok
-1.870058	-10.366972	-48.322022	0.808372	continued:5	878889260094159166527071952	41925887657379	-1,5,6,6,6	6,6,6,6	ok
-1.867223	-10.366972	-49.183279	0.805579	continued:5	878889260094159166527071952	41925887657379	-1,5,6,6,6	6,6,6,6	ok
-1.864387	-10.366972	-49.963806	0.803326	continued:5	878889260094159166527071952	41925887657379	-1,5,6,6,6	6,6,6,6	ok
-1.861551	-10.366972	-50.656362	0.802412	continued:5	878889260094159166527071952	41925887657379	-1,5,6,6,6	6,6,6,6	ok
-1.858716	-10.366972	-51.253803	0.802038	full	878889260094159166527071952	41925887657379	-1,5,6,6,6	6,6,6,6	ok
-1.855880	-10.366972	-47.466335	0.809245	continued:5	78168978030367302196382627	41925887657379	-1,-6,6,-6,-6	6,6,6,6	ok
-1.853044	-10.366972	-48.393246	0.806452	continued:5	878889260094159166527071952	41925887657379	-1,5,6,6,6	6,6,6,6	ok
-1.850209	-10.366972	-49.245549	0.803658	continued:5	878889644011860294937801680	41925887657379	-1,-6,6,6,6	6,6,6,6	ok
-1.847373	-10.366972	-50.016240	0.801406	continued:5	77971519449785052332703189	41925887657379	-1,-6,-6,-6,-6	6,6,6,6	ok
-1.844537	-10.366972	-50.698791	0.800570	continued:5	77971519449785052332703189	41925887657379	-1,-6,-6,-6,-6	6,6,6,6	ok
-1.841701	-10.366972	-51.286049	0.800196	full	77971519449785052332703189	41925887657379	-1,-6,-6,-6,-6	6,6,6,6	ok
-1.838866	-10.366972	-47.545341	0.807271	continued:5	878889644011860294937801680	41925887657379	-1,-6,6,6,6	6,6,6,6	ok
-1.836030	-10.366972	-48.465038	0.804478	continued:5	878889644011860294937801680	41925887657379	-1,-6,6,6,6	6,6,6,6	ok
-1.833194	-10.366972	-49.308549	0.801685	continued:5	878890027929687200965718270	41925887657379	-1,6,6,6,6	6,6,6,6	ok
-1.830359	-10.366972	-50.069574	0.799560	continued:5	878890027929687200965718270	41925887657379	-1,6,6,6,6	6,6,6,6	ok
-1.827523	-10.366972	-50.741344	0.798724	continued:5	878890027929687200965718270	41925887657379	-1,6,6,6,6	6,6,6,6	ok
-1.824687	-10.366972	-51.318381	0.798350	full	878890027929687200965718270	41925887657379	-1,6,6,6,6	6,6,6,6	ok
-1.821852	-10.366972	-47.622983	0.805217	continued:5	878890027929687200965718270	41925887657379	-1,6,6,6,6	6,6,6,6	ok
-1.819016	-10.366972	-48.536048	0.802424	continued:5	878890027929687200965718270	41925887657379	-1,6,6,6,6	6,6,6,6	ok
-1.816180	-10.366972	-49.371308	0.799630	continued:5	878890027929687200965718270	41925887657379	-1,6,6,6,6	6,6,6,6	ok
-1.813344	-10.366972	-50.123173	0.797712	continued:5	878890027929687200965718270	41925887657379	-1,6,6,6,6	6,6,6,6	ok
-1.810509	-10.366972	-50.784042	0.796876	continued:5	878890027929687200965718270	41925887657379	-1,6,6,6,6	6,6,6,6	ok
-1.807673	-10.366972	-51.350797	0.796503	full	878890027929687200965718270	41925887657379	-1,6,6,6,6	6,6,6,6	ok
-1.804837	-10.366972	-47.708935	0.803443	continued:5	878890027929687200965718270	41925887657379	-1,6,6,6,6	6,6,6,6	ok
-1.802002	-10.366972	-48.611786	0.800650	continued:5	878890027929687200965718270	41925887657379	-1,6,6,6,6	6,6,6,6	ok
-1.799166	-10.366972	-49.435723	0.797857	continued:5	878890027929687200965718270	41925887657379	-1,6,6,6,6	6,6,6,6	ok
-1.796330	-10.366972	-50.175878	0.795732	continued:5	878890027929687200965718270	41925887657379	-1,6,6,6,6	6,6,6,6	ok
-1.793495	-10.366972	-50.826861	0.795024	continued:5	878890027929687200965718270	41925887657379	-1,6,6,6,6	6,6,6,6	ok
-1.790659	-10.366972	-51.383297	0.794650	full	878890027929687200965718270	41925887657379	-1,6,6,6,6	6,6,6,6	ok
-1.787823	-10.366972	-46.835750	0.803868	continued:5	878890027929729126853375651	41925887657379	1,6,6,6,6	6,6,6,6	ok
-1.784987	-10.366972	-47.803204	0.801074	continued:5	878890027929687200965718270	41925887657379	-1,6,6,6,6	6,6,6,6	ok
-1.782152	-10.366972	-48.697033	0.798281	continued:5	878890027929687200965718270	41925887657379	-1,6,6,6,6	6,6,6,6	ok
-1.779316	-10.366972	-49.510309	0.795488	continued:5	878890027929687200965718270	41925887657379	-1,6,6,6,6	6,6,6,6	ok
-1.776480	-10.366972	-50.239012	0.793570	continued:5	878890027929687200965718270	41925887657379	-1,6,6,6,6	6,6,6,6	ok
-1.773645	-10.366972	-50.877007	0.792861	continued:5	878890027929687200965718270	41925887657379	-1,6,6,6,6	6,6,6,6	ok
-1.770809	-10.366972	-51.421319	0.792488	full	878890027929687200965718270	41925887657379	-1,6,6,6,6	6,6,6,6	ok
-1.767973	-10.366972	-46.944004	0.801595	continued:5	878890027929687200965718270	41925887657379	-1,6,6,6,6	6,6,6,6	ok
-1.765138	-10.366972	-47.902671	0.798801	continued:5	878890027929687200965718270	41925887657379	-1,6,6,6,6	6,6,6,6	ok
-1.762302	-10.366972	-48.785708	0.796008	continued:5	878890027929687200965718270	41925887657379	-1,6,6,6,6	6,6,6,6	ok
-1.759466	-10.366972	-49.586828	0.793215	continued:5	878890027929687200965718270	41925887657379	-1,6,6,6,6	6,6,6,6	ok
-1.756631	-10.366972	-50.302866	0.791425	continued:5	878890027929687200965718270	41925887657379	-1,6,6,6,6	6,6,6,6	ok
-1.753795	-10.366972	-50.927512	0.790716	continued:5	878890027929687200965718270	41925887657379	-1,6,6,6,6	6,6,6,6	ok
-1.750959	-10.366972	-51.459453	0.789467	full	878890027929687200965718270	41925887657379	-1,6,6,6,6	6,6,6,6	ok
-1.748123	-10.366972	-47.047752	0.799284	continued:5	878890027929687200965718270	41925887657379	-1,6,6,6,6	6,6,6,6	ok
-1.745288	-10.366972	-47.997997	0.796490	continued:5	878890027929687200965718270	41925887657379	-1,6,6,6,6	6,6,6,6	ok
-1.742452	-10.366972	-48.870651	0.793697	continued:5	878890027929687200965718270	41925887657379	-1,6,6,6,6	6,6,6,6	ok
-1.739616	-10.366972	-49.660098	0.790903	continued:5	878890027929687200965718270	41925887657379	-1,6,6,6,6	6,6,6,6	ok
-1.736781	-10.366972	-50.364013	0.789113	continued:5	878890027929687200965718270	878890027930148385729949516	-1,6,6,6,6	6,6,6,6,6	ok
-1.733945	-10.366972	-50.976818	0.788405	continued:5	878890027929687200965718270	878890027930148385729949516	-1,6,6,6,6	6,6,6,6,6	ok
-1.731109	-10.366972	-51.497697	0.786280	full	878890027929687200965718270	878890027930148385729949516	-1,6,6,6,6	6,6,6,6,6	ok
-1.728274	-10.366972	-47.761071	0.795351	continued:5	878890027929687200965718270	878890027930148385729949516	-1,6,6,6,6	6,6,6,6,6	ok
-1.725438	-10.366972	-48.652847	0.792557	continued:5	878890027929687200965718270	878890027930148385729949516	-1,6,6,6,6	6,6,6,6,6	ok
-1.722602	-10.366972	-49.461792	0.789764	continued:5	878890027929687200965718270	878890027930148385729949516	-1,6,6,6,6	6,6,6,6,6	ok
-1.719766	-10.366972	-50.184943	0.787639	continued:5	878890027929687200965718270	878890027930148385729949516	-1,6,6,6,6	6,6,6,6,6	ok
-1.716931	-10.366972	-50.818390	0.786597	continued:5	878890027929687200965718270	878890027930148385729949516	-1,6,6,6,6	6,6,6,6,6	ok
-1.714095	-10.366972	-51.360143	0.786636	full	878890027929687200965718270	878890027930148385729949516	-1,6,6,6,6	6,6,6,6,6	ok
-1.711259	-10.366972	-47.846024	0.793390	continued:5	878890027929687200965718270	878890027930148385729949516	-1,6,6,6,6	6,6,6,6,6	ok
-1.708424	-10.366972	-48.728606	0.790596	continued:5	878890027929687200965718270	878890027930148385729949516	-1,6,6,6,6	6,6,6,6,6	ok
-1.705588	-10.366972	-49.527251	0.787803	continued:5	878890027929687200965718270	878890027930148385729949516	-1,6,6,6,6	6,6,6,6,6	ok
-1.702752	-10.366972	-50.239702	0.785678	continued:5	878890027929687200965718270	878890027930148385729949516	-1,6,6,6,6	6,6,6,6,6	ok
-1.699917	-10.366972	-50.862684	0.784764	continued:5	878890027929687200965718270	878890027930148385729949516	-1,6,6,6,6	6,6,6,6,6	ok
-1.697081	-10.366972	-51.393729	0.784390	full	878890027929687200965718270	878890027930148385729949516	-1,6,6,6,6	6,6,6,6,6	ok
-1.694245	-10.366972	-46.994760	0.793912	continued:5	878890027929687200965718270	878890027930148385729949516	-1,6,6,6,6	6,6,6,6,6	ok
-1.691410	-10.366972	-47.946670	0.791118	continued:5	878890027929687200965718270	878890027930148385729949516	-1,6,6,6,6	6,6,6,6,6	ok
-1.688574	-10.366972	-48.817855	0.788325	continued:5	878890027929687200965718270	878890027930148385729949516	-1,6,6,6,6	6,6,6,6,6	ok
-1.685738	-10.366972	-49.603966	0.785532	continued:5	878890027929687200965718270	878890027930148385729949516	-1,6,6,6,6	6,6,6,6,6	ok
-1.682902	-10.366972	-50.303566	0.783407	continued:5	878890027929687200965718270	878890027930148385729949516	-1,6,6,6,6	6,6,6,6,6	ok
-1.680067	-10.366972	-50.914102	0.782571	continued:5	878890027929687200965718270	878890027930148385729949516	-1,6,6,6,6	6,6,6,6,6	ok
-1.677231	-10.366972	-51.433018	0.782197	full	878890027929687200965718270	878890027930148385729949516	-1,6,6,6,6	6,6,6,6,6	ok
-1.674395	-10.366972	-47.102475	0.791510	continued:5	878890027929687200965718270	878890027930148385729949516	-1,6,6,6,6	6,6,6,6,6	ok
-1.671560	-10.366972	-48.045810	0.788716	continued:5	878890027929687200965718270	878890027930148385729949516	-1,6,6,6,6	6,6,6,6,6	ok
-1.668724	-10.366972	-48.906525	0.785923	continued:5	878890027929687200965718270	878890027930190311617606908	-1,6,6,6,6	-7,6,6,6,6	ok
-1.665888	-10.366972	-49.680951	0.783130	continued:5	878890027929687200965718270	878890027930190311617606908	-1,6,6,6,6	-7,6,6,6,6	ok
-1.663053	-10.366972	-50.368477	0.781212	continued:5	878890027929687200965718270	878890027930190311617606908	-1,6,6,6,6	-7,6,6,6,6	ok
-1.660217	-10.366972	-50.965709	0.780376	continued:5	878890027929687200965718270	878890027930190311617606908	-1,6,6,6,6	-7,6,6,6,6	ok
-1.657381	-10.366972	-51.472419	0.780002	full	878890027929687200965718270	878890027930190311617606908	-1,6,6,6,6	-7,6,6,6,6	ok
-1.654545	-10.366972	-47.214092	0.789183	continued:5	878890027929687200965718270	878890027930190311617606908	-1,6,6,6,6	-7,6,6,6,6	ok
-1.651710	-10.366972	-48.147293	0.786390	continued:5	878890027929687200965718270	878890027930190311617606908	-1,6,6,6,6	-7,6,6,6,6	ok
-1.648874	-10.366972	-48.996225	0.783596	continued:5	878890027929687200965718270	878890027930190311617606908	-1,6,6,6,6	-7,6,6,6,6	ok
-1.646038	-10.366972	-49.757921	0.780803	continued:5	878890027929687200965718270	878890027930190311617606908	-1,6,6,6,6	-7,6,6,6,6	ok
-1.643203	-10.366972	-50.432586	0.778885	continued:5	878890027929687200965718270	878890027930190311617606908	-1,6,6,6,6	-7,6,6,6,6	ok
-1.640367	-10.366972	-51.017496	0.778177	continued:5	878890027929687200965718270	878890027930190311617606908	-1,6,6,6,6	-7,6,6,6,6	ok
-1.637531	-10.366972	-51.511929	0.777803	full	878890027929687200965718270	878890027930190311617606908	-1,6,6,6,6	-7,6,6,6,6	ok
-1.634696	-10.366972	-47.329158	0.786845	continued:5	878890027929687200965718270	878890027930190311617606908	-1,6,6,6,6	-7,6,6,6,6	ok
-1.631860	-10.366972	-48.251506	0.784051	continued:5	878890027929687200965718270	878890027930190311617606908	-1,6,6,6,6	-7,6,6,6,6	ok
-1.629024	-10.366972	-49.088039	0.781258	continued:5	878890027929687200965718270	878890027930190311617606908	-1,6,6,6,6	-7,6,6,6,6	ok
-1.626188	-10.366972	-49.836528	0.778465	continued:5	878890027929687200965718270	878890027930190311617606908	-1,6,6,6,6	-7,6,6,6,6	ok
-1.623353	-10.366972	-50.497985	0.776674	continued:5	878890027929687200965718270	878890027930190311617606908	-1,6,6,6,6	-7,6,6,6,6	ok
-1.620517	-10.366972	-51.069384	0.775966	continued:5	878890027929687200965718270	878890027930190311617606908	-1,6,6,6,6	-7,6,6,6,6	ok
-1.617681	-10.366972	-51.551545	0.775592	full	878890027929687200965718270	878890027930190311617606908	-1,6,6,6,6	-7,6,6,6,6	ok
-1.614846	-10.366972	-47.443144	0.784429	continued:5	878890027929687200965718270	878890027930190311617606908	-1,6,6,6,6	-7,6,6,6,6	ok
-1.612010	-10.366972	-48.355003	0.781636	continued:5	878890027929687200965718270	878890027930190311617606908	-1,6,6,6,6	-7,6,6,6,6	ok
-1.609174	-10.366972	-49.179494	0.778843	continued:5	878890027929687200965718270	878890027930190311617606908	-1,6,6,6,6	-7,6,6,6,6	ok
-1.606339	-10.366972	-49.915156	0.776049	continued:5	878890027929687200965718270	878890027930190311617606908	-1,6,6,6,6	-7,6,6,6,6	ok
-1.603503	-10.366972	-50.563802	0.774466	continued:5	878890027929687200965718270	878890027930190311617606908	-1,6,6,6,6	-7,6,6,6,6	ok
-1.600667	-10.366972	-51.121487	0.773757	continued:5	878890027929687200965718270	878890027930190311617606908	-1,6,6,6,6	-7,6,6,6,6	ok
-1.597832	-10.366972	-51.591264	0.773384	full	878890027929687200965718270	878890027930190311617606908	-1,6,6,6,6	-7,6,6,6,6	ok
-1.594996	-10.366972	-47.562252	0.782098	continued:5	878890027929687200965718270	878890027930190311617606908	-1,6,6,6,6	-7,6,6,6,6	ok
-1.592160	-10.366972	-48.461795	0.779305	continued:5	878890027929687200965718270	878890027930190311617606908	-1,6,6,6,6	-7,6,6,6,6	ok
-1.589324	-10.366972	-49.272716	0.776511	continued:5	878890027929687200965718270	878890027930190311617606908	-1,6,6,6,6	-7,6,6,6,6	ok
-1.586489	-10.366972	-49.994333	0.773846	continued:5	878890027929687200965718270	878890027930190311617606908	-1,6,6,6,6	-7,6,6,6,6	ok
-1.583653	-10.366972	-50.628249	0.772055	continued:5	878890027929687200965718270	878890027930190311617606908	-1,6,6,6,6	-7,6,6,6,6	ok
-1.580817	-10.366972	-51.173827	0.771554	continued:5	878890027929687200965718270	878890027930190311617606908	-1,6,6,6,6	-7,6,6,6,6	ok
-1.577982	-10.366972	-51.631081	0.770305	full	878890027929687200965718270	878890027930190311617606908	-1,6,6,6,6	-7,6,6,6,6	ok
-1.575146	-10.366972	-47.679508	0.779737	continued:5	878890027929687200965718270	878890027930190311617606908	-1,6,6,6,6	-7,6,6,6,6	ok
-1.572310	-10.366972	-48.566739	0.776944	continued:5	878890027929687200965718270	878890027930190311617606908	-1,6,6,6,6	-7,6,6,6,6	ok
-1.569475	-10.366972	-49.364186	0.774151	continued:5	878890027929687200965718270	878890027930190311617606908	-1,6,6,6,6	-7,6,6,6,6	ok
-1.566639	-10.366972	-50.071957	0.771357	continued:5	878890027929687200965718270	878890027930190311617606908	-1,6,6,6,6	-7,6,6,6,6	ok
-1.563803	-10.366972	-50.693393	0.769774	continued:5	878890027929687200965718270	878890027930190311617606908	-1,6,6,6,6	-7,6,6,6,6	ok
-1.560967	-10.366972	-51.225676	0.769272	continued:5	878890027929687200965718270	878890027930190311617606908	-1,6,6,6,6	-7,6,6,6,6	ok
-1.558132	-10.366972	-51.670995	0.767020	full	878890027929687200965718270	878890027930190311617606908	-1,6,6,6,6	-7,6,6,6,6	ok
-1.555296	-10.366972	-47.426409	0.778231	continued:5	878890027929687200965718270	878890027930190311617606908	-1,6,6,6,6	-7,6,6,6,6	ok
-1.552460	-10.366972	-48.337652	0.775438	continued:5	878890027929687200965718270	878890027930190311617606908	-1,6,6,6,6	-7,6,6,6,6	ok
-1.549625	-10.366972	-49.158123	0.772645	continued:5	878890027929687200965718270	878890027930190311617606908	-1,6,6,6,6	-7,6,6,6,6	ok
-1.546789	-10.366972	-49.887730	0.769851	continued:5	878890027929687200965718270	878890027930190311617606908	-1,6,6,6,6	-7,6,6,6,6	ok
-1.543953	-10.366972	-50.529328	0.767933	continued:5	878890027929687200965718270	878890027930190311617606908	-1,6,6,6,6	-7,6,6,6,6	ok
-1.541118	-10.366972	-51.082128	0.767097	continued:5	878890027929687200965718270	878890027930190311617606908	-1,6,6,6,6	-7,6,6,6,6	ok
-1.538282	-10.366972	-51.547531	0.766723	full	878890027929687200965718270	878890027930190311617606908	-1,6,6,6,6	-7,6,6,6,6	ok
-1.535446	-10.366972	-47.548133	0.775872	continued:5	878890027929687200965718270	878890027930190311617606908	-1,6,6,6,6	-7,6,6,6,6	ok
-1.532611	-10.366972	-48.446664	0.773079	continued:5	878890027929687200965718270	878890027930190311617606908	-1,6,6,6,6	-7,6,6,6,6	ok
-1.529775	-10.366972	-49.253304	0.770286	continued:5	878890027929687200965718270	878890027930190311617606908	-1,6,6,6,6	-7,6,6,6,6	ok
-1.526939	-10.366972	-49.968714	0.767492	continued:5	878890027929687200965718270	878890027930190311617606908	-1,6,6,6,6	-7,6,6,6,6	ok
-1.524103	-10.366972	-50.596493	0.765702	continued:5	878890027929687200965718270	878890027930190311617606908	-1,6,6,6,6	-7,6,6,6,6	ok
-1.521268	-10.366972	-51.135450	0.764866	continued:5	878890027929687200965718270	878890027930190311617606908	-1,6,6,6,6	-7,6,6,6,6	ok
-1.518432	-10.366972	-51.588452	0.764492	full	878890027929687200965718270	878890027930190311617606908	-1,6,6,6,6	-7,6,6,6,6	ok
-1.515596	-10.366972	-47.669603	0.773505	continued:5	878890027929687200965718270	878890027930190311617606908	-1,6,6,6,6	-7,6,6,6,6	ok
-1.512761	-10.366972	-48.555042	0.770712	continued:5	878890027929687200965718270	878890027930190311617606908	-1,6,6,6,6	-7,6,6,6,6	ok
-1.509925	-10.366972	-49.347610	0.767919	continued:5	878890027929687200965718270	878890027930190311617606908	-1,6,6,6,6	-7,6,6,6,6	ok
-1.507089	-10.366972	-50.048722	0.765125	continued:5	878890027929687200965718270	878890027930190311617606908	-1,6,6,6,6	-7,6,6,6,6	ok
-1.504254	-10.366972	-50.662705	0.763335	continued:5	878890027929687200965718270	878890027930190311617606908	-1,6,6,6,6	-7,6,6,6,6	ok
-1.501418	-10.366972	-51.188883	0.762627	continued:5	7201913348681026475654284220	7201913348682466666976442602	-1,6,6,6,-7	-7,6,6,6,-7	ok
-1.498582	-10.366972	-51.629464	0.762253	full	7201913348681026475654284220	7201913348682466666976442602	-1,6,6,6,-7	-7,6,6,6,-7	ok
-1.495746	-10.366972	-47.792808	0.771070	continued:5	7201913348681026475654284220	7201913348682466666976442602	-1,6,6,6,-7	-7,6,6,6,-7	ok
-1.492911	-10.366972	-48.665070	0.768277	continued:5	7201913348681026475654284220	7201913348682466666976442602	-1,6,6,6,-7	-7,6,6,6,-7	ok
-1.490075	-10.366972	-49.443526	0.765483	continued:5	1041919442438348671260131420	1041919442438896460270081702	-1,6,6,-7,6	-7,6,6,-7,6	ok
-1.487239	-10.366972	-50.130370	0.762690	continued:5	1041919442438348671260131420	1041919442438896460270081702	-1,6,6,-7,6	-7,6,6,-7,6	ok
-1.484404	-10.366972	-50.730639	0.761106	continued:5	1041919442438348671260131420	1041919442438896460270081702	-1,6,6,-7,6	-7,6,6,-7,6	ok
-1.481568	-10.366972	-51.242589	0.760398	continued:5	1041919442438348671260131420	1041919442438896460270081702	-1,6,6,-7,6	-7,6,6,-7,6	ok
-1.478732	-10.366972	-51.670562	0.760024	full	1041919442438348671260131420	1041919442438896460270081702	-1,6,6,-7,6	-7,6,6,-7,6	ok
-1.475897	-10.366972	-47.917231	0.768577	continued:5	1041919442438348671260131420	1041919442438896460270081702	-1,6,6,-7,6	-7,6,6,-7,6	ok
-1.473061	-10.366972	-48.776187	0.765783	continued:5	1041919442438348671260131420	1041919442438896460270081702	-1,6,6,-7,6	-7,6,6,-7,6	ok
-1.470225	-10.366972	-49.540475	0.762990	continued:5	1041919442438348671260131420	1041919442438896460270081702	-1,6,6,-7,6	-7,6,6,-7,6	ok
-1.467389	-10.366972	-50.213077	0.760324	continued:5	1041919442438348671260131420	1041919442438896460270081702	-1,6,6,-7,6	-7,6,6,-7,6	ok
-1.464554	-10.366972	-50.798728	0.758868	continued:5	1041919442438348671260131420	7212268361606543384092088798	-1,6,6,-7,6	-7,6,-7,6,-7	ok
-1.461718	-10.366972	-51.296382	0.758160	continued:5	1041919442438348671260131420	7212268361606543384092088798	-1,6,6,-7,6	-7,6,-7,6,-7	ok
-1.458882	-10.366972	-51.711742	0.757786	full	7212268361605102157778096980	7212268361606543384092088798	-1,6,-7,6,-7	-7,6,-7,6,-7	ok
-1.456047	-10.366972	-48.046365	0.766247	continued:5	7212268361605102157778096980	7212268361606543384092088798	-1,6,-7,6,-7	-7,6,-7,6,-7	ok
-1.453211	-10.366972	-48.889421	0.763454	continued:5	7212268361605102157778096980	7212268361606543384092088798	-1,6,-7,6,-7	-7,6,-7,6,-7	ok
-1.450375	-10.366972	-49.637451	0.760660	continued:5	7212268361605102157778096980	7212268361606543384092088798	-1,6,-7,6,-7	-7,6,-7,6,-7	ok
-1.447540	-10.366972	-50.294195	0.757995	continued:5	7212268361605102157778096980	7212268361606543384092088798	-1,6,-7,6,-7	-7,6,-7,6,-7	ok
-1.444704	-10.366972	-50.865015	0.756411	continued:5	7212268361605102157778096980	7212268361606543384092088798	-1,6,-7,6,-7	-7,6,-7,6,-7	ok
-1.441868	-10.366972	-51.350223	0.755909	continued:5	7212268361605102157778096980	7212268361606543384092088798	-1,6,-7,6,-7	-7,6,-7,6,-7	ok
-1.439033	-10.366972	-51.752998	0.755536	full	7212268361605102157778096980	7212268361606543384092088798	-1,6,-7,6,-7	-7,6,-7,6,-7	ok
-1.436197	-10.366972	-48.169229	0.763630	continued:5	542798516727814284047877705989124834832068132178473620	7212268361606543384092088798	-1,6,-7,6,-7,6	-7,6,-7,6,-7	ok
-1.433361	-10.366972	-48.999284	0.760837	continued:5	542798516727814284047877705989124834832068132178473620	7212268361606543384092088798	-1,6,-7,6,-7,6	-7,6,-7,6,-7	ok
-1.430525	-10.366972	-49.733576	0.758043	continued:5	7212268361605102157778096980	7212268361606543384092088798	-1,6,-7,6,-7	-7,6,-7,6,-7	ok
-1.427690	-10.366972	-50.376636	0.755584	continued:5	7212268361605102157778096980	7212268361606543384092088798	-1,6,-7,6,-7	-7,6,-7,6,-7	ok
-1.424854	-10.366972	-50.932859	0.754128	continued:5	7212268361605102157778096980	7212268361606543384092088798	-1,6,-7,6,-7	-7,6,-7,6,-7	ok
-1.422018	-10.366972	-51.403930	0.753627	continued:5	7212268361605102157778096980	7212268361606543384092088798	-1,6,-7,6,-7	-7,6,-7,6,-7	ok
-1.419183	-10.366972	-51.794325	0.752378	full	7212268361605102157778096980	7212268361606543384092088798	-1,6,-7,6,-7	-7,6,-7,6,-7	ok
-1.416347	-10.366972	-47.920849	0.762425	continued:5	542798516727814284047877705989124834832068132178473620	7212268361606543384092088798	-1,6,-7,6,-7,6	-7,6,-7,6,-7	ok
-1.413511	-10.366972	-48.775351	0.759631	continued:5	542798516727814284047877705989124834832068132178473620	7212268361606543384092088798	-1,6,-7,6,-7,6	-7,6,-7,6,-7	ok
-1.410676	-10.366972	-49.532644	0.756838	continued:5	542798516727814284047877705989124834832068132178473620	7212268361606543384092088798	-1,6,-7,6,-7,6	-7,6,-7,6,-7	ok
-1.407840	-10.366972	-50.196955	0.754045	continued:5	7212268361605102157778096980	7212268361606543384092088798	-1,6,-7,6,-7	-7,6,-7,6,-7	ok
-1.405004	-10.366972	-50.774922	0.752254	continued:5	7212268361605102157778096980	7212268361606543384092088798	-1,6,-7,6,-7	-7,6,-7,6,-7	ok
-1.402168	-10.366972	-51.267357	0.751419	continued:5	7212268361605102157778096980	7212268361606543384092088798	-1,6,-7,6,-7	-7,6,-7,6,-7	ok
-1.399333	-10.366972	-51.678210	0.751458	full	7212268361605102157778096980	7212268361606543384092088798	-1,6,-7,6,-7	-7,6,-7,6,-7	ok
-1.396497	-10.366972	-48.046937	0.759905	continued:5	542798516727814284047877705989124834832068132178473620	7212268361606543384092088798	-1,6,-7,6,-7,6	-7,6,-7,6,-7	ok
-1.393661	-10.366972	-48.887292	0.757112	continued:5	542798516727814284047877705989124834832068132178473620	7212268361606543384092088798	-1,6,-7,6,-7,6	-7,6,-7,6,-7	ok
-1.390826	-10.366972	-49.629902	0.754319	continued:5	542798516727814284047877705989124834832068132178473620	7212268361606543384092088798	-1,6,-7,6,-7,6	-7,6,-7,6,-7	ok
-1.387990	-10.366972	-50.279743	0.751653	continued:5	7212268361605102157778096980	7212268361606543384092088798	-1,6,-7,6,-7	-7,6,-7,6,-7	ok
-1.385154	-10.366972	-50.843066	0.749863	continued:5	7212268361605102157778096980	7212268361606543384092088798	-1,6,-7,6,-7	-7,6,-7,6,-7	ok
-1.382319	-10.366972	-51.322285	0.749155	continued:5	7212268361605102157778096980	7212268361606543384092088798	-1,6,-7,6,-7	-7,6,-7,6,-7	ok
-1.379483	-10.366972	-51.720541	0.748781	full	7212268361605102157778096980	7212268361606543384092088798	-1,6,-7,6,-7	-7,6,-7,6,-7	ok
-1.376647	-10.366972	-48.177642	0.757427	continued:5	542798516727814284047877705989124834832068132178473620	7212268361606543384092088798	-1,6,-7,6,-7,6	-7,6,-7,6,-7	ok
-1.373812	-10.366972	-49.002340	0.754633	continued:5	542798516727814284047877705989124834832068132178473620	7212268361606543384092088798	-1,6,-7,6,-7,6	-7,6,-7,6,-7	ok
-1.370976	-10.366972	-49.729065	0.751840	continued:5	542798516727814284047877705989124834832068132178473620	7212268361606543384092088798	-1,6,-7,6,-7,6	-7,6,-7,6,-7	ok
-1.368140	-10.366972	-50.363520	0.749175	continued:5	7212268361605102157778096980	7212268361606543384092088798	-1,6,-7,6,-7	-7,6,-7,6,-7	ok
-1.365304	-10.366972	-50.912534	0.747591	continued:5	7212268361605102157778096980	7212268361606543384092088798	-1,6,-7,6,-7	-7,6,-7,6,-7	ok
-1.362469	-10.366972	-51.377283	0.746883	continued:5	7212268361605102157778096980	7212268361606543384092088798	-1,6,-7,6,-7	-7,6,-7,6,-7	ok
-1.359633	-10.366972	-51.762933	0.746509	full	7212268361605102157778096980	7212268361606543384092088798	-1,6,-7,6,-7	-7,6,-7,6,-7	ok
-1.356797	-10.366972	-48.311580	0.754864	continued:5	35070538537193930698110940001112497229726743201398832534	7212268361606543384092088798	-1,6,-7,-7,-7,-7	-7,6,-7,6,-7	ok
-1.353962	-10.366972	-49.120394	0.752071	continued:5	35070538537193930698110940001112497229726743201398832534	8375024907250057121124921773	-1,6,-7,-7,-7,-7	-7,6,-7,-7,-7	ok
-1.351126	-10.366972	-49.831088	0.749278	continued:5	35070538537193930698110940001112497229726743201398832534	8375024907250057121124921773	-1,6,-7,-7,-7,-7	-7,6,-7,-7,-7	ok
-1.348290	-10.366972	-50.450096	0.746819	continued:5	35070538537193930698110940001112497229726743201398832534	8375024907250057121124921773	-1,6,-7,-7,-7,-7	-7,6,-7,-7,-7	ok
-1.345455	-10.366972	-50.983180	0.745363	continued:5	35070538537193930698110940001112497229726743201398832534	8375024907250057121124921773	-1,6,-7,-7,-7,-7	-7,6,-7,-7,-7	ok
-1.342619	-10.366972	-51.432810	0.744655	continued:5	35070538537193930698110940001112497229726743201398832534	8375024907250057121124921773	-1,6,-7,-7,-7,-7	-7,6,-7,-7,-7	ok
-1.339783	-10.366972	-51.805377	0.744281	full	35070538537193930698110940001112497229726743201398832534	8375024907250057121124921773	-1,6,-7,-7,-7,-7	-7,6,-7,-7,-7	ok
-1.336947	-10.366972	-48.444380	0.752373	continued:5	35070538537193930698110940001112497229726743201398832534	8375024907250057121124921773	-1,6,-7,-7,-7,-7	-7,6,-7,-7,-7	ok
-1.334112	-10.366972	-49.236312	0.749580	continued:5	35070538537193930698110940001112497229726743201398832534	8375026989472334185362590303	-1,6,-7,-7,-7,-7	-7,-7,-7,-7,-7	ok
-1.331276	-10.366972	-49.930298	0.746786	continued:5	35070538537193930698110940001112497229726743201398832534	8375026989472334185362590303	-1,6,-7,-7,-7,-7	-7,-7,-7,-7,-7	ok
-1.328440	-10.366972	-50.533456	0.744455	continued:5	35070538537193930698110940001112497229726743201398832534	8375026989472334185362590303	-1,6,-7,-7,-7,-7	-7,-7,-7,-7,-7	ok
-1.325605	-10.366972	-51.051038	0.742872	continued:5	35070538537193930698110940001112497229726743201398832534	8375026989472334185362590303	-1,6,-7,-7,-7,-7	-7,-7,-7,-7,-7	ok
-1.322769	-10.366972	-51.487945	0.742370	continued:5	35070538537193930698110940001112497229726743201398832534	8375026989472334185362590303	-1,6,-7,-7,-7,-7	-7,-7,-7,-7,-7	ok
-1.319933	-10.366972	-51.847868	0.741996	full	35070538537193930698110940001112497229726743201398832534	8375026989472334185362590303	-1,6,-7,-7,-7,-7	-7,-7,-7,-7,-7	ok
-1.317098	-10.366972	-47.723980	0.752266	continued:5	35070538537195014610850572350843326048502979382321291664	8375026989472334185362590303	-1,-7,-7,-7,-7,-7	-7,-7,-7,-7,-7	ok
-1.314262	-10.366972	-48.599582	0.749472	continued:5	35070538537193930698110940001112497229726743201398832534	8375026989472334185362590303	-1,6,-7,-7,-7,-7	-7,-7,-7,-7,-7	ok
-1.311426	-10.366972	-49.371555	0.746679	continued:5	35070538537193930698110940001112497229726743201398832534	8375026989472334185362590303	-1,6,-7,-7,-7,-7	-7,-7,-7,-7,-7	ok
-1.308590	-10.366972	-50.045988	0.743886	continued:5	35070538537195014610850572350843326048502979382321291664	8375026989472334185362590303	-1,-7,-7,-7,-7,-7	-7,-7,-7,-7,-7	ok
-1.305755	-10.366972	-50.630757	0.741633	continued:5	35070538537195014610850572350843326048502979382321291664	8375026989472334185362590303	-1,-7,-7,-7,-7,-7	-7,-7,-7,-7,-7	ok
-1.302919	-10.366972	-51.131009	0.740256	continued:5	35070538537195014610850572350843326048502979382321291664	8375026989472334185362590303	-1,-7,-7,-7,-7,-7	-7,-7,-7,-7,-7	ok
-1.300083	-10.366972	-51.551051	0.739755	continued:5	35070538537195014610850572350843326048502979382321291664	8375026989472334185362590303	-1,-7,-7,-7,-7,-7	-7,-7,-7,-7,-7	ok
-1.297248	-10.366972	-51.896477	0.739381	full	35070538537195014610850572350843326048502979382321291664	8375026989472334185362590303	-1,-7,-7,-7,-7,-7	-7,-7,-7,-7,-7	ok
-1.294412	-10.366972	-47.911168	0.749434	continued:5	35070538537195014610850572350843326048502979382321291664	8375026989472334185362590303	-1,-7,-7,-7,-7,-7	-7,-7,-7,-7,-7	ok
-1.291576	-10.366972	-48.763956	0.746640	continued:5	35070538537195014610850572350843326048502979382321291664	8375026989472334185362590303	-1,-7,-7,-7,-7,-7	-7,-7,-7,-7,-7	ok
-1.288741	-10.366972	-49.513291	0.743847	continued:5	35070538537195014610850572350843326048502979382321291664	8375026989472334185362590303	-1,-7,-7,-7,-7,-7	-7,-7,-7,-7,-7	ok
-1.285905	-10.366972	-50.166043	0.741054	continued:5	35070538537195014610850572350843326048502979382321291664	8375026989472334185362590303	-1,-7,-7,-7,-7,-7	-7,-7,-7,-7,-7	ok
-1.283069	-10.366972	-50.730781	0.738929	continued:5	35070538537195014610850572350843326048502979382321291664	8375026989472334185362590303	-1,-7,-7,-7,-7,-7	-7,-7,-7,-7,-7	ok
-1.280234	-10.366972	-51.212083	0.737680	continued:5	35070538537195014610850572350843326048502979382321291664	8375026989472334185362590303	-1,-7,-7,-7,-7,-7	-7,-7,-7,-7,-7	ok
-1.277398	-10.366972	-51.614637	0.737178	continued:5	35070538537195014610850572350843326048502979382321291664	8375026989472334185362590303	-1,-7,-7,-7,-7,-7	-7,-7,-7,-7,-7	ok
-1.274562	-10.366972	-51.945127	0.735929	full	35070538537195014610850572350843326048502979382321291664	8375026989472334185362590303	-1,-7,-7,-7,-7,-7	-7,-7,-7,-7,-7	ok
-1.271726	-10.366972	-48.499958	0.745311	continued:5	35070538537195014610850572350843326048502979382321291664	8375026989472334185362590303	-1,-7,-7,-7,-7,-7	-7,-7,-7,-7,-7	ok
-1.268891	-10.366972	-49.281120	0.742518	continued:5	35070538537195014610850572350843326048502979382321291664	8375026989472334185362590303	-1,-7,-7,-7,-7,-7	-7,-7,-7,-7,-7	ok
-1.266055	-10.366972	-49.962516	0.739725	continued:5	35070538537195014610850572350843326048502979382321291664	8375026989472334185362590303	-1,-7,-7,-7,-7,-7	-7,-7,-7,-7,-7	ok
-1.263219	-10.366972	-50.552550	0.737266	continued:5	35070538537195014610850572350843326048502979382321291664	8375026989472334185362590303	-1,-7,-7,-7,-7,-7	-7,-7,-7,-7,-7	ok
-1.260384	-10.366972	-51.058338	0.735682	continued:5	35070538537195014610850572350843326048502979382321291664	8375026989472334185362590303	-1,-7,-7,-7,-7,-7	-7,-7,-7,-7,-7	ok
-1.257548	-10.366972	-51.484053	0.734767	continued:5	35070538537195014610850572350843326048502979382321291664	8375026989472334185362590303	-1,-7,-7,-7,-7,-7	-7,-7,-7,-7,-7	ok
-1.254712	-10.366972	-51.836765	0.734600	full	35070538537195014610850572350843326048502979382321291664	8375026989472334185362590303	-1,-7,-7,-7,-7,-7	-7,-7,-7,-7,-7	ok
-1.251877	-10.366972	-47.794779	0.745170	continued:5	35070538537195014610850572350843326048502979382321291664	8375026989472334185362590303	-1,-7,-7,-7,-7,-7	-7,-7,-7,-7,-7	ok
-1.249041	-10.366972	-48.661418	0.742377	continued:5	35070538537195014610850572350843326048502979382321291664	8375026989472334185362590303	-1,-7,-7,-7,-7,-7	-7,-7,-7,-7,-7	ok
-1.246205	-10.366972	-49.421359	0.739584	continued:5	35070538537195014610850572350843326048502979382321291664	8375026989472334185362590303	-1,-7,-7,-7,-7,-7	-7,-7,-7,-7,-7	ok
-1.243369	-10.366972	-50.082284	0.736790	continued:5	35070538537195014610850572350843326048502979382321291664	8375026989472334185362590303	-1,-7,-7,-7,-7,-7	-7,-7,-7,-7,-7	ok
-1.240534	-10.366972	-50.653291	0.734459	continued:5	35070538537195014610850572350843326048502979382321291664	8375026989472334185362590303	-1,-7,-7,-7,-7,-7	-7,-7,-7,-7,-7	ok
-1.237698	-10.366972	-51.140932	0.733003	continued:5	35070538537195014610850572350843326048502979382321291664	8375026989472334185362590303	-1,-7,-7,-7,-7,-7	-7,-7,-7,-7,-7	ok
-1.234862	-10.366972	-51.549795	0.732295	continued:5	35070538537195014610850572350843326048502979382321291664	8375026989472334185362590303	-1,-7,-7,-7,-7,-7	-7,-7,-7,-7,-7	ok
-1.232027	-10.366972	-51.886516	0.731921	full	35070538537195014610850572350843326048502979382321291664	8375026989472334185362590303	-1,-7,-7,-7,-7,-7	-7,-7,-7,-7,-7	ok
-1.229191	-10.366972	-47.979577	0.742236	continued:5	35070538537195014610850572350843326048502979382321291664	8375026989472334185362590303	-1,-7,-7,-7,-7,-7	-7,-7,-7,-7,-7	ok
-1.226355	-10.366972	-48.823811	0.739442	continued:5	35070538537195014610850572350843326048502979382321291664	8375026989472334185362590303	-1,-7,-7,-7,-7,-7	-7,-7,-7,-7,-7	ok
-1.223520	-10.366972	-49.561680	0.736649	continued:5	35070538537195014610850572350843326048502979382321291664	8375026989472334185362590303	-1,-7,-7,-7,-7,-7	-7,-7,-7,-7,-7	ok
-1.220684	-10.366972	-50.201602	0.733856	continued:5	35070538537195014610850572350843326048502979382321291664	8375026989472334185362590303	-1,-7,-7,-7,-7,-7	-7,-7,-7,-7,-7	ok
-1.217848	-10.366972	-50.753304	0.731731	continued:5	35070538537195014610850572350843326048502979382321291664	8375026989472334185362590303	-1,-7,-7,-7,-7,-7	-7,-7,-7,-7,-7	ok
-1.215013	-10.366972	-51.222078	0.730354	continued:5	35070538537195014610850572350843326048502979382321291664	8375026989472334185362590303	-1,-7,-7,-7,-7,-7	-7,-7,-7,-7,-7	ok
-1.212177	-10.366972	-51.613990	0.729646	continued:5	35070538537195014610850572350843326048502979382321291664	8375026989472334185362590303	-1,-7,-7,-7,-7,-7	-7,-7,-7,-7,-7	ok
-1.209341	-10.366972	-51.936282	0.729272	full	35070538537195014610850572350843326048502979382321291664	8375026989472334185362590303	-1,-7,-7,-7,-7,-7	-7,-7,-7,-7,-7	ok
-1.206505	-10.366972	-48.166565	0.739332	continued:5	35070538537195014610850572350843326048502979382321291664	8375026989472334185362590303	-1,-7,-7,-7,-7,-7	-7,-7,-7,-7,-7	ok
-1.203670	-10.366972	-48.986910	0.736539	continued:5	35070538537195014610850572350843326048502979382321291664	8375026989472334185362590303	-1,-7,-7,-7,-7,-7	-7,-7,-7,-7,-7	ok
-1.200834	-10.366972	-49.701627	0.733745	continued:5	35070538537195014610850572350843326048502979382321291664	8375026989472334185362590303	-1,-7,-7,-7,-7,-7	-7,-7,-7,-7,-7	ok
-1.197998	-10.366972	-50.319840	0.730952	continued:5	35070538537195014610850572350843326048502979382321291664	8375026989472334185362590303	-1,-7,-7,-7,-7,-7	-7,-7,-7,-7,-7	ok
-1.195163	-10.366972	-50.851831	0.728827	continued:5	35070538537195014610850572350843326048502979382321291664	8375026989472334185362590303	-1,-7,-7,-7,-7,-7	-7,-7,-7,-7,-7	ok
-1.192327	-10.366972	-51.303180	0.727578	continued:5	35070538537195014610850572350843326048502979382321291664	8375026989472334185362590303	-1,-7,-7,-7,-7,-7	-7,-7,-7,-7,-7	ok
-1.189491	-10.366972	-51.679008	0.727077	continued:5	35070538537195014610850572350843326048502979382321291664	8375026989472334185362590303	-1,-7,-7,-7,-7,-7	-7,-7,-7,-7,-7	ok
-1.186656	-10.366972	-51.986051	0.726703	full	35070538537195014610850572350843326048502979382321291664	8375026989472334185362590303	-1,-7,-7,-7,-7,-7	-7,-7,-7,-7,-7	ok
-1.183820	-10.366972	-48.363508	0.736452	continued:5	35070538537195014610850572350843326048502979382321291664	8375026989472334185362590303	-1,-7,-7,-7,-7,-7	-7,-7,-7,-7,-7	ok
-1.180984	-10.366972	-49.157336	0.733659	continued:5	35070538537195014610850572350843326048502979382321291664	8375026989472334185362590303	-1,-7,-7,-7,-7,-7	-7,-7,-7,-7,-7	ok
-1.178148	-10.366972	-49.846814	0.730866	continued:5	35070538537195014610850572350843326048502979382321291664	8375026989472334185362590303	-1,-7,-7,-7,-7,-7	-7,-7,-7,-7,-7	ok
-1.175313	-10.366972	-50.441733	0.728072	continued:5	35070538537195014610850572350843326048502979382321291664	8375026989472334185362590303	-1,-7,-7,-7,-7,-7	-7,-7,-7,-7,-7	ok
-1.172477	-10.366972	-50.952843	0.726154	continued:5	35070538537195014610850572350843326048502979382321291664	8375026989472334185362590303	-1,-7,-7,-7,-7,-7	-7,-7,-7,-7,-7	ok
-1.169641	-10.366972	-51.384286	0.724905	continued:5	35070538537195014610850572350843326048502979382321291664	8375026989472334185362590303	-1,-7,-7,-7,-7,-7	-7,-7,-7,-7,-7	ok
-1.166806	-10.366972	-51.743114	0.724404	continued:5	35070538537195014610850572350843326048502979382321291664	8375026989472334185362590303	-1,-7,-7,-7,-7,-7	-7,-7,-7,-7,-7	ok
-1.163970	-10.366972	-52.035811	0.724030	full	35070538537195014610850572350843326048502979382321291664	8375026989472334185362590303	-1,-7,-7,-7,-7,-7	-7,-7,-7,-7,-7	ok
-1.161134	-10.366972	-48.557761	0.733458	continued:5	35070538537195014610850572350843326048502979382321291664	8375026989472334185362590303	-1,-7,-7,-7,-7,-7	-7,-7,-7,-7,-7	ok
-1.158299	-10.366972	-49.325614	0.730664	continued:5	35070538537195014610850572350843326048502979382321291664	8375026989472334185362590303	-1,-7,-7,-7,-7,-7	-7,-7,-7,-7,-7	ok
-1.155463	-10.366972	-49.990495	0.727871	continued:5	35070538537195014610850572350843326048502979382321291664	8375026989472334185362590303	-1,-7,-7,-7,-7,-7	-7,-7,-7,-7,-7	ok
-1.152627	-10.366972	-50.562840	0.725205	continued:5	35070538537195014610850572350843326048502979382321291664	8375026989472334185362590303	-1,-7,-7,-7,-7,-7	-7,-7,-7,-7,-7	ok
-1.149791	-10.366972	-51.052779	0.723287	continued:5	35070538537195014610850572350843326048502979382321291664	8375026989472334185362590303	-1,-7,-7,-7,-7,-7	-7,-7,-7,-7,-7	ok
-1.146956	-10.366972	-51.465844	0.722245	continued:5	35070538537195014610850572350843326048502979382321291664	8375026989472334185362590303	-1,-7,-7,-7,-7,-7	-7,-7,-7,-7,-7	ok
-1.144120	-10.366972	-51.807376	0.721743	continued:5	35070538537195014610850572350843326048502979382321291664	8375026989472334185362590303	-1,-7,-7,-7,-7,-7	-7,-7,-7,-7,-7	ok
-1.141284	-10.366972	-52.085549	0.720701	full	35070538537195014610850572350843326048502979382321291664	8375026989472334185362590303	-1,-7,-7,-7,-7,-7	-7,-7,-7,-7,-7	ok
-1.138449	-10.366972	-48.283445	0.731865	continued:5	35070538537195014610850572350843326048502979382321291664	8375026989472334185362590303	-1,-7,-7,-7,-7,-7	-7,-7,-7,-7,-7	ok
-1.135613	-10.366972	-49.086390	0.729072	continued:5	35070538537195014610850572350843326048502979382321291664	8375026989472334185362590303	-1,-7,-7,-7,-7,-7	-7,-7,-7,-7,-7	ok
-1.132777	-10.366972	-49.782147	0.726278	continued:5	35070538537195014610850572350843326048502979382321291664	8375026989472334185362590303	-1,-7,-7,-7,-7,-7	-7,-7,-7,-7,-7	ok
-1.129942	-10.366972	-50.381312	0.723485	continued:5	35070538537195014610850572350843326048502979382321291664	8375026989472334185362590303	-1,-7,-7,-7,-7,-7	-7,-7,-7,-7,-7	ok
-1.127106	-10.366972	-50.895200	0.721233	continued:5	35070538537195014610850572350843326048502979382321291664	8375026989472334185362590303	-1,-7,-7,-7,-7,-7	-7,-7,-7,-7,-7	ok
-1.124270	-10.366972	-51.330972	0.719856	continued:5	35070538537195014610850572350843326048502979382321291664	8375026989472334185362590303	-1,-7,-7,-7,-7,-7	-7,-7,-7,-7,-7	ok
-1.121435	-10.366972	-51.693741	0.719148	continued:5	35070538537195014610850572350843326048502979382321291664	8375026989472334185362590303	-1,-7,-7,-7,-7,-7	-7,-7,-7,-7,-7	ok
-1.118599	-10.366972	-51.990695	0.718774	full	35070538537195014610850572350843326048502979382321291664	8375026989472334185362590303	-1,-7,-7,-7,-7,-7	-7,-7,-7,-7,-7	ok
-1.115763	-10.366972	-48.479640	0.728920	continued:5	35070538537195014610850572350843326048502979382321291664	8375026989472334185362590303	-1,-7,-7,-7,-7,-7	-7,-7,-7,-7,-7	ok
-1.112927	-10.366972	-49.255742	0.726126	continued:5	35070538537195014610850572350843326048502979382321291664	8375026989472334185362590303	-1,-7,-7,-7,-7,-7	-7,-7,-7,-7,-7	ok
-1.110092	-10.366972	-49.926274	0.723333	continued:5	35070538537195014610850572350843326048502979382321291664	8375026989472334185362590303	-1,-7,-7,-7,-7,-7	-7,-7,-7,-7,-7	ok
-1.107256	-10.366972	-50.502409	0.720540	continued:5	35070538537195014610850572350843326048502979382321291664	8375026989472334185362590303	-1,-7,-7,-7,-7,-7	-7,-7,-7,-7,-7	ok
-1.104420	-10.366972	-50.995831	0.718415	continued:5	35070538537195014610850572350843326048502979382321291664	8375026989472334185362590303	-1,-7,-7,-7,-7,-7	-7,-7,-7,-7,-7	ok
-1.101585	-10.366972	-51.412796	0.717038	continued:5	35070538537195014610850572350843326048502979382321291664	8375026989472334185362590303	-1,-7,-7,-7,-7,-7	-7,-7,-7,-7,-7	ok
-1.098749	-10.366972	-51.759554	0.716536	continued:5	35070538537195014610850572350843326048502979382321291664	8375026989472334185362590303	-1,-7,-7,-7,-7,-7	-7,-7,-7,-7,-7	ok
-1.095913	-10.366972	-52.041434	0.716163	full	35070538537195014610850572350843326048502979382321291664	8375026989472334185362590303	-1,-7,-7,-7,-7,-7	-7,-7,-7,-7,-7	ok
-1.093078	-10.366972	-48.676051	0.725799	continued:5	35070538537195014610850572350843326048502979382321291664	8375026989472334185362590303	-1,-7,-7,-7,-7,-7	-7,-7,-7,-7,-7	ok
-1.090242	-10.366972	-49.425963	0.723006	continued:5	35070538537195014610850572350843326048502979382321291664	8375026989472334185362590303	-1,-7,-7,-7,-7,-7	-7,-7,-7,-7,-7	ok
-1.087406	-10.366972	-50.071956	0.720213	continued:5	35070538537195014610850572350843326048502979382321291664	8375026989472334185362590303	-1,-7,-7,-7,-7,-7	-7,-7,-7,-7,-7	ok
-1.084570	-10.366972	-50.625772	0.717547	continued:5	35070538537195014610850572350843326048502979382321291664	8375026989472334185362590303	-1,-7,-7,-7,-7,-7	-7,-7,-7,-7,-7	ok
-1.081735	-10.366972	-51.098384	0.715629	continued:5	35070538537195014610850572350843326048502979382321291664	8375026989472334185362590303	-1,-7,-7,-7,-7,-7	-7,-7,-7,-7,-7	ok
-1.078899	-10.366972	-51.495734	0.714380	continued:5	35070538537195014610850572350843326048502979382321291664	8375026989472334185362590303	-1,-7,-7,-7,-7,-7	-7,-7,-7,-7,-7	ok
-1.076063	-10.366972	-51.824910	0.713878	continued:5	35070538537195014610850572350843326048502979382321291664	8375026989472334185362590303	-1,-7,-7,-7,-7,-7	-7,-7,-7,-7,-7	ok
-1.073228	-10.366972	-52.092116	0.713504	full	35070538537195014610850572350843326048502979382321291664	8375026989472334185362590303	-1,-7,-7,-7,-7,-7	-7,-7,-7,-7,-7	ok
-1.070392	-10.366972	-48.064186	0.725037	continued:5	35070538537195014610850572350843326048502979382321291664	8375026989472334185362590303	-1,-7,-7,-7,-7,-7	-7,-7,-7,-7,-7	ok
-1.067556	-10.366972	-48.897542	0.722244	continued:5	35070538537195014610850572350843326048502979382321291664	8375026989472334185362590303	-1,-7,-7,-7,-7,-7	-7,-7,-7,-7,-7	ok
-1.064721	-10.366972	-49.617225	0.719450	continued:5	35070538537195014610850572350843326048502979382321291664	8375026989472334185362590303	-1,-7,-7,-7,-7,-7	-7,-7,-7,-7,-7	ok
-1.061885	-10.366972	-50.235231	0.716657	continued:5	35070538537195014610850572350843326048502979382321291664	8375026989472334185362590303	-1,-7,-7,-7,-7,-7	-7,-7,-7,-7,-7	ok
-1.059049	-10.366972	-50.763861	0.714198	continued:5	35070538537195014610850572350843326048502979382321291664	8375026989472334185362590303	-1,-7,-7,-7,-7,-7	-7,-7,-7,-7,-7	ok
-1.056214	-10.366972	-51.212676	0.712408	continued:5	35070538537195014610850572350843326048502979382321291664	8375026989472334185362590303	-1,-7,-7,-7,-7,-7	-7,-7,-7,-7,-7	ok
-1.053378	-10.366972	-51.588633	0.711365	continued:5	35070538537195014610850572350843326048502979382321291664	8375026989472334185362590303	-1,-7,-7,-7,-7,-7	-7,-7,-7,-7,-7	ok
-1.050542	-10.366972	-51.898170	0.710863	continued:5	35070538537195014610850572350843326048502979382321291664	8375026989472334185362590303	-1,-7,-7,-7,-7,-7	-7,-7,-7,-7,-7	ok
-1.047706	-10.366972	-52.149050	0.710490	full	35070538537195014610850572350843326048502979382321291664	8375026989472334185362590303	-1,-7,-7,-7,-7,-7	-7,-7,-7,-7,-7	ok
-1.044871	-10.366972	-48.342124	0.721704	continued:5	35070538537195014610850572350843326048502979382321291664	8375026989472334185362590303	-1,-7,-7,-7,-7,-7	-7,-7,-7,-7,-7	ok
-1.042035	-10.366972	-49.136145	0.718911	continued:5	35070538537195014610850572350843326048502979382321291664	8375026989472334185362590303	-1,-7,-7,-7,-7,-7	-7,-7,-7,-7,-7	ok
-1.039199	-10.366972	-49.819556	0.716117	continued:5	35070538537195014610850572350843326048502979382321291664	8375026989472334185362590303	-1,-7,-7,-7,-7,-7	-7,-7,-7,-7,-7	ok
-1.036364	-10.366972	-50.404864	0.713324	continued:5	35070538537195014610850572350843326048502979382321291664	8375026989472334185362590303	-1,-7,-7,-7,-7,-7	-7,-7,-7,-7,-7	ok
-1.033528	-10.366972	-50.904711	0.710865	continued:5	35070538537195014610850572350843326048502979382321291664	8375026989472334185362590303	-1,-7,-7,-7,-7,-7	-7,-7,-7,-7,-7	ok
-1.030692	-10.366972	-51.328706	0.709281	continued:5	35070538537195014610850572350843326048502979382321291664	8375026989472334185362590303	-1,-7,-7,-7,-7,-7	-7,-7,-7,-7,-7	ok
-1.027857	-10.366972	-51.681954	0.708367	continued:5	35070538537195014610850572350843326048502979382321291664	8375026989472334185362590303	-1,-7,-7,-7,-7,-7	-7,-7,-7,-7,-7	ok
-1.025021	-10.366972	-51.971518	0.707865	continued:5	35070538537195014610850572350843326048502979382321291664	8375026989472334185362590303	-1,-7,-7,-7,-7,-7	-7,-7,-7,-7,-7	ok
-1.022185	-10.366972	-52.205877	0.707363	full	35070538537195014610850572350843326048502979382321291664	8375026989472334185362590303	-1,-7,-7,-7,-7,-7	-7,-7,-7,-7,-7	ok
-1.019349	-10.366972	-48.861043	0.717369	continued:5	35070538537195014610850572350843326048502979382321291664	8375026989472334185362590303	-1,-7,-7,-7,-7,-7	-7,-7,-7,-7,-7	ok
-1.016514	-10.366972	-49.582595	0.714575	continued:5	35070538537195014610850572350843326048502979382321291664	8375026989472334185362590303	-1,-7,-7,-7,-7,-7	-7,-7,-7,-7,-7	ok
-1.013678	-10.366972	-50.200668	0.711782	continued:5	35070538537195014610850572350843326048502979382321291664	8375026989472334185362590303	-1,-7,-7,-7,-7,-7	-7,-7,-7,-7,-7	ok
-1.010842	-10.366972	-50.728277	0.709116	continued:5	35070538537195014610850572350843326048502979382321291664	8375026989472334185362590303	-1,-7,-7,-7,-7,-7	-7,-7,-7,-7,-7	ok
-1.008007	-10.366972	-51.177143	0.707198	continued:5	35070538537195014610850572350843326048502979382321291664	8375026989472334185362590303	-1,-7,-7,-7,-7,-7	-7,-7,-7,-7,-7	ok
-1.005171	-10.366972	-51.553481	0.705949	continued:5	35070538537195014610850572350843326048502979382321291664	8375026989472334185362590303	-1,-7,-7,-7,-7,-7	-7,-7,-7,-7,-7	ok
-1.002335	-10.366972	-51.864368	0.705241	continued:5	35070538537195014610850572350843326048502979382321291664	8375026989472334185362590303	-1,-7,-7,-7,-7,-7	-7,-7,-7,-7,-7	ok
-0.999500	-10.366972	-52.117431	0.704867	full	35070538537195014610850572350843326048502979382321291664	8375026989472334185362590303	-1,-7,-7,-7,-7,-7	-7,-7,-7,-7,-7	ok
-0.996664	-10.366972	-48.279521	0.716591	continued:5	35070538537195014610850572350843326048502979382321291664	8375026989472334185362590303	-1,-7,-7,-7,-7,-7	-7,-7,-7,-7,-7	ok
-0.993828	-10.366972	-49.083564	0.713797	continued:5	35070538537195014610850572350843326048502979382321291664	8375026989472334185362590303	-1,-7,-7,-7,-7,-7	-7,-7,-7,-7,-7	ok
-0.990992	-10.366972	-49.773474	0.711004	continued:5	35070538537195014610850572350843326048502979382321291664	8375026989472334185362590303	-1,-7,-7,-7,-7,-7	-7,-7,-7,-7,-7	ok
-0.988157	-10.366972	-50.362812	0.708211	continued:5	35070538537195014610850572350843326048502979382321291664	8375026989472334185362590303	-1,-7,-7,-7,-7,-7	-7,-7,-7,-7,-7	ok
-0.985321	-10.366972	-50.864973	0.705752	continued:5	35070538537195014610850572350843326048502979382321291664	8375026989472334185362590303	-1,-7,-7,-7,-7,-7	-7,-7,-7,-7,-7	ok
-0.982485	-10.366972	-51.290084	0.703961	continued:5	35070538537195014610850572350843326048502979382321291664	8375026989472334185362590303	-1,-7,-7,-7,-7,-7	-7,-7,-7,-7,-7	ok
-0.979650	-10.366972	-51.645256	0.702712	continued:5	35070538537195014610850572350843326048502979382321291664	8375026989472334185362590303	-1,-7,-7,-7,-7,-7	-7,-7,-7,-7,-7	ok
-0.976814	-10.366972	-51.938457	0.702211	continued:5	35070538537195014610850572350843326048502979382321291664	8375026989472334185362590303	-1,-7,-7,-7,-7,-7	-7,-7,-7,-7,-7	ok
-0.973978	-10.366972	-52.175233	0.701837	full	35070538537195014610850572350843326048502979382321291664	8375026989472334185362590303	-1,-7,-7,-7,-7,-7	-7,-7,-7,-7,-7	ok
-0.971143	-10.366972	-48.564282	0.713192	continued:5	35070538537195014610850572350843326048502979382321291664	8375026989472334185362590303	-1,-7,-7,-7,-7,-7	-7,-7,-7,-7,-7	ok
-0.968307	-10.366972	-49.326504	0.710399	continued:5	35070538537195014610850572350843326048502979382321291664	8375026989472334185362590303	-1,-7,-7,-7,-7,-7	-7,-7,-7,-7,-7	ok
-0.965471	-10.366972	-49.978527	0.707605	continued:5	35070538537195014610850572350843326048502979382321291664	8375026989472334185362590303	-1,-7,-7,-7,-7,-7	-7,-7,-7,-7,-7	ok
-0.962636	-10.366972	-50.534259	0.704812	continued:5	35070538537195014610850572350843326048502979382321291664	8375026989472334185362590303	-1,-7,-7,-7,-7,-7	-7,-7,-7,-7,-7	ok
-0.959800	-10.366972	-51.007235	0.702353	continued:5	35070538537195014610850572350843326048502979382321291664	8375026989472334185362590303	-1,-7,-7,-7,-7,-7	-7,-7,-7,-7,-7	ok
-0.956964	-10.366972	-51.407458	0.700769	continued:5	35070538537195014610850572350843326048502979382321291664	8375026989472334185362590303	-1,-7,-7,-7,-7,-7	-7,-7,-7,-7,-7	ok
-0.954128	-10.366972	-51.740031	0.699727	continued:5	35070538537195014610850572350843326048502979382321291664	8375026989472334185362590303	-1,-7,-7,-7,-7,-7	-7,-7,-7,-7,-7	ok
-0.951293	-10.366972	-52.012845	0.699225	continued:5	35070538537195014610850572350843326048502979382321291664	8375026989472334185362590303	-1,-7,-7,-7,-7,-7	-7,-7,-7,-7,-7	ok
-0.948457	-10.366972	-52.232875	0.698851	full	35070538537195014610850572350843326048502979382321291664	8375026989472334185362590303	-1,-7,-7,-7,-7,-7	-7,-7,-7,-7,-7	ok
-0.945621	-10.366972	-48.843995	0.709573	continued:5	35070538537195014610850572350843326048502979382321291664	8375026989472334185362590303	-1,-7,-7,-7,-7,-7	-7,-7,-7,-7,-7	ok
-0.942786	-10.366972	-49.565773	0.706779	continued:5	35070538537195014610850572350843326048502979382321291664	8375026989472334185362590303	-1,-7,-7,-7,-7,-7	-7,-7,-7,-7,-7	ok
-0.939950	-10.366972	-50.181354	0.703986	continued:5	35070538537195014610850572350843326048502979382321291664	8375026989472334185362590303	-1,-7,-7,-7,-7,-7	-7,-7,-7,-7,-7	ok
-0.937114	-10.366972	-50.704965	0.701192	continued:5	35070538537195014610850572350843326048502979382321291664	8375026989472334185362590303	-1,-7,-7,-7,-7,-7	-7,-7,-7,-7,-7	ok
-0.934279	-10.366972	-51.150198	0.699068	continued:5	35070538537195014610850572350843326048502979382321291664	8375026989472334185362590303	-1,-7,-7,-7,-7,-7	-7,-7,-7,-7,-7	ok
-0.931443	-10.366972	-51.524120	0.697612	continued:5	35070538537195014610850572350843326048502979382321291664	8375026989472334185362590303	-1,-7,-7,-7,-7,-7	-7,-7,-7,-7,-7	ok
-0.928607	-10.366972	-51.833750	0.696697	continued:5	35070538537195014610850572350843326048502979382321291664	8375026989472334185362590303	-1,-7,-7,-7,-7,-7	-7,-7,-7,-7,-7	ok
-0.925771	-10.366972	-52.086628	0.696196	continued:5	35070538537195014610850572350843326048502979382321291664	8375026989472334185362590303	-1,-7,-7,-7,-7,-7	-7,-7,-7,-7,-7	ok
-0.922936	-10.366972	-52.290336	0.695822	full	35070538537195014610850572350843326048502979382321291664	8375026989472334185362590303	-1,-7,-7,-7,-7,-7	-7,-7,-7,-7,-7	ok
-0.920100	-10.366972	-48.359045	0.708256	continued:5	35070538537195014610850572350843326048502979382321291664	8375026989472334185362590303	-1,-7,-7,-7,-7,-7	-7,-7,-7,-7,-7	ok
-0.917264	-10.366972	-49.151764	0.705463	continued:5	35070538537195014610850572350843326048502979382321291664	8375026989472334185362590303	-1,-7,-7,-7,-7,-7	-7,-7,-7,-7,-7	ok
-0.914429	-10.366972	-49.828166	0.702670	continued:5	35070538537195014610850572350843326048502979382321291664	8375026989472334185362590303	-1,-7,-7,-7,-7,-7	-7,-7,-7,-7,-7	ok
-0.911593	-10.366972	-50.403348	0.699876	continued:5	35070538537195014610850572350843326048502979382321291664	8375026989472334185362590303	-1,-7,-7,-7,-7,-7	-7,-7,-7,-7,-7	ok
-0.908757	-10.366972	-50.891738	0.697211	continued:5	35070538537195014610850572350843326048502979382321291664	8375026989472334185362590303	-1,-7,-7,-7,-7,-7	-7,-7,-7,-7,-7	ok
-0.905922	-10.366972	-51.305770	0.695293	continued:5	35070538537195014610850572350843326048502979382321291664	8375026989472334185362590303	-1,-7,-7,-7,-7,-7	-7,-7,-7,-7,-7	ok
-0.903086	-10.366972	-51.651758	0.694043	continued:5	35070538537195014610850572350843326048502979382321291664	8375026989472334185362590303	-1,-7,-7,-7,-7,-7	-7,-7,-7,-7,-7	ok
-0.900250	-10.366972	-51.936554	0.693208	continued:5	35070538537195014610850572350843326048502979382321291664	8375026989472334185362590303	-1,-7,-7,-7,-7,-7	-7,-7,-7,-7,-7	ok
-0.897415	-10.366972	-52.168412	0.692834	continued:5	35070538537195014610850572350843326048502979382321291664	8375026989472334185362590303	-1,-7,-7,-7,-7,-7	-7,-7,-7,-7,-7	ok
-0.894579	-10.366972	-52.353948	0.692126	full	35070538537195014610850572350843326048502979382321291664	8375026989472334185362590303	-1,-7,-7,-7,-7,-7	-7,-7,-7,-7,-7	ok
-0.891743	-10.366972	-48.856580	0.703705	continued:5	35070538537195014610850572350843326048502979382321291664	8375026989472334185362590303	-1,-7,-7,-7,-7,-7	-7,-7,-7,-7,-7	ok
-0.888907	-10.366972	-49.576268	0.700911	continued:5	35070538537195014610850572350843326048502979382321291664	8375026989472334185362590303	-1,-7,-7,-7,-7,-7	-7,-7,-7,-7,-7	ok
-0.886072	-10.366972	-50.187965	0.698118	continued:5	35070538537195014610850572350843326048502979382321291664	8375026989472334185362590303	-1,-7,-7,-7,-7,-7	-7,-7,-7,-7,-7	ok
-0.883236	-10.366972	-50.706818	0.695325	continued:5	35070538537195014610850572350843326048502979382321291664	8375026989472334185362590303	-1,-7,-7,-7,-7,-7	-7,-7,-7,-7,-7	ok
-0.880400	-10.366972	-51.147039	0.692994	continued:5	35070538537195014610850572350843326048502979382321291664	8375026989472334185362590303	-1,-7,-7,-7,-7,-7	-7,-7,-7,-7,-7	ok
-0.877565	-10.366972	-51.517733	0.691410	continued:5	35070538537195014610850572350843326048502979382321291664	8375026989472334185362590303	-1,-7,-7,-7,-7,-7	-7,-7,-7,-7,-7	ok
-0.874729	-10.366972	-51.825068	0.690495	continued:5	35070538537195014610850572350843326048502979382321291664	8375026989472334185362590303	-1,-7,-7,-7,-7,-7	-7,-7,-7,-7,-7	ok
-0.871893	-10.366972	-52.075495	0.689787	continued:5	35070538537195014610850572350843326048502979382321291664	8375026989472334185362590303	-1,-7,-7,-7,-7,-7	-7,-7,-7,-7,-7	ok
-0.869058	-10.366972	-52.278395	0.689413	full	35070538537195014610850572350843326048502979382321291664	8375026989472334185362590303	-1,-7,-7,-7,-7,-7	-7,-7,-7,-7,-7	ok
-0.866222	-10.366972	-48.391455	0.702495	continued:5	35070538537195014610850572350843326048502979382321291664	8375026989472334185362590303	-1,-7,-7,-7,-7,-7	-7,-7,-7,-7,-7	ok
-0.863386	-10.366972	-49.179428	0.699702	continued:5	35070538537195014610850572350843326048502979382321291664	8375026989472334185362590303	-1,-7,-7,-7,-7,-7	-7,-7,-7,-7,-7	ok
-0.860550	-10.366972	-49.849275	0.696909	continued:5	35070538537195014610850572350843326048502979382321291664	8375026989472334185362590303	-1,-7,-7,-7,-7,-7	-7,-7,-7,-7,-7	ok
-0.857715	-10.366972	-50.417154	0.694115	continued:5	35070538537195014610850572350843326048502979382321291664	8375026989472334185362590303	-1,-7,-7,-7,-7,-7	-7,-7,-7,-7,-7	ok
-0.854879	-10.366972	-50.898204	0.691450	continued:5	35070538537195014610850572350843326048502979382321291664	8375026989472334185362590303	-1,-7,-7,-7,-7,-7	-7,-7,-7,-7,-7	ok
-0.852043	-10.366972	-51.305282	0.689325	continued:5	35070538537195014610850572350843326048502979382321291664	8375026989472334185362590303	-1,-7,-7,-7,-7,-7	-7,-7,-7,-7,-7	ok
-0.849208	-10.366972	-51.646588	0.687869	continued:5	35070538537195014610850572350843326048502979382321291664	8375026989472334185362590303	-1,-7,-7,-7,-7,-7	-7,-7,-7,-7,-7	ok
-0.846372	-10.366972	-51.928652	0.686954	continued:5	35070538537195014610850572350843326048502979382321291664	8375026989472334185362590303	-1,-7,-7,-7,-7,-7	-7,-7,-7,-7,-7	ok
-0.843536	-10.366972	-52.158411	0.686453	continued:5	35070538537195014610850572350843326048502979382321291664	8375026989472334185362590303	-1,-7,-7,-7,-7,-7	-7,-7,-7,-7,-7	ok
-0.840701	-10.366972	-52.342832	0.686079	full	35070538537195014610850572350843326048502979382321291664	8375026989472334185362590303	-1,-7,-7,-7,-7,-7	-7,-7,-7,-7,-7	ok
-0.837865	-10.366972	-48.766996	0.698327	continued:5	35070538537195014610850572350843326048502979382321291664	8375026989472334185362590303	-1,-7,-7,-7,-7,-7	-7,-7,-7,-7,-7	ok
-0.835029	-10.366972	-49.498939	0.695533	continued:5	35070538537195014610850572350843326048502979382321291664	8375026989472334185362590303	-1,-7,-7,-7,-7,-7	-7,-7,-7,-7,-7	ok
-0.832193	-10.366972	-50.119208	0.692740	continued:5	35070538537195014610850572350843326048502979382321291664	8375026989472334185362590303	-1,-7,-7,-7,-7,-7	-7,-7,-7,-7,-7	ok
-0.829358	-10.366972	-50.643977	0.689947	continued:5	35070538537195014610850572350843326048502979382321291664	8375026989472334185362590303	-1,-7,-7,-7,-7,-7	-7,-7,-7,-7,-7	ok
-0.826522	-10.366972	-51.088199	0.687488	continued:5	35070538537195014610850572350843326048502979382321291664	8375026989472334185362590303	-1,-7,-7,-7,-7,-7	-7,-7,-7,-7,-7	ok
-0.823686	-10.366972	-51.462555	0.685697	continued:5	35070538537195014610850572350843326048502979382321291664	8375026989472334185362590303	-1,-7,-7,-7,-7,-7	-7,-7,-7,-7,-7	ok
-0.820851	-10.366972	-51.773972	0.684320	continued:5	35070538537195014610850572350843326048502979382321291664	8375026989472334185362590303	-1,-7,-7,-7,-7,-7	-7,-7,-7,-7,-7	ok
-0.818015	-10.366972	-52.030920	0.683485	continued:5	35070538537195014610850572350843326048502979382321291664	8375026989472334185362590303	-1,-7,-7,-7,-7,-7	-7,-7,-7,-7,-7	ok
-0.815179	-10.366972	-52.239605	0.682983	continued:5	35070538537195014610850572350843326048502979382321291664	8375026989472334185362590303	-1,-7,-7,-7,-7,-7	-7,-7,-7,-7,-7	ok
-0.812344	-10.366972	-52.406948	0.682609	full	35070538537195014610850572350843326048502979382321291664	8375026989472334185362590303	-1,-7,-7,-7,-7,-7	-7,-7,-7,-7,-7	ok
-0.809508	-10.366972	-48.395124	0.696373	continued:5	35070538537195014610850572350843326048502979382321291664	8375026989472334185362590303	-1,-7,-7,-7,-7,-7	-7,-7,-7,-7,-7	ok
-0.806672	-10.366972	-49.184398	0.693580	continued:5	35070538537195014610850572350843326048502979382321291664	8375026989472334185362590303	-1,-7,-7,-7,-7,-7	-7,-7,-7,-7,-7	ok
-0.803837	-10.366972	-49.852681	0.690786	continued:5	35070538537195014610850572350843326048502979382321291664	8375026989472334185362590303	-1,-7,-7,-7,-7,-7	-7,-7,-7,-7,-7	ok
-0.801001	-10.366972	-50.417367	0.687993	continued:5	35070538537195014610850572350843326048502979382321291664	8375026989472334185362590303	-1,-7,-7,-7,-7,-7	-7,-7,-7,-7,-7	ok
-0.798165	-10.366972	-50.894433	0.685200	continued:5	35070538537195014610850572350843326048502979382321291664	8375026989472334185362590303	-1,-7,-7,-7,-7,-7	-7,-7,-7,-7,-7	ok
-0.795329	-10.366972	-51.298360	0.683075	continued:5	35070538537195014610850572350843326048502979382321291664	8375026989472334185362590303	-1,-7,-7,-7,-7,-7	-7,-7,-7,-7,-7	ok
-0.792494	-10.366972	-51.636324	0.681491	continued:5	35070538537195014610850572350843326048502979382321291664	8375026989472334185362590303	-1,-7,-7,-7,-7,-7	-7,-7,-7,-7,-7	ok
-0.789658	-10.366972	-51.916113	0.680242	continued:5	35070538537195014610850572350843326048502979382321291664	8375026989472334185362590303	-1,-7,-7,-7,-7,-7	-7,-7,-7,-7,-7	ok
-0.786822	-10.366972	-52.146239	0.679741	continued:5	35070538537195014610850572350843326048502979382321291664	8375026989472334185362590303	-1,-7,-7,-7,-7,-7	-7,-7,-7,-7,-7	ok
-0.783987	-10.366972	-52.330471	0.679367	continued:5	35070538537195014610850572350843326048502979382321291664	8375026989472334185362590303	-1,-7,-7,-7,-7,-7	-7,-7,-7,-7,-7	ok
-0.781151	-10.366972	-52.477075	0.678993	full	35070538537195014610850572350843326048502979382321291664	8375026989472334185362590303	-1,-7,-7,-7,-7,-7	-7,-7,-7,-7,-7	ok
-0.778315	-10.366972	-48.862834	0.691538	continued:5	35070538537195014610850572350843326048502979382321291664	8375026989472334185362590303	-1,-7,-7,-7,-7,-7	-7,-7,-7,-7,-7	ok
-0.775480	-10.366972	-49.581437	0.688745	continued:5	35070538537195014610850572350843326048502979382321291664	8375026989472334185362590303	-1,-7,-7,-7,-7,-7	-7,-7,-7,-7,-7	ok
-0.772644	-10.366972	-50.187894	0.685951	continued:5	35070538537195014610850572350843326048502979382321291664	8375026989472334185362590303	-1,-7,-7,-7,-7,-7	-7,-7,-7,-7,-7	ok
-0.769808	-10.366972	-50.699323	0.683158	continued:5	35070538537195014610850572350843326048502979382321291664	8375026989472334185362590303	-1,-7,-7,-7,-7,-7	-7,-7,-7,-7,-7	ok
-0.766972	-10.366972	-51.131251	0.680699	continued:5	35070538537195014610850572350843326048502979382321291664	8375026989472334185362590303	-1,-7,-7,-7,-7,-7	-7,-7,-7,-7,-7	ok
-0.764137	-10.366972	-51.494611	0.678781	continued:5	35070538537195014610850572350843326048502979382321291664	8375026989472334185362590303	-1,-7,-7,-7,-7,-7	-7,-7,-7,-7,-7	ok
-0.761301	-10.366972	-51.797438	0.677325	continued:5	35070538537195014610850572350843326048502979382321291664	8375026989472334185362590303	-1,-7,-7,-7,-7,-7	-7,-7,-7,-7,-7	ok
-0.758465	-10.366972	-52.047510	0.676410	continued:5	35070538537195014610850572350843326048502979382321291664	8375026989472334185362590303	-1,-7,-7,-7,-7,-7	-7,-7,-7,-7,-7	ok
-0.755630	-10.366972	-52.250812	0.675909	continued:5	35070538537195014610850572350843326048502979382321291664	8375026989472334185362590303	-1,-7,-7,-7,-7,-7	-7,-7,-7,-7,-7	ok
-0.752794	-10.366972	-52.413425	0.675535	full	35070538537195014610850572350843326048502979382321291664	8375026989472334185362590303	-1,-7,-7,-7,-7,-7	-7,-7,-7,-7,-7	ok
-0.749958	-10.366972	-48.524612	0.689713	continued:5	35070538537195014610850572350843326048502979382321291664	8375026989472334185362590303	-1,-7,-7,-7,-7,-7	-7,-7,-7,-7,-7	ok
-0.747123	-10.366972	-49.294850	0.686920	continued:5	35070538537195014610850572350843326048502979382321291664	8375026989472334185362590303	-1,-7,-7,-7,-7,-7	-7,-7,-7,-7,-7	ok
-0.744287	-10.366972	-49.944217	0.684126	continued:5	35070538537195014610850572350843326048502979382321291664	8375026989472334185362590303	-1,-7,-7,-7,-7,-7	-7,-7,-7,-7,-7	ok
-0.741451	-10.366972	-50.491063	0.681333	continued:5	35070538537195014610850572350843326048502979382321291664	8375026989472334185362590303	-1,-7,-7,-7,-7,-7	-7,-7,-7,-7,-7	ok
-0.738616	-10.366972	-50.951950	0.678539	continued:5	35070538537195014610850572350843326048502979382321291664	8375026989472334185362590303	-1,-7,-7,-7,-7,-7	-7,-7,-7,-7,-7	ok
-0.735780	-10.366972	-51.341618	0.676208	continued:5	35070538537195014610850572350843326048502979382321291664	8375026989472334185362590303	-1,-7,-7,-7,-7,-7	-7,-7,-7,-7,-7	ok
-0.732944	-10.366972	-51.668974	0.674625	continued:5	35070538537195014610850572350843326048502979382321291664	8375026989472334185362590303	-1,-7,-7,-7,-7,-7	-7,-7,-7,-7,-7	ok
-0.730108	-10.366972	-51.939551	0.673375	continued:5	35070538537195014610850572350843326048502979382321291664	8375026989472334185362590303	-1,-7,-7,-7,-7,-7	-7,-7,-7,-7,-7	ok
-0.727273	-10.366972	-52.161772	0.672667	continued:5	35070538537195014610850572350843326048502979382321291664	8375026989472334185362590303	-1,-7,-7,-7,-7,-7	-7,-7,-7,-7,-7	ok
-0.724437	-10.366972	-52.340926	0.672166	continued:5	35070538537195014610850572350843326048502979382321291664	8375026989472334185362590303	-1,-7,-7,-7,-7,-7	-7,-7,-7,-7,-7	ok
-0.721601	-10.366972	-52.484144	0.671792	full	35070538537195014610850572350843326048502979382321291664	8375026989472334185362590303	-1,-7,-7,-7,-7,-7	-7,-7,-7,-7,-7	ok
-0.718766	-10.366972	-49.011660	0.684673	continued:5	35070538537195014610850572350843326048502979382321291664	8375026989472334185362590303	-1,-7,-7,-7,-7,-7	-7,-7,-7,-7,-7	ok
-0.715930	-10.366972	-49.707455	0.681880	continued:5	35070538537195014610850572350843326048502979382321291664	8375026989472334185362590303	-1,-7,-7,-7,-7,-7	-7,-7,-7,-7,-7	ok
-0.713094	-10.366972	-50.292374	0.679086	continued:5	35070538537195014610850572350843326048502979382321291664	8375026989472334185362590303	-1,-7,-7,-7,-7,-7	-7,-7,-7,-7,-7	ok
-0.710259	-10.366972	-50.784230	0.676293	continued:5	35070538537195014610850572350843326048502979382321291664	8375026989472334185362590303	-1,-7,-7,-7,-7,-7	-7,-7,-7,-7,-7	ok
-0.707423	-10.366972	-51.198882	0.673834	continued:5	35070538537195014610850572350843326048502979382321291664	8375026989472334185362590303	-1,-7,-7,-7,-7,-7	-7,-7,-7,-7,-7	ok
-0.704587	-10.366972	-51.547304	0.671916	continued:5	35070538537195014610850572350843326048502979382321291664	8375026989472334185362590303	-1,-7,-7,-7,-7,-7	-7,-7,-7,-7,-7	ok
-0.701751	-10.366972	-51.837383	0.670460	continued:5	35070538537195014610850572350843326048502979382321291664	8375026989472334185362590303	-1,-7,-7,-7,-7,-7	-7,-7,-7,-7,-7	ok
-0.698916	-10.366972	-52.076677	0.669417	continued:5	35070538537195014610850572350843326048502979382321291664	8375026989472334185362590303	-1,-7,-7,-7,-7,-7	-7,-7,-7,-7,-7	ok
-0.696080	-10.366972	-52.271967	0.668709	continued:5	35070538537195014610850572350843326048502979382321291664	8375026989472334185362590303	-1,-7,-7,-7,-7,-7	-7,-7,-7,-7,-7	ok
-0.693244	-10.366972	-52.429502	0.668335	continued:5	35070538537195014610850572350843326048502979382321291664	8375026989472334185362590303	-1,-7,-7,-7,-7,-7	-7,-7,-7,-7,-7	ok
-0.690409	-10.366972	-52.554348	0.667962	full	35070538537195014610850572350843326048502979382321291664	8375026989472334185362590303	-1,-7,-7,-7,-7,-7	-7,-7,-7,-7,-7	ok
-0.687573	-10.366972	-48.850644	0.682062	continued:5	35070538537195014610850572350843326048502979382321291664	8375026989472334185362590303	-1,-7,-7,-7,-7,-7	-7,-7,-7,-7,-7	ok
-0.684737	-10.366972	-49.570687	0.679269	continued:5	35070538537195014610850572350843326048502979382321291664	8375026989472334185362590303	-1,-7,-7,-7,-7,-7	-7,-7,-7,-7,-7	ok
-0.681902	-10.366972	-50.175008	0.676476	continued:5	35070538537195014610850572350843326048502979382321291664	8375026989472334185362590303	-1,-7,-7,-7,-7,-7	-7,-7,-7,-7,-7	ok
-0.679066	-10.366972	-50.682330	0.673682	continued:5	35070538537195014610850572350843326048502979382321291664	8375026989472334185362590303	-1,-7,-7,-7,-7,-7	-7,-7,-7,-7,-7	ok
-0.676230	-10.366972	-51.109238	0.670889	continued:5	35070538537195014610850572350843326048502979382321291664	8375026989472334185362590303	-1,-7,-7,-7,-7,-7	-7,-7,-7,-7,-7	ok
-0.673394	-10.366972	-51.470178	0.668764	continued:5	35070538537195014610850572350843326048502979382321291664	8375026989472334185362590303	-1,-7,-7,-7,-7,-7	-7,-7,-7,-7,-7	ok
-0.670559	-10.366972	-51.771771	0.667181	continued:5	35070538537195014610850572350843326048502979382321291664	8375026989472334185362590303	-1,-7,-7,-7,-7,-7	-7,-7,-7,-7,-7	ok
-0.667723	-10.366972	-52.021063	0.665931	continued:5	35070538537195014610850572350843326048502979382321291664	8375026989472334185362590303	-1,-7,-7,-7,-7,-7	-7,-7,-7,-7,-7	ok
-0.664887	-10.366972	-52.225797	0.665017	continued:5	35070538537195014610850572350843326048502979382321291664	8375026989472334185362590303	-1,-7,-7,-7,-7,-7	-7,-7,-7,-7,-7	ok
-0.662052	-10.366972	-52.392329	0.664515	continued:5	35070538537195014610850572350843326048502979382321291664	8375026989472334185362590303	-1,-7,-7,-7,-7,-7	-7,-7,-7,-7,-7	ok
-0.659216	-10.366972	-52.525168	0.664141	continued:5	35070538537195014610850572350843326048502979382321291664	8375026989472334185362590303	-1,-7,-7,-7,-7,-7	-7,-7,-7,-7,-7	ok
-0.656380	-10.366972	-52.630313	0.663767	full	35070538537195014610850572350843326048502979382321291664	8375026989472334185362590303	-1,-7,-7,-7,-7,-7	-7,-7,-7,-7,-7	ok
-0.653545	-10.366972	-49.232666	0.677164	continued:5	35070538537195014610850572350843326048502979382321291664	8375026989472334185362590303	-1,-7,-7,-7,-7,-7	-7,-7,-7,-7,-7	ok
-0.650709	-10.366972	-49.891434	0.674370	continued:5	35070538537195014610850572350843326048502979382321291664	8375026989472334185362590303	-1,-7,-7,-7,-7,-7	-7,-7,-7,-7,-7	ok
-0.647873	-10.366972	-50.443219	0.671577	continued:5	35070538537195014610850572350843326048502979382321291664	8375026989472334185362590303	-1,-7,-7,-7,-7,-7	-7,-7,-7,-7,-7	ok
-0.645038	-10.366972	-50.906146	0.668784	continued:5	35070538537195014610850572350843326048502979382321291664	8375026989472334185362590303	-1,-7,-7,-7,-7,-7	-7,-7,-7,-7,-7	ok
-0.642202	-10.366972	-51.296046	0.666118	continued:5	35070538537195014610850572350843326048502979382321291664	8375026989472334185362590303	-1,-7,-7,-7,-7,-7	-7,-7,-7,-7,-7	ok
-0.639366	-10.366972	-51.625376	0.664200	continued:5	35070538537195014610850572350843326048502979382321291664	8375026989472334185362590303	-1,-7,-7,-7,-7,-7	-7,-7,-7,-7,-7	ok
-0.636530	-10.366972	-51.899408	0.662823	continued:5	35070538537195014610850572350843326048502979382321291664	8375026989472334185362590303	-1,-7,-7,-7,-7,-7	-7,-7,-7,-7,-7	ok
-0.633695	-10.366972	-52.124647	0.661574	continued:5	35070538537195014610850572350843326048502979382321291664	8375026989472334185362590303	-1,-7,-7,-7,-7,-7	-7,-7,-7,-7,-7	ok
-0.630859	-10.366972	-52.310030	0.660866	continued:5	35070538537195014610850572350843326048502979382321291664	8375026989472334185362590303	-1,-7,-7,-7,-7,-7	-7,-7,-7,-7,-7	ok
-0.628023	-10.366972	-52.459305	0.660364	continued:5	35070538537195014610850572350843326048502979382321291664	8375026989472334185362590303	-1,-7,-7,-7,-7,-7	-7,-7,-7,-7,-7	ok
-0.625188	-10.366972	-52.578334	0.659990	full	35070538537195014610850572350843326048502979382321291664	8375026989472334185362590303	-1,-7,-7,-7,-7,-7	-7,-7,-7,-7,-7	ok
-0.622352	-10.366972	-49.084191	0.674171	continued:5	35070538537195014610850572350843326048502979382321291664	8375026989472334185362590303	-1,-7,-7,-7,-7,-7	-7,-7,-7,-7,-7	ok
-0.619516	-10.366972	-49.769196	0.671378	continued:5	35070538537195014610850572350843326048502979382321291664	8375026989472334185362590303	-1,-7,-7,-7,-7,-7	-7,-7,-7,-7,-7	ok
-0.616681	-10.366972	-50.341686	0.668585	continued:5	35070538537195014610850572350843326048502979382321291664	8375026989472334185362590303	-1,-7,-7,-7,-7,-7	-7,-7,-7,-7,-7	ok
-0.613845	-10.366972	-50.820882	0.665791	continued:5	35070538537195014610850572350843326048502979382321291664	8375026989472334185362590303	-1,-7,-7,-7,-7,-7	-7,-7,-7,-7,-7	ok
-0.611009	-10.366972	-51.223498	0.663126	continued:5	35070538537195014610850572350843326048502979382321291664	8375026989472334185362590303	-1,-7,-7,-7,-7,-7	-7,-7,-7,-7,-7	ok
-0.608173	-10.366972	-51.562716	0.661001	continued:5	35070538537195014610850572350843326048502979382321291664	8375026989472334185362590303	-1,-7,-7,-7,-7,-7	-7,-7,-7,-7,-7	ok
-0.605338	-10.366972	-51.846140	0.659417	continued:5	35070538537195014610850572350843326048502979382321291664	8375026989472334185362590303	-1,-7,-7,-7,-7,-7	-7,-7,-7,-7,-7	ok
-0.602502	-10.366972	-52.080341	0.658168	continued:5	35070538537195014610850572350843326048502979382321291664	8375026989472334185362590303	-1,-7,-7,-7,-7,-7	-7,-7,-7,-7,-7	ok
-0.599666	-10.366972	-52.272607	0.657253	continued:5	35070538537195014610850572350843326048502979382321291664	8375026989472334185362590303	-1,-7,-7,-7,-7,-7	-7,-7,-7,-7,-7	ok
-0.596831	-10.366972	-52.428871	0.656545	continued:5	35070538537195014610850572350843326048502979382321291664	8375026989472334185362590303	-1,-7,-7,-7,-7,-7	-7,-7,-7,-7,-7	ok
-0.593995	-10.366972	-52.554982	0.656171	continued:5	35070538537195014610850572350843326048502979382321291664	8375026989472334185362590303	-1,-7,-7,-7,-7,-7	-7,-7,-7,-7,-7	ok
-0.591159	-10.366972	-52.654534	0.655797	full	35070538537195014610850572350843326048502979382321291664	8375026989472334185362590303	-1,-7,-7,-7,-7,-7	-7,-7,-7,-7,-7	ok
-0.588324	-10.366972	-49.142326	0.670485	continued:5	35070538537195014610850572350843326048502979382321291664	8375026989472334185362590303	-1,-7,-7,-7,-7,-7	-7,-7,-7,-7,-7	ok
-0.585488	-10.366972	-49.817062	0.667692	continued:5	35070538537195014610850572350843326048502979382321291664	8375026989472334185362590303	-1,-7,-7,-7,-7,-7	-7,-7,-7,-7,-7	ok
-0.582652	-10.366972	-50.379938	0.664899	continued:5	35070538537195014610850572350843326048502979382321291664	8375026989472334185362590303	-1,-7,-7,-7,-7,-7	-7,-7,-7,-7,-7	ok
-0.579817	-10.366972	-50.850475	0.662105	continued:5	35070538537195014610850572350843326048502979382321291664	8375026989472334185362590303	-1,-7,-7,-7,-7,-7	-7,-7,-7,-7,-7	ok
-0.576981	-10.366972	-51.245511	0.659440	continued:5	35070538537195014610850572350843326048502979382321291664	8375026989472334185362590303	-1,-7,-7,-7,-7,-7	-7,-7,-7,-7,-7	ok
-0.574145	-10.366972	-51.578228	0.657315	continued:5	35070538537195014610850572350843326048502979382321291664	8375026989472334185362590303	-1,-7,-7,-7,-7,-7	-7,-7,-7,-7,-7	ok
-0.571309	-10.366972	-51.856139	0.655525	continued:5	35070538537195014610850572350843326048502979382321291664	8375026989472334185362590303	-1,-7,-7,-7,-7,-7	-7,-7,-7,-7,-7	ok
-0.568474	-10.366972	-52.087470	0.654148	continued:5	35070538537195014610850572350843326048502979382321291664	8375026989472334185362590303	-1,-7,-7,-7,-7,-7	-7,-7,-7,-7,-7	ok
-0.565638	-10.366972	-52.278317	0.653233	continued:5	35070538537195014610850572350843326048502979382321291664	8375026989472334185362590303	-1,-7,-7,-7,-7,-7	-7,-7,-7,-7,-7	ok
-0.562802	-10.366972	-52.433259	0.652525	continued:5	35070538537195014610850572350843326048502979382321291664	8375026989472334185362590303	-1,-7,-7,-7,-7,-7	-7,-7,-7,-7,-7	ok
-0.559967	-10.366972	-52.558167	0.652023	continued:5	35070538537195014610850572350843326048502979382321291664	8375026989472334185362590303	-1,-7,-7,-7,-7,-7	-7,-7,-7,-7,-7	ok
-0.557131	-10.366972	-52.657707	0.651649	continued:5	35070538537195014610850572350843326048502979382321291664	8375026989472334185362590303	-1,-7,-7,-7,-7,-7	-7,-7,-7,-7,-7	ok
-0.554295	-10.366972	-52.736231	0.651276	full	35070538537195014610850572350843326048502979382321291664	8375026989472334185362590303	-1,-7,-7,-7,-7,-7	-7,-7,-7,-7,-7	ok
-0.551460	-10.366972	-49.442746	0.665380	continued:5	35070538537195014610850572350843326048502979382321291664	8375026989472334185362590303	-1,-7,-7,-7,-7,-7	-7,-7,-7,-7,-7	ok
-0.548624	-10.366972	-50.069042	0.662587	continued:5	35070538537195014610850572350843326048502979382321291664	8375026989472334185362590303	-1,-7,-7,-7,-7,-7	-7,-7,-7,-7,-7	ok
-0.545788	-10.366972	-50.590711	0.659794	continued:5	35070538537195014610850572350843326048502979382321291664	8375026989472334185362590303	-1,-7,-7,-7,-7,-7	-7,-7,-7,-7,-7	ok
-0.542952	-10.366972	-51.026691	0.657000	continued:5	35070538537195014610850572350843326048502979382321291664	8375026989472334185362590303	-1,-7,-7,-7,-7,-7	-7,-7,-7,-7,-7	ok
-0.540117	-10.366972	-51.393110	0.654541	continued:5	35070538537195014610850572350843326048502979382321291664	8375026989472334185362590303	-1,-7,-7,-7,-7,-7	-7,-7,-7,-7,-7	ok
-0.537281	-10.366972	-51.700556	0.652417	continued:5	35070538537195014610850572350843326048502979382321291664	8375026989472334185362590303	-1,-7,-7,-7,-7,-7	-7,-7,-7,-7,-7	ok
-0.534445	-10.366972	-51.957966	0.650833	continued:5	35070538537195014610850572350843326048502979382321291664	8375026989472334185362590303	-1,-7,-7,-7,-7,-7	-7,-7,-7,-7,-7	ok
-0.531610	-10.366972	-52.170967	0.649584	continued:5	35070538537195014610850572350843326048502979382321291664	8375026989472334185362590303	-1,-7,-7,-7,-7,-7	-7,-7,-7,-7,-7	ok
-0.528774	-10.366972	-52.346017	0.648669	continued:5	35070538537195014610850572350843326048502979382321291664	8375026989472334185362590303	-1,-7,-7,-7,-7,-7	-7,-7,-7,-7,-7	ok
-0.525938	-10.366972	-52.488323	0.647961	continued:5	35070538537195014610850572350843326048502979382321291664	8375026989472334185362590303	-1,-7,-7,-7,-7,-7	-7,-7,-7,-7,-7	ok
-0.523103	-10.366972	-52.603136	0.647459	continued:5	35070538537195014610850572350843326048502979382321291664	8375026989472334185362590303	-1,-7,-7,-7,-7,-7	-7,-7,-7,-7,-7	ok
-0.520267	-10.366972	-52.694612	0.647085	full	35070538537195014610850572350843326048502979382321291664	8375026989472334185362590303	-1,-7,-7,-7,-7,-7	-7,-7,-7,-7,-7	ok
-0.517431	-10.366972	-49.514111	0.661459	continued:5	35070538537195014610850572350843326048502979382321291664	8375026989472334185362590303	-1,-7,-7,-7,-7,-7	-7,-7,-7,-7,-7	ok
-0.514595	-10.366972	-50.129101	0.658666	continued:5	35070538537195014610850572350843326048502979382321291664	8375026989472334185362590303	-1,-7,-7,-7,-7,-7	-7,-7,-7,-7,-7	ok
-0.511760	-10.366972	-50.640500	0.655873	continued:5	35070538537195014610850572350843326048502979382321291664	8375026989472334185362590303	-1,-7,-7,-7,-7,-7	-7,-7,-7,-7,-7	ok
-0.508924	-10.366972	-51.067432	0.653079	continued:5	35070538537195014610850572350843326048502979382321291664	8375026989472334185362590303	-1,-7,-7,-7,-7,-7	-7,-7,-7,-7,-7	ok
-0.506088	-10.366972	-51.426067	0.650620	continued:5	35070538537195014610850572350843326048502979382321291664	8375026989472334185362590303	-1,-7,-7,-7,-7,-7	-7,-7,-7,-7,-7	ok
-0.503253	-10.366972	-51.726915	0.648496	continued:5	35070538537195014610850572350843326048502979382321291664	8375026989472334185362590303	-1,-7,-7,-7,-7,-7	-7,-7,-7,-7,-7	ok
-0.500417	-10.366972	-51.978795	0.646912	continued:5	35070538537195014610850572350843326048502979382321291664	8375026989472334185362590303	-1,-7,-7,-7,-7,-7	-7,-7,-7,-7,-7	ok
-0.497581	-10.366972	-52.187182	0.645663	continued:5	35070538537195014610850572350843326048502979382321291664	8375026989472334185362590303	-1,-7,-7,-7,-7,-7	-7,-7,-7,-7,-7	ok
-0.494746	-10.366972	-52.358400	0.644620	continued:5	35070538537195014610850572350843326048502979382321291664	8375026989472334185362590303	-1,-7,-7,-7,-7,-7	-7,-7,-7,-7,-7	ok
-0.491910	-10.366972	-52.498628	0.643784	continued:5	35070538537195014610850572350843326048502979382321291664	8375026989472334185362590303	-1,-7,-7,-7,-7,-7	-7,-7,-7,-7,-7	ok
-0.489074	-10.366972	-52.612763	0.643283	continued:5	35070538537195014610850572350843326048502979382321291664	8375026989472334185362590303	-1,-7,-7,-7,-7,-7	-7,-7,-7,-7,-7	ok
-0.486239	-10.366972	-52.703589	0.642781	continued:5	35070538537195014610850572350843326048502979382321291664	8375026989472334185362590303	-1,-7,-7,-7,-7,-7	-7,-7,-7,-7,-7	ok
-0.483403	-10.366972	-52.776156	0.642408	full	35070538537195014610850572350843326048502979382321291664	8375026989472334185362590303	-1,-7,-7,-7,-7,-7	-7,-7,-7,-7,-7	ok
-0.480567	-10.366972	-49.226069	0.658688	continued:5	35070538537195014610850572350843326048502979382321291664	8375026989472334185362590303	-1,-7,-7,-7,-7,-7	-7,-7,-7,-7,-7	ok
-0.477731	-10.366972	-49.889875	0.655894	continued:5	35070538537195014610850572350843326048502979382321291664	8375026989472334185362590303	-1,-7,-7,-7,-7,-7	-7,-7,-7,-7,-7	ok
-0.474896	-10.366972	-50.440129	0.653101	continued:5	35070538537195014610850572350843326048502979382321291664	8375026989472334185362590303	-1,-7,-7,-7,-7,-7	-7,-7,-7,-7,-7	ok
-0.472060	-10.366972	-50.897841	0.650308	continued:5	35070538537195014610850572350843326048502979382321291664	8375026989472334185362590303	-1,-7,-7,-7,-7,-7	-7,-7,-7,-7,-7	ok
-0.469224	-10.366972	-51.280735	0.647514	continued:5	35070538537195014610850572350843326048502979382321291664	8375026989472334185362590303	-1,-7,-7,-7,-7,-7	-7,-7,-7,-7,-7	ok
-0.466389	-10.366972	-51.603576	0.645183	continued:5	35070538537195014610850572350843326048502979382321291664	8375026989472334185362590303	-1,-7,-7,-7,-7,-7	-7,-7,-7,-7,-7	ok
-0.463553	-10.366972	-51.874413	0.643265	continued:5	35070538537195014610850572350843326048502979382321291664	8375026989472334185362590303	-1,-7,-7,-7,-7,-7	-7,-7,-7,-7,-7	ok
-0.460717	-10.366972	-52.100421	0.641682	continued:5	35070538537193930698110940001112497229726743201398832534	8375026989472334185362590303	-1,6,-7,-7,-7,-7	-7,-7,-7,-7,-7	ok
-0.457882	-10.366972	-52.288175	0.640432	continued:5	35070538537193930698110940001112497229726743201398832534	8375026989472334185362590303	-1,6,-7,-7,-7,-7	-7,-7,-7,-7,-7	ok
-0.455046	-10.366972	-52.442971	0.639517	continued:5	35070538537193930698110940001112497229726743201398832534	8375026989472334185362590303	-1,6,-7,-7,-7,-7	-7,-7,-7,-7,-7	ok
-0.452210	-10.366972	-52.569041	0.638682	continued:5	35070538537193930698110940001112497229726743201398832534	8375026989472334185362590303	-1,6,-7,-7,-7,-7	-7,-7,-7,-7,-7	ok
-0.449374	-10.366972	-52.671949	0.638180	continued:5	35070538537193930698110940001112497229726743201398832534	8375026989472334185362590303	-1,6,-7,-7,-7,-7	-7,-7,-7,-7,-7	ok
-0.446539	-10.366972	-52.753863	0.637806	continued:5	35070538537193930698110940001112497229726743201398832534	8375026989472334185362590303	-1,6,-7,-7,-7,-7	-7,-7,-7,-7,-7	ok
-0.443703	-10.366972	-52.818271	0.637432	continued:5	35070538537193930698110940001112497229726743201398832534	8375026989472334185362590303	-1,6,-7,-7,-7,-7	-7,-7,-7,-7,-7	ok
-0.440867	-10.366972	-52.868994	0.637058	full	35070538537193930698110940001112497229726743201398832534	8375026989472334185362590303	-1,6,-7,-7,-7,-7	-7,-7,-7,-7,-7	ok
-0.438032	-10.366972	-49.129882	0.654368	continued:5	35070538537193930698110940001112497229726743201398832534	8375026989472334185362590303	-1,6,-7,-7,-7,-7	-7,-7,-7,-7,-7	ok
-0.435196	-10.366972	-49.813218	0.651575	continued:5	35070538537193930698110940001112497229726743201398832534	8375026989472334185362590303	-1,6,-7,-7,-7,-7	-7,-7,-7,-7,-7	ok
-0.432360	-10.366972	-50.377889	0.648782	continued:5	35070538537193930698110940001112497229726743201398832534	7212268361606543384092088798	-1,6,-7,-7,-7,-7	-7,6,-7,6,-7	ok
-0.429525	-10.366972	-50.846225	0.645988	continued:5	26008407459914500610099663671614658145405007629311246295	7212268361606543384092088798	-1,6,6,-7,6,-7	-7,6,-7,6,-7	ok
-0.426689	-10.366972	-51.236922	0.643195	continued:5	386223840597528504780789756761117478030715772279190920	878890027930190311617606908	-1,6,6,6,6,6	-7,6,6,6,6	ok
-0.423853	-10.366972	-51.565481	0.640736	continued:5	386223840597528504780789756761117478030715772279190920	878890027930190311617606908	-1,6,6,6,6,6	-7,6,6,6,6	ok
-0.421018	-10.366972	-51.841603	0.638611	continued:5	386223840597528504780789756761117478030715772279190920	878890027930148385729949516	-1,6,6,6,6,6	6,6,6,6,6	ok
-0.418182	-10.366972	-52.073294	0.637028	continued:5	386223840597528504780789756761117478030715772279190920	878890027930148385729949516	-1,6,6,6,6,6	6,6,6,6,6	ok
-0.415346	-10.366972	-52.265246	0.635572	continued:5	386223840597528504780789756761117478030715772279190920	878890027930148385729949516	-1,6,6,6,6,6	6,6,6,6,6	ok
-0.412510	-10.366972	-52.424932	0.634529	continued:5	386223840597528504780789756761117478030715772279190920	878890027930148385729949516	-1,6,6,6,6,6	6,6,6,6,6	ok
-0.409675	-10.366972	-52.555756	0.633615	continued:5	386223840597528504780789756761117478030715772279190920	878890027930148385729949516	-1,6,6,6,6,6	6,6,6,6,6	ok
-0.406839	-10.366972	-52.662925	0.632906	continued:5	386223840597528504780789756761117478030715772279190920	878890027930148385729949516	-1,6,6,6,6,6	6,6,6,6,6	ok
-0.404003	-10.366972	-52.749832	0.632405	continued:5	386223840597528504780789756761117478030715772279190920	878890027930148385729949516	-1,6,6,6,6,6	6,6,6,6,6	ok
-0.401168	-10.366972	-52.819138	0.631903	continued:5	386223840597528504780789756761117478030715772279190920	878890027930148385729949516	-1,6,6,6,6,6	6,6,6,6,6	ok
-0.398332	-10.366972	-52.874714	0.631529	continued:5	386223840597528504780789756761117478030715772279190920	878890027930148385729949516	-1,6,6,6,6,6	6,6,6,6,6	ok
-0.395496	-10.366972	-52.918473	0.631156	continued:5	386223840597528504780789756761117478030715772279190920	878890027930148385729949516	-1,6,6,6,6,6	6,6,6,6,6	ok
-0.392661	-10.366972	-52.953012	0.630988	continued:5	386223840597528504780789756761117478030715772279190920	878890027930148385729949516	-1,6,6,6,6,6	6,6,6,6,6	ok
-0.389825	-10.366972	-52.978573	0.630280	full	386223840597528504780789756761117478030715772279190920	878890027930148385729949516	-1,6,6,6,6,6	6,6,6,6,6	ok
-0.386989	-10.366972								error: T SSCS does not start with ±1: [-2, 6, 6, 6, 6, 6]
-0.384153	-10.366972								error: T SSCS does not start with ±1: [-2, 6, 6, 6, 6, 6]
-0.381318	-10.366972								error: T SSCS does not start with ±1: [-2, 6, 6, 6, 6, 6]
-0.378482	-10.366972								error: T SSCS does not start with ±1: [-2, 6, 6, 6, 6, 6]
-0.375646	-10.366972								error: T SSCS does not start with ±1: [-2, 6, 6, 6, 6, 6]
-0.372811	-10.366972								error: T SSCS does not start with ±1: [-2, 6, 6, 6, 6, 6]
-0.369975	-10.366972								error: T SSCS does not start with ±1: [-2, 6, 6, 6, 6, 6]
-0.367139	-10.366972								error: T SSCS does not start with ±1: [-2, 6, 6, 6, 6, 6]
-0.364304	-10.366972								error: T SSCS does not start with ±1: [-2, 6, 6, 6, 6, 6]
-0.361468	-10.366972								error: T SSCS does not start with ±1: [-2, 6, 6, 6, 6, 6]
-0.358632	-10.366972								error: T SSCS does not start with ±1: [-2, 6, 6, 6, 6, 6]
-0.355796	-10.366972								error: T SSCS does not start with ±1: [-2, 6, 6, 6, 6, 6]
-0.352961	-10.366972								error: T SSCS does not start with ±1: [-2, 6, 6, 6, 6, 6]
-0.350125	-10.366972								error: T SSCS does not start with ±1: [-2, 6, 6, 6, 6, 6]
-0.347289	-10.366972								error: T SSCS does not start with ±1: [-2, 6, 6, 6, 6, 6]
-0.344454	-10.366972								error: T SSCS does not start with ±1: [-2, 6, 6, 6, 6, 6]
-0.341618	-10.366972								error: T SSCS does not start with ±1: [-2, 6, 6, 6, 6, 6]
-0.338782	-10.366972								error: T SSCS does not start with ±1: [-2, 6, 6, 6, 6, 6]
-0.335947	-10.366972								error: T SSCS does not start with ±1: [-2, 6, 6, 6, 6, 6]
-0.333111	-10.366972								error: T SSCS does not start with ±1: [-2, 6, 6, 6, 6, 6]
-0.330275	-10.366972								error: T SSCS does not start with ±1: [-2, 6, 6, 6, 6, 6]
-0.327440	-10.366972								error: T SSCS does not start with ±1: [-2, 6, 6, 6, 6, 6]
-0.324604	-10.366972								error: T SSCS does not start with ±1: [-2, 6, 6, 6, 6, 6]
-0.321768	-10.366972								error: T SSCS does not start with ±1: [-2, 6, 6, 6, 6, 6]
-0.318932	-10.366972								error: T SSCS does not start with ±1: [-2, 6, 6, 6, 6, 6]
-0.316097	-10.366972								error: T SSCS does not start with ±1: [-2, 6, 6, 6, 6, 6]
-0.313261	-10.366972								error: T SSCS does not start with ±1: [-2, 6, 6, 6, 6, 6]
-0.310425	-10.366972								error: T SSCS does not start with ±1: [-2, 6, 6, 6, 6, 6]
-0.307590	-10.366972								error: T SSCS does not start with ±1: [-2, 6, 6, 6, 6, 6]
-0.304754	-10.366972								error: T SSCS does not start with ±1: [-2, 6, 6, 6, 6, 6]
-0.301918	-10.366972								error: T SSCS does not start with ±1: [-2, 6, 6, 6, 6, 6]
-0.299083	-10.366972								error: T SSCS does not start with ±1: [-2, 6, 6, 6, 6, 6]
-0.296247	-10.366972								error: T SSCS does not start with ±1: [-2, 6, 6, 6, 6, 6]
-0.293411	-10.366972								error: T SSCS does not start with ±1: [-2, 6, 6, 6, 6, 6]
-0.290575	-10.366972								error: T SSCS does not start with ±1: [-2, 6, 6, 6, 6, 6]
-0.287740	-10.366972								error: T SSCS does not start with ±1: [-2, 6, 6, 6, 6, 6]
-0.284904	-10.366972								error: T SSCS does not start with ±1: [-2, 6, 6, 6, 6, 6]
-0.282068	-10.366972								error: T SSCS does not start with ±1: [-2, 6, 6, 6, 6, 6]
-0.279233	-10.366972								error: T SSCS does not start with ±1: [-2, 6, 6, 6, 6, 6]
-0.276397	-10.366972								error: T SSCS does not start with ±1: [-2, 6, 6, 6, 6, 6]
-0.273561	-10.366972								error: T SSCS does not start with ±1: [-2, 6, 6, 6, 6, 6]
-0.270726	-10.366972								error: T SSCS does not start with ±1: [-2, 6, 6, 6, 6, 6]
-0.267890	-10.366972								error: T SSCS does not start with ±1: [-2, 6, 6, 6, 6, 6]
-0.265054	-10.366972								error: T SSCS does not start with ±1: [-2, 6, 6, 6, 6, 6]
-0.262219	-10.366972								error: T SSCS does not start with ±1: [-2, 6, 6, 6, 6, 6]
-0.259383	-10.366972								error: T SSCS does not start with ±1: [-2, 6, 6, 6, 6, 6]
-0.256547	-10.366972								error: T SSCS does not start with ±1: [-2, 6, 6, 6, 6, 6]
-0.253711	-10.366972								error: T SSCS does not start with ±1: [-2, 6, 6, 6, 6, 6]
-0.250876	-10.366972								error: T SSCS does not start with ±1: [-2, 6, 6, 6, 6, 6]
-0.248040	-10.366972								error: T SSCS does not start with ±1: [-2, 6, 6, 6, 6, 6]
-0.245204	-10.366972								error: T SSCS does not start with ±1: [-2, 6, 6, 6, 6, 6]
-0.242369	-10.366972								error: T SSCS does not start with ±1: [-2, 6, 6, 6, 6, 6]
-0.239533	-10.366972								error: T SSCS does not start with ±1: [-2, 6, 6, 6, 6, 6]
-0.236697	-10.366972								error: T SSCS does not start with ±1: [-2, 6, 6, 6, 6, 6]
-0.233862	-10.366972								error: T SSCS does not start with ±1: [-2, 6, 6, 6, 6, 6]
-0.231026	-10.366972								error: T SSCS does not start with ±1: [-2, 6, 6, 6, 6, 6]
-0.228190	-10.366972								error: T SSCS does not start with ±1: [-2, 6, 6, 6, 6, 6]
-0.225354	-10.366972								error: T SSCS does not start with ±1: [-2, 6, 6, 6, 6, 6]
-0.222519	-10.366972								error: T SSCS does not start with ±1: [-2, 6, 6, 6, 6, 6]
-0.219683	-10.366972								error: T SSCS does not start with ±1: [-2, 6, 6, 6, 6, 6]
-0.216847	-10.366972								error: T SSCS does not start with ±1: [-2, 6, 6, 6, 6, 6]
-0.214012	-10.366972								error: T SSCS does not start with ±1: [-2, 6, 6, 6, 6, 6]
-0.211176	-10.366972								error: T SSCS does not start with ±1: [-2, 6, 6, 6, 6, 6]
-0.208340	-10.366972								error: T SSCS does not start with ±1: [-2, 6, 6, 6, 6, 6]
-0.205505	-10.366972								error: T SSCS does not start with ±1: [-2, 6, 6, 6, 6, 6]
-0.202669	-10.366972								error: T SSCS does not start with ±1: [-2, 6, 6, 6, 6, 6]
-0.199833	-10.366972								error: T SSCS does not start with ±1: [-2, 6, 6, 6, 6, 6]
-0.196997	-10.366972								error: T SSCS does not start with ±1: [-2, 6, 6, 6, 6, 6]
-0.194162	-10.366972								error: T SSCS does not start with ±1: [-2, 6, 6, 6, 6, 6]
-0.191326	-10.366972								error: T SSCS does not start with ±1: [-2, 6, 6, 6, 6, 6]
-0.188490	-10.366972								error: T SSCS does not start with ±1: [-2, 6, 6, 6, 6, 6]
-0.185655	-10.366972								error: T SSCS does not start with ±1: [-2, 6, 6, 6, 6, 6]
-0.182819	-10.366972								error: T SSCS does not start with ±1: [-2, 6, 6, 6, 6, 6]
-0.179983	-10.366972								error: T SSCS does not start with ±1: [-2, 6, 6, 6, 6, 6]
-0.177148	-10.366972								error: T SSCS does not start with ±1: [-2, 6, 6, 6, 6, 6]
-0.174312	-10.366972								error: T SSCS does not start with ±1: [-2, 6, 6, 6, 6, 6]
-0.171476	-10.366972								error: T SSCS does not start with ±1: [-2, 6, 6, 6, 6, 6]
-0.168641	-10.366972								error: T SSCS does not start with ±1: [-2, 6, 6, 6, 6, 6]
-0.165805	-10.366972								error: T SSCS does not start with ±1: [-2, 6, 6, 6, 6, 6]
-0.162969	-10.366972								error: T SSCS does not start with ±1: [-2, 6, 6, 6, 6, 6]
-0.160133	-10.366972								error: T SSCS does not start with ±1: [-2, 6, 6, 6, 6, 6]
-0.157298	-10.366972								error: T SSCS does not start with ±1: [-2, 6, 6, 6, 6, 6]
-0.154462	-10.366972								error: T SSCS does not start with ±1: [-2, 6, 6, 6, 6, 6]
-0.151626	-10.366972								error: T SSCS does not start with ±1: [-2, 6, 6, 6, 6, 6]
-0.148791	-10.366972								error: T SSCS does not start with ±1: [-2, 6, 6, 6, 6, 6]
-0.145955	-10.366972								error: T SSCS does not start with ±1: [-2, 6, 6, 6, 6, 6]
-0.143119	-10.366972								error: T SSCS does not start with ±1: [-2, 6, 6, 6, 6, 6]
-0.140284	-10.366972								error: T SSCS does not start with ±1: [-2, 6, 6, 6, 6, 6]
-0.137448	-10.366972								error: T SSCS does not start with ±1: [-2, 6, 6, 6, 6, 6]
-0.134612	-10.366972								error: T SSCS does not start with ±1: [-2, 6, 6, 6, 6, 6]
-0.131776	-10.366972								error: T SSCS does not start with ±1: [-2, 6, 6, 6, 6, 6]
-0.128941	-10.366972								error: T SSCS does not start with ±1: [-2, 6, 6, 6, 6, 6]
-0.126105	-10.366972								error: T SSCS does not start with ±1: [-2, 6, 6, 6, 6, 6]
-0.123269	-10.366972								error: T SSCS does not start with ±1: [-2, 6, 6, 6, 6, 6]
-0.120434	-10.366972								error: T SSCS does not start with ±1: [-2, 6, 6, 6, 6, 6]
-0.117598	-10.366972								error: T SSCS does not start with ±1: [-2, 6, 6, 6, 6, 6]
-0.114762	-10.366972								error: T SSCS does not start with ±1: [-2, 6, 6, 6, 6, 6]
-0.111927	-10.366972								error: T SSCS does not start with ±1: [-2, 6, 6, 6, 6, 6]
-0.109091	-10.366972								error: T SSCS does not start with ±1: [-2, 6, 6, 6, 6, 6]
-0.106255	-10.366972								error: T SSCS does not start with ±1: [-2, 6, 6, 6, 6, 6]
-0.103420	-10.366972								error: T SSCS does not start with ±1: [-2, 6, 6, 6, 6, 6]
-0.100584	-10.366972								error: T SSCS does not start with ±1: [-2, 6, 6, 6, 6, 6]
-0.097748	-10.366972								error: T SSCS does not start with ±1: [-2, 6, 6, 6, 6, 6]
-0.094912	-10.366972								error: T SSCS does not start with ±1: [-2, 6, 6, 6, 6, 6]
-0.092077	-10.366972								error: T SSCS does not start with ±1: [-2, 6, 6, 6, 6, 6]
-0.089241	-10.366972								error: T SSCS does not start with ±1: [-2, 6, 6, 6, 6, 6]
-0.086405	-10.366972								error: T SSCS does not start with ±1: [-2, 6, 6, 6, 6, 6]
-0.083570	-10.366972								error: T SSCS does not start with ±1: [-2, 6, 6, 6, 6, 6]
-0.080734	-10.366972								error: T SSCS does not start with ±1: [-2, 6, 6, 6, 6, 6]
-0.077898	-10.366972								error: T SSCS does not start with ±1: [-2, 6, 6, 6, 6, 6]
-0.075063	-10.366972								error: T SSCS does not start with ±1: [-2, 6, 6, 6, 6, 6]
-0.072227	-10.366972								error: T SSCS does not start with ±1: [-2, 6, 6, 6, 6, 6]
-0.069391	-10.366972								error: T SSCS does not start with ±1: [-2, 6, 6, 6, 6, 6]
-0.066555	-10.366972								error: T SSCS does not start with ±1: [-2, 6, 6, 6, 6, 6]
-0.063720	-10.366972								error: T SSCS does not start with ±1: [-2, 6, 6, 6, 6, 6]
-0.060884	-10.366972								error: T SSCS does not start with ±1: [-2, 6, 6, 6, 6, 6]
-0.058048	-10.366972								error: T SSCS does not start with ±1: [-2, 6, 6, 6, 6, 6]
-0.055213	-10.366972								error: T SSCS does not start with ±1: [-2, 6, 6, 6, 6, 6]
-0.052377	-10.366972								error: T SSCS does not start with ±1: [-2, 6, 6, 6, 6, 6]
-0.049541	-10.366972								error: T SSCS does not start with ±1: [-2, 6, 6, 6, 6, 6]
-0.046706	-10.366972								error: T SSCS does not start with ±1: [-2, 6, 6, 6, 6, 6]
-0.043870	-10.366972								error: T SSCS does not start with ±1: [-2, 6, 6, 6, 6, 6]
-0.041034	-10.366972								error: T SSCS does not start with ±1: [-2, 6, 6, 6, 6, 6]
-0.038198	-10.366972								error: T SSCS does not start with ±1: [-2, 6, 6, 6, 6, 6]
-0.035363	-10.366972								error: T SSCS does not start with ±1: [-2, 6, 6, 6, 6, 6]
-0.032527	-10.366972								error: T SSCS does not start with ±1: [-2, 6, 6, 6, 6, 6]
-0.029691	-10.366972								error: T SSCS does not start with ±1: [-2, 6, 6, 6, 6, 6]
-0.026856	-10.366972								error: T SSCS does not start with ±1: [-2, 6, 6, 6, 6, 6]
-0.024020	-10.366972								error: T SSCS does not start with ±1: [-2, 6, 6, 6, 6, 6]
-0.021184	-10.366972								error: T SSCS does not start with ±1: [-2, 6, 6, 6, 6, 6]
-0.018349	-10.366972								error: T SSCS does not start with ±1: [-2, 6, 6, 6, 6, 6]
-0.015513	-10.366972								error: T SSCS does not start with ±1: [-2, 6, 6, 6, 6, 6]
-0.012677	-10.366972								error: T SSCS does not start with ±1: [-2, 6, 6, 6, 6, 6]
-0.009842	-10.366972								error: T SSCS does not start with ±1: [-2, 6, 6, 6, 6, 6]
-0.007006	-10.366972								error: T SSCS does not start with ±1: [-2, 6, 6, 6, 6, 6]
-0.004170	-10.366972								error: T SSCS does not start with ±1: [-2, 6, 6, 6, 6, 6]
-0.001334	-10.366972								error: T SSCS does not start with ±1: [-2, 6, 6, 6, 6, 6]
0.001501	-10.366972								error: T SSCS does not start with ±1: [-2, 6, 6, 6, 6, 6]
0.004337	-10.366972								error: T SSCS does not start with ±1: [-2, 6, 6, 6, 6, 6]
0.007173	-10.366972								error: T SSCS does not start with ±1: [-2, 6, 6, 6, 6, 6]
0.010008	-10.366972								error: T SSCS does not start with ±1: [-2, 6, 6, 6, 6, 6]
0.012844	-10.366972								error: T SSCS does not start with ±1: [-2, 6, 6, 6, 6, 6]
0.015680	-10.366972								error: T SSCS does not start with ±1: [-2, 6, 6, 6, 6, 6]
0.018515	-10.366972								error: T SSCS does not start with ±1: [-2, 6, 6, 6, 6, 6]
0.021351	-10.366972								error: T SSCS does not start with ±1: [-2, 6, 6, 6, 6, 6]
0.024187	-10.366972								error: T SSCS does not start with ±1: [-2, 6, 6, 6, 6, 6]
0.027023	-10.366972								error: T SSCS does not start with ±1: [-2, 6, 6, 6, 6, 6]
0.029858	-10.366972								error: T SSCS does not start with ±1: [-2, 6, 6, 6, 6, 6]
0.032694	-10.366972								error: T SSCS does not start with ±1: [-2, 6, 6, 6, 6, 6]
0.035530	-10.366972								error: T SSCS does not start with ±1: [-2, 6, 6, 6, 6, 6]
0.038365	-10.366972								error: T SSCS does not start with ±1: [-2, 6, 6, 6, 6, 6]
0.041201	-10.366972								error: T SSCS does not start with ±1: [-2, 6, 6, 6, 6, 6]
0.044037	-10.366972								error: T SSCS does not start with ±1: [-2, 6, 6, 6, 6, 6]
0.046872	-10.366972								error: T SSCS does not start with ±1: [-2, 6, 6, 6, 6, 6]
0.049708	-10.366972								error: T SSCS does not start with ±1: [-2, 6, 6, 6, 6, 6]
0.052544	-10.366972								error: T SSCS does not start with ±1: [-2, 6, 6, 6, 6, 6]
0.055379	-10.366972								error: T SSCS does not start with ±1: [-2, 6, 6, 6, 6, 6]
0.058215	-10.366972								error: T SSCS does not start with ±1: [-2, 6, 6, 6, 6, 6]
0.061051	-10.366972								error: T SSCS does not start with ±1: [-2, 6, 6, 6, 6, 6]
0.063887	-10.366972								error: T SSCS does not start with ±1: [-2, 6, 6, 6, 6, 6]
0.066722	-10.366972								error: T SSCS does not start with ±1: [-2, 6, 6, 6, 6, 6]
0.069558	-10.366972								error: T SSCS does not start with ±1: [-2, 6, 6, 6, 6, 6]
0.072394	-10.366972								error: T SSCS does not start with ±1: [-2, 6, 6, 6, 6, 6]
0.075229	-10.366972								error: T SSCS does not start with ±1: [-2, 6, 6, 6, 6, 6]
0.078065	-10.366972								error: T SSCS does not start with ±1: [-2, 6, 6, 6, 6, 6]
0.080901	-10.366972								error: T SSCS does not start with ±1: [-2, 6, 6, 6, 6, 6]
0.083736	-10.366972								error: T SSCS does not start with ±1: [-2, 6, 6, 6, 6, 6]
0.086572	-10.366972								error: T SSCS does not start with ±1: [-2, 6, 6, 6, 6, 6]
0.089408	-10.366972								error: T SSCS does not start with ±1: [-2, 6, 6, 6, 6, 6]
0.092244	-10.366972								error: T SSCS does not start with ±1: [-2, 6, 6, 6, 6, 6]
0.095079	-10.366972								error: T SSCS does not start with ±1: [-2, 6, 6, 6, 6, 6]
0.097915	-10.366972								error: T SSCS does not start with ±1: [-2, 6, 6, 6, 6, 6]
0.100751	-10.366972								error: T SSCS does not start with ±1: [-2, 6, 6, 6, 6, 6]
0.103586	-10.366972								error: T SSCS does not start with ±1: [-2, 6, 6, 6, 6, 6]
0.106422	-10.366972								error: T SSCS does not start with ±1: [-2, 6, 6, 6, 6, 6]
0.109258	-10.366972								error: T SSCS does not start with ±1: [-2, 6, 6, 6, 6, 6]
0.112093	-10.366972								error: T SSCS does not start with ±1: [-2, 6, 6, 6, 6, 6]
0.114929	-10.366972								error: T SSCS does not start with ±1: [-2, 6, 6, 6, 6, 6]
0.117765	-10.366972								error: T SSCS does not start with ±1: [-2, 6, 6, 6, 6, 6]
0.120601	-10.366972								error: T SSCS does not start with ±1: [-2, 6, 6, 6, 6, 6]
0.123436	-10.366972								error: T SSCS does not start with ±1: [-2, 6, 6, 6, 6, 6]
0.126272	-10.366972								error: T SSCS does not start with ±1: [-2, 6, 6, 6, 6, 6]
0.129108	-10.366972								error: T SSCS does not start with ±1: [-2, 6, 6, 6, 6, 6]
0.131943	-10.366972								error: T SSCS does not start with ±1: [-2, 6, 6, 6, 6, 6]
0.134779	-10.366972								error: T SSCS does not start with ±1: [-2, 6, 6, 6, 6, 6]
0.137615	-10.366972								error: T SSCS does not start with ±1: [-2, 6, 6, 6, 6, 6]
0.140450	-10.366972								error: T SSCS does not start with ±1: [-2, 6, 6, 6, 6, 6]
0.143286	-10.366972								error: T SSCS does not start with ±1: [-2, 6, 6, 6, 6, 6]
0.146122	-10.366972								error: T SSCS does not start with ±1: [-2, 6, 6, 6, 6, 6]
0.148957	-10.366972								error: T SSCS does not start with ±1: [-2, 6, 6, 6, 6, 6]
0.151793	-10.366972								error: T SSCS does not start with ±1: [-2, 6, 6, 6, 6, 6]
0.154629	-10.366972								error: T SSCS does not start with ±1: [-2, 6, 6, 6, 6, 6]
0.157465	-10.366972								error: T SSCS does not start with ±1: [-2, 6, 6, 6, 6, 6]
0.160300	-10.366972								error: T SSCS does not start with ±1: [-2, 6, 6, 6, 6, 6]
0.163136	-10.366972								error: T SSCS does not start with ±1: [-2, 6, 6, 6, 6, 6]
0.165972	-10.366972								error: T SSCS does not start with ±1: [-2, 6, 6, 6, 6, 6]
0.168807	-10.366972								error: T SSCS does not start with ±1: [-2, 6, 6, 6, 6, 6]
0.171643	-10.366972								error: T SSCS does not start with ±1: [-2, 6, 6, 6, 6, 6]
0.174479	-10.366972								error: T SSCS does not start with ±1: [-2, 6, 6, 6, 6, 6]
0.177314	-10.366972								error: T SSCS does not start with ±1: [-2, 6, 6, 6, 6, 6]
0.180150	-10.366972								error: T SSCS does not start with ±1: [-2, 6, 6, 6, 6, 6]
0.182986	-10.366972								error: T SSCS does not start with ±1: [-2, 6, 6, 6, 6, 6]
0.185822	-10.366972								error: T SSCS does not start with ±1: [-2, 6, 6, 6, 6, 6]
0.188657	-10.366972								error: T SSCS does not start with ±1: [-2, 6, 6, 6, 6, 6]
0.191493	-10.366972								error: T SSCS does not start with ±1: [-2, 6, 6, 6, 6, 6]
0.194329	-10.366972								error: T SSCS does not start with ±1: [-2, 6, 6, 6, 6, 6]
0.197164	-10.366972								error: T SSCS does not start with ±1: [-2, 6, 6, 6, 6, 6]
0.200000	-10.366972								error: T SSCS does not start with ±1: [-2, 6, 6, 6, 6, 6]
