delta_x	delta_ca	T0_V	T0_Ca	T0_method	T_encoding	gamma_encoding	T_scs	gamma_scs	status
-1.500000	-25.180180	-47.205923	0.838995	continued:5	3374964376952	2643830	-1,0,0,0,0,0,0	10,0,0,0,0,0	ok
-1.498999	-25.180180	-47.761379	0.837618	continued:5	3374964376952	2643830	-1,0,0,0,0,0,0	10,0,0,0,0,0	ok
-1.497998	-25.180180	-48.280090	0.837244	continued:5	16217557574922386301420542667438374088396792810839	2643830	-1,0,0,0,0,0,0,0,0	10,0,0,0,0,0	ok
-1.496997	-25.180180	-48.752028	0.837077	full	131504586847961235687181874578063117114329409897631406061666638548823646371904376997883815099845702	2643830	-1,0,0,0,0,0,0,0,0,0	10,0,0,0,0,0	ok
-1.495996	-25.180180	-45.429738	0.845898	continued:5	3374964376952	2643830	-1,0,0,0,0,0,0	10,0,0,0,0,0	ok
-1.494995	-25.180180	-46.044010	0.843105	continued:5	5695183504495988991042170	2643830	-1,0,0,0,0,0,0,0	10,0,0,0,0,0	ok
-1.493994	-25.180180	-46.642903	0.840311	continued:5	3374964376952	2643830	-1,0,0,0,0,0,0	10,0,0,0,0,0	ok
-1.492993	-25.180180	-47.224256	0.838187	continued:5	3374964376952	2643830	-1,0,0,0,0,0,0	10,0,0,0,0,0	ok
-1.491992	-25.180180	-47.778220	0.836810	continued:5	5695183504495988991042170	2643830	-1,0,0,0,0,0,0,0	10,0,0,0,0,0	ok
-1.490991	-25.180180	-48.295105	0.836436	continued:5	5695183504495988991042170	2643830	-1,0,0,0,0,0,0,0	10,0,0,0,0,0	ok
-1.489990	-25.180180	-48.764985	0.836269	full	3374964376952	2643830	-1,0,0,0,0,0,0	10,0,0,0,0,0	ok
-1.488989	-25.180180	-45.450354	0.845094	continued:5	5695183504495988991042170	2643830	-1,0,0,0,0,0,0,0	10,0,0,0,0,0	ok
-1.487988	-25.180180	-46.064379	0.842301	continued:5	3374964376952	2643830	-1,0,0,0,0,0,0	10,0,0,0,0,0	ok
-1.486987	-25.180180	-46.662576	0.839507	continued:5	3374964376952	2643830	-1,0,0,0,0,0,0	10,0,0,0,0,0	ok
-1.485986	-25.180180	-47.242779	0.837383	continued:5	16217557574922386301420542667438374088396792810839	2643830	-1,0,0,0,0,0,0,0,0	10,0,0,0,0,0	ok
-1.484985	-25.180180	-47.795182	0.836006	continued:5	3374964376952	2643830	-1,0,0,0,0,0,0	10,0,0,0,0,0	ok
-1.483984	-25.180180	-48.310182	0.835632	continued:5	5695183504495988991042170	2643830	-1,0,0,0,0,0,0,0	10,0,0,0,0,0	ok
-1.482983	-25.180180	-48.777957	0.835465	full	5695183504495988991042170	2641532	-1,0,0,0,0,0,0,0	-10,0,0,0,0,0	ok
-1.481982	-25.180180	-45.465302	0.844161	continued:5	5695183504495988991042170	2641532	-1,0,0,0,0,0,0,0	-10,0,0,0,0,0	ok
-1.480981	-25.180180	-46.080760	0.841368	continued:5	3374964376952	2641532	-1,0,0,0,0,0,0	-10,0,0,0,0,0	ok
-1.479980	-25.180180	-46.679754	0.838574	continued:5	3374964376952	2641532	-1,0,0,0,0,0,0	-10,0,0,0,0,0	ok
-1.478979	-25.180180	-47.260142	0.836450	continued:5	3374964376952	2641532	-1,0,0,0,0,0,0	-10,0,0,0,0,0	ok
-1.477978	-25.180180	-47.812178	0.835201	continued:5	3374964376952	2641532	-1,0,0,0,0,0,0	-10,0,0,0,0,0	ok
-1.476977	-25.180180	-48.325281	0.834827	continued:5	3374964376952	2641532	-1,0,0,0,0,0,0	-10,0,0,0,0,0	ok
-1.475976	-25.180180	-48.790944	0.834660	full	5695183504495988991042170	2641532	-1,0,0,0,0,0,0,0	-10,0,0,0,0,0	ok
-1.474975	-25.180180	-45.486317	0.843358	continued:5	3374964376952	2641532	-1,0,0,0,0,0,0	-10,0,0,0,0,0	ok
-1.473974	-25.180180	-46.101447	0.840564	continued:5	5695183504495988991042170	2641532	-1,0,0,0,0,0,0,0	-10,0,0,0,0,0	ok
-1.472973	-25.180180	-46.699670	0.837771	continued:5	5695183504495988991042170	2641532	-1,0,0,0,0,0,0,0	-10,0,0,0,0,0	ok
-1.471972	-25.180180	-47.278838	0.835646	continued:5	3374964376952	2641532	-1,0,0,0,0,0,0	-10,0,0,0,0,0	ok
-1.470971	-25.180180	-47.829254	0.834397	continued:5	3374964376952	2641532	-1,0,0,0,0,0,0	-10,0,0,0,0,0	ok
-1.469970	-25.180180	-48.340425	0.834023	continued:5	5695183504495988991042170	2641532	-1,0,0,0,0,0,0,0	-10,0,0,0,0,0	ok
-1.468969	-25.180180	-48.803946	0.833856	full	3374964376952	2641532	-1,0,0,0,0,0,0	-10,0,0,0,0,0	ok
-1.467968	-25.180180	-45.507187	0.842549	continued:5	3374964376952	2641532	-1,0,0,0,0,0,0	-10,0,0,0,0,0	ok
-1.466967	-25.180180	-46.122021	0.839756	continued:5	3374964376952	2641532	-1,0,0,0,0,0,0	-10,0,0,0,0,0	ok
-1.465966	-25.180180	-46.719500	0.836963	continued:5	3374964376952	2641532	-1,0,0,0,0,0,0	-10,0,0,0,0,0	ok
-1.464965	-25.180180	-47.297474	0.834838	continued:5	3374964376952	2641532	-1,0,0,0,0,0,0	-10,0,0,0,0,0	ok
-1.463964	-25.180180	-47.846294	0.833589	continued:5	3374964376952	2641532	-1,0,0,0,0,0,0	-10,0,0,0,0,0	ok
-1.462963	-25.180180	-48.355557	0.833215	continued:5	3374964376952	2641532	-1,0,0,0,0,0,0	-10,0,0,0,0,0	ok
-1.461962	-25.180180	-48.816962	0.833048	full	3374964376952	2641532	-1,0,0,0,0,0,0	-10,0,0,0,0,0	ok
-1.460961	-25.180180	-45.528420	0.841744	continued:5	3374964376952	2641532	-1,0,0,0,0,0,0	-10,0,0,0,0,0	ok
-1.459960	-25.180180	-46.142883	0.838950	continued:5	3374964376952	2641532	-1,0,0,0,0,0,0	-10,0,0,0,0,0	ok
-1.458959	-25.180180	-46.739548	0.836157	continued:5	3374964376952	2641532	-1,0,0,0,0,0,0	-10,0,0,0,0,0	ok
-1.457958	-25.180180	-47.316264	0.834032	continued:5	3374964376952	2641532	-1,0,0,0,0,0,0	-10,0,0,0,0,0	ok
-1.456957	-25.180180	-47.863434	0.832783	continued:5	3374964376952	2641532	-1,0,0,0,0,0,0	-10,0,0,0,0,0	ok
-1.455956	-25.180180	-48.370742	0.832409	continued:5	3374964376952	2641532	-1,0,0,0,0,0,0	-10,0,0,0,0,0	ok
-1.454955	-25.180180	-48.829994	0.832242	full	3374964376952	2641532	-1,0,0,0,0,0,0	-10,0,0,0,0,0	ok
-1.453954	-25.180180	-45.549672	0.840936	continued:5	3374964376952	2641532	-1,0,0,0,0,0,0	-10,0,0,0,0,0	ok
-1.452953	-25.180180	-46.163760	0.838143	continued:5	3374964376952	2641532	-1,0,0,0,0,0,0	-10,0,0,0,0,0	ok
-1.451952	-25.180180	-46.759608	0.835349	continued:5	3374964376952	2641532	-1,0,0,0,0,0,0	-10,0,0,0,0,0	ok
-1.450951	-25.180180	-47.335062	0.833225	continued:5	3374964376952	2641532	-1,0,0,0,0,0,0	-10,0,0,0,0,0	ok
-1.449950	-25.180180	-47.880581	0.831975	continued:5	3374964376952	2641532	-1,0,0,0,0,0,0	-10,0,0,0,0,0	ok
-1.448949	-25.180180	-48.385937	0.831601	continued:5	3374964376952	2641532	-1,0,0,0,0,0,0	-10,0,0,0,0,0	ok
-1.447948	-25.180180	-48.843041	0.831434	full	3374964376952	2641532	-1,0,0,0,0,0,0	-10,0,0,0,0,0	ok
-1.446947	-25.180180	-45.571130	0.840128	continued:5	3374964376952	2641532	-1,0,0,0,0,0,0	-10,0,0,0,0,0	ok
-1.445946	-25.180180	-46.184801	0.837335	continued:5	3374964376952	2641532	-1,0,0,0,0,0,0	-10,0,0,0,0,0	ok
-1.444945	-25.180180	-46.779792	0.834542	continued:5	3374964376952	2641532	-1,0,0,0,0,0,0	-10,0,0,0,0,0	ok
-1.443944	-25.180180	-47.353949	0.832417	continued:5	3374964376952	2641532	-1,0,0,0,0,0,0	-10,0,0,0,0,0	ok
-1.442943	-25.180180	-47.897786	0.831168	continued:5	3374964376952	2641532	-1,0,0,0,0,0,0	-10,0,0,0,0,0	ok
-1.441942	-25.180180	-48.401166	0.830794	continued:5	3374964376952	2641532	-1,0,0,0,0,0,0	-10,0,0,0,0,0	ok
-1.440941	-25.180180	-48.856103	0.830627	full	3374964376952	2641532	-1,0,0,0,0,0,0	-10,0,0,0,0,0	ok
-1.439940	-25.180180	-45.585929	0.839115	continued:5	3374964376952	2641532	-1,0,0,0,0,0,0	-10,0,0,0,0,0	ok
-1.438939	-25.180180	-46.201725	0.836322	continued:5	3374964376952	2641532	-1,0,0,0,0,0,0	-10,0,0,0,0,0	ok
-1.437938	-25.180180	-46.798101	0.833528	continued:5	3374964376952	2641532	-1,0,0,0,0,0,0	-10,0,0,0,0,0	ok
-1.436937	-25.180180	-47.372949	0.831610	continued:5	3374964376952	2641532	-1,0,0,0,0,0,0	-10,0,0,0,0,0	ok
-1.435936	-25.180180	-47.915064	0.830361	continued:5	3374964376952	2641532	-1,0,0,0,0,0,0	-10,0,0,0,0,0	ok
-1.434935	-25.180180	-48.416434	0.829987	continued:5	3374964376952	2641532	-1,0,0,0,0,0,0	-10,0,0,0,0,0	ok
-1.433934	-25.180180	-48.869180	0.829820	full	3374964376952	2641532	-1,0,0,0,0,0,0	-10,0,0,0,0,0	ok
-1.432933	-25.180180	-45.607580	0.838305	continued:5	10296487298246453339	2641532	-1,0,0,0,0,0,-1	-10,0,0,0,0,0	ok
-1.431932	-25.180180	-46.222920	0.835512	continued:5	10296487298246453339	2641532	-1,0,0,0,0,0,-1	-10,0,0,0,0,0	ok
-1.430931	-25.180180	-46.818401	0.832718	continued:5	10296487298246453339	2641532	-1,0,0,0,0,0,-1	-10,0,0,0,0,0	ok
-1.429930	-25.180180	-47.391918	0.830800	continued:5	498768035658203820272194170320	2641532	-1,0,0,0,0,0,1	-10,0,0,0,0,0	ok
-1.428929	-25.180180	-47.932325	0.829551	continued:5	498768035658203820272194170320	2641532	-1,0,0,0,0,0,1	-10,0,0,0,0,0	ok
-1.427928	-25.180180	-48.431702	0.829177	continued:5	2600339	2641532	-1,0,0,0,0,0	-10,0,0,0,0,0	ok
-1.426927	-25.180180	-48.882273	0.829010	full	2600339	4539758522	-1,0,0,0,0,0	-10,0,0,0,0,-1	ok
-1.425926	-25.180180	-45.629486	0.837496	continued:5	4538043545	4539758522	-1,0,0,0,0,-1	-10,0,0,0,0,-1	ok
-1.424925	-25.180180	-46.244317	0.834702	continued:5	2225840977019921778511029453761420	4539758522	-1,0,0,0,0,-1,1	-10,0,0,0,0,-1	ok
-1.423924	-25.180180	-46.838854	0.831909	continued:5	137520069382767470	998768125035896	-1,0,0,0,0,-1,0	-10,0,0,0,0,1	ok
-1.422923	-25.180180	-47.410995	0.829991	continued:5	137520069382767470	3722	-1,0,0,0,0,-1,0	-10,0,0,0,0	ok
-1.421922	-25.180180	-47.949655	0.828742	continued:5	14730495215871488720702	3722	-1,0,0,0,0,1,0	-10,0,0,0,0	ok
-1.420921	-25.180180	-48.447008	0.828368	continued:5	14730495215871488720702	3722	-1,0,0,0,0,1,0	-10,0,0,0,0	ok
-1.419920	-25.180180	-48.895381	0.828201	full	998767320547577	3722	-1,0,0,0,0,1	-10,0,0,0,0	ok
-1.418919	-25.180180	-45.651785	0.836689	continued:5	77971519449922417203419339	3722	-1,0,0,0,0,2	-10,0,0,0,0	ok
-1.417918	-25.180180	-46.266024	0.833896	continued:5	77971519449922417203419339	3722	-1,0,0,0,0,2	-10,0,0,0,0	ok
-1.416917	-25.180180	-46.859539	0.831103	continued:5	37746956396862436831293451918222220	3722	-1,0,0,0,0,3	-10,0,0,0,0	ok
-1.415916	-25.180180	-47.430237	0.829185	continued:5	96210373218046352217225694943690748162871626464	3722	-1,0,0,0,0,5	-10,0,0,0,0	ok
-1.414915	-25.180180	-47.967092	0.827936	continued:5	156840816596253747698714090039286753208512033494438460552545	103721	-1,0,0,0,0,8	-10,0,0,0,-1	ok
-1.413914	-25.180180	-48.462370	0.827562	continued:5	211976775357957162590146212526801330649880764700631146296862095	525058196	-1,0,0,0,0,9	-10,0,0,0,-1,0	ok
-1.412913	-25.180180	-48.908505	0.827395	full	524475077	525058196	-1,0,0,0,-1,0	-10,0,0,0,-1,0	ok
-1.411912	-25.180180	-45.671408	0.835878	continued:5	371299112589839	525058196	-1,0,0,0,-1,0,0	-10,0,0,0,-1,0	ok
-1.410911	-25.180180	-46.285282	0.833085	continued:5	371299112589839	171653173907	-1,0,0,0,-1,0,0	-10,0,0,0,1,0	ok
-1.409910	-25.180180	-46.877989	0.830292	continued:5	371299112589839	44873582	-1,0,0,0,-1,0,0	-10,0,0,0,1	ok
-1.408909	-25.180180	-47.447451	0.828167	continued:5	31288144257776714	44873582	-1,0,0,0,1,0,0	-10,0,0,0,1	ok
-1.407908	-25.180180	-47.984488	0.827124	continued:5	171642627464	44873582	-1,0,0,0,1,0	-10,0,0,0,1	ok
-1.406907	-25.180180	-48.477719	0.826751	continued:5	197600868380059373264	44873582	-1,0,0,0,1,-1,0	-10,0,0,0,1	ok
-1.405906	-25.180180	-48.921645	0.826583	full	6184230871619059994889922964	44873582	-1,0,0,0,1,2	-10,0,0,0,1	ok
-1.404905	-25.180180	-45.693751	0.835067	continued:5	1862522158573912577	30796780271	-1,0,0,0,-2,0,0	-10,0,0,0,-2	ok
-1.403904	-25.180180	-46.307025	0.832274	continued:5	1862522158573912577	12487810473122	-1,0,0,0,-2,0,0	-10,0,0,0,2	ok
-1.402903	-25.180180	-46.898702	0.829481	continued:5	1009021289999711639	2537571400260647	-1,0,0,0,2,-1	-10,0,0,0,-3	ok
-1.401902	-25.180180	-47.466713	0.827356	continued:5	2392595503221877813202	274761570336128321	-1,0,0,0,-3,0,0	-10,0,0,0,3	ok
-1.400901	-25.180180	-48.001941	0.826313	continued:5	44054526203399947824707889633694429510323655563611327	721722691441551304346	-1,0,0,0,3,6	-10,0,0,0,4	ok
-1.399900	-25.180180	-48.493102	0.825940	continued:5	577878185750746167078827	7205028528525265237007696	-1,0,0,0,-5,0	-10,0,0,0,-6	ok
-1.398899	-25.180180	-48.934800	0.825772	full	33934870792950502730356404318952559264	9725508503658773776006215647	-1,0,0,0,6,-3	-10,0,0,0,7	ok
-1.397898	-25.180180	-45.716358	0.834257	continued:5	711345059612345150851980523578827	560072882036373923588645101721	-1,0,0,0,8,1	-10,0,0,0,8	ok
-1.396897	-25.180180	-46.328975	0.831464	continued:5	560072882036354872939638845702	3569698236508724874139904416082	-1,0,0,0,8	-10,0,0,0,-9	ok
-1.395896	-25.180180	-46.919570	0.828671	continued:5	117950763938011764824521988212577	20590132362758607243332278855571	-1,0,0,0,9,0	-10,0,0,0,9	ok
-1.394895	-25.180180	-47.486084	0.826546	continued:5	2042480526556932704057274750277960828443239	38435391728582	-1,0,0,0,9,3	-10,0,0,-1,2	ok
-1.393894	-25.180180	-48.019466	0.825503	continued:5	942123129948464	37382	-1,0,0,-1,-1,0,0	-10,0,0,-1,0	ok
-1.392893	-25.180180	-48.508524	0.825130	continued:5	9712054578460918721686023839	24819585782	-1,0,0,-1,0,1,-1	-10,0,0,-1,0,-1	ok
-1.391892	-25.180180	-48.947970	0.824962	full	27258035	27391082	-1,0,0,-1,0,0	-10,0,0,-1,0,0	ok
-1.390891	-25.180180	-45.736348	0.833320	continued:5	17225409670789647560	27391082	-1,0,0,-1,0,0,-1	-10,0,0,-1,0,0	ok
-1.389890	-25.180180	-46.349765	0.830526	continued:5	17225409670789647560	27391082	-1,0,0,-1,0,0,-1	-10,0,0,-1,0,0	ok
-1.388889	-25.180180	-46.940553	0.827861	continued:5	27258035	27391082	-1,0,0,-1,0,0	-10,0,0,-1,0,0	ok
-1.387888	-25.180180	-47.505537	0.825736	continued:5	250174895	606632	-1,0,0,1,0,0	-10,0,0,1,0	ok
-1.386887	-25.180180	-48.037043	0.824693	continued:5	5581480901620820	606632	-1,0,0,1,0,1	-10,0,0,1,0	ok
-1.385886	-25.180180	-48.523978	0.824320	continued:5	220302591299817640774496170377329016683539520	606632	-1,0,0,1,0,-5	-10,0,0,1,0	ok
-1.384885	-25.180180	-48.961157	0.824152	full	19879880900	19883470217	-1,0,0,1,-1,0	-10,0,0,1,-1,0	ok
-1.383884	-25.180180	-45.759364	0.832565	continued:5	325138094381840	2594196446	-1,0,0,1,-2,0	-10,0,0,1,1	ok
-1.382883	-25.180180	-46.371490	0.829771	continued:5	3222249771609281327	111213869511047	-1,0,0,1,2,-1	-10,0,0,1,2	ok
-1.381882	-25.180180	-46.960642	0.826978	continued:5	170181019153136754107184425	140338074655868157469065821	-1,0,0,1,-6,0	-10,0,0,1,6	ok
-1.380881	-25.180180	-47.524803	0.825060	continued:5	138926352838360260699706602645410	24708308297177804398503023275637	-1,0,0,1,9,0	-10,0,0,1,9	ok
-1.379880	-25.180180	-48.053280	0.823811	continued:5	12457053296181464	9238532	-1,0,0,-2,0,1	-10,0,0,-2,0	ok
-1.378879	-25.180180	-48.538813	0.823437	continued:5	1930099514	9238532	-1,0,0,-2,0,0	-10,0,0,-2,0	ok
-1.377878	-25.180180	-48.974360	0.823270	full	226610620318203911656406796641805445172896364	110982632	-1,0,0,2,0,-5	-10,0,0,2,0	ok
-1.376877	-25.180180	-45.777464	0.831608	continued:5	880419313612000166761590740555	8264334171812	-1,0,0,2,8	-10,0,0,2,-2	ok
-1.375876	-25.180180	-46.390678	0.828815	continued:5	163363872128688333465402662137130	29589989419824913454041667117462	-1,0,0,2,9,0	-10,0,0,2,9	ok
-1.374875	-25.180180	-46.980281	0.826021	continued:5	69175446989	1033828637	-1,0,0,-3,0,0	-10,0,0,-3,0	ok
-1.373874	-25.180180	-47.544299	0.824103	continued:5	454260132037883570	4616113023886082	-1,0,0,3,2,0	-10,0,0,3,2	ok
-1.372873	-25.180180	-48.072114	0.823061	continued:5	1406497404200	46631984117	-1,0,0,-4,0,0	-10,0,0,-4,0	ok
-1.371872	-25.180180	-48.554866	0.822687	continued:5	1367119570512587750038113733805	1367119570512617514000915957662	-1,0,0,4,8	-10,0,0,4,8	ok
-1.370871	-25.180180	-48.987578	0.822313	full	14908528640876167919593623839	99793186229285852	-1,0,0,5,3,-2	-10,0,0,5,2	ok
-1.369870	-25.180180	-45.799356	0.830778	continued:5	1256261847565739	1329059830214471	-1,0,0,-7,0,0	-10,0,0,6,1	ok
-1.368869	-25.180180	-46.412070	0.827984	continued:5	13732892810490262577	423096552545882	-1,0,0,7,0,1	-10,0,0,7,0	ok
-1.367868	-25.180180	-47.000725	0.825191	continued:5	70806671172355820486434734301385	139467220235096	-1,0,0,7,9	-10,0,0,7	ok
-1.366867	-25.180180	-47.563370	0.823273	continued:5	92278350543495005447171353093306139	2812548637710257	-1,0,0,8,0,3	-10,0,0,8,0	ok
-1.365866	-25.180180	-48.089460	0.822231	continued:5	1384591787298621404690	921212332713547199582	-1,0,0,8,-3,0	-10,0,0,8,3	ok
-1.364865	-25.180180	-48.570231	0.821857	continued:5	83842918277891046341053473617135	1058370263389157	-1,0,0,8,9	-10,0,0,8	ok
-1.363864	-25.180180	-49.000812	0.821355	full	36347211612737060	6719090845309187	-1,0,0,-9,0,0	-10,0,0,-9,0	ok
-1.362863	-25.180180	-45.824421	0.830025	continued:5	15359086341963014	15359089496751257	-1,0,0,9,0	-10,0,0,9,0	ok
-1.361862	-25.180180	-46.435578	0.827232	continued:5	15359086341963014	35019689908080092	-1,0,0,9,0	-10,0,0,9,-1	ok
-1.360861	-25.180180	-47.022352	0.824438	continued:5	9046548218032411329014	160679288290702757	-1,0,0,9,1,1	-10,0,0,9,1	ok
-1.359860	-25.180180	-47.582800	0.822520	continued:5	2980067002617504084089	302655790352188118229872	-1,0,0,9,-3,0	-10,0,0,9,4	ok
-1.358859	-25.180180	-48.106446	0.821271	continued:5	3908946021638804206107679022270	165680379851379311	-1,0,0,9,8	-10,0,-1,9,1	ok
-1.357858	-25.180180	-48.586322	0.821104	continued:5	50299790979710173443184891474877	205435617312821430949395557	-1,0,-1,4,8,-1	-10,0,-1,2,6	ok
-1.356857	-25.180180	-49.014063	0.820396	full	271887974689138480371391833355153697728202	1217561	-1,0,-1,1,0,4	-10,0,-1,1,0	ok
-1.355856	-25.180180	-45.843675	0.829064	continued:5	4458884137216174793434651151152530870079497410	3572060514970899711222704851682	-1,0,-1,0,7,4	-10,0,-1,0,-9	ok
-1.354855	-25.180180	-46.455794	0.826271	continued:5	11293472613712846585541985890	282753798410859617	-1,0,-1,0,-7,0	-10,0,-1,0,3	ok
-1.353854	-25.180180	-47.042898	0.823605	continued:5	6415480111523705	69637682	-1,0,-1,0,2,0	-10,0,-1,0,1	ok
-1.352853	-25.180180	-47.601943	0.821687	continued:5	3432703706929550627	202742155457	-1,0,-1,0,1,1	-10,0,-1,0,1,0	ok
-1.351852	-25.180180	-48.123841	0.820438	continued:5	730709105	731397362	-1,0,-1,0,-1,0	-10,0,-1,0,-1,0	ok
-1.350851	-25.180180	-48.601724	0.820271	continued:5	311604871511205528335	731397362	-1,0,-1,0,-1,0,-1	-10,0,-1,0,-1,0	ok
-1.349850	-25.180180	-49.027329	0.819435	full	730709105	69637682	-1,0,-1,0,-1,0	-10,0,-1,0,1	ok
-1.348849	-25.180180	-45.867794	0.828309	continued:5	3432703706929550627	69637682	-1,0,-1,0,1,1	-10,0,-1,0,1	ok
-1.347848	-25.180180	-46.478409	0.825515	continued:5	9847401208596751309525951748375755304788139641278752	15195925703621	-1,0,-1,0,1,6	-10,0,1,0,2	ok
-1.346847	-25.180180	-47.063681	0.822722	continued:5	3562294786632508556327	737401012984389856856	-1,0,1,0,2,1	-10,0,1,0,4	ok
-1.345846	-25.180180	-47.621729	0.820804	continued:5	889870673607048791730161048894966682582865801007908090655873777	561007651127913924018006645056	-1,0,1,0,4,9	-10,0,1,0,8	ok
-1.344845	-25.180180	-48.142227	0.819761	continued:5	424339251815738945497833270995908281669377	20612027294119156866638969932601	-1,0,1,0,8,3	-10,0,1,0,9	ok
-1.343844	-25.180180	-48.616706	0.819387	continued:5	12292648010976607187032523087058084557402	211556	-1,0,1,0,9,-3	-10,0,1,-1,0	ok
-1.342843	-25.180180	-49.040612	0.818473	full	729514427136760672577	42324581	-1,0,1,-1,0,-2	-10,0,1,1,-1	ok
-1.341842	-25.180180	-45.890038	0.827473	continued:5	10295622687498136877	4379495896529922415441378018676	-1,0,1,1,1,1	-10,0,1,1,-9	ok
-1.340841	-25.180180	-46.500076	0.824679	continued:5	2392544043676030704014	119842085081	-1,0,1,1,-4,0	-10,0,1,2,1	ok
-1.339840	-25.180180	-47.084329	0.821886	continued:5	13548463500965402	168226823075643135587232892361	-1,0,1,-2,0,1	-10,0,1,3,-8	ok
-1.338839	-25.180180	-47.640943	0.819968	continued:5	29620059589553171202239099428139	186558573526901	-1,0,1,2,9	-10,0,1,6,-1	ok
-1.337838	-25.180180	-48.159671	0.818925	continued:5	24844669777884152	7696762909605257	-1,0,1,4,2	-10,0,1,8,-1	ok
-1.336837	-25.180180	-48.632145	0.818551	continued:5	51390858220384476982652	7356617018416241	-1,0,1,-7,0,-2	-10,0,1,-9,0	ok
-1.335836	-25.180180	-49.053910	0.817509	full	63074784369302103764	1284255435795005501	-1,0,1,-9,0,1	-10,0,1,9,-2	ok
-1.334835	-25.180180	-45.913951	0.826586	continued:5	344835757069003202	17359784845333121	-1,0,1,9,-1,0	-10,0,-2,9,0	ok
-1.333834	-25.180180	-46.523741	0.823793	continued:5	394472748723852386252	20622982397457088992264085668422	-1,0,1,9,-2,-1	-10,0,-2,0,9	ok
-1.332833	-25.180180	-47.107245	0.821000	continued:5	99192363671357444399039824722152	56109652517	-1,0,1,9,9	-10,0,-2,0,-2	ok
-1.331832	-25.180180	-47.662639	0.819209	continued:5	95697526309686596035497902	2956698994300112	-1,0,-2,-1,0,2	-10,0,-2,0,-3	ok
-1.330831	-25.180180	-48.178665	0.818167	continued:5	1668426215164515994280	20633942595273080402008145999867	-1,0,-2,0,3,-1	-10,0,2,0,9	ok
-1.329830	-25.180180	-48.648310	0.817793	continued:5	7027869683754155	1065079611752	-1,0,-2,0,2,0	-10,0,2,1,-2	ok
-1.328829	-25.180180	-49.067225	0.816544	full	95933743546657755809121989	2633910697532	-1,0,2,-1,0,2	-10,0,2,3,1	ok
-1.327828	-25.180180	-45.936385	0.825747	continued:5	7832072983621119690613132868917102987545356837710202891782964	1326966926837666	-1,0,2,1,-1,-9	-10,0,2,8	ok
-1.326827	-25.180180	-46.545555	0.822954	continued:5	4385147541954978010008587135900	7692854808185066	-1,0,2,1,-9	-10,0,2,9	ok
-1.325826	-25.180180	-47.128000	0.820161	continued:5	16639699746952605020	562412364449439083080063926191	-1,0,2,-4,3	-10,0,-3,0,8	ok
-1.324825	-25.180180	-47.681928	0.818370	continued:5	960381136827722661989	562881285659795390456577015932	-1,0,2,8,3	-10,0,3,0,8	ok
-1.323824	-25.180180	-48.196160	0.817328	continued:5	13730746742107053752	148358906	-1,0,2,9,2	-10,0,3,-2,0	ok
-1.322823	-25.180180	-48.663785	0.816954	continued:5	1184574927702740	8792543669804681	-1,0,-3,1,1,-1	-10,0,3,-9,0	ok
-1.321822	-25.180180	-49.080556	0.815577	full	953206952	20666853775898368213124557373981	-1,0,3,2,0	-10,0,-4,0,9	ok
-1.320821	-25.180180	-45.956728	0.824907	continued:5	24785423799198036870345590363027	11865737	-1,0,3,1,9	-10,0,4,-1,0	ok
-1.319820	-25.180180	-46.565447	0.822114	continued:5	42330673263919127278704386754230	9598467112329482	-1,0,3,-4,-9,0	-10,0,4,-9,0	ok
-1.318819	-25.180180	-47.146991	0.819320	continued:5	385289201441266127	20411599118774410157	-1,0,3,9,-1,0	-10,0,-5,0,-4	ok
-1.317818	-25.180180	-47.699611	0.817402	continued:5	22656223557345798764742837793277	34859258553422	-1,0,-4,0,-9,0	-10,0,5,6	ok
-1.316817	-25.180180	-48.213298	0.816360	continued:5	157102818149950934904496492507042560040667009424766799986535	565231027107356423966908563932	-1,0,4,-1,0,8	-10,0,-6,0,8	ok
-1.315816	-25.180180	-48.679988	0.816193	continued:5	1746095241086660	23082517211	-1,0,4,-8,0	-10,0,6,-3,0	ok
-1.314815	-25.180180	-49.093904	0.814609	full	217193864814853850	11404053382342196	-1,0,5,9,1	-10,0,-7,9	ok
-1.313814	-25.180180	-45.982466	0.824016	continued:5	3731790426989	29234462	-1,0,5,-5,0	-10,0,7,0	ok
-1.312813	-25.180180	-46.590737	0.821223	continued:5	22939375350844139	368491111312217	-1,0,5,9,0	-10,0,7,7	ok
-1.311812	-25.180180	-47.171343	0.818557	continued:5	1262039995708570369404834275	11900143365017801	-1,0,-6,0,6,0	-10,0,7,9	ok
-1.310811	-25.180180	-47.721428	0.816640	continued:5	304542230784485466629785502	1072814431567833231753237281	-1,0,6,3,6	-10,0,-8,0,-7	ok
-1.309810	-25.180180	-48.232372	0.815597	continued:5	3939733808214892499807985702377	37166145550544364272	-1,0,6,9,8	-10,0,8,-1,-4	ok
-1.308809	-25.180180	-48.696211	0.815430	continued:5	566173324201427986934360290835	64189982432	-1,0,-7,0,8	-10,0,8,2,-1	ok
-1.307808	-25.180180	-49.107267	0.813640	full	20754841588022970926837053239527	419557637063822	-1,0,-8,0,9	-10,0,8,7	ok
-1.306807	-25.180180	-46.003683	0.823124	continued:5	115263201203931587162578426127	5823374693485652	-1,0,7,9,7	-10,0,8,-9	ok
-1.305806	-25.180180	-46.611883	0.820331	continued:5	1053854989933477425839	12949359665477426	-1,0,-8,9,-1,1	-10,0,8,9	ok
-1.304805	-25.180180	-47.191907	0.817665	continued:5	567116995591283769558587435777	12949359665477426	-1,0,-8,0,8	-10,0,8,9	ok
-1.303804	-25.180180	-47.740947	0.815875	continued:5	20765863078152253301398902006200	398282957	-1,0,8,0,9	-10,0,-9,1	ok
-1.302803	-25.180180	-48.249377	0.814833	continued:5	24914417694552710365642682689652	116212616	-1,0,8,1,9	-10,0,-9,0	ok
-1.301802	-25.180180	-48.710591	0.814459	continued:5	42516050266287076996832835592877	116212616	-1,0,8,4,9	-10,0,-9,0	ok
-1.300801	-25.180180	-49.120647	0.812669	full	99800321154795242547356988136877	116212616	-1,0,8,9,9	-10,0,-9,0	ok
-1.299800	-25.180180	-46.026481	0.822280	continued:5	1777790363048466902	175621892	-1,0,8,9,-2	-10,0,9,0	ok
-1.298799	-25.180180	-46.633980	0.819486	continued:5	33957293070287406149460902	42482189822	-1,0,8,9,5	-10,0,9,-1,1	ok
-1.297798	-25.180180	-47.212867	0.816821	continued:5	99800321154795242547356988136877	2136062822	-1,0,8,9,9	-10,0,9,1,0	ok
-1.296797	-25.180180	-47.760379	0.815031	continued:5	69155743513533190828250128652	567524876	-1,0,-9,7,7	-10,0,9,1	ok
-1.295796	-25.180180	-48.266971	0.813988	continued:5	430782725114	53977090427959001	-1,0,-9,1,-1,0	-10,0,9,-2,-3	ok
-1.294795	-25.180180	-48.726138	0.813614	continued:5	20776889689209512165669842832627	5059827887	-1,0,-9,0,9	-10,0,9,2	ok
-1.293794	-25.180180	-49.134043	0.811696	full	42476943245	63585524336	-1,0,9,-1,1	-10,0,9,3	ok
-1.292793	-25.180180	-46.049391	0.821385	continued:5	20776889689209512165669842832627	778041426146	-1,0,-9,0,9	-10,0,9,4	ok
-1.291792	-25.180180	-46.656644	0.818592	continued:5	20776889689209512165669842832627	68283816356201	-1,0,-9,0,9	-10,0,9,6	ok
-1.290791	-25.180180	-47.234786	0.815926	continued:5	20787921423234087508001395834250	476726414657477	-1,0,9,0,9	-10,0,9,7	ok
-1.289790	-25.180180	-47.781097	0.814136	continued:5	807557765	2796050784353171	-1,0,9,-1,0	-10,0,9,8	ok
-1.288789	-25.180180	-48.286124	0.813221	continued:5	500407583027	2796050784353171	-1,0,9,1,-1,0	-10,0,9,8	ok
-1.287788	-25.180180	-48.742417	0.812847	continued:5	146386777835875967471256800	6386547215585651	-1,0,9,1,6	-10,0,9,-9	ok
-1.286787	-25.180180	-49.147456	0.810722	full	42557341766936099638372087368470	6386547215585651	-1,0,9,4,9	-10,0,9,-9	ok
-1.285786	-25.180180	-45.758926	0.821919	continued:5	12205744908800	14078765754022811	-1,0,9,3,1	-10,0,9,9	ok
-1.284785	-25.180180	-46.379810	0.819125	continued:5	29861585137013516241708035205077	14078765754022811	-1,0,9,2,9	-10,0,9,9	ok
-1.283784	-25.180180	-46.971247	0.816332	continued:5	1113995125170941339988845631527	14078765754022811	-1,0,9,3,8	-10,0,9,9	ok
-1.282783	-25.180180	-47.532558	0.814080	continued:5	8012893762375044498528767756870	14078765754022811	-1,0,9,4,-9	-10,0,9,9	ok
-1.281782	-25.180180	-48.057053	0.812703	continued:5	1475585347064180	14078765754022811	-1,0,9,-6,1	-10,0,9,9	ok
-1.280781	-25.180180	-48.536277	0.811995	continued:5	508043592817502	2796965348094801	-1,0,9,-7,0	-10,-1,9,8	ok
-1.279780	-25.180180	-48.965643	0.812703	full	71265954348689135	20776890421145272059909702411696	-1,0,9,8,1	-10,-1,-9,0,9	ok
-1.278779	-25.180180	-45.780330	0.821018	continued:5	84518216360853123391854541391777	3991522285547705541107356210206	-1,0,9,8,9	-10,-1,-8,-1,-9	ok
-1.277778	-25.180180	-46.401357	0.818224	continued:5	84518216360853123391854541391777	3322022479191	-1,0,9,8,9	-10,-1,5,5	ok
-1.276777	-25.180180	-46.992417	0.815431	continued:5	84518216360853123391854541391777	20644908618043430985003975997821	-1,0,9,8,9	-10,-1,-3,0,9	ok
-1.275776	-25.180180	-47.552864	0.813179	continued:5	141589884075332630	20622983125322530350914751873081	-1,0,9,-9,1	-10,-1,-2,0,9	ok
-1.274775	-25.180180	-48.076082	0.811930	continued:5	14678324024169470	13254239559671503146	-1,0,9,-9,0	-10,-1,1,9,2	ok
-1.273774	-25.180180	-48.552649	0.811221	continued:5	32387833827392045	524918461401	-1,0,9,-9,-1	-10,-1,1,-3,1	ok
-1.272773	-25.180180	-48.979315	0.811723	full	274248137410376495	171652587984	-1,0,9,9,1	-10,-1,-1,-1,-2	ok
-1.271772	-25.180180	-45.803491	0.820164	continued:5	34148366504548074669276752	20601078010514926389861756689234	-1,0,9,9,5	-10,-1,-1,0,9	ok
-1.270771	-25.180180	-46.424000	0.817371	continued:5	2392132397191815030170	16190876	-1,0,9,9,3	-10,-1,-1,-2,0	ok
-1.269770	-25.180180	-47.014106	0.814577	continued:5	300663271391050591964467970	16675897008222461	-1,0,9,9,-6	-10,-1,-1,-9,-1	ok
-1.268769	-25.180180	-47.573185	0.812453	continued:5	704457239250411389715632394152	99105780054303878502097845087984	-1,0,9,9,-8	-10,-1,0,9,9	ok
-1.267768	-25.180180	-48.093582	0.811076	continued:5	3955207114858791934235309859995	6418892599453206	-1,0,9,9,8	-10,-1,0,9	ok
-1.266767	-25.180180	-48.568317	0.810368	continued:5	20590119276838820344427187914870	6418892599453206	-1,0,9,9,-9	-10,-1,0,9	ok
-1.265766	-25.180180	-48.993004	0.810741	full	99887437834597539996611858970170	6418892599453206	-1,0,9,9,9	-10,-1,0,9	ok
-1.264765	-25.180180	-45.825080	0.819260	continued:5	1320181082131284	83880312676594992942541583151609	-1,-1,9,-7,-1	-10,-1,-1,8,9	ok
-1.263764	-25.180180	-46.445694	0.816467	continued:5	99887440211003598500512481285034	250555286	-1,-1,9,9,9	-10,-1,-1,-2,-1	ok
-1.262763	-25.180180	-47.035387	0.813673	continued:5	18781487204813045989231930632000	525025791	-1,-1,9,-9,-9	-10,-1,-1,-1,1	ok
-1.261762	-25.180180	-47.593569	0.811549	continued:5	1354997920320	41965244782742	-1,-1,9,2,1	-10,1,-1,-1,2	ok
-1.260761	-25.180180	-48.112665	0.810299	continued:5	113193533700	24733991772451259552332824505587	-1,-1,-9,1,1	-10,1,1,1,9	ok
-1.259760	-25.180180	-48.584729	0.809591	continued:5	91820870176369832127409453146027	161622660985781	-1,-1,8,-9,9	-10,1,1,7	ok
-1.258759	-25.180180	-49.006711	0.809758	full	428330497089814237321769436233048241014531952	7033349977565621	-1,-1,7,-2,-1,-5	-10,1,1,9	ok
-1.257758	-25.180180	-45.850616	0.818531	continued:5	84030027895765435927554799678809	5355789467016938811377796215582	-1,-1,-3,8,9	-10,1,-2,2,-9	ok
-1.256757	-25.180180	-46.469188	0.815737	continued:5	99365736597640123576964784093027	2539813337	-1,-1,3,9,9	-10,1,2,3	ok
-1.255756	-25.180180	-47.056608	0.812944	continued:5	84030027895765435927554799678809	3347951687	-1,-1,-3,8,9	-10,1,-3,3	ok
-1.254755	-25.180180	-47.612290	0.810692	continued:5	138926343707804453050810503318377	8414391138779687	-1,-1,2,3,1,-3	-10,1,3,9	ok
-1.253754	-25.180180	-48.129830	0.809315	continued:5	41847567293259	20862551	-1,-1,-2,-2,-1,-1	-10,1,5,1	ok
-1.252753	-25.180180	-48.601160	0.808813	continued:5	20415691998661889371675523434452	11409303413332886	-1,-1,1,9,-9	-10,1,-7,9	ok
-1.251752	-25.180180	-49.020435	0.808774	full	84577898323474110	18217212370352	-1,-1,1,-9,1	-10,1,-8,-6	ok
-1.250751	-25.180180	-45.872950	0.817609	continued:5	101597545688601189379078854440551840651162750465184	2525687192569712	-1,-1,-1,1,-2,-6	-10,1,8,8	ok
-1.249750	-25.180180	-46.491680	0.814816	continued:5	77577724801838158213977765	12955134666894437	-1,-1,1,2,2,-2	-10,1,8,9	ok
-1.248749	-25.180180	-47.078724	0.812023	continued:5	704458222418151744184299924002	2207701557	-1,-1,1,1,8	-10,1,-9,-1,-1	ok
-1.247748	-25.180180	-47.633536	0.809898	continued:5	5940728485419240515	585144926	-1,-1,-1,-1,1,1	-10,1,9,1	ok
-1.246747	-25.180180	-48.148683	0.808521	continued:5	5695183504492614029263277	315574209557	-1,-1,-1,-1,-1,-1,-1	-10,1,9,-3,-1	ok
-1.245746	-25.180180	-48.617479	0.808019	continued:5	5695183504492614029263277	477211848190607	-1,-1,-1,-1,-1,-1,-1	-10,1,9,7	ok
-1.244745	-25.180180	-49.034177	0.807852	full	5695183504492614029263277	2797880136189686	-1,-1,-1,-1,-1,-1,-1	-10,1,9,8	ok
-1.243744	-25.180180	-45.897911	0.816789	continued:5	5695183504492614029263277	14084914524925631	-1,-1,-1,-1,-1,-1,-1	-10,1,9,9	ok
-1.242743	-25.180180	-46.515509	0.813996	continued:5	5695183504492614029263277	14084914524925631	-1,-1,-1,-1,-1,-1,-1	-10,1,9,9	ok
-1.241742	-25.180180	-47.101058	0.811203	continued:5	9893796398507197530492031580748326310499195431077390	14084914524925631	-1,-1,-1,-1,1,6	-10,1,9,9	ok
-1.240741	-25.180180	-47.654033	0.809078	continued:5	6537480765807016544088380040659	14084914524925631	-1,-1,-1,1,-7,1	-10,1,9,9	ok
-1.239740	-25.180180	-48.167075	0.807701	continued:5	864875065408997379058699006373942627	14084914524925631	-1,-1,1,-2,9,-2	-10,1,9,9	ok
-1.238739	-25.180180	-48.633592	0.807199	continued:5	6525459351445876235758929094452	25770425835196337	-1,-1,1,3,-9	-10,-2,-9,1,-3	ok
-1.237738	-25.180180	-49.047937	0.807032	full	15465371220957530260522329834627	9192228527093141	-1,-1,1,-8,-9	-10,-2,4,9	ok
-1.236737	-25.180180	-45.923131	0.815970	continued:5	99192368399343367922974796042655	7360395940031066	-1,1,1,9,9	-10,-2,-2,9	ok
-1.235736	-25.180180	-46.539539	0.813176	continued:5	20415692721033342922257953289405	7439267855066	-1,1,1,9,-9	-10,-2,1,-4,1	ok
-1.234735	-25.180180	-47.123542	0.810383	continued:5	99192368399343367922974796042655	24733992606628152242751418633982	-1,1,1,9,9	-10,-2,1,1,9	ok
-1.233734	-25.180180	-47.674635	0.808259	continued:5	13078324825140617158768533770	161730481192691	-1,1,-2,1,7	-10,-2,1,7	ok
-1.232733	-25.180180	-48.185534	0.806882	continued:5	1371203950485685723031453282144	7037003783867984	-1,1,2,4,8	-10,2,1,9	ok
-1.231732	-25.180180	-48.649743	0.806380	continued:5	99279020567550782836646876420549	827329248797206734	-1,1,2,9,9	-10,2,-3,-7,2	ok
-1.230731	-25.180180	-49.061714	0.806213	full	4387976213127324358305076188525	36393227	-1,1,-3,1,-9	-10,2,-6,1	ok
-1.229730	-25.180180	-45.942371	0.815022	continued:5	237362485357651520	2527382213059392	-1,1,5,-8,-2	-10,2,8,8	ok
-1.228729	-25.180180	-46.559409	0.812229	continued:5	99452523634268903855352508228875	425663234	-1,1,4,9,9	-10,2,-9,1	ok
-1.227728	-25.180180	-47.143456	0.809435	continued:5	6561578349514483483843584195804	68510038192884	-1,1,-6,3,-9	-10,2,9,6	ok
-1.226727	-25.180180	-47.694064	0.807311	continued:5	4410659455512230343789064793114	14091065309746134	-1,1,-7,1,-9	-10,2,9,9	ok
-1.225726	-25.180180	-48.204038	0.806062	continued:5	99713275711218966834812643749649	14091065309746134	-1,1,7,9,9	-10,2,9,9	ok
-1.224725	-25.180180	-48.665923	0.805560	continued:5	35647858266438644716845758690105	14091065309746134	-1,1,8,3,9	-10,2,9,9	ok
-1.223724	-25.180180	-49.075509	0.805393	full	20568246162300803955504418549955	432724052	-1,1,8,9,-9	-10,-3,-9,1	ok
-1.222723	-25.180180	-45.968050	0.814203	continued:5	370943392455	4382322061062090888885376119422	-1,1,-9,-2,1	-10,-3,-2,1,-9	ok
-1.221722	-25.180180	-46.583796	0.811410	continued:5	31728868759665	84625097454740736	-1,1,-9,-4,1	-10,-3,1,-9,1	ok
-1.220721	-25.180180	-47.166203	0.808616	continued:5	4422039503566469569104938062725	7704582834564611	-1,1,-9,1,-9	-10,3,2,9	ok
-1.219720	-25.180180	-47.714851	0.806492	continued:5	27283056853476100941863708969880	11916410109485591	-1,1,-9,-2,9	-10,3,7,9	ok
-1.218719	-25.180180	-48.222617	0.805243	continued:5	35683250636752569813763404860310	1239248201	-1,1,9,3,9	-10,3,-9,-2	ok
-1.217718	-25.180180	-48.682144	0.804741	continued:5	7669434967293335	14097218108924036	-1,1,9,-7,1	-10,3,9,9	ok
-1.216717	-25.180180	-49.089321	0.804574	full	84518220553905024693522807748370	14097218108924036	-1,1,9,8,9	-10,3,9,9	ok
-1.215716	-25.180180	-45.993499	0.813378	continued:5	17513369481597524820	275567372901	-1,1,9,9,2	-10,-4,-8,-2,1	ok
-1.214715	-25.180180	-46.608002	0.810585	continued:5	17513369481597524820	7042487162469026	-1,1,9,9,2	-10,-4,1,9	ok
-1.213714	-25.180180	-47.188814	0.807792	continued:5	115732525423511448415430141310	10041860067473384	-1,1,9,9,7	-10,4,5,9	ok
-1.212713	-25.180180	-47.735541	0.805667	continued:5	20590120730829574084078441573335	793914034076	-1,1,9,9,-9	-10,4,9,4	ok
-1.211712	-25.180180	-48.241138	0.804418	continued:5	99887442587409699406935378591885	14103372922899101	-1,1,9,9,9	-10,4,9,9	ok
-1.210711	-25.180180	-48.698347	0.803916	continued:5	99887442587409699406935378591885	2664901332611234	-1,1,9,9,9	-10,-5,-9,8	ok
-1.209710	-25.180180	-49.103151	0.803749	full	99887442587409699406935378591885	7371741805224359	-1,1,9,9,9	-10,-5,-2,9	ok
-1.208709	-25.180180	-46.019947	0.812563	continued:5	99887442587409699406935378591885	12978253991432711	-1,1,9,9,9	-10,5,8,9	ok
-1.207708	-25.180180	-46.632984	0.809770	continued:5	99887442587409699406935378591885	14109529752111141	-1,1,9,9,9	-10,5,9,9	ok
-1.206707	-25.180180	-47.212003	0.806977	continued:5	99887442587409699406935378591885	14112608922568481	-1,1,9,9,9	-10,-6,9,9	ok
-1.205706	-25.180180	-47.756635	0.804852	continued:5	99887442587409699406935378591885	7049803318286711	-1,1,9,9,9	-10,-6,1,9	ok
-1.204705	-25.180180	-48.259912	0.803603	continued:5	99887444963815842715881055286534	603803242397	-1,-2,9,9,9	-10,6,8,4	ok
-1.203704	-25.180180	-48.714673	0.803101	continued:5	1032854279669302859	14115688597000016	-1,-2,9,-9,-2	-10,6,9,9	ok
-1.202703	-25.180180	-49.116999	0.802934	full	71356722991153144516087814440514	14115688597000016	-1,-2,-9,7,9	-10,6,9,9	ok
-1.201702	-25.180180	-46.038991	0.811537	continued:5	5362529487494034538731335193752	2058004861147161	-1,-2,-3,2,-9	-10,-7,6,8	ok
-1.200701	-25.180180	-46.653357	0.808743	continued:5	480132022978127	398834793107	-1,-2,-4,-2,2	-10,-7,2,-5	ok
-1.199700	-25.180180	-47.233010	0.805950	continued:5	99279022933092486301424104190399	2565965684	-1,-2,2,9,9	-10,7,-8,2	ok
-1.198699	-25.180180	-47.777656	0.804032	continued:5	986210492842101479950255059944	480132239895026	-1,-2,-2,-3,8	-10,7,9,7	ok
-1.197698	-25.180180	-48.278644	0.802783	continued:5	5695183504485864105705494	14121849458005634	-1,-2,-2,-2,-2,-2	-10,7,9,9	ok
-1.196697	-25.180180	-48.730987	0.802281	continued:5	59798729220721678837468470014	14121849458005634	-1,-2,2,-7,7	-10,7,9,9	ok
-1.195696	-25.180180	-49.130864	0.802114	full	99279022933092486301424104190399	14722779018061721	-1,-2,2,9,9	-10,-8,-10,9	ok
-1.194695	-25.180180	-46.065468	0.810717	continued:5	99626296707559343405058971438205	11940841489083491	-1,2,6,9,9	-10,-8,7,9	ok
-1.193694	-25.180180	-46.678359	0.807923	continued:5	84292598505063560440584292929009	3285222661983167	-1,2,6,8,9	-10,-8,2,-9	ok
-1.192693	-25.180180	-47.256209	0.805130	continued:5	890880933462160798746925322580	7722200012262731	-1,2,-8,2,8	-10,-8,2,9	ok
-1.191692	-25.180180	-47.798756	0.803212	continued:5	99800330654201315788325323593890	95796267157341	-1,2,8,9,9	-10,8,-5,-7	ok
-1.190691	-25.180180	-48.297426	0.801963	continued:5	29846443305285148737882508693794	610341789416	-1,2,-9,2,9	-10,8,8,4	ok
-1.189690	-25.180180	-48.747332	0.801461	continued:5	104857722721763003780424	173698136503146	-1,2,9,7,4	-10,8,-9,-7	ok
-1.188689	-25.180180	-49.144747	0.801294	full	10480579776855221670	69192077689341	-1,2,9,-9,2	-10,8,9,6	ok
-1.187688	-25.180180	-46.092160	0.809896	continued:5	99887447340222028427350015764795	6413775566914791	-1,2,9,9,9	-10,8,9,-9	ok
-1.186687	-25.180180	-46.703526	0.807103	continued:5	99887447340222028427350015764795	14128012335567951	-1,2,9,9,9	-10,8,9,9	ok
-1.185686	-25.180180	-47.279529	0.804310	continued:5	99887447340222028427350015764795	14128012335567951	-1,2,9,9,9	-10,8,9,9	ok
-1.184685	-25.180180	-47.819939	0.802392	continued:5	99887447340222028427350015764795	14128012335567951	-1,2,9,9,9	-10,8,9,9	ok
-1.183684	-25.180180	-48.316262	0.801142	continued:5	99887447340222028427350015764795	14128012335567951	-1,2,9,9,9	-10,8,9,9	ok
-1.182683	-25.180180	-48.763709	0.800641	continued:5	99887447340222028427350015764795	14128012335567951	-1,2,9,9,9	-10,8,9,9	ok
-1.181682	-25.180180	-49.158647	0.800474	full	2401666318935313931086520310	14128012335567951	-1,-3,9,9,6	-10,8,9,9	ok
-1.180681	-25.180180	-46.119060	0.809076	continued:5	6177437058808128827	14128012335567951	-1,-3,-4,-3,3	-10,8,9,9	ok
-1.179680	-25.180180	-46.728852	0.806282	continued:5	99365746066005116861948219454252	14128012335567951	-1,-3,3,9,9	-10,8,9,9	ok
-1.178679	-25.180180	-47.302965	0.803489	continued:5	1230701843135211925794565062555	14131094530695371	-1,-3,-3,-4,8	-10,-9,9,9	ok
-1.177678	-25.180180	-47.841201	0.801571	continued:5	18131145371238388670	14131094530695371	-1,-3,-5,-4,3	-10,-9,9,9	ok
-1.176677	-25.180180	-48.335150	0.800322	continued:5	84442961545050764782239427712774	1186497109575947	-1,3,8,8,9	-10,-9,9,-8	ok
-1.175676	-25.180180	-48.780117	0.799820	continued:5	6585755786527404875684022861752	6127218819477947	-1,3,-9,3,-9	-10,-9,-9,-9	ok
-1.174675	-25.180180	-49.172564	0.799653	full	1636148487629013682799	12998508772438352	-1,3,9,-9,3	-10,-9,8,9	ok
-1.173674	-25.180180	-46.138057	0.808128	continued:5	99887452093034527057859805655424	11946275782530227	-1,3,9,9,9	-10,-9,7,9	ok
-1.172673	-25.180180	-46.748302	0.805334	continued:5	99887452093034527057859805655424	71120872656	-1,3,9,9,9	-10,-9,-6,-4	ok
-1.171672	-25.180180	-47.322303	0.802541	continued:5	99887452093034527057859805655424	9635420751477677	-1,3,9,9,9	-10,-9,-5,9	ok
-1.170671	-25.180180	-47.859934	0.800623	continued:5	99887452093034527057859805655424	4002027064539491	-1,3,9,9,9	-10,-9,4,-9	ok
-1.169670	-25.180180	-48.352881	0.799374	continued:5	99800337778756315751355425558375	32578450892	-1,-4,8,9,9	-10,-9,-4,-4	ok
-1.168669	-25.180180	-48.796558	0.799000	continued:5	42330680753028134677836177742650	32578450892	-1,-4,-4,4,9	-10,-9,-4,-4	ok
-1.167668	-25.180180	-49.186499	0.798833	full	71259394417088373660676984793694	1664063117508636	-1,4,7,7,9	-10,-9,4,8	ok
-1.166667	-25.180180	-46.165383	0.807307	continued:5	14103369899823752	9223525945592831	-1,4,9,9	-10,-9,4,9	ok
-1.165666	-25.180180	-46.773955	0.804513	continued:5	99887456845847195298468783430344	745029968537846	-1,4,9,9,9	-10,-9,5,-8	ok
-1.164665	-25.180180	-47.345979	0.801720	continued:5	99887456845847195298468783430344	10507843333299002	-1,4,9,9,9	-10,-9,-6,9	ok
-1.163664	-25.180180	-47.881363	0.799802	continued:5	99887456845847195298468783430344	10969451632609496	-1,4,9,9,9	-10,-9,6,9	ok
-1.162663	-25.180180	-48.371877	0.798553	continued:5	20590125819797818596690060172880	2288770784336727	-1,-5,9,9,-9	-10,-9,7,8	ok
-1.161662	-25.180180	-48.813031	0.798179	continued:5	99539391210921783052335238143875	11948993624749172	-1,-5,5,9,9	-10,9,7,9	ok
-1.160661	-25.180180	-49.200452	0.798012	full	5930542170027	6003218182946	-1,5,-8,5	-10,9,-8,5	ok
-1.159660	-25.180180	-46.192926	0.806486	continued:5	14109526728376002	13001404246838297	-1,5,9,9	-10,9,8,9	ok
-1.158659	-25.180180	-46.799775	0.803693	continued:5	99887461598660033149180984256175	13001404246838297	-1,5,9,9,9	-10,9,8,9	ok
-1.157658	-25.180180	-47.369776	0.800899	continued:5	99887461598660033149180984256175	13001404246838297	-1,5,9,9,9	-10,9,8,9	ok
-1.156657	-25.180180	-47.902875	0.798981	continued:5	99887463975066515678327054302764	13001404246838297	-1,-6,9,9,9	-10,9,8,9	ok
-1.155656	-25.180180	-48.390926	0.797732	continued:5	5320482943914152	13557426100420121	-1,-6,7,-9	-10,9,-9,9	ok
-1.154655	-25.180180	-48.829535	0.797358	continued:5	2405857221871502	2672849006516321	-1,-6,-8,8	-10,9,-9,8	ok
-1.153654	-25.180180	-49.214422	0.797191	full	2807039015951975	173925806629571	-1,6,9,8	-10,9,-9,-7	ok
-1.152653	-25.180180	-46.217802	0.805537	continued:5	99887466351473040610000443299585	63928562574509	-1,6,9,9,9	-10,9,-9,6	ok
-1.151652	-25.180180	-46.824426	0.802744	continued:5	99887466351473040610000443299585	451520196723746	-1,6,9,9,9	-10,9,-9,7	ok
-1.150651	-25.180180	-47.393694	0.800078	continued:5	99887466351473040610000443299585	1121521764784571	-1,6,9,9,9	-10,9,-9,-8	ok
-1.149650	-25.180180	-47.924470	0.798160	continued:5	14118765750735777	2812547287698746	-1,-7,9,9	-10,9,9,8	ok
-1.148649	-25.180180	-48.410028	0.796911	continued:5	11935406268907109	6417185222471621	-1,-7,7,9	-10,9,9,-9	ok
-1.147648	-25.180180	-48.846071	0.796537	continued:5	12451443275124369	6417185222471621	-1,-7,-8,9	-10,9,9,-9	ok
-1.146647	-25.180180	-49.228409	0.796370	full	2669313200201559	6417185222471621	-1,7,-9,8	-10,9,9,-9	ok
-1.145646	-25.180180	-46.245790	0.804716	continued:5	14121846432950699	14134177230126971	-1,7,9,9	-10,9,9,9	ok
-1.144645	-25.180180	-46.850584	0.801923	continued:5	14121846432950699	14134177230126971	-1,7,9,9	-10,9,9,9	ok
-1.143644	-25.180180	-47.417735	0.799257	continued:5	14121846432950699	14134177230126971	-1,7,9,9	-10,9,9,9	ok
-1.142643	-25.180180	-47.946149	0.797339	continued:5	14121846432950699	14134177230126971	-1,7,9,9	-10,9,9,9	ok
-1.141642	-25.180180	-48.429184	0.796090	continued:5	14121846432950699	14134177230126971	-1,7,9,9	-10,9,9,9	ok
-1.140641	-25.180180	-48.862639	0.795716	continued:5	14121846432950699	14134177230126971	-1,7,9,9	-10,9,9,9	ok
-1.139640	-25.180180	-49.242413	0.795549	full	14124927619304777	14134177230126971	-1,-8,9,9	-10,9,9,9	ok
-1.138639	-25.180180	-46.272392	0.803895	continued:5	99843906815206948575625153211777	14134177230126971	-1,-8,-9,9,9	-10,9,9,9	ok
-1.137638	-25.180180	-46.875469	0.801101	continued:5	12992716373000252	14134177230126971	-1,-8,8,9	-10,9,9,9	ok
-1.136637	-25.180180	-47.440612	0.798308	continued:5	998766650140877	14134177230126971	-1,-8,-8,-8	-10,9,9,9	ok
-1.135636	-25.180180	-47.967912	0.796518	continued:5	5847190196345960	14134177230126971	-1,-8,8,-9	-10,9,9,9	ok
-1.134635	-25.180180	-48.448393	0.795269	continued:5	12992716373000252	14134177230126971	-1,-8,8,9	-10,9,9,9	ok
-1.133634	-25.180180	-48.879239	0.794895	continued:5	6125569946746277	14134177230126971	-1,8,-9,-9	-10,9,9,9	ok
-1.132633	-25.180180	-49.256435	0.794728	full	2671080006838320	14134177230126971	-1,8,-9,8	-10,9,9,9	ok
-1.131632	-25.180180	-46.295193	0.802995	continued:5	14128009309853010	14134177230126971	-1,8,9,9	-10,9,9,9	ok
-1.130631	-25.180180	-46.897696	0.800201	continued:5	14128009309853010	14134177230126971	-1,8,9,9	-10,9,9,9	ok
-1.129630	-25.180180	-47.461826	0.797408	continued:5	14128009309853010	14134177230126971	-1,8,9,9	-10,9,9,9	ok
-1.128629	-25.180180	-47.987741	0.795490	continued:5	14128009309853010	14134177230126971	-1,8,9,9	-10,9,9,9	ok
-1.127628	-25.180180	-48.467657	0.794447	continued:5	14128009309853010	14134177230126971	-1,8,9,9	-10,9,9,9	ok
-1.126627	-25.180180	-48.895871	0.794074	continued:5	14128009309853010	14134177230126971	-1,8,9,9	-10,9,9,9	ok
-1.125626	-25.180180	-49.270474	0.793906	full	14128009309853010	14134177230126971	-1,8,9,9	-10,9,9,9	ok
-1.124625	-25.180180	-46.320953	0.802045	continued:5	14128009309853010	14134177230126971	-1,8,9,9	-10,9,9,9	ok
-1.123624	-25.180180	-46.923022	0.799252	continued:5	14128009309853010	14134177230126971	-1,8,9,9	-10,9,9,9	ok
-1.122623	-25.180180	-47.486232	0.796586	continued:5	14128009309853010	14134177230126971	-1,8,9,9	-10,9,9,9	ok
-1.121622	-25.180180	-48.009670	0.794668	continued:5	14128009309853010	14134177230126971	-1,8,9,9	-10,9,9,9	ok
-1.120621	-25.180180	-48.486974	0.793626	continued:5	14128009309853010	14134177230126971	-1,8,9,9	-10,9,9,9	ok
-1.119620	-25.180180	-48.912534	0.793252	continued:5	14128009309853010	14134177230126971	-1,8,9,9	-10,9,9,9	ok
-1.118619	-25.180180	-49.284529	0.793085	full	14128009309853010	14134177230126971	-1,8,9,9	-10,9,9,9	ok
-1.117618	-25.180180	-46.349843	0.801224	continued:5	99887475857099564361977276706054	14134177230126971	-1,8,9,9,9	-10,9,9,9	ok
-1.116617	-25.180180	-46.949865	0.798431	continued:5	99887475857099564361977276706054	14134177230126971	-1,8,9,9,9	-10,9,9,9	ok
-1.115616	-25.180180	-47.510770	0.795765	continued:5	99887475857099564361977276706054	14134177230126971	-1,8,9,9,9	-10,9,9,9	ok
-1.114615	-25.180180	-48.031689	0.793847	continued:5	99887475857099564361977276706054	14134177230126971	-1,8,9,9,9	-10,9,9,9	ok
-1.113614	-25.180180	-48.506347	0.792804	continued:5	99887475857099564361977276706054	14134177230126971	-1,8,9,9,9	-10,9,9,9	ok
-1.112613	-25.180180	-48.929231	0.792431	continued:5	99887478233506301306294826391710	14134177230126971	-1,-9,9,9,9	-10,9,9,9	ok
-1.111612	-25.180180	-49.298602	0.792263	full	99887478233506301306294826391710	14134177230126971	-1,-9,9,9,9	-10,9,9,9	ok
-1.110611	-25.180180	-46.378924	0.800402	continued:5	99887478233506301306294826391710	14134177230126971	-1,-9,9,9,9	-10,9,9,9	ok
-1.109610	-25.180180	-46.976852	0.797609	continued:5	99887478233506301306294826391710	14134177230126971	-1,-9,9,9,9	-10,9,9,9	ok
-1.108609	-25.180180	-47.535410	0.794943	continued:5	99887478233506301306294826391710	14134177230126971	-1,-9,9,9,9	-10,9,9,9	ok
-1.107608	-25.180180	-48.053777	0.793025	continued:5	99887478233506301306294826391710	14134177230126971	-1,-9,9,9,9	-10,9,9,9	ok
-1.106607	-25.180180	-48.525765	0.791982	continued:5	14131091504650400	14134177230126971	-1,-9,9,9	-10,9,9,9	ok
-1.105606	-25.180180	-48.945954	0.791609	continued:5	14131091504650400	14134177230126971	-1,-9,9,9	-10,9,9,9	ok
-1.104605	-25.180180	-49.312693	0.791441	full	14131091504650400	14134177230126971	-1,-9,9,9	-10,9,9,9	ok
-1.103604	-25.180180	-46.403822	0.799453	continued:5	14131091504650400	14134177230126971	-1,-9,9,9	-10,9,9,9	ok
-1.102603	-25.180180	-47.001305	0.796660	continued:5	14131091504650400	14134177230126971	-1,-9,9,9	-10,9,9,9	ok
-1.101602	-25.180180	-47.558942	0.793994	continued:5	6127216826882384	14134177230126971	-1,-9,-9,-9	-10,9,9,9	ok
-1.100601	-25.180180	-48.075988	0.792204	continued:5	6127216826882384	14134177230126971	-1,-9,-9,-9	-10,9,9,9	ok
-1.099600	-25.180180	-48.545259	0.791161	continued:5	6127216826882384	14134177230126971	-1,-9,-9,-9	-10,9,9,9	ok
-1.098599	-25.180180	-48.962720	0.790788	continued:5	6127216826882384	14134177230126971	-1,-9,-9,-9	-10,9,9,9	ok
-1.097598	-25.180180	-49.326800	0.790620	full	6127216826882384	14134177230126971	-1,-9,-9,-9	-10,9,9,9	ok
-1.096597	-25.180180	-46.433428	0.798632	continued:5	18771403874319079111379122357950	14134177230126971	-1,-9,-9,-9,-9	-10,9,9,9	ok
-1.095596	-25.180180	-47.028689	0.795838	continued:5	18771403874319079111379122357950	14134177230126971	-1,-9,-9,-9,-9	-10,9,9,9	ok
-1.094595	-25.180180	-47.583869	0.793173	continued:5	6127216826882384	14134177230126971	-1,-9,-9,-9	-10,9,9,9	ok
-1.093594	-25.180180	-48.098270	0.791382	continued:5	6127216826882384	14134177230126971	-1,-9,-9,-9	-10,9,9,9	ok
-1.092593	-25.180180	-48.564800	0.790340	continued:5	6127216826882384	14134177230126971	-1,-9,-9,-9	-10,9,9,9	ok
-1.091592	-25.180180	-48.979514	0.789966	continued:5	6127216826882384	14134177230126971	-1,-9,-9,-9	-10,9,9,9	ok
-1.090591	-25.180180	-49.340924	0.789799	full	6127216826882384	14134177230126971	-1,-9,-9,-9	-10,9,9,9	ok
-1.089590	-25.180180	-46.458529	0.797603	continued:5	6127216826882384	14134177230126971	-1,-9,-9,-9	-10,9,9,9	ok
-1.088589	-25.180180	-47.054041	0.794809	continued:5	6127216826882384	14134177230126971	-1,-9,-9,-9	-10,9,9,9	ok
-1.087588	-25.180180	-47.608882	0.792350	continued:5	13554435274332185	14134177230126971	-1,-9,-9,9	-10,9,9,9	ok
-1.086587	-25.180180	-48.120610	0.790560	continued:5	13554435274332185	14134177230126971	-1,-9,-9,9	-10,9,9,9	ok
-1.085586	-25.180180	-48.584378	0.789518	continued:5	13554435274332185	14134177230126971	-1,-9,-9,9	-10,9,9,9	ok
-1.084585	-25.180180	-48.996332	0.789144	continued:5	14131091504650400	14134177230126971	-1,-9,9,9	-10,9,9,9	ok
-1.083584	-25.180180	-49.355064	0.788977	full	14131091504650400	14134177230126971	-1,-9,9,9	-10,9,9,9	ok
-1.082583	-25.180180	-46.488584	0.796781	continued:5	14131091504650400	14134177230126971	-1,-9,9,9	-10,9,9,9	ok
-1.081582	-25.180180	-47.081761	0.793987	continued:5	14131091504650400	14134177230126971	-1,-9,9,9	-10,9,9,9	ok
-1.080581	-25.180180	-47.634047	0.791528	continued:5	14131091504650400	14134177230126971	-1,-9,9,9	-10,9,9,9	ok
-1.079580	-25.180180	-48.143054	0.789738	continued:5	14131091504650400	14134177230126971	-1,-9,9,9	-10,9,9,9	ok
-1.078579	-25.180180	-48.604020	0.788696	continued:5	14131091504650400	14134177230126971	-1,-9,9,9	-10,9,9,9	ok
-1.077578	-25.180180	-49.013186	0.788322	continued:5	14134174203751952	14134177230126971	-1,9,9,9	-10,9,9,9	ok
-1.076577	-25.180180	-49.369222	0.788155	full	14134174203751952	14134177230126971	-1,9,9,9	-10,9,9,9	ok
-1.075576	-25.180180	-46.512530	0.795831	continued:5	14134174203751952	14134177230126971	-1,9,9,9	-10,9,9,9	ok
-1.074575	-25.180180	-47.105254	0.793038	continued:5	14134174203751952	14134177230126971	-1,9,9,9	-10,9,9,9	ok
-1.073574	-25.180180	-47.656620	0.790579	continued:5	14134174203751952	14134177230126971	-1,9,9,9	-10,9,9,9	ok
-1.072573	-25.180180	-48.164326	0.788788	continued:5	14134174203751952	14134177230126971	-1,9,9,9	-10,9,9,9	ok
-1.071572	-25.180180	-48.623713	0.787873	continued:5	14134174203751952	14134177230126971	-1,9,9,9	-10,9,9,9	ok
-1.070571	-25.180180	-49.030070	0.787500	continued:5	14134174203751952	14134177230126971	-1,9,9,9	-10,9,9,9	ok
-1.069570	-25.180180	-49.383396	0.787332	full	14134174203751952	14134177230126971	-1,9,9,9	-10,9,9,9	ok
-1.068569	-25.180180	-46.543088	0.795009	continued:5	99887480609913080653142721402689	14134177230126971	-1,9,9,9,9	-10,9,9,9	ok
-1.067568	-25.180180	-47.133352	0.792216	continued:5	99887480609913080653142721402689	14134177230126971	-1,9,9,9,9	-10,9,9,9	ok
-1.066567	-25.180180	-47.682056	0.789757	continued:5	99887480609913080653142721402689	14134177230126971	-1,9,9,9,9	-10,9,9,9	ok
-1.065566	-25.180180	-48.186952	0.787967	continued:5	99887480609913080653142721402689	14134177230126971	-1,9,9,9,9	-10,9,9,9	ok
-1.064565	-25.180180	-48.643471	0.787052	continued:5	14134174203751952	14134177230126971	-1,9,9,9	-10,9,9,9	ok
-1.063564	-25.180180	-49.046990	0.786678	continued:5	14134174203751952	14134177230126971	-1,9,9,9	-10,9,9,9	ok
-1.062563	-25.180180	-49.397587	0.786511	full	14134174203751952	14134177230126971	-1,9,9,9	-10,9,9,9	ok
-1.061562	-25.180180	-45.946973	0.796863	continued:5	99887480609913080653142721402689	14134177230126971	-1,9,9,9,9	-10,9,9,9	ok
-1.060561	-25.180180	-46.578284	0.794070	continued:5	99887480609913080653142721402689	14134177230126971	-1,9,9,9,9	-10,9,9,9	ok
-1.059560	-25.180180	-47.165667	0.791276	continued:5	99887480609913080653142721402689	14134177230126971	-1,9,9,9,9	-10,9,9,9	ok
-1.058559	-25.180180	-47.711269	0.788817	continued:5	99887480609913080653142721402689	14134177230126971	-1,9,9,9,9	-10,9,9,9	ok
-1.057558	-25.180180	-48.212907	0.787027	continued:5	99887480609913080653142721402689	14134177230126971	-1,9,9,9,9	-10,9,9,9	ok
-1.056557	-25.180180	-48.666112	0.786112	continued:5	99887480609913080653142721402689	14134177230126971	-1,9,9,9,9	-10,9,9,9	ok
-1.055556	-25.180180	-49.066364	0.785738	continued:5	99887480609913080653142721402689	14134177230126971	-1,9,9,9,9	-10,9,9,9	ok
-1.054555	-25.180180	-49.413826	0.785571	full	99887480609913080653142721402689	14134177230126971	-1,9,9,9,9	-10,9,9,9	ok
-1.053554	-25.180180	-45.974735	0.795718	continued:5	99887480609913080653142721402689	14134177230126971	-1,9,9,9,9	-10,9,9,9	ok
-1.052553	-25.180180	-46.606548	0.792925	continued:5	99887480609913080653142721402689	14134177230126971	-1,9,9,9,9	-10,9,9,9	ok
-1.051552	-25.180180	-47.193770	0.790131	continued:5	99887480609913080653142721402689	14134177230126971	-1,9,9,9,9	-10,9,9,9	ok
-1.050551	-25.180180	-47.738616	0.787672	continued:5	99887480609913080653142721402689	14134177230126971	-1,9,9,9,9	-10,9,9,9	ok
-1.049550	-25.180180	-48.239009	0.786089	continued:5	99887480609913080653142721402689	14134177230126971	-1,9,9,9,9	-10,9,9,9	ok
-1.048549	-25.180180	-48.688845	0.785174	continued:5	99887480609913080653142721402689	14134177230126971	-1,9,9,9,9	-10,9,9,9	ok
-1.047548	-25.180180	-49.085789	0.784800	continued:5	99887480609913080653142721402689	14134177230126971	-1,9,9,9,9	-10,9,9,9	ok
-1.046547	-25.180180	-49.430086	0.784633	full	99887480609913080653142721402689	14134177230126971	-1,9,9,9,9	-10,9,9,9	ok
-1.045546	-25.180180	-46.010244	0.794778	continued:5	99887480609913080653142721402689	14134177230126971	-1,9,9,9,9	-10,9,9,9	ok
-1.044545	-25.180180	-46.639558	0.791985	continued:5	99887480609913080653142721402689	14134177230126971	-1,9,9,9,9	-10,9,9,9	ok
-1.043544	-25.180180	-47.224062	0.789192	continued:5	99887480609913080653142721402689	14134177230126971	-1,9,9,9,9	-10,9,9,9	ok
-1.042543	-25.180180	-47.765964	0.786860	continued:5	99887480609913080653142721402689	14134177230126971	-1,9,9,9,9	-10,9,9,9	ok
-1.041542	-25.180180	-48.262135	0.785070	continued:5	99887480609913080653142721402689	14134177230126971	-1,9,9,9,9	-10,9,9,9	ok
-1.040541	-25.180180	-48.709646	0.784028	continued:5	99887480609913080653142721402689	14134177230126971	-1,9,9,9,9	-10,9,9,9	ok
-1.039540	-25.180180	-49.105243	0.783860	continued:5	99887480609913080653142721402689	14134177230126971	-1,9,9,9,9	-10,9,9,9	ok
-1.038539	-25.180180	-49.446367	0.783693	full	99887480609913080653142721402689	14134177230126971	-1,9,9,9,9	-10,9,9,9	ok
-1.037538	-25.180180	-46.043183	0.793758	continued:5	99887480609913080653142721402689	14134177230126971	-1,9,9,9,9	-10,9,9,9	ok
-1.036537	-25.180180	-46.671068	0.790964	continued:5	99887480609913080653142721402689	14134177230126971	-1,9,9,9,9	-10,9,9,9	ok
-1.035536	-25.180180	-47.253759	0.788171	continued:5	99887480609913080653142721402689	14134177230126971	-1,9,9,9,9	-10,9,9,9	ok
-1.034535	-25.180180	-47.793494	0.785712	continued:5	99887480609913080653142721402689	14134177230126971	-1,9,9,9,9	-10,9,9,9	ok
-1.033534	-25.180180	-48.288358	0.784128	continued:5	99887480609913080653142721402689	14134177230126971	-1,9,9,9,9	-10,9,9,9	ok
-1.032533	-25.180180	-48.732457	0.783086	continued:5	99887480609913080653142721402689	14134177230126971	-1,9,9,9,9	-10,9,9,9	ok
-1.031532	-25.180180	-49.124721	0.782919	continued:5	99887480609913080653142721402689	14134177230126971	-1,9,9,9,9	-10,9,9,9	ok
-1.030531	-25.180180	-49.462670	0.782752	full	99887480609913080653142721402689	14134177230126971	-1,9,9,9,9	-10,9,9,9	ok
-1.029530	-25.180180	-46.079390	0.792752	continued:5	99887480609913080653142721402689	14134177230126971	-1,9,9,9,9	-10,9,9,9	ok
-1.028529	-25.180180	-46.705279	0.789959	continued:5	99887480609913080653142721402689	14134177230126971	-1,9,9,9,9	-10,9,9,9	ok
-1.027528	-25.180180	-47.285661	0.787165	continued:5	99887480609913080653142721402689	14134177230126971	-1,9,9,9,9	-10,9,9,9	ok
-1.026527	-25.180180	-47.822790	0.784706	continued:5	99887480609913080653142721402689	14134177230126971	-1,9,9,9,9	-10,9,9,9	ok
-1.025526	-25.180180	-48.314833	0.783123	continued:5	99887480609913080653142721402689	14134177061995017	-1,9,9,9,9	9,9,9,9	ok
-1.024525	-25.180180	-48.756006	0.782287	continued:5	99887480609913080653142721402689	14134177061995017	-1,9,9,9,9	9,9,9,9	ok
-1.023524	-25.180180	-49.143636	0.781913	continued:5	99887480609913080653142721402689	14134177061995017	-1,9,9,9,9	9,9,9,9	ok
-1.022523	-25.180180	-49.478994	0.781746	full	99887480609913080653142721402689	14134177061995017	-1,9,9,9,9	9,9,9,9	ok
-1.021522	-25.180180	-46.115549	0.791777	continued:5	99887480609913080653142721402689	14134177061995017	-1,9,9,9,9	9,9,9,9	ok
-1.020521	-25.180180	-46.739087	0.788984	continued:5	99887480609913080653142721402689	14134177061995017	-1,9,9,9,9	9,9,9,9	ok
-1.019520	-25.180180	-47.316864	0.786191	continued:5	99887480609913080653142721402689	14134177061995017	-1,9,9,9,9	9,9,9,9	ok
-1.018519	-25.180180	-47.851144	0.783732	continued:5	99887480609913080653142721402689	14134177061995017	-1,9,9,9,9	9,9,9,9	ok
-1.017518	-25.180180	-48.340176	0.782148	continued:5	99887480609913080653142721402689	14134177061995017	-1,9,9,9,9	9,9,9,9	ok
-1.016517	-25.180180	-48.778280	0.781312	continued:5	99887480609913080653142721402689	14134177061995017	-1,9,9,9,9	9,9,9,9	ok
-1.015516	-25.180180	-49.162884	0.780938	continued:5	99887480609913080653142721402689	14134177061995017	-1,9,9,9,9	9,9,9,9	ok
-1.014515	-25.180180	-49.495339	0.780564	full	99887480609913080653142721402689	14134177061995017	-1,9,9,9,9	9,9,9,9	ok
-1.013514	-25.180180	-46.153162	0.790801	continued:5	99887480609913080653142721402689	14134177061995017	-1,9,9,9,9	9,9,9,9	ok
-1.012513	-25.180180	-46.774154	0.788007	continued:5	99887480609913080653142721402689	14134177061995017	-1,9,9,9,9	9,9,9,9	ok
-1.011512	-25.180180	-47.349149	0.785214	continued:5	99887480609913080653142721402689	14134177061995017	-1,9,9,9,9	9,9,9,9	ok
-1.010511	-25.180180	-47.880424	0.782755	continued:5	99887480609913080653142721402689	14134177061995017	-1,9,9,9,9	9,9,9,9	ok
-1.009510	-25.180180	-48.366309	0.781172	continued:5	99887480609913080653142721402689	14134177061995017	-1,9,9,9,9	9,9,9,9	ok
-1.008509	-25.180180	-48.801227	0.780257	continued:5	99887480609913080653142721402689	14134177061995017	-1,9,9,9,9	9,9,9,9	ok
-1.007508	-25.180180	-49.183358	0.780089	continued:5	99887480609913080653142721402689	14134177061995017	-1,9,9,9,9	9,9,9,9	ok
-1.006507	-25.180180	-49.511705	0.779381	full	99887480609913080653142721402689	14134177061995017	-1,9,9,9,9	9,9,9,9	ok
-1.005506	-25.180180	-46.185045	0.789695	continued:5	99887480609913080653142721402689	14134177061995017	-1,9,9,9,9	9,9,9,9	ok
-1.004505	-25.180180	-46.805411	0.786902	continued:5	99887480609913080653142721402689	14134177061995017	-1,9,9,9,9	9,9,9,9	ok
-1.003504	-25.180180	-47.379264	0.784108	continued:5	99887480609913080653142721402689	14134177061995017	-1,9,9,9,9	9,9,9,9	ok
-1.002503	-25.180180	-47.908942	0.781777	continued:5	99887480609913080653142721402689	14134177061995017	-1,9,9,9,9	9,9,9,9	ok
-1.001502	-25.180180	-48.391758	0.780193	continued:5	99887480609913080653142721402689	14134177061995017	-1,9,9,9,9	9,9,9,9	ok
-1.000501	-25.180180	-48.823570	0.779278	continued:5	99887480609913080653142721402689	14134177061995017	-1,9,9,9,9	9,9,9,9	ok
-0.999499	-25.180180	-49.202654	0.779111	continued:5	99887480609913080653142721402689	14134177061995017	-1,9,9,9,9	9,9,9,9	ok
-0.998498	-25.180180	-49.528092	0.778196	full	99887480609913080653142721402689	14134177061995017	-1,9,9,9,9	9,9,9,9	ok
-0.997497	-25.180180	-46.227433	0.788685	continued:5	99887480609913080653142721402689	14134177061995017	-1,9,9,9,9	9,9,9,9	ok
-0.996496	-25.180180	-46.844934	0.785891	continued:5	99887480609913080653142721402689	14134177061995017	-1,9,9,9,9	9,9,9,9	ok
-0.995495	-25.180180	-47.415701	0.783098	continued:5	99887480609913080653142721402689	14134177061995017	-1,9,9,9,9	9,9,9,9	ok
-0.994494	-25.180180	-47.942083	0.780846	continued:5	99887480609913080653142721402689	14134177061995017	-1,9,9,9,9	9,9,9,9	ok
-0.993493	-25.180180	-48.420782	0.779262	continued:5	99887480609913080653142721402689	14134177061995017	-1,9,9,9,9	9,9,9,9	ok
-0.992492	-25.180180	-48.848576	0.778426	continued:5	99887480609913080653142721402689	14134177061995017	-1,9,9,9,9	9,9,9,9	ok
-0.991491	-25.180180	-49.223178	0.778259	continued:5	99887480609913080653142721402689	14134177061995017	-1,9,9,9,9	9,9,9,9	ok
-0.990490	-25.180180	-49.544499	0.777010	full	99887480609913080653142721402689	14134177061995017	-1,9,9,9,9	9,9,9,9	ok
-0.989489	-25.180180	-46.261325	0.787703	continued:5	99887480609913080653142721402689	14134177061995017	-1,9,9,9,9	9,9,9,9	ok
-0.988488	-25.180180	-46.876627	0.784910	continued:5	99887480609913080653142721402689	14134177061995017	-1,9,9,9,9	9,9,9,9	ok
-0.987487	-25.180180	-47.444925	0.782116	continued:5	99887480609913080653142721402689	14134177061995017	-1,9,9,9,9	9,9,9,9	ok
-0.986486	-25.180180	-47.968604	0.779864	continued:5	99887480609913080653142721402689	14134177061995017	-1,9,9,9,9	9,9,9,9	ok
-0.985485	-25.180180	-48.444455	0.778281	continued:5	99887480609913080653142721402689	14134177061995017	-1,9,9,9,9	9,9,9,9	ok
-0.984484	-25.180180	-48.869360	0.777366	continued:5	99887480609913080653142721402689	14134177061995017	-1,9,9,9,9	9,9,9,9	ok
-0.983483	-25.180180	-49.241776	0.777198	continued:5	99887480609913080653142721402689	14134177061995017	-1,9,9,9,9	9,9,9,9	ok
-0.982482	-25.180180	-49.560927	0.775822	full	99887480609913080653142721402689	14134177061995017	-1,9,9,9,9	9,9,9,9	ok
-0.981481	-25.180180	-46.302549	0.786720	continued:5	99887480609913080653142721402689	14134177061995017	-1,9,9,9,9	9,9,9,9	ok
-0.980480	-25.180180	-46.914754	0.783926	continued:5	99887480609913080653142721402689	14134177061995017	-1,9,9,9,9	9,9,9,9	ok
-0.979479	-25.180180	-47.479779	0.781133	continued:5	99887480609913080653142721402689	14134177061995017	-1,9,9,9,9	9,9,9,9	ok
-0.978478	-25.180180	-48.000026	0.778881	continued:5	99887480609913080653142721402689	14134177061995017	-1,9,9,9,9	9,9,9,9	ok
-0.977477	-25.180180	-48.472369	0.777297	continued:5	99887480609913080653142721402689	14134177061995017	-1,9,9,9,9	9,9,9,9	ok
-0.976476	-25.180180	-48.893793	0.776589	continued:5	99887480609913080653142721402689	14134177061995017	-1,9,9,9,9	9,9,9,9	ok
-0.975475	-25.180180	-49.261142	0.776215	continued:5	99887480609913080653142721402689	14134177061995017	-1,9,9,9,9	9,9,9,9	ok
-0.974474	-25.180180	-49.577375	0.774632	full	99887480609913080653142721402689	14134177061995017	-1,9,9,9,9	9,9,9,9	ok
-0.973473	-25.180180	-46.578875	0.784662	continued:5	99887480609913080653142721402689	14134177061995017	-1,9,9,9,9	9,9,9,9	ok
-0.972472	-25.180180	-47.170311	0.781869	continued:5	99887480609913080653142721402689	14134177061995017	-1,9,9,9,9	9,9,9,9	ok
-0.971471	-25.180180	-47.715399	0.779075	continued:5	99887480609913080653142721402689	14134177061995017	-1,9,9,9,9	9,9,9,9	ok
-0.970470	-25.180180	-48.216147	0.777157	continued:5	99887480609913080653142721402689	14134177061995017	-1,9,9,9,9	9,9,9,9	ok
-0.969469	-25.180180	-48.666666	0.776115	continued:5	99887480609913080653142721402689	14134177061995017	-1,9,9,9,9	9,9,9,9	ok
-0.968468	-25.180180	-49.063075	0.775407	continued:5	99887480609913080653142721402689	14134177061995017	-1,9,9,9,9	9,9,9,9	ok
-0.967467	-25.180180	-49.407786	0.776242	full	99887480609913080653142721402689	14134177061995017	-1,9,9,9,9	9,9,9,9	ok
-0.966466	-25.180180	-46.612653	0.783817	continued:5	99887480609913080653142721402689	14134177061995017	-1,9,9,9,9	9,9,9,9	ok
-0.965465	-25.180180	-47.201240	0.781024	continued:5	99887480609913080653142721402689	14134177061995017	-1,9,9,9,9	9,9,9,9	ok
-0.964464	-25.180180	-47.743346	0.778230	continued:5	99887480609913080653142721402689	14134177061995017	-1,9,9,9,9	9,9,9,9	ok
-0.963463	-25.180180	-48.241027	0.776440	continued:5	99887480609913080653142721402689	14134177061995017	-1,9,9,9,9	9,9,9,9	ok
-0.962462	-25.180180	-48.687375	0.775191	continued:5	99887480609913080653142721402689	14134177061995017	-1,9,9,9,9	9,9,9,9	ok
-0.961461	-25.180180	-49.081614	0.774689	continued:5	99887480609913080653142721402689	14134177061995017	-1,9,9,9,9	9,9,9,9	ok
-0.960460	-25.180180	-49.422487	0.775191	full	99887480609913080653142721402689	14134177061995017	-1,9,9,9,9	9,9,9,9	ok
-0.959459	-25.180180	-46.638317	0.782892	continued:5	99887480609913080653142721402689	14134177061995017	-1,9,9,9,9	9,9,9,9	ok
-0.958458	-25.180180	-47.225782	0.780099	continued:5	99887480609913080653142721402689	14134177061995017	-1,9,9,9,9	9,9,9,9	ok
-0.957457	-25.180180	-47.766418	0.777433	continued:5	99887480609913080653142721402689	14134177061995017	-1,9,9,9,9	9,9,9,9	ok
-0.956456	-25.180180	-48.261216	0.775515	continued:5	99887480609913080653142721402689	14134177061995017	-1,9,9,9,9	9,9,9,9	ok
-0.955455	-25.180180	-48.705806	0.774266	continued:5	99887480609913080653142721402689	14134177061995017	-1,9,9,9,9	9,9,9,9	ok
-0.954454	-25.180180	-49.098195	0.773764	continued:5	99887480609913080653142721402689	14134177061995017	-1,9,9,9,9	9,9,9,9	ok
-0.953453	-25.180180	-49.437205	0.774138	full	99887480609913080653142721402689	14134177061995017	-1,9,9,9,9	9,9,9,9	ok
-0.952452	-25.180180	-46.669319	0.782044	continued:5	99887480609913080653142721402689	14134177061995017	-1,9,9,9,9	9,9,9,9	ok
-0.951451	-25.180180	-47.254227	0.779251	continued:5	99887480609913080653142721402689	14134177061995017	-1,9,9,9,9	9,9,9,9	ok
-0.950450	-25.180180	-47.792153	0.776585	continued:5	99887480609913080653142721402689	14134177061995017	-1,9,9,9,9	9,9,9,9	ok
-0.949449	-25.180180	-48.284145	0.774667	continued:5	99887480609913080653142721402689	14134177061995017	-1,9,9,9,9	9,9,9,9	ok
-0.948448	-25.180180	-48.725914	0.773418	continued:5	99887480609913080653142721402689	14134177061995017	-1,9,9,9,9	9,9,9,9	ok
-0.947447	-25.180180	-49.115549	0.772917	continued:5	99887480609913080653142721402689	14134177061995017	-1,9,9,9,9	9,9,9,9	ok
-0.946446	-25.180180	-49.451939	0.773084	full	99887480609913080653142721402689	14134177061995017	-1,9,9,9,9	9,9,9,9	ok
-0.945445	-25.180180	-46.701288	0.781119	continued:5	99887480609913080653142721402689	14134177061995017	-1,9,9,9,9	9,9,9,9	ok
-0.944444	-25.180180	-47.284238	0.778326	continued:5	99887480609913080653142721402689	14134177061995017	-1,9,9,9,9	9,9,9,9	ok
-0.943443	-25.180180	-47.819945	0.775660	continued:5	99887480609913080653142721402689	14134177061995017	-1,9,9,9,9	9,9,9,9	ok
-0.942442	-25.180180	-48.309525	0.773742	continued:5	99887480609913080653142721402689	14134177061995017	-1,9,9,9,9	9,9,9,9	ok
-0.941441	-25.180180	-48.748784	0.772699	continued:5	99887480609913080653142721402689	14134177061995017	-1,9,9,9,9	9,9,9,9	ok
-0.940440	-25.180180	-49.134173	0.772198	continued:5	99887480609913080653142721402689	14134177061995017	-1,9,9,9,9	9,9,9,9	ok
-0.939439	-25.180180	-49.466689	0.772031	full	99887480609913080653142721402689	14134177061995017	-1,9,9,9,9	9,9,9,9	ok
-0.938438	-25.180180	-46.730180	0.780089	continued:5	99887480609913080653142721402689	14134177061995017	-1,9,9,9,9	9,9,9,9	ok
-0.937437	-25.180180	-47.312528	0.777296	continued:5	99887480609913080653142721402689	14134177061995017	-1,9,9,9,9	9,9,9,9	ok
-0.936436	-25.180180	-47.847168	0.774837	continued:5	99887480609913080653142721402689	14134177061995017	-1,9,9,9,9	9,9,9,9	ok
-0.935435	-25.180180	-48.333472	0.772919	continued:5	99887480609913080653142721402689	14134177061995017	-1,9,9,9,9	9,9,9,9	ok
-0.934434	-25.180180	-48.769515	0.771876	continued:5	99887480609913080653142721402689	14134177061995017	-1,9,9,9,9	9,9,9,9	ok
-0.933433	-25.180180	-49.151825	0.771375	continued:5	99887480609913080653142721402689	14134177061995017	-1,9,9,9,9	9,9,9,9	ok
-0.932432	-25.180180	-49.481454	0.771207	full	99887480609913080653142721402689	14134177061995017	-1,9,9,9,9	9,9,9,9	ok
-0.931431	-25.180180	-46.763437	0.779336	continued:5	99887480609913080653142721402689	14134177061995017	-1,9,9,9,9	9,9,9,9	ok
-0.930430	-25.180180	-47.341929	0.776542	continued:5	99887480609913080653142721402689	14134177061995017	-1,9,9,9,9	9,9,9,9	ok
-0.929429	-25.180180	-47.872767	0.773877	continued:5	99887480609913080653142721402689	14134177061995017	-1,9,9,9,9	9,9,9,9	ok
-0.928428	-25.180180	-48.357201	0.772087	continued:5	99887480609913080653142721402689	14134177061995017	-1,9,9,9,9	9,9,9,9	ok
-0.927427	-25.180180	-48.790114	0.771044	continued:5	99887480609913080653142721402689	14134177061995017	-1,9,9,9,9	9,9,9,9	ok
-0.926426	-25.180180	-49.169422	0.770542	continued:5	99887480609913080653142721402689	14134177061995017	-1,9,9,9,9	9,9,9,9	ok
-0.925425	-25.180180	-49.496236	0.770375	full	99887480609913080653142721402689	14134177061995017	-1,9,9,9,9	9,9,9,9	ok
-0.924424	-25.180180	-46.794726	0.778385	continued:5	99887480609913080653142721402689	14134177061995017	-1,9,9,9,9	9,9,9,9	ok
-0.923423	-25.180180	-47.371482	0.775591	continued:5	99887480609913080653142721402689	14134177061995017	-1,9,9,9,9	9,9,9,9	ok
-0.922422	-25.180180	-47.900296	0.773132	continued:5	99887480609913080653142721402689	14134177061995017	-1,9,9,9,9	9,9,9,9	ok
-0.921421	-25.180180	-48.380655	0.771342	continued:5	99887480609913080653142721402689	14134177061995017	-1,9,9,9,9	9,9,9,9	ok
-0.920420	-25.180180	-48.809700	0.770093	continued:5	99887480609913080653142721402689	14134177061995017	-1,9,9,9,9	9,9,9,9	ok
-0.919419	-25.180180	-49.187134	0.769719	continued:5	99887480609913080653142721402689	14134177061995017	-1,9,9,9,9	9,9,9,9	ok
-0.918418	-25.180180	-49.511033	0.769552	full	99887480609913080653142721402689	14134177061995017	-1,9,9,9,9	9,9,9,9	ok
-0.917417	-25.180180	-46.201638	0.780157	continued:5	99887480609913080653142721402689	14134177061995017	-1,9,9,9,9	9,9,9,9	ok
-0.916416	-25.180180	-46.827990	0.777364	continued:5	99887480609913080653142721402689	14134177061995017	-1,9,9,9,9	9,9,9,9	ok
-0.915415	-25.180180	-47.402395	0.774570	continued:5	99887480609913080653142721402689	14134177061995017	-1,9,9,9,9	9,9,9,9	ok
-0.914414	-25.180180	-47.928615	0.772111	continued:5	99887480609913080653142721402689	14134177061995017	-1,9,9,9,9	9,9,9,9	ok
-0.913413	-25.180180	-48.406223	0.770193	continued:5	99887480609913080653142721402689	14134177061995017	-1,9,9,9,9	9,9,9,9	ok
-0.912412	-25.180180	-48.833562	0.769151	continued:5	99887480609913080653142721402689	14134177061995017	-1,9,9,9,9	9,9,9,9	ok
-0.911411	-25.180180	-49.207405	0.768777	continued:5	99887480609913080653142721402689	14134177061995017	-1,9,9,9,9	9,9,9,9	ok
-0.910410	-25.180180	-49.527963	0.768610	full	99887480609913080653142721402689	14134177061995017	-1,9,9,9,9	9,9,9,9	ok
-0.909409	-25.180180	-46.237644	0.779080	continued:5	99887480609913080653142721402689	14134177061995017	-1,9,9,9,9	9,9,9,9	ok
-0.908408	-25.180180	-46.862346	0.776287	continued:5	99887480609913080653142721402689	14134177061995017	-1,9,9,9,9	9,9,9,9	ok
-0.907407	-25.180180	-47.434752	0.773494	continued:5	99887480609913080653142721402689	14134177061995017	-1,9,9,9,9	9,9,9,9	ok
-0.906406	-25.180180	-47.958662	0.771035	continued:5	99887480609913080653142721402689	14134177061995017	-1,9,9,9,9	9,9,9,9	ok
-0.905405	-25.180180	-48.433745	0.769244	continued:5	99887480609913080653142721402689	14134177061995017	-1,9,9,9,9	9,9,9,9	ok
-0.904404	-25.180180	-48.857352	0.768202	continued:5	99887480609913080653142721402689	14134177061995017	-1,9,9,9,9	9,9,9,9	ok
-0.903403	-25.180180	-49.227652	0.767828	continued:5	99887480609913080653142721402689	14134177061995017	-1,9,9,9,9	9,9,9,9	ok
-0.902402	-25.180180	-49.544912	0.767661	full	99887480609913080653142721402689	14134177061995017	-1,9,9,9,9	9,9,9,9	ok
-0.901401	-25.180180	-46.281992	0.778141	continued:5	99887480609913080653142721402689	14134177061995017	-1,9,9,9,9	9,9,9,9	ok
-0.900400	-25.180180	-46.902562	0.775347	continued:5	99887480609913080653142721402689	14134177061995017	-1,9,9,9,9	9,9,9,9	ok
-0.899399	-25.180180	-47.470859	0.772554	continued:5	99887480609913080653142721402689	14134177061995017	-1,9,9,9,9	9,9,9,9	ok
-0.898398	-25.180180	-47.990663	0.770095	continued:5	99887480609913080653142721402689	14134177061995017	-1,9,9,9,9	9,9,9,9	ok
-0.897397	-25.180180	-48.461700	0.768305	continued:5	99887480609913080653142721402689	14134177061995017	-1,9,9,9,9	9,9,9,9	ok
-0.896396	-25.180180	-48.881406	0.767262	continued:5	99887480609913080653142721402689	14134177061995017	-1,9,9,9,9	9,9,9,9	ok
-0.895395	-25.180180	-49.248026	0.766888	continued:5	99887480609913080653142721402689	14134177061995017	-1,9,9,9,9	9,9,9,9	ok
-0.894394	-25.180180	-49.561882	0.766721	full	99887480609913080653142721402689	14134177061995017	-1,9,9,9,9	9,9,9,9	ok
-0.893393	-25.180180	-46.320486	0.777061	continued:5	99887480609913080653142721402689	14134177061995017	-1,9,9,9,9	9,9,9,9	ok
-0.892392	-25.180180	-46.939028	0.774267	continued:5	99887480609913080653142721402689	14134177061995017	-1,9,9,9,9	9,9,9,9	ok
-0.891391	-25.180180	-47.504993	0.771474	continued:5	99887480609913080653142721402689	14134177061995017	-1,9,9,9,9	9,9,9,9	ok
-0.890390	-25.180180	-48.022197	0.769143	continued:5	99887480609913080653142721402689	14134177061995017	-1,9,9,9,9	9,9,9,9	ok
-0.889389	-25.180180	-48.489329	0.767352	continued:5	99887480609913080653142721402689	14134177061995017	-1,9,9,9,9	9,9,9,9	ok
-0.888388	-25.180180	-48.905262	0.766310	continued:5	99887480609913080653142721402689	14134177061995017	-1,9,9,9,9	9,9,9,9	ok
-0.887387	-25.180180	-49.268317	0.765936	continued:5	99887480609913080653142721402689	14134177061995017	-1,9,9,9,9	9,9,9,9	ok
-0.886386	-25.180180	-49.578871	0.765769	full	99887480609913080653142721402689	14134177061995017	-1,9,9,9,9	9,9,9,9	ok
-0.885385	-25.180180	-46.359354	0.776041	continued:5	99887480609913080653142721402689	14134177061995017	-1,9,9,9,9	9,9,9,9	ok
-0.884384	-25.180180	-46.975168	0.773247	continued:5	99887480609913080653142721402689	14134177061995017	-1,9,9,9,9	9,9,9,9	ok
-0.883383	-25.180180	-47.538219	0.770454	continued:5	99887480609913080653142721402689	14134177061995017	-1,9,9,9,9	9,9,9,9	ok
-0.882382	-25.180180	-48.052349	0.767995	continued:5	99887480609913080653142721402689	14134177061995017	-1,9,9,9,9	9,9,9,9	ok
-0.881381	-25.180180	-48.517463	0.766411	continued:5	99887480609913080653142721402689	14134177061995017	-1,9,9,9,9	9,9,9,9	ok
-0.880380	-25.180180	-48.929426	0.765369	continued:5	99887480609913080653142721402689	14134177061995017	-1,9,9,9,9	9,9,9,9	ok
-0.879379	-25.180180	-49.288756	0.764995	continued:5	99887480609913080653142721402689	14134177061995017	-1,9,9,9,9	9,9,9,9	ok
-0.878378	-25.180180	-49.595880	0.764828	full	99887480609913080653142721402689	14134177061995017	-1,9,9,9,9	9,9,9,9	ok
-0.877377	-25.180180	-46.397063	0.774946	continued:5	99887480609913080653142721402689	14134177061995017	-1,9,9,9,9	9,9,9,9	ok
-0.876376	-25.180180	-47.010997	0.772152	continued:5	99887480609913080653142721402689	14134177061995017	-1,9,9,9,9	9,9,9,9	ok
-0.875375	-25.180180	-47.571840	0.769359	continued:5	99887480609913080653142721402689	14134177061995017	-1,9,9,9,9	9,9,9,9	ok
-0.874374	-25.180180	-48.083486	0.767028	continued:5	99887480609913080653142721402689	14134177061995017	-1,9,9,9,9	9,9,9,9	ok
-0.873373	-25.180180	-48.544808	0.765444	continued:5	99887480609913080653142721402689	14134177061995017	-1,9,9,9,9	9,9,9,9	ok
-0.872372	-25.180180	-48.953110	0.764402	continued:5	99887480609913080653142721402689	14134177061995017	-1,9,9,9,9	9,9,9,9	ok
-0.871371	-25.180180	-49.308983	0.764028	continued:5	99887480609913080653142721402689	14134177061995017	-1,9,9,9,9	9,9,9,9	ok
-0.870370	-25.180180	-49.612907	0.763861	full	99887480609913080653142721402689	14134177061995017	-1,9,9,9,9	9,9,9,9	ok
-0.869369	-25.180180	-46.440343	0.774018	continued:5	99887480609913080653142721402689	14134177061995017	-1,9,9,9,9	9,9,9,9	ok
-0.868368	-25.180180	-47.049958	0.771225	continued:5	99887480609913080653142721402689	14134177061995017	-1,9,9,9,9	9,9,9,9	ok
-0.867367	-25.180180	-47.606542	0.768431	continued:5	99887480609913080653142721402689	14134177061995017	-1,9,9,9,9	9,9,9,9	ok
-0.866366	-25.180180	-48.113984	0.765972	continued:5	99887480609913080653142721402689	14134177061995017	-1,9,9,9,9	9,9,9,9	ok
-0.865365	-25.180180	-48.572351	0.764389	continued:5	99887480609913080653142721402689	14134177061995017	-1,9,9,9,9	9,9,9,9	ok
-0.864364	-25.180180	-48.977695	0.763474	continued:5	99887480609913080653142721402689	14134177061995017	-1,9,9,9,9	9,9,9,9	ok
-0.863363	-25.180180	-49.329628	0.763100	continued:5	99887480609913080653142721402689	14134177061995017	-1,9,9,9,9	9,9,9,9	ok
-0.862362	-25.180180	-49.629954	0.762933	full	99887480609913080653142721402689	14134177061995017	-1,9,9,9,9	9,9,9,9	ok
-0.861361	-25.180180	-46.480276	0.772935	continued:5	99887480609913080653142721402689	14134177061995017	-1,9,9,9,9	9,9,9,9	ok
-0.860360	-25.180180	-47.087507	0.770141	continued:5	99887480609913080653142721402689	14134177061995017	-1,9,9,9,9	9,9,9,9	ok
-0.859359	-25.180180	-47.641450	0.767348	continued:5	99887480609913080653142721402689	14134177061995017	-1,9,9,9,9	9,9,9,9	ok
-0.858358	-25.180180	-48.146042	0.765017	continued:5	99887480609913080653142721402689	14134177061995017	-1,9,9,9,9	9,9,9,9	ok
-0.857357	-25.180180	-48.600315	0.763433	continued:5	99887480609913080653142721402689	14134177061995017	-1,9,9,9,9	9,9,9,9	ok
-0.856356	-25.180180	-49.001755	0.762518	continued:5	99887480609913080653142721402689	14134177061995017	-1,9,9,9,9	9,9,9,9	ok
-0.855355	-25.180180	-49.350041	0.762144	continued:5	99887480609913080653142721402689	14134177061995017	-1,9,9,9,9	9,9,9,9	ok
-0.854354	-25.180180	-49.647019	0.761977	full	99887480609913080653142721402689	14134177061995017	-1,9,9,9,9	9,9,9,9	ok
-0.853353	-25.180180	-46.525511	0.771925	continued:5	99887480609913080653142721402689	14134177061995017	-1,9,9,9,9	9,9,9,9	ok
-0.852352	-25.180180	-47.128873	0.769132	continued:5	99887480609913080653142721402689	14134177061995017	-1,9,9,9,9	9,9,9,9	ok
-0.851351	-25.180180	-47.678911	0.766339	continued:5	99887480609913080653142721402689	14134177061995017	-1,9,9,9,9	9,9,9,9	ok
-0.850350	-25.180180	-48.179578	0.764086	continued:5	99887480609913080653142721402689	14134177061995017	-1,9,9,9,9	9,9,9,9	ok
-0.849349	-25.180180	-48.629285	0.762503	continued:5	99887480609913080653142721402689	14134177061995017	-1,9,9,9,9	9,9,9,9	ok
-0.848348	-25.180180	-49.026426	0.761588	continued:5	99887480609913080653142721402689	14134177061995017	-1,9,9,9,9	9,9,9,9	ok
-0.847347	-25.180180	-49.370738	0.761214	continued:5	99887480609913080653142721402689	14134177061995017	-1,9,9,9,9	9,9,9,9	ok
-0.846346	-25.180180	-49.664103	0.761047	full	99887480609913080653142721402689	14134177061995017	-1,9,9,9,9	9,9,9,9	ok
-0.845345	-25.180180	-46.566427	0.770898	continued:5	99887480609913080653142721402689	14134177061995017	-1,9,9,9,9	9,9,9,9	ok
-0.844344	-25.180180	-47.166610	0.768105	continued:5	99887480609913080653142721402689	14134177061995017	-1,9,9,9,9	9,9,9,9	ok
-0.843343	-25.180180	-47.713345	0.765311	continued:5	99887480609913080653142721402689	14134177061995017	-1,9,9,9,9	9,9,9,9	ok
-0.842342	-25.180180	-48.210622	0.763059	continued:5	99887480609913080653142721402689	14134177061995017	-1,9,9,9,9	9,9,9,9	ok
-0.841341	-25.180180	-48.656939	0.761475	continued:5	99887480609913080653142721402689	14134177061995017	-1,9,9,9,9	9,9,9,9	ok
-0.840340	-25.180180	-49.050779	0.760639	continued:5	99887480609913080653142721402689	14134177061995017	-1,9,9,9,9	9,9,9,9	ok
-0.839339	-25.180180	-49.391297	0.760266	continued:5	99887480609913080653142721402689	14134177061995017	-1,9,9,9,9	9,9,9,9	ok
-0.838338	-25.180180	-49.681204	0.760098	full	99887480609913080653142721402689	14134177061995017	-1,9,9,9,9	9,9,9,9	ok
-0.837337	-25.180180	-46.606933	0.769825	continued:5	99887480609913080653142721402689	14134177061995017	-1,9,9,9,9	9,9,9,9	ok
-0.836336	-25.180180	-47.204393	0.767031	continued:5	99887480609913080653142721402689	14134177061995017	-1,9,9,9,9	9,9,9,9	ok
-0.835335	-25.180180	-47.748205	0.764238	continued:5	99887480609913080653142721402689	14134177061995017	-1,9,9,9,9	9,9,9,9	ok
-0.834334	-25.180180	-48.242409	0.761986	continued:5	99887480609913080653142721402689	14134177061995017	-1,9,9,9,9	9,9,9,9	ok
-0.833333	-25.180180	-48.685598	0.760530	continued:5	99887480609913080653142721402689	14134177061995017	-1,9,9,9,9	9,9,9,9	ok
-0.832332	-25.180180	-49.075260	0.759694	continued:5	99887480609913080653142721402689	14134177061995017	-1,9,9,9,9	9,9,9,9	ok
-0.831331	-25.180180	-49.411920	0.759320	continued:5	99887480609913080653142721402689	14134177061995017	-1,9,9,9,9	9,9,9,9	ok
-0.830330	-25.180180	-49.698324	0.759153	full	99887480609913080653142721402689	14134177061995017	-1,9,9,9,9	9,9,9,9	ok
-0.829329	-25.180180	-46.650036	0.768752	continued:5	99887480609913080653142721402689	14134177061995017	-1,9,9,9,9	9,9,9,9	ok
-0.828328	-25.180180	-47.244368	0.765959	continued:5	99887480609913080653142721402689	14134177061995017	-1,9,9,9,9	9,9,9,9	ok
-0.827327	-25.180180	-47.784901	0.763165	continued:5	99887480609913080653142721402689	14134177061995017	-1,9,9,9,9	9,9,9,9	ok
-0.826326	-25.180180	-48.275723	0.761041	continued:5	99887480609913080653142721402689	14134177061995017	-1,9,9,9,9	9,9,9,9	ok
-0.825325	-25.180180	-48.714394	0.759585	continued:5	99887480609913080653142721402689	14134177061995017	-1,9,9,9,9	9,9,9,9	ok
-0.824324	-25.180180	-49.099823	0.758749	continued:5	99887480609913080653142721402689	14134177061995017	-1,9,9,9,9	9,9,9,9	ok
-0.823323	-25.180180	-49.432587	0.758375	continued:5	99887480609913080653142721402689	14134177061995017	-1,9,9,9,9	9,9,9,9	ok
-0.822322	-25.180180	-49.715461	0.758208	full	99887480609913080653142721402689	14134177061995017	-1,9,9,9,9	9,9,9,9	ok
-0.821321	-25.180180	-46.691296	0.767803	continued:5	99887480609913080653142721402689	14134177061995017	-1,9,9,9,9	9,9,9,9	ok
-0.820320	-25.180180	-47.281467	0.765010	continued:5	99887480609913080653142721402689	14134177061995017	-1,9,9,9,9	9,9,9,9	ok
-0.819319	-25.180180	-47.817892	0.762216	continued:5	99887480609913080653142721402689	14134177061995017	-1,9,9,9,9	9,9,9,9	ok
-0.818318	-25.180180	-48.304682	0.760092	continued:5	99887480609913080653142721402689	14134177061995017	-1,9,9,9,9	9,9,9,9	ok
-0.817317	-25.180180	-48.739469	0.758508	continued:5	99887480609913080653142721402689	14134177061995017	-1,9,9,9,9	9,9,9,9	ok
-0.816316	-25.180180	-49.122325	0.757593	continued:5	99887480609913080653142721402689	14134177061995017	-1,9,9,9,9	9,9,9,9	ok
-0.815315	-25.180180	-49.453252	0.757426	continued:5	99887480609913080653142721402689	14134177061995017	-1,9,9,9,9	9,9,9,9	ok
-0.814314	-25.180180	-49.732616	0.757259	full	99887480609913080653142721402689	14134177061995017	-1,9,9,9,9	9,9,9,9	ok
-0.813313	-25.180180	-46.733503	0.766732	continued:5	99887480609913080653142721402689	14134177061995017	-1,9,9,9,9	9,9,9,9	ok
-0.812312	-25.180180	-47.320536	0.763939	continued:5	99887480609913080653142721402689	14134177061995017	-1,9,9,9,9	9,9,9,9	ok
-0.811311	-25.180180	-47.853684	0.761146	continued:5	99887480609913080653142721402689	14134177061995017	-1,9,9,9,9	9,9,9,9	ok
-0.810310	-25.180180	-48.337114	0.759021	continued:5	99887480609913080653142721402689	14134177061995017	-1,9,9,9,9	9,9,9,9	ok
-0.809309	-25.180180	-48.768549	0.757565	continued:5	99887480609913080653142721402689	14134177061995017	-1,9,9,9,9	9,9,9,9	ok
-0.808308	-25.180180	-49.147059	0.756650	continued:5	99887480609913080653142721402689	14134177061995017	-1,9,9,9,9	9,9,9,9	ok
-0.807307	-25.180180	-49.474010	0.756483	continued:5	99887480609913080653142721402689	14134177061995017	-1,9,9,9,9	9,9,9,9	ok
-0.806306	-25.180180	-49.749788	0.756316	full	99887480609913080653142721402689	14134177061995017	-1,9,9,9,9	9,9,9,9	ok
-0.805305	-25.180180	-46.783075	0.765752	continued:5	99887480609913080653142721402689	14134177061995017	-1,9,9,9,9	9,9,9,9	ok
-0.804304	-25.180180	-47.365033	0.762958	continued:5	99887480609913080653142721402689	14134177061995017	-1,9,9,9,9	9,9,9,9	ok
-0.803303	-25.180180	-47.893254	0.760165	continued:5	99887480609913080653142721402689	14134177061995017	-1,9,9,9,9	9,9,9,9	ok
-0.802302	-25.180180	-48.371920	0.758040	continued:5	99887480609913080653142721402689	14134177061995017	-1,9,9,9,9	9,9,9,9	ok
-0.801301	-25.180180	-48.798822	0.756584	continued:5	99887480609913080653142721402689	14134177061995017	-1,9,9,9,9	9,9,9,9	ok
-0.800300	-25.180180	-49.173098	0.755876	continued:5	99887480609913080653142721402689	14134177061995017	-1,9,9,9,9	9,9,9,9	ok
-0.799299	-25.180180	-49.494435	0.755502	continued:5	99887480609913080653142721402689	14134177061995017	-1,9,9,9,9	9,9,9,9	ok
-0.798298	-25.180180	-49.766976	0.755335	full	99887480609913080653142721402689	14134177061995017	-1,9,9,9,9	9,9,9,9	ok
-0.797297	-25.180180	-46.824109	0.764637	continued:5	99887480609913080653142721402689	14134177061995017	-1,9,9,9,9	9,9,9,9	ok
-0.796296	-25.180180	-47.403402	0.761844	continued:5	99887480609913080653142721402689	14134177061995017	-1,9,9,9,9	9,9,9,9	ok
-0.795295	-25.180180	-47.928747	0.759178	continued:5	99887480609913080653142721402689	14134177061995017	-1,9,9,9,9	9,9,9,9	ok
-0.794294	-25.180180	-48.403244	0.757053	continued:5	99887480609913080653142721402689	14134177061995017	-1,9,9,9,9	9,9,9,9	ok
-0.793293	-25.180180	-48.826148	0.755597	continued:5	99887480609913080653142721402689	14134177061995017	-1,9,9,9,9	9,9,9,9	ok
-0.792292	-25.180180	-49.196666	0.754762	continued:5	99887480609913080653142721402689	14134177061995017	-1,9,9,9,9	9,9,9,9	ok
-0.791291	-25.180180	-49.515604	0.754594	continued:5	99887480609913080653142721402689	14134177061995017	-1,9,9,9,9	9,9,9,9	ok
-0.790290	-25.180180	-49.784181	0.754427	full	99887480609913080653142721402689	14134177061995017	-1,9,9,9,9	9,9,9,9	ok
-0.789289	-25.180180	-46.866048	0.763540	continued:5	99887480609913080653142721402689	14134177061995017	-1,9,9,9,9	9,9,9,9	ok
-0.788288	-25.180180	-47.442323	0.760746	continued:5	99887480609913080653142721402689	14134177061995017	-1,9,9,9,9	9,9,9,9	ok
-0.787287	-25.180180	-47.964498	0.757953	continued:5	99887480609913080653142721402689	14134177061995017	-1,9,9,9,9	9,9,9,9	ok
-0.786286	-25.180180	-48.436896	0.756035	continued:5	99887480609913080653142721402689	14134177061995017	-1,9,9,9,9	9,9,9,9	ok
-0.785285	-25.180180	-48.855693	0.754658	continued:5	99887480609913080653142721402689	14134177061995017	-1,9,9,9,9	9,9,9,9	ok
-0.784284	-25.180180	-49.221677	0.753822	continued:5	99887480609913080653142721402689	14134177061995017	-1,9,9,9,9	9,9,9,9	ok
-0.783283	-25.180180	-49.536504	0.753655	continued:5	99887480609913080653142721402689	14134177061995017	-1,9,9,9,9	9,9,9,9	ok
-0.782282	-25.180180	-49.801403	0.753488	full	99887480609913080653142721402689	14134177061995017	-1,9,9,9,9	9,9,9,9	ok
-0.781281	-25.180180	-46.912855	0.762530	continued:5	99887480609913080653142721402689	14134177061995017	-1,9,9,9,9	9,9,9,9	ok
-0.780280	-25.180180	-47.484534	0.759736	continued:5	99887480609913080653142721402689	14134177061995017	-1,9,9,9,9	9,9,9,9	ok
-0.779279	-25.180180	-48.002207	0.757071	continued:5	99887480609913080653142721402689	14134177061995017	-1,9,9,9,9	9,9,9,9	ok
-0.778278	-25.180180	-48.469077	0.754946	continued:5	99887480609913080653142721402689	14134177061995017	-1,9,9,9,9	9,9,9,9	ok
-0.777277	-25.180180	-48.884569	0.753697	continued:5	99887480609913080653142721402689	14134177061995017	-1,9,9,9,9	9,9,9,9	ok
-0.776276	-25.180180	-49.246282	0.752861	continued:5	99887480609913080653142721402689	14134177061995017	-1,9,9,9,9	9,9,9,9	ok
-0.775275	-25.180180	-49.557224	0.752694	continued:5	99887480609913080653142721402689	14134177061995017	-1,9,9,9,9	9,9,9,9	ok
-0.774274	-25.180180	-49.818640	0.752527	full	99887480609913080653142721402689	14134177061995017	-1,9,9,9,9	9,9,9,9	ok
-0.773273	-25.180180	-46.954010	0.761462	continued:5	99887480609913080653142721402689	14134177061995017	-1,9,9,9,9	9,9,9,9	ok
-0.772272	-25.180180	-47.522382	0.758668	continued:5	99887480609913080653142721402689	14134177061995017	-1,9,9,9,9	9,9,9,9	ok
-0.771271	-25.180180	-48.036661	0.755875	continued:5	99887480609913080653142721402689	14134177061995017	-1,9,9,9,9	9,9,9,9	ok
-0.770270	-25.180180	-48.501268	0.753957	continued:5	99887480609913080653142721402689	14134177061995017	-1,9,9,9,9	9,9,9,9	ok
-0.769269	-25.180180	-48.912546	0.752708	continued:5	99887480609913080653142721402689	14134177061995017	-1,9,9,9,9	9,9,9,9	ok
-0.768268	-25.180180	-49.270341	0.751872	continued:5	99887480609913080653142721402689	14134177061995017	-1,9,9,9,9	9,9,9,9	ok
-0.767267	-25.180180	-49.577703	0.751705	continued:5	99887480609913080653142721402689	14134177061995017	-1,9,9,9,9	9,9,9,9	ok
-0.766266	-25.180180	-49.835893	0.751537	full	99887480609913080653142721402689	14134177061995017	-1,9,9,9,9	9,9,9,9	ok
-0.765265	-25.180180	-47.004945	0.760426	continued:5	99887480609913080653142721402689	14134177061995017	-1,9,9,9,9	9,9,9,9	ok
-0.764264	-25.180180	-47.568272	0.757633	continued:5	99887480609913080653142721402689	14134177061995017	-1,9,9,9,9	9,9,9,9	ok
-0.763263	-25.180180	-48.077650	0.754967	continued:5	99887480609913080653142721402689	14134177061995017	-1,9,9,9,9	9,9,9,9	ok
-0.762262	-25.180180	-48.536386	0.753049	continued:5	99887480609913080653142721402689	14134177061995017	-1,9,9,9,9	9,9,9,9	ok
-0.761261	-25.180180	-48.942255	0.751672	continued:5	99887480609913080653142721402689	14134177061995017	-1,9,9,9,9	9,9,9,9	ok
-0.760260	-25.180180	-49.296227	0.750964	continued:5	99887480609913080653142721402689	14134177061995017	-1,9,9,9,9	9,9,9,9	ok
-0.759259	-25.180180	-49.599014	0.750797	continued:5	99887480609913080653142721402689	14134177061995017	-1,9,9,9,9	9,9,9,9	ok
-0.758258	-25.180180	-49.853162	0.750295	full	99887480609913080653142721402689	14134177061995017	-1,9,9,9,9	9,9,9,9	ok
-0.757257	-25.180180	-47.049807	0.759183	continued:5	99887480609913080653142721402689	14134177061995017	-1,9,9,9,9	9,9,9,9	ok
-0.756256	-25.180180	-47.610883	0.756390	continued:5	99887480609913080653142721402689	14134177061995017	-1,9,9,9,9	9,9,9,9	ok
-0.755255	-25.180180	-48.117703	0.753931	continued:5	99887480609913080653142721402689	14134177061995017	-1,9,9,9,9	9,9,9,9	ok
-0.754254	-25.180180	-48.571818	0.752013	continued:5	99887480609913080653142721402689	14134177061995017	-1,9,9,9,9	9,9,9,9	ok
-0.753253	-25.180180	-48.973319	0.750763	continued:5	99887480609913080653142721402689	14134177061995017	-1,9,9,9,9	9,9,9,9	ok
-0.752252	-25.180180	-49.322149	0.750055	continued:5	99887480609913080653142721402689	14134177061995017	-1,9,9,9,9	9,9,9,9	ok
-0.751251	-25.180180	-49.620346	0.749888	continued:5	99887480609913080653142721402689	14134177061995017	-1,9,9,9,9	9,9,9,9	ok
-0.750250	-25.180180	-49.870446	0.749052	full	99887480609913080653142721402689	14134177061995017	-1,9,9,9,9	9,9,9,9	ok
-0.749249	-25.180180	-47.091296	0.758145	continued:5	99887480609913080653142721402689	14134177061995017	-1,9,9,9,9	9,9,9,9	ok
-0.748248	-25.180180	-47.648548	0.755352	continued:5	99887480609913080653142721402689	14134177061995017	-1,9,9,9,9	9,9,9,9	ok
-0.747247	-25.180180	-48.151559	0.752893	continued:5	99887480609913080653142721402689	14134177061995017	-1,9,9,9,9	9,9,9,9	ok
-0.746246	-25.180180	-48.601942	0.750975	continued:5	99887480609913080653142721402689	14134177061995017	-1,9,9,9,9	9,9,9,9	ok
-0.745245	-25.180180	-48.999865	0.749725	continued:5	99887480609913080653142721402689	14134177061995017	-1,9,9,9,9	9,9,9,9	ok
-0.744244	-25.180180	-49.345338	0.749017	continued:5	99887480609913080653142721402689	14134177061995017	-1,9,9,9,9	9,9,9,9	ok
-0.743243	-25.180180	-49.640445	0.748850	continued:5	99887480609913080653142721402689	14134177061995017	-1,9,9,9,9	9,9,9,9	ok
-0.742242	-25.180180	-49.887744	0.747807	full	99887480609913080653142721402689	14134177061995017	-1,9,9,9,9	9,9,9,9	ok
-0.741241	-25.180180	-46.537808	0.759743	continued:5	99887480609913080653142721402689	14134177061995017	-1,9,9,9,9	9,9,9,9	ok
-0.740240	-25.180180	-47.149244	0.756950	continued:5	99887480609913080653142721402689	14134177061995017	-1,9,9,9,9	9,9,9,9	ok
-0.739239	-25.180180	-47.700791	0.754156	continued:5	99887480609913080653142721402689	14134177061995017	-1,9,9,9,9	9,9,9,9	ok
-0.738238	-25.180180	-48.198271	0.751697	continued:5	99887480609913080653142721402689	14134177061995017	-1,9,9,9,9	9,9,9,9	ok
-0.737237	-25.180180	-48.643354	0.749780	continued:5	99887480609913080653142721402689	14134177061995017	-1,9,9,9,9	9,9,9,9	ok
-0.736236	-25.180180	-49.036286	0.748737	continued:5	99887480609913080653142721402689	14134177061995017	-1,9,9,9,9	9,9,9,9	ok
-0.735235	-25.180180	-49.375384	0.748029	continued:5	99887480609913080653142721402689	14134177061995017	-1,9,9,9,9	9,9,9,9	ok
-0.734234	-25.180180	-49.664855	0.747862	continued:5	99887480609913080653142721402689	14134177061995017	-1,9,9,9,9	9,9,9,9	ok
-0.733233	-25.180180	-49.907222	0.746406	full	99887480609913080653142721402689	14134177061995017	-1,9,9,9,9	9,9,9,9	ok
-0.732232	-25.180180	-46.746118	0.757871	continued:5	99887480609913080653142721402689	14134177061995017	-1,9,9,9,9	9,9,9,9	ok
-0.731231	-25.180180	-47.337835	0.755078	continued:5	99887480609913080653142721402689	14134177061995017	-1,9,9,9,9	9,9,9,9	ok
-0.730230	-25.180180	-47.871289	0.752284	continued:5	99887480609913080653142721402689	14134177061995017	-1,9,9,9,9	9,9,9,9	ok
-0.729229	-25.180180	-48.351923	0.749953	continued:5	99887480609913080653142721402689	14134177061995017	-1,9,9,9,9	9,9,9,9	ok
-0.728228	-25.180180	-48.780242	0.748369	continued:5	99887480609913080653142721402689	14134177061995017	-1,9,9,9,9	9,9,9,9	ok
-0.727227	-25.180180	-49.155021	0.747327	continued:5	99887480609913080653142721402689	14134177061995017	-1,9,9,9,9	9,9,9,9	ok
-0.726226	-25.180180	-49.478061	0.746953	continued:5	99887480609913080653142721402689	14134177061995017	-1,9,9,9,9	9,9,9,9	ok
-0.725225	-25.180180	-49.750697	0.747455	full	99887480609913080653142721402689	14134177061995017	-1,9,9,9,9	9,9,9,9	ok
-0.724224	-25.180180	-46.787420	0.756867	continued:5	99887480609913080653142721402689	14134177061995017	-1,9,9,9,9	9,9,9,9	ok
-0.723223	-25.180180	-47.375220	0.754073	continued:5	99887480609913080653142721402689	14134177061995017	-1,9,9,9,9	9,9,9,9	ok
-0.722222	-25.180180	-47.904807	0.751280	continued:5	99887480609913080653142721402689	14134177061995017	-1,9,9,9,9	9,9,9,9	ok
-0.721221	-25.180180	-48.381656	0.748949	continued:5	99887480609913080653142721402689	14134177061995017	-1,9,9,9,9	9,9,9,9	ok
-0.720220	-25.180180	-48.806338	0.747365	continued:5	99887480609913080653142721402689	14134177061995017	-1,9,9,9,9	9,9,9,9	ok
-0.719219	-25.180180	-49.177693	0.746322	continued:5	99887480609913080653142721402689	14134177061995017	-1,9,9,9,9	9,9,9,9	ok
-0.718218	-25.180180	-49.497570	0.745821	continued:5	99887480609913080653142721402689	14134177061995017	-1,9,9,9,9	9,9,9,9	ok
-0.717217	-25.180180	-49.768392	0.746195	full	99887480609913080653142721402689	14134177061995017	-1,9,9,9,9	9,9,9,9	ok
-0.716216	-25.180180	-46.839203	0.755810	continued:5	99887480609913080653142721402689	14134177061995017	-1,9,9,9,9	9,9,9,9	ok
-0.715215	-25.180180	-47.422049	0.753017	continued:5	99887480609913080653142721402689	14134177061995017	-1,9,9,9,9	9,9,9,9	ok
-0.714214	-25.180180	-47.946841	0.750223	continued:5	99887480609913080653142721402689	14134177061995017	-1,9,9,9,9	9,9,9,9	ok
-0.713213	-25.180180	-48.419065	0.747971	continued:5	99887480609913080653142721402689	14134177061995017	-1,9,9,9,9	9,9,9,9	ok
-0.712212	-25.180180	-48.838653	0.746387	continued:5	99887480609913080653142721402689	14134177061995017	-1,9,9,9,9	9,9,9,9	ok
-0.711211	-25.180180	-49.205340	0.745473	continued:5	99887480609913080653142721402689	14134177061995017	-1,9,9,9,9	9,9,9,9	ok
-0.710210	-25.180180	-49.519920	0.744971	continued:5	99887480609913080653142721402689	14134177061995017	-1,9,9,9,9	9,9,9,9	ok
-0.709209	-25.180180	-49.786103	0.744932	full	99887480609913080653142721402689	14134177061995017	-1,9,9,9,9	9,9,9,9	ok
-0.708208	-25.180180	-46.886390	0.754770	continued:5	99887480609913080653142721402689	14134177061995017	-1,9,9,9,9	9,9,9,9	ok
-0.707207	-25.180180	-47.464710	0.751977	continued:5	99887480609913080653142721402689	14134177061995017	-1,9,9,9,9	9,9,9,9	ok
-0.706206	-25.180180	-47.985097	0.749184	continued:5	99887480609913080653142721402689	14134177061995017	-1,9,9,9,9	9,9,9,9	ok
-0.705205	-25.180180	-48.453058	0.746931	continued:5	99887480609913080653142721402689	14134177061995017	-1,9,9,9,9	9,9,9,9	ok
-0.704204	-25.180180	-48.868594	0.745476	continued:5	99887480609913080653142721402689	14134177061995017	-1,9,9,9,9	9,9,9,9	ok
-0.703203	-25.180180	-49.230392	0.744433	continued:5	99887480609913080653142721402689	14134177061995017	-1,9,9,9,9	9,9,9,9	ok
-0.702202	-25.180180	-49.541684	0.744059	continued:5	99887480609913080653142721402689	14134177061995017	-1,9,9,9,9	9,9,9,9	ok
-0.701201	-25.180180	-49.803827	0.743892	full	99887480609913080653142721402689	14134177061995017	-1,9,9,9,9	9,9,9,9	ok
-0.700200	-25.180180	-46.933011	0.753702	continued:5	99887480609913080653142721402689	14134177061995017	-1,9,9,9,9	9,9,9,9	ok
-0.699199	-25.180180	-47.507112	0.750908	continued:5	99887480609913080653142721402689	14134177061995017	-1,9,9,9,9	9,9,9,9	ok
-0.698198	-25.180180	-48.023350	0.748115	continued:5	99887480609913080653142721402689	14134177061995017	-1,9,9,9,9	9,9,9,9	ok
-0.697197	-25.180180	-48.487268	0.745990	continued:5	99887480609913080653142721402689	14134177061995017	-1,9,9,9,9	9,9,9,9	ok
-0.696196	-25.180180	-48.897804	0.744407	continued:5	99887480609913080653142721402689	14134177061995017	-1,9,9,9,9	9,9,9,9	ok
-0.695195	-25.180180	-49.256159	0.743492	continued:5	99887480609913080653142721402689	14134177061995017	-1,9,9,9,9	9,9,9,9	ok
-0.694194	-25.180180	-49.563191	0.743118	continued:5	99887480609913080653142721402689	14134177061995017	-1,9,9,9,9	9,9,9,9	ok
-0.693193	-25.180180	-49.821565	0.742951	full	99887480609913080653142721402689	14134177061995017	-1,9,9,9,9	9,9,9,9	ok
-0.692192	-25.180180	-46.977917	0.752613	continued:5	99887480609913080653142721402689	14134177061995017	-1,9,9,9,9	9,9,9,9	ok
-0.691191	-25.180180	-47.548186	0.749819	continued:5	99887480609913080653142721402689	14134177061995017	-1,9,9,9,9	9,9,9,9	ok
-0.690190	-25.180180	-48.060608	0.747026	continued:5	99887480609913080653142721402689	14134177061995017	-1,9,9,9,9	9,9,9,9	ok
-0.689189	-25.180180	-48.520772	0.744901	continued:5	99887480609913080653142721402689	14134177061995017	-1,9,9,9,9	9,9,9,9	ok
-0.688188	-25.180180	-48.927694	0.743445	continued:5	99887480609913080653142721402689	14134177061995017	-1,9,9,9,9	9,9,9,9	ok
-0.687187	-25.180180	-49.281540	0.742531	continued:5	99887480609913080653142721402689	14134177061995017	-1,9,9,9,9	9,9,9,9	ok
-0.686186	-25.180180	-49.584527	0.742157	continued:5	99887480609913080653142721402689	14134177061995017	-1,9,9,9,9	9,9,9,9	ok
-0.685185	-25.180180	-49.839316	0.741990	full	99887480609913080653142721402689	14134177061995017	-1,9,9,9,9	9,9,9,9	ok
-0.684184	-25.180180	-47.031661	0.751660	continued:5	99887480609913080653142721402689	14134177061995017	-1,9,9,9,9	9,9,9,9	ok
-0.683183	-25.180180	-47.595409	0.748867	continued:5	99887480609913080653142721402689	14134177061995017	-1,9,9,9,9	9,9,9,9	ok
-0.682182	-25.180180	-48.101756	0.746074	continued:5	99887480609913080653142721402689	14134177061995017	-1,9,9,9,9	9,9,9,9	ok
-0.681181	-25.180180	-48.556277	0.743949	continued:5	99887480609913080653142721402689	14134177061995017	-1,9,9,9,9	9,9,9,9	ok
-0.680180	-25.180180	-48.958021	0.742493	continued:5	99887480609913080653142721402689	14134177061995017	-1,9,9,9,9	9,9,9,9	ok
-0.679179	-25.180180	-49.307183	0.741578	continued:5	99887480609913080653142721402689	14134177061995017	-1,9,9,9,9	9,9,9,9	ok
-0.678178	-25.180180	-49.605985	0.741205	continued:5	99887480609913080653142721402689	14134177061995017	-1,9,9,9,9	9,9,9,9	ok
-0.677177	-25.180180	-49.857081	0.741037	full	99887480609913080653142721402689	14134177061995017	-1,9,9,9,9	9,9,9,9	ok
-0.676176	-25.180180	-47.075870	0.750494	continued:5	99887480609913080653142721402689	14134177061995017	-1,9,9,9,9	9,9,9,9	ok
-0.675175	-25.180180	-47.636517	0.747701	continued:5	99887480609913080653142721402689	14134177061995017	-1,9,9,9,9	9,9,9,9	ok
-0.674174	-25.180180	-48.139653	0.745035	continued:5	99887480609913080653142721402689	14134177061995017	-1,9,9,9,9	9,9,9,9	ok
-0.673173	-25.180180	-48.589768	0.742911	continued:5	99887480609913080653142721402689	14134177061995017	-1,9,9,9,9	9,9,9,9	ok
-0.672172	-25.180180	-48.987377	0.741455	continued:5	99887480609913080653142721402689	14134177061995017	-1,9,9,9,9	9,9,9,9	ok
-0.671171	-25.180180	-49.332726	0.740619	continued:5	99887480609913080653142721402689	14134177061995017	-1,9,9,9,9	9,9,9,9	ok
-0.670170	-25.180180	-49.627402	0.740245	continued:5	99887480609913080653142721402689	14134177061995017	-1,9,9,9,9	9,9,9,9	ok
-0.669169	-25.180180	-49.874858	0.740078	full	99887480609913080653142721402689	14134177061995017	-1,9,9,9,9	9,9,9,9	ok
-0.668168	-25.180180	-47.125734	0.749420	continued:5	99887480609913080653142721402689	14134177061995017	-1,9,9,9,9	9,9,9,9	ok
-0.667167	-25.180180	-47.681493	0.746627	continued:5	99887480609913080653142721402689	14134177061995017	-1,9,9,9,9	9,9,9,9	ok
-0.666166	-25.180180	-48.179922	0.743833	continued:5	99887480609913080653142721402689	14134177061995017	-1,9,9,9,9	9,9,9,9	ok
-0.665165	-25.180180	-48.626705	0.741915	continued:5	99887480609913080653142721402689	14134177061995017	-1,9,9,9,9	9,9,9,9	ok
-0.664164	-25.180180	-49.019218	0.740538	continued:5	99887480609913080653142721402689	14134177061995017	-1,9,9,9,9	9,9,9,9	ok
-0.663163	-25.180180	-49.359273	0.739702	continued:5	99887480609913080653142721402689	14134177061995017	-1,9,9,9,9	9,9,9,9	ok
-0.662162	-25.180180	-49.649275	0.739328	continued:5	99887480609913080653142721402689	14134177061995017	-1,9,9,9,9	9,9,9,9	ok
-0.661161	-25.180180	-49.892648	0.739161	full	99887480609913080653142721402689	14134177061995017	-1,9,9,9,9	9,9,9,9	ok
-0.660160	-25.180180	-47.169742	0.748412	continued:5	99887480609913080653142721402689	14134177061995017	-1,9,9,9,9	9,9,9,9	ok
-0.659159	-25.180180	-47.720770	0.745618	continued:5	99887480609913080653142721402689	14134177061995017	-1,9,9,9,9	9,9,9,9	ok
-0.658158	-25.180180	-48.214676	0.742825	continued:5	99887480609913080653142721402689	14134177061995017	-1,9,9,9,9	9,9,9,9	ok
-0.657157	-25.180180	-48.657177	0.740907	continued:5	99887480609913080653142721402689	14134177061995017	-1,9,9,9,9	9,9,9,9	ok
-0.656156	-25.180180	-49.045700	0.739530	continued:5	99887480609913080653142721402689	14134177061995017	-1,9,9,9,9	9,9,9,9	ok
-0.655155	-25.180180	-49.382100	0.738615	continued:5	99887480609913080653142721402689	14134177061995017	-1,9,9,9,9	9,9,9,9	ok
-0.654154	-25.180180	-49.669471	0.738242	continued:5	99887480609913080653142721402689	14134177061995017	-1,9,9,9,9	9,9,9,9	ok
-0.653153	-25.180180	-49.910449	0.738202	full	99887480609913080653142721402689	14134177061995017	-1,9,9,9,9	9,9,9,9	ok
-0.652152	-25.180180	-47.220901	0.747288	continued:5	99887480609913080653142721402689	14134177061995017	-1,9,9,9,9	9,9,9,9	ok
-0.651151	-25.180180	-47.767194	0.744495	continued:5	99887480609913080653142721402689	14134177061995017	-1,9,9,9,9	9,9,9,9	ok
-0.650150	-25.180180	-48.256516	0.741829	continued:5	99887480609913080653142721402689	14134177061995017	-1,9,9,9,9	9,9,9,9	ok
-0.649149	-25.180180	-48.693470	0.739911	continued:5	99887480609913080653142721402689	14134177061995017	-1,9,9,9,9	9,9,9,9	ok
-0.648148	-25.180180	-49.076926	0.738534	continued:5	99887480609913080653142721402689	14134177061995017	-1,9,9,9,9	9,9,9,9	ok
-0.647147	-25.180180	-49.408760	0.737698	continued:5	99887480609913080653142721402689	14134177061995017	-1,9,9,9,9	9,9,9,9	ok
-0.646146	-25.180180	-49.691401	0.737325	continued:5	99887480609913080653142721402689	14134177061995017	-1,9,9,9,9	9,9,9,9	ok
-0.645145	-25.180180	-49.928263	0.737285	full	99887480609913080653142721402689	14134177061995017	-1,9,9,9,9	9,9,9,9	ok
-0.644144	-25.180180	-46.670729	0.748733	continued:5	99887480609913080653142721402689	14134177061995017	-1,9,9,9,9	9,9,9,9	ok
-0.643143	-25.180180	-47.276790	0.745940	continued:5	99887480609913080653142721402689	14134177061995017	-1,9,9,9,9	9,9,9,9	ok
-0.642142	-25.180180	-47.818740	0.743146	continued:5	99887480609913080653142721402689	14134177061995017	-1,9,9,9,9	9,9,9,9	ok
-0.641141	-25.180180	-48.303723	0.740687	continued:5	99887480609913080653142721402689	14134177061995017	-1,9,9,9,9	9,9,9,9	ok
-0.640140	-25.180180	-48.734552	0.738769	continued:5	99887480609913080653142721402689	14134177061995017	-1,9,9,9,9	9,9,9,9	ok
-0.639139	-25.180180	-49.112412	0.737392	continued:5	99887480609913080653142721402689	14134177061995017	-1,9,9,9,9	9,9,9,9	ok
-0.638138	-25.180180	-49.439203	0.736684	continued:5	99887480609913080653142721402689	14134177061995017	-1,9,9,9,9	9,9,9,9	ok
-0.637137	-25.180180	-49.716279	0.736310	continued:5	99887480609913080653142721402689	14134177061995017	-1,9,9,9,9	9,9,9,9	ok
-0.636136	-25.180180	-49.948316	0.736143	full	99887480609913080653142721402689	14134177061995017	-1,9,9,9,9	9,9,9,9	ok
-0.635135	-25.180180	-46.737443	0.747555	continued:5	99887480609913080653142721402689	14134177061995017	-1,9,9,9,9	9,9,9,9	ok
-0.634134	-25.180180	-47.336380	0.744762	continued:5	99887480609913080653142721402689	14134177061995017	-1,9,9,9,9	9,9,9,9	ok
-0.633133	-25.180180	-47.871687	0.741969	continued:5	99887480609913080653142721402689	14134177061995017	-1,9,9,9,9	9,9,9,9	ok
-0.632132	-25.180180	-48.350440	0.739510	continued:5	99887480609913080653142721402689	14134177061995017	-1,9,9,9,9	9,9,9,9	ok
-0.631131	-25.180180	-48.775479	0.737592	continued:5	99887480609913080653142721402689	14134177061995017	-1,9,9,9,9	9,9,9,9	ok
-0.630130	-25.180180	-49.148032	0.736343	continued:5	99887480609913080653142721402689	14134177061995017	-1,9,9,9,9	9,9,9,9	ok
-0.629129	-25.180180	-49.468928	0.735634	continued:5	99887480609913080653142721402689	14134177061995017	-1,9,9,9,9	9,9,9,9	ok
-0.628128	-25.180180	-49.740835	0.735260	continued:5	99887480609913080653142721402689	14134177061995017	-1,9,9,9,9	9,9,9,9	ok
-0.627127	-25.180180	-49.968382	0.735093	full	99887480609913080653142721402689	14134177061995017	-1,9,9,9,9	9,9,9,9	ok
-0.626126	-25.180180	-46.789188	0.746272	continued:5	99887480609913080653142721402689	14134177061995017	-1,9,9,9,9	9,9,9,9	ok
-0.625125	-25.180180	-47.384223	0.743479	continued:5	99887480609913080653142721402689	14134177061995017	-1,9,9,9,9	9,9,9,9	ok
-0.624124	-25.180180	-47.915604	0.740685	continued:5	99887480609913080653142721402689	14134177061995017	-1,9,9,9,9	9,9,9,9	ok
-0.623123	-25.180180	-48.390441	0.738226	continued:5	99887480609913080653142721402689	14134177061995017	-1,9,9,9,9	9,9,9,9	ok
-0.622122	-25.180180	-48.811657	0.736436	continued:5	99887480609913080653142721402689	14134177061995017	-1,9,9,9,9	9,9,9,9	ok
-0.621121	-25.180180	-49.179439	0.735187	continued:5	99887480609913080653142721402689	14134177061995017	-1,9,9,9,9	9,9,9,9	ok
-0.620120	-25.180180	-49.496021	0.734351	continued:5	99887480609913080653142721402689	14134177061995017	-1,9,9,9,9	9,9,9,9	ok
-0.619119	-25.180180	-49.765157	0.734184	continued:5	99887480609913080653142721402689	14134177061995017	-1,9,9,9,9	9,9,9,9	ok
-0.618118	-25.180180	-49.988462	0.734017	full	99887480609913080653142721402689	14134177061995017	-1,9,9,9,9	9,9,9,9	ok
-0.617117	-25.180180	-46.860703	0.745083	continued:5	99887480609913080653142721402689	14134177061995017	-1,9,9,9,9	9,9,9,9	ok
-0.616116	-25.180180	-47.447821	0.742290	continued:5	99887480609913080653142721402689	14134177061995017	-1,9,9,9,9	9,9,9,9	ok
-0.615115	-25.180180	-47.971879	0.739497	continued:5	99887480609913080653142721402689	14134177061995017	-1,9,9,9,9	9,9,9,9	ok
-0.614114	-25.180180	-48.439918	0.737166	continued:5	99887480609913080653142721402689	14134177061995017	-1,9,9,9,9	9,9,9,9	ok
-0.613113	-25.180180	-48.853727	0.735375	continued:5	99887480609913080653142721402689	14134177061995017	-1,9,9,9,9	9,9,9,9	ok
-0.612112	-25.180180	-49.214896	0.734126	continued:5	99887480609913080653142721402689	14134177061995017	-1,9,9,9,9	9,9,9,9	ok
-0.611111	-25.180180	-49.525637	0.733290	continued:5	99887480609913080653142721402689	14134177061995017	-1,9,9,9,9	9,9,9,9	ok
-0.610110	-25.180180	-49.789669	0.733123	continued:5	99887480609913080653142721402689	14134177061995017	-1,9,9,9,9	9,9,9,9	ok
-0.609109	-25.180180	-50.008554	0.732956	full	99887480609913080653142721402689	14134177061995017	-1,9,9,9,9	9,9,9,9	ok
-0.608108	-25.180180	-46.922694	0.743881	continued:5	99887480609913080653142721402689	14134177061995017	-1,9,9,9,9	9,9,9,9	ok
-0.607107	-25.180180	-47.503384	0.741087	continued:5	99887480609913080653142721402689	14134177061995017	-1,9,9,9,9	9,9,9,9	ok
-0.606106	-25.180180	-48.021399	0.738294	continued:5	99887480609913080653142721402689	14134177061995017	-1,9,9,9,9	9,9,9,9	ok
-0.605105	-25.180180	-48.483756	0.735963	continued:5	99887480609913080653142721402689	14134177061995017	-1,9,9,9,9	9,9,9,9	ok
-0.604104	-25.180180	-48.892286	0.734172	continued:5	99887480609913080653142721402689	14134177061995017	-1,9,9,9,9	9,9,9,9	ok
-0.603103	-25.180180	-49.248621	0.732923	continued:5	99887480609913080653142721402689	14134177061995017	-1,9,9,9,9	9,9,9,9	ok
-0.602102	-25.180180	-49.555002	0.732215	continued:5	99887480609913080653142721402689	14134177061995017	-1,9,9,9,9	9,9,9,9	ok
-0.601101	-25.180180	-49.814071	0.732048	continued:5	99887480609913080653142721402689	14134177061995017	-1,9,9,9,9	9,9,9,9	ok
-0.600100	-25.180180	-50.028659	0.731881	full	99887480609913080653142721402689	14134177061995017	-1,9,9,9,9	9,9,9,9	ok
-0.599099	-25.180180	-46.983991	0.742608	continued:5	99887480609913080653142721402689	14134177061995017	-1,9,9,9,9	9,9,9,9	ok
-0.598098	-25.180180	-47.558963	0.739815	continued:5	99887480609913080653142721402689	14134177061995017	-1,9,9,9,9	9,9,9,9	ok
-0.597097	-25.180180	-48.071515	0.737021	continued:5	99887480609913080653142721402689	14134177061995017	-1,9,9,9,9	9,9,9,9	ok
-0.596096	-25.180180	-48.528668	0.734690	continued:5	99887480609913080653142721402689	14134177061995017	-1,9,9,9,9	9,9,9,9	ok
-0.595095	-25.180180	-48.932312	0.732900	continued:5	99887480609913080653142721402689	14134177061995017	-1,9,9,9,9	9,9,9,9	ok
-0.594094	-25.180180	-49.284136	0.731857	continued:5	99887480609913080653142721402689	14134177061995017	-1,9,9,9,9	9,9,9,9	ok
-0.593093	-25.180180	-49.584641	0.731149	continued:5	99887480609913080653142721402689	14134177061995017	-1,9,9,9,9	9,9,9,9	ok
-0.592092	-25.180180	-49.838597	0.730982	continued:5	99887480609913080653142721402689	14134177061995017	-1,9,9,9,9	9,9,9,9	ok
-0.591091	-25.180180	-50.048774	0.730815	full	99887480609913080653142721402689	14134177061995017	-1,9,9,9,9	9,9,9,9	ok
-0.590090	-25.180180	-47.053364	0.741352	continued:5	99887480609913080653142721402689	14134177061995017	-1,9,9,9,9	9,9,9,9	ok
-0.589089	-25.180180	-47.621116	0.738559	continued:5	99887480609913080653142721402689	14134177061995017	-1,9,9,9,9	9,9,9,9	ok
-0.588088	-25.180180	-48.126929	0.735766	continued:5	99887480609913080653142721402689	14134177061995017	-1,9,9,9,9	9,9,9,9	ok
-0.587087	-25.180180	-48.577800	0.733434	continued:5	99887480609913080653142721402689	14134177061995017	-1,9,9,9,9	9,9,9,9	ok
-0.586086	-25.180180	-48.975653	0.731851	continued:5	99887480609913080653142721402689	14134177061995017	-1,9,9,9,9	9,9,9,9	ok
-0.585085	-25.180180	-49.320403	0.730808	continued:5	99887480609913080653142721402689	14134177061995017	-1,9,9,9,9	9,9,9,9	ok
-0.584084	-25.180180	-49.614724	0.730100	continued:5	99887480609913080653142721402689	14134177061995017	-1,9,9,9,9	9,9,9,9	ok
-0.583083	-25.180180	-49.863325	0.729933	continued:5	99887480609913080653142721402689	14134177061995017	-1,9,9,9,9	9,9,9,9	ok
-0.582082	-25.180180	-50.068900	0.729766	full	99887480609913080653142721402689	14134177061995017	-1,9,9,9,9	9,9,9,9	ok
-0.581081	-25.180180	-47.123362	0.740201	continued:5	99887480609913080653142721402689	14134177061995017	-1,9,9,9,9	9,9,9,9	ok
-0.580080	-25.180180	-47.682666	0.737407	continued:5	99887480609913080653142721402689	14134177061995017	-1,9,9,9,9	9,9,9,9	ok
-0.579079	-25.180180	-48.180750	0.734614	continued:5	99887480609913080653142721402689	14134177061995017	-1,9,9,9,9	9,9,9,9	ok
-0.578078	-25.180180	-48.624555	0.732362	continued:5	99887480609913080653142721402689	14134177061995017	-1,9,9,9,9	9,9,9,9	ok
-0.577077	-25.180180	-49.015303	0.730778	continued:5	99887480609913080653142721402689	14134177061995017	-1,9,9,9,9	9,9,9,9	ok
-0.576076	-25.180180	-49.353760	0.729529	continued:5	99887480609913080653142721402689	14134177061995017	-1,9,9,9,9	9,9,9,9	ok
-0.575075	-25.180180	-49.644340	0.729027	continued:5	99887480609913080653142721402689	14134177061995017	-1,9,9,9,9	9,9,9,9	ok
-0.574074	-25.180180	-49.887844	0.728860	continued:5	99887480609913080653142721402689	14134177061995017	-1,9,9,9,9	9,9,9,9	ok
-0.573073	-25.180180	-50.089037	0.728693	full	99887480609913080653142721402689	14134177061995017	-1,9,9,9,9	9,9,9,9	ok
-0.572072	-25.180180	-47.183598	0.738889	continued:5	99887480609913080653142721402689	14134177061995017	-1,9,9,9,9	9,9,9,9	ok
-0.571071	-25.180180	-47.737449	0.736095	continued:5	99887480609913080653142721402689	14134177061995017	-1,9,9,9,9	9,9,9,9	ok
-0.570070	-25.180180	-48.230301	0.733302	continued:5	99887480609913080653142721402689	14134177061995017	-1,9,9,9,9	9,9,9,9	ok
-0.569069	-25.180180	-48.669130	0.731177	continued:5	99887480609913080653142721402689	14134177061995017	-1,9,9,9,9	9,9,9,9	ok
-0.568068	-25.180180	-49.054077	0.729594	continued:5	99887480609913080653142721402689	14134177061995017	-1,9,9,9,9	9,9,9,9	ok
-0.567067	-25.180180	-49.387322	0.728551	continued:5	99887480609913080653142721402689	14134177061995017	-1,9,9,9,9	9,9,9,9	ok
-0.566066	-25.180180	-49.671504	0.727843	continued:5	99887480609913080653142721402689	14134177061995017	-1,9,9,9,9	9,9,9,9	ok
-0.565065	-25.180180	-49.911261	0.727676	continued:5	99887480609913080653142721402689	14134177061995017	-1,9,9,9,9	9,9,9,9	ok
-0.564064	-25.180180	-50.109182	0.727636	full	99887480609913080653142721402689	14134177061995017	-1,9,9,9,9	9,9,9,9	ok
-0.563063	-25.180180	-47.255242	0.737662	continued:5	99887480609913080653142721402689	14134177061995017	-1,9,9,9,9	9,9,9,9	ok
-0.562062	-25.180180	-47.800926	0.734868	continued:5	99887480609913080653142721402689	14134177061995017	-1,9,9,9,9	9,9,9,9	ok
-0.561061	-25.180180	-48.286274	0.732075	continued:5	99887480609913080653142721402689	14134177061995017	-1,9,9,9,9	9,9,9,9	ok
-0.560060	-25.180180	-48.718226	0.729951	continued:5	99887480609913080653142721402689	14134177061995017	-1,9,9,9,9	9,9,9,9	ok
-0.559059	-25.180180	-49.096941	0.728367	continued:5	99887480609913080653142721402689	14134177061995017	-1,9,9,9,9	9,9,9,9	ok
-0.558058	-25.180180	-49.424608	0.727452	continued:5	99887480609913080653142721402689	14134177061995017	-1,9,9,9,9	9,9,9,9	ok
-0.557057	-25.180180	-49.702760	0.726951	continued:5	99887480609913080653142721402689	14134177061995017	-1,9,9,9,9	9,9,9,9	ok
-0.556056	-25.180180	-49.935565	0.726577	continued:5	99887480609913080653142721402689	14134177061995017	-1,9,9,9,9	9,9,9,9	ok
-0.555055	-25.180180	-50.129337	0.726410	full	99887480609913080653142721402689	14134177061995017	-1,9,9,9,9	9,9,9,9	ok
-0.554054	-25.180180	-47.319697	0.736297	continued:5	99887480609913080653142721402689	14134177061995017	-1,9,9,9,9	9,9,9,9	ok
-0.553053	-25.180180	-47.859587	0.733503	continued:5	99887480609913080653142721402689	14134177061995017	-1,9,9,9,9	9,9,9,9	ok
-0.552052	-25.180180	-48.339406	0.730838	continued:5	99887480609913080653142721402689	14134177061995017	-1,9,9,9,9	9,9,9,9	ok
-0.551051	-25.180180	-48.764962	0.728713	continued:5	99887480609913080653142721402689	14134177061995017	-1,9,9,9,9	9,9,9,9	ok
-0.550050	-25.180180	-49.137871	0.727257	continued:5	99887480609913080653142721402689	14134177061995017	-1,9,9,9,9	9,9,9,9	ok
-0.549049	-25.180180	-49.459218	0.726215	continued:5	99887480609913080653142721402689	14134177061995017	-1,9,9,9,9	9,9,9,9	ok
-0.548048	-25.180180	-49.732958	0.725713	continued:5	99887480609913080653142721402689	14134177061995017	-1,9,9,9,9	9,9,9,9	ok
-0.547047	-25.180180	-49.961888	0.725674	continued:5	99887480609913080653142721402689	14134177061995017	-1,9,9,9,9	9,9,9,9	ok
-0.546046	-25.180180	-50.149500	0.724965	full	99887480609913080653142721402689	14134177061995017	-1,9,9,9,9	9,9,9,9	ok
-0.545045	-25.180180	-46.800991	0.737740	continued:5	99887480609913080653142721402689	14134177061995017	-1,9,9,9,9	9,9,9,9	ok
-0.544044	-25.180180	-47.399139	0.734946	continued:5	99887480609913080653142721402689	14134177061995017	-1,9,9,9,9	9,9,9,9	ok
-0.543043	-25.180180	-47.929606	0.732153	continued:5	99887480609913080653142721402689	14134177061995017	-1,9,9,9,9	9,9,9,9	ok
-0.542042	-25.180180	-48.400823	0.729360	continued:5	99887480609913080653142721402689	14134177061995017	-1,9,9,9,9	9,9,9,9	ok
-0.541041	-25.180180	-48.819729	0.727442	continued:5	99887480609913080653142721402689	14134177061995017	-1,9,9,9,9	9,9,9,9	ok
-0.540040	-25.180180	-49.184712	0.725986	continued:5	99887480609913080653142721402689	14134177061995017	-1,9,9,9,9	9,9,9,9	ok
-0.539039	-25.180180	-49.499084	0.725071	continued:5	99887480609913080653142721402689	14134177061995017	-1,9,9,9,9	9,9,9,9	ok
-0.538038	-25.180180	-49.765651	0.724570	continued:5	99887480609913080653142721402689	14134177061995017	-1,9,9,9,9	9,9,9,9	ok
-0.537037	-25.180180	-49.988447	0.724402	continued:5	99887480609913080653142721402689	14134177061995017	-1,9,9,9,9	9,9,9,9	ok
-0.536036	-25.180180	-50.171913	0.723360	full	99887480609913080653142721402689	14134177061995017	-1,9,9,9,9	9,9,9,9	ok
-0.535035	-25.180180	-46.924006	0.736025	continued:5	99887480609913080653142721402689	14134177061995017	-1,9,9,9,9	9,9,9,9	ok
-0.534034	-25.180180	-47.510025	0.733232	continued:5	99887480609913080653142721402689	14134177061995017	-1,9,9,9,9	9,9,9,9	ok
-0.533033	-25.180180	-48.029430	0.730439	continued:5	99887480609913080653142721402689	14134177061995017	-1,9,9,9,9	9,9,9,9	ok
-0.532032	-25.180180	-48.490471	0.727980	continued:5	99887480609913080653142721402689	14134177061995017	-1,9,9,9,9	9,9,9,9	ok
-0.531031	-25.180180	-48.897017	0.726062	continued:5	99887480609913080653142721402689	14134177061995017	-1,9,9,9,9	9,9,9,9	ok
-0.530030	-25.180180	-49.251121	0.724685	continued:5	99887480609913080653142721402689	14134177061995017	-1,9,9,9,9	9,9,9,9	ok
-0.529029	-25.180180	-49.555320	0.723849	continued:5	99887480609913080653142721402689	14134177061995017	-1,9,9,9,9	9,9,9,9	ok
-0.528028	-25.180180	-49.812461	0.723347	continued:5	99887480609913080653142721402689	14134177061995017	-1,9,9,9,9	9,9,9,9	ok
-0.527027	-25.180180	-50.027244	0.723849	full	99887480609913080653142721402689	14134177061995017	-1,9,9,9,9	9,9,9,9	ok
-0.526026	-25.180180	-46.985163	0.734776	continued:5	99887480609913080653142721402689	14134177061995017	-1,9,9,9,9	9,9,9,9	ok
-0.525025	-25.180180	-47.565013	0.731982	continued:5	99887480609913080653142721402689	14134177061995017	-1,9,9,9,9	9,9,9,9	ok
-0.524024	-25.180180	-48.078646	0.729189	continued:5	99887480609913080653142721402689	14134177061995017	-1,9,9,9,9	9,9,9,9	ok
-0.523023	-25.180180	-48.534287	0.726730	continued:5	99887480609913080653142721402689	14134177061995017	-1,9,9,9,9	9,9,9,9	ok
-0.522022	-25.180180	-48.935837	0.724812	continued:5	99887480609913080653142721402689	14134177061995017	-1,9,9,9,9	9,9,9,9	ok
-0.521021	-25.180180	-49.285384	0.723563	continued:5	99887480609913080653142721402689	14134177061995017	-1,9,9,9,9	9,9,9,9	ok
-0.520020	-25.180180	-49.584375	0.722727	continued:5	99887480609913080653142721402689	14134177061995017	-1,9,9,9,9	9,9,9,9	ok
-0.519019	-25.180180	-49.836982	0.722225	continued:5	99887480609913080653142721402689	14134177061995017	-1,9,9,9,9	9,9,9,9	ok
-0.518018	-25.180180	-50.047849	0.722393	full	99887480609913080653142721402689	14134177061995017	-1,9,9,9,9	9,9,9,9	ok
-0.517017	-25.180180	-47.054833	0.733527	continued:5	99887480609913080653142721402689	14134177061995017	-1,9,9,9,9	9,9,9,9	ok
-0.516016	-25.180180	-47.627061	0.730733	continued:5	99887480609913080653142721402689	14134177061995017	-1,9,9,9,9	9,9,9,9	ok
-0.515015	-25.180180	-48.133695	0.727940	continued:5	99887480609913080653142721402689	14134177061995017	-1,9,9,9,9	9,9,9,9	ok
-0.514014	-25.180180	-48.582898	0.725481	continued:5	99887480609913080653142721402689	14134177061995017	-1,9,9,9,9	9,9,9,9	ok
-0.513013	-25.180180	-48.978581	0.723691	continued:5	99887480609913080653142721402689	14134177061995017	-1,9,9,9,9	9,9,9,9	ok
-0.512012	-25.180180	-49.321715	0.722441	continued:5	99887480609913080653142721402689	14134177061995017	-1,9,9,9,9	9,9,9,9	ok
-0.511011	-25.180180	-49.615099	0.721605	continued:5	99887480609913080653142721402689	14134177061995017	-1,9,9,9,9	9,9,9,9	ok
-0.510010	-25.180180	-49.862848	0.721232	continued:5	99887480609913080653142721402689	14134177061995017	-1,9,9,9,9	9,9,9,9	ok
-0.509009	-25.180180	-50.068462	0.721064	full	99887480609913080653142721402689	14134177061995017	-1,9,9,9,9	9,9,9,9	ok
-0.508008	-25.180180	-47.126402	0.732316	continued:5	99887480609913080653142721402689	14134177061995017	-1,9,9,9,9	9,9,9,9	ok
-0.507007	-25.180180	-47.690224	0.729522	continued:5	99887480609913080653142721402689	14134177061995017	-1,9,9,9,9	9,9,9,9	ok
-0.506006	-25.180180	-48.189216	0.726729	continued:5	99887480609913080653142721402689	14134177061995017	-1,9,9,9,9	9,9,9,9	ok
-0.505005	-25.180180	-48.631467	0.724398	continued:5	99887480609913080653142721402689	14134177061995017	-1,9,9,9,9	9,9,9,9	ok
-0.504004	-25.180180	-49.019724	0.722607	continued:5	99887480609913080653142721402689	14134177061995017	-1,9,9,9,9	9,9,9,9	ok
-0.503003	-25.180180	-49.356335	0.721230	continued:5	99887480609913080653142721402689	14134177061995017	-1,9,9,9,9	9,9,9,9	ok
-0.502002	-25.180180	-49.645157	0.720522	continued:5	99887480609913080653142721402689	14134177061995017	-1,9,9,9,9	9,9,9,9	ok
-0.501001	-25.180180	-49.887817	0.720148	continued:5	99887480609913080653142721402689	14134177061995017	-1,9,9,9,9	9,9,9,9	ok
-0.500000	-25.180180	-50.089080	0.719981	full	99887480609913080653142721402689	14134177061995017	-1,9,9,9,9	9,9,9,9	ok
