delta_x	delta_ca	T0_V	T0_Ca	T0_method	T_encoding	gamma_encoding	T_scs	gamma_scs	status
-1.500000	-26.456456	-48.577564	0.840662	full	8646728181026489602610406537158318670928372786737024641130379069394221138489756289944296330853108571250995292591609346050698485604570890189154225288428981519609618968223697475046051416812660773295	2643830	-1,0,0,0,0,0,0,0,0,0,0	10,0,0,0,0,0	ok
-1.498999	-26.456456	-45.379197	0.849378	continued:5	16217557574922386301420542667438374088396792810839	2643830	-1,0,0,0,0,0,0,0,0	10,0,0,0,0,0	ok
-1.497998	-26.456456	-45.964394	0.846584	continued:5	8646728181026489602610406537158318670928372786737024641130379069394221138489756289944296330853108571250995292591609346050698485604570890189154225288428981519609618968223697475046051416812660773295	2643830	-1,0,0,0,0,0,0,0,0,0,0	10,0,0,0,0,0	ok
-1.496997	-26.456456	-46.538134	0.843791	continued:5	37382954118278832773895244218236686338908646550437400502358118064530753024550062640906067170928616739335301863382037085201145976272239453658981262846128190508219395966448887917209180943430756816352307292933273077419754656235276929745839433974363165395559685648279119233606266845755238958617575685557006721749514772611431919383437239804154797540665120741568766508595097526080989667353268374589	2643830	-1,0,0,0,0,0,0,0,0,0,0,0	10,0,0,0,0,0	ok
-1.495996	-26.456456	-47.098268	0.841873	continued:5	5695183504495988991042170	2643830	-1,0,0,0,0,0,0,0	10,0,0,0,0,0	ok
-1.494995	-26.456456	-47.633203	0.840624	continued:5	5695183504495988991042170	2643830	-1,0,0,0,0,0,0,0	10,0,0,0,0,0	ok
-1.493994	-26.456456	-48.134147	0.840457	continued:5	3374964376952	2643830	-1,0,0,0,0,0,0	10,0,0,0,0,0	ok
-1.492993	-26.456456	-48.590443	0.839748	full	16217557574922386301420542667438374088396792810839	2643830	-1,0,0,0,0,0,0,0,0	10,0,0,0,0,0	ok
-1.491992	-26.456456	-45.393509	0.848463	continued:5	8646728181026489602610406537158318670928372786737024641130379069394221138489756289944296330853108571250995292591609346050698485604570890189154225288428981519609618968223697475046051416812660773295	2643830	-1,0,0,0,0,0,0,0,0,0,0	10,0,0,0,0,0	ok
-1.490991	-26.456456	-45.980089	0.845669	continued:5	131504586847961235687181874578063117114329409897631406061666638548823646371904376997883815099845702	2643830	-1,0,0,0,0,0,0,0,0,0	10,0,0,0,0,0	ok
-1.489990	-26.456456	-46.554614	0.842876	continued:5	131504586847961235687181874578063117114329409897631406061666638548823646371904376997883815099845702	2643830	-1,0,0,0,0,0,0,0,0,0	10,0,0,0,0,0	ok
-1.488989	-26.456456	-47.114957	0.840958	continued:5	5695183504495988991042170	2643830	-1,0,0,0,0,0,0,0	10,0,0,0,0,0	ok
-1.487988	-26.456456	-47.649572	0.839915	continued:5	5695183504495988991042170	2643830	-1,0,0,0,0,0,0,0	10,0,0,0,0,0	ok
-1.486987	-26.456456	-48.148014	0.839542	continued:5	3374964376952	2643830	-1,0,0,0,0,0,0	10,0,0,0,0,0	ok
-1.485986	-26.456456	-48.603335	0.838833	full	3374964376952	2643830	-1,0,0,0,0,0,0	10,0,0,0,0,0	ok
-1.484985	-26.456456	-45.414334	0.847674	continued:5	37382954118278832773895244218236686338908646550437400502358118064530753024550062640906067170928616739335301863382037085201145976272239453658981262846128190508219395966448887917209180943430756816352307292933273077419754656235276929745839433974363165395559685648279119233606266845755238958617575685557006721749514772611431919383437239804154797540665120741568766508595097526080989667353268374589	2643830	-1,0,0,0,0,0,0,0,0,0,0,0	10,0,0,0,0,0	ok
-1.483984	-26.456456	-46.000553	0.844881	continued:5	8646728181026489602610406537158318670928372786737024641130379069394221138489756289944296330853108571250995292591609346050698485604570890189154225288428981519609618968223697475046051416812660773295	2643830	-1,0,0,0,0,0,0,0,0,0,0	10,0,0,0,0,0	ok
-1.482983	-26.456456	-46.574305	0.842087	continued:5	37382954118278832773895244218236686338908646550437400502358118064530753024550062640906067170928616739335301863382037085201145976272239453658981262846128190508219395966448887917209180943430756816352307292933273077419754656235276929745839433974363165395559685648279119233606266845755238958617575685557006721749514772611431919383437239804154797540665120741568766508595097526080989667353268374589	2643830	-1,0,0,0,0,0,0,0,0,0,0,0	10,0,0,0,0,0	ok
-1.481982	-26.456456	-47.133450	0.840169	continued:5	5695183504495988991042170	2643830	-1,0,0,0,0,0,0,0	10,0,0,0,0,0	ok
-1.480981	-26.456456	-47.666480	0.839127	continued:5	5695183504495988991042170	2643830	-1,0,0,0,0,0,0,0	10,0,0,0,0,0	ok
-1.479980	-26.456456	-48.163028	0.838753	continued:5	5695183504495988991042170	2643830	-1,0,0,0,0,0,0,0	10,0,0,0,0,0	ok
-1.478979	-26.456456	-48.616241	0.837917	full	16217557574922386301420542667438374088396792810839	2643830	-1,0,0,0,0,0,0,0,0	10,0,0,0,0,0	ok
-1.477978	-26.456456	-45.431794	0.846835	continued:5	131504586847961235687181874578063117114329409897631406061666638548823646371904376997883815099845702	2643830	-1,0,0,0,0,0,0,0,0,0	10,0,0,0,0,0	ok
-1.476977	-26.456456	-46.018367	0.844042	continued:5	5695183504495988991042170	2643830	-1,0,0,0,0,0,0,0	10,0,0,0,0,0	ok
-1.475976	-26.456456	-46.591985	0.841248	continued:5	8646728181026489602610406537158318670928372786737024641130379069394221138489756289944296330853108571250995292591609346050698485604570890189154225288428981519609618968223697475046051416812660773295	2643830	-1,0,0,0,0,0,0,0,0,0,0	10,0,0,0,0,0	ok
-1.474975	-26.456456	-47.150514	0.839330	continued:5	5695183504495988991042170	2643830	-1,0,0,0,0,0,0,0	10,0,0,0,0,0	ok
-1.473974	-26.456456	-47.682491	0.838288	continued:5	5695183504495988991042170	2643830	-1,0,0,0,0,0,0,0	10,0,0,0,0,0	ok
-1.472973	-26.456456	-48.177626	0.837914	continued:5	5695183504495988991042170	2643830	-1,0,0,0,0,0,0,0	10,0,0,0,0,0	ok
-1.471972	-26.456456	-48.629160	0.836999	full	3374964376952	2643830	-1,0,0,0,0,0,0	10,0,0,0,0,0	ok
-1.470971	-26.456456	-45.452773	0.846044	continued:5	5695183504495988991042170	2643830	-1,0,0,0,0,0,0,0	10,0,0,0,0,0	ok
-1.469970	-26.456456	-46.038955	0.843250	continued:5	3374964376952	2643830	-1,0,0,0,0,0,0	10,0,0,0,0,0	ok
-1.468969	-26.456456	-46.611771	0.840457	continued:5	5695183504495988991042170	2643830	-1,0,0,0,0,0,0,0	10,0,0,0,0,0	ok
-1.467968	-26.456456	-47.169074	0.838539	continued:5	3374964376952	2643830	-1,0,0,0,0,0,0	10,0,0,0,0,0	ok
-1.466967	-26.456456	-47.699446	0.837496	continued:5	16217557574922386301420542667438374088396792810839	2643830	-1,0,0,0,0,0,0,0,0	10,0,0,0,0,0	ok
-1.465966	-26.456456	-48.192673	0.837123	continued:5	5695183504495988991042170	2643830	-1,0,0,0,0,0,0,0	10,0,0,0,0,0	ok
-1.464965	-26.456456	-48.642092	0.836080	full	16217557574922386301420542667438374088396792810839	2643830	-1,0,0,0,0,0,0,0,0	10,0,0,0,0,0	ok
-1.463964	-26.456456	-45.472595	0.845202	continued:5	3374964376952	2643830	-1,0,0,0,0,0,0	10,0,0,0,0,0	ok
-1.462963	-26.456456	-46.058952	0.842409	continued:5	5695183504495988991042170	2643830	-1,0,0,0,0,0,0,0	10,0,0,0,0,0	ok
-1.461962	-26.456456	-46.631464	0.839615	continued:5	8646728181026489602610406537158318670928372786737024641130379069394221138489756289944296330853108571250995292591609346050698485604570890189154225288428981519609618968223697475046051416812660773295	2643830	-1,0,0,0,0,0,0,0,0,0,0	10,0,0,0,0,0	ok
-1.460961	-26.456456	-47.187983	0.837825	continued:5	3374964376952	2643830	-1,0,0,0,0,0,0	10,0,0,0,0,0	ok
-1.459960	-26.456456	-47.716026	0.836576	continued:5	5695183504495988991042170	3808	-1,0,0,0,0,0,0,0	10,0,0,0,0	ok
-1.458959	-26.456456	-48.208438	0.836409	continued:5	3374964376952	3808	-1,0,0,0,0,0,0	10,0,0,0,0	ok
-1.457958	-26.456456	-48.655038	0.835160	full	3374964376952	3808	-1,0,0,0,0,0,0	10,0,0,0,0	ok
-1.456957	-26.456456	-45.488695	0.844280	continued:5	5695183504495988991042170	3808	-1,0,0,0,0,0,0,0	10,0,0,0,0	ok
-1.455956	-26.456456	-46.076277	0.841487	continued:5	3374964376952	3808	-1,0,0,0,0,0,0	10,0,0,0,0	ok
-1.454955	-26.456456	-46.649419	0.838821	continued:5	3374964376952	3808	-1,0,0,0,0,0,0	10,0,0,0,0	ok
-1.453954	-26.456456	-47.204830	0.836903	continued:5	3374964376952	3808	-1,0,0,0,0,0,0	10,0,0,0,0	ok
-1.452953	-26.456456	-47.732504	0.835861	continued:5	3374964376952	525090601	-1,0,0,0,0,0,0	10,0,0,0,-1,0	ok
-1.451952	-26.456456	-48.222384	0.835487	continued:5	3374964376952	525090601	-1,0,0,0,0,0,0	10,0,0,0,-1,0	ok
-1.450951	-26.456456	-48.667999	0.834238	full	5695183504495988991042170	104176	-1,0,0,0,0,0,0,0	10,0,0,0,-1	ok
-1.449950	-26.456456	-45.508673	0.843436	continued:5	3374964376952	44883055	-1,0,0,0,0,0,0	10,0,0,0,1	ok
-1.448949	-26.456456	-46.096402	0.840643	continued:5	3374964376952	44883055	-1,0,0,0,0,0,0	10,0,0,0,1	ok
-1.447948	-26.456456	-46.669208	0.837977	continued:5	3374964376952	30797028451	-1,0,0,0,0,0,0	10,0,0,0,-2	ok
-1.446947	-26.456456	-47.223808	0.836187	continued:5	5695183504495988991042170	12487815470683	-1,0,0,0,0,0,0,0	10,0,0,0,2	ok
-1.445946	-26.456456	-47.749132	0.834937	continued:5	3374964376952	95226690798779121748784305	-1,0,0,0,0,0,0	10,0,0,0,6	ok
-1.444945	-26.456456	-48.238184	0.834770	continued:5	3374964376952	3448609705	-1,0,0,0,0,0,0	10,0,0,-1,-1,0	ok
-1.443944	-26.456456	-48.680973	0.833314	full	5695183504495988991042170	27398483	-1,0,0,0,0,0,0,0	10,0,0,-1,0,0	ok
-1.442943	-26.456456	-45.529971	0.842639	continued:5	5695183504495988991042170	27398483	-1,0,0,0,0,0,0,0	10,0,0,-1,0,0	ok
-1.441942	-26.456456	-46.117247	0.839846	continued:5	5695183504495988991042170	27398483	-1,0,0,0,0,0,0,0	10,0,0,-1,0,0	ok
-1.440941	-26.456456	-46.689189	0.837180	continued:5	5695183504495988991042170	37655	-1,0,0,0,0,0,0,0	10,0,0,-1,0	ok
-1.439940	-26.456456	-47.242507	0.835390	continued:5	5695183504495988991042170	607733	-1,0,0,0,0,0,0,0	10,0,0,1,0	ok
-1.438939	-26.456456	-47.766182	0.834140	continued:5	16217557574922386301420542667438374088396792810839	607733	-1,0,0,0,0,0,0,0,0	10,0,0,1,0	ok
-1.437938	-26.456456	-48.253298	0.833973	continued:5	3374964376952	607733	-1,0,0,0,0,0,0	10,0,0,1,0	ok
-1.436937	-26.456456	-48.693961	0.832390	full	3374964376952	607733	-1,0,0,0,0,0,0	10,0,0,1,0	ok
-1.435936	-26.456456	-45.549093	0.841841	continued:5	3374964376952	607733	-1,0,0,0,0,0,0	10,0,0,1,0	ok
-1.434935	-26.456456	-46.136062	0.839047	continued:5	3374964376952	2594268476	-1,0,0,0,0,0,0	10,0,0,1,1	ok
-1.433934	-26.456456	-46.707275	0.836382	continued:5	3374964376952	4373850625714957942142858009726	-1,0,0,0,0,0,0	10,0,0,1,-9	ok
-1.432933	-26.456456	-47.259450	0.834464	continued:5	3374964376952	9242830	-1,0,0,0,0,0,0	10,0,0,-2,0	ok
-1.431932	-26.456456	-47.782727	0.833421	continued:5	3374964376952	110997530	-1,0,0,0,0,0,0	10,0,0,2,0	ok
-1.430931	-26.456456	-48.267292	0.833047	continued:5	3374964376952	3378046776892808502608	-1,0,0,0,0,0,0	10,0,0,2,4	ok
-1.429930	-26.456456	-48.706964	0.831464	full	3374964376952	7660063405	-1,0,0,0,0,0,0	10,0,0,3,0	ok
-1.428929	-26.456456	-45.569313	0.840992	continued:5	3374964376952	20338341809858	-1,0,0,0,0,0,0	10,0,0,4,1	ok
-1.427928	-26.456456	-46.156381	0.838199	continued:5	3374964376952	1329059881771426	-1,0,0,0,0,0,0	10,0,0,6,1	ok
-1.426927	-26.456456	-46.727212	0.835533	continued:5	3374964376952	7033350333374983	-1,0,0,0,0,0,0	10,0,0,8,-1	ok
-1.425926	-26.456456	-47.278533	0.833743	continued:5	3374964376952	160679288857587733	-1,0,0,0,0,0,0	10,0,0,9,1	ok
-1.424925	-26.456456	-47.799428	0.832494	continued:5	3374964376952	359589133	-1,0,0,0,0,0,0	10,0,-1,1,0,0	ok
-1.423924	-26.456456	-48.283144	0.832326	continued:5	3374964376952	69649483	-1,0,0,0,0,0,0	10,0,-1,0,1	ok
-1.422923	-26.456456	-48.719980	0.830536	full	3374964376952	5871649141	-1,0,0,0,0,0,0	10,0,-1,0,0,-1	ok
-1.421922	-26.456456	-45.585720	0.840112	continued:5	3374964376952	4812733	-1,0,0,0,0,0,0	10,0,-1,0,0,0	ok
-1.420921	-26.456456	-46.173459	0.837319	continued:5	3374964376952	4812733	-1,0,0,0,0,0,0	10,0,-1,0,0,0	ok
-1.419920	-26.456456	-46.744425	0.834653	continued:5	3374964376952	4812733	-1,0,0,0,0,0,0	10,0,-1,0,0,0	ok
-1.418919	-26.456456	-47.295372	0.832735	continued:5	3374964376952	4812733	-1,0,0,0,0,0,0	10,0,-1,0,0,0	ok
-1.417918	-26.456456	-47.816550	0.831692	continued:5	3374964376952	4812733	-1,0,0,0,0,0,0	10,0,-1,0,0,0	ok
-1.416917	-26.456456	-48.298310	0.831525	continued:5	3374964376952	4812733	-1,0,0,0,0,0,0	10,0,-1,0,0,0	ok
-1.415916	-26.456456	-48.733012	0.829607	full	3374964376952	4812733	-1,0,0,0,0,0,0	10,0,-1,0,0,0	ok
-1.414915	-26.456456	-45.605905	0.839261	continued:5	3374964376952	9991	-1,0,0,0,0,0,0	10,0,-1,0,0	ok
-1.413914	-26.456456	-46.193727	0.836467	continued:5	3374964376952	9991	-1,0,0,0,0,0,0	10,0,-1,0,0	ok
-1.412913	-26.456456	-46.764294	0.833802	continued:5	3374964376952	9991	-1,0,0,0,0,0,0	10,0,-1,0,0	ok
-1.411912	-26.456456	-47.314373	0.832011	continued:5	3374964376952	26776	-1,0,0,0,0,0,0	10,0,1,0,0	ok
-1.410911	-26.456456	-47.833161	0.830969	continued:5	3374964376952	26776	-1,0,0,0,0,0,0	10,0,1,0,0	ok
-1.409910	-26.456456	-48.312353	0.830595	continued:5	3374964376952	26776	-1,0,0,0,0,0,0	10,0,1,0,0	ok
-1.408909	-26.456456	-48.746058	0.828677	full	3374964376952	26776	-1,0,0,0,0,0,0	10,0,1,0,0	ok
-1.407908	-26.456456	-45.627477	0.838408	continued:5	3374964376952	26776	-1,0,0,0,0,0,0	10,0,1,0,0	ok
-1.406907	-26.456456	-46.215268	0.835614	continued:5	3374964376952	26776	-1,0,0,0,0,0,0	10,0,1,0,0	ok
-1.405906	-26.456456	-46.785328	0.832949	continued:5	3374964376952	26776	-1,0,0,0,0,0,0	10,0,1,0,0	ok
-1.404905	-26.456456	-47.334433	0.831159	continued:5	3374964376952	511546	-1,0,0,0,0,0,0	10,0,1,0,-1	ok
-1.403904	-26.456456	-47.851836	0.830244	continued:5	3374964376952	105945826	-1,0,0,0,0,0,0	10,0,1,0,1	ok
-1.402903	-26.456456	-48.328258	0.829870	continued:5	3374964376952	15195931216501	-1,0,0,0,0,0,0	10,0,1,0,2	ok
-1.401902	-26.456456	-48.759118	0.827745	full	3374964376952	20612027294119163287235093988241	-1,0,0,0,0,0,0	10,0,1,0,9	ok
-1.400901	-26.456456	-45.647278	0.837651	continued:5	3374964376952	212206	-1,0,0,0,0,0,0	10,0,1,-1,0	ok
-1.399900	-26.456456	-46.234179	0.834858	continued:5	3374964376952	2346841	-1,0,0,0,0,0,0	10,0,1,1,0	ok
-1.398899	-26.456456	-46.802992	0.832192	continued:5	3374964376952	42333781	-1,0,0,0,0,0,0	10,0,1,1,-1	ok
-1.397898	-26.456456	-47.350503	0.830274	continued:5	3374964376952	25643521	-1,0,0,0,0,0,0	10,0,1,-2,0	ok
-1.396897	-26.456456	-47.867129	0.829232	continued:5	3374964376952	12340440631	-1,0,0,0,0,0,0	10,0,1,3,0	ok
-1.395896	-26.456456	-48.343476	0.829064	continued:5	3374964376952	480620799091336	-1,0,0,0,0,0,0	10,0,1,7,0	ok
-1.394895	-26.456456	-48.772194	0.826812	full	2600339	335290609717512946	-1,0,0,0,0,0	10,0,1,-10,1	ok
-1.393894	-26.456456	-45.667589	0.836747	continued:5	10296487298246453339	69358	-1,0,0,0,0,0,-1	10,0,-2,0,0	ok
-1.392893	-26.456456	-46.255022	0.833953	continued:5	498768035658203820272194170320	69358	-1,0,0,0,0,0,1	10,0,-2,0,0	ok
-1.391892	-26.456456	-46.823823	0.831288	continued:5	498768035658203820272194170320	69358	-1,0,0,0,0,0,1	10,0,-2,0,0	ok
-1.390891	-26.456456	-47.370797	0.829498	continued:5	2600339	169633	-1,0,0,0,0,0	10,0,2,0,0	ok
-1.389890	-26.456456	-47.885316	0.828583	continued:5	2600339	169633	-1,0,0,0,0,0	10,0,2,0,0	ok
-1.388889	-26.456456	-48.358275	0.828209	continued:5	2600339	169633	-1,0,0,0,0,0	10,0,2,0,0	ok
-1.387888	-26.456456	-48.785284	0.825878	full	14730495215871488720702	18406716885508	-1,0,0,0,0,1,0	10,0,2,0,2	ok
-1.386887	-26.456456	-45.394999	0.837220	continued:5	137520069382767470	979280	-1,0,0,0,0,-1,0	10,0,2,-1,0	ok
-1.385886	-26.456456	-45.991611	0.834427	continued:5	137520069382767470	427330	-1,0,0,0,0,-1,0	10,0,2,1	ok
-1.384885	-26.456456	-46.569197	0.831634	continued:5	137520069382767470	1589967990683	-1,0,0,0,0,-1,0	10,0,2,5	ok
-1.383884	-26.456456	-47.126867	0.829381	continued:5	14730495215871488720702	316796117025430036	-1,0,0,0,0,1,0	10,0,-3,0,3	ok
-1.382883	-26.456456	-47.657057	0.828132	continued:5	14730495215871488720702	389383	-1,0,0,0,0,1,0	10,0,-3,0,0	ok
-1.381882	-26.456456	-48.148771	0.827424	continued:5	998767320547577	840436	-1,0,0,0,0,1	10,0,3,0,0	ok
-1.380881	-26.456456	-48.596870	0.827926	full	878890027930190311617606920	19405845056139447733	-1,0,0,0,0,-2,0	10,0,3,0,-4	ok
-1.379880	-26.456456	-45.412913	0.836410	continued:5	142315511012103484091354004509090702	1828808	-1,0,0,0,0,-3,0	10,0,3,1	ok
-1.378879	-26.456456	-46.009457	0.833617	continued:5	142315511012103484091354004509090702	42066147734936306	-1,0,0,0,0,-3,0	10,0,3,-10,0	ok
-1.377878	-26.456456	-46.586547	0.830823	continued:5	260441821149834632920408714016955902992295	1714006	-1,0,0,0,0,4	10,0,-4,0,0	ok
-1.376877	-26.456456	-47.143302	0.828571	continued:5	544788153483205334525838680660165537519749402274242970	716983	-1,0,0,0,0,-7	10,0,4,0	ok
-1.375876	-26.456456	-47.672199	0.827115	continued:5	6371372749866568909895913813169992860790205169428920406391327	2614298362558	-1,0,0,0,0,-9	10,0,4,5	ok
-1.374875	-26.456456	-48.164071	0.826613	continued:5	6950249068788242680043901994758308916156233700040394305356423827	6151258	-1,0,0,0,-1,-10	10,0,-5,0,0	ok
-1.373874	-26.456456	-48.610191	0.826987	full	307900867604425830077	33207155	-1,0,0,0,-1,0,-1	10,0,5,-1,0	ok
-1.372873	-26.456456	-45.431363	0.835470	continued:5	371299112589839	85314433	-1,0,0,0,-1,0,0	10,0,-6,0,-1	ok
-1.371872	-26.456456	-46.029105	0.832677	continued:5	371299112589839	37996718804311	-1,0,0,0,-1,0,0	10,0,6,0,2	ok
-1.370871	-26.456456	-46.606796	0.829884	continued:5	371299112589839	2048574536288756	-1,0,0,0,-1,0,0	10,0,6,8	ok
-1.369870	-26.456456	-47.163571	0.827759	continued:5	31288144257776714	79159633	-1,0,0,0,1,0,0	10,0,7,0,0	ok
-1.368869	-26.456456	-47.690832	0.826382	continued:5	171642627464	603346933	-1,0,0,0,1,0	10,0,7,1,0	ok
-1.367868	-26.456456	-48.180107	0.825880	continued:5	171642627464	25770426743300758	-1,0,0,0,1,0	10,0,7,-10	ok
-1.366867	-26.456456	-48.623528	0.826048	full	3361378696400720345	121640983	-1,0,0,0,1,1	10,0,-8,0,0	ok
-1.365866	-26.456456	-45.453482	0.834736	continued:5	1862522158573912577	75245758	-1,0,0,0,-2,0,0	10,0,8,0	ok
-1.364865	-26.456456	-46.049998	0.831942	continued:5	138531776482577761408202	94120503758	-1,0,0,0,-2,0,-1	10,0,8,1,1	ok
-1.363864	-26.456456	-46.626172	0.829149	continued:5	6127218708778202	58015649113633	-1,0,0,0,2,0	10,0,8,6	ok
-1.362863	-26.456456	-47.181119	0.826897	continued:5	3499970946211947819920	5207059774666	-1,0,0,0,2,1	10,0,-9,1,-2	ok
-1.361862	-26.456456	-47.707411	0.825647	continued:5	533508222173189639	270083641	-1,0,0,0,-3,0	10,0,-9,0,0	ok
-1.360861	-26.456456	-48.194284	0.824939	continued:5	1087000418376733258139	270083641	-1,0,0,0,-4,0	10,0,-9,0,0	ok
-1.359860	-26.456456	-48.636882	0.825106	full	9084169817825403052840739	391650058	-1,0,0,0,5,0	10,0,9,0,0	ok
-1.358859	-26.456456	-45.469913	0.833793	continued:5	560072882036354872939638845702	673435249858	-1,0,0,0,8	10,0,9,0,-2	ok
-1.357858	-26.456456	-46.067775	0.830999	continued:5	24733991772451147018765443501389	175640633	-1,0,0,0,8,-1	10,0,9,0	ok
-1.356857	-26.456456	-46.644679	0.828206	continued:5	22573076094694558089061561863014	808321508	-1,0,0,0,-9,0	10,0,9,-1,0	ok
-1.355856	-26.456456	-47.199774	0.826081	continued:5	12908915112156657751564800586666214	5814007375058	-1,0,0,0,9,1	10,0,9,1,-2	ok
-1.354855	-26.456456	-47.724559	0.824832	continued:5	569017662591425920660454914501952	22249212911	-1,0,0,0,-10,0	10,0,9,2,0	ok
-1.353854	-26.456456	-48.209640	0.824124	continued:5	304229983979617775114	63585880946	-1,0,0,-1,1,-1,0	10,0,9,3	ok
-1.352853	-26.456456	-48.650252	0.824164	full	150032244842228080304712160171554839	476726445535508	-1,0,0,-1,0,-3,0	10,0,9,7	ok
-1.351852	-26.456456	-45.490944	0.832985	continued:5	559605960124426494037248458864	6386547328603766	-1,0,0,-1,0,0,1	10,0,9,-9	ok
-1.350851	-26.456456	-46.088369	0.830192	continued:5	559605960124426494037248458864	14078765921824871	-1,0,0,-1,0,0,1	10,0,9,9	ok
-1.349850	-26.456456	-46.664442	0.827399	continued:5	17225409670789647560	1118621330	-1,0,0,-1,0,0,-1	10,0,-10,-1,0	ok
-1.348849	-26.456456	-47.218306	0.825274	continued:5	559605960124426494037248458864	558866008	-1,0,0,-1,0,0,1	10,0,-10,0,0	ok
-1.347848	-26.456456	-47.741510	0.823897	continued:5	27258035	558866008	-1,0,0,-1,0,0	10,0,-10,0,0	ok
-1.346847	-26.456456	-48.225817	0.823396	continued:5	250174895	62966344617331	-1,0,0,1,0,0	10,-1,9,0,2	ok
-1.345846	-26.456456	-48.663640	0.823228	full	5581480901620820	45150088236100	-1,0,0,1,0,1	10,-1,7,0,2	ok
-1.344845	-26.456456	-45.512072	0.832169	continued:5	2286410551228202	1826896	-1,0,0,1,-1,0,0	10,-1,-4,0,0	ok
-1.343844	-26.456456	-46.109120	0.829376	continued:5	266095649672472613310374613843883674233895	1656640433191045	-1,0,0,1,-1,0,-2	10,-1,2,6,1	ok
-1.342843	-26.456456	-46.684410	0.826582	continued:5	2653594019510	79381	-1,0,0,1,1,0	10,-1,-2,0,0	ok
-1.341842	-26.456456	-47.237085	0.824458	continued:5	28998203885297960	4770575927230	-1,0,0,1,2,0	10,-1,1,-6	ok
-1.340841	-26.456456	-47.758743	0.823081	continued:5	980507157383369216135570	235621	-1,0,0,1,-5,0	10,-1,1,-1,0	ok
-1.339840	-26.456456	-48.241227	0.822579	continued:5	138926352838360260699706602645410	108434881	-1,0,0,1,9,0	10,-1,1,0,1	ok
-1.338839	-26.456456	-48.677043	0.822412	full	5324930474886365	12226	-1,0,0,-2,-1,0,0	10,-1,-1,0,0	ok
-1.337838	-26.456456	-45.533551	0.831355	continued:5	26856276375048827	12226	-1,0,0,2,0,1	10,-1,-1,0,0	ok
-1.336837	-26.456456	-46.130147	0.828562	continued:5	26856276375048827	108614334873161517272093941033801	-1,0,0,2,0,1	10,-1,-1,0,-10	ok
-1.335836	-26.456456	-46.704587	0.825768	continued:5	452688018827	316986715654869835	-1,0,0,2,-1,0	10,-1,0,-10,1	ok
-1.334835	-26.456456	-47.256013	0.823644	continued:5	3378046775331094773305	15362371177784611	-1,0,0,2,4	10,-1,0,9,0	ok
-1.333834	-26.456456	-47.776073	0.822267	continued:5	4647230250642742748571276858873067310649543139171952	37725007582200271	-1,0,0,-3,0,6	10,-1,0,8,1	ok
-1.332833	-26.456456	-48.256689	0.821765	continued:5	53088346002511813311964333376939264	19612846653068131	-1,0,0,3,0,3	10,-1,0,6,-2	ok
-1.331832	-26.456456	-48.690464	0.821598	full	1098743132291869169519785536200	1233861048631	-1,0,0,3,8	10,-1,0,4,-1	ok
-1.330831	-26.456456	-45.554867	0.830536	continued:5	18491290325114	7721702836	-1,0,0,-5,0,0	10,-1,0,3,0	ok
-1.329830	-26.456456	-46.151049	0.827743	continued:5	18491290325114	789048200621671	-1,0,0,-5,0,0	10,-1,0,2,2	ok
-1.328829	-26.456456	-46.724670	0.824949	continued:5	20409101624884280	9642616	-1,0,0,-6,1,0	10,-1,0,-2,0	ok
-1.327828	-26.456456	-47.274877	0.822825	continued:5	59690670625089447613749585739940	169790919716832927088777756	-1,0,0,6,9	10,-1,0,-2,6	ok
-1.326827	-26.456456	-47.793365	0.821448	continued:5	128064018575859320477264	140338171632979272859173985	-1,0,0,7,-4,0	10,-1,0,1,6	ok
-1.325826	-26.456456	-48.272142	0.820946	continued:5	37768673450932603214	612003501706	-1,0,0,8,0,1	10,-1,0,1,-2	ok
-1.324825	-26.456456	-48.703902	0.820779	full	21197539416748231323385214	16811281	-1,0,0,8,5	10,-1,0,1,-1	ok
-1.323824	-26.456456	-45.576805	0.829723	continued:5	98001158930426305589	659506	-1,0,0,9,0,1	10,-1,0,1,0	ok
-1.322823	-26.456456	-46.172439	0.826929	continued:5	98001158930426305589	659506	-1,0,0,9,0,1	10,-1,0,1,0	ok
-1.321822	-26.456456	-46.745121	0.824136	continued:5	326042321408286989	43936	-1,0,0,9,-1,0	10,-1,0,-1,0	ok
-1.320821	-26.456456	-47.294000	0.822011	continued:5	247419883556874299705	43936	-1,0,0,9,2,0	10,-1,0,-1,0	ok
-1.319820	-26.456456	-47.810823	0.820635	continued:5	2331324626513666431409150585	43936	-1,0,0,9,6	10,-1,0,-1,0	ok
-1.318819	-26.456456	-48.287679	0.820133	continued:5	99105777691858517712677098493315	43936	-1,0,0,9,9	10,-1,0,-1,0	ok
-1.317818	-26.456456	-48.717357	0.819966	full	1185826006901063921006264	24968638291	-1,0,0,-10,2,1	10,-1,0,-1,0,-1	ok
-1.316817	-26.456456	-45.592472	0.828776	continued:5	34904692882567089072581066627	43936	-1,0,-1,4,-7,0	10,-1,0,-1,0	ok
-1.315816	-26.456456	-46.189419	0.825983	continued:5	358524938133398379907539092668428852121952	43936	-1,0,-1,-8,0,4	10,-1,0,-1,0	ok
-1.314815	-26.456456	-46.762795	0.823190	continued:5	27904129821042620	43936	-1,0,-1,2,0,1	10,-1,0,-1,0	ok
-1.313814	-26.456456	-47.311793	0.821065	continued:5	115734863207926334612107100	43936	-1,0,-1,1,0,2	10,-1,0,-1,0	ok
-1.312813	-26.456456	-47.828228	0.819816	continued:5	569217405515104087215837987521210	43936	-1,0,-1,0,-10,0	10,-1,0,-1,0	ok
-1.311812	-26.456456	-48.303199	0.819314	continued:5	11293472613712846585541985890	43936	-1,0,-1,0,-7,0	10,-1,0,-1,0	ok
-1.310811	-26.456456	-48.730828	0.819147	full	3531012513001936041002	43936	-1,0,-1,0,2,1	10,-1,0,-1,0	ok
-1.309810	-26.456456	-45.614503	0.827959	continued:5	2903918937503498760302587274795	43936	-1,0,-1,0,-1,0,1	10,-1,0,-1,0	ok
-1.308809	-26.456456	-46.210885	0.825166	continued:5	202730693660	43936	-1,0,-1,0,1,0	10,-1,0,-1,0	ok
-1.307808	-26.456456	-46.783306	0.822373	continued:5	311604871511205528335	43936	-1,0,-1,0,-1,0,-1	10,-1,0,-1,0	ok
-1.306807	-26.456456	-47.330961	0.820248	continued:5	311604871511205528335	43936	-1,0,-1,0,-1,0,-1	10,-1,0,-1,0	ok
-1.305806	-26.456456	-47.845720	0.818999	continued:5	202730693660	43936	-1,0,-1,0,1,0	10,-1,0,-1,0	ok
-1.304805	-26.456456	-48.318766	0.818497	continued:5	3432703706929550627	659506	-1,0,-1,0,1,1	10,-1,0,1,0	ok
-1.303804	-26.456456	-48.744317	0.818330	full	5161160613324397690127	659506	-1,0,1,0,-2,-1,0	10,-1,0,1,0	ok
-1.302803	-26.456456	-45.636813	0.827143	continued:5	11308822217055107638018663202	16811281	-1,0,1,0,-7,0	10,-1,0,1,-1	ok
-1.301802	-26.456456	-46.232571	0.824350	continued:5	89693012725912914536080521752	2621640235	-1,0,1,0,7,0	10,-1,0,1,1	ok
-1.300801	-26.456456	-46.803982	0.821557	continued:5	12915050254591778012250515291464127	111295344758581	-1,0,1,0,9,1	10,-1,0,1,2	ok
-1.299800	-26.456456	-47.350246	0.819432	continued:5	13078321916423411735319168764	101620102488948967712851479631	-1,0,1,-1,-7,0	10,-1,0,1,-8	ok
-1.298799	-26.456456	-47.863289	0.818183	continued:5	2670197590085027	24708309130704970428941180811631	-1,0,1,-1,0,1	10,-1,0,1,9	ok
-1.297798	-26.456456	-48.334377	0.817681	continued:5	422503522545233589009974144941008496789158014	9642616	-1,0,1,1,-1,-5	10,-1,0,-2,0	ok
-1.296797	-26.456456	-48.757823	0.817514	full	4846169664307310266288655022764	113575036	-1,0,1,1,8,0	10,-1,0,2,0	ok
-1.295796	-26.456456	-45.659159	0.826325	continued:5	89223846711496628609825510627	3088361210030360881	-1,0,1,-3,-2,2	10,-1,0,2,3	ok
-1.294795	-26.456456	-46.254287	0.823532	continued:5	60118803299968877	9977970725	-1,0,1,-3,0,1	10,1,0,-3,-1	ok
-1.293794	-26.456456	-46.824680	0.820739	continued:5	38215804575878930073152	4618777446363880	-1,0,1,-5,3,-1	10,1,0,3,2	ok
-1.292793	-26.456456	-47.369547	0.818614	continued:5	14082980464233953799789879218252	1236646250765	-1,0,1,7,-9	10,1,0,4,-1	ok
-1.291792	-26.456456	-47.880870	0.817365	continued:5	7356614835050252	941213266100	-1,0,1,-9,0	10,1,0,5	ok
-1.290791	-26.456456	-48.350001	0.816863	continued:5	13253717019196120502	150391983711230	-1,0,1,9,2	10,1,0,-7,0	ok
-1.289790	-26.456456	-48.771346	0.816696	full	99192363671357444399039824722152	1121983579925695	-1,0,1,9,9	10,1,0,-8,0	ok
-1.288789	-26.456456	-45.681686	0.825507	continued:5	3129395446764502347808334492253095	1059253157858975	-1,0,-2,1,-10,-1	10,1,0,8	ok
-1.287788	-26.456456	-46.276145	0.822714	continued:5	3776693248652	6722621633297105	-1,0,-2,1,1,0	10,1,0,-9,0	ok
-1.286787	-26.456456	-46.845485	0.819920	continued:5	885288094140227155450225268855	160717466860167340	-1,0,-2,0,6,1	10,1,0,9,1	ok
-1.285786	-26.456456	-47.388924	0.817796	continued:5	53975670765665	6420598390435490	-1,0,-2,0,-2,0	10,1,0,9	ok
-1.284785	-26.456456	-47.898503	0.816546	continued:5	208214993489996701075767905	6420598390435490	-1,0,-2,0,4,1	10,1,0,9	ok
-1.283784	-26.456456	-48.365656	0.816045	continued:5	20633942595272964769855170554000	14741864220509225	-1,0,2,0,9	10,1,0,-10	ok
-1.282783	-26.456456	-48.784886	0.815878	full	45679193639	33746626057494275	-1,0,2,1,-1,0	10,1,0,-10,0	ok
-1.281782	-26.456456	-45.697326	0.824483	continued:5	14090829961930135747629814536989	2960515396333475	-1,0,2,-8,0,-3	10,1,-1,8,0	ok
-1.280781	-26.456456	-46.293773	0.821690	continued:5	1215460523209459807625477225	984636352179455858	-1,0,2,7,6	10,1,-1,1,3	ok
-1.279780	-26.456456	-46.864380	0.818897	continued:5	26237013228556314547970	20601078737800478751319090449545	-1,0,2,9,-4	10,1,-1,0,9	ok
-1.278779	-26.456456	-47.408424	0.816979	continued:5	2342920027834391376136049627	95462036118634972082371100	-1,0,2,-10,0,2	10,1,-1,0,6	ok
-1.277778	-26.456456	-47.916214	0.815729	continued:5	630976003478333671984465355114	2672850249459233	-1,0,-3,0,-8,0	10,1,-1,0,-3	ok
-1.276777	-26.456456	-48.381355	0.815228	continued:5	562881285659776292103948908435	729546100934398920890	-1,0,3,0,8	10,1,-1,0,4	ok
-1.275776	-26.456456	-48.798443	0.815061	full	771525609106647128793827	3574424552243880994773065918983	-1,0,3,1,5	10,1,1,0,-9	ok
-1.274775	-26.456456	-45.720192	0.823664	continued:5	42066142223878652	22584938710639305143898080518915	-1,0,3,-10,0	10,1,1,-1,9	ok
-1.273774	-26.456456	-46.315899	0.820871	continued:5	42066142223878652	44864108	-1,0,3,-10,0	10,1,1,1,-1	ok
-1.272773	-26.456456	-46.885386	0.818077	continued:5	1167272295366544089527	27383680	-1,0,-4,0,-4,0	10,1,1,-2,0	ok
-1.271772	-26.456456	-47.427945	0.816160	continued:5	128415686359920288769707168936410	69181770358	-1,0,4,1,-10	10,1,1,-4,0	ok
-1.270771	-26.456456	-47.933942	0.814910	continued:5	20480949651300398843228530692635	1186978787724430	-1,0,4,9,-9	10,1,1,8	ok
-1.269770	-26.456456	-48.397069	0.814409	continued:5	602611350290243473245530	7033350096168740	-1,0,-5,0,-5,0	10,1,1,9	ok
-1.268769	-26.456456	-48.812017	0.814242	full	16596389667902	79101309963338965	-1,0,5,-4,1	10,1,1,-10,-1	ok
-1.267768	-26.456456	-45.743342	0.822846	continued:5	546790114706738844776642355968324908057846220321885027	555965	-1,0,6,-1,0,-7	10,1,-2,-1,0	ok
-1.266767	-26.456456	-46.338247	0.820053	continued:5	194941114214	95933962266473883474308710	-1,0,6,1,-1,0	10,1,-2,0,6	ok
-1.265766	-26.456456	-46.906560	0.817259	continued:5	99626287220579930742747822600902	1131740	-1,0,6,9,9	10,1,2,-1,0	ok
-1.264765	-26.456456	-47.447582	0.815341	continued:5	9901868769897454018000599965	523453260500	-1,0,-7,0,7	10,1,2,-4,-1	ok
-1.263764	-26.456456	-47.951745	0.814092	continued:5	35207566760	7696762785534608	-1,0,7,-3,0	10,1,2,9	ok
-1.262763	-26.456456	-48.412826	0.813591	continued:5	99713270964623527326974248327355	108802033255051343959364182198225	-1,0,7,9,9	10,1,-3,0,-10	ok
-1.261762	-26.456456	-48.825609	0.813424	full	20754841588022970926837053239527	12164958170	-1,0,-8,0,9	10,1,3,1,1	ok
-1.260761	-26.456456	-45.766857	0.822030	continued:5	24914417694552710365642682689652	8414391268505483	-1,0,8,1,9	10,1,3,9	ok
-1.259760	-26.456456	-46.360880	0.819237	continued:5	1345289959359358355	837845	-1,0,8,2,-1,1	10,1,4,0	ok
-1.258759	-26.456456	-46.927947	0.816444	continued:5	66563085794960120	20384748707330890	-1,0,8,8,1	10,1,4,-10	ok
-1.257758	-26.456456	-47.467371	0.814526	continued:5	99800321154795242547356988136877	3327878797730	-1,0,8,9,9	10,1,5,5	ok
-1.256757	-26.456456	-47.969645	0.813276	continued:5	1573488788106512808575	447289075	-1,0,8,-10,-1,1	10,1,6,-1,-1	ok
-1.255756	-26.456456	-48.428635	0.812775	continued:5	4143751917002	132999875	-1,0,-9,2,-1,0	10,1,-7,-1,0	ok
-1.254755	-26.456456	-48.839218	0.812608	full	20776889689209512165669842832627	2276989285332358	-1,0,-9,0,9	10,1,7,8	ok
-1.253754	-26.456456	-45.790237	0.821210	continued:5	20776889689209512165669842832627	50305445	-1,0,-9,0,9	10,1,-8,0	ok
-1.252753	-26.456456	-46.383408	0.818417	continued:5	20776889689209512165669842832627	3984789608	-1,0,-9,0,9	10,1,8,-2,0	ok
-1.251752	-26.456456	-46.949254	0.815623	continued:5	1998005497502	12955134827861108	-1,0,9,-1,-2	10,1,8,9	ok
-1.250751	-26.456456	-47.487103	0.813705	continued:5	500407583027	27837438939482615	-1,0,9,1,-1,0	10,1,8,-10	ok
-1.249750	-26.456456	-47.987514	0.812456	continued:5	24940286846610847183708434735845	121609790	-1,0,9,1,9	10,1,-9,0	ok
-1.248749	-26.456456	-48.444437	0.811954	continued:5	213394564004447004577577870	121609790	-1,0,9,2,6	10,1,-9,0	ok
-1.247748	-26.456456	-48.852844	0.811787	full	178269077600698738489508589289970	831279905	-1,0,9,3,-10	10,1,9,-1,0	ok
-1.246747	-26.456456	-45.806019	0.820263	continued:5	334307869284239346888860216904752	1603789910	-1,0,9,7,-10	10,1,9,-2	ok
-1.245746	-26.456456	-46.400271	0.817470	continued:5	73735312885327445	64189624130	-1,0,9,-8,-1,0	10,1,9,3	ok
-1.244745	-26.456456	-46.966597	0.814677	continued:5	389750174431923060892857773618645	477211879084355	-1,0,9,8,-10	10,1,9,7	ok
-1.243744	-26.456456	-47.504382	0.812759	continued:5	14678324024169470	6389946122421185	-1,0,9,-9,0	10,1,9,-9	ok
-1.242743	-26.456456	-48.004263	0.811510	continued:5	197529526782729281327	14084914692764330	-1,0,9,9,-3	10,1,9,9	ok
-1.241742	-26.456456	-48.460287	0.811136	continued:5	20590119276838820344427187914870	14084914692764330	-1,0,9,9,-9	10,1,9,9	ok
-1.240741	-26.456456	-48.866487	0.810969	full	99887437834597539996611858970170	14084914692764330	-1,0,9,9,9	10,1,9,9	ok
-1.239740	-26.456456	-45.829746	0.819442	continued:5	453731750063268293541144577550702	14084914692764330	-1,0,9,9,-10	10,1,9,9	ok
-1.238739	-26.456456	-46.423072	0.816649	continued:5	453731750063268293541144577550702	30037223016845585	-1,0,9,9,-10	10,1,9,-10	ok
-1.237738	-26.456456	-46.988109	0.813856	continued:5	489298798131400233302233766885402	30037223016845585	-1,0,9,-10,-10	10,1,9,-10	ok
-1.236737	-26.456456	-47.524261	0.811938	continued:5	360591347132543893486547777	30037223016845585	-1,0,9,-10,-6	10,1,9,-10	ok
-1.235736	-26.456456	-48.022229	0.810689	continued:5	518687842284451490	14681498914270358	-1,0,9,-10,1	10,1,-10,9	ok
-1.234735	-26.456456	-48.476149	0.810315	continued:5	983224557036979565	2904362103365	-1,0,9,-10,-1,0	10,1,-10,-5	ok
-1.233734	-26.456456	-48.880148	0.810148	full	64286513788455077	8626082858	-1,0,9,-10,0	10,1,-10,-2,0	ok
-1.232733	-26.456456	-45.853532	0.818620	continued:5	10288275694450304630	6501526047305	-1,0,-10,-10,-1,-1	10,1,-10,1,-2	ok
-1.231732	-26.456456	-46.445919	0.815826	continued:5	489473829011572648459488366292277	3872836025	-1,0,-10,-10,-10	10,1,-10,-1,-1	ok
-1.230731	-26.456456	-47.009655	0.813033	continued:5	200042003355120751652	270037160	-1,0,-10,9,-3	10,1,-10,0	ok
-1.229730	-26.456456	-47.544163	0.811115	continued:5	7324549643402915	270037160	-1,0,-10,-8,-1	10,1,-10,0	ok
-1.228729	-26.456456	-48.040212	0.809866	continued:5	42578000672836104006812526602525	270037160	-1,0,-10,4,9	10,1,-10,0	ok
-1.227728	-26.456456	-48.492027	0.809492	continued:5	151808606619824331326070286803902	30042649795628915	-1,0,-10,2,-10	10,-2,9,-10	ok
-1.226727	-26.456456	-48.893826	0.809325	full	1339377603626815193279845647457283674604714	64493104211	-1,0,-10,-2,1,4	10,-2,9,3	ok
-1.225726	-26.456456	-45.877752	0.817800	continued:5	2293172841629354641859639	2526534667284020	-1,0,-10,1,3,1	10,-2,8,8	ok
-1.224725	-26.456456	-46.469104	0.815006	continued:5	376397691357109025639	10029936844262266	-1,0,-10,1,-2,1	10,-2,5,9	ok
-1.223724	-26.456456	-47.031453	0.812213	continued:5	6956197072046702606198140491235237074076225510325448213684489527	117135910148080611475178551	-1,0,-10,-1,-1,-10	10,-2,-3,-1,6	ok
-1.222723	-26.456456	-47.564242	0.810295	continued:5	237081266739039527	15587716	-1,0,-10,-1,-1,1	10,-2,2,-1,-1	ok
-1.221722	-26.456456	-48.058308	0.809046	continued:5	171658779848864	7035176821422961	-1,0,-10,-1,2	10,-2,1,9	ok
-1.220721	-26.456456	-48.507964	0.808672	continued:5	22787424562002218032671941743139	5985050933416	-1,0,-10,-1,9	10,-2,1,-5,-1	ok
-1.219720	-26.456456	-48.907521	0.808505	full	109461200626696453135112257793390	5308891	-1,0,-10,0,-10	10,-2,1,-1,-1	ok
-1.218719	-26.456456	-45.899717	0.816857	continued:5	22787424562002218032671941743139	108614339934120943500802703112460	-1,0,-10,-1,9	10,-2,-1,0,-10	ok
-1.217718	-26.456456	-46.491440	0.814064	continued:5	628264341122832550990889	120188783214535	-1,0,-10,-1,5	10,-2,-1,1,2	ok
-1.216717	-26.456456	-47.053619	0.811398	continued:5	101604387041145	177043070796782771994273671714260	-1,-1,-10,4,1	10,-2,-1,3,-10	ok
-1.215716	-26.456456	-47.584579	0.809480	continued:5	3468556568379098589255	16682878386649300	-1,-1,9,-10,3	10,-2,-1,-9,-1	ok
-1.214715	-26.456456	-48.076567	0.808231	continued:5	3955207325801452913825874284409	6722621517343480	-1,-1,9,9,8	10,-2,-1,9	ok
-1.213714	-26.456456	-48.523984	0.807857	continued:5	137833199834409	165738981673085815	-1,-1,9,-2,-1,-1	10,-2,-1,9,1	ok
-1.212713	-26.456456	-48.921234	0.807690	full	84480577428710768752085198783652	20417228489657605	-1,-1,-9,8,9	10,-2,-1,6,-2	ok
-1.211712	-26.456456	-45.924312	0.816037	continued:5	4883324659853221032792890241420	4840001848135514162098318552990	-1,-1,-7,-1,-8,-1	10,-2,-1,-2,-9	ok
-1.210711	-26.456456	-46.514917	0.813243	continued:5	99626289592324720387740533087652	2960941	-1,-1,6,9,9	10,-2,-1,-1,-1	ok
-1.209710	-26.456456	-47.075633	0.810578	continued:5	452096137165468750252066680384825	42004473721960	-1,-1,4,9,-10	10,-2,-1,-1,2	ok
-1.208709	-26.456456	-47.604809	0.808660	continued:5	84067493215007886275120682834009	131821	-1,-1,3,8,9	10,2,1,1	ok
-1.207708	-26.456456	-48.094762	0.807410	continued:5	129442505679248937842878910127	1236643105426	-1,-1,2,-10,7	10,2,1,5	ok
-1.206707	-26.456456	-48.539982	0.807037	continued:5	7633168603324849841125008123380903944502	7037003902501906	-1,-1,2,-2,2,-4	10,2,1,9	ok
-1.205706	-26.456456	-48.934964	0.806869	full	41847567293259	79123748060872771	-1,-1,-2,-2,-1,-1	10,2,1,-10,-1	ok
-1.204705	-26.456456	-45.944696	0.815089	continued:5	99192366035350385033640222477252	9629446	-1,-1,1,9,9	10,2,-2,-1,-1	ok
-1.203704	-26.456456	-46.535823	0.812295	continued:5	99192366035350385033640222477252	7700672127566608	-1,-1,1,9,9	10,2,2,9	ok
-1.202703	-26.456456	-47.096504	0.809630	continued:5	719106886620575481507427377	15001483	-1,-1,1,8,2,-2	10,2,3,-2	ok
-1.201702	-26.456456	-47.625142	0.807840	continued:5	8231363083591553298137535842609788938583222759062186351801533652	232104265	-1,-1,1,3,1,-10	10,2,4,2	ok
-1.200701	-26.456456	-48.113024	0.806590	continued:5	56232117673280639708826206995846877	10475792362578733	-1,-1,1,1,-10,1	10,2,-6,9	ok
-1.199700	-26.456456	-48.556019	0.806216	continued:5	438673993329776367778084573665515804496494076383765514305559809	2278557526778008	-1,-1,-1,1,2,9	10,2,7,8	ok
-1.198699	-26.456456	-48.948711	0.806049	full	5695183504492614029263277	2022125858008	-1,-1,-1,-1,-1,-1,-1	10,2,8,-5	ok
-1.197698	-26.456456	-45.969524	0.814266	continued:5	5695183504492614029263277	28929560223687586	-1,-1,-1,-1,-1,-1,-1	10,2,-9,-10	ok
-1.196697	-26.456456	-46.559480	0.811472	continued:5	5695183504492614029263277	2256475411	-1,-1,-1,-1,-1,-1,-1	10,2,-9,-1,-1	ok
-1.195696	-26.456456	-47.118650	0.808807	continued:5	5695183504492614029263277	785948919361	-1,-1,-1,-1,-1,-1,-1	10,2,9,4	ok
-1.194695	-26.456456	-47.645464	0.807016	continued:5	5695183504492614029263277	14091065477621476	-1,-1,-1,-1,-1,-1,-1	10,2,9,9	ok
-1.193694	-26.456456	-48.131282	0.805767	continued:5	3374961778890	14091065477621476	-1,-1,-1,-1,-1,-1	10,2,9,9	ok
-1.192693	-26.456456	-48.572060	0.805393	continued:5	85066163776175891408264342672087111289031191974878471184	14091065477621476	-1,-1,-1,-1,1,7	10,2,9,9	ok
-1.191692	-26.456456	-48.962476	0.805226	full	13043478353274933956010418527	30048077309737015	-1,-1,-1,1,7	10,2,9,-10	ok
-1.190691	-26.456456	-45.989516	0.813370	continued:5	29620060544495055700111739568777	30048077309737015	-1,-1,1,2,9	10,2,9,-10	ok
-1.189690	-26.456456	-46.579464	0.810576	continued:5	7064610147970683016527	30048077309737015	-1,-1,1,3,4	10,2,9,-10	ok
-1.188689	-26.456456	-47.138148	0.807911	continued:5	52092510448097655798135407127	14687844068461858	-1,-1,1,-8,1,2	10,2,-10,9	ok
-1.187688	-26.456456	-47.664049	0.805993	continued:5	20415691998661889371675523434452	8994505825165	-1,-1,1,9,-9	10,2,-10,5	ok
-1.186687	-26.456456	-48.149716	0.804950	continued:5	451117250763172875507920125224645	6776866390	-1,1,1,9,-10	10,2,-10,2	ok
-1.185686	-26.456456	-48.588191	0.804576	continued:5	335356877589473745	842900191	-1,1,1,-10,1	10,2,-10,1	ok
-1.184685	-26.456456	-48.976257	0.804409	full	30617359695	842900191	-1,1,-2,-2,1	10,2,-10,1	ok
-1.183684	-26.456456	-46.014862	0.812548	continued:5	91336237397234285620928314215014	49127782361795	-1,1,2,-9,9	10,-3,-10,2,-2	ok
-1.182683	-26.456456	-46.603523	0.809754	continued:5	451443342415442808521102968442255	14094141625406591	-1,1,2,9,-10	10,-3,9,9	ok
-1.181682	-26.456456	-47.160593	0.807089	continued:5	24772558279881081974609973589740	206400383	-1,1,-3,1,9	10,-3,-8,1	ok
-1.180681	-26.456456	-47.684581	0.805171	continued:5	487202710932435299420266919176905	8420661305548361	-1,1,3,-10,-10	10,-3,3,9	ok
-1.179680	-26.456456	-48.168109	0.804128	continued:5	452096144539595407023580797087600	4846170646951972131962466069433	-1,1,4,9,-10	10,-3,-2,-2,-9	ok
-1.178679	-26.456456	-48.604310	0.803754	continued:5	2772860619887205770	7038831339451781	-1,1,5,-10,-2	10,-3,1,9	ok
-1.177678	-26.456456	-48.990057	0.803587	full	24875659665047092332896051327405	451986733010456	-1,1,-7,1,9	10,-3,1,-8	ok
-1.176677	-26.456456	-46.040535	0.811727	continued:5	317567440580	1188422214805366	-1,1,8,-2,1	10,-3,1,8	ok
-1.175676	-26.456456	-46.627833	0.808934	continued:5	99800325904498194399784960556780	7038831339451781	-1,1,8,9,9	10,-3,1,9	ok
-1.174675	-26.456456	-47.183224	0.806268	continued:5	505169157979682910	7364176560130931	-1,1,-9,-10,1	10,-3,-2,9	ok
-1.173674	-26.456456	-47.705243	0.804350	continued:5	4422039503566469569104938062725	7704582958698271	-1,1,-9,1,-9	10,3,2,9	ok
-1.172673	-26.456456	-48.186586	0.803308	continued:5	5970707235731337742694973871949	4794136	-1,1,9,-3,-9	10,3,-4,1	ok
-1.171672	-26.456456	-48.620475	0.802934	continued:5	389750187626857374917947551452484	461973586	-1,1,9,8,-10	10,3,7,-2	ok
-1.170671	-26.456456	-49.003873	0.802767	full	99887442587409699406935378591885	27857946754037276	-1,1,9,9,9	10,3,8,-10	ok
-1.169670	-26.456456	-46.066475	0.810907	continued:5	453731764851521277503956374487455	65410008875	-1,1,9,9,-10	10,3,9,3	ok
-1.168669	-26.456456	-46.652351	0.808114	continued:5	453731764851521277503956374487455	14097218276836025	-1,1,9,9,-10	10,3,9,9	ok
-1.167668	-26.456456	-47.206007	0.805448	continued:5	22561206473581045629502542309014	30058934544193220	-1,1,9,-10,-9	10,3,9,-10	ok
-1.166667	-26.456456	-47.726010	0.803530	continued:5	3468590562171114033065	30058934544193220	-1,1,9,-10,3	10,3,9,-10	ok
-1.165666	-26.456456	-48.205130	0.802488	continued:5	3288231486093970415	31215472167642155	-1,1,9,-10,-2	10,3,-10,-10	ok
-1.164665	-26.456456	-48.636679	0.802114	continued:5	518779784779614539	2947173556473206	-1,1,9,-10,1	10,3,-10,8	ok
-1.163664	-26.456456	-49.017707	0.801947	full	3358205686577862119	22940927080	-1,1,-10,-10,-2	10,3,-10,-3	ok
-1.162663	-26.456456	-46.088061	0.809959	continued:5	99931025876078565018040904032724	866590876	-1,1,-10,9,9	10,3,-10,1	ok
-1.161662	-26.456456	-46.674192	0.807165	continued:5	17469228914675186295847623269	30064364264674180	-1,1,-10,9,-7	10,-4,9,-10	ok
-1.160661	-26.456456	-47.227572	0.804500	continued:5	3226107007755115529142909075614	27863075477720365	-1,1,-10,8,8	10,-4,8,-10	ok
-1.159660	-26.456456	-47.746827	0.802709	continued:5	50683585378597777513182235458134	8058679307175700	-1,1,-10,5,9	10,-4,-3,9	ok
-1.158659	-26.456456	-48.223707	0.801667	continued:5	395654147308333604	16022575661727790	-1,1,-10,3,-3	10,-4,1,-10	ok
-1.157658	-26.456456	-48.652905	0.801293	continued:5	5409915667926290608327264017299	16689861408851500	-1,1,-10,2,-9	10,-4,-2,-10	ok
-1.156657	-26.456456	-49.031558	0.801126	full	55923201843921830	17384976545276915	-1,1,-10,-2,-3	10,4,2,-10	ok
-1.155656	-26.456456	-46.114718	0.809142	continued:5	139976640826315202616357920909330	15511681025	-1,1,-10,-2,-10	10,4,-6,3	ok
-1.154655	-26.456456	-46.699263	0.806349	continued:5	84555878354782553859502207921154	13527569859894791	-1,-2,-10,8,9	10,4,-9,9	ok
-1.153654	-26.456456	-47.250764	0.803683	continued:5	4376669278478444781281398624127	14103373090847741	-1,-2,9,-10,8	10,4,9,9	ok
-1.152653	-26.456456	-47.767879	0.801893	continued:5	5292461740160515402859	30069794720745620	-1,-2,9,-7,-4	10,4,9,-10	ok
-1.151652	-26.456456	-48.242433	0.800850	continued:5	35647859363706301535622471991229	30069794720745620	-1,-2,8,3,9	10,4,9,-10	ok
-1.150651	-26.456456	-48.669207	0.800477	continued:5	487726006459289445621087599217074	6699694919061491	-1,-2,-5,-10,-10	10,4,-10,-9	ok
-1.149650	-26.456456	-49.045427	0.800309	full	84030032070639471073185311004764	23222172275	-1,-2,-3,8,9	10,4,-10,-3	ok
-1.148649	-26.456456	-46.136165	0.808110	continued:5	5695183504485864105705494	1251251087887600	-1,-2,-2,-2,-2,-2	10,-5,-10,-8	ok
-1.147648	-26.456456	-46.721752	0.805316	continued:5	5695183504485864105705494	12975362545991308	-1,-2,-2,-2,-2,-2	10,-5,8,9	ok
-1.146647	-26.456456	-47.273643	0.802857	continued:5	29635107564860443129410559631627	7710451998284758	-1,-2,-2,2,9	10,-5,2,9	ok
-1.145646	-26.456456	-47.788711	0.801067	continued:5	451443349781582236241750586993839	513923098430800	-1,-2,2,9,-10	10,-5,2,-8	ok
-1.144645	-26.456456	-48.261024	0.800025	continued:5	12887651021914632471364270259	20417227075130008	-1,-2,3,8,-7	10,5,4,-10	ok
-1.143644	-26.456456	-48.685454	0.799651	continued:5	151181263531754679893432414921775	6115697738206960	-1,2,-5,2,-10	10,5,-9,-9	ok
-1.142643	-26.456456	-49.059312	0.799483	full	3347821813601375049744	14109529920096436	-1,2,7,-10,3	10,5,9,9	ok
-1.141642	-26.456456	-46.162927	0.807289	continued:5	29846443305285148737882508693794	30080657839925683	-1,2,-9,2,9	10,5,9,-10	ok
-1.140641	-26.456456	-46.746899	0.804496	continued:5	3577187563029338895	14706891872247136	-1,2,9,-8,2	10,5,-10,9	ok
-1.139640	-26.456456	-47.296887	0.802037	continued:5	453731779639774622956390232093919	916450172761	-1,2,9,9,-10	10,5,-10,4	ok
-1.138639	-26.456456	-47.809797	0.800246	continued:5	108520552780899298375744137471489	2951932817584016	-1,2,9,-10,9	10,-6,-10,8	ok
-1.137638	-26.456456	-48.279775	0.799204	continued:5	39743613280158549814800	12981146242389371	-1,2,9,-10,-4	10,-6,8,9	ok
-1.136637	-26.456456	-48.701782	0.798830	continued:5	28838064332602370439	17395781377388075	-1,2,9,-10,2	10,-6,2,-10	ok
-1.135636	-26.456456	-49.073215	0.798663	full	453895626095720460854277420546980	8433211891772186	-1,2,-10,9,-10	10,-6,3,9	ok
-1.134635	-26.456456	-46.188308	0.806547	continued:5	389893642959094546303461589056764	12984038815584433	-1,2,-10,8,-10	10,6,8,9	ok
-1.133634	-26.456456	-46.770005	0.803753	continued:5	781998681033434219182100	14115688765021970	-1,2,-10,6,-5	10,6,9,9	ok
-1.132633	-26.456456	-47.317538	0.801088	continued:5	6593831204506913635374552056324	30091523902264925	-1,2,-10,3,-9	10,6,9,-10	ok
-1.131632	-26.456456	-47.829704	0.799297	continued:5	389893649558382992263912880534324	14713245255393808	-1,-3,-10,8,-10	10,6,-10,9	ok
-1.130631	-26.456456	-48.298572	0.798383	continued:5	453731787033901431241217274562527	2952885361112558	-1,-3,9,9,-10	10,6,-10,8	ok
-1.129630	-26.456456	-48.718138	0.798009	continued:5	453076918610849505162814118591277	81108815683	-1,-3,7,9,-10	10,6,-10,3	ok
-1.128629	-26.456456	-49.087135	0.797842	full	99365746066005116861948219454252	30096958037285350	-1,-3,3,9,9	10,-7,9,-10	ok
-1.127628	-26.456456	-46.210788	0.805519	continued:5	35488975713782580667307775704624	25833369978436435	-1,-3,-4,3,9	10,-7,7,-10	ok
-1.126627	-26.456456	-46.793291	0.802725	continued:5	1543175926004630817902	3624812821392991	-1,3,6,-9,3	10,-7,3,-9	ok
-1.125626	-26.456456	-47.341004	0.800266	continued:5	3952625808690140179305985777502	1661586085091221	-1,3,-9,9,8	10,-7,4,8	ok
-1.124625	-26.456456	-47.850943	0.798476	continued:5	453731794428028329898452041295650	5845602151943108	-1,3,9,9,-10	10,7,8,-9	ok
-1.123624	-26.456456	-48.317422	0.797561	continued:5	131268562796548426380865269860	14121849626064251	-1,3,9,-10,7	10,7,9,9	ok
-1.122623	-26.456456	-48.734527	0.797187	continued:5	108567419789524421923466969217377	30102392908294910	-1,3,-10,-10,9	10,7,9,-10	ok
-1.121622	-26.456456	-49.101072	0.797020	full	251666927788228990357385	30102392908294910	-1,3,-10,-9,4	10,7,9,-10	ok
-1.120621	-26.456456	-46.238171	0.804697	continued:5	542551428995734489655	31260178453672385	-1,3,-10,-4,-4	10,7,-10,-10	ok
-1.119620	-26.456456	-46.818914	0.801904	continued:5	436527283835688681348900	14719600696890383	-1,-4,9,-10,4	10,7,-10,9	ok
-1.118619	-26.456456	-47.364594	0.799445	continued:5	2615633826571588912492610125620	2954791139773508	-1,-4,-8,7,8	10,7,-10,8	ok
-1.117618	-26.456456	-47.872268	0.797655	continued:5	72665807767560700602525	9118629965285	-1,-4,-4,-7,4	10,7,-10,5	ok
-1.116617	-26.456456	-48.336327	0.796740	continued:5	488948963226723013571472056098034	200119647889151	-1,4,8,-10,-10	10,-8,-10,-7	ok
-1.115616	-26.456456	-48.750947	0.796366	continued:5	489298860729062182756188733603752	30107828515360058	-1,4,9,-10,-10	10,-8,9,-10	ok
-1.114615	-26.456456	-49.115027	0.796199	full	436528561145353529386877	702155753146	-1,4,9,-10,4	10,-8,-9,4	ok
-1.113614	-26.456456	-46.265775	0.803876	continued:5	389893669356248832789360437397749	11940841643620486	-1,4,-10,8,-10	10,-8,7,9	ok
-1.112613	-26.456456	-46.844704	0.801082	continued:5	46465242841088815406889695923034	826399750058	-1,4,-10,-5,9	10,-8,-5,-5	ok
-1.111612	-26.456456	-47.388305	0.798623	continued:5	41802355172651988581079110	266246907404858	-1,-5,8,-10,5	10,-8,-5,7	ok
-1.110611	-26.456456	-47.893675	0.796833	continued:5	452586339701029810969019475526370	5081621058488851	-1,-5,-6,9,-10	10,-8,-7,-9	ok
-1.109610	-26.456456	-48.355286	0.795918	continued:5	14109526728376002	12995613942928156	-1,5,9,9	10,8,8,9	ok
-1.108609	-26.456456	-48.767400	0.795544	continued:5	360593315244501541130856402	22320188845165	-1,5,9,-10,-6	10,8,-9,-6	ok
-1.107608	-26.456456	-49.128998	0.795377	full	6703215744873584	14128012335567951	-1,5,-10,-9	-10,8,9,9	ok
-1.106607	-26.456456	-46.290715	0.802926	continued:5	22561213480898468027344316710295	30113264613136311	-1,-6,9,-10,-9	-10,8,9,-10	ok
-1.105606	-26.456456	-46.869330	0.800133	continued:5	130744651601966109358590225027	30113264613136311	-1,-6,7,-10,7	-10,8,9,-10	ok
-1.104605	-26.456456	-47.412141	0.797802	continued:5	12984035753808020	30113264613136311	-1,6,8,9	-10,8,9,-10	ok
-1.103604	-26.456456	-47.915169	0.796012	continued:5	30091519241140769	30113264613136311	-1,6,9,-10	-10,8,9,-10	ok
-1.102603	-26.456456	-48.374300	0.795097	continued:5	453895685264757232456585920162770	30113264613136311	-1,6,-10,9,-10	-10,8,9,-10	ok
-1.101602	-26.456456	-48.783885	0.794723	continued:5	2952883900981520	31271362274526876	-1,6,-10,8	-10,8,-10,-10	ok
-1.100601	-26.456456	-49.142987	0.794556	full	20099996943584268897595468152	14725958025565796	-1,-7,9,-10,-7	-10,8,-10,9	ok
-1.099600	-26.456456	-46.314598	0.802154	continued:5	11935406268907109	14725958025565796	-1,-7,7,9	-10,8,-10,9	ok
-1.098599	-26.456456	-46.891254	0.799360	continued:5	12986928810064484	14725958025565796	-1,-7,8,9	-10,8,-10,9	ok
-1.097598	-26.456456	-47.431894	0.796901	continued:5	14121846432950699	14725958025565796	-1,7,9,9	-10,8,-10,9	ok
-1.096597	-26.456456	-47.933728	0.795111	continued:5	30102388246329035	6713795243513921	-1,7,9,-10	-10,8,-10,-9	ok
-1.095596	-26.456456	-48.391393	0.794068	continued:5	14719597436897990	6713795243513921	-1,7,-10,9	-10,8,-10,-9	ok
-1.094595	-26.456456	-48.800401	0.793901	continued:5	14719597436897990	2956697763922296	-1,7,-10,9	-10,8,-10,8	ok
-1.093594	-26.456456	-49.156992	0.793734	full	2954789679171365	2956697763922296	-1,7,-10,8	-10,8,-10,8	ok
-1.092593	-26.456456	-46.339982	0.801204	continued:5	4376672009509474054813393206752	2956697763922296	-1,-8,9,-10,8	-10,8,-10,8	ok
-1.091592	-26.456456	-46.916219	0.798411	continued:5	14124927619304777	1254756992203706	-1,-8,9,9	-10,8,-10,-8	ok
-1.090591	-26.456456	-47.455977	0.796080	continued:5	12992716373000252	6715559362269437	-1,-8,8,9	-10,-9,-10,-9	ok
-1.089590	-26.456456	-47.955391	0.794289	continued:5	12992716373000252	14729137547879627	-1,-8,8,9	-10,-9,-10,9	ok
-1.088589	-26.456456	-48.410516	0.793247	continued:5	6123923398635044	30118701692489852	-1,-8,-9,-9	-10,-9,9,-10	ok
-1.087588	-26.456456	-48.816951	0.793080	continued:5	14128009309853010	30118701692489852	-1,8,9,9	-10,-9,9,-10	ok
-1.086587	-26.456456	-49.171015	0.792913	full	30113260195739580	30118701692489852	-1,8,9,-10	-10,-9,9,-10	ok
-1.085586	-26.456456	-45.754125	0.802980	continued:5	453895714849277787587201422653827	30118701692489852	-1,8,-10,9,-10	-10,-9,9,-10	ok
-1.084585	-26.456456	-46.368154	0.800186	continued:5	30113260195739580	14131094530695371	-1,8,9,-10	-10,-9,9,9	ok
-1.083584	-26.456456	-46.943311	0.797393	continued:5	108567445086125226795183654314502	14131094530695371	-1,8,-10,-10,9	-10,-9,9,9	ok
-1.082583	-26.456456	-47.481560	0.794934	continued:5	453895714849277787587201422653827	6127218819477947	-1,8,-10,9,-10	-10,-9,-9,-9	ok
-1.081582	-26.456456	-47.980251	0.793350	continued:5	14725954936485077	2671965054846936	-1,8,-10,9	-10,-9,-9,8	ok
-1.080581	-26.456456	-48.432436	0.792308	continued:5	14725954936485077	13554438237991226	-1,8,-10,9	-10,-9,-9,9	ok
-1.079580	-26.456456	-48.835904	0.792141	continued:5	14725954936485077	28998204126122376	-1,8,-10,9	-10,-9,-9,-10	ok
-1.078579	-26.456456	-49.187061	0.791973	full	14725954936485077	27914401437173396	-1,8,-10,9	-10,-9,8,-10	ok
-1.077578	-26.456456	-45.786098	0.802004	continued:5	453895722245408152341682156779815	27914401437173396	-1,-9,-10,9,-10	-10,-9,8,-10	ok
-1.076577	-26.456456	-46.398671	0.799211	continued:5	6713793157719452	27914401437173396	-1,8,-10,-9	-10,-9,8,-10	ok
-1.075576	-26.456456	-46.972040	0.796418	continued:5	91942415653868499617318252789204	28998204126122376	-1,-9,-10,-9,9	-10,-9,-9,-10	ok
-1.074575	-26.456456	-47.508165	0.793959	continued:5	453895722245408152341682156779815	13554438237991226	-1,-9,-10,9,-10	-10,-9,-9,9	ok
-1.073574	-26.456456	-48.004458	0.792375	continued:5	30118697274694349	13554438237991226	-1,-9,9,-10	-10,-9,-9,9	ok
-1.072573	-26.456456	-48.454068	0.791460	continued:5	30118697274694349	6127218819477947	-1,-9,9,-10	-10,-9,-9,-9	ok
-1.071572	-26.456456	-48.853821	0.791086	continued:5	30118697274694349	6127218819477947	-1,-9,9,-10	-10,-9,-9,-9	ok
-1.070571	-26.456456	-49.203130	0.790919	full	30118697274694349	13554438237991226	-1,-9,9,-10	-10,-9,-9,9	ok
-1.069570	-26.456456	-45.820952	0.800984	continued:5	6127216826882384	14131094530695371	-1,-9,-9,-9	-10,-9,9,9	ok
-1.068569	-26.456456	-46.432180	0.798190	continued:5	14131091504650400	14131094530695371	-1,-9,9,9	-10,-9,9,9	ok
-1.067568	-26.456456	-47.003838	0.795397	continued:5	13554435274332185	14134177230126971	-1,-9,-9,9	-10,9,9,9	ok
-1.066567	-26.456456	-47.537878	0.793066	continued:5	6127216826882384	14134177230126971	-1,-9,-9,-9	-10,9,9,9	ok
-1.065566	-26.456456	-48.030640	0.791482	continued:5	6127216826882384	30124139508098357	-1,-9,-9,-9	-10,9,9,-10	ok
-1.064565	-26.456456	-48.476696	0.790440	continued:5	6127216826882384	30124139508098357	-1,-9,-9,-9	-10,9,9,-10	ok
-1.063564	-26.456456	-48.874029	0.790272	continued:5	6127216826882384	30124139508098357	-1,-9,-9,-9	-10,9,9,-10	ok
-1.062563	-26.456456	-49.219220	0.789771	full	13554435274332185	30124139508098357	-1,-9,-9,9	-10,9,9,-10	ok
-1.061562	-26.456456	-45.852457	0.800040	continued:5	14131091504650400	30124139508098357	-1,-9,9,9	-10,9,9,-10	ok
-1.060561	-26.456456	-46.461877	0.797247	continued:5	14131091504650400	30124139508098357	-1,-9,9,9	-10,9,9,-10	ok
-1.059560	-26.456456	-47.031448	0.794453	continued:5	14131091504650400	30124139508098357	-1,-9,9,9	-10,9,9,-10	ok
-1.058559	-26.456456	-47.563120	0.791994	continued:5	14131091504650400	30124139508098357	-1,-9,9,9	-10,9,9,-10	ok
-1.057558	-26.456456	-48.054436	0.790411	continued:5	30124135089904064	30124139508098357	-1,9,9,-10	-10,9,9,-10	ok
-1.056557	-26.456456	-48.498740	0.789496	continued:5	30124135089904064	30124139508098357	-1,9,9,-10	-10,9,9,-10	ok
-1.055556	-26.456456	-48.893066	0.789329	continued:5	30124135089904064	30124139508098357	-1,9,9,-10	-10,9,9,-10	ok
-1.054555	-26.456456	-49.235333	0.788621	full	30124135089904064	30124139508098357	-1,9,9,-10	-10,9,9,-10	ok
-1.053554	-26.456456	-45.887276	0.799016	continued:5	30124135089904064	30124139508098357	-1,9,9,-10	-10,9,9,-10	ok
-1.052553	-26.456456	-46.495307	0.796222	continued:5	30124135089904064	30124139508098357	-1,9,9,-10	-10,9,9,-10	ok
-1.051552	-26.456456	-47.063124	0.793429	continued:5	30124135089904064	30124139508098357	-1,9,9,-10	-10,9,9,-10	ok
-1.050551	-26.456456	-47.592677	0.791098	continued:5	30124135089904064	30124139508098357	-1,9,9,-10	-10,9,9,-10	ok
-1.049550	-26.456456	-48.080443	0.789514	continued:5	30124135089904064	30124139508098357	-1,9,9,-10	-10,9,9,-10	ok
-1.048549	-26.456456	-48.521191	0.788678	continued:5	30124135089904064	30124139508098357	-1,9,9,-10	-10,9,9,-10	ok
-1.047548	-26.456456	-48.911387	0.788304	continued:5	30124135089904064	30124139508098357	-1,9,9,-10	-10,9,9,-10	ok
-1.046547	-26.456456	-49.251467	0.787468	full	30124135089904064	30124139508098357	-1,9,9,-10	-10,9,9,-10	ok
-1.045546	-26.456456	-45.920133	0.797989	continued:5	30124135089904064	30124139508098357	-1,9,9,-10	-10,9,9,-10	ok
-1.044545	-26.456456	-46.526968	0.795196	continued:5	30124135089904064	31282549346268347	-1,9,9,-10	-10,9,-10,-10	ok
-1.043544	-26.456456	-47.093200	0.792403	continued:5	30124135089904064	31282549346268347	-1,9,9,-10	-10,9,-10,-10	ok
-1.042543	-26.456456	-47.620792	0.790150	continued:5	30124135089904064	31282549346268347	-1,9,9,-10	-10,9,-10,-10	ok
-1.041542	-26.456456	-48.105598	0.788567	continued:5	30124135089904064	31282549346268347	-1,9,9,-10	-10,9,-10,-10	ok
-1.040541	-26.456456	-48.543304	0.787731	continued:5	30124135089904064	31282549346268347	-1,9,9,-10	-10,9,-10,-10	ok
-1.039540	-26.456456	-48.930472	0.787357	continued:5	108567450145445918247420788024204	31282549346268347	-1,9,-10,-10,9	-10,9,-10,-10	ok
-1.038539	-26.456456	-49.267623	0.786314	full	108567450145445918247420788024204	31282549346268347	-1,9,-10,-10,9	-10,9,-10,-10	ok
-1.037538	-26.456456	-45.952455	0.796991	continued:5	108567450145445918247420788024204	31282549346268347	-1,9,-10,-10,9	-10,9,-10,-10	ok
-1.036537	-26.456456	-46.557825	0.794198	continued:5	108567450145445918247420788024204	31282549346268347	-1,9,-10,-10,9	-10,9,-10,-10	ok
-1.035536	-26.456456	-47.122244	0.791405	continued:5	108567450145445918247420788024204	31282549346268347	-1,9,-10,-10,9	-10,9,-10,-10	ok
-1.034535	-26.456456	-47.647694	0.789073	continued:5	108567450145445918247420788024204	31282549346268347	-1,9,-10,-10,9	-10,9,-10,-10	ok
-1.033534	-26.456456	-48.130804	0.787617	continued:5	489473969894105793290234580880619	31282549346268347	-1,9,-10,-10,-10	-10,9,-10,-10	ok
-1.032533	-26.456456	-48.565450	0.786782	continued:5	489473969894105793290234580880619	31282549346268347	-1,9,-10,-10,-10	-10,9,-10,-10	ok
-1.031532	-26.456456	-48.949582	0.786408	continued:5	489473969894105793290234580880619	31282549346268347	-1,9,-10,-10,-10	-10,9,-10,-10	ok
-1.030531	-26.456456	-49.283801	0.785159	full	489473969894105793290234580880619	31282549346268347	-1,9,-10,-10,-10	-10,9,-10,-10	ok
-1.029530	-26.456456	-45.983659	0.795961	continued:5	489473969894105793290234580880619	31282549346268347	-1,9,-10,-10,-10	-10,9,-10,-10	ok
-1.028529	-26.456456	-46.587972	0.793168	continued:5	489473969894105793290234580880619	31282549346268347	-1,9,-10,-10,-10	-10,9,-10,-10	ok
-1.027528	-26.456456	-47.150927	0.790375	continued:5	489473969894105793290234580880619	31282549346268347	-1,9,-10,-10,-10	-10,9,-10,-10	ok
-1.026527	-26.456456	-47.674535	0.788122	continued:5	489473969894105793290234580880619	14732317585058792	-1,9,-10,-10,-10	-10,9,-10,9	ok
-1.025526	-26.456456	-48.154805	0.786539	continued:5	489473969894105793290234580880619	14732317585058792	-1,9,-10,-10,-10	-10,9,-10,9	ok
-1.024525	-26.456456	-48.587631	0.785831	continued:5	489473969894105793290234580880619	14732317585058792	-1,9,-10,-10,-10	-10,9,-10,9	ok
-1.023524	-26.456456	-48.968716	0.785457	continued:5	453895729641538607484895107171494	14732317585058792	-1,9,-10,9,-10	-10,9,-10,9	ok
-1.022523	-26.456456	-49.300000	0.784001	full	453895729641538607484895107171494	14732317585058792	-1,9,-10,9,-10	-10,9,-10,9	ok
-1.021522	-26.456456	-46.020878	0.795009	continued:5	453895729641538607484895107171494	14732317585058792	-1,9,-10,9,-10	-10,9,-10,9	ok
-1.020521	-26.456456	-46.622632	0.792215	continued:5	453895729641538607484895107171494	14732317585058792	-1,9,-10,9,-10	-10,9,-10,9	ok
-1.019520	-26.456456	-47.182826	0.789422	continued:5	453895729641538607484895107171494	14732317585058792	-1,9,-10,9,-10	-10,9,-10,9	ok
-1.018519	-26.456456	-47.703464	0.787091	continued:5	453895729641538607484895107171494	14732317585058792	-1,9,-10,9,-10	-10,9,-10,9	ok
-1.017518	-26.456456	-48.181322	0.785635	continued:5	453895729641538607484895107171494	14732317585058792	-1,9,-10,9,-10	-10,9,-10,9	ok
-1.016517	-26.456456	-48.610477	0.784799	continued:5	453895729641538607484895107171494	14732317585058792	-1,9,-10,9,-10	-10,9,-10,9	ok
-1.015516	-26.456456	-48.989079	0.784632	continued:5	453895729641538607484895107171494	14732317585058792	-1,9,-10,9,-10	-10,9,-10,9	ok
-1.014515	-26.456456	-49.316221	0.782841	full	453895729641538607484895107171494	14732317585058792	-1,9,-10,9,-10	-10,9,-10,9	ok
-1.013514	-26.456456	-46.295924	0.792973	continued:5	453895729641538607484895107171494	14732317585058792	-1,9,-10,9,-10	-10,9,-10,9	ok
-1.012513	-26.456456	-46.878862	0.790179	continued:5	453895729641538607484895107171494	14732317585058792	-1,9,-10,9,-10	-10,9,-10,9	ok
-1.011512	-26.456456	-47.420999	0.787514	continued:5	453895729641538607484895107171494	14732317585058792	-1,9,-10,9,-10	-10,9,-10,9	ok
-1.010511	-26.456456	-47.922601	0.785596	continued:5	453895729641538607484895107171494	14732317585058792	-1,9,-10,9,-10	-10,9,-10,9	ok
-1.009510	-26.456456	-48.378194	0.784219	continued:5	453895729641538607484895107171494	14732317585058792	-1,9,-10,9,-10	-10,9,-10,9	ok
-1.008509	-26.456456	-48.785658	0.783717	continued:5	453895729641538607484895107171494	14732317585058792	-1,9,-10,9,-10	-10,9,-10,9	ok
-1.007508	-26.456456	-49.141390	0.784553	full	453895729641538607484895107171494	14732317585058792	-1,9,-10,9,-10	-10,9,-10,9	ok
-1.006507	-26.456456	-46.322076	0.792028	continued:5	453895729641538607484895107171494	14732317585058792	-1,9,-10,9,-10	-10,9,-10,9	ok
-1.005506	-26.456456	-46.904366	0.789235	continued:5	453895729641538607484895107171494	14732317585058792	-1,9,-10,9,-10	-10,9,-10,9	ok
-1.004505	-26.456456	-47.445440	0.786569	continued:5	453895729641538607484895107171494	14732317585058792	-1,9,-10,9,-10	-10,9,-10,9	ok
-1.003504	-26.456456	-47.945626	0.784779	continued:5	453895729641538607484895107171494	14732317585058792	-1,9,-10,9,-10	-10,9,-10,9	ok
-1.002503	-26.456456	-48.398426	0.783530	continued:5	453895729641538607484895107171494	14732317585058792	-1,9,-10,9,-10	-10,9,-10,9	ok
-1.001502	-26.456456	-48.802034	0.782821	continued:5	453895729641538607484895107171494	14732317585058792	-1,9,-10,9,-10	-10,9,-10,9	ok
-1.000501	-26.456456	-49.155883	0.783530	full	453895729641538607484895107171494	14732317585058792	-1,9,-10,9,-10	-10,9,-10,9	ok
-0.999499	-26.456456	-46.349407	0.791131	continued:5	453895729641538607484895107171494	14732317585058792	-1,9,-10,9,-10	-10,9,-10,9	ok
-0.998498	-26.456456	-46.930416	0.788337	continued:5	453895729641538607484895107171494	14732317585058792	-1,9,-10,9,-10	-10,9,-10,9	ok
-0.997497	-26.456456	-47.469887	0.785672	continued:5	453895729641538607484895107171494	14732317585058792	-1,9,-10,9,-10	-10,9,-10,9	ok
-0.996496	-26.456456	-47.968201	0.783881	continued:5	453895729641538607484895107171494	14732317585058792	-1,9,-10,9,-10	-10,9,-10,9	ok
-0.995495	-26.456456	-48.418944	0.782632	continued:5	453895729641538607484895107171494	14732317585058792	-1,9,-10,9,-10	-10,9,-10,9	ok
-0.994494	-26.456456	-48.820404	0.782131	continued:5	453895729641538607484895107171494	14732317585058792	-1,9,-10,9,-10	-10,9,-10,9	ok
-0.993493	-26.456456	-49.170394	0.782505	full	453895729641538607484895107171494	14732317585058792	-1,9,-10,9,-10	-10,9,-10,9	ok
-0.992492	-26.456456	-46.379824	0.790311	continued:5	453895729641538607484895107171494	14732317585058792	-1,9,-10,9,-10	-10,9,-10,9	ok
-0.991491	-26.456456	-46.958400	0.787518	continued:5	453895729641538607484895107171494	14732317585058792	-1,9,-10,9,-10	-10,9,-10,9	ok
-0.990490	-26.456456	-47.495280	0.784852	continued:5	453895729641538607484895107171494	14732317585058792	-1,9,-10,9,-10	-10,9,-10,9	ok
-0.989489	-26.456456	-47.990877	0.783062	continued:5	453895729641538607484895107171494	14732317585058792	-1,9,-10,9,-10	-10,9,-10,9	ok
-0.988488	-26.456456	-48.438853	0.781812	continued:5	453895729641538607484895107171494	14732317585058792	-1,9,-10,9,-10	-10,9,-10,9	ok
-0.987487	-26.456456	-48.837574	0.781311	continued:5	453895729641538607484895107171494	14732317585058792	-1,9,-10,9,-10	-10,9,-10,9	ok
-0.986486	-26.456456	-49.184922	0.781478	full	453895729641538607484895107171494	14732317585058792	-1,9,-10,9,-10	-10,9,-10,9	ok
-0.985485	-26.456456	-46.403550	0.789411	continued:5	453895729641538607484895107171494	14732317585058792	-1,9,-10,9,-10	-10,9,-10,9	ok
-0.984484	-26.456456	-46.981229	0.786617	continued:5	453895729641538607484895107171494	14732317585058792	-1,9,-10,9,-10	-10,9,-10,9	ok
-0.983483	-26.456456	-47.516857	0.783952	continued:5	453895729641538607484895107171494	14732317585058792	-1,9,-10,9,-10	-10,9,-10,9	ok
-0.982482	-26.456456	-48.010912	0.782161	continued:5	453895729641538607484895107171494	14732317585058792	-1,9,-10,9,-10	-10,9,-10,9	ok
-0.981481	-26.456456	-48.457144	0.780912	continued:5	453895729641538607484895107171494	14732317585058792	-1,9,-10,9,-10	-10,9,-10,9	ok
-0.980480	-26.456456	-48.854007	0.780411	continued:5	453895729641538607484895107171494	14732317585058792	-1,9,-10,9,-10	-10,9,-10,9	ok
-0.979479	-26.456456	-49.199467	0.780450	full	453895729641538607484895107171494	14732317585058792	-1,9,-10,9,-10	-10,9,-10,9	ok
-0.978478	-26.456456	-46.434480	0.788581	continued:5	453895729641538607484895107171494	14732317585058792	-1,9,-10,9,-10	-10,9,-10,9	ok
-0.977477	-26.456456	-47.009702	0.785787	continued:5	453895729641538607484895107171494	14732317585058792	-1,9,-10,9,-10	-10,9,-10,9	ok
-0.976476	-26.456456	-47.542715	0.783122	continued:5	453895729641538607484895107171494	14732317585058792	-1,9,-10,9,-10	-10,9,-10,9	ok
-0.975475	-26.456456	-48.034037	0.781204	continued:5	453895729641538607484895107171494	14732317585058792	-1,9,-10,9,-10	-10,9,-10,9	ok
-0.974474	-26.456456	-48.478602	0.780161	continued:5	453895729641538607484895107171494	14732317585058792	-1,9,-10,9,-10	-10,9,-10,9	ok
-0.973473	-26.456456	-48.871902	0.779660	continued:5	453895729641538607484895107171494	14732317585058792	-1,9,-10,9,-10	-10,9,-10,9	ok
-0.972472	-26.456456	-49.214028	0.779492	full	453895729641538607484895107171494	14732317585058792	-1,9,-10,9,-10	-10,9,-10,9	ok
-0.971471	-26.456456	-46.459990	0.787544	continued:5	453895729641538607484895107171494	14732317585058792	-1,9,-10,9,-10	-10,9,-10,9	ok
-0.970470	-26.456456	-47.035387	0.784751	continued:5	453895729641538607484895107171494	14732317585058792	-1,9,-10,9,-10	-10,9,-10,9	ok
-0.969469	-26.456456	-47.568030	0.782292	continued:5	453895729641538607484895107171494	14732317585058792	-1,9,-10,9,-10	-10,9,-10,9	ok
-0.968468	-26.456456	-48.056658	0.780374	continued:5	453895729641538607484895107171494	14732317585058792	-1,9,-10,9,-10	-10,9,-10,9	ok
-0.967467	-26.456456	-48.498489	0.779331	continued:5	453895729641538607484895107171494	14732317585058792	-1,9,-10,9,-10	-10,9,-10,9	ok
-0.966466	-26.456456	-48.889089	0.778830	continued:5	453895729641538607484895107171494	14732317585058792	-1,9,-10,9,-10	-10,9,-10,9	ok
-0.965465	-26.456456	-49.228620	0.778663	full	453895729641538607484895107171494	14732317585058792	-1,9,-10,9,-10	-10,9,-10,9	ok
-0.964464	-26.456456	-46.491252	0.786800	continued:5	453895729641538607484895107171494	14732317585058792	-1,9,-10,9,-10	-10,9,-10,9	ok
-0.963463	-26.456456	-47.063243	0.784007	continued:5	453895729641538607484895107171494	14732317585058792	-1,9,-10,9,-10	-10,9,-10,9	ok
-0.962462	-26.456456	-47.592478	0.781341	continued:5	453895729641538607484895107171494	14732317585058792	-1,9,-10,9,-10	-10,9,-10,9	ok
-0.961461	-26.456456	-48.079586	0.779551	continued:5	453895729641538607484895107171494	14732317585058792	-1,9,-10,9,-10	-10,9,-10,9	ok
-0.960460	-26.456456	-48.518559	0.778508	continued:5	453895729641538607484895107171494	14732317585058792	-1,9,-10,9,-10	-10,9,-10,9	ok
-0.959459	-26.456456	-48.906360	0.778007	continued:5	453895729641538607484895107171494	14732317585058792	-1,9,-10,9,-10	-10,9,-10,9	ok
-0.958458	-26.456456	-49.243215	0.777839	full	453895729641538607484895107171494	14732317585058792	-1,9,-10,9,-10	-10,9,-10,9	ok
-0.957457	-26.456456	-46.517611	0.785768	continued:5	453895729641538607484895107171494	14732317585058792	-1,9,-10,9,-10	-10,9,-10,9	ok
-0.956456	-26.456456	-47.089568	0.782974	continued:5	453895729641538607484895107171494	14732317585058792	-1,9,-10,9,-10	-10,9,-10,9	ok
-0.955455	-26.456456	-47.618251	0.780515	continued:5	453895729641538607484895107171494	14732317585058792	-1,9,-10,9,-10	-10,9,-10,9	ok
-0.954454	-26.456456	-48.102516	0.778725	continued:5	453895729641538607484895107171494	14732317585058792	-1,9,-10,9,-10	-10,9,-10,9	ok
-0.953453	-26.456456	-48.538632	0.777683	continued:5	453895729641538607484895107171494	14732317585058792	-1,9,-10,9,-10	-10,9,-10,9	ok
-0.952452	-26.456456	-48.923639	0.777181	continued:5	453895729641538607484895107171494	14732317585058792	-1,9,-10,9,-10	-10,9,-10,9	ok
-0.951451	-26.456456	-49.257827	0.777014	full	453895729641538607484895107171494	14732317585058792	-1,9,-10,9,-10	-10,9,-10,9	ok
-0.950450	-26.456456	-46.548288	0.785022	continued:5	453895729641538607484895107171494	14732317585058792	-1,9,-10,9,-10	-10,9,-10,9	ok
-0.949449	-26.456456	-47.116856	0.782229	continued:5	453895729641538607484895107171494	14732317585058792	-1,9,-10,9,-10	-10,9,-10,9	ok
-0.948448	-26.456456	-47.642154	0.779563	continued:5	453895729641538607484895107171494	14732317585058792	-1,9,-10,9,-10	-10,9,-10,9	ok
-0.947447	-26.456456	-48.124926	0.777980	continued:5	453895729641538607484895107171494	14732317585058792	-1,9,-10,9,-10	-10,9,-10,9	ok
-0.946446	-26.456456	-48.557536	0.776731	continued:5	453895729641538607484895107171494	14732317585058792	-1,9,-10,9,-10	-10,9,-10,9	ok
-0.945445	-26.456456	-48.940963	0.776357	continued:5	453895729641538607484895107171494	14732317585058792	-1,9,-10,9,-10	-10,9,-10,9	ok
-0.944444	-26.456456	-49.272456	0.776190	full	453895729641538607484895107171494	14732317585058792	-1,9,-10,9,-10	-10,9,-10,9	ok
-0.943443	-26.456456	-46.576465	0.784115	continued:5	453895729641538607484895107171494	14732317585058792	-1,9,-10,9,-10	-10,9,-10,9	ok
-0.942442	-26.456456	-47.143497	0.781322	continued:5	453895729641538607484895107171494	14732317585058792	-1,9,-10,9,-10	-10,9,-10,9	ok
-0.941441	-26.456456	-47.666977	0.778863	continued:5	453895729641538607484895107171494	14732317585058792	-1,9,-10,9,-10	-10,9,-10,9	ok
-0.940440	-26.456456	-48.145854	0.776945	continued:5	453895729641538607484895107171494	14732317585058792	-1,9,-10,9,-10	-10,9,-10,9	ok
-0.939439	-26.456456	-48.577657	0.775902	continued:5	453895729641538607484895107171494	14732317585058792	-1,9,-10,9,-10	-10,9,-10,9	ok
-0.938438	-26.456456	-48.958278	0.775528	continued:5	453895729641538607484895107171494	14732317585058792	-1,9,-10,9,-10	-10,9,-10,9	ok
-0.937437	-26.456456	-49.287101	0.775361	full	453895729641538607484895107171494	14732317585058792	-1,9,-10,9,-10	-10,9,-10,9	ok
-0.936436	-26.456456	-46.603500	0.783159	continued:5	453895729641538607484895107171494	14732317585058792	-1,9,-10,9,-10	-10,9,-10,9	ok
-0.935435	-26.456456	-47.169569	0.780366	continued:5	453895729641538607484895107171494	14732317585058792	-1,9,-10,9,-10	-10,9,-10,9	ok
-0.934434	-26.456456	-47.691719	0.777907	continued:5	453895729641538607484895107171494	14732317585058792	-1,9,-10,9,-10	-10,9,-10,9	ok
-0.933433	-26.456456	-48.168976	0.776117	continued:5	453895729641538607484895107171494	14732317585058792	-1,9,-10,9,-10	-10,9,-10,9	ok
-0.932432	-26.456456	-48.597853	0.775074	continued:5	453895729641538607484895107171494	14732317585058792	-1,9,-10,9,-10	-10,9,-10,9	ok
-0.931431	-26.456456	-48.975633	0.774700	continued:5	453895729641538607484895107171494	14732317585058792	-1,9,-10,9,-10	-10,9,-10,9	ok
-0.930430	-26.456456	-49.301763	0.774533	full	453895729641538607484895107171494	14732317585058792	-1,9,-10,9,-10	-10,9,-10,9	ok
-0.929429	-26.456456	-46.635655	0.782334	continued:5	453895729641538607484895107171494	14732317585058792	-1,9,-10,9,-10	-10,9,-10,9	ok
-0.928428	-26.456456	-47.198841	0.779540	continued:5	453895729641538607484895107171494	14732317585058792	-1,9,-10,9,-10	-10,9,-10,9	ok
-0.927427	-26.456456	-47.718019	0.777081	continued:5	453895729641538607484895107171494	14732317585058792	-1,9,-10,9,-10	-10,9,-10,9	ok
-0.926426	-26.456456	-48.192260	0.775291	continued:5	489473969894105793290234580880619	14732317585058792	-1,9,-10,-10,-10	-10,9,-10,9	ok
-0.925425	-26.456456	-48.618149	0.774249	continued:5	489473969894105793290234580880619	14732317585058792	-1,9,-10,-10,-10	-10,9,-10,9	ok
-0.924424	-26.456456	-48.993041	0.773875	continued:5	489473969894105793290234580880619	14732317585058792	-1,9,-10,-10,-10	-10,9,-10,9	ok
-0.923423	-26.456456	-49.316441	0.773708	full	489473969894105793290234580880619	14732317585058792	-1,9,-10,-10,-10	-10,9,-10,9	ok
-0.922422	-26.456456	-46.060287	0.784054	continued:5	489473969894105793290234580880619	31282549346268347	-1,9,-10,-10,-10	-10,9,-10,-10	ok
-0.921421	-26.456456	-46.669587	0.781261	continued:5	489473969894105793290234580880619	31282549346268347	-1,9,-10,-10,-10	-10,9,-10,-10	ok
-0.920420	-26.456456	-47.231039	0.778467	continued:5	489473969894105793290234580880619	31282549346268347	-1,9,-10,-10,-10	-10,9,-10,-10	ok
-0.919419	-26.456456	-47.748146	0.776136	continued:5	489473969894105793290234580880619	31282549346268347	-1,9,-10,-10,-10	-10,9,-10,-10	ok
-0.918418	-26.456456	-48.218915	0.774346	continued:5	489473969894105793290234580880619	31282549346268347	-1,9,-10,-10,-10	-10,9,-10,-10	ok
-0.917417	-26.456456	-48.641373	0.773303	continued:5	489473969894105793290234580880619	31282549346268347	-1,9,-10,-10,-10	-10,9,-10,-10	ok
-0.916416	-26.456456	-49.012956	0.772929	continued:5	489473969894105793290234580880619	31282549346268347	-1,9,-10,-10,-10	-10,9,-10,-10	ok
-0.915415	-26.456456	-49.333236	0.772762	full	489473969894105793290234580880619	31282549346268347	-1,9,-10,-10,-10	-10,9,-10,-10	ok
-0.914414	-26.456456	-46.094609	0.783029	continued:5	489473969894105793290234580880619	31282549346268347	-1,9,-10,-10,-10	-10,9,-10,-10	ok
-0.913413	-26.456456	-46.702122	0.780235	continued:5	489473969894105793290234580880619	31282549346268347	-1,9,-10,-10,-10	-10,9,-10,-10	ok
-0.912412	-26.456456	-47.261502	0.777442	continued:5	489473969894105793290234580880619	31282549346268347	-1,9,-10,-10,-10	-10,9,-10,-10	ok
-0.911411	-26.456456	-47.776271	0.774983	continued:5	489473969894105793290234580880619	31282549346268347	-1,9,-10,-10,-10	-10,9,-10,-10	ok
-0.910410	-26.456456	-48.245657	0.773399	continued:5	489473969894105793290234580880619	31282549346268347	-1,9,-10,-10,-10	-10,9,-10,-10	ok
-0.909409	-26.456456	-48.664652	0.772357	continued:5	489473969894105793290234580880619	31282549346268347	-1,9,-10,-10,-10	-10,9,-10,-10	ok
-0.908408	-26.456456	-49.032905	0.771983	continued:5	489473969894105793290234580880619	31282549346268347	-1,9,-10,-10,-10	-10,9,-10,-10	ok
-0.907407	-26.456456	-49.350052	0.771816	full	489473969894105793290234580880619	31282549346268347	-1,9,-10,-10,-10	-10,9,-10,-10	ok
-0.906406	-26.456456	-46.136175	0.782088	continued:5	489473969894105793290234580880619	31282549346268347	-1,9,-10,-10,-10	-10,9,-10,-10	ok
-0.905405	-26.456456	-46.740103	0.779294	continued:5	489473969894105793290234580880619	31282549346268347	-1,9,-10,-10,-10	-10,9,-10,-10	ok
-0.904404	-26.456456	-47.295874	0.776501	continued:5	489473969894105793290234580880619	31282549346268347	-1,9,-10,-10,-10	-10,9,-10,-10	ok
-0.903403	-26.456456	-47.806981	0.774042	continued:5	489473969894105793290234580880619	31282549346268347	-1,9,-10,-10,-10	-10,9,-10,-10	ok
-0.902402	-26.456456	-48.272705	0.772458	continued:5	489473969894105793290234580880619	31282549346268347	-1,9,-10,-10,-10	-10,9,-10,-10	ok
-0.901401	-26.456456	-48.688119	0.771416	continued:5	489473969894105793290234580880619	31282549346268347	-1,9,-10,-10,-10	-10,9,-10,-10	ok
-0.900400	-26.456456	-49.052949	0.771042	continued:5	489473969894105793290234580880619	31282549346268347	-1,9,-10,-10,-10	-10,9,-10,-10	ok
-0.899399	-26.456456	-49.366888	0.770875	full	489473969894105793290234580880619	31282549346268347	-1,9,-10,-10,-10	-10,9,-10,-10	ok
-0.898398	-26.456456	-46.171481	0.781012	continued:5	489473969894105793290234580880619	31282549346268347	-1,9,-10,-10,-10	-10,9,-10,-10	ok
-0.897397	-26.456456	-46.773926	0.778218	continued:5	489473969894105793290234580880619	31282549346268347	-1,9,-10,-10,-10	-10,9,-10,-10	ok
-0.896396	-26.456456	-47.327865	0.775425	continued:5	489473969894105793290234580880619	31282549346268347	-1,9,-10,-10,-10	-10,9,-10,-10	ok
-0.895395	-26.456456	-47.836827	0.773173	continued:5	489473969894105793290234580880619	31282549346268347	-1,9,-10,-10,-10	-10,9,-10,-10	ok
-0.894394	-26.456456	-48.298329	0.771383	continued:5	489473969894105793290234580880619	31282549346268347	-1,9,-10,-10,-10	-10,9,-10,-10	ok
-0.893393	-26.456456	-48.711502	0.770468	continued:5	489473969894105793290234580880619	31282549346268347	-1,9,-10,-10,-10	-10,9,-10,-10	ok
-0.892392	-26.456456	-49.072962	0.770094	continued:5	489473969894105793290234580880619	31282549346268347	-1,9,-10,-10,-10	-10,9,-10,-10	ok
-0.891391	-26.456456	-49.383746	0.769927	full	489473969894105793290234580880619	31282549346268347	-1,9,-10,-10,-10	-10,9,-10,-10	ok
-0.890390	-26.456456	-46.205589	0.779941	continued:5	489473969894105793290234580880619	31282549346268347	-1,9,-10,-10,-10	-10,9,-10,-10	ok
-0.889389	-26.456456	-46.806604	0.777148	continued:5	489473969894105793290234580880619	31282549346268347	-1,9,-10,-10,-10	-10,9,-10,-10	ok
-0.888388	-26.456456	-47.358763	0.774354	continued:5	489473969894105793290234580880619	31282549346268347	-1,9,-10,-10,-10	-10,9,-10,-10	ok
-0.887387	-26.456456	-47.865633	0.772023	continued:5	489473969894105793290234580880619	31282549346268347	-1,9,-10,-10,-10	-10,9,-10,-10	ok
-0.886386	-26.456456	-48.325527	0.770439	continued:5	489473969894105793290234580880619	31282549346268347	-1,9,-10,-10,-10	-10,9,-10,-10	ok
-0.885385	-26.456456	-48.735064	0.769524	continued:5	489473969894105793290234580880619	31282549346268347	-1,9,-10,-10,-10	-10,9,-10,-10	ok
-0.884384	-26.456456	-49.093065	0.769151	continued:5	489473969894105793290234580880619	31282549346268347	-1,9,-10,-10,-10	-10,9,-10,-10	ok
-0.883383	-26.456456	-49.400623	0.768983	full	489473969894105793290234580880619	31282549346268347	-1,9,-10,-10,-10	-10,9,-10,-10	ok
-0.882382	-26.456456	-46.248277	0.778998	continued:5	489473969894105793290234580880619	31282549346268347	-1,9,-10,-10,-10	-10,9,-10,-10	ok
-0.881381	-26.456456	-46.845442	0.776205	continued:5	489473969894105793290234580880619	31282549346268347	-1,9,-10,-10,-10	-10,9,-10,-10	ok
-0.880380	-26.456456	-47.393759	0.773411	continued:5	489473969894105793290234580880619	31282549346268347	-1,9,-10,-10,-10	-10,9,-10,-10	ok
-0.879379	-26.456456	-47.896775	0.771080	continued:5	489473969894105793290234580880619	31282549346268347	-1,9,-10,-10,-10	-10,9,-10,-10	ok
-0.878378	-26.456456	-48.352860	0.769497	continued:5	489473969894105793290234580880619	31282549346268347	-1,9,-10,-10,-10	-10,9,-10,-10	ok
-0.877377	-26.456456	-48.758708	0.768582	continued:5	489473969894105793290234580880619	31288144007624166	-1,9,-10,-10,-10	-10,-10,-10,-10	ok
-0.876376	-26.456456	-49.113212	0.768208	continued:5	489473969894105793290234580880619	31288144007624166	-1,9,-10,-10,-10	-10,-10,-10,-10	ok
-0.875375	-26.456456	-49.417522	0.768041	full	489473969894105793290234580880619	31288144007624166	-1,9,-10,-10,-10	-10,-10,-10,-10	ok
-0.874374	-26.456456	-46.287281	0.777967	continued:5	489473969894105793290234580880619	31288144007624166	-1,9,-10,-10,-10	-10,-10,-10,-10	ok
-0.873373	-26.456456	-46.881907	0.775173	continued:5	489473969894105793290234580880619	31288144007624166	-1,9,-10,-10,-10	-10,-10,-10,-10	ok
-0.872372	-26.456456	-47.427489	0.772380	continued:5	489473969894105793290234580880619	31288144007624166	-1,9,-10,-10,-10	-10,-10,-10,-10	ok
-0.871371	-26.456456	-47.927594	0.770128	continued:5	489473969894105793290234580880619	31288144007624166	-1,9,-10,-10,-10	-10,-10,-10,-10	ok
-0.870370	-26.456456	-48.379965	0.768544	continued:5	489473969894105793290234580880619	31288144007624166	-1,9,-10,-10,-10	-10,-10,-10,-10	ok
-0.869369	-26.456456	-48.782214	0.767629	continued:5	489473969894105793290234580880619	31288144007624166	-1,9,-10,-10,-10	-10,-10,-10,-10	ok
-0.868368	-26.456456	-49.133305	0.767255	continued:5	489473969894105793290234580880619	31288144007624166	-1,9,-10,-10,-10	-10,-10,-10,-10	ok
-0.867367	-26.456456	-49.434440	0.767088	full	489473969894105793290234580880619	31288144007624166	-1,9,-10,-10,-10	-10,-10,-10,-10	ok
-0.866366	-26.456456	-46.325109	0.776944	continued:5	489473969894105793290234580880619	31288144007624166	-1,9,-10,-10,-10	-10,-10,-10,-10	ok
-0.865365	-26.456456	-46.917208	0.774151	continued:5	489473969894105793290234580880619	31288144007624166	-1,9,-10,-10,-10	-10,-10,-10,-10	ok
-0.864364	-26.456456	-47.460073	0.771357	continued:5	489473969894105793290234580880619	31288144007624166	-1,9,-10,-10,-10	-10,-10,-10,-10	ok
-0.863363	-26.456456	-47.957295	0.769105	continued:5	489473969894105793290234580880619	31288144007624166	-1,9,-10,-10,-10	-10,-10,-10,-10	ok
-0.862362	-26.456456	-48.406695	0.767521	continued:5	489473969894105793290234580880619	31288144007624166	-1,9,-10,-10,-10	-10,-10,-10,-10	ok
-0.861361	-26.456456	-48.805977	0.766685	continued:5	489473969894105793290234580880619	31288144007624166	-1,9,-10,-10,-10	-10,-10,-10,-10	ok
-0.860360	-26.456456	-49.153523	0.766312	continued:5	489473969894105793290234580880619	31288144007624166	-1,9,-10,-10,-10	-10,-10,-10,-10	ok
-0.859359	-26.456456	-49.451378	0.766144	full	489473969894105793290234580880619	31288144007624166	-1,9,-10,-10,-10	-10,-10,-10,-10	ok
-0.858358	-26.456456	-46.362674	0.775877	continued:5	489473969894105793290234580880619	31288144007624166	-1,9,-10,-10,-10	-10,-10,-10,-10	ok
-0.857357	-26.456456	-46.952677	0.773084	continued:5	489473969894105793290234580880619	31288144007624166	-1,9,-10,-10,-10	-10,-10,-10,-10	ok
-0.856356	-26.456456	-47.493181	0.770290	continued:5	489473969894105793290234580880619	31288144007624166	-1,9,-10,-10,-10	-10,-10,-10,-10	ok
-0.855355	-26.456456	-47.987817	0.768038	continued:5	489473969894105793290234580880619	31288144007624166	-1,9,-10,-10,-10	-10,-10,-10,-10	ok
-0.854354	-26.456456	-48.434493	0.766582	continued:5	489473969894105793290234580880619	31288144007624166	-1,9,-10,-10,-10	-10,-10,-10,-10	ok
-0.853353	-26.456456	-48.829906	0.765746	continued:5	489473969894105793290234580880619	31288144007624166	-1,9,-10,-10,-10	-10,-10,-10,-10	ok
-0.852352	-26.456456	-49.173824	0.765372	continued:5	489473969894105793290234580880619	31288144007624166	-1,9,-10,-10,-10	-10,-10,-10,-10	ok
-0.851351	-26.456456	-49.468336	0.765205	full	489473969894105793290234580880619	31288144007624166	-1,9,-10,-10,-10	-10,-10,-10,-10	ok
-0.850350	-26.456456	-46.405030	0.774916	continued:5	489473969894105793290234580880619	31288144007624166	-1,9,-10,-10,-10	-10,-10,-10,-10	ok
-0.849349	-26.456456	-46.991212	0.772122	continued:5	489473969894105793290234580880619	31288144007624166	-1,9,-10,-10,-10	-10,-10,-10,-10	ok
-0.848348	-26.456456	-47.527896	0.769329	continued:5	489473969894105793290234580880619	31288144007624166	-1,9,-10,-10,-10	-10,-10,-10,-10	ok
-0.847347	-26.456456	-48.018714	0.767077	continued:5	489473969894105793290234580880619	31288144007624166	-1,9,-10,-10,-10	-10,-10,-10,-10	ok
-0.846346	-26.456456	-48.461637	0.765621	continued:5	489473969894105793290234580880619	31288144007624166	-1,9,-10,-10,-10	-10,-10,-10,-10	ok
-0.845345	-26.456456	-48.853438	0.764785	continued:5	489473969894105793290234580880619	31288144007624166	-1,9,-10,-10,-10	-10,-10,-10,-10	ok
-0.844344	-26.456456	-49.193951	0.764411	continued:5	489473969894105793290234580880619	31288144007624166	-1,9,-10,-10,-10	-10,-10,-10,-10	ok
-0.843343	-26.456456	-49.485313	0.764244	full	489473969894105793290234580880619	31288144007624166	-1,9,-10,-10,-10	-10,-10,-10,-10	ok
-0.842342	-26.456456	-46.443516	0.773851	continued:5	489473969894105793290234580880619	31288144007624166	-1,9,-10,-10,-10	-10,-10,-10,-10	ok
-0.841341	-26.456456	-47.027358	0.771058	continued:5	489473969894105793290234580880619	31288144007624166	-1,9,-10,-10,-10	-10,-10,-10,-10	ok
-0.840340	-26.456456	-47.561473	0.768265	continued:5	489473969894105793290234580880619	31288144007624166	-1,9,-10,-10,-10	-10,-10,-10,-10	ok
-0.839339	-26.456456	-48.049533	0.766140	continued:5	489473969894105793290234580880619	31288144007624166	-1,9,-10,-10,-10	-10,-10,-10,-10	ok
-0.838338	-26.456456	-48.488460	0.764556	continued:5	489473969894105793290234580880619	31288144007624166	-1,9,-10,-10,-10	-10,-10,-10,-10	ok
-0.837337	-26.456456	-48.877560	0.763848	continued:5	489473969894105793290234580880619	31288144007624166	-1,9,-10,-10,-10	-10,-10,-10,-10	ok
-0.836336	-26.456456	-49.214355	0.763474	continued:5	489473969894105793290234580880619	31288144007624166	-1,9,-10,-10,-10	-10,-10,-10,-10	ok
-0.835335	-26.456456	-49.502310	0.763307	full	489473969894105793290234580880619	31288144007624166	-1,9,-10,-10,-10	-10,-10,-10,-10	ok
-0.834334	-26.456456	-46.478346	0.772786	continued:5	489473969894105793290234580880619	31288144007624166	-1,9,-10,-10,-10	-10,-10,-10,-10	ok
-0.833333	-26.456456	-47.060283	0.769992	continued:5	489473969894105793290234580880619	31288144007624166	-1,9,-10,-10,-10	-10,-10,-10,-10	ok
-0.832332	-26.456456	-47.592215	0.767199	continued:5	489473969894105793290234580880619	31288144007624166	-1,9,-10,-10,-10	-10,-10,-10,-10	ok
-0.831331	-26.456456	-48.077869	0.765074	continued:5	489473969894105793290234580880619	31288144007624166	-1,9,-10,-10,-10	-10,-10,-10,-10	ok
-0.830330	-26.456456	-48.514260	0.763619	continued:5	489473969894105793290234580880619	31288144007624166	-1,9,-10,-10,-10	-10,-10,-10,-10	ok
-0.829329	-26.456456	-48.899687	0.762704	continued:5	489473969894105793290234580880619	31288144007624166	-1,9,-10,-10,-10	-10,-10,-10,-10	ok
-0.828328	-26.456456	-49.234789	0.762537	continued:5	489473969894105793290234580880619	31288144007624166	-1,9,-10,-10,-10	-10,-10,-10,-10	ok
-0.827327	-26.456456	-49.519325	0.762369	full	489473969894105793290234580880619	31288144007624166	-1,9,-10,-10,-10	-10,-10,-10,-10	ok
-0.826326	-26.456456	-46.523823	0.771840	continued:5	489473969894105793290234580880619	31288144007624166	-1,9,-10,-10,-10	-10,-10,-10,-10	ok
-0.825325	-26.456456	-47.101229	0.769046	continued:5	489473969894105793290234580880619	31288144007624166	-1,9,-10,-10,-10	-10,-10,-10,-10	ok
-0.824324	-26.456456	-47.628732	0.766253	continued:5	489473969894105793290234580880619	31288144007624166	-1,9,-10,-10,-10	-10,-10,-10,-10	ok
-0.823323	-26.456456	-48.110055	0.764128	continued:5	489473969894105793290234580880619	31288144007624166	-1,9,-10,-10,-10	-10,-10,-10,-10	ok
-0.822322	-26.456456	-48.542272	0.762673	continued:5	489473969894105793290234580880619	31288144007624166	-1,9,-10,-10,-10	-10,-10,-10,-10	ok
-0.821321	-26.456456	-48.923748	0.761758	continued:5	489473969894105793290234580880619	31288144007624166	-1,9,-10,-10,-10	-10,-10,-10,-10	ok
-0.820320	-26.456456	-49.255180	0.761590	continued:5	489473969894105793290234580880619	31288144007624166	-1,9,-10,-10,-10	-10,-10,-10,-10	ok
-0.819319	-26.456456	-49.536360	0.761423	full	489473969894105793290234580880619	31288144007624166	-1,9,-10,-10,-10	-10,-10,-10,-10	ok
-0.818318	-26.456456	-46.564887	0.770822	continued:5	489473969894105793290234580880619	31288144007624166	-1,9,-10,-10,-10	-10,-10,-10,-10	ok
-0.817317	-26.456456	-47.139001	0.768028	continued:5	489473969894105793290234580880619	31288144007624166	-1,9,-10,-10,-10	-10,-10,-10,-10	ok
-0.816316	-26.456456	-47.663131	0.765235	continued:5	489473969894105793290234580880619	31288144007624166	-1,9,-10,-10,-10	-10,-10,-10,-10	ok
-0.815315	-26.456456	-48.141029	0.763110	continued:5	489473969894105793290234580880619	31288144007624166	-1,9,-10,-10,-10	-10,-10,-10,-10	ok
-0.814314	-26.456456	-48.569846	0.761654	continued:5	489473969894105793290234580880619	31288144007624166	-1,9,-10,-10,-10	-10,-10,-10,-10	ok
-0.813313	-26.456456	-48.948029	0.760819	continued:5	489473969894105793290234580880619	31288144007624166	-1,9,-10,-10,-10	-10,-10,-10,-10	ok
-0.812312	-26.456456	-49.275677	0.760651	continued:5	489473969894105793290234580880619	31288144007624166	-1,9,-10,-10,-10	-10,-10,-10,-10	ok
-0.811311	-26.456456	-49.553413	0.760484	full	489473969894105793290234580880619	31288144007624166	-1,9,-10,-10,-10	-10,-10,-10,-10	ok
-0.810310	-26.456456	-46.604480	0.769673	continued:5	489473969894105793290234580880619	31288144007624166	-1,9,-10,-10,-10	-10,-10,-10,-10	ok
-0.809309	-26.456456	-47.176735	0.766880	continued:5	489473969894105793290234580880619	31288144007624166	-1,9,-10,-10,-10	-10,-10,-10,-10	ok
-0.808308	-26.456456	-47.698682	0.764214	continued:5	489473969894105793290234580880619	31288144007624166	-1,9,-10,-10,-10	-10,-10,-10,-10	ok
-0.807307	-26.456456	-48.172976	0.762090	continued:5	489473969894105793290234580880619	31288144007624166	-1,9,-10,-10,-10	-10,-10,-10,-10	ok
-0.806306	-26.456456	-48.598241	0.760713	continued:5	489473969894105793290234580880619	31288144007624166	-1,9,-10,-10,-10	-10,-10,-10,-10	ok
-0.805305	-26.456456	-48.972323	0.759877	continued:5	489473969894105793290234580880619	31288144007624166	-1,9,-10,-10,-10	-10,-10,-10,-10	ok
-0.804304	-26.456456	-49.296187	0.759710	continued:5	489473969894105793290234580880619	31288144007624166	-1,9,-10,-10,-10	-10,-10,-10,-10	ok
-0.803303	-26.456456	-49.570484	0.759543	full	489473969894105793290234580880619	31288144007624166	-1,9,-10,-10,-10	-10,-10,-10,-10	ok
-0.802302	-26.456456	-46.646024	0.768644	continued:5	489473969894105793290234580880619	31288144007624166	-1,9,-10,-10,-10	-10,-10,-10,-10	ok
-0.801301	-26.456456	-47.214930	0.765851	continued:5	489473969894105793290234580880619	31288144007624166	-1,9,-10,-10,-10	-10,-10,-10,-10	ok
-0.800300	-26.456456	-47.733455	0.763057	continued:5	489473969894105793290234580880619	31288144007624166	-1,9,-10,-10,-10	-10,-10,-10,-10	ok
-0.799299	-26.456456	-48.205456	0.761139	continued:5	489473969894105793290234580880619	31288144007624166	-1,9,-10,-10,-10	-10,-10,-10,-10	ok
-0.798298	-26.456456	-48.626434	0.759762	continued:5	489473969894105793290234580880619	31288144007624166	-1,9,-10,-10,-10	-10,-10,-10,-10	ok
-0.797297	-26.456456	-48.996494	0.758926	continued:5	489473969894105793290234580880619	31288144007624166	-1,9,-10,-10,-10	-10,-10,-10,-10	ok
-0.796296	-26.456456	-49.316648	0.758759	continued:5	489473969894105793290234580880619	31288144007624166	-1,9,-10,-10,-10	-10,-10,-10,-10	ok
-0.795295	-26.456456	-49.587574	0.758592	full	489473969894105793290234580880619	31288144007624166	-1,9,-10,-10,-10	-10,-10,-10,-10	ok
-0.794294	-26.456456	-46.687950	0.767583	continued:5	489473969894105793290234580880619	31288144007624166	-1,9,-10,-10,-10	-10,-10,-10,-10	ok
-0.793293	-26.456456	-47.253716	0.764789	continued:5	489473969894105793290234580880619	31288144007624166	-1,9,-10,-10,-10	-10,-10,-10,-10	ok
-0.792292	-26.456456	-47.768988	0.761996	continued:5	489473969894105793290234580880619	31288144007624166	-1,9,-10,-10,-10	-10,-10,-10,-10	ok
-0.791291	-26.456456	-48.237667	0.760078	continued:5	489473969894105793290234580880619	31288144007624166	-1,9,-10,-10,-10	-10,-10,-10,-10	ok
-0.790290	-26.456456	-48.655341	0.758829	continued:5	489473969894105793290234580880619	31288144007624166	-1,9,-10,-10,-10	-10,-10,-10,-10	ok
-0.789289	-26.456456	-49.021098	0.757993	continued:5	489473969894105793290234580880619	31288144007624166	-1,9,-10,-10,-10	-10,-10,-10,-10	ok
-0.788288	-26.456456	-49.337311	0.757826	continued:5	489473969894105793290234580880619	31288144007624166	-1,9,-10,-10,-10	-10,-10,-10,-10	ok
-0.787287	-26.456456	-49.604681	0.757658	full	489473969894105793290234580880619	31288144007624166	-1,9,-10,-10,-10	-10,-10,-10,-10	ok
-0.786286	-26.456456	-46.729812	0.766504	continued:5	489473969894105793290234580880619	31288144007624166	-1,9,-10,-10,-10	-10,-10,-10,-10	ok
-0.785285	-26.456456	-47.292560	0.763711	continued:5	489473969894105793290234580880619	31288144007624166	-1,9,-10,-10,-10	-10,-10,-10,-10	ok
-0.784284	-26.456456	-47.804681	0.761045	continued:5	489473969894105793290234580880619	31288144007624166	-1,9,-10,-10,-10	-10,-10,-10,-10	ok
-0.783283	-26.456456	-48.268965	0.759127	continued:5	489473969894105793290234580880619	31288144007624166	-1,9,-10,-10,-10	-10,-10,-10,-10	ok
-0.782282	-26.456456	-48.682455	0.757750	continued:5	489473969894105793290234580880619	31288144007624166	-1,9,-10,-10,-10	-10,-10,-10,-10	ok
-0.781281	-26.456456	-49.045398	0.757042	continued:5	489473969894105793290234580880619	31288144007624166	-1,9,-10,-10,-10	-10,-10,-10,-10	ok
-0.780280	-26.456456	-49.357843	0.756875	continued:5	489473969894105793290234580880619	31288144007624166	-1,9,-10,-10,-10	-10,-10,-10,-10	ok
-0.779279	-26.456456	-49.621806	0.756501	full	489473969894105793290234580880619	31288144007624166	-1,9,-10,-10,-10	-10,-10,-10,-10	ok
-0.778278	-26.456456	-46.778506	0.765491	continued:5	489473969894105793290234580880619	31288144007624166	-1,9,-10,-10,-10	-10,-10,-10,-10	ok
-0.777277	-26.456456	-47.336609	0.762698	continued:5	489473969894105793290234580880619	31288144007624166	-1,9,-10,-10,-10	-10,-10,-10,-10	ok
-0.776276	-26.456456	-47.844187	0.760032	continued:5	489473969894105793290234580880619	31288144007624166	-1,9,-10,-10,-10	-10,-10,-10,-10	ok
-0.775275	-26.456456	-48.304051	0.758114	continued:5	489473969894105793290234580880619	31288144007624166	-1,9,-10,-10,-10	-10,-10,-10,-10	ok
-0.774274	-26.456456	-48.713312	0.756865	continued:5	489473969894105793290234580880619	31288144007624166	-1,9,-10,-10,-10	-10,-10,-10,-10	ok
-0.773273	-26.456456	-49.071182	0.756157	continued:5	489473969894105793290234580880619	31288144007624166	-1,9,-10,-10,-10	-10,-10,-10,-10	ok
-0.772272	-26.456456	-49.379056	0.755990	continued:5	489473969894105793290234580880619	31288144007624166	-1,9,-10,-10,-10	-10,-10,-10,-10	ok
-0.771271	-26.456456	-49.638949	0.755282	full	489473969894105793290234580880619	31288144007624166	-1,9,-10,-10,-10	-10,-10,-10,-10	ok
-0.770270	-26.456456	-46.819155	0.764477	continued:5	489473969894105793290234580880619	31288144007624166	-1,9,-10,-10,-10	-10,-10,-10,-10	ok
-0.769269	-26.456456	-47.373660	0.761684	continued:5	489473969894105793290234580880619	31288144007624166	-1,9,-10,-10,-10	-10,-10,-10,-10	ok
-0.768268	-26.456456	-47.877624	0.759018	continued:5	489473969894105793290234580880619	31288144007624166	-1,9,-10,-10,-10	-10,-10,-10,-10	ok
-0.767267	-26.456456	-48.333904	0.757100	continued:5	489473969894105793290234580880619	31288144007624166	-1,9,-10,-10,-10	-10,-10,-10,-10	ok
-0.766266	-26.456456	-48.739684	0.755851	continued:5	489473969894105793290234580880619	31288144007624166	-1,9,-10,-10,-10	-10,-10,-10,-10	ok
-0.765265	-26.456456	-49.094246	0.755143	continued:5	489473969894105793290234580880619	31288144007624166	-1,9,-10,-10,-10	-10,-10,-10,-10	ok
-0.764264	-26.456456	-49.399039	0.754975	continued:5	489473969894105793290234580880619	31288144007624166	-1,9,-10,-10,-10	-10,-10,-10,-10	ok
-0.763263	-26.456456	-49.656108	0.754061	full	489473969894105793290234580880619	31288144007624166	-1,9,-10,-10,-10	-10,-10,-10,-10	ok
-0.762262	-26.456456	-46.858360	0.763255	continued:5	489473969894105793290234580880619	31288144007624166	-1,9,-10,-10,-10	-10,-10,-10,-10	ok
-0.761261	-26.456456	-47.411446	0.760461	continued:5	489473969894105793290234580880619	31288144007624166	-1,9,-10,-10,-10	-10,-10,-10,-10	ok
-0.760260	-26.456456	-47.913601	0.758002	continued:5	489473969894105793290234580880619	31288144007624166	-1,9,-10,-10,-10	-10,-10,-10,-10	ok
-0.759259	-26.456456	-48.365903	0.756084	continued:5	489473969894105793290234580880619	31288144007624166	-1,9,-10,-10,-10	-10,-10,-10,-10	ok
-0.758258	-26.456456	-48.767863	0.754835	continued:5	489473969894105793290234580880619	31288144007624166	-1,9,-10,-10,-10	-10,-10,-10,-10	ok
-0.757257	-26.456456	-49.118828	0.754127	continued:5	489473969894105793290234580880619	31288144007624166	-1,9,-10,-10,-10	-10,-10,-10,-10	ok
-0.756256	-26.456456	-49.420295	0.754087	continued:5	489473969894105793290234580880619	31288144007624166	-1,9,-10,-10,-10	-10,-10,-10,-10	ok
-0.755255	-26.456456	-49.673284	0.752838	full	489473969894105793290234580880619	31288144007624166	-1,9,-10,-10,-10	-10,-10,-10,-10	ok
-0.754254	-26.456456	-46.906852	0.762237	continued:5	489473969894105793290234580880619	31288144007624166	-1,9,-10,-10,-10	-10,-10,-10,-10	ok
-0.753253	-26.456456	-47.455180	0.759444	continued:5	489473969894105793290234580880619	31288144007624166	-1,9,-10,-10,-10	-10,-10,-10,-10	ok
-0.752252	-26.456456	-47.952708	0.756985	continued:5	489473969894105793290234580880619	31288144007624166	-1,9,-10,-10,-10	-10,-10,-10,-10	ok
-0.751251	-26.456456	-48.400545	0.755195	continued:5	489473969894105793290234580880619	31288144007624166	-1,9,-10,-10,-10	-10,-10,-10,-10	ok
-0.750250	-26.456456	-48.797141	0.753946	continued:5	489473969894105793290234580880619	31288144007624166	-1,9,-10,-10,-10	-10,-10,-10,-10	ok
-0.749249	-26.456456	-49.143229	0.753237	continued:5	489473969894105793290234580880619	31288144007624166	-1,9,-10,-10,-10	-10,-10,-10,-10	ok
-0.748248	-26.456456	-49.440318	0.753070	continued:5	489473969894105793290234580880619	31288144007624166	-1,9,-10,-10,-10	-10,-10,-10,-10	ok
-0.747247	-26.456456	-49.690477	0.751614	full	489473969894105793290234580880619	31288144007624166	-1,9,-10,-10,-10	-10,-10,-10,-10	ok
-0.746246	-26.456456	-46.509746	0.763232	continued:5	489473969894105793290234580880619	31288144007624166	-1,9,-10,-10,-10	-10,-10,-10,-10	ok
-0.745245	-26.456456	-47.094997	0.760439	continued:5	489473969894105793290234580880619	31288144007624166	-1,9,-10,-10,-10	-10,-10,-10,-10	ok
-0.744244	-26.456456	-47.625618	0.757646	continued:5	489473969894105793290234580880619	31288144007624166	-1,9,-10,-10,-10	-10,-10,-10,-10	ok
-0.743243	-26.456456	-48.106645	0.755393	continued:5	489473969894105793290234580880619	31288144007624166	-1,9,-10,-10,-10	-10,-10,-10,-10	ok
-0.742242	-26.456456	-48.537243	0.753603	continued:5	489473969894105793290234580880619	31288144007624166	-1,9,-10,-10,-10	-10,-10,-10,-10	ok
-0.741241	-26.456456	-48.918119	0.752561	continued:5	489473969894105793290234580880619	31288144007624166	-1,9,-10,-10,-10	-10,-10,-10,-10	ok
-0.740240	-26.456456	-49.248271	0.752059	continued:5	489473969894105793290234580880619	31288144007624166	-1,9,-10,-10,-10	-10,-10,-10,-10	ok
-0.739239	-26.456456	-49.529561	0.752767	full	489473969894105793290234580880619	31288144007624166	-1,9,-10,-10,-10	-10,-10,-10,-10	ok
-0.738238	-26.456456	-46.551904	0.762122	continued:5	489473969894105793290234580880619	31288144007624166	-1,9,-10,-10,-10	-10,-10,-10,-10	ok
-0.737237	-26.456456	-47.134454	0.759329	continued:5	489473969894105793290234580880619	31288144007624166	-1,9,-10,-10,-10	-10,-10,-10,-10	ok
-0.736236	-26.456456	-47.662213	0.756536	continued:5	489473969894105793290234580880619	31288144007624166	-1,9,-10,-10,-10	-10,-10,-10,-10	ok
-0.735235	-26.456456	-48.140255	0.754283	continued:5	489473969894105793290234580880619	31288144007624166	-1,9,-10,-10,-10	-10,-10,-10,-10	ok
-0.734234	-26.456456	-48.567826	0.752700	continued:5	489473969894105793290234580880619	31288144007624166	-1,9,-10,-10,-10	-10,-10,-10,-10	ok
-0.733233	-26.456456	-48.943915	0.751657	continued:5	489473969894105793290234580880619	31288144007624166	-1,9,-10,-10,-10	-10,-10,-10,-10	ok
-0.732232	-26.456456	-49.269728	0.751156	continued:5	489473969894105793290234580880619	31288144007624166	-1,9,-10,-10,-10	-10,-10,-10,-10	ok
-0.731231	-26.456456	-49.547134	0.751530	full	489473969894105793290234580880619	31288144007624166	-1,9,-10,-10,-10	-10,-10,-10,-10	ok
-0.730230	-26.456456	-46.593499	0.761090	continued:5	489473969894105793290234580880619	31288144007624166	-1,9,-10,-10,-10	-10,-10,-10,-10	ok
-0.729229	-26.456456	-47.172596	0.758297	continued:5	489473969894105793290234580880619	31288144007624166	-1,9,-10,-10,-10	-10,-10,-10,-10	ok
-0.728228	-26.456456	-47.696884	0.755503	continued:5	489473969894105793290234580880619	31288144007624166	-1,9,-10,-10,-10	-10,-10,-10,-10	ok
-0.727227	-26.456456	-48.171456	0.753251	continued:5	489473969894105793290234580880619	31288144007624166	-1,9,-10,-10,-10	-10,-10,-10,-10	ok
-0.726226	-26.456456	-48.595626	0.751667	continued:5	489473969894105793290234580880619	31288144007624166	-1,9,-10,-10,-10	-10,-10,-10,-10	ok
-0.725225	-26.456456	-48.968456	0.750625	continued:5	489473969894105793290234580880619	31288144007624166	-1,9,-10,-10,-10	-10,-10,-10,-10	ok
-0.724224	-26.456456	-49.291207	0.750251	continued:5	489473969894105793290234580880619	31288144007624166	-1,9,-10,-10,-10	-10,-10,-10,-10	ok
-0.723223	-26.456456	-49.564723	0.750290	full	489473969894105793290234580880619	31288144007624166	-1,9,-10,-10,-10	-10,-10,-10,-10	ok
-0.722222	-26.456456	-46.637653	0.760014	continued:5	489473969894105793290234580880619	31288144007624166	-1,9,-10,-10,-10	-10,-10,-10,-10	ok
-0.721221	-26.456456	-47.213319	0.757221	continued:5	489473969894105793290234580880619	31288144007624166	-1,9,-10,-10,-10	-10,-10,-10,-10	ok
-0.720220	-26.456456	-47.734136	0.754427	continued:5	489473969894105793290234580880619	31288144007624166	-1,9,-10,-10,-10	-10,-10,-10,-10	ok
-0.719219	-26.456456	-48.205220	0.752303	continued:5	489473969894105793290234580880619	31288144007624166	-1,9,-10,-10,-10	-10,-10,-10,-10	ok
-0.718218	-26.456456	-48.624814	0.750719	continued:5	489473969894105793290234580880619	31288144007624166	-1,9,-10,-10,-10	-10,-10,-10,-10	ok
-0.717217	-26.456456	-48.993405	0.749677	continued:5	489473969894105793290234580880619	31288144007624166	-1,9,-10,-10,-10	-10,-10,-10,-10	ok
-0.716216	-26.456456	-49.312290	0.749303	continued:5	489473969894105793290234580880619	31288144007624166	-1,9,-10,-10,-10	-10,-10,-10,-10	ok
-0.715215	-26.456456	-49.582328	0.749136	full	489473969894105793290234580880619	31288144007624166	-1,9,-10,-10,-10	-10,-10,-10,-10	ok
-0.714214	-26.456456	-46.683764	0.759055	continued:5	489473969894105793290234580880619	31288144007624166	-1,9,-10,-10,-10	-10,-10,-10,-10	ok
-0.713213	-26.456456	-47.254508	0.756261	continued:5	489473969894105793290234580880619	31288144007624166	-1,9,-10,-10,-10	-10,-10,-10,-10	ok
-0.712212	-26.456456	-47.770621	0.753468	continued:5	489473969894105793290234580880619	31288144007624166	-1,9,-10,-10,-10	-10,-10,-10,-10	ok
-0.711211	-26.456456	-48.237209	0.751215	continued:5	489473969894105793290234580880619	31288144007624166	-1,9,-10,-10,-10	-10,-10,-10,-10	ok
-0.710210	-26.456456	-48.653701	0.749760	continued:5	489473969894105793290234580880619	31288144007624166	-1,9,-10,-10,-10	-10,-10,-10,-10	ok
-0.709209	-26.456456	-49.018172	0.748717	continued:5	489473969894105793290234580880619	31288144007624166	-1,9,-10,-10,-10	-10,-10,-10,-10	ok
-0.708208	-26.456456	-49.333297	0.748343	continued:5	489473969894105793290234580880619	31288144007624166	-1,9,-10,-10,-10	-10,-10,-10,-10	ok
-0.707207	-26.456456	-49.599950	0.748176	full	489473969894105793290234580880619	31288144007624166	-1,9,-10,-10,-10	-10,-10,-10,-10	ok
-0.706206	-26.456456	-46.726256	0.757977	continued:5	489473969894105793290234580880619	31288144007624166	-1,9,-10,-10,-10	-10,-10,-10,-10	ok
-0.705205	-26.456456	-47.293705	0.755184	continued:5	489473969894105793290234580880619	31288144007624166	-1,9,-10,-10,-10	-10,-10,-10,-10	ok
-0.704204	-26.456456	-47.806472	0.752391	continued:5	489473969894105793290234580880619	31288144007624166	-1,9,-10,-10,-10	-10,-10,-10,-10	ok
-0.703203	-26.456456	-48.269698	0.750266	continued:5	489473969894105793290234580880619	31288144007624166	-1,9,-10,-10,-10	-10,-10,-10,-10	ok
-0.702202	-26.456456	-48.681745	0.748682	continued:5	489473969894105793290234580880619	31288144007624166	-1,9,-10,-10,-10	-10,-10,-10,-10	ok
-0.701201	-26.456456	-49.043225	0.747768	continued:5	489473969894105793290234580880619	31288144007624166	-1,9,-10,-10,-10	-10,-10,-10,-10	ok
-0.700200	-26.456456	-49.354438	0.747394	continued:5	489473969894105793290234580880619	31288144007624166	-1,9,-10,-10,-10	-10,-10,-10,-10	ok
-0.699199	-26.456456	-49.617588	0.747227	full	489473969894105793290234580880619	31288144007624166	-1,9,-10,-10,-10	-10,-10,-10,-10	ok
-0.698198	-26.456456	-46.770313	0.756906	continued:5	489473969894105793290234580880619	31288144007624166	-1,9,-10,-10,-10	-10,-10,-10,-10	ok
-0.697197	-26.456456	-47.334131	0.754113	continued:5	489473969894105793290234580880619	31288144007624166	-1,9,-10,-10,-10	-10,-10,-10,-10	ok
-0.696196	-26.456456	-47.843265	0.751319	continued:5	489473969894105793290234580880619	31288144007624166	-1,9,-10,-10,-10	-10,-10,-10,-10	ok
-0.695195	-26.456456	-48.302890	0.749195	continued:5	489473969894105793290234580880619	31288144007624166	-1,9,-10,-10,-10	-10,-10,-10,-10	ok
-0.694194	-26.456456	-48.711438	0.747739	continued:5	489473969894105793290234580880619	31288144007624166	-1,9,-10,-10,-10	-10,-10,-10,-10	ok
-0.693193	-26.456456	-49.068475	0.746824	continued:5	489473969894105793290234580880619	31288144007624166	-1,9,-10,-10,-10	-10,-10,-10,-10	ok
-0.692192	-26.456456	-49.375674	0.746450	continued:5	489473969894105793290234580880619	31288144007624166	-1,9,-10,-10,-10	-10,-10,-10,-10	ok
-0.691191	-26.456456	-49.635241	0.746283	full	489473969894105793290234580880619	31288144007624166	-1,9,-10,-10,-10	-10,-10,-10,-10	ok
-0.690190	-26.456456	-46.818542	0.755832	continued:5	489473969894105793290234580880619	31288144007624166	-1,9,-10,-10,-10	-10,-10,-10,-10	ok
-0.689189	-26.456456	-47.378103	0.753039	continued:5	489473969894105793290234580880619	31288144007624166	-1,9,-10,-10,-10	-10,-10,-10,-10	ok
-0.688188	-26.456456	-47.883064	0.750373	continued:5	489473969894105793290234580880619	31288144007624166	-1,9,-10,-10,-10	-10,-10,-10,-10	ok
-0.687187	-26.456456	-48.337446	0.748248	continued:5	489473969894105793290234580880619	31282549346268347	-1,9,-10,-10,-10	-10,9,-10,-10	ok
-0.686186	-26.456456	-48.741133	0.746793	continued:5	489473969894105793290234580880619	31282549346268347	-1,9,-10,-10,-10	-10,9,-10,-10	ok
-0.685185	-26.456456	-49.093725	0.745878	continued:5	489473969894105793290234580880619	31282549346268347	-1,9,-10,-10,-10	-10,9,-10,-10	ok
-0.684184	-26.456456	-49.396915	0.745504	continued:5	489473969894105793290234580880619	31282549346268347	-1,9,-10,-10,-10	-10,9,-10,-10	ok
-0.683183	-26.456456	-49.652909	0.745337	full	489473969894105793290234580880619	31282549346268347	-1,9,-10,-10,-10	-10,9,-10,-10	ok
-0.682182	-26.456456	-46.864196	0.754805	continued:5	489473969894105793290234580880619	31282549346268347	-1,9,-10,-10,-10	-10,9,-10,-10	ok
-0.681181	-26.456456	-47.419343	0.752012	continued:5	489473969894105793290234580880619	31282549346268347	-1,9,-10,-10,-10	-10,9,-10,-10	ok
-0.680180	-26.456456	-47.920025	0.749346	continued:5	489473969894105793290234580880619	31282549346268347	-1,9,-10,-10,-10	-10,9,-10,-10	ok
-0.679179	-26.456456	-48.370284	0.747221	continued:5	489473969894105793290234580880619	31282549346268347	-1,9,-10,-10,-10	-10,9,-10,-10	ok
-0.678178	-26.456456	-48.770057	0.745765	continued:5	489473969894105793290234580880619	31282549346268347	-1,9,-10,-10,-10	-10,9,-10,-10	ok
-0.677177	-26.456456	-49.119001	0.744930	continued:5	489473969894105793290234580880619	31282549346268347	-1,9,-10,-10,-10	-10,9,-10,-10	ok
-0.676176	-26.456456	-49.418173	0.744556	continued:5	489473969894105793290234580880619	31282549346268347	-1,9,-10,-10,-10	-10,9,-10,-10	ok
-0.675175	-26.456456	-49.670593	0.744389	full	489473969894105793290234580880619	31282549346268347	-1,9,-10,-10,-10	-10,9,-10,-10	ok
-0.674174	-26.456456	-46.911822	0.753777	continued:5	489473969894105793290234580880619	31282549346268347	-1,9,-10,-10,-10	-10,9,-10,-10	ok
-0.673173	-26.456456	-47.462219	0.750984	continued:5	489473969894105793290234580880619	31282549346268347	-1,9,-10,-10,-10	-10,9,-10,-10	ok
-0.672172	-26.456456	-47.958335	0.748318	continued:5	489473969894105793290234580880619	31282549346268347	-1,9,-10,-10,-10	-10,9,-10,-10	ok
-0.671171	-26.456456	-48.404227	0.746194	continued:5	489473969894105793290234580880619	31282549346268347	-1,9,-10,-10,-10	-10,9,-10,-10	ok
-0.670170	-26.456456	-48.799885	0.744817	continued:5	489473969894105793290234580880619	31282549346268347	-1,9,-10,-10,-10	-10,9,-10,-10	ok
-0.669169	-26.456456	-49.144327	0.743981	continued:5	489473969894105793290234580880619	31282549346268347	-1,9,-10,-10,-10	-10,9,-10,-10	ok
-0.668168	-26.456456	-49.439457	0.743607	continued:5	489473969894105793290234580880619	31282549346268347	-1,9,-10,-10,-10	-10,9,-10,-10	ok
-0.667167	-26.456456	-49.688291	0.743440	full	489473969894105793290234580880619	31282549346268347	-1,9,-10,-10,-10	-10,9,-10,-10	ok
-0.666166	-26.456456	-46.954600	0.752609	continued:5	489473969894105793290234580880619	31282549346268347	-1,9,-10,-10,-10	-10,9,-10,-10	ok
-0.665165	-26.456456	-47.502275	0.749815	continued:5	489473969894105793290234580880619	31282549346268347	-1,9,-10,-10,-10	-10,9,-10,-10	ok
-0.664164	-26.456456	-47.995519	0.747150	continued:5	489473969894105793290234580880619	31282549346268347	-1,9,-10,-10,-10	-10,9,-10,-10	ok
-0.663163	-26.456456	-48.438460	0.745232	continued:5	489473969894105793290234580880619	31282549346268347	-1,9,-10,-10,-10	-10,9,-10,-10	ok
-0.662162	-26.456456	-48.829335	0.743855	continued:5	489473969894105793290234580880619	31282549346268347	-1,9,-10,-10,-10	-10,9,-10,-10	ok
-0.661161	-26.456456	-49.169423	0.743019	continued:5	489473969894105793290234580880619	31282549346268347	-1,9,-10,-10,-10	-10,9,-10,-10	ok
-0.660160	-26.456456	-49.460642	0.742645	continued:5	489473969894105793290234580880619	31282549346268347	-1,9,-10,-10,-10	-10,9,-10,-10	ok
-0.659159	-26.456456	-49.706004	0.742478	full	489473969894105793290234580880619	31282549346268347	-1,9,-10,-10,-10	-10,9,-10,-10	ok
-0.658158	-26.456456	-46.998568	0.751537	continued:5	489473969894105793290234580880619	31282549346268347	-1,9,-10,-10,-10	-10,9,-10,-10	ok
-0.657157	-26.456456	-47.542335	0.748744	continued:5	489473969894105793290234580880619	31282549346268347	-1,9,-10,-10,-10	-10,9,-10,-10	ok
-0.656156	-26.456456	-48.031735	0.746078	continued:5	489473969894105793290234580880619	14732317585058792	-1,9,-10,-10,-10	-10,9,-10,9	ok
-0.655155	-26.456456	-48.470936	0.744160	continued:5	489473969894105793290234580880619	14732317585058792	-1,9,-10,-10,-10	-10,9,-10,9	ok
-0.654154	-26.456456	-48.858241	0.742783	continued:5	489473969894105793290234580880619	14732317585058792	-1,9,-10,-10,-10	-10,9,-10,9	ok
-0.653153	-26.456456	-49.194987	0.742075	continued:5	489473969894105793290234580880619	14732317585058792	-1,9,-10,-10,-10	-10,9,-10,9	ok
-0.652152	-26.456456	-49.482043	0.741701	continued:5	489473969894105793290234580880619	14732317585058792	-1,9,-10,-10,-10	-10,9,-10,9	ok
-0.651151	-26.456456	-49.723730	0.741534	full	489473969894105793290234580880619	14732317585058792	-1,9,-10,-10,-10	-10,9,-10,9	ok
-0.650150	-26.456456	-47.049030	0.750476	continued:5	489473969894105793290234580880619	14732317585058792	-1,9,-10,-10,-10	-10,9,-10,9	ok
-0.649149	-26.456456	-47.587782	0.747682	continued:5	489473969894105793290234580880619	14732317585058792	-1,9,-10,-10,-10	-10,9,-10,9	ok
-0.648148	-26.456456	-48.072386	0.745017	continued:5	489473969894105793290234580880619	14732317585058792	-1,9,-10,-10,-10	-10,9,-10,9	ok
-0.647147	-26.456456	-48.507031	0.743226	continued:5	108567450145445918247420788024204	14732317585058792	-1,9,-10,-10,9	-10,9,-10,9	ok
-0.646146	-26.456456	-48.888937	0.741849	continued:5	108567450145445918247420788024204	14732317585058792	-1,9,-10,-10,9	-10,9,-10,9	ok
-0.645145	-26.456456	-49.220829	0.741141	continued:5	108520588184674852847904761334452	14732317585058792	-1,9,9,-10,9	-10,9,-10,9	ok
-0.644144	-26.456456	-49.503573	0.740767	continued:5	108520588184674852847904761334452	14732317585058792	-1,9,9,-10,9	-10,9,-10,9	ok
-0.643143	-26.456456	-49.741470	0.740600	full	108520588184674852847904761334452	14732317585058792	-1,9,9,-10,9	-10,9,-10,9	ok
-0.642142	-26.456456	-47.094234	0.749307	continued:5	108520588184674852847904761334452	14732317585058792	-1,9,9,-10,9	-10,9,-10,9	ok
-0.641141	-26.456456	-47.629721	0.746514	continued:5	108520588184674852847904761334452	14732317585058792	-1,9,9,-10,9	-10,9,-10,9	ok
-0.640140	-26.456456	-48.111002	0.744055	continued:5	108520588184674852847904761334452	14732317585058792	-1,9,9,-10,9	-10,9,-10,9	ok
-0.639139	-26.456456	-48.540444	0.742137	continued:5	108520588184674852847904761334452	14732317585058792	-1,9,9,-10,9	-10,9,-10,9	ok
-0.638138	-26.456456	-48.918718	0.740888	continued:5	108520588184674852847904761334452	14732317585058792	-1,9,9,-10,9	-10,9,-10,9	ok
-0.637137	-26.456456	-49.246118	0.740180	continued:5	108520588184674852847904761334452	31282549346268347	-1,9,9,-10,9	-10,9,-10,-10	ok
-0.636136	-26.456456	-49.524857	0.739806	continued:5	108520588184674852847904761334452	31282549346268347	-1,9,9,-10,9	-10,9,-10,-10	ok
-0.635135	-26.456456	-49.759223	0.739639	full	108520588184674852847904761334452	31282549346268347	-1,9,9,-10,9	-10,9,-10,-10	ok
-0.634134	-26.456456	-46.549038	0.750920	continued:5	108520588184674852847904761334452	30124139508098357	-1,9,9,-10,9	-10,9,9,-10	ok
-0.633133	-26.456456	-47.141028	0.748126	continued:5	108520588184674852847904761334452	30124139508098357	-1,9,9,-10,9	-10,9,9,-10	ok
-0.632132	-26.456456	-47.672077	0.745333	continued:5	489298938976148065861213047892577	30124139508098357	-1,9,9,-10,-10	-10,9,9,-10	ok
-0.631131	-26.456456	-48.149034	0.742874	continued:5	453731883157558162833339771843827	30124139508098357	-1,9,9,9,-10	-10,9,9,-10	ok
-0.630130	-26.456456	-48.574318	0.740956	continued:5	453731883157558162833339771843827	30124139508098357	-1,9,9,9,-10	-10,9,9,-10	ok
-0.629129	-26.456456	-48.948665	0.739707	continued:5	453731883157558162833339771843827	30124139508098357	-1,9,9,9,-10	-10,9,9,-10	ok
-0.628128	-26.456456	-49.272422	0.738999	continued:5	453731883157558162833339771843827	30124139508098357	-1,9,9,9,-10	-10,9,9,-10	ok
-0.627127	-26.456456	-49.547837	0.738625	continued:5	453731883157558162833339771843827	14134177230126971	-1,9,9,9,-10	-10,9,9,9	ok
-0.626126	-26.456456	-49.779211	0.738585	full	99887480609913080653142721402689	14134177230126971	-1,9,9,9,9	-10,9,9,9	ok
-0.625125	-26.456456	-46.616019	0.749753	continued:5	99887480609913080653142721402689	14134177230126971	-1,9,9,9,9	-10,9,9,9	ok
-0.624124	-26.456456	-47.200902	0.746959	continued:5	99887480609913080653142721402689	14134177230126971	-1,9,9,9,9	-10,9,9,9	ok
-0.623123	-26.456456	-47.725350	0.744166	continued:5	99887480609913080653142721402689	14134177230126971	-1,9,9,9,9	-10,9,9,9	ok
-0.622122	-26.456456	-48.196123	0.741707	continued:5	99887480609913080653142721402689	14134177230126971	-1,9,9,9,9	-10,9,9,9	ok
-0.621121	-26.456456	-48.615651	0.739917	continued:5	99887480609913080653142721402689	14134177230126971	-1,9,9,9,9	-10,9,9,9	ok
-0.620120	-26.456456	-48.983575	0.738668	continued:5	99887480609913080653142721402689	14134177230126971	-1,9,9,9,9	-10,9,9,9	ok
-0.619119	-26.456456	-49.301613	0.737832	continued:5	99887480609913080653142721402689	14134177230126971	-1,9,9,9,9	-10,9,9,9	ok
-0.618118	-26.456456	-49.573079	0.737664	continued:5	99887480609913080653142721402689	14134177230126971	-1,9,9,9,9	-10,9,9,9	ok
-0.617117	-26.456456	-49.799215	0.737497	full	99887480609913080653142721402689	14134177230126971	-1,9,9,9,9	-10,9,9,9	ok
-0.616116	-26.456456	-46.672140	0.748447	continued:5	99887480609913080653142721402689	14134177230126971	-1,9,9,9,9	-10,9,9,9	ok
-0.615115	-26.456456	-47.252852	0.745653	continued:5	99887480609913080653142721402689	14134177230126971	-1,9,9,9,9	-10,9,9,9	ok
-0.614114	-26.456456	-47.773151	0.742860	continued:5	99887480609913080653142721402689	14134177230126971	-1,9,9,9,9	-10,9,9,9	ok
-0.613113	-26.456456	-48.239803	0.740529	continued:5	99887480609913080653142721402689	14134177230126971	-1,9,9,9,9	-10,9,9,9	ok
-0.612112	-26.456456	-48.654151	0.738739	continued:5	99887480609913080653142721402689	14134177230126971	-1,9,9,9,9	-10,9,9,9	ok
-0.611111	-26.456456	-49.017292	0.737489	continued:5	99887480609913080653142721402689	14134177230126971	-1,9,9,9,9	-10,9,9,9	ok
-0.610110	-26.456456	-49.330979	0.736781	continued:5	99887480609913080653142721402689	14134177230126971	-1,9,9,9,9	-10,9,9,9	ok
-0.609109	-26.456456	-49.597451	0.736614	continued:5	99887480609913080653142721402689	14134177230126971	-1,9,9,9,9	-10,9,9,9	ok
-0.608108	-26.456456	-49.819234	0.736447	full	99887480609913080653142721402689	14134177230126971	-1,9,9,9,9	-10,9,9,9	ok
-0.607107	-26.456456	-46.734249	0.747257	continued:5	99887480609913080653142721402689	14134177230126971	-1,9,9,9,9	-10,9,9,9	ok
-0.606106	-26.456456	-47.308639	0.744464	continued:5	99887480609913080653142721402689	14134177230126971	-1,9,9,9,9	-10,9,9,9	ok
-0.605105	-26.456456	-47.823003	0.741670	continued:5	99887480609913080653142721402689	14134177230126971	-1,9,9,9,9	-10,9,9,9	ok
-0.604104	-26.456456	-48.284062	0.739418	continued:5	99887480609913080653142721402689	14134177230126971	-1,9,9,9,9	-10,9,9,9	ok
-0.603103	-26.456456	-48.692469	0.737628	continued:5	99887480609913080653142721402689	14134177230126971	-1,9,9,9,9	-10,9,9,9	ok
-0.602102	-26.456456	-49.050216	0.736378	continued:5	99887480609913080653142721402689	14134177061995017	-1,9,9,9,9	9,9,9,9	ok
-0.601101	-26.456456	-49.359065	0.735670	continued:5	99887480609913080653142721402689	14134177061995017	-1,9,9,9,9	9,9,9,9	ok
-0.600100	-26.456456	-49.621249	0.735503	continued:5	99887480609913080653142721402689	14134177061995017	-1,9,9,9,9	9,9,9,9	ok
-0.599099	-26.456456	-49.839267	0.735336	full	99887480609913080653142721402689	14134177061995017	-1,9,9,9,9	9,9,9,9	ok
-0.598098	-26.456456	-46.797220	0.746018	continued:5	99887480609913080653142721402689	14134177061995017	-1,9,9,9,9	9,9,9,9	ok
-0.597097	-26.456456	-47.365562	0.743225	continued:5	99887480609913080653142721402689	14134177061995017	-1,9,9,9,9	9,9,9,9	ok
-0.596096	-26.456456	-47.874205	0.740432	continued:5	99887480609913080653142721402689	14134177061995017	-1,9,9,9,9	9,9,9,9	ok
-0.595095	-26.456456	-48.329840	0.738179	continued:5	99887480609913080653142721402689	14134177061995017	-1,9,9,9,9	9,9,9,9	ok
-0.594094	-26.456456	-48.733163	0.736389	continued:5	99887480609913080653142721402689	14134177061995017	-1,9,9,9,9	9,9,9,9	ok
-0.593093	-26.456456	-49.086212	0.735346	continued:5	99887480609913080653142721402689	14134177061995017	-1,9,9,9,9	9,9,9,9	ok
-0.592092	-26.456456	-49.388994	0.734638	continued:5	99887480609913080653142721402689	14134177061995017	-1,9,9,9,9	9,9,9,9	ok
-0.591091	-26.456456	-49.645881	0.734471	continued:5	99887480609913080653142721402689	14134177061995017	-1,9,9,9,9	9,9,9,9	ok
-0.590090	-26.456456	-49.859315	0.734304	full	99887480609913080653142721402689	14134177061995017	-1,9,9,9,9	9,9,9,9	ok
-0.589089	-26.456456	-46.863678	0.744829	continued:5	99887480609913080653142721402689	14134177061995017	-1,9,9,9,9	9,9,9,9	ok
-0.588088	-26.456456	-47.424856	0.742036	continued:5	99887480609913080653142721402689	14134177061995017	-1,9,9,9,9	9,9,9,9	ok
-0.587087	-26.456456	-47.926852	0.739243	continued:5	99887480609913080653142721402689	14134177061995017	-1,9,9,9,9	9,9,9,9	ok
-0.586086	-26.456456	-48.376300	0.736911	continued:5	99887480609913080653142721402689	14134177061995017	-1,9,9,9,9	9,9,9,9	ok
-0.585085	-26.456456	-48.774631	0.735328	continued:5	99887480609913080653142721402689	14134177061995017	-1,9,9,9,9	9,9,9,9	ok
-0.584084	-26.456456	-49.121239	0.734285	continued:5	99887480609913080653142721402689	14134177061995017	-1,9,9,9,9	9,9,9,9	ok
-0.583083	-26.456456	-49.418335	0.733577	continued:5	99887480609913080653142721402689	14134177061995017	-1,9,9,9,9	9,9,9,9	ok
-0.582082	-26.456456	-49.670252	0.733410	continued:5	99887480609913080653142721402689	14134177061995017	-1,9,9,9,9	9,9,9,9	ok
-0.581081	-26.456456	-49.879377	0.733243	full	99887480609913080653142721402689	14134177061995017	-1,9,9,9,9	9,9,9,9	ok
-0.580080	-26.456456	-46.924197	0.743562	continued:5	99887480609913080653142721402689	14134177061995017	-1,9,9,9,9	9,9,9,9	ok
-0.579079	-26.456456	-47.479807	0.740768	continued:5	99887480609913080653142721402689	14134177061995017	-1,9,9,9,9	9,9,9,9	ok
-0.578078	-26.456456	-47.976491	0.737975	continued:5	99887480609913080653142721402689	14134177061995017	-1,9,9,9,9	9,9,9,9	ok
-0.577077	-26.456456	-48.420882	0.735723	continued:5	99887480609913080653142721402689	14134177061995017	-1,9,9,9,9	9,9,9,9	ok
-0.576076	-26.456456	-48.813747	0.734267	continued:5	99887480609913080653142721402689	14134177061995017	-1,9,9,9,9	9,9,9,9	ok
-0.575075	-26.456456	-49.154252	0.733017	continued:5	99887480609913080653142721402689	14134177061995017	-1,9,9,9,9	9,9,9,9	ok
-0.574074	-26.456456	-49.447752	0.732516	continued:5	99887480609913080653142721402689	14134177061995017	-1,9,9,9,9	9,9,9,9	ok
-0.573073	-26.456456	-49.694659	0.732349	continued:5	99887480609913080653142721402689	14134177061995017	-1,9,9,9,9	9,9,9,9	ok
-0.572072	-26.456456	-49.899451	0.732182	full	99887480609913080653142721402689	14134177061995017	-1,9,9,9,9	9,9,9,9	ok
-0.571071	-26.456456	-46.989183	0.742403	continued:5	99887480609913080653142721402689	14134177061995017	-1,9,9,9,9	9,9,9,9	ok
-0.570070	-26.456456	-47.537372	0.739609	continued:5	99887480609913080653142721402689	14134177061995017	-1,9,9,9,9	9,9,9,9	ok
-0.569069	-26.456456	-48.027214	0.736816	continued:5	99887480609913080653142721402689	14134177061995017	-1,9,9,9,9	9,9,9,9	ok
-0.568068	-26.456456	-48.465296	0.734564	continued:5	99887480609913080653142721402689	14134177061995017	-1,9,9,9,9	9,9,9,9	ok
-0.567067	-26.456456	-48.852395	0.732980	continued:5	99887480609913080653142721402689	14134177061995017	-1,9,9,9,9	9,9,9,9	ok
-0.566066	-26.456456	-49.188823	0.731937	continued:5	99887480609913080653142721402689	14134177061995017	-1,9,9,9,9	9,9,9,9	ok
-0.565065	-26.456456	-49.476809	0.731436	continued:5	99887480609913080653142721402689	14134177061995017	-1,9,9,9,9	9,9,9,9	ok
-0.564064	-26.456456	-49.718907	0.731269	continued:5	99887480609913080653142721402689	14134177061995017	-1,9,9,9,9	9,9,9,9	ok
-0.563063	-26.456456	-49.919538	0.731101	full	99887480609913080653142721402689	14134177061995017	-1,9,9,9,9	9,9,9,9	ok
-0.562062	-26.456456	-47.052844	0.741051	continued:5	99887480609913080653142721402689	14134177061995017	-1,9,9,9,9	9,9,9,9	ok
-0.561061	-26.456456	-47.595633	0.738257	continued:5	99887480609913080653142721402689	14134177061995017	-1,9,9,9,9	9,9,9,9	ok
-0.560060	-26.456456	-48.080281	0.735592	continued:5	99887480609913080653142721402689	14134177061995017	-1,9,9,9,9	9,9,9,9	ok
-0.559059	-26.456456	-48.512210	0.733467	continued:5	99887480609913080653142721402689	14134177061995017	-1,9,9,9,9	9,9,9,9	ok
-0.558058	-26.456456	-48.892514	0.731883	continued:5	99887480609913080653142721402689	14134177061995017	-1,9,9,9,9	9,9,9,9	ok
-0.557057	-26.456456	-49.222898	0.730841	continued:5	99887480609913080653142721402689	14134177061995017	-1,9,9,9,9	9,9,9,9	ok
-0.556056	-26.456456	-49.505562	0.730339	continued:5	99887480609913080653142721402689	14134177061995017	-1,9,9,9,9	9,9,9,9	ok
-0.555055	-26.456456	-49.743020	0.730172	continued:5	99887480609913080653142721402689	14134177061995017	-1,9,9,9,9	9,9,9,9	ok
-0.554054	-26.456456	-49.939638	0.729798	full	99887480609913080653142721402689	14134177061995017	-1,9,9,9,9	9,9,9,9	ok
-0.553053	-26.456456	-47.119270	0.739832	continued:5	99887480609913080653142721402689	14134177061995017	-1,9,9,9,9	9,9,9,9	ok
-0.552052	-26.456456	-47.654813	0.737039	continued:5	99887480609913080653142721402689	14134177061995017	-1,9,9,9,9	9,9,9,9	ok
-0.551051	-26.456456	-48.132758	0.734373	continued:5	99887480609913080653142721402689	14134177061995017	-1,9,9,9,9	9,9,9,9	ok
-0.550050	-26.456456	-48.558498	0.732249	continued:5	99887480609913080653142721402689	14134177061995017	-1,9,9,9,9	9,9,9,9	ok
-0.549049	-26.456456	-48.933148	0.730793	continued:5	99887480609913080653142721402689	14134177061995017	-1,9,9,9,9	9,9,9,9	ok
-0.548048	-26.456456	-49.257305	0.729750	continued:5	99887480609913080653142721402689	14134177061995017	-1,9,9,9,9	9,9,9,9	ok
-0.547047	-26.456456	-49.534510	0.729249	continued:5	99887480609913080653142721402689	14134177061995017	-1,9,9,9,9	9,9,9,9	ok
-0.546046	-26.456456	-49.767222	0.729081	continued:5	99887480609913080653142721402689	14134177061995017	-1,9,9,9,9	9,9,9,9	ok
-0.545045	-26.456456	-49.959748	0.728373	full	99887480609913080653142721402689	14134177061995017	-1,9,9,9,9	9,9,9,9	ok
-0.544044	-26.456456	-47.183651	0.738612	continued:5	99887480609913080653142721402689	14134177061995017	-1,9,9,9,9	9,9,9,9	ok
-0.543043	-26.456456	-47.712180	0.735819	continued:5	99887480609913080653142721402689	14134177061995017	-1,9,9,9,9	9,9,9,9	ok
-0.542042	-26.456456	-48.183631	0.733153	continued:5	99887480609913080653142721402689	14134177061995017	-1,9,9,9,9	9,9,9,9	ok
-0.541041	-26.456456	-48.603378	0.731029	continued:5	99887480609913080653142721402689	14134177061995017	-1,9,9,9,9	9,9,9,9	ok
-0.540040	-26.456456	-48.972558	0.729573	continued:5	99887480609913080653142721402689	14134177061995017	-1,9,9,9,9	9,9,9,9	ok
-0.539039	-26.456456	-49.291784	0.728658	continued:5	99887480609913080653142721402689	14134177061995017	-1,9,9,9,9	9,9,9,9	ok
-0.538038	-26.456456	-49.563494	0.728157	continued:5	99887480609913080653142721402689	14134177061995017	-1,9,9,9,9	9,9,9,9	ok
-0.537037	-26.456456	-49.791443	0.727989	continued:5	99887480609913080653142721402689	14134177061995017	-1,9,9,9,9	9,9,9,9	ok
-0.536036	-26.456456	-49.979870	0.726947	full	99887480609913080653142721402689	14134177061995017	-1,9,9,9,9	9,9,9,9	ok
-0.535035	-26.456456	-46.712587	0.739791	continued:5	99887480609913080653142721402689	14134177061995017	-1,9,9,9,9	9,9,9,9	ok
-0.534034	-26.456456	-47.293766	0.736998	continued:5	99887480609913080653142721402689	14134177061995017	-1,9,9,9,9	9,9,9,9	ok
-0.533033	-26.456456	-47.810871	0.734205	continued:5	99887480609913080653142721402689	14134177061995017	-1,9,9,9,9	9,9,9,9	ok
-0.532032	-26.456456	-48.271869	0.731539	continued:5	99887480609913080653142721402689	14134177061995017	-1,9,9,9,9	9,9,9,9	ok
-0.531031	-26.456456	-48.682068	0.729621	continued:5	99887480609913080653142721402689	14134177061995017	-1,9,9,9,9	9,9,9,9	ok
-0.530030	-26.456456	-49.040754	0.728244	continued:5	99887480609913080653142721402689	14134177061995017	-1,9,9,9,9	9,9,9,9	ok
-0.529029	-26.456456	-49.350060	0.727408	continued:5	99887480609913080653142721402689	14134177061995017	-1,9,9,9,9	9,9,9,9	ok
-0.528028	-26.456456	-49.612488	0.727034	continued:5	99887480609913080653142721402689	14134177061995017	-1,9,9,9,9	9,9,9,9	ok
-0.527027	-26.456456	-49.831404	0.727536	full	99887480609913080653142721402689	14134177061995017	-1,9,9,9,9	9,9,9,9	ok
-0.526026	-26.456456	-46.773582	0.738475	continued:5	99887480609913080653142721402689	14134177061995017	-1,9,9,9,9	9,9,9,9	ok
-0.525025	-26.456456	-47.349570	0.735682	continued:5	99887480609913080653142721402689	14134177061995017	-1,9,9,9,9	9,9,9,9	ok
-0.524024	-26.456456	-47.861714	0.732888	continued:5	99887480609913080653142721402689	14134177061995017	-1,9,9,9,9	9,9,9,9	ok
-0.523023	-26.456456	-48.317957	0.730429	continued:5	99887480609913080653142721402689	14134177061995017	-1,9,9,9,9	9,9,9,9	ok
-0.522022	-26.456456	-48.721756	0.728511	continued:5	99887480609913080653142721402689	14134177061995017	-1,9,9,9,9	9,9,9,9	ok
-0.521021	-26.456456	-49.074713	0.727134	continued:5	99887480609913080653142721402689	14134177061995017	-1,9,9,9,9	9,9,9,9	ok
-0.520020	-26.456456	-49.378942	0.726298	continued:5	99887480609913080653142721402689	14134177061995017	-1,9,9,9,9	9,9,9,9	ok
-0.519019	-26.456456	-49.636918	0.725925	continued:5	99887480609913080653142721402689	14134177061995017	-1,9,9,9,9	9,9,9,9	ok
-0.518018	-26.456456	-49.851963	0.726092	full	99887480609913080653142721402689	14134177061995017	-1,9,9,9,9	9,9,9,9	ok
-0.517017	-26.456456	-46.833645	0.737181	continued:5	99887480609913080653142721402689	14134177061995017	-1,9,9,9,9	9,9,9,9	ok
-0.516016	-26.456456	-47.404275	0.734387	continued:5	99887480609913080653142721402689	14134177061995017	-1,9,9,9,9	9,9,9,9	ok
-0.515015	-26.456456	-47.911331	0.731594	continued:5	99887480609913080653142721402689	14134177061995017	-1,9,9,9,9	9,9,9,9	ok
-0.514014	-26.456456	-48.362735	0.729135	continued:5	99887480609913080653142721402689	14134177061995017	-1,9,9,9,9	9,9,9,9	ok
-0.513013	-26.456456	-48.761981	0.727345	continued:5	99887480609913080653142721402689	14134177061995017	-1,9,9,9,9	9,9,9,9	ok
-0.512012	-26.456456	-49.109579	0.726096	continued:5	99887480609913080653142721402689	14134177061995017	-1,9,9,9,9	9,9,9,9	ok
-0.511011	-26.456456	-49.407920	0.725260	continued:5	99887480609913080653142721402689	14134177061995017	-1,9,9,9,9	9,9,9,9	ok
-0.510010	-26.456456	-49.660793	0.724758	continued:5	99887480609913080653142721402689	14134177061995017	-1,9,9,9,9	9,9,9,9	ok
-0.509009	-26.456456	-49.872533	0.724719	full	99887480609913080653142721402689	14134177061995017	-1,9,9,9,9	9,9,9,9	ok
-0.508008	-26.456456	-46.901853	0.735929	continued:5	99887480609913080653142721402689	14134177061995017	-1,9,9,9,9	9,9,9,9	ok
-0.507007	-26.456456	-47.465323	0.733136	continued:5	99887480609913080653142721402689	14134177061995017	-1,9,9,9,9	9,9,9,9	ok
-0.506006	-26.456456	-47.965783	0.730342	continued:5	99887480609913080653142721402689	14134177061995017	-1,9,9,9,9	9,9,9,9	ok
-0.505005	-26.456456	-48.411088	0.728011	continued:5	99887480609913080653142721402689	14134177061995017	-1,9,9,9,9	9,9,9,9	ok
-0.504004	-26.456456	-48.803572	0.726221	continued:5	99887480609913080653142721402689	14134177061995017	-1,9,9,9,9	9,9,9,9	ok
-0.503003	-26.456456	-49.145154	0.724972	continued:5	99887480609913080653142721402689	14134177061995017	-1,9,9,9,9	9,9,9,9	ok
-0.502002	-26.456456	-49.438199	0.724136	continued:5	99887480609913080653142721402689	14134177061995017	-1,9,9,9,9	9,9,9,9	ok
-0.501001	-26.456456	-49.686453	0.723762	continued:5	99887480609913080653142721402689	14134177061995017	-1,9,9,9,9	9,9,9,9	ok
-0.500000	-26.456456	-49.893112	0.723595	full	99887480609913080653142721402689	14134177061995017	-1,9,9,9,9	9,9,9,9	ok
