alpha	lambda	critical_state	critical_kind	critical_source	critical_theta	critical_theta_dx	critical_theta_dxx	critical_refine_mode	critical_scan_mode	critical_refine_input_x	critical_scan_best_x	critical_scan_left_x	critical_scan_right_x	critical_scan_spacing	critical_trace_len	critical_bracketed	absxmax_count	absxmax_dot_values	status
0.249699	0.200000	1.715794180,0.000000000,1.363615006	maximum	continued_angle_scan_grad_tol	1.570762148	-0.000000866	NaN	scan_grad_tol	sign_change_pair	1.717535327	1.837535327	1.702535327	1.717535327	0.015000000	5	true	16	-0.988263237,-0.375171843,0.567026173,0.921950540,-0.105468036,-0.955882588,-0.416406937,0.619106570,0.884015773,-0.154644863,-0.973161602,-0.364379370,0.660539069,0.849124149,-0.203121935,-0.986559977	ok
0.249699	0.202806	1.717535327,0.000000000,1.363615006	maximum	continued_angle_scan_grad_tol	1.570762027	-0.000000831	NaN	scan_grad_tol	sign_change_pair	1.719280582	1.839280582	1.704280582	1.719280582	0.015000000	5	true	16	-0.987986162,-0.347376667,0.667776836,0.842467021,-0.310600180,-0.999897309,-0.118115978,0.871848863,0.571188208,-0.568214114,-0.919432484,0.179704442,0.986987801,0.262707847,-0.788526503,-0.702576824	ok
0.249699	0.205611	1.719280582,0.000000000,1.363615006	maximum	continued_angle_scan_grad_tol	1.570761910	-0.000000790	NaN	scan_grad_tol	sign_change_pair	1.721029960	1.841029960	1.706029960	1.721029960	0.015000000	5	true	16	-0.987707054,-0.314941824,0.759965690,0.735849323,-0.516200274,-0.947724833,0.207286589,0.995509499,0.145496743,-0.890088347,-0.513513828,0.683877516,0.823509035,-0.410810698,-0.985651915,0.085245839	ok
0.249699	0.208417	1.721029960,0.000000000,1.363615006	maximum	continued_angle_scan_grad_tol	1.570761798	-0.000000743	NaN	scan_grad_tol	sign_change_pair	1.722783479	1.842783479	1.707783479	1.722783479	0.015000000	5	true	16	-0.987426055,-0.276806677,0.838525053,0.597035093,-0.701956295,-0.801619930,0.524005073,0.942645951,-0.314261490,-0.998338986,0.073780612,0.979134569,0.190086799,-0.901225950,-0.458896387,0.778276847	ok
0.249699	0.211222	1.722783479,0.000000000,1.363615006	maximum	continued_angle_scan_grad_tol	1.570761691	-0.000000692	NaN	scan_grad_tol	sign_change_pair	1.724541155	1.844541155	1.709541155	1.724541155	0.015000000	5	true	16	-0.987143205,-0.231638287,0.900573498,0.419148075,-0.848744887,-0.557162761,0.780709176,0.688180228,-0.702546236,-0.798261096,0.613641855,0.884791248,-0.513834050,-0.946376991,0.402830763,0.983826574	ok
0.249699	0.214028	1.724541155,0.000000000,1.363615006	maximum	continued_angle_scan_grad_tol	1.570761590	-0.000000636	NaN	scan_grad_tol	sign_change_pair	1.726303004	1.846303004	1.711303004	1.726303004	0.015000000	5	true	16	-0.986858488,-0.177783953,0.945770270,0.199228619,-0.946484950,-0.214091362,0.942466326,0.229732143,-0.938802691,-0.245266460,0.934990754,0.260807198,-0.931081287,-0.276332450,0.927070040,0.291836953	ok
0.249699	0.216834	1.726303004,0.000000000,1.363615006	maximum	continued_angle_scan_grad_tol	1.570761494	-0.000000577	NaN	scan_grad_tol	sign_change_pair	1.728069044	1.848069044	1.713069044	1.728069044	0.015000000	5	true	16	-0.986572030,-0.113255147,0.975711837,-0.052326457,-0.994297773,0.181812045,0.999969628,-0.304117111,-0.995081238,0.413960664,0.977477591,-0.511899795,-0.944857126,0.598579617,0.894820317,-0.674946321	ok
0.249699	0.219639	1.728069044,0.000000000,1.363615006	maximum	continued_angle_scan_grad_tol	1.570761403	-0.000000517	NaN	scan_grad_tol	sign_change_pair	1.729839292	1.849839292	1.714839292	1.729839292	0.015000000	5	true	16	-0.986283846,-0.035802946,0.992886837,-0.306807743,-0.993150584,0.532633434,0.934095838,-0.702589667,-0.788580416,0.826575672,0.538630090,-0.915475854,-0.212766175,0.973931657,-0.115382243,-0.999551299	ok
0.249699	0.222445	1.729839292,0.000000000,1.363615006	maximum	continued_angle_scan_grad_tol	1.570761318	-0.000000455	NaN	scan_grad_tol	sign_change_pair	1.731613765	1.851613765	1.716613765	1.731613765	0.015000000	5	true	16	-0.985993997,0.056790522,0.999702061,-0.529513445,-0.934668226,0.773822710,0.653790564,-0.916993813,-0.126075922,0.990738567,-0.369929918,-0.982458222,0.681906802,0.812748125,-0.863560840,-0.375048127	ok
0.249699	0.225251	1.731613765,0.000000000,1.363615006	maximum	continued_angle_scan_grad_tol	1.570761239	-0.000000393	NaN	scan_grad_tol	sign_change_pair	1.733392482	1.853392482	1.718392482	1.733392482	0.015000000	5	true	16	-0.985702529,0.166016974,0.997721392,-0.700675221,-0.783638875,0.913142973,0.054411634,-0.998024959,0.572935018,0.910379714,-0.855669661,-0.354468742,0.980790033,-0.400098381,-0.974791393,0.779847488	ok
0.249699	0.228056	1.733392482,0.000000000,1.363615006	maximum	continued_angle_scan_grad_tol	1.570761167	-0.000000332	NaN	scan_grad_tol	sign_change_pair	1.735175459	1.855175459	1.720175459	1.735175459	0.015000000	5	true	16	-0.985409514,0.291358448,0.986815865,-0.820879453,-0.456839276,0.982557290,-0.532725928,-0.931385514,0.886429710,0.117791338,-0.998441708,0.679540663,0.810803968,-0.935172749,0.200051274,0.995582676	ok
0.249699	0.230862	1.735175459,0.000000000,1.363615006	maximum	continued_angle_scan_grad_tol	1.570761100	-0.000000273	NaN	scan_grad_tol	sign_change_pair	1.736962715	1.856962715	1.721962715	1.736962715	0.015000000	5	true	16	-0.985114957,0.428559352,0.963156603,-0.901209669,0.082833917,0.998368370,-0.830116500,-0.360862893,0.994407810,-0.725626691,-0.727239105,0.970038443,-0.561241410,-0.916138460,0.930029898,-0.293209138	ok
0.249699	0.233667	1.736962715,0.000000000,1.363615006	maximum	continued_angle_scan_grad_tol	1.570761040	-0.000000217	NaN	scan_grad_tol	sign_change_pair	1.738754269	1.858754269	1.723754269	1.738754269	0.015000000	5	true	16	-0.984818960,0.568505101,0.911752932,-0.953629968,0.573094096,0.908744104,-0.957083883,0.597499114,0.892462980,-0.961101580,0.620723198,0.873686391,-0.964956085,0.642441205,0.852459310,-0.968634203	ok
0.249699	0.236473	1.738754269,0.000000000,1.363615006	maximum	continued_angle_scan_grad_tol	1.570760987	-0.000000165	NaN	scan_grad_tol	sign_change_pair	1.740550139	1.860550139	1.725550139	1.740550139	0.015000000	5	true	16	-0.984521568,0.698585552,0.769112442,-0.986672421,0.831945079,0.197177757,-0.999895874,0.911674416,-0.434669819,-0.960126265,0.960822381,-0.722080759,-0.716633199,0.991385457,-0.852057240,-0.041877243	ok
0.249699	0.239279	1.740550139,0.000000000,1.363615006	maximum	continued_angle_scan_grad_tol	1.570760940	-0.000000118	NaN	scan_grad_tol	sign_change_pair	1.742350345	1.862350345	1.727350345	1.742350345	0.015000000	5	true	16	-0.984222779,0.807157521,0.236007429,-0.999714087,0.946748568,-0.752739635,-0.602029086,0.998605125,-0.928296480,0.664982319,0.821447214,-0.992523977,0.905773797,-0.529491937,-0.929705265,0.983195511	ok
0.249699	0.242084	1.742350345,0.000000000,1.363615006	maximum	continued_angle_scan_grad_tol	1.570760900	-0.000000078	NaN	scan_grad_tol	sign_change_pair	1.744154904	1.864154904	1.729154904	1.744154904	0.015000000	5	true	16	-0.983922692,0.888231576,-0.649732244,-0.839434215,0.996881310,-0.950912707,0.843752635,-0.147621165,-0.987576192,0.980763801,-0.916670991,0.712889479,0.719936508,-0.999011886,0.957643239,-0.862792769	ok
0.249699	0.244890	1.744154904,0.000000000,1.363615006	maximum	continued_angle_scan_grad_tol	1.570760868	-0.000000044	NaN	scan_grad_tol	sign_change_pair	1.745963838	1.865963838	1.730963838	1.745963838	0.015000000	5	true	16	-0.983621350,0.942579845,-0.918831202,0.786122970,0.296543160,-0.997288285,0.986089359,-0.956448162,0.910369921,-0.780189571,-0.351141673,0.997921360,-0.985464548,0.955602235,-0.908780663,0.773567927	ok
0.249699	0.247695	1.745963838,0.000000000,1.363615006	maximum	continued_angle_scan_grad_tol	1.570760842	-0.000000020	NaN	scan_grad_tol	sign_change_pair	1.747777165	1.867777165	1.732777165	1.747777165	0.015000000	5	true	16	-0.983318801,0.975239019,-0.977564881,0.961479567,-0.954936583,0.942950613,-0.927428747,0.898716851,-0.817975997,0.169627102,0.981435975,-0.997020091,0.985482651,-0.975252697,0.966152815,-0.957074852	ok
0.249699	0.250501	1.747777165,0.000000000,1.363615006	maximum	continued_angle_scan_grad_tol	1.570760824	-0.000000004	NaN	scan_grad_tol	sign_change_pair	1.749594905	1.869594905	1.734594905	1.749594905	0.015000000	5	true	16	-0.983015095,0.992328968,-0.993958293,0.989964149,-0.990896366,0.990091999,-0.990179920,0.990042974,-0.990039954,0.990015109,-0.990011028,0.990006054,-0.990004640,0.990003535,-0.990003116,0.990002867	ok
0.249699	0.253307	1.749594905,0.000000000,1.363615006	maximum	continued_angle_scan_grad_tol	1.570760814	-0.000000000	NaN	scan_grad_tol	sign_change_pair	1.751417080	1.871417080	1.736417080	1.751417080	0.015000000	5	true	16	-0.982710282,0.999150536,-0.998873421,0.998353535,-0.998626671,0.998489023,-0.998547226,0.998520906,-0.998531987,0.998527091,-0.998529174,0.998528264,-0.998528656,0.998528488,-0.998528573,0.998528539	ok
0.249699	0.256112	1.751417080,0.000000000,1.363615006	maximum	continued_angle_scan_grad_tol	1.570760812	-0.000000007	NaN	scan_grad_tol	sign_change_pair	1.753243709	1.873243709	1.738243709	1.753243709	0.015000000	5	true	16	-0.982404415,0.999616700,-0.999980896,0.999980359,-0.999997220,0.999989992,-0.999993820,0.999991974,-0.999992901,0.999992445,-0.999992671,0.999992559,-0.999992614,0.999992586,-0.999992600,0.999992594	ok
0.249699	0.258918	1.753243709,0.000000000,1.363615006	maximum	continued_angle_scan_grad_tol	1.570760818	-0.000000023	NaN	scan_grad_tol	sign_change_pair	1.755074814	1.875074814	1.740074814	1.755074814	0.015000000	5	true	16	-0.982097548,0.996374330,-0.999758744,0.998275790,-0.999122109,0.998660039,-0.998918106,0.998776725,-0.998855085,0.998811994,-0.998835785,0.998822682,-0.998829920,0.998825924,-0.998828121,0.998826901	ok
0.249699	0.261723	1.755074814,0.000000000,1.363615006	maximum	continued_angle_scan_grad_tol	1.570760832	-0.000000047	NaN	scan_grad_tol	sign_change_pair	1.756910416	1.876910416	1.741910416	1.756910416	0.015000000	5	true	16	-0.981789674,0.991125214,-0.999160001,0.994605802,-0.997476037,0.995756080,-0.996811824,0.996178271,-0.996563303,0.996331313,-0.996471797,0.996386997,-0.996438277,0.996407262,-0.996426030,0.996414714	ok
0.249699	0.264529	1.756910416,0.000000000,1.363615006	maximum	continued_angle_scan_grad_tol	1.570760855	-0.000000076	NaN	scan_grad_tol	sign_change_pair	1.758750537	1.878750537	1.743750537	1.758750537	0.015000000	5	true	16	-0.981480913,0.984928398,-0.998592692,0.989690563,-0.995755315,0.991791968,-0.994421502,0.992707529,-0.993835015,0.993098696,-0.993581599,0.993265776,-0.993472711,0.993337348,-0.993425955,0.993367964	ok
0.249699	0.267335	1.758750537,0.000000000,1.363615006	maximum	continued_angle_scan_grad_tol	1.570760886	-0.000000108	NaN	scan_grad_tol	sign_change_pair	1.760595199	1.880595199	1.745595199	1.760595199	0.015000000	5	true	16	-0.981171317,0.978426008,-0.998237449,0.983992350,-0.994340389,0.987013728,-0.992209640,0.988555117,-0.991131304,0.989320857,-0.990594886,0.989699489,-0.990329187,0.989886602,-0.990197840,0.989979021	ok
0.249699	0.270140	1.760595199,0.000000000,1.363615006	maximum	continued_angle_scan_grad_tol	1.570760927	-0.000000140	NaN	scan_grad_tol	sign_change_pair	1.762444424	1.882444424	1.747444424	1.762444424	0.015000000	5	true	16	-0.980860838,0.971996335,-0.998164415,0.977848785,-0.993457060,0.981571300,-0.990507760,0.983762932,-0.988816816,0.985015152,-0.987863181,0.985724055,-0.987327118,0.986123969,-0.987025818,0.986349196	ok
0.249699	0.272946	1.762444424,0.000000000,1.363615006	maximum	continued_angle_scan_grad_tol	1.570760976	-0.000000172	NaN	scan_grad_tol	sign_change_pair	1.764298234	1.884298234	1.749298234	1.764298234	0.015000000	5	true	16	-0.980549634,0.965852994,-0.998377048,0.971524619,-0.993241046,0.975599338,-0.989577874,0.978320660,-0.987227170,0.980088156,-0.985743748,0.981223301,-0.984809344,0.981947992,-0.984220212,0.982409094	ok
0.249699	0.275752	1.764298234,0.000000000,1.363615006	maximum	continued_angle_scan_grad_tol	1.570761034	-0.000000201	NaN	scan_grad_tol	sign_change_pair	1.766156654	1.886156654	1.751156654	1.766156654	0.015000000	5	true	16	-0.980237687,0.960107709,-0.998823879,0.965231942,-0.993758347,0.969257111,-0.989632610,0.972242144,-0.986695190,0.974412121,-0.984644071,0.975975814,-0.983213243,0.977095982,-0.982212808,0.977895176	ok
0.249699	0.278557	1.766156654,0.000000000,1.363615006	maximum	continued_angle_scan_grad_tol	1.570761103	-0.000000224	NaN	scan_grad_tol	sign_change_pair	1.768019707	1.888019707	1.753019707	1.768019707	0.015000000	5	true	16	-0.979925061,0.954809690,-0.999391070,0.959138967,-0.994993037,0.962740983,-0.990820069,0.965630566,-0.987539575,0.967929554,-0.985029736,0.969756035,-0.983112602,0.971204895,-0.981643181,0.972351971	ok
0.249699	0.281363	1.768019707,0.000000000,1.363615006	maximum	continued_angle_scan_grad_tol	1.570761180	-0.000000240	NaN	scan_grad_tol	sign_change_pair	1.769887416	1.889887416	1.754887416	1.769887416	0.015000000	5	true	16	-0.979611815,0.949970378,-0.999877661,0.953373831,-0.996794051,0.956275492,-0.993152521,0.958716010,-0.989983071,0.960775358,-0.987349078,0.962527678,-0.985173230,0.964028078,-0.983369930,0.965318186	ok
0.249699	0.284168	1.769887416,0.000000000,1.363615006	maximum	continued_angle_scan_grad_tol	1.570761268	-0.000000248	NaN	scan_grad_tol	sign_change_pair	1.771759806	1.891759806	1.756759806	1.771759806	0.015000000	5	true	16	-0.979298008,0.945578761,-0.999949342,0.948027772,-0.998755580,0.950088879,-0.996321931,0.951841892,-0.993907125,0.953347733,-0.991735121,0.954661593,-0.989823789,0.955823401,-0.988145334,0.956861956	ok
0.249699	0.286974	1.771759806,0.000000000,1.363615006	maximum	continued_angle_scan_grad_tol	1.570761366	-0.000000244	NaN	scan_grad_tol	sign_change_pair	1.773636901	1.893636901	1.758636901	1.773636901	0.015000000	5	true	16	-0.978983620,0.941611154,-0.999060998,0.943159103,-0.999976617,0.944384113,-0.999289242,0.945395241,-0.998252521,0.946236382,-0.997190178,0.946947197,-0.996196386,0.947556462,-0.995294575,0.948085038	ok
0.249699	0.289780	1.773636901,0.000000000,1.363615006	maximum	continued_angle_scan_grad_tol	1.570761474	-0.000000227	NaN	scan_grad_tol	sign_change_pair	1.775518728	1.895518728	1.760518728	1.775518728	0.015000000	5	true	16	-0.978668742,0.938037221,-0.996332469,0.938798658,-0.998609045,0.939317222,-0.999471929,0.939712936,-0.999823543,0.940013317,-0.999958712,0.940243038,-0.999997953,0.940420006,-0.999994786,0.940557140	ok
0.249699	0.292585	1.775518728,0.000000000,1.363615006	maximum	continued_angle_scan_grad_tol	1.570761593	-0.000000196	NaN	scan_grad_tol	sign_change_pair	1.777405311	1.897405311	1.762405311	1.777405311	0.015000000	5	true	16	-0.978353385,0.934823752,-0.990357278,0.934956831,-0.991082645,0.934992579,-0.991437665,0.935018532,-0.991655686,0.935035065,-0.991791435,0.935045578,-0.991876618,0.935052261,-0.991930287,0.935056507	ok
0.249699	0.295391	1.777405311,0.000000000,1.363615006	maximum	continued_angle_scan_grad_tol	1.570761722	-0.000000147	NaN	scan_grad_tol	sign_change_pair	1.779296677	1.899296677	1.764296677	1.779296677	0.015000000	5	true	16	-0.978037631,0.931936995,-0.978928251,0.931632998,-0.971025935,0.931484359,-0.965747540,0.931433064,-0.962768190,0.931414866,-0.961211959,0.931408002,-0.960430962,0.931405207,-0.960046876,0.931403985	ok
0.249699	0.298196	1.779296677,0.000000000,1.363615006	maximum	continued_angle_scan_grad_tol	1.570761863	-0.000000081	NaN	scan_grad_tol	sign_change_pair	1.781192851	1.901192851	1.766192851	1.781192851	0.015000000	5	true	16	-0.977721516,0.929344095,-0.958699305,0.928829553,-0.928576163,0.928909633,-0.910583510,0.929104782,-0.902891293,0.929215631,-0.900067083,0.929260445,-0.899092131,0.929276431,-0.898763111,0.929281887	ok
0.249699	0.301002	1.781192851,0.000000000,1.363615006	maximum	continued_angle_scan_grad_tol	1.570762014	-0.000000002	NaN	scan_grad_tol	sign_change_pair	1.783093863	1.903093863	1.768093863	1.783093863	0.015000000	5	true	16	-0.977405096,0.927013894,-0.924921455,0.926580068,-0.852376650,0.927729735,-0.819389579,0.928790861,-0.810614561,0.929161697,-0.808735181,0.929247416,-0.808366785,0.929264513,-0.808296890,0.929267767	ok
0.249699	0.303808	1.783093863,0.000000000,1.363615006	maximum	continued_angle_secant_step_tol	1.570762173	-0.000002644	NaN	secant_step_tol	sign_change_pair	1.784999739	1.904999739	1.769999739	1.784999739	0.015000000	6	true	16	-0.977088340,0.924917409,-0.871652393,0.925036262,-0.737061279,0.931913350,-0.696629626,0.942742111,-0.682524180,0.953371447,-0.669467836,0.977612429,-0.629231835,-0.881577866,0.734511536,-0.932309702	ok
0.249699	0.306613	1.784999739,0.000000000,1.363615006	maximum	continued_angle_secant_step_tol	1.570762346	-0.000003124	NaN	secant_step_tol	sign_change_pair	1.786910506	1.906910506	1.771910506	1.786910506	0.015000000	6	true	16	-0.976771390,0.923027999,-0.793158823,0.924934599,-0.591862209,-0.905487605,0.598921406,0.903773272,-0.601714168,-0.902946622,0.602405685,0.902729635,-0.602612777,-0.902663400,0.602674057,0.902643711	ok
0.249699	0.309419	1.786910506,0.000000000,1.363615006	maximum	continued_angle_secant_step_tol	1.570762533	-0.000003122	NaN	secant_step_tol	sign_change_pair	1.788826194	1.908826194	1.773826194	1.788826194	0.015000000	6	true	16	-0.976454185,0.921321450,-0.686989224,0.937238725,-0.425616641,-0.914761174,0.476826945,0.913778609,-0.472966004,-0.913873045,0.473871515,0.913851327,-0.473687164,-0.913855766,0.473725152,0.913854847	ok
0.249699	0.312224	1.788826194,0.000000000,1.363615006	maximum	continued_angle_secant_step_tol	1.570762731	-0.000003119	NaN	secant_step_tol	sign_change_pair	1.790746832	1.910746832	1.775746832	1.790746832	0.015000000	6	true	16	-0.976136833,0.919775907,-0.557420387,-0.909880081,0.325035753,0.915043717,-0.378467391,-0.914554838,0.358006320,0.914753401,-0.364667894,-0.914690891,0.362414099,0.914712256,-0.363167116,-0.914705146	ok
0.249699	0.315030	1.790746832,0.000000000,1.363615006	maximum	continued_angle_secant_step_tol	1.570762941	-0.000003112	NaN	secant_step_tol	sign_change_pair	1.792672450	1.912672450	1.777672450	1.792672450	0.015000000	6	true	16	-0.975819360,0.918371787,-0.415798051,-0.913364314,0.214316698,0.914882522,-0.292180009,-0.914400365,0.253997151,0.914641834,-0.270965617,-0.914536435,0.263061278,0.914585841,-0.266667077,-0.914563374	ok
0.249699	0.317836	1.792672450,0.000000000,1.363615006	maximum	continued_angle_secant_step_tol	1.570763164	-0.000003104	NaN	secant_step_tol	sign_change_pair	1.794603078	1.914603078	1.779603078	1.794603078	0.015000000	6	true	16	-0.975501794,0.917091593,-0.276051170,-0.913654198,0.135510889,0.914439137,-0.211085342,-0.914019818,0.165294104,0.914270346,-0.191033036,-0.914128776,0.175885572,0.914211740,-0.184574184,-0.914164051	ok
0.249699	0.320641	1.794603078,0.000000000,1.363615006	maximum	continued_angle_secant_step_tol	1.570763400	-0.000003092	NaN	secant_step_tol	sign_change_pair	1.796538746	1.916538746	1.781538746	1.796538746	0.015000000	6	true	16	-0.975184168,0.915919789,-0.148965797,-0.913501052,0.083026996,0.913877324,-0.129148728,-0.913615280,0.096407295,0.913798449,-0.118810327,-0.913671768,0.103070807,0.913760106,-0.113931952,-0.913698832	ok
0.249699	0.323447	1.796538746,0.000000000,1.363615006	maximum	continued_angle_secant_step_tol	1.570763649	-0.000003079	NaN	secant_step_tol	sign_change_pair	1.798479488	1.918479488	1.783479488	1.798479488	0.015000000	6	true	16	-0.974866520,0.914842622,-0.039727368,-0.913303288,0.053537204,0.913226688,-0.043929255,-0.913286488,0.051668088,0.913238188,-0.045401429,-0.913277207,0.050453494,0.913245690,-0.046365918,-0.913271152	ok
0.249699	0.326253	1.798479488,0.000000000,1.363615006	maximum	continued_angle_secant_step_tol	1.570763910	-0.000003063	NaN	secant_step_tol	sign_change_pair	1.800425334	1.920425334	1.785425334	1.800425334	0.015000000	6	true	16	-0.974548895,0.913847931,0.051066455,-0.913172525,0.045335922,0.912491126,0.042677223,-0.913111646,0.036695290,0.912543384,0.036752280,-0.913062544,0.029699500,0.912586844,0.031717799,-0.913021812	ok
0.249699	0.329058	1.800425334,0.000000000,1.363615006	maximum	continued_angle_secant_step_tol	1.570764185	-0.000003044	NaN	secant_step_tol	sign_change_pair	1.802376318	1.922376318	1.787376318	1.802376318	0.015000000	6	true	16	-0.974231340,0.912925015,0.125287611,-0.913149011,0.058843336,0.911674368,0.125720839,-0.913166089,0.061736406,0.911658737,0.127144396,-0.913183588,0.064580659,0.911643505,0.128520668,-0.913200642	ok
0.249699	0.331864	1.802376318,0.000000000,1.363615006	maximum	continued_angle_secant_step_tol	1.570764474	-0.000003023	NaN	secant_step_tol	sign_change_pair	1.804332472	1.924332472	1.789332472	1.804332472	0.015000000	6	true	16	-0.973913827,0.912064447,0.185645275,-0.913248824,0.097185540,0.910787320,0.199915304,-0.913517248,0.147774409,0.910568968,0.214218355,-0.913800872,0.205512661,0.910346630,0.226633069,-0.914072627	ok
0.249699	0.334669	1.804332472,0.000000000,1.363615006	maximum	continued_angle_secant_step_tol	1.570764776	-0.000003000	NaN	secant_step_tol	sign_change_pair	1.806293833	1.926293833	1.791293833	1.806293833	0.015000000	6	true	16	-0.973596480,0.911257948,0.234815109,-0.913478344,0.167012986,0.909847575,0.261877105,-0.914204272,0.332767315,0.909280017,0.283012474,-0.914890869,0.507756139,0.908270407,0.292662311,-0.915265413	ok
0.249699	0.337475	1.806293833,0.000000000,1.363615006	maximum	continued_angle_secant_step_tol	1.570765092	-0.000002974	NaN	secant_step_tol	sign_change_pair	1.808260433	1.928260433	1.793260433	1.808260433	0.015000000	6	true	16	-0.973279232,0.910498246,0.275104185,-0.913839718,0.278999758,0.908866235,0.310625863,-0.915204959,0.634359150,0.884225293,0.315048900,-0.915906350,0.793351067,-0.910206893,-0.322686530,0.915749917	ok
0.249699	0.340281	1.808260433,0.000000000,1.363615006	maximum	continued_angle_secant_step_tol	1.570765422	-0.000002946	NaN	secant_step_tol	sign_change_pair	1.810232310	1.930232310	1.795232310	1.810232310	0.015000000	6	true	16	-0.972962180,0.909778950,0.308381217,-0.914333346,0.444410868,0.907736429,0.346697350,-0.916389726,0.900940085,-0.909228946,-0.339437057,0.915898826,-0.827155884,0.909286865,0.346323484,-0.916324136	ok
0.249699	0.343086	1.810232310,0.000000000,1.363615006	maximum	continued_angle_secant_step_tol	1.570765767	-0.000002916	NaN	secant_step_tol	sign_change_pair	1.812209500	1.932209500	1.797209500	1.812209500	0.015000000	6	true	16	-0.972645342,0.909094459,0.336115127,-0.914959219,0.656739497,-0.915694071,-0.374626802,0.917468346,-0.990062923,0.909208148,0.330709305,-0.914666788,0.577406400,0.905800892,0.370516307,-0.917438367	ok
0.249699	0.345892	1.812209500,0.000000000,1.363615006	maximum	continued_angle_secant_step_tol	1.570766126	-0.000002883	NaN	secant_step_tol	sign_change_pair	1.814192039	1.934192039	1.799192039	1.814192039	0.015000000	6	true	16	-0.972328740,0.908439819,0.359445151,-0.915717870,0.858697673,-0.907848184,-0.385022510,0.917937077,-0.999778594,0.909210395,0.327600455,-0.913819210,0.371004040,0.906943204,0.384802217,-0.917948207	ok
0.249699	0.348697	1.814192039,0.000000000,1.363615006	maximum	continued_angle_secant_step_tol	1.570766500	-0.000002848	NaN	secant_step_tol	sign_change_pair	1.816179966	1.936179966	1.801179966	1.816179966	0.015000000	6	true	16	-0.972012407,0.907810670,0.379250947,-0.916611212,0.973388378,-0.907613781,-0.385406117,0.917207162,-0.994602428,0.908084896,0.369884615,-0.915803210,0.897273574,-0.907231962,-0.398659355,0.918710320	ok
0.249699	0.351503	1.816179966,0.000000000,1.363615006	maximum	continued_angle_secant_step_tol	1.570766889	-0.000002811	NaN	secant_step_tol	sign_change_pair	1.818173320	1.938173320	1.803173320	1.818173320	0.015000000	6	true	16	-0.971696380,0.907203150,0.396212203,-0.917643393,0.999989221,-0.908141581,-0.366862431,0.914893906,-0.746640114,0.906837451,0.418370127,-0.920832433,0.965829584,-0.913461434,0.098296820,0.906628787	ok
0.249699	0.354309	1.818173320,0.000000000,1.363615006	maximum	continued_angle_secant_step_tol	1.570767294	-0.000002772	NaN	secant_step_tol	sign_change_pair	1.820172140	1.940172140	1.805172140	1.820172140	0.015000000	6	true	16	-0.971380630,0.906613829,0.410856136,-0.918821920,0.986880058,-0.909522234,-0.307933316,0.911148433,0.132824275,-0.907575579,-0.373009953,0.914744562,-0.738041293,0.906230435,0.430335097,-0.922365529	ok
0.249699	0.357114	1.820172140,0.000000000,1.363615006	maximum	continued_angle_secant_step_tol	1.570767713	-0.000002731	NaN	secant_step_tol	sign_change_pair	1.822176468	1.942176468	1.807176468	1.822176468	0.015000000	6	true	16	-0.971065260,0.906039623,0.423594077,-0.920159063,0.966110537,-0.911993646,-0.106756666,0.906781422,0.398270207,-0.916510073,0.990916769,-0.906167806,-0.420695482,0.919638837,-0.972452884,0.910888337	ok
0.249699	0.359920	1.822176468,0.000000000,1.363615006	maximum	continued_angle_secant_step_tol	1.570768148	-0.000002688	NaN	secant_step_tol	sign_change_pair	1.824186345	1.944186345	1.809186345	1.824186345	0.015000000	6	true	16	-0.970750220,0.905477771,0.434749139,-0.921673918,0.948654894,-0.915967118,0.794311118,-0.904802798,-0.449317880,0.925902438,-0.928797961,0.935397391,-0.924348141,0.953297760,-0.914365243,0.373965256	ok
0.249699	0.362725	1.824186345,0.000000000,1.363615006	maximum	continued_angle_secant_step_tol	1.570768599	-0.000002643	NaN	secant_step_tol	sign_change_pair	1.826201813	1.946201813	1.811201813	1.826201813	0.015000000	6	true	16	-0.970435581,0.904925729,0.444577158,-0.923395425,0.936159607,-0.922473147,0.963606191,-0.911182862,-0.186967024,0.906700980,0.401775579,-0.915679895,0.959787751,-0.904584930,-0.450098348,0.925178616	ok
0.249699	0.365531	1.826201813,0.000000000,1.363615006	maximum	continued_angle_secant_step_tol	1.570769066	-0.000002595	NaN	secant_step_tol	sign_change_pair	1.828222916	1.948222916	1.813222916	1.828222916	0.015000000	6	true	16	-0.970121351,0.904381171,0.453282418,-0.925366931,0.927536371,-0.935079548,0.922447066,-0.960562131,0.911196178,0.183755845,-0.906156241,-0.416348232,0.916954947,-0.999400480,0.905530531,0.434101820	ok
0.249699	0.368337	1.828222916,0.000000000,1.363615006	maximum	continued_angle_secant_step_tol	1.570769549	-0.000002546	NaN	secant_step_tol	sign_change_pair	1.830249699	1.950249699	1.815249699	1.830249699	0.015000000	6	true	16	-0.969807546,0.903841909,0.461029458,-0.927653387,0.921387808,-0.967152282,0.909347319,0.315356256,-0.908883002,-0.319519980,0.909060068,0.309721732,-0.908672324,-0.330404587,0.909535016,0.280042156	ok
0.249699	0.371142	1.830249699,0.000000000,1.363615006	maximum	continued_angle_secant_step_tol	1.570770049	-0.000002495	NaN	secant_step_tol	sign_change_pair	1.832282207	1.952282207	1.817282207	1.832282207	0.015000000	6	true	16	-0.969494189,0.903305856,0.467952029,-0.930352860,0.916663732,-0.962437493,0.902965476,0.471825665,-0.933108353,0.913801593,-0.292382997,-0.902494458,-0.475115308,0.936056309,-0.911436255,-0.156100896	ok
0.249699	0.373948	1.832282207,0.000000000,1.363615006	maximum	continued_angle_secant_step_tol	1.570770564	-0.000002443	NaN	secant_step_tol	sign_change_pair	1.834320488	1.954320488	1.819320488	1.834320488	0.015000000	6	true	16	-0.969181314,0.902770993,0.474159719,-0.933614955,0.912700604,-0.035149904,-0.902778736,-0.472811649,0.932533811,-0.913671133,0.267778067,0.902027716,0.480205107,-0.940090642,0.908295950,0.362738881	ok
0.249699	0.376754	1.834320488,0.000000000,1.363615006	maximum	continued_angle_secant_step_tol	1.570771097	-0.000002389	NaN	secant_step_tol	sign_change_pair	1.836364588	1.956364588	1.821364588	1.836364588	0.015000000	6	true	16	-0.968868868,0.902235298,0.479743203,-0.937670745,0.909107185,0.329449349,-0.908118706,-0.358985882,0.909699660,0.272495096,-0.906073535,-0.421409584,0.915551473,-0.981754444,0.902132944,0.480679520	ok
0.249699	0.379559	1.836364588,0.000000000,1.363615006	maximum	continued_angle_secant_step_tol	1.570771646	-0.000002333	NaN	secant_step_tol	sign_change_pair	1.838414558	1.958414558	1.823414558	1.838414558	0.015000000	6	true	16	-0.968556946,0.901696714,0.484778085,-0.942879374,0.905650386,0.434656116,-0.917199304,0.988451339,-0.904333555,-0.456021234,0.922314461,-0.932245345,0.920907399,-0.960419175,0.908425650,0.359724323	ok
0.249699	0.382365	1.838414558,0.000000000,1.363615006	maximum	continued_angle_secant_step_tol	1.570772212	-0.000002276	NaN	secant_step_tol	sign_change_pair	1.840470446	1.960470446	1.825470446	1.840470446	0.015000000	6	true	16	-0.968245534,0.901153089,0.489327895,-0.949792916,0.902170207,0.480921594,-0.935840716,0.909167669,0.328913266,-0.907229779,-0.393049916,0.911430723,0.086827930,-0.902089804,-0.480952182,0.935895962	ok
0.249699	0.385170	1.840470446,0.000000000,1.363615006	maximum	continued_angle_secant_step_tol	1.570772795	-0.000002217	NaN	secant_step_tol	sign_change_pair	1.842532306	1.962532306	1.827532306	1.842532306	0.015000000	6	true	16	-0.967934620,0.900602105,0.493446448,-0.959208991,0.898506828,0.505009221,-0.974967548,-0.885387116,-0.524982792,-0.386637299,0.950905529,-0.892998172,-0.520598540,-0.237653295,0.900802005,0.491213179	ok
0.249699	0.387976	1.842532306,0.000000000,1.363615006	maximum	continued_angle_secant_step_tol	1.570773396	-0.000002157	NaN	secant_step_tol	sign_change_pair	1.844600190	1.964600190	1.829600190	1.844600190	0.015000000	6	true	16	-0.967624244,0.900041203,0.497179571,-0.972022901,0.894374947,0.518048907,0.138230233,-0.894005549,-0.518736159,-0.169255984,0.895690745,0.514882177,-0.054092888,-0.884103608,-0.524478103,-0.393567403	ok
0.249699	0.390782	1.844600190,0.000000000,1.363615006	maximum	continued_angle_secant_step_tol	1.570774013	-0.000002096	NaN	secant_step_tol	sign_change_pair	1.846674152	1.966674152	1.831674152	1.846674152	0.015000000	6	true	16	-0.967314377,0.899467474,0.500566502,-0.988001674,0.888682550,0.524191316,0.355004537,-0.917397694,0.960697328,-0.906345346,-0.424027138,0.913785148,-0.612451597,-0.898231353,-0.505689759,0.974886387	ok
0.249699	0.393587	1.846674152,0.000000000,1.363615006	maximum	continued_angle_secant_step_tol	1.570774648	-0.000002034	NaN	secant_step_tol	sign_change_pair	1.848754247	1.968754247	1.833754247	1.848754247	0.015000000	6	true	16	-0.967005067,0.898877523,0.503641045,-0.999915810,-0.889528526,-0.523469151,-0.337999735,0.912512144,-0.271989442,-0.898149022,-0.506715888,0.951178383,0.893131834,0.519260285,0.198725807,-0.896216084	ok
0.249699	0.396393	1.848754247,0.000000000,1.363615006	maximum	continued_angle_secant_step_tol	1.570775301	-0.000001971	NaN	secant_step_tol	sign_change_pair	1.850840533	1.970840533	1.835840533	1.850840533	0.015000000	6	true	16	-0.966696308,0.898267268,0.506432291,-0.973007332,-0.894317400,-0.516765529,-0.077899510,0.885206994,0.524015557,0.386725603,-0.941837282,0.894159310,0.518245022,0.151399903,-0.892009537,-0.521413128	ok
0.249699	0.399198	1.850840533,0.000000000,1.363615006	maximum	continued_angle_secant_step_tol	1.570775970	-0.000001907	NaN	secant_step_tol	sign_change_pair	1.852933069	1.972933069	1.837933069	1.852933069	0.015000000	6	true	16	-0.966388104,0.897631665,0.508965329,-0.821545119,-0.897035229,-0.508211708,0.878097308,0.896841330,0.508992867,-0.799771264,-0.897078982,-0.508035789,0.892647106,0.896767717,0.509283358,-0.765259985	ok
0.249699	0.402004	1.852933069,0.000000000,1.363615006	maximum	continued_angle_secant_step_tol	1.570776658	-0.000001842	NaN	secant_step_tol	sign_change_pair	1.855031914	1.975031914	1.840031914	1.855031914	0.015000000	6	true	16	-0.966080436,0.896964276,0.511261670,-0.527343553,0.898333208,0.502277386,-0.987211307,-0.891158372,-0.521717464,-0.296563086,0.904314108,0.458459082,-0.918998614,0.947402644,-0.907893843,-0.389191120	ok
0.249699	0.404810	1.855031914,0.000000000,1.363615006	maximum	continued_angle_secant_step_tol	1.570777363	-0.000001776	NaN	secant_step_tol	sign_change_pair	1.857137131	1.977137131	1.842137131	1.857137131	0.015000000	6	true	16	-0.965773328,0.896256598,0.513339528,-0.242654115,0.898334718,0.502638198,-0.986425890,-0.892891094,-0.519432237,-0.216617616,0.894908086,0.516511349,0.056977594,0.892372920,0.520188836,0.246747093	ok
0.249699	0.407615	1.857137131,0.000000000,1.363615006	maximum	continued_angle_secant_step_tol	1.570778085	-0.000001710	NaN	secant_step_tol	sign_change_pair	1.859248783	1.979248783	1.844248783	1.859248783	0.015000000	6	true	16	-0.965466781,0.895496921,0.515213816,-0.044474645,0.897003271,0.508908590,-0.872171288,-0.900938891,-0.485223768,0.930235375,-0.910017018,-0.302052368,0.902220630,0.483374600,-0.928591169,0.912199220	ok
0.249699	0.410421	1.859248783,0.000000000,1.363615006	maximum	continued_angle_secant_step_tol	1.570778825	-0.000001644	NaN	secant_step_tol	sign_change_pair	1.861366935	1.981366935	1.846366935	1.861366935	0.015000000	6	true	16	-0.965160749,0.894668285,0.516895870,0.086340596,0.894080248,0.517239639,0.113086272,0.892486401,0.519842437,0.241122771,-0.896138039,-0.513550600,0.226947758,-0.900781344,-0.487252911,0.931214702	ok
0.249699	0.413226	1.861366935,0.000000000,1.363615006	maximum	continued_angle_secant_step_tol	1.570779583	-0.000001577	NaN	secant_step_tol	sign_change_pair	1.863491655	1.983491655	1.848491655	1.863491655	0.015000000	6	true	16	-0.964855290,0.893744439,0.518392448,0.176527206,0.886603862,0.522773750,0.374677668,-0.922662682,0.919251220,-0.957898703,0.902940583,0.478414251,-0.924507327,0.918906084,-0.962991703,0.901783146	ok
0.249699	0.416032	1.863491655,0.000000000,1.363615006	maximum	continued_angle_secant_step_tol	1.570780357	-0.000001510	NaN	secant_step_tol	sign_change_pair	1.865623012	1.985623012	1.850623012	1.865623012	0.015000000	6	true	16	-0.964550341,0.892680777,0.519702990,0.242443114,-0.894895096,-0.516282415,-0.048650666,-0.898334528,-0.503878257,0.982611464,0.898392341,0.503592938,-0.980059148,-0.897870761,-0.505970801,0.999102698	ok
0.249699	0.418838	1.865623012,0.000000000,1.363615006	maximum	continued_angle_secant_step_tol	1.570781149	-0.000001443	NaN	secant_step_tol	sign_change_pair	1.867761076	1.987761076	1.852761076	1.867761076	0.015000000	6	true	16	-0.964245928,0.891389809,0.520811838,0.293384913,-0.901472591,-0.490227417,0.931472877,-0.906898030,-0.423500704,0.910433793,0.269673989,-0.898915289,-0.504442899,0.983001901,0.899869421,0.495728110	ok
0.249699	0.421643	1.867761076,0.000000000,1.363615006	maximum	continued_angle_secant_step_tol	1.570781958	-0.000001376	NaN	secant_step_tol	sign_change_pair	1.869905922	1.989905922	1.854905922	1.869905922	0.015000000	6	true	16	-0.963942030,0.889648500,0.521656539,0.335392747,-0.908798631,-0.358031538,0.903378634,0.475172751,-0.921921858,0.925676997,-0.922248210,0.931796926,-0.913986480,0.345291953,0.885332079,0.521861838	ok
0.249699	0.424449	1.869905922,0.000000000,1.363615006	maximum	continued_angle_secant_step_tol	1.570782784	-0.000001310	NaN	secant_step_tol	sign_change_pair	1.872057624	1.992057624	1.857057624	1.872057624	0.015000000	6	true	16	-0.963638635,0.886206831,0.521793858,0.376891608,-0.922647343,0.919224111,-0.954452523,0.901753004,0.489543145,-0.929465055,0.908997243,0.366958365,-0.903696128,-0.472519584,0.920617559,-0.931192168	ok
0.249699	0.427255	1.872057624,0.000000000,1.363615006	maximum	continued_angle_secant_step_tol	1.570783626	-0.000001244	NaN	secant_step_tol	sign_change_pair	1.874216259	1.994216259	1.859216259	1.874216259	0.015000000	6	true	16	-0.963335740,-0.889109284,-0.521412499,-0.343466358,0.910180115,0.289048527,-0.898126624,-0.507724874,0.999581753,0.907417987,0.368478055,-0.903502804,-0.475073902,0.921257842,-0.928067072,0.917797134	ok
0.249699	0.430060	1.874216259,0.000000000,1.363615006	maximum	continued_angle_secant_step_tol	1.570784484	-0.000001178	NaN	secant_step_tol	sign_change_pair	1.876381909	1.996381909	1.861381909	1.876381909	0.015000000	6	true	16	-0.963033278,-0.891640837,-0.519850633,-0.279790016,0.897356975,0.510175253,-0.871668857,-0.910610055,-0.066436027,-0.886169809,-0.521307362,-0.376599733,0.921959052,-0.921595677,0.933552252,-0.911412209	ok
0.249699	0.432866	1.876381909,0.000000000,1.363615006	maximum	continued_angle_secant_step_tol	1.570785358	-0.000001113	NaN	secant_step_tol	sign_change_pair	1.878554656	1.758554656	1.863554656	1.878554656	0.015000000	6	true	16	-0.962731281,-0.893526480,-0.517640937,-0.173178438,-0.898796991,-0.503319061,0.957883487,0.900502819,0.493983693,-0.931969714,0.904204947,0.469659295,-0.918847352,0.944604043,-0.903937866,-0.472458409	ok
0.249699	0.435671	1.878554656,0.000000000,1.363615006	maximum	continued_angle_secant_step_tol	1.570786247	-0.000001049	NaN	secant_step_tol	sign_change_pair	1.880734584	1.760734584	1.865734584	1.880734584	0.015000000	6	true	16	-0.962429696,-0.895128969,-0.514864577,0.051009832,-0.908695773,-0.319704930,0.898354714,0.507122730,-0.992733770,-0.909044098,-0.296305362,0.896714002,0.511965462,-0.554398019,0.912779382,-0.763970253	ok
0.249699	0.438477	1.880734584,0.000000000,1.363615006	maximum	continued_angle_scan_grad_tol	1.570787151	-0.000000986	NaN	scan_grad_tol	sign_change_pair	1.882921782	1.762921782	1.867921782	1.882921782	0.015000000	5	true	16	-0.962128507,-0.896567311,-0.511496750,0.652438910,-0.914034161,0.999801544,0.895470074,0.514133030,-0.138980215,0.911179571,0.014653140,0.895196427,0.514696602,-0.065388805,0.910005477,0.218301364	ok
0.249699	0.441283	1.882921782,0.000000000,1.363615006	maximum	continued_angle_scan_grad_tol	1.570788069	-0.000000924	NaN	scan_grad_tol	sign_change_pair	1.885116340	1.765116340	1.870116340	1.885116340	0.015000000	5	true	16	-0.961827699,-0.897897176,-0.507472194,0.992582308,0.911377805,-0.003695411,0.896852046,0.510759730,-0.818797600,-0.915221551,0.975316535,-0.887752704,-0.520509889,-0.361125783,0.914309178,-0.675695061	ok
0.249699	0.444088	1.885116340,0.000000000,1.363615006	maximum	continued_angle_scan_grad_tol	1.570789000	-0.000000864	NaN	scan_grad_tol	sign_change_pair	1.887318351	1.767318351	1.872318351	1.887318351	0.015000000	5	true	16	-0.961527238,-0.899149513,-0.502695129,0.945497605,0.899871417,0.499222116,-0.936156561,0.894549624,0.516035094,0.082277076,0.907899299,0.376179188,-0.901935648,-0.490415716,0.926990678,-0.912321266	ok
0.249699	0.446894	1.887318351,0.000000000,1.363615006	maximum	continued_angle_scan_grad_tol	1.570789944	-0.000000805	NaN	scan_grad_tol	sign_change_pair	1.889527914	1.769527914	1.874527914	1.889527914	0.015000000	5	true	16	-0.961227095,-0.900343433,-0.497037547,0.932332899,-0.901437327,-0.493946044,0.929218954,-0.907556796,-0.423371383,0.907671294,0.418475312,-0.906919121,-0.434280620,0.909506655,0.361994059,-0.899949034	ok
0.249699	0.449699	1.889527914,0.000000000,1.363615006	maximum	continued_angle_scan_grad_tol	1.570790898	-0.000000747	NaN	scan_grad_tol	sign_change_pair	1.891745127	1.771745127	1.876745127	1.891745127	0.015000000	5	true	16	-0.960927225,-0.901491578,-0.490332043,0.926415164,-0.913599464,0.036826349,-0.900889822,-0.494236039,0.929175807,-0.907493347,-0.426189034,0.907864948,0.415655669,-0.906215735,-0.447669973,0.911888236	ok
0.249699	0.452505	1.891745127,0.000000000,1.363615006	maximum	continued_angle_scan_grad_tol	1.570791863	-0.000000691	NaN	scan_grad_tol	sign_change_pair	1.893970094	1.773970094	1.878970094	1.893970094	0.015000000	5	true	16	-0.960627592,-0.902602774,-0.482359385,0.922076947,-0.925546619,0.920838926,-0.936013622,0.906669875,0.442728417,-0.910638116,-0.314281426,0.892879400,0.517630714,0.225877132,0.901101829,0.493394978	ok
0.249699	0.455311	1.893970094,0.000000000,1.363615006	maximum	continued_angle_scan_grad_tol	1.570792837	-0.000000637	NaN	scan_grad_tol	sign_change_pair	1.896202922	1.776202922	1.881202922	1.896202922	0.015000000	5	true	16	-0.960328163,-0.903683406,-0.472829329,0.918242535,-0.955133123,0.891746033,0.518333280,0.277875740,0.892142008,0.518028562,0.260392007,0.897050329,0.510443741,-0.920928937,-0.920322903,0.923866199	ok
0.249699	0.458116	1.896202922,0.000000000,1.363615006	maximum	continued_angle_scan_grad_tol	1.570793818	-0.000000585	NaN	scan_grad_tol	sign_change_pair	1.898443722	1.778443722	1.883443722	1.898443722	0.015000000	5	true	16	-0.960028898,-0.904738245,-0.461350953,0.914604902,-0.463831058,0.905858327,0.444043447,-0.910512169,-0.330020094,0.892814720,0.517375979,0.229288974,0.902626550,0.483567462,-0.922224802,0.925420298	ok
0.249699	0.460922	1.898443722,0.000000000,1.363615006	maximum	continued_angle_scan_grad_tol	1.570794804	-0.000000535	NaN	scan_grad_tol	sign_change_pair	1.900692609	1.780692609	1.885692609	1.900692609	0.015000000	5	true	16	-0.959729743,-0.905770936,-0.447385793,0.911014768,0.306027199,0.893529584,0.516480516,0.177258500,0.908203001,0.389153864,-0.901109370,-0.496815248,0.929915373,-0.905278366,-0.464803000,0.915334528	ok
0.249699	0.463727	1.900692609,0.000000000,1.363615006	maximum	continued_angle_scan_grad_tol	1.570795794	-0.000000487	NaN	scan_grad_tol	sign_change_pair	1.902949702	1.782949702	1.887949702	1.902949702	0.015000000	5	true	16	-0.959430649,-0.906784317,-0.430171239,0.907332757,0.434872719,-0.908182400,-0.417170779,0.905019116,0.467912109,-0.916084914,0.979734519,0.907169887,0.421492461,-0.905788138,-0.458822813,0.913516970	ok
0.249699	0.466533	1.902949702,0.000000000,1.363615006	maximum	continued_angle_scan_grad_tol	1.570795868	-0.000000442	NaN	scan_grad_tol	sign_change_pair	1.905215124	1.785215124	1.890215124	1.905215124	0.015000000	5	true	16	-0.959131569,-0.907780649,-0.408589572,0.903329254,0.483784517,-0.921758729,0.927773452,-0.916539686,0.979540725,0.908176151,0.396988985,-0.901468485,-0.495441502,0.928301813,-0.909290706,-0.392635401	ok
0.249699	0.469339	1.905215124,0.000000000,1.363615006	maximum	continued_angle_scan_grad_tol	1.570794878	-0.000000399	NaN	scan_grad_tol	sign_change_pair	1.907489004	1.787489004	1.892489004	1.907489004	0.015000000	5	true	16	-0.958832460,-0.908761732,-0.380930982,0.898361438,0.507613536,-0.961038237,-0.917936802,0.940646282,-0.899644495,-0.503566421,0.937315823,0.903282876,0.480757406,-0.920349972,0.934499099,-0.906419666	ok
0.249699	0.472144	1.907489004,0.000000000,1.363615006	maximum	continued_angle_scan_grad_tol	1.570793893	-0.000000358	NaN	scan_grad_tol	sign_change_pair	1.909771475	1.789771475	1.894771475	1.909771475	0.015000000	5	true	16	-0.958533240,-0.909729037,-0.344434721,-0.893339163,-0.516098115,-0.193811047,-0.910268604,-0.314449933,-0.898144500,-0.507705667,0.959953438,0.918908262,-0.934001333,0.906809882,0.448471839,-0.910399753	ok
0.249699	0.474950	1.909771475,0.000000000,1.363615006	maximum	continued_angle_scan_grad_tol	1.570792915	-0.000000320	NaN	scan_grad_tol	sign_change_pair	1.912062675	1.792062675	1.897062675	1.912062675	0.015000000	5	true	16	-0.958233882,-0.910683768,-0.294322581,-0.901027343,-0.496744113,0.928716675,-0.908426508,-0.420618852,0.904445714,0.476217580,-0.918241799,0.960422839,0.902598775,0.487311213,-0.923021646,0.924339024	ok
0.249699	0.477756	1.912062675,0.000000000,1.363615006	maximum	continued_angle_scan_grad_tol	1.570791948	-0.000000285	NaN	scan_grad_tol	sign_change_pair	1.914362748	1.794362748	1.899362748	1.914362748	0.015000000	5	true	16	-0.957934290,-0.911626919,-0.221551143,-0.905876454,-0.454798897,0.911595343,0.300999174,0.901540975,0.494360668,-0.926884178,0.913669542,0.104374735,0.909031085,0.382797095,-0.896687362,-0.511421264	ok
0.249699	0.480561	1.914362748,0.000000000,1.363615006	maximum	continued_angle_scan_grad_tol	1.570790997	-0.000000253	NaN	scan_grad_tol	sign_change_pair	1.916671844	1.796671844	1.901671844	1.916671844	0.015000000	5	true	16	-0.957634419,-0.912559322,-0.107025096,-0.909855945,-0.353996187,-0.896197776,-0.512071420,0.421125292,-0.928274580,0.902412750,0.491751255,-0.925098539,0.918865267,-0.958928141,-0.904357728,-0.474003623	ok
0.249699	0.483367	1.916671844,0.000000000,1.363615006	maximum	continued_angle_scan_grad_tol	1.570790067	-0.000000223	NaN	scan_grad_tol	sign_change_pair	1.918990119	1.798990119	1.903990119	1.918990119	0.015000000	5	true	16	-0.957334201,-0.913481669,0.093599717,-0.913095189,-0.016664855,-0.912083368,-0.194813441,-0.908587684,-0.403706587,0.900064007,0.502511584,-0.933341969,-0.897869606,-0.508561907,0.962479053,0.924424159	ok
0.249699	0.486172	1.918990119,0.000000000,1.363615006	maximum	continued_angle_scan_grad_tol	1.570789164	-0.000000196	NaN	scan_grad_tol	sign_change_pair	1.921317735	1.801317735	1.906317735	1.921317735	0.015000000	5	true	16	-0.957033568,-0.914394543,0.464652414,-0.915365513,0.951584093,0.915113165,-0.868608718,-0.915448082,0.964470667,0.915001533,-0.819213726,-0.915531906,0.976865483,0.914849304,-0.739696403,-0.915628405	ok
0.249699	0.488978	1.921317735,0.000000000,1.363615006	maximum	continued_angle_scan_grad_tol	1.570788293	-0.000000171	NaN	scan_grad_tol	sign_change_pair	1.923654862	1.803654862	1.908654862	1.923654862	0.015000000	5	true	16	-0.956732444,-0.915298439,0.897229170,0.916278055,-0.995806439,-0.913783892,0.117943392,-0.915031372,0.781313474,0.916477722,-0.989657885,-0.913002216,-0.089130407,-0.912790426,-0.126694820,-0.912072774	ok
0.249699	0.491784	1.923654862,0.000000000,1.363615006	maximum	continued_angle_scan_grad_tol	1.570787462	-0.000000149	NaN	scan_grad_tol	sign_change_pair	1.926001677	1.806001677	1.911001677	1.926001677	0.015000000	5	true	16	-0.956430744,-0.916193773,0.999641536,0.915381746,-0.888688622,-0.917199179,0.966565659,0.910414995,0.348497110,0.901580896,0.495763904,-0.927195923,0.914105777,0.100738357,0.913449454,0.016318549	ok
0.249699	0.494589	1.926001677,0.000000000,1.363615006	maximum	continued_angle_scan_grad_tol	1.570786680	-0.000000130	NaN	scan_grad_tol	sign_change_pair	1.928358366	1.808358366	1.913358366	1.928358366	0.015000000	5	true	16	-0.956128419,-0.917080900,0.973166503,0.912608342,0.186913164,0.912202831,0.232680983,0.910576199,0.346068857,0.902810017,0.489311671,-0.923219127,0.925957128,-0.921347339,0.935158913,-0.902814308	ok
0.249699	0.497395	1.928358366,0.000000000,1.363615006	maximum	continued_angle_scan_grad_tol	1.570785956	-0.000000114	NaN	scan_grad_tol	sign_change_pair	1.930725121	1.810725121	1.915725121	1.930725121	0.015000000	5	true	16	-0.955825369,-0.917960124,0.952376048,0.908179377,0.426608049,-0.903238396,-0.488761455,0.922799352,-0.927624589,0.917744461,-0.998385926,-0.916933463,0.981879058,0.914821905,-0.446354016,0.918864226	ok
0.249699	0.500200	1.930725121,0.000000000,1.363615006	maximum	continued_angle_scan_grad_tol	1.570785301	-0.000000099	NaN	scan_grad_tol	sign_change_pair	1.933102145	1.813102145	1.918102145	1.933102145	0.015000000	5	true	16	-0.955521544,-0.918831703,0.942063212,0.901928923,0.494907810,-0.926354815,0.917528737,-0.998542969,-0.918659374,0.943742348,0.903750450,0.483986913,-0.920367830,0.938302738,0.892550775,0.514927468	ok
0.249699	0.503006	1.933102145,0.000000000,1.363615006	maximum	continued_angle_scan_grad_tol	1.570784729	-0.000000088	NaN	scan_grad_tol	sign_change_pair	1.935489652	1.815489652	1.920489652	1.935489652	0.015000000	5	true	16	-0.955216833,-0.919695852,0.936542629,-0.898234206,-0.507870835,0.939361564,0.924014707,-0.921270326,0.936291208,-0.898951543,-0.506200325,0.936148366,0.915125952,-0.492878551,0.920660454,-0.931986037	ok
0.249699	0.505812	1.935489652,0.000000000,1.363615006	maximum	continued_angle_scan_grad_tol	1.570784253	-0.000000078	NaN	scan_grad_tol	sign_change_pair	1.937887863	1.817887863	1.922887863	1.937887863	0.015000000	5	true	16	-0.954911189,-0.920552757,0.933009940,-0.906475472,-0.464294585,0.912627789,0.291310530,0.910723548,0.359274874,0.904658687,0.478203556,-0.917644046,0.998282257,0.919581652,-0.937795419,-0.895162900	ok
0.249699	0.508617	1.937887863,0.000000000,1.363615006	maximum	continued_angle_scan_grad_tol	1.570783891	-0.000000071	NaN	scan_grad_tol	sign_change_pair	1.940297012	1.820297012	1.925297012	1.940297012	0.015000000	5	true	16	-0.954604535,-0.921402587,0.930345111,-0.912361427,-0.319164395,-0.909494922,-0.404994773,-0.894654607,-0.512942706,-0.060816540,-0.926663047,0.914573652,0.109219948,0.918137807,-0.955062621,-0.913115539	ok
0.249699	0.511423	1.940297012,0.000000000,1.363615006	maximum	continued_angle_scan_grad_tol	1.570783662	-0.000000066	NaN	scan_grad_tol	sign_change_pair	1.942717346	1.822717346	1.927717346	1.942717346	0.015000000	5	true	16	-0.954296802,-0.922245465,0.928093688,-0.917665513,0.993498275,0.922423159,-0.927535367,0.918973511,-0.965657933,-0.916865132,0.999656891,0.921594238,-0.930178034,0.912877078,0.293752039,0.912069219	ok
0.249699	0.514228	1.942717346,0.000000000,1.363615006	maximum	continued_angle_scan_grad_tol	1.570783589	-0.000000064	NaN	scan_grad_tol	sign_change_pair	1.945149124	1.825149124	1.930149124	1.945149124	0.015000000	5	true	16	-0.953987928,-0.923081510,0.926058242,-0.922784258,0.931589477,-0.909752668,-0.416887208,0.896550556,0.510539090,-0.769319435,0.939126692,0.931183630,-0.897309616,-0.509394061,0.936321821,0.936023045	ok
0.249699	0.517034	1.945149124,0.000000000,1.363615006	maximum	continued_angle_scan_grad_tol	1.570783699	-0.000000064	NaN	scan_grad_tol	sign_change_pair	1.947592619	1.827592619	1.932592619	1.947592619	0.015000000	5	true	16	-0.953677860,-0.923910819,0.924145348,-0.927967867,0.918432153,-0.988621210,-0.921916176,0.930095155,-0.913409590,-0.268954848,-0.914983455,0.134194891,-0.923466406,0.925393596,-0.924723273,0.926436454	ok
0.249699	0.519840	1.947592619,0.000000000,1.363615006	maximum	continued_angle_scan_grad_tol	1.570784023	-0.000000067	NaN	scan_grad_tol	sign_change_pair	1.950048119	1.830048119	1.935048119	1.950048119	0.015000000	5	true	16	-0.953366555,-0.924733464,0.922306143,-0.933744303,0.904413883,0.484569635,-0.919980216,0.944470614,0.911236750,0.360561287,0.908410520,0.437972077,-0.903693170,-0.488811808,0.922183371,-0.932578639	ok
0.249699	0.522645	1.950048119,0.000000000,1.363615006	maximum	continued_angle_scan_grad_tol	1.570784596	-0.000000074	NaN	scan_grad_tol	sign_change_pair	1.952515928	1.832515928	1.937515928	1.952515928	0.015000000	5	true	16	-0.953053989,-0.925549528,0.920511534,-0.943022827,-0.910812927,-0.380836155,-0.906410034,-0.466664362,0.912590507,0.326509327,0.912529344,0.297988318,0.914645220,0.032871395,0.923268771,-0.926948071	ok
0.249699	0.525451	1.952515928,0.000000000,1.363615006	maximum	continued_angle_scan_grad_tol	1.570785462	-0.000000085	NaN	scan_grad_tol	sign_change_pair	1.954996371	1.834996371	1.939996371	1.954996371	0.015000000	5	true	16	-0.952740155,-0.926359053,0.918741065,-0.982160216,-0.923798712,0.925925604,-0.924279718,0.928516906,-0.917896904,0.983600818,0.926835706,-0.917374214,0.810396694,0.927518236,-0.915480525,-0.039737201	ok
0.249699	0.528257	1.954996371,0.000000000,1.363615006	maximum	continued_angle_scan_grad_tol	1.570786669	-0.000000102	NaN	scan_grad_tol	sign_change_pair	1.957489788	1.837489788	1.942489788	1.957489788	0.015000000	5	true	16	-0.952425071,-0.927162097,0.916977211,-0.512395397,0.928075606,-0.914237796,-0.229557776,-0.919661786,0.942101365,0.911551092,0.361106646,0.910502022,0.397631890,0.905006567,0.480540326,-0.917851383	ok
0.249699	0.531062	1.957489788,0.000000000,1.363615006	maximum	continued_angle_scan_grad_tol	1.570788279	-0.000000128	NaN	scan_grad_tol	sign_change_pair	1.959996542	1.839996542	1.944996542	1.959996542	0.015000000	5	true	16	-0.952108790,-0.927958680,0.915201806,0.123450281,0.923730987,-0.927063756,0.922062495,-0.935781176,-0.897330269,-0.508806002,0.930978561,0.933705974,0.906015543,0.473020026,-0.914579611,-0.192669064	ok
0.249699	0.533868	1.959996542,0.000000000,1.363615006	maximum	continued_angle_scan_grad_tol	1.570790361	-0.000000167	NaN	scan_grad_tol	sign_change_pair	1.962517022	1.842517022	1.947517022	1.962517022	0.015000000	5	true	16	-0.951791405,-0.928748839,0.913392798,0.307006286,0.916750752,-0.767328684,-0.930144273,0.909764595,0.429272207,-0.895722421,-0.510612283,0.255779571,-0.936909728,-0.918559679,0.960910933,0.923073488	ok
0.249699	0.536673	1.962517022,0.000000000,1.363615006	maximum	continued_angle_scan_grad_tol	1.570792999	-0.000000222	NaN	scan_grad_tol	sign_change_pair	1.965051637	1.845051637	1.950051637	1.965051637	0.015000000	5	true	16	-0.951473064,-0.929532598,0.911519820,0.390003281,0.908653234,0.443969967,-0.903690825,-0.490615495,0.922888154,-0.932507169,0.908597954,0.449342644,-0.905687658,-0.478546931,0.916673975,-0.274319223	ok
0.249699	0.539479	1.965051637,0.000000000,1.363615006	maximum	continued_angle_scan_grad_tol	1.570796294	-0.000000302	NaN	scan_grad_tol	sign_change_pair	1.967600829	1.847600829	1.952600829	1.967600829	0.015000000	5	true	16	-0.951153982,-0.930309973,0.909535981,0.436485010,-0.899514018,-0.504753121,0.934149605,0.908695036,0.444818308,-0.903657492,-0.491044179,0.923108418,-0.932215015,0.909675780,0.434102649,-0.897638745	ok
0.249699	0.542285	1.967600829,0.000000000,1.363615006	maximum	continued_angle_scan_grad_tol	1.570792284	-0.000000416	NaN	scan_grad_tol	sign_change_pair	1.970165069	1.850165069	1.955165069	1.970165069	0.015000000	5	true	16	-0.950834443,-0.931080972,0.907358574,0.465732507,-0.911247985,-0.401611484,-0.908018197,-0.455673676,0.907530307,0.463824758,-0.910530156,-0.418727242,-0.903975559,-0.489222387,0.921975346,-0.936176563	ok
0.249699	0.545090	1.970165069,0.000000000,1.363615006	maximum	continued_angle_scan_grad_tol	1.570787282	-0.000000578	NaN	scan_grad_tol	sign_change_pair	1.972744862	1.852744862	1.957744862	1.972744862	0.015000000	5	true	16	-0.950514889,-0.931845601,0.904810007,0.485640186,-0.919899173,0.950334350,0.923188131,-0.930887079,0.913923645,0.297526485,0.919974560,-0.943075051,-0.917686009,0.987846871,0.932320613,-0.902164268	ok
0.249699	0.547896	1.972744862,0.000000000,1.363615006	maximum	continued_angle_scan_grad_tol	1.570781171	-0.000000808	NaN	scan_grad_tol	sign_change_pair	1.975340751	1.855340751	1.960340751	1.975340751	0.015000000	5	true	16	-0.950195853,-0.932603859,0.901322135,0.500286003,-0.930027242,0.913460266,0.329306685,0.918226578,-0.991712097,-0.931442466,0.907304322,0.467808524,-0.911771227,-0.392433682,-0.910997051,-0.404738804	ok
0.249699	0.550701	1.975340751,0.000000000,1.363615006	maximum	continued_angle_secant_step_tol	1.570773729	-0.000001135	NaN	secant_step_tol	sign_change_pair	1.977953322	1.857953322	1.962953322	1.977953322	0.015000000	6	true	16	-0.949878085,-0.933355762,-0.899167380,-0.505266047,0.934958740,0.912316134,0.365631856,0.915261079,0.129293212,0.928229278,-0.918114596,0.823448210,0.934504200,0.906486539,0.474123041,-0.914272685	ok
0.249699	0.553507	1.977953322,0.000000000,1.363615006	maximum	continued_angle_secant_step_tol	1.570764682	-0.000001596	NaN	secant_step_tol	sign_change_pair	1.980583208	1.860583208	1.965583208	1.980583208	0.015000000	6	true	16	-0.949562552,-0.934101289,-0.904192082,-0.489413131,0.921921052,-0.937696788,-0.909646903,-0.437667399,-0.899334518,-0.504907794,0.934725254,0.910414367,0.423294597,0.905864605,0.479502672,-0.916613666	ok
0.249699	0.556313	1.980583208,0.000000000,1.363615006	maximum	continued_angle_secant_step_tol	1.570753683	-0.000002246	NaN	secant_step_tol	sign_change_pair	1.983231096	1.863231096	1.968231096	1.983231096	0.015000000	6	true	16	-0.949250537,-0.934840442,-0.907480624,-0.466811602,0.910952898,0.419862466,0.907568653,0.465981775,-0.910609626,-0.426723449,-0.905619612,-0.481685660,0.917605801,-0.434727894,0.935341870,0.909749385	ok
0.249699	0.559118	1.983231096,0.000000000,1.363615006	maximum	continued_angle_secant_step_tol	1.570740299	-0.000003164	NaN	secant_step_tol	sign_change_pair	1.985897733	1.865897733	1.970897733	1.985897733	0.015000000	6	true	16	-0.948943712,-0.935573212,-0.910257286,-0.430534573,-0.905128185,-0.485139292,0.919357143,-0.971675272,-0.932808780,0.904094461,0.490794291,-0.922719089,0.935859028,0.903318072,0.493828286,-0.924808374	ok
0.249699	0.561924	1.985897733,0.000000000,1.363615006	maximum	continued_angle_secant_step_tol	1.570723977	-0.000004458	NaN	secant_step_tol	sign_change_pair	1.988583931	1.868583931	1.973583931	1.988583931	0.015000000	6	true	16	-0.948644289,-0.936299588,-0.912781342,-0.364745648,-0.917804762,0.791215807,-0.937212176,-0.916731294,0.126586467,-0.934861043,-0.906840549,-0.474023880,0.913805155,0.333900501,0.920851609,-0.940626262	ok
0.249699	0.564729	1.988583931,0.000000000,1.363615006	maximum	continued_angle_secant_step_tol	1.570704002	-0.000006287	NaN	secant_step_tol	sign_change_pair	1.991290584	1.871290584	1.976290584	1.991290584	0.015000000	6	true	16	-0.948355163,-0.937019568,-0.915155843,-0.215918324,-0.928395984,0.920174855,-0.952047601,-0.930478765,0.914286390,0.316515873,0.922835800,-0.934784618,0.902140185,0.498293799,-0.928421473,0.921184298	ok
0.249699	0.567535	1.991290584,0.000000000,1.363615006	maximum	continued_angle_secant_step_tol	1.570679445	-0.000008877	NaN	secant_step_tol	sign_change_pair	1.994018672	1.874018672	1.979018672	1.994018672	0.015000000	6	true	16	-0.948080180,-0.937733132,-0.917431983,0.362877180,-0.937750293,-0.917581538,0.461914421,-0.938144687,-0.919001087,0.972988678,0.935505481,0.908954581,0.454887932,-0.904589235,-0.489280274,0.921668370	ok
0.249699	0.570341	1.994018672,0.000000000,1.363615006	maximum	continued_angle_secant_step_tol	1.570649074	-0.000012560	NaN	secant_step_tol	sign_change_pair	1.996769274	1.876769274	1.981769274	1.996769274	0.015000000	6	true	16	-0.947824439,-0.938440275,-0.919638279,0.951426513,0.932159649,-0.909955093,-0.445538337,-0.901307239,-0.500588778,0.930729240,-0.915245578,-0.265901043,-0.927191147,0.924313472,-0.933672241,0.908491748	ok
0.249699	0.573146	1.996769274,0.000000000,1.363615006	maximum	continued_angle_secant_step_tol	1.570611233	-0.000017827	NaN	secant_step_tol	sign_change_pair	1.999543589	1.879543589	1.984543589	1.999543589	0.015000000	6	true	16	-0.947594782,-0.939140985,-0.921791639,0.938750221,0.915326877,0.232785030,0.929355785,-0.919055137,0.981945545,0.939863341,0.924369961,-0.931980301,0.914426803,0.325218545,0.923860848,-0.933283794	ok
0.249699	0.575952	1.999543589,0.000000000,1.363615006	maximum	continued_angle_secant_step_tol	1.570563655	-0.000025421	NaN	secant_step_tol	sign_change_pair	2.002342949	1.882342949	1.987342949	2.002342949	0.015000000	6	true	16	-0.947400462,-0.939835271,-0.923902375,0.933571825,-0.909731733,-0.450978094,0.897880882,0.506335487,-0.936845193,-0.921373490,0.940277886,0.920182260,-0.945481419,-0.930190800,0.917254285,0.012562797	ok
0.249699	0.578758	2.002342949,0.000000000,1.363615006	maximum	continued_angle_secant_step_tol	1.570503170	-0.000036480	NaN	secant_step_tol	sign_change_pair	2.005168838	1.885168838	1.990168838	2.005168838	0.015000000	6	true	16	-0.947254199,-0.940523144,-0.925976670,0.928752573,-0.923782105,0.935942146,0.904137840,0.491992802,-0.923444012,0.936234459,0.905899277,0.483613119,-0.918139993,0.317494184,-0.939946517,-0.924062977	ok
0.249699	0.581563	2.005168838,0.000000000,1.363615006	maximum	continued_angle_secant_step_tol	1.570425240	-0.000052805	NaN	secant_step_tol	sign_change_pair	2.008022923	1.888022923	1.993022923	2.008022923	0.015000000	6	true	16	-0.947173599,-0.941204680,-0.928017990,0.924014166,-0.935690803,-0.901792936,-0.499500347,0.929898493,-0.919742373,0.973147235,0.939808291,0.923207528,-0.936079585,-0.904905346,-0.488980937,0.921361296	ok
0.249699	0.584369	2.008022923,0.000000000,1.363615006	maximum	continued_angle_secant_step_tol	1.570323174	-0.000077343	NaN	secant_step_tol	sign_change_pair	2.010907069	1.890907069	1.995907069	2.010907069	0.015000000	6	true	16	-0.947183631,-0.941880055,-0.930027786,0.919211234,-0.939676061,-0.942852448,-0.933460250,0.908217553,0.469297308,-0.910513529,-0.444221993,-0.906922685,-0.478317252,0.915131472,0.305951994,0.927456971	ok
0.249699	0.587174	2.010907069,0.000000000,1.363615006	maximum	continued_angle_secant_step_tol	1.570186769	-0.000115135	NaN	secant_step_tol	sign_change_pair	2.013823367	1.893823367	1.998823367	2.013823367	0.015000000	6	true	16	-0.947320255,-0.942549745,-0.932005861,0.914050254,0.364996363,0.922891067,-0.937564536,-0.911844739,-0.420465809,-0.914536763,-0.331322626,-0.926073141,0.929782194,-0.922332337,0.940244238,0.921470621	ok
0.249699	0.589980	2.013823367,0.000000000,1.363615006	maximum	continued_angle_secant_step_tol	1.569999816	-0.000175368	NaN	secant_step_tol	sign_change_pair	2.016774123	1.896774123	2.001774123	2.016774123	0.015000000	6	true	16	-0.947636759,-0.943215112,-0.933950466,0.907491167,0.476039916,-0.913737226,-0.378722248,-0.921834578,0.940375483,0.922157368,-0.939614679,-0.919453633,0.963493953,0.941756857,0.928960420,-0.922968280	ok
0.249699	0.592786	2.016774123,0.000000000,1.363615006	maximum	continued_angle_secant_step_tol	1.569735752	-0.000001664	NaN	secant_step_tol	sign_change_pair	2.019761865	1.899761865	2.004761865	2.019761865	0.015000000	7	true	16	-0.948214565,-0.943880705,-0.935857996,-0.907020715,-0.479235592,0.915383012,0.309881176,0.928737048,-0.923994367,0.936962420,0.909176770,0.462163950,-0.905545778,-0.487348866,0.920202942,-0.947745520	ok
0.249699	0.595591	2.019761865,0.000000000,1.363615006	maximum	continued_angle_secant_step_tol	1.569345380	-0.000003364	NaN	secant_step_tol	sign_change_pair	2.022789093	1.902789093	2.007789093	2.022789093	0.015000000	7	true	16	-0.949182156,-0.944568660,-0.937722309,-0.914547453,-0.347422227,-0.926236226,0.930617113,-0.921376669,0.942679257,0.931947201,-0.915855693,-0.288629312,-0.930612537,0.919587231,-0.996257122,-0.945344987	ok
0.249699	0.598397	2.022789093,0.000000000,1.363615006	maximum	continued_angle_secant_step_tol	1.568734828	-0.000007695	NaN	secant_step_tol	sign_change_pair	2.025857691	1.905857691	2.010857691	2.025857691	0.015000000	7	true	16	-0.950753701,-0.945743581,-0.939533062,-0.920525225,0.943159541,0.936186403,0.907865294,0.474735836,-0.912696854,-0.415123793,-0.917916336,0.066675877,-0.940947686,-0.925279736,0.933309706,-0.914265325	ok
0.249699	0.601202	2.025857691,0.000000000,1.363615006	maximum	continued_angle_secant_step_tol	1.567696786	-0.000022486	NaN	secant_step_tol	sign_change_pair	2.028966776	1.908966776	2.013966776	2.028966776	0.015000000	7	true	16	-0.953308108,0.945487293,0.941272041,0.926032767,-0.931901382,0.918798890,-0.262604271,0.943277043,0.932854398,-0.914183275,-0.379025687,-0.923926107,0.936851275,0.908146910,0.473344442,-0.911775033	ok
0.249699	0.604008	2.028966776,0.000000000,1.363615006	maximum	continued_angle_secant_step_tol	1.565682835	-0.000115212	NaN	secant_step_tol	sign_change_pair	2.032103662	1.912103662	2.017103662	2.032103662	0.015000000	7	true	16	-0.957577199,0.946160478,0.942904856,0.931188337,-0.919493106,0.804555188,-0.946236021,-0.942965878,-0.931394619,0.918936408,-0.297101999,0.943854024,0.934476875,-0.908844743,-0.469176045,0.909063685	ok
0.249699	0.606814	2.032103662,0.000000000,1.363615006	maximum	continued_angle_secant_step_tol	1.560694503	-0.000102990	NaN	secant_step_tol	sign_change_pair	2.035179979	1.915179979	2.020179979	2.035179979	0.015000000	8	true	16	-0.965171592,0.946705471,0.944362656,0.935802929,0.903041940,0.496735194,-0.927749872,0.929284132,-0.926262301,0.933384255,-0.915416678,-0.338791292,-0.929015766,0.925507727,-0.935101199,0.909178108	ok
0.249699	0.609619	2.035179979,0.000000000,1.363615006	maximum	continued_angle_secant_max_iters_best	1.536667132	-0.000207543	NaN	secant_max_iters_best	sign_change_pair	2.039405936	1.934405936	2.024405936	2.039405936	0.015000000	8	true	16	-0.980591344,0.947139121,0.945526456,0.939439678,0.919184565,-0.741142338,0.946227055,0.941931116,0.927327946,-0.930005748,0.924884762,-0.936799408,-0.907010581,-0.482022129,0.916603644,0.269538507	ok
0.249699	0.612425	2.039405936,0.000000000,1.363615006	maximum	continued_angle_secant_max_iters_best	0.746905151	0.362527355	NaN	secant_max_iters_best	sign_change_pair	2.052897139	2.007897139	2.037897139	2.052897139	0.015000000	8	true	16	0.947344936,0.945752690,0.939826214,0.920212903,-0.937570425,-0.943125124,-0.930950629,0.921532174,-0.942318047,-0.935554802,0.905258417,0.490189025,-0.922145173,0.941953765,0.930058914,-0.923791578	ok
0.249699	0.615230	2.052897139,0.000000000,1.363615006	maximum	continued_angle_secant_max_iters_best	0.920024085	-0.000657185	NaN	secant_max_iters_best	sign_change_pair	2.059761894	2.014761894	2.044761894	2.059761894	0.015000000	8	true	16	-0.770495375,0.946553628,0.942304608,0.927969999,-0.929284882,0.927390593,-0.931822350,0.921100661,-0.941440475,-0.939564645,-0.919111940,0.462693812,-0.945544104,-0.938703433,-0.916211127,-0.300386348	ok
0.249699	0.618036	2.059761894,0.000000000,1.363615006	maximum	continued_angle_secant_max_iters_best	0.839169334	-1.822839135	NaN	secant_max_iters_best	sign_change_pair	2.057588048	2.027588048	2.057588048	2.072588048	0.015000000	8	true	16	-0.686918480,0.946356143,0.941171563,0.924063035,-0.938520226,-0.914652283,-0.379942665,-0.926859830,0.932288551,-0.920291713,0.922950946,0.945147155,0.937011826,0.909170294,0.469799270,-0.908123830	ok
0.249699	0.620842	2.057588048,0.000000000,1.363615006	maximum	continued_angle_secant_max_iters_best	0.730314820	1.392088875	NaN	secant_max_iters_best	sign_change_pair	2.071361846	2.011361846	2.056361846	2.071361846	0.015000000	8	true	16	0.947007699,0.942870680,0.929227563,-0.927107252,0.933154001,-0.918359038,-0.104188356,-0.940986645,-0.923226418,0.940467085,0.922208727,-0.942049000,-0.929801401,0.925724827,-0.936213696,0.906370579	ok
0.249699	0.623647	2.071361846,0.000000000,1.363615006	maximum	continued_angle_secant_max_iters_best	0.741789074	-2.476767014	NaN	secant_max_iters_best	sign_change_pair	2.067927488	1.992927488	2.067927488	2.082927488	0.015000000	8	true	16	-0.568600917,0.946119575,0.939544874,0.918346580,0.074133857,0.941850264,0.925710772,-0.935621271,0.910500531,0.460560601,0.908922996,0.472973632,-0.910084203,-0.464283984,-0.905698235,-0.489341701	ok
0.249699	0.626453	2.067927488,0.000000000,1.363615006	maximum	continued_angle_secant_max_iters_best	0.727660013	1.318721007	NaN	secant_max_iters_best	sign_change_pair	2.032082736	1.972082736	2.062082736	2.077082736	0.015000000	8	true	16	0.946823085,0.941380637,0.923992075,-0.939578412,-0.918305754,-0.107118644,-0.941541852,-0.924490650,0.938574828,0.914305603,0.400710927,0.925586318,-0.936251465,0.907851581,0.480159428,-0.914971823	ok
0.249699	0.629259	2.032082736,0.000000000,1.363615006	maximum	continued_angle_secant_max_iters_best	0.784144108	3.527360293	NaN	secant_max_iters_best	sign_change_pair	2.032082736	1.957082736	2.032082736	2.047082736	0.015000000	8	true	16	-0.936940925,-0.943753875,-0.931195796,0.923605146,-0.941208113,-0.924624815,0.938611742,0.914250101,0.405151748,0.925409058,-0.936973797,-0.904147503,-0.494389322,0.925991796,-0.936270481,0.908532996	ok
0.249699	0.632064	2.032082736,0.000000000,1.363615006	maximum	continued_angle_secant_max_iters_best	0.786761668	3.171050491	NaN	secant_max_iters_best	sign_change_pair	1.927082736	1.942082736	2.032082736	2.047082736	0.015000000	8	true	16	-0.938599180,-0.943106469,-0.928891360,0.929514559,-0.929068623,0.930094070,-0.927719306,0.933136693,-0.920161287,-0.947272842,-0.940879589,-0.921963776,0.942900398,0.934445444,-0.915227068,-0.385127112	ok
0.249699	0.634870	1.927082736,0.000000000,1.363615006	maximum	continued_angle_secant_max_iters_best	0.710637939	0.513807107	NaN	secant_max_iters_best	nearest_best_neighbor	1.927082736	1.927082736	1.912082736	1.927082736	0.015000000	8	false	16	-0.941439519,-0.925881535,0.936619784,-0.907933629,-0.480965662,0.915283841,0.386520220,0.928968006,-0.929738805,0.928915397,-0.930798465,0.926433761,-0.936257266,0.910082490,0.467524251,0.906063832	ok
0.249699	0.637675	1.927082736,0.000000000,1.363615006	maximum	continued_angle_secant_max_iters_best	0.711117201	0.518692795	NaN	secant_max_iters_best	nearest_best_neighbor	1.912082736	1.927082736	1.912082736	1.927082736	0.015000000	8	false	16	-0.941456520,-0.925600565,0.937544213,0.907749032,0.482188137,-0.916099219,-0.362584705,-0.932028775,0.922862428,-0.942822623,-0.931618106,0.923868124,-0.941483468,-0.924952569,0.938874340,0.914683761	ok
0.249699	0.640481	1.912082736,0.000000000,1.363615006	maximum	continued_angle_secant_step_tol	0.703733409	0.523148919	NaN	secant_step_tol	nearest_best_neighbor	1.912082736	1.912082736	1.897082736	1.912082736	0.015000000	6	false	16	-0.940894682,-0.922917998,0.942628672,0.929889283,-0.928389315,0.932668358,-0.922650230,0.943178599,0.933501159,-0.919500302,0.036131883,-0.944470011,-0.932236443,0.922775074,-0.943082560,-0.932712496	ok
0.249699	0.643287	1.912082736,0.000000000,1.363615006	maximum	continued_angle_secant_step_tol	0.704116064	0.526702196	NaN	secant_step_tol	nearest_best_neighbor	1.912082736	1.912082736	1.897082736	1.912082736	0.015000000	6	false	16	-0.940903795,-0.922670058,0.943107326,0.932113199,-0.923516919,0.942448322,0.928533607,-0.931856883,0.925058854,-0.939895904,-0.918289228,-0.218140871,-0.940677774,-0.920464818,-0.948770406,-0.940465606	ok
0.249699	0.646092	1.912082736,0.000000000,1.363615006	maximum	continued_angle_secant_step_tol	0.704481527	0.530077951	NaN	secant_step_tol	nearest_best_neighbor	1.912082736	1.912082736	1.897082736	1.912082736	0.015000000	6	false	16	-0.940912370,-0.922425135,0.943494936,0.934154458,-0.918668703,-0.206062607,-0.941317607,-0.922241136,0.943596935,0.935243064,-0.915406015,-0.396993419,-0.929497256,0.930076049,-0.929594291,0.930679998	ok
0.249699	0.648898	1.912082736,0.000000000,1.363615006	maximum	continued_angle_secant_step_tol	0.704829309	0.533263747	NaN	secant_step_tol	nearest_best_neighbor	1.897082736	1.912082736	1.897082736	1.912082736	0.015000000	6	false	16	-0.940920351,-0.922183334,0.943778379,0.935953027,-0.913511639,-0.436733012,-0.922807541,0.943368408,0.932377878,-0.923729712,0.942582797,0.928352090,-0.932989972,0.923071946,-0.943361001,-0.932332286	ok
0.249699	0.651703	1.897082736,0.000000000,1.363615006	maximum	continued_angle_secant_step_tol	0.697120518	0.535993913	NaN	secant_step_tol	nearest_best_neighbor	1.897082736	1.897082736	1.882082736	1.897082736	0.015000000	3	false	16	-0.940297978,-0.919561222,-0.012064196,-0.944649924,-0.931715719,0.925739829,-0.939421653,-0.915774345,-0.390963962,-0.931200238,0.926958738,-0.937004452,0.910462689,0.469119160,0.909972444,0.472306972	ok
0.249699	0.654509	1.897082736,0.000000000,1.363615006	maximum	continued_angle_secant_step_tol	0.697393961	0.538343491	NaN	secant_step_tol	nearest_best_neighbor	1.897082736	1.897082736	1.882082736	1.897082736	0.015000000	3	false	16	-0.940302962,-0.919337514,-0.114545179,-0.943776648,-0.928930323,0.932442739,-0.925216399,0.940655453,0.920255691,0.946468410,0.936436506,-0.912879491,-0.448083226,-0.920721653,-0.948027966,-0.938715775	ok
0.249699	0.657315	1.897082736,0.000000000,1.363615006	maximum	continued_angle_secant_step_tol	0.697652054	0.540544577	NaN	secant_step_tol	nearest_best_neighbor	1.897082736	1.897082736	1.882082736	1.897082736	0.015000000	3	false	16	-0.940307673,-0.919115105,-0.181616158,-0.942903909,-0.926170607,0.938579152,0.911332235,0.463969312,0.914901496,0.418232435,0.928111061,-0.934577755,0.920198060,-0.179921278,0.945665072,0.934088865	ok
0.249699	0.660120	1.897082736,0.000000000,1.363615006	maximum	continued_angle_secant_step_tol	0.697894964	0.542598388	NaN	secant_step_tol	nearest_best_neighbor	1.897082736	1.897082736	1.882082736	1.897082736	0.015000000	3	false	16	-0.940312131,-0.918893817,-0.230024141,-0.942038295,-0.923433623,0.943472921,0.930717208,-0.929225479,0.933199737,-0.924174881,0.942813346,0.927871379,-0.935412850,0.918270513,0.300391282,0.939502783	ok
0.249699	0.662926	1.897082736,0.000000000,1.363615006	maximum	continued_angle_secant_step_tol	0.698122929	0.544507520	NaN	secant_step_tol	nearest_best_neighbor	1.897082736	1.897082736	1.882082736	1.897082736	0.015000000	3	false	16	-0.940316345,-0.918673427,-0.266974174,-0.941184177,-0.920679444,-0.946998509,-0.936680485,0.913809806,0.440968406,0.924260634,-0.942559638,-0.926554079,0.938426610,0.909409715,0.477747895,-0.910941610	ok
0.249699	0.665731	1.897082736,0.000000000,1.363615006	maximum	continued_angle_secant_step_tol	0.698336239	0.546275596	NaN	secant_step_tol	nearest_best_neighbor	1.897082736	1.897082736	1.882082736	1.897082736	0.015000000	3	false	16	-0.940320347,-0.918453665,-0.296248214,-0.940344095,-0.917814392,-0.336685525,-0.938189918,-0.907028772,-0.487756801,0.920347677,-0.115727683,0.945677191,0.933377720,-0.923850796,0.943640286,0.930594449	ok
0.249699	0.668537	1.897082736,0.000000000,1.363615006	maximum	continued_angle_secant_step_tol	0.698535230	0.547906986	NaN	secant_step_tol	nearest_best_neighbor	1.897082736	1.897082736	1.882082736	1.897082736	0.015000000	3	false	16	-0.940324166,-0.918234221,-0.320076447,-0.939519240,-0.914614344,-0.432368109,-0.927275470,0.937615338,-0.911632874,-0.465219454,-0.916561237,-0.390948900,-0.933861845,0.923106669,-0.944492160,-0.934489310	ok
0.249699	0.671343	1.897082736,0.000000000,1.363615006	maximum	continued_angle_secant_step_tol	0.698720271	0.549406589	NaN	secant_step_tol	nearest_best_neighbor	1.882082736	1.897082736	1.882082736	1.897082736	0.015000000	3	false	16	-0.940327835,-0.918014713,-0.339876722,-0.938709825,-0.910223785,-0.474942768,-0.908830981,-0.481677329,0.914593006,0.435245890,0.927122235,-0.938225430,0.907931594,0.485169188,-0.917936622,-0.347728029	ok
0.249699	0.674148	1.882082736,0.000000000,1.363615006	maximum	continued_angle_secant_step_tol	0.690632994	0.550753698	NaN	secant_step_tol	nearest_best_neighbor	1.882082736	1.882082736	1.867082736	1.882082736	0.015000000	3	false	16	-0.939678328,-0.915148144,-0.427986893,-0.929139700,0.934447662,-0.923115463,0.944738594,0.934813586,-0.921565573,-0.948439400,-0.936893510,0.915407028,0.424351199,0.929839957,-0.932975652,0.926660448	ok
0.249699	0.676954	1.882082736,0.000000000,1.363615006	maximum	continued_angle_secant_step_tol	0.690773392	0.551895362	NaN	secant_step_tol	nearest_best_neighbor	1.882082736	1.882082736	1.867082736	1.882082736	0.015000000	3	false	16	-0.939682763,-0.914886796,-0.434231197,-0.928311011,0.936475084,-0.917931244,-0.359983245,-0.938034684,0.910965065,0.471907262,0.913959571,0.446528346,0.925239027,-0.942201371,-0.923957697,0.944026426	ok
0.249699	0.679760	1.882082736,0.000000000,1.363615006	maximum	continued_angle_secant_step_tol	0.690902631	0.552943034	NaN	secant_step_tol	nearest_best_neighbor	1.882082736	1.882082736	1.867082736	1.882082736	0.015000000	3	false	16	-0.939687291,-0.914615511,-0.439942258,-0.927465757,0.938453206,-0.909417466,-0.480296957,0.912491405,0.462119243,0.920264834,0.120985949,0.945041687,0.930616871,-0.932013966,0.929562602,-0.934757287	ok
0.249699	0.682565	1.882082736,0.000000000,1.363615006	maximum	continued_angle_secant_step_tol	0.691021071	0.553900713	NaN	secant_step_tol	nearest_best_neighbor	1.882082736	1.882082736	1.867082736	1.882082736	0.015000000	3	false	16	-0.939691939,-0.914332007,-0.445194878,-0.926595138,0.940370070,0.916992438,0.397832930,0.935178473,-0.921976274,-0.949872727,-0.936379769,0.918665819,0.337966875,0.940203218,0.916079826,0.418538774	ok
0.249699	0.685371	1.882082736,0.000000000,1.363615006	maximum	continued_angle_secant_step_tol	0.691129078	0.554772421	NaN	secant_step_tol	nearest_best_neighbor	1.882082736	1.882082736	1.867082736	1.882082736	0.015000000	3	false	16	-0.939696731,-0.914033371,-0.450054253,-0.925687705,0.942192320,0.923269350,-0.945047715,-0.934276818,0.924608861,-0.944019280,-0.929607350,0.934799663,-0.923878675,0.944780889,0.932693202,-0.928239998	ok
0.249699	0.688176	1.882082736,0.000000000,1.363615006	maximum	continued_angle_secant_step_tol	0.691227017	0.555562161	NaN	secant_step_tol	nearest_best_neighbor	1.882082736	1.882082736	1.867082736	1.882082736	0.015000000	3	false	16	-0.939701698,-0.913715798,-0.454578192,-0.924728013,0.943838681,0.928662619,-0.937012260,0.918222351,0.369800189,0.938751341,-0.909545796,-0.480884907,0.912517971,0.464651746,0.920677328,0.079686948	ok
0.249699	0.690982	1.882082736,0.000000000,1.363615006	maximum	continued_angle_secant_step_tol	0.691315254	0.556273881	NaN	secant_step_tol	nearest_best_neighbor	1.882082736	1.882082736	1.867082736	1.882082736	0.015000000	3	false	16	-0.939706869,-0.913374142,-0.458820734,-0.923694253,0.945067134,0.933222297,-0.927823438,0.939315741,0.910301641,0.478045935,0.910144227,0.478749425,0.907797647,0.487105627,-0.919762647,-0.288949003	ok
0.249699	0.693788	1.882082736,0.000000000,1.363615006	maximum	continued_angle_secant_step_tol	0.691394150	0.556911457	NaN	secant_step_tol	nearest_best_neighbor	1.882082736	1.882082736	1.867082736	1.882082736	0.015000000	3	false	16	-0.939712262,-0.913001173,-0.462833802,-0.922553702,0.940389353,0.935589430,-0.922658811,0.939561402,0.935594579,-0.922645786,0.938641177,0.935599000,-0.922634586,0.937629139,0.935602388,-0.922626007	ok
0.249699	0.696593	1.882082736,0.000000000,1.363615006	maximum	continued_angle_secant_step_tol	0.691464066	0.557478668	NaN	secant_step_tol	nearest_best_neighbor	1.882082736	1.882082736	1.867082736	1.882082736	0.015000000	3	false	16	-0.939717907,-0.912586202,-0.466672170,-0.921253324,-0.946367129,-0.932839397,0.929409634,-0.936881455,0.920072858,0.284596514,0.943673526,0.925927725,-0.942732337,-0.924247380,0.944901537,0.931695568	ok
0.249699	0.699399	1.882082736,0.000000000,1.363615006	maximum	continued_angle_secant_step_tol	0.691525356	0.557979184	NaN	secant_step_tol	nearest_best_neighbor	1.882082736	1.882082736	1.867082736	1.882082736	0.015000000	3	false	16	-0.939723829,-0.912112299,-0.470399857,-0.919696698,-0.320070256,-0.942811048,-0.923386564,0.945349910,0.934379564,-0.926374053,0.942526632,0.923380780,-0.945346969,-0.934391414,0.926347000,-0.942568611	ok
0.249699	0.702204	1.882082736,0.000000000,1.363615006	maximum	continued_angle_secant_step_tol	0.691578368	0.558416555	NaN	secant_step_tol	nearest_best_neighbor	1.882082736	1.882082736	1.867082736	1.882082736	0.015000000	3	false	16	-0.939730043,-0.911549726,-0.474104988,-0.917673147,-0.406183196,-0.937075807,0.920057398,0.308190918,0.943460619,0.925061375,-0.944350132,-0.929133659,0.937607695,-0.918819007,-0.373895712,-0.940226909	ok
0.249699	0.705010	1.882082736,0.000000000,1.363615006	maximum	continued_angle_secant_step_tol	0.691623444	0.558794206	NaN	secant_step_tol	nearest_best_neighbor	1.882082736	1.882082736	1.867082736	1.882082736	0.015000000	3	false	16	-0.939736585,-0.910836959,-0.477940786,-0.914508206,-0.454763608,-0.927643153,0.940625620,0.916100771,0.436979296,0.932427202,-0.931368297,0.933935804,-0.928561956,0.939301455,-0.911835145,-0.473247841	ok
0.249699	0.707816	1.882082736,0.000000000,1.363615006	maximum	continued_angle_secant_step_tol	0.691660919	0.559115433	NaN	secant_step_tol	nearest_best_neighbor	1.882082736	1.882082736	1.867082736	1.882082736	0.015000000	3	false	16	-0.939743466,-0.909797945,-0.482301142,0.912768821,0.468717884,0.922265382,0.947719406,0.934254632,-0.927804432,0.940884537,0.916966034,0.426201597,0.934986321,-0.926177449,0.943444099,0.925761430	ok
0.249699	0.710621	1.882082736,0.000000000,1.363615006	maximum	continued_angle_secant_step_tol	0.691691121	0.559383397	NaN	secant_step_tol	nearest_best_neighbor	1.882082736	1.882082736	1.867082736	1.882082736	0.015000000	3	false	16	-0.939750706,0.907910463,0.487902877,-0.920798569,-0.272413821,-0.944873364,-0.928413991,0.939783091,-0.908044113,-0.487584325,0.920392998,0.312384385,0.944010376,0.926149754,-0.943479247,-0.925684610	ok
0.249699	0.713427	1.882082736,0.000000000,1.363615006	maximum	continued_angle_secant_step_tol	0.691714369	0.559601129	NaN	secant_step_tol	nearest_best_neighbor	1.882082736	1.882082736	1.867082736	1.882082736	0.015000000	3	false	16	-0.939758327,0.910477523,0.480580860,0.912448944,0.471923842,0.921422771,0.147222008,0.946044584,0.931184780,-0.934863436,0.927598211,-0.941701495,-0.919685106,-0.360578286,-0.942376460,-0.921422215	ok
0.249699	0.716232	1.882082736,0.000000000,1.363615006	maximum	continued_angle_secant_step_tol	0.691730973	0.559771527	NaN	secant_step_tol	nearest_best_neighbor	1.897082736	1.882082736	1.867082736	1.882082736	0.015000000	3	false	16	-0.939766345,0.911795385,0.475700692,0.919215933,0.384773977,0.941122893,0.916989263,0.433153579,0.935061337,-0.927163995,0.942608442,0.922575574,0.947903903,0.933963686,-0.929536031,0.938608620	ok
0.249699	0.719038	1.897082736,0.000000000,1.363615006	maximum	continued_angle_secant_step_tol	0.700137035	0.559862739	NaN	secant_step_tol	nearest_best_neighbor	1.897082736	1.897082736	1.882082736	1.897082736	0.015000000	3	false	16	-0.940402196,-0.913247566,-0.468959094,-0.924206229,0.945775573,0.933130262,-0.931623212,0.934978554,-0.928072938,0.941391961,0.918119412,0.416742886,0.938184364,-0.919670143,-0.375594205,-0.942103312	ok
0.249699	0.721844	1.897082736,0.000000000,1.363615006	maximum	continued_angle_secant_step_tol	0.700141919	0.559862183	NaN	secant_step_tol	nearest_best_neighbor	1.897082736	1.897082736	1.882082736	1.897082736	0.015000000	3	false	16	-0.940409031,-0.912685452,-0.472665070,-0.922530061,-0.947471853,-0.933424978,0.931360813,-0.935781703,0.926636665,-0.943774733,-0.925896061,0.944570908,0.928342104,-0.940943256,-0.915883864,-0.450196144	ok
0.249699	0.724649	1.897082736,0.000000000,1.363615006	maximum	continued_angle_secant_step_tol	0.700140416	0.559817457	NaN	secant_step_tol	nearest_best_neighbor	1.897082736	1.897082736	1.882082736	1.897082736	0.015000000	3	false	16	-0.940416297,-0.911955233,-0.476552845,-0.920161443,-0.366636423,-0.943210706,-0.923341162,-0.972603092,-0.933951993,0.930619361,-0.937455853,0.922938892,0.948046045,0.933688318,-0.931162950,0.936447348	ok
0.249699	0.727455	1.897082736,0.000000000,1.363615006	maximum	continued_angle_secant_step_tol	0.700132845	0.559731483	NaN	secant_step_tol	nearest_best_neighbor	1.897082736	1.897082736	1.882082736	1.897082736	0.015000000	3	false	16	-0.940424003,-0.910816803,-0.481172634,-0.915322726,-0.457940616,-0.930508156,0.937665735,-0.922808214,-0.947596315,-0.933329945,0.932228798,-0.934717715,0.929700482,-0.939371419,0.917354546,0.437380642	ok
0.249699	0.730261	1.897082736,0.000000000,1.363615006	maximum	continued_angle_secant_step_tol	0.700119513	0.559607024	NaN	secant_step_tol	nearest_best_neighbor	1.897082736	1.897082736	1.882082736	1.897082736	0.015000000	3	false	16	-0.940432161,0.910320292,0.483004490,0.910773018,0.481645061,0.915175931,0.460257943,0.930157421,-0.938581549,0.920643713,0.360187006,0.944032713,0.925372856,-0.945560241,-0.930896987,0.937227545	ok
0.249699	0.733066	1.897082736,0.000000000,1.363615006	maximum	continued_angle_secant_step_tol	0.700100716	0.559446693	NaN	secant_step_tol	nearest_best_neighbor	1.897082736	1.897082736	1.882082736	1.897082736	0.015000000	3	false	16	-0.940440803,0.912178570,0.477142340,0.921294178,0.324972976,0.945267407,0.928449554,-0.941734604,-0.918407493,-0.426807003,-0.938836718,0.920105644,0.388353653,0.942839476,0.921885264,0.239522517	ok
0.249699	0.735872	1.897082736,0.000000000,1.363615006	maximum	continued_angle_secant_step_tol	0.700076742	0.559252958	NaN	secant_step_tol	nearest_best_neighbor	1.897082736	1.897082736	1.882082736	1.897082736	0.015000000	3	false	16	-0.940449926,0.913357757,0.472693457,0.925127036,-0.945955937,-0.931884043,0.935982588,-0.928032031,0.942784502,0.922018849,0.232959443,0.946344402,0.930910705,-0.937773616,0.923792634,-0.929854326	ok
0.249699	0.738677	1.897082736,0.000000000,1.363615006	maximum	continued_angle_secant_step_tol	0.700047866	0.559028152	NaN	secant_step_tol	nearest_best_neighbor	1.897082736	1.897082736	1.882082736	1.897082736	0.015000000	3	false	16	-0.940459545,0.914307050,0.468686517,0.927948203,-0.942960220,-0.922438368,-0.946837259,-0.931852318,0.936338418,-0.927606644,0.943593270,0.924419436,-0.946001523,-0.933137520,0.933905904,-0.932689514	ok
0.249699	0.741483	1.897082736,0.000000000,1.363615006	maximum	continued_angle_secant_step_tol	0.700014357	0.558774475	NaN	secant_step_tol	nearest_best_neighbor	1.897082736	1.897082736	1.882082736	1.897082736	0.015000000	3	false	16	-0.940469675,0.915129959,0.464900184,0.930283563,-0.939435772,0.919850799,0.409696981,0.942148434,0.919153611,0.423369630,0.940598681,-0.914284118,-0.469621438,-0.927968783,0.943140412,0.922868352	ok
0.249699	0.744289	1.897082736,0.000000000,1.363615006	maximum	continued_angle_secant_step_tol	0.699976473	0.558494006	NaN	secant_step_tol	nearest_best_neighbor	1.897082736	1.897082736	1.882082736	1.897082736	0.015000000	3	false	16	-0.940480328,0.915869973,0.461244692,0.932314809,-0.936084144,0.928882034,-0.942147058,-0.919225347,-0.425380968,-0.940740244,0.914131804,0.471146444,0.927632072,-0.943813317,-0.924805447,0.946227684	ok
0.249699	0.747094	1.897082736,0.000000000,1.363615006	maximum	continued_angle_secant_step_tol	0.699934461	0.558188707	NaN	secant_step_tol	nearest_best_neighbor	1.897082736	1.897082736	1.882082736	1.897082736	0.015000000	3	false	16	-0.940491506,0.916550139,0.457674056,0.934126875,-0.932954541,0.935429652,-0.930601375,0.939609542,-0.920274840,-0.408350535,-0.942978032,-0.921674614,-0.351293066,-0.945592190,-0.928749715,0.942405507	ok
0.249699	0.749900	1.897082736,0.000000000,1.363615006	maximum	continued_angle_secant_step_tol	0.699888562	0.557860428	NaN	secant_step_tol	nearest_best_neighbor	1.897082736	1.897082736	1.882082736	1.897082736	0.015000000	3	false	16	-0.940503217,0.917184344,0.454162022,0.935766004,-0.930000732,0.940844412,-0.915281803,-0.466954843,-0.930893931,0.939175918,-0.922114543,-0.328280778,-0.946141436,-0.929965558,0.940721479,-0.916092306	ok
0.249699	0.752705	1.897082736,0.000000000,1.363615006	maximum	continued_angle_secant_step_tol	0.699839007	0.557510915	NaN	secant_step_tol	nearest_best_neighbor	1.897082736	1.897082736	1.882082736	1.897082736	0.015000000	3	false	16	-0.940515484,0.917781728,0.450691458,0.937259798,-0.927147931,0.945039380,0.927983197,-0.943912693,-0.924705484,0.946132912,0.932985874,-0.935721753,0.930671593,-0.939989839,0.919979917,0.422666595	ok
0.249699	0.755511	1.897082736,0.000000000,1.363615006	maximum	continued_angle_secant_step_tol	0.699786020	0.557141817	NaN	secant_step_tol	nearest_best_neighbor	1.897082736	1.897082736	1.882082736	1.897082736	0.015000000	3	false	16	-0.940528296,0.918348666,0.447249141,0.938625744,-0.924287703,-0.987097270,-0.933154144,0.935708161,-0.931031495,0.939640104,-0.921636613,-0.381732287,-0.945342529,-0.927870203,0.944247635,0.925571950	ok
0.249699	0.758317	1.897082736,0.000000000,1.363615006	maximum	continued_angle_secant_step_tol	0.699729814	0.556754685	NaN	secant_step_tol	nearest_best_neighbor	1.912082736	1.897082736	1.882082736	1.897082736	0.015000000	3	false	16	-0.940541663,0.918889816,0.443821615,0.939875382,-0.921217270,-0.403389882,-0.944608238,-0.925909430,0.946312655,0.931485149,-0.938946055,0.924061599,0.948837127,0.933047887,-0.936194881,0.930370263	ok
0.249699	0.761122	1.912082736,0.000000000,1.363615006	maximum	continued_angle_secant_step_tol	0.708013319	0.556310745	NaN	secant_step_tol	nearest_best_neighbor	1.912082736	1.912082736	1.897082736	1.912082736	0.015000000	3	false	16	-0.941141579,0.916515046,0.464231894,0.934263179,-0.934262783,0.934470035,-0.934081102,0.934808367,-0.933439098,0.935984874,-0.931130876,0.939970512,-0.921543758,-0.399093333,-0.945113055,-0.927127589	ok
0.249699	0.763928	1.912082736,0.000000000,1.363615006	maximum	continued_angle_secant_step_tol	0.707943944	0.555743390	NaN	secant_step_tol	nearest_best_neighbor	1.912082736	1.912082736	1.897082736	1.912082736	0.015000000	3	false	16	-0.941154107,0.917211164,0.461286644,0.935992573,-0.931235501,0.940044018,-0.921786221,-0.397119051,-0.945453017,-0.927897857,0.944745161,0.926649210,-0.946022642,-0.930263679,0.941438975,-0.915302809	ok
0.249699	0.766733	1.912082736,0.000000000,1.363615006	maximum	continued_angle_secant_step_tol	0.707871744	0.555162697	NaN	secant_step_tol	nearest_best_neighbor	1.912082736	1.912082736	1.897082736	1.912082736	0.015000000	3	false	16	-0.941167214,0.917853680,0.458502444,0.937533814,-0.928378761,0.944420881,0.925600515,-0.946653151,-0.932361822,0.938244964,-0.926977085,0.945922233,0.929841906,-0.942307121,-0.918000297,-0.457454060	ok
0.249699	0.769539	1.912082736,0.000000000,1.363615006	maximum	continued_angle_secant_step_tol	0.707796924	0.554570038	NaN	secant_step_tol	nearest_best_neighbor	1.912082736	1.912082736	1.897082736	1.912082736	0.015000000	3	false	16	-0.941180906,0.918454521,0.455863149,0.938920028,-0.925576152,0.946700401,0.932528364,-0.938228096,0.927387479,-0.945679356,-0.929037708,0.943658225,0.923152094,0.283602772,0.947119559,0.931552842	ok
0.249699	0.772345	1.912082736,0.000000000,1.363615006	maximum	continued_angle_secant_step_tol	0.707719680	0.553966699	NaN	secant_step_tol	nearest_best_neighbor	1.912082736	1.912082736	1.897082736	1.912082736	0.015000000	3	false	16	-0.941195184,0.919021652,0.453359586,0.940172132,-0.922648023,-0.380728719,-0.946512878,-0.930193921,0.942223538,0.916720743,0.467599019,0.934959166,-0.934183276,0.935782358,-0.932810211,0.938182555	ok
0.249699	0.775150	1.912082736,0.000000000,1.363615006	maximum	continued_angle_secant_step_tol	0.707640201	0.553353888	NaN	secant_step_tol	nearest_best_neighbor	1.912082736	1.912082736	1.897082736	1.912082736	0.015000000	3	false	16	-0.941210052,0.919560712,0.450985059,0.941304185,-0.919124749,-0.454535338,-0.940397007,0.922426596,0.400964849,0.946211767,0.929434020,-0.943515313,-0.922404469,-0.401213835,-0.946203967,-0.929415763	ok
0.249699	0.777956	1.912082736,0.000000000,1.363615006	maximum	continued_angle_secant_step_tol	0.707558669	0.552732735	NaN	secant_step_tol	nearest_best_neighbor	1.912082736	1.912082736	1.897082736	1.912082736	0.015000000	3	false	16	-0.941225523,0.920075861,0.448730494,0.942326244,0.916329359,0.471284501,0.934144623,-0.936252814,0.932527783,-0.939167910,0.926307644,-0.946781828,-0.931911997,0.940026240,-0.924085201,-0.947897611	ok
0.249699	0.780762	1.912082736,0.000000000,1.363615006	maximum	continued_angle_secant_step_tol	0.707475258	0.552104299	NaN	secant_step_tol	nearest_best_neighbor	1.912082736	1.912082736	1.897082736	1.912082736	0.015000000	3	false	16	-0.941241583,0.920570272,0.446580374,0.943245982,0.920903617,0.442874416,0.943853206,0.923010254,0.387110333,0.946858281,0.930772714,-0.942027127,0.916191587,0.472685815,0.933881491,-0.936995936	ok
0.249699	0.783567	1.912082736,0.000000000,1.363615006	maximum	continued_angle_secant_step_tol	0.707390134	0.551469574	NaN	secant_step_tol	nearest_best_neighbor	1.912082736	1.912082736	1.897082736	1.912082736	0.015000000	3	false	16	-0.941258243,0.921046430,0.444504638,0.944069727,0.923580502,0.321365022,0.947392928,0.931812807,-0.940670169,0.923084975,0.393928857,0.946897997,0.930802485,-0.942203556,0.915376477,0.476134141	ok
0.249699	0.786373	1.912082736,0.000000000,1.363615006	maximum	continued_angle_secant_step_tol	0.707303460	0.550829490	NaN	secant_step_tol	nearest_best_neighbor	1.912082736	1.912082736	1.897082736	1.912082736	0.015000000	3	false	16	-0.941275499,0.921506326,0.442447398,0.944803159,0.925613396,-0.946813841,-0.932876045,0.939215340,-0.927330075,0.946494981,0.930623547,-0.942677572,-0.917686333,-0.468824150,-0.937382366,0.931105569	ok
0.249699	0.789178	1.912082736,0.000000000,1.363615006	maximum	continued_angle_secant_step_tol	0.707215388	0.550184920	NaN	secant_step_tol	nearest_best_neighbor	1.927082736	1.912082736	1.897082736	1.912082736	0.015000000	3	false	16	-0.941293354,0.921951582,0.440305467,0.945451770,0.927255196,-0.946634736,-0.930904704,0.942488447,0.914427481,0.479758032,0.929883952,-0.943894758,-0.923024009,-0.414626879,-0.946808037,-0.930496476	ok
0.249699	0.791984	1.927082736,0.000000000,1.363615006	maximum	continued_angle_secant_step_tol	0.715366080	0.549416030	NaN	secant_step_tol	nearest_best_neighbor	1.927082736	1.927082736	1.912082736	1.927082736	0.015000000	3	false	16	-0.941865995,0.920201339,0.459331425,0.942544563,-0.914662709,-0.479707050,-0.930555472,0.943193125,0.920037655,0.460300937,0.942245500,-0.918142833,-0.469355941,-0.938437932,0.929616568,-0.944481968	ok
0.249699	0.794790	1.927082736,0.000000000,1.363615006	maximum	continued_angle_secant_step_tol	0.715264658	0.548594359	NaN	secant_step_tol	nearest_best_neighbor	1.927082736	1.927082736	1.912082736	1.927082736	0.015000000	3	false	16	-0.941883286,0.920714178,0.458334387,0.943459931,0.920888696,0.457144750,0.943765115,0.922092709,0.446259727,0.945626765,0.927574028,-0.946638725,-0.930708334,0.943181707,0.919714226,0.463945106	ok
0.249699	0.797595	1.927082736,0.000000000,1.363615006	maximum	continued_angle_secant_step_tol	0.715162251	0.547772959	NaN	secant_step_tol	nearest_best_neighbor	1.927082736	1.927082736	1.912082736	1.927082736	0.015000000	3	false	16	-0.941901191,0.921204740,0.457569351,0.944274599,0.923712741,0.404395488,0.947428218,0.931675341,-0.942025372,0.920711800,0.460661776,0.943453052,0.920659967,0.460941626,0.943368638,0.920266987	ok
0.249699	0.800401	1.927082736,0.000000000,1.363615006	maximum	continued_angle_secant_step_tol	0.715059000	0.546952513	NaN	secant_step_tol	nearest_best_neighbor	1.927082736	1.927082736	1.912082736	1.927082736	0.015000000	3	false	16	-0.941919703,0.921675921,0.457017314,0.944996827,0.925774563,-0.946699482,-0.933095579,0.940108068,-0.927081878,0.947156469,0.931974801,-0.941808969,0.922138153,0.453178354,0.945654708,0.927525697	ok
0.249699	0.803206	1.927082736,0.000000000,1.363615006	maximum	continued_angle_secant_step_tol	0.714955040	0.546133650	NaN	secant_step_tol	nearest_best_neighbor	1.927082736	1.927082736	1.912082736	1.927082736	0.015000000	3	false	16	-0.941938831,0.922129995,0.456636755,0.945633952,0.927414077,-0.947071070,-0.931606180,0.942556990,-0.919225543,-0.470649224,-0.940744452,0.925754875,-0.946182106,-0.933160017,0.940249551,-0.927116626	ok
0.249699	0.806012	1.927082736,0.000000000,1.363615006	maximum	continued_angle_secant_step_tol	0.714850502	0.545316958	NaN	secant_step_tol	nearest_best_neighbor	1.927082736	1.927082736	1.912082736	1.927082736	0.015000000	3	false	16	-0.941958564,0.922568796,0.456342838,0.946192849,0.928757485,-0.946163709,-0.929105311,0.945824598,0.928201543,-0.946645440,-0.930369979,0.944395149,0.923977512,0.420294063,0.947624618,0.931960414	ok
0.249699	0.808818	1.927082736,0.000000000,1.363615006	maximum	continued_angle_secant_step_tol	0.714745509	0.544502980	NaN	secant_step_tol	nearest_best_neighbor	1.927082736	1.927082736	1.912082736	1.927082736	0.015000000	3	false	16	-0.941978902,0.922993822,0.455968943,0.946680274,0.929869585,-0.945163091,-0.926275129,0.947376306,0.933102095,-0.940813309,0.926477095,-0.947461109,-0.932990289,0.940982034,-0.926035948,0.947003817	ok
0.249699	0.811623	1.927082736,0.000000000,1.363615006	maximum	continued_angle_secant_step_tol	0.714640181	0.543692221	NaN	secant_step_tol	nearest_best_neighbor	1.927082736	1.927082736	1.912082736	1.927082736	0.015000000	3	false	16	-0.941999855,0.923406324,0.455178717,0.947103099,0.930790630,-0.944241579,-0.923173752,-0.458167904,-0.946873630,-0.930273118,0.944868895,0.925299505,0.948760548,0.933223917,-0.940862869,0.926740404	ok
0.249699	0.814429	1.927082736,0.000000000,1.363615006	maximum	continued_angle_secant_step_tol	0.714534632	0.542885150	NaN	secant_step_tol	nearest_best_neighbor	1.942082736	1.927082736	1.912082736	1.927082736	0.015000000	3	false	16	-0.942021405,0.923807349,0.453244391,0.947468564,0.931549151,-0.943457513,-0.918865942,-0.476511090,-0.940169582,0.928662004,-0.946677075,-0.930225005,0.945096820,0.925905383,-0.944517673,-0.933359335	ok
0.249699	0.817234	1.942082736,0.000000000,1.363615006	maximum	continued_angle_secant_step_tol	0.722557382	0.541982876	NaN	secant_step_tol	nearest_best_neighbor	1.942082736	1.942082736	1.927082736	1.942082736	0.015000000	3	false	16	-0.942571320,0.922262143,0.470634505,0.945787936,0.927534990,-0.947493221,-0.932318840,0.942618422,-0.922093590,-0.471153106,-0.945564576,-0.926940922,0.947657092,0.932957687,-0.941712057,0.925241163	ok
0.249699	0.820040	1.942082736,0.000000000,1.363615006	maximum	continued_angle_secant_step_tol	0.722438415	0.541001119	NaN	secant_step_tol	nearest_best_neighbor	1.942082736	1.942082736	1.927082736	1.942082736	0.015000000	3	false	16	-0.942592522,0.922712286,0.471934791,0.946347485,0.928903243,-0.946714775,-0.930185728,0.945473922,0.926851443,-0.947717542,-0.933149170,0.941657556,-0.925816915,-0.950284683,-0.933466894,0.941193001	ok
0.249699	0.822846	1.942082736,0.000000000,1.363615006	maximum	continued_angle_secant_step_tol	0.722319639	0.540027767	NaN	secant_step_tol	nearest_best_neighbor	1.942082736	1.942082736	1.927082736	1.942082736	0.015000000	3	false	16	-0.942614335,0.923146237,0.473486607,0.946835078,0.930030777,-0.945798674,-0.927695725,0.947607279,0.932455446,-0.942849131,0.922200898,0.475731837,0.945711348,0.927223365,-0.947757124,-0.932971321	ok
0.249699	0.825651	1.942082736,0.000000000,1.363615006	maximum	continued_angle_secant_step_tol	0.722201154	0.539063100	NaN	secant_step_tol	nearest_best_neighbor	1.942082736	1.942082736	1.927082736	1.942082736	0.015000000	3	false	16	-0.942636756,0.923565710,0.475160047,0.947258241,0.930965449,-0.944932800,-0.925007878,-0.948357096,-0.933126316,0.942130295,-0.925279691,-0.948537265,-0.933331631,0.941838651,-0.926130204,0.937591366	ok
0.249699	0.828457	1.942082736,0.000000000,1.363615006	maximum	continued_angle_secant_step_tol	0.722083058	0.538107371	NaN	secant_step_tol	nearest_best_neighbor	1.942082736	1.942082736	1.927082736	1.942082736	0.015000000	3	false	16	-0.942659780,0.923972119,0.476682466,0.947624313,0.931739588,-0.944180544,-0.921809400,-0.480241461,-0.945196199,-0.925614035,-0.948824891,-0.933553384,0.941742418,-0.926796049,0.947826320,0.933520910	ok
0.249699	0.831263	1.942082736,0.000000000,1.363615006	maximum	continued_angle_secant_step_tol	0.721965442	0.537160808	NaN	secant_step_tol	nearest_best_neighbor	1.942082736	1.942082736	1.927082736	1.942082736	0.015000000	3	false	16	-0.942683403,0.924366647,0.477446795,0.947940779,0.932377284,-0.943561496,0.920097291,0.481987050,0.942566666,-0.924717884,-0.469224525,-0.948183429,-0.932845673,0.942941055,-0.923431172,-0.482225942	ok
0.249699	0.834068	1.942082736,0.000000000,1.363615006	maximum	continued_angle_secant_step_tol	0.721848394	0.536223616	NaN	secant_step_tol	nearest_best_neighbor	1.942082736	1.942082736	1.927082736	1.942082736	0.015000000	3	false	16	-0.942707620,0.924750292,0.475881055,0.948215824,0.932897770,-0.943076658,0.923403766,0.485151192,0.947119808,0.930561104,-0.945877373,-0.927646903,0.947967843,0.933159372,-0.942723818,0.924713816	ok
0.249699	0.836874	1.942082736,0.000000000,1.363615006	maximum	continued_angle_secant_step_tol	0.721731997	0.535295979	NaN	secant_step_tol	nearest_best_neighbor	1.957082736	1.942082736	1.927082736	1.942082736	0.015000000	3	false	16	-0.942732429,0.925123894,0.466243851,0.948459559,0.933317055,-0.942718636,0.925186192,0.459488800,0.948496591,0.933373774,-0.942641402,0.925435311,0.948646689,0.933570931,-0.942370588,0.926258515	ok
0.249699	0.839679	1.957082736,0.000000000,1.363615006	maximum	continued_angle_secant_step_tol	0.729629773	0.534353408	NaN	secant_step_tol	nearest_best_neighbor	1.957082736	1.957082736	1.942082736	1.957082736	0.015000000	3	false	16	-0.943262179,0.923665590,0.490949756,0.947390593,0.931126262,-0.945601342,-0.926696255,0.947559404,0.933949942,-0.942058849,0.927519587,-0.948143157,-0.933568946,0.942585669,-0.926039700,-0.949194624	ok
0.249699	0.842485	1.957082736,0.000000000,1.363615006	maximum	continued_angle_secant_step_tol	0.729499903	0.533252679	NaN	secant_step_tol	nearest_best_neighbor	1.957082736	1.957082736	1.942082736	1.957082736	0.015000000	3	false	16	-0.943286819,0.924082177,0.494574389,0.947766930,0.931938413,-0.944857114,-0.923980214,-0.494385669,-0.947683411,-0.931756316,0.945068391,0.924814316,0.492895143,0.948301382,0.933039379,-0.943495867	ok
0.249699	0.845291	1.957082736,0.000000000,1.363615006	maximum	continued_angle_secant_step_tol	0.729371094	0.532166183	NaN	secant_step_tol	nearest_best_neighbor	1.957082736	1.957082736	1.942082736	1.957082736	0.015000000	3	false	16	-0.943312051,0.924484802,0.498332339,0.948091954,0.932611710,-0.944230906,-0.919416519,-0.486747789,-0.941593357,0.929327011,-0.947521661,-0.931714364,0.945289403,0.925501646,0.469116833,0.948722002	ok
0.249699	0.848096	1.957082736,0.000000000,1.363615006	maximum	continued_angle_secant_step_tol	0.729243415	0.531093923	NaN	secant_step_tol	nearest_best_neighbor	1.957082736	1.957082736	1.942082736	1.957082736	0.015000000	3	false	16	-0.943337877,0.924874840,0.501806414,0.948373243,0.933167634,-0.943726367,0.923263922,0.496642866,0.947035712,0.930224916,-0.946935251,-0.930206596,0.946951062,0.930246835,-0.946916251,-0.930158162	ok
0.249699	0.850902	1.957082736,0.000000000,1.363615006	maximum	continued_angle_secant_step_tol	0.729116935	0.530035886	NaN	secant_step_tol	nearest_best_neighbor	1.957082736	1.957082736	1.942082736	1.957082736	0.015000000	3	false	16	-0.943364286,0.925253449,0.503920058,0.948618999,0.933623384,-0.943338010,0.925362335,0.501979079,0.948679566,0.933726239,-0.943203530,0.925821961,0.948931473,0.934070073,-0.942746760,0.927217224	ok
0.249699	0.853707	1.957082736,0.000000000,1.363615006	maximum	continued_angle_secant_step_tol	0.728991717	0.528992051	NaN	secant_step_tol	nearest_best_neighbor	1.957082736	1.957082736	1.942082736	1.957082736	0.015000000	3	false	16	-0.943391275,0.925621600,0.500890601,0.948839529,0.933993188,-0.943056354,0.926719245,0.953726626,0.934422048,-0.942481562,0.928323514,-0.948353997,-0.933666872,0.943482320,-0.925313095,-0.508669962	ok
0.249699	0.856513	1.957082736,0.000000000,1.363615006	maximum	continued_angle_secant_step_tol	0.728867820	0.527962384	NaN	secant_step_tol	nearest_best_neighbor	1.957082736	1.957082736	1.942082736	1.957082736	0.015000000	3	false	16	-0.943418836,0.925980106,0.949051636,0.934289102,-0.942870353,0.927665078,-0.948529391,-0.934304099,0.942850382,-0.927720589,0.948533134,0.934274640,-0.942889601,0.927611297,-0.948522661,-0.934330880	ok
0.249699	0.859319	1.957082736,0.000000000,1.363615006	maximum	continued_angle_secant_step_tol	0.728745304	0.526946842	NaN	secant_step_tol	nearest_best_neighbor	1.972082736	1.957082736	1.942082736	1.957082736	0.015000000	3	false	16	-0.943446964,0.926329683,0.949295378,0.934521492,-0.942768638,0.928328351,-0.948522901,-0.934002696,0.943449640,-0.926333101,-0.949298328,-0.934522699,0.942767019,-0.928332637,0.948521721,0.933999050	ok
0.249699	0.862124	1.972082736,0.000000000,1.363615006	maximum	continued_angle_secant_step_tol	0.736511097	0.525903434	NaN	secant_step_tol	nearest_best_neighbor	1.972082736	1.972082736	1.957082736	1.972082736	0.015000000	3	false	16	-0.943957944,0.924921232,0.518618490,0.948511378,0.933425218,-0.944367088,0.922845409,0.502800945,0.946679360,0.929187493,-0.948263680,-0.933271301,0.944552746,-0.921250015,-0.495674808,-0.944663821	ok
0.249699	0.864930	1.972082736,0.000000000,1.363615006	maximum	continued_angle_secant_step_tol	0.736375264	0.524718681	NaN	secant_step_tol	nearest_best_neighbor	1.972082736	1.972082736	1.957082736	1.972082736	0.015000000	3	false	16	-0.943986057,0.925310403,0.524536597,0.948770500,0.933934350,-0.943931346,0.925540286,0.525828960,0.948894625,0.934160790,-0.943646026,0.926559318,0.949490933,0.934766005,-0.942859952,0.928841402	ok
0.249699	0.867735	1.972082736,0.000000000,1.363615006	maximum	continued_angle_secant_step_tol	0.736241209	0.523552609	NaN	secant_step_tol	nearest_best_neighbor	1.972082736	1.972082736	1.957082736	1.972082736	0.015000000	3	false	16	-0.944014737,0.925687116,0.530097677,0.948997388,0.934354483,-0.943598297,0.927142755,-0.945469726,-0.934937854,0.942840185,-0.929260378,0.948435514,0.933611555,-0.944517333,0.923264218,0.508287216	ok
0.249699	0.870541	1.972082736,0.000000000,1.363615006	maximum	continued_angle_secant_step_tol	0.736108977	0.522405001	NaN	secant_step_tol	nearest_best_neighbor	1.972082736	1.972082736	1.957082736	1.972082736	0.015000000	3	false	16	-0.944043981,0.926052550,0.533640762,0.949202046,0.934698900,-0.943357728,0.928261608,-0.948853067,-0.934701194,0.943354769,-0.928269928,0.948852028,0.934696025,-0.943361429,0.928251183,-0.948854314	ok
0.249699	0.873347	1.972082736,0.000000000,1.363615006	maximum	continued_angle_secant_step_tol	0.735978610	0.521275641	NaN	secant_step_tol	nearest_best_neighbor	1.972082736	1.972082736	1.957082736	1.972082736	0.015000000	3	false	16	-0.944073780,0.926407697,0.525145096,0.949400982,0.934978670,-0.943199021,0.929073742,-0.948714440,-0.934218251,0.944159839,-0.926099209,-0.538645503,-0.949252848,-0.934808575,0.943418542,-0.928479815	ok
0.249699	0.876152	1.972082736,0.000000000,1.363615006	maximum	continued_angle_secant_step_tol	0.735850149	0.520164313	NaN	secant_step_tol	nearest_best_neighbor	1.972082736	1.972082736	1.957082736	1.972082736	0.015000000	3	false	16	-0.944104131,0.926753397,0.949635585,0.935203143,-0.943111866,0.929664426,-0.948539636,-0.933763154,0.944891997,-0.922722751,-0.508095279,-0.946673188,-0.928996188,0.948834757,0.934478939,-0.944031721	ok
0.249699	0.878958	1.972082736,0.000000000,1.363615006	maximum	continued_angle_secant_step_tol	0.735723630	0.519070800	NaN	secant_step_tol	nearest_best_neighbor	1.972082736	1.972082736	1.957082736	1.972082736	0.015000000	3	false	16	-0.944135027,0.927090366,0.950109632,0.935380324,-0.943086595,0.930084713,-0.948411530,-0.933437845,0.945441573,0.924295543,0.523327599,0.948218487,0.932781030,-0.946148330,-0.927382446,0.945447706	ok
0.249699	0.881764	1.972082736,0.000000000,1.363615006	maximum	continued_angle_secant_step_tol	0.735599090	0.517994884	NaN	secant_step_tol	nearest_best_neighbor	1.987082736	1.972082736	1.957082736	1.972082736	0.015000000	3	false	16	-0.944166461,0.927419235,-0.940527732,-0.935517053,0.943114325,-0.930369051,0.948350007,0.933273148,-0.945794580,-0.925905169,-0.547356111,-0.949260899,-0.934911592,0.943885087,-0.928314913,0.949137809	ok
0.249699	0.884569	1.987082736,0.000000000,1.363615006	maximum	continued_angle_secant_step_tol	0.743227704	0.516806118	NaN	secant_step_tol	nearest_best_neighbor	1.987082736	1.987082736	1.972082736	1.987082736	0.015000000	3	false	16	-0.944660024,0.926017912,0.551384281,0.949347765,0.935085453,-0.943865015,0.928768007,-0.949160267,-0.935201205,0.943720134,-0.929175019,0.949047453,0.934890971,-0.944105704,0.928045730,-0.949158502	ok
0.249699	0.887375	1.987082736,0.000000000,1.363615006	maximum	continued_angle_secant_step_tol	0.743090161	0.515566534	NaN	secant_step_tol	nearest_best_neighbor	1.987082736	1.987082736	1.972082736	1.987082736	0.015000000	3	false	16	-0.944691564,0.926385745,0.559370816,0.949543659,0.935428624,-0.943632893,0.929780593,-0.948895869,-0.934498417,0.944767492,-0.926069560,-0.554415604,-0.949407202,-0.935213243,0.943902654,-0.929047296	ok
0.249699	0.890180	1.987082736,0.000000000,1.363615006	maximum	continued_angle_secant_step_tol	0.742954979	0.514348916	NaN	secant_step_tol	nearest_best_neighbor	1.987082736	1.987082736	1.972082736	1.987082736	0.015000000	3	false	16	-0.944723638,0.926741949,0.565607135,0.949729918,0.935711787,-0.943474934,0.930539422,-0.948590138,-0.933777683,0.945761845,0.925191529,0.540900964,0.948979334,0.934407057,-0.945057655,0.925175414	ok
0.249699	0.892986	1.987082736,0.000000000,1.363615006	maximum	continued_angle_secant_step_tol	0.742822182	0.513152887	NaN	secant_step_tol	nearest_best_neighbor	1.987082736	1.987082736	1.972082736	1.987082736	0.015000000	3	false	16	-0.944756241,0.927087625,0.548852361,0.949937549,0.935944083,-0.943381282,0.931111360,-0.948333748,-0.933171725,0.946560066,0.928413452,-0.949411095,-0.935874681,0.943469726,-0.930899972,0.948477568	ok
0.249699	0.895792	1.987082736,0.000000000,1.363615006	maximum	continued_angle_secant_step_tol	0.742691790	0.511978076	NaN	secant_step_tol	nearest_best_neighbor	1.987082736	1.987082736	1.972082736	1.987082736	0.015000000	3	false	16	-0.944789367,0.927423695,0.950300952,0.936133143,-0.943342993,0.931538493,-0.948150525,-0.932728038,0.947143069,0.930143435,-0.949028086,-0.934748828,0.945029038,-0.926439736,-0.567293346,-0.949679649	ok
0.249699	0.898597	1.987082736,0.000000000,1.363615006	maximum	continued_angle_secant_step_tol	0.742563823	0.510824119	NaN	secant_step_tol	nearest_best_neighbor	1.987082736	1.987082736	1.972082736	1.987082736	0.015000000	3	false	16	-0.944823009,0.927750946,0.961767063,0.936285433,-0.943352012,0.931850026,-0.948043009,-0.932457974,0.947533856,0.931178167,-0.948530462,-0.933606623,0.946444914,0.927854838,-0.948159344,-0.936283406	ok
0.249699	0.901403	1.987082736,0.000000000,1.363615006	maximum	continued_angle_secant_step_tol	0.742438299	0.509690658	NaN	secant_step_tol	nearest_best_neighbor	2.002082736	1.987082736	1.972082736	1.987082736	0.015000000	3	false	16	-0.944857163,0.928070044,-0.949274978,-0.936406443,0.943401178,-0.932067503,0.948005551,0.932354939,-0.947764944,-0.931755765,0.948243505,0.932927995,-0.947259821,-0.930409063,0.949105406,0.934900483	ok
0.249699	0.904208	2.002082736,0.000000000,1.363615006	maximum	continued_angle_secant_step_tol	0.749941468	0.508506761	NaN	secant_step_tol	nearest_best_neighbor	2.002082736	2.002082736	1.987082736	2.002082736	0.015000000	3	false	16	-0.945334877,0.926559807,0.574674427,0.949851393,0.936148912,-0.943925022,0.931170746,-0.948778902,-0.934160079,0.946204794,0.926572773,0.574991143,0.949856518,0.936157081,-0.943914910,0.931195659	ok
0.249699	0.907014	2.002082736,0.000000000,1.363615006	maximum	continued_angle_secant_step_tol	0.749803017	0.507211693	NaN	secant_step_tol	nearest_best_neighbor	2.002082736	2.002082736	1.987082736	2.002082736	0.015000000	3	false	16	-0.945369234,0.926926692,0.585117989,0.950032361,0.936461585,-0.943734927,0.931963624,-0.948352143,-0.933170395,0.947338560,0.930572461,-0.949235807,-0.935177233,0.945268352,-0.927392893,-0.593004738	ok
0.249699	0.909820	2.002082736,0.000000000,1.363615006	maximum	continued_angle_secant_step_tol	0.749667384	0.505941433	NaN	secant_step_tol	nearest_best_neighbor	2.002082736	2.002082736	1.987082736	2.002082736	0.015000000	3	false	16	-0.945404103,0.927280469,0.595356953,0.950210155,0.936722343,-0.943608694,0.932576911,-0.948004890,-0.932321104,0.948206966,0.932817391,-0.947798878,-0.931797670,0.948599046,0.933742248,-0.946952997	ok
0.249699	0.912625	2.002082736,0.000000000,1.363615006	maximum	continued_angle_secant_step_tol	0.749534576	0.504695468	NaN	secant_step_tol	nearest_best_neighbor	2.002082736	2.002082736	1.987082736	2.002082736	0.015000000	3	false	16	-0.945439463,0.927622595,0.601683214,0.950429541,0.936939648,-0.943536897,0.933052742,-0.947744761,-0.931640951,0.948831727,0.934271906,-0.946588522,-0.927925116,-0.951137882,-0.936977472,0.943489072	ok
0.249699	0.915431	2.002082736,0.000000000,1.363615006	maximum	continued_angle_secant_step_tol	0.749404598	0.503473299	NaN	secant_step_tol	nearest_best_neighbor	2.002082736	2.002082736	1.987082736	2.002082736	0.015000000	3	false	16	-0.945475322,0.927954237,0.951002821,0.937120424,-0.943511340,0.933420068,-0.947567189,-0.931139492,0.949259791,0.935225031,-0.945752404,0.926583367,0.579281449,0.950039521,0.936613052,-0.944141920	ok
0.249699	0.918236	2.002082736,0.000000000,1.363615006	maximum	continued_angle_secant_step_tol	0.749277454	0.502274443	NaN	secant_step_tol	nearest_best_neighbor	2.002082736	2.002082736	1.987082736	2.002082736	0.015000000	3	false	16	-0.945511659,0.928276371,-0.949046775,-0.937270404,0.943524917,-0.933700057,0.947463370,0.930817294,-0.949540797,-0.935839873,0.945244883,-0.929280456,0.950046822,0.937017800,-0.943841304,0.933020930	ok
0.249699	0.921042	2.002082736,0.000000000,1.363615006	maximum	continued_angle_secant_step_tol	0.749153147	0.501098427	NaN	secant_step_tol	nearest_best_neighbor	2.017082736	2.002082736	1.987082736	2.002082736	0.015000000	3	false	16	-0.945548482,0.928589805,-0.949999749,-0.937394409,0.943571471,-0.933908836,0.947423400,0.930667911,-0.949716230,-0.936221995,0.944990676,-0.930479838,0.949797842,0.936399251,-0.944783661,0.931065050	ok
0.249699	0.923848	2.017082736,0.000000000,1.363615006	maximum	continued_angle_secant_step_tol	0.756528590	0.499891753	NaN	secant_step_tol	nearest_best_neighbor	2.017082736	2.017082736	2.002082736	2.017082736	0.015000000	3	false	16	-0.946011290,0.926814266,0.587411977,0.950270298,0.937120926,-0.944111088,0.933057183,-0.948308852,-0.933044501,0.948316263,0.933062742,-0.948301514,-0.933026430,0.948330838,0.933098524,-0.948272453	ok
0.249699	0.926653	2.017082736,0.000000000,1.363615006	maximum	continued_angle_secant_step_tol	0.756391516	0.498557125	NaN	secant_step_tol	nearest_best_neighbor	2.017082736	2.017082736	2.002082736	2.017082736	0.015000000	3	false	16	-0.946048404,0.927201120,0.599342625,0.950452924,0.937456818,-0.943896116,0.933839662,-0.947788449,-0.931677808,0.949406700,0.935565653,-0.946084747,0.926978353,0.592585618,0.950378310,0.937342652	ok
0.249699	0.929459	2.017082736,0.000000000,1.363615006	maximum	continued_angle_secant_step_tol	0.756257644	0.497249557	NaN	secant_step_tol	nearest_best_neighbor	2.017082736	2.017082736	2.002082736	2.017082736	0.015000000	3	false	16	-0.946085989,0.927569431,0.611871906,0.950621646,0.937737733,-0.943747534,0.934451912,-0.947379964,-0.930416727,0.950116429,0.937093767,-0.944534271,0.932727830,-0.948832759,-0.934295467,0.947522016	ok
0.249699	0.932265	2.017082736,0.000000000,1.363615006	maximum	continued_angle_secant_step_tol	0.756126966	0.495968428	NaN	secant_step_tol	nearest_best_neighbor	2.017082736	2.017082736	2.002082736	2.017082736	0.015000000	3	false	16	-0.946124038,0.927922019,0.624894795,0.950801969,0.937974202,-0.943653758,0.934936357,-0.947072848,-0.929229556,0.950434381,0.937916510,-0.943726010,0.934792325,-0.947212968,-0.929777398,0.950383409	ok
0.249699	0.935070	2.017082736,0.000000000,1.363615006	maximum	continued_angle_secant_step_tol	0.755999473	0.494713134	NaN	secant_step_tol	nearest_best_neighbor	2.017082736	2.017082736	2.002082736	2.017082736	0.015000000	3	false	16	-0.946162548,0.928260999,0.637574501,0.951106569,0.938174308,-0.943605453,0.935321655,-0.946853690,-0.928055308,-0.630326904,-0.950907771,-0.938146226,0.943640761,-0.935252906,0.946922558,0.928425171	ok
0.249699	0.937876	2.017082736,0.000000000,1.363615006	maximum	continued_angle_secant_step_tol	0.755875155	0.493483095	NaN	secant_step_tol	nearest_best_neighbor	2.017082736	2.017082736	2.002082736	2.017082736	0.015000000	3	false	16	-0.946201510,0.928588029,-0.944361885,-0.938344426,0.943594955,-0.935628389,0.946709345,0.926727554,0.586774812,0.950491601,0.937698737,-0.944391031,0.934007928,-0.948231047,-0.932833972,0.949145030	ok
0.249699	0.940681	2.017082736,0.000000000,1.363615006	maximum	continued_angle_secant_step_tol	0.755754002	0.492277743	NaN	secant_step_tol	nearest_best_neighbor	2.032082736	2.017082736	2.002082736	2.017082736	0.015000000	3	false	16	-0.946240920,0.928904427,-0.950479902,-0.938489677,0.943615917,-0.935871985,0.946627899,-0.925834779,-0.566077557,-0.950125182,-0.937035058,0.945359194,-0.931988691,0.949807100,0.936483651,-0.945973177	ok
0.249699	0.943487	2.032082736,0.000000000,1.363615006	maximum	continued_angle_secant_step_tol	0.763000100	0.491025444	NaN	secant_step_tol	nearest_best_neighbor	2.032082736	2.032082736	2.017082736	2.032082736	0.015000000	3	false	16	-0.946689713,0.926079774,0.571546334,0.950304786,0.937413548,-0.945111808,0.932976516,-0.949303625,-0.935414987,0.947247675,0.929582119,-0.950736195,-0.938519537,0.943781611,-0.935839337,0.946829647	ok
0.249699	0.946293	2.032082736,0.000000000,1.363615006	maximum	continued_angle_secant_step_tol	0.762866412	0.489665249	NaN	secant_step_tol	nearest_best_neighbor	2.032082736	2.032082736	2.017082736	2.032082736	0.015000000	3	false	16	-0.946729486,0.926685274,0.586163550,0.950633964,0.938066441,-0.944534560,0.934614929,-0.948148733,-0.932592304,0.949682201,0.936254493,-0.946567097,0.928180612,0.635383591,0.951125574,0.938771328	ok
0.249699	0.949098	2.032082736,0.000000000,1.363615006	maximum	continued_angle_secant_step_tol	0.762736243	0.488333844	NaN	secant_step_tol	nearest_best_neighbor	2.032082736	2.032082736	2.017082736	2.032082736	0.015000000	3	false	16	-0.946769697,0.927187767,0.600185191,0.950875213,0.938535209,-0.944163607,0.935668409,-0.947328861,-0.929733119,0.950886772,0.938836845,-0.943790494,0.936383238,-0.946609618,0.928513354,0.649506295	ok
0.249699	0.951904	2.032082736,0.000000000,1.363615006	maximum	continued_angle_secant_step_tol	0.762609571	0.487030522	NaN	secant_step_tol	nearest_best_neighbor	2.032082736	2.032082736	2.017082736	2.032082736	0.015000000	3	false	16	-0.946810336,0.927632204,0.614215869,0.951068784,0.938899531,-0.943914680,0.936428523,-0.946733521,0.928293102,0.639309449,0.951263545,0.939102085,-0.943661386,0.936895154,-0.946242923,0.930723821	ok
0.249699	0.954709	2.032082736,0.000000000,1.363615006	maximum	continued_angle_secant_step_tol	0.762486376	0.485754597	NaN	secant_step_tol	nearest_best_neighbor	2.032082736	2.032082736	2.017082736	2.032082736	0.015000000	3	false	16	-0.946851401,0.928037812,0.628543186,0.951237173,0.939194553,-0.943749184,0.937007346,-0.946298896,0.930932448,-0.950809849,-0.938636450,0.944436209,-0.935702753,0.947617420,0.930775375,-0.950858694	ok
0.249699	0.957515	2.032082736,0.000000000,1.363615006	maximum	continued_angle_secant_step_tol	0.762366636	0.484505410	NaN	secant_step_tol	nearest_best_neighbor	2.032082736	2.032082736	2.017082736	2.032082736	0.015000000	3	false	16	-0.946892886,0.928414916,0.643371761,0.951407298,0.939439775,-0.943644944,0.937462009,-0.945984728,0.932350153,-0.950295870,-0.937620157,0.945804492,-0.932864144,0.949999829,0.937011407,-0.946465152	ok
0.249699	0.960321	2.032082736,0.000000000,1.363615006	maximum	continued_angle_secant_step_tol	0.762250330	0.483282321	NaN	secant_step_tol	nearest_best_neighbor	2.047082736	2.032082736	2.017082736	2.032082736	0.015000000	3	false	16	-0.946934786,0.928769809,0.658906353,0.951685446,0.939647524,-0.943587517,0.937826440,-0.945763505,0.933315975,-0.949836413,-0.936693224,0.946967861,-0.928511164,-0.646870703,-0.951493865,-0.939616397	ok
0.249699	0.963126	2.047082736,0.000000000,1.363615006	maximum	continued_angle_secant_step_tol	0.769366047	0.481965818	NaN	secant_step_tol	nearest_best_neighbor	2.047082736	2.047082736	2.032082736	2.047082736	0.015000000	3	false	16	-0.947370400,-0.929151725,-0.677874233,0.950565046,0.939825233,-0.943567997,0.938120690,-0.945617732,0.934016237,-0.949479653,-0.935942736,0.947865648,0.931542767,-0.950888643,-0.938857538,0.944757843	ok
0.249699	0.965932	2.047082736,0.000000000,1.363615006	maximum	continued_angle_secant_step_tol	0.769237496	0.480592279	NaN	secant_step_tol	nearest_best_neighbor	2.047082736	2.047082736	2.032082736	2.047082736	0.015000000	3	false	16	-0.947412724,-0.929198266,-0.679242435,0.950601240,0.939996325,-0.943556823,0.938397527,-0.945490112,0.934637647,-0.949144429,-0.935193325,0.948688096,0.934052044,-0.949586450,-0.936203710,0.947779185	ok
0.249699	0.968737	2.047082736,0.000000000,1.363615006	maximum	continued_angle_secant_step_tol	0.769112721	0.479248803	NaN	secant_step_tol	nearest_best_neighbor	2.047082736	2.047082736	2.032082736	2.047082736	0.015000000	3	false	16	-0.947455447,-0.929243546,-0.680369425,0.950617990,0.940168542,-0.943544155,0.938673986,-0.945361645,0.935234665,-0.948801742,-0.934358206,0.949496244,0.936027740,-0.948102167,-0.932301274,0.950768999	ok
0.249699	0.971543	2.047082736,0.000000000,1.363615006	maximum	continued_angle_secant_step_tol	0.768991688	0.477934614	NaN	secant_step_tol	nearest_best_neighbor	2.047082736	2.047082736	2.032082736	2.047082736	0.015000000	3	false	16	-0.947498561,-0.929287127,-0.681277736,0.950599368,0.940341851,-0.943530000,0.938950028,-0.945232373,0.935810606,-0.948454496,-0.933400668,0.950279241,0.937728902,-0.946582605,0.932321418,-0.950869216	ok
0.249699	0.974349	2.047082736,0.000000000,1.363615006	maximum	continued_angle_secant_step_tol	0.768874366	0.476648965	NaN	secant_step_tol	nearest_best_neighbor	2.047082736	2.047082736	2.032082736	2.047082736	0.015000000	3	false	16	-0.947542076,-0.929328469,-0.681967318,0.950509672,0.940516219,-0.943514362,0.939225613,-0.945102321,0.936368065,-0.948104750,-0.932234836,0.951017463,0.939225219,-0.945096829,0.936379182,-0.948094452	ok
0.249699	0.977154	2.047082736,0.000000000,1.363615006	maximum	continued_angle_secant_step_tol	0.768760724	0.475391134	NaN	secant_step_tol	nearest_best_neighbor	2.047082736	2.047082736	2.032082736	2.047082736	0.015000000	3	false	16	-0.947585971,-0.929366873,-0.682421467,0.950246958,0.940691607,-0.943497271,0.939500686,-0.944971515,0.936909059,-0.947754034,-0.930577814,0.951630860,0.940462186,-0.943789580,0.939023641,-0.945525441	ok
0.249699	0.979960	2.047082736,0.000000000,1.363615006	maximum	continued_angle_secant_step_tol	0.768650731	0.474160424	NaN	secant_step_tol	nearest_best_neighbor	2.062082736	2.047082736	2.032082736	2.047082736	0.015000000	3	false	16	-0.947630246,-0.929401401,-0.682607524,0.949349832,0.940867954,-0.943478752,0.939775178,-0.944840020,0.937435182,-0.947403479,0.929776442,0.706815520,-0.951712171,-0.940844835,0.943508501,-0.939727894	ok
0.249699	0.982766	2.062082736,0.000000000,1.363615006	maximum	continued_angle_secant_step_tol	0.775635550	0.472764926	NaN	secant_step_tol	nearest_best_neighbor	2.062082736	2.062082736	2.047082736	2.062082736	0.015000000	3	false	15	-0.948053470,-0.931851858,0.951484246,0.940219435,-0.944495295,0.938328753,-0.946655436,0.933563157,-0.950668538,-0.938649106,0.946307517,-0.934538581,0.950036772,0.937356012,-0.947646464	short
0.249699	0.985571	2.062082736,0.000000000,1.363615006	maximum	continued_angle_secant_step_tol	0.775513651	0.471388658	NaN	secant_step_tol	nearest_best_neighbor	2.062082736	2.062082736	2.047082736	2.062082736	0.015000000	3	false	15	-0.948098213,-0.931969291,0.951543385,0.940366003,-0.944515639,0.938552344,-0.946594628,0.934089563,-0.950468051,-0.938285428,0.946874131,-0.933233415,0.950972572,0.939281183,-0.945789867	short
0.249699	0.988377	2.062082736,0.000000000,1.363615006	maximum	continued_angle_secant_step_tol	0.775395728	0.470043323	NaN	secant_step_tol	nearest_best_neighbor	2.062082736	2.062082736	2.047082736	2.062082736	0.015000000	3	false	15	-0.948143326,-0.932089497,0.951601442,0.940511387,-0.944537415,0.938771677,-0.946537933,0.934582199,-0.950269745,-0.937916570,0.947425179,-0.931380150,0.951825856,0.940934991,-0.944012510	short
0.249699	0.991182	2.062082736,0.000000000,1.363615006	maximum	continued_angle_secant_step_tol	0.775281739	0.468728095	NaN	secant_step_tol	nearest_best_neighbor	2.062082736	2.062082736	2.047082736	2.062082736	0.015000000	3	false	15	-0.948188795,-0.932212524,0.951658347,0.940655473,-0.944560760,0.938986643,-0.946485550,0.935045444,-0.950076239,-0.937545424,0.947957115,0.930922325,-0.952017194,-0.941339512,0.943704584	short
0.249699	0.993988	2.062082736,0.000000000,1.363615006	maximum	continued_angle_secant_step_tol	0.775171646	0.467442180	NaN	secant_step_tol	nearest_best_neighbor	2.062082736	2.062082736	2.047082736	2.062082736	0.015000000	3	false	15	-0.948234632,-0.932338419,0.951714041,0.940798148,-0.944585799,0.939197122,-0.946437667,0.935482515,-0.949889444,-0.937173654,0.948467965,0.933296360,-0.951285176,-0.939998727,0.945535592	short
0.249699	0.996794	2.062082736,0.000000000,1.363615006	maximum	continued_angle_secant_step_tol	0.775065407	0.466184811	NaN	secant_step_tol	nearest_best_neighbor	2.077082736	2.062082736	2.047082736	2.062082736	0.015000000	3	false	15	-0.948280815,-0.932467244,0.951768456,0.940939301,-0.944612655,0.939402996,-0.946394488,0.935895869,-0.949710792,-0.936801998,0.948956790,0.934869640,-0.950465950,-0.938438251,0.947409323	short
0.249699	0.999599	2.077082736,0.000000000,1.363615006	maximum	continued_angle_secant_step_tol	0.781934981	0.464871517	NaN	secant_step_tol	nearest_best_neighbor	2.077082736	2.077082736	2.062082736	2.077082736	0.015000000	3	false	15	-0.948692206,-0.934040495,0.951115150,0.939762681,-0.946177947,0.936689438,-0.949206343,-0.935576581,0.950095625,0.937699062,-0.948299363,-0.932461891,0.951874786,0.941176146,-0.944521956	short
0.249699	1.002405	2.077082736,0.000000000,1.363615006	maximum	continued_angle_secant_step_tol	0.781816850	0.463469324	NaN	secant_step_tol	nearest_best_neighbor	2.077082736	2.077082736	2.062082736	2.077082736	0.015000000	3	false	15	-0.948738903,-0.934182289,0.951154070,0.939881942,-0.946229863,0.936865151,-0.949207026,-0.935595341,0.950219390,0.938004736,-0.948171941,-0.931567182,0.952251913,0.941907448,-0.943804854	short
0.249699	1.005210	2.077082736,0.000000000,1.363615006	maximum	continued_angle_secant_step_tol	0.781702896	0.462099477	NaN	secant_step_tol	nearest_best_neighbor	2.077082736	2.077082736	2.062082736	2.077082736	0.015000000	3	false	15	-0.948785936,-0.934326448,0.951191530,0.939999319,-0.946283905,0.937035102,-0.949212580,-0.935626614,0.950333396,0.938287850,-0.948063958,-0.929603461,-0.678019441,-0.952796069,-0.942486916	short
0.249699	1.008016	2.077082736,0.000000000,1.363615006	maximum	continued_angle_secant_step_tol	0.781593071	0.460761084	NaN	secant_step_tol	nearest_best_neighbor	2.077082736	2.077082736	2.062082736	2.077082736	0.015000000	3	false	15	-0.948833303,-0.934472956,0.951227497,0.940114767,-0.946340113,0.937199279,-0.949223083,-0.935671088,0.950437449,0.938548839,-0.947975874,0.931693497,-0.952410807,-0.942276140,0.943744176	short
0.249699	1.010822	2.077082736,0.000000000,1.363615006	maximum	continued_angle_secant_step_tol	0.781487326	0.459453283	NaN	secant_step_tol	nearest_best_neighbor	2.077082736	2.077082736	2.062082736	2.077082736	0.015000000	3	false	15	-0.948880999,-0.934621813,0.951261949,0.940228247,-0.946398515,0.937357678,-0.949238605,-0.935729443,0.950531325,0.938787968,-0.947908159,0.932694304,-0.952203580,-0.941947947,0.944369675	short
0.249699	1.013627	2.077082736,0.000000000,1.363615006	maximum	continued_angle_secant_step_tol	0.781385614	0.458175248	NaN	secant_step_tol	nearest_best_neighbor	2.077082736	2.077082736	2.062082736	2.077082736	0.015000000	3	false	15	-0.948929021,-0.934772992,0.951294865,0.940339708,-0.946459143,0.937510290,-0.949259208,-0.935802326,0.950614779,0.939005339,-0.947861300,0.933399884,-0.952021650,-0.941671917,0.944912196	short
0.249699	1.016433	2.077082736,0.000000000,1.363615006	maximum	continued_angle_secant_step_tol	0.781287888	0.456926182	NaN	secant_step_tol	nearest_best_neighbor	2.092082736	2.077082736	2.062082736	2.077082736	0.015000000	3	false	15	-0.948977363,-0.934926473,0.951326221,0.940449126,-0.946522029,0.937657092,-0.949284948,-0.935890320,0.950687532,0.939200917,-0.947835795,0.933937616,-0.951878455,-0.941465348,0.945357566	short
0.249699	1.019238	2.092082736,0.000000000,1.363615006	maximum	continued_angle_secant_step_tol	0.788026566	0.455508677	NaN	secant_step_tol	nearest_best_neighbor	2.092082736	2.092082736	2.077082736	2.092082736	0.015000000	3	false	15	-0.949377705,-0.936172650,0.950620720,0.939111772,-0.948093525,0.933121817,-0.952355675,-0.942363086,0.944457225,-0.941574628,0.945425392,-0.940013649,0.947174609,-0.936414207,0.950442200	short
0.249699	1.022044	2.092082736,0.000000000,1.363615006	maximum	continued_angle_secant_step_tol	0.787917359	0.454120489	NaN	secant_step_tol	nearest_best_neighbor	2.092082736	2.092082736	2.077082736	2.092082736	0.015000000	3	false	15	-0.949426584,-0.936329139,0.950644133,0.939208259,-0.948166695,0.933190587,-0.952435018,-0.942552874,0.944420970,-0.941858894,0.945281018,-0.940503287,0.946829560,-0.937547648,0.949683413	short
0.249699	1.024850	2.092082736,0.000000000,1.363615006	maximum	continued_angle_secant_step_tol	0.787812447	0.452764887	NaN	secant_step_tol	nearest_best_neighbor	2.092082736	2.092082736	2.077082736	2.092082736	0.015000000	3	false	15	-0.949475768,-0.936487465,0.950666125,0.939302653,-0.948241916,0.933239059,-0.952522455,-0.942756834,0.944365919,-0.942167699,0.945104327,-0.941032332,0.946429893,-0.938673723,0.948842096	short
0.249699	1.027655	2.092082736,0.000000000,1.363615006	maximum	continued_angle_secant_step_tol	0.787711772	0.451440957	NaN	secant_step_tol	nearest_best_neighbor	2.092082736	2.092082736	2.077082736	2.092082736	0.015000000	3	false	15	-0.949525260,-0.936647606,0.950686703,0.939394932,-0.948319201,0.933263693,-0.952619158,-0.942976664,0.944289435,-0.942503645,0.944890605,-0.941603968,0.945967512,-0.939811752,0.947906396	short
0.249699	1.030461	2.092082736,0.000000000,1.363615006	maximum	continued_angle_secant_step_tol	0.787615281	0.450147817	NaN	secant_step_tol	nearest_best_neighbor	2.092082736	2.092082736	2.077082736	2.092082736	0.015000000	3	false	15	-0.949575046,-0.936809519,0.950705866,0.939485096,-0.948398540,0.933259059,-0.952726701,-0.943214751,0.944187778,-0.942870533,0.944633018,-0.942223598,0.945430068,-0.940980707,0.946854726	short
0.249699	1.033267	2.092082736,0.000000000,1.363615006	maximum	continued_angle_secant_step_tol	0.787522919	0.448884619	NaN	secant_step_tol	nearest_best_neighbor	2.107082736	2.092082736	2.077082736	2.092082736	0.015000000	3	false	15	-0.949625120,-0.936973167,0.950723620,0.939573105,-0.948479937,0.933216190,-0.952847490,-0.943474768,0.944055215,-0.943274398,0.944320873,-0.942900708,0.944797302,-0.942204526,0.945647584	short
0.249699	1.036072	2.107082736,0.000000000,1.363615006	maximum	continued_angle_secant_step_tol	0.794146817	0.447523308	NaN	secant_step_tol	nearest_best_neighbor	2.107082736	2.107082736	2.092082736	2.107082736	0.015000000	3	false	15	-0.950014761,-0.938026735,0.950033574,0.938072384,-0.949995434,-0.937978293,0.950073845,0.938170573,-0.949912822,-0.937770492,0.950244350,0.938574086,-0.949564859,-0.936820789,0.950975807	short
0.249699	1.038878	2.107082736,0.000000000,1.363615006	maximum	continued_angle_secant_step_tol	0.794043057	0.446122496	NaN	secant_step_tol	nearest_best_neighbor	2.107082736	2.107082736	2.092082736	2.107082736	0.015000000	3	false	15	-0.950065406,-0.938190624,0.950047113,0.938144965,-0.950085262,-0.938238708,0.950006758,0.938044543,-0.950168536,-0.938439680,0.949835991,0.937603962,-0.950523793,-0.939249176,0.949114591	short
0.249699	1.041683	2.107082736,0.000000000,1.363615006	maximum	continued_angle_secant_step_tol	0.793943730	0.444755208	NaN	secant_step_tol	nearest_best_neighbor	2.107082736	2.107082736	2.092082736	2.107082736	0.015000000	3	false	15	-0.950116329,-0.938355940,0.950059394,0.938214717,-0.950177375,-0.938503516,0.949934336,0.937896142,-0.950437387,-0.939106973,0.949404388,0.936332956,-0.951585091,-0.941428651,0.947092566	short
0.249699	1.044489	2.107082736,0.000000000,1.363615006	maximum	continued_angle_secant_step_tol	0.793848772	0.443420478	NaN	secant_step_tol	nearest_best_neighbor	2.107082736	2.107082736	2.092082736	2.107082736	0.015000000	3	false	14	-0.950167530,-0.938522655,0.950070412,0.938281571,-0.950271813,-0.938772582,0.949856575,0.937721735,-0.950720750,-0.939776665,0.948946553,0.934131425,-0.952915778,-0.943819626	short
0.249699	1.047295	2.107082736,0.000000000,1.363615006	maximum	continued_angle_secant_step_tol	0.793758123	0.442117380	NaN	secant_step_tol	nearest_best_neighbor	2.107082736	2.107082736	2.092082736	2.107082736	0.015000000	3	false	14	-0.950218998,-0.938690731,0.950080180,0.938345420,-0.950368629,-0.939045774,0.949773451,0.937516179,-0.951020607,-0.940453433,0.948457935,-0.935704738,0.952232887,0.942716339	short
0.249699	1.050100	2.107082736,0.000000000,1.363615006	maximum	continued_angle_secant_step_tol	0.793671723	0.440845022	NaN	secant_step_tol	nearest_best_neighbor	2.122082736	2.107082736	2.092082736	2.107082736	0.015000000	3	false	14	-0.950270730,-0.938860130,0.950088712,0.938406149,-0.950467873,-0.939322986,0.949684929,0.937271929,-0.951339897,-0.941143034,0.947931587,-0.937789811,0.950955378,0.940377293	short
0.249699	1.052906	2.122082736,0.000000000,1.363615006	maximum	continued_angle_secant_step_tol	0.800181398	0.439528589	NaN	secant_step_tol	nearest_best_neighbor	2.122082736	2.122082736	2.107082736	2.122082736	0.015000000	3	false	14	-0.950650156,-0.939783830,0.949427258,0.936378524,-0.952076761,-0.942566544,0.946560858,-0.940991045,0.948261810,-0.937138165,0.951571798,0.941645721,-0.947579997,0.938954169	short
0.249699	1.055711	2.122082736,0.000000000,1.363615006	maximum	continued_angle_secant_step_tol	0.800083710	0.438120442	NaN	secant_step_tol	nearest_best_neighbor	2.122082736	2.122082736	2.107082736	2.122082736	0.015000000	3	false	14	-0.950702483,-0.939952415,0.949433271,0.936379428,-0.952204705,-0.942856071,0.946415594,-0.941486824,0.947926036,-0.938403431,0.950765689,0.940089713,-0.949305952,-0.935807264	short
0.249699	1.058517	2.122082736,0.000000000,1.363615006	maximum	continued_angle_secant_step_tol	0.799990567	0.436746567	NaN	secant_step_tol	nearest_best_neighbor	2.122082736	2.122082736	2.107082736	2.122082736	0.015000000	3	false	14	-0.950755060,-0.940122108,0.949438128,0.936368984,-0.952338834,-0.943154695,0.946256526,-0.941990700,0.947569941,-0.939526681,0.949975547,0.938206129,-0.951065836,-0.940778115	short
0.249699	1.061323	2.122082736,0.000000000,1.363615006	maximum	continued_angle_secant_step_tol	0.799901901	0.435405958	NaN	secant_step_tol	nearest_best_neighbor	2.122082736	2.122082736	2.107082736	2.122082736	0.015000000	3	false	14	-0.950807884,-0.940292877,0.949441839,0.936345041,-0.952480124,-0.943463743,0.946081313,-0.942505296,0.947189270,-0.940573366,0.949178235,0.934665652,-0.953351985,-0.944909546	short
0.249699	1.064128	2.122082736,0.000000000,1.363615006	maximum	continued_angle_secant_step_tol	0.799817648	0.434097650	NaN	secant_step_tol	nearest_best_neighbor	2.122082736	2.122082736	2.107082736	2.122082736	0.015000000	3	false	14	-0.950860953,-0.940464686,0.949444412,0.936304601,-0.952629911,-0.943785077,0.945886754,-0.943034138,0.946778005,-0.941579522,0.948354508,-0.938138856,0.951402599,0.941573020	short
0.249699	1.066934	2.122082736,0.000000000,1.363615006	maximum	continued_angle_secant_step_tol	0.799737740	0.432820714	NaN	secant_step_tol	nearest_best_neighbor	2.137082736	2.122082736	2.107082736	2.122082736	0.015000000	3	false	14	-0.950914265,-0.940637497,0.949445855,0.936243293,-0.952790096,-0.944121432,0.945668183,-0.943582249,0.946327251,-0.942571137,0.947482307,-0.940504557,0.949570102,0.936841931	short
0.249699	1.069739	2.137082736,0.000000000,1.363615006	maximum	continued_angle_secant_step_tol	0.806133888	0.431538747	NaN	secant_step_tol	nearest_best_neighbor	2.137082736	2.137082736	2.122082736	2.137082736	0.015000000	3	false	14	-0.951283947,-0.941465529,0.948812594,-0.937263879,0.952290625,0.943337664,-0.946803652,0.942012982,-0.948256528,0.939012829,-0.951014699,-0.940910845,0.949351951,0.935493282	short
0.249699	1.072545	2.137082736,0.000000000,1.363615006	maximum	continued_angle_secant_step_tol	0.806042825	0.430128134	NaN	secant_step_tol	nearest_best_neighbor	2.137082736	2.137082736	2.122082736	2.137082736	0.015000000	3	false	14	-0.951337862,-0.941637104,0.948811981,-0.937622329,0.952184879,0.943220382,-0.947125384,0.941685923,-0.948763463,0.937799120,-0.952063701,-0.943004715,0.947368032,-0.941235874	short
0.249699	1.075351	2.137082736,0.000000000,1.363615006	maximum	continued_angle_secant_step_tol	0.805956399	0.428752368	NaN	secant_step_tol	nearest_best_neighbor	2.137082736	2.137082736	2.122082736	2.137082736	0.015000000	3	false	14	-0.951391998,-0.941809528,0.948810242,-0.937972650,0.952079334,0.943101486,-0.947443944,0.941339733,-0.949272988,0.935504049,-0.953538329,-0.945541786,0.944406325,-0.945907927	short
0.249699	1.078156	2.137082736,0.000000000,1.363615006	maximum	continued_angle_secant_step_tol	0.805874537	0.427410407	NaN	secant_step_tol	nearest_best_neighbor	2.137082736	2.137082736	2.122082736	2.137082736	0.015000000	3	false	14	-0.951446369,-0.941982771,0.948807376,-0.938315851,0.951973954,0.942980475,-0.947759882,0.940968046,-0.949789238,-0.937674715,0.952417560,0.943766189,-0.946872375,0.942600116	short
0.249699	1.080962	2.137082736,0.000000000,1.363615006	maximum	continued_angle_secant_step_tol	0.805797166	0.426101255	NaN	secant_step_tol	nearest_best_neighbor	2.137082736	2.137082736	2.122082736	2.137082736	0.015000000	3	false	14	-0.951500955,-0.942156807,0.948803395,-0.938652736,0.951868683,0.942856809,-0.948073769,0.940561817,-0.950317625,-0.939450292,0.951255387,0.941663000,-0.949293701,0.936482142	short
0.249699	1.083768	2.137082736,0.000000000,1.363615006	maximum	continued_angle_secant_step_tol	0.805724217	0.424823954	NaN	secant_step_tol	nearest_best_neighbor	2.152082736	2.137082736	2.122082736	2.137082736	0.015000000	3	false	14	-0.951555757,-0.942331600,0.948798287,-0.938983971,0.951763502,0.942729874,-0.948386163,0.940107246,-0.950865866,-0.940880504,0.950190949,0.939112033,-0.951666144,-0.942544870	short
0.249699	1.086573	2.152082736,0.000000000,1.363615006	maximum	continued_angle_secant_step_tol	0.812007659	0.423566917	NaN	secant_step_tol	nearest_best_neighbor	2.152082736	2.152082736	2.137082736	2.152082736	0.015000000	3	false	14	-0.951916128,-0.943085095,0.948186357,-0.940841265,0.950385026,0.939718865,-0.951336174,-0.941959677,0.949339932,-0.937135502,0.953147042,0.945200018,-0.945693692,0.945035902	short
0.249699	1.089379	2.152082736,0.000000000,1.363615006	maximum	continued_angle_secant_step_tol	0.811923713	0.422158310	NaN	secant_step_tol	nearest_best_neighbor	2.152082736	2.152082736	2.137082736	2.152082736	0.015000000	3	false	14	-0.951971546,-0.943258474,0.948178716,-0.941119448,0.950294326,0.939490116,-0.951664068,-0.942679484,0.948788648,-0.939620272,0.951562196,0.942480921,-0.948991219,0.938998278	short
0.249699	1.092184	2.152082736,0.000000000,1.363615006	maximum	continued_angle_secant_step_tol	0.811844471	0.420784958	NaN	secant_step_tol	nearest_best_neighbor	2.152082736	2.152082736	2.137082736	2.152082736	0.015000000	3	false	14	-0.952027163,-0.943432496,0.948169863,-0.941396289,0.950202772,0.939225769,-0.952009848,-0.943400647,0.948204368,-0.941322861,0.950269829,0.939444309,-0.951844357,-0.943093594	short
0.249699	1.094990	2.152082736,0.000000000,1.363615006	maximum	continued_angle_secant_step_tol	0.811769858	0.419445796	NaN	secant_step_tol	nearest_best_neighbor	2.152082736	2.152082736	2.137082736	2.152082736	0.015000000	3	false	14	-0.952082985,-0.943607131,0.948159771,-0.941671845,0.950110313,0.938910670,-0.952381323,-0.944138216,0.947566622,-0.942804958,0.949006628,-0.939575841,0.951887966,0.943247308	short
0.249699	1.097796	2.152082736,0.000000000,1.363615006	maximum	continued_angle_secant_step_tol	0.811699798	0.418139801	NaN	secant_step_tol	nearest_best_neighbor	2.152082736	2.152082736	2.137082736	2.152082736	0.015000000	3	false	14	-0.952139001,-0.943782356,0.948148428,-0.941946179,0.950016901,0.938515999,-0.952793031,-0.944915963,0.946838352,-0.944229525,0.947648129,-0.942894825,0.949087462,-0.939630397	short
0.249699	1.100601	2.152082736,0.000000000,1.363615006	maximum	continued_angle_secant_step_tol	0.811634216	0.416865992	NaN	secant_step_tol	nearest_best_neighbor	2.152082736	2.152082736	2.137082736	2.152082736	0.015000000	3	false	14	-0.952195208,-0.943958142,0.948135807,-0.942219362,0.949922460,0.937972153,-0.953279150,-0.945785488,0.945932922,-0.945737417,0.945997261,-0.945650596,0.946110815,-0.945495718	short
0.249699	1.103407	2.152082736,0.000000000,1.363615006	maximum	continued_angle_secant_step_tol	0.811573041	0.415623426	NaN	secant_step_tol	nearest_best_neighbor	2.167082736	2.152082736	2.137082736	2.152082736	0.015000000	3	false	14	-0.952251603,-0.944134462,0.948121881,-0.942491449,0.949826912,0.936955491,-0.953992550,-0.946971497,0.944458909,-0.947756041,0.943170597,-0.949150843,0.940044115,-0.951961628	short
0.249699	1.106212	2.167082736,0.000000000,1.363615006	maximum	continued_angle_secant_step_tol	0.817729486	0.414222690	NaN	secant_step_tol	nearest_best_neighbor	2.167082736	2.167082736	2.152082736	2.167082736	0.015000000	3	false	14	-0.952603512,-0.944825600,0.947516661,-0.943811388,0.948654671,-0.941624734,0.950794287,0.941156359,-0.951203066,-0.942138065,0.950326774,0.939751985,-0.952328996,-0.944348089	short
0.249699	1.109018	2.167082736,0.000000000,1.363615006	maximum	continued_angle_secant_step_tol	0.817657838	0.412855687	NaN	secant_step_tol	nearest_best_neighbor	2.167082736	2.167082736	2.152082736	2.167082736	0.015000000	3	false	14	-0.952660521,-0.945000386,0.947498500,-0.944065723,0.948558459,-0.942095140,0.950528394,0.940449382,-0.951936531,-0.943706901,0.948941997,-0.941200788,0.951319176,0.942460524	short
0.249699	1.111824	2.167082736,0.000000000,1.363615006	maximum	continued_angle_secant_step_tol	0.817590864	0.411523113	NaN	secant_step_tol	nearest_best_neighbor	2.167082736	2.167082736	2.152082736	2.167082736	0.015000000	3	false	14	-0.952717708,-0.945175619,0.947478770,-0.944319861,0.948460018,-0.942551687,0.950265364,0.939528535,-0.952774590,-0.945271319,0.947363954,-0.944503290,0.948256319,-0.942955696	short
0.249699	1.114629	2.167082736,0.000000000,1.363615006	maximum	continued_angle_secant_step_tol	0.817528484	0.410223926	NaN	secant_step_tol	nearest_best_neighbor	2.167082736	2.167082736	2.152082736	2.167082736	0.015000000	3	false	14	-0.952775066,-0.945351272,0.947457397,-0.944573857,0.948359132,-0.942996616,0.950003855,0.937772005,-0.954036414,-0.947347156,0.944746018,-0.948165260,0.943364669,-0.949639846	short
0.249699	1.117435	2.167082736,0.000000000,1.363615006	maximum	continued_angle_secant_step_tol	0.817470621	0.408957127	NaN	secant_step_tol	nearest_best_neighbor	2.167082736	2.167082736	2.152082736	2.167082736	0.015000000	3	false	14	-0.952832589,-0.945527327,0.947434322,-0.944827774,0.948255556,-0.943431760,0.949742566,-0.939478062,0.953087041,0.945946327,-0.946913450,0.945608327,-0.947335886,0.944980404	short
0.249699	1.120240	2.167082736,0.000000000,1.363615006	maximum	continued_angle_secant_step_tol	0.817417202	0.407721757	NaN	secant_step_tol	nearest_best_neighbor	2.182082736	2.167082736	2.152082736	2.167082736	0.015000000	3	false	14	-0.952890288,-0.945703757,0.947409473,-0.945081684,0.948149016,-0.943858656,0.949480227,-0.940818739,0.952233771,0.944565387,-0.948728983,0.942733594,-0.950584595,-0.940764859	short
0.249699	1.123046	2.182082736,0.000000000,1.363615006	maximum	continued_angle_secant_step_tol	0.823463077	0.406332038	NaN	secant_step_tol	nearest_best_neighbor	2.182082736	2.182082736	2.167082736	2.182082736	0.015000000	3	false	14	-0.953233714,-0.946344782,0.946791862,-0.946190846,0.946991825,-0.945909863,0.947346780,-0.945390027,0.947975374,-0.944387613,0.949099509,-0.942150237,0.951274169,0.942696149	short
0.249699	1.125852	2.182082736,0.000000000,1.363615006	maximum	continued_angle_secant_step_tol	0.823399375	0.404974964	NaN	secant_step_tol	nearest_best_neighbor	2.182082736	2.182082736	2.167082736	2.182082736	0.015000000	3	false	14	-0.953292020,-0.946519690,0.946759349,-0.946437687,0.946867846,-0.946288411,0.947061642,-0.946016068,0.947406509,-0.945511344,0.948018687,-0.944537408,0.949115398,-0.942373454	short
0.249699	1.128657	2.182082736,0.000000000,1.363615006	maximum	continued_angle_secant_step_tol	0.823340375	0.403652423	NaN	secant_step_tol	nearest_best_neighbor	2.182082736	2.182082736	2.167082736	2.182082736	0.015000000	3	false	14	-0.953350485,-0.946694909,0.946724412,-0.946685283,0.946737813,-0.946667230,0.946761957,-0.946634624,0.946805419,-0.946575659,0.946883563,-0.946468770,0.947023736,-0.946274097	short
0.249699	1.131463	2.182082736,0.000000000,1.363615006	maximum	continued_angle_secant_step_tol	0.823285993	0.402363361	NaN	secant_step_tol	nearest_best_neighbor	2.182082736	2.182082736	2.167082736	2.182082736	0.015000000	3	false	14	-0.953409102,-0.946870407,0.946686901,-0.946933749,0.946600933,-0.947047144,0.946444229,-0.947250702,0.946156377,-0.947614723,0.945618153,-0.948264458,0.944563093,-0.949439463	short
0.249699	1.134269	2.182082736,0.000000000,1.363615006	maximum	continued_angle_secant_step_tol	0.823236152	0.401106766	NaN	secant_step_tol	nearest_best_neighbor	2.197082736	2.182082736	2.167082736	2.182082736	0.015000000	3	false	14	-0.953467865,-0.947046178,0.946646649,-0.947183234,0.946456273,-0.947429077,0.946103923,-0.947869521,0.945435631,-0.948659161,0.944074510,-0.950115472,0.939804128,-0.953682862	short
0.249699	1.137074	2.197082736,0.000000000,1.363615006	maximum	continued_angle_secant_step_tol	0.829187501	0.399875736	NaN	secant_step_tol	nearest_best_neighbor	2.197082736	2.197082736	2.182082736	2.197082736	0.015000000	3	false	13	-0.953802691,-0.947646249,0.945989485,-0.948196057,0.945122588,-0.949189277,0.943221804,-0.951102602,-0.942586338,0.951674003,0.943937790,-0.950419662,-0.939998839	short
0.249699	1.139880	2.197082736,0.000000000,1.363615006	maximum	continued_angle_secant_step_tol	0.829127245	0.398496207	NaN	secant_step_tol	nearest_best_neighbor	2.197082736	2.197082736	2.182082736	2.197082736	0.015000000	3	false	14	-0.953862076,-0.947820568,0.945934876,-0.948446803,0.944915898,-0.949589134,0.942494188,-0.951909171,-0.944499803,0.950024174,-0.941043423,0.953077439,0.946591085,-0.947642443	short
0.249699	1.142685	2.197082736,0.000000000,1.363615006	maximum	continued_angle_secant_step_tol	0.829071790	0.397152302	NaN	secant_step_tol	nearest_best_neighbor	2.197082736	2.197082736	2.182082736	2.197082736	0.015000000	3	false	14	-0.953921596,-0.947995101,0.945875951,-0.948699856,0.944687988,-0.950001799,0.941463824,-0.952901069,-0.946384495,0.948091521,-0.945724655,0.948874393,-0.944359074,0.950337039	short
0.249699	1.145491	2.197082736,0.000000000,1.363615006	maximum	continued_angle_secant_step_tol	0.829021047	0.395842911	NaN	secant_step_tol	nearest_best_neighbor	2.197082736	2.197082736	2.182082736	2.197082736	0.015000000	3	false	13	-0.953981252,-0.948169812,0.945812296,-0.948955541,0.944433690,-0.950430898,-0.939550277,0.954381793,0.948758652,-0.944805834,0.950051528,-0.941589762,0.952949192	short
0.249699	1.148297	2.197082736,0.000000000,1.363615006	maximum	continued_angle_secant_step_tol	0.828974933	0.394566974	NaN	secant_step_tol	nearest_best_neighbor	2.197082736	2.197082736	2.182082736	2.197082736	0.015000000	3	false	13	-0.954041040,-0.948344703,0.945743412,-0.949214213,0.944145578,-0.950881524,-0.942105374,0.952688287,0.946192777,-0.948695549,0.945145570,-0.949867907,0.942520357	short
0.249699	1.151102	2.197082736,0.000000000,1.363615006	maximum	continued_angle_secant_step_tol	0.828933366	0.393323472	NaN	secant_step_tol	nearest_best_neighbor	2.212082736	2.197082736	2.182082736	2.197082736	0.015000000	3	false	13	-0.954100949,-0.948519742,0.945668729,-0.949476306,0.943812357,-0.951361285,-0.943573716,0.951581278,0.944104241,-0.951085761,-0.942814266,0.952251271,0.945488629	short
0.249699	1.153908	2.212082736,0.000000000,1.363615006	maximum	continued_angle_secant_step_tol	0.834776341	0.392087508	NaN	secant_step_tol	nearest_best_neighbor	2.212082736	2.212082736	2.197082736	2.212082736	0.015000000	3	false	13	-0.954427977,-0.949082744,0.944878389,-0.950488892,0.940078917,-0.954441429,-0.949102038,0.944840880,-0.950526994,-0.939747606,0.954651338,0.949401577,-0.944223800	short
0.249699	1.156713	2.212082736,0.000000000,1.363615006	maximum	continued_angle_secant_step_tol	0.834724585	0.390724192	NaN	secant_step_tol	nearest_best_neighbor	2.212082736	2.212082736	2.197082736	2.212082736	0.015000000	3	false	13	-0.954488510,-0.949256373,0.944765999,-0.950770651,-0.941687103,0.953453732,0.947711951,-0.947319916,0.947854562,-0.947117467,0.948118830,-0.946728388,0.948607232	short
0.249699	1.159519	2.212082736,0.000000000,1.363615006	maximum	continued_angle_secant_step_tol	0.834677628	0.389396373	NaN	secant_step_tol	nearest_best_neighbor	2.212082736	2.212082736	2.197082736	2.212082736	0.015000000	3	false	13	-0.954549160,-0.949430108,0.944641028,-0.951060679,-0.942874851,0.952657907,0.946483932,-0.949085392,0.945328563,-0.950365893,0.941892834,-0.953441714,-0.947781417	short
0.249699	1.162325	2.212082736,0.000000000,1.363615006	maximum	continued_angle_secant_step_tol	0.834635381	0.388102939	NaN	secant_step_tol	nearest_best_neighbor	2.212082736	2.212082736	2.197082736	2.212082736	0.015000000	3	false	13	-0.954609922,-0.949603930,0.944500933,-0.951360764,-0.943831918,0.951982376,0.945287665,-0.950579089,0.940876379,-0.954316125,-0.949184001,0.945366846,-0.950497159	short
0.249699	1.165130	2.212082736,0.000000000,1.363615006	maximum	continued_angle_secant_step_tol	0.834597757	0.386842826	NaN	secant_step_tol	nearest_best_neighbor	2.212082736	2.212082736	2.197082736	2.212082736	0.015000000	3	false	13	-0.954670794,-0.949777820,0.944342255,-0.951673322,-0.944687415,0.951345146,0.943851256,-0.952122741,-0.945655441,0.950365891,-0.942559217,0.953214521,0.947597469	short
0.249699	1.167936	2.212082736,0.000000000,1.363615006	maximum	continued_angle_secant_step_tol	0.834564674	0.385615013	NaN	secant_step_tol	nearest_best_neighbor	2.227082736	2.212082736	2.197082736	2.212082736	0.015000000	3	false	13	-0.954731772,-0.949951779,0.944160051,-0.952001792,-0.945490775,0.950709455,0.940615211,-0.954760017,-0.949991209,0.944056302,-0.952096032,-0.945684747,0.950506964	short
0.249699	1.170741	2.227082736,0.000000000,1.363615006	maximum	continued_angle_secant_step_tol	0.840300571	0.384368557	NaN	secant_step_tol	nearest_best_neighbor	2.227082736	2.227082736	2.212082736	2.227082736	0.015000000	3	false	13	-0.955051323,-0.950482215,0.942703992,-0.953394423,-0.948064949,0.947813049,-0.948161932,0.947674931,-0.948347256,0.947403845,-0.948700080,0.946859344,-0.949370528	short
0.249699	1.173547	2.227082736,0.000000000,1.363615006	maximum	continued_angle_secant_step_tol	0.840257536	0.383024173	NaN	secant_step_tol	nearest_best_neighbor	2.227082736	2.227082736	2.212082736	2.227082736	0.015000000	3	false	13	-0.955112914,-0.950654798,0.942138765,-0.953973598,-0.949041694,0.946503004,-0.949963290,0.944635613,-0.951881924,-0.945394288,0.951145055,0.943367611,-0.953003822	short
0.249699	1.176353	2.227082736,0.000000000,1.363615006	maximum	continued_angle_secant_step_tol	0.840219284	0.381715053	NaN	secant_step_tol	nearest_best_neighbor	2.227082736	2.227082736	2.212082736	2.227082736	0.015000000	3	false	13	-0.955174606,-0.950827395,-0.941392871,0.954646201,0.950100512,-0.944535704,0.952134838,0.946014464,-0.950673093,0.942421931,-0.953904017,-0.949029298,0.946736946	short
0.249699	1.179158	2.227082736,0.000000000,1.363615006	maximum	continued_angle_secant_step_tol	0.840185727	0.380440088	NaN	secant_step_tol	nearest_best_neighbor	2.227082736	2.227082736	2.212082736	2.227082736	0.015000000	3	false	13	-0.955236387,-0.950999995,-0.942744443,0.953801499,0.948967130,-0.947050800,0.949687643,-0.945732897,0.951136735,0.943395498,-0.953281909,-0.948158520,0.948269321	short
0.249699	1.181964	2.227082736,0.000000000,1.363615006	maximum	continued_angle_secant_step_tol	0.840156774	0.379198213	NaN	secant_step_tol	nearest_best_neighbor	2.227082736	2.227082736	2.212082736	2.227082736	0.015000000	3	false	13	-0.955298262,-0.951172585,-0.943569080,0.953288832,0.948261480,-0.948320018,0.948237590,-0.948353565,0.948189894,-0.948419898,0.948094719,-0.948550668,0.947903538	short
0.249699	1.184770	2.227082736,0.000000000,1.363615006	maximum	continued_angle_secant_step_tol	0.840132342	0.377988411	NaN	secant_step_tol	nearest_best_neighbor	2.242082736	2.227082736	2.212082736	2.227082736	0.015000000	3	false	13	-0.955360227,-0.951345151,-0.944245951,0.952865494,0.947647417,-0.949325055,0.946864093,-0.950261965,0.944867666,-0.952306357,-0.946616133,0.950540072,-0.944007690	short
0.249699	1.187575	2.242082736,0.000000000,1.363615006	maximum	continued_angle_secant_step_tol	0.845762528	0.376726597	NaN	secant_step_tol	nearest_best_neighbor	2.242082736	2.242082736	2.227082736	2.242082736	0.015000000	3	false	13	-0.955672605,-0.951846651,-0.945708351,0.951661693,0.945244050,-0.952113551,-0.946306638,0.951047368,0.942905474,-0.954111896,-0.949704971,0.946374612,-0.950975101	short
0.249699	1.190381	2.242082736,0.000000000,1.363615006	maximum	continued_angle_secant_step_tol	0.845728391	0.375403566	NaN	secant_step_tol	nearest_best_neighbor	2.242082736	2.242082736	2.227082736	2.242082736	0.015000000	3	false	13	-0.955735173,-0.952017886,-0.946182613,0.951346742,0.944342833,-0.953089488,-0.948212159,0.948964778,-0.947875790,0.949406241,-0.947146306,0.950292384,-0.945289693	short
0.249699	1.193186	2.242082736,0.000000000,1.363615006	maximum	continued_angle_secant_step_tol	0.845699011	0.374115470	NaN	secant_step_tol	nearest_best_neighbor	2.242082736	2.242082736	2.227082736	2.242082736	0.015000000	3	false	13	-0.955797819,-0.952189062,-0.946636697,0.951036314,0.942499650,-0.954698091,-0.950723061,0.944193673,-0.953370098,-0.948763441,0.948380985,-0.948925626,0.948137224	short
0.249699	1.195992	2.242082736,0.000000000,1.363615006	maximum	continued_angle_secant_step_tol	0.845674296	0.372861205	NaN	secant_step_tol	nearest_best_neighbor	2.242082736	2.242082736	2.227082736	2.242082736	0.015000000	3	false	13	-0.955860541,-0.952360168,-0.947073994,0.950727109,-0.944474359,0.953282579,0.948716521,-0.948645493,0.948747661,-0.948600340,0.948811838,-0.948506256,0.948943823	short
0.249699	1.198798	2.242082736,0.000000000,1.363615006	maximum	continued_angle_secant_step_tol	0.845654157	0.371639715	NaN	secant_step_tol	nearest_best_neighbor	2.242082736	2.242082736	2.227082736	2.242082736	0.015000000	3	false	13	-0.955923340,-0.952531196,-0.947497023,0.950416090,-0.945707724,0.952316117,0.947072466,-0.950903004,0.944012304,-0.953822095,-0.949652144,0.947343887,-0.950594768	short
0.249699	1.201603	2.242082736,0.000000000,1.363615006	maximum	continued_angle_secant_step_tol	0.845638507	0.370449987	NaN	secant_step_tol	nearest_best_neighbor	2.257082736	2.242082736	2.227082736	2.242082736	0.015000000	3	false	13	-0.955986203,-0.952702130,-0.947907708,0.950100196,-0.946685637,0.951494855,0.945056707,-0.953079529,-0.948569256,0.949238089,-0.948251619,0.949663679,-0.947534922	short
0.249699	1.204409	2.257082736,0.000000000,1.363615006	maximum	continued_angle_secant_step_tol	0.851164406	0.369168599	NaN	secant_step_tol	nearest_best_neighbor	2.257082736	2.257082736	2.242082736	2.257082736	0.015000000	3	false	13	-0.956291693,-0.953177643,-0.948828339,0.949065433,-0.948717322,0.949222759,-0.948475978,0.949553527,-0.947936206,0.950246111,-0.946594204,0.951758930,0.945933419	short
0.249699	1.207214	2.257082736,0.000000000,1.363615006	maximum	continued_angle_secant_step_tol	0.851139308	0.367869060	NaN	secant_step_tol	nearest_best_neighbor	2.257082736	2.257082736	2.242082736	2.257082736	0.015000000	3	false	13	-0.956355158,-0.953347278,-0.949200882,0.948708154,-0.949425615,0.948353289,-0.949901455,0.947522270,-0.950916293,0.944898982,-0.953527534,-0.949486781,0.948252969	short
0.249699	1.210020	2.257082736,0.000000000,1.363615006	maximum	continued_angle_secant_step_tol	0.851118927	0.366604041	NaN	secant_step_tol	nearest_best_neighbor	2.257082736	2.257082736	2.242082736	2.257082736	0.015000000	3	false	13	-0.956418682,-0.953516794,-0.949566509,0.948323785,-0.950123305,0.947304506,-0.951335905,-0.944432999,0.954072656,0.950405923,-0.946688345,0.951995088,0.946699030	short
0.249699	1.212826	2.257082736,0.000000000,1.363615006	maximum	continued_angle_secant_step_tol	0.851103170	0.365372449	NaN	secant_step_tol	nearest_best_neighbor	2.257082736	2.257082736	2.242082736	2.257082736	0.015000000	3	false	13	-0.956482264,-0.953686173,-0.949925758,0.947901254,-0.950824850,0.945791908,-0.953035913,-0.948873919,0.949573508,-0.948514756,0.950059546,-0.947648103,0.951120993	short
0.249699	1.215631	2.257082736,0.000000000,1.363615006	maximum	continued_angle_secant_step_tol	0.851091950	0.364173237	NaN	secant_step_tol	nearest_best_neighbor	2.257082736	2.257082736	2.242082736	2.257082736	0.015000000	3	false	12	-0.956545903,-0.953855409,-0.950279104,0.947422247,-0.951548486,-0.945483797,0.953473975,0.949691672,-0.948520087,0.950236307,-0.947511438,0.951449206	short
0.249699	1.218437	2.257082736,0.000000000,1.363615006	maximum	continued_angle_secant_step_tol	0.851085176	0.363005401	NaN	secant_step_tol	nearest_best_neighbor	2.272082736	2.257082736	2.242082736	2.257082736	0.015000000	3	false	12	-0.956609593,-0.954024499,-0.950626952,0.946851870,-0.952323885,-0.947705986,0.951402050,0.944763078,-0.954247158,-0.950948563,0.945908737,-0.953242915	short
0.249699	1.221242	2.272082736,0.000000000,1.363615006	maximum	continued_angle_secant_step_tol	0.856508269	0.361700838	NaN	secant_step_tol	nearest_best_neighbor	2.272082736	2.272082736	2.257082736	2.272082736	0.015000000	3	false	12	-0.956908461,-0.954476493,-0.951369883,-0.944408557,0.954682429,0.951653507,0.945977348,-0.953336626,-0.949665439,0.948965290,-0.950010652,0.948372894	short
0.249699	1.224048	2.272082736,0.000000000,1.363615006	maximum	continued_angle_secant_step_tol	0.856492311	0.360426665	NaN	secant_step_tol	nearest_best_neighbor	2.272082736	2.272082736	2.257082736	2.272082736	0.015000000	3	false	12	-0.956972734,-0.954644315,-0.951699220,-0.946195388,0.953290858,0.949687965,-0.949127237,0.949972027,-0.948648002,0.950617618,-0.947339929,0.952145910	short
0.249699	1.226854	2.272082736,0.000000000,1.363615006	maximum	continued_angle_secant_step_tol	0.856481021	0.359186522	NaN	secant_step_tol	nearest_best_neighbor	2.272082736	2.272082736	2.257082736	2.272082736	0.015000000	3	false	12	-0.957037058,-0.954811958,-0.952024525,-0.947251639,0.952405953,0.948149497,-0.951409475,-0.944470839,0.954924245,0.952174644,0.947628392,-0.952002044	short
0.249699	1.229659	2.272082736,0.000000000,1.363615006	maximum	continued_angle_secant_step_tol	0.856474306	0.357979328	NaN	secant_step_tol	nearest_best_neighbor	2.272082736	2.272082736	2.257082736	2.272082736	0.015000000	3	false	12	-0.957101421,-0.954979413,-0.952346005,-0.948109014,0.951630646,0.946007509,-0.953777172,-0.950651409,0.947714548,-0.952076564,-0.947466970,0.952344735	short
0.249699	1.232465	2.272082736,0.000000000,1.363615006	maximum	continued_angle_secant_step_tol	0.856472076	0.356804051	NaN	secant_step_tol	nearest_best_neighbor	2.287082736	2.272082736	2.257082736	2.272082736	0.015000000	3	false	12	-0.957165823,-0.955146675,-0.952663815,-0.948860400,0.950885833,-0.947360599,0.952622864,0.948779459,-0.950990223,0.947064967,-0.952925998,-0.949352424	short
0.249699	1.235271	2.287082736,0.000000000,1.363615006	maximum	continued_angle_secant_step_tol	0.861807509	0.355610692	NaN	secant_step_tol	nearest_best_neighbor	2.287082736	2.287082736	2.272082736	2.287082736	0.015000000	3	false	12	-0.957457778,-0.955578239,-0.953315474,-0.950121238,0.949197672,-0.950618060,0.948233000,-0.951832027,-0.946889836,0.953261317,0.950031234,-0.949352988	short
0.249699	1.238076	2.287082736,0.000000000,1.363615006	maximum	continued_angle_secant_step_tol	0.861796056	0.354328928	NaN	secant_step_tol	nearest_best_neighbor	2.287082736	2.287082736	2.272082736	2.287082736	0.015000000	3	false	12	-0.957522758,-0.955744276,-0.953620950,-0.950709824,0.948248835,-0.951985650,-0.947447064,0.952861907,0.949428264,-0.950480650,0.948733429,-0.951404882	short
0.249699	1.240882	2.287082736,0.000000000,1.363615006	maximum	continued_angle_secant_step_tol	0.861789307	0.353081748	NaN	secant_step_tol	nearest_best_neighbor	2.287082736	2.287082736	2.272082736	2.287082736	0.015000000	3	false	12	-0.957587768,-0.955910100,-0.953923439,-0.951269743,0.946899271,-0.953570944,-0.950731263,0.948420158,-0.951958202,-0.947434459,0.953038415,0.949845316	short
0.249699	1.243687	2.287082736,0.000000000,1.363615006	maximum	continued_angle_secant_step_tol	0.861787168	0.351868041	NaN	secant_step_tol	nearest_best_neighbor	2.287082736	2.287082736	2.272082736	2.287082736	0.015000000	3	false	12	-0.957652813,-0.956075697,-0.954223044,-0.951805850,-0.946951196,0.953679331,0.951000489,-0.947993587,0.952611098,0.949130752,-0.951253440,0.947226613	short
0.249699	1.246493	2.287082736,0.000000000,1.363615006	maximum	continued_angle_secant_step_tol	0.861789544	0.350686743	NaN	secant_step_tol	nearest_best_neighbor	2.287082736	2.287082736	2.272082736	2.287082736	0.015000000	3	false	12	-0.957717879,-0.956241060,-0.954519858,-0.952321732,-0.948582236,0.952111767,0.948038191,-0.952729263,-0.949463211,0.950985622,-0.948261978,0.952481186	short
0.249699	1.249299	2.287082736,0.000000000,1.363615006	maximum	continued_angle_secant_step_tol	0.861796347	0.349536835	NaN	secant_step_tol	nearest_best_neighbor	2.302082736	2.287082736	2.272082736	2.287082736	0.015000000	3	false	12	-0.957782974,-0.956406182,-0.954813962,-0.952820100,-0.949736263,0.950780253,-0.948960975,0.951825714,0.947119265,-0.953833512,-0.951437473,0.947036856	short
0.249699	1.252104	2.302082736,0.000000000,1.363615006	maximum	continued_angle_secant_step_tol	0.867031728	0.348310606	NaN	secant_step_tol	nearest_best_neighbor	2.302082736	2.302082736	2.287082736	2.302082736	0.015000000	3	false	12	-0.958068789,-0.956817985,-0.955394698,-0.953673152,-0.951293835,0.947854929,-0.953254986,-0.950617052,0.949503932,-0.951293869,0.947854861,-0.953255056	short
0.249699	1.254910	2.302082736,0.000000000,1.363615006	maximum	continued_angle_secant_step_tol	0.867029588	0.347057868	NaN	secant_step_tol	nearest_best_neighbor	2.302082736	2.302082736	2.287082736	2.302082736	0.015000000	3	false	12	-0.958134447,-0.956981909,-0.955679887,-0.954129046,-0.952076132,-0.948158128,0.953096562,0.950442400,-0.950029863,0.950712785,-0.949520986,0.951451446	short
0.249699	1.257715	2.302082736,0.000000000,1.363615006	maximum	continued_angle_secant_step_tol	0.867032087	0.345839077	NaN	secant_step_tol	nearest_best_neighbor	2.302082736	2.302082736	2.287082736	2.302082736	0.015000000	3	false	12	-0.958200120,-0.957145576,-0.955962709,-0.954573973,-0.952800552,-0.949989106,0.950963040,-0.949200274,0.952050678,0.948145133,-0.953275120,-0.950852153	short
0.249699	1.260521	2.302082736,0.000000000,1.363615006	maximum	continued_angle_secant_step_tol	0.867039127	0.344653143	NaN	secant_step_tol	nearest_best_neighbor	2.302082736	2.302082736	2.287082736	2.302082736	0.015000000	3	false	12	-0.958265806,-0.957308970,-0.956243221,-0.955008859,-0.953480138,-0.951293056,0.948583822,-0.952958453,-0.950389720,0.950512949,-0.950299536,0.950663281	short
0.249699	1.263327	2.302082736,0.000000000,1.363615006	maximum	continued_angle_secant_step_tol	0.867050617	0.343499022	NaN	secant_step_tol	nearest_best_neighbor	2.317082736	2.302082736	2.287082736	2.302082736	0.015000000	3	false	12	-0.958331502,-0.957472095,-0.956521474,-0.955434488,-0.954123584,-0.952375238,-0.949237993,0.952351836,0.949178347,-0.952426053,-0.949363885,0.952192423	short
0.249699	1.266132	2.317082736,0.000000000,1.363615006	maximum	continued_angle_secant_step_tol	0.872200854	0.342371405	NaN	secant_step_tol	nearest_best_neighbor	2.317082736	2.317082736	2.302082736	2.317082736	0.015000000	3	false	13	-0.958610857,-0.957866551,-0.957054079,-0.956144753,-0.955088860,-0.953786653,-0.951979111,-0.948045705,0.953866510,0.952099934,0.948514818,-0.953367591,-0.951311783	short
0.249699	1.268938	2.317082736,0.000000000,1.363615006	maximum	continued_angle_secant_step_tol	0.872203386	0.341114552	NaN	secant_step_tol	nearest_best_neighbor	2.317082736	2.317082736	2.302082736	2.317082736	0.015000000	3	false	13	-0.958677117,-0.958028508,-0.957325144,-0.956546434,-0.955659084,-0.954602893,-0.953249211,-0.951212642,0.949477987,-0.952395406,-0.949463902,0.952413488,0.949509977	short
0.249699	1.271743	2.317082736,0.000000000,1.363615006	maximum	continued_angle_secant_step_tol	0.872210578	0.339892073	NaN	secant_step_tol	nearest_best_neighbor	2.317082736	2.317082736	2.302082736	2.317082736	0.015000000	3	false	13	-0.958743373,-0.958190173,-0.957594164,-0.956941118,-0.956209528,-0.955363905,-0.954338859,-0.952990011,-0.950846510,0.950477133,-0.951133394,0.949880173,-0.952034647	short
0.249699	1.274549	2.317082736,0.000000000,1.363615006	maximum	continued_angle_secant_step_tol	0.872222333	0.338702853	NaN	secant_step_tol	nearest_best_neighbor	2.317082736	2.317082736	2.302082736	2.317082736	0.015000000	3	false	13	-0.958809633,-0.958351542,-0.957861176,-0.957329185,-0.956742383,-0.956080696,-0.955311370,-0.954374987,-0.953143916,-0.951230233,0.949867921,-0.952229768,-0.949158930	short
0.249699	1.277355	2.317082736,0.000000000,1.363615006	maximum	continued_angle_secant_step_tol	0.872238556	0.337545823	NaN	secant_step_tol	nearest_best_neighbor	2.317082736	2.317082736	2.302082736	2.317082736	0.015000000	3	false	13	-0.958875896,-0.958512610,-0.958126209,-0.957710990,-0.957259443,-0.956760976,-0.956199986,-0.955552010,-0.954775337,-0.953789072,-0.952396587,-0.949726831,0.952595219	short
0.249699	1.280160	2.317082736,0.000000000,1.363615006	maximum	continued_angle_secant_step_tol	0.872259155	0.336419961	NaN	secant_step_tol	nearest_best_neighbor	2.332082736	2.317082736	2.302082736	2.317082736	0.015000000	3	false	14	-0.958942154,-0.958673369,-0.958389307,-0.958086837,-0.957762171,-0.957410341,-0.957024633,-0.956595711,-0.956109957,-0.955546457,-0.954870457,-0.954017389,-0.952842511,-0.950855157	short
0.249699	1.282966	2.332082736,0.000000000,1.363615006	maximum	continued_angle_secant_step_tol	0.877312184	0.335251418	NaN	secant_step_tol	nearest_best_neighbor	2.332082736	2.332082736	2.317082736	2.332082736	0.015000000	3	false	14	-0.959215807,-0.959050861,-0.958878493,-0.958697515,-0.958506714,-0.958304629,-0.958089470,-0.957859031,-0.957610537,-0.957340430,-0.957044051,-0.956715128,-0.956344973,-0.955920963	short
0.249699	1.285772	2.332082736,0.000000000,1.363615006	maximum	continued_angle_secant_step_tol	0.877324120	0.334026610	NaN	secant_step_tol	nearest_best_neighbor	2.332082736	2.332082736	2.317082736	2.332082736	0.015000000	3	false	14	-0.959282603,-0.959210467,-0.959135633,-0.959057696,-0.958976395,-0.958891437,-0.958802490,-0.958709184,-0.958611077,-0.958507685,-0.958398433,-0.958282668,-0.958159620,-0.958028367	short
0.249699	1.288577	2.332082736,0.000000000,1.363615006	maximum	continued_angle_secant_step_tol	0.877340634	0.332835417	NaN	secant_step_tol	nearest_best_neighbor	2.212082736	2.332082736	2.317082736	2.332082736	0.015000000	1	false	15	-0.959349395,-0.959369756,-0.959390963,-0.959412879,-0.959435511,-0.959458875,-0.959482984,-0.959507845,-0.959533486,-0.959559898,-0.959587107,-0.959615113,-0.959643926,-0.959673559,-0.959704014	short
0.249699	1.291383	2.212082736,0.000000000,1.363615006	maximum	continued_angle_secant_step_tol	0.836616963	0.353472168	NaN	secant_step_tol	nearest_best_neighbor	2.092082736	2.212082736	2.197082736	2.212082736	0.015000000	1	false	14	-0.957471679,-0.957478568,-0.957486148,-0.957494391,-0.957503337,-0.957513061,-0.957523612,-0.957535058,-0.957547474,-0.957560935,-0.957575520,-0.957591313,-0.957608405,-0.957626905	short
0.249699	1.294188	2.092082736,0.000000000,1.363615006	maximum	continued_angle_secant_step_tol	0.791433647	0.407415331	NaN	secant_step_tol	nearest_best_neighbor	1.972082736	2.092082736	2.077082736	2.092082736	0.015000000	1	false	11	-0.954824846,-0.954479272,-0.954019501,-0.953370675,-0.952347436,-0.950070039,0.953182037,0.952014042,-0.948557127,0.954930815,0.954616384	short
0.249699	1.296994	1.972082736,0.000000000,1.363615006	maximum	full_attractor_map_angle_secant_max_iters_best	0.734736759	0.694099240	NaN	secant_max_iters_best	sign_change_pair	1.965832736	2.015832736	1.965832736	1.972082736	0.006250000	8	true	11	-0.949652330,0.953882310,0.953272324,0.952279867,0.949897073,-0.953578784,-0.952798535,-0.951350727,0.951254852,-0.951456370,0.951016779	short
0.249699	1.299800			failed	NaN	NaN	NaN	failed	none	NaN	NaN	NaN	NaN	NaN	0	false	0		critical_fail
0.249699	1.302605			failed	NaN	NaN	NaN	failed	none	NaN	NaN	NaN	NaN	NaN	0	false	0		critical_fail
0.249699	1.305411			failed	NaN	NaN	NaN	failed	none	NaN	NaN	NaN	NaN	NaN	0	false	0		critical_fail
0.249699	1.308216			failed	NaN	NaN	NaN	failed	none	NaN	NaN	NaN	NaN	NaN	0	false	0		critical_fail
0.249699	1.311022			failed	NaN	NaN	NaN	failed	none	NaN	NaN	NaN	NaN	NaN	0	false	0		critical_fail
0.249699	1.313828			failed	NaN	NaN	NaN	failed	none	NaN	NaN	NaN	NaN	NaN	0	false	0		critical_fail
0.249699	1.316633			failed	NaN	NaN	NaN	failed	none	NaN	NaN	NaN	NaN	NaN	0	false	0		critical_fail
0.249699	1.319439			failed	NaN	NaN	NaN	failed	none	NaN	NaN	NaN	NaN	NaN	0	false	0		critical_fail
0.249699	1.322244			failed	NaN	NaN	NaN	failed	none	NaN	NaN	NaN	NaN	NaN	0	false	0		critical_fail
0.249699	1.325050			failed	NaN	NaN	NaN	failed	none	NaN	NaN	NaN	NaN	NaN	0	false	0		critical_fail
0.249699	1.327856			failed	NaN	NaN	NaN	failed	none	NaN	NaN	NaN	NaN	NaN	0	false	0		critical_fail
0.249699	1.330661			failed	NaN	NaN	NaN	failed	none	NaN	NaN	NaN	NaN	NaN	0	false	0		critical_fail
0.249699	1.333467			failed	NaN	NaN	NaN	failed	none	NaN	NaN	NaN	NaN	NaN	0	false	0		critical_fail
0.249699	1.336273			failed	NaN	NaN	NaN	failed	none	NaN	NaN	NaN	NaN	NaN	0	false	0		critical_fail
0.249699	1.339078			failed	NaN	NaN	NaN	failed	none	NaN	NaN	NaN	NaN	NaN	0	false	0		critical_fail
0.249699	1.341884			failed	NaN	NaN	NaN	failed	none	NaN	NaN	NaN	NaN	NaN	0	false	0		critical_fail
0.249699	1.344689			failed	NaN	NaN	NaN	failed	none	NaN	NaN	NaN	NaN	NaN	0	false	0		critical_fail
0.249699	1.347495			failed	NaN	NaN	NaN	failed	none	NaN	NaN	NaN	NaN	NaN	0	false	0		critical_fail
0.249699	1.350301			failed	NaN	NaN	NaN	failed	none	NaN	NaN	NaN	NaN	NaN	0	false	0		critical_fail
0.249699	1.353106			failed	NaN	NaN	NaN	failed	none	NaN	NaN	NaN	NaN	NaN	0	false	0		critical_fail
0.249699	1.355912			failed	NaN	NaN	NaN	failed	none	NaN	NaN	NaN	NaN	NaN	0	false	0		critical_fail
0.249699	1.358717			failed	NaN	NaN	NaN	failed	none	NaN	NaN	NaN	NaN	NaN	0	false	0		critical_fail
0.249699	1.361523			failed	NaN	NaN	NaN	failed	none	NaN	NaN	NaN	NaN	NaN	0	false	0		critical_fail
0.249699	1.364329			failed	NaN	NaN	NaN	failed	none	NaN	NaN	NaN	NaN	NaN	0	false	0		critical_fail
0.249699	1.367134			failed	NaN	NaN	NaN	failed	none	NaN	NaN	NaN	NaN	NaN	0	false	0		critical_fail
0.249699	1.369940			failed	NaN	NaN	NaN	failed	none	NaN	NaN	NaN	NaN	NaN	0	false	0		critical_fail
0.249699	1.372745			failed	NaN	NaN	NaN	failed	none	NaN	NaN	NaN	NaN	NaN	0	false	0		critical_fail
0.249699	1.375551			failed	NaN	NaN	NaN	failed	none	NaN	NaN	NaN	NaN	NaN	0	false	0		critical_fail
0.249699	1.378357			failed	NaN	NaN	NaN	failed	none	NaN	NaN	NaN	NaN	NaN	0	false	0		critical_fail
0.249699	1.381162			failed	NaN	NaN	NaN	failed	none	NaN	NaN	NaN	NaN	NaN	0	false	0		critical_fail
0.249699	1.383968			failed	NaN	NaN	NaN	failed	none	NaN	NaN	NaN	NaN	NaN	0	false	0		critical_fail
0.249699	1.386774			failed	NaN	NaN	NaN	failed	none	NaN	NaN	NaN	NaN	NaN	0	false	0		critical_fail
0.249699	1.389579			failed	NaN	NaN	NaN	failed	none	NaN	NaN	NaN	NaN	NaN	0	false	0		critical_fail
0.249699	1.392385			failed	NaN	NaN	NaN	failed	none	NaN	NaN	NaN	NaN	NaN	0	false	0		critical_fail
0.249699	1.395190			failed	NaN	NaN	NaN	failed	none	NaN	NaN	NaN	NaN	NaN	0	false	0		critical_fail
0.249699	1.397996			failed	NaN	NaN	NaN	failed	none	NaN	NaN	NaN	NaN	NaN	0	false	0		critical_fail
0.249699	1.400802			failed	NaN	NaN	NaN	failed	none	NaN	NaN	NaN	NaN	NaN	0	false	0		critical_fail
0.249699	1.403607			failed	NaN	NaN	NaN	failed	none	NaN	NaN	NaN	NaN	NaN	0	false	0		critical_fail
0.249699	1.406413			failed	NaN	NaN	NaN	failed	none	NaN	NaN	NaN	NaN	NaN	0	false	0		critical_fail
0.249699	1.409218			failed	NaN	NaN	NaN	failed	none	NaN	NaN	NaN	NaN	NaN	0	false	0		critical_fail
0.249699	1.412024			failed	NaN	NaN	NaN	failed	none	NaN	NaN	NaN	NaN	NaN	0	false	0		critical_fail
0.249699	1.414830			failed	NaN	NaN	NaN	failed	none	NaN	NaN	NaN	NaN	NaN	0	false	0		critical_fail
0.249699	1.417635			failed	NaN	NaN	NaN	failed	none	NaN	NaN	NaN	NaN	NaN	0	false	0		critical_fail
0.249699	1.420441			failed	NaN	NaN	NaN	failed	none	NaN	NaN	NaN	NaN	NaN	0	false	0		critical_fail
0.249699	1.423246			failed	NaN	NaN	NaN	failed	none	NaN	NaN	NaN	NaN	NaN	0	false	0		critical_fail
0.249699	1.426052			failed	NaN	NaN	NaN	failed	none	NaN	NaN	NaN	NaN	NaN	0	false	0		critical_fail
0.249699	1.428858			failed	NaN	NaN	NaN	failed	none	NaN	NaN	NaN	NaN	NaN	0	false	0		critical_fail
0.249699	1.431663			failed	NaN	NaN	NaN	failed	none	NaN	NaN	NaN	NaN	NaN	0	false	0		critical_fail
0.249699	1.434469			failed	NaN	NaN	NaN	failed	none	NaN	NaN	NaN	NaN	NaN	0	false	0		critical_fail
0.249699	1.437275			failed	NaN	NaN	NaN	failed	none	NaN	NaN	NaN	NaN	NaN	0	false	0		critical_fail
0.249699	1.440080			failed	NaN	NaN	NaN	failed	none	NaN	NaN	NaN	NaN	NaN	0	false	0		critical_fail
0.249699	1.442886			failed	NaN	NaN	NaN	failed	none	NaN	NaN	NaN	NaN	NaN	0	false	0		critical_fail
0.249699	1.445691			failed	NaN	NaN	NaN	failed	none	NaN	NaN	NaN	NaN	NaN	0	false	0		critical_fail
0.249699	1.448497			failed	NaN	NaN	NaN	failed	none	NaN	NaN	NaN	NaN	NaN	0	false	0		critical_fail
0.249699	1.451303			failed	NaN	NaN	NaN	failed	none	NaN	NaN	NaN	NaN	NaN	0	false	0		critical_fail
0.249699	1.454108			failed	NaN	NaN	NaN	failed	none	NaN	NaN	NaN	NaN	NaN	0	false	0		critical_fail
0.249699	1.456914			failed	NaN	NaN	NaN	failed	none	NaN	NaN	NaN	NaN	NaN	0	false	0		critical_fail
0.249699	1.459719			failed	NaN	NaN	NaN	failed	none	NaN	NaN	NaN	NaN	NaN	0	false	0		critical_fail
0.249699	1.462525			failed	NaN	NaN	NaN	failed	none	NaN	NaN	NaN	NaN	NaN	0	false	0		critical_fail
0.249699	1.465331			failed	NaN	NaN	NaN	failed	none	NaN	NaN	NaN	NaN	NaN	0	false	0		critical_fail
0.249699	1.468136			failed	NaN	NaN	NaN	failed	none	NaN	NaN	NaN	NaN	NaN	0	false	0		critical_fail
0.249699	1.470942			failed	NaN	NaN	NaN	failed	none	NaN	NaN	NaN	NaN	NaN	0	false	0		critical_fail
0.249699	1.473747			failed	NaN	NaN	NaN	failed	none	NaN	NaN	NaN	NaN	NaN	0	false	0		critical_fail
0.249699	1.476553			failed	NaN	NaN	NaN	failed	none	NaN	NaN	NaN	NaN	NaN	0	false	0		critical_fail
0.249699	1.479359			failed	NaN	NaN	NaN	failed	none	NaN	NaN	NaN	NaN	NaN	0	false	0		critical_fail
0.249699	1.482164			failed	NaN	NaN	NaN	failed	none	NaN	NaN	NaN	NaN	NaN	0	false	0		critical_fail
0.249699	1.484970			failed	NaN	NaN	NaN	failed	none	NaN	NaN	NaN	NaN	NaN	0	false	0		critical_fail
0.249699	1.487776			failed	NaN	NaN	NaN	failed	none	NaN	NaN	NaN	NaN	NaN	0	false	0		critical_fail
0.249699	1.490581			failed	NaN	NaN	NaN	failed	none	NaN	NaN	NaN	NaN	NaN	0	false	0		critical_fail
0.249699	1.493387			failed	NaN	NaN	NaN	failed	none	NaN	NaN	NaN	NaN	NaN	0	false	0		critical_fail
0.249699	1.496192			failed	NaN	NaN	NaN	failed	none	NaN	NaN	NaN	NaN	NaN	0	false	0		critical_fail
0.249699	1.498998			failed	NaN	NaN	NaN	failed	none	NaN	NaN	NaN	NaN	NaN	0	false	0		critical_fail
0.249699	1.501804			failed	NaN	NaN	NaN	failed	none	NaN	NaN	NaN	NaN	NaN	0	false	0		critical_fail
0.249699	1.504609			failed	NaN	NaN	NaN	failed	none	NaN	NaN	NaN	NaN	NaN	0	false	0		critical_fail
0.249699	1.507415			failed	NaN	NaN	NaN	failed	none	NaN	NaN	NaN	NaN	NaN	0	false	0		critical_fail
0.249699	1.510220			failed	NaN	NaN	NaN	failed	none	NaN	NaN	NaN	NaN	NaN	0	false	0		critical_fail
0.249699	1.513026			failed	NaN	NaN	NaN	failed	none	NaN	NaN	NaN	NaN	NaN	0	false	0		critical_fail
0.249699	1.515832			failed	NaN	NaN	NaN	failed	none	NaN	NaN	NaN	NaN	NaN	0	false	0		critical_fail
0.249699	1.518637			failed	NaN	NaN	NaN	failed	none	NaN	NaN	NaN	NaN	NaN	0	false	0		critical_fail
0.249699	1.521443			failed	NaN	NaN	NaN	failed	none	NaN	NaN	NaN	NaN	NaN	0	false	0		critical_fail
0.249699	1.524248			failed	NaN	NaN	NaN	failed	none	NaN	NaN	NaN	NaN	NaN	0	false	0		critical_fail
0.249699	1.527054			failed	NaN	NaN	NaN	failed	none	NaN	NaN	NaN	NaN	NaN	0	false	0		critical_fail
0.249699	1.529860			failed	NaN	NaN	NaN	failed	none	NaN	NaN	NaN	NaN	NaN	0	false	0		critical_fail
0.249699	1.532665			failed	NaN	NaN	NaN	failed	none	NaN	NaN	NaN	NaN	NaN	0	false	0		critical_fail
0.249699	1.535471			failed	NaN	NaN	NaN	failed	none	NaN	NaN	NaN	NaN	NaN	0	false	0		critical_fail
0.249699	1.538277			failed	NaN	NaN	NaN	failed	none	NaN	NaN	NaN	NaN	NaN	0	false	0		critical_fail
0.249699	1.541082			failed	NaN	NaN	NaN	failed	none	NaN	NaN	NaN	NaN	NaN	0	false	0		critical_fail
0.249699	1.543888			failed	NaN	NaN	NaN	failed	none	NaN	NaN	NaN	NaN	NaN	0	false	0		critical_fail
0.249699	1.546693			failed	NaN	NaN	NaN	failed	none	NaN	NaN	NaN	NaN	NaN	0	false	0		critical_fail
0.249699	1.549499			failed	NaN	NaN	NaN	failed	none	NaN	NaN	NaN	NaN	NaN	0	false	0		critical_fail
0.249699	1.552305			failed	NaN	NaN	NaN	failed	none	NaN	NaN	NaN	NaN	NaN	0	false	0		critical_fail
0.249699	1.555110			failed	NaN	NaN	NaN	failed	none	NaN	NaN	NaN	NaN	NaN	0	false	0		critical_fail
0.249699	1.557916			failed	NaN	NaN	NaN	failed	none	NaN	NaN	NaN	NaN	NaN	0	false	0		critical_fail
0.249699	1.560721			failed	NaN	NaN	NaN	failed	none	NaN	NaN	NaN	NaN	NaN	0	false	0		critical_fail
0.249699	1.563527			failed	NaN	NaN	NaN	failed	none	NaN	NaN	NaN	NaN	NaN	0	false	0		critical_fail
0.249699	1.566333			failed	NaN	NaN	NaN	failed	none	NaN	NaN	NaN	NaN	NaN	0	false	0		critical_fail
0.249699	1.569138			failed	NaN	NaN	NaN	failed	none	NaN	NaN	NaN	NaN	NaN	0	false	0		critical_fail
0.249699	1.571944			failed	NaN	NaN	NaN	failed	none	NaN	NaN	NaN	NaN	NaN	0	false	0		critical_fail
0.249699	1.574749			failed	NaN	NaN	NaN	failed	none	NaN	NaN	NaN	NaN	NaN	0	false	0		critical_fail
0.249699	1.577555			failed	NaN	NaN	NaN	failed	none	NaN	NaN	NaN	NaN	NaN	0	false	0		critical_fail
0.249699	1.580361			failed	NaN	NaN	NaN	failed	none	NaN	NaN	NaN	NaN	NaN	0	false	0		critical_fail
0.249699	1.583166			failed	NaN	NaN	NaN	failed	none	NaN	NaN	NaN	NaN	NaN	0	false	0		critical_fail
0.249699	1.585972			failed	NaN	NaN	NaN	failed	none	NaN	NaN	NaN	NaN	NaN	0	false	0		critical_fail
0.249699	1.588778			failed	NaN	NaN	NaN	failed	none	NaN	NaN	NaN	NaN	NaN	0	false	0		critical_fail
0.249699	1.591583			failed	NaN	NaN	NaN	failed	none	NaN	NaN	NaN	NaN	NaN	0	false	0		critical_fail
0.249699	1.594389			failed	NaN	NaN	NaN	failed	none	NaN	NaN	NaN	NaN	NaN	0	false	0		critical_fail
0.249699	1.597194			failed	NaN	NaN	NaN	failed	none	NaN	NaN	NaN	NaN	NaN	0	false	0		critical_fail
0.249699	1.600000			failed	NaN	NaN	NaN	failed	none	NaN	NaN	NaN	NaN	NaN	0	false	0		critical_fail
