alpha	lambda	critical_state	critical_kind	critical_source	critical_theta	critical_theta_dx	critical_theta_dxx	critical_refine_mode	critical_scan_mode	critical_refine_input_x	critical_scan_best_x	critical_scan_left_x	critical_scan_right_x	critical_scan_spacing	critical_trace_len	critical_bracketed	absxmax_count	absxmax_dot_values	status
0.631263	0.200000	1.138330521,0.000000000,1.412363589	maximum	continued_angle_secant_max_iters_best	1.287628752	-1.147576917	NaN	secant_max_iters_best	sign_change_pair	1.138330521	1.258330521	1.138330521	1.153330521	0.015000000	8	true	16	0.739827645,0.441233997,0.393030235,0.377547472,0.369529533,0.363860406,0.359287252,0.355417988,0.352078530,0.349164146,0.346600733,0.344331899,0.342313237,0.340509093,0.338890368,0.337433047	ok
0.631263	0.202806	1.138330521,0.000000000,1.412363589	maximum	continued_angle_secant_max_iters_best	1.288599467	-1.291097814	NaN	secant_max_iters_best	sign_change_pair	1.158055844	1.278055844	1.128055844	1.143055844	0.015000000	8	true	16	0.740270253,0.441931820,0.394185832,0.379117219,0.371446045,0.366075259,0.361767871,0.358140760,0.355024866,0.352318661,0.349950176,0.347864592,0.346018743,0.344377979,0.342913954,0.341603402	ok
0.631263	0.205611	1.158055844,0.000000000,1.412363589	maximum	continued_angle_secant_max_iters_best	0.239562756	1.387082612	NaN	secant_max_iters_best	sign_change_pair	1.143055844	1.263055844	1.143055844	1.158055844	0.015000000	8	true	16	-0.745399615,-0.444280041,-0.396836628,-0.382023579,-0.374502139,-0.369249443,-0.365057981,-0.361550858,-0.358558308,-0.355976882,-0.353732903,-0.351770347,-0.350045113,-0.348521919,-0.347172083,-0.345971959	ok
0.631263	0.208417	1.143055844,0.000000000,1.412363589	maximum	continued_angle_secant_max_iters_best	1.284614711	-1.156188368	NaN	secant_max_iters_best	sign_change_pair	1.143055844	1.263055844	1.143055844	1.158055844	0.015000000	8	true	16	0.740980566,0.441756343,0.394711198,0.380597162,0.373843730,0.369282886,0.365683618,0.362682081,0.360125710,0.357925257,0.356017767,0.354355167,0.352899438,0.351619925,0.350491585,0.349493699	ok
0.631263	0.211222	1.143055844,0.000000000,1.412363589	maximum	continued_angle_secant_max_iters_best	1.285582002	-1.278669145	NaN	secant_max_iters_best	sign_change_pair	1.162780545	1.282780545	1.132780545	1.147780545	0.015000000	8	true	16	0.741427717,0.442426200,0.395832025,0.382133560,0.375728532,0.371465245,0.368128216,0.365362631,0.363021273,0.361018235,0.359292872,0.357798911,0.356499736,0.355365784,0.354372962,0.353501365	ok
0.631263	0.214028	1.162780545,0.000000000,1.412363589	maximum	continued_angle_secant_max_iters_best	0.244633603	1.370231749	NaN	secant_max_iters_best	sign_change_pair	1.147780545	1.267780545	1.147780545	1.162780545	0.015000000	8	true	16	-0.746390813,-0.444698721,-0.398410333,-0.384969357,-0.378711117,-0.374558992,-0.371328227,-0.368670917,-0.366439405,-0.364546139,-0.362928898,-0.361540258,-0.360342774,-0.359306472,-0.358406861,-0.357623904	ok
0.631263	0.216834	1.147780545,0.000000000,1.412363589	maximum	continued_angle_secant_max_iters_best	1.281637444	-1.161926152	NaN	secant_max_iters_best	sign_change_pair	1.147780545	1.267780545	1.147780545	1.162780545	0.015000000	8	true	16	0.742133960,0.442249920,0.396343907,0.383596301,0.378107738,0.374649029,0.372008667,0.369850895,0.368045357,0.366518979,0.365220698,0.364111479,0.363160358,0.362342379,0.361637075,0.361027610	ok
0.631263	0.219639	1.147780545,0.000000000,1.412363589	maximum	continued_angle_secant_max_iters_best	1.282601846	-1.266588676	NaN	secant_max_iters_best	sign_change_pair	1.167507776	1.287507776	1.137507776	1.152507776	0.015000000	8	true	16	0.742585775,0.442890179,0.397423929,0.385087964,0.379943533,0.376775065,0.374386119,0.372450318,0.370842971,0.369494678,0.368357127,0.367393313,0.366574005,0.365875614,0.365278902,0.364768065	ok
0.631263	0.222445	1.167507776,0.000000000,1.412363589	maximum	continued_angle_secant_max_iters_best	0.249678865	1.353599277	NaN	secant_max_iters_best	sign_change_pair	1.152507776	1.272507776	1.152507776	1.167507776	0.015000000	8	true	16	-0.747385495,-0.445079517,-0.399912904,-0.387828398,-0.382820523,-0.379749026,-0.377449313,-0.375602492,-0.374083944,-0.372822883,-0.371769719,-0.370886531,-0.370143504,-0.369516718,-0.368986806,-0.368537983	ok
0.631263	0.225251	1.152507776,0.000000000,1.412363589	maximum	continued_angle_secant_max_iters_best	1.278693365	-1.164808741	NaN	secant_max_iters_best	sign_change_pair	1.152507776	1.272507776	1.152507776	1.167507776	0.015000000	8	true	16	0.743287899,0.442710879,0.397914308,0.386515863,0.382274276,0.379890431,0.378170251,0.376806637,0.375692724,0.374772944,0.374009561,0.373373874,0.372843196,0.372399289,0.372027341,0.371715255	ok
0.631263	0.228056	1.152507776,0.000000000,1.412363589	maximum	continued_angle_secant_max_iters_best	1.279655009	-1.254690988	NaN	secant_max_iters_best	sign_change_pair	1.172240326	1.292240326	1.142240326	1.157240326	0.015000000	8	true	16	0.743744274,0.443320086,0.398946699,0.387948747,0.384038791,0.381928902,0.380439908,0.379274647,0.378332495,0.377562262,0.376929474,0.376408040,0.375977431,0.375621188,0.375326083,0.375081298	ok
0.631263	0.230862	1.172240326,0.000000000,1.412363589	maximum	continued_angle_secant_max_iters_best	0.254702134	1.337150537	NaN	secant_max_iters_best	sign_change_pair	1.157240326	1.277240326	1.157240326	1.172240326	0.015000000	8	true	16	-0.748384081,-0.445420040,-0.401328948,-0.390565460,-0.386771719,-0.384734989,-0.383308950,-0.382204703,-0.381322293,-0.380609608,-0.380031259,-0.379560594,-0.379176757,-0.378863206,-0.378606745,-0.378396740	ok
0.631263	0.233667	1.157240326,0.000000000,1.412363589	maximum	continued_angle_secant_max_iters_best	1.275779344	-1.165177262	NaN	secant_max_iters_best	sign_change_pair	1.157240326	1.277240326	1.157240326	1.172240326	0.015000000	8	true	16	0.744442355,0.443135420,0.399405996,0.389318902,0.386280824,0.384915498,0.384045639,0.383394728,0.382881821,0.382471448,0.382141413,0.381875401,0.381660685,0.381487204,0.381346939,0.381233461	ok
0.631263	0.236473	1.157240326,0.000000000,1.412363589	maximum	continued_angle_secant_max_iters_best	1.276738091	-1.242858258	NaN	secant_max_iters_best	sign_change_pair	1.176980743	1.296980743	1.146980743	1.161980743	0.015000000	8	true	16	0.744903048,0.443712175,0.400382741,0.390675122,0.387944810,0.386825113,0.386154242,0.385666657,0.385288807,0.384990503,0.384753718,0.384565320,0.384415261,0.384295655,0.384200276,0.384124163	ok
0.631263	0.239279	1.176980743,0.000000000,1.412363589	maximum	continued_angle_secant_max_iters_best	0.259706510	1.320856238	NaN	secant_max_iters_best	sign_change_pair	1.161980743	1.281980743	1.161980743	1.176980743	0.015000000	8	true	16	-0.749386908,-0.445717489,-0.402639489,-0.393134436,-0.390485977,-0.389403061,-0.388757894,-0.388294178,-0.387939670,-0.387663856,-0.387448094,-0.387278969,-0.387146263,-0.387042067,-0.386960222,-0.386895888	ok
0.631263	0.242084	1.161980743,0.000000000,1.412363589	maximum	continued_angle_secant_max_iters_best	1.272892572	-1.163412128	NaN	secant_max_iters_best	sign_change_pair	1.179868495	1.299868495	1.149868495	1.164868495	0.015000000	8	true	16	0.745597258,0.443519759,0.400799430,0.391957714,0.390043788,0.389600993,0.389471484,0.389413895,0.389377654,0.389351234,0.389331085,0.389315563,0.389303536,0.389294220,0.389287026,0.389281435	ok
0.631263	0.244890	1.179868495,0.000000000,1.412363589	maximum	continued_angle_secant_max_iters_best	0.262668971	1.312927829	NaN	secant_max_iters_best	sign_change_pair	1.164868495	1.284868495	1.164868495	1.179868495	0.015000000	8	true	16	-0.750008225,-0.445855610,-0.403408033,-0.394693677,-0.392754820,-0.392245745,-0.392052566,-0.391943717,-0.391868233,-0.391812205,-0.391769845,-0.391737619,-0.391713112,-0.391694449,-0.391680261,-0.391669433	ok
0.631263	0.247695	1.164868495,0.000000000,1.412363589	maximum	continued_angle_secant_max_iters_best	1.271310278	-1.179504013	NaN	secant_max_iters_best	sign_change_pair	1.184357832	1.304357832	1.154357832	1.169357832	0.015000000	8	true	16	0.746378539,0.443829795,0.401749226,0.393673045,0.392424993,0.392503710,0.392770714,0.393012541,0.393202142,0.393345978,0.393454135,0.393535293,0.393596092,0.393641680,0.393675814,0.393701383	ok
0.631263	0.250501	1.184357832,0.000000000,1.412363589	maximum	continued_angle_secant_max_iters_best	0.267700408	1.289131830	NaN	secant_max_iters_best	sign_change_pair	1.184357832	1.304357832	1.169357832	1.184357832	0.015000000	8	true	16	-0.750912490,-0.446167131,-0.404306232,-0.396298426,-0.394965323,-0.394923581,-0.395080790,-0.395233108,-0.395352234,-0.395441234,-0.395506967,-0.395555361,-0.395590975,-0.395617178,-0.395636429,-0.395650613	ok
0.631263	0.253307	1.184357832,0.000000000,1.412363589	maximum	continued_angle_secant_max_iters_best	0.267302578	1.299532192	NaN	secant_max_iters_best	sign_change_pair	1.169357832	1.289357832	1.169357832	1.184357832	0.015000000	8	true	16	-0.750972160,-0.446042350,-0.404456804,-0.396812594,-0.395801086,-0.396004031,-0.396338108,-0.396616113,-0.396824057,-0.396975603,-0.397085323,-0.397164600,-0.397221863,-0.397263161,-0.397292974,-0.397314494	ok
0.631263	0.256112	1.169357832,0.000000000,1.412363589	maximum	continued_angle_secant_max_iters_best	1.268780046	-1.184014868	NaN	secant_max_iters_best	sign_change_pair	1.188884772	1.308884772	1.158884772	1.173884772	0.015000000	8	true	16	0.747547887,0.444203774,0.402992985,0.395947262,0.395553271,0.396252755,0.396949913,0.397484406,0.397871124,0.398146605,0.398342011,0.398480380,0.398578339,0.398647667,0.398696721,0.398731446	ok
0.631263	0.258918	1.188884772,0.000000000,1.412363589	maximum	continued_angle_secant_max_iters_best	0.272347347	1.275585324	NaN	secant_max_iters_best	sign_change_pair	1.188884772	1.308884772	1.173884772	1.188884772	0.015000000	8	true	16	-0.751881812,-0.446319401,-0.405234188,-0.398170848,-0.397617051,-0.398133389,-0.398670815,-0.399077728,-0.399366020,-0.399566916,-0.399706238,-0.399802807,-0.399869730,-0.399916104,-0.399948232,-0.399970511	ok
0.631263	0.261723	1.188884772,0.000000000,1.412363589	maximum	continued_angle_secant_max_iters_best	0.271962299	1.285913110	NaN	secant_max_iters_best	sign_change_pair	1.173884772	1.293884772	1.173884772	1.188884772	0.015000000	8	true	16	-0.751946648,-0.446181833,-0.405330809,-0.398562248,-0.398243886,-0.398913926,-0.399542588,-0.400000619,-0.400316106,-0.400530368,-0.400675461,-0.400773703,-0.400840271,-0.400885359,-0.400915948,-0.400936716	ok
0.631263	0.264529	1.173884772,0.000000000,1.412363589	maximum	continued_angle_secant_max_iters_best	1.266239482	-1.182667006	NaN	secant_max_iters_best	sign_change_pair	1.193454526	1.313454526	1.163454526	1.178454526	0.015000000	8	true	16	0.748718068,0.444511800,0.404041336,0.397817205,0.398012955,0.399052227,0.399915788,0.400515492,0.400914296,0.401176930,0.401349796,0.401463726,0.401538997,0.401588808,0.401621765,0.401643623	ok
0.631263	0.267335	1.193454526,0.000000000,1.412363589	maximum	continued_angle_secant_max_iters_best	0.277025252	1.261794376	NaN	secant_max_iters_best	sign_change_pair	1.178454526	1.298454526	1.178454526	1.193454526	0.015000000	8	true	16	-0.752862181,-0.446421140,-0.405957455,-0.399586385,-0.399506276,-0.400272541,-0.400914908,-0.401349383,-0.401629451,-0.401808314,-0.401922748,-0.401996224,-0.402043531,-0.402074073,-0.402093812,-0.402106606	ok
0.631263	0.270140	1.178454526,0.000000000,1.412363589	maximum	continued_angle_secant_max_iters_best	1.262767299	-1.098020599	NaN	secant_max_iters_best	sign_change_pair	1.178454526	1.298454526	1.178454526	1.193454526	0.015000000	8	true	16	0.749425036,0.444308840,0.404233873,0.398477864,0.398956435,0.400085865,0.400926561,0.401458496,0.401782573,0.401979489,0.402100050,0.402174543,0.402220928,0.402249957,0.402268228,0.402279739	ok
0.631263	0.272946	1.178454526,0.000000000,1.412363589	maximum	continued_angle_secant_max_iters_best	1.263682058	-1.177781801	NaN	secant_max_iters_best	sign_change_pair	1.198072263	1.318072263	1.168072263	1.183072263	0.015000000	8	true	16	0.749887785,0.444750329,0.404851955,0.399144576,0.399537821,0.400521134,0.401214026,0.401623723,0.401856668,0.401989486,0.402066438,0.402111853,0.402138996,0.402155426,0.402165474,0.402171615	ok
0.631263	0.275752	1.198072263,0.000000000,1.412363589	maximum	continued_angle_secant_max_iters_best	0.281738759	1.247722864	NaN	secant_max_iters_best	sign_change_pair	1.183072263	1.303072263	1.183072263	1.198072263	0.015000000	8	true	16	-0.753853990,-0.446467982,-0.406425814,-0.400382092,-0.400326723,-0.400914738,-0.401317592,-0.401532765,-0.401641071,-0.401695764,-0.401724212,-0.401739559,-0.401748133,-0.401753005,-0.401755856,-0.401757548	ok
0.631263	0.278557	1.183072263,0.000000000,1.412363589	maximum	continued_angle_secant_max_iters_best	1.260181136	-1.116240700	NaN	secant_max_iters_best	sign_change_pair	1.183072263	1.303072263	1.183072263	1.198072263	0.015000000	8	true	16	0.750585394,0.444525184,0.404908099,0.399413255,0.399735926,0.400455680,0.400843528,0.400993943,0.401037169,0.401042034,0.401036575,0.401030203,0.401025330,0.401022020,0.401019949,0.401018706	ok
0.631263	0.281363	1.183072263,0.000000000,1.412363589	maximum	continued_angle_secant_max_iters_best	1.261102072	-1.170510001	NaN	secant_max_iters_best	sign_change_pair	1.202742999	1.322742999	1.172742999	1.187742999	0.015000000	8	true	16	0.751056050,0.444915241,0.405370933,0.399739306,0.399754452,0.400135133,0.400244467,0.400200817,0.400121208,0.400052755,0.400004886,0.399974389,0.399955920,0.399945013,0.399938642,0.399934977	ok
0.631263	0.284168	1.202742999,0.000000000,1.412363589	maximum	continued_angle_secant_max_iters_best	0.286492027	1.233340349	NaN	secant_max_iters_best	sign_change_pair	1.187742999	1.307742999	1.187742999	1.202742999	0.015000000	8	true	16	-0.754857570,-0.446454773,-0.406574157,-0.400331858,-0.399646430,-0.399471450,-0.399221321,-0.398971043,-0.398780608,-0.398654870,-0.398577981,-0.398532950,-0.398507222,-0.398492707,-0.398484608,-0.398480065	ok
0.631263	0.286974	1.187742999,0.000000000,1.412363589	maximum	continued_angle_secant_max_iters_best	1.257571966	-1.119011313	NaN	secant_max_iters_best	sign_change_pair	1.207149473	1.327149473	1.177149473	1.192149473	0.015000000	8	true	16	0.751745954,0.444662770,0.405251240,0.399463290,0.398889508,0.398519996,0.397984183,0.397492636,0.397139329,0.396915960,0.396784462,0.396710056,0.396668940,0.396646532,0.396634373,0.396627821	ok
0.631263	0.289780	1.207149473,0.000000000,1.412363589	maximum	continued_angle_secant_max_iters_best	0.291220339	1.212578745	NaN	secant_max_iters_best	sign_change_pair	1.207149473	1.327149473	1.192149473	1.207149473	0.015000000	8	true	16	-0.755733136,-0.446531081,-0.406534727,-0.399701862,-0.398053560,-0.396934882,-0.395989413,-0.395308398,-0.394878559,-0.394628589,-0.394490037,-0.394415423,-0.394375864,-0.394355049,-0.394344174,-0.394338506	ok
0.631263	0.292585	1.207149473,0.000000000,1.412363589	maximum	continued_angle_secant_max_iters_best	0.290895752	1.221525444	NaN	secant_max_iters_best	sign_change_pair	1.192149473	1.312149473	1.192149473	1.207149473	0.015000000	8	true	16	-0.755821715,-0.446344506,-0.406298346,-0.399113609,-0.396853019,-0.395126131,-0.393741104,-0.392798944,-0.392232162,-0.391916149,-0.391747718,-0.391660295,-0.391615513,-0.391592846,-0.391581368,-0.391575586	ok
0.631263	0.295391	1.192149473,0.000000000,1.412363589	maximum	continued_angle_secant_max_iters_best	1.255296713	-1.126586545	NaN	secant_max_iters_best	sign_change_pair	1.211604350	1.331604350	1.181604350	1.196604350	0.015000000	8	true	16	0.752922377,0.444781515,0.405230111,0.398310023,0.395728214,0.393337885,0.391334318,0.389973783,0.389169810,0.388732808,0.388506778,0.388393146,0.388336938,0.388309394,0.388295968,0.388289454	ok
0.631263	0.298196	1.211604350,0.000000000,1.412363589	maximum	continued_angle_secant_max_iters_best	0.295651482	1.200472234	NaN	secant_max_iters_best	sign_change_pair	1.211604350	1.331604350	1.196604350	1.211604350	0.015000000	8	true	16	-0.756704639,-0.446367647,-0.405906600,-0.397426382,-0.393329355,-0.389991922,-0.387563099,-0.386065072,-0.385239509,-0.384815026,-0.384605621,-0.384504784,-0.384456858,-0.384434274,-0.384423675,-0.384418716	ok
0.631263	0.301002	1.211604350,0.000000000,1.412363589	maximum	continued_angle_secant_max_iters_best	0.295337779	1.209417549	NaN	secant_max_iters_best	sign_change_pair	1.196604350	1.316604350	1.196604350	1.211604350	0.015000000	8	true	16	-0.756797402,-0.446164053,-0.405519530,-0.396299692,-0.391062729,-0.386702107,-0.383616995,-0.381779580,-0.380802754,-0.380318400,-0.380088102,-0.379981320,-0.379932475,-0.379910275,-0.379900281,-0.379895797	ok
0.631263	0.303808	1.196604350,0.000000000,1.412363589	maximum	continued_angle_secant_max_iters_best	1.253001201	-1.126198136	NaN	secant_max_iters_best	sign_change_pair	1.216120665	1.336120665	1.186120665	1.201120665	0.015000000	8	true	16	0.754099828,0.444802336,0.404663843,0.395418771,0.389220064,0.383555184,0.379454047,0.377022486,0.375752517,0.375138756,0.374855691,0.374728802,0.374672928,0.374648472,0.374637882,0.374633306	ok
0.631263	0.306613	1.216120665,0.000000000,1.412363589	maximum	continued_angle_secant_max_iters_best	0.300134398	1.187989349	NaN	secant_max_iters_best	sign_change_pair	1.201120665	1.321120665	1.201120665	1.216120665	0.015000000	8	true	16	-0.757689258,-0.446128613,-0.404674355,-0.393125450,-0.384755359,-0.377861915,-0.373307414,-0.370785333,-0.369537791,-0.368962466,-0.368708416,-0.368599228,-0.368553054,-0.368533765,-0.368525714,-0.368522376	ok
0.631263	0.309419	1.201120665,0.000000000,1.412363589	maximum	continued_angle_secant_max_iters_best	1.249774412	-1.077413798	NaN	secant_max_iters_best	sign_change_pair	1.201120665	1.321120665	1.201120665	1.216120665	0.015000000	8	true	16	0.754799746,0.444502789,0.403841507,0.392401734,0.382641802,0.373791639,0.367741328,0.364372457,0.362721552,0.361974248,0.361652489,0.361518350,0.361463571,0.361441504,0.361432702,0.361429224	ok
0.631263	0.312224	1.201120665,0.000000000,1.412363589	maximum	continued_angle_secant_max_iters_best	1.250669523	-1.121641270	NaN	secant_max_iters_best	sign_change_pair	1.220715613	1.340715613	1.190715613	1.205715613	0.015000000	8	true	16	0.755275965,0.444718995,0.403405926,0.390074539,0.377838760,0.367118725,0.360084357,0.356304473,0.354509960,0.353721965,0.353393004,0.353260280,0.353207905,0.353187569,0.353179759,0.353176782	ok
0.631263	0.315030	1.220715613,0.000000000,1.412363589	maximum	continued_angle_secant_max_iters_best	0.304686978	1.174999389	NaN	secant_max_iters_best	sign_change_pair	1.205715613	1.325715613	1.205715613	1.220715613	0.015000000	8	true	16	-0.758689072,-0.445806609,-0.402658102,-0.385927233,-0.370512029,-0.358104845,-0.350489012,-0.346586036,-0.344798104,-0.344036154,-0.343726849,-0.343605410,-0.343558817,-0.343541293,-0.343534785,-0.343532397	ok
0.631263	0.317836	1.205715613,0.000000000,1.412363589	maximum	continued_angle_secant_max_iters_best	1.247383250	-1.082967230	NaN	secant_max_iters_best	sign_change_pair	1.225077845	1.345077845	1.195077845	1.210077845	0.015000000	8	true	16	0.755966634,0.444376252,0.402130333,0.385072704,0.366964730,0.351289660,0.341376714,0.336229953,0.333857351,0.332843414,0.332431828,0.332270697,0.332209275,0.332186338,0.332177855,0.332174795	ok
0.631263	0.320641	1.225077845,0.000000000,1.412363589	maximum	continued_angle_secant_max_iters_best	0.309216500	1.156085492	NaN	secant_max_iters_best	sign_change_pair	1.225077845	1.345077845	1.210077845	1.225077845	0.015000000	8	true	16	-0.759548712,-0.445624190,-0.400691369,-0.378641376,-0.356212830,-0.338549224,-0.328038059,-0.322751524,-0.320346565,-0.319320663,-0.318901935,-0.318736244,-0.318672176,-0.318647828,-0.318638643,-0.318635253	ok
0.631263	0.323447	1.225077845,0.000000000,1.412363589	maximum	continued_angle_secant_max_iters_best	0.308944186	1.164080639	NaN	secant_max_iters_best	sign_change_pair	1.210077845	1.330077845	1.210077845	1.225077845	0.015000000	8	true	16	-0.759657216,-0.445370936,-0.399631508,-0.374559740,-0.347720263,-0.326536423,-0.313911541,-0.307476896,-0.304473430,-0.303145193,-0.302578238,-0.302342052,-0.302245247,-0.302206040,-0.302190293,-0.302184052	ok
0.631263	0.326253	1.210077845,0.000000000,1.412363589	maximum	continued_angle_secant_max_iters_best	1.245280813	-1.087527782	NaN	secant_max_iters_best	sign_change_pair	1.229498854	1.349498854	1.199498854	1.214498854	0.015000000	8	true	16	0.757149707,0.444174804,0.399354749,0.373102022,0.341439466,0.314908165,0.298472362,0.289710696,0.285370588,0.283303358,0.282340904,0.281898944,0.281697652,0.281606465,0.281565322,0.281546749	ok
0.631263	0.329058	1.229498854,0.000000000,1.412363589	maximum	continued_angle_secant_max_iters_best	0.313512439	1.144791701	NaN	secant_max_iters_best	sign_change_pair	1.214498854	1.334498854	1.214498854	1.229498854	0.015000000	8	true	16	-0.760525554,-0.445110277,-0.396731120,-0.363191422,-0.324890129,-0.294732195,-0.276184233,-0.265855225,-0.260295245,-0.257331460,-0.255754024,-0.254913714,-0.254465536,-0.254226268,-0.254098393,-0.254030088	ok
0.631263	0.331864	1.214498854,0.000000000,1.412363589	maximum	continued_angle_secant_max_iters_best	1.242273383	-1.040301655	NaN	secant_max_iters_best	sign_change_pair	1.214498854	1.334498854	1.214498854	1.229498854	0.015000000	8	true	16	0.757853636,0.443784404,0.397028750,0.362467898,0.317328337,0.278961960,0.253706219,0.238184233,0.228580472,0.222478456,0.218497347,0.215844879,0.214050335,0.212823000,0.211977298,0.211391472	ok
0.631263	0.334669	1.214498854,0.000000000,1.412363589	maximum	continued_angle_secant_max_iters_best	1.243147605	-1.085395621	NaN	secant_max_iters_best	sign_change_pair	1.234002480	1.354002480	1.204002480	1.219002480	0.015000000	8	true	16	0.758332671,0.443838676,0.395153859,0.354156066,0.300047132,0.253922094,0.221604527,0.198796306,0.181387236,0.166847934,0.153626010,0.140599024,0.126700664,0.110553711,0.089832205,0.059582894	ok
0.631263	0.337475	1.234002480,0.000000000,1.412363589	maximum	continued_angle_secant_max_iters_best	0.317881664	1.132995361	NaN	secant_max_iters_best	sign_change_pair	1.219002480	1.339002480	1.219002480	1.234002480	0.015000000	8	true	16	-0.761517651,-0.444486754,-0.391102593,-0.339179852,-0.273944452,-0.218737580,-0.175621050,-0.137334647,-0.095685695,-0.037369130,0.081079879,0.600480435,0.568871859,0.320401248,0.236140445,0.186839328	ok
0.631263	0.340281	1.219002480,0.000000000,1.412363589	maximum	continued_angle_secant_max_iters_best	1.240075447	-1.053556131	NaN	secant_max_iters_best	sign_change_pair	1.238320622	1.358320622	1.208320622	1.223320622	0.015000000	8	true	16	0.759027257,0.443391225,0.391830570,0.337322859,0.259880288,0.188374035,0.123504167,0.046043878,-0.101687039,-0.777123173,-0.506241726,-0.288204747,-0.197541437,-0.130553431,-0.055656359,0.078363033	ok
0.631263	0.343086	1.238320622,0.000000000,1.412363589	maximum	continued_angle_secant_max_iters_best	0.322256006	1.115464412	NaN	secant_max_iters_best	sign_change_pair	1.238320622	1.358320622	1.223320622	1.238320622	0.015000000	8	true	16	-0.762364509,-0.444047619,-0.385801680,-0.315100570,-0.220556343,-0.128532289,-0.017841463,0.233342092,0.924376951,0.374606913,0.219907996,0.121505433,0.006291638,-0.273969540,-0.853154650,-0.356691770	ok
0.631263	0.345892	1.238320622,0.000000000,1.412363589	maximum	continued_angle_secant_max_iters_best	0.322020555	1.122757300	NaN	secant_max_iters_best	sign_change_pair	1.223320622	1.343320622	1.223320622	1.238320622	0.015000000	8	true	16	-0.762486709,-0.443730306,-0.383260503,-0.301501048,-0.186747045,-0.060621049,0.161045704,0.999316383,0.407972389,0.211469219,0.081049357,-0.112983203,-0.902902055,-0.456746464,-0.231877760,-0.100319133	ok
0.631263	0.348697	1.223320622,0.000000000,1.412363589	maximum	continued_angle_secant_max_iters_best	1.238109014	-1.057233920	NaN	secant_max_iters_best	sign_change_pair	1.242701784	1.362701784	1.212701784	1.227701784	0.015000000	8	true	16	0.760215596,0.442866513,0.384207218,0.296622353,0.158709291,-0.016022783,-0.489080067,-0.621431616,-0.264957082,-0.094387780,0.135414208,0.980745075,0.415546760,0.188848887,0.017811348,-0.352079971	ok
0.631263	0.351503	1.242701784,0.000000000,1.412363589	maximum	continued_angle_secant_max_iters_best	0.326437766	1.104827036	NaN	secant_max_iters_best	sign_change_pair	1.227701784	1.347701784	1.227701784	1.242701784	0.015000000	8	true	16	-0.763342668,-0.443184728,-0.375793016,-0.262608011,-0.087534823,0.205064861,0.959080435,0.344708471,0.117879998,-0.141808655,-0.994972252,-0.392056647,-0.146569505,0.089617877,0.878667358,0.448363843	ok
0.631263	0.354309	1.227701784,0.000000000,1.412363589	maximum	continued_angle_secant_max_iters_best	1.235244955	-1.023955427	NaN	secant_max_iters_best	sign_change_pair	1.245298713	1.365298713	1.215298713	1.230298713	0.015000000	8	true	16	0.760918163,0.442333262,0.378380507,0.258961905,0.047901130,-0.383058400,-0.710535356,-0.245039502,0.007787527,0.589187557,0.558392918,0.192312224,-0.072798055,-0.855440890,-0.447435966,-0.142523535	ok
0.631263	0.357114	1.245298713,0.000000000,1.412363589	maximum	continued_angle_secant_max_iters_best	0.328858997	1.100151095	NaN	secant_max_iters_best	sign_change_pair	1.230298713	1.350298713	1.230298713	1.245298713	0.015000000	8	true	16	-0.763952556,-0.442523944,-0.367138669,-0.209752526,0.073722006,0.897051743,0.420155379,0.089144643,-0.337480044,-0.763017701,-0.235511872,0.070746748,0.887151007,0.424412948,0.091830325,-0.330487274	ok
0.631263	0.359920	1.230298713,0.000000000,1.412363589	maximum	continued_angle_secant_max_iters_best	1.234258673	-1.037127796	NaN	secant_max_iters_best	sign_change_pair	1.249619375	1.369619375	1.219619375	1.234619375	0.015000000	8	true	16	0.761727372,0.441851408,0.369615142,0.200151543,-0.146728810,-0.998577828,-0.321198466,0.034088186,0.813862117,0.443234826,0.059880850,-0.496710181,-0.611042148,-0.146521883,0.277831315,0.842997846	ok
0.631263	0.362725	1.249619375,0.000000000,1.412363589	maximum	continued_angle_secant_max_iters_best	0.333152982	1.083291837	NaN	secant_max_iters_best	sign_change_pair	1.249619375	1.369619375	1.234619375	1.249619375	0.015000000	8	true	16	-0.764795976,-0.441797226,-0.355168578,-0.129551940,0.373415371,0.722973474,0.154943370,-0.336671797,-0.765439769,-0.172739495,0.301528451,0.810229134,0.190736590,-0.268734257,-0.855015916,-0.208976223	ok
0.631263	0.365531	1.249619375,0.000000000,1.412363589	maximum	continued_angle_secant_max_iters_best	0.332945971	1.090176407	NaN	secant_max_iters_best	sign_change_pair	1.234619375	1.354619375	1.234619375	1.249619375	0.015000000	8	true	16	-0.764928486,-0.441408642,-0.349545661,-0.080888073,0.587912302,0.541506903,0.019499138,-0.766333947,-0.441794414,0.047783013,0.930454913,0.357386152,-0.121566913,-0.999999494,-0.283081926,0.205581518	ok
0.631263	0.368337	1.234619375,0.000000000,1.412363589	maximum	continued_angle_secant_max_iters_best	1.232366245	-1.035924622	NaN	secant_max_iters_best	sign_change_pair	1.254024001	1.374024001	1.224024001	1.239024001	0.015000000	8	true	16	0.762919258,0.440932196,0.352018194,0.055582223,-0.736105306,-0.444516214,0.111705687,0.999999835,0.254663538,-0.325318782,-0.780696480,-0.095168301,0.640230885,0.501633979,-0.066292517,-0.978002582	ok
0.631263	0.371142	1.254024001,0.000000000,1.412363589	maximum	continued_angle_secant_max_iters_best	0.337303662	1.072789748	NaN	secant_max_iters_best	sign_change_pair	1.239024001	1.359024001	1.239024001	1.254024001	0.015000000	8	true	16	-0.765783394,-0.440538659,-0.332272366,0.067165952,0.991438986,0.249443279,-0.421993158,-0.672931523,0.018891368,0.940874003,0.304462974,-0.341266987,-0.762134081,-0.032462345,0.851849932,0.363141414	ok
0.631263	0.373948	1.239024001,0.000000000,1.412363589	maximum	continued_angle_secant_max_iters_best	1.229558741	-1.013446687	NaN	secant_max_iters_best	sign_change_pair	1.258284385	1.378284385	1.228284385	1.243284385	0.015000000	8	true	16	0.763617171,0.440214236,0.338437999,-0.095634930,-0.999327807,-0.169401574,0.651207887,0.474847261,-0.240534281,-0.885205056,-0.048514483,0.873104028,0.326427627,-0.403789776,-0.692085667,0.074360206	ok
0.631263	0.376754	1.258284385,0.000000000,1.412363589	maximum	continued_angle_secant_max_iters_best	0.341465017	1.057055063	NaN	secant_max_iters_best	sign_change_pair	1.258284385	1.378284385	1.243284385	1.258284385	0.015000000	8	true	16	-0.766614179,-0.439543771,-0.309720276,0.291650318,0.822561142,-0.063844964,-0.999295823,-0.147476014,0.769150186,0.374880594,-0.439708697,-0.653687855,0.179670951,0.946634330,0.037837228,-0.929667705	ok
0.631263	0.379559	1.258284385,0.000000000,1.412363589	maximum	continued_angle_secant_max_iters_best	0.341281341	1.063406822	NaN	secant_max_iters_best	sign_change_pair	1.243284385	1.363284385	1.243284385	1.258284385	0.015000000	8	true	16	-0.766755110,-0.439089365,-0.298914269,0.423238519,0.671510370,-0.259872128,-0.859131837,0.109322527,0.988926888,0.032975067,-0.962731221,-0.175849511,0.798756012,0.327953711,-0.596102434,-0.497480077	ok
0.631263	0.382365	1.243284385,0.000000000,1.412363589	maximum	continued_angle_secant_max_iters_best	1.227782996	-1.013827331	NaN	secant_max_iters_best	sign_change_pair	1.262615638	1.382615638	1.232615638	1.247615638	0.015000000	8	true	16	0.764813778,0.438957476,0.305195319,-0.489587380,-0.596559167,0.424168667,0.669263209,-0.356754548,-0.747142362,0.291781996,0.822252758,-0.228847096,-0.890484835,0.167521445,0.946459003,-0.107342283	ok
0.631263	0.385170	1.262615638,0.000000000,1.412363589	maximum	continued_angle_secant_max_iters_best	0.345492432	1.047244025	NaN	secant_max_iters_best	sign_change_pair	1.247615638	1.367615638	1.247615638	1.262615638	0.015000000	8	true	16	-0.767595580,-0.437916975,-0.264785942,0.732673463,0.321270297,-0.783847883,-0.278215690,0.823266487,0.237142961,-0.860905686,-0.196803435,0.895827938,0.157137581,-0.927172601,-0.118067459,0.954015424	ok
0.631263	0.387976	1.247615638,0.000000000,1.412363589	maximum	continued_angle_secant_max_iters_best	1.225118107	-0.994004676	NaN	secant_max_iters_best	sign_change_pair	1.266837159	1.386837159	1.236837159	1.251837159	0.015000000	8	true	16	0.765515572,0.438071716,0.278436926,-0.778117816,-0.228247915,0.919263842,0.066709324,-0.993108303,0.086488441,0.981498191,-0.235407649,-0.878947899,0.383725528,0.716826469,-0.533799361,-0.534051067	ok
0.631263	0.390782	1.266837159,0.000000000,1.412363589	maximum	continued_angle_secant_max_iters_best	0.349550000	1.032356413	NaN	secant_max_iters_best	sign_change_pair	1.266837159	1.386837159	1.251837159	1.266837159	0.015000000	8	true	16	-0.768417729,-0.436594271,-0.218045478,0.942966249,-0.080613618,-0.977556496,0.354221300,0.752489888,-0.614987994,-0.416738776,0.853515755,0.093881914,-0.995618124,0.194633610,0.910748827,-0.462353991	ok
0.631263	0.393587	1.266837159,0.000000000,1.412363589	maximum	continued_angle_secant_max_iters_best	0.349387914	1.038272869	NaN	secant_max_iters_best	sign_change_pair	1.251837159	1.371837159	1.251837159	1.266837159	0.015000000	8	true	16	-0.768566324,-0.436058747,-0.194691892,0.984345843,-0.291443068,-0.821943619,0.666195097,0.316181463,-0.951491577,0.162912210,0.928471314,-0.557776218,-0.478992532,0.881573470,-0.026648789,-0.987949127	ok
0.631263	0.396393	1.251837159,0.000000000,1.412363589	maximum	continued_angle_secant_max_iters_best	1.223435204	-0.994277167	NaN	secant_max_iters_best	sign_change_pair	1.271124625	1.391124625	1.241124625	1.256124625	0.015000000	8	true	16	0.766716381,0.436384070,0.209182485,-0.993538543,0.460763667,0.613625193,-0.880056647,0.117732964,0.947837807,-0.647282880,-0.310734183,0.978476635,-0.350846432,-0.758019118,0.807909772,0.020738252	ok
0.631263	0.399198	1.271124625,0.000000000,1.412363589	maximum	continued_angle_secant_max_iters_best	0.353489711	1.023002185	NaN	secant_max_iters_best	sign_change_pair	1.256124625	1.376124625	1.256124625	1.271124625	0.015000000	8	true	16	-0.769397374,-0.434512868,-0.117737698,0.994975959,-0.684230388,-0.194807576,0.999910609,-0.598909775,-0.365991491,0.985974922,-0.505213719,-0.537397511,0.952785903,-0.401231579,-0.695801460,0.905522630	ok
0.631263	0.402004	1.256124625,0.000000000,1.412363589	maximum	continued_angle_secant_max_iters_best	1.220877270	-0.977628775	NaN	secant_max_iters_best	sign_change_pair	1.275318142	1.395318142	1.245318142	1.260318142	0.015000000	8	true	16	0.767419994,0.435278816,0.149079808,-0.992416776,0.799769719,-0.153309561,-0.918643222,0.865798315,-0.318070748,-0.795401369,0.922672963,-0.455912210,-0.613107319,0.967178066,-0.571782880,-0.392173965	ok
0.631263	0.404810	1.275318142,0.000000000,1.412363589	maximum	continued_angle_secant_max_iters_best	0.357458894	1.008808929	NaN	secant_max_iters_best	sign_change_pair	1.275318142	1.395318142	1.260318142	1.275318142	0.015000000	8	true	16	-0.770213004,-0.432780747,-0.004664571,0.955718873,-0.908283751,0.552831467,0.407600093,-0.999412136,0.807740594,-0.301073810,-0.812353320,0.958445324,-0.674098440,-0.081963896,0.982196971,-0.878577421	ok
0.631263	0.407615	1.275318142,0.000000000,1.412363589	maximum	continued_angle_secant_max_iters_best	0.357317090	1.014354512	NaN	secant_max_iters_best	sign_change_pair	1.260318142	1.380318142	1.260318142	1.275318142	0.015000000	8	true	16	-0.770368691,-0.432143705,0.054877613,0.931520474,-0.960047119,0.787339499,-0.380052029,-0.724887601,0.991725194,-0.857141344,0.569401396,0.331140874,-0.997219740,0.913467558,-0.695845399,0.082207692	ok
0.631263	0.410421	1.260318142,0.000000000,1.412363589	maximum	continued_angle_secant_max_iters_best	1.219275075	-0.976268745	NaN	secant_max_iters_best	sign_change_pair	1.279577153	1.399577153	1.249577153	1.264577153	0.015000000	8	true	16	0.768624759,0.433040038,-0.020009935,-0.931701180,0.984128210,-0.909541682,0.799288791,-0.558366749,-0.324292743,0.991345963,-0.965212037,0.882407920,-0.751401529,0.408870103,0.682949773,-0.999714415	ok
0.631263	0.413226	1.279577153,0.000000000,1.412363589	maximum	continued_angle_secant_max_iters_best	0.361329457	0.999794835	NaN	secant_max_iters_best	sign_change_pair	1.264577153	1.384577153	1.264577153	1.279577153	0.015000000	8	true	16	-0.771192968,-0.430126192,0.254610291,0.842995045,-0.999105382,0.975487788,-0.949261943,0.925817551,-0.902691084,0.876681790,-0.842407546,0.786812169,-0.662971754,0.195354369,0.881475488,-0.999083042	ok
0.631263	0.416032	1.264577153,0.000000000,1.412363589	maximum	continued_angle_secant_max_iters_best	1.216805484	-0.962782255	NaN	secant_max_iters_best	sign_change_pair	1.283749628	1.403749628	1.253749628	1.268749628	0.015000000	8	true	16	0.769329424,0.431646511,-0.179023405,-0.874492285,0.999923719,-0.995486628,0.990180379,-0.987400109,0.986011694,-0.985343751,0.985023738,-0.984871128,0.984798390,-0.984763773,0.984747298,-0.984739458	ok
0.631263	0.418838	1.283749628,0.000000000,1.412363589	maximum	continued_angle_secant_max_iters_best	0.365220425	0.986195120	NaN	secant_max_iters_best	sign_change_pair	1.283749628	1.403749628	1.268749628	1.283749628	0.015000000	8	true	16	-0.772003439,-0.427872340,0.526863854,0.174923193,-0.958960148,0.998095526,-0.999999802,0.999883746,-0.999796429,0.999766199,-0.999756511,0.999753562,-0.999752665,0.999752390,-0.999752306,0.999752280	ok
0.631263	0.421643	1.283749628,0.000000000,1.412363589	maximum	continued_angle_secant_max_iters_best	0.365097845	0.991416701	NaN	secant_max_iters_best	sign_change_pair	1.268749628	1.388749628	1.268749628	1.283749628	0.015000000	8	true	16	-0.772165747,-0.427105797,0.645314511,-0.908354628,0.985454832,-0.999781945,0.998049735,-0.997269865,0.997105828,-0.997063920,0.997055639,-0.997053630,0.997053215,-0.997053121,0.997053104,-0.997053101	ok
0.631263	0.424449	1.268749628,0.000000000,1.412363589	maximum	continued_angle_secant_max_iters_best	1.215275894	-0.959054171	NaN	secant_max_iters_best	sign_change_pair	1.287990727	1.407990727	1.257990727	1.272990727	0.015000000	8	true	16	0.770537729,0.428695678,-0.589335933,0.824657280,-0.975486178,0.996782259,-0.990780112,0.989041874,-0.988806541,0.988750376,-0.988744293,0.988742541,-0.988742374,0.988742338,-0.988742339,0.988742317	ok
0.631263	0.427255	1.287990727,0.000000000,1.412363589	maximum	continued_angle_secant_max_iters_best	0.369034344	0.977446542	NaN	secant_max_iters_best	sign_change_pair	1.272990727	1.392990727	1.272990727	1.287990727	0.015000000	8	true	16	-0.772985007,-0.424479837,0.887305817,-0.970156739,0.985612591,-0.977589616,0.978833677,-0.978433290,0.978511923,-0.978491454,0.978495974,-0.978494880,0.978495123,-0.978495050,0.978495081,-0.978495083	ok
0.631263	0.430060	1.272990727,0.000000000,1.412363589	maximum	continued_angle_secant_max_iters_best	1.212882313	-0.947920985	NaN	secant_max_iters_best	sign_change_pair	1.292147414	1.412147414	1.262147414	1.277147414	0.015000000	8	true	16	0.771243178,0.426919294,-0.830636382,0.962281503,-0.977862431,0.966300058,-0.968326061,0.967682827,-0.967831333,0.967791917,-0.967801729,0.967799227,-0.967799850,0.967799695,-0.967799741,0.967799706	ok
0.631263	0.432866	1.292147414,0.000000000,1.412363589	maximum	continued_angle_secant_max_iters_best	0.372854755	0.964366579	NaN	secant_max_iters_best	sign_change_pair	1.292147414	1.412147414	1.277147414	1.292147414	0.015000000	8	true	16	-0.773791300,-0.421546967,0.989482467,-0.933529941,0.966253274,-0.955256927,0.957933260,-0.957155144,0.957362277,-0.957305138,0.957320695,-0.957316434,0.957317601,-0.957317286,0.957317362,-0.957317352	ok
0.631263	0.435671	1.292147414,0.000000000,1.412363589	maximum	continued_angle_secant_max_iters_best	0.372750512	0.969299867	NaN	secant_max_iters_best	sign_change_pair	1.277147414	1.397147414	1.277147414	1.292147414	0.015000000	8	true	16	-0.773959834,-0.420611661,0.999276591,-0.921295720,0.957235421,-0.944831438,0.948125435,-0.947120690,0.947408726,-0.947324242,0.947348833,-0.947341636,0.947343753,-0.947343134,0.947343318,-0.947343266	ok
0.631263	0.438477	1.277147414,0.000000000,1.412363589	maximum	continued_angle_secant_max_iters_best	1.211418839	-0.942139970	NaN	secant_max_iters_best	sign_change_pair	1.296379811	1.416379811	1.266379811	1.281379811	0.015000000	8	true	16	0.772454415,0.423034299,-0.997267754,0.910427596,-0.949948926,0.934811970,-0.939048956,0.937679545,-0.938097012,0.937967153,-0.938007272,0.937994845,-0.937998684,0.937997478,-0.937997854,0.937997747	ok
0.631263	0.441283	1.296379811,0.000000000,1.412363589	maximum	continued_angle_secant_max_iters_best	0.376622361	0.955824970	NaN	secant_max_iters_best	sign_change_pair	1.281379811	1.401379811	1.281379811	1.296379811	0.015000000	8	true	16	-0.774775468,-0.417182208,0.986954441,-0.903184779,0.939901271,-0.926223968,0.930374005,-0.928973223,0.929426147,-0.929277466,0.929326017,-0.929310112,0.929315312,-0.929313620,0.929314179,-0.929314001	ok
0.631263	0.444088	1.281379811,0.000000000,1.412363589	maximum	continued_angle_secant_max_iters_best	1.209091209	-0.932425344	NaN	secant_max_iters_best	sign_change_pair	1.300525183	1.420525183	1.270525183	1.285525183	0.015000000	8	true	16	0.773160453,0.420742373,-0.992452113,0.893354089,-0.934055923,0.917439763,-0.922677462,0.920810412,-0.921444891,0.921225593,-0.921300943,0.921274997,-0.921283918,0.921280825,-0.921281893,0.921281538	ok
0.631263	0.446894	1.300525183,0.000000000,1.412363589	maximum	continued_angle_secant_max_iters_best	0.380378500	0.943207231	NaN	secant_max_iters_best	sign_change_pair	1.300525183	1.420525183	1.285525183	1.300525183	0.015000000	8	true	16	-0.775578334,-0.413344838,0.957440691,-0.890637489,0.924088530,-0.910549494,0.915119221,-0.913424668,0.914030088,-0.913810791,0.913889829,-0.913861288,0.913871582,-0.913867861,0.913869187,-0.913868711	ok
0.631263	0.449699	1.300525183,0.000000000,1.412363589	maximum	continued_angle_secant_max_iters_best	0.380291837	0.947879865	NaN	secant_max_iters_best	sign_change_pair	1.285525183	1.405525183	1.285525183	1.300525183	0.015000000	8	true	16	-0.775752761,-0.412183830,0.944977265,-0.885207517,0.917074677,-0.903623623,0.908378103,-0.906535942,0.907224005,-0.906963372,0.907061590,-0.907024513,0.907038500,-0.907033215,0.907035196,-0.907034451	ok
0.631263	0.452505	1.285525183,0.000000000,1.412363589	maximum	continued_angle_secant_max_iters_best	1.207688126	-0.925266683	NaN	secant_max_iters_best	sign_change_pair	1.304759388	1.424759388	1.274759388	1.289759388	0.015000000	8	true	16	0.774373900,0.415606689,-0.947627172,0.877530378,-0.912401064,0.896682286,-0.902413274,0.900087824,-0.900991701,0.900634325,-0.900774686,0.900719389,-0.900741150,0.900732601,-0.900735964,0.900734620	ok
0.631263	0.455311	1.304759388,0.000000000,1.412363589	maximum	continued_angle_secant_max_iters_best	0.384110606	0.934813854	NaN	secant_max_iters_best	sign_change_pair	1.289759388	1.409759388	1.289759388	1.304759388	0.015000000	8	true	16	-0.776566118,-0.407664857,0.917231846,-0.877391527,0.903454400,-0.891749660,0.896279510,-0.894381218,0.895150761,-0.894834497,0.894963754,-0.894910785,0.894932472,-0.894923606,0.894927232,-0.894925734	ok
0.631263	0.458116	1.289759388,0.000000000,1.412363589	maximum	continued_angle_secant_max_iters_best	1.205415889	-0.916324703	NaN	secant_max_iters_best	sign_change_pair	1.308897536	1.428897536	1.278897536	1.293897536	0.015000000	8	true	16	0.775080168,0.412609279,-0.921533948,0.870002045,-0.899985947,0.885635138,-0.891324432,0.888835546,-0.889880003,0.889433788,-0.889622967,0.889542500,-0.889576693,0.889562164,-0.889568333,0.889565699	ok
0.631263	0.460922	1.308897536,0.000000000,1.412363589	maximum	continued_angle_secant_max_iters_best	0.387807872	0.922612263	NaN	secant_max_iters_best	sign_change_pair	1.308897536	1.428897536	1.293897536	1.308897536	0.015000000	8	true	16	-0.777366178,-0.402589963,0.894511126,-0.871598469,0.891181424,-0.881945685,0.885835452,-0.884089014,0.884851274,-0.884514365,0.884662461,-0.884597206,0.884625921,-0.884613263,0.884618842,-0.884616397	ok
0.631263	0.463727	1.308897536,0.000000000,1.412363589	maximum	continued_angle_secant_max_iters_best	0.387738146	0.927045110	NaN	secant_max_iters_best	sign_change_pair	1.293897536	1.413897536	1.293897536	1.308897536	0.015000000	8	true	16	-0.777546197,-0.401118052,0.886457462,-0.868697419,0.885883977,-0.877569950,0.881206893,-0.879520283,0.880281906,-0.879933764,0.880092036,-0.880019883,0.880052737,-0.880037785,0.880044587,-0.880041484	ok
0.631263	0.466533	1.293897536,0.000000000,1.412363589	maximum	continued_angle_secant_max_iters_best	1.204067988	-0.908335020	NaN	secant_max_iters_best	sign_change_pair	1.313152428	1.433152428	1.283152428	1.298152428	0.015000000	8	true	16	0.776295098,0.405757284,-0.887051602,0.863045117,-0.882864521,0.872783741,-0.877295372,0.875125501,-0.876134863,0.875657824,-0.875881615,0.875776252,-0.875825765,0.875802484,-0.875813439,0.875808288	ok
0.631263	0.469339	1.313152428,0.000000000,1.412363589	maximum	continued_angle_secant_max_iters_best	0.391522169	0.914273076	NaN	secant_max_iters_best	sign_change_pair	1.298152428	1.418152428	1.298152428	1.313152428	0.015000000	8	true	16	-0.778359360,-0.395070953,0.869871757,-0.865104773,0.875405970,-0.870265416,0.872696648,-0.871503466,0.872078560,-0.871798923,0.871934322,-0.871868626,0.871900472,-0.871885025,0.871892518,-0.871888880	ok
0.631263	0.472144	1.298152428,0.000000000,1.412363589	maximum	continued_angle_secant_max_iters_best	1.201833694	-0.899796633	NaN	secant_max_iters_best	sign_change_pair	1.317286746	1.437286746	1.287286746	1.302286746	0.015000000	8	true	16	0.777000528,0.401780992,-0.871456176,0.859372720,-0.873240558,0.865939019,-0.869454702,0.867668436,-0.868552257,0.868109055,-0.868329811,0.868219487,-0.868274547,0.868247052,-0.868260755,0.868253918	ok
0.631263	0.474950	1.317286746,0.000000000,1.412363589	maximum	continued_angle_secant_max_iters_best	0.395164765	0.902454325	NaN	secant_max_iters_best	sign_change_pair	1.302286746	1.422286746	1.302286746	1.317286746	0.015000000	8	true	16	-0.779157036,-0.388249659,0.856814830,-0.862546387,0.866059840,-0.864290498,0.865191902,-0.864727039,0.864965134,-0.864842760,0.864905547,-0.864873300,0.864889859,-0.864881338,0.864885720,-0.864883481	ok
0.631263	0.477756	1.302286746,0.000000000,1.412363589	maximum	continued_angle_secant_max_iters_best	1.199736814	-0.895053506	NaN	secant_max_iters_best	sign_change_pair	1.321364529	1.441364529	1.291364529	1.306364529	0.015000000	8	true	16	0.777712607,0.397308784,-0.858796510,0.856729101,-0.864564058,0.860333739,-0.862518201,0.861353577,-0.861964115,0.861641165,-0.861811180,0.861721455,-0.861768758,0.861743813,-0.861756969,0.861750032	ok
0.631263	0.480561	1.321364529,0.000000000,1.412363589	maximum	continued_angle_secant_max_iters_best	0.398727806	0.891193849	NaN	secant_max_iters_best	sign_change_pair	1.321364529	1.441364529	1.306364529	1.321364529	0.015000000	8	true	16	-0.779946608,-0.380479524,0.846471507,-0.860836535,0.857757543,-0.859437744,0.858521543,-0.859014954,0.858747325,-0.858891929,0.858813640,-0.858855987,0.858833074,-0.858845469,0.858838759,-0.858842384	ok
0.631263	0.483367	1.321364529,0.000000000,1.412363589	maximum	continued_angle_secant_max_iters_best	0.398683808	0.895125003	NaN	secant_max_iters_best	sign_change_pair	1.306364529	1.426364529	1.306364529	1.321364529	0.015000000	8	true	16	-0.780135134,-0.378289622,0.842755206,-0.859661001,0.854259961,-0.857206049,0.855548346,-0.856459905,0.855952073,-0.856232962,0.856076981,-0.856163406,0.856115453,-0.856142045,0.856127302,-0.856135469	ok
0.631263	0.486172	1.306364529,0.000000000,1.412363589	maximum	continued_angle_secant_max_iters_best	1.198515216	-0.883192045	NaN	secant_max_iters_best	sign_change_pair	1.325522907	1.445522907	1.295522907	1.310522907	0.015000000	8	true	16	0.778935029,0.386851149,-0.843014960,0.855265731,-0.852669292,0.854154279,-0.853305098,0.853785206,-0.853511926,0.853666881,-0.853578821,0.853628791,-0.853600411,0.853616529,-0.853607381,0.853612580	ok
0.631263	0.488978	1.325522907,0.000000000,1.412363589	maximum	continued_angle_secant_max_iters_best	0.402299602	0.883505241	NaN	secant_max_iters_best	sign_change_pair	1.310522907	1.430522907	1.310522907	1.325522907	0.015000000	8	true	16	-0.780933676,-0.368917357,0.835204911,-0.859010365,0.847324435,-0.853733677,0.849889655,-0.852079052,0.850793128,-0.851535217,0.851102526,-0.851353306,0.851207456,-0.851292120,0.851242911,-0.851271493	ok
0.631263	0.491784	1.310522907,0.000000000,1.412363589	maximum	continued_angle_secant_max_iters_best	1.196450061	-0.876669046	NaN	secant_max_iters_best	sign_change_pair	1.329607562	1.449607562	1.299607562	1.314607562	0.015000000	8	true	16	0.779646959,0.380677202,-0.835815372,0.854417217,-0.846184281,0.850887959,-0.848028765,0.849701703,-0.848699990,0.849291717,-0.848939333,0.849148179,-0.849024046,0.849097698,-0.849053948,0.849079911	ok
0.631263	0.494589	1.329607562,0.000000000,1.412363589	maximum	continued_angle_secant_max_iters_best	0.405821967	0.872510032	NaN	secant_max_iters_best	sign_change_pair	1.329607562	1.449607562	1.314607562	1.329607562	0.015000000	8	true	16	-0.781722558,-0.358138121,0.829153784,-0.858888240,0.841246757,-0.851006321,0.844797321,-0.848443572,0.846191735,-0.847541570,0.846717457,-0.847215082,0.846912581,-0.847095728,0.846984562,-0.847051936	ok
0.631263	0.497395	1.329607562,0.000000000,1.412363589	maximum	continued_angle_secant_max_iters_best	0.405792918	0.876280007	NaN	secant_max_iters_best	sign_change_pair	1.314607562	1.434607562	1.314607562	1.329607562	0.015000000	8	true	16	-0.781915840,-0.355160508,0.826945366,-0.858424716,0.838716780,-0.849710807,0.842533328,-0.846812873,0.844107458,-0.845758584,0.844728329,-0.845362513,0.844968818,-0.845211949,0.845061312,-0.845154453	ok
0.631263	0.500200	1.314607562,0.000000000,1.412363589	maximum	continued_angle_secant_max_iters_best	1.195266249	-0.866510196	NaN	secant_max_iters_best	sign_change_pair	1.314607562	1.434607562	1.314607562	1.329607562	0.015000000	8	true	16	0.780868188,0.366050477,-0.826768909,0.855105646,-0.837455294,0.847607986,-0.840877587,0.844979582,-0.842337746,0.843982512,-0.842936021,0.843592879,-0.843177018,0.843438888,-0.843273421,0.843377740	ok
0.631263	0.503006	1.314607562,0.000000000,1.412363589	maximum	continued_angle_secant_max_iters_best	1.196053426	-0.866876662	NaN	secant_max_iters_best	sign_change_pair	1.337322489	1.457322489	1.307322489	1.322322489	0.015000000	8	true	16	0.781366264,0.357742370,-0.824036256,0.856107707,-0.834722220,0.846995209,-0.838627124,0.843779897,-0.840381277,0.842529186,-0.841133134,0.842024524,-0.841448760,0.841817925,-0.841580104,0.841732849	ok
0.631263	0.505812	1.337322489,0.000000000,1.412363589	maximum	continued_angle_secant_max_iters_best	0.412398845	0.853139050	NaN	secant_max_iters_best	sign_change_pair	1.337322489	1.457322489	1.322322489	1.337322489	0.015000000	8	true	16	-0.783251349,-0.331663715,0.820333373,-0.859856042,0.831367932,-0.847356552,0.836081072,-0.843043209,0.838327494,-0.841342158,0.839338421,-0.840637349,0.839781249,-0.840339439,0.839972905,-0.840212491	ok
0.631263	0.508617	1.337322489,0.000000000,1.412363589	maximum	continued_angle_secant_max_iters_best	0.412385351	0.856538385	NaN	secant_max_iters_best	sign_change_pair	1.322322489	1.442322489	1.322322489	1.337322489	0.015000000	8	true	16	-0.783449711,-0.327601529,0.818851339,-0.859812998,0.829451786,-0.846604746,0.834246222,-0.841968259,0.836628132,-0.840091634,0.837744014,-0.839290199,0.838251871,-0.838940267,0.838479933,-0.838786013	ok
0.631263	0.511423	1.322322489,0.000000000,1.412363589	maximum	continued_angle_secant_max_iters_best	1.191781116	-0.852659211	NaN	secant_max_iters_best	sign_change_pair	1.341410062	1.461410062	1.311410062	1.326410062	0.015000000	8	true	16	0.782337161,0.345740839,-0.818912158,0.856487944,-0.828618318,0.844863390,-0.833015791,0.840567886,-0.835262240,0.838763380,-0.836349621,0.837966139,-0.836861739,0.837606238,-0.837099743,0.837442198	ok
0.631263	0.514228	1.341410062,0.000000000,1.412363589	maximum	continued_angle_secant_max_iters_best	0.415843244	0.845973763	NaN	secant_max_iters_best	sign_change_pair	1.326410062	1.446410062	1.326410062	1.341410062	0.015000000	8	true	16	-0.784236449,-0.309485984,0.815839940,-0.861077490,0.825715557,-0.845779548,0.830702676,-0.840304526,0.833388183,-0.837989930,0.834749003,-0.836946361,0.835416216,-0.836462572,0.835737960,-0.836235450	ok
0.631263	0.517034	1.326410062,0.000000000,1.412363589	maximum	continued_angle_secant_max_iters_best	1.189878029	-0.847923540	NaN	secant_max_iters_best	sign_change_pair	1.345445924	1.465445924	1.315445924	1.330445924	0.015000000	8	true	16	0.783054361,0.333935957,-0.816020573,0.857601436,-0.825073990,0.844140412,-0.829661376,0.839064288,-0.832193595,0.836840233,-0.833515764,0.835805059,-0.834184985,0.835310088,-0.834518273,0.835070402	ok
0.631263	0.519840	1.345445924,0.000000000,1.412363589	maximum	continued_angle_secant_max_iters_best	0.419231679	0.835856445	NaN	secant_max_iters_best	sign_change_pair	1.345445924	1.465445924	1.330445924	1.345445924	0.015000000	8	true	16	-0.785016455,-0.287949778,0.813361437,-0.862596938,0.822502120,-0.845339259,0.827527712,-0.839065077,0.830434991,-0.836309489,0.832019689,-0.835005334,0.832853350,-0.834367047,0.833283443,-0.834049620	ok
0.631263	0.522645	1.345445924,0.000000000,1.412363589	maximum	continued_angle_secant_max_iters_best	0.419231758	0.839144394	NaN	secant_max_iters_best	sign_change_pair	1.330445924	1.450445924	1.330445924	1.345445924	0.015000000	8	true	16	-0.785219023,-0.281954389,0.812428208,-0.862946962,0.821167564,-0.845091603,0.826129918,-0.838523619,0.829092149,-0.835583377,0.830761951,-0.834159355,0.831670050,-0.833444380,0.832153889,-0.833079069	ok
0.631263	0.525451	1.330445924,0.000000000,1.412363589	maximum	continued_angle_secant_max_iters_best	1.188821355	-0.835582309	NaN	secant_max_iters_best	sign_change_pair	1.330445924	1.450445924	1.330445924	1.345445924	0.015000000	8	true	16	0.784280967,0.305106202,-0.812307897,0.860693020,-0.820447693,0.844054296,-0.825138701,0.837693242,-0.828006669,0.834763910,-0.829669717,0.833307112,-0.830601478,0.832556020,-0.831113046,0.832161745	ok
0.631263	0.528257	1.330445924,0.000000000,1.412363589	maximum	continued_angle_secant_max_iters_best	1.189593337	-0.834611577	NaN	secant_max_iters_best	sign_change_pair	1.353129706	1.473129706	1.323129706	1.338129706	0.015000000	8	true	16	0.784778743,0.288257784,-0.811166342,0.862308682,-0.819042189,0.844341364,-0.823737697,0.837485211,-0.826696575,0.834288321,-0.828469133,0.832668423,-0.829494730,0.831814527,-0.830075558,0.831355297	ok
0.631263	0.531062	1.353129706,0.000000000,1.412363589	maximum	continued_angle_secant_max_iters_best	0.425617559	0.817711434	NaN	secant_max_iters_best	sign_change_pair	1.353129706	1.473129706	1.338129706	1.353129706	0.015000000	8	true	16	-0.786536767,-0.231840702,0.809615865,-0.866176201,0.817389803,-0.845402161,0.822180659,-0.837669993,0.825294313,-0.834053605,0.827223058,-0.832195833,0.828376237,-0.831197735,0.829050062,-0.830649002	ok
0.631263	0.533868	1.353129706,0.000000000,1.412363589	maximum	continued_angle_secant_max_iters_best	0.425631859	0.820688679	NaN	secant_max_iters_best	sign_change_pair	1.338129706	1.458129706	1.338129706	1.353129706	0.015000000	8	true	16	-0.786743859,-0.222910671,0.808960841,-0.866767398,0.816399405,-0.845462268,0.821072251,-0.837464299,0.824180451,-0.833667877,0.826159661,-0.831681410,0.827377627,-0.830591790,0.828110046,-0.829979177	ok
0.631263	0.536673	1.338129706,0.000000000,1.412363589	maximum	continued_angle_secant_max_iters_best	1.185543580	-0.822642175	NaN	secant_max_iters_best	sign_change_pair	1.357179722	1.477179722	1.327179722	1.342179722	0.015000000	8	true	16	0.785753798,0.262570043,-0.808933449,0.864673792,-0.815879701,0.844701309,-0.820304860,0.836930239,-0.823303044,0.833150065,-0.825257143,0.831127397,-0.826490852,0.829992920,-0.827252603,0.829340430	ok
0.631263	0.539479	1.357179722,0.000000000,1.412363589	maximum	continued_angle_secant_max_iters_best	0.428969499	0.810898525	NaN	secant_max_iters_best	sign_change_pair	1.357179722	1.477179722	1.342179722	1.357179722	0.015000000	8	true	16	-0.787523142,-0.181702197,0.807629824,-0.868928074,0.814508511,-0.846038795,0.818964617,-0.837386643,0.822053815,-0.833181214,0.824124270,-0.830908604,0.825469985,-0.829614271,0.826324996,-0.828855990	ok
0.631263	0.542285	1.357179722,0.000000000,1.412363589	maximum	continued_angle_secant_max_iters_best	0.428989034	0.813975684	NaN	secant_max_iters_best	sign_change_pair	1.342179722	1.462179722	1.342179722	1.357179722	0.015000000	8	true	16	-0.787731688,-0.170045107,0.807119101,-0.869659054,0.813714669,-0.846285726,0.818039736,-0.837390290,0.821090934,-0.833013780,0.823183080,-0.830611968,0.824577547,-0.829219690,0.825486730,-0.828388153	ok
0.631263	0.545090	1.342179722,0.000000000,1.412363589	maximum	continued_angle_secant_max_iters_best	1.184532596	-0.812179938	NaN	secant_max_iters_best	sign_change_pair	1.342179722	1.462179722	1.342179722	1.357179722	0.015000000	8	true	16	0.786977284,0.207202430,-0.806962766,0.868672158,-0.813185643,0.846023600,-0.817320678,0.837195357,-0.820282014,0.832772345,-0.822353728,0.830301454,-0.823766492,0.828842428,-0.824710019,0.827954040	ok
0.631263	0.547896	1.342179722,0.000000000,1.412363589	maximum	continued_angle_secant_max_iters_best	1.185292554	-0.811439716	NaN	secant_max_iters_best	sign_change_pair	1.364868232	1.484868232	1.334868232	1.349868232	0.015000000	8	true	16	0.787472458,0.173682591,-0.806354479,0.870391324,-0.812381521,0.846671786,-0.816419001,0.837456728,-0.819352966,0.832807093,-0.821447685,0.830178344,-0.822909570,0.828602786,-0.823909821,0.827627134	ok
0.631263	0.550701	1.364868232,0.000000000,1.412363589	maximum	continued_angle_secant_max_iters_best	0.435245931	0.793399265	NaN	secant_max_iters_best	sign_change_pair	1.364868232	1.484868232	1.349868232	1.364868232	0.015000000	8	true	16	-0.789041296,-0.067752422,0.805579660,-0.873357706,0.811513803,-0.847750307,0.815483049,-0.837954784,0.818404166,-0.833003372,0.820529826,-0.830179057,0.822046621,-0.828464535,0.823109127,-0.827386550	ok
0.631263	0.553507	1.364868232,0.000000000,1.412363589	maximum	continued_angle_secant_max_iters_best	0.435279009	0.796182642	NaN	secant_max_iters_best	sign_change_pair	1.349868232	1.469868232	1.349868232	1.364868232	0.015000000	8	true	16	-0.789254109,-0.048825758,0.805211889,-0.874221802,0.810923635,-0.848199711,0.814763650,-0.838193309,0.817620266,-0.833088213,0.819733369,-0.830141018,0.821271298,-0.828326584,0.822372028,-0.827167886	ok
0.631263	0.556313	1.349868232,0.000000000,1.412363589	maximum	continued_angle_secant_max_iters_best	1.181380093	-0.798649112	NaN	secant_max_iters_best	sign_change_pair	1.349868232	1.469868232	1.349868232	1.364868232	0.015000000	8	true	16	0.788452058,0.118367576,-0.805119570,0.873588642,-0.810515978,0.848208143,-0.814193584,0.838253503,-0.816956319,0.833100745,-0.819030028,0.830083582,-0.820566534,0.828198296,-0.821688303,0.826975296	ok
0.631263	0.559118	1.349868232,0.000000000,1.412363589	maximum	continued_angle_secant_max_iters_best	1.182134136	-0.796630198	NaN	secant_max_iters_best	sign_change_pair	1.372519752	1.492519752	1.342519752	1.357519752	0.015000000	8	true	16	0.788948422,0.066760011,-0.804684293,0.875251643,-0.809929398,0.848981681,-0.813503669,0.838705804,-0.816210195,0.833359130,-0.818269709,0.830199744,-0.819822328,0.828202425,-0.820978053,0.826889217	ok
0.631263	0.561924	1.372519752,0.000000000,1.412363589	maximum	continued_angle_secant_max_iters_best	0.441413492	0.776590898	NaN	secant_max_iters_best	sign_change_pair	1.372519752	1.492519752	1.357519752	1.372519752	0.015000000	8	true	16	-0.790552309,0.117218407,0.804080419,-0.877734609,0.809319644,-0.850045017,0.812808382,-0.839325974,0.815466263,-0.833739622,0.817513465,-0.830415760,0.819081667,-0.828293314,0.820270527,-0.826880829	ok
0.631263	0.564729	1.372519752,0.000000000,1.412363589	maximum	continued_angle_secant_max_iters_best	0.441459384	0.779121033	NaN	secant_max_iters_best	sign_change_pair	1.357519752	1.477519752	1.357519752	1.372519752	0.015000000	8	true	16	-0.790769071,0.148631346,0.803801009,-0.878662558,0.808878784,-0.850648717,0.812251562,-0.839754790,0.814835642,-0.834036949,0.816847311,-0.830603360,0.818410387,-0.828386690,0.819615228,-0.826893183	ok
0.631263	0.567535	1.357519752,0.000000000,1.412363589	maximum	continued_angle_secant_max_iters_best	1.178342096	-0.786148745	NaN	secant_max_iters_best	sign_change_pair	1.376537138	1.496537138	1.346537138	1.361537138	0.015000000	8	true	16	0.789929441,-0.021079850,-0.803785840,0.878647722,-0.808539848,0.850982963,-0.811783087,0.840079292,-0.814281273,0.834297462,-0.816244717,0.830788994,-0.817790053,0.828498220,-0.818999508,0.826935742	ok
0.631263	0.570341	1.376537138,0.000000000,1.412363589	maximum	continued_angle_secant_max_iters_best	0.444667970	0.770131782	NaN	secant_max_iters_best	sign_change_pair	1.376537138	1.496537138	1.361537138	1.376537138	0.015000000	8	true	16	-0.791541023,0.291966905,0.802958473,-0.880717204,0.808072208,-0.852009141,0.811228600,-0.840763325,0.813666827,-0.834788693,0.815598534,-0.831142118,0.817136769,-0.828741325,0.818357981,-0.827087203	ok
0.631263	0.573146	1.376537138,0.000000000,1.412363589	maximum	continued_angle_secant_max_iters_best	0.444718831	0.772754541	NaN	secant_max_iters_best	sign_change_pair	1.361537138	1.481537138	1.361537138	1.376537138	0.015000000	8	true	16	-0.791759139,0.333046512,0.802305942,-0.881658302,0.807715625,-0.852705660,0.810768304,-0.841312067,0.813133235,-0.835223711,0.815020164,-0.831480034,0.816538419,-0.828993243,0.817759395,-0.827262365	ok
0.631263	0.575952	1.361537138,0.000000000,1.412363589	maximum	continued_angle_secant_max_iters_best	1.177452439	-0.775506106	NaN	secant_max_iters_best	sign_change_pair	1.361537138	1.481537138	1.361537138	1.376537138	0.015000000	8	true	16	0.791154260,-0.218179384,-0.802937929,0.882437893,-0.807394771,0.853372674,-0.810344901,0.841869295,-0.812635734,0.835684644,-0.814474723,0.831854086,-0.815968103,0.829287944,-0.817183158,0.827484577	ok
0.631263	0.578758	1.361537138,0.000000000,1.412363589	maximum	continued_angle_secant_max_iters_best	1.178194108	-0.774261579	NaN	secant_max_iters_best	sign_change_pair	1.384201637	1.504201637	1.354201637	1.369201637	0.015000000	8	true	16	0.791646873,-0.336355221,-0.802116955,0.883594363,-0.807070270,0.854191140,-0.809928135,0.842522742,-0.812150194,0.836222455,-0.813942896,0.832297010,-0.815410447,0.829647725,-0.816617063,0.827769760	ok
0.631263	0.581563	1.384201637,0.000000000,1.412363589	maximum	continued_angle_secant_max_iters_best	0.450739190	0.753866134	NaN	secant_max_iters_best	sign_change_pair	1.384201637	1.504201637	1.369201637	1.384201637	0.015000000	8	true	16	-0.793050747,0.640031249,-0.802976904,0.884233241,-0.806800264,0.854862384,-0.809561353,0.843124969,-0.811710967,0.836749317,-0.813452789,0.832750877,-0.814888800,0.830032153,-0.816080584,0.828088700	ok
0.631263	0.584369	1.384201637,0.000000000,1.412363589	maximum	continued_angle_secant_max_iters_best	0.450802314	0.756245131	NaN	secant_max_iters_best	sign_change_pair	1.384201637	1.504201637	1.369201637	1.384201637	0.015000000	8	true	16	-0.793272608,0.685913596,-0.802796449,0.885119783,-0.806532535,0.855640770,-0.809204640,0.843800227,-0.811286069,0.837338163,-0.812978462,0.833262991,-0.814382173,0.830473813,-0.815556793,0.828464832	ok
0.631263	0.587174	1.384201637,0.000000000,1.412363589	maximum	continued_angle_secant_max_iters_best	0.450863691	0.758890755	NaN	secant_max_iters_best	sign_change_pair	1.369201637	1.489201637	1.369201637	1.384201637	0.015000000	8	true	16	-0.793493669,0.729372855,-0.802638374,0.886010698,-0.806281985,0.856443626,-0.808868738,0.844507167,-0.810883862,0.837963896,-0.812526808,0.833816423,-0.813896482,0.830960615,-0.815050893,0.828889284	ok
0.631263	0.589980	1.369201637,0.000000000,1.412363589	maximum	continued_angle_secant_max_iters_best	1.175262950	-0.760206499	NaN	secant_max_iters_best	sign_change_pair	1.391832213	1.511832213	1.361832213	1.376832213	0.015000000	8	true	16	0.793125883,-0.668536428,0.802475726,-0.887383213,0.806020835,-0.857426263,0.808532298,-0.845322785,0.810487000,-0.838672404,0.812083481,-0.834441459,0.813419878,-0.831513892,0.814553153,-0.829377803	ok
0.631263	0.592786	1.391832213,0.000000000,1.412363589	maximum	continued_angle_secant_max_iters_best	0.456710019	0.738202541	NaN	secant_max_iters_best	sign_change_pair	1.391832213	1.511832213	1.376832213	1.391832213	0.015000000	8	true	16	-0.794554089,0.916848329,-0.802461695,0.886650626,-0.805891081,0.857735786,-0.808301517,0.845818594,-0.810180523,0.839203684,-0.811719135,0.834962943,-0.813012317,0.832007813,-0.814115098,0.829836144	ok
0.631263	0.595591	1.391832213,0.000000000,1.412363589	maximum	continued_angle_secant_max_iters_best	0.456784793	0.740369150	NaN	secant_max_iters_best	sign_change_pair	1.391832213	1.511832213	1.376832213	1.391832213	0.015000000	8	true	16	-0.794779439,0.938221943,-0.802361853,0.887405731,-0.805691294,0.858555348,-0.808024577,0.846587381,-0.809842281,0.839915934,-0.811332322,0.835620903,-0.812588235,0.832613797,-0.813664029,0.830392062	ok
0.631263	0.598397	1.391832213,0.000000000,1.412363589	maximum	continued_angle_secant_max_iters_best	0.456858124	0.742766490	NaN	secant_max_iters_best	sign_change_pair	1.376832213	1.496832213	1.376832213	1.391832213	0.015000000	8	true	16	-0.795004161,0.955635886,-0.802272724,0.888155263,-0.805504516,0.859392784,-0.807763499,0.847381959,-0.809521818,0.840659169,-0.810964103,0.836314263,-0.812182422,0.833259257,-0.813229835,0.830991190	ok
0.631263	0.601202	1.376832213,0.000000000,1.412363589	maximum	continued_angle_secant_max_iters_best	1.172439190	-0.746627108	NaN	secant_max_iters_best	sign_change_pair	1.399437243	1.519437243	1.369437243	1.384437243	0.015000000	8	true	16	0.794607493,-0.922801220,0.802099759,-0.890091761,0.805268815,-0.860655170,0.807471580,-0.848409692,0.809181393,-0.841560310,0.810582889,-0.837129161,0.811767954,-0.834006538,0.812789395,-0.831680726	ok
0.631263	0.604008	1.399437243,0.000000000,1.412363589	maximum	continued_angle_secant_max_iters_best	0.462589752	0.723072975	NaN	secant_max_iters_best	sign_change_pair	1.399437243	1.519437243	1.384437243	1.399437243	0.015000000	8	true	16	-0.796052041,0.998870989,-0.802280351,0.887680734,-0.805267920,0.860430413,-0.807360723,0.848689370,-0.808991036,0.842014306,-0.810330703,0.837651512,-0.811466496,0.834552973,-0.812448676,0.832229342	ok
0.631263	0.606814	1.399437243,0.000000000,1.412363589	maximum	continued_angle_secant_max_iters_best	0.462675640	0.725051832	NaN	secant_max_iters_best	sign_change_pair	1.384437243	1.504437243	1.384437243	1.399437243	0.015000000	8	true	16	-0.796280662,0.999955672,-0.802229452,0.888243617,-0.805121795,0.861250626,-0.807146051,0.849520063,-0.808721515,0.842821290,-0.810015831,0.838427856,-0.811113976,0.835297058,-0.812065238,0.832940776	ok
0.631263	0.609619	1.384437243,0.000000000,1.412363589	maximum	continued_angle_secant_max_iters_best	1.168987896	-0.737713780	NaN	secant_max_iters_best	sign_change_pair	1.403402486	1.523402486	1.373402486	1.388402486	0.015000000	8	true	16	0.795596956,-0.985290770,0.801950176,-0.891852127,0.804834066,-0.863179076,0.806830363,-0.850942788,0.808375026,-0.844009892,0.809639945,-0.839479698,0.810711602,-0.836255919,0.811639918,-0.833829279	ok
0.631263	0.612425	1.403402486,0.000000000,1.412363589	maximum	continued_angle_secant_max_iters_best	0.465711166	0.717075439	NaN	secant_max_iters_best	sign_change_pair	1.403402486	1.523402486	1.388402486	1.403402486	0.015000000	8	true	16	-0.797042338,0.993776950,-0.802255836,0.888005968,-0.804926843,0.862432203,-0.806803277,0.850981088,-0.808264053,0.844347637,-0.809464326,0.839955653,-0.810483798,0.836801398,-0.811369060,0.834409898	ok
0.631263	0.615230	1.403402486,0.000000000,1.412363589	maximum	continued_angle_secant_max_iters_best	0.465801718	0.719133730	NaN	secant_max_iters_best	sign_change_pair	1.403402486	1.523402486	1.388402486	1.403402486	0.015000000	8	true	16	-0.797272224,0.990355088,-0.802233300,0.888435618,-0.804812783,0.863244576,-0.806625633,0.851848301,-0.808035819,0.845214615,-0.809193704,0.840808522,-0.810176903,0.837635779,-0.811030930,0.835224088	ok
0.631263	0.618036	1.403402486,0.000000000,1.412363589	maximum	continued_angle_secant_max_iters_best	0.465890902	0.721438056	NaN	secant_max_iters_best	sign_change_pair	1.388402486	1.508402486	1.388402486	1.403402486	0.015000000	8	true	16	-0.797501442,0.986537307,-0.802217404,0.888850551,-0.804706979,0.864066101,-0.806457947,0.852733773,-0.807819008,0.846104937,-0.808935623,0.841688592,-0.809883263,0.838500811,-0.810706331,0.836072268	ok
0.631263	0.620842	1.388402486,0.000000000,1.412363589	maximum	continued_angle_secant_max_iters_best	1.168979707	-0.725258387	NaN	secant_max_iters_best	sign_change_pair	1.411029783	1.531029783	1.381029783	1.396029783	0.015000000	8	true	16	0.797311229,-0.988494476,0.802108835,-0.890550643,0.804544362,-0.865404542,0.806251230,-0.853911743,0.807574143,-0.847192664,0.808656972,-0.842717376,0.809574394,-0.839486780,0.810370353,-0.837024489	ok
0.631263	0.623647	1.411029783,0.000000000,1.412363589	maximum	continued_angle_secant_max_iters_best	0.471509758	0.702378387	NaN	secant_max_iters_best	sign_change_pair	1.411029783	1.531029783	1.396029783	1.411029783	0.015000000	8	true	16	-0.798539775,0.962596262,-0.802458476,0.886385633,-0.804686579,0.864409148,-0.806276587,0.853828111,-0.807518570,0.847485092,-0.808539307,0.843197637,-0.809406246,0.840072170,-0.810159695,0.837672970	ok
0.631263	0.626453	1.411029783,0.000000000,1.412363589	maximum	continued_angle_secant_max_iters_best	0.471611004	0.704252183	NaN	secant_max_iters_best	sign_change_pair	1.411029783	1.531029783	1.396029783	1.411029783	0.015000000	8	true	16	-0.798772783,0.957905532,-0.802472565,0.886568895,-0.804611307,0.865156191,-0.806141566,0.854706254,-0.807336981,0.848402637,-0.808318778,0.844126699,-0.809151925,0.841002356,-0.809875438,0.838599743	ok
0.631263	0.629259	1.411029783,0.000000000,1.412363589	maximum	continued_angle_secant_max_iters_best	0.471711145	0.706340521	NaN	secant_max_iters_best	sign_change_pair	1.396029783	1.516029783	1.396029783	1.411029783	0.015000000	8	true	16	-0.799005273,0.953313167,-0.802492122,0.886735516,-0.804542562,0.865907871,-0.806014205,0.855599472,-0.807164165,0.849340780,-0.808108024,0.845080093,-0.808908216,0.841959861,-0.809602419,0.839556594	ok
0.631263	0.632064	1.396029783,0.000000000,1.412363589	maximum	continued_angle_secant_max_iters_best	1.166350691	-0.712121753	NaN	secant_max_iters_best	sign_change_pair	1.418629072	1.538629072	1.388629072	1.403629072	0.015000000	8	true	16	0.798793789,-0.956872218,0.802366198,-0.888835904,0.804377968,-0.867516643,0.805816839,-0.856991602,0.806937546,-0.850615330,0.807854663,-0.846282408,0.808630112,-0.843113960,0.809301263,-0.840676410	ok
0.631263	0.634870	1.418629072,0.000000000,1.412363589	maximum	continued_angle_secant_max_iters_best	0.477220071	0.688173361	NaN	secant_max_iters_best	sign_change_pair	1.418629072	1.538629072	1.403629072	1.418629072	0.015000000	8	true	16	-0.800031842,0.930811256,-0.802852627,0.883237452,-0.804634472,0.865680453,-0.805941611,0.856416427,-0.806972476,0.850607675,-0.807822017,0.846577840,-0.808543373,0.843590510,-0.809169352,0.841270157	ok
0.631263	0.637675	1.418629072,0.000000000,1.412363589	maximum	continued_angle_secant_max_iters_best	0.477331536	0.689883651	NaN	secant_max_iters_best	sign_change_pair	1.418629072	1.538629072	1.403629072	1.418629072	0.015000000	8	true	16	-0.800267777,0.926837165,-0.802899864,0.883181972,-0.804593329,0.866326670,-0.805842309,0.857276666,-0.806828938,0.851553322,-0.807642097,0.847563838,-0.808332091,0.844598085,-0.808930217,0.842290516	ok
0.631263	0.640481	1.418629072,0.000000000,1.412363589	maximum	continued_angle_secant_max_iters_best	0.477442125	0.691782908	NaN	secant_max_iters_best	sign_change_pair	1.403629072	1.523629072	1.403629072	1.418629072	0.015000000	8	true	16	-0.800503328,0.923035490,-0.802951687,0.883112262,-0.804557340,0.866974753,-0.805748742,0.858150746,-0.806691837,0.852519502,-0.807469365,0.848574427,-0.808128755,0.845633063,-0.808699743,0.843340509	ok
0.631263	0.643287	1.403629072,0.000000000,1.412363589	maximum	continued_angle_secant_max_iters_best	1.163817379	-0.699304170	NaN	secant_max_iters_best	sign_change_pair	1.426207002	1.546207002	1.396207002	1.411207002	0.015000000	8	true	16	0.800278312,-0.926790424,0.802801346,-0.885573525,0.804378676,-0.868902387,0.805546478,-0.859813714,0.806468257,-0.854031384,0.807225919,-0.849991993,0.807866502,-0.846988195,0.808419531,-0.844652634	ok
0.631263	0.646092	1.426207002,0.000000000,1.412363589	maximum	continued_angle_secant_max_iters_best	0.482849245	0.674412660	NaN	secant_max_iters_best	sign_change_pair	1.426207002	1.546207002	1.411207002	1.426207002	0.015000000	8	true	16	-0.801519222,0.905595454,-0.803423183,0.878836654,-0.804759264,0.866090901,-0.805780033,0.858574805,-0.806600253,0.853573737,-0.807281959,0.849979216,-0.807862507,0.847254012,-0.808366123,0.845105698	ok
0.631263	0.648898	1.426207002,0.000000000,1.412363589	maximum	continued_angle_secant_max_iters_best	0.482970507	0.675976364	NaN	secant_max_iters_best	sign_change_pair	1.426207002	1.546207002	1.411207002	1.426207002	0.015000000	8	true	16	-0.801757917,0.902566490,-0.803501036,0.878579008,-0.804749341,0.866607935,-0.805711477,0.859390999,-0.806487810,0.854530432,-0.807134212,0.851011683,-0.807684943,0.848332142,-0.808162503,0.846214137	ok
0.631263	0.651703	1.426207002,0.000000000,1.412363589	maximum	continued_angle_secant_max_iters_best	0.483091093	0.677707867	NaN	secant_max_iters_best	sign_change_pair	1.411207002	1.531207002	1.411207002	1.426207002	0.015000000	8	true	16	-0.801996345,0.899690098,-0.803582709,0.878313715,-0.804743346,0.867126940,-0.805646750,0.860223469,-0.806379317,0.855512712,-0.806990738,0.852075454,-0.807512113,0.849445171,-0.807964164,0.847359807	ok
0.631263	0.654509	1.411207002,0.000000000,1.412363589	maximum	continued_angle_secant_max_iters_best	1.161372729	-0.686757682	NaN	secant_max_iters_best	sign_change_pair	1.433767474	1.553767474	1.403767474	1.418767474	0.015000000	8	true	16	0.801764317,-0.903031160,0.803403664,-0.881037322,0.804538160,-0.869420789,0.805422929,-0.862247478,0.806139931,-0.857360758,0.806737315,-0.853803846,0.807245532,-0.851089410,0.807684990,-0.848943414	ok
0.631263	0.657315	1.433767474,0.000000000,1.412363589	maximum	continued_angle_secant_max_iters_best	0.488402136	0.661061711	NaN	secant_max_iters_best	sign_change_pair	1.433767474	1.553767474	1.418767474	1.433767474	0.015000000	8	true	16	-0.803002350,0.886838393,-0.804157789,0.873590953,-0.805057392,0.865541795,-0.805783414,0.860133610,-0.806385476,0.856241536,-0.806895235,0.853299285,-0.807333959,0.850991877,-0.807716541,0.849130349	ok
0.631263	0.660120	1.433767474,0.000000000,1.412363589	maximum	continued_angle_secant_max_iters_best	0.488532811	0.662492886	NaN	secant_max_iters_best	sign_change_pair	1.433767474	1.553767474	1.418767474	1.433767474	0.015000000	8	true	16	-0.803243661,0.884611808,-0.804264176,0.873189312,-0.805076951,0.865913320,-0.805741704,0.860886110,-0.806297525,0.857203535,-0.806770565,0.854386774,-0.807178968,0.852160061,-0.807535734,0.850353776	ok
0.631263	0.662926	1.433767474,0.000000000,1.412363589	maximum	continued_angle_secant_max_iters_best	0.488662988	0.664074090	NaN	secant_max_iters_best	sign_change_pair	1.418767474	1.538767474	1.418767474	1.433767474	0.015000000	8	true	16	-0.803484790,0.882504562,-0.804373667,0.872789500,-0.805099086,0.866291435,-0.805701457,0.861664315,-0.806210087,0.858207380,-0.806645782,0.855527577,-0.807023533,0.853389319,-0.807354397,0.851643380	ok
0.631263	0.665731	1.418767474,0.000000000,1.412363589	maximum	continued_angle_secant_max_iters_best	1.159011951	-0.674445687	NaN	secant_max_iters_best	sign_change_pair	1.441313137	1.561313137	1.411313137	1.426313137	0.015000000	8	true	16	0.803251483,-0.885274870,0.804163553,-0.875644461,0.804852328,-0.869003317,0.805431847,-0.864207931,0.805924566,-0.860601520,0.806348138,-0.857797755,0.806715963,-0.855558744,0.807038232,-0.853731283	ok
0.631263	0.668537	1.441313137,0.000000000,1.412363589	maximum	continued_angle_secant_max_iters_best	0.493882499	0.648092977	NaN	secant_max_iters_best	sign_change_pair	1.441313137	1.561313137	1.426313137	1.441313137	0.015000000	8	true	16	-0.804481515,0.873166953,-0.805045013,0.867969006,-0.805530614,0.864020870,-0.805951210,0.860941043,-0.806317862,0.858481182,-0.806639649,0.856476545,-0.806923862,0.854814841,-0.807176365,0.853417365	ok
0.631263	0.671343	1.441313137,0.000000000,1.412363589	maximum	continued_angle_secant_max_iters_best	0.494022235	0.649403520	NaN	secant_max_iters_best	sign_change_pair	1.441313137	1.561313137	1.426313137	1.441313137	0.015000000	8	true	16	-0.804725308,0.871559102,-0.805178092,0.867490985,-0.805578538,0.864247841,-0.805932435,0.861624441,-0.806245821,0.859470535,-0.806524263,0.857677539,-0.806772581,0.856166377,-0.806994878,0.854878805	ok
0.631263	0.674148	1.441313137,0.000000000,1.412363589	maximum	continued_angle_secant_max_iters_best	0.494161631	0.650849004	NaN	secant_max_iters_best	sign_change_pair	1.426313137	1.546313137	1.426313137	1.441313137	0.015000000	8	true	16	-0.804969005,0.870041436,-0.805313510,0.867025249,-0.805627164,0.864493184,-0.805911102,0.862359165,-0.806167545,0.860548856,-0.806399112,0.859001870,-0.806608399,0.857670145,-0.806797828,0.856515716	ok
0.631263	0.676954	1.426313137,0.000000000,1.412363589	maximum	continued_angle_secant_max_iters_best	1.156731319	-0.662340183	NaN	secant_max_iters_best	sign_change_pair	1.448845950	1.568845950	1.418845950	1.433845950	0.015000000	8	true	16	0.804739546,-0.872270135,0.805070498,-0.869887770,0.805314799,-0.867722910,0.805547000,-0.865788895,0.805764735,-0.864074597,0.805967232,-0.862559461,0.806154622,-0.861220581,0.806327506,-0.860035737	ok
0.631263	0.679760	1.448845950,0.000000000,1.412363589	maximum	continued_angle_secant_max_iters_best	0.499293445	0.635483420	NaN	secant_max_iters_best	sign_change_pair	1.448845950	1.568845950	1.433845950	1.448845950	0.015000000	8	true	16	-0.805956952,0.863272382,-0.806073347,0.862417721,-0.806183838,0.861626074,-0.806288587,0.860894465,-0.806387585,0.860219343,-0.806480915,0.859596871,-0.806568733,0.859023174,-0.806651241,0.858494482	ok
0.631263	0.682565	1.448845950,0.000000000,1.412363589	maximum	continued_angle_secant_max_iters_best	0.499441917	0.636683535	NaN	secant_max_iters_best	sign_change_pair	1.448845950	1.568845950	1.433845950	1.448845950	0.015000000	8	true	16	-0.806203097,0.862127751,-0.806231395,0.861926977,-0.806258938,0.861731125,-0.806285938,0.861540377,-0.806312367,0.861354876,-0.806338196,0.861174732,-0.806363397,0.861000014,-0.806387962,0.860830757	ok
0.631263	0.685371	1.448845950,0.000000000,1.412363589	maximum	continued_angle_secant_max_iters_best	0.499590190	0.638005659	NaN	secant_max_iters_best	sign_change_pair	1.433845950	1.553845950	1.433845950	1.448845950	0.015000000	8	true	16	-0.806449224,0.861050535,-0.806390950,0.861458009,-0.806331291,0.861879944,-0.806270012,0.862320067,-0.806206567,0.862783136,-0.806140270,0.863275367,-0.806070199,0.863805205,-0.805995077,0.864384668	ok
0.631263	0.688176	1.433845950,0.000000000,1.412363589	maximum	continued_angle_secant_max_iters_best	1.154527720	-0.650420799	NaN	secant_max_iters_best	sign_change_pair	1.456367444	1.576367444	1.426367444	1.441367444	0.015000000	8	true	16	0.806228277,-0.862827537,0.806108509,-0.864275244,-0.806005113,0.865002096,0.806098658,-0.864080702,-0.805977039,0.865279338,0.806131646,-0.863758581,0.805946554,-0.865593181,-0.806167801,0.863407866	ok
0.631263	0.690982	1.456367444,0.000000000,1.412363589	maximum	continued_angle_secant_max_iters_best	0.504637661	0.623213168	NaN	secant_max_iters_best	sign_change_pair	1.456367444	1.576367444	1.441367444	1.456367444	0.015000000	8	true	16	-0.807428811,0.856131863,-0.807230575,0.857293064,-0.807022720,0.858569329,-0.806799004,0.860019360,-0.806545655,0.861771480,0.806394535,-0.862768831,-0.806531399,0.861524278,0.806355734,-0.863124314	ok
0.631263	0.693788	1.456367444,0.000000000,1.412363589	maximum	continued_angle_secant_max_iters_best	0.504794565	0.624311695	NaN	secant_max_iters_best	sign_change_pair	1.456367444	1.576367444	1.441367444	1.456367444	0.015000000	8	true	16	-0.807677202,0.855330425,-0.807412029,0.856838765,-0.807122125,0.858602822,-0.806777623,0.860893248,0.806977156,-0.859101251,-0.806700328,0.861431675,0.807048225,-0.858520774,0.806794520,-0.860774690	ok
0.631263	0.696593	1.456367444,0.000000000,1.412363589	maximum	continued_angle_secant_max_iters_best	0.504951400	0.625521054	NaN	secant_max_iters_best	sign_change_pair	1.441367444	1.561367444	1.441367444	1.456367444	0.015000000	8	true	16	-0.807925638,0.854579201,-0.807594110,0.856412862,-0.807206981,0.858763456,0.807355125,-0.857429001,-0.807138195,0.859122923,0.807407787,-0.857027989,0.807061029,-0.859732964,-0.807493772,0.856383601	ok
0.631263	0.699399	1.441367444,0.000000000,1.412363589	maximum	continued_angle_secant_max_iters_best	1.152398432	-0.638674170	NaN	secant_max_iters_best	sign_change_pair	1.463878873	1.583878873	1.433878873	1.448878873	0.015000000	8	true	16	0.807717456,-0.856002609,-0.807581752,0.856985559,0.807750075,-0.855769778,-0.807537759,0.857308447,0.807801508,-0.855406273,-0.807461590,0.857868435,0.807887585,-0.854807324,0.807557972,-0.857297042	ok
0.631263	0.702204	1.463878873,0.000000000,1.412363589	maximum	continued_angle_secant_max_iters_best	0.509917533	0.611264718	NaN	secant_max_iters_best	sign_change_pair	1.463878873	1.583878873	1.448878873	1.463878873	0.015000000	8	true	16	-0.808897232,0.850988367,-0.808503274,0.852822915,-0.808050546,0.855151495,0.808100332,-0.854547200,-0.807987769,0.855305257,0.808127703,-0.854365256,-0.807951738,0.855550800,0.808170530,-0.854082629	ok
0.631263	0.705010	1.463878873,0.000000000,1.412363589	maximum	continued_angle_secant_max_iters_best	0.510082587	0.612269375	NaN	secant_max_iters_best	sign_change_pair	1.463878873	1.583878873	1.448878873	1.463878873	0.015000000	8	true	16	-0.809147758,0.850440159,-0.808706822,0.852434709,0.808207787,-0.854956731,-0.808714363,0.851807392,-0.808340559,0.854260727,0.808589787,-0.852554886,-0.808239361,0.854755297,0.808678972,-0.852017635	ok
0.631263	0.707816	1.463878873,0.000000000,1.412363589	maximum	continued_angle_secant_max_iters_best	0.510247689	0.613375131	NaN	secant_max_iters_best	sign_change_pair	1.448878873	1.568878873	1.448878873	1.463878873	0.015000000	8	true	16	-0.809398393,0.849929366,-0.808910313,0.852077087,0.808797806,-0.852382073,-0.808863046,0.852000601,0.808781046,-0.852480770,-0.808883632,0.851881168,0.808754414,-0.852638111,-0.808915999,0.851694312	ok
0.631263	0.710621	1.448878873,0.000000000,1.412363589	maximum	continued_angle_secant_max_iters_best	1.150341003	-0.627093236	NaN	secant_max_iters_best	sign_change_pair	1.471381290	1.591381290	1.441381290	1.456381290	0.015000000	8	true	16	0.809206864,-0.851085278,-0.809215221,0.851039422,0.809204680,-0.851097112,-0.809217930,0.851024596,0.809201262,-0.851115861,-0.809222216,0.851001197,0.809195843,-0.851145565,-0.809228981,0.850964248	ok
0.631263	0.713427	1.471381290,0.000000000,1.412363589	maximum	continued_angle_secant_max_iters_best	0.515135224	0.599622410	NaN	secant_max_iters_best	sign_change_pair	1.471381290	1.591381290	1.456381290	1.471381290	0.015000000	8	true	16	-0.810362308,0.847291561,-0.809876304,0.849106131,0.809341518,-0.851328132,-0.809890751,0.848532386,-0.809470628,0.850776970,0.809768414,-0.849132522,-0.809350104,0.851283279,0.809880984,-0.848579745	ok
0.631263	0.716232	1.471381290,0.000000000,1.412363589	maximum	continued_angle_secant_max_iters_best	0.515308163	0.600539981	NaN	secant_max_iters_best	sign_change_pair	1.471381290	1.591381290	1.456381290	1.471381290	0.015000000	8	true	16	-0.810614880,0.846929934,-0.810100833,0.848795740,0.809892653,-0.849458682,-0.810066134,0.848623898,0.809844555,-0.849693824,-0.810124429,0.848348902,0.809762660,-0.850096418,-0.810221381,0.847898218	ok
0.631263	0.719038	1.471381290,0.000000000,1.412363589	maximum	continued_angle_secant_max_iters_best	0.515481259	0.601550112	NaN	secant_max_iters_best	sign_change_pair	1.456381290	1.576381290	1.456381290	1.471381290	0.015000000	8	true	16	-0.810867606,0.846596182,-0.810325259,0.848512838,0.810424125,-0.847876369,-0.810244675,0.848691792,0.810471932,-0.847662977,-0.810179400,0.848992923,0.810550452,-0.847316432,-0.810058136,0.849552529	ok
0.631263	0.721844	1.456381290,0.000000000,1.412363589	maximum	continued_angle_secant_max_iters_best	1.148353180	-0.615676301	NaN	secant_max_iters_best	sign_change_pair	1.478875610	1.598875610	1.448875610	1.463875610	0.015000000	8	true	16	0.810696287,-0.847552971,-0.810749807,0.847323923,0.810681532,-0.847616341,-0.810768305,0.847245203,0.810657470,-0.847720035,-0.810798251,0.847118237,0.810617870,-0.847891340,-0.810846942,0.846913118	ok
0.631263	0.724649	1.478875610,0.000000000,1.412363589	maximum	continued_angle_secant_max_iters_best	0.520292719	0.588272072	NaN	secant_max_iters_best	sign_change_pair	1.478875610	1.598875610	1.463875610	1.478875610	0.015000000	8	true	16	-0.811824120,0.844644101,-0.811332336,0.846137891,0.810886687,-0.847583953,-0.811342759,0.845748989,-0.810876221,0.847664050,0.811365680,-0.845660054,0.810915329,-0.847526011,-0.811326075,0.845813962	ok
0.631263	0.727455	1.478875610,0.000000000,1.412363589	maximum	continued_angle_secant_max_iters_best	0.520473296	0.589108545	NaN	secant_max_iters_best	sign_change_pair	1.478875610	1.598875610	1.463875610	1.478875610	0.015000000	8	true	16	-0.812078643,0.844419902,-0.811576423,0.845905202,0.811393598,-0.846365046,-0.811546686,0.845779374,0.811349393,-0.846536056,-0.811601150,0.845573942,0.811273578,-0.846830548,-0.811692654,0.845232703	ok
0.631263	0.730261	1.478875610,0.000000000,1.412363589	maximum	continued_angle_secant_max_iters_best	0.520654127	0.590030035	NaN	secant_max_iters_best	sign_change_pair	1.463875610	1.583875610	1.463875610	1.478875610	0.015000000	8	true	16	-0.812333374,0.844216510,-0.811821043,0.845693820,0.811889119,-0.845304371,-0.811751033,0.845806670,0.811927593,-0.845165919,-0.811699116,0.845997265,0.811991354,-0.844938104,-0.811607678,0.846333816	ok
0.631263	0.733066	1.463875610,0.000000000,1.412363589	maximum	continued_angle_secant_max_iters_best	1.146432864	-0.604425872	NaN	secant_max_iters_best	sign_change_pair	1.486362643	1.606362643	1.456362643	1.471362643	0.015000000	8	true	16	0.812185507,-0.845025157,-0.812207675,0.844948543,0.812179176,-0.845047030,-0.812215743,0.844920721,0.812168724,-0.845083209,-0.812229024,0.844874969,0.812151415,-0.845143228,-0.812250887,0.844799812	ok
0.631263	0.735872	1.486362643,0.000000000,1.412363589	maximum	continued_angle_secant_max_iters_best	0.525391863	0.577200750	NaN	secant_max_iters_best	sign_change_pair	1.486362643	1.606362643	1.471362643	1.486362643	0.015000000	8	true	16	-0.813282725,0.842759973,-0.812852493,0.843844861,-0.812313723,0.845330703,0.812862696,-0.843530387,0.812478802,-0.844855577,-0.812690953,0.844080836,0.812382201,-0.845097140,-0.812779324,0.843795998	ok
0.631263	0.738677	1.486362643,0.000000000,1.412363589	maximum	continued_angle_secant_max_iters_best	0.525579843	0.577961429	NaN	secant_max_iters_best	sign_change_pair	1.486362643	1.606362643	1.471362643	1.486362643	0.015000000	8	true	16	-0.813539120,0.842637132,-0.813113799,0.843683780,0.812753990,-0.844603529,-0.813131324,0.843423740,-0.812706641,0.844765888,0.813192541,-0.843236709,0.812808813,-0.844484470,-0.813085744,0.843563943	ok
0.631263	0.741483	1.486362643,0.000000000,1.412363589	maximum	continued_angle_secant_max_iters_best	0.525768170	0.578800417	NaN	secant_max_iters_best	sign_change_pair	1.471362643	1.591362643	1.471362643	1.486362643	0.015000000	8	true	16	-0.813795767,0.842529826,-0.813376313,0.843538336,0.813223577,-0.843855771,-0.813359780,0.843447705,0.813182678,-0.843978959,-0.813410565,0.843296795,0.813111060,-0.844194812,-0.813497551,0.843040224	ok
0.631263	0.744289	1.471362643,0.000000000,1.412363589	maximum	continued_angle_secant_max_iters_best	1.144578077	-0.593347379	NaN	secant_max_iters_best	sign_change_pair	1.493843122	1.613843122	1.463843122	1.478843122	0.015000000	8	true	16	0.813674304,-0.843226658,-0.813603012,0.843431283,0.813694918,-0.843167655,-0.813575612,0.843510147,0.813729338,-0.843069379,-0.813528705,0.843645263,0.813787302,-0.842904566,-0.813443970,0.843888791	ok
0.631263	0.747094	1.493843122,0.000000000,1.412363589	maximum	continued_angle_secant_max_iters_best	0.530434386	0.566396505	NaN	secant_max_iters_best	sign_change_pair	1.493843122	1.613843122	1.478843122	1.493843122	0.015000000	8	true	16	-0.814738170,0.841433770,-0.814418317,0.842119458,-0.814039295,0.842975196,0.813995301,-0.843006864,-0.814010198,0.842965886,0.813990916,-0.843018940,-0.814015843,0.842950364,0.813983558,-0.843039199	ok
0.631263	0.749900	1.493843122,0.000000000,1.412363589	maximum	continued_angle_secant_max_iters_best	0.530629549	0.567086099	NaN	secant_max_iters_best	sign_change_pair	1.493843122	1.613843122	1.478843122	1.493843122	0.015000000	8	true	16	-0.814996357,0.841385873,-0.814693776,0.842020721,-0.814329168,0.842825331,0.814422515,-0.842526016,-0.814274437,0.842917052,0.814465774,-0.842412291,-0.814213203,0.843078742,0.814540424,-0.842216915	ok
0.631263	0.752705	1.493843122,0.000000000,1.412363589	maximum	continued_angle_secant_max_iters_best	0.530825144	0.567847989	NaN	secant_max_iters_best	sign_change_pair	1.478843122	1.598843122	1.478843122	1.493843122	0.015000000	8	true	16	-0.815254836,0.841349624,-0.814970750,0.841933570,-0.814620807,0.842689689,0.814845029,-0.842097239,-0.814530369,0.842893743,0.814941920,-0.841853683,0.814670687,-0.842578744,-0.814790983,0.842233821	ok
0.631263	0.755511	1.478843122,0.000000000,1.412363589	maximum	continued_angle_secant_max_iters_best	1.142786945	-0.582447893	NaN	secant_max_iters_best	sign_change_pair	1.501317728	1.621317728	1.471317728	1.486317728	0.015000000	8	true	16	0.815162460,-0.841959578,-0.814942118,0.842497348,0.815228746,-0.841798302,0.814952760,-0.842483508,-0.815221874,0.841814990,-0.814941434,0.842508291,0.815234165,-0.841785147,0.814961577,-0.842464284	ok
0.631263	0.758317	1.501317728,0.000000000,1.412363589	maximum	continued_angle_secant_max_iters_best	0.535421921	0.555848245	NaN	secant_max_iters_best	sign_change_pair	1.501317728	1.621317728	1.486317728	1.501317728	0.015000000	8	true	16	-0.816190488,0.840518198,-0.816013702,0.840848431,-0.815812677,0.841232483,-0.815576480,0.841697140,-0.815271360,0.842326678,0.815611535,-0.841527221,0.815389242,-0.842078133,-0.815482092,0.841831228	ok
0.631263	0.761122	1.501317728,0.000000000,1.412363589	maximum	continued_angle_secant_max_iters_best	0.535624060	0.556470936	NaN	secant_max_iters_best	sign_change_pair	1.501317728	1.621317728	1.486317728	1.501317728	0.015000000	8	true	16	-0.816450399,0.840525984,-0.816300184,0.840801460,-0.816128404,0.841122587,-0.815925755,0.841511021,-0.815666931,0.842027117,0.815914748,-0.841459956,0.815703439,-0.841952386,-0.815874405,0.841551575	ok
0.631263	0.763928	1.501317728,0.000000000,1.412363589	maximum	continued_angle_secant_max_iters_best	0.535826710	0.557160490	NaN	secant_max_iters_best	sign_change_pair	1.501317728	1.621317728	1.486317728	1.501317728	0.015000000	8	true	16	-0.816710635,0.840542534,-0.816588172,0.840763218,-0.816447257,0.841021178,-0.816280448,0.841332915,-0.816069992,0.841738688,0.816206724,-0.841427811,-0.816013774,0.841850033,0.816269138,-0.841290635	ok
0.631263	0.766733	1.501317728,0.000000000,1.412363589	maximum	continued_angle_secant_max_iters_best	0.536029745	0.557944166	NaN	secant_max_iters_best	sign_change_pair	1.501317728	1.621317728	1.486317728	1.501317728	0.015000000	8	true	16	-0.816971088,0.840567689,-0.816877386,0.840733762,-0.816768824,0.840928552,-0.816639923,0.841163566,-0.816479376,0.841463133,0.816487206,-0.841428155,-0.816465309,0.841474643,0.816494317,-0.841413047	ok
0.631263	0.769539	1.501317728,0.000000000,1.412363589	maximum	continued_angle_secant_max_iters_best	0.536232979	0.558868606	NaN	secant_max_iters_best	sign_change_pair	1.501317728	1.621317728	1.486317728	1.501317728	0.015000000	8	true	16	-0.817231592,0.840601389,-0.817167460,0.840713308,-0.817092551,0.840845168,-0.817003374,0.841003901,-0.816893735,0.841202080,0.816749518,-0.841470023,-0.816926292,0.841107611,-0.816819382,0.841338839	ok
0.631263	0.772345	1.501317728,0.000000000,1.412363589	maximum	full_attractor_map_angle_secant_max_iters_best	0.536436115	0.560023482	NaN	secant_max_iters_best	sign_change_pair	1.495067728	1.545067728	1.495067728	1.501317728	0.006250000	8	true	16	-0.817491891,0.840643777,-0.817457833,0.840702363,-0.817417662,0.840771820,-0.817369707,0.840855225,-0.817311502,0.840957276,-0.817238848,0.841086058,-0.817142025,0.841260964,0.817222244,-0.841098995	ok
0.631263	0.775150			failed	NaN	NaN	NaN	failed	none	NaN	NaN	NaN	NaN	NaN	0	false	0		critical_fail
0.631263	0.777956			failed	NaN	NaN	NaN	failed	none	NaN	NaN	NaN	NaN	NaN	0	false	0		critical_fail
0.631263	0.780762			failed	NaN	NaN	NaN	failed	none	NaN	NaN	NaN	NaN	NaN	0	false	0		critical_fail
0.631263	0.783567			failed	NaN	NaN	NaN	failed	none	NaN	NaN	NaN	NaN	NaN	0	false	0		critical_fail
0.631263	0.786373			failed	NaN	NaN	NaN	failed	none	NaN	NaN	NaN	NaN	NaN	0	false	0		critical_fail
0.631263	0.789178			failed	NaN	NaN	NaN	failed	none	NaN	NaN	NaN	NaN	NaN	0	false	0		critical_fail
0.631263	0.791984			failed	NaN	NaN	NaN	failed	none	NaN	NaN	NaN	NaN	NaN	0	false	0		critical_fail
0.631263	0.794790			failed	NaN	NaN	NaN	failed	none	NaN	NaN	NaN	NaN	NaN	0	false	0		critical_fail
0.631263	0.797595			failed	NaN	NaN	NaN	failed	none	NaN	NaN	NaN	NaN	NaN	0	false	0		critical_fail
0.631263	0.800401			failed	NaN	NaN	NaN	failed	none	NaN	NaN	NaN	NaN	NaN	0	false	0		critical_fail
0.631263	0.803206			failed	NaN	NaN	NaN	failed	none	NaN	NaN	NaN	NaN	NaN	0	false	0		critical_fail
0.631263	0.806012			failed	NaN	NaN	NaN	failed	none	NaN	NaN	NaN	NaN	NaN	0	false	0		critical_fail
0.631263	0.808818			failed	NaN	NaN	NaN	failed	none	NaN	NaN	NaN	NaN	NaN	0	false	0		critical_fail
0.631263	0.811623			failed	NaN	NaN	NaN	failed	none	NaN	NaN	NaN	NaN	NaN	0	false	0		critical_fail
0.631263	0.814429			failed	NaN	NaN	NaN	failed	none	NaN	NaN	NaN	NaN	NaN	0	false	0		critical_fail
0.631263	0.817234			failed	NaN	NaN	NaN	failed	none	NaN	NaN	NaN	NaN	NaN	0	false	0		critical_fail
0.631263	0.820040			failed	NaN	NaN	NaN	failed	none	NaN	NaN	NaN	NaN	NaN	0	false	0		critical_fail
0.631263	0.822846			failed	NaN	NaN	NaN	failed	none	NaN	NaN	NaN	NaN	NaN	0	false	0		critical_fail
0.631263	0.825651			failed	NaN	NaN	NaN	failed	none	NaN	NaN	NaN	NaN	NaN	0	false	0		critical_fail
0.631263	0.828457			failed	NaN	NaN	NaN	failed	none	NaN	NaN	NaN	NaN	NaN	0	false	0		critical_fail
0.631263	0.831263			failed	NaN	NaN	NaN	failed	none	NaN	NaN	NaN	NaN	NaN	0	false	0		critical_fail
0.631263	0.834068			failed	NaN	NaN	NaN	failed	none	NaN	NaN	NaN	NaN	NaN	0	false	0		critical_fail
0.631263	0.836874			failed	NaN	NaN	NaN	failed	none	NaN	NaN	NaN	NaN	NaN	0	false	0		critical_fail
0.631263	0.839679			failed	NaN	NaN	NaN	failed	none	NaN	NaN	NaN	NaN	NaN	0	false	0		critical_fail
0.631263	0.842485			failed	NaN	NaN	NaN	failed	none	NaN	NaN	NaN	NaN	NaN	0	false	0		critical_fail
0.631263	0.845291			failed	NaN	NaN	NaN	failed	none	NaN	NaN	NaN	NaN	NaN	0	false	0		critical_fail
0.631263	0.848096			failed	NaN	NaN	NaN	failed	none	NaN	NaN	NaN	NaN	NaN	0	false	0		critical_fail
0.631263	0.850902			failed	NaN	NaN	NaN	failed	none	NaN	NaN	NaN	NaN	NaN	0	false	0		critical_fail
0.631263	0.853707			failed	NaN	NaN	NaN	failed	none	NaN	NaN	NaN	NaN	NaN	0	false	0		critical_fail
0.631263	0.856513			failed	NaN	NaN	NaN	failed	none	NaN	NaN	NaN	NaN	NaN	0	false	0		critical_fail
0.631263	0.859319			failed	NaN	NaN	NaN	failed	none	NaN	NaN	NaN	NaN	NaN	0	false	0		critical_fail
0.631263	0.862124			failed	NaN	NaN	NaN	failed	none	NaN	NaN	NaN	NaN	NaN	0	false	0		critical_fail
0.631263	0.864930			failed	NaN	NaN	NaN	failed	none	NaN	NaN	NaN	NaN	NaN	0	false	0		critical_fail
0.631263	0.867735			failed	NaN	NaN	NaN	failed	none	NaN	NaN	NaN	NaN	NaN	0	false	0		critical_fail
0.631263	0.870541			failed	NaN	NaN	NaN	failed	none	NaN	NaN	NaN	NaN	NaN	0	false	0		critical_fail
0.631263	0.873347			failed	NaN	NaN	NaN	failed	none	NaN	NaN	NaN	NaN	NaN	0	false	0		critical_fail
0.631263	0.876152			failed	NaN	NaN	NaN	failed	none	NaN	NaN	NaN	NaN	NaN	0	false	0		critical_fail
0.631263	0.878958			failed	NaN	NaN	NaN	failed	none	NaN	NaN	NaN	NaN	NaN	0	false	0		critical_fail
0.631263	0.881764			failed	NaN	NaN	NaN	failed	none	NaN	NaN	NaN	NaN	NaN	0	false	0		critical_fail
0.631263	0.884569			failed	NaN	NaN	NaN	failed	none	NaN	NaN	NaN	NaN	NaN	0	false	0		critical_fail
0.631263	0.887375			failed	NaN	NaN	NaN	failed	none	NaN	NaN	NaN	NaN	NaN	0	false	0		critical_fail
0.631263	0.890180			failed	NaN	NaN	NaN	failed	none	NaN	NaN	NaN	NaN	NaN	0	false	0		critical_fail
0.631263	0.892986			failed	NaN	NaN	NaN	failed	none	NaN	NaN	NaN	NaN	NaN	0	false	0		critical_fail
0.631263	0.895792			failed	NaN	NaN	NaN	failed	none	NaN	NaN	NaN	NaN	NaN	0	false	0		critical_fail
0.631263	0.898597			failed	NaN	NaN	NaN	failed	none	NaN	NaN	NaN	NaN	NaN	0	false	0		critical_fail
0.631263	0.901403			failed	NaN	NaN	NaN	failed	none	NaN	NaN	NaN	NaN	NaN	0	false	0		critical_fail
0.631263	0.904208			failed	NaN	NaN	NaN	failed	none	NaN	NaN	NaN	NaN	NaN	0	false	0		critical_fail
0.631263	0.907014			failed	NaN	NaN	NaN	failed	none	NaN	NaN	NaN	NaN	NaN	0	false	0		critical_fail
0.631263	0.909820			failed	NaN	NaN	NaN	failed	none	NaN	NaN	NaN	NaN	NaN	0	false	0		critical_fail
0.631263	0.912625			failed	NaN	NaN	NaN	failed	none	NaN	NaN	NaN	NaN	NaN	0	false	0		critical_fail
0.631263	0.915431			failed	NaN	NaN	NaN	failed	none	NaN	NaN	NaN	NaN	NaN	0	false	0		critical_fail
0.631263	0.918236			failed	NaN	NaN	NaN	failed	none	NaN	NaN	NaN	NaN	NaN	0	false	0		critical_fail
0.631263	0.921042			failed	NaN	NaN	NaN	failed	none	NaN	NaN	NaN	NaN	NaN	0	false	0		critical_fail
0.631263	0.923848			failed	NaN	NaN	NaN	failed	none	NaN	NaN	NaN	NaN	NaN	0	false	0		critical_fail
0.631263	0.926653			failed	NaN	NaN	NaN	failed	none	NaN	NaN	NaN	NaN	NaN	0	false	0		critical_fail
0.631263	0.929459			failed	NaN	NaN	NaN	failed	none	NaN	NaN	NaN	NaN	NaN	0	false	0		critical_fail
0.631263	0.932265			failed	NaN	NaN	NaN	failed	none	NaN	NaN	NaN	NaN	NaN	0	false	0		critical_fail
0.631263	0.935070			failed	NaN	NaN	NaN	failed	none	NaN	NaN	NaN	NaN	NaN	0	false	0		critical_fail
0.631263	0.937876			failed	NaN	NaN	NaN	failed	none	NaN	NaN	NaN	NaN	NaN	0	false	0		critical_fail
0.631263	0.940681			failed	NaN	NaN	NaN	failed	none	NaN	NaN	NaN	NaN	NaN	0	false	0		critical_fail
0.631263	0.943487			failed	NaN	NaN	NaN	failed	none	NaN	NaN	NaN	NaN	NaN	0	false	0		critical_fail
0.631263	0.946293			failed	NaN	NaN	NaN	failed	none	NaN	NaN	NaN	NaN	NaN	0	false	0		critical_fail
0.631263	0.949098			failed	NaN	NaN	NaN	failed	none	NaN	NaN	NaN	NaN	NaN	0	false	0		critical_fail
0.631263	0.951904			failed	NaN	NaN	NaN	failed	none	NaN	NaN	NaN	NaN	NaN	0	false	0		critical_fail
0.631263	0.954709			failed	NaN	NaN	NaN	failed	none	NaN	NaN	NaN	NaN	NaN	0	false	0		critical_fail
0.631263	0.957515			failed	NaN	NaN	NaN	failed	none	NaN	NaN	NaN	NaN	NaN	0	false	0		critical_fail
0.631263	0.960321			failed	NaN	NaN	NaN	failed	none	NaN	NaN	NaN	NaN	NaN	0	false	0		critical_fail
0.631263	0.963126			failed	NaN	NaN	NaN	failed	none	NaN	NaN	NaN	NaN	NaN	0	false	0		critical_fail
0.631263	0.965932			failed	NaN	NaN	NaN	failed	none	NaN	NaN	NaN	NaN	NaN	0	false	0		critical_fail
0.631263	0.968737			failed	NaN	NaN	NaN	failed	none	NaN	NaN	NaN	NaN	NaN	0	false	0		critical_fail
0.631263	0.971543			failed	NaN	NaN	NaN	failed	none	NaN	NaN	NaN	NaN	NaN	0	false	0		critical_fail
0.631263	0.974349			failed	NaN	NaN	NaN	failed	none	NaN	NaN	NaN	NaN	NaN	0	false	0		critical_fail
0.631263	0.977154			failed	NaN	NaN	NaN	failed	none	NaN	NaN	NaN	NaN	NaN	0	false	0		critical_fail
0.631263	0.979960			failed	NaN	NaN	NaN	failed	none	NaN	NaN	NaN	NaN	NaN	0	false	0		critical_fail
0.631263	0.982766			failed	NaN	NaN	NaN	failed	none	NaN	NaN	NaN	NaN	NaN	0	false	0		critical_fail
0.631263	0.985571			failed	NaN	NaN	NaN	failed	none	NaN	NaN	NaN	NaN	NaN	0	false	0		critical_fail
0.631263	0.988377			failed	NaN	NaN	NaN	failed	none	NaN	NaN	NaN	NaN	NaN	0	false	0		critical_fail
0.631263	0.991182			failed	NaN	NaN	NaN	failed	none	NaN	NaN	NaN	NaN	NaN	0	false	0		critical_fail
0.631263	0.993988			failed	NaN	NaN	NaN	failed	none	NaN	NaN	NaN	NaN	NaN	0	false	0		critical_fail
0.631263	0.996794			failed	NaN	NaN	NaN	failed	none	NaN	NaN	NaN	NaN	NaN	0	false	0		critical_fail
0.631263	0.999599			failed	NaN	NaN	NaN	failed	none	NaN	NaN	NaN	NaN	NaN	0	false	0		critical_fail
0.631263	1.002405			failed	NaN	NaN	NaN	failed	none	NaN	NaN	NaN	NaN	NaN	0	false	0		critical_fail
0.631263	1.005210			failed	NaN	NaN	NaN	failed	none	NaN	NaN	NaN	NaN	NaN	0	false	0		critical_fail
0.631263	1.008016			failed	NaN	NaN	NaN	failed	none	NaN	NaN	NaN	NaN	NaN	0	false	0		critical_fail
0.631263	1.010822			failed	NaN	NaN	NaN	failed	none	NaN	NaN	NaN	NaN	NaN	0	false	0		critical_fail
0.631263	1.013627			failed	NaN	NaN	NaN	failed	none	NaN	NaN	NaN	NaN	NaN	0	false	0		critical_fail
0.631263	1.016433			failed	NaN	NaN	NaN	failed	none	NaN	NaN	NaN	NaN	NaN	0	false	0		critical_fail
0.631263	1.019238			failed	NaN	NaN	NaN	failed	none	NaN	NaN	NaN	NaN	NaN	0	false	0		critical_fail
0.631263	1.022044			failed	NaN	NaN	NaN	failed	none	NaN	NaN	NaN	NaN	NaN	0	false	0		critical_fail
0.631263	1.024850			failed	NaN	NaN	NaN	failed	none	NaN	NaN	NaN	NaN	NaN	0	false	0		critical_fail
0.631263	1.027655			failed	NaN	NaN	NaN	failed	none	NaN	NaN	NaN	NaN	NaN	0	false	0		critical_fail
0.631263	1.030461			failed	NaN	NaN	NaN	failed	none	NaN	NaN	NaN	NaN	NaN	0	false	0		critical_fail
0.631263	1.033267			failed	NaN	NaN	NaN	failed	none	NaN	NaN	NaN	NaN	NaN	0	false	0		critical_fail
0.631263	1.036072			failed	NaN	NaN	NaN	failed	none	NaN	NaN	NaN	NaN	NaN	0	false	0		critical_fail
0.631263	1.038878			failed	NaN	NaN	NaN	failed	none	NaN	NaN	NaN	NaN	NaN	0	false	0		critical_fail
0.631263	1.041683			failed	NaN	NaN	NaN	failed	none	NaN	NaN	NaN	NaN	NaN	0	false	0		critical_fail
0.631263	1.044489			failed	NaN	NaN	NaN	failed	none	NaN	NaN	NaN	NaN	NaN	0	false	0		critical_fail
0.631263	1.047295			failed	NaN	NaN	NaN	failed	none	NaN	NaN	NaN	NaN	NaN	0	false	0		critical_fail
0.631263	1.050100			failed	NaN	NaN	NaN	failed	none	NaN	NaN	NaN	NaN	NaN	0	false	0		critical_fail
0.631263	1.052906			failed	NaN	NaN	NaN	failed	none	NaN	NaN	NaN	NaN	NaN	0	false	0		critical_fail
0.631263	1.055711			failed	NaN	NaN	NaN	failed	none	NaN	NaN	NaN	NaN	NaN	0	false	0		critical_fail
0.631263	1.058517			failed	NaN	NaN	NaN	failed	none	NaN	NaN	NaN	NaN	NaN	0	false	0		critical_fail
0.631263	1.061323			failed	NaN	NaN	NaN	failed	none	NaN	NaN	NaN	NaN	NaN	0	false	0		critical_fail
0.631263	1.064128			failed	NaN	NaN	NaN	failed	none	NaN	NaN	NaN	NaN	NaN	0	false	0		critical_fail
0.631263	1.066934			failed	NaN	NaN	NaN	failed	none	NaN	NaN	NaN	NaN	NaN	0	false	0		critical_fail
0.631263	1.069739			failed	NaN	NaN	NaN	failed	none	NaN	NaN	NaN	NaN	NaN	0	false	0		critical_fail
0.631263	1.072545			failed	NaN	NaN	NaN	failed	none	NaN	NaN	NaN	NaN	NaN	0	false	0		critical_fail
0.631263	1.075351			failed	NaN	NaN	NaN	failed	none	NaN	NaN	NaN	NaN	NaN	0	false	0		critical_fail
0.631263	1.078156			failed	NaN	NaN	NaN	failed	none	NaN	NaN	NaN	NaN	NaN	0	false	0		critical_fail
0.631263	1.080962			failed	NaN	NaN	NaN	failed	none	NaN	NaN	NaN	NaN	NaN	0	false	0		critical_fail
0.631263	1.083768			failed	NaN	NaN	NaN	failed	none	NaN	NaN	NaN	NaN	NaN	0	false	0		critical_fail
0.631263	1.086573			failed	NaN	NaN	NaN	failed	none	NaN	NaN	NaN	NaN	NaN	0	false	0		critical_fail
0.631263	1.089379			failed	NaN	NaN	NaN	failed	none	NaN	NaN	NaN	NaN	NaN	0	false	0		critical_fail
0.631263	1.092184			failed	NaN	NaN	NaN	failed	none	NaN	NaN	NaN	NaN	NaN	0	false	0		critical_fail
0.631263	1.094990			failed	NaN	NaN	NaN	failed	none	NaN	NaN	NaN	NaN	NaN	0	false	0		critical_fail
0.631263	1.097796			failed	NaN	NaN	NaN	failed	none	NaN	NaN	NaN	NaN	NaN	0	false	0		critical_fail
0.631263	1.100601			failed	NaN	NaN	NaN	failed	none	NaN	NaN	NaN	NaN	NaN	0	false	0		critical_fail
0.631263	1.103407			failed	NaN	NaN	NaN	failed	none	NaN	NaN	NaN	NaN	NaN	0	false	0		critical_fail
0.631263	1.106212			failed	NaN	NaN	NaN	failed	none	NaN	NaN	NaN	NaN	NaN	0	false	0		critical_fail
0.631263	1.109018			failed	NaN	NaN	NaN	failed	none	NaN	NaN	NaN	NaN	NaN	0	false	0		critical_fail
0.631263	1.111824			failed	NaN	NaN	NaN	failed	none	NaN	NaN	NaN	NaN	NaN	0	false	0		critical_fail
0.631263	1.114629			failed	NaN	NaN	NaN	failed	none	NaN	NaN	NaN	NaN	NaN	0	false	0		critical_fail
0.631263	1.117435			failed	NaN	NaN	NaN	failed	none	NaN	NaN	NaN	NaN	NaN	0	false	0		critical_fail
0.631263	1.120240			failed	NaN	NaN	NaN	failed	none	NaN	NaN	NaN	NaN	NaN	0	false	0		critical_fail
0.631263	1.123046			failed	NaN	NaN	NaN	failed	none	NaN	NaN	NaN	NaN	NaN	0	false	0		critical_fail
0.631263	1.125852			failed	NaN	NaN	NaN	failed	none	NaN	NaN	NaN	NaN	NaN	0	false	0		critical_fail
0.631263	1.128657			failed	NaN	NaN	NaN	failed	none	NaN	NaN	NaN	NaN	NaN	0	false	0		critical_fail
0.631263	1.131463			failed	NaN	NaN	NaN	failed	none	NaN	NaN	NaN	NaN	NaN	0	false	0		critical_fail
0.631263	1.134269			failed	NaN	NaN	NaN	failed	none	NaN	NaN	NaN	NaN	NaN	0	false	0		critical_fail
0.631263	1.137074			failed	NaN	NaN	NaN	failed	none	NaN	NaN	NaN	NaN	NaN	0	false	0		critical_fail
0.631263	1.139880			failed	NaN	NaN	NaN	failed	none	NaN	NaN	NaN	NaN	NaN	0	false	0		critical_fail
0.631263	1.142685			failed	NaN	NaN	NaN	failed	none	NaN	NaN	NaN	NaN	NaN	0	false	0		critical_fail
0.631263	1.145491			failed	NaN	NaN	NaN	failed	none	NaN	NaN	NaN	NaN	NaN	0	false	0		critical_fail
0.631263	1.148297			failed	NaN	NaN	NaN	failed	none	NaN	NaN	NaN	NaN	NaN	0	false	0		critical_fail
0.631263	1.151102			failed	NaN	NaN	NaN	failed	none	NaN	NaN	NaN	NaN	NaN	0	false	0		critical_fail
0.631263	1.153908			failed	NaN	NaN	NaN	failed	none	NaN	NaN	NaN	NaN	NaN	0	false	0		critical_fail
0.631263	1.156713			failed	NaN	NaN	NaN	failed	none	NaN	NaN	NaN	NaN	NaN	0	false	0		critical_fail
0.631263	1.159519			failed	NaN	NaN	NaN	failed	none	NaN	NaN	NaN	NaN	NaN	0	false	0		critical_fail
0.631263	1.162325			failed	NaN	NaN	NaN	failed	none	NaN	NaN	NaN	NaN	NaN	0	false	0		critical_fail
0.631263	1.165130			failed	NaN	NaN	NaN	failed	none	NaN	NaN	NaN	NaN	NaN	0	false	0		critical_fail
0.631263	1.167936			failed	NaN	NaN	NaN	failed	none	NaN	NaN	NaN	NaN	NaN	0	false	0		critical_fail
0.631263	1.170741			failed	NaN	NaN	NaN	failed	none	NaN	NaN	NaN	NaN	NaN	0	false	0		critical_fail
0.631263	1.173547			failed	NaN	NaN	NaN	failed	none	NaN	NaN	NaN	NaN	NaN	0	false	0		critical_fail
0.631263	1.176353			failed	NaN	NaN	NaN	failed	none	NaN	NaN	NaN	NaN	NaN	0	false	0		critical_fail
0.631263	1.179158			failed	NaN	NaN	NaN	failed	none	NaN	NaN	NaN	NaN	NaN	0	false	0		critical_fail
0.631263	1.181964			failed	NaN	NaN	NaN	failed	none	NaN	NaN	NaN	NaN	NaN	0	false	0		critical_fail
0.631263	1.184770			failed	NaN	NaN	NaN	failed	none	NaN	NaN	NaN	NaN	NaN	0	false	0		critical_fail
0.631263	1.187575			failed	NaN	NaN	NaN	failed	none	NaN	NaN	NaN	NaN	NaN	0	false	0		critical_fail
0.631263	1.190381			failed	NaN	NaN	NaN	failed	none	NaN	NaN	NaN	NaN	NaN	0	false	0		critical_fail
0.631263	1.193186			failed	NaN	NaN	NaN	failed	none	NaN	NaN	NaN	NaN	NaN	0	false	0		critical_fail
0.631263	1.195992			failed	NaN	NaN	NaN	failed	none	NaN	NaN	NaN	NaN	NaN	0	false	0		critical_fail
0.631263	1.198798			failed	NaN	NaN	NaN	failed	none	NaN	NaN	NaN	NaN	NaN	0	false	0		critical_fail
0.631263	1.201603			failed	NaN	NaN	NaN	failed	none	NaN	NaN	NaN	NaN	NaN	0	false	0		critical_fail
0.631263	1.204409			failed	NaN	NaN	NaN	failed	none	NaN	NaN	NaN	NaN	NaN	0	false	0		critical_fail
0.631263	1.207214			failed	NaN	NaN	NaN	failed	none	NaN	NaN	NaN	NaN	NaN	0	false	0		critical_fail
0.631263	1.210020			failed	NaN	NaN	NaN	failed	none	NaN	NaN	NaN	NaN	NaN	0	false	0		critical_fail
0.631263	1.212826			failed	NaN	NaN	NaN	failed	none	NaN	NaN	NaN	NaN	NaN	0	false	0		critical_fail
0.631263	1.215631			failed	NaN	NaN	NaN	failed	none	NaN	NaN	NaN	NaN	NaN	0	false	0		critical_fail
0.631263	1.218437			failed	NaN	NaN	NaN	failed	none	NaN	NaN	NaN	NaN	NaN	0	false	0		critical_fail
0.631263	1.221242			failed	NaN	NaN	NaN	failed	none	NaN	NaN	NaN	NaN	NaN	0	false	0		critical_fail
0.631263	1.224048			failed	NaN	NaN	NaN	failed	none	NaN	NaN	NaN	NaN	NaN	0	false	0		critical_fail
0.631263	1.226854			failed	NaN	NaN	NaN	failed	none	NaN	NaN	NaN	NaN	NaN	0	false	0		critical_fail
0.631263	1.229659			failed	NaN	NaN	NaN	failed	none	NaN	NaN	NaN	NaN	NaN	0	false	0		critical_fail
0.631263	1.232465			failed	NaN	NaN	NaN	failed	none	NaN	NaN	NaN	NaN	NaN	0	false	0		critical_fail
0.631263	1.235271			failed	NaN	NaN	NaN	failed	none	NaN	NaN	NaN	NaN	NaN	0	false	0		critical_fail
0.631263	1.238076			failed	NaN	NaN	NaN	failed	none	NaN	NaN	NaN	NaN	NaN	0	false	0		critical_fail
0.631263	1.240882			failed	NaN	NaN	NaN	failed	none	NaN	NaN	NaN	NaN	NaN	0	false	0		critical_fail
0.631263	1.243687			failed	NaN	NaN	NaN	failed	none	NaN	NaN	NaN	NaN	NaN	0	false	0		critical_fail
0.631263	1.246493			failed	NaN	NaN	NaN	failed	none	NaN	NaN	NaN	NaN	NaN	0	false	0		critical_fail
0.631263	1.249299			failed	NaN	NaN	NaN	failed	none	NaN	NaN	NaN	NaN	NaN	0	false	0		critical_fail
0.631263	1.252104			failed	NaN	NaN	NaN	failed	none	NaN	NaN	NaN	NaN	NaN	0	false	0		critical_fail
0.631263	1.254910			failed	NaN	NaN	NaN	failed	none	NaN	NaN	NaN	NaN	NaN	0	false	0		critical_fail
0.631263	1.257715			failed	NaN	NaN	NaN	failed	none	NaN	NaN	NaN	NaN	NaN	0	false	0		critical_fail
0.631263	1.260521			failed	NaN	NaN	NaN	failed	none	NaN	NaN	NaN	NaN	NaN	0	false	0		critical_fail
0.631263	1.263327			failed	NaN	NaN	NaN	failed	none	NaN	NaN	NaN	NaN	NaN	0	false	0		critical_fail
0.631263	1.266132			failed	NaN	NaN	NaN	failed	none	NaN	NaN	NaN	NaN	NaN	0	false	0		critical_fail
0.631263	1.268938			failed	NaN	NaN	NaN	failed	none	NaN	NaN	NaN	NaN	NaN	0	false	0		critical_fail
0.631263	1.271743			failed	NaN	NaN	NaN	failed	none	NaN	NaN	NaN	NaN	NaN	0	false	0		critical_fail
0.631263	1.274549			failed	NaN	NaN	NaN	failed	none	NaN	NaN	NaN	NaN	NaN	0	false	0		critical_fail
0.631263	1.277355			failed	NaN	NaN	NaN	failed	none	NaN	NaN	NaN	NaN	NaN	0	false	0		critical_fail
0.631263	1.280160			failed	NaN	NaN	NaN	failed	none	NaN	NaN	NaN	NaN	NaN	0	false	0		critical_fail
0.631263	1.282966			failed	NaN	NaN	NaN	failed	none	NaN	NaN	NaN	NaN	NaN	0	false	0		critical_fail
0.631263	1.285772			failed	NaN	NaN	NaN	failed	none	NaN	NaN	NaN	NaN	NaN	0	false	0		critical_fail
0.631263	1.288577			failed	NaN	NaN	NaN	failed	none	NaN	NaN	NaN	NaN	NaN	0	false	0		critical_fail
0.631263	1.291383			failed	NaN	NaN	NaN	failed	none	NaN	NaN	NaN	NaN	NaN	0	false	0		critical_fail
0.631263	1.294188			failed	NaN	NaN	NaN	failed	none	NaN	NaN	NaN	NaN	NaN	0	false	0		critical_fail
0.631263	1.296994			failed	NaN	NaN	NaN	failed	none	NaN	NaN	NaN	NaN	NaN	0	false	0		critical_fail
0.631263	1.299800			failed	NaN	NaN	NaN	failed	none	NaN	NaN	NaN	NaN	NaN	0	false	0		critical_fail
0.631263	1.302605			failed	NaN	NaN	NaN	failed	none	NaN	NaN	NaN	NaN	NaN	0	false	0		critical_fail
0.631263	1.305411			failed	NaN	NaN	NaN	failed	none	NaN	NaN	NaN	NaN	NaN	0	false	0		critical_fail
0.631263	1.308216			failed	NaN	NaN	NaN	failed	none	NaN	NaN	NaN	NaN	NaN	0	false	0		critical_fail
0.631263	1.311022			failed	NaN	NaN	NaN	failed	none	NaN	NaN	NaN	NaN	NaN	0	false	0		critical_fail
0.631263	1.313828			failed	NaN	NaN	NaN	failed	none	NaN	NaN	NaN	NaN	NaN	0	false	0		critical_fail
0.631263	1.316633			failed	NaN	NaN	NaN	failed	none	NaN	NaN	NaN	NaN	NaN	0	false	0		critical_fail
0.631263	1.319439			failed	NaN	NaN	NaN	failed	none	NaN	NaN	NaN	NaN	NaN	0	false	0		critical_fail
0.631263	1.322244			failed	NaN	NaN	NaN	failed	none	NaN	NaN	NaN	NaN	NaN	0	false	0		critical_fail
0.631263	1.325050			failed	NaN	NaN	NaN	failed	none	NaN	NaN	NaN	NaN	NaN	0	false	0		critical_fail
0.631263	1.327856			failed	NaN	NaN	NaN	failed	none	NaN	NaN	NaN	NaN	NaN	0	false	0		critical_fail
0.631263	1.330661			failed	NaN	NaN	NaN	failed	none	NaN	NaN	NaN	NaN	NaN	0	false	0		critical_fail
0.631263	1.333467			failed	NaN	NaN	NaN	failed	none	NaN	NaN	NaN	NaN	NaN	0	false	0		critical_fail
0.631263	1.336273			failed	NaN	NaN	NaN	failed	none	NaN	NaN	NaN	NaN	NaN	0	false	0		critical_fail
0.631263	1.339078			failed	NaN	NaN	NaN	failed	none	NaN	NaN	NaN	NaN	NaN	0	false	0		critical_fail
0.631263	1.341884			failed	NaN	NaN	NaN	failed	none	NaN	NaN	NaN	NaN	NaN	0	false	0		critical_fail
0.631263	1.344689			failed	NaN	NaN	NaN	failed	none	NaN	NaN	NaN	NaN	NaN	0	false	0		critical_fail
0.631263	1.347495			failed	NaN	NaN	NaN	failed	none	NaN	NaN	NaN	NaN	NaN	0	false	0		critical_fail
0.631263	1.350301			failed	NaN	NaN	NaN	failed	none	NaN	NaN	NaN	NaN	NaN	0	false	0		critical_fail
0.631263	1.353106			failed	NaN	NaN	NaN	failed	none	NaN	NaN	NaN	NaN	NaN	0	false	0		critical_fail
0.631263	1.355912			failed	NaN	NaN	NaN	failed	none	NaN	NaN	NaN	NaN	NaN	0	false	0		critical_fail
0.631263	1.358717			failed	NaN	NaN	NaN	failed	none	NaN	NaN	NaN	NaN	NaN	0	false	0		critical_fail
0.631263	1.361523			failed	NaN	NaN	NaN	failed	none	NaN	NaN	NaN	NaN	NaN	0	false	0		critical_fail
0.631263	1.364329			failed	NaN	NaN	NaN	failed	none	NaN	NaN	NaN	NaN	NaN	0	false	0		critical_fail
0.631263	1.367134			failed	NaN	NaN	NaN	failed	none	NaN	NaN	NaN	NaN	NaN	0	false	0		critical_fail
0.631263	1.369940			failed	NaN	NaN	NaN	failed	none	NaN	NaN	NaN	NaN	NaN	0	false	0		critical_fail
0.631263	1.372745			failed	NaN	NaN	NaN	failed	none	NaN	NaN	NaN	NaN	NaN	0	false	0		critical_fail
0.631263	1.375551			failed	NaN	NaN	NaN	failed	none	NaN	NaN	NaN	NaN	NaN	0	false	0		critical_fail
0.631263	1.378357			failed	NaN	NaN	NaN	failed	none	NaN	NaN	NaN	NaN	NaN	0	false	0		critical_fail
0.631263	1.381162			failed	NaN	NaN	NaN	failed	none	NaN	NaN	NaN	NaN	NaN	0	false	0		critical_fail
0.631263	1.383968			failed	NaN	NaN	NaN	failed	none	NaN	NaN	NaN	NaN	NaN	0	false	0		critical_fail
0.631263	1.386774			failed	NaN	NaN	NaN	failed	none	NaN	NaN	NaN	NaN	NaN	0	false	0		critical_fail
0.631263	1.389579			failed	NaN	NaN	NaN	failed	none	NaN	NaN	NaN	NaN	NaN	0	false	0		critical_fail
0.631263	1.392385			failed	NaN	NaN	NaN	failed	none	NaN	NaN	NaN	NaN	NaN	0	false	0		critical_fail
0.631263	1.395190			failed	NaN	NaN	NaN	failed	none	NaN	NaN	NaN	NaN	NaN	0	false	0		critical_fail
0.631263	1.397996			failed	NaN	NaN	NaN	failed	none	NaN	NaN	NaN	NaN	NaN	0	false	0		critical_fail
0.631263	1.400802			failed	NaN	NaN	NaN	failed	none	NaN	NaN	NaN	NaN	NaN	0	false	0		critical_fail
0.631263	1.403607			failed	NaN	NaN	NaN	failed	none	NaN	NaN	NaN	NaN	NaN	0	false	0		critical_fail
0.631263	1.406413			failed	NaN	NaN	NaN	failed	none	NaN	NaN	NaN	NaN	NaN	0	false	0		critical_fail
0.631263	1.409218			failed	NaN	NaN	NaN	failed	none	NaN	NaN	NaN	NaN	NaN	0	false	0		critical_fail
0.631263	1.412024			failed	NaN	NaN	NaN	failed	none	NaN	NaN	NaN	NaN	NaN	0	false	0		critical_fail
0.631263	1.414830			failed	NaN	NaN	NaN	failed	none	NaN	NaN	NaN	NaN	NaN	0	false	0		critical_fail
0.631263	1.417635			failed	NaN	NaN	NaN	failed	none	NaN	NaN	NaN	NaN	NaN	0	false	0		critical_fail
0.631263	1.420441			failed	NaN	NaN	NaN	failed	none	NaN	NaN	NaN	NaN	NaN	0	false	0		critical_fail
0.631263	1.423246			failed	NaN	NaN	NaN	failed	none	NaN	NaN	NaN	NaN	NaN	0	false	0		critical_fail
0.631263	1.426052			failed	NaN	NaN	NaN	failed	none	NaN	NaN	NaN	NaN	NaN	0	false	0		critical_fail
0.631263	1.428858			failed	NaN	NaN	NaN	failed	none	NaN	NaN	NaN	NaN	NaN	0	false	0		critical_fail
0.631263	1.431663			failed	NaN	NaN	NaN	failed	none	NaN	NaN	NaN	NaN	NaN	0	false	0		critical_fail
0.631263	1.434469			failed	NaN	NaN	NaN	failed	none	NaN	NaN	NaN	NaN	NaN	0	false	0		critical_fail
0.631263	1.437275			failed	NaN	NaN	NaN	failed	none	NaN	NaN	NaN	NaN	NaN	0	false	0		critical_fail
0.631263	1.440080			failed	NaN	NaN	NaN	failed	none	NaN	NaN	NaN	NaN	NaN	0	false	0		critical_fail
0.631263	1.442886			failed	NaN	NaN	NaN	failed	none	NaN	NaN	NaN	NaN	NaN	0	false	0		critical_fail
0.631263	1.445691			failed	NaN	NaN	NaN	failed	none	NaN	NaN	NaN	NaN	NaN	0	false	0		critical_fail
0.631263	1.448497			failed	NaN	NaN	NaN	failed	none	NaN	NaN	NaN	NaN	NaN	0	false	0		critical_fail
0.631263	1.451303			failed	NaN	NaN	NaN	failed	none	NaN	NaN	NaN	NaN	NaN	0	false	0		critical_fail
0.631263	1.454108			failed	NaN	NaN	NaN	failed	none	NaN	NaN	NaN	NaN	NaN	0	false	0		critical_fail
0.631263	1.456914			failed	NaN	NaN	NaN	failed	none	NaN	NaN	NaN	NaN	NaN	0	false	0		critical_fail
0.631263	1.459719			failed	NaN	NaN	NaN	failed	none	NaN	NaN	NaN	NaN	NaN	0	false	0		critical_fail
0.631263	1.462525			failed	NaN	NaN	NaN	failed	none	NaN	NaN	NaN	NaN	NaN	0	false	0		critical_fail
0.631263	1.465331			failed	NaN	NaN	NaN	failed	none	NaN	NaN	NaN	NaN	NaN	0	false	0		critical_fail
0.631263	1.468136			failed	NaN	NaN	NaN	failed	none	NaN	NaN	NaN	NaN	NaN	0	false	0		critical_fail
0.631263	1.470942			failed	NaN	NaN	NaN	failed	none	NaN	NaN	NaN	NaN	NaN	0	false	0		critical_fail
0.631263	1.473747			failed	NaN	NaN	NaN	failed	none	NaN	NaN	NaN	NaN	NaN	0	false	0		critical_fail
0.631263	1.476553			failed	NaN	NaN	NaN	failed	none	NaN	NaN	NaN	NaN	NaN	0	false	0		critical_fail
0.631263	1.479359			failed	NaN	NaN	NaN	failed	none	NaN	NaN	NaN	NaN	NaN	0	false	0		critical_fail
0.631263	1.482164			failed	NaN	NaN	NaN	failed	none	NaN	NaN	NaN	NaN	NaN	0	false	0		critical_fail
0.631263	1.484970			failed	NaN	NaN	NaN	failed	none	NaN	NaN	NaN	NaN	NaN	0	false	0		critical_fail
0.631263	1.487776			failed	NaN	NaN	NaN	failed	none	NaN	NaN	NaN	NaN	NaN	0	false	0		critical_fail
0.631263	1.490581			failed	NaN	NaN	NaN	failed	none	NaN	NaN	NaN	NaN	NaN	0	false	0		critical_fail
0.631263	1.493387			failed	NaN	NaN	NaN	failed	none	NaN	NaN	NaN	NaN	NaN	0	false	0		critical_fail
0.631263	1.496192			failed	NaN	NaN	NaN	failed	none	NaN	NaN	NaN	NaN	NaN	0	false	0		critical_fail
0.631263	1.498998			failed	NaN	NaN	NaN	failed	none	NaN	NaN	NaN	NaN	NaN	0	false	0		critical_fail
0.631263	1.501804			failed	NaN	NaN	NaN	failed	none	NaN	NaN	NaN	NaN	NaN	0	false	0		critical_fail
0.631263	1.504609			failed	NaN	NaN	NaN	failed	none	NaN	NaN	NaN	NaN	NaN	0	false	0		critical_fail
0.631263	1.507415			failed	NaN	NaN	NaN	failed	none	NaN	NaN	NaN	NaN	NaN	0	false	0		critical_fail
0.631263	1.510220			failed	NaN	NaN	NaN	failed	none	NaN	NaN	NaN	NaN	NaN	0	false	0		critical_fail
0.631263	1.513026			failed	NaN	NaN	NaN	failed	none	NaN	NaN	NaN	NaN	NaN	0	false	0		critical_fail
0.631263	1.515832			failed	NaN	NaN	NaN	failed	none	NaN	NaN	NaN	NaN	NaN	0	false	0		critical_fail
0.631263	1.518637			failed	NaN	NaN	NaN	failed	none	NaN	NaN	NaN	NaN	NaN	0	false	0		critical_fail
0.631263	1.521443			failed	NaN	NaN	NaN	failed	none	NaN	NaN	NaN	NaN	NaN	0	false	0		critical_fail
0.631263	1.524248			failed	NaN	NaN	NaN	failed	none	NaN	NaN	NaN	NaN	NaN	0	false	0		critical_fail
0.631263	1.527054			failed	NaN	NaN	NaN	failed	none	NaN	NaN	NaN	NaN	NaN	0	false	0		critical_fail
0.631263	1.529860			failed	NaN	NaN	NaN	failed	none	NaN	NaN	NaN	NaN	NaN	0	false	0		critical_fail
0.631263	1.532665			failed	NaN	NaN	NaN	failed	none	NaN	NaN	NaN	NaN	NaN	0	false	0		critical_fail
0.631263	1.535471			failed	NaN	NaN	NaN	failed	none	NaN	NaN	NaN	NaN	NaN	0	false	0		critical_fail
0.631263	1.538277			failed	NaN	NaN	NaN	failed	none	NaN	NaN	NaN	NaN	NaN	0	false	0		critical_fail
0.631263	1.541082			failed	NaN	NaN	NaN	failed	none	NaN	NaN	NaN	NaN	NaN	0	false	0		critical_fail
0.631263	1.543888			failed	NaN	NaN	NaN	failed	none	NaN	NaN	NaN	NaN	NaN	0	false	0		critical_fail
0.631263	1.546693			failed	NaN	NaN	NaN	failed	none	NaN	NaN	NaN	NaN	NaN	0	false	0		critical_fail
0.631263	1.549499			failed	NaN	NaN	NaN	failed	none	NaN	NaN	NaN	NaN	NaN	0	false	0		critical_fail
0.631263	1.552305			failed	NaN	NaN	NaN	failed	none	NaN	NaN	NaN	NaN	NaN	0	false	0		critical_fail
0.631263	1.555110			failed	NaN	NaN	NaN	failed	none	NaN	NaN	NaN	NaN	NaN	0	false	0		critical_fail
0.631263	1.557916			failed	NaN	NaN	NaN	failed	none	NaN	NaN	NaN	NaN	NaN	0	false	0		critical_fail
0.631263	1.560721			failed	NaN	NaN	NaN	failed	none	NaN	NaN	NaN	NaN	NaN	0	false	0		critical_fail
0.631263	1.563527			failed	NaN	NaN	NaN	failed	none	NaN	NaN	NaN	NaN	NaN	0	false	0		critical_fail
0.631263	1.566333			failed	NaN	NaN	NaN	failed	none	NaN	NaN	NaN	NaN	NaN	0	false	0		critical_fail
0.631263	1.569138			failed	NaN	NaN	NaN	failed	none	NaN	NaN	NaN	NaN	NaN	0	false	0		critical_fail
0.631263	1.571944			failed	NaN	NaN	NaN	failed	none	NaN	NaN	NaN	NaN	NaN	0	false	0		critical_fail
0.631263	1.574749			failed	NaN	NaN	NaN	failed	none	NaN	NaN	NaN	NaN	NaN	0	false	0		critical_fail
0.631263	1.577555			failed	NaN	NaN	NaN	failed	none	NaN	NaN	NaN	NaN	NaN	0	false	0		critical_fail
0.631263	1.580361			failed	NaN	NaN	NaN	failed	none	NaN	NaN	NaN	NaN	NaN	0	false	0		critical_fail
0.631263	1.583166			failed	NaN	NaN	NaN	failed	none	NaN	NaN	NaN	NaN	NaN	0	false	0		critical_fail
0.631263	1.585972			failed	NaN	NaN	NaN	failed	none	NaN	NaN	NaN	NaN	NaN	0	false	0		critical_fail
0.631263	1.588778			failed	NaN	NaN	NaN	failed	none	NaN	NaN	NaN	NaN	NaN	0	false	0		critical_fail
0.631263	1.591583			failed	NaN	NaN	NaN	failed	none	NaN	NaN	NaN	NaN	NaN	0	false	0		critical_fail
0.631263	1.594389			failed	NaN	NaN	NaN	failed	none	NaN	NaN	NaN	NaN	NaN	0	false	0		critical_fail
0.631263	1.597194			failed	NaN	NaN	NaN	failed	none	NaN	NaN	NaN	NaN	NaN	0	false	0		critical_fail
0.631263	1.600000			failed	NaN	NaN	NaN	failed	none	NaN	NaN	NaN	NaN	NaN	0	false	0		critical_fail
