alpha	lambda	critical_state	critical_kind	critical_source	critical_theta	critical_theta_dx	critical_theta_dxx	critical_refine_mode	critical_scan_mode	critical_refine_input_x	critical_scan_best_x	critical_scan_left_x	critical_scan_right_x	critical_scan_spacing	critical_trace_len	critical_bracketed	absxmax_count	absxmax_dot_values	status
0.577956	0.200000	1.106231145,0.000000000,1.429162562	maximum	continued_angle_secant_max_iters_best	1.387785811	-1.396190265	NaN	secant_max_iters_best	sign_change_pair	1.106231145	1.226231145	1.106231145	1.121231145	0.015000000	8	true	16	0.754153759,0.440471281,0.387938101,0.373206747,0.367782607,0.365004793,0.363115342,0.361624019,0.360376838,0.359311750,0.358394458,0.357601024,0.356912739,0.356314362,0.355793199,0.355338572	ok
0.577956	0.202806	1.106231145,0.000000000,1.429162562	maximum	continued_angle_secant_max_iters_best	1.389049549	-1.443371359	NaN	secant_max_iters_best	sign_change_pair	1.125830029	1.245830029	1.095830029	1.110830029	0.015000000	8	true	16	0.754702989,0.441158852,0.389036460,0.374708784,0.369625974,0.367133604,0.365488643,0.364211511,0.363154609,0.362259925,0.361495955,0.360840838,0.360277604,0.359792418,0.359373787,0.359012102	ok
0.577956	0.205611	1.125830029,0.000000000,1.429162562	maximum	continued_angle_secant_max_iters_best	0.188495557	1.456888672	NaN	secant_max_iters_best	sign_change_pair	1.110830029	1.005830029	1.110830029	1.125830029	0.015000000	8	true	16	-0.759018162,-0.443427608,-0.391678614,-0.377679070,-0.372760823,-0.370354019,-0.368768915,-0.367546106,-0.366543490,-0.365703576,-0.364994108,-0.364392405,-0.363880824,-0.363445017,-0.363073207,-0.362755563	ok
0.577956	0.208417	1.110830029,0.000000000,1.429162562	maximum	continued_angle_secant_max_iters_best	1.385008491	-1.411630199	NaN	secant_max_iters_best	sign_change_pair	1.130201042	1.250201042	1.100201042	1.115201042	0.015000000	8	true	16	0.755329267,0.440982797,0.389383922,0.375867625,0.371632969,0.369912595,0.368939662,0.368242190,0.367686081,0.367225755,0.366839892,0.366514984,0.366240791,0.366009120,0.365813188,0.365647349	ok
0.577956	0.211222	1.130201042,0.000000000,1.429162562	maximum	continued_angle_secant_max_iters_best	0.193653366	1.435911163	NaN	secant_max_iters_best	sign_change_pair	1.130201042	1.250201042	1.115201042	1.130201042	0.015000000	8	true	16	-0.759860801,-0.443711525,-0.392551679,-0.379337134,-0.375183934,-0.373450394,-0.372442145,-0.371712956,-0.371134592,-0.370661039,-0.370269114,-0.369943402,-0.369672198,-0.369446075,-0.369257345,-0.369099764	ok
0.577956	0.214028	1.130201042,0.000000000,1.429162562	maximum	continued_angle_secant_max_iters_best	0.193075217	1.449542727	NaN	secant_max_iters_best	sign_change_pair	1.115201042	1.235201042	1.115201042	1.130201042	0.015000000	8	true	16	-0.759894840,-0.443554049,-0.392654450,-0.379832574,-0.376086966,-0.374718322,-0.374020714,-0.373552614,-0.373193613,-0.372904759,-0.372668699,-0.372474790,-0.372315199,-0.372183713,-0.372075299,-0.371985915	ok
0.577956	0.216834	1.115201042,0.000000000,1.429162562	maximum	continued_angle_secant_max_iters_best	1.382581404	-1.414948835	NaN	secant_max_iters_best	sign_change_pair	1.134684718	1.254684718	1.104684718	1.119684718	0.015000000	8	true	16	0.756531034,0.441502521,0.390797888,0.378443841,0.375331289,0.374584605,0.374429516,0.374415116,0.374430457,0.374449399,0.374466344,0.374480493,0.374492118,0.374501599,0.374509321,0.374515622	ok
0.577956	0.219639	1.134684718,0.000000000,1.429162562	maximum	continued_angle_secant_max_iters_best	0.198375747	1.427141539	NaN	secant_max_iters_best	sign_change_pair	1.119684718	1.239684718	1.119684718	1.134684718	0.015000000	8	true	16	-0.760759620,-0.443826778,-0.393475217,-0.381388127,-0.378348623,-0.377584204,-0.377385342,-0.377325937,-0.377301956,-0.377288280,-0.377278584,-0.377271099,-0.377265161,-0.377260414,-0.377256596,-0.377253552	ok
0.577956	0.222445	1.119684718,0.000000000,1.429162562	maximum	continued_angle_secant_max_iters_best	1.378774332	-1.386127503	NaN	secant_max_iters_best	sign_change_pair	1.137401267	1.257401267	1.107401267	1.122401267	0.015000000	8	true	16	0.757167764,0.441330743,0.391103079,0.379494711,0.377146893,0.377066664,0.377457141,0.377879639,0.378242290,0.378536495,0.378771279,0.378957622,0.379105185,0.379221947,0.379314260,0.379387215	ok
0.577956	0.225251	1.137401267,0.000000000,1.429162562	maximum	continued_angle_secant_max_iters_best	0.201129027	1.424330247	NaN	secant_max_iters_best	sign_change_pair	1.122401267	1.242401267	1.122401267	1.137401267	0.015000000	8	true	16	-0.761313476,-0.443846112,-0.393990370,-0.382602749,-0.380245159,-0.380055546,-0.380315777,-0.380616798,-0.380874406,-0.381080311,-0.381241780,-0.381367621,-0.381465498,-0.381541572,-0.381600663,-0.381646537	ok
0.577956	0.228056	1.122401267,0.000000000,1.429162562	maximum	continued_angle_secant_max_iters_best	1.377456191	-1.393164134	NaN	secant_max_iters_best	sign_change_pair	1.141808049	1.261808049	1.111808049	1.126808049	0.015000000	8	true	16	0.757991318,0.441707786,0.392023878,0.381098981,0.379373093,0.379787866,0.380551035,0.381247723,0.381809523,0.382246941,0.382583627,0.382841708,0.383039152,0.383190063,0.383305303,0.383393273	ok
0.577956	0.230862	1.141808049,0.000000000,1.429162562	maximum	continued_angle_secant_max_iters_best	0.206265829	1.403465917	NaN	secant_max_iters_best	sign_change_pair	1.126808049	1.246808049	1.126808049	1.141808049	0.015000000	8	true	16	-0.762160439,-0.444062893,-0.394676980,-0.383915936,-0.382131049,-0.382391986,-0.382985780,-0.383527740,-0.383957399,-0.384285138,-0.384532231,-0.384717750,-0.384856863,-0.384961084,-0.385039142,-0.385097622	ok
0.577956	0.233667	1.126808049,0.000000000,1.429162562	maximum	continued_angle_secant_max_iters_best	1.373810154	-1.365375679	NaN	secant_max_iters_best	sign_change_pair	1.126808049	1.246808049	1.126808049	1.141808049	0.015000000	8	true	16	0.758633876,0.441529844,0.392268184,0.381993283,0.380896111,0.381806485,0.382922710,0.383857190,0.384572899,0.385106159,0.385499775,0.385789300,0.386002027,0.386158215,0.386272901,0.386357081	ok
0.577956	0.236473	1.126808049,0.000000000,1.429162562	maximum	continued_angle_secant_max_iters_best	1.375036872	-1.389851669	NaN	secant_max_iters_best	sign_change_pair	1.146351682	1.266351682	1.116351682	1.131351682	0.015000000	8	true	16	0.759192188,0.442097906,0.393128809,0.383108570,0.382164938,0.383142326,0.384269725,0.385184553,0.385866304,0.386361120,0.386717280,0.386972990,0.387156523,0.387288299,0.387382945,0.387450967	ok
0.577956	0.239279	1.146351682,0.000000000,1.429162562	maximum	continued_angle_secant_max_iters_best	0.211030984	1.394165743	NaN	secant_max_iters_best	sign_change_pair	1.131351682	1.251351682	1.131351682	1.146351682	0.015000000	8	true	16	-0.763077644,-0.444086973,-0.395300757,-0.385347650,-0.384263977,-0.385016866,-0.385916124,-0.386631349,-0.387149624,-0.387515141,-0.387771109,-0.387950150,-0.388075544,-0.388163476,-0.388225201,-0.388268612	ok
0.577956	0.242084	1.131351682,0.000000000,1.429162562	maximum	continued_angle_secant_max_iters_best	1.371222950	-1.368815530	NaN	secant_max_iters_best	sign_change_pair	1.150687385	1.270687385	1.120687385	1.135687385	0.015000000	8	true	16	0.759821958,0.441892562,0.393285793,0.383800918,0.383315257,0.384578072,0.385836773,0.386780997,0.387436748,0.387881566,0.388181792,0.388384738,0.388522381,0.388616117,0.388680181,0.388724050	ok
0.577956	0.244890	1.150687385,0.000000000,1.429162562	maximum	continued_angle_secant_max_iters_best	0.216004211	1.374785212	NaN	secant_max_iters_best	sign_change_pair	1.150687385	1.270687385	1.135687385	1.150687385	0.015000000	8	true	16	-0.763908074,-0.444232668,-0.395776889,-0.386211472,-0.385379832,-0.386222128,-0.387098889,-0.387736366,-0.388160372,-0.388435859,-0.388614554,-0.388731103,-0.388807680,-0.388858334,-0.388892032,-0.388914505	ok
0.577956	0.247695	1.150687385,0.000000000,1.429162562	maximum	continued_angle_secant_max_iters_best	0.215493057	1.387162984	NaN	secant_max_iters_best	sign_change_pair	1.135687385	1.255687385	1.135687385	1.150687385	0.015000000	8	true	16	-0.763963309,-0.444040231,-0.395726579,-0.386342423,-0.385622866,-0.386482151,-0.387311489,-0.387875075,-0.388224015,-0.388434934,-0.388562759,-0.388641223,-0.388690142,-0.388721110,-0.388740879,-0.388753658	ok
0.577956	0.250501	1.135687385,0.000000000,1.429162562	maximum	continued_angle_secant_max_iters_best	1.368945641	-1.365621334	NaN	secant_max_iters_best	sign_change_pair	1.155147678	1.275147678	1.125147678	1.140147678	0.015000000	8	true	16	0.761032823,0.442230938,0.394147127,0.385184059,0.384911400,0.386062724,0.387016128,0.387595390,0.387910320,0.388073843,0.388157763,0.388201319,0.388224497,0.388237263,0.388244526,0.388248793	ok
0.577956	0.253307	1.155147678,0.000000000,1.429162562	maximum	continued_angle_secant_max_iters_best	0.220618453	1.366337216	NaN	secant_max_iters_best	sign_change_pair	1.140147678	1.020147678	1.140147678	1.155147678	0.015000000	8	true	16	-0.764816550,-0.444165861,-0.396072653,-0.386848129,-0.386051230,-0.386636835,-0.387116605,-0.387349664,-0.387430755,-0.387443531,-0.387432673,-0.387417236,-0.387403876,-0.387393987,-0.387387141,-0.387382587	ok
0.577956	0.256112	1.140147678,0.000000000,1.429162562	maximum	continued_angle_secant_max_iters_best	1.365311568	-1.348965918	NaN	secant_max_iters_best	sign_change_pair	1.159442575	1.279442575	1.129442575	1.144442575	0.015000000	8	true	16	0.761669651,0.442014211,0.394167911,0.385435850,0.385122269,0.385951006,0.386446783,0.386576968,0.386526384,0.386423818,0.386326983,0.386252893,0.386201449,0.386167586,0.386145980,0.386132435	ok
0.577956	0.258918	1.159442575,0.000000000,1.429162562	maximum	continued_angle_secant_max_iters_best	0.225476279	1.347949045	NaN	secant_max_iters_best	sign_change_pair	1.159442575	1.279442575	1.144442575	1.159442575	0.015000000	8	true	16	-0.765637016,-0.444238601,-0.396270766,-0.387000133,-0.385824260,-0.385814263,-0.385677993,-0.385400823,-0.385113283,-0.384881806,-0.384717837,-0.384609795,-0.384541501,-0.384499465,-0.384474012,-0.384458683	ok
0.577956	0.261723	1.159442575,0.000000000,1.429162562	maximum	continued_angle_secant_max_iters_best	0.224994058	1.359679008	NaN	secant_max_iters_best	sign_change_pair	1.144442575	1.264442575	1.144442575	1.159442575	0.015000000	8	true	16	-0.765701412,-0.444030345,-0.396116716,-0.386801091,-0.385372858,-0.384967169,-0.384426507,-0.383824636,-0.383313158,-0.382941894,-0.382696236,-0.382542457,-0.382449437,-0.382394324,-0.382362066,-0.382343347	ok
0.577956	0.264529	1.144442575,0.000000000,1.429162562	maximum	continued_angle_secant_max_iters_best	1.363133323	-1.343737890	NaN	secant_max_iters_best	sign_change_pair	1.163857557	1.283857557	1.133857557	1.148857557	0.015000000	8	true	16	0.762887857,0.442275110,0.394660725,0.385754027,0.384535093,0.383972200,0.383051015,0.382045531,0.381215388,0.380630036,0.380254036,0.380025830,0.379891962,0.379815136,0.379771587,0.379747059	ok
0.577956	0.267335	1.163857557,0.000000000,1.429162562	maximum	continued_angle_secant_max_iters_best	0.229995395	1.339941892	NaN	secant_max_iters_best	sign_change_pair	1.148857557	1.268857557	1.148857557	1.163857557	0.015000000	8	true	16	-0.766543431,-0.444077144,-0.396125054,-0.386350661,-0.383901593,-0.382226520,-0.380555117,-0.379142769,-0.378129670,-0.377478049,-0.377086797,-0.376861791,-0.376735760,-0.376666295,-0.376628388,-0.376607793	ok
0.577956	0.270140	1.148857557,0.000000000,1.429162562	maximum	continued_angle_secant_max_iters_best	1.359621954	-1.331430173	NaN	secant_max_iters_best	sign_change_pair	1.168126380	1.288126380	1.138126380	1.153126380	0.015000000	8	true	16	0.763528134,0.442034668,0.394471189,0.385242831,0.382994254,0.380944550,0.378593360,0.376528282,0.375040154,0.374093661,0.373536844,0.373224794,0.373055083,0.372964455,0.372916609,0.372891476	ok
0.577956	0.272946	1.168126380,0.000000000,1.429162562	maximum	continued_angle_secant_max_iters_best	0.234761292	1.322303738	NaN	secant_max_iters_best	sign_change_pair	1.168126380	1.288126380	1.153126380	1.168126380	0.015000000	8	true	16	-0.767357130,-0.444071304,-0.395940949,-0.385332020,-0.381264902,-0.377719144,-0.374503735,-0.372079358,-0.370501808,-0.369570911,-0.369054891,-0.368779873,-0.368636818,-0.368563538,-0.368526338,-0.368507568	ok
0.577956	0.275752	1.168126380,0.000000000,1.429162562	maximum	continued_angle_secant_max_iters_best	0.234306131	1.333484217	NaN	secant_max_iters_best	sign_change_pair	1.153126380	1.273126380	1.153126380	1.168126380	0.015000000	8	true	16	-0.767429889,-0.443845352,-0.395641724,-0.384576382,-0.379531998,-0.374807640,-0.370615229,-0.367562090,-0.365644985,-0.364553056,-0.363968875,-0.363668495,-0.363517908,-0.363443505,-0.363407162,-0.363389462	ok
0.577956	0.278557	1.153126380,0.000000000,1.429162562	maximum	continued_angle_secant_max_iters_best	1.357522342	-1.323017336	NaN	secant_max_iters_best	sign_change_pair	1.172515466	1.292515466	1.142515466	1.157515466	0.015000000	8	true	16	0.764752131,0.442196341,0.394427583,0.383751949,0.378378671,0.372518746,0.366990375,0.362893272,0.360328772,0.358889596,0.358136605,0.357759931,0.357576872,0.357489544,0.357448391,0.357429087	ok
0.577956	0.281363	1.172515466,0.000000000,1.429162562	maximum	continued_angle_secant_max_iters_best	0.239213032	1.314543751	NaN	secant_max_iters_best	sign_change_pair	1.157515466	1.277515466	1.157515466	1.172515466	0.015000000	8	true	16	-0.768264633,-0.443807311,-0.395179399,-0.382518202,-0.374572836,-0.366707893,-0.360157528,-0.355729954,-0.353143290,-0.351769434,-0.351083798,-0.350755236,-0.350602017,-0.350531841,-0.350500035,-0.350485790	ok
0.577956	0.284168	1.157515466,0.000000000,1.429162562	maximum	continued_angle_secant_max_iters_best	1.354105213	-1.314296411	NaN	secant_max_iters_best	sign_change_pair	1.157515466	1.277515466	1.157515466	1.172515466	0.015000000	8	true	16	0.765394433,0.441922907,0.393925030,0.381904905,0.373495120,0.363892081,0.355334145,0.349393831,0.345904351,0.344063228,0.343157609,0.342732575,0.342539276,0.342453337,0.342415667,0.342399381	ok
0.577956	0.286974	1.157515466,0.000000000,1.429162562	maximum	continued_angle_secant_max_iters_best	1.355283233	-1.314056091	NaN	secant_max_iters_best	sign_change_pair	1.177095781	1.297095781	1.147095781	1.162095781	0.015000000	8	true	16	0.765960279,0.442227999,0.393872403,0.380485111,0.369658864,0.357579277,0.347325936,0.340501712,0.336628281,0.334643381,0.333692795,0.333258169,0.333065811,0.332982660,0.332947332,0.332932518	ok
0.577956	0.289780	1.177095781,0.000000000,1.429162562	maximum	continued_angle_secant_max_iters_best	0.243900915	1.305137013	NaN	secant_max_iters_best	sign_change_pair	1.162095781	1.282095781	1.162095781	1.177095781	0.015000000	8	true	16	-0.769204700,-0.443498469,-0.393952275,-0.377720076,-0.363142719,-0.348228680,-0.336608875,-0.329333120,-0.325373644,-0.323405087,-0.322484142,-0.322071354,-0.321891964,-0.321815860,-0.321784086,-0.321771015	ok
0.577956	0.292585	1.162095781,0.000000000,1.429162562	maximum	continued_angle_secant_max_iters_best	1.351644111	-1.302184072	NaN	secant_max_iters_best	sign_change_pair	1.181417248	1.301417248	1.151417248	1.166417248	0.015000000	8	true	16	0.766586262,0.441902099,0.393078005,0.377315619,0.361283697,0.343100070,0.328212712,0.318660171,0.313379339,0.310718148,0.309456654,0.308883689,0.308631433,0.308522876,0.308476995,0.308457904	ok
0.577956	0.295391	1.181417248,0.000000000,1.429162562	maximum	continued_angle_secant_max_iters_best	0.248656131	1.287467207	NaN	secant_max_iters_best	sign_change_pair	1.166417248	1.286417248	1.166417248	1.181417248	0.015000000	8	true	16	-0.770025053,-0.443359815,-0.392802995,-0.372805176,-0.351385316,-0.329507150,-0.313033551,-0.302945353,-0.297467931,-0.294702453,-0.293370630,-0.292749749,-0.292466857,-0.292340111,-0.292283963,-0.292259358	ok
0.577956	0.298196	1.166417248,0.000000000,1.429162562	maximum	continued_angle_secant_max_iters_best	1.348376520	-1.300883867	NaN	secant_max_iters_best	sign_change_pair	1.185629003	1.305629003	1.155629003	1.170629003	0.015000000	8	true	16	0.767233274,0.441591743,0.392119503,0.373066200,0.349712622,0.323017697,0.301647630,0.287990609,0.280234584,0.276097943,0.273969734,0.272898844,0.272367556,0.272106414,0.271978832,0.271916751	ok
0.577956	0.301002	1.185629003,0.000000000,1.429162562	maximum	continued_angle_secant_max_iters_best	0.253234347	1.271304214	NaN	secant_max_iters_best	sign_change_pair	1.185629003	1.305629003	1.170629003	1.185629003	0.015000000	8	true	16	-0.770824997,-0.443166243,-0.391276171,-0.366115126,-0.335129773,-0.303516186,-0.279892871,-0.264953778,-0.256152766,-0.251106369,-0.248239064,-0.246613444,-0.245691611,-0.245168379,-0.244871153,-0.244702156	ok
0.577956	0.303808	1.185629003,0.000000000,1.429162562	maximum	continued_angle_secant_max_iters_best	0.252831904	1.281403286	NaN	secant_max_iters_best	sign_change_pair	1.170629003	1.290629003	1.170629003	1.185629003	0.015000000	8	true	16	-0.770913806,-0.442899452,-0.390458336,-0.362531008,-0.325694245,-0.287605271,-0.258624653,-0.239315338,-0.226810722,-0.218608935,-0.213099912,-0.209313074,-0.206660339,-0.204775033,-0.203420690,-0.202440161	ok
0.577956	0.306613	1.170629003,0.000000000,1.429162562	maximum	continued_angle_secant_max_iters_best	1.346441304	-1.282372923	NaN	secant_max_iters_best	sign_change_pair	1.189957592	1.309957592	1.159957592	1.174957592	0.015000000	8	true	16	0.768470871,0.441510215,0.390164838,0.362591775,0.321334814,0.274777233,0.237067661,0.209655410,0.189259303,0.172968999,0.158869351,0.145672174,0.132344973,0.117802259,0.100526764,0.077814586	ok
0.577956	0.309419	1.189957592,0.000000000,1.429162562	maximum	continued_angle_secant_max_iters_best	0.257541453	1.264067361	NaN	secant_max_iters_best	sign_change_pair	1.189957592	1.309957592	1.174957592	1.189957592	0.015000000	8	true	16	-0.771733224,-0.442657586,-0.388296033,-0.352220117,-0.299376770,-0.243864652,-0.198167536,-0.160340118,-0.124535787,-0.083663766,-0.024532577,0.097914738,0.626745507,0.579886840,0.326582983,0.240602637	ok
0.577956	0.312224	1.189957592,0.000000000,1.429162562	maximum	continued_angle_secant_max_iters_best	0.257144799	1.274495559	NaN	secant_max_iters_best	sign_change_pair	1.174957592	1.294957592	1.174957592	1.189957592	0.015000000	8	true	16	-0.771822735,-0.442375479,-0.387234983,-0.346793205,-0.283976743,-0.216114028,-0.155419362,-0.094135629,-0.010548718,0.176860440,0.990504630,0.448068541,0.273723893,0.192448750,0.130832507,0.063789969	ok
0.577956	0.315030	1.174957592,0.000000000,1.429162562	maximum	continued_angle_secant_max_iters_best	1.344372015	-1.270888249	NaN	secant_max_iters_best	sign_change_pair	1.194487909	1.314487909	1.164487909	1.179487909	0.015000000	8	true	16	0.769689186,0.441277563,0.387164485,0.345966577,0.274264962,0.190445117,0.106590937,-0.002638738,-0.265672020,-0.911620154,-0.380680597,-0.228901290,-0.136846418,-0.040904253,0.135782055,0.898048310	ok
0.577956	0.317836	1.194487909,0.000000000,1.429162562	maximum	continued_angle_secant_max_iters_best	0.262088607	1.255241227	NaN	secant_max_iters_best	sign_change_pair	1.179487909	1.299487909	1.179487909	1.194487909	0.015000000	8	true	16	-0.772673634,-0.442083345,-0.384221518,-0.330808001,-0.240111807,-0.134784260,-0.006269531,0.285210791,0.878244424,0.359973798,0.197346205,0.079438285,-0.091121472,-0.724150772,-0.534010090,-0.268229655	ok
0.577956	0.320641	1.179487909,0.000000000,1.429162562	maximum	continued_angle_secant_max_iters_best	1.340927075	-1.262815715	NaN	secant_max_iters_best	sign_change_pair	1.198777173	1.318777173	1.168777173	1.183777173	0.015000000	8	true	16	0.770320682,0.440853268,0.384841468,0.331814548,0.228998227,0.097054639,-0.097701448,-0.798605303,-0.502741341,-0.237432979,-0.085964894,0.122166195,0.897355399,0.468147161,0.223997428,0.073453497	ok
0.577956	0.323447	1.198777173,0.000000000,1.429162562	maximum	continued_angle_secant_max_iters_best	0.266689350	1.238760434	NaN	secant_max_iters_best	sign_change_pair	1.198777173	1.318777173	1.183777173	1.198777173	0.015000000	8	true	16	-0.773484271,-0.441717816,-0.380468961,-0.309173447,-0.176529669,0.004428207,0.436588623,0.693544267,0.278788521,0.088164592,-0.166359523,-0.997060281,-0.406054636,-0.170567025,0.025146924,0.519128481	ok
0.577956	0.326253	1.198777173,0.000000000,1.429162562	maximum	continued_angle_secant_max_iters_best	0.266318263	1.248644370	NaN	secant_max_iters_best	sign_change_pair	1.183777173	1.303777173	1.183777173	1.198777173	0.015000000	8	true	16	-0.773581415,-0.441410858,-0.378782190,-0.297643629,-0.137236895,0.112169268,0.916862945,0.444109477,0.161209998,-0.083857711,-0.820938219,-0.482039159,-0.179416832,0.057465767,0.714087759,0.524847316	ok
0.577956	0.329058	1.183777173,0.000000000,1.429162562	maximum	continued_angle_secant_max_iters_best	1.338954043	-1.249587256	NaN	secant_max_iters_best	sign_change_pair	1.203262572	1.323262572	1.173262572	1.188262572	0.015000000	8	true	16	0.771545639,0.440458156,0.379537949,0.296280880,0.110285615,-0.220113873,-0.963331896,-0.330940889,-0.055878624,0.363752461,0.769958322,0.259660995,-0.007773851,-0.573733815,-0.591899556,-0.197310945	ok
0.577956	0.331864	1.203262572,0.000000000,1.429162562	maximum	continued_angle_secant_max_iters_best	0.271142088	1.230365159	NaN	secant_max_iters_best	sign_change_pair	1.188262572	1.308262572	1.188262572	1.203262572	0.015000000	8	true	16	-0.774421954,-0.440981944,-0.373638434,-0.262834539,-0.018544523,0.545852006,0.607450236,0.173391413,-0.171893098,-0.998466667,-0.345843758,-0.025654746,0.523001164,0.623341654,0.180206944,-0.160918722	ok
0.577956	0.334669	1.188262572,0.000000000,1.429162562	maximum	continued_angle_secant_max_iters_best	1.335630081	-1.243267298	NaN	secant_max_iters_best	sign_change_pair	1.207530297	1.327530297	1.177530297	1.192530297	0.015000000	8	true	16	0.772181975,0.439969651,0.375695934,0.264915659,-0.016300954,-0.728967822,-0.499399539,-0.085049813,0.421147928,0.709186541,0.182913431,-0.217845161,-0.958718043,-0.288127887,0.077406589,0.906688503	ok
0.577956	0.337475	1.207530297,0.000000000,1.429162562	maximum	continued_angle_secant_max_iters_best	0.275659461	1.214510308	NaN	secant_max_iters_best	sign_change_pair	1.207530297	1.327530297	1.192530297	1.207530297	0.015000000	8	true	16	-0.775227021,-0.440476987,-0.367276050,-0.213671085,0.172986075,0.992686343,0.293427801,-0.129834238,-0.995860693,-0.332824031,0.087834594,0.951999773,0.375310115,-0.048625746,-0.869934760,-0.421343474	ok
0.577956	0.340281	1.207530297,0.000000000,1.429162562	maximum	continued_angle_secant_max_iters_best	0.275312381	1.223934364	NaN	secant_max_iters_best	sign_change_pair	1.192530297	1.312530297	1.192530297	1.207530297	0.015000000	8	true	16	-0.775331132,-0.440141959,-0.364538895,-0.186279526,0.299582964,0.850631902,0.173740435,-0.375785118,-0.758520665,-0.132018392,0.459476967,0.672591141,0.090700476,-0.554581856,-0.593669467,-0.049079459	ok
0.577956	0.343086	1.192530297,0.000000000,1.429162562	maximum	continued_angle_secant_max_iters_best	1.333729132	-1.228586412	NaN	secant_max_iters_best	sign_change_pair	1.212004602	1.332004602	1.182004602	1.197004602	0.015000000	8	true	16	0.773411014,0.439377956,0.366581693,0.181642217,-0.384484424,-0.749781781,-0.082359137,0.648946304,0.523081312,-0.048956942,-0.934922316,-0.349982972,0.199408495,0.965298497,0.208395362,-0.392322711	ok
0.577956	0.345892	1.212004602,0.000000000,1.429162562	maximum	continued_angle_secant_max_iters_best	0.280061049	1.206263797	NaN	secant_max_iters_best	sign_change_pair	1.212004602	1.332004602	1.197004602	1.212004602	0.015000000	8	true	16	-0.776166776,-0.439558198,-0.355760746,-0.100023353,0.670041201,0.499883675,-0.132528966,-0.999086926,-0.225681947,0.445532289,0.685437917,-0.003641439,-0.891251849,-0.359321929,0.264108757,0.892010419	ok
0.577956	0.348697	1.212004602,0.000000000,1.429162562	maximum	continued_angle_secant_max_iters_best	0.279720671	1.215947849	NaN	secant_max_iters_best	sign_change_pair	1.197004602	1.317004602	1.197004602	1.212004602	0.015000000	8	true	16	-0.776271779,-0.439205436,-0.352098325,-0.050594876,0.844086463,0.367475357,-0.337980159,-0.803931423,-0.010229550,0.906067395,0.326007822,-0.386755822,-0.748162809,0.025003245,0.951773971,0.287192519	ok
0.577956	0.351503	1.197004602,0.000000000,1.429162562	maximum	continued_angle_secant_max_iters_best	1.331591439	-1.216278738	NaN	secant_max_iters_best	sign_change_pair	1.197004602	1.317004602	1.197004602	1.212004602	0.015000000	8	true	16	0.774613402,0.438611830,0.353868126,0.029950566,-0.921189335,-0.280409300,0.536857939,0.594499859,-0.205117082,-0.947244367,-0.059575906,0.874842462,0.324890238,-0.476547332,-0.652958875,0.160086981	ok
0.577956	0.354309	1.197004602,0.000000000,1.429162562	maximum	continued_angle_secant_max_iters_best	1.332693502	-1.215957797	NaN	secant_max_iters_best	sign_change_pair	1.219920804	1.339920804	1.189920804	1.204920804	0.015000000	8	true	16	0.775163488,0.438353610,0.346708884,-0.060623169,-0.999088456,-0.117020513,0.845595544,0.322182693,-0.570305931,-0.558166200,0.321921647,0.822827125,-0.110510808,-0.996883494,-0.084950101,0.885978527	ok
0.577956	0.357114	1.219920804,0.000000000,1.429162562	maximum	continued_angle_secant_max_iters_best	0.288221065	1.180356154	NaN	secant_max_iters_best	sign_change_pair	1.219920804	1.339920804	1.204920804	1.219920804	0.015000000	8	true	16	-0.777687073,-0.438149961,-0.331483375,0.226281213,0.917679483,-0.114035404,-0.992447111,-0.009117518,0.979855927,0.132750300,-0.877549517,-0.261445900,0.729595887,0.399188089,-0.573247317,-0.548555400	ok
0.577956	0.359920	1.219920804,0.000000000,1.429162562	maximum	continued_angle_secant_max_iters_best	0.287907407	1.189111435	NaN	secant_max_iters_best	sign_change_pair	1.204920804	1.324920804	1.204920804	1.219920804	0.015000000	8	true	16	-0.777800830,-0.437768832,-0.325633131,0.339764312,0.804006174,-0.309853705,-0.835871227,0.270172222,0.876599497,-0.231144271,-0.913021046,0.192468923,0.944285214,-0.154064626,-0.969356012,0.115841060	ok
0.577956	0.362725	1.204920804,0.000000000,1.429162562	maximum	continued_angle_secant_max_iters_best	1.326433518	-1.199520431	NaN	secant_max_iters_best	sign_change_pair	1.224349496	1.344349496	1.194349496	1.209349496	0.015000000	8	true	16	0.776010888,0.437321283,0.331478446,-0.370415393,-0.771394206,0.440098905,0.689399616,-0.501051257,-0.617374498,0.562623455,0.544657864,-0.624437310,-0.472546762,0.686035608,0.401715324,-0.746658359	ok
0.577956	0.365531	1.224349496,0.000000000,1.429162562	maximum	continued_angle_secant_max_iters_best	0.292515174	1.172532126	NaN	secant_max_iters_best	sign_change_pair	1.224349496	1.344349496	1.209349496	1.224349496	0.015000000	8	true	16	-0.778625463,-0.436923035,-0.305883003,0.643226484,0.421837588,-0.808857737,-0.219385462,0.934648825,0.032668512,-0.998243302,0.143177825,0.964490812,-0.312235612,-0.832946742,0.478023024,0.642428812	ok
0.577956	0.368337	1.224349496,0.000000000,1.429162562	maximum	continued_angle_secant_max_iters_best	0.292207622	1.181564569	NaN	secant_max_iters_best	sign_change_pair	1.209349496	1.329349496	1.209349496	1.224349496	0.015000000	8	true	16	-0.778739851,-0.436521926,-0.297606327,0.768379678,0.193305849,-0.972078899,0.129332471,0.965528956,-0.418353293,-0.715208350,0.682269959,0.356233089,-0.904282544,-0.013341834,0.999640828,-0.290062515	ok
0.577956	0.371142	1.209349496,0.000000000,1.429162562	maximum	continued_angle_secant_max_iters_best	1.324419699	-1.186335362	NaN	secant_max_iters_best	sign_change_pair	1.209349496	1.329349496	1.209349496	1.224349496	0.015000000	8	true	16	0.777219692,0.436197249,0.302590117,-0.818744577,-0.025887514,0.998508707,-0.415723148,-0.718579174,0.769858769,0.177303329,-0.990480913,0.298454338,0.845531136,-0.677008369,-0.333267882,0.951215611	ok
0.577956	0.373948	1.209349496,0.000000000,1.429162562	maximum	continued_angle_secant_max_iters_best	1.325498867	-1.184740291	NaN	secant_max_iters_best	sign_change_pair	1.232246711	1.352246711	1.202246711	1.217246711	0.015000000	8	true	16	0.777769280,0.435722425,0.285621684,-0.926647859,0.324390109,0.820790874,-0.786537802,-0.083313800,0.999437942,-0.521756851,-0.567882659,0.908981828,-0.176083139,-0.931802599,0.691127032,0.270285926	ok
0.577956	0.376754	1.232246711,0.000000000,1.429162562	maximum	continued_angle_secant_max_iters_best	0.300516792	1.147675739	NaN	secant_max_iters_best	sign_change_pair	1.232246711	1.352246711	1.217246711	1.232246711	0.015000000	8	true	16	-0.780139602,-0.434973675,-0.247569806,0.991034774,-0.629745136,-0.355685241,0.987537805,-0.520573258,-0.561507351,0.950226016,-0.396190634,-0.743329799,0.895086370,-0.252887835,-0.880341349,0.826415156	ok
0.577956	0.379559	1.232246711,0.000000000,1.429162562	maximum	continued_angle_secant_max_iters_best	0.300234350	1.155869326	NaN	secant_max_iters_best	sign_change_pair	1.232246711	1.352246711	1.217246711	1.232246711	0.015000000	8	true	16	-0.780262071,-0.434536402,-0.232791923,0.999853240,-0.789204312,0.086922182,0.957982752,-0.837747755,0.223694912,0.897119149,-0.883268215,0.343059320,0.803023238,-0.922945674,0.446893973,0.675260583	ok
0.577956	0.382365	1.232246711,0.000000000,1.429162562	maximum	continued_angle_secant_max_iters_best	0.299941056	1.165106952	NaN	secant_max_iters_best	sign_change_pair	1.217246711	1.337246711	1.217246711	1.232246711	0.015000000	8	true	16	-0.780379080,-0.434098668,-0.216486634,0.996824114,-0.890276457,0.477943551,0.622545296,-0.985873471,0.741308416,-0.058732187,-0.959892017,0.900323027,-0.516011868,-0.550705772,0.991970632,-0.763053941	ok
0.577956	0.385170	1.217246711,0.000000000,1.429162562	maximum	continued_angle_secant_max_iters_best	1.320502661	-1.165713003	NaN	secant_max_iters_best	sign_change_pair	1.240053639	1.360053639	1.210053639	1.225053639	0.015000000	8	true	16	0.779176626,0.433881596,0.218383354,-0.990993542,0.948725083,-0.738613543,0.159507705,0.921405528,-0.960788549,0.775577873,-0.285760525,-0.852326113,0.975767635,-0.808264470,0.391283838,0.751036818	ok
0.577956	0.387976	1.240053639,0.000000000,1.429162562	maximum	continued_angle_secant_max_iters_best	0.308319571	1.124298831	NaN	secant_max_iters_best	sign_change_pair	1.240053639	1.360053639	1.225053639	1.240053639	0.015000000	8	true	16	-0.781636820,-0.432630193,-0.139956936,0.967468744,-0.978767002,0.884961378,-0.725344014,0.231581315,0.884649212,-0.988621358,0.906213969,-0.766995281,0.390404694,0.752717302,-0.997239226,0.925337104	ok
0.577956	0.390782	1.240053639,0.000000000,1.429162562	maximum	continued_angle_secant_max_iters_best	0.308060153	1.131813574	NaN	secant_max_iters_best	sign_change_pair	1.240053639	1.360053639	1.225053639	1.240053639	0.015000000	8	true	16	-0.781766420,-0.432150399,-0.110862533,0.952927905,-0.993645444,0.956796308,-0.918176956,0.872318763,-0.802688112,0.644669099,0.009369152,-0.955058908,0.992420681,-0.956537333,0.917524130,-0.871532343	ok
0.577956	0.393587	1.240053639,0.000000000,1.429162562	maximum	continued_angle_secant_max_iters_best	0.307791020	1.140216098	NaN	secant_max_iters_best	sign_change_pair	1.225053639	1.345053639	1.225053639	1.240053639	0.015000000	8	true	16	-0.781891229,-0.431671408,-0.077998140,0.938529431,-0.999327190,0.988578668,-0.979830720,0.974313250,-0.970960565,0.968906750,-0.967642471,0.966860107,-0.966374319,0.966072018,-0.965883601,0.965766086	ok
0.577956	0.396393	1.225053639,0.000000000,1.429162562	maximum	continued_angle_secant_max_iters_best	1.315710984	-1.148251871	NaN	secant_max_iters_best	sign_change_pair	1.225053639	1.345053639	1.225053639	1.240053639	0.015000000	8	true	16	0.780592579,0.431752600,0.093597292,-0.932105377,0.999542516,-0.999164623,0.997883165,-0.997323617,0.997108569,-0.997030436,0.997002232,-0.996992133,0.996988517,-0.996987236,0.996986769,-0.996986600	ok
0.577956	0.399198	1.225053639,0.000000000,1.429162562	maximum	continued_angle_secant_max_iters_best	1.316761378	-1.145817927	NaN	secant_max_iters_best	sign_change_pair	1.247960018	1.367960018	1.217960018	1.232960018	0.015000000	8	true	16	0.781139716,0.430906705,0.022401702,-0.914388576,0.996861634,-0.998855027,0.999476833,-0.999545614,0.999572412,-0.999576946,0.999578525,-0.999578838,0.999578936,-0.999578956,0.999578960,-0.999578958	ok
0.577956	0.402004	1.247960018,0.000000000,1.429162562	maximum	continued_angle_secant_max_iters_best	0.315903426	1.107919083	NaN	secant_max_iters_best	sign_change_pair	1.247960018	1.367960018	1.232960018	1.247960018	0.015000000	8	true	16	-0.783277867,-0.429279721,0.144835135,0.882798919,-0.992512901,0.992680851,-0.994370951,0.994301945,-0.994375997,0.994369752,-0.994373329,0.994372912,-0.994373095,0.994373058,-0.994373078,0.994373070	ok
0.577956	0.404810	1.247960018,0.000000000,1.429162562	maximum	continued_angle_secant_max_iters_best	0.315657907	1.115547085	NaN	secant_max_iters_best	sign_change_pair	1.247960018	1.367960018	1.232960018	1.247960018	0.015000000	8	true	16	-0.783410174,-0.428750529,0.216503311,0.863175924,-0.986862864,0.983878690,-0.986519663,0.986121282,-0.986263933,0.986232969,-0.986241896,0.986239719,-0.986240305,0.986240161,-0.986240180,0.986240191	ok
0.577956	0.407615	1.247960018,0.000000000,1.429162562	maximum	continued_angle_secant_max_iters_best	0.315402305	1.124176825	NaN	secant_max_iters_best	sign_change_pair	1.232960018	1.352960018	1.232960018	1.247960018	0.015000000	8	true	16	-0.783537246,-0.428225250,0.296719683,0.834611853,-0.980331704,0.973894219,-0.977701086,0.976868974,-0.977128886,0.977058744,-0.977078838,0.977073223,-0.977074786,0.977074345,-0.977074474,0.977074443	ok
0.577956	0.410421	1.232960018,0.000000000,1.429162562	maximum	continued_angle_secant_max_iters_best	1.311943639	-1.127481420	NaN	secant_max_iters_best	sign_change_pair	1.255769125	1.375769125	1.225769125	1.240769125	0.015000000	8	true	16	0.782549507,0.428272024,-0.303575080,-0.830875003,0.974657628,-0.963829321,0.968761144,-0.967410796,0.967830492,-0.967703973,0.967742367,-0.967730728,0.967734256,-0.967733186,0.967733510,-0.967733411	ok
0.577956	0.413226	1.255769125,0.000000000,1.429162562	maximum	continued_angle_secant_max_iters_best	0.323545362	1.085462442	NaN	secant_max_iters_best	sign_change_pair	1.255769125	1.375769125	1.240769125	1.255769125	0.015000000	8	true	16	-0.784772222,-0.425857959,0.633602856,-0.981621447,0.979630142,-0.954971421,0.960213315,-0.958153146,0.958784352,-0.958575918,0.958643080,-0.958621279,0.958628345,-0.958626059,0.958626802,-0.958626561	ok
0.577956	0.416032	1.255769125,0.000000000,1.429162562	maximum	continued_angle_secant_max_iters_best	0.323321477	1.092466711	NaN	secant_max_iters_best	sign_change_pair	1.255769125	1.375769125	1.240769125	1.255769125	0.015000000	8	true	16	-0.784911129,-0.425269162,0.731718049,-0.940448452,0.970208486,-0.944899587,0.951946870,-0.949288998,0.950178152,-0.949868783,0.949974972,-0.949938335,0.949950963,-0.949946612,0.949948112,-0.949947599	ok
0.577956	0.418838	1.255769125,0.000000000,1.429162562	maximum	continued_angle_secant_max_iters_best	0.323088556	1.100327024	NaN	secant_max_iters_best	sign_change_pair	1.255769125	1.375769125	1.240769125	1.255769125	0.015000000	8	true	16	-0.785045425,-0.424685756,0.817560767,-0.917879862,0.963268256,-0.935712419,0.944246806,-0.940915142,0.942099633,-0.941664370,0.941822364,-0.941764767,0.941785750,-0.941778108,0.941780880,-0.941779864	ok
0.577956	0.421643	1.255769125,0.000000000,1.429162562	maximum	continued_angle_secant_max_iters_best	0.322844936	1.109362407	NaN	secant_max_iters_best	sign_change_pair	1.240769125	1.360769125	1.240769125	1.255769125	0.015000000	8	true	16	-0.785173852,-0.424110819,0.886408838,-0.903429945,0.957150483,-0.927198571,0.937106177,-0.933057369,0.934574032,-0.933986961,0.934211335,-0.934125173,0.934158212,-0.934145545,0.934150409,-0.934148546	ok
0.577956	0.424449	1.240769125,0.000000000,1.429162562	maximum	continued_angle_secant_max_iters_best	1.308355899	-1.107601941	NaN	secant_max_iters_best	sign_change_pair	1.263709945	1.383709945	1.233709945	1.248709945	0.015000000	8	true	16	0.784512504,0.423835226,-0.921628034,0.893495993,-0.951810651,0.919246136,-0.930542941,0.925699838,-0.927600995,0.926828083,-0.927137895,0.927013002,-0.927063250,0.927043027,-0.927051164,0.927047880	ok
0.577956	0.427255	1.263709945,0.000000000,1.429162562	maximum	continued_angle_secant_max_iters_best	0.331035023	1.069329059	NaN	secant_max_iters_best	sign_change_pair	1.263709945	1.383709945	1.248709945	1.263709945	0.015000000	8	true	16	-0.786422693,-0.421072447,0.996093489,-0.885072813,0.944377240,-0.912479261,0.924183479,-0.918955112,0.921102105,-0.920188590,0.920571525,-0.920409980,0.920477944,-0.920449329,0.920461370,-0.920456295	ok
0.577956	0.430060	1.263709945,0.000000000,1.429162562	maximum	continued_angle_secant_max_iters_best	0.330824525	1.076455363	NaN	secant_max_iters_best	sign_change_pair	1.263709945	1.383709945	1.248709945	1.263709945	0.015000000	8	true	16	-0.786564046,-0.420416361,0.999998307,-0.879254188,0.939022840,-0.905855199,0.918508704,-0.912603742,0.915128469,-0.914006342,0.914496712,-0.914280810,0.914375559,-0.914333909,0.914352211,-0.914344156	ok
0.577956	0.432866	1.263709945,0.000000000,1.429162562	maximum	continued_angle_secant_max_iters_best	0.330604601	1.084555960	NaN	secant_max_iters_best	sign_change_pair	1.248709945	1.368709945	1.248709945	1.263709945	0.015000000	8	true	16	-0.786700337,-0.419770430,0.997389068,-0.874302618,0.933893243,-0.899759898,0.913266909,-0.906696111,0.909613482,-0.908262088,0.908876172,-0.908594663,0.908723203,-0.908664398,0.908691256,-0.908678982	ok
0.577956	0.435671	1.248709945,0.000000000,1.429162562	maximum	continued_angle_secant_max_iters_best	1.303687797	-1.089754966	NaN	secant_max_iters_best	sign_change_pair	1.271530894	1.391530894	1.241530894	1.256530894	0.015000000	8	true	16	0.785922382,0.420033809,-0.995614780,0.869257829,-0.930129113,0.893838686,-0.908616212,0.901120280,-0.904564225,0.902904091,-0.903686556,0.903313761,-0.903490473,0.903406515,-0.903446357,0.903427444	ok
0.577956	0.438477	1.271530894,0.000000000,1.429162562	maximum	continued_angle_secant_max_iters_best	0.338527807	1.047702497	NaN	secant_max_iters_best	sign_change_pair	1.271530894	1.391530894	1.256530894	1.271530894	0.015000000	8	true	16	-0.787915022,-0.416065672,0.967313538,-0.868427363,0.921411348,-0.889824865,0.903416600,-0.896318792,0.899705654,-0.898014270,0.898840514,-0.898432457,0.898632894,-0.898534187,0.898582749,-0.898558853	ok
0.577956	0.441283	1.271530894,0.000000000,1.429162562	maximum	continued_angle_secant_max_iters_best	0.338337713	1.054249207	NaN	secant_max_iters_best	sign_change_pair	1.271530894	1.391530894	1.256530894	1.271530894	0.015000000	8	true	16	-0.788062514,-0.415321754,0.956480933,-0.865344712,0.916566752,-0.885196442,0.899166516,-0.891613106,0.895335503,-0.893409715,0.894382082,-0.893884949,0.894137510,-0.894008780,0.894074291,-0.894040931	ok
0.577956	0.444088	1.271530894,0.000000000,1.429162562	maximum	continued_angle_secant_max_iters_best	0.338139170	1.061631265	NaN	secant_max_iters_best	sign_change_pair	1.256530894	1.376530894	1.256530894	1.271530894	0.015000000	8	true	16	-0.788205531,-0.414589980,0.945957750,-0.862618028,0.911899461,-0.880955654,0.895205858,-0.887243683,0.891290076,-0.889124962,0.890253085,-0.889656944,0.889969647,-0.889804968,0.889891511,-0.889845989	ok
0.577956	0.446894	1.256530894,0.000000000,1.429162562	maximum	continued_angle_secant_max_iters_best	1.299247761	-1.072992845	NaN	secant_max_iters_best	sign_change_pair	1.279286645	1.399286645	1.249286645	1.264286645	0.015000000	8	true	16	0.787343857,0.415558867,-0.945153397,0.858604853,-0.909564710,0.876401404,-0.891991063,0.882962719,-0.887673606,0.885066763,-0.886465075,0.885702089,-0.886114602,0.885890462,-0.886011924,0.885946007	ok
0.577956	0.449699	1.279286645,0.000000000,1.429162562	maximum	continued_angle_secant_max_iters_best	0.345865222	1.027099621	NaN	secant_max_iters_best	sign_change_pair	1.279286645	1.399286645	1.264286645	1.279286645	0.015000000	8	true	16	-0.789395755,-0.410060360,0.914855526,-0.860692193,0.899761436,-0.874633488,0.887227588,-0.879811846,0.883825337,-0.881544814,0.882806555,-0.882097888,0.882492611,-0.882271717,0.882394988,-0.882326091	ok
0.577956	0.452505	1.279286645,0.000000000,1.429162562	maximum	continued_angle_secant_max_iters_best	0.345694155	1.033160455	NaN	secant_max_iters_best	sign_change_pair	1.279286645	1.399286645	1.264286645	1.279286645	0.015000000	8	true	16	-0.789548778,-0.409208285,0.906679187,-0.858904585,0.895401397,-0.871478041,0.883873333,-0.876374991,0.880548224,-0.878107578,0.879495703,-0.878693297,0.879152840,-0.878888240,0.879040129,-0.878952787	ok
0.577956	0.455311	1.279286645,0.000000000,1.429162562	maximum	continued_angle_secant_max_iters_best	0.345515438	1.039951961	NaN	secant_max_iters_best	sign_change_pair	1.279286645	1.399286645	1.264286645	1.279286645	0.015000000	8	true	16	-0.789697792,-0.408370444,0.899216538,-0.857318841,0.891213452,-0.868601545,0.880706166,-0.873194974,0.877490120,-0.874908247,0.876416129,-0.875520169,0.876047175,-0.875735327,0.875919216,-0.875810550	ok
0.577956	0.458116	1.279286645,0.000000000,1.429162562	maximum	continued_angle_secant_max_iters_best	0.345327642	1.047745741	NaN	secant_max_iters_best	sign_change_pair	1.264286645	1.384286645	1.264286645	1.279286645	0.015000000	8	true	16	-0.789841707,-0.407553170,0.892433902,-0.855908434,0.887200204,-0.865979882,0.877709498,-0.870254261,0.874630968,-0.871930342,0.873548307,-0.872561256,0.873156882,-0.872795050,0.873013985,-0.872881208	ok
0.577956	0.460922	1.264286645,0.000000000,1.429162562	maximum	continued_angle_secant_max_iters_best	1.295955774	-1.052756858	NaN	secant_max_iters_best	sign_change_pair	1.287171824	1.407171824	1.257171824	1.272171824	0.015000000	8	true	16	0.789314013,0.407643552,-0.888388990,0.853899530,-0.884251933,0.863233941,-0.875155823,0.867385356,-0.872056444,0.869098355,-0.870913405,0.869777318,-0.870479761,0.870042108,-0.870313483,0.870144707	ok
0.577956	0.463727	1.287171824,0.000000000,1.429162562	maximum	continued_angle_secant_max_iters_best	0.353096389	1.011972373	NaN	secant_max_iters_best	sign_change_pair	1.287171824	1.407171824	1.272171824	1.287171824	0.015000000	8	true	16	-0.791045181,-0.401727811,0.873651457,-0.856710343,0.876309887,-0.862933401,0.870973827,-0.865689413,0.868978236,-0.866857292,0.868194982,-0.867339144,0.867881770,-0.867535734,0.867755594,-0.867615568	ok
0.577956	0.466533	1.287171824,0.000000000,1.429162562	maximum	continued_angle_secant_max_iters_best	0.352937366	1.018185613	NaN	secant_max_iters_best	sign_change_pair	1.287171824	1.407171824	1.272171824	1.287171824	0.015000000	8	true	16	-0.791200125,-0.400751401,0.868912401,-0.855872341,0.872719409,-0.861075856,0.868293808,-0.863456847,0.866543578,-0.864508568,0.865822491,-0.864962420,0.865520431,-0.865156289,0.865393029,-0.865238740	ok
0.577956	0.469339	1.287171824,0.000000000,1.429162562	maximum	continued_angle_secant_max_iters_best	0.352770256	1.025251105	NaN	secant_max_iters_best	sign_change_pair	1.272171824	1.392171824	1.272171824	1.287171824	0.015000000	8	true	16	-0.791350587,-0.399798227,0.864623099,-0.855149919,0.869307040,-0.859405985,0.865730565,-0.861413898,0.864236890,-0.862336348,0.863591725,-0.862751824,0.863309017,-0.862937264,0.863184357,-0.863019719	ok
0.577956	0.472144	1.272171824,0.000000000,1.429162562	maximum	continued_angle_secant_max_iters_best	1.291626694	-1.036057109	NaN	secant_max_iters_best	sign_change_pair	1.294960528	1.414960528	1.264960528	1.279960528	0.015000000	8	true	16	0.790732939,0.400903717,-0.863026152,0.853066968,-0.867443418,0.857166083,-0.863864111,0.859189134,-0.862308327,0.860160949,-0.861608616,0.860618509,-0.861289119,0.860831884,-0.861142246,0.860930933	ok
0.577956	0.474950	1.294960528,0.000000000,1.429162562	maximum	continued_angle_secant_max_iters_best	0.360313823	0.991964961	NaN	secant_max_iters_best	sign_change_pair	1.294960528	1.414960528	1.279960528	1.294960528	0.015000000	8	true	16	-0.792526575,-0.392625070,0.853010952,-0.857425256,0.860246521,-0.858293022,0.859638836,-0.858699735,0.859349173,-0.858897224,0.859210376,-0.858992732,0.859143679,-0.859038846,0.859111583,-0.859061081	ok
0.577956	0.477756	1.294960528,0.000000000,1.429162562	maximum	continued_angle_secant_max_iters_best	0.360172962	0.997708990	NaN	secant_max_iters_best	sign_change_pair	1.294960528	1.414960528	1.279960528	1.294960528	0.015000000	8	true	16	-0.792686759,-0.391472050,0.850007459,-0.857149402,0.857337492,-0.857225816,0.857305088,-0.857248940,0.857288689,-0.857260549,0.857280469,-0.857266352,0.857276348,-0.857269281,0.857274287,-0.857270736	ok
0.577956	0.480561	1.294960528,0.000000000,1.429162562	maximum	continued_angle_secant_max_iters_best	0.360024794	1.004197628	NaN	secant_max_iters_best	sign_change_pair	1.279960528	1.399960528	1.279960528	1.294960528	0.015000000	8	true	16	-0.792842933,-0.390345387,0.847283259,-0.856957431,0.854598244,-0.856303172,0.855065039,-0.855954331,0.855310395,-0.855773958,0.855438832,-0.855680370,0.855505901,-0.855631724,0.855540879,-0.855606415	ok
0.577956	0.483367	1.279960528,0.000000000,1.429162562	maximum	continued_angle_secant_max_iters_best	1.287490705	-1.020080960	NaN	secant_max_iters_best	sign_change_pair	1.302693743	1.422693743	1.272693743	1.287693743	0.015000000	8	true	16	0.792161367,0.392759451,-0.846756647,0.854665958,-0.853492221,0.854367134,-0.853722049,0.854195099,-0.853846764,0.854102495,-0.853914322,0.854052551,-0.853950893,0.854025579,-0.853970665,0.854011036	ok
0.577956	0.486172	1.302693743,0.000000000,1.429162562	maximum	continued_angle_secant_max_iters_best	0.367393476	0.972806490	NaN	secant_max_iters_best	sign_change_pair	1.302693743	1.422693743	1.287693743	1.302693743	0.015000000	8	true	16	-0.793998303,-0.381409576,0.839941396,-0.860499896,0.847532081,-0.856768689,0.849633817,-0.854830435,0.850869823,-0.853790126,0.851581908,-0.853220892,0.851987180,-0.852906196,0.852216211,-0.852731214	ok
0.577956	0.488978	1.302693743,0.000000000,1.429162562	maximum	continued_angle_secant_max_iters_best	0.367269672	0.978151180	NaN	secant_max_iters_best	sign_change_pair	1.302693743	1.422693743	1.287693743	1.302693743	0.015000000	8	true	16	-0.794163253,-0.380025188,0.838001494,-0.860699362,0.845290850,-0.856351946,0.847618688,-0.854053591,0.849046370,-0.852788997,0.849902638,-0.852077124,0.850409098,-0.851671338,0.850706152,-0.851438395	ok
0.577956	0.491784	1.302693743,0.000000000,1.429162562	maximum	continued_angle_secant_max_iters_best	0.367139208	0.984157701	NaN	secant_max_iters_best	sign_change_pair	1.287693743	1.407693743	1.287693743	1.302693743	0.015000000	8	true	16	-0.794324573,-0.378670542,0.836234990,-0.860966461,0.843196780,-0.856054126,0.845691629,-0.853412160,0.847283591,-0.851923960,0.848276084,-0.851063428,0.848885520,-0.850558453,0.849256161,-0.850259599	ok
0.577956	0.494589	1.287693743,0.000000000,1.429162562	maximum	continued_angle_secant_max_iters_best	1.283500821	-1.004659257	NaN	secant_max_iters_best	sign_change_pair	1.310387710	1.430387710	1.280387710	1.295387710	0.015000000	8	true	16	0.793595658,0.382827998,-0.836180495,0.858365875,-0.842569599,0.854295548,-0.844736067,0.852002837,-0.846154141,0.850661584,-0.847064223,0.849858986,-0.847640564,0.849372338,-0.848002404,0.849074932	ok
0.577956	0.497395	1.310387710,0.000000000,1.429162562	maximum	continued_angle_secant_max_iters_best	0.374355263	0.954346359	NaN	secant_max_iters_best	sign_change_pair	1.310387710	1.430387710	1.295387710	1.310387710	0.015000000	8	true	16	-0.795462616,-0.367394862,0.831442073,-0.865722065,0.837939997,-0.857892827,0.841061684,-0.853710794,0.843227091,-0.851301343,0.844691670,-0.849854577,0.845663655,-0.848965039,0.846300206,-0.848410345	ok
0.577956	0.500200	1.310387710,0.000000000,1.429162562	maximum	continued_angle_secant_max_iters_best	0.374247612	0.959343125	NaN	secant_max_iters_best	sign_change_pair	1.310387710	1.430387710	1.295387710	1.310387710	0.015000000	8	true	16	-0.795631957,-0.365699084,0.830155616,-0.866368617,0.836273581,-0.858051410,0.839381250,-0.853546403,0.841604240,-0.850901762,0.843158325,-0.849278733,0.844225082,-0.848256561,0.844947492,-0.847602617	ok
0.577956	0.503006	1.310387710,0.000000000,1.429162562	maximum	continued_angle_secant_max_iters_best	0.374133857	0.964935830	NaN	secant_max_iters_best	sign_change_pair	1.310387710	1.430387710	1.295387710	1.310387710	0.015000000	8	true	16	-0.795797977,-0.364036341,0.828978162,-0.867076937,0.834723992,-0.858316542,0.837786172,-0.853507461,0.840038880,-0.850633954,0.841663263,-0.848833846,0.842814692,-0.847674178,0.843620062,-0.846914075	ok
0.577956	0.505812	1.310387710,0.000000000,1.429162562	maximum	continued_angle_secant_max_iters_best	0.374012815	0.971346023	NaN	secant_max_iters_best	sign_change_pair	1.295387710	1.415387710	1.295387710	1.310387710	0.015000000	8	true	16	-0.795959775,-0.362423263,0.827900884,-0.867838480,0.833285129,-0.858681993,0.836275544,-0.853589774,0.838531790,-0.850495794,0.840206176,-0.848519706,0.841429701,-0.847219185,0.842312469,-0.846347039	ok
0.577956	0.508617	1.295387710,0.000000000,1.429162562	maximum	continued_angle_secant_max_iters_best	1.280577828	-0.983867397	NaN	secant_max_iters_best	sign_change_pair	1.318207211	1.438207211	1.288207211	1.303207211	0.015000000	8	true	16	0.795573209,0.363911235,-0.827309740,0.867291797,-0.832300182,0.858418601,-0.835118847,0.853355626,-0.837291446,0.850208090,-0.838944470,0.848152176,-0.840185688,0.846768004,-0.841107042,0.845817858	ok
0.577956	0.511423	1.318207211,0.000000000,1.429162562	maximum	continued_angle_secant_max_iters_best	0.381265221	0.940418124	NaN	secant_max_iters_best	sign_change_pair	1.318207211	1.438207211	1.303207211	1.318207211	0.015000000	8	true	16	-0.797109911,-0.347205750,0.824832634,-0.874284184,0.829679630,-0.862185665,0.832685080,-0.855590518,0.835054517,-0.851556964,0.836909719,-0.848926200,0.838347131,-0.847142262,0.839449091,-0.845902104	ok
0.577956	0.514228	1.318207211,0.000000000,1.429162562	maximum	continued_angle_secant_max_iters_best	0.381168133	0.945592340	NaN	secant_max_iters_best	sign_change_pair	1.318207211	1.438207211	1.303207211	1.318207211	0.015000000	8	true	16	-0.797280636,-0.345100001,0.824022592,-0.875460752,0.828548449,-0.863002515,0.831416905,-0.856144472,0.833713917,-0.851896724,0.835549591,-0.849084445,0.837006040,-0.847144955,0.838151784,-0.845771565	ok
0.577956	0.517034	1.318207211,0.000000000,1.429162562	maximum	continued_angle_secant_max_iters_best	0.381064459	0.951484452	NaN	secant_max_iters_best	sign_change_pair	1.303207211	1.423207211	1.303207211	1.318207211	0.015000000	8	true	16	-0.797447564,-0.343048853,0.823276695,-0.876695157,0.827498191,-0.863921269,0.830223206,-0.856822370,0.832433983,-0.852373089,0.834232590,-0.849386136,0.835690442,-0.847293621,0.836864821,-0.845786200	ok
0.577956	0.519840	1.303207211,0.000000000,1.429162562	maximum	continued_angle_secant_max_iters_best	1.276670208	-0.968239369	NaN	secant_max_iters_best	sign_change_pair	1.325956717	1.445956717	1.295956717	1.310956717	0.015000000	8	true	16	0.797002705,0.346958833,-0.823011050,0.875763850,-0.826885293,0.863775334,-0.829395940,0.856912730,-0.831457832,0.852514673,-0.833161645,0.849503346,-0.834568500,0.847353375,-0.835725731,0.845774932	ok
0.577956	0.522645	1.325956717,0.000000000,1.429162562	maximum	continued_angle_secant_max_iters_best	0.388136495	0.922349415	NaN	secant_max_iters_best	sign_change_pair	1.325956717	1.445956717	1.310956717	1.325956717	0.015000000	8	true	16	-0.798577067,-0.323155923,0.821112949,-0.884515553,0.824912204,-0.868688789,0.827471594,-0.860134589,0.829576112,-0.854792264,0.831333419,-0.851171410,0.832808255,-0.848588862,0.834046069,-0.846683523	ok
0.577956	0.525451	1.325956717,0.000000000,1.429162562	maximum	continued_angle_secant_max_iters_best	0.388055007	0.927172780	NaN	secant_max_iters_best	sign_change_pair	1.325956717	1.445956717	1.310956717	1.325956717	0.015000000	8	true	16	-0.798752037,-0.320413597,0.820535515,-0.886214880,0.824082083,-0.870083979,0.826489035,-0.861306884,0.828477231,-0.855780261,0.830152572,-0.851997502,0.831576786,-0.849268614,0.832791229,-0.847229393	ok
0.577956	0.528257	1.325956717,0.000000000,1.429162562	maximum	continued_angle_secant_max_iters_best	0.387967504	0.932639442	NaN	secant_max_iters_best	sign_change_pair	1.310956717	1.430956717	1.310956717	1.325956717	0.015000000	8	true	16	-0.798923542,-0.317729958,0.820000032,-0.887984184,0.823308767,-0.871593051,0.825566269,-0.862616280,0.827435657,-0.856921520,0.829021387,-0.852989184,0.830383233,-0.850123339,0.831559883,-0.847957037	ok
0.577956	0.531062	1.310956717,0.000000000,1.429162562	maximum	continued_angle_secant_max_iters_best	1.272918007	-0.952999072	NaN	secant_max_iters_best	sign_change_pair	1.333662948	1.453662948	1.303662948	1.318662948	0.015000000	8	true	16	0.798439278,0.325008949,-0.819900634,0.886738533,-0.822908363,0.871646445,-0.824960987,0.863105947,-0.826670100,0.857570896,-0.828130111,0.853683735,-0.829395498,0.850807800,-0.830501219,0.848602246	ok
0.577956	0.533868	1.333662948,0.000000000,1.429162562	maximum	continued_angle_secant_max_iters_best	0.394890651	0.904944568	NaN	secant_max_iters_best	sign_change_pair	1.333662948	1.453662948	1.318662948	1.333662948	0.015000000	8	true	16	-0.800036616,-0.291020709,0.818417278,-0.897317263,0.821429759,-0.877691920,0.823494865,-0.867297707,0.825188093,-0.860782173,0.826625901,-0.856286237,0.827872296,-0.852988231,0.828966604,-0.850465839	ok
0.577956	0.536673	1.333662948,0.000000000,1.429162562	maximum	continued_angle_secant_max_iters_best	0.394823937	0.909463638	NaN	secant_max_iters_best	sign_change_pair	1.333662948	1.453662948	1.318662948	1.333662948	0.015000000	8	true	16	-0.800215490,-0.287324902,0.817990634,-0.899618313,0.820808783,-0.879730182,0.822737794,-0.869153642,0.824313165,-0.862495942,0.825649681,-0.857879138,0.826810396,-0.854472504,0.827833886,-0.851849033	ok
0.577956	0.539479	1.333662948,0.000000000,1.429162562	maximum	continued_angle_secant_max_iters_best	0.394751692	0.914567233	NaN	secant_max_iters_best	sign_change_pair	1.318662948	1.438662948	1.318662948	1.333662948	0.015000000	8	true	16	-0.800391179,-0.283688130,0.817592055,-0.902008392,0.820226949,-0.881905035,0.822025486,-0.871171724,0.823486279,-0.864391481,0.824722045,-0.859671113,0.825794706,-0.856171838,0.826742099,-0.853462322	ok
0.577956	0.542285	1.318662948,0.000000000,1.429162562	maximum	continued_angle_secant_max_iters_best	1.269291893	-0.938043211	NaN	secant_max_iters_best	sign_change_pair	1.341337798	1.461337798	1.311337798	1.326337798	0.015000000	8	true	16	0.799880600,0.295894954,-0.817574762,0.900579663,-0.819944879,0.882303069,-0.821562599,0.872202619,-0.822877290,0.865695063,-0.823989379,0.861102851,-0.824955060,0.857662330,-0.825809070,0.854973741	ok
0.577956	0.545090	1.341337798,0.000000000,1.429162562	maximum	continued_angle_secant_max_iters_best	0.401541670	0.888105984	NaN	secant_max_iters_best	sign_change_pair	1.341337798	1.461337798	1.326337798	1.341337798	0.015000000	8	true	16	-0.801490053,-0.246687191,0.816401299,-0.912918232,0.818834789,-0.889435677,0.820465064,-0.877343546,0.821755430,-0.869844869,0.822827673,-0.864674820,0.823747089,-0.860859019,0.824552918,-0.857906368	ok
0.577956	0.547896	1.341337798,0.000000000,1.429162562	maximum	continued_angle_secant_max_iters_best	0.401489033	0.892356388	NaN	secant_max_iters_best	sign_change_pair	1.341337798	1.461337798	1.326337798	1.341337798	0.015000000	8	true	16	-0.801672549,-0.241498789,0.816075281,-0.915904841,0.818357643,-0.892215688,0.819875188,-0.879991945,0.821064114,-0.872407655,0.822043522,-0.867177460,0.822877174,-0.863316177,0.823603334,-0.860326769	ok
0.577956	0.550701	1.341337798,0.000000000,1.429162562	maximum	continued_angle_secant_max_iters_best	0.401431283	0.897143787	NaN	secant_max_iters_best	sign_change_pair	1.326337798	1.446337798	1.326337798	1.341337798	0.015000000	8	true	16	-0.801852095,-0.236359382,0.815768442,-0.919002852,0.817907439,-0.895165560,0.819317639,-0.882840955,0.820409971,-0.875195251,0.821300652,-0.869927147,0.822051787,-0.866041981,0.822700581,-0.863037377	ok
0.577956	0.553507	1.326337798,0.000000000,1.429162562	maximum	continued_angle_secant_max_iters_best	1.265777936	-0.923295467	NaN	secant_max_iters_best	sign_change_pair	1.348988290	1.468988290	1.318988290	1.333988290	0.015000000	8	true	16	0.801325627,0.256075456,-0.815783782,0.917653824,-0.817687344,0.896143031,-0.818942690,0.884637975,-0.819911461,0.877380622,-0.820696540,0.872334623,-0.821353834,0.868594551,-0.821917202,0.865694384	ok
0.577956	0.556313	1.348988290,0.000000000,1.429162562	maximum	continued_angle_secant_max_iters_best	0.408098367	0.871770373	NaN	secant_max_iters_best	sign_change_pair	1.348988290	1.468988290	1.333988290	1.348988290	0.015000000	8	true	16	-0.802938271,-0.183149162,0.814857318,-0.931344257,0.816854968,-0.904233682,0.818127318,-0.890691577,0.819077390,-0.882482762,0.819828114,-0.876925978,0.820443457,-0.872888802,0.820961057,-0.869808259	ok
0.577956	0.559118	1.348988290,0.000000000,1.429162562	maximum	continued_angle_secant_max_iters_best	0.408059195	0.875780773	NaN	secant_max_iters_best	sign_change_pair	1.348988290	1.468988290	1.333988290	1.348988290	0.015000000	8	true	16	-0.803124150,-0.175511999,0.814600698,-0.935058015,0.816477500,-0.907878362,0.817658189,-0.894287410,0.818526516,-0.886073052,0.819202512,-0.880537992,0.819748485,-0.876539224,0.820200998,-0.873507601	ok
0.577956	0.561924	1.348988290,0.000000000,1.429162562	maximum	continued_angle_secant_max_iters_best	0.408015276	0.880289092	NaN	secant_max_iters_best	sign_change_pair	1.333988290	1.453988290	1.333988290	1.348988290	0.015000000	8	true	16	-0.803307280,-0.167888777,0.814357352,-0.938896736,0.816118698,-0.911734074,0.817212191,-0.898136085,0.818003412,-0.889947510,0.818609456,-0.884461602,0.819090962,-0.880526669,0.819483454,-0.877568032	ok
0.577956	0.564729	1.333988290,0.000000000,1.429162562	maximum	continued_angle_secant_max_iters_best	1.262367383	-0.908695174	NaN	secant_max_iters_best	sign_change_pair	1.356619176	1.476619176	1.326619176	1.341619176	0.015000000	8	true	16	0.802773733,0.199537395,-0.814373283,0.938084091,-0.815926712,0.913628791,-0.816890705,0.901013227,-0.817582324,0.893326786,-0.818105646,0.888162071,-0.818515498,0.884465278,-0.818844310,0.881700772	ok
0.577956	0.567535	1.356619176,0.000000000,1.429162562	maximum	continued_angle_secant_max_iters_best	0.414567068	0.855891873	NaN	secant_max_iters_best	sign_change_pair	1.356619176	1.476619176	1.341619176	1.356619176	0.015000000	8	true	16	-0.804381870,-0.088036645,0.813657901,-0.952075485,0.815308611,-0.922400236,0.816287220,-0.907917697,0.816964224,-0.899418590,0.817461447,-0.893866092,0.817840528,-0.889984503,0.818136991,-0.887143421	ok
0.577956	0.570341	1.356619176,0.000000000,1.429162562	maximum	continued_angle_secant_max_iters_best	0.414540813	0.859686052	NaN	secant_max_iters_best	sign_change_pair	1.356619176	1.476619176	1.341619176	1.356619176	0.015000000	8	true	16	-0.804570924,-0.076211194,0.813450657,-0.956409371,0.815001052,-0.927029627,0.815904824,-0.912656376,0.816517768,-0.904272721,0.816958807,-0.898848487,0.817287979,-0.895102318,0.817539770,-0.892398842	ok
0.577956	0.573146	1.356619176,0.000000000,1.429162562	maximum	continued_angle_secant_max_iters_best	0.414510133	0.863945680	NaN	secant_max_iters_best	sign_change_pair	1.356619176	1.476619176	1.341619176	1.356619176	0.015000000	8	true	16	-0.804757405,-0.064312206,0.813252500,-0.960837344,0.814706371,-0.931907472,0.815538907,-0.917708755,0.816091792,-0.909483434,0.816481014,-0.904220084,0.816764940,-0.900635176,0.816976998,-0.898089618	ok
0.577956	0.575952	1.356619176,0.000000000,1.429162562	maximum	continued_angle_secant_max_iters_best	0.414474081	0.868849155	NaN	secant_max_iters_best	sign_change_pair	1.341619176	1.461619176	1.341619176	1.356619176	0.015000000	8	true	16	-0.804940570,-0.052470818,0.813062818,-0.965337406,0.814423516,-0.937037586,0.815188184,-0.923088547,0.815684848,-0.915068733,0.816026442,-0.910000380,0.816269599,-0.906602044,0.816446610,-0.904232712	ok
0.577956	0.578758	1.341619176,0.000000000,1.429162562	maximum	continued_angle_secant_max_iters_best	1.259932894	-0.887903083	NaN	secant_max_iters_best	sign_change_pair	1.364404701	1.484404701	1.334404701	1.349404701	0.015000000	8	true	16	0.804753945,0.064242877,-0.812935026,0.968640159,-0.814179484,0.941843900,-0.814868590,0.928495447,-0.815306821,0.920856996,-0.815601244,0.916085833,-0.815805588,0.912938131,-0.815950403,0.910785977	ok
0.577956	0.581563	1.364404701,0.000000000,1.429162562	maximum	continued_angle_secant_max_iters_best	0.421082895	0.843347996	NaN	secant_max_iters_best	sign_change_pair	1.364404701	1.484404701	1.349404701	1.364404701	0.015000000	8	true	16	-0.806028501,0.081987331,0.812547602,-0.977980286,0.813811796,-0.949742852,0.814481467,-0.935778637,0.814893118,-0.927962952,0.815161136,-0.923194665,0.815341500,-0.920125594,0.815465398,-0.918081134	ok
0.577956	0.584369	1.364404701,0.000000000,1.429162562	maximum	continued_angle_secant_max_iters_best	0.421065600	0.847334692	NaN	secant_max_iters_best	sign_change_pair	1.364404701	1.484404701	1.349404701	1.364404701	0.015000000	8	true	16	-0.806218434,0.101417241,0.812381881,-0.982373358,0.813561311,-0.955620036,0.814171975,-0.942198005,0.814537619,-0.934751848,0.814769132,-0.930283957,0.814920401,-0.927468849,0.815021150,-0.925639413	ok
0.577956	0.587174	1.364404701,0.000000000,1.429162562	maximum	continued_angle_secant_max_iters_best	0.421043376	0.851907338	NaN	secant_max_iters_best	sign_change_pair	1.349404701	1.469404701	1.349404701	1.364404701	0.015000000	8	true	16	-0.806405318,0.120880549,0.812221192,-0.986611578,0.813318186,-0.961706241,0.813872628,-0.948960207,0.814195499,-0.941952565,0.814393968,-0.937823346,0.814519650,-0.935281747,0.814600658,-0.933674069	ok
0.577956	0.589980	1.349404701,0.000000000,1.429162562	maximum	continued_angle_secant_max_iters_best	1.256554072	-0.873289284	NaN	secant_max_iters_best	sign_change_pair	1.372129846	1.492129846	1.342129846	1.357129846	0.015000000	8	true	16	0.806191602,-0.092184161,-0.812104037,0.989859445,-0.813098534,0.967543963,-0.813591625,0.955823730,-0.813870939,0.949425445,-0.814037479,0.945724057,-0.814139550,0.943501438,-0.814203114,0.942135642	ok
0.577956	0.592786	1.372129846,0.000000000,1.429162562	maximum	continued_angle_secant_max_iters_best	0.427501233	0.827654033	NaN	secant_max_iters_best	sign_change_pair	1.372129846	1.492129846	1.357129846	1.372129846	0.015000000	8	true	16	-0.807477304,0.329323370,0.811825594,-0.995070659,0.812824888,-0.974899716,0.813286470,-0.963712703,0.813538702,-0.957675722,0.813683797,-0.954265470,0.813769529,-0.952276990,0.813820948,-0.951094652	ok
0.577956	0.595591	1.372129846,0.000000000,1.429162562	maximum	continued_angle_secant_max_iters_best	0.427496584	0.831408769	NaN	secant_max_iters_best	sign_change_pair	1.372129846	1.492129846	1.357129846	1.372129846	0.015000000	8	true	16	-0.807670389,0.359279091,0.811667439,-0.997736056,0.812600826,-0.981116987,0.813012518,-0.971197111,0.813230157,-0.965868337,0.813350987,-0.962922652,0.813419760,-0.961255155,0.813459424,-0.960297034	ok
0.577956	0.598397	1.372129846,0.000000000,1.429162562	maximum	continued_angle_secant_max_iters_best	0.427487366	0.835706019	NaN	secant_max_iters_best	sign_change_pair	1.357129846	1.477129846	1.357129846	1.372129846	0.015000000	8	true	16	-0.807860630,0.388973781,0.811465093,-0.999497831,0.812379279,-0.987108417,0.812743404,-0.978701625,0.812929200,-0.974182175,0.813028507,-0.971738598,0.813082810,-0.970398525,0.813112861,-0.969656401	ok
0.577956	0.601202	1.357129846,0.000000000,1.429162562	maximum	continued_angle_secant_max_iters_best	1.253308631	-0.858843575	NaN	secant_max_iters_best	sign_change_pair	1.379822536	1.499822536	1.349822536	1.364822536	0.015000000	8	true	16	0.807634990,-0.337282967,-0.811416325,0.999972390,-0.812160316,0.992543649,-0.812478268,0.985942861,-0.812634482,0.982348197,-0.812714647,0.980444847,-0.812756644,0.979435315,-0.812778875,0.978897910	ok
0.577956	0.604008	1.379822536,0.000000000,1.429162562	maximum	continued_angle_secant_max_iters_best	0.433822501	0.812456158	NaN	secant_max_iters_best	sign_change_pair	1.379822536	1.499822536	1.364822536	1.379822536	0.015000000	8	true	16	-0.808920105,0.656179700,-0.811335240,0.999063886,-0.811954786,0.996792528,-0.812220927,0.992371385,-0.812346707,0.989866946,-0.812408537,0.988561664,-0.812439482,0.987892433,-0.812455106,0.987550774	ok
0.577956	0.606814	1.379822536,0.000000000,1.429162562	maximum	continued_angle_secant_max_iters_best	0.433829925	0.816006554	NaN	secant_max_iters_best	sign_change_pair	1.379822536	1.499822536	1.364822536	1.379822536	0.015000000	8	true	16	-0.809116111,0.689122440,-0.811195471,0.995875321,-0.811734127,0.999585883,-0.811956599,0.997515894,-0.812057213,0.996123870,-0.812104365,0.995390702,-0.812126809,0.995025169,-0.812137573,0.994846246	ok
0.577956	0.609619	1.379822536,0.000000000,1.429162562	maximum	continued_angle_secant_max_iters_best	0.433833090	0.820064969	NaN	secant_max_iters_best	sign_change_pair	1.364822536	1.484822536	1.364822536	1.379822536	0.015000000	8	true	16	-0.809309455,0.720068281,-0.811051068,0.989422166,-0.811507138,0.999483218,-0.811687757,0.999975929,-0.811765566,0.999738989,-0.811800168,0.999557501,-0.811815761,0.999461270,-0.811822828,0.999414777	ok
0.577956	0.612425	1.364822536,0.000000000,1.429162562	maximum	continued_angle_secant_max_iters_best	1.250169291	-0.844537509	NaN	secant_max_iters_best	sign_change_pair	1.387492907	1.507492907	1.357492907	1.372492907	0.015000000	8	true	16	0.809081658,-0.661312047,0.810853526,-0.975199340,0.811253466,-0.993961318,0.811403419,-0.997400105,0.811464429,-0.998352093,0.811489985,-0.998680838,0.811500816,-0.998808159,0.811505426,-0.998860249	ok
0.577956	0.615230	1.387492907,0.000000000,1.429162562	maximum	continued_angle_secant_max_iters_best	0.440057356	0.797690719	NaN	secant_max_iters_best	sign_change_pair	1.387492907	1.507492907	1.372492907	1.387492907	0.015000000	8	true	16	-0.810357934,0.914266070,-0.810895476,0.972930344,-0.811071468,0.983829767,-0.811137279,0.987044741,-0.811162867,0.988178704,-0.811172966,0.988608691,-0.811176971,0.988776549,-0.811178562,0.988842852	ok
0.577956	0.618036	1.387492907,0.000000000,1.429162562	maximum	continued_angle_secant_max_iters_best	0.440076357	0.801058432	NaN	secant_max_iters_best	sign_change_pair	1.387492907	1.507492907	1.372492907	1.387492907	0.015000000	8	true	16	-0.810556680,0.930737377,-0.810732353,0.951564320,-0.810792314,0.957638409,-0.810813832,0.959692208,-0.810821673,0.960424262,-0.810824545,0.960690260,-0.810825597,0.960787595,-0.810825985,0.960823306	ok
0.577956	0.620842	1.387492907,0.000000000,1.429162562	maximum	continued_angle_secant_max_iters_best	0.440091371	0.804906231	NaN	secant_max_iters_best	sign_change_pair	1.372492907	1.492492907	1.372492907	1.387492907	0.015000000	8	true	16	-0.810752913,0.944714786,-0.810535912,0.915526156,-0.810454953,0.902599502,-0.810426571,0.897791713,-0.810416850,0.896111777,-0.810413544,0.895537301,-0.810412428,0.895342302,-0.810412050,0.895276276	ok
0.577956	0.623647	1.372492907,0.000000000,1.429162562	maximum	continued_angle_secant_max_iters_best	1.247125165	-0.830353904	NaN	secant_max_iters_best	sign_change_pair	1.395147011	1.515147011	1.365147011	1.380147011	0.015000000	8	true	16	0.810530646,-0.916890556,0.810090359,-0.805884205,-0.810077585,0.806536752,0.810076703,-0.806277536,-0.810077054,0.806381451,0.810076915,-0.806339824,-0.810076971,0.806356519,0.810076950,-0.806349838	ok
0.577956	0.626453	1.395147011,0.000000000,1.429162562	maximum	continued_angle_secant_max_iters_best	0.446212580	0.783316164	NaN	secant_max_iters_best	sign_change_pair	1.395147011	1.515147011	1.380147011	1.395147011	0.015000000	8	true	16	-0.811791408,0.997674380,0.810400863,-0.857776278,-0.811012846,0.966415522,0.810762590,-0.932670882,-0.810881137,0.950445158,0.810828066,-0.942898286,-0.810852475,0.946451287,0.810841383,-0.944853874	ok
0.577956	0.629259	1.395147011,0.000000000,1.429162562	maximum	continued_angle_secant_max_iters_best	0.446242718	0.786519047	NaN	secant_max_iters_best	sign_change_pair	1.395147011	1.515147011	1.380147011	1.395147011	0.015000000	8	true	16	-0.811992733,0.999260433,0.811342454,-0.982855520,-0.811584247,0.995149884,0.811455589,-0.989724180,-0.811526391,0.993001328,0.811488104,-0.991321426,-0.811509009,0.992265000,0.811497655,-0.991760419	ok
0.577956	0.632064	1.395147011,0.000000000,1.429162562	maximum	continued_angle_secant_max_iters_best	0.446269106	0.790179196	NaN	secant_max_iters_best	sign_change_pair	1.380147011	1.500147011	1.380147011	1.395147011	0.015000000	8	true	16	-0.812191673,0.999940486,0.812165463,-0.999450983,-0.812066687,0.999980649,0.812129017,-0.999726687,-0.812090030,0.999919128,0.812114551,-0.999810816,-0.812099183,0.999883846,0.812108838,-0.999839960	ok
0.577956	0.634870	1.380147011,0.000000000,1.429162562	maximum	continued_angle_secant_max_iters_best	1.244169290	-0.816285021	NaN	secant_max_iters_best	sign_change_pair	1.402789161	1.522789161	1.372789161	1.387789161	0.015000000	8	true	16	0.811981307,-0.998124765,-0.813097161,0.979830397,0.812346117,-0.999063928,-0.812888513,0.986595009,0.812513526,-0.996424628,-0.812781349,0.989797015,0.812594173,-0.994687412,-0.812727070,0.991319646	ok
0.577956	0.637675	1.402789161,0.000000000,1.429162562	maximum	continued_angle_secant_max_iters_best	0.452293222	0.769301483	NaN	secant_max_iters_best	sign_change_pair	1.402789161	1.522789161	1.387789161	1.402789161	0.015000000	8	true	16	-0.813220952,0.988033327,0.813385110,-0.974814582,-0.813074695,0.985186664,0.813317833,-0.977128543,-0.813129578,0.983425762,0.813276681,-0.978531169,-0.813162538,0.982348963,0.813251599,-0.979380203	ok
0.577956	0.640481	1.402789161,0.000000000,1.429162562	maximum	continued_angle_secant_max_iters_best	0.452334093	0.772354668	NaN	secant_max_iters_best	sign_change_pair	1.402789161	1.522789161	1.387789161	1.402789161	0.015000000	8	true	16	-0.813424710,0.984973701,0.814131195,-0.953923302,-0.813371392,0.980068062,0.814019916,-0.957675078,-0.813475832,0.976519644,0.813939219,-0.960434444,-0.813549369,0.973982289,0.813880854,-0.962446536	ok
0.577956	0.643287	1.402789161,0.000000000,1.429162562	maximum	continued_angle_secant_max_iters_best	0.452371426	0.775846437	NaN	secant_max_iters_best	sign_change_pair	1.387789161	1.507789161	1.387789161	1.402789161	0.015000000	8	true	16	-0.813626195,0.981836998,0.814867884,-0.935189215,-0.813598580,0.977081644,0.814761465,-0.938324675,-0.813712429,0.973156349,0.814672530,-0.941014781,-0.813804776,0.969941702,0.814598302,-0.943307762	ok
0.577956	0.646092	1.387789161,0.000000000,1.429162562	maximum	continued_angle_secant_max_iters_best	1.241296437	-0.802330466	NaN	secant_max_iters_best	sign_change_pair	1.410422806	1.530422806	1.380422806	1.395422806	0.015000000	8	true	16	0.813433153,-0.986940744,-0.815783800,0.915030661,0.813515971,-0.984362663,-0.815725357,0.916379529,0.813593820,-0.981849403,-0.815669128,0.917701595,0.813666563,-0.979436287,-0.815615378,0.918988019	ok
0.577956	0.648898	1.410422806,0.000000000,1.429162562	maximum	continued_angle_secant_max_iters_best	0.458303396	0.755621714	NaN	secant_max_iters_best	sign_change_pair	1.410422806	1.530422806	1.395422806	1.410422806	0.015000000	8	true	16	-0.814646872,0.957887144,0.815904666,-0.915404865,-0.814386421,0.959327665,0.815941478,-0.914563674,-0.814341457,0.960869200,0.815980178,-0.913690347,-0.814293639,0.962516014,0.816020880,-0.912783650	ok
0.577956	0.651703	1.410422806,0.000000000,1.429162562	maximum	continued_angle_secant_max_iters_best	0.458354631	0.758538257	NaN	secant_max_iters_best	sign_change_pair	1.410422806	1.530422806	1.395422806	1.410422806	0.015000000	8	true	16	-0.814852938,0.954421025,0.816606668,-0.903561090,-0.814491807,0.960367620,0.816760424,-0.900706288,-0.814275058,0.967827396,0.816941270,-0.897530904,-0.813993006,0.977453446,0.817161478,-0.893913879	ok
0.577956	0.654509	1.410422806,0.000000000,1.429162562	maximum	continued_angle_secant_max_iters_best	0.458402515	0.761878141	NaN	secant_max_iters_best	sign_change_pair	1.395422806	1.515422806	1.395422806	1.410422806	0.015000000	8	true	16	-0.815056823,0.951085936,0.817305085,-0.893827499,-0.814525090,0.963786555,0.817635132,-0.888897734,0.814103803,-0.978350750,-0.817973718,0.884363489,-0.814790772,0.958426440,0.817501066,-0.890835815	ok
0.577956	0.657315	1.395422806,0.000000000,1.429162562	maximum	continued_angle_secant_max_iters_best	1.238502300	-0.788495389	NaN	secant_max_iters_best	sign_change_pair	1.418050975	1.538050975	1.388050975	1.403050975	0.015000000	8	true	16	0.814885736,-0.956038840,-0.818226779,0.882967634,-0.814801078,0.960585766,0.818344278,-0.881563851,0.815031923,-0.954051106,-0.818173572,0.883620761,-0.814689401,0.963830703,0.818425084,-0.880628338	ok
0.577956	0.660120	1.418050975,0.000000000,1.429162562	maximum	continued_angle_secant_max_iters_best	0.464246690	0.742255642	NaN	secant_max_iters_best	sign_change_pair	1.418050975	1.538050975	1.403050975	1.418050975	0.015000000	8	true	16	-0.816069426,0.929978230,0.818189833,-0.885185109,-0.815268565,0.947821855,0.818783800,-0.878246958,0.815420182,-0.945834424,-0.818724724,0.878880354,-0.815304778,0.948918296,0.818815700,-0.877909740	ok
0.577956	0.662926	1.418050975,0.000000000,1.429162562	maximum	continued_angle_secant_max_iters_best	0.464307946	0.745046938	NaN	secant_max_iters_best	sign_change_pair	1.418050975	1.538050975	1.403050975	1.418050975	0.015000000	8	true	16	-0.816277679,0.927127265,0.818857494,-0.878990641,-0.815156762,0.955393070,0.819781826,-0.870299187,0.816828201,-0.915991530,-0.818362791,0.884767421,0.816042387,-0.928912777,-0.818928171,0.878236660	ok
0.577956	0.665731	1.418050975,0.000000000,1.429162562	maximum	continued_angle_secant_max_iters_best	0.464366018	0.748249240	NaN	secant_max_iters_best	sign_change_pair	1.403050975	1.523050975	1.403050975	1.418050975	0.015000000	8	true	16	-0.816483837,0.924426111,0.819522855,-0.873820946,0.815972213,-0.936129898,-0.819973720,0.869965392,-0.816827406,0.917481734,0.819208938,-0.876827598,-0.815668795,0.943278433,0.820211765,-0.868122372	ok
0.577956	0.668537	1.403050975,0.000000000,1.429162562	maximum	continued_angle_secant_max_iters_best	1.235783083	-0.774788837	NaN	secant_max_iters_best	sign_change_pair	1.425676589	1.545676589	1.395676589	1.410676589	0.015000000	8	true	16	0.816338655,-0.927936805,-0.820444165,0.867545103,-0.817324562,0.909872701,0.819581557,-0.874630336,-0.816103995,0.934271970,0.820686788,-0.865843758,0.817748531,-0.903035132,-0.819162271,0.878790134	ok
0.577956	0.671343	1.425676589,0.000000000,1.429162562	maximum	continued_angle_secant_max_iters_best	0.470126425	0.729184341	NaN	secant_max_iters_best	sign_change_pair	1.425676589	1.545676589	1.410676589	1.425676589	0.015000000	8	true	16	-0.817488836,0.908423603,0.820264613,-0.870056248,0.816581232,-0.925981462,-0.821139525,0.863941280,-0.818227731,0.897277188,0.819512141,-0.876685562,-0.817284203,0.908906395,0.820293132,-0.869832701	ok
0.577956	0.674148	1.425676589,0.000000000,1.429162562	maximum	continued_angle_secant_max_iters_best	0.470197382	0.731860390	NaN	secant_max_iters_best	sign_change_pair	1.425676589	1.545676589	1.410676589	1.425676589	0.015000000	8	true	16	-0.817699168,0.906287294,0.820899366,-0.866537069,0.817459133,-0.910340350,-0.821142642,0.864934113,-0.817919396,0.902832811,0.820673819,-0.868120504,0.816992505,-0.919123101,-0.821604385,0.862157252	ok
0.577956	0.676954	1.425676589,0.000000000,1.429162562	maximum	continued_angle_secant_max_iters_best	0.470265307	0.734937601	NaN	secant_max_iters_best	sign_change_pair	1.410676589	1.530676589	1.410676589	1.425676589	0.015000000	8	true	16	-0.817907479,0.904276863,0.821532216,-0.863533897,0.818305031,-0.898399242,-0.821112771,0.866162753,-0.817481809,0.911438476,0.821972071,-0.861062700,0.819091124,-0.888628386,-0.820256854,0.872562730	ok
0.577956	0.679760	1.410676589,0.000000000,1.429162562	maximum	continued_angle_secant_max_iters_best	1.233135243	-0.761222249	NaN	secant_max_iters_best	sign_change_pair	1.433302764	1.553302764	1.403302764	1.418302764	0.015000000	8	true	16	0.817791514,-0.906515049,-0.822440439,0.859557187,-0.819627096,0.883906843,0.820485789,-0.871899099,-0.818696268,0.891426084,0.821274728,-0.866139634,0.817318857,-0.916220555,-0.823000539,0.856984059	ok
0.577956	0.682565	1.433302764,0.000000000,1.429162562	maximum	continued_angle_secant_max_iters_best	0.475945897	0.716389963	NaN	secant_max_iters_best	sign_change_pair	1.433302764	1.553302764	1.418302764	1.433302764	0.015000000	8	true	16	-0.818905308,0.892704171,0.822140838,-0.861977184,0.818782499,-0.894246296,-0.822279024,0.861246543,-0.819044773,0.891032468,0.821984182,-0.862835819,0.818472736,-0.898389611,-0.822623268,0.859527165	ok
0.577956	0.685371	1.433302764,0.000000000,1.429162562	maximum	continued_angle_secant_max_iters_best	0.476026259	0.718959521	NaN	secant_max_iters_best	sign_change_pair	1.433302764	1.553302764	1.418302764	1.433302764	0.015000000	8	true	16	-0.819117622,0.891170521,0.822743202,-0.859801729,0.819596281,-0.885895006,-0.822189701,0.862626570,-0.818497402,0.899278455,0.823448164,-0.856680872,0.820844011,-0.875071336,-0.820703478,0.872553865	ok
0.577956	0.688176	1.433302764,0.000000000,1.429162562	maximum	continued_angle_secant_max_iters_best	0.476103726	0.721922529	NaN	secant_max_iters_best	sign_change_pair	1.433302764	1.553302764	1.418302764	1.433302764	0.015000000	8	true	16	-0.819327983,0.889734383,0.823343876,-0.857905838,0.820400245,-0.879239753,-0.822068074,0.864241994,0.818989213,-0.892878846,-0.823652418,0.856626498,-0.820944691,0.874998717,0.821405287,-0.868422781	ok
0.577956	0.690982	1.433302764,0.000000000,1.429162562	maximum	continued_angle_secant_max_iters_best	0.476177439	0.725459435	NaN	secant_max_iters_best	sign_change_pair	1.433302764	1.553302764	1.418302764	1.433302764	0.015000000	8	true	16	-0.819535721,0.888398312,0.823943896,-0.856240569,0.821200274,-0.873848092,-0.821913058,0.866137450,0.820243717,-0.879334249,-0.822803192,0.861219482,-0.818976681,0.895163423,0.824610088,-0.853822539	ok
0.577956	0.693788	1.433302764,0.000000000,1.429162562	maximum	continued_angle_secant_max_iters_best	0.476246096	0.729902170	NaN	secant_max_iters_best	sign_change_pair	1.433302764	1.553302764	1.418302764	1.433302764	0.015000000	8	true	16	-0.819739828,0.887167918,0.824544824,-0.854764527,0.822000828,-0.869417161,-0.821723025,0.868375168,0.821485359,-0.870020073,-0.821855494,0.867504349,0.821276802,-0.871557568,-0.822176762,0.865517440	ok
0.577956	0.696593	1.433302764,0.000000000,1.429162562	maximum	continued_angle_secant_max_iters_best	0.476307522	0.735965655	NaN	secant_max_iters_best	sign_change_pair	1.418302764	1.538302764	1.418302764	1.433302764	0.015000000	8	true	16	-0.819938630,0.886055100,0.825149178,-0.853441096,0.822806950,-0.865720496,-0.821492256,0.871066781,0.822768274,-0.863146644,-0.820728438,0.877355975,0.823930278,-0.857817182,0.820619538,-0.879698527	ok
0.577956	0.699399	1.418302764,0.000000000,1.429162562	maximum	continued_angle_secant_max_iters_best	1.232885665	-0.740038405	NaN	secant_max_iters_best	sign_change_pair	1.448302764	1.568302764	1.418302764	1.433302764	0.015000000	8	true	16	0.820733192,-0.878598301,-0.824842642,0.855161626,-0.822037331,0.870399270,0.823311593,-0.861309344,-0.820749345,0.878444868,0.824818254,-0.855245739,0.821993690,-0.870657369,-0.823368100,0.861044986	ok
0.577956	0.702204	1.448302764,0.000000000,1.429162562	maximum	continued_angle_secant_max_iters_best	0.487132119	0.690166327	NaN	secant_max_iters_best	sign_change_pair	1.448302764	1.568302764	1.433302764	1.448302764	0.015000000	8	true	16	-0.821494074,0.874504142,0.824840042,-0.855884954,0.821772094,-0.872658886,-0.824477609,0.857197788,-0.821066078,0.877641799,0.825398519,-0.854023731,0.822779990,-0.866953318,-0.823155959,0.862910662	ok
0.577956	0.705010	1.448302764,0.000000000,1.429162562	maximum	continued_angle_secant_max_iters_best	0.487231995	0.692306461	NaN	secant_max_iters_best	sign_change_pair	1.448302764	1.568302764	1.433302764	1.448302764	0.015000000	8	true	16	-0.821711254,0.873723963,0.825384356,-0.854758135,0.822513460,-0.868917576,-0.824322073,0.858543339,0.820827901,-0.880202454,-0.826524633,0.851388250,-0.824492552,0.860255189,0.821632399,-0.873326468	ok
0.577956	0.707816	1.448302764,0.000000000,1.429162562	maximum	continued_angle_secant_max_iters_best	0.487329720	0.694733967	NaN	secant_max_iters_best	sign_change_pair	1.433302764	1.553302764	1.433302764	1.448302764	0.015000000	8	true	16	-0.821926987,0.872998959,0.825926739,-0.853749884,0.823246160,-0.865822518,-0.824156800,0.859977611,0.822146424,-0.870672843,-0.825413921,0.855354166,-0.822306484,0.870688359,0.825417428,-0.855342712	ok
0.577956	0.710621	1.433302764,0.000000000,1.429162562	maximum	continued_angle_secant_max_iters_best	1.225001446	-0.726742175	NaN	secant_max_iters_best	sign_change_pair	1.455835659	1.575835659	1.425835659	1.440835659	0.015000000	8	true	16	0.821660799,-0.875265437,-0.827077795,0.851204404,-0.825017964,0.859430229,0.822526797,-0.869171289,-0.825721429,0.855055939,-0.822619135,0.869552903,0.825817195,-0.854757083,0.822800835,-0.868583637	ok
0.577956	0.713427	1.455835659,0.000000000,1.429162562	maximum	continued_angle_secant_max_iters_best	0.492706477	0.678465006	NaN	secant_max_iters_best	sign_change_pair	1.455835659	1.575835659	1.440835659	1.455835659	0.015000000	8	true	16	-0.822893624,0.868700199,0.826262096,-0.854087370,0.823374517,-0.866345414,-0.825602871,0.856121012,-0.822055097,0.873567013,0.827421758,-0.850961749,0.825398948,-0.858693806,-0.822793647,0.868474216	ok
0.577956	0.716232	1.455835659,0.000000000,1.429162562	maximum	continued_angle_secant_max_iters_best	0.492814672	0.680537408	NaN	secant_max_iters_best	sign_change_pair	1.455835659	1.575835659	1.440835659	1.455835659	0.015000000	8	true	16	-0.823112413,0.868187080,0.826779499,-0.853274798,0.824078681,-0.863855672,-0.825442922,0.857348816,0.822695483,-0.869993544,-0.827261236,0.851995919,-0.824924769,0.860725688,0.824274627,-0.861809508	ok
0.577956	0.719038	1.455835659,0.000000000,1.429162562	maximum	continued_angle_secant_max_iters_best	0.492920782	0.682899057	NaN	secant_max_iters_best	sign_change_pair	1.440835659	1.560835659	1.440835659	1.455835659	0.015000000	8	true	16	-0.823329773,0.867715038,0.827295314,-0.852538958,0.824774988,-0.861750134,-0.825280558,0.858620573,0.823928865,-0.864159095,-0.826167237,0.855701225,-0.822563388,0.871821559,0.828384825,-0.849901586	ok
0.577956	0.721844	1.440835659,0.000000000,1.429162562	maximum	continued_angle_secant_max_iters_best	1.222691610	-0.713302758	NaN	secant_max_iters_best	sign_change_pair	1.463374633	1.583374633	1.433374633	1.448374633	0.015000000	8	true	16	0.823120841,-0.869210685,-0.828371438,0.850538820,-0.826419813,0.857164376,0.823740835,-0.865884303,-0.827369568,0.852977546,-0.824689494,0.862572119,0.826197832,-0.856277090,-0.823204849,0.868732854	ok
0.577956	0.724649	1.463374633,0.000000000,1.429162562	maximum	continued_angle_secant_max_iters_best	0.498230302	0.666981099	NaN	secant_max_iters_best	sign_change_pair	1.463374633	1.583374633	1.448374633	1.463374633	0.015000000	8	true	16	-0.824290771,0.864626544,0.827562826,-0.853109275,0.824815044,-0.862639806,-0.826820896,0.855099499,-0.823312310,0.869036755,0.828974052,-0.849795187,0.827240928,-0.855531391,-0.823227901,0.869424493	ok
0.577956	0.727455	1.463374633,0.000000000,1.429162562	maximum	continued_angle_secant_max_iters_best	0.498346597	0.668990859	NaN	secant_max_iters_best	sign_change_pair	1.463374633	1.583374633	1.448374633	1.463374633	0.015000000	8	true	16	-0.824511103,0.864306868,0.828056332,-0.852503646,0.825486451,-0.860877675,-0.826669776,0.856185172,0.824249131,-0.865025419,-0.828317927,0.851879784,-0.825946464,0.859463931,0.826021112,-0.858185557	ok
0.577956	0.730261	1.463374633,0.000000000,1.429162562	maximum	continued_angle_secant_max_iters_best	0.498460865	0.671292997	NaN	secant_max_iters_best	sign_change_pair	1.448374633	1.568374633	1.448374633	1.463374633	0.015000000	8	true	16	-0.824730019,0.864017739,0.828548635,-0.851950063,0.826150383,-0.859359920,-0.826521373,0.857284162,0.825432074,-0.860910940,-0.827251589,0.855190568,0.824073911,-0.866597287,-0.829483685,0.849893419	ok
0.577956	0.733066	1.448374633,0.000000000,1.429162562	maximum	continued_angle_secant_max_iters_best	1.220438896	-0.700126783	NaN	secant_max_iters_best	sign_change_pair	1.470922126	1.590922126	1.440922126	1.455922126	0.015000000	8	true	16	0.824579029,-0.865033468,-0.829536428,0.850372250,-0.827645834,0.855965470,0.825149209,-0.862687268,-0.828598592,0.852439799,-0.826036374,0.860187675,0.827470732,-0.855234763,-0.824636564,0.864785399	ok
0.577956	0.735872	1.470922126,0.000000000,1.429162562	maximum	continued_angle_secant_max_iters_best	0.503705832	0.655704562	NaN	secant_max_iters_best	sign_change_pair	1.470922126	1.590922126	1.455922126	1.470922126	0.015000000	8	true	16	-0.825685608,0.861771861,0.828766070,-0.852657608,0.826128006,-0.860417189,-0.828128174,0.854173245,-0.824861541,0.864631314,0.829979615,-0.850041882,0.828209305,-0.855155324,-0.825082750,0.863649408	ok
0.577956	0.738677	1.470922126,0.000000000,1.429162562	maximum	continued_angle_secant_max_iters_best	0.503830019	0.657656344	NaN	secant_max_iters_best	sign_change_pair	1.470922126	1.590922126	1.455922126	1.470922126	0.015000000	8	true	16	-0.825907420,0.861591242,0.829238954,-0.852195110,0.826771912,-0.859105128,-0.827990881,0.855132426,0.825557098,-0.862523605,-0.829668776,0.851270900,-0.827517266,0.857214848,0.826925401,-0.858033900	ok
0.577956	0.741483	1.470922126,0.000000000,1.429162562	maximum	continued_angle_secant_max_iters_best	0.503952228	0.659904865	NaN	secant_max_iters_best	sign_change_pair	1.455922126	1.575922126	1.455922126	1.470922126	0.015000000	8	true	16	-0.826127825,0.861433406,0.829711023,-0.851769254,0.827408487,-0.857958269,-0.827860171,0.856086009,0.826703089,-0.859344989,-0.828637798,0.854162230,-0.825298993,0.864153481,0.830954683,-0.849280819	ok
0.577956	0.744289	1.455922126,0.000000000,1.429162562	maximum	continued_angle_secant_max_iters_best	1.218240815	-0.687218797	NaN	secant_max_iters_best	sign_change_pair	1.478481744	1.598481744	1.448481744	1.463481744	0.015000000	8	true	16	0.826035036,-0.862146726,-0.830602620,0.850535614,-0.828742984,0.855408185,0.826703154,-0.859985901,-0.829499357,0.852810729,-0.826830476,0.859936014,0.829472470,-0.852869134,0.826780161,-0.860072545	ok
0.577956	0.747094	1.478481744,0.000000000,1.429162562	maximum	continued_angle_secant_max_iters_best	0.509135944	0.644623210	NaN	secant_max_iters_best	sign_change_pair	1.478481744	1.598481744	1.463481744	1.478481744	0.015000000	8	true	16	-0.827078294,0.859773764,0.829894537,-0.852553907,0.827347499,-0.859082135,-0.829502949,0.853392471,-0.826596946,0.861088918,0.830604905,-0.851107065,0.828582817,-0.856217109,-0.827725112,0.857679477	ok
0.577956	0.749900	1.478481744,0.000000000,1.429162562	maximum	continued_angle_secant_max_iters_best	0.509267828	0.646521109	NaN	secant_max_iters_best	sign_change_pair	1.478481744	1.598481744	1.463481744	1.478481744	0.015000000	8	true	16	-0.827301527,0.859692666,0.830350101,-0.852194226,0.827969669,-0.858063044,-0.829379419,0.854254252,0.826668943,-0.861340454,-0.831260177,0.850414536,-0.829507935,0.854792071,0.827131897,-0.859954007	ok
0.577956	0.752705	1.478481744,0.000000000,1.429162562	maximum	continued_angle_secant_max_iters_best	0.509397778	0.648721264	NaN	secant_max_iters_best	sign_change_pair	1.478481744	1.598481744	1.463481744	1.478481744	0.015000000	8	true	16	-0.827523360,0.859628692,0.830805233,-0.851861134,0.828584348,-0.857162172,-0.829265812,0.855099029,0.827805691,-0.858685028,-0.830236826,0.853004341,-0.827556400,0.859546486,0.830756659,-0.851956725	ok
0.577956	0.755511	1.478481744,0.000000000,1.429162562	maximum	continued_angle_secant_max_iters_best	0.509525125	0.651363096	NaN	secant_max_iters_best	sign_change_pair	1.478481744	1.598481744	1.463481744	1.478481744	0.015000000	8	true	16	-0.827743278,0.859582275,0.831260834,-0.851550386,0.829194084,-0.856355515,-0.829157363,0.855935603,0.828857169,-0.856636702,-0.829354194,0.855487737,0.828526783,-0.857435084,-0.829896955,0.854297383	ok
0.577956	0.758317	1.478481744,0.000000000,1.429162562	maximum	continued_angle_secant_max_iters_best	0.509648845	0.654703570	NaN	secant_max_iters_best	sign_change_pair	1.478481744	1.598481744	1.463481744	1.478481744	0.015000000	8	true	16	-0.827960496,0.859554457,0.831718235,-0.851257444,0.829801655,-0.855623507,-0.829047692,0.856776662,0.829884992,-0.854903199,-0.828486309,0.858125180,0.830802500,-0.853010702,0.828191714,-0.859009536	ok
0.577956	0.761122	1.478481744,0.000000000,1.429162562	maximum	continued_angle_secant_max_iters_best	0.509767229	0.659298263	NaN	secant_max_iters_best	sign_change_pair	1.478481744	1.598481744	1.463481744	1.478481744	0.015000000	8	true	16	-0.828173714,0.859547470,0.832179596,-0.850976764,0.830410862,-0.854948481,-0.828926116,0.857644850,0.830919442,-0.853349425,0.828179116,-0.859534838,-0.832171543,0.850991275,-0.830397733,0.854972507	ok
0.577956	0.763928	1.478481744,0.000000000,1.429162562	maximum	continued_angle_secant_max_iters_best	0.509876928	0.666771062	NaN	secant_max_iters_best	sign_change_pair	1.493481744	1.613481744	1.463481744	1.478481744	0.015000000	8	true	16	-0.828380394,0.859566377,0.832649067,-0.850699908,0.831028352,-0.854310968,-0.828769091,0.858592666,0.832001896,-0.851859056,0.829965924,-0.856249641,-0.830337460,0.855097444,0.829442445,-0.857031158	ok
0.577956	0.766733	1.493481744,0.000000000,1.429162562	maximum	continued_angle_secant_max_iters_best	0.519616853	0.621796076	NaN	secant_max_iters_best	sign_change_pair	1.493481744	1.613481744	1.478481744	1.493481744	0.015000000	8	true	16	-0.829620144,0.857400060,0.831591645,-0.853182244,0.829043824,-0.858588377,-0.832432779,0.851638670,-0.830534464,0.855658493,0.830280897,-0.855784519,-0.830379825,0.855578549,0.830217789,-0.855916805	ok
0.577956	0.769539	1.493481744,0.000000000,1.429162562	maximum	continued_angle_secant_max_iters_best	0.519764702	0.623390297	NaN	secant_max_iters_best	sign_change_pair	1.493481744	1.613481744	1.478481744	1.493481744	0.015000000	8	true	16	-0.829846982,0.857431171,0.832022420,-0.852938864,0.829654235,-0.857813216,-0.832302043,0.852429427,-0.830156619,0.856834015,0.831577257,-0.853769951,-0.828956846,0.859261909,0.833328651,-0.850633370	ok
0.577956	0.772345	1.493481744,0.000000000,1.429162562	maximum	continued_angle_secant_max_iters_best	0.519911138	0.625215372	NaN	secant_max_iters_best	sign_change_pair	1.478481744	1.598481744	1.478481744	1.493481744	0.015000000	8	true	16	-0.830072777,0.857472135,0.832452827,-0.852712909,0.830250501,-0.857132596,-0.832196718,0.853175881,-0.829775951,0.858054175,0.832884901,-0.851948363,0.830991406,-0.855776711,-0.831138493,0.855174908	ok
0.577956	0.775150	1.478481744,0.000000000,1.429162562	maximum	continued_angle_secant_max_iters_best	1.211321964	-0.654382825	NaN	secant_max_iters_best	sign_change_pair	1.500989108	1.620989108	1.470989108	1.485989108	0.015000000	8	true	16	0.829908882,-0.858241440,-0.833424623,0.851568870,-0.831735443,0.854962648,0.830824325,-0.856353200,-0.831973360,0.854140610,0.830066588,-0.857908556,-0.833175360,0.851995050,-0.831329028,0.855655325	ok
0.577956	0.777956	1.500989108,0.000000000,1.429162562	maximum	continued_angle_secant_max_iters_best	0.524853703	0.611509817	NaN	secant_max_iters_best	sign_change_pair	1.500989108	1.620989108	1.485989108	1.500989108	0.015000000	8	true	16	-0.830999282,0.856707235,0.832626286,-0.853506076,0.830160421,-0.858271275,-0.833841102,0.851415323,-0.832272315,0.854542456,0.830798107,-0.856954785,-0.832822662,0.853158257,-0.830552306,0.857523860	ok
0.577956	0.780762	1.500989108,0.000000000,1.429162562	maximum	continued_angle_secant_max_iters_best	0.525008532	0.613067884	NaN	secant_max_iters_best	sign_change_pair	1.500989108	1.620989108	1.485989108	1.500989108	0.015000000	8	true	16	-0.831227324,0.856777333,0.833048255,-0.853310764,0.830775909,-0.857590903,-0.833696399,0.852202139,-0.831909249,0.855607189,0.832081962,-0.855040669,-0.831591723,0.855956627,0.832375822,-0.854504250	ok
0.577956	0.783567	1.500989108,0.000000000,1.429162562	maximum	continued_angle_secant_max_iters_best	0.525161963	0.614865138	NaN	secant_max_iters_best	sign_change_pair	1.485989108	1.605989108	1.485989108	1.500989108	0.015000000	8	true	16	-0.831454308,0.856855108,0.833470152,-0.853128902,0.831369280,-0.857003908,-0.833591407,0.852922976,-0.831584904,0.856628958,0.833284767,-0.853446298,0.831019591,-0.857627897,-0.834094255,0.852082630	ok
0.577956	0.786373	1.485989108,0.000000000,1.429162562	maximum	continued_angle_secant_max_iters_best	1.209389955	-0.641915412	NaN	secant_max_iters_best	sign_change_pair	1.508510891	1.628510891	1.478510891	1.493510891	0.015000000	8	true	16	0.831363608,-0.857461718,-0.834319836,0.852252799,-0.832660963,0.855315217,0.832508182,-0.855352751,-0.832541461,0.855293163,0.832488624,-0.855387824,-0.832572453,0.855237759,0.832439288,-0.855476434	ok
0.577956	0.789178	1.508510891,0.000000000,1.429162562	maximum	continued_angle_secant_max_iters_best	0.530050258	0.601390879	NaN	secant_max_iters_best	sign_change_pair	1.508510891	1.628510891	1.493510891	1.508510891	0.015000000	8	true	16	-0.832376283,0.856245637,0.833649267,-0.853906630,-0.831415182,0.857882784,0.835016926,-0.851669024,0.833640814,-0.854257276,-0.831825207,0.857126883,0.834392829,-0.852672267,0.832650099,-0.855801237	ok
0.577956	0.791984	1.508510891,0.000000000,1.429162562	maximum	continued_angle_secant_max_iters_best	0.530211908	0.602916129	NaN	secant_max_iters_best	sign_change_pair	1.508510891	1.628510891	1.493510891	1.508510891	0.015000000	8	true	16	-0.832605485,0.856344145,0.834064779,-0.853748395,0.831890411,-0.857537978,-0.835077676,0.852108405,-0.833624166,0.854746899,0.832626615,-0.856210577,-0.833949258,0.853940282,0.831749438,-0.857780688	ok
0.577956	0.794790	1.508510891,0.000000000,1.429162562	maximum	continued_angle_secant_max_iters_best	0.530372170	0.604690244	NaN	secant_max_iters_best	sign_change_pair	1.508510891	1.628510891	1.493510891	1.508510891	0.015000000	8	true	16	-0.832833616,0.856448782,0.834480469,-0.853600712,0.832493169,-0.857002576,-0.834958332,0.852831888,-0.833316448,0.855686477,0.833808026,-0.854710021,-0.832898258,0.856261607,0.834317203,-0.853867077	ok
0.577956	0.797595	1.508510891,0.000000000,1.429162562	maximum	continued_angle_secant_max_iters_best	0.530530486	0.606827476	NaN	secant_max_iters_best	sign_change_pair	1.508510891	1.628510891	1.493510891	1.508510891	0.015000000	8	true	16	-0.833060250,0.856559993,0.834897003,-0.853461776,0.833074296,-0.856537718,-0.834877483,0.853492957,-0.833039921,0.856592398,0.834925379,-0.853416498,0.833123847,-0.856459138,-0.834808520,0.853603309	ok
0.577956	0.800401	1.508510891,0.000000000,1.429162562	maximum	continued_angle_secant_max_iters_best	0.530686010	0.609537685	NaN	secant_max_iters_best	sign_change_pair	1.508510891	1.628510891	1.493510891	1.508510891	0.015000000	8	true	16	-0.833284745,0.856678576,0.835315348,-0.853329450,0.833644554,-0.856118458,-0.834817212,0.854118851,0.832820825,-0.857422301,-0.835965891,0.852321551,-0.834674518,0.854581263,0.833361039,-0.856511413	ok
0.577956	0.803206	1.508510891,0.000000000,1.429162562	maximum	continued_angle_secant_max_iters_best	0.530837327	0.613272315	NaN	secant_max_iters_best	sign_change_pair	1.508510891	1.628510891	1.493510891	1.508510891	0.015000000	8	true	16	-0.833506036,0.856805997,0.835737070,-0.853200825,0.834209863,-0.855731030,-0.834766935,0.854725437,0.833797914,-0.856299746,-0.835284725,0.853904908,-0.833431688,0.856922687,0.835840509,-0.853041485	ok
0.577956	0.806012	1.508510891,0.000000000,1.429162562	maximum	continued_angle_secant_max_iters_best	0.530981679	0.619338942	NaN	secant_max_iters_best	sign_change_pair	1.523510891	1.643510891	1.493510891	1.508510891	0.015000000	8	true	16	-0.833722054,0.856945300,0.836165163,-0.853071044,0.834776415,-0.855363162,-0.834714941,0.855330264,0.834683444,-0.855380542,-0.834731555,0.855303758,0.834657984,-0.855421207,-0.834770327,0.855241975	ok
0.577956	0.808818	1.523510891,0.000000000,1.429162562	maximum	continued_angle_secant_max_iters_best	0.540097660	0.580535670	NaN	secant_max_iters_best	sign_change_pair	1.523510891	1.643510891	1.508510891	1.523510891	0.015000000	8	true	16	-0.834886278,0.855670053,0.835293989,-0.854935516,-0.834576838,0.856065728,0.835663189,-0.854362537,-0.833929575,0.857098068,0.836601355,-0.852937450,0.835347352,-0.855008368,-0.834650936,0.855948055	ok
0.577956	0.811623	1.523510891,0.000000000,1.429162562	maximum	continued_angle_secant_max_iters_best	0.540273348	0.581821015	NaN	secant_max_iters_best	sign_change_pair	1.523510891	1.643510891	1.508510891	1.523510891	0.015000000	8	true	16	-0.835118409,0.855801505,0.835702649,-0.854820597,-0.834730256,0.856332048,0.836197105,-0.854066674,0.834578147,-0.856592739,-0.836436408,0.853705936,-0.834983831,0.855996308,0.835885623,-0.854540305	ok
0.577956	0.814429	1.523510891,0.000000000,1.429162562	maximum	continued_angle_secant_max_iters_best	0.540448054	0.583301746	NaN	secant_max_iters_best	sign_change_pair	1.508510891	1.628510891	1.508510891	1.523510891	0.015000000	8	true	16	-0.835349742,0.855936843,0.836111345,-0.854713756,-0.834876160,0.856607483,0.836735928,-0.853777480,0.835350971,-0.855935136,-0.836109727,0.854716203,0.834878985,-0.856603116,-0.836731911,0.853783443	ok
0.577956	0.817234	1.508510891,0.000000000,1.429162562	maximum	continued_angle_secant_max_iters_best	1.203210761	-0.610343335	NaN	secant_max_iters_best	sign_change_pair	1.531001361	1.651001361	1.501001361	1.516001361	0.015000000	8	true	16	0.835233229,-0.856558279,-0.836971577,0.853945736,-0.835615701,0.856025667,0.836472518,-0.854685423,-0.835095507,0.856767849,0.837165502,-0.853661131,0.835921315,-0.855595400,-0.836058944,0.855305680	ok
0.577956	0.820040	1.531001361,0.000000000,1.429162562	maximum	continued_angle_secant_max_iters_best	0.545127304	0.571072542	NaN	secant_max_iters_best	sign_change_pair	1.531001361	1.651001361	1.516001361	1.531001361	0.015000000	8	true	16	-0.836251084,0.855602629,0.836335375,-0.855400468,-0.836133559,0.855701501,0.836432496,-0.855255992,-0.835985866,0.855922400,0.836646596,-0.854938528,-0.835644806,0.856433739,0.837131534,-0.854225361	ok
0.577956	0.822846	1.531001361,0.000000000,1.429162562	maximum	continued_angle_secant_max_iters_best	0.545309261	0.572335257	NaN	secant_max_iters_best	sign_change_pair	1.531001361	1.651001361	1.516001361	1.531001361	0.015000000	8	true	16	-0.836484218,0.855746887,0.836743295,-0.855304245,-0.836296344,0.855962728,0.836953702,-0.854995973,-0.835961433,0.856458033,0.837426000,-0.854309125,0.836118951,-0.856252940,-0.837231839,0.854590568	ok
0.577956	0.825651	1.531001361,0.000000000,1.429162562	maximum	continued_angle_secant_max_iters_best	0.545490231	0.573803982	NaN	secant_max_iters_best	sign_change_pair	1.516001361	1.636001361	1.516001361	1.531001361	0.015000000	8	true	16	-0.836716535,0.855894445,0.837151312,-0.855214865,-0.836455771,0.856227031,0.837473495,-0.854749704,0.836045154,-0.856827648,-0.838042051,0.853936903,-0.836979780,0.855537525,0.836795000,-0.855732366	ok
0.577956	0.828457	1.516001361,0.000000000,1.429162562	maximum	continued_angle_secant_max_iters_best	1.201509560	-0.598597919	NaN	secant_max_iters_best	sign_change_pair	1.538510826	1.658510826	1.508510826	1.523510826	0.015000000	8	true	16	0.836681807,-0.856393168,-0.837895716,0.854652820,-0.836646836,0.856457142,0.837956844,-0.854566074,0.836748960,-0.856316724,-0.837822420,0.854756977,-0.836518378,0.856634996,0.838125933,-0.854326741	ok
0.577956	0.831263	1.538510826,0.000000000,1.429162562	maximum	continued_angle_secant_max_iters_best	0.550122158	0.561751532	NaN	secant_max_iters_best	sign_change_pair	1.538510826	1.658510826	1.523510826	1.538510826	0.015000000	8	true	16	-0.837613818,0.855617955,0.837385756,-0.855879747,-0.837652603,0.855500848,0.837262591,-0.856054899,-0.837826565,0.855254485,0.836990436,-0.856442051,-0.838202775,0.854724069,-0.837032368,0.856397434	ok
0.577956	0.834068	1.538510826,0.000000000,1.429162562	maximum	continued_angle_secant_max_iters_best	0.550310255	0.562994417	NaN	secant_max_iters_best	sign_change_pair	1.538510826	1.658510826	1.523510826	1.538510826	0.015000000	8	true	16	-0.837847920,0.855772325,0.837795014,-0.855797286,-0.837820679,0.855761250,0.837783599,-0.855813314,-0.837837104,0.855738196,0.837759763,-0.855846787,-0.837871291,0.855690219,0.837709858,-0.855916892	ok
0.577956	0.836874	1.538510826,0.000000000,1.429162562	maximum	continued_angle_secant_max_iters_best	0.550497355	0.564455528	NaN	secant_max_iters_best	sign_change_pair	1.538510826	1.658510826	1.523510826	1.538510826	0.015000000	8	true	16	-0.838081182,0.855929574,0.838204274,-0.855720956,-0.837987579,0.856021776,0.838297866,-0.855591168,-0.837847910,0.856215777,0.838491608,-0.855322902,-0.837535876,0.856648644,0.838913342,-0.854741461	ok
0.577956	0.839679	1.538510826,0.000000000,1.429162562	maximum	continued_angle_secant_max_iters_best	0.550682963	0.566238924	NaN	secant_max_iters_best	sign_change_pair	1.538510826	1.658510826	1.523510826	1.538510826	0.015000000	8	true	16	-0.838313228,0.856090122,0.838614095,-0.855649700,-0.838150480,0.856286041,0.838810416,-0.855380785,-0.837828885,0.856726675,0.839240634,-0.854793848,0.838358800,-0.856030865,-0.838553833,0.855732342	ok
0.577956	0.842485	1.538510826,0.000000000,1.429162562	maximum	continued_angle_secant_max_iters_best	0.550866314	0.568540240	NaN	secant_max_iters_best	sign_change_pair	1.538510826	1.658510826	1.523510826	1.538510826	0.015000000	8	true	16	-0.838543484,0.856254655,0.839025272,-0.855582201,-0.838303435,0.856561631,0.839329462,-0.855170568,0.838403222,-0.856437091,-0.839207017,0.855336086,-0.838196140,0.856709016,0.839473036,-0.854976838	ok
0.577956	0.845291	1.538510826,0.000000000,1.429162562	maximum	continued_angle_secant_max_iters_best	0.551046100	0.571797559	NaN	secant_max_iters_best	sign_change_pair	1.538510826	1.658510826	1.523510826	1.538510826	0.015000000	8	true	16	-0.838770978,0.856424376,0.839439098,-0.855516558,0.838440779,-0.856854912,-0.839861505,0.854951836,-0.839121746,0.855975299,0.838977305,-0.856136349,-0.839146711,0.855908839,0.838905547,-0.856232706	ok
0.577956	0.848096	1.538510826,0.000000000,1.429162562	maximum	continued_angle_secant_max_iters_best	0.551219668	0.577405031	NaN	secant_max_iters_best	sign_change_pair	1.553510826	1.673510826	1.523510826	1.538510826	0.015000000	8	true	16	-0.838993745,0.856601788,0.839858101,-0.855449337,0.839032774,-0.856551613,-0.839808274,0.855515388,-0.838950455,0.856657584,0.839913249,-0.855376266,0.839119951,-0.856439909,-0.839696469,0.855663703	ok
0.577956	0.850902	1.553510826,0.000000000,1.429162562	maximum	continued_angle_secant_max_iters_best	0.559766491	0.542619612	NaN	secant_max_iters_best	sign_change_pair	1.553510826	1.673510826	1.538510826	1.553510826	0.015000000	8	true	16	-0.840091995,0.855680788,-0.839230252,0.856763207,0.840258946,-0.855411144,0.839558532,-0.856345799,-0.839838775,0.855962950,0.839424144,-0.856507860,-0.840004352,0.855745324,0.839138957,-0.856880850	ok
0.577956	0.853707	1.553510826,0.000000000,1.429162562	maximum	continued_angle_secant_max_iters_best	0.559967063	0.543665373	NaN	secant_max_iters_best	sign_change_pair	1.553510826	1.673510826	1.538510826	1.553510826	0.015000000	8	true	16	-0.840328510,0.855848256,-0.839499257,0.856884906,0.840618709,-0.855430798,0.840012485,-0.856238616,-0.839958463,0.856289386,0.840013043,-0.856218372,-0.839936479,0.856317981,0.840043476,-0.856178769	ok
0.577956	0.856513	1.553510826,0.000000000,1.429162562	maximum	continued_angle_secant_max_iters_best	0.560166974	0.544886007	NaN	secant_max_iters_best	sign_change_pair	1.553510826	1.673510826	1.538510826	1.553510826	0.015000000	8	true	16	-0.840564407,0.856017770,0.839917754,-0.856818248,-0.840790457,0.855695538,-0.840192474,0.856475703,0.840441173,-0.856145363,-0.840077874,0.856612935,0.840583194,-0.855962407,0.839849969,-0.856904843	ok
0.577956	0.859319	1.553510826,0.000000000,1.429162562	maximum	continued_angle_secant_max_iters_best	0.560365830	0.546359363	NaN	secant_max_iters_best	sign_change_pair	1.553510826	1.673510826	1.538510826	1.553510826	0.015000000	8	true	16	-0.840799387,0.856189662,0.840344720,-0.856745730,-0.840951989,0.855972041,-0.840349190,0.856742743,0.840948948,-0.855975918,0.840344266,-0.856748856,-0.840955173,0.855967982,-0.840354321,0.856736371	ok
0.577956	0.862124	1.553510826,0.000000000,1.429162562	maximum	continued_angle_secant_max_iters_best	0.560563040	0.548225790	NaN	secant_max_iters_best	sign_change_pair	1.553510826	1.673510826	1.538510826	1.553510826	0.015000000	8	true	16	-0.841033017,0.856364432,0.840767904,-0.856682922,-0.841117909,0.856241379,0.840613371,-0.856877128,-0.841317762,0.855988965,-0.840819864,0.856623855,0.841055643,-0.856320013,-0.840714622,0.856749969	ok
0.577956	0.864930	1.553510826,0.000000000,1.429162562	maximum	continued_angle_secant_max_iters_best	0.560757629	0.550778365	NaN	secant_max_iters_best	sign_change_pair	1.553510826	1.673510826	1.538510826	1.553510826	0.015000000	8	true	16	-0.841264567,0.856542916,0.841190273,-0.856625886,-0.841282535,0.856510662,0.841153441,-0.856671849,-0.841332438,0.856448293,0.841080094,-0.856763298,-0.841429791,0.856326571,0.840919374,-0.856963067	ok
0.577956	0.867735	1.553510826,0.000000000,1.429162562	maximum	continued_angle_secant_max_iters_best	0.560947758	0.554816832	NaN	secant_max_iters_best	sign_change_pair	1.568510826	1.688510826	1.538510826	1.553510826	0.015000000	8	true	16	-0.841492679,0.856726728,0.841614411,-0.856571290,-0.841437578,0.856789851,0.841682887,-0.856486536,-0.841331664,0.856920397,0.841820750,-0.856315796,0.841409370,-0.856827161,-0.841722756,0.856437174	ok
0.577956	0.870541	1.568510826,0.000000000,1.429162562	maximum	continued_angle_secant_max_iters_best	0.569213997	0.524351585	NaN	secant_max_iters_best	sign_change_pair	1.568510826	1.688510826	1.553510826	1.568510826	0.015000000	8	true	16	-0.842553129,0.855930962,-0.842316504,0.856206608,-0.842022267,0.856552681,0.841606372,-0.857049595,-0.842181073,0.856346394,-0.841864650,0.856739778,0.841846575,-0.856756483,-0.841865640,0.856733144	ok
0.577956	0.873347	1.568510826,0.000000000,1.429162562	maximum	continued_angle_secant_max_iters_best	0.569426243	0.525230952	NaN	secant_max_iters_best	sign_change_pair	1.568510826	1.688510826	1.553510826	1.568510826	0.015000000	8	true	16	-0.842791750,0.856108503,-0.842603537,0.856326575,-0.842370489,0.856598685,-0.842053315,0.856973373,0.842323619,-0.856644638,0.841990767,-0.857048005,-0.842403613,0.856547468,-0.842117512,0.856897060	ok
0.577956	0.876152	1.568510826,0.000000000,1.429162562	maximum	continued_angle_secant_max_iters_best	0.569638103	0.526252677	NaN	secant_max_iters_best	sign_change_pair	1.568510826	1.688510826	1.553510826	1.568510826	0.015000000	8	true	16	-0.843029935,0.856287574,-0.842889460,0.856449473,-0.842716133,0.856650408,-0.842488143,0.856916905,0.842474343,-0.856930612,-0.842490527,0.856911193,0.842467544,-0.856938766,-0.842500071,0.856899737	ok
0.577956	0.878958	1.568510826,0.000000000,1.429162562	maximum	continued_angle_secant_max_iters_best	0.569849260	0.527476739	NaN	secant_max_iters_best	sign_change_pair	1.568510826	1.688510826	1.553510826	1.568510826	0.015000000	8	true	16	-0.843267446,0.856468419,-0.843173898,0.856575686,-0.843058761,0.856708222,-0.842911196,0.856878996,-0.842701367,0.857123883,0.842922990,-0.856860251,0.842726895,-0.857093932,-0.842889282,0.856900376	ok
0.577956	0.881764	1.568510826,0.000000000,1.429162562	maximum	continued_angle_secant_max_iters_best	0.570059245	0.529007895	NaN	secant_max_iters_best	sign_change_pair	1.568510826	1.688510826	1.553510826	1.568510826	0.015000000	8	true	16	-0.843503937,0.856651422,-0.843456293,0.856705778,-0.843397717,0.856772743,-0.843324232,0.856856977,-0.843228974,0.856966555,-0.843096749,0.857119482,0.843126340,-0.857083825,-0.843081510,0.857136547	ok
0.577956	0.884569	1.568510826,0.000000000,1.429162562	maximum	full_attractor_map_angle_secant_max_iters_best	0.570267308	0.531054165	NaN	secant_max_iters_best	sign_change_pair	1.562260826	1.612260826	1.562260826	1.568510826	0.006250000	8	true	16	-0.843738847,0.856837184,-0.843735768,0.856840680,-0.843731973,0.856844987,-0.843727305,0.856850292,-0.843721535,0.856856844,-0.843714406,0.856864947,-0.843705563,0.856875000,-0.843694554,0.856887518	ok
0.577956	0.887375			failed	NaN	NaN	NaN	failed	none	NaN	NaN	NaN	NaN	NaN	0	false	0		critical_fail
0.577956	0.890180			failed	NaN	NaN	NaN	failed	none	NaN	NaN	NaN	NaN	NaN	0	false	0		critical_fail
0.577956	0.892986			failed	NaN	NaN	NaN	failed	none	NaN	NaN	NaN	NaN	NaN	0	false	0		critical_fail
0.577956	0.895792			failed	NaN	NaN	NaN	failed	none	NaN	NaN	NaN	NaN	NaN	0	false	0		critical_fail
0.577956	0.898597			failed	NaN	NaN	NaN	failed	none	NaN	NaN	NaN	NaN	NaN	0	false	0		critical_fail
0.577956	0.901403			failed	NaN	NaN	NaN	failed	none	NaN	NaN	NaN	NaN	NaN	0	false	0		critical_fail
0.577956	0.904208			failed	NaN	NaN	NaN	failed	none	NaN	NaN	NaN	NaN	NaN	0	false	0		critical_fail
0.577956	0.907014			failed	NaN	NaN	NaN	failed	none	NaN	NaN	NaN	NaN	NaN	0	false	0		critical_fail
0.577956	0.909820			failed	NaN	NaN	NaN	failed	none	NaN	NaN	NaN	NaN	NaN	0	false	0		critical_fail
0.577956	0.912625			failed	NaN	NaN	NaN	failed	none	NaN	NaN	NaN	NaN	NaN	0	false	0		critical_fail
0.577956	0.915431			failed	NaN	NaN	NaN	failed	none	NaN	NaN	NaN	NaN	NaN	0	false	0		critical_fail
0.577956	0.918236			failed	NaN	NaN	NaN	failed	none	NaN	NaN	NaN	NaN	NaN	0	false	0		critical_fail
0.577956	0.921042			failed	NaN	NaN	NaN	failed	none	NaN	NaN	NaN	NaN	NaN	0	false	0		critical_fail
0.577956	0.923848			failed	NaN	NaN	NaN	failed	none	NaN	NaN	NaN	NaN	NaN	0	false	0		critical_fail
0.577956	0.926653			failed	NaN	NaN	NaN	failed	none	NaN	NaN	NaN	NaN	NaN	0	false	0		critical_fail
0.577956	0.929459			failed	NaN	NaN	NaN	failed	none	NaN	NaN	NaN	NaN	NaN	0	false	0		critical_fail
0.577956	0.932265			failed	NaN	NaN	NaN	failed	none	NaN	NaN	NaN	NaN	NaN	0	false	0		critical_fail
0.577956	0.935070			failed	NaN	NaN	NaN	failed	none	NaN	NaN	NaN	NaN	NaN	0	false	0		critical_fail
0.577956	0.937876			failed	NaN	NaN	NaN	failed	none	NaN	NaN	NaN	NaN	NaN	0	false	0		critical_fail
0.577956	0.940681			failed	NaN	NaN	NaN	failed	none	NaN	NaN	NaN	NaN	NaN	0	false	0		critical_fail
0.577956	0.943487			failed	NaN	NaN	NaN	failed	none	NaN	NaN	NaN	NaN	NaN	0	false	0		critical_fail
0.577956	0.946293			failed	NaN	NaN	NaN	failed	none	NaN	NaN	NaN	NaN	NaN	0	false	0		critical_fail
0.577956	0.949098			failed	NaN	NaN	NaN	failed	none	NaN	NaN	NaN	NaN	NaN	0	false	0		critical_fail
0.577956	0.951904			failed	NaN	NaN	NaN	failed	none	NaN	NaN	NaN	NaN	NaN	0	false	0		critical_fail
0.577956	0.954709			failed	NaN	NaN	NaN	failed	none	NaN	NaN	NaN	NaN	NaN	0	false	0		critical_fail
0.577956	0.957515			failed	NaN	NaN	NaN	failed	none	NaN	NaN	NaN	NaN	NaN	0	false	0		critical_fail
0.577956	0.960321			failed	NaN	NaN	NaN	failed	none	NaN	NaN	NaN	NaN	NaN	0	false	0		critical_fail
0.577956	0.963126			failed	NaN	NaN	NaN	failed	none	NaN	NaN	NaN	NaN	NaN	0	false	0		critical_fail
0.577956	0.965932			failed	NaN	NaN	NaN	failed	none	NaN	NaN	NaN	NaN	NaN	0	false	0		critical_fail
0.577956	0.968737			failed	NaN	NaN	NaN	failed	none	NaN	NaN	NaN	NaN	NaN	0	false	0		critical_fail
0.577956	0.971543			failed	NaN	NaN	NaN	failed	none	NaN	NaN	NaN	NaN	NaN	0	false	0		critical_fail
0.577956	0.974349			failed	NaN	NaN	NaN	failed	none	NaN	NaN	NaN	NaN	NaN	0	false	0		critical_fail
0.577956	0.977154			failed	NaN	NaN	NaN	failed	none	NaN	NaN	NaN	NaN	NaN	0	false	0		critical_fail
0.577956	0.979960			failed	NaN	NaN	NaN	failed	none	NaN	NaN	NaN	NaN	NaN	0	false	0		critical_fail
0.577956	0.982766			failed	NaN	NaN	NaN	failed	none	NaN	NaN	NaN	NaN	NaN	0	false	0		critical_fail
0.577956	0.985571			failed	NaN	NaN	NaN	failed	none	NaN	NaN	NaN	NaN	NaN	0	false	0		critical_fail
0.577956	0.988377			failed	NaN	NaN	NaN	failed	none	NaN	NaN	NaN	NaN	NaN	0	false	0		critical_fail
0.577956	0.991182			failed	NaN	NaN	NaN	failed	none	NaN	NaN	NaN	NaN	NaN	0	false	0		critical_fail
0.577956	0.993988			failed	NaN	NaN	NaN	failed	none	NaN	NaN	NaN	NaN	NaN	0	false	0		critical_fail
0.577956	0.996794			failed	NaN	NaN	NaN	failed	none	NaN	NaN	NaN	NaN	NaN	0	false	0		critical_fail
0.577956	0.999599			failed	NaN	NaN	NaN	failed	none	NaN	NaN	NaN	NaN	NaN	0	false	0		critical_fail
0.577956	1.002405			failed	NaN	NaN	NaN	failed	none	NaN	NaN	NaN	NaN	NaN	0	false	0		critical_fail
0.577956	1.005210			failed	NaN	NaN	NaN	failed	none	NaN	NaN	NaN	NaN	NaN	0	false	0		critical_fail
0.577956	1.008016			failed	NaN	NaN	NaN	failed	none	NaN	NaN	NaN	NaN	NaN	0	false	0		critical_fail
0.577956	1.010822			failed	NaN	NaN	NaN	failed	none	NaN	NaN	NaN	NaN	NaN	0	false	0		critical_fail
0.577956	1.013627			failed	NaN	NaN	NaN	failed	none	NaN	NaN	NaN	NaN	NaN	0	false	0		critical_fail
0.577956	1.016433			failed	NaN	NaN	NaN	failed	none	NaN	NaN	NaN	NaN	NaN	0	false	0		critical_fail
0.577956	1.019238			failed	NaN	NaN	NaN	failed	none	NaN	NaN	NaN	NaN	NaN	0	false	0		critical_fail
0.577956	1.022044			failed	NaN	NaN	NaN	failed	none	NaN	NaN	NaN	NaN	NaN	0	false	0		critical_fail
0.577956	1.024850			failed	NaN	NaN	NaN	failed	none	NaN	NaN	NaN	NaN	NaN	0	false	0		critical_fail
0.577956	1.027655			failed	NaN	NaN	NaN	failed	none	NaN	NaN	NaN	NaN	NaN	0	false	0		critical_fail
0.577956	1.030461			failed	NaN	NaN	NaN	failed	none	NaN	NaN	NaN	NaN	NaN	0	false	0		critical_fail
0.577956	1.033267			failed	NaN	NaN	NaN	failed	none	NaN	NaN	NaN	NaN	NaN	0	false	0		critical_fail
0.577956	1.036072			failed	NaN	NaN	NaN	failed	none	NaN	NaN	NaN	NaN	NaN	0	false	0		critical_fail
0.577956	1.038878			failed	NaN	NaN	NaN	failed	none	NaN	NaN	NaN	NaN	NaN	0	false	0		critical_fail
0.577956	1.041683			failed	NaN	NaN	NaN	failed	none	NaN	NaN	NaN	NaN	NaN	0	false	0		critical_fail
0.577956	1.044489			failed	NaN	NaN	NaN	failed	none	NaN	NaN	NaN	NaN	NaN	0	false	0		critical_fail
0.577956	1.047295			failed	NaN	NaN	NaN	failed	none	NaN	NaN	NaN	NaN	NaN	0	false	0		critical_fail
0.577956	1.050100			failed	NaN	NaN	NaN	failed	none	NaN	NaN	NaN	NaN	NaN	0	false	0		critical_fail
0.577956	1.052906			failed	NaN	NaN	NaN	failed	none	NaN	NaN	NaN	NaN	NaN	0	false	0		critical_fail
0.577956	1.055711			failed	NaN	NaN	NaN	failed	none	NaN	NaN	NaN	NaN	NaN	0	false	0		critical_fail
0.577956	1.058517			failed	NaN	NaN	NaN	failed	none	NaN	NaN	NaN	NaN	NaN	0	false	0		critical_fail
0.577956	1.061323			failed	NaN	NaN	NaN	failed	none	NaN	NaN	NaN	NaN	NaN	0	false	0		critical_fail
0.577956	1.064128			failed	NaN	NaN	NaN	failed	none	NaN	NaN	NaN	NaN	NaN	0	false	0		critical_fail
0.577956	1.066934			failed	NaN	NaN	NaN	failed	none	NaN	NaN	NaN	NaN	NaN	0	false	0		critical_fail
0.577956	1.069739			failed	NaN	NaN	NaN	failed	none	NaN	NaN	NaN	NaN	NaN	0	false	0		critical_fail
0.577956	1.072545			failed	NaN	NaN	NaN	failed	none	NaN	NaN	NaN	NaN	NaN	0	false	0		critical_fail
0.577956	1.075351			failed	NaN	NaN	NaN	failed	none	NaN	NaN	NaN	NaN	NaN	0	false	0		critical_fail
0.577956	1.078156			failed	NaN	NaN	NaN	failed	none	NaN	NaN	NaN	NaN	NaN	0	false	0		critical_fail
0.577956	1.080962			failed	NaN	NaN	NaN	failed	none	NaN	NaN	NaN	NaN	NaN	0	false	0		critical_fail
0.577956	1.083768			failed	NaN	NaN	NaN	failed	none	NaN	NaN	NaN	NaN	NaN	0	false	0		critical_fail
0.577956	1.086573			failed	NaN	NaN	NaN	failed	none	NaN	NaN	NaN	NaN	NaN	0	false	0		critical_fail
0.577956	1.089379			failed	NaN	NaN	NaN	failed	none	NaN	NaN	NaN	NaN	NaN	0	false	0		critical_fail
0.577956	1.092184			failed	NaN	NaN	NaN	failed	none	NaN	NaN	NaN	NaN	NaN	0	false	0		critical_fail
0.577956	1.094990			failed	NaN	NaN	NaN	failed	none	NaN	NaN	NaN	NaN	NaN	0	false	0		critical_fail
0.577956	1.097796			failed	NaN	NaN	NaN	failed	none	NaN	NaN	NaN	NaN	NaN	0	false	0		critical_fail
0.577956	1.100601			failed	NaN	NaN	NaN	failed	none	NaN	NaN	NaN	NaN	NaN	0	false	0		critical_fail
0.577956	1.103407			failed	NaN	NaN	NaN	failed	none	NaN	NaN	NaN	NaN	NaN	0	false	0		critical_fail
0.577956	1.106212			failed	NaN	NaN	NaN	failed	none	NaN	NaN	NaN	NaN	NaN	0	false	0		critical_fail
0.577956	1.109018			failed	NaN	NaN	NaN	failed	none	NaN	NaN	NaN	NaN	NaN	0	false	0		critical_fail
0.577956	1.111824			failed	NaN	NaN	NaN	failed	none	NaN	NaN	NaN	NaN	NaN	0	false	0		critical_fail
0.577956	1.114629			failed	NaN	NaN	NaN	failed	none	NaN	NaN	NaN	NaN	NaN	0	false	0		critical_fail
0.577956	1.117435			failed	NaN	NaN	NaN	failed	none	NaN	NaN	NaN	NaN	NaN	0	false	0		critical_fail
0.577956	1.120240			failed	NaN	NaN	NaN	failed	none	NaN	NaN	NaN	NaN	NaN	0	false	0		critical_fail
0.577956	1.123046			failed	NaN	NaN	NaN	failed	none	NaN	NaN	NaN	NaN	NaN	0	false	0		critical_fail
0.577956	1.125852			failed	NaN	NaN	NaN	failed	none	NaN	NaN	NaN	NaN	NaN	0	false	0		critical_fail
0.577956	1.128657			failed	NaN	NaN	NaN	failed	none	NaN	NaN	NaN	NaN	NaN	0	false	0		critical_fail
0.577956	1.131463			failed	NaN	NaN	NaN	failed	none	NaN	NaN	NaN	NaN	NaN	0	false	0		critical_fail
0.577956	1.134269			failed	NaN	NaN	NaN	failed	none	NaN	NaN	NaN	NaN	NaN	0	false	0		critical_fail
0.577956	1.137074			failed	NaN	NaN	NaN	failed	none	NaN	NaN	NaN	NaN	NaN	0	false	0		critical_fail
0.577956	1.139880			failed	NaN	NaN	NaN	failed	none	NaN	NaN	NaN	NaN	NaN	0	false	0		critical_fail
0.577956	1.142685			failed	NaN	NaN	NaN	failed	none	NaN	NaN	NaN	NaN	NaN	0	false	0		critical_fail
0.577956	1.145491			failed	NaN	NaN	NaN	failed	none	NaN	NaN	NaN	NaN	NaN	0	false	0		critical_fail
0.577956	1.148297			failed	NaN	NaN	NaN	failed	none	NaN	NaN	NaN	NaN	NaN	0	false	0		critical_fail
0.577956	1.151102			failed	NaN	NaN	NaN	failed	none	NaN	NaN	NaN	NaN	NaN	0	false	0		critical_fail
0.577956	1.153908			failed	NaN	NaN	NaN	failed	none	NaN	NaN	NaN	NaN	NaN	0	false	0		critical_fail
0.577956	1.156713			failed	NaN	NaN	NaN	failed	none	NaN	NaN	NaN	NaN	NaN	0	false	0		critical_fail
0.577956	1.159519			failed	NaN	NaN	NaN	failed	none	NaN	NaN	NaN	NaN	NaN	0	false	0		critical_fail
0.577956	1.162325			failed	NaN	NaN	NaN	failed	none	NaN	NaN	NaN	NaN	NaN	0	false	0		critical_fail
0.577956	1.165130			failed	NaN	NaN	NaN	failed	none	NaN	NaN	NaN	NaN	NaN	0	false	0		critical_fail
0.577956	1.167936			failed	NaN	NaN	NaN	failed	none	NaN	NaN	NaN	NaN	NaN	0	false	0		critical_fail
0.577956	1.170741			failed	NaN	NaN	NaN	failed	none	NaN	NaN	NaN	NaN	NaN	0	false	0		critical_fail
0.577956	1.173547			failed	NaN	NaN	NaN	failed	none	NaN	NaN	NaN	NaN	NaN	0	false	0		critical_fail
0.577956	1.176353			failed	NaN	NaN	NaN	failed	none	NaN	NaN	NaN	NaN	NaN	0	false	0		critical_fail
0.577956	1.179158			failed	NaN	NaN	NaN	failed	none	NaN	NaN	NaN	NaN	NaN	0	false	0		critical_fail
0.577956	1.181964			failed	NaN	NaN	NaN	failed	none	NaN	NaN	NaN	NaN	NaN	0	false	0		critical_fail
0.577956	1.184770			failed	NaN	NaN	NaN	failed	none	NaN	NaN	NaN	NaN	NaN	0	false	0		critical_fail
0.577956	1.187575			failed	NaN	NaN	NaN	failed	none	NaN	NaN	NaN	NaN	NaN	0	false	0		critical_fail
0.577956	1.190381			failed	NaN	NaN	NaN	failed	none	NaN	NaN	NaN	NaN	NaN	0	false	0		critical_fail
0.577956	1.193186			failed	NaN	NaN	NaN	failed	none	NaN	NaN	NaN	NaN	NaN	0	false	0		critical_fail
0.577956	1.195992			failed	NaN	NaN	NaN	failed	none	NaN	NaN	NaN	NaN	NaN	0	false	0		critical_fail
0.577956	1.198798			failed	NaN	NaN	NaN	failed	none	NaN	NaN	NaN	NaN	NaN	0	false	0		critical_fail
0.577956	1.201603			failed	NaN	NaN	NaN	failed	none	NaN	NaN	NaN	NaN	NaN	0	false	0		critical_fail
0.577956	1.204409			failed	NaN	NaN	NaN	failed	none	NaN	NaN	NaN	NaN	NaN	0	false	0		critical_fail
0.577956	1.207214			failed	NaN	NaN	NaN	failed	none	NaN	NaN	NaN	NaN	NaN	0	false	0		critical_fail
0.577956	1.210020			failed	NaN	NaN	NaN	failed	none	NaN	NaN	NaN	NaN	NaN	0	false	0		critical_fail
0.577956	1.212826			failed	NaN	NaN	NaN	failed	none	NaN	NaN	NaN	NaN	NaN	0	false	0		critical_fail
0.577956	1.215631			failed	NaN	NaN	NaN	failed	none	NaN	NaN	NaN	NaN	NaN	0	false	0		critical_fail
0.577956	1.218437			failed	NaN	NaN	NaN	failed	none	NaN	NaN	NaN	NaN	NaN	0	false	0		critical_fail
0.577956	1.221242			failed	NaN	NaN	NaN	failed	none	NaN	NaN	NaN	NaN	NaN	0	false	0		critical_fail
0.577956	1.224048			failed	NaN	NaN	NaN	failed	none	NaN	NaN	NaN	NaN	NaN	0	false	0		critical_fail
0.577956	1.226854			failed	NaN	NaN	NaN	failed	none	NaN	NaN	NaN	NaN	NaN	0	false	0		critical_fail
0.577956	1.229659			failed	NaN	NaN	NaN	failed	none	NaN	NaN	NaN	NaN	NaN	0	false	0		critical_fail
0.577956	1.232465			failed	NaN	NaN	NaN	failed	none	NaN	NaN	NaN	NaN	NaN	0	false	0		critical_fail
0.577956	1.235271			failed	NaN	NaN	NaN	failed	none	NaN	NaN	NaN	NaN	NaN	0	false	0		critical_fail
0.577956	1.238076			failed	NaN	NaN	NaN	failed	none	NaN	NaN	NaN	NaN	NaN	0	false	0		critical_fail
0.577956	1.240882			failed	NaN	NaN	NaN	failed	none	NaN	NaN	NaN	NaN	NaN	0	false	0		critical_fail
0.577956	1.243687			failed	NaN	NaN	NaN	failed	none	NaN	NaN	NaN	NaN	NaN	0	false	0		critical_fail
0.577956	1.246493			failed	NaN	NaN	NaN	failed	none	NaN	NaN	NaN	NaN	NaN	0	false	0		critical_fail
0.577956	1.249299			failed	NaN	NaN	NaN	failed	none	NaN	NaN	NaN	NaN	NaN	0	false	0		critical_fail
0.577956	1.252104			failed	NaN	NaN	NaN	failed	none	NaN	NaN	NaN	NaN	NaN	0	false	0		critical_fail
0.577956	1.254910			failed	NaN	NaN	NaN	failed	none	NaN	NaN	NaN	NaN	NaN	0	false	0		critical_fail
0.577956	1.257715			failed	NaN	NaN	NaN	failed	none	NaN	NaN	NaN	NaN	NaN	0	false	0		critical_fail
0.577956	1.260521			failed	NaN	NaN	NaN	failed	none	NaN	NaN	NaN	NaN	NaN	0	false	0		critical_fail
0.577956	1.263327			failed	NaN	NaN	NaN	failed	none	NaN	NaN	NaN	NaN	NaN	0	false	0		critical_fail
0.577956	1.266132			failed	NaN	NaN	NaN	failed	none	NaN	NaN	NaN	NaN	NaN	0	false	0		critical_fail
0.577956	1.268938			failed	NaN	NaN	NaN	failed	none	NaN	NaN	NaN	NaN	NaN	0	false	0		critical_fail
0.577956	1.271743			failed	NaN	NaN	NaN	failed	none	NaN	NaN	NaN	NaN	NaN	0	false	0		critical_fail
0.577956	1.274549			failed	NaN	NaN	NaN	failed	none	NaN	NaN	NaN	NaN	NaN	0	false	0		critical_fail
0.577956	1.277355			failed	NaN	NaN	NaN	failed	none	NaN	NaN	NaN	NaN	NaN	0	false	0		critical_fail
0.577956	1.280160			failed	NaN	NaN	NaN	failed	none	NaN	NaN	NaN	NaN	NaN	0	false	0		critical_fail
0.577956	1.282966			failed	NaN	NaN	NaN	failed	none	NaN	NaN	NaN	NaN	NaN	0	false	0		critical_fail
0.577956	1.285772			failed	NaN	NaN	NaN	failed	none	NaN	NaN	NaN	NaN	NaN	0	false	0		critical_fail
0.577956	1.288577			failed	NaN	NaN	NaN	failed	none	NaN	NaN	NaN	NaN	NaN	0	false	0		critical_fail
0.577956	1.291383			failed	NaN	NaN	NaN	failed	none	NaN	NaN	NaN	NaN	NaN	0	false	0		critical_fail
0.577956	1.294188			failed	NaN	NaN	NaN	failed	none	NaN	NaN	NaN	NaN	NaN	0	false	0		critical_fail
0.577956	1.296994			failed	NaN	NaN	NaN	failed	none	NaN	NaN	NaN	NaN	NaN	0	false	0		critical_fail
0.577956	1.299800			failed	NaN	NaN	NaN	failed	none	NaN	NaN	NaN	NaN	NaN	0	false	0		critical_fail
0.577956	1.302605			failed	NaN	NaN	NaN	failed	none	NaN	NaN	NaN	NaN	NaN	0	false	0		critical_fail
0.577956	1.305411			failed	NaN	NaN	NaN	failed	none	NaN	NaN	NaN	NaN	NaN	0	false	0		critical_fail
0.577956	1.308216			failed	NaN	NaN	NaN	failed	none	NaN	NaN	NaN	NaN	NaN	0	false	0		critical_fail
0.577956	1.311022			failed	NaN	NaN	NaN	failed	none	NaN	NaN	NaN	NaN	NaN	0	false	0		critical_fail
0.577956	1.313828			failed	NaN	NaN	NaN	failed	none	NaN	NaN	NaN	NaN	NaN	0	false	0		critical_fail
0.577956	1.316633			failed	NaN	NaN	NaN	failed	none	NaN	NaN	NaN	NaN	NaN	0	false	0		critical_fail
0.577956	1.319439			failed	NaN	NaN	NaN	failed	none	NaN	NaN	NaN	NaN	NaN	0	false	0		critical_fail
0.577956	1.322244			failed	NaN	NaN	NaN	failed	none	NaN	NaN	NaN	NaN	NaN	0	false	0		critical_fail
0.577956	1.325050			failed	NaN	NaN	NaN	failed	none	NaN	NaN	NaN	NaN	NaN	0	false	0		critical_fail
0.577956	1.327856			failed	NaN	NaN	NaN	failed	none	NaN	NaN	NaN	NaN	NaN	0	false	0		critical_fail
0.577956	1.330661			failed	NaN	NaN	NaN	failed	none	NaN	NaN	NaN	NaN	NaN	0	false	0		critical_fail
0.577956	1.333467			failed	NaN	NaN	NaN	failed	none	NaN	NaN	NaN	NaN	NaN	0	false	0		critical_fail
0.577956	1.336273			failed	NaN	NaN	NaN	failed	none	NaN	NaN	NaN	NaN	NaN	0	false	0		critical_fail
0.577956	1.339078			failed	NaN	NaN	NaN	failed	none	NaN	NaN	NaN	NaN	NaN	0	false	0		critical_fail
0.577956	1.341884			failed	NaN	NaN	NaN	failed	none	NaN	NaN	NaN	NaN	NaN	0	false	0		critical_fail
0.577956	1.344689			failed	NaN	NaN	NaN	failed	none	NaN	NaN	NaN	NaN	NaN	0	false	0		critical_fail
0.577956	1.347495			failed	NaN	NaN	NaN	failed	none	NaN	NaN	NaN	NaN	NaN	0	false	0		critical_fail
0.577956	1.350301			failed	NaN	NaN	NaN	failed	none	NaN	NaN	NaN	NaN	NaN	0	false	0		critical_fail
0.577956	1.353106			failed	NaN	NaN	NaN	failed	none	NaN	NaN	NaN	NaN	NaN	0	false	0		critical_fail
0.577956	1.355912			failed	NaN	NaN	NaN	failed	none	NaN	NaN	NaN	NaN	NaN	0	false	0		critical_fail
0.577956	1.358717			failed	NaN	NaN	NaN	failed	none	NaN	NaN	NaN	NaN	NaN	0	false	0		critical_fail
0.577956	1.361523			failed	NaN	NaN	NaN	failed	none	NaN	NaN	NaN	NaN	NaN	0	false	0		critical_fail
0.577956	1.364329			failed	NaN	NaN	NaN	failed	none	NaN	NaN	NaN	NaN	NaN	0	false	0		critical_fail
0.577956	1.367134			failed	NaN	NaN	NaN	failed	none	NaN	NaN	NaN	NaN	NaN	0	false	0		critical_fail
0.577956	1.369940			failed	NaN	NaN	NaN	failed	none	NaN	NaN	NaN	NaN	NaN	0	false	0		critical_fail
0.577956	1.372745			failed	NaN	NaN	NaN	failed	none	NaN	NaN	NaN	NaN	NaN	0	false	0		critical_fail
0.577956	1.375551			failed	NaN	NaN	NaN	failed	none	NaN	NaN	NaN	NaN	NaN	0	false	0		critical_fail
0.577956	1.378357			failed	NaN	NaN	NaN	failed	none	NaN	NaN	NaN	NaN	NaN	0	false	0		critical_fail
0.577956	1.381162			failed	NaN	NaN	NaN	failed	none	NaN	NaN	NaN	NaN	NaN	0	false	0		critical_fail
0.577956	1.383968			failed	NaN	NaN	NaN	failed	none	NaN	NaN	NaN	NaN	NaN	0	false	0		critical_fail
0.577956	1.386774			failed	NaN	NaN	NaN	failed	none	NaN	NaN	NaN	NaN	NaN	0	false	0		critical_fail
0.577956	1.389579			failed	NaN	NaN	NaN	failed	none	NaN	NaN	NaN	NaN	NaN	0	false	0		critical_fail
0.577956	1.392385			failed	NaN	NaN	NaN	failed	none	NaN	NaN	NaN	NaN	NaN	0	false	0		critical_fail
0.577956	1.395190			failed	NaN	NaN	NaN	failed	none	NaN	NaN	NaN	NaN	NaN	0	false	0		critical_fail
0.577956	1.397996			failed	NaN	NaN	NaN	failed	none	NaN	NaN	NaN	NaN	NaN	0	false	0		critical_fail
0.577956	1.400802			failed	NaN	NaN	NaN	failed	none	NaN	NaN	NaN	NaN	NaN	0	false	0		critical_fail
0.577956	1.403607			failed	NaN	NaN	NaN	failed	none	NaN	NaN	NaN	NaN	NaN	0	false	0		critical_fail
0.577956	1.406413			failed	NaN	NaN	NaN	failed	none	NaN	NaN	NaN	NaN	NaN	0	false	0		critical_fail
0.577956	1.409218			failed	NaN	NaN	NaN	failed	none	NaN	NaN	NaN	NaN	NaN	0	false	0		critical_fail
0.577956	1.412024			failed	NaN	NaN	NaN	failed	none	NaN	NaN	NaN	NaN	NaN	0	false	0		critical_fail
0.577956	1.414830			failed	NaN	NaN	NaN	failed	none	NaN	NaN	NaN	NaN	NaN	0	false	0		critical_fail
0.577956	1.417635			failed	NaN	NaN	NaN	failed	none	NaN	NaN	NaN	NaN	NaN	0	false	0		critical_fail
0.577956	1.420441			failed	NaN	NaN	NaN	failed	none	NaN	NaN	NaN	NaN	NaN	0	false	0		critical_fail
0.577956	1.423246			failed	NaN	NaN	NaN	failed	none	NaN	NaN	NaN	NaN	NaN	0	false	0		critical_fail
0.577956	1.426052			failed	NaN	NaN	NaN	failed	none	NaN	NaN	NaN	NaN	NaN	0	false	0		critical_fail
0.577956	1.428858			failed	NaN	NaN	NaN	failed	none	NaN	NaN	NaN	NaN	NaN	0	false	0		critical_fail
0.577956	1.431663			failed	NaN	NaN	NaN	failed	none	NaN	NaN	NaN	NaN	NaN	0	false	0		critical_fail
0.577956	1.434469			failed	NaN	NaN	NaN	failed	none	NaN	NaN	NaN	NaN	NaN	0	false	0		critical_fail
0.577956	1.437275			failed	NaN	NaN	NaN	failed	none	NaN	NaN	NaN	NaN	NaN	0	false	0		critical_fail
0.577956	1.440080			failed	NaN	NaN	NaN	failed	none	NaN	NaN	NaN	NaN	NaN	0	false	0		critical_fail
0.577956	1.442886			failed	NaN	NaN	NaN	failed	none	NaN	NaN	NaN	NaN	NaN	0	false	0		critical_fail
0.577956	1.445691			failed	NaN	NaN	NaN	failed	none	NaN	NaN	NaN	NaN	NaN	0	false	0		critical_fail
0.577956	1.448497			failed	NaN	NaN	NaN	failed	none	NaN	NaN	NaN	NaN	NaN	0	false	0		critical_fail
0.577956	1.451303			failed	NaN	NaN	NaN	failed	none	NaN	NaN	NaN	NaN	NaN	0	false	0		critical_fail
0.577956	1.454108			failed	NaN	NaN	NaN	failed	none	NaN	NaN	NaN	NaN	NaN	0	false	0		critical_fail
0.577956	1.456914			failed	NaN	NaN	NaN	failed	none	NaN	NaN	NaN	NaN	NaN	0	false	0		critical_fail
0.577956	1.459719			failed	NaN	NaN	NaN	failed	none	NaN	NaN	NaN	NaN	NaN	0	false	0		critical_fail
0.577956	1.462525			failed	NaN	NaN	NaN	failed	none	NaN	NaN	NaN	NaN	NaN	0	false	0		critical_fail
0.577956	1.465331			failed	NaN	NaN	NaN	failed	none	NaN	NaN	NaN	NaN	NaN	0	false	0		critical_fail
0.577956	1.468136			failed	NaN	NaN	NaN	failed	none	NaN	NaN	NaN	NaN	NaN	0	false	0		critical_fail
0.577956	1.470942			failed	NaN	NaN	NaN	failed	none	NaN	NaN	NaN	NaN	NaN	0	false	0		critical_fail
0.577956	1.473747			failed	NaN	NaN	NaN	failed	none	NaN	NaN	NaN	NaN	NaN	0	false	0		critical_fail
0.577956	1.476553			failed	NaN	NaN	NaN	failed	none	NaN	NaN	NaN	NaN	NaN	0	false	0		critical_fail
0.577956	1.479359			failed	NaN	NaN	NaN	failed	none	NaN	NaN	NaN	NaN	NaN	0	false	0		critical_fail
0.577956	1.482164			failed	NaN	NaN	NaN	failed	none	NaN	NaN	NaN	NaN	NaN	0	false	0		critical_fail
0.577956	1.484970			failed	NaN	NaN	NaN	failed	none	NaN	NaN	NaN	NaN	NaN	0	false	0		critical_fail
0.577956	1.487776			failed	NaN	NaN	NaN	failed	none	NaN	NaN	NaN	NaN	NaN	0	false	0		critical_fail
0.577956	1.490581			failed	NaN	NaN	NaN	failed	none	NaN	NaN	NaN	NaN	NaN	0	false	0		critical_fail
0.577956	1.493387			failed	NaN	NaN	NaN	failed	none	NaN	NaN	NaN	NaN	NaN	0	false	0		critical_fail
0.577956	1.496192			failed	NaN	NaN	NaN	failed	none	NaN	NaN	NaN	NaN	NaN	0	false	0		critical_fail
0.577956	1.498998			failed	NaN	NaN	NaN	failed	none	NaN	NaN	NaN	NaN	NaN	0	false	0		critical_fail
0.577956	1.501804			failed	NaN	NaN	NaN	failed	none	NaN	NaN	NaN	NaN	NaN	0	false	0		critical_fail
0.577956	1.504609			failed	NaN	NaN	NaN	failed	none	NaN	NaN	NaN	NaN	NaN	0	false	0		critical_fail
0.577956	1.507415			failed	NaN	NaN	NaN	failed	none	NaN	NaN	NaN	NaN	NaN	0	false	0		critical_fail
0.577956	1.510220			failed	NaN	NaN	NaN	failed	none	NaN	NaN	NaN	NaN	NaN	0	false	0		critical_fail
0.577956	1.513026			failed	NaN	NaN	NaN	failed	none	NaN	NaN	NaN	NaN	NaN	0	false	0		critical_fail
0.577956	1.515832			failed	NaN	NaN	NaN	failed	none	NaN	NaN	NaN	NaN	NaN	0	false	0		critical_fail
0.577956	1.518637			failed	NaN	NaN	NaN	failed	none	NaN	NaN	NaN	NaN	NaN	0	false	0		critical_fail
0.577956	1.521443			failed	NaN	NaN	NaN	failed	none	NaN	NaN	NaN	NaN	NaN	0	false	0		critical_fail
0.577956	1.524248			failed	NaN	NaN	NaN	failed	none	NaN	NaN	NaN	NaN	NaN	0	false	0		critical_fail
0.577956	1.527054			failed	NaN	NaN	NaN	failed	none	NaN	NaN	NaN	NaN	NaN	0	false	0		critical_fail
0.577956	1.529860			failed	NaN	NaN	NaN	failed	none	NaN	NaN	NaN	NaN	NaN	0	false	0		critical_fail
0.577956	1.532665			failed	NaN	NaN	NaN	failed	none	NaN	NaN	NaN	NaN	NaN	0	false	0		critical_fail
0.577956	1.535471			failed	NaN	NaN	NaN	failed	none	NaN	NaN	NaN	NaN	NaN	0	false	0		critical_fail
0.577956	1.538277			failed	NaN	NaN	NaN	failed	none	NaN	NaN	NaN	NaN	NaN	0	false	0		critical_fail
0.577956	1.541082			failed	NaN	NaN	NaN	failed	none	NaN	NaN	NaN	NaN	NaN	0	false	0		critical_fail
0.577956	1.543888			failed	NaN	NaN	NaN	failed	none	NaN	NaN	NaN	NaN	NaN	0	false	0		critical_fail
0.577956	1.546693			failed	NaN	NaN	NaN	failed	none	NaN	NaN	NaN	NaN	NaN	0	false	0		critical_fail
0.577956	1.549499			failed	NaN	NaN	NaN	failed	none	NaN	NaN	NaN	NaN	NaN	0	false	0		critical_fail
0.577956	1.552305			failed	NaN	NaN	NaN	failed	none	NaN	NaN	NaN	NaN	NaN	0	false	0		critical_fail
0.577956	1.555110			failed	NaN	NaN	NaN	failed	none	NaN	NaN	NaN	NaN	NaN	0	false	0		critical_fail
0.577956	1.557916			failed	NaN	NaN	NaN	failed	none	NaN	NaN	NaN	NaN	NaN	0	false	0		critical_fail
0.577956	1.560721			failed	NaN	NaN	NaN	failed	none	NaN	NaN	NaN	NaN	NaN	0	false	0		critical_fail
0.577956	1.563527			failed	NaN	NaN	NaN	failed	none	NaN	NaN	NaN	NaN	NaN	0	false	0		critical_fail
0.577956	1.566333			failed	NaN	NaN	NaN	failed	none	NaN	NaN	NaN	NaN	NaN	0	false	0		critical_fail
0.577956	1.569138			failed	NaN	NaN	NaN	failed	none	NaN	NaN	NaN	NaN	NaN	0	false	0		critical_fail
0.577956	1.571944			failed	NaN	NaN	NaN	failed	none	NaN	NaN	NaN	NaN	NaN	0	false	0		critical_fail
0.577956	1.574749			failed	NaN	NaN	NaN	failed	none	NaN	NaN	NaN	NaN	NaN	0	false	0		critical_fail
0.577956	1.577555			failed	NaN	NaN	NaN	failed	none	NaN	NaN	NaN	NaN	NaN	0	false	0		critical_fail
0.577956	1.580361			failed	NaN	NaN	NaN	failed	none	NaN	NaN	NaN	NaN	NaN	0	false	0		critical_fail
0.577956	1.583166			failed	NaN	NaN	NaN	failed	none	NaN	NaN	NaN	NaN	NaN	0	false	0		critical_fail
0.577956	1.585972			failed	NaN	NaN	NaN	failed	none	NaN	NaN	NaN	NaN	NaN	0	false	0		critical_fail
0.577956	1.588778			failed	NaN	NaN	NaN	failed	none	NaN	NaN	NaN	NaN	NaN	0	false	0		critical_fail
0.577956	1.591583			failed	NaN	NaN	NaN	failed	none	NaN	NaN	NaN	NaN	NaN	0	false	0		critical_fail
0.577956	1.594389			failed	NaN	NaN	NaN	failed	none	NaN	NaN	NaN	NaN	NaN	0	false	0		critical_fail
0.577956	1.597194			failed	NaN	NaN	NaN	failed	none	NaN	NaN	NaN	NaN	NaN	0	false	0		critical_fail
0.577956	1.600000			failed	NaN	NaN	NaN	failed	none	NaN	NaN	NaN	NaN	NaN	0	false	0		critical_fail
