
[2026-04-29T08:57:18+00:00] Running attempt-050 full scan with remap resolution 40
Repo root: /home/carterhinsley/MultimodalMaps.jl
Julia threads: 96
Julia GC threads: 8
OpenBLAS threads: 1
SSCS integration tmax: 1.0e5
Plot size: 1600x1200 at px_per_unit=2.0; linewidth=0.35
GCS artifact URI: gs://carter-kneading-attempt048/attempt-050
Instantiating Julia project dependencies.
Precompiling packages...
              ✗ GLMakie
              ✗ DynamicalSystems → DynamicalSystemsVisualizations
  0 dependencies successfully precompiled in 9 seconds. 780 already precompiled.

The following 3 direct dependencies failed to precompile:

MultimodalMaps 

Error: Missing source file for Base.PkgId(Base.UUID("44c66d49-f3d1-415d-9436-9a651fc58ffb"), "MultimodalMaps")
GLMakie 

Failed to precompile GLMakie [e9467ef8-e4e7-5192-8a1a-b1aee30e663a] to "/home/carterhinsley/.julia/compiled/v1.12/GLMakie/jl_YvFwAW".
┌ Warning:     OpenGL/GLFW wasn't loaded correctly or couldn't be initialized.
│     This likely means, you're on a headless server without having OpenGL support setup correctly.
│     Have a look at the troubleshooting section in the readme:
│     https://github.com/MakieOrg/Makie.jl/tree/master/GLMakie#troubleshooting-opengl.
└ @ GLMakie ~/.julia/packages/GLMakie/vdrwE/src/gl_backend.jl:4
ERROR: LoadError: InitError: Exception[GLFW.GLFWError(65550, "X11: The DISPLAY environment variable is missing"), ErrorException("glfwInit failed")]
Stacktrace:
  [1] __init__()
    @ GLFW ~/.julia/packages/GLFW/wA4ue/src/GLFW.jl:69
  [2] run_module_init(mod::Module, i::Int64)
    @ Base ./loading.jl:1445
  [3] register_restored_modules(sv::Core.SimpleVector, pkg::Base.PkgId, path::String)
    @ Base ./loading.jl:1433
  [4] _include_from_serialized(pkg::Base.PkgId, path::String, ocachepath::String, depmods::Vector{Any}; register::Bool)
    @ Base ./loading.jl:1321
  [5] _include_from_serialized
    @ ./loading.jl:1276 [inlined]
  [6] _require_search_from_serialized(pkg::Base.PkgId, sourcepath::String, build_id::UInt128, stalecheck::Bool; reasons::Dict{String, Int64}, DEPOT_PATH::Vector{String})
    @ Base ./loading.jl:2117
  [7] _require_search_from_serialized
    @ ./loading.jl:2011 [inlined]
  [8] __require_prelocked(pkg::Base.PkgId, env::String)
    @ Base ./loading.jl:2629
  [9] _require_prelocked(uuidkey::Base.PkgId, env::String)
    @ Base ./loading.jl:2495
 [10] macro expansion
    @ ./loading.jl:2423 [inlined]
 [11] macro expansion
    @ ./lock.jl:376 [inlined]
 [12] __require(into::Module, mod::Symbol)
    @ Base ./loading.jl:2388
 [13] require(into::Module, mod::Symbol)
    @ Base ./loading.jl:2364
 [14] top-level scope
    @ ~/.julia/packages/GLMakie/vdrwE/src/gl_backend.jl:2
 [15] include(mapexpr::Function, mod::Module, _path::String)
    @ Base ./Base.jl:307
 [16] top-level scope
    @ ~/.julia/packages/GLMakie/vdrwE/src/GLMakie.jl:90
 [17] include(mod::Module, _path::String)
    @ Base ./Base.jl:306
 [18] include_package_for_output(pkg::Base.PkgId, input::String, depot_path::Vector{String}, dl_load_path::Vector{String}, load_path::Vector{String}, concrete_deps::Vector{Pair{Base.PkgId, UInt128}}, source::Nothing)
    @ Base ./loading.jl:3028
 [19] top-level scope
    @ stdin:5
 [20] eval(m::Module, e::Any)
    @ Core ./boot.jl:489
 [21] include_string(mapexpr::typeof(identity), mod::Module, code::String, filename::String)
    @ Base ./loading.jl:2874
 [22] include_string
    @ ./loading.jl:2884 [inlined]
 [23] exec_options(opts::Base.JLOptions)
    @ Base ./client.jl:315
 [24] _start()
    @ Base ./client.jl:550
during initialization of module GLFW
in expression starting at /home/carterhinsley/.julia/packages/GLMakie/vdrwE/src/gl_backend.jl:1
in expression starting at /home/carterhinsley/.julia/packages/GLMakie/vdrwE/src/GLMakie.jl:1
in expression starting at stdin:5

DynamicalSystems → DynamicalSystemsVisualizations 

Failed to precompile DynamicalSystemsVisualizations [bf41aec9-21e8-5d35-8521-19f2dd369247] to "/home/carterhinsley/.julia/compiled/v1.12/DynamicalSystemsVisualizations/jl_UdTcpR".
ERROR: LoadError: invalid assignment to constant DynamicalSystemsVisualizations.subscript. This redefinition may be permitted using the `const` keyword.
Stacktrace:
 [1] top-level scope
   @ ~/.julia/packages/DynamicalSystems/sv3mw/ext/DynamicalSystemsVisualizations.jl:14
 [2] include(mod::Module, _path::String)
   @ Base ./Base.jl:306
 [3] include_package_for_output(pkg::Base.PkgId, input::String, depot_path::Vector{String}, dl_load_path::Vector{String}, load_path::Vector{String}, concrete_deps::Vector{Pair{Base.PkgId, UInt128}}, source::Nothing)
   @ Base ./loading.jl:3028
 [4] top-level scope
   @ stdin:5
 [5] eval(m::Module, e::Any)
   @ Core ./boot.jl:489
 [6] include_string(mapexpr::typeof(identity), mod::Module, code::String, filename::String)
   @ Base ./loading.jl:2874
 [7] include_string
   @ ./loading.jl:2884 [inlined]
 [8] exec_options(opts::Base.JLOptions)
   @ Base ./client.jl:315
 [9] _start()
   @ Base ./client.jl:550
in expression starting at /home/carterhinsley/.julia/packages/DynamicalSystems/sv3mw/ext/DynamicalSystemsVisualizations.jl:1
in expression starting at stdin:5/usr/bin/time is not available; using shell timing fallback.
  Activating project at `~/MultimodalMaps.jl`
  Activating project at `~/MultimodalMaps.jl`
  Activating project at `~/MultimodalMaps.jl`
  Activating project at `~/MultimodalMaps.jl`
Running attempt-050 contour scan.
Grid: 1000 ΔCa points × 1000 Δx points
Julia threads: 96, output tag: grid1000_seq12_tmax1e5_prefixes_remap40_newmodel, max sequence length: 12, remap resolution: 40
T0 continuation refinement steps: 5, Ca-window: 0.003
Column checkpoint directory: /home/carterhinsley/MultimodalMaps.jl/kneading/experiment/attempt-050/grid1000_seq12_tmax1e5_prefixes_remap40_newmodel_columns
Saved column 1/1000 (ΔCa=-45.000000) with 0/1000 successful points in 75.72 s
Saved column 12/1000 (ΔCa=-44.724725) with 0/1000 successful points in 77.04 s
Saved column 23/1000 (ΔCa=-44.449449) with 46/1000 successful points in 85.80 s
Saved column 34/1000 (ΔCa=-44.174174) with 95/1000 successful points in 98.12 s
Saved column 56/1000 (ΔCa=-43.623624) with 196/1000 successful points in 110.80 s
Saved column 67/1000 (ΔCa=-43.348348) with 249/1000 successful points in 114.28 s
Saved column 78/1000 (ΔCa=-43.073073) with 306/1000 successful points in 120.03 s
Saved column 89/1000 (ΔCa=-42.797798) with 364/1000 successful points in 122.84 s
Saved column 100/1000 (ΔCa=-42.522523) with 425/1000 successful points in 126.21 s
Saved column 45/1000 (ΔCa=-43.898899) with 138/1000 successful points in 134.19 s
Saved column 155/1000 (ΔCa=-41.146146) with 785/1000 successful points in 139.95 s
Saved column 111/1000 (ΔCa=-42.247247) with 482/1000 successful points in 141.72 s
Saved column 254/1000 (ΔCa=-38.668669) with 1000/1000 successful points in 141.81 s
Saved column 144/1000 (ΔCa=-41.421421) with 697/1000 successful points in 141.87 s
Saved column 265/1000 (ΔCa=-38.393393) with 1000/1000 successful points in 141.88 s
Saved column 210/1000 (ΔCa=-39.769770) with 1000/1000 successful points in 142.79 s
Saved column 199/1000 (ΔCa=-40.045045) with 1000/1000 successful points in 143.29 s
Saved column 221/1000 (ΔCa=-39.494494) with 1000/1000 successful points in 143.40 s
Saved column 133/1000 (ΔCa=-41.696697) with 622/1000 successful points in 143.66 s
Saved column 232/1000 (ΔCa=-39.219219) with 1000/1000 successful points in 143.81 s
Saved column 122/1000 (ΔCa=-41.971972) with 550/1000 successful points in 143.99 s
Saved column 243/1000 (ΔCa=-38.943944) with 1000/1000 successful points in 144.16 s
Saved column 166/1000 (ΔCa=-40.870871) with 864/1000 successful points in 144.77 s
Saved column 276/1000 (ΔCa=-38.118118) with 1000/1000 successful points in 145.13 s
Saved column 177/1000 (ΔCa=-40.595596) with 956/1000 successful points in 145.92 s
Saved column 188/1000 (ΔCa=-40.320320) with 1000/1000 successful points in 146.04 s
Saved column 287/1000 (ΔCa=-37.842843) with 1000/1000 successful points in 147.78 s
Saved column 2/1000 (ΔCa=-44.974975) with 0/1000 successful points in 72.70 s
Saved column 13/1000 (ΔCa=-44.699700) with 0/1000 successful points in 74.26 s
Saved column 298/1000 (ΔCa=-37.567568) with 1000/1000 successful points in 151.49 s
Saved column 309/1000 (ΔCa=-37.292292) with 1000/1000 successful points in 155.15 s
Saved column 320/1000 (ΔCa=-37.017017) with 1000/1000 successful points in 156.07 s
Saved column 331/1000 (ΔCa=-36.741742) with 1000/1000 successful points in 158.05 s
Saved column 342/1000 (ΔCa=-36.466466) with 1000/1000 successful points in 158.81 s
Saved column 353/1000 (ΔCa=-36.191191) with 1000/1000 successful points in 162.56 s
Saved column 364/1000 (ΔCa=-35.915916) with 999/1000 successful points in 164.04 s
Saved column 375/1000 (ΔCa=-35.640641) with 1000/1000 successful points in 165.59 s
Saved column 386/1000 (ΔCa=-35.365365) with 1000/1000 successful points in 166.44 s
Saved column 397/1000 (ΔCa=-35.090090) with 1000/1000 successful points in 167.16 s
Saved column 24/1000 (ΔCa=-44.424424) with 51/1000 successful points in 85.33 s
Saved column 408/1000 (ΔCa=-34.814815) with 1000/1000 successful points in 171.99 s
Saved column 430/1000 (ΔCa=-34.264264) with 1000/1000 successful points in 175.26 s
Saved column 419/1000 (ΔCa=-34.539540) with 1000/1000 successful points in 176.73 s
Saved column 441/1000 (ΔCa=-33.988989) with 1000/1000 successful points in 177.75 s
Saved column 451/1000 (ΔCa=-33.738739) with 1000/1000 successful points in 178.98 s
Saved column 461/1000 (ΔCa=-33.488488) with 1000/1000 successful points in 182.27 s
Saved column 471/1000 (ΔCa=-33.238238) with 1000/1000 successful points in 184.40 s
Saved column 481/1000 (ΔCa=-32.987988) with 1000/1000 successful points in 185.33 s
Saved column 491/1000 (ΔCa=-32.737738) with 1000/1000 successful points in 186.49 s
Saved column 501/1000 (ΔCa=-32.487487) with 1000/1000 successful points in 188.85 s
Saved column 511/1000 (ΔCa=-32.237237) with 1000/1000 successful points in 191.20 s
Saved column 521/1000 (ΔCa=-31.986987) with 1000/1000 successful points in 194.33 s
Saved column 531/1000 (ΔCa=-31.736737) with 1000/1000 successful points in 196.71 s
Saved column 541/1000 (ΔCa=-31.486486) with 1000/1000 successful points in 201.45 s
Saved column 591/1000 (ΔCa=-30.235235) with 1000/1000 successful points in 203.81 s
Saved column 551/1000 (ΔCa=-31.236236) with 1000/1000 successful points in 204.81 s
Saved column 571/1000 (ΔCa=-30.735736) with 1000/1000 successful points in 205.06 s
Saved column 601/1000 (ΔCa=-29.984985) with 1000/1000 successful points in 205.27 s
Saved column 581/1000 (ΔCa=-30.485485) with 1000/1000 successful points in 205.76 s
Saved column 561/1000 (ΔCa=-30.985986) with 1000/1000 successful points in 205.84 s
Saved column 611/1000 (ΔCa=-29.734735) with 1000/1000 successful points in 206.79 s
Saved column 621/1000 (ΔCa=-29.484484) with 1000/1000 successful points in 207.77 s
Saved column 631/1000 (ΔCa=-29.234234) with 1000/1000 successful points in 209.49 s
Saved column 641/1000 (ΔCa=-28.983984) with 999/1000 successful points in 211.04 s
Saved column 651/1000 (ΔCa=-28.733734) with 1000/1000 successful points in 213.26 s
Saved column 661/1000 (ΔCa=-28.483483) with 1000/1000 successful points in 217.58 s
Saved column 57/1000 (ΔCa=-43.598599) with 201/1000 successful points in 108.13 s
Saved column 671/1000 (ΔCa=-28.233233) with 1000/1000 successful points in 220.23 s
Saved column 3/1000 (ΔCa=-44.949950) with 0/1000 successful points in 72.70 s
Saved column 681/1000 (ΔCa=-27.982983) with 1000/1000 successful points in 224.92 s
Saved column 68/1000 (ΔCa=-43.323323) with 254/1000 successful points in 111.16 s
Saved column 35/1000 (ΔCa=-44.149149) with 94/1000 successful points in 127.99 s
Saved column 691/1000 (ΔCa=-27.732733) with 1000/1000 successful points in 227.61 s
Saved column 781/1000 (ΔCa=-25.480480) with 1000/1000 successful points in 229.77 s
Saved column 701/1000 (ΔCa=-27.482482) with 1000/1000 successful points in 229.91 s
Saved column 751/1000 (ΔCa=-26.231231) with 1000/1000 successful points in 230.20 s
Saved column 771/1000 (ΔCa=-25.730731) with 1000/1000 successful points in 230.40 s
Saved column 741/1000 (ΔCa=-26.481481) with 1000/1000 successful points in 230.49 s
Saved column 791/1000 (ΔCa=-25.230230) with 1000/1000 successful points in 231.45 s
Saved column 761/1000 (ΔCa=-25.980981) with 1000/1000 successful points in 231.49 s
Saved column 731/1000 (ΔCa=-26.731732) with 1000/1000 successful points in 232.56 s
Saved column 711/1000 (ΔCa=-27.232232) with 1000/1000 successful points in 232.90 s
Saved column 801/1000 (ΔCa=-24.979980) with 1000/1000 successful points in 233.11 s
Saved column 721/1000 (ΔCa=-26.981982) with 1000/1000 successful points in 233.71 s
Saved column 811/1000 (ΔCa=-24.729730) with 1000/1000 successful points in 235.90 s
Saved column 821/1000 (ΔCa=-24.479479) with 1000/1000 successful points in 237.98 s
Saved column 831/1000 (ΔCa=-24.229229) with 1000/1000 successful points in 240.83 s
Saved column 841/1000 (ΔCa=-23.978979) with 1000/1000 successful points in 243.07 s
Saved column 90/1000 (ΔCa=-42.772773) with 370/1000 successful points in 120.63 s
Saved column 851/1000 (ΔCa=-23.728729) with 1000/1000 successful points in 245.37 s
Saved column 971/1000 (ΔCa=-20.725726) with 1000/1000 successful points in 246.42 s
Saved column 981/1000 (ΔCa=-20.475475) with 1000/1000 successful points in 247.13 s
Saved column 961/1000 (ΔCa=-20.975976) with 1000/1000 successful points in 247.51 s
Saved column 861/1000 (ΔCa=-23.478478) with 1000/1000 successful points in 248.31 s
Saved column 991/1000 (ΔCa=-20.225225) with 1000/1000 successful points in 248.46 s
Saved column 101/1000 (ΔCa=-42.497497) with 431/1000 successful points in 122.67 s
Saved column 951/1000 (ΔCa=-21.226226) with 1000/1000 successful points in 250.57 s
Saved column 871/1000 (ΔCa=-23.228228) with 1000/1000 successful points in 250.60 s
Saved column 881/1000 (ΔCa=-22.977978) with 1000/1000 successful points in 253.48 s
Saved column 891/1000 (ΔCa=-22.727728) with 1000/1000 successful points in 255.09 s
Saved column 901/1000 (ΔCa=-22.477477) with 1000/1000 successful points in 257.03 s
Saved column 941/1000 (ΔCa=-21.476476) with 1000/1000 successful points in 257.04 s
Saved column 79/1000 (ΔCa=-43.048048) with 310/1000 successful points in 137.14 s
Saved column 911/1000 (ΔCa=-22.227227) with 1000/1000 successful points in 258.48 s
Saved column 25/1000 (ΔCa=-44.399399) with 55/1000 successful points in 88.58 s
Saved column 931/1000 (ΔCa=-21.726727) with 1000/1000 successful points in 259.79 s
Saved column 921/1000 (ΔCa=-21.976977) with 1000/1000 successful points in 260.25 s
Saved column 46/1000 (ΔCa=-43.873874) with 143/1000 successful points in 131.43 s
Saved column 14/1000 (ΔCa=-44.674675) with 2/1000 successful points in 119.24 s
Saved column 134/1000 (ΔCa=-41.671672) with 634/1000 successful points in 130.08 s
Saved column 156/1000 (ΔCa=-41.121121) with 792/1000 successful points in 136.26 s
Saved column 145/1000 (ΔCa=-41.396396) with 704/1000 successful points in 136.99 s
Saved column 112/1000 (ΔCa=-42.222222) with 488/1000 successful points in 138.75 s
Saved column 255/1000 (ΔCa=-38.643644) with 1000/1000 successful points in 138.84 s
Saved column 266/1000 (ΔCa=-38.368368) with 1000/1000 successful points in 139.04 s
Saved column 200/1000 (ΔCa=-40.020020) with 1000/1000 successful points in 139.26 s
Saved column 211/1000 (ΔCa=-39.744745) with 1000/1000 successful points in 139.89 s
Saved column 222/1000 (ΔCa=-39.469469) with 1000/1000 successful points in 139.43 s
Saved column 233/1000 (ΔCa=-39.194194) with 1000/1000 successful points in 139.58 s
Saved column 123/1000 (ΔCa=-41.946947) with 556/1000 successful points in 140.47 s
Saved column 244/1000 (ΔCa=-38.918919) with 1000/1000 successful points in 140.49 s
Saved column 167/1000 (ΔCa=-40.845846) with 872/1000 successful points in 140.27 s
Saved column 277/1000 (ΔCa=-38.093093) with 1000/1000 successful points in 141.23 s
Saved column 189/1000 (ΔCa=-40.295295) with 1000/1000 successful points in 141.97 s
Saved column 178/1000 (ΔCa=-40.570571) with 964/1000 successful points in 142.21 s
Saved column 288/1000 (ΔCa=-37.817818) with 1000/1000 successful points in 144.24 s
Saved column 4/1000 (ΔCa=-44.924925) with 0/1000 successful points in 72.20 s
Saved column 299/1000 (ΔCa=-37.542543) with 1000/1000 successful points in 148.84 s
Saved column 310/1000 (ΔCa=-37.267267) with 999/1000 successful points in 151.55 s
Saved column 321/1000 (ΔCa=-36.991992) with 1000/1000 successful points in 153.32 s
Saved column 332/1000 (ΔCa=-36.716717) with 1000/1000 successful points in 154.95 s
Saved column 343/1000 (ΔCa=-36.441441) with 1000/1000 successful points in 155.18 s
Saved column 354/1000 (ΔCa=-36.166166) with 1000/1000 successful points in 158.47 s
Saved column 365/1000 (ΔCa=-35.890891) with 1000/1000 successful points in 160.60 s
Saved column 58/1000 (ΔCa=-43.573574) with 206/1000 successful points in 108.06 s
Saved column 376/1000 (ΔCa=-35.615616) with 1000/1000 successful points in 161.65 s
Saved column 387/1000 (ΔCa=-35.340340) with 1000/1000 successful points in 162.29 s
Saved column 398/1000 (ΔCa=-35.065065) with 1000/1000 successful points in 164.07 s
Saved column 69/1000 (ΔCa=-43.298298) with 259/1000 successful points in 110.91 s
Saved column 409/1000 (ΔCa=-34.789790) with 1000/1000 successful points in 168.80 s
Saved column 431/1000 (ΔCa=-34.239239) with 999/1000 successful points in 172.10 s
Saved column 420/1000 (ΔCa=-34.514515) with 1000/1000 successful points in 172.12 s
Saved column 26/1000 (ΔCa=-44.374374) with 60/1000 successful points in 89.74 s
Saved column 442/1000 (ΔCa=-33.963964) with 1000/1000 successful points in 173.54 s
Saved column 36/1000 (ΔCa=-44.124124) with 99/1000 successful points in 127.46 s
Saved column 452/1000 (ΔCa=-33.713714) with 1000/1000 successful points in 175.33 s
Saved column 462/1000 (ΔCa=-33.463463) with 1000/1000 successful points in 178.18 s
Saved column 472/1000 (ΔCa=-33.213213) with 1000/1000 successful points in 179.97 s
Saved column 91/1000 (ΔCa=-42.747748) with 375/1000 successful points in 121.22 s
Saved column 5/1000 (ΔCa=-44.899900) with 0/1000 successful points in 72.50 s
Saved column 482/1000 (ΔCa=-32.962963) with 1000/1000 successful points in 181.45 s
Saved column 492/1000 (ΔCa=-32.712713) with 1000/1000 successful points in 182.81 s
Saved column 102/1000 (ΔCa=-42.472472) with 437/1000 successful points in 121.91 s
Saved column 502/1000 (ΔCa=-32.462462) with 1000/1000 successful points in 184.89 s
Saved column 512/1000 (ΔCa=-32.212212) with 1000/1000 successful points in 187.10 s
Saved column 522/1000 (ΔCa=-31.961962) with 1000/1000 successful points in 191.62 s
Saved column 532/1000 (ΔCa=-31.711712) with 1000/1000 successful points in 192.26 s
Saved column 15/1000 (ΔCa=-44.649650) with 7/1000 successful points in 119.69 s
Saved column 80/1000 (ΔCa=-43.023023) with 315/1000 successful points in 137.12 s
Saved column 47/1000 (ΔCa=-43.848849) with 148/1000 successful points in 130.46 s
Saved column 542/1000 (ΔCa=-31.461461) with 1000/1000 successful points in 198.16 s
Saved column 592/1000 (ΔCa=-30.210210) with 1000/1000 successful points in 199.15 s
Saved column 113/1000 (ΔCa=-42.197197) with 501/1000 successful points in 124.16 s
Saved column 572/1000 (ΔCa=-30.710711) with 1000/1000 successful points in 199.79 s
Saved column 552/1000 (ΔCa=-31.211211) with 1000/1000 successful points in 200.90 s
Saved column 135/1000 (ΔCa=-41.646647) with 642/1000 successful points in 132.13 s
Saved column 562/1000 (ΔCa=-30.960961) with 1000/1000 successful points in 200.68 s
Saved column 602/1000 (ΔCa=-29.959960) with 1000/1000 successful points in 201.27 s
Saved column 582/1000 (ΔCa=-30.460460) with 1000/1000 successful points in 201.54 s
Saved column 612/1000 (ΔCa=-29.709710) with 1000/1000 successful points in 201.77 s
Saved column 622/1000 (ΔCa=-29.459459) with 1000/1000 successful points in 204.36 s
Saved column 146/1000 (ΔCa=-41.371371) with 719/1000 successful points in 133.71 s
Saved column 124/1000 (ΔCa=-41.921922) with 570/1000 successful points in 129.47 s
Saved column 632/1000 (ΔCa=-29.209209) with 1000/1000 successful points in 205.31 s
Saved column 157/1000 (ΔCa=-41.096096) with 793/1000 successful points in 141.31 s
Saved column 642/1000 (ΔCa=-28.958959) with 1000/1000 successful points in 206.65 s
Saved column 256/1000 (ΔCa=-38.618619) with 1000/1000 successful points in 139.14 s
Saved column 267/1000 (ΔCa=-38.343343) with 999/1000 successful points in 139.23 s
Saved column 212/1000 (ΔCa=-39.719720) with 1000/1000 successful points in 138.38 s
Saved column 223/1000 (ΔCa=-39.444444) with 1000/1000 successful points in 139.04 s
Saved column 201/1000 (ΔCa=-39.994995) with 1000/1000 successful points in 139.46 s
Saved column 234/1000 (ΔCa=-39.169169) with 1000/1000 successful points in 139.03 s
Saved column 652/1000 (ΔCa=-28.708709) with 1000/1000 successful points in 209.78 s
Saved column 168/1000 (ΔCa=-40.820821) with 880/1000 successful points in 139.97 s
Saved column 245/1000 (ΔCa=-38.893894) with 1000/1000 successful points in 140.60 s
Saved column 278/1000 (ΔCa=-38.068068) with 1000/1000 successful points in 141.96 s
Saved column 190/1000 (ΔCa=-40.270270) with 1000/1000 successful points in 142.11 s
Saved column 179/1000 (ΔCa=-40.545546) with 973/1000 successful points in 143.67 s
Saved column 662/1000 (ΔCa=-28.458458) with 1000/1000 successful points in 214.44 s
Saved column 289/1000 (ΔCa=-37.792793) with 1000/1000 successful points in 145.85 s
Saved column 672/1000 (ΔCa=-28.208208) with 1000/1000 successful points in 218.36 s
Saved column 6/1000 (ΔCa=-44.874875) with 0/1000 successful points in 73.10 s
Saved column 682/1000 (ΔCa=-27.957958) with 1000/1000 successful points in 221.53 s
Saved column 300/1000 (ΔCa=-37.517518) with 1000/1000 successful points in 149.22 s
Saved column 70/1000 (ΔCa=-43.273273) with 265/1000 successful points in 113.41 s
Saved column 692/1000 (ΔCa=-27.707708) with 1000/1000 successful points in 223.91 s
Saved column 782/1000 (ΔCa=-25.455455) with 1000/1000 successful points in 226.84 s
Saved column 702/1000 (ΔCa=-27.457457) with 1000/1000 successful points in 226.83 s
Saved column 311/1000 (ΔCa=-37.242242) with 1000/1000 successful points in 150.49 s
Saved column 742/1000 (ΔCa=-26.456456) with 1000/1000 successful points in 226.89 s
Saved column 772/1000 (ΔCa=-25.705706) with 1000/1000 successful points in 227.23 s
Saved column 752/1000 (ΔCa=-26.206206) with 1000/1000 successful points in 227.66 s
Saved column 762/1000 (ΔCa=-25.955956) with 1000/1000 successful points in 227.61 s
Saved column 792/1000 (ΔCa=-25.205205) with 1000/1000 successful points in 227.68 s
Saved column 712/1000 (ΔCa=-27.207207) with 1000/1000 successful points in 227.95 s
Saved column 732/1000 (ΔCa=-26.706707) with 1000/1000 successful points in 228.64 s
Saved column 802/1000 (ΔCa=-24.954955) with 1000/1000 successful points in 228.59 s
Saved column 59/1000 (ΔCa=-43.548549) with 204/1000 successful points in 135.24 s
Saved column 322/1000 (ΔCa=-36.966967) with 1000/1000 successful points in 153.22 s
Saved column 722/1000 (ΔCa=-26.956957) with 1000/1000 successful points in 229.13 s
Saved column 812/1000 (ΔCa=-24.704705) with 1000/1000 successful points in 231.58 s
Saved column 333/1000 (ΔCa=-36.691692) with 1000/1000 successful points in 155.29 s
Saved column 16/1000 (ΔCa=-44.624625) with 16/1000 successful points in 79.14 s
Saved column 344/1000 (ΔCa=-36.416416) with 1000/1000 successful points in 155.57 s
Saved column 822/1000 (ΔCa=-24.454454) with 1000/1000 successful points in 234.90 s
Saved column 27/1000 (ΔCa=-44.349349) with 59/1000 successful points in 124.83 s
Saved column 832/1000 (ΔCa=-24.204204) with 1000/1000 successful points in 237.30 s
Saved column 355/1000 (ΔCa=-36.141141) with 1000/1000 successful points in 158.94 s
Saved column 37/1000 (ΔCa=-44.099099) with 102/1000 successful points in 127.33 s
Saved column 842/1000 (ΔCa=-23.953954) with 1000/1000 successful points in 239.59 s
Saved column 366/1000 (ΔCa=-35.865866) with 1000/1000 successful points in 161.16 s
Saved column 92/1000 (ΔCa=-42.722723) with 381/1000 successful points in 121.65 s
Saved column 852/1000 (ΔCa=-23.703704) with 1000/1000 successful points in 241.04 s
Saved column 972/1000 (ΔCa=-20.700701) with 1000/1000 successful points in 242.43 s
Saved column 377/1000 (ΔCa=-35.590591) with 1000/1000 successful points in 161.96 s
Saved column 982/1000 (ΔCa=-20.450450) with 1000/1000 successful points in 243.17 s
Saved column 388/1000 (ΔCa=-35.315315) with 1000/1000 successful points in 163.02 s
Saved column 962/1000 (ΔCa=-20.950951) with 1000/1000 successful points in 244.33 s
Saved column 862/1000 (ΔCa=-23.453453) with 1000/1000 successful points in 244.17 s
Saved column 992/1000 (ΔCa=-20.200200) with 1000/1000 successful points in 244.61 s
Saved column 103/1000 (ΔCa=-42.447447) with 442/1000 successful points in 122.63 s
Saved column 399/1000 (ΔCa=-35.040040) with 1000/1000 successful points in 164.62 s
Saved column 952/1000 (ΔCa=-21.201201) with 1000/1000 successful points in 246.38 s
Saved column 872/1000 (ΔCa=-23.203203) with 1000/1000 successful points in 246.64 s
Saved column 882/1000 (ΔCa=-22.952953) with 1000/1000 successful points in 249.40 s
Saved column 892/1000 (ΔCa=-22.702703) with 1000/1000 successful points in 251.81 s
Saved column 942/1000 (ΔCa=-21.451451) with 1000/1000 successful points in 252.40 s
Saved column 410/1000 (ΔCa=-34.764765) with 1000/1000 successful points in 169.02 s
Saved column 902/1000 (ΔCa=-22.452452) with 1000/1000 successful points in 253.42 s
Saved column 7/1000 (ΔCa=-44.849850) with 0/1000 successful points in 72.61 s
Saved column 912/1000 (ΔCa=-22.202202) with 1000/1000 successful points in 255.84 s
Saved column 932/1000 (ΔCa=-21.701702) with 1000/1000 successful points in 255.85 s
Saved column 922/1000 (ΔCa=-21.951952) with 1000/1000 successful points in 256.84 s
Saved column 432/1000 (ΔCa=-34.214214) with 1000/1000 successful points in 172.90 s
Saved column 421/1000 (ΔCa=-34.489489) with 1000/1000 successful points in 172.88 s
Saved column 443/1000 (ΔCa=-33.938939) with 1000/1000 successful points in 173.61 s
Saved column 48/1000 (ΔCa=-43.823824) with 152/1000 successful points in 131.67 s
Saved column 453/1000 (ΔCa=-33.688689) with 1000/1000 successful points in 174.60 s
Saved column 81/1000 (ΔCa=-42.997998) with 320/1000 successful points in 137.44 s
Saved column 463/1000 (ΔCa=-33.438438) with 1000/1000 successful points in 180.74 s
Saved column 114/1000 (ΔCa=-42.172172) with 501/1000 successful points in 138.62 s
Saved column 473/1000 (ΔCa=-33.188188) with 1000/1000 successful points in 180.23 s
Saved column 125/1000 (ΔCa=-41.896897) with 576/1000 successful points in 131.24 s
Saved column 136/1000 (ΔCa=-41.621622) with 642/1000 successful points in 139.48 s
Saved column 147/1000 (ΔCa=-41.346346) with 726/1000 successful points in 133.75 s
Saved column 483/1000 (ΔCa=-32.937938) with 1000/1000 successful points in 182.60 s
Saved column 17/1000 (ΔCa=-44.599600) with 21/1000 successful points in 82.09 s
Saved column 493/1000 (ΔCa=-32.687688) with 1000/1000 successful points in 183.95 s
Saved column 158/1000 (ΔCa=-41.071071) with 801/1000 successful points in 140.51 s
Saved column 257/1000 (ΔCa=-38.593594) with 1000/1000 successful points in 138.44 s
Saved column 268/1000 (ΔCa=-38.318318) with 1000/1000 successful points in 139.25 s
Saved column 213/1000 (ΔCa=-39.694695) with 1000/1000 successful points in 138.66 s
Saved column 503/1000 (ΔCa=-32.437437) with 1000/1000 successful points in 186.25 s
Saved column 224/1000 (ΔCa=-39.419419) with 1000/1000 successful points in 139.07 s
Saved column 202/1000 (ΔCa=-39.969970) with 1000/1000 successful points in 139.41 s
Saved column 235/1000 (ΔCa=-39.144144) with 1000/1000 successful points in 140.15 s
Saved column 71/1000 (ΔCa=-43.248248) with 270/1000 successful points in 114.19 s
Saved column 169/1000 (ΔCa=-40.795796) with 888/1000 successful points in 139.28 s
Saved column 246/1000 (ΔCa=-38.868869) with 1000/1000 successful points in 139.86 s
Saved column 513/1000 (ΔCa=-32.187187) with 1000/1000 successful points in 187.11 s
Saved column 279/1000 (ΔCa=-38.043043) with 1000/1000 successful points in 142.43 s
Saved column 191/1000 (ΔCa=-40.245245) with 1000/1000 successful points in 140.90 s
Saved column 60/1000 (ΔCa=-43.523524) with 215/1000 successful points in 110.84 s
Saved column 180/1000 (ΔCa=-40.520521) with 982/1000 successful points in 143.30 s
Saved column 523/1000 (ΔCa=-31.936937) with 1000/1000 successful points in 191.70 s
Saved column 290/1000 (ΔCa=-37.767768) with 1000/1000 successful points in 144.90 s
Saved column 533/1000 (ΔCa=-31.686687) with 1000/1000 successful points in 194.14 s
Saved column 8/1000 (ΔCa=-44.824825) with 0/1000 successful points in 72.77 s
Saved column 28/1000 (ΔCa=-44.324324) with 62/1000 successful points in 123.67 s
Saved column 301/1000 (ΔCa=-37.492492) with 1000/1000 successful points in 148.98 s
Saved column 543/1000 (ΔCa=-31.436436) with 1000/1000 successful points in 200.40 s
Saved column 593/1000 (ΔCa=-30.185185) with 1000/1000 successful points in 201.92 s
Saved column 573/1000 (ΔCa=-30.685686) with 1000/1000 successful points in 200.89 s
Saved column 553/1000 (ΔCa=-31.186186) with 1000/1000 successful points in 201.98 s
Saved column 93/1000 (ΔCa=-42.697698) with 386/1000 successful points in 121.58 s
Saved column 563/1000 (ΔCa=-30.935936) with 1000/1000 successful points in 201.43 s
Saved column 603/1000 (ΔCa=-29.934935) with 1000/1000 successful points in 201.90 s
Saved column 312/1000 (ΔCa=-37.217217) with 1000/1000 successful points in 151.43 s
Saved column 38/1000 (ΔCa=-44.074074) with 107/1000 successful points in 128.04 s
Saved column 583/1000 (ΔCa=-30.435435) with 1000/1000 successful points in 202.20 s
Saved column 613/1000 (ΔCa=-29.684685) with 1000/1000 successful points in 203.04 s
Saved column 323/1000 (ΔCa=-36.941942) with 1000/1000 successful points in 152.90 s
Saved column 104/1000 (ΔCa=-42.422422) with 448/1000 successful points in 122.25 s
Saved column 623/1000 (ΔCa=-29.434434) with 1000/1000 successful points in 204.55 s
Saved column 633/1000 (ΔCa=-29.184184) with 1000/1000 successful points in 205.72 s
Saved column 334/1000 (ΔCa=-36.666667) with 1000/1000 successful points in 155.24 s
Saved column 643/1000 (ΔCa=-28.933934) with 1000/1000 successful points in 206.82 s
Saved column 345/1000 (ΔCa=-36.391391) with 1000/1000 successful points in 155.37 s
Saved column 653/1000 (ΔCa=-28.683684) with 1000/1000 successful points in 210.27 s
Saved column 356/1000 (ΔCa=-36.116116) with 1000/1000 successful points in 158.88 s
Saved column 663/1000 (ΔCa=-28.433433) with 1000/1000 successful points in 214.10 s
Saved column 367/1000 (ΔCa=-35.840841) with 1000/1000 successful points in 160.75 s
Saved column 378/1000 (ΔCa=-35.565566) with 1000/1000 successful points in 162.22 s
Saved column 389/1000 (ΔCa=-35.290290) with 1000/1000 successful points in 162.85 s
Saved column 9/1000 (ΔCa=-44.799800) with 0/1000 successful points in 72.81 s
Saved column 673/1000 (ΔCa=-28.183183) with 1000/1000 successful points in 219.36 s
Saved column 49/1000 (ΔCa=-43.798799) with 157/1000 successful points in 132.56 s
Saved column 400/1000 (ΔCa=-35.015015) with 1000/1000 successful points in 165.01 s
Saved column 683/1000 (ΔCa=-27.932933) with 1000/1000 successful points in 221.67 s
Saved column 82/1000 (ΔCa=-42.972973) with 326/1000 successful points in 137.76 s
Saved column 115/1000 (ΔCa=-42.147147) with 514/1000 successful points in 127.41 s
Saved column 18/1000 (ΔCa=-44.574575) with 20/1000 successful points in 122.08 s
Saved column 137/1000 (ΔCa=-41.596597) with 656/1000 successful points in 130.75 s
Saved column 693/1000 (ΔCa=-27.682683) with 1000/1000 successful points in 224.63 s
Saved column 148/1000 (ΔCa=-41.321321) with 733/1000 successful points in 132.51 s
Saved column 126/1000 (ΔCa=-41.871872) with 583/1000 successful points in 133.68 s
Saved column 411/1000 (ΔCa=-34.739740) with 1000/1000 successful points in 170.59 s
Saved column 72/1000 (ΔCa=-43.223223) with 275/1000 successful points in 116.60 s
Saved column 783/1000 (ΔCa=-25.430430) with 1000/1000 successful points in 226.55 s
Saved column 703/1000 (ΔCa=-27.432432) with 1000/1000 successful points in 226.48 s
Saved column 773/1000 (ΔCa=-25.680681) with 1000/1000 successful points in 226.23 s
Saved column 743/1000 (ΔCa=-26.431431) with 1000/1000 successful points in 226.86 s
Saved column 753/1000 (ΔCa=-26.181181) with 1000/1000 successful points in 227.10 s
Saved column 61/1000 (ΔCa=-43.498498) with 220/1000 successful points in 111.91 s
Saved column 763/1000 (ΔCa=-25.930931) with 1000/1000 successful points in 227.44 s
Saved column 793/1000 (ΔCa=-25.180180) with 1000/1000 successful points in 227.59 s
Saved column 733/1000 (ΔCa=-26.681682) with 1000/1000 successful points in 228.26 s
Saved column 713/1000 (ΔCa=-27.182182) with 1000/1000 successful points in 228.96 s
Saved column 803/1000 (ΔCa=-24.929930) with 1000/1000 successful points in 228.72 s
Saved column 723/1000 (ΔCa=-26.931932) with 1000/1000 successful points in 229.57 s
Saved column 433/1000 (ΔCa=-34.189189) with 1000/1000 successful points in 173.76 s
Saved column 422/1000 (ΔCa=-34.464464) with 1000/1000 successful points in 173.99 s
Saved column 258/1000 (ΔCa=-38.568569) with 1000/1000 successful points in 139.19 s
Saved column 159/1000 (ΔCa=-41.046046) with 808/1000 successful points in 140.19 s
Saved column 269/1000 (ΔCa=-38.293293) with 1000/1000 successful points in 139.41 s
Saved column 813/1000 (ΔCa=-24.679680) with 1000/1000 successful points in 231.36 s
Saved column 214/1000 (ΔCa=-39.669670) with 1000/1000 successful points in 139.75 s
Saved column 444/1000 (ΔCa=-33.913914) with 1000/1000 successful points in 174.62 s
Saved column 225/1000 (ΔCa=-39.394394) with 1000/1000 successful points in 139.46 s
Saved column 203/1000 (ΔCa=-39.944945) with 1000/1000 successful points in 139.24 s
Saved column 39/1000 (ΔCa=-44.049049) with 116/1000 successful points in 91.85 s
Saved column 236/1000 (ΔCa=-39.119119) with 1000/1000 successful points in 139.32 s
Saved column 170/1000 (ΔCa=-40.770771) with 896/1000 successful points in 139.50 s
Saved column 454/1000 (ΔCa=-33.663664) with 1000/1000 successful points in 176.75 s
Saved column 247/1000 (ΔCa=-38.843844) with 1000/1000 successful points in 140.65 s
Saved column 823/1000 (ΔCa=-24.429429) with 1000/1000 successful points in 235.20 s
Saved column 192/1000 (ΔCa=-40.220220) with 1000/1000 successful points in 140.24 s
Saved column 280/1000 (ΔCa=-38.018018) with 1000/1000 successful points in 142.62 s
Saved column 833/1000 (ΔCa=-24.179179) with 1000/1000 successful points in 238.01 s
Saved column 181/1000 (ΔCa=-40.495495) with 991/1000 successful points in 143.27 s
Saved column 464/1000 (ΔCa=-33.413413) with 1000/1000 successful points in 180.77 s
Saved column 29/1000 (ΔCa=-44.299299) with 67/1000 successful points in 124.62 s
Saved column 843/1000 (ΔCa=-23.928929) with 1000/1000 successful points in 240.41 s
Saved column 474/1000 (ΔCa=-33.163163) with 1000/1000 successful points in 180.08 s
Saved column 94/1000 (ΔCa=-42.672673) with 392/1000 successful points in 120.29 s
Saved column 853/1000 (ΔCa=-23.678679) with 1000/1000 successful points in 241.86 s
Saved column 291/1000 (ΔCa=-37.742743) with 999/1000 successful points in 145.89 s
Saved column 10/1000 (ΔCa=-44.774775) with 0/1000 successful points in 73.43 s
Saved column 973/1000 (ΔCa=-20.675676) with 1000/1000 successful points in 242.89 s
Saved column 484/1000 (ΔCa=-32.912913) with 1000/1000 successful points in 182.60 s
Saved column 983/1000 (ΔCa=-20.425425) with 1000/1000 successful points in 244.38 s
Saved column 963/1000 (ΔCa=-20.925926) with 1000/1000 successful points in 244.36 s
Saved column 863/1000 (ΔCa=-23.428428) with 1000/1000 successful points in 245.20 s
Saved column 494/1000 (ΔCa=-32.662663) with 1000/1000 successful points in 184.56 s
Saved column 105/1000 (ΔCa=-42.397397) with 454/1000 successful points in 122.70 s
Saved column 993/1000 (ΔCa=-20.175175) with 1000/1000 successful points in 245.53 s
Saved column 953/1000 (ΔCa=-21.176176) with 1000/1000 successful points in 246.65 s
Saved column 873/1000 (ΔCa=-23.178178) with 1000/1000 successful points in 247.90 s
Saved column 504/1000 (ΔCa=-32.412412) with 1000/1000 successful points in 187.04 s
Saved column 302/1000 (ΔCa=-37.467467) with 1000/1000 successful points in 149.53 s
Saved column 883/1000 (ΔCa=-22.927928) with 1000/1000 successful points in 250.33 s
Saved column 514/1000 (ΔCa=-32.162162) with 1000/1000 successful points in 188.18 s
Saved column 893/1000 (ΔCa=-22.677678) with 1000/1000 successful points in 252.20 s
Saved column 313/1000 (ΔCa=-37.192192) with 1000/1000 successful points in 151.28 s
Saved column 943/1000 (ΔCa=-21.426426) with 1000/1000 successful points in 251.92 s
Saved column 903/1000 (ΔCa=-22.427427) with 1000/1000 successful points in 253.75 s
Saved column 324/1000 (ΔCa=-36.916917) with 1000/1000 successful points in 153.59 s
Saved column 524/1000 (ΔCa=-31.911912) with 1000/1000 successful points in 192.64 s
Saved column 913/1000 (ΔCa=-22.177177) with 1000/1000 successful points in 256.06 s
Saved column 933/1000 (ΔCa=-21.676677) with 1000/1000 successful points in 255.92 s
Saved column 923/1000 (ΔCa=-21.926927) with 1000/1000 successful points in 257.57 s
Saved column 534/1000 (ΔCa=-31.661662) with 1000/1000 successful points in 194.71 s
Saved column 335/1000 (ΔCa=-36.641642) with 1000/1000 successful points in 156.16 s
Saved column 346/1000 (ΔCa=-36.366366) with 1000/1000 successful points in 157.31 s
Saved column 50/1000 (ΔCa=-43.773774) with 162/1000 successful points in 133.36 s
Saved column 40/1000 (ΔCa=-44.024024) with 121/1000 successful points in 93.18 s
Saved column 19/1000 (ΔCa=-44.549550) with 25/1000 successful points in 122.69 s
Saved column 73/1000 (ΔCa=-43.198198) with 280/1000 successful points in 116.82 s
Saved column 62/1000 (ΔCa=-43.473473) with 225/1000 successful points in 112.48 s
Saved column 116/1000 (ΔCa=-42.122122) with 520/1000 successful points in 127.46 s
Saved column 357/1000 (ΔCa=-36.091091) with 1000/1000 successful points in 160.72 s
Saved column 544/1000 (ΔCa=-31.411411) with 1000/1000 successful points in 202.41 s
Saved column 11/1000 (ΔCa=-44.749750) with 0/1000 successful points in 73.54 s
Saved column 574/1000 (ΔCa=-30.660661) with 1000/1000 successful points in 200.91 s
Saved column 594/1000 (ΔCa=-30.160160) with 1000/1000 successful points in 202.72 s
Saved column 368/1000 (ΔCa=-35.815816) with 1000/1000 successful points in 161.07 s
Saved column 83/1000 (ΔCa=-42.947948) with 325/1000 successful points in 138.58 s
Saved column 30/1000 (ΔCa=-44.274274) with 76/1000 successful points in 86.16 s
Saved column 138/1000 (ΔCa=-41.571572) with 662/1000 successful points in 133.13 s
Saved column 564/1000 (ΔCa=-30.910911) with 1000/1000 successful points in 201.65 s
Saved column 554/1000 (ΔCa=-31.161161) with 1000/1000 successful points in 202.36 s
Saved column 604/1000 (ΔCa=-29.909910) with 1000/1000 successful points in 202.82 s
Saved column 584/1000 (ΔCa=-30.410410) with 1000/1000 successful points in 202.58 s
Saved column 127/1000 (ΔCa=-41.846847) with 589/1000 successful points in 133.90 s
Saved column 614/1000 (ΔCa=-29.659660) with 1000/1000 successful points in 202.79 s
Saved column 379/1000 (ΔCa=-35.540541) with 1000/1000 successful points in 163.15 s
Saved column 149/1000 (ΔCa=-41.296296) with 733/1000 successful points in 138.94 s
Saved column 390/1000 (ΔCa=-35.265265) with 1000/1000 successful points in 164.87 s
Saved column 624/1000 (ΔCa=-29.409409) with 1000/1000 successful points in 205.29 s
Saved column 634/1000 (ΔCa=-29.159159) with 1000/1000 successful points in 205.50 s
Saved column 401/1000 (ΔCa=-34.989990) with 1000/1000 successful points in 165.51 s
Saved column 160/1000 (ΔCa=-41.021021) with 816/1000 successful points in 131.37 s
Saved column 644/1000 (ΔCa=-28.908909) with 1000/1000 successful points in 207.50 s
Saved column 259/1000 (ΔCa=-38.543544) with 1000/1000 successful points in 139.04 s
Saved column 215/1000 (ΔCa=-39.644645) with 1000/1000 successful points in 139.23 s
Saved column 270/1000 (ΔCa=-38.268268) with 1000/1000 successful points in 139.97 s
Saved column 204/1000 (ΔCa=-39.919920) with 1000/1000 successful points in 139.41 s
Saved column 226/1000 (ΔCa=-39.369369) with 1000/1000 successful points in 140.42 s
Saved column 237/1000 (ΔCa=-39.094094) with 1000/1000 successful points in 139.69 s
Saved column 171/1000 (ΔCa=-40.745746) with 912/1000 successful points in 138.35 s
Saved column 654/1000 (ΔCa=-28.658659) with 1000/1000 successful points in 211.70 s
Saved column 248/1000 (ΔCa=-38.818819) with 1000/1000 successful points in 140.31 s
Saved column 95/1000 (ΔCa=-42.647648) with 397/1000 successful points in 122.04 s
Saved column 412/1000 (ΔCa=-34.714715) with 1000/1000 successful points in 170.05 s
Saved column 193/1000 (ΔCa=-40.195195) with 999/1000 successful points in 140.86 s
Saved column 281/1000 (ΔCa=-37.992993) with 1000/1000 successful points in 143.23 s
Saved column 106/1000 (ΔCa=-42.372372) with 460/1000 successful points in 122.17 s
Saved column 182/1000 (ΔCa=-40.470470) with 1000/1000 successful points in 142.52 s
Saved column 664/1000 (ΔCa=-28.408408) with 1000/1000 successful points in 215.80 s
Saved column 434/1000 (ΔCa=-34.164164) with 999/1000 successful points in 173.24 s
Saved column 423/1000 (ΔCa=-34.439439) with 1000/1000 successful points in 173.05 s
Saved column 292/1000 (ΔCa=-37.717718) with 1000/1000 successful points in 145.69 s
Saved column 445/1000 (ΔCa=-33.888889) with 1000/1000 successful points in 175.50 s
Saved column 674/1000 (ΔCa=-28.158158) with 1000/1000 successful points in 220.61 s
Saved column 455/1000 (ΔCa=-33.638639) with 1000/1000 successful points in 175.99 s
Saved column 684/1000 (ΔCa=-27.907908) with 1000/1000 successful points in 222.43 s
Saved column 41/1000 (ΔCa=-43.998999) with 126/1000 successful points in 96.74 s
Saved column 51/1000 (ΔCa=-43.748749) with 171/1000 successful points in 100.97 s
Saved column 303/1000 (ΔCa=-37.442442) with 1000/1000 successful points in 147.95 s
Saved column 31/1000 (ΔCa=-44.249249) with 81/1000 successful points in 89.68 s
Saved column 694/1000 (ΔCa=-27.657658) with 1000/1000 successful points in 224.74 s
Saved column 465/1000 (ΔCa=-33.388388) with 1000/1000 successful points in 180.39 s
Saved column 475/1000 (ΔCa=-33.138138) with 1000/1000 successful points in 181.95 s
Saved column 63/1000 (ΔCa=-43.448448) with 230/1000 successful points in 112.28 s
Saved column 784/1000 (ΔCa=-25.405405) with 1000/1000 successful points in 227.01 s
Saved column 704/1000 (ΔCa=-27.407407) with 1000/1000 successful points in 226.97 s
Saved column 774/1000 (ΔCa=-25.655656) with 1000/1000 successful points in 226.94 s
Saved column 314/1000 (ΔCa=-37.167167) with 1000/1000 successful points in 151.59 s
Saved column 794/1000 (ΔCa=-25.155155) with 1000/1000 successful points in 224.87 s
Saved column 744/1000 (ΔCa=-26.406406) with 1000/1000 successful points in 227.58 s
Saved column 754/1000 (ΔCa=-26.156156) with 1000/1000 successful points in 227.09 s
Saved column 74/1000 (ΔCa=-43.173173) with 285/1000 successful points in 116.59 s
Saved column 764/1000 (ΔCa=-25.905906) with 1000/1000 successful points in 227.55 s
Saved column 485/1000 (ΔCa=-32.887888) with 1000/1000 successful points in 185.19 s
Saved column 734/1000 (ΔCa=-26.656657) with 1000/1000 successful points in 228.48 s
Saved column 20/1000 (ΔCa=-44.524525) with 29/1000 successful points in 122.54 s
Saved column 714/1000 (ΔCa=-27.157157) with 1000/1000 successful points in 229.51 s
Saved column 325/1000 (ΔCa=-36.891892) with 1000/1000 successful points in 150.73 s
Saved column 804/1000 (ΔCa=-24.904905) with 1000/1000 successful points in 229.66 s
Saved column 724/1000 (ΔCa=-26.906907) with 1000/1000 successful points in 229.49 s
Saved column 495/1000 (ΔCa=-32.637638) with 1000/1000 successful points in 185.02 s
Saved column 347/1000 (ΔCa=-36.341341) with 1000/1000 successful points in 141.90 s
Saved column 84/1000 (ΔCa=-42.922923) with 337/1000 successful points in 117.20 s
Saved column 814/1000 (ΔCa=-24.654655) with 1000/1000 successful points in 229.06 s
Saved column 505/1000 (ΔCa=-32.387387) with 1000/1000 successful points in 187.11 s
Saved column 336/1000 (ΔCa=-36.616617) with 1000/1000 successful points in 155.59 s
Saved column 117/1000 (ΔCa=-42.097097) with 519/1000 successful points in 139.14 s
Saved column 139/1000 (ΔCa=-41.546547) with 669/1000 successful points in 131.13 s
Saved column 515/1000 (ΔCa=-32.137137) with 1000/1000 successful points in 189.37 s
Saved column 824/1000 (ΔCa=-24.404404) with 1000/1000 successful points in 235.18 s
Saved column 128/1000 (ΔCa=-41.821822) with 589/1000 successful points in 140.64 s
Saved column 834/1000 (ΔCa=-24.154154) with 1000/1000 successful points in 238.80 s
Saved column 150/1000 (ΔCa=-41.271271) with 741/1000 successful points in 139.11 s
Saved column 358/1000 (ΔCa=-36.066066) with 1000/1000 successful points in 159.35 s
Saved column 525/1000 (ΔCa=-31.886887) with 1000/1000 successful points in 191.52 s
Saved column 844/1000 (ΔCa=-23.903904) with 1000/1000 successful points in 240.94 s
Saved column 161/1000 (ΔCa=-40.995996) with 824/1000 successful points in 135.33 s
Saved column 369/1000 (ΔCa=-35.790791) with 1000/1000 successful points in 160.52 s
Saved column 854/1000 (ΔCa=-23.653654) with 1000/1000 successful points in 242.05 s
Saved column 96/1000 (ΔCa=-42.622623) with 403/1000 successful points in 121.03 s
Saved column 535/1000 (ΔCa=-31.636637) with 1000/1000 successful points in 195.58 s
Saved column 964/1000 (ΔCa=-20.900901) with 1000/1000 successful points in 238.21 s
Saved column 974/1000 (ΔCa=-20.650651) with 1000/1000 successful points in 242.69 s
Saved column 260/1000 (ΔCa=-38.518519) with 1000/1000 successful points in 138.44 s
Saved column 380/1000 (ΔCa=-35.515516) with 1000/1000 successful points in 163.33 s
Saved column 216/1000 (ΔCa=-39.619620) with 1000/1000 successful points in 139.35 s
Saved column 984/1000 (ΔCa=-20.400400) with 1000/1000 successful points in 244.68 s
Saved column 205/1000 (ΔCa=-39.894895) with 1000/1000 successful points in 139.87 s
Saved column 271/1000 (ΔCa=-38.243243) with 1000/1000 successful points in 141.29 s
Saved column 172/1000 (ΔCa=-40.720721) with 919/1000 successful points in 138.15 s
Saved column 227/1000 (ΔCa=-39.344344) with 1000/1000 successful points in 139.92 s
Saved column 238/1000 (ΔCa=-39.069069) with 1000/1000 successful points in 139.86 s
Saved column 864/1000 (ΔCa=-23.403403) with 1000/1000 successful points in 245.13 s
Saved column 107/1000 (ΔCa=-42.347347) with 466/1000 successful points in 122.61 s
Saved column 391/1000 (ΔCa=-35.240240) with 1000/1000 successful points in 164.27 s
Saved column 994/1000 (ΔCa=-20.150150) with 1000/1000 successful points in 245.65 s
Saved column 249/1000 (ΔCa=-38.793794) with 1000/1000 successful points in 140.04 s
Saved column 42/1000 (ΔCa=-43.973974) with 131/1000 successful points in 97.15 s
Saved column 32/1000 (ΔCa=-44.224224) with 86/1000 successful points in 90.88 s
Saved column 954/1000 (ΔCa=-21.151151) with 1000/1000 successful points in 245.85 s
Saved column 402/1000 (ΔCa=-34.964965) with 1000/1000 successful points in 165.50 s
Saved column 194/1000 (ΔCa=-40.170170) with 1000/1000 successful points in 140.30 s
Saved column 874/1000 (ΔCa=-23.153153) with 1000/1000 successful points in 248.53 s
Saved column 52/1000 (ΔCa=-43.723724) with 176/1000 successful points in 100.50 s
Saved column 555/1000 (ΔCa=-31.136136) with 1000/1000 successful points in 188.26 s
Saved column 282/1000 (ΔCa=-37.967968) with 1000/1000 successful points in 143.30 s
Saved column 413/1000 (ΔCa=-34.689690) with 1000/1000 successful points in 152.56 s
Saved column 183/1000 (ΔCa=-40.445445) with 1000/1000 successful points in 142.62 s
Saved column 884/1000 (ΔCa=-22.902903) with 1000/1000 successful points in 250.71 s
Saved column 595/1000 (ΔCa=-30.135135) with 1000/1000 successful points in 196.36 s
Saved column 545/1000 (ΔCa=-31.386386) with 1000/1000 successful points in 201.76 s
Saved column 575/1000 (ΔCa=-30.635636) with 1000/1000 successful points in 200.23 s
Saved column 565/1000 (ΔCa=-30.885886) with 1000/1000 successful points in 202.15 s
Saved column 894/1000 (ΔCa=-22.652653) with 1000/1000 successful points in 252.86 s
Saved column 944/1000 (ΔCa=-21.401401) with 1000/1000 successful points in 251.37 s
Saved column 904/1000 (ΔCa=-22.402402) with 1000/1000 successful points in 248.70 s
Saved column 605/1000 (ΔCa=-29.884885) with 1000/1000 successful points in 201.94 s
Saved column 585/1000 (ΔCa=-30.385385) with 1000/1000 successful points in 201.85 s
Saved column 615/1000 (ΔCa=-29.634635) with 1000/1000 successful points in 203.68 s
Saved column 293/1000 (ΔCa=-37.692693) with 1000/1000 successful points in 145.91 s
Saved column 914/1000 (ΔCa=-22.152152) with 1000/1000 successful points in 256.40 s
Saved column 625/1000 (ΔCa=-29.384384) with 1000/1000 successful points in 204.95 s
Saved column 934/1000 (ΔCa=-21.651652) with 1000/1000 successful points in 255.90 s
Saved column 75/1000 (ΔCa=-43.148148) with 290/1000 successful points in 117.01 s
Saved column 635/1000 (ΔCa=-29.134134) with 1000/1000 successful points in 205.97 s
Saved column 924/1000 (ΔCa=-21.901902) with 1000/1000 successful points in 257.60 s
Saved column 645/1000 (ΔCa=-28.883884) with 1000/1000 successful points in 208.07 s
Saved column 21/1000 (ΔCa=-44.499499) with 32/1000 successful points in 122.11 s
Saved column 435/1000 (ΔCa=-34.139139) with 1000/1000 successful points in 173.98 s
Saved column 85/1000 (ΔCa=-42.897898) with 342/1000 successful points in 116.03 s
Saved column 424/1000 (ΔCa=-34.414414) with 1000/1000 successful points in 173.21 s
Saved column 304/1000 (ΔCa=-37.417417) with 1000/1000 successful points in 150.58 s
Saved column 64/1000 (ΔCa=-43.423423) with 228/1000 successful points in 137.40 s
Saved column 446/1000 (ΔCa=-33.863864) with 1000/1000 successful points in 175.60 s
Saved column 655/1000 (ΔCa=-28.633634) with 1000/1000 successful points in 211.93 s
Saved column 456/1000 (ΔCa=-33.613614) with 1000/1000 successful points in 177.32 s
Saved column 315/1000 (ΔCa=-37.142142) with 1000/1000 successful points in 151.77 s
Saved column 140/1000 (ΔCa=-41.521522) with 676/1000 successful points in 131.42 s
Saved column 326/1000 (ΔCa=-36.866867) with 1000/1000 successful points in 154.25 s
Saved column 665/1000 (ΔCa=-28.383383) with 1000/1000 successful points in 213.72 s
Saved column 118/1000 (ΔCa=-42.072072) with 525/1000 successful points in 139.74 s
Saved column 337/1000 (ΔCa=-36.591592) with 1000/1000 successful points in 144.67 s
Saved column 348/1000 (ΔCa=-36.316316) with 1000/1000 successful points in 157.58 s
Saved column 33/1000 (ΔCa=-44.199199) with 90/1000 successful points in 93.89 s
Saved column 466/1000 (ΔCa=-33.363363) with 1000/1000 successful points in 180.89 s
Saved column 43/1000 (ΔCa=-43.948949) with 135/1000 successful points in 100.03 s
Saved column 476/1000 (ΔCa=-33.113113) with 1000/1000 successful points in 182.12 s
Saved column 97/1000 (ΔCa=-42.597598) with 408/1000 successful points in 122.04 s
Saved column 151/1000 (ΔCa=-41.246246) with 756/1000 successful points in 136.61 s
Saved column 129/1000 (ΔCa=-41.796797) with 595/1000 successful points in 140.86 s
Saved column 53/1000 (ΔCa=-43.698699) with 181/1000 successful points in 102.43 s
Saved column 675/1000 (ΔCa=-28.133133) with 1000/1000 successful points in 220.50 s
Saved column 486/1000 (ΔCa=-32.862863) with 1000/1000 successful points in 184.29 s
Saved column 162/1000 (ΔCa=-40.970971) with 832/1000 successful points in 138.13 s
Saved column 261/1000 (ΔCa=-38.493493) with 1000/1000 successful points in 130.42 s
Saved column 108/1000 (ΔCa=-42.322322) with 471/1000 successful points in 123.17 s
Saved column 496/1000 (ΔCa=-32.612613) with 1000/1000 successful points in 184.54 s
Saved column 685/1000 (ΔCa=-27.882883) with 1000/1000 successful points in 222.60 s
Saved column 217/1000 (ΔCa=-39.594595) with 1000/1000 successful points in 135.53 s
Saved column 359/1000 (ΔCa=-36.041041) with 1000/1000 successful points in 157.04 s
Saved column 206/1000 (ΔCa=-39.869870) with 1000/1000 successful points in 138.69 s
Saved column 228/1000 (ΔCa=-39.319319) with 1000/1000 successful points in 139.40 s
Saved column 250/1000 (ΔCa=-38.768769) with 1000/1000 successful points in 134.63 s
Saved column 272/1000 (ΔCa=-38.218218) with 1000/1000 successful points in 141.23 s
Saved column 173/1000 (ΔCa=-40.695696) with 921/1000 successful points in 141.12 s
Saved column 506/1000 (ΔCa=-32.362362) with 1000/1000 successful points in 187.44 s
Saved column 239/1000 (ΔCa=-39.044044) with 1000/1000 successful points in 140.33 s
Saved column 22/1000 (ΔCa=-44.474474) with 41/1000 successful points in 81.32 s
Saved column 695/1000 (ΔCa=-27.632633) with 1000/1000 successful points in 222.15 s
Saved column 755/1000 (ΔCa=-26.131131) with 1000/1000 successful points in 211.96 s
Saved column 370/1000 (ΔCa=-35.765766) with 1000/1000 successful points in 160.41 s
Saved column 195/1000 (ΔCa=-40.145145) with 1000/1000 successful points in 139.26 s
Saved column 705/1000 (ΔCa=-27.382382) with 1000/1000 successful points in 223.31 s
Saved column 516/1000 (ΔCa=-32.112112) with 1000/1000 successful points in 190.60 s
Saved column 184/1000 (ΔCa=-40.420420) with 1000/1000 successful points in 130.23 s
Saved column 785/1000 (ΔCa=-25.380380) with 1000/1000 successful points in 226.97 s
Saved column 775/1000 (ΔCa=-25.630631) with 1000/1000 successful points in 227.71 s
Saved column 725/1000 (ΔCa=-26.881882) with 1000/1000 successful points in 217.24 s
Saved column 745/1000 (ΔCa=-26.381381) with 1000/1000 successful points in 227.54 s
Saved column 795/1000 (ΔCa=-25.130130) with 1000/1000 successful points in 228.33 s
Saved column 381/1000 (ΔCa=-35.490490) with 1000/1000 successful points in 162.36 s
Saved column 765/1000 (ΔCa=-25.880881) with 1000/1000 successful points in 227.91 s
Saved column 283/1000 (ΔCa=-37.942943) with 1000/1000 successful points in 144.04 s
Saved column 735/1000 (ΔCa=-26.631632) with 1000/1000 successful points in 228.19 s
Saved column 392/1000 (ΔCa=-35.215215) with 1000/1000 successful points in 164.18 s
Saved column 76/1000 (ΔCa=-43.123123) with 295/1000 successful points in 117.56 s
Saved column 715/1000 (ΔCa=-27.132132) with 1000/1000 successful points in 229.71 s
Saved column 805/1000 (ΔCa=-24.879880) with 1000/1000 successful points in 230.32 s
Saved column 526/1000 (ΔCa=-31.861862) with 1000/1000 successful points in 192.48 s
Saved column 86/1000 (ΔCa=-42.872873) with 347/1000 successful points in 114.28 s
Saved column 403/1000 (ΔCa=-34.939940) with 1000/1000 successful points in 165.34 s
Saved column 815/1000 (ΔCa=-24.629630) with 1000/1000 successful points in 233.10 s
Saved column 294/1000 (ΔCa=-37.667668) with 1000/1000 successful points in 146.64 s
Saved column 536/1000 (ΔCa=-31.611612) with 1000/1000 successful points in 195.05 s
Saved column 414/1000 (ΔCa=-34.664665) with 1000/1000 successful points in 171.19 s
Saved column 65/1000 (ΔCa=-43.398398) with 233/1000 successful points in 130.20 s
Saved column 825/1000 (ΔCa=-24.379379) with 1000/1000 successful points in 235.67 s
Saved column 44/1000 (ΔCa=-43.923924) with 140/1000 successful points in 100.21 s
Saved column 835/1000 (ΔCa=-24.129129) with 1000/1000 successful points in 237.90 s
Saved column 305/1000 (ΔCa=-37.392392) with 1000/1000 successful points in 149.63 s
Saved column 556/1000 (ΔCa=-31.111111) with 1000/1000 successful points in 201.81 s
Saved column 54/1000 (ΔCa=-43.673674) with 186/1000 successful points in 102.58 s
Saved column 845/1000 (ΔCa=-23.878879) with 1000/1000 successful points in 238.64 s
Saved column 119/1000 (ΔCa=-42.047047) with 537/1000 successful points in 126.27 s
Saved column 596/1000 (ΔCa=-30.110110) with 1000/1000 successful points in 200.82 s
Saved column 546/1000 (ΔCa=-31.361361) with 1000/1000 successful points in 201.40 s
Saved column 576/1000 (ΔCa=-30.610611) with 1000/1000 successful points in 199.78 s
Saved column 141/1000 (ΔCa=-41.496496) with 676/1000 successful points in 136.96 s
Saved column 855/1000 (ΔCa=-23.628629) with 1000/1000 successful points in 241.41 s
Saved column 436/1000 (ΔCa=-34.114114) with 1000/1000 successful points in 170.87 s
Saved column 566/1000 (ΔCa=-30.860861) with 1000/1000 successful points in 200.65 s
Saved column 425/1000 (ΔCa=-34.389389) with 1000/1000 successful points in 170.66 s
Saved column 98/1000 (ΔCa=-42.572573) with 414/1000 successful points in 120.86 s
Saved column 316/1000 (ΔCa=-37.117117) with 1000/1000 successful points in 152.04 s
Saved column 606/1000 (ΔCa=-29.859860) with 1000/1000 successful points in 202.26 s
Saved column 586/1000 (ΔCa=-30.360360) with 1000/1000 successful points in 201.79 s
Saved column 975/1000 (ΔCa=-20.625626) with 1000/1000 successful points in 242.45 s
Saved column 965/1000 (ΔCa=-20.875876) with 1000/1000 successful points in 242.83 s
Saved column 616/1000 (ΔCa=-29.609610) with 1000/1000 successful points in 202.97 s
Saved column 985/1000 (ΔCa=-20.375375) with 1000/1000 successful points in 243.91 s
Saved column 130/1000 (ΔCa=-41.771772) with 609/1000 successful points in 130.06 s
Saved column 447/1000 (ΔCa=-33.838839) with 1000/1000 successful points in 174.84 s
Saved column 327/1000 (ΔCa=-36.841842) with 1000/1000 successful points in 152.86 s
Saved column 865/1000 (ΔCa=-23.378378) with 1000/1000 successful points in 244.38 s
Saved column 995/1000 (ΔCa=-20.125125) with 1000/1000 successful points in 244.92 s
Saved column 152/1000 (ΔCa=-41.221221) with 763/1000 successful points in 136.31 s
Saved column 626/1000 (ΔCa=-29.359359) with 1000/1000 successful points in 204.62 s
Saved column 457/1000 (ΔCa=-33.588589) with 1000/1000 successful points in 175.29 s
Saved column 338/1000 (ΔCa=-36.566567) with 1000/1000 successful points in 154.38 s
Saved column 955/1000 (ΔCa=-21.126126) with 1000/1000 successful points in 244.97 s
Saved column 163/1000 (ΔCa=-40.945946) with 846/1000 successful points in 134.48 s
Saved column 636/1000 (ΔCa=-29.109109) with 1000/1000 successful points in 206.26 s
Saved column 349/1000 (ΔCa=-36.291291) with 1000/1000 successful points in 156.86 s
Saved column 109/1000 (ΔCa=-42.297297) with 471/1000 successful points in 134.25 s
Saved column 875/1000 (ΔCa=-23.128128) with 1000/1000 successful points in 247.81 s
Saved column 262/1000 (ΔCa=-38.468468) with 1000/1000 successful points in 136.52 s
Saved column 174/1000 (ΔCa=-40.670671) with 930/1000 successful points in 120.42 s
Saved column 646/1000 (ΔCa=-28.858859) with 1000/1000 successful points in 207.73 s
Saved column 218/1000 (ΔCa=-39.569570) with 1000/1000 successful points in 138.89 s
Saved column 885/1000 (ΔCa=-22.877878) with 1000/1000 successful points in 249.85 s
Saved column 895/1000 (ΔCa=-22.627628) with 1000/1000 successful points in 244.66 s
Saved column 207/1000 (ΔCa=-39.844845) with 1000/1000 successful points in 138.61 s
Saved column 196/1000 (ΔCa=-40.120120) with 1000/1000 successful points in 126.89 s
Saved column 251/1000 (ΔCa=-38.743744) with 1000/1000 successful points in 138.67 s
Saved column 229/1000 (ΔCa=-39.294294) with 1000/1000 successful points in 139.72 s
Saved column 240/1000 (ΔCa=-39.019019) with 1000/1000 successful points in 139.07 s
Saved column 905/1000 (ΔCa=-22.377377) with 1000/1000 successful points in 248.31 s
Saved column 467/1000 (ΔCa=-33.338338) with 1000/1000 successful points in 178.37 s
Saved column 945/1000 (ΔCa=-21.376376) with 1000/1000 successful points in 249.43 s
Saved column 185/1000 (ΔCa=-40.395395) with 1000/1000 successful points in 128.47 s
Saved column 477/1000 (ΔCa=-33.088088) with 1000/1000 successful points in 173.54 s
Saved column 273/1000 (ΔCa=-38.193193) with 1000/1000 successful points in 141.11 s
Saved column 656/1000 (ΔCa=-28.608609) with 1000/1000 successful points in 210.66 s
Saved column 87/1000 (ΔCa=-42.847848) with 353/1000 successful points in 117.46 s
Saved column 360/1000 (ΔCa=-36.016016) with 1000/1000 successful points in 157.95 s
Saved column 284/1000 (ΔCa=-37.917918) with 1000/1000 successful points in 130.43 s
Saved column 915/1000 (ΔCa=-22.127127) with 1000/1000 successful points in 249.68 s
Saved column 487/1000 (ΔCa=-32.837838) with 1000/1000 successful points in 178.18 s
Saved column 666/1000 (ΔCa=-28.358358) with 1000/1000 successful points in 206.02 s
Saved column 497/1000 (ΔCa=-32.587588) with 1000/1000 successful points in 175.15 s
Saved column 935/1000 (ΔCa=-21.626627) with 1000/1000 successful points in 255.55 s
Saved column 77/1000 (ΔCa=-43.098098) with 294/1000 successful points in 136.98 s
Saved column 371/1000 (ΔCa=-35.740741) with 1000/1000 successful points in 159.84 s
Saved column 925/1000 (ΔCa=-21.876877) with 1000/1000 successful points in 256.69 s
Saved column 55/1000 (ΔCa=-43.648649) with 191/1000 successful points in 93.45 s
Saved column 382/1000 (ΔCa=-35.465465) with 1000/1000 successful points in 159.65 s
Saved column 507/1000 (ΔCa=-32.337337) with 1000/1000 successful points in 186.79 s
Saved column 393/1000 (ΔCa=-35.190190) with 999/1000 successful points in 162.21 s
Saved column 306/1000 (ΔCa=-37.367367) with 1000/1000 successful points in 116.05 s
Saved column 295/1000 (ΔCa=-37.642643) with 1000/1000 successful points in 145.81 s
Saved column 66/1000 (ΔCa=-43.373373) with 238/1000 successful points in 136.16 s
Saved column 676/1000 (ΔCa=-28.108108) with 1000/1000 successful points in 219.09 s
Saved column 686/1000 (ΔCa=-27.857858) with 1000/1000 successful points in 205.55 s
Saved column 404/1000 (ΔCa=-34.914915) with 1000/1000 successful points in 164.56 s
Saved column 517/1000 (ΔCa=-32.087087) with 1000/1000 successful points in 189.42 s
Saved column 99/1000 (ΔCa=-42.547548) with 420/1000 successful points in 119.34 s
Saved column 726/1000 (ΔCa=-26.856857) with 1000/1000 successful points in 197.66 s
Saved column 756/1000 (ΔCa=-26.106106) with 1000/1000 successful points in 214.16 s
Saved column 776/1000 (ΔCa=-25.605606) with 1000/1000 successful points in 202.22 s
Saved column 120/1000 (ΔCa=-42.022022) with 538/1000 successful points in 138.43 s
Saved column 696/1000 (ΔCa=-27.607608) with 1000/1000 successful points in 220.03 s
Saved column 415/1000 (ΔCa=-34.639640) with 1000/1000 successful points in 169.82 s
Saved column 142/1000 (ΔCa=-41.471471) with 683/1000 successful points in 135.82 s
Saved column 527/1000 (ΔCa=-31.836837) with 1000/1000 successful points in 190.56 s
Saved column 796/1000 (ΔCa=-25.105105) with 1000/1000 successful points in 214.65 s
Saved column 131/1000 (ΔCa=-41.746747) with 615/1000 successful points in 131.36 s
Saved column 706/1000 (ΔCa=-27.357357) with 1000/1000 successful points in 225.33 s
Saved column 786/1000 (ΔCa=-25.355355) with 999/1000 successful points in 222.15 s
Saved column 317/1000 (ΔCa=-37.092092) with 999/1000 successful points in 145.17 s
Saved column 537/1000 (ΔCa=-31.586587) with 1000/1000 successful points in 193.96 s
Saved column 746/1000 (ΔCa=-26.356356) with 1000/1000 successful points in 224.65 s
Saved column 153/1000 (ΔCa=-41.196196) with 770/1000 successful points in 136.89 s
Saved column 766/1000 (ΔCa=-25.855856) with 1000/1000 successful points in 224.90 s
Saved column 736/1000 (ΔCa=-26.606607) with 1000/1000 successful points in 221.29 s
Saved column 263/1000 (ΔCa=-38.443443) with 1000/1000 successful points in 126.52 s
Saved column 197/1000 (ΔCa=-40.095095) with 1000/1000 successful points in 111.47 s
Saved column 164/1000 (ΔCa=-40.920921) with 854/1000 successful points in 133.56 s
Saved column 437/1000 (ΔCa=-34.089089) with 1000/1000 successful points in 161.12 s
Saved column 716/1000 (ΔCa=-27.107107) with 1000/1000 successful points in 226.82 s
Saved column 328/1000 (ΔCa=-36.816817) with 1000/1000 successful points in 149.59 s
Saved column 110/1000 (ΔCa=-42.272272) with 477/1000 successful points in 136.55 s
Saved column 806/1000 (ΔCa=-24.854855) with 1000/1000 successful points in 227.82 s
Saved column 426/1000 (ΔCa=-34.364364) with 1000/1000 successful points in 166.71 s
Saved column 175/1000 (ΔCa=-40.645646) with 938/1000 successful points in 140.34 s
Saved column 458/1000 (ΔCa=-33.563564) with 1000/1000 successful points in 149.20 s
Saved column 339/1000 (ΔCa=-36.541542) with 999/1000 successful points in 152.91 s
Saved column 88/1000 (ΔCa=-42.822823) with 358/1000 successful points in 114.63 s
Saved column 208/1000 (ΔCa=-39.819820) with 1000/1000 successful points in 131.25 s
Saved column 219/1000 (ΔCa=-39.544545) with 1000/1000 successful points in 136.24 s
Saved column 285/1000 (ΔCa=-37.892893) with 1000/1000 successful points in 116.90 s
Saved column 816/1000 (ΔCa=-24.604605) with 1000/1000 successful points in 230.30 s
Saved column 186/1000 (ΔCa=-40.370370) with 1000/1000 successful points in 129.22 s
Saved column 350/1000 (ΔCa=-36.266266) with 1000/1000 successful points in 154.86 s
Saved column 252/1000 (ΔCa=-38.718719) with 1000/1000 successful points in 135.17 s
Saved column 230/1000 (ΔCa=-39.269269) with 1000/1000 successful points in 137.86 s
Saved column 448/1000 (ΔCa=-33.813814) with 1000/1000 successful points in 172.73 s
Saved column 241/1000 (ΔCa=-38.993994) with 1000/1000 successful points in 137.60 s
Saved column 557/1000 (ΔCa=-31.086086) with 1000/1000 successful points in 199.77 s
Saved column 274/1000 (ΔCa=-38.168168) with 1000/1000 successful points in 138.46 s
Saved column 826/1000 (ΔCa=-24.354354) with 1000/1000 successful points in 224.04 s
Saved column 627/1000 (ΔCa=-29.334334) with 1000/1000 successful points in 171.55 s
Saved column 597/1000 (ΔCa=-30.085085) with 1000/1000 successful points in 198.76 s
Saved column 547/1000 (ΔCa=-31.336336) with 1000/1000 successful points in 198.33 s
Saved column 577/1000 (ΔCa=-30.585586) with 1000/1000 successful points in 198.47 s
Saved column 567/1000 (ΔCa=-30.835836) with 1000/1000 successful points in 198.54 s
Saved column 607/1000 (ΔCa=-29.834835) with 1000/1000 successful points in 197.65 s
Saved column 587/1000 (ΔCa=-30.335335) with 1000/1000 successful points in 198.70 s
Saved column 372/1000 (ΔCa=-35.715716) with 1000/1000 successful points in 128.94 s
Saved column 856/1000 (ΔCa=-23.603604) with 1000/1000 successful points in 208.56 s
Saved column 836/1000 (ΔCa=-24.104104) with 1000/1000 successful points in 227.88 s
Saved column 617/1000 (ΔCa=-29.584585) with 1000/1000 successful points in 200.64 s
Saved column 383/1000 (ΔCa=-35.440440) with 1000/1000 successful points in 124.01 s
Saved column 956/1000 (ΔCa=-21.101101) with 1000/1000 successful points in 189.68 s
Saved column 478/1000 (ΔCa=-33.063063) with 1000/1000 successful points in 166.59 s
Saved column 361/1000 (ΔCa=-35.990991) with 1000/1000 successful points in 157.05 s
Saved column 637/1000 (ΔCa=-29.084084) with 1000/1000 successful points in 193.37 s
Saved column 296/1000 (ΔCa=-37.617618) with 1000/1000 successful points in 124.24 s
Saved column 647/1000 (ΔCa=-28.833834) with 1000/1000 successful points in 189.55 s
Saved column 846/1000 (ΔCa=-23.853854) with 1000/1000 successful points in 237.11 s
Saved column 468/1000 (ΔCa=-33.313313) with 1000/1000 successful points in 178.53 s
Saved column 866/1000 (ΔCa=-23.353353) with 1000/1000 successful points in 216.45 s
Saved column 976/1000 (ΔCa=-20.600601) with 1000/1000 successful points in 230.24 s
Saved column 966/1000 (ΔCa=-20.850851) with 1000/1000 successful points in 234.82 s
Saved column 946/1000 (ΔCa=-21.351351) with 1000/1000 successful points in 191.42 s
Saved column 896/1000 (ΔCa=-22.602603) with 1000/1000 successful points in 197.10 s
Saved column 394/1000 (ΔCa=-35.165165) with 1000/1000 successful points in 145.70 s
Saved column 488/1000 (ΔCa=-32.812813) with 1000/1000 successful points in 179.22 s
Saved column 508/1000 (ΔCa=-32.312312) with 1000/1000 successful points in 151.47 s
Saved column 307/1000 (ΔCa=-37.342342) with 1000/1000 successful points in 147.68 s
Saved column 986/1000 (ΔCa=-20.350350) with 1000/1000 successful points in 240.13 s
Saved column 498/1000 (ΔCa=-32.562563) with 1000/1000 successful points in 181.47 s
Saved column 996/1000 (ΔCa=-20.100100) with 1000/1000 successful points in 241.32 s
Saved column 143/1000 (ΔCa=-41.446446) with 696/1000 successful points in 126.39 s
Saved column 657/1000 (ΔCa=-28.583584) with 1000/1000 successful points in 206.76 s
Saved column 876/1000 (ΔCa=-23.103103) with 1000/1000 successful points in 236.38 s
Saved column 121/1000 (ΔCa=-41.996997) with 544/1000 successful points in 137.22 s
Saved column 405/1000 (ΔCa=-34.889890) with 1000/1000 successful points in 162.94 s
Saved column 264/1000 (ΔCa=-38.418418) with 1000/1000 successful points in 118.42 s
Saved column 667/1000 (ΔCa=-28.333333) with 1000/1000 successful points in 206.76 s
Saved column 886/1000 (ΔCa=-22.852853) with 1000/1000 successful points in 235.67 s
Saved column 132/1000 (ΔCa=-41.721722) with 615/1000 successful points in 137.94 s
Saved column 906/1000 (ΔCa=-22.352352) with 1000/1000 successful points in 235.19 s
Saved column 416/1000 (ΔCa=-34.614615) with 1000/1000 successful points in 153.24 s
Saved column 198/1000 (ΔCa=-40.070070) with 1000/1000 successful points in 129.04 s
Saved column 154/1000 (ΔCa=-41.171171) with 777/1000 successful points in 133.71 s
Saved column 318/1000 (ΔCa=-37.067067) with 1000/1000 successful points in 141.06 s
Saved column 209/1000 (ΔCa=-39.794795) with 1000/1000 successful points in 113.18 s
Saved column 518/1000 (ΔCa=-32.062062) with 1000/1000 successful points in 183.60 s
Saved column 165/1000 (ΔCa=-40.895896) with 856/1000 successful points in 135.68 s
Saved column 340/1000 (ΔCa=-36.516517) with 1000/1000 successful points in 122.74 s
Saved column 916/1000 (ΔCa=-22.102102) with 1000/1000 successful points in 237.78 s
Saved column 187/1000 (ΔCa=-40.345345) with 1000/1000 successful points in 126.33 s
Saved column 329/1000 (ΔCa=-36.791792) with 1000/1000 successful points in 141.72 s
Saved column 176/1000 (ΔCa=-40.620621) with 947/1000 successful points in 137.21 s
Saved column 677/1000 (ΔCa=-28.083083) with 1000/1000 successful points in 201.92 s
Saved column 286/1000 (ΔCa=-37.867868) with 1000/1000 successful points in 130.06 s
Saved column 275/1000 (ΔCa=-38.143143) with 1000/1000 successful points in 122.44 s
Saved column 220/1000 (ΔCa=-39.519520) with 1000/1000 successful points in 135.68 s
Saved column 373/1000 (ΔCa=-35.690691) with 1000/1000 successful points in 108.33 s
Saved column 936/1000 (ΔCa=-21.601602) with 1000/1000 successful points in 244.75 s
Saved column 253/1000 (ΔCa=-38.693694) with 1000/1000 successful points in 133.51 s
Saved column 528/1000 (ΔCa=-31.811812) with 1000/1000 successful points in 184.28 s
Saved column 459/1000 (ΔCa=-33.538539) with 1000/1000 successful points in 149.86 s
Saved column 231/1000 (ΔCa=-39.244244) with 1000/1000 successful points in 135.70 s
Saved column 242/1000 (ΔCa=-38.968969) with 1000/1000 successful points in 135.62 s
Saved column 687/1000 (ΔCa=-27.832833) with 1000/1000 successful points in 216.31 s
Saved column 427/1000 (ΔCa=-34.339339) with 1000/1000 successful points in 157.75 s
Saved column 926/1000 (ΔCa=-21.851852) with 1000/1000 successful points in 250.00 s
Saved column 767/1000 (ΔCa=-25.830831) with 1000/1000 successful points in 172.35 s
Saved column 438/1000 (ΔCa=-34.064064) with 1000/1000 successful points in 168.28 s
Saved column 351/1000 (ΔCa=-36.241241) with 1000/1000 successful points in 151.64 s
Saved column 538/1000 (ΔCa=-31.561562) with 1000/1000 successful points in 182.96 s
Saved column 384/1000 (ΔCa=-35.415415) with 1000/1000 successful points in 125.13 s
Saved column 777/1000 (ΔCa=-25.580581) with 1000/1000 successful points in 210.30 s
Saved column 787/1000 (ΔCa=-25.330330) with 1000/1000 successful points in 191.74 s
Saved column 727/1000 (ΔCa=-26.831832) with 1000/1000 successful points in 217.96 s
Saved column 757/1000 (ΔCa=-26.081081) with 999/1000 successful points in 219.28 s
Saved column 797/1000 (ΔCa=-25.080080) with 1000/1000 successful points in 205.54 s
Saved column 697/1000 (ΔCa=-27.582583) with 1000/1000 successful points in 217.28 s
Saved column 297/1000 (ΔCa=-37.592593) with 1000/1000 successful points in 126.27 s
Saved column 449/1000 (ΔCa=-33.788789) with 1000/1000 successful points in 167.92 s
Saved column 707/1000 (ΔCa=-27.332332) with 1000/1000 successful points in 210.86 s
Saved column 568/1000 (ΔCa=-30.810811) with 1000/1000 successful points in 164.62 s
Saved column 598/1000 (ΔCa=-30.060060) with 1000/1000 successful points in 172.59 s
Saved column 308/1000 (ΔCa=-37.317317) with 1000/1000 successful points in 116.43 s
Saved column 588/1000 (ΔCa=-30.310310) with 1000/1000 successful points in 164.84 s
Saved column 628/1000 (ΔCa=-29.309309) with 1000/1000 successful points in 176.75 s
Saved column 747/1000 (ΔCa=-26.331331) with 1000/1000 successful points in 217.75 s
Saved column 395/1000 (ΔCa=-35.140140) with 1000/1000 successful points in 125.97 s
Saved column 479/1000 (ΔCa=-33.038038) with 1000/1000 successful points in 154.01 s
Saved column 817/1000 (ΔCa=-24.579580) with 1000/1000 successful points in 192.33 s
Saved column 362/1000 (ΔCa=-35.965966) with 1000/1000 successful points in 153.00 s
Saved column 737/1000 (ΔCa=-26.581582) with 1000/1000 successful points in 218.56 s
Saved column 807/1000 (ΔCa=-24.829830) with 1000/1000 successful points in 209.69 s
Saved column 578/1000 (ΔCa=-30.560561) with 1000/1000 successful points in 184.41 s
Saved column 558/1000 (ΔCa=-31.061061) with 1000/1000 successful points in 192.73 s
Saved column 406/1000 (ΔCa=-34.864865) with 1000/1000 successful points in 108.76 s
Saved column 717/1000 (ΔCa=-27.082082) with 1000/1000 successful points in 219.38 s
Saved column 548/1000 (ΔCa=-31.311311) with 1000/1000 successful points in 192.23 s
Saved column 319/1000 (ΔCa=-37.042042) with 1000/1000 successful points in 94.94 s
Saved column 837/1000 (ΔCa=-24.079079) with 1000/1000 successful points in 176.61 s
Saved column 499/1000 (ΔCa=-32.537538) with 1000/1000 successful points in 136.06 s
Saved column 867/1000 (ΔCa=-23.328328) with 1000/1000 successful points in 156.83 s
Saved column 608/1000 (ΔCa=-29.809810) with 1000/1000 successful points in 190.56 s
Saved column 618/1000 (ΔCa=-29.559560) with 1000/1000 successful points in 182.49 s
Saved column 341/1000 (ΔCa=-36.491491) with 1000/1000 successful points in 96.36 s
Saved column 638/1000 (ΔCa=-29.059059) with 1000/1000 successful points in 176.23 s
Saved column 469/1000 (ΔCa=-33.288288) with 1000/1000 successful points in 173.40 s
Saved column 648/1000 (ΔCa=-28.808809) with 1000/1000 successful points in 178.36 s
Saved column 668/1000 (ΔCa=-28.308308) with 1000/1000 successful points in 134.66 s
Saved column 519/1000 (ΔCa=-32.037037) with 1000/1000 successful points in 118.27 s
Saved column 827/1000 (ΔCa=-24.329329) with 1000/1000 successful points in 224.24 s
Saved column 967/1000 (ΔCa=-20.825826) with 1000/1000 successful points in 175.47 s
Saved column 658/1000 (ΔCa=-28.558559) with 1000/1000 successful points in 154.51 s
Saved column 489/1000 (ΔCa=-32.787788) with 1000/1000 successful points in 172.70 s
Saved column 897/1000 (ΔCa=-22.577578) with 1000/1000 successful points in 179.09 s
Saved column 509/1000 (ΔCa=-32.287287) with 1000/1000 successful points in 176.40 s
Saved column 957/1000 (ΔCa=-21.076076) with 1000/1000 successful points in 214.77 s
Saved column 460/1000 (ΔCa=-33.513514) with 1000/1000 successful points in 108.76 s
Saved column 352/1000 (ΔCa=-36.216216) with 1000/1000 successful points in 98.45 s
Saved column 428/1000 (ΔCa=-34.314314) with 1000/1000 successful points in 107.52 s
Saved column 887/1000 (ΔCa=-22.827828) with 1000/1000 successful points in 155.77 s
Saved column 857/1000 (ΔCa=-23.578579) with 1000/1000 successful points in 230.24 s
Saved column 330/1000 (ΔCa=-36.766767) with 1000/1000 successful points in 134.93 s
Saved column 417/1000 (ΔCa=-34.589590) with 1000/1000 successful points in 159.99 s
Saved column 947/1000 (ΔCa=-21.326326) with 1000/1000 successful points in 204.85 s
Saved column 678/1000 (ΔCa=-28.058058) with 1000/1000 successful points in 140.63 s
Saved column 997/1000 (ΔCa=-20.075075) with 1000/1000 successful points in 191.46 s
Saved column 987/1000 (ΔCa=-20.325325) with 1000/1000 successful points in 199.31 s
Saved column 847/1000 (ΔCa=-23.828829) with 1000/1000 successful points in 223.48 s
Saved column 439/1000 (ΔCa=-34.039039) with 1000/1000 successful points in 124.69 s
Saved column 977/1000 (ΔCa=-20.575576) with 1000/1000 successful points in 220.02 s
Saved column 529/1000 (ΔCa=-31.786787) with 1000/1000 successful points in 145.04 s
Saved column 374/1000 (ΔCa=-35.665666) with 1000/1000 successful points in 148.56 s
Saved column 768/1000 (ΔCa=-25.805806) with 1000/1000 successful points in 140.01 s
Saved column 396/1000 (ΔCa=-35.115115) with 1000/1000 successful points in 100.94 s
Saved column 778/1000 (ΔCa=-25.555556) with 1000/1000 successful points in 143.20 s
Saved column 569/1000 (ΔCa=-30.785786) with 1000/1000 successful points in 123.40 s
Saved column 599/1000 (ΔCa=-30.035035) with 1000/1000 successful points in 123.78 s
Saved column 798/1000 (ΔCa=-25.055055) with 1000/1000 successful points in 140.16 s
Saved column 385/1000 (ΔCa=-35.390390) with 1000/1000 successful points in 151.47 s
Saved column 937/1000 (ΔCa=-21.576577) with 1000/1000 successful points in 177.45 s
Saved column 407/1000 (ΔCa=-34.839840) with 1000/1000 successful points in 113.15 s
Saved column 728/1000 (ΔCa=-26.806807) with 1000/1000 successful points in 153.32 s
Saved column 877/1000 (ΔCa=-23.078078) with 1000/1000 successful points in 231.85 s
Saved column 788/1000 (ΔCa=-25.305305) with 1000/1000 successful points in 160.36 s
Saved column 363/1000 (ΔCa=-35.940941) with 1000/1000 successful points in 128.79 s
Saved column 500/1000 (ΔCa=-32.512513) with 1000/1000 successful points in 112.96 s
Saved column 539/1000 (ΔCa=-31.536537) with 1000/1000 successful points in 172.14 s
Saved column 589/1000 (ΔCa=-30.285285) with 1000/1000 successful points in 145.00 s
Saved column 450/1000 (ΔCa=-33.763764) with 1000/1000 successful points in 159.95 s
Saved column 818/1000 (ΔCa=-24.554555) with 1000/1000 successful points in 142.51 s
Saved column 619/1000 (ΔCa=-29.534535) with 1000/1000 successful points in 124.34 s
Saved column 629/1000 (ΔCa=-29.284284) with 1000/1000 successful points in 149.58 s
Saved column 480/1000 (ΔCa=-33.013013) with 1000/1000 successful points in 149.03 s
Saved column 738/1000 (ΔCa=-26.556557) with 1000/1000 successful points in 146.04 s
Saved column 907/1000 (ΔCa=-22.327327) with 1000/1000 successful points in 235.89 s
Saved column 688/1000 (ΔCa=-27.807808) with 1000/1000 successful points in 198.38 s
Saved column 748/1000 (ΔCa=-26.306306) with 1000/1000 successful points in 158.83 s
Saved column 579/1000 (ΔCa=-30.535536) with 1000/1000 successful points in 151.32 s
Saved column 927/1000 (ΔCa=-21.826827) with 1000/1000 successful points in 202.86 s
Saved column 917/1000 (ΔCa=-22.077077) with 1000/1000 successful points in 228.33 s
Saved column 520/1000 (ΔCa=-32.012012) with 1000/1000 successful points in 123.56 s
Saved column 429/1000 (ΔCa=-34.289289) with 998/1000 successful points in 105.13 s
Saved column 838/1000 (ΔCa=-24.054054) with 1000/1000 successful points in 152.73 s
Saved column 490/1000 (ΔCa=-32.762763) with 1000/1000 successful points in 120.36 s
Saved column 669/1000 (ΔCa=-28.283283) with 1000/1000 successful points in 131.21 s
Saved column 808/1000 (ΔCa=-24.804805) with 1000/1000 successful points in 169.89 s
Saved column 559/1000 (ΔCa=-31.036036) with 1000/1000 successful points in 167.53 s
Saved column 868/1000 (ΔCa=-23.303303) with 1000/1000 successful points in 161.96 s
Saved column 758/1000 (ΔCa=-26.056056) with 1000/1000 successful points in 207.60 s
Saved column 639/1000 (ΔCa=-29.034034) with 1000/1000 successful points in 158.24 s
Saved column 698/1000 (ΔCa=-27.557558) with 1000/1000 successful points in 206.87 s
Saved column 659/1000 (ΔCa=-28.533534) with 1000/1000 successful points in 140.56 s
Saved column 470/1000 (ΔCa=-33.263263) with 1000/1000 successful points in 155.99 s
Saved column 609/1000 (ΔCa=-29.784785) with 1000/1000 successful points in 166.29 s
Saved column 708/1000 (ΔCa=-27.307307) with 1000/1000 successful points in 200.56 s
Saved column 649/1000 (ΔCa=-28.783784) with 1000/1000 successful points in 155.67 s
Saved column 718/1000 (ΔCa=-27.057057) with 1000/1000 successful points in 178.38 s
Saved column 968/1000 (ΔCa=-20.800801) with 1000/1000 successful points in 146.63 s
Saved column 440/1000 (ΔCa=-34.014014) with 1000/1000 successful points in 110.22 s
Saved column 549/1000 (ΔCa=-31.286286) with 1000/1000 successful points in 181.12 s
Saved column 418/1000 (ΔCa=-34.564565) with 1000/1000 successful points in 122.09 s
Saved column 510/1000 (ΔCa=-32.262262) with 1000/1000 successful points in 143.36 s
Saved column 898/1000 (ΔCa=-22.552553) with 1000/1000 successful points in 155.68 s
Saved column 530/1000 (ΔCa=-31.761762) with 1000/1000 successful points in 115.32 s
Saved column 958/1000 (ΔCa=-21.051051) with 1000/1000 successful points in 152.96 s
Saved column 679/1000 (ΔCa=-28.033033) with 1000/1000 successful points in 136.44 s
Saved column 828/1000 (ΔCa=-24.304304) with 1000/1000 successful points in 175.18 s
Saved column 848/1000 (ΔCa=-23.803804) with 1000/1000 successful points in 143.73 s
Saved column 998/1000 (ΔCa=-20.050050) with 1000/1000 successful points in 146.66 s
Saved column 888/1000 (ΔCa=-22.802803) with 1000/1000 successful points in 164.84 s
Saved column 988/1000 (ΔCa=-20.300300) with 1000/1000 successful points in 147.94 s
Saved column 978/1000 (ΔCa=-20.550551) with 1000/1000 successful points in 144.62 s
Saved column 858/1000 (ΔCa=-23.553554) with 1000/1000 successful points in 163.71 s
Saved column 570/1000 (ΔCa=-30.760761) with 1000/1000 successful points in 119.09 s
Saved column 600/1000 (ΔCa=-30.010010) with 1000/1000 successful points in 119.56 s
Saved column 779/1000 (ΔCa=-25.530531) with 1000/1000 successful points in 134.03 s
Saved column 769/1000 (ΔCa=-25.780781) with 1000/1000 successful points in 149.93 s
Saved column 540/1000 (ΔCa=-31.511512) with 1000/1000 successful points in 116.19 s
Saved column 799/1000 (ΔCa=-25.030030) with 1000/1000 successful points in 134.98 s
Saved column 948/1000 (ΔCa=-21.301301) with 1000/1000 successful points in 178.02 s
Saved column 789/1000 (ΔCa=-25.280280) with 1000/1000 successful points in 133.32 s
Saved column 590/1000 (ΔCa=-30.260260) with 1000/1000 successful points in 121.82 s
Saved column 620/1000 (ΔCa=-29.509510) with 1000/1000 successful points in 119.44 s
Saved column 729/1000 (ΔCa=-26.781782) with 1000/1000 successful points in 140.33 s
Saved column 630/1000 (ΔCa=-29.259259) with 1000/1000 successful points in 120.27 s
Saved column 938/1000 (ΔCa=-21.551552) with 1000/1000 successful points in 149.53 s
Saved column 580/1000 (ΔCa=-30.510511) with 1000/1000 successful points in 117.24 s
Saved column 819/1000 (ΔCa=-24.529530) with 1000/1000 successful points in 137.16 s
Saved column 739/1000 (ΔCa=-26.531532) with 1000/1000 successful points in 133.36 s
Saved column 689/1000 (ΔCa=-27.782783) with 1000/1000 successful points in 138.21 s
Saved column 749/1000 (ΔCa=-26.281281) with 1000/1000 successful points in 132.84 s
Saved column 878/1000 (ΔCa=-23.053053) with 1000/1000 successful points in 167.94 s
Saved column 560/1000 (ΔCa=-31.011011) with 1000/1000 successful points in 117.73 s
Saved column 670/1000 (ΔCa=-28.258258) with 1000/1000 successful points in 126.86 s
Saved column 640/1000 (ΔCa=-29.009009) with 1000/1000 successful points in 120.34 s
Saved column 908/1000 (ΔCa=-22.302302) with 1000/1000 successful points in 155.48 s
Saved column 610/1000 (ΔCa=-29.759760) with 1000/1000 successful points in 117.93 s
Saved column 839/1000 (ΔCa=-24.029029) with 1000/1000 successful points in 139.23 s
Saved column 928/1000 (ΔCa=-21.801802) with 1000/1000 successful points in 149.71 s
Saved column 809/1000 (ΔCa=-24.779780) with 1000/1000 successful points in 134.07 s
Saved column 918/1000 (ΔCa=-22.052052) with 1000/1000 successful points in 149.73 s
Saved column 650/1000 (ΔCa=-28.758759) with 1000/1000 successful points in 121.53 s
Saved column 550/1000 (ΔCa=-31.261261) with 1000/1000 successful points in 116.84 s
Saved column 660/1000 (ΔCa=-28.508509) with 1000/1000 successful points in 126.84 s
Saved column 699/1000 (ΔCa=-27.532533) with 1000/1000 successful points in 133.90 s
Saved column 759/1000 (ΔCa=-26.031031) with 1000/1000 successful points in 136.85 s
Saved column 709/1000 (ΔCa=-27.282282) with 1000/1000 successful points in 132.52 s
Saved column 719/1000 (ΔCa=-27.032032) with 1000/1000 successful points in 132.79 s
Saved column 869/1000 (ΔCa=-23.278278) with 1000/1000 successful points in 148.90 s
Saved column 969/1000 (ΔCa=-20.775776) with 1000/1000 successful points in 140.19 s
Saved column 680/1000 (ΔCa=-28.008008) with 1000/1000 successful points in 132.28 s
Saved column 959/1000 (ΔCa=-21.026026) with 1000/1000 successful points in 140.87 s
Saved column 899/1000 (ΔCa=-22.527528) with 1000/1000 successful points in 145.99 s
Saved column 829/1000 (ΔCa=-24.279279) with 1000/1000 successful points in 136.26 s
Saved column 849/1000 (ΔCa=-23.778779) with 1000/1000 successful points in 138.55 s
Saved column 999/1000 (ΔCa=-20.025025) with 1000/1000 successful points in 141.67 s
Saved column 989/1000 (ΔCa=-20.275275) with 1000/1000 successful points in 140.60 s
Saved column 979/1000 (ΔCa=-20.525526) with 1000/1000 successful points in 139.73 s
Saved column 889/1000 (ΔCa=-22.777778) with 1000/1000 successful points in 144.17 s
Saved column 859/1000 (ΔCa=-23.528529) with 1000/1000 successful points in 139.94 s
Saved column 780/1000 (ΔCa=-25.505506) with 1000/1000 successful points in 130.31 s
Saved column 770/1000 (ΔCa=-25.755756) with 1000/1000 successful points in 130.27 s
Saved column 800/1000 (ΔCa=-25.005005) with 1000/1000 successful points in 131.18 s
Saved column 790/1000 (ΔCa=-25.255255) with 1000/1000 successful points in 130.28 s
Saved column 949/1000 (ΔCa=-21.276276) with 1000/1000 successful points in 142.14 s
Saved column 730/1000 (ΔCa=-26.756757) with 1000/1000 successful points in 130.97 s
Saved column 740/1000 (ΔCa=-26.506507) with 1000/1000 successful points in 129.93 s
Saved column 820/1000 (ΔCa=-24.504505) with 1000/1000 successful points in 133.62 s
Saved column 690/1000 (ΔCa=-27.757758) with 1000/1000 successful points in 127.16 s
Saved column 939/1000 (ΔCa=-21.526527) with 1000/1000 successful points in 145.18 s
Saved column 750/1000 (ΔCa=-26.256256) with 1000/1000 successful points in 129.44 s
Saved column 879/1000 (ΔCa=-23.028028) with 1000/1000 successful points in 141.84 s
Saved column 810/1000 (ΔCa=-24.754755) with 1000/1000 successful points in 131.43 s
Saved column 840/1000 (ΔCa=-24.004004) with 1000/1000 successful points in 136.22 s
Saved column 700/1000 (ΔCa=-27.507508) with 1000/1000 successful points in 128.65 s
Saved column 760/1000 (ΔCa=-26.006006) with 1000/1000 successful points in 129.76 s
Saved column 710/1000 (ΔCa=-27.257257) with 1000/1000 successful points in 130.02 s
Saved column 909/1000 (ΔCa=-22.277277) with 1000/1000 successful points in 145.20 s
Saved column 720/1000 (ΔCa=-27.007007) with 1000/1000 successful points in 130.53 s
Saved column 929/1000 (ΔCa=-21.776777) with 1000/1000 successful points in 145.79 s
Saved column 919/1000 (ΔCa=-22.027027) with 1000/1000 successful points in 146.46 s
Saved column 870/1000 (ΔCa=-23.253253) with 1000/1000 successful points in 140.00 s
Saved column 970/1000 (ΔCa=-20.750751) with 1000/1000 successful points in 137.61 s
Saved column 960/1000 (ΔCa=-21.001001) with 1000/1000 successful points in 138.65 s
Saved column 830/1000 (ΔCa=-24.254254) with 1000/1000 successful points in 134.06 s
Saved column 900/1000 (ΔCa=-22.502503) with 1000/1000 successful points in 143.83 s
Saved column 850/1000 (ΔCa=-23.753754) with 1000/1000 successful points in 136.71 s
Saved column 980/1000 (ΔCa=-20.500501) with 1000/1000 successful points in 137.82 s
Saved column 990/1000 (ΔCa=-20.250250) with 1000/1000 successful points in 138.35 s
Saved column 1000/1000 (ΔCa=-20.000000) with 1000/1000 successful points in 139.34 s
Saved column 860/1000 (ΔCa=-23.503504) with 1000/1000 successful points in 138.15 s
Saved column 890/1000 (ΔCa=-22.752753) with 1000/1000 successful points in 142.40 s
Saved column 950/1000 (ΔCa=-21.251251) with 1000/1000 successful points in 139.32 s
Saved column 940/1000 (ΔCa=-21.501502) with 1000/1000 successful points in 142.89 s
Saved column 880/1000 (ΔCa=-23.003003) with 1000/1000 successful points in 140.21 s
Saved column 910/1000 (ΔCa=-22.252252) with 1000/1000 successful points in 143.39 s
Saved column 930/1000 (ΔCa=-21.751752) with 1000/1000 successful points in 144.07 s
Saved column 920/1000 (ΔCa=-22.002002) with 1000/1000 successful points in 144.69 s
Successful points: 892658 / 1000000
Unique T encodings: 341004
Unique gamma encodings: 395067
Saved merged results to /home/carterhinsley/MultimodalMaps.jl/kneading/experiment/attempt-050/grid1000_seq12_tmax1e5_prefixes_remap40_newmodel_results.tsv
Saved T legend to /home/carterhinsley/MultimodalMaps.jl/kneading/experiment/attempt-050/grid1000_seq12_tmax1e5_prefixes_remap40_newmodel_T_legend.tsv
Saved gamma legend to /home/carterhinsley/MultimodalMaps.jl/kneading/experiment/attempt-050/grid1000_seq12_tmax1e5_prefixes_remap40_newmodel_gamma_legend.tsv
Saved contour plot to /home/carterhinsley/MultimodalMaps.jl/kneading/experiment/attempt-050/grid1000_seq12_tmax1e5_prefixes_remap40_newmodel_contours.png
Saved prefix 1 plot to /home/carterhinsley/MultimodalMaps.jl/kneading/experiment/attempt-050/grid1000_seq12_tmax1e5_prefixes_remap40_newmodel_prefix01_contours.png (unique T=2, unique gamma=20)
Saved prefix 2 plot to /home/carterhinsley/MultimodalMaps.jl/kneading/experiment/attempt-050/grid1000_seq12_tmax1e5_prefixes_remap40_newmodel_prefix02_contours.png (unique T=64, unique gamma=451)
Saved prefix 3 plot to /home/carterhinsley/MultimodalMaps.jl/kneading/experiment/attempt-050/grid1000_seq12_tmax1e5_prefixes_remap40_newmodel_prefix03_contours.png (unique T=1112, unique gamma=8581)
Saved prefix 4 plot to /home/carterhinsley/MultimodalMaps.jl/kneading/experiment/attempt-050/grid1000_seq12_tmax1e5_prefixes_remap40_newmodel_prefix04_contours.png (unique T=10760, unique gamma=55485)
Saved prefix 5 plot to /home/carterhinsley/MultimodalMaps.jl/kneading/experiment/attempt-050/grid1000_seq12_tmax1e5_prefixes_remap40_newmodel_prefix05_contours.png (unique T=54387, unique gamma=152110)
Saved prefix 6 plot to /home/carterhinsley/MultimodalMaps.jl/kneading/experiment/attempt-050/grid1000_seq12_tmax1e5_prefixes_remap40_newmodel_prefix06_contours.png (unique T=131308, unique gamma=250022)
Saved prefix 7 plot to /home/carterhinsley/MultimodalMaps.jl/kneading/experiment/attempt-050/grid1000_seq12_tmax1e5_prefixes_remap40_newmodel_prefix07_contours.png (unique T=205987, unique gamma=314795)
Saved prefix 8 plot to /home/carterhinsley/MultimodalMaps.jl/kneading/experiment/attempt-050/grid1000_seq12_tmax1e5_prefixes_remap40_newmodel_prefix08_contours.png (unique T=259359, unique gamma=350892)
Saved prefix 9 plot to /home/carterhinsley/MultimodalMaps.jl/kneading/experiment/attempt-050/grid1000_seq12_tmax1e5_prefixes_remap40_newmodel_prefix09_contours.png (unique T=293665, unique gamma=369279)
Saved prefix 10 plot to /home/carterhinsley/MultimodalMaps.jl/kneading/experiment/attempt-050/grid1000_seq12_tmax1e5_prefixes_remap40_newmodel_prefix10_contours.png (unique T=314512, unique gamma=381541)
Saved prefix 11 plot to /home/carterhinsley/MultimodalMaps.jl/kneading/experiment/attempt-050/grid1000_seq12_tmax1e5_prefixes_remap40_newmodel_prefix11_contours.png (unique T=329606, unique gamma=390063)
Saved prefix 12 plot to /home/carterhinsley/MultimodalMaps.jl/kneading/experiment/attempt-050/grid1000_seq12_tmax1e5_prefixes_remap40_newmodel_prefix12_contours.png (unique T=341004, unique gamma=395067)
[2026-04-29T09:47:16+00:00] Generating filtered prefix-compatible contour figure.
  Activating project at `~/MultimodalMaps.jl`
  Activating project at `~/MultimodalMaps.jl`
  Activating project at `~/MultimodalMaps.jl`
  Activating project at `~/MultimodalMaps.jl`
  Activating project at `~/MultimodalMaps.jl`
Running attempt-050 filtered full-contour replay.
Results source: /home/carterhinsley/MultimodalMaps.jl/kneading/experiment/attempt-050/grid1000_seq12_tmax1e5_prefixes_remap40_newmodel_results.tsv
Output plot: /home/carterhinsley/MultimodalMaps.jl/kneading/experiment/attempt-050/grid1000_seq12_tmax1e5_prefixcompatible_contours.png
Red categories ignore T symbol 1.
Suppressing red marched squares whose four T SSCS corners have symbols 2:6 all equal to 0.
Suppressing red and blue marched squares whose corner SSCSs are prefix-compatible.
Successful rows: 892658
Error rows: 107342
T grid points with suppressed symbols 2:6 all zero: 182530
Unique red categories after dropping symbol 1: 338643
Saved plot to /home/carterhinsley/MultimodalMaps.jl/kneading/experiment/attempt-050/grid1000_seq12_tmax1e5_prefixcompatible_contours.png
Saved summary to /home/carterhinsley/MultimodalMaps.jl/kneading/experiment/attempt-050/grid1000_seq12_tmax1e5_prefixcompatible_summary.txt
[2026-04-29T09:48:34+00:00] Uploading attempt-050 final artifacts to gs://carter-kneading-attempt048/attempt-050
[2026-04-29T09:48:34+00:00] Syncing attempt-050 checkpoint artifacts to gs://carter-kneading-attempt048/attempt-050
At file:///home/carterhinsley/MultimodalMaps.jl/kneading/experiment/attempt-050/grid1000_seq12_tmax1e5_prefixes_remap40_newmodel_columns/**, worker process 29199 thread 139854858118976 listed 1000...
Copying file:///home/carterhinsley/MultimodalMaps.jl/kneading/experiment/attempt-050/grid1000_seq12_tmax1e5_prefixes_remap40_newmodel_columns/column_0001.tsv to gs://carter-kneading-attempt048/attempt-050/grid1000_seq12_tmax1e5_prefixes_remap40_newmodel_columns/column_0001.tsv
Copying file:///home/carterhinsley/MultimodalMaps.jl/kneading/experiment/attempt-050/grid1000_seq12_tmax1e5_prefixes_remap40_newmodel_columns/column_0002.tsv to gs://carter-kneading-attempt048/attempt-050/grid1000_seq12_tmax1e5_prefixes_remap40_newmodel_columns/column_0002.tsv
  
Copying file:///home/carterhinsley/MultimodalMaps.jl/kneading/experiment/attempt-050/grid1000_seq12_tmax1e5_prefixes_remap40_newmodel_columns/column_0003.tsv to gs://carter-kneading-attempt048/attempt-050/grid1000_seq12_tmax1e5_prefixes_remap40_newmodel_columns/column_0003.tsv
Copying file:///home/carterhinsley/MultimodalMaps.jl/kneading/experiment/attempt-050/grid1000_seq12_tmax1e5_prefixes_remap40_newmodel_columns/column_0004.tsv to gs://carter-kneading-attempt048/attempt-050/grid1000_seq12_tmax1e5_prefixes_remap40_newmodel_columns/column_0004.tsv
Copying file:///home/carterhinsley/MultimodalMaps.jl/kneading/experiment/attempt-050/grid1000_seq12_tmax1e5_prefixes_remap40_newmodel_columns/column_0005.tsv to gs://carter-kneading-attempt048/attempt-050/grid1000_seq12_tmax1e5_prefixes_remap40_newmodel_columns/column_0005.tsv
Copying file:///home/carterhinsley/MultimodalMaps.jl/kneading/experiment/attempt-050/grid1000_seq12_tmax1e5_prefixes_remap40_newmodel_columns/column_0006.tsv to gs://carter-kneading-attempt048/attempt-050/grid1000_seq12_tmax1e5_prefixes_remap40_newmodel_columns/column_0006.tsv
Copying file:///home/carterhinsley/MultimodalMaps.jl/kneading/experiment/attempt-050/grid1000_seq12_tmax1e5_prefixes_remap40_newmodel_columns/column_0007.tsv to gs://carter-kneading-attempt048/attempt-050/grid1000_seq12_tmax1e5_prefixes_remap40_newmodel_columns/column_0007.tsv
Copying file:///home/carterhinsley/MultimodalMaps.jl/kneading/experiment/attempt-050/grid1000_seq12_tmax1e5_prefixes_remap40_newmodel_columns/column_0008.tsv to gs://carter-kneading-attempt048/attempt-050/grid1000_seq12_tmax1e5_prefixes_remap40_newmodel_columns/column_0008.tsv
Copying file:///home/carterhinsley/MultimodalMaps.jl/kneading/experiment/attempt-050/grid1000_seq12_tmax1e5_prefixes_remap40_newmodel_columns/column_0009.tsv to gs://carter-kneading-attempt048/attempt-050/grid1000_seq12_tmax1e5_prefixes_remap40_newmodel_columns/column_0009.tsv
Copying file:///home/carterhinsley/MultimodalMaps.jl/kneading/experiment/attempt-050/grid1000_seq12_tmax1e5_prefixes_remap40_newmodel_columns/column_0010.tsv to gs://carter-kneading-attempt048/attempt-050/grid1000_seq12_tmax1e5_prefixes_remap40_newmodel_columns/column_0010.tsv
Copying file:///home/carterhinsley/MultimodalMaps.jl/kneading/experiment/attempt-050/grid1000_seq12_tmax1e5_prefixes_remap40_newmodel_columns/column_0011.tsv to gs://carter-kneading-attempt048/attempt-050/grid1000_seq12_tmax1e5_prefixes_remap40_newmodel_columns/column_0011.tsv
Copying file:///home/carterhinsley/MultimodalMaps.jl/kneading/experiment/attempt-050/grid1000_seq12_tmax1e5_prefixes_remap40_newmodel_columns/column_0012.tsv to gs://carter-kneading-attempt048/attempt-050/grid1000_seq12_tmax1e5_prefixes_remap40_newmodel_columns/column_0012.tsv
Copying file:///home/carterhinsley/MultimodalMaps.jl/kneading/experiment/attempt-050/grid1000_seq12_tmax1e5_prefixes_remap40_newmodel_columns/column_0013.tsv to gs://carter-kneading-attempt048/attempt-050/grid1000_seq12_tmax1e5_prefixes_remap40_newmodel_columns/column_0013.tsv
Copying file:///home/carterhinsley/MultimodalMaps.jl/kneading/experiment/attempt-050/grid1000_seq12_tmax1e5_prefixes_remap40_newmodel_columns/column_0014.tsv to gs://carter-kneading-attempt048/attempt-050/grid1000_seq12_tmax1e5_prefixes_remap40_newmodel_columns/column_0014.tsv
Copying file:///home/carterhinsley/MultimodalMaps.jl/kneading/experiment/attempt-050/grid1000_seq12_tmax1e5_prefixes_remap40_newmodel_columns/column_0015.tsv to gs://carter-kneading-attempt048/attempt-050/grid1000_seq12_tmax1e5_prefixes_remap40_newmodel_columns/column_0015.tsv
Copying file:///home/carterhinsley/MultimodalMaps.jl/kneading/experiment/attempt-050/grid1000_seq12_tmax1e5_prefixes_remap40_newmodel_columns/column_0016.tsv to gs://carter-kneading-attempt048/attempt-050/grid1000_seq12_tmax1e5_prefixes_remap40_newmodel_columns/column_0016.tsv
Copying file:///home/carterhinsley/MultimodalMaps.jl/kneading/experiment/attempt-050/grid1000_seq12_tmax1e5_prefixes_remap40_newmodel_columns/column_0017.tsv to gs://carter-kneading-attempt048/attempt-050/grid1000_seq12_tmax1e5_prefixes_remap40_newmodel_columns/column_0017.tsv
Copying file:///home/carterhinsley/MultimodalMaps.jl/kneading/experiment/attempt-050/grid1000_seq12_tmax1e5_prefixes_remap40_newmodel_columns/column_0018.tsv to gs://carter-kneading-attempt048/attempt-050/grid1000_seq12_tmax1e5_prefixes_remap40_newmodel_columns/column_0018.tsv
Copying file:///home/carterhinsley/MultimodalMaps.jl/kneading/experiment/attempt-050/grid1000_seq12_tmax1e5_prefixes_remap40_newmodel_columns/column_0019.tsv to gs://carter-kneading-attempt048/attempt-050/grid1000_seq12_tmax1e5_prefixes_remap40_newmodel_columns/column_0019.tsv
Copying file:///home/carterhinsley/MultimodalMaps.jl/kneading/experiment/attempt-050/grid1000_seq12_tmax1e5_prefixes_remap40_newmodel_columns/column_0020.tsv to gs://carter-kneading-attempt048/attempt-050/grid1000_seq12_tmax1e5_prefixes_remap40_newmodel_columns/column_0020.tsv
Copying file:///home/carterhinsley/MultimodalMaps.jl/kneading/experiment/attempt-050/grid1000_seq12_tmax1e5_prefixes_remap40_newmodel_columns/column_0021.tsv to gs://carter-kneading-attempt048/attempt-050/grid1000_seq12_tmax1e5_prefixes_remap40_newmodel_columns/column_0021.tsv
Copying file:///home/carterhinsley/MultimodalMaps.jl/kneading/experiment/attempt-050/grid1000_seq12_tmax1e5_prefixes_remap40_newmodel_columns/column_0022.tsv to gs://carter-kneading-attempt048/attempt-050/grid1000_seq12_tmax1e5_prefixes_remap40_newmodel_columns/column_0022.tsv
Copying file:///home/carterhinsley/MultimodalMaps.jl/kneading/experiment/attempt-050/grid1000_seq12_tmax1e5_prefixes_remap40_newmodel_columns/column_0023.tsv to gs://carter-kneading-attempt048/attempt-050/grid1000_seq12_tmax1e5_prefixes_remap40_newmodel_columns/column_0023.tsv
Copying file:///home/carterhinsley/MultimodalMaps.jl/kneading/experiment/attempt-050/grid1000_seq12_tmax1e5_prefixes_remap40_newmodel_columns/column_0024.tsv to gs://carter-kneading-attempt048/attempt-050/grid1000_seq12_tmax1e5_prefixes_remap40_newmodel_columns/column_0024.tsv
Copying file:///home/carterhinsley/MultimodalMaps.jl/kneading/experiment/attempt-050/grid1000_seq12_tmax1e5_prefixes_remap40_newmodel_columns/column_0025.tsv to gs://carter-kneading-attempt048/attempt-050/grid1000_seq12_tmax1e5_prefixes_remap40_newmodel_columns/column_0025.tsv
Copying file:///home/carterhinsley/MultimodalMaps.jl/kneading/experiment/attempt-050/grid1000_seq12_tmax1e5_prefixes_remap40_newmodel_columns/column_0026.tsv to gs://carter-kneading-attempt048/attempt-050/grid1000_seq12_tmax1e5_prefixes_remap40_newmodel_columns/column_0026.tsv
Copying file:///home/carterhinsley/MultimodalMaps.jl/kneading/experiment/attempt-050/grid1000_seq12_tmax1e5_prefixes_remap40_newmodel_columns/column_0027.tsv to gs://carter-kneading-attempt048/attempt-050/grid1000_seq12_tmax1e5_prefixes_remap40_newmodel_columns/column_0027.tsv
Copying file:///home/carterhinsley/MultimodalMaps.jl/kneading/experiment/attempt-050/grid1000_seq12_tmax1e5_prefixes_remap40_newmodel_columns/column_0028.tsv to gs://carter-kneading-attempt048/attempt-050/grid1000_seq12_tmax1e5_prefixes_remap40_newmodel_columns/column_0028.tsv
Copying file:///home/carterhinsley/MultimodalMaps.jl/kneading/experiment/attempt-050/grid1000_seq12_tmax1e5_prefixes_remap40_newmodel_columns/column_0029.tsv to gs://carter-kneading-attempt048/attempt-050/grid1000_seq12_tmax1e5_prefixes_remap40_newmodel_columns/column_0029.tsv
Copying file:///home/carterhinsley/MultimodalMaps.jl/kneading/experiment/attempt-050/grid1000_seq12_tmax1e5_prefixes_remap40_newmodel_columns/column_0030.tsv to gs://carter-kneading-attempt048/attempt-050/grid1000_seq12_tmax1e5_prefixes_remap40_newmodel_columns/column_0030.tsv
Copying file:///home/carterhinsley/MultimodalMaps.jl/kneading/experiment/attempt-050/grid1000_seq12_tmax1e5_prefixes_remap40_newmodel_columns/column_0031.tsv to gs://carter-kneading-attempt048/attempt-050/grid1000_seq12_tmax1e5_prefixes_remap40_newmodel_columns/column_0031.tsv
Copying file:///home/carterhinsley/MultimodalMaps.jl/kneading/experiment/attempt-050/grid1000_seq12_tmax1e5_prefixes_remap40_newmodel_columns/column_0032.tsv to gs://carter-kneading-attempt048/attempt-050/grid1000_seq12_tmax1e5_prefixes_remap40_newmodel_columns/column_0032.tsv
Copying file:///home/carterhinsley/MultimodalMaps.jl/kneading/experiment/attempt-050/grid1000_seq12_tmax1e5_prefixes_remap40_newmodel_columns/column_0033.tsv to gs://carter-kneading-attempt048/attempt-050/grid1000_seq12_tmax1e5_prefixes_remap40_newmodel_columns/column_0033.tsv
Copying file:///home/carterhinsley/MultimodalMaps.jl/kneading/experiment/attempt-050/grid1000_seq12_tmax1e5_prefixes_remap40_newmodel_columns/column_0034.tsv to gs://carter-kneading-attempt048/attempt-050/grid1000_seq12_tmax1e5_prefixes_remap40_newmodel_columns/column_0034.tsv
Copying file:///home/carterhinsley/MultimodalMaps.jl/kneading/experiment/attempt-050/grid1000_seq12_tmax1e5_prefixes_remap40_newmodel_columns/column_0035.tsv to gs://carter-kneading-attempt048/attempt-050/grid1000_seq12_tmax1e5_prefixes_remap40_newmodel_columns/column_0035.tsv
Copying file:///home/carterhinsley/MultimodalMaps.jl/kneading/experiment/attempt-050/grid1000_seq12_tmax1e5_prefixes_remap40_newmodel_columns/column_0036.tsv to gs://carter-kneading-attempt048/attempt-050/grid1000_seq12_tmax1e5_prefixes_remap40_newmodel_columns/column_0036.tsv
Copying file:///home/carterhinsley/MultimodalMaps.jl/kneading/experiment/attempt-050/grid1000_seq12_tmax1e5_prefixes_remap40_newmodel_columns/column_0037.tsv to gs://carter-kneading-attempt048/attempt-050/grid1000_seq12_tmax1e5_prefixes_remap40_newmodel_columns/column_0037.tsv
Copying file:///home/carterhinsley/MultimodalMaps.jl/kneading/experiment/attempt-050/grid1000_seq12_tmax1e5_prefixes_remap40_newmodel_columns/column_0038.tsv to gs://carter-kneading-attempt048/attempt-050/grid1000_seq12_tmax1e5_prefixes_remap40_newmodel_columns/column_0038.tsv
Copying file:///home/carterhinsley/MultimodalMaps.jl/kneading/experiment/attempt-050/grid1000_seq12_tmax1e5_prefixes_remap40_newmodel_columns/column_0039.tsv to gs://carter-kneading-attempt048/attempt-050/grid1000_seq12_tmax1e5_prefixes_remap40_newmodel_columns/column_0039.tsv
Copying file:///home/carterhinsley/MultimodalMaps.jl/kneading/experiment/attempt-050/grid1000_seq12_tmax1e5_prefixes_remap40_newmodel_columns/column_0040.tsv to gs://carter-kneading-attempt048/attempt-050/grid1000_seq12_tmax1e5_prefixes_remap40_newmodel_columns/column_0040.tsv
Copying file:///home/carterhinsley/MultimodalMaps.jl/kneading/experiment/attempt-050/grid1000_seq12_tmax1e5_prefixes_remap40_newmodel_columns/column_0041.tsv to gs://carter-kneading-attempt048/attempt-050/grid1000_seq12_tmax1e5_prefixes_remap40_newmodel_columns/column_0041.tsv
Copying file:///home/carterhinsley/MultimodalMaps.jl/kneading/experiment/attempt-050/grid1000_seq12_tmax1e5_prefixes_remap40_newmodel_columns/column_0042.tsv to gs://carter-kneading-attempt048/attempt-050/grid1000_seq12_tmax1e5_prefixes_remap40_newmodel_columns/column_0042.tsv
Copying file:///home/carterhinsley/MultimodalMaps.jl/kneading/experiment/attempt-050/grid1000_seq12_tmax1e5_prefixes_remap40_newmodel_columns/column_0043.tsv to gs://carter-kneading-attempt048/attempt-050/grid1000_seq12_tmax1e5_prefixes_remap40_newmodel_columns/column_0043.tsv
Copying file:///home/carterhinsley/MultimodalMaps.jl/kneading/experiment/attempt-050/grid1000_seq12_tmax1e5_prefixes_remap40_newmodel_columns/column_0044.tsv to gs://carter-kneading-attempt048/attempt-050/grid1000_seq12_tmax1e5_prefixes_remap40_newmodel_columns/column_0044.tsv
Copying file:///home/carterhinsley/MultimodalMaps.jl/kneading/experiment/attempt-050/grid1000_seq12_tmax1e5_prefixes_remap40_newmodel_columns/column_0045.tsv to gs://carter-kneading-attempt048/attempt-050/grid1000_seq12_tmax1e5_prefixes_remap40_newmodel_columns/column_0045.tsv
Copying file:///home/carterhinsley/MultimodalMaps.jl/kneading/experiment/attempt-050/grid1000_seq12_tmax1e5_prefixes_remap40_newmodel_columns/column_0046.tsv to gs://carter-kneading-attempt048/attempt-050/grid1000_seq12_tmax1e5_prefixes_remap40_newmodel_columns/column_0046.tsv
Copying file:///home/carterhinsley/MultimodalMaps.jl/kneading/experiment/attempt-050/grid1000_seq12_tmax1e5_prefixes_remap40_newmodel_columns/column_0047.tsv to gs://carter-kneading-attempt048/attempt-050/grid1000_seq12_tmax1e5_prefixes_remap40_newmodel_columns/column_0047.tsv
Copying file:///home/carterhinsley/MultimodalMaps.jl/kneading/experiment/attempt-050/grid1000_seq12_tmax1e5_prefixes_remap40_newmodel_columns/column_0048.tsv to gs://carter-kneading-attempt048/attempt-050/grid1000_seq12_tmax1e5_prefixes_remap40_newmodel_columns/column_0048.tsv
Copying file:///home/carterhinsley/MultimodalMaps.jl/kneading/experiment/attempt-050/grid1000_seq12_tmax1e5_prefixes_remap40_newmodel_columns/column_0049.tsv to gs://carter-kneading-attempt048/attempt-050/grid1000_seq12_tmax1e5_prefixes_remap40_newmodel_columns/column_0049.tsv
Copying file:///home/carterhinsley/MultimodalMaps.jl/kneading/experiment/attempt-050/grid1000_seq12_tmax1e5_prefixes_remap40_newmodel_columns/column_0050.tsv to gs://carter-kneading-attempt048/attempt-050/grid1000_seq12_tmax1e5_prefixes_remap40_newmodel_columns/column_0050.tsv
Copying file:///home/carterhinsley/MultimodalMaps.jl/kneading/experiment/attempt-050/grid1000_seq12_tmax1e5_prefixes_remap40_newmodel_columns/column_0051.tsv to gs://carter-kneading-attempt048/attempt-050/grid1000_seq12_tmax1e5_prefixes_remap40_newmodel_columns/column_0051.tsv
Copying file:///home/carterhinsley/MultimodalMaps.jl/kneading/experiment/attempt-050/grid1000_seq12_tmax1e5_prefixes_remap40_newmodel_columns/column_0052.tsv to gs://carter-kneading-attempt048/attempt-050/grid1000_seq12_tmax1e5_prefixes_remap40_newmodel_columns/column_0052.tsv
Copying file:///home/carterhinsley/MultimodalMaps.jl/kneading/experiment/attempt-050/grid1000_seq12_tmax1e5_prefixes_remap40_newmodel_columns/column_0053.tsv to gs://carter-kneading-attempt048/attempt-050/grid1000_seq12_tmax1e5_prefixes_remap40_newmodel_columns/column_0053.tsv
Copying file:///home/carterhinsley/MultimodalMaps.jl/kneading/experiment/attempt-050/grid1000_seq12_tmax1e5_prefixes_remap40_newmodel_columns/column_0054.tsv to gs://carter-kneading-attempt048/attempt-050/grid1000_seq12_tmax1e5_prefixes_remap40_newmodel_columns/column_0054.tsv
Copying file:///home/carterhinsley/MultimodalMaps.jl/kneading/experiment/attempt-050/grid1000_seq12_tmax1e5_prefixes_remap40_newmodel_columns/column_0055.tsv to gs://carter-kneading-attempt048/attempt-050/grid1000_seq12_tmax1e5_prefixes_remap40_newmodel_columns/column_0055.tsv
Copying file:///home/carterhinsley/MultimodalMaps.jl/kneading/experiment/attempt-050/grid1000_seq12_tmax1e5_prefixes_remap40_newmodel_columns/column_0056.tsv to gs://carter-kneading-attempt048/attempt-050/grid1000_seq12_tmax1e5_prefixes_remap40_newmodel_columns/column_0056.tsv
Copying file:///home/carterhinsley/MultimodalMaps.jl/kneading/experiment/attempt-050/grid1000_seq12_tmax1e5_prefixes_remap40_newmodel_columns/column_0057.tsv to gs://carter-kneading-attempt048/attempt-050/grid1000_seq12_tmax1e5_prefixes_remap40_newmodel_columns/column_0057.tsv
Copying file:///home/carterhinsley/MultimodalMaps.jl/kneading/experiment/attempt-050/grid1000_seq12_tmax1e5_prefixes_remap40_newmodel_columns/column_0058.tsv to gs://carter-kneading-attempt048/attempt-050/grid1000_seq12_tmax1e5_prefixes_remap40_newmodel_columns/column_0058.tsv
Copying file:///home/carterhinsley/MultimodalMaps.jl/kneading/experiment/attempt-050/grid1000_seq12_tmax1e5_prefixes_remap40_newmodel_columns/column_0059.tsv to gs://carter-kneading-attempt048/attempt-050/grid1000_seq12_tmax1e5_prefixes_remap40_newmodel_columns/column_0059.tsv
Copying file:///home/carterhinsley/MultimodalMaps.jl/kneading/experiment/attempt-050/grid1000_seq12_tmax1e5_prefixes_remap40_newmodel_columns/column_0060.tsv to gs://carter-kneading-attempt048/attempt-050/grid1000_seq12_tmax1e5_prefixes_remap40_newmodel_columns/column_0060.tsv
Copying file:///home/carterhinsley/MultimodalMaps.jl/kneading/experiment/attempt-050/grid1000_seq12_tmax1e5_prefixes_remap40_newmodel_columns/column_0061.tsv to gs://carter-kneading-attempt048/attempt-050/grid1000_seq12_tmax1e5_prefixes_remap40_newmodel_columns/column_0061.tsv
Copying file:///home/carterhinsley/MultimodalMaps.jl/kneading/experiment/attempt-050/grid1000_seq12_tmax1e5_prefixes_remap40_newmodel_columns/column_0062.tsv to gs://carter-kneading-attempt048/attempt-050/grid1000_seq12_tmax1e5_prefixes_remap40_newmodel_columns/column_0062.tsv
Copying file:///home/carterhinsley/MultimodalMaps.jl/kneading/experiment/attempt-050/grid1000_seq12_tmax1e5_prefixes_remap40_newmodel_columns/column_0063.tsv to gs://carter-kneading-attempt048/attempt-050/grid1000_seq12_tmax1e5_prefixes_remap40_newmodel_columns/column_0063.tsv
Copying file:///home/carterhinsley/MultimodalMaps.jl/kneading/experiment/attempt-050/grid1000_seq12_tmax1e5_prefixes_remap40_newmodel_columns/column_0064.tsv to gs://carter-kneading-attempt048/attempt-050/grid1000_seq12_tmax1e5_prefixes_remap40_newmodel_columns/column_0064.tsv
Copying file:///home/carterhinsley/MultimodalMaps.jl/kneading/experiment/attempt-050/grid1000_seq12_tmax1e5_prefixes_remap40_newmodel_columns/column_0065.tsv to gs://carter-kneading-attempt048/attempt-050/grid1000_seq12_tmax1e5_prefixes_remap40_newmodel_columns/column_0065.tsv
Copying file:///home/carterhinsley/MultimodalMaps.jl/kneading/experiment/attempt-050/grid1000_seq12_tmax1e5_prefixes_remap40_newmodel_columns/column_0066.tsv to gs://carter-kneading-attempt048/attempt-050/grid1000_seq12_tmax1e5_prefixes_remap40_newmodel_columns/column_0066.tsv
Copying file:///home/carterhinsley/MultimodalMaps.jl/kneading/experiment/attempt-050/grid1000_seq12_tmax1e5_prefixes_remap40_newmodel_columns/column_0067.tsv to gs://carter-kneading-attempt048/attempt-050/grid1000_seq12_tmax1e5_prefixes_remap40_newmodel_columns/column_0067.tsv
Copying file:///home/carterhinsley/MultimodalMaps.jl/kneading/experiment/attempt-050/grid1000_seq12_tmax1e5_prefixes_remap40_newmodel_columns/column_0068.tsv to gs://carter-kneading-attempt048/attempt-050/grid1000_seq12_tmax1e5_prefixes_remap40_newmodel_columns/column_0068.tsv
Copying file:///home/carterhinsley/MultimodalMaps.jl/kneading/experiment/attempt-050/grid1000_seq12_tmax1e5_prefixes_remap40_newmodel_columns/column_0069.tsv to gs://carter-kneading-attempt048/attempt-050/grid1000_seq12_tmax1e5_prefixes_remap40_newmodel_columns/column_0069.tsv
Copying file:///home/carterhinsley/MultimodalMaps.jl/kneading/experiment/attempt-050/grid1000_seq12_tmax1e5_prefixes_remap40_newmodel_columns/column_0070.tsv to gs://carter-kneading-attempt048/attempt-050/grid1000_seq12_tmax1e5_prefixes_remap40_newmodel_columns/column_0070.tsv
Copying file:///home/carterhinsley/MultimodalMaps.jl/kneading/experiment/attempt-050/grid1000_seq12_tmax1e5_prefixes_remap40_newmodel_columns/column_0071.tsv to gs://carter-kneading-attempt048/attempt-050/grid1000_seq12_tmax1e5_prefixes_remap40_newmodel_columns/column_0071.tsv
Copying file:///home/carterhinsley/MultimodalMaps.jl/kneading/experiment/attempt-050/grid1000_seq12_tmax1e5_prefixes_remap40_newmodel_columns/column_0072.tsv to gs://carter-kneading-attempt048/attempt-050/grid1000_seq12_tmax1e5_prefixes_remap40_newmodel_columns/column_0072.tsv
Copying file:///home/carterhinsley/MultimodalMaps.jl/kneading/experiment/attempt-050/grid1000_seq12_tmax1e5_prefixes_remap40_newmodel_columns/column_0073.tsv to gs://carter-kneading-attempt048/attempt-050/grid1000_seq12_tmax1e5_prefixes_remap40_newmodel_columns/column_0073.tsv
Copying file:///home/carterhinsley/MultimodalMaps.jl/kneading/experiment/attempt-050/grid1000_seq12_tmax1e5_prefixes_remap40_newmodel_columns/column_0074.tsv to gs://carter-kneading-attempt048/attempt-050/grid1000_seq12_tmax1e5_prefixes_remap40_newmodel_columns/column_0074.tsv
Copying file:///home/carterhinsley/MultimodalMaps.jl/kneading/experiment/attempt-050/grid1000_seq12_tmax1e5_prefixes_remap40_newmodel_columns/column_0075.tsv to gs://carter-kneading-attempt048/attempt-050/grid1000_seq12_tmax1e5_prefixes_remap40_newmodel_columns/column_0075.tsv
Copying file:///home/carterhinsley/MultimodalMaps.jl/kneading/experiment/attempt-050/grid1000_seq12_tmax1e5_prefixes_remap40_newmodel_columns/column_0076.tsv to gs://carter-kneading-attempt048/attempt-050/grid1000_seq12_tmax1e5_prefixes_remap40_newmodel_columns/column_0076.tsv
Copying file:///home/carterhinsley/MultimodalMaps.jl/kneading/experiment/attempt-050/grid1000_seq12_tmax1e5_prefixes_remap40_newmodel_columns/column_0077.tsv to gs://carter-kneading-attempt048/attempt-050/grid1000_seq12_tmax1e5_prefixes_remap40_newmodel_columns/column_0077.tsv
Copying file:///home/carterhinsley/MultimodalMaps.jl/kneading/experiment/attempt-050/grid1000_seq12_tmax1e5_prefixes_remap40_newmodel_columns/column_0078.tsv to gs://carter-kneading-attempt048/attempt-050/grid1000_seq12_tmax1e5_prefixes_remap40_newmodel_columns/column_0078.tsv
Copying file:///home/carterhinsley/MultimodalMaps.jl/kneading/experiment/attempt-050/grid1000_seq12_tmax1e5_prefixes_remap40_newmodel_columns/column_0079.tsv to gs://carter-kneading-attempt048/attempt-050/grid1000_seq12_tmax1e5_prefixes_remap40_newmodel_columns/column_0079.tsv
Copying file:///home/carterhinsley/MultimodalMaps.jl/kneading/experiment/attempt-050/grid1000_seq12_tmax1e5_prefixes_remap40_newmodel_columns/column_0080.tsv to gs://carter-kneading-attempt048/attempt-050/grid1000_seq12_tmax1e5_prefixes_remap40_newmodel_columns/column_0080.tsv
Copying file:///home/carterhinsley/MultimodalMaps.jl/kneading/experiment/attempt-050/grid1000_seq12_tmax1e5_prefixes_remap40_newmodel_columns/column_0081.tsv to gs://carter-kneading-attempt048/attempt-050/grid1000_seq12_tmax1e5_prefixes_remap40_newmodel_columns/column_0081.tsv
Copying file:///home/carterhinsley/MultimodalMaps.jl/kneading/experiment/attempt-050/grid1000_seq12_tmax1e5_prefixes_remap40_newmodel_columns/column_0082.tsv to gs://carter-kneading-attempt048/attempt-050/grid1000_seq12_tmax1e5_prefixes_remap40_newmodel_columns/column_0082.tsv
Copying file:///home/carterhinsley/MultimodalMaps.jl/kneading/experiment/attempt-050/grid1000_seq12_tmax1e5_prefixes_remap40_newmodel_columns/column_0083.tsv to gs://carter-kneading-attempt048/attempt-050/grid1000_seq12_tmax1e5_prefixes_remap40_newmodel_columns/column_0083.tsv
Copying file:///home/carterhinsley/MultimodalMaps.jl/kneading/experiment/attempt-050/grid1000_seq12_tmax1e5_prefixes_remap40_newmodel_columns/column_0084.tsv to gs://carter-kneading-attempt048/attempt-050/grid1000_seq12_tmax1e5_prefixes_remap40_newmodel_columns/column_0084.tsv
Copying file:///home/carterhinsley/MultimodalMaps.jl/kneading/experiment/attempt-050/grid1000_seq12_tmax1e5_prefixes_remap40_newmodel_columns/column_0085.tsv to gs://carter-kneading-attempt048/attempt-050/grid1000_seq12_tmax1e5_prefixes_remap40_newmodel_columns/column_0085.tsv
Copying file:///home/carterhinsley/MultimodalMaps.jl/kneading/experiment/attempt-050/grid1000_seq12_tmax1e5_prefixes_remap40_newmodel_columns/column_0086.tsv to gs://carter-kneading-attempt048/attempt-050/grid1000_seq12_tmax1e5_prefixes_remap40_newmodel_columns/column_0086.tsv
Copying file:///home/carterhinsley/MultimodalMaps.jl/kneading/experiment/attempt-050/grid1000_seq12_tmax1e5_prefixes_remap40_newmodel_columns/column_0087.tsv to gs://carter-kneading-attempt048/attempt-050/grid1000_seq12_tmax1e5_prefixes_remap40_newmodel_columns/column_0087.tsv
Copying file:///home/carterhinsley/MultimodalMaps.jl/kneading/experiment/attempt-050/grid1000_seq12_tmax1e5_prefixes_remap40_newmodel_columns/column_0088.tsv to gs://carter-kneading-attempt048/attempt-050/grid1000_seq12_tmax1e5_prefixes_remap40_newmodel_columns/column_0088.tsv
Copying file:///home/carterhinsley/MultimodalMaps.jl/kneading/experiment/attempt-050/grid1000_seq12_tmax1e5_prefixes_remap40_newmodel_columns/column_0089.tsv to gs://carter-kneading-attempt048/attempt-050/grid1000_seq12_tmax1e5_prefixes_remap40_newmodel_columns/column_0089.tsv
Copying file:///home/carterhinsley/MultimodalMaps.jl/kneading/experiment/attempt-050/grid1000_seq12_tmax1e5_prefixes_remap40_newmodel_columns/column_0090.tsv to gs://carter-kneading-attempt048/attempt-050/grid1000_seq12_tmax1e5_prefixes_remap40_newmodel_columns/column_0090.tsv
Copying file:///home/carterhinsley/MultimodalMaps.jl/kneading/experiment/attempt-050/grid1000_seq12_tmax1e5_prefixes_remap40_newmodel_columns/column_0091.tsv to gs://carter-kneading-attempt048/attempt-050/grid1000_seq12_tmax1e5_prefixes_remap40_newmodel_columns/column_0091.tsv
Copying file:///home/carterhinsley/MultimodalMaps.jl/kneading/experiment/attempt-050/grid1000_seq12_tmax1e5_prefixes_remap40_newmodel_columns/column_0092.tsv to gs://carter-kneading-attempt048/attempt-050/grid1000_seq12_tmax1e5_prefixes_remap40_newmodel_columns/column_0092.tsv
Copying file:///home/carterhinsley/MultimodalMaps.jl/kneading/experiment/attempt-050/grid1000_seq12_tmax1e5_prefixes_remap40_newmodel_columns/column_0093.tsv to gs://carter-kneading-attempt048/attempt-050/grid1000_seq12_tmax1e5_prefixes_remap40_newmodel_columns/column_0093.tsv
Copying file:///home/carterhinsley/MultimodalMaps.jl/kneading/experiment/attempt-050/grid1000_seq12_tmax1e5_prefixes_remap40_newmodel_columns/column_0094.tsv to gs://carter-kneading-attempt048/attempt-050/grid1000_seq12_tmax1e5_prefixes_remap40_newmodel_columns/column_0094.tsv
Copying file:///home/carterhinsley/MultimodalMaps.jl/kneading/experiment/attempt-050/grid1000_seq12_tmax1e5_prefixes_remap40_newmodel_columns/column_0095.tsv to gs://carter-kneading-attempt048/attempt-050/grid1000_seq12_tmax1e5_prefixes_remap40_newmodel_columns/column_0095.tsv
Copying file:///home/carterhinsley/MultimodalMaps.jl/kneading/experiment/attempt-050/grid1000_seq12_tmax1e5_prefixes_remap40_newmodel_columns/column_0096.tsv to gs://carter-kneading-attempt048/attempt-050/grid1000_seq12_tmax1e5_prefixes_remap40_newmodel_columns/column_0096.tsv
Copying file:///home/carterhinsley/MultimodalMaps.jl/kneading/experiment/attempt-050/grid1000_seq12_tmax1e5_prefixes_remap40_newmodel_columns/column_0097.tsv to gs://carter-kneading-attempt048/attempt-050/grid1000_seq12_tmax1e5_prefixes_remap40_newmodel_columns/column_0097.tsv
Copying file:///home/carterhinsley/MultimodalMaps.jl/kneading/experiment/attempt-050/grid1000_seq12_tmax1e5_prefixes_remap40_newmodel_columns/column_0098.tsv to gs://carter-kneading-attempt048/attempt-050/grid1000_seq12_tmax1e5_prefixes_remap40_newmodel_columns/column_0098.tsv
Copying file:///home/carterhinsley/MultimodalMaps.jl/kneading/experiment/attempt-050/grid1000_seq12_tmax1e5_prefixes_remap40_newmodel_columns/column_0099.tsv to gs://carter-kneading-attempt048/attempt-050/grid1000_seq12_tmax1e5_prefixes_remap40_newmodel_columns/column_0099.tsv
Copying file:///home/carterhinsley/MultimodalMaps.jl/kneading/experiment/attempt-050/grid1000_seq12_tmax1e5_prefixes_remap40_newmodel_columns/column_0100.tsv to gs://carter-kneading-attempt048/attempt-050/grid1000_seq12_tmax1e5_prefixes_remap40_newmodel_columns/column_0100.tsv
Copying file:///home/carterhinsley/MultimodalMaps.jl/kneading/experiment/attempt-050/grid1000_seq12_tmax1e5_prefixes_remap40_newmodel_columns/column_0101.tsv to gs://carter-kneading-attempt048/attempt-050/grid1000_seq12_tmax1e5_prefixes_remap40_newmodel_columns/column_0101.tsv
Copying file:///home/carterhinsley/MultimodalMaps.jl/kneading/experiment/attempt-050/grid1000_seq12_tmax1e5_prefixes_remap40_newmodel_columns/column_0102.tsv to gs://carter-kneading-attempt048/attempt-050/grid1000_seq12_tmax1e5_prefixes_remap40_newmodel_columns/column_0102.tsv
Copying file:///home/carterhinsley/MultimodalMaps.jl/kneading/experiment/attempt-050/grid1000_seq12_tmax1e5_prefixes_remap40_newmodel_columns/column_0103.tsv to gs://carter-kneading-attempt048/attempt-050/grid1000_seq12_tmax1e5_prefixes_remap40_newmodel_columns/column_0103.tsv
Copying file:///home/carterhinsley/MultimodalMaps.jl/kneading/experiment/attempt-050/grid1000_seq12_tmax1e5_prefixes_remap40_newmodel_columns/column_0104.tsv to gs://carter-kneading-attempt048/attempt-050/grid1000_seq12_tmax1e5_prefixes_remap40_newmodel_columns/column_0104.tsv
Copying file:///home/carterhinsley/MultimodalMaps.jl/kneading/experiment/attempt-050/grid1000_seq12_tmax1e5_prefixes_remap40_newmodel_columns/column_0105.tsv to gs://carter-kneading-attempt048/attempt-050/grid1000_seq12_tmax1e5_prefixes_remap40_newmodel_columns/column_0105.tsv
Copying file:///home/carterhinsley/MultimodalMaps.jl/kneading/experiment/attempt-050/grid1000_seq12_tmax1e5_prefixes_remap40_newmodel_columns/column_0106.tsv to gs://carter-kneading-attempt048/attempt-050/grid1000_seq12_tmax1e5_prefixes_remap40_newmodel_columns/column_0106.tsv
Copying file:///home/carterhinsley/MultimodalMaps.jl/kneading/experiment/attempt-050/grid1000_seq12_tmax1e5_prefixes_remap40_newmodel_columns/column_0107.tsv to gs://carter-kneading-attempt048/attempt-050/grid1000_seq12_tmax1e5_prefixes_remap40_newmodel_columns/column_0107.tsv
Copying file:///home/carterhinsley/MultimodalMaps.jl/kneading/experiment/attempt-050/grid1000_seq12_tmax1e5_prefixes_remap40_newmodel_columns/column_0108.tsv to gs://carter-kneading-attempt048/attempt-050/grid1000_seq12_tmax1e5_prefixes_remap40_newmodel_columns/column_0108.tsv
Copying file:///home/carterhinsley/MultimodalMaps.jl/kneading/experiment/attempt-050/grid1000_seq12_tmax1e5_prefixes_remap40_newmodel_columns/column_0109.tsv to gs://carter-kneading-attempt048/attempt-050/grid1000_seq12_tmax1e5_prefixes_remap40_newmodel_columns/column_0109.tsv
Copying file:///home/carterhinsley/MultimodalMaps.jl/kneading/experiment/attempt-050/grid1000_seq12_tmax1e5_prefixes_remap40_newmodel_columns/column_0110.tsv to gs://carter-kneading-attempt048/attempt-050/grid1000_seq12_tmax1e5_prefixes_remap40_newmodel_columns/column_0110.tsv
Copying file:///home/carterhinsley/MultimodalMaps.jl/kneading/experiment/attempt-050/grid1000_seq12_tmax1e5_prefixes_remap40_newmodel_columns/column_0111.tsv to gs://carter-kneading-attempt048/attempt-050/grid1000_seq12_tmax1e5_prefixes_remap40_newmodel_columns/column_0111.tsv
Copying file:///home/carterhinsley/MultimodalMaps.jl/kneading/experiment/attempt-050/grid1000_seq12_tmax1e5_prefixes_remap40_newmodel_columns/column_0112.tsv to gs://carter-kneading-attempt048/attempt-050/grid1000_seq12_tmax1e5_prefixes_remap40_newmodel_columns/column_0112.tsv
Copying file:///home/carterhinsley/MultimodalMaps.jl/kneading/experiment/attempt-050/grid1000_seq12_tmax1e5_prefixes_remap40_newmodel_columns/column_0113.tsv to gs://carter-kneading-attempt048/attempt-050/grid1000_seq12_tmax1e5_prefixes_remap40_newmodel_columns/column_0113.tsv
Copying file:///home/carterhinsley/MultimodalMaps.jl/kneading/experiment/attempt-050/grid1000_seq12_tmax1e5_prefixes_remap40_newmodel_columns/column_0114.tsv to gs://carter-kneading-attempt048/attempt-050/grid1000_seq12_tmax1e5_prefixes_remap40_newmodel_columns/column_0114.tsv
Copying file:///home/carterhinsley/MultimodalMaps.jl/kneading/experiment/attempt-050/grid1000_seq12_tmax1e5_prefixes_remap40_newmodel_columns/column_0115.tsv to gs://carter-kneading-attempt048/attempt-050/grid1000_seq12_tmax1e5_prefixes_remap40_newmodel_columns/column_0115.tsv
Copying file:///home/carterhinsley/MultimodalMaps.jl/kneading/experiment/attempt-050/grid1000_seq12_tmax1e5_prefixes_remap40_newmodel_columns/column_0116.tsv to gs://carter-kneading-attempt048/attempt-050/grid1000_seq12_tmax1e5_prefixes_remap40_newmodel_columns/column_0116.tsv
Copying file:///home/carterhinsley/MultimodalMaps.jl/kneading/experiment/attempt-050/grid1000_seq12_tmax1e5_prefixes_remap40_newmodel_columns/column_0117.tsv to gs://carter-kneading-attempt048/attempt-050/grid1000_seq12_tmax1e5_prefixes_remap40_newmodel_columns/column_0117.tsv
Copying file:///home/carterhinsley/MultimodalMaps.jl/kneading/experiment/attempt-050/grid1000_seq12_tmax1e5_prefixes_remap40_newmodel_columns/column_0118.tsv to gs://carter-kneading-attempt048/attempt-050/grid1000_seq12_tmax1e5_prefixes_remap40_newmodel_columns/column_0118.tsv
Copying file:///home/carterhinsley/MultimodalMaps.jl/kneading/experiment/attempt-050/grid1000_seq12_tmax1e5_prefixes_remap40_newmodel_columns/column_0119.tsv to gs://carter-kneading-attempt048/attempt-050/grid1000_seq12_tmax1e5_prefixes_remap40_newmodel_columns/column_0119.tsv
Copying file:///home/carterhinsley/MultimodalMaps.jl/kneading/experiment/attempt-050/grid1000_seq12_tmax1e5_prefixes_remap40_newmodel_columns/column_0120.tsv to gs://carter-kneading-attempt048/attempt-050/grid1000_seq12_tmax1e5_prefixes_remap40_newmodel_columns/column_0120.tsv
Copying file:///home/carterhinsley/MultimodalMaps.jl/kneading/experiment/attempt-050/grid1000_seq12_tmax1e5_prefixes_remap40_newmodel_columns/column_0121.tsv to gs://carter-kneading-attempt048/attempt-050/grid1000_seq12_tmax1e5_prefixes_remap40_newmodel_columns/column_0121.tsv
Copying file:///home/carterhinsley/MultimodalMaps.jl/kneading/experiment/attempt-050/grid1000_seq12_tmax1e5_prefixes_remap40_newmodel_columns/column_0122.tsv to gs://carter-kneading-attempt048/attempt-050/grid1000_seq12_tmax1e5_prefixes_remap40_newmodel_columns/column_0122.tsv
Copying file:///home/carterhinsley/MultimodalMaps.jl/kneading/experiment/attempt-050/grid1000_seq12_tmax1e5_prefixes_remap40_newmodel_columns/column_0123.tsv to gs://carter-kneading-attempt048/attempt-050/grid1000_seq12_tmax1e5_prefixes_remap40_newmodel_columns/column_0123.tsv
Copying file:///home/carterhinsley/MultimodalMaps.jl/kneading/experiment/attempt-050/grid1000_seq12_tmax1e5_prefixes_remap40_newmodel_columns/column_0124.tsv to gs://carter-kneading-attempt048/attempt-050/grid1000_seq12_tmax1e5_prefixes_remap40_newmodel_columns/column_0124.tsv
Copying file:///home/carterhinsley/MultimodalMaps.jl/kneading/experiment/attempt-050/grid1000_seq12_tmax1e5_prefixes_remap40_newmodel_columns/column_0125.tsv to gs://carter-kneading-attempt048/attempt-050/grid1000_seq12_tmax1e5_prefixes_remap40_newmodel_columns/column_0125.tsv
Copying file:///home/carterhinsley/MultimodalMaps.jl/kneading/experiment/attempt-050/grid1000_seq12_tmax1e5_prefixes_remap40_newmodel_columns/column_0126.tsv to gs://carter-kneading-attempt048/attempt-050/grid1000_seq12_tmax1e5_prefixes_remap40_newmodel_columns/column_0126.tsv
Copying file:///home/carterhinsley/MultimodalMaps.jl/kneading/experiment/attempt-050/grid1000_seq12_tmax1e5_prefixes_remap40_newmodel_columns/column_0127.tsv to gs://carter-kneading-attempt048/attempt-050/grid1000_seq12_tmax1e5_prefixes_remap40_newmodel_columns/column_0127.tsv
Copying file:///home/carterhinsley/MultimodalMaps.jl/kneading/experiment/attempt-050/grid1000_seq12_tmax1e5_prefixes_remap40_newmodel_columns/column_0128.tsv to gs://carter-kneading-attempt048/attempt-050/grid1000_seq12_tmax1e5_prefixes_remap40_newmodel_columns/column_0128.tsv
Copying file:///home/carterhinsley/MultimodalMaps.jl/kneading/experiment/attempt-050/grid1000_seq12_tmax1e5_prefixes_remap40_newmodel_columns/column_0129.tsv to gs://carter-kneading-attempt048/attempt-050/grid1000_seq12_tmax1e5_prefixes_remap40_newmodel_columns/column_0129.tsv
Copying file:///home/carterhinsley/MultimodalMaps.jl/kneading/experiment/attempt-050/grid1000_seq12_tmax1e5_prefixes_remap40_newmodel_columns/column_0130.tsv to gs://carter-kneading-attempt048/attempt-050/grid1000_seq12_tmax1e5_prefixes_remap40_newmodel_columns/column_0130.tsv
Copying file:///home/carterhinsley/MultimodalMaps.jl/kneading/experiment/attempt-050/grid1000_seq12_tmax1e5_prefixes_remap40_newmodel_columns/column_0131.tsv to gs://carter-kneading-attempt048/attempt-050/grid1000_seq12_tmax1e5_prefixes_remap40_newmodel_columns/column_0131.tsv
Copying file:///home/carterhinsley/MultimodalMaps.jl/kneading/experiment/attempt-050/grid1000_seq12_tmax1e5_prefixes_remap40_newmodel_columns/column_0132.tsv to gs://carter-kneading-attempt048/attempt-050/grid1000_seq12_tmax1e5_prefixes_remap40_newmodel_columns/column_0132.tsv
Copying file:///home/carterhinsley/MultimodalMaps.jl/kneading/experiment/attempt-050/grid1000_seq12_tmax1e5_prefixes_remap40_newmodel_columns/column_0133.tsv to gs://carter-kneading-attempt048/attempt-050/grid1000_seq12_tmax1e5_prefixes_remap40_newmodel_columns/column_0133.tsv
Copying file:///home/carterhinsley/MultimodalMaps.jl/kneading/experiment/attempt-050/grid1000_seq12_tmax1e5_prefixes_remap40_newmodel_columns/column_0134.tsv to gs://carter-kneading-attempt048/attempt-050/grid1000_seq12_tmax1e5_prefixes_remap40_newmodel_columns/column_0134.tsv
Copying file:///home/carterhinsley/MultimodalMaps.jl/kneading/experiment/attempt-050/grid1000_seq12_tmax1e5_prefixes_remap40_newmodel_columns/column_0135.tsv to gs://carter-kneading-attempt048/attempt-050/grid1000_seq12_tmax1e5_prefixes_remap40_newmodel_columns/column_0135.tsv
Copying file:///home/carterhinsley/MultimodalMaps.jl/kneading/experiment/attempt-050/grid1000_seq12_tmax1e5_prefixes_remap40_newmodel_columns/column_0136.tsv to gs://carter-kneading-attempt048/attempt-050/grid1000_seq12_tmax1e5_prefixes_remap40_newmodel_columns/column_0136.tsv
Copying file:///home/carterhinsley/MultimodalMaps.jl/kneading/experiment/attempt-050/grid1000_seq12_tmax1e5_prefixes_remap40_newmodel_columns/column_0137.tsv to gs://carter-kneading-attempt048/attempt-050/grid1000_seq12_tmax1e5_prefixes_remap40_newmodel_columns/column_0137.tsv
Copying file:///home/carterhinsley/MultimodalMaps.jl/kneading/experiment/attempt-050/grid1000_seq12_tmax1e5_prefixes_remap40_newmodel_columns/column_0138.tsv to gs://carter-kneading-attempt048/attempt-050/grid1000_seq12_tmax1e5_prefixes_remap40_newmodel_columns/column_0138.tsv
Copying file:///home/carterhinsley/MultimodalMaps.jl/kneading/experiment/attempt-050/grid1000_seq12_tmax1e5_prefixes_remap40_newmodel_columns/column_0139.tsv to gs://carter-kneading-attempt048/attempt-050/grid1000_seq12_tmax1e5_prefixes_remap40_newmodel_columns/column_0139.tsv
Copying file:///home/carterhinsley/MultimodalMaps.jl/kneading/experiment/attempt-050/grid1000_seq12_tmax1e5_prefixes_remap40_newmodel_columns/column_0140.tsv to gs://carter-kneading-attempt048/attempt-050/grid1000_seq12_tmax1e5_prefixes_remap40_newmodel_columns/column_0140.tsv
Copying file:///home/carterhinsley/MultimodalMaps.jl/kneading/experiment/attempt-050/grid1000_seq12_tmax1e5_prefixes_remap40_newmodel_columns/column_0141.tsv to gs://carter-kneading-attempt048/attempt-050/grid1000_seq12_tmax1e5_prefixes_remap40_newmodel_columns/column_0141.tsv
Copying file:///home/carterhinsley/MultimodalMaps.jl/kneading/experiment/attempt-050/grid1000_seq12_tmax1e5_prefixes_remap40_newmodel_columns/column_0142.tsv to gs://carter-kneading-attempt048/attempt-050/grid1000_seq12_tmax1e5_prefixes_remap40_newmodel_columns/column_0142.tsv
Copying file:///home/carterhinsley/MultimodalMaps.jl/kneading/experiment/attempt-050/grid1000_seq12_tmax1e5_prefixes_remap40_newmodel_columns/column_0143.tsv to gs://carter-kneading-attempt048/attempt-050/grid1000_seq12_tmax1e5_prefixes_remap40_newmodel_columns/column_0143.tsv
Copying file:///home/carterhinsley/MultimodalMaps.jl/kneading/experiment/attempt-050/grid1000_seq12_tmax1e5_prefixes_remap40_newmodel_columns/column_0144.tsv to gs://carter-kneading-attempt048/attempt-050/grid1000_seq12_tmax1e5_prefixes_remap40_newmodel_columns/column_0144.tsv
Copying file:///home/carterhinsley/MultimodalMaps.jl/kneading/experiment/attempt-050/grid1000_seq12_tmax1e5_prefixes_remap40_newmodel_columns/column_0145.tsv to gs://carter-kneading-attempt048/attempt-050/grid1000_seq12_tmax1e5_prefixes_remap40_newmodel_columns/column_0145.tsv
Copying file:///home/carterhinsley/MultimodalMaps.jl/kneading/experiment/attempt-050/grid1000_seq12_tmax1e5_prefixes_remap40_newmodel_columns/column_0146.tsv to gs://carter-kneading-attempt048/attempt-050/grid1000_seq12_tmax1e5_prefixes_remap40_newmodel_columns/column_0146.tsv
Copying file:///home/carterhinsley/MultimodalMaps.jl/kneading/experiment/attempt-050/grid1000_seq12_tmax1e5_prefixes_remap40_newmodel_columns/column_0147.tsv to gs://carter-kneading-attempt048/attempt-050/grid1000_seq12_tmax1e5_prefixes_remap40_newmodel_columns/column_0147.tsv
Copying file:///home/carterhinsley/MultimodalMaps.jl/kneading/experiment/attempt-050/grid1000_seq12_tmax1e5_prefixes_remap40_newmodel_columns/column_0148.tsv to gs://carter-kneading-attempt048/attempt-050/grid1000_seq12_tmax1e5_prefixes_remap40_newmodel_columns/column_0148.tsv
Copying file:///home/carterhinsley/MultimodalMaps.jl/kneading/experiment/attempt-050/grid1000_seq12_tmax1e5_prefixes_remap40_newmodel_columns/column_0149.tsv to gs://carter-kneading-attempt048/attempt-050/grid1000_seq12_tmax1e5_prefixes_remap40_newmodel_columns/column_0149.tsv
Copying file:///home/carterhinsley/MultimodalMaps.jl/kneading/experiment/attempt-050/grid1000_seq12_tmax1e5_prefixes_remap40_newmodel_columns/column_0150.tsv to gs://carter-kneading-attempt048/attempt-050/grid1000_seq12_tmax1e5_prefixes_remap40_newmodel_columns/column_0150.tsv
Copying file:///home/carterhinsley/MultimodalMaps.jl/kneading/experiment/attempt-050/grid1000_seq12_tmax1e5_prefixes_remap40_newmodel_columns/column_0151.tsv to gs://carter-kneading-attempt048/attempt-050/grid1000_seq12_tmax1e5_prefixes_remap40_newmodel_columns/column_0151.tsv
.Copying file:///home/carterhinsley/MultimodalMaps.jl/kneading/experiment/attempt-050/grid1000_seq12_tmax1e5_prefixes_remap40_newmodel_columns/column_0152.tsv to gs://carter-kneading-attempt048/attempt-050/grid1000_seq12_tmax1e5_prefixes_remap40_newmodel_columns/column_0152.tsv
Copying file:///home/carterhinsley/MultimodalMaps.jl/kneading/experiment/attempt-050/grid1000_seq12_tmax1e5_prefixes_remap40_newmodel_columns/column_0153.tsv to gs://carter-kneading-attempt048/attempt-050/grid1000_seq12_tmax1e5_prefixes_remap40_newmodel_columns/column_0153.tsv
Copying file:///home/carterhinsley/MultimodalMaps.jl/kneading/experiment/attempt-050/grid1000_seq12_tmax1e5_prefixes_remap40_newmodel_columns/column_0154.tsv to gs://carter-kneading-attempt048/attempt-050/grid1000_seq12_tmax1e5_prefixes_remap40_newmodel_columns/column_0154.tsv
Copying file:///home/carterhinsley/MultimodalMaps.jl/kneading/experiment/attempt-050/grid1000_seq12_tmax1e5_prefixes_remap40_newmodel_columns/column_0155.tsv to gs://carter-kneading-attempt048/attempt-050/grid1000_seq12_tmax1e5_prefixes_remap40_newmodel_columns/column_0155.tsv
Copying file:///home/carterhinsley/MultimodalMaps.jl/kneading/experiment/attempt-050/grid1000_seq12_tmax1e5_prefixes_remap40_newmodel_columns/column_0156.tsv to gs://carter-kneading-attempt048/attempt-050/grid1000_seq12_tmax1e5_prefixes_remap40_newmodel_columns/column_0156.tsv
Copying file:///home/carterhinsley/MultimodalMaps.jl/kneading/experiment/attempt-050/grid1000_seq12_tmax1e5_prefixes_remap40_newmodel_columns/column_0157.tsv to gs://carter-kneading-attempt048/attempt-050/grid1000_seq12_tmax1e5_prefixes_remap40_newmodel_columns/column_0157.tsv
Copying file:///home/carterhinsley/MultimodalMaps.jl/kneading/experiment/attempt-050/grid1000_seq12_tmax1e5_prefixes_remap40_newmodel_columns/column_0158.tsv to gs://carter-kneading-attempt048/attempt-050/grid1000_seq12_tmax1e5_prefixes_remap40_newmodel_columns/column_0158.tsv
Copying file:///home/carterhinsley/MultimodalMaps.jl/kneading/experiment/attempt-050/grid1000_seq12_tmax1e5_prefixes_remap40_newmodel_columns/column_0159.tsv to gs://carter-kneading-attempt048/attempt-050/grid1000_seq12_tmax1e5_prefixes_remap40_newmodel_columns/column_0159.tsv
Copying file:///home/carterhinsley/MultimodalMaps.jl/kneading/experiment/attempt-050/grid1000_seq12_tmax1e5_prefixes_remap40_newmodel_columns/column_0160.tsv to gs://carter-kneading-attempt048/attempt-050/grid1000_seq12_tmax1e5_prefixes_remap40_newmodel_columns/column_0160.tsv
Copying file:///home/carterhinsley/MultimodalMaps.jl/kneading/experiment/attempt-050/grid1000_seq12_tmax1e5_prefixes_remap40_newmodel_columns/column_0161.tsv to gs://carter-kneading-attempt048/attempt-050/grid1000_seq12_tmax1e5_prefixes_remap40_newmodel_columns/column_0161.tsv
Copying file:///home/carterhinsley/MultimodalMaps.jl/kneading/experiment/attempt-050/grid1000_seq12_tmax1e5_prefixes_remap40_newmodel_columns/column_0162.tsv to gs://carter-kneading-attempt048/attempt-050/grid1000_seq12_tmax1e5_prefixes_remap40_newmodel_columns/column_0162.tsv
Copying file:///home/carterhinsley/MultimodalMaps.jl/kneading/experiment/attempt-050/grid1000_seq12_tmax1e5_prefixes_remap40_newmodel_columns/column_0163.tsv to gs://carter-kneading-attempt048/attempt-050/grid1000_seq12_tmax1e5_prefixes_remap40_newmodel_columns/column_0163.tsv
Copying file:///home/carterhinsley/MultimodalMaps.jl/kneading/experiment/attempt-050/grid1000_seq12_tmax1e5_prefixes_remap40_newmodel_columns/column_0164.tsv to gs://carter-kneading-attempt048/attempt-050/grid1000_seq12_tmax1e5_prefixes_remap40_newmodel_columns/column_0164.tsv
Copying file:///home/carterhinsley/MultimodalMaps.jl/kneading/experiment/attempt-050/grid1000_seq12_tmax1e5_prefixes_remap40_newmodel_columns/column_0165.tsv to gs://carter-kneading-attempt048/attempt-050/grid1000_seq12_tmax1e5_prefixes_remap40_newmodel_columns/column_0165.tsv
Copying file:///home/carterhinsley/MultimodalMaps.jl/kneading/experiment/attempt-050/grid1000_seq12_tmax1e5_prefixes_remap40_newmodel_columns/column_0166.tsv to gs://carter-kneading-attempt048/attempt-050/grid1000_seq12_tmax1e5_prefixes_remap40_newmodel_columns/column_0166.tsv
Copying file:///home/carterhinsley/MultimodalMaps.jl/kneading/experiment/attempt-050/grid1000_seq12_tmax1e5_prefixes_remap40_newmodel_columns/column_0167.tsv to gs://carter-kneading-attempt048/attempt-050/grid1000_seq12_tmax1e5_prefixes_remap40_newmodel_columns/column_0167.tsv
Copying file:///home/carterhinsley/MultimodalMaps.jl/kneading/experiment/attempt-050/grid1000_seq12_tmax1e5_prefixes_remap40_newmodel_columns/column_0168.tsv to gs://carter-kneading-attempt048/attempt-050/grid1000_seq12_tmax1e5_prefixes_remap40_newmodel_columns/column_0168.tsv
Copying file:///home/carterhinsley/MultimodalMaps.jl/kneading/experiment/attempt-050/grid1000_seq12_tmax1e5_prefixes_remap40_newmodel_columns/column_0169.tsv to gs://carter-kneading-attempt048/attempt-050/grid1000_seq12_tmax1e5_prefixes_remap40_newmodel_columns/column_0169.tsv
Copying file:///home/carterhinsley/MultimodalMaps.jl/kneading/experiment/attempt-050/grid1000_seq12_tmax1e5_prefixes_remap40_newmodel_columns/column_0170.tsv to gs://carter-kneading-attempt048/attempt-050/grid1000_seq12_tmax1e5_prefixes_remap40_newmodel_columns/column_0170.tsv
Copying file:///home/carterhinsley/MultimodalMaps.jl/kneading/experiment/attempt-050/grid1000_seq12_tmax1e5_prefixes_remap40_newmodel_columns/column_0171.tsv to gs://carter-kneading-attempt048/attempt-050/grid1000_seq12_tmax1e5_prefixes_remap40_newmodel_columns/column_0171.tsv
Copying file:///home/carterhinsley/MultimodalMaps.jl/kneading/experiment/attempt-050/grid1000_seq12_tmax1e5_prefixes_remap40_newmodel_columns/column_0172.tsv to gs://carter-kneading-attempt048/attempt-050/grid1000_seq12_tmax1e5_prefixes_remap40_newmodel_columns/column_0172.tsv
Copying file:///home/carterhinsley/MultimodalMaps.jl/kneading/experiment/attempt-050/grid1000_seq12_tmax1e5_prefixes_remap40_newmodel_columns/column_0173.tsv to gs://carter-kneading-attempt048/attempt-050/grid1000_seq12_tmax1e5_prefixes_remap40_newmodel_columns/column_0173.tsv
Copying file:///home/carterhinsley/MultimodalMaps.jl/kneading/experiment/attempt-050/grid1000_seq12_tmax1e5_prefixes_remap40_newmodel_columns/column_0174.tsv to gs://carter-kneading-attempt048/attempt-050/grid1000_seq12_tmax1e5_prefixes_remap40_newmodel_columns/column_0174.tsv
Copying file:///home/carterhinsley/MultimodalMaps.jl/kneading/experiment/attempt-050/grid1000_seq12_tmax1e5_prefixes_remap40_newmodel_columns/column_0175.tsv to gs://carter-kneading-attempt048/attempt-050/grid1000_seq12_tmax1e5_prefixes_remap40_newmodel_columns/column_0175.tsv
Copying file:///home/carterhinsley/MultimodalMaps.jl/kneading/experiment/attempt-050/grid1000_seq12_tmax1e5_prefixes_remap40_newmodel_columns/column_0176.tsv to gs://carter-kneading-attempt048/attempt-050/grid1000_seq12_tmax1e5_prefixes_remap40_newmodel_columns/column_0176.tsv
Copying file:///home/carterhinsley/MultimodalMaps.jl/kneading/experiment/attempt-050/grid1000_seq12_tmax1e5_prefixes_remap40_newmodel_columns/column_0177.tsv to gs://carter-kneading-attempt048/attempt-050/grid1000_seq12_tmax1e5_prefixes_remap40_newmodel_columns/column_0177.tsv
Copying file:///home/carterhinsley/MultimodalMaps.jl/kneading/experiment/attempt-050/grid1000_seq12_tmax1e5_prefixes_remap40_newmodel_columns/column_0178.tsv to gs://carter-kneading-attempt048/attempt-050/grid1000_seq12_tmax1e5_prefixes_remap40_newmodel_columns/column_0178.tsv
Copying file:///home/carterhinsley/MultimodalMaps.jl/kneading/experiment/attempt-050/grid1000_seq12_tmax1e5_prefixes_remap40_newmodel_columns/column_0179.tsv to gs://carter-kneading-attempt048/attempt-050/grid1000_seq12_tmax1e5_prefixes_remap40_newmodel_columns/column_0179.tsv
Copying file:///home/carterhinsley/MultimodalMaps.jl/kneading/experiment/attempt-050/grid1000_seq12_tmax1e5_prefixes_remap40_newmodel_columns/column_0180.tsv to gs://carter-kneading-attempt048/attempt-050/grid1000_seq12_tmax1e5_prefixes_remap40_newmodel_columns/column_0180.tsv
Copying file:///home/carterhinsley/MultimodalMaps.jl/kneading/experiment/attempt-050/grid1000_seq12_tmax1e5_prefixes_remap40_newmodel_columns/column_0181.tsv to gs://carter-kneading-attempt048/attempt-050/grid1000_seq12_tmax1e5_prefixes_remap40_newmodel_columns/column_0181.tsv
Copying file:///home/carterhinsley/MultimodalMaps.jl/kneading/experiment/attempt-050/grid1000_seq12_tmax1e5_prefixes_remap40_newmodel_columns/column_0182.tsv to gs://carter-kneading-attempt048/attempt-050/grid1000_seq12_tmax1e5_prefixes_remap40_newmodel_columns/column_0182.tsv
Copying file:///home/carterhinsley/MultimodalMaps.jl/kneading/experiment/attempt-050/grid1000_seq12_tmax1e5_prefixes_remap40_newmodel_columns/column_0183.tsv to gs://carter-kneading-attempt048/attempt-050/grid1000_seq12_tmax1e5_prefixes_remap40_newmodel_columns/column_0183.tsv
Copying file:///home/carterhinsley/MultimodalMaps.jl/kneading/experiment/attempt-050/grid1000_seq12_tmax1e5_prefixes_remap40_newmodel_columns/column_0184.tsv to gs://carter-kneading-attempt048/attempt-050/grid1000_seq12_tmax1e5_prefixes_remap40_newmodel_columns/column_0184.tsv
Copying file:///home/carterhinsley/MultimodalMaps.jl/kneading/experiment/attempt-050/grid1000_seq12_tmax1e5_prefixes_remap40_newmodel_columns/column_0185.tsv to gs://carter-kneading-attempt048/attempt-050/grid1000_seq12_tmax1e5_prefixes_remap40_newmodel_columns/column_0185.tsv
Copying file:///home/carterhinsley/MultimodalMaps.jl/kneading/experiment/attempt-050/grid1000_seq12_tmax1e5_prefixes_remap40_newmodel_columns/column_0186.tsv to gs://carter-kneading-attempt048/attempt-050/grid1000_seq12_tmax1e5_prefixes_remap40_newmodel_columns/column_0186.tsv
Copying file:///home/carterhinsley/MultimodalMaps.jl/kneading/experiment/attempt-050/grid1000_seq12_tmax1e5_prefixes_remap40_newmodel_columns/column_0187.tsv to gs://carter-kneading-attempt048/attempt-050/grid1000_seq12_tmax1e5_prefixes_remap40_newmodel_columns/column_0187.tsv
Copying file:///home/carterhinsley/MultimodalMaps.jl/kneading/experiment/attempt-050/grid1000_seq12_tmax1e5_prefixes_remap40_newmodel_columns/column_0188.tsv to gs://carter-kneading-attempt048/attempt-050/grid1000_seq12_tmax1e5_prefixes_remap40_newmodel_columns/column_0188.tsv
Copying file:///home/carterhinsley/MultimodalMaps.jl/kneading/experiment/attempt-050/grid1000_seq12_tmax1e5_prefixes_remap40_newmodel_columns/column_0189.tsv to gs://carter-kneading-attempt048/attempt-050/grid1000_seq12_tmax1e5_prefixes_remap40_newmodel_columns/column_0189.tsv
Copying file:///home/carterhinsley/MultimodalMaps.jl/kneading/experiment/attempt-050/grid1000_seq12_tmax1e5_prefixes_remap40_newmodel_columns/column_0190.tsv to gs://carter-kneading-attempt048/attempt-050/grid1000_seq12_tmax1e5_prefixes_remap40_newmodel_columns/column_0190.tsv
Copying file:///home/carterhinsley/MultimodalMaps.jl/kneading/experiment/attempt-050/grid1000_seq12_tmax1e5_prefixes_remap40_newmodel_columns/column_0191.tsv to gs://carter-kneading-attempt048/attempt-050/grid1000_seq12_tmax1e5_prefixes_remap40_newmodel_columns/column_0191.tsv
Copying file:///home/carterhinsley/MultimodalMaps.jl/kneading/experiment/attempt-050/grid1000_seq12_tmax1e5_prefixes_remap40_newmodel_columns/column_0192.tsv to gs://carter-kneading-attempt048/attempt-050/grid1000_seq12_tmax1e5_prefixes_remap40_newmodel_columns/column_0192.tsv
Copying file:///home/carterhinsley/MultimodalMaps.jl/kneading/experiment/attempt-050/grid1000_seq12_tmax1e5_prefixes_remap40_newmodel_columns/column_0193.tsv to gs://carter-kneading-attempt048/attempt-050/grid1000_seq12_tmax1e5_prefixes_remap40_newmodel_columns/column_0193.tsv
Copying file:///home/carterhinsley/MultimodalMaps.jl/kneading/experiment/attempt-050/grid1000_seq12_tmax1e5_prefixes_remap40_newmodel_columns/column_0194.tsv to gs://carter-kneading-attempt048/attempt-050/grid1000_seq12_tmax1e5_prefixes_remap40_newmodel_columns/column_0194.tsv
Copying file:///home/carterhinsley/MultimodalMaps.jl/kneading/experiment/attempt-050/grid1000_seq12_tmax1e5_prefixes_remap40_newmodel_columns/column_0195.tsv to gs://carter-kneading-attempt048/attempt-050/grid1000_seq12_tmax1e5_prefixes_remap40_newmodel_columns/column_0195.tsv
Copying file:///home/carterhinsley/MultimodalMaps.jl/kneading/experiment/attempt-050/grid1000_seq12_tmax1e5_prefixes_remap40_newmodel_columns/column_0196.tsv to gs://carter-kneading-attempt048/attempt-050/grid1000_seq12_tmax1e5_prefixes_remap40_newmodel_columns/column_0196.tsv
Copying file:///home/carterhinsley/MultimodalMaps.jl/kneading/experiment/attempt-050/grid1000_seq12_tmax1e5_prefixes_remap40_newmodel_columns/column_0197.tsv to gs://carter-kneading-attempt048/attempt-050/grid1000_seq12_tmax1e5_prefixes_remap40_newmodel_columns/column_0197.tsv
Copying file:///home/carterhinsley/MultimodalMaps.jl/kneading/experiment/attempt-050/grid1000_seq12_tmax1e5_prefixes_remap40_newmodel_columns/column_0198.tsv to gs://carter-kneading-attempt048/attempt-050/grid1000_seq12_tmax1e5_prefixes_remap40_newmodel_columns/column_0198.tsv
Copying file:///home/carterhinsley/MultimodalMaps.jl/kneading/experiment/attempt-050/grid1000_seq12_tmax1e5_prefixes_remap40_newmodel_columns/column_0199.tsv to gs://carter-kneading-attempt048/attempt-050/grid1000_seq12_tmax1e5_prefixes_remap40_newmodel_columns/column_0199.tsv
Copying file:///home/carterhinsley/MultimodalMaps.jl/kneading/experiment/attempt-050/grid1000_seq12_tmax1e5_prefixes_remap40_newmodel_columns/column_0200.tsv to gs://carter-kneading-attempt048/attempt-050/grid1000_seq12_tmax1e5_prefixes_remap40_newmodel_columns/column_0200.tsv
Copying file:///home/carterhinsley/MultimodalMaps.jl/kneading/experiment/attempt-050/grid1000_seq12_tmax1e5_prefixes_remap40_newmodel_columns/column_0201.tsv to gs://carter-kneading-attempt048/attempt-050/grid1000_seq12_tmax1e5_prefixes_remap40_newmodel_columns/column_0201.tsv
Copying file:///home/carterhinsley/MultimodalMaps.jl/kneading/experiment/attempt-050/grid1000_seq12_tmax1e5_prefixes_remap40_newmodel_columns/column_0202.tsv to gs://carter-kneading-attempt048/attempt-050/grid1000_seq12_tmax1e5_prefixes_remap40_newmodel_columns/column_0202.tsv
Copying file:///home/carterhinsley/MultimodalMaps.jl/kneading/experiment/attempt-050/grid1000_seq12_tmax1e5_prefixes_remap40_newmodel_columns/column_0203.tsv to gs://carter-kneading-attempt048/attempt-050/grid1000_seq12_tmax1e5_prefixes_remap40_newmodel_columns/column_0203.tsv
Copying file:///home/carterhinsley/MultimodalMaps.jl/kneading/experiment/attempt-050/grid1000_seq12_tmax1e5_prefixes_remap40_newmodel_columns/column_0204.tsv to gs://carter-kneading-attempt048/attempt-050/grid1000_seq12_tmax1e5_prefixes_remap40_newmodel_columns/column_0204.tsv
Copying file:///home/carterhinsley/MultimodalMaps.jl/kneading/experiment/attempt-050/grid1000_seq12_tmax1e5_prefixes_remap40_newmodel_columns/column_0205.tsv to gs://carter-kneading-attempt048/attempt-050/grid1000_seq12_tmax1e5_prefixes_remap40_newmodel_columns/column_0205.tsv
Copying file:///home/carterhinsley/MultimodalMaps.jl/kneading/experiment/attempt-050/grid1000_seq12_tmax1e5_prefixes_remap40_newmodel_columns/column_0206.tsv to gs://carter-kneading-attempt048/attempt-050/grid1000_seq12_tmax1e5_prefixes_remap40_newmodel_columns/column_0206.tsv
Copying file:///home/carterhinsley/MultimodalMaps.jl/kneading/experiment/attempt-050/grid1000_seq12_tmax1e5_prefixes_remap40_newmodel_columns/column_0207.tsv to gs://carter-kneading-attempt048/attempt-050/grid1000_seq12_tmax1e5_prefixes_remap40_newmodel_columns/column_0207.tsv
Copying file:///home/carterhinsley/MultimodalMaps.jl/kneading/experiment/attempt-050/grid1000_seq12_tmax1e5_prefixes_remap40_newmodel_columns/column_0208.tsv to gs://carter-kneading-attempt048/attempt-050/grid1000_seq12_tmax1e5_prefixes_remap40_newmodel_columns/column_0208.tsv
Copying file:///home/carterhinsley/MultimodalMaps.jl/kneading/experiment/attempt-050/grid1000_seq12_tmax1e5_prefixes_remap40_newmodel_columns/column_0209.tsv to gs://carter-kneading-attempt048/attempt-050/grid1000_seq12_tmax1e5_prefixes_remap40_newmodel_columns/column_0209.tsv
Copying file:///home/carterhinsley/MultimodalMaps.jl/kneading/experiment/attempt-050/grid1000_seq12_tmax1e5_prefixes_remap40_newmodel_columns/column_0210.tsv to gs://carter-kneading-attempt048/attempt-050/grid1000_seq12_tmax1e5_prefixes_remap40_newmodel_columns/column_0210.tsv
Copying file:///home/carterhinsley/MultimodalMaps.jl/kneading/experiment/attempt-050/grid1000_seq12_tmax1e5_prefixes_remap40_newmodel_columns/column_0211.tsv to gs://carter-kneading-attempt048/attempt-050/grid1000_seq12_tmax1e5_prefixes_remap40_newmodel_columns/column_0211.tsv
Copying file:///home/carterhinsley/MultimodalMaps.jl/kneading/experiment/attempt-050/grid1000_seq12_tmax1e5_prefixes_remap40_newmodel_columns/column_0212.tsv to gs://carter-kneading-attempt048/attempt-050/grid1000_seq12_tmax1e5_prefixes_remap40_newmodel_columns/column_0212.tsv
Copying file:///home/carterhinsley/MultimodalMaps.jl/kneading/experiment/attempt-050/grid1000_seq12_tmax1e5_prefixes_remap40_newmodel_columns/column_0213.tsv to gs://carter-kneading-attempt048/attempt-050/grid1000_seq12_tmax1e5_prefixes_remap40_newmodel_columns/column_0213.tsv
Copying file:///home/carterhinsley/MultimodalMaps.jl/kneading/experiment/attempt-050/grid1000_seq12_tmax1e5_prefixes_remap40_newmodel_columns/column_0214.tsv to gs://carter-kneading-attempt048/attempt-050/grid1000_seq12_tmax1e5_prefixes_remap40_newmodel_columns/column_0214.tsv
Copying file:///home/carterhinsley/MultimodalMaps.jl/kneading/experiment/attempt-050/grid1000_seq12_tmax1e5_prefixes_remap40_newmodel_columns/column_0215.tsv to gs://carter-kneading-attempt048/attempt-050/grid1000_seq12_tmax1e5_prefixes_remap40_newmodel_columns/column_0215.tsv
Copying file:///home/carterhinsley/MultimodalMaps.jl/kneading/experiment/attempt-050/grid1000_seq12_tmax1e5_prefixes_remap40_newmodel_columns/column_0216.tsv to gs://carter-kneading-attempt048/attempt-050/grid1000_seq12_tmax1e5_prefixes_remap40_newmodel_columns/column_0216.tsv
Copying file:///home/carterhinsley/MultimodalMaps.jl/kneading/experiment/attempt-050/grid1000_seq12_tmax1e5_prefixes_remap40_newmodel_columns/column_0217.tsv to gs://carter-kneading-attempt048/attempt-050/grid1000_seq12_tmax1e5_prefixes_remap40_newmodel_columns/column_0217.tsv
Copying file:///home/carterhinsley/MultimodalMaps.jl/kneading/experiment/attempt-050/grid1000_seq12_tmax1e5_prefixes_remap40_newmodel_columns/column_0218.tsv to gs://carter-kneading-attempt048/attempt-050/grid1000_seq12_tmax1e5_prefixes_remap40_newmodel_columns/column_0218.tsv
Copying file:///home/carterhinsley/MultimodalMaps.jl/kneading/experiment/attempt-050/grid1000_seq12_tmax1e5_prefixes_remap40_newmodel_columns/column_0219.tsv to gs://carter-kneading-attempt048/attempt-050/grid1000_seq12_tmax1e5_prefixes_remap40_newmodel_columns/column_0219.tsv
Copying file:///home/carterhinsley/MultimodalMaps.jl/kneading/experiment/attempt-050/grid1000_seq12_tmax1e5_prefixes_remap40_newmodel_columns/column_0220.tsv to gs://carter-kneading-attempt048/attempt-050/grid1000_seq12_tmax1e5_prefixes_remap40_newmodel_columns/column_0220.tsv
Copying file:///home/carterhinsley/MultimodalMaps.jl/kneading/experiment/attempt-050/grid1000_seq12_tmax1e5_prefixes_remap40_newmodel_columns/column_0221.tsv to gs://carter-kneading-attempt048/attempt-050/grid1000_seq12_tmax1e5_prefixes_remap40_newmodel_columns/column_0221.tsv
Copying file:///home/carterhinsley/MultimodalMaps.jl/kneading/experiment/attempt-050/grid1000_seq12_tmax1e5_prefixes_remap40_newmodel_columns/column_0222.tsv to gs://carter-kneading-attempt048/attempt-050/grid1000_seq12_tmax1e5_prefixes_remap40_newmodel_columns/column_0222.tsv
Copying file:///home/carterhinsley/MultimodalMaps.jl/kneading/experiment/attempt-050/grid1000_seq12_tmax1e5_prefixes_remap40_newmodel_columns/column_0223.tsv to gs://carter-kneading-attempt048/attempt-050/grid1000_seq12_tmax1e5_prefixes_remap40_newmodel_columns/column_0223.tsv
Copying file:///home/carterhinsley/MultimodalMaps.jl/kneading/experiment/attempt-050/grid1000_seq12_tmax1e5_prefixes_remap40_newmodel_columns/column_0224.tsv to gs://carter-kneading-attempt048/attempt-050/grid1000_seq12_tmax1e5_prefixes_remap40_newmodel_columns/column_0224.tsv
Copying file:///home/carterhinsley/MultimodalMaps.jl/kneading/experiment/attempt-050/grid1000_seq12_tmax1e5_prefixes_remap40_newmodel_columns/column_0225.tsv to gs://carter-kneading-attempt048/attempt-050/grid1000_seq12_tmax1e5_prefixes_remap40_newmodel_columns/column_0225.tsv
Copying file:///home/carterhinsley/MultimodalMaps.jl/kneading/experiment/attempt-050/grid1000_seq12_tmax1e5_prefixes_remap40_newmodel_columns/column_0226.tsv to gs://carter-kneading-attempt048/attempt-050/grid1000_seq12_tmax1e5_prefixes_remap40_newmodel_columns/column_0226.tsv
Copying file:///home/carterhinsley/MultimodalMaps.jl/kneading/experiment/attempt-050/grid1000_seq12_tmax1e5_prefixes_remap40_newmodel_columns/column_0227.tsv to gs://carter-kneading-attempt048/attempt-050/grid1000_seq12_tmax1e5_prefixes_remap40_newmodel_columns/column_0227.tsv
Copying file:///home/carterhinsley/MultimodalMaps.jl/kneading/experiment/attempt-050/grid1000_seq12_tmax1e5_prefixes_remap40_newmodel_columns/column_0228.tsv to gs://carter-kneading-attempt048/attempt-050/grid1000_seq12_tmax1e5_prefixes_remap40_newmodel_columns/column_0228.tsv
Copying file:///home/carterhinsley/MultimodalMaps.jl/kneading/experiment/attempt-050/grid1000_seq12_tmax1e5_prefixes_remap40_newmodel_columns/column_0229.tsv to gs://carter-kneading-attempt048/attempt-050/grid1000_seq12_tmax1e5_prefixes_remap40_newmodel_columns/column_0229.tsv
Copying file:///home/carterhinsley/MultimodalMaps.jl/kneading/experiment/attempt-050/grid1000_seq12_tmax1e5_prefixes_remap40_newmodel_columns/column_0230.tsv to gs://carter-kneading-attempt048/attempt-050/grid1000_seq12_tmax1e5_prefixes_remap40_newmodel_columns/column_0230.tsv
Copying file:///home/carterhinsley/MultimodalMaps.jl/kneading/experiment/attempt-050/grid1000_seq12_tmax1e5_prefixes_remap40_newmodel_columns/column_0231.tsv to gs://carter-kneading-attempt048/attempt-050/grid1000_seq12_tmax1e5_prefixes_remap40_newmodel_columns/column_0231.tsv
Copying file:///home/carterhinsley/MultimodalMaps.jl/kneading/experiment/attempt-050/grid1000_seq12_tmax1e5_prefixes_remap40_newmodel_columns/column_0232.tsv to gs://carter-kneading-attempt048/attempt-050/grid1000_seq12_tmax1e5_prefixes_remap40_newmodel_columns/column_0232.tsv
Copying file:///home/carterhinsley/MultimodalMaps.jl/kneading/experiment/attempt-050/grid1000_seq12_tmax1e5_prefixes_remap40_newmodel_columns/column_0233.tsv to gs://carter-kneading-attempt048/attempt-050/grid1000_seq12_tmax1e5_prefixes_remap40_newmodel_columns/column_0233.tsv
Copying file:///home/carterhinsley/MultimodalMaps.jl/kneading/experiment/attempt-050/grid1000_seq12_tmax1e5_prefixes_remap40_newmodel_columns/column_0234.tsv to gs://carter-kneading-attempt048/attempt-050/grid1000_seq12_tmax1e5_prefixes_remap40_newmodel_columns/column_0234.tsv
Copying file:///home/carterhinsley/MultimodalMaps.jl/kneading/experiment/attempt-050/grid1000_seq12_tmax1e5_prefixes_remap40_newmodel_columns/column_0235.tsv to gs://carter-kneading-attempt048/attempt-050/grid1000_seq12_tmax1e5_prefixes_remap40_newmodel_columns/column_0235.tsv
Copying file:///home/carterhinsley/MultimodalMaps.jl/kneading/experiment/attempt-050/grid1000_seq12_tmax1e5_prefixes_remap40_newmodel_columns/column_0236.tsv to gs://carter-kneading-attempt048/attempt-050/grid1000_seq12_tmax1e5_prefixes_remap40_newmodel_columns/column_0236.tsv
Copying file:///home/carterhinsley/MultimodalMaps.jl/kneading/experiment/attempt-050/grid1000_seq12_tmax1e5_prefixes_remap40_newmodel_columns/column_0237.tsv to gs://carter-kneading-attempt048/attempt-050/grid1000_seq12_tmax1e5_prefixes_remap40_newmodel_columns/column_0237.tsv
Copying file:///home/carterhinsley/MultimodalMaps.jl/kneading/experiment/attempt-050/grid1000_seq12_tmax1e5_prefixes_remap40_newmodel_columns/column_0238.tsv to gs://carter-kneading-attempt048/attempt-050/grid1000_seq12_tmax1e5_prefixes_remap40_newmodel_columns/column_0238.tsv
Copying file:///home/carterhinsley/MultimodalMaps.jl/kneading/experiment/attempt-050/grid1000_seq12_tmax1e5_prefixes_remap40_newmodel_columns/column_0239.tsv to gs://carter-kneading-attempt048/attempt-050/grid1000_seq12_tmax1e5_prefixes_remap40_newmodel_columns/column_0239.tsv
Copying file:///home/carterhinsley/MultimodalMaps.jl/kneading/experiment/attempt-050/grid1000_seq12_tmax1e5_prefixes_remap40_newmodel_columns/column_0240.tsv to gs://carter-kneading-attempt048/attempt-050/grid1000_seq12_tmax1e5_prefixes_remap40_newmodel_columns/column_0240.tsv
Copying file:///home/carterhinsley/MultimodalMaps.jl/kneading/experiment/attempt-050/grid1000_seq12_tmax1e5_prefixes_remap40_newmodel_columns/column_0241.tsv to gs://carter-kneading-attempt048/attempt-050/grid1000_seq12_tmax1e5_prefixes_remap40_newmodel_columns/column_0241.tsv
Copying file:///home/carterhinsley/MultimodalMaps.jl/kneading/experiment/attempt-050/grid1000_seq12_tmax1e5_prefixes_remap40_newmodel_columns/column_0242.tsv to gs://carter-kneading-attempt048/attempt-050/grid1000_seq12_tmax1e5_prefixes_remap40_newmodel_columns/column_0242.tsv
Copying file:///home/carterhinsley/MultimodalMaps.jl/kneading/experiment/attempt-050/grid1000_seq12_tmax1e5_prefixes_remap40_newmodel_columns/column_0243.tsv to gs://carter-kneading-attempt048/attempt-050/grid1000_seq12_tmax1e5_prefixes_remap40_newmodel_columns/column_0243.tsv
Copying file:///home/carterhinsley/MultimodalMaps.jl/kneading/experiment/attempt-050/grid1000_seq12_tmax1e5_prefixes_remap40_newmodel_columns/column_0244.tsv to gs://carter-kneading-attempt048/attempt-050/grid1000_seq12_tmax1e5_prefixes_remap40_newmodel_columns/column_0244.tsv
Copying file:///home/carterhinsley/MultimodalMaps.jl/kneading/experiment/attempt-050/grid1000_seq12_tmax1e5_prefixes_remap40_newmodel_columns/column_0245.tsv to gs://carter-kneading-attempt048/attempt-050/grid1000_seq12_tmax1e5_prefixes_remap40_newmodel_columns/column_0245.tsv
Copying file:///home/carterhinsley/MultimodalMaps.jl/kneading/experiment/attempt-050/grid1000_seq12_tmax1e5_prefixes_remap40_newmodel_columns/column_0246.tsv to gs://carter-kneading-attempt048/attempt-050/grid1000_seq12_tmax1e5_prefixes_remap40_newmodel_columns/column_0246.tsv
Copying file:///home/carterhinsley/MultimodalMaps.jl/kneading/experiment/attempt-050/grid1000_seq12_tmax1e5_prefixes_remap40_newmodel_columns/column_0247.tsv to gs://carter-kneading-attempt048/attempt-050/grid1000_seq12_tmax1e5_prefixes_remap40_newmodel_columns/column_0247.tsv
Copying file:///home/carterhinsley/MultimodalMaps.jl/kneading/experiment/attempt-050/grid1000_seq12_tmax1e5_prefixes_remap40_newmodel_columns/column_0248.tsv to gs://carter-kneading-attempt048/attempt-050/grid1000_seq12_tmax1e5_prefixes_remap40_newmodel_columns/column_0248.tsv
Copying file:///home/carterhinsley/MultimodalMaps.jl/kneading/experiment/attempt-050/grid1000_seq12_tmax1e5_prefixes_remap40_newmodel_columns/column_0249.tsv to gs://carter-kneading-attempt048/attempt-050/grid1000_seq12_tmax1e5_prefixes_remap40_newmodel_columns/column_0249.tsv
Copying file:///home/carterhinsley/MultimodalMaps.jl/kneading/experiment/attempt-050/grid1000_seq12_tmax1e5_prefixes_remap40_newmodel_columns/column_0250.tsv to gs://carter-kneading-attempt048/attempt-050/grid1000_seq12_tmax1e5_prefixes_remap40_newmodel_columns/column_0250.tsv
Copying file:///home/carterhinsley/MultimodalMaps.jl/kneading/experiment/attempt-050/grid1000_seq12_tmax1e5_prefixes_remap40_newmodel_columns/column_0251.tsv to gs://carter-kneading-attempt048/attempt-050/grid1000_seq12_tmax1e5_prefixes_remap40_newmodel_columns/column_0251.tsv
Copying file:///home/carterhinsley/MultimodalMaps.jl/kneading/experiment/attempt-050/grid1000_seq12_tmax1e5_prefixes_remap40_newmodel_columns/column_0252.tsv to gs://carter-kneading-attempt048/attempt-050/grid1000_seq12_tmax1e5_prefixes_remap40_newmodel_columns/column_0252.tsv
Copying file:///home/carterhinsley/MultimodalMaps.jl/kneading/experiment/attempt-050/grid1000_seq12_tmax1e5_prefixes_remap40_newmodel_columns/column_0253.tsv to gs://carter-kneading-attempt048/attempt-050/grid1000_seq12_tmax1e5_prefixes_remap40_newmodel_columns/column_0253.tsv
Copying file:///home/carterhinsley/MultimodalMaps.jl/kneading/experiment/attempt-050/grid1000_seq12_tmax1e5_prefixes_remap40_newmodel_columns/column_0254.tsv to gs://carter-kneading-attempt048/attempt-050/grid1000_seq12_tmax1e5_prefixes_remap40_newmodel_columns/column_0254.tsv
Copying file:///home/carterhinsley/MultimodalMaps.jl/kneading/experiment/attempt-050/grid1000_seq12_tmax1e5_prefixes_remap40_newmodel_columns/column_0255.tsv to gs://carter-kneading-attempt048/attempt-050/grid1000_seq12_tmax1e5_prefixes_remap40_newmodel_columns/column_0255.tsv
Copying file:///home/carterhinsley/MultimodalMaps.jl/kneading/experiment/attempt-050/grid1000_seq12_tmax1e5_prefixes_remap40_newmodel_columns/column_0256.tsv to gs://carter-kneading-attempt048/attempt-050/grid1000_seq12_tmax1e5_prefixes_remap40_newmodel_columns/column_0256.tsv
Copying file:///home/carterhinsley/MultimodalMaps.jl/kneading/experiment/attempt-050/grid1000_seq12_tmax1e5_prefixes_remap40_newmodel_columns/column_0257.tsv to gs://carter-kneading-attempt048/attempt-050/grid1000_seq12_tmax1e5_prefixes_remap40_newmodel_columns/column_0257.tsv
Copying file:///home/carterhinsley/MultimodalMaps.jl/kneading/experiment/attempt-050/grid1000_seq12_tmax1e5_prefixes_remap40_newmodel_columns/column_0258.tsv to gs://carter-kneading-attempt048/attempt-050/grid1000_seq12_tmax1e5_prefixes_remap40_newmodel_columns/column_0258.tsv
Copying file:///home/carterhinsley/MultimodalMaps.jl/kneading/experiment/attempt-050/grid1000_seq12_tmax1e5_prefixes_remap40_newmodel_columns/column_0259.tsv to gs://carter-kneading-attempt048/attempt-050/grid1000_seq12_tmax1e5_prefixes_remap40_newmodel_columns/column_0259.tsv
Copying file:///home/carterhinsley/MultimodalMaps.jl/kneading/experiment/attempt-050/grid1000_seq12_tmax1e5_prefixes_remap40_newmodel_columns/column_0260.tsv to gs://carter-kneading-attempt048/attempt-050/grid1000_seq12_tmax1e5_prefixes_remap40_newmodel_columns/column_0260.tsv
Copying file:///home/carterhinsley/MultimodalMaps.jl/kneading/experiment/attempt-050/grid1000_seq12_tmax1e5_prefixes_remap40_newmodel_columns/column_0261.tsv to gs://carter-kneading-attempt048/attempt-050/grid1000_seq12_tmax1e5_prefixes_remap40_newmodel_columns/column_0261.tsv
Copying file:///home/carterhinsley/MultimodalMaps.jl/kneading/experiment/attempt-050/grid1000_seq12_tmax1e5_prefixes_remap40_newmodel_columns/column_0262.tsv to gs://carter-kneading-attempt048/attempt-050/grid1000_seq12_tmax1e5_prefixes_remap40_newmodel_columns/column_0262.tsv
Copying file:///home/carterhinsley/MultimodalMaps.jl/kneading/experiment/attempt-050/grid1000_seq12_tmax1e5_prefixes_remap40_newmodel_columns/column_0263.tsv to gs://carter-kneading-attempt048/attempt-050/grid1000_seq12_tmax1e5_prefixes_remap40_newmodel_columns/column_0263.tsv
Copying file:///home/carterhinsley/MultimodalMaps.jl/kneading/experiment/attempt-050/grid1000_seq12_tmax1e5_prefixes_remap40_newmodel_columns/column_0264.tsv to gs://carter-kneading-attempt048/attempt-050/grid1000_seq12_tmax1e5_prefixes_remap40_newmodel_columns/column_0264.tsv
Copying file:///home/carterhinsley/MultimodalMaps.jl/kneading/experiment/attempt-050/grid1000_seq12_tmax1e5_prefixes_remap40_newmodel_columns/column_0265.tsv to gs://carter-kneading-attempt048/attempt-050/grid1000_seq12_tmax1e5_prefixes_remap40_newmodel_columns/column_0265.tsv
Copying file:///home/carterhinsley/MultimodalMaps.jl/kneading/experiment/attempt-050/grid1000_seq12_tmax1e5_prefixes_remap40_newmodel_columns/column_0266.tsv to gs://carter-kneading-attempt048/attempt-050/grid1000_seq12_tmax1e5_prefixes_remap40_newmodel_columns/column_0266.tsv
Copying file:///home/carterhinsley/MultimodalMaps.jl/kneading/experiment/attempt-050/grid1000_seq12_tmax1e5_prefixes_remap40_newmodel_columns/column_0267.tsv to gs://carter-kneading-attempt048/attempt-050/grid1000_seq12_tmax1e5_prefixes_remap40_newmodel_columns/column_0267.tsv
Copying file:///home/carterhinsley/MultimodalMaps.jl/kneading/experiment/attempt-050/grid1000_seq12_tmax1e5_prefixes_remap40_newmodel_columns/column_0268.tsv to gs://carter-kneading-attempt048/attempt-050/grid1000_seq12_tmax1e5_prefixes_remap40_newmodel_columns/column_0268.tsv
Copying file:///home/carterhinsley/MultimodalMaps.jl/kneading/experiment/attempt-050/grid1000_seq12_tmax1e5_prefixes_remap40_newmodel_columns/column_0269.tsv to gs://carter-kneading-attempt048/attempt-050/grid1000_seq12_tmax1e5_prefixes_remap40_newmodel_columns/column_0269.tsv
Copying file:///home/carterhinsley/MultimodalMaps.jl/kneading/experiment/attempt-050/grid1000_seq12_tmax1e5_prefixes_remap40_newmodel_columns/column_0270.tsv to gs://carter-kneading-attempt048/attempt-050/grid1000_seq12_tmax1e5_prefixes_remap40_newmodel_columns/column_0270.tsv
Copying file:///home/carterhinsley/MultimodalMaps.jl/kneading/experiment/attempt-050/grid1000_seq12_tmax1e5_prefixes_remap40_newmodel_columns/column_0271.tsv to gs://carter-kneading-attempt048/attempt-050/grid1000_seq12_tmax1e5_prefixes_remap40_newmodel_columns/column_0271.tsv
Copying file:///home/carterhinsley/MultimodalMaps.jl/kneading/experiment/attempt-050/grid1000_seq12_tmax1e5_prefixes_remap40_newmodel_columns/column_0272.tsv to gs://carter-kneading-attempt048/attempt-050/grid1000_seq12_tmax1e5_prefixes_remap40_newmodel_columns/column_0272.tsv
Copying file:///home/carterhinsley/MultimodalMaps.jl/kneading/experiment/attempt-050/grid1000_seq12_tmax1e5_prefixes_remap40_newmodel_columns/column_0273.tsv to gs://carter-kneading-attempt048/attempt-050/grid1000_seq12_tmax1e5_prefixes_remap40_newmodel_columns/column_0273.tsv
Copying file:///home/carterhinsley/MultimodalMaps.jl/kneading/experiment/attempt-050/grid1000_seq12_tmax1e5_prefixes_remap40_newmodel_columns/column_0274.tsv to gs://carter-kneading-attempt048/attempt-050/grid1000_seq12_tmax1e5_prefixes_remap40_newmodel_columns/column_0274.tsv
Copying file:///home/carterhinsley/MultimodalMaps.jl/kneading/experiment/attempt-050/grid1000_seq12_tmax1e5_prefixes_remap40_newmodel_columns/column_0275.tsv to gs://carter-kneading-attempt048/attempt-050/grid1000_seq12_tmax1e5_prefixes_remap40_newmodel_columns/column_0275.tsv
Copying file:///home/carterhinsley/MultimodalMaps.jl/kneading/experiment/attempt-050/grid1000_seq12_tmax1e5_prefixes_remap40_newmodel_columns/column_0276.tsv to gs://carter-kneading-attempt048/attempt-050/grid1000_seq12_tmax1e5_prefixes_remap40_newmodel_columns/column_0276.tsv
Copying file:///home/carterhinsley/MultimodalMaps.jl/kneading/experiment/attempt-050/grid1000_seq12_tmax1e5_prefixes_remap40_newmodel_columns/column_0277.tsv to gs://carter-kneading-attempt048/attempt-050/grid1000_seq12_tmax1e5_prefixes_remap40_newmodel_columns/column_0277.tsv
Copying file:///home/carterhinsley/MultimodalMaps.jl/kneading/experiment/attempt-050/grid1000_seq12_tmax1e5_prefixes_remap40_newmodel_columns/column_0278.tsv to gs://carter-kneading-attempt048/attempt-050/grid1000_seq12_tmax1e5_prefixes_remap40_newmodel_columns/column_0278.tsv
Copying file:///home/carterhinsley/MultimodalMaps.jl/kneading/experiment/attempt-050/grid1000_seq12_tmax1e5_prefixes_remap40_newmodel_columns/column_0279.tsv to gs://carter-kneading-attempt048/attempt-050/grid1000_seq12_tmax1e5_prefixes_remap40_newmodel_columns/column_0279.tsv
Copying file:///home/carterhinsley/MultimodalMaps.jl/kneading/experiment/attempt-050/grid1000_seq12_tmax1e5_prefixes_remap40_newmodel_columns/column_0280.tsv to gs://carter-kneading-attempt048/attempt-050/grid1000_seq12_tmax1e5_prefixes_remap40_newmodel_columns/column_0280.tsv
Copying file:///home/carterhinsley/MultimodalMaps.jl/kneading/experiment/attempt-050/grid1000_seq12_tmax1e5_prefixes_remap40_newmodel_columns/column_0281.tsv to gs://carter-kneading-attempt048/attempt-050/grid1000_seq12_tmax1e5_prefixes_remap40_newmodel_columns/column_0281.tsv
.Copying file:///home/carterhinsley/MultimodalMaps.jl/kneading/experiment/attempt-050/grid1000_seq12_tmax1e5_prefixes_remap40_newmodel_columns/column_0282.tsv to gs://carter-kneading-attempt048/attempt-050/grid1000_seq12_tmax1e5_prefixes_remap40_newmodel_columns/column_0282.tsv
Copying file:///home/carterhinsley/MultimodalMaps.jl/kneading/experiment/attempt-050/grid1000_seq12_tmax1e5_prefixes_remap40_newmodel_columns/column_0283.tsv to gs://carter-kneading-attempt048/attempt-050/grid1000_seq12_tmax1e5_prefixes_remap40_newmodel_columns/column_0283.tsv
Copying file:///home/carterhinsley/MultimodalMaps.jl/kneading/experiment/attempt-050/grid1000_seq12_tmax1e5_prefixes_remap40_newmodel_columns/column_0284.tsv to gs://carter-kneading-attempt048/attempt-050/grid1000_seq12_tmax1e5_prefixes_remap40_newmodel_columns/column_0284.tsv
Copying file:///home/carterhinsley/MultimodalMaps.jl/kneading/experiment/attempt-050/grid1000_seq12_tmax1e5_prefixes_remap40_newmodel_columns/column_0285.tsv to gs://carter-kneading-attempt048/attempt-050/grid1000_seq12_tmax1e5_prefixes_remap40_newmodel_columns/column_0285.tsv
Copying file:///home/carterhinsley/MultimodalMaps.jl/kneading/experiment/attempt-050/grid1000_seq12_tmax1e5_prefixes_remap40_newmodel_columns/column_0286.tsv to gs://carter-kneading-attempt048/attempt-050/grid1000_seq12_tmax1e5_prefixes_remap40_newmodel_columns/column_0286.tsv
Copying file:///home/carterhinsley/MultimodalMaps.jl/kneading/experiment/attempt-050/grid1000_seq12_tmax1e5_prefixes_remap40_newmodel_columns/column_0287.tsv to gs://carter-kneading-attempt048/attempt-050/grid1000_seq12_tmax1e5_prefixes_remap40_newmodel_columns/column_0287.tsv
Copying file:///home/carterhinsley/MultimodalMaps.jl/kneading/experiment/attempt-050/grid1000_seq12_tmax1e5_prefixes_remap40_newmodel_columns/column_0288.tsv to gs://carter-kneading-attempt048/attempt-050/grid1000_seq12_tmax1e5_prefixes_remap40_newmodel_columns/column_0288.tsv
Copying file:///home/carterhinsley/MultimodalMaps.jl/kneading/experiment/attempt-050/grid1000_seq12_tmax1e5_prefixes_remap40_newmodel_columns/column_0289.tsv to gs://carter-kneading-attempt048/attempt-050/grid1000_seq12_tmax1e5_prefixes_remap40_newmodel_columns/column_0289.tsv
Copying file:///home/carterhinsley/MultimodalMaps.jl/kneading/experiment/attempt-050/grid1000_seq12_tmax1e5_prefixes_remap40_newmodel_columns/column_0290.tsv to gs://carter-kneading-attempt048/attempt-050/grid1000_seq12_tmax1e5_prefixes_remap40_newmodel_columns/column_0290.tsv
Copying file:///home/carterhinsley/MultimodalMaps.jl/kneading/experiment/attempt-050/grid1000_seq12_tmax1e5_prefixes_remap40_newmodel_columns/column_0291.tsv to gs://carter-kneading-attempt048/attempt-050/grid1000_seq12_tmax1e5_prefixes_remap40_newmodel_columns/column_0291.tsv
Copying file:///home/carterhinsley/MultimodalMaps.jl/kneading/experiment/attempt-050/grid1000_seq12_tmax1e5_prefixes_remap40_newmodel_columns/column_0292.tsv to gs://carter-kneading-attempt048/attempt-050/grid1000_seq12_tmax1e5_prefixes_remap40_newmodel_columns/column_0292.tsv
Copying file:///home/carterhinsley/MultimodalMaps.jl/kneading/experiment/attempt-050/grid1000_seq12_tmax1e5_prefixes_remap40_newmodel_columns/column_0293.tsv to gs://carter-kneading-attempt048/attempt-050/grid1000_seq12_tmax1e5_prefixes_remap40_newmodel_columns/column_0293.tsv
Copying file:///home/carterhinsley/MultimodalMaps.jl/kneading/experiment/attempt-050/grid1000_seq12_tmax1e5_prefixes_remap40_newmodel_columns/column_0294.tsv to gs://carter-kneading-attempt048/attempt-050/grid1000_seq12_tmax1e5_prefixes_remap40_newmodel_columns/column_0294.tsv
Copying file:///home/carterhinsley/MultimodalMaps.jl/kneading/experiment/attempt-050/grid1000_seq12_tmax1e5_prefixes_remap40_newmodel_columns/column_0295.tsv to gs://carter-kneading-attempt048/attempt-050/grid1000_seq12_tmax1e5_prefixes_remap40_newmodel_columns/column_0295.tsv
Copying file:///home/carterhinsley/MultimodalMaps.jl/kneading/experiment/attempt-050/grid1000_seq12_tmax1e5_prefixes_remap40_newmodel_columns/column_0296.tsv to gs://carter-kneading-attempt048/attempt-050/grid1000_seq12_tmax1e5_prefixes_remap40_newmodel_columns/column_0296.tsv
Copying file:///home/carterhinsley/MultimodalMaps.jl/kneading/experiment/attempt-050/grid1000_seq12_tmax1e5_prefixes_remap40_newmodel_columns/column_0297.tsv to gs://carter-kneading-attempt048/attempt-050/grid1000_seq12_tmax1e5_prefixes_remap40_newmodel_columns/column_0297.tsv
Copying file:///home/carterhinsley/MultimodalMaps.jl/kneading/experiment/attempt-050/grid1000_seq12_tmax1e5_prefixes_remap40_newmodel_columns/column_0298.tsv to gs://carter-kneading-attempt048/attempt-050/grid1000_seq12_tmax1e5_prefixes_remap40_newmodel_columns/column_0298.tsv
Copying file:///home/carterhinsley/MultimodalMaps.jl/kneading/experiment/attempt-050/grid1000_seq12_tmax1e5_prefixes_remap40_newmodel_columns/column_0299.tsv to gs://carter-kneading-attempt048/attempt-050/grid1000_seq12_tmax1e5_prefixes_remap40_newmodel_columns/column_0299.tsv
Copying file:///home/carterhinsley/MultimodalMaps.jl/kneading/experiment/attempt-050/grid1000_seq12_tmax1e5_prefixes_remap40_newmodel_columns/column_0300.tsv to gs://carter-kneading-attempt048/attempt-050/grid1000_seq12_tmax1e5_prefixes_remap40_newmodel_columns/column_0300.tsv
Copying file:///home/carterhinsley/MultimodalMaps.jl/kneading/experiment/attempt-050/grid1000_seq12_tmax1e5_prefixes_remap40_newmodel_columns/column_0301.tsv to gs://carter-kneading-attempt048/attempt-050/grid1000_seq12_tmax1e5_prefixes_remap40_newmodel_columns/column_0301.tsv
Copying file:///home/carterhinsley/MultimodalMaps.jl/kneading/experiment/attempt-050/grid1000_seq12_tmax1e5_prefixes_remap40_newmodel_columns/column_0302.tsv to gs://carter-kneading-attempt048/attempt-050/grid1000_seq12_tmax1e5_prefixes_remap40_newmodel_columns/column_0302.tsv
Copying file:///home/carterhinsley/MultimodalMaps.jl/kneading/experiment/attempt-050/grid1000_seq12_tmax1e5_prefixes_remap40_newmodel_columns/column_0303.tsv to gs://carter-kneading-attempt048/attempt-050/grid1000_seq12_tmax1e5_prefixes_remap40_newmodel_columns/column_0303.tsv
Copying file:///home/carterhinsley/MultimodalMaps.jl/kneading/experiment/attempt-050/grid1000_seq12_tmax1e5_prefixes_remap40_newmodel_columns/column_0304.tsv to gs://carter-kneading-attempt048/attempt-050/grid1000_seq12_tmax1e5_prefixes_remap40_newmodel_columns/column_0304.tsv
Copying file:///home/carterhinsley/MultimodalMaps.jl/kneading/experiment/attempt-050/grid1000_seq12_tmax1e5_prefixes_remap40_newmodel_columns/column_0305.tsv to gs://carter-kneading-attempt048/attempt-050/grid1000_seq12_tmax1e5_prefixes_remap40_newmodel_columns/column_0305.tsv
Copying file:///home/carterhinsley/MultimodalMaps.jl/kneading/experiment/attempt-050/grid1000_seq12_tmax1e5_prefixes_remap40_newmodel_columns/column_0306.tsv to gs://carter-kneading-attempt048/attempt-050/grid1000_seq12_tmax1e5_prefixes_remap40_newmodel_columns/column_0306.tsv
Copying file:///home/carterhinsley/MultimodalMaps.jl/kneading/experiment/attempt-050/grid1000_seq12_tmax1e5_prefixes_remap40_newmodel_columns/column_0307.tsv to gs://carter-kneading-attempt048/attempt-050/grid1000_seq12_tmax1e5_prefixes_remap40_newmodel_columns/column_0307.tsv
Copying file:///home/carterhinsley/MultimodalMaps.jl/kneading/experiment/attempt-050/grid1000_seq12_tmax1e5_prefixes_remap40_newmodel_columns/column_0308.tsv to gs://carter-kneading-attempt048/attempt-050/grid1000_seq12_tmax1e5_prefixes_remap40_newmodel_columns/column_0308.tsv
Copying file:///home/carterhinsley/MultimodalMaps.jl/kneading/experiment/attempt-050/grid1000_seq12_tmax1e5_prefixes_remap40_newmodel_columns/column_0309.tsv to gs://carter-kneading-attempt048/attempt-050/grid1000_seq12_tmax1e5_prefixes_remap40_newmodel_columns/column_0309.tsv
Copying file:///home/carterhinsley/MultimodalMaps.jl/kneading/experiment/attempt-050/grid1000_seq12_tmax1e5_prefixes_remap40_newmodel_columns/column_0310.tsv to gs://carter-kneading-attempt048/attempt-050/grid1000_seq12_tmax1e5_prefixes_remap40_newmodel_columns/column_0310.tsv
Copying file:///home/carterhinsley/MultimodalMaps.jl/kneading/experiment/attempt-050/grid1000_seq12_tmax1e5_prefixes_remap40_newmodel_columns/column_0311.tsv to gs://carter-kneading-attempt048/attempt-050/grid1000_seq12_tmax1e5_prefixes_remap40_newmodel_columns/column_0311.tsv
Copying file:///home/carterhinsley/MultimodalMaps.jl/kneading/experiment/attempt-050/grid1000_seq12_tmax1e5_prefixes_remap40_newmodel_columns/column_0312.tsv to gs://carter-kneading-attempt048/attempt-050/grid1000_seq12_tmax1e5_prefixes_remap40_newmodel_columns/column_0312.tsv
Copying file:///home/carterhinsley/MultimodalMaps.jl/kneading/experiment/attempt-050/grid1000_seq12_tmax1e5_prefixes_remap40_newmodel_columns/column_0313.tsv to gs://carter-kneading-attempt048/attempt-050/grid1000_seq12_tmax1e5_prefixes_remap40_newmodel_columns/column_0313.tsv
Copying file:///home/carterhinsley/MultimodalMaps.jl/kneading/experiment/attempt-050/grid1000_seq12_tmax1e5_prefixes_remap40_newmodel_columns/column_0314.tsv to gs://carter-kneading-attempt048/attempt-050/grid1000_seq12_tmax1e5_prefixes_remap40_newmodel_columns/column_0314.tsv
Copying file:///home/carterhinsley/MultimodalMaps.jl/kneading/experiment/attempt-050/grid1000_seq12_tmax1e5_prefixes_remap40_newmodel_columns/column_0315.tsv to gs://carter-kneading-attempt048/attempt-050/grid1000_seq12_tmax1e5_prefixes_remap40_newmodel_columns/column_0315.tsv
Copying file:///home/carterhinsley/MultimodalMaps.jl/kneading/experiment/attempt-050/grid1000_seq12_tmax1e5_prefixes_remap40_newmodel_columns/column_0316.tsv to gs://carter-kneading-attempt048/attempt-050/grid1000_seq12_tmax1e5_prefixes_remap40_newmodel_columns/column_0316.tsv
Copying file:///home/carterhinsley/MultimodalMaps.jl/kneading/experiment/attempt-050/grid1000_seq12_tmax1e5_prefixes_remap40_newmodel_columns/column_0317.tsv to gs://carter-kneading-attempt048/attempt-050/grid1000_seq12_tmax1e5_prefixes_remap40_newmodel_columns/column_0317.tsv
Copying file:///home/carterhinsley/MultimodalMaps.jl/kneading/experiment/attempt-050/grid1000_seq12_tmax1e5_prefixes_remap40_newmodel_columns/column_0318.tsv to gs://carter-kneading-attempt048/attempt-050/grid1000_seq12_tmax1e5_prefixes_remap40_newmodel_columns/column_0318.tsv
Copying file:///home/carterhinsley/MultimodalMaps.jl/kneading/experiment/attempt-050/grid1000_seq12_tmax1e5_prefixes_remap40_newmodel_columns/column_0319.tsv to gs://carter-kneading-attempt048/attempt-050/grid1000_seq12_tmax1e5_prefixes_remap40_newmodel_columns/column_0319.tsv
Copying file:///home/carterhinsley/MultimodalMaps.jl/kneading/experiment/attempt-050/grid1000_seq12_tmax1e5_prefixes_remap40_newmodel_columns/column_0320.tsv to gs://carter-kneading-attempt048/attempt-050/grid1000_seq12_tmax1e5_prefixes_remap40_newmodel_columns/column_0320.tsv
Copying file:///home/carterhinsley/MultimodalMaps.jl/kneading/experiment/attempt-050/grid1000_seq12_tmax1e5_prefixes_remap40_newmodel_columns/column_0321.tsv to gs://carter-kneading-attempt048/attempt-050/grid1000_seq12_tmax1e5_prefixes_remap40_newmodel_columns/column_0321.tsv
Copying file:///home/carterhinsley/MultimodalMaps.jl/kneading/experiment/attempt-050/grid1000_seq12_tmax1e5_prefixes_remap40_newmodel_columns/column_0322.tsv to gs://carter-kneading-attempt048/attempt-050/grid1000_seq12_tmax1e5_prefixes_remap40_newmodel_columns/column_0322.tsv
Copying file:///home/carterhinsley/MultimodalMaps.jl/kneading/experiment/attempt-050/grid1000_seq12_tmax1e5_prefixes_remap40_newmodel_columns/column_0323.tsv to gs://carter-kneading-attempt048/attempt-050/grid1000_seq12_tmax1e5_prefixes_remap40_newmodel_columns/column_0323.tsv
Copying file:///home/carterhinsley/MultimodalMaps.jl/kneading/experiment/attempt-050/grid1000_seq12_tmax1e5_prefixes_remap40_newmodel_columns/column_0324.tsv to gs://carter-kneading-attempt048/attempt-050/grid1000_seq12_tmax1e5_prefixes_remap40_newmodel_columns/column_0324.tsv
Copying file:///home/carterhinsley/MultimodalMaps.jl/kneading/experiment/attempt-050/grid1000_seq12_tmax1e5_prefixes_remap40_newmodel_columns/column_0325.tsv to gs://carter-kneading-attempt048/attempt-050/grid1000_seq12_tmax1e5_prefixes_remap40_newmodel_columns/column_0325.tsv
Copying file:///home/carterhinsley/MultimodalMaps.jl/kneading/experiment/attempt-050/grid1000_seq12_tmax1e5_prefixes_remap40_newmodel_columns/column_0326.tsv to gs://carter-kneading-attempt048/attempt-050/grid1000_seq12_tmax1e5_prefixes_remap40_newmodel_columns/column_0326.tsv
Copying file:///home/carterhinsley/MultimodalMaps.jl/kneading/experiment/attempt-050/grid1000_seq12_tmax1e5_prefixes_remap40_newmodel_columns/column_0327.tsv to gs://carter-kneading-attempt048/attempt-050/grid1000_seq12_tmax1e5_prefixes_remap40_newmodel_columns/column_0327.tsv
Copying file:///home/carterhinsley/MultimodalMaps.jl/kneading/experiment/attempt-050/grid1000_seq12_tmax1e5_prefixes_remap40_newmodel_columns/column_0328.tsv to gs://carter-kneading-attempt048/attempt-050/grid1000_seq12_tmax1e5_prefixes_remap40_newmodel_columns/column_0328.tsv
Copying file:///home/carterhinsley/MultimodalMaps.jl/kneading/experiment/attempt-050/grid1000_seq12_tmax1e5_prefixes_remap40_newmodel_columns/column_0329.tsv to gs://carter-kneading-attempt048/attempt-050/grid1000_seq12_tmax1e5_prefixes_remap40_newmodel_columns/column_0329.tsv
Copying file:///home/carterhinsley/MultimodalMaps.jl/kneading/experiment/attempt-050/grid1000_seq12_tmax1e5_prefixes_remap40_newmodel_columns/column_0330.tsv to gs://carter-kneading-attempt048/attempt-050/grid1000_seq12_tmax1e5_prefixes_remap40_newmodel_columns/column_0330.tsv
Copying file:///home/carterhinsley/MultimodalMaps.jl/kneading/experiment/attempt-050/grid1000_seq12_tmax1e5_prefixes_remap40_newmodel_columns/column_0331.tsv to gs://carter-kneading-attempt048/attempt-050/grid1000_seq12_tmax1e5_prefixes_remap40_newmodel_columns/column_0331.tsv
Copying file:///home/carterhinsley/MultimodalMaps.jl/kneading/experiment/attempt-050/grid1000_seq12_tmax1e5_prefixes_remap40_newmodel_columns/column_0332.tsv to gs://carter-kneading-attempt048/attempt-050/grid1000_seq12_tmax1e5_prefixes_remap40_newmodel_columns/column_0332.tsv
Copying file:///home/carterhinsley/MultimodalMaps.jl/kneading/experiment/attempt-050/grid1000_seq12_tmax1e5_prefixes_remap40_newmodel_columns/column_0333.tsv to gs://carter-kneading-attempt048/attempt-050/grid1000_seq12_tmax1e5_prefixes_remap40_newmodel_columns/column_0333.tsv
Copying file:///home/carterhinsley/MultimodalMaps.jl/kneading/experiment/attempt-050/grid1000_seq12_tmax1e5_prefixes_remap40_newmodel_columns/column_0334.tsv to gs://carter-kneading-attempt048/attempt-050/grid1000_seq12_tmax1e5_prefixes_remap40_newmodel_columns/column_0334.tsv
Copying file:///home/carterhinsley/MultimodalMaps.jl/kneading/experiment/attempt-050/grid1000_seq12_tmax1e5_prefixes_remap40_newmodel_columns/column_0335.tsv to gs://carter-kneading-attempt048/attempt-050/grid1000_seq12_tmax1e5_prefixes_remap40_newmodel_columns/column_0335.tsv
Copying file:///home/carterhinsley/MultimodalMaps.jl/kneading/experiment/attempt-050/grid1000_seq12_tmax1e5_prefixes_remap40_newmodel_columns/column_0336.tsv to gs://carter-kneading-attempt048/attempt-050/grid1000_seq12_tmax1e5_prefixes_remap40_newmodel_columns/column_0336.tsv
Copying file:///home/carterhinsley/MultimodalMaps.jl/kneading/experiment/attempt-050/grid1000_seq12_tmax1e5_prefixes_remap40_newmodel_columns/column_0337.tsv to gs://carter-kneading-attempt048/attempt-050/grid1000_seq12_tmax1e5_prefixes_remap40_newmodel_columns/column_0337.tsv
Copying file:///home/carterhinsley/MultimodalMaps.jl/kneading/experiment/attempt-050/grid1000_seq12_tmax1e5_prefixes_remap40_newmodel_columns/column_0338.tsv to gs://carter-kneading-attempt048/attempt-050/grid1000_seq12_tmax1e5_prefixes_remap40_newmodel_columns/column_0338.tsv
Copying file:///home/carterhinsley/MultimodalMaps.jl/kneading/experiment/attempt-050/grid1000_seq12_tmax1e5_prefixes_remap40_newmodel_columns/column_0339.tsv to gs://carter-kneading-attempt048/attempt-050/grid1000_seq12_tmax1e5_prefixes_remap40_newmodel_columns/column_0339.tsv
Copying file:///home/carterhinsley/MultimodalMaps.jl/kneading/experiment/attempt-050/grid1000_seq12_tmax1e5_prefixes_remap40_newmodel_columns/column_0340.tsv to gs://carter-kneading-attempt048/attempt-050/grid1000_seq12_tmax1e5_prefixes_remap40_newmodel_columns/column_0340.tsv
Copying file:///home/carterhinsley/MultimodalMaps.jl/kneading/experiment/attempt-050/grid1000_seq12_tmax1e5_prefixes_remap40_newmodel_columns/column_0341.tsv to gs://carter-kneading-attempt048/attempt-050/grid1000_seq12_tmax1e5_prefixes_remap40_newmodel_columns/column_0341.tsv
Copying file:///home/carterhinsley/MultimodalMaps.jl/kneading/experiment/attempt-050/grid1000_seq12_tmax1e5_prefixes_remap40_newmodel_columns/column_0342.tsv to gs://carter-kneading-attempt048/attempt-050/grid1000_seq12_tmax1e5_prefixes_remap40_newmodel_columns/column_0342.tsv
Copying file:///home/carterhinsley/MultimodalMaps.jl/kneading/experiment/attempt-050/grid1000_seq12_tmax1e5_prefixes_remap40_newmodel_columns/column_0343.tsv to gs://carter-kneading-attempt048/attempt-050/grid1000_seq12_tmax1e5_prefixes_remap40_newmodel_columns/column_0343.tsv
Copying file:///home/carterhinsley/MultimodalMaps.jl/kneading/experiment/attempt-050/grid1000_seq12_tmax1e5_prefixes_remap40_newmodel_columns/column_0344.tsv to gs://carter-kneading-attempt048/attempt-050/grid1000_seq12_tmax1e5_prefixes_remap40_newmodel_columns/column_0344.tsv
Copying file:///home/carterhinsley/MultimodalMaps.jl/kneading/experiment/attempt-050/grid1000_seq12_tmax1e5_prefixes_remap40_newmodel_columns/column_0345.tsv to gs://carter-kneading-attempt048/attempt-050/grid1000_seq12_tmax1e5_prefixes_remap40_newmodel_columns/column_0345.tsv
Copying file:///home/carterhinsley/MultimodalMaps.jl/kneading/experiment/attempt-050/grid1000_seq12_tmax1e5_prefixes_remap40_newmodel_columns/column_0346.tsv to gs://carter-kneading-attempt048/attempt-050/grid1000_seq12_tmax1e5_prefixes_remap40_newmodel_columns/column_0346.tsv
Copying file:///home/carterhinsley/MultimodalMaps.jl/kneading/experiment/attempt-050/grid1000_seq12_tmax1e5_prefixes_remap40_newmodel_columns/column_0347.tsv to gs://carter-kneading-attempt048/attempt-050/grid1000_seq12_tmax1e5_prefixes_remap40_newmodel_columns/column_0347.tsv
Copying file:///home/carterhinsley/MultimodalMaps.jl/kneading/experiment/attempt-050/grid1000_seq12_tmax1e5_prefixes_remap40_newmodel_columns/column_0348.tsv to gs://carter-kneading-attempt048/attempt-050/grid1000_seq12_tmax1e5_prefixes_remap40_newmodel_columns/column_0348.tsv
Copying file:///home/carterhinsley/MultimodalMaps.jl/kneading/experiment/attempt-050/grid1000_seq12_tmax1e5_prefixes_remap40_newmodel_columns/column_0349.tsv to gs://carter-kneading-attempt048/attempt-050/grid1000_seq12_tmax1e5_prefixes_remap40_newmodel_columns/column_0349.tsv
Copying file:///home/carterhinsley/MultimodalMaps.jl/kneading/experiment/attempt-050/grid1000_seq12_tmax1e5_prefixes_remap40_newmodel_columns/column_0350.tsv to gs://carter-kneading-attempt048/attempt-050/grid1000_seq12_tmax1e5_prefixes_remap40_newmodel_columns/column_0350.tsv
Copying file:///home/carterhinsley/MultimodalMaps.jl/kneading/experiment/attempt-050/grid1000_seq12_tmax1e5_prefixes_remap40_newmodel_columns/column_0351.tsv to gs://carter-kneading-attempt048/attempt-050/grid1000_seq12_tmax1e5_prefixes_remap40_newmodel_columns/column_0351.tsv
Copying file:///home/carterhinsley/MultimodalMaps.jl/kneading/experiment/attempt-050/grid1000_seq12_tmax1e5_prefixes_remap40_newmodel_columns/column_0352.tsv to gs://carter-kneading-attempt048/attempt-050/grid1000_seq12_tmax1e5_prefixes_remap40_newmodel_columns/column_0352.tsv
Copying file:///home/carterhinsley/MultimodalMaps.jl/kneading/experiment/attempt-050/grid1000_seq12_tmax1e5_prefixes_remap40_newmodel_columns/column_0353.tsv to gs://carter-kneading-attempt048/attempt-050/grid1000_seq12_tmax1e5_prefixes_remap40_newmodel_columns/column_0353.tsv
Copying file:///home/carterhinsley/MultimodalMaps.jl/kneading/experiment/attempt-050/grid1000_seq12_tmax1e5_prefixes_remap40_newmodel_columns/column_0354.tsv to gs://carter-kneading-attempt048/attempt-050/grid1000_seq12_tmax1e5_prefixes_remap40_newmodel_columns/column_0354.tsv
Copying file:///home/carterhinsley/MultimodalMaps.jl/kneading/experiment/attempt-050/grid1000_seq12_tmax1e5_prefixes_remap40_newmodel_columns/column_0355.tsv to gs://carter-kneading-attempt048/attempt-050/grid1000_seq12_tmax1e5_prefixes_remap40_newmodel_columns/column_0355.tsv
Copying file:///home/carterhinsley/MultimodalMaps.jl/kneading/experiment/attempt-050/grid1000_seq12_tmax1e5_prefixes_remap40_newmodel_columns/column_0356.tsv to gs://carter-kneading-attempt048/attempt-050/grid1000_seq12_tmax1e5_prefixes_remap40_newmodel_columns/column_0356.tsv
Copying file:///home/carterhinsley/MultimodalMaps.jl/kneading/experiment/attempt-050/grid1000_seq12_tmax1e5_prefixes_remap40_newmodel_columns/column_0357.tsv to gs://carter-kneading-attempt048/attempt-050/grid1000_seq12_tmax1e5_prefixes_remap40_newmodel_columns/column_0357.tsv
Copying file:///home/carterhinsley/MultimodalMaps.jl/kneading/experiment/attempt-050/grid1000_seq12_tmax1e5_prefixes_remap40_newmodel_columns/column_0358.tsv to gs://carter-kneading-attempt048/attempt-050/grid1000_seq12_tmax1e5_prefixes_remap40_newmodel_columns/column_0358.tsv
Copying file:///home/carterhinsley/MultimodalMaps.jl/kneading/experiment/attempt-050/grid1000_seq12_tmax1e5_prefixes_remap40_newmodel_columns/column_0359.tsv to gs://carter-kneading-attempt048/attempt-050/grid1000_seq12_tmax1e5_prefixes_remap40_newmodel_columns/column_0359.tsv
Copying file:///home/carterhinsley/MultimodalMaps.jl/kneading/experiment/attempt-050/grid1000_seq12_tmax1e5_prefixes_remap40_newmodel_columns/column_0360.tsv to gs://carter-kneading-attempt048/attempt-050/grid1000_seq12_tmax1e5_prefixes_remap40_newmodel_columns/column_0360.tsv
Copying file:///home/carterhinsley/MultimodalMaps.jl/kneading/experiment/attempt-050/grid1000_seq12_tmax1e5_prefixes_remap40_newmodel_columns/column_0361.tsv to gs://carter-kneading-attempt048/attempt-050/grid1000_seq12_tmax1e5_prefixes_remap40_newmodel_columns/column_0361.tsv
Copying file:///home/carterhinsley/MultimodalMaps.jl/kneading/experiment/attempt-050/grid1000_seq12_tmax1e5_prefixes_remap40_newmodel_columns/column_0362.tsv to gs://carter-kneading-attempt048/attempt-050/grid1000_seq12_tmax1e5_prefixes_remap40_newmodel_columns/column_0362.tsv
Copying file:///home/carterhinsley/MultimodalMaps.jl/kneading/experiment/attempt-050/grid1000_seq12_tmax1e5_prefixes_remap40_newmodel_columns/column_0363.tsv to gs://carter-kneading-attempt048/attempt-050/grid1000_seq12_tmax1e5_prefixes_remap40_newmodel_columns/column_0363.tsv
Copying file:///home/carterhinsley/MultimodalMaps.jl/kneading/experiment/attempt-050/grid1000_seq12_tmax1e5_prefixes_remap40_newmodel_columns/column_0364.tsv to gs://carter-kneading-attempt048/attempt-050/grid1000_seq12_tmax1e5_prefixes_remap40_newmodel_columns/column_0364.tsv
Copying file:///home/carterhinsley/MultimodalMaps.jl/kneading/experiment/attempt-050/grid1000_seq12_tmax1e5_prefixes_remap40_newmodel_columns/column_0365.tsv to gs://carter-kneading-attempt048/attempt-050/grid1000_seq12_tmax1e5_prefixes_remap40_newmodel_columns/column_0365.tsv
Copying file:///home/carterhinsley/MultimodalMaps.jl/kneading/experiment/attempt-050/grid1000_seq12_tmax1e5_prefixes_remap40_newmodel_columns/column_0366.tsv to gs://carter-kneading-attempt048/attempt-050/grid1000_seq12_tmax1e5_prefixes_remap40_newmodel_columns/column_0366.tsv
Copying file:///home/carterhinsley/MultimodalMaps.jl/kneading/experiment/attempt-050/grid1000_seq12_tmax1e5_prefixes_remap40_newmodel_columns/column_0367.tsv to gs://carter-kneading-attempt048/attempt-050/grid1000_seq12_tmax1e5_prefixes_remap40_newmodel_columns/column_0367.tsv
Copying file:///home/carterhinsley/MultimodalMaps.jl/kneading/experiment/attempt-050/grid1000_seq12_tmax1e5_prefixes_remap40_newmodel_columns/column_0368.tsv to gs://carter-kneading-attempt048/attempt-050/grid1000_seq12_tmax1e5_prefixes_remap40_newmodel_columns/column_0368.tsv
Copying file:///home/carterhinsley/MultimodalMaps.jl/kneading/experiment/attempt-050/grid1000_seq12_tmax1e5_prefixes_remap40_newmodel_columns/column_0369.tsv to gs://carter-kneading-attempt048/attempt-050/grid1000_seq12_tmax1e5_prefixes_remap40_newmodel_columns/column_0369.tsv
Copying file:///home/carterhinsley/MultimodalMaps.jl/kneading/experiment/attempt-050/grid1000_seq12_tmax1e5_prefixes_remap40_newmodel_columns/column_0370.tsv to gs://carter-kneading-attempt048/attempt-050/grid1000_seq12_tmax1e5_prefixes_remap40_newmodel_columns/column_0370.tsv
Copying file:///home/carterhinsley/MultimodalMaps.jl/kneading/experiment/attempt-050/grid1000_seq12_tmax1e5_prefixes_remap40_newmodel_columns/column_0371.tsv to gs://carter-kneading-attempt048/attempt-050/grid1000_seq12_tmax1e5_prefixes_remap40_newmodel_columns/column_0371.tsv
Copying file:///home/carterhinsley/MultimodalMaps.jl/kneading/experiment/attempt-050/grid1000_seq12_tmax1e5_prefixes_remap40_newmodel_columns/column_0372.tsv to gs://carter-kneading-attempt048/attempt-050/grid1000_seq12_tmax1e5_prefixes_remap40_newmodel_columns/column_0372.tsv
Copying file:///home/carterhinsley/MultimodalMaps.jl/kneading/experiment/attempt-050/grid1000_seq12_tmax1e5_prefixes_remap40_newmodel_columns/column_0373.tsv to gs://carter-kneading-attempt048/attempt-050/grid1000_seq12_tmax1e5_prefixes_remap40_newmodel_columns/column_0373.tsv
Copying file:///home/carterhinsley/MultimodalMaps.jl/kneading/experiment/attempt-050/grid1000_seq12_tmax1e5_prefixes_remap40_newmodel_columns/column_0374.tsv to gs://carter-kneading-attempt048/attempt-050/grid1000_seq12_tmax1e5_prefixes_remap40_newmodel_columns/column_0374.tsv
Copying file:///home/carterhinsley/MultimodalMaps.jl/kneading/experiment/attempt-050/grid1000_seq12_tmax1e5_prefixes_remap40_newmodel_columns/column_0375.tsv to gs://carter-kneading-attempt048/attempt-050/grid1000_seq12_tmax1e5_prefixes_remap40_newmodel_columns/column_0375.tsv
Copying file:///home/carterhinsley/MultimodalMaps.jl/kneading/experiment/attempt-050/grid1000_seq12_tmax1e5_prefixes_remap40_newmodel_columns/column_0376.tsv to gs://carter-kneading-attempt048/attempt-050/grid1000_seq12_tmax1e5_prefixes_remap40_newmodel_columns/column_0376.tsv
Copying file:///home/carterhinsley/MultimodalMaps.jl/kneading/experiment/attempt-050/grid1000_seq12_tmax1e5_prefixes_remap40_newmodel_columns/column_0377.tsv to gs://carter-kneading-attempt048/attempt-050/grid1000_seq12_tmax1e5_prefixes_remap40_newmodel_columns/column_0377.tsv
Copying file:///home/carterhinsley/MultimodalMaps.jl/kneading/experiment/attempt-050/grid1000_seq12_tmax1e5_prefixes_remap40_newmodel_columns/column_0378.tsv to gs://carter-kneading-attempt048/attempt-050/grid1000_seq12_tmax1e5_prefixes_remap40_newmodel_columns/column_0378.tsv
Copying file:///home/carterhinsley/MultimodalMaps.jl/kneading/experiment/attempt-050/grid1000_seq12_tmax1e5_prefixes_remap40_newmodel_columns/column_0379.tsv to gs://carter-kneading-attempt048/attempt-050/grid1000_seq12_tmax1e5_prefixes_remap40_newmodel_columns/column_0379.tsv
Copying file:///home/carterhinsley/MultimodalMaps.jl/kneading/experiment/attempt-050/grid1000_seq12_tmax1e5_prefixes_remap40_newmodel_columns/column_0380.tsv to gs://carter-kneading-attempt048/attempt-050/grid1000_seq12_tmax1e5_prefixes_remap40_newmodel_columns/column_0380.tsv
Copying file:///home/carterhinsley/MultimodalMaps.jl/kneading/experiment/attempt-050/grid1000_seq12_tmax1e5_prefixes_remap40_newmodel_columns/column_0381.tsv to gs://carter-kneading-attempt048/attempt-050/grid1000_seq12_tmax1e5_prefixes_remap40_newmodel_columns/column_0381.tsv
Copying file:///home/carterhinsley/MultimodalMaps.jl/kneading/experiment/attempt-050/grid1000_seq12_tmax1e5_prefixes_remap40_newmodel_columns/column_0382.tsv to gs://carter-kneading-attempt048/attempt-050/grid1000_seq12_tmax1e5_prefixes_remap40_newmodel_columns/column_0382.tsv
Copying file:///home/carterhinsley/MultimodalMaps.jl/kneading/experiment/attempt-050/grid1000_seq12_tmax1e5_prefixes_remap40_newmodel_columns/column_0383.tsv to gs://carter-kneading-attempt048/attempt-050/grid1000_seq12_tmax1e5_prefixes_remap40_newmodel_columns/column_0383.tsv
Copying file:///home/carterhinsley/MultimodalMaps.jl/kneading/experiment/attempt-050/grid1000_seq12_tmax1e5_prefixes_remap40_newmodel_columns/column_0384.tsv to gs://carter-kneading-attempt048/attempt-050/grid1000_seq12_tmax1e5_prefixes_remap40_newmodel_columns/column_0384.tsv
Copying file:///home/carterhinsley/MultimodalMaps.jl/kneading/experiment/attempt-050/grid1000_seq12_tmax1e5_prefixes_remap40_newmodel_columns/column_0385.tsv to gs://carter-kneading-attempt048/attempt-050/grid1000_seq12_tmax1e5_prefixes_remap40_newmodel_columns/column_0385.tsv
Copying file:///home/carterhinsley/MultimodalMaps.jl/kneading/experiment/attempt-050/grid1000_seq12_tmax1e5_prefixes_remap40_newmodel_columns/column_0386.tsv to gs://carter-kneading-attempt048/attempt-050/grid1000_seq12_tmax1e5_prefixes_remap40_newmodel_columns/column_0386.tsv
Copying file:///home/carterhinsley/MultimodalMaps.jl/kneading/experiment/attempt-050/grid1000_seq12_tmax1e5_prefixes_remap40_newmodel_columns/column_0387.tsv to gs://carter-kneading-attempt048/attempt-050/grid1000_seq12_tmax1e5_prefixes_remap40_newmodel_columns/column_0387.tsv
Copying file:///home/carterhinsley/MultimodalMaps.jl/kneading/experiment/attempt-050/grid1000_seq12_tmax1e5_prefixes_remap40_newmodel_columns/column_0388.tsv to gs://carter-kneading-attempt048/attempt-050/grid1000_seq12_tmax1e5_prefixes_remap40_newmodel_columns/column_0388.tsv
Copying file:///home/carterhinsley/MultimodalMaps.jl/kneading/experiment/attempt-050/grid1000_seq12_tmax1e5_prefixes_remap40_newmodel_columns/column_0389.tsv to gs://carter-kneading-attempt048/attempt-050/grid1000_seq12_tmax1e5_prefixes_remap40_newmodel_columns/column_0389.tsv
Copying file:///home/carterhinsley/MultimodalMaps.jl/kneading/experiment/attempt-050/grid1000_seq12_tmax1e5_prefixes_remap40_newmodel_columns/column_0390.tsv to gs://carter-kneading-attempt048/attempt-050/grid1000_seq12_tmax1e5_prefixes_remap40_newmodel_columns/column_0390.tsv
Copying file:///home/carterhinsley/MultimodalMaps.jl/kneading/experiment/attempt-050/grid1000_seq12_tmax1e5_prefixes_remap40_newmodel_columns/column_0391.tsv to gs://carter-kneading-attempt048/attempt-050/grid1000_seq12_tmax1e5_prefixes_remap40_newmodel_columns/column_0391.tsv
Copying file:///home/carterhinsley/MultimodalMaps.jl/kneading/experiment/attempt-050/grid1000_seq12_tmax1e5_prefixes_remap40_newmodel_columns/column_0392.tsv to gs://carter-kneading-attempt048/attempt-050/grid1000_seq12_tmax1e5_prefixes_remap40_newmodel_columns/column_0392.tsv
Copying file:///home/carterhinsley/MultimodalMaps.jl/kneading/experiment/attempt-050/grid1000_seq12_tmax1e5_prefixes_remap40_newmodel_columns/column_0393.tsv to gs://carter-kneading-attempt048/attempt-050/grid1000_seq12_tmax1e5_prefixes_remap40_newmodel_columns/column_0393.tsv
Copying file:///home/carterhinsley/MultimodalMaps.jl/kneading/experiment/attempt-050/grid1000_seq12_tmax1e5_prefixes_remap40_newmodel_columns/column_0394.tsv to gs://carter-kneading-attempt048/attempt-050/grid1000_seq12_tmax1e5_prefixes_remap40_newmodel_columns/column_0394.tsv
Copying file:///home/carterhinsley/MultimodalMaps.jl/kneading/experiment/attempt-050/grid1000_seq12_tmax1e5_prefixes_remap40_newmodel_columns/column_0395.tsv to gs://carter-kneading-attempt048/attempt-050/grid1000_seq12_tmax1e5_prefixes_remap40_newmodel_columns/column_0395.tsv
Copying file:///home/carterhinsley/MultimodalMaps.jl/kneading/experiment/attempt-050/grid1000_seq12_tmax1e5_prefixes_remap40_newmodel_columns/column_0396.tsv to gs://carter-kneading-attempt048/attempt-050/grid1000_seq12_tmax1e5_prefixes_remap40_newmodel_columns/column_0396.tsv
Copying file:///home/carterhinsley/MultimodalMaps.jl/kneading/experiment/attempt-050/grid1000_seq12_tmax1e5_prefixes_remap40_newmodel_columns/column_0397.tsv to gs://carter-kneading-attempt048/attempt-050/grid1000_seq12_tmax1e5_prefixes_remap40_newmodel_columns/column_0397.tsv
Copying file:///home/carterhinsley/MultimodalMaps.jl/kneading/experiment/attempt-050/grid1000_seq12_tmax1e5_prefixes_remap40_newmodel_columns/column_0398.tsv to gs://carter-kneading-attempt048/attempt-050/grid1000_seq12_tmax1e5_prefixes_remap40_newmodel_columns/column_0398.tsv
Copying file:///home/carterhinsley/MultimodalMaps.jl/kneading/experiment/attempt-050/grid1000_seq12_tmax1e5_prefixes_remap40_newmodel_columns/column_0399.tsv to gs://carter-kneading-attempt048/attempt-050/grid1000_seq12_tmax1e5_prefixes_remap40_newmodel_columns/column_0399.tsv
Copying file:///home/carterhinsley/MultimodalMaps.jl/kneading/experiment/attempt-050/grid1000_seq12_tmax1e5_prefixes_remap40_newmodel_columns/column_0400.tsv to gs://carter-kneading-attempt048/attempt-050/grid1000_seq12_tmax1e5_prefixes_remap40_newmodel_columns/column_0400.tsv
Copying file:///home/carterhinsley/MultimodalMaps.jl/kneading/experiment/attempt-050/grid1000_seq12_tmax1e5_prefixes_remap40_newmodel_columns/column_0401.tsv to gs://carter-kneading-attempt048/attempt-050/grid1000_seq12_tmax1e5_prefixes_remap40_newmodel_columns/column_0401.tsv
Copying file:///home/carterhinsley/MultimodalMaps.jl/kneading/experiment/attempt-050/grid1000_seq12_tmax1e5_prefixes_remap40_newmodel_columns/column_0402.tsv to gs://carter-kneading-attempt048/attempt-050/grid1000_seq12_tmax1e5_prefixes_remap40_newmodel_columns/column_0402.tsv
Copying file:///home/carterhinsley/MultimodalMaps.jl/kneading/experiment/attempt-050/grid1000_seq12_tmax1e5_prefixes_remap40_newmodel_columns/column_0403.tsv to gs://carter-kneading-attempt048/attempt-050/grid1000_seq12_tmax1e5_prefixes_remap40_newmodel_columns/column_0403.tsv
Copying file:///home/carterhinsley/MultimodalMaps.jl/kneading/experiment/attempt-050/grid1000_seq12_tmax1e5_prefixes_remap40_newmodel_columns/column_0404.tsv to gs://carter-kneading-attempt048/attempt-050/grid1000_seq12_tmax1e5_prefixes_remap40_newmodel_columns/column_0404.tsv
Copying file:///home/carterhinsley/MultimodalMaps.jl/kneading/experiment/attempt-050/grid1000_seq12_tmax1e5_prefixes_remap40_newmodel_columns/column_0405.tsv to gs://carter-kneading-attempt048/attempt-050/grid1000_seq12_tmax1e5_prefixes_remap40_newmodel_columns/column_0405.tsv
Copying file:///home/carterhinsley/MultimodalMaps.jl/kneading/experiment/attempt-050/grid1000_seq12_tmax1e5_prefixes_remap40_newmodel_columns/column_0406.tsv to gs://carter-kneading-attempt048/attempt-050/grid1000_seq12_tmax1e5_prefixes_remap40_newmodel_columns/column_0406.tsv
Copying file:///home/carterhinsley/MultimodalMaps.jl/kneading/experiment/attempt-050/grid1000_seq12_tmax1e5_prefixes_remap40_newmodel_columns/column_0407.tsv to gs://carter-kneading-attempt048/attempt-050/grid1000_seq12_tmax1e5_prefixes_remap40_newmodel_columns/column_0407.tsv
Copying file:///home/carterhinsley/MultimodalMaps.jl/kneading/experiment/attempt-050/grid1000_seq12_tmax1e5_prefixes_remap40_newmodel_columns/column_0408.tsv to gs://carter-kneading-attempt048/attempt-050/grid1000_seq12_tmax1e5_prefixes_remap40_newmodel_columns/column_0408.tsv
Copying file:///home/carterhinsley/MultimodalMaps.jl/kneading/experiment/attempt-050/grid1000_seq12_tmax1e5_prefixes_remap40_newmodel_columns/column_0409.tsv to gs://carter-kneading-attempt048/attempt-050/grid1000_seq12_tmax1e5_prefixes_remap40_newmodel_columns/column_0409.tsv
Copying file:///home/carterhinsley/MultimodalMaps.jl/kneading/experiment/attempt-050/grid1000_seq12_tmax1e5_prefixes_remap40_newmodel_columns/column_0410.tsv to gs://carter-kneading-attempt048/attempt-050/grid1000_seq12_tmax1e5_prefixes_remap40_newmodel_columns/column_0410.tsv
Copying file:///home/carterhinsley/MultimodalMaps.jl/kneading/experiment/attempt-050/grid1000_seq12_tmax1e5_prefixes_remap40_newmodel_columns/column_0411.tsv to gs://carter-kneading-attempt048/attempt-050/grid1000_seq12_tmax1e5_prefixes_remap40_newmodel_columns/column_0411.tsv
Copying file:///home/carterhinsley/MultimodalMaps.jl/kneading/experiment/attempt-050/grid1000_seq12_tmax1e5_prefixes_remap40_newmodel_columns/column_0412.tsv to gs://carter-kneading-attempt048/attempt-050/grid1000_seq12_tmax1e5_prefixes_remap40_newmodel_columns/column_0412.tsv
Copying file:///home/carterhinsley/MultimodalMaps.jl/kneading/experiment/attempt-050/grid1000_seq12_tmax1e5_prefixes_remap40_newmodel_columns/column_0413.tsv to gs://carter-kneading-attempt048/attempt-050/grid1000_seq12_tmax1e5_prefixes_remap40_newmodel_columns/column_0413.tsv
Copying file:///home/carterhinsley/MultimodalMaps.jl/kneading/experiment/attempt-050/grid1000_seq12_tmax1e5_prefixes_remap40_newmodel_columns/column_0414.tsv to gs://carter-kneading-attempt048/attempt-050/grid1000_seq12_tmax1e5_prefixes_remap40_newmodel_columns/column_0414.tsv
Copying file:///home/carterhinsley/MultimodalMaps.jl/kneading/experiment/attempt-050/grid1000_seq12_tmax1e5_prefixes_remap40_newmodel_columns/column_0415.tsv to gs://carter-kneading-attempt048/attempt-050/grid1000_seq12_tmax1e5_prefixes_remap40_newmodel_columns/column_0415.tsv
Copying file:///home/carterhinsley/MultimodalMaps.jl/kneading/experiment/attempt-050/grid1000_seq12_tmax1e5_prefixes_remap40_newmodel_columns/column_0416.tsv to gs://carter-kneading-attempt048/attempt-050/grid1000_seq12_tmax1e5_prefixes_remap40_newmodel_columns/column_0416.tsv
Copying file:///home/carterhinsley/MultimodalMaps.jl/kneading/experiment/attempt-050/grid1000_seq12_tmax1e5_prefixes_remap40_newmodel_columns/column_0417.tsv to gs://carter-kneading-attempt048/attempt-050/grid1000_seq12_tmax1e5_prefixes_remap40_newmodel_columns/column_0417.tsv
Copying file:///home/carterhinsley/MultimodalMaps.jl/kneading/experiment/attempt-050/grid1000_seq12_tmax1e5_prefixes_remap40_newmodel_columns/column_0418.tsv to gs://carter-kneading-attempt048/attempt-050/grid1000_seq12_tmax1e5_prefixes_remap40_newmodel_columns/column_0418.tsv
Copying file:///home/carterhinsley/MultimodalMaps.jl/kneading/experiment/attempt-050/grid1000_seq12_tmax1e5_prefixes_remap40_newmodel_columns/column_0419.tsv to gs://carter-kneading-attempt048/attempt-050/grid1000_seq12_tmax1e5_prefixes_remap40_newmodel_columns/column_0419.tsv
Copying file:///home/carterhinsley/MultimodalMaps.jl/kneading/experiment/attempt-050/grid1000_seq12_tmax1e5_prefixes_remap40_newmodel_columns/column_0420.tsv to gs://carter-kneading-attempt048/attempt-050/grid1000_seq12_tmax1e5_prefixes_remap40_newmodel_columns/column_0420.tsv
Copying file:///home/carterhinsley/MultimodalMaps.jl/kneading/experiment/attempt-050/grid1000_seq12_tmax1e5_prefixes_remap40_newmodel_columns/column_0421.tsv to gs://carter-kneading-attempt048/attempt-050/grid1000_seq12_tmax1e5_prefixes_remap40_newmodel_columns/column_0421.tsv
Copying file:///home/carterhinsley/MultimodalMaps.jl/kneading/experiment/attempt-050/grid1000_seq12_tmax1e5_prefixes_remap40_newmodel_columns/column_0422.tsv to gs://carter-kneading-attempt048/attempt-050/grid1000_seq12_tmax1e5_prefixes_remap40_newmodel_columns/column_0422.tsv
Copying file:///home/carterhinsley/MultimodalMaps.jl/kneading/experiment/attempt-050/grid1000_seq12_tmax1e5_prefixes_remap40_newmodel_columns/column_0423.tsv to gs://carter-kneading-attempt048/attempt-050/grid1000_seq12_tmax1e5_prefixes_remap40_newmodel_columns/column_0423.tsv
Copying file:///home/carterhinsley/MultimodalMaps.jl/kneading/experiment/attempt-050/grid1000_seq12_tmax1e5_prefixes_remap40_newmodel_columns/column_0424.tsv to gs://carter-kneading-attempt048/attempt-050/grid1000_seq12_tmax1e5_prefixes_remap40_newmodel_columns/column_0424.tsv
Copying file:///home/carterhinsley/MultimodalMaps.jl/kneading/experiment/attempt-050/grid1000_seq12_tmax1e5_prefixes_remap40_newmodel_columns/column_0425.tsv to gs://carter-kneading-attempt048/attempt-050/grid1000_seq12_tmax1e5_prefixes_remap40_newmodel_columns/column_0425.tsv
.Copying file:///home/carterhinsley/MultimodalMaps.jl/kneading/experiment/attempt-050/grid1000_seq12_tmax1e5_prefixes_remap40_newmodel_columns/column_0426.tsv to gs://carter-kneading-attempt048/attempt-050/grid1000_seq12_tmax1e5_prefixes_remap40_newmodel_columns/column_0426.tsv
Copying file:///home/carterhinsley/MultimodalMaps.jl/kneading/experiment/attempt-050/grid1000_seq12_tmax1e5_prefixes_remap40_newmodel_columns/column_0427.tsv to gs://carter-kneading-attempt048/attempt-050/grid1000_seq12_tmax1e5_prefixes_remap40_newmodel_columns/column_0427.tsv
Copying file:///home/carterhinsley/MultimodalMaps.jl/kneading/experiment/attempt-050/grid1000_seq12_tmax1e5_prefixes_remap40_newmodel_columns/column_0428.tsv to gs://carter-kneading-attempt048/attempt-050/grid1000_seq12_tmax1e5_prefixes_remap40_newmodel_columns/column_0428.tsv
Copying file:///home/carterhinsley/MultimodalMaps.jl/kneading/experiment/attempt-050/grid1000_seq12_tmax1e5_prefixes_remap40_newmodel_columns/column_0429.tsv to gs://carter-kneading-attempt048/attempt-050/grid1000_seq12_tmax1e5_prefixes_remap40_newmodel_columns/column_0429.tsv
Copying file:///home/carterhinsley/MultimodalMaps.jl/kneading/experiment/attempt-050/grid1000_seq12_tmax1e5_prefixes_remap40_newmodel_columns/column_0430.tsv to gs://carter-kneading-attempt048/attempt-050/grid1000_seq12_tmax1e5_prefixes_remap40_newmodel_columns/column_0430.tsv
Copying file:///home/carterhinsley/MultimodalMaps.jl/kneading/experiment/attempt-050/grid1000_seq12_tmax1e5_prefixes_remap40_newmodel_columns/column_0431.tsv to gs://carter-kneading-attempt048/attempt-050/grid1000_seq12_tmax1e5_prefixes_remap40_newmodel_columns/column_0431.tsv
Copying file:///home/carterhinsley/MultimodalMaps.jl/kneading/experiment/attempt-050/grid1000_seq12_tmax1e5_prefixes_remap40_newmodel_columns/column_0432.tsv to gs://carter-kneading-attempt048/attempt-050/grid1000_seq12_tmax1e5_prefixes_remap40_newmodel_columns/column_0432.tsv
Copying file:///home/carterhinsley/MultimodalMaps.jl/kneading/experiment/attempt-050/grid1000_seq12_tmax1e5_prefixes_remap40_newmodel_columns/column_0433.tsv to gs://carter-kneading-attempt048/attempt-050/grid1000_seq12_tmax1e5_prefixes_remap40_newmodel_columns/column_0433.tsv
Copying file:///home/carterhinsley/MultimodalMaps.jl/kneading/experiment/attempt-050/grid1000_seq12_tmax1e5_prefixes_remap40_newmodel_columns/column_0434.tsv to gs://carter-kneading-attempt048/attempt-050/grid1000_seq12_tmax1e5_prefixes_remap40_newmodel_columns/column_0434.tsv
Copying file:///home/carterhinsley/MultimodalMaps.jl/kneading/experiment/attempt-050/grid1000_seq12_tmax1e5_prefixes_remap40_newmodel_columns/column_0435.tsv to gs://carter-kneading-attempt048/attempt-050/grid1000_seq12_tmax1e5_prefixes_remap40_newmodel_columns/column_0435.tsv
Copying file:///home/carterhinsley/MultimodalMaps.jl/kneading/experiment/attempt-050/grid1000_seq12_tmax1e5_prefixes_remap40_newmodel_columns/column_0436.tsv to gs://carter-kneading-attempt048/attempt-050/grid1000_seq12_tmax1e5_prefixes_remap40_newmodel_columns/column_0436.tsv
Copying file:///home/carterhinsley/MultimodalMaps.jl/kneading/experiment/attempt-050/grid1000_seq12_tmax1e5_prefixes_remap40_newmodel_columns/column_0437.tsv to gs://carter-kneading-attempt048/attempt-050/grid1000_seq12_tmax1e5_prefixes_remap40_newmodel_columns/column_0437.tsv
Copying file:///home/carterhinsley/MultimodalMaps.jl/kneading/experiment/attempt-050/grid1000_seq12_tmax1e5_prefixes_remap40_newmodel_columns/column_0438.tsv to gs://carter-kneading-attempt048/attempt-050/grid1000_seq12_tmax1e5_prefixes_remap40_newmodel_columns/column_0438.tsv
Copying file:///home/carterhinsley/MultimodalMaps.jl/kneading/experiment/attempt-050/grid1000_seq12_tmax1e5_prefixes_remap40_newmodel_columns/column_0439.tsv to gs://carter-kneading-attempt048/attempt-050/grid1000_seq12_tmax1e5_prefixes_remap40_newmodel_columns/column_0439.tsv
Copying file:///home/carterhinsley/MultimodalMaps.jl/kneading/experiment/attempt-050/grid1000_seq12_tmax1e5_prefixes_remap40_newmodel_columns/column_0440.tsv to gs://carter-kneading-attempt048/attempt-050/grid1000_seq12_tmax1e5_prefixes_remap40_newmodel_columns/column_0440.tsv
Copying file:///home/carterhinsley/MultimodalMaps.jl/kneading/experiment/attempt-050/grid1000_seq12_tmax1e5_prefixes_remap40_newmodel_columns/column_0441.tsv to gs://carter-kneading-attempt048/attempt-050/grid1000_seq12_tmax1e5_prefixes_remap40_newmodel_columns/column_0441.tsv
Copying file:///home/carterhinsley/MultimodalMaps.jl/kneading/experiment/attempt-050/grid1000_seq12_tmax1e5_prefixes_remap40_newmodel_columns/column_0442.tsv to gs://carter-kneading-attempt048/attempt-050/grid1000_seq12_tmax1e5_prefixes_remap40_newmodel_columns/column_0442.tsv
Copying file:///home/carterhinsley/MultimodalMaps.jl/kneading/experiment/attempt-050/grid1000_seq12_tmax1e5_prefixes_remap40_newmodel_columns/column_0443.tsv to gs://carter-kneading-attempt048/attempt-050/grid1000_seq12_tmax1e5_prefixes_remap40_newmodel_columns/column_0443.tsv
Copying file:///home/carterhinsley/MultimodalMaps.jl/kneading/experiment/attempt-050/grid1000_seq12_tmax1e5_prefixes_remap40_newmodel_columns/column_0444.tsv to gs://carter-kneading-attempt048/attempt-050/grid1000_seq12_tmax1e5_prefixes_remap40_newmodel_columns/column_0444.tsv
Copying file:///home/carterhinsley/MultimodalMaps.jl/kneading/experiment/attempt-050/grid1000_seq12_tmax1e5_prefixes_remap40_newmodel_columns/column_0445.tsv to gs://carter-kneading-attempt048/attempt-050/grid1000_seq12_tmax1e5_prefixes_remap40_newmodel_columns/column_0445.tsv
Copying file:///home/carterhinsley/MultimodalMaps.jl/kneading/experiment/attempt-050/grid1000_seq12_tmax1e5_prefixes_remap40_newmodel_columns/column_0446.tsv to gs://carter-kneading-attempt048/attempt-050/grid1000_seq12_tmax1e5_prefixes_remap40_newmodel_columns/column_0446.tsv
Copying file:///home/carterhinsley/MultimodalMaps.jl/kneading/experiment/attempt-050/grid1000_seq12_tmax1e5_prefixes_remap40_newmodel_columns/column_0447.tsv to gs://carter-kneading-attempt048/attempt-050/grid1000_seq12_tmax1e5_prefixes_remap40_newmodel_columns/column_0447.tsv
Copying file:///home/carterhinsley/MultimodalMaps.jl/kneading/experiment/attempt-050/grid1000_seq12_tmax1e5_prefixes_remap40_newmodel_columns/column_0448.tsv to gs://carter-kneading-attempt048/attempt-050/grid1000_seq12_tmax1e5_prefixes_remap40_newmodel_columns/column_0448.tsv
Copying file:///home/carterhinsley/MultimodalMaps.jl/kneading/experiment/attempt-050/grid1000_seq12_tmax1e5_prefixes_remap40_newmodel_columns/column_0449.tsv to gs://carter-kneading-attempt048/attempt-050/grid1000_seq12_tmax1e5_prefixes_remap40_newmodel_columns/column_0449.tsv
Copying file:///home/carterhinsley/MultimodalMaps.jl/kneading/experiment/attempt-050/grid1000_seq12_tmax1e5_prefixes_remap40_newmodel_columns/column_0450.tsv to gs://carter-kneading-attempt048/attempt-050/grid1000_seq12_tmax1e5_prefixes_remap40_newmodel_columns/column_0450.tsv
Copying file:///home/carterhinsley/MultimodalMaps.jl/kneading/experiment/attempt-050/grid1000_seq12_tmax1e5_prefixes_remap40_newmodel_columns/column_0451.tsv to gs://carter-kneading-attempt048/attempt-050/grid1000_seq12_tmax1e5_prefixes_remap40_newmodel_columns/column_0451.tsv
Copying file:///home/carterhinsley/MultimodalMaps.jl/kneading/experiment/attempt-050/grid1000_seq12_tmax1e5_prefixes_remap40_newmodel_columns/column_0452.tsv to gs://carter-kneading-attempt048/attempt-050/grid1000_seq12_tmax1e5_prefixes_remap40_newmodel_columns/column_0452.tsv
Copying file:///home/carterhinsley/MultimodalMaps.jl/kneading/experiment/attempt-050/grid1000_seq12_tmax1e5_prefixes_remap40_newmodel_columns/column_0453.tsv to gs://carter-kneading-attempt048/attempt-050/grid1000_seq12_tmax1e5_prefixes_remap40_newmodel_columns/column_0453.tsv
Copying file:///home/carterhinsley/MultimodalMaps.jl/kneading/experiment/attempt-050/grid1000_seq12_tmax1e5_prefixes_remap40_newmodel_columns/column_0454.tsv to gs://carter-kneading-attempt048/attempt-050/grid1000_seq12_tmax1e5_prefixes_remap40_newmodel_columns/column_0454.tsv
Copying file:///home/carterhinsley/MultimodalMaps.jl/kneading/experiment/attempt-050/grid1000_seq12_tmax1e5_prefixes_remap40_newmodel_columns/column_0455.tsv to gs://carter-kneading-attempt048/attempt-050/grid1000_seq12_tmax1e5_prefixes_remap40_newmodel_columns/column_0455.tsv
Copying file:///home/carterhinsley/MultimodalMaps.jl/kneading/experiment/attempt-050/grid1000_seq12_tmax1e5_prefixes_remap40_newmodel_columns/column_0456.tsv to gs://carter-kneading-attempt048/attempt-050/grid1000_seq12_tmax1e5_prefixes_remap40_newmodel_columns/column_0456.tsv
Copying file:///home/carterhinsley/MultimodalMaps.jl/kneading/experiment/attempt-050/grid1000_seq12_tmax1e5_prefixes_remap40_newmodel_columns/column_0457.tsv to gs://carter-kneading-attempt048/attempt-050/grid1000_seq12_tmax1e5_prefixes_remap40_newmodel_columns/column_0457.tsv
Copying file:///home/carterhinsley/MultimodalMaps.jl/kneading/experiment/attempt-050/grid1000_seq12_tmax1e5_prefixes_remap40_newmodel_columns/column_0458.tsv to gs://carter-kneading-attempt048/attempt-050/grid1000_seq12_tmax1e5_prefixes_remap40_newmodel_columns/column_0458.tsv
Copying file:///home/carterhinsley/MultimodalMaps.jl/kneading/experiment/attempt-050/grid1000_seq12_tmax1e5_prefixes_remap40_newmodel_columns/column_0459.tsv to gs://carter-kneading-attempt048/attempt-050/grid1000_seq12_tmax1e5_prefixes_remap40_newmodel_columns/column_0459.tsv
Copying file:///home/carterhinsley/MultimodalMaps.jl/kneading/experiment/attempt-050/grid1000_seq12_tmax1e5_prefixes_remap40_newmodel_columns/column_0460.tsv to gs://carter-kneading-attempt048/attempt-050/grid1000_seq12_tmax1e5_prefixes_remap40_newmodel_columns/column_0460.tsv
Copying file:///home/carterhinsley/MultimodalMaps.jl/kneading/experiment/attempt-050/grid1000_seq12_tmax1e5_prefixes_remap40_newmodel_columns/column_0461.tsv to gs://carter-kneading-attempt048/attempt-050/grid1000_seq12_tmax1e5_prefixes_remap40_newmodel_columns/column_0461.tsv
Copying file:///home/carterhinsley/MultimodalMaps.jl/kneading/experiment/attempt-050/grid1000_seq12_tmax1e5_prefixes_remap40_newmodel_columns/column_0462.tsv to gs://carter-kneading-attempt048/attempt-050/grid1000_seq12_tmax1e5_prefixes_remap40_newmodel_columns/column_0462.tsv
Copying file:///home/carterhinsley/MultimodalMaps.jl/kneading/experiment/attempt-050/grid1000_seq12_tmax1e5_prefixes_remap40_newmodel_columns/column_0463.tsv to gs://carter-kneading-attempt048/attempt-050/grid1000_seq12_tmax1e5_prefixes_remap40_newmodel_columns/column_0463.tsv
Copying file:///home/carterhinsley/MultimodalMaps.jl/kneading/experiment/attempt-050/grid1000_seq12_tmax1e5_prefixes_remap40_newmodel_columns/column_0464.tsv to gs://carter-kneading-attempt048/attempt-050/grid1000_seq12_tmax1e5_prefixes_remap40_newmodel_columns/column_0464.tsv
Copying file:///home/carterhinsley/MultimodalMaps.jl/kneading/experiment/attempt-050/grid1000_seq12_tmax1e5_prefixes_remap40_newmodel_columns/column_0465.tsv to gs://carter-kneading-attempt048/attempt-050/grid1000_seq12_tmax1e5_prefixes_remap40_newmodel_columns/column_0465.tsv
Copying file:///home/carterhinsley/MultimodalMaps.jl/kneading/experiment/attempt-050/grid1000_seq12_tmax1e5_prefixes_remap40_newmodel_columns/column_0466.tsv to gs://carter-kneading-attempt048/attempt-050/grid1000_seq12_tmax1e5_prefixes_remap40_newmodel_columns/column_0466.tsv
Copying file:///home/carterhinsley/MultimodalMaps.jl/kneading/experiment/attempt-050/grid1000_seq12_tmax1e5_prefixes_remap40_newmodel_columns/column_0467.tsv to gs://carter-kneading-attempt048/attempt-050/grid1000_seq12_tmax1e5_prefixes_remap40_newmodel_columns/column_0467.tsv
Copying file:///home/carterhinsley/MultimodalMaps.jl/kneading/experiment/attempt-050/grid1000_seq12_tmax1e5_prefixes_remap40_newmodel_columns/column_0468.tsv to gs://carter-kneading-attempt048/attempt-050/grid1000_seq12_tmax1e5_prefixes_remap40_newmodel_columns/column_0468.tsv
Copying file:///home/carterhinsley/MultimodalMaps.jl/kneading/experiment/attempt-050/grid1000_seq12_tmax1e5_prefixes_remap40_newmodel_columns/column_0469.tsv to gs://carter-kneading-attempt048/attempt-050/grid1000_seq12_tmax1e5_prefixes_remap40_newmodel_columns/column_0469.tsv
Copying file:///home/carterhinsley/MultimodalMaps.jl/kneading/experiment/attempt-050/grid1000_seq12_tmax1e5_prefixes_remap40_newmodel_columns/column_0470.tsv to gs://carter-kneading-attempt048/attempt-050/grid1000_seq12_tmax1e5_prefixes_remap40_newmodel_columns/column_0470.tsv
Copying file:///home/carterhinsley/MultimodalMaps.jl/kneading/experiment/attempt-050/grid1000_seq12_tmax1e5_prefixes_remap40_newmodel_columns/column_0471.tsv to gs://carter-kneading-attempt048/attempt-050/grid1000_seq12_tmax1e5_prefixes_remap40_newmodel_columns/column_0471.tsv
Copying file:///home/carterhinsley/MultimodalMaps.jl/kneading/experiment/attempt-050/grid1000_seq12_tmax1e5_prefixes_remap40_newmodel_columns/column_0472.tsv to gs://carter-kneading-attempt048/attempt-050/grid1000_seq12_tmax1e5_prefixes_remap40_newmodel_columns/column_0472.tsv
Copying file:///home/carterhinsley/MultimodalMaps.jl/kneading/experiment/attempt-050/grid1000_seq12_tmax1e5_prefixes_remap40_newmodel_columns/column_0473.tsv to gs://carter-kneading-attempt048/attempt-050/grid1000_seq12_tmax1e5_prefixes_remap40_newmodel_columns/column_0473.tsv
Copying file:///home/carterhinsley/MultimodalMaps.jl/kneading/experiment/attempt-050/grid1000_seq12_tmax1e5_prefixes_remap40_newmodel_columns/column_0474.tsv to gs://carter-kneading-attempt048/attempt-050/grid1000_seq12_tmax1e5_prefixes_remap40_newmodel_columns/column_0474.tsv
Copying file:///home/carterhinsley/MultimodalMaps.jl/kneading/experiment/attempt-050/grid1000_seq12_tmax1e5_prefixes_remap40_newmodel_columns/column_0475.tsv to gs://carter-kneading-attempt048/attempt-050/grid1000_seq12_tmax1e5_prefixes_remap40_newmodel_columns/column_0475.tsv
Copying file:///home/carterhinsley/MultimodalMaps.jl/kneading/experiment/attempt-050/grid1000_seq12_tmax1e5_prefixes_remap40_newmodel_columns/column_0476.tsv to gs://carter-kneading-attempt048/attempt-050/grid1000_seq12_tmax1e5_prefixes_remap40_newmodel_columns/column_0476.tsv
Copying file:///home/carterhinsley/MultimodalMaps.jl/kneading/experiment/attempt-050/grid1000_seq12_tmax1e5_prefixes_remap40_newmodel_columns/column_0477.tsv to gs://carter-kneading-attempt048/attempt-050/grid1000_seq12_tmax1e5_prefixes_remap40_newmodel_columns/column_0477.tsv
Copying file:///home/carterhinsley/MultimodalMaps.jl/kneading/experiment/attempt-050/grid1000_seq12_tmax1e5_prefixes_remap40_newmodel_columns/column_0478.tsv to gs://carter-kneading-attempt048/attempt-050/grid1000_seq12_tmax1e5_prefixes_remap40_newmodel_columns/column_0478.tsv
Copying file:///home/carterhinsley/MultimodalMaps.jl/kneading/experiment/attempt-050/grid1000_seq12_tmax1e5_prefixes_remap40_newmodel_columns/column_0479.tsv to gs://carter-kneading-attempt048/attempt-050/grid1000_seq12_tmax1e5_prefixes_remap40_newmodel_columns/column_0479.tsv
Copying file:///home/carterhinsley/MultimodalMaps.jl/kneading/experiment/attempt-050/grid1000_seq12_tmax1e5_prefixes_remap40_newmodel_columns/column_0480.tsv to gs://carter-kneading-attempt048/attempt-050/grid1000_seq12_tmax1e5_prefixes_remap40_newmodel_columns/column_0480.tsv
Copying file:///home/carterhinsley/MultimodalMaps.jl/kneading/experiment/attempt-050/grid1000_seq12_tmax1e5_prefixes_remap40_newmodel_columns/column_0481.tsv to gs://carter-kneading-attempt048/attempt-050/grid1000_seq12_tmax1e5_prefixes_remap40_newmodel_columns/column_0481.tsv
Copying file:///home/carterhinsley/MultimodalMaps.jl/kneading/experiment/attempt-050/grid1000_seq12_tmax1e5_prefixes_remap40_newmodel_columns/column_0482.tsv to gs://carter-kneading-attempt048/attempt-050/grid1000_seq12_tmax1e5_prefixes_remap40_newmodel_columns/column_0482.tsv
Copying file:///home/carterhinsley/MultimodalMaps.jl/kneading/experiment/attempt-050/grid1000_seq12_tmax1e5_prefixes_remap40_newmodel_columns/column_0483.tsv to gs://carter-kneading-attempt048/attempt-050/grid1000_seq12_tmax1e5_prefixes_remap40_newmodel_columns/column_0483.tsv
Copying file:///home/carterhinsley/MultimodalMaps.jl/kneading/experiment/attempt-050/grid1000_seq12_tmax1e5_prefixes_remap40_newmodel_columns/column_0484.tsv to gs://carter-kneading-attempt048/attempt-050/grid1000_seq12_tmax1e5_prefixes_remap40_newmodel_columns/column_0484.tsv
Copying file:///home/carterhinsley/MultimodalMaps.jl/kneading/experiment/attempt-050/grid1000_seq12_tmax1e5_prefixes_remap40_newmodel_columns/column_0485.tsv to gs://carter-kneading-attempt048/attempt-050/grid1000_seq12_tmax1e5_prefixes_remap40_newmodel_columns/column_0485.tsv
Copying file:///home/carterhinsley/MultimodalMaps.jl/kneading/experiment/attempt-050/grid1000_seq12_tmax1e5_prefixes_remap40_newmodel_columns/column_0486.tsv to gs://carter-kneading-attempt048/attempt-050/grid1000_seq12_tmax1e5_prefixes_remap40_newmodel_columns/column_0486.tsv
Copying file:///home/carterhinsley/MultimodalMaps.jl/kneading/experiment/attempt-050/grid1000_seq12_tmax1e5_prefixes_remap40_newmodel_columns/column_0487.tsv to gs://carter-kneading-attempt048/attempt-050/grid1000_seq12_tmax1e5_prefixes_remap40_newmodel_columns/column_0487.tsv
Copying file:///home/carterhinsley/MultimodalMaps.jl/kneading/experiment/attempt-050/grid1000_seq12_tmax1e5_prefixes_remap40_newmodel_columns/column_0488.tsv to gs://carter-kneading-attempt048/attempt-050/grid1000_seq12_tmax1e5_prefixes_remap40_newmodel_columns/column_0488.tsv
Copying file:///home/carterhinsley/MultimodalMaps.jl/kneading/experiment/attempt-050/grid1000_seq12_tmax1e5_prefixes_remap40_newmodel_columns/column_0489.tsv to gs://carter-kneading-attempt048/attempt-050/grid1000_seq12_tmax1e5_prefixes_remap40_newmodel_columns/column_0489.tsv
Copying file:///home/carterhinsley/MultimodalMaps.jl/kneading/experiment/attempt-050/grid1000_seq12_tmax1e5_prefixes_remap40_newmodel_columns/column_0490.tsv to gs://carter-kneading-attempt048/attempt-050/grid1000_seq12_tmax1e5_prefixes_remap40_newmodel_columns/column_0490.tsv
Copying file:///home/carterhinsley/MultimodalMaps.jl/kneading/experiment/attempt-050/grid1000_seq12_tmax1e5_prefixes_remap40_newmodel_columns/column_0491.tsv to gs://carter-kneading-attempt048/attempt-050/grid1000_seq12_tmax1e5_prefixes_remap40_newmodel_columns/column_0491.tsv
Copying file:///home/carterhinsley/MultimodalMaps.jl/kneading/experiment/attempt-050/grid1000_seq12_tmax1e5_prefixes_remap40_newmodel_columns/column_0492.tsv to gs://carter-kneading-attempt048/attempt-050/grid1000_seq12_tmax1e5_prefixes_remap40_newmodel_columns/column_0492.tsv
Copying file:///home/carterhinsley/MultimodalMaps.jl/kneading/experiment/attempt-050/grid1000_seq12_tmax1e5_prefixes_remap40_newmodel_columns/column_0493.tsv to gs://carter-kneading-attempt048/attempt-050/grid1000_seq12_tmax1e5_prefixes_remap40_newmodel_columns/column_0493.tsv
Copying file:///home/carterhinsley/MultimodalMaps.jl/kneading/experiment/attempt-050/grid1000_seq12_tmax1e5_prefixes_remap40_newmodel_columns/column_0494.tsv to gs://carter-kneading-attempt048/attempt-050/grid1000_seq12_tmax1e5_prefixes_remap40_newmodel_columns/column_0494.tsv
Copying file:///home/carterhinsley/MultimodalMaps.jl/kneading/experiment/attempt-050/grid1000_seq12_tmax1e5_prefixes_remap40_newmodel_columns/column_0495.tsv to gs://carter-kneading-attempt048/attempt-050/grid1000_seq12_tmax1e5_prefixes_remap40_newmodel_columns/column_0495.tsv
Copying file:///home/carterhinsley/MultimodalMaps.jl/kneading/experiment/attempt-050/grid1000_seq12_tmax1e5_prefixes_remap40_newmodel_columns/column_0496.tsv to gs://carter-kneading-attempt048/attempt-050/grid1000_seq12_tmax1e5_prefixes_remap40_newmodel_columns/column_0496.tsv
Copying file:///home/carterhinsley/MultimodalMaps.jl/kneading/experiment/attempt-050/grid1000_seq12_tmax1e5_prefixes_remap40_newmodel_columns/column_0497.tsv to gs://carter-kneading-attempt048/attempt-050/grid1000_seq12_tmax1e5_prefixes_remap40_newmodel_columns/column_0497.tsv
Copying file:///home/carterhinsley/MultimodalMaps.jl/kneading/experiment/attempt-050/grid1000_seq12_tmax1e5_prefixes_remap40_newmodel_columns/column_0498.tsv to gs://carter-kneading-attempt048/attempt-050/grid1000_seq12_tmax1e5_prefixes_remap40_newmodel_columns/column_0498.tsv
Copying file:///home/carterhinsley/MultimodalMaps.jl/kneading/experiment/attempt-050/grid1000_seq12_tmax1e5_prefixes_remap40_newmodel_columns/column_0499.tsv to gs://carter-kneading-attempt048/attempt-050/grid1000_seq12_tmax1e5_prefixes_remap40_newmodel_columns/column_0499.tsv
Copying file:///home/carterhinsley/MultimodalMaps.jl/kneading/experiment/attempt-050/grid1000_seq12_tmax1e5_prefixes_remap40_newmodel_columns/column_0500.tsv to gs://carter-kneading-attempt048/attempt-050/grid1000_seq12_tmax1e5_prefixes_remap40_newmodel_columns/column_0500.tsv
Copying file:///home/carterhinsley/MultimodalMaps.jl/kneading/experiment/attempt-050/grid1000_seq12_tmax1e5_prefixes_remap40_newmodel_columns/column_0501.tsv to gs://carter-kneading-attempt048/attempt-050/grid1000_seq12_tmax1e5_prefixes_remap40_newmodel_columns/column_0501.tsv
Copying file:///home/carterhinsley/MultimodalMaps.jl/kneading/experiment/attempt-050/grid1000_seq12_tmax1e5_prefixes_remap40_newmodel_columns/column_0502.tsv to gs://carter-kneading-attempt048/attempt-050/grid1000_seq12_tmax1e5_prefixes_remap40_newmodel_columns/column_0502.tsv
Copying file:///home/carterhinsley/MultimodalMaps.jl/kneading/experiment/attempt-050/grid1000_seq12_tmax1e5_prefixes_remap40_newmodel_columns/column_0503.tsv to gs://carter-kneading-attempt048/attempt-050/grid1000_seq12_tmax1e5_prefixes_remap40_newmodel_columns/column_0503.tsv
Copying file:///home/carterhinsley/MultimodalMaps.jl/kneading/experiment/attempt-050/grid1000_seq12_tmax1e5_prefixes_remap40_newmodel_columns/column_0504.tsv to gs://carter-kneading-attempt048/attempt-050/grid1000_seq12_tmax1e5_prefixes_remap40_newmodel_columns/column_0504.tsv
Copying file:///home/carterhinsley/MultimodalMaps.jl/kneading/experiment/attempt-050/grid1000_seq12_tmax1e5_prefixes_remap40_newmodel_columns/column_0505.tsv to gs://carter-kneading-attempt048/attempt-050/grid1000_seq12_tmax1e5_prefixes_remap40_newmodel_columns/column_0505.tsv
Copying file:///home/carterhinsley/MultimodalMaps.jl/kneading/experiment/attempt-050/grid1000_seq12_tmax1e5_prefixes_remap40_newmodel_columns/column_0506.tsv to gs://carter-kneading-attempt048/attempt-050/grid1000_seq12_tmax1e5_prefixes_remap40_newmodel_columns/column_0506.tsv
Copying file:///home/carterhinsley/MultimodalMaps.jl/kneading/experiment/attempt-050/grid1000_seq12_tmax1e5_prefixes_remap40_newmodel_columns/column_0507.tsv to gs://carter-kneading-attempt048/attempt-050/grid1000_seq12_tmax1e5_prefixes_remap40_newmodel_columns/column_0507.tsv
Copying file:///home/carterhinsley/MultimodalMaps.jl/kneading/experiment/attempt-050/grid1000_seq12_tmax1e5_prefixes_remap40_newmodel_columns/column_0508.tsv to gs://carter-kneading-attempt048/attempt-050/grid1000_seq12_tmax1e5_prefixes_remap40_newmodel_columns/column_0508.tsv
Copying file:///home/carterhinsley/MultimodalMaps.jl/kneading/experiment/attempt-050/grid1000_seq12_tmax1e5_prefixes_remap40_newmodel_columns/column_0509.tsv to gs://carter-kneading-attempt048/attempt-050/grid1000_seq12_tmax1e5_prefixes_remap40_newmodel_columns/column_0509.tsv
Copying file:///home/carterhinsley/MultimodalMaps.jl/kneading/experiment/attempt-050/grid1000_seq12_tmax1e5_prefixes_remap40_newmodel_columns/column_0510.tsv to gs://carter-kneading-attempt048/attempt-050/grid1000_seq12_tmax1e5_prefixes_remap40_newmodel_columns/column_0510.tsv
Copying file:///home/carterhinsley/MultimodalMaps.jl/kneading/experiment/attempt-050/grid1000_seq12_tmax1e5_prefixes_remap40_newmodel_columns/column_0511.tsv to gs://carter-kneading-attempt048/attempt-050/grid1000_seq12_tmax1e5_prefixes_remap40_newmodel_columns/column_0511.tsv
Copying file:///home/carterhinsley/MultimodalMaps.jl/kneading/experiment/attempt-050/grid1000_seq12_tmax1e5_prefixes_remap40_newmodel_columns/column_0512.tsv to gs://carter-kneading-attempt048/attempt-050/grid1000_seq12_tmax1e5_prefixes_remap40_newmodel_columns/column_0512.tsv
Copying file:///home/carterhinsley/MultimodalMaps.jl/kneading/experiment/attempt-050/grid1000_seq12_tmax1e5_prefixes_remap40_newmodel_columns/column_0513.tsv to gs://carter-kneading-attempt048/attempt-050/grid1000_seq12_tmax1e5_prefixes_remap40_newmodel_columns/column_0513.tsv
Copying file:///home/carterhinsley/MultimodalMaps.jl/kneading/experiment/attempt-050/grid1000_seq12_tmax1e5_prefixes_remap40_newmodel_columns/column_0514.tsv to gs://carter-kneading-attempt048/attempt-050/grid1000_seq12_tmax1e5_prefixes_remap40_newmodel_columns/column_0514.tsv
Copying file:///home/carterhinsley/MultimodalMaps.jl/kneading/experiment/attempt-050/grid1000_seq12_tmax1e5_prefixes_remap40_newmodel_columns/column_0515.tsv to gs://carter-kneading-attempt048/attempt-050/grid1000_seq12_tmax1e5_prefixes_remap40_newmodel_columns/column_0515.tsv
Copying file:///home/carterhinsley/MultimodalMaps.jl/kneading/experiment/attempt-050/grid1000_seq12_tmax1e5_prefixes_remap40_newmodel_columns/column_0516.tsv to gs://carter-kneading-attempt048/attempt-050/grid1000_seq12_tmax1e5_prefixes_remap40_newmodel_columns/column_0516.tsv
Copying file:///home/carterhinsley/MultimodalMaps.jl/kneading/experiment/attempt-050/grid1000_seq12_tmax1e5_prefixes_remap40_newmodel_columns/column_0517.tsv to gs://carter-kneading-attempt048/attempt-050/grid1000_seq12_tmax1e5_prefixes_remap40_newmodel_columns/column_0517.tsv
Copying file:///home/carterhinsley/MultimodalMaps.jl/kneading/experiment/attempt-050/grid1000_seq12_tmax1e5_prefixes_remap40_newmodel_columns/column_0518.tsv to gs://carter-kneading-attempt048/attempt-050/grid1000_seq12_tmax1e5_prefixes_remap40_newmodel_columns/column_0518.tsv
Copying file:///home/carterhinsley/MultimodalMaps.jl/kneading/experiment/attempt-050/grid1000_seq12_tmax1e5_prefixes_remap40_newmodel_columns/column_0519.tsv to gs://carter-kneading-attempt048/attempt-050/grid1000_seq12_tmax1e5_prefixes_remap40_newmodel_columns/column_0519.tsv
Copying file:///home/carterhinsley/MultimodalMaps.jl/kneading/experiment/attempt-050/grid1000_seq12_tmax1e5_prefixes_remap40_newmodel_columns/column_0520.tsv to gs://carter-kneading-attempt048/attempt-050/grid1000_seq12_tmax1e5_prefixes_remap40_newmodel_columns/column_0520.tsv
Copying file:///home/carterhinsley/MultimodalMaps.jl/kneading/experiment/attempt-050/grid1000_seq12_tmax1e5_prefixes_remap40_newmodel_columns/column_0521.tsv to gs://carter-kneading-attempt048/attempt-050/grid1000_seq12_tmax1e5_prefixes_remap40_newmodel_columns/column_0521.tsv
Copying file:///home/carterhinsley/MultimodalMaps.jl/kneading/experiment/attempt-050/grid1000_seq12_tmax1e5_prefixes_remap40_newmodel_columns/column_0522.tsv to gs://carter-kneading-attempt048/attempt-050/grid1000_seq12_tmax1e5_prefixes_remap40_newmodel_columns/column_0522.tsv
Copying file:///home/carterhinsley/MultimodalMaps.jl/kneading/experiment/attempt-050/grid1000_seq12_tmax1e5_prefixes_remap40_newmodel_columns/column_0523.tsv to gs://carter-kneading-attempt048/attempt-050/grid1000_seq12_tmax1e5_prefixes_remap40_newmodel_columns/column_0523.tsv
Copying file:///home/carterhinsley/MultimodalMaps.jl/kneading/experiment/attempt-050/grid1000_seq12_tmax1e5_prefixes_remap40_newmodel_columns/column_0524.tsv to gs://carter-kneading-attempt048/attempt-050/grid1000_seq12_tmax1e5_prefixes_remap40_newmodel_columns/column_0524.tsv
Copying file:///home/carterhinsley/MultimodalMaps.jl/kneading/experiment/attempt-050/grid1000_seq12_tmax1e5_prefixes_remap40_newmodel_columns/column_0525.tsv to gs://carter-kneading-attempt048/attempt-050/grid1000_seq12_tmax1e5_prefixes_remap40_newmodel_columns/column_0525.tsv
Copying file:///home/carterhinsley/MultimodalMaps.jl/kneading/experiment/attempt-050/grid1000_seq12_tmax1e5_prefixes_remap40_newmodel_columns/column_0526.tsv to gs://carter-kneading-attempt048/attempt-050/grid1000_seq12_tmax1e5_prefixes_remap40_newmodel_columns/column_0526.tsv
Copying file:///home/carterhinsley/MultimodalMaps.jl/kneading/experiment/attempt-050/grid1000_seq12_tmax1e5_prefixes_remap40_newmodel_columns/column_0527.tsv to gs://carter-kneading-attempt048/attempt-050/grid1000_seq12_tmax1e5_prefixes_remap40_newmodel_columns/column_0527.tsv
Copying file:///home/carterhinsley/MultimodalMaps.jl/kneading/experiment/attempt-050/grid1000_seq12_tmax1e5_prefixes_remap40_newmodel_columns/column_0528.tsv to gs://carter-kneading-attempt048/attempt-050/grid1000_seq12_tmax1e5_prefixes_remap40_newmodel_columns/column_0528.tsv
Copying file:///home/carterhinsley/MultimodalMaps.jl/kneading/experiment/attempt-050/grid1000_seq12_tmax1e5_prefixes_remap40_newmodel_columns/column_0529.tsv to gs://carter-kneading-attempt048/attempt-050/grid1000_seq12_tmax1e5_prefixes_remap40_newmodel_columns/column_0529.tsv
Copying file:///home/carterhinsley/MultimodalMaps.jl/kneading/experiment/attempt-050/grid1000_seq12_tmax1e5_prefixes_remap40_newmodel_columns/column_0530.tsv to gs://carter-kneading-attempt048/attempt-050/grid1000_seq12_tmax1e5_prefixes_remap40_newmodel_columns/column_0530.tsv
Copying file:///home/carterhinsley/MultimodalMaps.jl/kneading/experiment/attempt-050/grid1000_seq12_tmax1e5_prefixes_remap40_newmodel_columns/column_0531.tsv to gs://carter-kneading-attempt048/attempt-050/grid1000_seq12_tmax1e5_prefixes_remap40_newmodel_columns/column_0531.tsv
Copying file:///home/carterhinsley/MultimodalMaps.jl/kneading/experiment/attempt-050/grid1000_seq12_tmax1e5_prefixes_remap40_newmodel_columns/column_0532.tsv to gs://carter-kneading-attempt048/attempt-050/grid1000_seq12_tmax1e5_prefixes_remap40_newmodel_columns/column_0532.tsv
Copying file:///home/carterhinsley/MultimodalMaps.jl/kneading/experiment/attempt-050/grid1000_seq12_tmax1e5_prefixes_remap40_newmodel_columns/column_0533.tsv to gs://carter-kneading-attempt048/attempt-050/grid1000_seq12_tmax1e5_prefixes_remap40_newmodel_columns/column_0533.tsv
Copying file:///home/carterhinsley/MultimodalMaps.jl/kneading/experiment/attempt-050/grid1000_seq12_tmax1e5_prefixes_remap40_newmodel_columns/column_0534.tsv to gs://carter-kneading-attempt048/attempt-050/grid1000_seq12_tmax1e5_prefixes_remap40_newmodel_columns/column_0534.tsv
Copying file:///home/carterhinsley/MultimodalMaps.jl/kneading/experiment/attempt-050/grid1000_seq12_tmax1e5_prefixes_remap40_newmodel_columns/column_0535.tsv to gs://carter-kneading-attempt048/attempt-050/grid1000_seq12_tmax1e5_prefixes_remap40_newmodel_columns/column_0535.tsv
Copying file:///home/carterhinsley/MultimodalMaps.jl/kneading/experiment/attempt-050/grid1000_seq12_tmax1e5_prefixes_remap40_newmodel_columns/column_0536.tsv to gs://carter-kneading-attempt048/attempt-050/grid1000_seq12_tmax1e5_prefixes_remap40_newmodel_columns/column_0536.tsv
Copying file:///home/carterhinsley/MultimodalMaps.jl/kneading/experiment/attempt-050/grid1000_seq12_tmax1e5_prefixes_remap40_newmodel_columns/column_0537.tsv to gs://carter-kneading-attempt048/attempt-050/grid1000_seq12_tmax1e5_prefixes_remap40_newmodel_columns/column_0537.tsv
Copying file:///home/carterhinsley/MultimodalMaps.jl/kneading/experiment/attempt-050/grid1000_seq12_tmax1e5_prefixes_remap40_newmodel_columns/column_0538.tsv to gs://carter-kneading-attempt048/attempt-050/grid1000_seq12_tmax1e5_prefixes_remap40_newmodel_columns/column_0538.tsv
Copying file:///home/carterhinsley/MultimodalMaps.jl/kneading/experiment/attempt-050/grid1000_seq12_tmax1e5_prefixes_remap40_newmodel_columns/column_0539.tsv to gs://carter-kneading-attempt048/attempt-050/grid1000_seq12_tmax1e5_prefixes_remap40_newmodel_columns/column_0539.tsv
Copying file:///home/carterhinsley/MultimodalMaps.jl/kneading/experiment/attempt-050/grid1000_seq12_tmax1e5_prefixes_remap40_newmodel_columns/column_0540.tsv to gs://carter-kneading-attempt048/attempt-050/grid1000_seq12_tmax1e5_prefixes_remap40_newmodel_columns/column_0540.tsv
Copying file:///home/carterhinsley/MultimodalMaps.jl/kneading/experiment/attempt-050/grid1000_seq12_tmax1e5_prefixes_remap40_newmodel_columns/column_0541.tsv to gs://carter-kneading-attempt048/attempt-050/grid1000_seq12_tmax1e5_prefixes_remap40_newmodel_columns/column_0541.tsv
Copying file:///home/carterhinsley/MultimodalMaps.jl/kneading/experiment/attempt-050/grid1000_seq12_tmax1e5_prefixes_remap40_newmodel_columns/column_0542.tsv to gs://carter-kneading-attempt048/attempt-050/grid1000_seq12_tmax1e5_prefixes_remap40_newmodel_columns/column_0542.tsv
Copying file:///home/carterhinsley/MultimodalMaps.jl/kneading/experiment/attempt-050/grid1000_seq12_tmax1e5_prefixes_remap40_newmodel_columns/column_0543.tsv to gs://carter-kneading-attempt048/attempt-050/grid1000_seq12_tmax1e5_prefixes_remap40_newmodel_columns/column_0543.tsv
Copying file:///home/carterhinsley/MultimodalMaps.jl/kneading/experiment/attempt-050/grid1000_seq12_tmax1e5_prefixes_remap40_newmodel_columns/column_0544.tsv to gs://carter-kneading-attempt048/attempt-050/grid1000_seq12_tmax1e5_prefixes_remap40_newmodel_columns/column_0544.tsv
Copying file:///home/carterhinsley/MultimodalMaps.jl/kneading/experiment/attempt-050/grid1000_seq12_tmax1e5_prefixes_remap40_newmodel_columns/column_0545.tsv to gs://carter-kneading-attempt048/attempt-050/grid1000_seq12_tmax1e5_prefixes_remap40_newmodel_columns/column_0545.tsv
Copying file:///home/carterhinsley/MultimodalMaps.jl/kneading/experiment/attempt-050/grid1000_seq12_tmax1e5_prefixes_remap40_newmodel_columns/column_0546.tsv to gs://carter-kneading-attempt048/attempt-050/grid1000_seq12_tmax1e5_prefixes_remap40_newmodel_columns/column_0546.tsv
Copying file:///home/carterhinsley/MultimodalMaps.jl/kneading/experiment/attempt-050/grid1000_seq12_tmax1e5_prefixes_remap40_newmodel_columns/column_0547.tsv to gs://carter-kneading-attempt048/attempt-050/grid1000_seq12_tmax1e5_prefixes_remap40_newmodel_columns/column_0547.tsv
Copying file:///home/carterhinsley/MultimodalMaps.jl/kneading/experiment/attempt-050/grid1000_seq12_tmax1e5_prefixes_remap40_newmodel_columns/column_0548.tsv to gs://carter-kneading-attempt048/attempt-050/grid1000_seq12_tmax1e5_prefixes_remap40_newmodel_columns/column_0548.tsv
Copying file:///home/carterhinsley/MultimodalMaps.jl/kneading/experiment/attempt-050/grid1000_seq12_tmax1e5_prefixes_remap40_newmodel_columns/column_0549.tsv to gs://carter-kneading-attempt048/attempt-050/grid1000_seq12_tmax1e5_prefixes_remap40_newmodel_columns/column_0549.tsv
Copying file:///home/carterhinsley/MultimodalMaps.jl/kneading/experiment/attempt-050/grid1000_seq12_tmax1e5_prefixes_remap40_newmodel_columns/column_0550.tsv to gs://carter-kneading-attempt048/attempt-050/grid1000_seq12_tmax1e5_prefixes_remap40_newmodel_columns/column_0550.tsv
Copying file:///home/carterhinsley/MultimodalMaps.jl/kneading/experiment/attempt-050/grid1000_seq12_tmax1e5_prefixes_remap40_newmodel_columns/column_0551.tsv to gs://carter-kneading-attempt048/attempt-050/grid1000_seq12_tmax1e5_prefixes_remap40_newmodel_columns/column_0551.tsv
Copying file:///home/carterhinsley/MultimodalMaps.jl/kneading/experiment/attempt-050/grid1000_seq12_tmax1e5_prefixes_remap40_newmodel_columns/column_0552.tsv to gs://carter-kneading-attempt048/attempt-050/grid1000_seq12_tmax1e5_prefixes_remap40_newmodel_columns/column_0552.tsv
Copying file:///home/carterhinsley/MultimodalMaps.jl/kneading/experiment/attempt-050/grid1000_seq12_tmax1e5_prefixes_remap40_newmodel_columns/column_0553.tsv to gs://carter-kneading-attempt048/attempt-050/grid1000_seq12_tmax1e5_prefixes_remap40_newmodel_columns/column_0553.tsv
Copying file:///home/carterhinsley/MultimodalMaps.jl/kneading/experiment/attempt-050/grid1000_seq12_tmax1e5_prefixes_remap40_newmodel_columns/column_0554.tsv to gs://carter-kneading-attempt048/attempt-050/grid1000_seq12_tmax1e5_prefixes_remap40_newmodel_columns/column_0554.tsv
Copying file:///home/carterhinsley/MultimodalMaps.jl/kneading/experiment/attempt-050/grid1000_seq12_tmax1e5_prefixes_remap40_newmodel_columns/column_0555.tsv to gs://carter-kneading-attempt048/attempt-050/grid1000_seq12_tmax1e5_prefixes_remap40_newmodel_columns/column_0555.tsv
Copying file:///home/carterhinsley/MultimodalMaps.jl/kneading/experiment/attempt-050/grid1000_seq12_tmax1e5_prefixes_remap40_newmodel_columns/column_0556.tsv to gs://carter-kneading-attempt048/attempt-050/grid1000_seq12_tmax1e5_prefixes_remap40_newmodel_columns/column_0556.tsv
Copying file:///home/carterhinsley/MultimodalMaps.jl/kneading/experiment/attempt-050/grid1000_seq12_tmax1e5_prefixes_remap40_newmodel_columns/column_0557.tsv to gs://carter-kneading-attempt048/attempt-050/grid1000_seq12_tmax1e5_prefixes_remap40_newmodel_columns/column_0557.tsv
Copying file:///home/carterhinsley/MultimodalMaps.jl/kneading/experiment/attempt-050/grid1000_seq12_tmax1e5_prefixes_remap40_newmodel_columns/column_0558.tsv to gs://carter-kneading-attempt048/attempt-050/grid1000_seq12_tmax1e5_prefixes_remap40_newmodel_columns/column_0558.tsv
Copying file:///home/carterhinsley/MultimodalMaps.jl/kneading/experiment/attempt-050/grid1000_seq12_tmax1e5_prefixes_remap40_newmodel_columns/column_0559.tsv to gs://carter-kneading-attempt048/attempt-050/grid1000_seq12_tmax1e5_prefixes_remap40_newmodel_columns/column_0559.tsv
Copying file:///home/carterhinsley/MultimodalMaps.jl/kneading/experiment/attempt-050/grid1000_seq12_tmax1e5_prefixes_remap40_newmodel_columns/column_0560.tsv to gs://carter-kneading-attempt048/attempt-050/grid1000_seq12_tmax1e5_prefixes_remap40_newmodel_columns/column_0560.tsv
Copying file:///home/carterhinsley/MultimodalMaps.jl/kneading/experiment/attempt-050/grid1000_seq12_tmax1e5_prefixes_remap40_newmodel_columns/column_0561.tsv to gs://carter-kneading-attempt048/attempt-050/grid1000_seq12_tmax1e5_prefixes_remap40_newmodel_columns/column_0561.tsv
Copying file:///home/carterhinsley/MultimodalMaps.jl/kneading/experiment/attempt-050/grid1000_seq12_tmax1e5_prefixes_remap40_newmodel_columns/column_0562.tsv to gs://carter-kneading-attempt048/attempt-050/grid1000_seq12_tmax1e5_prefixes_remap40_newmodel_columns/column_0562.tsv
Copying file:///home/carterhinsley/MultimodalMaps.jl/kneading/experiment/attempt-050/grid1000_seq12_tmax1e5_prefixes_remap40_newmodel_columns/column_0563.tsv to gs://carter-kneading-attempt048/attempt-050/grid1000_seq12_tmax1e5_prefixes_remap40_newmodel_columns/column_0563.tsv
Copying file:///home/carterhinsley/MultimodalMaps.jl/kneading/experiment/attempt-050/grid1000_seq12_tmax1e5_prefixes_remap40_newmodel_columns/column_0564.tsv to gs://carter-kneading-attempt048/attempt-050/grid1000_seq12_tmax1e5_prefixes_remap40_newmodel_columns/column_0564.tsv
Copying file:///home/carterhinsley/MultimodalMaps.jl/kneading/experiment/attempt-050/grid1000_seq12_tmax1e5_prefixes_remap40_newmodel_columns/column_0565.tsv to gs://carter-kneading-attempt048/attempt-050/grid1000_seq12_tmax1e5_prefixes_remap40_newmodel_columns/column_0565.tsv
Copying file:///home/carterhinsley/MultimodalMaps.jl/kneading/experiment/attempt-050/grid1000_seq12_tmax1e5_prefixes_remap40_newmodel_columns/column_0566.tsv to gs://carter-kneading-attempt048/attempt-050/grid1000_seq12_tmax1e5_prefixes_remap40_newmodel_columns/column_0566.tsv
Copying file:///home/carterhinsley/MultimodalMaps.jl/kneading/experiment/attempt-050/grid1000_seq12_tmax1e5_prefixes_remap40_newmodel_columns/column_0567.tsv to gs://carter-kneading-attempt048/attempt-050/grid1000_seq12_tmax1e5_prefixes_remap40_newmodel_columns/column_0567.tsv
Copying file:///home/carterhinsley/MultimodalMaps.jl/kneading/experiment/attempt-050/grid1000_seq12_tmax1e5_prefixes_remap40_newmodel_columns/column_0568.tsv to gs://carter-kneading-attempt048/attempt-050/grid1000_seq12_tmax1e5_prefixes_remap40_newmodel_columns/column_0568.tsv
Copying file:///home/carterhinsley/MultimodalMaps.jl/kneading/experiment/attempt-050/grid1000_seq12_tmax1e5_prefixes_remap40_newmodel_columns/column_0569.tsv to gs://carter-kneading-attempt048/attempt-050/grid1000_seq12_tmax1e5_prefixes_remap40_newmodel_columns/column_0569.tsv
Copying file:///home/carterhinsley/MultimodalMaps.jl/kneading/experiment/attempt-050/grid1000_seq12_tmax1e5_prefixes_remap40_newmodel_columns/column_0570.tsv to gs://carter-kneading-attempt048/attempt-050/grid1000_seq12_tmax1e5_prefixes_remap40_newmodel_columns/column_0570.tsv
Copying file:///home/carterhinsley/MultimodalMaps.jl/kneading/experiment/attempt-050/grid1000_seq12_tmax1e5_prefixes_remap40_newmodel_columns/column_0571.tsv to gs://carter-kneading-attempt048/attempt-050/grid1000_seq12_tmax1e5_prefixes_remap40_newmodel_columns/column_0571.tsv
.Copying file:///home/carterhinsley/MultimodalMaps.jl/kneading/experiment/attempt-050/grid1000_seq12_tmax1e5_prefixes_remap40_newmodel_columns/column_0572.tsv to gs://carter-kneading-attempt048/attempt-050/grid1000_seq12_tmax1e5_prefixes_remap40_newmodel_columns/column_0572.tsv
Copying file:///home/carterhinsley/MultimodalMaps.jl/kneading/experiment/attempt-050/grid1000_seq12_tmax1e5_prefixes_remap40_newmodel_columns/column_0573.tsv to gs://carter-kneading-attempt048/attempt-050/grid1000_seq12_tmax1e5_prefixes_remap40_newmodel_columns/column_0573.tsv
Copying file:///home/carterhinsley/MultimodalMaps.jl/kneading/experiment/attempt-050/grid1000_seq12_tmax1e5_prefixes_remap40_newmodel_columns/column_0574.tsv to gs://carter-kneading-attempt048/attempt-050/grid1000_seq12_tmax1e5_prefixes_remap40_newmodel_columns/column_0574.tsv
Copying file:///home/carterhinsley/MultimodalMaps.jl/kneading/experiment/attempt-050/grid1000_seq12_tmax1e5_prefixes_remap40_newmodel_columns/column_0575.tsv to gs://carter-kneading-attempt048/attempt-050/grid1000_seq12_tmax1e5_prefixes_remap40_newmodel_columns/column_0575.tsv
Copying file:///home/carterhinsley/MultimodalMaps.jl/kneading/experiment/attempt-050/grid1000_seq12_tmax1e5_prefixes_remap40_newmodel_columns/column_0576.tsv to gs://carter-kneading-attempt048/attempt-050/grid1000_seq12_tmax1e5_prefixes_remap40_newmodel_columns/column_0576.tsv
Copying file:///home/carterhinsley/MultimodalMaps.jl/kneading/experiment/attempt-050/grid1000_seq12_tmax1e5_prefixes_remap40_newmodel_columns/column_0577.tsv to gs://carter-kneading-attempt048/attempt-050/grid1000_seq12_tmax1e5_prefixes_remap40_newmodel_columns/column_0577.tsv
Copying file:///home/carterhinsley/MultimodalMaps.jl/kneading/experiment/attempt-050/grid1000_seq12_tmax1e5_prefixes_remap40_newmodel_columns/column_0578.tsv to gs://carter-kneading-attempt048/attempt-050/grid1000_seq12_tmax1e5_prefixes_remap40_newmodel_columns/column_0578.tsv
Copying file:///home/carterhinsley/MultimodalMaps.jl/kneading/experiment/attempt-050/grid1000_seq12_tmax1e5_prefixes_remap40_newmodel_columns/column_0579.tsv to gs://carter-kneading-attempt048/attempt-050/grid1000_seq12_tmax1e5_prefixes_remap40_newmodel_columns/column_0579.tsv
Copying file:///home/carterhinsley/MultimodalMaps.jl/kneading/experiment/attempt-050/grid1000_seq12_tmax1e5_prefixes_remap40_newmodel_columns/column_0580.tsv to gs://carter-kneading-attempt048/attempt-050/grid1000_seq12_tmax1e5_prefixes_remap40_newmodel_columns/column_0580.tsv
Copying file:///home/carterhinsley/MultimodalMaps.jl/kneading/experiment/attempt-050/grid1000_seq12_tmax1e5_prefixes_remap40_newmodel_columns/column_0581.tsv to gs://carter-kneading-attempt048/attempt-050/grid1000_seq12_tmax1e5_prefixes_remap40_newmodel_columns/column_0581.tsv
Copying file:///home/carterhinsley/MultimodalMaps.jl/kneading/experiment/attempt-050/grid1000_seq12_tmax1e5_prefixes_remap40_newmodel_columns/column_0582.tsv to gs://carter-kneading-attempt048/attempt-050/grid1000_seq12_tmax1e5_prefixes_remap40_newmodel_columns/column_0582.tsv
Copying file:///home/carterhinsley/MultimodalMaps.jl/kneading/experiment/attempt-050/grid1000_seq12_tmax1e5_prefixes_remap40_newmodel_columns/column_0583.tsv to gs://carter-kneading-attempt048/attempt-050/grid1000_seq12_tmax1e5_prefixes_remap40_newmodel_columns/column_0583.tsv
Copying file:///home/carterhinsley/MultimodalMaps.jl/kneading/experiment/attempt-050/grid1000_seq12_tmax1e5_prefixes_remap40_newmodel_columns/column_0584.tsv to gs://carter-kneading-attempt048/attempt-050/grid1000_seq12_tmax1e5_prefixes_remap40_newmodel_columns/column_0584.tsv
Copying file:///home/carterhinsley/MultimodalMaps.jl/kneading/experiment/attempt-050/grid1000_seq12_tmax1e5_prefixes_remap40_newmodel_columns/column_0585.tsv to gs://carter-kneading-attempt048/attempt-050/grid1000_seq12_tmax1e5_prefixes_remap40_newmodel_columns/column_0585.tsv
Copying file:///home/carterhinsley/MultimodalMaps.jl/kneading/experiment/attempt-050/grid1000_seq12_tmax1e5_prefixes_remap40_newmodel_columns/column_0586.tsv to gs://carter-kneading-attempt048/attempt-050/grid1000_seq12_tmax1e5_prefixes_remap40_newmodel_columns/column_0586.tsv
Copying file:///home/carterhinsley/MultimodalMaps.jl/kneading/experiment/attempt-050/grid1000_seq12_tmax1e5_prefixes_remap40_newmodel_columns/column_0587.tsv to gs://carter-kneading-attempt048/attempt-050/grid1000_seq12_tmax1e5_prefixes_remap40_newmodel_columns/column_0587.tsv
Copying file:///home/carterhinsley/MultimodalMaps.jl/kneading/experiment/attempt-050/grid1000_seq12_tmax1e5_prefixes_remap40_newmodel_columns/column_0588.tsv to gs://carter-kneading-attempt048/attempt-050/grid1000_seq12_tmax1e5_prefixes_remap40_newmodel_columns/column_0588.tsv
Copying file:///home/carterhinsley/MultimodalMaps.jl/kneading/experiment/attempt-050/grid1000_seq12_tmax1e5_prefixes_remap40_newmodel_columns/column_0589.tsv to gs://carter-kneading-attempt048/attempt-050/grid1000_seq12_tmax1e5_prefixes_remap40_newmodel_columns/column_0589.tsv
Copying file:///home/carterhinsley/MultimodalMaps.jl/kneading/experiment/attempt-050/grid1000_seq12_tmax1e5_prefixes_remap40_newmodel_columns/column_0590.tsv to gs://carter-kneading-attempt048/attempt-050/grid1000_seq12_tmax1e5_prefixes_remap40_newmodel_columns/column_0590.tsv
Copying file:///home/carterhinsley/MultimodalMaps.jl/kneading/experiment/attempt-050/grid1000_seq12_tmax1e5_prefixes_remap40_newmodel_columns/column_0591.tsv to gs://carter-kneading-attempt048/attempt-050/grid1000_seq12_tmax1e5_prefixes_remap40_newmodel_columns/column_0591.tsv
Copying file:///home/carterhinsley/MultimodalMaps.jl/kneading/experiment/attempt-050/grid1000_seq12_tmax1e5_prefixes_remap40_newmodel_columns/column_0592.tsv to gs://carter-kneading-attempt048/attempt-050/grid1000_seq12_tmax1e5_prefixes_remap40_newmodel_columns/column_0592.tsv
Copying file:///home/carterhinsley/MultimodalMaps.jl/kneading/experiment/attempt-050/grid1000_seq12_tmax1e5_prefixes_remap40_newmodel_columns/column_0593.tsv to gs://carter-kneading-attempt048/attempt-050/grid1000_seq12_tmax1e5_prefixes_remap40_newmodel_columns/column_0593.tsv
Copying file:///home/carterhinsley/MultimodalMaps.jl/kneading/experiment/attempt-050/grid1000_seq12_tmax1e5_prefixes_remap40_newmodel_columns/column_0594.tsv to gs://carter-kneading-attempt048/attempt-050/grid1000_seq12_tmax1e5_prefixes_remap40_newmodel_columns/column_0594.tsv
Copying file:///home/carterhinsley/MultimodalMaps.jl/kneading/experiment/attempt-050/grid1000_seq12_tmax1e5_prefixes_remap40_newmodel_columns/column_0595.tsv to gs://carter-kneading-attempt048/attempt-050/grid1000_seq12_tmax1e5_prefixes_remap40_newmodel_columns/column_0595.tsv
Copying file:///home/carterhinsley/MultimodalMaps.jl/kneading/experiment/attempt-050/grid1000_seq12_tmax1e5_prefixes_remap40_newmodel_columns/column_0596.tsv to gs://carter-kneading-attempt048/attempt-050/grid1000_seq12_tmax1e5_prefixes_remap40_newmodel_columns/column_0596.tsv
Copying file:///home/carterhinsley/MultimodalMaps.jl/kneading/experiment/attempt-050/grid1000_seq12_tmax1e5_prefixes_remap40_newmodel_columns/column_0597.tsv to gs://carter-kneading-attempt048/attempt-050/grid1000_seq12_tmax1e5_prefixes_remap40_newmodel_columns/column_0597.tsv
Copying file:///home/carterhinsley/MultimodalMaps.jl/kneading/experiment/attempt-050/grid1000_seq12_tmax1e5_prefixes_remap40_newmodel_columns/column_0598.tsv to gs://carter-kneading-attempt048/attempt-050/grid1000_seq12_tmax1e5_prefixes_remap40_newmodel_columns/column_0598.tsv
Copying file:///home/carterhinsley/MultimodalMaps.jl/kneading/experiment/attempt-050/grid1000_seq12_tmax1e5_prefixes_remap40_newmodel_columns/column_0599.tsv to gs://carter-kneading-attempt048/attempt-050/grid1000_seq12_tmax1e5_prefixes_remap40_newmodel_columns/column_0599.tsv
Copying file:///home/carterhinsley/MultimodalMaps.jl/kneading/experiment/attempt-050/grid1000_seq12_tmax1e5_prefixes_remap40_newmodel_columns/column_0600.tsv to gs://carter-kneading-attempt048/attempt-050/grid1000_seq12_tmax1e5_prefixes_remap40_newmodel_columns/column_0600.tsv
Copying file:///home/carterhinsley/MultimodalMaps.jl/kneading/experiment/attempt-050/grid1000_seq12_tmax1e5_prefixes_remap40_newmodel_columns/column_0601.tsv to gs://carter-kneading-attempt048/attempt-050/grid1000_seq12_tmax1e5_prefixes_remap40_newmodel_columns/column_0601.tsv
Copying file:///home/carterhinsley/MultimodalMaps.jl/kneading/experiment/attempt-050/grid1000_seq12_tmax1e5_prefixes_remap40_newmodel_columns/column_0602.tsv to gs://carter-kneading-attempt048/attempt-050/grid1000_seq12_tmax1e5_prefixes_remap40_newmodel_columns/column_0602.tsv
Copying file:///home/carterhinsley/MultimodalMaps.jl/kneading/experiment/attempt-050/grid1000_seq12_tmax1e5_prefixes_remap40_newmodel_columns/column_0603.tsv to gs://carter-kneading-attempt048/attempt-050/grid1000_seq12_tmax1e5_prefixes_remap40_newmodel_columns/column_0603.tsv
Copying file:///home/carterhinsley/MultimodalMaps.jl/kneading/experiment/attempt-050/grid1000_seq12_tmax1e5_prefixes_remap40_newmodel_columns/column_0604.tsv to gs://carter-kneading-attempt048/attempt-050/grid1000_seq12_tmax1e5_prefixes_remap40_newmodel_columns/column_0604.tsv
Copying file:///home/carterhinsley/MultimodalMaps.jl/kneading/experiment/attempt-050/grid1000_seq12_tmax1e5_prefixes_remap40_newmodel_columns/column_0605.tsv to gs://carter-kneading-attempt048/attempt-050/grid1000_seq12_tmax1e5_prefixes_remap40_newmodel_columns/column_0605.tsv
Copying file:///home/carterhinsley/MultimodalMaps.jl/kneading/experiment/attempt-050/grid1000_seq12_tmax1e5_prefixes_remap40_newmodel_columns/column_0606.tsv to gs://carter-kneading-attempt048/attempt-050/grid1000_seq12_tmax1e5_prefixes_remap40_newmodel_columns/column_0606.tsv
Copying file:///home/carterhinsley/MultimodalMaps.jl/kneading/experiment/attempt-050/grid1000_seq12_tmax1e5_prefixes_remap40_newmodel_columns/column_0607.tsv to gs://carter-kneading-attempt048/attempt-050/grid1000_seq12_tmax1e5_prefixes_remap40_newmodel_columns/column_0607.tsv
Copying file:///home/carterhinsley/MultimodalMaps.jl/kneading/experiment/attempt-050/grid1000_seq12_tmax1e5_prefixes_remap40_newmodel_columns/column_0608.tsv to gs://carter-kneading-attempt048/attempt-050/grid1000_seq12_tmax1e5_prefixes_remap40_newmodel_columns/column_0608.tsv
Copying file:///home/carterhinsley/MultimodalMaps.jl/kneading/experiment/attempt-050/grid1000_seq12_tmax1e5_prefixes_remap40_newmodel_columns/column_0609.tsv to gs://carter-kneading-attempt048/attempt-050/grid1000_seq12_tmax1e5_prefixes_remap40_newmodel_columns/column_0609.tsv
Copying file:///home/carterhinsley/MultimodalMaps.jl/kneading/experiment/attempt-050/grid1000_seq12_tmax1e5_prefixes_remap40_newmodel_columns/column_0610.tsv to gs://carter-kneading-attempt048/attempt-050/grid1000_seq12_tmax1e5_prefixes_remap40_newmodel_columns/column_0610.tsv
Copying file:///home/carterhinsley/MultimodalMaps.jl/kneading/experiment/attempt-050/grid1000_seq12_tmax1e5_prefixes_remap40_newmodel_columns/column_0611.tsv to gs://carter-kneading-attempt048/attempt-050/grid1000_seq12_tmax1e5_prefixes_remap40_newmodel_columns/column_0611.tsv
Copying file:///home/carterhinsley/MultimodalMaps.jl/kneading/experiment/attempt-050/grid1000_seq12_tmax1e5_prefixes_remap40_newmodel_columns/column_0612.tsv to gs://carter-kneading-attempt048/attempt-050/grid1000_seq12_tmax1e5_prefixes_remap40_newmodel_columns/column_0612.tsv
Copying file:///home/carterhinsley/MultimodalMaps.jl/kneading/experiment/attempt-050/grid1000_seq12_tmax1e5_prefixes_remap40_newmodel_columns/column_0613.tsv to gs://carter-kneading-attempt048/attempt-050/grid1000_seq12_tmax1e5_prefixes_remap40_newmodel_columns/column_0613.tsv
Copying file:///home/carterhinsley/MultimodalMaps.jl/kneading/experiment/attempt-050/grid1000_seq12_tmax1e5_prefixes_remap40_newmodel_columns/column_0614.tsv to gs://carter-kneading-attempt048/attempt-050/grid1000_seq12_tmax1e5_prefixes_remap40_newmodel_columns/column_0614.tsv
Copying file:///home/carterhinsley/MultimodalMaps.jl/kneading/experiment/attempt-050/grid1000_seq12_tmax1e5_prefixes_remap40_newmodel_columns/column_0615.tsv to gs://carter-kneading-attempt048/attempt-050/grid1000_seq12_tmax1e5_prefixes_remap40_newmodel_columns/column_0615.tsv
Copying file:///home/carterhinsley/MultimodalMaps.jl/kneading/experiment/attempt-050/grid1000_seq12_tmax1e5_prefixes_remap40_newmodel_columns/column_0616.tsv to gs://carter-kneading-attempt048/attempt-050/grid1000_seq12_tmax1e5_prefixes_remap40_newmodel_columns/column_0616.tsv
Copying file:///home/carterhinsley/MultimodalMaps.jl/kneading/experiment/attempt-050/grid1000_seq12_tmax1e5_prefixes_remap40_newmodel_columns/column_0617.tsv to gs://carter-kneading-attempt048/attempt-050/grid1000_seq12_tmax1e5_prefixes_remap40_newmodel_columns/column_0617.tsv
Copying file:///home/carterhinsley/MultimodalMaps.jl/kneading/experiment/attempt-050/grid1000_seq12_tmax1e5_prefixes_remap40_newmodel_columns/column_0618.tsv to gs://carter-kneading-attempt048/attempt-050/grid1000_seq12_tmax1e5_prefixes_remap40_newmodel_columns/column_0618.tsv
Copying file:///home/carterhinsley/MultimodalMaps.jl/kneading/experiment/attempt-050/grid1000_seq12_tmax1e5_prefixes_remap40_newmodel_columns/column_0619.tsv to gs://carter-kneading-attempt048/attempt-050/grid1000_seq12_tmax1e5_prefixes_remap40_newmodel_columns/column_0619.tsv
Copying file:///home/carterhinsley/MultimodalMaps.jl/kneading/experiment/attempt-050/grid1000_seq12_tmax1e5_prefixes_remap40_newmodel_columns/column_0620.tsv to gs://carter-kneading-attempt048/attempt-050/grid1000_seq12_tmax1e5_prefixes_remap40_newmodel_columns/column_0620.tsv
Copying file:///home/carterhinsley/MultimodalMaps.jl/kneading/experiment/attempt-050/grid1000_seq12_tmax1e5_prefixes_remap40_newmodel_columns/column_0621.tsv to gs://carter-kneading-attempt048/attempt-050/grid1000_seq12_tmax1e5_prefixes_remap40_newmodel_columns/column_0621.tsv
Copying file:///home/carterhinsley/MultimodalMaps.jl/kneading/experiment/attempt-050/grid1000_seq12_tmax1e5_prefixes_remap40_newmodel_columns/column_0622.tsv to gs://carter-kneading-attempt048/attempt-050/grid1000_seq12_tmax1e5_prefixes_remap40_newmodel_columns/column_0622.tsv
Copying file:///home/carterhinsley/MultimodalMaps.jl/kneading/experiment/attempt-050/grid1000_seq12_tmax1e5_prefixes_remap40_newmodel_columns/column_0623.tsv to gs://carter-kneading-attempt048/attempt-050/grid1000_seq12_tmax1e5_prefixes_remap40_newmodel_columns/column_0623.tsv
Copying file:///home/carterhinsley/MultimodalMaps.jl/kneading/experiment/attempt-050/grid1000_seq12_tmax1e5_prefixes_remap40_newmodel_columns/column_0624.tsv to gs://carter-kneading-attempt048/attempt-050/grid1000_seq12_tmax1e5_prefixes_remap40_newmodel_columns/column_0624.tsv
Copying file:///home/carterhinsley/MultimodalMaps.jl/kneading/experiment/attempt-050/grid1000_seq12_tmax1e5_prefixes_remap40_newmodel_columns/column_0625.tsv to gs://carter-kneading-attempt048/attempt-050/grid1000_seq12_tmax1e5_prefixes_remap40_newmodel_columns/column_0625.tsv
Copying file:///home/carterhinsley/MultimodalMaps.jl/kneading/experiment/attempt-050/grid1000_seq12_tmax1e5_prefixes_remap40_newmodel_columns/column_0626.tsv to gs://carter-kneading-attempt048/attempt-050/grid1000_seq12_tmax1e5_prefixes_remap40_newmodel_columns/column_0626.tsv
Copying file:///home/carterhinsley/MultimodalMaps.jl/kneading/experiment/attempt-050/grid1000_seq12_tmax1e5_prefixes_remap40_newmodel_columns/column_0627.tsv to gs://carter-kneading-attempt048/attempt-050/grid1000_seq12_tmax1e5_prefixes_remap40_newmodel_columns/column_0627.tsv
Copying file:///home/carterhinsley/MultimodalMaps.jl/kneading/experiment/attempt-050/grid1000_seq12_tmax1e5_prefixes_remap40_newmodel_columns/column_0628.tsv to gs://carter-kneading-attempt048/attempt-050/grid1000_seq12_tmax1e5_prefixes_remap40_newmodel_columns/column_0628.tsv
Copying file:///home/carterhinsley/MultimodalMaps.jl/kneading/experiment/attempt-050/grid1000_seq12_tmax1e5_prefixes_remap40_newmodel_columns/column_0629.tsv to gs://carter-kneading-attempt048/attempt-050/grid1000_seq12_tmax1e5_prefixes_remap40_newmodel_columns/column_0629.tsv
Copying file:///home/carterhinsley/MultimodalMaps.jl/kneading/experiment/attempt-050/grid1000_seq12_tmax1e5_prefixes_remap40_newmodel_columns/column_0630.tsv to gs://carter-kneading-attempt048/attempt-050/grid1000_seq12_tmax1e5_prefixes_remap40_newmodel_columns/column_0630.tsv
Copying file:///home/carterhinsley/MultimodalMaps.jl/kneading/experiment/attempt-050/grid1000_seq12_tmax1e5_prefixes_remap40_newmodel_columns/column_0631.tsv to gs://carter-kneading-attempt048/attempt-050/grid1000_seq12_tmax1e5_prefixes_remap40_newmodel_columns/column_0631.tsv
Copying file:///home/carterhinsley/MultimodalMaps.jl/kneading/experiment/attempt-050/grid1000_seq12_tmax1e5_prefixes_remap40_newmodel_columns/column_0632.tsv to gs://carter-kneading-attempt048/attempt-050/grid1000_seq12_tmax1e5_prefixes_remap40_newmodel_columns/column_0632.tsv
Copying file:///home/carterhinsley/MultimodalMaps.jl/kneading/experiment/attempt-050/grid1000_seq12_tmax1e5_prefixes_remap40_newmodel_columns/column_0633.tsv to gs://carter-kneading-attempt048/attempt-050/grid1000_seq12_tmax1e5_prefixes_remap40_newmodel_columns/column_0633.tsv
Copying file:///home/carterhinsley/MultimodalMaps.jl/kneading/experiment/attempt-050/grid1000_seq12_tmax1e5_prefixes_remap40_newmodel_columns/column_0634.tsv to gs://carter-kneading-attempt048/attempt-050/grid1000_seq12_tmax1e5_prefixes_remap40_newmodel_columns/column_0634.tsv
Copying file:///home/carterhinsley/MultimodalMaps.jl/kneading/experiment/attempt-050/grid1000_seq12_tmax1e5_prefixes_remap40_newmodel_columns/column_0635.tsv to gs://carter-kneading-attempt048/attempt-050/grid1000_seq12_tmax1e5_prefixes_remap40_newmodel_columns/column_0635.tsv
Copying file:///home/carterhinsley/MultimodalMaps.jl/kneading/experiment/attempt-050/grid1000_seq12_tmax1e5_prefixes_remap40_newmodel_columns/column_0636.tsv to gs://carter-kneading-attempt048/attempt-050/grid1000_seq12_tmax1e5_prefixes_remap40_newmodel_columns/column_0636.tsv
Copying file:///home/carterhinsley/MultimodalMaps.jl/kneading/experiment/attempt-050/grid1000_seq12_tmax1e5_prefixes_remap40_newmodel_columns/column_0637.tsv to gs://carter-kneading-attempt048/attempt-050/grid1000_seq12_tmax1e5_prefixes_remap40_newmodel_columns/column_0637.tsv
Copying file:///home/carterhinsley/MultimodalMaps.jl/kneading/experiment/attempt-050/grid1000_seq12_tmax1e5_prefixes_remap40_newmodel_columns/column_0638.tsv to gs://carter-kneading-attempt048/attempt-050/grid1000_seq12_tmax1e5_prefixes_remap40_newmodel_columns/column_0638.tsv
Copying file:///home/carterhinsley/MultimodalMaps.jl/kneading/experiment/attempt-050/grid1000_seq12_tmax1e5_prefixes_remap40_newmodel_columns/column_0639.tsv to gs://carter-kneading-attempt048/attempt-050/grid1000_seq12_tmax1e5_prefixes_remap40_newmodel_columns/column_0639.tsv
Copying file:///home/carterhinsley/MultimodalMaps.jl/kneading/experiment/attempt-050/grid1000_seq12_tmax1e5_prefixes_remap40_newmodel_columns/column_0640.tsv to gs://carter-kneading-attempt048/attempt-050/grid1000_seq12_tmax1e5_prefixes_remap40_newmodel_columns/column_0640.tsv
Copying file:///home/carterhinsley/MultimodalMaps.jl/kneading/experiment/attempt-050/grid1000_seq12_tmax1e5_prefixes_remap40_newmodel_columns/column_0641.tsv to gs://carter-kneading-attempt048/attempt-050/grid1000_seq12_tmax1e5_prefixes_remap40_newmodel_columns/column_0641.tsv
Copying file:///home/carterhinsley/MultimodalMaps.jl/kneading/experiment/attempt-050/grid1000_seq12_tmax1e5_prefixes_remap40_newmodel_columns/column_0642.tsv to gs://carter-kneading-attempt048/attempt-050/grid1000_seq12_tmax1e5_prefixes_remap40_newmodel_columns/column_0642.tsv
Copying file:///home/carterhinsley/MultimodalMaps.jl/kneading/experiment/attempt-050/grid1000_seq12_tmax1e5_prefixes_remap40_newmodel_columns/column_0643.tsv to gs://carter-kneading-attempt048/attempt-050/grid1000_seq12_tmax1e5_prefixes_remap40_newmodel_columns/column_0643.tsv
Copying file:///home/carterhinsley/MultimodalMaps.jl/kneading/experiment/attempt-050/grid1000_seq12_tmax1e5_prefixes_remap40_newmodel_columns/column_0644.tsv to gs://carter-kneading-attempt048/attempt-050/grid1000_seq12_tmax1e5_prefixes_remap40_newmodel_columns/column_0644.tsv
Copying file:///home/carterhinsley/MultimodalMaps.jl/kneading/experiment/attempt-050/grid1000_seq12_tmax1e5_prefixes_remap40_newmodel_columns/column_0645.tsv to gs://carter-kneading-attempt048/attempt-050/grid1000_seq12_tmax1e5_prefixes_remap40_newmodel_columns/column_0645.tsv
Copying file:///home/carterhinsley/MultimodalMaps.jl/kneading/experiment/attempt-050/grid1000_seq12_tmax1e5_prefixes_remap40_newmodel_columns/column_0646.tsv to gs://carter-kneading-attempt048/attempt-050/grid1000_seq12_tmax1e5_prefixes_remap40_newmodel_columns/column_0646.tsv
Copying file:///home/carterhinsley/MultimodalMaps.jl/kneading/experiment/attempt-050/grid1000_seq12_tmax1e5_prefixes_remap40_newmodel_columns/column_0647.tsv to gs://carter-kneading-attempt048/attempt-050/grid1000_seq12_tmax1e5_prefixes_remap40_newmodel_columns/column_0647.tsv
Copying file:///home/carterhinsley/MultimodalMaps.jl/kneading/experiment/attempt-050/grid1000_seq12_tmax1e5_prefixes_remap40_newmodel_columns/column_0648.tsv to gs://carter-kneading-attempt048/attempt-050/grid1000_seq12_tmax1e5_prefixes_remap40_newmodel_columns/column_0648.tsv
Copying file:///home/carterhinsley/MultimodalMaps.jl/kneading/experiment/attempt-050/grid1000_seq12_tmax1e5_prefixes_remap40_newmodel_columns/column_0649.tsv to gs://carter-kneading-attempt048/attempt-050/grid1000_seq12_tmax1e5_prefixes_remap40_newmodel_columns/column_0649.tsv
Copying file:///home/carterhinsley/MultimodalMaps.jl/kneading/experiment/attempt-050/grid1000_seq12_tmax1e5_prefixes_remap40_newmodel_columns/column_0650.tsv to gs://carter-kneading-attempt048/attempt-050/grid1000_seq12_tmax1e5_prefixes_remap40_newmodel_columns/column_0650.tsv
Copying file:///home/carterhinsley/MultimodalMaps.jl/kneading/experiment/attempt-050/grid1000_seq12_tmax1e5_prefixes_remap40_newmodel_columns/column_0651.tsv to gs://carter-kneading-attempt048/attempt-050/grid1000_seq12_tmax1e5_prefixes_remap40_newmodel_columns/column_0651.tsv
Copying file:///home/carterhinsley/MultimodalMaps.jl/kneading/experiment/attempt-050/grid1000_seq12_tmax1e5_prefixes_remap40_newmodel_columns/column_0652.tsv to gs://carter-kneading-attempt048/attempt-050/grid1000_seq12_tmax1e5_prefixes_remap40_newmodel_columns/column_0652.tsv
Copying file:///home/carterhinsley/MultimodalMaps.jl/kneading/experiment/attempt-050/grid1000_seq12_tmax1e5_prefixes_remap40_newmodel_columns/column_0653.tsv to gs://carter-kneading-attempt048/attempt-050/grid1000_seq12_tmax1e5_prefixes_remap40_newmodel_columns/column_0653.tsv
Copying file:///home/carterhinsley/MultimodalMaps.jl/kneading/experiment/attempt-050/grid1000_seq12_tmax1e5_prefixes_remap40_newmodel_columns/column_0654.tsv to gs://carter-kneading-attempt048/attempt-050/grid1000_seq12_tmax1e5_prefixes_remap40_newmodel_columns/column_0654.tsv
Copying file:///home/carterhinsley/MultimodalMaps.jl/kneading/experiment/attempt-050/grid1000_seq12_tmax1e5_prefixes_remap40_newmodel_columns/column_0655.tsv to gs://carter-kneading-attempt048/attempt-050/grid1000_seq12_tmax1e5_prefixes_remap40_newmodel_columns/column_0655.tsv
Copying file:///home/carterhinsley/MultimodalMaps.jl/kneading/experiment/attempt-050/grid1000_seq12_tmax1e5_prefixes_remap40_newmodel_columns/column_0656.tsv to gs://carter-kneading-attempt048/attempt-050/grid1000_seq12_tmax1e5_prefixes_remap40_newmodel_columns/column_0656.tsv
Copying file:///home/carterhinsley/MultimodalMaps.jl/kneading/experiment/attempt-050/grid1000_seq12_tmax1e5_prefixes_remap40_newmodel_columns/column_0657.tsv to gs://carter-kneading-attempt048/attempt-050/grid1000_seq12_tmax1e5_prefixes_remap40_newmodel_columns/column_0657.tsv
Copying file:///home/carterhinsley/MultimodalMaps.jl/kneading/experiment/attempt-050/grid1000_seq12_tmax1e5_prefixes_remap40_newmodel_columns/column_0658.tsv to gs://carter-kneading-attempt048/attempt-050/grid1000_seq12_tmax1e5_prefixes_remap40_newmodel_columns/column_0658.tsv
Copying file:///home/carterhinsley/MultimodalMaps.jl/kneading/experiment/attempt-050/grid1000_seq12_tmax1e5_prefixes_remap40_newmodel_columns/column_0659.tsv to gs://carter-kneading-attempt048/attempt-050/grid1000_seq12_tmax1e5_prefixes_remap40_newmodel_columns/column_0659.tsv
Copying file:///home/carterhinsley/MultimodalMaps.jl/kneading/experiment/attempt-050/grid1000_seq12_tmax1e5_prefixes_remap40_newmodel_columns/column_0660.tsv to gs://carter-kneading-attempt048/attempt-050/grid1000_seq12_tmax1e5_prefixes_remap40_newmodel_columns/column_0660.tsv
Copying file:///home/carterhinsley/MultimodalMaps.jl/kneading/experiment/attempt-050/grid1000_seq12_tmax1e5_prefixes_remap40_newmodel_columns/column_0661.tsv to gs://carter-kneading-attempt048/attempt-050/grid1000_seq12_tmax1e5_prefixes_remap40_newmodel_columns/column_0661.tsv
Copying file:///home/carterhinsley/MultimodalMaps.jl/kneading/experiment/attempt-050/grid1000_seq12_tmax1e5_prefixes_remap40_newmodel_columns/column_0662.tsv to gs://carter-kneading-attempt048/attempt-050/grid1000_seq12_tmax1e5_prefixes_remap40_newmodel_columns/column_0662.tsv
Copying file:///home/carterhinsley/MultimodalMaps.jl/kneading/experiment/attempt-050/grid1000_seq12_tmax1e5_prefixes_remap40_newmodel_columns/column_0663.tsv to gs://carter-kneading-attempt048/attempt-050/grid1000_seq12_tmax1e5_prefixes_remap40_newmodel_columns/column_0663.tsv
Copying file:///home/carterhinsley/MultimodalMaps.jl/kneading/experiment/attempt-050/grid1000_seq12_tmax1e5_prefixes_remap40_newmodel_columns/column_0664.tsv to gs://carter-kneading-attempt048/attempt-050/grid1000_seq12_tmax1e5_prefixes_remap40_newmodel_columns/column_0664.tsv
Copying file:///home/carterhinsley/MultimodalMaps.jl/kneading/experiment/attempt-050/grid1000_seq12_tmax1e5_prefixes_remap40_newmodel_columns/column_0665.tsv to gs://carter-kneading-attempt048/attempt-050/grid1000_seq12_tmax1e5_prefixes_remap40_newmodel_columns/column_0665.tsv
Copying file:///home/carterhinsley/MultimodalMaps.jl/kneading/experiment/attempt-050/grid1000_seq12_tmax1e5_prefixes_remap40_newmodel_columns/column_0666.tsv to gs://carter-kneading-attempt048/attempt-050/grid1000_seq12_tmax1e5_prefixes_remap40_newmodel_columns/column_0666.tsv
Copying file:///home/carterhinsley/MultimodalMaps.jl/kneading/experiment/attempt-050/grid1000_seq12_tmax1e5_prefixes_remap40_newmodel_columns/column_0667.tsv to gs://carter-kneading-attempt048/attempt-050/grid1000_seq12_tmax1e5_prefixes_remap40_newmodel_columns/column_0667.tsv
Copying file:///home/carterhinsley/MultimodalMaps.jl/kneading/experiment/attempt-050/grid1000_seq12_tmax1e5_prefixes_remap40_newmodel_columns/column_0668.tsv to gs://carter-kneading-attempt048/attempt-050/grid1000_seq12_tmax1e5_prefixes_remap40_newmodel_columns/column_0668.tsv
Copying file:///home/carterhinsley/MultimodalMaps.jl/kneading/experiment/attempt-050/grid1000_seq12_tmax1e5_prefixes_remap40_newmodel_columns/column_0669.tsv to gs://carter-kneading-attempt048/attempt-050/grid1000_seq12_tmax1e5_prefixes_remap40_newmodel_columns/column_0669.tsv
Copying file:///home/carterhinsley/MultimodalMaps.jl/kneading/experiment/attempt-050/grid1000_seq12_tmax1e5_prefixes_remap40_newmodel_columns/column_0670.tsv to gs://carter-kneading-attempt048/attempt-050/grid1000_seq12_tmax1e5_prefixes_remap40_newmodel_columns/column_0670.tsv
Copying file:///home/carterhinsley/MultimodalMaps.jl/kneading/experiment/attempt-050/grid1000_seq12_tmax1e5_prefixes_remap40_newmodel_columns/column_0671.tsv to gs://carter-kneading-attempt048/attempt-050/grid1000_seq12_tmax1e5_prefixes_remap40_newmodel_columns/column_0671.tsv
Copying file:///home/carterhinsley/MultimodalMaps.jl/kneading/experiment/attempt-050/grid1000_seq12_tmax1e5_prefixes_remap40_newmodel_columns/column_0672.tsv to gs://carter-kneading-attempt048/attempt-050/grid1000_seq12_tmax1e5_prefixes_remap40_newmodel_columns/column_0672.tsv
Copying file:///home/carterhinsley/MultimodalMaps.jl/kneading/experiment/attempt-050/grid1000_seq12_tmax1e5_prefixes_remap40_newmodel_columns/column_0673.tsv to gs://carter-kneading-attempt048/attempt-050/grid1000_seq12_tmax1e5_prefixes_remap40_newmodel_columns/column_0673.tsv
Copying file:///home/carterhinsley/MultimodalMaps.jl/kneading/experiment/attempt-050/grid1000_seq12_tmax1e5_prefixes_remap40_newmodel_columns/column_0674.tsv to gs://carter-kneading-attempt048/attempt-050/grid1000_seq12_tmax1e5_prefixes_remap40_newmodel_columns/column_0674.tsv
Copying file:///home/carterhinsley/MultimodalMaps.jl/kneading/experiment/attempt-050/grid1000_seq12_tmax1e5_prefixes_remap40_newmodel_columns/column_0675.tsv to gs://carter-kneading-attempt048/attempt-050/grid1000_seq12_tmax1e5_prefixes_remap40_newmodel_columns/column_0675.tsv
Copying file:///home/carterhinsley/MultimodalMaps.jl/kneading/experiment/attempt-050/grid1000_seq12_tmax1e5_prefixes_remap40_newmodel_columns/column_0676.tsv to gs://carter-kneading-attempt048/attempt-050/grid1000_seq12_tmax1e5_prefixes_remap40_newmodel_columns/column_0676.tsv
Copying file:///home/carterhinsley/MultimodalMaps.jl/kneading/experiment/attempt-050/grid1000_seq12_tmax1e5_prefixes_remap40_newmodel_columns/column_0677.tsv to gs://carter-kneading-attempt048/attempt-050/grid1000_seq12_tmax1e5_prefixes_remap40_newmodel_columns/column_0677.tsv
Copying file:///home/carterhinsley/MultimodalMaps.jl/kneading/experiment/attempt-050/grid1000_seq12_tmax1e5_prefixes_remap40_newmodel_columns/column_0678.tsv to gs://carter-kneading-attempt048/attempt-050/grid1000_seq12_tmax1e5_prefixes_remap40_newmodel_columns/column_0678.tsv
Copying file:///home/carterhinsley/MultimodalMaps.jl/kneading/experiment/attempt-050/grid1000_seq12_tmax1e5_prefixes_remap40_newmodel_columns/column_0679.tsv to gs://carter-kneading-attempt048/attempt-050/grid1000_seq12_tmax1e5_prefixes_remap40_newmodel_columns/column_0679.tsv
Copying file:///home/carterhinsley/MultimodalMaps.jl/kneading/experiment/attempt-050/grid1000_seq12_tmax1e5_prefixes_remap40_newmodel_columns/column_0680.tsv to gs://carter-kneading-attempt048/attempt-050/grid1000_seq12_tmax1e5_prefixes_remap40_newmodel_columns/column_0680.tsv
Copying file:///home/carterhinsley/MultimodalMaps.jl/kneading/experiment/attempt-050/grid1000_seq12_tmax1e5_prefixes_remap40_newmodel_columns/column_0681.tsv to gs://carter-kneading-attempt048/attempt-050/grid1000_seq12_tmax1e5_prefixes_remap40_newmodel_columns/column_0681.tsv
Copying file:///home/carterhinsley/MultimodalMaps.jl/kneading/experiment/attempt-050/grid1000_seq12_tmax1e5_prefixes_remap40_newmodel_columns/column_0682.tsv to gs://carter-kneading-attempt048/attempt-050/grid1000_seq12_tmax1e5_prefixes_remap40_newmodel_columns/column_0682.tsv
Copying file:///home/carterhinsley/MultimodalMaps.jl/kneading/experiment/attempt-050/grid1000_seq12_tmax1e5_prefixes_remap40_newmodel_columns/column_0683.tsv to gs://carter-kneading-attempt048/attempt-050/grid1000_seq12_tmax1e5_prefixes_remap40_newmodel_columns/column_0683.tsv
Copying file:///home/carterhinsley/MultimodalMaps.jl/kneading/experiment/attempt-050/grid1000_seq12_tmax1e5_prefixes_remap40_newmodel_columns/column_0684.tsv to gs://carter-kneading-attempt048/attempt-050/grid1000_seq12_tmax1e5_prefixes_remap40_newmodel_columns/column_0684.tsv
Copying file:///home/carterhinsley/MultimodalMaps.jl/kneading/experiment/attempt-050/grid1000_seq12_tmax1e5_prefixes_remap40_newmodel_columns/column_0685.tsv to gs://carter-kneading-attempt048/attempt-050/grid1000_seq12_tmax1e5_prefixes_remap40_newmodel_columns/column_0685.tsv
Copying file:///home/carterhinsley/MultimodalMaps.jl/kneading/experiment/attempt-050/grid1000_seq12_tmax1e5_prefixes_remap40_newmodel_columns/column_0686.tsv to gs://carter-kneading-attempt048/attempt-050/grid1000_seq12_tmax1e5_prefixes_remap40_newmodel_columns/column_0686.tsv
Copying file:///home/carterhinsley/MultimodalMaps.jl/kneading/experiment/attempt-050/grid1000_seq12_tmax1e5_prefixes_remap40_newmodel_columns/column_0687.tsv to gs://carter-kneading-attempt048/attempt-050/grid1000_seq12_tmax1e5_prefixes_remap40_newmodel_columns/column_0687.tsv
Copying file:///home/carterhinsley/MultimodalMaps.jl/kneading/experiment/attempt-050/grid1000_seq12_tmax1e5_prefixes_remap40_newmodel_columns/column_0688.tsv to gs://carter-kneading-attempt048/attempt-050/grid1000_seq12_tmax1e5_prefixes_remap40_newmodel_columns/column_0688.tsv
Copying file:///home/carterhinsley/MultimodalMaps.jl/kneading/experiment/attempt-050/grid1000_seq12_tmax1e5_prefixes_remap40_newmodel_columns/column_0689.tsv to gs://carter-kneading-attempt048/attempt-050/grid1000_seq12_tmax1e5_prefixes_remap40_newmodel_columns/column_0689.tsv
Copying file:///home/carterhinsley/MultimodalMaps.jl/kneading/experiment/attempt-050/grid1000_seq12_tmax1e5_prefixes_remap40_newmodel_columns/column_0690.tsv to gs://carter-kneading-attempt048/attempt-050/grid1000_seq12_tmax1e5_prefixes_remap40_newmodel_columns/column_0690.tsv
Copying file:///home/carterhinsley/MultimodalMaps.jl/kneading/experiment/attempt-050/grid1000_seq12_tmax1e5_prefixes_remap40_newmodel_columns/column_0691.tsv to gs://carter-kneading-attempt048/attempt-050/grid1000_seq12_tmax1e5_prefixes_remap40_newmodel_columns/column_0691.tsv
Copying file:///home/carterhinsley/MultimodalMaps.jl/kneading/experiment/attempt-050/grid1000_seq12_tmax1e5_prefixes_remap40_newmodel_columns/column_0692.tsv to gs://carter-kneading-attempt048/attempt-050/grid1000_seq12_tmax1e5_prefixes_remap40_newmodel_columns/column_0692.tsv
Copying file:///home/carterhinsley/MultimodalMaps.jl/kneading/experiment/attempt-050/grid1000_seq12_tmax1e5_prefixes_remap40_newmodel_columns/column_0693.tsv to gs://carter-kneading-attempt048/attempt-050/grid1000_seq12_tmax1e5_prefixes_remap40_newmodel_columns/column_0693.tsv
Copying file:///home/carterhinsley/MultimodalMaps.jl/kneading/experiment/attempt-050/grid1000_seq12_tmax1e5_prefixes_remap40_newmodel_columns/column_0694.tsv to gs://carter-kneading-attempt048/attempt-050/grid1000_seq12_tmax1e5_prefixes_remap40_newmodel_columns/column_0694.tsv
Copying file:///home/carterhinsley/MultimodalMaps.jl/kneading/experiment/attempt-050/grid1000_seq12_tmax1e5_prefixes_remap40_newmodel_columns/column_0695.tsv to gs://carter-kneading-attempt048/attempt-050/grid1000_seq12_tmax1e5_prefixes_remap40_newmodel_columns/column_0695.tsv
Copying file:///home/carterhinsley/MultimodalMaps.jl/kneading/experiment/attempt-050/grid1000_seq12_tmax1e5_prefixes_remap40_newmodel_columns/column_0696.tsv to gs://carter-kneading-attempt048/attempt-050/grid1000_seq12_tmax1e5_prefixes_remap40_newmodel_columns/column_0696.tsv
Copying file:///home/carterhinsley/MultimodalMaps.jl/kneading/experiment/attempt-050/grid1000_seq12_tmax1e5_prefixes_remap40_newmodel_columns/column_0697.tsv to gs://carter-kneading-attempt048/attempt-050/grid1000_seq12_tmax1e5_prefixes_remap40_newmodel_columns/column_0697.tsv
Copying file:///home/carterhinsley/MultimodalMaps.jl/kneading/experiment/attempt-050/grid1000_seq12_tmax1e5_prefixes_remap40_newmodel_columns/column_0698.tsv to gs://carter-kneading-attempt048/attempt-050/grid1000_seq12_tmax1e5_prefixes_remap40_newmodel_columns/column_0698.tsv
Copying file:///home/carterhinsley/MultimodalMaps.jl/kneading/experiment/attempt-050/grid1000_seq12_tmax1e5_prefixes_remap40_newmodel_columns/column_0699.tsv to gs://carter-kneading-attempt048/attempt-050/grid1000_seq12_tmax1e5_prefixes_remap40_newmodel_columns/column_0699.tsv
Copying file:///home/carterhinsley/MultimodalMaps.jl/kneading/experiment/attempt-050/grid1000_seq12_tmax1e5_prefixes_remap40_newmodel_columns/column_0700.tsv to gs://carter-kneading-attempt048/attempt-050/grid1000_seq12_tmax1e5_prefixes_remap40_newmodel_columns/column_0700.tsv
Copying file:///home/carterhinsley/MultimodalMaps.jl/kneading/experiment/attempt-050/grid1000_seq12_tmax1e5_prefixes_remap40_newmodel_columns/column_0701.tsv to gs://carter-kneading-attempt048/attempt-050/grid1000_seq12_tmax1e5_prefixes_remap40_newmodel_columns/column_0701.tsv
Copying file:///home/carterhinsley/MultimodalMaps.jl/kneading/experiment/attempt-050/grid1000_seq12_tmax1e5_prefixes_remap40_newmodel_columns/column_0702.tsv to gs://carter-kneading-attempt048/attempt-050/grid1000_seq12_tmax1e5_prefixes_remap40_newmodel_columns/column_0702.tsv
Copying file:///home/carterhinsley/MultimodalMaps.jl/kneading/experiment/attempt-050/grid1000_seq12_tmax1e5_prefixes_remap40_newmodel_columns/column_0703.tsv to gs://carter-kneading-attempt048/attempt-050/grid1000_seq12_tmax1e5_prefixes_remap40_newmodel_columns/column_0703.tsv
Copying file:///home/carterhinsley/MultimodalMaps.jl/kneading/experiment/attempt-050/grid1000_seq12_tmax1e5_prefixes_remap40_newmodel_columns/column_0704.tsv to gs://carter-kneading-attempt048/attempt-050/grid1000_seq12_tmax1e5_prefixes_remap40_newmodel_columns/column_0704.tsv
Copying file:///home/carterhinsley/MultimodalMaps.jl/kneading/experiment/attempt-050/grid1000_seq12_tmax1e5_prefixes_remap40_newmodel_columns/column_0705.tsv to gs://carter-kneading-attempt048/attempt-050/grid1000_seq12_tmax1e5_prefixes_remap40_newmodel_columns/column_0705.tsv
Copying file:///home/carterhinsley/MultimodalMaps.jl/kneading/experiment/attempt-050/grid1000_seq12_tmax1e5_prefixes_remap40_newmodel_columns/column_0706.tsv to gs://carter-kneading-attempt048/attempt-050/grid1000_seq12_tmax1e5_prefixes_remap40_newmodel_columns/column_0706.tsv
Copying file:///home/carterhinsley/MultimodalMaps.jl/kneading/experiment/attempt-050/grid1000_seq12_tmax1e5_prefixes_remap40_newmodel_columns/column_0707.tsv to gs://carter-kneading-attempt048/attempt-050/grid1000_seq12_tmax1e5_prefixes_remap40_newmodel_columns/column_0707.tsv
Copying file:///home/carterhinsley/MultimodalMaps.jl/kneading/experiment/attempt-050/grid1000_seq12_tmax1e5_prefixes_remap40_newmodel_columns/column_0708.tsv to gs://carter-kneading-attempt048/attempt-050/grid1000_seq12_tmax1e5_prefixes_remap40_newmodel_columns/column_0708.tsv
Copying file:///home/carterhinsley/MultimodalMaps.jl/kneading/experiment/attempt-050/grid1000_seq12_tmax1e5_prefixes_remap40_newmodel_columns/column_0709.tsv to gs://carter-kneading-attempt048/attempt-050/grid1000_seq12_tmax1e5_prefixes_remap40_newmodel_columns/column_0709.tsv
Copying file:///home/carterhinsley/MultimodalMaps.jl/kneading/experiment/attempt-050/grid1000_seq12_tmax1e5_prefixes_remap40_newmodel_columns/column_0710.tsv to gs://carter-kneading-attempt048/attempt-050/grid1000_seq12_tmax1e5_prefixes_remap40_newmodel_columns/column_0710.tsv
Copying file:///home/carterhinsley/MultimodalMaps.jl/kneading/experiment/attempt-050/grid1000_seq12_tmax1e5_prefixes_remap40_newmodel_columns/column_0711.tsv to gs://carter-kneading-attempt048/attempt-050/grid1000_seq12_tmax1e5_prefixes_remap40_newmodel_columns/column_0711.tsv
Copying file:///home/carterhinsley/MultimodalMaps.jl/kneading/experiment/attempt-050/grid1000_seq12_tmax1e5_prefixes_remap40_newmodel_columns/column_0712.tsv to gs://carter-kneading-attempt048/attempt-050/grid1000_seq12_tmax1e5_prefixes_remap40_newmodel_columns/column_0712.tsv
Copying file:///home/carterhinsley/MultimodalMaps.jl/kneading/experiment/attempt-050/grid1000_seq12_tmax1e5_prefixes_remap40_newmodel_columns/column_0713.tsv to gs://carter-kneading-attempt048/attempt-050/grid1000_seq12_tmax1e5_prefixes_remap40_newmodel_columns/column_0713.tsv
Copying file:///home/carterhinsley/MultimodalMaps.jl/kneading/experiment/attempt-050/grid1000_seq12_tmax1e5_prefixes_remap40_newmodel_columns/column_0714.tsv to gs://carter-kneading-attempt048/attempt-050/grid1000_seq12_tmax1e5_prefixes_remap40_newmodel_columns/column_0714.tsv
Copying file:///home/carterhinsley/MultimodalMaps.jl/kneading/experiment/attempt-050/grid1000_seq12_tmax1e5_prefixes_remap40_newmodel_columns/column_0715.tsv to gs://carter-kneading-attempt048/attempt-050/grid1000_seq12_tmax1e5_prefixes_remap40_newmodel_columns/column_0715.tsv
Copying file:///home/carterhinsley/MultimodalMaps.jl/kneading/experiment/attempt-050/grid1000_seq12_tmax1e5_prefixes_remap40_newmodel_columns/column_0716.tsv to gs://carter-kneading-attempt048/attempt-050/grid1000_seq12_tmax1e5_prefixes_remap40_newmodel_columns/column_0716.tsv
Copying file:///home/carterhinsley/MultimodalMaps.jl/kneading/experiment/attempt-050/grid1000_seq12_tmax1e5_prefixes_remap40_newmodel_columns/column_0717.tsv to gs://carter-kneading-attempt048/attempt-050/grid1000_seq12_tmax1e5_prefixes_remap40_newmodel_columns/column_0717.tsv
Copying file:///home/carterhinsley/MultimodalMaps.jl/kneading/experiment/attempt-050/grid1000_seq12_tmax1e5_prefixes_remap40_newmodel_columns/column_0718.tsv to gs://carter-kneading-attempt048/attempt-050/grid1000_seq12_tmax1e5_prefixes_remap40_newmodel_columns/column_0718.tsv
Copying file:///home/carterhinsley/MultimodalMaps.jl/kneading/experiment/attempt-050/grid1000_seq12_tmax1e5_prefixes_remap40_newmodel_columns/column_0719.tsv to gs://carter-kneading-attempt048/attempt-050/grid1000_seq12_tmax1e5_prefixes_remap40_newmodel_columns/column_0719.tsv
Copying file:///home/carterhinsley/MultimodalMaps.jl/kneading/experiment/attempt-050/grid1000_seq12_tmax1e5_prefixes_remap40_newmodel_columns/column_0720.tsv to gs://carter-kneading-attempt048/attempt-050/grid1000_seq12_tmax1e5_prefixes_remap40_newmodel_columns/column_0720.tsv
Copying file:///home/carterhinsley/MultimodalMaps.jl/kneading/experiment/attempt-050/grid1000_seq12_tmax1e5_prefixes_remap40_newmodel_columns/column_0721.tsv to gs://carter-kneading-attempt048/attempt-050/grid1000_seq12_tmax1e5_prefixes_remap40_newmodel_columns/column_0721.tsv
Copying file:///home/carterhinsley/MultimodalMaps.jl/kneading/experiment/attempt-050/grid1000_seq12_tmax1e5_prefixes_remap40_newmodel_columns/column_0722.tsv to gs://carter-kneading-attempt048/attempt-050/grid1000_seq12_tmax1e5_prefixes_remap40_newmodel_columns/column_0722.tsv
Copying file:///home/carterhinsley/MultimodalMaps.jl/kneading/experiment/attempt-050/grid1000_seq12_tmax1e5_prefixes_remap40_newmodel_columns/column_0723.tsv to gs://carter-kneading-attempt048/attempt-050/grid1000_seq12_tmax1e5_prefixes_remap40_newmodel_columns/column_0723.tsv
Copying file:///home/carterhinsley/MultimodalMaps.jl/kneading/experiment/attempt-050/grid1000_seq12_tmax1e5_prefixes_remap40_newmodel_columns/column_0724.tsv to gs://carter-kneading-attempt048/attempt-050/grid1000_seq12_tmax1e5_prefixes_remap40_newmodel_columns/column_0724.tsv
Copying file:///home/carterhinsley/MultimodalMaps.jl/kneading/experiment/attempt-050/grid1000_seq12_tmax1e5_prefixes_remap40_newmodel_columns/column_0725.tsv to gs://carter-kneading-attempt048/attempt-050/grid1000_seq12_tmax1e5_prefixes_remap40_newmodel_columns/column_0725.tsv
.Copying file:///home/carterhinsley/MultimodalMaps.jl/kneading/experiment/attempt-050/grid1000_seq12_tmax1e5_prefixes_remap40_newmodel_columns/column_0726.tsv to gs://carter-kneading-attempt048/attempt-050/grid1000_seq12_tmax1e5_prefixes_remap40_newmodel_columns/column_0726.tsv
Copying file:///home/carterhinsley/MultimodalMaps.jl/kneading/experiment/attempt-050/grid1000_seq12_tmax1e5_prefixes_remap40_newmodel_columns/column_0727.tsv to gs://carter-kneading-attempt048/attempt-050/grid1000_seq12_tmax1e5_prefixes_remap40_newmodel_columns/column_0727.tsv
Copying file:///home/carterhinsley/MultimodalMaps.jl/kneading/experiment/attempt-050/grid1000_seq12_tmax1e5_prefixes_remap40_newmodel_columns/column_0728.tsv to gs://carter-kneading-attempt048/attempt-050/grid1000_seq12_tmax1e5_prefixes_remap40_newmodel_columns/column_0728.tsv
Copying file:///home/carterhinsley/MultimodalMaps.jl/kneading/experiment/attempt-050/grid1000_seq12_tmax1e5_prefixes_remap40_newmodel_columns/column_0729.tsv to gs://carter-kneading-attempt048/attempt-050/grid1000_seq12_tmax1e5_prefixes_remap40_newmodel_columns/column_0729.tsv
Copying file:///home/carterhinsley/MultimodalMaps.jl/kneading/experiment/attempt-050/grid1000_seq12_tmax1e5_prefixes_remap40_newmodel_columns/column_0730.tsv to gs://carter-kneading-attempt048/attempt-050/grid1000_seq12_tmax1e5_prefixes_remap40_newmodel_columns/column_0730.tsv
Copying file:///home/carterhinsley/MultimodalMaps.jl/kneading/experiment/attempt-050/grid1000_seq12_tmax1e5_prefixes_remap40_newmodel_columns/column_0731.tsv to gs://carter-kneading-attempt048/attempt-050/grid1000_seq12_tmax1e5_prefixes_remap40_newmodel_columns/column_0731.tsv
Copying file:///home/carterhinsley/MultimodalMaps.jl/kneading/experiment/attempt-050/grid1000_seq12_tmax1e5_prefixes_remap40_newmodel_columns/column_0732.tsv to gs://carter-kneading-attempt048/attempt-050/grid1000_seq12_tmax1e5_prefixes_remap40_newmodel_columns/column_0732.tsv
Copying file:///home/carterhinsley/MultimodalMaps.jl/kneading/experiment/attempt-050/grid1000_seq12_tmax1e5_prefixes_remap40_newmodel_columns/column_0733.tsv to gs://carter-kneading-attempt048/attempt-050/grid1000_seq12_tmax1e5_prefixes_remap40_newmodel_columns/column_0733.tsv
Copying file:///home/carterhinsley/MultimodalMaps.jl/kneading/experiment/attempt-050/grid1000_seq12_tmax1e5_prefixes_remap40_newmodel_columns/column_0734.tsv to gs://carter-kneading-attempt048/attempt-050/grid1000_seq12_tmax1e5_prefixes_remap40_newmodel_columns/column_0734.tsv
Copying file:///home/carterhinsley/MultimodalMaps.jl/kneading/experiment/attempt-050/grid1000_seq12_tmax1e5_prefixes_remap40_newmodel_columns/column_0735.tsv to gs://carter-kneading-attempt048/attempt-050/grid1000_seq12_tmax1e5_prefixes_remap40_newmodel_columns/column_0735.tsv
Copying file:///home/carterhinsley/MultimodalMaps.jl/kneading/experiment/attempt-050/grid1000_seq12_tmax1e5_prefixes_remap40_newmodel_columns/column_0736.tsv to gs://carter-kneading-attempt048/attempt-050/grid1000_seq12_tmax1e5_prefixes_remap40_newmodel_columns/column_0736.tsv
Copying file:///home/carterhinsley/MultimodalMaps.jl/kneading/experiment/attempt-050/grid1000_seq12_tmax1e5_prefixes_remap40_newmodel_columns/column_0737.tsv to gs://carter-kneading-attempt048/attempt-050/grid1000_seq12_tmax1e5_prefixes_remap40_newmodel_columns/column_0737.tsv
Copying file:///home/carterhinsley/MultimodalMaps.jl/kneading/experiment/attempt-050/grid1000_seq12_tmax1e5_prefixes_remap40_newmodel_columns/column_0738.tsv to gs://carter-kneading-attempt048/attempt-050/grid1000_seq12_tmax1e5_prefixes_remap40_newmodel_columns/column_0738.tsv
Copying file:///home/carterhinsley/MultimodalMaps.jl/kneading/experiment/attempt-050/grid1000_seq12_tmax1e5_prefixes_remap40_newmodel_columns/column_0739.tsv to gs://carter-kneading-attempt048/attempt-050/grid1000_seq12_tmax1e5_prefixes_remap40_newmodel_columns/column_0739.tsv
Copying file:///home/carterhinsley/MultimodalMaps.jl/kneading/experiment/attempt-050/grid1000_seq12_tmax1e5_prefixes_remap40_newmodel_columns/column_0740.tsv to gs://carter-kneading-attempt048/attempt-050/grid1000_seq12_tmax1e5_prefixes_remap40_newmodel_columns/column_0740.tsv
Copying file:///home/carterhinsley/MultimodalMaps.jl/kneading/experiment/attempt-050/grid1000_seq12_tmax1e5_prefixes_remap40_newmodel_columns/column_0741.tsv to gs://carter-kneading-attempt048/attempt-050/grid1000_seq12_tmax1e5_prefixes_remap40_newmodel_columns/column_0741.tsv
Copying file:///home/carterhinsley/MultimodalMaps.jl/kneading/experiment/attempt-050/grid1000_seq12_tmax1e5_prefixes_remap40_newmodel_columns/column_0742.tsv to gs://carter-kneading-attempt048/attempt-050/grid1000_seq12_tmax1e5_prefixes_remap40_newmodel_columns/column_0742.tsv
Copying file:///home/carterhinsley/MultimodalMaps.jl/kneading/experiment/attempt-050/grid1000_seq12_tmax1e5_prefixes_remap40_newmodel_columns/column_0743.tsv to gs://carter-kneading-attempt048/attempt-050/grid1000_seq12_tmax1e5_prefixes_remap40_newmodel_columns/column_0743.tsv
Copying file:///home/carterhinsley/MultimodalMaps.jl/kneading/experiment/attempt-050/grid1000_seq12_tmax1e5_prefixes_remap40_newmodel_columns/column_0744.tsv to gs://carter-kneading-attempt048/attempt-050/grid1000_seq12_tmax1e5_prefixes_remap40_newmodel_columns/column_0744.tsv
Copying file:///home/carterhinsley/MultimodalMaps.jl/kneading/experiment/attempt-050/grid1000_seq12_tmax1e5_prefixes_remap40_newmodel_columns/column_0745.tsv to gs://carter-kneading-attempt048/attempt-050/grid1000_seq12_tmax1e5_prefixes_remap40_newmodel_columns/column_0745.tsv
Copying file:///home/carterhinsley/MultimodalMaps.jl/kneading/experiment/attempt-050/grid1000_seq12_tmax1e5_prefixes_remap40_newmodel_columns/column_0746.tsv to gs://carter-kneading-attempt048/attempt-050/grid1000_seq12_tmax1e5_prefixes_remap40_newmodel_columns/column_0746.tsv
Copying file:///home/carterhinsley/MultimodalMaps.jl/kneading/experiment/attempt-050/grid1000_seq12_tmax1e5_prefixes_remap40_newmodel_columns/column_0747.tsv to gs://carter-kneading-attempt048/attempt-050/grid1000_seq12_tmax1e5_prefixes_remap40_newmodel_columns/column_0747.tsv
Copying file:///home/carterhinsley/MultimodalMaps.jl/kneading/experiment/attempt-050/grid1000_seq12_tmax1e5_prefixes_remap40_newmodel_columns/column_0748.tsv to gs://carter-kneading-attempt048/attempt-050/grid1000_seq12_tmax1e5_prefixes_remap40_newmodel_columns/column_0748.tsv
Copying file:///home/carterhinsley/MultimodalMaps.jl/kneading/experiment/attempt-050/grid1000_seq12_tmax1e5_prefixes_remap40_newmodel_columns/column_0749.tsv to gs://carter-kneading-attempt048/attempt-050/grid1000_seq12_tmax1e5_prefixes_remap40_newmodel_columns/column_0749.tsv
Copying file:///home/carterhinsley/MultimodalMaps.jl/kneading/experiment/attempt-050/grid1000_seq12_tmax1e5_prefixes_remap40_newmodel_columns/column_0750.tsv to gs://carter-kneading-attempt048/attempt-050/grid1000_seq12_tmax1e5_prefixes_remap40_newmodel_columns/column_0750.tsv
Copying file:///home/carterhinsley/MultimodalMaps.jl/kneading/experiment/attempt-050/grid1000_seq12_tmax1e5_prefixes_remap40_newmodel_columns/column_0751.tsv to gs://carter-kneading-attempt048/attempt-050/grid1000_seq12_tmax1e5_prefixes_remap40_newmodel_columns/column_0751.tsv
Copying file:///home/carterhinsley/MultimodalMaps.jl/kneading/experiment/attempt-050/grid1000_seq12_tmax1e5_prefixes_remap40_newmodel_columns/column_0752.tsv to gs://carter-kneading-attempt048/attempt-050/grid1000_seq12_tmax1e5_prefixes_remap40_newmodel_columns/column_0752.tsv
Copying file:///home/carterhinsley/MultimodalMaps.jl/kneading/experiment/attempt-050/grid1000_seq12_tmax1e5_prefixes_remap40_newmodel_columns/column_0753.tsv to gs://carter-kneading-attempt048/attempt-050/grid1000_seq12_tmax1e5_prefixes_remap40_newmodel_columns/column_0753.tsv
Copying file:///home/carterhinsley/MultimodalMaps.jl/kneading/experiment/attempt-050/grid1000_seq12_tmax1e5_prefixes_remap40_newmodel_columns/column_0754.tsv to gs://carter-kneading-attempt048/attempt-050/grid1000_seq12_tmax1e5_prefixes_remap40_newmodel_columns/column_0754.tsv
Copying file:///home/carterhinsley/MultimodalMaps.jl/kneading/experiment/attempt-050/grid1000_seq12_tmax1e5_prefixes_remap40_newmodel_columns/column_0755.tsv to gs://carter-kneading-attempt048/attempt-050/grid1000_seq12_tmax1e5_prefixes_remap40_newmodel_columns/column_0755.tsv
Copying file:///home/carterhinsley/MultimodalMaps.jl/kneading/experiment/attempt-050/grid1000_seq12_tmax1e5_prefixes_remap40_newmodel_columns/column_0756.tsv to gs://carter-kneading-attempt048/attempt-050/grid1000_seq12_tmax1e5_prefixes_remap40_newmodel_columns/column_0756.tsv
Copying file:///home/carterhinsley/MultimodalMaps.jl/kneading/experiment/attempt-050/grid1000_seq12_tmax1e5_prefixes_remap40_newmodel_columns/column_0757.tsv to gs://carter-kneading-attempt048/attempt-050/grid1000_seq12_tmax1e5_prefixes_remap40_newmodel_columns/column_0757.tsv
Copying file:///home/carterhinsley/MultimodalMaps.jl/kneading/experiment/attempt-050/grid1000_seq12_tmax1e5_prefixes_remap40_newmodel_columns/column_0758.tsv to gs://carter-kneading-attempt048/attempt-050/grid1000_seq12_tmax1e5_prefixes_remap40_newmodel_columns/column_0758.tsv
Copying file:///home/carterhinsley/MultimodalMaps.jl/kneading/experiment/attempt-050/grid1000_seq12_tmax1e5_prefixes_remap40_newmodel_columns/column_0759.tsv to gs://carter-kneading-attempt048/attempt-050/grid1000_seq12_tmax1e5_prefixes_remap40_newmodel_columns/column_0759.tsv
Copying file:///home/carterhinsley/MultimodalMaps.jl/kneading/experiment/attempt-050/grid1000_seq12_tmax1e5_prefixes_remap40_newmodel_columns/column_0760.tsv to gs://carter-kneading-attempt048/attempt-050/grid1000_seq12_tmax1e5_prefixes_remap40_newmodel_columns/column_0760.tsv
Copying file:///home/carterhinsley/MultimodalMaps.jl/kneading/experiment/attempt-050/grid1000_seq12_tmax1e5_prefixes_remap40_newmodel_columns/column_0761.tsv to gs://carter-kneading-attempt048/attempt-050/grid1000_seq12_tmax1e5_prefixes_remap40_newmodel_columns/column_0761.tsv
Copying file:///home/carterhinsley/MultimodalMaps.jl/kneading/experiment/attempt-050/grid1000_seq12_tmax1e5_prefixes_remap40_newmodel_columns/column_0762.tsv to gs://carter-kneading-attempt048/attempt-050/grid1000_seq12_tmax1e5_prefixes_remap40_newmodel_columns/column_0762.tsv
Copying file:///home/carterhinsley/MultimodalMaps.jl/kneading/experiment/attempt-050/grid1000_seq12_tmax1e5_prefixes_remap40_newmodel_columns/column_0763.tsv to gs://carter-kneading-attempt048/attempt-050/grid1000_seq12_tmax1e5_prefixes_remap40_newmodel_columns/column_0763.tsv
Copying file:///home/carterhinsley/MultimodalMaps.jl/kneading/experiment/attempt-050/grid1000_seq12_tmax1e5_prefixes_remap40_newmodel_columns/column_0764.tsv to gs://carter-kneading-attempt048/attempt-050/grid1000_seq12_tmax1e5_prefixes_remap40_newmodel_columns/column_0764.tsv
Copying file:///home/carterhinsley/MultimodalMaps.jl/kneading/experiment/attempt-050/grid1000_seq12_tmax1e5_prefixes_remap40_newmodel_columns/column_0765.tsv to gs://carter-kneading-attempt048/attempt-050/grid1000_seq12_tmax1e5_prefixes_remap40_newmodel_columns/column_0765.tsv
Copying file:///home/carterhinsley/MultimodalMaps.jl/kneading/experiment/attempt-050/grid1000_seq12_tmax1e5_prefixes_remap40_newmodel_columns/column_0766.tsv to gs://carter-kneading-attempt048/attempt-050/grid1000_seq12_tmax1e5_prefixes_remap40_newmodel_columns/column_0766.tsv
Copying file:///home/carterhinsley/MultimodalMaps.jl/kneading/experiment/attempt-050/grid1000_seq12_tmax1e5_prefixes_remap40_newmodel_columns/column_0767.tsv to gs://carter-kneading-attempt048/attempt-050/grid1000_seq12_tmax1e5_prefixes_remap40_newmodel_columns/column_0767.tsv
Copying file:///home/carterhinsley/MultimodalMaps.jl/kneading/experiment/attempt-050/grid1000_seq12_tmax1e5_prefixes_remap40_newmodel_columns/column_0768.tsv to gs://carter-kneading-attempt048/attempt-050/grid1000_seq12_tmax1e5_prefixes_remap40_newmodel_columns/column_0768.tsv
Copying file:///home/carterhinsley/MultimodalMaps.jl/kneading/experiment/attempt-050/grid1000_seq12_tmax1e5_prefixes_remap40_newmodel_columns/column_0769.tsv to gs://carter-kneading-attempt048/attempt-050/grid1000_seq12_tmax1e5_prefixes_remap40_newmodel_columns/column_0769.tsv
Copying file:///home/carterhinsley/MultimodalMaps.jl/kneading/experiment/attempt-050/grid1000_seq12_tmax1e5_prefixes_remap40_newmodel_columns/column_0770.tsv to gs://carter-kneading-attempt048/attempt-050/grid1000_seq12_tmax1e5_prefixes_remap40_newmodel_columns/column_0770.tsv
Copying file:///home/carterhinsley/MultimodalMaps.jl/kneading/experiment/attempt-050/grid1000_seq12_tmax1e5_prefixes_remap40_newmodel_columns/column_0771.tsv to gs://carter-kneading-attempt048/attempt-050/grid1000_seq12_tmax1e5_prefixes_remap40_newmodel_columns/column_0771.tsv
Copying file:///home/carterhinsley/MultimodalMaps.jl/kneading/experiment/attempt-050/grid1000_seq12_tmax1e5_prefixes_remap40_newmodel_columns/column_0772.tsv to gs://carter-kneading-attempt048/attempt-050/grid1000_seq12_tmax1e5_prefixes_remap40_newmodel_columns/column_0772.tsv
Copying file:///home/carterhinsley/MultimodalMaps.jl/kneading/experiment/attempt-050/grid1000_seq12_tmax1e5_prefixes_remap40_newmodel_columns/column_0773.tsv to gs://carter-kneading-attempt048/attempt-050/grid1000_seq12_tmax1e5_prefixes_remap40_newmodel_columns/column_0773.tsv
Copying file:///home/carterhinsley/MultimodalMaps.jl/kneading/experiment/attempt-050/grid1000_seq12_tmax1e5_prefixes_remap40_newmodel_columns/column_0774.tsv to gs://carter-kneading-attempt048/attempt-050/grid1000_seq12_tmax1e5_prefixes_remap40_newmodel_columns/column_0774.tsv
Copying file:///home/carterhinsley/MultimodalMaps.jl/kneading/experiment/attempt-050/grid1000_seq12_tmax1e5_prefixes_remap40_newmodel_columns/column_0775.tsv to gs://carter-kneading-attempt048/attempt-050/grid1000_seq12_tmax1e5_prefixes_remap40_newmodel_columns/column_0775.tsv
Copying file:///home/carterhinsley/MultimodalMaps.jl/kneading/experiment/attempt-050/grid1000_seq12_tmax1e5_prefixes_remap40_newmodel_columns/column_0776.tsv to gs://carter-kneading-attempt048/attempt-050/grid1000_seq12_tmax1e5_prefixes_remap40_newmodel_columns/column_0776.tsv
Copying file:///home/carterhinsley/MultimodalMaps.jl/kneading/experiment/attempt-050/grid1000_seq12_tmax1e5_prefixes_remap40_newmodel_columns/column_0777.tsv to gs://carter-kneading-attempt048/attempt-050/grid1000_seq12_tmax1e5_prefixes_remap40_newmodel_columns/column_0777.tsv
Copying file:///home/carterhinsley/MultimodalMaps.jl/kneading/experiment/attempt-050/grid1000_seq12_tmax1e5_prefixes_remap40_newmodel_columns/column_0778.tsv to gs://carter-kneading-attempt048/attempt-050/grid1000_seq12_tmax1e5_prefixes_remap40_newmodel_columns/column_0778.tsv
Copying file:///home/carterhinsley/MultimodalMaps.jl/kneading/experiment/attempt-050/grid1000_seq12_tmax1e5_prefixes_remap40_newmodel_columns/column_0779.tsv to gs://carter-kneading-attempt048/attempt-050/grid1000_seq12_tmax1e5_prefixes_remap40_newmodel_columns/column_0779.tsv
Copying file:///home/carterhinsley/MultimodalMaps.jl/kneading/experiment/attempt-050/grid1000_seq12_tmax1e5_prefixes_remap40_newmodel_columns/column_0780.tsv to gs://carter-kneading-attempt048/attempt-050/grid1000_seq12_tmax1e5_prefixes_remap40_newmodel_columns/column_0780.tsv
Copying file:///home/carterhinsley/MultimodalMaps.jl/kneading/experiment/attempt-050/grid1000_seq12_tmax1e5_prefixes_remap40_newmodel_columns/column_0781.tsv to gs://carter-kneading-attempt048/attempt-050/grid1000_seq12_tmax1e5_prefixes_remap40_newmodel_columns/column_0781.tsv
Copying file:///home/carterhinsley/MultimodalMaps.jl/kneading/experiment/attempt-050/grid1000_seq12_tmax1e5_prefixes_remap40_newmodel_columns/column_0782.tsv to gs://carter-kneading-attempt048/attempt-050/grid1000_seq12_tmax1e5_prefixes_remap40_newmodel_columns/column_0782.tsv
Copying file:///home/carterhinsley/MultimodalMaps.jl/kneading/experiment/attempt-050/grid1000_seq12_tmax1e5_prefixes_remap40_newmodel_columns/column_0783.tsv to gs://carter-kneading-attempt048/attempt-050/grid1000_seq12_tmax1e5_prefixes_remap40_newmodel_columns/column_0783.tsv
Copying file:///home/carterhinsley/MultimodalMaps.jl/kneading/experiment/attempt-050/grid1000_seq12_tmax1e5_prefixes_remap40_newmodel_columns/column_0784.tsv to gs://carter-kneading-attempt048/attempt-050/grid1000_seq12_tmax1e5_prefixes_remap40_newmodel_columns/column_0784.tsv
Copying file:///home/carterhinsley/MultimodalMaps.jl/kneading/experiment/attempt-050/grid1000_seq12_tmax1e5_prefixes_remap40_newmodel_columns/column_0785.tsv to gs://carter-kneading-attempt048/attempt-050/grid1000_seq12_tmax1e5_prefixes_remap40_newmodel_columns/column_0785.tsv
Copying file:///home/carterhinsley/MultimodalMaps.jl/kneading/experiment/attempt-050/grid1000_seq12_tmax1e5_prefixes_remap40_newmodel_columns/column_0786.tsv to gs://carter-kneading-attempt048/attempt-050/grid1000_seq12_tmax1e5_prefixes_remap40_newmodel_columns/column_0786.tsv
Copying file:///home/carterhinsley/MultimodalMaps.jl/kneading/experiment/attempt-050/grid1000_seq12_tmax1e5_prefixes_remap40_newmodel_columns/column_0787.tsv to gs://carter-kneading-attempt048/attempt-050/grid1000_seq12_tmax1e5_prefixes_remap40_newmodel_columns/column_0787.tsv
Copying file:///home/carterhinsley/MultimodalMaps.jl/kneading/experiment/attempt-050/grid1000_seq12_tmax1e5_prefixes_remap40_newmodel_columns/column_0788.tsv to gs://carter-kneading-attempt048/attempt-050/grid1000_seq12_tmax1e5_prefixes_remap40_newmodel_columns/column_0788.tsv
Copying file:///home/carterhinsley/MultimodalMaps.jl/kneading/experiment/attempt-050/grid1000_seq12_tmax1e5_prefixes_remap40_newmodel_columns/column_0789.tsv to gs://carter-kneading-attempt048/attempt-050/grid1000_seq12_tmax1e5_prefixes_remap40_newmodel_columns/column_0789.tsv
Copying file:///home/carterhinsley/MultimodalMaps.jl/kneading/experiment/attempt-050/grid1000_seq12_tmax1e5_prefixes_remap40_newmodel_columns/column_0790.tsv to gs://carter-kneading-attempt048/attempt-050/grid1000_seq12_tmax1e5_prefixes_remap40_newmodel_columns/column_0790.tsv
Copying file:///home/carterhinsley/MultimodalMaps.jl/kneading/experiment/attempt-050/grid1000_seq12_tmax1e5_prefixes_remap40_newmodel_columns/column_0791.tsv to gs://carter-kneading-attempt048/attempt-050/grid1000_seq12_tmax1e5_prefixes_remap40_newmodel_columns/column_0791.tsv
Copying file:///home/carterhinsley/MultimodalMaps.jl/kneading/experiment/attempt-050/grid1000_seq12_tmax1e5_prefixes_remap40_newmodel_columns/column_0792.tsv to gs://carter-kneading-attempt048/attempt-050/grid1000_seq12_tmax1e5_prefixes_remap40_newmodel_columns/column_0792.tsv
Copying file:///home/carterhinsley/MultimodalMaps.jl/kneading/experiment/attempt-050/grid1000_seq12_tmax1e5_prefixes_remap40_newmodel_columns/column_0793.tsv to gs://carter-kneading-attempt048/attempt-050/grid1000_seq12_tmax1e5_prefixes_remap40_newmodel_columns/column_0793.tsv
Copying file:///home/carterhinsley/MultimodalMaps.jl/kneading/experiment/attempt-050/grid1000_seq12_tmax1e5_prefixes_remap40_newmodel_columns/column_0794.tsv to gs://carter-kneading-attempt048/attempt-050/grid1000_seq12_tmax1e5_prefixes_remap40_newmodel_columns/column_0794.tsv
Copying file:///home/carterhinsley/MultimodalMaps.jl/kneading/experiment/attempt-050/grid1000_seq12_tmax1e5_prefixes_remap40_newmodel_columns/column_0795.tsv to gs://carter-kneading-attempt048/attempt-050/grid1000_seq12_tmax1e5_prefixes_remap40_newmodel_columns/column_0795.tsv
Copying file:///home/carterhinsley/MultimodalMaps.jl/kneading/experiment/attempt-050/grid1000_seq12_tmax1e5_prefixes_remap40_newmodel_columns/column_0796.tsv to gs://carter-kneading-attempt048/attempt-050/grid1000_seq12_tmax1e5_prefixes_remap40_newmodel_columns/column_0796.tsv
Copying file:///home/carterhinsley/MultimodalMaps.jl/kneading/experiment/attempt-050/grid1000_seq12_tmax1e5_prefixes_remap40_newmodel_columns/column_0797.tsv to gs://carter-kneading-attempt048/attempt-050/grid1000_seq12_tmax1e5_prefixes_remap40_newmodel_columns/column_0797.tsv
Copying file:///home/carterhinsley/MultimodalMaps.jl/kneading/experiment/attempt-050/grid1000_seq12_tmax1e5_prefixes_remap40_newmodel_columns/column_0798.tsv to gs://carter-kneading-attempt048/attempt-050/grid1000_seq12_tmax1e5_prefixes_remap40_newmodel_columns/column_0798.tsv
Copying file:///home/carterhinsley/MultimodalMaps.jl/kneading/experiment/attempt-050/grid1000_seq12_tmax1e5_prefixes_remap40_newmodel_columns/column_0799.tsv to gs://carter-kneading-attempt048/attempt-050/grid1000_seq12_tmax1e5_prefixes_remap40_newmodel_columns/column_0799.tsv
Copying file:///home/carterhinsley/MultimodalMaps.jl/kneading/experiment/attempt-050/grid1000_seq12_tmax1e5_prefixes_remap40_newmodel_columns/column_0800.tsv to gs://carter-kneading-attempt048/attempt-050/grid1000_seq12_tmax1e5_prefixes_remap40_newmodel_columns/column_0800.tsv
Copying file:///home/carterhinsley/MultimodalMaps.jl/kneading/experiment/attempt-050/grid1000_seq12_tmax1e5_prefixes_remap40_newmodel_columns/column_0801.tsv to gs://carter-kneading-attempt048/attempt-050/grid1000_seq12_tmax1e5_prefixes_remap40_newmodel_columns/column_0801.tsv
Copying file:///home/carterhinsley/MultimodalMaps.jl/kneading/experiment/attempt-050/grid1000_seq12_tmax1e5_prefixes_remap40_newmodel_columns/column_0802.tsv to gs://carter-kneading-attempt048/attempt-050/grid1000_seq12_tmax1e5_prefixes_remap40_newmodel_columns/column_0802.tsv
Copying file:///home/carterhinsley/MultimodalMaps.jl/kneading/experiment/attempt-050/grid1000_seq12_tmax1e5_prefixes_remap40_newmodel_columns/column_0803.tsv to gs://carter-kneading-attempt048/attempt-050/grid1000_seq12_tmax1e5_prefixes_remap40_newmodel_columns/column_0803.tsv
Copying file:///home/carterhinsley/MultimodalMaps.jl/kneading/experiment/attempt-050/grid1000_seq12_tmax1e5_prefixes_remap40_newmodel_columns/column_0804.tsv to gs://carter-kneading-attempt048/attempt-050/grid1000_seq12_tmax1e5_prefixes_remap40_newmodel_columns/column_0804.tsv
Copying file:///home/carterhinsley/MultimodalMaps.jl/kneading/experiment/attempt-050/grid1000_seq12_tmax1e5_prefixes_remap40_newmodel_columns/column_0805.tsv to gs://carter-kneading-attempt048/attempt-050/grid1000_seq12_tmax1e5_prefixes_remap40_newmodel_columns/column_0805.tsv
Copying file:///home/carterhinsley/MultimodalMaps.jl/kneading/experiment/attempt-050/grid1000_seq12_tmax1e5_prefixes_remap40_newmodel_columns/column_0806.tsv to gs://carter-kneading-attempt048/attempt-050/grid1000_seq12_tmax1e5_prefixes_remap40_newmodel_columns/column_0806.tsv
Copying file:///home/carterhinsley/MultimodalMaps.jl/kneading/experiment/attempt-050/grid1000_seq12_tmax1e5_prefixes_remap40_newmodel_columns/column_0807.tsv to gs://carter-kneading-attempt048/attempt-050/grid1000_seq12_tmax1e5_prefixes_remap40_newmodel_columns/column_0807.tsv
Copying file:///home/carterhinsley/MultimodalMaps.jl/kneading/experiment/attempt-050/grid1000_seq12_tmax1e5_prefixes_remap40_newmodel_columns/column_0808.tsv to gs://carter-kneading-attempt048/attempt-050/grid1000_seq12_tmax1e5_prefixes_remap40_newmodel_columns/column_0808.tsv
Copying file:///home/carterhinsley/MultimodalMaps.jl/kneading/experiment/attempt-050/grid1000_seq12_tmax1e5_prefixes_remap40_newmodel_columns/column_0809.tsv to gs://carter-kneading-attempt048/attempt-050/grid1000_seq12_tmax1e5_prefixes_remap40_newmodel_columns/column_0809.tsv
Copying file:///home/carterhinsley/MultimodalMaps.jl/kneading/experiment/attempt-050/grid1000_seq12_tmax1e5_prefixes_remap40_newmodel_columns/column_0810.tsv to gs://carter-kneading-attempt048/attempt-050/grid1000_seq12_tmax1e5_prefixes_remap40_newmodel_columns/column_0810.tsv
Copying file:///home/carterhinsley/MultimodalMaps.jl/kneading/experiment/attempt-050/grid1000_seq12_tmax1e5_prefixes_remap40_newmodel_columns/column_0811.tsv to gs://carter-kneading-attempt048/attempt-050/grid1000_seq12_tmax1e5_prefixes_remap40_newmodel_columns/column_0811.tsv
Copying file:///home/carterhinsley/MultimodalMaps.jl/kneading/experiment/attempt-050/grid1000_seq12_tmax1e5_prefixes_remap40_newmodel_columns/column_0812.tsv to gs://carter-kneading-attempt048/attempt-050/grid1000_seq12_tmax1e5_prefixes_remap40_newmodel_columns/column_0812.tsv
Copying file:///home/carterhinsley/MultimodalMaps.jl/kneading/experiment/attempt-050/grid1000_seq12_tmax1e5_prefixes_remap40_newmodel_columns/column_0813.tsv to gs://carter-kneading-attempt048/attempt-050/grid1000_seq12_tmax1e5_prefixes_remap40_newmodel_columns/column_0813.tsv
Copying file:///home/carterhinsley/MultimodalMaps.jl/kneading/experiment/attempt-050/grid1000_seq12_tmax1e5_prefixes_remap40_newmodel_columns/column_0814.tsv to gs://carter-kneading-attempt048/attempt-050/grid1000_seq12_tmax1e5_prefixes_remap40_newmodel_columns/column_0814.tsv
Copying file:///home/carterhinsley/MultimodalMaps.jl/kneading/experiment/attempt-050/grid1000_seq12_tmax1e5_prefixes_remap40_newmodel_columns/column_0815.tsv to gs://carter-kneading-attempt048/attempt-050/grid1000_seq12_tmax1e5_prefixes_remap40_newmodel_columns/column_0815.tsv
Copying file:///home/carterhinsley/MultimodalMaps.jl/kneading/experiment/attempt-050/grid1000_seq12_tmax1e5_prefixes_remap40_newmodel_columns/column_0816.tsv to gs://carter-kneading-attempt048/attempt-050/grid1000_seq12_tmax1e5_prefixes_remap40_newmodel_columns/column_0816.tsv
Copying file:///home/carterhinsley/MultimodalMaps.jl/kneading/experiment/attempt-050/grid1000_seq12_tmax1e5_prefixes_remap40_newmodel_columns/column_0817.tsv to gs://carter-kneading-attempt048/attempt-050/grid1000_seq12_tmax1e5_prefixes_remap40_newmodel_columns/column_0817.tsv
Copying file:///home/carterhinsley/MultimodalMaps.jl/kneading/experiment/attempt-050/grid1000_seq12_tmax1e5_prefixes_remap40_newmodel_columns/column_0818.tsv to gs://carter-kneading-attempt048/attempt-050/grid1000_seq12_tmax1e5_prefixes_remap40_newmodel_columns/column_0818.tsv
Copying file:///home/carterhinsley/MultimodalMaps.jl/kneading/experiment/attempt-050/grid1000_seq12_tmax1e5_prefixes_remap40_newmodel_columns/column_0819.tsv to gs://carter-kneading-attempt048/attempt-050/grid1000_seq12_tmax1e5_prefixes_remap40_newmodel_columns/column_0819.tsv
Copying file:///home/carterhinsley/MultimodalMaps.jl/kneading/experiment/attempt-050/grid1000_seq12_tmax1e5_prefixes_remap40_newmodel_columns/column_0820.tsv to gs://carter-kneading-attempt048/attempt-050/grid1000_seq12_tmax1e5_prefixes_remap40_newmodel_columns/column_0820.tsv
Copying file:///home/carterhinsley/MultimodalMaps.jl/kneading/experiment/attempt-050/grid1000_seq12_tmax1e5_prefixes_remap40_newmodel_columns/column_0821.tsv to gs://carter-kneading-attempt048/attempt-050/grid1000_seq12_tmax1e5_prefixes_remap40_newmodel_columns/column_0821.tsv
Copying file:///home/carterhinsley/MultimodalMaps.jl/kneading/experiment/attempt-050/grid1000_seq12_tmax1e5_prefixes_remap40_newmodel_columns/column_0822.tsv to gs://carter-kneading-attempt048/attempt-050/grid1000_seq12_tmax1e5_prefixes_remap40_newmodel_columns/column_0822.tsv
Copying file:///home/carterhinsley/MultimodalMaps.jl/kneading/experiment/attempt-050/grid1000_seq12_tmax1e5_prefixes_remap40_newmodel_columns/column_0823.tsv to gs://carter-kneading-attempt048/attempt-050/grid1000_seq12_tmax1e5_prefixes_remap40_newmodel_columns/column_0823.tsv
Copying file:///home/carterhinsley/MultimodalMaps.jl/kneading/experiment/attempt-050/grid1000_seq12_tmax1e5_prefixes_remap40_newmodel_columns/column_0824.tsv to gs://carter-kneading-attempt048/attempt-050/grid1000_seq12_tmax1e5_prefixes_remap40_newmodel_columns/column_0824.tsv
Copying file:///home/carterhinsley/MultimodalMaps.jl/kneading/experiment/attempt-050/grid1000_seq12_tmax1e5_prefixes_remap40_newmodel_columns/column_0825.tsv to gs://carter-kneading-attempt048/attempt-050/grid1000_seq12_tmax1e5_prefixes_remap40_newmodel_columns/column_0825.tsv
Copying file:///home/carterhinsley/MultimodalMaps.jl/kneading/experiment/attempt-050/grid1000_seq12_tmax1e5_prefixes_remap40_newmodel_columns/column_0826.tsv to gs://carter-kneading-attempt048/attempt-050/grid1000_seq12_tmax1e5_prefixes_remap40_newmodel_columns/column_0826.tsv
Copying file:///home/carterhinsley/MultimodalMaps.jl/kneading/experiment/attempt-050/grid1000_seq12_tmax1e5_prefixes_remap40_newmodel_columns/column_0827.tsv to gs://carter-kneading-attempt048/attempt-050/grid1000_seq12_tmax1e5_prefixes_remap40_newmodel_columns/column_0827.tsv
Copying file:///home/carterhinsley/MultimodalMaps.jl/kneading/experiment/attempt-050/grid1000_seq12_tmax1e5_prefixes_remap40_newmodel_columns/column_0828.tsv to gs://carter-kneading-attempt048/attempt-050/grid1000_seq12_tmax1e5_prefixes_remap40_newmodel_columns/column_0828.tsv
Copying file:///home/carterhinsley/MultimodalMaps.jl/kneading/experiment/attempt-050/grid1000_seq12_tmax1e5_prefixes_remap40_newmodel_columns/column_0829.tsv to gs://carter-kneading-attempt048/attempt-050/grid1000_seq12_tmax1e5_prefixes_remap40_newmodel_columns/column_0829.tsv
Copying file:///home/carterhinsley/MultimodalMaps.jl/kneading/experiment/attempt-050/grid1000_seq12_tmax1e5_prefixes_remap40_newmodel_columns/column_0830.tsv to gs://carter-kneading-attempt048/attempt-050/grid1000_seq12_tmax1e5_prefixes_remap40_newmodel_columns/column_0830.tsv
Copying file:///home/carterhinsley/MultimodalMaps.jl/kneading/experiment/attempt-050/grid1000_seq12_tmax1e5_prefixes_remap40_newmodel_columns/column_0831.tsv to gs://carter-kneading-attempt048/attempt-050/grid1000_seq12_tmax1e5_prefixes_remap40_newmodel_columns/column_0831.tsv
Copying file:///home/carterhinsley/MultimodalMaps.jl/kneading/experiment/attempt-050/grid1000_seq12_tmax1e5_prefixes_remap40_newmodel_columns/column_0832.tsv to gs://carter-kneading-attempt048/attempt-050/grid1000_seq12_tmax1e5_prefixes_remap40_newmodel_columns/column_0832.tsv
Copying file:///home/carterhinsley/MultimodalMaps.jl/kneading/experiment/attempt-050/grid1000_seq12_tmax1e5_prefixes_remap40_newmodel_columns/column_0833.tsv to gs://carter-kneading-attempt048/attempt-050/grid1000_seq12_tmax1e5_prefixes_remap40_newmodel_columns/column_0833.tsv
Copying file:///home/carterhinsley/MultimodalMaps.jl/kneading/experiment/attempt-050/grid1000_seq12_tmax1e5_prefixes_remap40_newmodel_columns/column_0834.tsv to gs://carter-kneading-attempt048/attempt-050/grid1000_seq12_tmax1e5_prefixes_remap40_newmodel_columns/column_0834.tsv
Copying file:///home/carterhinsley/MultimodalMaps.jl/kneading/experiment/attempt-050/grid1000_seq12_tmax1e5_prefixes_remap40_newmodel_columns/column_0835.tsv to gs://carter-kneading-attempt048/attempt-050/grid1000_seq12_tmax1e5_prefixes_remap40_newmodel_columns/column_0835.tsv
Copying file:///home/carterhinsley/MultimodalMaps.jl/kneading/experiment/attempt-050/grid1000_seq12_tmax1e5_prefixes_remap40_newmodel_columns/column_0836.tsv to gs://carter-kneading-attempt048/attempt-050/grid1000_seq12_tmax1e5_prefixes_remap40_newmodel_columns/column_0836.tsv
Copying file:///home/carterhinsley/MultimodalMaps.jl/kneading/experiment/attempt-050/grid1000_seq12_tmax1e5_prefixes_remap40_newmodel_columns/column_0837.tsv to gs://carter-kneading-attempt048/attempt-050/grid1000_seq12_tmax1e5_prefixes_remap40_newmodel_columns/column_0837.tsv
Copying file:///home/carterhinsley/MultimodalMaps.jl/kneading/experiment/attempt-050/grid1000_seq12_tmax1e5_prefixes_remap40_newmodel_columns/column_0838.tsv to gs://carter-kneading-attempt048/attempt-050/grid1000_seq12_tmax1e5_prefixes_remap40_newmodel_columns/column_0838.tsv
Copying file:///home/carterhinsley/MultimodalMaps.jl/kneading/experiment/attempt-050/grid1000_seq12_tmax1e5_prefixes_remap40_newmodel_columns/column_0839.tsv to gs://carter-kneading-attempt048/attempt-050/grid1000_seq12_tmax1e5_prefixes_remap40_newmodel_columns/column_0839.tsv
Copying file:///home/carterhinsley/MultimodalMaps.jl/kneading/experiment/attempt-050/grid1000_seq12_tmax1e5_prefixes_remap40_newmodel_columns/column_0840.tsv to gs://carter-kneading-attempt048/attempt-050/grid1000_seq12_tmax1e5_prefixes_remap40_newmodel_columns/column_0840.tsv
Copying file:///home/carterhinsley/MultimodalMaps.jl/kneading/experiment/attempt-050/grid1000_seq12_tmax1e5_prefixes_remap40_newmodel_columns/column_0841.tsv to gs://carter-kneading-attempt048/attempt-050/grid1000_seq12_tmax1e5_prefixes_remap40_newmodel_columns/column_0841.tsv
Copying file:///home/carterhinsley/MultimodalMaps.jl/kneading/experiment/attempt-050/grid1000_seq12_tmax1e5_prefixes_remap40_newmodel_columns/column_0842.tsv to gs://carter-kneading-attempt048/attempt-050/grid1000_seq12_tmax1e5_prefixes_remap40_newmodel_columns/column_0842.tsv
Copying file:///home/carterhinsley/MultimodalMaps.jl/kneading/experiment/attempt-050/grid1000_seq12_tmax1e5_prefixes_remap40_newmodel_columns/column_0843.tsv to gs://carter-kneading-attempt048/attempt-050/grid1000_seq12_tmax1e5_prefixes_remap40_newmodel_columns/column_0843.tsv
Copying file:///home/carterhinsley/MultimodalMaps.jl/kneading/experiment/attempt-050/grid1000_seq12_tmax1e5_prefixes_remap40_newmodel_columns/column_0844.tsv to gs://carter-kneading-attempt048/attempt-050/grid1000_seq12_tmax1e5_prefixes_remap40_newmodel_columns/column_0844.tsv
Copying file:///home/carterhinsley/MultimodalMaps.jl/kneading/experiment/attempt-050/grid1000_seq12_tmax1e5_prefixes_remap40_newmodel_columns/column_0845.tsv to gs://carter-kneading-attempt048/attempt-050/grid1000_seq12_tmax1e5_prefixes_remap40_newmodel_columns/column_0845.tsv
Copying file:///home/carterhinsley/MultimodalMaps.jl/kneading/experiment/attempt-050/grid1000_seq12_tmax1e5_prefixes_remap40_newmodel_columns/column_0846.tsv to gs://carter-kneading-attempt048/attempt-050/grid1000_seq12_tmax1e5_prefixes_remap40_newmodel_columns/column_0846.tsv
Copying file:///home/carterhinsley/MultimodalMaps.jl/kneading/experiment/attempt-050/grid1000_seq12_tmax1e5_prefixes_remap40_newmodel_columns/column_0847.tsv to gs://carter-kneading-attempt048/attempt-050/grid1000_seq12_tmax1e5_prefixes_remap40_newmodel_columns/column_0847.tsv
Copying file:///home/carterhinsley/MultimodalMaps.jl/kneading/experiment/attempt-050/grid1000_seq12_tmax1e5_prefixes_remap40_newmodel_columns/column_0848.tsv to gs://carter-kneading-attempt048/attempt-050/grid1000_seq12_tmax1e5_prefixes_remap40_newmodel_columns/column_0848.tsv
Copying file:///home/carterhinsley/MultimodalMaps.jl/kneading/experiment/attempt-050/grid1000_seq12_tmax1e5_prefixes_remap40_newmodel_columns/column_0849.tsv to gs://carter-kneading-attempt048/attempt-050/grid1000_seq12_tmax1e5_prefixes_remap40_newmodel_columns/column_0849.tsv
Copying file:///home/carterhinsley/MultimodalMaps.jl/kneading/experiment/attempt-050/grid1000_seq12_tmax1e5_prefixes_remap40_newmodel_columns/column_0850.tsv to gs://carter-kneading-attempt048/attempt-050/grid1000_seq12_tmax1e5_prefixes_remap40_newmodel_columns/column_0850.tsv
Copying file:///home/carterhinsley/MultimodalMaps.jl/kneading/experiment/attempt-050/grid1000_seq12_tmax1e5_prefixes_remap40_newmodel_columns/column_0851.tsv to gs://carter-kneading-attempt048/attempt-050/grid1000_seq12_tmax1e5_prefixes_remap40_newmodel_columns/column_0851.tsv
Copying file:///home/carterhinsley/MultimodalMaps.jl/kneading/experiment/attempt-050/grid1000_seq12_tmax1e5_prefixes_remap40_newmodel_columns/column_0852.tsv to gs://carter-kneading-attempt048/attempt-050/grid1000_seq12_tmax1e5_prefixes_remap40_newmodel_columns/column_0852.tsv
Copying file:///home/carterhinsley/MultimodalMaps.jl/kneading/experiment/attempt-050/grid1000_seq12_tmax1e5_prefixes_remap40_newmodel_columns/column_0853.tsv to gs://carter-kneading-attempt048/attempt-050/grid1000_seq12_tmax1e5_prefixes_remap40_newmodel_columns/column_0853.tsv
Copying file:///home/carterhinsley/MultimodalMaps.jl/kneading/experiment/attempt-050/grid1000_seq12_tmax1e5_prefixes_remap40_newmodel_columns/column_0854.tsv to gs://carter-kneading-attempt048/attempt-050/grid1000_seq12_tmax1e5_prefixes_remap40_newmodel_columns/column_0854.tsv
Copying file:///home/carterhinsley/MultimodalMaps.jl/kneading/experiment/attempt-050/grid1000_seq12_tmax1e5_prefixes_remap40_newmodel_columns/column_0855.tsv to gs://carter-kneading-attempt048/attempt-050/grid1000_seq12_tmax1e5_prefixes_remap40_newmodel_columns/column_0855.tsv
Copying file:///home/carterhinsley/MultimodalMaps.jl/kneading/experiment/attempt-050/grid1000_seq12_tmax1e5_prefixes_remap40_newmodel_columns/column_0856.tsv to gs://carter-kneading-attempt048/attempt-050/grid1000_seq12_tmax1e5_prefixes_remap40_newmodel_columns/column_0856.tsv
Copying file:///home/carterhinsley/MultimodalMaps.jl/kneading/experiment/attempt-050/grid1000_seq12_tmax1e5_prefixes_remap40_newmodel_columns/column_0857.tsv to gs://carter-kneading-attempt048/attempt-050/grid1000_seq12_tmax1e5_prefixes_remap40_newmodel_columns/column_0857.tsv
Copying file:///home/carterhinsley/MultimodalMaps.jl/kneading/experiment/attempt-050/grid1000_seq12_tmax1e5_prefixes_remap40_newmodel_columns/column_0858.tsv to gs://carter-kneading-attempt048/attempt-050/grid1000_seq12_tmax1e5_prefixes_remap40_newmodel_columns/column_0858.tsv
Copying file:///home/carterhinsley/MultimodalMaps.jl/kneading/experiment/attempt-050/grid1000_seq12_tmax1e5_prefixes_remap40_newmodel_columns/column_0859.tsv to gs://carter-kneading-attempt048/attempt-050/grid1000_seq12_tmax1e5_prefixes_remap40_newmodel_columns/column_0859.tsv
Copying file:///home/carterhinsley/MultimodalMaps.jl/kneading/experiment/attempt-050/grid1000_seq12_tmax1e5_prefixes_remap40_newmodel_columns/column_0860.tsv to gs://carter-kneading-attempt048/attempt-050/grid1000_seq12_tmax1e5_prefixes_remap40_newmodel_columns/column_0860.tsv
Copying file:///home/carterhinsley/MultimodalMaps.jl/kneading/experiment/attempt-050/grid1000_seq12_tmax1e5_prefixes_remap40_newmodel_columns/column_0861.tsv to gs://carter-kneading-attempt048/attempt-050/grid1000_seq12_tmax1e5_prefixes_remap40_newmodel_columns/column_0861.tsv
Copying file:///home/carterhinsley/MultimodalMaps.jl/kneading/experiment/attempt-050/grid1000_seq12_tmax1e5_prefixes_remap40_newmodel_columns/column_0862.tsv to gs://carter-kneading-attempt048/attempt-050/grid1000_seq12_tmax1e5_prefixes_remap40_newmodel_columns/column_0862.tsv
Copying file:///home/carterhinsley/MultimodalMaps.jl/kneading/experiment/attempt-050/grid1000_seq12_tmax1e5_prefixes_remap40_newmodel_columns/column_0863.tsv to gs://carter-kneading-attempt048/attempt-050/grid1000_seq12_tmax1e5_prefixes_remap40_newmodel_columns/column_0863.tsv
Copying file:///home/carterhinsley/MultimodalMaps.jl/kneading/experiment/attempt-050/grid1000_seq12_tmax1e5_prefixes_remap40_newmodel_columns/column_0864.tsv to gs://carter-kneading-attempt048/attempt-050/grid1000_seq12_tmax1e5_prefixes_remap40_newmodel_columns/column_0864.tsv
Copying file:///home/carterhinsley/MultimodalMaps.jl/kneading/experiment/attempt-050/grid1000_seq12_tmax1e5_prefixes_remap40_newmodel_columns/column_0865.tsv to gs://carter-kneading-attempt048/attempt-050/grid1000_seq12_tmax1e5_prefixes_remap40_newmodel_columns/column_0865.tsv
Copying file:///home/carterhinsley/MultimodalMaps.jl/kneading/experiment/attempt-050/grid1000_seq12_tmax1e5_prefixes_remap40_newmodel_columns/column_0866.tsv to gs://carter-kneading-attempt048/attempt-050/grid1000_seq12_tmax1e5_prefixes_remap40_newmodel_columns/column_0866.tsv
Copying file:///home/carterhinsley/MultimodalMaps.jl/kneading/experiment/attempt-050/grid1000_seq12_tmax1e5_prefixes_remap40_newmodel_columns/column_0867.tsv to gs://carter-kneading-attempt048/attempt-050/grid1000_seq12_tmax1e5_prefixes_remap40_newmodel_columns/column_0867.tsv
Copying file:///home/carterhinsley/MultimodalMaps.jl/kneading/experiment/attempt-050/grid1000_seq12_tmax1e5_prefixes_remap40_newmodel_columns/column_0868.tsv to gs://carter-kneading-attempt048/attempt-050/grid1000_seq12_tmax1e5_prefixes_remap40_newmodel_columns/column_0868.tsv
Copying file:///home/carterhinsley/MultimodalMaps.jl/kneading/experiment/attempt-050/grid1000_seq12_tmax1e5_prefixes_remap40_newmodel_columns/column_0869.tsv to gs://carter-kneading-attempt048/attempt-050/grid1000_seq12_tmax1e5_prefixes_remap40_newmodel_columns/column_0869.tsv
Copying file:///home/carterhinsley/MultimodalMaps.jl/kneading/experiment/attempt-050/grid1000_seq12_tmax1e5_prefixes_remap40_newmodel_columns/column_0870.tsv to gs://carter-kneading-attempt048/attempt-050/grid1000_seq12_tmax1e5_prefixes_remap40_newmodel_columns/column_0870.tsv
Copying file:///home/carterhinsley/MultimodalMaps.jl/kneading/experiment/attempt-050/grid1000_seq12_tmax1e5_prefixes_remap40_newmodel_columns/column_0871.tsv to gs://carter-kneading-attempt048/attempt-050/grid1000_seq12_tmax1e5_prefixes_remap40_newmodel_columns/column_0871.tsv
Copying file:///home/carterhinsley/MultimodalMaps.jl/kneading/experiment/attempt-050/grid1000_seq12_tmax1e5_prefixes_remap40_newmodel_columns/column_0872.tsv to gs://carter-kneading-attempt048/attempt-050/grid1000_seq12_tmax1e5_prefixes_remap40_newmodel_columns/column_0872.tsv
Copying file:///home/carterhinsley/MultimodalMaps.jl/kneading/experiment/attempt-050/grid1000_seq12_tmax1e5_prefixes_remap40_newmodel_columns/column_0873.tsv to gs://carter-kneading-attempt048/attempt-050/grid1000_seq12_tmax1e5_prefixes_remap40_newmodel_columns/column_0873.tsv
Copying file:///home/carterhinsley/MultimodalMaps.jl/kneading/experiment/attempt-050/grid1000_seq12_tmax1e5_prefixes_remap40_newmodel_columns/column_0874.tsv to gs://carter-kneading-attempt048/attempt-050/grid1000_seq12_tmax1e5_prefixes_remap40_newmodel_columns/column_0874.tsv
Copying file:///home/carterhinsley/MultimodalMaps.jl/kneading/experiment/attempt-050/grid1000_seq12_tmax1e5_prefixes_remap40_newmodel_columns/column_0875.tsv to gs://carter-kneading-attempt048/attempt-050/grid1000_seq12_tmax1e5_prefixes_remap40_newmodel_columns/column_0875.tsv
Copying file:///home/carterhinsley/MultimodalMaps.jl/kneading/experiment/attempt-050/grid1000_seq12_tmax1e5_prefixes_remap40_newmodel_columns/column_0876.tsv to gs://carter-kneading-attempt048/attempt-050/grid1000_seq12_tmax1e5_prefixes_remap40_newmodel_columns/column_0876.tsv
Copying file:///home/carterhinsley/MultimodalMaps.jl/kneading/experiment/attempt-050/grid1000_seq12_tmax1e5_prefixes_remap40_newmodel_columns/column_0877.tsv to gs://carter-kneading-attempt048/attempt-050/grid1000_seq12_tmax1e5_prefixes_remap40_newmodel_columns/column_0877.tsv
Copying file:///home/carterhinsley/MultimodalMaps.jl/kneading/experiment/attempt-050/grid1000_seq12_tmax1e5_prefixes_remap40_newmodel_columns/column_0878.tsv to gs://carter-kneading-attempt048/attempt-050/grid1000_seq12_tmax1e5_prefixes_remap40_newmodel_columns/column_0878.tsv
Copying file:///home/carterhinsley/MultimodalMaps.jl/kneading/experiment/attempt-050/grid1000_seq12_tmax1e5_prefixes_remap40_newmodel_columns/column_0879.tsv to gs://carter-kneading-attempt048/attempt-050/grid1000_seq12_tmax1e5_prefixes_remap40_newmodel_columns/column_0879.tsv
.Copying file:///home/carterhinsley/MultimodalMaps.jl/kneading/experiment/attempt-050/grid1000_seq12_tmax1e5_prefixes_remap40_newmodel_columns/column_0880.tsv to gs://carter-kneading-attempt048/attempt-050/grid1000_seq12_tmax1e5_prefixes_remap40_newmodel_columns/column_0880.tsv
Copying file:///home/carterhinsley/MultimodalMaps.jl/kneading/experiment/attempt-050/grid1000_seq12_tmax1e5_prefixes_remap40_newmodel_columns/column_0881.tsv to gs://carter-kneading-attempt048/attempt-050/grid1000_seq12_tmax1e5_prefixes_remap40_newmodel_columns/column_0881.tsv
Copying file:///home/carterhinsley/MultimodalMaps.jl/kneading/experiment/attempt-050/grid1000_seq12_tmax1e5_prefixes_remap40_newmodel_columns/column_0882.tsv to gs://carter-kneading-attempt048/attempt-050/grid1000_seq12_tmax1e5_prefixes_remap40_newmodel_columns/column_0882.tsv
Copying file:///home/carterhinsley/MultimodalMaps.jl/kneading/experiment/attempt-050/grid1000_seq12_tmax1e5_prefixes_remap40_newmodel_columns/column_0883.tsv to gs://carter-kneading-attempt048/attempt-050/grid1000_seq12_tmax1e5_prefixes_remap40_newmodel_columns/column_0883.tsv
Copying file:///home/carterhinsley/MultimodalMaps.jl/kneading/experiment/attempt-050/grid1000_seq12_tmax1e5_prefixes_remap40_newmodel_columns/column_0884.tsv to gs://carter-kneading-attempt048/attempt-050/grid1000_seq12_tmax1e5_prefixes_remap40_newmodel_columns/column_0884.tsv
Copying file:///home/carterhinsley/MultimodalMaps.jl/kneading/experiment/attempt-050/grid1000_seq12_tmax1e5_prefixes_remap40_newmodel_columns/column_0885.tsv to gs://carter-kneading-attempt048/attempt-050/grid1000_seq12_tmax1e5_prefixes_remap40_newmodel_columns/column_0885.tsv
Copying file:///home/carterhinsley/MultimodalMaps.jl/kneading/experiment/attempt-050/grid1000_seq12_tmax1e5_prefixes_remap40_newmodel_columns/column_0886.tsv to gs://carter-kneading-attempt048/attempt-050/grid1000_seq12_tmax1e5_prefixes_remap40_newmodel_columns/column_0886.tsv
Copying file:///home/carterhinsley/MultimodalMaps.jl/kneading/experiment/attempt-050/grid1000_seq12_tmax1e5_prefixes_remap40_newmodel_columns/column_0887.tsv to gs://carter-kneading-attempt048/attempt-050/grid1000_seq12_tmax1e5_prefixes_remap40_newmodel_columns/column_0887.tsv
Copying file:///home/carterhinsley/MultimodalMaps.jl/kneading/experiment/attempt-050/grid1000_seq12_tmax1e5_prefixes_remap40_newmodel_columns/column_0888.tsv to gs://carter-kneading-attempt048/attempt-050/grid1000_seq12_tmax1e5_prefixes_remap40_newmodel_columns/column_0888.tsv
Copying file:///home/carterhinsley/MultimodalMaps.jl/kneading/experiment/attempt-050/grid1000_seq12_tmax1e5_prefixes_remap40_newmodel_columns/column_0889.tsv to gs://carter-kneading-attempt048/attempt-050/grid1000_seq12_tmax1e5_prefixes_remap40_newmodel_columns/column_0889.tsv
Copying file:///home/carterhinsley/MultimodalMaps.jl/kneading/experiment/attempt-050/grid1000_seq12_tmax1e5_prefixes_remap40_newmodel_columns/column_0890.tsv to gs://carter-kneading-attempt048/attempt-050/grid1000_seq12_tmax1e5_prefixes_remap40_newmodel_columns/column_0890.tsv
Copying file:///home/carterhinsley/MultimodalMaps.jl/kneading/experiment/attempt-050/grid1000_seq12_tmax1e5_prefixes_remap40_newmodel_columns/column_0891.tsv to gs://carter-kneading-attempt048/attempt-050/grid1000_seq12_tmax1e5_prefixes_remap40_newmodel_columns/column_0891.tsv
Copying file:///home/carterhinsley/MultimodalMaps.jl/kneading/experiment/attempt-050/grid1000_seq12_tmax1e5_prefixes_remap40_newmodel_columns/column_0892.tsv to gs://carter-kneading-attempt048/attempt-050/grid1000_seq12_tmax1e5_prefixes_remap40_newmodel_columns/column_0892.tsv
Copying file:///home/carterhinsley/MultimodalMaps.jl/kneading/experiment/attempt-050/grid1000_seq12_tmax1e5_prefixes_remap40_newmodel_columns/column_0893.tsv to gs://carter-kneading-attempt048/attempt-050/grid1000_seq12_tmax1e5_prefixes_remap40_newmodel_columns/column_0893.tsv
Copying file:///home/carterhinsley/MultimodalMaps.jl/kneading/experiment/attempt-050/grid1000_seq12_tmax1e5_prefixes_remap40_newmodel_columns/column_0894.tsv to gs://carter-kneading-attempt048/attempt-050/grid1000_seq12_tmax1e5_prefixes_remap40_newmodel_columns/column_0894.tsv
Copying file:///home/carterhinsley/MultimodalMaps.jl/kneading/experiment/attempt-050/grid1000_seq12_tmax1e5_prefixes_remap40_newmodel_columns/column_0895.tsv to gs://carter-kneading-attempt048/attempt-050/grid1000_seq12_tmax1e5_prefixes_remap40_newmodel_columns/column_0895.tsv
Copying file:///home/carterhinsley/MultimodalMaps.jl/kneading/experiment/attempt-050/grid1000_seq12_tmax1e5_prefixes_remap40_newmodel_columns/column_0896.tsv to gs://carter-kneading-attempt048/attempt-050/grid1000_seq12_tmax1e5_prefixes_remap40_newmodel_columns/column_0896.tsv
Copying file:///home/carterhinsley/MultimodalMaps.jl/kneading/experiment/attempt-050/grid1000_seq12_tmax1e5_prefixes_remap40_newmodel_columns/column_0897.tsv to gs://carter-kneading-attempt048/attempt-050/grid1000_seq12_tmax1e5_prefixes_remap40_newmodel_columns/column_0897.tsv
Copying file:///home/carterhinsley/MultimodalMaps.jl/kneading/experiment/attempt-050/grid1000_seq12_tmax1e5_prefixes_remap40_newmodel_columns/column_0898.tsv to gs://carter-kneading-attempt048/attempt-050/grid1000_seq12_tmax1e5_prefixes_remap40_newmodel_columns/column_0898.tsv
Copying file:///home/carterhinsley/MultimodalMaps.jl/kneading/experiment/attempt-050/grid1000_seq12_tmax1e5_prefixes_remap40_newmodel_columns/column_0899.tsv to gs://carter-kneading-attempt048/attempt-050/grid1000_seq12_tmax1e5_prefixes_remap40_newmodel_columns/column_0899.tsv
Copying file:///home/carterhinsley/MultimodalMaps.jl/kneading/experiment/attempt-050/grid1000_seq12_tmax1e5_prefixes_remap40_newmodel_columns/column_0900.tsv to gs://carter-kneading-attempt048/attempt-050/grid1000_seq12_tmax1e5_prefixes_remap40_newmodel_columns/column_0900.tsv
Copying file:///home/carterhinsley/MultimodalMaps.jl/kneading/experiment/attempt-050/grid1000_seq12_tmax1e5_prefixes_remap40_newmodel_columns/column_0901.tsv to gs://carter-kneading-attempt048/attempt-050/grid1000_seq12_tmax1e5_prefixes_remap40_newmodel_columns/column_0901.tsv
Copying file:///home/carterhinsley/MultimodalMaps.jl/kneading/experiment/attempt-050/grid1000_seq12_tmax1e5_prefixes_remap40_newmodel_columns/column_0902.tsv to gs://carter-kneading-attempt048/attempt-050/grid1000_seq12_tmax1e5_prefixes_remap40_newmodel_columns/column_0902.tsv
Copying file:///home/carterhinsley/MultimodalMaps.jl/kneading/experiment/attempt-050/grid1000_seq12_tmax1e5_prefixes_remap40_newmodel_columns/column_0903.tsv to gs://carter-kneading-attempt048/attempt-050/grid1000_seq12_tmax1e5_prefixes_remap40_newmodel_columns/column_0903.tsv
Copying file:///home/carterhinsley/MultimodalMaps.jl/kneading/experiment/attempt-050/grid1000_seq12_tmax1e5_prefixes_remap40_newmodel_columns/column_0904.tsv to gs://carter-kneading-attempt048/attempt-050/grid1000_seq12_tmax1e5_prefixes_remap40_newmodel_columns/column_0904.tsv
Copying file:///home/carterhinsley/MultimodalMaps.jl/kneading/experiment/attempt-050/grid1000_seq12_tmax1e5_prefixes_remap40_newmodel_columns/column_0905.tsv to gs://carter-kneading-attempt048/attempt-050/grid1000_seq12_tmax1e5_prefixes_remap40_newmodel_columns/column_0905.tsv
Copying file:///home/carterhinsley/MultimodalMaps.jl/kneading/experiment/attempt-050/grid1000_seq12_tmax1e5_prefixes_remap40_newmodel_columns/column_0906.tsv to gs://carter-kneading-attempt048/attempt-050/grid1000_seq12_tmax1e5_prefixes_remap40_newmodel_columns/column_0906.tsv
Copying file:///home/carterhinsley/MultimodalMaps.jl/kneading/experiment/attempt-050/grid1000_seq12_tmax1e5_prefixes_remap40_newmodel_columns/column_0907.tsv to gs://carter-kneading-attempt048/attempt-050/grid1000_seq12_tmax1e5_prefixes_remap40_newmodel_columns/column_0907.tsv
Copying file:///home/carterhinsley/MultimodalMaps.jl/kneading/experiment/attempt-050/grid1000_seq12_tmax1e5_prefixes_remap40_newmodel_columns/column_0908.tsv to gs://carter-kneading-attempt048/attempt-050/grid1000_seq12_tmax1e5_prefixes_remap40_newmodel_columns/column_0908.tsv
Copying file:///home/carterhinsley/MultimodalMaps.jl/kneading/experiment/attempt-050/grid1000_seq12_tmax1e5_prefixes_remap40_newmodel_columns/column_0909.tsv to gs://carter-kneading-attempt048/attempt-050/grid1000_seq12_tmax1e5_prefixes_remap40_newmodel_columns/column_0909.tsv
Copying file:///home/carterhinsley/MultimodalMaps.jl/kneading/experiment/attempt-050/grid1000_seq12_tmax1e5_prefixes_remap40_newmodel_columns/column_0910.tsv to gs://carter-kneading-attempt048/attempt-050/grid1000_seq12_tmax1e5_prefixes_remap40_newmodel_columns/column_0910.tsv
Copying file:///home/carterhinsley/MultimodalMaps.jl/kneading/experiment/attempt-050/grid1000_seq12_tmax1e5_prefixes_remap40_newmodel_columns/column_0911.tsv to gs://carter-kneading-attempt048/attempt-050/grid1000_seq12_tmax1e5_prefixes_remap40_newmodel_columns/column_0911.tsv
Copying file:///home/carterhinsley/MultimodalMaps.jl/kneading/experiment/attempt-050/grid1000_seq12_tmax1e5_prefixes_remap40_newmodel_columns/column_0912.tsv to gs://carter-kneading-attempt048/attempt-050/grid1000_seq12_tmax1e5_prefixes_remap40_newmodel_columns/column_0912.tsv
Copying file:///home/carterhinsley/MultimodalMaps.jl/kneading/experiment/attempt-050/grid1000_seq12_tmax1e5_prefixes_remap40_newmodel_columns/column_0913.tsv to gs://carter-kneading-attempt048/attempt-050/grid1000_seq12_tmax1e5_prefixes_remap40_newmodel_columns/column_0913.tsv
Copying file:///home/carterhinsley/MultimodalMaps.jl/kneading/experiment/attempt-050/grid1000_seq12_tmax1e5_prefixes_remap40_newmodel_columns/column_0914.tsv to gs://carter-kneading-attempt048/attempt-050/grid1000_seq12_tmax1e5_prefixes_remap40_newmodel_columns/column_0914.tsv
Copying file:///home/carterhinsley/MultimodalMaps.jl/kneading/experiment/attempt-050/grid1000_seq12_tmax1e5_prefixes_remap40_newmodel_columns/column_0915.tsv to gs://carter-kneading-attempt048/attempt-050/grid1000_seq12_tmax1e5_prefixes_remap40_newmodel_columns/column_0915.tsv
Copying file:///home/carterhinsley/MultimodalMaps.jl/kneading/experiment/attempt-050/grid1000_seq12_tmax1e5_prefixes_remap40_newmodel_columns/column_0916.tsv to gs://carter-kneading-attempt048/attempt-050/grid1000_seq12_tmax1e5_prefixes_remap40_newmodel_columns/column_0916.tsv
Copying file:///home/carterhinsley/MultimodalMaps.jl/kneading/experiment/attempt-050/grid1000_seq12_tmax1e5_prefixes_remap40_newmodel_columns/column_0917.tsv to gs://carter-kneading-attempt048/attempt-050/grid1000_seq12_tmax1e5_prefixes_remap40_newmodel_columns/column_0917.tsv
Copying file:///home/carterhinsley/MultimodalMaps.jl/kneading/experiment/attempt-050/grid1000_seq12_tmax1e5_prefixes_remap40_newmodel_columns/column_0918.tsv to gs://carter-kneading-attempt048/attempt-050/grid1000_seq12_tmax1e5_prefixes_remap40_newmodel_columns/column_0918.tsv
Copying file:///home/carterhinsley/MultimodalMaps.jl/kneading/experiment/attempt-050/grid1000_seq12_tmax1e5_prefixes_remap40_newmodel_columns/column_0919.tsv to gs://carter-kneading-attempt048/attempt-050/grid1000_seq12_tmax1e5_prefixes_remap40_newmodel_columns/column_0919.tsv
Copying file:///home/carterhinsley/MultimodalMaps.jl/kneading/experiment/attempt-050/grid1000_seq12_tmax1e5_prefixes_remap40_newmodel_columns/column_0920.tsv to gs://carter-kneading-attempt048/attempt-050/grid1000_seq12_tmax1e5_prefixes_remap40_newmodel_columns/column_0920.tsv
Copying file:///home/carterhinsley/MultimodalMaps.jl/kneading/experiment/attempt-050/grid1000_seq12_tmax1e5_prefixes_remap40_newmodel_columns/column_0921.tsv to gs://carter-kneading-attempt048/attempt-050/grid1000_seq12_tmax1e5_prefixes_remap40_newmodel_columns/column_0921.tsv
Copying file:///home/carterhinsley/MultimodalMaps.jl/kneading/experiment/attempt-050/grid1000_seq12_tmax1e5_prefixes_remap40_newmodel_columns/column_0922.tsv to gs://carter-kneading-attempt048/attempt-050/grid1000_seq12_tmax1e5_prefixes_remap40_newmodel_columns/column_0922.tsv
Copying file:///home/carterhinsley/MultimodalMaps.jl/kneading/experiment/attempt-050/grid1000_seq12_tmax1e5_prefixes_remap40_newmodel_columns/column_0923.tsv to gs://carter-kneading-attempt048/attempt-050/grid1000_seq12_tmax1e5_prefixes_remap40_newmodel_columns/column_0923.tsv
Copying file:///home/carterhinsley/MultimodalMaps.jl/kneading/experiment/attempt-050/grid1000_seq12_tmax1e5_prefixes_remap40_newmodel_columns/column_0924.tsv to gs://carter-kneading-attempt048/attempt-050/grid1000_seq12_tmax1e5_prefixes_remap40_newmodel_columns/column_0924.tsv
Copying file:///home/carterhinsley/MultimodalMaps.jl/kneading/experiment/attempt-050/grid1000_seq12_tmax1e5_prefixes_remap40_newmodel_columns/column_0925.tsv to gs://carter-kneading-attempt048/attempt-050/grid1000_seq12_tmax1e5_prefixes_remap40_newmodel_columns/column_0925.tsv
Copying file:///home/carterhinsley/MultimodalMaps.jl/kneading/experiment/attempt-050/grid1000_seq12_tmax1e5_prefixes_remap40_newmodel_columns/column_0926.tsv to gs://carter-kneading-attempt048/attempt-050/grid1000_seq12_tmax1e5_prefixes_remap40_newmodel_columns/column_0926.tsv
Copying file:///home/carterhinsley/MultimodalMaps.jl/kneading/experiment/attempt-050/grid1000_seq12_tmax1e5_prefixes_remap40_newmodel_columns/column_0927.tsv to gs://carter-kneading-attempt048/attempt-050/grid1000_seq12_tmax1e5_prefixes_remap40_newmodel_columns/column_0927.tsv
Copying file:///home/carterhinsley/MultimodalMaps.jl/kneading/experiment/attempt-050/grid1000_seq12_tmax1e5_prefixes_remap40_newmodel_columns/column_0928.tsv to gs://carter-kneading-attempt048/attempt-050/grid1000_seq12_tmax1e5_prefixes_remap40_newmodel_columns/column_0928.tsv
Copying file:///home/carterhinsley/MultimodalMaps.jl/kneading/experiment/attempt-050/grid1000_seq12_tmax1e5_prefixes_remap40_newmodel_columns/column_0929.tsv to gs://carter-kneading-attempt048/attempt-050/grid1000_seq12_tmax1e5_prefixes_remap40_newmodel_columns/column_0929.tsv
Copying file:///home/carterhinsley/MultimodalMaps.jl/kneading/experiment/attempt-050/grid1000_seq12_tmax1e5_prefixes_remap40_newmodel_columns/column_0930.tsv to gs://carter-kneading-attempt048/attempt-050/grid1000_seq12_tmax1e5_prefixes_remap40_newmodel_columns/column_0930.tsv
Copying file:///home/carterhinsley/MultimodalMaps.jl/kneading/experiment/attempt-050/grid1000_seq12_tmax1e5_prefixes_remap40_newmodel_columns/column_0931.tsv to gs://carter-kneading-attempt048/attempt-050/grid1000_seq12_tmax1e5_prefixes_remap40_newmodel_columns/column_0931.tsv
Copying file:///home/carterhinsley/MultimodalMaps.jl/kneading/experiment/attempt-050/grid1000_seq12_tmax1e5_prefixes_remap40_newmodel_columns/column_0932.tsv to gs://carter-kneading-attempt048/attempt-050/grid1000_seq12_tmax1e5_prefixes_remap40_newmodel_columns/column_0932.tsv
Copying file:///home/carterhinsley/MultimodalMaps.jl/kneading/experiment/attempt-050/grid1000_seq12_tmax1e5_prefixes_remap40_newmodel_columns/column_0933.tsv to gs://carter-kneading-attempt048/attempt-050/grid1000_seq12_tmax1e5_prefixes_remap40_newmodel_columns/column_0933.tsv
Copying file:///home/carterhinsley/MultimodalMaps.jl/kneading/experiment/attempt-050/grid1000_seq12_tmax1e5_prefixes_remap40_newmodel_columns/column_0934.tsv to gs://carter-kneading-attempt048/attempt-050/grid1000_seq12_tmax1e5_prefixes_remap40_newmodel_columns/column_0934.tsv
Copying file:///home/carterhinsley/MultimodalMaps.jl/kneading/experiment/attempt-050/grid1000_seq12_tmax1e5_prefixes_remap40_newmodel_columns/column_0935.tsv to gs://carter-kneading-attempt048/attempt-050/grid1000_seq12_tmax1e5_prefixes_remap40_newmodel_columns/column_0935.tsv
Copying file:///home/carterhinsley/MultimodalMaps.jl/kneading/experiment/attempt-050/grid1000_seq12_tmax1e5_prefixes_remap40_newmodel_columns/column_0936.tsv to gs://carter-kneading-attempt048/attempt-050/grid1000_seq12_tmax1e5_prefixes_remap40_newmodel_columns/column_0936.tsv
Copying file:///home/carterhinsley/MultimodalMaps.jl/kneading/experiment/attempt-050/grid1000_seq12_tmax1e5_prefixes_remap40_newmodel_columns/column_0937.tsv to gs://carter-kneading-attempt048/attempt-050/grid1000_seq12_tmax1e5_prefixes_remap40_newmodel_columns/column_0937.tsv
Copying file:///home/carterhinsley/MultimodalMaps.jl/kneading/experiment/attempt-050/grid1000_seq12_tmax1e5_prefixes_remap40_newmodel_columns/column_0938.tsv to gs://carter-kneading-attempt048/attempt-050/grid1000_seq12_tmax1e5_prefixes_remap40_newmodel_columns/column_0938.tsv
Copying file:///home/carterhinsley/MultimodalMaps.jl/kneading/experiment/attempt-050/grid1000_seq12_tmax1e5_prefixes_remap40_newmodel_columns/column_0939.tsv to gs://carter-kneading-attempt048/attempt-050/grid1000_seq12_tmax1e5_prefixes_remap40_newmodel_columns/column_0939.tsv
Copying file:///home/carterhinsley/MultimodalMaps.jl/kneading/experiment/attempt-050/grid1000_seq12_tmax1e5_prefixes_remap40_newmodel_columns/column_0940.tsv to gs://carter-kneading-attempt048/attempt-050/grid1000_seq12_tmax1e5_prefixes_remap40_newmodel_columns/column_0940.tsv
Copying file:///home/carterhinsley/MultimodalMaps.jl/kneading/experiment/attempt-050/grid1000_seq12_tmax1e5_prefixes_remap40_newmodel_columns/column_0941.tsv to gs://carter-kneading-attempt048/attempt-050/grid1000_seq12_tmax1e5_prefixes_remap40_newmodel_columns/column_0941.tsv
Copying file:///home/carterhinsley/MultimodalMaps.jl/kneading/experiment/attempt-050/grid1000_seq12_tmax1e5_prefixes_remap40_newmodel_columns/column_0942.tsv to gs://carter-kneading-attempt048/attempt-050/grid1000_seq12_tmax1e5_prefixes_remap40_newmodel_columns/column_0942.tsv
Copying file:///home/carterhinsley/MultimodalMaps.jl/kneading/experiment/attempt-050/grid1000_seq12_tmax1e5_prefixes_remap40_newmodel_columns/column_0943.tsv to gs://carter-kneading-attempt048/attempt-050/grid1000_seq12_tmax1e5_prefixes_remap40_newmodel_columns/column_0943.tsv
Copying file:///home/carterhinsley/MultimodalMaps.jl/kneading/experiment/attempt-050/grid1000_seq12_tmax1e5_prefixes_remap40_newmodel_columns/column_0944.tsv to gs://carter-kneading-attempt048/attempt-050/grid1000_seq12_tmax1e5_prefixes_remap40_newmodel_columns/column_0944.tsv
Copying file:///home/carterhinsley/MultimodalMaps.jl/kneading/experiment/attempt-050/grid1000_seq12_tmax1e5_prefixes_remap40_newmodel_columns/column_0945.tsv to gs://carter-kneading-attempt048/attempt-050/grid1000_seq12_tmax1e5_prefixes_remap40_newmodel_columns/column_0945.tsv
Copying file:///home/carterhinsley/MultimodalMaps.jl/kneading/experiment/attempt-050/grid1000_seq12_tmax1e5_prefixes_remap40_newmodel_columns/column_0946.tsv to gs://carter-kneading-attempt048/attempt-050/grid1000_seq12_tmax1e5_prefixes_remap40_newmodel_columns/column_0946.tsv
Copying file:///home/carterhinsley/MultimodalMaps.jl/kneading/experiment/attempt-050/grid1000_seq12_tmax1e5_prefixes_remap40_newmodel_columns/column_0947.tsv to gs://carter-kneading-attempt048/attempt-050/grid1000_seq12_tmax1e5_prefixes_remap40_newmodel_columns/column_0947.tsv
Copying file:///home/carterhinsley/MultimodalMaps.jl/kneading/experiment/attempt-050/grid1000_seq12_tmax1e5_prefixes_remap40_newmodel_columns/column_0948.tsv to gs://carter-kneading-attempt048/attempt-050/grid1000_seq12_tmax1e5_prefixes_remap40_newmodel_columns/column_0948.tsv
Copying file:///home/carterhinsley/MultimodalMaps.jl/kneading/experiment/attempt-050/grid1000_seq12_tmax1e5_prefixes_remap40_newmodel_columns/column_0949.tsv to gs://carter-kneading-attempt048/attempt-050/grid1000_seq12_tmax1e5_prefixes_remap40_newmodel_columns/column_0949.tsv
Copying file:///home/carterhinsley/MultimodalMaps.jl/kneading/experiment/attempt-050/grid1000_seq12_tmax1e5_prefixes_remap40_newmodel_columns/column_0950.tsv to gs://carter-kneading-attempt048/attempt-050/grid1000_seq12_tmax1e5_prefixes_remap40_newmodel_columns/column_0950.tsv
Copying file:///home/carterhinsley/MultimodalMaps.jl/kneading/experiment/attempt-050/grid1000_seq12_tmax1e5_prefixes_remap40_newmodel_columns/column_0951.tsv to gs://carter-kneading-attempt048/attempt-050/grid1000_seq12_tmax1e5_prefixes_remap40_newmodel_columns/column_0951.tsv
Copying file:///home/carterhinsley/MultimodalMaps.jl/kneading/experiment/attempt-050/grid1000_seq12_tmax1e5_prefixes_remap40_newmodel_columns/column_0952.tsv to gs://carter-kneading-attempt048/attempt-050/grid1000_seq12_tmax1e5_prefixes_remap40_newmodel_columns/column_0952.tsv
Copying file:///home/carterhinsley/MultimodalMaps.jl/kneading/experiment/attempt-050/grid1000_seq12_tmax1e5_prefixes_remap40_newmodel_columns/column_0953.tsv to gs://carter-kneading-attempt048/attempt-050/grid1000_seq12_tmax1e5_prefixes_remap40_newmodel_columns/column_0953.tsv
Copying file:///home/carterhinsley/MultimodalMaps.jl/kneading/experiment/attempt-050/grid1000_seq12_tmax1e5_prefixes_remap40_newmodel_columns/column_0954.tsv to gs://carter-kneading-attempt048/attempt-050/grid1000_seq12_tmax1e5_prefixes_remap40_newmodel_columns/column_0954.tsv
Copying file:///home/carterhinsley/MultimodalMaps.jl/kneading/experiment/attempt-050/grid1000_seq12_tmax1e5_prefixes_remap40_newmodel_columns/column_0955.tsv to gs://carter-kneading-attempt048/attempt-050/grid1000_seq12_tmax1e5_prefixes_remap40_newmodel_columns/column_0955.tsv
Copying file:///home/carterhinsley/MultimodalMaps.jl/kneading/experiment/attempt-050/grid1000_seq12_tmax1e5_prefixes_remap40_newmodel_columns/column_0956.tsv to gs://carter-kneading-attempt048/attempt-050/grid1000_seq12_tmax1e5_prefixes_remap40_newmodel_columns/column_0956.tsv
Copying file:///home/carterhinsley/MultimodalMaps.jl/kneading/experiment/attempt-050/grid1000_seq12_tmax1e5_prefixes_remap40_newmodel_columns/column_0957.tsv to gs://carter-kneading-attempt048/attempt-050/grid1000_seq12_tmax1e5_prefixes_remap40_newmodel_columns/column_0957.tsv
Copying file:///home/carterhinsley/MultimodalMaps.jl/kneading/experiment/attempt-050/grid1000_seq12_tmax1e5_prefixes_remap40_newmodel_columns/column_0958.tsv to gs://carter-kneading-attempt048/attempt-050/grid1000_seq12_tmax1e5_prefixes_remap40_newmodel_columns/column_0958.tsv
Copying file:///home/carterhinsley/MultimodalMaps.jl/kneading/experiment/attempt-050/grid1000_seq12_tmax1e5_prefixes_remap40_newmodel_columns/column_0959.tsv to gs://carter-kneading-attempt048/attempt-050/grid1000_seq12_tmax1e5_prefixes_remap40_newmodel_columns/column_0959.tsv
Copying file:///home/carterhinsley/MultimodalMaps.jl/kneading/experiment/attempt-050/grid1000_seq12_tmax1e5_prefixes_remap40_newmodel_columns/column_0960.tsv to gs://carter-kneading-attempt048/attempt-050/grid1000_seq12_tmax1e5_prefixes_remap40_newmodel_columns/column_0960.tsv
Copying file:///home/carterhinsley/MultimodalMaps.jl/kneading/experiment/attempt-050/grid1000_seq12_tmax1e5_prefixes_remap40_newmodel_columns/column_0961.tsv to gs://carter-kneading-attempt048/attempt-050/grid1000_seq12_tmax1e5_prefixes_remap40_newmodel_columns/column_0961.tsv
Copying file:///home/carterhinsley/MultimodalMaps.jl/kneading/experiment/attempt-050/grid1000_seq12_tmax1e5_prefixes_remap40_newmodel_columns/column_0962.tsv to gs://carter-kneading-attempt048/attempt-050/grid1000_seq12_tmax1e5_prefixes_remap40_newmodel_columns/column_0962.tsv
Copying file:///home/carterhinsley/MultimodalMaps.jl/kneading/experiment/attempt-050/grid1000_seq12_tmax1e5_prefixes_remap40_newmodel_columns/column_0963.tsv to gs://carter-kneading-attempt048/attempt-050/grid1000_seq12_tmax1e5_prefixes_remap40_newmodel_columns/column_0963.tsv
Copying file:///home/carterhinsley/MultimodalMaps.jl/kneading/experiment/attempt-050/grid1000_seq12_tmax1e5_prefixes_remap40_newmodel_columns/column_0964.tsv to gs://carter-kneading-attempt048/attempt-050/grid1000_seq12_tmax1e5_prefixes_remap40_newmodel_columns/column_0964.tsv
Copying file:///home/carterhinsley/MultimodalMaps.jl/kneading/experiment/attempt-050/grid1000_seq12_tmax1e5_prefixes_remap40_newmodel_columns/column_0965.tsv to gs://carter-kneading-attempt048/attempt-050/grid1000_seq12_tmax1e5_prefixes_remap40_newmodel_columns/column_0965.tsv
Copying file:///home/carterhinsley/MultimodalMaps.jl/kneading/experiment/attempt-050/grid1000_seq12_tmax1e5_prefixes_remap40_newmodel_columns/column_0966.tsv to gs://carter-kneading-attempt048/attempt-050/grid1000_seq12_tmax1e5_prefixes_remap40_newmodel_columns/column_0966.tsv
Copying file:///home/carterhinsley/MultimodalMaps.jl/kneading/experiment/attempt-050/grid1000_seq12_tmax1e5_prefixes_remap40_newmodel_columns/column_0967.tsv to gs://carter-kneading-attempt048/attempt-050/grid1000_seq12_tmax1e5_prefixes_remap40_newmodel_columns/column_0967.tsv
Copying file:///home/carterhinsley/MultimodalMaps.jl/kneading/experiment/attempt-050/grid1000_seq12_tmax1e5_prefixes_remap40_newmodel_columns/column_0968.tsv to gs://carter-kneading-attempt048/attempt-050/grid1000_seq12_tmax1e5_prefixes_remap40_newmodel_columns/column_0968.tsv
Copying file:///home/carterhinsley/MultimodalMaps.jl/kneading/experiment/attempt-050/grid1000_seq12_tmax1e5_prefixes_remap40_newmodel_columns/column_0969.tsv to gs://carter-kneading-attempt048/attempt-050/grid1000_seq12_tmax1e5_prefixes_remap40_newmodel_columns/column_0969.tsv
Copying file:///home/carterhinsley/MultimodalMaps.jl/kneading/experiment/attempt-050/grid1000_seq12_tmax1e5_prefixes_remap40_newmodel_columns/column_0970.tsv to gs://carter-kneading-attempt048/attempt-050/grid1000_seq12_tmax1e5_prefixes_remap40_newmodel_columns/column_0970.tsv
Copying file:///home/carterhinsley/MultimodalMaps.jl/kneading/experiment/attempt-050/grid1000_seq12_tmax1e5_prefixes_remap40_newmodel_columns/column_0971.tsv to gs://carter-kneading-attempt048/attempt-050/grid1000_seq12_tmax1e5_prefixes_remap40_newmodel_columns/column_0971.tsv
Copying file:///home/carterhinsley/MultimodalMaps.jl/kneading/experiment/attempt-050/grid1000_seq12_tmax1e5_prefixes_remap40_newmodel_columns/column_0972.tsv to gs://carter-kneading-attempt048/attempt-050/grid1000_seq12_tmax1e5_prefixes_remap40_newmodel_columns/column_0972.tsv
Copying file:///home/carterhinsley/MultimodalMaps.jl/kneading/experiment/attempt-050/grid1000_seq12_tmax1e5_prefixes_remap40_newmodel_columns/column_0973.tsv to gs://carter-kneading-attempt048/attempt-050/grid1000_seq12_tmax1e5_prefixes_remap40_newmodel_columns/column_0973.tsv
Copying file:///home/carterhinsley/MultimodalMaps.jl/kneading/experiment/attempt-050/grid1000_seq12_tmax1e5_prefixes_remap40_newmodel_columns/column_0974.tsv to gs://carter-kneading-attempt048/attempt-050/grid1000_seq12_tmax1e5_prefixes_remap40_newmodel_columns/column_0974.tsv
Copying file:///home/carterhinsley/MultimodalMaps.jl/kneading/experiment/attempt-050/grid1000_seq12_tmax1e5_prefixes_remap40_newmodel_columns/column_0975.tsv to gs://carter-kneading-attempt048/attempt-050/grid1000_seq12_tmax1e5_prefixes_remap40_newmodel_columns/column_0975.tsv
Copying file:///home/carterhinsley/MultimodalMaps.jl/kneading/experiment/attempt-050/grid1000_seq12_tmax1e5_prefixes_remap40_newmodel_columns/column_0976.tsv to gs://carter-kneading-attempt048/attempt-050/grid1000_seq12_tmax1e5_prefixes_remap40_newmodel_columns/column_0976.tsv
Copying file:///home/carterhinsley/MultimodalMaps.jl/kneading/experiment/attempt-050/grid1000_seq12_tmax1e5_prefixes_remap40_newmodel_columns/column_0977.tsv to gs://carter-kneading-attempt048/attempt-050/grid1000_seq12_tmax1e5_prefixes_remap40_newmodel_columns/column_0977.tsv
Copying file:///home/carterhinsley/MultimodalMaps.jl/kneading/experiment/attempt-050/grid1000_seq12_tmax1e5_prefixes_remap40_newmodel_columns/column_0978.tsv to gs://carter-kneading-attempt048/attempt-050/grid1000_seq12_tmax1e5_prefixes_remap40_newmodel_columns/column_0978.tsv
Copying file:///home/carterhinsley/MultimodalMaps.jl/kneading/experiment/attempt-050/grid1000_seq12_tmax1e5_prefixes_remap40_newmodel_columns/column_0979.tsv to gs://carter-kneading-attempt048/attempt-050/grid1000_seq12_tmax1e5_prefixes_remap40_newmodel_columns/column_0979.tsv
Copying file:///home/carterhinsley/MultimodalMaps.jl/kneading/experiment/attempt-050/grid1000_seq12_tmax1e5_prefixes_remap40_newmodel_columns/column_0980.tsv to gs://carter-kneading-attempt048/attempt-050/grid1000_seq12_tmax1e5_prefixes_remap40_newmodel_columns/column_0980.tsv
Copying file:///home/carterhinsley/MultimodalMaps.jl/kneading/experiment/attempt-050/grid1000_seq12_tmax1e5_prefixes_remap40_newmodel_columns/column_0981.tsv to gs://carter-kneading-attempt048/attempt-050/grid1000_seq12_tmax1e5_prefixes_remap40_newmodel_columns/column_0981.tsv
Copying file:///home/carterhinsley/MultimodalMaps.jl/kneading/experiment/attempt-050/grid1000_seq12_tmax1e5_prefixes_remap40_newmodel_columns/column_0982.tsv to gs://carter-kneading-attempt048/attempt-050/grid1000_seq12_tmax1e5_prefixes_remap40_newmodel_columns/column_0982.tsv
Copying file:///home/carterhinsley/MultimodalMaps.jl/kneading/experiment/attempt-050/grid1000_seq12_tmax1e5_prefixes_remap40_newmodel_columns/column_0983.tsv to gs://carter-kneading-attempt048/attempt-050/grid1000_seq12_tmax1e5_prefixes_remap40_newmodel_columns/column_0983.tsv
Copying file:///home/carterhinsley/MultimodalMaps.jl/kneading/experiment/attempt-050/grid1000_seq12_tmax1e5_prefixes_remap40_newmodel_columns/column_0984.tsv to gs://carter-kneading-attempt048/attempt-050/grid1000_seq12_tmax1e5_prefixes_remap40_newmodel_columns/column_0984.tsv
Copying file:///home/carterhinsley/MultimodalMaps.jl/kneading/experiment/attempt-050/grid1000_seq12_tmax1e5_prefixes_remap40_newmodel_columns/column_0985.tsv to gs://carter-kneading-attempt048/attempt-050/grid1000_seq12_tmax1e5_prefixes_remap40_newmodel_columns/column_0985.tsv
Copying file:///home/carterhinsley/MultimodalMaps.jl/kneading/experiment/attempt-050/grid1000_seq12_tmax1e5_prefixes_remap40_newmodel_columns/column_0986.tsv to gs://carter-kneading-attempt048/attempt-050/grid1000_seq12_tmax1e5_prefixes_remap40_newmodel_columns/column_0986.tsv
Copying file:///home/carterhinsley/MultimodalMaps.jl/kneading/experiment/attempt-050/grid1000_seq12_tmax1e5_prefixes_remap40_newmodel_columns/column_0987.tsv to gs://carter-kneading-attempt048/attempt-050/grid1000_seq12_tmax1e5_prefixes_remap40_newmodel_columns/column_0987.tsv
Copying file:///home/carterhinsley/MultimodalMaps.jl/kneading/experiment/attempt-050/grid1000_seq12_tmax1e5_prefixes_remap40_newmodel_columns/column_0988.tsv to gs://carter-kneading-attempt048/attempt-050/grid1000_seq12_tmax1e5_prefixes_remap40_newmodel_columns/column_0988.tsv
Copying file:///home/carterhinsley/MultimodalMaps.jl/kneading/experiment/attempt-050/grid1000_seq12_tmax1e5_prefixes_remap40_newmodel_columns/column_0989.tsv to gs://carter-kneading-attempt048/attempt-050/grid1000_seq12_tmax1e5_prefixes_remap40_newmodel_columns/column_0989.tsv
Copying file:///home/carterhinsley/MultimodalMaps.jl/kneading/experiment/attempt-050/grid1000_seq12_tmax1e5_prefixes_remap40_newmodel_columns/column_0990.tsv to gs://carter-kneading-attempt048/attempt-050/grid1000_seq12_tmax1e5_prefixes_remap40_newmodel_columns/column_0990.tsv
Copying file:///home/carterhinsley/MultimodalMaps.jl/kneading/experiment/attempt-050/grid1000_seq12_tmax1e5_prefixes_remap40_newmodel_columns/column_0991.tsv to gs://carter-kneading-attempt048/attempt-050/grid1000_seq12_tmax1e5_prefixes_remap40_newmodel_columns/column_0991.tsv
Copying file:///home/carterhinsley/MultimodalMaps.jl/kneading/experiment/attempt-050/grid1000_seq12_tmax1e5_prefixes_remap40_newmodel_columns/column_0992.tsv to gs://carter-kneading-attempt048/attempt-050/grid1000_seq12_tmax1e5_prefixes_remap40_newmodel_columns/column_0992.tsv
Copying file:///home/carterhinsley/MultimodalMaps.jl/kneading/experiment/attempt-050/grid1000_seq12_tmax1e5_prefixes_remap40_newmodel_columns/column_0993.tsv to gs://carter-kneading-attempt048/attempt-050/grid1000_seq12_tmax1e5_prefixes_remap40_newmodel_columns/column_0993.tsv
Copying file:///home/carterhinsley/MultimodalMaps.jl/kneading/experiment/attempt-050/grid1000_seq12_tmax1e5_prefixes_remap40_newmodel_columns/column_0994.tsv to gs://carter-kneading-attempt048/attempt-050/grid1000_seq12_tmax1e5_prefixes_remap40_newmodel_columns/column_0994.tsv
Copying file:///home/carterhinsley/MultimodalMaps.jl/kneading/experiment/attempt-050/grid1000_seq12_tmax1e5_prefixes_remap40_newmodel_columns/column_0995.tsv to gs://carter-kneading-attempt048/attempt-050/grid1000_seq12_tmax1e5_prefixes_remap40_newmodel_columns/column_0995.tsv
Copying file:///home/carterhinsley/MultimodalMaps.jl/kneading/experiment/attempt-050/grid1000_seq12_tmax1e5_prefixes_remap40_newmodel_columns/column_0996.tsv to gs://carter-kneading-attempt048/attempt-050/grid1000_seq12_tmax1e5_prefixes_remap40_newmodel_columns/column_0996.tsv
Copying file:///home/carterhinsley/MultimodalMaps.jl/kneading/experiment/attempt-050/grid1000_seq12_tmax1e5_prefixes_remap40_newmodel_columns/column_0997.tsv to gs://carter-kneading-attempt048/attempt-050/grid1000_seq12_tmax1e5_prefixes_remap40_newmodel_columns/column_0997.tsv
Copying file:///home/carterhinsley/MultimodalMaps.jl/kneading/experiment/attempt-050/grid1000_seq12_tmax1e5_prefixes_remap40_newmodel_columns/column_0998.tsv to gs://carter-kneading-attempt048/attempt-050/grid1000_seq12_tmax1e5_prefixes_remap40_newmodel_columns/column_0998.tsv
Copying file:///home/carterhinsley/MultimodalMaps.jl/kneading/experiment/attempt-050/grid1000_seq12_tmax1e5_prefixes_remap40_newmodel_columns/column_0999.tsv to gs://carter-kneading-attempt048/attempt-050/grid1000_seq12_tmax1e5_prefixes_remap40_newmodel_columns/column_0999.tsv
Copying file:///home/carterhinsley/MultimodalMaps.jl/kneading/experiment/attempt-050/grid1000_seq12_tmax1e5_prefixes_remap40_newmodel_columns/column_1000.tsv to gs://carter-kneading-attempt048/attempt-050/grid1000_seq12_tmax1e5_prefixes_remap40_newmodel_columns/column_1000.tsv
.

Average throughput: 778.8MiB/s
Copying file:///home/carterhinsley/MultimodalMaps.jl/kneading/experiment/attempt-050/grid1000_seq12_tmax1e5_prefixes_remap40_newmodel.log to gs://carter-kneading-attempt048/attempt-050/grid1000_seq12_tmax1e5_prefixes_remap40_newmodel.log
  

Copying file:///home/carterhinsley/MultimodalMaps.jl/kneading/experiment/attempt-050/grid1000_seq12_tmax1e5_prefixes_remap40_newmodel_prefix05_gamma_legend.tsv to gs://carter-kneading-attempt048/attempt-050/grid1000_seq12_tmax1e5_prefixes_remap40_newmodel_prefix05_gamma_legend.tsv
  
.
WARNING: Parallel composite upload was turned ON to get the best performance on
uploading large objects. If you would like to opt-out and instead
perform a normal upload, run:
`gcloud config set storage/parallel_composite_upload_enabled False`
If you would like to disable this warning, run:
`gcloud config set storage/parallel_composite_upload_enabled True`
Note that with parallel composite uploads, your object might be
uploaded as a composite object
(https://cloud.google.com/storage/docs/composite-objects), which means
that any user who downloads your object will need to use crc32c
checksums to verify data integrity. gcloud storage is capable of
computing crc32c checksums, but this might pose a problem for other
clients.

Copying file:///home/carterhinsley/MultimodalMaps.jl/kneading/experiment/attempt-050/grid1000_seq12_tmax1e5_prefixes_remap40_newmodel_gamma_legend.tsv to gs://carter-kneading-attempt048/attempt-050/grid1000_seq12_tmax1e5_prefixes_remap40_newmodel_gamma_legend.tsv
  
.....

Average throughput: 203.1MiB/s
Copying file:///home/carterhinsley/MultimodalMaps.jl/kneading/experiment/attempt-050/grid1000_seq12_tmax1e5_prefixes_remap40_newmodel.log to gs://carter-kneading-attempt048/attempt-050/grid1000_seq12_tmax1e5_prefixes_remap40_newmodel.log
  
