
[2026-04-30T17:29:34+00:00] Running attempt-051 full scan for gh0p01 with remap resolution 40
Repo root: /home/carterhinsley/MultimodalMaps.jl
Julia threads: 96
Julia GC threads: 8
OpenBLAS threads: 1
Grid: 1000 Delta Ca x 1000 Delta x
Delta Ca range: [-60.0, 20.0]
Delta x range: [-2.0, 2.0]
g_h: 1.0e-2
tau_y: 2.0e4
SSCS integration tmax: 1.0e5
Plot size: 1600x1200 at px_per_unit=2.0; linewidth=0.35
GCS artifact URI: gs://carter-kneading-attempt048/attempt-051
/usr/bin/time is not available; using shell timing fallback.
  Activating project at `~/MultimodalMaps.jl`
  Activating project at `~/MultimodalMaps.jl`
  Activating project at `~/MultimodalMaps.jl`
  Activating project at `~/MultimodalMaps.jl`
Running attempt-051 contour scan.
Grid: 1000 ΔCa points × 1000 Δx points
Julia threads: 96, output tag: grid1000_seq12_tmax1e5_gh0p01_prefixes_remap40_newmodel, max sequence length: 12, remap resolution: 40
Model overrides: g_h=0.01, tau_y=20000.0, SSCS tmax=100000.0
T0 continuation refinement steps: 5, Ca-window: 0.003
Column checkpoint directory: /home/carterhinsley/MultimodalMaps.jl/kneading/experiment/attempt-051/grid1000_seq12_tmax1e5_gh0p01_prefixes_remap40_newmodel_columns
Saved column 199/1000 (ΔCa=-44.144144) with 19/1000 successful points in 25.14 s
Saved column 188/1000 (ΔCa=-45.025025) with 21/1000 successful points in 25.45 s
Saved column 210/1000 (ΔCa=-43.263263) with 17/1000 successful points in 25.68 s
Saved column 221/1000 (ΔCa=-42.382382) with 15/1000 successful points in 25.74 s
Saved column 254/1000 (ΔCa=-39.739740) with 9/1000 successful points in 25.84 s
Saved column 177/1000 (ΔCa=-45.905906) with 23/1000 successful points in 25.86 s
Saved column 232/1000 (ΔCa=-41.501502) with 12/1000 successful points in 25.92 s
Saved column 243/1000 (ΔCa=-40.620621) with 11/1000 successful points in 25.99 s
Saved column 166/1000 (ΔCa=-46.786787) with 25/1000 successful points in 26.11 s
Saved column 265/1000 (ΔCa=-38.858859) with 7/1000 successful points in 26.17 s
Saved column 276/1000 (ΔCa=-37.977978) with 5/1000 successful points in 26.21 s
Saved column 309/1000 (ΔCa=-35.335335) with 0/1000 successful points in 26.23 s
Saved column 155/1000 (ΔCa=-47.667668) with 28/1000 successful points in 26.34 s
Saved column 287/1000 (ΔCa=-37.097097) with 3/1000 successful points in 26.36 s
Saved column 298/1000 (ΔCa=-36.216216) with 1/1000 successful points in 26.36 s
Saved column 144/1000 (ΔCa=-48.548549) with 30/1000 successful points in 26.40 s
Saved column 133/1000 (ΔCa=-49.429429) with 33/1000 successful points in 26.49 s
Saved column 320/1000 (ΔCa=-34.454454) with 0/1000 successful points in 26.51 s
Saved column 89/1000 (ΔCa=-52.952953) with 43/1000 successful points in 26.54 s
Saved column 122/1000 (ΔCa=-50.310310) with 35/1000 successful points in 26.58 s
Saved column 111/1000 (ΔCa=-51.191191) with 37/1000 successful points in 26.63 s
Saved column 342/1000 (ΔCa=-32.692693) with 0/1000 successful points in 26.67 s
Saved column 331/1000 (ΔCa=-33.573574) with 0/1000 successful points in 26.69 s
Saved column 100/1000 (ΔCa=-52.072072) with 40/1000 successful points in 26.74 s
Saved column 397/1000 (ΔCa=-28.288288) with 0/1000 successful points in 26.85 s
Saved column 353/1000 (ΔCa=-31.811812) with 0/1000 successful points in 26.89 s
Saved column 364/1000 (ΔCa=-30.930931) with 0/1000 successful points in 26.95 s
Saved column 386/1000 (ΔCa=-29.169169) with 0/1000 successful points in 27.01 s
Saved column 375/1000 (ΔCa=-30.050050) with 0/1000 successful points in 27.06 s
Saved column 12/1000 (ΔCa=-59.119119) with 62/1000 successful points in 27.07 s
Saved column 78/1000 (ΔCa=-53.833834) with 45/1000 successful points in 27.07 s
Saved column 408/1000 (ΔCa=-27.407407) with 0/1000 successful points in 27.13 s
Saved column 23/1000 (ΔCa=-58.238238) with 59/1000 successful points in 27.18 s
Saved column 34/1000 (ΔCa=-57.357357) with 57/1000 successful points in 27.24 s
Saved column 45/1000 (ΔCa=-56.476476) with 54/1000 successful points in 27.25 s
Saved column 56/1000 (ΔCa=-55.595596) with 51/1000 successful points in 27.27 s
Saved column 67/1000 (ΔCa=-54.714715) with 48/1000 successful points in 27.30 s
Saved column 419/1000 (ΔCa=-26.526527) with 0/1000 successful points in 27.43 s
Saved column 441/1000 (ΔCa=-24.764765) with 0/1000 successful points in 27.44 s
Saved column 1/1000 (ΔCa=-60.000000) with 73/1000 successful points in 27.56 s
Saved column 430/1000 (ΔCa=-25.645646) with 0/1000 successful points in 27.60 s
Saved column 451/1000 (ΔCa=-23.963964) with 0/1000 successful points in 28.00 s
Saved column 461/1000 (ΔCa=-23.163163) with 0/1000 successful points in 28.10 s
Saved column 471/1000 (ΔCa=-22.362362) with 0/1000 successful points in 28.12 s
Saved column 491/1000 (ΔCa=-20.760761) with 0/1000 successful points in 28.17 s
Saved column 481/1000 (ΔCa=-21.561562) with 0/1000 successful points in 28.22 s
Saved column 501/1000 (ΔCa=-19.959960) with 0/1000 successful points in 28.47 s
Saved column 751/1000 (ΔCa=0.060060) with 50/1000 successful points in 30.89 s
Saved column 821/1000 (ΔCa=5.665666) with 0/1000 successful points in 31.03 s
Saved column 811/1000 (ΔCa=4.864865) with 0/1000 successful points in 31.03 s
Saved column 721/1000 (ΔCa=-2.342342) with 79/1000 successful points in 31.06 s
Saved column 781/1000 (ΔCa=2.462462) with 22/1000 successful points in 31.10 s
Saved column 741/1000 (ΔCa=-0.740741) with 60/1000 successful points in 31.10 s
Saved column 801/1000 (ΔCa=4.064064) with 4/1000 successful points in 31.14 s
Saved column 791/1000 (ΔCa=3.263263) with 13/1000 successful points in 31.20 s
Saved column 761/1000 (ΔCa=0.860861) with 41/1000 successful points in 31.21 s
Saved column 731/1000 (ΔCa=-1.541542) with 70/1000 successful points in 31.28 s
Saved column 701/1000 (ΔCa=-3.943944) with 99/1000 successful points in 31.28 s
Saved column 831/1000 (ΔCa=6.466466) with 0/1000 successful points in 31.32 s
Saved column 841/1000 (ΔCa=7.267267) with 0/1000 successful points in 31.33 s
Saved column 691/1000 (ΔCa=-4.744745) with 109/1000 successful points in 31.33 s
Saved column 771/1000 (ΔCa=1.661662) with 31/1000 successful points in 31.36 s
Saved column 861/1000 (ΔCa=8.868869) with 0/1000 successful points in 31.40 s
Saved column 631/1000 (ΔCa=-9.549550) with 144/1000 successful points in 31.45 s
Saved column 711/1000 (ΔCa=-3.143143) with 89/1000 successful points in 31.51 s
Saved column 851/1000 (ΔCa=8.068068) with 0/1000 successful points in 31.52 s
Saved column 641/1000 (ΔCa=-8.748749) with 133/1000 successful points in 31.55 s
Saved column 681/1000 (ΔCa=-5.545546) with 119/1000 successful points in 31.57 s
Saved column 651/1000 (ΔCa=-7.947948) with 119/1000 successful points in 31.59 s
Saved column 621/1000 (ΔCa=-10.350350) with 159/1000 successful points in 31.61 s
Saved column 661/1000 (ΔCa=-7.147147) with 135/1000 successful points in 31.73 s
Saved column 611/1000 (ΔCa=-11.151151) with 173/1000 successful points in 31.77 s
Saved column 881/1000 (ΔCa=10.470470) with 0/1000 successful points in 31.83 s
Saved column 601/1000 (ΔCa=-11.951952) with 186/1000 successful points in 31.83 s
Saved column 671/1000 (ΔCa=-6.346346) with 129/1000 successful points in 31.85 s
Saved column 871/1000 (ΔCa=9.669670) with 0/1000 successful points in 31.88 s
Saved column 531/1000 (ΔCa=-17.557558) with 27/1000 successful points in 31.90 s
Saved column 901/1000 (ΔCa=12.072072) with 0/1000 successful points in 32.03 s
Saved column 941/1000 (ΔCa=15.275275) with 0/1000 successful points in 32.07 s
Saved column 891/1000 (ΔCa=11.271271) with 0/1000 successful points in 32.07 s
Saved column 921/1000 (ΔCa=13.673674) with 0/1000 successful points in 32.07 s
Saved column 591/1000 (ΔCa=-12.752753) with 200/1000 successful points in 32.07 s
Saved column 911/1000 (ΔCa=12.872873) with 0/1000 successful points in 32.11 s
Saved column 931/1000 (ΔCa=14.474474) with 0/1000 successful points in 32.17 s
Saved column 951/1000 (ΔCa=16.076076) with 0/1000 successful points in 32.36 s
Saved column 581/1000 (ΔCa=-13.553554) with 214/1000 successful points in 32.58 s
Saved column 961/1000 (ΔCa=16.876877) with 0/1000 successful points in 32.60 s
Saved column 981/1000 (ΔCa=18.478478) with 0/1000 successful points in 32.85 s
Saved column 971/1000 (ΔCa=17.677678) with 0/1000 successful points in 33.03 s
Saved column 991/1000 (ΔCa=19.279279) with 0/1000 successful points in 33.42 s
Saved column 571/1000 (ΔCa=-14.354354) with 227/1000 successful points in 33.43 s
Saved column 561/1000 (ΔCa=-15.155155) with 241/1000 successful points in 34.02 s
Saved column 551/1000 (ΔCa=-15.955956) with 254/1000 successful points in 34.50 s
Saved column 541/1000 (ΔCa=-16.756757) with 268/1000 successful points in 35.20 s
Saved column 521/1000 (ΔCa=-18.358358) with 293/1000 successful points in 36.33 s
Saved column 511/1000 (ΔCa=-19.159159) with 306/1000 successful points in 36.78 s
Saved column 200/1000 (ΔCa=-44.064064) with 19/1000 successful points in 22.98 s
Saved column 189/1000 (ΔCa=-44.944945) with 21/1000 successful points in 23.15 s
Saved column 211/1000 (ΔCa=-43.183183) with 16/1000 successful points in 23.27 s
Saved column 222/1000 (ΔCa=-42.302302) with 14/1000 successful points in 23.34 s
Saved column 178/1000 (ΔCa=-45.825826) with 23/1000 successful points in 23.32 s
Saved column 233/1000 (ΔCa=-41.421421) with 12/1000 successful points in 23.45 s
Saved column 244/1000 (ΔCa=-40.540541) with 10/1000 successful points in 23.45 s
Saved column 255/1000 (ΔCa=-39.659660) with 8/1000 successful points in 23.60 s
Saved column 90/1000 (ΔCa=-52.872873) with 42/1000 successful points in 23.04 s
Saved column 167/1000 (ΔCa=-46.706707) with 25/1000 successful points in 23.62 s
Saved column 266/1000 (ΔCa=-38.778779) with 7/1000 successful points in 23.66 s
Saved column 156/1000 (ΔCa=-47.587588) with 28/1000 successful points in 23.54 s
Saved column 277/1000 (ΔCa=-37.897898) with 5/1000 successful points in 23.71 s
Saved column 310/1000 (ΔCa=-35.255255) with 0/1000 successful points in 23.75 s
Saved column 145/1000 (ΔCa=-48.468468) with 30/1000 successful points in 23.61 s
Saved column 134/1000 (ΔCa=-49.349349) with 32/1000 successful points in 23.56 s
Saved column 13/1000 (ΔCa=-59.039039) with 62/1000 successful points in 23.00 s
Saved column 112/1000 (ΔCa=-51.111111) with 37/1000 successful points in 23.47 s
Saved column 123/1000 (ΔCa=-50.230230) with 35/1000 successful points in 23.56 s
Saved column 101/1000 (ΔCa=-51.991992) with 40/1000 successful points in 23.42 s
Saved column 24/1000 (ΔCa=-58.158158) with 59/1000 successful points in 23.00 s
Saved column 299/1000 (ΔCa=-36.136136) with 1/1000 successful points in 23.84 s
Saved column 288/1000 (ΔCa=-37.017017) with 3/1000 successful points in 23.85 s
Saved column 79/1000 (ΔCa=-53.753754) with 45/1000 successful points in 23.24 s
Saved column 321/1000 (ΔCa=-34.374374) with 0/1000 successful points in 23.96 s
Saved column 35/1000 (ΔCa=-57.277277) with 56/1000 successful points in 23.24 s
Saved column 46/1000 (ΔCa=-56.396396) with 53/1000 successful points in 23.43 s
Saved column 332/1000 (ΔCa=-33.493493) with 0/1000 successful points in 24.00 s
Saved column 57/1000 (ΔCa=-55.515516) with 51/1000 successful points in 23.43 s
Saved column 343/1000 (ΔCa=-32.612613) with 0/1000 successful points in 24.08 s
Saved column 2/1000 (ΔCa=-59.919920) with 71/1000 successful points in 23.22 s
Saved column 68/1000 (ΔCa=-54.634635) with 48/1000 successful points in 23.57 s
Saved column 354/1000 (ΔCa=-31.731732) with 0/1000 successful points in 24.20 s
Saved column 365/1000 (ΔCa=-30.850851) with 0/1000 successful points in 24.55 s
Saved column 376/1000 (ΔCa=-29.969970) with 0/1000 successful points in 24.55 s
Saved column 387/1000 (ΔCa=-29.089089) with 0/1000 successful points in 24.75 s
Saved column 398/1000 (ΔCa=-28.208208) with 0/1000 successful points in 25.00 s
Saved column 409/1000 (ΔCa=-27.327327) with 0/1000 successful points in 25.00 s
Saved column 420/1000 (ΔCa=-26.446446) with 0/1000 successful points in 25.26 s
Saved column 442/1000 (ΔCa=-24.684685) with 0/1000 successful points in 25.45 s
Saved column 431/1000 (ΔCa=-25.565566) with 0/1000 successful points in 25.33 s
Saved column 452/1000 (ΔCa=-23.883884) with 0/1000 successful points in 25.58 s
Saved column 462/1000 (ΔCa=-23.083083) with 0/1000 successful points in 25.74 s
Saved column 472/1000 (ΔCa=-22.282282) with 0/1000 successful points in 25.73 s
Saved column 482/1000 (ΔCa=-21.481481) with 0/1000 successful points in 25.90 s
Saved column 492/1000 (ΔCa=-20.680681) with 0/1000 successful points in 26.00 s
Saved column 502/1000 (ΔCa=-19.879880) with 0/1000 successful points in 26.15 s
Saved column 752/1000 (ΔCa=0.140140) with 49/1000 successful points in 28.88 s
Saved column 812/1000 (ΔCa=4.944945) with 0/1000 successful points in 28.79 s
Saved column 782/1000 (ΔCa=2.542543) with 21/1000 successful points in 28.77 s
Saved column 802/1000 (ΔCa=4.144144) with 3/1000 successful points in 28.75 s
Saved column 792/1000 (ΔCa=3.343343) with 12/1000 successful points in 28.75 s
Saved column 822/1000 (ΔCa=5.745746) with 0/1000 successful points in 28.95 s
Saved column 742/1000 (ΔCa=-0.660661) with 59/1000 successful points in 28.95 s
Saved column 722/1000 (ΔCa=-2.262262) with 76/1000 successful points in 29.04 s
Saved column 762/1000 (ΔCa=0.940941) with 40/1000 successful points in 28.93 s
Saved column 772/1000 (ΔCa=1.741742) with 31/1000 successful points in 28.83 s
Saved column 832/1000 (ΔCa=6.546547) with 0/1000 successful points in 29.27 s
Saved column 732/1000 (ΔCa=-1.461461) with 69/1000 successful points in 29.38 s
Saved column 702/1000 (ΔCa=-3.863864) with 98/1000 successful points in 29.42 s
Saved column 842/1000 (ΔCa=7.347347) with 0/1000 successful points in 29.39 s
Saved column 712/1000 (ΔCa=-3.063063) with 88/1000 successful points in 29.28 s
Saved column 692/1000 (ΔCa=-4.664665) with 108/1000 successful points in 29.57 s
Saved column 662/1000 (ΔCa=-7.067067) with 107/1000 successful points in 29.19 s
Saved column 862/1000 (ΔCa=8.948949) with 0/1000 successful points in 29.57 s
Saved column 632/1000 (ΔCa=-9.469469) with 145/1000 successful points in 29.54 s
Saved column 642/1000 (ΔCa=-8.668669) with 131/1000 successful points in 29.46 s
Saved column 682/1000 (ΔCa=-5.465465) with 117/1000 successful points in 29.54 s
Saved column 852/1000 (ΔCa=8.148148) with 0/1000 successful points in 29.63 s
Saved column 622/1000 (ΔCa=-10.270270) with 157/1000 successful points in 29.62 s
Saved column 672/1000 (ΔCa=-6.266266) with 128/1000 successful points in 29.65 s
Saved column 612/1000 (ΔCa=-11.071071) with 171/1000 successful points in 29.74 s
Saved column 872/1000 (ΔCa=9.749750) with 0/1000 successful points in 29.71 s
Saved column 652/1000 (ΔCa=-7.867868) with 147/1000 successful points in 30.09 s
Saved column 882/1000 (ΔCa=10.550551) with 0/1000 successful points in 29.93 s
Saved column 602/1000 (ΔCa=-11.871872) with 186/1000 successful points in 29.92 s
Saved column 892/1000 (ΔCa=11.351351) with 0/1000 successful points in 29.91 s
Saved column 902/1000 (ΔCa=12.152152) with 0/1000 successful points in 30.02 s
Saved column 592/1000 (ΔCa=-12.672673) with 197/1000 successful points in 30.07 s
Saved column 912/1000 (ΔCa=12.952953) with 0/1000 successful points in 30.08 s
Saved column 922/1000 (ΔCa=13.753754) with 0/1000 successful points in 30.23 s
Saved column 552/1000 (ΔCa=-15.875876) with 88/1000 successful points in 27.82 s
Saved column 932/1000 (ΔCa=14.554555) with 0/1000 successful points in 30.30 s
Saved column 942/1000 (ΔCa=15.355355) with 0/1000 successful points in 30.45 s
Saved column 532/1000 (ΔCa=-17.477477) with 279/1000 successful points in 30.73 s
Saved column 582/1000 (ΔCa=-13.473473) with 212/1000 successful points in 30.13 s
Saved column 952/1000 (ΔCa=16.156156) with 0/1000 successful points in 30.53 s
Saved column 962/1000 (ΔCa=16.956957) with 0/1000 successful points in 30.53 s
Saved column 522/1000 (ΔCa=-18.278278) with 15/1000 successful points in 26.88 s
Saved column 572/1000 (ΔCa=-14.274274) with 226/1000 successful points in 30.02 s
Saved column 972/1000 (ΔCa=17.757758) with 0/1000 successful points in 30.55 s
Saved column 982/1000 (ΔCa=18.558559) with 0/1000 successful points in 30.77 s
Saved column 562/1000 (ΔCa=-15.075075) with 240/1000 successful points in 29.97 s
Saved column 992/1000 (ΔCa=19.359359) with 0/1000 successful points in 30.63 s
Saved column 542/1000 (ΔCa=-16.676677) with 266/1000 successful points in 30.45 s
Saved column 512/1000 (ΔCa=-19.079079) with 305/1000 successful points in 30.92 s
Saved column 201/1000 (ΔCa=-43.983984) with 18/1000 successful points in 23.32 s
Saved column 190/1000 (ΔCa=-44.864865) with 21/1000 successful points in 23.34 s
Saved column 212/1000 (ΔCa=-43.103103) with 16/1000 successful points in 23.51 s
Saved column 179/1000 (ΔCa=-45.745746) with 23/1000 successful points in 23.54 s
Saved column 223/1000 (ΔCa=-42.222222) with 14/1000 successful points in 23.67 s
Saved column 91/1000 (ΔCa=-52.792793) with 42/1000 successful points in 23.56 s
Saved column 234/1000 (ΔCa=-41.341341) with 12/1000 successful points in 23.99 s
Saved column 256/1000 (ΔCa=-39.579580) with 8/1000 successful points in 23.94 s
Saved column 245/1000 (ΔCa=-40.460460) with 10/1000 successful points in 24.00 s
Saved column 168/1000 (ΔCa=-46.626627) with 25/1000 successful points in 23.84 s
Saved column 14/1000 (ΔCa=-58.958959) with 62/1000 successful points in 23.52 s
Saved column 25/1000 (ΔCa=-58.078078) with 59/1000 successful points in 23.50 s
Saved column 113/1000 (ΔCa=-51.031031) with 37/1000 successful points in 23.64 s
Saved column 267/1000 (ΔCa=-38.698699) with 6/1000 successful points in 23.98 s
Saved column 157/1000 (ΔCa=-47.507508) with 27/1000 successful points in 23.93 s
Saved column 146/1000 (ΔCa=-48.388388) with 30/1000 successful points in 23.88 s
Saved column 102/1000 (ΔCa=-51.911912) with 40/1000 successful points in 23.74 s
Saved column 311/1000 (ΔCa=-35.175175) with 0/1000 successful points in 23.94 s
Saved column 124/1000 (ΔCa=-50.150150) with 35/1000 successful points in 23.79 s
Saved column 135/1000 (ΔCa=-49.269269) with 32/1000 successful points in 23.92 s
Saved column 278/1000 (ΔCa=-37.817818) with 5/1000 successful points in 24.10 s
Saved column 80/1000 (ΔCa=-53.673674) with 45/1000 successful points in 23.74 s
Saved column 36/1000 (ΔCa=-57.197197) with 56/1000 successful points in 23.57 s
Saved column 3/1000 (ΔCa=-59.839840) with 68/1000 successful points in 23.46 s
Saved column 47/1000 (ΔCa=-56.316316) with 53/1000 successful points in 23.67 s
Saved column 289/1000 (ΔCa=-36.936937) with 3/1000 successful points in 24.15 s
Saved column 300/1000 (ΔCa=-36.056056) with 1/1000 successful points in 24.20 s
Saved column 58/1000 (ΔCa=-55.435435) with 50/1000 successful points in 23.79 s
Saved column 322/1000 (ΔCa=-34.294294) with 0/1000 successful points in 24.24 s
Saved column 69/1000 (ΔCa=-54.554555) with 48/1000 successful points in 24.04 s
Saved column 344/1000 (ΔCa=-32.532533) with 0/1000 successful points in 24.42 s
Saved column 333/1000 (ΔCa=-33.413413) with 0/1000 successful points in 24.58 s
Saved column 355/1000 (ΔCa=-31.651652) with 0/1000 successful points in 24.72 s
Saved column 366/1000 (ΔCa=-30.770771) with 0/1000 successful points in 24.45 s
Saved column 377/1000 (ΔCa=-29.889890) with 0/1000 successful points in 24.58 s
Saved column 388/1000 (ΔCa=-29.009009) with 0/1000 successful points in 24.65 s
Saved column 399/1000 (ΔCa=-28.128128) with 0/1000 successful points in 24.85 s
Saved column 410/1000 (ΔCa=-27.247247) with 0/1000 successful points in 24.80 s
Saved column 421/1000 (ΔCa=-26.366366) with 0/1000 successful points in 25.04 s
Saved column 432/1000 (ΔCa=-25.485485) with 0/1000 successful points in 25.08 s
Saved column 443/1000 (ΔCa=-24.604605) with 0/1000 successful points in 25.23 s
Saved column 453/1000 (ΔCa=-23.803804) with 0/1000 successful points in 25.46 s
Saved column 473/1000 (ΔCa=-22.202202) with 0/1000 successful points in 25.37 s
Saved column 463/1000 (ΔCa=-23.003003) with 0/1000 successful points in 25.85 s
Saved column 483/1000 (ΔCa=-21.401401) with 0/1000 successful points in 25.91 s
Saved column 503/1000 (ΔCa=-19.799800) with 12/1000 successful points in 26.79 s
Saved column 493/1000 (ΔCa=-20.600601) with 315/1000 successful points in 30.89 s
Saved column 793/1000 (ΔCa=3.423423) with 11/1000 successful points in 28.52 s
Saved column 773/1000 (ΔCa=1.821822) with 30/1000 successful points in 28.70 s
Saved column 783/1000 (ΔCa=2.622623) with 20/1000 successful points in 29.04 s
Saved column 813/1000 (ΔCa=5.025025) with 0/1000 successful points in 29.15 s
Saved column 803/1000 (ΔCa=4.224224) with 2/1000 successful points in 29.09 s
Saved column 753/1000 (ΔCa=0.220220) with 48/1000 successful points in 29.29 s
Saved column 823/1000 (ΔCa=5.825826) with 0/1000 successful points in 29.20 s
Saved column 743/1000 (ΔCa=-0.580581) with 58/1000 successful points in 29.15 s
Saved column 763/1000 (ΔCa=1.021021) with 39/1000 successful points in 29.16 s
Saved column 723/1000 (ΔCa=-2.182182) with 75/1000 successful points in 29.33 s
Saved column 733/1000 (ΔCa=-1.381381) with 68/1000 successful points in 28.95 s
Saved column 833/1000 (ΔCa=6.626627) with 0/1000 successful points in 29.31 s
Saved column 713/1000 (ΔCa=-2.982983) with 74/1000 successful points in 29.14 s
Saved column 863/1000 (ΔCa=9.029029) with 0/1000 successful points in 28.99 s
Saved column 843/1000 (ΔCa=7.427427) with 0/1000 successful points in 29.28 s
Saved column 703/1000 (ΔCa=-3.783784) with 97/1000 successful points in 29.40 s
Saved column 523/1000 (ΔCa=-18.198198) with 16/1000 successful points in 26.90 s
Saved column 633/1000 (ΔCa=-9.389389) with 141/1000 successful points in 29.15 s
Saved column 643/1000 (ΔCa=-8.588589) with 130/1000 successful points in 29.14 s
Saved column 693/1000 (ΔCa=-4.584585) with 107/1000 successful points in 29.37 s
Saved column 853/1000 (ΔCa=8.228228) with 0/1000 successful points in 29.23 s
Saved column 663/1000 (ΔCa=-6.986987) with 123/1000 successful points in 29.45 s
Saved column 683/1000 (ΔCa=-5.385385) with 117/1000 successful points in 29.27 s
Saved column 623/1000 (ΔCa=-10.190190) with 155/1000 successful points in 29.18 s
Saved column 613/1000 (ΔCa=-10.990991) with 170/1000 successful points in 29.12 s
Saved column 673/1000 (ΔCa=-6.186186) with 127/1000 successful points in 29.16 s
Saved column 653/1000 (ΔCa=-7.787788) with 116/1000 successful points in 29.24 s
Saved column 873/1000 (ΔCa=9.829830) with 0/1000 successful points in 29.37 s
Saved column 883/1000 (ΔCa=10.630631) with 0/1000 successful points in 29.65 s
Saved column 593/1000 (ΔCa=-12.592593) with 196/1000 successful points in 29.43 s
Saved column 603/1000 (ΔCa=-11.791792) with 201/1000 successful points in 29.85 s
Saved column 903/1000 (ΔCa=12.232232) with 0/1000 successful points in 29.61 s
Saved column 893/1000 (ΔCa=11.431431) with 0/1000 successful points in 29.78 s
Saved column 913/1000 (ΔCa=13.033033) with 0/1000 successful points in 29.60 s
Saved column 583/1000 (ΔCa=-13.393393) with 210/1000 successful points in 29.66 s
Saved column 933/1000 (ΔCa=14.634635) with 0/1000 successful points in 29.90 s
Saved column 923/1000 (ΔCa=13.833834) with 0/1000 successful points in 30.17 s
Saved column 553/1000 (ΔCa=-15.795796) with 252/1000 successful points in 30.21 s
Saved column 943/1000 (ΔCa=15.435435) with 0/1000 successful points in 30.44 s
Saved column 953/1000 (ΔCa=16.236236) with 0/1000 successful points in 30.09 s
Saved column 573/1000 (ΔCa=-14.194194) with 225/1000 successful points in 29.57 s
Saved column 963/1000 (ΔCa=17.037037) with 0/1000 successful points in 30.15 s
Saved column 533/1000 (ΔCa=-17.397397) with 278/1000 successful points in 30.74 s
Saved column 973/1000 (ΔCa=17.837838) with 0/1000 successful points in 29.99 s
Saved column 983/1000 (ΔCa=18.638639) with 0/1000 successful points in 30.53 s
Saved column 563/1000 (ΔCa=-14.994995) with 238/1000 successful points in 30.16 s
Saved column 993/1000 (ΔCa=19.439439) with 0/1000 successful points in 30.53 s
Saved column 202/1000 (ΔCa=-43.903904) with 18/1000 successful points in 23.09 s
Saved column 191/1000 (ΔCa=-44.784785) with 20/1000 successful points in 22.96 s
Saved column 213/1000 (ΔCa=-43.023023) with 16/1000 successful points in 23.16 s
Saved column 543/1000 (ΔCa=-16.596597) with 265/1000 successful points in 30.50 s
Saved column 224/1000 (ΔCa=-42.142142) with 14/1000 successful points in 23.41 s
Saved column 180/1000 (ΔCa=-45.665666) with 23/1000 successful points in 23.45 s
Saved column 92/1000 (ΔCa=-52.712713) with 42/1000 successful points in 23.57 s
Saved column 235/1000 (ΔCa=-41.261261) with 12/1000 successful points in 23.40 s
Saved column 246/1000 (ΔCa=-40.380380) with 10/1000 successful points in 23.38 s
Saved column 26/1000 (ΔCa=-57.997998) with 59/1000 successful points in 23.17 s
Saved column 15/1000 (ΔCa=-58.878879) with 62/1000 successful points in 23.29 s
Saved column 257/1000 (ΔCa=-39.499499) with 8/1000 successful points in 23.55 s
Saved column 169/1000 (ΔCa=-46.546547) with 25/1000 successful points in 23.50 s
Saved column 114/1000 (ΔCa=-50.950951) with 37/1000 successful points in 23.46 s
Saved column 37/1000 (ΔCa=-57.117117) with 56/1000 successful points in 23.18 s
Saved column 103/1000 (ΔCa=-51.831832) with 39/1000 successful points in 23.43 s
Saved column 158/1000 (ΔCa=-47.427427) with 27/1000 successful points in 23.52 s
Saved column 4/1000 (ΔCa=-59.759760) with 66/1000 successful points in 23.14 s
Saved column 125/1000 (ΔCa=-50.070070) with 34/1000 successful points in 23.45 s
Saved column 81/1000 (ΔCa=-53.593594) with 45/1000 successful points in 23.39 s
Saved column 147/1000 (ΔCa=-48.308308) with 29/1000 successful points in 23.54 s
Saved column 136/1000 (ΔCa=-49.189189) with 32/1000 successful points in 23.49 s
Saved column 268/1000 (ΔCa=-38.618619) with 6/1000 successful points in 23.69 s
Saved column 48/1000 (ΔCa=-56.236236) with 53/1000 successful points in 23.29 s
Saved column 279/1000 (ΔCa=-37.737738) with 4/1000 successful points in 23.69 s
Saved column 312/1000 (ΔCa=-35.095095) with 0/1000 successful points in 23.89 s
Saved column 59/1000 (ΔCa=-55.355355) with 50/1000 successful points in 23.40 s
Saved column 301/1000 (ΔCa=-35.975976) with 1/1000 successful points in 23.65 s
Saved column 290/1000 (ΔCa=-36.856857) with 3/1000 successful points in 24.09 s
Saved column 513/1000 (ΔCa=-18.998999) with 280/1000 successful points in 30.76 s
Saved column 70/1000 (ΔCa=-54.474474) with 47/1000 successful points in 23.87 s
Saved column 323/1000 (ΔCa=-34.214214) with 0/1000 successful points in 24.23 s
Saved column 345/1000 (ΔCa=-32.452452) with 0/1000 successful points in 24.43 s
Saved column 334/1000 (ΔCa=-33.333333) with 0/1000 successful points in 24.42 s
Saved column 356/1000 (ΔCa=-31.571572) with 0/1000 successful points in 24.74 s
Saved column 367/1000 (ΔCa=-30.690691) with 0/1000 successful points in 24.68 s
Saved column 378/1000 (ΔCa=-29.809810) with 0/1000 successful points in 24.74 s
Saved column 389/1000 (ΔCa=-28.928929) with 0/1000 successful points in 24.70 s
Saved column 400/1000 (ΔCa=-28.048048) with 0/1000 successful points in 24.89 s
Saved column 411/1000 (ΔCa=-27.167167) with 0/1000 successful points in 24.98 s
Saved column 422/1000 (ΔCa=-26.286286) with 0/1000 successful points in 25.32 s
Saved column 433/1000 (ΔCa=-25.405405) with 0/1000 successful points in 25.32 s
Saved column 444/1000 (ΔCa=-24.524525) with 0/1000 successful points in 25.47 s
Saved column 454/1000 (ΔCa=-23.723724) with 0/1000 successful points in 25.39 s
Saved column 474/1000 (ΔCa=-22.122122) with 0/1000 successful points in 25.74 s
Saved column 464/1000 (ΔCa=-22.922923) with 0/1000 successful points in 25.37 s
Saved column 484/1000 (ΔCa=-21.321321) with 0/1000 successful points in 25.89 s
Saved column 494/1000 (ΔCa=-20.520521) with 0/1000 successful points in 26.00 s
Saved column 504/1000 (ΔCa=-19.719720) with 296/1000 successful points in 30.44 s
Saved column 524/1000 (ΔCa=-18.118118) with 17/1000 successful points in 26.46 s
Saved column 794/1000 (ΔCa=3.503504) with 10/1000 successful points in 28.95 s
Saved column 784/1000 (ΔCa=2.702703) with 19/1000 successful points in 28.79 s
Saved column 774/1000 (ΔCa=1.901902) with 29/1000 successful points in 28.88 s
Saved column 814/1000 (ΔCa=5.105105) with 0/1000 successful points in 28.81 s
Saved column 804/1000 (ΔCa=4.304304) with 1/1000 successful points in 28.81 s
Saved column 203/1000 (ΔCa=-43.823824) with 18/1000 successful points in 23.27 s
Saved column 754/1000 (ΔCa=0.300300) with 48/1000 successful points in 28.97 s
Saved column 192/1000 (ΔCa=-44.704705) with 20/1000 successful points in 23.16 s
Saved column 824/1000 (ΔCa=5.905906) with 0/1000 successful points in 28.92 s
Saved column 744/1000 (ΔCa=-0.500501) with 57/1000 successful points in 28.99 s
Saved column 764/1000 (ΔCa=1.101101) with 38/1000 successful points in 28.91 s
Saved column 724/1000 (ΔCa=-2.102102) with 75/1000 successful points in 28.99 s
Saved column 734/1000 (ΔCa=-1.301301) with 67/1000 successful points in 28.99 s
Saved column 834/1000 (ΔCa=6.706707) with 0/1000 successful points in 28.95 s
Saved column 714/1000 (ΔCa=-2.902903) with 74/1000 successful points in 29.07 s
Saved column 214/1000 (ΔCa=-42.942943) with 16/1000 successful points in 23.41 s
Saved column 844/1000 (ΔCa=7.507508) with 0/1000 successful points in 29.13 s
Saved column 864/1000 (ΔCa=9.109109) with 0/1000 successful points in 29.27 s
Saved column 704/1000 (ΔCa=-3.703704) with 96/1000 successful points in 29.14 s
Saved column 644/1000 (ΔCa=-8.508509) with 125/1000 successful points in 29.09 s
Saved column 634/1000 (ΔCa=-9.309309) with 140/1000 successful points in 29.14 s
Saved column 694/1000 (ΔCa=-4.504505) with 106/1000 successful points in 29.17 s
Saved column 684/1000 (ΔCa=-5.305305) with 116/1000 successful points in 29.20 s
Saved column 624/1000 (ΔCa=-10.110110) with 151/1000 successful points in 29.17 s
Saved column 854/1000 (ΔCa=8.308308) with 0/1000 successful points in 29.22 s
Saved column 181/1000 (ΔCa=-45.585586) with 22/1000 successful points in 23.50 s
Saved column 225/1000 (ΔCa=-42.062062) with 14/1000 successful points in 23.55 s
Saved column 664/1000 (ΔCa=-6.906907) with 137/1000 successful points in 29.41 s
Saved column 614/1000 (ΔCa=-10.910911) with 168/1000 successful points in 29.30 s
Saved column 674/1000 (ΔCa=-6.106106) with 126/1000 successful points in 29.32 s
Saved column 16/1000 (ΔCa=-58.798799) with 61/1000 successful points in 23.30 s
Saved column 93/1000 (ΔCa=-52.632633) with 42/1000 successful points in 23.52 s
Saved column 27/1000 (ΔCa=-57.917918) with 58/1000 successful points in 23.39 s
Saved column 654/1000 (ΔCa=-7.707708) with 136/1000 successful points in 29.45 s
Saved column 874/1000 (ΔCa=9.909910) with 0/1000 successful points in 29.41 s
Saved column 236/1000 (ΔCa=-41.181181) with 12/1000 successful points in 23.65 s
Saved column 247/1000 (ΔCa=-40.300300) with 10/1000 successful points in 23.78 s
Saved column 5/1000 (ΔCa=-59.679680) with 65/1000 successful points in 23.30 s
Saved column 38/1000 (ΔCa=-57.037037) with 55/1000 successful points in 23.46 s
Saved column 258/1000 (ΔCa=-39.419419) with 8/1000 successful points in 23.87 s
Saved column 170/1000 (ΔCa=-46.466466) with 25/1000 successful points in 23.74 s
Saved column 884/1000 (ΔCa=10.710711) with 0/1000 successful points in 29.43 s
Saved column 115/1000 (ΔCa=-50.870871) with 37/1000 successful points in 23.71 s
Saved column 104/1000 (ΔCa=-51.751752) with 39/1000 successful points in 23.64 s
Saved column 82/1000 (ΔCa=-53.513514) with 44/1000 successful points in 23.65 s
Saved column 126/1000 (ΔCa=-49.989990) with 34/1000 successful points in 23.71 s
Saved column 604/1000 (ΔCa=-11.711712) with 182/1000 successful points in 29.48 s
Saved column 594/1000 (ΔCa=-12.512513) with 193/1000 successful points in 29.53 s
Saved column 159/1000 (ΔCa=-47.347347) with 27/1000 successful points in 23.80 s
Saved column 137/1000 (ΔCa=-49.109109) with 32/1000 successful points in 23.76 s
Saved column 148/1000 (ΔCa=-48.228228) with 29/1000 successful points in 23.80 s
Saved column 49/1000 (ΔCa=-56.156156) with 53/1000 successful points in 23.60 s
Saved column 894/1000 (ΔCa=11.511512) with 0/1000 successful points in 29.57 s
Saved column 904/1000 (ΔCa=12.312312) with 0/1000 successful points in 29.68 s
Saved column 269/1000 (ΔCa=-38.538539) with 6/1000 successful points in 23.92 s
Saved column 914/1000 (ΔCa=13.113113) with 0/1000 successful points in 29.77 s
Saved column 60/1000 (ΔCa=-55.275275) with 50/1000 successful points in 23.69 s
Saved column 280/1000 (ΔCa=-37.657658) with 4/1000 successful points in 23.99 s
Saved column 313/1000 (ΔCa=-35.015015) with 0/1000 successful points in 24.07 s
Saved column 302/1000 (ΔCa=-35.895896) with 1/1000 successful points in 24.01 s
Saved column 584/1000 (ΔCa=-13.313313) with 210/1000 successful points in 29.71 s
Saved column 934/1000 (ΔCa=14.714715) with 0/1000 successful points in 29.93 s
Saved column 291/1000 (ΔCa=-36.776777) with 3/1000 successful points in 23.88 s
Saved column 924/1000 (ΔCa=13.913914) with 0/1000 successful points in 29.87 s
Saved column 71/1000 (ΔCa=-54.394394) with 47/1000 successful points in 23.58 s
Saved column 554/1000 (ΔCa=-15.715716) with 250/1000 successful points in 30.07 s
Saved column 574/1000 (ΔCa=-14.114114) with 223/1000 successful points in 29.86 s
Saved column 324/1000 (ΔCa=-34.134134) with 0/1000 successful points in 23.97 s
Saved column 944/1000 (ΔCa=15.515516) with 0/1000 successful points in 30.04 s
Saved column 954/1000 (ΔCa=16.316316) with 0/1000 successful points in 30.12 s
Saved column 964/1000 (ΔCa=17.117117) with 0/1000 successful points in 30.23 s
Saved column 335/1000 (ΔCa=-33.253253) with 0/1000 successful points in 24.01 s
Saved column 346/1000 (ΔCa=-32.372372) with 0/1000 successful points in 24.16 s
Saved column 534/1000 (ΔCa=-17.317317) with 277/1000 successful points in 30.41 s
Saved column 974/1000 (ΔCa=17.917918) with 0/1000 successful points in 30.30 s
Saved column 564/1000 (ΔCa=-14.914915) with 236/1000 successful points in 29.78 s
Saved column 984/1000 (ΔCa=18.718719) with 0/1000 successful points in 30.47 s
Saved column 357/1000 (ΔCa=-31.491491) with 0/1000 successful points in 24.24 s
Saved column 368/1000 (ΔCa=-30.610611) with 0/1000 successful points in 24.33 s
Saved column 994/1000 (ΔCa=19.519520) with 0/1000 successful points in 30.50 s
Saved column 379/1000 (ΔCa=-29.729730) with 0/1000 successful points in 24.43 s
Saved column 390/1000 (ΔCa=-28.848849) with 0/1000 successful points in 24.52 s
Saved column 401/1000 (ΔCa=-27.967968) with 0/1000 successful points in 24.96 s
Saved column 544/1000 (ΔCa=-16.516517) with 264/1000 successful points in 30.51 s
Saved column 412/1000 (ΔCa=-27.087087) with 0/1000 successful points in 25.04 s
Saved column 423/1000 (ΔCa=-26.206206) with 0/1000 successful points in 25.34 s
Saved column 434/1000 (ΔCa=-25.325325) with 0/1000 successful points in 25.35 s
Saved column 445/1000 (ΔCa=-24.444444) with 0/1000 successful points in 25.46 s
Saved column 514/1000 (ΔCa=-18.918919) with 302/1000 successful points in 30.80 s
Saved column 455/1000 (ΔCa=-23.643644) with 0/1000 successful points in 25.64 s
Saved column 475/1000 (ΔCa=-22.042042) with 0/1000 successful points in 25.84 s
Saved column 465/1000 (ΔCa=-22.842843) with 0/1000 successful points in 25.83 s
Saved column 485/1000 (ΔCa=-21.241241) with 0/1000 successful points in 25.93 s
Saved column 495/1000 (ΔCa=-20.440440) with 0/1000 successful points in 26.07 s
Saved column 505/1000 (ΔCa=-19.639640) with 0/1000 successful points in 26.12 s
Saved column 204/1000 (ΔCa=-43.743744) with 18/1000 successful points in 22.96 s
Saved column 193/1000 (ΔCa=-44.624625) with 20/1000 successful points in 23.13 s
Saved column 215/1000 (ΔCa=-42.862863) with 16/1000 successful points in 22.84 s
Saved column 182/1000 (ΔCa=-45.505506) with 22/1000 successful points in 23.19 s
Saved column 226/1000 (ΔCa=-41.981982) with 14/1000 successful points in 23.18 s
Saved column 17/1000 (ΔCa=-58.718719) with 61/1000 successful points in 22.92 s
Saved column 28/1000 (ΔCa=-57.837838) with 58/1000 successful points in 22.99 s
Saved column 94/1000 (ΔCa=-52.552553) with 41/1000 successful points in 23.09 s
Saved column 6/1000 (ΔCa=-59.599600) with 64/1000 successful points in 22.80 s
Saved column 525/1000 (ΔCa=-18.038038) with 19/1000 successful points in 26.96 s
Saved column 237/1000 (ΔCa=-41.101101) with 12/1000 successful points in 23.28 s
Saved column 39/1000 (ΔCa=-56.956957) with 55/1000 successful points in 23.07 s
Saved column 248/1000 (ΔCa=-40.220220) with 10/1000 successful points in 23.33 s
Saved column 171/1000 (ΔCa=-46.386386) with 24/1000 successful points in 23.25 s
Saved column 83/1000 (ΔCa=-53.433433) with 44/1000 successful points in 23.16 s
Saved column 116/1000 (ΔCa=-50.790791) with 36/1000 successful points in 23.38 s
Saved column 105/1000 (ΔCa=-51.671672) with 39/1000 successful points in 23.39 s
Saved column 259/1000 (ΔCa=-39.339339) with 8/1000 successful points in 23.58 s
Saved column 127/1000 (ΔCa=-49.909910) with 34/1000 successful points in 23.31 s
Saved column 50/1000 (ΔCa=-56.076076) with 52/1000 successful points in 23.18 s
Saved column 138/1000 (ΔCa=-49.029029) with 31/1000 successful points in 23.25 s
Saved column 160/1000 (ΔCa=-47.267267) with 27/1000 successful points in 23.44 s
Saved column 149/1000 (ΔCa=-48.148148) with 29/1000 successful points in 23.58 s
Saved column 61/1000 (ΔCa=-55.195195) with 50/1000 successful points in 23.32 s
Saved column 270/1000 (ΔCa=-38.458458) with 6/1000 successful points in 23.67 s
Saved column 281/1000 (ΔCa=-37.577578) with 4/1000 successful points in 23.77 s
Saved column 72/1000 (ΔCa=-54.314314) with 47/1000 successful points in 23.47 s
Saved column 314/1000 (ΔCa=-34.934935) with 0/1000 successful points in 24.00 s
Saved column 795/1000 (ΔCa=3.583584) with 9/1000 successful points in 28.48 s
Saved column 292/1000 (ΔCa=-36.696697) with 2/1000 successful points in 23.65 s
Saved column 303/1000 (ΔCa=-35.815816) with 1/1000 successful points in 23.92 s
Saved column 785/1000 (ΔCa=2.782783) with 18/1000 successful points in 28.34 s
Saved column 805/1000 (ΔCa=4.384384) with 0/1000 successful points in 28.42 s
Saved column 815/1000 (ΔCa=5.185185) with 0/1000 successful points in 28.50 s
Saved column 755/1000 (ΔCa=0.380380) with 47/1000 successful points in 28.44 s
Saved column 775/1000 (ΔCa=1.981982) with 28/1000 successful points in 28.94 s
Saved column 325/1000 (ΔCa=-34.054054) with 0/1000 successful points in 24.15 s
Saved column 745/1000 (ΔCa=-0.420420) with 56/1000 successful points in 28.88 s
Saved column 825/1000 (ΔCa=5.985986) with 0/1000 successful points in 29.16 s
Saved column 765/1000 (ΔCa=1.181181) with 37/1000 successful points in 29.11 s
Saved column 725/1000 (ΔCa=-2.022022) with 74/1000 successful points in 28.91 s
Saved column 735/1000 (ΔCa=-1.221221) with 66/1000 successful points in 29.01 s
Saved column 835/1000 (ΔCa=6.786787) with 0/1000 successful points in 28.90 s
Saved column 336/1000 (ΔCa=-33.173173) with 0/1000 successful points in 24.19 s
Saved column 715/1000 (ΔCa=-2.822823) with 73/1000 successful points in 29.09 s
Saved column 705/1000 (ΔCa=-3.623624) with 95/1000 successful points in 28.92 s
Saved column 347/1000 (ΔCa=-32.292292) with 0/1000 successful points in 24.44 s
Saved column 845/1000 (ΔCa=7.587588) with 0/1000 successful points in 29.14 s
Saved column 645/1000 (ΔCa=-8.428428) with 127/1000 successful points in 29.16 s
Saved column 865/1000 (ΔCa=9.189189) with 0/1000 successful points in 29.26 s
Saved column 685/1000 (ΔCa=-5.225225) with 115/1000 successful points in 28.97 s
Saved column 625/1000 (ΔCa=-10.030030) with 153/1000 successful points in 29.02 s
Saved column 635/1000 (ΔCa=-9.229229) with 163/1000 successful points in 29.44 s
Saved column 695/1000 (ΔCa=-4.424424) with 105/1000 successful points in 29.34 s
Saved column 615/1000 (ΔCa=-10.830831) with 167/1000 successful points in 29.17 s
Saved column 855/1000 (ΔCa=8.388388) with 0/1000 successful points in 29.54 s
Saved column 665/1000 (ΔCa=-6.826827) with 136/1000 successful points in 29.41 s
Saved column 675/1000 (ΔCa=-6.026026) with 125/1000 successful points in 29.26 s
Saved column 358/1000 (ΔCa=-31.411411) with 0/1000 successful points in 24.80 s
Saved column 369/1000 (ΔCa=-30.530531) with 0/1000 successful points in 24.67 s
Saved column 875/1000 (ΔCa=9.989990) with 0/1000 successful points in 29.47 s
Saved column 380/1000 (ΔCa=-29.649650) with 0/1000 successful points in 24.61 s
Saved column 655/1000 (ΔCa=-7.627628) with 144/1000 successful points in 29.77 s
Saved column 885/1000 (ΔCa=10.790791) with 0/1000 successful points in 29.30 s
Saved column 595/1000 (ΔCa=-12.432432) with 191/1000 successful points in 29.16 s
Saved column 391/1000 (ΔCa=-28.768769) with 0/1000 successful points in 24.73 s
Saved column 605/1000 (ΔCa=-11.631632) with 181/1000 successful points in 29.39 s
Saved column 895/1000 (ΔCa=11.591592) with 0/1000 successful points in 29.60 s
Saved column 905/1000 (ΔCa=12.392392) with 0/1000 successful points in 29.63 s
Saved column 915/1000 (ΔCa=13.193193) with 0/1000 successful points in 29.88 s
Saved column 402/1000 (ΔCa=-27.887888) with 0/1000 successful points in 24.93 s
Saved column 413/1000 (ΔCa=-27.007007) with 0/1000 successful points in 24.60 s
Saved column 585/1000 (ΔCa=-13.233233) with 208/1000 successful points in 29.63 s
Saved column 925/1000 (ΔCa=13.993994) with 0/1000 successful points in 29.86 s
Saved column 935/1000 (ΔCa=14.794795) with 0/1000 successful points in 30.20 s
Saved column 555/1000 (ΔCa=-15.635636) with 249/1000 successful points in 30.02 s
Saved column 575/1000 (ΔCa=-14.034034) with 222/1000 successful points in 29.99 s
Saved column 945/1000 (ΔCa=15.595596) with 0/1000 successful points in 30.06 s
Saved column 424/1000 (ΔCa=-26.126126) with 0/1000 successful points in 24.72 s
Saved column 955/1000 (ΔCa=16.396396) with 0/1000 successful points in 30.16 s
Saved column 965/1000 (ΔCa=17.197197) with 0/1000 successful points in 30.21 s
Saved column 435/1000 (ΔCa=-25.245245) with 0/1000 successful points in 25.08 s
Saved column 565/1000 (ΔCa=-14.834835) with 235/1000 successful points in 30.05 s
Saved column 535/1000 (ΔCa=-17.237237) with 276/1000 successful points in 30.28 s
Saved column 975/1000 (ΔCa=17.997998) with 0/1000 successful points in 30.26 s
Saved column 446/1000 (ΔCa=-24.364364) with 0/1000 successful points in 25.64 s
Saved column 985/1000 (ΔCa=18.798799) with 0/1000 successful points in 30.45 s
Saved column 995/1000 (ΔCa=19.599600) with 0/1000 successful points in 30.58 s
Saved column 456/1000 (ΔCa=-23.563564) with 0/1000 successful points in 25.60 s
Saved column 466/1000 (ΔCa=-22.762763) with 0/1000 successful points in 25.46 s
Saved column 476/1000 (ΔCa=-21.961962) with 0/1000 successful points in 26.03 s
Saved column 545/1000 (ΔCa=-16.436436) with 262/1000 successful points in 30.51 s
Saved column 486/1000 (ΔCa=-21.161161) with 0/1000 successful points in 26.16 s
Saved column 515/1000 (ΔCa=-18.838839) with 301/1000 successful points in 30.71 s
Saved column 205/1000 (ΔCa=-43.663664) with 18/1000 successful points in 23.02 s
Saved column 506/1000 (ΔCa=-19.559560) with 0/1000 successful points in 26.14 s
Saved column 194/1000 (ΔCa=-44.544545) with 20/1000 successful points in 23.11 s
Saved column 216/1000 (ΔCa=-42.782783) with 15/1000 successful points in 23.11 s
Saved column 183/1000 (ΔCa=-45.425425) with 22/1000 successful points in 23.12 s
Saved column 227/1000 (ΔCa=-41.901902) with 13/1000 successful points in 23.22 s
Saved column 18/1000 (ΔCa=-58.638639) with 61/1000 successful points in 23.06 s
Saved column 29/1000 (ΔCa=-57.757758) with 58/1000 successful points in 23.31 s
Saved column 7/1000 (ΔCa=-59.519520) with 64/1000 successful points in 23.17 s
Saved column 95/1000 (ΔCa=-52.472472) with 41/1000 successful points in 23.40 s
Saved column 40/1000 (ΔCa=-56.876877) with 55/1000 successful points in 23.38 s
Saved column 238/1000 (ΔCa=-41.021021) with 11/1000 successful points in 23.60 s
Saved column 249/1000 (ΔCa=-40.140140) with 9/1000 successful points in 23.46 s
Saved column 172/1000 (ΔCa=-46.306306) with 24/1000 successful points in 23.61 s
Saved column 84/1000 (ΔCa=-53.353353) with 44/1000 successful points in 23.54 s
Saved column 117/1000 (ΔCa=-50.710711) with 36/1000 successful points in 23.67 s
Saved column 496/1000 (ΔCa=-20.360360) with 310/1000 successful points in 30.83 s
Saved column 106/1000 (ΔCa=-51.591592) with 39/1000 successful points in 23.65 s
Saved column 128/1000 (ΔCa=-49.829830) with 34/1000 successful points in 23.62 s
Saved column 51/1000 (ΔCa=-55.995996) with 52/1000 successful points in 23.63 s
Saved column 260/1000 (ΔCa=-39.259259) with 8/1000 successful points in 23.75 s
Saved column 139/1000 (ΔCa=-48.948949) with 31/1000 successful points in 23.69 s
Saved column 161/1000 (ΔCa=-47.187187) with 26/1000 successful points in 23.83 s
Saved column 62/1000 (ΔCa=-55.115115) with 49/1000 successful points in 23.66 s
Saved column 150/1000 (ΔCa=-48.068068) with 29/1000 successful points in 23.83 s
Saved column 271/1000 (ΔCa=-38.378378) with 6/1000 successful points in 23.87 s
Saved column 282/1000 (ΔCa=-37.497497) with 4/1000 successful points in 23.92 s
Saved column 73/1000 (ΔCa=-54.234234) with 47/1000 successful points in 23.73 s
Saved column 315/1000 (ΔCa=-34.854855) with 0/1000 successful points in 24.01 s
Saved column 293/1000 (ΔCa=-36.616617) with 2/1000 successful points in 23.96 s
Saved column 304/1000 (ΔCa=-35.735736) with 1/1000 successful points in 24.02 s
Saved column 326/1000 (ΔCa=-33.973974) with 0/1000 successful points in 23.88 s
Saved column 337/1000 (ΔCa=-33.093093) with 0/1000 successful points in 23.93 s
Saved column 348/1000 (ΔCa=-32.212212) with 0/1000 successful points in 23.95 s
Saved column 359/1000 (ΔCa=-31.331331) with 0/1000 successful points in 24.15 s
Saved column 370/1000 (ΔCa=-30.450450) with 0/1000 successful points in 24.15 s
Saved column 526/1000 (ΔCa=-17.957958) with 287/1000 successful points in 30.60 s
Saved column 381/1000 (ΔCa=-29.569570) with 0/1000 successful points in 24.37 s
Saved column 796/1000 (ΔCa=3.663664) with 8/1000 successful points in 28.66 s
Saved column 786/1000 (ΔCa=2.862863) with 18/1000 successful points in 28.72 s
Saved column 392/1000 (ΔCa=-28.688689) with 0/1000 successful points in 24.41 s
Saved column 806/1000 (ΔCa=4.464464) with 0/1000 successful points in 28.69 s
Saved column 816/1000 (ΔCa=5.265265) with 0/1000 successful points in 28.82 s
Saved column 756/1000 (ΔCa=0.460460) with 46/1000 successful points in 28.67 s
Saved column 776/1000 (ΔCa=2.062062) with 27/1000 successful points in 28.46 s
Saved column 746/1000 (ΔCa=-0.340340) with 55/1000 successful points in 28.74 s
Saved column 766/1000 (ΔCa=1.261261) with 36/1000 successful points in 28.53 s
Saved column 826/1000 (ΔCa=6.066066) with 0/1000 successful points in 28.62 s
Saved column 726/1000 (ΔCa=-1.941942) with 56/1000 successful points in 28.63 s
Saved column 403/1000 (ΔCa=-27.807808) with 0/1000 successful points in 24.61 s
Saved column 736/1000 (ΔCa=-1.141141) with 65/1000 successful points in 28.83 s
Saved column 414/1000 (ΔCa=-26.926927) with 0/1000 successful points in 24.94 s
Saved column 836/1000 (ΔCa=6.866867) with 0/1000 successful points in 28.86 s
Saved column 716/1000 (ΔCa=-2.742743) with 73/1000 successful points in 28.94 s
Saved column 706/1000 (ΔCa=-3.543544) with 94/1000 successful points in 29.05 s
Saved column 846/1000 (ΔCa=7.667668) with 0/1000 successful points in 28.97 s
Saved column 646/1000 (ΔCa=-8.348348) with 126/1000 successful points in 29.00 s
Saved column 686/1000 (ΔCa=-5.145145) with 114/1000 successful points in 29.13 s
Saved column 626/1000 (ΔCa=-9.949950) with 151/1000 successful points in 29.12 s
Saved column 866/1000 (ΔCa=9.269269) with 0/1000 successful points in 29.31 s
Saved column 696/1000 (ΔCa=-4.344344) with 104/1000 successful points in 29.11 s
Saved column 636/1000 (ΔCa=-9.149149) with 137/1000 successful points in 29.22 s
Saved column 616/1000 (ΔCa=-10.750751) with 167/1000 successful points in 29.12 s
Saved column 856/1000 (ΔCa=8.468468) with 0/1000 successful points in 29.12 s
Saved column 425/1000 (ΔCa=-26.046046) with 0/1000 successful points in 25.21 s
Saved column 676/1000 (ΔCa=-5.945946) with 124/1000 successful points in 29.23 s
Saved column 666/1000 (ΔCa=-6.746747) with 134/1000 successful points in 29.35 s
Saved column 436/1000 (ΔCa=-25.165165) with 0/1000 successful points in 25.25 s
Saved column 876/1000 (ΔCa=10.070070) with 0/1000 successful points in 29.30 s
Saved column 886/1000 (ΔCa=10.870871) with 0/1000 successful points in 29.40 s
Saved column 656/1000 (ΔCa=-7.547548) with 144/1000 successful points in 29.48 s
Saved column 596/1000 (ΔCa=-12.352352) with 189/1000 successful points in 29.47 s
Saved column 606/1000 (ΔCa=-11.551552) with 179/1000 successful points in 29.39 s
Saved column 447/1000 (ΔCa=-24.284284) with 0/1000 successful points in 25.48 s
Saved column 896/1000 (ΔCa=11.671672) with 0/1000 successful points in 29.53 s
Saved column 906/1000 (ΔCa=12.472472) with 0/1000 successful points in 29.66 s
Saved column 916/1000 (ΔCa=13.273273) with 0/1000 successful points in 29.72 s
Saved column 457/1000 (ΔCa=-23.483483) with 0/1000 successful points in 25.53 s
Saved column 586/1000 (ΔCa=-13.153153) with 207/1000 successful points in 29.52 s
Saved column 467/1000 (ΔCa=-22.682683) with 0/1000 successful points in 25.52 s
Saved column 926/1000 (ΔCa=14.074074) with 0/1000 successful points in 29.73 s
Saved column 477/1000 (ΔCa=-21.881882) with 0/1000 successful points in 25.58 s
Saved column 936/1000 (ΔCa=14.874875) with 0/1000 successful points in 29.91 s
Saved column 576/1000 (ΔCa=-13.953954) with 221/1000 successful points in 29.69 s
Saved column 556/1000 (ΔCa=-15.555556) with 248/1000 successful points in 30.00 s
Saved column 946/1000 (ΔCa=15.675676) with 0/1000 successful points in 30.04 s
Saved column 956/1000 (ΔCa=16.476476) with 0/1000 successful points in 30.02 s
Saved column 487/1000 (ΔCa=-21.081081) with 0/1000 successful points in 25.79 s
Saved column 566/1000 (ΔCa=-14.754755) with 234/1000 successful points in 29.92 s
Saved column 966/1000 (ΔCa=17.277277) with 0/1000 successful points in 30.20 s
Saved column 536/1000 (ΔCa=-17.157157) with 274/1000 successful points in 30.33 s
Saved column 976/1000 (ΔCa=18.078078) with 0/1000 successful points in 30.27 s
Saved column 986/1000 (ΔCa=18.878879) with 0/1000 successful points in 30.35 s
Saved column 996/1000 (ΔCa=19.679680) with 0/1000 successful points in 30.44 s
Saved column 206/1000 (ΔCa=-43.583584) with 17/1000 successful points in 23.36 s
Saved column 546/1000 (ΔCa=-16.356356) with 261/1000 successful points in 30.23 s
Saved column 195/1000 (ΔCa=-44.464464) with 20/1000 successful points in 23.22 s
Saved column 217/1000 (ΔCa=-42.702703) with 15/1000 successful points in 23.48 s
Saved column 184/1000 (ΔCa=-45.345345) with 22/1000 successful points in 23.47 s
Saved column 19/1000 (ΔCa=-58.558559) with 61/1000 successful points in 23.33 s
Saved column 228/1000 (ΔCa=-41.821822) with 13/1000 successful points in 23.63 s
Saved column 8/1000 (ΔCa=-59.439439) with 64/1000 successful points in 23.10 s
Saved column 30/1000 (ΔCa=-57.677678) with 58/1000 successful points in 23.26 s
Saved column 96/1000 (ΔCa=-52.392392) with 41/1000 successful points in 23.40 s
Saved column 41/1000 (ΔCa=-56.796797) with 55/1000 successful points in 23.33 s
Saved column 239/1000 (ΔCa=-40.940941) with 11/1000 successful points in 23.43 s
Saved column 516/1000 (ΔCa=-18.758759) with 300/1000 successful points in 30.77 s
Saved column 507/1000 (ΔCa=-19.479479) with 12/1000 successful points in 26.64 s
Saved column 250/1000 (ΔCa=-40.060060) with 9/1000 successful points in 23.49 s
Saved column 85/1000 (ΔCa=-53.273273) with 44/1000 successful points in 23.29 s
Saved column 173/1000 (ΔCa=-46.226226) with 24/1000 successful points in 23.41 s
Saved column 118/1000 (ΔCa=-50.630631) with 36/1000 successful points in 23.40 s
Saved column 107/1000 (ΔCa=-51.511512) with 38/1000 successful points in 23.43 s
Saved column 129/1000 (ΔCa=-49.749750) with 33/1000 successful points in 23.44 s
Saved column 52/1000 (ΔCa=-55.915916) with 52/1000 successful points in 23.45 s
Saved column 140/1000 (ΔCa=-48.868869) with 31/1000 successful points in 23.49 s
Saved column 261/1000 (ΔCa=-39.179179) with 7/1000 successful points in 23.56 s
Saved column 162/1000 (ΔCa=-47.107107) with 26/1000 successful points in 23.47 s
Saved column 63/1000 (ΔCa=-55.035035) with 49/1000 successful points in 23.49 s
Saved column 151/1000 (ΔCa=-47.987988) with 29/1000 successful points in 23.59 s
Saved column 272/1000 (ΔCa=-38.298298) with 6/1000 successful points in 23.67 s
Saved column 283/1000 (ΔCa=-37.417417) with 4/1000 successful points in 23.49 s
Saved column 74/1000 (ΔCa=-54.154154) with 46/1000 successful points in 23.52 s
Saved column 497/1000 (ΔCa=-20.280280) with 0/1000 successful points in 25.76 s
Saved column 316/1000 (ΔCa=-34.774775) with 0/1000 successful points in 23.83 s
Saved column 305/1000 (ΔCa=-35.655656) with 0/1000 successful points in 23.75 s
Saved column 294/1000 (ΔCa=-36.536537) with 2/1000 successful points in 23.83 s
Saved column 327/1000 (ΔCa=-33.893894) with 0/1000 successful points in 23.95 s
Saved column 338/1000 (ΔCa=-33.013013) with 0/1000 successful points in 24.04 s
Saved column 349/1000 (ΔCa=-32.132132) with 0/1000 successful points in 24.18 s
Saved column 360/1000 (ΔCa=-31.251251) with 0/1000 successful points in 24.49 s
Saved column 371/1000 (ΔCa=-30.370370) with 0/1000 successful points in 24.65 s
Saved column 382/1000 (ΔCa=-29.489489) with 0/1000 successful points in 24.78 s
Saved column 393/1000 (ΔCa=-28.608609) with 0/1000 successful points in 24.67 s
Saved column 527/1000 (ΔCa=-17.877878) with 21/1000 successful points in 26.90 s
Saved column 404/1000 (ΔCa=-27.727728) with 0/1000 successful points in 24.93 s
Saved column 415/1000 (ΔCa=-26.846847) with 0/1000 successful points in 24.80 s
Saved column 426/1000 (ΔCa=-25.965966) with 0/1000 successful points in 24.89 s
Saved column 797/1000 (ΔCa=3.743744) with 7/1000 successful points in 28.71 s
Saved column 787/1000 (ΔCa=2.942943) with 17/1000 successful points in 28.73 s
Saved column 807/1000 (ΔCa=4.544545) with 0/1000 successful points in 28.74 s
Saved column 817/1000 (ΔCa=5.345345) with 0/1000 successful points in 28.62 s
Saved column 437/1000 (ΔCa=-25.085085) with 0/1000 successful points in 25.03 s
Saved column 757/1000 (ΔCa=0.540541) with 45/1000 successful points in 28.94 s
Saved column 777/1000 (ΔCa=2.142142) with 26/1000 successful points in 28.89 s
Saved column 767/1000 (ΔCa=1.341341) with 35/1000 successful points in 28.58 s
Saved column 747/1000 (ΔCa=-0.260260) with 54/1000 successful points in 28.89 s
Saved column 827/1000 (ΔCa=6.146146) with 0/1000 successful points in 28.93 s
Saved column 727/1000 (ΔCa=-1.861862) with 74/1000 successful points in 29.12 s
Saved column 737/1000 (ΔCa=-1.061061) with 64/1000 successful points in 28.71 s
Saved column 448/1000 (ΔCa=-24.204204) with 0/1000 successful points in 25.19 s
Saved column 837/1000 (ΔCa=6.946947) with 0/1000 successful points in 28.83 s
Saved column 717/1000 (ΔCa=-2.662663) with 80/1000 successful points in 28.81 s
Saved column 707/1000 (ΔCa=-3.463463) with 93/1000 successful points in 28.91 s
Saved column 847/1000 (ΔCa=7.747748) with 0/1000 successful points in 28.92 s
Saved column 647/1000 (ΔCa=-8.268268) with 138/1000 successful points in 29.11 s
Saved column 687/1000 (ΔCa=-5.065065) with 113/1000 successful points in 28.89 s
Saved column 458/1000 (ΔCa=-23.403403) with 0/1000 successful points in 25.42 s
Saved column 637/1000 (ΔCa=-9.069069) with 135/1000 successful points in 29.07 s
Saved column 867/1000 (ΔCa=9.349349) with 0/1000 successful points in 29.26 s
Saved column 697/1000 (ΔCa=-4.264264) with 103/1000 successful points in 29.22 s
Saved column 627/1000 (ΔCa=-9.869870) with 165/1000 successful points in 29.46 s
Saved column 617/1000 (ΔCa=-10.670671) with 164/1000 successful points in 29.22 s
Saved column 857/1000 (ΔCa=8.548549) with 0/1000 successful points in 29.18 s
Saved column 468/1000 (ΔCa=-22.602603) with 0/1000 successful points in 25.75 s
Saved column 677/1000 (ΔCa=-5.865866) with 123/1000 successful points in 29.25 s
Saved column 667/1000 (ΔCa=-6.666667) with 133/1000 successful points in 29.46 s
Saved column 478/1000 (ΔCa=-21.801802) with 0/1000 successful points in 25.93 s
Saved column 877/1000 (ΔCa=10.150150) with 0/1000 successful points in 29.42 s
Saved column 887/1000 (ΔCa=10.950951) with 0/1000 successful points in 29.50 s
Saved column 597/1000 (ΔCa=-12.272272) with 186/1000 successful points in 29.51 s
Saved column 657/1000 (ΔCa=-7.467467) with 144/1000 successful points in 29.69 s
Saved column 607/1000 (ΔCa=-11.471471) with 178/1000 successful points in 29.51 s
Saved column 488/1000 (ΔCa=-21.001001) with 0/1000 successful points in 26.08 s
Saved column 897/1000 (ΔCa=11.751752) with 0/1000 successful points in 29.63 s
Saved column 907/1000 (ΔCa=12.552553) with 0/1000 successful points in 29.84 s
Saved column 207/1000 (ΔCa=-43.503504) with 17/1000 successful points in 23.16 s
Saved column 196/1000 (ΔCa=-44.384384) with 19/1000 successful points in 22.99 s
Saved column 587/1000 (ΔCa=-13.073073) with 206/1000 successful points in 29.79 s
Saved column 917/1000 (ΔCa=13.353353) with 0/1000 successful points in 30.16 s
Saved column 218/1000 (ΔCa=-42.622623) with 15/1000 successful points in 23.21 s
Saved column 927/1000 (ΔCa=14.154154) with 0/1000 successful points in 29.90 s
Saved column 937/1000 (ΔCa=14.954955) with 0/1000 successful points in 30.00 s
Saved column 9/1000 (ΔCa=-59.359359) with 63/1000 successful points in 22.78 s
Saved column 577/1000 (ΔCa=-13.873874) with 219/1000 successful points in 30.01 s
Saved column 185/1000 (ΔCa=-45.265265) with 22/1000 successful points in 23.17 s
Saved column 20/1000 (ΔCa=-58.478478) with 60/1000 successful points in 23.20 s
Saved column 557/1000 (ΔCa=-15.475475) with 246/1000 successful points in 30.19 s
Saved column 229/1000 (ΔCa=-41.741742) with 13/1000 successful points in 23.37 s
Saved column 31/1000 (ΔCa=-57.597598) with 57/1000 successful points in 23.34 s
Saved column 947/1000 (ΔCa=15.755756) with 0/1000 successful points in 30.27 s
Saved column 97/1000 (ΔCa=-52.312312) with 41/1000 successful points in 23.37 s
Saved column 957/1000 (ΔCa=16.556557) with 0/1000 successful points in 30.27 s
Saved column 42/1000 (ΔCa=-56.716717) with 54/1000 successful points in 23.22 s
Saved column 567/1000 (ΔCa=-14.674675) with 232/1000 successful points in 29.99 s
Saved column 240/1000 (ΔCa=-40.860861) with 11/1000 successful points in 23.46 s
Saved column 967/1000 (ΔCa=17.357357) with 0/1000 successful points in 30.31 s
Saved column 86/1000 (ΔCa=-53.193193) with 43/1000 successful points in 23.22 s
Saved column 174/1000 (ΔCa=-46.146146) with 24/1000 successful points in 23.45 s
Saved column 251/1000 (ΔCa=-39.979980) with 9/1000 successful points in 23.70 s
Saved column 537/1000 (ΔCa=-17.077077) with 273/1000 successful points in 30.45 s
Saved column 977/1000 (ΔCa=18.158158) with 0/1000 successful points in 30.47 s
Saved column 108/1000 (ΔCa=-51.431431) with 38/1000 successful points in 23.42 s
Saved column 53/1000 (ΔCa=-55.835836) with 52/1000 successful points in 23.41 s
Saved column 119/1000 (ΔCa=-50.550551) with 36/1000 successful points in 23.58 s
Saved column 130/1000 (ΔCa=-49.669670) with 33/1000 successful points in 23.52 s
Saved column 141/1000 (ΔCa=-48.788789) with 31/1000 successful points in 23.54 s
Saved column 262/1000 (ΔCa=-39.099099) with 7/1000 successful points in 23.63 s
Saved column 163/1000 (ΔCa=-47.027027) with 26/1000 successful points in 23.55 s
Saved column 64/1000 (ΔCa=-54.954955) with 49/1000 successful points in 23.55 s
Saved column 987/1000 (ΔCa=18.958959) with 0/1000 successful points in 30.45 s
Saved column 152/1000 (ΔCa=-47.907908) with 28/1000 successful points in 23.68 s
Saved column 273/1000 (ΔCa=-38.218218) with 5/1000 successful points in 23.60 s
Saved column 75/1000 (ΔCa=-54.074074) with 46/1000 successful points in 23.55 s
Saved column 284/1000 (ΔCa=-37.337337) with 4/1000 successful points in 23.78 s
Saved column 997/1000 (ΔCa=19.759760) with 0/1000 successful points in 30.58 s
Saved column 517/1000 (ΔCa=-18.678679) with 11/1000 successful points in 26.67 s
Saved column 547/1000 (ΔCa=-16.276276) with 260/1000 successful points in 30.14 s
Saved column 295/1000 (ΔCa=-36.456456) with 2/1000 successful points in 24.02 s
Saved column 306/1000 (ΔCa=-35.575576) with 0/1000 successful points in 24.04 s
Saved column 317/1000 (ΔCa=-34.694695) with 0/1000 successful points in 24.23 s
Saved column 328/1000 (ΔCa=-33.813814) with 0/1000 successful points in 24.32 s
Saved column 498/1000 (ΔCa=-20.200200) with 0/1000 successful points in 25.52 s
Saved column 339/1000 (ΔCa=-32.932933) with 0/1000 successful points in 24.34 s
Saved column 350/1000 (ΔCa=-32.052052) with 0/1000 successful points in 24.39 s
Saved column 508/1000 (ΔCa=-19.399399) with 289/1000 successful points in 30.48 s
Saved column 361/1000 (ΔCa=-31.171171) with 0/1000 successful points in 24.21 s
Saved column 372/1000 (ΔCa=-30.290290) with 0/1000 successful points in 24.35 s
Saved column 383/1000 (ΔCa=-29.409409) with 0/1000 successful points in 24.51 s
Saved column 394/1000 (ΔCa=-28.528529) with 0/1000 successful points in 24.53 s
Saved column 405/1000 (ΔCa=-27.647648) with 0/1000 successful points in 24.70 s
Saved column 416/1000 (ΔCa=-26.766767) with 0/1000 successful points in 24.80 s
Saved column 427/1000 (ΔCa=-25.885886) with 0/1000 successful points in 25.15 s
Saved column 438/1000 (ΔCa=-25.005005) with 0/1000 successful points in 25.31 s
Saved column 449/1000 (ΔCa=-24.124124) with 0/1000 successful points in 25.49 s
Saved column 528/1000 (ΔCa=-17.797798) with 285/1000 successful points in 30.55 s
Saved column 798/1000 (ΔCa=3.823824) with 6/1000 successful points in 28.76 s
Saved column 459/1000 (ΔCa=-23.323323) with 0/1000 successful points in 25.59 s
Saved column 788/1000 (ΔCa=3.023023) with 16/1000 successful points in 28.77 s
Saved column 808/1000 (ΔCa=4.624625) with 0/1000 successful points in 28.73 s
Saved column 818/1000 (ΔCa=5.425425) with 0/1000 successful points in 28.81 s
Saved column 778/1000 (ΔCa=2.222222) with 25/1000 successful points in 28.77 s
Saved column 758/1000 (ΔCa=0.620621) with 44/1000 successful points in 28.92 s
Saved column 469/1000 (ΔCa=-22.522523) with 0/1000 successful points in 25.47 s
Saved column 768/1000 (ΔCa=1.421421) with 34/1000 successful points in 28.86 s
Saved column 197/1000 (ΔCa=-44.304304) with 19/1000 successful points in 22.89 s
Saved column 208/1000 (ΔCa=-43.423423) with 17/1000 successful points in 23.04 s
Saved column 748/1000 (ΔCa=-0.180180) with 53/1000 successful points in 29.04 s
Saved column 828/1000 (ΔCa=6.226226) with 0/1000 successful points in 28.93 s
Saved column 479/1000 (ΔCa=-21.721722) with 0/1000 successful points in 25.56 s
Saved column 728/1000 (ΔCa=-1.781782) with 73/1000 successful points in 28.98 s
Saved column 738/1000 (ΔCa=-0.980981) with 63/1000 successful points in 29.07 s
Saved column 838/1000 (ΔCa=7.027027) with 0/1000 successful points in 29.00 s
Saved column 718/1000 (ΔCa=-2.582583) with 82/1000 successful points in 29.00 s
Saved column 219/1000 (ΔCa=-42.542543) with 15/1000 successful points in 23.23 s
Saved column 708/1000 (ΔCa=-3.383383) with 92/1000 successful points in 29.01 s
Saved column 848/1000 (ΔCa=7.827828) with 0/1000 successful points in 29.17 s
Saved column 10/1000 (ΔCa=-59.279279) with 63/1000 successful points in 22.95 s
Saved column 489/1000 (ΔCa=-20.920921) with 0/1000 successful points in 25.73 s
Saved column 186/1000 (ΔCa=-45.185185) with 21/1000 successful points in 23.03 s
Saved column 21/1000 (ΔCa=-58.398398) with 60/1000 successful points in 23.04 s
Saved column 688/1000 (ΔCa=-4.984985) with 111/1000 successful points in 29.19 s
Saved column 648/1000 (ΔCa=-8.188188) with 147/1000 successful points in 29.47 s
Saved column 698/1000 (ΔCa=-4.184184) with 102/1000 successful points in 28.98 s
Saved column 868/1000 (ΔCa=9.429429) with 0/1000 successful points in 29.11 s
Saved column 32/1000 (ΔCa=-57.517518) with 57/1000 successful points in 23.12 s
Saved column 628/1000 (ΔCa=-9.789790) with 149/1000 successful points in 29.09 s
Saved column 230/1000 (ΔCa=-41.661662) with 13/1000 successful points in 23.30 s
Saved column 858/1000 (ΔCa=8.628629) with 0/1000 successful points in 29.00 s
Saved column 618/1000 (ΔCa=-10.590591) with 163/1000 successful points in 29.04 s
Saved column 638/1000 (ΔCa=-8.988989) with 162/1000 successful points in 29.54 s
Saved column 678/1000 (ΔCa=-5.785786) with 122/1000 successful points in 28.97 s
Saved column 98/1000 (ΔCa=-52.232232) with 41/1000 successful points in 23.27 s
Saved column 43/1000 (ΔCa=-56.636637) with 54/1000 successful points in 23.19 s
Saved column 668/1000 (ΔCa=-6.586587) with 131/1000 successful points in 29.12 s
Saved column 87/1000 (ΔCa=-53.113113) with 43/1000 successful points in 23.11 s
Saved column 241/1000 (ΔCa=-40.780781) with 11/1000 successful points in 23.47 s
Saved column 878/1000 (ΔCa=10.230230) with 0/1000 successful points in 29.14 s
Saved column 175/1000 (ΔCa=-46.066066) with 24/1000 successful points in 23.51 s
Saved column 252/1000 (ΔCa=-39.899900) with 9/1000 successful points in 23.54 s
Saved column 109/1000 (ΔCa=-51.351351) with 38/1000 successful points in 23.33 s
Saved column 888/1000 (ΔCa=11.031031) with 0/1000 successful points in 29.29 s
Saved column 54/1000 (ΔCa=-55.755756) with 51/1000 successful points in 23.43 s
Saved column 120/1000 (ΔCa=-50.470470) with 35/1000 successful points in 23.66 s
Saved column 608/1000 (ΔCa=-11.391391) with 177/1000 successful points in 29.25 s
Saved column 131/1000 (ΔCa=-49.589590) with 33/1000 successful points in 23.65 s
Saved column 598/1000 (ΔCa=-12.192192) with 186/1000 successful points in 29.45 s
Saved column 658/1000 (ΔCa=-7.387387) with 142/1000 successful points in 29.49 s
Saved column 142/1000 (ΔCa=-48.708709) with 31/1000 successful points in 23.78 s
Saved column 164/1000 (ΔCa=-46.946947) with 26/1000 successful points in 23.73 s
Saved column 263/1000 (ΔCa=-39.019019) with 7/1000 successful points in 23.88 s
Saved column 65/1000 (ΔCa=-54.874875) with 49/1000 successful points in 23.82 s
Saved column 898/1000 (ΔCa=11.831832) with 0/1000 successful points in 29.55 s
Saved column 153/1000 (ΔCa=-47.827828) with 28/1000 successful points in 23.85 s
Saved column 908/1000 (ΔCa=12.632633) with 0/1000 successful points in 29.73 s
Saved column 274/1000 (ΔCa=-38.138138) with 5/1000 successful points in 23.97 s
Saved column 76/1000 (ΔCa=-53.993994) with 46/1000 successful points in 23.77 s
Saved column 285/1000 (ΔCa=-37.257257) with 3/1000 successful points in 24.00 s
Saved column 588/1000 (ΔCa=-12.992993) with 205/1000 successful points in 29.71 s
Saved column 918/1000 (ΔCa=13.433433) with 0/1000 successful points in 29.78 s
Saved column 307/1000 (ΔCa=-35.495495) with 0/1000 successful points in 23.86 s
Saved column 928/1000 (ΔCa=14.234234) with 0/1000 successful points in 29.88 s
Saved column 296/1000 (ΔCa=-36.376376) with 2/1000 successful points in 23.92 s
Saved column 318/1000 (ΔCa=-34.614615) with 0/1000 successful points in 23.93 s
Saved column 578/1000 (ΔCa=-13.793794) with 218/1000 successful points in 29.76 s
Saved column 938/1000 (ΔCa=15.035035) with 0/1000 successful points in 29.96 s
Saved column 558/1000 (ΔCa=-15.395395) with 245/1000 successful points in 29.98 s
Saved column 329/1000 (ΔCa=-33.733734) with 0/1000 successful points in 23.99 s
Saved column 958/1000 (ΔCa=16.636637) with 0/1000 successful points in 29.86 s
Saved column 948/1000 (ΔCa=15.835836) with 0/1000 successful points in 30.08 s
Saved column 518/1000 (ΔCa=-18.598599) with 11/1000 successful points in 26.45 s
Saved column 568/1000 (ΔCa=-14.594595) with 231/1000 successful points in 29.98 s
Saved column 968/1000 (ΔCa=17.437437) with 0/1000 successful points in 30.23 s
Saved column 340/1000 (ΔCa=-32.852853) with 0/1000 successful points in 24.30 s
Saved column 351/1000 (ΔCa=-31.971972) with 0/1000 successful points in 24.18 s
Saved column 499/1000 (ΔCa=-20.120120) with 0/1000 successful points in 25.84 s
Saved column 978/1000 (ΔCa=18.238238) with 0/1000 successful points in 30.31 s
Saved column 538/1000 (ΔCa=-16.996997) with 271/1000 successful points in 30.34 s
Saved column 988/1000 (ΔCa=19.039039) with 0/1000 successful points in 30.40 s
Saved column 362/1000 (ΔCa=-31.091091) with 0/1000 successful points in 24.37 s
Saved column 373/1000 (ΔCa=-30.210210) with 0/1000 successful points in 24.16 s
Saved column 998/1000 (ΔCa=19.839840) with 0/1000 successful points in 30.80 s
Saved column 548/1000 (ΔCa=-16.196196) with 258/1000 successful points in 30.01 s
Saved column 384/1000 (ΔCa=-29.329329) with 0/1000 successful points in 24.53 s
Saved column 395/1000 (ΔCa=-28.448448) with 0/1000 successful points in 24.58 s
Saved column 406/1000 (ΔCa=-27.567568) with 0/1000 successful points in 25.07 s
Saved column 417/1000 (ΔCa=-26.686687) with 0/1000 successful points in 25.15 s
Saved column 509/1000 (ΔCa=-19.319319) with 287/1000 successful points in 30.52 s
Saved column 428/1000 (ΔCa=-25.805806) with 0/1000 successful points in 25.09 s
Saved column 439/1000 (ΔCa=-24.924925) with 0/1000 successful points in 25.14 s
Saved column 450/1000 (ΔCa=-24.044044) with 0/1000 successful points in 25.30 s
Saved column 198/1000 (ΔCa=-44.224224) with 19/1000 successful points in 22.99 s
Saved column 209/1000 (ΔCa=-43.343343) with 17/1000 successful points in 23.15 s
Saved column 460/1000 (ΔCa=-23.243243) with 0/1000 successful points in 25.42 s
Saved column 220/1000 (ΔCa=-42.462462) with 15/1000 successful points in 23.19 s
Saved column 11/1000 (ΔCa=-59.199199) with 63/1000 successful points in 22.68 s
Saved column 187/1000 (ΔCa=-45.105105) with 21/1000 successful points in 22.99 s
Saved column 470/1000 (ΔCa=-22.442442) with 0/1000 successful points in 25.57 s
Saved column 22/1000 (ΔCa=-58.318318) with 60/1000 successful points in 23.07 s
Saved column 33/1000 (ΔCa=-57.437437) with 57/1000 successful points in 23.00 s
Saved column 480/1000 (ΔCa=-21.641642) with 0/1000 successful points in 25.55 s
Saved column 231/1000 (ΔCa=-41.581582) with 13/1000 successful points in 23.21 s
Saved column 99/1000 (ΔCa=-52.152152) with 40/1000 successful points in 23.15 s
Saved column 44/1000 (ΔCa=-56.556557) with 54/1000 successful points in 23.05 s
Saved column 779/1000 (ΔCa=2.302302) with 24/1000 successful points in 27.35 s
Saved column 88/1000 (ΔCa=-53.033033) with 43/1000 successful points in 22.91 s
Saved column 799/1000 (ΔCa=3.903904) with 6/1000 successful points in 28.29 s
Saved column 789/1000 (ΔCa=3.103103) with 15/1000 successful points in 28.70 s
Saved column 809/1000 (ΔCa=4.704705) with 0/1000 successful points in 28.70 s
Saved column 819/1000 (ΔCa=5.505506) with 0/1000 successful points in 28.73 s
Saved column 242/1000 (ΔCa=-40.700701) with 11/1000 successful points in 23.67 s
Saved column 490/1000 (ΔCa=-20.840841) with 0/1000 successful points in 25.84 s
Saved column 176/1000 (ΔCa=-45.985986) with 23/1000 successful points in 23.46 s
Saved column 275/1000 (ΔCa=-38.058058) with 5/1000 successful points in 21.47 s
Saved column 55/1000 (ΔCa=-55.675676) with 51/1000 successful points in 23.38 s
Saved column 165/1000 (ΔCa=-46.866867) with 26/1000 successful points in 22.56 s
Saved column 110/1000 (ΔCa=-51.271271) with 38/1000 successful points in 23.51 s
Saved column 253/1000 (ΔCa=-39.819820) with 9/1000 successful points in 23.60 s
Saved column 759/1000 (ΔCa=0.700701) with 43/1000 successful points in 28.81 s
Saved column 121/1000 (ΔCa=-50.390390) with 35/1000 successful points in 23.21 s
Saved column 769/1000 (ΔCa=1.501502) with 33/1000 successful points in 28.65 s
Saved column 132/1000 (ΔCa=-49.509510) with 33/1000 successful points in 23.33 s
Saved column 529/1000 (ΔCa=-17.717718) with 283/1000 successful points in 30.49 s
Saved column 143/1000 (ΔCa=-48.628629) with 30/1000 successful points in 23.30 s
Saved column 829/1000 (ΔCa=6.306306) with 0/1000 successful points in 28.61 s
Saved column 729/1000 (ΔCa=-1.701702) with 72/1000 successful points in 28.47 s
Saved column 264/1000 (ΔCa=-38.938939) with 7/1000 successful points in 23.40 s
Saved column 297/1000 (ΔCa=-36.296296) with 2/1000 successful points in 20.93 s
Saved column 66/1000 (ΔCa=-54.794795) with 48/1000 successful points in 23.28 s
Saved column 749/1000 (ΔCa=-0.100100) with 52/1000 successful points in 28.97 s
Saved column 839/1000 (ΔCa=7.107107) with 0/1000 successful points in 28.41 s
Saved column 719/1000 (ΔCa=-2.502503) with 72/1000 successful points in 28.14 s
Saved column 77/1000 (ΔCa=-53.913914) with 46/1000 successful points in 22.59 s
Saved column 739/1000 (ΔCa=-0.900901) with 62/1000 successful points in 28.81 s
Saved column 154/1000 (ΔCa=-47.747748) with 28/1000 successful points in 23.27 s
Saved column 649/1000 (ΔCa=-8.108108) with 122/1000 successful points in 27.14 s
Saved column 679/1000 (ΔCa=-5.705706) with 121/1000 successful points in 26.98 s
Saved column 709/1000 (ΔCa=-3.303303) with 91/1000 successful points in 28.71 s
Saved column 286/1000 (ΔCa=-37.177177) with 3/1000 successful points in 23.18 s
Saved column 619/1000 (ΔCa=-10.510511) with 172/1000 successful points in 27.46 s
Saved column 849/1000 (ΔCa=7.907908) with 0/1000 successful points in 28.80 s
Saved column 308/1000 (ΔCa=-35.415415) with 0/1000 successful points in 22.67 s
Saved column 699/1000 (ΔCa=-4.104104) with 101/1000 successful points in 28.30 s
Saved column 689/1000 (ΔCa=-4.904905) with 109/1000 successful points in 28.73 s
Saved column 629/1000 (ΔCa=-9.709710) with 147/1000 successful points in 28.50 s
Saved column 639/1000 (ΔCa=-8.908909) with 132/1000 successful points in 28.42 s
Saved column 319/1000 (ΔCa=-34.534535) with 0/1000 successful points in 23.12 s
Saved column 869/1000 (ΔCa=9.509510) with 0/1000 successful points in 28.87 s
Saved column 859/1000 (ΔCa=8.708709) with 0/1000 successful points in 28.81 s
Saved column 669/1000 (ΔCa=-6.506507) with 120/1000 successful points in 28.71 s
Saved column 589/1000 (ΔCa=-12.912913) with 203/1000 successful points in 25.11 s
Saved column 330/1000 (ΔCa=-33.653654) with 0/1000 successful points in 22.66 s
Saved column 609/1000 (ΔCa=-11.311311) with 175/1000 successful points in 27.58 s
Saved column 599/1000 (ΔCa=-12.112112) with 189/1000 successful points in 27.53 s
Saved column 879/1000 (ΔCa=10.310310) with 0/1000 successful points in 28.82 s
Saved column 909/1000 (ΔCa=12.712713) with 0/1000 successful points in 26.55 s
Saved column 889/1000 (ΔCa=11.111111) with 0/1000 successful points in 28.49 s
Saved column 899/1000 (ΔCa=11.911912) with 0/1000 successful points in 27.62 s
Saved column 341/1000 (ΔCa=-32.772773) with 0/1000 successful points in 22.93 s
Saved column 659/1000 (ΔCa=-7.307307) with 142/1000 successful points in 28.70 s
Saved column 352/1000 (ΔCa=-31.891892) with 0/1000 successful points in 22.85 s
Saved column 559/1000 (ΔCa=-15.315315) with 244/1000 successful points in 25.33 s
Saved column 579/1000 (ΔCa=-13.713714) with 216/1000 successful points in 25.87 s
Saved column 519/1000 (ΔCa=-18.518519) with 12/1000 successful points in 25.19 s
Saved column 500/1000 (ΔCa=-20.040040) with 303/1000 successful points in 24.28 s
Saved column 939/1000 (ΔCa=15.115115) with 0/1000 successful points in 26.99 s
Saved column 919/1000 (ΔCa=13.513514) with 0/1000 successful points in 28.54 s
Saved column 396/1000 (ΔCa=-28.368368) with 0/1000 successful points in 21.15 s
Saved column 539/1000 (ΔCa=-16.916917) with 270/1000 successful points in 24.71 s
Saved column 929/1000 (ΔCa=14.314314) with 0/1000 successful points in 28.28 s
Saved column 569/1000 (ΔCa=-14.514515) with 230/1000 successful points in 26.12 s
Saved column 363/1000 (ΔCa=-31.011011) with 0/1000 successful points in 23.27 s
Saved column 374/1000 (ΔCa=-30.130130) with 0/1000 successful points in 23.19 s
Saved column 385/1000 (ΔCa=-29.249249) with 0/1000 successful points in 22.04 s
Saved column 949/1000 (ΔCa=15.915916) with 0/1000 successful points in 26.85 s
Saved column 418/1000 (ΔCa=-26.606607) with 0/1000 successful points in 19.48 s
Saved column 407/1000 (ΔCa=-27.487487) with 0/1000 successful points in 20.46 s
Saved column 959/1000 (ΔCa=16.716717) with 0/1000 successful points in 28.19 s
Saved column 969/1000 (ΔCa=17.517518) with 0/1000 successful points in 27.42 s
Saved column 440/1000 (ΔCa=-24.844845) with 0/1000 successful points in 18.35 s
Saved column 979/1000 (ΔCa=18.318318) with 0/1000 successful points in 28.09 s
Saved column 549/1000 (ΔCa=-16.116116) with 257/1000 successful points in 26.34 s
Saved column 989/1000 (ΔCa=19.119119) with 0/1000 successful points in 27.66 s
Saved column 999/1000 (ΔCa=19.919920) with 0/1000 successful points in 26.98 s
Saved column 510/1000 (ΔCa=-19.239239) with 0/1000 successful points in 23.03 s
Saved column 429/1000 (ΔCa=-25.725726) with 0/1000 successful points in 22.31 s
Saved column 780/1000 (ΔCa=2.382382) with 23/1000 successful points in 17.90 s
Saved column 820/1000 (ΔCa=5.585586) with 0/1000 successful points in 18.16 s
Saved column 810/1000 (ΔCa=4.784785) with 0/1000 successful points in 18.43 s
Saved column 760/1000 (ΔCa=0.780781) with 42/1000 successful points in 17.94 s
Saved column 830/1000 (ΔCa=6.386386) with 0/1000 successful points in 17.53 s
Saved column 730/1000 (ΔCa=-1.621622) with 71/1000 successful points in 17.41 s
Saved column 750/1000 (ΔCa=-0.020020) with 51/1000 successful points in 17.65 s
Saved column 720/1000 (ΔCa=-2.422422) with 80/1000 successful points in 17.41 s
Saved column 770/1000 (ΔCa=1.581582) with 32/1000 successful points in 18.57 s
Saved column 790/1000 (ΔCa=3.183183) with 14/1000 successful points in 20.16 s
Saved column 840/1000 (ΔCa=7.187187) with 0/1000 successful points in 18.33 s
Saved column 710/1000 (ΔCa=-3.223223) with 90/1000 successful points in 17.41 s
Saved column 620/1000 (ΔCa=-10.430430) with 160/1000 successful points in 17.35 s
Saved column 800/1000 (ΔCa=3.983984) with 5/1000 successful points in 21.37 s
Saved column 640/1000 (ΔCa=-8.828829) with 134/1000 successful points in 17.28 s
Saved column 590/1000 (ΔCa=-12.832833) with 201/1000 successful points in 17.42 s
Saved column 870/1000 (ΔCa=9.589590) with 0/1000 successful points in 18.32 s
Saved column 740/1000 (ΔCa=-0.820821) with 61/1000 successful points in 20.51 s
Saved column 600/1000 (ΔCa=-12.032032) with 188/1000 successful points in 17.40 s
Saved column 610/1000 (ΔCa=-11.231231) with 186/1000 successful points in 17.43 s
Saved column 860/1000 (ΔCa=8.788789) with 0/1000 successful points in 18.49 s
Saved column 680/1000 (ΔCa=-5.625626) with 120/1000 successful points in 20.05 s
Saved column 650/1000 (ΔCa=-8.028028) with 120/1000 successful points in 20.74 s
Saved column 850/1000 (ΔCa=7.987988) with 0/1000 successful points in 19.73 s
Saved column 890/1000 (ΔCa=11.191191) with 0/1000 successful points in 17.50 s
Saved column 900/1000 (ΔCa=11.991992) with 0/1000 successful points in 17.47 s
Saved column 700/1000 (ΔCa=-4.024024) with 100/1000 successful points in 20.61 s
Saved column 530/1000 (ΔCa=-17.637638) with 282/1000 successful points in 22.94 s
Saved column 630/1000 (ΔCa=-9.629630) with 146/1000 successful points in 20.50 s
Saved column 560/1000 (ΔCa=-15.235235) with 206/1000 successful points in 17.21 s
Saved column 670/1000 (ΔCa=-6.426426) with 105/1000 successful points in 19.59 s
Saved column 580/1000 (ΔCa=-13.633634) with 215/1000 successful points in 17.45 s
Saved column 690/1000 (ΔCa=-4.824825) with 108/1000 successful points in 21.16 s
Saved column 880/1000 (ΔCa=10.390390) with 0/1000 successful points in 19.92 s
Saved column 910/1000 (ΔCa=12.792793) with 0/1000 successful points in 20.14 s
Saved column 940/1000 (ΔCa=15.195195) with 0/1000 successful points in 17.61 s
Saved column 930/1000 (ΔCa=14.394394) with 0/1000 successful points in 17.49 s
Saved column 660/1000 (ΔCa=-7.227227) with 141/1000 successful points in 20.07 s
Saved column 520/1000 (ΔCa=-18.438438) with 13/1000 successful points in 18.76 s
Saved column 540/1000 (ΔCa=-16.836837) with 269/1000 successful points in 18.27 s
Saved column 920/1000 (ΔCa=13.593594) with 0/1000 successful points in 18.99 s
Saved column 950/1000 (ΔCa=15.995996) with 0/1000 successful points in 19.32 s
Saved column 570/1000 (ΔCa=-14.434434) with 229/1000 successful points in 19.87 s
Saved column 960/1000 (ΔCa=16.796797) with 0/1000 successful points in 18.42 s
Saved column 980/1000 (ΔCa=18.398398) with 0/1000 successful points in 18.05 s
Saved column 970/1000 (ΔCa=17.597598) with 0/1000 successful points in 19.76 s
Saved column 990/1000 (ΔCa=19.199199) with 0/1000 successful points in 17.76 s
Saved column 1000/1000 (ΔCa=20.000000) with 0/1000 successful points in 17.91 s
Saved column 550/1000 (ΔCa=-16.036036) with 256/1000 successful points in 18.77 s
Successful points: 49096 / 1000000
Unique T encodings: 92
Unique gamma encodings: 63
Saved merged results to /home/carterhinsley/MultimodalMaps.jl/kneading/experiment/attempt-051/grid1000_seq12_tmax1e5_gh0p01_prefixes_remap40_newmodel_results.tsv
Saved T legend to /home/carterhinsley/MultimodalMaps.jl/kneading/experiment/attempt-051/grid1000_seq12_tmax1e5_gh0p01_prefixes_remap40_newmodel_T_legend.tsv
Saved gamma legend to /home/carterhinsley/MultimodalMaps.jl/kneading/experiment/attempt-051/grid1000_seq12_tmax1e5_gh0p01_prefixes_remap40_newmodel_gamma_legend.tsv
Saved contour plot to /home/carterhinsley/MultimodalMaps.jl/kneading/experiment/attempt-051/grid1000_seq12_tmax1e5_gh0p01_prefixes_remap40_newmodel_contours.png
Saved prefix 1 plot to /home/carterhinsley/MultimodalMaps.jl/kneading/experiment/attempt-051/grid1000_seq12_tmax1e5_gh0p01_prefixes_remap40_newmodel_prefix01_contours.png (unique T=14, unique gamma=15)
Saved prefix 2 plot to /home/carterhinsley/MultimodalMaps.jl/kneading/experiment/attempt-051/grid1000_seq12_tmax1e5_gh0p01_prefixes_remap40_newmodel_prefix02_contours.png (unique T=18, unique gamma=26)
Saved prefix 3 plot to /home/carterhinsley/MultimodalMaps.jl/kneading/experiment/attempt-051/grid1000_seq12_tmax1e5_gh0p01_prefixes_remap40_newmodel_prefix03_contours.png (unique T=24, unique gamma=38)
Saved prefix 4 plot to /home/carterhinsley/MultimodalMaps.jl/kneading/experiment/attempt-051/grid1000_seq12_tmax1e5_gh0p01_prefixes_remap40_newmodel_prefix04_contours.png (unique T=35, unique gamma=52)
Saved prefix 5 plot to /home/carterhinsley/MultimodalMaps.jl/kneading/experiment/attempt-051/grid1000_seq12_tmax1e5_gh0p01_prefixes_remap40_newmodel_prefix05_contours.png (unique T=46, unique gamma=56)
Saved prefix 6 plot to /home/carterhinsley/MultimodalMaps.jl/kneading/experiment/attempt-051/grid1000_seq12_tmax1e5_gh0p01_prefixes_remap40_newmodel_prefix06_contours.png (unique T=56, unique gamma=59)
Saved prefix 7 plot to /home/carterhinsley/MultimodalMaps.jl/kneading/experiment/attempt-051/grid1000_seq12_tmax1e5_gh0p01_prefixes_remap40_newmodel_prefix07_contours.png (unique T=65, unique gamma=61)
Saved prefix 8 plot to /home/carterhinsley/MultimodalMaps.jl/kneading/experiment/attempt-051/grid1000_seq12_tmax1e5_gh0p01_prefixes_remap40_newmodel_prefix08_contours.png (unique T=75, unique gamma=63)
Saved prefix 9 plot to /home/carterhinsley/MultimodalMaps.jl/kneading/experiment/attempt-051/grid1000_seq12_tmax1e5_gh0p01_prefixes_remap40_newmodel_prefix09_contours.png (unique T=81, unique gamma=63)
Saved prefix 10 plot to /home/carterhinsley/MultimodalMaps.jl/kneading/experiment/attempt-051/grid1000_seq12_tmax1e5_gh0p01_prefixes_remap40_newmodel_prefix10_contours.png (unique T=86, unique gamma=63)
Saved prefix 11 plot to /home/carterhinsley/MultimodalMaps.jl/kneading/experiment/attempt-051/grid1000_seq12_tmax1e5_gh0p01_prefixes_remap40_newmodel_prefix11_contours.png (unique T=89, unique gamma=63)
Saved prefix 12 plot to /home/carterhinsley/MultimodalMaps.jl/kneading/experiment/attempt-051/grid1000_seq12_tmax1e5_gh0p01_prefixes_remap40_newmodel_prefix12_contours.png (unique T=92, unique gamma=63)
[2026-04-30T17:35:35+00:00] Generating filtered prefix-compatible contour figure for gh0p01.
  Activating project at `~/MultimodalMaps.jl`
  Activating project at `~/MultimodalMaps.jl`
  Activating project at `~/MultimodalMaps.jl`
  Activating project at `~/MultimodalMaps.jl`
  Activating project at `~/MultimodalMaps.jl`
Running attempt-051 filtered full-contour replay.
Results source: /home/carterhinsley/MultimodalMaps.jl/kneading/experiment/attempt-051/grid1000_seq12_tmax1e5_gh0p01_prefixes_remap40_newmodel_results.tsv
Output plot: /home/carterhinsley/MultimodalMaps.jl/kneading/experiment/attempt-051/grid1000_seq12_tmax1e5_gh0p01_prefixcompatible_tzero2to12_contours.png
Red categories ignore T symbol 1.
Blue categories include Gamma symbol 1.
Suppressing red marched squares whose four T SSCS corners have symbols 2:12 all equal to 0.
Suppressing red and blue marched squares whose corner SSCSs are prefix-compatible.
Successful rows: 49096
Error rows: 950904
T grid points with suppressed symbols 2:12 all zero: 48217
Unique red categories after dropping symbol 1: 25
Saved plot to /home/carterhinsley/MultimodalMaps.jl/kneading/experiment/attempt-051/grid1000_seq12_tmax1e5_gh0p01_prefixcompatible_tzero2to12_contours.png
Saved summary to /home/carterhinsley/MultimodalMaps.jl/kneading/experiment/attempt-051/grid1000_seq12_tmax1e5_gh0p01_prefixcompatible_tzero2to12_summary.txt
[2026-04-30T17:36:14+00:00] Uploading attempt-051 final artifacts for grid1000_seq12_tmax1e5_gh0p01_prefixes_remap40_newmodel to gs://carter-kneading-attempt048/attempt-051
[2026-04-30T17:36:14+00:00] Syncing attempt-051 checkpoint artifacts to gs://carter-kneading-attempt048/attempt-051
At file:///home/carterhinsley/MultimodalMaps.jl/kneading/experiment/attempt-051/grid1000_seq12_tmax1e5_gh0p01_prefixes_remap40_newmodel_columns/**, worker process 14553 thread 140245692081984 listed 1000...
Copying file:///home/carterhinsley/MultimodalMaps.jl/kneading/experiment/attempt-051/grid1000_seq12_tmax1e5_gh0p01_prefixes_remap40_newmodel_columns/column_0001.tsv to gs://carter-kneading-attempt048/attempt-051/grid1000_seq12_tmax1e5_gh0p01_prefixes_remap40_newmodel_columns/column_0001.tsv
Copying file:///home/carterhinsley/MultimodalMaps.jl/kneading/experiment/attempt-051/grid1000_seq12_tmax1e5_gh0p01_prefixes_remap40_newmodel_columns/column_0002.tsv to gs://carter-kneading-attempt048/attempt-051/grid1000_seq12_tmax1e5_gh0p01_prefixes_remap40_newmodel_columns/column_0002.tsv
  
Copying file:///home/carterhinsley/MultimodalMaps.jl/kneading/experiment/attempt-051/grid1000_seq12_tmax1e5_gh0p01_prefixes_remap40_newmodel_columns/column_0003.tsv to gs://carter-kneading-attempt048/attempt-051/grid1000_seq12_tmax1e5_gh0p01_prefixes_remap40_newmodel_columns/column_0003.tsv
Copying file:///home/carterhinsley/MultimodalMaps.jl/kneading/experiment/attempt-051/grid1000_seq12_tmax1e5_gh0p01_prefixes_remap40_newmodel_columns/column_0004.tsv to gs://carter-kneading-attempt048/attempt-051/grid1000_seq12_tmax1e5_gh0p01_prefixes_remap40_newmodel_columns/column_0004.tsv
Copying file:///home/carterhinsley/MultimodalMaps.jl/kneading/experiment/attempt-051/grid1000_seq12_tmax1e5_gh0p01_prefixes_remap40_newmodel_columns/column_0005.tsv to gs://carter-kneading-attempt048/attempt-051/grid1000_seq12_tmax1e5_gh0p01_prefixes_remap40_newmodel_columns/column_0005.tsv
Copying file:///home/carterhinsley/MultimodalMaps.jl/kneading/experiment/attempt-051/grid1000_seq12_tmax1e5_gh0p01_prefixes_remap40_newmodel_columns/column_0006.tsv to gs://carter-kneading-attempt048/attempt-051/grid1000_seq12_tmax1e5_gh0p01_prefixes_remap40_newmodel_columns/column_0006.tsv
Copying file:///home/carterhinsley/MultimodalMaps.jl/kneading/experiment/attempt-051/grid1000_seq12_tmax1e5_gh0p01_prefixes_remap40_newmodel_columns/column_0007.tsv to gs://carter-kneading-attempt048/attempt-051/grid1000_seq12_tmax1e5_gh0p01_prefixes_remap40_newmodel_columns/column_0007.tsv
Copying file:///home/carterhinsley/MultimodalMaps.jl/kneading/experiment/attempt-051/grid1000_seq12_tmax1e5_gh0p01_prefixes_remap40_newmodel_columns/column_0008.tsv to gs://carter-kneading-attempt048/attempt-051/grid1000_seq12_tmax1e5_gh0p01_prefixes_remap40_newmodel_columns/column_0008.tsv
Copying file:///home/carterhinsley/MultimodalMaps.jl/kneading/experiment/attempt-051/grid1000_seq12_tmax1e5_gh0p01_prefixes_remap40_newmodel_columns/column_0009.tsv to gs://carter-kneading-attempt048/attempt-051/grid1000_seq12_tmax1e5_gh0p01_prefixes_remap40_newmodel_columns/column_0009.tsv
Copying file:///home/carterhinsley/MultimodalMaps.jl/kneading/experiment/attempt-051/grid1000_seq12_tmax1e5_gh0p01_prefixes_remap40_newmodel_columns/column_0010.tsv to gs://carter-kneading-attempt048/attempt-051/grid1000_seq12_tmax1e5_gh0p01_prefixes_remap40_newmodel_columns/column_0010.tsv
Copying file:///home/carterhinsley/MultimodalMaps.jl/kneading/experiment/attempt-051/grid1000_seq12_tmax1e5_gh0p01_prefixes_remap40_newmodel_columns/column_0011.tsv to gs://carter-kneading-attempt048/attempt-051/grid1000_seq12_tmax1e5_gh0p01_prefixes_remap40_newmodel_columns/column_0011.tsv
Copying file:///home/carterhinsley/MultimodalMaps.jl/kneading/experiment/attempt-051/grid1000_seq12_tmax1e5_gh0p01_prefixes_remap40_newmodel_columns/column_0012.tsv to gs://carter-kneading-attempt048/attempt-051/grid1000_seq12_tmax1e5_gh0p01_prefixes_remap40_newmodel_columns/column_0012.tsv
Copying file:///home/carterhinsley/MultimodalMaps.jl/kneading/experiment/attempt-051/grid1000_seq12_tmax1e5_gh0p01_prefixes_remap40_newmodel_columns/column_0013.tsv to gs://carter-kneading-attempt048/attempt-051/grid1000_seq12_tmax1e5_gh0p01_prefixes_remap40_newmodel_columns/column_0013.tsv
Copying file:///home/carterhinsley/MultimodalMaps.jl/kneading/experiment/attempt-051/grid1000_seq12_tmax1e5_gh0p01_prefixes_remap40_newmodel_columns/column_0014.tsv to gs://carter-kneading-attempt048/attempt-051/grid1000_seq12_tmax1e5_gh0p01_prefixes_remap40_newmodel_columns/column_0014.tsv
Copying file:///home/carterhinsley/MultimodalMaps.jl/kneading/experiment/attempt-051/grid1000_seq12_tmax1e5_gh0p01_prefixes_remap40_newmodel_columns/column_0015.tsv to gs://carter-kneading-attempt048/attempt-051/grid1000_seq12_tmax1e5_gh0p01_prefixes_remap40_newmodel_columns/column_0015.tsv
Copying file:///home/carterhinsley/MultimodalMaps.jl/kneading/experiment/attempt-051/grid1000_seq12_tmax1e5_gh0p01_prefixes_remap40_newmodel_columns/column_0016.tsv to gs://carter-kneading-attempt048/attempt-051/grid1000_seq12_tmax1e5_gh0p01_prefixes_remap40_newmodel_columns/column_0016.tsv
Copying file:///home/carterhinsley/MultimodalMaps.jl/kneading/experiment/attempt-051/grid1000_seq12_tmax1e5_gh0p01_prefixes_remap40_newmodel_columns/column_0017.tsv to gs://carter-kneading-attempt048/attempt-051/grid1000_seq12_tmax1e5_gh0p01_prefixes_remap40_newmodel_columns/column_0017.tsv
Copying file:///home/carterhinsley/MultimodalMaps.jl/kneading/experiment/attempt-051/grid1000_seq12_tmax1e5_gh0p01_prefixes_remap40_newmodel_columns/column_0018.tsv to gs://carter-kneading-attempt048/attempt-051/grid1000_seq12_tmax1e5_gh0p01_prefixes_remap40_newmodel_columns/column_0018.tsv
Copying file:///home/carterhinsley/MultimodalMaps.jl/kneading/experiment/attempt-051/grid1000_seq12_tmax1e5_gh0p01_prefixes_remap40_newmodel_columns/column_0019.tsv to gs://carter-kneading-attempt048/attempt-051/grid1000_seq12_tmax1e5_gh0p01_prefixes_remap40_newmodel_columns/column_0019.tsv
Copying file:///home/carterhinsley/MultimodalMaps.jl/kneading/experiment/attempt-051/grid1000_seq12_tmax1e5_gh0p01_prefixes_remap40_newmodel_columns/column_0020.tsv to gs://carter-kneading-attempt048/attempt-051/grid1000_seq12_tmax1e5_gh0p01_prefixes_remap40_newmodel_columns/column_0020.tsv
Copying file:///home/carterhinsley/MultimodalMaps.jl/kneading/experiment/attempt-051/grid1000_seq12_tmax1e5_gh0p01_prefixes_remap40_newmodel_columns/column_0021.tsv to gs://carter-kneading-attempt048/attempt-051/grid1000_seq12_tmax1e5_gh0p01_prefixes_remap40_newmodel_columns/column_0021.tsv
Copying file:///home/carterhinsley/MultimodalMaps.jl/kneading/experiment/attempt-051/grid1000_seq12_tmax1e5_gh0p01_prefixes_remap40_newmodel_columns/column_0022.tsv to gs://carter-kneading-attempt048/attempt-051/grid1000_seq12_tmax1e5_gh0p01_prefixes_remap40_newmodel_columns/column_0022.tsv
Copying file:///home/carterhinsley/MultimodalMaps.jl/kneading/experiment/attempt-051/grid1000_seq12_tmax1e5_gh0p01_prefixes_remap40_newmodel_columns/column_0023.tsv to gs://carter-kneading-attempt048/attempt-051/grid1000_seq12_tmax1e5_gh0p01_prefixes_remap40_newmodel_columns/column_0023.tsv
Copying file:///home/carterhinsley/MultimodalMaps.jl/kneading/experiment/attempt-051/grid1000_seq12_tmax1e5_gh0p01_prefixes_remap40_newmodel_columns/column_0024.tsv to gs://carter-kneading-attempt048/attempt-051/grid1000_seq12_tmax1e5_gh0p01_prefixes_remap40_newmodel_columns/column_0024.tsv
Copying file:///home/carterhinsley/MultimodalMaps.jl/kneading/experiment/attempt-051/grid1000_seq12_tmax1e5_gh0p01_prefixes_remap40_newmodel_columns/column_0025.tsv to gs://carter-kneading-attempt048/attempt-051/grid1000_seq12_tmax1e5_gh0p01_prefixes_remap40_newmodel_columns/column_0025.tsv
Copying file:///home/carterhinsley/MultimodalMaps.jl/kneading/experiment/attempt-051/grid1000_seq12_tmax1e5_gh0p01_prefixes_remap40_newmodel_columns/column_0026.tsv to gs://carter-kneading-attempt048/attempt-051/grid1000_seq12_tmax1e5_gh0p01_prefixes_remap40_newmodel_columns/column_0026.tsv
Copying file:///home/carterhinsley/MultimodalMaps.jl/kneading/experiment/attempt-051/grid1000_seq12_tmax1e5_gh0p01_prefixes_remap40_newmodel_columns/column_0027.tsv to gs://carter-kneading-attempt048/attempt-051/grid1000_seq12_tmax1e5_gh0p01_prefixes_remap40_newmodel_columns/column_0027.tsv
Copying file:///home/carterhinsley/MultimodalMaps.jl/kneading/experiment/attempt-051/grid1000_seq12_tmax1e5_gh0p01_prefixes_remap40_newmodel_columns/column_0028.tsv to gs://carter-kneading-attempt048/attempt-051/grid1000_seq12_tmax1e5_gh0p01_prefixes_remap40_newmodel_columns/column_0028.tsv
Copying file:///home/carterhinsley/MultimodalMaps.jl/kneading/experiment/attempt-051/grid1000_seq12_tmax1e5_gh0p01_prefixes_remap40_newmodel_columns/column_0029.tsv to gs://carter-kneading-attempt048/attempt-051/grid1000_seq12_tmax1e5_gh0p01_prefixes_remap40_newmodel_columns/column_0029.tsv
Copying file:///home/carterhinsley/MultimodalMaps.jl/kneading/experiment/attempt-051/grid1000_seq12_tmax1e5_gh0p01_prefixes_remap40_newmodel_columns/column_0030.tsv to gs://carter-kneading-attempt048/attempt-051/grid1000_seq12_tmax1e5_gh0p01_prefixes_remap40_newmodel_columns/column_0030.tsv
Copying file:///home/carterhinsley/MultimodalMaps.jl/kneading/experiment/attempt-051/grid1000_seq12_tmax1e5_gh0p01_prefixes_remap40_newmodel_columns/column_0031.tsv to gs://carter-kneading-attempt048/attempt-051/grid1000_seq12_tmax1e5_gh0p01_prefixes_remap40_newmodel_columns/column_0031.tsv
Copying file:///home/carterhinsley/MultimodalMaps.jl/kneading/experiment/attempt-051/grid1000_seq12_tmax1e5_gh0p01_prefixes_remap40_newmodel_columns/column_0032.tsv to gs://carter-kneading-attempt048/attempt-051/grid1000_seq12_tmax1e5_gh0p01_prefixes_remap40_newmodel_columns/column_0032.tsv
Copying file:///home/carterhinsley/MultimodalMaps.jl/kneading/experiment/attempt-051/grid1000_seq12_tmax1e5_gh0p01_prefixes_remap40_newmodel_columns/column_0033.tsv to gs://carter-kneading-attempt048/attempt-051/grid1000_seq12_tmax1e5_gh0p01_prefixes_remap40_newmodel_columns/column_0033.tsv
Copying file:///home/carterhinsley/MultimodalMaps.jl/kneading/experiment/attempt-051/grid1000_seq12_tmax1e5_gh0p01_prefixes_remap40_newmodel_columns/column_0034.tsv to gs://carter-kneading-attempt048/attempt-051/grid1000_seq12_tmax1e5_gh0p01_prefixes_remap40_newmodel_columns/column_0034.tsv
Copying file:///home/carterhinsley/MultimodalMaps.jl/kneading/experiment/attempt-051/grid1000_seq12_tmax1e5_gh0p01_prefixes_remap40_newmodel_columns/column_0035.tsv to gs://carter-kneading-attempt048/attempt-051/grid1000_seq12_tmax1e5_gh0p01_prefixes_remap40_newmodel_columns/column_0035.tsv
Copying file:///home/carterhinsley/MultimodalMaps.jl/kneading/experiment/attempt-051/grid1000_seq12_tmax1e5_gh0p01_prefixes_remap40_newmodel_columns/column_0036.tsv to gs://carter-kneading-attempt048/attempt-051/grid1000_seq12_tmax1e5_gh0p01_prefixes_remap40_newmodel_columns/column_0036.tsv
Copying file:///home/carterhinsley/MultimodalMaps.jl/kneading/experiment/attempt-051/grid1000_seq12_tmax1e5_gh0p01_prefixes_remap40_newmodel_columns/column_0037.tsv to gs://carter-kneading-attempt048/attempt-051/grid1000_seq12_tmax1e5_gh0p01_prefixes_remap40_newmodel_columns/column_0037.tsv
Copying file:///home/carterhinsley/MultimodalMaps.jl/kneading/experiment/attempt-051/grid1000_seq12_tmax1e5_gh0p01_prefixes_remap40_newmodel_columns/column_0038.tsv to gs://carter-kneading-attempt048/attempt-051/grid1000_seq12_tmax1e5_gh0p01_prefixes_remap40_newmodel_columns/column_0038.tsv
Copying file:///home/carterhinsley/MultimodalMaps.jl/kneading/experiment/attempt-051/grid1000_seq12_tmax1e5_gh0p01_prefixes_remap40_newmodel_columns/column_0039.tsv to gs://carter-kneading-attempt048/attempt-051/grid1000_seq12_tmax1e5_gh0p01_prefixes_remap40_newmodel_columns/column_0039.tsv
Copying file:///home/carterhinsley/MultimodalMaps.jl/kneading/experiment/attempt-051/grid1000_seq12_tmax1e5_gh0p01_prefixes_remap40_newmodel_columns/column_0040.tsv to gs://carter-kneading-attempt048/attempt-051/grid1000_seq12_tmax1e5_gh0p01_prefixes_remap40_newmodel_columns/column_0040.tsv
Copying file:///home/carterhinsley/MultimodalMaps.jl/kneading/experiment/attempt-051/grid1000_seq12_tmax1e5_gh0p01_prefixes_remap40_newmodel_columns/column_0041.tsv to gs://carter-kneading-attempt048/attempt-051/grid1000_seq12_tmax1e5_gh0p01_prefixes_remap40_newmodel_columns/column_0041.tsv
Copying file:///home/carterhinsley/MultimodalMaps.jl/kneading/experiment/attempt-051/grid1000_seq12_tmax1e5_gh0p01_prefixes_remap40_newmodel_columns/column_0042.tsv to gs://carter-kneading-attempt048/attempt-051/grid1000_seq12_tmax1e5_gh0p01_prefixes_remap40_newmodel_columns/column_0042.tsv
Copying file:///home/carterhinsley/MultimodalMaps.jl/kneading/experiment/attempt-051/grid1000_seq12_tmax1e5_gh0p01_prefixes_remap40_newmodel_columns/column_0043.tsv to gs://carter-kneading-attempt048/attempt-051/grid1000_seq12_tmax1e5_gh0p01_prefixes_remap40_newmodel_columns/column_0043.tsv
Copying file:///home/carterhinsley/MultimodalMaps.jl/kneading/experiment/attempt-051/grid1000_seq12_tmax1e5_gh0p01_prefixes_remap40_newmodel_columns/column_0044.tsv to gs://carter-kneading-attempt048/attempt-051/grid1000_seq12_tmax1e5_gh0p01_prefixes_remap40_newmodel_columns/column_0044.tsv
Copying file:///home/carterhinsley/MultimodalMaps.jl/kneading/experiment/attempt-051/grid1000_seq12_tmax1e5_gh0p01_prefixes_remap40_newmodel_columns/column_0045.tsv to gs://carter-kneading-attempt048/attempt-051/grid1000_seq12_tmax1e5_gh0p01_prefixes_remap40_newmodel_columns/column_0045.tsv
Copying file:///home/carterhinsley/MultimodalMaps.jl/kneading/experiment/attempt-051/grid1000_seq12_tmax1e5_gh0p01_prefixes_remap40_newmodel_columns/column_0046.tsv to gs://carter-kneading-attempt048/attempt-051/grid1000_seq12_tmax1e5_gh0p01_prefixes_remap40_newmodel_columns/column_0046.tsv
Copying file:///home/carterhinsley/MultimodalMaps.jl/kneading/experiment/attempt-051/grid1000_seq12_tmax1e5_gh0p01_prefixes_remap40_newmodel_columns/column_0047.tsv to gs://carter-kneading-attempt048/attempt-051/grid1000_seq12_tmax1e5_gh0p01_prefixes_remap40_newmodel_columns/column_0047.tsv
Copying file:///home/carterhinsley/MultimodalMaps.jl/kneading/experiment/attempt-051/grid1000_seq12_tmax1e5_gh0p01_prefixes_remap40_newmodel_columns/column_0048.tsv to gs://carter-kneading-attempt048/attempt-051/grid1000_seq12_tmax1e5_gh0p01_prefixes_remap40_newmodel_columns/column_0048.tsv
Copying file:///home/carterhinsley/MultimodalMaps.jl/kneading/experiment/attempt-051/grid1000_seq12_tmax1e5_gh0p01_prefixes_remap40_newmodel_columns/column_0049.tsv to gs://carter-kneading-attempt048/attempt-051/grid1000_seq12_tmax1e5_gh0p01_prefixes_remap40_newmodel_columns/column_0049.tsv
Copying file:///home/carterhinsley/MultimodalMaps.jl/kneading/experiment/attempt-051/grid1000_seq12_tmax1e5_gh0p01_prefixes_remap40_newmodel_columns/column_0050.tsv to gs://carter-kneading-attempt048/attempt-051/grid1000_seq12_tmax1e5_gh0p01_prefixes_remap40_newmodel_columns/column_0050.tsv
Copying file:///home/carterhinsley/MultimodalMaps.jl/kneading/experiment/attempt-051/grid1000_seq12_tmax1e5_gh0p01_prefixes_remap40_newmodel_columns/column_0051.tsv to gs://carter-kneading-attempt048/attempt-051/grid1000_seq12_tmax1e5_gh0p01_prefixes_remap40_newmodel_columns/column_0051.tsv
Copying file:///home/carterhinsley/MultimodalMaps.jl/kneading/experiment/attempt-051/grid1000_seq12_tmax1e5_gh0p01_prefixes_remap40_newmodel_columns/column_0052.tsv to gs://carter-kneading-attempt048/attempt-051/grid1000_seq12_tmax1e5_gh0p01_prefixes_remap40_newmodel_columns/column_0052.tsv
Copying file:///home/carterhinsley/MultimodalMaps.jl/kneading/experiment/attempt-051/grid1000_seq12_tmax1e5_gh0p01_prefixes_remap40_newmodel_columns/column_0053.tsv to gs://carter-kneading-attempt048/attempt-051/grid1000_seq12_tmax1e5_gh0p01_prefixes_remap40_newmodel_columns/column_0053.tsv
Copying file:///home/carterhinsley/MultimodalMaps.jl/kneading/experiment/attempt-051/grid1000_seq12_tmax1e5_gh0p01_prefixes_remap40_newmodel_columns/column_0054.tsv to gs://carter-kneading-attempt048/attempt-051/grid1000_seq12_tmax1e5_gh0p01_prefixes_remap40_newmodel_columns/column_0054.tsv
Copying file:///home/carterhinsley/MultimodalMaps.jl/kneading/experiment/attempt-051/grid1000_seq12_tmax1e5_gh0p01_prefixes_remap40_newmodel_columns/column_0055.tsv to gs://carter-kneading-attempt048/attempt-051/grid1000_seq12_tmax1e5_gh0p01_prefixes_remap40_newmodel_columns/column_0055.tsv
Copying file:///home/carterhinsley/MultimodalMaps.jl/kneading/experiment/attempt-051/grid1000_seq12_tmax1e5_gh0p01_prefixes_remap40_newmodel_columns/column_0056.tsv to gs://carter-kneading-attempt048/attempt-051/grid1000_seq12_tmax1e5_gh0p01_prefixes_remap40_newmodel_columns/column_0056.tsv
Copying file:///home/carterhinsley/MultimodalMaps.jl/kneading/experiment/attempt-051/grid1000_seq12_tmax1e5_gh0p01_prefixes_remap40_newmodel_columns/column_0057.tsv to gs://carter-kneading-attempt048/attempt-051/grid1000_seq12_tmax1e5_gh0p01_prefixes_remap40_newmodel_columns/column_0057.tsv
Copying file:///home/carterhinsley/MultimodalMaps.jl/kneading/experiment/attempt-051/grid1000_seq12_tmax1e5_gh0p01_prefixes_remap40_newmodel_columns/column_0058.tsv to gs://carter-kneading-attempt048/attempt-051/grid1000_seq12_tmax1e5_gh0p01_prefixes_remap40_newmodel_columns/column_0058.tsv
Copying file:///home/carterhinsley/MultimodalMaps.jl/kneading/experiment/attempt-051/grid1000_seq12_tmax1e5_gh0p01_prefixes_remap40_newmodel_columns/column_0059.tsv to gs://carter-kneading-attempt048/attempt-051/grid1000_seq12_tmax1e5_gh0p01_prefixes_remap40_newmodel_columns/column_0059.tsv
Copying file:///home/carterhinsley/MultimodalMaps.jl/kneading/experiment/attempt-051/grid1000_seq12_tmax1e5_gh0p01_prefixes_remap40_newmodel_columns/column_0060.tsv to gs://carter-kneading-attempt048/attempt-051/grid1000_seq12_tmax1e5_gh0p01_prefixes_remap40_newmodel_columns/column_0060.tsv
Copying file:///home/carterhinsley/MultimodalMaps.jl/kneading/experiment/attempt-051/grid1000_seq12_tmax1e5_gh0p01_prefixes_remap40_newmodel_columns/column_0061.tsv to gs://carter-kneading-attempt048/attempt-051/grid1000_seq12_tmax1e5_gh0p01_prefixes_remap40_newmodel_columns/column_0061.tsv
Copying file:///home/carterhinsley/MultimodalMaps.jl/kneading/experiment/attempt-051/grid1000_seq12_tmax1e5_gh0p01_prefixes_remap40_newmodel_columns/column_0062.tsv to gs://carter-kneading-attempt048/attempt-051/grid1000_seq12_tmax1e5_gh0p01_prefixes_remap40_newmodel_columns/column_0062.tsv
Copying file:///home/carterhinsley/MultimodalMaps.jl/kneading/experiment/attempt-051/grid1000_seq12_tmax1e5_gh0p01_prefixes_remap40_newmodel_columns/column_0063.tsv to gs://carter-kneading-attempt048/attempt-051/grid1000_seq12_tmax1e5_gh0p01_prefixes_remap40_newmodel_columns/column_0063.tsv
Copying file:///home/carterhinsley/MultimodalMaps.jl/kneading/experiment/attempt-051/grid1000_seq12_tmax1e5_gh0p01_prefixes_remap40_newmodel_columns/column_0064.tsv to gs://carter-kneading-attempt048/attempt-051/grid1000_seq12_tmax1e5_gh0p01_prefixes_remap40_newmodel_columns/column_0064.tsv
Copying file:///home/carterhinsley/MultimodalMaps.jl/kneading/experiment/attempt-051/grid1000_seq12_tmax1e5_gh0p01_prefixes_remap40_newmodel_columns/column_0065.tsv to gs://carter-kneading-attempt048/attempt-051/grid1000_seq12_tmax1e5_gh0p01_prefixes_remap40_newmodel_columns/column_0065.tsv
Copying file:///home/carterhinsley/MultimodalMaps.jl/kneading/experiment/attempt-051/grid1000_seq12_tmax1e5_gh0p01_prefixes_remap40_newmodel_columns/column_0066.tsv to gs://carter-kneading-attempt048/attempt-051/grid1000_seq12_tmax1e5_gh0p01_prefixes_remap40_newmodel_columns/column_0066.tsv
Copying file:///home/carterhinsley/MultimodalMaps.jl/kneading/experiment/attempt-051/grid1000_seq12_tmax1e5_gh0p01_prefixes_remap40_newmodel_columns/column_0067.tsv to gs://carter-kneading-attempt048/attempt-051/grid1000_seq12_tmax1e5_gh0p01_prefixes_remap40_newmodel_columns/column_0067.tsv
Copying file:///home/carterhinsley/MultimodalMaps.jl/kneading/experiment/attempt-051/grid1000_seq12_tmax1e5_gh0p01_prefixes_remap40_newmodel_columns/column_0068.tsv to gs://carter-kneading-attempt048/attempt-051/grid1000_seq12_tmax1e5_gh0p01_prefixes_remap40_newmodel_columns/column_0068.tsv
Copying file:///home/carterhinsley/MultimodalMaps.jl/kneading/experiment/attempt-051/grid1000_seq12_tmax1e5_gh0p01_prefixes_remap40_newmodel_columns/column_0069.tsv to gs://carter-kneading-attempt048/attempt-051/grid1000_seq12_tmax1e5_gh0p01_prefixes_remap40_newmodel_columns/column_0069.tsv
Copying file:///home/carterhinsley/MultimodalMaps.jl/kneading/experiment/attempt-051/grid1000_seq12_tmax1e5_gh0p01_prefixes_remap40_newmodel_columns/column_0070.tsv to gs://carter-kneading-attempt048/attempt-051/grid1000_seq12_tmax1e5_gh0p01_prefixes_remap40_newmodel_columns/column_0070.tsv
Copying file:///home/carterhinsley/MultimodalMaps.jl/kneading/experiment/attempt-051/grid1000_seq12_tmax1e5_gh0p01_prefixes_remap40_newmodel_columns/column_0071.tsv to gs://carter-kneading-attempt048/attempt-051/grid1000_seq12_tmax1e5_gh0p01_prefixes_remap40_newmodel_columns/column_0071.tsv
Copying file:///home/carterhinsley/MultimodalMaps.jl/kneading/experiment/attempt-051/grid1000_seq12_tmax1e5_gh0p01_prefixes_remap40_newmodel_columns/column_0072.tsv to gs://carter-kneading-attempt048/attempt-051/grid1000_seq12_tmax1e5_gh0p01_prefixes_remap40_newmodel_columns/column_0072.tsv
Copying file:///home/carterhinsley/MultimodalMaps.jl/kneading/experiment/attempt-051/grid1000_seq12_tmax1e5_gh0p01_prefixes_remap40_newmodel_columns/column_0073.tsv to gs://carter-kneading-attempt048/attempt-051/grid1000_seq12_tmax1e5_gh0p01_prefixes_remap40_newmodel_columns/column_0073.tsv
Copying file:///home/carterhinsley/MultimodalMaps.jl/kneading/experiment/attempt-051/grid1000_seq12_tmax1e5_gh0p01_prefixes_remap40_newmodel_columns/column_0074.tsv to gs://carter-kneading-attempt048/attempt-051/grid1000_seq12_tmax1e5_gh0p01_prefixes_remap40_newmodel_columns/column_0074.tsv
Copying file:///home/carterhinsley/MultimodalMaps.jl/kneading/experiment/attempt-051/grid1000_seq12_tmax1e5_gh0p01_prefixes_remap40_newmodel_columns/column_0075.tsv to gs://carter-kneading-attempt048/attempt-051/grid1000_seq12_tmax1e5_gh0p01_prefixes_remap40_newmodel_columns/column_0075.tsv
Copying file:///home/carterhinsley/MultimodalMaps.jl/kneading/experiment/attempt-051/grid1000_seq12_tmax1e5_gh0p01_prefixes_remap40_newmodel_columns/column_0076.tsv to gs://carter-kneading-attempt048/attempt-051/grid1000_seq12_tmax1e5_gh0p01_prefixes_remap40_newmodel_columns/column_0076.tsv
Copying file:///home/carterhinsley/MultimodalMaps.jl/kneading/experiment/attempt-051/grid1000_seq12_tmax1e5_gh0p01_prefixes_remap40_newmodel_columns/column_0077.tsv to gs://carter-kneading-attempt048/attempt-051/grid1000_seq12_tmax1e5_gh0p01_prefixes_remap40_newmodel_columns/column_0077.tsv
Copying file:///home/carterhinsley/MultimodalMaps.jl/kneading/experiment/attempt-051/grid1000_seq12_tmax1e5_gh0p01_prefixes_remap40_newmodel_columns/column_0078.tsv to gs://carter-kneading-attempt048/attempt-051/grid1000_seq12_tmax1e5_gh0p01_prefixes_remap40_newmodel_columns/column_0078.tsv
Copying file:///home/carterhinsley/MultimodalMaps.jl/kneading/experiment/attempt-051/grid1000_seq12_tmax1e5_gh0p01_prefixes_remap40_newmodel_columns/column_0079.tsv to gs://carter-kneading-attempt048/attempt-051/grid1000_seq12_tmax1e5_gh0p01_prefixes_remap40_newmodel_columns/column_0079.tsv
Copying file:///home/carterhinsley/MultimodalMaps.jl/kneading/experiment/attempt-051/grid1000_seq12_tmax1e5_gh0p01_prefixes_remap40_newmodel_columns/column_0080.tsv to gs://carter-kneading-attempt048/attempt-051/grid1000_seq12_tmax1e5_gh0p01_prefixes_remap40_newmodel_columns/column_0080.tsv
Copying file:///home/carterhinsley/MultimodalMaps.jl/kneading/experiment/attempt-051/grid1000_seq12_tmax1e5_gh0p01_prefixes_remap40_newmodel_columns/column_0081.tsv to gs://carter-kneading-attempt048/attempt-051/grid1000_seq12_tmax1e5_gh0p01_prefixes_remap40_newmodel_columns/column_0081.tsv
Copying file:///home/carterhinsley/MultimodalMaps.jl/kneading/experiment/attempt-051/grid1000_seq12_tmax1e5_gh0p01_prefixes_remap40_newmodel_columns/column_0082.tsv to gs://carter-kneading-attempt048/attempt-051/grid1000_seq12_tmax1e5_gh0p01_prefixes_remap40_newmodel_columns/column_0082.tsv
Copying file:///home/carterhinsley/MultimodalMaps.jl/kneading/experiment/attempt-051/grid1000_seq12_tmax1e5_gh0p01_prefixes_remap40_newmodel_columns/column_0083.tsv to gs://carter-kneading-attempt048/attempt-051/grid1000_seq12_tmax1e5_gh0p01_prefixes_remap40_newmodel_columns/column_0083.tsv
Copying file:///home/carterhinsley/MultimodalMaps.jl/kneading/experiment/attempt-051/grid1000_seq12_tmax1e5_gh0p01_prefixes_remap40_newmodel_columns/column_0084.tsv to gs://carter-kneading-attempt048/attempt-051/grid1000_seq12_tmax1e5_gh0p01_prefixes_remap40_newmodel_columns/column_0084.tsv
Copying file:///home/carterhinsley/MultimodalMaps.jl/kneading/experiment/attempt-051/grid1000_seq12_tmax1e5_gh0p01_prefixes_remap40_newmodel_columns/column_0085.tsv to gs://carter-kneading-attempt048/attempt-051/grid1000_seq12_tmax1e5_gh0p01_prefixes_remap40_newmodel_columns/column_0085.tsv
Copying file:///home/carterhinsley/MultimodalMaps.jl/kneading/experiment/attempt-051/grid1000_seq12_tmax1e5_gh0p01_prefixes_remap40_newmodel_columns/column_0086.tsv to gs://carter-kneading-attempt048/attempt-051/grid1000_seq12_tmax1e5_gh0p01_prefixes_remap40_newmodel_columns/column_0086.tsv
Copying file:///home/carterhinsley/MultimodalMaps.jl/kneading/experiment/attempt-051/grid1000_seq12_tmax1e5_gh0p01_prefixes_remap40_newmodel_columns/column_0087.tsv to gs://carter-kneading-attempt048/attempt-051/grid1000_seq12_tmax1e5_gh0p01_prefixes_remap40_newmodel_columns/column_0087.tsv
Copying file:///home/carterhinsley/MultimodalMaps.jl/kneading/experiment/attempt-051/grid1000_seq12_tmax1e5_gh0p01_prefixes_remap40_newmodel_columns/column_0088.tsv to gs://carter-kneading-attempt048/attempt-051/grid1000_seq12_tmax1e5_gh0p01_prefixes_remap40_newmodel_columns/column_0088.tsv
Copying file:///home/carterhinsley/MultimodalMaps.jl/kneading/experiment/attempt-051/grid1000_seq12_tmax1e5_gh0p01_prefixes_remap40_newmodel_columns/column_0089.tsv to gs://carter-kneading-attempt048/attempt-051/grid1000_seq12_tmax1e5_gh0p01_prefixes_remap40_newmodel_columns/column_0089.tsv
Copying file:///home/carterhinsley/MultimodalMaps.jl/kneading/experiment/attempt-051/grid1000_seq12_tmax1e5_gh0p01_prefixes_remap40_newmodel_columns/column_0090.tsv to gs://carter-kneading-attempt048/attempt-051/grid1000_seq12_tmax1e5_gh0p01_prefixes_remap40_newmodel_columns/column_0090.tsv
Copying file:///home/carterhinsley/MultimodalMaps.jl/kneading/experiment/attempt-051/grid1000_seq12_tmax1e5_gh0p01_prefixes_remap40_newmodel_columns/column_0091.tsv to gs://carter-kneading-attempt048/attempt-051/grid1000_seq12_tmax1e5_gh0p01_prefixes_remap40_newmodel_columns/column_0091.tsv
Copying file:///home/carterhinsley/MultimodalMaps.jl/kneading/experiment/attempt-051/grid1000_seq12_tmax1e5_gh0p01_prefixes_remap40_newmodel_columns/column_0092.tsv to gs://carter-kneading-attempt048/attempt-051/grid1000_seq12_tmax1e5_gh0p01_prefixes_remap40_newmodel_columns/column_0092.tsv
Copying file:///home/carterhinsley/MultimodalMaps.jl/kneading/experiment/attempt-051/grid1000_seq12_tmax1e5_gh0p01_prefixes_remap40_newmodel_columns/column_0093.tsv to gs://carter-kneading-attempt048/attempt-051/grid1000_seq12_tmax1e5_gh0p01_prefixes_remap40_newmodel_columns/column_0093.tsv
Copying file:///home/carterhinsley/MultimodalMaps.jl/kneading/experiment/attempt-051/grid1000_seq12_tmax1e5_gh0p01_prefixes_remap40_newmodel_columns/column_0094.tsv to gs://carter-kneading-attempt048/attempt-051/grid1000_seq12_tmax1e5_gh0p01_prefixes_remap40_newmodel_columns/column_0094.tsv
Copying file:///home/carterhinsley/MultimodalMaps.jl/kneading/experiment/attempt-051/grid1000_seq12_tmax1e5_gh0p01_prefixes_remap40_newmodel_columns/column_0095.tsv to gs://carter-kneading-attempt048/attempt-051/grid1000_seq12_tmax1e5_gh0p01_prefixes_remap40_newmodel_columns/column_0095.tsv
Copying file:///home/carterhinsley/MultimodalMaps.jl/kneading/experiment/attempt-051/grid1000_seq12_tmax1e5_gh0p01_prefixes_remap40_newmodel_columns/column_0096.tsv to gs://carter-kneading-attempt048/attempt-051/grid1000_seq12_tmax1e5_gh0p01_prefixes_remap40_newmodel_columns/column_0096.tsv
Copying file:///home/carterhinsley/MultimodalMaps.jl/kneading/experiment/attempt-051/grid1000_seq12_tmax1e5_gh0p01_prefixes_remap40_newmodel_columns/column_0097.tsv to gs://carter-kneading-attempt048/attempt-051/grid1000_seq12_tmax1e5_gh0p01_prefixes_remap40_newmodel_columns/column_0097.tsv
Copying file:///home/carterhinsley/MultimodalMaps.jl/kneading/experiment/attempt-051/grid1000_seq12_tmax1e5_gh0p01_prefixes_remap40_newmodel_columns/column_0098.tsv to gs://carter-kneading-attempt048/attempt-051/grid1000_seq12_tmax1e5_gh0p01_prefixes_remap40_newmodel_columns/column_0098.tsv
Copying file:///home/carterhinsley/MultimodalMaps.jl/kneading/experiment/attempt-051/grid1000_seq12_tmax1e5_gh0p01_prefixes_remap40_newmodel_columns/column_0099.tsv to gs://carter-kneading-attempt048/attempt-051/grid1000_seq12_tmax1e5_gh0p01_prefixes_remap40_newmodel_columns/column_0099.tsv
Copying file:///home/carterhinsley/MultimodalMaps.jl/kneading/experiment/attempt-051/grid1000_seq12_tmax1e5_gh0p01_prefixes_remap40_newmodel_columns/column_0100.tsv to gs://carter-kneading-attempt048/attempt-051/grid1000_seq12_tmax1e5_gh0p01_prefixes_remap40_newmodel_columns/column_0100.tsv
Copying file:///home/carterhinsley/MultimodalMaps.jl/kneading/experiment/attempt-051/grid1000_seq12_tmax1e5_gh0p01_prefixes_remap40_newmodel_columns/column_0101.tsv to gs://carter-kneading-attempt048/attempt-051/grid1000_seq12_tmax1e5_gh0p01_prefixes_remap40_newmodel_columns/column_0101.tsv
Copying file:///home/carterhinsley/MultimodalMaps.jl/kneading/experiment/attempt-051/grid1000_seq12_tmax1e5_gh0p01_prefixes_remap40_newmodel_columns/column_0102.tsv to gs://carter-kneading-attempt048/attempt-051/grid1000_seq12_tmax1e5_gh0p01_prefixes_remap40_newmodel_columns/column_0102.tsv
Copying file:///home/carterhinsley/MultimodalMaps.jl/kneading/experiment/attempt-051/grid1000_seq12_tmax1e5_gh0p01_prefixes_remap40_newmodel_columns/column_0103.tsv to gs://carter-kneading-attempt048/attempt-051/grid1000_seq12_tmax1e5_gh0p01_prefixes_remap40_newmodel_columns/column_0103.tsv
Copying file:///home/carterhinsley/MultimodalMaps.jl/kneading/experiment/attempt-051/grid1000_seq12_tmax1e5_gh0p01_prefixes_remap40_newmodel_columns/column_0104.tsv to gs://carter-kneading-attempt048/attempt-051/grid1000_seq12_tmax1e5_gh0p01_prefixes_remap40_newmodel_columns/column_0104.tsv
Copying file:///home/carterhinsley/MultimodalMaps.jl/kneading/experiment/attempt-051/grid1000_seq12_tmax1e5_gh0p01_prefixes_remap40_newmodel_columns/column_0105.tsv to gs://carter-kneading-attempt048/attempt-051/grid1000_seq12_tmax1e5_gh0p01_prefixes_remap40_newmodel_columns/column_0105.tsv
Copying file:///home/carterhinsley/MultimodalMaps.jl/kneading/experiment/attempt-051/grid1000_seq12_tmax1e5_gh0p01_prefixes_remap40_newmodel_columns/column_0106.tsv to gs://carter-kneading-attempt048/attempt-051/grid1000_seq12_tmax1e5_gh0p01_prefixes_remap40_newmodel_columns/column_0106.tsv
Copying file:///home/carterhinsley/MultimodalMaps.jl/kneading/experiment/attempt-051/grid1000_seq12_tmax1e5_gh0p01_prefixes_remap40_newmodel_columns/column_0107.tsv to gs://carter-kneading-attempt048/attempt-051/grid1000_seq12_tmax1e5_gh0p01_prefixes_remap40_newmodel_columns/column_0107.tsv
Copying file:///home/carterhinsley/MultimodalMaps.jl/kneading/experiment/attempt-051/grid1000_seq12_tmax1e5_gh0p01_prefixes_remap40_newmodel_columns/column_0108.tsv to gs://carter-kneading-attempt048/attempt-051/grid1000_seq12_tmax1e5_gh0p01_prefixes_remap40_newmodel_columns/column_0108.tsv
Copying file:///home/carterhinsley/MultimodalMaps.jl/kneading/experiment/attempt-051/grid1000_seq12_tmax1e5_gh0p01_prefixes_remap40_newmodel_columns/column_0109.tsv to gs://carter-kneading-attempt048/attempt-051/grid1000_seq12_tmax1e5_gh0p01_prefixes_remap40_newmodel_columns/column_0109.tsv
Copying file:///home/carterhinsley/MultimodalMaps.jl/kneading/experiment/attempt-051/grid1000_seq12_tmax1e5_gh0p01_prefixes_remap40_newmodel_columns/column_0110.tsv to gs://carter-kneading-attempt048/attempt-051/grid1000_seq12_tmax1e5_gh0p01_prefixes_remap40_newmodel_columns/column_0110.tsv
Copying file:///home/carterhinsley/MultimodalMaps.jl/kneading/experiment/attempt-051/grid1000_seq12_tmax1e5_gh0p01_prefixes_remap40_newmodel_columns/column_0111.tsv to gs://carter-kneading-attempt048/attempt-051/grid1000_seq12_tmax1e5_gh0p01_prefixes_remap40_newmodel_columns/column_0111.tsv
Copying file:///home/carterhinsley/MultimodalMaps.jl/kneading/experiment/attempt-051/grid1000_seq12_tmax1e5_gh0p01_prefixes_remap40_newmodel_columns/column_0112.tsv to gs://carter-kneading-attempt048/attempt-051/grid1000_seq12_tmax1e5_gh0p01_prefixes_remap40_newmodel_columns/column_0112.tsv
Copying file:///home/carterhinsley/MultimodalMaps.jl/kneading/experiment/attempt-051/grid1000_seq12_tmax1e5_gh0p01_prefixes_remap40_newmodel_columns/column_0113.tsv to gs://carter-kneading-attempt048/attempt-051/grid1000_seq12_tmax1e5_gh0p01_prefixes_remap40_newmodel_columns/column_0113.tsv
Copying file:///home/carterhinsley/MultimodalMaps.jl/kneading/experiment/attempt-051/grid1000_seq12_tmax1e5_gh0p01_prefixes_remap40_newmodel_columns/column_0114.tsv to gs://carter-kneading-attempt048/attempt-051/grid1000_seq12_tmax1e5_gh0p01_prefixes_remap40_newmodel_columns/column_0114.tsv
Copying file:///home/carterhinsley/MultimodalMaps.jl/kneading/experiment/attempt-051/grid1000_seq12_tmax1e5_gh0p01_prefixes_remap40_newmodel_columns/column_0115.tsv to gs://carter-kneading-attempt048/attempt-051/grid1000_seq12_tmax1e5_gh0p01_prefixes_remap40_newmodel_columns/column_0115.tsv
Copying file:///home/carterhinsley/MultimodalMaps.jl/kneading/experiment/attempt-051/grid1000_seq12_tmax1e5_gh0p01_prefixes_remap40_newmodel_columns/column_0116.tsv to gs://carter-kneading-attempt048/attempt-051/grid1000_seq12_tmax1e5_gh0p01_prefixes_remap40_newmodel_columns/column_0116.tsv
Copying file:///home/carterhinsley/MultimodalMaps.jl/kneading/experiment/attempt-051/grid1000_seq12_tmax1e5_gh0p01_prefixes_remap40_newmodel_columns/column_0117.tsv to gs://carter-kneading-attempt048/attempt-051/grid1000_seq12_tmax1e5_gh0p01_prefixes_remap40_newmodel_columns/column_0117.tsv
Copying file:///home/carterhinsley/MultimodalMaps.jl/kneading/experiment/attempt-051/grid1000_seq12_tmax1e5_gh0p01_prefixes_remap40_newmodel_columns/column_0118.tsv to gs://carter-kneading-attempt048/attempt-051/grid1000_seq12_tmax1e5_gh0p01_prefixes_remap40_newmodel_columns/column_0118.tsv
Copying file:///home/carterhinsley/MultimodalMaps.jl/kneading/experiment/attempt-051/grid1000_seq12_tmax1e5_gh0p01_prefixes_remap40_newmodel_columns/column_0119.tsv to gs://carter-kneading-attempt048/attempt-051/grid1000_seq12_tmax1e5_gh0p01_prefixes_remap40_newmodel_columns/column_0119.tsv
Copying file:///home/carterhinsley/MultimodalMaps.jl/kneading/experiment/attempt-051/grid1000_seq12_tmax1e5_gh0p01_prefixes_remap40_newmodel_columns/column_0120.tsv to gs://carter-kneading-attempt048/attempt-051/grid1000_seq12_tmax1e5_gh0p01_prefixes_remap40_newmodel_columns/column_0120.tsv
Copying file:///home/carterhinsley/MultimodalMaps.jl/kneading/experiment/attempt-051/grid1000_seq12_tmax1e5_gh0p01_prefixes_remap40_newmodel_columns/column_0121.tsv to gs://carter-kneading-attempt048/attempt-051/grid1000_seq12_tmax1e5_gh0p01_prefixes_remap40_newmodel_columns/column_0121.tsv
Copying file:///home/carterhinsley/MultimodalMaps.jl/kneading/experiment/attempt-051/grid1000_seq12_tmax1e5_gh0p01_prefixes_remap40_newmodel_columns/column_0122.tsv to gs://carter-kneading-attempt048/attempt-051/grid1000_seq12_tmax1e5_gh0p01_prefixes_remap40_newmodel_columns/column_0122.tsv
Copying file:///home/carterhinsley/MultimodalMaps.jl/kneading/experiment/attempt-051/grid1000_seq12_tmax1e5_gh0p01_prefixes_remap40_newmodel_columns/column_0123.tsv to gs://carter-kneading-attempt048/attempt-051/grid1000_seq12_tmax1e5_gh0p01_prefixes_remap40_newmodel_columns/column_0123.tsv
Copying file:///home/carterhinsley/MultimodalMaps.jl/kneading/experiment/attempt-051/grid1000_seq12_tmax1e5_gh0p01_prefixes_remap40_newmodel_columns/column_0124.tsv to gs://carter-kneading-attempt048/attempt-051/grid1000_seq12_tmax1e5_gh0p01_prefixes_remap40_newmodel_columns/column_0124.tsv
Copying file:///home/carterhinsley/MultimodalMaps.jl/kneading/experiment/attempt-051/grid1000_seq12_tmax1e5_gh0p01_prefixes_remap40_newmodel_columns/column_0125.tsv to gs://carter-kneading-attempt048/attempt-051/grid1000_seq12_tmax1e5_gh0p01_prefixes_remap40_newmodel_columns/column_0125.tsv
Copying file:///home/carterhinsley/MultimodalMaps.jl/kneading/experiment/attempt-051/grid1000_seq12_tmax1e5_gh0p01_prefixes_remap40_newmodel_columns/column_0126.tsv to gs://carter-kneading-attempt048/attempt-051/grid1000_seq12_tmax1e5_gh0p01_prefixes_remap40_newmodel_columns/column_0126.tsv
Copying file:///home/carterhinsley/MultimodalMaps.jl/kneading/experiment/attempt-051/grid1000_seq12_tmax1e5_gh0p01_prefixes_remap40_newmodel_columns/column_0127.tsv to gs://carter-kneading-attempt048/attempt-051/grid1000_seq12_tmax1e5_gh0p01_prefixes_remap40_newmodel_columns/column_0127.tsv
Copying file:///home/carterhinsley/MultimodalMaps.jl/kneading/experiment/attempt-051/grid1000_seq12_tmax1e5_gh0p01_prefixes_remap40_newmodel_columns/column_0128.tsv to gs://carter-kneading-attempt048/attempt-051/grid1000_seq12_tmax1e5_gh0p01_prefixes_remap40_newmodel_columns/column_0128.tsv
Copying file:///home/carterhinsley/MultimodalMaps.jl/kneading/experiment/attempt-051/grid1000_seq12_tmax1e5_gh0p01_prefixes_remap40_newmodel_columns/column_0129.tsv to gs://carter-kneading-attempt048/attempt-051/grid1000_seq12_tmax1e5_gh0p01_prefixes_remap40_newmodel_columns/column_0129.tsv
Copying file:///home/carterhinsley/MultimodalMaps.jl/kneading/experiment/attempt-051/grid1000_seq12_tmax1e5_gh0p01_prefixes_remap40_newmodel_columns/column_0130.tsv to gs://carter-kneading-attempt048/attempt-051/grid1000_seq12_tmax1e5_gh0p01_prefixes_remap40_newmodel_columns/column_0130.tsv
Copying file:///home/carterhinsley/MultimodalMaps.jl/kneading/experiment/attempt-051/grid1000_seq12_tmax1e5_gh0p01_prefixes_remap40_newmodel_columns/column_0131.tsv to gs://carter-kneading-attempt048/attempt-051/grid1000_seq12_tmax1e5_gh0p01_prefixes_remap40_newmodel_columns/column_0131.tsv
Copying file:///home/carterhinsley/MultimodalMaps.jl/kneading/experiment/attempt-051/grid1000_seq12_tmax1e5_gh0p01_prefixes_remap40_newmodel_columns/column_0132.tsv to gs://carter-kneading-attempt048/attempt-051/grid1000_seq12_tmax1e5_gh0p01_prefixes_remap40_newmodel_columns/column_0132.tsv
Copying file:///home/carterhinsley/MultimodalMaps.jl/kneading/experiment/attempt-051/grid1000_seq12_tmax1e5_gh0p01_prefixes_remap40_newmodel_columns/column_0133.tsv to gs://carter-kneading-attempt048/attempt-051/grid1000_seq12_tmax1e5_gh0p01_prefixes_remap40_newmodel_columns/column_0133.tsv
Copying file:///home/carterhinsley/MultimodalMaps.jl/kneading/experiment/attempt-051/grid1000_seq12_tmax1e5_gh0p01_prefixes_remap40_newmodel_columns/column_0134.tsv to gs://carter-kneading-attempt048/attempt-051/grid1000_seq12_tmax1e5_gh0p01_prefixes_remap40_newmodel_columns/column_0134.tsv
Copying file:///home/carterhinsley/MultimodalMaps.jl/kneading/experiment/attempt-051/grid1000_seq12_tmax1e5_gh0p01_prefixes_remap40_newmodel_columns/column_0135.tsv to gs://carter-kneading-attempt048/attempt-051/grid1000_seq12_tmax1e5_gh0p01_prefixes_remap40_newmodel_columns/column_0135.tsv
Copying file:///home/carterhinsley/MultimodalMaps.jl/kneading/experiment/attempt-051/grid1000_seq12_tmax1e5_gh0p01_prefixes_remap40_newmodel_columns/column_0136.tsv to gs://carter-kneading-attempt048/attempt-051/grid1000_seq12_tmax1e5_gh0p01_prefixes_remap40_newmodel_columns/column_0136.tsv
Copying file:///home/carterhinsley/MultimodalMaps.jl/kneading/experiment/attempt-051/grid1000_seq12_tmax1e5_gh0p01_prefixes_remap40_newmodel_columns/column_0137.tsv to gs://carter-kneading-attempt048/attempt-051/grid1000_seq12_tmax1e5_gh0p01_prefixes_remap40_newmodel_columns/column_0137.tsv
Copying file:///home/carterhinsley/MultimodalMaps.jl/kneading/experiment/attempt-051/grid1000_seq12_tmax1e5_gh0p01_prefixes_remap40_newmodel_columns/column_0138.tsv to gs://carter-kneading-attempt048/attempt-051/grid1000_seq12_tmax1e5_gh0p01_prefixes_remap40_newmodel_columns/column_0138.tsv
Copying file:///home/carterhinsley/MultimodalMaps.jl/kneading/experiment/attempt-051/grid1000_seq12_tmax1e5_gh0p01_prefixes_remap40_newmodel_columns/column_0139.tsv to gs://carter-kneading-attempt048/attempt-051/grid1000_seq12_tmax1e5_gh0p01_prefixes_remap40_newmodel_columns/column_0139.tsv
Copying file:///home/carterhinsley/MultimodalMaps.jl/kneading/experiment/attempt-051/grid1000_seq12_tmax1e5_gh0p01_prefixes_remap40_newmodel_columns/column_0140.tsv to gs://carter-kneading-attempt048/attempt-051/grid1000_seq12_tmax1e5_gh0p01_prefixes_remap40_newmodel_columns/column_0140.tsv
Copying file:///home/carterhinsley/MultimodalMaps.jl/kneading/experiment/attempt-051/grid1000_seq12_tmax1e5_gh0p01_prefixes_remap40_newmodel_columns/column_0141.tsv to gs://carter-kneading-attempt048/attempt-051/grid1000_seq12_tmax1e5_gh0p01_prefixes_remap40_newmodel_columns/column_0141.tsv
Copying file:///home/carterhinsley/MultimodalMaps.jl/kneading/experiment/attempt-051/grid1000_seq12_tmax1e5_gh0p01_prefixes_remap40_newmodel_columns/column_0142.tsv to gs://carter-kneading-attempt048/attempt-051/grid1000_seq12_tmax1e5_gh0p01_prefixes_remap40_newmodel_columns/column_0142.tsv
Copying file:///home/carterhinsley/MultimodalMaps.jl/kneading/experiment/attempt-051/grid1000_seq12_tmax1e5_gh0p01_prefixes_remap40_newmodel_columns/column_0143.tsv to gs://carter-kneading-attempt048/attempt-051/grid1000_seq12_tmax1e5_gh0p01_prefixes_remap40_newmodel_columns/column_0143.tsv
Copying file:///home/carterhinsley/MultimodalMaps.jl/kneading/experiment/attempt-051/grid1000_seq12_tmax1e5_gh0p01_prefixes_remap40_newmodel_columns/column_0144.tsv to gs://carter-kneading-attempt048/attempt-051/grid1000_seq12_tmax1e5_gh0p01_prefixes_remap40_newmodel_columns/column_0144.tsv
Copying file:///home/carterhinsley/MultimodalMaps.jl/kneading/experiment/attempt-051/grid1000_seq12_tmax1e5_gh0p01_prefixes_remap40_newmodel_columns/column_0145.tsv to gs://carter-kneading-attempt048/attempt-051/grid1000_seq12_tmax1e5_gh0p01_prefixes_remap40_newmodel_columns/column_0145.tsv
Copying file:///home/carterhinsley/MultimodalMaps.jl/kneading/experiment/attempt-051/grid1000_seq12_tmax1e5_gh0p01_prefixes_remap40_newmodel_columns/column_0146.tsv to gs://carter-kneading-attempt048/attempt-051/grid1000_seq12_tmax1e5_gh0p01_prefixes_remap40_newmodel_columns/column_0146.tsv
Copying file:///home/carterhinsley/MultimodalMaps.jl/kneading/experiment/attempt-051/grid1000_seq12_tmax1e5_gh0p01_prefixes_remap40_newmodel_columns/column_0147.tsv to gs://carter-kneading-attempt048/attempt-051/grid1000_seq12_tmax1e5_gh0p01_prefixes_remap40_newmodel_columns/column_0147.tsv
Copying file:///home/carterhinsley/MultimodalMaps.jl/kneading/experiment/attempt-051/grid1000_seq12_tmax1e5_gh0p01_prefixes_remap40_newmodel_columns/column_0148.tsv to gs://carter-kneading-attempt048/attempt-051/grid1000_seq12_tmax1e5_gh0p01_prefixes_remap40_newmodel_columns/column_0148.tsv
Copying file:///home/carterhinsley/MultimodalMaps.jl/kneading/experiment/attempt-051/grid1000_seq12_tmax1e5_gh0p01_prefixes_remap40_newmodel_columns/column_0149.tsv to gs://carter-kneading-attempt048/attempt-051/grid1000_seq12_tmax1e5_gh0p01_prefixes_remap40_newmodel_columns/column_0149.tsv
.Copying file:///home/carterhinsley/MultimodalMaps.jl/kneading/experiment/attempt-051/grid1000_seq12_tmax1e5_gh0p01_prefixes_remap40_newmodel_columns/column_0150.tsv to gs://carter-kneading-attempt048/attempt-051/grid1000_seq12_tmax1e5_gh0p01_prefixes_remap40_newmodel_columns/column_0150.tsv
Copying file:///home/carterhinsley/MultimodalMaps.jl/kneading/experiment/attempt-051/grid1000_seq12_tmax1e5_gh0p01_prefixes_remap40_newmodel_columns/column_0151.tsv to gs://carter-kneading-attempt048/attempt-051/grid1000_seq12_tmax1e5_gh0p01_prefixes_remap40_newmodel_columns/column_0151.tsv
Copying file:///home/carterhinsley/MultimodalMaps.jl/kneading/experiment/attempt-051/grid1000_seq12_tmax1e5_gh0p01_prefixes_remap40_newmodel_columns/column_0152.tsv to gs://carter-kneading-attempt048/attempt-051/grid1000_seq12_tmax1e5_gh0p01_prefixes_remap40_newmodel_columns/column_0152.tsv
Copying file:///home/carterhinsley/MultimodalMaps.jl/kneading/experiment/attempt-051/grid1000_seq12_tmax1e5_gh0p01_prefixes_remap40_newmodel_columns/column_0153.tsv to gs://carter-kneading-attempt048/attempt-051/grid1000_seq12_tmax1e5_gh0p01_prefixes_remap40_newmodel_columns/column_0153.tsv
Copying file:///home/carterhinsley/MultimodalMaps.jl/kneading/experiment/attempt-051/grid1000_seq12_tmax1e5_gh0p01_prefixes_remap40_newmodel_columns/column_0154.tsv to gs://carter-kneading-attempt048/attempt-051/grid1000_seq12_tmax1e5_gh0p01_prefixes_remap40_newmodel_columns/column_0154.tsv
Copying file:///home/carterhinsley/MultimodalMaps.jl/kneading/experiment/attempt-051/grid1000_seq12_tmax1e5_gh0p01_prefixes_remap40_newmodel_columns/column_0155.tsv to gs://carter-kneading-attempt048/attempt-051/grid1000_seq12_tmax1e5_gh0p01_prefixes_remap40_newmodel_columns/column_0155.tsv
Copying file:///home/carterhinsley/MultimodalMaps.jl/kneading/experiment/attempt-051/grid1000_seq12_tmax1e5_gh0p01_prefixes_remap40_newmodel_columns/column_0156.tsv to gs://carter-kneading-attempt048/attempt-051/grid1000_seq12_tmax1e5_gh0p01_prefixes_remap40_newmodel_columns/column_0156.tsv
Copying file:///home/carterhinsley/MultimodalMaps.jl/kneading/experiment/attempt-051/grid1000_seq12_tmax1e5_gh0p01_prefixes_remap40_newmodel_columns/column_0157.tsv to gs://carter-kneading-attempt048/attempt-051/grid1000_seq12_tmax1e5_gh0p01_prefixes_remap40_newmodel_columns/column_0157.tsv
Copying file:///home/carterhinsley/MultimodalMaps.jl/kneading/experiment/attempt-051/grid1000_seq12_tmax1e5_gh0p01_prefixes_remap40_newmodel_columns/column_0158.tsv to gs://carter-kneading-attempt048/attempt-051/grid1000_seq12_tmax1e5_gh0p01_prefixes_remap40_newmodel_columns/column_0158.tsv
Copying file:///home/carterhinsley/MultimodalMaps.jl/kneading/experiment/attempt-051/grid1000_seq12_tmax1e5_gh0p01_prefixes_remap40_newmodel_columns/column_0159.tsv to gs://carter-kneading-attempt048/attempt-051/grid1000_seq12_tmax1e5_gh0p01_prefixes_remap40_newmodel_columns/column_0159.tsv
Copying file:///home/carterhinsley/MultimodalMaps.jl/kneading/experiment/attempt-051/grid1000_seq12_tmax1e5_gh0p01_prefixes_remap40_newmodel_columns/column_0160.tsv to gs://carter-kneading-attempt048/attempt-051/grid1000_seq12_tmax1e5_gh0p01_prefixes_remap40_newmodel_columns/column_0160.tsv
Copying file:///home/carterhinsley/MultimodalMaps.jl/kneading/experiment/attempt-051/grid1000_seq12_tmax1e5_gh0p01_prefixes_remap40_newmodel_columns/column_0161.tsv to gs://carter-kneading-attempt048/attempt-051/grid1000_seq12_tmax1e5_gh0p01_prefixes_remap40_newmodel_columns/column_0161.tsv
Copying file:///home/carterhinsley/MultimodalMaps.jl/kneading/experiment/attempt-051/grid1000_seq12_tmax1e5_gh0p01_prefixes_remap40_newmodel_columns/column_0162.tsv to gs://carter-kneading-attempt048/attempt-051/grid1000_seq12_tmax1e5_gh0p01_prefixes_remap40_newmodel_columns/column_0162.tsv
Copying file:///home/carterhinsley/MultimodalMaps.jl/kneading/experiment/attempt-051/grid1000_seq12_tmax1e5_gh0p01_prefixes_remap40_newmodel_columns/column_0163.tsv to gs://carter-kneading-attempt048/attempt-051/grid1000_seq12_tmax1e5_gh0p01_prefixes_remap40_newmodel_columns/column_0163.tsv
Copying file:///home/carterhinsley/MultimodalMaps.jl/kneading/experiment/attempt-051/grid1000_seq12_tmax1e5_gh0p01_prefixes_remap40_newmodel_columns/column_0164.tsv to gs://carter-kneading-attempt048/attempt-051/grid1000_seq12_tmax1e5_gh0p01_prefixes_remap40_newmodel_columns/column_0164.tsv
Copying file:///home/carterhinsley/MultimodalMaps.jl/kneading/experiment/attempt-051/grid1000_seq12_tmax1e5_gh0p01_prefixes_remap40_newmodel_columns/column_0165.tsv to gs://carter-kneading-attempt048/attempt-051/grid1000_seq12_tmax1e5_gh0p01_prefixes_remap40_newmodel_columns/column_0165.tsv
Copying file:///home/carterhinsley/MultimodalMaps.jl/kneading/experiment/attempt-051/grid1000_seq12_tmax1e5_gh0p01_prefixes_remap40_newmodel_columns/column_0166.tsv to gs://carter-kneading-attempt048/attempt-051/grid1000_seq12_tmax1e5_gh0p01_prefixes_remap40_newmodel_columns/column_0166.tsv
Copying file:///home/carterhinsley/MultimodalMaps.jl/kneading/experiment/attempt-051/grid1000_seq12_tmax1e5_gh0p01_prefixes_remap40_newmodel_columns/column_0167.tsv to gs://carter-kneading-attempt048/attempt-051/grid1000_seq12_tmax1e5_gh0p01_prefixes_remap40_newmodel_columns/column_0167.tsv
Copying file:///home/carterhinsley/MultimodalMaps.jl/kneading/experiment/attempt-051/grid1000_seq12_tmax1e5_gh0p01_prefixes_remap40_newmodel_columns/column_0168.tsv to gs://carter-kneading-attempt048/attempt-051/grid1000_seq12_tmax1e5_gh0p01_prefixes_remap40_newmodel_columns/column_0168.tsv
Copying file:///home/carterhinsley/MultimodalMaps.jl/kneading/experiment/attempt-051/grid1000_seq12_tmax1e5_gh0p01_prefixes_remap40_newmodel_columns/column_0169.tsv to gs://carter-kneading-attempt048/attempt-051/grid1000_seq12_tmax1e5_gh0p01_prefixes_remap40_newmodel_columns/column_0169.tsv
Copying file:///home/carterhinsley/MultimodalMaps.jl/kneading/experiment/attempt-051/grid1000_seq12_tmax1e5_gh0p01_prefixes_remap40_newmodel_columns/column_0170.tsv to gs://carter-kneading-attempt048/attempt-051/grid1000_seq12_tmax1e5_gh0p01_prefixes_remap40_newmodel_columns/column_0170.tsv
Copying file:///home/carterhinsley/MultimodalMaps.jl/kneading/experiment/attempt-051/grid1000_seq12_tmax1e5_gh0p01_prefixes_remap40_newmodel_columns/column_0171.tsv to gs://carter-kneading-attempt048/attempt-051/grid1000_seq12_tmax1e5_gh0p01_prefixes_remap40_newmodel_columns/column_0171.tsv
Copying file:///home/carterhinsley/MultimodalMaps.jl/kneading/experiment/attempt-051/grid1000_seq12_tmax1e5_gh0p01_prefixes_remap40_newmodel_columns/column_0172.tsv to gs://carter-kneading-attempt048/attempt-051/grid1000_seq12_tmax1e5_gh0p01_prefixes_remap40_newmodel_columns/column_0172.tsv
Copying file:///home/carterhinsley/MultimodalMaps.jl/kneading/experiment/attempt-051/grid1000_seq12_tmax1e5_gh0p01_prefixes_remap40_newmodel_columns/column_0173.tsv to gs://carter-kneading-attempt048/attempt-051/grid1000_seq12_tmax1e5_gh0p01_prefixes_remap40_newmodel_columns/column_0173.tsv
Copying file:///home/carterhinsley/MultimodalMaps.jl/kneading/experiment/attempt-051/grid1000_seq12_tmax1e5_gh0p01_prefixes_remap40_newmodel_columns/column_0174.tsv to gs://carter-kneading-attempt048/attempt-051/grid1000_seq12_tmax1e5_gh0p01_prefixes_remap40_newmodel_columns/column_0174.tsv
Copying file:///home/carterhinsley/MultimodalMaps.jl/kneading/experiment/attempt-051/grid1000_seq12_tmax1e5_gh0p01_prefixes_remap40_newmodel_columns/column_0175.tsv to gs://carter-kneading-attempt048/attempt-051/grid1000_seq12_tmax1e5_gh0p01_prefixes_remap40_newmodel_columns/column_0175.tsv
Copying file:///home/carterhinsley/MultimodalMaps.jl/kneading/experiment/attempt-051/grid1000_seq12_tmax1e5_gh0p01_prefixes_remap40_newmodel_columns/column_0176.tsv to gs://carter-kneading-attempt048/attempt-051/grid1000_seq12_tmax1e5_gh0p01_prefixes_remap40_newmodel_columns/column_0176.tsv
Copying file:///home/carterhinsley/MultimodalMaps.jl/kneading/experiment/attempt-051/grid1000_seq12_tmax1e5_gh0p01_prefixes_remap40_newmodel_columns/column_0177.tsv to gs://carter-kneading-attempt048/attempt-051/grid1000_seq12_tmax1e5_gh0p01_prefixes_remap40_newmodel_columns/column_0177.tsv
Copying file:///home/carterhinsley/MultimodalMaps.jl/kneading/experiment/attempt-051/grid1000_seq12_tmax1e5_gh0p01_prefixes_remap40_newmodel_columns/column_0178.tsv to gs://carter-kneading-attempt048/attempt-051/grid1000_seq12_tmax1e5_gh0p01_prefixes_remap40_newmodel_columns/column_0178.tsv
Copying file:///home/carterhinsley/MultimodalMaps.jl/kneading/experiment/attempt-051/grid1000_seq12_tmax1e5_gh0p01_prefixes_remap40_newmodel_columns/column_0179.tsv to gs://carter-kneading-attempt048/attempt-051/grid1000_seq12_tmax1e5_gh0p01_prefixes_remap40_newmodel_columns/column_0179.tsv
Copying file:///home/carterhinsley/MultimodalMaps.jl/kneading/experiment/attempt-051/grid1000_seq12_tmax1e5_gh0p01_prefixes_remap40_newmodel_columns/column_0180.tsv to gs://carter-kneading-attempt048/attempt-051/grid1000_seq12_tmax1e5_gh0p01_prefixes_remap40_newmodel_columns/column_0180.tsv
Copying file:///home/carterhinsley/MultimodalMaps.jl/kneading/experiment/attempt-051/grid1000_seq12_tmax1e5_gh0p01_prefixes_remap40_newmodel_columns/column_0181.tsv to gs://carter-kneading-attempt048/attempt-051/grid1000_seq12_tmax1e5_gh0p01_prefixes_remap40_newmodel_columns/column_0181.tsv
Copying file:///home/carterhinsley/MultimodalMaps.jl/kneading/experiment/attempt-051/grid1000_seq12_tmax1e5_gh0p01_prefixes_remap40_newmodel_columns/column_0182.tsv to gs://carter-kneading-attempt048/attempt-051/grid1000_seq12_tmax1e5_gh0p01_prefixes_remap40_newmodel_columns/column_0182.tsv
Copying file:///home/carterhinsley/MultimodalMaps.jl/kneading/experiment/attempt-051/grid1000_seq12_tmax1e5_gh0p01_prefixes_remap40_newmodel_columns/column_0183.tsv to gs://carter-kneading-attempt048/attempt-051/grid1000_seq12_tmax1e5_gh0p01_prefixes_remap40_newmodel_columns/column_0183.tsv
Copying file:///home/carterhinsley/MultimodalMaps.jl/kneading/experiment/attempt-051/grid1000_seq12_tmax1e5_gh0p01_prefixes_remap40_newmodel_columns/column_0184.tsv to gs://carter-kneading-attempt048/attempt-051/grid1000_seq12_tmax1e5_gh0p01_prefixes_remap40_newmodel_columns/column_0184.tsv
Copying file:///home/carterhinsley/MultimodalMaps.jl/kneading/experiment/attempt-051/grid1000_seq12_tmax1e5_gh0p01_prefixes_remap40_newmodel_columns/column_0185.tsv to gs://carter-kneading-attempt048/attempt-051/grid1000_seq12_tmax1e5_gh0p01_prefixes_remap40_newmodel_columns/column_0185.tsv
Copying file:///home/carterhinsley/MultimodalMaps.jl/kneading/experiment/attempt-051/grid1000_seq12_tmax1e5_gh0p01_prefixes_remap40_newmodel_columns/column_0186.tsv to gs://carter-kneading-attempt048/attempt-051/grid1000_seq12_tmax1e5_gh0p01_prefixes_remap40_newmodel_columns/column_0186.tsv
Copying file:///home/carterhinsley/MultimodalMaps.jl/kneading/experiment/attempt-051/grid1000_seq12_tmax1e5_gh0p01_prefixes_remap40_newmodel_columns/column_0187.tsv to gs://carter-kneading-attempt048/attempt-051/grid1000_seq12_tmax1e5_gh0p01_prefixes_remap40_newmodel_columns/column_0187.tsv
Copying file:///home/carterhinsley/MultimodalMaps.jl/kneading/experiment/attempt-051/grid1000_seq12_tmax1e5_gh0p01_prefixes_remap40_newmodel_columns/column_0188.tsv to gs://carter-kneading-attempt048/attempt-051/grid1000_seq12_tmax1e5_gh0p01_prefixes_remap40_newmodel_columns/column_0188.tsv
Copying file:///home/carterhinsley/MultimodalMaps.jl/kneading/experiment/attempt-051/grid1000_seq12_tmax1e5_gh0p01_prefixes_remap40_newmodel_columns/column_0189.tsv to gs://carter-kneading-attempt048/attempt-051/grid1000_seq12_tmax1e5_gh0p01_prefixes_remap40_newmodel_columns/column_0189.tsv
Copying file:///home/carterhinsley/MultimodalMaps.jl/kneading/experiment/attempt-051/grid1000_seq12_tmax1e5_gh0p01_prefixes_remap40_newmodel_columns/column_0190.tsv to gs://carter-kneading-attempt048/attempt-051/grid1000_seq12_tmax1e5_gh0p01_prefixes_remap40_newmodel_columns/column_0190.tsv
Copying file:///home/carterhinsley/MultimodalMaps.jl/kneading/experiment/attempt-051/grid1000_seq12_tmax1e5_gh0p01_prefixes_remap40_newmodel_columns/column_0191.tsv to gs://carter-kneading-attempt048/attempt-051/grid1000_seq12_tmax1e5_gh0p01_prefixes_remap40_newmodel_columns/column_0191.tsv
Copying file:///home/carterhinsley/MultimodalMaps.jl/kneading/experiment/attempt-051/grid1000_seq12_tmax1e5_gh0p01_prefixes_remap40_newmodel_columns/column_0192.tsv to gs://carter-kneading-attempt048/attempt-051/grid1000_seq12_tmax1e5_gh0p01_prefixes_remap40_newmodel_columns/column_0192.tsv
Copying file:///home/carterhinsley/MultimodalMaps.jl/kneading/experiment/attempt-051/grid1000_seq12_tmax1e5_gh0p01_prefixes_remap40_newmodel_columns/column_0193.tsv to gs://carter-kneading-attempt048/attempt-051/grid1000_seq12_tmax1e5_gh0p01_prefixes_remap40_newmodel_columns/column_0193.tsv
Copying file:///home/carterhinsley/MultimodalMaps.jl/kneading/experiment/attempt-051/grid1000_seq12_tmax1e5_gh0p01_prefixes_remap40_newmodel_columns/column_0194.tsv to gs://carter-kneading-attempt048/attempt-051/grid1000_seq12_tmax1e5_gh0p01_prefixes_remap40_newmodel_columns/column_0194.tsv
Copying file:///home/carterhinsley/MultimodalMaps.jl/kneading/experiment/attempt-051/grid1000_seq12_tmax1e5_gh0p01_prefixes_remap40_newmodel_columns/column_0195.tsv to gs://carter-kneading-attempt048/attempt-051/grid1000_seq12_tmax1e5_gh0p01_prefixes_remap40_newmodel_columns/column_0195.tsv
Copying file:///home/carterhinsley/MultimodalMaps.jl/kneading/experiment/attempt-051/grid1000_seq12_tmax1e5_gh0p01_prefixes_remap40_newmodel_columns/column_0196.tsv to gs://carter-kneading-attempt048/attempt-051/grid1000_seq12_tmax1e5_gh0p01_prefixes_remap40_newmodel_columns/column_0196.tsv
Copying file:///home/carterhinsley/MultimodalMaps.jl/kneading/experiment/attempt-051/grid1000_seq12_tmax1e5_gh0p01_prefixes_remap40_newmodel_columns/column_0197.tsv to gs://carter-kneading-attempt048/attempt-051/grid1000_seq12_tmax1e5_gh0p01_prefixes_remap40_newmodel_columns/column_0197.tsv
Copying file:///home/carterhinsley/MultimodalMaps.jl/kneading/experiment/attempt-051/grid1000_seq12_tmax1e5_gh0p01_prefixes_remap40_newmodel_columns/column_0198.tsv to gs://carter-kneading-attempt048/attempt-051/grid1000_seq12_tmax1e5_gh0p01_prefixes_remap40_newmodel_columns/column_0198.tsv
Copying file:///home/carterhinsley/MultimodalMaps.jl/kneading/experiment/attempt-051/grid1000_seq12_tmax1e5_gh0p01_prefixes_remap40_newmodel_columns/column_0199.tsv to gs://carter-kneading-attempt048/attempt-051/grid1000_seq12_tmax1e5_gh0p01_prefixes_remap40_newmodel_columns/column_0199.tsv
Copying file:///home/carterhinsley/MultimodalMaps.jl/kneading/experiment/attempt-051/grid1000_seq12_tmax1e5_gh0p01_prefixes_remap40_newmodel_columns/column_0200.tsv to gs://carter-kneading-attempt048/attempt-051/grid1000_seq12_tmax1e5_gh0p01_prefixes_remap40_newmodel_columns/column_0200.tsv
Copying file:///home/carterhinsley/MultimodalMaps.jl/kneading/experiment/attempt-051/grid1000_seq12_tmax1e5_gh0p01_prefixes_remap40_newmodel_columns/column_0201.tsv to gs://carter-kneading-attempt048/attempt-051/grid1000_seq12_tmax1e5_gh0p01_prefixes_remap40_newmodel_columns/column_0201.tsv
Copying file:///home/carterhinsley/MultimodalMaps.jl/kneading/experiment/attempt-051/grid1000_seq12_tmax1e5_gh0p01_prefixes_remap40_newmodel_columns/column_0202.tsv to gs://carter-kneading-attempt048/attempt-051/grid1000_seq12_tmax1e5_gh0p01_prefixes_remap40_newmodel_columns/column_0202.tsv
Copying file:///home/carterhinsley/MultimodalMaps.jl/kneading/experiment/attempt-051/grid1000_seq12_tmax1e5_gh0p01_prefixes_remap40_newmodel_columns/column_0203.tsv to gs://carter-kneading-attempt048/attempt-051/grid1000_seq12_tmax1e5_gh0p01_prefixes_remap40_newmodel_columns/column_0203.tsv
Copying file:///home/carterhinsley/MultimodalMaps.jl/kneading/experiment/attempt-051/grid1000_seq12_tmax1e5_gh0p01_prefixes_remap40_newmodel_columns/column_0204.tsv to gs://carter-kneading-attempt048/attempt-051/grid1000_seq12_tmax1e5_gh0p01_prefixes_remap40_newmodel_columns/column_0204.tsv
Copying file:///home/carterhinsley/MultimodalMaps.jl/kneading/experiment/attempt-051/grid1000_seq12_tmax1e5_gh0p01_prefixes_remap40_newmodel_columns/column_0205.tsv to gs://carter-kneading-attempt048/attempt-051/grid1000_seq12_tmax1e5_gh0p01_prefixes_remap40_newmodel_columns/column_0205.tsv
Copying file:///home/carterhinsley/MultimodalMaps.jl/kneading/experiment/attempt-051/grid1000_seq12_tmax1e5_gh0p01_prefixes_remap40_newmodel_columns/column_0206.tsv to gs://carter-kneading-attempt048/attempt-051/grid1000_seq12_tmax1e5_gh0p01_prefixes_remap40_newmodel_columns/column_0206.tsv
Copying file:///home/carterhinsley/MultimodalMaps.jl/kneading/experiment/attempt-051/grid1000_seq12_tmax1e5_gh0p01_prefixes_remap40_newmodel_columns/column_0207.tsv to gs://carter-kneading-attempt048/attempt-051/grid1000_seq12_tmax1e5_gh0p01_prefixes_remap40_newmodel_columns/column_0207.tsv
Copying file:///home/carterhinsley/MultimodalMaps.jl/kneading/experiment/attempt-051/grid1000_seq12_tmax1e5_gh0p01_prefixes_remap40_newmodel_columns/column_0208.tsv to gs://carter-kneading-attempt048/attempt-051/grid1000_seq12_tmax1e5_gh0p01_prefixes_remap40_newmodel_columns/column_0208.tsv
Copying file:///home/carterhinsley/MultimodalMaps.jl/kneading/experiment/attempt-051/grid1000_seq12_tmax1e5_gh0p01_prefixes_remap40_newmodel_columns/column_0209.tsv to gs://carter-kneading-attempt048/attempt-051/grid1000_seq12_tmax1e5_gh0p01_prefixes_remap40_newmodel_columns/column_0209.tsv
Copying file:///home/carterhinsley/MultimodalMaps.jl/kneading/experiment/attempt-051/grid1000_seq12_tmax1e5_gh0p01_prefixes_remap40_newmodel_columns/column_0210.tsv to gs://carter-kneading-attempt048/attempt-051/grid1000_seq12_tmax1e5_gh0p01_prefixes_remap40_newmodel_columns/column_0210.tsv
Copying file:///home/carterhinsley/MultimodalMaps.jl/kneading/experiment/attempt-051/grid1000_seq12_tmax1e5_gh0p01_prefixes_remap40_newmodel_columns/column_0211.tsv to gs://carter-kneading-attempt048/attempt-051/grid1000_seq12_tmax1e5_gh0p01_prefixes_remap40_newmodel_columns/column_0211.tsv
Copying file:///home/carterhinsley/MultimodalMaps.jl/kneading/experiment/attempt-051/grid1000_seq12_tmax1e5_gh0p01_prefixes_remap40_newmodel_columns/column_0212.tsv to gs://carter-kneading-attempt048/attempt-051/grid1000_seq12_tmax1e5_gh0p01_prefixes_remap40_newmodel_columns/column_0212.tsv
Copying file:///home/carterhinsley/MultimodalMaps.jl/kneading/experiment/attempt-051/grid1000_seq12_tmax1e5_gh0p01_prefixes_remap40_newmodel_columns/column_0213.tsv to gs://carter-kneading-attempt048/attempt-051/grid1000_seq12_tmax1e5_gh0p01_prefixes_remap40_newmodel_columns/column_0213.tsv
Copying file:///home/carterhinsley/MultimodalMaps.jl/kneading/experiment/attempt-051/grid1000_seq12_tmax1e5_gh0p01_prefixes_remap40_newmodel_columns/column_0214.tsv to gs://carter-kneading-attempt048/attempt-051/grid1000_seq12_tmax1e5_gh0p01_prefixes_remap40_newmodel_columns/column_0214.tsv
Copying file:///home/carterhinsley/MultimodalMaps.jl/kneading/experiment/attempt-051/grid1000_seq12_tmax1e5_gh0p01_prefixes_remap40_newmodel_columns/column_0215.tsv to gs://carter-kneading-attempt048/attempt-051/grid1000_seq12_tmax1e5_gh0p01_prefixes_remap40_newmodel_columns/column_0215.tsv
Copying file:///home/carterhinsley/MultimodalMaps.jl/kneading/experiment/attempt-051/grid1000_seq12_tmax1e5_gh0p01_prefixes_remap40_newmodel_columns/column_0216.tsv to gs://carter-kneading-attempt048/attempt-051/grid1000_seq12_tmax1e5_gh0p01_prefixes_remap40_newmodel_columns/column_0216.tsv
Copying file:///home/carterhinsley/MultimodalMaps.jl/kneading/experiment/attempt-051/grid1000_seq12_tmax1e5_gh0p01_prefixes_remap40_newmodel_columns/column_0217.tsv to gs://carter-kneading-attempt048/attempt-051/grid1000_seq12_tmax1e5_gh0p01_prefixes_remap40_newmodel_columns/column_0217.tsv
Copying file:///home/carterhinsley/MultimodalMaps.jl/kneading/experiment/attempt-051/grid1000_seq12_tmax1e5_gh0p01_prefixes_remap40_newmodel_columns/column_0218.tsv to gs://carter-kneading-attempt048/attempt-051/grid1000_seq12_tmax1e5_gh0p01_prefixes_remap40_newmodel_columns/column_0218.tsv
Copying file:///home/carterhinsley/MultimodalMaps.jl/kneading/experiment/attempt-051/grid1000_seq12_tmax1e5_gh0p01_prefixes_remap40_newmodel_columns/column_0219.tsv to gs://carter-kneading-attempt048/attempt-051/grid1000_seq12_tmax1e5_gh0p01_prefixes_remap40_newmodel_columns/column_0219.tsv
Copying file:///home/carterhinsley/MultimodalMaps.jl/kneading/experiment/attempt-051/grid1000_seq12_tmax1e5_gh0p01_prefixes_remap40_newmodel_columns/column_0220.tsv to gs://carter-kneading-attempt048/attempt-051/grid1000_seq12_tmax1e5_gh0p01_prefixes_remap40_newmodel_columns/column_0220.tsv
Copying file:///home/carterhinsley/MultimodalMaps.jl/kneading/experiment/attempt-051/grid1000_seq12_tmax1e5_gh0p01_prefixes_remap40_newmodel_columns/column_0221.tsv to gs://carter-kneading-attempt048/attempt-051/grid1000_seq12_tmax1e5_gh0p01_prefixes_remap40_newmodel_columns/column_0221.tsv
Copying file:///home/carterhinsley/MultimodalMaps.jl/kneading/experiment/attempt-051/grid1000_seq12_tmax1e5_gh0p01_prefixes_remap40_newmodel_columns/column_0222.tsv to gs://carter-kneading-attempt048/attempt-051/grid1000_seq12_tmax1e5_gh0p01_prefixes_remap40_newmodel_columns/column_0222.tsv
Copying file:///home/carterhinsley/MultimodalMaps.jl/kneading/experiment/attempt-051/grid1000_seq12_tmax1e5_gh0p01_prefixes_remap40_newmodel_columns/column_0223.tsv to gs://carter-kneading-attempt048/attempt-051/grid1000_seq12_tmax1e5_gh0p01_prefixes_remap40_newmodel_columns/column_0223.tsv
Copying file:///home/carterhinsley/MultimodalMaps.jl/kneading/experiment/attempt-051/grid1000_seq12_tmax1e5_gh0p01_prefixes_remap40_newmodel_columns/column_0224.tsv to gs://carter-kneading-attempt048/attempt-051/grid1000_seq12_tmax1e5_gh0p01_prefixes_remap40_newmodel_columns/column_0224.tsv
Copying file:///home/carterhinsley/MultimodalMaps.jl/kneading/experiment/attempt-051/grid1000_seq12_tmax1e5_gh0p01_prefixes_remap40_newmodel_columns/column_0225.tsv to gs://carter-kneading-attempt048/attempt-051/grid1000_seq12_tmax1e5_gh0p01_prefixes_remap40_newmodel_columns/column_0225.tsv
Copying file:///home/carterhinsley/MultimodalMaps.jl/kneading/experiment/attempt-051/grid1000_seq12_tmax1e5_gh0p01_prefixes_remap40_newmodel_columns/column_0226.tsv to gs://carter-kneading-attempt048/attempt-051/grid1000_seq12_tmax1e5_gh0p01_prefixes_remap40_newmodel_columns/column_0226.tsv
Copying file:///home/carterhinsley/MultimodalMaps.jl/kneading/experiment/attempt-051/grid1000_seq12_tmax1e5_gh0p01_prefixes_remap40_newmodel_columns/column_0227.tsv to gs://carter-kneading-attempt048/attempt-051/grid1000_seq12_tmax1e5_gh0p01_prefixes_remap40_newmodel_columns/column_0227.tsv
Copying file:///home/carterhinsley/MultimodalMaps.jl/kneading/experiment/attempt-051/grid1000_seq12_tmax1e5_gh0p01_prefixes_remap40_newmodel_columns/column_0228.tsv to gs://carter-kneading-attempt048/attempt-051/grid1000_seq12_tmax1e5_gh0p01_prefixes_remap40_newmodel_columns/column_0228.tsv
Copying file:///home/carterhinsley/MultimodalMaps.jl/kneading/experiment/attempt-051/grid1000_seq12_tmax1e5_gh0p01_prefixes_remap40_newmodel_columns/column_0229.tsv to gs://carter-kneading-attempt048/attempt-051/grid1000_seq12_tmax1e5_gh0p01_prefixes_remap40_newmodel_columns/column_0229.tsv
Copying file:///home/carterhinsley/MultimodalMaps.jl/kneading/experiment/attempt-051/grid1000_seq12_tmax1e5_gh0p01_prefixes_remap40_newmodel_columns/column_0230.tsv to gs://carter-kneading-attempt048/attempt-051/grid1000_seq12_tmax1e5_gh0p01_prefixes_remap40_newmodel_columns/column_0230.tsv
Copying file:///home/carterhinsley/MultimodalMaps.jl/kneading/experiment/attempt-051/grid1000_seq12_tmax1e5_gh0p01_prefixes_remap40_newmodel_columns/column_0231.tsv to gs://carter-kneading-attempt048/attempt-051/grid1000_seq12_tmax1e5_gh0p01_prefixes_remap40_newmodel_columns/column_0231.tsv
Copying file:///home/carterhinsley/MultimodalMaps.jl/kneading/experiment/attempt-051/grid1000_seq12_tmax1e5_gh0p01_prefixes_remap40_newmodel_columns/column_0232.tsv to gs://carter-kneading-attempt048/attempt-051/grid1000_seq12_tmax1e5_gh0p01_prefixes_remap40_newmodel_columns/column_0232.tsv
Copying file:///home/carterhinsley/MultimodalMaps.jl/kneading/experiment/attempt-051/grid1000_seq12_tmax1e5_gh0p01_prefixes_remap40_newmodel_columns/column_0233.tsv to gs://carter-kneading-attempt048/attempt-051/grid1000_seq12_tmax1e5_gh0p01_prefixes_remap40_newmodel_columns/column_0233.tsv
Copying file:///home/carterhinsley/MultimodalMaps.jl/kneading/experiment/attempt-051/grid1000_seq12_tmax1e5_gh0p01_prefixes_remap40_newmodel_columns/column_0234.tsv to gs://carter-kneading-attempt048/attempt-051/grid1000_seq12_tmax1e5_gh0p01_prefixes_remap40_newmodel_columns/column_0234.tsv
Copying file:///home/carterhinsley/MultimodalMaps.jl/kneading/experiment/attempt-051/grid1000_seq12_tmax1e5_gh0p01_prefixes_remap40_newmodel_columns/column_0235.tsv to gs://carter-kneading-attempt048/attempt-051/grid1000_seq12_tmax1e5_gh0p01_prefixes_remap40_newmodel_columns/column_0235.tsv
Copying file:///home/carterhinsley/MultimodalMaps.jl/kneading/experiment/attempt-051/grid1000_seq12_tmax1e5_gh0p01_prefixes_remap40_newmodel_columns/column_0236.tsv to gs://carter-kneading-attempt048/attempt-051/grid1000_seq12_tmax1e5_gh0p01_prefixes_remap40_newmodel_columns/column_0236.tsv
Copying file:///home/carterhinsley/MultimodalMaps.jl/kneading/experiment/attempt-051/grid1000_seq12_tmax1e5_gh0p01_prefixes_remap40_newmodel_columns/column_0237.tsv to gs://carter-kneading-attempt048/attempt-051/grid1000_seq12_tmax1e5_gh0p01_prefixes_remap40_newmodel_columns/column_0237.tsv
Copying file:///home/carterhinsley/MultimodalMaps.jl/kneading/experiment/attempt-051/grid1000_seq12_tmax1e5_gh0p01_prefixes_remap40_newmodel_columns/column_0238.tsv to gs://carter-kneading-attempt048/attempt-051/grid1000_seq12_tmax1e5_gh0p01_prefixes_remap40_newmodel_columns/column_0238.tsv
Copying file:///home/carterhinsley/MultimodalMaps.jl/kneading/experiment/attempt-051/grid1000_seq12_tmax1e5_gh0p01_prefixes_remap40_newmodel_columns/column_0239.tsv to gs://carter-kneading-attempt048/attempt-051/grid1000_seq12_tmax1e5_gh0p01_prefixes_remap40_newmodel_columns/column_0239.tsv
Copying file:///home/carterhinsley/MultimodalMaps.jl/kneading/experiment/attempt-051/grid1000_seq12_tmax1e5_gh0p01_prefixes_remap40_newmodel_columns/column_0240.tsv to gs://carter-kneading-attempt048/attempt-051/grid1000_seq12_tmax1e5_gh0p01_prefixes_remap40_newmodel_columns/column_0240.tsv
Copying file:///home/carterhinsley/MultimodalMaps.jl/kneading/experiment/attempt-051/grid1000_seq12_tmax1e5_gh0p01_prefixes_remap40_newmodel_columns/column_0241.tsv to gs://carter-kneading-attempt048/attempt-051/grid1000_seq12_tmax1e5_gh0p01_prefixes_remap40_newmodel_columns/column_0241.tsv
Copying file:///home/carterhinsley/MultimodalMaps.jl/kneading/experiment/attempt-051/grid1000_seq12_tmax1e5_gh0p01_prefixes_remap40_newmodel_columns/column_0242.tsv to gs://carter-kneading-attempt048/attempt-051/grid1000_seq12_tmax1e5_gh0p01_prefixes_remap40_newmodel_columns/column_0242.tsv
Copying file:///home/carterhinsley/MultimodalMaps.jl/kneading/experiment/attempt-051/grid1000_seq12_tmax1e5_gh0p01_prefixes_remap40_newmodel_columns/column_0243.tsv to gs://carter-kneading-attempt048/attempt-051/grid1000_seq12_tmax1e5_gh0p01_prefixes_remap40_newmodel_columns/column_0243.tsv
Copying file:///home/carterhinsley/MultimodalMaps.jl/kneading/experiment/attempt-051/grid1000_seq12_tmax1e5_gh0p01_prefixes_remap40_newmodel_columns/column_0244.tsv to gs://carter-kneading-attempt048/attempt-051/grid1000_seq12_tmax1e5_gh0p01_prefixes_remap40_newmodel_columns/column_0244.tsv
Copying file:///home/carterhinsley/MultimodalMaps.jl/kneading/experiment/attempt-051/grid1000_seq12_tmax1e5_gh0p01_prefixes_remap40_newmodel_columns/column_0245.tsv to gs://carter-kneading-attempt048/attempt-051/grid1000_seq12_tmax1e5_gh0p01_prefixes_remap40_newmodel_columns/column_0245.tsv
Copying file:///home/carterhinsley/MultimodalMaps.jl/kneading/experiment/attempt-051/grid1000_seq12_tmax1e5_gh0p01_prefixes_remap40_newmodel_columns/column_0246.tsv to gs://carter-kneading-attempt048/attempt-051/grid1000_seq12_tmax1e5_gh0p01_prefixes_remap40_newmodel_columns/column_0246.tsv
Copying file:///home/carterhinsley/MultimodalMaps.jl/kneading/experiment/attempt-051/grid1000_seq12_tmax1e5_gh0p01_prefixes_remap40_newmodel_columns/column_0247.tsv to gs://carter-kneading-attempt048/attempt-051/grid1000_seq12_tmax1e5_gh0p01_prefixes_remap40_newmodel_columns/column_0247.tsv
Copying file:///home/carterhinsley/MultimodalMaps.jl/kneading/experiment/attempt-051/grid1000_seq12_tmax1e5_gh0p01_prefixes_remap40_newmodel_columns/column_0248.tsv to gs://carter-kneading-attempt048/attempt-051/grid1000_seq12_tmax1e5_gh0p01_prefixes_remap40_newmodel_columns/column_0248.tsv
Copying file:///home/carterhinsley/MultimodalMaps.jl/kneading/experiment/attempt-051/grid1000_seq12_tmax1e5_gh0p01_prefixes_remap40_newmodel_columns/column_0249.tsv to gs://carter-kneading-attempt048/attempt-051/grid1000_seq12_tmax1e5_gh0p01_prefixes_remap40_newmodel_columns/column_0249.tsv
Copying file:///home/carterhinsley/MultimodalMaps.jl/kneading/experiment/attempt-051/grid1000_seq12_tmax1e5_gh0p01_prefixes_remap40_newmodel_columns/column_0250.tsv to gs://carter-kneading-attempt048/attempt-051/grid1000_seq12_tmax1e5_gh0p01_prefixes_remap40_newmodel_columns/column_0250.tsv
Copying file:///home/carterhinsley/MultimodalMaps.jl/kneading/experiment/attempt-051/grid1000_seq12_tmax1e5_gh0p01_prefixes_remap40_newmodel_columns/column_0251.tsv to gs://carter-kneading-attempt048/attempt-051/grid1000_seq12_tmax1e5_gh0p01_prefixes_remap40_newmodel_columns/column_0251.tsv
Copying file:///home/carterhinsley/MultimodalMaps.jl/kneading/experiment/attempt-051/grid1000_seq12_tmax1e5_gh0p01_prefixes_remap40_newmodel_columns/column_0252.tsv to gs://carter-kneading-attempt048/attempt-051/grid1000_seq12_tmax1e5_gh0p01_prefixes_remap40_newmodel_columns/column_0252.tsv
Copying file:///home/carterhinsley/MultimodalMaps.jl/kneading/experiment/attempt-051/grid1000_seq12_tmax1e5_gh0p01_prefixes_remap40_newmodel_columns/column_0253.tsv to gs://carter-kneading-attempt048/attempt-051/grid1000_seq12_tmax1e5_gh0p01_prefixes_remap40_newmodel_columns/column_0253.tsv
Copying file:///home/carterhinsley/MultimodalMaps.jl/kneading/experiment/attempt-051/grid1000_seq12_tmax1e5_gh0p01_prefixes_remap40_newmodel_columns/column_0254.tsv to gs://carter-kneading-attempt048/attempt-051/grid1000_seq12_tmax1e5_gh0p01_prefixes_remap40_newmodel_columns/column_0254.tsv
Copying file:///home/carterhinsley/MultimodalMaps.jl/kneading/experiment/attempt-051/grid1000_seq12_tmax1e5_gh0p01_prefixes_remap40_newmodel_columns/column_0255.tsv to gs://carter-kneading-attempt048/attempt-051/grid1000_seq12_tmax1e5_gh0p01_prefixes_remap40_newmodel_columns/column_0255.tsv
Copying file:///home/carterhinsley/MultimodalMaps.jl/kneading/experiment/attempt-051/grid1000_seq12_tmax1e5_gh0p01_prefixes_remap40_newmodel_columns/column_0256.tsv to gs://carter-kneading-attempt048/attempt-051/grid1000_seq12_tmax1e5_gh0p01_prefixes_remap40_newmodel_columns/column_0256.tsv
Copying file:///home/carterhinsley/MultimodalMaps.jl/kneading/experiment/attempt-051/grid1000_seq12_tmax1e5_gh0p01_prefixes_remap40_newmodel_columns/column_0257.tsv to gs://carter-kneading-attempt048/attempt-051/grid1000_seq12_tmax1e5_gh0p01_prefixes_remap40_newmodel_columns/column_0257.tsv
Copying file:///home/carterhinsley/MultimodalMaps.jl/kneading/experiment/attempt-051/grid1000_seq12_tmax1e5_gh0p01_prefixes_remap40_newmodel_columns/column_0258.tsv to gs://carter-kneading-attempt048/attempt-051/grid1000_seq12_tmax1e5_gh0p01_prefixes_remap40_newmodel_columns/column_0258.tsv
Copying file:///home/carterhinsley/MultimodalMaps.jl/kneading/experiment/attempt-051/grid1000_seq12_tmax1e5_gh0p01_prefixes_remap40_newmodel_columns/column_0259.tsv to gs://carter-kneading-attempt048/attempt-051/grid1000_seq12_tmax1e5_gh0p01_prefixes_remap40_newmodel_columns/column_0259.tsv
Copying file:///home/carterhinsley/MultimodalMaps.jl/kneading/experiment/attempt-051/grid1000_seq12_tmax1e5_gh0p01_prefixes_remap40_newmodel_columns/column_0260.tsv to gs://carter-kneading-attempt048/attempt-051/grid1000_seq12_tmax1e5_gh0p01_prefixes_remap40_newmodel_columns/column_0260.tsv
Copying file:///home/carterhinsley/MultimodalMaps.jl/kneading/experiment/attempt-051/grid1000_seq12_tmax1e5_gh0p01_prefixes_remap40_newmodel_columns/column_0261.tsv to gs://carter-kneading-attempt048/attempt-051/grid1000_seq12_tmax1e5_gh0p01_prefixes_remap40_newmodel_columns/column_0261.tsv
Copying file:///home/carterhinsley/MultimodalMaps.jl/kneading/experiment/attempt-051/grid1000_seq12_tmax1e5_gh0p01_prefixes_remap40_newmodel_columns/column_0262.tsv to gs://carter-kneading-attempt048/attempt-051/grid1000_seq12_tmax1e5_gh0p01_prefixes_remap40_newmodel_columns/column_0262.tsv
Copying file:///home/carterhinsley/MultimodalMaps.jl/kneading/experiment/attempt-051/grid1000_seq12_tmax1e5_gh0p01_prefixes_remap40_newmodel_columns/column_0263.tsv to gs://carter-kneading-attempt048/attempt-051/grid1000_seq12_tmax1e5_gh0p01_prefixes_remap40_newmodel_columns/column_0263.tsv
Copying file:///home/carterhinsley/MultimodalMaps.jl/kneading/experiment/attempt-051/grid1000_seq12_tmax1e5_gh0p01_prefixes_remap40_newmodel_columns/column_0264.tsv to gs://carter-kneading-attempt048/attempt-051/grid1000_seq12_tmax1e5_gh0p01_prefixes_remap40_newmodel_columns/column_0264.tsv
Copying file:///home/carterhinsley/MultimodalMaps.jl/kneading/experiment/attempt-051/grid1000_seq12_tmax1e5_gh0p01_prefixes_remap40_newmodel_columns/column_0265.tsv to gs://carter-kneading-attempt048/attempt-051/grid1000_seq12_tmax1e5_gh0p01_prefixes_remap40_newmodel_columns/column_0265.tsv
Copying file:///home/carterhinsley/MultimodalMaps.jl/kneading/experiment/attempt-051/grid1000_seq12_tmax1e5_gh0p01_prefixes_remap40_newmodel_columns/column_0266.tsv to gs://carter-kneading-attempt048/attempt-051/grid1000_seq12_tmax1e5_gh0p01_prefixes_remap40_newmodel_columns/column_0266.tsv
Copying file:///home/carterhinsley/MultimodalMaps.jl/kneading/experiment/attempt-051/grid1000_seq12_tmax1e5_gh0p01_prefixes_remap40_newmodel_columns/column_0267.tsv to gs://carter-kneading-attempt048/attempt-051/grid1000_seq12_tmax1e5_gh0p01_prefixes_remap40_newmodel_columns/column_0267.tsv
Copying file:///home/carterhinsley/MultimodalMaps.jl/kneading/experiment/attempt-051/grid1000_seq12_tmax1e5_gh0p01_prefixes_remap40_newmodel_columns/column_0268.tsv to gs://carter-kneading-attempt048/attempt-051/grid1000_seq12_tmax1e5_gh0p01_prefixes_remap40_newmodel_columns/column_0268.tsv
Copying file:///home/carterhinsley/MultimodalMaps.jl/kneading/experiment/attempt-051/grid1000_seq12_tmax1e5_gh0p01_prefixes_remap40_newmodel_columns/column_0269.tsv to gs://carter-kneading-attempt048/attempt-051/grid1000_seq12_tmax1e5_gh0p01_prefixes_remap40_newmodel_columns/column_0269.tsv
Copying file:///home/carterhinsley/MultimodalMaps.jl/kneading/experiment/attempt-051/grid1000_seq12_tmax1e5_gh0p01_prefixes_remap40_newmodel_columns/column_0270.tsv to gs://carter-kneading-attempt048/attempt-051/grid1000_seq12_tmax1e5_gh0p01_prefixes_remap40_newmodel_columns/column_0270.tsv
Copying file:///home/carterhinsley/MultimodalMaps.jl/kneading/experiment/attempt-051/grid1000_seq12_tmax1e5_gh0p01_prefixes_remap40_newmodel_columns/column_0271.tsv to gs://carter-kneading-attempt048/attempt-051/grid1000_seq12_tmax1e5_gh0p01_prefixes_remap40_newmodel_columns/column_0271.tsv
Copying file:///home/carterhinsley/MultimodalMaps.jl/kneading/experiment/attempt-051/grid1000_seq12_tmax1e5_gh0p01_prefixes_remap40_newmodel_columns/column_0272.tsv to gs://carter-kneading-attempt048/attempt-051/grid1000_seq12_tmax1e5_gh0p01_prefixes_remap40_newmodel_columns/column_0272.tsv
Copying file:///home/carterhinsley/MultimodalMaps.jl/kneading/experiment/attempt-051/grid1000_seq12_tmax1e5_gh0p01_prefixes_remap40_newmodel_columns/column_0273.tsv to gs://carter-kneading-attempt048/attempt-051/grid1000_seq12_tmax1e5_gh0p01_prefixes_remap40_newmodel_columns/column_0273.tsv
Copying file:///home/carterhinsley/MultimodalMaps.jl/kneading/experiment/attempt-051/grid1000_seq12_tmax1e5_gh0p01_prefixes_remap40_newmodel_columns/column_0274.tsv to gs://carter-kneading-attempt048/attempt-051/grid1000_seq12_tmax1e5_gh0p01_prefixes_remap40_newmodel_columns/column_0274.tsv
Copying file:///home/carterhinsley/MultimodalMaps.jl/kneading/experiment/attempt-051/grid1000_seq12_tmax1e5_gh0p01_prefixes_remap40_newmodel_columns/column_0275.tsv to gs://carter-kneading-attempt048/attempt-051/grid1000_seq12_tmax1e5_gh0p01_prefixes_remap40_newmodel_columns/column_0275.tsv
Copying file:///home/carterhinsley/MultimodalMaps.jl/kneading/experiment/attempt-051/grid1000_seq12_tmax1e5_gh0p01_prefixes_remap40_newmodel_columns/column_0276.tsv to gs://carter-kneading-attempt048/attempt-051/grid1000_seq12_tmax1e5_gh0p01_prefixes_remap40_newmodel_columns/column_0276.tsv
Copying file:///home/carterhinsley/MultimodalMaps.jl/kneading/experiment/attempt-051/grid1000_seq12_tmax1e5_gh0p01_prefixes_remap40_newmodel_columns/column_0277.tsv to gs://carter-kneading-attempt048/attempt-051/grid1000_seq12_tmax1e5_gh0p01_prefixes_remap40_newmodel_columns/column_0277.tsv
Copying file:///home/carterhinsley/MultimodalMaps.jl/kneading/experiment/attempt-051/grid1000_seq12_tmax1e5_gh0p01_prefixes_remap40_newmodel_columns/column_0278.tsv to gs://carter-kneading-attempt048/attempt-051/grid1000_seq12_tmax1e5_gh0p01_prefixes_remap40_newmodel_columns/column_0278.tsv
Copying file:///home/carterhinsley/MultimodalMaps.jl/kneading/experiment/attempt-051/grid1000_seq12_tmax1e5_gh0p01_prefixes_remap40_newmodel_columns/column_0279.tsv to gs://carter-kneading-attempt048/attempt-051/grid1000_seq12_tmax1e5_gh0p01_prefixes_remap40_newmodel_columns/column_0279.tsv
Copying file:///home/carterhinsley/MultimodalMaps.jl/kneading/experiment/attempt-051/grid1000_seq12_tmax1e5_gh0p01_prefixes_remap40_newmodel_columns/column_0280.tsv to gs://carter-kneading-attempt048/attempt-051/grid1000_seq12_tmax1e5_gh0p01_prefixes_remap40_newmodel_columns/column_0280.tsv
Copying file:///home/carterhinsley/MultimodalMaps.jl/kneading/experiment/attempt-051/grid1000_seq12_tmax1e5_gh0p01_prefixes_remap40_newmodel_columns/column_0281.tsv to gs://carter-kneading-attempt048/attempt-051/grid1000_seq12_tmax1e5_gh0p01_prefixes_remap40_newmodel_columns/column_0281.tsv
Copying file:///home/carterhinsley/MultimodalMaps.jl/kneading/experiment/attempt-051/grid1000_seq12_tmax1e5_gh0p01_prefixes_remap40_newmodel_columns/column_0282.tsv to gs://carter-kneading-attempt048/attempt-051/grid1000_seq12_tmax1e5_gh0p01_prefixes_remap40_newmodel_columns/column_0282.tsv
Copying file:///home/carterhinsley/MultimodalMaps.jl/kneading/experiment/attempt-051/grid1000_seq12_tmax1e5_gh0p01_prefixes_remap40_newmodel_columns/column_0283.tsv to gs://carter-kneading-attempt048/attempt-051/grid1000_seq12_tmax1e5_gh0p01_prefixes_remap40_newmodel_columns/column_0283.tsv
Copying file:///home/carterhinsley/MultimodalMaps.jl/kneading/experiment/attempt-051/grid1000_seq12_tmax1e5_gh0p01_prefixes_remap40_newmodel_columns/column_0284.tsv to gs://carter-kneading-attempt048/attempt-051/grid1000_seq12_tmax1e5_gh0p01_prefixes_remap40_newmodel_columns/column_0284.tsv
Copying file:///home/carterhinsley/MultimodalMaps.jl/kneading/experiment/attempt-051/grid1000_seq12_tmax1e5_gh0p01_prefixes_remap40_newmodel_columns/column_0285.tsv to gs://carter-kneading-attempt048/attempt-051/grid1000_seq12_tmax1e5_gh0p01_prefixes_remap40_newmodel_columns/column_0285.tsv
Copying file:///home/carterhinsley/MultimodalMaps.jl/kneading/experiment/attempt-051/grid1000_seq12_tmax1e5_gh0p01_prefixes_remap40_newmodel_columns/column_0286.tsv to gs://carter-kneading-attempt048/attempt-051/grid1000_seq12_tmax1e5_gh0p01_prefixes_remap40_newmodel_columns/column_0286.tsv
Copying file:///home/carterhinsley/MultimodalMaps.jl/kneading/experiment/attempt-051/grid1000_seq12_tmax1e5_gh0p01_prefixes_remap40_newmodel_columns/column_0287.tsv to gs://carter-kneading-attempt048/attempt-051/grid1000_seq12_tmax1e5_gh0p01_prefixes_remap40_newmodel_columns/column_0287.tsv
Copying file:///home/carterhinsley/MultimodalMaps.jl/kneading/experiment/attempt-051/grid1000_seq12_tmax1e5_gh0p01_prefixes_remap40_newmodel_columns/column_0288.tsv to gs://carter-kneading-attempt048/attempt-051/grid1000_seq12_tmax1e5_gh0p01_prefixes_remap40_newmodel_columns/column_0288.tsv
Copying file:///home/carterhinsley/MultimodalMaps.jl/kneading/experiment/attempt-051/grid1000_seq12_tmax1e5_gh0p01_prefixes_remap40_newmodel_columns/column_0289.tsv to gs://carter-kneading-attempt048/attempt-051/grid1000_seq12_tmax1e5_gh0p01_prefixes_remap40_newmodel_columns/column_0289.tsv
Copying file:///home/carterhinsley/MultimodalMaps.jl/kneading/experiment/attempt-051/grid1000_seq12_tmax1e5_gh0p01_prefixes_remap40_newmodel_columns/column_0290.tsv to gs://carter-kneading-attempt048/attempt-051/grid1000_seq12_tmax1e5_gh0p01_prefixes_remap40_newmodel_columns/column_0290.tsv
Copying file:///home/carterhinsley/MultimodalMaps.jl/kneading/experiment/attempt-051/grid1000_seq12_tmax1e5_gh0p01_prefixes_remap40_newmodel_columns/column_0291.tsv to gs://carter-kneading-attempt048/attempt-051/grid1000_seq12_tmax1e5_gh0p01_prefixes_remap40_newmodel_columns/column_0291.tsv
.Copying file:///home/carterhinsley/MultimodalMaps.jl/kneading/experiment/attempt-051/grid1000_seq12_tmax1e5_gh0p01_prefixes_remap40_newmodel_columns/column_0292.tsv to gs://carter-kneading-attempt048/attempt-051/grid1000_seq12_tmax1e5_gh0p01_prefixes_remap40_newmodel_columns/column_0292.tsv
Copying file:///home/carterhinsley/MultimodalMaps.jl/kneading/experiment/attempt-051/grid1000_seq12_tmax1e5_gh0p01_prefixes_remap40_newmodel_columns/column_0293.tsv to gs://carter-kneading-attempt048/attempt-051/grid1000_seq12_tmax1e5_gh0p01_prefixes_remap40_newmodel_columns/column_0293.tsv
Copying file:///home/carterhinsley/MultimodalMaps.jl/kneading/experiment/attempt-051/grid1000_seq12_tmax1e5_gh0p01_prefixes_remap40_newmodel_columns/column_0294.tsv to gs://carter-kneading-attempt048/attempt-051/grid1000_seq12_tmax1e5_gh0p01_prefixes_remap40_newmodel_columns/column_0294.tsv
Copying file:///home/carterhinsley/MultimodalMaps.jl/kneading/experiment/attempt-051/grid1000_seq12_tmax1e5_gh0p01_prefixes_remap40_newmodel_columns/column_0295.tsv to gs://carter-kneading-attempt048/attempt-051/grid1000_seq12_tmax1e5_gh0p01_prefixes_remap40_newmodel_columns/column_0295.tsv
Copying file:///home/carterhinsley/MultimodalMaps.jl/kneading/experiment/attempt-051/grid1000_seq12_tmax1e5_gh0p01_prefixes_remap40_newmodel_columns/column_0296.tsv to gs://carter-kneading-attempt048/attempt-051/grid1000_seq12_tmax1e5_gh0p01_prefixes_remap40_newmodel_columns/column_0296.tsv
Copying file:///home/carterhinsley/MultimodalMaps.jl/kneading/experiment/attempt-051/grid1000_seq12_tmax1e5_gh0p01_prefixes_remap40_newmodel_columns/column_0297.tsv to gs://carter-kneading-attempt048/attempt-051/grid1000_seq12_tmax1e5_gh0p01_prefixes_remap40_newmodel_columns/column_0297.tsv
Copying file:///home/carterhinsley/MultimodalMaps.jl/kneading/experiment/attempt-051/grid1000_seq12_tmax1e5_gh0p01_prefixes_remap40_newmodel_columns/column_0298.tsv to gs://carter-kneading-attempt048/attempt-051/grid1000_seq12_tmax1e5_gh0p01_prefixes_remap40_newmodel_columns/column_0298.tsv
Copying file:///home/carterhinsley/MultimodalMaps.jl/kneading/experiment/attempt-051/grid1000_seq12_tmax1e5_gh0p01_prefixes_remap40_newmodel_columns/column_0299.tsv to gs://carter-kneading-attempt048/attempt-051/grid1000_seq12_tmax1e5_gh0p01_prefixes_remap40_newmodel_columns/column_0299.tsv
Copying file:///home/carterhinsley/MultimodalMaps.jl/kneading/experiment/attempt-051/grid1000_seq12_tmax1e5_gh0p01_prefixes_remap40_newmodel_columns/column_0300.tsv to gs://carter-kneading-attempt048/attempt-051/grid1000_seq12_tmax1e5_gh0p01_prefixes_remap40_newmodel_columns/column_0300.tsv
Copying file:///home/carterhinsley/MultimodalMaps.jl/kneading/experiment/attempt-051/grid1000_seq12_tmax1e5_gh0p01_prefixes_remap40_newmodel_columns/column_0301.tsv to gs://carter-kneading-attempt048/attempt-051/grid1000_seq12_tmax1e5_gh0p01_prefixes_remap40_newmodel_columns/column_0301.tsv
Copying file:///home/carterhinsley/MultimodalMaps.jl/kneading/experiment/attempt-051/grid1000_seq12_tmax1e5_gh0p01_prefixes_remap40_newmodel_columns/column_0302.tsv to gs://carter-kneading-attempt048/attempt-051/grid1000_seq12_tmax1e5_gh0p01_prefixes_remap40_newmodel_columns/column_0302.tsv
Copying file:///home/carterhinsley/MultimodalMaps.jl/kneading/experiment/attempt-051/grid1000_seq12_tmax1e5_gh0p01_prefixes_remap40_newmodel_columns/column_0303.tsv to gs://carter-kneading-attempt048/attempt-051/grid1000_seq12_tmax1e5_gh0p01_prefixes_remap40_newmodel_columns/column_0303.tsv
Copying file:///home/carterhinsley/MultimodalMaps.jl/kneading/experiment/attempt-051/grid1000_seq12_tmax1e5_gh0p01_prefixes_remap40_newmodel_columns/column_0304.tsv to gs://carter-kneading-attempt048/attempt-051/grid1000_seq12_tmax1e5_gh0p01_prefixes_remap40_newmodel_columns/column_0304.tsv
Copying file:///home/carterhinsley/MultimodalMaps.jl/kneading/experiment/attempt-051/grid1000_seq12_tmax1e5_gh0p01_prefixes_remap40_newmodel_columns/column_0305.tsv to gs://carter-kneading-attempt048/attempt-051/grid1000_seq12_tmax1e5_gh0p01_prefixes_remap40_newmodel_columns/column_0305.tsv
Copying file:///home/carterhinsley/MultimodalMaps.jl/kneading/experiment/attempt-051/grid1000_seq12_tmax1e5_gh0p01_prefixes_remap40_newmodel_columns/column_0306.tsv to gs://carter-kneading-attempt048/attempt-051/grid1000_seq12_tmax1e5_gh0p01_prefixes_remap40_newmodel_columns/column_0306.tsv
Copying file:///home/carterhinsley/MultimodalMaps.jl/kneading/experiment/attempt-051/grid1000_seq12_tmax1e5_gh0p01_prefixes_remap40_newmodel_columns/column_0307.tsv to gs://carter-kneading-attempt048/attempt-051/grid1000_seq12_tmax1e5_gh0p01_prefixes_remap40_newmodel_columns/column_0307.tsv
Copying file:///home/carterhinsley/MultimodalMaps.jl/kneading/experiment/attempt-051/grid1000_seq12_tmax1e5_gh0p01_prefixes_remap40_newmodel_columns/column_0308.tsv to gs://carter-kneading-attempt048/attempt-051/grid1000_seq12_tmax1e5_gh0p01_prefixes_remap40_newmodel_columns/column_0308.tsv
Copying file:///home/carterhinsley/MultimodalMaps.jl/kneading/experiment/attempt-051/grid1000_seq12_tmax1e5_gh0p01_prefixes_remap40_newmodel_columns/column_0309.tsv to gs://carter-kneading-attempt048/attempt-051/grid1000_seq12_tmax1e5_gh0p01_prefixes_remap40_newmodel_columns/column_0309.tsv
Copying file:///home/carterhinsley/MultimodalMaps.jl/kneading/experiment/attempt-051/grid1000_seq12_tmax1e5_gh0p01_prefixes_remap40_newmodel_columns/column_0310.tsv to gs://carter-kneading-attempt048/attempt-051/grid1000_seq12_tmax1e5_gh0p01_prefixes_remap40_newmodel_columns/column_0310.tsv
Copying file:///home/carterhinsley/MultimodalMaps.jl/kneading/experiment/attempt-051/grid1000_seq12_tmax1e5_gh0p01_prefixes_remap40_newmodel_columns/column_0311.tsv to gs://carter-kneading-attempt048/attempt-051/grid1000_seq12_tmax1e5_gh0p01_prefixes_remap40_newmodel_columns/column_0311.tsv
Copying file:///home/carterhinsley/MultimodalMaps.jl/kneading/experiment/attempt-051/grid1000_seq12_tmax1e5_gh0p01_prefixes_remap40_newmodel_columns/column_0312.tsv to gs://carter-kneading-attempt048/attempt-051/grid1000_seq12_tmax1e5_gh0p01_prefixes_remap40_newmodel_columns/column_0312.tsv
Copying file:///home/carterhinsley/MultimodalMaps.jl/kneading/experiment/attempt-051/grid1000_seq12_tmax1e5_gh0p01_prefixes_remap40_newmodel_columns/column_0313.tsv to gs://carter-kneading-attempt048/attempt-051/grid1000_seq12_tmax1e5_gh0p01_prefixes_remap40_newmodel_columns/column_0313.tsv
Copying file:///home/carterhinsley/MultimodalMaps.jl/kneading/experiment/attempt-051/grid1000_seq12_tmax1e5_gh0p01_prefixes_remap40_newmodel_columns/column_0314.tsv to gs://carter-kneading-attempt048/attempt-051/grid1000_seq12_tmax1e5_gh0p01_prefixes_remap40_newmodel_columns/column_0314.tsv
Copying file:///home/carterhinsley/MultimodalMaps.jl/kneading/experiment/attempt-051/grid1000_seq12_tmax1e5_gh0p01_prefixes_remap40_newmodel_columns/column_0315.tsv to gs://carter-kneading-attempt048/attempt-051/grid1000_seq12_tmax1e5_gh0p01_prefixes_remap40_newmodel_columns/column_0315.tsv
Copying file:///home/carterhinsley/MultimodalMaps.jl/kneading/experiment/attempt-051/grid1000_seq12_tmax1e5_gh0p01_prefixes_remap40_newmodel_columns/column_0316.tsv to gs://carter-kneading-attempt048/attempt-051/grid1000_seq12_tmax1e5_gh0p01_prefixes_remap40_newmodel_columns/column_0316.tsv
Copying file:///home/carterhinsley/MultimodalMaps.jl/kneading/experiment/attempt-051/grid1000_seq12_tmax1e5_gh0p01_prefixes_remap40_newmodel_columns/column_0317.tsv to gs://carter-kneading-attempt048/attempt-051/grid1000_seq12_tmax1e5_gh0p01_prefixes_remap40_newmodel_columns/column_0317.tsv
Copying file:///home/carterhinsley/MultimodalMaps.jl/kneading/experiment/attempt-051/grid1000_seq12_tmax1e5_gh0p01_prefixes_remap40_newmodel_columns/column_0318.tsv to gs://carter-kneading-attempt048/attempt-051/grid1000_seq12_tmax1e5_gh0p01_prefixes_remap40_newmodel_columns/column_0318.tsv
Copying file:///home/carterhinsley/MultimodalMaps.jl/kneading/experiment/attempt-051/grid1000_seq12_tmax1e5_gh0p01_prefixes_remap40_newmodel_columns/column_0319.tsv to gs://carter-kneading-attempt048/attempt-051/grid1000_seq12_tmax1e5_gh0p01_prefixes_remap40_newmodel_columns/column_0319.tsv
Copying file:///home/carterhinsley/MultimodalMaps.jl/kneading/experiment/attempt-051/grid1000_seq12_tmax1e5_gh0p01_prefixes_remap40_newmodel_columns/column_0320.tsv to gs://carter-kneading-attempt048/attempt-051/grid1000_seq12_tmax1e5_gh0p01_prefixes_remap40_newmodel_columns/column_0320.tsv
Copying file:///home/carterhinsley/MultimodalMaps.jl/kneading/experiment/attempt-051/grid1000_seq12_tmax1e5_gh0p01_prefixes_remap40_newmodel_columns/column_0321.tsv to gs://carter-kneading-attempt048/attempt-051/grid1000_seq12_tmax1e5_gh0p01_prefixes_remap40_newmodel_columns/column_0321.tsv
Copying file:///home/carterhinsley/MultimodalMaps.jl/kneading/experiment/attempt-051/grid1000_seq12_tmax1e5_gh0p01_prefixes_remap40_newmodel_columns/column_0322.tsv to gs://carter-kneading-attempt048/attempt-051/grid1000_seq12_tmax1e5_gh0p01_prefixes_remap40_newmodel_columns/column_0322.tsv
Copying file:///home/carterhinsley/MultimodalMaps.jl/kneading/experiment/attempt-051/grid1000_seq12_tmax1e5_gh0p01_prefixes_remap40_newmodel_columns/column_0323.tsv to gs://carter-kneading-attempt048/attempt-051/grid1000_seq12_tmax1e5_gh0p01_prefixes_remap40_newmodel_columns/column_0323.tsv
Copying file:///home/carterhinsley/MultimodalMaps.jl/kneading/experiment/attempt-051/grid1000_seq12_tmax1e5_gh0p01_prefixes_remap40_newmodel_columns/column_0324.tsv to gs://carter-kneading-attempt048/attempt-051/grid1000_seq12_tmax1e5_gh0p01_prefixes_remap40_newmodel_columns/column_0324.tsv
Copying file:///home/carterhinsley/MultimodalMaps.jl/kneading/experiment/attempt-051/grid1000_seq12_tmax1e5_gh0p01_prefixes_remap40_newmodel_columns/column_0325.tsv to gs://carter-kneading-attempt048/attempt-051/grid1000_seq12_tmax1e5_gh0p01_prefixes_remap40_newmodel_columns/column_0325.tsv
Copying file:///home/carterhinsley/MultimodalMaps.jl/kneading/experiment/attempt-051/grid1000_seq12_tmax1e5_gh0p01_prefixes_remap40_newmodel_columns/column_0326.tsv to gs://carter-kneading-attempt048/attempt-051/grid1000_seq12_tmax1e5_gh0p01_prefixes_remap40_newmodel_columns/column_0326.tsv
Copying file:///home/carterhinsley/MultimodalMaps.jl/kneading/experiment/attempt-051/grid1000_seq12_tmax1e5_gh0p01_prefixes_remap40_newmodel_columns/column_0327.tsv to gs://carter-kneading-attempt048/attempt-051/grid1000_seq12_tmax1e5_gh0p01_prefixes_remap40_newmodel_columns/column_0327.tsv
Copying file:///home/carterhinsley/MultimodalMaps.jl/kneading/experiment/attempt-051/grid1000_seq12_tmax1e5_gh0p01_prefixes_remap40_newmodel_columns/column_0328.tsv to gs://carter-kneading-attempt048/attempt-051/grid1000_seq12_tmax1e5_gh0p01_prefixes_remap40_newmodel_columns/column_0328.tsv
Copying file:///home/carterhinsley/MultimodalMaps.jl/kneading/experiment/attempt-051/grid1000_seq12_tmax1e5_gh0p01_prefixes_remap40_newmodel_columns/column_0329.tsv to gs://carter-kneading-attempt048/attempt-051/grid1000_seq12_tmax1e5_gh0p01_prefixes_remap40_newmodel_columns/column_0329.tsv
Copying file:///home/carterhinsley/MultimodalMaps.jl/kneading/experiment/attempt-051/grid1000_seq12_tmax1e5_gh0p01_prefixes_remap40_newmodel_columns/column_0330.tsv to gs://carter-kneading-attempt048/attempt-051/grid1000_seq12_tmax1e5_gh0p01_prefixes_remap40_newmodel_columns/column_0330.tsv
Copying file:///home/carterhinsley/MultimodalMaps.jl/kneading/experiment/attempt-051/grid1000_seq12_tmax1e5_gh0p01_prefixes_remap40_newmodel_columns/column_0331.tsv to gs://carter-kneading-attempt048/attempt-051/grid1000_seq12_tmax1e5_gh0p01_prefixes_remap40_newmodel_columns/column_0331.tsv
Copying file:///home/carterhinsley/MultimodalMaps.jl/kneading/experiment/attempt-051/grid1000_seq12_tmax1e5_gh0p01_prefixes_remap40_newmodel_columns/column_0332.tsv to gs://carter-kneading-attempt048/attempt-051/grid1000_seq12_tmax1e5_gh0p01_prefixes_remap40_newmodel_columns/column_0332.tsv
Copying file:///home/carterhinsley/MultimodalMaps.jl/kneading/experiment/attempt-051/grid1000_seq12_tmax1e5_gh0p01_prefixes_remap40_newmodel_columns/column_0333.tsv to gs://carter-kneading-attempt048/attempt-051/grid1000_seq12_tmax1e5_gh0p01_prefixes_remap40_newmodel_columns/column_0333.tsv
Copying file:///home/carterhinsley/MultimodalMaps.jl/kneading/experiment/attempt-051/grid1000_seq12_tmax1e5_gh0p01_prefixes_remap40_newmodel_columns/column_0334.tsv to gs://carter-kneading-attempt048/attempt-051/grid1000_seq12_tmax1e5_gh0p01_prefixes_remap40_newmodel_columns/column_0334.tsv
Copying file:///home/carterhinsley/MultimodalMaps.jl/kneading/experiment/attempt-051/grid1000_seq12_tmax1e5_gh0p01_prefixes_remap40_newmodel_columns/column_0335.tsv to gs://carter-kneading-attempt048/attempt-051/grid1000_seq12_tmax1e5_gh0p01_prefixes_remap40_newmodel_columns/column_0335.tsv
Copying file:///home/carterhinsley/MultimodalMaps.jl/kneading/experiment/attempt-051/grid1000_seq12_tmax1e5_gh0p01_prefixes_remap40_newmodel_columns/column_0336.tsv to gs://carter-kneading-attempt048/attempt-051/grid1000_seq12_tmax1e5_gh0p01_prefixes_remap40_newmodel_columns/column_0336.tsv
Copying file:///home/carterhinsley/MultimodalMaps.jl/kneading/experiment/attempt-051/grid1000_seq12_tmax1e5_gh0p01_prefixes_remap40_newmodel_columns/column_0337.tsv to gs://carter-kneading-attempt048/attempt-051/grid1000_seq12_tmax1e5_gh0p01_prefixes_remap40_newmodel_columns/column_0337.tsv
Copying file:///home/carterhinsley/MultimodalMaps.jl/kneading/experiment/attempt-051/grid1000_seq12_tmax1e5_gh0p01_prefixes_remap40_newmodel_columns/column_0338.tsv to gs://carter-kneading-attempt048/attempt-051/grid1000_seq12_tmax1e5_gh0p01_prefixes_remap40_newmodel_columns/column_0338.tsv
Copying file:///home/carterhinsley/MultimodalMaps.jl/kneading/experiment/attempt-051/grid1000_seq12_tmax1e5_gh0p01_prefixes_remap40_newmodel_columns/column_0339.tsv to gs://carter-kneading-attempt048/attempt-051/grid1000_seq12_tmax1e5_gh0p01_prefixes_remap40_newmodel_columns/column_0339.tsv
Copying file:///home/carterhinsley/MultimodalMaps.jl/kneading/experiment/attempt-051/grid1000_seq12_tmax1e5_gh0p01_prefixes_remap40_newmodel_columns/column_0340.tsv to gs://carter-kneading-attempt048/attempt-051/grid1000_seq12_tmax1e5_gh0p01_prefixes_remap40_newmodel_columns/column_0340.tsv
Copying file:///home/carterhinsley/MultimodalMaps.jl/kneading/experiment/attempt-051/grid1000_seq12_tmax1e5_gh0p01_prefixes_remap40_newmodel_columns/column_0341.tsv to gs://carter-kneading-attempt048/attempt-051/grid1000_seq12_tmax1e5_gh0p01_prefixes_remap40_newmodel_columns/column_0341.tsv
Copying file:///home/carterhinsley/MultimodalMaps.jl/kneading/experiment/attempt-051/grid1000_seq12_tmax1e5_gh0p01_prefixes_remap40_newmodel_columns/column_0342.tsv to gs://carter-kneading-attempt048/attempt-051/grid1000_seq12_tmax1e5_gh0p01_prefixes_remap40_newmodel_columns/column_0342.tsv
Copying file:///home/carterhinsley/MultimodalMaps.jl/kneading/experiment/attempt-051/grid1000_seq12_tmax1e5_gh0p01_prefixes_remap40_newmodel_columns/column_0343.tsv to gs://carter-kneading-attempt048/attempt-051/grid1000_seq12_tmax1e5_gh0p01_prefixes_remap40_newmodel_columns/column_0343.tsv
Copying file:///home/carterhinsley/MultimodalMaps.jl/kneading/experiment/attempt-051/grid1000_seq12_tmax1e5_gh0p01_prefixes_remap40_newmodel_columns/column_0344.tsv to gs://carter-kneading-attempt048/attempt-051/grid1000_seq12_tmax1e5_gh0p01_prefixes_remap40_newmodel_columns/column_0344.tsv
Copying file:///home/carterhinsley/MultimodalMaps.jl/kneading/experiment/attempt-051/grid1000_seq12_tmax1e5_gh0p01_prefixes_remap40_newmodel_columns/column_0345.tsv to gs://carter-kneading-attempt048/attempt-051/grid1000_seq12_tmax1e5_gh0p01_prefixes_remap40_newmodel_columns/column_0345.tsv
Copying file:///home/carterhinsley/MultimodalMaps.jl/kneading/experiment/attempt-051/grid1000_seq12_tmax1e5_gh0p01_prefixes_remap40_newmodel_columns/column_0346.tsv to gs://carter-kneading-attempt048/attempt-051/grid1000_seq12_tmax1e5_gh0p01_prefixes_remap40_newmodel_columns/column_0346.tsv
Copying file:///home/carterhinsley/MultimodalMaps.jl/kneading/experiment/attempt-051/grid1000_seq12_tmax1e5_gh0p01_prefixes_remap40_newmodel_columns/column_0347.tsv to gs://carter-kneading-attempt048/attempt-051/grid1000_seq12_tmax1e5_gh0p01_prefixes_remap40_newmodel_columns/column_0347.tsv
Copying file:///home/carterhinsley/MultimodalMaps.jl/kneading/experiment/attempt-051/grid1000_seq12_tmax1e5_gh0p01_prefixes_remap40_newmodel_columns/column_0348.tsv to gs://carter-kneading-attempt048/attempt-051/grid1000_seq12_tmax1e5_gh0p01_prefixes_remap40_newmodel_columns/column_0348.tsv
Copying file:///home/carterhinsley/MultimodalMaps.jl/kneading/experiment/attempt-051/grid1000_seq12_tmax1e5_gh0p01_prefixes_remap40_newmodel_columns/column_0349.tsv to gs://carter-kneading-attempt048/attempt-051/grid1000_seq12_tmax1e5_gh0p01_prefixes_remap40_newmodel_columns/column_0349.tsv
Copying file:///home/carterhinsley/MultimodalMaps.jl/kneading/experiment/attempt-051/grid1000_seq12_tmax1e5_gh0p01_prefixes_remap40_newmodel_columns/column_0350.tsv to gs://carter-kneading-attempt048/attempt-051/grid1000_seq12_tmax1e5_gh0p01_prefixes_remap40_newmodel_columns/column_0350.tsv
Copying file:///home/carterhinsley/MultimodalMaps.jl/kneading/experiment/attempt-051/grid1000_seq12_tmax1e5_gh0p01_prefixes_remap40_newmodel_columns/column_0351.tsv to gs://carter-kneading-attempt048/attempt-051/grid1000_seq12_tmax1e5_gh0p01_prefixes_remap40_newmodel_columns/column_0351.tsv
Copying file:///home/carterhinsley/MultimodalMaps.jl/kneading/experiment/attempt-051/grid1000_seq12_tmax1e5_gh0p01_prefixes_remap40_newmodel_columns/column_0352.tsv to gs://carter-kneading-attempt048/attempt-051/grid1000_seq12_tmax1e5_gh0p01_prefixes_remap40_newmodel_columns/column_0352.tsv
Copying file:///home/carterhinsley/MultimodalMaps.jl/kneading/experiment/attempt-051/grid1000_seq12_tmax1e5_gh0p01_prefixes_remap40_newmodel_columns/column_0353.tsv to gs://carter-kneading-attempt048/attempt-051/grid1000_seq12_tmax1e5_gh0p01_prefixes_remap40_newmodel_columns/column_0353.tsv
Copying file:///home/carterhinsley/MultimodalMaps.jl/kneading/experiment/attempt-051/grid1000_seq12_tmax1e5_gh0p01_prefixes_remap40_newmodel_columns/column_0354.tsv to gs://carter-kneading-attempt048/attempt-051/grid1000_seq12_tmax1e5_gh0p01_prefixes_remap40_newmodel_columns/column_0354.tsv
Copying file:///home/carterhinsley/MultimodalMaps.jl/kneading/experiment/attempt-051/grid1000_seq12_tmax1e5_gh0p01_prefixes_remap40_newmodel_columns/column_0355.tsv to gs://carter-kneading-attempt048/attempt-051/grid1000_seq12_tmax1e5_gh0p01_prefixes_remap40_newmodel_columns/column_0355.tsv
Copying file:///home/carterhinsley/MultimodalMaps.jl/kneading/experiment/attempt-051/grid1000_seq12_tmax1e5_gh0p01_prefixes_remap40_newmodel_columns/column_0356.tsv to gs://carter-kneading-attempt048/attempt-051/grid1000_seq12_tmax1e5_gh0p01_prefixes_remap40_newmodel_columns/column_0356.tsv
Copying file:///home/carterhinsley/MultimodalMaps.jl/kneading/experiment/attempt-051/grid1000_seq12_tmax1e5_gh0p01_prefixes_remap40_newmodel_columns/column_0357.tsv to gs://carter-kneading-attempt048/attempt-051/grid1000_seq12_tmax1e5_gh0p01_prefixes_remap40_newmodel_columns/column_0357.tsv
Copying file:///home/carterhinsley/MultimodalMaps.jl/kneading/experiment/attempt-051/grid1000_seq12_tmax1e5_gh0p01_prefixes_remap40_newmodel_columns/column_0358.tsv to gs://carter-kneading-attempt048/attempt-051/grid1000_seq12_tmax1e5_gh0p01_prefixes_remap40_newmodel_columns/column_0358.tsv
Copying file:///home/carterhinsley/MultimodalMaps.jl/kneading/experiment/attempt-051/grid1000_seq12_tmax1e5_gh0p01_prefixes_remap40_newmodel_columns/column_0359.tsv to gs://carter-kneading-attempt048/attempt-051/grid1000_seq12_tmax1e5_gh0p01_prefixes_remap40_newmodel_columns/column_0359.tsv
Copying file:///home/carterhinsley/MultimodalMaps.jl/kneading/experiment/attempt-051/grid1000_seq12_tmax1e5_gh0p01_prefixes_remap40_newmodel_columns/column_0360.tsv to gs://carter-kneading-attempt048/attempt-051/grid1000_seq12_tmax1e5_gh0p01_prefixes_remap40_newmodel_columns/column_0360.tsv
Copying file:///home/carterhinsley/MultimodalMaps.jl/kneading/experiment/attempt-051/grid1000_seq12_tmax1e5_gh0p01_prefixes_remap40_newmodel_columns/column_0361.tsv to gs://carter-kneading-attempt048/attempt-051/grid1000_seq12_tmax1e5_gh0p01_prefixes_remap40_newmodel_columns/column_0361.tsv
Copying file:///home/carterhinsley/MultimodalMaps.jl/kneading/experiment/attempt-051/grid1000_seq12_tmax1e5_gh0p01_prefixes_remap40_newmodel_columns/column_0362.tsv to gs://carter-kneading-attempt048/attempt-051/grid1000_seq12_tmax1e5_gh0p01_prefixes_remap40_newmodel_columns/column_0362.tsv
Copying file:///home/carterhinsley/MultimodalMaps.jl/kneading/experiment/attempt-051/grid1000_seq12_tmax1e5_gh0p01_prefixes_remap40_newmodel_columns/column_0363.tsv to gs://carter-kneading-attempt048/attempt-051/grid1000_seq12_tmax1e5_gh0p01_prefixes_remap40_newmodel_columns/column_0363.tsv
Copying file:///home/carterhinsley/MultimodalMaps.jl/kneading/experiment/attempt-051/grid1000_seq12_tmax1e5_gh0p01_prefixes_remap40_newmodel_columns/column_0364.tsv to gs://carter-kneading-attempt048/attempt-051/grid1000_seq12_tmax1e5_gh0p01_prefixes_remap40_newmodel_columns/column_0364.tsv
Copying file:///home/carterhinsley/MultimodalMaps.jl/kneading/experiment/attempt-051/grid1000_seq12_tmax1e5_gh0p01_prefixes_remap40_newmodel_columns/column_0365.tsv to gs://carter-kneading-attempt048/attempt-051/grid1000_seq12_tmax1e5_gh0p01_prefixes_remap40_newmodel_columns/column_0365.tsv
Copying file:///home/carterhinsley/MultimodalMaps.jl/kneading/experiment/attempt-051/grid1000_seq12_tmax1e5_gh0p01_prefixes_remap40_newmodel_columns/column_0366.tsv to gs://carter-kneading-attempt048/attempt-051/grid1000_seq12_tmax1e5_gh0p01_prefixes_remap40_newmodel_columns/column_0366.tsv
Copying file:///home/carterhinsley/MultimodalMaps.jl/kneading/experiment/attempt-051/grid1000_seq12_tmax1e5_gh0p01_prefixes_remap40_newmodel_columns/column_0367.tsv to gs://carter-kneading-attempt048/attempt-051/grid1000_seq12_tmax1e5_gh0p01_prefixes_remap40_newmodel_columns/column_0367.tsv
Copying file:///home/carterhinsley/MultimodalMaps.jl/kneading/experiment/attempt-051/grid1000_seq12_tmax1e5_gh0p01_prefixes_remap40_newmodel_columns/column_0368.tsv to gs://carter-kneading-attempt048/attempt-051/grid1000_seq12_tmax1e5_gh0p01_prefixes_remap40_newmodel_columns/column_0368.tsv
Copying file:///home/carterhinsley/MultimodalMaps.jl/kneading/experiment/attempt-051/grid1000_seq12_tmax1e5_gh0p01_prefixes_remap40_newmodel_columns/column_0369.tsv to gs://carter-kneading-attempt048/attempt-051/grid1000_seq12_tmax1e5_gh0p01_prefixes_remap40_newmodel_columns/column_0369.tsv
Copying file:///home/carterhinsley/MultimodalMaps.jl/kneading/experiment/attempt-051/grid1000_seq12_tmax1e5_gh0p01_prefixes_remap40_newmodel_columns/column_0370.tsv to gs://carter-kneading-attempt048/attempt-051/grid1000_seq12_tmax1e5_gh0p01_prefixes_remap40_newmodel_columns/column_0370.tsv
Copying file:///home/carterhinsley/MultimodalMaps.jl/kneading/experiment/attempt-051/grid1000_seq12_tmax1e5_gh0p01_prefixes_remap40_newmodel_columns/column_0371.tsv to gs://carter-kneading-attempt048/attempt-051/grid1000_seq12_tmax1e5_gh0p01_prefixes_remap40_newmodel_columns/column_0371.tsv
Copying file:///home/carterhinsley/MultimodalMaps.jl/kneading/experiment/attempt-051/grid1000_seq12_tmax1e5_gh0p01_prefixes_remap40_newmodel_columns/column_0372.tsv to gs://carter-kneading-attempt048/attempt-051/grid1000_seq12_tmax1e5_gh0p01_prefixes_remap40_newmodel_columns/column_0372.tsv
Copying file:///home/carterhinsley/MultimodalMaps.jl/kneading/experiment/attempt-051/grid1000_seq12_tmax1e5_gh0p01_prefixes_remap40_newmodel_columns/column_0373.tsv to gs://carter-kneading-attempt048/attempt-051/grid1000_seq12_tmax1e5_gh0p01_prefixes_remap40_newmodel_columns/column_0373.tsv
Copying file:///home/carterhinsley/MultimodalMaps.jl/kneading/experiment/attempt-051/grid1000_seq12_tmax1e5_gh0p01_prefixes_remap40_newmodel_columns/column_0374.tsv to gs://carter-kneading-attempt048/attempt-051/grid1000_seq12_tmax1e5_gh0p01_prefixes_remap40_newmodel_columns/column_0374.tsv
Copying file:///home/carterhinsley/MultimodalMaps.jl/kneading/experiment/attempt-051/grid1000_seq12_tmax1e5_gh0p01_prefixes_remap40_newmodel_columns/column_0375.tsv to gs://carter-kneading-attempt048/attempt-051/grid1000_seq12_tmax1e5_gh0p01_prefixes_remap40_newmodel_columns/column_0375.tsv
Copying file:///home/carterhinsley/MultimodalMaps.jl/kneading/experiment/attempt-051/grid1000_seq12_tmax1e5_gh0p01_prefixes_remap40_newmodel_columns/column_0376.tsv to gs://carter-kneading-attempt048/attempt-051/grid1000_seq12_tmax1e5_gh0p01_prefixes_remap40_newmodel_columns/column_0376.tsv
Copying file:///home/carterhinsley/MultimodalMaps.jl/kneading/experiment/attempt-051/grid1000_seq12_tmax1e5_gh0p01_prefixes_remap40_newmodel_columns/column_0377.tsv to gs://carter-kneading-attempt048/attempt-051/grid1000_seq12_tmax1e5_gh0p01_prefixes_remap40_newmodel_columns/column_0377.tsv
Copying file:///home/carterhinsley/MultimodalMaps.jl/kneading/experiment/attempt-051/grid1000_seq12_tmax1e5_gh0p01_prefixes_remap40_newmodel_columns/column_0378.tsv to gs://carter-kneading-attempt048/attempt-051/grid1000_seq12_tmax1e5_gh0p01_prefixes_remap40_newmodel_columns/column_0378.tsv
Copying file:///home/carterhinsley/MultimodalMaps.jl/kneading/experiment/attempt-051/grid1000_seq12_tmax1e5_gh0p01_prefixes_remap40_newmodel_columns/column_0379.tsv to gs://carter-kneading-attempt048/attempt-051/grid1000_seq12_tmax1e5_gh0p01_prefixes_remap40_newmodel_columns/column_0379.tsv
Copying file:///home/carterhinsley/MultimodalMaps.jl/kneading/experiment/attempt-051/grid1000_seq12_tmax1e5_gh0p01_prefixes_remap40_newmodel_columns/column_0380.tsv to gs://carter-kneading-attempt048/attempt-051/grid1000_seq12_tmax1e5_gh0p01_prefixes_remap40_newmodel_columns/column_0380.tsv
Copying file:///home/carterhinsley/MultimodalMaps.jl/kneading/experiment/attempt-051/grid1000_seq12_tmax1e5_gh0p01_prefixes_remap40_newmodel_columns/column_0381.tsv to gs://carter-kneading-attempt048/attempt-051/grid1000_seq12_tmax1e5_gh0p01_prefixes_remap40_newmodel_columns/column_0381.tsv
Copying file:///home/carterhinsley/MultimodalMaps.jl/kneading/experiment/attempt-051/grid1000_seq12_tmax1e5_gh0p01_prefixes_remap40_newmodel_columns/column_0382.tsv to gs://carter-kneading-attempt048/attempt-051/grid1000_seq12_tmax1e5_gh0p01_prefixes_remap40_newmodel_columns/column_0382.tsv
Copying file:///home/carterhinsley/MultimodalMaps.jl/kneading/experiment/attempt-051/grid1000_seq12_tmax1e5_gh0p01_prefixes_remap40_newmodel_columns/column_0383.tsv to gs://carter-kneading-attempt048/attempt-051/grid1000_seq12_tmax1e5_gh0p01_prefixes_remap40_newmodel_columns/column_0383.tsv
Copying file:///home/carterhinsley/MultimodalMaps.jl/kneading/experiment/attempt-051/grid1000_seq12_tmax1e5_gh0p01_prefixes_remap40_newmodel_columns/column_0384.tsv to gs://carter-kneading-attempt048/attempt-051/grid1000_seq12_tmax1e5_gh0p01_prefixes_remap40_newmodel_columns/column_0384.tsv
Copying file:///home/carterhinsley/MultimodalMaps.jl/kneading/experiment/attempt-051/grid1000_seq12_tmax1e5_gh0p01_prefixes_remap40_newmodel_columns/column_0385.tsv to gs://carter-kneading-attempt048/attempt-051/grid1000_seq12_tmax1e5_gh0p01_prefixes_remap40_newmodel_columns/column_0385.tsv
Copying file:///home/carterhinsley/MultimodalMaps.jl/kneading/experiment/attempt-051/grid1000_seq12_tmax1e5_gh0p01_prefixes_remap40_newmodel_columns/column_0386.tsv to gs://carter-kneading-attempt048/attempt-051/grid1000_seq12_tmax1e5_gh0p01_prefixes_remap40_newmodel_columns/column_0386.tsv
Copying file:///home/carterhinsley/MultimodalMaps.jl/kneading/experiment/attempt-051/grid1000_seq12_tmax1e5_gh0p01_prefixes_remap40_newmodel_columns/column_0387.tsv to gs://carter-kneading-attempt048/attempt-051/grid1000_seq12_tmax1e5_gh0p01_prefixes_remap40_newmodel_columns/column_0387.tsv
Copying file:///home/carterhinsley/MultimodalMaps.jl/kneading/experiment/attempt-051/grid1000_seq12_tmax1e5_gh0p01_prefixes_remap40_newmodel_columns/column_0388.tsv to gs://carter-kneading-attempt048/attempt-051/grid1000_seq12_tmax1e5_gh0p01_prefixes_remap40_newmodel_columns/column_0388.tsv
Copying file:///home/carterhinsley/MultimodalMaps.jl/kneading/experiment/attempt-051/grid1000_seq12_tmax1e5_gh0p01_prefixes_remap40_newmodel_columns/column_0389.tsv to gs://carter-kneading-attempt048/attempt-051/grid1000_seq12_tmax1e5_gh0p01_prefixes_remap40_newmodel_columns/column_0389.tsv
Copying file:///home/carterhinsley/MultimodalMaps.jl/kneading/experiment/attempt-051/grid1000_seq12_tmax1e5_gh0p01_prefixes_remap40_newmodel_columns/column_0390.tsv to gs://carter-kneading-attempt048/attempt-051/grid1000_seq12_tmax1e5_gh0p01_prefixes_remap40_newmodel_columns/column_0390.tsv
Copying file:///home/carterhinsley/MultimodalMaps.jl/kneading/experiment/attempt-051/grid1000_seq12_tmax1e5_gh0p01_prefixes_remap40_newmodel_columns/column_0391.tsv to gs://carter-kneading-attempt048/attempt-051/grid1000_seq12_tmax1e5_gh0p01_prefixes_remap40_newmodel_columns/column_0391.tsv
Copying file:///home/carterhinsley/MultimodalMaps.jl/kneading/experiment/attempt-051/grid1000_seq12_tmax1e5_gh0p01_prefixes_remap40_newmodel_columns/column_0392.tsv to gs://carter-kneading-attempt048/attempt-051/grid1000_seq12_tmax1e5_gh0p01_prefixes_remap40_newmodel_columns/column_0392.tsv
Copying file:///home/carterhinsley/MultimodalMaps.jl/kneading/experiment/attempt-051/grid1000_seq12_tmax1e5_gh0p01_prefixes_remap40_newmodel_columns/column_0393.tsv to gs://carter-kneading-attempt048/attempt-051/grid1000_seq12_tmax1e5_gh0p01_prefixes_remap40_newmodel_columns/column_0393.tsv
Copying file:///home/carterhinsley/MultimodalMaps.jl/kneading/experiment/attempt-051/grid1000_seq12_tmax1e5_gh0p01_prefixes_remap40_newmodel_columns/column_0394.tsv to gs://carter-kneading-attempt048/attempt-051/grid1000_seq12_tmax1e5_gh0p01_prefixes_remap40_newmodel_columns/column_0394.tsv
Copying file:///home/carterhinsley/MultimodalMaps.jl/kneading/experiment/attempt-051/grid1000_seq12_tmax1e5_gh0p01_prefixes_remap40_newmodel_columns/column_0395.tsv to gs://carter-kneading-attempt048/attempt-051/grid1000_seq12_tmax1e5_gh0p01_prefixes_remap40_newmodel_columns/column_0395.tsv
Copying file:///home/carterhinsley/MultimodalMaps.jl/kneading/experiment/attempt-051/grid1000_seq12_tmax1e5_gh0p01_prefixes_remap40_newmodel_columns/column_0396.tsv to gs://carter-kneading-attempt048/attempt-051/grid1000_seq12_tmax1e5_gh0p01_prefixes_remap40_newmodel_columns/column_0396.tsv
Copying file:///home/carterhinsley/MultimodalMaps.jl/kneading/experiment/attempt-051/grid1000_seq12_tmax1e5_gh0p01_prefixes_remap40_newmodel_columns/column_0397.tsv to gs://carter-kneading-attempt048/attempt-051/grid1000_seq12_tmax1e5_gh0p01_prefixes_remap40_newmodel_columns/column_0397.tsv
Copying file:///home/carterhinsley/MultimodalMaps.jl/kneading/experiment/attempt-051/grid1000_seq12_tmax1e5_gh0p01_prefixes_remap40_newmodel_columns/column_0398.tsv to gs://carter-kneading-attempt048/attempt-051/grid1000_seq12_tmax1e5_gh0p01_prefixes_remap40_newmodel_columns/column_0398.tsv
Copying file:///home/carterhinsley/MultimodalMaps.jl/kneading/experiment/attempt-051/grid1000_seq12_tmax1e5_gh0p01_prefixes_remap40_newmodel_columns/column_0399.tsv to gs://carter-kneading-attempt048/attempt-051/grid1000_seq12_tmax1e5_gh0p01_prefixes_remap40_newmodel_columns/column_0399.tsv
Copying file:///home/carterhinsley/MultimodalMaps.jl/kneading/experiment/attempt-051/grid1000_seq12_tmax1e5_gh0p01_prefixes_remap40_newmodel_columns/column_0400.tsv to gs://carter-kneading-attempt048/attempt-051/grid1000_seq12_tmax1e5_gh0p01_prefixes_remap40_newmodel_columns/column_0400.tsv
Copying file:///home/carterhinsley/MultimodalMaps.jl/kneading/experiment/attempt-051/grid1000_seq12_tmax1e5_gh0p01_prefixes_remap40_newmodel_columns/column_0401.tsv to gs://carter-kneading-attempt048/attempt-051/grid1000_seq12_tmax1e5_gh0p01_prefixes_remap40_newmodel_columns/column_0401.tsv
Copying file:///home/carterhinsley/MultimodalMaps.jl/kneading/experiment/attempt-051/grid1000_seq12_tmax1e5_gh0p01_prefixes_remap40_newmodel_columns/column_0402.tsv to gs://carter-kneading-attempt048/attempt-051/grid1000_seq12_tmax1e5_gh0p01_prefixes_remap40_newmodel_columns/column_0402.tsv
Copying file:///home/carterhinsley/MultimodalMaps.jl/kneading/experiment/attempt-051/grid1000_seq12_tmax1e5_gh0p01_prefixes_remap40_newmodel_columns/column_0403.tsv to gs://carter-kneading-attempt048/attempt-051/grid1000_seq12_tmax1e5_gh0p01_prefixes_remap40_newmodel_columns/column_0403.tsv
Copying file:///home/carterhinsley/MultimodalMaps.jl/kneading/experiment/attempt-051/grid1000_seq12_tmax1e5_gh0p01_prefixes_remap40_newmodel_columns/column_0404.tsv to gs://carter-kneading-attempt048/attempt-051/grid1000_seq12_tmax1e5_gh0p01_prefixes_remap40_newmodel_columns/column_0404.tsv
Copying file:///home/carterhinsley/MultimodalMaps.jl/kneading/experiment/attempt-051/grid1000_seq12_tmax1e5_gh0p01_prefixes_remap40_newmodel_columns/column_0405.tsv to gs://carter-kneading-attempt048/attempt-051/grid1000_seq12_tmax1e5_gh0p01_prefixes_remap40_newmodel_columns/column_0405.tsv
Copying file:///home/carterhinsley/MultimodalMaps.jl/kneading/experiment/attempt-051/grid1000_seq12_tmax1e5_gh0p01_prefixes_remap40_newmodel_columns/column_0406.tsv to gs://carter-kneading-attempt048/attempt-051/grid1000_seq12_tmax1e5_gh0p01_prefixes_remap40_newmodel_columns/column_0406.tsv
Copying file:///home/carterhinsley/MultimodalMaps.jl/kneading/experiment/attempt-051/grid1000_seq12_tmax1e5_gh0p01_prefixes_remap40_newmodel_columns/column_0407.tsv to gs://carter-kneading-attempt048/attempt-051/grid1000_seq12_tmax1e5_gh0p01_prefixes_remap40_newmodel_columns/column_0407.tsv
Copying file:///home/carterhinsley/MultimodalMaps.jl/kneading/experiment/attempt-051/grid1000_seq12_tmax1e5_gh0p01_prefixes_remap40_newmodel_columns/column_0408.tsv to gs://carter-kneading-attempt048/attempt-051/grid1000_seq12_tmax1e5_gh0p01_prefixes_remap40_newmodel_columns/column_0408.tsv
Copying file:///home/carterhinsley/MultimodalMaps.jl/kneading/experiment/attempt-051/grid1000_seq12_tmax1e5_gh0p01_prefixes_remap40_newmodel_columns/column_0409.tsv to gs://carter-kneading-attempt048/attempt-051/grid1000_seq12_tmax1e5_gh0p01_prefixes_remap40_newmodel_columns/column_0409.tsv
Copying file:///home/carterhinsley/MultimodalMaps.jl/kneading/experiment/attempt-051/grid1000_seq12_tmax1e5_gh0p01_prefixes_remap40_newmodel_columns/column_0410.tsv to gs://carter-kneading-attempt048/attempt-051/grid1000_seq12_tmax1e5_gh0p01_prefixes_remap40_newmodel_columns/column_0410.tsv
Copying file:///home/carterhinsley/MultimodalMaps.jl/kneading/experiment/attempt-051/grid1000_seq12_tmax1e5_gh0p01_prefixes_remap40_newmodel_columns/column_0411.tsv to gs://carter-kneading-attempt048/attempt-051/grid1000_seq12_tmax1e5_gh0p01_prefixes_remap40_newmodel_columns/column_0411.tsv
Copying file:///home/carterhinsley/MultimodalMaps.jl/kneading/experiment/attempt-051/grid1000_seq12_tmax1e5_gh0p01_prefixes_remap40_newmodel_columns/column_0412.tsv to gs://carter-kneading-attempt048/attempt-051/grid1000_seq12_tmax1e5_gh0p01_prefixes_remap40_newmodel_columns/column_0412.tsv
Copying file:///home/carterhinsley/MultimodalMaps.jl/kneading/experiment/attempt-051/grid1000_seq12_tmax1e5_gh0p01_prefixes_remap40_newmodel_columns/column_0413.tsv to gs://carter-kneading-attempt048/attempt-051/grid1000_seq12_tmax1e5_gh0p01_prefixes_remap40_newmodel_columns/column_0413.tsv
Copying file:///home/carterhinsley/MultimodalMaps.jl/kneading/experiment/attempt-051/grid1000_seq12_tmax1e5_gh0p01_prefixes_remap40_newmodel_columns/column_0414.tsv to gs://carter-kneading-attempt048/attempt-051/grid1000_seq12_tmax1e5_gh0p01_prefixes_remap40_newmodel_columns/column_0414.tsv
Copying file:///home/carterhinsley/MultimodalMaps.jl/kneading/experiment/attempt-051/grid1000_seq12_tmax1e5_gh0p01_prefixes_remap40_newmodel_columns/column_0415.tsv to gs://carter-kneading-attempt048/attempt-051/grid1000_seq12_tmax1e5_gh0p01_prefixes_remap40_newmodel_columns/column_0415.tsv
Copying file:///home/carterhinsley/MultimodalMaps.jl/kneading/experiment/attempt-051/grid1000_seq12_tmax1e5_gh0p01_prefixes_remap40_newmodel_columns/column_0416.tsv to gs://carter-kneading-attempt048/attempt-051/grid1000_seq12_tmax1e5_gh0p01_prefixes_remap40_newmodel_columns/column_0416.tsv
Copying file:///home/carterhinsley/MultimodalMaps.jl/kneading/experiment/attempt-051/grid1000_seq12_tmax1e5_gh0p01_prefixes_remap40_newmodel_columns/column_0417.tsv to gs://carter-kneading-attempt048/attempt-051/grid1000_seq12_tmax1e5_gh0p01_prefixes_remap40_newmodel_columns/column_0417.tsv
Copying file:///home/carterhinsley/MultimodalMaps.jl/kneading/experiment/attempt-051/grid1000_seq12_tmax1e5_gh0p01_prefixes_remap40_newmodel_columns/column_0418.tsv to gs://carter-kneading-attempt048/attempt-051/grid1000_seq12_tmax1e5_gh0p01_prefixes_remap40_newmodel_columns/column_0418.tsv
Copying file:///home/carterhinsley/MultimodalMaps.jl/kneading/experiment/attempt-051/grid1000_seq12_tmax1e5_gh0p01_prefixes_remap40_newmodel_columns/column_0419.tsv to gs://carter-kneading-attempt048/attempt-051/grid1000_seq12_tmax1e5_gh0p01_prefixes_remap40_newmodel_columns/column_0419.tsv
Copying file:///home/carterhinsley/MultimodalMaps.jl/kneading/experiment/attempt-051/grid1000_seq12_tmax1e5_gh0p01_prefixes_remap40_newmodel_columns/column_0420.tsv to gs://carter-kneading-attempt048/attempt-051/grid1000_seq12_tmax1e5_gh0p01_prefixes_remap40_newmodel_columns/column_0420.tsv
Copying file:///home/carterhinsley/MultimodalMaps.jl/kneading/experiment/attempt-051/grid1000_seq12_tmax1e5_gh0p01_prefixes_remap40_newmodel_columns/column_0421.tsv to gs://carter-kneading-attempt048/attempt-051/grid1000_seq12_tmax1e5_gh0p01_prefixes_remap40_newmodel_columns/column_0421.tsv
Copying file:///home/carterhinsley/MultimodalMaps.jl/kneading/experiment/attempt-051/grid1000_seq12_tmax1e5_gh0p01_prefixes_remap40_newmodel_columns/column_0422.tsv to gs://carter-kneading-attempt048/attempt-051/grid1000_seq12_tmax1e5_gh0p01_prefixes_remap40_newmodel_columns/column_0422.tsv
.Copying file:///home/carterhinsley/MultimodalMaps.jl/kneading/experiment/attempt-051/grid1000_seq12_tmax1e5_gh0p01_prefixes_remap40_newmodel_columns/column_0423.tsv to gs://carter-kneading-attempt048/attempt-051/grid1000_seq12_tmax1e5_gh0p01_prefixes_remap40_newmodel_columns/column_0423.tsv
Copying file:///home/carterhinsley/MultimodalMaps.jl/kneading/experiment/attempt-051/grid1000_seq12_tmax1e5_gh0p01_prefixes_remap40_newmodel_columns/column_0424.tsv to gs://carter-kneading-attempt048/attempt-051/grid1000_seq12_tmax1e5_gh0p01_prefixes_remap40_newmodel_columns/column_0424.tsv
Copying file:///home/carterhinsley/MultimodalMaps.jl/kneading/experiment/attempt-051/grid1000_seq12_tmax1e5_gh0p01_prefixes_remap40_newmodel_columns/column_0425.tsv to gs://carter-kneading-attempt048/attempt-051/grid1000_seq12_tmax1e5_gh0p01_prefixes_remap40_newmodel_columns/column_0425.tsv
Copying file:///home/carterhinsley/MultimodalMaps.jl/kneading/experiment/attempt-051/grid1000_seq12_tmax1e5_gh0p01_prefixes_remap40_newmodel_columns/column_0426.tsv to gs://carter-kneading-attempt048/attempt-051/grid1000_seq12_tmax1e5_gh0p01_prefixes_remap40_newmodel_columns/column_0426.tsv
Copying file:///home/carterhinsley/MultimodalMaps.jl/kneading/experiment/attempt-051/grid1000_seq12_tmax1e5_gh0p01_prefixes_remap40_newmodel_columns/column_0427.tsv to gs://carter-kneading-attempt048/attempt-051/grid1000_seq12_tmax1e5_gh0p01_prefixes_remap40_newmodel_columns/column_0427.tsv
Copying file:///home/carterhinsley/MultimodalMaps.jl/kneading/experiment/attempt-051/grid1000_seq12_tmax1e5_gh0p01_prefixes_remap40_newmodel_columns/column_0428.tsv to gs://carter-kneading-attempt048/attempt-051/grid1000_seq12_tmax1e5_gh0p01_prefixes_remap40_newmodel_columns/column_0428.tsv
Copying file:///home/carterhinsley/MultimodalMaps.jl/kneading/experiment/attempt-051/grid1000_seq12_tmax1e5_gh0p01_prefixes_remap40_newmodel_columns/column_0429.tsv to gs://carter-kneading-attempt048/attempt-051/grid1000_seq12_tmax1e5_gh0p01_prefixes_remap40_newmodel_columns/column_0429.tsv
Copying file:///home/carterhinsley/MultimodalMaps.jl/kneading/experiment/attempt-051/grid1000_seq12_tmax1e5_gh0p01_prefixes_remap40_newmodel_columns/column_0430.tsv to gs://carter-kneading-attempt048/attempt-051/grid1000_seq12_tmax1e5_gh0p01_prefixes_remap40_newmodel_columns/column_0430.tsv
Copying file:///home/carterhinsley/MultimodalMaps.jl/kneading/experiment/attempt-051/grid1000_seq12_tmax1e5_gh0p01_prefixes_remap40_newmodel_columns/column_0431.tsv to gs://carter-kneading-attempt048/attempt-051/grid1000_seq12_tmax1e5_gh0p01_prefixes_remap40_newmodel_columns/column_0431.tsv
Copying file:///home/carterhinsley/MultimodalMaps.jl/kneading/experiment/attempt-051/grid1000_seq12_tmax1e5_gh0p01_prefixes_remap40_newmodel_columns/column_0432.tsv to gs://carter-kneading-attempt048/attempt-051/grid1000_seq12_tmax1e5_gh0p01_prefixes_remap40_newmodel_columns/column_0432.tsv
Copying file:///home/carterhinsley/MultimodalMaps.jl/kneading/experiment/attempt-051/grid1000_seq12_tmax1e5_gh0p01_prefixes_remap40_newmodel_columns/column_0433.tsv to gs://carter-kneading-attempt048/attempt-051/grid1000_seq12_tmax1e5_gh0p01_prefixes_remap40_newmodel_columns/column_0433.tsv
Copying file:///home/carterhinsley/MultimodalMaps.jl/kneading/experiment/attempt-051/grid1000_seq12_tmax1e5_gh0p01_prefixes_remap40_newmodel_columns/column_0434.tsv to gs://carter-kneading-attempt048/attempt-051/grid1000_seq12_tmax1e5_gh0p01_prefixes_remap40_newmodel_columns/column_0434.tsv
Copying file:///home/carterhinsley/MultimodalMaps.jl/kneading/experiment/attempt-051/grid1000_seq12_tmax1e5_gh0p01_prefixes_remap40_newmodel_columns/column_0435.tsv to gs://carter-kneading-attempt048/attempt-051/grid1000_seq12_tmax1e5_gh0p01_prefixes_remap40_newmodel_columns/column_0435.tsv
Copying file:///home/carterhinsley/MultimodalMaps.jl/kneading/experiment/attempt-051/grid1000_seq12_tmax1e5_gh0p01_prefixes_remap40_newmodel_columns/column_0436.tsv to gs://carter-kneading-attempt048/attempt-051/grid1000_seq12_tmax1e5_gh0p01_prefixes_remap40_newmodel_columns/column_0436.tsv
Copying file:///home/carterhinsley/MultimodalMaps.jl/kneading/experiment/attempt-051/grid1000_seq12_tmax1e5_gh0p01_prefixes_remap40_newmodel_columns/column_0437.tsv to gs://carter-kneading-attempt048/attempt-051/grid1000_seq12_tmax1e5_gh0p01_prefixes_remap40_newmodel_columns/column_0437.tsv
Copying file:///home/carterhinsley/MultimodalMaps.jl/kneading/experiment/attempt-051/grid1000_seq12_tmax1e5_gh0p01_prefixes_remap40_newmodel_columns/column_0438.tsv to gs://carter-kneading-attempt048/attempt-051/grid1000_seq12_tmax1e5_gh0p01_prefixes_remap40_newmodel_columns/column_0438.tsv
Copying file:///home/carterhinsley/MultimodalMaps.jl/kneading/experiment/attempt-051/grid1000_seq12_tmax1e5_gh0p01_prefixes_remap40_newmodel_columns/column_0439.tsv to gs://carter-kneading-attempt048/attempt-051/grid1000_seq12_tmax1e5_gh0p01_prefixes_remap40_newmodel_columns/column_0439.tsv
Copying file:///home/carterhinsley/MultimodalMaps.jl/kneading/experiment/attempt-051/grid1000_seq12_tmax1e5_gh0p01_prefixes_remap40_newmodel_columns/column_0440.tsv to gs://carter-kneading-attempt048/attempt-051/grid1000_seq12_tmax1e5_gh0p01_prefixes_remap40_newmodel_columns/column_0440.tsv
Copying file:///home/carterhinsley/MultimodalMaps.jl/kneading/experiment/attempt-051/grid1000_seq12_tmax1e5_gh0p01_prefixes_remap40_newmodel_columns/column_0441.tsv to gs://carter-kneading-attempt048/attempt-051/grid1000_seq12_tmax1e5_gh0p01_prefixes_remap40_newmodel_columns/column_0441.tsv
Copying file:///home/carterhinsley/MultimodalMaps.jl/kneading/experiment/attempt-051/grid1000_seq12_tmax1e5_gh0p01_prefixes_remap40_newmodel_columns/column_0442.tsv to gs://carter-kneading-attempt048/attempt-051/grid1000_seq12_tmax1e5_gh0p01_prefixes_remap40_newmodel_columns/column_0442.tsv
Copying file:///home/carterhinsley/MultimodalMaps.jl/kneading/experiment/attempt-051/grid1000_seq12_tmax1e5_gh0p01_prefixes_remap40_newmodel_columns/column_0443.tsv to gs://carter-kneading-attempt048/attempt-051/grid1000_seq12_tmax1e5_gh0p01_prefixes_remap40_newmodel_columns/column_0443.tsv
Copying file:///home/carterhinsley/MultimodalMaps.jl/kneading/experiment/attempt-051/grid1000_seq12_tmax1e5_gh0p01_prefixes_remap40_newmodel_columns/column_0444.tsv to gs://carter-kneading-attempt048/attempt-051/grid1000_seq12_tmax1e5_gh0p01_prefixes_remap40_newmodel_columns/column_0444.tsv
Copying file:///home/carterhinsley/MultimodalMaps.jl/kneading/experiment/attempt-051/grid1000_seq12_tmax1e5_gh0p01_prefixes_remap40_newmodel_columns/column_0445.tsv to gs://carter-kneading-attempt048/attempt-051/grid1000_seq12_tmax1e5_gh0p01_prefixes_remap40_newmodel_columns/column_0445.tsv
Copying file:///home/carterhinsley/MultimodalMaps.jl/kneading/experiment/attempt-051/grid1000_seq12_tmax1e5_gh0p01_prefixes_remap40_newmodel_columns/column_0446.tsv to gs://carter-kneading-attempt048/attempt-051/grid1000_seq12_tmax1e5_gh0p01_prefixes_remap40_newmodel_columns/column_0446.tsv
Copying file:///home/carterhinsley/MultimodalMaps.jl/kneading/experiment/attempt-051/grid1000_seq12_tmax1e5_gh0p01_prefixes_remap40_newmodel_columns/column_0447.tsv to gs://carter-kneading-attempt048/attempt-051/grid1000_seq12_tmax1e5_gh0p01_prefixes_remap40_newmodel_columns/column_0447.tsv
Copying file:///home/carterhinsley/MultimodalMaps.jl/kneading/experiment/attempt-051/grid1000_seq12_tmax1e5_gh0p01_prefixes_remap40_newmodel_columns/column_0448.tsv to gs://carter-kneading-attempt048/attempt-051/grid1000_seq12_tmax1e5_gh0p01_prefixes_remap40_newmodel_columns/column_0448.tsv
Copying file:///home/carterhinsley/MultimodalMaps.jl/kneading/experiment/attempt-051/grid1000_seq12_tmax1e5_gh0p01_prefixes_remap40_newmodel_columns/column_0449.tsv to gs://carter-kneading-attempt048/attempt-051/grid1000_seq12_tmax1e5_gh0p01_prefixes_remap40_newmodel_columns/column_0449.tsv
Copying file:///home/carterhinsley/MultimodalMaps.jl/kneading/experiment/attempt-051/grid1000_seq12_tmax1e5_gh0p01_prefixes_remap40_newmodel_columns/column_0450.tsv to gs://carter-kneading-attempt048/attempt-051/grid1000_seq12_tmax1e5_gh0p01_prefixes_remap40_newmodel_columns/column_0450.tsv
Copying file:///home/carterhinsley/MultimodalMaps.jl/kneading/experiment/attempt-051/grid1000_seq12_tmax1e5_gh0p01_prefixes_remap40_newmodel_columns/column_0451.tsv to gs://carter-kneading-attempt048/attempt-051/grid1000_seq12_tmax1e5_gh0p01_prefixes_remap40_newmodel_columns/column_0451.tsv
Copying file:///home/carterhinsley/MultimodalMaps.jl/kneading/experiment/attempt-051/grid1000_seq12_tmax1e5_gh0p01_prefixes_remap40_newmodel_columns/column_0452.tsv to gs://carter-kneading-attempt048/attempt-051/grid1000_seq12_tmax1e5_gh0p01_prefixes_remap40_newmodel_columns/column_0452.tsv
Copying file:///home/carterhinsley/MultimodalMaps.jl/kneading/experiment/attempt-051/grid1000_seq12_tmax1e5_gh0p01_prefixes_remap40_newmodel_columns/column_0453.tsv to gs://carter-kneading-attempt048/attempt-051/grid1000_seq12_tmax1e5_gh0p01_prefixes_remap40_newmodel_columns/column_0453.tsv
Copying file:///home/carterhinsley/MultimodalMaps.jl/kneading/experiment/attempt-051/grid1000_seq12_tmax1e5_gh0p01_prefixes_remap40_newmodel_columns/column_0454.tsv to gs://carter-kneading-attempt048/attempt-051/grid1000_seq12_tmax1e5_gh0p01_prefixes_remap40_newmodel_columns/column_0454.tsv
Copying file:///home/carterhinsley/MultimodalMaps.jl/kneading/experiment/attempt-051/grid1000_seq12_tmax1e5_gh0p01_prefixes_remap40_newmodel_columns/column_0455.tsv to gs://carter-kneading-attempt048/attempt-051/grid1000_seq12_tmax1e5_gh0p01_prefixes_remap40_newmodel_columns/column_0455.tsv
Copying file:///home/carterhinsley/MultimodalMaps.jl/kneading/experiment/attempt-051/grid1000_seq12_tmax1e5_gh0p01_prefixes_remap40_newmodel_columns/column_0456.tsv to gs://carter-kneading-attempt048/attempt-051/grid1000_seq12_tmax1e5_gh0p01_prefixes_remap40_newmodel_columns/column_0456.tsv
Copying file:///home/carterhinsley/MultimodalMaps.jl/kneading/experiment/attempt-051/grid1000_seq12_tmax1e5_gh0p01_prefixes_remap40_newmodel_columns/column_0457.tsv to gs://carter-kneading-attempt048/attempt-051/grid1000_seq12_tmax1e5_gh0p01_prefixes_remap40_newmodel_columns/column_0457.tsv
Copying file:///home/carterhinsley/MultimodalMaps.jl/kneading/experiment/attempt-051/grid1000_seq12_tmax1e5_gh0p01_prefixes_remap40_newmodel_columns/column_0458.tsv to gs://carter-kneading-attempt048/attempt-051/grid1000_seq12_tmax1e5_gh0p01_prefixes_remap40_newmodel_columns/column_0458.tsv
Copying file:///home/carterhinsley/MultimodalMaps.jl/kneading/experiment/attempt-051/grid1000_seq12_tmax1e5_gh0p01_prefixes_remap40_newmodel_columns/column_0459.tsv to gs://carter-kneading-attempt048/attempt-051/grid1000_seq12_tmax1e5_gh0p01_prefixes_remap40_newmodel_columns/column_0459.tsv
Copying file:///home/carterhinsley/MultimodalMaps.jl/kneading/experiment/attempt-051/grid1000_seq12_tmax1e5_gh0p01_prefixes_remap40_newmodel_columns/column_0460.tsv to gs://carter-kneading-attempt048/attempt-051/grid1000_seq12_tmax1e5_gh0p01_prefixes_remap40_newmodel_columns/column_0460.tsv
Copying file:///home/carterhinsley/MultimodalMaps.jl/kneading/experiment/attempt-051/grid1000_seq12_tmax1e5_gh0p01_prefixes_remap40_newmodel_columns/column_0461.tsv to gs://carter-kneading-attempt048/attempt-051/grid1000_seq12_tmax1e5_gh0p01_prefixes_remap40_newmodel_columns/column_0461.tsv
Copying file:///home/carterhinsley/MultimodalMaps.jl/kneading/experiment/attempt-051/grid1000_seq12_tmax1e5_gh0p01_prefixes_remap40_newmodel_columns/column_0462.tsv to gs://carter-kneading-attempt048/attempt-051/grid1000_seq12_tmax1e5_gh0p01_prefixes_remap40_newmodel_columns/column_0462.tsv
Copying file:///home/carterhinsley/MultimodalMaps.jl/kneading/experiment/attempt-051/grid1000_seq12_tmax1e5_gh0p01_prefixes_remap40_newmodel_columns/column_0463.tsv to gs://carter-kneading-attempt048/attempt-051/grid1000_seq12_tmax1e5_gh0p01_prefixes_remap40_newmodel_columns/column_0463.tsv
Copying file:///home/carterhinsley/MultimodalMaps.jl/kneading/experiment/attempt-051/grid1000_seq12_tmax1e5_gh0p01_prefixes_remap40_newmodel_columns/column_0464.tsv to gs://carter-kneading-attempt048/attempt-051/grid1000_seq12_tmax1e5_gh0p01_prefixes_remap40_newmodel_columns/column_0464.tsv
Copying file:///home/carterhinsley/MultimodalMaps.jl/kneading/experiment/attempt-051/grid1000_seq12_tmax1e5_gh0p01_prefixes_remap40_newmodel_columns/column_0465.tsv to gs://carter-kneading-attempt048/attempt-051/grid1000_seq12_tmax1e5_gh0p01_prefixes_remap40_newmodel_columns/column_0465.tsv
Copying file:///home/carterhinsley/MultimodalMaps.jl/kneading/experiment/attempt-051/grid1000_seq12_tmax1e5_gh0p01_prefixes_remap40_newmodel_columns/column_0466.tsv to gs://carter-kneading-attempt048/attempt-051/grid1000_seq12_tmax1e5_gh0p01_prefixes_remap40_newmodel_columns/column_0466.tsv
Copying file:///home/carterhinsley/MultimodalMaps.jl/kneading/experiment/attempt-051/grid1000_seq12_tmax1e5_gh0p01_prefixes_remap40_newmodel_columns/column_0467.tsv to gs://carter-kneading-attempt048/attempt-051/grid1000_seq12_tmax1e5_gh0p01_prefixes_remap40_newmodel_columns/column_0467.tsv
Copying file:///home/carterhinsley/MultimodalMaps.jl/kneading/experiment/attempt-051/grid1000_seq12_tmax1e5_gh0p01_prefixes_remap40_newmodel_columns/column_0468.tsv to gs://carter-kneading-attempt048/attempt-051/grid1000_seq12_tmax1e5_gh0p01_prefixes_remap40_newmodel_columns/column_0468.tsv
Copying file:///home/carterhinsley/MultimodalMaps.jl/kneading/experiment/attempt-051/grid1000_seq12_tmax1e5_gh0p01_prefixes_remap40_newmodel_columns/column_0469.tsv to gs://carter-kneading-attempt048/attempt-051/grid1000_seq12_tmax1e5_gh0p01_prefixes_remap40_newmodel_columns/column_0469.tsv
Copying file:///home/carterhinsley/MultimodalMaps.jl/kneading/experiment/attempt-051/grid1000_seq12_tmax1e5_gh0p01_prefixes_remap40_newmodel_columns/column_0470.tsv to gs://carter-kneading-attempt048/attempt-051/grid1000_seq12_tmax1e5_gh0p01_prefixes_remap40_newmodel_columns/column_0470.tsv
Copying file:///home/carterhinsley/MultimodalMaps.jl/kneading/experiment/attempt-051/grid1000_seq12_tmax1e5_gh0p01_prefixes_remap40_newmodel_columns/column_0471.tsv to gs://carter-kneading-attempt048/attempt-051/grid1000_seq12_tmax1e5_gh0p01_prefixes_remap40_newmodel_columns/column_0471.tsv
Copying file:///home/carterhinsley/MultimodalMaps.jl/kneading/experiment/attempt-051/grid1000_seq12_tmax1e5_gh0p01_prefixes_remap40_newmodel_columns/column_0472.tsv to gs://carter-kneading-attempt048/attempt-051/grid1000_seq12_tmax1e5_gh0p01_prefixes_remap40_newmodel_columns/column_0472.tsv
Copying file:///home/carterhinsley/MultimodalMaps.jl/kneading/experiment/attempt-051/grid1000_seq12_tmax1e5_gh0p01_prefixes_remap40_newmodel_columns/column_0473.tsv to gs://carter-kneading-attempt048/attempt-051/grid1000_seq12_tmax1e5_gh0p01_prefixes_remap40_newmodel_columns/column_0473.tsv
Copying file:///home/carterhinsley/MultimodalMaps.jl/kneading/experiment/attempt-051/grid1000_seq12_tmax1e5_gh0p01_prefixes_remap40_newmodel_columns/column_0474.tsv to gs://carter-kneading-attempt048/attempt-051/grid1000_seq12_tmax1e5_gh0p01_prefixes_remap40_newmodel_columns/column_0474.tsv
Copying file:///home/carterhinsley/MultimodalMaps.jl/kneading/experiment/attempt-051/grid1000_seq12_tmax1e5_gh0p01_prefixes_remap40_newmodel_columns/column_0475.tsv to gs://carter-kneading-attempt048/attempt-051/grid1000_seq12_tmax1e5_gh0p01_prefixes_remap40_newmodel_columns/column_0475.tsv
Copying file:///home/carterhinsley/MultimodalMaps.jl/kneading/experiment/attempt-051/grid1000_seq12_tmax1e5_gh0p01_prefixes_remap40_newmodel_columns/column_0476.tsv to gs://carter-kneading-attempt048/attempt-051/grid1000_seq12_tmax1e5_gh0p01_prefixes_remap40_newmodel_columns/column_0476.tsv
Copying file:///home/carterhinsley/MultimodalMaps.jl/kneading/experiment/attempt-051/grid1000_seq12_tmax1e5_gh0p01_prefixes_remap40_newmodel_columns/column_0477.tsv to gs://carter-kneading-attempt048/attempt-051/grid1000_seq12_tmax1e5_gh0p01_prefixes_remap40_newmodel_columns/column_0477.tsv
Copying file:///home/carterhinsley/MultimodalMaps.jl/kneading/experiment/attempt-051/grid1000_seq12_tmax1e5_gh0p01_prefixes_remap40_newmodel_columns/column_0478.tsv to gs://carter-kneading-attempt048/attempt-051/grid1000_seq12_tmax1e5_gh0p01_prefixes_remap40_newmodel_columns/column_0478.tsv
Copying file:///home/carterhinsley/MultimodalMaps.jl/kneading/experiment/attempt-051/grid1000_seq12_tmax1e5_gh0p01_prefixes_remap40_newmodel_columns/column_0479.tsv to gs://carter-kneading-attempt048/attempt-051/grid1000_seq12_tmax1e5_gh0p01_prefixes_remap40_newmodel_columns/column_0479.tsv
Copying file:///home/carterhinsley/MultimodalMaps.jl/kneading/experiment/attempt-051/grid1000_seq12_tmax1e5_gh0p01_prefixes_remap40_newmodel_columns/column_0480.tsv to gs://carter-kneading-attempt048/attempt-051/grid1000_seq12_tmax1e5_gh0p01_prefixes_remap40_newmodel_columns/column_0480.tsv
Copying file:///home/carterhinsley/MultimodalMaps.jl/kneading/experiment/attempt-051/grid1000_seq12_tmax1e5_gh0p01_prefixes_remap40_newmodel_columns/column_0481.tsv to gs://carter-kneading-attempt048/attempt-051/grid1000_seq12_tmax1e5_gh0p01_prefixes_remap40_newmodel_columns/column_0481.tsv
Copying file:///home/carterhinsley/MultimodalMaps.jl/kneading/experiment/attempt-051/grid1000_seq12_tmax1e5_gh0p01_prefixes_remap40_newmodel_columns/column_0482.tsv to gs://carter-kneading-attempt048/attempt-051/grid1000_seq12_tmax1e5_gh0p01_prefixes_remap40_newmodel_columns/column_0482.tsv
Copying file:///home/carterhinsley/MultimodalMaps.jl/kneading/experiment/attempt-051/grid1000_seq12_tmax1e5_gh0p01_prefixes_remap40_newmodel_columns/column_0483.tsv to gs://carter-kneading-attempt048/attempt-051/grid1000_seq12_tmax1e5_gh0p01_prefixes_remap40_newmodel_columns/column_0483.tsv
Copying file:///home/carterhinsley/MultimodalMaps.jl/kneading/experiment/attempt-051/grid1000_seq12_tmax1e5_gh0p01_prefixes_remap40_newmodel_columns/column_0484.tsv to gs://carter-kneading-attempt048/attempt-051/grid1000_seq12_tmax1e5_gh0p01_prefixes_remap40_newmodel_columns/column_0484.tsv
Copying file:///home/carterhinsley/MultimodalMaps.jl/kneading/experiment/attempt-051/grid1000_seq12_tmax1e5_gh0p01_prefixes_remap40_newmodel_columns/column_0485.tsv to gs://carter-kneading-attempt048/attempt-051/grid1000_seq12_tmax1e5_gh0p01_prefixes_remap40_newmodel_columns/column_0485.tsv
Copying file:///home/carterhinsley/MultimodalMaps.jl/kneading/experiment/attempt-051/grid1000_seq12_tmax1e5_gh0p01_prefixes_remap40_newmodel_columns/column_0486.tsv to gs://carter-kneading-attempt048/attempt-051/grid1000_seq12_tmax1e5_gh0p01_prefixes_remap40_newmodel_columns/column_0486.tsv
Copying file:///home/carterhinsley/MultimodalMaps.jl/kneading/experiment/attempt-051/grid1000_seq12_tmax1e5_gh0p01_prefixes_remap40_newmodel_columns/column_0487.tsv to gs://carter-kneading-attempt048/attempt-051/grid1000_seq12_tmax1e5_gh0p01_prefixes_remap40_newmodel_columns/column_0487.tsv
Copying file:///home/carterhinsley/MultimodalMaps.jl/kneading/experiment/attempt-051/grid1000_seq12_tmax1e5_gh0p01_prefixes_remap40_newmodel_columns/column_0488.tsv to gs://carter-kneading-attempt048/attempt-051/grid1000_seq12_tmax1e5_gh0p01_prefixes_remap40_newmodel_columns/column_0488.tsv
Copying file:///home/carterhinsley/MultimodalMaps.jl/kneading/experiment/attempt-051/grid1000_seq12_tmax1e5_gh0p01_prefixes_remap40_newmodel_columns/column_0489.tsv to gs://carter-kneading-attempt048/attempt-051/grid1000_seq12_tmax1e5_gh0p01_prefixes_remap40_newmodel_columns/column_0489.tsv
Copying file:///home/carterhinsley/MultimodalMaps.jl/kneading/experiment/attempt-051/grid1000_seq12_tmax1e5_gh0p01_prefixes_remap40_newmodel_columns/column_0490.tsv to gs://carter-kneading-attempt048/attempt-051/grid1000_seq12_tmax1e5_gh0p01_prefixes_remap40_newmodel_columns/column_0490.tsv
Copying file:///home/carterhinsley/MultimodalMaps.jl/kneading/experiment/attempt-051/grid1000_seq12_tmax1e5_gh0p01_prefixes_remap40_newmodel_columns/column_0491.tsv to gs://carter-kneading-attempt048/attempt-051/grid1000_seq12_tmax1e5_gh0p01_prefixes_remap40_newmodel_columns/column_0491.tsv
Copying file:///home/carterhinsley/MultimodalMaps.jl/kneading/experiment/attempt-051/grid1000_seq12_tmax1e5_gh0p01_prefixes_remap40_newmodel_columns/column_0492.tsv to gs://carter-kneading-attempt048/attempt-051/grid1000_seq12_tmax1e5_gh0p01_prefixes_remap40_newmodel_columns/column_0492.tsv
Copying file:///home/carterhinsley/MultimodalMaps.jl/kneading/experiment/attempt-051/grid1000_seq12_tmax1e5_gh0p01_prefixes_remap40_newmodel_columns/column_0493.tsv to gs://carter-kneading-attempt048/attempt-051/grid1000_seq12_tmax1e5_gh0p01_prefixes_remap40_newmodel_columns/column_0493.tsv
Copying file:///home/carterhinsley/MultimodalMaps.jl/kneading/experiment/attempt-051/grid1000_seq12_tmax1e5_gh0p01_prefixes_remap40_newmodel_columns/column_0494.tsv to gs://carter-kneading-attempt048/attempt-051/grid1000_seq12_tmax1e5_gh0p01_prefixes_remap40_newmodel_columns/column_0494.tsv
Copying file:///home/carterhinsley/MultimodalMaps.jl/kneading/experiment/attempt-051/grid1000_seq12_tmax1e5_gh0p01_prefixes_remap40_newmodel_columns/column_0495.tsv to gs://carter-kneading-attempt048/attempt-051/grid1000_seq12_tmax1e5_gh0p01_prefixes_remap40_newmodel_columns/column_0495.tsv
Copying file:///home/carterhinsley/MultimodalMaps.jl/kneading/experiment/attempt-051/grid1000_seq12_tmax1e5_gh0p01_prefixes_remap40_newmodel_columns/column_0496.tsv to gs://carter-kneading-attempt048/attempt-051/grid1000_seq12_tmax1e5_gh0p01_prefixes_remap40_newmodel_columns/column_0496.tsv
Copying file:///home/carterhinsley/MultimodalMaps.jl/kneading/experiment/attempt-051/grid1000_seq12_tmax1e5_gh0p01_prefixes_remap40_newmodel_columns/column_0497.tsv to gs://carter-kneading-attempt048/attempt-051/grid1000_seq12_tmax1e5_gh0p01_prefixes_remap40_newmodel_columns/column_0497.tsv
Copying file:///home/carterhinsley/MultimodalMaps.jl/kneading/experiment/attempt-051/grid1000_seq12_tmax1e5_gh0p01_prefixes_remap40_newmodel_columns/column_0498.tsv to gs://carter-kneading-attempt048/attempt-051/grid1000_seq12_tmax1e5_gh0p01_prefixes_remap40_newmodel_columns/column_0498.tsv
Copying file:///home/carterhinsley/MultimodalMaps.jl/kneading/experiment/attempt-051/grid1000_seq12_tmax1e5_gh0p01_prefixes_remap40_newmodel_columns/column_0499.tsv to gs://carter-kneading-attempt048/attempt-051/grid1000_seq12_tmax1e5_gh0p01_prefixes_remap40_newmodel_columns/column_0499.tsv
Copying file:///home/carterhinsley/MultimodalMaps.jl/kneading/experiment/attempt-051/grid1000_seq12_tmax1e5_gh0p01_prefixes_remap40_newmodel_columns/column_0500.tsv to gs://carter-kneading-attempt048/attempt-051/grid1000_seq12_tmax1e5_gh0p01_prefixes_remap40_newmodel_columns/column_0500.tsv
Copying file:///home/carterhinsley/MultimodalMaps.jl/kneading/experiment/attempt-051/grid1000_seq12_tmax1e5_gh0p01_prefixes_remap40_newmodel_columns/column_0501.tsv to gs://carter-kneading-attempt048/attempt-051/grid1000_seq12_tmax1e5_gh0p01_prefixes_remap40_newmodel_columns/column_0501.tsv
Copying file:///home/carterhinsley/MultimodalMaps.jl/kneading/experiment/attempt-051/grid1000_seq12_tmax1e5_gh0p01_prefixes_remap40_newmodel_columns/column_0502.tsv to gs://carter-kneading-attempt048/attempt-051/grid1000_seq12_tmax1e5_gh0p01_prefixes_remap40_newmodel_columns/column_0502.tsv
Copying file:///home/carterhinsley/MultimodalMaps.jl/kneading/experiment/attempt-051/grid1000_seq12_tmax1e5_gh0p01_prefixes_remap40_newmodel_columns/column_0503.tsv to gs://carter-kneading-attempt048/attempt-051/grid1000_seq12_tmax1e5_gh0p01_prefixes_remap40_newmodel_columns/column_0503.tsv
Copying file:///home/carterhinsley/MultimodalMaps.jl/kneading/experiment/attempt-051/grid1000_seq12_tmax1e5_gh0p01_prefixes_remap40_newmodel_columns/column_0504.tsv to gs://carter-kneading-attempt048/attempt-051/grid1000_seq12_tmax1e5_gh0p01_prefixes_remap40_newmodel_columns/column_0504.tsv
Copying file:///home/carterhinsley/MultimodalMaps.jl/kneading/experiment/attempt-051/grid1000_seq12_tmax1e5_gh0p01_prefixes_remap40_newmodel_columns/column_0505.tsv to gs://carter-kneading-attempt048/attempt-051/grid1000_seq12_tmax1e5_gh0p01_prefixes_remap40_newmodel_columns/column_0505.tsv
Copying file:///home/carterhinsley/MultimodalMaps.jl/kneading/experiment/attempt-051/grid1000_seq12_tmax1e5_gh0p01_prefixes_remap40_newmodel_columns/column_0506.tsv to gs://carter-kneading-attempt048/attempt-051/grid1000_seq12_tmax1e5_gh0p01_prefixes_remap40_newmodel_columns/column_0506.tsv
Copying file:///home/carterhinsley/MultimodalMaps.jl/kneading/experiment/attempt-051/grid1000_seq12_tmax1e5_gh0p01_prefixes_remap40_newmodel_columns/column_0507.tsv to gs://carter-kneading-attempt048/attempt-051/grid1000_seq12_tmax1e5_gh0p01_prefixes_remap40_newmodel_columns/column_0507.tsv
Copying file:///home/carterhinsley/MultimodalMaps.jl/kneading/experiment/attempt-051/grid1000_seq12_tmax1e5_gh0p01_prefixes_remap40_newmodel_columns/column_0508.tsv to gs://carter-kneading-attempt048/attempt-051/grid1000_seq12_tmax1e5_gh0p01_prefixes_remap40_newmodel_columns/column_0508.tsv
Copying file:///home/carterhinsley/MultimodalMaps.jl/kneading/experiment/attempt-051/grid1000_seq12_tmax1e5_gh0p01_prefixes_remap40_newmodel_columns/column_0509.tsv to gs://carter-kneading-attempt048/attempt-051/grid1000_seq12_tmax1e5_gh0p01_prefixes_remap40_newmodel_columns/column_0509.tsv
Copying file:///home/carterhinsley/MultimodalMaps.jl/kneading/experiment/attempt-051/grid1000_seq12_tmax1e5_gh0p01_prefixes_remap40_newmodel_columns/column_0510.tsv to gs://carter-kneading-attempt048/attempt-051/grid1000_seq12_tmax1e5_gh0p01_prefixes_remap40_newmodel_columns/column_0510.tsv
Copying file:///home/carterhinsley/MultimodalMaps.jl/kneading/experiment/attempt-051/grid1000_seq12_tmax1e5_gh0p01_prefixes_remap40_newmodel_columns/column_0511.tsv to gs://carter-kneading-attempt048/attempt-051/grid1000_seq12_tmax1e5_gh0p01_prefixes_remap40_newmodel_columns/column_0511.tsv
Copying file:///home/carterhinsley/MultimodalMaps.jl/kneading/experiment/attempt-051/grid1000_seq12_tmax1e5_gh0p01_prefixes_remap40_newmodel_columns/column_0512.tsv to gs://carter-kneading-attempt048/attempt-051/grid1000_seq12_tmax1e5_gh0p01_prefixes_remap40_newmodel_columns/column_0512.tsv
Copying file:///home/carterhinsley/MultimodalMaps.jl/kneading/experiment/attempt-051/grid1000_seq12_tmax1e5_gh0p01_prefixes_remap40_newmodel_columns/column_0513.tsv to gs://carter-kneading-attempt048/attempt-051/grid1000_seq12_tmax1e5_gh0p01_prefixes_remap40_newmodel_columns/column_0513.tsv
Copying file:///home/carterhinsley/MultimodalMaps.jl/kneading/experiment/attempt-051/grid1000_seq12_tmax1e5_gh0p01_prefixes_remap40_newmodel_columns/column_0514.tsv to gs://carter-kneading-attempt048/attempt-051/grid1000_seq12_tmax1e5_gh0p01_prefixes_remap40_newmodel_columns/column_0514.tsv
Copying file:///home/carterhinsley/MultimodalMaps.jl/kneading/experiment/attempt-051/grid1000_seq12_tmax1e5_gh0p01_prefixes_remap40_newmodel_columns/column_0515.tsv to gs://carter-kneading-attempt048/attempt-051/grid1000_seq12_tmax1e5_gh0p01_prefixes_remap40_newmodel_columns/column_0515.tsv
Copying file:///home/carterhinsley/MultimodalMaps.jl/kneading/experiment/attempt-051/grid1000_seq12_tmax1e5_gh0p01_prefixes_remap40_newmodel_columns/column_0516.tsv to gs://carter-kneading-attempt048/attempt-051/grid1000_seq12_tmax1e5_gh0p01_prefixes_remap40_newmodel_columns/column_0516.tsv
Copying file:///home/carterhinsley/MultimodalMaps.jl/kneading/experiment/attempt-051/grid1000_seq12_tmax1e5_gh0p01_prefixes_remap40_newmodel_columns/column_0517.tsv to gs://carter-kneading-attempt048/attempt-051/grid1000_seq12_tmax1e5_gh0p01_prefixes_remap40_newmodel_columns/column_0517.tsv
Copying file:///home/carterhinsley/MultimodalMaps.jl/kneading/experiment/attempt-051/grid1000_seq12_tmax1e5_gh0p01_prefixes_remap40_newmodel_columns/column_0518.tsv to gs://carter-kneading-attempt048/attempt-051/grid1000_seq12_tmax1e5_gh0p01_prefixes_remap40_newmodel_columns/column_0518.tsv
Copying file:///home/carterhinsley/MultimodalMaps.jl/kneading/experiment/attempt-051/grid1000_seq12_tmax1e5_gh0p01_prefixes_remap40_newmodel_columns/column_0519.tsv to gs://carter-kneading-attempt048/attempt-051/grid1000_seq12_tmax1e5_gh0p01_prefixes_remap40_newmodel_columns/column_0519.tsv
Copying file:///home/carterhinsley/MultimodalMaps.jl/kneading/experiment/attempt-051/grid1000_seq12_tmax1e5_gh0p01_prefixes_remap40_newmodel_columns/column_0520.tsv to gs://carter-kneading-attempt048/attempt-051/grid1000_seq12_tmax1e5_gh0p01_prefixes_remap40_newmodel_columns/column_0520.tsv
Copying file:///home/carterhinsley/MultimodalMaps.jl/kneading/experiment/attempt-051/grid1000_seq12_tmax1e5_gh0p01_prefixes_remap40_newmodel_columns/column_0521.tsv to gs://carter-kneading-attempt048/attempt-051/grid1000_seq12_tmax1e5_gh0p01_prefixes_remap40_newmodel_columns/column_0521.tsv
Copying file:///home/carterhinsley/MultimodalMaps.jl/kneading/experiment/attempt-051/grid1000_seq12_tmax1e5_gh0p01_prefixes_remap40_newmodel_columns/column_0522.tsv to gs://carter-kneading-attempt048/attempt-051/grid1000_seq12_tmax1e5_gh0p01_prefixes_remap40_newmodel_columns/column_0522.tsv
Copying file:///home/carterhinsley/MultimodalMaps.jl/kneading/experiment/attempt-051/grid1000_seq12_tmax1e5_gh0p01_prefixes_remap40_newmodel_columns/column_0523.tsv to gs://carter-kneading-attempt048/attempt-051/grid1000_seq12_tmax1e5_gh0p01_prefixes_remap40_newmodel_columns/column_0523.tsv
Copying file:///home/carterhinsley/MultimodalMaps.jl/kneading/experiment/attempt-051/grid1000_seq12_tmax1e5_gh0p01_prefixes_remap40_newmodel_columns/column_0524.tsv to gs://carter-kneading-attempt048/attempt-051/grid1000_seq12_tmax1e5_gh0p01_prefixes_remap40_newmodel_columns/column_0524.tsv
Copying file:///home/carterhinsley/MultimodalMaps.jl/kneading/experiment/attempt-051/grid1000_seq12_tmax1e5_gh0p01_prefixes_remap40_newmodel_columns/column_0525.tsv to gs://carter-kneading-attempt048/attempt-051/grid1000_seq12_tmax1e5_gh0p01_prefixes_remap40_newmodel_columns/column_0525.tsv
Copying file:///home/carterhinsley/MultimodalMaps.jl/kneading/experiment/attempt-051/grid1000_seq12_tmax1e5_gh0p01_prefixes_remap40_newmodel_columns/column_0526.tsv to gs://carter-kneading-attempt048/attempt-051/grid1000_seq12_tmax1e5_gh0p01_prefixes_remap40_newmodel_columns/column_0526.tsv
Copying file:///home/carterhinsley/MultimodalMaps.jl/kneading/experiment/attempt-051/grid1000_seq12_tmax1e5_gh0p01_prefixes_remap40_newmodel_columns/column_0527.tsv to gs://carter-kneading-attempt048/attempt-051/grid1000_seq12_tmax1e5_gh0p01_prefixes_remap40_newmodel_columns/column_0527.tsv
Copying file:///home/carterhinsley/MultimodalMaps.jl/kneading/experiment/attempt-051/grid1000_seq12_tmax1e5_gh0p01_prefixes_remap40_newmodel_columns/column_0528.tsv to gs://carter-kneading-attempt048/attempt-051/grid1000_seq12_tmax1e5_gh0p01_prefixes_remap40_newmodel_columns/column_0528.tsv
Copying file:///home/carterhinsley/MultimodalMaps.jl/kneading/experiment/attempt-051/grid1000_seq12_tmax1e5_gh0p01_prefixes_remap40_newmodel_columns/column_0529.tsv to gs://carter-kneading-attempt048/attempt-051/grid1000_seq12_tmax1e5_gh0p01_prefixes_remap40_newmodel_columns/column_0529.tsv
Copying file:///home/carterhinsley/MultimodalMaps.jl/kneading/experiment/attempt-051/grid1000_seq12_tmax1e5_gh0p01_prefixes_remap40_newmodel_columns/column_0530.tsv to gs://carter-kneading-attempt048/attempt-051/grid1000_seq12_tmax1e5_gh0p01_prefixes_remap40_newmodel_columns/column_0530.tsv
Copying file:///home/carterhinsley/MultimodalMaps.jl/kneading/experiment/attempt-051/grid1000_seq12_tmax1e5_gh0p01_prefixes_remap40_newmodel_columns/column_0531.tsv to gs://carter-kneading-attempt048/attempt-051/grid1000_seq12_tmax1e5_gh0p01_prefixes_remap40_newmodel_columns/column_0531.tsv
Copying file:///home/carterhinsley/MultimodalMaps.jl/kneading/experiment/attempt-051/grid1000_seq12_tmax1e5_gh0p01_prefixes_remap40_newmodel_columns/column_0532.tsv to gs://carter-kneading-attempt048/attempt-051/grid1000_seq12_tmax1e5_gh0p01_prefixes_remap40_newmodel_columns/column_0532.tsv
Copying file:///home/carterhinsley/MultimodalMaps.jl/kneading/experiment/attempt-051/grid1000_seq12_tmax1e5_gh0p01_prefixes_remap40_newmodel_columns/column_0533.tsv to gs://carter-kneading-attempt048/attempt-051/grid1000_seq12_tmax1e5_gh0p01_prefixes_remap40_newmodel_columns/column_0533.tsv
Copying file:///home/carterhinsley/MultimodalMaps.jl/kneading/experiment/attempt-051/grid1000_seq12_tmax1e5_gh0p01_prefixes_remap40_newmodel_columns/column_0534.tsv to gs://carter-kneading-attempt048/attempt-051/grid1000_seq12_tmax1e5_gh0p01_prefixes_remap40_newmodel_columns/column_0534.tsv
Copying file:///home/carterhinsley/MultimodalMaps.jl/kneading/experiment/attempt-051/grid1000_seq12_tmax1e5_gh0p01_prefixes_remap40_newmodel_columns/column_0535.tsv to gs://carter-kneading-attempt048/attempt-051/grid1000_seq12_tmax1e5_gh0p01_prefixes_remap40_newmodel_columns/column_0535.tsv
Copying file:///home/carterhinsley/MultimodalMaps.jl/kneading/experiment/attempt-051/grid1000_seq12_tmax1e5_gh0p01_prefixes_remap40_newmodel_columns/column_0536.tsv to gs://carter-kneading-attempt048/attempt-051/grid1000_seq12_tmax1e5_gh0p01_prefixes_remap40_newmodel_columns/column_0536.tsv
Copying file:///home/carterhinsley/MultimodalMaps.jl/kneading/experiment/attempt-051/grid1000_seq12_tmax1e5_gh0p01_prefixes_remap40_newmodel_columns/column_0537.tsv to gs://carter-kneading-attempt048/attempt-051/grid1000_seq12_tmax1e5_gh0p01_prefixes_remap40_newmodel_columns/column_0537.tsv
Copying file:///home/carterhinsley/MultimodalMaps.jl/kneading/experiment/attempt-051/grid1000_seq12_tmax1e5_gh0p01_prefixes_remap40_newmodel_columns/column_0538.tsv to gs://carter-kneading-attempt048/attempt-051/grid1000_seq12_tmax1e5_gh0p01_prefixes_remap40_newmodel_columns/column_0538.tsv
Copying file:///home/carterhinsley/MultimodalMaps.jl/kneading/experiment/attempt-051/grid1000_seq12_tmax1e5_gh0p01_prefixes_remap40_newmodel_columns/column_0539.tsv to gs://carter-kneading-attempt048/attempt-051/grid1000_seq12_tmax1e5_gh0p01_prefixes_remap40_newmodel_columns/column_0539.tsv
Copying file:///home/carterhinsley/MultimodalMaps.jl/kneading/experiment/attempt-051/grid1000_seq12_tmax1e5_gh0p01_prefixes_remap40_newmodel_columns/column_0540.tsv to gs://carter-kneading-attempt048/attempt-051/grid1000_seq12_tmax1e5_gh0p01_prefixes_remap40_newmodel_columns/column_0540.tsv
Copying file:///home/carterhinsley/MultimodalMaps.jl/kneading/experiment/attempt-051/grid1000_seq12_tmax1e5_gh0p01_prefixes_remap40_newmodel_columns/column_0541.tsv to gs://carter-kneading-attempt048/attempt-051/grid1000_seq12_tmax1e5_gh0p01_prefixes_remap40_newmodel_columns/column_0541.tsv
Copying file:///home/carterhinsley/MultimodalMaps.jl/kneading/experiment/attempt-051/grid1000_seq12_tmax1e5_gh0p01_prefixes_remap40_newmodel_columns/column_0542.tsv to gs://carter-kneading-attempt048/attempt-051/grid1000_seq12_tmax1e5_gh0p01_prefixes_remap40_newmodel_columns/column_0542.tsv
Copying file:///home/carterhinsley/MultimodalMaps.jl/kneading/experiment/attempt-051/grid1000_seq12_tmax1e5_gh0p01_prefixes_remap40_newmodel_columns/column_0543.tsv to gs://carter-kneading-attempt048/attempt-051/grid1000_seq12_tmax1e5_gh0p01_prefixes_remap40_newmodel_columns/column_0543.tsv
Copying file:///home/carterhinsley/MultimodalMaps.jl/kneading/experiment/attempt-051/grid1000_seq12_tmax1e5_gh0p01_prefixes_remap40_newmodel_columns/column_0544.tsv to gs://carter-kneading-attempt048/attempt-051/grid1000_seq12_tmax1e5_gh0p01_prefixes_remap40_newmodel_columns/column_0544.tsv
Copying file:///home/carterhinsley/MultimodalMaps.jl/kneading/experiment/attempt-051/grid1000_seq12_tmax1e5_gh0p01_prefixes_remap40_newmodel_columns/column_0545.tsv to gs://carter-kneading-attempt048/attempt-051/grid1000_seq12_tmax1e5_gh0p01_prefixes_remap40_newmodel_columns/column_0545.tsv
Copying file:///home/carterhinsley/MultimodalMaps.jl/kneading/experiment/attempt-051/grid1000_seq12_tmax1e5_gh0p01_prefixes_remap40_newmodel_columns/column_0546.tsv to gs://carter-kneading-attempt048/attempt-051/grid1000_seq12_tmax1e5_gh0p01_prefixes_remap40_newmodel_columns/column_0546.tsv
Copying file:///home/carterhinsley/MultimodalMaps.jl/kneading/experiment/attempt-051/grid1000_seq12_tmax1e5_gh0p01_prefixes_remap40_newmodel_columns/column_0547.tsv to gs://carter-kneading-attempt048/attempt-051/grid1000_seq12_tmax1e5_gh0p01_prefixes_remap40_newmodel_columns/column_0547.tsv
Copying file:///home/carterhinsley/MultimodalMaps.jl/kneading/experiment/attempt-051/grid1000_seq12_tmax1e5_gh0p01_prefixes_remap40_newmodel_columns/column_0548.tsv to gs://carter-kneading-attempt048/attempt-051/grid1000_seq12_tmax1e5_gh0p01_prefixes_remap40_newmodel_columns/column_0548.tsv
Copying file:///home/carterhinsley/MultimodalMaps.jl/kneading/experiment/attempt-051/grid1000_seq12_tmax1e5_gh0p01_prefixes_remap40_newmodel_columns/column_0549.tsv to gs://carter-kneading-attempt048/attempt-051/grid1000_seq12_tmax1e5_gh0p01_prefixes_remap40_newmodel_columns/column_0549.tsv
Copying file:///home/carterhinsley/MultimodalMaps.jl/kneading/experiment/attempt-051/grid1000_seq12_tmax1e5_gh0p01_prefixes_remap40_newmodel_columns/column_0550.tsv to gs://carter-kneading-attempt048/attempt-051/grid1000_seq12_tmax1e5_gh0p01_prefixes_remap40_newmodel_columns/column_0550.tsv
Copying file:///home/carterhinsley/MultimodalMaps.jl/kneading/experiment/attempt-051/grid1000_seq12_tmax1e5_gh0p01_prefixes_remap40_newmodel_columns/column_0551.tsv to gs://carter-kneading-attempt048/attempt-051/grid1000_seq12_tmax1e5_gh0p01_prefixes_remap40_newmodel_columns/column_0551.tsv
Copying file:///home/carterhinsley/MultimodalMaps.jl/kneading/experiment/attempt-051/grid1000_seq12_tmax1e5_gh0p01_prefixes_remap40_newmodel_columns/column_0552.tsv to gs://carter-kneading-attempt048/attempt-051/grid1000_seq12_tmax1e5_gh0p01_prefixes_remap40_newmodel_columns/column_0552.tsv
Copying file:///home/carterhinsley/MultimodalMaps.jl/kneading/experiment/attempt-051/grid1000_seq12_tmax1e5_gh0p01_prefixes_remap40_newmodel_columns/column_0553.tsv to gs://carter-kneading-attempt048/attempt-051/grid1000_seq12_tmax1e5_gh0p01_prefixes_remap40_newmodel_columns/column_0553.tsv
Copying file:///home/carterhinsley/MultimodalMaps.jl/kneading/experiment/attempt-051/grid1000_seq12_tmax1e5_gh0p01_prefixes_remap40_newmodel_columns/column_0554.tsv to gs://carter-kneading-attempt048/attempt-051/grid1000_seq12_tmax1e5_gh0p01_prefixes_remap40_newmodel_columns/column_0554.tsv
Copying file:///home/carterhinsley/MultimodalMaps.jl/kneading/experiment/attempt-051/grid1000_seq12_tmax1e5_gh0p01_prefixes_remap40_newmodel_columns/column_0555.tsv to gs://carter-kneading-attempt048/attempt-051/grid1000_seq12_tmax1e5_gh0p01_prefixes_remap40_newmodel_columns/column_0555.tsv
Copying file:///home/carterhinsley/MultimodalMaps.jl/kneading/experiment/attempt-051/grid1000_seq12_tmax1e5_gh0p01_prefixes_remap40_newmodel_columns/column_0556.tsv to gs://carter-kneading-attempt048/attempt-051/grid1000_seq12_tmax1e5_gh0p01_prefixes_remap40_newmodel_columns/column_0556.tsv
Copying file:///home/carterhinsley/MultimodalMaps.jl/kneading/experiment/attempt-051/grid1000_seq12_tmax1e5_gh0p01_prefixes_remap40_newmodel_columns/column_0557.tsv to gs://carter-kneading-attempt048/attempt-051/grid1000_seq12_tmax1e5_gh0p01_prefixes_remap40_newmodel_columns/column_0557.tsv
Copying file:///home/carterhinsley/MultimodalMaps.jl/kneading/experiment/attempt-051/grid1000_seq12_tmax1e5_gh0p01_prefixes_remap40_newmodel_columns/column_0558.tsv to gs://carter-kneading-attempt048/attempt-051/grid1000_seq12_tmax1e5_gh0p01_prefixes_remap40_newmodel_columns/column_0558.tsv
Copying file:///home/carterhinsley/MultimodalMaps.jl/kneading/experiment/attempt-051/grid1000_seq12_tmax1e5_gh0p01_prefixes_remap40_newmodel_columns/column_0559.tsv to gs://carter-kneading-attempt048/attempt-051/grid1000_seq12_tmax1e5_gh0p01_prefixes_remap40_newmodel_columns/column_0559.tsv
Copying file:///home/carterhinsley/MultimodalMaps.jl/kneading/experiment/attempt-051/grid1000_seq12_tmax1e5_gh0p01_prefixes_remap40_newmodel_columns/column_0560.tsv to gs://carter-kneading-attempt048/attempt-051/grid1000_seq12_tmax1e5_gh0p01_prefixes_remap40_newmodel_columns/column_0560.tsv
Copying file:///home/carterhinsley/MultimodalMaps.jl/kneading/experiment/attempt-051/grid1000_seq12_tmax1e5_gh0p01_prefixes_remap40_newmodel_columns/column_0561.tsv to gs://carter-kneading-attempt048/attempt-051/grid1000_seq12_tmax1e5_gh0p01_prefixes_remap40_newmodel_columns/column_0561.tsv
Copying file:///home/carterhinsley/MultimodalMaps.jl/kneading/experiment/attempt-051/grid1000_seq12_tmax1e5_gh0p01_prefixes_remap40_newmodel_columns/column_0562.tsv to gs://carter-kneading-attempt048/attempt-051/grid1000_seq12_tmax1e5_gh0p01_prefixes_remap40_newmodel_columns/column_0562.tsv
Copying file:///home/carterhinsley/MultimodalMaps.jl/kneading/experiment/attempt-051/grid1000_seq12_tmax1e5_gh0p01_prefixes_remap40_newmodel_columns/column_0563.tsv to gs://carter-kneading-attempt048/attempt-051/grid1000_seq12_tmax1e5_gh0p01_prefixes_remap40_newmodel_columns/column_0563.tsv
Copying file:///home/carterhinsley/MultimodalMaps.jl/kneading/experiment/attempt-051/grid1000_seq12_tmax1e5_gh0p01_prefixes_remap40_newmodel_columns/column_0564.tsv to gs://carter-kneading-attempt048/attempt-051/grid1000_seq12_tmax1e5_gh0p01_prefixes_remap40_newmodel_columns/column_0564.tsv
Copying file:///home/carterhinsley/MultimodalMaps.jl/kneading/experiment/attempt-051/grid1000_seq12_tmax1e5_gh0p01_prefixes_remap40_newmodel_columns/column_0565.tsv to gs://carter-kneading-attempt048/attempt-051/grid1000_seq12_tmax1e5_gh0p01_prefixes_remap40_newmodel_columns/column_0565.tsv
Copying file:///home/carterhinsley/MultimodalMaps.jl/kneading/experiment/attempt-051/grid1000_seq12_tmax1e5_gh0p01_prefixes_remap40_newmodel_columns/column_0566.tsv to gs://carter-kneading-attempt048/attempt-051/grid1000_seq12_tmax1e5_gh0p01_prefixes_remap40_newmodel_columns/column_0566.tsv
Copying file:///home/carterhinsley/MultimodalMaps.jl/kneading/experiment/attempt-051/grid1000_seq12_tmax1e5_gh0p01_prefixes_remap40_newmodel_columns/column_0567.tsv to gs://carter-kneading-attempt048/attempt-051/grid1000_seq12_tmax1e5_gh0p01_prefixes_remap40_newmodel_columns/column_0567.tsv
Copying file:///home/carterhinsley/MultimodalMaps.jl/kneading/experiment/attempt-051/grid1000_seq12_tmax1e5_gh0p01_prefixes_remap40_newmodel_columns/column_0568.tsv to gs://carter-kneading-attempt048/attempt-051/grid1000_seq12_tmax1e5_gh0p01_prefixes_remap40_newmodel_columns/column_0568.tsv
Copying file:///home/carterhinsley/MultimodalMaps.jl/kneading/experiment/attempt-051/grid1000_seq12_tmax1e5_gh0p01_prefixes_remap40_newmodel_columns/column_0569.tsv to gs://carter-kneading-attempt048/attempt-051/grid1000_seq12_tmax1e5_gh0p01_prefixes_remap40_newmodel_columns/column_0569.tsv
Copying file:///home/carterhinsley/MultimodalMaps.jl/kneading/experiment/attempt-051/grid1000_seq12_tmax1e5_gh0p01_prefixes_remap40_newmodel_columns/column_0570.tsv to gs://carter-kneading-attempt048/attempt-051/grid1000_seq12_tmax1e5_gh0p01_prefixes_remap40_newmodel_columns/column_0570.tsv
Copying file:///home/carterhinsley/MultimodalMaps.jl/kneading/experiment/attempt-051/grid1000_seq12_tmax1e5_gh0p01_prefixes_remap40_newmodel_columns/column_0571.tsv to gs://carter-kneading-attempt048/attempt-051/grid1000_seq12_tmax1e5_gh0p01_prefixes_remap40_newmodel_columns/column_0571.tsv
Copying file:///home/carterhinsley/MultimodalMaps.jl/kneading/experiment/attempt-051/grid1000_seq12_tmax1e5_gh0p01_prefixes_remap40_newmodel_columns/column_0572.tsv to gs://carter-kneading-attempt048/attempt-051/grid1000_seq12_tmax1e5_gh0p01_prefixes_remap40_newmodel_columns/column_0572.tsv
Copying file:///home/carterhinsley/MultimodalMaps.jl/kneading/experiment/attempt-051/grid1000_seq12_tmax1e5_gh0p01_prefixes_remap40_newmodel_columns/column_0573.tsv to gs://carter-kneading-attempt048/attempt-051/grid1000_seq12_tmax1e5_gh0p01_prefixes_remap40_newmodel_columns/column_0573.tsv
Copying file:///home/carterhinsley/MultimodalMaps.jl/kneading/experiment/attempt-051/grid1000_seq12_tmax1e5_gh0p01_prefixes_remap40_newmodel_columns/column_0574.tsv to gs://carter-kneading-attempt048/attempt-051/grid1000_seq12_tmax1e5_gh0p01_prefixes_remap40_newmodel_columns/column_0574.tsv
Copying file:///home/carterhinsley/MultimodalMaps.jl/kneading/experiment/attempt-051/grid1000_seq12_tmax1e5_gh0p01_prefixes_remap40_newmodel_columns/column_0575.tsv to gs://carter-kneading-attempt048/attempt-051/grid1000_seq12_tmax1e5_gh0p01_prefixes_remap40_newmodel_columns/column_0575.tsv
Copying file:///home/carterhinsley/MultimodalMaps.jl/kneading/experiment/attempt-051/grid1000_seq12_tmax1e5_gh0p01_prefixes_remap40_newmodel_columns/column_0576.tsv to gs://carter-kneading-attempt048/attempt-051/grid1000_seq12_tmax1e5_gh0p01_prefixes_remap40_newmodel_columns/column_0576.tsv
Copying file:///home/carterhinsley/MultimodalMaps.jl/kneading/experiment/attempt-051/grid1000_seq12_tmax1e5_gh0p01_prefixes_remap40_newmodel_columns/column_0577.tsv to gs://carter-kneading-attempt048/attempt-051/grid1000_seq12_tmax1e5_gh0p01_prefixes_remap40_newmodel_columns/column_0577.tsv
Copying file:///home/carterhinsley/MultimodalMaps.jl/kneading/experiment/attempt-051/grid1000_seq12_tmax1e5_gh0p01_prefixes_remap40_newmodel_columns/column_0578.tsv to gs://carter-kneading-attempt048/attempt-051/grid1000_seq12_tmax1e5_gh0p01_prefixes_remap40_newmodel_columns/column_0578.tsv
Copying file:///home/carterhinsley/MultimodalMaps.jl/kneading/experiment/attempt-051/grid1000_seq12_tmax1e5_gh0p01_prefixes_remap40_newmodel_columns/column_0579.tsv to gs://carter-kneading-attempt048/attempt-051/grid1000_seq12_tmax1e5_gh0p01_prefixes_remap40_newmodel_columns/column_0579.tsv
Copying file:///home/carterhinsley/MultimodalMaps.jl/kneading/experiment/attempt-051/grid1000_seq12_tmax1e5_gh0p01_prefixes_remap40_newmodel_columns/column_0580.tsv to gs://carter-kneading-attempt048/attempt-051/grid1000_seq12_tmax1e5_gh0p01_prefixes_remap40_newmodel_columns/column_0580.tsv
Copying file:///home/carterhinsley/MultimodalMaps.jl/kneading/experiment/attempt-051/grid1000_seq12_tmax1e5_gh0p01_prefixes_remap40_newmodel_columns/column_0581.tsv to gs://carter-kneading-attempt048/attempt-051/grid1000_seq12_tmax1e5_gh0p01_prefixes_remap40_newmodel_columns/column_0581.tsv
Copying file:///home/carterhinsley/MultimodalMaps.jl/kneading/experiment/attempt-051/grid1000_seq12_tmax1e5_gh0p01_prefixes_remap40_newmodel_columns/column_0582.tsv to gs://carter-kneading-attempt048/attempt-051/grid1000_seq12_tmax1e5_gh0p01_prefixes_remap40_newmodel_columns/column_0582.tsv
Copying file:///home/carterhinsley/MultimodalMaps.jl/kneading/experiment/attempt-051/grid1000_seq12_tmax1e5_gh0p01_prefixes_remap40_newmodel_columns/column_0583.tsv to gs://carter-kneading-attempt048/attempt-051/grid1000_seq12_tmax1e5_gh0p01_prefixes_remap40_newmodel_columns/column_0583.tsv
Copying file:///home/carterhinsley/MultimodalMaps.jl/kneading/experiment/attempt-051/grid1000_seq12_tmax1e5_gh0p01_prefixes_remap40_newmodel_columns/column_0584.tsv to gs://carter-kneading-attempt048/attempt-051/grid1000_seq12_tmax1e5_gh0p01_prefixes_remap40_newmodel_columns/column_0584.tsv
Copying file:///home/carterhinsley/MultimodalMaps.jl/kneading/experiment/attempt-051/grid1000_seq12_tmax1e5_gh0p01_prefixes_remap40_newmodel_columns/column_0585.tsv to gs://carter-kneading-attempt048/attempt-051/grid1000_seq12_tmax1e5_gh0p01_prefixes_remap40_newmodel_columns/column_0585.tsv
Copying file:///home/carterhinsley/MultimodalMaps.jl/kneading/experiment/attempt-051/grid1000_seq12_tmax1e5_gh0p01_prefixes_remap40_newmodel_columns/column_0586.tsv to gs://carter-kneading-attempt048/attempt-051/grid1000_seq12_tmax1e5_gh0p01_prefixes_remap40_newmodel_columns/column_0586.tsv
Copying file:///home/carterhinsley/MultimodalMaps.jl/kneading/experiment/attempt-051/grid1000_seq12_tmax1e5_gh0p01_prefixes_remap40_newmodel_columns/column_0587.tsv to gs://carter-kneading-attempt048/attempt-051/grid1000_seq12_tmax1e5_gh0p01_prefixes_remap40_newmodel_columns/column_0587.tsv
.Copying file:///home/carterhinsley/MultimodalMaps.jl/kneading/experiment/attempt-051/grid1000_seq12_tmax1e5_gh0p01_prefixes_remap40_newmodel_columns/column_0588.tsv to gs://carter-kneading-attempt048/attempt-051/grid1000_seq12_tmax1e5_gh0p01_prefixes_remap40_newmodel_columns/column_0588.tsv
Copying file:///home/carterhinsley/MultimodalMaps.jl/kneading/experiment/attempt-051/grid1000_seq12_tmax1e5_gh0p01_prefixes_remap40_newmodel_columns/column_0589.tsv to gs://carter-kneading-attempt048/attempt-051/grid1000_seq12_tmax1e5_gh0p01_prefixes_remap40_newmodel_columns/column_0589.tsv
Copying file:///home/carterhinsley/MultimodalMaps.jl/kneading/experiment/attempt-051/grid1000_seq12_tmax1e5_gh0p01_prefixes_remap40_newmodel_columns/column_0590.tsv to gs://carter-kneading-attempt048/attempt-051/grid1000_seq12_tmax1e5_gh0p01_prefixes_remap40_newmodel_columns/column_0590.tsv
Copying file:///home/carterhinsley/MultimodalMaps.jl/kneading/experiment/attempt-051/grid1000_seq12_tmax1e5_gh0p01_prefixes_remap40_newmodel_columns/column_0591.tsv to gs://carter-kneading-attempt048/attempt-051/grid1000_seq12_tmax1e5_gh0p01_prefixes_remap40_newmodel_columns/column_0591.tsv
Copying file:///home/carterhinsley/MultimodalMaps.jl/kneading/experiment/attempt-051/grid1000_seq12_tmax1e5_gh0p01_prefixes_remap40_newmodel_columns/column_0592.tsv to gs://carter-kneading-attempt048/attempt-051/grid1000_seq12_tmax1e5_gh0p01_prefixes_remap40_newmodel_columns/column_0592.tsv
Copying file:///home/carterhinsley/MultimodalMaps.jl/kneading/experiment/attempt-051/grid1000_seq12_tmax1e5_gh0p01_prefixes_remap40_newmodel_columns/column_0593.tsv to gs://carter-kneading-attempt048/attempt-051/grid1000_seq12_tmax1e5_gh0p01_prefixes_remap40_newmodel_columns/column_0593.tsv
Copying file:///home/carterhinsley/MultimodalMaps.jl/kneading/experiment/attempt-051/grid1000_seq12_tmax1e5_gh0p01_prefixes_remap40_newmodel_columns/column_0594.tsv to gs://carter-kneading-attempt048/attempt-051/grid1000_seq12_tmax1e5_gh0p01_prefixes_remap40_newmodel_columns/column_0594.tsv
Copying file:///home/carterhinsley/MultimodalMaps.jl/kneading/experiment/attempt-051/grid1000_seq12_tmax1e5_gh0p01_prefixes_remap40_newmodel_columns/column_0595.tsv to gs://carter-kneading-attempt048/attempt-051/grid1000_seq12_tmax1e5_gh0p01_prefixes_remap40_newmodel_columns/column_0595.tsv
Copying file:///home/carterhinsley/MultimodalMaps.jl/kneading/experiment/attempt-051/grid1000_seq12_tmax1e5_gh0p01_prefixes_remap40_newmodel_columns/column_0596.tsv to gs://carter-kneading-attempt048/attempt-051/grid1000_seq12_tmax1e5_gh0p01_prefixes_remap40_newmodel_columns/column_0596.tsv
Copying file:///home/carterhinsley/MultimodalMaps.jl/kneading/experiment/attempt-051/grid1000_seq12_tmax1e5_gh0p01_prefixes_remap40_newmodel_columns/column_0597.tsv to gs://carter-kneading-attempt048/attempt-051/grid1000_seq12_tmax1e5_gh0p01_prefixes_remap40_newmodel_columns/column_0597.tsv
Copying file:///home/carterhinsley/MultimodalMaps.jl/kneading/experiment/attempt-051/grid1000_seq12_tmax1e5_gh0p01_prefixes_remap40_newmodel_columns/column_0598.tsv to gs://carter-kneading-attempt048/attempt-051/grid1000_seq12_tmax1e5_gh0p01_prefixes_remap40_newmodel_columns/column_0598.tsv
Copying file:///home/carterhinsley/MultimodalMaps.jl/kneading/experiment/attempt-051/grid1000_seq12_tmax1e5_gh0p01_prefixes_remap40_newmodel_columns/column_0599.tsv to gs://carter-kneading-attempt048/attempt-051/grid1000_seq12_tmax1e5_gh0p01_prefixes_remap40_newmodel_columns/column_0599.tsv
Copying file:///home/carterhinsley/MultimodalMaps.jl/kneading/experiment/attempt-051/grid1000_seq12_tmax1e5_gh0p01_prefixes_remap40_newmodel_columns/column_0600.tsv to gs://carter-kneading-attempt048/attempt-051/grid1000_seq12_tmax1e5_gh0p01_prefixes_remap40_newmodel_columns/column_0600.tsv
Copying file:///home/carterhinsley/MultimodalMaps.jl/kneading/experiment/attempt-051/grid1000_seq12_tmax1e5_gh0p01_prefixes_remap40_newmodel_columns/column_0601.tsv to gs://carter-kneading-attempt048/attempt-051/grid1000_seq12_tmax1e5_gh0p01_prefixes_remap40_newmodel_columns/column_0601.tsv
Copying file:///home/carterhinsley/MultimodalMaps.jl/kneading/experiment/attempt-051/grid1000_seq12_tmax1e5_gh0p01_prefixes_remap40_newmodel_columns/column_0602.tsv to gs://carter-kneading-attempt048/attempt-051/grid1000_seq12_tmax1e5_gh0p01_prefixes_remap40_newmodel_columns/column_0602.tsv
Copying file:///home/carterhinsley/MultimodalMaps.jl/kneading/experiment/attempt-051/grid1000_seq12_tmax1e5_gh0p01_prefixes_remap40_newmodel_columns/column_0603.tsv to gs://carter-kneading-attempt048/attempt-051/grid1000_seq12_tmax1e5_gh0p01_prefixes_remap40_newmodel_columns/column_0603.tsv
Copying file:///home/carterhinsley/MultimodalMaps.jl/kneading/experiment/attempt-051/grid1000_seq12_tmax1e5_gh0p01_prefixes_remap40_newmodel_columns/column_0604.tsv to gs://carter-kneading-attempt048/attempt-051/grid1000_seq12_tmax1e5_gh0p01_prefixes_remap40_newmodel_columns/column_0604.tsv
Copying file:///home/carterhinsley/MultimodalMaps.jl/kneading/experiment/attempt-051/grid1000_seq12_tmax1e5_gh0p01_prefixes_remap40_newmodel_columns/column_0605.tsv to gs://carter-kneading-attempt048/attempt-051/grid1000_seq12_tmax1e5_gh0p01_prefixes_remap40_newmodel_columns/column_0605.tsv
Copying file:///home/carterhinsley/MultimodalMaps.jl/kneading/experiment/attempt-051/grid1000_seq12_tmax1e5_gh0p01_prefixes_remap40_newmodel_columns/column_0606.tsv to gs://carter-kneading-attempt048/attempt-051/grid1000_seq12_tmax1e5_gh0p01_prefixes_remap40_newmodel_columns/column_0606.tsv
Copying file:///home/carterhinsley/MultimodalMaps.jl/kneading/experiment/attempt-051/grid1000_seq12_tmax1e5_gh0p01_prefixes_remap40_newmodel_columns/column_0607.tsv to gs://carter-kneading-attempt048/attempt-051/grid1000_seq12_tmax1e5_gh0p01_prefixes_remap40_newmodel_columns/column_0607.tsv
Copying file:///home/carterhinsley/MultimodalMaps.jl/kneading/experiment/attempt-051/grid1000_seq12_tmax1e5_gh0p01_prefixes_remap40_newmodel_columns/column_0608.tsv to gs://carter-kneading-attempt048/attempt-051/grid1000_seq12_tmax1e5_gh0p01_prefixes_remap40_newmodel_columns/column_0608.tsv
Copying file:///home/carterhinsley/MultimodalMaps.jl/kneading/experiment/attempt-051/grid1000_seq12_tmax1e5_gh0p01_prefixes_remap40_newmodel_columns/column_0609.tsv to gs://carter-kneading-attempt048/attempt-051/grid1000_seq12_tmax1e5_gh0p01_prefixes_remap40_newmodel_columns/column_0609.tsv
Copying file:///home/carterhinsley/MultimodalMaps.jl/kneading/experiment/attempt-051/grid1000_seq12_tmax1e5_gh0p01_prefixes_remap40_newmodel_columns/column_0610.tsv to gs://carter-kneading-attempt048/attempt-051/grid1000_seq12_tmax1e5_gh0p01_prefixes_remap40_newmodel_columns/column_0610.tsv
Copying file:///home/carterhinsley/MultimodalMaps.jl/kneading/experiment/attempt-051/grid1000_seq12_tmax1e5_gh0p01_prefixes_remap40_newmodel_columns/column_0611.tsv to gs://carter-kneading-attempt048/attempt-051/grid1000_seq12_tmax1e5_gh0p01_prefixes_remap40_newmodel_columns/column_0611.tsv
Copying file:///home/carterhinsley/MultimodalMaps.jl/kneading/experiment/attempt-051/grid1000_seq12_tmax1e5_gh0p01_prefixes_remap40_newmodel_columns/column_0612.tsv to gs://carter-kneading-attempt048/attempt-051/grid1000_seq12_tmax1e5_gh0p01_prefixes_remap40_newmodel_columns/column_0612.tsv
Copying file:///home/carterhinsley/MultimodalMaps.jl/kneading/experiment/attempt-051/grid1000_seq12_tmax1e5_gh0p01_prefixes_remap40_newmodel_columns/column_0613.tsv to gs://carter-kneading-attempt048/attempt-051/grid1000_seq12_tmax1e5_gh0p01_prefixes_remap40_newmodel_columns/column_0613.tsv
Copying file:///home/carterhinsley/MultimodalMaps.jl/kneading/experiment/attempt-051/grid1000_seq12_tmax1e5_gh0p01_prefixes_remap40_newmodel_columns/column_0614.tsv to gs://carter-kneading-attempt048/attempt-051/grid1000_seq12_tmax1e5_gh0p01_prefixes_remap40_newmodel_columns/column_0614.tsv
Copying file:///home/carterhinsley/MultimodalMaps.jl/kneading/experiment/attempt-051/grid1000_seq12_tmax1e5_gh0p01_prefixes_remap40_newmodel_columns/column_0615.tsv to gs://carter-kneading-attempt048/attempt-051/grid1000_seq12_tmax1e5_gh0p01_prefixes_remap40_newmodel_columns/column_0615.tsv
Copying file:///home/carterhinsley/MultimodalMaps.jl/kneading/experiment/attempt-051/grid1000_seq12_tmax1e5_gh0p01_prefixes_remap40_newmodel_columns/column_0616.tsv to gs://carter-kneading-attempt048/attempt-051/grid1000_seq12_tmax1e5_gh0p01_prefixes_remap40_newmodel_columns/column_0616.tsv
Copying file:///home/carterhinsley/MultimodalMaps.jl/kneading/experiment/attempt-051/grid1000_seq12_tmax1e5_gh0p01_prefixes_remap40_newmodel_columns/column_0617.tsv to gs://carter-kneading-attempt048/attempt-051/grid1000_seq12_tmax1e5_gh0p01_prefixes_remap40_newmodel_columns/column_0617.tsv
Copying file:///home/carterhinsley/MultimodalMaps.jl/kneading/experiment/attempt-051/grid1000_seq12_tmax1e5_gh0p01_prefixes_remap40_newmodel_columns/column_0618.tsv to gs://carter-kneading-attempt048/attempt-051/grid1000_seq12_tmax1e5_gh0p01_prefixes_remap40_newmodel_columns/column_0618.tsv
Copying file:///home/carterhinsley/MultimodalMaps.jl/kneading/experiment/attempt-051/grid1000_seq12_tmax1e5_gh0p01_prefixes_remap40_newmodel_columns/column_0619.tsv to gs://carter-kneading-attempt048/attempt-051/grid1000_seq12_tmax1e5_gh0p01_prefixes_remap40_newmodel_columns/column_0619.tsv
Copying file:///home/carterhinsley/MultimodalMaps.jl/kneading/experiment/attempt-051/grid1000_seq12_tmax1e5_gh0p01_prefixes_remap40_newmodel_columns/column_0620.tsv to gs://carter-kneading-attempt048/attempt-051/grid1000_seq12_tmax1e5_gh0p01_prefixes_remap40_newmodel_columns/column_0620.tsv
Copying file:///home/carterhinsley/MultimodalMaps.jl/kneading/experiment/attempt-051/grid1000_seq12_tmax1e5_gh0p01_prefixes_remap40_newmodel_columns/column_0621.tsv to gs://carter-kneading-attempt048/attempt-051/grid1000_seq12_tmax1e5_gh0p01_prefixes_remap40_newmodel_columns/column_0621.tsv
Copying file:///home/carterhinsley/MultimodalMaps.jl/kneading/experiment/attempt-051/grid1000_seq12_tmax1e5_gh0p01_prefixes_remap40_newmodel_columns/column_0622.tsv to gs://carter-kneading-attempt048/attempt-051/grid1000_seq12_tmax1e5_gh0p01_prefixes_remap40_newmodel_columns/column_0622.tsv
Copying file:///home/carterhinsley/MultimodalMaps.jl/kneading/experiment/attempt-051/grid1000_seq12_tmax1e5_gh0p01_prefixes_remap40_newmodel_columns/column_0623.tsv to gs://carter-kneading-attempt048/attempt-051/grid1000_seq12_tmax1e5_gh0p01_prefixes_remap40_newmodel_columns/column_0623.tsv
Copying file:///home/carterhinsley/MultimodalMaps.jl/kneading/experiment/attempt-051/grid1000_seq12_tmax1e5_gh0p01_prefixes_remap40_newmodel_columns/column_0624.tsv to gs://carter-kneading-attempt048/attempt-051/grid1000_seq12_tmax1e5_gh0p01_prefixes_remap40_newmodel_columns/column_0624.tsv
Copying file:///home/carterhinsley/MultimodalMaps.jl/kneading/experiment/attempt-051/grid1000_seq12_tmax1e5_gh0p01_prefixes_remap40_newmodel_columns/column_0625.tsv to gs://carter-kneading-attempt048/attempt-051/grid1000_seq12_tmax1e5_gh0p01_prefixes_remap40_newmodel_columns/column_0625.tsv
Copying file:///home/carterhinsley/MultimodalMaps.jl/kneading/experiment/attempt-051/grid1000_seq12_tmax1e5_gh0p01_prefixes_remap40_newmodel_columns/column_0626.tsv to gs://carter-kneading-attempt048/attempt-051/grid1000_seq12_tmax1e5_gh0p01_prefixes_remap40_newmodel_columns/column_0626.tsv
Copying file:///home/carterhinsley/MultimodalMaps.jl/kneading/experiment/attempt-051/grid1000_seq12_tmax1e5_gh0p01_prefixes_remap40_newmodel_columns/column_0627.tsv to gs://carter-kneading-attempt048/attempt-051/grid1000_seq12_tmax1e5_gh0p01_prefixes_remap40_newmodel_columns/column_0627.tsv
Copying file:///home/carterhinsley/MultimodalMaps.jl/kneading/experiment/attempt-051/grid1000_seq12_tmax1e5_gh0p01_prefixes_remap40_newmodel_columns/column_0628.tsv to gs://carter-kneading-attempt048/attempt-051/grid1000_seq12_tmax1e5_gh0p01_prefixes_remap40_newmodel_columns/column_0628.tsv
Copying file:///home/carterhinsley/MultimodalMaps.jl/kneading/experiment/attempt-051/grid1000_seq12_tmax1e5_gh0p01_prefixes_remap40_newmodel_columns/column_0629.tsv to gs://carter-kneading-attempt048/attempt-051/grid1000_seq12_tmax1e5_gh0p01_prefixes_remap40_newmodel_columns/column_0629.tsv
Copying file:///home/carterhinsley/MultimodalMaps.jl/kneading/experiment/attempt-051/grid1000_seq12_tmax1e5_gh0p01_prefixes_remap40_newmodel_columns/column_0630.tsv to gs://carter-kneading-attempt048/attempt-051/grid1000_seq12_tmax1e5_gh0p01_prefixes_remap40_newmodel_columns/column_0630.tsv
Copying file:///home/carterhinsley/MultimodalMaps.jl/kneading/experiment/attempt-051/grid1000_seq12_tmax1e5_gh0p01_prefixes_remap40_newmodel_columns/column_0631.tsv to gs://carter-kneading-attempt048/attempt-051/grid1000_seq12_tmax1e5_gh0p01_prefixes_remap40_newmodel_columns/column_0631.tsv
Copying file:///home/carterhinsley/MultimodalMaps.jl/kneading/experiment/attempt-051/grid1000_seq12_tmax1e5_gh0p01_prefixes_remap40_newmodel_columns/column_0632.tsv to gs://carter-kneading-attempt048/attempt-051/grid1000_seq12_tmax1e5_gh0p01_prefixes_remap40_newmodel_columns/column_0632.tsv
Copying file:///home/carterhinsley/MultimodalMaps.jl/kneading/experiment/attempt-051/grid1000_seq12_tmax1e5_gh0p01_prefixes_remap40_newmodel_columns/column_0633.tsv to gs://carter-kneading-attempt048/attempt-051/grid1000_seq12_tmax1e5_gh0p01_prefixes_remap40_newmodel_columns/column_0633.tsv
Copying file:///home/carterhinsley/MultimodalMaps.jl/kneading/experiment/attempt-051/grid1000_seq12_tmax1e5_gh0p01_prefixes_remap40_newmodel_columns/column_0634.tsv to gs://carter-kneading-attempt048/attempt-051/grid1000_seq12_tmax1e5_gh0p01_prefixes_remap40_newmodel_columns/column_0634.tsv
Copying file:///home/carterhinsley/MultimodalMaps.jl/kneading/experiment/attempt-051/grid1000_seq12_tmax1e5_gh0p01_prefixes_remap40_newmodel_columns/column_0635.tsv to gs://carter-kneading-attempt048/attempt-051/grid1000_seq12_tmax1e5_gh0p01_prefixes_remap40_newmodel_columns/column_0635.tsv
Copying file:///home/carterhinsley/MultimodalMaps.jl/kneading/experiment/attempt-051/grid1000_seq12_tmax1e5_gh0p01_prefixes_remap40_newmodel_columns/column_0636.tsv to gs://carter-kneading-attempt048/attempt-051/grid1000_seq12_tmax1e5_gh0p01_prefixes_remap40_newmodel_columns/column_0636.tsv
Copying file:///home/carterhinsley/MultimodalMaps.jl/kneading/experiment/attempt-051/grid1000_seq12_tmax1e5_gh0p01_prefixes_remap40_newmodel_columns/column_0637.tsv to gs://carter-kneading-attempt048/attempt-051/grid1000_seq12_tmax1e5_gh0p01_prefixes_remap40_newmodel_columns/column_0637.tsv
Copying file:///home/carterhinsley/MultimodalMaps.jl/kneading/experiment/attempt-051/grid1000_seq12_tmax1e5_gh0p01_prefixes_remap40_newmodel_columns/column_0638.tsv to gs://carter-kneading-attempt048/attempt-051/grid1000_seq12_tmax1e5_gh0p01_prefixes_remap40_newmodel_columns/column_0638.tsv
Copying file:///home/carterhinsley/MultimodalMaps.jl/kneading/experiment/attempt-051/grid1000_seq12_tmax1e5_gh0p01_prefixes_remap40_newmodel_columns/column_0639.tsv to gs://carter-kneading-attempt048/attempt-051/grid1000_seq12_tmax1e5_gh0p01_prefixes_remap40_newmodel_columns/column_0639.tsv
Copying file:///home/carterhinsley/MultimodalMaps.jl/kneading/experiment/attempt-051/grid1000_seq12_tmax1e5_gh0p01_prefixes_remap40_newmodel_columns/column_0640.tsv to gs://carter-kneading-attempt048/attempt-051/grid1000_seq12_tmax1e5_gh0p01_prefixes_remap40_newmodel_columns/column_0640.tsv
Copying file:///home/carterhinsley/MultimodalMaps.jl/kneading/experiment/attempt-051/grid1000_seq12_tmax1e5_gh0p01_prefixes_remap40_newmodel_columns/column_0641.tsv to gs://carter-kneading-attempt048/attempt-051/grid1000_seq12_tmax1e5_gh0p01_prefixes_remap40_newmodel_columns/column_0641.tsv
Copying file:///home/carterhinsley/MultimodalMaps.jl/kneading/experiment/attempt-051/grid1000_seq12_tmax1e5_gh0p01_prefixes_remap40_newmodel_columns/column_0642.tsv to gs://carter-kneading-attempt048/attempt-051/grid1000_seq12_tmax1e5_gh0p01_prefixes_remap40_newmodel_columns/column_0642.tsv
Copying file:///home/carterhinsley/MultimodalMaps.jl/kneading/experiment/attempt-051/grid1000_seq12_tmax1e5_gh0p01_prefixes_remap40_newmodel_columns/column_0643.tsv to gs://carter-kneading-attempt048/attempt-051/grid1000_seq12_tmax1e5_gh0p01_prefixes_remap40_newmodel_columns/column_0643.tsv
Copying file:///home/carterhinsley/MultimodalMaps.jl/kneading/experiment/attempt-051/grid1000_seq12_tmax1e5_gh0p01_prefixes_remap40_newmodel_columns/column_0644.tsv to gs://carter-kneading-attempt048/attempt-051/grid1000_seq12_tmax1e5_gh0p01_prefixes_remap40_newmodel_columns/column_0644.tsv
Copying file:///home/carterhinsley/MultimodalMaps.jl/kneading/experiment/attempt-051/grid1000_seq12_tmax1e5_gh0p01_prefixes_remap40_newmodel_columns/column_0645.tsv to gs://carter-kneading-attempt048/attempt-051/grid1000_seq12_tmax1e5_gh0p01_prefixes_remap40_newmodel_columns/column_0645.tsv
Copying file:///home/carterhinsley/MultimodalMaps.jl/kneading/experiment/attempt-051/grid1000_seq12_tmax1e5_gh0p01_prefixes_remap40_newmodel_columns/column_0646.tsv to gs://carter-kneading-attempt048/attempt-051/grid1000_seq12_tmax1e5_gh0p01_prefixes_remap40_newmodel_columns/column_0646.tsv
Copying file:///home/carterhinsley/MultimodalMaps.jl/kneading/experiment/attempt-051/grid1000_seq12_tmax1e5_gh0p01_prefixes_remap40_newmodel_columns/column_0647.tsv to gs://carter-kneading-attempt048/attempt-051/grid1000_seq12_tmax1e5_gh0p01_prefixes_remap40_newmodel_columns/column_0647.tsv
Copying file:///home/carterhinsley/MultimodalMaps.jl/kneading/experiment/attempt-051/grid1000_seq12_tmax1e5_gh0p01_prefixes_remap40_newmodel_columns/column_0648.tsv to gs://carter-kneading-attempt048/attempt-051/grid1000_seq12_tmax1e5_gh0p01_prefixes_remap40_newmodel_columns/column_0648.tsv
Copying file:///home/carterhinsley/MultimodalMaps.jl/kneading/experiment/attempt-051/grid1000_seq12_tmax1e5_gh0p01_prefixes_remap40_newmodel_columns/column_0649.tsv to gs://carter-kneading-attempt048/attempt-051/grid1000_seq12_tmax1e5_gh0p01_prefixes_remap40_newmodel_columns/column_0649.tsv
Copying file:///home/carterhinsley/MultimodalMaps.jl/kneading/experiment/attempt-051/grid1000_seq12_tmax1e5_gh0p01_prefixes_remap40_newmodel_columns/column_0650.tsv to gs://carter-kneading-attempt048/attempt-051/grid1000_seq12_tmax1e5_gh0p01_prefixes_remap40_newmodel_columns/column_0650.tsv
Copying file:///home/carterhinsley/MultimodalMaps.jl/kneading/experiment/attempt-051/grid1000_seq12_tmax1e5_gh0p01_prefixes_remap40_newmodel_columns/column_0651.tsv to gs://carter-kneading-attempt048/attempt-051/grid1000_seq12_tmax1e5_gh0p01_prefixes_remap40_newmodel_columns/column_0651.tsv
Copying file:///home/carterhinsley/MultimodalMaps.jl/kneading/experiment/attempt-051/grid1000_seq12_tmax1e5_gh0p01_prefixes_remap40_newmodel_columns/column_0652.tsv to gs://carter-kneading-attempt048/attempt-051/grid1000_seq12_tmax1e5_gh0p01_prefixes_remap40_newmodel_columns/column_0652.tsv
Copying file:///home/carterhinsley/MultimodalMaps.jl/kneading/experiment/attempt-051/grid1000_seq12_tmax1e5_gh0p01_prefixes_remap40_newmodel_columns/column_0653.tsv to gs://carter-kneading-attempt048/attempt-051/grid1000_seq12_tmax1e5_gh0p01_prefixes_remap40_newmodel_columns/column_0653.tsv
Copying file:///home/carterhinsley/MultimodalMaps.jl/kneading/experiment/attempt-051/grid1000_seq12_tmax1e5_gh0p01_prefixes_remap40_newmodel_columns/column_0654.tsv to gs://carter-kneading-attempt048/attempt-051/grid1000_seq12_tmax1e5_gh0p01_prefixes_remap40_newmodel_columns/column_0654.tsv
Copying file:///home/carterhinsley/MultimodalMaps.jl/kneading/experiment/attempt-051/grid1000_seq12_tmax1e5_gh0p01_prefixes_remap40_newmodel_columns/column_0655.tsv to gs://carter-kneading-attempt048/attempt-051/grid1000_seq12_tmax1e5_gh0p01_prefixes_remap40_newmodel_columns/column_0655.tsv
Copying file:///home/carterhinsley/MultimodalMaps.jl/kneading/experiment/attempt-051/grid1000_seq12_tmax1e5_gh0p01_prefixes_remap40_newmodel_columns/column_0656.tsv to gs://carter-kneading-attempt048/attempt-051/grid1000_seq12_tmax1e5_gh0p01_prefixes_remap40_newmodel_columns/column_0656.tsv
Copying file:///home/carterhinsley/MultimodalMaps.jl/kneading/experiment/attempt-051/grid1000_seq12_tmax1e5_gh0p01_prefixes_remap40_newmodel_columns/column_0657.tsv to gs://carter-kneading-attempt048/attempt-051/grid1000_seq12_tmax1e5_gh0p01_prefixes_remap40_newmodel_columns/column_0657.tsv
Copying file:///home/carterhinsley/MultimodalMaps.jl/kneading/experiment/attempt-051/grid1000_seq12_tmax1e5_gh0p01_prefixes_remap40_newmodel_columns/column_0658.tsv to gs://carter-kneading-attempt048/attempt-051/grid1000_seq12_tmax1e5_gh0p01_prefixes_remap40_newmodel_columns/column_0658.tsv
Copying file:///home/carterhinsley/MultimodalMaps.jl/kneading/experiment/attempt-051/grid1000_seq12_tmax1e5_gh0p01_prefixes_remap40_newmodel_columns/column_0659.tsv to gs://carter-kneading-attempt048/attempt-051/grid1000_seq12_tmax1e5_gh0p01_prefixes_remap40_newmodel_columns/column_0659.tsv
Copying file:///home/carterhinsley/MultimodalMaps.jl/kneading/experiment/attempt-051/grid1000_seq12_tmax1e5_gh0p01_prefixes_remap40_newmodel_columns/column_0660.tsv to gs://carter-kneading-attempt048/attempt-051/grid1000_seq12_tmax1e5_gh0p01_prefixes_remap40_newmodel_columns/column_0660.tsv
Copying file:///home/carterhinsley/MultimodalMaps.jl/kneading/experiment/attempt-051/grid1000_seq12_tmax1e5_gh0p01_prefixes_remap40_newmodel_columns/column_0661.tsv to gs://carter-kneading-attempt048/attempt-051/grid1000_seq12_tmax1e5_gh0p01_prefixes_remap40_newmodel_columns/column_0661.tsv
Copying file:///home/carterhinsley/MultimodalMaps.jl/kneading/experiment/attempt-051/grid1000_seq12_tmax1e5_gh0p01_prefixes_remap40_newmodel_columns/column_0662.tsv to gs://carter-kneading-attempt048/attempt-051/grid1000_seq12_tmax1e5_gh0p01_prefixes_remap40_newmodel_columns/column_0662.tsv
Copying file:///home/carterhinsley/MultimodalMaps.jl/kneading/experiment/attempt-051/grid1000_seq12_tmax1e5_gh0p01_prefixes_remap40_newmodel_columns/column_0663.tsv to gs://carter-kneading-attempt048/attempt-051/grid1000_seq12_tmax1e5_gh0p01_prefixes_remap40_newmodel_columns/column_0663.tsv
Copying file:///home/carterhinsley/MultimodalMaps.jl/kneading/experiment/attempt-051/grid1000_seq12_tmax1e5_gh0p01_prefixes_remap40_newmodel_columns/column_0664.tsv to gs://carter-kneading-attempt048/attempt-051/grid1000_seq12_tmax1e5_gh0p01_prefixes_remap40_newmodel_columns/column_0664.tsv
Copying file:///home/carterhinsley/MultimodalMaps.jl/kneading/experiment/attempt-051/grid1000_seq12_tmax1e5_gh0p01_prefixes_remap40_newmodel_columns/column_0665.tsv to gs://carter-kneading-attempt048/attempt-051/grid1000_seq12_tmax1e5_gh0p01_prefixes_remap40_newmodel_columns/column_0665.tsv
Copying file:///home/carterhinsley/MultimodalMaps.jl/kneading/experiment/attempt-051/grid1000_seq12_tmax1e5_gh0p01_prefixes_remap40_newmodel_columns/column_0666.tsv to gs://carter-kneading-attempt048/attempt-051/grid1000_seq12_tmax1e5_gh0p01_prefixes_remap40_newmodel_columns/column_0666.tsv
Copying file:///home/carterhinsley/MultimodalMaps.jl/kneading/experiment/attempt-051/grid1000_seq12_tmax1e5_gh0p01_prefixes_remap40_newmodel_columns/column_0667.tsv to gs://carter-kneading-attempt048/attempt-051/grid1000_seq12_tmax1e5_gh0p01_prefixes_remap40_newmodel_columns/column_0667.tsv
Copying file:///home/carterhinsley/MultimodalMaps.jl/kneading/experiment/attempt-051/grid1000_seq12_tmax1e5_gh0p01_prefixes_remap40_newmodel_columns/column_0668.tsv to gs://carter-kneading-attempt048/attempt-051/grid1000_seq12_tmax1e5_gh0p01_prefixes_remap40_newmodel_columns/column_0668.tsv
Copying file:///home/carterhinsley/MultimodalMaps.jl/kneading/experiment/attempt-051/grid1000_seq12_tmax1e5_gh0p01_prefixes_remap40_newmodel_columns/column_0669.tsv to gs://carter-kneading-attempt048/attempt-051/grid1000_seq12_tmax1e5_gh0p01_prefixes_remap40_newmodel_columns/column_0669.tsv
Copying file:///home/carterhinsley/MultimodalMaps.jl/kneading/experiment/attempt-051/grid1000_seq12_tmax1e5_gh0p01_prefixes_remap40_newmodel_columns/column_0670.tsv to gs://carter-kneading-attempt048/attempt-051/grid1000_seq12_tmax1e5_gh0p01_prefixes_remap40_newmodel_columns/column_0670.tsv
Copying file:///home/carterhinsley/MultimodalMaps.jl/kneading/experiment/attempt-051/grid1000_seq12_tmax1e5_gh0p01_prefixes_remap40_newmodel_columns/column_0671.tsv to gs://carter-kneading-attempt048/attempt-051/grid1000_seq12_tmax1e5_gh0p01_prefixes_remap40_newmodel_columns/column_0671.tsv
Copying file:///home/carterhinsley/MultimodalMaps.jl/kneading/experiment/attempt-051/grid1000_seq12_tmax1e5_gh0p01_prefixes_remap40_newmodel_columns/column_0672.tsv to gs://carter-kneading-attempt048/attempt-051/grid1000_seq12_tmax1e5_gh0p01_prefixes_remap40_newmodel_columns/column_0672.tsv
Copying file:///home/carterhinsley/MultimodalMaps.jl/kneading/experiment/attempt-051/grid1000_seq12_tmax1e5_gh0p01_prefixes_remap40_newmodel_columns/column_0673.tsv to gs://carter-kneading-attempt048/attempt-051/grid1000_seq12_tmax1e5_gh0p01_prefixes_remap40_newmodel_columns/column_0673.tsv
Copying file:///home/carterhinsley/MultimodalMaps.jl/kneading/experiment/attempt-051/grid1000_seq12_tmax1e5_gh0p01_prefixes_remap40_newmodel_columns/column_0674.tsv to gs://carter-kneading-attempt048/attempt-051/grid1000_seq12_tmax1e5_gh0p01_prefixes_remap40_newmodel_columns/column_0674.tsv
Copying file:///home/carterhinsley/MultimodalMaps.jl/kneading/experiment/attempt-051/grid1000_seq12_tmax1e5_gh0p01_prefixes_remap40_newmodel_columns/column_0675.tsv to gs://carter-kneading-attempt048/attempt-051/grid1000_seq12_tmax1e5_gh0p01_prefixes_remap40_newmodel_columns/column_0675.tsv
Copying file:///home/carterhinsley/MultimodalMaps.jl/kneading/experiment/attempt-051/grid1000_seq12_tmax1e5_gh0p01_prefixes_remap40_newmodel_columns/column_0676.tsv to gs://carter-kneading-attempt048/attempt-051/grid1000_seq12_tmax1e5_gh0p01_prefixes_remap40_newmodel_columns/column_0676.tsv
Copying file:///home/carterhinsley/MultimodalMaps.jl/kneading/experiment/attempt-051/grid1000_seq12_tmax1e5_gh0p01_prefixes_remap40_newmodel_columns/column_0677.tsv to gs://carter-kneading-attempt048/attempt-051/grid1000_seq12_tmax1e5_gh0p01_prefixes_remap40_newmodel_columns/column_0677.tsv
Copying file:///home/carterhinsley/MultimodalMaps.jl/kneading/experiment/attempt-051/grid1000_seq12_tmax1e5_gh0p01_prefixes_remap40_newmodel_columns/column_0678.tsv to gs://carter-kneading-attempt048/attempt-051/grid1000_seq12_tmax1e5_gh0p01_prefixes_remap40_newmodel_columns/column_0678.tsv
Copying file:///home/carterhinsley/MultimodalMaps.jl/kneading/experiment/attempt-051/grid1000_seq12_tmax1e5_gh0p01_prefixes_remap40_newmodel_columns/column_0679.tsv to gs://carter-kneading-attempt048/attempt-051/grid1000_seq12_tmax1e5_gh0p01_prefixes_remap40_newmodel_columns/column_0679.tsv
Copying file:///home/carterhinsley/MultimodalMaps.jl/kneading/experiment/attempt-051/grid1000_seq12_tmax1e5_gh0p01_prefixes_remap40_newmodel_columns/column_0680.tsv to gs://carter-kneading-attempt048/attempt-051/grid1000_seq12_tmax1e5_gh0p01_prefixes_remap40_newmodel_columns/column_0680.tsv
Copying file:///home/carterhinsley/MultimodalMaps.jl/kneading/experiment/attempt-051/grid1000_seq12_tmax1e5_gh0p01_prefixes_remap40_newmodel_columns/column_0681.tsv to gs://carter-kneading-attempt048/attempt-051/grid1000_seq12_tmax1e5_gh0p01_prefixes_remap40_newmodel_columns/column_0681.tsv
Copying file:///home/carterhinsley/MultimodalMaps.jl/kneading/experiment/attempt-051/grid1000_seq12_tmax1e5_gh0p01_prefixes_remap40_newmodel_columns/column_0682.tsv to gs://carter-kneading-attempt048/attempt-051/grid1000_seq12_tmax1e5_gh0p01_prefixes_remap40_newmodel_columns/column_0682.tsv
Copying file:///home/carterhinsley/MultimodalMaps.jl/kneading/experiment/attempt-051/grid1000_seq12_tmax1e5_gh0p01_prefixes_remap40_newmodel_columns/column_0683.tsv to gs://carter-kneading-attempt048/attempt-051/grid1000_seq12_tmax1e5_gh0p01_prefixes_remap40_newmodel_columns/column_0683.tsv
Copying file:///home/carterhinsley/MultimodalMaps.jl/kneading/experiment/attempt-051/grid1000_seq12_tmax1e5_gh0p01_prefixes_remap40_newmodel_columns/column_0684.tsv to gs://carter-kneading-attempt048/attempt-051/grid1000_seq12_tmax1e5_gh0p01_prefixes_remap40_newmodel_columns/column_0684.tsv
Copying file:///home/carterhinsley/MultimodalMaps.jl/kneading/experiment/attempt-051/grid1000_seq12_tmax1e5_gh0p01_prefixes_remap40_newmodel_columns/column_0685.tsv to gs://carter-kneading-attempt048/attempt-051/grid1000_seq12_tmax1e5_gh0p01_prefixes_remap40_newmodel_columns/column_0685.tsv
Copying file:///home/carterhinsley/MultimodalMaps.jl/kneading/experiment/attempt-051/grid1000_seq12_tmax1e5_gh0p01_prefixes_remap40_newmodel_columns/column_0686.tsv to gs://carter-kneading-attempt048/attempt-051/grid1000_seq12_tmax1e5_gh0p01_prefixes_remap40_newmodel_columns/column_0686.tsv
Copying file:///home/carterhinsley/MultimodalMaps.jl/kneading/experiment/attempt-051/grid1000_seq12_tmax1e5_gh0p01_prefixes_remap40_newmodel_columns/column_0687.tsv to gs://carter-kneading-attempt048/attempt-051/grid1000_seq12_tmax1e5_gh0p01_prefixes_remap40_newmodel_columns/column_0687.tsv
Copying file:///home/carterhinsley/MultimodalMaps.jl/kneading/experiment/attempt-051/grid1000_seq12_tmax1e5_gh0p01_prefixes_remap40_newmodel_columns/column_0688.tsv to gs://carter-kneading-attempt048/attempt-051/grid1000_seq12_tmax1e5_gh0p01_prefixes_remap40_newmodel_columns/column_0688.tsv
Copying file:///home/carterhinsley/MultimodalMaps.jl/kneading/experiment/attempt-051/grid1000_seq12_tmax1e5_gh0p01_prefixes_remap40_newmodel_columns/column_0689.tsv to gs://carter-kneading-attempt048/attempt-051/grid1000_seq12_tmax1e5_gh0p01_prefixes_remap40_newmodel_columns/column_0689.tsv
Copying file:///home/carterhinsley/MultimodalMaps.jl/kneading/experiment/attempt-051/grid1000_seq12_tmax1e5_gh0p01_prefixes_remap40_newmodel_columns/column_0690.tsv to gs://carter-kneading-attempt048/attempt-051/grid1000_seq12_tmax1e5_gh0p01_prefixes_remap40_newmodel_columns/column_0690.tsv
Copying file:///home/carterhinsley/MultimodalMaps.jl/kneading/experiment/attempt-051/grid1000_seq12_tmax1e5_gh0p01_prefixes_remap40_newmodel_columns/column_0691.tsv to gs://carter-kneading-attempt048/attempt-051/grid1000_seq12_tmax1e5_gh0p01_prefixes_remap40_newmodel_columns/column_0691.tsv
Copying file:///home/carterhinsley/MultimodalMaps.jl/kneading/experiment/attempt-051/grid1000_seq12_tmax1e5_gh0p01_prefixes_remap40_newmodel_columns/column_0692.tsv to gs://carter-kneading-attempt048/attempt-051/grid1000_seq12_tmax1e5_gh0p01_prefixes_remap40_newmodel_columns/column_0692.tsv
Copying file:///home/carterhinsley/MultimodalMaps.jl/kneading/experiment/attempt-051/grid1000_seq12_tmax1e5_gh0p01_prefixes_remap40_newmodel_columns/column_0693.tsv to gs://carter-kneading-attempt048/attempt-051/grid1000_seq12_tmax1e5_gh0p01_prefixes_remap40_newmodel_columns/column_0693.tsv
Copying file:///home/carterhinsley/MultimodalMaps.jl/kneading/experiment/attempt-051/grid1000_seq12_tmax1e5_gh0p01_prefixes_remap40_newmodel_columns/column_0694.tsv to gs://carter-kneading-attempt048/attempt-051/grid1000_seq12_tmax1e5_gh0p01_prefixes_remap40_newmodel_columns/column_0694.tsv
Copying file:///home/carterhinsley/MultimodalMaps.jl/kneading/experiment/attempt-051/grid1000_seq12_tmax1e5_gh0p01_prefixes_remap40_newmodel_columns/column_0695.tsv to gs://carter-kneading-attempt048/attempt-051/grid1000_seq12_tmax1e5_gh0p01_prefixes_remap40_newmodel_columns/column_0695.tsv
Copying file:///home/carterhinsley/MultimodalMaps.jl/kneading/experiment/attempt-051/grid1000_seq12_tmax1e5_gh0p01_prefixes_remap40_newmodel_columns/column_0696.tsv to gs://carter-kneading-attempt048/attempt-051/grid1000_seq12_tmax1e5_gh0p01_prefixes_remap40_newmodel_columns/column_0696.tsv
Copying file:///home/carterhinsley/MultimodalMaps.jl/kneading/experiment/attempt-051/grid1000_seq12_tmax1e5_gh0p01_prefixes_remap40_newmodel_columns/column_0697.tsv to gs://carter-kneading-attempt048/attempt-051/grid1000_seq12_tmax1e5_gh0p01_prefixes_remap40_newmodel_columns/column_0697.tsv
Copying file:///home/carterhinsley/MultimodalMaps.jl/kneading/experiment/attempt-051/grid1000_seq12_tmax1e5_gh0p01_prefixes_remap40_newmodel_columns/column_0698.tsv to gs://carter-kneading-attempt048/attempt-051/grid1000_seq12_tmax1e5_gh0p01_prefixes_remap40_newmodel_columns/column_0698.tsv
Copying file:///home/carterhinsley/MultimodalMaps.jl/kneading/experiment/attempt-051/grid1000_seq12_tmax1e5_gh0p01_prefixes_remap40_newmodel_columns/column_0699.tsv to gs://carter-kneading-attempt048/attempt-051/grid1000_seq12_tmax1e5_gh0p01_prefixes_remap40_newmodel_columns/column_0699.tsv
Copying file:///home/carterhinsley/MultimodalMaps.jl/kneading/experiment/attempt-051/grid1000_seq12_tmax1e5_gh0p01_prefixes_remap40_newmodel_columns/column_0700.tsv to gs://carter-kneading-attempt048/attempt-051/grid1000_seq12_tmax1e5_gh0p01_prefixes_remap40_newmodel_columns/column_0700.tsv
Copying file:///home/carterhinsley/MultimodalMaps.jl/kneading/experiment/attempt-051/grid1000_seq12_tmax1e5_gh0p01_prefixes_remap40_newmodel_columns/column_0701.tsv to gs://carter-kneading-attempt048/attempt-051/grid1000_seq12_tmax1e5_gh0p01_prefixes_remap40_newmodel_columns/column_0701.tsv
Copying file:///home/carterhinsley/MultimodalMaps.jl/kneading/experiment/attempt-051/grid1000_seq12_tmax1e5_gh0p01_prefixes_remap40_newmodel_columns/column_0702.tsv to gs://carter-kneading-attempt048/attempt-051/grid1000_seq12_tmax1e5_gh0p01_prefixes_remap40_newmodel_columns/column_0702.tsv
Copying file:///home/carterhinsley/MultimodalMaps.jl/kneading/experiment/attempt-051/grid1000_seq12_tmax1e5_gh0p01_prefixes_remap40_newmodel_columns/column_0703.tsv to gs://carter-kneading-attempt048/attempt-051/grid1000_seq12_tmax1e5_gh0p01_prefixes_remap40_newmodel_columns/column_0703.tsv
Copying file:///home/carterhinsley/MultimodalMaps.jl/kneading/experiment/attempt-051/grid1000_seq12_tmax1e5_gh0p01_prefixes_remap40_newmodel_columns/column_0704.tsv to gs://carter-kneading-attempt048/attempt-051/grid1000_seq12_tmax1e5_gh0p01_prefixes_remap40_newmodel_columns/column_0704.tsv
Copying file:///home/carterhinsley/MultimodalMaps.jl/kneading/experiment/attempt-051/grid1000_seq12_tmax1e5_gh0p01_prefixes_remap40_newmodel_columns/column_0705.tsv to gs://carter-kneading-attempt048/attempt-051/grid1000_seq12_tmax1e5_gh0p01_prefixes_remap40_newmodel_columns/column_0705.tsv
Copying file:///home/carterhinsley/MultimodalMaps.jl/kneading/experiment/attempt-051/grid1000_seq12_tmax1e5_gh0p01_prefixes_remap40_newmodel_columns/column_0706.tsv to gs://carter-kneading-attempt048/attempt-051/grid1000_seq12_tmax1e5_gh0p01_prefixes_remap40_newmodel_columns/column_0706.tsv
Copying file:///home/carterhinsley/MultimodalMaps.jl/kneading/experiment/attempt-051/grid1000_seq12_tmax1e5_gh0p01_prefixes_remap40_newmodel_columns/column_0707.tsv to gs://carter-kneading-attempt048/attempt-051/grid1000_seq12_tmax1e5_gh0p01_prefixes_remap40_newmodel_columns/column_0707.tsv
Copying file:///home/carterhinsley/MultimodalMaps.jl/kneading/experiment/attempt-051/grid1000_seq12_tmax1e5_gh0p01_prefixes_remap40_newmodel_columns/column_0708.tsv to gs://carter-kneading-attempt048/attempt-051/grid1000_seq12_tmax1e5_gh0p01_prefixes_remap40_newmodel_columns/column_0708.tsv
Copying file:///home/carterhinsley/MultimodalMaps.jl/kneading/experiment/attempt-051/grid1000_seq12_tmax1e5_gh0p01_prefixes_remap40_newmodel_columns/column_0709.tsv to gs://carter-kneading-attempt048/attempt-051/grid1000_seq12_tmax1e5_gh0p01_prefixes_remap40_newmodel_columns/column_0709.tsv
Copying file:///home/carterhinsley/MultimodalMaps.jl/kneading/experiment/attempt-051/grid1000_seq12_tmax1e5_gh0p01_prefixes_remap40_newmodel_columns/column_0710.tsv to gs://carter-kneading-attempt048/attempt-051/grid1000_seq12_tmax1e5_gh0p01_prefixes_remap40_newmodel_columns/column_0710.tsv
Copying file:///home/carterhinsley/MultimodalMaps.jl/kneading/experiment/attempt-051/grid1000_seq12_tmax1e5_gh0p01_prefixes_remap40_newmodel_columns/column_0711.tsv to gs://carter-kneading-attempt048/attempt-051/grid1000_seq12_tmax1e5_gh0p01_prefixes_remap40_newmodel_columns/column_0711.tsv
Copying file:///home/carterhinsley/MultimodalMaps.jl/kneading/experiment/attempt-051/grid1000_seq12_tmax1e5_gh0p01_prefixes_remap40_newmodel_columns/column_0712.tsv to gs://carter-kneading-attempt048/attempt-051/grid1000_seq12_tmax1e5_gh0p01_prefixes_remap40_newmodel_columns/column_0712.tsv
Copying file:///home/carterhinsley/MultimodalMaps.jl/kneading/experiment/attempt-051/grid1000_seq12_tmax1e5_gh0p01_prefixes_remap40_newmodel_columns/column_0713.tsv to gs://carter-kneading-attempt048/attempt-051/grid1000_seq12_tmax1e5_gh0p01_prefixes_remap40_newmodel_columns/column_0713.tsv
Copying file:///home/carterhinsley/MultimodalMaps.jl/kneading/experiment/attempt-051/grid1000_seq12_tmax1e5_gh0p01_prefixes_remap40_newmodel_columns/column_0714.tsv to gs://carter-kneading-attempt048/attempt-051/grid1000_seq12_tmax1e5_gh0p01_prefixes_remap40_newmodel_columns/column_0714.tsv
Copying file:///home/carterhinsley/MultimodalMaps.jl/kneading/experiment/attempt-051/grid1000_seq12_tmax1e5_gh0p01_prefixes_remap40_newmodel_columns/column_0715.tsv to gs://carter-kneading-attempt048/attempt-051/grid1000_seq12_tmax1e5_gh0p01_prefixes_remap40_newmodel_columns/column_0715.tsv
Copying file:///home/carterhinsley/MultimodalMaps.jl/kneading/experiment/attempt-051/grid1000_seq12_tmax1e5_gh0p01_prefixes_remap40_newmodel_columns/column_0716.tsv to gs://carter-kneading-attempt048/attempt-051/grid1000_seq12_tmax1e5_gh0p01_prefixes_remap40_newmodel_columns/column_0716.tsv
Copying file:///home/carterhinsley/MultimodalMaps.jl/kneading/experiment/attempt-051/grid1000_seq12_tmax1e5_gh0p01_prefixes_remap40_newmodel_columns/column_0717.tsv to gs://carter-kneading-attempt048/attempt-051/grid1000_seq12_tmax1e5_gh0p01_prefixes_remap40_newmodel_columns/column_0717.tsv
Copying file:///home/carterhinsley/MultimodalMaps.jl/kneading/experiment/attempt-051/grid1000_seq12_tmax1e5_gh0p01_prefixes_remap40_newmodel_columns/column_0718.tsv to gs://carter-kneading-attempt048/attempt-051/grid1000_seq12_tmax1e5_gh0p01_prefixes_remap40_newmodel_columns/column_0718.tsv
Copying file:///home/carterhinsley/MultimodalMaps.jl/kneading/experiment/attempt-051/grid1000_seq12_tmax1e5_gh0p01_prefixes_remap40_newmodel_columns/column_0719.tsv to gs://carter-kneading-attempt048/attempt-051/grid1000_seq12_tmax1e5_gh0p01_prefixes_remap40_newmodel_columns/column_0719.tsv
Copying file:///home/carterhinsley/MultimodalMaps.jl/kneading/experiment/attempt-051/grid1000_seq12_tmax1e5_gh0p01_prefixes_remap40_newmodel_columns/column_0720.tsv to gs://carter-kneading-attempt048/attempt-051/grid1000_seq12_tmax1e5_gh0p01_prefixes_remap40_newmodel_columns/column_0720.tsv
Copying file:///home/carterhinsley/MultimodalMaps.jl/kneading/experiment/attempt-051/grid1000_seq12_tmax1e5_gh0p01_prefixes_remap40_newmodel_columns/column_0721.tsv to gs://carter-kneading-attempt048/attempt-051/grid1000_seq12_tmax1e5_gh0p01_prefixes_remap40_newmodel_columns/column_0721.tsv
Copying file:///home/carterhinsley/MultimodalMaps.jl/kneading/experiment/attempt-051/grid1000_seq12_tmax1e5_gh0p01_prefixes_remap40_newmodel_columns/column_0722.tsv to gs://carter-kneading-attempt048/attempt-051/grid1000_seq12_tmax1e5_gh0p01_prefixes_remap40_newmodel_columns/column_0722.tsv
Copying file:///home/carterhinsley/MultimodalMaps.jl/kneading/experiment/attempt-051/grid1000_seq12_tmax1e5_gh0p01_prefixes_remap40_newmodel_columns/column_0723.tsv to gs://carter-kneading-attempt048/attempt-051/grid1000_seq12_tmax1e5_gh0p01_prefixes_remap40_newmodel_columns/column_0723.tsv
Copying file:///home/carterhinsley/MultimodalMaps.jl/kneading/experiment/attempt-051/grid1000_seq12_tmax1e5_gh0p01_prefixes_remap40_newmodel_columns/column_0724.tsv to gs://carter-kneading-attempt048/attempt-051/grid1000_seq12_tmax1e5_gh0p01_prefixes_remap40_newmodel_columns/column_0724.tsv
Copying file:///home/carterhinsley/MultimodalMaps.jl/kneading/experiment/attempt-051/grid1000_seq12_tmax1e5_gh0p01_prefixes_remap40_newmodel_columns/column_0725.tsv to gs://carter-kneading-attempt048/attempt-051/grid1000_seq12_tmax1e5_gh0p01_prefixes_remap40_newmodel_columns/column_0725.tsv
Copying file:///home/carterhinsley/MultimodalMaps.jl/kneading/experiment/attempt-051/grid1000_seq12_tmax1e5_gh0p01_prefixes_remap40_newmodel_columns/column_0726.tsv to gs://carter-kneading-attempt048/attempt-051/grid1000_seq12_tmax1e5_gh0p01_prefixes_remap40_newmodel_columns/column_0726.tsv
Copying file:///home/carterhinsley/MultimodalMaps.jl/kneading/experiment/attempt-051/grid1000_seq12_tmax1e5_gh0p01_prefixes_remap40_newmodel_columns/column_0727.tsv to gs://carter-kneading-attempt048/attempt-051/grid1000_seq12_tmax1e5_gh0p01_prefixes_remap40_newmodel_columns/column_0727.tsv
Copying file:///home/carterhinsley/MultimodalMaps.jl/kneading/experiment/attempt-051/grid1000_seq12_tmax1e5_gh0p01_prefixes_remap40_newmodel_columns/column_0728.tsv to gs://carter-kneading-attempt048/attempt-051/grid1000_seq12_tmax1e5_gh0p01_prefixes_remap40_newmodel_columns/column_0728.tsv
Copying file:///home/carterhinsley/MultimodalMaps.jl/kneading/experiment/attempt-051/grid1000_seq12_tmax1e5_gh0p01_prefixes_remap40_newmodel_columns/column_0729.tsv to gs://carter-kneading-attempt048/attempt-051/grid1000_seq12_tmax1e5_gh0p01_prefixes_remap40_newmodel_columns/column_0729.tsv
Copying file:///home/carterhinsley/MultimodalMaps.jl/kneading/experiment/attempt-051/grid1000_seq12_tmax1e5_gh0p01_prefixes_remap40_newmodel_columns/column_0730.tsv to gs://carter-kneading-attempt048/attempt-051/grid1000_seq12_tmax1e5_gh0p01_prefixes_remap40_newmodel_columns/column_0730.tsv
Copying file:///home/carterhinsley/MultimodalMaps.jl/kneading/experiment/attempt-051/grid1000_seq12_tmax1e5_gh0p01_prefixes_remap40_newmodel_columns/column_0731.tsv to gs://carter-kneading-attempt048/attempt-051/grid1000_seq12_tmax1e5_gh0p01_prefixes_remap40_newmodel_columns/column_0731.tsv
Copying file:///home/carterhinsley/MultimodalMaps.jl/kneading/experiment/attempt-051/grid1000_seq12_tmax1e5_gh0p01_prefixes_remap40_newmodel_columns/column_0732.tsv to gs://carter-kneading-attempt048/attempt-051/grid1000_seq12_tmax1e5_gh0p01_prefixes_remap40_newmodel_columns/column_0732.tsv
Copying file:///home/carterhinsley/MultimodalMaps.jl/kneading/experiment/attempt-051/grid1000_seq12_tmax1e5_gh0p01_prefixes_remap40_newmodel_columns/column_0733.tsv to gs://carter-kneading-attempt048/attempt-051/grid1000_seq12_tmax1e5_gh0p01_prefixes_remap40_newmodel_columns/column_0733.tsv
Copying file:///home/carterhinsley/MultimodalMaps.jl/kneading/experiment/attempt-051/grid1000_seq12_tmax1e5_gh0p01_prefixes_remap40_newmodel_columns/column_0734.tsv to gs://carter-kneading-attempt048/attempt-051/grid1000_seq12_tmax1e5_gh0p01_prefixes_remap40_newmodel_columns/column_0734.tsv
Copying file:///home/carterhinsley/MultimodalMaps.jl/kneading/experiment/attempt-051/grid1000_seq12_tmax1e5_gh0p01_prefixes_remap40_newmodel_columns/column_0735.tsv to gs://carter-kneading-attempt048/attempt-051/grid1000_seq12_tmax1e5_gh0p01_prefixes_remap40_newmodel_columns/column_0735.tsv
Copying file:///home/carterhinsley/MultimodalMaps.jl/kneading/experiment/attempt-051/grid1000_seq12_tmax1e5_gh0p01_prefixes_remap40_newmodel_columns/column_0736.tsv to gs://carter-kneading-attempt048/attempt-051/grid1000_seq12_tmax1e5_gh0p01_prefixes_remap40_newmodel_columns/column_0736.tsv
Copying file:///home/carterhinsley/MultimodalMaps.jl/kneading/experiment/attempt-051/grid1000_seq12_tmax1e5_gh0p01_prefixes_remap40_newmodel_columns/column_0737.tsv to gs://carter-kneading-attempt048/attempt-051/grid1000_seq12_tmax1e5_gh0p01_prefixes_remap40_newmodel_columns/column_0737.tsv
Copying file:///home/carterhinsley/MultimodalMaps.jl/kneading/experiment/attempt-051/grid1000_seq12_tmax1e5_gh0p01_prefixes_remap40_newmodel_columns/column_0738.tsv to gs://carter-kneading-attempt048/attempt-051/grid1000_seq12_tmax1e5_gh0p01_prefixes_remap40_newmodel_columns/column_0738.tsv
Copying file:///home/carterhinsley/MultimodalMaps.jl/kneading/experiment/attempt-051/grid1000_seq12_tmax1e5_gh0p01_prefixes_remap40_newmodel_columns/column_0739.tsv to gs://carter-kneading-attempt048/attempt-051/grid1000_seq12_tmax1e5_gh0p01_prefixes_remap40_newmodel_columns/column_0739.tsv
Copying file:///home/carterhinsley/MultimodalMaps.jl/kneading/experiment/attempt-051/grid1000_seq12_tmax1e5_gh0p01_prefixes_remap40_newmodel_columns/column_0740.tsv to gs://carter-kneading-attempt048/attempt-051/grid1000_seq12_tmax1e5_gh0p01_prefixes_remap40_newmodel_columns/column_0740.tsv
Copying file:///home/carterhinsley/MultimodalMaps.jl/kneading/experiment/attempt-051/grid1000_seq12_tmax1e5_gh0p01_prefixes_remap40_newmodel_columns/column_0741.tsv to gs://carter-kneading-attempt048/attempt-051/grid1000_seq12_tmax1e5_gh0p01_prefixes_remap40_newmodel_columns/column_0741.tsv
Copying file:///home/carterhinsley/MultimodalMaps.jl/kneading/experiment/attempt-051/grid1000_seq12_tmax1e5_gh0p01_prefixes_remap40_newmodel_columns/column_0742.tsv to gs://carter-kneading-attempt048/attempt-051/grid1000_seq12_tmax1e5_gh0p01_prefixes_remap40_newmodel_columns/column_0742.tsv
Copying file:///home/carterhinsley/MultimodalMaps.jl/kneading/experiment/attempt-051/grid1000_seq12_tmax1e5_gh0p01_prefixes_remap40_newmodel_columns/column_0743.tsv to gs://carter-kneading-attempt048/attempt-051/grid1000_seq12_tmax1e5_gh0p01_prefixes_remap40_newmodel_columns/column_0743.tsv
Copying file:///home/carterhinsley/MultimodalMaps.jl/kneading/experiment/attempt-051/grid1000_seq12_tmax1e5_gh0p01_prefixes_remap40_newmodel_columns/column_0744.tsv to gs://carter-kneading-attempt048/attempt-051/grid1000_seq12_tmax1e5_gh0p01_prefixes_remap40_newmodel_columns/column_0744.tsv
Copying file:///home/carterhinsley/MultimodalMaps.jl/kneading/experiment/attempt-051/grid1000_seq12_tmax1e5_gh0p01_prefixes_remap40_newmodel_columns/column_0745.tsv to gs://carter-kneading-attempt048/attempt-051/grid1000_seq12_tmax1e5_gh0p01_prefixes_remap40_newmodel_columns/column_0745.tsv
Copying file:///home/carterhinsley/MultimodalMaps.jl/kneading/experiment/attempt-051/grid1000_seq12_tmax1e5_gh0p01_prefixes_remap40_newmodel_columns/column_0746.tsv to gs://carter-kneading-attempt048/attempt-051/grid1000_seq12_tmax1e5_gh0p01_prefixes_remap40_newmodel_columns/column_0746.tsv
Copying file:///home/carterhinsley/MultimodalMaps.jl/kneading/experiment/attempt-051/grid1000_seq12_tmax1e5_gh0p01_prefixes_remap40_newmodel_columns/column_0747.tsv to gs://carter-kneading-attempt048/attempt-051/grid1000_seq12_tmax1e5_gh0p01_prefixes_remap40_newmodel_columns/column_0747.tsv
Copying file:///home/carterhinsley/MultimodalMaps.jl/kneading/experiment/attempt-051/grid1000_seq12_tmax1e5_gh0p01_prefixes_remap40_newmodel_columns/column_0748.tsv to gs://carter-kneading-attempt048/attempt-051/grid1000_seq12_tmax1e5_gh0p01_prefixes_remap40_newmodel_columns/column_0748.tsv
Copying file:///home/carterhinsley/MultimodalMaps.jl/kneading/experiment/attempt-051/grid1000_seq12_tmax1e5_gh0p01_prefixes_remap40_newmodel_columns/column_0749.tsv to gs://carter-kneading-attempt048/attempt-051/grid1000_seq12_tmax1e5_gh0p01_prefixes_remap40_newmodel_columns/column_0749.tsv
Copying file:///home/carterhinsley/MultimodalMaps.jl/kneading/experiment/attempt-051/grid1000_seq12_tmax1e5_gh0p01_prefixes_remap40_newmodel_columns/column_0750.tsv to gs://carter-kneading-attempt048/attempt-051/grid1000_seq12_tmax1e5_gh0p01_prefixes_remap40_newmodel_columns/column_0750.tsv
Copying file:///home/carterhinsley/MultimodalMaps.jl/kneading/experiment/attempt-051/grid1000_seq12_tmax1e5_gh0p01_prefixes_remap40_newmodel_columns/column_0751.tsv to gs://carter-kneading-attempt048/attempt-051/grid1000_seq12_tmax1e5_gh0p01_prefixes_remap40_newmodel_columns/column_0751.tsv
Copying file:///home/carterhinsley/MultimodalMaps.jl/kneading/experiment/attempt-051/grid1000_seq12_tmax1e5_gh0p01_prefixes_remap40_newmodel_columns/column_0752.tsv to gs://carter-kneading-attempt048/attempt-051/grid1000_seq12_tmax1e5_gh0p01_prefixes_remap40_newmodel_columns/column_0752.tsv
Copying file:///home/carterhinsley/MultimodalMaps.jl/kneading/experiment/attempt-051/grid1000_seq12_tmax1e5_gh0p01_prefixes_remap40_newmodel_columns/column_0753.tsv to gs://carter-kneading-attempt048/attempt-051/grid1000_seq12_tmax1e5_gh0p01_prefixes_remap40_newmodel_columns/column_0753.tsv
Copying file:///home/carterhinsley/MultimodalMaps.jl/kneading/experiment/attempt-051/grid1000_seq12_tmax1e5_gh0p01_prefixes_remap40_newmodel_columns/column_0754.tsv to gs://carter-kneading-attempt048/attempt-051/grid1000_seq12_tmax1e5_gh0p01_prefixes_remap40_newmodel_columns/column_0754.tsv
Copying file:///home/carterhinsley/MultimodalMaps.jl/kneading/experiment/attempt-051/grid1000_seq12_tmax1e5_gh0p01_prefixes_remap40_newmodel_columns/column_0755.tsv to gs://carter-kneading-attempt048/attempt-051/grid1000_seq12_tmax1e5_gh0p01_prefixes_remap40_newmodel_columns/column_0755.tsv
Copying file:///home/carterhinsley/MultimodalMaps.jl/kneading/experiment/attempt-051/grid1000_seq12_tmax1e5_gh0p01_prefixes_remap40_newmodel_columns/column_0756.tsv to gs://carter-kneading-attempt048/attempt-051/grid1000_seq12_tmax1e5_gh0p01_prefixes_remap40_newmodel_columns/column_0756.tsv
Copying file:///home/carterhinsley/MultimodalMaps.jl/kneading/experiment/attempt-051/grid1000_seq12_tmax1e5_gh0p01_prefixes_remap40_newmodel_columns/column_0757.tsv to gs://carter-kneading-attempt048/attempt-051/grid1000_seq12_tmax1e5_gh0p01_prefixes_remap40_newmodel_columns/column_0757.tsv
.Copying file:///home/carterhinsley/MultimodalMaps.jl/kneading/experiment/attempt-051/grid1000_seq12_tmax1e5_gh0p01_prefixes_remap40_newmodel_columns/column_0758.tsv to gs://carter-kneading-attempt048/attempt-051/grid1000_seq12_tmax1e5_gh0p01_prefixes_remap40_newmodel_columns/column_0758.tsv
Copying file:///home/carterhinsley/MultimodalMaps.jl/kneading/experiment/attempt-051/grid1000_seq12_tmax1e5_gh0p01_prefixes_remap40_newmodel_columns/column_0759.tsv to gs://carter-kneading-attempt048/attempt-051/grid1000_seq12_tmax1e5_gh0p01_prefixes_remap40_newmodel_columns/column_0759.tsv
Copying file:///home/carterhinsley/MultimodalMaps.jl/kneading/experiment/attempt-051/grid1000_seq12_tmax1e5_gh0p01_prefixes_remap40_newmodel_columns/column_0760.tsv to gs://carter-kneading-attempt048/attempt-051/grid1000_seq12_tmax1e5_gh0p01_prefixes_remap40_newmodel_columns/column_0760.tsv
Copying file:///home/carterhinsley/MultimodalMaps.jl/kneading/experiment/attempt-051/grid1000_seq12_tmax1e5_gh0p01_prefixes_remap40_newmodel_columns/column_0761.tsv to gs://carter-kneading-attempt048/attempt-051/grid1000_seq12_tmax1e5_gh0p01_prefixes_remap40_newmodel_columns/column_0761.tsv
Copying file:///home/carterhinsley/MultimodalMaps.jl/kneading/experiment/attempt-051/grid1000_seq12_tmax1e5_gh0p01_prefixes_remap40_newmodel_columns/column_0762.tsv to gs://carter-kneading-attempt048/attempt-051/grid1000_seq12_tmax1e5_gh0p01_prefixes_remap40_newmodel_columns/column_0762.tsv
Copying file:///home/carterhinsley/MultimodalMaps.jl/kneading/experiment/attempt-051/grid1000_seq12_tmax1e5_gh0p01_prefixes_remap40_newmodel_columns/column_0763.tsv to gs://carter-kneading-attempt048/attempt-051/grid1000_seq12_tmax1e5_gh0p01_prefixes_remap40_newmodel_columns/column_0763.tsv
Copying file:///home/carterhinsley/MultimodalMaps.jl/kneading/experiment/attempt-051/grid1000_seq12_tmax1e5_gh0p01_prefixes_remap40_newmodel_columns/column_0764.tsv to gs://carter-kneading-attempt048/attempt-051/grid1000_seq12_tmax1e5_gh0p01_prefixes_remap40_newmodel_columns/column_0764.tsv
Copying file:///home/carterhinsley/MultimodalMaps.jl/kneading/experiment/attempt-051/grid1000_seq12_tmax1e5_gh0p01_prefixes_remap40_newmodel_columns/column_0765.tsv to gs://carter-kneading-attempt048/attempt-051/grid1000_seq12_tmax1e5_gh0p01_prefixes_remap40_newmodel_columns/column_0765.tsv
Copying file:///home/carterhinsley/MultimodalMaps.jl/kneading/experiment/attempt-051/grid1000_seq12_tmax1e5_gh0p01_prefixes_remap40_newmodel_columns/column_0766.tsv to gs://carter-kneading-attempt048/attempt-051/grid1000_seq12_tmax1e5_gh0p01_prefixes_remap40_newmodel_columns/column_0766.tsv
Copying file:///home/carterhinsley/MultimodalMaps.jl/kneading/experiment/attempt-051/grid1000_seq12_tmax1e5_gh0p01_prefixes_remap40_newmodel_columns/column_0767.tsv to gs://carter-kneading-attempt048/attempt-051/grid1000_seq12_tmax1e5_gh0p01_prefixes_remap40_newmodel_columns/column_0767.tsv
Copying file:///home/carterhinsley/MultimodalMaps.jl/kneading/experiment/attempt-051/grid1000_seq12_tmax1e5_gh0p01_prefixes_remap40_newmodel_columns/column_0768.tsv to gs://carter-kneading-attempt048/attempt-051/grid1000_seq12_tmax1e5_gh0p01_prefixes_remap40_newmodel_columns/column_0768.tsv
Copying file:///home/carterhinsley/MultimodalMaps.jl/kneading/experiment/attempt-051/grid1000_seq12_tmax1e5_gh0p01_prefixes_remap40_newmodel_columns/column_0769.tsv to gs://carter-kneading-attempt048/attempt-051/grid1000_seq12_tmax1e5_gh0p01_prefixes_remap40_newmodel_columns/column_0769.tsv
Copying file:///home/carterhinsley/MultimodalMaps.jl/kneading/experiment/attempt-051/grid1000_seq12_tmax1e5_gh0p01_prefixes_remap40_newmodel_columns/column_0770.tsv to gs://carter-kneading-attempt048/attempt-051/grid1000_seq12_tmax1e5_gh0p01_prefixes_remap40_newmodel_columns/column_0770.tsv
Copying file:///home/carterhinsley/MultimodalMaps.jl/kneading/experiment/attempt-051/grid1000_seq12_tmax1e5_gh0p01_prefixes_remap40_newmodel_columns/column_0771.tsv to gs://carter-kneading-attempt048/attempt-051/grid1000_seq12_tmax1e5_gh0p01_prefixes_remap40_newmodel_columns/column_0771.tsv
Copying file:///home/carterhinsley/MultimodalMaps.jl/kneading/experiment/attempt-051/grid1000_seq12_tmax1e5_gh0p01_prefixes_remap40_newmodel_columns/column_0772.tsv to gs://carter-kneading-attempt048/attempt-051/grid1000_seq12_tmax1e5_gh0p01_prefixes_remap40_newmodel_columns/column_0772.tsv
Copying file:///home/carterhinsley/MultimodalMaps.jl/kneading/experiment/attempt-051/grid1000_seq12_tmax1e5_gh0p01_prefixes_remap40_newmodel_columns/column_0773.tsv to gs://carter-kneading-attempt048/attempt-051/grid1000_seq12_tmax1e5_gh0p01_prefixes_remap40_newmodel_columns/column_0773.tsv
Copying file:///home/carterhinsley/MultimodalMaps.jl/kneading/experiment/attempt-051/grid1000_seq12_tmax1e5_gh0p01_prefixes_remap40_newmodel_columns/column_0774.tsv to gs://carter-kneading-attempt048/attempt-051/grid1000_seq12_tmax1e5_gh0p01_prefixes_remap40_newmodel_columns/column_0774.tsv
Copying file:///home/carterhinsley/MultimodalMaps.jl/kneading/experiment/attempt-051/grid1000_seq12_tmax1e5_gh0p01_prefixes_remap40_newmodel_columns/column_0775.tsv to gs://carter-kneading-attempt048/attempt-051/grid1000_seq12_tmax1e5_gh0p01_prefixes_remap40_newmodel_columns/column_0775.tsv
Copying file:///home/carterhinsley/MultimodalMaps.jl/kneading/experiment/attempt-051/grid1000_seq12_tmax1e5_gh0p01_prefixes_remap40_newmodel_columns/column_0776.tsv to gs://carter-kneading-attempt048/attempt-051/grid1000_seq12_tmax1e5_gh0p01_prefixes_remap40_newmodel_columns/column_0776.tsv
Copying file:///home/carterhinsley/MultimodalMaps.jl/kneading/experiment/attempt-051/grid1000_seq12_tmax1e5_gh0p01_prefixes_remap40_newmodel_columns/column_0777.tsv to gs://carter-kneading-attempt048/attempt-051/grid1000_seq12_tmax1e5_gh0p01_prefixes_remap40_newmodel_columns/column_0777.tsv
Copying file:///home/carterhinsley/MultimodalMaps.jl/kneading/experiment/attempt-051/grid1000_seq12_tmax1e5_gh0p01_prefixes_remap40_newmodel_columns/column_0778.tsv to gs://carter-kneading-attempt048/attempt-051/grid1000_seq12_tmax1e5_gh0p01_prefixes_remap40_newmodel_columns/column_0778.tsv
Copying file:///home/carterhinsley/MultimodalMaps.jl/kneading/experiment/attempt-051/grid1000_seq12_tmax1e5_gh0p01_prefixes_remap40_newmodel_columns/column_0779.tsv to gs://carter-kneading-attempt048/attempt-051/grid1000_seq12_tmax1e5_gh0p01_prefixes_remap40_newmodel_columns/column_0779.tsv
Copying file:///home/carterhinsley/MultimodalMaps.jl/kneading/experiment/attempt-051/grid1000_seq12_tmax1e5_gh0p01_prefixes_remap40_newmodel_columns/column_0780.tsv to gs://carter-kneading-attempt048/attempt-051/grid1000_seq12_tmax1e5_gh0p01_prefixes_remap40_newmodel_columns/column_0780.tsv
Copying file:///home/carterhinsley/MultimodalMaps.jl/kneading/experiment/attempt-051/grid1000_seq12_tmax1e5_gh0p01_prefixes_remap40_newmodel_columns/column_0781.tsv to gs://carter-kneading-attempt048/attempt-051/grid1000_seq12_tmax1e5_gh0p01_prefixes_remap40_newmodel_columns/column_0781.tsv
Copying file:///home/carterhinsley/MultimodalMaps.jl/kneading/experiment/attempt-051/grid1000_seq12_tmax1e5_gh0p01_prefixes_remap40_newmodel_columns/column_0782.tsv to gs://carter-kneading-attempt048/attempt-051/grid1000_seq12_tmax1e5_gh0p01_prefixes_remap40_newmodel_columns/column_0782.tsv
Copying file:///home/carterhinsley/MultimodalMaps.jl/kneading/experiment/attempt-051/grid1000_seq12_tmax1e5_gh0p01_prefixes_remap40_newmodel_columns/column_0783.tsv to gs://carter-kneading-attempt048/attempt-051/grid1000_seq12_tmax1e5_gh0p01_prefixes_remap40_newmodel_columns/column_0783.tsv
Copying file:///home/carterhinsley/MultimodalMaps.jl/kneading/experiment/attempt-051/grid1000_seq12_tmax1e5_gh0p01_prefixes_remap40_newmodel_columns/column_0784.tsv to gs://carter-kneading-attempt048/attempt-051/grid1000_seq12_tmax1e5_gh0p01_prefixes_remap40_newmodel_columns/column_0784.tsv
Copying file:///home/carterhinsley/MultimodalMaps.jl/kneading/experiment/attempt-051/grid1000_seq12_tmax1e5_gh0p01_prefixes_remap40_newmodel_columns/column_0785.tsv to gs://carter-kneading-attempt048/attempt-051/grid1000_seq12_tmax1e5_gh0p01_prefixes_remap40_newmodel_columns/column_0785.tsv
Copying file:///home/carterhinsley/MultimodalMaps.jl/kneading/experiment/attempt-051/grid1000_seq12_tmax1e5_gh0p01_prefixes_remap40_newmodel_columns/column_0786.tsv to gs://carter-kneading-attempt048/attempt-051/grid1000_seq12_tmax1e5_gh0p01_prefixes_remap40_newmodel_columns/column_0786.tsv
Copying file:///home/carterhinsley/MultimodalMaps.jl/kneading/experiment/attempt-051/grid1000_seq12_tmax1e5_gh0p01_prefixes_remap40_newmodel_columns/column_0787.tsv to gs://carter-kneading-attempt048/attempt-051/grid1000_seq12_tmax1e5_gh0p01_prefixes_remap40_newmodel_columns/column_0787.tsv
Copying file:///home/carterhinsley/MultimodalMaps.jl/kneading/experiment/attempt-051/grid1000_seq12_tmax1e5_gh0p01_prefixes_remap40_newmodel_columns/column_0788.tsv to gs://carter-kneading-attempt048/attempt-051/grid1000_seq12_tmax1e5_gh0p01_prefixes_remap40_newmodel_columns/column_0788.tsv
Copying file:///home/carterhinsley/MultimodalMaps.jl/kneading/experiment/attempt-051/grid1000_seq12_tmax1e5_gh0p01_prefixes_remap40_newmodel_columns/column_0789.tsv to gs://carter-kneading-attempt048/attempt-051/grid1000_seq12_tmax1e5_gh0p01_prefixes_remap40_newmodel_columns/column_0789.tsv
Copying file:///home/carterhinsley/MultimodalMaps.jl/kneading/experiment/attempt-051/grid1000_seq12_tmax1e5_gh0p01_prefixes_remap40_newmodel_columns/column_0790.tsv to gs://carter-kneading-attempt048/attempt-051/grid1000_seq12_tmax1e5_gh0p01_prefixes_remap40_newmodel_columns/column_0790.tsv
Copying file:///home/carterhinsley/MultimodalMaps.jl/kneading/experiment/attempt-051/grid1000_seq12_tmax1e5_gh0p01_prefixes_remap40_newmodel_columns/column_0791.tsv to gs://carter-kneading-attempt048/attempt-051/grid1000_seq12_tmax1e5_gh0p01_prefixes_remap40_newmodel_columns/column_0791.tsv
Copying file:///home/carterhinsley/MultimodalMaps.jl/kneading/experiment/attempt-051/grid1000_seq12_tmax1e5_gh0p01_prefixes_remap40_newmodel_columns/column_0792.tsv to gs://carter-kneading-attempt048/attempt-051/grid1000_seq12_tmax1e5_gh0p01_prefixes_remap40_newmodel_columns/column_0792.tsv
Copying file:///home/carterhinsley/MultimodalMaps.jl/kneading/experiment/attempt-051/grid1000_seq12_tmax1e5_gh0p01_prefixes_remap40_newmodel_columns/column_0793.tsv to gs://carter-kneading-attempt048/attempt-051/grid1000_seq12_tmax1e5_gh0p01_prefixes_remap40_newmodel_columns/column_0793.tsv
Copying file:///home/carterhinsley/MultimodalMaps.jl/kneading/experiment/attempt-051/grid1000_seq12_tmax1e5_gh0p01_prefixes_remap40_newmodel_columns/column_0794.tsv to gs://carter-kneading-attempt048/attempt-051/grid1000_seq12_tmax1e5_gh0p01_prefixes_remap40_newmodel_columns/column_0794.tsv
Copying file:///home/carterhinsley/MultimodalMaps.jl/kneading/experiment/attempt-051/grid1000_seq12_tmax1e5_gh0p01_prefixes_remap40_newmodel_columns/column_0795.tsv to gs://carter-kneading-attempt048/attempt-051/grid1000_seq12_tmax1e5_gh0p01_prefixes_remap40_newmodel_columns/column_0795.tsv
Copying file:///home/carterhinsley/MultimodalMaps.jl/kneading/experiment/attempt-051/grid1000_seq12_tmax1e5_gh0p01_prefixes_remap40_newmodel_columns/column_0796.tsv to gs://carter-kneading-attempt048/attempt-051/grid1000_seq12_tmax1e5_gh0p01_prefixes_remap40_newmodel_columns/column_0796.tsv
Copying file:///home/carterhinsley/MultimodalMaps.jl/kneading/experiment/attempt-051/grid1000_seq12_tmax1e5_gh0p01_prefixes_remap40_newmodel_columns/column_0797.tsv to gs://carter-kneading-attempt048/attempt-051/grid1000_seq12_tmax1e5_gh0p01_prefixes_remap40_newmodel_columns/column_0797.tsv
Copying file:///home/carterhinsley/MultimodalMaps.jl/kneading/experiment/attempt-051/grid1000_seq12_tmax1e5_gh0p01_prefixes_remap40_newmodel_columns/column_0798.tsv to gs://carter-kneading-attempt048/attempt-051/grid1000_seq12_tmax1e5_gh0p01_prefixes_remap40_newmodel_columns/column_0798.tsv
Copying file:///home/carterhinsley/MultimodalMaps.jl/kneading/experiment/attempt-051/grid1000_seq12_tmax1e5_gh0p01_prefixes_remap40_newmodel_columns/column_0799.tsv to gs://carter-kneading-attempt048/attempt-051/grid1000_seq12_tmax1e5_gh0p01_prefixes_remap40_newmodel_columns/column_0799.tsv
Copying file:///home/carterhinsley/MultimodalMaps.jl/kneading/experiment/attempt-051/grid1000_seq12_tmax1e5_gh0p01_prefixes_remap40_newmodel_columns/column_0800.tsv to gs://carter-kneading-attempt048/attempt-051/grid1000_seq12_tmax1e5_gh0p01_prefixes_remap40_newmodel_columns/column_0800.tsv
Copying file:///home/carterhinsley/MultimodalMaps.jl/kneading/experiment/attempt-051/grid1000_seq12_tmax1e5_gh0p01_prefixes_remap40_newmodel_columns/column_0801.tsv to gs://carter-kneading-attempt048/attempt-051/grid1000_seq12_tmax1e5_gh0p01_prefixes_remap40_newmodel_columns/column_0801.tsv
Copying file:///home/carterhinsley/MultimodalMaps.jl/kneading/experiment/attempt-051/grid1000_seq12_tmax1e5_gh0p01_prefixes_remap40_newmodel_columns/column_0802.tsv to gs://carter-kneading-attempt048/attempt-051/grid1000_seq12_tmax1e5_gh0p01_prefixes_remap40_newmodel_columns/column_0802.tsv
Copying file:///home/carterhinsley/MultimodalMaps.jl/kneading/experiment/attempt-051/grid1000_seq12_tmax1e5_gh0p01_prefixes_remap40_newmodel_columns/column_0803.tsv to gs://carter-kneading-attempt048/attempt-051/grid1000_seq12_tmax1e5_gh0p01_prefixes_remap40_newmodel_columns/column_0803.tsv
Copying file:///home/carterhinsley/MultimodalMaps.jl/kneading/experiment/attempt-051/grid1000_seq12_tmax1e5_gh0p01_prefixes_remap40_newmodel_columns/column_0804.tsv to gs://carter-kneading-attempt048/attempt-051/grid1000_seq12_tmax1e5_gh0p01_prefixes_remap40_newmodel_columns/column_0804.tsv
Copying file:///home/carterhinsley/MultimodalMaps.jl/kneading/experiment/attempt-051/grid1000_seq12_tmax1e5_gh0p01_prefixes_remap40_newmodel_columns/column_0805.tsv to gs://carter-kneading-attempt048/attempt-051/grid1000_seq12_tmax1e5_gh0p01_prefixes_remap40_newmodel_columns/column_0805.tsv
Copying file:///home/carterhinsley/MultimodalMaps.jl/kneading/experiment/attempt-051/grid1000_seq12_tmax1e5_gh0p01_prefixes_remap40_newmodel_columns/column_0806.tsv to gs://carter-kneading-attempt048/attempt-051/grid1000_seq12_tmax1e5_gh0p01_prefixes_remap40_newmodel_columns/column_0806.tsv
Copying file:///home/carterhinsley/MultimodalMaps.jl/kneading/experiment/attempt-051/grid1000_seq12_tmax1e5_gh0p01_prefixes_remap40_newmodel_columns/column_0807.tsv to gs://carter-kneading-attempt048/attempt-051/grid1000_seq12_tmax1e5_gh0p01_prefixes_remap40_newmodel_columns/column_0807.tsv
Copying file:///home/carterhinsley/MultimodalMaps.jl/kneading/experiment/attempt-051/grid1000_seq12_tmax1e5_gh0p01_prefixes_remap40_newmodel_columns/column_0808.tsv to gs://carter-kneading-attempt048/attempt-051/grid1000_seq12_tmax1e5_gh0p01_prefixes_remap40_newmodel_columns/column_0808.tsv
Copying file:///home/carterhinsley/MultimodalMaps.jl/kneading/experiment/attempt-051/grid1000_seq12_tmax1e5_gh0p01_prefixes_remap40_newmodel_columns/column_0809.tsv to gs://carter-kneading-attempt048/attempt-051/grid1000_seq12_tmax1e5_gh0p01_prefixes_remap40_newmodel_columns/column_0809.tsv
Copying file:///home/carterhinsley/MultimodalMaps.jl/kneading/experiment/attempt-051/grid1000_seq12_tmax1e5_gh0p01_prefixes_remap40_newmodel_columns/column_0810.tsv to gs://carter-kneading-attempt048/attempt-051/grid1000_seq12_tmax1e5_gh0p01_prefixes_remap40_newmodel_columns/column_0810.tsv
Copying file:///home/carterhinsley/MultimodalMaps.jl/kneading/experiment/attempt-051/grid1000_seq12_tmax1e5_gh0p01_prefixes_remap40_newmodel_columns/column_0811.tsv to gs://carter-kneading-attempt048/attempt-051/grid1000_seq12_tmax1e5_gh0p01_prefixes_remap40_newmodel_columns/column_0811.tsv
Copying file:///home/carterhinsley/MultimodalMaps.jl/kneading/experiment/attempt-051/grid1000_seq12_tmax1e5_gh0p01_prefixes_remap40_newmodel_columns/column_0812.tsv to gs://carter-kneading-attempt048/attempt-051/grid1000_seq12_tmax1e5_gh0p01_prefixes_remap40_newmodel_columns/column_0812.tsv
Copying file:///home/carterhinsley/MultimodalMaps.jl/kneading/experiment/attempt-051/grid1000_seq12_tmax1e5_gh0p01_prefixes_remap40_newmodel_columns/column_0813.tsv to gs://carter-kneading-attempt048/attempt-051/grid1000_seq12_tmax1e5_gh0p01_prefixes_remap40_newmodel_columns/column_0813.tsv
Copying file:///home/carterhinsley/MultimodalMaps.jl/kneading/experiment/attempt-051/grid1000_seq12_tmax1e5_gh0p01_prefixes_remap40_newmodel_columns/column_0814.tsv to gs://carter-kneading-attempt048/attempt-051/grid1000_seq12_tmax1e5_gh0p01_prefixes_remap40_newmodel_columns/column_0814.tsv
Copying file:///home/carterhinsley/MultimodalMaps.jl/kneading/experiment/attempt-051/grid1000_seq12_tmax1e5_gh0p01_prefixes_remap40_newmodel_columns/column_0815.tsv to gs://carter-kneading-attempt048/attempt-051/grid1000_seq12_tmax1e5_gh0p01_prefixes_remap40_newmodel_columns/column_0815.tsv
Copying file:///home/carterhinsley/MultimodalMaps.jl/kneading/experiment/attempt-051/grid1000_seq12_tmax1e5_gh0p01_prefixes_remap40_newmodel_columns/column_0816.tsv to gs://carter-kneading-attempt048/attempt-051/grid1000_seq12_tmax1e5_gh0p01_prefixes_remap40_newmodel_columns/column_0816.tsv
Copying file:///home/carterhinsley/MultimodalMaps.jl/kneading/experiment/attempt-051/grid1000_seq12_tmax1e5_gh0p01_prefixes_remap40_newmodel_columns/column_0817.tsv to gs://carter-kneading-attempt048/attempt-051/grid1000_seq12_tmax1e5_gh0p01_prefixes_remap40_newmodel_columns/column_0817.tsv
Copying file:///home/carterhinsley/MultimodalMaps.jl/kneading/experiment/attempt-051/grid1000_seq12_tmax1e5_gh0p01_prefixes_remap40_newmodel_columns/column_0818.tsv to gs://carter-kneading-attempt048/attempt-051/grid1000_seq12_tmax1e5_gh0p01_prefixes_remap40_newmodel_columns/column_0818.tsv
Copying file:///home/carterhinsley/MultimodalMaps.jl/kneading/experiment/attempt-051/grid1000_seq12_tmax1e5_gh0p01_prefixes_remap40_newmodel_columns/column_0819.tsv to gs://carter-kneading-attempt048/attempt-051/grid1000_seq12_tmax1e5_gh0p01_prefixes_remap40_newmodel_columns/column_0819.tsv
Copying file:///home/carterhinsley/MultimodalMaps.jl/kneading/experiment/attempt-051/grid1000_seq12_tmax1e5_gh0p01_prefixes_remap40_newmodel_columns/column_0820.tsv to gs://carter-kneading-attempt048/attempt-051/grid1000_seq12_tmax1e5_gh0p01_prefixes_remap40_newmodel_columns/column_0820.tsv
Copying file:///home/carterhinsley/MultimodalMaps.jl/kneading/experiment/attempt-051/grid1000_seq12_tmax1e5_gh0p01_prefixes_remap40_newmodel_columns/column_0821.tsv to gs://carter-kneading-attempt048/attempt-051/grid1000_seq12_tmax1e5_gh0p01_prefixes_remap40_newmodel_columns/column_0821.tsv
Copying file:///home/carterhinsley/MultimodalMaps.jl/kneading/experiment/attempt-051/grid1000_seq12_tmax1e5_gh0p01_prefixes_remap40_newmodel_columns/column_0822.tsv to gs://carter-kneading-attempt048/attempt-051/grid1000_seq12_tmax1e5_gh0p01_prefixes_remap40_newmodel_columns/column_0822.tsv
Copying file:///home/carterhinsley/MultimodalMaps.jl/kneading/experiment/attempt-051/grid1000_seq12_tmax1e5_gh0p01_prefixes_remap40_newmodel_columns/column_0823.tsv to gs://carter-kneading-attempt048/attempt-051/grid1000_seq12_tmax1e5_gh0p01_prefixes_remap40_newmodel_columns/column_0823.tsv
Copying file:///home/carterhinsley/MultimodalMaps.jl/kneading/experiment/attempt-051/grid1000_seq12_tmax1e5_gh0p01_prefixes_remap40_newmodel_columns/column_0824.tsv to gs://carter-kneading-attempt048/attempt-051/grid1000_seq12_tmax1e5_gh0p01_prefixes_remap40_newmodel_columns/column_0824.tsv
Copying file:///home/carterhinsley/MultimodalMaps.jl/kneading/experiment/attempt-051/grid1000_seq12_tmax1e5_gh0p01_prefixes_remap40_newmodel_columns/column_0825.tsv to gs://carter-kneading-attempt048/attempt-051/grid1000_seq12_tmax1e5_gh0p01_prefixes_remap40_newmodel_columns/column_0825.tsv
Copying file:///home/carterhinsley/MultimodalMaps.jl/kneading/experiment/attempt-051/grid1000_seq12_tmax1e5_gh0p01_prefixes_remap40_newmodel_columns/column_0826.tsv to gs://carter-kneading-attempt048/attempt-051/grid1000_seq12_tmax1e5_gh0p01_prefixes_remap40_newmodel_columns/column_0826.tsv
Copying file:///home/carterhinsley/MultimodalMaps.jl/kneading/experiment/attempt-051/grid1000_seq12_tmax1e5_gh0p01_prefixes_remap40_newmodel_columns/column_0827.tsv to gs://carter-kneading-attempt048/attempt-051/grid1000_seq12_tmax1e5_gh0p01_prefixes_remap40_newmodel_columns/column_0827.tsv
Copying file:///home/carterhinsley/MultimodalMaps.jl/kneading/experiment/attempt-051/grid1000_seq12_tmax1e5_gh0p01_prefixes_remap40_newmodel_columns/column_0828.tsv to gs://carter-kneading-attempt048/attempt-051/grid1000_seq12_tmax1e5_gh0p01_prefixes_remap40_newmodel_columns/column_0828.tsv
Copying file:///home/carterhinsley/MultimodalMaps.jl/kneading/experiment/attempt-051/grid1000_seq12_tmax1e5_gh0p01_prefixes_remap40_newmodel_columns/column_0829.tsv to gs://carter-kneading-attempt048/attempt-051/grid1000_seq12_tmax1e5_gh0p01_prefixes_remap40_newmodel_columns/column_0829.tsv
Copying file:///home/carterhinsley/MultimodalMaps.jl/kneading/experiment/attempt-051/grid1000_seq12_tmax1e5_gh0p01_prefixes_remap40_newmodel_columns/column_0830.tsv to gs://carter-kneading-attempt048/attempt-051/grid1000_seq12_tmax1e5_gh0p01_prefixes_remap40_newmodel_columns/column_0830.tsv
Copying file:///home/carterhinsley/MultimodalMaps.jl/kneading/experiment/attempt-051/grid1000_seq12_tmax1e5_gh0p01_prefixes_remap40_newmodel_columns/column_0831.tsv to gs://carter-kneading-attempt048/attempt-051/grid1000_seq12_tmax1e5_gh0p01_prefixes_remap40_newmodel_columns/column_0831.tsv
Copying file:///home/carterhinsley/MultimodalMaps.jl/kneading/experiment/attempt-051/grid1000_seq12_tmax1e5_gh0p01_prefixes_remap40_newmodel_columns/column_0832.tsv to gs://carter-kneading-attempt048/attempt-051/grid1000_seq12_tmax1e5_gh0p01_prefixes_remap40_newmodel_columns/column_0832.tsv
Copying file:///home/carterhinsley/MultimodalMaps.jl/kneading/experiment/attempt-051/grid1000_seq12_tmax1e5_gh0p01_prefixes_remap40_newmodel_columns/column_0833.tsv to gs://carter-kneading-attempt048/attempt-051/grid1000_seq12_tmax1e5_gh0p01_prefixes_remap40_newmodel_columns/column_0833.tsv
Copying file:///home/carterhinsley/MultimodalMaps.jl/kneading/experiment/attempt-051/grid1000_seq12_tmax1e5_gh0p01_prefixes_remap40_newmodel_columns/column_0834.tsv to gs://carter-kneading-attempt048/attempt-051/grid1000_seq12_tmax1e5_gh0p01_prefixes_remap40_newmodel_columns/column_0834.tsv
Copying file:///home/carterhinsley/MultimodalMaps.jl/kneading/experiment/attempt-051/grid1000_seq12_tmax1e5_gh0p01_prefixes_remap40_newmodel_columns/column_0835.tsv to gs://carter-kneading-attempt048/attempt-051/grid1000_seq12_tmax1e5_gh0p01_prefixes_remap40_newmodel_columns/column_0835.tsv
Copying file:///home/carterhinsley/MultimodalMaps.jl/kneading/experiment/attempt-051/grid1000_seq12_tmax1e5_gh0p01_prefixes_remap40_newmodel_columns/column_0836.tsv to gs://carter-kneading-attempt048/attempt-051/grid1000_seq12_tmax1e5_gh0p01_prefixes_remap40_newmodel_columns/column_0836.tsv
Copying file:///home/carterhinsley/MultimodalMaps.jl/kneading/experiment/attempt-051/grid1000_seq12_tmax1e5_gh0p01_prefixes_remap40_newmodel_columns/column_0837.tsv to gs://carter-kneading-attempt048/attempt-051/grid1000_seq12_tmax1e5_gh0p01_prefixes_remap40_newmodel_columns/column_0837.tsv
Copying file:///home/carterhinsley/MultimodalMaps.jl/kneading/experiment/attempt-051/grid1000_seq12_tmax1e5_gh0p01_prefixes_remap40_newmodel_columns/column_0838.tsv to gs://carter-kneading-attempt048/attempt-051/grid1000_seq12_tmax1e5_gh0p01_prefixes_remap40_newmodel_columns/column_0838.tsv
Copying file:///home/carterhinsley/MultimodalMaps.jl/kneading/experiment/attempt-051/grid1000_seq12_tmax1e5_gh0p01_prefixes_remap40_newmodel_columns/column_0839.tsv to gs://carter-kneading-attempt048/attempt-051/grid1000_seq12_tmax1e5_gh0p01_prefixes_remap40_newmodel_columns/column_0839.tsv
Copying file:///home/carterhinsley/MultimodalMaps.jl/kneading/experiment/attempt-051/grid1000_seq12_tmax1e5_gh0p01_prefixes_remap40_newmodel_columns/column_0840.tsv to gs://carter-kneading-attempt048/attempt-051/grid1000_seq12_tmax1e5_gh0p01_prefixes_remap40_newmodel_columns/column_0840.tsv
Copying file:///home/carterhinsley/MultimodalMaps.jl/kneading/experiment/attempt-051/grid1000_seq12_tmax1e5_gh0p01_prefixes_remap40_newmodel_columns/column_0841.tsv to gs://carter-kneading-attempt048/attempt-051/grid1000_seq12_tmax1e5_gh0p01_prefixes_remap40_newmodel_columns/column_0841.tsv
Copying file:///home/carterhinsley/MultimodalMaps.jl/kneading/experiment/attempt-051/grid1000_seq12_tmax1e5_gh0p01_prefixes_remap40_newmodel_columns/column_0842.tsv to gs://carter-kneading-attempt048/attempt-051/grid1000_seq12_tmax1e5_gh0p01_prefixes_remap40_newmodel_columns/column_0842.tsv
Copying file:///home/carterhinsley/MultimodalMaps.jl/kneading/experiment/attempt-051/grid1000_seq12_tmax1e5_gh0p01_prefixes_remap40_newmodel_columns/column_0843.tsv to gs://carter-kneading-attempt048/attempt-051/grid1000_seq12_tmax1e5_gh0p01_prefixes_remap40_newmodel_columns/column_0843.tsv
Copying file:///home/carterhinsley/MultimodalMaps.jl/kneading/experiment/attempt-051/grid1000_seq12_tmax1e5_gh0p01_prefixes_remap40_newmodel_columns/column_0844.tsv to gs://carter-kneading-attempt048/attempt-051/grid1000_seq12_tmax1e5_gh0p01_prefixes_remap40_newmodel_columns/column_0844.tsv
Copying file:///home/carterhinsley/MultimodalMaps.jl/kneading/experiment/attempt-051/grid1000_seq12_tmax1e5_gh0p01_prefixes_remap40_newmodel_columns/column_0845.tsv to gs://carter-kneading-attempt048/attempt-051/grid1000_seq12_tmax1e5_gh0p01_prefixes_remap40_newmodel_columns/column_0845.tsv
Copying file:///home/carterhinsley/MultimodalMaps.jl/kneading/experiment/attempt-051/grid1000_seq12_tmax1e5_gh0p01_prefixes_remap40_newmodel_columns/column_0846.tsv to gs://carter-kneading-attempt048/attempt-051/grid1000_seq12_tmax1e5_gh0p01_prefixes_remap40_newmodel_columns/column_0846.tsv
Copying file:///home/carterhinsley/MultimodalMaps.jl/kneading/experiment/attempt-051/grid1000_seq12_tmax1e5_gh0p01_prefixes_remap40_newmodel_columns/column_0847.tsv to gs://carter-kneading-attempt048/attempt-051/grid1000_seq12_tmax1e5_gh0p01_prefixes_remap40_newmodel_columns/column_0847.tsv
Copying file:///home/carterhinsley/MultimodalMaps.jl/kneading/experiment/attempt-051/grid1000_seq12_tmax1e5_gh0p01_prefixes_remap40_newmodel_columns/column_0848.tsv to gs://carter-kneading-attempt048/attempt-051/grid1000_seq12_tmax1e5_gh0p01_prefixes_remap40_newmodel_columns/column_0848.tsv
Copying file:///home/carterhinsley/MultimodalMaps.jl/kneading/experiment/attempt-051/grid1000_seq12_tmax1e5_gh0p01_prefixes_remap40_newmodel_columns/column_0849.tsv to gs://carter-kneading-attempt048/attempt-051/grid1000_seq12_tmax1e5_gh0p01_prefixes_remap40_newmodel_columns/column_0849.tsv
Copying file:///home/carterhinsley/MultimodalMaps.jl/kneading/experiment/attempt-051/grid1000_seq12_tmax1e5_gh0p01_prefixes_remap40_newmodel_columns/column_0850.tsv to gs://carter-kneading-attempt048/attempt-051/grid1000_seq12_tmax1e5_gh0p01_prefixes_remap40_newmodel_columns/column_0850.tsv
Copying file:///home/carterhinsley/MultimodalMaps.jl/kneading/experiment/attempt-051/grid1000_seq12_tmax1e5_gh0p01_prefixes_remap40_newmodel_columns/column_0851.tsv to gs://carter-kneading-attempt048/attempt-051/grid1000_seq12_tmax1e5_gh0p01_prefixes_remap40_newmodel_columns/column_0851.tsv
Copying file:///home/carterhinsley/MultimodalMaps.jl/kneading/experiment/attempt-051/grid1000_seq12_tmax1e5_gh0p01_prefixes_remap40_newmodel_columns/column_0852.tsv to gs://carter-kneading-attempt048/attempt-051/grid1000_seq12_tmax1e5_gh0p01_prefixes_remap40_newmodel_columns/column_0852.tsv
Copying file:///home/carterhinsley/MultimodalMaps.jl/kneading/experiment/attempt-051/grid1000_seq12_tmax1e5_gh0p01_prefixes_remap40_newmodel_columns/column_0853.tsv to gs://carter-kneading-attempt048/attempt-051/grid1000_seq12_tmax1e5_gh0p01_prefixes_remap40_newmodel_columns/column_0853.tsv
Copying file:///home/carterhinsley/MultimodalMaps.jl/kneading/experiment/attempt-051/grid1000_seq12_tmax1e5_gh0p01_prefixes_remap40_newmodel_columns/column_0854.tsv to gs://carter-kneading-attempt048/attempt-051/grid1000_seq12_tmax1e5_gh0p01_prefixes_remap40_newmodel_columns/column_0854.tsv
Copying file:///home/carterhinsley/MultimodalMaps.jl/kneading/experiment/attempt-051/grid1000_seq12_tmax1e5_gh0p01_prefixes_remap40_newmodel_columns/column_0855.tsv to gs://carter-kneading-attempt048/attempt-051/grid1000_seq12_tmax1e5_gh0p01_prefixes_remap40_newmodel_columns/column_0855.tsv
Copying file:///home/carterhinsley/MultimodalMaps.jl/kneading/experiment/attempt-051/grid1000_seq12_tmax1e5_gh0p01_prefixes_remap40_newmodel_columns/column_0856.tsv to gs://carter-kneading-attempt048/attempt-051/grid1000_seq12_tmax1e5_gh0p01_prefixes_remap40_newmodel_columns/column_0856.tsv
Copying file:///home/carterhinsley/MultimodalMaps.jl/kneading/experiment/attempt-051/grid1000_seq12_tmax1e5_gh0p01_prefixes_remap40_newmodel_columns/column_0857.tsv to gs://carter-kneading-attempt048/attempt-051/grid1000_seq12_tmax1e5_gh0p01_prefixes_remap40_newmodel_columns/column_0857.tsv
Copying file:///home/carterhinsley/MultimodalMaps.jl/kneading/experiment/attempt-051/grid1000_seq12_tmax1e5_gh0p01_prefixes_remap40_newmodel_columns/column_0858.tsv to gs://carter-kneading-attempt048/attempt-051/grid1000_seq12_tmax1e5_gh0p01_prefixes_remap40_newmodel_columns/column_0858.tsv
Copying file:///home/carterhinsley/MultimodalMaps.jl/kneading/experiment/attempt-051/grid1000_seq12_tmax1e5_gh0p01_prefixes_remap40_newmodel_columns/column_0859.tsv to gs://carter-kneading-attempt048/attempt-051/grid1000_seq12_tmax1e5_gh0p01_prefixes_remap40_newmodel_columns/column_0859.tsv
Copying file:///home/carterhinsley/MultimodalMaps.jl/kneading/experiment/attempt-051/grid1000_seq12_tmax1e5_gh0p01_prefixes_remap40_newmodel_columns/column_0860.tsv to gs://carter-kneading-attempt048/attempt-051/grid1000_seq12_tmax1e5_gh0p01_prefixes_remap40_newmodel_columns/column_0860.tsv
Copying file:///home/carterhinsley/MultimodalMaps.jl/kneading/experiment/attempt-051/grid1000_seq12_tmax1e5_gh0p01_prefixes_remap40_newmodel_columns/column_0861.tsv to gs://carter-kneading-attempt048/attempt-051/grid1000_seq12_tmax1e5_gh0p01_prefixes_remap40_newmodel_columns/column_0861.tsv
Copying file:///home/carterhinsley/MultimodalMaps.jl/kneading/experiment/attempt-051/grid1000_seq12_tmax1e5_gh0p01_prefixes_remap40_newmodel_columns/column_0862.tsv to gs://carter-kneading-attempt048/attempt-051/grid1000_seq12_tmax1e5_gh0p01_prefixes_remap40_newmodel_columns/column_0862.tsv
Copying file:///home/carterhinsley/MultimodalMaps.jl/kneading/experiment/attempt-051/grid1000_seq12_tmax1e5_gh0p01_prefixes_remap40_newmodel_columns/column_0863.tsv to gs://carter-kneading-attempt048/attempt-051/grid1000_seq12_tmax1e5_gh0p01_prefixes_remap40_newmodel_columns/column_0863.tsv
Copying file:///home/carterhinsley/MultimodalMaps.jl/kneading/experiment/attempt-051/grid1000_seq12_tmax1e5_gh0p01_prefixes_remap40_newmodel_columns/column_0864.tsv to gs://carter-kneading-attempt048/attempt-051/grid1000_seq12_tmax1e5_gh0p01_prefixes_remap40_newmodel_columns/column_0864.tsv
Copying file:///home/carterhinsley/MultimodalMaps.jl/kneading/experiment/attempt-051/grid1000_seq12_tmax1e5_gh0p01_prefixes_remap40_newmodel_columns/column_0865.tsv to gs://carter-kneading-attempt048/attempt-051/grid1000_seq12_tmax1e5_gh0p01_prefixes_remap40_newmodel_columns/column_0865.tsv
Copying file:///home/carterhinsley/MultimodalMaps.jl/kneading/experiment/attempt-051/grid1000_seq12_tmax1e5_gh0p01_prefixes_remap40_newmodel_columns/column_0866.tsv to gs://carter-kneading-attempt048/attempt-051/grid1000_seq12_tmax1e5_gh0p01_prefixes_remap40_newmodel_columns/column_0866.tsv
Copying file:///home/carterhinsley/MultimodalMaps.jl/kneading/experiment/attempt-051/grid1000_seq12_tmax1e5_gh0p01_prefixes_remap40_newmodel_columns/column_0867.tsv to gs://carter-kneading-attempt048/attempt-051/grid1000_seq12_tmax1e5_gh0p01_prefixes_remap40_newmodel_columns/column_0867.tsv
Copying file:///home/carterhinsley/MultimodalMaps.jl/kneading/experiment/attempt-051/grid1000_seq12_tmax1e5_gh0p01_prefixes_remap40_newmodel_columns/column_0868.tsv to gs://carter-kneading-attempt048/attempt-051/grid1000_seq12_tmax1e5_gh0p01_prefixes_remap40_newmodel_columns/column_0868.tsv
Copying file:///home/carterhinsley/MultimodalMaps.jl/kneading/experiment/attempt-051/grid1000_seq12_tmax1e5_gh0p01_prefixes_remap40_newmodel_columns/column_0869.tsv to gs://carter-kneading-attempt048/attempt-051/grid1000_seq12_tmax1e5_gh0p01_prefixes_remap40_newmodel_columns/column_0869.tsv
Copying file:///home/carterhinsley/MultimodalMaps.jl/kneading/experiment/attempt-051/grid1000_seq12_tmax1e5_gh0p01_prefixes_remap40_newmodel_columns/column_0870.tsv to gs://carter-kneading-attempt048/attempt-051/grid1000_seq12_tmax1e5_gh0p01_prefixes_remap40_newmodel_columns/column_0870.tsv
Copying file:///home/carterhinsley/MultimodalMaps.jl/kneading/experiment/attempt-051/grid1000_seq12_tmax1e5_gh0p01_prefixes_remap40_newmodel_columns/column_0871.tsv to gs://carter-kneading-attempt048/attempt-051/grid1000_seq12_tmax1e5_gh0p01_prefixes_remap40_newmodel_columns/column_0871.tsv
Copying file:///home/carterhinsley/MultimodalMaps.jl/kneading/experiment/attempt-051/grid1000_seq12_tmax1e5_gh0p01_prefixes_remap40_newmodel_columns/column_0872.tsv to gs://carter-kneading-attempt048/attempt-051/grid1000_seq12_tmax1e5_gh0p01_prefixes_remap40_newmodel_columns/column_0872.tsv
Copying file:///home/carterhinsley/MultimodalMaps.jl/kneading/experiment/attempt-051/grid1000_seq12_tmax1e5_gh0p01_prefixes_remap40_newmodel_columns/column_0873.tsv to gs://carter-kneading-attempt048/attempt-051/grid1000_seq12_tmax1e5_gh0p01_prefixes_remap40_newmodel_columns/column_0873.tsv
Copying file:///home/carterhinsley/MultimodalMaps.jl/kneading/experiment/attempt-051/grid1000_seq12_tmax1e5_gh0p01_prefixes_remap40_newmodel_columns/column_0874.tsv to gs://carter-kneading-attempt048/attempt-051/grid1000_seq12_tmax1e5_gh0p01_prefixes_remap40_newmodel_columns/column_0874.tsv
Copying file:///home/carterhinsley/MultimodalMaps.jl/kneading/experiment/attempt-051/grid1000_seq12_tmax1e5_gh0p01_prefixes_remap40_newmodel_columns/column_0875.tsv to gs://carter-kneading-attempt048/attempt-051/grid1000_seq12_tmax1e5_gh0p01_prefixes_remap40_newmodel_columns/column_0875.tsv
Copying file:///home/carterhinsley/MultimodalMaps.jl/kneading/experiment/attempt-051/grid1000_seq12_tmax1e5_gh0p01_prefixes_remap40_newmodel_columns/column_0876.tsv to gs://carter-kneading-attempt048/attempt-051/grid1000_seq12_tmax1e5_gh0p01_prefixes_remap40_newmodel_columns/column_0876.tsv
Copying file:///home/carterhinsley/MultimodalMaps.jl/kneading/experiment/attempt-051/grid1000_seq12_tmax1e5_gh0p01_prefixes_remap40_newmodel_columns/column_0877.tsv to gs://carter-kneading-attempt048/attempt-051/grid1000_seq12_tmax1e5_gh0p01_prefixes_remap40_newmodel_columns/column_0877.tsv
Copying file:///home/carterhinsley/MultimodalMaps.jl/kneading/experiment/attempt-051/grid1000_seq12_tmax1e5_gh0p01_prefixes_remap40_newmodel_columns/column_0878.tsv to gs://carter-kneading-attempt048/attempt-051/grid1000_seq12_tmax1e5_gh0p01_prefixes_remap40_newmodel_columns/column_0878.tsv
Copying file:///home/carterhinsley/MultimodalMaps.jl/kneading/experiment/attempt-051/grid1000_seq12_tmax1e5_gh0p01_prefixes_remap40_newmodel_columns/column_0879.tsv to gs://carter-kneading-attempt048/attempt-051/grid1000_seq12_tmax1e5_gh0p01_prefixes_remap40_newmodel_columns/column_0879.tsv
Copying file:///home/carterhinsley/MultimodalMaps.jl/kneading/experiment/attempt-051/grid1000_seq12_tmax1e5_gh0p01_prefixes_remap40_newmodel_columns/column_0880.tsv to gs://carter-kneading-attempt048/attempt-051/grid1000_seq12_tmax1e5_gh0p01_prefixes_remap40_newmodel_columns/column_0880.tsv
Copying file:///home/carterhinsley/MultimodalMaps.jl/kneading/experiment/attempt-051/grid1000_seq12_tmax1e5_gh0p01_prefixes_remap40_newmodel_columns/column_0881.tsv to gs://carter-kneading-attempt048/attempt-051/grid1000_seq12_tmax1e5_gh0p01_prefixes_remap40_newmodel_columns/column_0881.tsv
Copying file:///home/carterhinsley/MultimodalMaps.jl/kneading/experiment/attempt-051/grid1000_seq12_tmax1e5_gh0p01_prefixes_remap40_newmodel_columns/column_0882.tsv to gs://carter-kneading-attempt048/attempt-051/grid1000_seq12_tmax1e5_gh0p01_prefixes_remap40_newmodel_columns/column_0882.tsv
Copying file:///home/carterhinsley/MultimodalMaps.jl/kneading/experiment/attempt-051/grid1000_seq12_tmax1e5_gh0p01_prefixes_remap40_newmodel_columns/column_0883.tsv to gs://carter-kneading-attempt048/attempt-051/grid1000_seq12_tmax1e5_gh0p01_prefixes_remap40_newmodel_columns/column_0883.tsv
Copying file:///home/carterhinsley/MultimodalMaps.jl/kneading/experiment/attempt-051/grid1000_seq12_tmax1e5_gh0p01_prefixes_remap40_newmodel_columns/column_0884.tsv to gs://carter-kneading-attempt048/attempt-051/grid1000_seq12_tmax1e5_gh0p01_prefixes_remap40_newmodel_columns/column_0884.tsv
Copying file:///home/carterhinsley/MultimodalMaps.jl/kneading/experiment/attempt-051/grid1000_seq12_tmax1e5_gh0p01_prefixes_remap40_newmodel_columns/column_0885.tsv to gs://carter-kneading-attempt048/attempt-051/grid1000_seq12_tmax1e5_gh0p01_prefixes_remap40_newmodel_columns/column_0885.tsv
Copying file:///home/carterhinsley/MultimodalMaps.jl/kneading/experiment/attempt-051/grid1000_seq12_tmax1e5_gh0p01_prefixes_remap40_newmodel_columns/column_0886.tsv to gs://carter-kneading-attempt048/attempt-051/grid1000_seq12_tmax1e5_gh0p01_prefixes_remap40_newmodel_columns/column_0886.tsv
Copying file:///home/carterhinsley/MultimodalMaps.jl/kneading/experiment/attempt-051/grid1000_seq12_tmax1e5_gh0p01_prefixes_remap40_newmodel_columns/column_0887.tsv to gs://carter-kneading-attempt048/attempt-051/grid1000_seq12_tmax1e5_gh0p01_prefixes_remap40_newmodel_columns/column_0887.tsv
Copying file:///home/carterhinsley/MultimodalMaps.jl/kneading/experiment/attempt-051/grid1000_seq12_tmax1e5_gh0p01_prefixes_remap40_newmodel_columns/column_0888.tsv to gs://carter-kneading-attempt048/attempt-051/grid1000_seq12_tmax1e5_gh0p01_prefixes_remap40_newmodel_columns/column_0888.tsv
Copying file:///home/carterhinsley/MultimodalMaps.jl/kneading/experiment/attempt-051/grid1000_seq12_tmax1e5_gh0p01_prefixes_remap40_newmodel_columns/column_0889.tsv to gs://carter-kneading-attempt048/attempt-051/grid1000_seq12_tmax1e5_gh0p01_prefixes_remap40_newmodel_columns/column_0889.tsv
Copying file:///home/carterhinsley/MultimodalMaps.jl/kneading/experiment/attempt-051/grid1000_seq12_tmax1e5_gh0p01_prefixes_remap40_newmodel_columns/column_0890.tsv to gs://carter-kneading-attempt048/attempt-051/grid1000_seq12_tmax1e5_gh0p01_prefixes_remap40_newmodel_columns/column_0890.tsv
Copying file:///home/carterhinsley/MultimodalMaps.jl/kneading/experiment/attempt-051/grid1000_seq12_tmax1e5_gh0p01_prefixes_remap40_newmodel_columns/column_0891.tsv to gs://carter-kneading-attempt048/attempt-051/grid1000_seq12_tmax1e5_gh0p01_prefixes_remap40_newmodel_columns/column_0891.tsv
Copying file:///home/carterhinsley/MultimodalMaps.jl/kneading/experiment/attempt-051/grid1000_seq12_tmax1e5_gh0p01_prefixes_remap40_newmodel_columns/column_0892.tsv to gs://carter-kneading-attempt048/attempt-051/grid1000_seq12_tmax1e5_gh0p01_prefixes_remap40_newmodel_columns/column_0892.tsv
Copying file:///home/carterhinsley/MultimodalMaps.jl/kneading/experiment/attempt-051/grid1000_seq12_tmax1e5_gh0p01_prefixes_remap40_newmodel_columns/column_0893.tsv to gs://carter-kneading-attempt048/attempt-051/grid1000_seq12_tmax1e5_gh0p01_prefixes_remap40_newmodel_columns/column_0893.tsv
Copying file:///home/carterhinsley/MultimodalMaps.jl/kneading/experiment/attempt-051/grid1000_seq12_tmax1e5_gh0p01_prefixes_remap40_newmodel_columns/column_0894.tsv to gs://carter-kneading-attempt048/attempt-051/grid1000_seq12_tmax1e5_gh0p01_prefixes_remap40_newmodel_columns/column_0894.tsv
Copying file:///home/carterhinsley/MultimodalMaps.jl/kneading/experiment/attempt-051/grid1000_seq12_tmax1e5_gh0p01_prefixes_remap40_newmodel_columns/column_0895.tsv to gs://carter-kneading-attempt048/attempt-051/grid1000_seq12_tmax1e5_gh0p01_prefixes_remap40_newmodel_columns/column_0895.tsv
Copying file:///home/carterhinsley/MultimodalMaps.jl/kneading/experiment/attempt-051/grid1000_seq12_tmax1e5_gh0p01_prefixes_remap40_newmodel_columns/column_0896.tsv to gs://carter-kneading-attempt048/attempt-051/grid1000_seq12_tmax1e5_gh0p01_prefixes_remap40_newmodel_columns/column_0896.tsv
Copying file:///home/carterhinsley/MultimodalMaps.jl/kneading/experiment/attempt-051/grid1000_seq12_tmax1e5_gh0p01_prefixes_remap40_newmodel_columns/column_0897.tsv to gs://carter-kneading-attempt048/attempt-051/grid1000_seq12_tmax1e5_gh0p01_prefixes_remap40_newmodel_columns/column_0897.tsv
Copying file:///home/carterhinsley/MultimodalMaps.jl/kneading/experiment/attempt-051/grid1000_seq12_tmax1e5_gh0p01_prefixes_remap40_newmodel_columns/column_0898.tsv to gs://carter-kneading-attempt048/attempt-051/grid1000_seq12_tmax1e5_gh0p01_prefixes_remap40_newmodel_columns/column_0898.tsv
Copying file:///home/carterhinsley/MultimodalMaps.jl/kneading/experiment/attempt-051/grid1000_seq12_tmax1e5_gh0p01_prefixes_remap40_newmodel_columns/column_0899.tsv to gs://carter-kneading-attempt048/attempt-051/grid1000_seq12_tmax1e5_gh0p01_prefixes_remap40_newmodel_columns/column_0899.tsv
Copying file:///home/carterhinsley/MultimodalMaps.jl/kneading/experiment/attempt-051/grid1000_seq12_tmax1e5_gh0p01_prefixes_remap40_newmodel_columns/column_0900.tsv to gs://carter-kneading-attempt048/attempt-051/grid1000_seq12_tmax1e5_gh0p01_prefixes_remap40_newmodel_columns/column_0900.tsv
Copying file:///home/carterhinsley/MultimodalMaps.jl/kneading/experiment/attempt-051/grid1000_seq12_tmax1e5_gh0p01_prefixes_remap40_newmodel_columns/column_0901.tsv to gs://carter-kneading-attempt048/attempt-051/grid1000_seq12_tmax1e5_gh0p01_prefixes_remap40_newmodel_columns/column_0901.tsv
Copying file:///home/carterhinsley/MultimodalMaps.jl/kneading/experiment/attempt-051/grid1000_seq12_tmax1e5_gh0p01_prefixes_remap40_newmodel_columns/column_0902.tsv to gs://carter-kneading-attempt048/attempt-051/grid1000_seq12_tmax1e5_gh0p01_prefixes_remap40_newmodel_columns/column_0902.tsv
Copying file:///home/carterhinsley/MultimodalMaps.jl/kneading/experiment/attempt-051/grid1000_seq12_tmax1e5_gh0p01_prefixes_remap40_newmodel_columns/column_0903.tsv to gs://carter-kneading-attempt048/attempt-051/grid1000_seq12_tmax1e5_gh0p01_prefixes_remap40_newmodel_columns/column_0903.tsv
Copying file:///home/carterhinsley/MultimodalMaps.jl/kneading/experiment/attempt-051/grid1000_seq12_tmax1e5_gh0p01_prefixes_remap40_newmodel_columns/column_0904.tsv to gs://carter-kneading-attempt048/attempt-051/grid1000_seq12_tmax1e5_gh0p01_prefixes_remap40_newmodel_columns/column_0904.tsv
Copying file:///home/carterhinsley/MultimodalMaps.jl/kneading/experiment/attempt-051/grid1000_seq12_tmax1e5_gh0p01_prefixes_remap40_newmodel_columns/column_0905.tsv to gs://carter-kneading-attempt048/attempt-051/grid1000_seq12_tmax1e5_gh0p01_prefixes_remap40_newmodel_columns/column_0905.tsv
Copying file:///home/carterhinsley/MultimodalMaps.jl/kneading/experiment/attempt-051/grid1000_seq12_tmax1e5_gh0p01_prefixes_remap40_newmodel_columns/column_0906.tsv to gs://carter-kneading-attempt048/attempt-051/grid1000_seq12_tmax1e5_gh0p01_prefixes_remap40_newmodel_columns/column_0906.tsv
Copying file:///home/carterhinsley/MultimodalMaps.jl/kneading/experiment/attempt-051/grid1000_seq12_tmax1e5_gh0p01_prefixes_remap40_newmodel_columns/column_0907.tsv to gs://carter-kneading-attempt048/attempt-051/grid1000_seq12_tmax1e5_gh0p01_prefixes_remap40_newmodel_columns/column_0907.tsv
Copying file:///home/carterhinsley/MultimodalMaps.jl/kneading/experiment/attempt-051/grid1000_seq12_tmax1e5_gh0p01_prefixes_remap40_newmodel_columns/column_0908.tsv to gs://carter-kneading-attempt048/attempt-051/grid1000_seq12_tmax1e5_gh0p01_prefixes_remap40_newmodel_columns/column_0908.tsv
Copying file:///home/carterhinsley/MultimodalMaps.jl/kneading/experiment/attempt-051/grid1000_seq12_tmax1e5_gh0p01_prefixes_remap40_newmodel_columns/column_0909.tsv to gs://carter-kneading-attempt048/attempt-051/grid1000_seq12_tmax1e5_gh0p01_prefixes_remap40_newmodel_columns/column_0909.tsv
Copying file:///home/carterhinsley/MultimodalMaps.jl/kneading/experiment/attempt-051/grid1000_seq12_tmax1e5_gh0p01_prefixes_remap40_newmodel_columns/column_0910.tsv to gs://carter-kneading-attempt048/attempt-051/grid1000_seq12_tmax1e5_gh0p01_prefixes_remap40_newmodel_columns/column_0910.tsv
Copying file:///home/carterhinsley/MultimodalMaps.jl/kneading/experiment/attempt-051/grid1000_seq12_tmax1e5_gh0p01_prefixes_remap40_newmodel_columns/column_0911.tsv to gs://carter-kneading-attempt048/attempt-051/grid1000_seq12_tmax1e5_gh0p01_prefixes_remap40_newmodel_columns/column_0911.tsv
Copying file:///home/carterhinsley/MultimodalMaps.jl/kneading/experiment/attempt-051/grid1000_seq12_tmax1e5_gh0p01_prefixes_remap40_newmodel_columns/column_0912.tsv to gs://carter-kneading-attempt048/attempt-051/grid1000_seq12_tmax1e5_gh0p01_prefixes_remap40_newmodel_columns/column_0912.tsv
Copying file:///home/carterhinsley/MultimodalMaps.jl/kneading/experiment/attempt-051/grid1000_seq12_tmax1e5_gh0p01_prefixes_remap40_newmodel_columns/column_0913.tsv to gs://carter-kneading-attempt048/attempt-051/grid1000_seq12_tmax1e5_gh0p01_prefixes_remap40_newmodel_columns/column_0913.tsv
Copying file:///home/carterhinsley/MultimodalMaps.jl/kneading/experiment/attempt-051/grid1000_seq12_tmax1e5_gh0p01_prefixes_remap40_newmodel_columns/column_0914.tsv to gs://carter-kneading-attempt048/attempt-051/grid1000_seq12_tmax1e5_gh0p01_prefixes_remap40_newmodel_columns/column_0914.tsv
Copying file:///home/carterhinsley/MultimodalMaps.jl/kneading/experiment/attempt-051/grid1000_seq12_tmax1e5_gh0p01_prefixes_remap40_newmodel_columns/column_0915.tsv to gs://carter-kneading-attempt048/attempt-051/grid1000_seq12_tmax1e5_gh0p01_prefixes_remap40_newmodel_columns/column_0915.tsv
Copying file:///home/carterhinsley/MultimodalMaps.jl/kneading/experiment/attempt-051/grid1000_seq12_tmax1e5_gh0p01_prefixes_remap40_newmodel_columns/column_0916.tsv to gs://carter-kneading-attempt048/attempt-051/grid1000_seq12_tmax1e5_gh0p01_prefixes_remap40_newmodel_columns/column_0916.tsv
Copying file:///home/carterhinsley/MultimodalMaps.jl/kneading/experiment/attempt-051/grid1000_seq12_tmax1e5_gh0p01_prefixes_remap40_newmodel_columns/column_0917.tsv to gs://carter-kneading-attempt048/attempt-051/grid1000_seq12_tmax1e5_gh0p01_prefixes_remap40_newmodel_columns/column_0917.tsv
Copying file:///home/carterhinsley/MultimodalMaps.jl/kneading/experiment/attempt-051/grid1000_seq12_tmax1e5_gh0p01_prefixes_remap40_newmodel_columns/column_0918.tsv to gs://carter-kneading-attempt048/attempt-051/grid1000_seq12_tmax1e5_gh0p01_prefixes_remap40_newmodel_columns/column_0918.tsv
Copying file:///home/carterhinsley/MultimodalMaps.jl/kneading/experiment/attempt-051/grid1000_seq12_tmax1e5_gh0p01_prefixes_remap40_newmodel_columns/column_0919.tsv to gs://carter-kneading-attempt048/attempt-051/grid1000_seq12_tmax1e5_gh0p01_prefixes_remap40_newmodel_columns/column_0919.tsv
Copying file:///home/carterhinsley/MultimodalMaps.jl/kneading/experiment/attempt-051/grid1000_seq12_tmax1e5_gh0p01_prefixes_remap40_newmodel_columns/column_0920.tsv to gs://carter-kneading-attempt048/attempt-051/grid1000_seq12_tmax1e5_gh0p01_prefixes_remap40_newmodel_columns/column_0920.tsv
Copying file:///home/carterhinsley/MultimodalMaps.jl/kneading/experiment/attempt-051/grid1000_seq12_tmax1e5_gh0p01_prefixes_remap40_newmodel_columns/column_0921.tsv to gs://carter-kneading-attempt048/attempt-051/grid1000_seq12_tmax1e5_gh0p01_prefixes_remap40_newmodel_columns/column_0921.tsv
Copying file:///home/carterhinsley/MultimodalMaps.jl/kneading/experiment/attempt-051/grid1000_seq12_tmax1e5_gh0p01_prefixes_remap40_newmodel_columns/column_0922.tsv to gs://carter-kneading-attempt048/attempt-051/grid1000_seq12_tmax1e5_gh0p01_prefixes_remap40_newmodel_columns/column_0922.tsv
Copying file:///home/carterhinsley/MultimodalMaps.jl/kneading/experiment/attempt-051/grid1000_seq12_tmax1e5_gh0p01_prefixes_remap40_newmodel_columns/column_0923.tsv to gs://carter-kneading-attempt048/attempt-051/grid1000_seq12_tmax1e5_gh0p01_prefixes_remap40_newmodel_columns/column_0923.tsv
Copying file:///home/carterhinsley/MultimodalMaps.jl/kneading/experiment/attempt-051/grid1000_seq12_tmax1e5_gh0p01_prefixes_remap40_newmodel_columns/column_0924.tsv to gs://carter-kneading-attempt048/attempt-051/grid1000_seq12_tmax1e5_gh0p01_prefixes_remap40_newmodel_columns/column_0924.tsv
Copying file:///home/carterhinsley/MultimodalMaps.jl/kneading/experiment/attempt-051/grid1000_seq12_tmax1e5_gh0p01_prefixes_remap40_newmodel_columns/column_0925.tsv to gs://carter-kneading-attempt048/attempt-051/grid1000_seq12_tmax1e5_gh0p01_prefixes_remap40_newmodel_columns/column_0925.tsv
Copying file:///home/carterhinsley/MultimodalMaps.jl/kneading/experiment/attempt-051/grid1000_seq12_tmax1e5_gh0p01_prefixes_remap40_newmodel_columns/column_0926.tsv to gs://carter-kneading-attempt048/attempt-051/grid1000_seq12_tmax1e5_gh0p01_prefixes_remap40_newmodel_columns/column_0926.tsv
Copying file:///home/carterhinsley/MultimodalMaps.jl/kneading/experiment/attempt-051/grid1000_seq12_tmax1e5_gh0p01_prefixes_remap40_newmodel_columns/column_0927.tsv to gs://carter-kneading-attempt048/attempt-051/grid1000_seq12_tmax1e5_gh0p01_prefixes_remap40_newmodel_columns/column_0927.tsv
Copying file:///home/carterhinsley/MultimodalMaps.jl/kneading/experiment/attempt-051/grid1000_seq12_tmax1e5_gh0p01_prefixes_remap40_newmodel_columns/column_0928.tsv to gs://carter-kneading-attempt048/attempt-051/grid1000_seq12_tmax1e5_gh0p01_prefixes_remap40_newmodel_columns/column_0928.tsv
Copying file:///home/carterhinsley/MultimodalMaps.jl/kneading/experiment/attempt-051/grid1000_seq12_tmax1e5_gh0p01_prefixes_remap40_newmodel_columns/column_0929.tsv to gs://carter-kneading-attempt048/attempt-051/grid1000_seq12_tmax1e5_gh0p01_prefixes_remap40_newmodel_columns/column_0929.tsv
Copying file:///home/carterhinsley/MultimodalMaps.jl/kneading/experiment/attempt-051/grid1000_seq12_tmax1e5_gh0p01_prefixes_remap40_newmodel_columns/column_0930.tsv to gs://carter-kneading-attempt048/attempt-051/grid1000_seq12_tmax1e5_gh0p01_prefixes_remap40_newmodel_columns/column_0930.tsv
Copying file:///home/carterhinsley/MultimodalMaps.jl/kneading/experiment/attempt-051/grid1000_seq12_tmax1e5_gh0p01_prefixes_remap40_newmodel_columns/column_0931.tsv to gs://carter-kneading-attempt048/attempt-051/grid1000_seq12_tmax1e5_gh0p01_prefixes_remap40_newmodel_columns/column_0931.tsv
Copying file:///home/carterhinsley/MultimodalMaps.jl/kneading/experiment/attempt-051/grid1000_seq12_tmax1e5_gh0p01_prefixes_remap40_newmodel_columns/column_0932.tsv to gs://carter-kneading-attempt048/attempt-051/grid1000_seq12_tmax1e5_gh0p01_prefixes_remap40_newmodel_columns/column_0932.tsv
Copying file:///home/carterhinsley/MultimodalMaps.jl/kneading/experiment/attempt-051/grid1000_seq12_tmax1e5_gh0p01_prefixes_remap40_newmodel_columns/column_0933.tsv to gs://carter-kneading-attempt048/attempt-051/grid1000_seq12_tmax1e5_gh0p01_prefixes_remap40_newmodel_columns/column_0933.tsv
Copying file:///home/carterhinsley/MultimodalMaps.jl/kneading/experiment/attempt-051/grid1000_seq12_tmax1e5_gh0p01_prefixes_remap40_newmodel_columns/column_0934.tsv to gs://carter-kneading-attempt048/attempt-051/grid1000_seq12_tmax1e5_gh0p01_prefixes_remap40_newmodel_columns/column_0934.tsv
Copying file:///home/carterhinsley/MultimodalMaps.jl/kneading/experiment/attempt-051/grid1000_seq12_tmax1e5_gh0p01_prefixes_remap40_newmodel_columns/column_0935.tsv to gs://carter-kneading-attempt048/attempt-051/grid1000_seq12_tmax1e5_gh0p01_prefixes_remap40_newmodel_columns/column_0935.tsv
Copying file:///home/carterhinsley/MultimodalMaps.jl/kneading/experiment/attempt-051/grid1000_seq12_tmax1e5_gh0p01_prefixes_remap40_newmodel_columns/column_0936.tsv to gs://carter-kneading-attempt048/attempt-051/grid1000_seq12_tmax1e5_gh0p01_prefixes_remap40_newmodel_columns/column_0936.tsv
Copying file:///home/carterhinsley/MultimodalMaps.jl/kneading/experiment/attempt-051/grid1000_seq12_tmax1e5_gh0p01_prefixes_remap40_newmodel_columns/column_0937.tsv to gs://carter-kneading-attempt048/attempt-051/grid1000_seq12_tmax1e5_gh0p01_prefixes_remap40_newmodel_columns/column_0937.tsv
Copying file:///home/carterhinsley/MultimodalMaps.jl/kneading/experiment/attempt-051/grid1000_seq12_tmax1e5_gh0p01_prefixes_remap40_newmodel_columns/column_0938.tsv to gs://carter-kneading-attempt048/attempt-051/grid1000_seq12_tmax1e5_gh0p01_prefixes_remap40_newmodel_columns/column_0938.tsv
Copying file:///home/carterhinsley/MultimodalMaps.jl/kneading/experiment/attempt-051/grid1000_seq12_tmax1e5_gh0p01_prefixes_remap40_newmodel_columns/column_0939.tsv to gs://carter-kneading-attempt048/attempt-051/grid1000_seq12_tmax1e5_gh0p01_prefixes_remap40_newmodel_columns/column_0939.tsv
Copying file:///home/carterhinsley/MultimodalMaps.jl/kneading/experiment/attempt-051/grid1000_seq12_tmax1e5_gh0p01_prefixes_remap40_newmodel_columns/column_0940.tsv to gs://carter-kneading-attempt048/attempt-051/grid1000_seq12_tmax1e5_gh0p01_prefixes_remap40_newmodel_columns/column_0940.tsv
Copying file:///home/carterhinsley/MultimodalMaps.jl/kneading/experiment/attempt-051/grid1000_seq12_tmax1e5_gh0p01_prefixes_remap40_newmodel_columns/column_0941.tsv to gs://carter-kneading-attempt048/attempt-051/grid1000_seq12_tmax1e5_gh0p01_prefixes_remap40_newmodel_columns/column_0941.tsv
.Copying file:///home/carterhinsley/MultimodalMaps.jl/kneading/experiment/attempt-051/grid1000_seq12_tmax1e5_gh0p01_prefixes_remap40_newmodel_columns/column_0942.tsv to gs://carter-kneading-attempt048/attempt-051/grid1000_seq12_tmax1e5_gh0p01_prefixes_remap40_newmodel_columns/column_0942.tsv
Copying file:///home/carterhinsley/MultimodalMaps.jl/kneading/experiment/attempt-051/grid1000_seq12_tmax1e5_gh0p01_prefixes_remap40_newmodel_columns/column_0943.tsv to gs://carter-kneading-attempt048/attempt-051/grid1000_seq12_tmax1e5_gh0p01_prefixes_remap40_newmodel_columns/column_0943.tsv
Copying file:///home/carterhinsley/MultimodalMaps.jl/kneading/experiment/attempt-051/grid1000_seq12_tmax1e5_gh0p01_prefixes_remap40_newmodel_columns/column_0944.tsv to gs://carter-kneading-attempt048/attempt-051/grid1000_seq12_tmax1e5_gh0p01_prefixes_remap40_newmodel_columns/column_0944.tsv
Copying file:///home/carterhinsley/MultimodalMaps.jl/kneading/experiment/attempt-051/grid1000_seq12_tmax1e5_gh0p01_prefixes_remap40_newmodel_columns/column_0945.tsv to gs://carter-kneading-attempt048/attempt-051/grid1000_seq12_tmax1e5_gh0p01_prefixes_remap40_newmodel_columns/column_0945.tsv
Copying file:///home/carterhinsley/MultimodalMaps.jl/kneading/experiment/attempt-051/grid1000_seq12_tmax1e5_gh0p01_prefixes_remap40_newmodel_columns/column_0946.tsv to gs://carter-kneading-attempt048/attempt-051/grid1000_seq12_tmax1e5_gh0p01_prefixes_remap40_newmodel_columns/column_0946.tsv
Copying file:///home/carterhinsley/MultimodalMaps.jl/kneading/experiment/attempt-051/grid1000_seq12_tmax1e5_gh0p01_prefixes_remap40_newmodel_columns/column_0947.tsv to gs://carter-kneading-attempt048/attempt-051/grid1000_seq12_tmax1e5_gh0p01_prefixes_remap40_newmodel_columns/column_0947.tsv
Copying file:///home/carterhinsley/MultimodalMaps.jl/kneading/experiment/attempt-051/grid1000_seq12_tmax1e5_gh0p01_prefixes_remap40_newmodel_columns/column_0948.tsv to gs://carter-kneading-attempt048/attempt-051/grid1000_seq12_tmax1e5_gh0p01_prefixes_remap40_newmodel_columns/column_0948.tsv
Copying file:///home/carterhinsley/MultimodalMaps.jl/kneading/experiment/attempt-051/grid1000_seq12_tmax1e5_gh0p01_prefixes_remap40_newmodel_columns/column_0949.tsv to gs://carter-kneading-attempt048/attempt-051/grid1000_seq12_tmax1e5_gh0p01_prefixes_remap40_newmodel_columns/column_0949.tsv
Copying file:///home/carterhinsley/MultimodalMaps.jl/kneading/experiment/attempt-051/grid1000_seq12_tmax1e5_gh0p01_prefixes_remap40_newmodel_columns/column_0950.tsv to gs://carter-kneading-attempt048/attempt-051/grid1000_seq12_tmax1e5_gh0p01_prefixes_remap40_newmodel_columns/column_0950.tsv
Copying file:///home/carterhinsley/MultimodalMaps.jl/kneading/experiment/attempt-051/grid1000_seq12_tmax1e5_gh0p01_prefixes_remap40_newmodel_columns/column_0951.tsv to gs://carter-kneading-attempt048/attempt-051/grid1000_seq12_tmax1e5_gh0p01_prefixes_remap40_newmodel_columns/column_0951.tsv
Copying file:///home/carterhinsley/MultimodalMaps.jl/kneading/experiment/attempt-051/grid1000_seq12_tmax1e5_gh0p01_prefixes_remap40_newmodel_columns/column_0952.tsv to gs://carter-kneading-attempt048/attempt-051/grid1000_seq12_tmax1e5_gh0p01_prefixes_remap40_newmodel_columns/column_0952.tsv
Copying file:///home/carterhinsley/MultimodalMaps.jl/kneading/experiment/attempt-051/grid1000_seq12_tmax1e5_gh0p01_prefixes_remap40_newmodel_columns/column_0953.tsv to gs://carter-kneading-attempt048/attempt-051/grid1000_seq12_tmax1e5_gh0p01_prefixes_remap40_newmodel_columns/column_0953.tsv
Copying file:///home/carterhinsley/MultimodalMaps.jl/kneading/experiment/attempt-051/grid1000_seq12_tmax1e5_gh0p01_prefixes_remap40_newmodel_columns/column_0954.tsv to gs://carter-kneading-attempt048/attempt-051/grid1000_seq12_tmax1e5_gh0p01_prefixes_remap40_newmodel_columns/column_0954.tsv
Copying file:///home/carterhinsley/MultimodalMaps.jl/kneading/experiment/attempt-051/grid1000_seq12_tmax1e5_gh0p01_prefixes_remap40_newmodel_columns/column_0955.tsv to gs://carter-kneading-attempt048/attempt-051/grid1000_seq12_tmax1e5_gh0p01_prefixes_remap40_newmodel_columns/column_0955.tsv
Copying file:///home/carterhinsley/MultimodalMaps.jl/kneading/experiment/attempt-051/grid1000_seq12_tmax1e5_gh0p01_prefixes_remap40_newmodel_columns/column_0956.tsv to gs://carter-kneading-attempt048/attempt-051/grid1000_seq12_tmax1e5_gh0p01_prefixes_remap40_newmodel_columns/column_0956.tsv
Copying file:///home/carterhinsley/MultimodalMaps.jl/kneading/experiment/attempt-051/grid1000_seq12_tmax1e5_gh0p01_prefixes_remap40_newmodel_columns/column_0957.tsv to gs://carter-kneading-attempt048/attempt-051/grid1000_seq12_tmax1e5_gh0p01_prefixes_remap40_newmodel_columns/column_0957.tsv
Copying file:///home/carterhinsley/MultimodalMaps.jl/kneading/experiment/attempt-051/grid1000_seq12_tmax1e5_gh0p01_prefixes_remap40_newmodel_columns/column_0958.tsv to gs://carter-kneading-attempt048/attempt-051/grid1000_seq12_tmax1e5_gh0p01_prefixes_remap40_newmodel_columns/column_0958.tsv
Copying file:///home/carterhinsley/MultimodalMaps.jl/kneading/experiment/attempt-051/grid1000_seq12_tmax1e5_gh0p01_prefixes_remap40_newmodel_columns/column_0959.tsv to gs://carter-kneading-attempt048/attempt-051/grid1000_seq12_tmax1e5_gh0p01_prefixes_remap40_newmodel_columns/column_0959.tsv
Copying file:///home/carterhinsley/MultimodalMaps.jl/kneading/experiment/attempt-051/grid1000_seq12_tmax1e5_gh0p01_prefixes_remap40_newmodel_columns/column_0960.tsv to gs://carter-kneading-attempt048/attempt-051/grid1000_seq12_tmax1e5_gh0p01_prefixes_remap40_newmodel_columns/column_0960.tsv
Copying file:///home/carterhinsley/MultimodalMaps.jl/kneading/experiment/attempt-051/grid1000_seq12_tmax1e5_gh0p01_prefixes_remap40_newmodel_columns/column_0961.tsv to gs://carter-kneading-attempt048/attempt-051/grid1000_seq12_tmax1e5_gh0p01_prefixes_remap40_newmodel_columns/column_0961.tsv
Copying file:///home/carterhinsley/MultimodalMaps.jl/kneading/experiment/attempt-051/grid1000_seq12_tmax1e5_gh0p01_prefixes_remap40_newmodel_columns/column_0962.tsv to gs://carter-kneading-attempt048/attempt-051/grid1000_seq12_tmax1e5_gh0p01_prefixes_remap40_newmodel_columns/column_0962.tsv
Copying file:///home/carterhinsley/MultimodalMaps.jl/kneading/experiment/attempt-051/grid1000_seq12_tmax1e5_gh0p01_prefixes_remap40_newmodel_columns/column_0963.tsv to gs://carter-kneading-attempt048/attempt-051/grid1000_seq12_tmax1e5_gh0p01_prefixes_remap40_newmodel_columns/column_0963.tsv
Copying file:///home/carterhinsley/MultimodalMaps.jl/kneading/experiment/attempt-051/grid1000_seq12_tmax1e5_gh0p01_prefixes_remap40_newmodel_columns/column_0964.tsv to gs://carter-kneading-attempt048/attempt-051/grid1000_seq12_tmax1e5_gh0p01_prefixes_remap40_newmodel_columns/column_0964.tsv
Copying file:///home/carterhinsley/MultimodalMaps.jl/kneading/experiment/attempt-051/grid1000_seq12_tmax1e5_gh0p01_prefixes_remap40_newmodel_columns/column_0965.tsv to gs://carter-kneading-attempt048/attempt-051/grid1000_seq12_tmax1e5_gh0p01_prefixes_remap40_newmodel_columns/column_0965.tsv
Copying file:///home/carterhinsley/MultimodalMaps.jl/kneading/experiment/attempt-051/grid1000_seq12_tmax1e5_gh0p01_prefixes_remap40_newmodel_columns/column_0966.tsv to gs://carter-kneading-attempt048/attempt-051/grid1000_seq12_tmax1e5_gh0p01_prefixes_remap40_newmodel_columns/column_0966.tsv
Copying file:///home/carterhinsley/MultimodalMaps.jl/kneading/experiment/attempt-051/grid1000_seq12_tmax1e5_gh0p01_prefixes_remap40_newmodel_columns/column_0967.tsv to gs://carter-kneading-attempt048/attempt-051/grid1000_seq12_tmax1e5_gh0p01_prefixes_remap40_newmodel_columns/column_0967.tsv
Copying file:///home/carterhinsley/MultimodalMaps.jl/kneading/experiment/attempt-051/grid1000_seq12_tmax1e5_gh0p01_prefixes_remap40_newmodel_columns/column_0968.tsv to gs://carter-kneading-attempt048/attempt-051/grid1000_seq12_tmax1e5_gh0p01_prefixes_remap40_newmodel_columns/column_0968.tsv
Copying file:///home/carterhinsley/MultimodalMaps.jl/kneading/experiment/attempt-051/grid1000_seq12_tmax1e5_gh0p01_prefixes_remap40_newmodel_columns/column_0969.tsv to gs://carter-kneading-attempt048/attempt-051/grid1000_seq12_tmax1e5_gh0p01_prefixes_remap40_newmodel_columns/column_0969.tsv
Copying file:///home/carterhinsley/MultimodalMaps.jl/kneading/experiment/attempt-051/grid1000_seq12_tmax1e5_gh0p01_prefixes_remap40_newmodel_columns/column_0970.tsv to gs://carter-kneading-attempt048/attempt-051/grid1000_seq12_tmax1e5_gh0p01_prefixes_remap40_newmodel_columns/column_0970.tsv
Copying file:///home/carterhinsley/MultimodalMaps.jl/kneading/experiment/attempt-051/grid1000_seq12_tmax1e5_gh0p01_prefixes_remap40_newmodel_columns/column_0971.tsv to gs://carter-kneading-attempt048/attempt-051/grid1000_seq12_tmax1e5_gh0p01_prefixes_remap40_newmodel_columns/column_0971.tsv
Copying file:///home/carterhinsley/MultimodalMaps.jl/kneading/experiment/attempt-051/grid1000_seq12_tmax1e5_gh0p01_prefixes_remap40_newmodel_columns/column_0972.tsv to gs://carter-kneading-attempt048/attempt-051/grid1000_seq12_tmax1e5_gh0p01_prefixes_remap40_newmodel_columns/column_0972.tsv
Copying file:///home/carterhinsley/MultimodalMaps.jl/kneading/experiment/attempt-051/grid1000_seq12_tmax1e5_gh0p01_prefixes_remap40_newmodel_columns/column_0973.tsv to gs://carter-kneading-attempt048/attempt-051/grid1000_seq12_tmax1e5_gh0p01_prefixes_remap40_newmodel_columns/column_0973.tsv
Copying file:///home/carterhinsley/MultimodalMaps.jl/kneading/experiment/attempt-051/grid1000_seq12_tmax1e5_gh0p01_prefixes_remap40_newmodel_columns/column_0974.tsv to gs://carter-kneading-attempt048/attempt-051/grid1000_seq12_tmax1e5_gh0p01_prefixes_remap40_newmodel_columns/column_0974.tsv
Copying file:///home/carterhinsley/MultimodalMaps.jl/kneading/experiment/attempt-051/grid1000_seq12_tmax1e5_gh0p01_prefixes_remap40_newmodel_columns/column_0975.tsv to gs://carter-kneading-attempt048/attempt-051/grid1000_seq12_tmax1e5_gh0p01_prefixes_remap40_newmodel_columns/column_0975.tsv
Copying file:///home/carterhinsley/MultimodalMaps.jl/kneading/experiment/attempt-051/grid1000_seq12_tmax1e5_gh0p01_prefixes_remap40_newmodel_columns/column_0976.tsv to gs://carter-kneading-attempt048/attempt-051/grid1000_seq12_tmax1e5_gh0p01_prefixes_remap40_newmodel_columns/column_0976.tsv
Copying file:///home/carterhinsley/MultimodalMaps.jl/kneading/experiment/attempt-051/grid1000_seq12_tmax1e5_gh0p01_prefixes_remap40_newmodel_columns/column_0977.tsv to gs://carter-kneading-attempt048/attempt-051/grid1000_seq12_tmax1e5_gh0p01_prefixes_remap40_newmodel_columns/column_0977.tsv
Copying file:///home/carterhinsley/MultimodalMaps.jl/kneading/experiment/attempt-051/grid1000_seq12_tmax1e5_gh0p01_prefixes_remap40_newmodel_columns/column_0978.tsv to gs://carter-kneading-attempt048/attempt-051/grid1000_seq12_tmax1e5_gh0p01_prefixes_remap40_newmodel_columns/column_0978.tsv
Copying file:///home/carterhinsley/MultimodalMaps.jl/kneading/experiment/attempt-051/grid1000_seq12_tmax1e5_gh0p01_prefixes_remap40_newmodel_columns/column_0979.tsv to gs://carter-kneading-attempt048/attempt-051/grid1000_seq12_tmax1e5_gh0p01_prefixes_remap40_newmodel_columns/column_0979.tsv
Copying file:///home/carterhinsley/MultimodalMaps.jl/kneading/experiment/attempt-051/grid1000_seq12_tmax1e5_gh0p01_prefixes_remap40_newmodel_columns/column_0980.tsv to gs://carter-kneading-attempt048/attempt-051/grid1000_seq12_tmax1e5_gh0p01_prefixes_remap40_newmodel_columns/column_0980.tsv
Copying file:///home/carterhinsley/MultimodalMaps.jl/kneading/experiment/attempt-051/grid1000_seq12_tmax1e5_gh0p01_prefixes_remap40_newmodel_columns/column_0981.tsv to gs://carter-kneading-attempt048/attempt-051/grid1000_seq12_tmax1e5_gh0p01_prefixes_remap40_newmodel_columns/column_0981.tsv
Copying file:///home/carterhinsley/MultimodalMaps.jl/kneading/experiment/attempt-051/grid1000_seq12_tmax1e5_gh0p01_prefixes_remap40_newmodel_columns/column_0982.tsv to gs://carter-kneading-attempt048/attempt-051/grid1000_seq12_tmax1e5_gh0p01_prefixes_remap40_newmodel_columns/column_0982.tsv
Copying file:///home/carterhinsley/MultimodalMaps.jl/kneading/experiment/attempt-051/grid1000_seq12_tmax1e5_gh0p01_prefixes_remap40_newmodel_columns/column_0983.tsv to gs://carter-kneading-attempt048/attempt-051/grid1000_seq12_tmax1e5_gh0p01_prefixes_remap40_newmodel_columns/column_0983.tsv
Copying file:///home/carterhinsley/MultimodalMaps.jl/kneading/experiment/attempt-051/grid1000_seq12_tmax1e5_gh0p01_prefixes_remap40_newmodel_columns/column_0984.tsv to gs://carter-kneading-attempt048/attempt-051/grid1000_seq12_tmax1e5_gh0p01_prefixes_remap40_newmodel_columns/column_0984.tsv
Copying file:///home/carterhinsley/MultimodalMaps.jl/kneading/experiment/attempt-051/grid1000_seq12_tmax1e5_gh0p01_prefixes_remap40_newmodel_columns/column_0985.tsv to gs://carter-kneading-attempt048/attempt-051/grid1000_seq12_tmax1e5_gh0p01_prefixes_remap40_newmodel_columns/column_0985.tsv
Copying file:///home/carterhinsley/MultimodalMaps.jl/kneading/experiment/attempt-051/grid1000_seq12_tmax1e5_gh0p01_prefixes_remap40_newmodel_columns/column_0986.tsv to gs://carter-kneading-attempt048/attempt-051/grid1000_seq12_tmax1e5_gh0p01_prefixes_remap40_newmodel_columns/column_0986.tsv
Copying file:///home/carterhinsley/MultimodalMaps.jl/kneading/experiment/attempt-051/grid1000_seq12_tmax1e5_gh0p01_prefixes_remap40_newmodel_columns/column_0987.tsv to gs://carter-kneading-attempt048/attempt-051/grid1000_seq12_tmax1e5_gh0p01_prefixes_remap40_newmodel_columns/column_0987.tsv
Copying file:///home/carterhinsley/MultimodalMaps.jl/kneading/experiment/attempt-051/grid1000_seq12_tmax1e5_gh0p01_prefixes_remap40_newmodel_columns/column_0988.tsv to gs://carter-kneading-attempt048/attempt-051/grid1000_seq12_tmax1e5_gh0p01_prefixes_remap40_newmodel_columns/column_0988.tsv
Copying file:///home/carterhinsley/MultimodalMaps.jl/kneading/experiment/attempt-051/grid1000_seq12_tmax1e5_gh0p01_prefixes_remap40_newmodel_columns/column_0989.tsv to gs://carter-kneading-attempt048/attempt-051/grid1000_seq12_tmax1e5_gh0p01_prefixes_remap40_newmodel_columns/column_0989.tsv
Copying file:///home/carterhinsley/MultimodalMaps.jl/kneading/experiment/attempt-051/grid1000_seq12_tmax1e5_gh0p01_prefixes_remap40_newmodel_columns/column_0990.tsv to gs://carter-kneading-attempt048/attempt-051/grid1000_seq12_tmax1e5_gh0p01_prefixes_remap40_newmodel_columns/column_0990.tsv
Copying file:///home/carterhinsley/MultimodalMaps.jl/kneading/experiment/attempt-051/grid1000_seq12_tmax1e5_gh0p01_prefixes_remap40_newmodel_columns/column_0991.tsv to gs://carter-kneading-attempt048/attempt-051/grid1000_seq12_tmax1e5_gh0p01_prefixes_remap40_newmodel_columns/column_0991.tsv
Copying file:///home/carterhinsley/MultimodalMaps.jl/kneading/experiment/attempt-051/grid1000_seq12_tmax1e5_gh0p01_prefixes_remap40_newmodel_columns/column_0992.tsv to gs://carter-kneading-attempt048/attempt-051/grid1000_seq12_tmax1e5_gh0p01_prefixes_remap40_newmodel_columns/column_0992.tsv
Copying file:///home/carterhinsley/MultimodalMaps.jl/kneading/experiment/attempt-051/grid1000_seq12_tmax1e5_gh0p01_prefixes_remap40_newmodel_columns/column_0993.tsv to gs://carter-kneading-attempt048/attempt-051/grid1000_seq12_tmax1e5_gh0p01_prefixes_remap40_newmodel_columns/column_0993.tsv
Copying file:///home/carterhinsley/MultimodalMaps.jl/kneading/experiment/attempt-051/grid1000_seq12_tmax1e5_gh0p01_prefixes_remap40_newmodel_columns/column_0994.tsv to gs://carter-kneading-attempt048/attempt-051/grid1000_seq12_tmax1e5_gh0p01_prefixes_remap40_newmodel_columns/column_0994.tsv
Copying file:///home/carterhinsley/MultimodalMaps.jl/kneading/experiment/attempt-051/grid1000_seq12_tmax1e5_gh0p01_prefixes_remap40_newmodel_columns/column_0995.tsv to gs://carter-kneading-attempt048/attempt-051/grid1000_seq12_tmax1e5_gh0p01_prefixes_remap40_newmodel_columns/column_0995.tsv
Copying file:///home/carterhinsley/MultimodalMaps.jl/kneading/experiment/attempt-051/grid1000_seq12_tmax1e5_gh0p01_prefixes_remap40_newmodel_columns/column_0996.tsv to gs://carter-kneading-attempt048/attempt-051/grid1000_seq12_tmax1e5_gh0p01_prefixes_remap40_newmodel_columns/column_0996.tsv
Copying file:///home/carterhinsley/MultimodalMaps.jl/kneading/experiment/attempt-051/grid1000_seq12_tmax1e5_gh0p01_prefixes_remap40_newmodel_columns/column_0997.tsv to gs://carter-kneading-attempt048/attempt-051/grid1000_seq12_tmax1e5_gh0p01_prefixes_remap40_newmodel_columns/column_0997.tsv
Copying file:///home/carterhinsley/MultimodalMaps.jl/kneading/experiment/attempt-051/grid1000_seq12_tmax1e5_gh0p01_prefixes_remap40_newmodel_columns/column_0998.tsv to gs://carter-kneading-attempt048/attempt-051/grid1000_seq12_tmax1e5_gh0p01_prefixes_remap40_newmodel_columns/column_0998.tsv
Copying file:///home/carterhinsley/MultimodalMaps.jl/kneading/experiment/attempt-051/grid1000_seq12_tmax1e5_gh0p01_prefixes_remap40_newmodel_columns/column_0999.tsv to gs://carter-kneading-attempt048/attempt-051/grid1000_seq12_tmax1e5_gh0p01_prefixes_remap40_newmodel_columns/column_0999.tsv
Copying file:///home/carterhinsley/MultimodalMaps.jl/kneading/experiment/attempt-051/grid1000_seq12_tmax1e5_gh0p01_prefixes_remap40_newmodel_columns/column_1000.tsv to gs://carter-kneading-attempt048/attempt-051/grid1000_seq12_tmax1e5_gh0p01_prefixes_remap40_newmodel_columns/column_1000.tsv
..

Average throughput: 72.8MiB/s
Copying file:///home/carterhinsley/MultimodalMaps.jl/kneading/experiment/attempt-051/grid1000_seq12_tmax1e5_gh0p01_prefixes_remap40_newmodel.log to gs://carter-kneading-attempt048/attempt-051/grid1000_seq12_tmax1e5_gh0p01_prefixes_remap40_newmodel.log
  

Copying file:///home/carterhinsley/MultimodalMaps.jl/kneading/experiment/attempt-051/grid1000_seq12_tmax1e5_gh0p01_prefixes_remap40_newmodel_prefix12_T_legend.tsv to gs://carter-kneading-attempt048/attempt-051/grid1000_seq12_tmax1e5_gh0p01_prefixes_remap40_newmodel_prefix12_T_legend.tsv
  

Copying file:///home/carterhinsley/MultimodalMaps.jl/kneading/experiment/attempt-051/grid1000_seq12_tmax1e5_gh0p01_prefixes_remap40_newmodel_gamma_legend.tsv to gs://carter-kneading-attempt048/attempt-051/grid1000_seq12_tmax1e5_gh0p01_prefixes_remap40_newmodel_gamma_legend.tsv
  

Copying file:///home/carterhinsley/MultimodalMaps.jl/kneading/experiment/attempt-051/grid1000_seq12_tmax1e5_gh0p01_prefixes_remap40_newmodel_prefix03_contours.png to gs://carter-kneading-attempt048/attempt-051/grid1000_seq12_tmax1e5_gh0p01_prefixes_remap40_newmodel_prefix03_contours.png
  

Copying file:///home/carterhinsley/MultimodalMaps.jl/kneading/experiment/attempt-051/grid1000_seq12_tmax1e5_gh0p01_prefixes_remap40_newmodel_prefix09_contours.png to gs://carter-kneading-attempt048/attempt-051/grid1000_seq12_tmax1e5_gh0p01_prefixes_remap40_newmodel_prefix09_contours.png
  

Copying file:///home/carterhinsley/MultimodalMaps.jl/kneading/experiment/attempt-051/grid1000_seq12_tmax1e5_gh0p01_prefixes_remap40_newmodel_prefix05_contours.png to gs://carter-kneading-attempt048/attempt-051/grid1000_seq12_tmax1e5_gh0p01_prefixes_remap40_newmodel_prefix05_contours.png
  

Copying file:///home/carterhinsley/MultimodalMaps.jl/kneading/experiment/attempt-051/grid1000_seq12_tmax1e5_gh0p01_prefixes_remap40_newmodel.log to gs://carter-kneading-attempt048/attempt-051/grid1000_seq12_tmax1e5_gh0p01_prefixes_remap40_newmodel.log
  
