delta_x	delta_ca	T0_V	T0_Ca	T0_method	T_signs	gamma_signs	T_min_times	gamma_min_times	T_tangent_Ca	gamma_tangent_Ca	status
-1.50000000	-34.32160804	-42.87980721	0.8754817863	continued:5	1,1,1,1,1,1,1,1	-1,-1,-1,-1,-1,-1,-1,-1	588.1860645,1002.915554,8643.84809,16268.1658,23893.62845,31519.62793,39145.85733,46772.18249	5423.388152,5827.085711,6090.232891,6358.172486,6642.854846,6949.571522,7283.265776,7650.197021	0.9860022462,0.3084057957,0.9393817953,0.9386619076,0.9383611049,0.9382324421,0.9381696411,0.93811479	-0.4602363475,-0.4659562267,-0.4712085024,-0.472651934,-0.474161201,-0.476599058,-0.4803371406,-0.4857429768	ok
-1.49497487	-34.32160804	-43.40001979	0.8758556217	continued:5	1,1,1,1,1,1,1,1	-1,-1,-1,-1,-1,-1,-1,-1	811.5834314,1915.631974,9539.897657,17165.44183,24791.67316,32418.21156,40044.88109,47671.60575	5419.220002,5822.913434,6085.881233,6353.62782,6638.093298,6944.571065,7278.005393,7644.656492	0.9855283174,0.9496017065,0.9389091114,0.9385013603,0.9383026806,0.9381403899,0.9378495385,0.9371129569	-0.4481354442,-0.4539532185,-0.4589382524,-0.4603698986,-0.4619104151,-0.4643871412,-0.4681661611,-0.4736170806	ok
-1.48994975	-34.32160804	-43.83884763	0.8730622728	continued:5	1,1,1,1,1,1,1,1	-1,-1,-1,-1,-1,-1,-1,-1	976.5875464,2394.153198,10019.08602,17645.19153,25271.90153,32898.88521,40525.98742,48153.14019	5415.137359,5818.828957,6081.619729,6349.176067,6633.427845,6939.670416,7272.849226,7639.225532	0.9854839359,0.9410308836,0.9388724354,0.9384575713,0.9381246545,0.9375629703,0.9362169109,0.9327476051	-0.436262418,-0.4421624304,-0.4468958813,-0.4483154262,-0.4498830976,-0.4523926417,-0.4562046563,-0.4616903576	ok
-1.48492462	-34.32160804	-44.26320757	0.8702689240	continued:5	1,1,1,1,1,1,1,1	-1,-1,-1,-1,-1,-1,-1,-1	1135.831795,2806.229013,10431.78028,18058.41772,25685.62295,33313.08981,40940.67209,48568.3045	5411.138404,5814.830363,6077.446371,6344.815115,6628.856253,6934.867193,7267.794715,7633.901363	0.9854966936,0.939947254,0.9384559862,0.9373493378,0.9352113328,0.930113932,0.917639727,0.8881449513	-0.4246246171,-0.4305919833,-0.4350887993,-0.4364959032,-0.4380868023,-0.4406233921,-0.4444608429,-0.4499715245	ok
-1.47989950	-34.32160804	-44.68230858	0.8674755751	continued:5	1,1,1,1,1,1,1,1	-1,-1,-1,-1,-1,-1,-1,-1	1280.6358,3063.604277,10689.76374,18316.9504,25944.68796,33572.68476,41200.79824,48828.96336	5407.221374,5810.915793,6073.359217,6340.542923,6624.376362,6930.159097,7262.839396,7628.681315	0.9854930189,0.8454732056,0.7457155395,0.6018786511,0.4419345339,0.3029093535,0.1998248152,0.1294616157	-0.4132279798,-0.4192486196,-0.4235230239,-0.4249173316,-0.4265277095,-0.4290858652,-0.4329415939,-0.4384679758	ok
-1.47487437	-34.32160804	-45.10093625	0.8648099436	continued:5	1,1,1,1,1,1,1,1	-1,-1,-1,-1,-1,-1,-1,-1	1410.211478,3177.691632,10804.50571,18432.29228,26060.61504,33689.19547,41317.8944,48946.64666	5403.384557,5807.083447,6069.356384,6336.357516,6619.986087,6925.543913,7257.980893,7623.562819	0.9854629841,0.9362991133,0.9281301444,0.9134365412,0.8816291586,0.8179865927,0.7094772953,0.5633391377	-0.4020771316,-0.4081377885,-0.4122032749,-0.4135844227,-0.4152107174,-0.41778526,-0.4216525185,-0.4271858558	ok
-1.46984925	-34.32160804	-45.51974187	0.8626853318	continued:5	1,-1,-1,-1,-1,-1,-1,-1	-1,-1,-1,-1,-1,-1,-1,-1	1543.269158,3327.190623,10954.71398,18583.15664,26212.11995,33841.33953,41470.67882,49100.07319	5399.62629,5803.331578,6065.43605,6332.256984,6615.683414,6921.019502,7253.21692,7618.543404	0.9854413994,-0.8496188982,-0.7801652794,-0.659683557,-0.5132771208,-0.3721965312,-0.2578557429,-0.1743100302	-0.3911754851,-0.3972637343,-0.40113307,-0.4025006924,-0.4041395337,-0.4067255901,-0.4105980457,-0.4161301352	ok
-1.46482412	-34.32160804	-45.93352008	0.8611017397	continued:5	1,-1,-1,-1,-1,-1,-1,-1	-1,-1,-1,-1,-1,-1,-1,-1	1678.335517,3498.650317,11126.93682,18756.09112,26385.75066,34015.66437,41645.69946,49275.79126	5395.944959,5799.658492,6061.596448,6328.239478,6611.466396,6916.583799,7248.545269,7613.620692	0.9854244802,-0.9394504809,-0.9390702683,-0.93855051,-0.9379218944,-0.9367653689,-0.9343180671,-0.9290050233	-0.3805253391,-0.386629586,-0.3903148221,-0.3916685571,-0.39331677,-0.3959097735,-0.399781509,-0.4053046903	ok
-1.45979899	-34.32160804	-46.33652444	0.8598525161	continued:5	1,1,1,1,1,1,1,1	-1,-1,-1,-1,-1,-1,-1,-1	1801.641811,3574.604448,11203.71097,18833.63429,26464.04687,34094.71094,41725.4975,49356.34238	5392.338999,5796.062548,6057.835866,6324.303207,6607.333148,6912.234809,7243.963813,7608.792388	0.9853886868,0.7167533492,0.588905482,0.4532403397,0.3313144768,0.2346388181,0.163343179,0.1127293189	-0.3701279767,-0.3762374477,-0.3797499343,-0.3810894287,-0.3827440333,-0.3853397222,-0.3892052323,-0.3947123832	ok
-1.45477387	-34.32160804	-46.72472236	0.8591443122	continued:5	1,1,1,1,1,1,1,1	-1,-1,-1,-1,-1,-1,-1,-1	53.73486177,1925.529245,3660.520301,11290.50093,18921.24951,26552.47107,34183.94123,41815.53516	5388.806885,5792.54215,6054.152646,6320.446439,6603.281849,6907.970606,7239.470497,7604.056285	0.9716094481,0.9853553084,0.9290256089,0.915781251,0.892330996,0.8494984322,0.7778716023,0.6738396495	-0.3599837609,-0.3660884869,-0.3694388935,-0.3707638064,-0.3724220171,-0.37501643,-0.3788706142,-0.384355142	ok
-1.44974874	-34.32160804	-47.09211897	0.8572263515	full	1,1,1,1,1,1,1,1	-1,-1,-1,-1,-1,-1,-1,-1	68.86374497,1874.504354,3020.380426,10651.18544,18282.70103,25914.72262,33547.02142,41179.46177	5385.347139,5789.095751,6050.545178,6316.667493,6599.310736,6903.789325,7235.063339,7599.410251	0.9837743349,0.9852021179,0.9491734537,0.9393387476,0.9388157565,0.9382716381,0.9374379198,0.9359123567	-0.350092227,-0.3561830212,-0.3593813599,-0.3606913669,-0.3623505892,-0.3649400581,-0.3687782107,-0.3742340397	ok
-1.44472362	-34.32160804	-41.17619468	0.8711426203	continued:5	1,1,1,1,1,1,1,1	-1,-1,-1,-1,-1,-1,-1,-1	252.0483755,7894.396209,15526.01981,23157.76526,30790.21187,38423.14951,46056.36316,53689.72099	5381.958324,5785.721849,6047.011902,6312.964743,6595.418102,6899.689166,7230.740422,7594.852231	0.9917567068,0.9414728262,0.9402344519,0.9395696308,0.9392040552,0.9389648542,0.9387385381,0.9384210041	-0.34045217,-0.3465206019,-0.3495762533,-0.3508710488,-0.3525288751,-0.3551100173,-0.3589278154,-0.3643493715	ok
-1.43969849	-34.32160804	-42.22527689	0.8683492715	continued:5	1,1,1,1,1,1,1,1	-1,-1,-1,-1,-1,-1,-1,-1	395.1569027,8121.477791,15754.061,23386.9815,31020.53557,38654.51813,46288.74268,53923.09494	5378.639044,5782.418985,6043.551302,6309.33661,6591.602293,6895.668384,7226.499896,7590.380242	0.9883062108,0.9411795041,0.940134518,0.9395748191,0.939270621,0.939082038,0.9389226131,0.938727056	-0.3310617284,-0.3371000939,-0.3400218352,-0.3413011348,-0.3429553391,-0.3455250466,-0.3493185364,-0.3547007289	ok
-1.43467337	-34.32160804	-42.92280139	0.8655559226	continued:5	1,1,1,1,1,1,1,1	-1,-1,-1,-1,-1,-1,-1,-1	544.0360157,8332.517109,15966.21026,23600.34606,31235.04847,38870.12498,46505.41389,54140.81653	5375.387939,5779.185743,6040.16191,6305.781565,6587.861707,6891.725294,7222.33997,7585.992368	0.9858868757,0.9409417752,0.9400614655,0.9395893311,0.9393338268,0.9391821593,0.9390683392,0.9389474542	-0.321918462,-0.327919751,-0.3307157849,-0.3319793271,-0.3336278586,-0.3361832881,-0.3399488692,-0.345287071	ok
-1.42964824	-34.32160804	-43.50135756	0.8627625737	continued:5	1,1,1,1,1,1,1,1	-1,-1,-1,-1,-1,-1,-1,-1	699.8624928,8555.863291,16190.77388,23826.16986,31462.06752,39098.29052,46734.6996,54371.20957	5372.203691,5776.020746,6036.842299,6302.298125,6584.194794,6887.858261,7218.258914,7581.686758	0.9850428178,0.9407441911,0.9400066681,0.9396089827,0.9393937909,0.9392707279,0.9391873228,0.9391131646	-0.3130194255,-0.3189772878,-0.3216552722,-0.3229028197,-0.3245437961,-0.3270823563,-0.3308167656,-0.3361067926	ok
-1.42462312	-34.32160804	-44.02536610	0.8599692248	continued:5	1,1,1,1,1,1,1,1	-1,-1,-1,-1,-1,-1,-1,-1	857.5774354,8784.883932,16421.08777,24057.77497,31694.90651,39332.32389,46969.906,54607.57913	5369.085014,5772.922656,6033.591082,6298.884848,6580.600047,6884.065704,7214.255052,7577.461624	0.984837619,0.9406035706,0.939978875,0.9396393881,0.9394546796,0.9393503452,0.9392867082,0.9392372607	-0.3043612362,-0.3102699463,-0.3128370241,-0.3140683643,-0.3157000644,-0.3182194043,-0.3219196991,-0.3271577876	ok
-1.41959799	-34.32160804	-44.52186465	0.8571758759	continued:5	1,1,1,1,1,1,1,1	-1,-1,-1,-1,-1,-1,-1,-1	1010.353088,8994.522444,16632.05921,24270.05161,31908.44504,39547.09789,47185.90267,54824.7925	5366.030661,5769.890173,6030.406915,6295.540338,6577.076008,6880.34609,7210.326764,7573.315236	0.9848000748,0.9405403094,0.9399894131,0.9396863954,0.9395200752,0.9394269313,0.9393709816,0.9393325201	-0.295940136,-0.3017945576,-0.3042573864,-0.3054723323,-0.307093188,-0.3095911841,-0.3132547247,-0.3184375091	ok
-1.41457286	-34.32160804	-45.00379979	0.8543825271	continued:5	1,1,1,1,1,1,1,1	-1,-1,-1,-1,-1,-1,-1,-1	1151.036622,9149.333197,16788.21618,24427.5129,32067.18611,39707.10897,47347.18121,54987.339	5363.039414,5766.922034,6027.288489,6292.263239,6573.621262,6876.697934,7206.47248,7569.245922	0.984776831,0.94057119,0.9400497979,0.9397582884,0.9395954736,0.9395030699,0.9394480033,0.9394098495	-0.2877520498,-0.2935475997,-0.295912381,-0.2971107708,-0.2987193597,-0.3011941032,-0.3048185354,-0.3099430253	ok
-1.40954774	-34.32160804	-45.47722764	0.8521301978	continued:5	1,1,1,1,1,1,1,1	-1,-1,-1,-1,-1,-1,-1,-1	1292.703005,9308.602295,16948.89083,24589.55477,32230.57015,39871.82417,47513.22408,55154.70907	5360.110093,5764.017008,6024.234534,6289.052231,6570.234434,6873.119794,7202.690679,7565.252062	0.9847676637,0.9405970642,0.940106493,0.9398271628,0.9396682587,0.9395765129,0.9395212687,0.9394851641	-0.2797926368,-0.2855252498,-0.2877977574,-0.2889794547,-0.2905744917,-0.2930242758,-0.2966075136,-0.3016710713	ok
-1.40452261	-34.32160804	-45.93878779	0.8503399546	continued:5	1,1,1,1,1,1,1,1	-1,-1,-1,-1,-1,-1,-1,-1	1430.890513,9453.347654,17095.09176,24737.17124,32379.58035,40022.21991,47665.00376,55307.87377	5357.241545,5761.1739,6021.243814,6285.906036,6566.914191,6869.610275,7198.979888,7561.33209	0.9847543269,0.9406418832,0.9401720433,0.939900375,0.9397429347,0.939650206,0.9395932397,0.9395536278	-0.2720573389,-0.2777234331,-0.2799090405,-0.2810739336,-0.2826542632,-0.2850775707,-0.2886177791,-0.2936180967	ok
-1.39949749	-34.32160804	-46.38445503	0.8490907310	continued:5	1,1,1,1,1,1,1,1	-1,-1,-1,-1,-1,-1,-1,-1	1567.455628,9592.30771,17235.56434,24879.11678,32522.97764,40167.06121,47811.28756,55455.60129	5354.43265,5758.391546,6018.315128,6282.823411,6563.659239,6866.16802,7195.338679,7557.484488	0.9847391814,0.9406911506,0.9402398596,0.9399733143,0.9398156553,0.9397198568,0.9396603798,0.9396173142	-0.2645414233,-0.2701378661,-0.272241573,-0.2733895748,-0.2749541631,-0.2773496536,-0.2808452319,-0.2857803098	ok
-1.39447236	-34.32160804	-46.80869184	0.8483825271	continued:5	1,1,1,1,1,1,1,1	-1,-1,-1,-1,-1,-1,-1,-1	21.17587712,1701.98632,9724.239455,17369.06715,25014.1502,32659.52083,40305.10673,47950.83451	5351.682316,5755.668815,6015.447307,6279.803145,6560.46832,6862.791715,7191.765666,7553.707787	0.9643503231,0.9847212456,0.9407463181,0.9403092572,0.9400458119,0.9398862567,0.9397865241,0.9397214114	-0.2572400211,-0.2627640972,-0.2647905548,-0.2659216015,-0.2674695284,-0.2698360267,-0.2732855922,-0.2781537173	ok
-1.38944724	-34.32160804	-47.20596795	0.8480086917	full	1,1,1,1,1,1,1,1	-1,-1,-1,-1,-1,-1,-1,-1	41.17341196,1744.912679,2051.432698,9782.28452,17428.75025,25075.44101,32722.39603,40369.55417	5348.989481,5753.004603,6012.639216,6276.844065,6557.340213,6859.480082,7188.259506,7550.00056	0.9963109166,0.9847131077,0.1215152864,0.9407702202,0.9403567791,0.940102003,0.9399430541,0.9398408627	-0.2501481623,-0.255597542,-0.2575510767,-0.2586651273,-0.2601955792,-0.2625320637,-0.2659344358,-0.2707341612	ok
-1.38442211	-34.32160804	-40.64507404	0.8670759612	continued:5	1,1,1,1,1,1,1,1	-1,-1,-1,-1,-1,-1,-1,-1	205.2171932,7744.791645,15395.9923,23044.58442,30692.73721,38341.04288,45989.5938,53638.34908	5346.35311,5750.397839,6009.889748,6273.945026,6554.273731,6856.231881,7184.818895,7546.361428	0.9916996397,0.9425951143,0.9415667719,0.9408792341,0.9404368468,0.9401528828,0.9399661624,0.939836005	-0.2432608064,-0.2486335159,-0.2505181525,-0.2516151876,-0.2531274499,-0.2554330413,-0.2587872268,-0.2635173515	ok
-1.37939698	-34.32160804	-42.00099921	0.8642826123	continued:5	1,1,1,1,1,1,1,1	-1,-1,-1,-1,-1,-1,-1,-1	352.7909194,8006.767768,15658.25007,23308.32369,30958.25114,38608.36282,46258.69204,53909.19469	5343.772192,5747.847477,6007.197826,6271.104918,6551.267718,6853.045908,7181.442568,7542.78905	0.9891631388,0.9421457875,0.9413192729,0.9407731646,0.9404211691,0.9401957058,0.9400488625,0.9399502543	-0.2365728699,-0.2418672628,-0.2436867457,-0.2447667667,-0.246260217,-0.2485341676,-0.2518393461,-0.2564988964	ok
-1.37437186	-34.32160804	-42.76192532	0.8614892634	continued:5	1,1,1,1,1,1,1,1	-1,-1,-1,-1,-1,-1,-1,-1	500.1221633,8218.899034,15871.44933,23523.22871,31175.00312,38826.9628,46479.11279,54131.41124	5341.245745,5745.352499,6004.562402,6268.322659,6548.321055,6849.920992,7178.129297,7539.282127	0.9861660428,0.9418215563,0.9411530113,0.9407119478,0.9404259445,0.9402415726,0.9401216544,0.9400428795	-0.2300792503,-0.235293981,-0.2370517944,-0.2381148222,-0.2395889236,-0.2418306074,-0.2450861176,-0.249674329	ok
-1.36934673	-34.32160804	-43.36444170	0.8586959146	continued:5	1,1,1,1,1,1,1,1	-1,-1,-1,-1,-1,-1,-1,-1	655.8097419,8447.096498,16101.06103,23754.67292,31408.36512,39062.23326,46716.26443,54370.42052	5338.77281,5742.911913,6001.982456,6265.597197,6545.432648,6846.855996,7174.877888,7535.839398	0.9849783475,0.9415350123,0.9410080293,0.9406594211,0.9404316861,0.940282874,0.9401861392,0.9401225209	-0.2237748477,-0.2289088459,-0.2306082328,-0.231654307,-0.2331086015,-0.2353175044,-0.2385228311,-0.243039131	ok
-1.36432161	-34.32160804	-43.89697754	0.8559025657	continued:5	1,1,1,1,1,1,1,1	-1,-1,-1,-1,-1,-1,-1,-1	815.870053,8699.54764,16355.21108,24010.7645,31666.43767,39322.26938,46978.23834,54634.31095	5336.352454,5740.524753,5999.456994,6262.927505,6542.601435,6843.849812,7171.687181,7532.459637	0.9846727288,0.9413036821,0.9408948478,0.9406224636,0.9404419453,0.94032331,0.9402452382,0.9401943988	-0.2176545831,-0.2227070299,-0.2243510099,-0.2253801873,-0.22681429,-0.2289900008,-0.2321447628,-0.2365887545	ok
-1.35929648	-34.32160804	-44.39388316	0.8531092168	continued:5	1,1,1,1,1,1,1,1	-1,-1,-1,-1,-1,-1,-1,-1	973.8669867,8959.618923,16617.19207,24274.76708,31932.46839,39590.30828,47248.26391,54906.30682	5333.983763,5738.190078,5996.985047,6260.312588,6539.826385,6840.901366,7168.556051,7529.141657	0.9846241977,0.9411525852,0.9408300331,0.9406125389,0.9404674792,0.9403704309,0.940305516,0.9402615009	-0.2117134144,-0.2166837204,-0.2182751059,-0.2192874596,-0.2207010529,-0.2228432547,-0.2259471932,-0.2303186406	ok
-1.35427136	-34.32160804	-44.87127577	0.8503158679	continued:5	1,1,1,1,1,1,1,1	-1,-1,-1,-1,-1,-1,-1,-1	1122.359562,9175.801626,16835.41627,24495.05979,32154.8188,39814.69916,47474.68126,55134.74096	5331.665851,5735.906968,5994.56567,6257.751472,6537.10649,6838.00961,7165.4834,7525.884302	0.9846150956,0.9411061427,0.9408316558,0.9406439613,0.9405162292,0.9404302319,0.9403718277,0.9403320706	-0.2059463506,-0.2108341346,-0.2123755468,-0.2133711649,-0.214763993,-0.2168724552,-0.2199254231,-0.2242242364	ok
-1.34924623	-34.32160804	-45.33696598	0.8501486837	continued:5	1,-1,-1,-1,-1,-1,-1,-1	-1,-1,-1,-1,-1,-1,-1,-1	1358.369148,3127.73506,10789.48167,18451.32171,26113.27011,33775.31397,41437.43308,49099.60842	5329.397849,5733.674529,5992.197945,6255.243211,6534.440771,6835.173527,7162.468165,7522.686451	0.9848212653,-0.9383306797,-0.9389970249,-0.9388714702,-0.9387924415,-0.9387448061,-0.9387196746,-0.9387105887	-0.2003484634,-0.2051535333,-0.2066474161,-0.2076264009,-0.2089982647,-0.2110728353,-0.214074787,-0.2183010093	ok
-1.34422111	-34.32160804	-45.76729728	0.8478963544	continued:5	1,-1,-1,-1,-1,-1,-1,-1	-1,-1,-1,-1,-1,-1,-1,-1	1487.376922,3213.154986,10877.08036,18541.08437,26205.18325,33869.36771,41533.62135,49197.92802	5327.178912,5731.491886,5989.880974,6252.786883,6531.828275,6832.392125,7159.509309,7519.547011	0.9847893086,-0.9330105526,-0.9388715077,-0.9388226196,-0.9388113109,-0.938826439,-0.9388595457,-0.9389040117	-0.1949148975,-0.1996372321,-0.2010858654,-0.202048332,-0.2033990846,-0.2054396834,-0.2083906654,-0.2125444603	ok
-1.33919598	-34.32160804	-46.18732094	0.8461061112	continued:5	1,1,1,1,1,1,1,1	-1,-1,-1,-1,-1,-1,-1,-1	1612.862555,3235.106607,10901.27385,18567.50562,26233.81924,33900.20911,41566.66204,49233.16457	5325.008215,5729.358188,5987.613883,6250.381589,6529.268072,6829.664439,7156.605825,7516.464922	0.9847524471,0.9425120858,0.9402687511,0.9401923028,0.9401485256,0.9401262499,0.9401203939,0.9401242099	-0.1896408786,-0.194280611,-0.1956861233,-0.1966321988,-0.1979617408,-0.1999683526,-0.2028684947,-0.2069501347	ok
-1.33417085	-34.32160804	-46.59210105	0.8450635387	continued:5	1,-1,-1,-1,-1,-1,-1,-1	-1,-1,-1,-1,-1,-1,-1,-1	1749.181226,3494.145112,11162.61684,18831.1422,26499.73762,34168.39983,41837.11885,49505.88348	5322.88495,5727.272604,5985.395818,6248.026451,6526.759257,6826.989529,7153.75673,7513.439154	0.9847375227,-0.9110668486,-0.9159535503,-0.9187680179,-0.9212478368,-0.9234449189,-0.9253957837,-0.9271290559	-0.1845217212,-0.1890791231,-0.1904435027,-0.1913733251,-0.1926816003,-0.194654269,-0.1975037762,-0.2015136317	ok
-1.32914573	-34.32160804	-46.97399438	0.8443553348	continued:5	1,1,1,1,1,1,1,1	-1,-1,-1,-1,-1,-1,-1,-1	53.08934344,1874.431106,3544.340676,11215.18125,18886.06492,26557.0075,34228.00786,41899.05888	5320.808332,5725.234322,5983.225948,6245.720616,6524.300948,6824.366481,7150.961071,7510.468702	0.9709519078,0.9847038476,0.8401260845,0.8504742972,0.8619825513,0.8721802071,0.8811975969,0.889142814	-0.1795528336,-0.1840283012,-0.1853534069,-0.186267124,-0.1875541159,-0.1894929387,-0.1922920834,-0.1962306128	ok
-1.32412060	-34.32160804	-47.32974336	0.8421030056	full	1,1,1,1,1,1,1,1	-1,-1,-1,-1,-1,-1,-1,-1	64.04707576,1816.026834,9934.319637,17607.61279,25280.8815,32954.17797,40627.52145,48300.91489	5318.777591,5723.24255,5981.10346,6243.46325,6521.892285,6821.794402,7148.217916,7507.55259	0.9862344724,0.9845240271,0.9412689735,0.9411125743,0.9409950777,0.9409077178,0.9408425467,0.940794444	-0.1747297227,-0.1791237635,-0.1804113343,-0.181309103,-0.1825748307,-0.1844799529,-0.1872290684,-0.1910968087	ok
-1.31909548	-34.32160804	-41.27085234	0.8612298614	continued:5	1,1,1,1,1,1,1,1	-1,-1,-1,-1,-1,-1,-1,-1	256.2691814,7776.876683,15460.49337,23140.48604,30818.38436,38495.13737,46171.30239,53847.19302	5316.791979,5721.296515,5979.027562,6241.25354,6519.53243,6819.272423,7145.526361,7504.689868	0.9913140438,0.9432878476,0.9427514061,0.9422996152,0.941934102,0.9416457876,0.9414223487,0.9412512446	-0.1700479979,-0.1743612181,-0.1756128825,-0.1764948677,-0.1777393829,-0.179610993,-0.1823104664,-0.1861080247	ok
-1.31407035	-34.32160804	-42.30412202	0.8584365125	continued:5	1,1,1,1,1,1,1,1	-1,-1,-1,-1,-1,-1,-1,-1	400.4012784,7998.250556,15681.01315,23361.73004,31041.26277,38720.14355,46398.68811,54077.07782	5314.850762,5719.395462,5976.997481,6239.090692,6517.220563,6816.799697,7142.885523,7501.87961	0.9877412087,0.9428072523,0.9423928203,0.9420491788,0.9417727971,0.9415531423,0.9413815652,0.9412474087	-0.1655033732,-0.169736467,-0.1709537509,-0.1718201249,-0.1730435087,-0.1748818338,-0.1775321005,-0.1812601461	ok
-1.30904523	-34.32160804	-42.99535593	0.8556431636	continued:5	1,1,1,1,1,1,1,1	-1,-1,-1,-1,-1,-1,-1,-1	551.8002458,8205.538837,15888.78643,23570.9722,31252.54121,38933.76972,46614.82431,54295.80241	5312.953224,5717.538654,5975.01246,6236.973933,6514.955889,6814.375398,7140.294542,7499.120916	0.9853860703,0.9423911138,0.942087402,0.941837489,0.9416350597,0.941473175,0.9413446208,0.9412427295	-0.1610916694,-0.1652454087,-0.1664297433,-0.1672806849,-0.1684830447,-0.1702883465,-0.1728898845,-0.1765491415	ok
-1.30402010	-34.32160804	-43.56587951	0.8528498147	continued:5	1,1,1,1,1,1,1,1	-1,-1,-1,-1,-1,-1,-1,-1	711.4258429,8445.405261,16130.0051,23814.14947,31498.03162,39181.77257,46865.44638,54549.09643	5311.098665,5715.72537,5973.071763,6234.902506,6512.737627,6811.998721,7137.75258,7496.412907	0.9846112781,0.9420131816,0.9418092206,0.9416404424,0.9415028904,0.9413918474,0.9413015152,0.9412296031	-0.1568088155,-0.1608840401,-0.1620367691,-0.1628724627,-0.1640539299,-0.1658265008,-0.1683798255,-0.1719710663	ok
-1.29899497	-34.32160804	-44.07864882	0.8500564659	continued:5	1,1,1,1,1,1,1,1	-1,-1,-1,-1,-1,-1,-1,-1	874.4245151,8751.050856,16437.72921,24124.26225,31810.71667,39497.13426,47183.54062,54869.95038	5309.286402,5713.954906,5971.174669,6232.875674,6510.56502,6809.668879,7135.25882,7493.754728	0.9844495442,0.9417020735,0.9415780599,0.9414750156,0.9413897331,0.9413195236,0.9412611808,0.9412144808	-0.1526508488,-0.1566484583,-0.1577708442,-0.1585914793,-0.1597522063,-0.161492366,-0.1639980259,-0.1675220645	ok
-1.29396985	-34.32160804	-44.56030611	0.8472631170	continued:5	1,1,1,1,1,1,1,1	-1,-1,-1,-1,-1,-1,-1,-1	1033.882728,9161.776278,16851.04795,24540.28981,32229.52031,39918.75111,47607.98883,55297.23719	5307.515766,5712.226575,5969.320474,6230.892717,6508.437325,6807.385107,7132.812464,7491.145546	0.984441409,0.9414974767,0.9414282304,0.9413689481,0.9413194418,0.9412773592,0.9412425411,0.9412138281	-0.1486139154,-0.1525348609,-0.1536280912,-0.1544338616,-0.1555740201,-0.157282112,-0.1597406843,-0.1631983713	ok
-1.28894472	-34.32160804	-45.02374200	0.8450107878	continued:5	1,1,1,1,1,1,1,1	-1,-1,-1,-1,-1,-1,-1,-1	1201.382432,2749.665336,10441.78863,18133.91046,25826.0384,33518.17436,41210.31941,48902.47373	5305.786104,5710.539705,5967.508491,6228.95293,6506.353818,6805.146655,7130.412737,7488.584548	0.9844894752,0.9443510759,0.9398287353,0.9403753577,0.9407094917,0.9409118707,0.941031449,0.9411004668	-0.1446942696,-0.1485395468,-0.1496047394,-0.1503958427,-0.1515156211,-0.1531920099,-0.1556040962,-0.1589963133	ok
-1.28391960	-34.32160804	-45.46944148	0.8423451563	continued:5	1,1,1,1,1,1,1,1	-1,-1,-1,-1,-1,-1,-1,-1	1335.943709,3013.965162,10709.04179,18404.11862,26099.19909,33794.285,41489.37707,49184.47541	5304.096776,5708.893637,5965.738047,6227.055626,6504.313793,6802.952795,7128.05888,7486.070942	0.9844650922,0.5468743001,0.6282971281,0.7092467669,0.7774908764,0.8304284328,0.8686951463,0.894887402	-0.1408882731,-0.1446589157,-0.1456971242,-0.146473761,-0.1475733628,-0.1492184313,-0.1515846546,-0.1549123099	ok
-1.27889447	-34.32160804	-45.90501420	0.8400928271	continued:5	1,1,1,1,1,1,1,1	-1,-1,-1,-1,-1,-1,-1,-1	1465.669537,3035.95474,10734.05746,18432.1563,26130.25715,33828.36132,41526.46911,49224.58117	5302.447159,5707.287731,5964.008485,6225.200134,6502.31656,6800.802812,7125.750152,7483.603955	0.9844331727,0.9485758013,0.9414298211,0.9414101897,0.9413936123,0.9413776036,0.9413646196,0.9413520516	-0.1371923943,-0.1408894678,-0.1419016859,-0.1426640597,-0.1437437015,-0.1453578482,-0.1476788494,-0.150942873	ok
-1.27386935	-34.32160804	-46.32677752	0.8385092350	continued:5	1,-1,-1,-1,-1,-1,-1,-1	-1,-1,-1,-1,-1,-1,-1,-1	1601.398026,3492.630881,11193.81976,18895.00827,26596.1978,34297.38893,41998.58209,49699.77754	5300.83664,5705.721356,5962.319164,6223.385797,6500.361444,6798.696012,7123.485832,7481.182834	0.9844157718,-0.9393912239,-0.9404441706,-0.9408957889,-0.9411413194,-0.9412722757,-0.9413399195,-0.9413730131	-0.1336032063,-0.1372278029,-0.1382149689,-0.1389632852,-0.1400231952,-0.1416068322,-0.1438832672,-0.1470846073	ok
-1.26884422	-34.32160804	-46.72804952	0.8372600114	continued:5	1,1,1,1,1,1,1,1	-1,-1,-1,-1,-1,-1,-1,-1	1726.696235,3299.597567,11003.94995,18708.2963,26412.64289,34116.99025,41821.33873,49525.68815	5299.264623,5704.193899,5960.669454,6221.611974,6498.447786,6796.631714,7121.265215,7478.806842	0.9843791859,0.8863942519,0.904894409,0.9207721531,0.9298690205,0.934993121,0.9378523972,0.939443075	-0.1301173857,-0.1336706193,-0.1346336202,-0.1353680861,-0.1364085026,-0.1379620533,-0.1401945899,-0.1433342097	ok
-1.26381910	-34.32160804	-47.10553975	0.8365518074	continued:5	1,1,1,1,1,1,1,1	-1,-1,-1,-1,-1,-1,-1,-1	53.36900849,1852.304184,3079.769718,10787.5199,18495.09203,26202.66403,33910.2362,41617.80839	5297.730521,5702.704758,5959.058742,6219.878038,6496.574942,6794.609254,7119.087613,7476.475263	0.9706874681,0.9843450031,0.9625149894,0.9340407007,0.9375046374,0.9393623785,0.9403557531,0.9408886876	-0.1267317108,-0.1302147125,-0.1311543875,-0.1318752113,-0.1328963812,-0.1344202786,-0.1366095947,-0.1396884681	ok
-1.25879397	-34.32160804	-47.45431386	0.8346338468	full	1,1,1,1,1,1,1,1	-1,-1,-1,-1,-1,-1,-1,-1	68.24483482,1814.919017,9420.691631,17132.14597,24843.54156,32554.88372,40266.17741,47977.42713	5296.233762,5701.253346,5957.486427,6218.183375,6494.742284,6792.627984,7116.952353,7474.187396	0.9838784823,0.9841948924,0.9420755331,0.9420498719,0.9420245284,0.942000367,0.9419774832,0.9419558547	-0.1234430594,-0.1268569736,-0.1277741174,-0.1284815083,-0.129483686,-0.1309783708,-0.1331251516,-0.1361442614	ok
-1.25376884	-34.32160804	-41.37590256	0.8540193379	continued:5	1,1,1,1,1,1,1,1	-1,-1,-1,-1,-1,-1,-1,-1	260.6974563,7690.862166,15432.11164,23175.66381,30922.13671,38672.4311,46427.93524,54190.96035	5294.773787,5699.839086,5955.951922,6216.527385,6492.949195,6790.687268,7114.858779,7471.942556	0.9909388838,0.9445268719,0.9446030138,0.9447021426,0.9448321223,0.9450001693,0.9452194479,0.9455138119	-0.1202484071,-0.1235943875,-0.1244897536,-0.1251839213,-0.1261673674,-0.1276332866,-0.1297382229,-0.1326985573	ok
-1.24874372	-34.32160804	-42.40666563	0.8512259891	continued:5	1,1,1,1,1,1,1,1	-1,-1,-1,-1,-1,-1,-1,-1	405.1675615,7867.233151,15600.19955,23334.03998,31068.88254,38804.88599,46542.2498,54281.22957	5293.350046,5698.461415,5954.454649,6214.909483,6491.195074,6788.786489,7112.80625,7469.740077	0.9872870942,0.9438911711,0.9439319632,0.9439800568,0.9440388765,0.9441086769,0.9441902378,0.9442853606	-0.1171448246,-0.1204240313,-0.1212983349,-0.1219794891,-0.1229444694,-0.1243820748,-0.126445861,-0.1293484115	ok
-1.24371859	-34.32160804	-43.10669812	0.8484326402	continued:5	1,1,1,1,1,1,1,1	-1,-1,-1,-1,-1,-1,-1,-1	557.5606266,8010.466351,15739.79145,23469.5853,31199.89625,38930.78024,46662.30295,54394.54194	5291.962003,5697.119781,5952.994048,6213.329094,6489.479334,6786.925039,7110.794137,7467.579304	0.9850036935,0.9433398223,0.9433738435,0.9434118762,0.9434546362,0.9435029152,0.9435565899,0.9436158994	-0.1141294756,-0.1173430722,-0.1181969925,-0.1188653428,-0.1198121275,-0.1212218742,-0.1232452068,-0.1260909661	ok
-1.23869347	-34.32160804	-43.68618022	0.8456392913	continued:5	1,1,1,1,1,1,1,1	-1,-1,-1,-1,-1,-1,-1,-1	718.1265183,8135.435639,15863.8318,23592.49005,31321.43444,39050.69244,46780.29498,54510.27721	5290.609131,5695.813644,5951.569567,6211.785656,6487.801397,6785.102326,7108.82183,7465.459602	0.9842776371,0.9428359592,0.9428683608,0.9429028371,0.9429409127,0.9429817326,0.9430254279,0.9430725472	-0.1111996149,-0.1143487654,-0.1151829483,-0.1158387039,-0.1167675664,-0.1181499121,-0.1201334879,-0.1229234479	ok
-1.23366834	-34.32160804	-44.20642902	0.8428459424	continued:5	1,1,1,1,1,1,1,1	-1,-1,-1,-1,-1,-1,-1,-1	881.8054149,8198.022167,15927.63873,23657.36987,31387.22739,39117.22446,46847.37612,54577.69889	5289.290916,5694.542476,5950.180665,6210.278621,6486.160703,6783.317771,7106.888728,7463.380347	0.9841357384,0.942410339,0.9424368927,0.9424650107,0.9424948082,0.9425271872,0.94256086,0.9425971278	-0.1083525852,-0.1114384522,-0.1122535126,-0.1128968818,-0.1138080981,-0.1151635017,-0.1171080169,-0.1198431668	ok
-1.22864322	-34.32160804	-44.69347848	0.8400525936	continued:5	1,1,1,1,1,1,1,1	-1,-1,-1,-1,-1,-1,-1,-1	1041.595008,7944.773049,15677.16125,23409.5801,31142.03327,38874.52497,46607.05987,54339.64351	5288.006853,5693.305759,5948.826816,6208.80745,6484.556699,6781.570808,7104.994247,7461.340931	0.9841345178,0.9420996282,0.9421265767,0.9421483773,0.9421685323,0.9421881842,0.9422090362,0.9422303561	-0.1055858154,-0.1086095576,-0.1094060813,-0.1100372715,-0.1109311197,-0.1122600402,-0.1141661889,-0.1168475138	ok
-1.22361809	-34.32160804	-45.15986017	0.8372592447	continued:5	1,1,1,1,1,1,1,1	-1,-1,-1,-1,-1,-1,-1,-1	1189.745702,6831.848452,14567.90003,22303.97,30040.06071,37776.17532,45512.31707,53248.49033	5286.756448,5692.102985,5947.507501,6207.371617,6482.988847,6779.860882,7103.137813,7459.340758	0.9841351996,0.9346048308,0.9390925002,0.9408930997,0.9416234088,0.9419280217,0.9420644845,0.9421318985	-0.102896818,-0.1058595884,-0.106638134,-0.1072573514,-0.1081341107,-0.1094370067,-0.1113054799,-0.1139339592	ok
-1.21859296	-34.32160804	-45.61157727	0.8345936132	continued:5	1,-1,-1,-1,-1,-1,-1,-1	-1,-1,-1,-1,-1,-1,-1,-1	1324.480217,6721.885638,14461.89644,22201.94353,29942.03341,37682.17348,45422.37326,53162.64392	5285.539218,5690.933658,5946.222215,6205.970606,6481.456619,6778.187451,7101.318866,7457.379247	0.9841102145,-0.9412851357,-0.9418946502,-0.9421255126,-0.9422188417,-0.9422661516,-0.9422981832,-0.942327162	-0.1002831865,-0.1031861308,-0.1039472316,-0.104554681,-0.1054146311,-0.10669196,-0.1085234445,-0.1111000509	ok
-1.21356784	-34.32160804	-46.04972568	0.8322623503	continued:5	1,1,1,1,1,1,1,1	-1,-1,-1,-1,-1,-1,-1,-1	1450.771006,7220.720679,14964.79906,22708.94375,30453.16905,38197.49269,45941.93702,53686.52987	5284.354687,5689.79729,5944.970459,6204.603913,6479.959498,6776.549983,7099.536858,7455.45583	0.98406917,0.942273467,0.9423104483,0.9423410775,0.9423726536,0.9424082735,0.9424485549,0.9424939925	-0.09774259314,-0.1005868482,-0.1013310136,-0.1019268985,-0.1027703193,-0.1040225363,-0.1058177141,-0.1083434124	ok
-1.20854271	-34.32160804	-46.47151530	0.8306787582	continued:5	1,-1,-1,-1,-1,-1,-1,-1	-1,-1,-1,-1,-1,-1,-1,-1	1585.813787,7094.411344,14842.64435,22590.984,30339.45727,38088.09965,45836.95638,53586.08695	5283.202391,5688.693405,5943.751749,6203.271043,6478.496979,6774.94796,7097.791254,7453.569949	0.9840498535,-0.7881604169,-0.8788411515,-0.9186381497,-0.9338787257,-0.9394333135,-0.9414587688,-0.9422343293	-0.09527278661,-0.09805947908,-0.09878719642,-0.09937171822,-0.1001988892,-0.101426447,-0.1031859945,-0.1056617403	ok
-1.20351759	-34.32160804	-46.86965204	0.8294295346	continued:5	1,1,1,1,1,1,1,1	-1,-1,-1,-1,-1,-1,-1,-1	1710.843694,7446.438428,15198.95813,22951.64938,30704.5634,38457.76896,46211.35898,53965.46002	5282.081874,5687.621535,5942.565608,6201.971511,6477.068568,6773.380872,7096.081528,7451.721061	0.9840113705,0.9385816829,0.9412861533,0.9422033349,0.9425370674,0.9426899934,0.942795631,0.9428997045	-0.09287158954,-0.09560183484,-0.09631357045,-0.09688692895,-0.09769812882,-0.09890147682,-0.1006260639,-0.1030528034	ok
-1.19849246	-34.32160804	-47.24120906	0.8289279818	continued:5	1,1,-1,-1,-1,-1,-1,-1	-1,-1,-1,-1,-1,-1,-1,-1	56.90078396,1846.504013,7317.022968,15073.9168,22831.06343,30588.54947,38346.49612,46105.07391	5280.99269,5686.581221,5941.411567,6200.704845,6475.673778,6771.848222,7094.407168,7449.908634	0.9708959966,0.9839950184,-0.8287282564,-0.900878882,-0.9284963405,-0.938030065,-0.9412621391,-0.9424182636	-0.0905368963,-0.09321179751,-0.09390799817,-0.09447039113,-0.09526589731,-0.09644548136,-0.09813577102,-0.1005144396	ok
-1.19346734	-34.32160804	-47.57990191	0.8266756525	full	1,1,1,1,1,1,1,1	-1,-1,-1,-1,-1,-1,-1,-1	68.157829,1795.338777,8760.283737,16524.98163,24291.48532,32060.68405,39834.0176,47613.95158	5279.934401,5685.572014,5940.28917,6199.470577,6474.312134,6770.349522,7092.767669,7448.132146	0.9838409046,0.9838141879,0.9431193452,0.94331358,0.9435318458,0.9438012918,0.9441437755,0.9445902319	-0.08826667066,-0.09088731771,-0.09156841179,-0.09212003487,-0.09290012324,-0.09405638506,-0.09571303288,-0.09804455488	ok
-1.18844221	-34.32160804	-41.79527932	0.8454460484	continued:5	1,1,1,1,1,-1,-1,-1	-1,-1,-1,-1,-1,-1,-1,-1	299.0544295,7664.099711,15510.20945,23494.97601,25343.71615,29587.72894,37356.51296,45127.13554	5278.906577,5684.593473,5939.197968,6198.268254,6472.983172,6768.884295,7091.162541,7446.391088	0.989699828,0.9457926266,0.9470611243,0.9498047635,0.9839656852,-0.9431253356,-0.9433168286,-0.9435419091	-0.0860589436,-0.08862641249,-0.08929281106,-0.08983385772,-0.09059880228,-0.09173217911,-0.09335583274,-0.09564112065	ok
-1.18341709	-34.32160804	-42.71464089	0.8426526996	continued:5	1,1,1,1,1,1,1,1	-1,-1,-1,-1,-1,-1,-1,-1	445.1285833,7766.611111,15580.06672,23437.1263,31474.64579,33105.31142,40363.69566,48157.75473	5277.908797,5683.645166,5938.13752,6197.097428,6471.686436,6767.452073,7089.5913,7444.68496	0.9860711107,0.9450127287,0.9458607341,0.9472607313,0.9504489619,0.9833060925,0.9443197795,0.9449344416	-0.0839118111,-0.08642716326,-0.08707926109,-0.08760992254,-0.08835999512,-0.08947091938,-0.0910622182,-0.0933021723	ok
-1.17839196	-34.32160804	-43.39133317	0.8398593507	continued:5	1,1,1,1,1,1,1,1	-1,-1,-1,-1,-1,-1,-1,-1	600.4340114,7813.780126,15610.73326,23425.6156,31281.91346,39300.36776,41022.54551,47857.45149	5276.940648,5682.72667,5937.107395,6195.957662,6470.421477,6766.052396,7088.053476,7443.013274	0.9843267449,0.94433201,0.9449125537,0.94575904,0.9471423447,0.9501926844,0.9835673817,0.9433525301	-0.08182343203,-0.08428771377,-0.08492589028,-0.08544635535,-0.08618182538,-0.08727072443,-0.08883029918,-0.09102580708	ok
-1.17336683	-34.32160804	-43.96695843	0.8370660018	continued:5	1,1,1,1,1,1,1,1	-1,-1,-1,-1,-1,-1,-1,-1	762.4872199,7757.617534,15547.02515,23343.97504,31155.29953,38998.12906,46939.28139,49288.21916	5276.001725,5681.837569,5936.107169,6194.848527,6469.187859,6764.684818,7086.548605,7441.375552	0.9838437438,0.9437543148,0.9441384652,0.9446689332,0.9454319429,0.9466305314,0.9489672502,0.9849247158	-0.07979202601,-0.08220626809,-0.08283088823,-0.08334134334,-0.08406247761,-0.08512977343,-0.08665824596,-0.08881018229	ok
-1.16834171	-34.32160804	-44.48939930	0.8342726529	continued:5	1,1,1,1,1,1,1,1	-1,-1,-1,-1,-1,-1,-1,-1	925.4213592,7463.75013,15251.97871,23043.57378,30841.14121,38649.98413,46482.57619,54379.12426	5275.091631,5680.977454,5935.136427,6193.769602,6467.985152,6763.348896,7085.076234,7439.771324	0.9837697051,0.9433542337,0.9436109297,0.9439557485,0.944431642,0.9451108771,0.9461458859,0.9479856263	-0.07781587147,-0.08018108868,-0.08079250373,-0.08129313282,-0.08200019531,-0.08304630432,-0.08454428737,-0.08665351345	ok
-1.16331658	-34.32160804	-44.97986328	0.8314793040	continued:5	1,1,1,1,1,1,1,1	-1,-1,-1,-1,-1,-1,-1,-1	1081.923211,6958.039217,14749.51297,22543.43713,30341.69776,38148.04157,45970.73822,53832.29881	5274.209976,5680.145927,5934.194761,6192.720473,6466.812935,6762.0442,7083.635921,7438.200132	0.983776468,0.943171556,0.9434368368,0.9437431092,0.9441523802,0.9447279178,0.9455799363,0.946975704	-0.07589330357,-0.07821049447,-0.0788090428,-0.07930002729,-0.07999327899,-0.08101861188,-0.08248670883,-0.0845540725	ok
-1.15829146	-34.32160804	-45.44855940	0.8286859552	continued:5	1,1,1,1,1,1,1,1	-1,-1,-1,-1,-1,-1,-1,-1	1224.576212,6790.80677,14587.57603,22387.31033,30192.50389,38008.40372,45847.6718,53751.75678	5273.356377,5679.342593,5933.281772,6191.700738,6465.670796,6760.770307,7082.227229,7436.661527	0.9837664446,0.9410478455,0.9429702939,0.9437171981,0.9442953672,0.9450117419,0.9460829272,0.9479879052	-0.07402271237,-0.07629285903,-0.07687886679,-0.07736038552,-0.07804008429,-0.07904504583,-0.08048385061,-0.08251018599	ok
-1.15326633	-34.32160804	-45.90020045	0.8262269748	continued:5	1,-1,-1,-1,-1,-1,-1,-1	-1,-1,-1,-1,-1,-1,-1,-1	1360.316978,6832.363287,14634.83555,22441.11985,30254.76506,38083.81785,45950.4718,53958.85197	5272.530458,5678.567067,5932.397067,6190.709997,6464.558329,6759.526802,7080.849732,7435.155066	0.9837447128,-0.9434414414,-0.9437107774,-0.9440893415,-0.944644044,-0.9454893086,-0.9468927387,-0.9498606682	-0.07220254089,-0.07442660871,-0.07500039051,-0.07547261973,-0.07613902016,-0.07712400909,-0.07853410603,-0.08052023345	ok
-1.14824121	-34.32160804	-46.33314505	0.8241023630	continued:5	1,1,1,1,1,1,1,1	-1,-1,-1,-1,-1,-1,-1,-1	1487.226838,7064.081194,14872.43695,22685.64616,30508.70794,38353.96665,46261.96133,54666.85695	5271.731852,5677.818973,5931.540262,6189.747863,6463.475137,6758.31328,7079.503013,7433.68032	0.9837047411,0.9426441548,0.9437111463,0.9442887249,0.9449671379,0.9460145704,0.9479107346,0.9499349044	-0.07043128333,-0.07261022095,-0.07317208043,-0.07363519376,-0.07428854708,-0.07525395602,-0.07663591976,-0.0785826456	ok
-1.14321608	-34.32160804	-46.74468797	0.8226464883	continued:5	1,1,1,1,1,1,1,1	-1,-1,-1,-1,-1,-1,-1,-1	1619.11857,7170.239201,14984.68164,22805.26508,30638.99856,38504.99647,46483.64044,48720.40357	5270.960195,5677.097937,5930.710978,6188.813953,6462.420832,6757.12934,7078.186662,7432.236865	0.9836784454,0.8990989032,0.9350366408,0.9430258913,0.9451725979,0.9466629561,0.9493103667,0.9845764884	-0.06870748334,-0.07084222252,-0.07139245291,-0.07184662135,-0.07248717532,-0.07343339067,-0.07478778611,-0.0766959028	ok
-1.13819095	-34.32160804	-47.12869877	0.8217316333	continued:5	1,-1,-1,-1,-1,-1,-1,-1	-1,-1,-1,-1,-1,-1,-1,-1	1751.066862,7265.081056,15085.83455,22914.32449,30760.36337,38654.09896,46785.58797,48255.25598	5270.215134,5676.403596,5929.908844,6187.907892,6461.395031,6755.974593,7076.900276,7430.824286	0.9836537545,-0.8786875427,-0.9302473011,-0.9419241445,-0.9450640367,-0.9471676536,-0.9511000893,-0.9823636468	-0.06702973227,-0.06912118786,-0.06966007256,-0.07010546444,-0.07073346327,-0.07166086516,-0.07298824742,-0.0748585334	ok
-1.13316583	-34.32160804	-47.48091245	0.8218988175	full	1,-1,-1,-1,-1,-1,-1,1	-1,-1,-1,-1,-1,-1,-1,-1	1825.746048,6767.916872,14597.25953,22438.92082,30311.81344,38295.9259,40600.82829,44605.54031	5269.496319,5675.735591,5929.133496,6187.029311,6460.397359,6754.848654,7075.643463,7429.442176	0.9837028344,-0.9437817659,-0.9443820452,-0.9451910655,-0.946523975,-0.9492246115,-0.9846497728,0.9487065415	-0.06539666752,-0.06744573751,-0.06797355053,-0.06841033151,-0.06902601583,-0.06993497807,-0.07123589247,-0.07306911218	ok
-1.12814070	-34.32160804	-41.83250100	0.8381426657	continued:5	1,1,1,1,1,1,-1,-1	-1,-1,-1,-1,-1,-1,-1,-1	294.310051,7620.989878,15779.01567,17209.7246,24741.668,27081.75865,31111.68892,33534.10177	5268.803409,5675.093571,5928.384576,6186.17785,6459.427448,6753.751148,7074.415835,7428.090138	0.9894677769,0.9473636694,0.9512980052,0.9821292729,0.9491195066,0.9846779875,-0.9492095279,-0.9848437194	-0.063806971,-0.06581453652,-0.06633154295,-0.06675987604,-0.06736348281,-0.06825437287,-0.06952935495,-0.0713262589	ok
-1.12311558	-34.32160804	-42.78626618	0.8353493168	continued:5	1,1,1,1,-1,-1,-1,-1	-1,-1,-1,-1,-1,-1,-1,-1	440.4706348,7666.745892,15642.02922,18356.59825,22689.78075,23802.88566,25244.74338,30804.34524	5268.136066,5674.477191,5927.661732,6185.353155,6458.484938,6752.681705,7073.217013,7426.767779	0.9857764059,0.9463635675,0.9489107998,0.9853319152,-0.951090792,-0.9785380748,-0.9827448162,-0.8910620236	-0.06225936754,-0.06422629293,-0.06473274937,-0.0651527949,-0.0657445574,-0.06661773639,-0.06786731193,-0.06962863672	ok
-1.11809045	-34.32160804	-43.48514092	0.8325559680	continued:5	1,1,1,1,1,1,1,1	-1,-1,-1,-1,-1,-1,-1,-1	595.8287684,7639.738667,15547.94362,23689.46453,25192.14582,32582.10899,41008.62025,42067.82087	5267.493961,5673.886112,5926.96462,6184.554876,6457.569474,6751.639963,7072.046626,7425.474716	0.9839875383,0.9455363225,0.9472149967,0.9511107952,0.9824248532,0.947752904,0.9500604985,0.9767970498	-0.0607526234,-0.06267975634,-0.0631759113,-0.06358782694,-0.06416797473,-0.06502379741,-0.06624848247,-0.06797495088	ok
-1.11306533	-34.32160804	-44.07739829	0.8297626191	continued:5	1,1,1,1,1,1,1,1	-1,-1,-1,-1,-1,-1,-1,-1	757.778461,7488.080398,15366.86961,23322.09829,32705.98101,33348.11332,33812.40362,34351.91927	5266.876768,5673.32,5926.2929,6183.782671,6456.680708,6750.625566,7070.904308,7424.210575	0.9834932467,0.9448907255,0.9460330504,0.9482929223,0.7580624536,0.7767384535,0.7951459569,0.8129267418	-0.05928554486,-0.06117371644,-0.06165981072,-0.06206375151,-0.06263251039,-0.06347132519,-0.06467162615,-0.06636394727	ok
-1.10804020	-34.32160804	-44.61249152	0.8269692702	continued:5	1,1,1,1,1,1,1,1	-1,-1,-1,-1,-1,-1,-1,-1	920.3834564,7170.782661,15040.79472,22951.9463,31061.21294,32708.28165,39657.72124,47575.61018	5266.28417,5672.778528,5925.646238,6183.036207,6455.818299,6749.638166,7069.789702,7422.974984	0.9834180066,0.9445209359,0.9453909269,0.9470021678,0.9507116581,0.9829372351,0.9454580181,0.9471946778	-0.05785697678,-0.05970700169,-0.06018326872,-0.06057938704,-0.06113697908,-0.06195912809,-0.06313554177,-0.06479441105	ok
-1.10301508	-34.32160804	-45.11211216	0.8241759213	continued:5	1,1,1,1,1,1,-1,-1	-1,-1,-1,-1,-1,-1,-1,-1	1076.404368,6867.481211,14740.77339,22651.2279,30730.74415,32538.81871,37623.82174,45499.23607	5265.715853,5672.261375,5925.024309,6182.315151,6454.981912,6748.677419,7068.702456,7421.767583	0.9834247137,0.9444237894,0.9452741123,0.9468123305,0.9502910755,0.9834013919,-0.9445460816,-0.9454230294	-0.05646580131,-0.05827847798,-0.05874514417,-0.05913358977,-0.05968023328,-0.06048605232,-0.06163906599,-0.06326516543	ok
-1.09798995	-34.32160804	-45.58662647	0.8213825725	continued:5	1,1,1,1,1,1,1,1	-1,-1,-1,-1,-1,-1,-1,-1	1218.634248,6831.989368,14713.47948,22639.33233,30804.4515,32310.41942,39689.94264,49142.88941	5265.171511,5671.768224,5924.426789,6181.619181,6454.171217,6747.742989,7067.642226,7420.588016	0.9834135488,0.9443790533,0.9453942763,0.9471240592,0.9511630985,0.9823113851,0.9482130639,0.7466757425	-0.05511093655,-0.05688704732,-0.05734433234,-0.05772525238,-0.05826116193,-0.05905098056,-0.06018107209,-0.06177507034	ok
-1.09296482	-34.32160804	-46.04083296	0.8189235921	continued:5	1,1,1,1,1,1,1,-1	-1,-1,-1,-1,-1,-1,-1,-1	1353.752497,6920.101157,14810.81245,22756.49603,31094.69241,32284.94145,34133.03281,38258.91505	5264.650839,5671.298765,5923.853362,6180.947979,6453.38589,6746.834547,7066.608671,7419.435934	0.9833896376,0.944680445,0.9456493823,0.9475707748,0.9515533583,0.9796872941,0.9841072491,-0.9489715142	-0.05379133532,-0.05553164665,-0.05597976373,-0.05635330277,-0.05687868918,-0.05765283078,-0.05876046871,-0.06032302125	ok
-1.08793970	-34.32160804	-46.47323656	0.8170056314	continued:5	1,-1,-1,-1,-1,-1,-1,-1	-1,-1,-1,-1,-1,-1,-1,-1	1488.319793,7012.481483,14912.97544,22882.02733,31666.79606,32517.06666,33261.21549,34410.87036	5264.153541,5670.852693,5923.303718,6180.301231,6452.625615,6745.951767,7065.601461,7418.310996	0.9833672277,-0.9437713208,-0.9456482668,-0.9479739745,-0.9279674956,-0.9519996016,-0.9623835631,-0.9727859008	-0.05250598393,-0.05421124659,-0.05465040282,-0.05501670286,-0.05553177322,-0.05629055502,-0.05737619866,-0.05890794795	ok
-1.08291457	-34.32160804	-46.87941722	0.8154220393	continued:5	1,1,1,1,1,1,1,1	-1,-1,-1,-1,-1,-1,-1,-1	1613.607761,7210.291771,15121.1046,23117.74355,33286.68547,33728.21942,34003.24245,34285.94531	5263.679326,5670.429707,5922.777552,6179.678631,6451.890079,6745.094331,7064.620268,7417.212865	0.9833252869,0.9415608721,0.9458825242,0.9486211535,0.9175561835,0.9086585992,0.9396628782,0.943636379	-0.05125390106,-0.05292485035,-0.05335524688,-0.05371444738,-0.05421940508,-0.05496313823,-0.0560272378,-0.05752881344	ok
-1.07788945	-34.32160804	-47.25699531	0.8145071843	continued:5	1,1,1,1,1,-1,-1,-1	-1,-1,-1,-1,-1,-1,-1,-1	1744.82261,7327.331643,15249.04961,23278.79997,26028.71986,30908.69166,31716.12014,32389.16093	5263.227906,5670.029513,5922.274562,6179.079877,6451.178975,6744.261926,7063.664772,7416.141212	0.9832984156,0.9090283305,0.9432924812,0.9492708738,0.9851862391,-0.9117352565,-0.9353245061,-0.9484808714	-0.05003413658,-0.05167149254,-0.05209332488,-0.05244556277,-0.05294060752,-0.05366959717,-0.0547125939,-0.05618461283	ok
-1.07286432	-34.32160804	-47.60081528	0.8143400000	full	1,-1,-1,-1,-1,1,1,1	-1,-1,-1,-1,-1,-1,-1,-1	1801.694354,7149.880045,15084.4684,23162.84472,25249.18283,29470.171,38079.16076,39042.49642	5262.798999,5669.65182,5921.794452,6178.504673,6450.492003,6743.454245,7062.734658,7415.095712	0.9833140654,-0.9444609818,-0.9464046712,-0.9498003237,-0.9838959422,0.9478852319,0.9456287626,0.970771242	-0.0488457705,-0.05045023816,-0.05086369636,-0.05120910611,-0.05169443397,-0.05240897931,-0.05343130555,-0.05487437223	ok
-1.06783920	-34.32160804	-41.96809026	0.8310534084	continued:5	1,1,1,1,1,1,1,1	-1,-1,-1,-1,-1,-1,-1,-1	302.3205292,7613.615799,17401.60339,17819.65737,18078.49982,18342.54895,18623.66321,18927.90679	5262.392327,5669.296343,5921.336934,6177.952725,6449.828866,6742.670986,7061.829617,7414.076048	0.9889054582,0.9488743753,0.9213695852,0.9042715825,0.9433022926,0.9491565388,0.9486755394,0.9470008672	-0.04768791191,-0.04926018152,-0.04966545043,-0.05000416402,-0.05047996743,-0.05118036179,-0.05218244118,-0.05359714774	ok
-1.06281407	-34.32160804	-42.91562132	0.8282600595	continued:5	1,1,1,1,1,1,1,1	-1,-1,-1,-1,-1,-1,-1,-1	449.2824956,7585.482913,16071.21999,17146.32893,18393.87497,25421.28234,33644.88174,35125.21511	5262.007619,5668.962802,5920.901719,6177.423749,6449.189273,6741.911852,7060.949345,7413.081908	0.9852487568,0.9476443603,0.9502805564,0.976793724,0.9813328246,0.9469138574,0.9513343161,0.9819236857	-0.04655969801,-0.04810044527,-0.04849770469,-0.04882985169,-0.04929631951,-0.04998285041,-0.05096509799,-0.05235202449	ok
-1.05778894	-34.32160804	-43.61987925	0.8254667107	continued:5	1,1,1,1,-1,-1,-1,-1	-1,-1,-1,-1,-1,-1,-1,-1	605.5660745,7473.600666,15607.22327,17456.9073,22301.87042,30305.27593,39332.54801,40103.01115	5261.644604,5668.65092,5920.488528,6176.917461,6448.572939,6741.17655,7060.093543,7412.112984	0.9835807372,0.9466831091,0.9503785644,0.9832641236,-0.9458081097,-0.9480600976,-0.8885133292,-0.9117742418	-0.04546029308,-0.04697017939,-0.04735960431,-0.04768531188,-0.04814262942,-0.0488155787,-0.04977840102,-0.0511381156	ok
-1.05276382	-34.32160804	-44.21859281	0.8226733618	continued:5	1,1,1,1,1,1,1,1	-1,-1,-1,-1,-1,-1,-1,-1	768.0052701,7238.242452,15275.41018,25288.80807,25716.38646,25980.83009,26251.26968,26540.31586	5261.303021,5668.360427,5920.097084,6176.433586,6447.979583,6740.464796,7059.261919,7411.168975	0.9831401016,0.946025225,0.9486612304,0.9334475469,0.9186337335,0.9561772384,0.9614270438,0.9606841141	-0.04438888759,-0.04586856031,-0.04625032107,-0.046569714,-0.04701806305,-0.04767770691,-0.04862150221,-0.04995456129	ok
-1.04773869	-34.32160804	-44.75890778	0.8198800129	continued:5	1,1,1,1,1,1,1,1	-1,-1,-1,-1,-1,-1,-1,-1	930.4988983,6932.349497,14946.37035,23978.0964,24753.76934,25372.68204,26198.78654,27731.72378	5260.982609,5668.091055,5919.727114,6175.971851,6447.408928,6739.776307,7058.454183,7410.249586	0.9830813329,0.9457412458,0.9479874514,0.8914834089,0.914806704,0.9306200591,0.9451121661,0.9734470354	-0.04334469728,-0.04479478996,-0.04516905243,-0.04548225317,-0.04592181209,-0.04656842117,-0.04749357949,-0.04880052798	ok
-1.04271357	-34.32160804	-45.26163887	0.8170866640	continued:5	1,1,1,1,1,1,1,1	-1,-1,-1,-1,-1,-1,-1,-1	1085.819916,6746.704989,14769.5799,24023.65607,24730.51209,25258.83596,25907.27774,26813.78591	5260.683113,5667.842542,5919.378351,6175.531987,6446.860703,6739.110806,7057.670052,7409.354525	0.9830908458,0.9456347409,0.9480196498,0.8260849981,0.8482078448,0.8678151397,0.8867838028,0.9174269684	-0.0423269623,-0.04374809496,-0.04411502066,-0.04442214938,-0.04485309309,-0.04548693258,-0.04639383591,-0.04767520743	ok
-1.03768844	-34.32160804	-45.73675008	0.8142933151	continued:5	1,-1,-1,-1,-1,-1,-1,-1	-1,-1,-1,-1,-1,-1,-1,-1	1226.958051,6780.988893,14823.14841,25107.72635,25567.90901,25854.31855,26150.78056,26472.22708	5260.404283,5667.61463,5919.050531,6175.113731,6446.334641,6738.468021,7056.909249,7408.483507	0.9830775348,-0.9459155073,-0.9483893849,-0.8909856925,-0.8865293856,-0.9125490302,-0.9160654628,-0.9159938657	-0.04133494636,-0.04272772571,-0.04308747204,-0.04338864661,-0.04381114666,-0.0444324764,-0.04532149882,-0.04657781586	ok
-1.03266332	-34.32160804	-46.18889600	0.8116276837	continued:5	1,1,1,1,1,1,1,1	-1,-1,-1,-1,-1,-1,-1,-1	1353.304554,6980.28174,15043.75659,25023.04445,25448.83534,25711.45347,25979.85347,26266.43794	5260.14587,5667.407063,5918.743394,6174.716825,6445.830478,6737.847684,7056.1715,7407.63625	0.9830294731,0.9460372946,0.9487090694,0.934544383,0.9182911627,0.9572670095,0.9628678905,0.9621885662	-0.04036793595,-0.04173295567,-0.04208567599,-0.04238101206,-0.04279523668,-0.0434043112,-0.04427581901,-0.04550759319	ok
-1.02763819	-34.32160804	-46.61867562	0.8097097230	continued:5	1,1,1,1,1,1,1,1	-1,-1,-1,-1,-1,-1,-1,-1	1486.532513,7098.622721,15185.59572,24847.81746,25263.30681,25519.37738,25780.45159,26057.96434	5259.907633,5667.219593,5918.456685,6174.341013,6445.347957,6737.249533,7055.456534,7406.812479	0.983003261,0.9402255081,0.9491560672,0.8920520232,0.874889994,0.9130035139,0.9191681191,0.9190951065	-0.03942523954,-0.04076308051,-0.04110892431,-0.04139853533,-0.04180464945,-0.04240171813,-0.04325607,-0.04446380222	ok
-1.02261307	-34.32160804	-47.01961731	0.8083327820	continued:5	1,-1,-1,-1,1,1,1,1	-1,-1,-1,-1,-1,-1,-1,-1	1619.391449,7215.082642,15328.216,17993.52633,23716.99434,24327.46841,24745.16574,25216.70732	5259.689331,5667.051972,5918.190152,6173.986043,6444.886824,6736.673308,7054.764089,7406.011922	0.9829780694,-0.9302505389,-0.9483598819,-0.9847244908,0.7284870024,0.7448721106,0.7621948549,0.7776157892	-0.03850618682,-0.03981741738,-0.04015653042,-0.04044052766,-0.04083869302,-0.04142400009,-0.04226154723,-0.04344572788	ok
-1.01758794	-34.32160804	-47.38784436	0.8072902095	continued:5	1,1,1,1,-1,-1,-1,-1	-1,-1,-1,-1,-1,-1,-1,-1	1743.699877,7392.315075,15534.84569,17824.93985,22291.41332,23761.54375,31368.06344,32830.75588	5259.490731,5666.903959,5917.943548,6173.651671,6444.446828,6736.118755,7054.093903,7405.234312	0.9829354956,0.942297214,0.9499634831,0.9840544173,-0.9515708779,-0.9816324902,-0.9514732351,-0.9815192779	-0.03761012803,-0.03889530424,-0.03922782863,-0.03950632124,-0.03989669638,-0.04047048109,-0.04129156732,-0.04245267653	ok
-1.01256281	-34.32160804	-47.72194777	0.8067886567	full	1,-1,-1,-1,1,1,1,1	-1,-1,-1,-1,-1,-1,-1,-1	1784.016078,7385.474759,15560.88844,17609.13355,22080.03401,31831.54467,32250.14455,32507.66005	5259.311601,5666.775315,5917.71663,6173.337651,6444.027725,6735.585623,7053.445721,7404.479386	0.9829176175,-0.9043940987,-0.948223099,-0.9831096681,0.9490278976,0.9220436872,0.9028573706,0.9438414728	-0.0367364332,-0.03799609907,-0.03832217345,-0.03859526848,-0.0389780088,-0.03954050546,-0.04034546743,-0.04148397522	ok
-1.00753769	-34.32160804	-42.10390176	0.8236905672	continued:5	1,1,1,-1,-1,-1,-1,-1	-1,-1,-1,-1,-1,-1,-1,-1	309.6952938,7683.719055,9493.303436,14768.90851,23007.03305,24741.80302,30716.32859,38952.37346	5259.151711,5666.665805,5917.509155,6173.043747,6443.629271,6735.073667,7052.819291,7403.746888	0.9883222125,0.9506756504,0.982867679,-0.9467371932,-0.9508885237,-0.9826421037,-0.9466480491,-0.950803416	-0.03588449154,-0.03711917928,-0.0374389389,-0.03770674131,-0.03808199917,-0.03863343727,-0.03942260454,-0.04053897103	ok
-1.00251256	-34.32160804	-43.05007549	0.8208972183	continued:5	1,1,1,1,1,1,1,1	-1,-1,-1,-1,-1,-1,-1,-1	457.4250087,7568.731521,17204.56361,17616.34783,17869.52619,18127.53314,18401.25116,18696.59949	5259.010839,5666.575198,5917.320889,6172.769721,6443.25123,6734.582644,7052.214366,7403.036563	0.9847153424,0.9492111669,0.6996287194,0.696729999,0.7186723169,0.7234136427,0.7253425904,0.7277159025	-0.03505371075,-0.03626394102,-0.03657751785,-0.0368401306,-0.03720805529,-0.03774865959,-0.0385223548,-0.0396170304	ok
-0.99748744	-34.32160804	-43.76196509	0.8181038694	continued:5	1,1,1,1,1,1,1,1	-1,-1,-1,-1,-1,-1,-1,-1	614.4395144,7392.822788,17605.78734,18122.60144,18451.06652,18800.35465,19190.31224,19637.33007	5258.888763,5666.503266,5917.151598,6172.515344,6442.893367,6734.112315,7051.630702,7402.348161	0.9831577292,0.9481019404,0.7984737558,0.8046087613,0.8213786388,0.8269916337,0.8324926962,0.8400783005	-0.03424351641,-0.03542979857,-0.0357373214,-0.03599484545,-0.03635558331,-0.0368855739,-0.0376441129,-0.03871753853	ok
-0.99246231	-34.32160804	-44.36861982	0.8153105206	continued:5	1,1,1,1,1,1,1,-1	-1,-1,-1,-1,-1,-1,-1,-1	777.0681858,7141.397317,15767.15646,16832.95503,17998.49142,25212.55617,27451.25219,32018.46156	5258.785267,5666.449786,5917.001052,6172.280387,6442.555451,6733.662447,7051.06806,7401.681437	0.9827635,0.9474239654,0.9498057303,0.9756487858,0.9804505001,0.9497679015,0.9837373701,-0.9517525242	-0.03345335141,-0.03461618374,-0.03491777829,-0.03517031263,-0.03552400708,-0.03604359948,-0.03678729145,-0.03783989872	ok
-0.98743719	-34.32160804	-44.91519775	0.8125171717	continued:5	1,1,1,1,1,-1,-1,-1	-1,-1,-1,-1,-1,-1,-1,-1	939.0675045,6902.673202,15387.77589,16621.63032,18680.39127,24459.96203,25088.57936,25520.26105	5258.700135,5666.414537,5916.869025,6172.064625,6442.237256,6733.232809,7050.526204,7401.036151	0.9827176903,0.9471852082,0.9517230007,0.979420223,0.9842788724,-0.7351668002,-0.753026918,-0.771496528	-0.03268267535,-0.03382254526,-0.03411833429,-0.03436597599,-0.03471276757,-0.03522217284,-0.03595132045,-0.03698353184	ok
-0.98241206	-34.32160804	-45.42175460	0.8097238228	continued:5	1,1,1,1,1,-1,-1,1	-1,-1,-1,-1,-1,-1,-1,-1	1093.274097,6802.639951,15336.59786,16520.04136,18153.28632,22729.04496,24752.93462,29370.00152	5258.633159,5666.397302,5916.755294,6171.867838,6441.938558,6732.823172,7050.004903,7400.412064	0.9827283382,0.9471464131,0.9514645605,0.9785868513,0.983107621,-0.9504484467,-0.9832748139,0.9494955545	-0.03193096395,-0.03304834828,-0.03333845165,-0.03358129587,-0.0339213223,-0.03442074711,-0.03513564664,-0.03614787569	ok
-0.97738693	-34.32160804	-45.89792928	0.8069304739	continued:5	1,-1,-1,-1,-1,-1,-1,1	-1,-1,-1,-1,-1,-1,-1,-1	1232.946089,6877.109096,15529.09784,16600.37205,17770.9335,24917.71177,27149.71155,31803.99654	5258.584128,5666.397866,5916.659639,6171.689808,6441.659139,6732.433315,7049.503928,7399.808943	0.9827112527,-0.9474309246,-0.9499255904,-0.9757007228,-0.9804816042,-0.9498471586,-0.9836397188,0.9519539135	-0.03119770859,-0.03229307378,-0.03257760854,-0.0328157486,-0.03314914484,-0.03363879154,-0.03433973301,-0.03533238454	ok
-0.97236181	-34.32160804	-46.34830256	0.8044714936	continued:5	1,-1,-1,-1,-1,-1,1,1	-1,-1,-1,-1,-1,-1,-1,-1	1364.983545,7017.805142,15834.38081,16790.36764,17680.3009,20018.91952,25938.33451,26361.4567	5258.552841,5666.416019,5916.581844,6171.530321,6441.398781,6732.063017,7049.023054,7399.226558	0.9826783561,-0.9472553424,-0.9436920552,-0.9681378479,-0.9750154995,-0.9846460897,0.9360238819,0.9159758175	-0.03048241573,-0.03155621806,-0.03183529855,-0.03206882595,-0.03239572421,-0.03287579097,-0.03356305825,-0.03453652849	ok
-0.96733668	-34.32160804	-46.77158904	0.8025535329	continued:5	1,-1,-1,-1,-1,-1,-1,-1	-1,-1,-1,-1,-1,-1,-1,-1	1496.1634,7158.844208,16223.45034,17057.08471,17736.52299,18725.36899,28396.65196,28836.8805	5258.539095,5666.451554,5916.521694,6171.389166,6441.157271,6731.712061,7048.562062,7398.664682	0.9826464191,-0.9458737984,-0.9176752895,-0.941183896,-0.9540219809,-0.9656311503,-0.9211635197,-0.908669084	-0.02978460643,-0.03083729226,-0.03111103019,-0.03134003461,-0.03166056447,-0.03213124528,-0.03280511628,-0.03375979307	ok
-0.96231156	-34.32160804	-47.16392053	0.8011765919	continued:5	1,-1,-1,-1,-1,-1,-1,-1	-1,-1,-1,-1,-1,-1,-1,-1	1627.148817,7295.303962,16792.52844,17485.76312,17983.19867,18582.01565,19387.21642,20882.18421	5258.542693,5666.504265,5916.478979,6171.266136,6440.9344,6731.380234,7048.120732,7398.123094	0.9826162482,-0.943883801,-0.8005011046,-0.8222952526,-0.8429176626,-0.8630071379,-0.8942232322,-0.9569651488	-0.02910381589,-0.03013582185,-0.03040432636,-0.03062889573,-0.03094318413,-0.03140466897,-0.03206541569,-0.03300167868	ok
-0.95728643	-34.32160804	-47.52182064	0.8001340194	continued:5	1,1,1,1,1,1,1,1	-1,-1,-1,-1,-1,-1,-1,-1	1750.102531,7474.042514,17722.05362,18254.55681,18593.14894,18955.90011,19364.45587,19838.73502	5258.56344,5666.573953,5916.453491,6171.161026,6440.729962,6731.067326,7047.698851,7397.601574	0.9825697221,0.9453481837,0.7750499117,0.783226687,0.7994595555,0.8064755105,0.8142412535,0.8249839735	-0.02843959296,-0.02945134617,-0.02971472393,-0.02993494445,-0.03024311576,-0.03069559062,-0.03134347933,-0.03226170011	ok
-0.95226131	-34.32160804	-47.84434350	0.7996324666	full	1,-1,-1,-1,-1,-1,-1,-1	-1,-1,-1,-1,-1,-1,-1,-1	1790.315334,7483.775949,17942.91361,18400.44122,18681.0679,18970.82052,19284.27194,19629.74002	5258.601141,5666.660418,5916.445026,6171.073634,6440.543753,6730.773131,7047.296209,7397.099906	0.9825505612,-0.9060491475,-0.8964956839,-0.8896765804,-0.9185812733,-0.9225373832,-0.9223592804,-0.9219113355	-0.02779149973,-0.028783418,-0.02904177324,-0.02925772943,-0.0295599055,-0.0300035525,-0.03063884381,-0.03153938614	ok
-0.94723618	-34.32160804	-42.26586006	0.8162859691	continued:5	1,1,1,1,-1,-1,-1,-1	-1,-1,-1,-1,-1,-1,-1,-1	320.3657864,7894.973241,9154.610409,11495.28876,17279.98446,17699.80561,17956.15838,18217.75083	5258.65561,5666.763464,5916.45338,6171.003761,6440.375573,6730.497445,7046.912598,7396.617878	0.9876231819,0.9518085435,0.9794216441,0.9847436627,-0.9279055352,-0.9055864017,-0.9495637152,-0.9568307627	-0.02715911102,-0.0281316031,-0.02838503772,-0.02859681241,-0.02889311263,-0.02932811007,-0.0299510591,-0.03083427902	ok
-0.94221106	-34.32160804	-43.20314970	0.8134926202	continued:5	1,1,1,-1,-1,-1,-1,-1	-1,-1,-1,-1,-1,-1,-1,-1	469.093774,7634.020618,9408.975877,15104.8541,25264.01933,25693.47555,25955.44411,26223.3273	5258.726659,5666.882901,5916.478354,6170.951213,6440.225224,6730.240068,7046.547813,7396.155281	0.98412525,0.9509466323,0.9823539515,-0.9431754757,-0.938821143,-0.9202801785,-0.9617411783,-0.9679061191	-0.02654201407,-0.0274954798,-0.02774409341,-0.02795176783,-0.02824230914,-0.0286688316,-0.02927968807,-0.0301459341	ok
-0.93718593	-34.32160804	-43.91882424	0.8106992714	continued:5	1,1,1,-1,-1,-1,-1,-1	-1,-1,-1,-1,-1,-1,-1,-1	626.9525597,7389.792589,9989.446719,16296.12065,16727.71258,16990.82872,17260.03202,17547.88298	5258.814103,5667.018537,5916.519751,6170.915796,6440.092512,6730.000802,7046.201653,7395.71191	0.9827135124,0.9497440582,0.9841907343,-0.9352579527,-0.9177397551,-0.9581349606,-0.9640466673,-0.9634022412	-0.02593980809,-0.02687463862,-0.02711852861,-0.02732218234,-0.02760707934,-0.02802529775,-0.02862430609,-0.02947391938	ok
-0.93216080	-34.32160804	-44.53074901	0.8079059225	continued:5	1,1,1,1,1,1,1,1	-1,-1,-1,-1,-1,-1,-1,-1	789.7495698,7138.379124,16746.9994,17163.44932,17417.43913,17676.51141,17951.6786,18249.08397	5258.917763,5667.170186,5916.577377,6170.897321,6439.977247,6729.779453,7045.87392,7395.287561	0.9823756938,0.9490557189,0.8893025896,0.8682367132,0.9096773781,0.9171449446,0.9173678514,0.9163997573	-0.02535210384,-0.02626868183,-0.02650794343,-0.02670765451,-0.02698701945,-0.02739710116,-0.02798450064,-0.02881781514	ok
-0.92713568	-34.32160804	-45.08137509	0.8051125736	continued:5	1,1,1,1,1,1,1,1	-1,-1,-1,-1,-1,-1,-1,-1	951.11098,6958.624993,16681.14055,17099.56807,17354.55305,17614.71022,17891.2571,18190.40254	5259.037459,5667.337664,5916.651039,6170.895599,6439.879239,6729.575829,7045.564419,7394.882035	0.9823445798,0.9488552862,0.9154564141,0.8924504123,0.9364474101,0.9440881416,0.9440150267,0.9425103606	-0.02477852332,-0.02567722312,-0.02591194947,-0.02610779439,-0.02638173722,-0.02678384608,-0.02735987093,-0.02817721353	ok
-0.92211055	-34.32160804	-45.58975446	0.8023192247	continued:5	1,1,1,1,1,1,1,1	-1,-1,-1,-1,-1,-1,-1,-1	1103.963191,6919.149356,16585.00595,17002.47628,17256.77797,17516.21306,17791.85482,18089.88961	5259.173016,5667.520789,5916.740548,6170.910448,6439.798303,6729.389742,7045.272958,7394.495137	0.9823554211,0.9488822085,0.9037988977,0.8811535801,0.9243865554,0.9321016761,0.9321825215,0.9309180915	-0.02421869939,-0.02509988722,-0.0253301694,-0.02552222313,-0.02579085159,-0.02618514804,-0.02675002751,-0.0275517182	ok
-0.91708543	-34.32160804	-46.06513388	0.7995258758	continued:5	1,1,1,1,1,1,1,1	-1,-1,-1,-1,-1,-1,-1,-1	1241.867963,7024.313574,16597.29843,17013.27551,17266.59838,17525.00365,17799.34531,18095.77498	5259.324261,5667.719383,5916.845716,6170.941684,6439.734255,6729.221006,7044.999346,7394.126671	0.9823337642,0.9489790345,0.873656153,0.8531535286,0.8936578416,0.9012579622,0.9017107127,0.9010907123	-0.02367227538,-0.02453630953,-0.02476223666,-0.02495057268,-0.0252139923,-0.02560063341,-0.02615459195,-0.02694094396	ok
-0.91206030	-34.32160804	-46.51203063	0.7971946129	continued:5	1,-1,-1,-1,-1,-1,-1,-1	-1,-1,-1,-1,-1,-1,-1,-1	1376.353026,7153.419508,16643.263,17057.85486,17310.27124,17567.73634,17840.88486,18135.8411	5259.491021,5667.933269,5916.966357,6170.989129,6439.686916,6729.069438,7044.743399,7393.776447	0.9823075045,-0.9489294585,-0.8198552341,-0.8042012931,-0.8394318962,-0.8465538746,-0.847640108,-0.8481578625	-0.02313890485,-0.02398613584,-0.02420779508,-0.02439248541,-0.02465079957,-0.02502993914,-0.02557319643,-0.02634451642	ok
-0.90703518	-34.32160804	-46.92810362	0.7952766523	continued:5	1,-1,-1,-1,-1,-1,-1,-1	-1,-1,-1,-1,-1,-1,-1,-1	1505.339863,7312.460539,16744.11831,17157.25438,17408.73575,17665.24495,17937.17237,18230.61786	5259.67313,5668.162274,5917.102289,6171.052606,6439.656107,6728.934858,7044.504931,7393.444279	0.9822693254,-0.7779611147,-0.6148590137,-0.6157179524,-0.6335963736,-0.6384573014,-0.6412767118,-0.64499661	-0.02261825116,-0.02344902194,-0.02366649856,-0.02384761381,-0.02410092379,-0.02447271239,-0.02500548351,-0.02576207165	ok
-0.90201005	-34.32160804	-47.31124695	0.7938997112	continued:5	1,1,1,-1,-1,-1,-1,-1	-1,-1,-1,-1,-1,-1,-1,-1	1634.348509,7465.462251,10733.0627,16027.13874,16441.06108,16692.8508,16949.69479,17222.05725	5259.870421,5668.406226,5917.253331,6171.131941,6439.641654,6728.817087,7044.283762,7393.12998	0.9822338122,0.9447141051,0.9852586681,-0.7767646573,-0.764682311,-0.7961162871,-0.8029247173,-0.8044968098	-0.02210998724,-0.02292463333,-0.02313801079,-0.02331562015,-0.02356402515,-0.02392861022,-0.02445110569,-0.02519325587	ok
-0.89698492	-34.32160804	-47.65841899	0.7929848562	continued:5	1,1,1,1,-1,-1,-1,-1	-1,-1,-1,-1,-1,-1,-1,-1	3.793007756,1761.426675,7622.664776,10420.74642,16181.59813,16600.08484,16854.28944,17113.6925	5260.08273,5668.664957,5917.419302,6171.226962,6439.643384,6728.715951,7044.079713,7392.833369	0.9597019138,0.9821956194,0.9488420751,0.9843405592,-0.9130365083,-0.888382764,-0.9335696377,-0.9417602635	-0.02161379525,-0.02241264494,-0.0226220049,-0.02279617618,-0.0230397734,-0.0233972993,-0.02390972522,-0.02463772511	ok
-0.89195980	-34.32160804	-47.96802164	0.7924833034	full	1,-1,-1,1,1,1,1,1	-1,-1,-1,-1,-1,-1,-1,-1	1801.487632,7648.181318,10217.98966,16371.30703,16795.42701,17052.70203,17315.45502,17595.34013	5260.309897,5668.938301,5917.600025,6171.3375,6439.661126,6728.631276,7043.892609,7392.554267	0.9821746296,-0.9094722046,-0.9818090648,0.943422869,0.9190616011,0.9656932497,0.9734507225,0.9731029942	-0.02112936631,-0.02191274078,-0.02211816317,-0.02228896283,-0.02252784747,-0.02287845555,-0.02338101369,-0.02409514494	ok
-0.88693467	-34.32160804	-40.90052269	0.8110889695	continued:5	1,1,1,1,1,1,1,1	-1,-1,-1,-1,-1,-1,-1,-1	193.0428202,9529.443768,9961.226593,10222.84446,10490.46902,10776.48389,11087.6439,11431.01715	5260.551761,5669.226093,5917.795324,6171.463388,6439.694714,6728.562894,7043.722276,7392.292495	0.9891167062,0.9369738631,0.9172806009,0.9597956407,0.9662586201,0.9657000344,0.9637788179,0.9617883546	-0.02065640021,-0.02142461373,-0.02162617677,-0.02179366994,-0.02202793528,-0.02237176393,-0.02286465182,-0.02356519016	ok
-0.88190955	-34.32160804	-42.50838594	0.8082956206	continued:5	1,1,1,1,1,1,-1,-1	-1,-1,-1,-1,-1,-1,-1,-1	341.4659879,8670.464215,9445.190542,10022.29669,10776.74259,12073.769,17823.5983,20067.89141	5260.808167,5669.528173,5918.005025,6171.604461,6439.743981,6728.510635,7043.568544,7392.047881	0.9865768935,0.8778948619,0.9012568773,0.9194461607,0.9356539774,0.965702082,-0.9459089774,-0.9830642639	-0.02019460512,-0.02094796521,-0.02114574547,-0.021309996,-0.0215397334,-0.02187691813,-0.02236032914,-0.02304754454	ok
-0.87688442	-34.32160804	-43.41591948	0.8055022717	continued:5	1,1,1,1,-1,-1,-1,-1	-1,-1,-1,-1,-1,-1,-1,-1	491.9567076,7866.262964,9072.990069,10685.38753,16389.7037,17208.05812,17839.82706,18720.12667	5261.078958,5669.844381,5918.228954,6171.760556,6439.808764,6728.474335,7043.431243,7391.820251	0.9833658394,0.9514836767,0.977979172,0.982685222,-0.9065063464,-0.9296682749,-0.9446503307,-0.9574837134	-0.01974369738,-0.02048250492,-0.02067657738,-0.02083764781,-0.02106294677,-0.02139362028,-0.02186774373,-0.02254190049	ok
-0.87185930	-34.32160804	-44.12517736	0.8027089229	continued:5	1,1,1,1,1,1,1,-1	-1,-1,-1,-1,-1,-1,-1,-1	651.1544156,7494.030764,9060.007705,16916.27849,17856.32187,18671.2401,20303.50918,26500.54707	5261.363985,5670.174559,5918.466939,6171.931515,6439.888904,6728.45383,7043.310209,7391.609438	0.9822031545,0.9515631658,0.9810668946,0.9401266869,0.963829136,0.9720646295,0.9814004347,-0.7614901778	-0.0193034012,-0.02002795061,-0.02021838868,-0.02037634031,-0.02059728852,-0.02092158074,-0.02138660197,-0.02204795886	ok
-0.86683417	-34.32160804	-44.73568350	0.7999155740	continued:5	1,1,1,-1,-1,1,1,1	-1,-1,-1,-1,-1,-1,-1,-1	814.2296362,7240.02397,9043.594996,14840.70033,16780.63304,22139.04124,23627.8486,33131.63999	5261.663095,5670.518554,5918.718808,6172.117177,6439.984241,6728.448961,7043.205278,7391.415273	0.9819525845,0.951053095,0.9819376441,-0.9510613764,-0.9823988133,0.9517867983,0.9806304138,0.9303298711	-0.01887344844,-0.01958402785,-0.0197709034,-0.01992579629,-0.02014247965,-0.0204605178,-0.02091661829,-0.02156542868	ok
-0.86180905	-34.32160804	-45.28509517	0.7971222251	continued:5	1,1,1,-1,-1,-1,-1,1	-1,-1,-1,-1,-1,-1,-1,-1	974.658963,7118.991101,8975.003856,14566.3574,16296.76626,22598.31554,24400.96149,30231.22905	5261.97614,5670.876212,5918.984393,6172.317388,6440.09462,6728.459568,7043.116288,7391.237593	0.981941966,0.9509441779,0.9820595719,-0.9513716057,-0.9817001248,-0.951002536,-0.9818545721,0.9511995725	-0.01845357838,-0.01915046971,-0.01933385315,-0.01948574616,-0.01969824881,-0.02001015747,-0.02045751488,-0.02109402684	ok
-0.85678392	-34.32160804	-45.79068517	0.7943288762	continued:5	1,1,1,-1,-1,1,1,-1	-1,-1,-1,-1,-1,-1,-1,-1	1125.494127,7139.910273,8940.591986,14811.05259,16598.59769,22542.74982,24341.43076,30222.7367	5262.302975,5671.247383,5919.263522,6172.531994,6440.219885,6728.485495,7043.04308,7391.076235	0.9819520688,0.9509643505,0.9818203184,-0.9514759813,-0.9819291538,0.9512004974,0.981867621,-0.951323213	-0.01804353747,-0.01872701662,-0.0189069769,-0.01905592768,-0.01926433206,-0.01957023323,-0.02000902151,-0.02063347796	ok
-0.85175879	-34.32160804	-46.26101159	0.7915355273	continued:5	1,-1,-1,-1,-1,-1,-1,-1	-1,-1,-1,-1,-1,-1,-1,-1	1260.694198,7282.707061,9010.887506,15384.44508,17037.88134,24052.87757,25368.3881,34048.91661	5262.643454,5671.631918,5919.556026,6172.760844,6440.359886,6728.526588,7042.985499,7390.93104	0.9819228782,-0.949768518,-0.9810547077,-0.9510042297,-0.9811136307,-0.9517774006,-0.9790944281,-0.6773427118	-0.01764307914,-0.01831341611,-0.01849002078,-0.01863608582,-0.01884047268,-0.01914048583,-0.01957087531,-0.02018351409	ok
-0.84673367	-34.32160804	-46.70044003	0.7892042644	continued:5	1,1,1,1,1,1,1,1	-1,-1,-1,-1,-1,-1,-1,-1	1392.211042,7445.124676,9104.59636,16102.01953,17397.9863,26226.90586,26638.2272,26887.27228	5262.997436,5672.029671,5919.861735,6173.003786,6440.514471,6728.582696,7042.943389,7390.801849	0.9818878151,0.949237177,0.9805398848,0.9521376326,0.9790932385,0.3889222276,0.3965367346,0.4039305457	-0.01725196355,-0.01790942259,-0.01808273783,-0.01822597247,-0.01842642092,-0.01872066303,-0.01914282048,-0.01974387448	ok
-0.84170854	-34.32160804	-47.10682408	0.7874140212	continued:5	1,1,1,1,1,1,1,1	-1,-1,-1,-1,-1,-1,-1,-1	1523.138615,7607.738279,9201.850219,17188.42479,18027.44263,18676.93724,19609.71687,28403.55527	5263.36478,5672.440498,5920.180479,6173.260675,6440.683495,6728.653669,7042.916597,7390.688508	0.9818542981,0.9497320518,0.9803005217,0.9140593896,0.9372126138,0.9512662572,0.9631784123,0.8098392119	-0.01686995743,-0.01751479713,-0.0176848878,-0.01782534623,-0.01802193379,-0.01831051942,-0.01872460813,-0.01931430543	ok
-0.83668342	-34.32160804	-47.47725477	0.7861647976	continued:5	1,-1,-1,-1,-1,-1,-1,-1	-1,-1,-1,-1,-1,-1,-1,-1	1654.673678,7765.677428,9297.240867,18739.77944,19180.52702,19445.87218,19717.89022,20009.55795	5263.745349,5672.864256,5920.512086,6173.531363,6440.86681,6728.739357,7042.904974,7390.590864	0.9818243877,-0.9300924433,-0.9704031569,-0.9270608035,-0.9100333538,-0.9499004907,-0.9557302296,-0.9551563385	-0.01649683386,-0.01712930732,-0.01729623697,-0.01743397228,-0.01762677487,-0.01790981621,-0.01831599609,-0.01889456	ok
-0.83165829	-34.32160804	-47.80939121	0.7852499425	continued:5	1,1,1,1,1,1,1,1	-1,-1,-1,-1,-1,-1,-1,-1	10.85840199,1779.520431,7948.605011,9419.727377,18471.18517,18894.11783,19149.0554,19409.4348	5264.139003,5673.300803,5920.856383,6173.815708,6441.064272,6728.839618,7042.908372,7390.508764	0.9580916552,0.9817802811,0.9527735304,0.9807478644,0.9357942554,0.9071394829,0.9566407987,0.9657442107	-0.01613237207,-0.016752727,-0.01691655794,-0.0170516221,-0.01724071412,-0.01751832104,-0.01791674864,-0.01848439787	ok
-0.82663317	-34.32160804	-48.10345998	0.7847483897	full	1,-1,-1,-1,-1,-1,-1,-1	-1,-1,-1,-1,-1,-1,-1,-1	1819.357091,8003.132781,9416.230926,18228.80428,18646.53046,18898.50827,19155.79486,19428.79159	5264.54561,5673.750002,5921.213194,6174.113566,6441.27574,6728.954305,7042.926643,7390.442061	0.981757331,-0.9158336981,-0.9598104455,-0.8424623476,-0.8206824632,-0.8613976312,-0.8702236196,-0.871323614	-0.01577635727,-0.01638483611,-0.01654562945,-0.01667807333,-0.01686352766,-0.01713580776,-0.01752663641,-0.01808358512	ok
-0.82160804	-34.32160804	-41.44647349	0.8030797242	continued:5	1,1,1,1,1,1,1,1	-1,-1,-1,-1,-1,-1,-1,-1	225.5611544,9141.980166,9564.166137,9818.428493,10078.11766,10354.22377,10653.2155,10981.5224	5264.965037,5674.211714,5921.582342,6174.424798,6441.501075,6729.083278,7042.959644,7390.390607	0.9889637047,0.9350053996,0.9049072401,0.9554336325,0.9650444484,0.9650599354,0.9632221838,0.9611526348	-0.01542858046,-0.01602542052,-0.01618323617,-0.01631310959,-0.01649499762,-0.01676205629,-0.01714543613,-0.01769189406	ok
-0.81658291	-34.32160804	-42.80158549	0.8002863753	continued:5	1,1,1,1,1,1,1,1	-1,-1,-1,-1,-1,-1,-1,-1	371.2757598,9671.897019,10109.0968,10371.68579,10640.5949,10928.40965,11242.17744,11589.43355	5265.397151,5674.685804,5921.963643,6174.749266,6441.740136,6729.226396,7043.007233,7390.354258	0.9853018439,0.9345549004,0.9144332345,0.9573875306,0.9639536901,0.963418999,0.9615415756,0.9596437249	-0.01508883827,-0.01567427184,-0.01582916859,-0.01595652026,-0.01613491196,-0.01639685239,-0.01677293044,-0.01730910302	ok
-0.81155779	-34.32160804	-43.66894985	0.7974930264	continued:5	1,1,1,1,1,1,1,1	-1,-1,-1,-1,-1,-1,-1,-1	524.1172624,9104.446193,9751.691853,10178.12923,10667.17084,11272.14623,12112.4256,14214.90481	5265.841825,5675.172138,5922.35691,6175.086832,6441.99279,6729.383522,7043.06927,7390.332868	0.9825588679,0.7311931545,0.7509827885,0.7714029048,0.7908420102,0.8187741879,0.8659622088,0.974612812	-0.01475693278,-0.01533118723,-0.01548322277,-0.01560810036,-0.01578306426,-0.01603998753,-0.01640890779,-0.01693499618	ok
-0.80653266	-34.32160804	-44.36425316	0.7946996775	continued:5	1,1,1,1,1,-1,-1,-1	-1,-1,-1,-1,-1,-1,-1,-1	684.8383246,7994.513376,8961.974521,9795.753583,11743.83345,17523.16681,17940.5931,18191.91717	5266.298928,5675.670582,5922.761946,6175.437362,6442.2589,6729.55452,7043.145615,7390.3263	0.9816874329,0.9419355777,0.9655676896,0.973441406,0.9829599949,-0.9012445498,-0.8686787412,-0.9189234163	-0.01443267139,-0.01499596926,-0.01514520024,-0.01526765036,-0.0154392536,-0.01569125872,-0.01605316217,-0.01656936341	ok
-0.80150754	-34.32160804	-44.96750058	0.7919063286	continued:5	1,1,1,1,1,1,1,1	-1,-1,-1,-1,-1,-1,-1,-1	848.0382697,7680.384999,8762.973245,9834.415094,19115.40148,19555.59091,19819.44254,20089.83375	5266.768336,5676.181005,5923.178549,6175.800723,6442.538334,6729.739254,7043.236133,7390.334413	0.9815291724,0.948979031,0.9736275479,0.9790144844,0.9303418308,0.9112869254,0.9531365583,0.9594286869	-0.0141158666,-0.01466842578,-0.01481490782,-0.014934976,-0.01510328439,-0.01535046831,-0.01570549306,-0.01621200013	ok
-0.79648241	-34.32160804	-45.51077286	0.7891129798	continued:5	1,1,1,1,1,1,1,1	-1,-1,-1,-1,-1,-1,-1,-1	1007.075797,7630.887035,8711.015681,9772.68532,18940.77897,19374.23969,19634.06353,19899.90266	5267.249925,5676.703277,5923.606503,6176.176784,6442.830961,6729.937593,7043.340688,7390.35707	0.9815371556,0.9488305908,0.9734223254,0.9788705936,0.9372758644,0.9137543426,0.9596332216,0.9670778625	-0.01380633593,-0.01434836968,-0.01449215748,-0.0146098882,-0.01477496619,-0.01501742388,-0.01536570518,-0.01586270709	ok
-0.79145729	-34.32160804	-46.00923983	0.7863196309	continued:5	1,-1,-1,-1,-1,-1,-1,-1	-1,-1,-1,-1,-1,-1,-1,-1	1155.196658,7751.250384,8782.081424,9728.900373,18393.90707,18810.70316,19061.33161,19317.38548	5267.743571,5677.237267,5924.045577,6176.565414,6443.136652,6730.149405,7043.459148,7390.394135	0.9815435568,-0.9467520965,-0.9708006725,-0.9770239557,-0.8324270293,-0.8074273836,-0.850010721,-0.8603010623	-0.01350390172,-0.01403561884,-0.01417676618,-0.01429220282,-0.01445411358,-0.01469193806,-0.01503360837,-0.01552129026	ok
-0.78643216	-34.32160804	-46.47066474	0.7835262820	continued:5	1,-1,-1,-1,-1,1,1,1	-1,-1,-1,-1,-1,-1,-1,-1	1286.85523,7988.878247,8964.220259,9802.481928,11893.03896,17413.74646,17829.14611,18078.92513	5268.249152,5677.782846,5924.495521,6176.966485,6443.45528,6730.374562,7043.591382,7390.445476	0.9815038018,-0.9418437171,-0.9655073627,-0.9734404494,-0.9833786893,0.8249117371,0.7983438504,0.8415468459	-0.01320839104,-0.01372999592,-0.01386855575,-0.01398174061,-0.01414054601,-0.01437382839,-0.01470901744,-0.01518756065	ok
-0.78140704	-34.32160804	-46.89924999	0.7811950191	continued:5	1,1,1,1,1,-1,-1,-1	-1,-1,-1,-1,-1,-1,-1,-1	1414.676301,8260.43294,9178.116397,9920.069389,11198.01279,17878.26475,18719.41521,19354.20281	5268.766551,5678.339887,5924.956062,6177.379871,6443.786717,6730.612936,7043.737259,7390.510959	0.9814575283,0.9347326749,0.9578335064,0.9679053361,0.9773289051,-0.9128280897,-0.9354155846,-0.9498252725	-0.01291963548,-0.01343132823,-0.01356735274,-0.01367832698,-0.01383408766,-0.0140629172,-0.01439175206,-0.01486133421	ok
-0.77638191	-34.32160804	-47.29306311	0.7796114270	continued:5	1,-1,-1,-1,-1,-1,-1,-1	-1,-1,-1,-1,-1,-1,-1,-1	1549.977346,8524.262856,9381.433475,10035.73991,10995.63397,19647.66054,20065.23989,20315.9183	5269.295647,5678.90826,5925.426893,6177.805446,6444.130841,6730.864401,7043.896652,7390.590455	0.9814358038,-0.914152555,-0.9376799663,-0.9521142306,-0.9646873053,-0.8193144629,-0.7953776814,-0.8368016554	-0.0126374711,-0.01313944764,-0.01327298831,-0.01338179193,-0.01353456731,-0.01375903142,-0.01408163655,-0.01454243166	ok
-0.77135678	-34.32160804	-47.64768714	0.7783622034	continued:5	1,1,1,1,1,1,-1,-1	-1,-1,-1,-1,-1,-1,-1,-1	1678.239852,8855.218521,9647.0691,10218.56928,10971.87569,12335.11229,20044.52247,20501.05778	5269.836324,5679.487836,5925.907663,6178.243087,6444.487528,6731.128833,7044.069436,7390.683836	0.9813970348,0.891542019,0.9139713284,0.9312822298,0.9449238394,0.9711310213,-0.9088759225,-0.8963003156	-0.01236173824,-0.01285419038,-0.01298529814,-0.01309196991,-0.01324181819,-0.01346200252,-0.01377849982,-0.01423067833	ok
-0.76633166	-34.32160804	-47.96347275	0.7775262820	continued:5	1,1,1,1,1,1,1,1	-1,-1,-1,-1,-1,-1,-1,-1	20.61052385,1804.058937,9257.86532,9977.104194,10467.75294,11063.61028,11887.55986,13865.91355	5270.388469,5680.078486,5926.397964,6178.692672,6444.856656,6731.406109,7044.255485,7390.790974	0.9605563377,0.9813544386,0.8093084179,0.8323266163,0.8544697228,0.8754718864,0.9084708541,0.9774382616	-0.01209228143,-0.01257539697,-0.01270412227,-0.01280869964,-0.01295567789,-0.0131716663,-0.0134821752,-0.01392590408	ok
-0.76130653	-34.32160804	-48.24040051	0.7770247292	full	1,1,-1,-1,-1,-1,-1,-1	-1,-1,-1,-1,-1,-1,-1,-1	38.99603134,1843.60121,9639.088312,10277.15323,10688.57645,11155.88616,11726.09357,12493.50363	5270.951964,5680.680079,5926.897305,6179.154081,6445.238108,6731.696109,7044.454676,7390.911746	0.9965825443,0.9813290864,-0.6923295302,-0.7121814672,-0.7324437839,-0.7525152864,-0.7813892102,-0.8293801101	-0.01182894926,-0.01230291207,-0.01242930506,-0.01253182407,-0.01267598816,-0.01288786284,-0.01319250029,-0.01362794313	ok
-0.75628141	-34.32160804	-41.92252363	0.7948329603	continued:5	1,1,1,1,1,1,1,1	-1,-1,-1,-1,-1,-1,-1,-1	259.2726884,8826.701686,9245.385834,9496.159792,9752.49585,10024.26733,10318.00207,10640.01669	5271.526702,5681.292482,5927.405081,6179.627193,6445.631763,6731.998714,7044.666889,7391.046027	0.988030096,0.9049815794,0.8667295107,0.9211193793,0.9343404672,0.9351135759,0.9339614891,0.9327417414	-0.01157159425,-0.01203658436,-0.01216069507,-0.01226119017,-0.01240259489,-0.01261043634,-0.01290931693,-0.01333663396	ok
-0.75125628	-34.32160804	-43.11494039	0.7920396114	continued:5	1,1,1,1,1,1,1,1	-1,-1,-1,-1,-1,-1,-1,-1	405.577876,9104.541628,9527.693713,9780.67349,10039.24956,10313.98248,10611.49377,10938.34895	5272.112567,5681.91556,5927.920513,6180.111891,6446.037507,6732.313804,7044.892004,7391.193696	0.9839826969,0.9381276567,0.9010499114,0.9567359044,0.9686353961,0.9689074605,0.9670386074,0.9648575941	-0.01132007277,-0.01177626643,-0.01189814505,-0.0119966489,-0.01213534792,-0.012339235,-0.01263247096,-0.0130518192	ok
-0.74623116	-34.32160804	-43.94526033	0.7892462626	continued:5	1,1,1,1,1,1,1,1	-1,-1,-1,-1,-1,-1,-1,-1	560.8604419,9322.695367,9752.531924,10008.9298,10271.13627,10550.58343,10854.089,11188.64868	5272.709454,5682.549172,5928.442564,6180.60806,6446.455222,6732.641264,7045.129902,7391.354631	0.9817837213,0.9432041327,0.9126491745,0.964352779,0.9738891156,0.973777553,0.9717638451,0.9694968625	-0.01107424489,-0.01152181468,-0.01164151185,-0.01173805504,-0.01187410096,-0.01207411092,-0.01236181222,-0.01277334547	ok
-0.74120603	-34.32160804	-44.62568362	0.7864529137	continued:5	1,1,1,1,1,1,1,1	-1,-1,-1,-1,-1,-1,-1,-1	722.7884242,9446.178464,9884.78922,10145.84979,10413.22689,10699.29295,11011.21406,11356.66431	5273.317252,5683.193174,5928.969764,6181.115583,6446.884796,6732.98098,7045.380466,7391.528715	0.9811738422,0.9362505396,0.9127051036,0.9587689306,0.9662148112,0.9657984197,0.9638734784,0.9618840316	-0.01083397431,-0.01127308917,-0.01139065632,-0.01148526711,-0.01161871146,-0.01181492,-0.01209719435,-0.0125010633	ok
-0.73618090	-34.32160804	-45.21999768	0.7836595648	continued:5	1,1,1,1,1,1,1,1	-1,-1,-1,-1,-1,-1,-1,-1	885.5304546,9445.097764,9888.547844,10152.17666,10422.4847,10712.28627,11028.98098,11380.67591	5273.935855,5683.847414,5929.499891,6181.634348,6447.326117,6733.332836,7045.643582,7391.71583	0.9810898819,0.9302254204,0.9096694362,0.9530382606,0.9597348046,0.9592651825,0.9574953013,0.9557809071	-0.01059912824,-0.01102995356,-0.01114544289,-0.01123814725,-0.01136904054,-0.01156152181,-0.01183847472,-0.01223482703	ok
-0.73115578	-34.32160804	-45.75524481	0.7808662159	continued:5	1,1,1,1,1,1,1,1	-1,-1,-1,-1,-1,-1,-1,-1	1042.411511,9400.569265,9842.005712,10104.33972,10373.18475,10661.14182,10975.51535,11324.22825	5274.565159,5684.511732,5930.029227,6182.164243,6447.779073,6733.696722,7045.919136,7391.915861	0.9811086033,0.9331100993,0.9109407007,0.9557772457,0.9628674935,0.9624236383,0.960571887,0.9587176273	-0.0103695773,-0.01079227495,-0.01090573794,-0.0109965611,-0.01112495285,-0.01131377949,-0.01158551436,-0.01197449469	ok
-0.72613065	-34.32160804	-46.24467951	0.7780728670	continued:5	1,-1,-1,-1,-1,-1,-1,-1	-1,-1,-1,-1,-1,-1,-1,-1	1186.994851,9403.34728,9841.20102,10101.39211,10367.83401,10652.74306,10963.26601,11307.01907	5275.205056,5685.185956,5930.550544,6182.705155,6448.243556,6734.072526,7046.207014,7392.128693	0.9811068155,-0.9371738733,-0.9121000492,-0.9594556839,-0.9673148453,-0.9669549212,-0.9650074067,-0.9629652516	-0.01014519542,-0.01055992379,-0.01067142853,-0.01076037778,-0.01088631648,-0.01107155967,-0.01133817778,-0.01171992789	ok
-0.72110553	-34.32160804	-46.69539217	0.7754072356	continued:5	1,1,1,1,1,1,1,1	-1,-1,-1,-1,-1,-1,-1,-1	1318.396273,9469.124386,9904.132114,10162.62441,10427.19262,10709.71569,11017.23006,11357.12783	5275.855447,5685.869897,5931.045129,6183.256975,6448.719456,6734.46014,7046.507107,7392.354215	0.9810669277,0.9486603281,0.9218801105,0.9742255701,0.9844378968,0.9855417251,0.9849393974,0.9842632169	-0.009925859783,-0.01033277378,-0.01044257955,-0.0105294697,-0.01065300289,-0.01083473237,-0.01109633296,-0.01147099173	ok
-0.71608040	-34.32160804	-47.11027093	0.7732826238	continued:5	1,1,1,1,1,1,1,1	-1,-1,-1,-1,-1,-1,-1,-1	1448.992143,9537.923241,9970.7055,10227.86095,10490.97936,10771.64793,11076.82794,11413.74851	5276.516231,5686.563348,6183.819595,6449.206667,6734.859455,7046.819305,7392.592312,7783.218026	0.9810290693,0.9522611536,0.9206801791,0.97396779,0.9837844079,0.9836673861,0.9815464052,0.9791077728	-0.009711450672,-0.0101107017,-0.01030371251,-0.01042488678,-0.01060317089,-0.01085985117,-0.0112275547,-0.01176436481	ok
-0.71105528	-34.32160804	-47.48715682	0.7716990317	continued:5	1,1,1,1,1,1,1,1	-1,-1,-1,-1,-1,-1,-1,-1	1579.990248,9605.367992,10036.35689,10292.42394,10554.38155,10833.55804,11136.86244,11471.40099	5277.187304,5687.266074,6184.392908,6449.705083,6735.270365,7047.143499,7392.842877,7783.429609	0.9809952328,0.9583403659,0.9240729802,0.9803534323,0.9914668743,0.9917904235,0.9899584817,0.987754367	-0.009501851442,-0.009893587239,-0.01008298502,-0.01020184603,-0.01037675171,-0.01062860695,-0.01098948861,-0.0115165482	ok
-0.70603015	-34.32160804	-47.82432535	0.7706564592	continued:5	1,-1,-1,-1,-1,-1,-1,-1	-1,-1,-1,-1,-1,-1,-1,-1	1713.240669,9666.571297,10096.07824,10351.23386,10612.23561,10890.17694,11191.93037,11524.50698	5277.868569,5687.977803,6184.976807,6450.2146,6735.692763,7047.479583,7393.1058,7783.654167	0.9809685335,-0.9069183757,-0.8771000303,-0.926578483,-0.936487757,-0.936884622,-0.9357018327,-0.9345895407	-0.009296948404,-0.009681312824,-0.009867169085,-0.009983761587,-0.01015535444,-0.01040247798,-0.01075666844,-0.01127416123	ok
-0.70100503	-34.32160804	-48.12069867	0.7698205378	continued:5	1,1,1,1,1,1,1,1	-1,-1,-1,-1,-1,-1,-1,-1	34.09633665,1835.926471,9756.373913,10184.6315,10439.0066,10699.20362,10976.09917,11276.54072	5278.559928,5688.698217,6185.571188,6450.735115,6736.126548,7047.82745,7393.380974,7783.891597	0.9638139576,0.9809177418,0.957998473,0.9189660491,0.9782962833,0.9909387781,0.9914238364,0.9895636545	-0.009096630745,-0.009473763226,-0.009656149552,-0.009770517402,-0.009938861702,-0.01018134499,-0.01052897234,-0.01103707838	ok
-0.69597990	-34.32160804	-48.37881584	0.7693189850	full	1,1,1,1,1,1,1,1	-1,-1,-1,-1,-1,-1,-1,-1	60.67739137,1875.091009,9728.756217,10155.94988,10409.6477,10669.15849,10945.15686,11244.47405	5279.261283,5689.426926,6186.175946,6451.266526,6736.571615,7048.186998,7393.668293,7784.141787	0.9871573006,0.9808896309,0.3275468906,0.3384428541,0.3451892076,0.3495781215,0.3548011672,0.3620667853	-0.008900790457,-0.009270824988,-0.00944981416,-0.009562000344,-0.009727159078,-0.009965091736,-0.01030628146,-0.01080517726	ok
-0.69095477	-34.32160804	-42.43945973	0.7866205115	continued:5	1,1,1,1,1,1,1,1	-1,-1,-1,-1,-1,-1,-1,-1	304.3670627,8575.757333,8993.024704,9241.539536,9496.09382,9765.359381,10056.07897,10374.61693	5279.972542,5690.163444,6186.79098,6451.808732,6737.027864,7048.558123,7393.967653,7784.404633	0.9863492554,0.8545910661,0.8071083769,0.8648552922,0.8834719255,0.8852949011,0.8854233787,0.8858880775	-0.008709322255,-0.009072385195,-0.009248053451,-0.009358100099,-0.009520134986,-0.009753604818,-0.01008847991,-0.01057833848	ok
-0.68592965	-34.32160804	-43.48725071	0.7838271626	continued:5	1,1,1,1,1,1,1,1	-1,-1,-1,-1,-1,-1,-1,-1	453.4111741,8705.228965,9124.807926,9374.385281,9629.903103,9900.522383,10192.99551,10513.80033	5280.693605,5690.907142,6187.416188,6452.361635,6737.495193,7048.940722,7394.278949,7784.680028	0.9825715353,0.9118538346,0.8587950016,0.9229292238,0.9415941473,0.9427404396,0.9414975243,0.9400622137	-0.008522123509,-0.008878328824,-0.009050760717,-0.009158709122,-0.009317680644,-0.009546773697,-0.009875454697,-0.01035644564	ok
-0.68090452	-34.32160804	-44.27088882	0.7810338138	continued:5	1,1,1,1,1,1,1,1	-1,-1,-1,-1,-1,-1,-1,-1	611.5915361,8756.600115,9178.368549,9428.936975,9685.398747,9957.31629,10251.46963,10574.45203	5281.424385,5691.657165,6188.051469,6452.925135,6737.973504,7049.334695,7394.60208,7784.967869	0.9810353416,0.9323680412,0.8804149264,0.9452871153,0.9627782737,0.9636315607,0.9619278385,0.9598603106	-0.008339094152,-0.008688532204,-0.008857831912,-0.008963722545,-0.009119689965,-0.009344490559,-0.009667095597,-0.01013938518	ok
-0.67587940	-34.32160804	-44.92746132	0.7782404649	continued:5	1,1,1,1,1,1,1,1	-1,-1,-1,-1,-1,-1,-1,-1	774.6296616,8739.032541,9162.15702,9413.291956,9670.317274,9943.000556,10238.15068,10562.43924	5282.164784,5692.412297,6188.696724,6453.499137,6738.462698,7049.739945,7394.936946,7785.268056	0.9806823656,0.9383741677,0.8876825668,0.9522936145,0.9690840222,0.9698297156,0.968001585,0.9657702367	-0.00816013664,-0.008502846886,-0.00866916557,-0.0087730381,-0.008926059499,-0.009146650264,-0.00946329512,-0.009927046333	ok
-0.67085427	-34.32160804	-45.50505956	0.7754471160	continued:5	1,1,1,1,1,1,1,1	-1,-1,-1,-1,-1,-1,-1,-1	936.3605735,8699.377636,9122.745119,9373.88347,9630.934337,9903.650218,10198.85786,10523.24989	5282.914717,5693.170674,6189.351855,6454.083543,6738.96268,7050.156371,7395.283446,7785.580484	0.9806623464,0.9389660977,0.8875676867,0.9526935808,0.9697144039,0.9704735111,0.9686349646,0.9663856758	-0.007985155851,-0.008321078331,-0.008484662766,-0.008586556078,-0.008736688372,-0.00895315028,-0.009263948428,-0.009719321055	ok
-0.66582915	-34.32160804	-46.02544301	0.7726537671	continued:5	1,1,1,1,1,1,1,1	-1,-1,-1,-1,-1,-1,-1,-1	1090.16395,8696.175027,9119.180779,9370.017902,9626.803877,9899.1555,10193.91149,10517.75395	5283.674088,5693.929158,6190.016765,6454.678259,6739.473353,7050.583877,7395.641481,7785.905058	0.9806848479,0.9372845886,0.8838985167,0.9501283999,0.9679448213,0.9687796863,0.9669781014,0.9647685882	-0.007814059049,-0.0081432143,-0.008304227011,-0.008404179217,-0.008551478183,-0.00876389059,-0.009068953251,-0.009516103946	ok
-0.66080402	-34.32160804	-46.49982337	0.7698604183	continued:5	1,-1,-1,-1,-1,-1,-1,-1	-1,-1,-1,-1,-1,-1,-1,-1	1230.059004,8760.039631,9182.576951,9433.05981,9689.536368,9961.458576,10255.67838,10578.86273	5284.442812,5694.681587,6190.691358,6455.283192,6739.994623,7051.022366,7396.010954,7786.241675	0.9806695945,-0.9303210171,-0.8755056104,-0.9421507796,-0.9606886265,-0.96163157,-0.9599714807,-0.9579589689	-0.007646755793,-0.007970114464,-0.00812776421,-0.008225812669,-0.008370332969,-0.008578773644,-0.008878209834,-0.009317292184	ok
-0.65577889	-34.32160804	-46.93458457	0.7671947868	continued:5	1,1,1,1,1,1,1,1	-1,-1,-1,-1,-1,-1,-1,-1	1356.020502,8877.72155,9299.828146,9549.976048,9806.168204,10077.69056,10371.41116,10693.98443	5285.220797,5695.411824,6191.375537,6455.898249,6740.526397,7051.471746,7396.39177,7786.590238	0.9806122984,0.9466316839,0.8852716449,0.9569830014,0.9777810968,0.9788168818,0.9769111964,0.9744698056	-0.007483157902,-0.007801213828,-0.007955182592,-0.008051363922,-0.008193159129,-0.008397704289,-0.008691620855,-0.00912278544	ok
-0.65075377	-34.32160804	-47.33255793	0.7652768261	continued:5	1,1,1,1,1,1,1,1	-1,-1,-1,-1,-1,-1,-1,-1	1488.797523,8968.478075,9390.190858,9640.022129,9895.954153,10167.10502,10460.36186,10782.36921	5286.007963,6192.06921,6456.523338,6741.068582,7051.931922,7396.783834,7786.950652,8241.227027	0.9805811646,0.9578399611,0.8909818513,0.9674952961,0.9909192945,0.9924926765,0.9908930549,0.9886711812	-0.00732317936,-0.007786392641,-0.007880742739,-0.008019865358,-0.0082205897,-0.008509091378,-0.008932485831,-0.009589295023	ok
-0.64572864	-34.32160804	-47.68992467	0.7638209514	continued:5	1,1,1,1,1,1,1,1	-1,-1,-1,-1,-1,-1,-1,-1	1619.839091,9062.975566,9484.325025,9733.854237,9989.54715,10260.35021,10553.17287,10874.65189	5286.804217,6192.772282,6457.158368,6741.621088,7052.402802,7397.18705,7787.322822,8241.657016	0.9805470018,0.9309473261,0.8685042372,0.94328558,0.9679796122,0.9712908778,0.9719704809,0.9725185124	-0.0071667363,-0.007621307047,-0.007713861098,-0.007850362585,-0.008047339319,-0.008330528772,-0.008746297849,-0.009391717611	ok
-0.64070352	-34.32160804	-48.00645749	0.7629060963	continued:5	1,-1,-1,-1,-1,-1,-1,-1	-1,-1,-1,-1,-1,-1,-1,-1	1754.341131,9147.492534,9568.505982,9817.745384,10073.21891,10343.69543,10636.11034,10957.09469	5287.60948,6193.484662,6457.803252,6742.183824,7052.884294,7397.601328,7787.706654,8242.099663	0.9805230315,-0.674255546,-0.6567174101,-0.6906981744,-0.7023579746,-0.7059892373,-0.7100541436,-0.7159757905	-0.007013746902,-0.007459840635,-0.007550633134,-0.007684563924,-0.007877864803,-0.008155842668,-0.008564128302,-0.009198364639	ok
-0.63567839	-34.32160804	-48.28168171	0.7621978924	continued:5	1,1,1,1,1,1,1,1	-1,-1,-1,-1,-1,-1,-1,-1	53.43690436,1879.338517,9252.113486,9672.815465,9921.775075,10177.04807,10447.21714,10739.24808	5288.423662,6194.206258,6458.457899,6742.756701,7053.376308,7398.026574,7788.102055,8242.554876	0.9673374983,0.9804769663,0.4316382558,0.4385661282,0.4527378911,0.4601018836,0.4663288902,0.4746749432	-0.006864131381,-0.007301910324,-0.007390975082,-0.007522384606,-0.007712079958,-0.007984944882,-0.00838588624,-0.00900914123	ok
-0.63065327	-34.32160804	-48.51866020	0.7612830374	full	1,1,1,1,1,1,1,1	-1,-1,-1,-1,-1,-1,-1,-1	78.04705537,1896.935448,9286.438377,9706.838628,9955.519625,10210.60567,10480.4769,10772.13558	5289.246686,6194.93698,6459.122223,6743.339632,7053.878754,7398.462699,7788.508933,8243.022564	0.977637788,0.9804012517,0.9545391046,0.8696374404,0.9551000031,0.9862944485,0.9879551114,0.986124299	-0.006717811894,-0.007147435055,-0.007234805216,-0.007363741921,-0.007549900679,-0.007817749373,-0.008211482914,-0.008823954793	ok
-0.62562814	-34.32160804	-41.60042438	0.7802632453	continued:5	1,1,1,1,1,1,1,1	-1,-1,-1,-1,-1,-1,-1,-1	222.0594868,8224.427595,8639.249632,9137.951885,9404.44771,9691.720383,10006.19437,10355.9692	5290.078466,6195.676737,6459.796137,6743.932528,7054.391545,7398.909611,7788.927197,8243.502636	0.9877339157,0.6313034295,0.4919335807,0.6585808282,0.6625680913,0.6669380973,0.6732485097,0.6824262466	-0.00657471252,-0.006996335749,-0.007082043808,-0.007208555184,-0.007391244912,-0.007654172178,-0.008040831714,-0.008642714942	ok
-0.62060302	-34.32160804	-43.03494817	0.7774698964	continued:5	1,1,1,1,1,1,1,1	-1,-1,-1,-1,-1,-1,-1,-1	368.1514926,8326.046521,8742.464558,9242.343849,9509.645532,9797.983595,10113.84856,10465.49248	5290.918925,6196.425441,6460.479557,6744.535305,7054.914594,7399.367225,7789.356758,8243.995003	0.9839372017,0.7813752771,0.6564843517,0.8101124581,0.8132722686,0.8152033129,0.8180791946,0.822718018	-0.006434759183,-0.006848535249,-0.006932613058,-0.00705674565,-0.007236032575,-0.007494131345,-0.00787384809,-0.008465333443	ok
-0.61557789	-34.32160804	-43.95323159	0.7746765476	continued:5	1,1,1,1,1,1,1,1	-1,-1,-1,-1,-1,-1,-1,-1	521.7328507,8346.994573,8764.731507,9265.587035,9533.552424,9822.768528,10139.78587,10492.9895	5291.767979,6197.183005,6461.172396,6745.147877,7055.447813,7399.83545,7789.797527,8244.499576	0.9811548477,0.8531450022,0.7359435034,0.8822227343,0.8847459165,0.885044526,0.8856366352,0.8872973091	-0.00629787963,-0.006703958268,-0.006786437056,-0.006908236488,-0.007084185526,-0.007337546918,-0.007710449547,-0.008291724185	ok
-0.61055276	-34.32160804	-44.68290515	0.7718831987	continued:5	1,1,1,1,1,1,1,1	-1,-1,-1,-1,-1,-1,-1,-1	682.9080333,8314.823541,8733.469921,8980.494399,9234.956832,9503.353991,9793.144882,10110.92668	5292.625551,6197.94934,6461.874572,6745.770159,7055.991118,7400.314203,7790.249416,8245.016271	0.9803069665,0.8833843187,0.7685651472,0.9056931398,0.9126892445,0.9149195156,0.9144750259,0.9140244537	-0.006164003358,-0.006562531348,-0.006643441727,-0.006762952721,-0.006935627508,-0.007184340846,-0.007550555541,-0.008121803082	ok
-0.60552764	-34.32160804	-45.30738068	0.7690898498	continued:5	1,1,1,1,1,1,1,1	-1,-1,-1,-1,-1,-1,-1,-1	846.2320196,8269.145722,8688.153036,8935.222289,9189.792444,9458.301392,9748.249446,10066.25996	5293.49156,6198.72436,6462.586003,6746.40207,7056.544425,7400.803396,7790.71234,8245.544999	0.9801711796,0.8916691626,0.770806681,0.9157222563,0.9210593173,0.9232406086,0.9225951437,0.92185664	-0.006033061586,-0.006424182806,-0.006503554789,-0.006620821184,-0.006790284096,-0.007034436955,-0.007394087457,-0.007955488037	ok
-0.60050251	-34.32160804	-45.86047695	0.7662965009	continued:5	1,1,1,1,1,1,1,1	-1,-1,-1,-1,-1,-1,-1,-1	1005.319504,8255.283037,8674.263834,9175.719454,9444.114605,9733.925192,10051.78597,10406.23157	5294.365932,6199.507981,6463.306606,6747.043527,7057.10765,7401.302946,7791.186213,8246.085677	0.9801929087,0.8897306889,0.7525854182,0.9190882551,0.9213488982,0.9207591552,0.9200899808,0.9201105738	-0.005904987193,-0.006288842687,-0.006366705697,-0.006481770463,-0.006648082647,-0.006887760885,-0.007240968548,-0.007792698906	ok
-0.59547739	-34.32160804	-46.35875599	0.7635031520	continued:5	1,1,1,1,1,1,1,1	-1,-1,-1,-1,-1,-1,-1,-1	1153.817444,8299.107728,8717.915303,9219.067387,9487.266733,9776.832131,10094.40455,10448.51253	5295.24859,6200.300116,6464.036301,6747.694448,7057.680712,7401.812768,7791.670949,8246.638221	0.9802058268,0.9108482151,0.7306701961,0.9403669615,0.942594847,0.9414983916,0.940076527,0.9391055042	-0.005779714692,-0.006156442724,-0.006232825606,-0.006345730867,-0.006508952264,-0.006744240063,-0.007091123901,-0.007633357446	ok
-0.59045226	-34.32160804	-46.81139690	0.7607098032	continued:5	1,1,1,1,1,1,1,1	-1,-1,-1,-1,-1,-1,-1,-1	1286.527542,8405.684246,8824.301079,9325.146114,9593.144405,9882.457032,10199.731,10553.48782	5296.139459,6201.100682,6464.775009,6748.354754,7058.263529,7402.332781,7792.166468,8247.202549	0.9801673272,0.9557319745,0.6923790464,0.9889402694,0.9921064729,0.9910270776,0.9891931252,0.98741119	-0.005657180176,-0.00602691629,-0.006101847325,-0.006212634374,-0.006372823746,-0.006603803641,-0.006944480373,-0.007477387241	ok
-0.58542714	-34.32160804	-47.22411517	0.7584574740	continued:5	1,1,1,1,1,1,1,1	-1,-1,-1,-1,-1,-1,-1,-1	1418.646065,8511.86083,8930.289509,9430.845346,9698.65008,9987.719073,10304.70607,10658.12675	5297.038459,6201.909594,6465.522648,6749.024364,7058.856019,7402.862902,7792.672684,8247.778577	0.9801317339,0.6229122808,0.4901784496,0.6605108927,0.6681526524,0.6770202396,0.6889519453,0.7053507163	-0.00553732129,-0.005900198358,-0.005973705272,-0.006082414591,-0.006239629546,-0.006466382465,-0.006800966566,-0.007324713697	ok
-0.58040201	-34.32160804	-47.59578359	0.7566672307	continued:5	1,1,1,1,1,1,1,1	-1,-1,-1,-1,-1,-1,-1,-1	1548.575218,8621.858043,9040.096323,9540.383739,9808.0018,10096.83545,10413.546,10766.64425	5297.945524,6202.726771,6466.279143,6749.703201,7059.458104,7403.403051,7793.189516,8248.366226	0.9800920802,0.8303998168,0.4424346332,0.8704654202,0.8772084478,0.8823005986,0.8885573809,0.8969819326	-0.005420077161,-0.005776225457,-0.005848335433,-0.005955006702,-0.006109303713,-0.006331909004,-0.006660512751,-0.007175263946	ok
-0.57537688	-34.32160804	-47.92634077	0.7554180071	continued:5	1,-1,-1,-1,-1,-1,-1,-1	-1,-1,-1,-1,-1,-1,-1,-1	1681.183898,8723.228022,9141.265187,9641.312901,9908.751052,10197.35741,10513.80165,10866.59059	5298.860573,6203.55213,6467.044416,6750.391187,7060.069705,7403.953147,7793.716884,8248.965416	0.9800619586,-0.1127047898,-0.1130248187,-0.1200056509,-0.1215583617,-0.1238331077,-0.1271202307,-0.131874256	-0.005305388403,-0.00565493563,-0.005725675321,-0.005830347445,-0.005981781879,-0.006200317346,-0.006523050858,-0.007028966846	ok
-0.57035176	-34.32160804	-48.21538181	0.7545031520	continued:5	1,1,1,1,1,1,1,1	-1,-1,-1,-1,-1,-1,-1,-1	1809.704068,8831.573495,9249.373706,9749.233296,10016.49741,10304.88374,10621.07057,10973.56199	5299.783541,6204.385589,6467.81839,6751.088244,7060.690744,7404.513114,7794.25471,8249.57607	0.9800221531,0.09491281047,0.09795901691,0.1014260429,0.1028628327,0.1049496791,0.1079505484,0.112286496	-0.005193197033,-0.005536268403,-0.005605663938,-0.005708375055,-0.005857001192,-0.006071543126,-0.006388514412,-0.006885752904	ok
-0.56532663	-34.32160804	-48.46491489	0.7544636852	full	1,-1,-1,-1,-1,-1,-1,-1	-1,-1,-1,-1,-1,-1,-1,-1	1875.947895,8793.529201,9710.750927,9977.838282,10266.0001,10581.92366,10934.10965,11335.49219	5300.71435,6205.227067,6468.600988,6751.794297,7061.321144,7405.08287,7794.802911,8250.198106	0.980052259,-0.7531192498,-0.782023651,-0.7858102501,-0.7884763821,-0.7923402343,-0.7982978598,-0.8071791187	-0.005083446478,-0.005420164747,-0.005488241745,-0.005589029246,-0.005734900306,-0.005945523515,-0.006256838512,-0.006745554272	ok
-0.56030151	-34.32160804	-42.30416042	0.7718073495	continued:5	1,1,1,1,1,1,1,1	-1,-1,-1,-1,-1,-1,-1,-1	274.5149936,8080.393284,8991.730661,9257.027715,9542.816525,9855.708451,10203.93418,10599.88037	5301.652935,6206.076484,6469.392138,6752.509271,7061.96083,7405.662341,7795.361412,8250.831451	0.9862661844,0.5581039173,0.5846656584,0.5892015832,0.5944438938,0.6019659788,0.6128055499,0.6284120263	-0.004976081501,-0.005306567024,-0.005373350602,-0.005472251142,-0.005615419298,-0.00582219714,-0.006127959763,-0.006608304661	ok
-0.55527638	-34.32160804	-43.48604818	0.7690140006	continued:5	1,1,1,1,1,1,1,1	-1,-1,-1,-1,-1,-1,-1,-1	422.3114016,8097.579057,9010.727062,9276.515635,9562.967948,9876.739287,10226.16586,10623.84416	5302.59922,6206.933759,6470.191765,6753.233091,7062.609725,7406.251449,7795.930135,8251.476026	0.982129334,0.6884240061,0.7169300105,0.7213179554,0.7251442679,0.7306140294,0.7386919091,0.7504385815	-0.004871048197,-0.005195418974,-0.005260933762,-0.005357983281,-0.005498499691,-0.005701504096,-0.006001816269,-0.006473939334	ok
-0.55025126	-34.32160804	-44.33301165	0.7662206517	continued:5	1,1,1,1,1,1,1,1	-1,-1,-1,-1,-1,-1,-1,-1	579.3471759,8061.692398,8976.173063,9242.314118,9529.243802,9843.655599,10193.96951,10592.94848	5303.553142,6207.798813,6470.999795,6753.965684,7063.267756,7406.850119,7796.509003,8252.131759	0.9802112577,0.7618856303,0.7907733834,0.7948645742,0.7973867282,0.8009932582,0.8066026834,0.8150214402	-0.004768293931,-0.005086665671,-0.005150935811,-0.005246169544,-0.005384084365,-0.005583385876,-0.005878347584,-0.00634239507	ok
-0.54522613	-34.32160804	-45.02709915	0.7634273028	continued:5	1,1,1,1,1,1,1,1	-1,-1,-1,-1,-1,-1,-1,-1	742.062577,8007.438529,8922.603518,9188.905871,9476.057942,9790.781824,10141.55013,10541.22965	5304.514627,6208.671566,6471.816156,6754.706978,7063.934848,7407.458275,7797.097943,8252.798574	0.979739673,0.7933034271,0.8222332899,0.8261843107,0.8280506593,0.8307209124,0.8350998732,0.8418858447	-0.004667767335,-0.004980253477,-0.005043302645,-0.005136755136,-0.005272117546,-0.005467785339,-0.005757494654,-0.006213610086	ok
-0.54020101	-34.32160804	-45.62736588	0.7606339540	continued:5	1,1,1,1,1,1,1,1	-1,-1,-1,-1,-1,-1,-1,-1	904.5821347,7975.682141,8890.944748,9157.234891,9444.377984,9759.115542,10109.94381,10509.77488	5305.483613,6209.55194,6472.640777,6755.4569,7064.610929,7408.075846,7797.696879,8253.476398	0.979703241,0.7995817686,0.8285061381,0.8324828922,0.8342210481,0.8367015256,0.8408321915,0.8472928062	-0.004569418249,-0.00487613003,-0.004937981438,-0.005029686559,-0.005162544777,-0.005354646689,-0.005639199815,-0.006087524051	ok
-0.53517588	-34.32160804	-46.16004793	0.7578406051	continued:5	1,1,1,1,1,1,1,1	-1,-1,-1,-1,-1,-1,-1,-1	1060.533883,7993.708017,8908.750482,9174.935123,9461.944314,9776.534148,10127.20873,10526.89344	5306.460029,6210.439855,6473.473585,6756.21538,7065.295927,7408.702757,7798.305738,8254.165157	0.979734902,0.7967804438,0.8256849894,0.8297606484,0.8315733978,0.834149826,0.838406805,0.8450379408	-0.00447319771,-0.004774244203,-0.004834920608,-0.004924911569,-0.005055312876,-0.005243915436,-0.005523406748,-0.005964078026	ok
-0.53015075	-34.32160804	-46.63888063	0.7550472562	continued:5	1,1,1,1,1,1,1,1	-1,-1,-1,-1,-1,-1,-1,-1	1203.98047,8069.693613,8984.420956,9250.47302,9537.311452,9851.705846,10202.16354,10601.61345	5307.44381,6211.335233,6474.314513,6756.982346,7065.989771,7409.338937,7798.924445,8254.864782	0.9797329516,0.8468008417,0.8754430616,0.8794051807,0.8800345188,0.880899266,0.8829102823,0.8865891353	-0.004379057909,-0.004674546066,-0.004734069783,-0.004822379143,-0.004950369898,-0.005135538348,-0.005410060427,-0.005843214417	ok
-0.52512563	-34.32160804	-47.07204009	0.7525882759	continued:5	1,-1,-1,-1,-1,-1,-1,-1	-1,-1,-1,-1,-1,-1,-1,-1	1341.09449,8168.240448,9082.648823,9348.568165,9635.235009,9949.432588,10299.67149,10698.88383	5308.434887,6212.237996,6475.163489,6757.75773,7066.69239,7409.984313,7799.552931,8255.575202	0.9797121276,-0.5967636438,-0.6245725345,-0.6293430962,-0.6345037327,-0.6418801818,-0.6525420539,-0.6679196979	-0.004286952173,-0.004576986865,-0.004635379771,-0.004722039458,-0.004847665119,-0.005029463447,-0.005299107115,-0.005724876971	ok
-0.52010050	-34.32160804	-47.46179046	0.7504636641	continued:5	1,-1,-1,-1,-1,-1,-1,-1	-1,-1,-1,-1,-1,-1,-1,-1	1471.3988,8284.419096,9198.517095,9464.307249,9750.806472,10064.81217,10414.83865,10813.82213	5309.433205,6213.148065,6476.020446,6758.541462,7067.403715,7410.638815,7800.191122,8256.296346	0.9796709192,-0.3240261858,-0.3432711713,-0.34704136,-0.3523131584,-0.3599293785,-0.3709108529,-0.3870271579	-0.004196834916,-0.00448151899,-0.004538802536,-0.004623843853,-0.004747148997,-0.004925639957,-0.005190494316,-0.005609010726	ok
-0.51507538	-34.32160804	-47.80982432	0.7488800719	continued:5	1,-1,-1,-1,-1,-1,-1,-1	-1,-1,-1,-1,-1,-1,-1,-1	1603.568399,8393.888619,9307.683782,9573.347953,9859.683173,10173.50154,10523.32136,10922.084	5310.438689,6214.065362,6476.885315,6759.333474,7068.123676,7411.302373,7800.83895,8257.028146	0.9796379336,-0.3833754214,-0.4052273544,-0.4094211004,-0.4150982428,-0.4232851994,-0.4350725485,-0.4522864502	-0.004108661642,-0.004388095947,-0.004444291162,-0.004527744805,-0.004648773142,-0.004824018282,-0.005084170744,-0.005495561979	ok
-0.51005025	-34.32160804	-48.11583985	0.7476308483	continued:5	1,-1,-1,-1,-1,-1,-1,-1	-1,-1,-1,-1,-1,-1,-1,-1	1731.003463,8510.972221,9424.473187,9690.01482,9976.189891,10289.82557,10639.44513,11037.99515	5311.451282,6214.989807,6477.758029,6760.133699,7068.852204,7411.974919,7801.496342,8257.770531	0.9795930318,-0.05597302657,-0.0597832348,-0.0605849125,-0.06176673589,-0.06347919906,-0.06596477027,-0.06967851606	-0.004022388891,-0.004296672328,-0.004351799832,-0.004433695897,-0.004552490291,-0.004724549974,-0.004980086291,-0.00538447825	ok
-0.50502513	-34.32160804	-48.38192460	0.7467159933	continued:5	1,1,1,1,1,1,1,1	-1,-1,-1,-1,-1,-1,-1,-1	1855.416565,8630.33135,9543.543539,9808.965337,10094.98333,10408.44018,10757.86388,11156.2082	5312.470918,6215.921323,6478.638521,6760.942071,7069.589233,7412.656382,7802.163233,8258.523438	0.9795421557,0.5499304166,0.5850040987,0.5928483622,0.6019825184,0.6144377178,0.6317699214,0.6563179743	-0.003937974227,-0.004207203784,-0.004261283792,-0.004341651793,-0.004458254276,-0.004627187709,-0.004878192019,-0.005275708276	ok
-0.50000000	-34.32160804	-48.61024669	0.7462144405	full	1,-1,-1,-1,-1,-1,-1,-1	-1,-1,-1,-1,-1,-1,-1,-1	1897.338434,8639.920416,9552.852325,9818.157526,10104.02201,10417.30438,10766.53838,11164.68486	5313.497533,6216.85983,6479.526725,6761.758523,7070.334697,7413.346696,7802.839551,8259.286797	0.979515262,-0.1045910461,-0.1116221042,-0.1130814841,-0.1152296689,-0.1183453868,-0.1228679704,-0.1296170207	-0.003855376209,-0.004119646998,-0.004172699329,-0.004251568205,-0.004366019994,-0.004531885244,-0.004778440095,-0.005169201953	ok
