delta_x	delta_ca	T0_V	T0_Ca	T0_method	T_encoding	gamma_encoding	T_scs	gamma_scs	status
-2.000000	-51.991992	-64.108863	0.395858	continued:5	37382954118278832773895244218236686338908646550437400502358118064530753024550062640906067170928616739335301863382037085201145976272239453658981262846128190508219395966448887917209180943430756816343660564752246587817144249698118611074911061187626140754429306578884898095116510555810942627764467245810598277119141113742608011841983463944410469867424643313675310062597234983157066538572943899435	0	0,0,0,0,0,0,0,0,0,0,0,0		ok
-1.995996	-51.991992	-64.143542	0.396359	continued:5	37382954118278832773895244218236686338908646550437400502358118064530753024550062640906067170928616739335301863382037085201145976272239453658981262846128190508219395966448887917209180943430756816343660564752246587817144249698118611074911061187626140754429306578884898095116510555810942627764467245810598277119141113742608011841983463944410469867424643313675310062597234983157066538572943899435	0	0,0,0,0,0,0,0,0,0,0,0,0		ok
-1.991992	-51.991992	-64.190305	0.398612	continued:5	37382954118278832773895244218236686338908646550437400502358118064530753024550062640906067170928616739335301863382037085201145976272239453658981262846128190508219395966448887917209180943430756816343660564752246587817144249698118611074911061187626140754429306578884898095116510555810942627764467245810598277119141113742608011841983463944410469867424643313675310062597234983157066538572943899435	0	0,0,0,0,0,0,0,0,0,0,0,0		ok
-1.987988	-51.991992	-64.236269	0.401070	continued:5	37382954118278832773895244218236686338908646550437400502358118064530753024550062640906067170928616739335301863382037085201145976272239453658981262846128190508219395966448887917209180943430756816343660564752246587817144249698118611074911061187626140754429306578884898095116510555810942627764467245810598277119141113742608011841983463944410469867424643313675310062597234983157066538572943899435	0	0,0,0,0,0,0,0,0,0,0,0,0		ok
-1.983984	-51.991992	-64.279034	0.403402	continued:5	37382954118278832773895244218236686338908646550437400502358118064530753024550062640906067170928616739335301863382037085201145976272239453658981262846128190508219395966448887917209180943430756816343660564752246587817144249698118611074911061187626140754429306578884898095116510555810942627764467245810598277119141113742608011841983463944410469867424643313675310062597234983157066538572943899435	0	0,0,0,0,0,0,0,0,0,0,0,0		ok
-1.979980	-51.991992	-64.318572	0.404238	continued:5	37382954118278832773895244218236686338908646550437400502358118064530753024550062640906067170928616739335301863382037085201145976272239453658981262846128190508219395966448887917209180943430756816343660564752246587817144249698118611074911061187626140754429306578884898095116510555810942627764467245810598277119141113742608011841983463944410469867424643313675310062597234983157066538572943899435	0	0,0,0,0,0,0,0,0,0,0,0,0		ok
-1.975976	-51.991992	-64.370928	0.407031	continued:5	37382954118278832773895244218236686338908646550437400502358118064530753024550062640906067170928616739335301863382037085201145976272239453658981262846128190508219395966448887917209180943430756816343660564752246587817144249698118611074911061187626140754429306578884898095116510555810942627764467245810598277119141113742608011841983463944410469867424643313675310062597234983157066538572943899435	0	0,0,0,0,0,0,0,0,0,0,0,0		ok
-1.971972	-51.991992	-64.422197	0.409824	continued:5	37382954118278832773895244218236686338908646550437400502358118064530753024550062640906067170928616739335301863382037085201145976272239453658981262846128190508219395966448887917209180943430756816343660564752246587817144249698118611074911061187626140754429306578884898095116510555810942627764467245810598277119141113742608011841983463944410469867424643313675310062597234983157066538572943899435	0	0,0,0,0,0,0,0,0,0,0,0,0		ok
-1.967968	-51.991992	-64.472417	0.412618	continued:5	37382954118278832773895244218236686338908646550437400502358118064530753024550062640906067170928616739335301863382037085201145976272239453658981262846128190508219395966448887917209180943430756816343660564752246587817144249698118611074911061187626140754429306578884898095116510555810942627764467245810598277119141113742608011841983463944410469867424643313675310062597234983157066538572943899435	0	0,0,0,0,0,0,0,0,0,0,0,0		ok
-1.963964	-51.991992	-64.521627	0.415411	continued:5	37382954118278832773895244218236686338908646550437400502358118064530753024550062640906067170928616739335301863382037085201145976272239453658981262846128190508219395966448887917209180943430756816343660564752246587817144249698118611074911061187626140754429306578884898095116510555810942627764467245810598277119141113742608011841983463944410469867424643313675310062597234983157066538572943899435	0	0,0,0,0,0,0,0,0,0,0,0,0		ok
-1.959960	-51.991992	-64.569864	0.418204	continued:5	37382954118278832773895244218236686338908646550437400502358118064530753024550062640906067170928616739335301863382037085201145976272239453658981262846128190508219395966448887917209180943430756816343660564752246587817144249698118611074911061187626140754429306578884898095116510555810942627764467245810598277119141113742608011841983463944410469867424643313675310062597234983157066538572943899435	0	0,0,0,0,0,0,0,0,0,0,0,0		ok
-1.955956	-51.991992	-64.617161	0.420998	continued:5	37382954118278832773895244218236686338908646550437400502358118064530753024550062640906067170928616739335301863382037085201145976272239453658981262846128190508219395966448887917209180943430756816343660564752246587817144249698118611074911061187626140754429306578884898095116510555810942627764467245810598277119141113742608011841983463944410469867424643313675310062597234983157066538572943899435	0	0,0,0,0,0,0,0,0,0,0,0,0		ok
-1.951952	-51.991992	-64.663549	0.423791	continued:5	37382954118278832773895244218236686338908646550437400502358118064530753024550062640906067170928616739335301863382037085201145976272239453658981262846128190508219395966448887917209180943430756816343660564752246587817144249698118611074911061187626140754429306578884898095116510555810942627764467245810598277119141113742608011841983463944410469867424643313675310062597234983157066538572943899435	0	0,0,0,0,0,0,0,0,0,0,0,0		ok
-1.947948	-51.991992	-64.709061	0.426584	continued:5	37382954118278832773895244218236686338908646550437400502358118064530753024550062640906067170928616739335301863382037085201145976272239453658981262846128190508219395966448887917209180943430756816343660564752246587817144249698118611074911061187626140754429306578884898095116510555810942627764467245810598277119141113742608011841983463944410469867424643313675310062597234983157066538572943899435	0	0,0,0,0,0,0,0,0,0,0,0,0		ok
-1.943944	-51.991992	-64.753723	0.429378	continued:5	37382954118278832773895244218236686338908646550437400502358118064530753024550062640906067170928616739335301863382037085201145976272239453658981262846128190508219395966448887917209180943430756816343660564752246587817144249698118611074911061187626140754429306578884898095116510555810942627764467245810598277119141113742608011841983463944410469867424643313675310062597234983157066538572943899435	0	0,0,0,0,0,0,0,0,0,0,0,0		ok
-1.939940	-51.991992	-64.797562	0.432171	continued:5	37382954118278832773895244218236686338908646550437400502358118064530753024550062640906067170928616739335301863382037085201145976272239453658981262846128190508219395966448887917209180943430756816343660564752246587817144249698118611074911061187626140754429306578884898095116510555810942627764467245810598277119141113742608011841983463944410469867424643313675310062597234983157066538572943899435	0	0,0,0,0,0,0,0,0,0,0,0,0		ok
-1.935936	-51.991992	-64.840604	0.434965	continued:5	37382954118278832773895244218236686338908646550437400502358118064530753024550062640906067170928616739335301863382037085201145976272239453658981262846128190508219395966448887917209180943430756816343660564752246587817144249698118611074911061187626140754429306578884898095116510555810942627764467245810598277119141113742608011841983463944410469867424643313675310062597234983157066538572943899435	0	0,0,0,0,0,0,0,0,0,0,0,0		ok
-1.931932	-51.991992	-64.882868	0.437758	continued:5	37382954118278832773895244218236686338908646550437400502358118064530753024550062640906067170928616739335301863382037085201145976272239453658981262846128190508219395966448887917209180943430756816343660564752246587817144249698118611074911061187626140754429306578884898095116510555810942627764467245810598277119141113742608011841983463944410469867424643313675310062597234983157066538572943899435	0	0,0,0,0,0,0,0,0,0,0,0,0		ok
-1.927928	-51.991992	-64.924371	0.440551	continued:5	37382954118278832773895244218236686338908646550437400502358118064530753024550062640906067170928616739335301863382037085201145976272239453658981262846128190508219395966448887917209180943430756816343660564752246587817144249698118611074911061187626140754429306578884898095116510555810942627764467245810598277119141113742608011841983463944410469867424643313675310062597234983157066538572943899435	0	0,0,0,0,0,0,0,0,0,0,0,0		ok
-1.923924	-51.991992	-64.965123	0.443345	continued:5	37382954118278832773895244218236686338908646550437400502358118064530753024550062640906067170928616739335301863382037085201145976272239453658981262846128190508219395966448887917209180943430756816343660564752246587817144249698118611074911061187626140754429306578884898095116510555810942627764467245810598277119141113742608011841983463944410469867424643313675310062597234983157066538572943899435	0	0,0,0,0,0,0,0,0,0,0,0,0		ok
-1.919920	-51.991992	-65.005119	0.446138	continued:5	37382954118278832773895244218236686338908646550437400502358118064530753024550062640906067170928616739335301863382037085201145976272239453658981262846128190508219395966448887917209180943430756816343660564752246587817144249698118611074911061187626140754429306578884898095116510555810942627764467245810598277119141113742608011841983463944410469867424643313675310062597234983157066538572943899435	0	0,0,0,0,0,0,0,0,0,0,0,0		ok
-1.915916	-51.991992	-65.044331	0.448931	continued:5	37382954118278832773895244218236686338908646550437400502358118064530753024550062640906067170928616739335301863382037085201145976272239453658981262846128190508219395966448887917209180943430756816343660564752246587817144249698118611074911061187626140754429306578884898095116510555810942627764467245810598277119141113742608011841983463944410469867424643313675310062597234983157066538572943899435	0	0,0,0,0,0,0,0,0,0,0,0,0		ok
-1.911912	-51.991992	-65.082685	0.451725	continued:5	37382954118278832773895244218236686338908646550437400502358118064530753024550062640906067170928616739335301863382037085201145976272239453658981262846128190508219395966448887917209180943430756816343660564752246587817144249698118611074911061187626140754429306578884898095116510555810942627764467245810598277119141113742608011841983463944410469867424643313675310062597234983157066538572943899435	0	0,0,0,0,0,0,0,0,0,0,0,0		ok
-1.907908	-51.991992	-65.120021	0.454518	continued:5	37382954118278832773895244218236686338908646550437400502358118064530753024550062640906067170928616739335301863382037085201145976272239453658981262846128190508219395966448887917209180943430756816343660564752246587817144249698118611074911061187626140754429306578884898095116510555810942627764467245810598277119141113742608011841983463944410469867424643313675310062597234983157066538572943899435	0	0,0,0,0,0,0,0,0,0,0,0,0		ok
-1.903904	-51.991992	-65.156016	0.457311	continued:5	37382954118278832773895244218236686338908646550437400502358118064530753024550062640906067170928616739335301863382037085201145976272239453658981262846128190508219395966448887917209180943430756816343660564752246587817144249698118611074911061187626140754429306578884898095116510555810942627764467245810598277119141113742608011841983463944410469867424643313675310062597234983157066538572943899435	0	0,0,0,0,0,0,0,0,0,0,0,0		ok
-1.899900	-51.991992	-65.190026	0.460105	continued:5	37382954118278832773895244218236686338908646550437400502358118064530753024550062640906067170928616739335301863382037085201145976272239453658981262846128190508219395966448887917209180943430756816343660564752246587817144249698118611074911061187626140754429306578884898095116510555810942627764467245810598277119141113742608011841983463944410469867424643313675310062597234983157066538572943899435	0	0,0,0,0,0,0,0,0,0,0,0,0		ok
-1.895896	-51.991992	-65.220789	0.462898	continued:5	37382954118278832773895244218236686338908646550437400502358118064530753024550062640906067170928616739335301863382037085201145976272239453658981262846128190508219395966448887917209180943430756816343660564752246587817144249698118611074911061187626140754429306578884898095116510555810942627764467245810598277119141113742608011841983463944410469867424643313675310062597234983157066538572943899435	0	0,0,0,0,0,0,0,0,0,0,0,0		ok
-1.891892	-51.991992	-65.245840	0.465691	continued:5	37382954118278832773895244218236686338908646550437400502358118064530753024550062640906067170928616739335301863382037085201145976272239453658981262846128190508219395966448887917209180943430756816343660564752246587817144249698118611074911061187626140754429306578884898095116510555810942627764467245810598277119141113742608011841983463944410469867424643313675310062597234983157066538572943899435	0	0,0,0,0,0,0,0,0,0,0,0,0		ok
-1.887888	-51.991992	-65.260366	0.468485	continued:5	37382954118278832773895244218236686338908646550437400502358118064530753024550062640906067170928616739335301863382037085201145976272239453658981262846128190508219395966448887917209180943430756816343660564752246587817144249698118611074911061187626140754429306578884898095116510555810942627764467245810598277119141113742608011841983463944410469867424643313675310062597234983157066538572943899435	0	0,0,0,0,0,0,0,0,0,0,0,0		ok
-1.883884	-51.991992	-65.255011	0.471278	continued:5	37382954118278832773895244218236686338908646550437400502358118064530753024550062640906067170928616739335301863382037085201145976272239453658981262846128190508219395966448887917209180943430756816343660564752246587817144249698118611074911061187626140754429306578884898095116510555810942627764467245810598277119141113742608011841983463944410469867424643313675310062597234983157066538572943899435	0	0,0,0,0,0,0,0,0,0,0,0,0		ok
-1.879880	-51.991992	-65.211766	0.474071	continued:5	37382954118278832773895244218236686338908646550437400502358118064530753024550062640906067170928616739335301863382037085201145976272239453658981262846128190508219395966448887917209180943430756816343660564752246587817144249698118611074911061187626140754429306578884898095116510555810942627764467245810598277119141113742608011841983463944410469867424643313675310062597234983157066538572943899435	0	0,0,0,0,0,0,0,0,0,0,0,0		ok
-1.875876	-51.991992	-65.096725	0.474780	continued:5	37382954118278832773895244218236686338908646550437400502358118064530753024550062640906067170928616739335301863382037085201145976272239453658981262846128190508219395966448887917209180943430756816343660564752246587817144249698118611074911061187626140754429306578884898095116510555810942627764467245810598277119141113742608011841983463944410469867424643313675310062597234983157066538572943899435	0	0,0,0,0,0,0,0,0,0,0,0,0		ok
-1.871872	-51.991992	-64.869896	0.477573	continued:5	37382954118278832773895244218236686338908646550437400502358118064530753024550062640906067170928616739335301863382037085201145976272239453658981262846128190508219395966448887917209180943430756816343660564752246587817144249698118611074911061187626140754429306578884898095116510555810942627764467245810598277119141113742608011841983463944410469867424643313675310062597234983157066538572943899435	0	0,0,0,0,0,0,0,0,0,0,0,0		ok
-1.867868	-51.991992	-64.426658	0.480366	continued:5	37382954118278832773895244218236686338908646550437400502358118064530753024550062640906067170928616739335301863382037085201145976272239453658981262846128190508219395966448887917209180943430756816343660564752246587817144249698118611074911061187626140754429306578884898095116510555810942627764467245810598277119141113742608011841983463944410469867424643313675310062597234983157066538572943899435	0	0,0,0,0,0,0,0,0,0,0,0,0		ok
-1.863864	-51.991992	-63.637568	0.483160	continued:5	37382954118278832773895244218236686338908646550437400502358118064530753024550062640906067170928616739335301863382037085201145976272239453658981262846128190508219395966448887917209180943430756816343660564752246587817144249698118611074911061187626140754429306578884898095116510555810942627764467245810598277119141113742608011841983463944410469867424643313675310062597234983157066538572943899435	0	0,0,0,0,0,0,0,0,0,0,0,0		ok
-1.859860	-51.991992	-62.377984	0.485953	continued:5	37382954118278832773895244218236686338908646550437400502358118064530753024550062640906067170928616739335301863382037085201145976272239453658981262846128190508219395966448887917209180943430756816343660564752246587817144249698118611074911061187626140754429306578884898095116510555810942627764467245810598277119141113742608011841983463944410469867424643313675310062597234983157066538572943899435	0	0,0,0,0,0,0,0,0,0,0,0,0		ok
-1.855856	-51.991992	-60.615198	0.488746	continued:5	37382954118278832773895244218236686338908646550437400502358118064530753024550062640906067170928616739335301863382037085201145976272239453658981262846128190508219395966448887917209180943430756816343660564752246587817144249698118611074911061187626140754429306578884898095116510555810942627764467245810598277119141113742608011841983463944410469867424643313675310062597234983157066538572943899435	0	0,0,0,0,0,0,0,0,0,0,0,0		ok
-1.851852	-51.991992	-58.464526	0.491540	continued:5	37382954118278832773895244218236686338908646550437400502358118064530753024550062640906067170928616739335301863382037085201145976272239453658981262846128190508219395966448887917209180943430756816343660564752246587817144249698118611074911061187626140754429306578884898095116510555810942627764467245810598277119141113742608011841983463944410469867424643313675310062597234983157066538572943899435	0	0,0,0,0,0,0,0,0,0,0,0,0		ok
-1.847848	-51.991992	-56.146741	0.494333	continued:5	37382954118278832773895244218236686338908646550437400502358118064530753024550062640906067170928616739335301863382037085201145976272239453658981262846128190508219395966448887917209180943430756816343660564752246587817144249698118611074911061187626140754429306578884898095116510555810942627764467245810598277119141113742608011841983463944410469867424643313675310062597234983157066538572943899435	0	0,0,0,0,0,0,0,0,0,0,0,0		ok
-1.843844	-51.991992	-54.164245	0.497126	full	0	0			ok
-1.839840	-51.991992								error: Could not locate the first local maximum of the reduced return map.
-1.835836	-51.991992								error: Could not locate the first local maximum of the reduced return map.
-1.831832	-51.991992								error: Could not locate the first local maximum of the reduced return map.
-1.827828	-51.991992								error: Could not locate the first local maximum of the reduced return map.
-1.823824	-51.991992								error: Could not locate the first local maximum of the reduced return map.
-1.819820	-51.991992								error: Could not locate the first local maximum of the reduced return map.
-1.815816	-51.991992								error: Could not locate the first local maximum of the reduced return map.
-1.811812	-51.991992								error: Could not locate the first local maximum of the reduced return map.
-1.807808	-51.991992								error: Could not locate the first local maximum of the reduced return map.
-1.803804	-51.991992								error: Could not locate the first local maximum of the reduced return map.
-1.799800	-51.991992								error: Could not locate the first local maximum of the reduced return map.
-1.795796	-51.991992								error: Could not locate the first local maximum of the reduced return map.
-1.791792	-51.991992								error: Could not locate the first local maximum of the reduced return map.
-1.787788	-51.991992								error: Could not locate the first local maximum of the reduced return map.
-1.783784	-51.991992								error: Could not locate the first local maximum of the reduced return map.
-1.779780	-51.991992								error: Could not locate the first local maximum of the reduced return map.
-1.775776	-51.991992								error: Could not locate the first local maximum of the reduced return map.
-1.771772	-51.991992								error: Could not locate the first local maximum of the reduced return map.
-1.767768	-51.991992								error: Could not locate the first local maximum of the reduced return map.
-1.763764	-51.991992								error: Could not locate the first local maximum of the reduced return map.
-1.759760	-51.991992								error: Could not locate the first local maximum of the reduced return map.
-1.755756	-51.991992								error: Could not locate the first local maximum of the reduced return map.
-1.751752	-51.991992								error: Could not locate the first local maximum of the reduced return map.
-1.747748	-51.991992								error: Could not locate the first local maximum of the reduced return map.
-1.743744	-51.991992								error: Could not locate the first local maximum of the reduced return map.
-1.739740	-51.991992								error: Could not locate the first local maximum of the reduced return map.
-1.735736	-51.991992								error: Could not locate the first local maximum of the reduced return map.
-1.731732	-51.991992								error: Could not locate the first local maximum of the reduced return map.
-1.727728	-51.991992								error: Could not locate the first local maximum of the reduced return map.
-1.723724	-51.991992								error: Could not locate the first local maximum of the reduced return map.
-1.719720	-51.991992								error: Could not locate the first local maximum of the reduced return map.
-1.715716	-51.991992								error: Could not locate the first local maximum of the reduced return map.
-1.711712	-51.991992								error: Could not locate the first local maximum of the reduced return map.
-1.707708	-51.991992								error: Could not locate the first local maximum of the reduced return map.
-1.703704	-51.991992								error: Could not locate the first local maximum of the reduced return map.
-1.699700	-51.991992								error: Could not locate the first local maximum of the reduced return map.
-1.695696	-51.991992								error: Could not locate the first local maximum of the reduced return map.
-1.691692	-51.991992								error: Could not locate the first local maximum of the reduced return map.
-1.687688	-51.991992								error: Could not locate the first local maximum of the reduced return map.
-1.683684	-51.991992								error: Could not locate the first local maximum of the reduced return map.
-1.679680	-51.991992								error: Could not locate the first local maximum of the reduced return map.
-1.675676	-51.991992								error: Could not locate the first local maximum of the reduced return map.
-1.671672	-51.991992								error: Could not locate the first local maximum of the reduced return map.
-1.667668	-51.991992								error: Could not locate the first local maximum of the reduced return map.
-1.663664	-51.991992								error: Could not locate the first local maximum of the reduced return map.
-1.659660	-51.991992								error: Could not locate the first local maximum of the reduced return map.
-1.655656	-51.991992								error: Could not locate the first local maximum of the reduced return map.
-1.651652	-51.991992								error: Could not locate the first local maximum of the reduced return map.
-1.647648	-51.991992								error: Could not locate the first local maximum of the reduced return map.
-1.643644	-51.991992								error: Could not locate the first local maximum of the reduced return map.
-1.639640	-51.991992								error: Could not locate the first local maximum of the reduced return map.
-1.635636	-51.991992								error: Could not locate the first local maximum of the reduced return map.
-1.631632	-51.991992								error: Could not locate the first local maximum of the reduced return map.
-1.627628	-51.991992								error: Could not locate the first local maximum of the reduced return map.
-1.623624	-51.991992								error: Could not locate the first local maximum of the reduced return map.
-1.619620	-51.991992								error: Could not locate the first local maximum of the reduced return map.
-1.615616	-51.991992								error: Could not locate the first local maximum of the reduced return map.
-1.611612	-51.991992								error: Could not locate the first local maximum of the reduced return map.
-1.607608	-51.991992								error: Could not locate the first local maximum of the reduced return map.
-1.603604	-51.991992								error: Could not locate the first local maximum of the reduced return map.
-1.599600	-51.991992								error: Could not locate the first local maximum of the reduced return map.
-1.595596	-51.991992								error: Could not locate the first local maximum of the reduced return map.
-1.591592	-51.991992								error: Could not locate the first local maximum of the reduced return map.
-1.587588	-51.991992								error: Could not locate the first local maximum of the reduced return map.
-1.583584	-51.991992								error: Could not locate the first local maximum of the reduced return map.
-1.579580	-51.991992								error: Could not locate the first local maximum of the reduced return map.
-1.575576	-51.991992								error: Could not locate the first local maximum of the reduced return map.
-1.571572	-51.991992								error: Could not locate the first local maximum of the reduced return map.
-1.567568	-51.991992								error: Could not locate the first local maximum of the reduced return map.
-1.563564	-51.991992								error: Could not locate the first local maximum of the reduced return map.
-1.559560	-51.991992								error: Could not locate the first local maximum of the reduced return map.
-1.555556	-51.991992								error: Could not locate the first local maximum of the reduced return map.
-1.551552	-51.991992								error: Could not locate the first local maximum of the reduced return map.
-1.547548	-51.991992								error: Could not locate the first local maximum of the reduced return map.
-1.543544	-51.991992								error: Could not locate the first local maximum of the reduced return map.
-1.539540	-51.991992								error: Could not locate the first local maximum of the reduced return map.
-1.535536	-51.991992								error: Could not locate the first local maximum of the reduced return map.
-1.531532	-51.991992								error: Could not locate the first local maximum of the reduced return map.
-1.527528	-51.991992								error: Could not locate the first local maximum of the reduced return map.
-1.523524	-51.991992								error: Could not locate the first local maximum of the reduced return map.
-1.519520	-51.991992								error: Could not locate the first local maximum of the reduced return map.
-1.515516	-51.991992								error: Could not locate the first local maximum of the reduced return map.
-1.511512	-51.991992								error: Could not locate the first local maximum of the reduced return map.
-1.507508	-51.991992								error: Could not locate the first local maximum of the reduced return map.
-1.503504	-51.991992								error: Could not locate the first local maximum of the reduced return map.
-1.499499	-51.991992								error: Could not locate the first local maximum of the reduced return map.
-1.495495	-51.991992								error: Could not locate the first local maximum of the reduced return map.
-1.491491	-51.991992								error: Could not locate the first local maximum of the reduced return map.
-1.487487	-51.991992								error: Could not locate the first local maximum of the reduced return map.
-1.483483	-51.991992								error: Could not locate the first local maximum of the reduced return map.
-1.479479	-51.991992								error: Could not locate the first local maximum of the reduced return map.
-1.475475	-51.991992								error: Could not locate the first local maximum of the reduced return map.
-1.471471	-51.991992								error: Could not locate the first local maximum of the reduced return map.
-1.467467	-51.991992								error: Could not locate the first local maximum of the reduced return map.
-1.463463	-51.991992								error: Could not locate the first local maximum of the reduced return map.
-1.459459	-51.991992								error: Could not locate the first local maximum of the reduced return map.
-1.455455	-51.991992								error: Could not locate the first local maximum of the reduced return map.
-1.451451	-51.991992								error: Could not locate the first local maximum of the reduced return map.
-1.447447	-51.991992								error: Could not locate the first local maximum of the reduced return map.
-1.443443	-51.991992								error: Could not locate the first local maximum of the reduced return map.
-1.439439	-51.991992								error: Could not locate the first local maximum of the reduced return map.
-1.435435	-51.991992								error: Could not locate the first local maximum of the reduced return map.
-1.431431	-51.991992								error: Could not locate the first local maximum of the reduced return map.
-1.427427	-51.991992								error: Could not locate the first local maximum of the reduced return map.
-1.423423	-51.991992								error: Could not locate the first local maximum of the reduced return map.
-1.419419	-51.991992								error: Could not locate the first local maximum of the reduced return map.
-1.415415	-51.991992								error: Could not locate the first local maximum of the reduced return map.
-1.411411	-51.991992								error: Could not locate the first local maximum of the reduced return map.
-1.407407	-51.991992								error: Could not locate the first local maximum of the reduced return map.
-1.403403	-51.991992								error: Could not locate the first local maximum of the reduced return map.
-1.399399	-51.991992								error: Could not locate the first local maximum of the reduced return map.
-1.395395	-51.991992								error: Could not locate the first local maximum of the reduced return map.
-1.391391	-51.991992								error: Could not locate the first local maximum of the reduced return map.
-1.387387	-51.991992								error: Could not locate the first local maximum of the reduced return map.
-1.383383	-51.991992								error: Could not locate the first local maximum of the reduced return map.
-1.379379	-51.991992								error: Could not locate the first local maximum of the reduced return map.
-1.375375	-51.991992								error: Could not locate the first local maximum of the reduced return map.
-1.371371	-51.991992								error: Could not locate the first local maximum of the reduced return map.
-1.367367	-51.991992								error: Could not locate the first local maximum of the reduced return map.
-1.363363	-51.991992								error: Could not locate the first local maximum of the reduced return map.
-1.359359	-51.991992								error: Could not locate the first local maximum of the reduced return map.
-1.355355	-51.991992								error: Could not locate the first local maximum of the reduced return map.
-1.351351	-51.991992								error: Could not locate the first local maximum of the reduced return map.
-1.347347	-51.991992								error: Could not locate the first local maximum of the reduced return map.
-1.343343	-51.991992								error: Could not locate the first local maximum of the reduced return map.
-1.339339	-51.991992								error: Could not locate the first local maximum of the reduced return map.
-1.335335	-51.991992								error: Could not locate the first local maximum of the reduced return map.
-1.331331	-51.991992								error: Could not locate the first local maximum of the reduced return map.
-1.327327	-51.991992								error: Could not locate the first local maximum of the reduced return map.
-1.323323	-51.991992								error: Could not locate the first local maximum of the reduced return map.
-1.319319	-51.991992								error: Could not locate the first local maximum of the reduced return map.
-1.315315	-51.991992								error: Could not locate the first local maximum of the reduced return map.
-1.311311	-51.991992								error: Could not locate the first local maximum of the reduced return map.
-1.307307	-51.991992								error: Could not locate the first local maximum of the reduced return map.
-1.303303	-51.991992								error: Could not locate the first local maximum of the reduced return map.
-1.299299	-51.991992								error: Could not locate the first local maximum of the reduced return map.
-1.295295	-51.991992								error: Could not locate the first local maximum of the reduced return map.
-1.291291	-51.991992								error: Could not locate the first local maximum of the reduced return map.
-1.287287	-51.991992								error: Could not locate the first local maximum of the reduced return map.
-1.283283	-51.991992								error: Could not locate the first local maximum of the reduced return map.
-1.279279	-51.991992								error: Could not locate the first local maximum of the reduced return map.
-1.275275	-51.991992								error: Could not locate the first local maximum of the reduced return map.
-1.271271	-51.991992								error: Could not locate the first local maximum of the reduced return map.
-1.267267	-51.991992								error: Could not locate the first local maximum of the reduced return map.
-1.263263	-51.991992								error: Could not locate the first local maximum of the reduced return map.
-1.259259	-51.991992								error: Could not locate the first local maximum of the reduced return map.
-1.255255	-51.991992								error: Could not locate the first local maximum of the reduced return map.
-1.251251	-51.991992								error: Could not locate the first local maximum of the reduced return map.
-1.247247	-51.991992								error: Could not locate the first local maximum of the reduced return map.
-1.243243	-51.991992								error: Could not locate the first local maximum of the reduced return map.
-1.239239	-51.991992								error: Could not locate the first local maximum of the reduced return map.
-1.235235	-51.991992								error: Could not locate the first local maximum of the reduced return map.
-1.231231	-51.991992								error: Could not locate the first local maximum of the reduced return map.
-1.227227	-51.991992								error: Could not locate the first local maximum of the reduced return map.
-1.223223	-51.991992								error: Could not locate the first local maximum of the reduced return map.
-1.219219	-51.991992								error: Could not locate the first local maximum of the reduced return map.
-1.215215	-51.991992								error: Could not locate the first local maximum of the reduced return map.
-1.211211	-51.991992								error: Could not locate the first local maximum of the reduced return map.
-1.207207	-51.991992								error: Could not locate the first local maximum of the reduced return map.
-1.203203	-51.991992								error: Could not locate the first local maximum of the reduced return map.
-1.199199	-51.991992								error: Could not locate the first local maximum of the reduced return map.
-1.195195	-51.991992								error: Could not locate the first local maximum of the reduced return map.
-1.191191	-51.991992								error: Could not locate the first local maximum of the reduced return map.
-1.187187	-51.991992								error: Could not locate the first local maximum of the reduced return map.
-1.183183	-51.991992								error: Could not locate the first local maximum of the reduced return map.
-1.179179	-51.991992								error: Could not locate the first local maximum of the reduced return map.
-1.175175	-51.991992								error: Could not locate the first local maximum of the reduced return map.
-1.171171	-51.991992								error: Could not locate the first local maximum of the reduced return map.
-1.167167	-51.991992								error: Could not locate the first local maximum of the reduced return map.
-1.163163	-51.991992								error: Could not locate the first local maximum of the reduced return map.
-1.159159	-51.991992								error: Could not locate the first local maximum of the reduced return map.
-1.155155	-51.991992								error: Could not locate the first local maximum of the reduced return map.
-1.151151	-51.991992								error: Could not locate the first local maximum of the reduced return map.
-1.147147	-51.991992								error: Could not locate the first local maximum of the reduced return map.
-1.143143	-51.991992								error: Could not locate the first local maximum of the reduced return map.
-1.139139	-51.991992								error: Could not locate the first local maximum of the reduced return map.
-1.135135	-51.991992								error: Could not locate the first local maximum of the reduced return map.
-1.131131	-51.991992								error: Could not locate the first local maximum of the reduced return map.
-1.127127	-51.991992								error: Could not locate the first local maximum of the reduced return map.
-1.123123	-51.991992								error: Could not locate the first local maximum of the reduced return map.
-1.119119	-51.991992								error: Could not locate the first local maximum of the reduced return map.
-1.115115	-51.991992								error: Could not locate the first local maximum of the reduced return map.
-1.111111	-51.991992								error: Could not locate the first local maximum of the reduced return map.
-1.107107	-51.991992								error: Could not locate the first local maximum of the reduced return map.
-1.103103	-51.991992								error: Could not locate the first local maximum of the reduced return map.
-1.099099	-51.991992								error: Could not locate the first local maximum of the reduced return map.
-1.095095	-51.991992								error: Could not locate the first local maximum of the reduced return map.
-1.091091	-51.991992								error: Could not locate the first local maximum of the reduced return map.
-1.087087	-51.991992								error: Could not locate the first local maximum of the reduced return map.
-1.083083	-51.991992								error: Could not locate the first local maximum of the reduced return map.
-1.079079	-51.991992								error: Could not locate the first local maximum of the reduced return map.
-1.075075	-51.991992								error: Could not locate the first local maximum of the reduced return map.
-1.071071	-51.991992								error: Could not locate the first local maximum of the reduced return map.
-1.067067	-51.991992								error: Could not locate the first local maximum of the reduced return map.
-1.063063	-51.991992								error: Could not locate the first local maximum of the reduced return map.
-1.059059	-51.991992								error: Could not locate the first local maximum of the reduced return map.
-1.055055	-51.991992								error: Could not locate the first local maximum of the reduced return map.
-1.051051	-51.991992								error: Could not locate the first local maximum of the reduced return map.
-1.047047	-51.991992								error: Could not locate the first local maximum of the reduced return map.
-1.043043	-51.991992								error: Could not locate the first local maximum of the reduced return map.
-1.039039	-51.991992								error: Could not locate the first local maximum of the reduced return map.
-1.035035	-51.991992								error: Could not locate the first local maximum of the reduced return map.
-1.031031	-51.991992								error: Could not locate the first local maximum of the reduced return map.
-1.027027	-51.991992								error: Could not locate the first local maximum of the reduced return map.
-1.023023	-51.991992								error: Could not locate the first local maximum of the reduced return map.
-1.019019	-51.991992								error: Could not locate the first local maximum of the reduced return map.
-1.015015	-51.991992								error: Could not locate the first local maximum of the reduced return map.
-1.011011	-51.991992								error: Could not locate the first local maximum of the reduced return map.
-1.007007	-51.991992								error: Could not locate the first local maximum of the reduced return map.
-1.003003	-51.991992								error: Could not locate the first local maximum of the reduced return map.
-0.998999	-51.991992								error: Could not locate the first local maximum of the reduced return map.
-0.994995	-51.991992								error: Could not locate the first local maximum of the reduced return map.
-0.990991	-51.991992								error: Could not locate the first local maximum of the reduced return map.
-0.986987	-51.991992								error: Could not locate the first local maximum of the reduced return map.
-0.982983	-51.991992								error: Could not locate the first local maximum of the reduced return map.
-0.978979	-51.991992								error: Could not locate the first local maximum of the reduced return map.
-0.974975	-51.991992								error: Could not locate the first local maximum of the reduced return map.
-0.970971	-51.991992								error: Could not locate the first local maximum of the reduced return map.
-0.966967	-51.991992								error: Could not locate the first local maximum of the reduced return map.
-0.962963	-51.991992								error: Could not locate the first local maximum of the reduced return map.
-0.958959	-51.991992								error: Could not locate the first local maximum of the reduced return map.
-0.954955	-51.991992								error: Could not locate the first local maximum of the reduced return map.
-0.950951	-51.991992								error: Could not locate the first local maximum of the reduced return map.
-0.946947	-51.991992								error: Could not locate the first local maximum of the reduced return map.
-0.942943	-51.991992								error: Could not locate the first local maximum of the reduced return map.
-0.938939	-51.991992								error: Could not locate the first local maximum of the reduced return map.
-0.934935	-51.991992								error: Could not locate the first local maximum of the reduced return map.
-0.930931	-51.991992								error: Could not locate the first local maximum of the reduced return map.
-0.926927	-51.991992								error: Could not locate the first local maximum of the reduced return map.
-0.922923	-51.991992								error: Could not locate the first local maximum of the reduced return map.
-0.918919	-51.991992								error: Could not locate the first local maximum of the reduced return map.
-0.914915	-51.991992								error: Could not locate the first local maximum of the reduced return map.
-0.910911	-51.991992								error: Could not locate the first local maximum of the reduced return map.
-0.906907	-51.991992								error: Could not locate the first local maximum of the reduced return map.
-0.902903	-51.991992								error: Could not locate the first local maximum of the reduced return map.
-0.898899	-51.991992								error: Could not locate the first local maximum of the reduced return map.
-0.894895	-51.991992								error: Could not locate the first local maximum of the reduced return map.
-0.890891	-51.991992								error: Could not locate the first local maximum of the reduced return map.
-0.886887	-51.991992								error: Could not locate the first local maximum of the reduced return map.
-0.882883	-51.991992								error: Could not locate the first local maximum of the reduced return map.
-0.878879	-51.991992								error: Could not locate the first local maximum of the reduced return map.
-0.874875	-51.991992								error: Could not locate the first local maximum of the reduced return map.
-0.870871	-51.991992								error: Could not locate the first local maximum of the reduced return map.
-0.866867	-51.991992								error: Could not locate the first local maximum of the reduced return map.
-0.862863	-51.991992								error: Could not locate the first local maximum of the reduced return map.
-0.858859	-51.991992								error: Could not locate the first local maximum of the reduced return map.
-0.854855	-51.991992								error: Could not locate the first local maximum of the reduced return map.
-0.850851	-51.991992								error: Could not locate the first local maximum of the reduced return map.
-0.846847	-51.991992								error: Could not locate the first local maximum of the reduced return map.
-0.842843	-51.991992								error: Could not locate the first local maximum of the reduced return map.
-0.838839	-51.991992								error: Could not locate the first local maximum of the reduced return map.
-0.834835	-51.991992								error: Could not locate the first local maximum of the reduced return map.
-0.830831	-51.991992								error: Could not locate the first local maximum of the reduced return map.
-0.826827	-51.991992								error: Could not locate the first local maximum of the reduced return map.
-0.822823	-51.991992								error: Could not locate the first local maximum of the reduced return map.
-0.818819	-51.991992								error: Could not locate the first local maximum of the reduced return map.
-0.814815	-51.991992								error: Could not locate the first local maximum of the reduced return map.
-0.810811	-51.991992								error: Could not locate the first local maximum of the reduced return map.
-0.806807	-51.991992								error: Could not locate the first local maximum of the reduced return map.
-0.802803	-51.991992								error: Could not locate the first local maximum of the reduced return map.
-0.798799	-51.991992								error: Could not locate the first local maximum of the reduced return map.
-0.794795	-51.991992								error: Could not locate the first local maximum of the reduced return map.
-0.790791	-51.991992								error: Could not locate the first local maximum of the reduced return map.
-0.786787	-51.991992								error: Could not locate the first local maximum of the reduced return map.
-0.782783	-51.991992								error: Could not locate the first local maximum of the reduced return map.
-0.778779	-51.991992								error: Could not locate the first local maximum of the reduced return map.
-0.774775	-51.991992								error: Could not locate the first local maximum of the reduced return map.
-0.770771	-51.991992								error: Could not locate the first local maximum of the reduced return map.
-0.766767	-51.991992								error: Could not locate the first local maximum of the reduced return map.
-0.762763	-51.991992								error: Could not locate the first local maximum of the reduced return map.
-0.758759	-51.991992								error: Could not locate the first local maximum of the reduced return map.
-0.754755	-51.991992								error: Could not locate the first local maximum of the reduced return map.
-0.750751	-51.991992								error: Could not locate the first local maximum of the reduced return map.
-0.746747	-51.991992								error: Could not locate the first local maximum of the reduced return map.
-0.742743	-51.991992								error: Could not locate the first local maximum of the reduced return map.
-0.738739	-51.991992								error: Could not locate the first local maximum of the reduced return map.
-0.734735	-51.991992								error: Could not locate the first local maximum of the reduced return map.
-0.730731	-51.991992								error: Could not locate the first local maximum of the reduced return map.
-0.726727	-51.991992								error: Could not locate the first local maximum of the reduced return map.
-0.722723	-51.991992								error: Could not locate the first local maximum of the reduced return map.
-0.718719	-51.991992								error: Could not locate the first local maximum of the reduced return map.
-0.714715	-51.991992								error: Could not locate the first local maximum of the reduced return map.
-0.710711	-51.991992								error: Could not locate the first local maximum of the reduced return map.
-0.706707	-51.991992								error: Could not locate the first local maximum of the reduced return map.
-0.702703	-51.991992								error: Could not locate the first local maximum of the reduced return map.
-0.698699	-51.991992								error: Could not locate the first local maximum of the reduced return map.
-0.694695	-51.991992								error: Could not locate the first local maximum of the reduced return map.
-0.690691	-51.991992								error: Could not locate the first local maximum of the reduced return map.
-0.686687	-51.991992								error: Could not locate the first local maximum of the reduced return map.
-0.682683	-51.991992								error: Could not locate the first local maximum of the reduced return map.
-0.678679	-51.991992								error: Could not locate the first local maximum of the reduced return map.
-0.674675	-51.991992								error: Could not locate the first local maximum of the reduced return map.
-0.670671	-51.991992								error: Could not locate the first local maximum of the reduced return map.
-0.666667	-51.991992								error: Could not locate the first local maximum of the reduced return map.
-0.662663	-51.991992								error: Could not locate the first local maximum of the reduced return map.
-0.658659	-51.991992								error: Could not locate the first local maximum of the reduced return map.
-0.654655	-51.991992								error: Could not locate the first local maximum of the reduced return map.
-0.650651	-51.991992								error: Could not locate the first local maximum of the reduced return map.
-0.646647	-51.991992								error: Could not locate the first local maximum of the reduced return map.
-0.642643	-51.991992								error: Could not locate the first local maximum of the reduced return map.
-0.638639	-51.991992								error: Could not locate the first local maximum of the reduced return map.
-0.634635	-51.991992								error: Could not locate the first local maximum of the reduced return map.
-0.630631	-51.991992								error: Could not locate the first local maximum of the reduced return map.
-0.626627	-51.991992								error: Could not locate the first local maximum of the reduced return map.
-0.622623	-51.991992								error: Could not locate the first local maximum of the reduced return map.
-0.618619	-51.991992								error: Could not locate the first local maximum of the reduced return map.
-0.614615	-51.991992								error: Could not locate the first local maximum of the reduced return map.
-0.610611	-51.991992								error: Could not locate the first local maximum of the reduced return map.
-0.606607	-51.991992								error: Could not locate the first local maximum of the reduced return map.
-0.602603	-51.991992								error: Could not locate the first local maximum of the reduced return map.
-0.598599	-51.991992								error: Could not locate the first local maximum of the reduced return map.
-0.594595	-51.991992								error: Could not locate the first local maximum of the reduced return map.
-0.590591	-51.991992								error: Could not locate the first local maximum of the reduced return map.
-0.586587	-51.991992								error: Could not locate the first local maximum of the reduced return map.
-0.582583	-51.991992								error: Could not locate the first local maximum of the reduced return map.
-0.578579	-51.991992								error: Could not locate the first local maximum of the reduced return map.
-0.574575	-51.991992								error: Could not locate the first local maximum of the reduced return map.
-0.570571	-51.991992								error: Could not locate the first local maximum of the reduced return map.
-0.566567	-51.991992								error: Could not locate the first local maximum of the reduced return map.
-0.562563	-51.991992								error: Could not locate the first local maximum of the reduced return map.
-0.558559	-51.991992								error: Could not locate the first local maximum of the reduced return map.
-0.554555	-51.991992								error: Could not locate the first local maximum of the reduced return map.
-0.550551	-51.991992								error: Could not locate the first local maximum of the reduced return map.
-0.546547	-51.991992								error: Could not locate the first local maximum of the reduced return map.
-0.542543	-51.991992								error: Could not locate the first local maximum of the reduced return map.
-0.538539	-51.991992								error: Could not locate the first local maximum of the reduced return map.
-0.534535	-51.991992								error: Could not locate the first local maximum of the reduced return map.
-0.530531	-51.991992								error: Could not locate the first local maximum of the reduced return map.
-0.526527	-51.991992								error: Could not locate the first local maximum of the reduced return map.
-0.522523	-51.991992								error: Could not locate the first local maximum of the reduced return map.
-0.518519	-51.991992								error: Could not locate the first local maximum of the reduced return map.
-0.514515	-51.991992								error: Could not locate the first local maximum of the reduced return map.
-0.510511	-51.991992								error: Could not locate the first local maximum of the reduced return map.
-0.506507	-51.991992								error: Could not locate the first local maximum of the reduced return map.
-0.502503	-51.991992								error: Could not locate the first local maximum of the reduced return map.
-0.498498	-51.991992								error: Could not locate the first local maximum of the reduced return map.
-0.494494	-51.991992								error: Could not locate the first local maximum of the reduced return map.
-0.490490	-51.991992								error: Could not locate the first local maximum of the reduced return map.
-0.486486	-51.991992								error: Could not locate the first local maximum of the reduced return map.
-0.482482	-51.991992								error: Could not locate the first local maximum of the reduced return map.
-0.478478	-51.991992								error: Could not locate the first local maximum of the reduced return map.
-0.474474	-51.991992								error: Could not locate the first local maximum of the reduced return map.
-0.470470	-51.991992								error: Could not locate the first local maximum of the reduced return map.
-0.466466	-51.991992								error: Could not locate the first local maximum of the reduced return map.
-0.462462	-51.991992								error: Could not locate the first local maximum of the reduced return map.
-0.458458	-51.991992								error: Could not locate the first local maximum of the reduced return map.
-0.454454	-51.991992								error: Could not locate the first local maximum of the reduced return map.
-0.450450	-51.991992								error: Could not locate the first local maximum of the reduced return map.
-0.446446	-51.991992								error: Could not locate the first local maximum of the reduced return map.
-0.442442	-51.991992								error: Could not locate the first local maximum of the reduced return map.
-0.438438	-51.991992								error: Could not locate the first local maximum of the reduced return map.
-0.434434	-51.991992								error: Could not locate the first local maximum of the reduced return map.
-0.430430	-51.991992								error: Could not locate the first local maximum of the reduced return map.
-0.426426	-51.991992								error: Could not locate the first local maximum of the reduced return map.
-0.422422	-51.991992								error: Could not locate the first local maximum of the reduced return map.
-0.418418	-51.991992								error: Could not locate the first local maximum of the reduced return map.
-0.414414	-51.991992								error: Could not locate the first local maximum of the reduced return map.
-0.410410	-51.991992								error: Could not locate the first local maximum of the reduced return map.
-0.406406	-51.991992								error: Could not locate the first local maximum of the reduced return map.
-0.402402	-51.991992								error: Could not locate the first local maximum of the reduced return map.
-0.398398	-51.991992								error: Could not locate the first local maximum of the reduced return map.
-0.394394	-51.991992								error: Could not locate the first local maximum of the reduced return map.
-0.390390	-51.991992								error: Could not locate the first local maximum of the reduced return map.
-0.386386	-51.991992								error: Could not locate the first local maximum of the reduced return map.
-0.382382	-51.991992								error: Could not locate the first local maximum of the reduced return map.
-0.378378	-51.991992								error: Could not locate the first local maximum of the reduced return map.
-0.374374	-51.991992								error: Could not locate the first local maximum of the reduced return map.
-0.370370	-51.991992								error: Could not locate the first local maximum of the reduced return map.
-0.366366	-51.991992								error: Could not locate the first local maximum of the reduced return map.
-0.362362	-51.991992								error: Could not locate the first local maximum of the reduced return map.
-0.358358	-51.991992								error: Could not locate the first local maximum of the reduced return map.
-0.354354	-51.991992								error: Could not locate the first local maximum of the reduced return map.
-0.350350	-51.991992								error: Could not locate the first local maximum of the reduced return map.
-0.346346	-51.991992								error: Could not locate the first local maximum of the reduced return map.
-0.342342	-51.991992								error: Could not locate the first local maximum of the reduced return map.
-0.338338	-51.991992								error: Could not locate the first local maximum of the reduced return map.
-0.334334	-51.991992								error: Could not locate the first local maximum of the reduced return map.
-0.330330	-51.991992								error: Could not locate the first local maximum of the reduced return map.
-0.326326	-51.991992								error: Could not locate the first local maximum of the reduced return map.
-0.322322	-51.991992								error: Could not locate the first local maximum of the reduced return map.
-0.318318	-51.991992								error: Could not locate the first local maximum of the reduced return map.
-0.314314	-51.991992								error: Could not locate the first local maximum of the reduced return map.
-0.310310	-51.991992								error: Could not locate the first local maximum of the reduced return map.
-0.306306	-51.991992								error: Could not locate the first local maximum of the reduced return map.
-0.302302	-51.991992								error: Could not locate the first local maximum of the reduced return map.
-0.298298	-51.991992								error: Could not locate the first local maximum of the reduced return map.
-0.294294	-51.991992								error: Could not locate the first local maximum of the reduced return map.
-0.290290	-51.991992								error: Could not locate the first local maximum of the reduced return map.
-0.286286	-51.991992								error: Could not locate the first local maximum of the reduced return map.
-0.282282	-51.991992								error: Could not locate the first local maximum of the reduced return map.
-0.278278	-51.991992								error: Could not locate the first local maximum of the reduced return map.
-0.274274	-51.991992								error: Could not locate the first local maximum of the reduced return map.
-0.270270	-51.991992								error: Could not locate the first local maximum of the reduced return map.
-0.266266	-51.991992								error: Could not locate the first local maximum of the reduced return map.
-0.262262	-51.991992								error: Could not locate the first local maximum of the reduced return map.
-0.258258	-51.991992								error: Could not locate the first local maximum of the reduced return map.
-0.254254	-51.991992								error: Could not locate the first local maximum of the reduced return map.
-0.250250	-51.991992								error: Could not locate the first local maximum of the reduced return map.
-0.246246	-51.991992								error: Could not locate the first local maximum of the reduced return map.
-0.242242	-51.991992								error: Could not locate the first local maximum of the reduced return map.
-0.238238	-51.991992								error: Could not locate the first local maximum of the reduced return map.
-0.234234	-51.991992								error: Could not locate the first local maximum of the reduced return map.
-0.230230	-51.991992								error: Could not locate the first local maximum of the reduced return map.
-0.226226	-51.991992								error: Could not locate the first local maximum of the reduced return map.
-0.222222	-51.991992								error: Could not locate the first local maximum of the reduced return map.
-0.218218	-51.991992								error: Could not locate the first local maximum of the reduced return map.
-0.214214	-51.991992								error: Could not locate the first local maximum of the reduced return map.
-0.210210	-51.991992								error: Could not locate the first local maximum of the reduced return map.
-0.206206	-51.991992								error: Could not locate the first local maximum of the reduced return map.
-0.202202	-51.991992								error: Could not locate the first local maximum of the reduced return map.
-0.198198	-51.991992								error: Could not locate the first local maximum of the reduced return map.
-0.194194	-51.991992								error: Could not locate the first local maximum of the reduced return map.
-0.190190	-51.991992								error: Could not locate the first local maximum of the reduced return map.
-0.186186	-51.991992								error: Could not locate the first local maximum of the reduced return map.
-0.182182	-51.991992								error: Could not locate the first local maximum of the reduced return map.
-0.178178	-51.991992								error: Could not locate the first local maximum of the reduced return map.
-0.174174	-51.991992								error: Could not locate the first local maximum of the reduced return map.
-0.170170	-51.991992								error: Could not locate the first local maximum of the reduced return map.
-0.166166	-51.991992								error: Could not locate the first local maximum of the reduced return map.
-0.162162	-51.991992								error: Could not locate the first local maximum of the reduced return map.
-0.158158	-51.991992								error: Could not locate the first local maximum of the reduced return map.
-0.154154	-51.991992								error: Could not locate the first local maximum of the reduced return map.
-0.150150	-51.991992								error: Could not locate the first local maximum of the reduced return map.
-0.146146	-51.991992								error: Could not locate the first local maximum of the reduced return map.
-0.142142	-51.991992								error: Could not locate the first local maximum of the reduced return map.
-0.138138	-51.991992								error: Could not locate the first local maximum of the reduced return map.
-0.134134	-51.991992								error: Could not locate the first local maximum of the reduced return map.
-0.130130	-51.991992								error: Could not locate the first local maximum of the reduced return map.
-0.126126	-51.991992								error: Could not locate the first local maximum of the reduced return map.
-0.122122	-51.991992								error: Could not locate the first local maximum of the reduced return map.
-0.118118	-51.991992								error: Could not locate the first local maximum of the reduced return map.
-0.114114	-51.991992								error: Could not locate the first local maximum of the reduced return map.
-0.110110	-51.991992								error: Could not locate the first local maximum of the reduced return map.
-0.106106	-51.991992								error: Could not locate the first local maximum of the reduced return map.
-0.102102	-51.991992								error: Could not locate the first local maximum of the reduced return map.
-0.098098	-51.991992								error: Could not locate the first local maximum of the reduced return map.
-0.094094	-51.991992								error: Could not locate the first local maximum of the reduced return map.
-0.090090	-51.991992								error: Could not locate the first local maximum of the reduced return map.
-0.086086	-51.991992								error: Could not locate the first local maximum of the reduced return map.
-0.082082	-51.991992								error: Could not locate the first local maximum of the reduced return map.
-0.078078	-51.991992								error: Could not locate the first local maximum of the reduced return map.
-0.074074	-51.991992								error: Could not locate the first local maximum of the reduced return map.
-0.070070	-51.991992								error: Could not locate the first local maximum of the reduced return map.
-0.066066	-51.991992								error: Could not locate the first local maximum of the reduced return map.
-0.062062	-51.991992								error: Could not locate the first local maximum of the reduced return map.
-0.058058	-51.991992								error: Could not locate the first local maximum of the reduced return map.
-0.054054	-51.991992								error: Could not locate the first local maximum of the reduced return map.
-0.050050	-51.991992								error: Could not locate the first local maximum of the reduced return map.
-0.046046	-51.991992								error: Could not locate the first local maximum of the reduced return map.
-0.042042	-51.991992								error: Could not locate the first local maximum of the reduced return map.
-0.038038	-51.991992								error: Could not locate the first local maximum of the reduced return map.
-0.034034	-51.991992								error: Could not locate the first local maximum of the reduced return map.
-0.030030	-51.991992								error: Could not locate the first local maximum of the reduced return map.
-0.026026	-51.991992								error: Could not locate the first local maximum of the reduced return map.
-0.022022	-51.991992								error: Could not locate the first local maximum of the reduced return map.
-0.018018	-51.991992								error: Could not locate the first local maximum of the reduced return map.
-0.014014	-51.991992								error: Could not locate the first local maximum of the reduced return map.
-0.010010	-51.991992								error: Could not locate the first local maximum of the reduced return map.
-0.006006	-51.991992								error: Could not locate the first local maximum of the reduced return map.
-0.002002	-51.991992								error: Could not locate the first local maximum of the reduced return map.
0.002002	-51.991992								error: Could not locate the first local maximum of the reduced return map.
0.006006	-51.991992								error: Could not locate the first local maximum of the reduced return map.
0.010010	-51.991992								error: Could not locate the first local maximum of the reduced return map.
0.014014	-51.991992								error: Could not locate the first local maximum of the reduced return map.
0.018018	-51.991992								error: Could not locate the first local maximum of the reduced return map.
0.022022	-51.991992								error: Could not locate the first local maximum of the reduced return map.
0.026026	-51.991992								error: Could not locate the first local maximum of the reduced return map.
0.030030	-51.991992								error: Could not locate the first local maximum of the reduced return map.
0.034034	-51.991992								error: Could not locate the first local maximum of the reduced return map.
0.038038	-51.991992								error: Could not locate the first local maximum of the reduced return map.
0.042042	-51.991992								error: Could not locate the first local maximum of the reduced return map.
0.046046	-51.991992								error: Could not locate the first local maximum of the reduced return map.
0.050050	-51.991992								error: Could not locate the first local maximum of the reduced return map.
0.054054	-51.991992								error: Could not locate the first local maximum of the reduced return map.
0.058058	-51.991992								error: Could not locate the first local maximum of the reduced return map.
0.062062	-51.991992								error: Could not locate the first local maximum of the reduced return map.
0.066066	-51.991992								error: Could not locate the first local maximum of the reduced return map.
0.070070	-51.991992								error: Could not locate the first local maximum of the reduced return map.
0.074074	-51.991992								error: Could not locate the first local maximum of the reduced return map.
0.078078	-51.991992								error: Could not locate the first local maximum of the reduced return map.
0.082082	-51.991992								error: Could not locate the first local maximum of the reduced return map.
0.086086	-51.991992								error: Could not locate the first local maximum of the reduced return map.
0.090090	-51.991992								error: Could not locate the first local maximum of the reduced return map.
0.094094	-51.991992								error: Could not locate the first local maximum of the reduced return map.
0.098098	-51.991992								error: Could not locate the first local maximum of the reduced return map.
0.102102	-51.991992								error: Could not locate the first local maximum of the reduced return map.
0.106106	-51.991992								error: Could not locate the first local maximum of the reduced return map.
0.110110	-51.991992								error: Could not locate the first local maximum of the reduced return map.
0.114114	-51.991992								error: Could not locate the first local maximum of the reduced return map.
0.118118	-51.991992								error: Could not locate the first local maximum of the reduced return map.
0.122122	-51.991992								error: Could not locate the first local maximum of the reduced return map.
0.126126	-51.991992								error: Could not locate the first local maximum of the reduced return map.
0.130130	-51.991992								error: Could not locate the first local maximum of the reduced return map.
0.134134	-51.991992								error: Could not locate the first local maximum of the reduced return map.
0.138138	-51.991992								error: Could not locate the first local maximum of the reduced return map.
0.142142	-51.991992								error: Could not locate the first local maximum of the reduced return map.
0.146146	-51.991992								error: Could not locate the first local maximum of the reduced return map.
0.150150	-51.991992								error: Could not locate the first local maximum of the reduced return map.
0.154154	-51.991992								error: Could not locate the first local maximum of the reduced return map.
0.158158	-51.991992								error: Could not locate the first local maximum of the reduced return map.
0.162162	-51.991992								error: Could not locate the first local maximum of the reduced return map.
0.166166	-51.991992								error: Could not locate the first local maximum of the reduced return map.
0.170170	-51.991992								error: Could not locate the first local maximum of the reduced return map.
0.174174	-51.991992								error: Could not locate the first local maximum of the reduced return map.
0.178178	-51.991992								error: Could not locate the first local maximum of the reduced return map.
0.182182	-51.991992								error: Could not locate the first local maximum of the reduced return map.
0.186186	-51.991992								error: Could not locate the first local maximum of the reduced return map.
0.190190	-51.991992								error: Could not locate the first local maximum of the reduced return map.
0.194194	-51.991992								error: Could not locate the first local maximum of the reduced return map.
0.198198	-51.991992								error: Could not locate the first local maximum of the reduced return map.
0.202202	-51.991992								error: Could not locate the first local maximum of the reduced return map.
0.206206	-51.991992								error: Could not locate the first local maximum of the reduced return map.
0.210210	-51.991992								error: Could not locate the first local maximum of the reduced return map.
0.214214	-51.991992								error: Could not locate the first local maximum of the reduced return map.
0.218218	-51.991992								error: Could not locate the first local maximum of the reduced return map.
0.222222	-51.991992								error: Could not locate the first local maximum of the reduced return map.
0.226226	-51.991992								error: Could not locate the first local maximum of the reduced return map.
0.230230	-51.991992								error: Could not locate the first local maximum of the reduced return map.
0.234234	-51.991992								error: Could not locate the first local maximum of the reduced return map.
0.238238	-51.991992								error: Could not locate the first local maximum of the reduced return map.
0.242242	-51.991992								error: Could not locate the first local maximum of the reduced return map.
0.246246	-51.991992								error: Could not locate the first local maximum of the reduced return map.
0.250250	-51.991992								error: Could not locate the first local maximum of the reduced return map.
0.254254	-51.991992								error: Could not locate the first local maximum of the reduced return map.
0.258258	-51.991992								error: Could not locate the first local maximum of the reduced return map.
0.262262	-51.991992								error: Could not locate the first local maximum of the reduced return map.
0.266266	-51.991992								error: Could not locate the first local maximum of the reduced return map.
0.270270	-51.991992								error: Could not locate the first local maximum of the reduced return map.
0.274274	-51.991992								error: Could not locate the first local maximum of the reduced return map.
0.278278	-51.991992								error: Could not locate the first local maximum of the reduced return map.
0.282282	-51.991992								error: Could not locate the first local maximum of the reduced return map.
0.286286	-51.991992								error: Could not locate the first local maximum of the reduced return map.
0.290290	-51.991992								error: Could not locate the first local maximum of the reduced return map.
0.294294	-51.991992								error: Could not locate the first local maximum of the reduced return map.
0.298298	-51.991992								error: Could not locate the first local maximum of the reduced return map.
0.302302	-51.991992								error: Could not locate the first local maximum of the reduced return map.
0.306306	-51.991992								error: Could not locate the first local maximum of the reduced return map.
0.310310	-51.991992								error: Could not locate the first local maximum of the reduced return map.
0.314314	-51.991992								error: Could not locate the first local maximum of the reduced return map.
0.318318	-51.991992								error: Could not locate the first local maximum of the reduced return map.
0.322322	-51.991992								error: Could not locate the first local maximum of the reduced return map.
0.326326	-51.991992								error: Could not locate the first local maximum of the reduced return map.
0.330330	-51.991992								error: Could not locate the first local maximum of the reduced return map.
0.334334	-51.991992								error: Could not locate the first local maximum of the reduced return map.
0.338338	-51.991992								error: Could not locate the first local maximum of the reduced return map.
0.342342	-51.991992								error: Could not locate the first local maximum of the reduced return map.
0.346346	-51.991992								error: Could not locate the first local maximum of the reduced return map.
0.350350	-51.991992								error: Could not locate the first local maximum of the reduced return map.
0.354354	-51.991992								error: Could not locate the first local maximum of the reduced return map.
0.358358	-51.991992								error: Could not locate the first local maximum of the reduced return map.
0.362362	-51.991992								error: Could not locate the first local maximum of the reduced return map.
0.366366	-51.991992								error: Could not locate the first local maximum of the reduced return map.
0.370370	-51.991992								error: Could not locate the first local maximum of the reduced return map.
0.374374	-51.991992								error: Could not locate the first local maximum of the reduced return map.
0.378378	-51.991992								error: Could not locate the first local maximum of the reduced return map.
0.382382	-51.991992								error: Could not locate the first local maximum of the reduced return map.
0.386386	-51.991992								error: Could not locate the first local maximum of the reduced return map.
0.390390	-51.991992								error: Could not locate the first local maximum of the reduced return map.
0.394394	-51.991992								error: Could not locate the first local maximum of the reduced return map.
0.398398	-51.991992								error: Could not locate the first local maximum of the reduced return map.
0.402402	-51.991992								error: Could not locate the first local maximum of the reduced return map.
0.406406	-51.991992								error: Could not locate the first local maximum of the reduced return map.
0.410410	-51.991992								error: Could not locate the first local maximum of the reduced return map.
0.414414	-51.991992								error: Could not locate the first local maximum of the reduced return map.
0.418418	-51.991992								error: Could not locate the first local maximum of the reduced return map.
0.422422	-51.991992								error: Could not locate the first local maximum of the reduced return map.
0.426426	-51.991992								error: Could not locate the first local maximum of the reduced return map.
0.430430	-51.991992								error: Could not locate the first local maximum of the reduced return map.
0.434434	-51.991992								error: Could not locate the first local maximum of the reduced return map.
0.438438	-51.991992								error: Could not locate the first local maximum of the reduced return map.
0.442442	-51.991992								error: Could not locate the first local maximum of the reduced return map.
0.446446	-51.991992								error: Could not locate the first local maximum of the reduced return map.
0.450450	-51.991992								error: Could not locate the first local maximum of the reduced return map.
0.454454	-51.991992								error: Could not locate the first local maximum of the reduced return map.
0.458458	-51.991992								error: Could not locate the first local maximum of the reduced return map.
0.462462	-51.991992								error: Could not locate the first local maximum of the reduced return map.
0.466466	-51.991992								error: Could not locate the first local maximum of the reduced return map.
0.470470	-51.991992								error: Could not locate the first local maximum of the reduced return map.
0.474474	-51.991992								error: Could not locate the first local maximum of the reduced return map.
0.478478	-51.991992								error: Could not locate the first local maximum of the reduced return map.
0.482482	-51.991992								error: Could not locate the first local maximum of the reduced return map.
0.486486	-51.991992								error: Could not locate the first local maximum of the reduced return map.
0.490490	-51.991992								error: Could not locate the first local maximum of the reduced return map.
0.494494	-51.991992								error: Could not locate the first local maximum of the reduced return map.
0.498498	-51.991992								error: Could not locate the first local maximum of the reduced return map.
0.502503	-51.991992								error: Could not locate the first local maximum of the reduced return map.
0.506507	-51.991992								error: Could not locate the first local maximum of the reduced return map.
0.510511	-51.991992								error: Could not locate the first local maximum of the reduced return map.
0.514515	-51.991992								error: Could not locate the first local maximum of the reduced return map.
0.518519	-51.991992								error: Could not locate the first local maximum of the reduced return map.
0.522523	-51.991992								error: Could not locate the first local maximum of the reduced return map.
0.526527	-51.991992								error: Could not locate the first local maximum of the reduced return map.
0.530531	-51.991992								error: Could not locate the first local maximum of the reduced return map.
0.534535	-51.991992								error: Could not locate the first local maximum of the reduced return map.
0.538539	-51.991992								error: Could not locate the first local maximum of the reduced return map.
0.542543	-51.991992								error: Could not locate the first local maximum of the reduced return map.
0.546547	-51.991992								error: Could not locate the first local maximum of the reduced return map.
0.550551	-51.991992								error: Could not locate the first local maximum of the reduced return map.
0.554555	-51.991992								error: Could not locate the first local maximum of the reduced return map.
0.558559	-51.991992								error: Could not locate the first local maximum of the reduced return map.
0.562563	-51.991992								error: Could not locate the first local maximum of the reduced return map.
0.566567	-51.991992								error: Could not locate the first local maximum of the reduced return map.
0.570571	-51.991992								error: Could not locate the first local maximum of the reduced return map.
0.574575	-51.991992								error: Could not locate the first local maximum of the reduced return map.
0.578579	-51.991992								error: Could not locate the first local maximum of the reduced return map.
0.582583	-51.991992								error: Could not locate the first local maximum of the reduced return map.
0.586587	-51.991992								error: Could not locate the first local maximum of the reduced return map.
0.590591	-51.991992								error: Could not locate the first local maximum of the reduced return map.
0.594595	-51.991992								error: Could not locate the first local maximum of the reduced return map.
0.598599	-51.991992								error: Could not locate the first local maximum of the reduced return map.
0.602603	-51.991992								error: Could not locate the first local maximum of the reduced return map.
0.606607	-51.991992								error: Could not locate the first local maximum of the reduced return map.
0.610611	-51.991992								error: Could not locate the first local maximum of the reduced return map.
0.614615	-51.991992								error: Could not locate the first local maximum of the reduced return map.
0.618619	-51.991992								error: Could not locate the first local maximum of the reduced return map.
0.622623	-51.991992								error: Could not locate the first local maximum of the reduced return map.
0.626627	-51.991992								error: Could not locate the first local maximum of the reduced return map.
0.630631	-51.991992								error: Could not locate the first local maximum of the reduced return map.
0.634635	-51.991992								error: Could not locate the first local maximum of the reduced return map.
0.638639	-51.991992								error: Could not locate the first local maximum of the reduced return map.
0.642643	-51.991992								error: Could not locate the first local maximum of the reduced return map.
0.646647	-51.991992								error: Could not locate the first local maximum of the reduced return map.
0.650651	-51.991992								error: Could not locate the first local maximum of the reduced return map.
0.654655	-51.991992								error: Could not locate the first local maximum of the reduced return map.
0.658659	-51.991992								error: Could not locate the first local maximum of the reduced return map.
0.662663	-51.991992								error: Could not locate the first local maximum of the reduced return map.
0.666667	-51.991992								error: Could not locate the first local maximum of the reduced return map.
0.670671	-51.991992								error: Could not locate the first local maximum of the reduced return map.
0.674675	-51.991992								error: Could not locate the first local maximum of the reduced return map.
0.678679	-51.991992								error: Could not locate the first local maximum of the reduced return map.
0.682683	-51.991992								error: Could not locate the first local maximum of the reduced return map.
0.686687	-51.991992								error: Could not locate the first local maximum of the reduced return map.
0.690691	-51.991992								error: Could not locate the first local maximum of the reduced return map.
0.694695	-51.991992								error: Could not locate the first local maximum of the reduced return map.
0.698699	-51.991992								error: Could not locate the first local maximum of the reduced return map.
0.702703	-51.991992								error: Could not locate the first local maximum of the reduced return map.
0.706707	-51.991992								error: Could not locate the first local maximum of the reduced return map.
0.710711	-51.991992								error: Could not locate the first local maximum of the reduced return map.
0.714715	-51.991992								error: Could not locate the first local maximum of the reduced return map.
0.718719	-51.991992								error: Could not locate the first local maximum of the reduced return map.
0.722723	-51.991992								error: Could not locate the first local maximum of the reduced return map.
0.726727	-51.991992								error: Could not locate the first local maximum of the reduced return map.
0.730731	-51.991992								error: Could not locate the first local maximum of the reduced return map.
0.734735	-51.991992								error: Could not locate the first local maximum of the reduced return map.
0.738739	-51.991992								error: Could not locate the first local maximum of the reduced return map.
0.742743	-51.991992								error: Could not locate the first local maximum of the reduced return map.
0.746747	-51.991992								error: Could not locate the first local maximum of the reduced return map.
0.750751	-51.991992								error: Could not locate the first local maximum of the reduced return map.
0.754755	-51.991992								error: Could not locate the first local maximum of the reduced return map.
0.758759	-51.991992								error: Could not locate the first local maximum of the reduced return map.
0.762763	-51.991992								error: Could not locate the first local maximum of the reduced return map.
0.766767	-51.991992								error: Could not locate the first local maximum of the reduced return map.
0.770771	-51.991992								error: Could not locate the first local maximum of the reduced return map.
0.774775	-51.991992								error: Could not locate the first local maximum of the reduced return map.
0.778779	-51.991992								error: Could not locate the first local maximum of the reduced return map.
0.782783	-51.991992								error: Could not locate the first local maximum of the reduced return map.
0.786787	-51.991992								error: Could not locate the first local maximum of the reduced return map.
0.790791	-51.991992								error: Could not locate the first local maximum of the reduced return map.
0.794795	-51.991992								error: Could not locate the first local maximum of the reduced return map.
0.798799	-51.991992								error: Could not locate the first local maximum of the reduced return map.
0.802803	-51.991992								error: Could not locate the first local maximum of the reduced return map.
0.806807	-51.991992								error: Could not locate the first local maximum of the reduced return map.
0.810811	-51.991992								error: Could not locate the first local maximum of the reduced return map.
0.814815	-51.991992								error: Could not locate the first local maximum of the reduced return map.
0.818819	-51.991992								error: Could not locate the first local maximum of the reduced return map.
0.822823	-51.991992								error: Could not locate the first local maximum of the reduced return map.
0.826827	-51.991992								error: Could not locate the first local maximum of the reduced return map.
0.830831	-51.991992								error: Could not locate the first local maximum of the reduced return map.
0.834835	-51.991992								error: Could not locate the first local maximum of the reduced return map.
0.838839	-51.991992								error: Could not locate the first local maximum of the reduced return map.
0.842843	-51.991992								error: Could not locate the first local maximum of the reduced return map.
0.846847	-51.991992								error: Could not locate the first local maximum of the reduced return map.
0.850851	-51.991992								error: Could not locate the first local maximum of the reduced return map.
0.854855	-51.991992								error: Could not locate the first local maximum of the reduced return map.
0.858859	-51.991992								error: Could not locate the first local maximum of the reduced return map.
0.862863	-51.991992								error: Could not locate the first local maximum of the reduced return map.
0.866867	-51.991992								error: Could not locate the first local maximum of the reduced return map.
0.870871	-51.991992								error: Could not locate the first local maximum of the reduced return map.
0.874875	-51.991992								error: Could not locate the first local maximum of the reduced return map.
0.878879	-51.991992								error: Could not locate the first local maximum of the reduced return map.
0.882883	-51.991992								error: Could not locate the first local maximum of the reduced return map.
0.886887	-51.991992								error: Could not locate the first local maximum of the reduced return map.
0.890891	-51.991992								error: Could not locate the first local maximum of the reduced return map.
0.894895	-51.991992								error: Could not locate the first local maximum of the reduced return map.
0.898899	-51.991992								error: Could not locate the first local maximum of the reduced return map.
0.902903	-51.991992								error: Could not locate the first local maximum of the reduced return map.
0.906907	-51.991992								error: Could not locate the first local maximum of the reduced return map.
0.910911	-51.991992								error: Could not locate the first local maximum of the reduced return map.
0.914915	-51.991992								error: Could not locate the first local maximum of the reduced return map.
0.918919	-51.991992								error: Could not locate the first local maximum of the reduced return map.
0.922923	-51.991992								error: Could not locate the first local maximum of the reduced return map.
0.926927	-51.991992								error: Could not locate the first local maximum of the reduced return map.
0.930931	-51.991992								error: Could not locate the first local maximum of the reduced return map.
0.934935	-51.991992								error: Could not locate the first local maximum of the reduced return map.
0.938939	-51.991992								error: Could not locate the first local maximum of the reduced return map.
0.942943	-51.991992								error: Could not locate the first local maximum of the reduced return map.
0.946947	-51.991992								error: Could not locate the first local maximum of the reduced return map.
0.950951	-51.991992								error: Could not locate the first local maximum of the reduced return map.
0.954955	-51.991992								error: Could not locate the first local maximum of the reduced return map.
0.958959	-51.991992								error: Could not locate the first local maximum of the reduced return map.
0.962963	-51.991992								error: Could not locate the first local maximum of the reduced return map.
0.966967	-51.991992								error: Could not locate the first local maximum of the reduced return map.
0.970971	-51.991992								error: Could not locate the first local maximum of the reduced return map.
0.974975	-51.991992								error: Could not locate the first local maximum of the reduced return map.
0.978979	-51.991992								error: Could not locate the first local maximum of the reduced return map.
0.982983	-51.991992								error: Could not locate the first local maximum of the reduced return map.
0.986987	-51.991992								error: Could not locate the first local maximum of the reduced return map.
0.990991	-51.991992								error: Could not locate the first local maximum of the reduced return map.
0.994995	-51.991992								error: Could not locate the first local maximum of the reduced return map.
0.998999	-51.991992								error: Could not locate the first local maximum of the reduced return map.
1.003003	-51.991992								error: Could not locate the first local maximum of the reduced return map.
1.007007	-51.991992								error: Could not locate the first local maximum of the reduced return map.
1.011011	-51.991992								error: Could not locate the first local maximum of the reduced return map.
1.015015	-51.991992								error: Could not locate the first local maximum of the reduced return map.
1.019019	-51.991992								error: Could not locate the first local maximum of the reduced return map.
1.023023	-51.991992								error: Could not locate the first local maximum of the reduced return map.
1.027027	-51.991992								error: Could not locate the first local maximum of the reduced return map.
1.031031	-51.991992								error: Could not locate the first local maximum of the reduced return map.
1.035035	-51.991992								error: Could not locate the first local maximum of the reduced return map.
1.039039	-51.991992								error: Could not locate the first local maximum of the reduced return map.
1.043043	-51.991992								error: Could not locate the first local maximum of the reduced return map.
1.047047	-51.991992								error: Could not locate the first local maximum of the reduced return map.
1.051051	-51.991992								error: Could not locate the first local maximum of the reduced return map.
1.055055	-51.991992								error: Could not locate the first local maximum of the reduced return map.
1.059059	-51.991992								error: Could not locate the first local maximum of the reduced return map.
1.063063	-51.991992								error: Could not locate the first local maximum of the reduced return map.
1.067067	-51.991992								error: Could not locate the first local maximum of the reduced return map.
1.071071	-51.991992								error: Could not locate the first local maximum of the reduced return map.
1.075075	-51.991992								error: Could not locate the first local maximum of the reduced return map.
1.079079	-51.991992								error: Could not locate the first local maximum of the reduced return map.
1.083083	-51.991992								error: Could not locate the first local maximum of the reduced return map.
1.087087	-51.991992								error: Could not locate the first local maximum of the reduced return map.
1.091091	-51.991992								error: Could not locate the first local maximum of the reduced return map.
1.095095	-51.991992								error: Could not locate the first local maximum of the reduced return map.
1.099099	-51.991992								error: Could not locate the first local maximum of the reduced return map.
1.103103	-51.991992								error: Could not locate the first local maximum of the reduced return map.
1.107107	-51.991992								error: Could not locate the first local maximum of the reduced return map.
1.111111	-51.991992								error: Could not locate the first local maximum of the reduced return map.
1.115115	-51.991992								error: Could not locate the first local maximum of the reduced return map.
1.119119	-51.991992								error: Could not locate the first local maximum of the reduced return map.
1.123123	-51.991992								error: Could not locate the first local maximum of the reduced return map.
1.127127	-51.991992								error: Could not locate the first local maximum of the reduced return map.
1.131131	-51.991992								error: Could not locate the first local maximum of the reduced return map.
1.135135	-51.991992								error: Could not locate the first local maximum of the reduced return map.
1.139139	-51.991992								error: Could not locate the first local maximum of the reduced return map.
1.143143	-51.991992								error: Could not locate the first local maximum of the reduced return map.
1.147147	-51.991992								error: Could not locate the first local maximum of the reduced return map.
1.151151	-51.991992								error: Could not locate the first local maximum of the reduced return map.
1.155155	-51.991992								error: Could not locate the first local maximum of the reduced return map.
1.159159	-51.991992								error: Could not locate the first local maximum of the reduced return map.
1.163163	-51.991992								error: Could not locate the first local maximum of the reduced return map.
1.167167	-51.991992								error: Could not locate the first local maximum of the reduced return map.
1.171171	-51.991992								error: Could not locate the first local maximum of the reduced return map.
1.175175	-51.991992								error: Could not locate the first local maximum of the reduced return map.
1.179179	-51.991992								error: Could not locate the first local maximum of the reduced return map.
1.183183	-51.991992								error: Could not locate the first local maximum of the reduced return map.
1.187187	-51.991992								error: Could not locate the first local maximum of the reduced return map.
1.191191	-51.991992								error: Could not locate the first local maximum of the reduced return map.
1.195195	-51.991992								error: Could not locate the first local maximum of the reduced return map.
1.199199	-51.991992								error: Could not locate the first local maximum of the reduced return map.
1.203203	-51.991992								error: Could not locate the first local maximum of the reduced return map.
1.207207	-51.991992								error: Could not locate the first local maximum of the reduced return map.
1.211211	-51.991992								error: Could not locate the first local maximum of the reduced return map.
1.215215	-51.991992								error: Could not locate the first local maximum of the reduced return map.
1.219219	-51.991992								error: Could not locate the first local maximum of the reduced return map.
1.223223	-51.991992								error: Could not locate the first local maximum of the reduced return map.
1.227227	-51.991992								error: Could not locate the first local maximum of the reduced return map.
1.231231	-51.991992								error: Could not locate the first local maximum of the reduced return map.
1.235235	-51.991992								error: Could not locate the first local maximum of the reduced return map.
1.239239	-51.991992								error: Could not locate the first local maximum of the reduced return map.
1.243243	-51.991992								error: Could not locate the first local maximum of the reduced return map.
1.247247	-51.991992								error: Could not locate the first local maximum of the reduced return map.
1.251251	-51.991992								error: Could not locate the first local maximum of the reduced return map.
1.255255	-51.991992								error: Could not locate the first local maximum of the reduced return map.
1.259259	-51.991992								error: Could not locate the first local maximum of the reduced return map.
1.263263	-51.991992								error: Could not locate the first local maximum of the reduced return map.
1.267267	-51.991992								error: Could not locate the first local maximum of the reduced return map.
1.271271	-51.991992								error: Could not locate the first local maximum of the reduced return map.
1.275275	-51.991992								error: Could not locate the first local maximum of the reduced return map.
1.279279	-51.991992								error: Could not locate the first local maximum of the reduced return map.
1.283283	-51.991992								error: Could not locate the first local maximum of the reduced return map.
1.287287	-51.991992								error: Could not locate the first local maximum of the reduced return map.
1.291291	-51.991992								error: Could not locate the first local maximum of the reduced return map.
1.295295	-51.991992								error: Could not locate the first local maximum of the reduced return map.
1.299299	-51.991992								error: Could not locate the first local maximum of the reduced return map.
1.303303	-51.991992								error: Could not locate the first local maximum of the reduced return map.
1.307307	-51.991992								error: Could not locate the first local maximum of the reduced return map.
1.311311	-51.991992								error: Could not locate the first local maximum of the reduced return map.
1.315315	-51.991992								error: Could not locate the first local maximum of the reduced return map.
1.319319	-51.991992								error: Could not locate the first local maximum of the reduced return map.
1.323323	-51.991992								error: Could not locate the first local maximum of the reduced return map.
1.327327	-51.991992								error: Could not locate the first local maximum of the reduced return map.
1.331331	-51.991992								error: Could not locate the first local maximum of the reduced return map.
1.335335	-51.991992								error: Could not locate the first local maximum of the reduced return map.
1.339339	-51.991992								error: Could not locate the first local maximum of the reduced return map.
1.343343	-51.991992								error: Could not locate the first local maximum of the reduced return map.
1.347347	-51.991992								error: Could not locate the first local maximum of the reduced return map.
1.351351	-51.991992								error: Could not locate the first local maximum of the reduced return map.
1.355355	-51.991992								error: Could not locate the first local maximum of the reduced return map.
1.359359	-51.991992								error: Could not locate the first local maximum of the reduced return map.
1.363363	-51.991992								error: Could not locate the first local maximum of the reduced return map.
1.367367	-51.991992								error: Could not locate the first local maximum of the reduced return map.
1.371371	-51.991992								error: Could not locate the first local maximum of the reduced return map.
1.375375	-51.991992								error: Could not locate the first local maximum of the reduced return map.
1.379379	-51.991992								error: Could not locate the first local maximum of the reduced return map.
1.383383	-51.991992								error: Could not locate the first local maximum of the reduced return map.
1.387387	-51.991992								error: Could not locate the first local maximum of the reduced return map.
1.391391	-51.991992								error: Could not locate the first local maximum of the reduced return map.
1.395395	-51.991992								error: Could not locate the first local maximum of the reduced return map.
1.399399	-51.991992								error: Could not locate the first local maximum of the reduced return map.
1.403403	-51.991992								error: Could not locate the first local maximum of the reduced return map.
1.407407	-51.991992								error: Could not locate the first local maximum of the reduced return map.
1.411411	-51.991992								error: Could not locate the first local maximum of the reduced return map.
1.415415	-51.991992								error: Could not locate the first local maximum of the reduced return map.
1.419419	-51.991992								error: Could not locate the first local maximum of the reduced return map.
1.423423	-51.991992								error: Could not locate the first local maximum of the reduced return map.
1.427427	-51.991992								error: Could not locate the first local maximum of the reduced return map.
1.431431	-51.991992								error: Could not locate the first local maximum of the reduced return map.
1.435435	-51.991992								error: Could not locate the first local maximum of the reduced return map.
1.439439	-51.991992								error: Could not locate the first local maximum of the reduced return map.
1.443443	-51.991992								error: Could not locate the first local maximum of the reduced return map.
1.447447	-51.991992								error: Could not locate the first local maximum of the reduced return map.
1.451451	-51.991992								error: Could not locate the first local maximum of the reduced return map.
1.455455	-51.991992								error: Could not locate the first local maximum of the reduced return map.
1.459459	-51.991992								error: Could not locate the first local maximum of the reduced return map.
1.463463	-51.991992								error: Could not locate the first local maximum of the reduced return map.
1.467467	-51.991992								error: Could not locate the first local maximum of the reduced return map.
1.471471	-51.991992								error: Could not locate the first local maximum of the reduced return map.
1.475475	-51.991992								error: Could not locate the first local maximum of the reduced return map.
1.479479	-51.991992								error: Could not locate the first local maximum of the reduced return map.
1.483483	-51.991992								error: Could not locate the first local maximum of the reduced return map.
1.487487	-51.991992								error: Could not locate the first local maximum of the reduced return map.
1.491491	-51.991992								error: Could not locate the first local maximum of the reduced return map.
1.495495	-51.991992								error: Could not locate the first local maximum of the reduced return map.
1.499499	-51.991992								error: Could not locate the first local maximum of the reduced return map.
1.503504	-51.991992								error: Could not locate the first local maximum of the reduced return map.
1.507508	-51.991992								error: Could not locate the first local maximum of the reduced return map.
1.511512	-51.991992								error: Could not locate the first local maximum of the reduced return map.
1.515516	-51.991992								error: Could not locate the first local maximum of the reduced return map.
1.519520	-51.991992								error: Could not locate the first local maximum of the reduced return map.
1.523524	-51.991992								error: Could not locate the first local maximum of the reduced return map.
1.527528	-51.991992								error: Could not locate the first local maximum of the reduced return map.
1.531532	-51.991992								error: Could not locate the first local maximum of the reduced return map.
1.535536	-51.991992								error: Could not locate the first local maximum of the reduced return map.
1.539540	-51.991992								error: Could not locate the first local maximum of the reduced return map.
1.543544	-51.991992								error: Could not locate the first local maximum of the reduced return map.
1.547548	-51.991992								error: Could not locate the first local maximum of the reduced return map.
1.551552	-51.991992								error: Could not locate the first local maximum of the reduced return map.
1.555556	-51.991992								error: Could not locate the first local maximum of the reduced return map.
1.559560	-51.991992								error: Could not locate the first local maximum of the reduced return map.
1.563564	-51.991992								error: Could not locate the first local maximum of the reduced return map.
1.567568	-51.991992								error: Could not locate the first local maximum of the reduced return map.
1.571572	-51.991992								error: Could not locate the first local maximum of the reduced return map.
1.575576	-51.991992								error: Could not locate the first local maximum of the reduced return map.
1.579580	-51.991992								error: Could not locate the first local maximum of the reduced return map.
1.583584	-51.991992								error: Could not locate the first local maximum of the reduced return map.
1.587588	-51.991992								error: Could not locate the first local maximum of the reduced return map.
1.591592	-51.991992								error: Could not locate the first local maximum of the reduced return map.
1.595596	-51.991992								error: Could not locate the first local maximum of the reduced return map.
1.599600	-51.991992								error: Could not locate the first local maximum of the reduced return map.
1.603604	-51.991992								error: Could not locate the first local maximum of the reduced return map.
1.607608	-51.991992								error: Could not locate the first local maximum of the reduced return map.
1.611612	-51.991992								error: Could not locate the first local maximum of the reduced return map.
1.615616	-51.991992								error: Could not locate the first local maximum of the reduced return map.
1.619620	-51.991992								error: Could not locate the first local maximum of the reduced return map.
1.623624	-51.991992								error: Could not locate the first local maximum of the reduced return map.
1.627628	-51.991992								error: Could not locate the first local maximum of the reduced return map.
1.631632	-51.991992								error: Could not locate the first local maximum of the reduced return map.
1.635636	-51.991992								error: Could not locate the first local maximum of the reduced return map.
1.639640	-51.991992								error: Could not locate the first local maximum of the reduced return map.
1.643644	-51.991992								error: Could not locate the first local maximum of the reduced return map.
1.647648	-51.991992								error: Could not locate the first local maximum of the reduced return map.
1.651652	-51.991992								error: Could not locate the first local maximum of the reduced return map.
1.655656	-51.991992								error: Could not locate the first local maximum of the reduced return map.
1.659660	-51.991992								error: Could not locate the first local maximum of the reduced return map.
1.663664	-51.991992								error: Could not locate the first local maximum of the reduced return map.
1.667668	-51.991992								error: Could not locate the first local maximum of the reduced return map.
1.671672	-51.991992								error: Could not locate the first local maximum of the reduced return map.
1.675676	-51.991992								error: Could not locate the first local maximum of the reduced return map.
1.679680	-51.991992								error: Could not locate the first local maximum of the reduced return map.
1.683684	-51.991992								error: Could not locate the first local maximum of the reduced return map.
1.687688	-51.991992								error: Could not locate the first local maximum of the reduced return map.
1.691692	-51.991992								error: Could not locate the first local maximum of the reduced return map.
1.695696	-51.991992								error: Could not locate the first local maximum of the reduced return map.
1.699700	-51.991992								error: Could not locate the first local maximum of the reduced return map.
1.703704	-51.991992								error: Could not locate the first local maximum of the reduced return map.
1.707708	-51.991992								error: Could not locate the first local maximum of the reduced return map.
1.711712	-51.991992								error: Could not locate the first local maximum of the reduced return map.
1.715716	-51.991992								error: Could not locate the first local maximum of the reduced return map.
1.719720	-51.991992								error: Could not locate the first local maximum of the reduced return map.
1.723724	-51.991992								error: Could not locate the first local maximum of the reduced return map.
1.727728	-51.991992								error: Could not locate the first local maximum of the reduced return map.
1.731732	-51.991992								error: Could not locate the first local maximum of the reduced return map.
1.735736	-51.991992								error: Could not locate the first local maximum of the reduced return map.
1.739740	-51.991992								error: Could not locate the first local maximum of the reduced return map.
1.743744	-51.991992								error: Could not locate the first local maximum of the reduced return map.
1.747748	-51.991992								error: Could not locate the first local maximum of the reduced return map.
1.751752	-51.991992								error: Could not locate the first local maximum of the reduced return map.
1.755756	-51.991992								error: Could not locate the first local maximum of the reduced return map.
1.759760	-51.991992								error: Could not locate the first local maximum of the reduced return map.
1.763764	-51.991992								error: Could not locate the first local maximum of the reduced return map.
1.767768	-51.991992								error: Could not locate the first local maximum of the reduced return map.
1.771772	-51.991992								error: Could not locate the first local maximum of the reduced return map.
1.775776	-51.991992								error: Could not locate the first local maximum of the reduced return map.
1.779780	-51.991992								error: Could not locate the first local maximum of the reduced return map.
1.783784	-51.991992								error: Could not locate the first local maximum of the reduced return map.
1.787788	-51.991992								error: Could not locate the first local maximum of the reduced return map.
1.791792	-51.991992								error: Could not locate the first local maximum of the reduced return map.
1.795796	-51.991992								error: Could not locate the first local maximum of the reduced return map.
1.799800	-51.991992								error: Could not locate the first local maximum of the reduced return map.
1.803804	-51.991992								error: Could not locate the first local maximum of the reduced return map.
1.807808	-51.991992								error: Could not locate the first local maximum of the reduced return map.
1.811812	-51.991992								error: Could not locate the first local maximum of the reduced return map.
1.815816	-51.991992								error: Could not locate the first local maximum of the reduced return map.
1.819820	-51.991992								error: Could not locate the first local maximum of the reduced return map.
1.823824	-51.991992								error: Could not locate the first local maximum of the reduced return map.
1.827828	-51.991992								error: Could not locate the first local maximum of the reduced return map.
1.831832	-51.991992								error: Could not locate the first local maximum of the reduced return map.
1.835836	-51.991992								error: Could not locate the first local maximum of the reduced return map.
1.839840	-51.991992								error: Could not locate the first local maximum of the reduced return map.
1.843844	-51.991992								error: Could not locate the first local maximum of the reduced return map.
1.847848	-51.991992								error: Could not locate the first local maximum of the reduced return map.
1.851852	-51.991992								error: Could not locate the first local maximum of the reduced return map.
1.855856	-51.991992								error: Could not locate the first local maximum of the reduced return map.
1.859860	-51.991992								error: Could not locate the first local maximum of the reduced return map.
1.863864	-51.991992								error: Could not locate the first local maximum of the reduced return map.
1.867868	-51.991992								error: Could not locate the first local maximum of the reduced return map.
1.871872	-51.991992								error: Could not locate the first local maximum of the reduced return map.
1.875876	-51.991992								error: Could not locate the first local maximum of the reduced return map.
1.879880	-51.991992								error: Could not locate the first local maximum of the reduced return map.
1.883884	-51.991992								error: Could not locate the first local maximum of the reduced return map.
1.887888	-51.991992								error: Could not locate the first local maximum of the reduced return map.
1.891892	-51.991992								error: Could not locate the first local maximum of the reduced return map.
1.895896	-51.991992								error: Could not locate the first local maximum of the reduced return map.
1.899900	-51.991992								error: Could not locate the first local maximum of the reduced return map.
1.903904	-51.991992								error: Could not locate the first local maximum of the reduced return map.
1.907908	-51.991992								error: Could not locate the first local maximum of the reduced return map.
1.911912	-51.991992								error: Could not locate the first local maximum of the reduced return map.
1.915916	-51.991992								error: Could not locate the first local maximum of the reduced return map.
1.919920	-51.991992								error: Could not locate the first local maximum of the reduced return map.
1.923924	-51.991992								error: Could not locate the first local maximum of the reduced return map.
1.927928	-51.991992								error: Could not locate the first local maximum of the reduced return map.
1.931932	-51.991992								error: Could not locate the first local maximum of the reduced return map.
1.935936	-51.991992								error: Could not locate the first local maximum of the reduced return map.
1.939940	-51.991992								error: Could not locate the first local maximum of the reduced return map.
1.943944	-51.991992								error: Could not locate the first local maximum of the reduced return map.
1.947948	-51.991992								error: Could not locate the first local maximum of the reduced return map.
1.951952	-51.991992								error: Could not locate the first local maximum of the reduced return map.
1.955956	-51.991992								error: Could not locate the first local maximum of the reduced return map.
1.959960	-51.991992								error: Could not locate the first local maximum of the reduced return map.
1.963964	-51.991992								error: Could not locate the first local maximum of the reduced return map.
1.967968	-51.991992								error: Could not locate the first local maximum of the reduced return map.
1.971972	-51.991992								error: Could not locate the first local maximum of the reduced return map.
1.975976	-51.991992								error: Could not locate the first local maximum of the reduced return map.
1.979980	-51.991992								error: Could not locate the first local maximum of the reduced return map.
1.983984	-51.991992								error: Could not locate the first local maximum of the reduced return map.
1.987988	-51.991992								error: Could not locate the first local maximum of the reduced return map.
1.991992	-51.991992								error: Could not locate the first local maximum of the reduced return map.
1.995996	-51.991992								error: Could not locate the first local maximum of the reduced return map.
2.000000	-51.991992								error: Could not locate the first local maximum of the reduced return map.
