delta_x	delta_ca	T0_V	T0_Ca	T0_method	T_encoding	gamma_encoding	T_scs	gamma_scs	status
-2.000000	-8.348348	-67.349292	0.841300	continued:5	37382954118278832773895244218236686338908646550437400502358118064530753024550062640906067170928616739335301863382037085201145976272239453658981262846128190508219395966448887917209180943430756816343660564752246587817144249698118611074911061187626140754429306578884898095116510555810942627764467245810598277119141113742608011841983463944410469867424643313675310062597234983157066538572943899435	59	0,0,0,0,0,0,0,0,0,0,0,0	-4,0,0	ok
-1.995996	-8.348348	-67.349077	0.840464	continued:5	37382954118278832773895244218236686338908646550437400502358118064530753024550062640906067170928616739335301863382037085201145976272239453658981262846128190508219395966448887917209180943430756816343660564752246587817144249698118611074911061187626140754429306578884898095116510555810942627764467245810598277119141113742608011841983463944410469867424643313675310062597234983157066538572943899435	59	0,0,0,0,0,0,0,0,0,0,0,0	-4,0,0	ok
-1.991992	-8.348348	-67.348910	0.839628	continued:5	37382954118278832773895244218236686338908646550437400502358118064530753024550062640906067170928616739335301863382037085201145976272239453658981262846128190508219395966448887917209180943430756816343660564752246587817144249698118611074911061187626140754429306578884898095116510555810942627764467245810598277119141113742608011841983463944410469867424643313675310062597234983157066538572943899435	59	0,0,0,0,0,0,0,0,0,0,0,0	-4,0,0	ok
-1.987988	-8.348348	-67.348882	0.838920	continued:5	37382954118278832773895244218236686338908646550437400502358118064530753024550062640906067170928616739335301863382037085201145976272239453658981262846128190508219395966448887917209180943430756816343660564752246587817144249698118611074911061187626140754429306578884898095116510555810942627764467245810598277119141113742608011841983463944410469867424643313675310062597234983157066538572943899435	59	0,0,0,0,0,0,0,0,0,0,0,0	-4,0,0	ok
-1.983984	-8.348348	-67.348562	0.838005	continued:5	37382954118278832773895244218236686338908646550437400502358118064530753024550062640906067170928616739335301863382037085201145976272239453658981262846128190508219395966448887917209180943430756816343660564752246587817144249698118611074911061187626140754429306578884898095116510555810942627764467245810598277119141113742608011841983463944410469867424643313675310062597234983157066538572943899435	59	0,0,0,0,0,0,0,0,0,0,0,0	-4,0,0	ok
-1.979980	-8.348348	-67.348553	0.837297	continued:5	37382954118278832773895244218236686338908646550437400502358118064530753024550062640906067170928616739335301863382037085201145976272239453658981262846128190508219395966448887917209180943430756816343660564752246587817144249698118611074911061187626140754429306578884898095116510555810942627764467245810598277119141113742608011841983463944410469867424643313675310062597234983157066538572943899435	59	0,0,0,0,0,0,0,0,0,0,0,0	-4,0,0	ok
-1.975976	-8.348348	-67.348297	0.836461	continued:5	37382954118278832773895244218236686338908646550437400502358118064530753024550062640906067170928616739335301863382037085201145976272239453658981262846128190508219395966448887917209180943430756816343660564752246587817144249698118611074911061187626140754429306578884898095116510555810942627764467245810598277119141113742608011841983463944410469867424643313675310062597234983157066538572943899435	59	0,0,0,0,0,0,0,0,0,0,0,0	-4,0,0	ok
-1.971972	-8.348348	-67.348055	0.835625	continued:5	37382954118278832773895244218236686338908646550437400502358118064530753024550062640906067170928616739335301863382037085201145976272239453658981262846128190508219395966448887917209180943430756816343660564752246587817144249698118611074911061187626140754429306578884898095116510555810942627764467245810598277119141113742608011841983463944410469867424643313675310062597234983157066538572943899435	59	0,0,0,0,0,0,0,0,0,0,0,0	-4,0,0	ok
-1.967968	-8.348348	-67.347861	0.834789	continued:5	37382954118278832773895244218236686338908646550437400502358118064530753024550062640906067170928616739335301863382037085201145976272239453658981262846128190508219395966448887917209180943430756816343660564752246587817144249698118611074911061187626140754429306578884898095116510555810942627764467245810598277119141113742608011841983463944410469867424643313675310062597234983157066538572943899435	59	0,0,0,0,0,0,0,0,0,0,0,0	-4,0,0	ok
-1.963964	-8.348348	-67.347806	0.834081	continued:5	37382954118278832773895244218236686338908646550437400502358118064530753024550062640906067170928616739335301863382037085201145976272239453658981262846128190508219395966448887917209180943430756816343660564752246587817144249698118611074911061187626140754429306578884898095116510555810942627764467245810598277119141113742608011841983463944410469867424643313675310062597234983157066538572943899435	59	0,0,0,0,0,0,0,0,0,0,0,0	-4,0,0	ok
-1.959960	-8.348348	-67.347450	0.833166	continued:5	37382954118278832773895244218236686338908646550437400502358118064530753024550062640906067170928616739335301863382037085201145976272239453658981262846128190508219395966448887917209180943430756816343660564752246587817144249698118611074911061187626140754429306578884898095116510555810942627764467245810598277119141113742608011841983463944410469867424643313675310062597234983157066538572943899435	59	0,0,0,0,0,0,0,0,0,0,0,0	-4,0,0	ok
-1.955956	-8.348348	-67.347390	0.832458	continued:5	37382954118278832773895244218236686338908646550437400502358118064530753024550062640906067170928616739335301863382037085201145976272239453658981262846128190508219395966448887917209180943430756816343660564752246587817144249698118611074911061187626140754429306578884898095116510555810942627764467245810598277119141113742608011841983463944410469867424643313675310062597234983157066538572943899435	59	0,0,0,0,0,0,0,0,0,0,0,0	-4,0,0	ok
-1.951952	-8.348348	-67.347035	0.831543	continued:5	37382954118278832773895244218236686338908646550437400502358118064530753024550062640906067170928616739335301863382037085201145976272239453658981262846128190508219395966448887917209180943430756816343660564752246587817144249698118611074911061187626140754429306578884898095116510555810942627764467245810598277119141113742608011841983463944410469867424643313675310062597234983157066538572943899435	59	0,0,0,0,0,0,0,0,0,0,0,0	-4,0,0	ok
-1.947948	-8.348348	-67.346994	0.830835	continued:5	37382954118278832773895244218236686338908646550437400502358118064530753024550062640906067170928616739335301863382037085201145976272239453658981262846128190508219395966448887917209180943430756816343660564752246587817144249698118611074911061187626140754429306578884898095116510555810942627764467245810598277119141113742608011841983463944410469867424643313675310062597234983157066538572943899435	25	0,0,0,0,0,0,0,0,0,0,0,0	-2,0,0	ok
-1.943944	-8.348348	-67.346704	0.829999	continued:5	37382954118278832773895244218236686338908646550437400502358118064530753024550062640906067170928616739335301863382037085201145976272239453658981262846128190508219395966448887917209180943430756816343660564752246587817144249698118611074911061187626140754429306578884898095116510555810942627764467245810598277119141113742608011841983463944410469867424643313675310062597234983157066538572943899435	25	0,0,0,0,0,0,0,0,0,0,0,0	-2,0,0	ok
-1.939940	-8.348348	-67.346432	0.829163	continued:5	37382954118278832773895244218236686338908646550437400502358118064530753024550062640906067170928616739335301863382037085201145976272239453658981262846128190508219395966448887917209180943430756816343660564752246587817144249698118611074911061187626140754429306578884898095116510555810942627764467245810598277119141113742608011841983463944410469867424643313675310062597234983157066538572943899435	25	0,0,0,0,0,0,0,0,0,0,0,0	-2,0,0	ok
-1.935936	-8.348348	-67.346215	0.828327	continued:5	37382954118278832773895244218236686338908646550437400502358118064530753024550062640906067170928616739335301863382037085201145976272239453658981262846128190508219395966448887917209180943430756816343660564752246587817144249698118611074911061187626140754429306578884898095116510555810942627764467245810598277119141113742608011841983463944410469867424643313675310062597234983157066538572943899435	82	0,0,0,0,0,0,0,0,0,0,0,0	-5,0,0	ok
-1.931932	-8.348348	-67.346156	0.827619	continued:5	37382954118278832773895244218236686338908646550437400502358118064530753024550062640906067170928616739335301863382037085201145976272239453658981262846128190508219395966448887917209180943430756816343660564752246587817144249698118611074911061187626140754429306578884898095116510555810942627764467245810598277119141113742608011841983463944410469867424643313675310062597234983157066538572943899435	25	0,0,0,0,0,0,0,0,0,0,0,0	-2,0,0	ok
-1.927928	-8.348348	-67.345840	0.826783	continued:5	37382954118278832773895244218236686338908646550437400502358118064530753024550062640906067170928616739335301863382037085201145976272239453658981262846128190508219395966448887917209180943430756816343660564752246587817144249698118611074911061187626140754429306578884898095116510555810942627764467245810598277119141113742608011841983463944410469867424643313675310062597234983157066538572943899435	25	0,0,0,0,0,0,0,0,0,0,0,0	-2,0,0	ok
-1.923924	-8.348348	-67.345528	0.825947	continued:5	37382954118278832773895244218236686338908646550437400502358118064530753024550062640906067170928616739335301863382037085201145976272239453658981262846128190508219395966448887917209180943430756816343660564752246587817144249698118611074911061187626140754429306578884898095116510555810942627764467245810598277119141113742608011841983463944410469867424643313675310062597234983157066538572943899435	25	0,0,0,0,0,0,0,0,0,0,0,0	-2,0,0	ok
-1.919920	-8.348348	-67.345234	0.825111	continued:5	37382954118278832773895244218236686338908646550437400502358118064530753024550062640906067170928616739335301863382037085201145976272239453658981262846128190508219395966448887917209180943430756816343660564752246587817144249698118611074911061187626140754429306578884898095116510555810942627764467245810598277119141113742608011841983463944410469867424643313675310062597234983157066538572943899435	25	0,0,0,0,0,0,0,0,0,0,0,0	-2,0,0	ok
-1.915916	-8.348348	-67.344995	0.824275	continued:5	37382954118278832773895244218236686338908646550437400502358118064530753024550062640906067170928616739335301863382037085201145976272239453658981262846128190508219395966448887917209180943430756816343660564752246587817144249698118611074911061187626140754429306578884898095116510555810942627764467245810598277119141113742608011841983463944410469867424643313675310062597234983157066538572943899435	25	0,0,0,0,0,0,0,0,0,0,0,0	-2,0,0	ok
-1.911912	-8.348348	-67.344915	0.823567	continued:5	37382954118278832773895244218236686338908646550437400502358118064530753024550062640906067170928616739335301863382037085201145976272239453658981262846128190508219395966448887917209180943430756816343660564752246587817144249698118611074911061187626140754429306578884898095116510555810942627764467245810598277119141113742608011841983463944410469867424643313675310062597234983157066538572943899435	25	0,0,0,0,0,0,0,0,0,0,0,0	-2,0,0	ok
-1.907908	-8.348348	-67.344577	0.822731	continued:5	37382954118278832773895244218236686338908646550437400502358118064530753024550062640906067170928616739335301863382037085201145976272239453658981262846128190508219395966448887917209180943430756816343660564752246587817144249698118611074911061187626140754429306578884898095116510555810942627764467245810598277119141113742608011841983463944410469867424643313675310062597234983157066538572943899435	25	0,0,0,0,0,0,0,0,0,0,0,0	-2,0,0	ok
-1.903904	-8.348348	-67.344243	0.821895	continued:5	37382954118278832773895244218236686338908646550437400502358118064530753024550062640906067170928616739335301863382037085201145976272239453658981262846128190508219395966448887917209180943430756816343660564752246587817144249698118611074911061187626140754429306578884898095116510555810942627764467245810598277119141113742608011841983463944410469867424643313675310062597234983157066538572943899435	25	0,0,0,0,0,0,0,0,0,0,0,0	-2,0,0	ok
-1.899900	-8.348348	-67.343925	0.821060	continued:5	37382954118278832773895244218236686338908646550437400502358118064530753024550062640906067170928616739335301863382037085201145976272239453658981262846128190508219395966448887917209180943430756816343660564752246587817144249698118611074911061187626140754429306578884898095116510555810942627764467245810598277119141113742608011841983463944410469867424643313675310062597234983157066538572943899435	25	0,0,0,0,0,0,0,0,0,0,0,0	-2,0,0	ok
-1.895896	-8.348348	-67.343660	0.820224	continued:5	37382954118278832773895244218236686338908646550437400502358118064530753024550062640906067170928616739335301863382037085201145976272239453658981262846128190508219395966448887917209180943430756816343660564752246587817144249698118611074911061187626140754429306578884898095116510555810942627764467245810598277119141113742608011841983463944410469867424643313675310062597234983157066538572943899435	25	0,0,0,0,0,0,0,0,0,0,0,0	-2,0,0	ok
-1.891892	-8.348348	-67.343548	0.819515	continued:5	37382954118278832773895244218236686338908646550437400502358118064530753024550062640906067170928616739335301863382037085201145976272239453658981262846128190508219395966448887917209180943430756816343660564752246587817144249698118611074911061187626140754429306578884898095116510555810942627764467245810598277119141113742608011841983463944410469867424643313675310062597234983157066538572943899435	25	0,0,0,0,0,0,0,0,0,0,0,0	-2,0,0	ok
-1.887888	-8.348348	-67.343156	0.818679	continued:5	37382954118278832773895244218236686338908646550437400502358118064530753024550062640906067170928616739335301863382037085201145976272239453658981262846128190508219395966448887917209180943430756816343660564752246587817144249698118611074911061187626140754429306578884898095116510555810942627764467245810598277119141113742608011841983463944410469867424643313675310062597234983157066538572943899435	25	0,0,0,0,0,0,0,0,0,0,0,0	-2,0,0	ok
-1.883884	-8.348348	-67.342711	0.817765	continued:5	37382954118278832773895244218236686338908646550437400502358118064530753024550062640906067170928616739335301863382037085201145976272239453658981262846128190508219395966448887917209180943430756816343660564752246587817144249698118611074911061187626140754429306578884898095116510555810942627764467245810598277119141113742608011841983463944410469867424643313675310062597234983157066538572943899435	25	0,0,0,0,0,0,0,0,0,0,0,0	-2,0,0	ok
-1.879880	-8.348348	-67.342569	0.817056	continued:5	37382954118278832773895244218236686338908646550437400502358118064530753024550062640906067170928616739335301863382037085201145976272239453658981262846128190508219395966448887917209180943430756816343660564752246587817144249698118611074911061187626140754429306578884898095116510555810942627764467245810598277119141113742608011841983463944410469867424643313675310062597234983157066538572943899435	25	0,0,0,0,0,0,0,0,0,0,0,0	-2,0,0	ok
-1.875876	-8.348348	-67.342115	0.816142	continued:5	37382954118278832773895244218236686338908646550437400502358118064530753024550062640906067170928616739335301863382037085201145976272239453658981262846128190508219395966448887917209180943430756816343660564752246587817144249698118611074911061187626140754429306578884898095116510555810942627764467245810598277119141113742608011841983463944410469867424643313675310062597234983157066538572943899435	25	0,0,0,0,0,0,0,0,0,0,0,0	-2,0,0	ok
-1.871872	-8.348348	-67.341965	0.815433	continued:5	37382954118278832773895244218236686338908646550437400502358118064530753024550062640906067170928616739335301863382037085201145976272239453658981262846128190508219395966448887917209180943430756816343660564752246587817144249698118611074911061187626140754429306578884898095116510555810942627764467245810598277119141113742608011841983463944410469867424643313675310062597234983157066538572943899435	25	0,0,0,0,0,0,0,0,0,0,0,0	-2,0,0	ok
-1.867868	-8.348348	-67.341503	0.814519	continued:5	37382954118278832773895244218236686338908646550437400502358118064530753024550062640906067170928616739335301863382037085201145976272239453658981262846128190508219395966448887917209180943430756816343660564752246587817144249698118611074911061187626140754429306578884898095116510555810942627764467245810598277119141113742608011841983463944410469867424643313675310062597234983157066538572943899435	25	0,0,0,0,0,0,0,0,0,0,0,0	-2,0,0	ok
-1.863864	-8.348348	-67.341346	0.813810	continued:5	37382954118278832773895244218236686338908646550437400502358118064530753024550062640906067170928616739335301863382037085201145976272239453658981262846128190508219395966448887917209180943430756816343660564752246587817144249698118611074911061187626140754429306578884898095116510555810942627764467245810598277119141113742608011841983463944410469867424643313675310062597234983157066538572943899435	25	0,0,0,0,0,0,0,0,0,0,0,0	-2,0,0	ok
-1.859860	-8.348348	-67.340880	0.812895	continued:5	37382954118278832773895244218236686338908646550437400502358118064530753024550062640906067170928616739335301863382037085201145976272239453658981262846128190508219395966448887917209180943430756816343660564752246587817144249698118611074911061187626140754429306578884898095116510555810942627764467245810598277119141113742608011841983463944410469867424643313675310062597234983157066538572943899435	82	0,0,0,0,0,0,0,0,0,0,0,0	-5,0,0	ok
-1.855856	-8.348348	-67.340731	0.812187	continued:5	37382954118278832773895244218236686338908646550437400502358118064530753024550062640906067170928616739335301863382037085201145976272239453658981262846128190508219395966448887917209180943430756816343660564752246587817144249698118611074911061187626140754429306578884898095116510555810942627764467245810598277119141113742608011841983463944410469867424643313675310062597234983157066538572943899435	82	0,0,0,0,0,0,0,0,0,0,0,0	-5,0,0	ok
-1.851852	-8.348348	-67.340298	0.811351	continued:5	37382954118278832773895244218236686338908646550437400502358118064530753024550062640906067170928616739335301863382037085201145976272239453658981262846128190508219395966448887917209180943430756816343660564752246587817144249698118611074911061187626140754429306578884898095116510555810942627764467245810598277119141113742608011841983463944410469867424643313675310062597234983157066538572943899435	82	0,0,0,0,0,0,0,0,0,0,0,0	-5,0,0	ok
-1.847848	-8.348348	-67.339812	0.810436	continued:5	37382954118278832773895244218236686338908646550437400502358118064530753024550062640906067170928616739335301863382037085201145976272239453658981262846128190508219395966448887917209180943430756816343660564752246587817144249698118611074911061187626140754429306578884898095116510555810942627764467245810598277119141113742608011841983463944410469867424643313675310062597234983157066538572943899435	82	0,0,0,0,0,0,0,0,0,0,0,0	-5,0,0	ok
-1.843844	-8.348348	-67.339635	0.809728	continued:5	37382954118278832773895244218236686338908646550437400502358118064530753024550062640906067170928616739335301863382037085201145976272239453658981262846128190508219395966448887917209180943430756816343660564752246587817144249698118611074911061187626140754429306578884898095116510555810942627764467245810598277119141113742608011841983463944410469867424643313675310062597234983157066538572943899435	82	0,0,0,0,0,0,0,0,0,0,0,0	-5,0,0	ok
-1.839840	-8.348348	-67.339145	0.808813	continued:5	37382954118278832773895244218236686338908646550437400502358118064530753024550062640906067170928616739335301863382037085201145976272239453658981262846128190508219395966448887917209180943430756816343660564752246587817144249698118611074911061187626140754429306578884898095116510555810942627764467245810598277119141113742608011841983463944410469867424643313675310062597234983157066538572943899435	82	0,0,0,0,0,0,0,0,0,0,0,0	-5,0,0	ok
-1.835836	-8.348348	-67.338976	0.808105	continued:5	37382954118278832773895244218236686338908646550437400502358118064530753024550062640906067170928616739335301863382037085201145976272239453658981262846128190508219395966448887917209180943430756816343660564752246587817144249698118611074911061187626140754429306578884898095116510555810942627764467245810598277119141113742608011841983463944410469867424643313675310062597234983157066538572943899435	82	0,0,0,0,0,0,0,0,0,0,0,0	-5,0,0	ok
-1.831832	-8.348348	-67.338521	0.807269	continued:5	37382954118278832773895244218236686338908646550437400502358118064530753024550062640906067170928616739335301863382037085201145976272239453658981262846128190508219395966448887917209180943430756816343660564752246587817144249698118611074911061187626140754429306578884898095116510555810942627764467245810598277119141113742608011841983463944410469867424643313675310062597234983157066538572943899435	82	0,0,0,0,0,0,0,0,0,0,0,0	-5,0,0	ok
-1.827828	-8.348348	-67.338017	0.806354	continued:5	37382954118278832773895244218236686338908646550437400502358118064530753024550062640906067170928616739335301863382037085201145976272239453658981262846128190508219395966448887917209180943430756816343660564752246587817144249698118611074911061187626140754429306578884898095116510555810942627764467245810598277119141113742608011841983463944410469867424643313675310062597234983157066538572943899435	82	0,0,0,0,0,0,0,0,0,0,0,0	-5,0,0	ok
-1.823824	-8.348348	-67.337835	0.805646	continued:5	37382954118278832773895244218236686338908646550437400502358118064530753024550062640906067170928616739335301863382037085201145976272239453658981262846128190508219395966448887917209180943430756816343660564752246587817144249698118611074911061187626140754429306578884898095116510555810942627764467245810598277119141113742608011841983463944410469867424643313675310062597234983157066538572943899435	82	0,0,0,0,0,0,0,0,0,0,0,0	-5,0,0	ok
-1.819820	-8.348348	-67.337367	0.804810	continued:5	37382954118278832773895244218236686338908646550437400502358118064530753024550062640906067170928616739335301863382037085201145976272239453658981262846128190508219395966448887917209180943430756816343660564752246587817144249698118611074911061187626140754429306578884898095116510555810942627764467245810598277119141113742608011841983463944410469867424643313675310062597234983157066538572943899435	25	0,0,0,0,0,0,0,0,0,0,0,0	-2,0,0	ok
-1.815816	-8.348348	-67.336848	0.803895	continued:5	37382954118278832773895244218236686338908646550437400502358118064530753024550062640906067170928616739335301863382037085201145976272239453658981262846128190508219395966448887917209180943430756816343660564752246587817144249698118611074911061187626140754429306578884898095116510555810942627764467245810598277119141113742608011841983463944410469867424643313675310062597234983157066538572943899435	82	0,0,0,0,0,0,0,0,0,0,0,0	-5,0,0	ok
-1.811812	-8.348348	-67.336654	0.803187	continued:5	37382954118278832773895244218236686338908646550437400502358118064530753024550062640906067170928616739335301863382037085201145976272239453658981262846128190508219395966448887917209180943430756816343660564752246587817144249698118611074911061187626140754429306578884898095116510555810942627764467245810598277119141113742608011841983463944410469867424643313675310062597234983157066538572943899435	82	0,0,0,0,0,0,0,0,0,0,0,0	-5,0,0	ok
-1.807808	-8.348348	-67.336171	0.802351	continued:5	37382954118278832773895244218236686338908646550437400502358118064530753024550062640906067170928616739335301863382037085201145976272239453658981262846128190508219395966448887917209180943430756816343660564752246587817144249698118611074911061187626140754429306578884898095116510555810942627764467245810598277119141113742608011841983463944410469867424643313675310062597234983157066538572943899435	25	0,0,0,0,0,0,0,0,0,0,0,0	-2,0,0	ok
-1.803804	-8.348348	-67.335638	0.801436	continued:5	37382954118278832773895244218236686338908646550437400502358118064530753024550062640906067170928616739335301863382037085201145976272239453658981262846128190508219395966448887917209180943430756816343660564752246587817144249698118611074911061187626140754429306578884898095116510555810942627764467245810598277119141113742608011841983463944410469867424643313675310062597234983157066538572943899435	25	0,0,0,0,0,0,0,0,0,0,0,0	-2,0,0	ok
-1.799800	-8.348348	-67.335431	0.800728	continued:5	37382954118278832773895244218236686338908646550437400502358118064530753024550062640906067170928616739335301863382037085201145976272239453658981262846128190508219395966448887917209180943430756816343660564752246587817144249698118611074911061187626140754429306578884898095116510555810942627764467245810598277119141113742608011841983463944410469867424643313675310062597234983157066538572943899435	25	0,0,0,0,0,0,0,0,0,0,0,0	-2,0,0	ok
-1.795796	-8.348348	-67.334934	0.799892	continued:5	37382954118278832773895244218236686338908646550437400502358118064530753024550062640906067170928616739335301863382037085201145976272239453658981262846128190508219395966448887917209180943430756816343660564752246587817144249698118611074911061187626140754429306578884898095116510555810942627764467245810598277119141113742608011841983463944410469867424643313675310062597234983157066538572943899435	25	0,0,0,0,0,0,0,0,0,0,0,0	-2,0,0	ok
-1.791792	-8.348348	-67.334389	0.798977	continued:5	37382954118278832773895244218236686338908646550437400502358118064530753024550062640906067170928616739335301863382037085201145976272239453658981262846128190508219395966448887917209180943430756816343660564752246587817144249698118611074911061187626140754429306578884898095116510555810942627764467245810598277119141113742608011841983463944410469867424643313675310062597234983157066538572943899435	25	0,0,0,0,0,0,0,0,0,0,0,0	-2,0,0	ok
-1.787788	-8.348348	-67.334175	0.798269	continued:5	37382954118278832773895244218236686338908646550437400502358118064530753024550062640906067170928616739335301863382037085201145976272239453658981262846128190508219395966448887917209180943430756816343660564752246587817144249698118611074911061187626140754429306578884898095116510555810942627764467245810598277119141113742608011841983463944410469867424643313675310062597234983157066538572943899435	25	0,0,0,0,0,0,0,0,0,0,0,0	-2,0,0	ok
-1.783784	-8.348348	-67.333681	0.797433	continued:5	37382954118278832773895244218236686338908646550437400502358118064530753024550062640906067170928616739335301863382037085201145976272239453658981262846128190508219395966448887917209180943430756816343660564752246587817144249698118611074911061187626140754429306578884898095116510555810942627764467245810598277119141113742608011841983463944410469867424643313675310062597234983157066538572943899435	25	0,0,0,0,0,0,0,0,0,0,0,0	-2,0,0	ok
-1.779780	-8.348348	-67.333166	0.796597	continued:5	37382954118278832773895244218236686338908646550437400502358118064530753024550062640906067170928616739335301863382037085201145976272239453658981262846128190508219395966448887917209180943430756816343660564752246587817144249698118611074911061187626140754429306578884898095116510555810942627764467245810598277119141113742608011841983463944410469867424643313675310062597234983157066538572943899435	25	0,0,0,0,0,0,0,0,0,0,0,0	-2,0,0	ok
-1.775776	-8.348348	-67.332602	0.795683	continued:5	37382954118278832773895244218236686338908646550437400502358118064530753024550062640906067170928616739335301863382037085201145976272239453658981262846128190508219395966448887917209180943430756816343660564752246587817144249698118611074911061187626140754429306578884898095116510555810942627764467245810598277119141113742608011841983463944410469867424643313675310062597234983157066538572943899435	25	0,0,0,0,0,0,0,0,0,0,0,0	-2,0,0	ok
-1.771772	-8.348348	-67.332372	0.794974	continued:5	37382954118278832773895244218236686338908646550437400502358118064530753024550062640906067170928616739335301863382037085201145976272239453658981262846128190508219395966448887917209180943430756816343660564752246587817144249698118611074911061187626140754429306578884898095116510555810942627764467245810598277119141113742608011841983463944410469867424643313675310062597234983157066538572943899435	25	0,0,0,0,0,0,0,0,0,0,0,0	-2,0,0	ok
-1.767768	-8.348348	-67.331864	0.794138	continued:5	37382954118278832773895244218236686338908646550437400502358118064530753024550062640906067170928616739335301863382037085201145976272239453658981262846128190508219395966448887917209180943430756816343660564752246587817144249698118611074911061187626140754429306578884898095116510555810942627764467245810598277119141113742608011841983463944410469867424643313675310062597234983157066538572943899435	25	0,0,0,0,0,0,0,0,0,0,0,0	-2,0,0	ok
-1.763764	-8.348348	-67.331346	0.793303	continued:5	37382954118278832773895244218236686338908646550437400502358118064530753024550062640906067170928616739335301863382037085201145976272239453658981262846128190508219395966448887917209180943430756816343660564752246587817144249698118611074911061187626140754429306578884898095116510555810942627764467245810598277119141113742608011841983463944410469867424643313675310062597234983157066538572943899435	25	0,0,0,0,0,0,0,0,0,0,0,0	-2,0,0	ok
-1.759760	-8.348348	-67.330807	0.792467	continued:5	37382954118278832773895244218236686338908646550437400502358118064530753024550062640906067170928616739335301863382037085201145976272239453658981262846128190508219395966448887917209180943430756816343660564752246587817144249698118611074911061187626140754429306578884898095116510555810942627764467245810598277119141113742608011841983463944410469867424643313675310062597234983157066538572943899435	25	0,0,0,0,0,0,0,0,0,0,0,0	-2,0,0	ok
-1.755756	-8.348348	-67.330218	0.791552	continued:5	37382954118278832773895244218236686338908646550437400502358118064530753024550062640906067170928616739335301863382037085201145976272239453658981262846128190508219395966448887917209180943430756816343660564752246587817144249698118611074911061187626140754429306578884898095116510555810942627764467245810598277119141113742608011841983463944410469867424643313675310062597234983157066538572943899435	25	0,0,0,0,0,0,0,0,0,0,0,0	-2,0,0	ok
-1.751752	-8.348348	-67.329966	0.790844	continued:5	37382954118278832773895244218236686338908646550437400502358118064530753024550062640906067170928616739335301863382037085201145976272239453658981262846128190508219395966448887917209180943430756816343660564752246587817144249698118611074911061187626140754429306578884898095116510555810942627764467245810598277119141113742608011841983463944410469867424643313675310062597234983157066538572943899435	25	0,0,0,0,0,0,0,0,0,0,0,0	-2,0,0	ok
-1.747748	-8.348348	-67.329434	0.790008	continued:5	37382954118278832773895244218236686338908646550437400502358118064530753024550062640906067170928616739335301863382037085201145976272239453658981262846128190508219395966448887917209180943430756816343660564752246587817144249698118611074911061187626140754429306578884898095116510555810942627764467245810598277119141113742608011841983463944410469867424643313675310062597234983157066538572943899435	25	0,0,0,0,0,0,0,0,0,0,0,0	-2,0,0	ok
-1.743744	-8.348348	-67.328892	0.789172	continued:5	37382954118278832773895244218236686338908646550437400502358118064530753024550062640906067170928616739335301863382037085201145976272239453658981262846128190508219395966448887917209180943430756816343660564752246587817144249698118611074911061187626140754429306578884898095116510555810942627764467245810598277119141113742608011841983463944410469867424643313675310062597234983157066538572943899435	25	0,0,0,0,0,0,0,0,0,0,0,0	-2,0,0	ok
-1.739740	-8.348348	-67.328328	0.788336	continued:5	37382954118278832773895244218236686338908646550437400502358118064530753024550062640906067170928616739335301863382037085201145976272239453658981262846128190508219395966448887917209180943430756816343660564752246587817144249698118611074911061187626140754429306578884898095116510555810942627764467245810598277119141113742608011841983463944410469867424643313675310062597234983157066538572943899435	25	0,0,0,0,0,0,0,0,0,0,0,0	-2,0,0	ok
-1.735736	-8.348348	-67.327715	0.787421	continued:5	37382954118278832773895244218236686338908646550437400502358118064530753024550062640906067170928616739335301863382037085201145976272239453658981262846128190508219395966448887917209180943430756816343660564752246587817144249698118611074911061187626140754429306578884898095116510555810942627764467245810598277119141113742608011841983463944410469867424643313675310062597234983157066538572943899435	25	0,0,0,0,0,0,0,0,0,0,0,0	-2,0,0	ok
-1.731732	-8.348348	-67.327442	0.786713	continued:5	37382954118278832773895244218236686338908646550437400502358118064530753024550062640906067170928616739335301863382037085201145976272239453658981262846128190508219395966448887917209180943430756816343660564752246587817144249698118611074911061187626140754429306578884898095116510555810942627764467245810598277119141113742608011841983463944410469867424643313675310062597234983157066538572943899435	25	0,0,0,0,0,0,0,0,0,0,0,0	-2,0,0	ok
-1.727728	-8.348348	-67.326889	0.785877	continued:5	37382954118278832773895244218236686338908646550437400502358118064530753024550062640906067170928616739335301863382037085201145976272239453658981262846128190508219395966448887917209180943430756816343660564752246587817144249698118611074911061187626140754429306578884898095116510555810942627764467245810598277119141113742608011841983463944410469867424643313675310062597234983157066538572943899435	25	0,0,0,0,0,0,0,0,0,0,0,0	-2,0,0	ok
-1.723724	-8.348348	-67.326332	0.785041	continued:5	37382954118278832773895244218236686338908646550437400502358118064530753024550062640906067170928616739335301863382037085201145976272239453658981262846128190508219395966448887917209180943430756816343660564752246587817144249698118611074911061187626140754429306578884898095116510555810942627764467245810598277119141113742608011841983463944410469867424643313675310062597234983157066538572943899435	25	0,0,0,0,0,0,0,0,0,0,0,0	-2,0,0	ok
-1.719720	-8.348348	-67.325769	0.784205	continued:5	37382954118278832773895244218236686338908646550437400502358118064530753024550062640906067170928616739335301863382037085201145976272239453658981262846128190508219395966448887917209180943430756816343660564752246587817144249698118611074911061187626140754429306578884898095116510555810942627764467245810598277119141113742608011841983463944410469867424643313675310062597234983157066538572943899435	25	0,0,0,0,0,0,0,0,0,0,0,0	-2,0,0	ok
-1.715716	-8.348348	-67.325201	0.783369	continued:5	37382954118278832773895244218236686338908646550437400502358118064530753024550062640906067170928616739335301863382037085201145976272239453658981262846128190508219395966448887917209180943430756816343660564752246587817144249698118611074911061187626140754429306578884898095116510555810942627764467245810598277119141113742608011841983463944410469867424643313675310062597234983157066538572943899435	25	0,0,0,0,0,0,0,0,0,0,0,0	-2,0,0	ok
-1.711712	-8.348348	-67.324628	0.782533	continued:5	37382954118278832773895244218236686338908646550437400502358118064530753024550062640906067170928616739335301863382037085201145976272239453658981262846128190508219395966448887917209180943430756816343660564752246587817144249698118611074911061187626140754429306578884898095116510555810942627764467245810598277119141113742608011841983463944410469867424643313675310062597234983157066538572943899435	82	0,0,0,0,0,0,0,0,0,0,0,0	-5,0,0	ok
-1.707708	-8.348348	-67.324050	0.781697	continued:5	37382954118278832773895244218236686338908646550437400502358118064530753024550062640906067170928616739335301863382037085201145976272239453658981262846128190508219395966448887917209180943430756816343660564752246587817144249698118611074911061187626140754429306578884898095116510555810942627764467245810598277119141113742608011841983463944410469867424643313675310062597234983157066538572943899435	40	0,0,0,0,0,0,0,0,0,0,0,0	-3,0,0	ok
-1.703704	-8.348348	-67.323468	0.780861	continued:5	37382954118278832773895244218236686338908646550437400502358118064530753024550062640906067170928616739335301863382037085201145976272239453658981262846128190508219395966448887917209180943430756816343660564752246587817144249698118611074911061187626140754429306578884898095116510555810942627764467245810598277119141113742608011841983463944410469867424643313675310062597234983157066538572943899435	861	0,0,0,0,0,0,0,0,0,0,0,0	0,-3,0,0	ok
-1.699700	-8.348348	-67.322880	0.780025	continued:5	37382954118278832773895244218236686338908646550437400502358118064530753024550062640906067170928616739335301863382037085201145976272239453658981262846128190508219395966448887917209180943430756816343660564752246587817144249698118611074911061187626140754429306578884898095116510555810942627764467245810598277119141113742608011841983463944410469867424643313675310062597234983157066538572943899435	861	0,0,0,0,0,0,0,0,0,0,0,0	0,-3,0,0	ok
-1.695696	-8.348348	-67.322287	0.779189	continued:5	37382954118278832773895244218236686338908646550437400502358118064530753024550062640906067170928616739335301863382037085201145976272239453658981262846128190508219395966448887917209180943430756816343660564752246587817144249698118611074911061187626140754429306578884898095116510555810942627764467245810598277119141113742608011841983463944410469867424643313675310062597234983157066538572943899435	861	0,0,0,0,0,0,0,0,0,0,0,0	0,-3,0,0	ok
-1.691692	-8.348348	-67.321689	0.778354	continued:5	37382954118278832773895244218236686338908646550437400502358118064530753024550062640906067170928616739335301863382037085201145976272239453658981262846128190508219395966448887917209180943430756816343660564752246587817144249698118611074911061187626140754429306578884898095116510555810942627764467245810598277119141113742608011841983463944410469867424643313675310062597234983157066538572943899435	82	0,0,0,0,0,0,0,0,0,0,0,0	-5,0,0	ok
-1.687688	-8.348348	-67.321086	0.777518	continued:5	37382954118278832773895244218236686338908646550437400502358118064530753024550062640906067170928616739335301863382037085201145976272239453658981262846128190508219395966448887917209180943430756816343660564752246587817144249698118611074911061187626140754429306578884898095116510555810942627764467245810598277119141113742608011841983463944410469867424643313675310062597234983157066538572943899435	82	0,0,0,0,0,0,0,0,0,0,0,0	-5,0,0	ok
-1.683684	-8.348348	-67.320478	0.776682	continued:5	37382954118278832773895244218236686338908646550437400502358118064530753024550062640906067170928616739335301863382037085201145976272239453658981262846128190508219395966448887917209180943430756816343660564752246587817144249698118611074911061187626140754429306578884898095116510555810942627764467245810598277119141113742608011841983463944410469867424643313675310062597234983157066538572943899435	82	0,0,0,0,0,0,0,0,0,0,0,0	-5,0,0	ok
-1.679680	-8.348348	-67.319865	0.775846	continued:5	37382954118278832773895244218236686338908646550437400502358118064530753024550062640906067170928616739335301863382037085201145976272239453658981262846128190508219395966448887917209180943430756816343660564752246587817144249698118611074911061187626140754429306578884898095116510555810942627764467245810598277119141113742608011841983463944410469867424643313675310062597234983157066538572943899435	82	0,0,0,0,0,0,0,0,0,0,0,0	-5,0,0	ok
-1.675676	-8.348348	-67.319247	0.775010	continued:5	37382954118278832773895244218236686338908646550437400502358118064530753024550062640906067170928616739335301863382037085201145976272239453658981262846128190508219395966448887917209180943430756816343660564752246587817144249698118611074911061187626140754429306578884898095116510555810942627764467245810598277119141113742608011841983463944410469867424643313675310062597234983157066538572943899435	59	0,0,0,0,0,0,0,0,0,0,0,0	-4,0,0	ok
-1.671672	-8.348348	-67.318624	0.774174	continued:5	37382954118278832773895244218236686338908646550437400502358118064530753024550062640906067170928616739335301863382037085201145976272239453658981262846128190508219395966448887917209180943430756816343660564752246587817144249698118611074911061187626140754429306578884898095116510555810942627764467245810598277119141113742608011841983463944410469867424643313675310062597234983157066538572943899435	59	0,0,0,0,0,0,0,0,0,0,0,0	-4,0,0	ok
-1.667668	-8.348348	-67.317995	0.773338	continued:5	37382954118278832773895244218236686338908646550437400502358118064530753024550062640906067170928616739335301863382037085201145976272239453658981262846128190508219395966448887917209180943430756816343660564752246587817144249698118611074911061187626140754429306578884898095116510555810942627764467245810598277119141113742608011841983463944410469867424643313675310062597234983157066538572943899435	59	0,0,0,0,0,0,0,0,0,0,0,0	-4,0,0	ok
-1.663664	-8.348348	-67.317362	0.772502	continued:5	37382954118278832773895244218236686338908646550437400502358118064530753024550062640906067170928616739335301863382037085201145976272239453658981262846128190508219395966448887917209180943430756816343660564752246587817144249698118611074911061187626140754429306578884898095116510555810942627764467245810598277119141113742608011841983463944410469867424643313675310062597234983157066538572943899435	59	0,0,0,0,0,0,0,0,0,0,0,0	-4,0,0	ok
-1.659660	-8.348348	-67.316723	0.771666	continued:5	37382954118278832773895244218236686338908646550437400502358118064530753024550062640906067170928616739335301863382037085201145976272239453658981262846128190508219395966448887917209180943430756816343660564752246587817144249698118611074911061187626140754429306578884898095116510555810942627764467245810598277119141113742608011841983463944410469867424643313675310062597234983157066538572943899435	69175075035	0,0,0,0,0,0,0,0,0,0,0,0	0,0,0,-3,0,0	ok
-1.655656	-8.348348	-67.316079	0.770830	continued:5	37382954118278832773895244218236686338908646550437400502358118064530753024550062640906067170928616739335301863382037085201145976272239453658981262846128190508219395966448887917209180943430756816343660564752246587817144249698118611074911061187626140754429306578884898095116510555810942627764467245810598277119141113742608011841983463944410469867424643313675310062597234983157066538572943899435	59	0,0,0,0,0,0,0,0,0,0,0,0	-4,0,0	ok
-1.651652	-8.348348	-67.315429	0.769994	continued:5	37382954118278832773895244218236686338908646550437400502358118064530753024550062640906067170928616739335301863382037085201145976272239453658981262846128190508219395966448887917209180943430756816343660564752246587817144249698118611074911061187626140754429306578884898095116510555810942627764467245810598277119141113742608011841983463944410469867424643313675310062597234983157066538572943899435	861	0,0,0,0,0,0,0,0,0,0,0,0	0,-3,0,0	ok
-1.647648	-8.348348	-67.314772	0.769158	continued:5	37382954118278832773895244218236686338908646550437400502358118064530753024550062640906067170928616739335301863382037085201145976272239453658981262846128190508219395966448887917209180943430756816343660564752246587817144249698118611074911061187626140754429306578884898095116510555810942627764467245810598277119141113742608011841983463944410469867424643313675310062597234983157066538572943899435	371953	0,0,0,0,0,0,0,0,0,0,0,0	0,0,-3,0,0	ok
-1.643644	-8.348348	-67.314104	0.768322	continued:5	37382954118278832773895244218236686338908646550437400502358118064530753024550062640906067170928616739335301863382037085201145976272239453658981262846128190508219395966448887917209180943430756816343660564752246587817144249698118611074911061187626140754429306578884898095116510555810942627764467245810598277119141113742608011841983463944410469867424643313675310062597234983157066538572943899435	861	0,0,0,0,0,0,0,0,0,0,0,0	0,-3,0,0	ok
-1.639640	-8.348348	-67.313416	0.767487	continued:5	37382954118278832773895244218236686338908646550437400502358118064530753024550062640906067170928616739335301863382037085201145976272239453658981262846128190508219395966448887917209180943430756816343660564752246587817144249698118611074911061187626140754429306578884898095116510555810942627764467245810598277119141113742608011841983463944410469867424643313675310062597234983157066538572943899435	82	0,0,0,0,0,0,0,0,0,0,0,0	-5,0,0	ok
-1.635636	-8.348348	-67.312682	0.766651	continued:5	37382954118278832773895244218236686338908646550437400502358118064530753024550062640906067170928616739335301863382037085201145976272239453658981262846128190508219395966448887917209180943430756816343660564752246587817144249698118611074911061187626140754429306578884898095116510555810942627764467245810598277119141113742608011841983463944410469867424643313675310062597234983157066538572943899435	82	0,0,0,0,0,0,0,0,0,0,0,0	-5,0,0	ok
-1.631632	-8.348348	-67.311830	0.765736	continued:5	37382954118278832773895244218236686338908646550437400502358118064530753024550062640906067170928616739335301863382037085201145976272239453658981262846128190508219395966448887917209180943430756816343660564752246587817144249698118611074911061187626140754429306578884898095116510555810942627764467245810598277119141113742608011841983463944410469867424643313675310062597234983157066538572943899435	82	0,0,0,0,0,0,0,0,0,0,0,0	-5,0,0	ok
-1.627628	-8.348348	-67.311149	0.764900	continued:5	37382954118278832773895244218236686338908646550437400502358118064530753024550062640906067170928616739335301863382037085201145976272239453658981262846128190508219395966448887917209180943430756816343660564752246587817144249698118611074911061187626140754429306578884898095116510555810942627764467245810598277119141113742608011841983463944410469867424643313675310062597234983157066538572943899435	82	0,0,0,0,0,0,0,0,0,0,0,0	-5,0,0	ok
-1.623624	-8.348348	-67.310462	0.764064	continued:5	37382954118278832773895244218236686338908646550437400502358118064530753024550062640906067170928616739335301863382037085201145976272239453658981262846128190508219395966448887917209180943430756816343660564752246587817144249698118611074911061187626140754429306578884898095116510555810942627764467245810598277119141113742608011841983463944410469867424643313675310062597234983157066538572943899435	82	0,0,0,0,0,0,0,0,0,0,0,0	-5,0,0	ok
-1.619620	-8.348348	-67.309768	0.763228	continued:5	37382954118278832773895244218236686338908646550437400502358118064530753024550062640906067170928616739335301863382037085201145976272239453658981262846128190508219395966448887917209180943430756816343660564752246587817144249698118611074911061187626140754429306578884898095116510555810942627764467245810598277119141113742608011841983463944410469867424643313675310062597234983157066538572943899435	82	0,0,0,0,0,0,0,0,0,0,0,0	-5,0,0	ok
-1.615616	-8.348348	-67.309063	0.762392	continued:5	37382954118278832773895244218236686338908646550437400502358118064530753024550062640906067170928616739335301863382037085201145976272239453658981262846128190508219395966448887917209180943430756816343660564752246587817144249698118611074911061187626140754429306578884898095116510555810942627764467245810598277119141113742608011841983463944410469867424643313675310062597234983157066538572943899435	109	0,0,0,0,0,0,0,0,0,0,0,0	-6,0,0	ok
-1.611612	-8.348348	-67.308338	0.761556	continued:5	37382954118278832773895244218236686338908646550437400502358118064530753024550062640906067170928616739335301863382037085201145976272239453658981262846128190508219395966448887917209180943430756816343660564752246587817144249698118611074911061187626140754429306578884898095116510555810942627764467245810598277119141113742608011841983463944410469867424643313675310062597234983157066538572943899435	109	0,0,0,0,0,0,0,0,0,0,0,0	-6,0,0	ok
-1.607608	-8.348348	-67.307566	0.760720	continued:5	37382954118278832773895244218236686338908646550437400502358118064530753024550062640906067170928616739335301863382037085201145976272239453658981262846128190508219395966448887917209180943430756816343660564752246587817144249698118611074911061187626140754429306578884898095116510555810942627764467245810598277119141113742608011841983463944410469867424643313675310062597234983157066538572943899435	109	0,0,0,0,0,0,0,0,0,0,0,0	-6,0,0	ok
-1.603604	-8.348348	-67.306673	0.759805	continued:5	37382954118278832773895244218236686338908646550437400502358118064530753024550062640906067170928616739335301863382037085201145976272239453658981262846128190508219395966448887917209180943430756816343660564752246587817144249698118611074911061187626140754429306578884898095116510555810942627764467245810598277119141113742608011841983463944410469867424643313675310062597234983157066538572943899435	109	0,0,0,0,0,0,0,0,0,0,0,0	-6,0,0	ok
-1.599600	-8.348348	-67.305952	0.758969	continued:5	37382954118278832773895244218236686338908646550437400502358118064530753024550062640906067170928616739335301863382037085201145976272239453658981262846128190508219395966448887917209180943430756816343660564752246587817144249698118611074911061187626140754429306578884898095116510555810942627764467245810598277119141113742608011841983463944410469867424643313675310062597234983157066538572943899435	109	0,0,0,0,0,0,0,0,0,0,0,0	-6,0,0	ok
-1.595596	-8.348348	-67.305221	0.758134	continued:5	37382954118278832773895244218236686338908646550437400502358118064530753024550062640906067170928616739335301863382037085201145976272239453658981262846128190508219395966448887917209180943430756816343660564752246587817144249698118611074911061187626140754429306578884898095116510555810942627764467245810598277119141113742608011841983463944410469867424643313675310062597234983157066538572943899435	109	0,0,0,0,0,0,0,0,0,0,0,0	-6,0,0	ok
-1.591592	-8.348348	-67.304468	0.757298	continued:5	37382954118278832773895244218236686338908646550437400502358118064530753024550062640906067170928616739335301863382037085201145976272239453658981262846128190508219395966448887917209180943430756816343660564752246587817144249698118611074911061187626140754429306578884898095116510555810942627764467245810598277119141113742608011841983463944410469867424643313675310062597234983157066538572943899435	109	0,0,0,0,0,0,0,0,0,0,0,0	-6,0,0	ok
-1.587588	-8.348348	-67.303668	0.756462	continued:5	37382954118278832773895244218236686338908646550437400502358118064530753024550062640906067170928616739335301863382037085201145976272239453658981262846128190508219395966448887917209180943430756816343660564752246587817144249698118611074911061187626140754429306578884898095116510555810942627764467245810598277119141113742608011841983463944410469867424643313675310062597234983157066538572943899435	109	0,0,0,0,0,0,0,0,0,0,0,0	-6,0,0	ok
-1.583584	-8.348348	-67.302744	0.755547	continued:5	37382954118278832773895244218236686338908646550437400502358118064530753024550062640906067170928616739335301863382037085201145976272239453658981262846128190508219395966448887917209180943430756816343660564752246587817144249698118611074911061187626140754429306578884898095116510555810942627764467245810598277119141113742608011841983463944410469867424643313675310062597234983157066538572943899435	109	0,0,0,0,0,0,0,0,0,0,0,0	-6,0,0	ok
-1.579580	-8.348348	-67.301990	0.754711	continued:5	37382954118278832773895244218236686338908646550437400502358118064530753024550062640906067170928616739335301863382037085201145976272239453658981262846128190508219395966448887917209180943430756816343660564752246587817144249698118611074911061187626140754429306578884898095116510555810942627764467245810598277119141113742608011841983463944410469867424643313675310062597234983157066538572943899435	82	0,0,0,0,0,0,0,0,0,0,0,0	-5,0,0	ok
-1.575576	-8.348348	-67.301215	0.753875	continued:5	37382954118278832773895244218236686338908646550437400502358118064530753024550062640906067170928616739335301863382037085201145976272239453658981262846128190508219395966448887917209180943430756816343660564752246587817144249698118611074911061187626140754429306578884898095116510555810942627764467245810598277119141113742608011841983463944410469867424643313675310062597234983157066538572943899435	82	0,0,0,0,0,0,0,0,0,0,0,0	-5,0,0	ok
-1.571572	-8.348348	-67.300391	0.753039	continued:5	37382954118278832773895244218236686338908646550437400502358118064530753024550062640906067170928616739335301863382037085201145976272239453658981262846128190508219395966448887917209180943430756816343660564752246587817144249698118611074911061187626140754429306578884898095116510555810942627764467245810598277119141113742608011841983463944410469867424643313675310062597234983157066538572943899435	82	0,0,0,0,0,0,0,0,0,0,0,0	-5,0,0	ok
-1.567568	-8.348348	-67.299438	0.752124	continued:5	37382954118278832773895244218236686338908646550437400502358118064530753024550062640906067170928616739335301863382037085201145976272239453658981262846128190508219395966448887917209180943430756816343660564752246587817144249698118611074911061187626140754429306578884898095116510555810942627764467245810598277119141113742608011841983463944410469867424643313675310062597234983157066538572943899435	82	0,0,0,0,0,0,0,0,0,0,0,0	-5,0,0	ok
-1.563564	-8.348348	-67.298647	0.751288	continued:5	37382954118278832773895244218236686338908646550437400502358118064530753024550062640906067170928616739335301863382037085201145976272239453658981262846128190508219395966448887917209180943430756816343660564752246587817144249698118611074911061187626140754429306578884898095116510555810942627764467245810598277119141113742608011841983463944410469867424643313675310062597234983157066538572943899435	82	0,0,0,0,0,0,0,0,0,0,0,0	-5,0,0	ok
-1.559560	-8.348348	-67.297807	0.750452	continued:5	37382954118278832773895244218236686338908646550437400502358118064530753024550062640906067170928616739335301863382037085201145976272239453658981262846128190508219395966448887917209180943430756816343660564752246587817144249698118611074911061187626140754429306578884898095116510555810942627764467245810598277119141113742608011841983463944410469867424643313675310062597234983157066538572943899435	82	0,0,0,0,0,0,0,0,0,0,0,0	-5,0,0	ok
-1.555556	-8.348348	-67.296842	0.749538	continued:5	37382954118278832773895244218236686338908646550437400502358118064530753024550062640906067170928616739335301863382037085201145976272239453658981262846128190508219395966448887917209180943430756816343660564752246587817144249698118611074911061187626140754429306578884898095116510555810942627764467245810598277119141113742608011841983463944410469867424643313675310062597234983157066538572943899435	861	0,0,0,0,0,0,0,0,0,0,0,0	0,-3,0,0	ok
-1.551552	-8.348348	-67.296047	0.748702	continued:5	37382954118278832773895244218236686338908646550437400502358118064530753024550062640906067170928616739335301863382037085201145976272239453658981262846128190508219395966448887917209180943430756816343660564752246587817144249698118611074911061187626140754429306578884898095116510555810942627764467245810598277119141113742608011841983463944410469867424643313675310062597234983157066538572943899435	109	0,0,0,0,0,0,0,0,0,0,0,0	-6,0,0	ok
-1.547548	-8.348348	-67.295227	0.747866	continued:5	37382954118278832773895244218236686338908646550437400502358118064530753024550062640906067170928616739335301863382037085201145976272239453658981262846128190508219395966448887917209180943430756816343660564752246587817144249698118611074911061187626140754429306578884898095116510555810942627764467245810598277119141113742608011841983463944410469867424643313675310062597234983157066538572943899435	82	0,0,0,0,0,0,0,0,0,0,0,0	-5,0,0	ok
-1.543544	-8.348348	-67.294347	0.747030	continued:5	37382954118278832773895244218236686338908646550437400502358118064530753024550062640906067170928616739335301863382037085201145976272239453658981262846128190508219395966448887917209180943430756816343660564752246587817144249698118611074911061187626140754429306578884898095116510555810942627764467245810598277119141113742608011841983463944410469867424643313675310062597234983157066538572943899435	109	0,0,0,0,0,0,0,0,0,0,0,0	-6,0,0	ok
-1.539540	-8.348348	-67.293311	0.746194	continued:5	37382954118278832773895244218236686338908646550437400502358118064530753024550062640906067170928616739335301863382037085201145976272239453658981262846128190508219395966448887917209180943430756816343660564752246587817144249698118611074911061187626140754429306578884898095116510555810942627764467245810598277119141113742608011841983463944410469867424643313675310062597234983157066538572943899435	109	0,0,0,0,0,0,0,0,0,0,0,0	-6,0,0	ok
-1.535536	-8.348348	-67.291850	0.748446	continued:5	37382954118278832773895244218236686338908646550437400502358118064530753024550062640906067170928616739335301863382037085201145976272239453658981262846128190508219395966448887917209180943430756816343660564752246587817144249698118611074911061187626140754429306578884898095116510555810942627764467245810598277119141113742608011841983463944410469867424643313675310062597234983157066538572943899435	109	0,0,0,0,0,0,0,0,0,0,0,0	-6,0,0	ok
-1.531532	-8.348348	-67.269232	0.748072	continued:5	37382954118278832773895244218236686338908646550437400502358118064530753024550062640906067170928616739335301863382037085201145976272239453658981262846128190508219395966448887917209180943430756816343660564752246587817144249698118611074911061187626140754429306578884898095116510555810942627764467245810598277119141113742608011841983463944410469867424643313675310062597234983157066538572943899435	82	0,0,0,0,0,0,0,0,0,0,0,0	-5,0,0	ok
-1.527528	-8.348348	-67.205244	0.745279	continued:5	37382954118278832773895244218236686338908646550437400502358118064530753024550062640906067170928616739335301863382037085201145976272239453658981262846128190508219395966448887917209180943430756816343660564752246587817144249698118611074911061187626140754429306578884898095116510555810942627764467245810598277119141113742608011841983463944410469867424643313675310062597234983157066538572943899435	82	0,0,0,0,0,0,0,0,0,0,0,0	-5,0,0	ok
-1.523524	-8.348348	-67.044908	0.744030	continued:5	37382954118278832773895244218236686338908646550437400502358118064530753024550062640906067170928616739335301863382037085201145976272239453658981262846128190508219395966448887917209180943430756816343660564752246587817144249698118611074911061187626140754429306578884898095116510555810942627764467245810598277119141113742608011841983463944410469867424643313675310062597234983157066538572943899435	82	0,0,0,0,0,0,0,0,0,0,0,0	-5,0,0	ok
-1.519520	-8.348348	-66.626621	0.743863	continued:5	37382954118278832773895244218236686338908646550437400502358118064530753024550062640906067170928616739335301863382037085201145976272239453658981262846128190508219395966448887917209180943430756816343660564752246587817144249698118611074911061187626140754429306578884898095116510555810942627764467245810598277119141113742608011841983463944410469867424643313675310062597234983157066538572943899435	82	0,0,0,0,0,0,0,0,0,0,0,0	-5,0,0	ok
-1.515516	-8.348348	-65.608197	0.745987	continued:5	37382954118278832773895244218236686338908646550437400502358118064530753024550062640906067170928616739335301863382037085201145976272239453658981262846128190508219395966448887917209180943430756816343660564752246587817144249698118611074911061187626140754429306578884898095116510555810942627764467245810598277119141113742608011841983463944410469867424643313675310062597234983157066538572943899435	82	0,0,0,0,0,0,0,0,0,0,0,0	-5,0,0	ok
-1.511512	-8.348348	-63.500966	0.747905	continued:5	37382954118278832773895244218236686338908646550437400502358118064530753024550062640906067170928616739335301863382037085201145976272239453658981262846128190508219395966448887917209180943430756816343660564752246587817144249698118611074911061187626140754429306578884898095116510555810942627764467245810598277119141113742608011841983463944410469867424643313675310062597234983157066538572943899435	82	0,0,0,0,0,0,0,0,0,0,0,0	-5,0,0	ok
-1.507508	-8.348348	-60.132795	0.750698	continued:5	37382954118278832773895244218236686338908646550437400502358118064530753024550062640906067170928616739335301863382037085201145976272239453658981262846128190508219395966448887917209180943430756816343660564752246587817144249698118611074911061187626140754429306578884898095116510555810942627764467245810598277119141113742608011841983463944410469867424643313675310062597234983157066538572943899435	109	0,0,0,0,0,0,0,0,0,0,0,0	-6,0,0	ok
-1.503504	-8.348348	-55.950185	0.753492	continued:5	37382954118278832773895244218236686338908646550437400502358118064530753024550062640906067170928616739335301863382037085201145976272239453658981262846128190508219395966448887917209180943430756816343660564752246587817144249698118611074911061187626140754429306578884898095116510555810942627764467245810598277119141113742608011841983463944410469867424643313675310062597234983157066538572943899435	109	0,0,0,0,0,0,0,0,0,0,0,0	-6,0,0	ok
-1.499499	-8.348348	-51.851848	0.756285	full	49	109	3,0,0	-6,0,0	ok
-1.495495	-8.348348								error: Could not locate the first local maximum of the reduced return map.
-1.491491	-8.348348								error: Could not locate the first local maximum of the reduced return map.
-1.487487	-8.348348								error: Could not locate the first local maximum of the reduced return map.
-1.483483	-8.348348								error: Could not locate the first local maximum of the reduced return map.
-1.479479	-8.348348								error: Could not locate the first local maximum of the reduced return map.
-1.475475	-8.348348								error: Could not locate the first local maximum of the reduced return map.
-1.471471	-8.348348								error: Could not locate the first local maximum of the reduced return map.
-1.467467	-8.348348								error: Could not locate the first local maximum of the reduced return map.
-1.463463	-8.348348								error: Could not locate the first local maximum of the reduced return map.
-1.459459	-8.348348								error: Could not locate the first local maximum of the reduced return map.
-1.455455	-8.348348								error: Could not locate the first local maximum of the reduced return map.
-1.451451	-8.348348								error: Could not locate the first local maximum of the reduced return map.
-1.447447	-8.348348								error: Could not locate the first local maximum of the reduced return map.
-1.443443	-8.348348								error: Could not locate the first local maximum of the reduced return map.
-1.439439	-8.348348								error: Could not locate the first local maximum of the reduced return map.
-1.435435	-8.348348								error: Could not locate the first local maximum of the reduced return map.
-1.431431	-8.348348								error: Could not locate the first local maximum of the reduced return map.
-1.427427	-8.348348								error: Could not locate the first local maximum of the reduced return map.
-1.423423	-8.348348								error: Could not locate the first local maximum of the reduced return map.
-1.419419	-8.348348								error: Could not locate the first local maximum of the reduced return map.
-1.415415	-8.348348								error: Could not locate the first local maximum of the reduced return map.
-1.411411	-8.348348								error: Could not locate the first local maximum of the reduced return map.
-1.407407	-8.348348								error: Could not locate the first local maximum of the reduced return map.
-1.403403	-8.348348								error: Could not locate the first local maximum of the reduced return map.
-1.399399	-8.348348								error: Could not locate the first local maximum of the reduced return map.
-1.395395	-8.348348								error: Could not locate the first local maximum of the reduced return map.
-1.391391	-8.348348								error: Could not locate the first local maximum of the reduced return map.
-1.387387	-8.348348								error: Could not locate the first local maximum of the reduced return map.
-1.383383	-8.348348								error: Could not locate the first local maximum of the reduced return map.
-1.379379	-8.348348								error: Could not locate the first local maximum of the reduced return map.
-1.375375	-8.348348								error: Could not locate the first local maximum of the reduced return map.
-1.371371	-8.348348								error: Could not locate the first local maximum of the reduced return map.
-1.367367	-8.348348								error: Could not locate the first local maximum of the reduced return map.
-1.363363	-8.348348								error: Could not locate the first local maximum of the reduced return map.
-1.359359	-8.348348								error: Could not locate the first local maximum of the reduced return map.
-1.355355	-8.348348								error: Could not locate the first local maximum of the reduced return map.
-1.351351	-8.348348								error: Could not locate the first local maximum of the reduced return map.
-1.347347	-8.348348								error: Could not locate the first local maximum of the reduced return map.
-1.343343	-8.348348								error: Could not locate the first local maximum of the reduced return map.
-1.339339	-8.348348								error: Could not locate the first local maximum of the reduced return map.
-1.335335	-8.348348								error: Could not locate the first local maximum of the reduced return map.
-1.331331	-8.348348								error: Could not locate the first local maximum of the reduced return map.
-1.327327	-8.348348								error: Could not locate the first local maximum of the reduced return map.
-1.323323	-8.348348								error: Could not locate the first local maximum of the reduced return map.
-1.319319	-8.348348								error: Could not locate the first local maximum of the reduced return map.
-1.315315	-8.348348								error: Could not locate the first local maximum of the reduced return map.
-1.311311	-8.348348								error: Could not locate the first local maximum of the reduced return map.
-1.307307	-8.348348								error: Could not locate the first local maximum of the reduced return map.
-1.303303	-8.348348								error: Could not locate the first local maximum of the reduced return map.
-1.299299	-8.348348								error: Could not locate the first local maximum of the reduced return map.
-1.295295	-8.348348								error: Could not locate the first local maximum of the reduced return map.
-1.291291	-8.348348								error: Could not locate the first local maximum of the reduced return map.
-1.287287	-8.348348								error: Could not locate the first local maximum of the reduced return map.
-1.283283	-8.348348								error: Could not locate the first local maximum of the reduced return map.
-1.279279	-8.348348								error: Could not locate the first local maximum of the reduced return map.
-1.275275	-8.348348								error: Could not locate the first local maximum of the reduced return map.
-1.271271	-8.348348								error: Could not locate the first local maximum of the reduced return map.
-1.267267	-8.348348								error: Could not locate the first local maximum of the reduced return map.
-1.263263	-8.348348								error: Could not locate the first local maximum of the reduced return map.
-1.259259	-8.348348								error: Could not locate the first local maximum of the reduced return map.
-1.255255	-8.348348								error: Could not locate the first local maximum of the reduced return map.
-1.251251	-8.348348								error: Could not locate the first local maximum of the reduced return map.
-1.247247	-8.348348								error: Could not locate the first local maximum of the reduced return map.
-1.243243	-8.348348								error: Could not locate the first local maximum of the reduced return map.
-1.239239	-8.348348								error: Could not locate the first local maximum of the reduced return map.
-1.235235	-8.348348								error: Could not locate the first local maximum of the reduced return map.
-1.231231	-8.348348								error: Could not locate the first local maximum of the reduced return map.
-1.227227	-8.348348								error: Could not locate the first local maximum of the reduced return map.
-1.223223	-8.348348								error: Could not locate the first local maximum of the reduced return map.
-1.219219	-8.348348								error: Could not locate the first local maximum of the reduced return map.
-1.215215	-8.348348								error: Could not locate the first local maximum of the reduced return map.
-1.211211	-8.348348								error: Could not locate the first local maximum of the reduced return map.
-1.207207	-8.348348								error: Could not locate the first local maximum of the reduced return map.
-1.203203	-8.348348								error: Could not locate the first local maximum of the reduced return map.
-1.199199	-8.348348								error: Could not locate the first local maximum of the reduced return map.
-1.195195	-8.348348								error: Could not locate the first local maximum of the reduced return map.
-1.191191	-8.348348								error: Could not locate the first local maximum of the reduced return map.
-1.187187	-8.348348								error: Could not locate the first local maximum of the reduced return map.
-1.183183	-8.348348								error: Could not locate the first local maximum of the reduced return map.
-1.179179	-8.348348								error: Could not locate the first local maximum of the reduced return map.
-1.175175	-8.348348								error: Could not locate the first local maximum of the reduced return map.
-1.171171	-8.348348								error: Could not locate the first local maximum of the reduced return map.
-1.167167	-8.348348								error: Could not locate the first local maximum of the reduced return map.
-1.163163	-8.348348								error: Could not locate the first local maximum of the reduced return map.
-1.159159	-8.348348								error: Could not locate the first local maximum of the reduced return map.
-1.155155	-8.348348								error: Could not locate the first local maximum of the reduced return map.
-1.151151	-8.348348								error: Could not locate the first local maximum of the reduced return map.
-1.147147	-8.348348								error: Could not locate the first local maximum of the reduced return map.
-1.143143	-8.348348								error: Could not locate the first local maximum of the reduced return map.
-1.139139	-8.348348								error: Could not locate the first local maximum of the reduced return map.
-1.135135	-8.348348								error: Could not locate the first local maximum of the reduced return map.
-1.131131	-8.348348								error: Could not locate the first local maximum of the reduced return map.
-1.127127	-8.348348								error: Could not locate the first local maximum of the reduced return map.
-1.123123	-8.348348								error: Could not locate the first local maximum of the reduced return map.
-1.119119	-8.348348								error: Could not locate the first local maximum of the reduced return map.
-1.115115	-8.348348								error: Could not locate the first local maximum of the reduced return map.
-1.111111	-8.348348								error: Could not locate the first local maximum of the reduced return map.
-1.107107	-8.348348								error: Could not locate the first local maximum of the reduced return map.
-1.103103	-8.348348								error: Could not locate the first local maximum of the reduced return map.
-1.099099	-8.348348								error: Could not locate the first local maximum of the reduced return map.
-1.095095	-8.348348								error: Could not locate the first local maximum of the reduced return map.
-1.091091	-8.348348								error: Could not locate the first local maximum of the reduced return map.
-1.087087	-8.348348								error: Could not locate the first local maximum of the reduced return map.
-1.083083	-8.348348								error: Could not locate the first local maximum of the reduced return map.
-1.079079	-8.348348								error: Could not locate the first local maximum of the reduced return map.
-1.075075	-8.348348								error: Could not locate the first local maximum of the reduced return map.
-1.071071	-8.348348								error: Could not locate the first local maximum of the reduced return map.
-1.067067	-8.348348								error: Could not locate the first local maximum of the reduced return map.
-1.063063	-8.348348								error: Could not locate the first local maximum of the reduced return map.
-1.059059	-8.348348								error: Could not locate the first local maximum of the reduced return map.
-1.055055	-8.348348								error: Could not locate the first local maximum of the reduced return map.
-1.051051	-8.348348								error: Could not locate the first local maximum of the reduced return map.
-1.047047	-8.348348								error: Could not locate the first local maximum of the reduced return map.
-1.043043	-8.348348								error: Could not locate the first local maximum of the reduced return map.
-1.039039	-8.348348								error: Could not locate the first local maximum of the reduced return map.
-1.035035	-8.348348								error: Could not locate the first local maximum of the reduced return map.
-1.031031	-8.348348								error: Could not locate the first local maximum of the reduced return map.
-1.027027	-8.348348								error: Could not locate the first local maximum of the reduced return map.
-1.023023	-8.348348								error: Could not locate the first local maximum of the reduced return map.
-1.019019	-8.348348								error: Could not locate the first local maximum of the reduced return map.
-1.015015	-8.348348								error: Could not locate the first local maximum of the reduced return map.
-1.011011	-8.348348								error: Could not locate the first local maximum of the reduced return map.
-1.007007	-8.348348								error: Could not locate the first local maximum of the reduced return map.
-1.003003	-8.348348								error: Could not locate the first local maximum of the reduced return map.
-0.998999	-8.348348								error: Could not locate the first local maximum of the reduced return map.
-0.994995	-8.348348								error: Could not locate the first local maximum of the reduced return map.
-0.990991	-8.348348								error: Could not locate the first local maximum of the reduced return map.
-0.986987	-8.348348								error: Could not locate the first local maximum of the reduced return map.
-0.982983	-8.348348								error: Could not locate the first local maximum of the reduced return map.
-0.978979	-8.348348								error: Could not locate the first local maximum of the reduced return map.
-0.974975	-8.348348								error: Could not locate the first local maximum of the reduced return map.
-0.970971	-8.348348								error: Could not locate the first local maximum of the reduced return map.
-0.966967	-8.348348								error: Could not locate the first local maximum of the reduced return map.
-0.962963	-8.348348								error: Could not locate the first local maximum of the reduced return map.
-0.958959	-8.348348								error: Could not locate the first local maximum of the reduced return map.
-0.954955	-8.348348								error: Could not locate the first local maximum of the reduced return map.
-0.950951	-8.348348								error: Could not locate the first local maximum of the reduced return map.
-0.946947	-8.348348								error: Could not locate the first local maximum of the reduced return map.
-0.942943	-8.348348								error: Could not locate the first local maximum of the reduced return map.
-0.938939	-8.348348								error: Could not locate the first local maximum of the reduced return map.
-0.934935	-8.348348								error: Could not locate the first local maximum of the reduced return map.
-0.930931	-8.348348								error: Could not locate the first local maximum of the reduced return map.
-0.926927	-8.348348								error: Could not locate the first local maximum of the reduced return map.
-0.922923	-8.348348								error: Could not locate the first local maximum of the reduced return map.
-0.918919	-8.348348								error: Could not locate the first local maximum of the reduced return map.
-0.914915	-8.348348								error: Could not locate the first local maximum of the reduced return map.
-0.910911	-8.348348								error: Could not locate the first local maximum of the reduced return map.
-0.906907	-8.348348								error: Could not locate the first local maximum of the reduced return map.
-0.902903	-8.348348								error: Could not locate the first local maximum of the reduced return map.
-0.898899	-8.348348								error: Could not locate the first local maximum of the reduced return map.
-0.894895	-8.348348								error: Could not locate the first local maximum of the reduced return map.
-0.890891	-8.348348								error: Could not locate the first local maximum of the reduced return map.
-0.886887	-8.348348								error: Could not locate the first local maximum of the reduced return map.
-0.882883	-8.348348								error: Could not locate the first local maximum of the reduced return map.
-0.878879	-8.348348								error: Could not locate the first local maximum of the reduced return map.
-0.874875	-8.348348								error: Could not locate the first local maximum of the reduced return map.
-0.870871	-8.348348								error: Could not locate the first local maximum of the reduced return map.
-0.866867	-8.348348								error: Could not locate the first local maximum of the reduced return map.
-0.862863	-8.348348								error: Could not locate the first local maximum of the reduced return map.
-0.858859	-8.348348								error: Could not locate the first local maximum of the reduced return map.
-0.854855	-8.348348								error: Could not locate the first local maximum of the reduced return map.
-0.850851	-8.348348								error: Could not locate the first local maximum of the reduced return map.
-0.846847	-8.348348								error: Could not locate the first local maximum of the reduced return map.
-0.842843	-8.348348								error: Could not locate the first local maximum of the reduced return map.
-0.838839	-8.348348								error: Could not locate the first local maximum of the reduced return map.
-0.834835	-8.348348								error: Could not locate the first local maximum of the reduced return map.
-0.830831	-8.348348								error: Could not locate the first local maximum of the reduced return map.
-0.826827	-8.348348								error: Could not locate the first local maximum of the reduced return map.
-0.822823	-8.348348								error: Could not locate the first local maximum of the reduced return map.
-0.818819	-8.348348								error: Could not locate the first local maximum of the reduced return map.
-0.814815	-8.348348								error: Could not locate the first local maximum of the reduced return map.
-0.810811	-8.348348								error: Could not locate the first local maximum of the reduced return map.
-0.806807	-8.348348								error: Could not locate the first local maximum of the reduced return map.
-0.802803	-8.348348								error: Could not locate the first local maximum of the reduced return map.
-0.798799	-8.348348								error: Could not locate the first local maximum of the reduced return map.
-0.794795	-8.348348								error: Could not locate the first local maximum of the reduced return map.
-0.790791	-8.348348								error: Could not locate the first local maximum of the reduced return map.
-0.786787	-8.348348								error: Could not locate the first local maximum of the reduced return map.
-0.782783	-8.348348								error: Could not locate the first local maximum of the reduced return map.
-0.778779	-8.348348								error: Could not locate the first local maximum of the reduced return map.
-0.774775	-8.348348								error: Could not locate the first local maximum of the reduced return map.
-0.770771	-8.348348								error: Could not locate the first local maximum of the reduced return map.
-0.766767	-8.348348								error: Could not locate the first local maximum of the reduced return map.
-0.762763	-8.348348								error: Could not locate the first local maximum of the reduced return map.
-0.758759	-8.348348								error: Could not locate the first local maximum of the reduced return map.
-0.754755	-8.348348								error: Could not locate the first local maximum of the reduced return map.
-0.750751	-8.348348								error: Could not locate the first local maximum of the reduced return map.
-0.746747	-8.348348								error: Could not locate the first local maximum of the reduced return map.
-0.742743	-8.348348								error: Could not locate the first local maximum of the reduced return map.
-0.738739	-8.348348								error: Could not locate the first local maximum of the reduced return map.
-0.734735	-8.348348								error: Could not locate the first local maximum of the reduced return map.
-0.730731	-8.348348								error: Could not locate the first local maximum of the reduced return map.
-0.726727	-8.348348								error: Could not locate the first local maximum of the reduced return map.
-0.722723	-8.348348								error: Could not locate the first local maximum of the reduced return map.
-0.718719	-8.348348								error: Could not locate the first local maximum of the reduced return map.
-0.714715	-8.348348								error: Could not locate the first local maximum of the reduced return map.
-0.710711	-8.348348								error: Could not locate the first local maximum of the reduced return map.
-0.706707	-8.348348								error: Could not locate the first local maximum of the reduced return map.
-0.702703	-8.348348								error: Could not locate the first local maximum of the reduced return map.
-0.698699	-8.348348								error: Could not locate the first local maximum of the reduced return map.
-0.694695	-8.348348								error: Could not locate the first local maximum of the reduced return map.
-0.690691	-8.348348								error: Could not locate the first local maximum of the reduced return map.
-0.686687	-8.348348								error: Could not locate the first local maximum of the reduced return map.
-0.682683	-8.348348								error: Could not locate the first local maximum of the reduced return map.
-0.678679	-8.348348								error: Could not locate the first local maximum of the reduced return map.
-0.674675	-8.348348								error: Could not locate the first local maximum of the reduced return map.
-0.670671	-8.348348								error: Could not locate the first local maximum of the reduced return map.
-0.666667	-8.348348								error: Could not locate the first local maximum of the reduced return map.
-0.662663	-8.348348								error: Could not locate the first local maximum of the reduced return map.
-0.658659	-8.348348								error: Could not locate the first local maximum of the reduced return map.
-0.654655	-8.348348								error: Could not locate the first local maximum of the reduced return map.
-0.650651	-8.348348								error: Could not locate the first local maximum of the reduced return map.
-0.646647	-8.348348								error: Could not locate the first local maximum of the reduced return map.
-0.642643	-8.348348								error: Could not locate the first local maximum of the reduced return map.
-0.638639	-8.348348								error: Could not locate the first local maximum of the reduced return map.
-0.634635	-8.348348								error: Could not locate the first local maximum of the reduced return map.
-0.630631	-8.348348								error: Could not locate the first local maximum of the reduced return map.
-0.626627	-8.348348								error: Could not locate the first local maximum of the reduced return map.
-0.622623	-8.348348								error: Could not locate the first local maximum of the reduced return map.
-0.618619	-8.348348								error: Could not locate the first local maximum of the reduced return map.
-0.614615	-8.348348								error: Could not locate the first local maximum of the reduced return map.
-0.610611	-8.348348								error: Could not locate the first local maximum of the reduced return map.
-0.606607	-8.348348								error: Could not locate the first local maximum of the reduced return map.
-0.602603	-8.348348								error: Could not locate the first local maximum of the reduced return map.
-0.598599	-8.348348								error: Could not locate the first local maximum of the reduced return map.
-0.594595	-8.348348								error: Could not locate the first local maximum of the reduced return map.
-0.590591	-8.348348								error: Could not locate the first local maximum of the reduced return map.
-0.586587	-8.348348								error: Could not locate the first local maximum of the reduced return map.
-0.582583	-8.348348								error: Could not locate the first local maximum of the reduced return map.
-0.578579	-8.348348								error: Could not locate the first local maximum of the reduced return map.
-0.574575	-8.348348								error: Could not locate the first local maximum of the reduced return map.
-0.570571	-8.348348								error: Could not locate the first local maximum of the reduced return map.
-0.566567	-8.348348								error: Could not locate the first local maximum of the reduced return map.
-0.562563	-8.348348								error: Could not locate the first local maximum of the reduced return map.
-0.558559	-8.348348								error: Could not locate the first local maximum of the reduced return map.
-0.554555	-8.348348								error: Could not locate the first local maximum of the reduced return map.
-0.550551	-8.348348								error: Could not locate the first local maximum of the reduced return map.
-0.546547	-8.348348								error: Could not locate the first local maximum of the reduced return map.
-0.542543	-8.348348								error: Could not locate the first local maximum of the reduced return map.
-0.538539	-8.348348								error: Could not locate the first local maximum of the reduced return map.
-0.534535	-8.348348								error: Could not locate the first local maximum of the reduced return map.
-0.530531	-8.348348								error: Could not locate the first local maximum of the reduced return map.
-0.526527	-8.348348								error: Could not locate the first local maximum of the reduced return map.
-0.522523	-8.348348								error: Could not locate the first local maximum of the reduced return map.
-0.518519	-8.348348								error: Could not locate the first local maximum of the reduced return map.
-0.514515	-8.348348								error: Could not locate the first local maximum of the reduced return map.
-0.510511	-8.348348								error: Could not locate the first local maximum of the reduced return map.
-0.506507	-8.348348								error: Could not locate the first local maximum of the reduced return map.
-0.502503	-8.348348								error: Could not locate the first local maximum of the reduced return map.
-0.498498	-8.348348								error: Could not locate the first local maximum of the reduced return map.
-0.494494	-8.348348								error: Could not locate the first local maximum of the reduced return map.
-0.490490	-8.348348								error: Could not locate the first local maximum of the reduced return map.
-0.486486	-8.348348								error: Could not locate the first local maximum of the reduced return map.
-0.482482	-8.348348								error: Could not locate the first local maximum of the reduced return map.
-0.478478	-8.348348								error: Could not locate the first local maximum of the reduced return map.
-0.474474	-8.348348								error: Could not locate the first local maximum of the reduced return map.
-0.470470	-8.348348								error: Could not locate the first local maximum of the reduced return map.
-0.466466	-8.348348								error: Could not locate the first local maximum of the reduced return map.
-0.462462	-8.348348								error: Could not locate the first local maximum of the reduced return map.
-0.458458	-8.348348								error: Could not locate the first local maximum of the reduced return map.
-0.454454	-8.348348								error: Could not locate the first local maximum of the reduced return map.
-0.450450	-8.348348								error: Could not locate the first local maximum of the reduced return map.
-0.446446	-8.348348								error: Could not locate the first local maximum of the reduced return map.
-0.442442	-8.348348								error: Could not locate the first local maximum of the reduced return map.
-0.438438	-8.348348								error: Could not locate the first local maximum of the reduced return map.
-0.434434	-8.348348								error: Could not locate the first local maximum of the reduced return map.
-0.430430	-8.348348								error: Could not locate the first local maximum of the reduced return map.
-0.426426	-8.348348								error: Could not locate the first local maximum of the reduced return map.
-0.422422	-8.348348								error: Could not locate the first local maximum of the reduced return map.
-0.418418	-8.348348								error: Could not locate the first local maximum of the reduced return map.
-0.414414	-8.348348								error: Could not locate the first local maximum of the reduced return map.
-0.410410	-8.348348								error: Could not locate the first local maximum of the reduced return map.
-0.406406	-8.348348								error: Could not locate the first local maximum of the reduced return map.
-0.402402	-8.348348								error: Could not locate the first local maximum of the reduced return map.
-0.398398	-8.348348								error: Could not locate the first local maximum of the reduced return map.
-0.394394	-8.348348								error: Could not locate the first local maximum of the reduced return map.
-0.390390	-8.348348								error: Could not locate the first local maximum of the reduced return map.
-0.386386	-8.348348								error: Could not locate the first local maximum of the reduced return map.
-0.382382	-8.348348								error: Could not locate the first local maximum of the reduced return map.
-0.378378	-8.348348								error: Could not locate the first local maximum of the reduced return map.
-0.374374	-8.348348								error: Could not locate the first local maximum of the reduced return map.
-0.370370	-8.348348								error: Could not locate the first local maximum of the reduced return map.
-0.366366	-8.348348								error: Could not locate the first local maximum of the reduced return map.
-0.362362	-8.348348								error: Could not locate the first local maximum of the reduced return map.
-0.358358	-8.348348								error: Could not locate the first local maximum of the reduced return map.
-0.354354	-8.348348								error: Could not locate the first local maximum of the reduced return map.
-0.350350	-8.348348								error: Could not locate the first local maximum of the reduced return map.
-0.346346	-8.348348								error: Could not locate the first local maximum of the reduced return map.
-0.342342	-8.348348								error: Could not locate the first local maximum of the reduced return map.
-0.338338	-8.348348								error: Could not locate the first local maximum of the reduced return map.
-0.334334	-8.348348								error: Could not locate the first local maximum of the reduced return map.
-0.330330	-8.348348								error: Could not locate the first local maximum of the reduced return map.
-0.326326	-8.348348								error: Could not locate the first local maximum of the reduced return map.
-0.322322	-8.348348								error: Could not locate the first local maximum of the reduced return map.
-0.318318	-8.348348								error: Could not locate the first local maximum of the reduced return map.
-0.314314	-8.348348								error: Could not locate the first local maximum of the reduced return map.
-0.310310	-8.348348								error: Could not locate the first local maximum of the reduced return map.
-0.306306	-8.348348								error: Could not locate the first local maximum of the reduced return map.
-0.302302	-8.348348								error: Could not locate the first local maximum of the reduced return map.
-0.298298	-8.348348								error: Could not locate the first local maximum of the reduced return map.
-0.294294	-8.348348								error: Could not locate the first local maximum of the reduced return map.
-0.290290	-8.348348								error: Could not locate the first local maximum of the reduced return map.
-0.286286	-8.348348								error: Could not locate the first local maximum of the reduced return map.
-0.282282	-8.348348								error: Could not locate the first local maximum of the reduced return map.
-0.278278	-8.348348								error: Could not locate the first local maximum of the reduced return map.
-0.274274	-8.348348								error: Could not locate the first local maximum of the reduced return map.
-0.270270	-8.348348								error: Could not locate the first local maximum of the reduced return map.
-0.266266	-8.348348								error: Could not locate the first local maximum of the reduced return map.
-0.262262	-8.348348								error: Could not locate the first local maximum of the reduced return map.
-0.258258	-8.348348								error: Could not locate the first local maximum of the reduced return map.
-0.254254	-8.348348								error: Could not locate the first local maximum of the reduced return map.
-0.250250	-8.348348								error: Could not locate the first local maximum of the reduced return map.
-0.246246	-8.348348								error: Could not locate the first local maximum of the reduced return map.
-0.242242	-8.348348								error: Could not locate the first local maximum of the reduced return map.
-0.238238	-8.348348								error: Could not locate the first local maximum of the reduced return map.
-0.234234	-8.348348								error: Could not locate the first local maximum of the reduced return map.
-0.230230	-8.348348								error: Could not locate the first local maximum of the reduced return map.
-0.226226	-8.348348								error: Could not locate the first local maximum of the reduced return map.
-0.222222	-8.348348								error: Could not locate the first local maximum of the reduced return map.
-0.218218	-8.348348								error: Could not locate the first local maximum of the reduced return map.
-0.214214	-8.348348								error: Could not locate the first local maximum of the reduced return map.
-0.210210	-8.348348								error: Could not locate the first local maximum of the reduced return map.
-0.206206	-8.348348								error: Could not locate the first local maximum of the reduced return map.
-0.202202	-8.348348								error: Could not locate the first local maximum of the reduced return map.
-0.198198	-8.348348								error: Could not locate the first local maximum of the reduced return map.
-0.194194	-8.348348								error: Could not locate the first local maximum of the reduced return map.
-0.190190	-8.348348								error: Could not locate the first local maximum of the reduced return map.
-0.186186	-8.348348								error: Could not locate the first local maximum of the reduced return map.
-0.182182	-8.348348								error: Could not locate the first local maximum of the reduced return map.
-0.178178	-8.348348								error: Could not locate the first local maximum of the reduced return map.
-0.174174	-8.348348								error: Could not locate the first local maximum of the reduced return map.
-0.170170	-8.348348								error: Could not locate the first local maximum of the reduced return map.
-0.166166	-8.348348								error: Could not locate the first local maximum of the reduced return map.
-0.162162	-8.348348								error: Could not locate the first local maximum of the reduced return map.
-0.158158	-8.348348								error: Could not locate the first local maximum of the reduced return map.
-0.154154	-8.348348								error: Could not locate the first local maximum of the reduced return map.
-0.150150	-8.348348								error: Could not locate the first local maximum of the reduced return map.
-0.146146	-8.348348								error: Could not locate the first local maximum of the reduced return map.
-0.142142	-8.348348								error: Could not locate the first local maximum of the reduced return map.
-0.138138	-8.348348								error: Could not locate the first local maximum of the reduced return map.
-0.134134	-8.348348								error: Could not locate the first local maximum of the reduced return map.
-0.130130	-8.348348								error: Could not locate the first local maximum of the reduced return map.
-0.126126	-8.348348								error: Could not locate the first local maximum of the reduced return map.
-0.122122	-8.348348								error: Could not locate the first local maximum of the reduced return map.
-0.118118	-8.348348								error: Could not locate the first local maximum of the reduced return map.
-0.114114	-8.348348								error: Could not locate the first local maximum of the reduced return map.
-0.110110	-8.348348								error: Could not locate the first local maximum of the reduced return map.
-0.106106	-8.348348								error: Could not locate the first local maximum of the reduced return map.
-0.102102	-8.348348								error: Could not locate the first local maximum of the reduced return map.
-0.098098	-8.348348								error: Could not locate the first local maximum of the reduced return map.
-0.094094	-8.348348								error: Could not locate the first local maximum of the reduced return map.
-0.090090	-8.348348								error: Could not locate the first local maximum of the reduced return map.
-0.086086	-8.348348								error: Could not locate the first local maximum of the reduced return map.
-0.082082	-8.348348								error: Could not locate the first local maximum of the reduced return map.
-0.078078	-8.348348								error: Could not locate the first local maximum of the reduced return map.
-0.074074	-8.348348								error: Could not locate the first local maximum of the reduced return map.
-0.070070	-8.348348								error: Could not locate the first local maximum of the reduced return map.
-0.066066	-8.348348								error: Could not locate the first local maximum of the reduced return map.
-0.062062	-8.348348								error: Could not locate the first local maximum of the reduced return map.
-0.058058	-8.348348								error: Could not locate the first local maximum of the reduced return map.
-0.054054	-8.348348								error: Could not locate the first local maximum of the reduced return map.
-0.050050	-8.348348								error: Could not locate the first local maximum of the reduced return map.
-0.046046	-8.348348								error: Could not locate the first local maximum of the reduced return map.
-0.042042	-8.348348								error: Could not locate the first local maximum of the reduced return map.
-0.038038	-8.348348								error: Could not locate the first local maximum of the reduced return map.
-0.034034	-8.348348								error: Could not locate the first local maximum of the reduced return map.
-0.030030	-8.348348								error: Could not locate the first local maximum of the reduced return map.
-0.026026	-8.348348								error: Could not locate the first local maximum of the reduced return map.
-0.022022	-8.348348								error: Could not locate the first local maximum of the reduced return map.
-0.018018	-8.348348								error: Could not locate the first local maximum of the reduced return map.
-0.014014	-8.348348								error: Could not locate the first local maximum of the reduced return map.
-0.010010	-8.348348								error: Could not locate the first local maximum of the reduced return map.
-0.006006	-8.348348								error: Could not locate the first local maximum of the reduced return map.
-0.002002	-8.348348								error: Could not locate the first local maximum of the reduced return map.
0.002002	-8.348348								error: Could not locate the first local maximum of the reduced return map.
0.006006	-8.348348								error: Could not locate the first local maximum of the reduced return map.
0.010010	-8.348348								error: Could not locate the first local maximum of the reduced return map.
0.014014	-8.348348								error: Could not locate the first local maximum of the reduced return map.
0.018018	-8.348348								error: Could not locate the first local maximum of the reduced return map.
0.022022	-8.348348								error: Could not locate the first local maximum of the reduced return map.
0.026026	-8.348348								error: Could not locate the first local maximum of the reduced return map.
0.030030	-8.348348								error: Could not locate the first local maximum of the reduced return map.
0.034034	-8.348348								error: Could not locate the first local maximum of the reduced return map.
0.038038	-8.348348								error: Could not locate the first local maximum of the reduced return map.
0.042042	-8.348348								error: Could not locate the first local maximum of the reduced return map.
0.046046	-8.348348								error: Could not locate the first local maximum of the reduced return map.
0.050050	-8.348348								error: Could not locate the first local maximum of the reduced return map.
0.054054	-8.348348								error: Could not locate the first local maximum of the reduced return map.
0.058058	-8.348348								error: Could not locate the first local maximum of the reduced return map.
0.062062	-8.348348								error: Could not locate the first local maximum of the reduced return map.
0.066066	-8.348348								error: Could not locate the first local maximum of the reduced return map.
0.070070	-8.348348								error: Could not locate the first local maximum of the reduced return map.
0.074074	-8.348348								error: Could not locate the first local maximum of the reduced return map.
0.078078	-8.348348								error: Could not locate the first local maximum of the reduced return map.
0.082082	-8.348348								error: Could not locate the first local maximum of the reduced return map.
0.086086	-8.348348								error: Could not locate the first local maximum of the reduced return map.
0.090090	-8.348348								error: Could not locate the first local maximum of the reduced return map.
0.094094	-8.348348								error: Could not locate the first local maximum of the reduced return map.
0.098098	-8.348348								error: Could not locate the first local maximum of the reduced return map.
0.102102	-8.348348								error: Could not locate the first local maximum of the reduced return map.
0.106106	-8.348348								error: Could not locate the first local maximum of the reduced return map.
0.110110	-8.348348								error: Could not locate the first local maximum of the reduced return map.
0.114114	-8.348348								error: Could not locate the first local maximum of the reduced return map.
0.118118	-8.348348								error: Could not locate the first local maximum of the reduced return map.
0.122122	-8.348348								error: Could not locate the first local maximum of the reduced return map.
0.126126	-8.348348								error: Could not locate the first local maximum of the reduced return map.
0.130130	-8.348348								error: Could not locate the first local maximum of the reduced return map.
0.134134	-8.348348								error: Could not locate the first local maximum of the reduced return map.
0.138138	-8.348348								error: Could not locate the first local maximum of the reduced return map.
0.142142	-8.348348								error: Could not locate the first local maximum of the reduced return map.
0.146146	-8.348348								error: Could not locate the first local maximum of the reduced return map.
0.150150	-8.348348								error: Could not locate the first local maximum of the reduced return map.
0.154154	-8.348348								error: Could not locate the first local maximum of the reduced return map.
0.158158	-8.348348								error: Could not locate the first local maximum of the reduced return map.
0.162162	-8.348348								error: Could not locate the first local maximum of the reduced return map.
0.166166	-8.348348								error: Could not locate the first local maximum of the reduced return map.
0.170170	-8.348348								error: Could not locate the first local maximum of the reduced return map.
0.174174	-8.348348								error: Could not locate the first local maximum of the reduced return map.
0.178178	-8.348348								error: Could not locate the first local maximum of the reduced return map.
0.182182	-8.348348								error: Could not locate the first local maximum of the reduced return map.
0.186186	-8.348348								error: Could not locate the first local maximum of the reduced return map.
0.190190	-8.348348								error: Could not locate the first local maximum of the reduced return map.
0.194194	-8.348348								error: Could not locate the first local maximum of the reduced return map.
0.198198	-8.348348								error: Could not locate the first local maximum of the reduced return map.
0.202202	-8.348348								error: Could not locate the first local maximum of the reduced return map.
0.206206	-8.348348								error: Could not locate the first local maximum of the reduced return map.
0.210210	-8.348348								error: Could not locate the first local maximum of the reduced return map.
0.214214	-8.348348								error: Could not locate the first local maximum of the reduced return map.
0.218218	-8.348348								error: Could not locate the first local maximum of the reduced return map.
0.222222	-8.348348								error: Could not locate the first local maximum of the reduced return map.
0.226226	-8.348348								error: Could not locate the first local maximum of the reduced return map.
0.230230	-8.348348								error: Could not locate the first local maximum of the reduced return map.
0.234234	-8.348348								error: Could not locate the first local maximum of the reduced return map.
0.238238	-8.348348								error: Could not locate the first local maximum of the reduced return map.
0.242242	-8.348348								error: Could not locate the first local maximum of the reduced return map.
0.246246	-8.348348								error: Could not locate the first local maximum of the reduced return map.
0.250250	-8.348348								error: Could not locate the first local maximum of the reduced return map.
0.254254	-8.348348								error: Could not locate the first local maximum of the reduced return map.
0.258258	-8.348348								error: Could not locate the first local maximum of the reduced return map.
0.262262	-8.348348								error: Could not locate the first local maximum of the reduced return map.
0.266266	-8.348348								error: Could not locate the first local maximum of the reduced return map.
0.270270	-8.348348								error: Could not locate the first local maximum of the reduced return map.
0.274274	-8.348348								error: Could not locate the first local maximum of the reduced return map.
0.278278	-8.348348								error: Could not locate the first local maximum of the reduced return map.
0.282282	-8.348348								error: Could not locate the first local maximum of the reduced return map.
0.286286	-8.348348								error: Could not locate the first local maximum of the reduced return map.
0.290290	-8.348348								error: Could not locate the first local maximum of the reduced return map.
0.294294	-8.348348								error: Could not locate the first local maximum of the reduced return map.
0.298298	-8.348348								error: Could not locate the first local maximum of the reduced return map.
0.302302	-8.348348								error: Could not locate the first local maximum of the reduced return map.
0.306306	-8.348348								error: Could not locate the first local maximum of the reduced return map.
0.310310	-8.348348								error: Could not locate the first local maximum of the reduced return map.
0.314314	-8.348348								error: Could not locate the first local maximum of the reduced return map.
0.318318	-8.348348								error: Could not locate the first local maximum of the reduced return map.
0.322322	-8.348348								error: Could not locate the first local maximum of the reduced return map.
0.326326	-8.348348								error: Could not locate the first local maximum of the reduced return map.
0.330330	-8.348348								error: Could not locate the first local maximum of the reduced return map.
0.334334	-8.348348								error: Could not locate the first local maximum of the reduced return map.
0.338338	-8.348348								error: Could not locate the first local maximum of the reduced return map.
0.342342	-8.348348								error: Could not locate the first local maximum of the reduced return map.
0.346346	-8.348348								error: Could not locate the first local maximum of the reduced return map.
0.350350	-8.348348								error: Could not locate the first local maximum of the reduced return map.
0.354354	-8.348348								error: Could not locate the first local maximum of the reduced return map.
0.358358	-8.348348								error: Could not locate the first local maximum of the reduced return map.
0.362362	-8.348348								error: Could not locate the first local maximum of the reduced return map.
0.366366	-8.348348								error: Could not locate the first local maximum of the reduced return map.
0.370370	-8.348348								error: Could not locate the first local maximum of the reduced return map.
0.374374	-8.348348								error: Could not locate the first local maximum of the reduced return map.
0.378378	-8.348348								error: Could not locate the first local maximum of the reduced return map.
0.382382	-8.348348								error: Could not locate the first local maximum of the reduced return map.
0.386386	-8.348348								error: Could not locate the first local maximum of the reduced return map.
0.390390	-8.348348								error: Could not locate the first local maximum of the reduced return map.
0.394394	-8.348348								error: Could not locate the first local maximum of the reduced return map.
0.398398	-8.348348								error: Could not locate the first local maximum of the reduced return map.
0.402402	-8.348348								error: Could not locate the first local maximum of the reduced return map.
0.406406	-8.348348								error: Could not locate the first local maximum of the reduced return map.
0.410410	-8.348348								error: Could not locate the first local maximum of the reduced return map.
0.414414	-8.348348								error: Could not locate the first local maximum of the reduced return map.
0.418418	-8.348348								error: Could not locate the first local maximum of the reduced return map.
0.422422	-8.348348								error: Could not locate the first local maximum of the reduced return map.
0.426426	-8.348348								error: Could not locate the first local maximum of the reduced return map.
0.430430	-8.348348								error: Could not locate the first local maximum of the reduced return map.
0.434434	-8.348348								error: Could not locate the first local maximum of the reduced return map.
0.438438	-8.348348								error: Could not locate the first local maximum of the reduced return map.
0.442442	-8.348348								error: Could not locate the first local maximum of the reduced return map.
0.446446	-8.348348								error: Could not locate the first local maximum of the reduced return map.
0.450450	-8.348348								error: Could not locate the first local maximum of the reduced return map.
0.454454	-8.348348								error: Could not locate the first local maximum of the reduced return map.
0.458458	-8.348348								error: Could not locate the first local maximum of the reduced return map.
0.462462	-8.348348								error: Could not locate the first local maximum of the reduced return map.
0.466466	-8.348348								error: Could not locate the first local maximum of the reduced return map.
0.470470	-8.348348								error: Could not locate the first local maximum of the reduced return map.
0.474474	-8.348348								error: Could not locate the first local maximum of the reduced return map.
0.478478	-8.348348								error: Could not locate the first local maximum of the reduced return map.
0.482482	-8.348348								error: Could not locate the first local maximum of the reduced return map.
0.486486	-8.348348								error: Could not locate the first local maximum of the reduced return map.
0.490490	-8.348348								error: Could not locate the first local maximum of the reduced return map.
0.494494	-8.348348								error: Could not locate the first local maximum of the reduced return map.
0.498498	-8.348348								error: Could not locate the first local maximum of the reduced return map.
0.502503	-8.348348								error: Could not locate the first local maximum of the reduced return map.
0.506507	-8.348348								error: Could not locate the first local maximum of the reduced return map.
0.510511	-8.348348								error: Could not locate the first local maximum of the reduced return map.
0.514515	-8.348348								error: Could not locate the first local maximum of the reduced return map.
0.518519	-8.348348								error: Could not locate the first local maximum of the reduced return map.
0.522523	-8.348348								error: Could not locate the first local maximum of the reduced return map.
0.526527	-8.348348								error: Could not locate the first local maximum of the reduced return map.
0.530531	-8.348348								error: Could not locate the first local maximum of the reduced return map.
0.534535	-8.348348								error: Could not locate the first local maximum of the reduced return map.
0.538539	-8.348348								error: Could not locate the first local maximum of the reduced return map.
0.542543	-8.348348								error: Could not locate the first local maximum of the reduced return map.
0.546547	-8.348348								error: Could not locate the first local maximum of the reduced return map.
0.550551	-8.348348								error: Could not locate the first local maximum of the reduced return map.
0.554555	-8.348348								error: Could not locate the first local maximum of the reduced return map.
0.558559	-8.348348								error: Could not locate the first local maximum of the reduced return map.
0.562563	-8.348348								error: Could not locate the first local maximum of the reduced return map.
0.566567	-8.348348								error: Could not locate the first local maximum of the reduced return map.
0.570571	-8.348348								error: Could not locate the first local maximum of the reduced return map.
0.574575	-8.348348								error: Could not locate the first local maximum of the reduced return map.
0.578579	-8.348348								error: Could not locate the first local maximum of the reduced return map.
0.582583	-8.348348								error: Could not locate the first local maximum of the reduced return map.
0.586587	-8.348348								error: Could not locate the first local maximum of the reduced return map.
0.590591	-8.348348								error: Could not locate the first local maximum of the reduced return map.
0.594595	-8.348348								error: Could not locate the first local maximum of the reduced return map.
0.598599	-8.348348								error: Could not locate the first local maximum of the reduced return map.
0.602603	-8.348348								error: Could not locate the first local maximum of the reduced return map.
0.606607	-8.348348								error: Could not locate the first local maximum of the reduced return map.
0.610611	-8.348348								error: Could not locate the first local maximum of the reduced return map.
0.614615	-8.348348								error: Could not locate the first local maximum of the reduced return map.
0.618619	-8.348348								error: Could not locate the first local maximum of the reduced return map.
0.622623	-8.348348								error: Could not locate the first local maximum of the reduced return map.
0.626627	-8.348348								error: Could not locate the first local maximum of the reduced return map.
0.630631	-8.348348								error: Could not locate the first local maximum of the reduced return map.
0.634635	-8.348348								error: Could not locate the first local maximum of the reduced return map.
0.638639	-8.348348								error: Could not locate the first local maximum of the reduced return map.
0.642643	-8.348348								error: Could not locate the first local maximum of the reduced return map.
0.646647	-8.348348								error: Could not locate the first local maximum of the reduced return map.
0.650651	-8.348348								error: Could not locate the first local maximum of the reduced return map.
0.654655	-8.348348								error: Could not locate the first local maximum of the reduced return map.
0.658659	-8.348348								error: Could not locate the first local maximum of the reduced return map.
0.662663	-8.348348								error: Could not locate the first local maximum of the reduced return map.
0.666667	-8.348348								error: Could not locate the first local maximum of the reduced return map.
0.670671	-8.348348								error: Could not locate the first local maximum of the reduced return map.
0.674675	-8.348348								error: Could not locate the first local maximum of the reduced return map.
0.678679	-8.348348								error: Could not locate the first local maximum of the reduced return map.
0.682683	-8.348348								error: Could not locate the first local maximum of the reduced return map.
0.686687	-8.348348								error: Could not locate the first local maximum of the reduced return map.
0.690691	-8.348348								error: Could not locate the first local maximum of the reduced return map.
0.694695	-8.348348								error: Could not locate the first local maximum of the reduced return map.
0.698699	-8.348348								error: Could not locate the first local maximum of the reduced return map.
0.702703	-8.348348								error: Could not locate the first local maximum of the reduced return map.
0.706707	-8.348348								error: Could not locate the first local maximum of the reduced return map.
0.710711	-8.348348								error: Could not locate the first local maximum of the reduced return map.
0.714715	-8.348348								error: Could not locate the first local maximum of the reduced return map.
0.718719	-8.348348								error: Could not locate the first local maximum of the reduced return map.
0.722723	-8.348348								error: Could not locate the first local maximum of the reduced return map.
0.726727	-8.348348								error: Could not locate the first local maximum of the reduced return map.
0.730731	-8.348348								error: Could not locate the first local maximum of the reduced return map.
0.734735	-8.348348								error: Could not locate the first local maximum of the reduced return map.
0.738739	-8.348348								error: Could not locate the first local maximum of the reduced return map.
0.742743	-8.348348								error: Could not locate the first local maximum of the reduced return map.
0.746747	-8.348348								error: Could not locate the first local maximum of the reduced return map.
0.750751	-8.348348								error: Could not locate the first local maximum of the reduced return map.
0.754755	-8.348348								error: Could not locate the first local maximum of the reduced return map.
0.758759	-8.348348								error: Could not locate the first local maximum of the reduced return map.
0.762763	-8.348348								error: Could not locate the first local maximum of the reduced return map.
0.766767	-8.348348								error: Could not locate the first local maximum of the reduced return map.
0.770771	-8.348348								error: Could not locate the first local maximum of the reduced return map.
0.774775	-8.348348								error: Could not locate the first local maximum of the reduced return map.
0.778779	-8.348348								error: Could not locate the first local maximum of the reduced return map.
0.782783	-8.348348								error: Could not locate the first local maximum of the reduced return map.
0.786787	-8.348348								error: Could not locate the first local maximum of the reduced return map.
0.790791	-8.348348								error: Could not locate the first local maximum of the reduced return map.
0.794795	-8.348348								error: Could not locate the first local maximum of the reduced return map.
0.798799	-8.348348								error: Could not locate the first local maximum of the reduced return map.
0.802803	-8.348348								error: Could not locate the first local maximum of the reduced return map.
0.806807	-8.348348								error: Could not locate the first local maximum of the reduced return map.
0.810811	-8.348348								error: Could not locate the first local maximum of the reduced return map.
0.814815	-8.348348								error: Could not locate the first local maximum of the reduced return map.
0.818819	-8.348348								error: Could not locate the first local maximum of the reduced return map.
0.822823	-8.348348								error: Could not locate the first local maximum of the reduced return map.
0.826827	-8.348348								error: Could not locate the first local maximum of the reduced return map.
0.830831	-8.348348								error: Could not locate the first local maximum of the reduced return map.
0.834835	-8.348348								error: Could not locate the first local maximum of the reduced return map.
0.838839	-8.348348								error: Could not locate the first local maximum of the reduced return map.
0.842843	-8.348348								error: Could not locate the first local maximum of the reduced return map.
0.846847	-8.348348								error: Could not locate the first local maximum of the reduced return map.
0.850851	-8.348348								error: Could not locate the first local maximum of the reduced return map.
0.854855	-8.348348								error: Could not locate the first local maximum of the reduced return map.
0.858859	-8.348348								error: Could not locate the first local maximum of the reduced return map.
0.862863	-8.348348								error: Could not locate the first local maximum of the reduced return map.
0.866867	-8.348348								error: Could not locate the first local maximum of the reduced return map.
0.870871	-8.348348								error: Could not locate the first local maximum of the reduced return map.
0.874875	-8.348348								error: Could not locate the first local maximum of the reduced return map.
0.878879	-8.348348								error: Could not locate the first local maximum of the reduced return map.
0.882883	-8.348348								error: Could not locate the first local maximum of the reduced return map.
0.886887	-8.348348								error: Could not locate the first local maximum of the reduced return map.
0.890891	-8.348348								error: Could not locate the first local maximum of the reduced return map.
0.894895	-8.348348								error: Could not locate the first local maximum of the reduced return map.
0.898899	-8.348348								error: Could not locate the first local maximum of the reduced return map.
0.902903	-8.348348								error: Could not locate the first local maximum of the reduced return map.
0.906907	-8.348348								error: Could not locate the first local maximum of the reduced return map.
0.910911	-8.348348								error: Could not locate the first local maximum of the reduced return map.
0.914915	-8.348348								error: Could not locate the first local maximum of the reduced return map.
0.918919	-8.348348								error: Could not locate the first local maximum of the reduced return map.
0.922923	-8.348348								error: Could not locate the first local maximum of the reduced return map.
0.926927	-8.348348								error: Could not locate the first local maximum of the reduced return map.
0.930931	-8.348348								error: Could not locate the first local maximum of the reduced return map.
0.934935	-8.348348								error: Could not locate the first local maximum of the reduced return map.
0.938939	-8.348348								error: Could not locate the first local maximum of the reduced return map.
0.942943	-8.348348								error: Could not locate the first local maximum of the reduced return map.
0.946947	-8.348348								error: Could not locate the first local maximum of the reduced return map.
0.950951	-8.348348								error: Could not locate the first local maximum of the reduced return map.
0.954955	-8.348348								error: Could not locate the first local maximum of the reduced return map.
0.958959	-8.348348								error: Could not locate the first local maximum of the reduced return map.
0.962963	-8.348348								error: Could not locate the first local maximum of the reduced return map.
0.966967	-8.348348								error: Could not locate the first local maximum of the reduced return map.
0.970971	-8.348348								error: Could not locate the first local maximum of the reduced return map.
0.974975	-8.348348								error: Could not locate the first local maximum of the reduced return map.
0.978979	-8.348348								error: Could not locate the first local maximum of the reduced return map.
0.982983	-8.348348								error: Could not locate the first local maximum of the reduced return map.
0.986987	-8.348348								error: Could not locate the first local maximum of the reduced return map.
0.990991	-8.348348								error: Could not locate the first local maximum of the reduced return map.
0.994995	-8.348348								error: Could not locate the first local maximum of the reduced return map.
0.998999	-8.348348								error: Could not locate the first local maximum of the reduced return map.
1.003003	-8.348348								error: Could not locate the first local maximum of the reduced return map.
1.007007	-8.348348								error: Could not locate the first local maximum of the reduced return map.
1.011011	-8.348348								error: Could not locate the first local maximum of the reduced return map.
1.015015	-8.348348								error: Could not locate the first local maximum of the reduced return map.
1.019019	-8.348348								error: Could not locate the first local maximum of the reduced return map.
1.023023	-8.348348								error: Could not locate the first local maximum of the reduced return map.
1.027027	-8.348348								error: Could not locate the first local maximum of the reduced return map.
1.031031	-8.348348								error: Could not locate the first local maximum of the reduced return map.
1.035035	-8.348348								error: Could not locate the first local maximum of the reduced return map.
1.039039	-8.348348								error: Could not locate the first local maximum of the reduced return map.
1.043043	-8.348348								error: Could not locate the first local maximum of the reduced return map.
1.047047	-8.348348								error: Could not locate the first local maximum of the reduced return map.
1.051051	-8.348348								error: Could not locate the first local maximum of the reduced return map.
1.055055	-8.348348								error: Could not locate the first local maximum of the reduced return map.
1.059059	-8.348348								error: Could not locate the first local maximum of the reduced return map.
1.063063	-8.348348								error: Could not locate the first local maximum of the reduced return map.
1.067067	-8.348348								error: Could not locate the first local maximum of the reduced return map.
1.071071	-8.348348								error: Could not locate the first local maximum of the reduced return map.
1.075075	-8.348348								error: Could not locate the first local maximum of the reduced return map.
1.079079	-8.348348								error: Could not locate the first local maximum of the reduced return map.
1.083083	-8.348348								error: Could not locate the first local maximum of the reduced return map.
1.087087	-8.348348								error: Could not locate the first local maximum of the reduced return map.
1.091091	-8.348348								error: Could not locate the first local maximum of the reduced return map.
1.095095	-8.348348								error: Could not locate the first local maximum of the reduced return map.
1.099099	-8.348348								error: Could not locate the first local maximum of the reduced return map.
1.103103	-8.348348								error: Could not locate the first local maximum of the reduced return map.
1.107107	-8.348348								error: Could not locate the first local maximum of the reduced return map.
1.111111	-8.348348								error: Could not locate the first local maximum of the reduced return map.
1.115115	-8.348348								error: Could not locate the first local maximum of the reduced return map.
1.119119	-8.348348								error: Could not locate the first local maximum of the reduced return map.
1.123123	-8.348348								error: Could not locate the first local maximum of the reduced return map.
1.127127	-8.348348								error: Could not locate the first local maximum of the reduced return map.
1.131131	-8.348348								error: Could not locate the first local maximum of the reduced return map.
1.135135	-8.348348								error: Could not locate the first local maximum of the reduced return map.
1.139139	-8.348348								error: Could not locate the first local maximum of the reduced return map.
1.143143	-8.348348								error: Could not locate the first local maximum of the reduced return map.
1.147147	-8.348348								error: Could not locate the first local maximum of the reduced return map.
1.151151	-8.348348								error: Could not locate the first local maximum of the reduced return map.
1.155155	-8.348348								error: Could not locate the first local maximum of the reduced return map.
1.159159	-8.348348								error: Could not locate the first local maximum of the reduced return map.
1.163163	-8.348348								error: Could not locate the first local maximum of the reduced return map.
1.167167	-8.348348								error: Could not locate the first local maximum of the reduced return map.
1.171171	-8.348348								error: Could not locate the first local maximum of the reduced return map.
1.175175	-8.348348								error: Could not locate the first local maximum of the reduced return map.
1.179179	-8.348348								error: Could not locate the first local maximum of the reduced return map.
1.183183	-8.348348								error: Could not locate the first local maximum of the reduced return map.
1.187187	-8.348348								error: Could not locate the first local maximum of the reduced return map.
1.191191	-8.348348								error: Could not locate the first local maximum of the reduced return map.
1.195195	-8.348348								error: Could not locate the first local maximum of the reduced return map.
1.199199	-8.348348								error: Could not locate the first local maximum of the reduced return map.
1.203203	-8.348348								error: Could not locate the first local maximum of the reduced return map.
1.207207	-8.348348								error: Could not locate the first local maximum of the reduced return map.
1.211211	-8.348348								error: Could not locate the first local maximum of the reduced return map.
1.215215	-8.348348								error: Could not locate the first local maximum of the reduced return map.
1.219219	-8.348348								error: Could not locate the first local maximum of the reduced return map.
1.223223	-8.348348								error: Could not locate the first local maximum of the reduced return map.
1.227227	-8.348348								error: Could not locate the first local maximum of the reduced return map.
1.231231	-8.348348								error: Could not locate the first local maximum of the reduced return map.
1.235235	-8.348348								error: Could not locate the first local maximum of the reduced return map.
1.239239	-8.348348								error: Could not locate the first local maximum of the reduced return map.
1.243243	-8.348348								error: Could not locate the first local maximum of the reduced return map.
1.247247	-8.348348								error: Could not locate the first local maximum of the reduced return map.
1.251251	-8.348348								error: Could not locate the first local maximum of the reduced return map.
1.255255	-8.348348								error: Could not locate the first local maximum of the reduced return map.
1.259259	-8.348348								error: Could not locate the first local maximum of the reduced return map.
1.263263	-8.348348								error: Could not locate the first local maximum of the reduced return map.
1.267267	-8.348348								error: Could not locate the first local maximum of the reduced return map.
1.271271	-8.348348								error: Could not locate the first local maximum of the reduced return map.
1.275275	-8.348348								error: Could not locate the first local maximum of the reduced return map.
1.279279	-8.348348								error: Could not locate the first local maximum of the reduced return map.
1.283283	-8.348348								error: Could not locate the first local maximum of the reduced return map.
1.287287	-8.348348								error: Could not locate the first local maximum of the reduced return map.
1.291291	-8.348348								error: Could not locate the first local maximum of the reduced return map.
1.295295	-8.348348								error: Could not locate the first local maximum of the reduced return map.
1.299299	-8.348348								error: Could not locate the first local maximum of the reduced return map.
1.303303	-8.348348								error: Could not locate the first local maximum of the reduced return map.
1.307307	-8.348348								error: Could not locate the first local maximum of the reduced return map.
1.311311	-8.348348								error: Could not locate the first local maximum of the reduced return map.
1.315315	-8.348348								error: Could not locate the first local maximum of the reduced return map.
1.319319	-8.348348								error: Could not locate the first local maximum of the reduced return map.
1.323323	-8.348348								error: Could not locate the first local maximum of the reduced return map.
1.327327	-8.348348								error: Could not locate the first local maximum of the reduced return map.
1.331331	-8.348348								error: Could not locate the first local maximum of the reduced return map.
1.335335	-8.348348								error: Could not locate the first local maximum of the reduced return map.
1.339339	-8.348348								error: Could not locate the first local maximum of the reduced return map.
1.343343	-8.348348								error: Could not locate the first local maximum of the reduced return map.
1.347347	-8.348348								error: Could not locate the first local maximum of the reduced return map.
1.351351	-8.348348								error: Could not locate the first local maximum of the reduced return map.
1.355355	-8.348348								error: Could not locate the first local maximum of the reduced return map.
1.359359	-8.348348								error: Could not locate the first local maximum of the reduced return map.
1.363363	-8.348348								error: Could not locate the first local maximum of the reduced return map.
1.367367	-8.348348								error: Could not locate the first local maximum of the reduced return map.
1.371371	-8.348348								error: Could not locate the first local maximum of the reduced return map.
1.375375	-8.348348								error: Could not locate the first local maximum of the reduced return map.
1.379379	-8.348348								error: Could not locate the first local maximum of the reduced return map.
1.383383	-8.348348								error: Could not locate the first local maximum of the reduced return map.
1.387387	-8.348348								error: Could not locate the first local maximum of the reduced return map.
1.391391	-8.348348								error: Could not locate the first local maximum of the reduced return map.
1.395395	-8.348348								error: Could not locate the first local maximum of the reduced return map.
1.399399	-8.348348								error: Could not locate the first local maximum of the reduced return map.
1.403403	-8.348348								error: Could not locate the first local maximum of the reduced return map.
1.407407	-8.348348								error: Could not locate the first local maximum of the reduced return map.
1.411411	-8.348348								error: Could not locate the first local maximum of the reduced return map.
1.415415	-8.348348								error: Could not locate the first local maximum of the reduced return map.
1.419419	-8.348348								error: Could not locate the first local maximum of the reduced return map.
1.423423	-8.348348								error: Could not locate the first local maximum of the reduced return map.
1.427427	-8.348348								error: Could not locate the first local maximum of the reduced return map.
1.431431	-8.348348								error: Could not locate the first local maximum of the reduced return map.
1.435435	-8.348348								error: Could not locate the first local maximum of the reduced return map.
1.439439	-8.348348								error: Could not locate the first local maximum of the reduced return map.
1.443443	-8.348348								error: Could not locate the first local maximum of the reduced return map.
1.447447	-8.348348								error: Could not locate the first local maximum of the reduced return map.
1.451451	-8.348348								error: Could not locate the first local maximum of the reduced return map.
1.455455	-8.348348								error: Could not locate the first local maximum of the reduced return map.
1.459459	-8.348348								error: Could not locate the first local maximum of the reduced return map.
1.463463	-8.348348								error: Could not locate the first local maximum of the reduced return map.
1.467467	-8.348348								error: Could not locate the first local maximum of the reduced return map.
1.471471	-8.348348								error: Could not locate the first local maximum of the reduced return map.
1.475475	-8.348348								error: Could not locate the first local maximum of the reduced return map.
1.479479	-8.348348								error: Could not locate the first local maximum of the reduced return map.
1.483483	-8.348348								error: Could not locate the first local maximum of the reduced return map.
1.487487	-8.348348								error: Could not locate the first local maximum of the reduced return map.
1.491491	-8.348348								error: Could not locate the first local maximum of the reduced return map.
1.495495	-8.348348								error: Could not locate the first local maximum of the reduced return map.
1.499499	-8.348348								error: Could not locate the first local maximum of the reduced return map.
1.503504	-8.348348								error: Could not locate the first local maximum of the reduced return map.
1.507508	-8.348348								error: Could not locate the first local maximum of the reduced return map.
1.511512	-8.348348								error: Could not locate the first local maximum of the reduced return map.
1.515516	-8.348348								error: Could not locate the first local maximum of the reduced return map.
1.519520	-8.348348								error: Could not locate the first local maximum of the reduced return map.
1.523524	-8.348348								error: Could not locate the first local maximum of the reduced return map.
1.527528	-8.348348								error: Could not locate the first local maximum of the reduced return map.
1.531532	-8.348348								error: Could not locate the first local maximum of the reduced return map.
1.535536	-8.348348								error: Could not locate the first local maximum of the reduced return map.
1.539540	-8.348348								error: Could not locate the first local maximum of the reduced return map.
1.543544	-8.348348								error: Could not locate the first local maximum of the reduced return map.
1.547548	-8.348348								error: Could not locate the first local maximum of the reduced return map.
1.551552	-8.348348								error: Could not locate the first local maximum of the reduced return map.
1.555556	-8.348348								error: Could not locate the first local maximum of the reduced return map.
1.559560	-8.348348								error: Could not locate the first local maximum of the reduced return map.
1.563564	-8.348348								error: Could not locate the first local maximum of the reduced return map.
1.567568	-8.348348								error: Could not locate the first local maximum of the reduced return map.
1.571572	-8.348348								error: Could not locate the first local maximum of the reduced return map.
1.575576	-8.348348								error: Could not locate the first local maximum of the reduced return map.
1.579580	-8.348348								error: Could not locate the first local maximum of the reduced return map.
1.583584	-8.348348								error: Could not locate the first local maximum of the reduced return map.
1.587588	-8.348348								error: Could not locate the first local maximum of the reduced return map.
1.591592	-8.348348								error: Could not locate the first local maximum of the reduced return map.
1.595596	-8.348348								error: Could not locate the first local maximum of the reduced return map.
1.599600	-8.348348								error: Could not locate the first local maximum of the reduced return map.
1.603604	-8.348348								error: Could not locate the first local maximum of the reduced return map.
1.607608	-8.348348								error: Could not locate the first local maximum of the reduced return map.
1.611612	-8.348348								error: Could not locate the first local maximum of the reduced return map.
1.615616	-8.348348								error: Could not locate the first local maximum of the reduced return map.
1.619620	-8.348348								error: Could not locate the first local maximum of the reduced return map.
1.623624	-8.348348								error: Could not locate the first local maximum of the reduced return map.
1.627628	-8.348348								error: Could not locate the first local maximum of the reduced return map.
1.631632	-8.348348								error: Could not locate the first local maximum of the reduced return map.
1.635636	-8.348348								error: Could not locate the first local maximum of the reduced return map.
1.639640	-8.348348								error: Could not locate the first local maximum of the reduced return map.
1.643644	-8.348348								error: Could not locate the first local maximum of the reduced return map.
1.647648	-8.348348								error: Could not locate the first local maximum of the reduced return map.
1.651652	-8.348348								error: Could not locate the first local maximum of the reduced return map.
1.655656	-8.348348								error: Could not locate the first local maximum of the reduced return map.
1.659660	-8.348348								error: Could not locate the first local maximum of the reduced return map.
1.663664	-8.348348								error: Could not locate the first local maximum of the reduced return map.
1.667668	-8.348348								error: Could not locate the first local maximum of the reduced return map.
1.671672	-8.348348								error: Could not locate the first local maximum of the reduced return map.
1.675676	-8.348348								error: Could not locate the first local maximum of the reduced return map.
1.679680	-8.348348								error: Could not locate the first local maximum of the reduced return map.
1.683684	-8.348348								error: Could not locate the first local maximum of the reduced return map.
1.687688	-8.348348								error: Could not locate the first local maximum of the reduced return map.
1.691692	-8.348348								error: Could not locate the first local maximum of the reduced return map.
1.695696	-8.348348								error: Could not locate the first local maximum of the reduced return map.
1.699700	-8.348348								error: Could not locate the first local maximum of the reduced return map.
1.703704	-8.348348								error: Could not locate the first local maximum of the reduced return map.
1.707708	-8.348348								error: Could not locate the first local maximum of the reduced return map.
1.711712	-8.348348								error: Could not locate the first local maximum of the reduced return map.
1.715716	-8.348348								error: Could not locate the first local maximum of the reduced return map.
1.719720	-8.348348								error: Could not locate the first local maximum of the reduced return map.
1.723724	-8.348348								error: Could not locate the first local maximum of the reduced return map.
1.727728	-8.348348								error: Could not locate the first local maximum of the reduced return map.
1.731732	-8.348348								error: Could not locate the first local maximum of the reduced return map.
1.735736	-8.348348								error: Could not locate the first local maximum of the reduced return map.
1.739740	-8.348348								error: Could not locate the first local maximum of the reduced return map.
1.743744	-8.348348								error: Could not locate the first local maximum of the reduced return map.
1.747748	-8.348348								error: Could not locate the first local maximum of the reduced return map.
1.751752	-8.348348								error: Could not locate the first local maximum of the reduced return map.
1.755756	-8.348348								error: Could not locate the first local maximum of the reduced return map.
1.759760	-8.348348								error: Could not locate the first local maximum of the reduced return map.
1.763764	-8.348348								error: Could not locate the first local maximum of the reduced return map.
1.767768	-8.348348								error: Could not locate the first local maximum of the reduced return map.
1.771772	-8.348348								error: Could not locate the first local maximum of the reduced return map.
1.775776	-8.348348								error: Could not locate the first local maximum of the reduced return map.
1.779780	-8.348348								error: Could not locate the first local maximum of the reduced return map.
1.783784	-8.348348								error: Could not locate the first local maximum of the reduced return map.
1.787788	-8.348348								error: Could not locate the first local maximum of the reduced return map.
1.791792	-8.348348								error: Could not locate the first local maximum of the reduced return map.
1.795796	-8.348348								error: Could not locate the first local maximum of the reduced return map.
1.799800	-8.348348								error: Could not locate the first local maximum of the reduced return map.
1.803804	-8.348348								error: Could not locate the first local maximum of the reduced return map.
1.807808	-8.348348								error: Could not locate the first local maximum of the reduced return map.
1.811812	-8.348348								error: Could not locate the first local maximum of the reduced return map.
1.815816	-8.348348								error: Could not locate the first local maximum of the reduced return map.
1.819820	-8.348348								error: Could not locate the first local maximum of the reduced return map.
1.823824	-8.348348								error: Could not locate the first local maximum of the reduced return map.
1.827828	-8.348348								error: Could not locate the first local maximum of the reduced return map.
1.831832	-8.348348								error: Could not locate the first local maximum of the reduced return map.
1.835836	-8.348348								error: Could not locate the first local maximum of the reduced return map.
1.839840	-8.348348								error: Could not locate the first local maximum of the reduced return map.
1.843844	-8.348348								error: Could not locate the first local maximum of the reduced return map.
1.847848	-8.348348								error: Could not locate the first local maximum of the reduced return map.
1.851852	-8.348348								error: Could not locate the first local maximum of the reduced return map.
1.855856	-8.348348								error: Could not locate the first local maximum of the reduced return map.
1.859860	-8.348348								error: Could not locate the first local maximum of the reduced return map.
1.863864	-8.348348								error: Could not locate the first local maximum of the reduced return map.
1.867868	-8.348348								error: Could not locate the first local maximum of the reduced return map.
1.871872	-8.348348								error: Could not locate the first local maximum of the reduced return map.
1.875876	-8.348348								error: Could not locate the first local maximum of the reduced return map.
1.879880	-8.348348								error: Could not locate the first local maximum of the reduced return map.
1.883884	-8.348348								error: Could not locate the first local maximum of the reduced return map.
1.887888	-8.348348								error: Could not locate the first local maximum of the reduced return map.
1.891892	-8.348348								error: Could not locate the first local maximum of the reduced return map.
1.895896	-8.348348								error: Could not locate the first local maximum of the reduced return map.
1.899900	-8.348348								error: Could not locate the first local maximum of the reduced return map.
1.903904	-8.348348								error: Could not locate the first local maximum of the reduced return map.
1.907908	-8.348348								error: Could not locate the first local maximum of the reduced return map.
1.911912	-8.348348								error: Could not locate the first local maximum of the reduced return map.
1.915916	-8.348348								error: Could not locate the first local maximum of the reduced return map.
1.919920	-8.348348								error: Could not locate the first local maximum of the reduced return map.
1.923924	-8.348348								error: Could not locate the first local maximum of the reduced return map.
1.927928	-8.348348								error: Could not locate the first local maximum of the reduced return map.
1.931932	-8.348348								error: Could not locate the first local maximum of the reduced return map.
1.935936	-8.348348								error: Could not locate the first local maximum of the reduced return map.
1.939940	-8.348348								error: Could not locate the first local maximum of the reduced return map.
1.943944	-8.348348								error: Could not locate the first local maximum of the reduced return map.
1.947948	-8.348348								error: Could not locate the first local maximum of the reduced return map.
1.951952	-8.348348								error: Could not locate the first local maximum of the reduced return map.
1.955956	-8.348348								error: Could not locate the first local maximum of the reduced return map.
1.959960	-8.348348								error: Could not locate the first local maximum of the reduced return map.
1.963964	-8.348348								error: Could not locate the first local maximum of the reduced return map.
1.967968	-8.348348								error: Could not locate the first local maximum of the reduced return map.
1.971972	-8.348348								error: Could not locate the first local maximum of the reduced return map.
1.975976	-8.348348								error: Could not locate the first local maximum of the reduced return map.
1.979980	-8.348348								error: Could not locate the first local maximum of the reduced return map.
1.983984	-8.348348								error: Could not locate the first local maximum of the reduced return map.
1.987988	-8.348348								error: Could not locate the first local maximum of the reduced return map.
1.991992	-8.348348								error: Could not locate the first local maximum of the reduced return map.
1.995996	-8.348348								error: Could not locate the first local maximum of the reduced return map.
2.000000	-8.348348								error: Could not locate the first local maximum of the reduced return map.
