delta_x	delta_ca	T0_V	T0_Ca	T0_method	T_encoding	gamma_encoding	T_scs	gamma_scs	status
-2.000000	14.474474								error: Could not locate the first local maximum of the reduced return map.
-1.995996	14.474474								error: Could not locate the first local maximum of the reduced return map.
-1.991992	14.474474								error: Could not locate the first local maximum of the reduced return map.
-1.987988	14.474474								error: Could not locate the first local maximum of the reduced return map.
-1.983984	14.474474								error: Could not locate the first local maximum of the reduced return map.
-1.979980	14.474474								error: Could not locate the first local maximum of the reduced return map.
-1.975976	14.474474								error: Could not locate the first local maximum of the reduced return map.
-1.971972	14.474474								error: Could not locate the first local maximum of the reduced return map.
-1.967968	14.474474								error: Could not locate the first local maximum of the reduced return map.
-1.963964	14.474474								error: Could not locate the first local maximum of the reduced return map.
-1.959960	14.474474								error: Could not locate the first local maximum of the reduced return map.
-1.955956	14.474474								error: Could not locate the first local maximum of the reduced return map.
-1.951952	14.474474								error: Could not locate the first local maximum of the reduced return map.
-1.947948	14.474474								error: Could not locate the first local maximum of the reduced return map.
-1.943944	14.474474								error: Could not locate the first local maximum of the reduced return map.
-1.939940	14.474474								error: Could not locate the first local maximum of the reduced return map.
-1.935936	14.474474								error: Could not locate the first local maximum of the reduced return map.
-1.931932	14.474474								error: Could not locate the first local maximum of the reduced return map.
-1.927928	14.474474								error: Could not locate the first local maximum of the reduced return map.
-1.923924	14.474474								error: Could not locate the first local maximum of the reduced return map.
-1.919920	14.474474								error: Could not locate the first local maximum of the reduced return map.
-1.915916	14.474474								error: Could not locate the first local maximum of the reduced return map.
-1.911912	14.474474								error: Could not locate the first local maximum of the reduced return map.
-1.907908	14.474474								error: Could not locate the first local maximum of the reduced return map.
-1.903904	14.474474								error: Could not locate the first local maximum of the reduced return map.
-1.899900	14.474474								error: Could not locate the first local maximum of the reduced return map.
-1.895896	14.474474								error: Could not locate the first local maximum of the reduced return map.
-1.891892	14.474474								error: Could not locate the first local maximum of the reduced return map.
-1.887888	14.474474								error: Could not locate the first local maximum of the reduced return map.
-1.883884	14.474474								error: Could not locate the first local maximum of the reduced return map.
-1.879880	14.474474								error: Could not locate the first local maximum of the reduced return map.
-1.875876	14.474474								error: Could not locate the first local maximum of the reduced return map.
-1.871872	14.474474								error: Could not locate the first local maximum of the reduced return map.
-1.867868	14.474474								error: Could not locate the first local maximum of the reduced return map.
-1.863864	14.474474								error: Could not locate the first local maximum of the reduced return map.
-1.859860	14.474474								error: Could not locate the first local maximum of the reduced return map.
-1.855856	14.474474								error: Could not locate the first local maximum of the reduced return map.
-1.851852	14.474474								error: Could not locate the first local maximum of the reduced return map.
-1.847848	14.474474								error: Could not locate the first local maximum of the reduced return map.
-1.843844	14.474474								error: Could not locate the first local maximum of the reduced return map.
-1.839840	14.474474								error: Could not locate the first local maximum of the reduced return map.
-1.835836	14.474474								error: Could not locate the first local maximum of the reduced return map.
-1.831832	14.474474								error: Could not locate the first local maximum of the reduced return map.
-1.827828	14.474474								error: Could not locate the first local maximum of the reduced return map.
-1.823824	14.474474								error: Could not locate the first local maximum of the reduced return map.
-1.819820	14.474474								error: Could not locate the first local maximum of the reduced return map.
-1.815816	14.474474								error: Could not locate the first local maximum of the reduced return map.
-1.811812	14.474474								error: Could not locate the first local maximum of the reduced return map.
-1.807808	14.474474								error: Could not locate the first local maximum of the reduced return map.
-1.803804	14.474474								error: Could not locate the first local maximum of the reduced return map.
-1.799800	14.474474								error: Could not locate the first local maximum of the reduced return map.
-1.795796	14.474474								error: Could not locate the first local maximum of the reduced return map.
-1.791792	14.474474								error: Could not locate the first local maximum of the reduced return map.
-1.787788	14.474474								error: Could not locate the first local maximum of the reduced return map.
-1.783784	14.474474								error: Could not locate the first local maximum of the reduced return map.
-1.779780	14.474474								error: Could not locate the first local maximum of the reduced return map.
-1.775776	14.474474								error: Could not locate the first local maximum of the reduced return map.
-1.771772	14.474474								error: Could not locate the first local maximum of the reduced return map.
-1.767768	14.474474								error: Could not locate the first local maximum of the reduced return map.
-1.763764	14.474474								error: Could not locate the first local maximum of the reduced return map.
-1.759760	14.474474								error: Could not locate the first local maximum of the reduced return map.
-1.755756	14.474474								error: Could not locate the first local maximum of the reduced return map.
-1.751752	14.474474								error: Could not locate the first local maximum of the reduced return map.
-1.747748	14.474474								error: Could not locate the first local maximum of the reduced return map.
-1.743744	14.474474								error: Could not locate the first local maximum of the reduced return map.
-1.739740	14.474474								error: Could not locate the first local maximum of the reduced return map.
-1.735736	14.474474								error: Could not locate the first local maximum of the reduced return map.
-1.731732	14.474474								error: Could not locate the first local maximum of the reduced return map.
-1.727728	14.474474								error: Could not locate the first local maximum of the reduced return map.
-1.723724	14.474474								error: Could not locate the first local maximum of the reduced return map.
-1.719720	14.474474								error: Could not locate the first local maximum of the reduced return map.
-1.715716	14.474474								error: Could not locate the first local maximum of the reduced return map.
-1.711712	14.474474								error: Could not locate the first local maximum of the reduced return map.
-1.707708	14.474474								error: Could not locate the first local maximum of the reduced return map.
-1.703704	14.474474								error: Could not locate the first local maximum of the reduced return map.
-1.699700	14.474474								error: Could not locate the first local maximum of the reduced return map.
-1.695696	14.474474								error: Could not locate the first local maximum of the reduced return map.
-1.691692	14.474474								error: Could not locate the first local maximum of the reduced return map.
-1.687688	14.474474								error: Could not locate the first local maximum of the reduced return map.
-1.683684	14.474474								error: Could not locate the first local maximum of the reduced return map.
-1.679680	14.474474								error: Could not locate the first local maximum of the reduced return map.
-1.675676	14.474474								error: Could not locate the first local maximum of the reduced return map.
-1.671672	14.474474								error: Could not locate the first local maximum of the reduced return map.
-1.667668	14.474474								error: Could not locate the first local maximum of the reduced return map.
-1.663664	14.474474								error: Could not locate the first local maximum of the reduced return map.
-1.659660	14.474474								error: Could not locate the first local maximum of the reduced return map.
-1.655656	14.474474								error: Could not locate the first local maximum of the reduced return map.
-1.651652	14.474474								error: Could not locate the first local maximum of the reduced return map.
-1.647648	14.474474								error: Could not locate the first local maximum of the reduced return map.
-1.643644	14.474474								error: Could not locate the first local maximum of the reduced return map.
-1.639640	14.474474								error: Could not locate the first local maximum of the reduced return map.
-1.635636	14.474474								error: Could not locate the first local maximum of the reduced return map.
-1.631632	14.474474								error: Could not locate the first local maximum of the reduced return map.
-1.627628	14.474474								error: Could not locate the first local maximum of the reduced return map.
-1.623624	14.474474								error: Could not locate the first local maximum of the reduced return map.
-1.619620	14.474474								error: Could not locate the first local maximum of the reduced return map.
-1.615616	14.474474								error: Could not locate the first local maximum of the reduced return map.
-1.611612	14.474474								error: Could not locate the first local maximum of the reduced return map.
-1.607608	14.474474								error: Could not locate the first local maximum of the reduced return map.
-1.603604	14.474474								error: Could not locate the first local maximum of the reduced return map.
-1.599600	14.474474								error: Could not locate the first local maximum of the reduced return map.
-1.595596	14.474474								error: Could not locate the first local maximum of the reduced return map.
-1.591592	14.474474								error: Could not locate the first local maximum of the reduced return map.
-1.587588	14.474474								error: Could not locate the first local maximum of the reduced return map.
-1.583584	14.474474								error: Could not locate the first local maximum of the reduced return map.
-1.579580	14.474474								error: Could not locate the first local maximum of the reduced return map.
-1.575576	14.474474								error: Could not locate the first local maximum of the reduced return map.
-1.571572	14.474474								error: Could not locate the first local maximum of the reduced return map.
-1.567568	14.474474								error: Could not locate the first local maximum of the reduced return map.
-1.563564	14.474474								error: Could not locate the first local maximum of the reduced return map.
-1.559560	14.474474								error: Could not locate the first local maximum of the reduced return map.
-1.555556	14.474474								error: Could not locate the first local maximum of the reduced return map.
-1.551552	14.474474								error: Could not locate the first local maximum of the reduced return map.
-1.547548	14.474474								error: Could not locate the first local maximum of the reduced return map.
-1.543544	14.474474								error: Could not locate the first local maximum of the reduced return map.
-1.539540	14.474474								error: Could not locate the first local maximum of the reduced return map.
-1.535536	14.474474								error: Could not locate the first local maximum of the reduced return map.
-1.531532	14.474474								error: Could not locate the first local maximum of the reduced return map.
-1.527528	14.474474								error: Could not locate the first local maximum of the reduced return map.
-1.523524	14.474474								error: Could not locate the first local maximum of the reduced return map.
-1.519520	14.474474								error: Could not locate the first local maximum of the reduced return map.
-1.515516	14.474474								error: Could not locate the first local maximum of the reduced return map.
-1.511512	14.474474								error: Could not locate the first local maximum of the reduced return map.
-1.507508	14.474474								error: Could not locate the first local maximum of the reduced return map.
-1.503504	14.474474								error: Could not locate the first local maximum of the reduced return map.
-1.499499	14.474474								error: Could not locate the first local maximum of the reduced return map.
-1.495495	14.474474								error: Could not locate the first local maximum of the reduced return map.
-1.491491	14.474474								error: Could not locate the first local maximum of the reduced return map.
-1.487487	14.474474								error: Could not locate the first local maximum of the reduced return map.
-1.483483	14.474474								error: Could not locate the first local maximum of the reduced return map.
-1.479479	14.474474								error: Could not locate the first local maximum of the reduced return map.
-1.475475	14.474474								error: Could not locate the first local maximum of the reduced return map.
-1.471471	14.474474								error: Could not locate the first local maximum of the reduced return map.
-1.467467	14.474474								error: Could not locate the first local maximum of the reduced return map.
-1.463463	14.474474								error: Could not locate the first local maximum of the reduced return map.
-1.459459	14.474474								error: Could not locate the first local maximum of the reduced return map.
-1.455455	14.474474								error: Could not locate the first local maximum of the reduced return map.
-1.451451	14.474474								error: Could not locate the first local maximum of the reduced return map.
-1.447447	14.474474								error: Could not locate the first local maximum of the reduced return map.
-1.443443	14.474474								error: Could not locate the first local maximum of the reduced return map.
-1.439439	14.474474								error: Could not locate the first local maximum of the reduced return map.
-1.435435	14.474474								error: Could not locate the first local maximum of the reduced return map.
-1.431431	14.474474								error: Could not locate the first local maximum of the reduced return map.
-1.427427	14.474474								error: Could not locate the first local maximum of the reduced return map.
-1.423423	14.474474								error: Could not locate the first local maximum of the reduced return map.
-1.419419	14.474474								error: Could not locate the first local maximum of the reduced return map.
-1.415415	14.474474								error: Could not locate the first local maximum of the reduced return map.
-1.411411	14.474474								error: Could not locate the first local maximum of the reduced return map.
-1.407407	14.474474								error: Could not locate the first local maximum of the reduced return map.
-1.403403	14.474474								error: Could not locate the first local maximum of the reduced return map.
-1.399399	14.474474								error: Could not locate the first local maximum of the reduced return map.
-1.395395	14.474474								error: Could not locate the first local maximum of the reduced return map.
-1.391391	14.474474								error: Could not locate the first local maximum of the reduced return map.
-1.387387	14.474474								error: Could not locate the first local maximum of the reduced return map.
-1.383383	14.474474								error: Could not locate the first local maximum of the reduced return map.
-1.379379	14.474474								error: Could not locate the first local maximum of the reduced return map.
-1.375375	14.474474								error: Could not locate the first local maximum of the reduced return map.
-1.371371	14.474474								error: Could not locate the first local maximum of the reduced return map.
-1.367367	14.474474								error: Could not locate the first local maximum of the reduced return map.
-1.363363	14.474474								error: Could not locate the first local maximum of the reduced return map.
-1.359359	14.474474								error: Could not locate the first local maximum of the reduced return map.
-1.355355	14.474474								error: Could not locate the first local maximum of the reduced return map.
-1.351351	14.474474								error: Could not locate the first local maximum of the reduced return map.
-1.347347	14.474474								error: Could not locate the first local maximum of the reduced return map.
-1.343343	14.474474								error: Could not locate the first local maximum of the reduced return map.
-1.339339	14.474474								error: Could not locate the first local maximum of the reduced return map.
-1.335335	14.474474								error: Could not locate the first local maximum of the reduced return map.
-1.331331	14.474474								error: Could not locate the first local maximum of the reduced return map.
-1.327327	14.474474								error: Could not locate the first local maximum of the reduced return map.
-1.323323	14.474474								error: Could not locate the first local maximum of the reduced return map.
-1.319319	14.474474								error: Could not locate the first local maximum of the reduced return map.
-1.315315	14.474474								error: Could not locate the first local maximum of the reduced return map.
-1.311311	14.474474								error: Could not locate the first local maximum of the reduced return map.
-1.307307	14.474474								error: Could not locate the first local maximum of the reduced return map.
-1.303303	14.474474								error: Could not locate the first local maximum of the reduced return map.
-1.299299	14.474474								error: Could not locate the first local maximum of the reduced return map.
-1.295295	14.474474								error: Could not locate the first local maximum of the reduced return map.
-1.291291	14.474474								error: Could not locate the first local maximum of the reduced return map.
-1.287287	14.474474								error: Could not locate the first local maximum of the reduced return map.
-1.283283	14.474474								error: Could not locate the first local maximum of the reduced return map.
-1.279279	14.474474								error: Could not locate the first local maximum of the reduced return map.
-1.275275	14.474474								error: Could not locate the first local maximum of the reduced return map.
-1.271271	14.474474								error: Could not locate the first local maximum of the reduced return map.
-1.267267	14.474474								error: Could not locate the first local maximum of the reduced return map.
-1.263263	14.474474								error: Could not locate the first local maximum of the reduced return map.
-1.259259	14.474474								error: Could not locate the first local maximum of the reduced return map.
-1.255255	14.474474								error: Could not locate the first local maximum of the reduced return map.
-1.251251	14.474474								error: Could not locate the first local maximum of the reduced return map.
-1.247247	14.474474								error: Could not locate the first local maximum of the reduced return map.
-1.243243	14.474474								error: Could not locate the first local maximum of the reduced return map.
-1.239239	14.474474								error: Could not locate the first local maximum of the reduced return map.
-1.235235	14.474474								error: Could not locate the first local maximum of the reduced return map.
-1.231231	14.474474								error: Could not locate the first local maximum of the reduced return map.
-1.227227	14.474474								error: Could not locate the first local maximum of the reduced return map.
-1.223223	14.474474								error: Could not locate the first local maximum of the reduced return map.
-1.219219	14.474474								error: Could not locate the first local maximum of the reduced return map.
-1.215215	14.474474								error: Could not locate the first local maximum of the reduced return map.
-1.211211	14.474474								error: Could not locate the first local maximum of the reduced return map.
-1.207207	14.474474								error: Could not locate the first local maximum of the reduced return map.
-1.203203	14.474474								error: Could not locate the first local maximum of the reduced return map.
-1.199199	14.474474								error: Could not locate the first local maximum of the reduced return map.
-1.195195	14.474474								error: Could not locate the first local maximum of the reduced return map.
-1.191191	14.474474								error: Could not locate the first local maximum of the reduced return map.
-1.187187	14.474474								error: Could not locate the first local maximum of the reduced return map.
-1.183183	14.474474								error: Could not locate the first local maximum of the reduced return map.
-1.179179	14.474474								error: Could not locate the first local maximum of the reduced return map.
-1.175175	14.474474								error: Could not locate the first local maximum of the reduced return map.
-1.171171	14.474474								error: Could not locate the first local maximum of the reduced return map.
-1.167167	14.474474								error: Could not locate the first local maximum of the reduced return map.
-1.163163	14.474474								error: Could not locate the first local maximum of the reduced return map.
-1.159159	14.474474								error: Could not locate the first local maximum of the reduced return map.
-1.155155	14.474474								error: Could not locate the first local maximum of the reduced return map.
-1.151151	14.474474								error: Could not locate the first local maximum of the reduced return map.
-1.147147	14.474474								error: Could not locate the first local maximum of the reduced return map.
-1.143143	14.474474								error: Could not locate the first local maximum of the reduced return map.
-1.139139	14.474474								error: Could not locate the first local maximum of the reduced return map.
-1.135135	14.474474								error: Could not locate the first local maximum of the reduced return map.
-1.131131	14.474474								error: Could not locate the first local maximum of the reduced return map.
-1.127127	14.474474								error: Could not locate the first local maximum of the reduced return map.
-1.123123	14.474474								error: Could not locate the first local maximum of the reduced return map.
-1.119119	14.474474								error: Could not locate the first local maximum of the reduced return map.
-1.115115	14.474474								error: Could not locate the first local maximum of the reduced return map.
-1.111111	14.474474								error: Could not locate the first local maximum of the reduced return map.
-1.107107	14.474474								error: Could not locate the first local maximum of the reduced return map.
-1.103103	14.474474								error: Could not locate the first local maximum of the reduced return map.
-1.099099	14.474474								error: Could not locate the first local maximum of the reduced return map.
-1.095095	14.474474								error: Could not locate the first local maximum of the reduced return map.
-1.091091	14.474474								error: Could not locate the first local maximum of the reduced return map.
-1.087087	14.474474								error: Could not locate the first local maximum of the reduced return map.
-1.083083	14.474474								error: Could not locate the first local maximum of the reduced return map.
-1.079079	14.474474								error: Could not locate the first local maximum of the reduced return map.
-1.075075	14.474474								error: Could not locate the first local maximum of the reduced return map.
-1.071071	14.474474								error: Could not locate the first local maximum of the reduced return map.
-1.067067	14.474474								error: Could not locate the first local maximum of the reduced return map.
-1.063063	14.474474								error: Could not locate the first local maximum of the reduced return map.
-1.059059	14.474474								error: Could not locate the first local maximum of the reduced return map.
-1.055055	14.474474								error: Could not locate the first local maximum of the reduced return map.
-1.051051	14.474474								error: Could not locate the first local maximum of the reduced return map.
-1.047047	14.474474								error: Could not locate the first local maximum of the reduced return map.
-1.043043	14.474474								error: Could not locate the first local maximum of the reduced return map.
-1.039039	14.474474								error: Could not locate the first local maximum of the reduced return map.
-1.035035	14.474474								error: Could not locate the first local maximum of the reduced return map.
-1.031031	14.474474								error: Could not locate the first local maximum of the reduced return map.
-1.027027	14.474474								error: Could not locate the first local maximum of the reduced return map.
-1.023023	14.474474								error: Could not locate the first local maximum of the reduced return map.
-1.019019	14.474474								error: Could not locate the first local maximum of the reduced return map.
-1.015015	14.474474								error: Could not locate the first local maximum of the reduced return map.
-1.011011	14.474474								error: Could not locate the first local maximum of the reduced return map.
-1.007007	14.474474								error: Could not locate the first local maximum of the reduced return map.
-1.003003	14.474474								error: Could not locate the first local maximum of the reduced return map.
-0.998999	14.474474								error: Could not locate the first local maximum of the reduced return map.
-0.994995	14.474474								error: Could not locate the first local maximum of the reduced return map.
-0.990991	14.474474								error: Could not locate the first local maximum of the reduced return map.
-0.986987	14.474474								error: Could not locate the first local maximum of the reduced return map.
-0.982983	14.474474								error: Could not locate the first local maximum of the reduced return map.
-0.978979	14.474474								error: Could not locate the first local maximum of the reduced return map.
-0.974975	14.474474								error: Could not locate the first local maximum of the reduced return map.
-0.970971	14.474474								error: Could not locate the first local maximum of the reduced return map.
-0.966967	14.474474								error: Could not locate the first local maximum of the reduced return map.
-0.962963	14.474474								error: Could not locate the first local maximum of the reduced return map.
-0.958959	14.474474								error: Could not locate the first local maximum of the reduced return map.
-0.954955	14.474474								error: Could not locate the first local maximum of the reduced return map.
-0.950951	14.474474								error: Could not locate the first local maximum of the reduced return map.
-0.946947	14.474474								error: Could not locate the first local maximum of the reduced return map.
-0.942943	14.474474								error: Could not locate the first local maximum of the reduced return map.
-0.938939	14.474474								error: Could not locate the first local maximum of the reduced return map.
-0.934935	14.474474								error: Could not locate the first local maximum of the reduced return map.
-0.930931	14.474474								error: Could not locate the first local maximum of the reduced return map.
-0.926927	14.474474								error: Could not locate the first local maximum of the reduced return map.
-0.922923	14.474474								error: Could not locate the first local maximum of the reduced return map.
-0.918919	14.474474								error: Could not locate the first local maximum of the reduced return map.
-0.914915	14.474474								error: Could not locate the first local maximum of the reduced return map.
-0.910911	14.474474								error: Could not locate the first local maximum of the reduced return map.
-0.906907	14.474474								error: Could not locate the first local maximum of the reduced return map.
-0.902903	14.474474								error: Could not locate the first local maximum of the reduced return map.
-0.898899	14.474474								error: Could not locate the first local maximum of the reduced return map.
-0.894895	14.474474								error: Could not locate the first local maximum of the reduced return map.
-0.890891	14.474474								error: Could not locate the first local maximum of the reduced return map.
-0.886887	14.474474								error: Could not locate the first local maximum of the reduced return map.
-0.882883	14.474474								error: Could not locate the first local maximum of the reduced return map.
-0.878879	14.474474								error: Could not locate the first local maximum of the reduced return map.
-0.874875	14.474474								error: Could not locate the first local maximum of the reduced return map.
-0.870871	14.474474								error: Could not locate the first local maximum of the reduced return map.
-0.866867	14.474474								error: Could not locate the first local maximum of the reduced return map.
-0.862863	14.474474								error: Could not locate the first local maximum of the reduced return map.
-0.858859	14.474474								error: Could not locate the first local maximum of the reduced return map.
-0.854855	14.474474								error: Could not locate the first local maximum of the reduced return map.
-0.850851	14.474474								error: Could not locate the first local maximum of the reduced return map.
-0.846847	14.474474								error: Could not locate the first local maximum of the reduced return map.
-0.842843	14.474474								error: Could not locate the first local maximum of the reduced return map.
-0.838839	14.474474								error: Could not locate the first local maximum of the reduced return map.
-0.834835	14.474474								error: Could not locate the first local maximum of the reduced return map.
-0.830831	14.474474								error: Could not locate the first local maximum of the reduced return map.
-0.826827	14.474474								error: Could not locate the first local maximum of the reduced return map.
-0.822823	14.474474								error: Could not locate the first local maximum of the reduced return map.
-0.818819	14.474474								error: Could not locate the first local maximum of the reduced return map.
-0.814815	14.474474								error: Could not locate the first local maximum of the reduced return map.
-0.810811	14.474474								error: Could not locate the first local maximum of the reduced return map.
-0.806807	14.474474								error: Could not locate the first local maximum of the reduced return map.
-0.802803	14.474474								error: Could not locate the first local maximum of the reduced return map.
-0.798799	14.474474								error: Could not locate the first local maximum of the reduced return map.
-0.794795	14.474474								error: Could not locate the first local maximum of the reduced return map.
-0.790791	14.474474								error: Could not locate the first local maximum of the reduced return map.
-0.786787	14.474474								error: Could not locate the first local maximum of the reduced return map.
-0.782783	14.474474								error: Could not locate the first local maximum of the reduced return map.
-0.778779	14.474474								error: Could not locate the first local maximum of the reduced return map.
-0.774775	14.474474								error: Could not locate the first local maximum of the reduced return map.
-0.770771	14.474474								error: Could not locate the first local maximum of the reduced return map.
-0.766767	14.474474								error: Could not locate the first local maximum of the reduced return map.
-0.762763	14.474474								error: Could not locate the first local maximum of the reduced return map.
-0.758759	14.474474								error: Could not locate the first local maximum of the reduced return map.
-0.754755	14.474474								error: Could not locate the first local maximum of the reduced return map.
-0.750751	14.474474								error: Could not locate the first local maximum of the reduced return map.
-0.746747	14.474474								error: Could not locate the first local maximum of the reduced return map.
-0.742743	14.474474								error: Could not locate the first local maximum of the reduced return map.
-0.738739	14.474474								error: Could not locate the first local maximum of the reduced return map.
-0.734735	14.474474								error: Could not locate the first local maximum of the reduced return map.
-0.730731	14.474474								error: Could not locate the first local maximum of the reduced return map.
-0.726727	14.474474								error: Could not locate the first local maximum of the reduced return map.
-0.722723	14.474474								error: Could not locate the first local maximum of the reduced return map.
-0.718719	14.474474								error: Could not locate the first local maximum of the reduced return map.
-0.714715	14.474474								error: Could not locate the first local maximum of the reduced return map.
-0.710711	14.474474								error: Could not locate the first local maximum of the reduced return map.
-0.706707	14.474474								error: Could not locate the first local maximum of the reduced return map.
-0.702703	14.474474								error: Could not locate the first local maximum of the reduced return map.
-0.698699	14.474474								error: Could not locate the first local maximum of the reduced return map.
-0.694695	14.474474								error: Could not locate the first local maximum of the reduced return map.
-0.690691	14.474474								error: Could not locate the first local maximum of the reduced return map.
-0.686687	14.474474								error: Could not locate the first local maximum of the reduced return map.
-0.682683	14.474474								error: Could not locate the first local maximum of the reduced return map.
-0.678679	14.474474								error: Could not locate the first local maximum of the reduced return map.
-0.674675	14.474474								error: Could not locate the first local maximum of the reduced return map.
-0.670671	14.474474								error: Could not locate the first local maximum of the reduced return map.
-0.666667	14.474474								error: Could not locate the first local maximum of the reduced return map.
-0.662663	14.474474								error: Could not locate the first local maximum of the reduced return map.
-0.658659	14.474474								error: Could not locate the first local maximum of the reduced return map.
-0.654655	14.474474								error: Could not locate the first local maximum of the reduced return map.
-0.650651	14.474474								error: Could not locate the first local maximum of the reduced return map.
-0.646647	14.474474								error: Could not locate the first local maximum of the reduced return map.
-0.642643	14.474474								error: Could not locate the first local maximum of the reduced return map.
-0.638639	14.474474								error: Could not locate the first local maximum of the reduced return map.
-0.634635	14.474474								error: Could not locate the first local maximum of the reduced return map.
-0.630631	14.474474								error: Could not locate the first local maximum of the reduced return map.
-0.626627	14.474474								error: Could not locate the first local maximum of the reduced return map.
-0.622623	14.474474								error: Could not locate the first local maximum of the reduced return map.
-0.618619	14.474474								error: Could not locate the first local maximum of the reduced return map.
-0.614615	14.474474								error: Could not locate the first local maximum of the reduced return map.
-0.610611	14.474474								error: Could not locate the first local maximum of the reduced return map.
-0.606607	14.474474								error: Could not locate the first local maximum of the reduced return map.
-0.602603	14.474474								error: Could not locate the first local maximum of the reduced return map.
-0.598599	14.474474								error: Could not locate the first local maximum of the reduced return map.
-0.594595	14.474474								error: Could not locate the first local maximum of the reduced return map.
-0.590591	14.474474								error: Could not locate the first local maximum of the reduced return map.
-0.586587	14.474474								error: Could not locate the first local maximum of the reduced return map.
-0.582583	14.474474								error: Could not locate the first local maximum of the reduced return map.
-0.578579	14.474474								error: Could not locate the first local maximum of the reduced return map.
-0.574575	14.474474								error: Could not locate the first local maximum of the reduced return map.
-0.570571	14.474474								error: Could not locate the first local maximum of the reduced return map.
-0.566567	14.474474								error: Could not locate the first local maximum of the reduced return map.
-0.562563	14.474474								error: Could not locate the first local maximum of the reduced return map.
-0.558559	14.474474								error: Could not locate the first local maximum of the reduced return map.
-0.554555	14.474474								error: Could not locate the first local maximum of the reduced return map.
-0.550551	14.474474								error: Could not locate the first local maximum of the reduced return map.
-0.546547	14.474474								error: Could not locate the first local maximum of the reduced return map.
-0.542543	14.474474								error: Could not locate the first local maximum of the reduced return map.
-0.538539	14.474474								error: Could not locate the first local maximum of the reduced return map.
-0.534535	14.474474								error: Could not locate the first local maximum of the reduced return map.
-0.530531	14.474474								error: Could not locate the first local maximum of the reduced return map.
-0.526527	14.474474								error: Could not locate the first local maximum of the reduced return map.
-0.522523	14.474474								error: Could not locate the first local maximum of the reduced return map.
-0.518519	14.474474								error: Could not locate the first local maximum of the reduced return map.
-0.514515	14.474474								error: Could not locate the first local maximum of the reduced return map.
-0.510511	14.474474								error: Could not locate the first local maximum of the reduced return map.
-0.506507	14.474474								error: Could not locate the first local maximum of the reduced return map.
-0.502503	14.474474								error: Could not locate the first local maximum of the reduced return map.
-0.498498	14.474474								error: Could not locate the first local maximum of the reduced return map.
-0.494494	14.474474								error: Could not locate the first local maximum of the reduced return map.
-0.490490	14.474474								error: Could not locate the first local maximum of the reduced return map.
-0.486486	14.474474								error: Could not locate the first local maximum of the reduced return map.
-0.482482	14.474474								error: Could not locate the first local maximum of the reduced return map.
-0.478478	14.474474								error: Could not locate the first local maximum of the reduced return map.
-0.474474	14.474474								error: Could not locate the first local maximum of the reduced return map.
-0.470470	14.474474								error: Could not locate the first local maximum of the reduced return map.
-0.466466	14.474474								error: Could not locate the first local maximum of the reduced return map.
-0.462462	14.474474								error: Could not locate the first local maximum of the reduced return map.
-0.458458	14.474474								error: Could not locate the first local maximum of the reduced return map.
-0.454454	14.474474								error: Could not locate the first local maximum of the reduced return map.
-0.450450	14.474474								error: Could not locate the first local maximum of the reduced return map.
-0.446446	14.474474								error: Could not locate the first local maximum of the reduced return map.
-0.442442	14.474474								error: Could not locate the first local maximum of the reduced return map.
-0.438438	14.474474								error: Could not locate the first local maximum of the reduced return map.
-0.434434	14.474474								error: Could not locate the first local maximum of the reduced return map.
-0.430430	14.474474								error: Could not locate the first local maximum of the reduced return map.
-0.426426	14.474474								error: Could not locate the first local maximum of the reduced return map.
-0.422422	14.474474								error: Could not locate the first local maximum of the reduced return map.
-0.418418	14.474474								error: Could not locate the first local maximum of the reduced return map.
-0.414414	14.474474								error: Could not locate the first local maximum of the reduced return map.
-0.410410	14.474474								error: Could not locate the first local maximum of the reduced return map.
-0.406406	14.474474								error: Could not locate the first local maximum of the reduced return map.
-0.402402	14.474474								error: Could not locate the first local maximum of the reduced return map.
-0.398398	14.474474								error: Could not locate the first local maximum of the reduced return map.
-0.394394	14.474474								error: Could not locate the first local maximum of the reduced return map.
-0.390390	14.474474								error: Could not locate the first local maximum of the reduced return map.
-0.386386	14.474474								error: Could not locate the first local maximum of the reduced return map.
-0.382382	14.474474								error: Could not locate the first local maximum of the reduced return map.
-0.378378	14.474474								error: Could not locate the first local maximum of the reduced return map.
-0.374374	14.474474								error: Could not locate the first local maximum of the reduced return map.
-0.370370	14.474474								error: Could not locate the first local maximum of the reduced return map.
-0.366366	14.474474								error: Could not locate the first local maximum of the reduced return map.
-0.362362	14.474474								error: Could not locate the first local maximum of the reduced return map.
-0.358358	14.474474								error: Could not locate the first local maximum of the reduced return map.
-0.354354	14.474474								error: Could not locate the first local maximum of the reduced return map.
-0.350350	14.474474								error: Could not locate the first local maximum of the reduced return map.
-0.346346	14.474474								error: Could not locate the first local maximum of the reduced return map.
-0.342342	14.474474								error: Could not locate the first local maximum of the reduced return map.
-0.338338	14.474474								error: Could not locate the first local maximum of the reduced return map.
-0.334334	14.474474								error: Could not locate the first local maximum of the reduced return map.
-0.330330	14.474474								error: Could not locate the first local maximum of the reduced return map.
-0.326326	14.474474								error: Could not locate the first local maximum of the reduced return map.
-0.322322	14.474474								error: Could not locate the first local maximum of the reduced return map.
-0.318318	14.474474								error: Could not locate the first local maximum of the reduced return map.
-0.314314	14.474474								error: Could not locate the first local maximum of the reduced return map.
-0.310310	14.474474								error: Could not locate the first local maximum of the reduced return map.
-0.306306	14.474474								error: Could not locate the first local maximum of the reduced return map.
-0.302302	14.474474								error: Could not locate the first local maximum of the reduced return map.
-0.298298	14.474474								error: Could not locate the first local maximum of the reduced return map.
-0.294294	14.474474								error: Could not locate the first local maximum of the reduced return map.
-0.290290	14.474474								error: Could not locate the first local maximum of the reduced return map.
-0.286286	14.474474								error: Could not locate the first local maximum of the reduced return map.
-0.282282	14.474474								error: Could not locate the first local maximum of the reduced return map.
-0.278278	14.474474								error: Could not locate the first local maximum of the reduced return map.
-0.274274	14.474474								error: Could not locate the first local maximum of the reduced return map.
-0.270270	14.474474								error: Could not locate the first local maximum of the reduced return map.
-0.266266	14.474474								error: Could not locate the first local maximum of the reduced return map.
-0.262262	14.474474								error: Could not locate the first local maximum of the reduced return map.
-0.258258	14.474474								error: Could not locate the first local maximum of the reduced return map.
-0.254254	14.474474								error: Could not locate the first local maximum of the reduced return map.
-0.250250	14.474474								error: Could not locate the first local maximum of the reduced return map.
-0.246246	14.474474								error: Could not locate the first local maximum of the reduced return map.
-0.242242	14.474474								error: Could not locate the first local maximum of the reduced return map.
-0.238238	14.474474								error: Could not locate the first local maximum of the reduced return map.
-0.234234	14.474474								error: Could not locate the first local maximum of the reduced return map.
-0.230230	14.474474								error: Could not locate the first local maximum of the reduced return map.
-0.226226	14.474474								error: Could not locate the first local maximum of the reduced return map.
-0.222222	14.474474								error: Could not locate the first local maximum of the reduced return map.
-0.218218	14.474474								error: Could not locate the first local maximum of the reduced return map.
-0.214214	14.474474								error: Could not locate the first local maximum of the reduced return map.
-0.210210	14.474474								error: Could not locate the first local maximum of the reduced return map.
-0.206206	14.474474								error: Could not locate the first local maximum of the reduced return map.
-0.202202	14.474474								error: Could not locate the first local maximum of the reduced return map.
-0.198198	14.474474								error: Could not locate the first local maximum of the reduced return map.
-0.194194	14.474474								error: Could not locate the first local maximum of the reduced return map.
-0.190190	14.474474								error: Could not locate the first local maximum of the reduced return map.
-0.186186	14.474474								error: Could not locate the first local maximum of the reduced return map.
-0.182182	14.474474								error: Could not locate the first local maximum of the reduced return map.
-0.178178	14.474474								error: Could not locate the first local maximum of the reduced return map.
-0.174174	14.474474								error: Could not locate the first local maximum of the reduced return map.
-0.170170	14.474474								error: Could not locate the first local maximum of the reduced return map.
-0.166166	14.474474								error: Could not locate the first local maximum of the reduced return map.
-0.162162	14.474474								error: Could not locate the first local maximum of the reduced return map.
-0.158158	14.474474								error: Could not locate the first local maximum of the reduced return map.
-0.154154	14.474474								error: Could not locate the first local maximum of the reduced return map.
-0.150150	14.474474								error: Could not locate the first local maximum of the reduced return map.
-0.146146	14.474474								error: Could not locate the first local maximum of the reduced return map.
-0.142142	14.474474								error: Could not locate the first local maximum of the reduced return map.
-0.138138	14.474474								error: Could not locate the first local maximum of the reduced return map.
-0.134134	14.474474								error: Could not locate the first local maximum of the reduced return map.
-0.130130	14.474474								error: Could not locate the first local maximum of the reduced return map.
-0.126126	14.474474								error: Could not locate the first local maximum of the reduced return map.
-0.122122	14.474474								error: Could not locate the first local maximum of the reduced return map.
-0.118118	14.474474								error: Could not locate the first local maximum of the reduced return map.
-0.114114	14.474474								error: Could not locate the first local maximum of the reduced return map.
-0.110110	14.474474								error: Could not locate the first local maximum of the reduced return map.
-0.106106	14.474474								error: Could not locate the first local maximum of the reduced return map.
-0.102102	14.474474								error: Could not locate the first local maximum of the reduced return map.
-0.098098	14.474474								error: Could not locate the first local maximum of the reduced return map.
-0.094094	14.474474								error: Could not locate the first local maximum of the reduced return map.
-0.090090	14.474474								error: Could not locate the first local maximum of the reduced return map.
-0.086086	14.474474								error: Could not locate the first local maximum of the reduced return map.
-0.082082	14.474474								error: Could not locate the first local maximum of the reduced return map.
-0.078078	14.474474								error: Could not locate the first local maximum of the reduced return map.
-0.074074	14.474474								error: Could not locate the first local maximum of the reduced return map.
-0.070070	14.474474								error: Could not locate the first local maximum of the reduced return map.
-0.066066	14.474474								error: Could not locate the first local maximum of the reduced return map.
-0.062062	14.474474								error: Could not locate the first local maximum of the reduced return map.
-0.058058	14.474474								error: Could not locate the first local maximum of the reduced return map.
-0.054054	14.474474								error: Could not locate the first local maximum of the reduced return map.
-0.050050	14.474474								error: Could not locate the first local maximum of the reduced return map.
-0.046046	14.474474								error: Could not locate the first local maximum of the reduced return map.
-0.042042	14.474474								error: Could not locate the first local maximum of the reduced return map.
-0.038038	14.474474								error: Could not locate the first local maximum of the reduced return map.
-0.034034	14.474474								error: Could not locate the first local maximum of the reduced return map.
-0.030030	14.474474								error: Could not locate the first local maximum of the reduced return map.
-0.026026	14.474474								error: Could not locate the first local maximum of the reduced return map.
-0.022022	14.474474								error: Could not locate the first local maximum of the reduced return map.
-0.018018	14.474474								error: Could not locate the first local maximum of the reduced return map.
-0.014014	14.474474								error: Could not locate the first local maximum of the reduced return map.
-0.010010	14.474474								error: Could not locate the first local maximum of the reduced return map.
-0.006006	14.474474								error: Could not locate the first local maximum of the reduced return map.
-0.002002	14.474474								error: Could not locate the first local maximum of the reduced return map.
0.002002	14.474474								error: Could not locate the first local maximum of the reduced return map.
0.006006	14.474474								error: Could not locate the first local maximum of the reduced return map.
0.010010	14.474474								error: Could not locate the first local maximum of the reduced return map.
0.014014	14.474474								error: Could not locate the first local maximum of the reduced return map.
0.018018	14.474474								error: Could not locate the first local maximum of the reduced return map.
0.022022	14.474474								error: Could not locate the first local maximum of the reduced return map.
0.026026	14.474474								error: Could not locate the first local maximum of the reduced return map.
0.030030	14.474474								error: Could not locate the first local maximum of the reduced return map.
0.034034	14.474474								error: Could not locate the first local maximum of the reduced return map.
0.038038	14.474474								error: Could not locate the first local maximum of the reduced return map.
0.042042	14.474474								error: Could not locate the first local maximum of the reduced return map.
0.046046	14.474474								error: Could not locate the first local maximum of the reduced return map.
0.050050	14.474474								error: Could not locate the first local maximum of the reduced return map.
0.054054	14.474474								error: Could not locate the first local maximum of the reduced return map.
0.058058	14.474474								error: Could not locate the first local maximum of the reduced return map.
0.062062	14.474474								error: Could not locate the first local maximum of the reduced return map.
0.066066	14.474474								error: Could not locate the first local maximum of the reduced return map.
0.070070	14.474474								error: Could not locate the first local maximum of the reduced return map.
0.074074	14.474474								error: Could not locate the first local maximum of the reduced return map.
0.078078	14.474474								error: Could not locate the first local maximum of the reduced return map.
0.082082	14.474474								error: Could not locate the first local maximum of the reduced return map.
0.086086	14.474474								error: Could not locate the first local maximum of the reduced return map.
0.090090	14.474474								error: Could not locate the first local maximum of the reduced return map.
0.094094	14.474474								error: Could not locate the first local maximum of the reduced return map.
0.098098	14.474474								error: Could not locate the first local maximum of the reduced return map.
0.102102	14.474474								error: Could not locate the first local maximum of the reduced return map.
0.106106	14.474474								error: Could not locate the first local maximum of the reduced return map.
0.110110	14.474474								error: Could not locate the first local maximum of the reduced return map.
0.114114	14.474474								error: Could not locate the first local maximum of the reduced return map.
0.118118	14.474474								error: Could not locate the first local maximum of the reduced return map.
0.122122	14.474474								error: Could not locate the first local maximum of the reduced return map.
0.126126	14.474474								error: Could not locate the first local maximum of the reduced return map.
0.130130	14.474474								error: Could not locate the first local maximum of the reduced return map.
0.134134	14.474474								error: Could not locate the first local maximum of the reduced return map.
0.138138	14.474474								error: Could not locate the first local maximum of the reduced return map.
0.142142	14.474474								error: Could not locate the first local maximum of the reduced return map.
0.146146	14.474474								error: Could not locate the first local maximum of the reduced return map.
0.150150	14.474474								error: Could not locate the first local maximum of the reduced return map.
0.154154	14.474474								error: Could not locate the first local maximum of the reduced return map.
0.158158	14.474474								error: Could not locate the first local maximum of the reduced return map.
0.162162	14.474474								error: Could not locate the first local maximum of the reduced return map.
0.166166	14.474474								error: Could not locate the first local maximum of the reduced return map.
0.170170	14.474474								error: Could not locate the first local maximum of the reduced return map.
0.174174	14.474474								error: Could not locate the first local maximum of the reduced return map.
0.178178	14.474474								error: Could not locate the first local maximum of the reduced return map.
0.182182	14.474474								error: Could not locate the first local maximum of the reduced return map.
0.186186	14.474474								error: Could not locate the first local maximum of the reduced return map.
0.190190	14.474474								error: Could not locate the first local maximum of the reduced return map.
0.194194	14.474474								error: Could not locate the first local maximum of the reduced return map.
0.198198	14.474474								error: Could not locate the first local maximum of the reduced return map.
0.202202	14.474474								error: Could not locate the first local maximum of the reduced return map.
0.206206	14.474474								error: Could not locate the first local maximum of the reduced return map.
0.210210	14.474474								error: Could not locate the first local maximum of the reduced return map.
0.214214	14.474474								error: Could not locate the first local maximum of the reduced return map.
0.218218	14.474474								error: Could not locate the first local maximum of the reduced return map.
0.222222	14.474474								error: Could not locate the first local maximum of the reduced return map.
0.226226	14.474474								error: Could not locate the first local maximum of the reduced return map.
0.230230	14.474474								error: Could not locate the first local maximum of the reduced return map.
0.234234	14.474474								error: Could not locate the first local maximum of the reduced return map.
0.238238	14.474474								error: Could not locate the first local maximum of the reduced return map.
0.242242	14.474474								error: Could not locate the first local maximum of the reduced return map.
0.246246	14.474474								error: Could not locate the first local maximum of the reduced return map.
0.250250	14.474474								error: Could not locate the first local maximum of the reduced return map.
0.254254	14.474474								error: Could not locate the first local maximum of the reduced return map.
0.258258	14.474474								error: Could not locate the first local maximum of the reduced return map.
0.262262	14.474474								error: Could not locate the first local maximum of the reduced return map.
0.266266	14.474474								error: Could not locate the first local maximum of the reduced return map.
0.270270	14.474474								error: Could not locate the first local maximum of the reduced return map.
0.274274	14.474474								error: Could not locate the first local maximum of the reduced return map.
0.278278	14.474474								error: Could not locate the first local maximum of the reduced return map.
0.282282	14.474474								error: Could not locate the first local maximum of the reduced return map.
0.286286	14.474474								error: Could not locate the first local maximum of the reduced return map.
0.290290	14.474474								error: Could not locate the first local maximum of the reduced return map.
0.294294	14.474474								error: Could not locate the first local maximum of the reduced return map.
0.298298	14.474474								error: Could not locate the first local maximum of the reduced return map.
0.302302	14.474474								error: Could not locate the first local maximum of the reduced return map.
0.306306	14.474474								error: Could not locate the first local maximum of the reduced return map.
0.310310	14.474474								error: Could not locate the first local maximum of the reduced return map.
0.314314	14.474474								error: Could not locate the first local maximum of the reduced return map.
0.318318	14.474474								error: Could not locate the first local maximum of the reduced return map.
0.322322	14.474474								error: Could not locate the first local maximum of the reduced return map.
0.326326	14.474474								error: Could not locate the first local maximum of the reduced return map.
0.330330	14.474474								error: Could not locate the first local maximum of the reduced return map.
0.334334	14.474474								error: Could not locate the first local maximum of the reduced return map.
0.338338	14.474474								error: Could not locate the first local maximum of the reduced return map.
0.342342	14.474474								error: Could not locate the first local maximum of the reduced return map.
0.346346	14.474474								error: Could not locate the first local maximum of the reduced return map.
0.350350	14.474474								error: Could not locate the first local maximum of the reduced return map.
0.354354	14.474474								error: Could not locate the first local maximum of the reduced return map.
0.358358	14.474474								error: Could not locate the first local maximum of the reduced return map.
0.362362	14.474474								error: Could not locate the first local maximum of the reduced return map.
0.366366	14.474474								error: Could not locate the first local maximum of the reduced return map.
0.370370	14.474474								error: Could not locate the first local maximum of the reduced return map.
0.374374	14.474474								error: Could not locate the first local maximum of the reduced return map.
0.378378	14.474474								error: Could not locate the first local maximum of the reduced return map.
0.382382	14.474474								error: Could not locate the first local maximum of the reduced return map.
0.386386	14.474474								error: Could not locate the first local maximum of the reduced return map.
0.390390	14.474474								error: Could not locate the first local maximum of the reduced return map.
0.394394	14.474474								error: Could not locate the first local maximum of the reduced return map.
0.398398	14.474474								error: Could not locate the first local maximum of the reduced return map.
0.402402	14.474474								error: Could not locate the first local maximum of the reduced return map.
0.406406	14.474474								error: Could not locate the first local maximum of the reduced return map.
0.410410	14.474474								error: Could not locate the first local maximum of the reduced return map.
0.414414	14.474474								error: Could not locate the first local maximum of the reduced return map.
0.418418	14.474474								error: Could not locate the first local maximum of the reduced return map.
0.422422	14.474474								error: Could not locate the first local maximum of the reduced return map.
0.426426	14.474474								error: Could not locate the first local maximum of the reduced return map.
0.430430	14.474474								error: Could not locate the first local maximum of the reduced return map.
0.434434	14.474474								error: Could not locate the first local maximum of the reduced return map.
0.438438	14.474474								error: Could not locate the first local maximum of the reduced return map.
0.442442	14.474474								error: Could not locate the first local maximum of the reduced return map.
0.446446	14.474474								error: Could not locate the first local maximum of the reduced return map.
0.450450	14.474474								error: Could not locate the first local maximum of the reduced return map.
0.454454	14.474474								error: Could not locate the first local maximum of the reduced return map.
0.458458	14.474474								error: Could not locate the first local maximum of the reduced return map.
0.462462	14.474474								error: Could not locate the first local maximum of the reduced return map.
0.466466	14.474474								error: Could not locate the first local maximum of the reduced return map.
0.470470	14.474474								error: Could not locate the first local maximum of the reduced return map.
0.474474	14.474474								error: Could not locate the first local maximum of the reduced return map.
0.478478	14.474474								error: Could not locate the first local maximum of the reduced return map.
0.482482	14.474474								error: Could not locate the first local maximum of the reduced return map.
0.486486	14.474474								error: Could not locate the first local maximum of the reduced return map.
0.490490	14.474474								error: Could not locate the first local maximum of the reduced return map.
0.494494	14.474474								error: Could not locate the first local maximum of the reduced return map.
0.498498	14.474474								error: Could not locate the first local maximum of the reduced return map.
0.502503	14.474474								error: Could not locate the first local maximum of the reduced return map.
0.506507	14.474474								error: Could not locate the first local maximum of the reduced return map.
0.510511	14.474474								error: Could not locate the first local maximum of the reduced return map.
0.514515	14.474474								error: Could not locate the first local maximum of the reduced return map.
0.518519	14.474474								error: Could not locate the first local maximum of the reduced return map.
0.522523	14.474474								error: Could not locate the first local maximum of the reduced return map.
0.526527	14.474474								error: Could not locate the first local maximum of the reduced return map.
0.530531	14.474474								error: Could not locate the first local maximum of the reduced return map.
0.534535	14.474474								error: Could not locate the first local maximum of the reduced return map.
0.538539	14.474474								error: Could not locate the first local maximum of the reduced return map.
0.542543	14.474474								error: Could not locate the first local maximum of the reduced return map.
0.546547	14.474474								error: Could not locate the first local maximum of the reduced return map.
0.550551	14.474474								error: Could not locate the first local maximum of the reduced return map.
0.554555	14.474474								error: Could not locate the first local maximum of the reduced return map.
0.558559	14.474474								error: Could not locate the first local maximum of the reduced return map.
0.562563	14.474474								error: Could not locate the first local maximum of the reduced return map.
0.566567	14.474474								error: Could not locate the first local maximum of the reduced return map.
0.570571	14.474474								error: Could not locate the first local maximum of the reduced return map.
0.574575	14.474474								error: Could not locate the first local maximum of the reduced return map.
0.578579	14.474474								error: Could not locate the first local maximum of the reduced return map.
0.582583	14.474474								error: Could not locate the first local maximum of the reduced return map.
0.586587	14.474474								error: Could not locate the first local maximum of the reduced return map.
0.590591	14.474474								error: Could not locate the first local maximum of the reduced return map.
0.594595	14.474474								error: Could not locate the first local maximum of the reduced return map.
0.598599	14.474474								error: Could not locate the first local maximum of the reduced return map.
0.602603	14.474474								error: Could not locate the first local maximum of the reduced return map.
0.606607	14.474474								error: Could not locate the first local maximum of the reduced return map.
0.610611	14.474474								error: Could not locate the first local maximum of the reduced return map.
0.614615	14.474474								error: Could not locate the first local maximum of the reduced return map.
0.618619	14.474474								error: Could not locate the first local maximum of the reduced return map.
0.622623	14.474474								error: Could not locate the first local maximum of the reduced return map.
0.626627	14.474474								error: Could not locate the first local maximum of the reduced return map.
0.630631	14.474474								error: Could not locate the first local maximum of the reduced return map.
0.634635	14.474474								error: Could not locate the first local maximum of the reduced return map.
0.638639	14.474474								error: Could not locate the first local maximum of the reduced return map.
0.642643	14.474474								error: Could not locate the first local maximum of the reduced return map.
0.646647	14.474474								error: Could not locate the first local maximum of the reduced return map.
0.650651	14.474474								error: Could not locate the first local maximum of the reduced return map.
0.654655	14.474474								error: Could not locate the first local maximum of the reduced return map.
0.658659	14.474474								error: Could not locate the first local maximum of the reduced return map.
0.662663	14.474474								error: Could not locate the first local maximum of the reduced return map.
0.666667	14.474474								error: Could not locate the first local maximum of the reduced return map.
0.670671	14.474474								error: Could not locate the first local maximum of the reduced return map.
0.674675	14.474474								error: Could not locate the first local maximum of the reduced return map.
0.678679	14.474474								error: Could not locate the first local maximum of the reduced return map.
0.682683	14.474474								error: Could not locate the first local maximum of the reduced return map.
0.686687	14.474474								error: Could not locate the first local maximum of the reduced return map.
0.690691	14.474474								error: Could not locate the first local maximum of the reduced return map.
0.694695	14.474474								error: Could not locate the first local maximum of the reduced return map.
0.698699	14.474474								error: Could not locate the first local maximum of the reduced return map.
0.702703	14.474474								error: Could not locate the first local maximum of the reduced return map.
0.706707	14.474474								error: Could not locate the first local maximum of the reduced return map.
0.710711	14.474474								error: Could not locate the first local maximum of the reduced return map.
0.714715	14.474474								error: Could not locate the first local maximum of the reduced return map.
0.718719	14.474474								error: Could not locate the first local maximum of the reduced return map.
0.722723	14.474474								error: Could not locate the first local maximum of the reduced return map.
0.726727	14.474474								error: Could not locate the first local maximum of the reduced return map.
0.730731	14.474474								error: Could not locate the first local maximum of the reduced return map.
0.734735	14.474474								error: Could not locate the first local maximum of the reduced return map.
0.738739	14.474474								error: Could not locate the first local maximum of the reduced return map.
0.742743	14.474474								error: Could not locate the first local maximum of the reduced return map.
0.746747	14.474474								error: Could not locate the first local maximum of the reduced return map.
0.750751	14.474474								error: Could not locate the first local maximum of the reduced return map.
0.754755	14.474474								error: Could not locate the first local maximum of the reduced return map.
0.758759	14.474474								error: Could not locate the first local maximum of the reduced return map.
0.762763	14.474474								error: Could not locate the first local maximum of the reduced return map.
0.766767	14.474474								error: Could not locate the first local maximum of the reduced return map.
0.770771	14.474474								error: Could not locate the first local maximum of the reduced return map.
0.774775	14.474474								error: Could not locate the first local maximum of the reduced return map.
0.778779	14.474474								error: Could not locate the first local maximum of the reduced return map.
0.782783	14.474474								error: Could not locate the first local maximum of the reduced return map.
0.786787	14.474474								error: Could not locate the first local maximum of the reduced return map.
0.790791	14.474474								error: Could not locate the first local maximum of the reduced return map.
0.794795	14.474474								error: Could not locate the first local maximum of the reduced return map.
0.798799	14.474474								error: Could not locate the first local maximum of the reduced return map.
0.802803	14.474474								error: Could not locate the first local maximum of the reduced return map.
0.806807	14.474474								error: Could not locate the first local maximum of the reduced return map.
0.810811	14.474474								error: Could not locate the first local maximum of the reduced return map.
0.814815	14.474474								error: Could not locate the first local maximum of the reduced return map.
0.818819	14.474474								error: Could not locate the first local maximum of the reduced return map.
0.822823	14.474474								error: Could not locate the first local maximum of the reduced return map.
0.826827	14.474474								error: Could not locate the first local maximum of the reduced return map.
0.830831	14.474474								error: Could not locate the first local maximum of the reduced return map.
0.834835	14.474474								error: Could not locate the first local maximum of the reduced return map.
0.838839	14.474474								error: Could not locate the first local maximum of the reduced return map.
0.842843	14.474474								error: Could not locate the first local maximum of the reduced return map.
0.846847	14.474474								error: Could not locate the first local maximum of the reduced return map.
0.850851	14.474474								error: Could not locate the first local maximum of the reduced return map.
0.854855	14.474474								error: Could not locate the first local maximum of the reduced return map.
0.858859	14.474474								error: Could not locate the first local maximum of the reduced return map.
0.862863	14.474474								error: Could not locate the first local maximum of the reduced return map.
0.866867	14.474474								error: Could not locate the first local maximum of the reduced return map.
0.870871	14.474474								error: Could not locate the first local maximum of the reduced return map.
0.874875	14.474474								error: Could not locate the first local maximum of the reduced return map.
0.878879	14.474474								error: Could not locate the first local maximum of the reduced return map.
0.882883	14.474474								error: Could not locate the first local maximum of the reduced return map.
0.886887	14.474474								error: Could not locate the first local maximum of the reduced return map.
0.890891	14.474474								error: Could not locate the first local maximum of the reduced return map.
0.894895	14.474474								error: Could not locate the first local maximum of the reduced return map.
0.898899	14.474474								error: Could not locate the first local maximum of the reduced return map.
0.902903	14.474474								error: Could not locate the first local maximum of the reduced return map.
0.906907	14.474474								error: Could not locate the first local maximum of the reduced return map.
0.910911	14.474474								error: Could not locate the first local maximum of the reduced return map.
0.914915	14.474474								error: Could not locate the first local maximum of the reduced return map.
0.918919	14.474474								error: Could not locate the first local maximum of the reduced return map.
0.922923	14.474474								error: Could not locate the first local maximum of the reduced return map.
0.926927	14.474474								error: Could not locate the first local maximum of the reduced return map.
0.930931	14.474474								error: Could not locate the first local maximum of the reduced return map.
0.934935	14.474474								error: Could not locate the first local maximum of the reduced return map.
0.938939	14.474474								error: Could not locate the first local maximum of the reduced return map.
0.942943	14.474474								error: Could not locate the first local maximum of the reduced return map.
0.946947	14.474474								error: Could not locate the first local maximum of the reduced return map.
0.950951	14.474474								error: Could not locate the first local maximum of the reduced return map.
0.954955	14.474474								error: Could not locate the first local maximum of the reduced return map.
0.958959	14.474474								error: Could not locate the first local maximum of the reduced return map.
0.962963	14.474474								error: Could not locate the first local maximum of the reduced return map.
0.966967	14.474474								error: Could not locate the first local maximum of the reduced return map.
0.970971	14.474474								error: Could not locate the first local maximum of the reduced return map.
0.974975	14.474474								error: Could not locate the first local maximum of the reduced return map.
0.978979	14.474474								error: Could not locate the first local maximum of the reduced return map.
0.982983	14.474474								error: Could not locate the first local maximum of the reduced return map.
0.986987	14.474474								error: Could not locate the first local maximum of the reduced return map.
0.990991	14.474474								error: Could not locate the first local maximum of the reduced return map.
0.994995	14.474474								error: Could not locate the first local maximum of the reduced return map.
0.998999	14.474474								error: Could not locate the first local maximum of the reduced return map.
1.003003	14.474474								error: Could not locate the first local maximum of the reduced return map.
1.007007	14.474474								error: Could not locate the first local maximum of the reduced return map.
1.011011	14.474474								error: Could not locate the first local maximum of the reduced return map.
1.015015	14.474474								error: Could not locate the first local maximum of the reduced return map.
1.019019	14.474474								error: Could not locate the first local maximum of the reduced return map.
1.023023	14.474474								error: Could not locate the first local maximum of the reduced return map.
1.027027	14.474474								error: Could not locate the first local maximum of the reduced return map.
1.031031	14.474474								error: Could not locate the first local maximum of the reduced return map.
1.035035	14.474474								error: Could not locate the first local maximum of the reduced return map.
1.039039	14.474474								error: Could not locate the first local maximum of the reduced return map.
1.043043	14.474474								error: Could not locate the first local maximum of the reduced return map.
1.047047	14.474474								error: Could not locate the first local maximum of the reduced return map.
1.051051	14.474474								error: Could not locate the first local maximum of the reduced return map.
1.055055	14.474474								error: Could not locate the first local maximum of the reduced return map.
1.059059	14.474474								error: Could not locate the first local maximum of the reduced return map.
1.063063	14.474474								error: Could not locate the first local maximum of the reduced return map.
1.067067	14.474474								error: Could not locate the first local maximum of the reduced return map.
1.071071	14.474474								error: Could not locate the first local maximum of the reduced return map.
1.075075	14.474474								error: Could not locate the first local maximum of the reduced return map.
1.079079	14.474474								error: Could not locate the first local maximum of the reduced return map.
1.083083	14.474474								error: Could not locate the first local maximum of the reduced return map.
1.087087	14.474474								error: Could not locate the first local maximum of the reduced return map.
1.091091	14.474474								error: Could not locate the first local maximum of the reduced return map.
1.095095	14.474474								error: Could not locate the first local maximum of the reduced return map.
1.099099	14.474474								error: Could not locate the first local maximum of the reduced return map.
1.103103	14.474474								error: Could not locate the first local maximum of the reduced return map.
1.107107	14.474474								error: Could not locate the first local maximum of the reduced return map.
1.111111	14.474474								error: Could not locate the first local maximum of the reduced return map.
1.115115	14.474474								error: Could not locate the first local maximum of the reduced return map.
1.119119	14.474474								error: Could not locate the first local maximum of the reduced return map.
1.123123	14.474474								error: Could not locate the first local maximum of the reduced return map.
1.127127	14.474474								error: Could not locate the first local maximum of the reduced return map.
1.131131	14.474474								error: Could not locate the first local maximum of the reduced return map.
1.135135	14.474474								error: Could not locate the first local maximum of the reduced return map.
1.139139	14.474474								error: Could not locate the first local maximum of the reduced return map.
1.143143	14.474474								error: Could not locate the first local maximum of the reduced return map.
1.147147	14.474474								error: Could not locate the first local maximum of the reduced return map.
1.151151	14.474474								error: Could not locate the first local maximum of the reduced return map.
1.155155	14.474474								error: Could not locate the first local maximum of the reduced return map.
1.159159	14.474474								error: Could not locate the first local maximum of the reduced return map.
1.163163	14.474474								error: Could not locate the first local maximum of the reduced return map.
1.167167	14.474474								error: Could not locate the first local maximum of the reduced return map.
1.171171	14.474474								error: Could not locate the first local maximum of the reduced return map.
1.175175	14.474474								error: Could not locate the first local maximum of the reduced return map.
1.179179	14.474474								error: Could not locate the first local maximum of the reduced return map.
1.183183	14.474474								error: Could not locate the first local maximum of the reduced return map.
1.187187	14.474474								error: Could not locate the first local maximum of the reduced return map.
1.191191	14.474474								error: Could not locate the first local maximum of the reduced return map.
1.195195	14.474474								error: Could not locate the first local maximum of the reduced return map.
1.199199	14.474474								error: Could not locate the first local maximum of the reduced return map.
1.203203	14.474474								error: Could not locate the first local maximum of the reduced return map.
1.207207	14.474474								error: Could not locate the first local maximum of the reduced return map.
1.211211	14.474474								error: Could not locate the first local maximum of the reduced return map.
1.215215	14.474474								error: Could not locate the first local maximum of the reduced return map.
1.219219	14.474474								error: Could not locate the first local maximum of the reduced return map.
1.223223	14.474474								error: Could not locate the first local maximum of the reduced return map.
1.227227	14.474474								error: Could not locate the first local maximum of the reduced return map.
1.231231	14.474474								error: Could not locate the first local maximum of the reduced return map.
1.235235	14.474474								error: Could not locate the first local maximum of the reduced return map.
1.239239	14.474474								error: Could not locate the first local maximum of the reduced return map.
1.243243	14.474474								error: Could not locate the first local maximum of the reduced return map.
1.247247	14.474474								error: Could not locate the first local maximum of the reduced return map.
1.251251	14.474474								error: Could not locate the first local maximum of the reduced return map.
1.255255	14.474474								error: Could not locate the first local maximum of the reduced return map.
1.259259	14.474474								error: Could not locate the first local maximum of the reduced return map.
1.263263	14.474474								error: Could not locate the first local maximum of the reduced return map.
1.267267	14.474474								error: Could not locate the first local maximum of the reduced return map.
1.271271	14.474474								error: Could not locate the first local maximum of the reduced return map.
1.275275	14.474474								error: Could not locate the first local maximum of the reduced return map.
1.279279	14.474474								error: Could not locate the first local maximum of the reduced return map.
1.283283	14.474474								error: Could not locate the first local maximum of the reduced return map.
1.287287	14.474474								error: Could not locate the first local maximum of the reduced return map.
1.291291	14.474474								error: Could not locate the first local maximum of the reduced return map.
1.295295	14.474474								error: Could not locate the first local maximum of the reduced return map.
1.299299	14.474474								error: Could not locate the first local maximum of the reduced return map.
1.303303	14.474474								error: Could not locate the first local maximum of the reduced return map.
1.307307	14.474474								error: Could not locate the first local maximum of the reduced return map.
1.311311	14.474474								error: Could not locate the first local maximum of the reduced return map.
1.315315	14.474474								error: Could not locate the first local maximum of the reduced return map.
1.319319	14.474474								error: Could not locate the first local maximum of the reduced return map.
1.323323	14.474474								error: Could not locate the first local maximum of the reduced return map.
1.327327	14.474474								error: Could not locate the first local maximum of the reduced return map.
1.331331	14.474474								error: Could not locate the first local maximum of the reduced return map.
1.335335	14.474474								error: Could not locate the first local maximum of the reduced return map.
1.339339	14.474474								error: Could not locate the first local maximum of the reduced return map.
1.343343	14.474474								error: Could not locate the first local maximum of the reduced return map.
1.347347	14.474474								error: Could not locate the first local maximum of the reduced return map.
1.351351	14.474474								error: Could not locate the first local maximum of the reduced return map.
1.355355	14.474474								error: Could not locate the first local maximum of the reduced return map.
1.359359	14.474474								error: Could not locate the first local maximum of the reduced return map.
1.363363	14.474474								error: Could not locate the first local maximum of the reduced return map.
1.367367	14.474474								error: Could not locate the first local maximum of the reduced return map.
1.371371	14.474474								error: Could not locate the first local maximum of the reduced return map.
1.375375	14.474474								error: Could not locate the first local maximum of the reduced return map.
1.379379	14.474474								error: Could not locate the first local maximum of the reduced return map.
1.383383	14.474474								error: Could not locate the first local maximum of the reduced return map.
1.387387	14.474474								error: Could not locate the first local maximum of the reduced return map.
1.391391	14.474474								error: Could not locate the first local maximum of the reduced return map.
1.395395	14.474474								error: Could not locate the first local maximum of the reduced return map.
1.399399	14.474474								error: Could not locate the first local maximum of the reduced return map.
1.403403	14.474474								error: Could not locate the first local maximum of the reduced return map.
1.407407	14.474474								error: Could not locate the first local maximum of the reduced return map.
1.411411	14.474474								error: Could not locate the first local maximum of the reduced return map.
1.415415	14.474474								error: Could not locate the first local maximum of the reduced return map.
1.419419	14.474474								error: Could not locate the first local maximum of the reduced return map.
1.423423	14.474474								error: Could not locate the first local maximum of the reduced return map.
1.427427	14.474474								error: Could not locate the first local maximum of the reduced return map.
1.431431	14.474474								error: Could not locate the first local maximum of the reduced return map.
1.435435	14.474474								error: Could not locate the first local maximum of the reduced return map.
1.439439	14.474474								error: Could not locate the first local maximum of the reduced return map.
1.443443	14.474474								error: Could not locate the first local maximum of the reduced return map.
1.447447	14.474474								error: Could not locate the first local maximum of the reduced return map.
1.451451	14.474474								error: Could not locate the first local maximum of the reduced return map.
1.455455	14.474474								error: Could not locate the first local maximum of the reduced return map.
1.459459	14.474474								error: Could not locate the first local maximum of the reduced return map.
1.463463	14.474474								error: Could not locate the first local maximum of the reduced return map.
1.467467	14.474474								error: Could not locate the first local maximum of the reduced return map.
1.471471	14.474474								error: Could not locate the first local maximum of the reduced return map.
1.475475	14.474474								error: Could not locate the first local maximum of the reduced return map.
1.479479	14.474474								error: Could not locate the first local maximum of the reduced return map.
1.483483	14.474474								error: Could not locate the first local maximum of the reduced return map.
1.487487	14.474474								error: Could not locate the first local maximum of the reduced return map.
1.491491	14.474474								error: Could not locate the first local maximum of the reduced return map.
1.495495	14.474474								error: Could not locate the first local maximum of the reduced return map.
1.499499	14.474474								error: Could not locate the first local maximum of the reduced return map.
1.503504	14.474474								error: Could not locate the first local maximum of the reduced return map.
1.507508	14.474474								error: Could not locate the first local maximum of the reduced return map.
1.511512	14.474474								error: Could not locate the first local maximum of the reduced return map.
1.515516	14.474474								error: Could not locate the first local maximum of the reduced return map.
1.519520	14.474474								error: Could not locate the first local maximum of the reduced return map.
1.523524	14.474474								error: Could not locate the first local maximum of the reduced return map.
1.527528	14.474474								error: Could not locate the first local maximum of the reduced return map.
1.531532	14.474474								error: Could not locate the first local maximum of the reduced return map.
1.535536	14.474474								error: Could not locate the first local maximum of the reduced return map.
1.539540	14.474474								error: Could not locate the first local maximum of the reduced return map.
1.543544	14.474474								error: Could not locate the first local maximum of the reduced return map.
1.547548	14.474474								error: Could not locate the first local maximum of the reduced return map.
1.551552	14.474474								error: Could not locate the first local maximum of the reduced return map.
1.555556	14.474474								error: Could not locate the first local maximum of the reduced return map.
1.559560	14.474474								error: Could not locate the first local maximum of the reduced return map.
1.563564	14.474474								error: Could not locate the first local maximum of the reduced return map.
1.567568	14.474474								error: Could not locate the first local maximum of the reduced return map.
1.571572	14.474474								error: Could not locate the first local maximum of the reduced return map.
1.575576	14.474474								error: Could not locate the first local maximum of the reduced return map.
1.579580	14.474474								error: Could not locate the first local maximum of the reduced return map.
1.583584	14.474474								error: Could not locate the first local maximum of the reduced return map.
1.587588	14.474474								error: Could not locate the first local maximum of the reduced return map.
1.591592	14.474474								error: Could not locate the first local maximum of the reduced return map.
1.595596	14.474474								error: Could not locate the first local maximum of the reduced return map.
1.599600	14.474474								error: Could not locate the first local maximum of the reduced return map.
1.603604	14.474474								error: Could not locate the first local maximum of the reduced return map.
1.607608	14.474474								error: Could not locate the first local maximum of the reduced return map.
1.611612	14.474474								error: Could not locate the first local maximum of the reduced return map.
1.615616	14.474474								error: Could not locate the first local maximum of the reduced return map.
1.619620	14.474474								error: Could not locate the first local maximum of the reduced return map.
1.623624	14.474474								error: Could not locate the first local maximum of the reduced return map.
1.627628	14.474474								error: Could not locate the first local maximum of the reduced return map.
1.631632	14.474474								error: Could not locate the first local maximum of the reduced return map.
1.635636	14.474474								error: Could not locate the first local maximum of the reduced return map.
1.639640	14.474474								error: Could not locate the first local maximum of the reduced return map.
1.643644	14.474474								error: Could not locate the first local maximum of the reduced return map.
1.647648	14.474474								error: Could not locate the first local maximum of the reduced return map.
1.651652	14.474474								error: Could not locate the first local maximum of the reduced return map.
1.655656	14.474474								error: Could not locate the first local maximum of the reduced return map.
1.659660	14.474474								error: Could not locate the first local maximum of the reduced return map.
1.663664	14.474474								error: Could not locate the first local maximum of the reduced return map.
1.667668	14.474474								error: Could not locate the first local maximum of the reduced return map.
1.671672	14.474474								error: Could not locate the first local maximum of the reduced return map.
1.675676	14.474474								error: Could not locate the first local maximum of the reduced return map.
1.679680	14.474474								error: Could not locate the first local maximum of the reduced return map.
1.683684	14.474474								error: Could not locate the first local maximum of the reduced return map.
1.687688	14.474474								error: Could not locate the first local maximum of the reduced return map.
1.691692	14.474474								error: Could not locate the first local maximum of the reduced return map.
1.695696	14.474474								error: Could not locate the first local maximum of the reduced return map.
1.699700	14.474474								error: Could not locate the first local maximum of the reduced return map.
1.703704	14.474474								error: Could not locate the first local maximum of the reduced return map.
1.707708	14.474474								error: Could not locate the first local maximum of the reduced return map.
1.711712	14.474474								error: Could not locate the first local maximum of the reduced return map.
1.715716	14.474474								error: Could not locate the first local maximum of the reduced return map.
1.719720	14.474474								error: Could not locate the first local maximum of the reduced return map.
1.723724	14.474474								error: Could not locate the first local maximum of the reduced return map.
1.727728	14.474474								error: Could not locate the first local maximum of the reduced return map.
1.731732	14.474474								error: Could not locate the first local maximum of the reduced return map.
1.735736	14.474474								error: Could not locate the first local maximum of the reduced return map.
1.739740	14.474474								error: Could not locate the first local maximum of the reduced return map.
1.743744	14.474474								error: Could not locate the first local maximum of the reduced return map.
1.747748	14.474474								error: Could not locate the first local maximum of the reduced return map.
1.751752	14.474474								error: Could not locate the first local maximum of the reduced return map.
1.755756	14.474474								error: Could not locate the first local maximum of the reduced return map.
1.759760	14.474474								error: Could not locate the first local maximum of the reduced return map.
1.763764	14.474474								error: Could not locate the first local maximum of the reduced return map.
1.767768	14.474474								error: Could not locate the first local maximum of the reduced return map.
1.771772	14.474474								error: Could not locate the first local maximum of the reduced return map.
1.775776	14.474474								error: Could not locate the first local maximum of the reduced return map.
1.779780	14.474474								error: Could not locate the first local maximum of the reduced return map.
1.783784	14.474474								error: Could not locate the first local maximum of the reduced return map.
1.787788	14.474474								error: Could not locate the first local maximum of the reduced return map.
1.791792	14.474474								error: Could not locate the first local maximum of the reduced return map.
1.795796	14.474474								error: Could not locate the first local maximum of the reduced return map.
1.799800	14.474474								error: Could not locate the first local maximum of the reduced return map.
1.803804	14.474474								error: Could not locate the first local maximum of the reduced return map.
1.807808	14.474474								error: Could not locate the first local maximum of the reduced return map.
1.811812	14.474474								error: Could not locate the first local maximum of the reduced return map.
1.815816	14.474474								error: Could not locate the first local maximum of the reduced return map.
1.819820	14.474474								error: Could not locate the first local maximum of the reduced return map.
1.823824	14.474474								error: Could not locate the first local maximum of the reduced return map.
1.827828	14.474474								error: Could not locate the first local maximum of the reduced return map.
1.831832	14.474474								error: Could not locate the first local maximum of the reduced return map.
1.835836	14.474474								error: Could not locate the first local maximum of the reduced return map.
1.839840	14.474474								error: Could not locate the first local maximum of the reduced return map.
1.843844	14.474474								error: Could not locate the first local maximum of the reduced return map.
1.847848	14.474474								error: Could not locate the first local maximum of the reduced return map.
1.851852	14.474474								error: Could not locate the first local maximum of the reduced return map.
1.855856	14.474474								error: Could not locate the first local maximum of the reduced return map.
1.859860	14.474474								error: Could not locate the first local maximum of the reduced return map.
1.863864	14.474474								error: Could not locate the first local maximum of the reduced return map.
1.867868	14.474474								error: Could not locate the first local maximum of the reduced return map.
1.871872	14.474474								error: Could not locate the first local maximum of the reduced return map.
1.875876	14.474474								error: Could not locate the first local maximum of the reduced return map.
1.879880	14.474474								error: Could not locate the first local maximum of the reduced return map.
1.883884	14.474474								error: Could not locate the first local maximum of the reduced return map.
1.887888	14.474474								error: Could not locate the first local maximum of the reduced return map.
1.891892	14.474474								error: Could not locate the first local maximum of the reduced return map.
1.895896	14.474474								error: Could not locate the first local maximum of the reduced return map.
1.899900	14.474474								error: Could not locate the first local maximum of the reduced return map.
1.903904	14.474474								error: Could not locate the first local maximum of the reduced return map.
1.907908	14.474474								error: Could not locate the first local maximum of the reduced return map.
1.911912	14.474474								error: Could not locate the first local maximum of the reduced return map.
1.915916	14.474474								error: Could not locate the first local maximum of the reduced return map.
1.919920	14.474474								error: Could not locate the first local maximum of the reduced return map.
1.923924	14.474474								error: Could not locate the first local maximum of the reduced return map.
1.927928	14.474474								error: Could not locate the first local maximum of the reduced return map.
1.931932	14.474474								error: Could not locate the first local maximum of the reduced return map.
1.935936	14.474474								error: Could not locate the first local maximum of the reduced return map.
1.939940	14.474474								error: Could not locate the first local maximum of the reduced return map.
1.943944	14.474474								error: Could not locate the first local maximum of the reduced return map.
1.947948	14.474474								error: Could not locate the first local maximum of the reduced return map.
1.951952	14.474474								error: Could not locate the first local maximum of the reduced return map.
1.955956	14.474474								error: Could not locate the first local maximum of the reduced return map.
1.959960	14.474474								error: Could not locate the first local maximum of the reduced return map.
1.963964	14.474474								error: Could not locate the first local maximum of the reduced return map.
1.967968	14.474474								error: Could not locate the first local maximum of the reduced return map.
1.971972	14.474474								error: Could not locate the first local maximum of the reduced return map.
1.975976	14.474474								error: Could not locate the first local maximum of the reduced return map.
1.979980	14.474474								error: Could not locate the first local maximum of the reduced return map.
1.983984	14.474474								error: Could not locate the first local maximum of the reduced return map.
1.987988	14.474474								error: Could not locate the first local maximum of the reduced return map.
1.991992	14.474474								error: Could not locate the first local maximum of the reduced return map.
1.995996	14.474474								error: Could not locate the first local maximum of the reduced return map.
2.000000	14.474474								error: Could not locate the first local maximum of the reduced return map.
