delta_x	delta_ca	T0_V	T0_Ca	T0_method	T_encoding	gamma_encoding	T_scs	gamma_scs	status
-2.000000	-56.956957	-63.425999	0.365489	continued:5	37382954118278832773895244218236686338908646550437400502358118064530753024550062640906067170928616739335301863382037085201145976272239453658981262846128190508219395966448887917209180943430756816343660564752246587817144249698118611074911061187626140754429306578884898095116510555810942627764467245810598277119141113742608011841983463944410469867424643313675310062597234983157066538572943899435	0	0,0,0,0,0,0,0,0,0,0,0,0		ok
-1.995996	-56.956957	-63.450975	0.366325	continued:5	37382954118278832773895244218236686338908646550437400502358118064530753024550062640906067170928616739335301863382037085201145976272239453658981262846128190508219395966448887917209180943430756816343660564752246587817144249698118611074911061187626140754429306578884898095116510555810942627764467245810598277119141113742608011841983463944410469867424643313675310062597234983157066538572943899435	0	0,0,0,0,0,0,0,0,0,0,0,0		ok
-1.991992	-56.956957	-63.473866	0.366826	continued:5	37382954118278832773895244218236686338908646550437400502358118064530753024550062640906067170928616739335301863382037085201145976272239453658981262846128190508219395966448887917209180943430756816343660564752246587817144249698118611074911061187626140754429306578884898095116510555810942627764467245810598277119141113742608011841983463944410469867424643313675310062597234983157066538572943899435	0	0,0,0,0,0,0,0,0,0,0,0,0		ok
-1.987988	-56.956957	-63.498008	0.367328	continued:5	37382954118278832773895244218236686338908646550437400502358118064530753024550062640906067170928616739335301863382037085201145976272239453658981262846128190508219395966448887917209180943430756816343660564752246587817144249698118611074911061187626140754429306578884898095116510555810942627764467245810598277119141113742608011841983463944410469867424643313675310062597234983157066538572943899435	0	0,0,0,0,0,0,0,0,0,0,0,0		ok
-1.983984	-56.956957	-63.524149	0.368243	continued:5	37382954118278832773895244218236686338908646550437400502358118064530753024550062640906067170928616739335301863382037085201145976272239453658981262846128190508219395966448887917209180943430756816343660564752246587817144249698118611074911061187626140754429306578884898095116510555810942627764467245810598277119141113742608011841983463944410469867424643313675310062597234983157066538572943899435	0	0,0,0,0,0,0,0,0,0,0,0,0		ok
-1.979980	-56.956957	-63.548166	0.368744	continued:5	37382954118278832773895244218236686338908646550437400502358118064530753024550062640906067170928616739335301863382037085201145976272239453658981262846128190508219395966448887917209180943430756816343660564752246587817144249698118611074911061187626140754429306578884898095116510555810942627764467245810598277119141113742608011841983463944410469867424643313675310062597234983157066538572943899435	0	0,0,0,0,0,0,0,0,0,0,0,0		ok
-1.975976	-56.956957	-63.574358	0.369452	continued:5	37382954118278832773895244218236686338908646550437400502358118064530753024550062640906067170928616739335301863382037085201145976272239453658981262846128190508219395966448887917209180943430756816343660564752246587817144249698118611074911061187626140754429306578884898095116510555810942627764467245810598277119141113742608011841983463944410469867424643313675310062597234983157066538572943899435	0	0,0,0,0,0,0,0,0,0,0,0,0		ok
-1.971972	-56.956957	-63.601359	0.370367	continued:5	37382954118278832773895244218236686338908646550437400502358118064530753024550062640906067170928616739335301863382037085201145976272239453658981262846128190508219395966448887917209180943430756816343660564752246587817144249698118611074911061187626140754429306578884898095116510555810942627764467245810598277119141113742608011841983463944410469867424643313675310062597234983157066538572943899435	0	0,0,0,0,0,0,0,0,0,0,0,0		ok
-1.967968	-56.956957	-63.627114	0.370869	continued:5	37382954118278832773895244218236686338908646550437400502358118064530753024550062640906067170928616739335301863382037085201145976272239453658981262846128190508219395966448887917209180943430756816343660564752246587817144249698118611074911061187626140754429306578884898095116510555810942627764467245810598277119141113742608011841983463944410469867424643313675310062597234983157066538572943899435	0	0,0,0,0,0,0,0,0,0,0,0,0		ok
-1.963964	-56.956957	-63.656360	0.372118	continued:5	37382954118278832773895244218236686338908646550437400502358118064530753024550062640906067170928616739335301863382037085201145976272239453658981262846128190508219395966448887917209180943430756816343660564752246587817144249698118611074911061187626140754429306578884898095116510555810942627764467245810598277119141113742608011841983463944410469867424643313675310062597234983157066538572943899435	0	0,0,0,0,0,0,0,0,0,0,0,0		ok
-1.959960	-56.956957	-63.681638	0.372620	continued:5	37382954118278832773895244218236686338908646550437400502358118064530753024550062640906067170928616739335301863382037085201145976272239453658981262846128190508219395966448887917209180943430756816343660564752246587817144249698118611074911061187626140754429306578884898095116510555810942627764467245810598277119141113742608011841983463944410469867424643313675310062597234983157066538572943899435	0	0,0,0,0,0,0,0,0,0,0,0,0		ok
-1.955956	-56.956957	-63.710437	0.373534	continued:5	37382954118278832773895244218236686338908646550437400502358118064530753024550062640906067170928616739335301863382037085201145976272239453658981262846128190508219395966448887917209180943430756816343660564752246587817144249698118611074911061187626140754429306578884898095116510555810942627764467245810598277119141113742608011841983463944410469867424643313675310062597234983157066538572943899435	0	0,0,0,0,0,0,0,0,0,0,0,0		ok
-1.951952	-56.956957	-63.739610	0.374577	continued:5	37382954118278832773895244218236686338908646550437400502358118064530753024550062640906067170928616739335301863382037085201145976272239453658981262846128190508219395966448887917209180943430756816343660564752246587817144249698118611074911061187626140754429306578884898095116510555810942627764467245810598277119141113742608011841983463944410469867424643313675310062597234983157066538572943899435	0	0,0,0,0,0,0,0,0,0,0,0,0		ok
-1.947948	-56.956957	-63.767933	0.375285	continued:5	37382954118278832773895244218236686338908646550437400502358118064530753024550062640906067170928616739335301863382037085201145976272239453658981262846128190508219395966448887917209180943430756816343660564752246587817144249698118611074911061187626140754429306578884898095116510555810942627764467245810598277119141113742608011841983463944410469867424643313675310062597234983157066538572943899435	0	0,0,0,0,0,0,0,0,0,0,0,0		ok
-1.943944	-56.956957	-63.799339	0.376534	continued:5	37382954118278832773895244218236686338908646550437400502358118064530753024550062640906067170928616739335301863382037085201145976272239453658981262846128190508219395966448887917209180943430756816343660564752246587817144249698118611074911061187626140754429306578884898095116510555810942627764467245810598277119141113742608011841983463944410469867424643313675310062597234983157066538572943899435	0	0,0,0,0,0,0,0,0,0,0,0,0		ok
-1.939940	-56.956957	-63.828945	0.377243	continued:5	37382954118278832773895244218236686338908646550437400502358118064530753024550062640906067170928616739335301863382037085201145976272239453658981262846128190508219395966448887917209180943430756816343660564752246587817144249698118611074911061187626140754429306578884898095116510555810942627764467245810598277119141113742608011841983463944410469867424643313675310062597234983157066538572943899435	0	0,0,0,0,0,0,0,0,0,0,0,0		ok
-1.935936	-56.956957	-63.862750	0.378698	continued:5	37382954118278832773895244218236686338908646550437400502358118064530753024550062640906067170928616739335301863382037085201145976272239453658981262846128190508219395966448887917209180943430756816343660564752246587817144249698118611074911061187626140754429306578884898095116510555810942627764467245810598277119141113742608011841983463944410469867424643313675310062597234983157066538572943899435	0	0,0,0,0,0,0,0,0,0,0,0,0		ok
-1.931932	-56.956957	-63.894009	0.379534	continued:5	37382954118278832773895244218236686338908646550437400502358118064530753024550062640906067170928616739335301863382037085201145976272239453658981262846128190508219395966448887917209180943430756816343660564752246587817144249698118611074911061187626140754429306578884898095116510555810942627764467245810598277119141113742608011841983463944410469867424643313675310062597234983157066538572943899435	0	0,0,0,0,0,0,0,0,0,0,0,0		ok
-1.927928	-56.956957	-63.929263	0.381118	continued:5	37382954118278832773895244218236686338908646550437400502358118064530753024550062640906067170928616739335301863382037085201145976272239453658981262846128190508219395966448887917209180943430756816343660564752246587817144249698118611074911061187626140754429306578884898095116510555810942627764467245810598277119141113742608011841983463944410469867424643313675310062597234983157066538572943899435	0	0,0,0,0,0,0,0,0,0,0,0,0		ok
-1.923924	-56.956957	-63.961768	0.382033	continued:5	37382954118278832773895244218236686338908646550437400502358118064530753024550062640906067170928616739335301863382037085201145976272239453658981262846128190508219395966448887917209180943430756816343660564752246587817144249698118611074911061187626140754429306578884898095116510555810942627764467245810598277119141113742608011841983463944410469867424643313675310062597234983157066538572943899435	0	0,0,0,0,0,0,0,0,0,0,0,0		ok
-1.919920	-56.956957	-63.998518	0.383489	continued:5	37382954118278832773895244218236686338908646550437400502358118064530753024550062640906067170928616739335301863382037085201145976272239453658981262846128190508219395966448887917209180943430756816343660564752246587817144249698118611074911061187626140754429306578884898095116510555810942627764467245810598277119141113742608011841983463944410469867424643313675310062597234983157066538572943899435	0	0,0,0,0,0,0,0,0,0,0,0,0		ok
-1.915916	-56.956957	-64.035619	0.385279	continued:5	37382954118278832773895244218236686338908646550437400502358118064530753024550062640906067170928616739335301863382037085201145976272239453658981262846128190508219395966448887917209180943430756816343660564752246587817144249698118611074911061187626140754429306578884898095116510555810942627764467245810598277119141113742608011841983463944410469867424643313675310062597234983157066538572943899435	0	0,0,0,0,0,0,0,0,0,0,0,0		ok
-1.911912	-56.956957	-64.069468	0.385987	continued:5	37382954118278832773895244218236686338908646550437400502358118064530753024550062640906067170928616739335301863382037085201145976272239453658981262846128190508219395966448887917209180943430756816343660564752246587817144249698118611074911061187626140754429306578884898095116510555810942627764467245810598277119141113742608011841983463944410469867424643313675310062597234983157066538572943899435	0	0,0,0,0,0,0,0,0,0,0,0,0		ok
-1.907908	-56.956957	-64.111796	0.388112	continued:5	37382954118278832773895244218236686338908646550437400502358118064530753024550062640906067170928616739335301863382037085201145976272239453658981262846128190508219395966448887917209180943430756816343660564752246587817144249698118611074911061187626140754429306578884898095116510555810942627764467245810598277119141113742608011841983463944410469867424643313675310062597234983157066538572943899435	0	0,0,0,0,0,0,0,0,0,0,0,0		ok
-1.903904	-56.956957	-64.150748	0.390030	continued:5	37382954118278832773895244218236686338908646550437400502358118064530753024550062640906067170928616739335301863382037085201145976272239453658981262846128190508219395966448887917209180943430756816343660564752246587817144249698118611074911061187626140754429306578884898095116510555810942627764467245810598277119141113742608011841983463944410469867424643313675310062597234983157066538572943899435	0	0,0,0,0,0,0,0,0,0,0,0,0		ok
-1.899900	-56.956957	-64.187169	0.390738	continued:5	37382954118278832773895244218236686338908646550437400502358118064530753024550062640906067170928616739335301863382037085201145976272239453658981262846128190508219395966448887917209180943430756816343660564752246587817144249698118611074911061187626140754429306578884898095116510555810942627764467245810598277119141113742608011841983463944410469867424643313675310062597234983157066538572943899435	0	0,0,0,0,0,0,0,0,0,0,0,0		ok
-1.895896	-56.956957	-64.234691	0.393069	continued:5	37382954118278832773895244218236686338908646550437400502358118064530753024550062640906067170928616739335301863382037085201145976272239453658981262846128190508219395966448887917209180943430756816343660564752246587817144249698118611074911061187626140754429306578884898095116510555810942627764467245810598277119141113742608011841983463944410469867424643313675310062597234983157066538572943899435	0	0,0,0,0,0,0,0,0,0,0,0,0		ok
-1.891892	-56.956957	-64.281099	0.395528	continued:5	37382954118278832773895244218236686338908646550437400502358118064530753024550062640906067170928616739335301863382037085201145976272239453658981262846128190508219395966448887917209180943430756816343660564752246587817144249698118611074911061187626140754429306578884898095116510555810942627764467245810598277119141113742608011841983463944410469867424643313675310062597234983157066538572943899435	0	0,0,0,0,0,0,0,0,0,0,0,0		ok
-1.887888	-56.956957	-64.324708	0.397781	continued:5	37382954118278832773895244218236686338908646550437400502358118064530753024550062640906067170928616739335301863382037085201145976272239453658981262846128190508219395966448887917209180943430756816343660564752246587817144249698118611074911061187626140754429306578884898095116510555810942627764467245810598277119141113742608011841983463944410469867424643313675310062597234983157066538572943899435	0	0,0,0,0,0,0,0,0,0,0,0,0		ok
-1.883884	-56.956957	-64.366731	0.399030	continued:5	37382954118278832773895244218236686338908646550437400502358118064530753024550062640906067170928616739335301863382037085201145976272239453658981262846128190508219395966448887917209180943430756816343660564752246587817144249698118611074911061187626140754429306578884898095116510555810942627764467245810598277119141113742608011841983463944410469867424643313675310062597234983157066538572943899435	0	0,0,0,0,0,0,0,0,0,0,0,0		ok
-1.879880	-56.956957	-64.418768	0.401823	continued:5	37382954118278832773895244218236686338908646550437400502358118064530753024550062640906067170928616739335301863382037085201145976272239453658981262846128190508219395966448887917209180943430756816343660564752246587817144249698118611074911061187626140754429306578884898095116510555810942627764467245810598277119141113742608011841983463944410469867424643313675310062597234983157066538572943899435	0	0,0,0,0,0,0,0,0,0,0,0,0		ok
-1.875876	-56.956957	-64.469718	0.404616	continued:5	37382954118278832773895244218236686338908646550437400502358118064530753024550062640906067170928616739335301863382037085201145976272239453658981262846128190508219395966448887917209180943430756816343660564752246587817144249698118611074911061187626140754429306578884898095116510555810942627764467245810598277119141113742608011841983463944410469867424643313675310062597234983157066538572943899435	0	0,0,0,0,0,0,0,0,0,0,0,0		ok
-1.871872	-56.956957	-64.519614	0.407410	continued:5	37382954118278832773895244218236686338908646550437400502358118064530753024550062640906067170928616739335301863382037085201145976272239453658981262846128190508219395966448887917209180943430756816343660564752246587817144249698118611074911061187626140754429306578884898095116510555810942627764467245810598277119141113742608011841983463944410469867424643313675310062597234983157066538572943899435	0	0,0,0,0,0,0,0,0,0,0,0,0		ok
-1.867868	-56.956957	-64.568482	0.410203	continued:5	37382954118278832773895244218236686338908646550437400502358118064530753024550062640906067170928616739335301863382037085201145976272239453658981262846128190508219395966448887917209180943430756816343660564752246587817144249698118611074911061187626140754429306578884898095116510555810942627764467245810598277119141113742608011841983463944410469867424643313675310062597234983157066538572943899435	0	0,0,0,0,0,0,0,0,0,0,0,0		ok
-1.863864	-56.956957	-64.616334	0.412996	continued:5	37382954118278832773895244218236686338908646550437400502358118064530753024550062640906067170928616739335301863382037085201145976272239453658981262846128190508219395966448887917209180943430756816343660564752246587817144249698118611074911061187626140754429306578884898095116510555810942627764467245810598277119141113742608011841983463944410469867424643313675310062597234983157066538572943899435	0	0,0,0,0,0,0,0,0,0,0,0,0		ok
-1.859860	-56.956957	-64.663164	0.415790	continued:5	37382954118278832773895244218236686338908646550437400502358118064530753024550062640906067170928616739335301863382037085201145976272239453658981262846128190508219395966448887917209180943430756816343660564752246587817144249698118611074911061187626140754429306578884898095116510555810942627764467245810598277119141113742608011841983463944410469867424643313675310062597234983157066538572943899435	0	0,0,0,0,0,0,0,0,0,0,0,0		ok
-1.855856	-56.956957	-64.708930	0.418583	continued:5	37382954118278832773895244218236686338908646550437400502358118064530753024550062640906067170928616739335301863382037085201145976272239453658981262846128190508219395966448887917209180943430756816343660564752246587817144249698118611074911061187626140754429306578884898095116510555810942627764467245810598277119141113742608011841983463944410469867424643313675310062597234983157066538572943899435	0	0,0,0,0,0,0,0,0,0,0,0,0		ok
-1.851852	-56.956957	-64.753529	0.421377	continued:5	37382954118278832773895244218236686338908646550437400502358118064530753024550062640906067170928616739335301863382037085201145976272239453658981262846128190508219395966448887917209180943430756816343660564752246587817144249698118611074911061187626140754429306578884898095116510555810942627764467245810598277119141113742608011841983463944410469867424643313675310062597234983157066538572943899435	0	0,0,0,0,0,0,0,0,0,0,0,0		ok
-1.847848	-56.956957	-64.796746	0.424170	continued:5	37382954118278832773895244218236686338908646550437400502358118064530753024550062640906067170928616739335301863382037085201145976272239453658981262846128190508219395966448887917209180943430756816343660564752246587817144249698118611074911061187626140754429306578884898095116510555810942627764467245810598277119141113742608011841983463944410469867424643313675310062597234983157066538572943899435	0	0,0,0,0,0,0,0,0,0,0,0,0		ok
-1.843844	-56.956957	-64.838157	0.426963	continued:5	37382954118278832773895244218236686338908646550437400502358118064530753024550062640906067170928616739335301863382037085201145976272239453658981262846128190508219395966448887917209180943430756816343660564752246587817144249698118611074911061187626140754429306578884898095116510555810942627764467245810598277119141113742608011841983463944410469867424643313675310062597234983157066538572943899435	0	0,0,0,0,0,0,0,0,0,0,0,0		ok
-1.839840	-56.956957	-64.876950	0.429757	continued:5	37382954118278832773895244218236686338908646550437400502358118064530753024550062640906067170928616739335301863382037085201145976272239453658981262846128190508219395966448887917209180943430756816343660564752246587817144249698118611074911061187626140754429306578884898095116510555810942627764467245810598277119141113742608011841983463944410469867424643313675310062597234983157066538572943899435	0	0,0,0,0,0,0,0,0,0,0,0,0		ok
-1.835836	-56.956957	-64.911591	0.432550	continued:5	37382954118278832773895244218236686338908646550437400502358118064530753024550062640906067170928616739335301863382037085201145976272239453658981262846128190508219395966448887917209180943430756816343660564752246587817144249698118611074911061187626140754429306578884898095116510555810942627764467245810598277119141113742608011841983463944410469867424643313675310062597234983157066538572943899435	0	0,0,0,0,0,0,0,0,0,0,0,0		ok
-1.831832	-56.956957	-64.939191	0.435343	continued:5	37382954118278832773895244218236686338908646550437400502358118064530753024550062640906067170928616739335301863382037085201145976272239453658981262846128190508219395966448887917209180943430756816343660564752246587817144249698118611074911061187626140754429306578884898095116510555810942627764467245810598277119141113742608011841983463944410469867424643313675310062597234983157066538572943899435	0	0,0,0,0,0,0,0,0,0,0,0,0		ok
-1.827828	-56.956957	-64.954321	0.438137	continued:5	37382954118278832773895244218236686338908646550437400502358118064530753024550062640906067170928616739335301863382037085201145976272239453658981262846128190508219395966448887917209180943430756816343660564752246587817144249698118611074911061187626140754429306578884898095116510555810942627764467245810598277119141113742608011841983463944410469867424643313675310062597234983157066538572943899435	0	0,0,0,0,0,0,0,0,0,0,0,0		ok
-1.823824	-56.956957	-64.946841	0.440930	continued:5	37382954118278832773895244218236686338908646550437400502358118064530753024550062640906067170928616739335301863382037085201145976272239453658981262846128190508219395966448887917209180943430756816343660564752246587817144249698118611074911061187626140754429306578884898095116510555810942627764467245810598277119141113742608011841983463944410469867424643313675310062597234983157066538572943899435	0	0,0,0,0,0,0,0,0,0,0,0,0		ok
-1.819820	-56.956957	-64.898025	0.443723	continued:5	37382954118278832773895244218236686338908646550437400502358118064530753024550062640906067170928616739335301863382037085201145976272239453658981262846128190508219395966448887917209180943430756816343660564752246587817144249698118611074911061187626140754429306578884898095116510555810942627764467245810598277119141113742608011841983463944410469867424643313675310062597234983157066538572943899435	0	0,0,0,0,0,0,0,0,0,0,0,0		ok
-1.815816	-56.956957	-64.774151	0.446517	continued:5	37382954118278832773895244218236686338908646550437400502358118064530753024550062640906067170928616739335301863382037085201145976272239453658981262846128190508219395966448887917209180943430756816343660564752246587817144249698118611074911061187626140754429306578884898095116510555810942627764467245810598277119141113742608011841983463944410469867424643313675310062597234983157066538572943899435	0	0,0,0,0,0,0,0,0,0,0,0,0		ok
-1.811812	-56.956957	-64.517542	0.449310	continued:5	37382954118278832773895244218236686338908646550437400502358118064530753024550062640906067170928616739335301863382037085201145976272239453658981262846128190508219395966448887917209180943430756816343660564752246587817144249698118611074911061187626140754429306578884898095116510555810942627764467245810598277119141113742608011841983463944410469867424643313675310062597234983157066538572943899435	0	0,0,0,0,0,0,0,0,0,0,0,0		ok
-1.807808	-56.956957	-64.038972	0.452103	continued:5	37382954118278832773895244218236686338908646550437400502358118064530753024550062640906067170928616739335301863382037085201145976272239453658981262846128190508219395966448887917209180943430756816343660564752246587817144249698118611074911061187626140754429306578884898095116510555810942627764467245810598277119141113742608011841983463944410469867424643313675310062597234983157066538572943899435	0	0,0,0,0,0,0,0,0,0,0,0,0		ok
-1.803804	-56.956957	-63.224776	0.454897	continued:5	37382954118278832773895244218236686338908646550437400502358118064530753024550062640906067170928616739335301863382037085201145976272239453658981262846128190508219395966448887917209180943430756816343660564752246587817144249698118611074911061187626140754429306578884898095116510555810942627764467245810598277119141113742608011841983463944410469867424643313675310062597234983157066538572943899435	0	0,0,0,0,0,0,0,0,0,0,0,0		ok
-1.799800	-56.956957	-61.979035	0.457690	continued:5	37382954118278832773895244218236686338908646550437400502358118064530753024550062640906067170928616739335301863382037085201145976272239453658981262846128190508219395966448887917209180943430756816343660564752246587817144249698118611074911061187626140754429306578884898095116510555810942627764467245810598277119141113742608011841983463944410469867424643313675310062597234983157066538572943899435	0	0,0,0,0,0,0,0,0,0,0,0,0		ok
-1.795796	-56.956957	-60.294580	0.460483	continued:5	37382954118278832773895244218236686338908646550437400502358118064530753024550062640906067170928616739335301863382037085201145976272239453658981262846128190508219395966448887917209180943430756816343660564752246587817144249698118611074911061187626140754429306578884898095116510555810942627764467245810598277119141113742608011841983463944410469867424643313675310062597234983157066538572943899435	0	0,0,0,0,0,0,0,0,0,0,0,0		ok
-1.791792	-56.956957	-58.286475	0.463277	continued:5	37382954118278832773895244218236686338908646550437400502358118064530753024550062640906067170928616739335301863382037085201145976272239453658981262846128190508219395966448887917209180943430756816343660564752246587817144249698118611074911061187626140754429306578884898095116510555810942627764467245810598277119141113742608011841983463944410469867424643313675310062597234983157066538572943899435	0	0,0,0,0,0,0,0,0,0,0,0,0		ok
-1.787788	-56.956957	-56.157918	0.466070	continued:5	2598060	0	0,0,0,0,0,0		ok
-1.783784	-56.956957	-54.376817	0.468863	full	0	0			ok
-1.779780	-56.956957								error: Could not locate the first local maximum of the reduced return map.
-1.775776	-56.956957								error: Could not locate the first local maximum of the reduced return map.
-1.771772	-56.956957								error: Could not locate the first local maximum of the reduced return map.
-1.767768	-56.956957								error: Could not locate the first local maximum of the reduced return map.
-1.763764	-56.956957								error: Could not locate the first local maximum of the reduced return map.
-1.759760	-56.956957								error: Could not locate the first local maximum of the reduced return map.
-1.755756	-56.956957								error: Could not locate the first local maximum of the reduced return map.
-1.751752	-56.956957								error: Could not locate the first local maximum of the reduced return map.
-1.747748	-56.956957								error: Could not locate the first local maximum of the reduced return map.
-1.743744	-56.956957								error: Could not locate the first local maximum of the reduced return map.
-1.739740	-56.956957								error: Could not locate the first local maximum of the reduced return map.
-1.735736	-56.956957								error: Could not locate the first local maximum of the reduced return map.
-1.731732	-56.956957								error: Could not locate the first local maximum of the reduced return map.
-1.727728	-56.956957								error: Could not locate the first local maximum of the reduced return map.
-1.723724	-56.956957								error: Could not locate the first local maximum of the reduced return map.
-1.719720	-56.956957								error: Could not locate the first local maximum of the reduced return map.
-1.715716	-56.956957								error: Could not locate the first local maximum of the reduced return map.
-1.711712	-56.956957								error: Could not locate the first local maximum of the reduced return map.
-1.707708	-56.956957								error: Could not locate the first local maximum of the reduced return map.
-1.703704	-56.956957								error: Could not locate the first local maximum of the reduced return map.
-1.699700	-56.956957								error: Could not locate the first local maximum of the reduced return map.
-1.695696	-56.956957								error: Could not locate the first local maximum of the reduced return map.
-1.691692	-56.956957								error: Could not locate the first local maximum of the reduced return map.
-1.687688	-56.956957								error: Could not locate the first local maximum of the reduced return map.
-1.683684	-56.956957								error: Could not locate the first local maximum of the reduced return map.
-1.679680	-56.956957								error: Could not locate the first local maximum of the reduced return map.
-1.675676	-56.956957								error: Could not locate the first local maximum of the reduced return map.
-1.671672	-56.956957								error: Could not locate the first local maximum of the reduced return map.
-1.667668	-56.956957								error: Could not locate the first local maximum of the reduced return map.
-1.663664	-56.956957								error: Could not locate the first local maximum of the reduced return map.
-1.659660	-56.956957								error: Could not locate the first local maximum of the reduced return map.
-1.655656	-56.956957								error: Could not locate the first local maximum of the reduced return map.
-1.651652	-56.956957								error: Could not locate the first local maximum of the reduced return map.
-1.647648	-56.956957								error: Could not locate the first local maximum of the reduced return map.
-1.643644	-56.956957								error: Could not locate the first local maximum of the reduced return map.
-1.639640	-56.956957								error: Could not locate the first local maximum of the reduced return map.
-1.635636	-56.956957								error: Could not locate the first local maximum of the reduced return map.
-1.631632	-56.956957								error: Could not locate the first local maximum of the reduced return map.
-1.627628	-56.956957								error: Could not locate the first local maximum of the reduced return map.
-1.623624	-56.956957								error: Could not locate the first local maximum of the reduced return map.
-1.619620	-56.956957								error: Could not locate the first local maximum of the reduced return map.
-1.615616	-56.956957								error: Could not locate the first local maximum of the reduced return map.
-1.611612	-56.956957								error: Could not locate the first local maximum of the reduced return map.
-1.607608	-56.956957								error: Could not locate the first local maximum of the reduced return map.
-1.603604	-56.956957								error: Could not locate the first local maximum of the reduced return map.
-1.599600	-56.956957								error: Could not locate the first local maximum of the reduced return map.
-1.595596	-56.956957								error: Could not locate the first local maximum of the reduced return map.
-1.591592	-56.956957								error: Could not locate the first local maximum of the reduced return map.
-1.587588	-56.956957								error: Could not locate the first local maximum of the reduced return map.
-1.583584	-56.956957								error: Could not locate the first local maximum of the reduced return map.
-1.579580	-56.956957								error: Could not locate the first local maximum of the reduced return map.
-1.575576	-56.956957								error: Could not locate the first local maximum of the reduced return map.
-1.571572	-56.956957								error: Could not locate the first local maximum of the reduced return map.
-1.567568	-56.956957								error: Could not locate the first local maximum of the reduced return map.
-1.563564	-56.956957								error: Could not locate the first local maximum of the reduced return map.
-1.559560	-56.956957								error: Could not locate the first local maximum of the reduced return map.
-1.555556	-56.956957								error: Could not locate the first local maximum of the reduced return map.
-1.551552	-56.956957								error: Could not locate the first local maximum of the reduced return map.
-1.547548	-56.956957								error: Could not locate the first local maximum of the reduced return map.
-1.543544	-56.956957								error: Could not locate the first local maximum of the reduced return map.
-1.539540	-56.956957								error: Could not locate the first local maximum of the reduced return map.
-1.535536	-56.956957								error: Could not locate the first local maximum of the reduced return map.
-1.531532	-56.956957								error: Could not locate the first local maximum of the reduced return map.
-1.527528	-56.956957								error: Could not locate the first local maximum of the reduced return map.
-1.523524	-56.956957								error: Could not locate the first local maximum of the reduced return map.
-1.519520	-56.956957								error: Could not locate the first local maximum of the reduced return map.
-1.515516	-56.956957								error: Could not locate the first local maximum of the reduced return map.
-1.511512	-56.956957								error: Could not locate the first local maximum of the reduced return map.
-1.507508	-56.956957								error: Could not locate the first local maximum of the reduced return map.
-1.503504	-56.956957								error: Could not locate the first local maximum of the reduced return map.
-1.499499	-56.956957								error: Could not locate the first local maximum of the reduced return map.
-1.495495	-56.956957								error: Could not locate the first local maximum of the reduced return map.
-1.491491	-56.956957								error: Could not locate the first local maximum of the reduced return map.
-1.487487	-56.956957								error: Could not locate the first local maximum of the reduced return map.
-1.483483	-56.956957								error: Could not locate the first local maximum of the reduced return map.
-1.479479	-56.956957								error: Could not locate the first local maximum of the reduced return map.
-1.475475	-56.956957								error: Could not locate the first local maximum of the reduced return map.
-1.471471	-56.956957								error: Could not locate the first local maximum of the reduced return map.
-1.467467	-56.956957								error: Could not locate the first local maximum of the reduced return map.
-1.463463	-56.956957								error: Could not locate the first local maximum of the reduced return map.
-1.459459	-56.956957								error: Could not locate the first local maximum of the reduced return map.
-1.455455	-56.956957								error: Could not locate the first local maximum of the reduced return map.
-1.451451	-56.956957								error: Could not locate the first local maximum of the reduced return map.
-1.447447	-56.956957								error: Could not locate the first local maximum of the reduced return map.
-1.443443	-56.956957								error: Could not locate the first local maximum of the reduced return map.
-1.439439	-56.956957								error: Could not locate the first local maximum of the reduced return map.
-1.435435	-56.956957								error: Could not locate the first local maximum of the reduced return map.
-1.431431	-56.956957								error: Could not locate the first local maximum of the reduced return map.
-1.427427	-56.956957								error: Could not locate the first local maximum of the reduced return map.
-1.423423	-56.956957								error: Could not locate the first local maximum of the reduced return map.
-1.419419	-56.956957								error: Could not locate the first local maximum of the reduced return map.
-1.415415	-56.956957								error: Could not locate the first local maximum of the reduced return map.
-1.411411	-56.956957								error: Could not locate the first local maximum of the reduced return map.
-1.407407	-56.956957								error: Could not locate the first local maximum of the reduced return map.
-1.403403	-56.956957								error: Could not locate the first local maximum of the reduced return map.
-1.399399	-56.956957								error: Could not locate the first local maximum of the reduced return map.
-1.395395	-56.956957								error: Could not locate the first local maximum of the reduced return map.
-1.391391	-56.956957								error: Could not locate the first local maximum of the reduced return map.
-1.387387	-56.956957								error: Could not locate the first local maximum of the reduced return map.
-1.383383	-56.956957								error: Could not locate the first local maximum of the reduced return map.
-1.379379	-56.956957								error: Could not locate the first local maximum of the reduced return map.
-1.375375	-56.956957								error: Could not locate the first local maximum of the reduced return map.
-1.371371	-56.956957								error: Could not locate the first local maximum of the reduced return map.
-1.367367	-56.956957								error: Could not locate the first local maximum of the reduced return map.
-1.363363	-56.956957								error: Could not locate the first local maximum of the reduced return map.
-1.359359	-56.956957								error: Could not locate the first local maximum of the reduced return map.
-1.355355	-56.956957								error: Could not locate the first local maximum of the reduced return map.
-1.351351	-56.956957								error: Could not locate the first local maximum of the reduced return map.
-1.347347	-56.956957								error: Could not locate the first local maximum of the reduced return map.
-1.343343	-56.956957								error: Could not locate the first local maximum of the reduced return map.
-1.339339	-56.956957								error: Could not locate the first local maximum of the reduced return map.
-1.335335	-56.956957								error: Could not locate the first local maximum of the reduced return map.
-1.331331	-56.956957								error: Could not locate the first local maximum of the reduced return map.
-1.327327	-56.956957								error: Could not locate the first local maximum of the reduced return map.
-1.323323	-56.956957								error: Could not locate the first local maximum of the reduced return map.
-1.319319	-56.956957								error: Could not locate the first local maximum of the reduced return map.
-1.315315	-56.956957								error: Could not locate the first local maximum of the reduced return map.
-1.311311	-56.956957								error: Could not locate the first local maximum of the reduced return map.
-1.307307	-56.956957								error: Could not locate the first local maximum of the reduced return map.
-1.303303	-56.956957								error: Could not locate the first local maximum of the reduced return map.
-1.299299	-56.956957								error: Could not locate the first local maximum of the reduced return map.
-1.295295	-56.956957								error: Could not locate the first local maximum of the reduced return map.
-1.291291	-56.956957								error: Could not locate the first local maximum of the reduced return map.
-1.287287	-56.956957								error: Could not locate the first local maximum of the reduced return map.
-1.283283	-56.956957								error: Could not locate the first local maximum of the reduced return map.
-1.279279	-56.956957								error: Could not locate the first local maximum of the reduced return map.
-1.275275	-56.956957								error: Could not locate the first local maximum of the reduced return map.
-1.271271	-56.956957								error: Could not locate the first local maximum of the reduced return map.
-1.267267	-56.956957								error: Could not locate the first local maximum of the reduced return map.
-1.263263	-56.956957								error: Could not locate the first local maximum of the reduced return map.
-1.259259	-56.956957								error: Could not locate the first local maximum of the reduced return map.
-1.255255	-56.956957								error: Could not locate the first local maximum of the reduced return map.
-1.251251	-56.956957								error: Could not locate the first local maximum of the reduced return map.
-1.247247	-56.956957								error: Could not locate the first local maximum of the reduced return map.
-1.243243	-56.956957								error: Could not locate the first local maximum of the reduced return map.
-1.239239	-56.956957								error: Could not locate the first local maximum of the reduced return map.
-1.235235	-56.956957								error: Could not locate the first local maximum of the reduced return map.
-1.231231	-56.956957								error: Could not locate the first local maximum of the reduced return map.
-1.227227	-56.956957								error: Could not locate the first local maximum of the reduced return map.
-1.223223	-56.956957								error: Could not locate the first local maximum of the reduced return map.
-1.219219	-56.956957								error: Could not locate the first local maximum of the reduced return map.
-1.215215	-56.956957								error: Could not locate the first local maximum of the reduced return map.
-1.211211	-56.956957								error: Could not locate the first local maximum of the reduced return map.
-1.207207	-56.956957								error: Could not locate the first local maximum of the reduced return map.
-1.203203	-56.956957								error: Could not locate the first local maximum of the reduced return map.
-1.199199	-56.956957								error: Could not locate the first local maximum of the reduced return map.
-1.195195	-56.956957								error: Could not locate the first local maximum of the reduced return map.
-1.191191	-56.956957								error: Could not locate the first local maximum of the reduced return map.
-1.187187	-56.956957								error: Could not locate the first local maximum of the reduced return map.
-1.183183	-56.956957								error: Could not locate the first local maximum of the reduced return map.
-1.179179	-56.956957								error: Could not locate the first local maximum of the reduced return map.
-1.175175	-56.956957								error: Could not locate the first local maximum of the reduced return map.
-1.171171	-56.956957								error: Could not locate the first local maximum of the reduced return map.
-1.167167	-56.956957								error: Could not locate the first local maximum of the reduced return map.
-1.163163	-56.956957								error: Could not locate the first local maximum of the reduced return map.
-1.159159	-56.956957								error: Could not locate the first local maximum of the reduced return map.
-1.155155	-56.956957								error: Could not locate the first local maximum of the reduced return map.
-1.151151	-56.956957								error: Could not locate the first local maximum of the reduced return map.
-1.147147	-56.956957								error: Could not locate the first local maximum of the reduced return map.
-1.143143	-56.956957								error: Could not locate the first local maximum of the reduced return map.
-1.139139	-56.956957								error: Could not locate the first local maximum of the reduced return map.
-1.135135	-56.956957								error: Could not locate the first local maximum of the reduced return map.
-1.131131	-56.956957								error: Could not locate the first local maximum of the reduced return map.
-1.127127	-56.956957								error: Could not locate the first local maximum of the reduced return map.
-1.123123	-56.956957								error: Could not locate the first local maximum of the reduced return map.
-1.119119	-56.956957								error: Could not locate the first local maximum of the reduced return map.
-1.115115	-56.956957								error: Could not locate the first local maximum of the reduced return map.
-1.111111	-56.956957								error: Could not locate the first local maximum of the reduced return map.
-1.107107	-56.956957								error: Could not locate the first local maximum of the reduced return map.
-1.103103	-56.956957								error: Could not locate the first local maximum of the reduced return map.
-1.099099	-56.956957								error: Could not locate the first local maximum of the reduced return map.
-1.095095	-56.956957								error: Could not locate the first local maximum of the reduced return map.
-1.091091	-56.956957								error: Could not locate the first local maximum of the reduced return map.
-1.087087	-56.956957								error: Could not locate the first local maximum of the reduced return map.
-1.083083	-56.956957								error: Could not locate the first local maximum of the reduced return map.
-1.079079	-56.956957								error: Could not locate the first local maximum of the reduced return map.
-1.075075	-56.956957								error: Could not locate the first local maximum of the reduced return map.
-1.071071	-56.956957								error: Could not locate the first local maximum of the reduced return map.
-1.067067	-56.956957								error: Could not locate the first local maximum of the reduced return map.
-1.063063	-56.956957								error: Could not locate the first local maximum of the reduced return map.
-1.059059	-56.956957								error: Could not locate the first local maximum of the reduced return map.
-1.055055	-56.956957								error: Could not locate the first local maximum of the reduced return map.
-1.051051	-56.956957								error: Could not locate the first local maximum of the reduced return map.
-1.047047	-56.956957								error: Could not locate the first local maximum of the reduced return map.
-1.043043	-56.956957								error: Could not locate the first local maximum of the reduced return map.
-1.039039	-56.956957								error: Could not locate the first local maximum of the reduced return map.
-1.035035	-56.956957								error: Could not locate the first local maximum of the reduced return map.
-1.031031	-56.956957								error: Could not locate the first local maximum of the reduced return map.
-1.027027	-56.956957								error: Could not locate the first local maximum of the reduced return map.
-1.023023	-56.956957								error: Could not locate the first local maximum of the reduced return map.
-1.019019	-56.956957								error: Could not locate the first local maximum of the reduced return map.
-1.015015	-56.956957								error: Could not locate the first local maximum of the reduced return map.
-1.011011	-56.956957								error: Could not locate the first local maximum of the reduced return map.
-1.007007	-56.956957								error: Could not locate the first local maximum of the reduced return map.
-1.003003	-56.956957								error: Could not locate the first local maximum of the reduced return map.
-0.998999	-56.956957								error: Could not locate the first local maximum of the reduced return map.
-0.994995	-56.956957								error: Could not locate the first local maximum of the reduced return map.
-0.990991	-56.956957								error: Could not locate the first local maximum of the reduced return map.
-0.986987	-56.956957								error: Could not locate the first local maximum of the reduced return map.
-0.982983	-56.956957								error: Could not locate the first local maximum of the reduced return map.
-0.978979	-56.956957								error: Could not locate the first local maximum of the reduced return map.
-0.974975	-56.956957								error: Could not locate the first local maximum of the reduced return map.
-0.970971	-56.956957								error: Could not locate the first local maximum of the reduced return map.
-0.966967	-56.956957								error: Could not locate the first local maximum of the reduced return map.
-0.962963	-56.956957								error: Could not locate the first local maximum of the reduced return map.
-0.958959	-56.956957								error: Could not locate the first local maximum of the reduced return map.
-0.954955	-56.956957								error: Could not locate the first local maximum of the reduced return map.
-0.950951	-56.956957								error: Could not locate the first local maximum of the reduced return map.
-0.946947	-56.956957								error: Could not locate the first local maximum of the reduced return map.
-0.942943	-56.956957								error: Could not locate the first local maximum of the reduced return map.
-0.938939	-56.956957								error: Could not locate the first local maximum of the reduced return map.
-0.934935	-56.956957								error: Could not locate the first local maximum of the reduced return map.
-0.930931	-56.956957								error: Could not locate the first local maximum of the reduced return map.
-0.926927	-56.956957								error: Could not locate the first local maximum of the reduced return map.
-0.922923	-56.956957								error: Could not locate the first local maximum of the reduced return map.
-0.918919	-56.956957								error: Could not locate the first local maximum of the reduced return map.
-0.914915	-56.956957								error: Could not locate the first local maximum of the reduced return map.
-0.910911	-56.956957								error: Could not locate the first local maximum of the reduced return map.
-0.906907	-56.956957								error: Could not locate the first local maximum of the reduced return map.
-0.902903	-56.956957								error: Could not locate the first local maximum of the reduced return map.
-0.898899	-56.956957								error: Could not locate the first local maximum of the reduced return map.
-0.894895	-56.956957								error: Could not locate the first local maximum of the reduced return map.
-0.890891	-56.956957								error: Could not locate the first local maximum of the reduced return map.
-0.886887	-56.956957								error: Could not locate the first local maximum of the reduced return map.
-0.882883	-56.956957								error: Could not locate the first local maximum of the reduced return map.
-0.878879	-56.956957								error: Could not locate the first local maximum of the reduced return map.
-0.874875	-56.956957								error: Could not locate the first local maximum of the reduced return map.
-0.870871	-56.956957								error: Could not locate the first local maximum of the reduced return map.
-0.866867	-56.956957								error: Could not locate the first local maximum of the reduced return map.
-0.862863	-56.956957								error: Could not locate the first local maximum of the reduced return map.
-0.858859	-56.956957								error: Could not locate the first local maximum of the reduced return map.
-0.854855	-56.956957								error: Could not locate the first local maximum of the reduced return map.
-0.850851	-56.956957								error: Could not locate the first local maximum of the reduced return map.
-0.846847	-56.956957								error: Could not locate the first local maximum of the reduced return map.
-0.842843	-56.956957								error: Could not locate the first local maximum of the reduced return map.
-0.838839	-56.956957								error: Could not locate the first local maximum of the reduced return map.
-0.834835	-56.956957								error: Could not locate the first local maximum of the reduced return map.
-0.830831	-56.956957								error: Could not locate the first local maximum of the reduced return map.
-0.826827	-56.956957								error: Could not locate the first local maximum of the reduced return map.
-0.822823	-56.956957								error: Could not locate the first local maximum of the reduced return map.
-0.818819	-56.956957								error: Could not locate the first local maximum of the reduced return map.
-0.814815	-56.956957								error: Could not locate the first local maximum of the reduced return map.
-0.810811	-56.956957								error: Could not locate the first local maximum of the reduced return map.
-0.806807	-56.956957								error: Could not locate the first local maximum of the reduced return map.
-0.802803	-56.956957								error: Could not locate the first local maximum of the reduced return map.
-0.798799	-56.956957								error: Could not locate the first local maximum of the reduced return map.
-0.794795	-56.956957								error: Could not locate the first local maximum of the reduced return map.
-0.790791	-56.956957								error: Could not locate the first local maximum of the reduced return map.
-0.786787	-56.956957								error: Could not locate the first local maximum of the reduced return map.
-0.782783	-56.956957								error: Could not locate the first local maximum of the reduced return map.
-0.778779	-56.956957								error: Could not locate the first local maximum of the reduced return map.
-0.774775	-56.956957								error: Could not locate the first local maximum of the reduced return map.
-0.770771	-56.956957								error: Could not locate the first local maximum of the reduced return map.
-0.766767	-56.956957								error: Could not locate the first local maximum of the reduced return map.
-0.762763	-56.956957								error: Could not locate the first local maximum of the reduced return map.
-0.758759	-56.956957								error: Could not locate the first local maximum of the reduced return map.
-0.754755	-56.956957								error: Could not locate the first local maximum of the reduced return map.
-0.750751	-56.956957								error: Could not locate the first local maximum of the reduced return map.
-0.746747	-56.956957								error: Could not locate the first local maximum of the reduced return map.
-0.742743	-56.956957								error: Could not locate the first local maximum of the reduced return map.
-0.738739	-56.956957								error: Could not locate the first local maximum of the reduced return map.
-0.734735	-56.956957								error: Could not locate the first local maximum of the reduced return map.
-0.730731	-56.956957								error: Could not locate the first local maximum of the reduced return map.
-0.726727	-56.956957								error: Could not locate the first local maximum of the reduced return map.
-0.722723	-56.956957								error: Could not locate the first local maximum of the reduced return map.
-0.718719	-56.956957								error: Could not locate the first local maximum of the reduced return map.
-0.714715	-56.956957								error: Could not locate the first local maximum of the reduced return map.
-0.710711	-56.956957								error: Could not locate the first local maximum of the reduced return map.
-0.706707	-56.956957								error: Could not locate the first local maximum of the reduced return map.
-0.702703	-56.956957								error: Could not locate the first local maximum of the reduced return map.
-0.698699	-56.956957								error: Could not locate the first local maximum of the reduced return map.
-0.694695	-56.956957								error: Could not locate the first local maximum of the reduced return map.
-0.690691	-56.956957								error: Could not locate the first local maximum of the reduced return map.
-0.686687	-56.956957								error: Could not locate the first local maximum of the reduced return map.
-0.682683	-56.956957								error: Could not locate the first local maximum of the reduced return map.
-0.678679	-56.956957								error: Could not locate the first local maximum of the reduced return map.
-0.674675	-56.956957								error: Could not locate the first local maximum of the reduced return map.
-0.670671	-56.956957								error: Could not locate the first local maximum of the reduced return map.
-0.666667	-56.956957								error: Could not locate the first local maximum of the reduced return map.
-0.662663	-56.956957								error: Could not locate the first local maximum of the reduced return map.
-0.658659	-56.956957								error: Could not locate the first local maximum of the reduced return map.
-0.654655	-56.956957								error: Could not locate the first local maximum of the reduced return map.
-0.650651	-56.956957								error: Could not locate the first local maximum of the reduced return map.
-0.646647	-56.956957								error: Could not locate the first local maximum of the reduced return map.
-0.642643	-56.956957								error: Could not locate the first local maximum of the reduced return map.
-0.638639	-56.956957								error: Could not locate the first local maximum of the reduced return map.
-0.634635	-56.956957								error: Could not locate the first local maximum of the reduced return map.
-0.630631	-56.956957								error: Could not locate the first local maximum of the reduced return map.
-0.626627	-56.956957								error: Could not locate the first local maximum of the reduced return map.
-0.622623	-56.956957								error: Could not locate the first local maximum of the reduced return map.
-0.618619	-56.956957								error: Could not locate the first local maximum of the reduced return map.
-0.614615	-56.956957								error: Could not locate the first local maximum of the reduced return map.
-0.610611	-56.956957								error: Could not locate the first local maximum of the reduced return map.
-0.606607	-56.956957								error: Could not locate the first local maximum of the reduced return map.
-0.602603	-56.956957								error: Could not locate the first local maximum of the reduced return map.
-0.598599	-56.956957								error: Could not locate the first local maximum of the reduced return map.
-0.594595	-56.956957								error: Could not locate the first local maximum of the reduced return map.
-0.590591	-56.956957								error: Could not locate the first local maximum of the reduced return map.
-0.586587	-56.956957								error: Could not locate the first local maximum of the reduced return map.
-0.582583	-56.956957								error: Could not locate the first local maximum of the reduced return map.
-0.578579	-56.956957								error: Could not locate the first local maximum of the reduced return map.
-0.574575	-56.956957								error: Could not locate the first local maximum of the reduced return map.
-0.570571	-56.956957								error: Could not locate the first local maximum of the reduced return map.
-0.566567	-56.956957								error: Could not locate the first local maximum of the reduced return map.
-0.562563	-56.956957								error: Could not locate the first local maximum of the reduced return map.
-0.558559	-56.956957								error: Could not locate the first local maximum of the reduced return map.
-0.554555	-56.956957								error: Could not locate the first local maximum of the reduced return map.
-0.550551	-56.956957								error: Could not locate the first local maximum of the reduced return map.
-0.546547	-56.956957								error: Could not locate the first local maximum of the reduced return map.
-0.542543	-56.956957								error: Could not locate the first local maximum of the reduced return map.
-0.538539	-56.956957								error: Could not locate the first local maximum of the reduced return map.
-0.534535	-56.956957								error: Could not locate the first local maximum of the reduced return map.
-0.530531	-56.956957								error: Could not locate the first local maximum of the reduced return map.
-0.526527	-56.956957								error: Could not locate the first local maximum of the reduced return map.
-0.522523	-56.956957								error: Could not locate the first local maximum of the reduced return map.
-0.518519	-56.956957								error: Could not locate the first local maximum of the reduced return map.
-0.514515	-56.956957								error: Could not locate the first local maximum of the reduced return map.
-0.510511	-56.956957								error: Could not locate the first local maximum of the reduced return map.
-0.506507	-56.956957								error: Could not locate the first local maximum of the reduced return map.
-0.502503	-56.956957								error: Could not locate the first local maximum of the reduced return map.
-0.498498	-56.956957								error: Could not locate the first local maximum of the reduced return map.
-0.494494	-56.956957								error: Could not locate the first local maximum of the reduced return map.
-0.490490	-56.956957								error: Could not locate the first local maximum of the reduced return map.
-0.486486	-56.956957								error: Could not locate the first local maximum of the reduced return map.
-0.482482	-56.956957								error: Could not locate the first local maximum of the reduced return map.
-0.478478	-56.956957								error: Could not locate the first local maximum of the reduced return map.
-0.474474	-56.956957								error: Could not locate the first local maximum of the reduced return map.
-0.470470	-56.956957								error: Could not locate the first local maximum of the reduced return map.
-0.466466	-56.956957								error: Could not locate the first local maximum of the reduced return map.
-0.462462	-56.956957								error: Could not locate the first local maximum of the reduced return map.
-0.458458	-56.956957								error: Could not locate the first local maximum of the reduced return map.
-0.454454	-56.956957								error: Could not locate the first local maximum of the reduced return map.
-0.450450	-56.956957								error: Could not locate the first local maximum of the reduced return map.
-0.446446	-56.956957								error: Could not locate the first local maximum of the reduced return map.
-0.442442	-56.956957								error: Could not locate the first local maximum of the reduced return map.
-0.438438	-56.956957								error: Could not locate the first local maximum of the reduced return map.
-0.434434	-56.956957								error: Could not locate the first local maximum of the reduced return map.
-0.430430	-56.956957								error: Could not locate the first local maximum of the reduced return map.
-0.426426	-56.956957								error: Could not locate the first local maximum of the reduced return map.
-0.422422	-56.956957								error: Could not locate the first local maximum of the reduced return map.
-0.418418	-56.956957								error: Could not locate the first local maximum of the reduced return map.
-0.414414	-56.956957								error: Could not locate the first local maximum of the reduced return map.
-0.410410	-56.956957								error: Could not locate the first local maximum of the reduced return map.
-0.406406	-56.956957								error: Could not locate the first local maximum of the reduced return map.
-0.402402	-56.956957								error: Could not locate the first local maximum of the reduced return map.
-0.398398	-56.956957								error: Could not locate the first local maximum of the reduced return map.
-0.394394	-56.956957								error: Could not locate the first local maximum of the reduced return map.
-0.390390	-56.956957								error: Could not locate the first local maximum of the reduced return map.
-0.386386	-56.956957								error: Could not locate the first local maximum of the reduced return map.
-0.382382	-56.956957								error: Could not locate the first local maximum of the reduced return map.
-0.378378	-56.956957								error: Could not locate the first local maximum of the reduced return map.
-0.374374	-56.956957								error: Could not locate the first local maximum of the reduced return map.
-0.370370	-56.956957								error: Could not locate the first local maximum of the reduced return map.
-0.366366	-56.956957								error: Could not locate the first local maximum of the reduced return map.
-0.362362	-56.956957								error: Could not locate the first local maximum of the reduced return map.
-0.358358	-56.956957								error: Could not locate the first local maximum of the reduced return map.
-0.354354	-56.956957								error: Could not locate the first local maximum of the reduced return map.
-0.350350	-56.956957								error: Could not locate the first local maximum of the reduced return map.
-0.346346	-56.956957								error: Could not locate the first local maximum of the reduced return map.
-0.342342	-56.956957								error: Could not locate the first local maximum of the reduced return map.
-0.338338	-56.956957								error: Could not locate the first local maximum of the reduced return map.
-0.334334	-56.956957								error: Could not locate the first local maximum of the reduced return map.
-0.330330	-56.956957								error: Could not locate the first local maximum of the reduced return map.
-0.326326	-56.956957								error: Could not locate the first local maximum of the reduced return map.
-0.322322	-56.956957								error: Could not locate the first local maximum of the reduced return map.
-0.318318	-56.956957								error: Could not locate the first local maximum of the reduced return map.
-0.314314	-56.956957								error: Could not locate the first local maximum of the reduced return map.
-0.310310	-56.956957								error: Could not locate the first local maximum of the reduced return map.
-0.306306	-56.956957								error: Could not locate the first local maximum of the reduced return map.
-0.302302	-56.956957								error: Could not locate the first local maximum of the reduced return map.
-0.298298	-56.956957								error: Could not locate the first local maximum of the reduced return map.
-0.294294	-56.956957								error: Could not locate the first local maximum of the reduced return map.
-0.290290	-56.956957								error: Could not locate the first local maximum of the reduced return map.
-0.286286	-56.956957								error: Could not locate the first local maximum of the reduced return map.
-0.282282	-56.956957								error: Could not locate the first local maximum of the reduced return map.
-0.278278	-56.956957								error: Could not locate the first local maximum of the reduced return map.
-0.274274	-56.956957								error: Could not locate the first local maximum of the reduced return map.
-0.270270	-56.956957								error: Could not locate the first local maximum of the reduced return map.
-0.266266	-56.956957								error: Could not locate the first local maximum of the reduced return map.
-0.262262	-56.956957								error: Could not locate the first local maximum of the reduced return map.
-0.258258	-56.956957								error: Could not locate the first local maximum of the reduced return map.
-0.254254	-56.956957								error: Could not locate the first local maximum of the reduced return map.
-0.250250	-56.956957								error: Could not locate the first local maximum of the reduced return map.
-0.246246	-56.956957								error: Could not locate the first local maximum of the reduced return map.
-0.242242	-56.956957								error: Could not locate the first local maximum of the reduced return map.
-0.238238	-56.956957								error: Could not locate the first local maximum of the reduced return map.
-0.234234	-56.956957								error: Could not locate the first local maximum of the reduced return map.
-0.230230	-56.956957								error: Could not locate the first local maximum of the reduced return map.
-0.226226	-56.956957								error: Could not locate the first local maximum of the reduced return map.
-0.222222	-56.956957								error: Could not locate the first local maximum of the reduced return map.
-0.218218	-56.956957								error: Could not locate the first local maximum of the reduced return map.
-0.214214	-56.956957								error: Could not locate the first local maximum of the reduced return map.
-0.210210	-56.956957								error: Could not locate the first local maximum of the reduced return map.
-0.206206	-56.956957								error: Could not locate the first local maximum of the reduced return map.
-0.202202	-56.956957								error: Could not locate the first local maximum of the reduced return map.
-0.198198	-56.956957								error: Could not locate the first local maximum of the reduced return map.
-0.194194	-56.956957								error: Could not locate the first local maximum of the reduced return map.
-0.190190	-56.956957								error: Could not locate the first local maximum of the reduced return map.
-0.186186	-56.956957								error: Could not locate the first local maximum of the reduced return map.
-0.182182	-56.956957								error: Could not locate the first local maximum of the reduced return map.
-0.178178	-56.956957								error: Could not locate the first local maximum of the reduced return map.
-0.174174	-56.956957								error: Could not locate the first local maximum of the reduced return map.
-0.170170	-56.956957								error: Could not locate the first local maximum of the reduced return map.
-0.166166	-56.956957								error: Could not locate the first local maximum of the reduced return map.
-0.162162	-56.956957								error: Could not locate the first local maximum of the reduced return map.
-0.158158	-56.956957								error: Could not locate the first local maximum of the reduced return map.
-0.154154	-56.956957								error: Could not locate the first local maximum of the reduced return map.
-0.150150	-56.956957								error: Could not locate the first local maximum of the reduced return map.
-0.146146	-56.956957								error: Could not locate the first local maximum of the reduced return map.
-0.142142	-56.956957								error: Could not locate the first local maximum of the reduced return map.
-0.138138	-56.956957								error: Could not locate the first local maximum of the reduced return map.
-0.134134	-56.956957								error: Could not locate the first local maximum of the reduced return map.
-0.130130	-56.956957								error: Could not locate the first local maximum of the reduced return map.
-0.126126	-56.956957								error: Could not locate the first local maximum of the reduced return map.
-0.122122	-56.956957								error: Could not locate the first local maximum of the reduced return map.
-0.118118	-56.956957								error: Could not locate the first local maximum of the reduced return map.
-0.114114	-56.956957								error: Could not locate the first local maximum of the reduced return map.
-0.110110	-56.956957								error: Could not locate the first local maximum of the reduced return map.
-0.106106	-56.956957								error: Could not locate the first local maximum of the reduced return map.
-0.102102	-56.956957								error: Could not locate the first local maximum of the reduced return map.
-0.098098	-56.956957								error: Could not locate the first local maximum of the reduced return map.
-0.094094	-56.956957								error: Could not locate the first local maximum of the reduced return map.
-0.090090	-56.956957								error: Could not locate the first local maximum of the reduced return map.
-0.086086	-56.956957								error: Could not locate the first local maximum of the reduced return map.
-0.082082	-56.956957								error: Could not locate the first local maximum of the reduced return map.
-0.078078	-56.956957								error: Could not locate the first local maximum of the reduced return map.
-0.074074	-56.956957								error: Could not locate the first local maximum of the reduced return map.
-0.070070	-56.956957								error: Could not locate the first local maximum of the reduced return map.
-0.066066	-56.956957								error: Could not locate the first local maximum of the reduced return map.
-0.062062	-56.956957								error: Could not locate the first local maximum of the reduced return map.
-0.058058	-56.956957								error: Could not locate the first local maximum of the reduced return map.
-0.054054	-56.956957								error: Could not locate the first local maximum of the reduced return map.
-0.050050	-56.956957								error: Could not locate the first local maximum of the reduced return map.
-0.046046	-56.956957								error: Could not locate the first local maximum of the reduced return map.
-0.042042	-56.956957								error: Could not locate the first local maximum of the reduced return map.
-0.038038	-56.956957								error: Could not locate the first local maximum of the reduced return map.
-0.034034	-56.956957								error: Could not locate the first local maximum of the reduced return map.
-0.030030	-56.956957								error: Could not locate the first local maximum of the reduced return map.
-0.026026	-56.956957								error: Could not locate the first local maximum of the reduced return map.
-0.022022	-56.956957								error: Could not locate the first local maximum of the reduced return map.
-0.018018	-56.956957								error: Could not locate the first local maximum of the reduced return map.
-0.014014	-56.956957								error: Could not locate the first local maximum of the reduced return map.
-0.010010	-56.956957								error: Could not locate the first local maximum of the reduced return map.
-0.006006	-56.956957								error: Could not locate the first local maximum of the reduced return map.
-0.002002	-56.956957								error: Could not locate the first local maximum of the reduced return map.
0.002002	-56.956957								error: Could not locate the first local maximum of the reduced return map.
0.006006	-56.956957								error: Could not locate the first local maximum of the reduced return map.
0.010010	-56.956957								error: Could not locate the first local maximum of the reduced return map.
0.014014	-56.956957								error: Could not locate the first local maximum of the reduced return map.
0.018018	-56.956957								error: Could not locate the first local maximum of the reduced return map.
0.022022	-56.956957								error: Could not locate the first local maximum of the reduced return map.
0.026026	-56.956957								error: Could not locate the first local maximum of the reduced return map.
0.030030	-56.956957								error: Could not locate the first local maximum of the reduced return map.
0.034034	-56.956957								error: Could not locate the first local maximum of the reduced return map.
0.038038	-56.956957								error: Could not locate the first local maximum of the reduced return map.
0.042042	-56.956957								error: Could not locate the first local maximum of the reduced return map.
0.046046	-56.956957								error: Could not locate the first local maximum of the reduced return map.
0.050050	-56.956957								error: Could not locate the first local maximum of the reduced return map.
0.054054	-56.956957								error: Could not locate the first local maximum of the reduced return map.
0.058058	-56.956957								error: Could not locate the first local maximum of the reduced return map.
0.062062	-56.956957								error: Could not locate the first local maximum of the reduced return map.
0.066066	-56.956957								error: Could not locate the first local maximum of the reduced return map.
0.070070	-56.956957								error: Could not locate the first local maximum of the reduced return map.
0.074074	-56.956957								error: Could not locate the first local maximum of the reduced return map.
0.078078	-56.956957								error: Could not locate the first local maximum of the reduced return map.
0.082082	-56.956957								error: Could not locate the first local maximum of the reduced return map.
0.086086	-56.956957								error: Could not locate the first local maximum of the reduced return map.
0.090090	-56.956957								error: Could not locate the first local maximum of the reduced return map.
0.094094	-56.956957								error: Could not locate the first local maximum of the reduced return map.
0.098098	-56.956957								error: Could not locate the first local maximum of the reduced return map.
0.102102	-56.956957								error: Could not locate the first local maximum of the reduced return map.
0.106106	-56.956957								error: Could not locate the first local maximum of the reduced return map.
0.110110	-56.956957								error: Could not locate the first local maximum of the reduced return map.
0.114114	-56.956957								error: Could not locate the first local maximum of the reduced return map.
0.118118	-56.956957								error: Could not locate the first local maximum of the reduced return map.
0.122122	-56.956957								error: Could not locate the first local maximum of the reduced return map.
0.126126	-56.956957								error: Could not locate the first local maximum of the reduced return map.
0.130130	-56.956957								error: Could not locate the first local maximum of the reduced return map.
0.134134	-56.956957								error: Could not locate the first local maximum of the reduced return map.
0.138138	-56.956957								error: Could not locate the first local maximum of the reduced return map.
0.142142	-56.956957								error: Could not locate the first local maximum of the reduced return map.
0.146146	-56.956957								error: Could not locate the first local maximum of the reduced return map.
0.150150	-56.956957								error: Could not locate the first local maximum of the reduced return map.
0.154154	-56.956957								error: Could not locate the first local maximum of the reduced return map.
0.158158	-56.956957								error: Could not locate the first local maximum of the reduced return map.
0.162162	-56.956957								error: Could not locate the first local maximum of the reduced return map.
0.166166	-56.956957								error: Could not locate the first local maximum of the reduced return map.
0.170170	-56.956957								error: Could not locate the first local maximum of the reduced return map.
0.174174	-56.956957								error: Could not locate the first local maximum of the reduced return map.
0.178178	-56.956957								error: Could not locate the first local maximum of the reduced return map.
0.182182	-56.956957								error: Could not locate the first local maximum of the reduced return map.
0.186186	-56.956957								error: Could not locate the first local maximum of the reduced return map.
0.190190	-56.956957								error: Could not locate the first local maximum of the reduced return map.
0.194194	-56.956957								error: Could not locate the first local maximum of the reduced return map.
0.198198	-56.956957								error: Could not locate the first local maximum of the reduced return map.
0.202202	-56.956957								error: Could not locate the first local maximum of the reduced return map.
0.206206	-56.956957								error: Could not locate the first local maximum of the reduced return map.
0.210210	-56.956957								error: Could not locate the first local maximum of the reduced return map.
0.214214	-56.956957								error: Could not locate the first local maximum of the reduced return map.
0.218218	-56.956957								error: Could not locate the first local maximum of the reduced return map.
0.222222	-56.956957								error: Could not locate the first local maximum of the reduced return map.
0.226226	-56.956957								error: Could not locate the first local maximum of the reduced return map.
0.230230	-56.956957								error: Could not locate the first local maximum of the reduced return map.
0.234234	-56.956957								error: Could not locate the first local maximum of the reduced return map.
0.238238	-56.956957								error: Could not locate the first local maximum of the reduced return map.
0.242242	-56.956957								error: Could not locate the first local maximum of the reduced return map.
0.246246	-56.956957								error: Could not locate the first local maximum of the reduced return map.
0.250250	-56.956957								error: Could not locate the first local maximum of the reduced return map.
0.254254	-56.956957								error: Could not locate the first local maximum of the reduced return map.
0.258258	-56.956957								error: Could not locate the first local maximum of the reduced return map.
0.262262	-56.956957								error: Could not locate the first local maximum of the reduced return map.
0.266266	-56.956957								error: Could not locate the first local maximum of the reduced return map.
0.270270	-56.956957								error: Could not locate the first local maximum of the reduced return map.
0.274274	-56.956957								error: Could not locate the first local maximum of the reduced return map.
0.278278	-56.956957								error: Could not locate the first local maximum of the reduced return map.
0.282282	-56.956957								error: Could not locate the first local maximum of the reduced return map.
0.286286	-56.956957								error: Could not locate the first local maximum of the reduced return map.
0.290290	-56.956957								error: Could not locate the first local maximum of the reduced return map.
0.294294	-56.956957								error: Could not locate the first local maximum of the reduced return map.
0.298298	-56.956957								error: Could not locate the first local maximum of the reduced return map.
0.302302	-56.956957								error: Could not locate the first local maximum of the reduced return map.
0.306306	-56.956957								error: Could not locate the first local maximum of the reduced return map.
0.310310	-56.956957								error: Could not locate the first local maximum of the reduced return map.
0.314314	-56.956957								error: Could not locate the first local maximum of the reduced return map.
0.318318	-56.956957								error: Could not locate the first local maximum of the reduced return map.
0.322322	-56.956957								error: Could not locate the first local maximum of the reduced return map.
0.326326	-56.956957								error: Could not locate the first local maximum of the reduced return map.
0.330330	-56.956957								error: Could not locate the first local maximum of the reduced return map.
0.334334	-56.956957								error: Could not locate the first local maximum of the reduced return map.
0.338338	-56.956957								error: Could not locate the first local maximum of the reduced return map.
0.342342	-56.956957								error: Could not locate the first local maximum of the reduced return map.
0.346346	-56.956957								error: Could not locate the first local maximum of the reduced return map.
0.350350	-56.956957								error: Could not locate the first local maximum of the reduced return map.
0.354354	-56.956957								error: Could not locate the first local maximum of the reduced return map.
0.358358	-56.956957								error: Could not locate the first local maximum of the reduced return map.
0.362362	-56.956957								error: Could not locate the first local maximum of the reduced return map.
0.366366	-56.956957								error: Could not locate the first local maximum of the reduced return map.
0.370370	-56.956957								error: Could not locate the first local maximum of the reduced return map.
0.374374	-56.956957								error: Could not locate the first local maximum of the reduced return map.
0.378378	-56.956957								error: Could not locate the first local maximum of the reduced return map.
0.382382	-56.956957								error: Could not locate the first local maximum of the reduced return map.
0.386386	-56.956957								error: Could not locate the first local maximum of the reduced return map.
0.390390	-56.956957								error: Could not locate the first local maximum of the reduced return map.
0.394394	-56.956957								error: Could not locate the first local maximum of the reduced return map.
0.398398	-56.956957								error: Could not locate the first local maximum of the reduced return map.
0.402402	-56.956957								error: Could not locate the first local maximum of the reduced return map.
0.406406	-56.956957								error: Could not locate the first local maximum of the reduced return map.
0.410410	-56.956957								error: Could not locate the first local maximum of the reduced return map.
0.414414	-56.956957								error: Could not locate the first local maximum of the reduced return map.
0.418418	-56.956957								error: Could not locate the first local maximum of the reduced return map.
0.422422	-56.956957								error: Could not locate the first local maximum of the reduced return map.
0.426426	-56.956957								error: Could not locate the first local maximum of the reduced return map.
0.430430	-56.956957								error: Could not locate the first local maximum of the reduced return map.
0.434434	-56.956957								error: Could not locate the first local maximum of the reduced return map.
0.438438	-56.956957								error: Could not locate the first local maximum of the reduced return map.
0.442442	-56.956957								error: Could not locate the first local maximum of the reduced return map.
0.446446	-56.956957								error: Could not locate the first local maximum of the reduced return map.
0.450450	-56.956957								error: Could not locate the first local maximum of the reduced return map.
0.454454	-56.956957								error: Could not locate the first local maximum of the reduced return map.
0.458458	-56.956957								error: Could not locate the first local maximum of the reduced return map.
0.462462	-56.956957								error: Could not locate the first local maximum of the reduced return map.
0.466466	-56.956957								error: Could not locate the first local maximum of the reduced return map.
0.470470	-56.956957								error: Could not locate the first local maximum of the reduced return map.
0.474474	-56.956957								error: Could not locate the first local maximum of the reduced return map.
0.478478	-56.956957								error: Could not locate the first local maximum of the reduced return map.
0.482482	-56.956957								error: Could not locate the first local maximum of the reduced return map.
0.486486	-56.956957								error: Could not locate the first local maximum of the reduced return map.
0.490490	-56.956957								error: Could not locate the first local maximum of the reduced return map.
0.494494	-56.956957								error: Could not locate the first local maximum of the reduced return map.
0.498498	-56.956957								error: Could not locate the first local maximum of the reduced return map.
0.502503	-56.956957								error: Could not locate the first local maximum of the reduced return map.
0.506507	-56.956957								error: Could not locate the first local maximum of the reduced return map.
0.510511	-56.956957								error: Could not locate the first local maximum of the reduced return map.
0.514515	-56.956957								error: Could not locate the first local maximum of the reduced return map.
0.518519	-56.956957								error: Could not locate the first local maximum of the reduced return map.
0.522523	-56.956957								error: Could not locate the first local maximum of the reduced return map.
0.526527	-56.956957								error: Could not locate the first local maximum of the reduced return map.
0.530531	-56.956957								error: Could not locate the first local maximum of the reduced return map.
0.534535	-56.956957								error: Could not locate the first local maximum of the reduced return map.
0.538539	-56.956957								error: Could not locate the first local maximum of the reduced return map.
0.542543	-56.956957								error: Could not locate the first local maximum of the reduced return map.
0.546547	-56.956957								error: Could not locate the first local maximum of the reduced return map.
0.550551	-56.956957								error: Could not locate the first local maximum of the reduced return map.
0.554555	-56.956957								error: Could not locate the first local maximum of the reduced return map.
0.558559	-56.956957								error: Could not locate the first local maximum of the reduced return map.
0.562563	-56.956957								error: Could not locate the first local maximum of the reduced return map.
0.566567	-56.956957								error: Could not locate the first local maximum of the reduced return map.
0.570571	-56.956957								error: Could not locate the first local maximum of the reduced return map.
0.574575	-56.956957								error: Could not locate the first local maximum of the reduced return map.
0.578579	-56.956957								error: Could not locate the first local maximum of the reduced return map.
0.582583	-56.956957								error: Could not locate the first local maximum of the reduced return map.
0.586587	-56.956957								error: Could not locate the first local maximum of the reduced return map.
0.590591	-56.956957								error: Could not locate the first local maximum of the reduced return map.
0.594595	-56.956957								error: Could not locate the first local maximum of the reduced return map.
0.598599	-56.956957								error: Could not locate the first local maximum of the reduced return map.
0.602603	-56.956957								error: Could not locate the first local maximum of the reduced return map.
0.606607	-56.956957								error: Could not locate the first local maximum of the reduced return map.
0.610611	-56.956957								error: Could not locate the first local maximum of the reduced return map.
0.614615	-56.956957								error: Could not locate the first local maximum of the reduced return map.
0.618619	-56.956957								error: Could not locate the first local maximum of the reduced return map.
0.622623	-56.956957								error: Could not locate the first local maximum of the reduced return map.
0.626627	-56.956957								error: Could not locate the first local maximum of the reduced return map.
0.630631	-56.956957								error: Could not locate the first local maximum of the reduced return map.
0.634635	-56.956957								error: Could not locate the first local maximum of the reduced return map.
0.638639	-56.956957								error: Could not locate the first local maximum of the reduced return map.
0.642643	-56.956957								error: Could not locate the first local maximum of the reduced return map.
0.646647	-56.956957								error: Could not locate the first local maximum of the reduced return map.
0.650651	-56.956957								error: Could not locate the first local maximum of the reduced return map.
0.654655	-56.956957								error: Could not locate the first local maximum of the reduced return map.
0.658659	-56.956957								error: Could not locate the first local maximum of the reduced return map.
0.662663	-56.956957								error: Could not locate the first local maximum of the reduced return map.
0.666667	-56.956957								error: Could not locate the first local maximum of the reduced return map.
0.670671	-56.956957								error: Could not locate the first local maximum of the reduced return map.
0.674675	-56.956957								error: Could not locate the first local maximum of the reduced return map.
0.678679	-56.956957								error: Could not locate the first local maximum of the reduced return map.
0.682683	-56.956957								error: Could not locate the first local maximum of the reduced return map.
0.686687	-56.956957								error: Could not locate the first local maximum of the reduced return map.
0.690691	-56.956957								error: Could not locate the first local maximum of the reduced return map.
0.694695	-56.956957								error: Could not locate the first local maximum of the reduced return map.
0.698699	-56.956957								error: Could not locate the first local maximum of the reduced return map.
0.702703	-56.956957								error: Could not locate the first local maximum of the reduced return map.
0.706707	-56.956957								error: Could not locate the first local maximum of the reduced return map.
0.710711	-56.956957								error: Could not locate the first local maximum of the reduced return map.
0.714715	-56.956957								error: Could not locate the first local maximum of the reduced return map.
0.718719	-56.956957								error: Could not locate the first local maximum of the reduced return map.
0.722723	-56.956957								error: Could not locate the first local maximum of the reduced return map.
0.726727	-56.956957								error: Could not locate the first local maximum of the reduced return map.
0.730731	-56.956957								error: Could not locate the first local maximum of the reduced return map.
0.734735	-56.956957								error: Could not locate the first local maximum of the reduced return map.
0.738739	-56.956957								error: Could not locate the first local maximum of the reduced return map.
0.742743	-56.956957								error: Could not locate the first local maximum of the reduced return map.
0.746747	-56.956957								error: Could not locate the first local maximum of the reduced return map.
0.750751	-56.956957								error: Could not locate the first local maximum of the reduced return map.
0.754755	-56.956957								error: Could not locate the first local maximum of the reduced return map.
0.758759	-56.956957								error: Could not locate the first local maximum of the reduced return map.
0.762763	-56.956957								error: Could not locate the first local maximum of the reduced return map.
0.766767	-56.956957								error: Could not locate the first local maximum of the reduced return map.
0.770771	-56.956957								error: Could not locate the first local maximum of the reduced return map.
0.774775	-56.956957								error: Could not locate the first local maximum of the reduced return map.
0.778779	-56.956957								error: Could not locate the first local maximum of the reduced return map.
0.782783	-56.956957								error: Could not locate the first local maximum of the reduced return map.
0.786787	-56.956957								error: Could not locate the first local maximum of the reduced return map.
0.790791	-56.956957								error: Could not locate the first local maximum of the reduced return map.
0.794795	-56.956957								error: Could not locate the first local maximum of the reduced return map.
0.798799	-56.956957								error: Could not locate the first local maximum of the reduced return map.
0.802803	-56.956957								error: Could not locate the first local maximum of the reduced return map.
0.806807	-56.956957								error: Could not locate the first local maximum of the reduced return map.
0.810811	-56.956957								error: Could not locate the first local maximum of the reduced return map.
0.814815	-56.956957								error: Could not locate the first local maximum of the reduced return map.
0.818819	-56.956957								error: Could not locate the first local maximum of the reduced return map.
0.822823	-56.956957								error: Could not locate the first local maximum of the reduced return map.
0.826827	-56.956957								error: Could not locate the first local maximum of the reduced return map.
0.830831	-56.956957								error: Could not locate the first local maximum of the reduced return map.
0.834835	-56.956957								error: Could not locate the first local maximum of the reduced return map.
0.838839	-56.956957								error: Could not locate the first local maximum of the reduced return map.
0.842843	-56.956957								error: Could not locate the first local maximum of the reduced return map.
0.846847	-56.956957								error: Could not locate the first local maximum of the reduced return map.
0.850851	-56.956957								error: Could not locate the first local maximum of the reduced return map.
0.854855	-56.956957								error: Could not locate the first local maximum of the reduced return map.
0.858859	-56.956957								error: Could not locate the first local maximum of the reduced return map.
0.862863	-56.956957								error: Could not locate the first local maximum of the reduced return map.
0.866867	-56.956957								error: Could not locate the first local maximum of the reduced return map.
0.870871	-56.956957								error: Could not locate the first local maximum of the reduced return map.
0.874875	-56.956957								error: Could not locate the first local maximum of the reduced return map.
0.878879	-56.956957								error: Could not locate the first local maximum of the reduced return map.
0.882883	-56.956957								error: Could not locate the first local maximum of the reduced return map.
0.886887	-56.956957								error: Could not locate the first local maximum of the reduced return map.
0.890891	-56.956957								error: Could not locate the first local maximum of the reduced return map.
0.894895	-56.956957								error: Could not locate the first local maximum of the reduced return map.
0.898899	-56.956957								error: Could not locate the first local maximum of the reduced return map.
0.902903	-56.956957								error: Could not locate the first local maximum of the reduced return map.
0.906907	-56.956957								error: Could not locate the first local maximum of the reduced return map.
0.910911	-56.956957								error: Could not locate the first local maximum of the reduced return map.
0.914915	-56.956957								error: Could not locate the first local maximum of the reduced return map.
0.918919	-56.956957								error: Could not locate the first local maximum of the reduced return map.
0.922923	-56.956957								error: Could not locate the first local maximum of the reduced return map.
0.926927	-56.956957								error: Could not locate the first local maximum of the reduced return map.
0.930931	-56.956957								error: Could not locate the first local maximum of the reduced return map.
0.934935	-56.956957								error: Could not locate the first local maximum of the reduced return map.
0.938939	-56.956957								error: Could not locate the first local maximum of the reduced return map.
0.942943	-56.956957								error: Could not locate the first local maximum of the reduced return map.
0.946947	-56.956957								error: Could not locate the first local maximum of the reduced return map.
0.950951	-56.956957								error: Could not locate the first local maximum of the reduced return map.
0.954955	-56.956957								error: Could not locate the first local maximum of the reduced return map.
0.958959	-56.956957								error: Could not locate the first local maximum of the reduced return map.
0.962963	-56.956957								error: Could not locate the first local maximum of the reduced return map.
0.966967	-56.956957								error: Could not locate the first local maximum of the reduced return map.
0.970971	-56.956957								error: Could not locate the first local maximum of the reduced return map.
0.974975	-56.956957								error: Could not locate the first local maximum of the reduced return map.
0.978979	-56.956957								error: Could not locate the first local maximum of the reduced return map.
0.982983	-56.956957								error: Could not locate the first local maximum of the reduced return map.
0.986987	-56.956957								error: Could not locate the first local maximum of the reduced return map.
0.990991	-56.956957								error: Could not locate the first local maximum of the reduced return map.
0.994995	-56.956957								error: Could not locate the first local maximum of the reduced return map.
0.998999	-56.956957								error: Could not locate the first local maximum of the reduced return map.
1.003003	-56.956957								error: Could not locate the first local maximum of the reduced return map.
1.007007	-56.956957								error: Could not locate the first local maximum of the reduced return map.
1.011011	-56.956957								error: Could not locate the first local maximum of the reduced return map.
1.015015	-56.956957								error: Could not locate the first local maximum of the reduced return map.
1.019019	-56.956957								error: Could not locate the first local maximum of the reduced return map.
1.023023	-56.956957								error: Could not locate the first local maximum of the reduced return map.
1.027027	-56.956957								error: Could not locate the first local maximum of the reduced return map.
1.031031	-56.956957								error: Could not locate the first local maximum of the reduced return map.
1.035035	-56.956957								error: Could not locate the first local maximum of the reduced return map.
1.039039	-56.956957								error: Could not locate the first local maximum of the reduced return map.
1.043043	-56.956957								error: Could not locate the first local maximum of the reduced return map.
1.047047	-56.956957								error: Could not locate the first local maximum of the reduced return map.
1.051051	-56.956957								error: Could not locate the first local maximum of the reduced return map.
1.055055	-56.956957								error: Could not locate the first local maximum of the reduced return map.
1.059059	-56.956957								error: Could not locate the first local maximum of the reduced return map.
1.063063	-56.956957								error: Could not locate the first local maximum of the reduced return map.
1.067067	-56.956957								error: Could not locate the first local maximum of the reduced return map.
1.071071	-56.956957								error: Could not locate the first local maximum of the reduced return map.
1.075075	-56.956957								error: Could not locate the first local maximum of the reduced return map.
1.079079	-56.956957								error: Could not locate the first local maximum of the reduced return map.
1.083083	-56.956957								error: Could not locate the first local maximum of the reduced return map.
1.087087	-56.956957								error: Could not locate the first local maximum of the reduced return map.
1.091091	-56.956957								error: Could not locate the first local maximum of the reduced return map.
1.095095	-56.956957								error: Could not locate the first local maximum of the reduced return map.
1.099099	-56.956957								error: Could not locate the first local maximum of the reduced return map.
1.103103	-56.956957								error: Could not locate the first local maximum of the reduced return map.
1.107107	-56.956957								error: Could not locate the first local maximum of the reduced return map.
1.111111	-56.956957								error: Could not locate the first local maximum of the reduced return map.
1.115115	-56.956957								error: Could not locate the first local maximum of the reduced return map.
1.119119	-56.956957								error: Could not locate the first local maximum of the reduced return map.
1.123123	-56.956957								error: Could not locate the first local maximum of the reduced return map.
1.127127	-56.956957								error: Could not locate the first local maximum of the reduced return map.
1.131131	-56.956957								error: Could not locate the first local maximum of the reduced return map.
1.135135	-56.956957								error: Could not locate the first local maximum of the reduced return map.
1.139139	-56.956957								error: Could not locate the first local maximum of the reduced return map.
1.143143	-56.956957								error: Could not locate the first local maximum of the reduced return map.
1.147147	-56.956957								error: Could not locate the first local maximum of the reduced return map.
1.151151	-56.956957								error: Could not locate the first local maximum of the reduced return map.
1.155155	-56.956957								error: Could not locate the first local maximum of the reduced return map.
1.159159	-56.956957								error: Could not locate the first local maximum of the reduced return map.
1.163163	-56.956957								error: Could not locate the first local maximum of the reduced return map.
1.167167	-56.956957								error: Could not locate the first local maximum of the reduced return map.
1.171171	-56.956957								error: Could not locate the first local maximum of the reduced return map.
1.175175	-56.956957								error: Could not locate the first local maximum of the reduced return map.
1.179179	-56.956957								error: Could not locate the first local maximum of the reduced return map.
1.183183	-56.956957								error: Could not locate the first local maximum of the reduced return map.
1.187187	-56.956957								error: Could not locate the first local maximum of the reduced return map.
1.191191	-56.956957								error: Could not locate the first local maximum of the reduced return map.
1.195195	-56.956957								error: Could not locate the first local maximum of the reduced return map.
1.199199	-56.956957								error: Could not locate the first local maximum of the reduced return map.
1.203203	-56.956957								error: Could not locate the first local maximum of the reduced return map.
1.207207	-56.956957								error: Could not locate the first local maximum of the reduced return map.
1.211211	-56.956957								error: Could not locate the first local maximum of the reduced return map.
1.215215	-56.956957								error: Could not locate the first local maximum of the reduced return map.
1.219219	-56.956957								error: Could not locate the first local maximum of the reduced return map.
1.223223	-56.956957								error: Could not locate the first local maximum of the reduced return map.
1.227227	-56.956957								error: Could not locate the first local maximum of the reduced return map.
1.231231	-56.956957								error: Could not locate the first local maximum of the reduced return map.
1.235235	-56.956957								error: Could not locate the first local maximum of the reduced return map.
1.239239	-56.956957								error: Could not locate the first local maximum of the reduced return map.
1.243243	-56.956957								error: Could not locate the first local maximum of the reduced return map.
1.247247	-56.956957								error: Could not locate the first local maximum of the reduced return map.
1.251251	-56.956957								error: Could not locate the first local maximum of the reduced return map.
1.255255	-56.956957								error: Could not locate the first local maximum of the reduced return map.
1.259259	-56.956957								error: Could not locate the first local maximum of the reduced return map.
1.263263	-56.956957								error: Could not locate the first local maximum of the reduced return map.
1.267267	-56.956957								error: Could not locate the first local maximum of the reduced return map.
1.271271	-56.956957								error: Could not locate the first local maximum of the reduced return map.
1.275275	-56.956957								error: Could not locate the first local maximum of the reduced return map.
1.279279	-56.956957								error: Could not locate the first local maximum of the reduced return map.
1.283283	-56.956957								error: Could not locate the first local maximum of the reduced return map.
1.287287	-56.956957								error: Could not locate the first local maximum of the reduced return map.
1.291291	-56.956957								error: Could not locate the first local maximum of the reduced return map.
1.295295	-56.956957								error: Could not locate the first local maximum of the reduced return map.
1.299299	-56.956957								error: Could not locate the first local maximum of the reduced return map.
1.303303	-56.956957								error: Could not locate the first local maximum of the reduced return map.
1.307307	-56.956957								error: Could not locate the first local maximum of the reduced return map.
1.311311	-56.956957								error: Could not locate the first local maximum of the reduced return map.
1.315315	-56.956957								error: Could not locate the first local maximum of the reduced return map.
1.319319	-56.956957								error: Could not locate the first local maximum of the reduced return map.
1.323323	-56.956957								error: Could not locate the first local maximum of the reduced return map.
1.327327	-56.956957								error: Could not locate the first local maximum of the reduced return map.
1.331331	-56.956957								error: Could not locate the first local maximum of the reduced return map.
1.335335	-56.956957								error: Could not locate the first local maximum of the reduced return map.
1.339339	-56.956957								error: Could not locate the first local maximum of the reduced return map.
1.343343	-56.956957								error: Could not locate the first local maximum of the reduced return map.
1.347347	-56.956957								error: Could not locate the first local maximum of the reduced return map.
1.351351	-56.956957								error: Could not locate the first local maximum of the reduced return map.
1.355355	-56.956957								error: Could not locate the first local maximum of the reduced return map.
1.359359	-56.956957								error: Could not locate the first local maximum of the reduced return map.
1.363363	-56.956957								error: Could not locate the first local maximum of the reduced return map.
1.367367	-56.956957								error: Could not locate the first local maximum of the reduced return map.
1.371371	-56.956957								error: Could not locate the first local maximum of the reduced return map.
1.375375	-56.956957								error: Could not locate the first local maximum of the reduced return map.
1.379379	-56.956957								error: Could not locate the first local maximum of the reduced return map.
1.383383	-56.956957								error: Could not locate the first local maximum of the reduced return map.
1.387387	-56.956957								error: Could not locate the first local maximum of the reduced return map.
1.391391	-56.956957								error: Could not locate the first local maximum of the reduced return map.
1.395395	-56.956957								error: Could not locate the first local maximum of the reduced return map.
1.399399	-56.956957								error: Could not locate the first local maximum of the reduced return map.
1.403403	-56.956957								error: Could not locate the first local maximum of the reduced return map.
1.407407	-56.956957								error: Could not locate the first local maximum of the reduced return map.
1.411411	-56.956957								error: Could not locate the first local maximum of the reduced return map.
1.415415	-56.956957								error: Could not locate the first local maximum of the reduced return map.
1.419419	-56.956957								error: Could not locate the first local maximum of the reduced return map.
1.423423	-56.956957								error: Could not locate the first local maximum of the reduced return map.
1.427427	-56.956957								error: Could not locate the first local maximum of the reduced return map.
1.431431	-56.956957								error: Could not locate the first local maximum of the reduced return map.
1.435435	-56.956957								error: Could not locate the first local maximum of the reduced return map.
1.439439	-56.956957								error: Could not locate the first local maximum of the reduced return map.
1.443443	-56.956957								error: Could not locate the first local maximum of the reduced return map.
1.447447	-56.956957								error: Could not locate the first local maximum of the reduced return map.
1.451451	-56.956957								error: Could not locate the first local maximum of the reduced return map.
1.455455	-56.956957								error: Could not locate the first local maximum of the reduced return map.
1.459459	-56.956957								error: Could not locate the first local maximum of the reduced return map.
1.463463	-56.956957								error: Could not locate the first local maximum of the reduced return map.
1.467467	-56.956957								error: Could not locate the first local maximum of the reduced return map.
1.471471	-56.956957								error: Could not locate the first local maximum of the reduced return map.
1.475475	-56.956957								error: Could not locate the first local maximum of the reduced return map.
1.479479	-56.956957								error: Could not locate the first local maximum of the reduced return map.
1.483483	-56.956957								error: Could not locate the first local maximum of the reduced return map.
1.487487	-56.956957								error: Could not locate the first local maximum of the reduced return map.
1.491491	-56.956957								error: Could not locate the first local maximum of the reduced return map.
1.495495	-56.956957								error: Could not locate the first local maximum of the reduced return map.
1.499499	-56.956957								error: Could not locate the first local maximum of the reduced return map.
1.503504	-56.956957								error: Could not locate the first local maximum of the reduced return map.
1.507508	-56.956957								error: Could not locate the first local maximum of the reduced return map.
1.511512	-56.956957								error: Could not locate the first local maximum of the reduced return map.
1.515516	-56.956957								error: Could not locate the first local maximum of the reduced return map.
1.519520	-56.956957								error: Could not locate the first local maximum of the reduced return map.
1.523524	-56.956957								error: Could not locate the first local maximum of the reduced return map.
1.527528	-56.956957								error: Could not locate the first local maximum of the reduced return map.
1.531532	-56.956957								error: Could not locate the first local maximum of the reduced return map.
1.535536	-56.956957								error: Could not locate the first local maximum of the reduced return map.
1.539540	-56.956957								error: Could not locate the first local maximum of the reduced return map.
1.543544	-56.956957								error: Could not locate the first local maximum of the reduced return map.
1.547548	-56.956957								error: Could not locate the first local maximum of the reduced return map.
1.551552	-56.956957								error: Could not locate the first local maximum of the reduced return map.
1.555556	-56.956957								error: Could not locate the first local maximum of the reduced return map.
1.559560	-56.956957								error: Could not locate the first local maximum of the reduced return map.
1.563564	-56.956957								error: Could not locate the first local maximum of the reduced return map.
1.567568	-56.956957								error: Could not locate the first local maximum of the reduced return map.
1.571572	-56.956957								error: Could not locate the first local maximum of the reduced return map.
1.575576	-56.956957								error: Could not locate the first local maximum of the reduced return map.
1.579580	-56.956957								error: Could not locate the first local maximum of the reduced return map.
1.583584	-56.956957								error: Could not locate the first local maximum of the reduced return map.
1.587588	-56.956957								error: Could not locate the first local maximum of the reduced return map.
1.591592	-56.956957								error: Could not locate the first local maximum of the reduced return map.
1.595596	-56.956957								error: Could not locate the first local maximum of the reduced return map.
1.599600	-56.956957								error: Could not locate the first local maximum of the reduced return map.
1.603604	-56.956957								error: Could not locate the first local maximum of the reduced return map.
1.607608	-56.956957								error: Could not locate the first local maximum of the reduced return map.
1.611612	-56.956957								error: Could not locate the first local maximum of the reduced return map.
1.615616	-56.956957								error: Could not locate the first local maximum of the reduced return map.
1.619620	-56.956957								error: Could not locate the first local maximum of the reduced return map.
1.623624	-56.956957								error: Could not locate the first local maximum of the reduced return map.
1.627628	-56.956957								error: Could not locate the first local maximum of the reduced return map.
1.631632	-56.956957								error: Could not locate the first local maximum of the reduced return map.
1.635636	-56.956957								error: Could not locate the first local maximum of the reduced return map.
1.639640	-56.956957								error: Could not locate the first local maximum of the reduced return map.
1.643644	-56.956957								error: Could not locate the first local maximum of the reduced return map.
1.647648	-56.956957								error: Could not locate the first local maximum of the reduced return map.
1.651652	-56.956957								error: Could not locate the first local maximum of the reduced return map.
1.655656	-56.956957								error: Could not locate the first local maximum of the reduced return map.
1.659660	-56.956957								error: Could not locate the first local maximum of the reduced return map.
1.663664	-56.956957								error: Could not locate the first local maximum of the reduced return map.
1.667668	-56.956957								error: Could not locate the first local maximum of the reduced return map.
1.671672	-56.956957								error: Could not locate the first local maximum of the reduced return map.
1.675676	-56.956957								error: Could not locate the first local maximum of the reduced return map.
1.679680	-56.956957								error: Could not locate the first local maximum of the reduced return map.
1.683684	-56.956957								error: Could not locate the first local maximum of the reduced return map.
1.687688	-56.956957								error: Could not locate the first local maximum of the reduced return map.
1.691692	-56.956957								error: Could not locate the first local maximum of the reduced return map.
1.695696	-56.956957								error: Could not locate the first local maximum of the reduced return map.
1.699700	-56.956957								error: Could not locate the first local maximum of the reduced return map.
1.703704	-56.956957								error: Could not locate the first local maximum of the reduced return map.
1.707708	-56.956957								error: Could not locate the first local maximum of the reduced return map.
1.711712	-56.956957								error: Could not locate the first local maximum of the reduced return map.
1.715716	-56.956957								error: Could not locate the first local maximum of the reduced return map.
1.719720	-56.956957								error: Could not locate the first local maximum of the reduced return map.
1.723724	-56.956957								error: Could not locate the first local maximum of the reduced return map.
1.727728	-56.956957								error: Could not locate the first local maximum of the reduced return map.
1.731732	-56.956957								error: Could not locate the first local maximum of the reduced return map.
1.735736	-56.956957								error: Could not locate the first local maximum of the reduced return map.
1.739740	-56.956957								error: Could not locate the first local maximum of the reduced return map.
1.743744	-56.956957								error: Could not locate the first local maximum of the reduced return map.
1.747748	-56.956957								error: Could not locate the first local maximum of the reduced return map.
1.751752	-56.956957								error: Could not locate the first local maximum of the reduced return map.
1.755756	-56.956957								error: Could not locate the first local maximum of the reduced return map.
1.759760	-56.956957								error: Could not locate the first local maximum of the reduced return map.
1.763764	-56.956957								error: Could not locate the first local maximum of the reduced return map.
1.767768	-56.956957								error: Could not locate the first local maximum of the reduced return map.
1.771772	-56.956957								error: Could not locate the first local maximum of the reduced return map.
1.775776	-56.956957								error: Could not locate the first local maximum of the reduced return map.
1.779780	-56.956957								error: Could not locate the first local maximum of the reduced return map.
1.783784	-56.956957								error: Could not locate the first local maximum of the reduced return map.
1.787788	-56.956957								error: Could not locate the first local maximum of the reduced return map.
1.791792	-56.956957								error: Could not locate the first local maximum of the reduced return map.
1.795796	-56.956957								error: Could not locate the first local maximum of the reduced return map.
1.799800	-56.956957								error: Could not locate the first local maximum of the reduced return map.
1.803804	-56.956957								error: Could not locate the first local maximum of the reduced return map.
1.807808	-56.956957								error: Could not locate the first local maximum of the reduced return map.
1.811812	-56.956957								error: Could not locate the first local maximum of the reduced return map.
1.815816	-56.956957								error: Could not locate the first local maximum of the reduced return map.
1.819820	-56.956957								error: Could not locate the first local maximum of the reduced return map.
1.823824	-56.956957								error: Could not locate the first local maximum of the reduced return map.
1.827828	-56.956957								error: Could not locate the first local maximum of the reduced return map.
1.831832	-56.956957								error: Could not locate the first local maximum of the reduced return map.
1.835836	-56.956957								error: Could not locate the first local maximum of the reduced return map.
1.839840	-56.956957								error: Could not locate the first local maximum of the reduced return map.
1.843844	-56.956957								error: Could not locate the first local maximum of the reduced return map.
1.847848	-56.956957								error: Could not locate the first local maximum of the reduced return map.
1.851852	-56.956957								error: Could not locate the first local maximum of the reduced return map.
1.855856	-56.956957								error: Could not locate the first local maximum of the reduced return map.
1.859860	-56.956957								error: Could not locate the first local maximum of the reduced return map.
1.863864	-56.956957								error: Could not locate the first local maximum of the reduced return map.
1.867868	-56.956957								error: Could not locate the first local maximum of the reduced return map.
1.871872	-56.956957								error: Could not locate the first local maximum of the reduced return map.
1.875876	-56.956957								error: Could not locate the first local maximum of the reduced return map.
1.879880	-56.956957								error: Could not locate the first local maximum of the reduced return map.
1.883884	-56.956957								error: Could not locate the first local maximum of the reduced return map.
1.887888	-56.956957								error: Could not locate the first local maximum of the reduced return map.
1.891892	-56.956957								error: Could not locate the first local maximum of the reduced return map.
1.895896	-56.956957								error: Could not locate the first local maximum of the reduced return map.
1.899900	-56.956957								error: Could not locate the first local maximum of the reduced return map.
1.903904	-56.956957								error: Could not locate the first local maximum of the reduced return map.
1.907908	-56.956957								error: Could not locate the first local maximum of the reduced return map.
1.911912	-56.956957								error: Could not locate the first local maximum of the reduced return map.
1.915916	-56.956957								error: Could not locate the first local maximum of the reduced return map.
1.919920	-56.956957								error: Could not locate the first local maximum of the reduced return map.
1.923924	-56.956957								error: Could not locate the first local maximum of the reduced return map.
1.927928	-56.956957								error: Could not locate the first local maximum of the reduced return map.
1.931932	-56.956957								error: Could not locate the first local maximum of the reduced return map.
1.935936	-56.956957								error: Could not locate the first local maximum of the reduced return map.
1.939940	-56.956957								error: Could not locate the first local maximum of the reduced return map.
1.943944	-56.956957								error: Could not locate the first local maximum of the reduced return map.
1.947948	-56.956957								error: Could not locate the first local maximum of the reduced return map.
1.951952	-56.956957								error: Could not locate the first local maximum of the reduced return map.
1.955956	-56.956957								error: Could not locate the first local maximum of the reduced return map.
1.959960	-56.956957								error: Could not locate the first local maximum of the reduced return map.
1.963964	-56.956957								error: Could not locate the first local maximum of the reduced return map.
1.967968	-56.956957								error: Could not locate the first local maximum of the reduced return map.
1.971972	-56.956957								error: Could not locate the first local maximum of the reduced return map.
1.975976	-56.956957								error: Could not locate the first local maximum of the reduced return map.
1.979980	-56.956957								error: Could not locate the first local maximum of the reduced return map.
1.983984	-56.956957								error: Could not locate the first local maximum of the reduced return map.
1.987988	-56.956957								error: Could not locate the first local maximum of the reduced return map.
1.991992	-56.956957								error: Could not locate the first local maximum of the reduced return map.
1.995996	-56.956957								error: Could not locate the first local maximum of the reduced return map.
2.000000	-56.956957								error: Could not locate the first local maximum of the reduced return map.
