Running attempt-040 angle-secant-seeded |x|-max contour sweep with seam diagnostics.
Output tag: grid500_branch16_attractorseed_anglesecantdiag_floworth_absx_plot8_shimizu_morioka_cpu
Threads: 32
Grid: 500 x 500
Stored iterates: 16, overlay range: 2:8
'znver5' is not a recognized processor for this target (ignoring processor)
'znver5' is not a recognized processor for this target (ignoring processor)
Running attempt-040 Shimizu-Morioka angle-secant-seeded |x|-max contour scan with seam diagnostics.
Grid: 500 alpha points × 500 lambda points
Threads: 32, max event iterates: 16
Overlay iterates: 2:8
Lambda traversal within each alpha column: descending
Critical reseed period within each alpha column: 500
Local corrector: x-only safeguarded secant on the eigendirection-angle derivative
Diagnostic overlay: full reseeds vs scan fallback/unbracketed points vs large x jumps
Sweep dir: /home/guest_coder/github/repos/hinsley/MultimodalMaps.jl/kneading/experiment/attempt-040/grid500_branch16_attractorseed_anglesecantdiag_floworth_absx_plot8_shimizu_morioka_cpu_columns
  Activating project at `~/github/repos/hinsley/MultimodalMaps.jl`
  Activating project at `~/github/repos/hinsley/MultimodalMaps.jl`
┌ Warning: At t=772.147689743688, dt was forced below floating point epsilon 1.1368683772161603e-13, and step error estimate = NaN. Aborting. There is either an error in your model specification or the true solution is unstable (or the true solution can not be represented in the precision of Float64).
└ @ SciMLBase ~/.julia/packages/SciMLBase/4MHGc/src/integrator_interface.jl:671
┌ Warning: At t=771.302475369911, dt was forced below floating point epsilon 1.1368683772161603e-13, and step error estimate = NaN. Aborting. There is either an error in your model specification or the true solution is unstable (or the true solution can not be represented in the precision of Float64).
└ @ SciMLBase ~/.julia/packages/SciMLBase/4MHGc/src/integrator_interface.jl:671
┌ Warning: At t=770.4576095522265, dt was forced below floating point epsilon 1.1368683772161603e-13, and step error estimate = NaN. Aborting. There is either an error in your model specification or the true solution is unstable (or the true solution can not be represented in the precision of Float64).
└ @ SciMLBase ~/.julia/packages/SciMLBase/4MHGc/src/integrator_interface.jl:671
┌ Warning: At t=769.6130930060625, dt was forced below floating point epsilon 1.1368683772161603e-13, and step error estimate = NaN. Aborting. There is either an error in your model specification or the true solution is unstable (or the true solution can not be represented in the precision of Float64).
└ @ SciMLBase ~/.julia/packages/SciMLBase/4MHGc/src/integrator_interface.jl:671
┌ Warning: At t=768.7689264480332, dt was forced below floating point epsilon 1.1368683772161603e-13, and step error estimate = NaN. Aborting. There is either an error in your model specification or the true solution is unstable (or the true solution can not be represented in the precision of Float64).
└ @ SciMLBase ~/.julia/packages/SciMLBase/4MHGc/src/integrator_interface.jl:671
┌ Warning: At t=767.9251105959362, dt was forced below floating point epsilon 1.1368683772161603e-13, and step error estimate = NaN. Aborting. There is either an error in your model specification or the true solution is unstable (or the true solution can not be represented in the precision of Float64).
└ @ SciMLBase ~/.julia/packages/SciMLBase/4MHGc/src/integrator_interface.jl:671
┌ Warning: At t=767.0816461687538, dt was forced below floating point epsilon 1.1368683772161603e-13, and step error estimate = NaN. Aborting. There is either an error in your model specification or the true solution is unstable (or the true solution can not be represented in the precision of Float64).
└ @ SciMLBase ~/.julia/packages/SciMLBase/4MHGc/src/integrator_interface.jl:671
┌ Warning: At t=766.2385338866515, dt was forced below floating point epsilon 1.1368683772161603e-13, and step error estimate = NaN. Aborting. There is either an error in your model specification or the true solution is unstable (or the true solution can not be represented in the precision of Float64).
└ @ SciMLBase ~/.julia/packages/SciMLBase/4MHGc/src/integrator_interface.jl:671
┌ Warning: At t=765.3957744709734, dt was forced below floating point epsilon 1.1368683772161603e-13, and step error estimate = NaN. Aborting. There is either an error in your model specification or the true solution is unstable (or the true solution can not be represented in the precision of Float64).
└ @ SciMLBase ~/.julia/packages/SciMLBase/4MHGc/src/integrator_interface.jl:671
┌ Warning: At t=764.5533686442452, dt was forced below floating point epsilon 1.1368683772161603e-13, and step error estimate = NaN. Aborting. There is either an error in your model specification or the true solution is unstable (or the true solution can not be represented in the precision of Float64).
└ @ SciMLBase ~/.julia/packages/SciMLBase/4MHGc/src/integrator_interface.jl:671
┌ Warning: At t=763.7113171301704, dt was forced below floating point epsilon 1.1368683772161603e-13, and step error estimate = NaN. Aborting. There is either an error in your model specification or the true solution is unstable (or the true solution can not be represented in the precision of Float64).
└ @ SciMLBase ~/.julia/packages/SciMLBase/4MHGc/src/integrator_interface.jl:671
┌ Warning: At t=762.8696206536284, dt was forced below floating point epsilon 1.1368683772161603e-13, and step error estimate = NaN. Aborting. There is either an error in your model specification or the true solution is unstable (or the true solution can not be represented in the precision of Float64).
└ @ SciMLBase ~/.julia/packages/SciMLBase/4MHGc/src/integrator_interface.jl:671
┌ Warning: At t=762.0282799406757, dt was forced below floating point epsilon 1.1368683772161603e-13, and step error estimate = NaN. Aborting. There is either an error in your model specification or the true solution is unstable (or the true solution can not be represented in the precision of Float64).
└ @ SciMLBase ~/.julia/packages/SciMLBase/4MHGc/src/integrator_interface.jl:671
┌ Warning: At t=761.1872957185406, dt was forced below floating point epsilon 1.1368683772161603e-13, and step error estimate = NaN. Aborting. There is either an error in your model specification or the true solution is unstable (or the true solution can not be represented in the precision of Float64).
└ @ SciMLBase ~/.julia/packages/SciMLBase/4MHGc/src/integrator_interface.jl:671
┌ Warning: At t=760.3466687156264, dt was forced below floating point epsilon 1.1368683772161603e-13, and step error estimate = NaN. Aborting. There is either an error in your model specification or the true solution is unstable (or the true solution can not be represented in the precision of Float64).
└ @ SciMLBase ~/.julia/packages/SciMLBase/4MHGc/src/integrator_interface.jl:671
┌ Warning: At t=759.5063996615054, dt was forced below floating point epsilon 1.1368683772161603e-13, and step error estimate = NaN. Aborting. There is either an error in your model specification or the true solution is unstable (or the true solution can not be represented in the precision of Float64).
└ @ SciMLBase ~/.julia/packages/SciMLBase/4MHGc/src/integrator_interface.jl:671
┌ Warning: At t=758.6664892869193, dt was forced below floating point epsilon 1.1368683772161603e-13, and step error estimate = NaN. Aborting. There is either an error in your model specification or the true solution is unstable (or the true solution can not be represented in the precision of Float64).
└ @ SciMLBase ~/.julia/packages/SciMLBase/4MHGc/src/integrator_interface.jl:671
┌ Warning: At t=757.8269383237794, dt was forced below floating point epsilon 1.1368683772161603e-13, and step error estimate = NaN. Aborting. There is either an error in your model specification or the true solution is unstable (or the true solution can not be represented in the precision of Float64).
└ @ SciMLBase ~/.julia/packages/SciMLBase/4MHGc/src/integrator_interface.jl:671
┌ Warning: At t=756.9877475051612, dt was forced below floating point epsilon 1.1368683772161603e-13, and step error estimate = NaN. Aborting. There is either an error in your model specification or the true solution is unstable (or the true solution can not be represented in the precision of Float64).
└ @ SciMLBase ~/.julia/packages/SciMLBase/4MHGc/src/integrator_interface.jl:671
┌ Warning: At t=756.1489175653049, dt was forced below floating point epsilon 1.1368683772161603e-13, and step error estimate = NaN. Aborting. There is either an error in your model specification or the true solution is unstable (or the true solution can not be represented in the precision of Float64).
└ @ SciMLBase ~/.julia/packages/SciMLBase/4MHGc/src/integrator_interface.jl:671
┌ Warning: At t=755.3104492396144, dt was forced below floating point epsilon 1.1368683772161603e-13, and step error estimate = NaN. Aborting. There is either an error in your model specification or the true solution is unstable (or the true solution can not be represented in the precision of Float64).
└ @ SciMLBase ~/.julia/packages/SciMLBase/4MHGc/src/integrator_interface.jl:671
┌ Warning: At t=754.4723432646543, dt was forced below floating point epsilon 1.1368683772161603e-13, and step error estimate = NaN. Aborting. There is either an error in your model specification or the true solution is unstable (or the true solution can not be represented in the precision of Float64).
└ @ SciMLBase ~/.julia/packages/SciMLBase/4MHGc/src/integrator_interface.jl:671
┌ Warning: At t=753.6346003781478, dt was forced below floating point epsilon 1.1368683772161603e-13, and step error estimate = NaN. Aborting. There is either an error in your model specification or the true solution is unstable (or the true solution can not be represented in the precision of Float64).
└ @ SciMLBase ~/.julia/packages/SciMLBase/4MHGc/src/integrator_interface.jl:671
┌ Warning: At t=752.7972213189764, dt was forced below floating point epsilon 1.1368683772161603e-13, and step error estimate = NaN. Aborting. There is either an error in your model specification or the true solution is unstable (or the true solution can not be represented in the precision of Float64).
└ @ SciMLBase ~/.julia/packages/SciMLBase/4MHGc/src/integrator_interface.jl:671
┌ Warning: At t=751.9602068271782, dt was forced below floating point epsilon 1.1368683772161603e-13, and step error estimate = NaN. Aborting. There is either an error in your model specification or the true solution is unstable (or the true solution can not be represented in the precision of Float64).
└ @ SciMLBase ~/.julia/packages/SciMLBase/4MHGc/src/integrator_interface.jl:671
┌ Warning: At t=751.1235576439426, dt was forced below floating point epsilon 1.1368683772161603e-13, and step error estimate = NaN. Aborting. There is either an error in your model specification or the true solution is unstable (or the true solution can not be represented in the precision of Float64).
└ @ SciMLBase ~/.julia/packages/SciMLBase/4MHGc/src/integrator_interface.jl:671
┌ Warning: At t=750.2872745116134, dt was forced below floating point epsilon 1.1368683772161603e-13, and step error estimate = NaN. Aborting. There is either an error in your model specification or the true solution is unstable (or the true solution can not be represented in the precision of Float64).
└ @ SciMLBase ~/.julia/packages/SciMLBase/4MHGc/src/integrator_interface.jl:671
┌ Warning: At t=749.4513581736841, dt was forced below floating point epsilon 1.1368683772161603e-13, and step error estimate = NaN. Aborting. There is either an error in your model specification or the true solution is unstable (or the true solution can not be represented in the precision of Float64).
└ @ SciMLBase ~/.julia/packages/SciMLBase/4MHGc/src/integrator_interface.jl:671
┌ Warning: At t=748.6158093747944, dt was forced below floating point epsilon 1.1368683772161603e-13, and step error estimate = NaN. Aborting. There is either an error in your model specification or the true solution is unstable (or the true solution can not be represented in the precision of Float64).
└ @ SciMLBase ~/.julia/packages/SciMLBase/4MHGc/src/integrator_interface.jl:671
┌ Warning: At t=747.7806288607336, dt was forced below floating point epsilon 1.1368683772161603e-13, and step error estimate = NaN. Aborting. There is either an error in your model specification or the true solution is unstable (or the true solution can not be represented in the precision of Float64).
└ @ SciMLBase ~/.julia/packages/SciMLBase/4MHGc/src/integrator_interface.jl:671
┌ Warning: At t=746.9458173784311, dt was forced below floating point epsilon 1.1368683772161603e-13, and step error estimate = NaN. Aborting. There is either an error in your model specification or the true solution is unstable (or the true solution can not be represented in the precision of Float64).
└ @ SciMLBase ~/.julia/packages/SciMLBase/4MHGc/src/integrator_interface.jl:671
┌ Warning: At t=746.1113756759621, dt was forced below floating point epsilon 1.1368683772161603e-13, and step error estimate = NaN. Aborting. There is either an error in your model specification or the true solution is unstable (or the true solution can not be represented in the precision of Float64).
└ @ SciMLBase ~/.julia/packages/SciMLBase/4MHGc/src/integrator_interface.jl:671
┌ Warning: At t=745.2773045025386, dt was forced below floating point epsilon 1.1368683772161603e-13, and step error estimate = NaN. Aborting. There is either an error in your model specification or the true solution is unstable (or the true solution can not be represented in the precision of Float64).
└ @ SciMLBase ~/.julia/packages/SciMLBase/4MHGc/src/integrator_interface.jl:671
┌ Warning: At t=744.4436046085133, dt was forced below floating point epsilon 1.1368683772161603e-13, and step error estimate = NaN. Aborting. There is either an error in your model specification or the true solution is unstable (or the true solution can not be represented in the precision of Float64).
└ @ SciMLBase ~/.julia/packages/SciMLBase/4MHGc/src/integrator_interface.jl:671
┌ Warning: At t=743.6102767453732, dt was forced below floating point epsilon 1.1368683772161603e-13, and step error estimate = NaN. Aborting. There is either an error in your model specification or the true solution is unstable (or the true solution can not be represented in the precision of Float64).
└ @ SciMLBase ~/.julia/packages/SciMLBase/4MHGc/src/integrator_interface.jl:671
┌ Warning: At t=742.7773216657384, dt was forced below floating point epsilon 1.1368683772161603e-13, and step error estimate = NaN. Aborting. There is either an error in your model specification or the true solution is unstable (or the true solution can not be represented in the precision of Float64).
└ @ SciMLBase ~/.julia/packages/SciMLBase/4MHGc/src/integrator_interface.jl:671
┌ Warning: At t=741.9447401233615, dt was forced below floating point epsilon 1.1368683772161603e-13, and step error estimate = NaN. Aborting. There is either an error in your model specification or the true solution is unstable (or the true solution can not be represented in the precision of Float64).
└ @ SciMLBase ~/.julia/packages/SciMLBase/4MHGc/src/integrator_interface.jl:671
┌ Warning: At t=741.1125328731235, dt was forced below floating point epsilon 1.1368683772161603e-13, and step error estimate = NaN. Aborting. There is either an error in your model specification or the true solution is unstable (or the true solution can not be represented in the precision of Float64).
└ @ SciMLBase ~/.julia/packages/SciMLBase/4MHGc/src/integrator_interface.jl:671
┌ Warning: At t=740.2807006710323, dt was forced below floating point epsilon 1.1368683772161603e-13, and step error estimate = NaN. Aborting. There is either an error in your model specification or the true solution is unstable (or the true solution can not be represented in the precision of Float64).
└ @ SciMLBase ~/.julia/packages/SciMLBase/4MHGc/src/integrator_interface.jl:671
┌ Warning: At t=739.4492442742206, dt was forced below floating point epsilon 1.1368683772161603e-13, and step error estimate = NaN. Aborting. There is either an error in your model specification or the true solution is unstable (or the true solution can not be represented in the precision of Float64).
└ @ SciMLBase ~/.julia/packages/SciMLBase/4MHGc/src/integrator_interface.jl:671
┌ Warning: At t=738.6181644409419, dt was forced below floating point epsilon 1.1368683772161603e-13, and step error estimate = NaN. Aborting. There is either an error in your model specification or the true solution is unstable (or the true solution can not be represented in the precision of Float64).
└ @ SciMLBase ~/.julia/packages/SciMLBase/4MHGc/src/integrator_interface.jl:671
┌ Warning: At t=737.7874619305719, dt was forced below floating point epsilon 1.1368683772161603e-13, and step error estimate = NaN. Aborting. There is either an error in your model specification or the true solution is unstable (or the true solution can not be represented in the precision of Float64).
└ @ SciMLBase ~/.julia/packages/SciMLBase/4MHGc/src/integrator_interface.jl:671
┌ Warning: At t=736.9571375036016, dt was forced below floating point epsilon 1.1368683772161603e-13, and step error estimate = NaN. Aborting. There is either an error in your model specification or the true solution is unstable (or the true solution can not be represented in the precision of Float64).
└ @ SciMLBase ~/.julia/packages/SciMLBase/4MHGc/src/integrator_interface.jl:671
┌ Warning: At t=736.1271919216368, dt was forced below floating point epsilon 1.1368683772161603e-13, and step error estimate = NaN. Aborting. There is either an error in your model specification or the true solution is unstable (or the true solution can not be represented in the precision of Float64).
└ @ SciMLBase ~/.julia/packages/SciMLBase/4MHGc/src/integrator_interface.jl:671
┌ Warning: At t=735.2976259473963, dt was forced below floating point epsilon 1.1368683772161603e-13, and step error estimate = NaN. Aborting. There is either an error in your model specification or the true solution is unstable (or the true solution can not be represented in the precision of Float64).
└ @ SciMLBase ~/.julia/packages/SciMLBase/4MHGc/src/integrator_interface.jl:671
┌ Warning: At t=734.4684403447098, dt was forced below floating point epsilon 1.1368683772161603e-13, and step error estimate = NaN. Aborting. There is either an error in your model specification or the true solution is unstable (or the true solution can not be represented in the precision of Float64).
└ @ SciMLBase ~/.julia/packages/SciMLBase/4MHGc/src/integrator_interface.jl:671
┌ Warning: At t=733.6396358785106, dt was forced below floating point epsilon 1.1368683772161603e-13, and step error estimate = NaN. Aborting. There is either an error in your model specification or the true solution is unstable (or the true solution can not be represented in the precision of Float64).
└ @ SciMLBase ~/.julia/packages/SciMLBase/4MHGc/src/integrator_interface.jl:671
┌ Warning: At t=732.8112133148408, dt was forced below floating point epsilon 1.1368683772161603e-13, and step error estimate = NaN. Aborting. There is either an error in your model specification or the true solution is unstable (or the true solution can not be represented in the precision of Float64).
└ @ SciMLBase ~/.julia/packages/SciMLBase/4MHGc/src/integrator_interface.jl:671
┌ Warning: At t=731.983173420841, dt was forced below floating point epsilon 1.1368683772161603e-13, and step error estimate = NaN. Aborting. There is either an error in your model specification or the true solution is unstable (or the true solution can not be represented in the precision of Float64).
└ @ SciMLBase ~/.julia/packages/SciMLBase/4MHGc/src/integrator_interface.jl:671
┌ Warning: At t=731.1555169647539, dt was forced below floating point epsilon 1.1368683772161603e-13, and step error estimate = NaN. Aborting. There is either an error in your model specification or the true solution is unstable (or the true solution can not be represented in the precision of Float64).
└ @ SciMLBase ~/.julia/packages/SciMLBase/4MHGc/src/integrator_interface.jl:671
┌ Warning: At t=730.3282447159172, dt was forced below floating point epsilon 1.1368683772161603e-13, and step error estimate = NaN. Aborting. There is either an error in your model specification or the true solution is unstable (or the true solution can not be represented in the precision of Float64).
└ @ SciMLBase ~/.julia/packages/SciMLBase/4MHGc/src/integrator_interface.jl:671
┌ Warning: At t=729.5013574447617, dt was forced below floating point epsilon 1.1368683772161603e-13, and step error estimate = NaN. Aborting. There is either an error in your model specification or the true solution is unstable (or the true solution can not be represented in the precision of Float64).
└ @ SciMLBase ~/.julia/packages/SciMLBase/4MHGc/src/integrator_interface.jl:671
┌ Warning: At t=728.6748559228103, dt was forced below floating point epsilon 1.1368683772161603e-13, and step error estimate = NaN. Aborting. There is either an error in your model specification or the true solution is unstable (or the true solution can not be represented in the precision of Float64).
└ @ SciMLBase ~/.julia/packages/SciMLBase/4MHGc/src/integrator_interface.jl:671
┌ Warning: At t=727.8487409226738, dt was forced below floating point epsilon 1.1368683772161603e-13, and step error estimate = NaN. Aborting. There is either an error in your model specification or the true solution is unstable (or the true solution can not be represented in the precision of Float64).
└ @ SciMLBase ~/.julia/packages/SciMLBase/4MHGc/src/integrator_interface.jl:671
┌ Warning: At t=727.0230132180478, dt was forced below floating point epsilon 1.1368683772161603e-13, and step error estimate = NaN. Aborting. There is either an error in your model specification or the true solution is unstable (or the true solution can not be represented in the precision of Float64).
└ @ SciMLBase ~/.julia/packages/SciMLBase/4MHGc/src/integrator_interface.jl:671
┌ Warning: At t=726.1976735837104, dt was forced below floating point epsilon 1.1368683772161603e-13, and step error estimate = NaN. Aborting. There is either an error in your model specification or the true solution is unstable (or the true solution can not be represented in the precision of Float64).
└ @ SciMLBase ~/.julia/packages/SciMLBase/4MHGc/src/integrator_interface.jl:671
┌ Warning: At t=725.3727227955202, dt was forced below floating point epsilon 1.1368683772161603e-13, and step error estimate = NaN. Aborting. There is either an error in your model specification or the true solution is unstable (or the true solution can not be represented in the precision of Float64).
└ @ SciMLBase ~/.julia/packages/SciMLBase/4MHGc/src/integrator_interface.jl:671
┌ Warning: At t=724.5481616304105, dt was forced below floating point epsilon 1.1368683772161603e-13, and step error estimate = NaN. Aborting. There is either an error in your model specification or the true solution is unstable (or the true solution can not be represented in the precision of Float64).
└ @ SciMLBase ~/.julia/packages/SciMLBase/4MHGc/src/integrator_interface.jl:671
┌ Warning: At t=723.7239908663884, dt was forced below floating point epsilon 1.1368683772161603e-13, and step error estimate = NaN. Aborting. There is either an error in your model specification or the true solution is unstable (or the true solution can not be represented in the precision of Float64).
└ @ SciMLBase ~/.julia/packages/SciMLBase/4MHGc/src/integrator_interface.jl:671
┌ Warning: At t=722.9002112825316, dt was forced below floating point epsilon 1.1368683772161603e-13, and step error estimate = NaN. Aborting. There is either an error in your model specification or the true solution is unstable (or the true solution can not be represented in the precision of Float64).
└ @ SciMLBase ~/.julia/packages/SciMLBase/4MHGc/src/integrator_interface.jl:671
┌ Warning: At t=722.0768236589847, dt was forced below floating point epsilon 1.1368683772161603e-13, and step error estimate = NaN. Aborting. There is either an error in your model specification or the true solution is unstable (or the true solution can not be represented in the precision of Float64).
└ @ SciMLBase ~/.julia/packages/SciMLBase/4MHGc/src/integrator_interface.jl:671
┌ Warning: At t=721.2538287769565, dt was forced below floating point epsilon 1.1368683772161603e-13, and step error estimate = NaN. Aborting. There is either an error in your model specification or the true solution is unstable (or the true solution can not be represented in the precision of Float64).
└ @ SciMLBase ~/.julia/packages/SciMLBase/4MHGc/src/integrator_interface.jl:671
┌ Warning: At t=720.4312274187165, dt was forced below floating point epsilon 1.1368683772161603e-13, and step error estimate = NaN. Aborting. There is either an error in your model specification or the true solution is unstable (or the true solution can not be represented in the precision of Float64).
└ @ SciMLBase ~/.julia/packages/SciMLBase/4MHGc/src/integrator_interface.jl:671
┌ Warning: At t=719.6090203675926, dt was forced below floating point epsilon 1.1368683772161603e-13, and step error estimate = NaN. Aborting. There is either an error in your model specification or the true solution is unstable (or the true solution can not be represented in the precision of Float64).
└ @ SciMLBase ~/.julia/packages/SciMLBase/4MHGc/src/integrator_interface.jl:671
┌ Warning: At t=718.7872084079652, dt was forced below floating point epsilon 1.1368683772161603e-13, and step error estimate = NaN. Aborting. There is either an error in your model specification or the true solution is unstable (or the true solution can not be represented in the precision of Float64).
└ @ SciMLBase ~/.julia/packages/SciMLBase/4MHGc/src/integrator_interface.jl:671
┌ Warning: At t=717.9657923252678, dt was forced below floating point epsilon 1.1368683772161603e-13, and step error estimate = NaN. Aborting. There is either an error in your model specification or the true solution is unstable (or the true solution can not be represented in the precision of Float64).
└ @ SciMLBase ~/.julia/packages/SciMLBase/4MHGc/src/integrator_interface.jl:671
┌ Warning: At t=717.1447729059797, dt was forced below floating point epsilon 1.1368683772161603e-13, and step error estimate = NaN. Aborting. There is either an error in your model specification or the true solution is unstable (or the true solution can not be represented in the precision of Float64).
└ @ SciMLBase ~/.julia/packages/SciMLBase/4MHGc/src/integrator_interface.jl:671
┌ Warning: At t=716.3241509376257, dt was forced below floating point epsilon 1.1368683772161603e-13, and step error estimate = NaN. Aborting. There is either an error in your model specification or the true solution is unstable (or the true solution can not be represented in the precision of Float64).
└ @ SciMLBase ~/.julia/packages/SciMLBase/4MHGc/src/integrator_interface.jl:671
┌ Warning: At t=715.5039272087714, dt was forced below floating point epsilon 1.1368683772161603e-13, and step error estimate = NaN. Aborting. There is either an error in your model specification or the true solution is unstable (or the true solution can not be represented in the precision of Float64).
└ @ SciMLBase ~/.julia/packages/SciMLBase/4MHGc/src/integrator_interface.jl:671
┌ Warning: At t=714.6841025090184, dt was forced below floating point epsilon 1.1368683772161603e-13, and step error estimate = NaN. Aborting. There is either an error in your model specification or the true solution is unstable (or the true solution can not be represented in the precision of Float64).
└ @ SciMLBase ~/.julia/packages/SciMLBase/4MHGc/src/integrator_interface.jl:671
┌ Warning: At t=713.8646776290047, dt was forced below floating point epsilon 1.1368683772161603e-13, and step error estimate = NaN. Aborting. There is either an error in your model specification or the true solution is unstable (or the true solution can not be represented in the precision of Float64).
└ @ SciMLBase ~/.julia/packages/SciMLBase/4MHGc/src/integrator_interface.jl:671
┌ Warning: At t=713.045653360396, dt was forced below floating point epsilon 1.1368683772161603e-13, and step error estimate = NaN. Aborting. There is either an error in your model specification or the true solution is unstable (or the true solution can not be represented in the precision of Float64).
└ @ SciMLBase ~/.julia/packages/SciMLBase/4MHGc/src/integrator_interface.jl:671
┌ Warning: At t=712.2270304958868, dt was forced below floating point epsilon 1.1368683772161603e-13, and step error estimate = NaN. Aborting. There is either an error in your model specification or the true solution is unstable (or the true solution can not be represented in the precision of Float64).
└ @ SciMLBase ~/.julia/packages/SciMLBase/4MHGc/src/integrator_interface.jl:671
┌ Warning: At t=711.4088098291929, dt was forced below floating point epsilon 1.1368683772161603e-13, and step error estimate = NaN. Aborting. There is either an error in your model specification or the true solution is unstable (or the true solution can not be represented in the precision of Float64).
└ @ SciMLBase ~/.julia/packages/SciMLBase/4MHGc/src/integrator_interface.jl:671
┌ Warning: At t=710.5909921550495, dt was forced below floating point epsilon 1.1368683772161603e-13, and step error estimate = NaN. Aborting. There is either an error in your model specification or the true solution is unstable (or the true solution can not be represented in the precision of Float64).
└ @ SciMLBase ~/.julia/packages/SciMLBase/4MHGc/src/integrator_interface.jl:671
┌ Warning: At t=709.7735782692106, dt was forced below floating point epsilon 1.1368683772161603e-13, and step error estimate = NaN. Aborting. There is either an error in your model specification or the true solution is unstable (or the true solution can not be represented in the precision of Float64).
└ @ SciMLBase ~/.julia/packages/SciMLBase/4MHGc/src/integrator_interface.jl:671
┌ Warning: At t=708.9565689684375, dt was forced below floating point epsilon 1.1368683772161603e-13, and step error estimate = NaN. Aborting. There is either an error in your model specification or the true solution is unstable (or the true solution can not be represented in the precision of Float64).
└ @ SciMLBase ~/.julia/packages/SciMLBase/4MHGc/src/integrator_interface.jl:671
┌ Warning: At t=708.1399650505033, dt was forced below floating point epsilon 1.1368683772161603e-13, and step error estimate = NaN. Aborting. There is either an error in your model specification or the true solution is unstable (or the true solution can not be represented in the precision of Float64).
└ @ SciMLBase ~/.julia/packages/SciMLBase/4MHGc/src/integrator_interface.jl:671
┌ Warning: At t=707.3237673141834, dt was forced below floating point epsilon 1.1368683772161603e-13, and step error estimate = NaN. Aborting. There is either an error in your model specification or the true solution is unstable (or the true solution can not be represented in the precision of Float64).
└ @ SciMLBase ~/.julia/packages/SciMLBase/4MHGc/src/integrator_interface.jl:671
┌ Warning: At t=706.5079765592544, dt was forced below floating point epsilon 1.1368683772161603e-13, and step error estimate = NaN. Aborting. There is either an error in your model specification or the true solution is unstable (or the true solution can not be represented in the precision of Float64).
└ @ SciMLBase ~/.julia/packages/SciMLBase/4MHGc/src/integrator_interface.jl:671
┌ Warning: At t=705.6925935864887, dt was forced below floating point epsilon 1.1368683772161603e-13, and step error estimate = NaN. Aborting. There is either an error in your model specification or the true solution is unstable (or the true solution can not be represented in the precision of Float64).
└ @ SciMLBase ~/.julia/packages/SciMLBase/4MHGc/src/integrator_interface.jl:671
┌ Warning: At t=704.8776191976507, dt was forced below floating point epsilon 1.1368683772161603e-13, and step error estimate = NaN. Aborting. There is either an error in your model specification or the true solution is unstable (or the true solution can not be represented in the precision of Float64).
└ @ SciMLBase ~/.julia/packages/SciMLBase/4MHGc/src/integrator_interface.jl:671
┌ Warning: At t=704.0630541954954, dt was forced below floating point epsilon 1.1368683772161603e-13, and step error estimate = NaN. Aborting. There is either an error in your model specification or the true solution is unstable (or the true solution can not be represented in the precision of Float64).
└ @ SciMLBase ~/.julia/packages/SciMLBase/4MHGc/src/integrator_interface.jl:671
┌ Warning: At t=703.2488993837602, dt was forced below floating point epsilon 1.1368683772161603e-13, and step error estimate = NaN. Aborting. There is either an error in your model specification or the true solution is unstable (or the true solution can not be represented in the precision of Float64).
└ @ SciMLBase ~/.julia/packages/SciMLBase/4MHGc/src/integrator_interface.jl:671
┌ Warning: At t=702.4351555671631, dt was forced below floating point epsilon 1.1368683772161603e-13, and step error estimate = NaN. Aborting. There is either an error in your model specification or the true solution is unstable (or the true solution can not be represented in the precision of Float64).
└ @ SciMLBase ~/.julia/packages/SciMLBase/4MHGc/src/integrator_interface.jl:671
┌ Warning: At t=701.6218235513979, dt was forced below floating point epsilon 1.1368683772161603e-13, and step error estimate = NaN. Aborting. There is either an error in your model specification or the true solution is unstable (or the true solution can not be represented in the precision of Float64).
└ @ SciMLBase ~/.julia/packages/SciMLBase/4MHGc/src/integrator_interface.jl:671
┌ Warning: At t=700.8089041431311, dt was forced below floating point epsilon 1.1368683772161603e-13, and step error estimate = NaN. Aborting. There is either an error in your model specification or the true solution is unstable (or the true solution can not be represented in the precision of Float64).
└ @ SciMLBase ~/.julia/packages/SciMLBase/4MHGc/src/integrator_interface.jl:671
┌ Warning: At t=699.9963981499973, dt was forced below floating point epsilon 1.1368683772161603e-13, and step error estimate = NaN. Aborting. There is either an error in your model specification or the true solution is unstable (or the true solution can not be represented in the precision of Float64).
└ @ SciMLBase ~/.julia/packages/SciMLBase/4MHGc/src/integrator_interface.jl:671
┌ Warning: At t=699.1843063805926, dt was forced below floating point epsilon 1.1368683772161603e-13, and step error estimate = NaN. Aborting. There is either an error in your model specification or the true solution is unstable (or the true solution can not be represented in the precision of Float64).
└ @ SciMLBase ~/.julia/packages/SciMLBase/4MHGc/src/integrator_interface.jl:671
┌ Warning: At t=698.3726296444734, dt was forced below floating point epsilon 1.1368683772161603e-13, and step error estimate = NaN. Aborting. There is either an error in your model specification or the true solution is unstable (or the true solution can not be represented in the precision of Float64).
└ @ SciMLBase ~/.julia/packages/SciMLBase/4MHGc/src/integrator_interface.jl:671
┌ Warning: At t=697.561368752151, dt was forced below floating point epsilon 1.1368683772161603e-13, and step error estimate = NaN. Aborting. There is either an error in your model specification or the true solution is unstable (or the true solution can not be represented in the precision of Float64).
└ @ SciMLBase ~/.julia/packages/SciMLBase/4MHGc/src/integrator_interface.jl:671
┌ Warning: At t=696.7505245150859, dt was forced below floating point epsilon 1.1368683772161603e-13, and step error estimate = NaN. Aborting. There is either an error in your model specification or the true solution is unstable (or the true solution can not be represented in the precision of Float64).
└ @ SciMLBase ~/.julia/packages/SciMLBase/4MHGc/src/integrator_interface.jl:671
┌ Warning: At t=695.9400977456847, dt was forced below floating point epsilon 1.1368683772161603e-13, and step error estimate = NaN. Aborting. There is either an error in your model specification or the true solution is unstable (or the true solution can not be represented in the precision of Float64).
└ @ SciMLBase ~/.julia/packages/SciMLBase/4MHGc/src/integrator_interface.jl:671
┌ Warning: At t=695.1300892572967, dt was forced below floating point epsilon 1.1368683772161603e-13, and step error estimate = NaN. Aborting. There is either an error in your model specification or the true solution is unstable (or the true solution can not be represented in the precision of Float64).
└ @ SciMLBase ~/.julia/packages/SciMLBase/4MHGc/src/integrator_interface.jl:671
┌ Warning: At t=694.3204998642057, dt was forced below floating point epsilon 1.1368683772161603e-13, and step error estimate = NaN. Aborting. There is either an error in your model specification or the true solution is unstable (or the true solution can not be represented in the precision of Float64).
└ @ SciMLBase ~/.julia/packages/SciMLBase/4MHGc/src/integrator_interface.jl:671
┌ Warning: At t=693.5113303816293, dt was forced below floating point epsilon 1.1368683772161603e-13, and step error estimate = NaN. Aborting. There is either an error in your model specification or the true solution is unstable (or the true solution can not be represented in the precision of Float64).
└ @ SciMLBase ~/.julia/packages/SciMLBase/4MHGc/src/integrator_interface.jl:671
┌ Warning: At t=692.7025816257113, dt was forced below floating point epsilon 1.1368683772161603e-13, and step error estimate = NaN. Aborting. There is either an error in your model specification or the true solution is unstable (or the true solution can not be represented in the precision of Float64).
└ @ SciMLBase ~/.julia/packages/SciMLBase/4MHGc/src/integrator_interface.jl:671
┌ Warning: At t=691.8942544135186, dt was forced below floating point epsilon 1.1368683772161603e-13, and step error estimate = NaN. Aborting. There is either an error in your model specification or the true solution is unstable (or the true solution can not be represented in the precision of Float64).
└ @ SciMLBase ~/.julia/packages/SciMLBase/4MHGc/src/integrator_interface.jl:671
┌ Warning: At t=691.0863495630365, dt was forced below floating point epsilon 1.1368683772161603e-13, and step error estimate = NaN. Aborting. There is either an error in your model specification or the true solution is unstable (or the true solution can not be represented in the precision of Float64).
└ @ SciMLBase ~/.julia/packages/SciMLBase/4MHGc/src/integrator_interface.jl:671
┌ Warning: At t=690.2788678931639, dt was forced below floating point epsilon 1.1368683772161603e-13, and step error estimate = NaN. Aborting. There is either an error in your model specification or the true solution is unstable (or the true solution can not be represented in the precision of Float64).
└ @ SciMLBase ~/.julia/packages/SciMLBase/4MHGc/src/integrator_interface.jl:671
┌ Warning: At t=689.471810223706, dt was forced below floating point epsilon 1.1368683772161603e-13, and step error estimate = NaN. Aborting. There is either an error in your model specification or the true solution is unstable (or the true solution can not be represented in the precision of Float64).
└ @ SciMLBase ~/.julia/packages/SciMLBase/4MHGc/src/integrator_interface.jl:671
┌ Warning: At t=688.6651773753746, dt was forced below floating point epsilon 1.1368683772161603e-13, and step error estimate = NaN. Aborting. There is either an error in your model specification or the true solution is unstable (or the true solution can not be represented in the precision of Float64).
└ @ SciMLBase ~/.julia/packages/SciMLBase/4MHGc/src/integrator_interface.jl:671
┌ Warning: At t=687.8589701697779, dt was forced below floating point epsilon 1.1368683772161603e-13, and step error estimate = NaN. Aborting. There is either an error in your model specification or the true solution is unstable (or the true solution can not be represented in the precision of Float64).
└ @ SciMLBase ~/.julia/packages/SciMLBase/4MHGc/src/integrator_interface.jl:671
┌ Warning: At t=687.0531894294184, dt was forced below floating point epsilon 1.1368683772161603e-13, and step error estimate = NaN. Aborting. There is either an error in your model specification or the true solution is unstable (or the true solution can not be represented in the precision of Float64).
└ @ SciMLBase ~/.julia/packages/SciMLBase/4MHGc/src/integrator_interface.jl:671
┌ Warning: At t=686.247835977686, dt was forced below floating point epsilon 1.1368683772161603e-13, and step error estimate = NaN. Aborting. There is either an error in your model specification or the true solution is unstable (or the true solution can not be represented in the precision of Float64).
└ @ SciMLBase ~/.julia/packages/SciMLBase/4MHGc/src/integrator_interface.jl:671
┌ Warning: At t=685.4429106388563, dt was forced below floating point epsilon 1.1368683772161603e-13, and step error estimate = NaN. Aborting. There is either an error in your model specification or the true solution is unstable (or the true solution can not be represented in the precision of Float64).
└ @ SciMLBase ~/.julia/packages/SciMLBase/4MHGc/src/integrator_interface.jl:671
┌ Warning: At t=684.6384142380809, dt was forced below floating point epsilon 1.1368683772161603e-13, and step error estimate = NaN. Aborting. There is either an error in your model specification or the true solution is unstable (or the true solution can not be represented in the precision of Float64).
└ @ SciMLBase ~/.julia/packages/SciMLBase/4MHGc/src/integrator_interface.jl:671
┌ Warning: At t=683.834347601388, dt was forced below floating point epsilon 1.1368683772161603e-13, and step error estimate = NaN. Aborting. There is either an error in your model specification or the true solution is unstable (or the true solution can not be represented in the precision of Float64).
└ @ SciMLBase ~/.julia/packages/SciMLBase/4MHGc/src/integrator_interface.jl:671
┌ Warning: At t=683.030711555669, dt was forced below floating point epsilon 1.1368683772161603e-13, and step error estimate = NaN. Aborting. There is either an error in your model specification or the true solution is unstable (or the true solution can not be represented in the precision of Float64).
└ @ SciMLBase ~/.julia/packages/SciMLBase/4MHGc/src/integrator_interface.jl:671
┌ Warning: At t=682.2275069286819, dt was forced below floating point epsilon 1.1368683772161603e-13, and step error estimate = NaN. Aborting. There is either an error in your model specification or the true solution is unstable (or the true solution can not be represented in the precision of Float64).
└ @ SciMLBase ~/.julia/packages/SciMLBase/4MHGc/src/integrator_interface.jl:671
┌ Warning: At t=681.4247345490409, dt was forced below floating point epsilon 1.1368683772161603e-13, and step error estimate = NaN. Aborting. There is either an error in your model specification or the true solution is unstable (or the true solution can not be represented in the precision of Float64).
└ @ SciMLBase ~/.julia/packages/SciMLBase/4MHGc/src/integrator_interface.jl:671
┌ Warning: At t=680.6223952462121, dt was forced below floating point epsilon 1.1368683772161603e-13, and step error estimate = NaN. Aborting. There is either an error in your model specification or the true solution is unstable (or the true solution can not be represented in the precision of Float64).
└ @ SciMLBase ~/.julia/packages/SciMLBase/4MHGc/src/integrator_interface.jl:671
┌ Warning: At t=679.8204898505084, dt was forced below floating point epsilon 1.1368683772161603e-13, and step error estimate = NaN. Aborting. There is either an error in your model specification or the true solution is unstable (or the true solution can not be represented in the precision of Float64).
└ @ SciMLBase ~/.julia/packages/SciMLBase/4MHGc/src/integrator_interface.jl:671
┌ Warning: At t=679.0190191930836, dt was forced below floating point epsilon 1.1368683772161603e-13, and step error estimate = NaN. Aborting. There is either an error in your model specification or the true solution is unstable (or the true solution can not be represented in the precision of Float64).
└ @ SciMLBase ~/.julia/packages/SciMLBase/4MHGc/src/integrator_interface.jl:671
┌ Warning: At t=678.2179841059271, dt was forced below floating point epsilon 1.1368683772161603e-13, and step error estimate = NaN. Aborting. There is either an error in your model specification or the true solution is unstable (or the true solution can not be represented in the precision of Float64).
└ @ SciMLBase ~/.julia/packages/SciMLBase/4MHGc/src/integrator_interface.jl:671
┌ Warning: At t=677.41738542186, dt was forced below floating point epsilon 1.1368683772161603e-13, and step error estimate = NaN. Aborting. There is either an error in your model specification or the true solution is unstable (or the true solution can not be represented in the precision of Float64).
└ @ SciMLBase ~/.julia/packages/SciMLBase/4MHGc/src/integrator_interface.jl:671
┌ Warning: At t=676.6172239745257, dt was forced below floating point epsilon 1.1368683772161603e-13, and step error estimate = NaN. Aborting. There is either an error in your model specification or the true solution is unstable (or the true solution can not be represented in the precision of Float64).
└ @ SciMLBase ~/.julia/packages/SciMLBase/4MHGc/src/integrator_interface.jl:671
┌ Warning: At t=675.8175005983875, dt was forced below floating point epsilon 1.1368683772161603e-13, and step error estimate = NaN. Aborting. There is either an error in your model specification or the true solution is unstable (or the true solution can not be represented in the precision of Float64).
└ @ SciMLBase ~/.julia/packages/SciMLBase/4MHGc/src/integrator_interface.jl:671
┌ Warning: At t=675.0182161287225, dt was forced below floating point epsilon 1.1368683772161603e-13, and step error estimate = NaN. Aborting. There is either an error in your model specification or the true solution is unstable (or the true solution can not be represented in the precision of Float64).
└ @ SciMLBase ~/.julia/packages/SciMLBase/4MHGc/src/integrator_interface.jl:671
┌ Warning: At t=674.2193714016139, dt was forced below floating point epsilon 1.1368683772161603e-13, and step error estimate = NaN. Aborting. There is either an error in your model specification or the true solution is unstable (or the true solution can not be represented in the precision of Float64).
└ @ SciMLBase ~/.julia/packages/SciMLBase/4MHGc/src/integrator_interface.jl:671
┌ Warning: At t=673.4209672539472, dt was forced below floating point epsilon 1.1368683772161603e-13, and step error estimate = NaN. Aborting. There is either an error in your model specification or the true solution is unstable (or the true solution can not be represented in the precision of Float64).
└ @ SciMLBase ~/.julia/packages/SciMLBase/4MHGc/src/integrator_interface.jl:671
┌ Warning: At t=672.623004523404, dt was forced below floating point epsilon 1.1368683772161603e-13, and step error estimate = NaN. Aborting. There is either an error in your model specification or the true solution is unstable (or the true solution can not be represented in the precision of Float64).
└ @ SciMLBase ~/.julia/packages/SciMLBase/4MHGc/src/integrator_interface.jl:671
┌ Warning: At t=671.825484048455, dt was forced below floating point epsilon 1.1368683772161603e-13, and step error estimate = NaN. Aborting. There is either an error in your model specification or the true solution is unstable (or the true solution can not be represented in the precision of Float64).
└ @ SciMLBase ~/.julia/packages/SciMLBase/4MHGc/src/integrator_interface.jl:671
┌ Warning: At t=671.0284066683554, dt was forced below floating point epsilon 1.1368683772161603e-13, and step error estimate = NaN. Aborting. There is either an error in your model specification or the true solution is unstable (or the true solution can not be represented in the precision of Float64).
└ @ SciMLBase ~/.julia/packages/SciMLBase/4MHGc/src/integrator_interface.jl:671
┌ Warning: At t=670.2317732231379, dt was forced below floating point epsilon 1.1368683772161603e-13, and step error estimate = NaN. Aborting. There is either an error in your model specification or the true solution is unstable (or the true solution can not be represented in the precision of Float64).
└ @ SciMLBase ~/.julia/packages/SciMLBase/4MHGc/src/integrator_interface.jl:671
┌ Warning: At t=669.4355845536065, dt was forced below floating point epsilon 1.1368683772161603e-13, and step error estimate = NaN. Aborting. There is either an error in your model specification or the true solution is unstable (or the true solution can not be represented in the precision of Float64).
└ @ SciMLBase ~/.julia/packages/SciMLBase/4MHGc/src/integrator_interface.jl:671
┌ Warning: At t=668.6398415013334, dt was forced below floating point epsilon 1.1368683772161603e-13, and step error estimate = NaN. Aborting. There is either an error in your model specification or the true solution is unstable (or the true solution can not be represented in the precision of Float64).
└ @ SciMLBase ~/.julia/packages/SciMLBase/4MHGc/src/integrator_interface.jl:671
┌ Warning: At t=667.8445449086465, dt was forced below floating point epsilon 1.1368683772161603e-13, and step error estimate = NaN. Aborting. There is either an error in your model specification or the true solution is unstable (or the true solution can not be represented in the precision of Float64).
└ @ SciMLBase ~/.julia/packages/SciMLBase/4MHGc/src/integrator_interface.jl:671
┌ Warning: At t=667.04969561863, dt was forced below floating point epsilon 1.1368683772161603e-13, and step error estimate = NaN. Aborting. There is either an error in your model specification or the true solution is unstable (or the true solution can not be represented in the precision of Float64).
└ @ SciMLBase ~/.julia/packages/SciMLBase/4MHGc/src/integrator_interface.jl:671
┌ Warning: At t=666.2552944751145, dt was forced below floating point epsilon 1.1368683772161603e-13, and step error estimate = NaN. Aborting. There is either an error in your model specification or the true solution is unstable (or the true solution can not be represented in the precision of Float64).
└ @ SciMLBase ~/.julia/packages/SciMLBase/4MHGc/src/integrator_interface.jl:671
┌ Warning: At t=665.4613423226702, dt was forced below floating point epsilon 1.1368683772161603e-13, and step error estimate = NaN. Aborting. There is either an error in your model specification or the true solution is unstable (or the true solution can not be represented in the precision of Float64).
└ @ SciMLBase ~/.julia/packages/SciMLBase/4MHGc/src/integrator_interface.jl:671
┌ Warning: At t=664.6678400066038, dt was forced below floating point epsilon 1.1368683772161603e-13, and step error estimate = NaN. Aborting. There is either an error in your model specification or the true solution is unstable (or the true solution can not be represented in the precision of Float64).
└ @ SciMLBase ~/.julia/packages/SciMLBase/4MHGc/src/integrator_interface.jl:671
┌ Warning: At t=663.8747883729487, dt was forced below floating point epsilon 1.1368683772161603e-13, and step error estimate = NaN. Aborting. There is either an error in your model specification or the true solution is unstable (or the true solution can not be represented in the precision of Float64).
└ @ SciMLBase ~/.julia/packages/SciMLBase/4MHGc/src/integrator_interface.jl:671
┌ Warning: At t=663.0821882684596, dt was forced below floating point epsilon 1.1368683772161603e-13, and step error estimate = NaN. Aborting. There is either an error in your model specification or the true solution is unstable (or the true solution can not be represented in the precision of Float64).
└ @ SciMLBase ~/.julia/packages/SciMLBase/4MHGc/src/integrator_interface.jl:671
┌ Warning: At t=662.2900405406067, dt was forced below floating point epsilon 1.1368683772161603e-13, and step error estimate = NaN. Aborting. There is either an error in your model specification or the true solution is unstable (or the true solution can not be represented in the precision of Float64).
└ @ SciMLBase ~/.julia/packages/SciMLBase/4MHGc/src/integrator_interface.jl:671
┌ Warning: At t=661.4983460375689, dt was forced below floating point epsilon 1.1368683772161603e-13, and step error estimate = NaN. Aborting. There is either an error in your model specification or the true solution is unstable (or the true solution can not be represented in the precision of Float64).
└ @ SciMLBase ~/.julia/packages/SciMLBase/4MHGc/src/integrator_interface.jl:671
┌ Warning: At t=660.7071056082253, dt was forced below floating point epsilon 1.1368683772161603e-13, and step error estimate = NaN. Aborting. There is either an error in your model specification or the true solution is unstable (or the true solution can not be represented in the precision of Float64).
└ @ SciMLBase ~/.julia/packages/SciMLBase/4MHGc/src/integrator_interface.jl:671
┌ Warning: At t=659.9163201021532, dt was forced below floating point epsilon 1.1368683772161603e-13, and step error estimate = NaN. Aborting. There is either an error in your model specification or the true solution is unstable (or the true solution can not be represented in the precision of Float64).
└ @ SciMLBase ~/.julia/packages/SciMLBase/4MHGc/src/integrator_interface.jl:671
┌ Warning: At t=659.125990369615, dt was forced below floating point epsilon 1.1368683772161603e-13, and step error estimate = NaN. Aborting. There is either an error in your model specification or the true solution is unstable (or the true solution can not be represented in the precision of Float64).
└ @ SciMLBase ~/.julia/packages/SciMLBase/4MHGc/src/integrator_interface.jl:671
┌ Warning: At t=658.3361172615579, dt was forced below floating point epsilon 1.1368683772161603e-13, and step error estimate = NaN. Aborting. There is either an error in your model specification or the true solution is unstable (or the true solution can not be represented in the precision of Float64).
└ @ SciMLBase ~/.julia/packages/SciMLBase/4MHGc/src/integrator_interface.jl:671
┌ Warning: At t=657.5467016296001, dt was forced below floating point epsilon 1.1368683772161603e-13, and step error estimate = NaN. Aborting. There is either an error in your model specification or the true solution is unstable (or the true solution can not be represented in the precision of Float64).
└ @ SciMLBase ~/.julia/packages/SciMLBase/4MHGc/src/integrator_interface.jl:671
┌ Warning: At t=656.7577443260311, dt was forced below floating point epsilon 1.1368683772161603e-13, and step error estimate = NaN. Aborting. There is either an error in your model specification or the true solution is unstable (or the true solution can not be represented in the precision of Float64).
└ @ SciMLBase ~/.julia/packages/SciMLBase/4MHGc/src/integrator_interface.jl:671
┌ Warning: At t=655.9692462038001, dt was forced below floating point epsilon 1.1368683772161603e-13, and step error estimate = NaN. Aborting. There is either an error in your model specification or the true solution is unstable (or the true solution can not be represented in the precision of Float64).
└ @ SciMLBase ~/.julia/packages/SciMLBase/4MHGc/src/integrator_interface.jl:671
┌ Warning: At t=655.18120811651, dt was forced below floating point epsilon 1.1368683772161603e-13, and step error estimate = NaN. Aborting. There is either an error in your model specification or the true solution is unstable (or the true solution can not be represented in the precision of Float64).
└ @ SciMLBase ~/.julia/packages/SciMLBase/4MHGc/src/integrator_interface.jl:671
┌ Warning: At t=654.3936309184107, dt was forced below floating point epsilon 1.1368683772161603e-13, and step error estimate = NaN. Aborting. There is either an error in your model specification or the true solution is unstable (or the true solution can not be represented in the precision of Float64).
└ @ SciMLBase ~/.julia/packages/SciMLBase/4MHGc/src/integrator_interface.jl:671
┌ Warning: At t=653.6065154643923, dt was forced below floating point epsilon 1.1368683772161603e-13, and step error estimate = NaN. Aborting. There is either an error in your model specification or the true solution is unstable (or the true solution can not be represented in the precision of Float64).
└ @ SciMLBase ~/.julia/packages/SciMLBase/4MHGc/src/integrator_interface.jl:671
┌ Warning: At t=652.8198626099773, dt was forced below floating point epsilon 1.1368683772161603e-13, and step error estimate = NaN. Aborting. There is either an error in your model specification or the true solution is unstable (or the true solution can not be represented in the precision of Float64).
└ @ SciMLBase ~/.julia/packages/SciMLBase/4MHGc/src/integrator_interface.jl:671
┌ Warning: At t=652.0336732113136, dt was forced below floating point epsilon 1.1368683772161603e-13, and step error estimate = NaN. Aborting. There is either an error in your model specification or the true solution is unstable (or the true solution can not be represented in the precision of Float64).
└ @ SciMLBase ~/.julia/packages/SciMLBase/4MHGc/src/integrator_interface.jl:671
┌ Warning: At t=651.2479481251676, dt was forced below floating point epsilon 1.1368683772161603e-13, and step error estimate = NaN. Aborting. There is either an error in your model specification or the true solution is unstable (or the true solution can not be represented in the precision of Float64).
└ @ SciMLBase ~/.julia/packages/SciMLBase/4MHGc/src/integrator_interface.jl:671
┌ Warning: At t=650.4626882089162, dt was forced below floating point epsilon 1.1368683772161603e-13, and step error estimate = NaN. Aborting. There is either an error in your model specification or the true solution is unstable (or the true solution can not be represented in the precision of Float64).
└ @ SciMLBase ~/.julia/packages/SciMLBase/4MHGc/src/integrator_interface.jl:671
┌ Warning: At t=649.6778943205398, dt was forced below floating point epsilon 1.1368683772161603e-13, and step error estimate = NaN. Aborting. There is either an error in your model specification or the true solution is unstable (or the true solution can not be represented in the precision of Float64).
└ @ SciMLBase ~/.julia/packages/SciMLBase/4MHGc/src/integrator_interface.jl:671
┌ Warning: At t=648.8935673186152, dt was forced below floating point epsilon 1.1368683772161603e-13, and step error estimate = NaN. Aborting. There is either an error in your model specification or the true solution is unstable (or the true solution can not be represented in the precision of Float64).
└ @ SciMLBase ~/.julia/packages/SciMLBase/4MHGc/src/integrator_interface.jl:671
┌ Warning: At t=648.1097080623078, dt was forced below floating point epsilon 1.1368683772161603e-13, and step error estimate = NaN. Aborting. There is either an error in your model specification or the true solution is unstable (or the true solution can not be represented in the precision of Float64).
└ @ SciMLBase ~/.julia/packages/SciMLBase/4MHGc/src/integrator_interface.jl:671
┌ Warning: At t=647.3263174113634, dt was forced below floating point epsilon 1.1368683772161603e-13, and step error estimate = NaN. Aborting. There is either an error in your model specification or the true solution is unstable (or the true solution can not be represented in the precision of Float64).
└ @ SciMLBase ~/.julia/packages/SciMLBase/4MHGc/src/integrator_interface.jl:671
┌ Warning: At t=646.543396226103, dt was forced below floating point epsilon 1.1368683772161603e-13, and step error estimate = NaN. Aborting. There is either an error in your model specification or the true solution is unstable (or the true solution can not be represented in the precision of Float64).
└ @ SciMLBase ~/.julia/packages/SciMLBase/4MHGc/src/integrator_interface.jl:671
┌ Warning: At t=645.7609453674108, dt was forced below floating point epsilon 1.1368683772161603e-13, and step error estimate = NaN. Aborting. There is either an error in your model specification or the true solution is unstable (or the true solution can not be represented in the precision of Float64).
└ @ SciMLBase ~/.julia/packages/SciMLBase/4MHGc/src/integrator_interface.jl:671
┌ Warning: At t=644.9789656967321, dt was forced below floating point epsilon 1.1368683772161603e-13, and step error estimate = NaN. Aborting. There is either an error in your model specification or the true solution is unstable (or the true solution can not be represented in the precision of Float64).
└ @ SciMLBase ~/.julia/packages/SciMLBase/4MHGc/src/integrator_interface.jl:671
┌ Warning: At t=644.1974580760597, dt was forced below floating point epsilon 1.1368683772161603e-13, and step error estimate = NaN. Aborting. There is either an error in your model specification or the true solution is unstable (or the true solution can not be represented in the precision of Float64).
└ @ SciMLBase ~/.julia/packages/SciMLBase/4MHGc/src/integrator_interface.jl:671
┌ Warning: At t=643.4164233679304, dt was forced below floating point epsilon 1.1368683772161603e-13, and step error estimate = NaN. Aborting. There is either an error in your model specification or the true solution is unstable (or the true solution can not be represented in the precision of Float64).
└ @ SciMLBase ~/.julia/packages/SciMLBase/4MHGc/src/integrator_interface.jl:671
┌ Warning: At t=642.6358624354174, dt was forced below floating point epsilon 1.1368683772161603e-13, and step error estimate = NaN. Aborting. There is either an error in your model specification or the true solution is unstable (or the true solution can not be represented in the precision of Float64).
└ @ SciMLBase ~/.julia/packages/SciMLBase/4MHGc/src/integrator_interface.jl:671
┌ Warning: At t=641.8557761421172, dt was forced below floating point epsilon 1.1368683772161603e-13, and step error estimate = NaN. Aborting. There is either an error in your model specification or the true solution is unstable (or the true solution can not be represented in the precision of Float64).
└ @ SciMLBase ~/.julia/packages/SciMLBase/4MHGc/src/integrator_interface.jl:671
┌ Warning: At t=641.0761653521472, dt was forced below floating point epsilon 1.1368683772161603e-13, and step error estimate = NaN. Aborting. There is either an error in your model specification or the true solution is unstable (or the true solution can not be represented in the precision of Float64).
└ @ SciMLBase ~/.julia/packages/SciMLBase/4MHGc/src/integrator_interface.jl:671
┌ Warning: At t=640.297030930137, dt was forced below floating point epsilon 1.1368683772161603e-13, and step error estimate = NaN. Aborting. There is either an error in your model specification or the true solution is unstable (or the true solution can not be represented in the precision of Float64).
└ @ SciMLBase ~/.julia/packages/SciMLBase/4MHGc/src/integrator_interface.jl:671
┌ Warning: At t=639.5183737412158, dt was forced below floating point epsilon 1.1368683772161603e-13, and step error estimate = NaN. Aborting. There is either an error in your model specification or the true solution is unstable (or the true solution can not be represented in the precision of Float64).
└ @ SciMLBase ~/.julia/packages/SciMLBase/4MHGc/src/integrator_interface.jl:671
┌ Warning: At t=638.7401946510091, dt was forced below floating point epsilon 1.1368683772161603e-13, and step error estimate = NaN. Aborting. There is either an error in your model specification or the true solution is unstable (or the true solution can not be represented in the precision of Float64).
└ @ SciMLBase ~/.julia/packages/SciMLBase/4MHGc/src/integrator_interface.jl:671
┌ Warning: At t=637.9624945256292, dt was forced below floating point epsilon 1.1368683772161603e-13, and step error estimate = NaN. Aborting. There is either an error in your model specification or the true solution is unstable (or the true solution can not be represented in the precision of Float64).
└ @ SciMLBase ~/.julia/packages/SciMLBase/4MHGc/src/integrator_interface.jl:671
┌ Warning: At t=637.1852742316652, dt was forced below floating point epsilon 1.1368683772161603e-13, and step error estimate = NaN. Aborting. There is either an error in your model specification or the true solution is unstable (or the true solution can not be represented in the precision of Float64).
└ @ SciMLBase ~/.julia/packages/SciMLBase/4MHGc/src/integrator_interface.jl:671
┌ Warning: At t=636.4085346361774, dt was forced below floating point epsilon 1.1368683772161603e-13, and step error estimate = NaN. Aborting. There is either an error in your model specification or the true solution is unstable (or the true solution can not be represented in the precision of Float64).
└ @ SciMLBase ~/.julia/packages/SciMLBase/4MHGc/src/integrator_interface.jl:671
┌ Warning: At t=635.6322766066868, dt was forced below floating point epsilon 1.1368683772161603e-13, and step error estimate = NaN. Aborting. There is either an error in your model specification or the true solution is unstable (or the true solution can not be represented in the precision of Float64).
└ @ SciMLBase ~/.julia/packages/SciMLBase/4MHGc/src/integrator_interface.jl:671
┌ Warning: At t=634.8565010111682, dt was forced below floating point epsilon 1.1368683772161603e-13, and step error estimate = NaN. Aborting. There is either an error in your model specification or the true solution is unstable (or the true solution can not be represented in the precision of Float64).
└ @ SciMLBase ~/.julia/packages/SciMLBase/4MHGc/src/integrator_interface.jl:671
┌ Warning: At t=634.0812087180404, dt was forced below floating point epsilon 1.1368683772161603e-13, and step error estimate = NaN. Aborting. There is either an error in your model specification or the true solution is unstable (or the true solution can not be represented in the precision of Float64).
└ @ SciMLBase ~/.julia/packages/SciMLBase/4MHGc/src/integrator_interface.jl:671
┌ Warning: At t=633.306400596158, dt was forced below floating point epsilon 1.1368683772161603e-13, and step error estimate = NaN. Aborting. There is either an error in your model specification or the true solution is unstable (or the true solution can not be represented in the precision of Float64).
└ @ SciMLBase ~/.julia/packages/SciMLBase/4MHGc/src/integrator_interface.jl:671
┌ Warning: At t=632.5320775148042, dt was forced below floating point epsilon 1.1368683772161603e-13, and step error estimate = NaN. Aborting. There is either an error in your model specification or the true solution is unstable (or the true solution can not be represented in the precision of Float64).
└ @ SciMLBase ~/.julia/packages/SciMLBase/4MHGc/src/integrator_interface.jl:671
┌ Warning: At t=631.7582403436799, dt was forced below floating point epsilon 1.1368683772161603e-13, and step error estimate = NaN. Aborting. There is either an error in your model specification or the true solution is unstable (or the true solution can not be represented in the precision of Float64).
└ @ SciMLBase ~/.julia/packages/SciMLBase/4MHGc/src/integrator_interface.jl:671
┌ Warning: At t=630.9848899528967, dt was forced below floating point epsilon 1.1368683772161603e-13, and step error estimate = NaN. Aborting. There is either an error in your model specification or the true solution is unstable (or the true solution can not be represented in the precision of Float64).
└ @ SciMLBase ~/.julia/packages/SciMLBase/4MHGc/src/integrator_interface.jl:671
┌ Warning: At t=630.2120272129678, dt was forced below floating point epsilon 1.1368683772161603e-13, and step error estimate = NaN. Aborting. There is either an error in your model specification or the true solution is unstable (or the true solution can not be represented in the precision of Float64).
└ @ SciMLBase ~/.julia/packages/SciMLBase/4MHGc/src/integrator_interface.jl:671
┌ Warning: At t=629.4396529947986, dt was forced below floating point epsilon 1.1368683772161603e-13, and step error estimate = NaN. Aborting. There is either an error in your model specification or the true solution is unstable (or the true solution can not be represented in the precision of Float64).
└ @ SciMLBase ~/.julia/packages/SciMLBase/4MHGc/src/integrator_interface.jl:671
┌ Warning: At t=628.6677681696793, dt was forced below floating point epsilon 1.1368683772161603e-13, and step error estimate = NaN. Aborting. There is either an error in your model specification or the true solution is unstable (or the true solution can not be represented in the precision of Float64).
└ @ SciMLBase ~/.julia/packages/SciMLBase/4MHGc/src/integrator_interface.jl:671
┌ Warning: At t=627.8963736092728, dt was forced below floating point epsilon 1.1368683772161603e-13, and step error estimate = NaN. Aborting. There is either an error in your model specification or the true solution is unstable (or the true solution can not be represented in the precision of Float64).
└ @ SciMLBase ~/.julia/packages/SciMLBase/4MHGc/src/integrator_interface.jl:671
┌ Warning: At t=627.1254701856103, dt was forced below floating point epsilon 1.1368683772161603e-13, and step error estimate = NaN. Aborting. There is either an error in your model specification or the true solution is unstable (or the true solution can not be represented in the precision of Float64).
└ @ SciMLBase ~/.julia/packages/SciMLBase/4MHGc/src/integrator_interface.jl:671
┌ Warning: At t=626.3550587710787, dt was forced below floating point epsilon 1.1368683772161603e-13, and step error estimate = NaN. Aborting. There is either an error in your model specification or the true solution is unstable (or the true solution can not be represented in the precision of Float64).
└ @ SciMLBase ~/.julia/packages/SciMLBase/4MHGc/src/integrator_interface.jl:671
┌ Warning: At t=625.585140238412, dt was forced below floating point epsilon 1.1368683772161603e-13, and step error estimate = NaN. Aborting. There is either an error in your model specification or the true solution is unstable (or the true solution can not be represented in the precision of Float64).
└ @ SciMLBase ~/.julia/packages/SciMLBase/4MHGc/src/integrator_interface.jl:671
┌ Warning: At t=624.8157154606835, dt was forced below floating point epsilon 1.1368683772161603e-13, and step error estimate = NaN. Aborting. There is either an error in your model specification or the true solution is unstable (or the true solution can not be represented in the precision of Float64).
└ @ SciMLBase ~/.julia/packages/SciMLBase/4MHGc/src/integrator_interface.jl:671
┌ Warning: At t=624.046785311297, dt was forced below floating point epsilon 1.1368683772161603e-13, and step error estimate = NaN. Aborting. There is either an error in your model specification or the true solution is unstable (or the true solution can not be represented in the precision of Float64).
└ @ SciMLBase ~/.julia/packages/SciMLBase/4MHGc/src/integrator_interface.jl:671
┌ Warning: At t=623.2783506639736, dt was forced below floating point epsilon 1.1368683772161603e-13, and step error estimate = NaN. Aborting. There is either an error in your model specification or the true solution is unstable (or the true solution can not be represented in the precision of Float64).
└ @ SciMLBase ~/.julia/packages/SciMLBase/4MHGc/src/integrator_interface.jl:671
┌ Warning: At t=622.5104123927488, dt was forced below floating point epsilon 1.1368683772161603e-13, and step error estimate = NaN. Aborting. There is either an error in your model specification or the true solution is unstable (or the true solution can not be represented in the precision of Float64).
└ @ SciMLBase ~/.julia/packages/SciMLBase/4MHGc/src/integrator_interface.jl:671
┌ Warning: At t=621.7429713719562, dt was forced below floating point epsilon 1.1368683772161603e-13, and step error estimate = NaN. Aborting. There is either an error in your model specification or the true solution is unstable (or the true solution can not be represented in the precision of Float64).
└ @ SciMLBase ~/.julia/packages/SciMLBase/4MHGc/src/integrator_interface.jl:671
┌ Warning: At t=620.9760284762232, dt was forced below floating point epsilon 1.1368683772161603e-13, and step error estimate = NaN. Aborting. There is either an error in your model specification or the true solution is unstable (or the true solution can not be represented in the precision of Float64).
└ @ SciMLBase ~/.julia/packages/SciMLBase/4MHGc/src/integrator_interface.jl:671
┌ Warning: At t=620.2095845804604, dt was forced below floating point epsilon 1.1368683772161603e-13, and step error estimate = NaN. Aborting. There is either an error in your model specification or the true solution is unstable (or the true solution can not be represented in the precision of Float64).
└ @ SciMLBase ~/.julia/packages/SciMLBase/4MHGc/src/integrator_interface.jl:671
┌ Warning: At t=619.4436405598498, dt was forced below floating point epsilon 1.1368683772161603e-13, and step error estimate = NaN. Aborting. There is either an error in your model specification or the true solution is unstable (or the true solution can not be represented in the precision of Float64).
└ @ SciMLBase ~/.julia/packages/SciMLBase/4MHGc/src/integrator_interface.jl:671
┌ Warning: At t=618.6781972898372, dt was forced below floating point epsilon 1.1368683772161603e-13, and step error estimate = NaN. Aborting. There is either an error in your model specification or the true solution is unstable (or the true solution can not be represented in the precision of Float64).
└ @ SciMLBase ~/.julia/packages/SciMLBase/4MHGc/src/integrator_interface.jl:671
┌ Warning: At t=617.9132556461232, dt was forced below floating point epsilon 1.1368683772161603e-13, and step error estimate = NaN. Aborting. There is either an error in your model specification or the true solution is unstable (or the true solution can not be represented in the precision of Float64).
└ @ SciMLBase ~/.julia/packages/SciMLBase/4MHGc/src/integrator_interface.jl:671
┌ Warning: At t=617.1488165046519, dt was forced below floating point epsilon 1.1368683772161603e-13, and step error estimate = NaN. Aborting. There is either an error in your model specification or the true solution is unstable (or the true solution can not be represented in the precision of Float64).
└ @ SciMLBase ~/.julia/packages/SciMLBase/4MHGc/src/integrator_interface.jl:671
┌ Warning: At t=616.3848807416008, dt was forced below floating point epsilon 1.1368683772161603e-13, and step error estimate = NaN. Aborting. There is either an error in your model specification or the true solution is unstable (or the true solution can not be represented in the precision of Float64).
└ @ SciMLBase ~/.julia/packages/SciMLBase/4MHGc/src/integrator_interface.jl:671
┌ Warning: At t=615.6214492333731, dt was forced below floating point epsilon 1.1368683772161603e-13, and step error estimate = NaN. Aborting. There is either an error in your model specification or the true solution is unstable (or the true solution can not be represented in the precision of Float64).
└ @ SciMLBase ~/.julia/packages/SciMLBase/4MHGc/src/integrator_interface.jl:671
┌ Warning: At t=614.8585228565855, dt was forced below floating point epsilon 1.1368683772161603e-13, and step error estimate = NaN. Aborting. There is either an error in your model specification or the true solution is unstable (or the true solution can not be represented in the precision of Float64).
└ @ SciMLBase ~/.julia/packages/SciMLBase/4MHGc/src/integrator_interface.jl:671
┌ Warning: At t=614.0961024880608, dt was forced below floating point epsilon 1.1368683772161603e-13, and step error estimate = NaN. Aborting. There is either an error in your model specification or the true solution is unstable (or the true solution can not be represented in the precision of Float64).
└ @ SciMLBase ~/.julia/packages/SciMLBase/4MHGc/src/integrator_interface.jl:671
┌ Warning: At t=613.334189004815, dt was forced below floating point epsilon 1.1368683772161603e-13, and step error estimate = NaN. Aborting. There is either an error in your model specification or the true solution is unstable (or the true solution can not be represented in the precision of Float64).
└ @ SciMLBase ~/.julia/packages/SciMLBase/4MHGc/src/integrator_interface.jl:671
┌ Warning: At t=612.5727832840495, dt was forced below floating point epsilon 1.1368683772161603e-13, and step error estimate = NaN. Aborting. There is either an error in your model specification or the true solution is unstable (or the true solution can not be represented in the precision of Float64).
└ @ SciMLBase ~/.julia/packages/SciMLBase/4MHGc/src/integrator_interface.jl:671
┌ Warning: At t=611.8118862031401, dt was forced below floating point epsilon 1.1368683772161603e-13, and step error estimate = NaN. Aborting. There is either an error in your model specification or the true solution is unstable (or the true solution can not be represented in the precision of Float64).
└ @ SciMLBase ~/.julia/packages/SciMLBase/4MHGc/src/integrator_interface.jl:671
┌ Warning: At t=611.0514986396262, dt was forced below floating point epsilon 1.1368683772161603e-13, and step error estimate = NaN. Aborting. There is either an error in your model specification or the true solution is unstable (or the true solution can not be represented in the precision of Float64).
└ @ SciMLBase ~/.julia/packages/SciMLBase/4MHGc/src/integrator_interface.jl:671
┌ Warning: At t=610.2916214712027, dt was forced below floating point epsilon 1.1368683772161603e-13, and step error estimate = NaN. Aborting. There is either an error in your model specification or the true solution is unstable (or the true solution can not be represented in the precision of Float64).
└ @ SciMLBase ~/.julia/packages/SciMLBase/4MHGc/src/integrator_interface.jl:671
┌ Warning: At t=609.5322555757076, dt was forced below floating point epsilon 1.1368683772161603e-13, and step error estimate = NaN. Aborting. There is either an error in your model specification or the true solution is unstable (or the true solution can not be represented in the precision of Float64).
└ @ SciMLBase ~/.julia/packages/SciMLBase/4MHGc/src/integrator_interface.jl:671
┌ Warning: At t=608.773401831112, dt was forced below floating point epsilon 1.1368683772161603e-13, and step error estimate = NaN. Aborting. There is either an error in your model specification or the true solution is unstable (or the true solution can not be represented in the precision of Float64).
└ @ SciMLBase ~/.julia/packages/SciMLBase/4MHGc/src/integrator_interface.jl:671
┌ Warning: At t=608.0150611155115, dt was forced below floating point epsilon 1.1368683772161603e-13, and step error estimate = NaN. Aborting. There is either an error in your model specification or the true solution is unstable (or the true solution can not be represented in the precision of Float64).
└ @ SciMLBase ~/.julia/packages/SciMLBase/4MHGc/src/integrator_interface.jl:671
┌ Warning: At t=607.2572343071118, dt was forced below floating point epsilon 1.1368683772161603e-13, and step error estimate = NaN. Aborting. There is either an error in your model specification or the true solution is unstable (or the true solution can not be represented in the precision of Float64).
└ @ SciMLBase ~/.julia/packages/SciMLBase/4MHGc/src/integrator_interface.jl:671
┌ Warning: At t=606.4999222842237, dt was forced below floating point epsilon 1.1368683772161603e-13, and step error estimate = NaN. Aborting. There is either an error in your model specification or the true solution is unstable (or the true solution can not be represented in the precision of Float64).
└ @ SciMLBase ~/.julia/packages/SciMLBase/4MHGc/src/integrator_interface.jl:671
┌ Warning: At t=605.743125925248, dt was forced below floating point epsilon 1.1368683772161603e-13, and step error estimate = NaN. Aborting. There is either an error in your model specification or the true solution is unstable (or the true solution can not be represented in the precision of Float64).
└ @ SciMLBase ~/.julia/packages/SciMLBase/4MHGc/src/integrator_interface.jl:671
┌ Warning: At t=604.9868461086667, dt was forced below floating point epsilon 1.1368683772161603e-13, and step error estimate = NaN. Aborting. There is either an error in your model specification or the true solution is unstable (or the true solution can not be represented in the precision of Float64).
└ @ SciMLBase ~/.julia/packages/SciMLBase/4MHGc/src/integrator_interface.jl:671
┌ Warning: At t=604.2310837130325, dt was forced below floating point epsilon 1.1368683772161603e-13, and step error estimate = NaN. Aborting. There is either an error in your model specification or the true solution is unstable (or the true solution can not be represented in the precision of Float64).
└ @ SciMLBase ~/.julia/packages/SciMLBase/4MHGc/src/integrator_interface.jl:671
┌ Warning: At t=603.4758396169578, dt was forced below floating point epsilon 1.1368683772161603e-13, and step error estimate = NaN. Aborting. There is either an error in your model specification or the true solution is unstable (or the true solution can not be represented in the precision of Float64).
└ @ SciMLBase ~/.julia/packages/SciMLBase/4MHGc/src/integrator_interface.jl:671
┌ Warning: At t=602.7211146991025, dt was forced below floating point epsilon 1.1368683772161603e-13, and step error estimate = NaN. Aborting. There is either an error in your model specification or the true solution is unstable (or the true solution can not be represented in the precision of Float64).
└ @ SciMLBase ~/.julia/packages/SciMLBase/4MHGc/src/integrator_interface.jl:671
┌ Warning: At t=601.9669098381665, dt was forced below floating point epsilon 1.1368683772161603e-13, and step error estimate = NaN. Aborting. There is either an error in your model specification or the true solution is unstable (or the true solution can not be represented in the precision of Float64).
└ @ SciMLBase ~/.julia/packages/SciMLBase/4MHGc/src/integrator_interface.jl:671
┌ Warning: At t=601.2132259128757, dt was forced below floating point epsilon 1.1368683772161603e-13, and step error estimate = NaN. Aborting. There is either an error in your model specification or the true solution is unstable (or the true solution can not be represented in the precision of Float64).
└ @ SciMLBase ~/.julia/packages/SciMLBase/4MHGc/src/integrator_interface.jl:671
┌ Warning: At t=600.460063801972, dt was forced below floating point epsilon 1.1368683772161603e-13, and step error estimate = NaN. Aborting. There is either an error in your model specification or the true solution is unstable (or the true solution can not be represented in the precision of Float64).
└ @ SciMLBase ~/.julia/packages/SciMLBase/4MHGc/src/integrator_interface.jl:671
┌ Warning: At t=599.7074243842025, dt was forced below floating point epsilon 1.1368683772161603e-13, and step error estimate = NaN. Aborting. There is either an error in your model specification or the true solution is unstable (or the true solution can not be represented in the precision of Float64).
└ @ SciMLBase ~/.julia/packages/SciMLBase/4MHGc/src/integrator_interface.jl:671
┌ Warning: At t=598.9553085383086, dt was forced below floating point epsilon 1.1368683772161603e-13, and step error estimate = NaN. Aborting. There is either an error in your model specification or the true solution is unstable (or the true solution can not be represented in the precision of Float64).
└ @ SciMLBase ~/.julia/packages/SciMLBase/4MHGc/src/integrator_interface.jl:671
┌ Warning: At t=598.2037171430154, dt was forced below floating point epsilon 1.1368683772161603e-13, and step error estimate = NaN. Aborting. There is either an error in your model specification or the true solution is unstable (or the true solution can not be represented in the precision of Float64).
└ @ SciMLBase ~/.julia/packages/SciMLBase/4MHGc/src/integrator_interface.jl:671
┌ Warning: At t=597.4526510770181, dt was forced below floating point epsilon 1.1368683772161603e-13, and step error estimate = NaN. Aborting. There is either an error in your model specification or the true solution is unstable (or the true solution can not be represented in the precision of Float64).
└ @ SciMLBase ~/.julia/packages/SciMLBase/4MHGc/src/integrator_interface.jl:671
┌ Warning: At t=596.7021112189738, dt was forced below floating point epsilon 1.1368683772161603e-13, and step error estimate = NaN. Aborting. There is either an error in your model specification or the true solution is unstable (or the true solution can not be represented in the precision of Float64).
└ @ SciMLBase ~/.julia/packages/SciMLBase/4MHGc/src/integrator_interface.jl:671
┌ Warning: At t=595.9520984474881, dt was forced below floating point epsilon 1.1368683772161603e-13, and step error estimate = NaN. Aborting. There is either an error in your model specification or the true solution is unstable (or the true solution can not be represented in the precision of Float64).
└ @ SciMLBase ~/.julia/packages/SciMLBase/4MHGc/src/integrator_interface.jl:671
┌ Warning: At t=595.2026136411056, dt was forced below floating point epsilon 1.1368683772161603e-13, and step error estimate = NaN. Aborting. There is either an error in your model specification or the true solution is unstable (or the true solution can not be represented in the precision of Float64).
└ @ SciMLBase ~/.julia/packages/SciMLBase/4MHGc/src/integrator_interface.jl:671
┌ Warning: At t=594.4536576782958, dt was forced below floating point epsilon 1.1368683772161603e-13, and step error estimate = NaN. Aborting. There is either an error in your model specification or the true solution is unstable (or the true solution can not be represented in the precision of Float64).
└ @ SciMLBase ~/.julia/packages/SciMLBase/4MHGc/src/integrator_interface.jl:671
┌ Warning: At t=593.7052314374447, dt was forced below floating point epsilon 1.1368683772161603e-13, and step error estimate = NaN. Aborting. There is either an error in your model specification or the true solution is unstable (or the true solution can not be represented in the precision of Float64).
└ @ SciMLBase ~/.julia/packages/SciMLBase/4MHGc/src/integrator_interface.jl:671
┌ Warning: At t=592.9573357968402, dt was forced below floating point epsilon 1.1368683772161603e-13, and step error estimate = NaN. Aborting. There is either an error in your model specification or the true solution is unstable (or the true solution can not be represented in the precision of Float64).
└ @ SciMLBase ~/.julia/packages/SciMLBase/4MHGc/src/integrator_interface.jl:671
┌ Warning: At t=592.2099716346651, dt was forced below floating point epsilon 1.1368683772161603e-13, and step error estimate = NaN. Aborting. There is either an error in your model specification or the true solution is unstable (or the true solution can not be represented in the precision of Float64).
└ @ SciMLBase ~/.julia/packages/SciMLBase/4MHGc/src/integrator_interface.jl:671
┌ Warning: At t=591.4631398289799, dt was forced below floating point epsilon 1.1368683772161603e-13, and step error estimate = NaN. Aborting. There is either an error in your model specification or the true solution is unstable (or the true solution can not be represented in the precision of Float64).
└ @ SciMLBase ~/.julia/packages/SciMLBase/4MHGc/src/integrator_interface.jl:671
┌ Warning: At t=590.7168412577146, dt was forced below floating point epsilon 1.1368683772161603e-13, and step error estimate = NaN. Aborting. There is either an error in your model specification or the true solution is unstable (or the true solution can not be represented in the precision of Float64).
└ @ SciMLBase ~/.julia/packages/SciMLBase/4MHGc/src/integrator_interface.jl:671
┌ Warning: At t=589.9710767986567, dt was forced below floating point epsilon 1.1368683772161603e-13, and step error estimate = NaN. Aborting. There is either an error in your model specification or the true solution is unstable (or the true solution can not be represented in the precision of Float64).
└ @ SciMLBase ~/.julia/packages/SciMLBase/4MHGc/src/integrator_interface.jl:671
┌ Warning: At t=589.2258473294378, dt was forced below floating point epsilon 1.1368683772161603e-13, and step error estimate = NaN. Aborting. There is either an error in your model specification or the true solution is unstable (or the true solution can not be represented in the precision of Float64).
└ @ SciMLBase ~/.julia/packages/SciMLBase/4MHGc/src/integrator_interface.jl:671
┌ Warning: At t=588.4811537275245, dt was forced below floating point epsilon 1.1368683772161603e-13, and step error estimate = NaN. Aborting. There is either an error in your model specification or the true solution is unstable (or the true solution can not be represented in the precision of Float64).
└ @ SciMLBase ~/.julia/packages/SciMLBase/4MHGc/src/integrator_interface.jl:671
┌ Warning: At t=587.736996870203, dt was forced below floating point epsilon 1.1368683772161603e-13, and step error estimate = NaN. Aborting. There is either an error in your model specification or the true solution is unstable (or the true solution can not be represented in the precision of Float64).
└ @ SciMLBase ~/.julia/packages/SciMLBase/4MHGc/src/integrator_interface.jl:671
┌ Warning: At t=586.993377634571, dt was forced below floating point epsilon 1.1368683772161603e-13, and step error estimate = NaN. Aborting. There is either an error in your model specification or the true solution is unstable (or the true solution can not be represented in the precision of Float64).
└ @ SciMLBase ~/.julia/packages/SciMLBase/4MHGc/src/integrator_interface.jl:671
┌ Warning: At t=586.2502968975218, dt was forced below floating point epsilon 1.1368683772161603e-13, and step error estimate = NaN. Aborting. There is either an error in your model specification or the true solution is unstable (or the true solution can not be represented in the precision of Float64).
└ @ SciMLBase ~/.julia/packages/SciMLBase/4MHGc/src/integrator_interface.jl:671
┌ Warning: At t=585.5077555357365, dt was forced below floating point epsilon 1.1368683772161603e-13, and step error estimate = NaN. Aborting. There is either an error in your model specification or the true solution is unstable (or the true solution can not be represented in the precision of Float64).
└ @ SciMLBase ~/.julia/packages/SciMLBase/4MHGc/src/integrator_interface.jl:671
┌ Warning: At t=584.7657544256667, dt was forced below floating point epsilon 1.1368683772161603e-13, and step error estimate = NaN. Aborting. There is either an error in your model specification or the true solution is unstable (or the true solution can not be represented in the precision of Float64).
└ @ SciMLBase ~/.julia/packages/SciMLBase/4MHGc/src/integrator_interface.jl:671
┌ Warning: At t=584.0242944435278, dt was forced below floating point epsilon 1.1368683772161603e-13, and step error estimate = NaN. Aborting. There is either an error in your model specification or the true solution is unstable (or the true solution can not be represented in the precision of Float64).
└ @ SciMLBase ~/.julia/packages/SciMLBase/4MHGc/src/integrator_interface.jl:671
┌ Warning: At t=583.2833764652827, dt was forced below floating point epsilon 1.1368683772161603e-13, and step error estimate = NaN. Aborting. There is either an error in your model specification or the true solution is unstable (or the true solution can not be represented in the precision of Float64).
└ @ SciMLBase ~/.julia/packages/SciMLBase/4MHGc/src/integrator_interface.jl:671
┌ Warning: At t=582.5430013666311, dt was forced below floating point epsilon 1.1368683772161603e-13, and step error estimate = NaN. Aborting. There is either an error in your model specification or the true solution is unstable (or the true solution can not be represented in the precision of Float64).
└ @ SciMLBase ~/.julia/packages/SciMLBase/4MHGc/src/integrator_interface.jl:671
┌ Warning: At t=581.8031700229983, dt was forced below floating point epsilon 1.1368683772161603e-13, and step error estimate = NaN. Aborting. There is either an error in your model specification or the true solution is unstable (or the true solution can not be represented in the precision of Float64).
└ @ SciMLBase ~/.julia/packages/SciMLBase/4MHGc/src/integrator_interface.jl:671
┌ Warning: At t=581.0638833095204, dt was forced below floating point epsilon 1.1368683772161603e-13, and step error estimate = NaN. Aborting. There is either an error in your model specification or the true solution is unstable (or the true solution can not be represented in the precision of Float64).
└ @ SciMLBase ~/.julia/packages/SciMLBase/4MHGc/src/integrator_interface.jl:671
┌ Warning: At t=580.3251421010335, dt was forced below floating point epsilon 1.1368683772161603e-13, and step error estimate = NaN. Aborting. There is either an error in your model specification or the true solution is unstable (or the true solution can not be represented in the precision of Float64).
└ @ SciMLBase ~/.julia/packages/SciMLBase/4MHGc/src/integrator_interface.jl:671
┌ Warning: At t=579.5869472720615, dt was forced below floating point epsilon 1.1368683772161603e-13, and step error estimate = NaN. Aborting. There is either an error in your model specification or the true solution is unstable (or the true solution can not be represented in the precision of Float64).
└ @ SciMLBase ~/.julia/packages/SciMLBase/4MHGc/src/integrator_interface.jl:671
┌ Warning: At t=578.8492996968016, dt was forced below floating point epsilon 1.1368683772161603e-13, and step error estimate = NaN. Aborting. There is either an error in your model specification or the true solution is unstable (or the true solution can not be represented in the precision of Float64).
└ @ SciMLBase ~/.julia/packages/SciMLBase/4MHGc/src/integrator_interface.jl:671
┌ Warning: At t=578.1122002491139, dt was forced below floating point epsilon 1.1368683772161603e-13, and step error estimate = NaN. Aborting. There is either an error in your model specification or the true solution is unstable (or the true solution can not be represented in the precision of Float64).
└ @ SciMLBase ~/.julia/packages/SciMLBase/4MHGc/src/integrator_interface.jl:671
┌ Warning: At t=577.3756498025077, dt was forced below floating point epsilon 1.1368683772161603e-13, and step error estimate = NaN. Aborting. There is either an error in your model specification or the true solution is unstable (or the true solution can not be represented in the precision of Float64).
└ @ SciMLBase ~/.julia/packages/SciMLBase/4MHGc/src/integrator_interface.jl:671
┌ Warning: At t=576.6396492301288, dt was forced below floating point epsilon 1.1368683772161603e-13, and step error estimate = NaN. Aborting. There is either an error in your model specification or the true solution is unstable (or the true solution can not be represented in the precision of Float64).
└ @ SciMLBase ~/.julia/packages/SciMLBase/4MHGc/src/integrator_interface.jl:671
┌ Warning: At t=575.9041994047477, dt was forced below floating point epsilon 1.1368683772161603e-13, and step error estimate = NaN. Aborting. There is either an error in your model specification or the true solution is unstable (or the true solution can not be represented in the precision of Float64).
└ @ SciMLBase ~/.julia/packages/SciMLBase/4MHGc/src/integrator_interface.jl:671
┌ Warning: At t=575.1693011987451, dt was forced below floating point epsilon 1.1368683772161603e-13, and step error estimate = NaN. Aborting. There is either an error in your model specification or the true solution is unstable (or the true solution can not be represented in the precision of Float64).
└ @ SciMLBase ~/.julia/packages/SciMLBase/4MHGc/src/integrator_interface.jl:671
┌ Warning: At t=574.4349554841001, dt was forced below floating point epsilon 1.1368683772161603e-13, and step error estimate = NaN. Aborting. There is either an error in your model specification or the true solution is unstable (or the true solution can not be represented in the precision of Float64).
└ @ SciMLBase ~/.julia/packages/SciMLBase/4MHGc/src/integrator_interface.jl:671
┌ Warning: At t=573.701163132379, dt was forced below floating point epsilon 1.1368683772161603e-13, and step error estimate = NaN. Aborting. There is either an error in your model specification or the true solution is unstable (or the true solution can not be represented in the precision of Float64).
└ @ SciMLBase ~/.julia/packages/SciMLBase/4MHGc/src/integrator_interface.jl:671
┌ Warning: At t=572.9679250147173, dt was forced below floating point epsilon 1.1368683772161603e-13, and step error estimate = NaN. Aborting. There is either an error in your model specification or the true solution is unstable (or the true solution can not be represented in the precision of Float64).
└ @ SciMLBase ~/.julia/packages/SciMLBase/4MHGc/src/integrator_interface.jl:671
┌ Warning: At t=572.2352420018126, dt was forced below floating point epsilon 1.1368683772161603e-13, and step error estimate = NaN. Aborting. There is either an error in your model specification or the true solution is unstable (or the true solution can not be represented in the precision of Float64).
└ @ SciMLBase ~/.julia/packages/SciMLBase/4MHGc/src/integrator_interface.jl:671
┌ Warning: At t=571.5031149639086, dt was forced below floating point epsilon 1.1368683772161603e-13, and step error estimate = NaN. Aborting. There is either an error in your model specification or the true solution is unstable (or the true solution can not be represented in the precision of Float64).
└ @ SciMLBase ~/.julia/packages/SciMLBase/4MHGc/src/integrator_interface.jl:671
┌ Warning: At t=570.7715447707814, dt was forced below floating point epsilon 1.1368683772161603e-13, and step error estimate = NaN. Aborting. There is either an error in your model specification or the true solution is unstable (or the true solution can not be represented in the precision of Float64).
└ @ SciMLBase ~/.julia/packages/SciMLBase/4MHGc/src/integrator_interface.jl:671
┌ Warning: At t=570.0405322917275, dt was forced below floating point epsilon 1.1368683772161603e-13, and step error estimate = NaN. Aborting. There is either an error in your model specification or the true solution is unstable (or the true solution can not be represented in the precision of Float64).
└ @ SciMLBase ~/.julia/packages/SciMLBase/4MHGc/src/integrator_interface.jl:671
┌ Warning: At t=569.3100783955513, dt was forced below floating point epsilon 1.1368683772161603e-13, and step error estimate = NaN. Aborting. There is either an error in your model specification or the true solution is unstable (or the true solution can not be represented in the precision of Float64).
└ @ SciMLBase ~/.julia/packages/SciMLBase/4MHGc/src/integrator_interface.jl:671
┌ Warning: At t=568.58018395055, dt was forced below floating point epsilon 1.1368683772161603e-13, and step error estimate = NaN. Aborting. There is either an error in your model specification or the true solution is unstable (or the true solution can not be represented in the precision of Float64).
└ @ SciMLBase ~/.julia/packages/SciMLBase/4MHGc/src/integrator_interface.jl:671
┌ Warning: At t=567.8508498245014, dt was forced below floating point epsilon 1.1368683772161603e-13, and step error estimate = NaN. Aborting. There is either an error in your model specification or the true solution is unstable (or the true solution can not be represented in the precision of Float64).
└ @ SciMLBase ~/.julia/packages/SciMLBase/4MHGc/src/integrator_interface.jl:671
┌ Warning: At t=567.1220768846512, dt was forced below floating point epsilon 1.1368683772161603e-13, and step error estimate = NaN. Aborting. There is either an error in your model specification or the true solution is unstable (or the true solution can not be represented in the precision of Float64).
└ @ SciMLBase ~/.julia/packages/SciMLBase/4MHGc/src/integrator_interface.jl:671
┌ Warning: At t=566.3938659976982, dt was forced below floating point epsilon 1.1368683772161603e-13, and step error estimate = NaN. Aborting. There is either an error in your model specification or the true solution is unstable (or the true solution can not be represented in the precision of Float64).
└ @ SciMLBase ~/.julia/packages/SciMLBase/4MHGc/src/integrator_interface.jl:671
┌ Warning: At t=565.6662180297802, dt was forced below floating point epsilon 1.1368683772161603e-13, and step error estimate = NaN. Aborting. There is either an error in your model specification or the true solution is unstable (or the true solution can not be represented in the precision of Float64).
└ @ SciMLBase ~/.julia/packages/SciMLBase/4MHGc/src/integrator_interface.jl:671
┌ Warning: At t=564.9391338464646, dt was forced below floating point epsilon 1.1368683772161603e-13, and step error estimate = NaN. Aborting. There is either an error in your model specification or the true solution is unstable (or the true solution can not be represented in the precision of Float64).
└ @ SciMLBase ~/.julia/packages/SciMLBase/4MHGc/src/integrator_interface.jl:671
┌ Warning: At t=564.2126143127294, dt was forced below floating point epsilon 1.1368683772161603e-13, and step error estimate = NaN. Aborting. There is either an error in your model specification or the true solution is unstable (or the true solution can not be represented in the precision of Float64).
└ @ SciMLBase ~/.julia/packages/SciMLBase/4MHGc/src/integrator_interface.jl:671
┌ Warning: At t=563.4866602929535, dt was forced below floating point epsilon 1.1368683772161603e-13, and step error estimate = NaN. Aborting. There is either an error in your model specification or the true solution is unstable (or the true solution can not be represented in the precision of Float64).
└ @ SciMLBase ~/.julia/packages/SciMLBase/4MHGc/src/integrator_interface.jl:671
┌ Warning: At t=562.7612726509017, dt was forced below floating point epsilon 1.1368683772161603e-13, and step error estimate = NaN. Aborting. There is either an error in your model specification or the true solution is unstable (or the true solution can not be represented in the precision of Float64).
└ @ SciMLBase ~/.julia/packages/SciMLBase/4MHGc/src/integrator_interface.jl:671
┌ Warning: At t=562.036452249711, dt was forced below floating point epsilon 1.1368683772161603e-13, and step error estimate = NaN. Aborting. There is either an error in your model specification or the true solution is unstable (or the true solution can not be represented in the precision of Float64).
└ @ SciMLBase ~/.julia/packages/SciMLBase/4MHGc/src/integrator_interface.jl:671
┌ Warning: At t=561.3121999518771, dt was forced below floating point epsilon 1.1368683772161603e-13, and step error estimate = NaN. Aborting. There is either an error in your model specification or the true solution is unstable (or the true solution can not be represented in the precision of Float64).
└ @ SciMLBase ~/.julia/packages/SciMLBase/4MHGc/src/integrator_interface.jl:671
┌ Warning: At t=560.5885166192409, dt was forced below floating point epsilon 1.1368683772161603e-13, and step error estimate = NaN. Aborting. There is either an error in your model specification or the true solution is unstable (or the true solution can not be represented in the precision of Float64).
└ @ SciMLBase ~/.julia/packages/SciMLBase/4MHGc/src/integrator_interface.jl:671
┌ Warning: At t=559.8654031129723, dt was forced below floating point epsilon 1.1368683772161603e-13, and step error estimate = NaN. Aborting. There is either an error in your model specification or the true solution is unstable (or the true solution can not be represented in the precision of Float64).
└ @ SciMLBase ~/.julia/packages/SciMLBase/4MHGc/src/integrator_interface.jl:671
┌ Warning: At t=559.1428602935616, dt was forced below floating point epsilon 1.1368683772161603e-13, and step error estimate = NaN. Aborting. There is either an error in your model specification or the true solution is unstable (or the true solution can not be represented in the precision of Float64).
└ @ SciMLBase ~/.julia/packages/SciMLBase/4MHGc/src/integrator_interface.jl:671
┌ Warning: At t=558.4208890208, dt was forced below floating point epsilon 1.1368683772161603e-13, and step error estimate = NaN. Aborting. There is either an error in your model specification or the true solution is unstable (or the true solution can not be represented in the precision of Float64).
└ @ SciMLBase ~/.julia/packages/SciMLBase/4MHGc/src/integrator_interface.jl:671
┌ Warning: At t=557.699490153768, dt was forced below floating point epsilon 1.1368683772161603e-13, and step error estimate = NaN. Aborting. There is either an error in your model specification or the true solution is unstable (or the true solution can not be represented in the precision of Float64).
└ @ SciMLBase ~/.julia/packages/SciMLBase/4MHGc/src/integrator_interface.jl:671
┌ Warning: At t=556.9786645508227, dt was forced below floating point epsilon 1.1368683772161603e-13, and step error estimate = NaN. Aborting. There is either an error in your model specification or the true solution is unstable (or the true solution can not be represented in the precision of Float64).
└ @ SciMLBase ~/.julia/packages/SciMLBase/4MHGc/src/integrator_interface.jl:671
┌ Warning: At t=556.2584130695807, dt was forced below floating point epsilon 1.1368683772161603e-13, and step error estimate = NaN. Aborting. There is either an error in your model specification or the true solution is unstable (or the true solution can not be represented in the precision of Float64).
└ @ SciMLBase ~/.julia/packages/SciMLBase/4MHGc/src/integrator_interface.jl:671
┌ Warning: At t=555.5387365669071, dt was forced below floating point epsilon 1.1368683772161603e-13, and step error estimate = NaN. Aborting. There is either an error in your model specification or the true solution is unstable (or the true solution can not be represented in the precision of Float64).
└ @ SciMLBase ~/.julia/packages/SciMLBase/4MHGc/src/integrator_interface.jl:671
┌ Warning: At t=554.8196358988994, dt was forced below floating point epsilon 1.1368683772161603e-13, and step error estimate = NaN. Aborting. There is either an error in your model specification or the true solution is unstable (or the true solution can not be represented in the precision of Float64).
└ @ SciMLBase ~/.julia/packages/SciMLBase/4MHGc/src/integrator_interface.jl:671
┌ Warning: At t=554.1011119208737, dt was forced below floating point epsilon 1.1368683772161603e-13, and step error estimate = NaN. Aborting. There is either an error in your model specification or the true solution is unstable (or the true solution can not be represented in the precision of Float64).
└ @ SciMLBase ~/.julia/packages/SciMLBase/4MHGc/src/integrator_interface.jl:671
┌ Warning: At t=553.3831654873505, dt was forced below floating point epsilon 1.1368683772161603e-13, and step error estimate = NaN. Aborting. There is either an error in your model specification or the true solution is unstable (or the true solution can not be represented in the precision of Float64).
└ @ SciMLBase ~/.julia/packages/SciMLBase/4MHGc/src/integrator_interface.jl:671
┌ Warning: At t=552.6657974520416, dt was forced below floating point epsilon 1.1368683772161603e-13, and step error estimate = NaN. Aborting. There is either an error in your model specification or the true solution is unstable (or the true solution can not be represented in the precision of Float64).
└ @ SciMLBase ~/.julia/packages/SciMLBase/4MHGc/src/integrator_interface.jl:671
┌ Warning: At t=551.949008667834, dt was forced below floating point epsilon 1.1368683772161603e-13, and step error estimate = NaN. Aborting. There is either an error in your model specification or the true solution is unstable (or the true solution can not be represented in the precision of Float64).
└ @ SciMLBase ~/.julia/packages/SciMLBase/4MHGc/src/integrator_interface.jl:671
┌ Warning: At t=551.2327999867754, dt was forced below floating point epsilon 1.1368683772161603e-13, and step error estimate = NaN. Aborting. There is either an error in your model specification or the true solution is unstable (or the true solution can not be represented in the precision of Float64).
└ @ SciMLBase ~/.julia/packages/SciMLBase/4MHGc/src/integrator_interface.jl:671
┌ Warning: At t=550.5171722600628, dt was forced below floating point epsilon 1.1368683772161603e-13, and step error estimate = NaN. Aborting. There is either an error in your model specification or the true solution is unstable (or the true solution can not be represented in the precision of Float64).
└ @ SciMLBase ~/.julia/packages/SciMLBase/4MHGc/src/integrator_interface.jl:671
┌ Warning: At t=549.8021263380243, dt was forced below floating point epsilon 1.1368683772161603e-13, and step error estimate = NaN. Aborting. There is either an error in your model specification or the true solution is unstable (or the true solution can not be represented in the precision of Float64).
└ @ SciMLBase ~/.julia/packages/SciMLBase/4MHGc/src/integrator_interface.jl:671
┌ Warning: At t=549.0876630701067, dt was forced below floating point epsilon 1.1368683772161603e-13, and step error estimate = NaN. Aborting. There is either an error in your model specification or the true solution is unstable (or the true solution can not be represented in the precision of Float64).
└ @ SciMLBase ~/.julia/packages/SciMLBase/4MHGc/src/integrator_interface.jl:671
┌ Warning: At t=548.3737833048609, dt was forced below floating point epsilon 1.1368683772161603e-13, and step error estimate = NaN. Aborting. There is either an error in your model specification or the true solution is unstable (or the true solution can not be represented in the precision of Float64).
└ @ SciMLBase ~/.julia/packages/SciMLBase/4MHGc/src/integrator_interface.jl:671
┌ Warning: At t=547.6604878899263, dt was forced below floating point epsilon 1.1368683772161603e-13, and step error estimate = NaN. Aborting. There is either an error in your model specification or the true solution is unstable (or the true solution can not be represented in the precision of Float64).
└ @ SciMLBase ~/.julia/packages/SciMLBase/4MHGc/src/integrator_interface.jl:671
┌ Warning: At t=546.9477776720179, dt was forced below floating point epsilon 1.1368683772161603e-13, and step error estimate = NaN. Aborting. There is either an error in your model specification or the true solution is unstable (or the true solution can not be represented in the precision of Float64).
└ @ SciMLBase ~/.julia/packages/SciMLBase/4MHGc/src/integrator_interface.jl:671
┌ Warning: At t=546.2356534969093, dt was forced below floating point epsilon 1.1368683772161603e-13, and step error estimate = NaN. Aborting. There is either an error in your model specification or the true solution is unstable (or the true solution can not be represented in the precision of Float64).
└ @ SciMLBase ~/.julia/packages/SciMLBase/4MHGc/src/integrator_interface.jl:671
┌ Warning: At t=545.5241162094209, dt was forced below floating point epsilon 1.1368683772161603e-13, and step error estimate = NaN. Aborting. There is either an error in your model specification or the true solution is unstable (or the true solution can not be represented in the precision of Float64).
└ @ SciMLBase ~/.julia/packages/SciMLBase/4MHGc/src/integrator_interface.jl:671
┌ Warning: At t=544.8131666534024, dt was forced below floating point epsilon 1.1368683772161603e-13, and step error estimate = NaN. Aborting. There is either an error in your model specification or the true solution is unstable (or the true solution can not be represented in the precision of Float64).
└ @ SciMLBase ~/.julia/packages/SciMLBase/4MHGc/src/integrator_interface.jl:671
┌ Warning: At t=544.1028056717196, dt was forced below floating point epsilon 1.1368683772161603e-13, and step error estimate = NaN. Aborting. There is either an error in your model specification or the true solution is unstable (or the true solution can not be represented in the precision of Float64).
└ @ SciMLBase ~/.julia/packages/SciMLBase/4MHGc/src/integrator_interface.jl:671
┌ Warning: At t=543.3930341062394, dt was forced below floating point epsilon 1.1368683772161603e-13, and step error estimate = NaN. Aborting. There is either an error in your model specification or the true solution is unstable (or the true solution can not be represented in the precision of Float64).
└ @ SciMLBase ~/.julia/packages/SciMLBase/4MHGc/src/integrator_interface.jl:671
┌ Warning: At t=542.6838527978149, dt was forced below floating point epsilon 1.1368683772161603e-13, and step error estimate = NaN. Aborting. There is either an error in your model specification or the true solution is unstable (or the true solution can not be represented in the precision of Float64).
└ @ SciMLBase ~/.julia/packages/SciMLBase/4MHGc/src/integrator_interface.jl:671
┌ Warning: At t=541.9752625862701, dt was forced below floating point epsilon 1.1368683772161603e-13, and step error estimate = NaN. Aborting. There is either an error in your model specification or the true solution is unstable (or the true solution can not be represented in the precision of Float64).
└ @ SciMLBase ~/.julia/packages/SciMLBase/4MHGc/src/integrator_interface.jl:671
┌ Warning: At t=541.2672643103858, dt was forced below floating point epsilon 1.1368683772161603e-13, and step error estimate = NaN. Aborting. There is either an error in your model specification or the true solution is unstable (or the true solution can not be represented in the precision of Float64).
└ @ SciMLBase ~/.julia/packages/SciMLBase/4MHGc/src/integrator_interface.jl:671
┌ Warning: At t=540.5598588078838, dt was forced below floating point epsilon 1.1368683772161603e-13, and step error estimate = NaN. Aborting. There is either an error in your model specification or the true solution is unstable (or the true solution can not be represented in the precision of Float64).
└ @ SciMLBase ~/.julia/packages/SciMLBase/4MHGc/src/integrator_interface.jl:671
┌ Warning: At t=539.8530469154124, dt was forced below floating point epsilon 1.1368683772161603e-13, and step error estimate = NaN. Aborting. There is either an error in your model specification or the true solution is unstable (or the true solution can not be represented in the precision of Float64).
└ @ SciMLBase ~/.julia/packages/SciMLBase/4MHGc/src/integrator_interface.jl:671
┌ Warning: At t=539.1468294685311, dt was forced below floating point epsilon 1.1368683772161603e-13, and step error estimate = NaN. Aborting. There is either an error in your model specification or the true solution is unstable (or the true solution can not be represented in the precision of Float64).
└ @ SciMLBase ~/.julia/packages/SciMLBase/4MHGc/src/integrator_interface.jl:671
┌ Warning: At t=538.4412073016962, dt was forced below floating point epsilon 1.1368683772161603e-13, and step error estimate = NaN. Aborting. There is either an error in your model specification or the true solution is unstable (or the true solution can not be represented in the precision of Float64).
└ @ SciMLBase ~/.julia/packages/SciMLBase/4MHGc/src/integrator_interface.jl:671
┌ Warning: At t=537.7361812482446, dt was forced below floating point epsilon 1.1368683772161603e-13, and step error estimate = NaN. Aborting. There is either an error in your model specification or the true solution is unstable (or the true solution can not be represented in the precision of Float64).
└ @ SciMLBase ~/.julia/packages/SciMLBase/4MHGc/src/integrator_interface.jl:671
┌ Warning: At t=537.0317521403796, dt was forced below floating point epsilon 1.1368683772161603e-13, and step error estimate = NaN. Aborting. There is either an error in your model specification or the true solution is unstable (or the true solution can not be represented in the precision of Float64).
└ @ SciMLBase ~/.julia/packages/SciMLBase/4MHGc/src/integrator_interface.jl:671
┌ Warning: At t=536.3279208091557, dt was forced below floating point epsilon 1.1368683772161603e-13, and step error estimate = NaN. Aborting. There is either an error in your model specification or the true solution is unstable (or the true solution can not be represented in the precision of Float64).
└ @ SciMLBase ~/.julia/packages/SciMLBase/4MHGc/src/integrator_interface.jl:671
┌ Warning: At t=535.6246880844624, dt was forced below floating point epsilon 1.1368683772161603e-13, and step error estimate = NaN. Aborting. There is either an error in your model specification or the true solution is unstable (or the true solution can not be represented in the precision of Float64).
└ @ SciMLBase ~/.julia/packages/SciMLBase/4MHGc/src/integrator_interface.jl:671
┌ Warning: At t=534.92205479501, dt was forced below floating point epsilon 1.1368683772161603e-13, and step error estimate = NaN. Aborting. There is either an error in your model specification or the true solution is unstable (or the true solution can not be represented in the precision of Float64).
└ @ SciMLBase ~/.julia/packages/SciMLBase/4MHGc/src/integrator_interface.jl:671
┌ Warning: At t=534.2200217683145, dt was forced below floating point epsilon 1.1368683772161603e-13, and step error estimate = NaN. Aborting. There is either an error in your model specification or the true solution is unstable (or the true solution can not be represented in the precision of Float64).
└ @ SciMLBase ~/.julia/packages/SciMLBase/4MHGc/src/integrator_interface.jl:671
┌ Warning: At t=533.5185898306811, dt was forced below floating point epsilon 1.1368683772161603e-13, and step error estimate = NaN. Aborting. There is either an error in your model specification or the true solution is unstable (or the true solution can not be represented in the precision of Float64).
└ @ SciMLBase ~/.julia/packages/SciMLBase/4MHGc/src/integrator_interface.jl:671
┌ Warning: At t=532.8177598071899, dt was forced below floating point epsilon 1.1368683772161603e-13, and step error estimate = NaN. Aborting. There is either an error in your model specification or the true solution is unstable (or the true solution can not be represented in the precision of Float64).
└ @ SciMLBase ~/.julia/packages/SciMLBase/4MHGc/src/integrator_interface.jl:671
┌ Warning: At t=532.1175325216802, dt was forced below floating point epsilon 1.1368683772161603e-13, and step error estimate = NaN. Aborting. There is either an error in your model specification or the true solution is unstable (or the true solution can not be represented in the precision of Float64).
└ @ SciMLBase ~/.julia/packages/SciMLBase/4MHGc/src/integrator_interface.jl:671
┌ Warning: At t=531.4179087967354, dt was forced below floating point epsilon 1.1368683772161603e-13, and step error estimate = NaN. Aborting. There is either an error in your model specification or the true solution is unstable (or the true solution can not be represented in the precision of Float64).
└ @ SciMLBase ~/.julia/packages/SciMLBase/4MHGc/src/integrator_interface.jl:671
┌ Warning: At t=530.7188894536672, dt was forced below floating point epsilon 1.1368683772161603e-13, and step error estimate = NaN. Aborting. There is either an error in your model specification or the true solution is unstable (or the true solution can not be represented in the precision of Float64).
└ @ SciMLBase ~/.julia/packages/SciMLBase/4MHGc/src/integrator_interface.jl:671
┌ Warning: At t=530.0204753124998, dt was forced below floating point epsilon 1.1368683772161603e-13, and step error estimate = NaN. Aborting. There is either an error in your model specification or the true solution is unstable (or the true solution can not be represented in the precision of Float64).
└ @ SciMLBase ~/.julia/packages/SciMLBase/4MHGc/src/integrator_interface.jl:671
┌ Warning: At t=529.3226671919554, dt was forced below floating point epsilon 1.1368683772161603e-13, and step error estimate = NaN. Aborting. There is either an error in your model specification or the true solution is unstable (or the true solution can not be represented in the precision of Float64).
└ @ SciMLBase ~/.julia/packages/SciMLBase/4MHGc/src/integrator_interface.jl:671
┌ Warning: At t=528.6254659094382, dt was forced below floating point epsilon 1.1368683772161603e-13, and step error estimate = NaN. Aborting. There is either an error in your model specification or the true solution is unstable (or the true solution can not be represented in the precision of Float64).
└ @ SciMLBase ~/.julia/packages/SciMLBase/4MHGc/src/integrator_interface.jl:671
┌ Warning: At t=527.9288722810188, dt was forced below floating point epsilon 1.1368683772161603e-13, and step error estimate = NaN. Aborting. There is either an error in your model specification or the true solution is unstable (or the true solution can not be represented in the precision of Float64).
└ @ SciMLBase ~/.julia/packages/SciMLBase/4MHGc/src/integrator_interface.jl:671
┌ Warning: At t=527.2328871214172, dt was forced below floating point epsilon 1.1368683772161603e-13, and step error estimate = NaN. Aborting. There is either an error in your model specification or the true solution is unstable (or the true solution can not be represented in the precision of Float64).
└ @ SciMLBase ~/.julia/packages/SciMLBase/4MHGc/src/integrator_interface.jl:671
┌ Warning: At t=526.5375112439925, dt was forced below floating point epsilon 1.1368683772161603e-13, and step error estimate = NaN. Aborting. There is either an error in your model specification or the true solution is unstable (or the true solution can not be represented in the precision of Float64).
└ @ SciMLBase ~/.julia/packages/SciMLBase/4MHGc/src/integrator_interface.jl:671
┌ Warning: At t=525.8427454607181, dt was forced below floating point epsilon 1.1368683772161603e-13, and step error estimate = NaN. Aborting. There is either an error in your model specification or the true solution is unstable (or the true solution can not be represented in the precision of Float64).
└ @ SciMLBase ~/.julia/packages/SciMLBase/4MHGc/src/integrator_interface.jl:671
┌ Warning: At t=525.1485905821768, dt was forced below floating point epsilon 1.1368683772161603e-13, and step error estimate = NaN. Aborting. There is either an error in your model specification or the true solution is unstable (or the true solution can not be represented in the precision of Float64).
└ @ SciMLBase ~/.julia/packages/SciMLBase/4MHGc/src/integrator_interface.jl:671
┌ Warning: At t=524.4550474175361, dt was forced below floating point epsilon 1.1368683772161603e-13, and step error estimate = NaN. Aborting. There is either an error in your model specification or the true solution is unstable (or the true solution can not be represented in the precision of Float64).
└ @ SciMLBase ~/.julia/packages/SciMLBase/4MHGc/src/integrator_interface.jl:671
┌ Warning: At t=523.7621167745369, dt was forced below floating point epsilon 1.1368683772161603e-13, and step error estimate = NaN. Aborting. There is either an error in your model specification or the true solution is unstable (or the true solution can not be represented in the precision of Float64).
└ @ SciMLBase ~/.julia/packages/SciMLBase/4MHGc/src/integrator_interface.jl:671
┌ Warning: At t=523.0697994594782, dt was forced below floating point epsilon 1.1368683772161603e-13, and step error estimate = NaN. Aborting. There is either an error in your model specification or the true solution is unstable (or the true solution can not be represented in the precision of Float64).
└ @ SciMLBase ~/.julia/packages/SciMLBase/4MHGc/src/integrator_interface.jl:671
┌ Warning: At t=522.3780962771987, dt was forced below floating point epsilon 1.1368683772161603e-13, and step error estimate = NaN. Aborting. There is either an error in your model specification or the true solution is unstable (or the true solution can not be represented in the precision of Float64).
└ @ SciMLBase ~/.julia/packages/SciMLBase/4MHGc/src/integrator_interface.jl:671
┌ Warning: At t=521.6870080310632, dt was forced below floating point epsilon 1.1368683772161603e-13, and step error estimate = NaN. Aborting. There is either an error in your model specification or the true solution is unstable (or the true solution can not be represented in the precision of Float64).
└ @ SciMLBase ~/.julia/packages/SciMLBase/4MHGc/src/integrator_interface.jl:671
┌ Warning: At t=520.9965355229457, dt was forced below floating point epsilon 1.1368683772161603e-13, and step error estimate = NaN. Aborting. There is either an error in your model specification or the true solution is unstable (or the true solution can not be represented in the precision of Float64).
└ @ SciMLBase ~/.julia/packages/SciMLBase/4MHGc/src/integrator_interface.jl:671
┌ Warning: At t=520.306679553215, dt was forced below floating point epsilon 1.1368683772161603e-13, and step error estimate = NaN. Aborting. There is either an error in your model specification or the true solution is unstable (or the true solution can not be represented in the precision of Float64).
└ @ SciMLBase ~/.julia/packages/SciMLBase/4MHGc/src/integrator_interface.jl:671
┌ Warning: At t=519.617440920717, dt was forced below floating point epsilon 1.1368683772161603e-13, and step error estimate = NaN. Aborting. There is either an error in your model specification or the true solution is unstable (or the true solution can not be represented in the precision of Float64).
└ @ SciMLBase ~/.julia/packages/SciMLBase/4MHGc/src/integrator_interface.jl:671
┌ Warning: At t=518.9288204227591, dt was forced below floating point epsilon 1.1368683772161603e-13, and step error estimate = NaN. Aborting. There is either an error in your model specification or the true solution is unstable (or the true solution can not be represented in the precision of Float64).
└ @ SciMLBase ~/.julia/packages/SciMLBase/4MHGc/src/integrator_interface.jl:671
┌ Warning: At t=518.2408188550959, dt was forced below floating point epsilon 1.1368683772161603e-13, and step error estimate = NaN. Aborting. There is either an error in your model specification or the true solution is unstable (or the true solution can not be represented in the precision of Float64).
└ @ SciMLBase ~/.julia/packages/SciMLBase/4MHGc/src/integrator_interface.jl:671
┌ Warning: At t=517.5534370119125, dt was forced below floating point epsilon 1.1368683772161603e-13, and step error estimate = NaN. Aborting. There is either an error in your model specification or the true solution is unstable (or the true solution can not be represented in the precision of Float64).
└ @ SciMLBase ~/.julia/packages/SciMLBase/4MHGc/src/integrator_interface.jl:671
┌ Warning: At t=516.8666756858071, dt was forced below floating point epsilon 1.1368683772161603e-13, and step error estimate = NaN. Aborting. There is either an error in your model specification or the true solution is unstable (or the true solution can not be represented in the precision of Float64).
└ @ SciMLBase ~/.julia/packages/SciMLBase/4MHGc/src/integrator_interface.jl:671
┌ Warning: At t=516.1805356677771, dt was forced below floating point epsilon 1.1368683772161603e-13, and step error estimate = NaN. Aborting. There is either an error in your model specification or the true solution is unstable (or the true solution can not be represented in the precision of Float64).
└ @ SciMLBase ~/.julia/packages/SciMLBase/4MHGc/src/integrator_interface.jl:671
┌ Warning: At t=515.4950177472022, dt was forced below floating point epsilon 1.1368683772161603e-13, and step error estimate = NaN. Aborting. There is either an error in your model specification or the true solution is unstable (or the true solution can not be represented in the precision of Float64).
└ @ SciMLBase ~/.julia/packages/SciMLBase/4MHGc/src/integrator_interface.jl:671
┌ Warning: At t=514.8101227118291, dt was forced below floating point epsilon 1.1368683772161603e-13, and step error estimate = NaN. Aborting. There is either an error in your model specification or the true solution is unstable (or the true solution can not be represented in the precision of Float64).
└ @ SciMLBase ~/.julia/packages/SciMLBase/4MHGc/src/integrator_interface.jl:671
┌ Warning: At t=514.1258513477543, dt was forced below floating point epsilon 1.1368683772161603e-13, and step error estimate = NaN. Aborting. There is either an error in your model specification or the true solution is unstable (or the true solution can not be represented in the precision of Float64).
└ @ SciMLBase ~/.julia/packages/SciMLBase/4MHGc/src/integrator_interface.jl:671
┌ Warning: At t=513.4422044394092, dt was forced below floating point epsilon 1.1368683772161603e-13, and step error estimate = NaN. Aborting. There is either an error in your model specification or the true solution is unstable (or the true solution can not be represented in the precision of Float64).
└ @ SciMLBase ~/.julia/packages/SciMLBase/4MHGc/src/integrator_interface.jl:671
┌ Warning: At t=512.7591827695429, dt was forced below floating point epsilon 1.1368683772161603e-13, and step error estimate = NaN. Aborting. There is either an error in your model specification or the true solution is unstable (or the true solution can not be represented in the precision of Float64).
└ @ SciMLBase ~/.julia/packages/SciMLBase/4MHGc/src/integrator_interface.jl:671
┌ Warning: At t=512.0767871192083, dt was forced below floating point epsilon 1.1368683772161603e-13, and step error estimate = NaN. Aborting. There is either an error in your model specification or the true solution is unstable (or the true solution can not be represented in the precision of Float64).
└ @ SciMLBase ~/.julia/packages/SciMLBase/4MHGc/src/integrator_interface.jl:671
┌ Warning: At t=511.395018267743, dt was forced below floating point epsilon 5.684341886080802e-14, and step error estimate = NaN. Aborting. There is either an error in your model specification or the true solution is unstable (or the true solution can not be represented in the precision of Float64).
└ @ SciMLBase ~/.julia/packages/SciMLBase/4MHGc/src/integrator_interface.jl:671
┌ Warning: At t=510.7138769927558, dt was forced below floating point epsilon 5.684341886080802e-14, and step error estimate = NaN. Aborting. There is either an error in your model specification or the true solution is unstable (or the true solution can not be represented in the precision of Float64).
└ @ SciMLBase ~/.julia/packages/SciMLBase/4MHGc/src/integrator_interface.jl:671
┌ Warning: At t=510.0333640701095, dt was forced below floating point epsilon 5.684341886080802e-14, and step error estimate = NaN. Aborting. There is either an error in your model specification or the true solution is unstable (or the true solution can not be represented in the precision of Float64).
└ @ SciMLBase ~/.julia/packages/SciMLBase/4MHGc/src/integrator_interface.jl:671
┌ Warning: At t=509.35348027390506, dt was forced below floating point epsilon 5.684341886080802e-14, and step error estimate = NaN. Aborting. There is either an error in your model specification or the true solution is unstable (or the true solution can not be represented in the precision of Float64).
└ @ SciMLBase ~/.julia/packages/SciMLBase/4MHGc/src/integrator_interface.jl:671
┌ Warning: At t=508.6742263764649, dt was forced below floating point epsilon 5.684341886080802e-14, and step error estimate = NaN. Aborting. There is either an error in your model specification or the true solution is unstable (or the true solution can not be represented in the precision of Float64).
└ @ SciMLBase ~/.julia/packages/SciMLBase/4MHGc/src/integrator_interface.jl:671
┌ Warning: At t=507.99560314831837, dt was forced below floating point epsilon 5.684341886080802e-14, and step error estimate = NaN. Aborting. There is either an error in your model specification or the true solution is unstable (or the true solution can not be represented in the precision of Float64).
└ @ SciMLBase ~/.julia/packages/SciMLBase/4MHGc/src/integrator_interface.jl:671
┌ Warning: At t=507.3176113581833, dt was forced below floating point epsilon 5.684341886080802e-14, and step error estimate = NaN. Aborting. There is either an error in your model specification or the true solution is unstable (or the true solution can not be represented in the precision of Float64).
└ @ SciMLBase ~/.julia/packages/SciMLBase/4MHGc/src/integrator_interface.jl:671
┌ Warning: At t=506.6402517729511, dt was forced below floating point epsilon 5.684341886080802e-14, and step error estimate = NaN. Aborting. There is either an error in your model specification or the true solution is unstable (or the true solution can not be represented in the precision of Float64).
└ @ SciMLBase ~/.julia/packages/SciMLBase/4MHGc/src/integrator_interface.jl:671
┌ Warning: At t=505.963525157672, dt was forced below floating point epsilon 5.684341886080802e-14, and step error estimate = NaN. Aborting. There is either an error in your model specification or the true solution is unstable (or the true solution can not be represented in the precision of Float64).
└ @ SciMLBase ~/.julia/packages/SciMLBase/4MHGc/src/integrator_interface.jl:671
┌ Warning: At t=505.2874322755355, dt was forced below floating point epsilon 5.684341886080802e-14, and step error estimate = NaN. Aborting. There is either an error in your model specification or the true solution is unstable (or the true solution can not be represented in the precision of Float64).
└ @ SciMLBase ~/.julia/packages/SciMLBase/4MHGc/src/integrator_interface.jl:671
┌ Warning: At t=504.6119738878572, dt was forced below floating point epsilon 5.684341886080802e-14, and step error estimate = NaN. Aborting. There is either an error in your model specification or the true solution is unstable (or the true solution can not be represented in the precision of Float64).
└ @ SciMLBase ~/.julia/packages/SciMLBase/4MHGc/src/integrator_interface.jl:671
┌ Warning: At t=503.9371507540617, dt was forced below floating point epsilon 5.684341886080802e-14, and step error estimate = NaN. Aborting. There is either an error in your model specification or the true solution is unstable (or the true solution can not be represented in the precision of Float64).
└ @ SciMLBase ~/.julia/packages/SciMLBase/4MHGc/src/integrator_interface.jl:671
┌ Warning: At t=503.2629636316656, dt was forced below floating point epsilon 5.684341886080802e-14, and step error estimate = NaN. Aborting. There is either an error in your model specification or the true solution is unstable (or the true solution can not be represented in the precision of Float64).
└ @ SciMLBase ~/.julia/packages/SciMLBase/4MHGc/src/integrator_interface.jl:671
┌ Warning: At t=502.5894132762627, dt was forced below floating point epsilon 5.684341886080802e-14, and step error estimate = NaN. Aborting. There is either an error in your model specification or the true solution is unstable (or the true solution can not be represented in the precision of Float64).
└ @ SciMLBase ~/.julia/packages/SciMLBase/4MHGc/src/integrator_interface.jl:671
┌ Warning: At t=501.91650044150646, dt was forced below floating point epsilon 5.684341886080802e-14, and step error estimate = NaN. Aborting. There is either an error in your model specification or the true solution is unstable (or the true solution can not be represented in the precision of Float64).
└ @ SciMLBase ~/.julia/packages/SciMLBase/4MHGc/src/integrator_interface.jl:671
┌ Warning: At t=501.24422587909424, dt was forced below floating point epsilon 5.684341886080802e-14, and step error estimate = NaN. Aborting. There is either an error in your model specification or the true solution is unstable (or the true solution can not be represented in the precision of Float64).
└ @ SciMLBase ~/.julia/packages/SciMLBase/4MHGc/src/integrator_interface.jl:671
┌ Warning: At t=500.572590338752, dt was forced below floating point epsilon 5.684341886080802e-14, and step error estimate = NaN. Aborting. There is either an error in your model specification or the true solution is unstable (or the true solution can not be represented in the precision of Float64).
└ @ SciMLBase ~/.julia/packages/SciMLBase/4MHGc/src/integrator_interface.jl:671
┌ Warning: At t=499.9015945682161, dt was forced below floating point epsilon 5.684341886080802e-14, and step error estimate = NaN. Aborting. There is either an error in your model specification or the true solution is unstable (or the true solution can not be represented in the precision of Float64).
└ @ SciMLBase ~/.julia/packages/SciMLBase/4MHGc/src/integrator_interface.jl:671
┌ Warning: At t=499.23123931322004, dt was forced below floating point epsilon 5.684341886080802e-14, and step error estimate = NaN. Aborting. There is either an error in your model specification or the true solution is unstable (or the true solution can not be represented in the precision of Float64).
└ @ SciMLBase ~/.julia/packages/SciMLBase/4MHGc/src/integrator_interface.jl:671
┌ Warning: At t=498.56152531747455, dt was forced below floating point epsilon 5.684341886080802e-14, and step error estimate = NaN. Aborting. There is either an error in your model specification or the true solution is unstable (or the true solution can not be represented in the precision of Float64).
└ @ SciMLBase ~/.julia/packages/SciMLBase/4MHGc/src/integrator_interface.jl:671
┌ Warning: At t=497.8924533226547, dt was forced below floating point epsilon 5.684341886080802e-14, and step error estimate = NaN. Aborting. There is either an error in your model specification or the true solution is unstable (or the true solution can not be represented in the precision of Float64).
└ @ SciMLBase ~/.julia/packages/SciMLBase/4MHGc/src/integrator_interface.jl:671
┌ Warning: At t=497.2240240683815, dt was forced below floating point epsilon 5.684341886080802e-14, and step error estimate = NaN. Aborting. There is either an error in your model specification or the true solution is unstable (or the true solution can not be represented in the precision of Float64).
└ @ SciMLBase ~/.julia/packages/SciMLBase/4MHGc/src/integrator_interface.jl:671
┌ Warning: At t=496.5562382922067, dt was forced below floating point epsilon 5.684341886080802e-14, and step error estimate = NaN. Aborting. There is either an error in your model specification or the true solution is unstable (or the true solution can not be represented in the precision of Float64).
└ @ SciMLBase ~/.julia/packages/SciMLBase/4MHGc/src/integrator_interface.jl:671
┌ Warning: At t=495.8890967295963, dt was forced below floating point epsilon 5.684341886080802e-14, and step error estimate = NaN. Aborting. There is either an error in your model specification or the true solution is unstable (or the true solution can not be represented in the precision of Float64).
└ @ SciMLBase ~/.julia/packages/SciMLBase/4MHGc/src/integrator_interface.jl:671
┌ Warning: At t=495.22260011391427, dt was forced below floating point epsilon 5.684341886080802e-14, and step error estimate = NaN. Aborting. There is either an error in your model specification or the true solution is unstable (or the true solution can not be represented in the precision of Float64).
└ @ SciMLBase ~/.julia/packages/SciMLBase/4MHGc/src/integrator_interface.jl:671
┌ Warning: At t=494.55674917640624, dt was forced below floating point epsilon 5.684341886080802e-14, and step error estimate = NaN. Aborting. There is either an error in your model specification or the true solution is unstable (or the true solution can not be represented in the precision of Float64).
└ @ SciMLBase ~/.julia/packages/SciMLBase/4MHGc/src/integrator_interface.jl:671
┌ Warning: At t=493.8915446461833, dt was forced below floating point epsilon 5.684341886080802e-14, and step error estimate = NaN. Aborting. There is either an error in your model specification or the true solution is unstable (or the true solution can not be represented in the precision of Float64).
└ @ SciMLBase ~/.julia/packages/SciMLBase/4MHGc/src/integrator_interface.jl:671
┌ Warning: At t=493.22698725020655, dt was forced below floating point epsilon 5.684341886080802e-14, and step error estimate = NaN. Aborting. There is either an error in your model specification or the true solution is unstable (or the true solution can not be represented in the precision of Float64).
└ @ SciMLBase ~/.julia/packages/SciMLBase/4MHGc/src/integrator_interface.jl:671
┌ Warning: At t=492.56307771326965, dt was forced below floating point epsilon 5.684341886080802e-14, and step error estimate = NaN. Aborting. There is either an error in your model specification or the true solution is unstable (or the true solution can not be represented in the precision of Float64).
└ @ SciMLBase ~/.julia/packages/SciMLBase/4MHGc/src/integrator_interface.jl:671
┌ Warning: At t=491.89981675798305, dt was forced below floating point epsilon 5.684341886080802e-14, and step error estimate = NaN. Aborting. There is either an error in your model specification or the true solution is unstable (or the true solution can not be represented in the precision of Float64).
└ @ SciMLBase ~/.julia/packages/SciMLBase/4MHGc/src/integrator_interface.jl:671
┌ Warning: At t=491.23720510475846, dt was forced below floating point epsilon 5.684341886080802e-14, and step error estimate = NaN. Aborting. There is either an error in your model specification or the true solution is unstable (or the true solution can not be represented in the precision of Float64).
└ @ SciMLBase ~/.julia/packages/SciMLBase/4MHGc/src/integrator_interface.jl:671
┌ Warning: At t=490.575243471791, dt was forced below floating point epsilon 5.684341886080802e-14, and step error estimate = NaN. Aborting. There is either an error in your model specification or the true solution is unstable (or the true solution can not be represented in the precision of Float64).
└ @ SciMLBase ~/.julia/packages/SciMLBase/4MHGc/src/integrator_interface.jl:671
┌ Warning: At t=489.9139325750455, dt was forced below floating point epsilon 5.684341886080802e-14, and step error estimate = NaN. Aborting. There is either an error in your model specification or the true solution is unstable (or the true solution can not be represented in the precision of Float64).
└ @ SciMLBase ~/.julia/packages/SciMLBase/4MHGc/src/integrator_interface.jl:671
┌ Warning: At t=489.25327312823805, dt was forced below floating point epsilon 5.684341886080802e-14, and step error estimate = NaN. Aborting. There is either an error in your model specification or the true solution is unstable (or the true solution can not be represented in the precision of Float64).
└ @ SciMLBase ~/.julia/packages/SciMLBase/4MHGc/src/integrator_interface.jl:671
┌ Warning: At t=488.5932658428206, dt was forced below floating point epsilon 5.684341886080802e-14, and step error estimate = NaN. Aborting. There is either an error in your model specification or the true solution is unstable (or the true solution can not be represented in the precision of Float64).
└ @ SciMLBase ~/.julia/packages/SciMLBase/4MHGc/src/integrator_interface.jl:671
┌ Warning: At t=487.93391142796565, dt was forced below floating point epsilon 5.684341886080802e-14, and step error estimate = NaN. Aborting. There is either an error in your model specification or the true solution is unstable (or the true solution can not be represented in the precision of Float64).
└ @ SciMLBase ~/.julia/packages/SciMLBase/4MHGc/src/integrator_interface.jl:671
┌ Warning: At t=487.27521059054794, dt was forced below floating point epsilon 5.684341886080802e-14, and step error estimate = NaN. Aborting. There is either an error in your model specification or the true solution is unstable (or the true solution can not be represented in the precision of Float64).
└ @ SciMLBase ~/.julia/packages/SciMLBase/4MHGc/src/integrator_interface.jl:671
┌ Warning: At t=486.6171640351312, dt was forced below floating point epsilon 5.684341886080802e-14, and step error estimate = NaN. Aborting. There is either an error in your model specification or the true solution is unstable (or the true solution can not be represented in the precision of Float64).
└ @ SciMLBase ~/.julia/packages/SciMLBase/4MHGc/src/integrator_interface.jl:671
┌ Warning: At t=485.9597724639494, dt was forced below floating point epsilon 5.684341886080802e-14, and step error estimate = NaN. Aborting. There is either an error in your model specification or the true solution is unstable (or the true solution can not be represented in the precision of Float64).
└ @ SciMLBase ~/.julia/packages/SciMLBase/4MHGc/src/integrator_interface.jl:671
┌ Warning: At t=485.3030365768918, dt was forced below floating point epsilon 5.684341886080802e-14, and step error estimate = NaN. Aborting. There is either an error in your model specification or the true solution is unstable (or the true solution can not be represented in the precision of Float64).
└ @ SciMLBase ~/.julia/packages/SciMLBase/4MHGc/src/integrator_interface.jl:671
┌ Warning: At t=484.6469570714871, dt was forced below floating point epsilon 5.684341886080802e-14, and step error estimate = NaN. Aborting. There is either an error in your model specification or the true solution is unstable (or the true solution can not be represented in the precision of Float64).
└ @ SciMLBase ~/.julia/packages/SciMLBase/4MHGc/src/integrator_interface.jl:671
┌ Warning: At t=483.99153464288713, dt was forced below floating point epsilon 5.684341886080802e-14, and step error estimate = NaN. Aborting. There is either an error in your model specification or the true solution is unstable (or the true solution can not be represented in the precision of Float64).
└ @ SciMLBase ~/.julia/packages/SciMLBase/4MHGc/src/integrator_interface.jl:671
┌ Warning: At t=483.3367699838496, dt was forced below floating point epsilon 5.684341886080802e-14, and step error estimate = NaN. Aborting. There is either an error in your model specification or the true solution is unstable (or the true solution can not be represented in the precision of Float64).
└ @ SciMLBase ~/.julia/packages/SciMLBase/4MHGc/src/integrator_interface.jl:671
┌ Warning: At t=482.68266378472396, dt was forced below floating point epsilon 5.684341886080802e-14, and step error estimate = NaN. Aborting. There is either an error in your model specification or the true solution is unstable (or the true solution can not be represented in the precision of Float64).
└ @ SciMLBase ~/.julia/packages/SciMLBase/4MHGc/src/integrator_interface.jl:671
┌ Warning: At t=482.0292167334343, dt was forced below floating point epsilon 5.684341886080802e-14, and step error estimate = NaN. Aborting. There is either an error in your model specification or the true solution is unstable (or the true solution can not be represented in the precision of Float64).
└ @ SciMLBase ~/.julia/packages/SciMLBase/4MHGc/src/integrator_interface.jl:671
┌ Warning: At t=481.37642951546275, dt was forced below floating point epsilon 5.684341886080802e-14, and step error estimate = NaN. Aborting. There is either an error in your model specification or the true solution is unstable (or the true solution can not be represented in the precision of Float64).
└ @ SciMLBase ~/.julia/packages/SciMLBase/4MHGc/src/integrator_interface.jl:671
┌ Warning: At t=480.72430281383464, dt was forced below floating point epsilon 5.684341886080802e-14, and step error estimate = NaN. Aborting. There is either an error in your model specification or the true solution is unstable (or the true solution can not be represented in the precision of Float64).
└ @ SciMLBase ~/.julia/packages/SciMLBase/4MHGc/src/integrator_interface.jl:671
┌ Warning: At t=480.072837309102, dt was forced below floating point epsilon 5.684341886080802e-14, and step error estimate = NaN. Aborting. There is either an error in your model specification or the true solution is unstable (or the true solution can not be represented in the precision of Float64).
└ @ SciMLBase ~/.julia/packages/SciMLBase/4MHGc/src/integrator_interface.jl:671
┌ Warning: At t=479.42203367932717, dt was forced below floating point epsilon 5.684341886080802e-14, and step error estimate = NaN. Aborting. There is either an error in your model specification or the true solution is unstable (or the true solution can not be represented in the precision of Float64).
└ @ SciMLBase ~/.julia/packages/SciMLBase/4MHGc/src/integrator_interface.jl:671
┌ Warning: At t=478.77189260006753, dt was forced below floating point epsilon 5.684341886080802e-14, and step error estimate = NaN. Aborting. There is either an error in your model specification or the true solution is unstable (or the true solution can not be represented in the precision of Float64).
└ @ SciMLBase ~/.julia/packages/SciMLBase/4MHGc/src/integrator_interface.jl:671
┌ Warning: At t=478.12241474435945, dt was forced below floating point epsilon 5.684341886080802e-14, and step error estimate = NaN. Aborting. There is either an error in your model specification or the true solution is unstable (or the true solution can not be represented in the precision of Float64).
└ @ SciMLBase ~/.julia/packages/SciMLBase/4MHGc/src/integrator_interface.jl:671
┌ Warning: At t=477.4736007827012, dt was forced below floating point epsilon 5.684341886080802e-14, and step error estimate = NaN. Aborting. There is either an error in your model specification or the true solution is unstable (or the true solution can not be represented in the precision of Float64).
└ @ SciMLBase ~/.julia/packages/SciMLBase/4MHGc/src/integrator_interface.jl:671
┌ Warning: At t=476.8254513830387, dt was forced below floating point epsilon 5.684341886080802e-14, and step error estimate = NaN. Aborting. There is either an error in your model specification or the true solution is unstable (or the true solution can not be represented in the precision of Float64).
└ @ SciMLBase ~/.julia/packages/SciMLBase/4MHGc/src/integrator_interface.jl:671
┌ Warning: At t=476.1779672107486, dt was forced below floating point epsilon 5.684341886080802e-14, and step error estimate = NaN. Aborting. There is either an error in your model specification or the true solution is unstable (or the true solution can not be represented in the precision of Float64).
└ @ SciMLBase ~/.julia/packages/SciMLBase/4MHGc/src/integrator_interface.jl:671
┌ Warning: At t=475.53114892862345, dt was forced below floating point epsilon 5.684341886080802e-14, and step error estimate = NaN. Aborting. There is either an error in your model specification or the true solution is unstable (or the true solution can not be represented in the precision of Float64).
└ @ SciMLBase ~/.julia/packages/SciMLBase/4MHGc/src/integrator_interface.jl:671
┌ Warning: At t=474.88499719685416, dt was forced below floating point epsilon 5.684341886080802e-14, and step error estimate = NaN. Aborting. There is either an error in your model specification or the true solution is unstable (or the true solution can not be represented in the precision of Float64).
└ @ SciMLBase ~/.julia/packages/SciMLBase/4MHGc/src/integrator_interface.jl:671
┌ Warning: At t=474.23951267301544, dt was forced below floating point epsilon 5.684341886080802e-14, and step error estimate = NaN. Aborting. There is either an error in your model specification or the true solution is unstable (or the true solution can not be represented in the precision of Float64).
└ @ SciMLBase ~/.julia/packages/SciMLBase/4MHGc/src/integrator_interface.jl:671
┌ Warning: At t=473.5946960120502, dt was forced below floating point epsilon 5.684341886080802e-14, and step error estimate = NaN. Aborting. There is either an error in your model specification or the true solution is unstable (or the true solution can not be represented in the precision of Float64).
└ @ SciMLBase ~/.julia/packages/SciMLBase/4MHGc/src/integrator_interface.jl:671
┌ Warning: At t=472.95054786625275, dt was forced below floating point epsilon 5.684341886080802e-14, and step error estimate = NaN. Aborting. There is either an error in your model specification or the true solution is unstable (or the true solution can not be represented in the precision of Float64).
└ @ SciMLBase ~/.julia/packages/SciMLBase/4MHGc/src/integrator_interface.jl:671
┌ Warning: At t=472.3070688852541, dt was forced below floating point epsilon 5.684341886080802e-14, and step error estimate = NaN. Aborting. There is either an error in your model specification or the true solution is unstable (or the true solution can not be represented in the precision of Float64).
└ @ SciMLBase ~/.julia/packages/SciMLBase/4MHGc/src/integrator_interface.jl:671
┌ Warning: At t=471.6642597160058, dt was forced below floating point epsilon 5.684341886080802e-14, and step error estimate = NaN. Aborting. There is either an error in your model specification or the true solution is unstable (or the true solution can not be represented in the precision of Float64).
└ @ SciMLBase ~/.julia/packages/SciMLBase/4MHGc/src/integrator_interface.jl:671
┌ Warning: At t=471.0221210027639, dt was forced below floating point epsilon 5.684341886080802e-14, and step error estimate = NaN. Aborting. There is either an error in your model specification or the true solution is unstable (or the true solution can not be represented in the precision of Float64).
└ @ SciMLBase ~/.julia/packages/SciMLBase/4MHGc/src/integrator_interface.jl:671
┌ Warning: At t=470.38065338707406, dt was forced below floating point epsilon 5.684341886080802e-14, and step error estimate = NaN. Aborting. There is either an error in your model specification or the true solution is unstable (or the true solution can not be represented in the precision of Float64).
└ @ SciMLBase ~/.julia/packages/SciMLBase/4MHGc/src/integrator_interface.jl:671
┌ Warning: At t=469.7398575077554, dt was forced below floating point epsilon 5.684341886080802e-14, and step error estimate = NaN. Aborting. There is either an error in your model specification or the true solution is unstable (or the true solution can not be represented in the precision of Float64).
└ @ SciMLBase ~/.julia/packages/SciMLBase/4MHGc/src/integrator_interface.jl:671
┌ Warning: At t=469.0997340008851, dt was forced below floating point epsilon 5.684341886080802e-14, and step error estimate = NaN. Aborting. There is either an error in your model specification or the true solution is unstable (or the true solution can not be represented in the precision of Float64).
└ @ SciMLBase ~/.julia/packages/SciMLBase/4MHGc/src/integrator_interface.jl:671
┌ Warning: At t=468.4602834997831, dt was forced below floating point epsilon 5.684341886080802e-14, and step error estimate = NaN. Aborting. There is either an error in your model specification or the true solution is unstable (or the true solution can not be represented in the precision of Float64).
└ @ SciMLBase ~/.julia/packages/SciMLBase/4MHGc/src/integrator_interface.jl:671
┌ Warning: At t=467.8215066349955, dt was forced below floating point epsilon 5.684341886080802e-14, and step error estimate = NaN. Aborting. There is either an error in your model specification or the true solution is unstable (or the true solution can not be represented in the precision of Float64).
└ @ SciMLBase ~/.julia/packages/SciMLBase/4MHGc/src/integrator_interface.jl:671
┌ Warning: At t=467.1834040342813, dt was forced below floating point epsilon 5.684341886080802e-14, and step error estimate = NaN. Aborting. There is either an error in your model specification or the true solution is unstable (or the true solution can not be represented in the precision of Float64).
└ @ SciMLBase ~/.julia/packages/SciMLBase/4MHGc/src/integrator_interface.jl:671
┌ Warning: At t=466.54597632259413, dt was forced below floating point epsilon 5.684341886080802e-14, and step error estimate = NaN. Aborting. There is either an error in your model specification or the true solution is unstable (or the true solution can not be represented in the precision of Float64).
└ @ SciMLBase ~/.julia/packages/SciMLBase/4MHGc/src/integrator_interface.jl:671
┌ Warning: At t=465.9092241220692, dt was forced below floating point epsilon 5.684341886080802e-14, and step error estimate = NaN. Aborting. There is either an error in your model specification or the true solution is unstable (or the true solution can not be represented in the precision of Float64).
└ @ SciMLBase ~/.julia/packages/SciMLBase/4MHGc/src/integrator_interface.jl:671
┌ Warning: At t=465.27314805200643, dt was forced below floating point epsilon 5.684341886080802e-14, and step error estimate = NaN. Aborting. There is either an error in your model specification or the true solution is unstable (or the true solution can not be represented in the precision of Float64).
└ @ SciMLBase ~/.julia/packages/SciMLBase/4MHGc/src/integrator_interface.jl:671
┌ Warning: At t=464.637748728856, dt was forced below floating point epsilon 5.684341886080802e-14, and step error estimate = NaN. Aborting. There is either an error in your model specification or the true solution is unstable (or the true solution can not be represented in the precision of Float64).
└ @ SciMLBase ~/.julia/packages/SciMLBase/4MHGc/src/integrator_interface.jl:671
┌ Warning: At t=464.00302676620254, dt was forced below floating point epsilon 5.684341886080802e-14, and step error estimate = NaN. Aborting. There is either an error in your model specification or the true solution is unstable (or the true solution can not be represented in the precision of Float64).
└ @ SciMLBase ~/.julia/packages/SciMLBase/4MHGc/src/integrator_interface.jl:671
┌ Warning: At t=463.3689827747502, dt was forced below floating point epsilon 5.684341886080802e-14, and step error estimate = NaN. Aborting. There is either an error in your model specification or the true solution is unstable (or the true solution can not be represented in the precision of Float64).
└ @ SciMLBase ~/.julia/packages/SciMLBase/4MHGc/src/integrator_interface.jl:671
┌ Warning: At t=462.73561736230704, dt was forced below floating point epsilon 5.684341886080802e-14, and step error estimate = NaN. Aborting. There is either an error in your model specification or the true solution is unstable (or the true solution can not be represented in the precision of Float64).
└ @ SciMLBase ~/.julia/packages/SciMLBase/4MHGc/src/integrator_interface.jl:671
┌ Warning: At t=462.10293113377014, dt was forced below floating point epsilon 5.684341886080802e-14, and step error estimate = NaN. Aborting. There is either an error in your model specification or the true solution is unstable (or the true solution can not be represented in the precision of Float64).
└ @ SciMLBase ~/.julia/packages/SciMLBase/4MHGc/src/integrator_interface.jl:671
┌ Warning: At t=461.47092469111055, dt was forced below floating point epsilon 5.684341886080802e-14, and step error estimate = NaN. Aborting. There is either an error in your model specification or the true solution is unstable (or the true solution can not be represented in the precision of Float64).
└ @ SciMLBase ~/.julia/packages/SciMLBase/4MHGc/src/integrator_interface.jl:671
┌ Warning: At t=460.83959863335815, dt was forced below floating point epsilon 5.684341886080802e-14, and step error estimate = NaN. Aborting. There is either an error in your model specification or the true solution is unstable (or the true solution can not be represented in the precision of Float64).
└ @ SciMLBase ~/.julia/packages/SciMLBase/4MHGc/src/integrator_interface.jl:671
┌ Warning: At t=460.20895355658615, dt was forced below floating point epsilon 5.684341886080802e-14, and step error estimate = NaN. Aborting. There is either an error in your model specification or the true solution is unstable (or the true solution can not be represented in the precision of Float64).
└ @ SciMLBase ~/.julia/packages/SciMLBase/4MHGc/src/integrator_interface.jl:671
┌ Warning: At t=459.5789900538961, dt was forced below floating point epsilon 5.684341886080802e-14, and step error estimate = NaN. Aborting. There is either an error in your model specification or the true solution is unstable (or the true solution can not be represented in the precision of Float64).
└ @ SciMLBase ~/.julia/packages/SciMLBase/4MHGc/src/integrator_interface.jl:671
┌ Warning: At t=458.94970871540426, dt was forced below floating point epsilon 5.684341886080802e-14, and step error estimate = NaN. Aborting. There is either an error in your model specification or the true solution is unstable (or the true solution can not be represented in the precision of Float64).
└ @ SciMLBase ~/.julia/packages/SciMLBase/4MHGc/src/integrator_interface.jl:671
┌ Warning: At t=458.3211101282246, dt was forced below floating point epsilon 5.684341886080802e-14, and step error estimate = NaN. Aborting. There is either an error in your model specification or the true solution is unstable (or the true solution can not be represented in the precision of Float64).
└ @ SciMLBase ~/.julia/packages/SciMLBase/4MHGc/src/integrator_interface.jl:671
Saved column 1/500 (alpha=0.000000) with 0/500 usable points in 14.10 s
Saved column 486/500 (alpha=0.680361) with 0/500 usable points in 200.28 s
Saved column 471/500 (alpha=0.659319) with 0/500 usable points in 201.40 s
Saved column 2/500 (alpha=0.001403) with 18/500 usable points in 218.65 s
Saved column 487/500 (alpha=0.681764) with 0/500 usable points in 211.95 s
Saved column 472/500 (alpha=0.660721) with 0/500 usable points in 215.81 s
Saved column 17/500 (alpha=0.022445) with 410/500 usable points in 455.55 s
Saved column 3/500 (alpha=0.002806) with 107/500 usable points in 264.54 s
Saved column 488/500 (alpha=0.683166) with 0/500 usable points in 207.46 s
Saved column 473/500 (alpha=0.662124) with 0/500 usable points in 214.82 s
Saved column 456/500 (alpha=0.638277) with 195/500 usable points in 739.25 s
Saved column 4/500 (alpha=0.004208) with 179/500 usable points in 300.15 s
Saved column 441/500 (alpha=0.617234) with 216/500 usable points in 820.26 s
Saved column 489/500 (alpha=0.684569) with 0/500 usable points in 210.45 s
Saved column 474/500 (alpha=0.663527) with 0/500 usable points in 211.07 s
Saved column 426/500 (alpha=0.596192) with 234/500 usable points in 886.62 s
Saved column 411/500 (alpha=0.575150) with 247/500 usable points in 936.19 s
Saved column 396/500 (alpha=0.554108) with 256/500 usable points in 966.88 s
Saved column 177/500 (alpha=0.246894) with 393/500 usable points in 1018.08 s
Saved column 193/500 (alpha=0.269339) with 388/500 usable points in 1022.42 s
Saved column 209/500 (alpha=0.291784) with 383/500 usable points in 1040.99 s
Saved column 490/500 (alpha=0.685972) with 0/500 usable points in 212.21 s
Saved column 381/500 (alpha=0.533066) with 274/500 usable points in 1055.10 s
Saved column 475/500 (alpha=0.664930) with 0/500 usable points in 217.66 s
Saved column 225/500 (alpha=0.314228) with 377/500 usable points in 1075.12 s
Saved column 241/500 (alpha=0.336673) with 372/500 usable points in 1099.35 s
Saved column 257/500 (alpha=0.359118) with 366/500 usable points in 1110.38 s
Saved column 273/500 (alpha=0.381563) with 361/500 usable points in 1113.47 s
Saved column 5/500 (alpha=0.005611) with 224/500 usable points in 321.46 s
Saved column 161/500 (alpha=0.224449) with 398/500 usable points in 1141.68 s
Saved column 145/500 (alpha=0.202004) with 403/500 usable points in 1186.03 s
Saved column 289/500 (alpha=0.404008) with 355/500 usable points in 1188.48 s
Saved column 305/500 (alpha=0.426453) with 349/500 usable points in 1198.85 s
Saved column 321/500 (alpha=0.448898) with 342/500 usable points in 1209.69 s
Saved column 336/500 (alpha=0.469940) with 336/500 usable points in 1218.78 s
Saved column 366/500 (alpha=0.512024) with 323/500 usable points in 1223.49 s
Saved column 351/500 (alpha=0.490982) with 331/500 usable points in 1231.40 s
Saved column 129/500 (alpha=0.179559) with 408/500 usable points in 1252.08 s
Saved column 491/500 (alpha=0.687375) with 0/500 usable points in 218.09 s
Saved column 476/500 (alpha=0.666333) with 0/500 usable points in 224.35 s
Saved column 113/500 (alpha=0.157114) with 414/500 usable points in 1356.28 s
Saved column 457/500 (alpha=0.639679) with 188/500 usable points in 715.43 s
Saved column 492/500 (alpha=0.688778) with 0/500 usable points in 212.38 s
Saved column 6/500 (alpha=0.007014) with 278/500 usable points in 356.40 s
Saved column 477/500 (alpha=0.667735) with 0/500 usable points in 215.55 s
Saved column 97/500 (alpha=0.134669) with 421/500 usable points in 1508.20 s
Saved column 81/500 (alpha=0.112224) with 431/500 usable points in 1515.23 s
Saved column 442/500 (alpha=0.618637) with 218/500 usable points in 819.32 s
Saved column 458/500 (alpha=0.641082) with 0/500 usable points in 210.97 s
Saved column 493/500 (alpha=0.690180) with 0/500 usable points in 215.70 s
Saved column 478/500 (alpha=0.669138) with 0/500 usable points in 214.93 s
Saved column 427/500 (alpha=0.597595) with 232/500 usable points in 877.63 s
Saved column 7/500 (alpha=0.008417) with 300/500 usable points in 366.45 s
Saved column 412/500 (alpha=0.576553) with 245/500 usable points in 920.04 s
Saved column 459/500 (alpha=0.642485) with 0/500 usable points in 215.39 s
Saved column 494/500 (alpha=0.691583) with 0/500 usable points in 214.69 s
Saved column 479/500 (alpha=0.670541) with 0/500 usable points in 216.35 s
Saved column 397/500 (alpha=0.555511) with 259/500 usable points in 975.53 s
Saved column 65/500 (alpha=0.089780) with 441/500 usable points in 1965.57 s
Saved column 33/500 (alpha=0.044890) with 463/500 usable points in 2019.04 s
Saved column 194/500 (alpha=0.270741) with 387/500 usable points in 1023.15 s
Saved column 382/500 (alpha=0.534469) with 273/500 usable points in 1033.24 s
Saved column 460/500 (alpha=0.643888) with 0/500 usable points in 213.91 s
Saved column 210/500 (alpha=0.293186) with 382/500 usable points in 1054.02 s
Saved column 178/500 (alpha=0.248297) with 392/500 usable points in 1086.26 s
Saved column 495/500 (alpha=0.692986) with 0/500 usable points in 216.25 s
Saved column 480/500 (alpha=0.671944) with 0/500 usable points in 213.91 s
Saved column 226/500 (alpha=0.315631) with 377/500 usable points in 1104.58 s
Saved column 49/500 (alpha=0.067335) with 453/500 usable points in 2198.43 s
Saved column 8/500 (alpha=0.009820) with 323/500 usable points in 375.17 s
Saved column 242/500 (alpha=0.338076) with 372/500 usable points in 1129.01 s
Saved column 258/500 (alpha=0.360521) with 366/500 usable points in 1141.58 s
Saved column 274/500 (alpha=0.382966) with 358/500 usable points in 1139.99 s
Saved column 162/500 (alpha=0.225852) with 397/500 usable points in 1145.52 s
Saved column 461/500 (alpha=0.645291) with 0/500 usable points in 214.99 s
Saved column 496/500 (alpha=0.694389) with 0/500 usable points in 217.09 s
Saved column 481/500 (alpha=0.673347) with 0/500 usable points in 218.62 s
Saved column 290/500 (alpha=0.405411) with 354/500 usable points in 1188.29 s
Saved column 146/500 (alpha=0.203407) with 403/500 usable points in 1207.47 s
Saved column 306/500 (alpha=0.427856) with 348/500 usable points in 1219.47 s
Saved column 322/500 (alpha=0.450301) with 342/500 usable points in 1220.23 s
Saved column 337/500 (alpha=0.471343) with 336/500 usable points in 1226.06 s
Saved column 367/500 (alpha=0.513427) with 324/500 usable points in 1232.26 s
Saved column 352/500 (alpha=0.492385) with 330/500 usable points in 1228.17 s
Saved column 443/500 (alpha=0.620040) with 217/500 usable points in 824.55 s
Saved column 130/500 (alpha=0.180962) with 408/500 usable points in 1272.21 s
Saved column 462/500 (alpha=0.646693) with 0/500 usable points in 217.31 s
Saved column 497/500 (alpha=0.695792) with 0/500 usable points in 217.47 s
Saved column 482/500 (alpha=0.674749) with 0/500 usable points in 218.33 s
Saved column 428/500 (alpha=0.598998) with 231/500 usable points in 873.44 s
Saved column 9/500 (alpha=0.011222) with 315/500 usable points in 452.39 s
Saved column 463/500 (alpha=0.648096) with 0/500 usable points in 212.36 s
Saved column 498/500 (alpha=0.697194) with 0/500 usable points in 213.36 s
Saved column 413/500 (alpha=0.577956) with 245/500 usable points in 928.50 s
Saved column 114/500 (alpha=0.158517) with 414/500 usable points in 1434.32 s
Saved column 483/500 (alpha=0.676152) with 0/500 usable points in 213.63 s
Saved column 398/500 (alpha=0.556914) with 258/500 usable points in 971.18 s
Saved column 464/500 (alpha=0.649499) with 0/500 usable points in 212.06 s
Saved column 499/500 (alpha=0.698597) with 0/500 usable points in 213.63 s
Saved column 484/500 (alpha=0.677555) with 0/500 usable points in 211.81 s
Saved column 98/500 (alpha=0.136072) with 421/500 usable points in 1506.36 s
Saved column 82/500 (alpha=0.113627) with 430/500 usable points in 1529.99 s
Saved column 195/500 (alpha=0.272144) with 387/500 usable points in 1015.37 s
Saved column 383/500 (alpha=0.535872) with 271/500 usable points in 1005.95 s
Saved column 10/500 (alpha=0.012625) with 370/500 usable points in 462.11 s
Saved column 179/500 (alpha=0.249699) with 392/500 usable points in 1033.33 s
Saved column 465/500 (alpha=0.650902) with 0/500 usable points in 212.22 s
Saved column 211/500 (alpha=0.294589) with 382/500 usable points in 1071.87 s
Saved column 500/500 (alpha=0.700000) with 0/500 usable points in 214.29 s
Saved column 485/500 (alpha=0.678958) with 0/500 usable points in 210.76 s
Saved column 227/500 (alpha=0.317034) with 377/500 usable points in 1086.48 s
Saved column 444/500 (alpha=0.621443) with 215/500 usable points in 815.41 s
Saved column 243/500 (alpha=0.339479) with 371/500 usable points in 1111.80 s
Saved column 466/500 (alpha=0.652305) with 0/500 usable points in 214.33 s
Saved column 259/500 (alpha=0.361924) with 366/500 usable points in 1130.94 s
Saved column 275/500 (alpha=0.384369) with 360/500 usable points in 1136.61 s
Saved column 163/500 (alpha=0.227255) with 397/500 usable points in 1120.36 s
Saved column 18/500 (alpha=0.023848) with 408/500 usable points in 2985.83 s
Saved column 429/500 (alpha=0.600401) with 231/500 usable points in 848.07 s
Saved column 291/500 (alpha=0.406814) with 354/500 usable points in 1165.56 s
Saved column 147/500 (alpha=0.204810) with 402/500 usable points in 1176.04 s
Saved column 467/500 (alpha=0.653707) with 0/500 usable points in 212.93 s
Saved column 307/500 (alpha=0.429259) with 348/500 usable points in 1183.98 s
Saved column 11/500 (alpha=0.014028) with 314/500 usable points in 478.81 s
Saved column 323/500 (alpha=0.451703) with 342/500 usable points in 1212.34 s
Saved column 338/500 (alpha=0.472745) with 335/500 usable points in 1218.43 s
Saved column 353/500 (alpha=0.493788) with 328/500 usable points in 1209.33 s
Saved column 368/500 (alpha=0.514830) with 324/500 usable points in 1217.50 s
Saved column 414/500 (alpha=0.579359) with 244/500 usable points in 897.20 s
Saved column 131/500 (alpha=0.182365) with 408/500 usable points in 1237.13 s
Saved column 468/500 (alpha=0.655110) with 0/500 usable points in 217.53 s
Saved column 399/500 (alpha=0.558317) with 257/500 usable points in 932.58 s
Saved column 66/500 (alpha=0.091182) with 440/500 usable points in 1918.65 s
Saved column 469/500 (alpha=0.656513) with 0/500 usable points in 211.60 s
Saved column 196/500 (alpha=0.273547) with 387/500 usable points in 977.43 s
Saved column 384/500 (alpha=0.537275) with 271/500 usable points in 961.43 s
Saved column 445/500 (alpha=0.622846) with 215/500 usable points in 783.18 s
Saved column 19/500 (alpha=0.025251) with 404/500 usable points in 642.50 s
Saved column 115/500 (alpha=0.159920) with 413/500 usable points in 1306.91 s
Saved column 180/500 (alpha=0.251102) with 392/500 usable points in 974.37 s
Saved column 12/500 (alpha=0.015431) with 344/500 usable points in 505.72 s
Saved column 212/500 (alpha=0.295992) with 382/500 usable points in 1004.00 s
Saved column 470/500 (alpha=0.657916) with 0/500 usable points in 217.35 s
Saved column 228/500 (alpha=0.318437) with 376/500 usable points in 1017.57 s
Saved column 50/500 (alpha=0.068737) with 452/500 usable points in 2108.13 s
Saved column 430/500 (alpha=0.601804) with 231/500 usable points in 823.51 s
Saved column 99/500 (alpha=0.137475) with 420/500 usable points in 1382.88 s
Saved column 244/500 (alpha=0.340882) with 371/500 usable points in 1060.43 s
Saved column 276/500 (alpha=0.385772) with 360/500 usable points in 1073.83 s
Saved column 260/500 (alpha=0.363327) with 365/500 usable points in 1090.62 s
Saved column 164/500 (alpha=0.228657) with 397/500 usable points in 1073.54 s
Saved column 415/500 (alpha=0.580762) with 243/500 usable points in 861.97 s
Saved column 292/500 (alpha=0.408216) with 354/500 usable points in 1119.02 s
Saved column 13/500 (alpha=0.016834) with 376/500 usable points in 557.25 s
Saved column 148/500 (alpha=0.206212) with 402/500 usable points in 1124.42 s
Saved column 34/500 (alpha=0.046293) with 463/500 usable points in 2682.89 s
Saved column 20/500 (alpha=0.026653) with 400/500 usable points in 619.07 s
Saved column 308/500 (alpha=0.430661) with 347/500 usable points in 1131.95 s
Saved column 83/500 (alpha=0.115030) with 429/500 usable points in 1690.24 s
Saved column 400/500 (alpha=0.559719) with 255/500 usable points in 898.06 s
Saved column 324/500 (alpha=0.453106) with 340/500 usable points in 1135.64 s
Saved column 339/500 (alpha=0.474148) with 335/500 usable points in 1134.63 s
Saved column 354/500 (alpha=0.495190) with 329/500 usable points in 1145.47 s
Saved column 369/500 (alpha=0.516232) with 324/500 usable points in 1145.56 s
Saved column 446/500 (alpha=0.624248) with 212/500 usable points in 756.51 s
Saved column 132/500 (alpha=0.183768) with 407/500 usable points in 1159.23 s
Saved column 197/500 (alpha=0.274950) with 386/500 usable points in 940.21 s
Saved column 385/500 (alpha=0.538677) with 270/500 usable points in 944.06 s
Saved column 181/500 (alpha=0.252505) with 391/500 usable points in 941.40 s
Saved column 431/500 (alpha=0.603206) with 224/500 usable points in 795.30 s
Saved column 14/500 (alpha=0.018236) with 372/500 usable points in 466.85 s
Saved column 213/500 (alpha=0.297395) with 381/500 usable points in 981.39 s
Saved column 229/500 (alpha=0.319840) with 376/500 usable points in 999.41 s
Saved column 21/500 (alpha=0.028056) with 396/500 usable points in 649.21 s
Saved column 116/500 (alpha=0.161323) with 413/500 usable points in 1262.51 s
Saved column 416/500 (alpha=0.582164) with 243/500 usable points in 852.20 s
Saved column 245/500 (alpha=0.342285) with 371/500 usable points in 1026.05 s
Saved column 277/500 (alpha=0.387174) with 359/500 usable points in 1060.28 s
Saved column 165/500 (alpha=0.230060) with 396/500 usable points in 1045.86 s
Saved column 261/500 (alpha=0.364729) with 365/500 usable points in 1063.10 s
Saved column 447/500 (alpha=0.625651) with 212/500 usable points in 755.79 s
Saved column 401/500 (alpha=0.561122) with 253/500 usable points in 879.77 s
Saved column 100/500 (alpha=0.138878) with 420/500 usable points in 1240.36 s
Saved column 67/500 (alpha=0.092585) with 439/500 usable points in 1794.34 s
Saved column 293/500 (alpha=0.409619) with 353/500 usable points in 1102.44 s
Saved column 149/500 (alpha=0.207615) with 402/500 usable points in 1084.65 s
Saved column 309/500 (alpha=0.432064) with 347/500 usable points in 1109.13 s
Saved column 432/500 (alpha=0.604609) with 227/500 usable points in 791.27 s
Saved column 325/500 (alpha=0.454509) with 341/500 usable points in 1120.42 s
Saved column 198/500 (alpha=0.276353) with 386/500 usable points in 944.35 s
Saved column 340/500 (alpha=0.475551) with 335/500 usable points in 1134.91 s
Saved column 386/500 (alpha=0.540080) with 269/500 usable points in 946.60 s
Saved column 355/500 (alpha=0.496593) with 329/500 usable points in 1134.79 s
Saved column 370/500 (alpha=0.517635) with 323/500 usable points in 1134.21 s
Saved column 182/500 (alpha=0.253908) with 391/500 usable points in 939.15 s
Saved column 133/500 (alpha=0.185170) with 407/500 usable points in 1153.55 s
Saved column 214/500 (alpha=0.298798) with 381/500 usable points in 981.40 s
Saved column 417/500 (alpha=0.583567) with 241/500 usable points in 835.97 s
Saved column 230/500 (alpha=0.321242) with 376/500 usable points in 1014.49 s
Saved column 51/500 (alpha=0.070140) with 451/500 usable points in 2002.08 s
Saved column 448/500 (alpha=0.627054) with 211/500 usable points in 748.95 s
Saved column 84/500 (alpha=0.116433) with 429/500 usable points in 1646.51 s
Saved column 246/500 (alpha=0.343687) with 370/500 usable points in 1028.06 s
Saved column 402/500 (alpha=0.562525) with 255/500 usable points in 889.61 s
Saved column 166/500 (alpha=0.231463) with 396/500 usable points in 1033.36 s
Saved column 278/500 (alpha=0.388577) with 359/500 usable points in 1057.04 s
Saved column 262/500 (alpha=0.366132) with 365/500 usable points in 1067.29 s
Saved column 117/500 (alpha=0.162725) with 413/500 usable points in 1249.79 s
Saved column 433/500 (alpha=0.606012) with 225/500 usable points in 792.28 s
Saved column 15/500 (alpha=0.019639) with 413/500 usable points in 1655.71 s
Saved column 22/500 (alpha=0.029459) with 391/500 usable points in 1483.85 s
Saved column 150/500 (alpha=0.209018) with 401/500 usable points in 1091.75 s
Saved column 199/500 (alpha=0.277756) with 386/500 usable points in 949.43 s
Saved column 294/500 (alpha=0.411022) with 353/500 usable points in 1115.56 s
Saved column 387/500 (alpha=0.541483) with 269/500 usable points in 944.74 s
Saved column 183/500 (alpha=0.255311) with 391/500 usable points in 939.39 s
Saved column 310/500 (alpha=0.433467) with 346/500 usable points in 1112.04 s
Saved column 101/500 (alpha=0.140281) with 419/500 usable points in 1343.94 s
Saved column 326/500 (alpha=0.455912) with 340/500 usable points in 1120.78 s
Saved column 449/500 (alpha=0.628457) with 208/500 usable points in 733.01 s
Saved column 341/500 (alpha=0.476954) with 335/500 usable points in 1131.34 s
Saved column 356/500 (alpha=0.497996) with 328/500 usable points in 1128.70 s
Saved column 371/500 (alpha=0.519038) with 323/500 usable points in 1125.55 s
Saved column 418/500 (alpha=0.584970) with 241/500 usable points in 851.37 s
Saved column 215/500 (alpha=0.300200) with 381/500 usable points in 975.53 s
Saved column 35/500 (alpha=0.047695) with 464/500 usable points in 2461.08 s
Saved column 134/500 (alpha=0.186573) with 407/500 usable points in 1150.85 s
Saved column 231/500 (alpha=0.322645) with 375/500 usable points in 997.99 s
Saved column 403/500 (alpha=0.563928) with 255/500 usable points in 890.99 s
Saved column 68/500 (alpha=0.093988) with 439/500 usable points in 1774.37 s
Saved column 434/500 (alpha=0.607415) with 226/500 usable points in 794.07 s
Saved column 247/500 (alpha=0.345090) with 370/500 usable points in 1033.34 s
Saved column 167/500 (alpha=0.232866) with 396/500 usable points in 1029.86 s
Saved column 279/500 (alpha=0.389980) with 358/500 usable points in 1057.17 s
Saved column 263/500 (alpha=0.367535) with 364/500 usable points in 1071.75 s
Saved column 450/500 (alpha=0.629860) with 205/500 usable points in 735.23 s
Saved column 118/500 (alpha=0.164128) with 412/500 usable points in 1185.72 s
Saved column 388/500 (alpha=0.542886) with 267/500 usable points in 926.73 s
Saved column 200/500 (alpha=0.279158) with 385/500 usable points in 961.59 s
Saved column 184/500 (alpha=0.256713) with 391/500 usable points in 930.53 s
Saved column 23/500 (alpha=0.030862) with 461/500 usable points in 1049.66 s
Saved column 419/500 (alpha=0.586373) with 241/500 usable points in 851.20 s
Saved column 151/500 (alpha=0.210421) with 401/500 usable points in 1084.66 s
Saved column 295/500 (alpha=0.412425) with 352/500 usable points in 1091.57 s
Saved column 85/500 (alpha=0.117836) with 428/500 usable points in 1631.48 s
Saved column 311/500 (alpha=0.434870) with 346/500 usable points in 1124.44 s
Saved column 216/500 (alpha=0.301603) with 380/500 usable points in 989.07 s
Saved column 327/500 (alpha=0.457315) with 340/500 usable points in 1117.75 s
Saved column 342/500 (alpha=0.478357) with 334/500 usable points in 1133.52 s
Saved column 372/500 (alpha=0.520441) with 322/500 usable points in 1122.77 s
Saved column 357/500 (alpha=0.499399) with 325/500 usable points in 1128.25 s
Saved column 435/500 (alpha=0.608818) with 222/500 usable points in 784.07 s
Saved column 404/500 (alpha=0.565331) with 254/500 usable points in 875.52 s
Saved column 52/500 (alpha=0.071543) with 450/500 usable points in 1993.66 s
Saved column 232/500 (alpha=0.324048) with 375/500 usable points in 1010.53 s
Saved column 102/500 (alpha=0.141683) with 419/500 usable points in 1338.79 s
Saved column 135/500 (alpha=0.187976) with 406/500 usable points in 1132.22 s
Saved column 16/500 (alpha=0.021042) with 407/500 usable points in 1573.66 s
Saved column 451/500 (alpha=0.631263) with 205/500 usable points in 723.51 s
Saved column 248/500 (alpha=0.346493) with 370/500 usable points in 1033.77 s
Saved column 168/500 (alpha=0.234269) with 396/500 usable points in 1027.60 s
Saved column 280/500 (alpha=0.391383) with 358/500 usable points in 1050.65 s
Saved column 264/500 (alpha=0.368938) with 364/500 usable points in 1049.12 s
Saved column 389/500 (alpha=0.544289) with 266/500 usable points in 925.28 s
Saved column 420/500 (alpha=0.587776) with 239/500 usable points in 813.47 s
Saved column 201/500 (alpha=0.280561) with 385/500 usable points in 936.93 s
Saved column 185/500 (alpha=0.258116) with 390/500 usable points in 921.46 s
Saved column 36/500 (alpha=0.049098) with 462/500 usable points in 1749.06 s
Saved column 119/500 (alpha=0.165531) with 412/500 usable points in 1220.99 s
Saved column 152/500 (alpha=0.211824) with 401/500 usable points in 1066.39 s
Saved column 436/500 (alpha=0.610220) with 225/500 usable points in 772.42 s
Saved column 296/500 (alpha=0.413828) with 352/500 usable points in 1087.81 s
Saved column 217/500 (alpha=0.303006) with 380/500 usable points in 963.42 s
Saved column 405/500 (alpha=0.566733) with 251/500 usable points in 854.93 s
Saved column 373/500 (alpha=0.521844) with 278/500 usable points in 948.29 s
Saved column 312/500 (alpha=0.436273) with 346/500 usable points in 1092.96 s
Saved column 86/500 (alpha=0.119238) with 427/500 usable points in 1169.21 s
Saved column 69/500 (alpha=0.095391) with 439/500 usable points in 1754.70 s
Saved column 452/500 (alpha=0.632665) with 204/500 usable points in 703.18 s
Saved column 328/500 (alpha=0.458717) with 340/500 usable points in 1089.50 s
Saved column 233/500 (alpha=0.325451) with 375/500 usable points in 979.42 s
Saved column 343/500 (alpha=0.479760) with 334/500 usable points in 1096.15 s
Saved column 358/500 (alpha=0.500802) with 328/500 usable points in 1108.54 s
Saved column 136/500 (alpha=0.189379) with 406/500 usable points in 1107.46 s
Saved column 24/500 (alpha=0.032265) with 460/500 usable points in 1599.93 s
Saved column 249/500 (alpha=0.347896) with 369/500 usable points in 993.28 s
Saved column 103/500 (alpha=0.143086) with 418/500 usable points in 1239.58 s
Saved column 421/500 (alpha=0.589178) with 239/500 usable points in 812.68 s
Saved column 169/500 (alpha=0.235671) with 395/500 usable points in 984.79 s
Saved column 390/500 (alpha=0.545691) with 265/500 usable points in 892.50 s
Saved column 186/500 (alpha=0.259519) with 390/500 usable points in 902.91 s
Saved column 202/500 (alpha=0.281964) with 385/500 usable points in 934.28 s
Saved column 281/500 (alpha=0.392786) with 358/500 usable points in 1021.76 s
Saved column 265/500 (alpha=0.370341) with 364/500 usable points in 1035.89 s
Saved column 437/500 (alpha=0.611623) with 223/500 usable points in 761.60 s
Saved column 453/500 (alpha=0.634068) with 203/500 usable points in 702.63 s
Saved column 406/500 (alpha=0.568136) with 251/500 usable points in 851.85 s
Saved column 218/500 (alpha=0.304409) with 380/500 usable points in 959.13 s
Saved column 153/500 (alpha=0.213226) with 400/500 usable points in 1039.75 s
Saved column 374/500 (alpha=0.523246) with 281/500 usable points in 955.69 s
Saved column 297/500 (alpha=0.415230) with 352/500 usable points in 1076.81 s
Saved column 53/500 (alpha=0.072946) with 450/500 usable points in 1886.70 s
Saved column 120/500 (alpha=0.166934) with 412/500 usable points in 1195.25 s
Saved column 313/500 (alpha=0.437675) with 346/500 usable points in 1082.98 s
Saved column 234/500 (alpha=0.326854) with 374/500 usable points in 981.75 s
Saved column 329/500 (alpha=0.460120) with 339/500 usable points in 1082.70 s
Saved column 422/500 (alpha=0.590581) with 238/500 usable points in 812.89 s
Saved column 344/500 (alpha=0.481162) with 334/500 usable points in 1104.56 s
Saved column 359/500 (alpha=0.502204) with 328/500 usable points in 1114.94 s
Saved column 250/500 (alpha=0.349299) with 369/500 usable points in 982.65 s
Saved column 391/500 (alpha=0.547094) with 264/500 usable points in 893.35 s
Saved column 438/500 (alpha=0.613026) with 223/500 usable points in 756.42 s
Saved column 137/500 (alpha=0.190782) with 406/500 usable points in 1101.94 s
Saved column 87/500 (alpha=0.120641) with 427/500 usable points in 1396.24 s
Saved column 187/500 (alpha=0.260922) with 390/500 usable points in 899.41 s
Saved column 170/500 (alpha=0.237074) with 395/500 usable points in 992.96 s
Saved column 454/500 (alpha=0.635471) with 199/500 usable points in 694.98 s
Saved column 203/500 (alpha=0.283367) with 385/500 usable points in 928.15 s
Saved column 282/500 (alpha=0.394188) with 357/500 usable points in 1030.78 s
Saved column 266/500 (alpha=0.371743) with 363/500 usable points in 1030.92 s
Saved column 104/500 (alpha=0.144489) with 418/500 usable points in 1249.77 s
Saved column 407/500 (alpha=0.569539) with 251/500 usable points in 852.42 s
Saved column 37/500 (alpha=0.050501) with 462/500 usable points in 2000.44 s
Saved column 70/500 (alpha=0.096794) with 438/500 usable points in 1707.62 s
Saved column 219/500 (alpha=0.305812) with 379/500 usable points in 960.11 s
Saved column 154/500 (alpha=0.214629) with 400/500 usable points in 1051.17 s
Saved column 375/500 (alpha=0.524649) with 320/500 usable points in 1078.92 s
Saved column 423/500 (alpha=0.591984) with 237/500 usable points in 813.20 s
Saved column 298/500 (alpha=0.416633) with 351/500 usable points in 1067.69 s
Saved column 235/500 (alpha=0.328257) with 374/500 usable points in 983.41 s
Saved column 455/500 (alpha=0.636874) with 198/500 usable points in 684.17 s
Saved column 439/500 (alpha=0.614429) with 220/500 usable points in 751.16 s
Saved column 314/500 (alpha=0.439078) with 344/500 usable points in 1077.18 s
Saved column 121/500 (alpha=0.168337) with 411/500 usable points in 1158.72 s
Saved column 330/500 (alpha=0.461523) with 339/500 usable points in 1079.58 s
Saved column 392/500 (alpha=0.548497) with 264/500 usable points in 899.90 s
Saved column 188/500 (alpha=0.262325) with 389/500 usable points in 891.93 s
Saved column 251/500 (alpha=0.350701) with 368/500 usable points in 986.20 s
Saved column 345/500 (alpha=0.482565) with 333/500 usable points in 1088.20 s
Saved column 360/500 (alpha=0.503607) with 327/500 usable points in 1089.35 s
Saved column 204/500 (alpha=0.284770) with 384/500 usable points in 914.67 s
Saved column 171/500 (alpha=0.238477) with 395/500 usable points in 983.34 s
Saved column 138/500 (alpha=0.192184) with 405/500 usable points in 1074.05 s
Saved column 408/500 (alpha=0.570942) with 249/500 usable points in 830.16 s
Saved column 283/500 (alpha=0.395591) with 357/500 usable points in 1009.37 s
Saved column 267/500 (alpha=0.373146) with 363/500 usable points in 1026.35 s
Saved column 220/500 (alpha=0.307214) with 379/500 usable points in 936.81 s
Saved column 88/500 (alpha=0.122044) with 426/500 usable points in 1354.93 s
Saved column 424/500 (alpha=0.593387) with 236/500 usable points in 778.98 s
Saved column 440/500 (alpha=0.615832) with 219/500 usable points in 721.21 s
Saved column 54/500 (alpha=0.074349) with 449/500 usable points in 1886.14 s
Saved column 105/500 (alpha=0.145892) with 418/500 usable points in 1268.30 s
Saved column 376/500 (alpha=0.526052) with 279/500 usable points in 915.23 s
Saved column 25/500 (alpha=0.033667) with 460/500 usable points in 2619.63 s
Saved column 155/500 (alpha=0.216032) with 400/500 usable points in 1005.58 s
Saved column 236/500 (alpha=0.329659) with 374/500 usable points in 949.83 s
Saved column 299/500 (alpha=0.418036) with 351/500 usable points in 1031.10 s
Saved column 393/500 (alpha=0.549900) with 262/500 usable points in 848.51 s
Saved column 189/500 (alpha=0.263727) with 389/500 usable points in 865.91 s
Saved column 315/500 (alpha=0.440481) with 345/500 usable points in 1034.76 s
Saved column 331/500 (alpha=0.462926) with 339/500 usable points in 1044.13 s
Saved column 205/500 (alpha=0.286172) with 384/500 usable points in 884.78 s
Saved column 252/500 (alpha=0.352104) with 368/500 usable points in 958.82 s
Saved column 409/500 (alpha=0.572345) with 248/500 usable points in 801.76 s
Saved column 122/500 (alpha=0.169739) with 411/500 usable points in 1105.16 s
Saved column 172/500 (alpha=0.239880) with 394/500 usable points in 933.25 s
Saved column 346/500 (alpha=0.483968) with 333/500 usable points in 1038.58 s
Saved column 71/500 (alpha=0.098196) with 438/500 usable points in 1631.42 s
Saved column 361/500 (alpha=0.505010) with 326/500 usable points in 1040.59 s
Saved column 139/500 (alpha=0.193587) with 405/500 usable points in 1033.13 s
Saved column 425/500 (alpha=0.594790) with 234/500 usable points in 744.26 s
Saved column 284/500 (alpha=0.396994) with 357/500 usable points in 966.92 s
Saved column 268/500 (alpha=0.374549) with 362/500 usable points in 972.28 s
Saved column 221/500 (alpha=0.308617) with 379/500 usable points in 894.97 s
Saved column 377/500 (alpha=0.527455) with 278/500 usable points in 873.68 s
Saved column 156/500 (alpha=0.217435) with 399/500 usable points in 960.77 s
Saved column 394/500 (alpha=0.551303) with 262/500 usable points in 819.17 s
Saved column 237/500 (alpha=0.331062) with 373/500 usable points in 907.20 s
Saved column 38/500 (alpha=0.051904) with 461/500 usable points in 2204.71 s
Saved column 190/500 (alpha=0.265130) with 389/500 usable points in 821.63 s
Saved column 26/500 (alpha=0.035070) with 459/500 usable points in 1081.41 s
Saved column 89/500 (alpha=0.123447) with 426/500 usable points in 1263.21 s
Saved column 300/500 (alpha=0.419439) with 351/500 usable points in 984.16 s
Saved column 410/500 (alpha=0.573747) with 247/500 usable points in 771.39 s
Saved column 106/500 (alpha=0.147295) with 417/500 usable points in 1184.82 s
Saved column 206/500 (alpha=0.287575) with 384/500 usable points in 852.90 s
Saved column 253/500 (alpha=0.353507) with 368/500 usable points in 908.92 s
Saved column 316/500 (alpha=0.441884) with 344/500 usable points in 984.52 s
Saved column 173/500 (alpha=0.241283) with 394/500 usable points in 885.38 s
Saved column 332/500 (alpha=0.464329) with 338/500 usable points in 991.27 s
Saved column 347/500 (alpha=0.485371) with 332/500 usable points in 986.47 s
Saved column 123/500 (alpha=0.171142) with 410/500 usable points in 1037.67 s
Saved column 362/500 (alpha=0.506413) with 326/500 usable points in 988.86 s
Saved column 285/500 (alpha=0.398397) with 356/500 usable points in 912.91 s
Saved column 140/500 (alpha=0.194990) with 405/500 usable points in 964.74 s
Saved column 222/500 (alpha=0.310020) with 378/500 usable points in 849.70 s
Saved column 269/500 (alpha=0.375952) with 362/500 usable points in 923.64 s
Saved column 55/500 (alpha=0.075752) with 448/500 usable points in 1664.46 s
Saved column 378/500 (alpha=0.528858) with 277/500 usable points in 831.73 s
Saved column 395/500 (alpha=0.552705) with 260/500 usable points in 776.04 s
Saved column 191/500 (alpha=0.266533) with 388/500 usable points in 775.82 s
Saved column 72/500 (alpha=0.099599) with 436/500 usable points in 1412.76 s
Saved column 238/500 (alpha=0.332465) with 373/500 usable points in 864.01 s
Saved column 157/500 (alpha=0.218838) with 399/500 usable points in 907.58 s
Saved column 207/500 (alpha=0.288978) with 383/500 usable points in 804.80 s
Saved column 301/500 (alpha=0.420842) with 350/500 usable points in 927.94 s
Saved column 254/500 (alpha=0.354910) with 367/500 usable points in 856.54 s
Saved column 174/500 (alpha=0.242685) with 394/500 usable points in 843.87 s
Saved column 317/500 (alpha=0.443287) with 344/500 usable points in 937.30 s
Saved column 107/500 (alpha=0.148697) with 417/500 usable points in 1076.05 s
Saved column 333/500 (alpha=0.465731) with 338/500 usable points in 930.89 s
Saved column 90/500 (alpha=0.124850) with 425/500 usable points in 1169.37 s
Saved column 348/500 (alpha=0.486774) with 332/500 usable points in 932.92 s
Saved column 223/500 (alpha=0.311423) with 378/500 usable points in 812.17 s
Saved column 363/500 (alpha=0.507816) with 326/500 usable points in 937.10 s
Saved column 124/500 (alpha=0.172545) with 410/500 usable points in 979.41 s
Saved column 286/500 (alpha=0.399800) with 356/500 usable points in 869.75 s
Saved column 141/500 (alpha=0.196393) with 404/500 usable points in 924.30 s
Saved column 379/500 (alpha=0.530261) with 276/500 usable points in 794.32 s
Saved column 270/500 (alpha=0.377355) with 362/500 usable points in 886.06 s
Saved column 192/500 (alpha=0.267936) with 388/500 usable points in 759.30 s
Saved column 239/500 (alpha=0.333868) with 373/500 usable points in 830.53 s
Saved column 158/500 (alpha=0.220240) with 399/500 usable points in 869.72 s
Saved column 208/500 (alpha=0.290381) with 383/500 usable points in 777.12 s
Saved column 39/500 (alpha=0.053307) with 460/500 usable points in 1879.61 s
Saved column 302/500 (alpha=0.422244) with 349/500 usable points in 879.11 s
Saved column 255/500 (alpha=0.356313) with 367/500 usable points in 826.89 s
Saved column 175/500 (alpha=0.244088) with 393/500 usable points in 798.64 s
Saved column 318/500 (alpha=0.444689) with 344/500 usable points in 883.52 s
Saved column 334/500 (alpha=0.467134) with 337/500 usable points in 880.17 s
Saved column 56/500 (alpha=0.077154) with 447/500 usable points in 1503.20 s
Saved column 224/500 (alpha=0.312826) with 378/500 usable points in 770.96 s
Saved column 27/500 (alpha=0.036473) with 465/500 usable points in 2125.42 s
Saved column 287/500 (alpha=0.401202) with 355/500 usable points in 813.54 s
Saved column 349/500 (alpha=0.488176) with 332/500 usable points in 871.60 s
Saved column 73/500 (alpha=0.101002) with 436/500 usable points in 1364.33 s
Saved column 380/500 (alpha=0.531663) with 275/500 usable points in 734.14 s
Saved column 108/500 (alpha=0.150100) with 416/500 usable points in 1004.08 s
Saved column 364/500 (alpha=0.509218) with 324/500 usable points in 873.39 s
Saved column 125/500 (alpha=0.173948) with 410/500 usable points in 902.64 s
Saved column 142/500 (alpha=0.197796) with 404/500 usable points in 844.54 s
Saved column 271/500 (alpha=0.378758) with 361/500 usable points in 812.83 s
Saved column 91/500 (alpha=0.126253) with 424/500 usable points in 1063.97 s
Saved column 240/500 (alpha=0.335271) with 372/500 usable points in 749.58 s
Saved column 159/500 (alpha=0.221643) with 398/500 usable points in 765.40 s
Saved column 176/500 (alpha=0.245491) with 393/500 usable points in 705.83 s
Saved column 256/500 (alpha=0.357715) with 367/500 usable points in 722.96 s
Saved column 303/500 (alpha=0.423647) with 349/500 usable points in 774.87 s
Saved column 319/500 (alpha=0.446092) with 343/500 usable points in 753.61 s
Saved column 335/500 (alpha=0.468537) with 337/500 usable points in 745.43 s
Saved column 288/500 (alpha=0.402605) with 355/500 usable points in 689.21 s
Saved column 350/500 (alpha=0.489579) with 331/500 usable points in 726.97 s
Saved column 365/500 (alpha=0.510621) with 325/500 usable points in 717.62 s
Saved column 272/500 (alpha=0.380160) with 361/500 usable points in 682.10 s
Saved column 143/500 (alpha=0.199198) with 404/500 usable points in 696.95 s
Saved column 126/500 (alpha=0.175351) with 409/500 usable points in 729.51 s
Saved column 109/500 (alpha=0.151503) with 416/500 usable points in 799.18 s
Saved column 160/500 (alpha=0.223046) with 398/500 usable points in 608.24 s
Saved column 92/500 (alpha=0.127655) with 424/500 usable points in 813.32 s
Saved column 74/500 (alpha=0.102405) with 436/500 usable points in 937.90 s
Saved column 57/500 (alpha=0.078557) with 447/500 usable points in 1098.51 s
Saved column 304/500 (alpha=0.425050) with 349/500 usable points in 575.81 s
Saved column 40/500 (alpha=0.054709) with 460/500 usable points in 1395.64 s
Saved column 320/500 (alpha=0.447495) with 343/500 usable points in 545.21 s
Saved column 144/500 (alpha=0.200601) with 403/500 usable points in 476.81 s
Saved column 127/500 (alpha=0.176754) with 409/500 usable points in 492.94 s
Saved column 110/500 (alpha=0.152906) with 415/500 usable points in 523.33 s
Saved column 28/500 (alpha=0.037876) with 464/500 usable points in 1359.53 s
Saved column 93/500 (alpha=0.129058) with 423/500 usable points in 532.40 s
Saved column 75/500 (alpha=0.103808) with 435/500 usable points in 644.64 s
Saved column 128/500 (alpha=0.178156) with 409/500 usable points in 397.53 s
Saved column 58/500 (alpha=0.079960) with 446/500 usable points in 678.89 s
Saved column 111/500 (alpha=0.154309) with 415/500 usable points in 427.57 s
Saved column 41/500 (alpha=0.056112) with 459/500 usable points in 790.49 s
Saved column 94/500 (alpha=0.130461) with 423/500 usable points in 448.75 s
Saved column 29/500 (alpha=0.039279) with 464/500 usable points in 594.59 s
Saved column 59/500 (alpha=0.081363) with 446/500 usable points in 358.58 s
Saved column 76/500 (alpha=0.105210) with 434/500 usable points in 546.24 s
Saved column 30/500 (alpha=0.040681) with 464/500 usable points in 224.63 s
Saved column 112/500 (alpha=0.155711) with 415/500 usable points in 398.19 s
Saved column 42/500 (alpha=0.057515) with 458/500 usable points in 450.81 s
Saved column 95/500 (alpha=0.131864) with 422/500 usable points in 412.49 s
Saved column 60/500 (alpha=0.082766) with 445/500 usable points in 532.84 s
Saved column 77/500 (alpha=0.106613) with 433/500 usable points in 487.88 s
Saved column 96/500 (alpha=0.133267) with 422/500 usable points in 390.30 s
Saved column 43/500 (alpha=0.058918) with 457/500 usable points in 408.73 s
Saved column 31/500 (alpha=0.042084) with 465/500 usable points in 703.49 s
Saved column 78/500 (alpha=0.108016) with 433/500 usable points in 462.07 s
Saved column 61/500 (alpha=0.084168) with 444/500 usable points in 495.82 s
Saved column 44/500 (alpha=0.060321) with 457/500 usable points in 554.79 s
Saved column 79/500 (alpha=0.109419) with 432/500 usable points in 416.92 s
Saved column 32/500 (alpha=0.043487) with 464/500 usable points in 657.79 s
Saved column 62/500 (alpha=0.085571) with 443/500 usable points in 490.81 s
Saved column 45/500 (alpha=0.061723) with 456/500 usable points in 543.66 s
Saved column 80/500 (alpha=0.110822) with 431/500 usable points in 366.96 s
Saved column 63/500 (alpha=0.086974) with 442/500 usable points in 431.46 s
Saved column 46/500 (alpha=0.063126) with 455/500 usable points in 463.92 s
Saved column 64/500 (alpha=0.088377) with 442/500 usable points in 397.95 s
Saved column 47/500 (alpha=0.064529) with 454/500 usable points in 455.96 s
Saved column 48/500 (alpha=0.065932) with 453/500 usable points in 432.74 s
Iterate 2: emitted_segments=51039
Iterate 3: emitted_segments=56787
Iterate 4: emitted_segments=61779
Iterate 5: emitted_segments=70737
Iterate 6: emitted_segments=81397
Iterate 7: emitted_segments=93660
Iterate 8: emitted_segments=100221
┌ Warning: At t=457.69319487645544, dt was forced below floating point epsilon 5.684341886080802e-14, and step error estimate = NaN. Aborting. There is either an error in your model specification or the true solution is unstable (or the true solution can not be represented in the precision of Float64).
└ @ SciMLBase ~/.julia/packages/SciMLBase/4MHGc/src/integrator_interface.jl:671
┌ Warning: At t=457.0659635411642, dt was forced below floating point epsilon 5.684341886080802e-14, and step error estimate = NaN. Aborting. There is either an error in your model specification or the true solution is unstable (or the true solution can not be represented in the precision of Float64).
└ @ SciMLBase ~/.julia/packages/SciMLBase/4MHGc/src/integrator_interface.jl:671
┌ Warning: At t=456.4394167003726, dt was forced below floating point epsilon 5.684341886080802e-14, and step error estimate = NaN. Aborting. There is either an error in your model specification or the true solution is unstable (or the true solution can not be represented in the precision of Float64).
└ @ SciMLBase ~/.julia/packages/SciMLBase/4MHGc/src/integrator_interface.jl:671
┌ Warning: At t=455.81355492904135, dt was forced below floating point epsilon 5.684341886080802e-14, and step error estimate = NaN. Aborting. There is either an error in your model specification or the true solution is unstable (or the true solution can not be represented in the precision of Float64).
└ @ SciMLBase ~/.julia/packages/SciMLBase/4MHGc/src/integrator_interface.jl:671
┌ Warning: At t=455.18837879905664, dt was forced below floating point epsilon 5.684341886080802e-14, and step error estimate = NaN. Aborting. There is either an error in your model specification or the true solution is unstable (or the true solution can not be represented in the precision of Float64).
└ @ SciMLBase ~/.julia/packages/SciMLBase/4MHGc/src/integrator_interface.jl:671
┌ Warning: At t=454.5638888792148, dt was forced below floating point epsilon 5.684341886080802e-14, and step error estimate = NaN. Aborting. There is either an error in your model specification or the true solution is unstable (or the true solution can not be represented in the precision of Float64).
└ @ SciMLBase ~/.julia/packages/SciMLBase/4MHGc/src/integrator_interface.jl:671
┌ Warning: At t=453.94008573520705, dt was forced below floating point epsilon 5.684341886080802e-14, and step error estimate = NaN. Aborting. There is either an error in your model specification or the true solution is unstable (or the true solution can not be represented in the precision of Float64).
└ @ SciMLBase ~/.julia/packages/SciMLBase/4MHGc/src/integrator_interface.jl:671
┌ Warning: At t=453.31696992960696, dt was forced below floating point epsilon 5.684341886080802e-14, and step error estimate = NaN. Aborting. There is either an error in your model specification or the true solution is unstable (or the true solution can not be represented in the precision of Float64).
└ @ SciMLBase ~/.julia/packages/SciMLBase/4MHGc/src/integrator_interface.jl:671
┌ Warning: At t=452.69454202185364, dt was forced below floating point epsilon 5.684341886080802e-14, and step error estimate = NaN. Aborting. There is either an error in your model specification or the true solution is unstable (or the true solution can not be represented in the precision of Float64).
└ @ SciMLBase ~/.julia/packages/SciMLBase/4MHGc/src/integrator_interface.jl:671
┌ Warning: At t=452.07280256823867, dt was forced below floating point epsilon 5.684341886080802e-14, and step error estimate = NaN. Aborting. There is either an error in your model specification or the true solution is unstable (or the true solution can not be represented in the precision of Float64).
└ @ SciMLBase ~/.julia/packages/SciMLBase/4MHGc/src/integrator_interface.jl:671
┌ Warning: At t=451.4517521218918, dt was forced below floating point epsilon 5.684341886080802e-14, and step error estimate = NaN. Aborting. There is either an error in your model specification or the true solution is unstable (or the true solution can not be represented in the precision of Float64).
└ @ SciMLBase ~/.julia/packages/SciMLBase/4MHGc/src/integrator_interface.jl:671
┌ Warning: At t=450.83139123276567, dt was forced below floating point epsilon 5.684341886080802e-14, and step error estimate = NaN. Aborting. There is either an error in your model specification or the true solution is unstable (or the true solution can not be represented in the precision of Float64).
└ @ SciMLBase ~/.julia/packages/SciMLBase/4MHGc/src/integrator_interface.jl:671
┌ Warning: At t=450.2117204476227, dt was forced below floating point epsilon 5.684341886080802e-14, and step error estimate = NaN. Aborting. There is either an error in your model specification or the true solution is unstable (or the true solution can not be represented in the precision of Float64).
└ @ SciMLBase ~/.julia/packages/SciMLBase/4MHGc/src/integrator_interface.jl:671
┌ Warning: At t=449.5927403100202, dt was forced below floating point epsilon 5.684341886080802e-14, and step error estimate = NaN. Aborting. There is either an error in your model specification or the true solution is unstable (or the true solution can not be represented in the precision of Float64).
└ @ SciMLBase ~/.julia/packages/SciMLBase/4MHGc/src/integrator_interface.jl:671
┌ Warning: At t=448.97445136029614, dt was forced below floating point epsilon 5.684341886080802e-14, and step error estimate = NaN. Aborting. There is either an error in your model specification or the true solution is unstable (or the true solution can not be represented in the precision of Float64).
└ @ SciMLBase ~/.julia/packages/SciMLBase/4MHGc/src/integrator_interface.jl:671
┌ Warning: At t=448.35685413555586, dt was forced below floating point epsilon 5.684341886080802e-14, and step error estimate = NaN. Aborting. There is either an error in your model specification or the true solution is unstable (or the true solution can not be represented in the precision of Float64).
└ @ SciMLBase ~/.julia/packages/SciMLBase/4MHGc/src/integrator_interface.jl:671
┌ Warning: At t=447.7399491696565, dt was forced below floating point epsilon 5.684341886080802e-14, and step error estimate = NaN. Aborting. There is either an error in your model specification or the true solution is unstable (or the true solution can not be represented in the precision of Float64).
└ @ SciMLBase ~/.julia/packages/SciMLBase/4MHGc/src/integrator_interface.jl:671
┌ Warning: At t=447.12373699319494, dt was forced below floating point epsilon 5.684341886080802e-14, and step error estimate = NaN. Aborting. There is either an error in your model specification or the true solution is unstable (or the true solution can not be represented in the precision of Float64).
└ @ SciMLBase ~/.julia/packages/SciMLBase/4MHGc/src/integrator_interface.jl:671
┌ Warning: At t=446.5082181334925, dt was forced below floating point epsilon 5.684341886080802e-14, and step error estimate = NaN. Aborting. There is either an error in your model specification or the true solution is unstable (or the true solution can not be represented in the precision of Float64).
└ @ SciMLBase ~/.julia/packages/SciMLBase/4MHGc/src/integrator_interface.jl:671
┌ Warning: At t=445.89339311458167, dt was forced below floating point epsilon 5.684341886080802e-14, and step error estimate = NaN. Aborting. There is either an error in your model specification or the true solution is unstable (or the true solution can not be represented in the precision of Float64).
└ @ SciMLBase ~/.julia/packages/SciMLBase/4MHGc/src/integrator_interface.jl:671
┌ Warning: At t=445.2792624571922, dt was forced below floating point epsilon 5.684341886080802e-14, and step error estimate = NaN. Aborting. There is either an error in your model specification or the true solution is unstable (or the true solution can not be represented in the precision of Float64).
└ @ SciMLBase ~/.julia/packages/SciMLBase/4MHGc/src/integrator_interface.jl:671
┌ Warning: At t=444.6658266787372, dt was forced below floating point epsilon 5.684341886080802e-14, and step error estimate = NaN. Aborting. There is either an error in your model specification or the true solution is unstable (or the true solution can not be represented in the precision of Float64).
└ @ SciMLBase ~/.julia/packages/SciMLBase/4MHGc/src/integrator_interface.jl:671
┌ Warning: At t=444.0530862932997, dt was forced below floating point epsilon 5.684341886080802e-14, and step error estimate = NaN. Aborting. There is either an error in your model specification or the true solution is unstable (or the true solution can not be represented in the precision of Float64).
└ @ SciMLBase ~/.julia/packages/SciMLBase/4MHGc/src/integrator_interface.jl:671
┌ Warning: At t=443.44104181161936, dt was forced below floating point epsilon 5.684341886080802e-14, and step error estimate = NaN. Aborting. There is either an error in your model specification or the true solution is unstable (or the true solution can not be represented in the precision of Float64).
└ @ SciMLBase ~/.julia/packages/SciMLBase/4MHGc/src/integrator_interface.jl:671
┌ Warning: At t=442.82969374107824, dt was forced below floating point epsilon 5.684341886080802e-14, and step error estimate = NaN. Aborting. There is either an error in your model specification or the true solution is unstable (or the true solution can not be represented in the precision of Float64).
└ @ SciMLBase ~/.julia/packages/SciMLBase/4MHGc/src/integrator_interface.jl:671
┌ Warning: At t=442.2190425856879, dt was forced below floating point epsilon 5.684341886080802e-14, and step error estimate = NaN. Aborting. There is either an error in your model specification or the true solution is unstable (or the true solution can not be represented in the precision of Float64).
└ @ SciMLBase ~/.julia/packages/SciMLBase/4MHGc/src/integrator_interface.jl:671
┌ Warning: At t=441.6090888460755, dt was forced below floating point epsilon 5.684341886080802e-14, and step error estimate = NaN. Aborting. There is either an error in your model specification or the true solution is unstable (or the true solution can not be represented in the precision of Float64).
└ @ SciMLBase ~/.julia/packages/SciMLBase/4MHGc/src/integrator_interface.jl:671
┌ Warning: At t=440.9998330194712, dt was forced below floating point epsilon 5.684341886080802e-14, and step error estimate = NaN. Aborting. There is either an error in your model specification or the true solution is unstable (or the true solution can not be represented in the precision of Float64).
└ @ SciMLBase ~/.julia/packages/SciMLBase/4MHGc/src/integrator_interface.jl:671
┌ Warning: At t=440.3912755996944, dt was forced below floating point epsilon 5.684341886080802e-14, and step error estimate = NaN. Aborting. There is either an error in your model specification or the true solution is unstable (or the true solution can not be represented in the precision of Float64).
└ @ SciMLBase ~/.julia/packages/SciMLBase/4MHGc/src/integrator_interface.jl:671
┌ Warning: At t=439.78341707714026, dt was forced below floating point epsilon 5.684341886080802e-14, and step error estimate = NaN. Aborting. There is either an error in your model specification or the true solution is unstable (or the true solution can not be represented in the precision of Float64).
└ @ SciMLBase ~/.julia/packages/SciMLBase/4MHGc/src/integrator_interface.jl:671
┌ Warning: At t=439.1762579387672, dt was forced below floating point epsilon 5.684341886080802e-14, and step error estimate = NaN. Aborting. There is either an error in your model specification or the true solution is unstable (or the true solution can not be represented in the precision of Float64).
└ @ SciMLBase ~/.julia/packages/SciMLBase/4MHGc/src/integrator_interface.jl:671
┌ Warning: At t=438.5697986680838, dt was forced below floating point epsilon 5.684341886080802e-14, and step error estimate = NaN. Aborting. There is either an error in your model specification or the true solution is unstable (or the true solution can not be represented in the precision of Float64).
└ @ SciMLBase ~/.julia/packages/SciMLBase/4MHGc/src/integrator_interface.jl:671
┌ Warning: At t=437.9640397451354, dt was forced below floating point epsilon 5.684341886080802e-14, and step error estimate = NaN. Aborting. There is either an error in your model specification or the true solution is unstable (or the true solution can not be represented in the precision of Float64).
└ @ SciMLBase ~/.julia/packages/SciMLBase/4MHGc/src/integrator_interface.jl:671
┌ Warning: At t=437.3589816464916, dt was forced below floating point epsilon 5.684341886080802e-14, and step error estimate = NaN. Aborting. There is either an error in your model specification or the true solution is unstable (or the true solution can not be represented in the precision of Float64).
└ @ SciMLBase ~/.julia/packages/SciMLBase/4MHGc/src/integrator_interface.jl:671
┌ Warning: At t=436.7546248452331, dt was forced below floating point epsilon 5.684341886080802e-14, and step error estimate = NaN. Aborting. There is either an error in your model specification or the true solution is unstable (or the true solution can not be represented in the precision of Float64).
└ @ SciMLBase ~/.julia/packages/SciMLBase/4MHGc/src/integrator_interface.jl:671
┌ Warning: At t=436.15096981093893, dt was forced below floating point epsilon 5.684341886080802e-14, and step error estimate = NaN. Aborting. There is either an error in your model specification or the true solution is unstable (or the true solution can not be represented in the precision of Float64).
└ @ SciMLBase ~/.julia/packages/SciMLBase/4MHGc/src/integrator_interface.jl:671
┌ Warning: At t=435.54801700967454, dt was forced below floating point epsilon 5.684341886080802e-14, and step error estimate = NaN. Aborting. There is either an error in your model specification or the true solution is unstable (or the true solution can not be represented in the precision of Float64).
└ @ SciMLBase ~/.julia/packages/SciMLBase/4MHGc/src/integrator_interface.jl:671
┌ Warning: At t=434.9457669039782, dt was forced below floating point epsilon 5.684341886080802e-14, and step error estimate = NaN. Aborting. There is either an error in your model specification or the true solution is unstable (or the true solution can not be represented in the precision of Float64).
└ @ SciMLBase ~/.julia/packages/SciMLBase/4MHGc/src/integrator_interface.jl:671
┌ Warning: At t=434.3442199528486, dt was forced below floating point epsilon 5.684341886080802e-14, and step error estimate = NaN. Aborting. There is either an error in your model specification or the true solution is unstable (or the true solution can not be represented in the precision of Float64).
└ @ SciMLBase ~/.julia/packages/SciMLBase/4MHGc/src/integrator_interface.jl:671
┌ Warning: At t=433.7433766117336, dt was forced below floating point epsilon 5.684341886080802e-14, and step error estimate = NaN. Aborting. There is either an error in your model specification or the true solution is unstable (or the true solution can not be represented in the precision of Float64).
└ @ SciMLBase ~/.julia/packages/SciMLBase/4MHGc/src/integrator_interface.jl:671
┌ Warning: At t=433.14323733251604, dt was forced below floating point epsilon 5.684341886080802e-14, and step error estimate = NaN. Aborting. There is either an error in your model specification or the true solution is unstable (or the true solution can not be represented in the precision of Float64).
└ @ SciMLBase ~/.julia/packages/SciMLBase/4MHGc/src/integrator_interface.jl:671
┌ Warning: At t=432.5438025635025, dt was forced below floating point epsilon 5.684341886080802e-14, and step error estimate = NaN. Aborting. There is either an error in your model specification or the true solution is unstable (or the true solution can not be represented in the precision of Float64).
└ @ SciMLBase ~/.julia/packages/SciMLBase/4MHGc/src/integrator_interface.jl:671
┌ Warning: At t=431.94507274941145, dt was forced below floating point epsilon 5.684341886080802e-14, and step error estimate = NaN. Aborting. There is either an error in your model specification or the true solution is unstable (or the true solution can not be represented in the precision of Float64).
└ @ SciMLBase ~/.julia/packages/SciMLBase/4MHGc/src/integrator_interface.jl:671
┌ Warning: At t=431.3470483313601, dt was forced below floating point epsilon 5.684341886080802e-14, and step error estimate = NaN. Aborting. There is either an error in your model specification or the true solution is unstable (or the true solution can not be represented in the precision of Float64).
└ @ SciMLBase ~/.julia/packages/SciMLBase/4MHGc/src/integrator_interface.jl:671
┌ Warning: At t=430.7497297468531, dt was forced below floating point epsilon 5.684341886080802e-14, and step error estimate = NaN. Aborting. There is either an error in your model specification or the true solution is unstable (or the true solution can not be represented in the precision of Float64).
└ @ SciMLBase ~/.julia/packages/SciMLBase/4MHGc/src/integrator_interface.jl:671
┌ Warning: At t=430.15311742977036, dt was forced below floating point epsilon 5.684341886080802e-14, and step error estimate = NaN. Aborting. There is either an error in your model specification or the true solution is unstable (or the true solution can not be represented in the precision of Float64).
└ @ SciMLBase ~/.julia/packages/SciMLBase/4MHGc/src/integrator_interface.jl:671
┌ Warning: At t=429.5572118103545, dt was forced below floating point epsilon 5.684341886080802e-14, and step error estimate = NaN. Aborting. There is either an error in your model specification or the true solution is unstable (or the true solution can not be represented in the precision of Float64).
└ @ SciMLBase ~/.julia/packages/SciMLBase/4MHGc/src/integrator_interface.jl:671
┌ Warning: At t=428.9620133152004, dt was forced below floating point epsilon 5.684341886080802e-14, and step error estimate = NaN. Aborting. There is either an error in your model specification or the true solution is unstable (or the true solution can not be represented in the precision of Float64).
└ @ SciMLBase ~/.julia/packages/SciMLBase/4MHGc/src/integrator_interface.jl:671
┌ Warning: At t=428.36752236724266, dt was forced below floating point epsilon 5.684341886080802e-14, and step error estimate = NaN. Aborting. There is either an error in your model specification or the true solution is unstable (or the true solution can not be represented in the precision of Float64).
└ @ SciMLBase ~/.julia/packages/SciMLBase/4MHGc/src/integrator_interface.jl:671
┌ Warning: At t=427.7737393857436, dt was forced below floating point epsilon 5.684341886080802e-14, and step error estimate = NaN. Aborting. There is either an error in your model specification or the true solution is unstable (or the true solution can not be represented in the precision of Float64).
└ @ SciMLBase ~/.julia/packages/SciMLBase/4MHGc/src/integrator_interface.jl:671
┌ Warning: At t=427.18066478628253, dt was forced below floating point epsilon 5.684341886080802e-14, and step error estimate = NaN. Aborting. There is either an error in your model specification or the true solution is unstable (or the true solution can not be represented in the precision of Float64).
└ @ SciMLBase ~/.julia/packages/SciMLBase/4MHGc/src/integrator_interface.jl:671
┌ Warning: At t=426.58829898074384, dt was forced below floating point epsilon 5.684341886080802e-14, and step error estimate = NaN. Aborting. There is either an error in your model specification or the true solution is unstable (or the true solution can not be represented in the precision of Float64).
└ @ SciMLBase ~/.julia/packages/SciMLBase/4MHGc/src/integrator_interface.jl:671
┌ Warning: At t=425.9966423773058, dt was forced below floating point epsilon 5.684341886080802e-14, and step error estimate = NaN. Aborting. There is either an error in your model specification or the true solution is unstable (or the true solution can not be represented in the precision of Float64).
└ @ SciMLBase ~/.julia/packages/SciMLBase/4MHGc/src/integrator_interface.jl:671
┌ Warning: At t=425.4056953804287, dt was forced below floating point epsilon 5.684341886080802e-14, and step error estimate = NaN. Aborting. There is either an error in your model specification or the true solution is unstable (or the true solution can not be represented in the precision of Float64).
└ @ SciMLBase ~/.julia/packages/SciMLBase/4MHGc/src/integrator_interface.jl:671
┌ Warning: At t=424.81545839084447, dt was forced below floating point epsilon 5.684341886080802e-14, and step error estimate = NaN. Aborting. There is either an error in your model specification or the true solution is unstable (or the true solution can not be represented in the precision of Float64).
└ @ SciMLBase ~/.julia/packages/SciMLBase/4MHGc/src/integrator_interface.jl:671
┌ Warning: At t=424.2259318055455, dt was forced below floating point epsilon 5.684341886080802e-14, and step error estimate = NaN. Aborting. There is either an error in your model specification or the true solution is unstable (or the true solution can not be represented in the precision of Float64).
└ @ SciMLBase ~/.julia/packages/SciMLBase/4MHGc/src/integrator_interface.jl:671
┌ Warning: At t=423.63711601777266, dt was forced below floating point epsilon 5.684341886080802e-14, and step error estimate = NaN. Aborting. There is either an error in your model specification or the true solution is unstable (or the true solution can not be represented in the precision of Float64).
└ @ SciMLBase ~/.julia/packages/SciMLBase/4MHGc/src/integrator_interface.jl:671
┌ Warning: At t=423.0490114170056, dt was forced below floating point epsilon 5.684341886080802e-14, and step error estimate = NaN. Aborting. There is either an error in your model specification or the true solution is unstable (or the true solution can not be represented in the precision of Float64).
└ @ SciMLBase ~/.julia/packages/SciMLBase/4MHGc/src/integrator_interface.jl:671
┌ Warning: At t=422.461618388951, dt was forced below floating point epsilon 5.684341886080802e-14, and step error estimate = NaN. Aborting. There is either an error in your model specification or the true solution is unstable (or the true solution can not be represented in the precision of Float64).
└ @ SciMLBase ~/.julia/packages/SciMLBase/4MHGc/src/integrator_interface.jl:671
┌ Warning: At t=421.87493731553207, dt was forced below floating point epsilon 5.684341886080802e-14, and step error estimate = NaN. Aborting. There is either an error in your model specification or the true solution is unstable (or the true solution can not be represented in the precision of Float64).
└ @ SciMLBase ~/.julia/packages/SciMLBase/4MHGc/src/integrator_interface.jl:671
┌ Warning: At t=421.2889685748786, dt was forced below floating point epsilon 5.684341886080802e-14, and step error estimate = NaN. Aborting. There is either an error in your model specification or the true solution is unstable (or the true solution can not be represented in the precision of Float64).
└ @ SciMLBase ~/.julia/packages/SciMLBase/4MHGc/src/integrator_interface.jl:671
┌ Warning: At t=420.70371254131487, dt was forced below floating point epsilon 5.684341886080802e-14, and step error estimate = NaN. Aborting. There is either an error in your model specification or the true solution is unstable (or the true solution can not be represented in the precision of Float64).
└ @ SciMLBase ~/.julia/packages/SciMLBase/4MHGc/src/integrator_interface.jl:671
┌ Warning: At t=420.119169585351, dt was forced below floating point epsilon 5.684341886080802e-14, and step error estimate = NaN. Aborting. There is either an error in your model specification or the true solution is unstable (or the true solution can not be represented in the precision of Float64).
└ @ SciMLBase ~/.julia/packages/SciMLBase/4MHGc/src/integrator_interface.jl:671
┌ Warning: At t=419.53534007367114, dt was forced below floating point epsilon 5.684341886080802e-14, and step error estimate = NaN. Aborting. There is either an error in your model specification or the true solution is unstable (or the true solution can not be represented in the precision of Float64).
└ @ SciMLBase ~/.julia/packages/SciMLBase/4MHGc/src/integrator_interface.jl:671
┌ Warning: At t=418.95222436912354, dt was forced below floating point epsilon 5.684341886080802e-14, and step error estimate = NaN. Aborting. There is either an error in your model specification or the true solution is unstable (or the true solution can not be represented in the precision of Float64).
└ @ SciMLBase ~/.julia/packages/SciMLBase/4MHGc/src/integrator_interface.jl:671
┌ Warning: At t=418.36982283071103, dt was forced below floating point epsilon 5.684341886080802e-14, and step error estimate = NaN. Aborting. There is either an error in your model specification or the true solution is unstable (or the true solution can not be represented in the precision of Float64).
└ @ SciMLBase ~/.julia/packages/SciMLBase/4MHGc/src/integrator_interface.jl:671
┌ Warning: At t=417.7881358135799, dt was forced below floating point epsilon 5.684341886080802e-14, and step error estimate = NaN. Aborting. There is either an error in your model specification or the true solution is unstable (or the true solution can not be represented in the precision of Float64).
└ @ SciMLBase ~/.julia/packages/SciMLBase/4MHGc/src/integrator_interface.jl:671
┌ Warning: At t=417.20716366901115, dt was forced below floating point epsilon 5.684341886080802e-14, and step error estimate = NaN. Aborting. There is either an error in your model specification or the true solution is unstable (or the true solution can not be represented in the precision of Float64).
└ @ SciMLBase ~/.julia/packages/SciMLBase/4MHGc/src/integrator_interface.jl:671
┌ Warning: At t=416.62690674440904, dt was forced below floating point epsilon 5.684341886080802e-14, and step error estimate = NaN. Aborting. There is either an error in your model specification or the true solution is unstable (or the true solution can not be represented in the precision of Float64).
└ @ SciMLBase ~/.julia/packages/SciMLBase/4MHGc/src/integrator_interface.jl:671
┌ Warning: At t=416.0473653832929, dt was forced below floating point epsilon 5.684341886080802e-14, and step error estimate = NaN. Aborting. There is either an error in your model specification or the true solution is unstable (or the true solution can not be represented in the precision of Float64).
└ @ SciMLBase ~/.julia/packages/SciMLBase/4MHGc/src/integrator_interface.jl:671
┌ Warning: At t=415.46853992528645, dt was forced below floating point epsilon 5.684341886080802e-14, and step error estimate = NaN. Aborting. There is either an error in your model specification or the true solution is unstable (or the true solution can not be represented in the precision of Float64).
└ @ SciMLBase ~/.julia/packages/SciMLBase/4MHGc/src/integrator_interface.jl:671
┌ Warning: At t=414.8904307061078, dt was forced below floating point epsilon 5.684341886080802e-14, and step error estimate = NaN. Aborting. There is either an error in your model specification or the true solution is unstable (or the true solution can not be represented in the precision of Float64).
└ @ SciMLBase ~/.julia/packages/SciMLBase/4MHGc/src/integrator_interface.jl:671
┌ Warning: At t=414.3130380575614, dt was forced below floating point epsilon 5.684341886080802e-14, and step error estimate = NaN. Aborting. There is either an error in your model specification or the true solution is unstable (or the true solution can not be represented in the precision of Float64).
└ @ SciMLBase ~/.julia/packages/SciMLBase/4MHGc/src/integrator_interface.jl:671
┌ Warning: At t=413.73636230752777, dt was forced below floating point epsilon 5.684341886080802e-14, and step error estimate = NaN. Aborting. There is either an error in your model specification or the true solution is unstable (or the true solution can not be represented in the precision of Float64).
└ @ SciMLBase ~/.julia/packages/SciMLBase/4MHGc/src/integrator_interface.jl:671
┌ Warning: At t=413.1604037799535, dt was forced below floating point epsilon 5.684341886080802e-14, and step error estimate = NaN. Aborting. There is either an error in your model specification or the true solution is unstable (or the true solution can not be represented in the precision of Float64).
└ @ SciMLBase ~/.julia/packages/SciMLBase/4MHGc/src/integrator_interface.jl:671
┌ Warning: At t=412.58516279484394, dt was forced below floating point epsilon 5.684341886080802e-14, and step error estimate = NaN. Aborting. There is either an error in your model specification or the true solution is unstable (or the true solution can not be represented in the precision of Float64).
└ @ SciMLBase ~/.julia/packages/SciMLBase/4MHGc/src/integrator_interface.jl:671
┌ Warning: At t=412.0106396682519, dt was forced below floating point epsilon 5.684341886080802e-14, and step error estimate = NaN. Aborting. There is either an error in your model specification or the true solution is unstable (or the true solution can not be represented in the precision of Float64).
└ @ SciMLBase ~/.julia/packages/SciMLBase/4MHGc/src/integrator_interface.jl:671
┌ Warning: At t=411.43683471227024, dt was forced below floating point epsilon 5.684341886080802e-14, and step error estimate = NaN. Aborting. There is either an error in your model specification or the true solution is unstable (or the true solution can not be represented in the precision of Float64).
└ @ SciMLBase ~/.julia/packages/SciMLBase/4MHGc/src/integrator_interface.jl:671
┌ Warning: At t=410.86374823502257, dt was forced below floating point epsilon 5.684341886080802e-14, and step error estimate = NaN. Aborting. There is either an error in your model specification or the true solution is unstable (or the true solution can not be represented in the precision of Float64).
└ @ SciMLBase ~/.julia/packages/SciMLBase/4MHGc/src/integrator_interface.jl:671
┌ Warning: At t=410.29138054065476, dt was forced below floating point epsilon 5.684341886080802e-14, and step error estimate = NaN. Aborting. There is either an error in your model specification or the true solution is unstable (or the true solution can not be represented in the precision of Float64).
└ @ SciMLBase ~/.julia/packages/SciMLBase/4MHGc/src/integrator_interface.jl:671
Usable points: 163138 / 250000
Saved merged results to /home/guest_coder/github/repos/hinsley/MultimodalMaps.jl/kneading/experiment/attempt-040/grid500_branch16_attractorseed_anglesecantdiag_floworth_absx_plot8_shimizu_morioka_cpu_results.tsv
Saved seam diagnostics to /home/guest_coder/github/repos/hinsley/MultimodalMaps.jl/kneading/experiment/attempt-040/grid500_branch16_attractorseed_anglesecantdiag_floworth_absx_plot8_shimizu_morioka_cpu_diagnostics.tsv
Saved iterate-color legend to /home/guest_coder/github/repos/hinsley/MultimodalMaps.jl/kneading/experiment/attempt-040/grid500_branch16_attractorseed_anglesecantdiag_floworth_absx_plot8_shimizu_morioka_cpu_iterate_colors.tsv
Saved |x|-max contour plot to /home/guest_coder/github/repos/hinsley/MultimodalMaps.jl/kneading/experiment/attempt-040/grid500_branch16_attractorseed_anglesecantdiag_floworth_absx_plot8_shimizu_morioka_cpu_contours.png
Saved seam diagnostic overlay to /home/guest_coder/github/repos/hinsley/MultimodalMaps.jl/kneading/experiment/attempt-040/grid500_branch16_attractorseed_anglesecantdiag_floworth_absx_plot8_shimizu_morioka_cpu_diagnostic_overlay.png
Uploaded /home/guest_coder/github/repos/hinsley/MultimodalMaps.jl/kneading/experiment/attempt-040/grid500_branch16_attractorseed_anglesecantdiag_floworth_absx_plot8_shimizu_morioka_cpu_contours.png
Uploaded /home/guest_coder/github/repos/hinsley/MultimodalMaps.jl/kneading/experiment/attempt-040/grid500_branch16_attractorseed_anglesecantdiag_floworth_absx_plot8_shimizu_morioka_cpu_diagnostic_overlay.png
