delta_x	delta_ca	T0_V	T0_Ca	T0_method	T_signs	gamma_signs	T_min_times	gamma_min_times	T_tangent_Ca	gamma_tangent_Ca	status
-1.50000000	-43.49699399	-43.36869166	0.8960965303	continued:5	-1,-1,-1,-1,-1,-1,-1,-1	-1,-1,-1,-1,-1,-1,-1,-1	3072.137493,5902.05119,8645.884806,11364.96172,14076.21617,16784.93223,19492.81761,22200.43039	4854.990479,6073.426982,7583.268133,9428.138521,11619.71049,14079.38383,16688.28628,19360.74063	-0.9165047851,-0.9189787238,-0.9192062914,-0.9192834798,-0.9193091858,-0.919317602,-0.9193203711,-0.9193212814	-0.9319549538,-0.8538620131,-0.9761063909,-0.9394925004,-0.9240648205,-0.9205903702,-0.9197081363,-0.9194455939	ok
-1.49799599	-43.49699399	-43.56459884	0.8951816752	continued:5	1,1,1,1,1,1,1,1	-1,-1,-1,-1,-1,-1,-1,-1	3182.630368,6016.91401,8766.4443,11491.7642,14209.49281,16924.77795,19639.2701,22353.50421	4856.173051,6063.956845,7562.197859,9395.404677,11579.2965,14037.73623,16650.25805,19328.46906	0.9188617891,0.9190091077,0.919229941,0.9193041159,0.9193286142,0.9193366521,0.9193392461,0.9193400909	-0.9321403854,-0.8393470327,-0.9768012725,-0.9405734806,-0.9242852106,-0.920643379,-0.9197330475,-0.9194651804	ok
-1.49599198	-43.49699399	-43.75409323	0.8946801224	continued:5	-1,-1,-1,-1,-1,-1,-1,-1	-1,-1,-1,-1,-1,-1,-1,-1	3325.745987,6164.459678,8919.716575,11651.29945,14375.51663,17097.38224,19818.4911,22539.3558	4857.428653,6054.51932,7541.088297,9362.371868,11538.18411,13995.07143,16611.07586,19295.01036	-0.9162002154,-0.9190394096,-0.9192537993,-0.9193250956,-0.9193481923,-0.9193557452,-0.919358175,-0.9193589543	-0.9323269939,-0.8240719522,-0.9772154075,-0.9417236959,-0.9245211117,-0.9206988858,-0.9197586326,-0.9194851346	ok
-1.49398798	-43.49699399	-43.93484953	0.8941785696	continued:5	1,1,1,1,1,1,1,1	-1,-1,-1,-1,-1,-1,-1,-1	3446.083836,6289.227237,9050.225114,11788.08524,14518.80343,17247.26033,19974.99565,22702.50016	4858.759135,6045.113866,7519.94375,9329.045759,11496.36927,13951.36896,16570.70933,19260.33088	0.9223538588,0.919069746,0.9192777708,0.9193461373,0.9193683654,0.9193754637,0.919377753,0.9193784874	-0.9325148015,-0.8080972422,-0.9772914799,-0.9429468222,-0.9247740134,-0.9207570833,-0.9197849182,-0.9195054582	ok
-1.49198397	-43.49699399	-44.10919897	0.8938047342	continued:5	1,1,1,1,1,1,1,1	-1,-1,-1,-1,-1,-1,-1,-1	24.22159708,3560.568917,6408.145861,9174.900088,11919.05176,14656.28344,17391.34242,20125.71412	4860.166417,6035.73954,7498.768561,9295.432429,11453.8485,13906.6082,16529.12716,19224.39579	0.96110649,0.9191188829,0.9191001486,0.9193018445,0.9193673739,0.9193885535,0.9193951843,0.9193972245	-0.9327038312,-0.791493707,-0.9769652603,-0.9442463893,-0.9250455733,-0.920818186,-0.9198119333,-0.9195261532	ok
-1.48997996	-43.49699399	-44.27739172	0.8936375499	full	1,1,1,1,1,1,1,1	-1,-1,-1,-1,-1,-1,-1,-1	39.8553546,3600.790653,6452.849392,9225.385949,11975.84666,14719.60366,17461.27493,20202.29225	4861.652495,6026.394893,7477.567104,9261.538375,11410.61894,13860.76837,16486.29712,19187.16902	0.9965194094,0.933248285,0.9191303978,0.9193260258,0.9193890946,0.9194089467,0.9194152769,0.9194172676	-0.9328941064,-0.7743418804,-0.9761654424,-0.9456256627,-0.9253376393,-0.920882433,-0.9198397102,-0.9195472229	ok
-1.48797595	-43.49699399	-40.78522413	0.9021017971	continued:5	1,1,1,1,1,1,1,1	-1,-1,-1,-1,-1,-1,-1,-1	2037.408746,4936.470042,7725.244373,10485.08557,13236.3165,15984.8997,18732.66104,21480.1665	4262.965316,7028.119262,8373.70516,10024.82207,12040.93454,14396.71057,16977.95971,19665.97495	0.9184859785,0.9190751375,0.9193223344,0.9194018395,0.919426872,0.9194346839,0.9194371345,0.9194378969	-0.9413457455,-0.6383611371,-0.9424791988,-0.9612572785,-0.9298483495,-0.9218238034,-0.9200890841,-0.9196328255	ok
-1.48597194	-43.49699399	-41.58539998	0.9008525735	continued:5	1,1,1,1,1,1,1,1	-1,-1,-1,-1,-1,-1,-1,-1	2211.426844,5080.585616,7866.78215,10630.50414,13387.53091,16142.51282,18896.86521,21651.02334	4270.843885,6998.902614,8326.869239,9955.635542,11949.89892,14291.70785,16869.41811,19560.45567	0.9189364526,0.9191743626,0.9193692865,0.9194309094,0.9194502055,0.9194561434,0.919457966,0.9194585281	-0.9415973275,-0.6141308337,-0.9290910316,-0.9643269798,-0.9309198576,-0.9220329484,-0.9201484086,-0.9196624354	ok
-1.48396794	-43.49699399	-42.04628639	0.8993966988	continued:5	1,1,1,1,1,1,1,1	-1,-1,-1,-1,-1,-1,-1,-1	2358.493286,5225.862414,8016.301813,10785.91109,13549.35759,16310.93711,19071.94701,21832.7827	4278.974406,6969.441121,8279.968289,9885.93752,11857.32336,14183.85456,16757.12515,19450.81974	0.9211441002,0.9192178905,0.9193979544,0.9194544901,0.9194717661,0.9194771259,0.9194786566,0.919479305	-0.9418515068,-0.591579553,-0.9128072337,-0.9674090398,-0.9321429021,-0.9222688351,-0.9202126668,-0.919693338	ok
-1.48196393	-43.49699399	-42.39036179	0.8978131066	continued:5	1,1,1,1,1,1,1,1	-1,-1,-1,-1,-1,-1,-1,-1	2489.082101,5359.63189,8155.58192,10931.46026,13701.44994,16469.67185,19237.3595,22004.88533	4287.368211,6939.570509,8233.019938,9815.770823,11763.24879,14073.12041,16640.95925,19336.89762	0.9203226904,0.9192511741,0.919423672,0.9194770514,0.9194932706,0.9194981988,0.9194997286,0.9195001946	-0.9421083484,-0.5716757393,-0.8934803596,-0.970392465,-0.9335412074,-0.9225363633,-0.9202825985,-0.9197256746	ok
-1.47995992	-43.49699399	-42.67819973	0.8964361656	continued:5	-1,-1,-1,-1,-1,-1,-1,-1	-1,-1,-1,-1,-1,-1,-1,-1	2625.031121,5499.823863,8301.567052,11083.80621,13860.37366,16635.25439,19409.6302,22183.85459	4870.340333,5980.010034,7371.319975,9088.114094,11183.78897,13614.65329,16252.2326,18980.30419	-0.9172104929,-0.9192823875,-0.9194487344,-0.9194996713,-0.9195150514,-0.9195196319,-0.9195210157,-0.9195214316	-0.9338650342,-0.6837947746,-0.9621023626,-0.9537906654,-0.9271866159,-0.9212613799,-0.9199914328,-0.919658331	ok
-1.47795591	-43.49699399	-42.93208092	0.8951869420	continued:5	-1,-1,-1,-1,-1,-1,-1,-1	-1,-1,-1,-1,-1,-1,-1,-1	2759.725699,5639.004439,8446.615754,11235.24657,14018.40799,16799.95818,19581.03071,22361.96137	4872.345737,5970.761183,7350.053339,9052.695709,11136.28777,13561.90175,16201.18338,18934.49362	-0.9181942991,-0.9193131292,-0.9194737785,-0.9195223073,-0.9195368532,-0.9195411956,-0.9195425105,-0.9195428993	-0.9340633136,-0.6655380956,-0.9566131868,-0.9556769856,-0.927654379,-0.9213513782,-0.920024695,-0.9196817443	ok
-1.47595190	-43.49699399	-43.16414300	0.8939377184	continued:5	-1,-1,-1,-1,-1,-1,-1,-1	-1,-1,-1,-1,-1,-1,-1,-1	2879.155422,5763.038704,8576.561507,11371.60538,14161.37373,16949.60302,19737.38052,22525.02517	4874.446324,5961.49846,7328.791077,9017.053848,11088.07948,13507.92641,16148.63268,18887.09939	-0.9151823573,-0.9193436114,-0.9194986509,-0.9195452194,-0.9195590265,-0.9195630886,-0.9195642836,-0.9195646353	-0.9342630226,-0.6475518346,-0.9500001039,-0.9576393536,-0.9281631799,-0.9214472396,-0.9200590749,-0.9197055724	ok
-1.47394790	-43.49699399	-43.38284370	0.8928951460	continued:5	1,1,1,1,1,1,1,1	-1,-1,-1,-1,-1,-1,-1,-1	3003.005301,5891.507533,8710.959037,11512.42988,14308.81573,17103.73269,19898.22281,22692.58869	4876.644839,5952.20453,7307.537396,8981.198341,11039.16813,13452.70747,16094.54006,18838.07334	0.9217683107,0.9193740849,0.9195238734,0.9195685032,0.9195813964,0.9195852398,0.9195863612,0.919586688	-0.9344641904,-0.6300043225,-0.9421682573,-0.9596686712,-0.9287174571,-0.9215495768,-0.9200946498,-0.9197298254	ok
-1.47194389	-43.49699399	-43.59104508	0.8920592246	continued:5	1,1,1,1,1,1,1,1	-1,-1,-1,-1,-1,-1,-1,-1	3131.377008,6024.523611,8849.923741,11657.8362,14460.8501,17262.46319,20063.67336,22864.76744	4878.944143,5942.855497,7286.296403,8945.139407,10989.55885,13396.22563,16038.86398,18787.36545	0.9234519275,0.9194046947,0.9195492263,0.9195916987,0.9196041836,0.9196077241,0.9196087342,0.9196090255	-0.9346668473,-0.6130907201,-0.9330310697,-0.9617517378,-0.9293221532,-0.9216590878,-0.9201315065,-0.9197545146	ok
-1.46993988	-43.49699399	-43.79024461	0.8913510207	continued:5	1,1,1,1,1,1,1,1	-1,-1,-1,-1,-1,-1,-1,-1	3254.128201,6151.936038,8983.302308,11797.67003,14607.32234,17415.63987,20223.57743,23031.40666	4881.347222,5933.41774,7265.07207,8908.887644,10939.25796,13338.46221,15981.56184,18734.92381	0.9202184231,0.9194353166,0.919574853,0.9196152281,0.9196268669,0.919630193,0.9196311398,0.9196314093	-0.9348710245,-0.597045648,-0.922514299,-0.9638702373,-0.9299827639,-0.9217765668,-0.9201697429,-0.9197796526	ok
-1.46793587	-43.49699399	-43.98200193	0.8908494679	continued:5	1,1,1,1,1,1,1,1	-1,-1,-1,-1,-1,-1,-1,-1	3380.888967,6283.383834,9120.736142,11941.57226,14757.87308,17572.90331,20387.57591,23202.14762	4883.857195,5923.842558,7243.868197,8872.454013,10888.273,13279.39923,15922.58993,18680.69445	0.9203317941,0.9194658998,0.9196005107,0.9196389895,0.9196500643,0.9196530187,0.9196538912,0.9196541375	-0.9350767542,-0.5821640696,-0.9105602612,-0.9659995337,-0.9307053863,-0.9219029223,-0.9202094691,-0.9198052545	ok
-1.46593186	-43.49699399	-44.16626746	0.8904756325	continued:5	1,1,1,1,1,1,1,1	-1,-1,-1,-1,-1,-1,-1,-1	11.60085127,3500.469124,6407.658822,9251.012302,12078.33019,14901.28936,17723.04054,20544.45459	4886.477317,5914.05652,7222.688369,8835.849824,10836.61282,13219.01962,15861.90352,18624.62132	0.9570571836,0.9197095119,0.9194964964,0.9196262834,0.919663,0.9196732838,0.9196761326,0.9196769375	-0.9352840696,-0.5688378197,-0.8971319684,-0.9681072535,-0.9314967663,-0.9220391944,-0.9202508097,-0.9198313368	ok
-1.46392786	-43.49699399	-44.34349977	0.8903084482	full	1,1,1,1,1,1,1,1	-1,-1,-1,-1,-1,-1,-1,-1	3541.78134,6453.717342,9303.097746,12136.91172,14966.53809,17795.01678,20623.17912,23451.25417	4889.210992,5903.942333,7201.535896,8799.086714,10784.28759,13157.30728,15799.45682,18566.64616	0.9452116459,0.9195270712,0.9196521412,0.9196872085,0.9196968635,0.9196995653,0.9197003041,0.9197005076	-0.9354930045,-0.5576252442,-0.8822168992,-0.9701516391,-0.9323643404,-0.9221865779,-0.9202939059,-0.9198579189	ok
-1.46192385	-43.49699399	-40.68777658	0.8989998503	continued:5	1,1,1,1,1,1,1,1	-1,-1,-1,-1,-1,-1,-1,-1	1996.293195,4967.034539,7834.215535,10677.58552,13514.70969,16350.14691,19185.1248,22019.97735	4388.878314,7762.26549,9098.709451,10754.137,12807.61334,15240.08554,17918.42285,20703.80092	0.9189779428,0.9194689878,0.9196530464,0.9197046572,0.9197187816,0.9197226432,0.9197236978,0.9197239857	-0.9448390046,-0.5866119859,-0.9214139439,-0.9631228463,-0.9293562363,-0.9216414396,-0.9201888604,-0.919846974	ok
-1.45991984	-43.49699399	-41.56903940	0.8977506267	continued:5	1,1,1,1,1,1,1,1	-1,-1,-1,-1,-1,-1,-1,-1	2179.572852,5111.115121,7974.878152,10822.31258,13665.45982,16507.45814,19349.14687,22190.75209	4401.171255,7714.08586,9026.536916,10648.30664,12666.26189,15073.84839,17743.69017,20530.80638	0.919428597,0.919571001,0.9196993247,0.9197346798,0.919744183,0.9197466278,0.919747406,0.9197475988	-0.9451300276,-0.5604977918,-0.8961588346,-0.9675754247,-0.9309515645,-0.9219172321,-0.9202610232,-0.9198814895	ok
-1.45791583	-43.49699399	-42.05656306	0.8962947520	continued:5	1,1,1,1,1,1,1,1	-1,-1,-1,-1,-1,-1,-1,-1	2331.339929,5259.81216,8127.872722,10981.37901,13831.09728,16679.81135,19528.25792,22376.63315	4413.94098,7664.416695,8954.463251,10542.01371,12522.63792,14902.61973,17561.98966,20350.07261	0.9235763441,0.9196152167,0.9197292976,0.9197603513,0.919768559,0.9197706875,0.9197712695,0.9197714272	-0.9454246557,-0.542944872,-0.8652014613,-0.9717608197,-0.9328868947,-0.9222470424,-0.920342095,-0.9199180071	ok
-1.45591182	-43.49699399	-42.41665952	0.8947111599	continued:5	-1,-1,-1,-1,-1,-1,-1,-1	-1,-1,-1,-1,-1,-1,-1,-1	2466.342695,5397.937184,8271.708715,11131.66224,13988.05762,16843.52056,19698.73803,22553.89081	4427.214834,7610.084229,8882.523108,10435.3817,12376.91592,14726.41755,17373.0684,20161.20023	-0.916318193,-0.9196487472,-0.9197567116,-0.9197853364,-0.9197929832,-0.9197950036,-0.9197955364,-0.9197956769	-0.9457229791,-0.5458171347,-0.82882279,-0.9751699491,-0.9352373943,-0.9226460199,-0.9204341477,-0.9199569033	ok
-1.45390782	-43.49699399	-42.71623028	0.8931275677	continued:5	1,1,1,1,1,1,1,1	-1,-1,-1,-1,-1,-1,-1,-1	2590.131668,5526.16144,8405.956002,11272.44473,14135.54581,16997.76951,19859.76499,22721.70105	4441.022308,8810.74156,10328.53632,12229.29365,14545.298,17176.68198,19963.76778,22804.68194	0.9206496713,0.9196803596,0.9197834357,0.9198105012,0.9198175041,0.9198193472,0.9198198309,0.9198199569	-0.946025088,-0.7877587159,-0.977036706,-0.9380887006,-0.9231344796,-0.9205398859,-0.9199986568,-0.9198661014	ok
-1.45190381	-43.49699399	-42.98236455	0.8918783441	continued:5	-1,-1,-1,-1,-1,-1,-1,-1	-1,-1,-1,-1,-1,-1,-1,-1	2729.262574,5670.046134,8555.947254,11428.99979,14298.81904,17167.81095,20036.59027,22905.3149	4455.395251,8739.127931,10221.60414,12079.9917,14359.36163,16972.60134,19757.33216,22602.52779	-0.918186726,-0.9197111831,-0.9198101079,-0.919835839,-0.9198424747,-0.9198441856,-0.919844626,-0.9198447393	-0.9463310727,-0.7431749216,-0.97627336,-0.9415322055,-0.9237398608,-0.9206628841,-0.9200438819,-0.9198953046	ok
-1.44989980	-43.49699399	-43.22488552	0.8906291206	continued:5	-1,-1,-1,-1,-1,-1,-1,-1	-1,-1,-1,-1,-1,-1,-1,-1	2852.653367,5798.298063,8690.343849,11569.97696,14446.52351,17322.28994,20197.8584,23073.37657	4470.368085,8667.664237,10114.71123,11929.25242,14168.75976,16760.62145,19541.42998,22390.44528	-0.9103954023,-0.9197422022,-0.9198369576,-0.919861287,-0.9198674337,-0.9198689973,-0.9198693949,-0.9198694959	-0.9466410225,-0.6966056346,-0.9714359487,-0.9456536883,-0.9244994298,-0.9208079331,-0.920093374,-0.9199255788	ok
-1.44789579	-43.49699399	-43.45286641	0.8895865481	continued:5	1,1,1,1,1,1,1,1	-1,-1,-1,-1,-1,-1,-1,-1	2979.574114,5930.113454,8828.322322,11714.54764,14597.82903,17480.37566,20362.73819,23245.05455	4485.978061,8596.281708,10007.9814,11777.33819,13973.70054,16540.57223,19315.58009,22167.84382	0.9310548888,0.9197730622,0.9198638828,0.9198869037,0.9198927137,0.9198941732,0.9198945384,0.91989463	-0.9469550249,-0.649921795,-0.9607679304,-0.9505100826,-0.9254639521,-0.9209815487,-0.9201481749,-0.9199571261	ok
-1.44589178	-43.49699399	-43.66951793	0.8887506267	continued:5	-1,-1,-1,-1,-1,-1,-1,-1	-1,-1,-1,-1,-1,-1,-1,-1	3109.904346,6065.3654,8969.756638,11862.58596,14752.6097,17641.94209,20531.10348,23420.22255	4502.265524,8524.807766,9901.534273,11624.5289,13774.45456,16312.33198,19079.28804,21934.08957	-0.9147080776,-0.9198039287,-0.919890895,-0.9199127206,-0.9199181274,-0.9199194668,-0.9199197987,-0.9199198808	-0.9472731644,-0.605444427,-0.942383862,-0.9560860236,-0.9267025313,-0.9211927348,-0.920209666,-0.9199902103	ok
-1.44388778	-43.49699399	-43.87654026	0.8880424228	continued:5	1,1,1,1,1,1,1,1	-1,-1,-1,-1,-1,-1,-1,-1	3233.445324,6193.852098,9104.442877,12003.88713,14900.66084,17796.78447,20692.74943,23588.67561	4519.274209,8452.824605,9795.482704,11471.11885,13571.35942,16075.84347,18832.05299,21688.50328	0.9232944323,0.9198348496,0.9199179648,0.919938637,0.9199437079,0.9199449426,0.9199452442,0.9199453179	-0.9475955206,-0.566457803,-0.9146346978,-0.9622176023,-0.9283086681,-0.921454142,-0.9202797015,-0.9200251796	ok
-1.44188377	-43.49699399	-44.07560489	0.8875408700	continued:5	1,1,1,1,1,1,1,1	-1,-1,-1,-1,-1,-1,-1,-1	3359.578693,6324.953854,9241.761374,12147.83084,15051.36039,17954.28038,20857.05357,23759.79139	4537.051566,8379.160001,9689.929096,11317.41282,13364.82265,15831.13269,18573.37808,21430.35896	0.9223370673,0.9198657205,0.9199452602,0.9199647214,0.9199694228,0.9199705567,0.9199708307,0.9199708967	-0.9479221669,-0.5391132179,-0.8766145319,-0.9684665373,-0.9304071236,-0.9217838526,-0.9203608093,-0.9200624974	ok
-1.43987976	-43.49699399	-44.26673170	0.8871670346	continued:5	1,1,1,1,1,1,1,1	-1,-1,-1,-1,-1,-1,-1,-1	22.81779832,3477.249178,6447.600219,9370.638165,12283.3423,15193.63462,18103.35591,21012.94157	4555.649096,8297.73494,9584.959407,11163.7216,13155.32252,15578.33005,18302.78559,21158.88379	0.9604944842,0.9203445678,0.9198966618,0.9199727617,0.9199910156,0.9199953497,0.9199963911,0.9199966387	-0.9482531672,-0.546209616,-0.8286424137,-0.9739280543,-0.9331600334,-0.9222081562,-0.9204564888,-0.9201027895	ok
-1.43787575	-43.49699399	-44.45040956	0.8869998503	full	1,1,1,1,1,1,1,1	-1,-1,-1,-1,-1,-1,-1,-1	37.35243086,3517.973032,6493.356877,9422.649327,12341.99937,15259.06054,18175.58736,21091.98846	4575.12272,9480.632069,11010.35699,12943.40614,15317.69317,18019.83824,20873.26018,23773.80179	0.9971802448,0.9316011634,0.9199276662,0.9200004332,0.9200175258,0.9200215434,0.920022607,0.9200228327	-0.9485885735,-0.7724867526,-0.9769721223,-0.9367682369,-0.9227658908,-0.9205716764,-0.9201469111,-0.9200517775	ok
-1.43587174	-43.49699399	-40.55985272	0.8959535612	continued:5	1,1,1,1,1,1,1,1	-1,-1,-1,-1,-1,-1,-1,-1	1953.206659,5003.532561,7951.953187,10880.8039,13805.29043,16728.77705,19652.033,22575.23568	4595.533166,9376.954989,10857.6263,12729.68424,15049.63028,17724.16849,20572.63111,23477.04498	0.9194490492,0.919869921,0.9200073017,0.9200393728,0.9200468882,0.920048608,0.9200490056,0.9200490975	-0.9489284216,-0.7112228715,-0.974974997,-0.9414586808,-0.9235152186,-0.9207134763,-0.9201960488,-0.9200828423	ok
-1.43386774	-43.49699399	-41.54455089	0.8947043376	continued:5	1,1,1,1,1,1,1,1	-1,-1,-1,-1,-1,-1,-1,-1	2148.371897,5146.536628,8090.862597,11024.08105,13954.82106,16884.9992,19815.04949,22745.07068	4616.946347,9273.831858,10705.82634,12514.82249,14774.72222,17415.51761,20256.11085,23163.60078	0.9199467864,0.9199724976,0.9200521065,0.9200701709,0.9200745319,0.9200754521,0.9200756505,0.9200756983	-0.9492727269,-0.6489203958,-0.964225658,-0.9474389045,-0.9245440638,-0.9208923515,-0.9202518757,-0.9201153842	ok
-1.43186373	-43.49699399	-42.06103572	0.8931207455	continued:5	1,1,1,1,1,1,1,1	-1,-1,-1,-1,-1,-1,-1,-1	2297.244157,5290.575482,8239.259447,11178.72151,14116.14974,17053.12339,19989.99515,22926.84405	4639.433757,9170.91564,10555.23669,12299.52921,14493.74056,17093.78591,19922.80343,22832.30503	0.920516926,0.9200172984,0.9200832713,0.9200981708,0.9201015083,0.9201022572,0.9201024253,0.920102463	-0.949621478,-0.5907225019,-0.940362777,-0.9547818495,-0.9259856867,-0.9211241088,-0.920316791,-0.920149844	ok
-1.42985972	-43.49699399	-42.43962677	0.8915371534	continued:5	1,1,1,1,1,1,1,1	-1,-1,-1,-1,-1,-1,-1,-1	2436.932179,5433.268973,8387.855231,11333.90949,14278.10852,17221.89906,20165.59941,23109.27984	4663.072814,9067.082078,10406.11104,12084.53975,14207.65878,16759.09464,19571.83307,22481.91064	0.9600243534,0.920051396,0.9201120222,0.9201255654,0.9201285511,0.920129211,0.9201293568,0.920129389	-0.9499746291,-0.5446646936,-0.8996948359,-0.9631759701,-0.9280404459,-0.9214333,-0.9203943068,-0.9201868526	ok
-1.42785571	-43.49699399	-42.75246396	0.8899535612	continued:5	1,1,1,1,1,1,1,1	-1,-1,-1,-1,-1,-1,-1,-1	2565.280406,5566.255222,8527.07718,11479.80216,14430.79265,17381.40708,20331.93976,23282.45467	4687.94716,8956.469744,10258.66374,11870.59835,13917.65285,16411.85812,19202.39164,22111.0931	0.9229047399,0.9200833649,0.9201403785,0.92015297,0.9201557174,0.9201563143,0.9201564441,0.9201564723	-0.9503320915,-0.5354970742,-0.8411933515,-0.9714435995,-0.9310021285,-0.9218591897,-0.9204896771,-0.9202273299	ok
-1.42585170	-43.49699399	-43.02918099	0.8885766202	continued:5	-1,-1,-1,-1,-1,-1,-1,-1	-1,-1,-1,-1,-1,-1,-1,-1	2697.171357,5703.179901,8670.325458,11629.74513,14587.5352,17544.9775,20502.3454,23459.69738	4714.146829,10113.04313,11658.43813,13625.08803,16052.86189,18813.81037,21718.4649,24663.78808	-0.8899621736,-0.9201148137,-0.9201687435,-0.9201805696,-0.920183082,-0.9201836191,-0.9201837341,-0.9201837587	-0.9506937215,-0.7679665758,-0.9767429763,-0.9352785462,-0.9224663845,-0.9206109668,-0.920272643,-0.9202026545	ok
-1.42384770	-43.49699399	-43.28233750	0.8873273966	continued:5	1,1,1,1,1,1,1,1	-1,-1,-1,-1,-1,-1,-1,-1	2824.618036,5835.774049,8809.276205,11775.40237,14739.99714,17704.27037,20668.47593,23632.66724	4741.768246,9969.265834,11448.76055,13331.48932,15683.33876,18405.66413,21302.60442,24251.4146	0.9253586243,0.9201461101,0.9201972754,0.920208229,0.9202105747,0.9202110677,0.9202111715,0.9202111933	-0.9510593066,-0.6869958422,-0.9735911792,-0.9413729707,-0.9233638264,-0.9207709304,-0.9203248666,-0.9202349731	ok
-1.42184369	-43.49699399	-43.51966226	0.8862848241	continued:5	1,1,1,1,1,1,1,1	-1,-1,-1,-1,-1,-1,-1,-1	2954.725192,5971.077211,8950.956548,11923.79809,14895.20188,17866.30875,20837.35417,23808.38686	4770.913915,9827.019413,11242.21434,13038.49519,15305.03057,17977.91588,20862.10879,23813.12002	0.9706969045,0.9201775094,0.9202259679,0.9202360946,0.920238201,0.9202386368,0.920238727,0.9202387457	-0.9514285479,-0.6078601998,-0.9535808962,-0.9497387674,-0.9247380809,-0.9209904503,-0.920387223,-0.9202693155	ok
-1.41983968	-43.49699399	-43.74474119	0.8854489028	continued:5	-1,-1,-1,-1,-1,-1,-1,-1	-1,-1,-1,-1,-1,-1,-1,-1	3087.160319,6108.73592,9095.007292,12074.57188,15052.78861,18030.73166,21008.61902,23986.49505	4801.691669,9684.855075,11039.3727,12747.79669,14920.21921,17531.10429,20395.68442,23347.01084	-0.9176639379,-0.9202090255,-0.9202548764,-0.9202642054,-0.9202661451,-0.9202665376,-0.9202666173,-0.9202666336	-0.9518010392,-0.5441818252,-0.9077356681,-0.9603077389,-0.9269083686,-0.9213051253,-0.9204648488,-0.920306571	ok
-1.41783567	-43.49699399	-43.95948955	0.8847406989	continued:5	-1,-1,-1,-1,-1,-1,-1,-1	-1,-1,-1,-1,-1,-1,-1,-1	3211.660669,6238.491895,9231.171288,12217.46656,15202.5002,18187.28211,21172.01368,24156.73518	4834.213261,9530.099371,10840.70065,12461.06706,14531.70864,17066.56575,19902.29549,22851.14042	-0.9049000151,-0.9202403571,-0.9202839123,-0.9202925062,-0.9202942877,-0.9202946492,-0.9202947217,-0.9202947362	-0.9521762403,-0.5475693985,-0.8325141994,-0.9713141972,-0.9304054229,-0.9217784135,-0.9205661746,-0.9203481603	ok
-1.41583166	-43.49699399	-44.16569687	0.8842391461	continued:5	1,1,1,1,1,1,1,1	-1,-1,-1,-1,-1,-1,-1,-1	3337.402752,6369.511778,9368.613473,12361.6453,15353.49897,18345.12171,21336.69909,24328.26757	4868.591997,10646.48295,12179.88893,14142.74248,16586.66376,19381.39754,22323.58378,25304.7927	0.9295530889,0.9202718606,0.9203130112,0.9203210908,0.9203226749,0.9203229859,0.920323047,0.920323059	-0.9525534465,-0.7351566059,-0.9769837231,-0.9360439912,-0.9225286308,-0.9207055198,-0.9203964136,-0.9203374458	ok
-1.41382766	-43.49699399	-44.36345458	0.8838653107	continued:5	1,1,1,1,1,1,1,1	-1,-1,-1,-1,-1,-1,-1,-1	32.91504939,3453.456409,6490.849347,9496.384667,12496.15938,15494.83525,18493.29944,21491.72282	4904.939028,10456.59256,11905.68632,13756.85115,16094.97546,18833.28592,21762.57129,24746.36391	0.9633459258,0.9209538159,0.9203035135,0.9203423334,0.9203498102,0.9203510661,0.9203513439,0.920351397	-0.952931752,-0.6321713725,-0.9647515128,-0.9448466062,-0.9237845216,-0.9209082306,-0.9204552642,-0.9203714236	ok
-1.41182365	-43.49699399	-44.55328340	0.8836981264	full	1,1,1,1,1,1,1,1	-1,-1,-1,-1,-1,-1,-1,-1	59.01974112,3493.697898,6536.438019,9548.427829,12554.95214,15560.45385,18565.76238,21571.03435	4943.357777,10269.42043,11639.66355,13377.63965,15596.36417,18259.57276,21166.72006,24150.80439	0.9876854635,0.9270691888,0.9203351994,0.9203717139,0.9203786437,0.9203799495,0.9203801965,0.9203802433	-0.9533100077,-0.5464451209,-0.9168723273,-0.9573705598,-0.9259943432,-0.92122151,-0.9205315594,-0.9204085515	ok
-1.40981964	-43.49699399	-40.81214185	0.8928866119	continued:5	1,1,1,1,1,1,1,1	-1,-1,-1,-1,-1,-1,-1,-1	1981.121368,5085.897894,8112.99774,11127.83436,14140.45091,17152.65705,20164.78707,23176.90296	4983.935872,11382.7363,13008.54586,15096.86024,17663.75332,20535.41907,23516.06766,26522.07197	0.9200845866,0.9203124582,0.9203908808,0.9204056076,0.9204084279,0.9204089333,0.9204090258,0.920409043	-0.9536867743,-0.8239316736,-0.9713569603,-0.9300102793,-0.9217387527,-0.920637636,-0.9204508194,-0.9204167825	ok
-1.40781563	-43.49699399	-41.66930471	0.8915096709	continued:5	1,1,1,1,1,1,1,1	-1,-1,-1,-1,-1,-1,-1,-1	2164.608229,5229.070481,8255.775607,11276.13257,14295.34918,17314.35876,20333.33066,23352.29572	5026.733844,11135.37082,12652.61125,14603.29687,17051.72947,19869.44042,22840.56119,25850.20105	0.9211147931,0.9203875531,0.9204288524,0.9204363791,0.9204376677,0.9204379098,0.9204379543,0.9204379624	-0.9540602751,-0.7006241382,-0.9762000421,-0.9372780756,-0.9226568258,-0.9207966265,-0.9205018268,-0.9204496179	ok
-1.40581162	-43.49699399	-42.16419767	0.8897194277	continued:5	1,1,1,1,1,1,1,1	-1,-1,-1,-1,-1,-1,-1,-1	2302.598938,5363.916397,8395.733643,11422.60937,14448.61289,17474.46113,20500.28168,23526.09728	5071.769854,10896.87455,12312.30127,14122.71602,16432.05832,19171.83437,22123.56427,25134.68565	0.9213816658,0.9204282606,0.9204603121,0.9204660665,0.9204670841,0.920467266,0.9204672984,0.9204673042	-0.9544283502,-0.5805787325,-0.9470114382,-0.9495458762,-0.9244102248,-0.9210541276,-0.9205683022,-0.9204851503	ok
-1.40380762	-43.49699399	-42.53945688	0.8881358355	continued:5	-1,-1,-1,-1,-1,-1,-1,-1	-1,-1,-1,-1,-1,-1,-1,-1	2444.555842,5509.448308,8547.471595,11581.06573,14613.89346,17646.58752,20679.25824,23711.92489	5118.999936,10658.32992,11989.37951,13661.65706,15815.65571,18449.04108,21365.90763,24374.70222	-0.9185232857,-0.9204621814,-0.9204904546,-0.9204954788,-0.9204964004,-0.9204965582,-0.920496586,-0.9204965908	-0.9547884258,-0.5242391101,-0.856970344,-0.9663832677,-0.9279530381,-0.921506073,-0.9206632507,-0.9205253942	ok
-1.40180361	-43.49699399	-42.85360921	0.8865522434	continued:5	-1,-1,-1,-1,-1,-1,-1,-1	-1,-1,-1,-1,-1,-1,-1,-1	2574.177129,5644.088484,8688.560228,11728.91811,14768.57888,17808.12062,20847.64202,23887.15994	5168.293828,11684.73017,13225.51119,15214.78428,17711.85616,20571.02467,23570.74477,26603.03251	-0.9182292118,-0.920494645,-0.9205206718,-0.9205251875,-0.9205259594,-0.9205260917,-0.9205261143,-0.9205261181	-0.9551375064,-0.7161724291,-0.9768932623,-0.9351679067,-0.922370597,-0.9208127196,-0.9205742551,-0.9205344518	ok
-1.39979960	-43.49699399	-43.13370816	0.8851753024	continued:5	-1,-1,-1,-1,-1,-1,-1,-1	-1,-1,-1,-1,-1,-1,-1,-1	2706.655445,5781.929152,8832.912817,11880.04756,14926.54403,17972.93391,21019.30596,24065.67503	5219.407746,11397.44924,12818.10542,14641.4395,16975.56877,19746.4184,22725.34841,25759.2143	-0.9191295486,-0.9205267704,-0.9205510348,-0.9205550856,-0.9205557753,-0.9205558908,-0.9205559102,-0.9205559134	-0.955472214,-0.5759037601,-0.9472772148,-0.948675414,-0.9241754728,-0.9210711973,-0.9206395276,-0.9205699088	ok
-1.39779559	-43.49699399	-43.39130840	0.8839260788	continued:5	-1,-1,-1,-1,-1,-1,-1,-1	-1,-1,-1,-1,-1,-1,-1,-1	2833.598032,5914.358014,8971.881117,12025.79919,15079.13262,18132.3706,21185.59297,24238.81279	5271.957431,11107.53562,12441.54991,14105.61372,16258.61078,18905.24092,21844.12935,24875.10585	-0.9185480824,-0.9205590124,-0.9205816052,-0.9205852725,-0.9205858658,-0.9205859629,-0.9205859787,-0.9205859814	-0.9557888934,-0.5474746685,-0.8394980998,-0.9679428759,-0.928183761,-0.9215599159,-0.9207371498,-0.92061039	ok
-1.39579158	-43.49699399	-43.63363437	0.8828835063	continued:5	-1,-1,-1,-1,-1,-1,-1,-1	-1,-1,-1,-1,-1,-1,-1,-1	2962.083561,6048.372057,9112.449244,12173.15473,15233.32586,18293.4117,21353.48394,24413.55399	5325.397616,12096.09352,13614.0706,15579.65642,18066.94768,20937.16312,23956.95426,27010.15535	-0.9183305893,-0.9205913637,-0.9206121101,-0.9206154345,-0.9206159749,-0.9206160573,-0.9206160765,-0.9206160732	-0.9560838011,-0.67769549,-0.97549798,-0.9369619039,-0.9225705333,-0.9209003745,-0.9206605802,-0.9206232809	ok
-1.39378758	-43.49699399	-43.86399609	0.8820475850	continued:5	-1,-1,-1,-1,-1,-1,-1,-1	-1,-1,-1,-1,-1,-1,-1,-1	3091.585927,6183.432134,9254.075676,12321.57222,15388.58138,18455.51464,21522.43605,24589.35563	5379.016657,11778.31571,13169.9912,14954.10948,17255.61816,20020.43614,23014.4099,26068.52223	-0.9186445326,-0.9206237968,-0.9206429419,-0.920645959,-0.9206464258,-0.920646499,-0.9206465104,-0.9206465122	-0.9563533861,-0.5393905725,-0.9230433241,-0.9534959838,-0.9248387773,-0.9212003122,-0.9207300402,-0.9206594649	ok
-1.39178357	-43.49699399	-44.08412965	0.8813393810	continued:5	1,1,1,1,1,1,1,1	-1,-1,-1,-1,-1,-1,-1,-1	3211.705038,6309.144579,9386.36558,12460.65632,15534.50394,18608.28423,21682.05429,24755.82279	5431.956106,12773.31976,14391.54792,16495.58493,19116.34827,22061.17581,25110.80053,28180.73887	0.9250118965,0.920656194,0.9206739687,0.9206767144,0.9206771323,0.9206771957,0.9206772054,0.9206772068	-0.9565946442,-0.7826984539,-0.9734727119,-0.9300908786,-0.9217961638,-0.9208382203,-0.9207011879,-0.9206808373	ok
-1.38977956	-43.49699399	-44.29568466	0.8809655456	continued:5	-1,-1,-1,-1,-1,-1,-1,-1	-1,-1,-1,-1,-1,-1,-1,-1	3348.186676,6451.235915,9535.045421,12616.13206,15696.81784,18777.44426,21858.06188,24938.67821	5483.262035,12420.99713,13895.16245,15806.03188,18251.54173,21115.37223,24150.78437,27224.1497	-0.9187233183,-0.9206888341,-0.9207051793,-0.9207075522,-0.9207079028,-0.9207079542,-0.9207079618,-0.920707963	-0.9568054854,-0.6157562179,-0.9666193424,-0.9413201205,-0.9230648666,-0.9210240918,-0.9207534978,-0.9207146631	ok
-1.38777555	-43.49699399	-44.49722452	0.8805917102	continued:5	1,1,1,1,1,1,1,1	-1,-1,-1,-1,-1,-1,-1,-1	66.92304604,3456.666441,6565.343733,9655.749938,12743.63494,15831.1579,18918.62858,22006.09162	5531.966713,12102.52873,13462.91653,15197.34416,17451.61629,20198.99482,23204.31057,26278.08983	0.9700897747,0.9215507087,0.920721413,0.9207364733,0.9207386556,0.9207389693,0.9207389826,0.9207388999	-0.9569850344,-0.5154374692,-0.8825584423,-0.9600638542,-0.9258888347,-0.9213649342,-0.9208259431,-0.9207512892	ok
-1.38577154	-43.49699399	-44.69070966	0.8804245260	full	1,1,1,1,1,1,1,1	-1,-1,-1,-1,-1,-1,-1,-1	103.3660208,3494.964857,6609.331518,9706.349978,12801.0351,15895.39489,18989.70901,22084.01672	5577.187562,13089.29335,14670.85001,16735.12476,19335.47556,22288.31419,25357.27213,28447.84342	0.9572108584,0.923761542,0.9207542224,0.9207679787,0.9207699188,0.9207701906,0.9207702288,0.9207702342	-0.9571337686,-0.730493193,-0.9763720661,-0.9320036697,-0.9220163666,-0.9209357549,-0.9207927578,-0.9207733328	ok
-1.38376754	-43.49699399	-41.09721760	0.8896495144	continued:5	1,1,1,1,1,1,1,1	-1,-1,-1,-1,-1,-1,-1,-1	2017.013504,5178.516448,8286.959052,11389.09002,14490.37262,17591.53956,20692.69066,23793.83979	5618.220691,12766.29876,14221.20804,16110.21973,18545.25531,21419.5208,24475.33114,27569.73551	0.9207728295,0.9207618054,0.9207957462,0.9208007411,0.9208013302,0.9208014517,0.9208016482,0.9208014438	-0.9572534469,-0.5837952664,-0.9580058434,-0.9435761349,-0.9232958207,-0.9211121618,-0.9208424398,-0.9208070916	ok
-1.38176353	-43.49699399	-41.83106713	0.8880659222	continued:5	1,1,1,1,1,1,1,1	-1,-1,-1,-1,-1,-1,-1,-1	2184.854064,5319.121303,8430.415024,11538.84005,14646.88739,17754.88468,20862.87534,23970.86512	5654.605267,12478.87337,13839.49943,15575.29272,17841.46992,20612.75799,23643.69672,26739.86423	0.9237649323,0.9208149348,0.9208305969,0.9208327563,0.9208330453,0.9208330837,0.9208330888,0.9208330895	-0.9573468393,-0.5139443988,-0.874384365,-0.9604636453,-0.9258063675,-0.9214022958,-0.9209055784,-0.9208425703	ok
-1.37975952	-43.49699399	-42.29862093	0.8862756790	continued:5	-1,-1,-1,-1,-1,-1,-1,-1	-1,-1,-1,-1,-1,-1,-1,-1	2324.112885,5457.594906,8574.732063,11689.85602,14804.72233,17919.55552,21034.38444,24149.21281	5686.144461,13515.62275,15122.21835,17228.20816,19879.01273,22870.87444,25965.75876,29077.91234	-0.9159219119,-0.9208525144,-0.9208633353,-0.9208647753,-0.9208649564,-0.9208649798,-0.9208649828,-0.9208649832	-0.957417338,-0.7461316665,-0.9751699171,-0.9304748451,-0.9218807922,-0.920989701,-0.920880483,-0.9208670942	ok
-1.37775551	-43.49699399	-42.66469548	0.8844854357	continued:5	1,1,1,1,1,1,1,1	-1,-1,-1,-1,-1,-1,-1,-1	2451.489244,5589.289875,8712.898108,11834.80408,14956.49876,18078.1671,21199.83215,24321.4968	5712.883796,13239.53397,14739.92938,16701.76993,19223.93908,22162.15837,25251.65059,28369.02478	0.9236074206,0.9208868427,0.9208958769,0.9208969799,0.9208971189,0.9208971362,0.9208971383,0.9208971386	-0.9574685534,-0.6219742694,-0.9707597825,-0.9382377749,-0.9226644779,-0.9211046348,-0.9209217233,-0.9209002481	ok
-1.37575150	-43.49699399	-42.97936344	0.8829018436	continued:5	1,1,1,1,1,1,1,1	-1,-1,-1,-1,-1,-1,-1,-1	2581.219776,5724.475106,8854.697251,11983.40294,15111.92637,18240.42781,21368.9266,24497.42506	5735.060123,13001.08863,14416.98101,16253.53741,18647.64823,21519.7164,24598.79498,27720.6722	0.9231273347,0.9209206928,0.9209285073,0.9209294635,0.9209295793,0.9209295933,0.920929595,0.9209295952	-0.9575039805,-0.5337045516,-0.9308109369,-0.9492503801,-0.9239253754,-0.9212621421,-0.9209673426,-0.9209340218	ok
-1.37374749	-43.49699399	-43.26275381	0.8814459689	continued:5	1,1,1,1,1,1,1,1	-1,-1,-1,-1,-1,-1,-1,-1	2705.26327,5854.242097,8991.114839,12126.62375,15261.97418,18397.30612,21532.63591,24667.96545	5753.038963,12781.07579,14142.91372,15872.83814,18145.79231,20942.9262,24006.07614,27131.57951	0.9217513385,0.9209544773,0.9209613807,0.9209621798,0.9209622731,0.920962284,0.9209622853,0.9209622854	-0.9575267772,-0.5280249423,-0.856464678,-0.9619674942,-0.9258839545,-0.9214755477,-0.9210184869,-0.9209684651	ok
-1.37174349	-43.49699399	-43.52612518	0.8804033964	continued:5	-1,-1,-1,-1,-1,-1,-1,-1	-1,-1,-1,-1,-1,-1,-1,-1	2851.478703,6006.318213,9149.86164,12292.1748,15434.34991,18576.50949,21718.66731,24860.82494	5767.255079,13908.75425,15548.94922,17711.25025,20428.8935,23470.68696,26598.80919,29739.3314	-0.9192894584,-0.9209885339,-0.9209944803,-0.9209951687,-0.9209952464,-0.9209952551,-0.9209952561,-0.9209952562	-0.9575396551,-0.7661575755,-0.9727802527,-0.9287663624,-0.9217596225,-0.9210762866,-0.9210036016,-0.9209961315	ok
-1.36973948	-43.49699399	-43.77238320	0.8793608239	continued:5	-1,-1,-1,-1,-1,-1,-1,-1	-1,-1,-1,-1,-1,-1,-1,-1	2975.625122,6136.364015,9286.586118,12435.70273,15584.69991,18733.68415,21882.66698,25031.64965	5778.164826,13707.03548,15272.16303,17335.7195,19973.10538,22988.75598,26118.40734,29265.18989	-0.9138429286,-0.9210225626,-0.9210278358,-0.9210283464,-0.921028421,-0.9210284277,-0.9210284285,-0.9210284285	-0.9575448552,-0.6788267769,-0.9767527925,-0.9327315681,-0.9221305017,-0.9211417142,-0.9210394255,-0.9210295768	ok
-1.36773547	-43.49699399	-44.00730845	0.8785249026	continued:5	1,1,1,1,1,1,1,1	-1,-1,-1,-1,-1,-1,-1,-1	3099.278506,6265.937935,9422.844892,12578.7644,15734.58121,18890.38731,22046.19228,25201.99713	5786.212843,13531.58764,15034.18215,17010.86595,19570.1155,22555.85774,25685.92723,28838.86491	0.9239097474,0.9210569895,0.9210613664,0.9210619299,0.9210619805,0.9210619851,0.9210619855,0.9210619855	-0.9575441785,-0.6049614639,-0.9694236882,-0.9377986665,-0.9226051338,-0.9212154604,-0.9210759031,-0.9210633368	ok
-1.36573146	-43.49699399	-44.23232819	0.8780233498	continued:5	-1,-1,-1,-1,-1,-1,-1,-1	-1,-1,-1,-1,-1,-1,-1,-1	3237.813384,6410.422081,9574.020128,12736.74041,15899.37289,19061.99657,22224.61937,25387.24208	5791.811799,13377.20503,14828.1383,16728.99292,19214.14162,22167.38826,25296.80895,28455.80408	-0.9189979217,-0.921091724,-0.9210953454,-0.9210957306,-0.9210957696,-0.9210957735,-0.9210957739,-0.921095774	-0.957539044,-0.5488420725,-0.9487728548,-0.9438072818,-0.9231999556,-0.9212978678,-0.9211129769,-0.9210974141	ok
-1.36372745	-43.49699399	-44.44652661	0.8775217970	continued:5	1,1,1,1,1,1,1,1	-1,-1,-1,-1,-1,-1,-1,-1	2.796096079,3348.092811,6526.669111,9696.96359,12866.48323,16035.92872,19205.36709,22374.80478	5795.332233,13239.07036,14648.44211,16483.33889,18899.50615,21818.81909,24946.62742,28111.59503	0.9609965412,0.9221257918,0.9211267958,0.9211295977,0.9211298916,0.9211299201,0.9211299229,0.9211299231	-0.9575305533,-0.5136051805,-0.9160210646,-0.9504250576,-0.9239289617,-0.92138893,-0.9211505713,-0.9211318134	ok
-1.36172345	-43.49699399	-44.65225240	0.8773546127	full	-1,-1,-1,-1,-1,-1,-1,-1	-1,-1,-1,-1,-1,-1,-1,-1	3391.157009,6575.768137,9752.766363,12929.08345,16105.33787,19281.58661,22457.83472,25634.08287	5797.099331,13110.31327,14490.58017,16268.14145,18620.91219,21505.85663,24631.23771,27802.1095	-0.9053322649,-0.9211622593,-0.9211643384,-0.9211645634,-0.9211645676,-0.9211645857,-0.9211645697,-0.9211645859	-0.9575195537,-0.5105723107,-0.8747595459,-0.9571943757,-0.9248017014,-0.9214883346,-0.9211885978,-0.9211665425	ok
-1.35971944	-43.49699399	-41.27991738	0.8865774433	continued:5	1,1,1,1,1,1,1,1	-1,-1,-1,-1,-1,-1,-1,-1	2033.400248,5257.788189,8444.02291,11627.35343,14810.43179,17993.48802,21176.5423,24359.59641	5407.752965,9842.558158,11265.96283,13127.76785,15582.7164,18536.54628,21684.77544,24864.44532	0.9213633229,0.9211963518,0.9211991286,0.9211997915,0.9211998618,0.9211998728,0.9211998749,0.9211998753	-0.9500418068,-0.5175104419,-0.9258207308,-0.9479500898,-0.9236021962,-0.9214045839,-0.9212127358,-0.9212007662	ok
-1.35771543	-43.49699399	-41.95361847	0.8847872000	continued:5	1,1,1,1,1,1,1,1	-1,-1,-1,-1,-1,-1,-1,-1	2188.721494,5392.516707,8583.486525,11773.43535,14963.29916,18153.15586,21343.01198,24532.86804	5436.306773,11075.62464,12837.11224,15177.92036,18066.23569,21205.02392,24389.90978,27579.34137	0.9221262996,0.9212336213,0.9212351957,0.9212353293,0.9212353439,0.9212353448,0.9212353449,0.9212353449	-0.9504351697,-0.855151762,-0.9595493011,-0.9250796999,-0.9215532139,-0.92125404,-0.9212365082,-0.921235563	ok
-1.35571142	-43.49699399	-42.40835071	0.8829969568	continued:5	1,1,1,1,1,1,1,1	-1,-1,-1,-1,-1,-1,-1,-1	2329.790935,5534.259182,8731.516849,11928.21842,15124.87598,18321.53005,21518.18383,24714.8376	5466.699683,10889.69203,12552.06813,14769.37147,17573.12408,20693.77381,23882.83607,27078.86977	0.9256795836,0.9212710885,0.9212716566,0.921271716,0.9212717208,0.9212717212,0.9212717213,0.9212717213	-0.9508340811,-0.7564269381,-0.9717406971,-0.9276799488,-0.9217822493,-0.9213007484,-0.9212727679,-0.9212717423	ok
-1.35370741	-43.49699399	-42.77176296	0.8812067135	continued:5	1,1,1,1,1,1,1,1	-1,-1,-1,-1,-1,-1,-1,-1	2458.015434,5667.372686,8871.254038,12074.73341,15278.18265,18481.62963,21685.07645,24888.52325	5499.088239,10708.01481,12274.09439,14361.04691,17059.37848,20148.93605,23340.297,26542.79528	0.9228410824,0.9213084763,0.9213085216,0.9213085378,0.921308539,0.9213085391,0.9213085391,0.9213085391	-0.951238218,-0.6464317486,-0.9763312186,-0.9323319846,-0.9221604003,-0.921358438,-0.9213095323,-0.9213085418	ok
-1.35170341	-43.49699399	-43.08777261	0.8797508388	continued:5	-1,-1,-1,-1,-1,-1,-1,-1	-1,-1,-1,-1,-1,-1,-1,-1	2599.158959,5814.380962,9024.96243,12235.22211,15445.45911,18655.6945,21865.92978,25076.16505	5533.640122,10529.44595,12004.37863,13957.20952,16528.88996,19568.93889,22759.12673,25967.83347	-0.9193017195,-0.9213464242,-0.9213460902,-0.9213461155,-0.9213461126,-0.9213461126,-0.9213461126,-0.9213461126	-0.9516470961,-0.547588857,-0.9551570401,-0.9404711918,-0.9228327728,-0.9214386727,-0.9213468017,-0.9213460127	ok
-1.34969940	-43.49699399	-43.37279343	0.8783738978	continued:5	-1,-1,-1,-1,-1,-1,-1,-1	-1,-1,-1,-1,-1,-1,-1,-1	2729.597322,5950.93455,9168.235034,12385.27218,15602.29185,18819.31036,22036.32879,25253.34722	5570.532046,10345.79585,11743.78172,13562.07543,15987.48414,18953.42319,22136.0037,25350.41383	-0.9194508979,-0.9213853228,-0.9213844712,-0.9213844253,-0.9213844223,-0.9213844221,-0.9213844221,-0.9213844221	-0.9520600226,-0.5037155779,-0.8855472513,-0.9534861674,-0.9241260779,-0.9215649017,-0.9213849749,-0.9213841548	ok
-1.34769539	-43.49699399	-43.63804796	0.8771246742	continued:5	1,1,1,1,1,1,1,1	-1,-1,-1,-1,-1,-1,-1,-1	2851.754597,6079.305887,9303.332111,12527.14281,15750.94014,18974.73664,22198.53309,25422.32954	5609.945659,11492.75448,13179.4583,15442.83095,18304.30319,21467.66866,24686.7259,27910.21928	0.92799847,0.9214253772,0.9214240314,0.9214239606,0.9214239562,0.921423956,0.9214239559,0.9214239559	-0.9524760362,-0.764895825,-0.9697230561,-0.9267930037,-0.9217859456,-0.9214264242,-0.9214227967,-0.9214240243	ok
-1.34569138	-43.49699399	-43.88950687	0.8762098191	continued:5	-1,-1,-1,-1,-1,-1,-1,-1	-1,-1,-1,-1,-1,-1,-1,-1	2987.371861,6221.169142,9451.921831,12682.50147,15913.07112,19143.64019,22374.20923,25604.77827	5774.373953,13693.50248,15207.72941,17228.43774,19883.87864,22981.06726,26199.05568,29428.85342	-0.9186187003,-0.9214665543,-0.9214649363,-0.9214648538,-0.9214648491,-0.9214648489,-0.9214648489,-0.9214648489	-0.9573940153,-0.57494858,-0.9677514629,-0.9361925764,-0.9224892119,-0.921496704,-0.9214603338,-0.9214645691	ok
-1.34368737	-43.49699399	-44.12826205	0.8753738978	continued:5	1,1,1,1,1,1,1,1	-1,-1,-1,-1,-1,-1,-1,-1	3106.159637,6346.239956,9583.720508,12821.06406,16058.40032,19295.73618,22533.07203,25770.40787	5769.02776,13628.5311,15124.83503,17120.21267,19755.11439,22849.70227,26073.82038,29310.40199	0.923511248,0.9215093214,0.9215074682,0.9215073752,0.9215073703,0.9215073701,0.92150737,0.92150737	-0.9573768616,-0.5536667913,-0.9614083635,-0.937909179,-0.9226251851,-0.9215343995,-0.9215002869,-0.9215068174	ok
-1.34168337	-43.49699399	-44.35721876	0.8748723450	continued:5	1,1,1,1,1,1,1,1	-1,-1,-1,-1,-1,-1,-1,-1	3238.605836,6485.011256,9729.220569,12973.32376,16217.42177,19461.51953,22705.61728,25949.71503	5745.024124,12133.1937,13879.69194,16232.304,19175.22819,22378.71132,25620.3762,28864.35012	0.9269775338,0.9215539667,0.9215518118,0.9215517236,0.9215517185,0.9215517183,0.9215517183,0.9215517183	-0.953727322,-0.8115021308,-0.9629736797,-0.9252767364,-0.9217408489,-0.9215326452,-0.9215495331,-0.9215515852	ok
-1.33967936	-43.49699399	-44.57531548	0.8744985096	continued:5	1,1,1,1,1,1,1,1	-1,-1,-1,-1,-1,-1,-1,-1	29.493738,3358.083547,6610.81667,9861.752563,13112.60905,16363.46201,19614.31481,22865.1676	5796.082587,11821.99417,13409.25611,15547.20324,18328.30262,21492.8522,24737.8419,27988.42175	0.9621119084,0.9227015807,0.9216009092,0.9215986806,0.9215985822,0.9215985779,0.9215985777,0.9215985777	-0.9541378612,-0.6400441806,-0.9765949415,-0.9307612871,-0.9221301078,-0.921572217,-0.921591953,-0.9215983099	ok
-1.33767535	-43.49699399	-44.78335701	0.8743313253	full	1,1,1,1,1,1,1,1	-1,-1,-1,-1,-1,-1,-1,-1	53.64165928,3399.148087,6658.286535,9915.949072,13173.55378,16431.15619,19688.7585,22946.36081	5850.19746,11525.00638,12972.6856,14894.27174,17465.05891,20548.57245,23790.80412,27047.725	0.9905542616,0.9332293507,0.921651531,0.9216491663,0.9216488531,0.9216490732,0.9216488548,0.9216490756	-0.9545396885,-0.5053404699,-0.9300774156,-0.9439761689,-0.9231045411,-0.9216496174,-0.9216285353,-0.9216478824	ok
-1.33567134	-43.49699399	-40.15903913	0.8843314996	continued:5	1,-1,-1,-1,-1,-1,-1,-1	-1,-1,-1,-1,-1,-1,-1,-1	1810.593237,5219.154754,8483.296839,11747.63453,15011.97936,18276.32455,21540.66965,24805.01484	5907.204441,12571.31954,14288.2874,16613.79043,19555.81399,22778.88663,26041.30481,29305.57731	0.9212055649,-0.921330382,-0.9217034955,-0.9217039882,-0.9217039907,-0.9217039833,-0.9217039936,-0.9217039815	-0.9549284258,-0.7700884472,-0.967224689,-0.92587256,-0.9218476538,-0.9216522719,-0.9216997998,-0.9217039439	ok
-1.33366733	-43.49699399	-41.52731135	0.8830822760	continued:5	1,1,1,1,1,1,1,1	-1,-1,-1,-1,-1,-1,-1,-1	2064.02391,5359.686295,8631.370059,11902.46993,15173.55239,18444.6343,21715.7162,24986.7981	5966.736169,12203.30154,13738.25609,15806.29987,18538.97506,21706.01164,24970.91066,28241.78713	0.9220932498,0.921906976,0.9217679806,0.9217660769,0.9217660207,0.9217660189,0.9217660189,0.9217660189	-0.955298971,-0.5727622159,-0.9703387535,-0.9341389456,-0.9223921116,-0.9216810692,-0.9217481751,-0.9217653132	ok
-1.33166333	-43.49699399	-42.12695444	0.8812920328	continued:5	1,-1,-1,-1,-1,-1,-1,-1	-1,-1,-1,-1,-1,-1,-1,-1	2218.669009,5502.30446,8780.260744,12058.07546,15335.88643,18613.6973,21891.50816,25169.31903	6028.162072,13247.05334,15069.51729,17538.12478,20585.33066,23842.07941,27119.21145,30397.00154	0.001285634457,-0.9218677393,-0.9218388314,-0.9218381723,-0.9218381578,-0.9218381569,-0.9218381569,-0.9218381569	-0.955645694,-0.8580899443,-0.9546359251,-0.9240461885,-0.9217865176,-0.9217715582,-0.9218349971,-0.9218380035	ok
-1.32965932	-43.49699399	-42.55794907	0.8793740721	continued:5	1,1,1,1,1,1,1,1	-1,-1,-1,-1,-1,-1,-1,-1	2350.828168,5637.042432,8921.612677,12206.14735,15490.68124,18775.21512,22059.74899,25344.28286	6090.543987,12812.26915,14418.79213,16600.40733,19447.49754,22666.00269,25947.90856,29232.38034	0.928170656,0.9219391547,0.9219270602,0.9219268082,0.9219268027,0.9219268026,0.9219268026,0.9219268026	-0.9559628392,-0.6393065258,-0.9766299755,-0.9295698243,-0.9221343288,-0.9217640012,-0.9219095966,-0.9219265268	ok
-1.32765531	-43.49699399	-42.91408442	0.8775838288	continued:5	1,1,1,1,1,1,1,1	-1,-1,-1,-1,-1,-1,-1,-1	2478.322379,5770.153246,9061.41326,12352.66331,15643.91319,18935.16306,22226.41293,25517.6628	6152.634031,12420.25609,13856.93648,15764.52719,18343.30826,21463.17042,24743.29823,28034.31986	0.9235203087,0.9220529215,0.922046133,0.9220460168,0.9220460148,0.9220460147,0.9220460147,0.9220460147	-0.95624515,-0.4925861707,-0.9100209813,-0.9459846907,-0.9232415877,-0.9218049192,-0.9219499876,-0.92204332	ok
-1.32565130	-43.49699399	-43.22873507	0.8761279541	continued:5	-1,-1,-1,-1,-1,-1,-1,-1	-1,-1,-1,-1,-1,-1,-1,-1	2618.127545,5916.315096,9214.276727,12512.23568,15810.19461,19108.15353,22406.11245,25704.07137	6212.942916,13377.65799,15048.87168,17330.28035,20269.97836,23526.16034,26823.11658,30121.05964	-0.918529735,-0.9222331947,-0.9222281172,-0.922228057,-0.9222280562,-0.9222280562,-0.9222280562,-0.9222280562	-0.9564886442,-0.7000035279,-0.9731464542,-0.9270004888,-0.9220257993,-0.9218970385,-0.9222067586,-0.9222278025	ok
-1.32364729	-43.49699399	-43.51541887	0.8746720794	continued:5	1,1,1,1,1,1,1,1	-1,-1,-1,-1,-1,-1,-1,-1	2737.431047,6042.156651,9346.817685,12651.47826,15956.13883,19260.7994,22565.45997,25870.12055	6269.891115,12967.01325,14451.58538,16450.44976,19139.67333,22323.01532,25622.65706,28927.26753	0.9233175297,0.922587032,0.9225833587,0.9225833327,0.9225833325,0.9225833325,0.9225833325,0.9225833325	-0.9566913383,-0.5108064653,-0.9474446679,-0.9388260839,-0.9227375261,-0.9218634828,-0.9223704756,-0.9225804126	ok
-1.32164329	-43.49699399	-43.78493180	0.8736295069	continued:5	-1,-1,-1,-1,-1,-1,-1,-1	-1,-1,-1,-1,-1,-1,-1,-1	2877.485124,6188.855259,9500.209649,12811.56429,16122.91893,19434.27357,22745.62821,26056.98285	6322.020147,13958.73018,15717.34926,18125.83841,21167.75364,24457.54515,27768.69934,31080.05029	-0.9162752133,-0.9238303799,-0.9238253193,-0.9238253966,-0.9238253971,-0.9238253971,-0.9238253971,-0.9238253971	-0.9568536653,-0.7809280422,-0.9634081796,-0.9249396982,-0.9219668867,-0.9222324745,-0.9237621651,-0.9238237814	ok
-1.31963928	-43.49699399	-44.03895419	0.8727146519	continued:5	-1,1,-1,1,-1,1,-1,1	-1,-1,-1,-1,-1,-1,1,-1	3006.51891,6324.562407,9642.603193,12960.64419,16278.68519,19596.7262,22914.7672,26232.8082	6368.203334,13551.51996,15120.46434,17260.89575,20100.37087,23350.68253,26667.56605,29985.60526	-0.9140154598,0.9162535833,-0.9162472185,0.9162477051,-0.9162477283,0.9162477304,-0.9162477307,0.9162477307	-0.9569783879,-0.5790000155,-0.9740930631,-0.9314302021,-0.9223260003,-0.9220096108,0.9111650531,-0.9162411866	ok
-1.31763527	-43.49699399	-44.28091422	0.8720064479	continued:5	1,-1,1,-1,1,-1,1,-1	-1,-1,-1,-1,-1,-1,1,-1	3132.573909,6457.327401,9782.047107,13106.76668,16431.48624,19756.2058,23080.92536,26405.64492	6407.78469,13199.71429,14637.99022,16548.62526,19155.24778,22322.05469,25640.81043,28965.55355	0.9314254551,-0.9206201705,0.9206165375,-0.9206165024,0.9206164878,-0.9206164804,0.920616477,-0.9206164754	-0.9570700245,-0.4957380086,-0.8970462629,-0.9464618116,-0.9232570285,-0.9219719478,0.9192528998,-0.9206188945	ok
-1.31563126	-43.49699399	-44.51189986	0.8716326125	continued:5	-1,1,-1,1,-1,1,-1,1	-1,-1,-1,-1,-1,-1,1,-1	3271.250574,6602.733615,9934.122822,13265.51287,16596.90292,19928.29296,23259.68301,26591.07305	6440.605076,14246.58472,15972.35517,18348.80733,21388.63499,24698.8242,28030.31945,31361.70557	-0.9200550909,0.9211757861,-0.9211726574,0.9211726869,-0.9211726866,0.9211726866,-0.9211726866,0.9211726866	-0.9571340062,-0.7344563811,-0.9680429374,-0.9255216216,-0.9220733961,-0.9332247084,0.9211763208,-0.9211726456	ok
-1.31362725	-43.49699399	-44.73078347	0.8712587772	continued:5	1,1,-1,1,-1,1,-1,1	-1,-1,-1,-1,-1,-1,1,-1	74.89854339,3379.102166,6717.353178,10055.40364,13393.45694,16731.51019,20069.56343,23407.61668	6466.926186,13925.30523,15507.6299,17677.97698,20562.04416,23845.8743,27183.97197,30522.021	0.9707474474,0.9232718025,-0.9214129357,0.9214097451,-0.9214097881,0.9214097874,-0.9214097874,0.9214097874	-0.9571758619,-0.58011383,-0.9749990537,-0.9305196972,-0.9223323205,-0.9224364388,0.9214105535,-0.9214097556	ok
-1.31162325	-43.49699399	-44.93966179	0.8710915929	full	1,1,-1,1,-1,1,-1,1	-1,-1,-1,-1,-1,-1,1,-1	111.9458455,3417.257167,6762.344096,10107.04384,13451.75105,16796.45811,20141.16517,23485.87223	6487.299028,13654.15092,15130.63597,17126.97064,19845.32507,23081.53669,26425.21947,29769.94396	0.9524282222,0.9254259118,-0.9215554113,0.9215516885,-0.9215517609,0.9215517594,-0.9215517595,0.9215517595	-0.9572006337,-0.4905976127,-0.9342513447,-0.9397225328,-0.9228332495,-0.9221422035,0.9215414781,-0.9215518727	ok
-1.30961924	-43.49699399	-40.36775523	0.8815433600	continued:5	1,-1,1,-1,1,-1,1,-1	-1,-1,-1,-1,-1,1,-1,1	1837.773884,5322.980571,8666.344167,12017.88093,15369.22958,18720.58295,22071.93621,25423.28946	6502.427293,14821.49306,16675.35415,19233.03147,22402.43901,25749.11903,29100.58049,32451.92741	0.9217585059,-0.9218836976,0.9215905706,-0.9216538218,0.9216526177,-0.9216526481,0.9216526473,-0.9216526473	-0.9572125774,-0.8414171193,-0.9530393359,-0.9237242131,-0.9221174554,0.9216192026,-0.9216533038,0.92165257	ok
-1.30761523	-43.49699399	-41.59846060	0.8799597678	continued:5	1,-1,1,-1,1,-1,1,-1	-1,-1,-1,-1,-1,1,-1,1	2062.354133,5444.639029,8801.742541,12159.75902,15517.74826,18875.73826,22233.72819,25591.7181	6513.057587,14564.65031,16303.38298,18714.16435,21803.28795,25148.71358,28507.0353,31865.01211	0.922946809,-0.921809407,0.9217279633,-0.9217322281,0.9217321384,-0.9217321551,0.9217321621,-0.9217321677	-0.9572150935,-0.7292490017,-0.9672383634,-0.9252183162,-0.9221744704,0.9216575326,-0.9217336708,0.9217321013	ok
-1.30561122	-43.49699399	-42.19252586	0.8780418072	continued:5	-1,1,-1,1,-1,1,-1,1	-1,-1,-1,-1,-1,1,-1,1	2211.913269,5582.811144,8947.19972,12311.82662,15676.44522,19041.06411,22405.68299,25770.30187	6519.906702,14348.19491,15994.28742,18275.47564,21277.36394,24616.23101,27981.56649,31346.15651	-0.8843952821,0.9218188872,-0.9217982235,0.9217990533,-0.9217990245,0.9217990255,-0.9217990254,0.9217990254	-0.9572107959,-0.6280288469,-0.9760313229,-0.9275566003,-0.9222858632,0.9216502752,-0.9218016392,0.9217991022	ok
-1.30360721	-43.49699399	-42.62670689	0.8761238465	continued:5	-1,1,-1,1,-1,1,-1,1	-1,-1,-1,-1,-1,1,-1,1	2347.092443,5721.014931,9092.144402,12463.38629,15834.62371,19205.86131,22577.0989,25948.33649	6523.622004,14162.90097,15734.68787,17903.82279,20817.05237,24143.90225,27516.37075,30887.55603	-0.9166070038,0.9218652339,-0.9218579931,0.9218582967,-0.9218582826,0.9218582859,-0.921858282,0.9218582872	-0.9572016418,-0.5498836745,-0.9724481414,-0.930929413,-0.9224488087,0.9215488031,-0.921861544,0.921858144	ok
-1.30160321	-43.49699399	-42.98746397	0.8743336032	continued:5	-1,1,-1,1,-1,1,-1,1	-1,-1,-1,-1,-1,1,-1,1	2476.982614,5856.974976,9234.726675,12612.57896,15990.42675,19368.27474,22746.12273,26123.97071	6524.765655,14001.14875,15514.21306,17587.41728,20414.47339,23724.45075,27104.07777,30481.84246	-0.9010306283,0.9219164963,-0.9219117454,0.9219119647,-0.9219119549,0.9219119553,-0.9219119553,0.9219119553	-0.9571890702,-0.4984895238,-0.9523869578,-0.9353950243,-0.9226662159,0.9210003539,-0.9219158029,0.9219118312	ok
-1.29959920	-43.49699399	-43.30715759	0.8727500111	continued:5	1,-1,1,-1,1,-1,1,-1	-1,-1,-1,-1,-1,-1,1,-1	2606.740023,5993.525165,9377.857607,12762.31259,16146.76148,19531.21068,22915.65986,26300.10904	6523.813517,13854.35061,15324.9082,17316.26978,20062.02555,23351.3136,26738.00461,30122.33823	0.9492448083,-0.9219660347,0.9219616834,-0.9219619063,0.9219618953,-0.9219618958,0.9219618958,-0.9219618958	-0.9571741276,-0.4830005188,-0.9167137923,-0.9408374697,-0.9229425433,-0.9247693683,0.9219659212,-0.9219617575	ok
-1.29759519	-43.49699399	-43.60055584	0.8712941364	continued:5	1,-1,1,-1,1,-1,1,-1	-1,-1,-1,-1,-1,1,-1,1	2727.063819,6120.807603,9511.699185,12902.74849,16293.78918,19684.83033,23075.87147,26466.9126	6521.161802,15160.67505,17082.18234,19752.73695,23018.69067,26412.24141,29803.14076,33194.18674	0.9234031472,-0.9220131971,0.9220089348,-0.9220091778,0.9220091645,-0.9220091652,0.9220091652,-0.9220091652	-0.9571575694,-0.8702377521,-0.9469770407,-0.9232823075,-0.9227207632,0.9220129264,-0.9220089501,0.9220091751	ok
-1.29559118	-43.49699399	-43.87642285	0.8702515639	continued:5	1,-1,1,-1,1,-1,1,-1	-1,-1,-1,-1,-1,1,-1,1	2867.32074,6268.182446,9665.610365,13063.24568,16460.86863,19858.49233,23256.11597,26653.73963	6517.137009,15016.81503,16878.53953,19480.43065,22721.50896,26121.63963,29519.10897,32916.73879	0.9329172276,-0.922058508,0.9220538515,-0.9220541465,0.9220541537,-0.9220541251,0.9220541575,-0.9220541248	-0.9571399376,-0.8188842369,-0.9534193806,-0.923689093,-0.9225138546,0.9220575633,-0.9220540996,0.9220543128	ok
-1.29358717	-43.49699399	-44.13642696	0.8694156425	continued:5	-1,1,-1,1,-1,1,-1,1	-1,-1,-1,-1,-1,1,-1,1	3004.49822,6412.476996,9816.424871,13220.63755,16624.8331,20029.02975,23433.22634,26837.42293	6512.00653,14889.679,16700.04216,19239.75822,22455.35568,25861.75303,29265.80272,32670.0056	-0.9196831502,0.9221021427,-0.9220974413,0.9220977546,-0.9220977333,0.9220977348,-0.9220977347,0.9220977348	-0.9571216205,-0.7674842697,-0.9597198891,-0.9241647551,-0.9224639415,0.9221003882,-0.9220976858,0.9220978649	ok
-1.29158317	-43.49699399	-44.38304010	0.8687074386	continued:5	-1,1,-1,1,-1,1,-1,1	-1,-1,-1,-1,-1,1,-1,1	3127.875219,6543.029746,9953.477731,13364.25901,16775.01709,20185.77678,23596.53637,27007.29596	6505.988642,14776.40585,16542.45134,19026.15594,22216.40446,25628.76033,29039.40468,32450.16911	-0.4326238919,0.9221446098,-0.9221397911,0.9221401164,-0.9221400906,0.9221400919,-0.9221400918,0.9221400918	-0.9571028951,-0.7190673592,-0.9654446275,-0.9247088975,-0.9224615343,0.9221418229,-0.9221400515,0.9221401771	ok
-1.28957916	-43.49699399	-44.61829949	0.8682058858	continued:5	1,-1,1,-1,1,-1,1,-1	-1,-1,-1,-1,-1,1,-1,1	3246.477937,6668.80945,10085.73988,13503.08106,16920.39153,20337.7043,23755.0169,27172.32951	6499.261295,14674.7295,16402.36859,18835.76386,22001.34408,25419.38472,28836.63959,32253.95342	0.9239113034,-0.9221861766,0.9221810152,-0.9221814338,0.9221813993,-0.9221814034,0.9221814024,-0.9221814029	-0.957083958,-0.6751280132,-0.9702173374,-0.9253186952,-0.9224800783,0.9221821897,-0.9221814481,0.9221815039	ok
-1.28757515	-43.49699399	-44.84242259	0.8680387015	full	-1,1,-1,1,-1,1,-1,1	-1,-1,-1,-1,-1,1,-1,1	3291.737566,6721.332804,10144.72084,13568.61374,16992.46631,20416.32212,23840.17766,27264.03323	6491.96957,14582.83652,16277.05684,18665.33256,21807.31264,25230.81751,28654.69811,32078.54869	-0.9160539735,0.9222268274,-0.9222216761,0.922222117,-0.922222082,0.9222220848,-0.9222220845,0.9222220846	-0.9570649483,-0.6361617117,-0.9737490337,-0.9259890412,-0.9225098112,0.9222217361,-0.9222220637,0.9222220376	ok
-1.28557114	-43.49699399	-40.17636724	0.8788640495	continued:5	1,-1,1,-1,1,-1,1,-1	-1,-1,-1,-1,-1,1,-1,1	1791.85591,5396.475344,8804.250701,12236.42602,15666.66206,19097.06412,22527.45205,25957.84119	6484.231856,14499.26049,16164.29882,18512.13158,21631.83781,25060.64922,28491.16827,31921.54263	0.9221104199,-0.9223679595,0.9222414217,-0.9222634218,0.9222617816,-0.9222619496,0.9222619324,-0.9222619344	-0.9570459637,-0.6021190028,-0.975850864,-0.926712932,-0.9225461865,0.922260653,-0.9222620422,0.9222619253	ok
-1.28356713	-43.49699399	-41.57393252	0.8770738062	continued:5	1,-1,1,-1,1,-1,1,-1	-1,-1,-1,-1,-1,1,-1,1	2028.505737,5500.480302,8933.898231,12371.12184,15808.00498,19244.91889,22681.83003,26118.74141	6476.1449,14422.80319,16062.28655,18373.86598,21472.78358,24906.80919,28343.97555,31780.86056	0.9229047387,-0.9223251855,0.9222986664,-0.922301573,0.9223013154,-0.9223013386,0.9223013365,-0.9223013367	-0.9570270713,-0.5727016378,-0.976433163,-0.9274819812,-0.9225867117,0.9222990883,-0.9223014951,0.9223012819	ok
-1.28156313	-43.49699399	-42.19697084	0.8751558456	continued:5	1,-1,1,-1,1,-1,1,-1	-1,-1,-1,-1,-1,1,-1,1	2183.848118,5641.45638,9083.471376,12527.02939,15970.44042,19413.86563,22857.28939,26300.71335	6467.787898,14352.47487,15969.53565,18248.60373,21328.30316,24767.51359,28211.33131,31654.71385	0.9243603781,-0.9223499944,0.9223392378,-0.9223401294,0.9223402623,-0.9223400911,0.9223402238,-0.9223401377	-0.9570083171,-0.5475311413,-0.9754945941,-0.9282869644,-0.9226298473,0.9223371572,-0.9223405106,0.9223401982	ok
-1.27955912	-43.49699399	-42.64702861	0.8732378849	continued:5	1,-1,1,-1,1,-1,1,-1	-1,-1,-1,-1,-1,1,-1,1	2323.691017,5784.062277,9232.905928,12682.93982,16132.85423,19582.78063,23032.70586,26482.63119	6459.225798,14287.44843,15884.81897,18134.71408,21196.79785,24641.2213,28091.68902,31541.55614	0.9516927305,-0.9223857756,0.9223780944,-0.9223788715,0.922378819,-0.9223788368,0.9223788381,-0.9223788377	-0.9569897312,-0.526237038,-0.9731053947,-0.9291183267,-0.922674553,0.9223749499,-0.9223791588,0.9223787471	ok
-1.27755511	-43.49699399	-43.01890576	0.8714476416	continued:5	-1,1,-1,1,-1,1,-1,1	-1,-1,-1,-1,-1,1,-1,1	2457.884717,5924.59933,9379.895594,12836.43038,16292.83438,19749.25224,23205.66863,26662.08517	6450.511954,14227.02325,15807.11501,18030.81606,21076.88135,24526.5966,27983.70723,31440.04629	-0.9163436885,0.9224237199,-0.9224163479,0.9224171639,-0.922417077,0.9224170863,-0.9224170853,0.9224170854	-0.9569713324,-0.5085013507,-0.9693882917,-0.9299666087,-0.9227200816,0.9224125373,-0.9224174966,0.9224169875	ok
-1.27555110	-43.49699399	-43.34728861	0.8698640495	continued:5	-1,1,-1,1,-1,1,-1,1	-1,-1,-1,-1,-1,1,-1,1	2591.546071,6065.446364,9527.086391,12990.12175,16453.00273,19915.9009,23378.79714,26841.69361	6441.69027,14170.59522,15735.56785,17935.73592,20967.34918,24422.478,27886.21858,31349.01738	-0.9197423118,0.92246199,-0.9224542195,0.9224551595,-0.922455061,0.9224550723,-0.922455071,0.9224550712	-0.9569531314,-0.4940834208,-0.9644998449,-0.9308227785,-0.922765873,0.9224499755,-0.9224555702,0.9224549679	ok
-1.27354709	-43.49699399	-43.64787416	0.8684871085	continued:5	-1,1,-1,1,-1,1,-1,1	-1,-1,-1,-1,-1,1,-1,1	2723.30492,6204.63208,9672.56484,13142.09641,16611.44221,20080.80967,23550.17461,27019.53983	6432.796924,14117.62985,15669.45564,17848.47208,20867.1524,24327.85203,27798.2037,31267.45063	-0.9202267374,0.9225000893,-0.9224919541,0.9224929326,-0.9224928195,0.9224928327,-0.9224928312,0.9224928314	-0.956935133,-0.4828415665,-0.9586140388,-0.9316784662,-0.9228114969,0.9224873097,-0.9224934171,0.9224927282	ok
-1.27154309	-43.49699399	-43.92890267	0.8672378849	continued:5	1,-1,1,-1,1,-1,1,-1	-1,-1,-1,-1,-1,1,-1,1	2843.028401,6331.884171,9806.074103,13282.09579,16757.89496,20233.72125,23709.54424,27185.36763	6423.861755,14067.63332,15608.16592,17768.1664,20775.3753,24241.83128,27718.76941,31194.45356	0.9262634085,-0.9225382448,0.9225293929,-0.9225305101,0.9225303749,-0.9225303914,0.9225303894,-0.9225303897	-0.9569173381,-0.4747677704,-0.951909065,-0.9325261123,-0.9228566199,0.9225245764,-0.9225310681,0.9225303014	ok
-1.26953908	-43.49699399	-44.19578118	0.8664019635	continued:5	-1,1,-1,1,-1,1,-1,1	-1,-1,-1,-1,-1,1,-1,1	2982.469639,6478.896531,9959.312019,13441.81745,16924.05794,20406.33215,23888.60207,27370.87253	6414.909394,14020.11155,15551.17593,17694.08063,20691.21636,24163.63613,27647.13043,31129.24167	-0.9191949654,0.9225760584,-0.9225666411,0.9225678617,-0.9225677073,0.922567727,-0.9225677245,0.9225677248	-0.9568997444,-0.4700647516,-0.9445575336,-0.9333590448,-0.9229009825,0.9225618058,-0.9225685486,0.9225677155	ok
-1.26753507	-43.49699399	-44.44837836	0.8656937596	continued:5	1,-1,1,-1,1,-1,1,-1	-1,-1,-1,-1,-1,1,-1,1	3107.043326,6611.09172,10097.70071,13586.68386,17075.35336,20564.06448,24052.77007,27541.4764	6405.960173,13974.4853,15498.03705,17625.577,20613.97217,24092.57929,27582.59399,31071.12312	0.970135472,-0.9226141345,0.9226037094,-0.9226051096,0.9226049247,-0.9226049492,0.922604946,-0.9226049464	-0.9568823475,-0.4693540847,-0.9367198772,-0.9341715019,-0.9229443862,0.9225990233,-0.9226058795,0.9226049941	ok
-1.26553106	-43.49699399	-44.68883948	0.8651922068	continued:5	1,-1,1,-1,1,-1,1,-1	-1,-1,-1,-1,-1,1,-1,1	3225.806783,6737.479547,10230.25331,13725.70786,17220.794,20715.93108,24211.06109,27706.19209	6397.030872,13929.81123,15448.3622,17562.10237,20543.02371,24028.0529,27524.54693,31019.48575	0.9244332123,-0.9226518336,0.9226407591,-0.9226424221,0.9226422379,-0.9226422424,0.9226422502,-0.9226422453	-0.956865142,-0.4744319547,-0.9285404521,-0.9349586111,-0.9229866825,0.9226362506,-0.9226430782,0.9226421577	ok
-1.26352705	-43.49699399	-44.91744607	0.8650250225	full	-1,1,-1,1,-1,1,-1,1	-1,-1,-1,-1,-1,1,-1,1	3271.206861,6790.599887,10289.49712,13791.41863,17292.90819,20794.45975,24296.00241,27797.54636	6388.135323,13882.42997,15401.81576,17503.17505,20477.82474,23969.51757,27472.44483,30973.78619	-0.9146927057,0.9226896369,-0.9226775929,0.9226793748,-0.9226791198,0.9226791564,-0.9226791511,0.9226791519	-0.9568481214,-0.4947046051,-0.920145744,-0.9357163437,-0.9230277647,0.9226735068,-0.9226801588,0.9226792236	ok
-1.26152305	-43.49699399	-41.55690453	0.8746840857	continued:5	1,-1,1,-1,1,-1,1,-1	-1,-1,-1,-1,1,-1,1,-1	2015.579202,5575.027052,9074.592743,12583.76673,16091.52837,19599.50076,23107.44177,26615.38745	6379.284908,15358.10534,17448.37403,20417.89196,23916.49318,27425.80273,30933.54068,34441.51318	0.9235852062,-0.9227468321,0.9227112088,-0.922716864,0.9227160312,-0.9227161546,0.9227161363,-0.922716139	-0.9568312786,-0.9116440924,-0.9364414492,-0.9230675623,0.9227108092,-0.9227171326,0.9227162066,-0.9227163449	ok
-1.25951904	-43.49699399	-42.20079415	0.8725594739	continued:5	1,-1,1,-1,1,-1,1,-1	-1,-1,-1,-1,1,-1,1,-1	2161.364152,5703.26137,9213.135396,12728.15351,16242.38254,19756.73351,23271.0656,26785.40066	6370.488968,15316.97505,17397.3299,20362.79655,23868.55108,27384.18738,30898.31719,34412.6801	0.9242178282,-0.9227694287,0.9227504135,-0.9227534822,0.9227530153,-0.9227530597,0.9227532846,-0.9227530687	-0.9568146063,-0.9031264459,-0.9371313802,-0.9231060356,0.9227481733,-0.922754009,0.92275312,-0.9227532575	ok
-1.25751503	-43.49699399	-42.66476644	0.8706415132	continued:5	-1,1,-1,1,-1,1,-1,1	-1,-1,-1,-1,1,-1,1,-1	2305.57154,5849.944,9366.721238,12888.0588,16408.67099,19929.39932,23450.10908,26970.8218	6361.755136,15278.20002,17349.71742,20312.15712,23825.30741,27347.21056,30867.72883,34388.46898	-0.8919647916,0.9228040337,-0.9227875867,0.9227903068,-0.9227898763,0.9227899454,-0.9227899343,0.9227899361	-0.9567980974,-0.894667733,-0.9377842147,-0.9231431718,0.9227856131,-0.9227907953,0.9227899751,-0.9227901065	ok
-1.25551102	-43.49699399	-43.04627558	0.8688512700	continued:5	-1,1,-1,1,-1,1,-1,1	-1,-1,-1,-1,1,-1,1,-1	2443.777195,5994.729979,9517.703791,13045.45754,16572.42441,20099.52164,23626.5973,27153.67653	5514.290453,13902.71251,15707.74586,18335.45306,21740.55576,25283.64369,28807.99981,32335.52334	-0.9207846314,0.9228411302,-0.922824258,0.9228271654,-0.9228266854,0.9228267653,-0.9228267521,0.9228267543	-0.956708316,-0.6682362098,-0.9642278721,-0.9242526046,0.9227469164,-0.9228364593,0.9228252656,-0.9228271507	ok
-1.25350701	-43.49699399	-43.38211160	0.8670610267	continued:5	1,-1,1,-1,1,-1,1,-1	-1,-1,-1,-1,1,-1,1,-1	2561.14993,6119.686018,9648.653314,13182.8444,16716.14689,20249.60155,23783.03019,27316.46328	5509.599677,13893.92234,15702.19712,18339.95532,21757.98099,25307.41978,28838.041,32371.94871	0.9251680195,-0.9228788309,0.9228608363,-0.9228639379,0.9228634125,-0.9228635022,0.9228634868,-0.9228634895	-0.9566945533,-0.6662657775,-0.9640289894,-0.9242289113,0.9227904015,-0.9228732878,0.9228619513,-0.9228639205	ok
-1.25150301	-43.49699399	-43.69138515	0.8656051520	continued:5	1,-1,1,-1,1,-1,1,-1	-1,-1,-1,-1,1,-1,1,-1	2688.162768,6254.517507,9789.404219,13330.0355,16869.65845,20409.4598,23949.22962,27489.00502	5504.960888,13885.4604,15697.13198,18345.22787,21776.27847,25331.9478,28868.84167,32409.1191	0.924403382,-0.9229166316,0.9228972347,-0.9229007252,0.9229000816,-0.922900196,0.9229001756,-0.9229001792	-0.9566808231,-0.6644210203,-0.9638109074,-0.9242055989,0.9228328446,-0.9229100232,0.9228986069,-0.9229006509	ok
-1.24949900	-43.49699399	-43.98073161	0.8645625795	continued:5	-1,1,-1,1,-1,1,-1,1	-1,-1,-1,-1,1,-1,1,-1	2833.915209,6408.260802,9948.999958,13496.07442,17042.00099,20588.13769,24134.23558,27680.34048	5500.373408,13877.31547,15692.53643,18351.25386,21795.42182,25357.19871,28900.37501,32447.00686	-0.9181235768,0.9229545748,-0.9229336118,0.922937535,-0.9229367762,0.9229368613,-0.9229369074,0.9229368943	-0.9566671242,-0.6626978853,-0.9635739718,-0.9241827996,0.922874557,-0.9229466662,0.9229352403,-0.9229373472	ok
-1.24749499	-43.49699399	-44.25238055	0.8636477245	continued:5	-1,1,-1,1,-1,1,-1,1	-1,-1,-1,-1,1,-1,1,-1	2965.367162,6547.712001,10094.26574,13647.78047,17199.99639,20752.4566,24304.87094,27857.2939	5495.836561,13869.47695,15688.39734,18358.01758,21815.38575,25383.14491,28932.61559,32485.5857	-0.9192016748,0.9229925085,-0.92296995,0.9229743047,-0.9229734102,0.9229735565,-0.9229735281,0.9229735334	-0.9566534553,-0.6610925683,-0.963318511,-0.924160636,0.9229157659,-0.9229832168,0.9229718585,-0.9229740143	ok
-1.24549098	-43.49699399	-44.50999617	0.8629395205	continued:5	-1,1,-1,1,-1,1,-1,1	-1,-1,-1,-1,1,-1,1,-1	3090.651603,6681.051869,10233.37255,13793.32855,17351.8169,20910.58922,24469.30655,28028.03546	5491.349671,13861.93484,15684.70241,18365.50436,21836.14589,25409.76008,28965.5393,32524.83056	-0.8594827345,0.9230305042,-0.9230061838,0.9230109159,-0.9230101572,0.9230103368,-0.9230102029,0.9230103073	-0.9566398155,-0.6596015018,-0.9630448408,-0.9241392222,0.9229566408,-0.9230196746,0.9230084683,-0.9230106563	ok
-1.24348697	-43.49699399	-44.75478396	0.8624379677	continued:5	1,-1,1,-1,1,-1,1,-1	-1,-1,-1,-1,1,-1,1,-1	3209.195428,6807.652698,10365.70157,13932.09767,17496.84128,21061.9149,24626.92272,28191.94367	5486.912062,13854.67965,15681.4401,18373.70048,21857.67881,25437.01919,28999.12323,32564.71755	0.924969599,-0.9230685492,0.9230425163,-0.9230477573,0.9230466743,-0.9230468956,0.9230468514,-0.9230468603	-0.9566262036,-0.6582213401,-0.9627532684,-0.9241186643,0.9229973101,-0.9230560385,0.9230450757,-0.9230472763	ok
-1.24148297	-43.49699399	-44.98707082	0.8622707835	full	-1,1,-1,1,-1,1,-1,1	-1,-1,-1,-1,1,-1,1,-1	3254.658942,6861.275014,10424.99089,13997.82954,17568.81179,21140.1755,24711.46097,28282.7625	5482.523066,13847.70241,15678.59961,18382.59317,21879.96187,25464.89837,29033.34562,32605.2239	-0.9140497744,0.923106664,-0.9230785532,0.9230844876,-0.9230832938,0.9230835384,-0.9230834883,0.9230834985	-0.9566126186,-0.6569489491,-0.9624440968,-0.9240990598,0.923037872,-0.9230923072,0.9230816866,-0.9230838772	ok
-1.23947896	-43.49699399	-41.45540335	0.8724044211	continued:5	1,-1,1,-1,1,-1,1,-1	-1,-1,-1,-1,1,-1,1,-1	1981.898524,5640.079298,9198.901833,12780.32496,16357.07373,19934.8122,23512.34211,27089.91601	5478.182017,13840.99464,15676.17079,18392.17046,21902.97314,25493.37488,29068.18576,32646.32784	0.92397359,-0.9231755596,0.9231079386,-0.9231226436,0.9231195838,-0.9231202342,0.9231200972,-0.9231201261	-0.9565990596,-0.6557813932,-0.9621176285,-0.9240804993,0.923078402,-0.9231284791,0.9231183065,-0.9231204614	ok
-1.23747495	-43.49699399	-42.15309656	0.8702798093	continued:5	1,-1,1,-1,1,-1,1,-1	-1,-1,-1,-1,1,-1,1,-1	2135.472404,5767.808417,9340.479284,12926.68253,16509.98586,20093.9191,23677.71591,27261.54229	5473.888255,13834.54826,15674.14416,18402.4212,21926.6914,25522.42706,29103.62396,32688.00855	0.9275915176,-0.9231897535,0.9231493666,-0.9231582224,0.9231563653,-0.9231567783,0.923156689,-0.9231567084	-0.9565855256,-0.6547159251,-0.961774169,-0.9240630662,0.9231189593,-0.9231645524,0.9231549404,-0.9231570306	ok
-1.23547094	-43.49699399	-42.64053084	0.8681551975	continued:5	1,-1,1,-1,1,-1,1,-1	-1,-1,-1,-1,1,-1,1,-1	2269.143842,5902.578644,9482.479548,13074.77576,16664.34086,20254.51498,23844.55361,27434.6224	5469.641125,13828.35565,15672.51081,18413.33495,21951.09603,25552.03425,29139.64144,32730.24614	0.9265554027,-0.9232230565,0.9231865421,-0.9231947148,0.9231929147,-0.9231933436,0.9231932529,-0.9231932165	-0.9565720157,-0.6537499759,-0.9614140294,-0.924046837,0.923159589,-0.9232005255,0.9231915934,-0.9231935865	ok
-1.23346693	-43.49699399	-43.03863788	0.8663649543	continued:5	-1,1,-1,1,-1,1,-1,1	-1,-1,-1,-1,1,-1,1,-1	2413.397768,6053.460207,9639.234969,13237.89917,16833.64837,20430.06507,24026.32914,27622.62808	5465.439981,13822.40954,15671.2624,18424.90195,21976.16696,25582.17679,29176.22033,32773.02154	-0.9211258287,0.9232603427,-0.9232227426,0.9232314442,-0.9232294309,0.9232299234,-0.9232298204,0.9232298439	-0.956558529,-0.6528811444,-0.9610375299,-0.9240318828,0.9232003264,-0.9232363966,0.9232282699,-0.9232301297	ok
-1.23146293	-43.49699399	-43.38597164	0.8645747110	continued:5	1,-1,1,-1,1,-1,1,-1	-1,-1,-1,-1,1,-1,1,-1	2536.594055,6184.615821,9775.898482,13381.00277,16982.90156,20585.55314,24188.02844,27790.54504	5461.284183,13816.70305,15670.39112,18437.11309,22001.88463,25612.83594,29213.34353,32816.3165	0.9616738182,-0.9232987129,0.923258768,-0.923268177,0.9232659792,-0.9232664945,0.9232663738,-0.9232664021	-0.9565450647,-0.6521071881,-0.960645002,-0.9240182692,0.9232411982,-0.923272164,0.9232649744,-0.9232666613	ok
-1.22945892	-43.49699399	-43.70384708	0.8631977700	continued:5	-1,1,-1,1,-1,1,-1,1	-1,-1,-1,-1,1,-1,1,-1	2677.52708,6333.779216,9930.457033,13542.01985,17150.04491,20758.9219,24367.59436,27976.31596	5457.173097,13811.22964,15669.88967,18449.95982,22028.22991,25643.99385,29250.99474,32860.11349	-0.9214290634,0.9233372379,-0.9232946618,0.9233049363,-0.9233024746,0.9233030658,-0.9233029238,0.9233029579	-0.956531622,-0.6514260161,-0.9602367916,-0.9240060571,0.9232822241,-0.9233078266,0.923301711,-0.9233031814	ok
-1.22745491	-43.49699399	-43.99895272	0.8619485464	continued:5	-1,1,-1,1,-1,1,-1,1	-1,-1,-1,-1,1,-1,1,-1	2805.041784,6469.705637,10071.685,13689.72224,17303.8501,20918.94309,24533.79861,28148.7126	5453.106099,13805.98308,15669.75121,18463.43415,22055.1841,25675.63353,29289.15837,32904.3957	-0.9204678996,0.9233760115,-0.9233304806,0.9233417172,-0.9233389608,0.9233396419,-0.9233394742,0.9233395156	-0.9565182002,-0.6508356782,-0.9598132599,-0.9239953037,0.9233234179,-0.9233433826,0.9233384837,-0.9233396903	ok
-1.22545090	-43.49699399	-44.27754707	0.8609059740	continued:5	1,-1,1,-1,1,-1,1,-1	-1,-1,-1,-1,1,-1,1,-1	2926.355641,6599.485152,10206.70315,13831.22451,17451.43343,21072.73214,24693.75645,28314.84992	5449.082574,13800.95745,15669.96935,18477.5286,22082.72887,25707.73881,29327.81949,32949.14698	0.9312268718,-0.9234148779,0.9233662488,-0.92337853,0.9233754296,-0.9233761546,0.9233759823,-0.9233760316	-0.9565047986,-0.6503343595,-0.9593747857,-0.9239860636,0.923364789,-0.9233788315,0.9233752964,-0.9233761879	ok
-1.22344689	-43.49699399	-44.54233141	0.8601977700	continued:5	1,-1,1,-1,1,-1,1,-1	-1,-1,-1,-1,1,-1,1,-1	3056.362826,6737.98977,10350.38921,13981.40345,17607.67008,21235.16619,24862.34531,28489.6059	6225.74102,14848.56865,16875.99742,19904.19632,23571.46442,27187.93435,30817.92311,34444.45231	0.9307146513,-0.9234538018,0.9234019693,-0.9234153679,0.923411911,-0.9234127144,0.9234125749,-0.9234125941	-0.9565361826,-0.7867763828,-0.9430719968,-0.9236331732,0.9234425834,-0.9234048134,0.9234145665,-0.9234120506	ok
-1.22144289	-43.49699399	-44.79314575	0.8596962172	continued:5	1,-1,1,-1,1,-1,1,-1	-1,-1,-1,-1,1,-1,1,-1	3178.675116,6868.814861,10486.34059,14123.857,17756.15831,21389.84129,25023.1595,28656.57411	6218.511219,14832.11309,16861.13142,19898.47248,23575.78823,27197.04845,30833.60363,34466.15656	0.9255419544,-0.9234929503,0.9234376063,-0.9234522302,0.9234483518,-0.9234493963,0.9234491266,-0.9234491979	-0.9565215854,-0.782791408,-0.943082863,-0.9236605088,0.9234826601,-0.9234402767,0.9234514653,-0.923448511	ok
-1.21943888	-43.49699399	-45.03049451	0.8595290329	full	-1,1,-1,1,-1,1,-1,1	-1,-1,-1,-1,1,-1,1,-1	3225.250146,6924.00231,10546.57391,14190.60923,17828.91886,21468.78106,25108.22401,28747.7803	6211.363861,14816.31553,16847.25263,19894.19894,23581.58662,27207.55596,30850.69785,34489.24688	-0.9168344615,0.9235320866,-0.9234732326,0.9234891237,-0.9234848331,0.9234859911,-0.9234856773,0.9234857621	-0.9565070534,-0.779037273,-0.9430670728,-0.9236888955,0.9235228842,-0.9234756654,0.9234884026,-0.9234849615	ok
-1.21743487	-43.49699399	-41.37914647	0.8700528794	continued:5	1,-1,1,-1,1,-1,1,-1	-1,-1,-1,-1,1,-1,1,-1	1953.527599,5715.389446,9325.303261,12980.47718,16623.47848,20269.86631,23915.31993,27561.03199	6204.297914,14801.14413,16834.31685,19891.3183,23588.78833,27219.38848,30869.13773,34513.65438	0.9243188348,-0.9236188286,0.9234959286,-0.9235295866,0.9235203073,-0.9235228605,0.9235221538,-0.9235222494	-0.9564925834,-0.7755067076,-0.9430257347,-0.9237187092,0.9235632481,-0.9235109807,0.9235253808,-0.9235214017	ok
-1.21543086	-43.49699399	-42.12373093	0.8678005502	continued:5	1,-1,1,-1,1,-1,1,-1	-1,-1,-1,-1,1,-1,1,-1	2105.580701,5833.207027,9461.980841,13120.09403,16770.05786,20422.33346,24073.95648,27725.76378	6197.312313,14786.56939,16822.2833,19889.77748,23597.32632,27232.48233,30888.85973,34539.31472	0.9257172309,-0.9236207564,0.9235413717,-0.9235636838,0.9235574306,-0.9235592794,0.9235587553,-0.9235588209	-0.956478173,-0.7721925833,-0.9429599444,-0.9237504382,0.9236037427,-0.923546223,0.9235624019,-0.9235578309	ok
-1.21342685	-43.49699399	-42.63296655	0.8656759384	continued:5	1,-1,1,-1,1,-1,1,-1	-1,-1,-1,-1,1,-1,1,-1	2244.696729,5972.157586,9608.613967,13272.52753,16928.63597,20587.0062,24244.72476,27902.6314	6190.405966,14772.56391,16811.11433,19889.5272,23607.13741,27246.7781,30909.80443,34566.16772	0.9280386032,-0.92365285,0.9235789662,-0.9236001235,0.9235940749,-0.9235958504,0.9235953099,-0.9235953564	-0.9564638193,-0.7690879574,-0.9428707847,-0.9237847469,0.9236443579,-0.9235813943,0.9235994678,-0.9235942489	ok
-1.21142285	-43.49699399	-43.04433508	0.8637579778	continued:5	-1,1,-1,1,-1,1,-1,1	-1,-1,-1,-1,1,-1,1,-1	2382.880813,6117.068309,9758.962498,13429.27464,17091.33528,20755.8386,24419.62287,28083.6192	6183.577763,14759.10219,16800.77517,19890.52177,23618.16192,27262.22038,30931.91618,34594.15704	-0.9143768766,0.9236906975,-0.9236148558,0.9236369805,-0.9236304053,0.9236322533,-0.9236316931,0.9236319867	-0.95644952,-0.7661861047,-0.9427593241,-0.9238225812,0.923685082,-0.9236164959,0.9236365799,-0.9236306543	ok
-1.20941884	-43.49699399	-43.40264116	0.8619677345	continued:5	1,-1,1,-1,1,-1,1,-1	-1,-1,-1,-1,1,-1,1,-1	2511.173056,6253.66019,9900.429437,13577.29359,17245.23824,20915.87925,24585.70983,28255.78441	6176.826579,14746.16053,16791.23362,19892.71867,23630.34337,27278.75744,30955.1428,34623.22983	0.9368905741,-0.923730193,0.923650112,-0.9236739775,0.9236668057,-0.9236689642,0.9236683168,-0.9236685118	-0.9564352726,-0.7634805402,-0.9426266169,-0.9238653607,0.9237259024,-0.9236515302,0.9236737395,-0.9236670466	ok
-1.20741483	-43.49699399	-43.72894122	0.8605118598	continued:5	-1,1,-1,1,-1,1,-1,1	-1,-1,-1,-1,1,-1,1,-1	2648.52939,6399.718857,10051.17241,13734.64074,17408.42918,21085.20499,24761.06437,28437.20541	6170.151282,14733.7168,16782.45988,19896.07835,23643.62821,27296.34092,30979.43524,34653.33651	-0.919496792,0.923770091,-0.923685426,0.9237112603,-0.9237031517,0.9237055861,-0.9237048371,0.9237050672	-0.956421075,-0.7609650339,-0.9424737032,-0.9239153528,0.9237668053,-0.9236865002,0.9237109479,-0.923703425	ok
-1.20541082	-43.49699399	-44.03175220	0.8592626362	continued:5	-1,1,-1,1,-1,1,-1,1	-1,-1,-1,-1,1,-1,1,-1	2780.355708,6540.389344,10196.41869,13886.52282,17566.11984,21249.02622,24930.89692,28613.09239	6163.550738,14721.75036,16774.42636,19900.56392,23657.96558,27314.92565,31004.74739,34684.4305	-0.9200416878,0.9238101674,-0.9237205085,0.923748365,-0.9237395228,0.9237423156,-0.9237414169,0.9237416927	-0.9564069249,-0.7586336196,-0.9423016091,-0.9239764605,0.9238077761,-0.923721409,0.9237482054,-0.9237397887	ok
-1.20340681	-43.49699399	-44.31670856	0.8582200637	continued:5	1,-1,1,-1,1,-1,1,-1	-1,-1,-1,-1,1,-1,1,-1	2905.16741,6674.131213,10334.64429,14031.4125,17716.78298,21405.81627,25093.68041,28781.91855	6157.02381,14710.24192,16767.10745,19906.14095,23673.30707,27334.46935,31031.0358,34716.46797	0.6923324167,-0.9238504598,0.9237555695,-0.923785719,0.9237759525,-0.9237790935,0.9237780619,-0.9237783893	-0.9563928205,-0.7564805993,-0.9421113473,-0.9240560844,0.9238487985,-0.9237562607,0.9237855127,-0.9237761365	ok
-1.20140281	-43.49699399	-44.58679362	0.8575118598	continued:5	-1,1,-1,1,-1,1,-1,1	-1,-1,-1,-1,1,-1,1,-1	3037.928286,6815.855267,10480.77757,14184.23326,17875.34258,21570.49929,25264.3386,28958.60784	6150.569369,14699.17342,16760.47943,19912.77727,23689.60654,27354.93248,31058.25947,34749.40768	-0.9134910457,0.9238907209,-0.923790572,0.9238227989,-0.9238124831,0.9238159228,-0.9238147343,0.9238151387	-0.9563787597,-0.754500543,-0.941903917,-0.9241702752,0.9238898557,-0.9237910595,0.9238228699,-0.9238124679	ok
-1.19939880	-43.49699399	-44.84201543	0.8570103070	continued:5	1,-1,1,-1,1,-1,1,-1	-1,-1,-1,-1,1,-1,1,-1	3162.119708,6949.054959,10618.30506,14328.47584,18025.28736,21726.56469,25426.36036,29126.64885	6144.186289,14688.52796,16754.52026,19920.44274,23706.81991,27376.27804,31086.37966,34783.21077	0.9308222871,-0.923931444,0.9238255095,-0.9238601919,0.9238487341,-0.9238525026,0.9238511424,-0.9238515577	-0.9563647409,-0.7526882868,-0.9416803049,-0.9243617715,0.9239309296,-0.9238258104,0.9238602763,-0.9238487819	ok
-1.19739479	-43.49699399	-45.08298282	0.8568431227	full	-1,1,-1,1,-1,1,-1,1	-1,-1,-1,-1,1,-1,1,-1	3209.390849,7005.345617,10678.85391,14395.76453,18098.24153,21805.63735,25511.37009,29217.66665	6137.873453,14678.28969,16749.2095,19929.10914,23724.90502,27398.47139,31115.35973,34817.84059	-0.9215569183,0.9239721802,-0.923860446,0.9238975547,-0.9238850258,0.9238891961,-0.9238877198,0.9238882199	-0.9563507622,-0.7510389276,-0.9414414857,-0.9247954332,0.9239720011,-0.9238605189,0.9238977318,-0.9238850778	ok
-1.19539078	-43.49699399	-41.29203985	0.8676566308	continued:5	1,-1,1,-1,1,-1,1,-1	-1,-1,-1,-1,1,-1,1,-1	1919.773604,5793.128568,9442.570593,13175.20981,16880.1399,20594.73864,24306.01265,28018.4359	6131.629755,14668.44373,16744.52816,19938.74994,23743.82147,27421.4801,31145.16491,34853.26257	0.9244669381,-0.9240850188,0.9238718979,-0.9239433996,0.9239183933,-0.9239269166,0.923923974,-0.923924982	-0.9563368221,-0.7495478176,-0.941188422,-0.9272903187,0.9240130504,-0.9238951918,0.9239352348,-0.923921355	ok
-1.19338677	-43.49699399	-42.09119481	0.8654043016	continued:5	1,-1,1,-1,1,-1,1,-1	-1,-1,-1,1,-1,1,-1,1	2080.802714,5909.384717,9585.26406,13317.6857,17030.6774,20750.55181,24468.01236,28186.32257	6125.454103,14658.97611,16740.45859,19949.34023,23763.53049,27445.27382,31175.76221,34889.44406	0.9266048158,-0.9240688068,0.9239249385,-0.9239745951,0.9239568615,-0.9239629689,0.92396099,-0.9239615701	-0.9563229189,-0.7482105557,-0.9409220648,0.9215700195,-0.9240540565,0.9239298352,-0.9239727838,0.9239576132	ok
-1.19138277	-43.49699399	-42.62236367	0.8632796898	continued:5	-1,1,-1,1,-1,1,-1,1	-1,-1,-1,1,-1,1,-1,1	2225.563496,6052.308816,9736.651939,13474.45083,17193.50494,20919.31832,24642.71768,28366.98181	6119.345414,14649.87369,16736.98444,19960.85653,23783.99482,27469.82411,31207.12026,34926.35422	-0.9164254837,0.9240985965,-0.9239630121,0.9240108939,-0.9239935392,0.9239998563,-0.923997443,0.9239984178	-0.9563090512,-0.7470229795,-0.9406433544,0.9230235269,-0.9240949979,0.9239644572,-0.9240103771,0.9239938518	ok
-1.18937876	-43.49699399	-43.04660839	0.8611550780	continued:5	1,-1,1,-1,1,-1,1,-1	-1,-1,-1,1,-1,1,-1,1	2350.447833,6183.904475,9873.180384,13617.51088,17342.18575,21074.07747,24803.34523,28533.57069	6113.302624,14641.12409,16734.0905,19973.27671,23805.17861,27495.10437,31239.20916,34963.9639	0.9274611164,-0.9241373459,0.9239985356,-0.9240482739,0.9240299198,-0.9240366305,0.9240342439,-0.9240351197	-0.9562952176,-0.7459811572,-0.9403532197,0.9233794748,-0.9241358519,0.9239990656,-0.9240480119,0.9240300707	ok
-1.18737475	-43.49699399	-43.41640547	0.8593648348	continued:5	1,-1,1,-1,1,-1,1,-1	-1,-1,-1,1,-1,1,-1,1	2484.138806,6326.263787,10019.59956,13770.7592,17500.91403,21238.92163,24974.02255,28710.20345	6107.324682,14632.71568,16731.76266,19986.57985,23827.0473,27521.0897,31272.0004,35002.24553	0.9292942986,-0.9241784009,0.9240328988,-0.9240859446,0.9240661224,-0.924073309,0.9240707788,-0.9240716443	-0.9562814166,-0.745081376,-0.9400525783,0.9235526095,-0.9241765956,0.9240336696,-0.9240856853,0.9240662701	ok
-1.18537074	-43.49699399	-43.75141652	0.8579089600	continued:5	-1,1,-1,1,-1,1,-1,1	-1,-1,-1,1,-1,1,-1,1	2626.569026,6477.835956,10174.96098,13933.04967,17668.61414,21412.74993,25153.65762,28895.78595	6101.410552,14624.63747,16729.98781,20000.74616,23849.56756,27547.75679,31305.46671,35041.17304	-0.9209940878,0.9242197417,-0.9240672716,0.924123732,-0.9241022969,0.9241103808,-0.924107389,0.9241083077	-0.9562676471,-0.7443201339,-0.9397423373,0.9236625865,-0.9242172048,0.9240682787,-0.9241233936,0.9241024501	ok
-1.18336673	-43.49699399	-44.06113500	0.8565320190	continued:5	1,-1,1,-1,1,-1,1,-1	-1,-1,-1,1,-1,1,-1,1	2748.140173,6608.747948,10309.50057,14074.58335,17815.49716,21565.77139,25312.45982,29060.52806	6095.559219,14616.8791,16728.75382,20015.75688,23872.70719,27575.08385,31339.58195,35080.72174	0.9336266007,-0.9242615302,0.9241014992,-0.9241616234,0.9241382028,-0.9241473161,0.9241438232,-0.924145015	-0.9562539079,-0.74369413,-0.9394233924,0.9237436376,-0.9242576549,0.9241029029,-0.9241611328,0.9241386116	ok
-1.18136273	-43.49699399	-44.35318435	0.8554894466	continued:5	1,-1,1,-1,1,-1,1,-1	-1,-1,-1,1,-1,1,-1,1	2876.978944,6746.97258,10451.2564,14223.377,17969.58742,21726.00912,25478.45187,29232.45191	6089.769679,14609.43081,16728.04944,20031.59419,23896.43506,27603.0505,31374.32105,35120.86827	0.9291750587,-0.9243036628,0.9241355016,-0.9241995551,0.9241744728,-0.9241841809,0.9241804491,-0.9241819788	-0.9562401976,-0.7432002551,-0.9390966275,0.923809267,-0.9242979213,0.9241375536,-0.9241988979,0.9241747551	ok
-1.17935872	-43.49699399	-44.62915872	0.8547812426	continued:5	-1,1,-1,1,-1,1,-1,1	-1,-1,-1,1,-1,1,-1,1	3012.957285,6892.404764,10600.11037,14379.31894,18130.76886,21893.34767,25651.51775,29411.44378	6084.040951,14602.28337,16727.86424,20048.24113,23920.72107,27631.63768,31409.65991,35161.59054	-0.8838618366,0.9243457448,-0.9241692094,0.9242377945,-0.9242104704,0.9242212961,-0.9242170149,0.9242184932	-0.9562265154,-0.7428355791,-0.9387629147,0.9238658843,-0.924337978,0.924172242,-0.9242366835,0.9242108821	ok
-1.17735471	-43.49699399	-44.88927215	0.8542796898	continued:5	1,-1,1,-1,1,-1,1,-1	-1,-1,-1,1,-1,1,-1,1	3139.426303,7028.361774,10739.39326,14525.73663,18282.36921,22051.11785,25814.98684,29580.8311	6078.372069,14595.42803,16728.18859,20065.68156,23945.53605,27660.8276,31445.57528,35202.86761	0.9328471971,-0.9243881157,0.9242028789,-0.9242759472,0.9242462729,-0.9242582904,0.9242532891,-0.9242553683	-0.9562128599,-0.7425973464,-0.9384231136,0.923916927,-0.9243777993,0.9242069807,-0.9242744834,0.9242469938	ok
-1.17535070	-43.49699399	-45.13426246	0.8544468741	full	-1,1,-1,1,-1,1,-1,1	-1,-1,-1,1,-1,1,-1,1	3233.371481,7130.776514,10845.54131,14638.87761,18400.71455,22175.61231,25945.16382,29716.91604	6072.762083,14588.85656,16729.0136,20083.90002,23970.85175,27690.60362,31482.04471,35244.67965	-0.9236441291,0.9244295875,-0.9242369561,0.9243141144,-0.9242822052,0.9242952239,-0.9242898723,0.9242922245	-0.9561992303,-0.7424829626,-0.9380780709,0.9239644079,-0.9244173591,0.924241783,-0.9243122909,0.9242830926	ok
-1.17334669	-43.49699399	-41.21348183	0.8652698922	continued:5	1,-1,1,-1,1,-1,1,-1	-1,-1,-1,1,-1,1,-1,1	1889.984471,5881.191714,9556.107078,13372.55967,17132.54023,20916.47127,24690.46752,28468.62504	6067.210063,14582.56115,16730.33106,20102.88175,23996.64076,27720.95022,31519.04645,35287.00792	0.9247245396,-0.924577953,0.9242315776,-0.9243694033,0.9243110312,-0.9243353276,0.9243250822,-0.9243293992	-0.9561856256,-0.7424899864,-0.9377286189,0.9240095864,-0.9244566307,0.9242766624,-0.9243500982,0.9243191808	ok
-1.17134269	-43.49699399	-42.06540132	0.8629386293	continued:5	1,-1,1,-1,1,-1,1,-1	-1,-1,-1,1,-1,1,-1,1	2054.616071,5989.554319,9701.252448,13512.65614,17282.99562,21070.95583,24851.47359,28635.15677	6061.715098,14576.5344,16732.13343,20122.61257,24022.87655,27751.85293,31556.55943,35329.83465	0.9262604238,-0.9245376768,0.9242952291,-0.9243948641,0.92435218,-0.9243702205,0.9243625016,-0.924365827	-0.9561720448,-0.7426161217,-0.9373755759,0.9240532923,-0.9244955875,0.9243116335,-0.9243878969,0.9243552615	ok
-1.16933868	-43.49699399	-42.61789883	0.8608140175	continued:5	-1,1,-1,1,-1,1,-1,1	-1,-1,-1,1,-1,1,-1,1	2205.123876,6136.443491,9857.703441,13673.91096,17450.29214,21244.02489,25030.31054,28819.81366	6056.27629,14570.7693,16734.41377,20143.07887,24049.53333,27783.29823,31594.56311,35373.14302	-0.9197880863,0.9245646268,-0.9243346555,0.9244308754,-0.9243888888,0.9244071252,-0.924399128,0.924402655	-0.956158487,-0.7428592082,-0.9370197441,0.924096097,-0.924534203,0.9243467116,-0.9244256783,0.9243913379	ok
-1.16733467	-43.49699399	-43.05473573	0.8586894057	continued:5	-1,1,-1,1,-1,1,-1,1	-1,-1,-1,1,-1,1,-1,1	2334.985792,6273.03038,9998.592606,13821.62383,17603.1212,21403.0026,25194.86982,28990.25481	6050.892763,14565.25924,16737.16575,20164.26754,24076.58613,27815.27353,31633.03748,35416.91714	-0.9115172116,0.924604244,-0.9243691213,0.9244691298,-0.9244247504,0.9244442758,-0.9244358131,0.9244395166	-0.9561449515,-0.7432172131,-0.9366619096,0.9241384064,-0.9245724506,0.9243819128,-0.9244634319,0.9244274139	ok
-1.16533066	-43.49699399	-43.43325863	0.8567714450	continued:5	1,-1,1,-1,1,-1,1,-1	-1,-1,-1,1,-1,1,-1,1	2460.732816,6407.794341,10136.41521,13966.77103,17753.11656,21559.25272,25356.62863,29157.9106	6045.563657,14559.99792,16740.38358,20186.1659,24104.01069,27847.76709,31671.96298,35461.14195	0.9291270472,-0.9246466978,0.9244024104,-0.9245077962,0.9244605797,-0.9244815624,0.9244721965,-0.9244763001	-0.9561314373,-0.7436882224,-0.9363028406,0.9241805186,-0.9246103036,0.9244172535,-0.9245011472,0.9244634946	ok
-1.16332665	-43.49699399	-43.77639802	0.8551878528	continued:5	1,-1,1,-1,1,-1,1,-1	-1,-1,-1,1,-1,1,-1,1	2594.142696,6550.824596,10282.10341,14119.96161,17911.02834,21723.46802,25526.30325,29333.48764	6040.288127,14554.97938,16744.06199,20208.7617,24131.78352,27880.76795,31711.32041,35505.8032	0.9320715533,-0.9246901158,0.9244351486,-0.9245468991,0.9244959964,-0.924518907,0.9245085521,-0.9245131583	-0.9561179437,-0.744270433,-0.9359432872,0.9242226578,-0.924647736,0.9244527514,-0.9245388123,0.9244995851	ok
-1.16132265	-43.49699399	-44.09408946	0.8539386293	continued:5	-1,1,-1,1,-1,1,-1,1	-1,-1,-1,1,-1,1,-1,1	2734.924842,6701.389885,10435.14906,14280.60129,18076.29671,21895.07554,25703.32501,29516.41642	6035.065348,14550.19796,16748.19623,20232.04308,24159.88181,27914.26589,31751.09092,35550.88742	-0.9204347009,0.9247341512,-0.9244679851,0.9245860539,-0.924531356,0.9245561618,-0.9245447036,0.9245498976	-0.95610447,-0.744962146,-0.9355839788,0.9242649957,-0.9246847219,0.9244884246,-0.9245764148,0.9245356911	ok
-1.15931864	-43.49699399	-44.39117939	0.8528960568	continued:5	-1,1,-1,1,-1,1,-1,1	-1,-1,-1,1,-1,1,-1,1	2867.072683,6843.408212,10579.50603,14432.6316,18232.86754,22058.0203,25871.63846,29690.64192	6029.89451,14545.6483,16752.78201,20255.99849,24188.2835,27948.25138,31791.25592,35596.38187	-0.9209549652,0.9247781582,-0.9245003004,0.9246254176,-0.9245665106,0.92459379,-0.9245809131,0.9245869136	-0.9560910153,-0.7457617589,-0.9352256252,0.9243076675,-0.9247212359,0.9245242916,-0.924613941,0.9245718198	ok
-1.15731463	-43.49699399	-44.67123091	0.8520601354	continued:5	1,-1,1,-1,1,-1,1,-1	-1,-1,-1,1,-1,1,-1,1	2989.381354,6975.67383,10713.96503,14574.8468,18379.53142,22211.09635,26030.0348,29854.95766	6024.77482,14541.32531,16757.8155,20280.61669,24216.96719,27982.71553,31831.79705,35642.27449	0.9657747956,-0.9248225611,0.9245324717,-0.924665103,0.9246015221,-0.9246314367,0.9246172845,-0.924624023	-0.9560775792,-0.7466677561,-0.934868913,0.9243507795,-0.9247572529,0.9245603722,-0.9246513768,0.9246079782	ok
-1.15531062	-43.49699399	-44.93599713	0.8515585826	continued:5	1,-1,1,-1,1,-1,1,-1	-1,-1,-1,1,-1,1,-1,1	3118.134123,7114.404009,10854.77921,14723.48702,18532.53132,22370.54714,26194.75664,30025.60738	6019.705501,14537.22417,16763.29331,20305.88671,24245.91219,28017.64998,31872.69612,35688.55388	0.9378839843,-0.9248671606,0.9245645509,-0.9247045546,0.9246364612,-0.9246690636,0.9246535168,-0.9246609757	-0.9560641608,-0.7476787047,-0.9345145065,0.9243944184,-0.9247927493,0.9245966861,-0.9246887064,0.924644175	ok
-1.15330661	-43.49699399	-45.18476735	0.8520601354	full	-1,1,-1,1,-1,1,-1,1	-1,-1,-1,1,-1,1,-1,1	3260.289904,7262.770545,11007.31798,14882.97597,18696.77294,22541.05073,26370.59177,30207.32672	6014.685792,14533.34027,16769.21245,20331.79783,24275.0985,28053.04694,31913.93505,35735.20926	-0.9241543366,0.9249066424,-0.9245988045,0.9247433932,-0.9246720763,0.9247066165,-0.9246897191,0.9246979507	-0.9560507595,-0.7487932446,-0.9341630453,0.9244386541,-0.9248277013,0.9246332546,-0.9247259141,0.9246804193	ok
-1.15130261	-43.49699399	-41.21683157	0.8627762291	continued:5	1,-1,1,-1,1,-1,1,-1	-1,-1,-1,1,-1,1,-1,1	1876.80511,5982.821768,9671.939651,13579.48484,17384.88012,21241.6851,25073.38374,28917.54141	6009.714947,14529.66928,16775.57033,20358.3395,24304.50683,28088.89906,31955.49586,35782.2304	0.9251259581,-0.9250873743,0.9245745443,-0.9248126905,0.9246927625,-0.9247514047,0.9247223928,-0.9247366362	-0.9560373747,-0.7500100829,-0.9338151433,0.9244835441,-0.9248620865,0.9246700987,-0.9247629821,0.9247167211	ok
-1.14929860	-43.49699399	-42.08426140	0.8604449662	continued:5	1,-1,1,-1,1,-1,1,-1	-1,-1,-1,1,-1,1,-1,1	2047.519632,6092.668706,9827.211951,13724.80794,17543.73386,21402.64048,25241.68646,29090.7187	6004.792237,14526.20706,16782.36474,20385.50141,24334.11854,28125.1994,31997.3606,35829.60763	0.9301731259,-0.9250286684,0.9246483179,-0.9248307258,0.9247380248,-0.9247839802,0.9247607107,-0.9247725206	-0.9560240059,-0.7513279875,-0.9334713886,0.924529136,-0.9248958838,0.9247072405,-0.9247998926,0.9247530915	ok
-1.14729459	-43.49699399	-42.64505631	0.8581926370	continued:5	-1,1,-1,1,-1,1,-1,1	-1,-1,-1,1,-1,1,-1,1	2191.558561,6232.495069,9977.287721,13879.27775,17704.14319,21568.73444,25413.30459,29268.08421	5999.916946,14522.94969,16789.59384,20413.27338,24363.91573,28161.94142,32039.51131,35877.33179	-0.9190049748,0.9250535807,-0.9246882718,0.9248665565,-0.9247747468,0.9248209847,-0.9247972215,0.9248092159	-0.9560106524,-0.752745778,-0.933132341,0.9245754696,-0.9249290726,0.9247447025,-0.9248366265,0.9247895425	ok
-1.14529058	-43.49699399	-43.08965804	0.8559403077	continued:5	1,-1,1,-1,1,-1,1,-1	-1,-1,-1,1,-1,1,-1,1	2313.106758,6360.977118,10109.19368,14018.55083,17847.72947,21718.79242,25568.45315,29429.18259	5995.088375,14519.89344,16797.25611,20441.64535,24393.88117,28199.11885,32081.92999,35925.39417	0.9277104246,-0.925094524,0.9247213682,-0.9249061159,0.9248095353,-0.9248586888,0.9248334028,-0.9248462684	-0.9559973138,-0.754262322,-0.9327985321,0.9246225774,-0.924961634,0.9247825078,-0.9248731637,0.9248260873	ok
-1.14328657	-43.49699399	-43.47598542	0.8540223471	continued:5	1,-1,1,-1,1,-1,1,-1	-1,-1,-1,1,-1,1,-1,1	2442.151581,6499.444299,10249.46563,14166.93307,17999.96266,21877.72825,25732.32216,29599.06985	5990.305837,14517.03479,16805.3504,20470.60741,24423.99834,28236.72571,32124.5986,35973.78648	0.9268578943,-0.9251390891,0.9247528229,-0.9249466589,0.9248436684,-0.9248970788,0.9248691043,-0.9248836115	-0.9559839895,-0.7558765255,-0.9324704644,0.9246704869,-0.9249935503,0.9248206797,-0.9249094838,0.9248627397	ok
-1.14128257	-43.49699399	-43.82556542	0.8524387549	continued:5	1,-1,1,-1,1,-1,1,-1	-1,-1,-1,1,-1,1,-1,1	2578.298165,6645.722364,10396.99971,14322.85487,18159.51562,22044.09956,25903.52694,29776.3341	5985.56866,14514.37039,16813.87585,20500.14971,24454.25143,28274.75621,32167.49897,36022.50084	0.9283110366,-0.9251850241,0.9247837655,-0.9249876494,0.9248777023,-0.9249354486,0.9249046843,-0.9249209613	-0.9559706789,-0.7575873275,-0.9321486095,0.92471922,-0.9250248055,0.9248592427,-0.9249455645,0.9248995153	ok
-1.13927856	-43.49699399	-44.14869520	0.8511895313	continued:5	-1,1,-1,1,-1,1,-1,1	-1,-1,-1,1,-1,1,-1,1	2721.129293,6798.85507,10551.16775,14485.54421,18325.69084,22217.17479,26081.35013,29960.25204	5980.876186,14511.89705,16822.83193,20530.26248,24484.62536,28313.20473,32210.61281,36071.52972	-0.9179669537,0.9252311251,-0.9248142006,0.9250288855,-0.9249115385,0.9249739337,-0.9249403242,0.9249583799	-0.9559573818,-0.7593936928,-0.9318334082,0.9247687952,-0.925055385,0.9248982204,-0.924981384,0.9249364302	ok
-1.13727455	-43.49699399	-44.45039488	0.8501469589	continued:5	-1,1,-1,1,-1,1,-1,1	-1,-1,-1,1,-1,1,-1,1	2854.296542,6942.379763,10695.57677,14638.57846,18482.07832,22380.53866,26249.37746,30134.41092	5976.227772,14509.61176,16832.21839,20560.93602,24515.10578,28352.06576,32253.92169,36120.86588	-0.9200441518,0.9252777398,-0.9248445425,0.925070368,-0.9249451592,0.9250124378,-0.9249758622,0.9249957696	-0.9559440974,-0.7612946052,-0.93152527,0.924819227,-0.9250852759,0.924937638,-0.9250169187,0.924973502	ok
-1.13527054	-43.49699399	-44.73431029	0.8493110375	continued:5	1,-1,1,-1,1,-1,1,-1	-1,-1,-1,1,-1,1,-1,1	2976.597024,7075.118605,10829.02909,14780.77129,18627.48213,22533.00318,26406.41415,30297.62121	5971.622785,14507.51167,16842.03528,20592.16064,24545.67903,28391.33383,32297.40705,36170.50238	0.9378602637,-0.925324498,0.92487444,-0.9251119454,0.9249787087,-0.9250514199,0.9250111792,-0.9250333426	-0.9559308254,-0.7632890604,-0.931224572,0.9248705262,-0.9251144669,0.9249775202,-0.9250521452,0.9250107493	ok
-1.13326653	-43.49699399	-45.00223765	0.8488094847	continued:5	1,-1,1,-1,1,-1,1,-1	-1,-1,-1,1,-1,1,-1,1	3104.61818,7213.60243,10968.09086,14928.67395,18778.45738,22691.12398,26569.01321,30466.43833	5967.060607,14505.59408,16852.28291,20623.92665,24576.33226,28431.0035,32341.05011,36220.4325	0.9314391114,-0.9253715993,0.9249042685,-0.9251538401,0.9250118036,-0.9250904023,0.9250463781,-0.9250706834	-0.9559175655,-0.7653760589,-0.9309316585,0.9249227011,-0.9251429493,0.9250178918,-0.9250870388,0.9250481917	ok
-1.13126253	-43.49699399	-45.25349942	0.8486423004	continued:5	1,1,-1,1,-1,1,-1,1	-1,-1,-1,1,-1,1,-1,1	83.27883177,3238.765297,7358.272833,11113.17619,15082.71539,18935.42106,22855.32682,26737.59265	5962.540633,14503.85643,16862.96185,20656.2244,24607.05333,28471.06929,32384.83197,36270.64972	0.970705593,0.9710266534,-0.9254186635,0.9249339488,-0.9251960736,0.9250449226,-0.9251295341,0.9250814451	-0.9559043171,-0.7675546004,-0.9306468411,0.9249757569,-0.9251707154,0.9250587778,-0.9251215748,0.9250858507	ok
-1.12925852	-43.49699399	-45.48692755	0.8475997280	full	1,1,-1,1,-1,1,-1,1	-1,-1,-1,1,-1,1,-1,1	102.0140445,3156.76245,7282.402156,11040.67884,15017.79364,18874.19381,22800.93198,26687.76458	5958.062269,14502.29629,16874.07293,20689.04416,24637.83086,28511.5256,32428.73351,36321.14765	0.9585582255,0.9252002221,-0.9254590994,0.9249663946,-0.9252364943,0.9250788312,-0.9251681313,0.9251165055	-0.9558910798,-0.769823672,-0.9303703986,0.9250296961,-0.9251977606,0.9251002034,-0.9251557281,0.9251237482	ok
-1.12725451	-43.49699399	-41.10306387	0.8602876591	continued:5	1,-1,1,-1,1,-1,1,-1	-1,-1,-1,1,-1,1,-1,1	1844.650645,6098.414063,9769.865759,13795.63932,17629.39345,21577.27235,25460.01988,29380.93921	5953.624933,14500.91138,16885.61723,20722.3762,24668.65428,28552.36673,32472.7355,36371.92005	0.9254478273,-0.925706109,0.9249080414,-0.9253362787,0.9250808785,-0.9252262211,0.9251409069,-0.925190114	-0.9558778533,-0.7721822482,-0.9301025766,0.9250845185,-0.9252240818,0.9251421934,-0.9251894733,0.9251619077	ok
-1.12525050	-43.49699399	-42.04350603	0.8578286787	continued:5	1,-1,1,-1,1,-1,1,-1	-1,-1,-1,1,-1,1,-1,1	2018.909113,6193.377415,9931.708184,13936.90407,17792.23674,21737.3485,25630.32621,29554.19394	5949.228056,14499.69954,16897.59605,20756.2107,24699.51377,28593.5868,32516.81852,36422.96071	0.9289011722,-0.9256004229,0.925003298,-0.9253362969,0.9251360322,-0.9252521757,0.9251833885,-0.9252234487	-0.9558646372,-0.7746292769,-0.9298435878,0.9251402214,-0.9252496781,0.925184772,-0.9252227847,0.9252003535	ok
-1.12324649	-43.49699399	-42.63080374	0.8554974158	continued:5	-1,1,-1,1,-1,1,-1,1	-1,-1,-1,1,-1,1,-1,1	2163.146744,6330.467429,10081.57585,14089.99294,17951.56695,21902.15448,25800.36542,29730.00036	5944.87108,14498.65874,16910.01092,20790.53777,24730.4003,28635.17969,32560.96305,36474.26347	-0.9068592867,0.9256192919,-0.9250456313,0.925370604,-0.9251730412,0.9252891881,-0.9252193181,0.9252606143	-0.9558514312,-0.7771636741,-0.9295936122,0.9251967999,-0.9252745513,0.9252279636,-0.9252556371,0.9252391117	ok
-1.12124248	-43.49699399	-43.09133122	0.8533728040	continued:5	-1,1,-1,1,-1,1,-1,1	-1,-1,-1,1,-1,1,-1,1	2303.021929,6477.034637,10230.73217,14247.2551,18111.86008,22069.71305,25972.01768,29908.07552	5940.553457,14497.78707,16922.86359,20825.34742,24761.30568,28677.13906,32605.14949,36525.82216	-0.9217044934,0.9256610784,-0.9250769729,0.9254121935,-0.9252060107,0.925328657,-0.9252540823,0.9252988929	-0.9558382347,-0.7797843162,-0.9293527978,0.9252542464,-0.9252987053,0.9252717917,-0.9252880049,0.9252782086	ok
-1.11923848	-43.49699399	-43.48672545	0.8512481922	continued:5	1,-1,1,-1,1,-1,1,-1	-1,-1,-1,1,-1,1,-1,1	2416.210011,6600.01067,10353.90154,14379.73803,18246.49496,22212.12864,26118.14742,30060.85323	5936.274652,14497.08271,16936.15598,20860.62952,24792.2225,28719.45824,32649.35819,36577.63054	0.9274554362,-0.9257082086,0.9251058576,-0.9254557939,0.9252375614,-0.9253687552,0.9252881642,-0.925337135	-0.9558250477,-0.7824900325,-0.9291212608,0.925312551,-0.9253221465,0.9253162789,-0.9253198633,0.9253176722	ok
-1.11723447	-43.49699399	-43.84537868	0.8496646001	continued:5	1,-1,1,-1,1,-1,1,-1	-1,-1,-1,1,-1,1,-1,1	2558.352543,6752.802261,10506.11015,14541.68801,18410.21087,22383.87079,26293.38363,30242.87395	5932.034138,14496.54399,16949.89025,20896.37381,24823.14418,28762.13026,32693.56948,36629.68229	0.9502702195,-0.9257569107,0.9251338785,-0.9255001347,0.9252690182,-0.9254095852,0.9253218975,-0.9253758867	-0.9558118697,-0.7852795955,-0.9288990868,0.9253717015,-0.9253448839,0.9253614472,-0.9253511881,0.9253575313	ok
-1.11523046	-43.49699399	-44.17549677	0.8482087254	continued:5	1,-1,1,-1,1,-1,1,-1	-1,-1,-1,1,-1,1,-1,1	2681.808439,6887.020969,10639.52244,14684.99987,18555.0747,22536.91228,26449.75345,30406.1362	5927.831402,14496.16932,16964.06871,20932.56987,24854.06501,28805.1478,32737.76379,36681.97098	0.9281831661,-0.925806134,0.9251617111,-0.9255448375,0.9252999027,-0.9254506116,0.9253553937,-0.9254147365	-0.9557987005,-0.7881517127,-0.9286863312,0.9254316828,-0.9253669285,0.9254073173,-0.9253819558,0.9253978154	ok
-1.11322645	-43.49699399	-44.48508008	0.8471661529	continued:5	1,-1,1,-1,1,-1,1,-1	-1,-1,-1,1,-1,1,-1,1	2820.168229,7036.320614,10787.73716,14843.30196,18714.68796,22704.87359,26620.86047,30584.25647	5923.665937,14495.95723,16978.69386,20969.20707,24884.9801,28848.50317,32781.92166,36734.48998	0.9357935656,-0.9258557789,0.9251887755,-0.9255898217,0.9253303544,-0.9254919422,0.9253886144,-0.9254535278	-0.9557855395,-0.791105019,-0.9284830207,0.9254924779,-0.9253882944,0.9254539091,-0.925412144,0.9254385549	ok
-1.11122244	-43.49699399	-44.77541053	0.8463302315	continued:5	1,-1,1,-1,1,-1,1,-1	-1,-1,-1,1,-1,1,-1,1	2946.553477,7173.640128,10923.83187,14989.60405,18862.10226,22860.78507,26779.74102,30750.27082	5919.53725,14495.90633,16993.76836,21006.27458,24915.88543,28892.18827,32826.02383,36787.23251	0.9293511169,-0.9259054866,0.9252157748,-0.9256352444,0.9253605012,-0.9255335295,0.925421552,-0.9254929186	-0.9557723868,-0.7941380671,-0.928289154,0.9255540667,-0.9254089977,0.9255012403,-0.9254417313,0.9254797807	ok
-1.10921844	-43.49699399	-45.04854543	0.8458286787	continued:5	1,-1,1,-1,1,-1,1,-1	-1,-1,-1,1,-1,1,-1,1	3077.782109,7315.877271,11064.63812,15140.77214,19014.15233,23021.50303,26943.2353,30921.03288	5915.444854,14496.01535,17009.29503,21043.76134,24946.77787,28936.19464,32870.05134,36840.19154	0.929837228,-0.9259557621,0.9252424993,-0.9256810612,0.9253903517,-0.9255754864,0.9254542061,-0.9255325469	-0.9557592419,-0.797249319,-0.9281047039,0.9256164267,-0.9254290572,0.9255493277,-0.9254706977,0.9255215244	ok
-1.10721443	-43.49699399	-45.30397575	0.8456614944	continued:5	1,1,-1,1,-1,1,-1,1	-1,-1,-1,1,-1,1,-1,1	75.90370787,3214.349997,7463.514426,11210.64538,15297.29375,19171.32189,23187.51661,27111.82024	5911.388275,14496.28311,17025.27681,21081.65599,24977.65518,28980.51339,32913.98564,36893.35983	0.9699218578,0.9644760861,-0.926006244,0.9252689244,-0.9257274287,0.9254197675,-0.9256178765,0.9254865057	-0.9557461044,-0.8004371356,-0.927929618,0.9256795329,-0.9254484945,0.9255981857,-0.9254990251,0.9255638179	ok
-1.10521042	-43.49699399	-45.54065651	0.8449532905	full	1,1,-1,1,-1,1,-1,1	-1,-1,-1,1,-1,1,-1,1	101.4768689,3177.530768,7436.036154,11182.83087,15279.38219,19154.38765,23179.26547,27106.16671	5907.367044,14496.70851,17041.7168,21119.94692,25008.51604,29025.13523,32957.80868,36946.72988	0.9589032989,0.9257520515,-0.9260535819,0.9252967105,-0.9257727764,0.9254496374,-0.9256603574,0.925518754	-0.9557329743,-0.8036997681,-0.9277638211,0.9257433577,-0.925467333,0.9256478272,-0.9255266975,0.9256066934	ok
-1.10320641	-43.49699399	-40.99482496	0.8578451396	continued:5	1,-1,1,-1,1,-1,1,-1	-1,-1,-1,1,-1,1,-1,1	1818.621232,6229.345088,9849.787252,14015.37641,17845.47719,21906.26089,25816.05883,29828.68829	5903.380706,14497.29056,17058.61819,21158.62216,25039.36006,29070.05053,33001.50298,37000.2939	0.9258423787,-0.9263801978,0.925198939,-0.9259177453,0.9254215235,-0.9257450501,0.9255241894,-0.9256706754	-0.9557198514,-0.8070353486,-0.9276072167,0.92580787,-0.925485599,0.9256982622,-0.9255537005,0.9256501826	ok
-1.10120240	-43.49699399	-42.00873223	0.8551795082	continued:5	1,-1,1,-1,1,-1,1,-1	-1,-1,-1,1,-1,1,-1,1	1990.842134,6301.38722,10018.28256,14149.63403,18014.67252,22064.28205,25990.78952,30001.92142	5899.42881,14498.02835,17075.9843,21197.66942,25070.18778,29115.24925,33045.05186,37054.04389	0.9279760266,-0.9262125653,0.9253206928,-0.9258890715,0.9254936704,-0.9257566487,0.9255754148,-0.9256975858	-0.955706735,-0.8104418807,-0.9274596892,0.9258730368,-0.925503321,0.9257494989,-0.9255800225,0.9256943177	ok
-1.09919840	-43.49699399	-42.62170430	0.8527205278	continued:5	1,-1,1,-1,1,-1,1,-1	-1,-1,-1,1,-1,1,-1,1	2130.858023,6430.995165,10164.22297,14297.25534,18169.21472,22224.03368,26155.36663,30172.54268	5895.510917,14498.92106,17093.81853,21237.076,25101.00075,29160.72104,33088.43945,37107.97156	0.9289946038,-0.9262228281,0.9253660434,-0.9259213161,0.9255309585,-0.9257938541,0.9256105685,-0.9257355585	-0.9556936253,-0.8139172282,-0.9273211058,0.9259388214,-0.9255205298,0.9258015422,-0.9256056541,0.9257391297	ok
-1.09719439	-43.49699399	-43.09826093	0.8505959160	continued:5	-1,1,-1,1,-1,1,-1,1	-1,-1,-1,1,-1,1,-1,1	2277.170572,6583.779668,10318.59488,14460.75524,18333.76771,22397.39183,26330.85144,30355.84319	5891.626594,14499.96794,17112.12437,21276.82879,25131.80148,29206.45526,33131.65094,37162.06842	-0.919453505,0.9262657041,-0.9253954616,0.9259661527,-0.9255605345,0.9258365752,-0.9256420286,0.9257763518	-0.9556805219,-0.8174591062,-0.9271913195,0.9260051844,-0.9255372583,0.9258543947,-0.9256305891,0.9257846496	ok
-1.09519038	-43.49699399	-43.50454645	0.8484713042	continued:5	1,-1,1,-1,1,-1,1,-1	-1,-1,-1,1,-1,1,-1,1	2395.791807,6712.532743,10445.59687,14598.65424,18471.19393,22544.60752,26479.36032,30512.74568	5887.775419,14501.16833,17130.90538,21316.91425,25162.59353,29252.44104,33174.67263,37216.32576	0.9287307262,-0.9263156882,0.925421302,-0.9260142649,0.9255880001,-0.9258813819,0.9256723131,-0.9258180475	-0.9556674246,-0.8210650727,-0.9270701714,0.926072083,-0.9255535416,0.9259080558,-0.9256548238,0.9258309068	ok
-1.09318637	-43.49699399	-43.87127532	0.8468877121	continued:5	-1,1,-1,1,-1,1,-1,1	-1,-1,-1,1,-1,1,-1,1	2543.5016,6871.329911,10601.63603,14766.16717,18637.61907,22721.25369,26656.85571,30698.96441	5883.956975,14502.52168,17150.16514,21357.31833,25193.38149,29298.6673,33217.49213,37270.73474	-0.9205425693,0.9263676283,-0.9254459785,0.9260634416,-0.9256144836,0.925926641,-0.9257018019,0.9258603765	-0.9556543331,-0.824732515,-0.9269574936,0.9261394716,-0.9255694164,0.9259625216,-0.925678358,0.92587793	ok
-1.09118236	-43.49699399	-44.20762878	0.8453041200	continued:5	1,-1,1,-1,1,-1,1,-1	-1,-1,-1,1,-1,1,-1,1	2655.824215,6994.919193,10722.1359,14898.36814,18768.38448,22862.5099,26798.62805,30849.7216	5880.170854,14504.02748,17169.90731,21398.02647,25224.17103,29345.12288,33260.09851,37325.28643	0.9279527871,-0.9264201594,0.9254702016,-0.9261134936,0.9256406292,-0.9259729887,0.9257307273,-0.9259032482	-0.9556412473,-0.8284586444,-0.9268531129,0.9262073011,-0.9255849221,0.9260177847,-0.9257011947,0.9259257461	ok
-1.08917836	-43.49699399	-44.52357087	0.8442615475	continued:5	1,-1,1,-1,1,-1,1,-1	-1,-1,-1,1,-1,1,-1,1	2798.665996,7149.271664,10873.00141,15061.19886,18929.39117,23034.30597,26970.57467,31030.94116	5876.416655,14505.68531,17190.13555,21439.02357,25254.96894,29391.79658,33302.48244,37379.97188	0.9423386512,-0.926473477,0.9254939131,-0.9261641347,0.9256662112,-0.926019612,0.92575907,-0.9259464913	-0.955628167,-0.8322404836,-0.9267568541,0.9262755188,-0.9256000984,0.9260738345,-0.92572334,0.9259743802	ok
-1.08717435	-43.49699399	-44.81898722	0.8435533436	continued:5	-1,1,-1,1,-1,1,-1,1	-1,-1,-1,1,-1,1,-1,1	2945.692012,7307.695941,11027.86575,15228.1225,19094.23489,23210.15646,27146.26212,31216.15896	5872.693987,14507.49486,17210.85351,21480.29392,25285.78315,29438.67728,33344.63637,37434.7822	-0.9227833326,0.9265267152,-0.9255173719,0.9262150149,-0.9256912484,0.9260670687,-0.9257868933,0.9259906374	-0.9556150919,-0.8360748579,-0.926668545,0.9263440686,-0.925614988,0.9261306569,-0.9257448035,0.9260238558	ok
-1.08517034	-43.49699399	-45.09475020	0.8428451396	continued:5	1,-1,1,-1,1,-1,1,-1	-1,-1,-1,1,-1,1,-1,1	3050.698969,7424.272021,11140.54071,15353.09095,19216.7411,23343.96894,27279.52229,31359.26297	5869.002462,14509.45585,17232.06484,21521.82119,25316.62273,29485.75403,33386.55464,37489.70873	0.9287953054,-0.9265805785,0.9255404389,-0.9262665445,0.9257157995,-0.926115113,0.9258140953,-0.9260351543	-0.9556020219,-0.8399583876,-0.9265880212,0.9264128915,-0.9256296338,0.9261882335,-0.9257655984,0.9260741931	ok
-1.08316633	-43.49699399	-45.35420301	0.8426779554	continued:5	1,1,-1,1,-1,1,-1,1	-1,-1,-1,1,-1,1,-1,1	68.90554808,3189.748326,7574.951176,11287.0741,15512.10174,19372.94055,23511.75518,27446.36913	5865.341703,14511.5681,17253.77317,21563.5884,25347.498,29533.01613,33428.23369,37544.74306	0.9690064415,0.9398609082,-0.9266349771,0.9255631719,-0.9263188857,0.9257398168,-0.9261638013,0.9258406696	-0.9555889568,-0.8438874782,-0.926515133,0.9264819241,-0.9256440804,0.9262465427,-0.9257857413,0.9261254106	ok
-1.08116232	-43.49699399	-45.59397925	0.8423041200	full	1,1,-1,1,-1,1,-1,1	-1,-1,-1,1,-1,1,-1,1	100.9884912,3199.966519,7596.552385,11304.58511,15542.11686,19399.92668,23550.52654,27483.87215	5861.711338,14513.83151,17275.98206,21605.57788,25378.4205,29580.45331,33469.67215,37599.87725	0.9592174269,0.9271372434,-0.9266887974,0.9255858743,-0.9263714578,0.9257634657,-0.9262129338,0.9258666726	-0.9555758963,-0.8478583134,-0.926449754,0.9265510993,-0.9256583732,0.9263055592,-0.9258052525,0.9261775236	ok
-1.07915832	-43.49699399	-40.88508895	0.8552928497	continued:5	1,-1,1,-1,1,-1,1,-1	-1,-1,-1,1,-1,1,-1,1	1783.938274,6360.945879,9889.07336,14218.33188,17999.01754,22206.71963,26099.24947,30237.04246	5858.111001,14516.24606,17298.695,21647.77121,25409.40304,29628.05583,33510.87105,37655.10394	0.9260784164,-0.9271193739,0.9254457842,-0.9265799992,0.925694881,-0.9263447565,0.9258373828,-0.9262191346	-0.9555628403,-0.8518668474,-0.9263917921,0.926620347,-0.9256725585,0.9263652532,-0.9258241549,0.926230544	ok
-1.07715431	-43.49699399	-41.97911170	0.8524995008	continued:5	1,-1,1,-1,1,-1,1,-1	-1,-1,-1,1,-1,1,-1,1	1962.611145,6415.872833,10080.56999,14361.12279,18195.55706,22380.88284,26301.4653,30429.96112	5854.540333,14518.81179,17321.91539,21690.14923,25440.45976,29675.81458,33551.83389,37710.41653	0.927513737,-0.926870984,0.9255952127,-0.9265125388,0.9257879306,-0.9263324589,0.9259036248,-0.9262315884	-0.9555497888,-0.8559087979,-0.9263412048,0.9266895924,-0.9256866826,0.926425592,-0.9258424753,0.9262844809	ok
-1.07515030	-43.49699399	-42.61700040	0.8500405205	continued:5	1,-1,1,-1,1,-1,1,-1	-1,-1,-1,1,-1,1,-1,1	2109.837313,6549.2652,10234.97978,14515.55544,18357.89599,22548.29189,26472.89451,30608.33959	5850.998984,14521.52881,17345.64652,21732.692,25471.60612,29723.72126,33592.56678,37765.80934	0.9301265318,-0.926870832,0.9256434233,-0.9265417752,0.925825305,-0.9263706286,0.9259368513,-0.9262719708	-0.9555367413,-0.8599796424,-0.926298022,0.9267587572,-0.9257007931,0.9264865385,-0.9258602433,0.9263393393	ok
-1.07314629	-43.49699399	-43.10734399	0.8477092576	continued:5	1,-1,1,-1,1,-1,1,-1	-1,-1,-1,1,-1,1,-1,1	2241.772228,6687.294741,10373.5585,14664.46641,18504.97153,22706.63851,26629.68756,30776.00563	5847.486608,14524.39732,17369.89153,21775.37874,25502.85897,29771.76851,33633.07859,37821.2778	0.9291189285,-0.9269143589,0.9256707734,-0.9265912895,0.9258501222,-0.926419882,0.9259621052,-0.9263195124	-0.9555236979,-0.8640746125,-0.9262623806,0.9268277597,-0.9257149366,0.9265480524,-0.9258774913,0.926395121	ok
-1.07114228	-43.49699399	-43.52556126	0.8457912969	continued:5	-1,1,-1,1,-1,1,-1,1	-1,-1,-1,1,-1,1,-1,1	2388.651091,6844.702145,10526.78482,14830.51674,18666.62951,22881.26013,26801.05181,30959.49722	5844.002863,14527.4176,17394.65343,21818.18788,25534.23657,29819.95003,33673.38101,37876.81864	-0.9186840584,0.926967674,-0.9256930484,0.9266458826,-0.9258715518,0.9264725777,-0.9259850309,0.9263693751	-0.9555106583,-0.8681886921,-0.9262345763,0.9268965135,-0.9257291605,0.92661009,-0.9258942544,0.926451824	ok
-1.06913828	-43.49699399	-43.89864011	0.8440010536	continued:5	-1,1,-1,1,-1,1,-1,1	-1,-1,-1,1,-1,1,-1,1	2517.270671,6984.882229,10661.5095,14978.7759,18809.58139,23037.8216,26953.54824,31124.75366	5840.547418,14530.58998,17419.93502,21861.09696,25565.75859,29868.26069,33713.48865,37932.43006	-0.900609487,0.927023506,-0.925714074,0.9267024258,-0.9258917418,0.9265269843,-0.9260064835,0.9264206771	-0.9554976225,-0.8723166152,-0.9262151521,0.926964929,-0.9257435114,0.9266726038,-0.9259105698,0.9265094419	ok
-1.06713427	-43.49699399	-44.24227987	0.8426241126	continued:5	-1,1,-1,1,-1,1,-1,1	-1,-1,-1,1,-1,1,-1,1	2660.018963,7139.389463,10810.142,15141.2098,18966.20072,23208.43458,27119.50068,31303.95159	5837.119944,14533.91489,17445.73891,21904.08267,25597.44617,29916.6967,33753.4191,37988.11195	-0.9227017328,0.9270801291,-0.9257345633,0.9267596293,-0.9259113975,0.926582482,-0.9260269455,0.9264733979	-0.9554845902,-0.8764528659,-0.9262050525,0.9270329121,-0.9257580361,0.9267355437,-0.9259264774,0.926567965	ok
-1.06513026	-43.49699399	-44.56160562	0.8413748890	continued:5	-1,1,-1,1,-1,1,-1,1	-1,-1,-1,1,-1,1,-1,1	2779.325018,7270.731805,10935.0962,15280.27558,19098.88669,23355.53272,27261.29243,31459.50801	5833.720118,14537.39283,17472.06747,21947.12083,25629.3219,29965.25569,33793.193,38043.86604	-0.8055918848,0.927137515,-0.9257544903,0.9268181196,-0.92593007,0.9266390686,-0.9260466768,0.9265271784	-0.9554715613,-0.8805916821,-0.9262059058,0.9271003658,-0.9257727802,0.9267988559,-0.925942018,0.9266273791	ok
-1.06312625	-43.49699399	-44.86180773	0.8405389677	continued:5	-1,1,-1,1,-1,1,-1,1	-1,-1,-1,1,-1,1,-1,1	2912.650503,7416.065952,11073.84696,15433.28327,19245.0988,23516.47771,27416.3569,31628.80696	5830.347626,14541.02435,17498.92284,21990.18639,25661.40988,30013.93681,33832.83405,38099.69609	-0.9082625328,0.9271950825,-0.9257741708,0.9268770858,-0.92594835,0.926696674,-0.9260651785,0.9265821665	-0.9554585357,-0.884727058,-0.9262205947,0.9271671885,-0.925787789,0.9268624844,-0.9259572346,0.9266876668	ok
-1.06112224	-43.49699399	-45.14268058	0.8400374149	continued:5	-1,1,-1,1,-1,1,-1,1	-1,-1,-1,1,-1,1,-1,1	3049.415354,7564.862331,11215.81124,15589.67537,19394.24473,23680.69569,27574.08369,31801.26097	5827.002155,14544.81011,17526.30685,22033.25342,25693.73564,30062.74077,33872.36907,38155.60802	-0.9207683488,0.9272528155,-0.9257935431,0.926936717,-0.9259658061,0.9267553085,-0.9260829705,0.9266384598	-0.9554455132,-0.8888527513,-0.9262545136,0.9272332757,-0.9258031072,0.9269263702,-0.9259721709,0.9267488062	ok
-1.05911824	-43.49699399	-45.40398530	0.8396635795	continued:5	1,1,-1,1,-1,1,-1,1	-1,-1,-1,1,-1,1,-1,1	61.80591267,3160.710429,7688.254201,11332.06789,15720.5534,19517.38978,23819.2709,27705.51778	5823.683399,14548.75083,17554.22107,22076.29513,25726.32624,30111.66993,33911.82799,38211.61008	0.9679033715,0.9301265512,-0.9273112819,0.925812393,-0.926997255,0.9259825782,-0.9268148905,0.9260999928	-0.9554324938,-0.8929622921,-0.926318734,0.9272985191,-0.9258187786,0.9269904516,-0.9259868718,0.9268107717	ok
-1.05711423	-43.49699399	-45.64700745	0.8394963952	full	1,1,-1,1,-1,1,-1,1	-1,-1,-1,1,-1,1,-1,1	97.42217975,3201.390364,7741.122305,11377.46145,15780.77796,19569.3646,23887.04735,27765.46854	5820.39106,14552.8473,17582.6667,22119.28392,25759.21017,30160.72825,33951.2438,38267.71291	0.9613430228,0.9397879089,-0.9273701029,0.9258313835,-0.9270585612,0.9259988078,-0.9268759498,0.9261158425	-0.9554194772,-0.8970489939,-0.9264395953,0.9273628072,-0.9258348463,0.9270546651,-0.9260013829,0.9268735343	ok
-1.05511022	-43.49699399	-40.79294706	0.8528190037	continued:5	1,-1,1,-1,1,-1,1,-1	-1,-1,-1,1,-1,1,-1,1	1760.513022,6511.182526,9898.484688,14410.30474,18085.37687,22479.79128,26285.58066,30603.00495	5817.12484,14557.10042,17611.64464,22162.19135,25792.41739,30209.9213,33990.65261,38323.92968	0.9264524063,-0.9279289304,0.9256525182,-0.9273341495,0.9258965184,-0.9270681228,0.9260465637,-0.926903837	-0.9554064633,-0.901105968,-0.9266977482,0.9274260254,-0.9258513534,0.9271189438,-0.92601575,0.9269370605	ok
-1.05310621	-43.49699399	-41.95902502	0.8500256548	continued:5	1,-1,1,-1,1,-1,1,-1	-1,-1,-1,1,-1,1,-1,1	1956.495619,6559.131828,10133.80699,14588.86957,18335.39645,22700.35435,26545.5266,30847.52445	5813.884449,14561.51112,17641.15538,22204.98824,25825.97924,30259.25617,34030.09358,38380.27609	0.9386851856,-0.9275829337,0.9258255932,-0.9272325345,0.9260012828,-0.9270328263,0.9261239566,-0.9269002985	-0.9553934522,-0.9051261411,-0.9275127192,0.9274880566,-0.9258683422,0.927183219,-0.9260300193,0.927001314	ok
-1.05110220	-43.49699399	-42.61594756	0.8473600234	continued:5	1,-1,1,-1,1,-1,1,-1	-1,-1,1,-1,1,-1,1,-1	2091.055495,6676.172648,10278.04093,14731.86925,18487.08336,22857.70038,26704.74977,31016.04449	5810.669603,14566.08046,17671.19906,22247.64465,25859.92846,30308.74132,34069.60889,38436.77042	0.932107009,-0.9275700113,0.9258758607,-0.927258897,0.9260374989,-0.9270735569,0.926152779,-0.9269476667	-0.9553804435,-0.9091022736,0.8936731474,-0.9275487807,0.9258858547,-0.9272474194,0.9260442375,-0.9270662539	ok
-1.04909820	-43.49699399	-43.11928587	0.8451076941	continued:5	-1,1,-1,1,-1,1,-1,1	-1,-1,1,-1,1,-1,1,-1	2237.116857,6827.968241,10429.10728,14894.65374,18643.84598,23029.05172,26868.19074,31195.51345	5807.48002,14570.80955,17701.77539,22290.13003,25894.29909,30358.38642,34109.24374,38493.4335	-0.9201434584,0.9276142892,-0.9259009105,0.9273147931,-0.9260565492,0.9271340201,-0.9261685675,0.92700938	-0.9553674372,-0.9130269863,0.9244666164,-0.9276080764,0.9259039339,-0.9273114703,0.9260584511,-0.9271318361	ok
-1.04709419	-43.49699399	-43.54518376	0.8429830823	continued:5	-1,1,-1,1,-1,1,-1,1	-1,-1,1,-1,1,-1,1,-1	2366.560198,6968.23947,10562.31231,15042.65018,18782.03285,23184.16021,27012.49806,31357.85337	5804.315424,14575.69958,17732.88365,22332.41316,25929.12642,30408.2021,34149.04634,38550.28865	-0.9139498331,0.927671225,-0.92592006,0.9273782931,-0.9260710575,0.9271998732,-0.9261802988,0.9270761156	-0.9553544332,-0.9168927825,0.9251861523,-0.9276658197,0.9259226227,-0.9273752947,0.9260727068,-0.9271980122	ok
-1.04509018	-43.49699399	-43.92634759	0.8411928391	continued:5	-1,1,-1,1,-1,1,-1,1	-1,-1,1,-1,1,-1,1,-1	2500.517223,7114.207933,10699.52544,15195.48501,18923.75543,23343.60164,27159.85085,31524.12324	5801.175544,14580.75185,17764.52269,22374.46234,25964.44692,30458.19958,34189.06784,38607.36161	-0.9179702837,0.92773133,-0.9259374918,0.927444065,-0.9260839297,0.9272681326,-0.926190887,0.9271448994	-0.9553414314,-0.9206920817,0.9254416675,-0.9277218856,0.9259419651,-0.9274388107,0.9260870524,-0.9272647294	ok
-1.04308617	-43.49699399	-44.27619805	0.8397369644	continued:5	-1,1,-1,1,-1,1,-1,1	-1,-1,1,-1,1,-1,1,-1	2638.087415,7264.085943,10840.01876,15351.91229,19068.3397,23506.34048,27309.5772,31693.38177	5798.060113,14585.96772,17796.69089,22416.24541,26000.29813,30508.39034,34229.36244,38664.68039	-0.9221543913,0.9277922969,-0.9259545373,0.9275109283,-0.9260963474,0.9273380046,-0.9262001137,0.9272161076	-0.9553284317,-0.9244172481,0.9255794039,-0.9277761487,0.9259620067,-0.9275019327,0.9261015361,-0.9273319302	ok
-1.04108216	-43.49699399	-44.60126101	0.8384877408	continued:5	-1,1,-1,1,-1,1,-1,1	-1,-1,1,-1,1,-1,1,-1	2761.299314,7399.836113,10965.82267,15493.91904,19197.80178,23654.35823,27443.66695,31847.5899	5206.891528,13952.84374,17135.7434,21770.5169,25341.30692,29867.19023,33573.75872,38028.75085	-0.9070912795,0.9278543677,-0.9259709262,0.9275789451,-0.9261079103,0.9274094177,-0.9262084345,0.9272892743	-0.9553081222,-0.9096836464,0.9254929213,-0.927844915,0.9259754163,-0.9275737881,0.9261110537,-0.9274058202	ok
-1.03907816	-43.49699399	-44.90596372	0.8375728857	continued:5	1,-1,1,-1,1,-1,1,-1	-1,-1,1,-1,1,-1,1,-1	2886.920767,7537.996755,11093.75694,15638.18626,19328.97487,23804.38197,27578.94364,32003.48336	5205.221601,13960.28346,17171.29404,21815.58242,25380.11627,29920.55115,33616.2638,38088.84418	0.938546791,-0.9279169013,0.9259874514,-0.9276480097,0.9261190809,-0.9274821852,0.9262160182,-0.9273641564	-0.9552952367,-0.914124735,0.9256326607,-0.9278993945,0.9259951439,-0.9276383142,0.9261246476,-0.9274755258	ok
-1.03707415	-43.49699399	-45.19114411	0.8370713329	continued:5	-1,1,-1,1,-1,1,-1,1	-1,-1,1,-1,1,-1,1,-1	3026.587181,7690.247063,11235.4412,15796.35334,19473.45924,23968.01791,27726.98056,32172.62855	5203.56618,13967.86981,17207.35515,21860.25809,25419.52509,29974.09955,33659.13761,38149.20737	-0.9170962435,0.9279795656,-0.9260032547,0.9277177557,-0.9261300251,0.9275563465,-0.9262224859,0.9274410858	-0.9552823509,-0.9184676627,0.9257247114,-0.9279517092,0.9260157082,-0.9277022324,0.9261385151,-0.9275455832	ok
-1.03507014	-43.49699399	-45.45574554	0.8366974975	continued:5	1,1,-1,1,-1,1,-1,1	-1,-1,1,-1,1,-1,1,-1	56.77838611,3139.437836,7815.687073,11350.01856,15927.53561,19590.39129,24104.37171,27846.89534	5201.925131,13975.60487,17243.92391,21904.50977,25459.57754,30027.85045,33702.44919,38209.88101	0.9669765624,0.9301478213,-0.9280429066,0.9260191037,-0.9277884035,0.9261403986,-0.9276316171,0.9262285893	-0.9552694648,-0.9227035754,0.9257945541,-0.9280017246,0.9260371599,-0.9277654383,0.9261527057,-0.9276159168	ok
-1.03306613	-43.49699399	-45.70116776	0.8365303132	full	1,1,-1,1,-1,1,-1,1	-1,-1,1,-1,1,-1,1,-1	91.69467078,3180.802937,7869.789239,11392.76876,15987.08785,19635.01721,24168.7291,27893.89902	5200.298324,13983.49082,17280.99692,21948.30325,25500.31832,30081.81685,33746.27088,38270.90747	0.9648992854,0.9367989113,-0.9281068025,0.9260347361,-0.9278603429,0.9261502496,-0.9277085803,0.9262339032	-0.9552565782,-0.9268236825,0.9258529858,-0.9280493081,0.9260595544,-0.9278278191,0.9261672717,-0.9276864438	ok
-1.03106212	-43.49699399	-40.63276323	0.8502055458	continued:5	1,-1,1,-1,1,-1,1,-1	-1,-1,1,-1,1,-1,1,-1	1705.626546,6651.729555,9819.408999,14517.88991,18033.62915,22642.99428,26277.86599,30830.24227	5198.685629,13991.52992,17318.57025,21991.60439,25541.79248,30136.00879,33790.6786,38332.33056	0.9266264395,-0.9288617452,0.9255619868,-0.928162039,0.926053732,-0.9279279335,0.9261620124,-0.9277835999	-0.9552436912,-0.9308193139,0.9259053441,-0.9280943291,0.9260829514,-0.9278892505,0.9261822688,-0.9277570722	ok
-1.02905812	-43.49699399	-41.92146278	0.8474121969	continued:5	1,-1,1,-1,1,-1,1,-1	-1,-1,1,-1,1,-1,1,-1	1930.433444,6690.674044,10126.43206,14778.87839,18362.78738,22952.97554,26619.59729,31166.24093	5197.086918,13999.72451,17356.63945,22034.3792,25584.0452,30190.43241,33835.75209,38394.19521	0.9321630727,-0.9283608808,0.9260156393,-0.9280696449,0.9261380559,-0.9279081018,0.9262198401,-0.927797987	-0.9552308037,-0.9346819786,0.9259545579,-0.9281366607,0.9261074161,-0.927949595,0.9261977572,-0.9278276995	ok
-1.02705411	-43.49699399	-42.60587194	0.8447465654	continued:5	1,-1,1,-1,1,-1,1,-1	-1,-1,1,-1,1,-1,1,-1	2073.029029,6810.601084,10283.19265,14934.24017,18526.18802,23124.28681,26787.21272,31347.61414	5195.502064,14008.07703,17395.19952,22076.59404,25627.12156,30245.08888,33881.57527,38456.547	0.9445796961,-0.9283285924,0.9260685282,-0.9280953149,0.9261705158,-0.9279573082,0.9262407672,-0.927861278	-0.9552179158,-0.9384034268,0.9260023607,-0.9281761796,0.9261330207,-0.9280087001,0.926213803,-0.9278982099	ok
-1.02505010	-43.49699399	-43.12353342	0.8422875851	continued:5	1,-1,1,-1,1,-1,1,-1	-1,-1,1,-1,1,-1,1,-1	2204.0823,6946.715383,10417.42158,15081.40401,18661.83723,23277.56259,26923.61598,31505.1629	5193.930943,14016.59001,17434.24497,22118.21567,25671.06625,30299.97322,33928.23662,38519.43173	0.9335717453,-0.9283729954,0.9260917882,-0.9281589926,0.9261844929,-0.9280317767,0.9262484845,-0.9279437622	-0.9552050272,-0.9419757115,0.9260498399,-0.9282127674,0.9261598447,-0.9280663942,0.92623048,-0.9279684723	ok
-1.02304609	-43.49699399	-43.56135927	0.8401629733	continued:5	1,-1,1,-1,1,-1,1,-1	-1,-1,1,-1,1,-1,1,-1	2339.980044,7093.691898,10553.82905,15234.13404,18798.01815,23433.76877,27059.18302,31663.77386	5192.373432,14025.26608,17473.76982,22159.21142,25715.92328,30355.07315,33975.82955,38582.89478	0.9415805435,-0.9284339522,0.9261082014,-0.928232483,0.9261944107,-0.9281133546,0.9262525301,-0.9280318091	-0.955192138,-0.9453912532,0.9260977093,-0.9282463108,0.9261879768,-0.9281224855,0.926247872,-0.9280383359	ok
-1.02104208	-43.49699399	-43.95120954	0.8383727300	continued:5	-1,1,-1,1,-1,1,-1,1	-1,-1,1,-1,1,-1,1,-1	2479.90213,7246.097756,10693.36754,15390.83147,18936.53697,23592.94175,27196.24236,31824.40565	5190.82941,14034.10797,17513.76762,22199.54927,25761.73561,30410.3678,34024.45289,38646.98037	-0.9171939443,0.9284990409,-0.9261227012,0.9283085329,-0.9262027159,0.9281973286,-0.9262555887,0.9281224818	-0.9551792481,-0.9486429049,0.9261464563,-0.9282767033,0.9262175159,-0.9281767585,0.9262660734,-0.9281076284	ok
-1.01903808	-43.49699399	-44.30767596	0.8367891379	continued:5	1,-1,1,-1,1,-1,1,-1	-1,-1,1,-1,1,-1,1,-1	2605.906576,7385.000424,10818.47825,15533.37509,19060.0218,23737.29884,27317.53982,31969.45427	5189.298756,14043.11851,17554.23153,22239.19796,25808.54479,30465.82648,34074.21127,38711.7305	0.9575639043,-0.9285658106,0.9261366558,-0.9283858879,0.9262111304,-0.9282829975,0.9262584236,-0.9282144848	-0.9551663576,-0.9517240158,0.9261964249,-0.9283038455,0.9262485738,-0.9282289711,0.926285193,-0.9281761492	ok
-1.01703407	-43.49699399	-44.63932109	0.8355399143	continued:5	1,-1,1,-1,1,-1,1,-1	-1,-1,1,-1,1,-1,1,-1	2733.6569,7525.751964,10944.94944,15677.36871,19184.32288,23882.53904,27438.96997,32114.66274	5187.781354,14052.30064,17595.15428,22278.12705,25856.39051,30521.40736,34125.2155,38777.18363	0.9346917205,-0.9286331384,0.9261505003,-0.9284641529,0.9262188525,-0.9283693973,0.9262613307,-0.9283077993	-0.9551534663,-0.9546284919,0.926247865,-0.9283276455,0.9262812761,-0.9282788525,0.9263053564,-0.9282436653	ok
-1.01503006	-43.49699399	-44.94921300	0.8346250593	continued:5	1,-1,1,-1,1,-1,1,-1	-1,-1,1,-1,1,-1,1,-1	2862.921383,7668.088378,11072.55875,15822.5549,19309.22148,24028.39164,27560.32772,32259.74325	5186.277086,14061.65743,17636.52828,22316.30699,25905.3101,30577.05619,34177.5828,38843.37287	0.9324375987,-0.9287009445,0.9261634991,-0.9285431782,0.9262269147,-0.9284567952,0.9262644908,-0.9284020154	-0.9551405743,-0.9573508572,0.9263009633,-0.9283480203,0.9263157646,-0.9283261012,0.9263267088,-0.9283099049	ok
-1.01302605	-43.49699399	-45.23841911	0.8341235064	continued:5	-1,1,-1,1,-1,1,-1,1	-1,-1,1,-1,1,-1,1,-1	3005.69041,7824.024293,11213.27381,15980.89936,19446.67851,24186.78386,27693.58246,32416.59562	5184.785837,14071.19202,17678.34564,22353.7092,25955.33798,30632.70515,34231.43693,38910.32354	-0.911334194,0.9287695747,-0.9261765572,0.9286231056,-0.9262346752,0.928544794,-0.9262675632,0.9284968226	-0.9551276815,-0.9598863091,0.9263558628,-0.9283648961,0.9263521994,-0.9283703832,0.9263494197,-0.928374548	ok
-1.01102204	-43.49699399	-45.50603963	0.8337496710	continued:5	1,1,-1,1,-1,1,-1,1	-1,-1,1,-1,1,-1,1,-1	51.65716418,3120.233339,7951.697019,11325.42931,16110.65337,19555.06247,24316.00068,27797.13991	5183.307494,14080.90771,17720.59822,22390.306,26006.50507,30688.27165,34286.90806,38978.05005	0.9659321993,0.9308051095,-0.928838182,0.926188891,-0.9287032788,0.9262423119,-0.9286334673,0.9262709194	-0.9551147878,-0.9622307707,0.9264126761,-0.9283782091,0.9263907607,-0.9284113307,0.9263736867,-0.9284372184	ok
-1.00901804	-43.49699399	-45.75359176	0.8335824868	full	1,1,-1,1,-1,1,-1,1	-1,-1,1,-1,1,-1,1,-1	85.66976737,3162.359072,8007.120259,11364.71426,16167.58759,19590.01776,24371.70097,27826.64007	5181.841944,14090.80791,17763.27767,22426.07073,26058.83815,30743.65731,34344.13231,39046.55173	0.9688258069,0.9391702329,-0.9289080153,0.9262004132,-0.9287845647,0.9262494844,-0.9287229633,0.9262745105	-0.9551018933,-0.9643809378,0.9264714934,-0.9283879057,0.9264316502,-0.9284485422,0.9263997417,-0.9284974715	ok
-1.00701403	-43.49699399	-40.50388217	0.8475228522	continued:5	1,-1,-1,1,-1,1,-1,1	-1,-1,1,-1,1,-1,1,-1	1651.145954,6797.116097,9680.546498,14517.82932,17891.54697,22702.35384,26117.4004,30914.43398	5180.389076,14100.89615,17806.37555,22460.97759,26112.35908,30798.74713,34403.25087,39115.80753	0.9269740217,-0.9298858092,-0.9271684648,0.9289160297,-0.9262367839,0.9288377025,-0.9262681917,0.9287971585	-0.9550889978,-0.9663343188,0.9265323887,-0.9283939434,0.9264750932,-0.9284815837,0.9264278573,-0.9285547805	ok
-1.00501002	-43.49699399	-41.90270234	0.8447295033	continued:5	1,-1,1,-1,1,-1,1,-1	-1,-1,1,-1,1,-1,1,-1	1906.386363,6830.103938,10070.57279,14927.11571,18274.87977,23106.37165,26493.77491,31313.03997	5178.948781,14111.17612,17849.8833,22495.00168,26167.08407,30853.40871,34464.40853,39185.76941	0.9301501163,-0.9292085074,0.9261286711,-0.9290037867,0.9262407243,-0.9289286555,0.9262711009,-0.9288923125	-0.9550761014,-0.968089269,0.926595424,-0.9283962915,0.9265213381,-0.9285099906,0.9264583553,-0.9286085213	ok
-1.00300601	-43.49699399	-42.60937708	0.8420638718	continued:5	1,-1,1,-1,1,-1,1,-1	-1,-1,1,-1,1,-1,1,-1	2056.843311,6953.296697,10241.24771,15101.23689,18447.81955,23292.60941,26663.49699,31500.95815	5177.520951,14121.6516,17893.7924,22528.11886,26223.02287,30907.49184,34527.75156,39256.35414	0.9704221069,-0.9291554108,0.9262118141,-0.9290443683,0.9262636669,-0.9289983832,0.9262824032,-0.9289764725	-0.955063204,-0.969645017,0.9266606524,-0.9283949311,0.9265706572,-0.9285332722,0.9264916174,-0.9286579545	ok
-1.00100200	-43.49699399	-43.13905896	0.8396048915	continued:5	-1,1,-1,1,-1,1,-1,1	-1,-1,1,-1,1,-1,1,-1	2193.920093,7094.932503,10379.29367,15253.21844,18581.59128,23444.51849,26790.69304,31648.60616	5176.10548,14132.32656,17938.09436,22560.30564,26280.17792,30960.82818,34593.42472,39327.4336	-0.905162199,0.9291999714,-0.9262320079,0.9291168937,-0.9262727454,0.9290833889,-0.9262871465,0.9290681928	-0.9550503057,-0.9710016824,0.9267281191,-0.9283898556,0.9266233469,-0.9285509157,0.9265280961,-0.9287022068	ok
-0.99899800	-43.49699399	-43.58490937	0.8373525623	continued:5	1,-1,1,-1,1,-1,1,-1	-1,-1,1,-1,1,-1,1,-1	2320.218005,7232.603539,10502.07717,15392.4627,18698.0821,23580.07462,26899.44677,31777.88964	5174.702262,14143.20508,17982.78083,22591.53908,26338.54351,31013.23128,34661.56708,39398.82331	0.936513803,-0.9292655366,0.9262394609,-0.9291975268,0.9262766227,-0.929171752,0.9262888604,-0.9291608627	-0.9550374063,-0.972160286,0.9267978645,-0.928381071,0.9266797249,-0.9285623958,0.9265683306,-0.9287402516	ok
-0.99699399	-43.49699399	-43.98216386	0.8355623190	continued:5	-1,1,-1,1,-1,1,-1,1	-1,-1,1,-1,1,-1,1,-1	2465.637581,7390.999024,10642.60705,15549.91062,18831.51759,23732.45866,27024.61581,31923.09592	5173.311193,14154.29143,18027.84368,22621.79655,26398.10491,31064.49681,34732.3068,39470.26966	-0.9207154451,0.9293365789,-0.9262408767,0.9292800828,-0.9262765742,0.9292603335,-0.9262873442,0.9292527238	-0.9550245058,-0.9731227502,0.926869924,-0.9283685967,0.9267401305,-0.9285671819,0.9266129607,-0.9287708927	ok
-0.99498998	-43.49699399	-44.34427829	0.8339787269	continued:5	-1,1,-1,1,-1,1,-1,1	-1,-1,1,-1,1,-1,1,-1	2595.980419,7534.807435,10767.3563,15691.56377,18948.66484,23868.18726,27133.14626,32051.03442	5171.932171,14165.59,18073.27501,22651.05558,26458.8376,31114.40302,34805.75425,39541.43594	-0.9188262884,0.9294095987,-0.9262363107,0.9293635205,-0.9262720187,0.929348799,-0.9262817335,0.9293436427	-0.9550116042,-0.9738918911,0.9269443293,-0.928352465,0.9268049209,-0.928564751,0.9266627446,-0.9287927517	ok
-0.99298597	-43.49699399	-44.68025018	0.8327295033	continued:5	-1,1,-1,1,-1,1,-1,1	-1,-1,1,-1,1,-1,1,-1	2727.369633,7679.799346,10892.66636,15833.6019,19065.97787,24003.61969,27241.58098,32178.20493	5170.565093,14177.10537,18119.06729,22679.29363,26520.70649,31162.71142,34881.99378,39611.88796	-0.9179015512,0.9294833867,-0.9262233405,0.9294468209,-0.9262599225,0.9294363087,-0.9262688667,0.9294329573	-0.9549987015,-0.9744714014,0.9270211088,-0.9283327224,0.9268744683,-0.9285546004,0.926718574,-0.9288042663	ok
-0.99098196	-43.49699399	-44.99338312	0.8316869308	continued:5	1,-1,1,-1,1,-1,1,-1	-1,-1,1,-1,1,-1,1,-1	2840.683324,7806.7329,10999.49565,15956.91457,19164.47664,24119.73081,27331.00193,32285.67654	5169.20986,14188.84229,18165.21337,22706.48785,26583.66534,31209.16758,34961.07364,39681.07997	0.9311692349,-0.9295575675,0.9261973775,-0.9295299375,0.9262356885,-0.9295229912,0.9262439758,-0.9295211325	-0.9549857976,-0.9748658251,0.9271002885,-0.9283094287,0.9269491565,-0.9285362643,0.9267814878,-0.9288037024	ok
-0.98897796	-43.49699399	-45.28626802	0.8311853780	continued:5	-1,1,-1,1,-1,1,-1,1	-1,-1,1,-1,1,-1,1,-1	2986.504533,7966.364401,11138.29833,16111.96039,19294.62731,24266.96967,27451.92155,32423.96673	5167.866373,14200.80567,18211.70657,22732.61476,26647.65619,31253.50199,35042.99445,39748.34207	-0.8998179007,0.9296328341,-0.9261487536,0.9296126902,-0.9261899031,0.9296084139,-0.9261976306,0.9296074528	-0.9549728926,-0.9750805228,0.9271818915,-0.9282826583,0.9270293769,-0.9285093289,0.9268526798,-0.9287891885	ok
-0.98697395	-43.49699399	-45.55657982	0.8308115426	continued:5	1,1,-1,1,-1,1,-1,1	-1,-1,1,-1,1,-1,1,-1	47.1274099,3102.619348,8096.20359,11247.05952,16236.62718,19394.50445,24383.37512,27542.47067	5166.534534,14213.0006,18258.54076,22757.65007,26712.60906,31295.43094,35127.69631,39812.87019	0.9649037068,0.9316325518,-0.9297082847,0.9260614964,-0.9296952682,0.926105072,-0.9296929422,0.9261119194	-0.9549599864,-0.9751216302,0.9272659391,-0.9282525003,0.9271155236,-0.9284734537,0.9269334976,-0.9287587787	ok
-0.98496994	-43.49699399	-45.80595151	0.8306443584	full	1,1,-1,1,-1,1,-1,1	-1,-1,1,-1,1,-1,1,-1	80.13962704,3145.510816,8153.001856,11282.06039,16287.20784,19420.40113,24425.23884,27558.9786	5165.214247,14225.4324,18305.71036,22781.56829,26778.44171,31334.65723,35215.04516,39873.71981	0.9725523689,0.9436544841,-0.9297847606,0.9258903676,-0.929777126,0.9259382133,-0.9297761161,0.9259440836	-0.9549470789,-0.9749960085,0.9273524505,-0.9282190583,0.9272079885,-0.9284283893,0.9270254328,-0.9287105504	ok
-0.98296593	-43.49699399	-40.32136070	0.8449215364	continued:5	1,-1,-1,1,-1,1,-1,1	-1,-1,1,-1,1,-1,1,-1	1586.918105,6958.567641,9468.822547,14306.20913,17737.90974,22684.86197,25924.13358,30928.23025	5163.905415,14238.10653,18353.21045,22804.34249,26845.05972,31370.87074,35304.81907,39929.80416	0.9274672364,-0.9310890364,-0.9309344949,0.9292691366,-0.9265638078,0.9296171313,-0.9263890555,0.9298041944	-0.9549341701,-0.9747111884,0.9274414432,-0.9281824523,0.9273071551,-0.9283739998,0.9271300949,-0.9286427424	ok
-0.98096192	-43.49699399	-41.87649944	0.8421281875	continued:5	1,-1,-1,1,-1,1,-1,1	-1,-1,1,-1,1,-1,1,-1	1885.999862,6982.170339,9957.508351,14988.47447,18080.53302,23115.38264,26200.46895,31235.52539	5162.607946,14251.02869,18401.0368,22825.94398,26912.35668,31403.74871,35396.69571,39979.89728	0.9304913764,-0.9301455398,-0.9276482835,0.929924482,-0.9249289298,0.9299375103,-0.9243448923,0.9299382031	-0.9549212601,-0.974275309,0.9275329328,-0.9281428178,0.9274133934,-0.9283102845,0.92724917,-0.9285539346	ok
-0.97895792	-43.49699399	-42.60722390	0.8393348386	continued:5	1,-1,-1,1,-1,1,1,-1	-1,-1,1,-1,1,-1,1,-1	2031.893818,7094.710982,10131.38841,15180.38832,18242.05394,23291.40849,26352.43161,31401.78608	5161.321745,14264.20478,18449.1859,22846.34201,26980.21455,31432.95577,35490.242,40022.64157	0.9339900773,-0.9300629343,-0.9291622109,0.9300161559,-0.4842733062,0.9300172474,0.9709101608,-0.9300174786	-0.9549083487,-0.9736970503,0.9276269334,-0.9281003074,0.9275270528,-0.9282373995,0.9273843617,-0.9284432665	ok
-0.97695391	-43.49699399	-43.15100504	0.8368758583	continued:5	-1,1,1,-1,-1,1,1,-1	-1,-1,1,-1,1,-1,1,-1	2175.871064,7242.515915,10273.99405,15336.92642,18375.17267,23438.3053,26476.18619,31539.30935	5707.444241,14864.89621,19121.44209,23445.84697,27685.32821,32029.47709,36243.53837,40617.56461	-0.9038948337,0.9301073,0.928891682,-0.9300944588,-0.9294621858,0.9300950792,0.929422607,-0.9300950508	-0.9549000447,-0.9711377923,0.9278014596,-0.9279538747,0.9277660086,-0.9279994492,0.9277123679,-0.9280697625	ok
-0.97494990	-43.49699399	-43.60612273	0.8345445954	continued:5	1,-1,-1,1,1,-1,-1,1	-1,-1,1,-1,1,-1,1,-1	2298.306795,7376.611555,10388.40955,15464.62844,18480.25801,23556.68085,26571.93583,31648.33948	5705.027548,14877.26803,19168.2596,23461.05259,27750.93528,32044.4485,36333.43134,40628.0653	0.9329466894,-0.9301781557,-0.9282076024,0.9301710642,0.9283040776,-0.9301717669,-0.9282938575,0.9301717016	-0.954887068,-0.9701244917,0.9279016013,-0.9279068121,0.9279003118,-0.9279084233,0.927898305,-0.9279109322	ok
-0.97294589	-43.49699399	-44.01103472	0.8326266347	continued:5	1,-1,-1,1,1,-1,-1,1	-1,-1,1,-1,1,-1,1,-1	2432.861387,7524.761163,10512.98546,15601.82183,18595.71144,23684.99473,26678.05747,31767.27789	5702.628152,14889.92743,19215.41343,23474.97557,27816.57061,32054.58452,36422.20404,40625.8417	0.9346011126,-0.9302563256,-0.927904293,0.9302457639,0.9279640338,-0.9302473675,-0.92795452,0.9302471442	-0.954874091,-0.9690247702,0.9280042239,-0.9278577159,0.9280426657,-0.9278112112,0.9281039386,-0.9277388207	ok
-0.97094188	-43.49699399	-44.38045821	0.8310430426	continued:5	1,-1,-1,1,1,-1,-1,1	-1,-1,1,-1,1,-1,1,-1	2568.31667,7674.318301,10637.66313,15738.41661,18711.53246,23813.3128,26784.51608,31886.10438	5700.245897,14902.88112,19262.90373,23487.57314,27882.07769,32059.52081,36508.93382,40609.41299	0.9401429881,-0.9303368499,-0.9277833963,0.930318441,0.9278320489,-0.9303220613,-0.9278211773,0.9303213667	-0.9548611135,-0.9678475079,0.9281093357,-0.9278068216,0.928193206,-0.9277089756,0.9283295009,-0.9275585333	ok
-0.96893788	-43.49699399	-44.72212104	0.8297938190	continued:5	1,-1,-1,1,1,-1,-1,1	-1,-1,1,-1,1,-1,1,-1	2703.887211,7824.154542,10761.94922,15873.88617,18827.28809,23941.27548,26890.83319,32004.34272	5697.880631,14916.13604,19310.73147,23498.79988,27947.29143,32058.89359,36592.59823,40577.46747	0.9745829296,-0.9304181252,-0.927751221,0.9303887681,0.9277850803,-0.9303960143,-0.9277745028,0.9303943306	-0.9548481356,-0.9666016681,0.9282169448,-0.9277543874,0.9283520069,-0.9276031445,0.9285745872,-0.9273768244	ok
-0.96693387	-43.49699399	-45.03965074	0.8289578976	continued:5	-1,1,1,-1,-1,1,1,-1	-1,-1,1,-1,1,-1,1,-1	2851.502081,7985.985858,10897.96422,16020.34825,18955.13149,24081.10696,27009.11318,32134.08721	5695.532201,14929.69944,19358.89839,23508.60795,28012.03804,32052.35025,36672.07433,40529.06059	-0.9230053268,0.9304998843,0.9277706352,-0.9304567414,-0.9277815407,0.9304696434,0.9277745021,-0.9304659503	-0.9548351572,-0.9652962352,0.9283270575,-0.9277006962,0.9285190714,-0.9274954258,0.9288379929,-0.9272019633	ok
-0.96492986	-43.49699399	-45.33360962	0.8282496937	continued:5	-1,1,1,-1,-1,1,1,-1	-1,-1,1,-1,1,-1,1,-1	2967.255901,8116.28521,11001.47851,16133.39321,19051.02512,24188.89724,27095.21896,32231.16034	5693.200459,14943.57879,19407.40704,23516.94735,28076.13444,32039.56557,36746.13392,40463.89612	-0.6208902828,0.9305833346,0.9278266509,-0.9305218357,-0.9278034375,0.93054315,0.9278056374,-0.9305363397	-0.9548221783,-0.9639401548,0.9284396792,-0.9276460569,0.9286943206,-0.927387812,0.9291175334,-0.9270431681	ok
-0.96292585	-43.49699399	-45.60645513	0.8278758583	continued:5	1,1,-1,-1,1,1,-1,-1	-1,-1,1,-1,1,-1,1,-1	42.65480393,3085.045525,8248.477488,11106.81907,16247.45681,19149.2346,24298.96565,27183.37642	5690.885257,14957.78186,19456.26071,23523.76647,28139.38732,32020.2651,36813.4356,40382.65889	0.9637975797,0.9322427353,-0.9306666844,-0.9279125437,0.9305843586,0.9278410554,-0.9306170649,-0.9278599446	-0.9548091988,-0.9625422751,0.9285548143,-0.9275908071,0.9288775818,-0.9272825681,0.9294098533,-0.9269090193	ok
-0.96092184	-43.49699399	-45.85748890	0.8277086740	full	1,1,-1,-1,1,1,-1,-1	-1,-1,1,-1,1,-1,1,-1	74.44786897,3128.7633,8306.812389,11137.572,16285.92541,19173.56047,24335.26356,27197.25664	5688.58645,14972.3167,19505.46345,23529.01286,28201.59163,31994.25651,36872.51778,40287.29802	0.9764496389,0.9464102793,-0.930751363,-0.9280266721,0.9306434066,0.9278876371,-0.9306917345,-0.9279355015	-0.9547962187,-0.9611112919,0.9286724655,-0.927535313,0.929068574,-0.9271821846,0.9297102385,-0.9268022046	ok
-0.95891784	-43.49699399	-41.87000883	0.8397297980	continued:5	1,-1,-1,1,1,-1,-1,1	-1,-1,1,-1,1,-1,1,-1	1873.940605,7134.704899,9809.567211,14915.21008,17886.94452,23075.78029,25885.96975,31043.27001	5686.303894,14987.19165,19555.02002,23532.63424,28262.52857,31961.46874,36921.8013,40181.09626	0.9318493396,-0.9310895202,-0.929050893,0.9305202872,0.9280666126,-0.9308223802,-0.9281375278,0.9307070392	-0.9547832379,-0.9596556948,0.9287926347,-0.9274799723,0.9292668923,-0.9270892612,0.930012462,-0.9266909115	ok
-0.95691383	-43.49699399	-42.61669525	0.8369364491	continued:5	-1,1,1,-1,-1,1,1,-1	-1,-1,1,-1,1,-1,1,-1	2027.081632,7249.473898,9995.331127,15145.82934,18030.54404,23221.20931,26027.82696,31198.89378	5684.037449,15002.41536,19604.93584,23534.57989,28321.963,31921.99662,36959.6156,40068.38143	-0.9029875445,0.9309781562,0.9285135125,-0.9307132135,-0.9279563751,0.9308606014,0.9281848484,-0.9307884863	-0.9547702565,-0.9581837186,0.9289153226,-0.9274252143,0.9294719878,-0.927006217,0.9303087296,-0.9260324603	ok
-0.95490982	-43.49699399	-43.16910431	0.8342708177	continued:5	1,-1,-1,1,1,-1,-1,1	-1,-1,1,-1,1,-1,1,1	2152.492939,7378.145368,10117.17815,15279.96883,18141.09144,23341.52088,26129.13085,31309.16408	5681.786975,15017.99678,19655.21699,23534.80237,28379.64036,31876.14559,36984.26672,39953.89425	0.9350517764,-0.9310222444,-0.9285932501,0.9307891491,0.928033586,-0.9309282013,-0.9283058368,0.9308525406	-0.9547572743,-0.9567032973,0.9290405279,-0.9273714992,0.9296831481,-0.9269345044,0.9305898152,0.9281345353	ok
-0.95290581	-43.49699399	-43.63266388	0.8321462059	continued:5	-1,1,1,-1,-1,1,1,-1	-1,-1,1,-1,1,-1,1,1	2306.289696,7543.949518,10259.26198,15427.49008,18278.29303,23491.22021,26254.2851,31440.94508	5679.552332,15033.94516,19705.8701,23533.25974,28435.2833,31824.46794,36994.16533,39842.04593	-0.9229409339,0.931099408,0.9288029538,-0.9308400633,-0.9280919857,0.9310064457,0.9284732085,-0.9309082014	-0.9547442914,-0.955222022,0.9291682487,-0.9273193173,0.9298994707,-0.926872026,0.9308455026,0.92810031	ok
-0.95090180	-43.49699399	-44.04125814	0.8300215941	continued:5	1,-1,-1,1,1,-1,-1,1	-1,-1,1,-1,1,-1,1,1	2416.748775,7668.70574,10355.67902,15526.58803,18372.4322,23599.15357,26334.89925,31526.39876	5677.333387,15050.27009,19756.9023,23529.91814,28488.58793,31767.77939,36988.02357,39736.38743	0.934093887,-0.9311854974,-0.9290826441,0.9308806868,0.928138196,-0.9310898628,-0.9286846179,0.9309573726	-0.9547313077,-0.9537471035,0.9292984803,-0.9272691823,0.9301198374,-0.9268020785,0.9310654271,0.9285986472	ok
-0.94889780	-43.49699399	-44.41578302	0.8284380019	continued:5	1,-1,-1,1,1,-1,-1,1	-1,-1,1,-1,1,-1,1,1	2556.447951,7823.227894,10480.64025,15652.62451,18496.68267,23738.04323,26444.57949,31639.20346	5675.130004,15066.98147,19808.3212,23524.75494,28539.22034,31707.14531,36965.10669,39639.47079	0.9608566754,-0.9312739029,-0.9294200392,0.9309155269,0.9281756757,-0.9311770166,-0.9289454817,0.9310002688	-0.9547183232,-0.9522853384,0.929431217,-0.9272216193,0.9303428853,-0.9266168544,0.9312403142,0.9292418956	ok
-0.94689379	-43.49699399	-44.76132147	0.8271887783	continued:5	-1,1,1,-1,-1,1,1,-1	-1,-1,1,-1,1,-1,1,1	2695.516547,7977.256911,10604.65485,15776.36127,18621.37757,23878.13597,26553.76033,31749.64778	5672.942051,15084.08956,19860.13471,23517.76223,28586.81363,31643.83038,36925.49286,39553.03535	-0.9148105452,0.9313635931,0.9298184256,-0.930944893,-0.9282051614,0.93126735,0.9292668173,-0.9310358742	-0.9547053377,-0.9508430807,0.9295664506,-0.9271771413,0.9305669779,-0.9212406086,0.9313634444,0.9298165061	ok
-0.94488978	-43.49699399	-45.08171504	0.8262739233	continued:5	-1,1,1,-1,-1,1,1,-1	-1,-1,1,-1,1,1,-1,-1	2833.833406,8130.591047,10727.69869,15897.80259,18746.53826,24019.44674,26662.49702,31857.58161	5670.769397,15101.60492,19912.35103,23508.95079,28630.96597,31579.2144,36870.26686,39478.29267	-0.9216847669,0.9314540649,0.9302863598,-0.9309693152,-0.9282266576,0.931361644,0.9296635724,-0.9310636955	-0.9546923514,-0.9494262164,0.9297041709,-0.9271361975,0.9307901794,0.9282133665,-0.931431992,-0.9301249249	ok
-0.94288577	-43.49699399	-45.37851073	0.8255657194	continued:5	1,-1,-1,1,1,-1,-1,1	-1,-1,1,-1,1,1,-1,-1	2951.41072,8263.420746,10829.65012,15996.58223,18852.38406,24142.29397,26750.95544,31942.84656	5668.611912,15119.53848,19964.9785,23498.35426,28671.24073,31514.68723,36801.57465,39416.08778	0.9670564897,-0.931545947,-0.930842729,0.9309877902,0.9282403217,-0.9314596433,-0.9301587907,0.9310821859	-0.9546793642,-0.9480401445,0.9298443643,-0.927099065,0.9310102346,0.9282746783,-0.9314478229,-0.9300755869	ok
-0.94088176	-43.49699399	-45.65331771	0.8251918840	continued:5	1,1,-1,-1,1,1,-1,-1	-1,-1,1,-1,1,1,-1,-1	39.40321258,3070.460129,8397.631485,10933.0428,16095.56659,18961.1878,24268.72774,26841.66712	5666.46947,15137.90151,20018.02551,23486.03341,28707.1694,31451.54389,36722.50643,39366.83023	0.9629120223,0.9328578389,-0.9316383372,-0.9314913654,0.9310012024,0.928250252,-0.9315608451,-0.9307717407	-0.954666376,-0.9466897609,0.9299870147,-0.9270656028,0.9312245613,0.9287961483,-0.9314174735,-0.9297284999	ok
-0.93887776	-43.49699399	-45.90554176	0.8250246997	full	1,1,-1,-1,1,1,-1,-1	-1,-1,1,-1,1,1,-1,-1	70.13264805,3114.899924,8457.481321,10961.51925,16117.95335,18997.17762,24323.08189,26858.81989	5664.341944,15156.70559,20071.50034,23472.08023,28738.25841,31390.9012,36636.83895,39330.23226	0.9793897577,0.9495312088,-0.9317319888,-0.9322620296,0.9310079861,0.9282588427,-0.9316656304,-0.9315368296	-0.9546533868,-0.9453794477,0.9301321021,-0.9270346496,0.9314302598,0.9296697129,-0.9313513357,-0.9292435975	ok
-0.93687375	-43.49699399	-41.86160414	0.8373091590	continued:5	1,-1,-1,1,-1,1,1,-1	-1,-1,1,-1,1,1,-1,-1	1858.2773,7293.306678,9626.254673,14656.50569,17811.0234,23161.16575,25648.55772,30808.41878	5662.229211,15175.9627,20125.41104,23456.62146,28764.00099,31333.65195,36548.71621,39305.00284	0.9320862398,-0.9321387976,-0.9388865773,0.9305685294,-0.9267012393,0.931794844,0.9327516389,-0.9310504977	-0.9546403965,-0.9441130676,0.9302796028,-0.9270023832,0.9316241502,0.9309251104,-0.9312623385,-0.9287850762	ok
-0.93486974	-43.49699399	-42.62538497	0.8345158101	continued:5	-1,1,1,-1,-1,1,1,-1	-1,-1,1,-1,1,1,-1,-1	2019.538378,7409.913025,9819.654459,14934.02249,17906.4989,23277.0721,25723.50706,30867.72331	5660.131146,15195.68512,20179.76525,23439.82126,28783.89466,31280.46208,36462.35248,39288.68655	-0.9203176913,0.9319902108,0.9353712611,-0.9309078603,-0.9286046536,0.9319095992,0.934044251,-0.931020447	-0.9546274052,-0.9428939613,0.9304294877,-0.9269570691,0.9318028391,0.9325687861,-0.9311645257,-0.9284626589	ok
-0.93286573	-43.49699399	-43.18690946	0.8318501787	continued:5	-1,1,1,-1,-1,1,1,-1	-1,-1,1,-1,1,1,-1,-1	2150.389676,7543.494519,9945.258768,15068.26269,18023.48037,23408.03521,25825.63106,30961.95009	5658.04763,15215.88549,20234.57004,23421.88246,28797.46475,31231.80631,36381.80878,39277.78263	-0.9149070318,0.93203422,0.9357738599,-0.9309690185,-0.9284897806,0.9319992033,0.9351455971,-0.9310197141	-0.9546144129,-0.9417249507,0.9305817229,-0.9268571925,0.9319628267,0.9345300225,-0.931071835,-0.9283439841	ok
-0.93086172	-43.49699399	-43.65651605	0.8293911983	continued:5	1,-1,-1,1,1,-1,-1,1	-1,-1,1,-1,1,1,-1,-1	2265.814725,7671.433759,10047.13936,15162.84618,18135.98248,23537.97214,25920.3476,31041.97062	5655.978541,15236.57677,20289.83171,23403.04619,28804.29315,31188.03176,36310.84962,39268.14747	0.932397048,-0.9321186838,-0.9370047365,0.9309701922,0.9287097073,-0.9321036696,-0.9366977743,0.930992496	-0.9546014194,-0.9406083458,0.9307362679,-0.926475155,0.9321006494,0.9366362601,-0.9309972197,-0.9285468275	ok
-0.92885772	-43.49699399	-44.07356699	0.8274732377	continued:5	1,-1,-1,1,1,-1,-1,1	-1,-1,1,-1,1,1,-1,-1	2410.113139,7830.844091,10175.7419,15278.71041,18282.4251,23702.15132,26048.87821,31153.56167	5653.923763,15257.77226,20345.55556,23383.58944,28804.05034,31149.43617,36252.85648,39255.5457	0.9596831818,-0.9322142226,-0.9386520596,0.9309504364,0.9296445602,-0.9322099896,-0.9385536612,0.9309568825	-0.9545884249,-0.9395459565,0.9308930753,-0.406864807,0.9322130555,0.9386257607,-0.9309521087,-0.929587925	ok
-0.92685371	-43.49699399	-44.45215520	0.8258896455	continued:5	-1,1,1,-1,1,-1,-1,1	-1,-1,1,1,-1,-1,1,1	2553.91958,7990.233166,10303.5495,15391.57851,18431.57826,23867.87942,26181.21793,31269.26884	5651.883178,15279.48554,20401.74568,23363.82045,28796.5275,31116.34874,36210.76702,39236.17096	-0.9202388186,0.932312134,0.9405981006,-0.9309217664,0.9018283659,-0.9323122297,-0.9405967232,0.9309218488	-0.9545754291,-0.9385391074,0.9310520893,0.9286758473,-0.9322971974,-0.9401979681,0.930946123,0.9335329134	ok
-0.92484970	-43.49699399	-44.80069256	0.8245127045	continued:5	1,-1,-1,1,-1,1,1,-1	-1,-1,1,1,-1,-1,1,1	2676.259445,8128.516585,10409.72183,15480.71696,18562.63713,24013.54082,26297.15888,31370.6571	5649.85667,15301.73053,20458.40466,23344.07203,28781.66451,31089.20384,36187.0189,39207.04565	0.5957933858,-0.9324123202,-0.9428734252,0.9308851822,-0.9259541832,0.9324066227,0.9427013122,-0.9308948063	-0.9545624321,-0.937588657,0.9312132448,0.9284862719,-0.9323508208,-0.9410835062,0.9309869302,0.9319795534	ok
-0.92284569	-43.49699399	-45.12459582	0.8235978495	continued:5	-1,1,1,-1,1,-1,-1,1	-1,-1,1,1,-1,-1,1,1	2817.660584,8285.876831,10535.09958,15587.56502,18715.79012,24178.54875,26437.41211,31500.32628	5647.844127,15324.52138,20515.53334,23324.69304,28759.56917,31068.60022,36183.49198,39166.35921	-0.9195685984,0.9325134295,0.945466539,-0.9308430101,0.9267138939,-0.9324902994,-0.9446931886,0.9308822858	-0.9545494339,-0.9366950215,0.931376466,0.9287313941,-0.9323724244,-0.9411089154,0.9310801272,0.9291005842	ok
-0.92084168	-43.49699399	-45.42392735	0.8228896455	continued:5	1,-1,-1,1,-1,1,1,-1	-1,-1,1,1,-1,-1,1,1	2936.93203,8421.319246,10638.37121,15670.42805,18850.32065,24321.22503,26561.9067,31620.56703	5645.845434,15347.87252,20573.13046,23306.03859,28730.5238,31055.34091,36201.45156,39113.89947	0.9547213849,-0.9326160043,-0.9484218086,0.9307934317,-0.9269691556,0.9325584158,0.9463314794,-0.9308934272	-0.9545364345,-0.9358582014,0.931541665,0.9292316244,-0.9323613672,-0.940240581,0.9312290369,0.9285605919	ok
-0.91883768	-43.49699399	-45.70041687	0.8225158101	continued:5	1,1,-1,-1,1,-1,1,1	-1,-1,1,1,-1,-1,1,1	36.54874378,3057.136322,8557.657616,10742.81688,15753.06884,18988.90655,24463.47576,26693.85644	5643.860482,15371.79859,20631.19235,23288.45953,28694.97722,31050.44961,36241.49071,39051.6726	0.9620780921,0.9336569434,-0.9327190486,-0.9517026332,0.9307384915,-0.9270984609,0.9326074634,0.947384504	-0.9545234338,-0.9350778104,0.9317087399,0.930016693,-0.9323179061,-0.9386026721,0.9314343156,0.9287939175	ok
-0.91683367	-43.49699399	-45.95357268	0.8223486259	full	1,1,-1,-1,1,-1,1,1	-1,-1,1,1,-1,-1,1,1	66.19548739,3102.311416,8619.248505,10772.27366,15758.66442,19056.29113,24528.65439,26759.13055	5641.88916,15396.31443,20689.71257,23272.29221,28653.52237,31055.15902,36303.45239,38984.54628	0.9820231945,0.9562493358,-0.932823751,-0.9553397304,0.9306761976,-0.9271876322,0.9326310339,0.9475402656	-0.9545104319,-0.9343531107,0.9318775732,0.9311761195,-0.9322431611,-0.9364621368,0.9316932774,0.9297845343	ok
-0.91482966	-43.49699399	-41.84283705	0.8347158668	continued:5	1,-1,-1,1,-1,1,1,-1	-1,-1,1,1,-1,-1,1,1	1817.614093,7439.417643,9420.797161,14178.08251,18007.5131,23164.10278,26056.22986,31576.66398	5639.931359,15421.43501,20748.68148,23257.84893,28606.86232,31070.86434,36386.29026,38920.37984	0.9296868175,-0.9333203011,-0.9738948898,0.929898791,-0.9277343481,0.9313545657,0.928655335,-0.9328728605	-0.9544974286,-0.9336830477,0.9320480296,0.9328416147,-0.9321390154,-0.9341708362,0.9319988445,0.9322250389	ok
-0.91282565	-43.49699399	-42.63038154	0.8319225179	continued:5	1,-1,-1,1,-1,1,1,-1	-1,-1,1,1,-1,-1,1,1	1989.097642,7558.446895,9616.27381,14505.76329,18046.37063,23435.0793,25816.39505,31078.84084	5637.986972,15447.17542,20808.08583,23245.40994,28555.76927,31099.03163,36487.81615,38869.00425	0.9368553966,-0.933122457,-0.966986013,0.9303755367,-0.927426909,0.9323377365,0.9375834537,-0.9318098159	-0.954484424,-0.9330662906,0.9322199541,0.9351815445,-0.9320079702,-0.9320715932,0.9323380629,0.937589725	ok
-0.91082164	-43.49699399	-43.20434577	0.8292568865	continued:5	1,-1,-1,1,-1,1,1,-1	-1,-1,1,1,-1,-1,1,1	2126.459754,7697.64354,9747.914953,14642.20944,18178.78567,23585.23657,25928.66901,31172.14774	5636.055893,15473.55077,20867.90832,23235.21732,28501.04181,31141.04717,36604.30616,38840.02236	0.9404235331,-0.9331650419,-0.968058407,0.9304169927,-0.92744432,0.9324448871,0.9397042401,-0.9317610938	-0.9544714179,-0.9325012743,0.9323931692,0.9383889469,-0.9318529776,-0.9304066997,0.932690248,0.9475688406	ok
-0.90881764	-43.49699399	-43.68227313	0.8269256235	continued:5	1,-1,-1,1,-1,1,1,-1	-1,-1,1,1,-1,-1,1,1	2264.453138,7848.950334,9873.322527,14744.99714,18342.78772,23725.18677,26113.68914,31414.85517	5634.138018,15500.57618,20928.12708,23227.47088,28443.46527,31197.99565,36730.02719,38840.41762	0.973118001,-0.9332588768,-0.9709754144,0.9303607452,-0.9275225803,0.9323730471,0.9374281761,-0.9320291975	-0.9544584105,-0.9319862465,0.9325674719,0.9426518834,-0.9316772751,-0.9292848509,0.9330252091,0.9611673142	ok
-0.90681363	-43.49699399	-44.10382066	0.8248010117	continued:5	1,-1,-1,1,-1,1,1,-1	-1,-1,1,1,-1,-1,1,1	2383.461432,7983.811571,9978.508891,14820.24306,18496.60539,23837.67946,26309.72925,31696.62972	5632.233243,15528.26665,20988.71518,23222.32616,28383.77888,31270.36878,36856.92393,38873.33549	0.932685663,-0.933365023,-0.9735366848,0.9302792904,-0.9276256195,0.9322274192,0.9341911108,-0.9324231841	-0.9544454018,-0.9315193167,0.9327426321,0.9480929754,-0.9314842398,-0.9287974238,0.9333027993,0.9718810306	ok
-0.90480962	-43.49699399	-44.48812488	0.8232174196	continued:5	-1,1,1,-1,1,-1,-1,1	-1,-1,1,1,-1,1,-1,-1	2532.156037,8149.455542,10113.11604,14920.74623,18684.93044,23970.17309,26563.54373,32050.48572	5630.341465,15556.63705,21049.64011,23219.89423,28322.65189,31357.74121,36974.91638,38938.76507	-0.8295508925,0.9334764453,0.9747310007,-0.9301842975,0.9277511076,-0.9320212363,-0.9312752249,0.9328915318	-0.9544323916,-0.9310985142,0.9329183883,0.9546616361,-0.931277271,0.9170630617,-0.933476018,-0.9747299776	ok
-0.90280561	-43.49699399	-44.84101704	0.8218404786	continued:5	1,-1,-1,1,-1,1,1,-1	-1,-1,1,1,-1,1,-1,-1	2657.756621,8292.105555,10224.96583,14996.68179,18851.83019,24070.18472,26819.89623,32401.14523	5628.462584,15585.70195,21110.86319,23220.24315,28260.66935,31458.50645,37073.25616,39035.98225	0.9405005195,-0.9335891878,-0.9735274248,0.9300848598,-0.9278948996,0.9317714597,0.9294274773,-0.9333471932	-0.9544193799,-0.9307218509,0.933094445,0.9619614995,-0.9310597069,0.9272036346,-0.933499724,-0.9747269809	ok
-0.90080160	-43.49699399	-45.16816229	0.8209256235	continued:5	-1,1,1,-1,1,-1,-1,1	-1,-1,1,1,-1,1,-1,-1	2802.227573,8453.815493,10355.99413,15089.70505,19038.98436,24178.59705,27125.0401,32772.30119	5626.596499,15615.4756,21172.33908,23223.40054,28198.3274,31569.81285,37142.82166,39167.17298	-0.9150426644,0.9337036414,0.9688003868,-0.9299802321,0.9280597036,-0.931477737,-0.929111747,0.9336837639	-0.9544063668,-0.9303874012,0.9332704694,0.9690048694,-0.9308347712,0.9274144601,-0.933343756,-0.9716741279	ok
-0.89879760	-43.49699399	-45.46978224	0.8202174196	continued:5	1,-1,-1,1,-1,1,-1,1	-1,-1,1,1,-1,1,-1,-1	2923.099791,8592.094068,10463.76277,15157.37142,19203.30228,24252.06739,27436.67454,33088.3937	5624.743112,15645.97176,21234.01515,23229.35712,28136.03684,31687.82027,37178.24631,39341.43278	0.9481001229,-0.9338195847,-0.9592285059,0.9298710005,-0.928246093,0.9311439528,-0.9272160105,0.9337395144	-0.9543933521,-0.9300934034,0.9334460882,0.9739233577,-0.930605545,0.9275820126,-0.9330038575,-0.9560746868	ok
-0.89679359	-43.49699399	-45.74772378	0.8198435842	continued:5	1,1,-1,-1,1,-1,1,-1	-1,-1,1,1,-1,1,-1,-1	34.01068777,3044.379999,8730.803934,10572.35206,15224.0886,19367.86799,24314.20372,27771.1118	5622.902325,15677.20359,21295.83104,23238.07075,28074.13405,31808.27111,37178.46818,39577.26107	0.9612887022,0.9343677266,-0.93393659,-0.9435440256,0.9297587595,-0.928454201,0.9307779381,-0.9275216396	-0.9543803359,-0.9298384023,0.9336208844,0.9737556271,-0.9303749574,0.9277957177,-0.9325027873,-0.9375091931	ok
-0.89478958	-43.49699399	-46.00159727	0.8196763999	full	1,1,-1,-1,1,-1,1,-1	-1,-1,1,1,-1,1,-1,-1	62.55590483,3090.310958,8794.506491,10605.87937,15213.00049,19457.17816,24286.53848,28043.81233	5621.074041,15709.18355,21357.71808,23249.47075,28012.8979,31927.19405,37145.39184,39897.40562	0.9843850223,0.9617766139,-0.9340559641,-0.9202807728,0.9296409843,-0.9286884211,0.930377211,-0.9278446058	-0.9543673183,-0.9296214691,0.9337943938,0.9645810681,-0.9301457846,0.9280648866,-0.9318811974,-0.9295557469	ok
-0.89278557	-43.49699399	-41.84990048	0.8323044381	continued:5	1,-1,-1,1,-1,1,-1,-1	-1,-1,1,1,-1,1,-1,1	1808.534752,7631.385526,9283.220934,13528.01041,18377.41074,22095.12484,27509.55557,29810.09002	5619.258166,15741.92324,21419.59891,23263.46234,27952.57159,32041.47428,37081.71432,40303.26287	0.930325289,-0.93466051,-0.6879216691,0.9286971746,-0.9304707708,0.9278162721,-0.9327577838,-0.9436624459	-0.9543542991,-0.9294425741,0.9339661022,0.9423515797,-0.9299206539,0.9283867211,-0.9311855701,0.9273490056	ok
-0.89078156	-43.49699399	-42.64860033	0.8295110892	continued:5	-1,1,1,-1,1,-1,1,-1	-1,-1,1,1,-1,1,-1,1	1988.596691,7750.645875,9473.479309,13916.83069,18480.22179,22827.23746,27535.96713,31590.20554	5617.454604,15775.4332,21481.38712,23279.93095,27893.38835,32149.11162,36989.14794,40739.10871	-0.9049322439,0.934403981,0.8064245034,-0.9292094948,0.9295581367,-0.9289707805,0.9300116155,-0.9283416993	-0.9543412783,-0.92930328,0.9341354439,0.9044848483,-0.9297020426,0.9287546602,-0.930460263,0.9278757646	ok
-0.88877756	-43.49699399	-43.22903978	0.8267177403	continued:5	1,-1,-1,1,-1,1,-1,1	-1,-1,1,1,-1,1,-1,1	2114.586579,7877.934397,9593.706921,14037.0862,18613.44763,22948.1864,27688.2814,31684.055	5615.663262,15809.72284,21542.98702,23298.74639,27835.59986,32249.16521,36867.60448,41120.78412	0.9412805518,-0.9344467314,-0.7914835612,0.9292290846,-0.9296173541,0.9289605751,-0.9301371521,0.9282578328	-0.9543282559,-0.9292081813,0.934301799,0.8514791892,-0.929492272,0.9291604937,-0.9297453842,0.9287688509	ok
-0.88677355	-43.49699399	-43.71310598	0.8242587600	continued:5	1,-1,-1,1,-1,1,-1,1	-1,-1,1,1,-1,1,-1,1	2239.552858,8017.080877,9709.100663,14111.0176,18768.11919,22954.69142,27914.43655,31371.80883	5613.884049,15844.80019,21604.29355,23319.76677,27779.50595,32341.50883,36715.46525,41409.16746	0.9334943097,-0.9345521862,-0.7473859135,0.9291384345,-0.9298873813,0.9286427685,-0.930946399,0.9276231226	-0.9543152319,-0.9291682864,0.9344644931,0.7872489203,-0.9292934879,0.9295953533,-0.9290783972,0.9300051252	ok
-0.88476954	-43.49699399	-44.14076743	0.8223407993	continued:5	-1,1,1,-1,1,-1,1,1	-1,-1,1,1,-1,1,-1,1	2394.188775,8189.311085,9853.47703,14200.97448,18956.4109,22938.87039,28157.45899,30912.14142	5612.116873,15880.67177,21665.19236,23342.84211,27725.4835,32426.53902,36531.1505,41608.14013	-0.9163314128,0.9346746229,0.6931968137,-0.9290183557,0.9302319405,-0.9282748214,0.9320167887,0.929720107	-0.9543022062,-0.9292103899,0.9346227978,0.7176892811,-0.9291076321,0.9300502635,-0.9284963071,0.9314299579	ok
-0.88276553	-43.49699399	-44.52728382	0.8205505561	continued:5	1,-1,-1,1,-1,1,-1,-1	-1,-1,1,1,-1,1,-1,1	2513.197419,8326.694127,9962.376085,14250.47434,19107.76993,22852.36313,28321.65563,30495.40481	5610.361644,15917.34236,21725.5602,23367.81773,27674.01227,32504.92836,36316.25321,41724.63387	0.940336407,-0.9348020446,-0.6364298959,0.9288932463,-0.9306110566,0.9279489705,-0.9331573481,-0.9565853846	-0.954289179,-0.9294101324,0.9347759323,0.6485354557,-0.9289364012,0.9305164164,-0.9280350128,0.9328792305	ok
-0.88076152	-43.49699399	-44.88398282	0.8193013325	continued:5	-1,1,1,-1,1,-1,1,1	-1,-1,1,1,-1,1,-1,1	2663.298352,8495.462675,10102.63994,14327.72806,19287.84906,22766.73187,28451.8132,30254.67501	5608.618273,15954.81485,21785.26542,23394.5374,27625.69434,32577.45825,36079.3998,41750.08327	-0.9201429026,0.9349315726,0.5801810719,-0.928767672,0.9310172894,-0.9277007127,0.9342091495,0.8976212887	-0.9542761501,-0.930069813,0.9349230664,0.5839356273,-0.9287812012,0.9309852853,-0.927719832,0.9341396567	ok
-0.87875752	-43.49699399	-45.21249327	0.8182587600	continued:5	-1,1,1,-1,1,-1,1,1	-1,-1,1,1,-1,1,-1,1	2787.819376,8639.027679,10217.5503,14375.50448,19439.77991,22630.60632,28459.73159,30065.10946	5606.886671,15993.09007,21844.16891,23422.84638,27581.26435,32644.92901,35837.4994,41666.17663	-0.9035028411,0.935063959,0.5258987658,-0.9286419248,0.9314510556,-0.9274351197,0.9349532925,0.5725686727	-0.9542631195,-0.934776245,0.9350633265,0.526164011,-0.9286431027,0.9314486741,-0.9274389602,0.9349512415	ok
-0.87675351	-43.49699399	-45.51612791	0.8175505561	continued:5	1,-1,-1,1,-1,-1,1,1	-1,1,-1,-1,1,-1,-1,1	2910.175904,8780.540729,10330.52894,14417.99698,19586.42778,22483.96333,28343.67507,29906.37552	5605.166751,16032.16655,21902.12523,23452.59466,27541.58819,32708.12845,35610.97635,41471.61662	0.9451006183,-0.9351977423,-0.4752782594,0.9285196753,-0.9319067043,-0.9293587656,0.9351441168,0.4955036883	-0.9542500873,0.9243340022,-0.9351958026,-0.4760333784,0.9285228075,-0.9318987725,-0.9293706925,0.9351487763	ok
-0.87474950	-43.49699399	-45.79526938	0.8171767207	continued:5	1,1,-1,-1,1,-1,-1,1	-1,1,-1,-1,1,-1,-1,1	31.79350496,3032.434601,8922.057812,10443.5598,14457.13039,19729.56277,22345.30768,28112.57562	5603.458428,16072.04039,21958.98417,23483.64061,27507.64898,32767.83673,35415.72304,41201.82928	0.9605561196,0.9351018248,-0.9353330469,-0.4289818676,0.9284021436,-0.9323820922,-0.9316185319,0.934717146	-0.9542370532,0.9266427979,-0.9353195584,-0.4334672582,0.9284206354,-0.9323282482,-0.931094838,0.9348111403	ok
-0.87274549	-43.49699399	-46.04962900	0.8170095364	full	1,1,-1,-1,1,-1,-1,1	-1,1,-1,-1,1,-1,-1,1	59.25089919,3079.143964,8988.459194,10481.00741,14415.90588,19793.41027,22148.94423,27725.86381	5601.761615,16112.70507,22014.59258,23515.85564,27480.52162,32824.84618,35258.86701,40909.25796	0.9864438864,0.9675839576,-0.9354715455,-0.386877499,0.9282879003,-0.9328814183,-0.9412125326,0.9338178775	-0.9542240176,0.9271737904,-0.9354336429,-0.3979546835,0.9283365444,-0.9327303684,-0.9370141168,0.9341743168	ok
-0.87074148	-43.49699399	-41.85187697	0.8297712125	continued:5	1,-1,1,-1,-1,1,-1,-1	-1,1,-1,-1,1,-1,-1,1	1781.525083,7827.850919,12508.45001,18372.968,19912.98605,24024.91917,29208.22889,32070.72142	5600.076229,16154.15134,22068.79649,23549.13063,27461.33887,32879.97697,35140.31369,40633.76404	0.9302655376,-0.9362227698,0.9276656727,-0.9352800081,-0.4481986557,0.9286217153,-0.9320448746,-0.9294671747	-0.9542109801,0.9274040434,-0.9355371045,-0.3688298089,0.9282701874,-0.9330991058,-0.9487601947,0.9334495149	ok
-0.86873747	-43.49699399	-42.66552752	0.8269778636	continued:5	1,-1,-1,1,-1,-1,1,-1	-1,1,-1,-1,1,-1,-1,1	1971.831936,7946.666781,9348.330325,13006.92497,18690.5047,20465.91394,25216.15452,29308.88543	5598.402186,16196.36704,22121.44355,23583.38486,27451.25369,32934.07269,35056.43264,40395.93397	0.9640219474,-0.9358879004,-0.2957287805,0.9279541038,-0.9344037315,-0.8473287921,0.9303701142,-0.9286275997	-0.954197941,0.927534066,-0.9356290074,-0.3454106927,0.9282210109,-0.9334291717,-0.9642872356,0.9327612036	ok
-0.86673347	-43.49699399	-43.25441436	0.8241845148	continued:5	1,-1,-1,1,-1,-1,1,-1	-1,1,-1,-1,1,-1,-1,1	2103.545292,8078.99624,9472.511187,13125.56005,18833.02827,20568.55493,25247.96817,29516.37449	5596.739403,16239.33704,22172.38561,23618.57792,27451.40249,32987.96505,35002.8674,40204.19447	0.9431879683,-0.9359300706,-0.2895552521,0.9279652218,-0.9345560559,-0.7820295931,0.93014966,-0.9290161558	-0.9541849,0.9276213823,-0.9357084487,-0.3270476567,0.9281883904,-0.9337159061,-0.9743163309,0.9321693068	ok
-0.86472946	-43.49699399	-43.74434385	0.8217255344	continued:5	1,-1,-1,1,-1,-1,1,-1	-1,1,-1,-1,1,-1,-1,1	2233.292356,8224.56558,9586.851697,13172.20146,18957.87913,20580.74816,24995.5439,29783.56417	5595.087799,16283.04319,22221.4814,23654.72415,27462.87255,33042.40349,34975.92127,40062.09121	0.9373099894,-0.936052362,-0.2810852372,0.9279099109,-0.9349850002,-0.5726815222,0.9293765142,-0.9305527055	-0.9541718573,0.9276884316,-0.9357745769,-0.3131233172,0.9281717925,-0.9339549944,-0.9671695147,0.9317000737	ok
-0.86272545	-43.49699399	-44.17631622	0.8196009226	continued:5	1,-1,1,-1,-1,1,-1,-1	-1,1,-1,-1,1,-1,-1,1	2360.233014,8370.937088,13197.14121,19067.72041,20577.68304,24668.79838,29941.08633,32557.85003	5593.447293,16327.46422,22268.59924,23691.90588,27486.67505,33097.9545,34973.02129,39972.40063	0.9339850378,-0.9361944178,0.92784801,-0.935457823,-0.3916392768,0.9286512072,-0.9325363028,-0.9319050359	-0.9541588127,0.9277456197,-0.9358266107,-0.3030378948,0.9281709497,-0.9341420228,-0.9414395473,0.9313655714	ok
-0.86072144	-43.49699399	-44.56844603	0.8180173305	continued:5	-1,1,-1,1,1,-1,1,1	-1,1,-1,-1,1,-1,-1,1	2517.674842,8549.225869,13243.77072,19193.66661,20598.77334,24354.00953,30023.84548,31800.76829	5102.553688,15844.83438,21799.38483,23198.27012,26933.4524,32623.11849,34370.06809,39127.46229	-0.9171556165,0.9363451152,-0.927784268,0.9359106283,0.2894426332,-0.9281361113,0.9344653979,0.8363241656	-0.9541435692,0.9277766168,-0.9359352437,-0.2863795175,0.9281111519,-0.9345653676,-0.7893551927,0.9304721389	ok
-0.85871743	-43.49699399	-44.92707237	0.8166403895	continued:5	-1,1,-1,1,-1,1,1,-1	-1,1,-1,-1,1,-1,-1,1	2648.448371,8701.193169,13260.48051,19276.85834,24045.58576,29980.36019,31398.29048,35217.44765	5101.807214,15891.63822,21844.86717,23237.97898,26977.25051,32682.63082,34401.52933,39112.82592	-0.9142108127,0.9364988713,-0.9276886123,0.9363032184,-0.9278540518,0.9358682263,0.2947992844,-0.9282376277	-0.9541305472,0.9278288932,-0.9359660474,-0.2822045065,0.9281323575,-0.9346774605,-0.7364688837,0.9303314228	ok
-0.85671343	-43.49699399	-45.25814560	0.8155978170	continued:5	-1,1,-1,1,-1,1,-1,1	-1,1,-1,-1,1,-1,-1,1	2774.962166,8849.25753,13270.46274,19336.67574,23803.99565,29862.61565,34373.4961,40422.72847	5101.067914,15939.09484,21888.03645,23279.40693,27035.93112,32743.92299,34454.13792,39162.89055	-0.8606788863,0.936655407,-0.9272955518,0.9366116852,-0.9275254994,0.9365704521,-0.927637484,0.9365194867	-0.9541175231,0.92788043,-0.9359807993,-0.2799402604,0.9281699624,-0.9347232757,-0.7162764678,0.9303410217	ok
-0.85470942	-43.49699399	-45.56345554	0.8148896131	continued:5	1,-1,-1,1,1,-1,-1,1	-1,1,-1,-1,1,-1,-1,1	2898.56151,8994.646767,13276.62056,19372.50714,23655.59625,29751.50878,34034.45238,40130.36161	5100.33574,15987.17177,21928.80968,23322.85487,27110.09361,32806.06813,34529.20943,39285.63453	0.9440711795,-0.9368147099,-0.9343719252,0.9368136197,0.9347138533,-0.9368137293,-0.9346669386,0.9368135978	-0.9541044966,0.9279327856,-0.9359790729,-0.2791590693,0.9282258349,-0.9346941226,-0.7354639484,0.9305244368	ok
-0.85270541	-43.49699399	-45.84348962	0.8145157777	continued:5	1,1,-1,-1,1,1,-1,-1	-1,1,-1,-1,1,-1,-1,1	30.05749888,3021.587297,9139.684295,13282.48035,19385.66149,23611.22653,29726.2108,33886.1451	5099.610645,16035.83379,21967.12303,23368.37137,27200.12784,32867.53033,34629.50534,39489.77129	0.9599372723,0.9359112461,-0.9369759861,-0.929803761,0.9368937724,0.9303397265,-0.9369588186,-0.9298213695	-0.9540914681,0.9279869391,-0.9359605799,-0.2800536352,0.9283028327,-0.9345798481,-0.7985943905,0.9309222878	ok
-0.85070140	-43.49699399	-46.09805679	0.8143485934	full	1,1,-1,-1,1,-1,1,1	-1,1,-1,-1,1,-1,-1,1	56.57326161,3069.074922,9209.768088,13212.63589,19299.3126,23602.07277,29742.7249,33745.81125	5098.892581,16085.04316,22002.93237,23415.76456,27306.15869,32926.24717,34760.21764,39785.14723	0.9880325274,0.9731713786,-0.9371419958,-0.9303527702,0.9368429129,-0.9140007414,0.937141733,0.93035124	-0.9540784373,0.9280435308,-0.9359251759,-0.2834288906,0.9284048625,-0.934369922,-0.8947585355,0.9315950076	ok
-0.84869739	-43.49699399	-41.86309990	0.8271926853	continued:5	1,-1,-1,1,1,-1,-1,1	-1,1,-1,-1,1,-1,-1,1	1751.70212,8053.64394,11304.93402,16826.13449,18837.17457,24188.87341,26590.38018,32441.08	5098.181502,16134.75997,22036.21303,23464.78516,27427.98975,32979.77888,34931.04921,40185.41308	0.9303928977,-0.9380933179,-0.9662418617,0.9339006863,0.9743898453,-0.9330760713,-0.9398929914,0.9356012258	-0.9540654044,0.9281029959,-0.9358728599,-0.2904219129,0.9285368367,-0.9340551325,-0.9672328276,0.9326213485	ok
-0.84669339	-43.49699399	-42.68873919	0.8243993364	continued:5	1,-1,-1,1,1,-1,1,1	-1,1,-1,-1,1,-1,-1,1	1952.545609,8169.699806,11755.59887,17631.72912,19087.95862,23163.78565,28589.92273,30802.59089	5097.477363,16184.94243,22066.95892,23515.28701,27565.06669,33025.45224,35160.04653,40712.30668	0.9368189664,-0.9376540615,-0.9397245704,0.935771785,0.3087771673,-0.9287533959,0.9334622752,0.9560972182	-0.9540523691,0.9281656412,-0.9358037694,-0.3022737212,0.9287045113,-0.9336295419,-0.9653892297,0.9340844666	ok
-0.84468938	-43.49699399	-43.28500211	0.8216059875	continued:5	1,-1,-1,1,1,-1,1,1	-1,1,-1,-1,1,-1,-1,1	2090.049137,8307.39234,11873.90359,17755.59076,19198.16916,23250.89465,28725.60998,30825.86653	5096.780116,16235.54733,22095.1809,23567.28382,27716.48758,33060.37451,35478.94341,41387.67331	0.9384493891,-0.9376972632,-0.9407035083,0.9358366679,0.2953842764,-0.9287250903,0.9337269996,0.9695164754	-0.9540393316,0.9282316917,-0.9357181723,-0.3203004058,0.9289142144,-0.9330921981,-0.9391791634,0.9359829112	ok
-0.84268537	-43.49699399	-43.78028293	0.8192747246	continued:5	-1,1,1,-1,-1,1,-1,1	-1,1,-1,-1,1,-1,-1,1	2244.57464,8480.296723,11945.91871,17756.81642,19288.46347,23647.15103,28693.27867,32061.70961	5096.089718,16286.5304,22120.9047,23620.94443,27881.08554,33081.15368,35931.62035,42144.0597	-0.9199161743,0.9378441151,0.9469177822,-0.935490156,-0.3839289164,0.9294125669,-0.9317755334,0.9279828273	-0.954026292,0.9283013181,-0.9356164544,-0.3460120326,0.9291725059,-0.9324482442,-0.9300205762,0.9377111276	ok
-0.84068136	-43.49699399	-44.21471299	0.8171501128	continued:5	-1,1,1,-1,-1,1,-1,1	-1,1,-1,-1,1,-1,1,-1	2374.883359,8633.603577,11982.9438,17695.93192,19360.79446,24104.95221,28400.70511,33534.90637	5095.406123,16337.84683,22144.16826,23676.57522,28057.59323,33083.13422,36529.89767,42619.98804	-0.9169902292,0.9380185039,0.9568385739,-0.9350018508,-0.5940380322,0.9306035008,-0.9293151133,0.9321760654	-0.95401325,0.9283746555,-0.9354991042,-0.3813049771,0.9294858401,-0.9317096363,0.9280609279,-0.937058645	ok
-0.83867735	-43.49699399	-44.60854644	0.8153598696	continued:5	-1,1,1,-1,-1,1,-1,1	-1,1,-1,-1,1,-1,1,-1	2499.999695,8783.177049,12016.47727,17618.41112,19459.09592,24602.54492,27659.5047,33939.74029	5094.729286,16389.45172,22165.01875,23734.6105,28244.87324,33058.91738,37169.97685,42582.12069	-0.8352794786,0.9382023235,0.9683804905,-0.9344513082,-0.8867588602,0.9322279321,-0.9266311534,0.938185242	-0.9540002058,0.9284518129,-0.9353666965,-0.4286568626,0.9298603093,-0.9308966043,0.9289365972,-0.9334966226	ok
-0.83667335	-43.49699399	-44.97052360	0.8139829285	continued:5	-1,1,1,-1,-1,1,1,-1	-1,1,-1,-1,1,-1,1,-1	2633.789597,8942.049876,12063.5025,17546.50686,19618.34137,25173.00005,27097.26905,32411.96827	5094.059164,16441.30057,22183.50938,23795.61655,28442.17323,32995.9479,37719.06051,42076.77698	-0.8830265734,0.9383912531,0.9743589146,-0.9338708349,-0.9728156032,0.9342354531,0.9527455885,-0.9330427224	-0.9539871594,0.928532882,-0.9352198742,-0.4911596093,0.9303015536,-0.9300422948,0.9305900153,-0.9295009009	ok
-0.83466934	-43.49699399	-45.30394878	0.8129403561	continued:5	1,-1,-1,1,1,-1,1,-1	-1,1,-1,-1,1,-1,1,1	2762.317593,9096.218702,12110.35193,17467.93682,19848.6759,25824.61338,30702.19172,36795.58843	5093.395714,16493.3498,22199.696,23860.30991,28649.35691,32873.72653,38159.51362,40746.3084	0.9580041199,-0.9385849002,-0.9580814109,0.9332730376,0.9420353305,-0.9365305508,0.928181202,-0.9371927806	-0.9539741106,0.9286179405,-0.935059332,-0.5719165065,0.9308148752,-0.9292047142,0.9329350306,0.933333924	ok
-0.83266533	-43.49699399	-45.61073744	0.8122321521	continued:5	1,-1,-1,1,1,-1,-1,1	-1,-1,1,-1,-1,1,-1,1	2887.160188,9247.162321,12158.70562,17385.22377,20171.67502,26486.30507,29550.55132,34997.78188	5092.738891,12534.88397,16545.55718,22213.6337,23929.58957,28867.07274,32665.99036,38511.74953	0.9429195348,-0.9387827312,-0.8961745512,0.932669401,0.9304973641,-0.9385145618,-0.9697181896,0.9337412898	-0.9539610597,-0.2726432615,0.9287070558,-0.934885799,-0.6716832323,0.9314055525,-0.9284890095,0.9358443567	ok
-0.83066132	-43.49699399	-45.89148156	0.8118583167	continued:5	1,1,-1,-1,1,-1,1,1	-1,-1,1,-1,-1,1,-1,1	28.3934551,3010.961634,9397.515675,12210.91202,17300.43552,20580.02735,26891.15824,29950.93197	5092.088654,12547.32984,16597.88236,22225.3734,24004.58248,29096.84639,32366.43962,38682.69	0.9593223683,0.93659827,-0.9389843193,-0.7808585236,0.9320670737,-0.9280210519,0.9385364706,0.968749106	-0.9539480064,-0.2656228026,0.9288002875,-0.9347000234,-0.7833553284,0.9320792897,-0.928011077,0.9385667452	ok
-0.82865731	-43.49699399	-46.14608902	0.8116911325	full	1,1,-1,-1,1,-1,1,1	-1,-1,1,-1,-1,1,1,-1	53.91501754,3059.290434,9473.292324,12191.27529,17134.56255,20941.23659,26816.70901,28210.38824	5091.444959,12557.48329,16650.28722,22234.95845,24086.70125,29341.09766,32040.64028,38362.90707	0.9895345066,0.9739991354,-0.9391928752,-0.6358132097,0.931463058,-0.9285344869,0.9360740678,0.261890978	-0.9539349509,-0.262185066,0.9288976881,-0.9345027607,-0.8860652304,0.9328426822,0.9314357055,-0.9386448407	ok
-0.82665331	-43.49699399	-41.86786041	0.8246665344	continued:5	1,-1,1,-1,-1,1,1,-1	-1,-1,1,-1,-1,1,1,-1	1722.415565,8340.588837,14219.5924,20314.052,24374.22321,30786.70665,33493.50277,38436.45713	5090.807765,12566.80295,16702.73632,22242.42123,24177.71105,29603.0758,31799.71364,37632.8417	0.9307345852,-0.9404842744,0.9283409306,-0.9373502209,-0.9303914577,0.9392278518,0.6153630259,-0.9314783763	-0.953921893,-0.2602680953,0.928999305,-0.9342947619,-0.9526182201,0.9337034929,0.9602941048,-0.9358705625	ok
-0.82464930	-43.49699399	-42.70723890	0.8218731855	continued:5	1,-1,-1,1,-1,1,-1,-1	-1,-1,1,-1,-1,1,1,-1	1935.33806,8444.576497,10882.43964,15277.43744,20414.35703,23530.42184,29985.91153,32560.90939	5090.17703,12575.69021,16755.19723,22247.77977,24279.79714,29886.6583,31691.50425,36890.50736	0.9348424456,-0.9398607452,-0.3007416256,0.9296349999,-0.9323527118,0.9276786857,-0.9395329114,-0.4307087159	-0.9539088329,-0.2592970149,0.9291051811,-0.9340767661,-0.9741501389,0.9346702919,0.8138911731,-0.9326219796	ok
-0.82264529	-43.49699399	-43.31134433	0.8190798366	continued:5	1,-1,-1,1,-1,-1,1,1	-1,-1,1,-1,-1,1,1,-1	2079.501685,8588.301052,11011.52814,15395.2432,20569.83791,23553.19459,30052.53336,32499.94781	5089.552713,12584.32555,16807.64083,22251.03427,24395.61229,30195.8421,31689.42461,36139.6765	0.93970854,-0.9399035421,-0.2888261732,0.9296167768,-0.9325440963,-0.9372927833,0.9398455458,0.3051489726	-0.9538957705,-0.2590126454,0.9292153558,-0.9338494949,-0.9670313731,0.9357503943,0.3086552692,-0.9297996752	ok
-0.82064128	-43.49699399	-43.81207077	0.8166208563	continued:5	1,-1,-1,1,-1,-1,1,1	-1,-1,1,-1,-1,1,-1,1	2219.464296,8751.264097,11093.67904,15325.05868,20778.79924,22896.01305,28675.93242,30194.32012	5088.934773,12592.8089,16860.04155,22252.16342,24528.25786,30533.50372,35136.75248,41562.61478	0.9561992726,-0.9400909665,-0.2569926258,0.9292408428,-0.9339262692,-0.970243306,0.9356678559,0.3305594621	-0.9538827057,-0.2592726323,0.9293298658,-0.9336136502,-0.9520109805,0.9369434381,-0.9281398221,0.9394405734	ok
-0.81863727	-43.49699399	-44.25204319	0.8144962445	continued:5	1,-1,1,-1,-1,1,-1,1	-1,-1,1,-1,-1,1,1,-1	2354.552105,8915.28151,15188.51819,20976.57287,22477.07756,26990.2341,31965.08245,35707.91044	5088.323169,12601.20282,16912.37761,22251.12042,24681.10766,30898.5038,34232.56755,40175.31844	0.9731371571,-0.9403159359,0.9288369952,-0.9357452611,-0.3093017412,0.9300074038,-0.9317058566,0.9285435564	-0.9538696386,-0.2599897298,0.9294487456,-0.9333699147,-0.9400397649,0.9382244075,0.959187012,-0.936618176	ok
-0.81663327	-43.49699399	-44.65002230	0.8127060012	continued:5	1,-1,1,-1,-1,1,1,-1	-1,-1,1,-1,-1,1,1,-1	2483.170797,9074.910668,15010.17267,21144.35847,24885.23447,31266.98465,33986.09916,39052.7733	5087.717862,12609.54987,16964.6311,22247.82861,24857.32121,31279.52825,33883.75241,38732.24047	0.9467882986,-0.9405551801,0.9284998802,-0.9377687062,-0.9345514432,0.939256976,0.6167903737,-0.9320895575	-0.9538565693,-0.2611067582,0.9295720292,-0.9331189545,-0.9333564745,0.9395046687,0.4534514822,-0.9311773226	ok
-0.81462926	-43.49699399	-45.01502269	0.8113290602	continued:5	1,-1,1,-1,-1,1,-1,1	-1,-1,1,-1,-1,1,-1,1	2619.906168,9243.967794,14814.53178,21264.58599,23779.09393,28461.28619,33114.44389,37794.4903	5087.118811,12617.88083,17016.78815,22242.17634,25058.86127,31644.99419,37596.7896,43733.21884	0.9715871757,-0.9408043876,0.9282583178,-0.9397192543,-0.3509972236,0.9305775782,-0.9305377505,0.930627217	-0.9538434976,-0.2625846652,0.9296997501,-0.932861427,-0.9306963691,0.9405661469,-0.9285373383,0.9378190149	ok
-0.81262525	-43.49699399	-45.35051010	0.8102864877	continued:5	1,-1,1,-1,1,-1,1,-1	-1,-1,1,-1,1,-1,1,-1	2750.330638,9407.719077,14602.44313,21249.81737,26543.31364,33164.74791,38719.27897,45205.60429	5086.525977,12626.21908,17068.83893,22234.01115,25284.97983,31938.28184,37173.11404,43811.8091	0.9577356156,-0.9410611273,0.9274990598,-0.9409978833,0.9280050435,-0.9408341611,0.9282694339,-0.9399875795	-0.9538304236,-0.2643961763,0.9298319418,-0.9325979892,0.9267993685,-0.9410354475,0.9277996946,-0.9409430892	ok
-0.81062124	-43.49699399	-45.65851593	0.8095782838	continued:5	1,-1,-1,1,-1,1,-1,1	-1,-1,1,-1,1,-1,1,-1	2876.282535,9567.987767,14394.61719,21029.33932,26406.01424,33024.13843,38569.90981,45088.51144	5085.939321,12634.5831,17120.7777,22223.13281,25530.68548,32105.16751,38096.74354,44229.48415	0.9419890778,-0.9413259588,-0.9310024536,0.9409641826,-0.9281589564,0.9408591848,-0.9282845876,0.9402329457	-0.9538173473,-0.266522144,0.9299686405,-0.9323293132,0.9282279609,-0.9405837702,0.9286195655,-0.937870241	ok
-0.80861723	-43.49699399	-45.93973285	0.8092044484	continued:5	1,1,-1,-1,1,1,-1,1	-1,-1,1,-1,1,-1,-1,1	26.98785152,3000.745148,9727.803673,14211.15059,20642.22997,23163.4186,27925.77569,32434.01679	5085.358804,12642.98796,17172.60275,22209.28508,25786.47036,32142.57141,34879.0155,40058.43909	0.9587704667,0.937152257,-0.9415988029,-0.9371617441,0.9397295258,0.3488631121,-0.9309013947,0.9301355458	-0.9538042686,-0.2689493214,0.9301098833,-0.9320561037,0.9284594203,-0.9392652653,-0.6296520053,0.9326753546	ok
-0.80661323	-43.49699399	-46.19416669	0.8090372641	full	1,1,-1,-1,1,1,-1,-1	-1,-1,1,-1,1,-1,-1,1	51.59548223,3049.954402,9814.077008,13984.37771,20115.36914,23791.75529,30271.5401,32641.62406	5084.784388,12651.44636,17224.31638,22192.14601,26040.42705,32090.85411,36284.51985,43047.94812	0.9907721601,0.9735406106,-0.9418838466,-0.9566213305,0.9379308622,0.936566682,-0.9400762996,-0.2509689319	-0.9537911876,-0.271668941,0.9302557117,-0.9317791225,0.9287802401,-0.9374499387,-0.9346042783,0.9418794388	ok
-0.80460922	-43.49699399	-41.88906959	0.8221013525	continued:5	1,-1,1,-1,-1,1,1,-1	-1,-1,1,-1,1,-1,-1,1	1694.796465,8745.661743,15437.43519,21617.92226,25009.41515,31201.15881,34538.003,40660.33487	5084.216034,12659.96922,17275.92483,22171.3165,26281.987,31985.69896,33584.06911,38504.55808	0.9312032611,-0.9437911666,0.9286915168,-0.9382671925,-0.9541210443,0.9383346207,0.9594795041,-0.9379138497	-0.9537781043,-0.2746757808,0.9304061705,-0.9314992195,0.9292208156,-0.9354722084,-0.4015086483,0.931547976	ok
-0.80260521	-43.49699399	-42.73622873	0.8193080037	continued:5	1,-1,-1,1,-1,1,-1,1	-1,-1,1,-1,1,-1,-1,1	1919.441955,8815.729194,12218.75089,17313.08413,20731.03388,27340.84022,32803.67281,39495.86475	5083.653706,12668.56621,17327.43814,22146.30735,26504.78985,31837.44226,34293.47707,40763.02693	0.933991517,-0.9428349387,-0.4978006794,0.9323237965,-0.928383172,0.9409866111,-0.928314644,0.9415147525	-0.9537650187,-0.2779675335,0.9305613102,-0.9312173734,0.929777898,-0.9335071607,-0.9395487088,0.9400965476	ok
-0.80060120	-43.49699399	-43.34589915	0.8165146548	continued:5	1,-1,-1,1,-1,1,-1,1	-1,-1,1,-1,1,-1,1,-1	2069.997142,8966.248094,12342.51115,17412.78898,20945.9951,27464.58702,33841.98196,39622.90249	5083.097365,12677.24602,17378.8701,22116.52496,26707.14245,31629.00062,35682.59403,41508.37721	0.9398167005,-0.9428829383,-0.4619753781,0.9322275475,-0.9284908946,0.9404492564,-0.9292030683,0.9359653655	-0.9537519306,-0.2815443763,0.9307211868,-0.9309347415,0.9304438903,-0.9316374538,0.9291485146,-0.9362242239	ok
-0.79859719	-43.49699399	-43.85087129	0.8140556745	continued:5	-1,1,1,-1,1,-1,1,-1	-1,-1,1,-1,1,-1,1,1	2215.078185,9144.640965,12359.68478,17158.10915,21663.34594,26768.59562,30127.4106,36862.76572	5082.546975,12686.01661,17430.23813,22081.2569,26890.73211,31307.49404,36573.23844,39273.15582	-0.5471302008,0.9431483334,0.3044262331,-0.9310917994,0.9302020385,-0.9324470251,0.928374769,-0.9418846633	-0.9537388402,-0.2854086767,0.9308858635,-0.9306527243,0.9312122354,-0.9299575714,0.9332112679,0.9321694539	ok
-0.79659319	-43.49699399	-44.29407148	0.8119310627	continued:5	-1,1,-1,1,1,-1,1,-1	-1,-1,1,-1,1,-1,1,1	2354.066984,9326.073385,16780.75072,22124.23096,24548.3147,31069.81287,37353.59841,43271.01954	5082.002498,12694.88543,17481.56312,22039.65966,27059.01704,30783.6757,37118.61187,39833.8105	-0.9075275255,0.9434735458,-0.9298808454,0.9336214928,0.9417877682,-0.9405520778,0.9291202209,-0.936820118	-0.9537257475,-0.2895647934,0.9310554117,-0.9303730457,0.9320799994,-0.9287113677,0.9393713433,0.5750125334	ok
-0.79458918	-43.49699399	-44.69439523	0.8101408194	continued:5	-1,1,-1,1,1,-1,-1,1	-1,-1,1,-1,1,1,-1,1	2485.342616,9503.995419,16287.03643,22449.3842,25853.15574,32206.67997,34850.29092,40006.43853	5081.463899,12703.85949,17532.86942,21990.75318,27216.08777,30086.391,37081.30521,44183.94476	-0.8986428386,0.9438270511,-0.9289039658,0.9383345921,0.9533308563,-0.9395260444,-0.4673920307,0.9326716473	-0.9537126524,-0.2940189465,0.9312299119,-0.9300978494,0.9330491148,0.9310561814,-0.9436716303,0.9293149598	ok
-0.79258517	-43.49699399	-45.06093497	0.8086849447	continued:5	1,-1,1,-1,1,-1,-1,1	-1,-1,1,-1,1,1,-1,-1	2608.37158,9676.657593,15687.582,22648.9687,30120.27626,35453.60685,37915.70055,44557.67026	5080.931141,12712.94554,17584.18468,21933.43009,27366.09899,29516.79984,35668.21835,39116.96188	0.9528350182,-0.9441996493,0.9283182414,-0.9434993809,0.9299753927,-0.9336079081,-0.9398089781,0.9414133571	-0.9536995549,-0.2987791398,0.9314094543,-0.9298298119,0.9341269765,0.9697612822,-0.9382996823,-0.9494870594	ok
-0.79058116	-43.49699399	-45.39808204	0.8076423722	continued:5	1,-1,-1,1,1,-1,1,-1	-1,-1,1,-1,1,1,-1,-1	2740.462613,9861.394,15115.98717,22003.35835,25285.71379,30301.57314,34147.29409,40388.2904	5080.404189,12722.15009,17635.53977,21866.49296,27513.09994,29182.30255,34409.68307,37322.64384	0.9528936041,-0.9445919242,-0.9339256951,0.9430607685,0.3498545495,-0.9320422848,0.9289090808,-0.9388942657	-0.9536864551,-0.3038551228,0.9315941409,-0.9295722634,0.9353268731,0.481721266,-0.9330497975,-0.9315489946	ok
-0.78857715	-43.49699399	-45.70694841	0.8069341683	continued:5	1,-1,-1,1,1,-1,-1,1	-1,-1,1,-1,1,-1,1,-1	2867.293695,10044.06416,14681.06219,20852.21702,24165.41916,30483.27151,33197.91014,38548.48627	5079.883007,12731.47956,17686.96879,21788.73914,27661.08227,33128.40406,38997.5243,44488.4055	0.9427553579,-0.9450038277,-0.9718770907,0.9384903713,0.9626300862,-0.9394136246,-0.5595143389,0.9336989833	-0.9536733529,-0.3092583816,0.9317840861,-0.9293292982,0.9366683599,-0.9293330766,0.9366491358,-0.9293704963	ok
-0.78657315	-43.49699399	-45.98831991	0.8065603329	continued:5	1,1,-1,-1,1,1,-1,1	-1,-1,1,-1,1,1,-1,-1	25.91034402,2992.229348,10228.48778,14388.32542,19896.19101,21858.80591,27738.56403,33160.45793	5079.367559,12740.94025,17738.50898,21699.11751,27814.11037,31426.76682,38204.64103,41953.29474	0.9583091736,0.9382126029,-0.9454371963,-0.6783829527,0.9345703262,0.941780211,-0.9367323808,0.9292848071	-0.9536602483,-0.3150021573,0.9319794183,-0.9291058296,0.9381770984,0.939345127,-0.9424322521,-0.9194425391	ok
-0.78456914	-43.49699399	-46.24229700	0.8063931486	full	1,1,-1,-1,1,-1,1,1	-1,-1,1,-1,1,1,-1,1	49.77313403,3042.362895,10343.35487,14101.64907,18974.81549,23408.04152,28762.31335,31159.16294	5078.857812,12750.53847,17790.20073,21596.97877,27976.37517,30472.35313,35449.29019,39513.36325	0.9916893446,0.956811539,-0.9459009386,-0.2595057571,0.931443874,-0.9301021217,0.9337904997,0.9445557228	-0.9536471414,-0.3211014813,0.9321802809,-0.9289074861,0.9398822951,0.2946057904,-0.9318951972,0.9292919252	ok
-0.78256513	-43.49699399	-41.91735484	0.8196651256	continued:5	1,-1,-1,1,-1,1,1,-1	-1,-1,1,-1,1,1,-1,-1	1687.734334,9608.697155,14480.12483,19634.00906,22935.97933,30089.80361,34768.88246,41094.83728	5078.353729,12760.28055,17842.08762,21482.41744,28151.74268,32600.72363,39506.25355,42603.89636	0.9317822866,-0.9496344438,-0.3644727217,0.9327352084,-0.9284678571,0.9449944898,0.9685379895,-0.9395746834	-0.9536340321,-0.3275732287,0.9323868344,-0.9287399787,0.9418060656,0.9382511763,-0.9433623526,-0.2365135943	ok
-0.78056112	-43.49699399	-42.76755046	0.8168717767	continued:5	1,-1,-1,1,1,-1,1,-1	-1,-1,1,-1,1,-1,1,1	1924.478817,9481.52916,14259.59128,19985.04889,21499.56359,26458.88803,30638.01252,36466.28383	5077.855278,12770.17289,17894.21648,21356.64767,28341.23075,35139.47039,41397.5845,44266.13955	0.9397386185,-0.9475938058,-0.8026894784,0.9358849926,0.2675534859,-0.9318289178,0.9295382705,-0.9365129214	-0.9536209203,-0.3344361841,0.9325992581,-0.9286057454,0.9439291518,-0.9290874761,0.9391792184,0.7894383309	ok
-0.77855711	-43.49699399	-43.38035203	0.8140784278	continued:5	-1,1,1,-1,-1,1,-1,1	-1,-1,1,-1,1,-1,1,-1	2081.662563,9638.802095,14362.66223,20033.0915,21644.66537,26857.55822,29907.57159,37424.14107	5077.362424,12780.22198,17946.63749,21222.2735,28532.92514,36793.17455,41866.6658,45496.29919	-0.9138786966,0.9476366237,0.7316234756,-0.9355817604,-0.3671201918,0.9330522564,-0.9271800873,0.9473902628	-0.9536078062,-0.3417111158,0.9328177514,-0.9284776106,0.946099635,-0.9306418084,0.9324583056,-0.9287627095	ok
-0.77655311	-43.49699399	-43.88785369	0.8114127964	continued:5	1,-1,-1,1,-1,1,-1,1	-1,-1,1,-1,1,1,-1,-1	2194.040481,9823.800292,13989.29851,18836.39117,23492.45649,28472.05725,32511.80593,38616.22413	5076.875133,12790.43445,17999.40434,21083.26054,28672.81876,33114.18853,38371.9918,41223.25888	0.9401087598,-0.9481136377,-0.2365764752,0.9312900902,-0.9308217201,0.9320553042,-0.9293105973,0.9382706654	-0.9535946897,-0.3494208544,0.9330425368,-0.927833518,0.9478744329,0.3767787959,-0.9332946709,-0.931467608	ok
-0.77454910	-43.49699399	-44.33543743	0.8092881846	continued:5	1,-1,1,-1,-1,1,1,-1	-1,-1,1,1,-1,1,-1,-1	2337.758328,10067.65077,17035.28332,24584.65273,29265.35952,34921.70792,36554.18249,41857.00532	5076.393372,12800.81712,18052.57442,20944.48043,28642.32535,36275.70891,42892.49922,47694.43621	0.9720411225,-0.9487336076,0.9284352157,-0.9476739644,-0.6693244911,0.9355395018,0.3876860219,-0.9335433318	-0.9535815709,-0.3575903728,0.9332738615,0.9317142797,-0.9485507541,0.9289274022,-0.9416244241,-0.9316122518	ok
-0.77254509	-43.49699399	-44.73900032	0.8074979413	continued:5	1,-1,-1,1,1,-1,1,-1	-1,-1,1,1,-1,-1,1,1	2472.269023,10321.19244,15493.15816,21231.57638,22702.19166,27656.93614,31969.21329,37647.91623	5075.917107,12811.37698,18106.20909,20810.90896,28374.18023,32903.36199,38349.47223,40483.77906	0.8407419469,-0.9494307447,-0.7193987596,0.9360504121,0.2342566256,-0.9318075826,0.9298834095,-0.9357195187	-0.9535684496,-0.3662468673,0.9335120008,0.9328020156,-0.9477991963,-0.4661420401,0.9343420352,0.9729859271	ok
-0.77054108	-43.49699399	-45.10780365	0.8060420666	continued:5	1,-1,1,-1,1,-1,-1,1	-1,-1,1,1,-1,1,-1,1	2597.12474,10586.41106,18488.9327,25396.87896,32954.40319,38224.1217,40984.27909,48753.07066	5075.446307,12822.1213,18160.37403,20686.77878,27966.66059,36391.94443,41196.52064,45863.07996	0.9457604372,-0.9501944267,0.9288383182,-0.9436403177,0.9305020694,-0.9334702628,-0.9321262674,0.9490276904	-0.953555326,-0.3754198191,0.9337572609,0.9378875556,-0.9460780146,0.9311926425,-0.9313863306,0.9308950428	ok
-0.76853707	-43.49699399	-45.44634863	0.8049994941	continued:5	1,-1,-1,1,-1,1,1,-1	-1,-1,1,1,-1,1,-1,1	2730.760565,10889.05272,16101.10983,21339.27636,24342.46416,32497.7257,37735.25824,43012.6026	5074.980938,12833.05757,18215.13959,20575.01359,27537.57765,34279.40599,40728.23298,47370.9421	0.9489079819,-0.9510274392,-0.3079384001,0.933229578,-0.9229415345,0.9510136967,0.3267655432,-0.9334380261	-0.9535421998,-0.3851410425,0.9340099824,0.9490837775,-0.9440450688,0.9291611773,-0.9406304383,0.9300687069	ok
-0.76653307	-43.49699399	-45.75584019	0.8042912902	continued:5	1,-1,-1,1,-1,1,1,-1	-1,-1,1,1,-1,-1,1,-1	2858.321259,11222.69422,17263.30429,23234.61892,27869.5843,35405.72344,39989.67623,45597.9792	5074.520968,12844.19361,18270.58135,20477.07822,27136.02242,31383.36949,38387.47084,44415.03564	0.9427975787,-0.9519120387,-0.8398046391,0.937562535,-0.9286832606,0.9477560699,0.5293093339,-0.9353279492	-0.9535290714,-0.3954447031,0.9342705448,0.9666136532,-0.9420608295,-0.9496878626,0.944362674,-0.9286109945	ok
-0.76452906	-43.49699399	-46.03715462	0.8039174548	continued:5	1,1,-1,-1,1,1,-1,1	-1,-1,1,1,-1,1,-1,1	25.04139225,2983.599781,11599.92061,17797.64044,23532.07943,24989.68547,30022.06549,34155.75745	5074.066365,12855.53757,18326.78068,20393.15206,26772.41677,34070.08897,38532.43033,44010.8537	0.957905832,0.9389106283,-0.9527958587,-0.6142242074,0.936107781,0.2267038769,-0.9321490682,0.9295649436	-0.9535159405,-0.4063672872,0.9345393713,0.9709254197,-0.9402376717,0.9317628951,-0.9303141892,0.9346435682	ok
-0.76252505	-43.49699399	-46.29048653	0.8037502705	full	1,1,-1,1,-1,-1,1,1	-1,-1,1,1,-1,-1,1,-1	48.2762678,3034.715932,11944.16509,22110.16986,27766.84915,29370.47807,34731.34718,37197.35753	5073.617097,12867.09795,18383.82551,20322.43796,26444.62952,29852.94459,36867.26401,42598.34373	0.9924041872,0.960258518,-0.9535472001,0.9301072043,-0.9356952911,-0.3262197111,0.9339221391,0.9414959521	-0.9535028072,-0.4179475107,0.9348169339,0.8942133648,-0.9385842085,-0.9540672691,0.9445134878,-0.9277593022	ok
-0.76052104	-43.49699399	-41.93602691	0.8169548071	continued:5	1,-1,-1,1,-1,1,1,-1	-1,-1,1,1,-1,1,-1,-1	1630.945612,11089.57423,19553.8795,26511.35688,33081.7965,39915.0012,43051.56029,48175.87334	5073.173132,12878.88367,18441.81117,20263.44354,26146.87743,31570.71689,37736.65395,40874.55684	0.9326226065,-0.9538377145,-0.9591072224,0.9441763071,-0.9290679721,0.9433475044,0.2280118497,-0.932629989	-0.9534896715,-0.4302261405,0.9351037614,0.6957499313,-0.9370781813,0.9295589073,-0.9389093759,-0.9724546137	ok
-0.75851703	-43.49699399	-42.79709663	0.8141614582	continued:5	1,-1,-1,1,-1,1,-1,1	-1,-1,1,1,-1,-1,1,1	1882.273782,11310.15444,19470.14004,26331.12546,34208.70846,38944.17949,43896.67302,48204.27379	5072.73444,12890.90406,18500.8415,20214.09842,25872.08591,27483.74481,32906.05319,35146.52352	0.9334007654,-0.9539882664,-0.9660596584,0.9435712859,-0.9315124562,0.9312047944,-0.9320532804,0.9299659662	-0.9534765334,-0.4432456965,0.9354004452,0.4790969441,-0.9356929263,-0.3282714272,0.9342895572,0.9635670746	ok
-0.75651303	-43.49699399	-43.41719870	0.8113681093	continued:5	1,-1,-1,1,1,-1,-1,1	-1,-1,1,1,-1,-1,1,1	2047.445721,11470.18551,19481.57405,26117.68885,30396.71929,37845.87087,42936.27144,49567.37675	5072.30099,12903.16897,18561.03016,20171.35731,25612.18548,27792.47834,34594.36131,37832.12236	0.9380082048,-0.9539707766,-0.9739855081,0.9420962644,0.9472236286,-0.94742257,-0.9739585759,0.9420624999	-0.9534633929,-0.4570500003,0.9357076512,0.3229299639,-0.9344058468,-0.9706437402,0.9432133886,0.2747415149	ok
-0.75450902	-43.49699399	-43.93021200	0.8089091290	continued:5	-1,1,-1,1,-1,1,-1,1	-1,-1,1,1,-1,1,-1,-1	2204.169104,11635.73132,23773.73685,27574.54147,34503.12496,41344.67791,47773.91904,54470.9774	5071.87275,12915.68873,18622.50221,20126.99495,25357.52629,28571.19937,37922.44588,44860.54001	-0.8922194881,0.9539089452,-0.9326501125,0.929134453,-0.9441042887,0.9294446607,-0.940745307,0.9303654356	-0.9534502499,-0.4716835158,0.9360261289,0.2301935775,-0.9332013409,0.928599401,-0.9540115514,-0.2668088002	ok
-0.75250501	-43.49699399	-44.37950297	0.8066567997	continued:5	1,-1,1,-1,-1,1,1,-1	-1,-1,1,-1,1,-1,1,-1	2325.290418,11753.0255,22061.27077,29153.76878,33647.95021,40226.04078,45047.63127,54474.82574	5071.44969,12928.47425,18685.39605,25095.58588,29474.06235,35230.43387,41590.10126,46107.05355	0.9484842868,-0.9538428195,0.9291005592,-0.9452308682,-0.967726673,0.9417755083,0.9321290226,-0.9538656792	-0.9534371045,-0.4871904301,0.9363567261,-0.9320731652,0.9301719299,-0.9364031624,0.9319061559,-0.9305396197	ok
-0.75050100	-43.49699399	-44.78567780	0.8048665565	continued:5	1,-1,-1,1,1,-1,-1,1	-1,-1,1,-1,1,-1,1,1	2462.733198,11878.55387,20726.10771,29919.33436,36729.71489,42304.06514,44100.94919,50047.96547	5071.03178,12941.53705,18749.86592,24808.96079,29984.36219,33331.02931,42613.06426,51199.44343	0.9660190023,-0.9537831789,-0.9362431689,0.9539439488,0.3468715122,-0.9352338332,-0.6178041162,0.9375950122	-0.9534239567,-0.5036134025,0.9367004053,-0.9310289514,0.9331308284,-0.928769089,0.9539874082,0.932766516	ok
-0.74849699	-43.49699399	-45.15622535	0.8034106818	continued:5	1,-1,-1,1,1,-1,1,-1	-1,-1,1,-1,1,-1,1,1	2589.011944,11989.99457,20090.77956,26676.72788,31335.47773,40746.69233,51184.11625,58061.02549	5070.618989,12954.88931,18816.08489,24473.55044,30352.2377,35802.41302,42040.90115,44780.5097	0.9455831088,-0.9537316228,-0.9579759921,0.9418976499,0.9331311255,-0.9538175021,0.9292741787,-0.9438729981	-0.9534108065,-0.5209918955,0.9370582641,-0.9300991325,0.9372145202,-0.9297210084,0.9395650244,0.5228431328	ok
-0.74649299	-43.49699399	-45.49572133	0.8023681093	continued:5	1,-1,-1,1,-1,1,1,-1	-1,-1,1,-1,1,-1,1,-1	2723.872131,12109.80516,19795.52445,25703.83296,30952.49359,37604.97327,41581.79331,48547.93418	5070.211289,12968.54392,18884.24866,24062.47942,30868.86861,39186.39307,42571.28502,51936.56158	0.9507835305,-0.9536863579,-0.5334714446,0.9373830357,-0.9294399588,0.9423910438,0.9734813041,-0.9445053819	-0.9533976539,-0.5393600021,0.9374315594,-0.9293495178,0.9434345575,-0.9331500601,0.9288288975,-0.9539349383	ok
-0.74448898	-43.49699399	-45.80544623	0.8016599054	continued:5	1,-1,-1,1,1,-1,1,-1	-1,-1,1,-1,1,-1,1,1	2851.842707,12223.93501,19635.07353,25156.17089,27107.30383,33526.86214,40255.24795,45831.01253	5069.80865,12982.51453,18954.58056,23570.82485,32933.51595,42227.27897,51604.23995,59307.83637	0.9448386349,-0.9536462998,-0.2769429185,0.9349290677,0.8816812269,-0.9408304846,0.9305654964,-0.9353778608	-0.9533844988,-0.5587436739,0.93782174,-0.9288694779,0.9539167317,-0.9285264721,0.9536737103,0.5571638844	ok
-0.74248497	-43.49699399	-46.08635810	0.8012860700	continued:5	1,1,-1,1,-1,1,1,-1	-1,-1,1,1,-1,-1,1,1	24.50702616,2977.205156,12337.34586,24793.73249,28031.07192,37400.49267,45201.0495,51368.70493	5069.411042,12996.81565,19027.33774,23055.8663,32416.38909,39651.09128,44984.45969,47823.76888	0.9576041346,0.940462914,-0.953610386,0.9333355956,-0.9287299768,0.9536674789,0.6897831725,-0.9391503491	-0.9533713413,-0.5791572478,0.9382304851,0.9326686955,-0.953615341,-0.2147565097,0.9337110951,0.9323672909	ok
-0.74048096	-43.49699399	-46.33874133	0.8011188857	full	1,-1,1,-1,1,-1,1,-1	-1,-1,1,1,-1,-1,1,-1	47.361771,3029.371381,12379.83789,24452.86498,28902.24962,34643.28472,41165.12352,45186.22623	5069.018436,13011.46267,19102.81952,22609.14845,31705.13015,40105.12765,49455.35914,61801.84802	0.9928153262,-0.01800653932,0.9535770525,-0.9321953924,0.9304230082,-0.9364255631,0.9326515945,-0.9295372596	-0.9533581813,-0.6005992117,0.9386597549,0.9465158362,-0.9538306453,-0.9324307257,0.9535898837,-0.9330379505	ok
-0.73847695	-43.49699399	-41.97966951	0.8145268213	continued:5	1,-1,1,-1,-1,1,-1,1	-1,-1,1,1,-1,1,-1,1	1631.25384,11078.69526,20974.53061,30322.01173,37924.7333,43831.05222,49139.84314,55783.19886	5068.630803,13026.47195,19181.37841,22270.41053,29115.89377,36792.52124,41931.6826,45588.25028	0.9332805874,-0.9534675267,0.928833504,-0.9536223165,-0.4377568471,0.9374411684,-0.929598256,0.9424662724	-0.953345019,-0.6230471744,0.9391118559,0.9590259582,-0.9438359753,0.931310627,-0.9330191381,0.9291033208	ok
-0.73647295	-43.49699399	-42.83760849	0.8117334724	continued:5	1,-1,1,-1,-1,1,1,-1	-1,-1,1,1,-1,-1,1,1	1896.10167,11249.18735,22271.7503,28547.22875,31078.75996,36683.18553,38420.94414,44400.04678	5068.248116,13041.86091,19263.43496,22022.46195,28092.42735,31755.44423,41101.42163,49113.14571	0.9365050858,-0.9534979362,0.9299170278,-0.9399854784,-0.2604263946,0.9354718943,0.4651542819,-0.9379449348	-0.9533318541,-0.6464520915,0.9395895264,0.5303476833,-0.9385579198,-0.9380674916,0.9536400694,0.9239132232	ok
-0.73446894	-43.49699399	-43.45822846	0.8089401235	continued:5	-1,1,-1,1,1,-1,1,-1	-1,-1,1,1,-1,-1,1,1	2068.657176,11409.96334,22520.14345,28653.99456,31812.66846,39017.57849,47435.60853,52230.06569	5067.870345,13057.64809,19349.49842,21822.21496,27347.45457,29326.57506,36017.23579,39585.80664	-0.9106798222,0.9534861174,-0.930088807,0.9390545136,0.9726052377,-0.9462869184,0.9318699767,-0.9315455375	-0.9533186869,-0.6707319419,0.9400960493,0.2229623055,-0.9349493281,-0.899777525,0.9428450146,0.6456322605	ok
-0.73246493	-43.49699399	-43.97221291	0.8062744921	continued:5	1,-1,1,-1,1,-1,1,-1	-1,-1,1,-1,1,-1,-1,1	2187.863002,11528.29745,22480.41201,28903.53623,35465.68537,41387.5776,46464.73209,53944.505	5067.497462,13073.85327,19440.19583,26666.71319,31304.65394,36726.53196,38943.55541,46848.17669	0.9577682248,-0.9534638011,0.9298690704,-0.9410511575,0.9303557612,-0.9376669358,0.9293585674,-0.9480179298	-0.9533055172,-0.6957652021,0.940635407,-0.9321074355,0.9310130493,-0.9345613471,-0.9696291535,0.9502986099	ok
-0.73046092	-43.49699399	-44.42477545	0.8040221629	continued:5	1,-1,1,-1,1,-1,1,-1	-1,-1,1,-1,1,-1,1,-1	2312.057584,11656.77416,22409.73557,29271.4598,36545.76874,42406.24295,48076.07956,54075.38852	5067.12944,13090.49753,19536.31418,25842.04382,32265.38341,38808.42195,44777.44654,49351.73819	0.9418131849,-0.9534397469,0.9296252748,-0.9440895884,0.9304664907,-0.9372847758,0.9303066103,-0.9382003718	-0.9532923451,-0.7213847555,0.9412124939,-0.9299072069,0.9410819882,-0.9303403133,0.937999083,-0.9289650549	ok
-0.72845691	-43.49699399	-44.83331257	0.8022319196	continued:5	1,-1,1,-1,1,-1,-1,1	-1,-1,1,-1,1,-1,1,1	2452.452107,11806.26049,22355.70174,29899.20285,38408.77402,43945.5691,45793.5788,52192.31661	5066.76625,13107.60339,19638.86339,24688.30391,34028.77421,44747.11939,51721.80136,56999.97387	0.9518033392,-0.9534158854,0.9294195412,-0.9484474454,0.9309268504,-0.935262572,-0.6595568041,0.9409116541	-0.9532791706,-0.7473731079,0.9418334165,-0.9283878271,0.9534226755,-0.9296088758,0.9448834957,0.9334806982	ok
-0.72645291	-43.49699399	-45.20538690	0.8007760449	continued:5	1,-1,1,-1,-1,1,1,-1	-1,-1,1,1,-1,1,-1,-1	2580.017376,11947.59135,22304.00399,31418.84321,38315.97377,44411.23662,47851.00078,57169.03204	5066.407866,13125.19488,19749.17353,23702.68753,31540.54363,40410.45467,46061.30723,47627.17787	0.9440666776,-0.9533924726,0.9292640289,-0.9538028828,-0.426004089,0.9388256811,0.9525206137,-0.9536278769	-0.9532659936,-0.7734601058,0.9425059307,0.9738442678,-0.9500414746,0.9308096116,-0.9359774122,-0.2327828653	ok
-0.72444890	-43.49699399	-45.54563856	0.7997334724	continued:5	1,-1,1,-1,-1,1,1,-1	-1,-1,1,1,-1,1,-1,1	2715.993795,12103.37766,22272.91457,31567.99241,39658.88254,47109.82153,51439.06791,57196.52233	5066.05426,13143.29771,19869.05114,23137.77878,28939.80603,35279.53728,39926.95823,45408.32651	0.9492861127,-0.9533694384,0.9291463841,-0.9535590621,-0.9632552587,0.9479621941,0.2446401203,-0.9365059702	-0.9532528141,-0.7993245031,0.9432400899,0.261229889,-0.9368139735,0.93223579,-0.9310811544,0.9349567561	ok
-0.72244489	-43.49699399	-45.85542022	0.7990252685	continued:5	1,-1,1,-1,1,-1,1,1	-1,-1,1,-1,1,1,-1,-1	2844.215713,12258.7566,22248.40058,31515.59733,43461.81258,48103.29969,53618.86568,55529.07615	5065.705405,13161.93937,20001.04288,27488.76014,33009.34202,34904.674,41572.12859,45159.32426	0.9449340125,-0.9533466327,0.9290572908,-0.9534315181,0.9322777543,-0.9310712257,0.9351729395,0.7684477379	-0.9532396322,-0.8246007642,0.9440492465,-0.9310642103,0.9352033134,0.7393858449,-0.9428648163,-0.65982129	ok
-0.72044088	-43.49699399	-46.13577135	0.7986514331	continued:5	1,1,-1,1,-1,1,-1,1	-1,-1,1,1,-1,1,-1,1	24.11568093,2969.519087,12421.49602,22233.55722,31543.3173,42344.07588,49193.90575,56450.75919	5065.361275,13181.14927,20148.90674,25350.56222,34689.08356,45195.14988,53343.78998,61199.79425	0.9573448509,0.9410285566,-0.9533238786,0.9289714605,-0.9533633717,0.9298216928,-0.9441692952,0.9305585468	-0.9532264479,-0.8488920997,0.9449516427,0.9346711589,-0.9533513775,0.9294719809,-0.9514811973,0.9290742301	ok
-0.71843687	-43.49699399	-46.38706695	0.7984842488	full	1,1,-1,1,-1,1,-1,1	-1,-1,1,1,-1,-1,1,-1	46.70130561,3022.821773,12529.98258,22154.09726,31574.70631,41537.69593,50799.63072,62271.32044	5065.021842,13200.9589,20318.51588,24038.03437,29727.28914,31319.77692,37170.3253,43201.8388	0.9930982307,0.6969922261,-0.9533006269,0.9287404673,-0.9533143036,0.9290826804,-0.9533774766,0.9310896723	-0.9532132611,-0.8717899836,0.9459730276,0.2006440721,-0.9359440501,-0.2414172161,0.9371589438,-0.9313246732	ok
-0.71643287	-43.49699399	-42.02020883	0.8119006902	continued:5	1,1,-1,1,1,-1,-1,1	-1,-1,1,1,-1,1,-1,1	1594.65009,12575.14531,23717.87181,29852.54835,32919.24766,40568.84725,46271.76208,55530.41921	5064.68708,13221.40198,20519.75171,26499.11156,36079.58391,45527.05675,55108.01676,64554.34643	0.9344992474,0.9533467536,-0.9304308372,0.9392707955,0.9403072159,-0.9491862427,-0.9619761258,0.9534935481	-0.9532000719,-0.8928992341,0.9471510099,0.9347958103,-0.9532775855,0.9261262438,-0.9532775361,0.9260468683	ok
-0.71442886	-43.49699399	-42.87922941	0.8091073413	continued:5	1,1,-1,1,-1,1,-1,1	-1,-1,1,-1,1,-1,1,-1	1874.66855,12819.05759,22514.99285,31948.9024,41874.48193,51149.12407,62166.23405,68556.37683	5064.356963,13242.51462,20770.91272,29097.61001,34998.22501,40364.66135,47283.85715,53145.90136	0.9353545522,0.9532723724,-0.928934868,0.9532815273,-0.929102111,0.9533254225,-0.9302374633,0.941069722	-0.9531868802,-0.9118663237,0.9485417058,-0.9307239257,0.9376963862,-0.9299012926,0.9447307668,-0.9289976375	ok
-0.71242485	-43.49699399	-43.50275113	0.8063139924	continued:5	-1,-1,1,-1,-1,1,1,-1	-1,-1,1,-1,1,1,-1,-1	2055.575006,13015.51627,22573.53404,32317.05511,41529.78014,51372.7276,60461.67857,69992.24965	5064.031466,13264.33553,21110.12555,29160.49183,37352.02699,43733.93866,52986.4314,61494.92322	-0.7347065508,-0.9532510859,0.9286315356,-0.953236123,-0.9332825108,0.9532301323,0.934251838,-0.95325392	-0.953173686,-0.92840736,0.9502224441,-0.9296208965,0.9516985205,0.9697686607,-0.953493807,-0.9482591788	ok
-0.71042084	-43.49699399	-44.01948406	0.8036483610	continued:5	1,1,-1,1,-1,1,1,-1	-1,-1,1,-1,1,-1,1,-1	2178.011939,13100.68181,22977.1894,32295.55481,42843.88376,51252.09076,58518.55729,68051.8184	5063.710561,13286.90617,21620.76991,31157.86006,36945.10138,43321.21154,47903.86988,53686.83186	0.9480374284,0.953248311,-0.9291142688,0.9532744967,-0.9296369495,0.9524391499,0.9351101199,-0.9532390943	-0.9531604894,-0.9423315577,0.952201901,-0.9309377094,0.9369725894,-0.9325527324,0.9309430807,-0.9369443236	ok
-0.70841683	-43.49699399	-44.47424924	0.8015237492	continued:5	-1,-1,1,-1,-1,1,-1,1	-1,-1,1,-1,1,1,-1,-1	2334.859603,13239.56029,23476.51298,32681.06963,39948.40499,45829.59008,51812.14525,57361.39275	5063.394224,13310.27098,22299.29604,31962.25361,40117.89967,47089.95829,57100.68134,66101.0285	-0.9144684995,-0.9532464553,0.9293661609,-0.9533778049,-0.1989214275,0.9373296838,-0.9312900977,0.9354572403	-0.9531472904,-0.9535563286,0.953633273,-0.9297020113,0.9515871873,0.934425124,-0.9531948329,-0.9357152801	ok
-0.70641283	-43.49699399	-44.88284352	0.7996057885	continued:5	1,1,-1,1,1,-1,1,1	-1,-1,1,-1,-1,1,1,-1	2445.230529,13346.57204,23914.83611,32387.3739,38359.1966,44675.01771,52439.58611,54750.74315	5063.08243,13334.47755,22580.8397,31787.40848,42740.06073,52356.67882,63282.58655,73067.55847	0.9501716845,0.953243709,-0.9297077114,0.9526373895,0.331694268,-0.9405490201,0.934661242,0.9620980538	-0.9531340889,-0.9621115072,0.9536596173,-0.9289611661,-0.953206592,0.9289267894,0.9532132743,-0.9291001811	ok
-0.70440882	-43.49699399	-45.25597084	0.7981499138	continued:5	1,1,-1,1,-1,1,1,-1	-1,-1,1,-1,1,1,-1,1	2573.620503,13478.98608,24339.36554,31188.33255,38165.96364,44862.35515,48076.34657,54078.83859	5062.775152,13359.57685,22605.19355,33595.65309,39650.42401,43280.57719,52714.15796,62744.48755	0.944859173,0.9532399763,-0.9301262631,0.9443958352,-0.9302111264,0.9433432183,0.2086272325,-0.9382416877	-0.9531208849,-0.9681322256,0.9535123524,-0.9307408591,0.9388380975,0.9401045504,-0.9532070507,0.9292633157	ok
-0.70240481	-43.49699399	-45.59657044	0.7971073413	continued:5	1,1,-1,1,1,-1,-1,1	-1,-1,1,1,-1,1,-1,1	2710.351015,13623.96177,24747.6846,30965.55508,33557.61612,39779.7266,42443.66331,48857.14955	5062.472367,13385.62344,22594.98961,30921.02147,40104.19456,51980.04584,56681.89956,62271.54096	0.950890497,0.9532356696,-0.9306151678,0.9399985178,0.262583829,-0.9398854694,-0.3333095982,0.9412856644	-0.9531076785,-0.9718420789,0.9534124415,0.9623950122,-0.9532718265,0.932551247,-0.9313483741,0.9357407809	ok
-0.70040080	-43.49699399	-45.90605271	0.7963991374	continued:5	1,1,-1,1,-1,1,1,-1	-1,-1,1,1,-1,1,-1,1	2838.445007,13762.62763,25123.49027,30884.4809,37534.15182,40860.85096,51812.71046,61485.98245	5062.174049,13412.67569,22590.09694,30087.04658,36545.65271,42562.0305,51464.55032,63575.38189	0.9463531863,0.9532307754,-0.9311603132,0.9368654081,-0.9337942933,0.9291394924,0.9531617882,-0.929078512	-0.9530944696,-0.973529774,0.953341989,0.3314715526,-0.9416277741,0.929783157,-0.953513748,0.9372512579	ok
-0.69839679	-43.49699399	-46.18553144	0.7960253020	continued:5	1,1,1,-1,1,1,1,-1	-1,-1,1,-1,1,1,-1,1	24.01641873,2963.378084,13899.61558,25479.00947,30829.67277,33542.38506,44425.51589,55371.73806	5061.880173,13440.79595,22597.72532,35453.68575,42600.71172,44104.40946,50114.00459,55133.64408	0.9571778096,0.9421450779,0.9532255789,-0.9317574567,0.934312392,0.935157783,0.9531962194,-0.9303497443	-0.9530812583,-0.973523109,0.9532878424,-0.9364635158,0.9361811267,0.1955168194,-0.9380894563,0.9295848813	ok
-0.69639279	-43.49699399	-46.43546853	0.7958581177	full	1,1,1,-1,1,-1,1,-1	-1,-1,1,-1,1,1,-1,1	46.58057725,3017.922768,13967.84244,25758.90261,30648.79083,35813.02902,39843.00471,48955.50666	5061.590715,13470.05076,22619.64708,34862.60444,37980.2962,48905.95073,60473.51913,65844.95986	0.9931282945,0.4163778275,0.9532204309,-0.9324252735,0.9320576656,-0.9333087837,0.9298300471,-0.9536568839	-0.9530680445,-0.9721638414,0.9532433313,-0.9340005826,0.9287198726,0.9532092207,-0.9317655489,0.9344384525	ok
-0.69438878	-43.49699399	-42.06252319	0.8092780420	continued:5	1,1,1,-1,1,-1,-1,-1	-1,-1,1,-1,1,-1,1,-1	1555.190416,12705.48963,20276.07842,27118.85936,34205.32602,40721.81003,45479.88472,56439.11466	5061.305652,13500.511,22657.18674,34451.30118,39324.75827,44558.26677,48149.62882,57405.80806	0.9362420971,0.9533053479,0.4067605984,-0.9444190861,0.9305193481,-0.9422019722,-0.9347919827,-0.9532129188	-0.9530548282,-0.9697860871,0.9532048319,-0.9324812953,0.9319975821,-0.9336751566,0.929367615,-0.9531621743	ok
-0.69238477	-43.49699399	-42.92194175	0.8064846931	continued:5	1,1,-1,-1,1,1,-1,-1	-1,-1,1,-1,1,-1,1,-1	1851.80901,12876.92669,25486.66469,27272.06921,34259.63237,38695.09328,47851.10521,55662.91278	5061.024958,13532.25204,22712.86233,34127.2107,39791.69482,47298.90167,52187.11083,61334.22664	0.9351774681,0.9532298349,-0.9356229955,-0.4291609829,0.9454281512,0.9458108805,-0.953309655,-0.7529874193	-0.9530416095,-0.9666997105,0.9531701429,-0.9314363347,0.9362709424,-0.938225997,0.9295064237,-0.9531911852	ok
-0.69038076	-43.49699399	-43.54799969	0.8036913442	continued:5	1,1,-1,-1,1,-1,-1,1	-1,-1,1,-1,1,-1,1,-1	2041.977799,13047.90826,25550.12938,27548.83353,36757.59395,48923.95696,51299.58518,60621.51909	5060.74861,13565.3538,22792.26381,33849.55543,40266.95835,46658.63066,53369.40103,62206.42088	0.9556564582,0.9532090952,-0.9352366862,-0.8460820558,0.9534497875,-0.9347261606,-0.9566733566,0.9531190802	-0.9530283884,-0.9631790943,0.9531376902,-0.9306694663,0.9415400339,-0.9304677637,0.9436177068,-0.9368696123	ok
-0.68837675	-43.49699399	-44.06721699	0.8010257128	continued:5	1,1,-1,-1,1,1,-1,-1	-1,-1,1,-1,1,-1,-1,-1	2167.860144,13179.93419,25809.57741,27497.23106,34136.79085,37675.2194,45277.14795,50972.53529	5060.476584,13599.90074,22909.61623,33593.39173,41852.19029,52293.50414,55188.36744,66192.54845	0.9442527801,0.9531994484,-0.9358572087,-0.2810258662,0.9430197518,0.5254958971,-0.9491926725,-0.9607505094	-0.9530151648,-0.9594568896,0.9531059234,-0.9300756916,0.9520370446,-0.934263391,-0.9350678885,-0.953196059	ok
-0.68637275	-43.49699399	-44.52396307	0.7989011010	continued:5	-1,-1,1,-1,-1,1,-1,1	-1,-1,1,-1,1,-1,1,-1	2329.420098,13355.09911,26187.8597,33070.83143,35172.34359,44277.88934,57345.86162,62824.68704	5060.208857,13635.98176,23119.37418,33332.74132,42465.54419,54222.51304,59155.80004,64306.07835	-0.910953956,-0.9531929781,0.9368500134,-0.9351068207,-0.9494651533,0.9532029603,-0.9379585407,0.930323627	-0.9530019387,-0.9557219094,0.9530717815,-0.9295794705,0.95313986,-0.9325466466,0.9322597708,-0.9332602842	ok
-0.68436874	-43.49699399	-44.93390626	0.7969831403	continued:5	1,1,-1,1,-1,1,1,-1	-1,-1,-1,1,-1,1,-1,-1	2439.724879,13480.82787,26550.88681,31900.33371,40469.58658,48780.40282,59633.19052,71045.83129	5059.945405,13673.69002,24555.2635,34743.15896,43889.79422,55451.12119,60821.64774,63522.04196	0.9508918694,0.9531873676,-0.9380595752,0.930122326,-0.9529018137,0.9293058313,0.9531067915,-0.931578758	-0.9529887102,-0.9521201811,-0.9530549674,0.9295790391,-0.9531140921,0.9319900597,-0.9344655419,-0.936046669	ok
-0.68236473	-43.49699399	-45.30771072	0.7955272656	continued:5	1,1,-1,-1,1,1,-1,-1	-1,-1,-1,1,-1,-1,1,1	2568.503632,13625.45927,26965.08134,30001.52424,39099.98382,46467.22452,53090.77584,56755.03204	5059.686206,13713.12251,24531.37469,35541.07888,42130.52552,45880.14168,54987.74788,62567.12987	0.9462988264,0.953181723,-0.9394939372,-0.8894492659,0.9532011928,0.2304223778,-0.9429216194,-0.7378250662	-0.9529754791,-0.9487582238,-0.9530720386,0.9306950151,-0.9428502786,-0.8665557812,0.9532196566,0.4187145484	ok
-0.68036072	-43.49699399	-45.64833245	0.7944846931	continued:5	1,1,1,-1,1,-1,1,-1	-1,-1,-1,1,-1,-1,1,-1	2705.648723,13778.99306,21026.33999,27440.83254,34480.47687,39703.59789,43589.89021,52672.23018	5059.431235,13754.37946,24599.45166,36129.16369,41561.2233,43912.68655,53508.11943,63648.36015	0.9530111466,0.9531764873,0.1808528901,-0.9412753977,0.9322690945,-0.9336483003,0.9297391186,-0.9531225345	-0.9529622456,-0.9457077878,-0.9530808038,0.9319782568,-0.9348402971,-0.96100029,0.9530214539,-0.9295815488	ok
-0.67835671	-43.49699399	-45.95723002	0.7937764892	continued:5	1,1,1,-1,1,1,1,-1	-1,-1,-1,1,-1,1,-1,1	2833.234402,13922.85807,21276.16954,27986.957,37159.46988,40841.74587,51799.89038,64308.96563	5059.180471,13797.56349,24686.29604,36661.47137,40780.56521,49943.1536,61377.26667,66556.54985	0.9477483511,0.9531712575,0.2210479616,-0.9435681281,0.9390002232,0.9385819075,0.9531152631,-0.935688327	-0.9529490097,-0.9430115028,-0.9530880122,0.9334994861,-0.9300655473,0.9533350194,-0.9323654697,0.9334212087	ok
-0.67635271	-43.49699399	-46.23558722	0.7934026538	continued:5	1,1,1,1,-1,1,-1,-1	-1,-1,-1,1,1,-1,-1,1	24.14696674,2957.479516,14063.34186,21520.43918,28709.97165,36279.2301,43227.86673,47778.16616	5058.93389,13842.77842,24781.07623,37200.63709,39180.96502,48264.82737,55831.81469,63890.86906	0.9570836631,0.9431462485,0.9531660938,0.2927512682,-0.946864501,0.9306092443,-0.9454018563,-0.9732247903	-0.9529357712,-0.9406891531,-0.9530950808,0.9353631466,0.7776864107,-0.9531752911,-0.4045414961,0.951333859	ok
-0.67434870	-43.49699399	-46.48395076	0.7932354695	full	1,1,1,1,-1,1,-1,1	-1,-1,-1,1,-1,1,-1,1	46.88467523,3013.398806,14136.38211,21710.63371,30238.28949,39885.5773,46234.93184,53489.37755	5058.69147,13890.12771,24879.8215,37801.12314,43763.41643,49604.65029,55857.66623,60979.99955	0.9929606141,0.4921471239,0.953161476,0.4136589347,-0.9527815632,0.9310255299,-0.9411986756,0.9331351048	-0.9529225304,-0.9387446639,-0.9531025355,0.9377770592,-0.9315489534,0.9375499025,-0.9325143122,0.9331385931	ok
-0.67234469	-43.49699399	-42.12871903	0.8067875932	continued:5	1,1,-1,-1,-1,-1,1,1	-1,-1,-1,1,-1,1,-1,1	1556.576504,12898.24518,24879.60124,27657.46047,38754.60244,46194.59344,53537.66549,58037.03418	5058.45319,13939.71248,24980.26038,38551.87922,45775.05803,50490.54068,56421.1918,61782.18049	0.9373014752,0.9533108786,-0.9345226216,-0.9351054365,-0.9531357302,-0.2778335145,0.947825212,0.3363116655	-0.952909287,-0.9371746711,-0.9531105051,0.9412374716,-0.9330428685,0.9314802514,-0.938189266,0.9302315353	ok
-0.67034068	-43.49699399	-42.97769394	0.8039942443	continued:5	1,1,1,1,-1,1,-1,-1	-1,-1,-1,-1,1,1,-1,1	1870.31036,13083.62072,21609.48474,32568.5636,45359.89683,51957.17787,55535.95163,66325.90564	5058.219025,13991.62892,25080.61001,32491.97524,39798.9772,44701.80186,53766.57323,65815.92615	0.9379232743,0.9531856747,0.94262166,0.9530653429,-0.9373092215,0.9339927978,-0.9295219522,-0.9529969603	-0.9528960412,-0.9359818311,-0.9531187901,-0.2555156637,0.9476143256,0.9186818588,-0.953028653,0.9339995745	ok
-0.66833667	-43.49699399	-43.60113668	0.8012008954	continued:5	-1,-1,-1,-1,1,-1,1,-1	-1,-1,-1,-1,1,1,-1,1	2069.631837,13256.08675,21429.8658,32342.69744,42749.29803,51777.19328,64512.59788,71361.91324	5057.988955,14045.96526,25179.19805,32870.65727,41943.36796,49935.05613,59058.6352,70657.27657	-0.9197977531,-0.9531556443,-0.971236472,-0.9529358477,0.9299589265,-0.9530470583,0.9371178974,-0.9352470343	-0.9528827929,-0.9352049512,-0.9531268205,-0.584783381,0.9531460549,0.9524148229,-0.9529889927,0.9324298617	ok
-0.66633267	-43.49699399	-44.11952365	0.7985352640	continued:5	-1,-1,-1,-1,1,-1,1,-1	-1,-1,-1,-1,1,-1,1,-1	2197.319364,13390.53276,21673.98564,32475.79358,44231.45711,49076.22572,54724.65429,62911.8849	5057.762958,14102.79803,25274.36791,33306.40374,42520.78835,53788.58597,59784.78367,64262.13095	-0.9154031318,-0.9531459209,-0.9607896455,-0.9529813937,0.9329995643,-0.931943325,0.9362528077,-0.9430081072	-0.9528695423,-0.9350268679,-0.9531335904,-0.9657674533,0.9529564338,-0.9315180757,0.9386875522,-0.9294246063	ok
-0.66432866	-43.49699399	-44.57579501	0.7962829348	continued:5	-1,-1,-1,-1,1,-1,-1,1	-1,-1,-1,-1,-1,1,-1,1	2327.160775,13534.83627,22057.43194,33075.15316,46724.7671,52260.23319,63022.82939,74424.18591	5057.541012,14162.18781,25364.5181,33803.4033,44752.3433,57669.74881,63186.4246,71259.1683	-0.9107193603,-0.9531408728,-0.9422801746,-0.95304935,0.9421067385,-0.9296171702,-0.9529470206,0.9319125264	-0.952856289,-0.9365088015,-0.9531376488,-0.9471527369,-0.9530234351,0.9381907271,-0.9305590792,0.9514509568	ok
-0.66232465	-43.49699399	-44.98660452	0.7943649741	continued:5	1,1,1,1,1,1,1,-1	-1,1,1,1,1,1,1,1	2436.605716,13660.6772,22512.55829,33724.80573,42353.86566,53468.78972,61087.43278,70142.213	5057.323096,14224.17437,25448.1912,34298.92582,45510.89909,54135.14473,65246.96022,72846.34743	0.9545301089,0.9531373353,0.9354329491,0.9531298314,0.9380478256,0.9530777869,0.4761419443,-0.9531056319	-0.9528430333,0.6745661503,0.9531372308,0.9354166628,0.9531296931,0.9381901478,0.9530763209,0.4490161872	ok
-0.66032064	-43.49699399	-45.36068073	0.7929090994	continued:5	1,1,-1,-1,-1,1,-1,1	-1,1,1,-1,-1,-1,-1,-1	2565.192285,13805.89975,23064.41304,34213.07328,42092.04731,51165.20309,63017.92793,67465.27162	5057.109187,14288.77143,25524.12782,34655.32303,45863.86697,54458.99725,65572.51487,73197.52201	0.948948592,0.9531341103,-0.9293065104,-0.9530807331,-0.8752040673,0.9529388158,-0.933496524,0.9307719551	-0.9528297752,0.9267811754,0.9531305872,-0.928894508,-0.9531137417,-0.939024858,-0.9530636972,-0.4862063524	ok
-0.65831663	-43.49699399	-45.70097476	0.7918665269	continued:5	1,1,-1,-1,1,-1,1,-1	-1,1,1,-1,-1,-1,-1,-1	2702.302581,13960.06429,23693.60713,34475.57038,46393.20461,50496.846,59482.57079,72585.37177	5056.899266,14355.96121,25591.24561,34755.1994,45964.49333,54601.73296,65763.81623,73783.36851	0.9565045949,0.9531317138,-0.9296492943,-0.9529263854,0.9337976187,-0.9301429451,0.9529834389,-0.9394296738	-0.9528165146,0.9286496607,0.9531164663,-0.9291101864,-0.9531002835,-0.937668858,-0.9530740104,-0.9650190564	ok
-0.65631263	-43.49699399	-46.00898311	0.7911583230	continued:5	1,1,-1,1,-1,1,-1,1	-1,1,1,1,1,-1,1,-1	2828.884206,14103.38362,24317.19397,33304.42534,45900.022,53221.6766,59055.44246,65444.89491	5056.69331,14425.68911,25648.61679,34574.8116,45849.53027,56069.12787,65054.63711,77694.91672	0.9494573968,0.9531294833,-0.9301043978,0.9529456643,-0.9368995356,0.9380856405,-0.9313290125,0.9416224281	-0.9528032515,0.9291480549,0.9530945619,0.9587811971,0.9531296775,-0.9301112106,0.952947716,-0.9371211932	ok
-0.65430862	-43.49699399	-46.28595457	0.7907844876	continued:5	1,1,1,-1,1,-1,1,-1	-1,1,1,1,1,1,-1,1	24.52412649,2952.030147,14243.02425,24901.91212,32613.59633,42058.38025,46033.41014,55098.83574	5056.491299,14497.85899,25695.57797,34200.26147,45310.71211,52961.26226,61936.16928,75190.36334	0.9570680032,0.9441834856,0.9531277432,-0.9308039146,0.9499738661,-0.9339419887,0.9299919959,-0.9528926432	-0.952789986,0.9293471735,0.9530656882,0.9423571017,0.9530218013,0.5282061385,-0.9529571599,0.9404445801	ok
-0.65230461	-43.49699399	-46.53251800	0.7906173033	full	1,1,1,-1,1,-1,1,-1	-1,1,1,1,1,-1,1,-1	47.63330217,3009.493675,14317.86604,25402.56223,31364.73622,36558.60355,45540.59802,58011.52992	5056.293212,14572.32937,25731.97894,33787.27919,44515.79005,56167.87505,61258.97625,66309.79945	0.9925779488,0.6289214792,0.9531272171,-0.9318160915,0.938495303,-0.9301339803,0.9529078087,-0.9364343265	-0.952776718,0.9294512299,0.9530315493,0.9718252208,0.9528642001,-0.9329448502,0.9329949734,-0.9328069714	ok
-0.65030060	-43.49699399	-42.17113859	0.8040471249	continued:5	1,1,-1,-1,-1,1,1,-1	-1,1,1,1,-1,1,-1,-1	1482.862273,12906.54463,24584.50426,27263.63135,38485.95759,47495.31303,58811.08604,70068.86908	5056.099029,14648.91136,25758.39331,33432.51868,42403.77302,55035.35683,61936.34529,63746.06085	0.9417434532,0.9533172375,-0.9348125782,-0.9384979736,-0.9530518146,0.9276641838,0.953118564,-0.9323627295	-0.9527634475,0.9295221953,0.952994215,0.5691050078,-0.952899666,0.9373086834,-0.9358079995,-0.3531533659	ok
-0.64829659	-43.49699399	-43.02239498	0.8012537761	continued:5	1,1,-1,1,-1,1,1,-1	-1,1,1,1,-1,1,-1,1	1815.908647,13200.62033,26801.94435,35627.12691,41563.68262,47733.612,50424.36871,59458.71495	5055.908729,14727.36873,25776.12999,33138.59761,42265.14682,56027.97415,62655.03211,71616.18059	0.9363997073,0.9531775527,-0.9439275537,0.9381112055,-0.931671944,0.9400414413,0.2711997405,-0.9530287899	-0.9527501746,0.9295831224,0.9529555786,0.2157134213,-0.9531799486,0.944852175,-0.9302102842,0.952883448	ok
-0.64629259	-43.49699399	-43.64940903	0.7984604272	continued:5	1,1,-1,1,1,-1,1,-1	-1,1,1,-1,1,1,1,-1	2026.578486,13396.85713,26110.33355,30256.38978,41588.07554,53199.02651,57649.63664,66511.64558	5055.722291,14807.42047,25787.08318,39968.95437,50161.38012,54021.69453,64733.43162,76272.84443	0.947975097,0.9531423292,-0.9390110271,0.9288330851,0.9531023115,-0.9337066261,0.9308216451,-0.9532686603	-0.9527368992,0.9296435931,0.9529170249,-0.9461321542,0.9428988114,0.9468404947,0.9528101538,-0.9326794077	ok
-0.64428858	-43.49699399	-44.17103380	0.7957947957	continued:5	1,1,-1,-1,1,-1,-1,1	-1,1,1,-1,1,1,1,-1	2158.232099,13534.23997,26446.09648,29019.78256,38160.55885,47010.05011,58354.1887,70246.29715	5055.539696,14888.74616,25793.6169,39106.37664,46691.61879,49088.79578,60062.519,74296.48145	0.946278354,0.9531329396,-0.9401959484,-0.1774139717,0.9532233167,-0.9289416768,-0.9530985917,0.9349528513	-0.9527236214,0.9297078932,0.9528793422,-0.9412704323,0.9350973572,0.9610763222,0.9529016909,-0.9465307959	ok
-0.64228457	-43.49699399	-44.62987924	0.7936701839	continued:5	-1,-1,1,-1,1,-1,1,-1	-1,1,1,-1,1,-1,1,1	2329.256358,13718.20027,27336.40172,35329.88712,39444.61445,48413.93171,60805.68081,69715.11254	5055.360923,14970.99416,25798.75836,38579.25713,44151.66808,53254.1999,62325.52921,73555.94733	-0.9144204054,-0.953132685,0.9443540765,-0.9340124681,0.9302336945,-0.9528241907,0.9363940785,-0.9480295096	-0.9527103411,0.9297780633,0.9528427681,-0.9384071725,0.9308145944,-0.953212768,0.9295303649,0.9529995696	ok
-0.64028056	-43.49699399	-45.04103778	0.7917522233	continued:5	1,1,1,-1,1,1,-1,-1	-1,1,1,-1,1,1,-1,1	2436.766189,13840.10782,20864.60908,30013.70353,38852.69564,50227.63699,62991.78709,66220.47447	5055.185953,15053.79199,25807.31502,38175.02018,47642.71572,52967.66854,61894.58144,75754.84167	0.9648122307,0.9531358961,0.1581825235,-0.953194792,0.9289914807,0.9530989341,-0.9395528706,-0.9722638815	-0.9526970583,0.9298551398,0.9528070081,-0.936342974,0.9506845384,0.3161896725,-0.9528622249,0.9446411139	ok
-0.63827655	-43.49699399	-45.41495172	0.7902963485	continued:5	1,1,1,-1,1,-1,1,1	-1,1,1,-1,1,1,-1,1	2564.378927,13981.27334,21348.53563,30293.59909,42909.21666,49541.48524,52823.45103,64111.87876	5055.014766,15136.75854,25831.03846,37824.08295,40954.16486,52337.07543,65398.78351,72969.20651	0.95423118,0.9531399671,0.4287748765,-0.9528033591,0.9376873748,-0.9345519307,0.9295295143,0.9530074504	-0.952683773,0.9299396854,0.9527709151,-0.9346386224,0.929138265,0.9530917036,-0.941334778,0.9351270975	ok
-0.63627255	-43.49699399	-45.75454502	0.7892537761	continued:5	1,1,1,1,-1,-1,-1,-1	-1,1,1,-1,1,-1,-1,1	2700.854515,14130.49357,22003.67598,32885.78639,46352.63741,51054.6891,62484.06857,70338.92011	5054.847343,15219.51682,25941.14145,37466.68745,42866.46008,46011.46461,57403.62538,70938.77282	0.9630232974,0.9531453016,0.9732368747,0.952819935,-0.9425657657,-0.9465789791,-0.9531447432,-0.9733579879	-0.9526704853,0.930032022,0.952729106,-0.9328267784,0.9346513236,-0.9292290303,-0.9530861832,0.944194536	ok
-0.63426854	-43.49699399	-46.06134112	0.7885455721	continued:5	1,1,-1,-1,-1,-1,1,-1	-1,1,-1,1,-1,1,-1,1	2825.775719,14266.57255,23050.16546,34477.98071,42078.10344,52772.48535,64439.93341,69420.12541	5054.683663,15301.70659,24598.24869,36225.15958,41336.52118,46575.35448,51221.71214,58336.3615	0.9519334421,0.9531513955,-0.9286930264,-0.9531219854,-0.8190600876,-0.9527208191,0.9333863868,-0.9324858015	-0.9526571951,0.9301323332,-0.9527185281,0.9332330087,-0.933073692,0.9337227879,-0.9313351911,0.9467811613	ok
-0.63226453	-43.49699399	-46.33664829	0.7881717367	continued:5	1,1,1,-1,1,-1,-1,-1	-1,1,-1,1,1,1,-1,-1	25.16676367,2947.282573,14397.35652,24463.94098,33368.58332,46248.20638,49845.34191,61148.32772	5054.523707,15382.99554,24460.02105,36485.26887,39210.6161,50616.78903,65909.28472,71959.83281	0.9571362313,0.9454276575,0.953157696,-0.9304425659,0.9527671477,-0.9393742843,-0.9442194922,-0.9529727962	-0.9526439025,0.9302407131,-0.9527246481,0.9349475665,0.9381721138,0.9530698966,-0.9523244143,-0.3838443699	ok
-0.63026052	-43.49699399	-46.58117423	0.7880045525	full	1,1,1,-1,1,-1,1,-1	-1,1,-1,1,-1,-1,-1,1	48.83799658,3006.513752,14463.81212,25631.96175,30834.3416,35752.96946,41703.58144,47439.47531	5054.367456,15463.0885,24427.64827,36828.99183,44823.52357,48719.26543,59525.63425,72608.26481	0.9919573905,0.629361487,0.953166569,-0.9331902822,0.9335209587,-0.9322349092,0.938448061,-0.9312453487	-0.9526306073,0.9303571905,-0.9527288002,0.9368556667,-0.942934355,-0.9592586798,-0.9527590102,0.9406222736	ok
-0.62825651	-43.49699399	-40.50275370	0.8040733352	continued:5	1,1,1,1,1,-1,1,-1	-1,1,-1,1,1,1,-1,1	684.6482971,11241.65866,17975.82196,29408.14956,36832.36162,45973.43615,57936.40319,61017.89586	5054.214892,15541.73395,24439.87192,37301.74475,40814.77136,52070.5762,62160.34133,71343.62891	0.2602850076,0.9514518932,0.9386576361,0.9530727177,0.5203753248,-0.9526891222,0.9347708834,-0.9287247167	-0.9526173097,0.9304817434,-0.9527342591,0.9394450667,0.9506317766,0.9529125518,-0.9302407555,0.9526847882	ok
-0.62625251	-43.49699399	-42.24721641	0.8012799863	continued:5	1,1,-1,-1,1,1,1,-1	-1,1,-1,1,-1,1,1,1	1469.258663,12434.61171,21169.57924,31823.12049,43837.42518,46474.39932,57871.92778,71262.39898	5054.065995,15618.72781,24482.57913,38096.04381,47298.44898,55579.9575,59146.77169,70479.83877	0.9447413566,0.9526596604,-0.9301233201,-0.9526759339,0.9350615873,0.9420927509,0.953008019,-0.9438626446	-0.9526040097,0.9306143091,-0.9527431423,0.943941072,-0.9410424561,0.9394293634,0.9464969402,0.9529489914	ok
-0.62424850	-43.49699399	-43.08695162	0.7984866374	continued:5	1,1,1,1,-1,1,-1,1	-1,1,-1,1,-1,1,-1,1	1826.739082,13182.57726,20451.5231,31292.07072,44999.05568,52718.69513,58058.10814,62164.52131	5053.920746,15693.91456,24552.38448,40751.1531,53550.33241,65101.49962,75348.80142,84217.1527	0.9380818738,0.9531953814,0.9532057429,0.9527291575,-0.9445933172,0.9331207536,-0.9342616901,0.9303009348	-0.9525907072,0.9307547941,-0.9527583402,0.9529794403,-0.940461792,0.9531039584,-0.9308029737,0.9527741127	ok
-0.62224449	-43.49699399	-43.71087212	0.7956932885	continued:5	-1,-1,1,1,1,-1,1,-1	-1,1,-1,-1,1,-1,1,-1	2050.75421,13470.57446,24889.83566,27069.54666,37898.1704,51598.28101,59206.36598,64878.2298	5053.779127,15767.18595,24650.95676,32278.4346,41621.094,53428.16935,57633.98503,66592.98415	-0.8916367494,-0.9531966407,0.9354740683,0.9406099655,0.9527127124,-0.9446541785,0.9327207891,-0.9364116813	-0.9525774023,0.9309030836,-0.9527853413,-0.5077329895,0.952632035,-0.9342276049,0.9304480786,-0.9526685476	ok
-0.62024048	-43.49699399	-44.23139970	0.7930276571	continued:5	-1,-1,1,-1,1,-1,1,-1	-1,1,-1,1,1,1,1,-1	2184.428641,13601.29053,25497.80807,31959.45196,36673.09637,43983.94221,57199.76089,69287.83182	5053.64112,15838.47805,24783.54501,34326.67729,45396.40227,53043.68978,63846.99952,75509.91883	-0.8903275519,-0.953184418,0.9380516237,-0.9338806927,0.931536727,-0.9479953128,0.95292521,-0.9366393634	-0.9525640948,0.9310590483,-0.952837414,0.9298613715,0.9527718457,0.5430315617,0.9526077519,-0.9336670147	ok
-0.61823647	-43.49699399	-44.68956060	0.7906963941	continued:5	1,1,-1,-1,-1,1,-1,-1	-1,1,-1,1,-1,-1,1,-1	2290.179506,13683.68683,29092.9872,36927.19776,47691.5622,60989.03509,66422.60996,77473.64485	5053.506705,15907.76684,24949.00671,39199.11606,46353.90091,57195.14055,71458.75323,84634.36208	0.9500105012,0.953167909,-0.9527678389,-0.864234912,-0.9526694872,0.9424555921,-0.9298903793,-0.9527514606	-0.9525507849,0.9312225536,-0.9529574867,0.9489617701,-0.9300093919,-0.9526898531,0.947989898,-0.9528591117	ok
-0.61623246	-43.49699399	-45.10227233	0.7889061509	continued:5	1,1,-1,-1,1,1,1,-1	-1,1,-1,1,-1,1,-1,1	2440.700465,13794.40036,22535.72393,33760.34308,43350.10399,54377.7221,61839.91435,70829.32232	5053.375864,15975.06323,24835.73132,35473.87117,40824.23132,45047.06231,54028.04654,66502.35622	0.6927403521,0.9531357865,-0.929829644,-0.9528078775,0.929921744,0.952729928,0.2862922489,-0.9526207325	-0.9525374725,0.9313934664,-0.9531133356,0.9332483514,-0.9342986596,0.9304947536,-0.9526201089,0.9377396233	ok
-0.61422846	-43.49699399	-45.47554689	0.7874502762	continued:5	1,1,-1,1,1,1,-1,1	-1,1,-1,1,-1,-1,-1,1	2566.122073,13868.97991,25449.00875,32214.34287,34396.49103,45285.88648,61371.85816,74107.94662	5053.24858,16040.40775,23705.51627,33936.23581,38648.45383,49694.85343,57259.00543,66718.0922	0.9655193658,0.9530815097,-0.9378739324,0.9355268578,0.9328315815,0.9526756818,-0.9529018045,0.9405255507	-0.9525241577,0.9315716609,-0.9498221467,0.9390658872,-0.9299318838,-0.95272218,-0.4107062916,0.952571003	ok
-0.61222445	-43.49699399	-45.81397799	0.7864077037	continued:5	1,1,1,1,-1,1,1,1	-1,1,-1,1,-1,-1,-1,1	2701.045163,13940.84849,20746.97983,31450.30155,44549.65308,52159.95156,54138.89738,64767.34117	5053.124834,16103.86527,23188.75337,32082.56633,42548.17954,50290.74475,61003.59847,74178.06879	0.9723146756,0.9529978414,0.7102194516,0.9526144028,-0.9415429954,0.9357653623,0.5479309551,0.9525882079	-0.9525108404,0.9317570248,-0.9466599915,0.9364270623,-0.9527182427,-0.726053266,-0.9526169668,0.9419963662	ok
-0.61022044	-43.49699399	-46.11910818	0.7856994998	continued:5	1,1,-1,1,-1,1,1,-1	-1,1,-1,1,-1,1,1,1	2823.20189,13991.66334,24460.42481,29498.53898,35375.71932,42195.81552,44090.92791,53737.79679	5053.004609,16165.52013,22900.92855,31376.27206,39423.17268,50249.09543,55986.12406,66912.82146	0.9549704707,0.9528823094,-0.9337243012,0.9326847933,-0.9378783554,0.9358854213,0.3729163458,-0.9525366429	-0.9524975207,0.9319494638,-0.9443270026,0.9371099968,-0.9437913293,0.9505136279,0.9309247494,0.9526586306	ok
-0.60821643	-43.49699399	-46.39230526	0.7853256644	continued:5	1,1,1,-1,1,1,1,-1	-1,1,-1,1,1,-1,1,-1	26.15636639,2942.133415,14034.39802,28834.53041,44791.07874,52487.84212,63183.61793,76421.58357	5052.887886,16225.47181,22702.21149,28411.20156,39172.53444,53153.39668,61328.42445,66939.42702	0.957299624,0.946741048,0.952736181,-0.9526380897,0.9526860057,0.6439094957,0.9525865821,-0.9425648654	-0.9524841985,0.9321489045,-0.9424450939,0.9301631426,0.9526036298,-0.9469346617,0.9330525726,-0.9359405039	ok
-0.60621242	-43.49699399	-46.63435952	0.7851584801	full	1,1,1,-1,1,1,1,1	-1,1,-1,1,-1,-1,-1,-1	50.61038206,3003.633466,14006.87358,23565.16446,31651.71069,37747.01155,48734.31289,56082.77701	5052.774648,16283.83112,22548.69232,32255.04241,41342.70781,44112.36777,55348.80872,62971.0392	0.9910113149,0.7859815953,0.9525395331,-0.9316630461,0.951466384,0.9395906499,0.9526483792,0.1915541341	-0.9524708738,0.9323552991,-0.9408381444,0.9485694832,-0.9351573302,-0.9388318871,-0.9529408954,-0.9387976061	ok
-0.60420842	-43.49699399	-40.68890358	0.8011572899	continued:5	1,1,-1,1,1,-1,1,1	-1,1,-1,1,1,-1,-1,-1	629.1843769,11399.33577,21829.00136,32226.82939,39692.51588,49108.45389,61218.75917,62938.52074	5052.664877,16340.71705,22421.02229,26367.6613,37285.49182,51480.82163,58659.7755,69961.68968	0.157360118,0.9518519565,-0.9365067943,0.9526418142,0.2876312706,-0.9525040858,0.9361592956,0.1636346884	-0.9524575467,0.9325686271,-0.939414366,0.6657586642,0.9523215775,-0.9529414871,-0.9694152344,-0.9527590565	ok
-0.60220441	-43.49699399	-42.32000833	0.7983639410	continued:5	1,1,1,-1,1,-1,1,1	-1,1,-1,1,-1,-1,1,1	1411.585888,11826.52584,17064.7376,26128.00675,38700.26883,44334.43651,53122.428,60352.97747	5052.558557,16396.25426,22308.45966,28953.07397,32188.58813,43574.51933,52876.67655,63494.25168	0.9526493135,0.9506084281,0.2073578274,-0.9525119312,0.9388096302,-0.9311516167,0.9526112622,0.13725772	-0.9524442171,0.9327888977,-0.9381198429,0.9349609528,-0.9296869262,-0.9530495528,0.9303578314,0.9525266564	ok
-0.60020040	-43.49699399	-43.15196063	0.7955705922	continued:5	1,1,-1,1,-1,1,1,1	-1,1,-1,1,-1,1,-1,1	1794.641444,12338.72061,21927.98556,26827.80828,33594.5596,41697.94724,44447.77063,55490.79204	5052.455669,16450.57109,22203.67543,32342.55623,42393.95965,48806.3962,55888.02806,61424.56521	0.9391895036,0.9511053736,-0.9340260962,0.9321163096,-0.9445580307,0.9352218761,0.9397427359,0.9525602068	-0.9524308851,0.9330161524,-0.9369201596,0.9528522413,-0.9323426268,0.941962306,-0.933292146,0.9353948302	ok
-0.59819639	-43.49699399	-43.77470688	0.7927772433	continued:5	1,1,-1,-1,1,-1,-1,1	-1,1,-1,-1,-1,1,-1,1	2033.511739,12642.04922,20181.43555,31571.54638,43986.90629,48555.46308,59916.33152,71801.86153	5052.356196,16503.79812,22100.42931,24125.82125,34880.33639,50709.96391,64907.46995,73561.86696	0.9715378413,0.9513177998,-0.9299395111,-0.9527696024,0.9392524676,-0.9299509183,-0.952748886,0.9362295324	-0.9524175506,0.9332504667,-0.935792256,-0.597613277,-0.95253507,0.9530460188,-0.9512281535,0.9311154363	ok
-0.59619238	-43.49699399	-44.29547951	0.7901116118	continued:5	1,1,-1,1,-1,1,-1,1	-1,1,-1,1,1,-1,1,-1	2169.22943,12758.68689,21432.46377,30187.74451,46038.02469,61878.6767,77773.09067,93632.2439	5052.260122,16556.06715,21992.01449,25907.10802,36760.18808,52588.24148,68665.47695,82174.24339	0.9723960691,0.9512228028,-0.931169464,0.9525488608,-0.9525475461,0.9525533713,-0.952529614,0.9526976009	-0.9524042137,0.9334919519,-0.934720713,0.9302145501,0.952545227,-0.9525638915,0.9524958941,-0.9447557327	ok
-0.59418838	-43.49699399	-44.75400446	0.7878592826	continued:5	1,1,-1,1,-1,1,-1,1	-1,1,-1,1,-1,1,-1,-1	2301.591569,12836.27667,23078.31439,30584.45535,41797.45467,57687.92696,73557.36657,85987.81444	5052.167429,16607.51063,21869.55651,27168.62001,32291.33495,38145.62773,45546.3389,48730.01274	0.9726643138,0.9509898904,-0.9375837665,0.9405375504,-0.9525387055,0.9525099404,-0.9527394521,0.9394928513	-0.9523908743,0.9337407573,-0.9336965639,0.9338989127,-0.9330012007,0.9376480351,-0.9398233759,-0.945189048	ok
-0.59218437	-43.49699399	-45.16583600	0.7860690393	continued:5	-1,-1,1,1,1,-1,1,1	-1,1,-1,1,1,1,1,-1	2452.31302,12927.4456,26590.79041,34755.74591,46284.32306,56854.63259,65779.83048,72653.02892	5052.0781,16658.26138,21719.33472,27866.7187,30935.23279,41904.88355,49268.28435,58897.50307	-0.8898757257,-0.9507247823,0.9525867365,0.9621006697,0.9528803227,-0.9318358841,0.9530040578,0.3817214712	-0.9523775324,0.9339970729,-0.9327184587,0.9399055462,0.7992848568,0.9525464309,0.1959906312,-0.9524144616	ok
-0.59018036	-43.49699399	-45.53787822	0.7846131646	continued:5	-1,-1,-1,-1,1,-1,1,-1	-1,1,-1,1,-1,1,-1,1	2573.698317,12990.04319,18878.25492,30284.26206,42939.29198,52528.36705,62567.19331,71348.22086	5051.99212,16708.45265,21517.96167,30559.82648,40594.15682,49589.11077,62549.94101,70307.37487	-0.1196293743,-0.9504479722,-0.9729505181,-0.952715728,0.9410277162,-0.9483605983,0.941192452,-0.9436166526	-0.9523641882,0.9342611319,-0.931797527,0.9528547066,-0.9307855227,0.9524306402,-0.9416473699,0.9369726919	ok
-0.58817635	-43.49699399	-45.87464096	0.7835705922	continued:5	-1,-1,1,-1,1,1,1,1	-1,1,-1,1,-1,1,-1,1	2705.674714,13067.28177,21544.77362,30368.17972,39209.18038,49661.15116,54883.21076,65542.81327	5051.90947,16758.21846,21224.95901,30038.49145,44054.01064,56994.38371,72782.88079,84397.17885	-0.03755466327,-0.9501748665,0.9315725745,-0.9525750835,0.9288822389,0.9505721549,0.1848033311,0.9523966122	-0.9523508414,0.9345332141,-0.9309693169,0.9524389398,-0.9479466536,0.9524616554,-0.9526596887,0.9350778368	ok
-0.58617234	-43.49699399	-46.17767135	0.7828623882	continued:5	1,1,-1,1,1,1,-1,-1	-1,1,-1,-1,1,-1,1,-1	2823.562091,13134.56743,22965.05614,30854.35358,34364.15273,45008.4606,59862.74139,65492.05019	5051.830136,16807.69418,20784.25979,31629.92575,47456.97562,63208.93405,74295.22183,80430.92736	0.9611238106,0.9499091601,-0.9374954382,0.9432817726,0.3040334348,0.9524294928,-0.9514720171,-0.235130663	-0.9523374922,0.9348136497,-0.9303141798,-0.9524756159,0.9524465797,-0.9526204275,0.9328380832,-0.939793672	ok
-0.58416834	-43.49699399	-46.44838841	0.7824885528	continued:5	1,1,1,-1,-1,-1,1,-1	-1,1,-1,-1,1,1,1,-1	27.52410988,2938.691959,13203.89099,26269.37803,32679.43798,43280.47518,56109.53593,65925.31675	5051.754099,16857.01738,20192.55978,31287.17056,39836.96409,50752.95992,57957.76979,67123.35064	0.9575765244,0.9488553182,0.9496521841,-0.9528571178,-0.1690847131,-0.9523766938,0.9410672303,-0.9495604764	-0.9523241406,0.9351028241,-0.9299079273,-0.952493912,0.9302895878,0.9524781509,0.1232952882,-0.9523805231	ok
-0.58216433	-43.49699399	-46.68765937	0.7823213686	full	1,1,1,1,-1,1,-1,-1	-1,1,1,1,1,1,-1,1	52.94422252,3002.981502,13220.10878,17978.82665,27537.82812,40094.87964,44438.4764,55527.53416	5051.681345,16906.3289,19610.45846,30064.94075,35557.572,46430.56795,62424.18635,76560.52839	0.9897031567,0.4701598213,0.9493748905,0.1342049693,-0.9523487687,0.9394489467,-0.9299324255,-0.9524612661	-0.9523107865,0.9354011837,0.9430192135,0.9504963512,0.5228862619,0.9524534902,-0.9523905223,0.9487608204	ok
-0.58016032	-43.49699399	-40.87864015	0.7983200197	continued:5	1,1,-1,1,1,-1,1,-1	-1,1,1,1,-1,1,1,1	564.6686,11247.97344,20226.8552,29257.83363,36015.35125,45360.90791,58190.53618,67213.69868	5051.611856,16955.77424,19190.55171,30488.58484,41575.59652,47734.17389,50819.22623,61946.13393	0.09311611927,0.9511612616,-0.9320242021,0.9528830734,0.1205117853,-0.9523440266,0.941227861,-0.9454042776	-0.9522974299,0.9357092432,0.9298160841,0.9525736431,-0.9329236225,0.9399479768,0.8033127664,0.9525073606	ok
-0.57815631	-43.49699399	-42.40159078	0.7955266709	continued:5	1,1,-1,1,-1,1,1,-1	-1,1,1,1,-1,-1,-1,-1	1372.941459,11396.46683,23908.82172,34956.01978,43485.01676,49884.48026,61385.40473,77276.60909	5051.545617,17005.50524,18915.71105,29628.65293,45240.46157,52959.28709,64035.4899,72112.07945	0.9612895936,0.9482082464,-0.9527001219,0.9374113133,-0.9473941528,0.9300922835,0.9526950102,-0.9523511721	-0.9522840709,0.936027594,0.2965604938,0.9523914395,-0.9524629986,-0.715695684,-0.9524774487,-0.9694579604	ok
-0.57615230	-43.49699399	-43.22193241	0.7927333220	continued:5	1,1,-1,-1,-1,1,-1,1	-1,1,-1,1,-1,1,1,1	1788.889062,11799.44543,24522.26993,32723.25608,43590.81313,53291.48075,59036.17174,69262.50992	5051.482611,17055.68216,27855.45817,41105.40658,52784.52197,64495.33423,67588.13279,78777.53581	0.9412088825,0.948093446,-0.9524663248,-0.9564494721,-0.9518602019,0.9334568251,-0.9367097774,0.9523886588	-0.9522707095,0.9363569144,-0.952324913,0.9440318858,-0.9528658386,0.9399608361,0.8086230994,0.9524993661	ok
-0.57414830	-43.49699399	-43.84127145	0.7899399731	continued:5	-1,-1,1,-1,1,1,1,1	-1,1,-1,1,-1,1,-1,1	2046.519935,12078.88046,24960.71661,35992.48537,41623.05649,43719.29392,54806.24932,63039.79452	5051.422824,17106.4762,27340.32156,42929.7563,59097.05269,72737.74401,83363.29319,96119.96393	-0.8413125711,-0.9481939089,0.9527615131,-0.9336343353,0.9358619156,0.6615594992,0.952451946,0.9532342081	-0.9522573455,0.9366979827,-0.952366966,0.9523958609,-0.9523170119,0.9464438594,-0.9480049901,0.9523747151	ok
-0.57214429	-43.49699399	-44.36069307	0.7872743416	continued:5	-1,-1,1,1,1,-1,-1,1	-1,1,-1,1,1,-1,1,1	2183.366159,12204.07465,24881.75655,32573.48108,43693.23008,52343.7299,62371.73294,75087.14842	5051.366238,17158.07266,27352.74236,36331.14783,46661.11618,57267.0651,62245.22461,72631.53456	-0.8721143235,-0.9480859406,0.9524166101,0.6657834762,0.9524473135,-0.9047141267,-0.9481319881,0.9524761962	-0.9522439792,0.937051694,-0.9524543537,0.9298997423,0.9497817413,-0.942831591,0.9299291823,0.9500454856	ok
-0.57014028	-43.49699399	-44.81831886	0.7849430787	continued:5	1,1,-1,1,-1,1,-1,1	-1,1,-1,1,-1,1,-1,-1	2279.385595,12274.75833,25508.94665,39548.27162,48435.44447,53005.36687,61794.63991,77435.94696	5051.312839,17210.67485,26549.78042,35869.4383,41852.78822,48491.75166,52177.5945,63660.32371	0.950957995,0.9478908348,-0.952289395,0.9486817689,-0.9347201415,0.9311766159,-0.952308889,0.9525662806	-0.9522306103,0.9374190792,-0.951098857,0.9332839032,-0.9385050933,0.9351166336,-0.9301756699,-0.9526065689	ok
-0.56813627	-43.49699399	-45.23002828	0.7831528355	continued:5	1,1,1,1,-1,1,1,-1	-1,1,-1,1,-1,-1,-1,1	2430.088516,12394.54136,17246.06461,28585.97,40129.85945,43778.3591,55341.51093,63978.25699	5051.262611,17264.50898,24984.49304,31587.27662,40301.46337,48154.49361,59635.19569,74957.54803	0.9687050167,0.9476560314,0.8310775688,0.9525009297,-0.9351519872,0.930165124,0.9526730389,-0.9295931614	-0.9522172391,0.9378013301,-0.9424463817,0.9318071344,-0.9523934083,-0.9250670415,-0.9525868733,0.9524358668	ok
-0.56613226	-43.49699399	-45.60143971	0.7817758945	continued:5	-1,-1,1,1,-1,-1,1,-1	-1,1,-1,1,-1,-1,1,-1	2584.086795,12519.63557,18830.5539,30337.24702,38899.93838,50239.68956,59600.51872,68661.14507	5051.215538,17319.83056,24411.86963,31688.37274,36810.99629,47609.93624,63610.9762,79233.59239	-0.8749481848,-0.9474273054,0.9301280954,0.9528370391,-0.9301142572,-0.9527003798,0.9310360773,-0.9522571765	-0.9522038654,0.9381998318,-0.9380727042,0.9393612,-0.9305323411,-0.9523294197,0.9522667251,-0.952829801	ok
-0.56412826	-43.49699399	-45.93618461	0.7807333220	continued:5	-1,-1,1,-1,1,1,1,1	-1,1,-1,1,-1,1,-1,1	2711.377989,12618.94371,20376.33776,29151.54843,38945.26583,49877.61937,57310.47894,68121.90571	5051.171605,17376.93259,23964.38699,28473.37102,37529.60463,52095.61982,62133.79112,72253.20054	-0.8166824659,-0.9471991377,0.9320036009,-0.9524083752,0.9304663718,0.9523432414,0.243390521,0.9523155924	-0.9521904893,0.9386162032,-0.9348364155,0.9310613566,-0.9522434675,0.9509765525,-0.9371076976,0.9523717881	ok
-0.56212425	-43.49699399	-46.23681552	0.7800251181	continued:5	1,1,-1,1,1,1,1,-1	-1,1,-1,1,-1,-1,-1,1	2823.044992,12704.19539,21201.28969,25189.59949,36247.03832,44443.17178,54651.50272,61817.0449	5051.130797,17436.15645,23423.2758,32297.4962,44010.25595,45820.5489,56512.32784,72039.37879	0.965385223,0.9469773254,-0.9350938283,0.9304183482,0.9523589904,0.9555230527,0.9489965725,-0.9304005408	-0.9521771107,0.9390523495,-0.9321628535,0.9524621694,-0.9362053591,-0.1559869674,-0.9522769316,0.9522850763	ok
-0.56012024	-43.49699399	-46.50479935	0.7796512827	continued:5	1,1,1,-1,1,-1,-1,-1	-1,1,-1,-1,1,-1,1,1	29.16823249,2932.76538,12789.91873,21932.21324,27840.03869,36527.20164,44382.61692,55998.7314	5051.093099,17497.90656,22262.74328,33708.62502,46971.74322,60809.03832,73857.66599,77246.37772	0.9579288061,0.9502275352,0.9467670073,-0.9391160473,0.9319270731,-0.9523329321,-0.9314776263,-0.9526755458	-0.9521637297,0.9395105319,-0.9302820457,-0.9524955228,0.9459620317,-0.952187105,0.9433921155,0.1529086042	ok
-0.55811623	-43.49699399	-46.74107767	0.7794840984	full	1,1,1,-1,1,1,-1,1	-1,1,1,1,-1,1,1,1	55.61957067,3000.565082,12831.32286,23274.62612,29702.21508,41330.25308,53882.13912,58506.8451	5051.058495,17562.67062,20744.49459,32358.62283,43389.16304,49062.64063,51084.64368,62195.12629	0.988118065,0.8683989877,0.9465339758,-0.9474269501,0.9302329064,0.9526839281,-0.9429710287,0.9127319822	-0.9521503463,0.9399934594,0.9089053255,0.9526441413,-0.9338641199,0.9360160583,0.4158865718,0.9523430055	ok
-0.55611222	-43.49699399	-41.12868975	0.7953828733	continued:5	1,-1,1,-1,-1,1,1,1	-1,1,-1,1,1,1,-1,-1	11015.1138,20773.09101,29129.85076,38446.04725,51652.68577,67040.4084,74302.06802,85003.35711	5051.026971,17631.04798,29775.62161,43502.29254,48987.07209,58828.69239,68982.21302,72978.44153	0.9499187372,-0.9377452737,0.946732166,-0.9403715398,-0.9522166597,0.9522743513,0.1241798191,0.9522359341	-0.9521369604,0.940504416,-0.9521683937,0.947542373,0.9429991885,0.9465737345,-0.9458210345,-0.1847469607	ok
-0.55410822	-43.49699399	-42.51700940	0.7925895244	continued:5	1,1,-1,1,1,1,-1,1	-1,1,-1,-1,-1,1,1,-1	1339.655802,11120.75468,23507.38767,38865.29596,46570.87524,58040.64919,72900.60391,81677.16458	5050.998512,17703.79067,28590.17574,36797.07196,46776.49605,52710.3209,62611.18324,71235.97817	0.9702327789,0.9460760358,-0.9521944373,0.9522814939,0.7093956265,0.9524594384,-0.9523567788,0.9306993916	-0.9521235721,0.9410474336,-0.9522979046,-0.9539021616,-0.9474886864,0.9298983705,0.9469573354,-0.9359243014	ok
-0.55210421	-43.49699399	-43.31636758	0.7897961756	continued:5	1,1,1,1,-1,1,-1,1	-1,1,-1,1,1,1,-1,-1	1790.150957,11511.16527,16496.3498,26293.61705,38449.14202,53998.74951,69414.41308,85269.69624	5050.973102,17781.86444,26301.27547,32231.63645,42995.18905,60619.09744,76171.36854,83950.9051	0.9438214996,0.9455573358,0.9436710915,0.9461585813,-0.9522042954,0.9521944472,-0.9522160613,0.952170567	-0.9521101813,0.9416275401,-0.9427532119,0.9306862932,0.9522270856,0.9521530785,-0.9525412973,-0.9729236538	ok
-0.55010020	-43.49699399	-43.92783858	0.7870028267	continued:5	-1,-1,-1,-1,1,-1,-1,-1	-1,1,-1,1,-1,1,-1,1	2065.371184,11793.22857,16733.70165,26527.53147,38880.75011,54205.03887,61531.84807,72378.18656	5050.950728,17866.54246,25157.95705,30271.73165,38517.64258,49444.29,60320.59198,69561.42852	-0.9022044935,-0.945569249,-0.9452102869,-0.946090508,0.952166714,-0.9522332002,-0.1537111301,-0.9522237419	-0.9520967881,0.9422511204,-0.9346233632,0.9326828862,-0.9516553221,0.9411216462,-0.952287776,0.9302259123	ok
-0.54809619	-43.49699399	-44.44325746	0.7843371952	continued:5	-1,-1,1,1,-1,1,-1,-1	-1,1,-1,-1,1,-1,-1,1	2195.420881,11913.63131,17738.43318,28465.28412,37935.79568,43484.64906,48048.1758,58887.20626	5050.931375,17959.55537,23081.43115,33257.75058,42668.77001,50083.43742,63116.03584,78529.94512	-0.8936246999,-0.9454467988,0.9302392685,0.9510368352,-0.9341922867,0.9350222064,-0.9311519125,-0.9521109051	-0.9520833925,0.9429264557,-0.9301823999,-0.9485704291,0.9382050673,-0.9405413116,-0.9521264334,0.9523655249	ok
-0.54609218	-43.49699399	-44.89818754	0.7820848660	continued:5	-1,-1,1,-1,1,1,-1,1	-1,1,-1,1,-1,-1,1,1	2316.018359,12016.88863,19018.3858,27787.85111,43085.75472,60918.66025,76550.18871,91860.78486	5050.915027,18063.34274,30183.02838,45484.71175,55102.13688,66435.62851,77990.42862,80810.81219	-0.7333894646,-0.9452586698,0.93144262,-0.9521373057,0.9521934482,0.952162285,-0.9521397096,0.9521873622	-0.9520699944,0.9436645641,-0.9521197645,0.9522630962,-0.9304503149,-0.9523289032,0.9356491702,0.9439698709	ok
-0.54408818	-43.49699399	-45.30664105	0.7802946228	continued:5	-1,-1,1,-1,1,1,-1,1	-1,1,-1,-1,-1,1,-1,1	2458.185021,12140.8882,19803.80422,25980.16901,29870.59549,39553.22965,47217.61391,53386.99534	5050.901672,18181.4994,27378.24598,30956.77166,42196.14823,52988.14017,61699.50471,71597.00275	-0.8776310904,-0.945059758,0.9335469838,-0.9398326282,0.8582050733,0.9450593902,-0.9335536359,0.9397757883	-0.9520565939,0.9444805553,-0.9433213642,-0.3148443617,-0.9522777405,0.9323138058,-0.9522527396,0.9306891046	ok
-0.54208417	-43.49699399	-45.67488018	0.7788387480	continued:5	1,1,-1,-1,-1,-1,-1,1	-1,1,-1,-1,1,1,1,1	2558.688278,12223.35053,20372.90801,22226.3278,33191.74784,40907.72906,52585.67829,61688.43114	5050.891294,18319.62539,24664.59223,35766.67549,45127.70931,56584.60299,63556.59352,73985.2052	0.9632019013,0.9448586367,-0.9362391472,-0.1499491778,-0.952190946,-0.7398826593,-0.9526501225,0.9304219368	-0.952043191,0.9453959075,-0.9305815161,-0.9522270138,0.9303304738,0.952602483,0.9549714784,0.9497434387	ok
-0.54008016	-43.49699399	-46.00716832	0.7777961756	continued:5	1,1,-1,1,1,-1,-1,-1	-1,1,-1,1,-1,1,-1,1	2673.563073,12321.35676,20972.4661,25859.53015,37345.47391,52609.48947,60754.45202,70425.46471	5050.883879,18487.09334,30520.78803,41805.95131,47369.73294,52144.19874,60861.65934,76194.20049	0.9530248832,0.9446640748,-0.93964314,0.9304546185,0.9523536769,-0.9524601765,-0.945278632,-0.9448664481	-0.9520297857,0.9464424303,-0.9522679289,0.9343135252,-0.9350185216,0.931560692,-0.9520997386,0.9521237494	ok
-0.53807615	-43.49699399	-46.30502225	0.7772946228	continued:5	-1,-1,1,-1,-1,-1,-1,-1	-1,1,1,1,-1,1,-1,-1	2893.254299,12524.95551,21941.15465,30101.25234,42698.21508,60726.35634,78678.09811,96340.71283	5050.879414,18701.15323,23456.60253,35141.99197,47322.7176,58096.52468,66731.66135,76372.31935	-0.920754011,-0.944472874,0.9448746198,-0.936344363,-0.9521367346,-0.9521348474,-0.9521265193,-0.9520964643	-0.9520163779,0.9476690947,0.5902302546,0.952530735,-0.9412008252,0.9521832605,-0.9277189999,-0.9445529039	ok
-0.53607214	-43.49699399	-46.56786241	0.7769207874	continued:5	1,-1,-1,1,-1,1,1,1	-1,1,1,1,-1,-1,1,-1	34.92682059,2987.990704,12600.85457,24184.90095,39430.53976,49214.11666,59977.63302,77851.67422	5050.877884,18997.76424,24440.67155,34479.90587,40363.53528,50041.02424,58332.92326,68268.94146	0.9594496669,-0.885130936,-0.9442530728,0.9523211669,-0.9524512957,0.9308318759,0.9521173981,0.9521062077	-0.9520029677,0.9491504273,0.9686662496,0.9475134979,-0.9299365461,-0.9448278899,0.9372297181,-0.9521128614	ok
-0.53406814	-43.49699399										error: Gamma tangent signs only reached 7 / 8 minima; retcode=Success
-0.53206413	-43.49699399	-46.79908517	0.7764192346	full	1,1,1,-1,1,-1,1,-1	-1,1,-1,-1,-1,-1,-1,-1	59.08801572,2999.747496,12580.43673,24154.6482,39685.9926,55020.39622,70790.20431,85982.77968	5050.883573,20159.58456,30862.70349,43544.23553,51098.75969,62739.07197,70451.98525,80386.52015	0.9859501465,0.9055604561,0.9438529576,-0.9520498732,0.9520402389,-0.9520566955,0.9520275863,-0.9520807998	-0.9519761399,0.952481813,-0.9363589908,-0.952108872,-0.3991156362,-0.9523937443,-0.9686244557,-0.946730775	ok
-0.53006012	-43.49699399	-46.57589928	0.7761150941	continued:5	1,1,1,1,-1,-1,-1,1	-1,1,1,1,-1,1,1,1	31.79414721,2925.480321,12492.15151,26028.32971,41204.88941,58893.89889,76288.69055,91435.51355	5050.890765,20473.12527,27392.97057,38608.7834,49327.55896,57879.20877,65149.46661,76243.41729	0.9585190068,0.9530323357,0.9436674029,0.9520116839,-0.9520657147,-0.9520510065,-0.9520068632,0.9520761241	-0.9519627225,0.9525477541,0.1545578298,0.9521632968,-0.9321894791,0.9520813455,0.1140134017,0.9521300146	ok
-0.52805611	-43.49699399	-46.80802235	0.7759479098	full	1,1,1,1,1,1,-1,-1	-1,1,-1,-1,1,1,-1,1	59.66018457,2999.425495,12549.95037,26868.14735,34981.07751,44631.80677,56042.28695,62783.10891	5050.900837,20442.11843,29524.96135,39861.53135,46387.7046,56148.95177,63149.48628,72199.33479	0.9855819193,0.9186415126,0.9434576654,0.9520952346,0.9612616042,0.9443961021,-0.9525261087,-0.5890669083	-0.9519493025,0.9523825558,-0.9303844568,-0.9490496993,0.9302744005,0.9453385214,-0.9314775992,0.9519937866	ok
-0.52605210	-43.49699399										error: Gamma tangent signs only reached 6 / 8 minima; retcode=Success
-0.52404810	-43.49699399										error: Gamma tangent signs only reached 7 / 8 minima; retcode=Success
-0.52204409	-43.49699399	-43.41237979	0.7861104430	continued:5	1,1,-1,1,1,-1,-1,-1	-1,1,-1,1,-1,-1,1,1	1724.521958,11223.69628,17840.48848,26445.53463,44006.69032,59060.38917,66521.34361,78204.59326	5050.948197,20225.12662,32091.1212,41234.72114,54261.22725,72477.30741,81311.5893,90898.89654	0.950558093,0.9427738386,-0.9318938687,0.9519837037,0.9519365078,-0.9520294621,-0.2548255367,-0.9523332075	-0.9519090283,0.9521542612,-0.9380882425,0.9506098799,-0.9520161527,-0.9520612882,0.9301797811,0.9436552742	ok
-0.52004008	-43.49699399	-44.01962361	0.7833170941	continued:5	1,1,-1,1,1,-1,1,-1	-1,1,-1,1,-1,-1,-1,-1	2034.099844,11521.81912,18607.62436,25304.90933,38845.94957,54485.55011,69768.27073,86480.67489	5050.969653,20168.68061,31513.58057,36867.11878,43852.046,48564.03827,58150.79966,71924.46834	0.9725051589,0.9425967627,-0.933582169,0.9436671325,0.9519590111,-0.9519460279,0.9519671664,-0.9519182446	-0.9518955987,0.9521117485,-0.9348855547,0.9334521339,-0.9456616607,-0.9655248552,-0.9435955948,-0.9519839689	ok
-0.51803607	-43.49699399	-44.53326661	0.7806514627	continued:5	1,1,-1,1,-1,-1,-1,1	-1,1,-1,1,-1,1,1,1	2158.82823,11639.3222,19002.1727,24134.68533,32667.70648,40372.03368,50401.86734,59036.71266	5050.993922,20120.30554,31059.61612,39948.7746,54925.15865,67589.67201,81356.67588,98972.8877	0.9657014243,0.9424619879,-0.9351075545,0.9324519781,-0.9520076849,-0.7250321872,-0.9470609572,0.9363739441	-0.9518821666,0.9520758075,-0.932987517,0.9521829739,-0.9521506549,0.9436024532,0.9519707741,0.9519707032	ok
-0.51603206	-43.49699399										error: Gamma tangent signs only reached 7 / 8 minima; retcode=Success
-0.51402806	-43.49699399	-44.98695571	0.7781924823	continued:5	1,1,-1,-1,-1,-1,1,-1	-1,1,-1,-1,-1,-1,1,-1	2270.911781,11728.43189,19854.3624,33230.98067,40809.46355,51163.30521,59636.06959,68639.21427	5051.050846,20043.8343,30048.00292,40941.20702,49013.07662,58538.8536,65179.15414,73798.18917	0.9565667298,0.9420936605,-0.9405198256,-0.9519731384,-0.4379709701,-0.9488454305,0.9331409281,-0.9522517817	-0.9518552953,0.9520159328,-0.9309468524,-0.951985945,-0.9649536115,-0.942822251,0.9319391856,-0.9519234734	ok
-0.51202405	-43.49699399										error: Gamma tangent signs only reached 7 / 8 minima; retcode=Success
-0.51002004	-43.49699399	-45.39432988	0.7762745217	continued:5	-1,-1,1,-1,1,-1,1,1	-1,1,-1,-1,1,-1,-1,-1	2471.399586,11904.99751,22871.37648,33217.79777,41959.61983,57932.56407,73105.35374,90436.81357	5051.118864,19989.49949,28733.20404,38208.87483,46225.58338,51756.2239,62424.07052,80741.26683	-0.898562412,-0.941701977,0.9522649381,-0.9318405565,0.9518842492,-0.9518635166,0.9518992007,0.9518942096	-0.9518284144,0.951965586,-0.9301223706,-0.942173316,0.9397470435,-0.9311395462,-0.9519241075,-0.9520050591	ok
-0.50801603	-43.49699399	-45.76030074	0.7748186469	continued:5	1,1,-1,1,-1,-1,-1,-1	-1,1,1,1,-1,1,-1,1	2553.168438,11975.35998,22581.75895,33217.46032,41803.00308,59144.27446,76460.26968,93720.24671	5051.157001,19969.35337,28225.19991,37657.58579,48410.44958,60804.77238,69129.68333,77573.76849	0.9672352585,0.9415071615,-0.9519834946,0.9320459658,-0.9518842339,-0.9518831448,-0.9518805411,-0.9518741661	-0.9518149703,0.9519426607,0.9511648741,0.9416251808,-0.9520632361,0.9420670694,-0.9420287232,0.9428764214	ok
-0.50601202	-43.49699399	-46.08972947	0.7739037919	continued:5	-1,-1,1,1,1,1,-1,1	-1,1,1,1,-1,1,-1,1	2755.75249,12167.49497,22709.31911,30178.27643,40642.49676,56744.02964,68572.08982,78773.04481	5051.197873,19953.43238,27872.82251,37397.02066,44733.86354,50278.49677,56349.9709,64452.63785	-0.9145875836,-0.9413201061,0.9519085162,0.2529069645,0.9492093836,0.9520249247,-0.9381740768,0.9522600153	-0.9518015238,0.9519208236,0.9698515395,0.9425702222,-0.9349239968,0.9343190086,-0.9384379302,0.9456186754	ok
-0.50400802	-43.49699399	-46.38286300	0.7731955879	continued:5	1,1,-1,-1,-1,1,1,1	-1,1,1,1,-1,-1,-1,1	2833.601345,12233.67535,22940.69282,40411.77915,58394.76784,67512.49169,77138.03661,91510.44014	5051.241467,19941.5016,27627.7597,37333.34941,48475.47901,56834.19264,66234.88946,76930.91421	0.9087338662,0.9411149021,-0.9518581313,-0.9518711117,-0.9519229894,0.9304570643,0.9435269929,0.951954212	-0.9517880749,0.951899866,0.6816763773,0.9442447711,-0.9519130208,-0.9586483835,-0.9411224861,0.9518591113	ok
-0.50200401	-43.49699399	-46.64281473	0.7728217526	continued:5	1,1,1,-1,1,-1,1,1	-1,1,1,1,-1,1,1,-1	34.82173182,2915.033926,12305.64237,23604.69365,39114.04779,55356.39957,70515.4822,87881.52986	5051.287771,19933.39605,27448.71632,37458.46036,49133.17359,59556.65528,69959.67159,85994.51312	0.9592014556,0.9566556375,0.9409329247,-0.951813731,0.9518211913,-0.9518014056,0.9518390239,0.9518491018	-0.9517746235,0.9518796292,0.3146026664,0.9465288253,-0.9519286334,0.9315797577,0.9518204269,-0.9518057019	ok
-0.50000000	-43.49699399	-46.87068114	0.7726545683	full	1,1,1,1,1,1,1,1	-1,1,1,1,-1,1,1,-1	64.04810333,2998.014147,12377.27757,25283.17501,43118.11501,51483.3758,60862.71967,73766.02594	5051.336772,19929.01267,27308.21156,37914.5618,50772.52166,60049.53533,70305.41541,82626.56355	0.9826830608,0.9458792835,0.9407241808,0.9518367748,0.9518817746,0.9678281533,0.9407252327,0.9518364275	-0.9517611698,0.9518599895,0.1582866126,0.9496952114,-0.952173642,0.9306201797,0.948054213,-0.9518268118	ok
