delta_x	delta_ca	T0_V	T0_Ca	T0_method	T_signs	gamma_signs	T_min_times	gamma_min_times	T_tangent_Ca	gamma_tangent_Ca	status
-1.50000000	-29.36873747	-47.53100825	0.8494483218	continued:5	1,1,1,1,1,1,1,1	-1,-1,-1,-1,-1,-1,-1,-1	19.05056323,7521.364467,15122.0061,22723.23972,30324.85479,37926.69645,45528.66779,53130.71208	5228.876648,17576.98419,25179.01612,32778.61094,40378.55929,47979.24901,55580.51543,63182.15039	0.9662103891,0.9489478574,0.9486996974,0.9485626268,0.9484866654,0.9484448456,0.9484223961,0.9484094403	-0.9649941472,-0.9513960671,-0.9501157773,-0.94935506,-0.9489256288,-0.948687237,-0.9485556572,-0.9484831867	ok
-1.49799599	-29.36873747	-47.97167711	0.8492811375	full	1,-1,-1,-1,-1,-1,-1,-1	-1,-1,-1,-1,-1,-1,-1,-1	38.97028458,7514.215304,15115.51077,22717.3914,30319.6545,37922.14763,45524.77371,53127.47508	5228.419676,17574.47567,25177.4174,32777.75709,40378.37218,47979.70378,55581.60955,63183.88823	0.997169318,-0.9489780348,-0.9487282132,-0.9485891822,-0.9485125991,-0.9484696451,-0.9484455952,-0.948432787	-0.9649826759,-0.9514217352,-0.9501537136,-0.949393712,-0.948961061,-0.9487189277,-0.9485842173,-0.948509437	ok
-1.49599198	-29.36873747	-41.90098126	0.8697610339	continued:5	1,1,1,1,1,1,1,1	-1,-1,-1,-1,-1,-1,-1,-1	7391.51312,14993.06707,22594.16071,30195.8852,37798.24887,45401.0598,53004.14906,60607.40242	5227.968284,17571.96123,25175.83092,32776.93254,40378.22866,47980.21448,55582.77094,63185.70433	0.9506007601,0.949673165,0.9491339275,0.9488280449,0.9486558689,0.9485602145,0.9485057351,0.9484756131	-0.964971203,-0.9514472984,-0.9501917349,-0.9494326183,-0.9489968107,-0.9487509219,-0.9486130301,-0.9485358783	ok
-1.49398798	-29.36873747	-42.73024891	0.8669676851	continued:5	1,1,1,1,1,1,1,1	-1,-1,-1,-1,-1,-1,-1,-1	7484.508359,15086.37405,22688.37845,30291.04514,37894.27391,45497.8795,53101.71637,60705.68943	5227.522438,17569.44026,25174.25618,32776.13707,40378.12873,47980.78123,55583.99981,63187.59892	0.9502086661,0.9494594748,0.9490259297,0.9487791732,0.9486398412,0.9485612931,0.9485165613,0.9484917911	-0.9649597287,-0.9514727561,-0.9502298409,-0.9494717837,-0.9490328867,-0.9487832312,-0.9486421076,-0.9485625229	ok
-1.49198397	-29.36873747	-43.38492938	0.8641743362	continued:5	1,1,1,1,1,1,1,1	-1,-1,-1,-1,-1,-1,-1,-1	7535.687001,15138.21163,22741.21795,30344.85201,37948.95774,45553.3684,53157.96397,60762.66835	5227.082105,17566.9121,25172.6927,32775.37043,40378.07237,47981.40419,55585.29638,63189.57229	0.9498393071,0.949259283,0.9489247226,0.948733531,0.9486246128,0.948562201,0.9485271612,0.9485072897	-0.964948253,-0.9514981075,-0.9502680323,-0.9495112131,-0.9490692987,-0.9488158681,-0.9486714632,-0.9485893826	ok
-1.48997996	-29.36873747	-43.96847972	0.8613809873	continued:5	1,1,1,1,1,1,1,1	-1,-1,-1,-1,-1,-1,-1,-1	7507.452089,15110.91581,22714.98552,30319.59734,37924.58348,45529.80479,53135.16738,60740.61309	5226.647252,17564.37612,25171.13996,32774.63239,40378.05962,47982.08353,55586.66094,63191.62474	0.9495090586,0.9490814322,0.9488344747,0.9486928557,0.9486120534,0.9485654961,0.9485390968,0.9485235539	-0.9649367757,-0.9515233518,-0.9503063091,-0.9495509116,-0.9491060567,-0.9488488445,-0.9487011095,-0.9486164699	ok
-1.48797595	-29.36873747	-44.51909741	0.8585876384	continued:5	1,1,1,1,1,1,1,1	-1,-1,-1,-1,-1,-1,-1,-1	7331.113269,14935.63557,22540.74042,30146.28874,37752.12861,45358.14832,52964.27571,60570.46651	5226.217846,17561.83165,25169.59746,32773.92272,40378.09048,47982.81944,55588.09377,63193.7566	0.9492692599,0.9489557232,0.9487733084,0.9486682487,0.9486071305,0.9485725232,0.9485525908,0.9485402895	-0.964925297,-0.9515484882,-0.9503446715,-0.9495908841,-0.9491431702,-0.9488821741,-0.9487310608,-0.9486437989	ok
-1.48597194	-29.36873747	-45.05394910	0.8557942895	continued:5	1,1,1,1,1,1,1,1	-1,-1,-1,-1,-1,-1,-1,-1	7039.392542,14644.84476,22250.83182,29857.20755,37463.83548,45070.61878,52677.49528,60284.42696	5225.793855,17559.27802,25168.06466,32773.24119,40378.16499,47983.61216,55589.59519,63195.96827	0.9491774875,0.9489137859,0.9487600299,0.9486709127,0.9486189588,0.9485886571,0.9485711639,0.9485607322	-0.9649138167,-0.9515735159,-0.9503831198,-0.9496311359,-0.9491806498,-0.94891587,-0.948761332,-0.9486713827	ok
-1.48396794	-29.36873747	-45.58066219	0.8530009407	continued:5	-1,-1,-1,-1,-1,-1,-1,-1	-1,-1,-1,-1,-1,-1,-1,-1	6917.243172,14523.46252,22130.1994,29737.31666,37344.68315,44952.20473,52559.82003,60167.49131	5225.375247,17556.71455,25166.54104,32772.58756,40378.28321,47984.46193,55591.16559,63198.26016	-0.9491939004,-0.9489353118,-0.9487833347,-0.9486943809,-0.9486422394,-0.9486108237,-0.9485931745,-0.9485832575	-0.964902335,-0.951598434,-0.950421654,-0.9496716724,-0.9492185064,-0.9489499465,-0.9487919385,-0.9486992371	ok
-1.48196393	-29.36873747	-46.10158081	0.8503353092	continued:5	1,1,1,1,1,1,1,1	-1,-1,-1,-1,-1,-1,-1,-1	7083.425113,14690.39931,22297.87819,29905.73516,37513.84308,45122.10902,52730.47137,60338.89199	5224.961991,17554.14053,25165.02605,32771.96158,40378.4452,47985.36903,55592.80536,63200.63275	0.9492247191,0.9489655319,0.9488116149,0.948720302,0.9486672265,0.9486350669,0.9486169287,0.9486050811	-0.9648908516,-0.9516232416,-0.9504602745,-0.949712499,-0.9492567505,-0.9489844183,-0.9488228958,-0.9487273773	ok
-1.47995992	-29.36873747	-46.61460139	0.8484173485	continued:5	1,1,1,1,1,1,1,1	-1,-1,-1,-1,-1,-1,-1,-1	7217.321104,14825.06327,22433.29622,30041.9045,37650.76535,45259.78691,52868.90776,60478.08878	5224.554053,17551.55527,25163.51913,32771.36304,40378.65103,47986.33377,55594.51495,63203.08655	0.9492559485,0.9489957571,0.9488401974,0.9487471459,0.9486922108,0.948659264,0.9486393028,0.9486285825	-0.9648793668,-0.9516479381,-0.9504989812,-0.9497536211,-0.9492953939,-0.9490193003,-0.9488542209,-0.9487558198	ok
-1.47795591	-29.36873747	-47.11027827	0.8471681249	continued:5	1,1,1,1,1,1,1,1	-1,-1,-1,-1,-1,-1,-1,-1	7372.142623,14980.66555,22589.66459,30199.03551,37808.66059,45418.44905,53028.33948,60638.29248	5224.151404,17548.95803,25162.0197,32770.79168,40378.90081,47987.35649,55596.29486,63205.62214	0.949287042,0.9490257646,0.9488683846,0.9487743097,0.9487173144,0.9486836235,0.948663281,0.9486510336	-0.9648678804,-0.9516725225,-0.9505377743,-0.9497950442,-0.9493344477,-0.9490546086,-0.9488859315,-0.9487845825	ok
-1.47595190	-29.36873747	-47.58018178	0.8466665721	continued:5	1,1,1,1,1,1,1,1	-1,-1,-1,-1,-1,-1,-1,-1	20.2805918,7503.365607,15112.68296,22722.46086,30332.60677,37943.00767,45553.57451,53164.24599	5223.754011,17546.34808,25160.5272,32770.24727,40379.19465,47988.43757,55598.14562,63208.24015	0.9664068686,0.9493179233,0.9490564175,0.9488976426,0.9488009394,0.9487425691,0.9487075862,0.9486866733	-0.9648563924,-0.9516969942,-0.9505766539,-0.9498367741,-0.9493739243,-0.9490903592,-0.948918046,-0.948813683	ok
-1.47394790	-29.36873747	-48.01608443	0.8464993879	full	1,-1,-1,-1,-1,-1,-1,-1	-1,-1,-1,-1,-1,-1,-1,-1	41.43886415,7503.354153,15113.4799,22724.04956,30334.98244,37946.17089,45557.52762,53168.99165	5223.361845,17543.72468,25159.04103,32769.72957,40379.53268,47989.57743,55600.06783,63210.94127	0.9965055352,-0.9493488023,-0.9490864448,-0.9489263148,-0.9488282312,-0.9487684026,-0.9487324946,-0.948710048	-0.9648449027,-0.9517213519,-0.9506156202,-0.9498788168,-0.9494138358,-0.9491265695,-0.9489505834,-0.9488431411	ok
-1.47194389	-29.36873747	-40.24480263	0.8695324788	continued:5	1,1,1,1,1,1,1,1	-1,-1,-1,-1,-1,-1,-1,-1	7211.293496,14827.59515,22439.22663,30049.90024,37660.76978,45272.06424,52883.73524,60495.68091	5222.974875,17541.08705,25157.56058,32769.23834,40379.91504,47990.77651,55602.06214,63213.72625	0.951718895,0.950635695,0.9499087817,0.9494464427,0.9491585649,0.9489805712,0.9488708152,0.948803685	-0.9648334115,-0.9517455952,-0.9506546731,-0.9499211778,-0.9494541952,-0.9491632566,-0.9489835639,-0.9488729775	ok
-1.46993988	-29.36873747	-41.93323315	0.8667391299	continued:5	1,1,1,1,1,1,1,1	-1,-1,-1,-1,-1,-1,-1,-1	7365.144578,14979.06544,22590.82719,30202.4083,37814.34222,45426.67501,53039.32404,60652.19517	5222.59307,17538.43442,25156.08523,32768.77334,40380.34192,47992.03532,55604.12927,63216.59594	0.9510654274,0.950209387,0.9496511215,0.9492981587,0.9490777467,0.9489410236,0.948856022,0.9488030649	-0.9648219187,-0.9517697232,-0.9506938124,-0.9499638636,-0.949495015,-0.9492004397,-0.9490170087,-0.9489032132	ok
-1.46793587	-29.36873747	-42.77037406	0.8639457810	continued:5	1,1,1,1,1,1,1,1	-1,-1,-1,-1,-1,-1,-1,-1	7445.53372,15058.99036,22671.43922,30284.01603,37896.9755,45510.29259,53123.87898,60737.65105	5222.2164,17535.76599,25154.61434,32768.33433,40380.8135,47993.3544,55606.26998,63219.55124	0.950636436,0.9499431105,0.9494958547,0.9492123041,0.9490350884,0.9489240376,0.948854096,0.9488108574	-0.9648104243,-0.9517937347,-0.9507330387,-0.95000688,-0.9495363094,-0.949238137,-0.9490509397,-0.9489338712	ok
-1.46593186	-29.36873747	-43.43178372	0.8611524321	continued:5	1,1,1,1,1,1,1,1	-1,-1,-1,-1,-1,-1,-1,-1	7478.690627,15092.29262,22705.63364,30319.27013,37933.27674,45547.58906,53162.12239,60776.8058	5221.844836,17533.08095,25153.14728,32767.92107,40381.32999,47994.73433,55608.48512,63222.59316	0.9502383169,0.9496993523,0.949353645,0.9491343373,0.948995879,0.9489086666,0.9488532579,0.9488192144	-0.9647989281,-0.951817629,-0.9507723515,-0.9500502333,-0.9495780921,-0.9492763694,-0.9490853804,-0.9489649759	ok
-1.46392786	-29.36873747	-44.02095132	0.8583590832	continued:5	1,1,1,1,1,1,1,1	-1,-1,-1,-1,-1,-1,-1,-1	7425.499785,15039.74121,22654.12614,30268.86123,37883.92267,45499.23294,53114.71754,60730.31937	5221.478348,17530.37848,25151.68338,32767.53331,40381.89165,47996.17577,55610.77562,63225.72278	0.9498919231,0.9494896226,0.9492317254,0.9490668761,0.9489627671,0.9488964687,0.9488548501,0.9488283456	-0.9647874304,-0.9518414053,-0.9508117508,-0.9500939301,-0.9496203775,-0.9493151568,-0.9491203551,-0.9489965521	ok
-1.46192385	-29.36873747	-44.57602250	0.8555657344	continued:5	1,1,1,1,1,1,1,1	-1,-1,-1,-1,-1,-1,-1,-1	7230.976435,14846.16061,22461.63084,30077.43617,37693.51785,45309.80122,52926.22364,60542.73906	5221.116906,17527.65774,25150.22196,32767.17081,40382.49874,47997.6794,55613.14248,63228.94129	0.9496549921,0.9493493862,0.9491524799,0.9490264151,0.948945508,0.948894032,0.9488614802,0.9488406991	-0.964775931,-0.9518650628,-0.9508512368,-0.9501379767,-0.9496631805,-0.949354521,-0.9491558889,-0.9490286267	ok
-1.45991984	-29.36873747	-45.11403974	0.8527723855	continued:5	1,1,1,1,1,1,1,1	-1,-1,-1,-1,-1,-1,-1,-1	6964.83083,14580.98997,22197.44892,29814.21996,37431.24126,45048.44402,52665.77193,60283.18382	5220.760481,17524.91787,25148.76233,32766.83334,40383.15155,47999.24599,55615.58678,63232.25	0.9495775153,0.9493106638,0.9491377972,0.9490264481,0.9489545927,0.9489081485,0.9488781338,0.948858866	-0.9647644298,-0.9518886006,-0.9508908094,-0.9501823798,-0.9497065164,-0.9493944847,-0.9491920091,-0.9490612286	ok
-1.45791583	-29.36873747	-45.64248912	0.8499790366	continued:5	-1,-1,-1,-1,-1,-1,-1,-1	-1,-1,-1,-1,-1,-1,-1,-1	6880.455329,14497.54033,22114.90369,29732.56738,37350.47624,44968.56524,52586.78001,60205.08002	5220.409045,17522.15798,25147.30378,32766.52064,40383.8504,48000.87636,55618.10972,63235.65032	-0.9495999822,-0.9493365866,-0.9491645196,-0.9490522299,-0.9489794945,-0.9489325882,-0.9489021151,-0.9488826802	-0.9647529271,-0.9519120177,-0.9509304681,-0.9502271462,-0.9497504011,-0.9494350713,-0.9492287437,-0.9490943877	ok
-1.45591182	-29.36873747	-46.16360486	0.8473134052	continued:5	-1,-1,-1,-1,-1,-1,-1,-1	-1,-1,-1,-1,-1,-1,-1,-1	7050.63432,14668.65361,22286.9265,29905.48826,37524.2913,45143.27466,52762.38537,60381.58335	5220.062569,17519.3772,25145.84559,32766.23248,40384.59565,48002.5714,55620.71258,63239.14381	-0.9496309079,-0.9493680091,-0.9491950873,-0.9490811211,-0.9490072125,-0.9489583239,-0.9489263698,-0.9489059613	-0.9647414226,-0.9519353134,-0.9509702132,-0.9502722828,-0.9497948511,-0.9494763049,-0.9492661221,-0.9491281352	ok
-1.45390782	-29.36873747	-46.67524730	0.8453954445	continued:5	-1,-1,-1,-1,-1,-1,-1,-1	-1,-1,-1,-1,-1,-1,-1,-1	7193.271412,14812.23928,22431.4349,30050.90694,37670.6161,45290.50522,52910.52323,60530.63069	5219.721024,17516.57459,25144.38702,32765.96861,40385.3877,48004.33207,55623.39677,63242.73215	-0.9496622173,-0.9493996103,-0.9492254874,-0.9491105681,-0.9490344387,-0.9489845557,-0.9489520395,-0.9489302563	-0.9647299163,-0.9519584865,-0.9510100444,-0.9503177967,-0.9498398831,-0.9495182114,-0.9493041755,-0.9491625055	ok
-1.45190381	-29.36873747	-47.16804288	0.8441462209	continued:5	1,1,1,1,1,1,1,1	-1,-1,-1,-1,-1,-1,-1,-1	7352.615794,14972.5469,22592.6789,30213.07414,37833.70151,45454.50829,53075.44521,60696.47369	5219.384382,17513.74924,25142.9273,32765.72879,40386.22696,48006.15942,55626.1638,63246.41719	0.9496942968,0.9494323841,0.9492571694,0.9491402324,0.9490623789,0.9490106723,0.9489771035,0.9489535596	-0.9647184084,-0.9519815367,-0.9510499616,-0.950363695,-0.9498855148,-0.9495608169,-0.9493429363,-0.9491975334	ok
-1.44989980	-29.36873747	-47.63373412	0.8436446681	continued:5	1,1,1,1,1,1,1,1	-1,-1,-1,-1,-1,-1,-1,-1	21.71183235,7489.039468,15109.9489,22731.03144,30352.36297,37973.92103,45595.65751,53217.52518	5219.052615,17510.9002,25141.46566,32765.51278,40387.1139,48008.05457,55629.01532,63250.20094	0.9666409302,0.9497260081,0.9494645393,0.949288395,0.9491702918,0.9490910279,0.9490375397,0.9490024332	-0.9647068988,-0.9520044627,-0.9510899644,-0.950409985,-0.9499317641,-0.9496041495,-0.9493824395,-0.9492332575	ok
-1.44789579	-29.36873747	-48.06434475	0.8434774838	full	1,1,1,1,1,1,1,1	-1,-1,-1,-1,-1,-1,-1,-1	44.13860058,7495.058091,15116.96097,22739.00853,30361.29009,37983.79161,45606.46993,53229.28026	5218.725696,17508.02649,25140.00131,32765.32033,40388.04903,48010.01875,55631.95312,63254.08559	0.9956859547,0.9497573976,0.9494969445,0.9493200747,0.9492000141,0.9491192203,0.9490644187,0.9490279252	-0.9646953874,-0.9520272637,-0.9511300528,-0.9504566745,-0.9499786501,-0.9496482383,-0.9494227206,-0.9492697171	ok
-1.44589178	-29.36873747	-41.94165972	0.8638214553	continued:5	1,1,1,1,1,1,1,1	-1,-1,-1,-1,-1,-1,-1,-1	7345.153763,14974.15701,22598.94358,30222.21074,37845.12603,45468.12942,53091.346,60714.7789	5218.403597,17505.12712,25138.53343,32765.15121,40389.03288,48012.05327,55634.97915,63258.07354	0.9515419079,0.9507791927,0.950221502,0.9498284677,0.9495569457,0.9493701798,0.9492431045,0.9491561833	-0.9646838743,-0.9520499389,-0.9511702263,-0.9505037707,-0.950026192,-0.9496931133,-0.9494638182,-0.9493069554	ok
-1.44388778	-29.36873747	-42.79479658	0.8610281064	continued:5	1,1,1,1,1,1,1,1	-1,-1,-1,-1,-1,-1,-1,-1	7416.251324,15043.43731,22668.21847,30292.24287,37916.19124,45540.30004,53164.61941,60789.13061	5218.08629,17502.20108,25137.06118,32765.00518,40390.06606,48014.15956,55638.09551,63262.16739	0.9510729428,0.9504502351,0.9500029587,0.9496890562,0.9494710407,0.9493209152,0.9492182735,0.9491471081	-0.9646723594,-0.9520724875,-0.951210485,-0.9505512819,-0.95007441,-0.9497388063,-0.9495057723,-0.949345017	ok
-1.44188377	-29.36873747	-43.46650525	0.8582347575	continued:5	1,1,1,1,1,1,1,1	-1,-1,-1,-1,-1,-1,-1,-1	7438.220247,15064.64174,22689.87769,30314.84451,37939.8964,45565.13785,53190.57278,60816.17135	5217.773748,17499.24735,25135.58371,32764.88199,40391.14921,48016.33915,55641.30449,63266.37	0.9506456115,0.9501566899,0.9498084941,0.9495648795,0.949395183,0.9492773564,0.9491963283,0.9491401042	-0.9646608427,-0.9520949087,-0.9512508284,-0.9505992159,-0.9501233247,-0.9497853507,-0.9495486252,-0.9493839497	ok
-1.43987976	-29.36873747	-44.06344429	0.8554414087	continued:5	1,1,1,1,1,1,1,1	-1,-1,-1,-1,-1,-1,-1,-1	7375.519053,15002.02007,22628.06232,30254.10515,37880.30621,45506.69405,53133.24946,60759.93942	5217.465944,17496.26486,25134.10016,32764.78142,40392.28302,48018.5937,55644.60858,63270.68447	0.9502809918,0.9499095462,0.9496463965,0.9494618689,0.9493320873,0.9492423767,0.9491792085,0.9491356068	-0.9646493242,-0.9521172015,-0.951291256,-0.9506475807,-0.950172958,-0.949832781,-0.9495924222,-0.9494238052	ok
-1.43787575	-29.36873747	-44.62452503	0.8526480598	continued:5	1,1,1,1,1,1,1,1	-1,-1,-1,-1,-1,-1,-1,-1	7189.856987,14817.05604,22444.12248,30071.29391,37698.63743,45326.15019,52953.80559,60581.57299	5217.162853,17493.25254,25132.60961,32764.70322,40393.46825,48020.92501,55648.01048,63275.11419	0.9500395275,0.9497495682,0.9495439506,0.9493989047,0.9492964493,0.9492247149,0.9491747853,0.9491389677	-0.9646378039,-0.9521393653,-0.951331768,-0.9506963848,-0.9502233322,-0.9498811337,-0.9496372102,-0.9494646373	ok
-1.43587174	-29.36873747	-45.16698345	0.8498547109	continued:5	1,1,1,1,1,1,1,1	-1,-1,-1,-1,-1,-1,-1,-1	6963.562245,14591.76069,22219.90328,29848.1648,37476.59031,45105.17195,52733.88401,60362.69814	5216.864447,17490.20929,25131.11116,32764.64717,40394.70572,48023.33501,55651.5131,63279.66289	0.9499608194,0.9497048319,0.9495216304,0.9493917427,0.9493000345,0.9492346299,0.9491878598,0.9491558278	-0.9646262818,-0.9521613989,-0.9513723636,-0.9507456368,-0.9502744707,-0.949930447,-0.9496830393,-0.9495065036	ok
-1.43386774	-29.36873747	-45.69831556	0.8470613620	continued:5	-1,-1,-1,-1,-1,-1,-1,-1	-1,-1,-1,-1,-1,-1,-1,-1	6909.327754,14538.62136,22167.83635,29797.15199,37426.61959,45056.23629,52685.98008,60315.82515	5216.570699,17487.13399,25129.60387,32764.61303,40395.99629,48025.82578,55655.11964,63284.3346	-0.9499802931,-0.9497298889,-0.9495494256,-0.9494199373,-0.9493272485,-0.9492614473,-0.9492146733,-0.9491805498	-0.964614758,-0.9521833017,-0.9514130424,-0.9507953455,-0.9503263973,-0.949980761,-0.9497299626,-0.9495494662	ok
-1.43186373	-29.36873747	-46.22072525	0.8443957306	continued:5	1,1,1,1,1,1,1,1	-1,-1,-1,-1,-1,-1,-1,-1	7079.500801,14709.91521,22340.21586,29970.59395,37601.11041,45231.76929,52862.55268,60493.43686	5216.281584,17484.02549,25128.08677,32764.60058,40397.34092,48028.39959,55658.83355,63289.13377	0.9500129236,0.9497638796,0.9495832557,0.94945261,0.949359023,0.9492913,0.9492422989,0.9492073112	-0.9646032323,-0.9522050731,-0.9514538043,-0.9508455198,-0.9503791375,-0.9500321178,-0.9497780361,-0.949593591	ok
-1.42985972	-29.36873747	-46.73207764	0.8426054873	continued:5	-1,-1,-1,-1,-1,-1,-1,-1	-1,-1,-1,-1,-1,-1,-1,-1	7173.996799,14805.54819,22436.95061,30068.40651,37699.98639,45331.70093,52963.53666,60595.47235	5215.997077,17480.88262,25126.55887,32764.60959,40398.74064,48031.05887,55662.65858,63294.06524	-0.9500446856,-0.9497978372,-0.9496177354,-0.949486123,-0.9493904276,-0.9493213298,-0.9492706145,-0.9492346673	-0.9645917048,-0.9522267121,-0.9514946487,-0.9508961689,-0.950432717,-0.9500845617,-0.9498273197,-0.949638948	ok
-1.42785571	-29.36873747	-47.22193485	0.8413562637	continued:5	1,1,1,1,1,1,1,1	-1,-1,-1,-1,-1,-1,-1,-1	7336.987128,14969.69272,22602.21351,30234.76249,37867.42002,45500.20353,53133.10432,60766.10393	5215.71715,17477.70417,25125.01917,32764.63986,40400.19654,48033.80626,55666.59884,63299.13433	0.9500768214,0.9498326526,0.9496522281,0.9495200254,0.949422511,0.9493520813,0.9492997491,0.9492616225	-0.9645801754,-0.9522482179,-0.9515355751,-0.950947302,-0.9504871633,-0.9501381391,-0.9498778761,-0.9496856125	ok
-1.42585170	-29.36873747	-47.68350260	0.8408547109	continued:5	1,1,1,1,1,1,1,1	-1,-1,-1,-1,-1,-1,-1,-1	23.17803847,7477.427424,15111.30462,22744.96049,30378.61842,38012.36804,45646.23438,53280.21316	5215.441779,17474.48894,25123.46663,32764.69116,40401.70981,48036.6446,55670.65875,63304.34687	0.9668887886,0.9501092361,0.9498673089,0.9496872598,0.9495537691,0.9494557384,0.9493830646,0.9493292541	-0.9645686442,-0.9522695899,-0.9515765833,-0.9509989289,-0.9505425045,-0.9501928993,-0.949929773,-0.9497336655	ok
-1.42384770	-29.36873747	-48.10904364	0.8406875266	full	1,1,1,1,1,1,1,1	-1,-1,-1,-1,-1,-1,-1,-1	46.74907383,7487.954404,15123.01994,22757.82783,30392.61079,38027.46789,45662.43106,53297.50125	5215.170939,17471.23566,25121.90019,32764.76329,40403.28174,48039.57696,55674.84318,63309.70925	0.994804129,0.950141214,0.9499022243,0.9497224289,0.9495885642,0.9494886911,0.949414715,0.9493591604	-0.9645571111,-0.9522908272,-0.9516176727,-0.9510510593,-0.9505987699,-0.9502488939,-0.9499830816,-0.949783193	ok
-1.42184369	-29.36873747	-41.98265650	0.8610280628	continued:5	1,1,1,1,1,1,1,1	-1,-1,-1,-1,-1,-1,-1,-1	7327.898098,14975.99654,22618.04401,30256.76417,37893.79642,45530.05818,53166.03237,60801.95724	5214.904603,17467.94306,25120.31876,32764.85605,40404.91371,48042.60668,55679.15741,63315.22848	0.9519874855,0.9513783435,0.9508752408,0.9504764993,0.9501681238,0.9499326107,0.9497551201,0.9496208197	-0.9645455762,-0.9523119293,-0.9516588426,-0.9511037038,-0.9506559903,-0.9503061775,-0.9500378786,-0.9498342885	ok
-1.41983968	-29.36873747	-42.83934142	0.8582347139	continued:5	1,1,1,1,1,1,1,1	-1,-1,-1,-1,-1,-1,-1,-1	7386.108128,15030.2589,22670.73356,30309.26547,37946.85682,45584.05458,53221.14015,60858.24762	5214.642749,17464.60984,25118.72124,32764.96924,40406.60721,48045.73734,55683.60719,63320.91228	0.9514786173,0.9509739557,0.950569029,0.9502516792,0.950007495,0.9498208415,0.9496793042,0.9495718076	-0.9645340394,-0.9523328953,-0.9517000929,-0.951156872,-0.9507141978,-0.9503648074,-0.9500942447,-0.9498870516	ok
-1.41783567	-29.36873747	-43.51564487	0.8554413650	continued:5	1,1,1,1,1,1,1,1	-1,-1,-1,-1,-1,-1,-1,-1	7391.130481,15033.11742,22673.04867,30311.94364,37950.37422,45588.64451,53226.90625,60865.22735	5214.385349,17461.23466,25117.10647,32765.10267,40408.36384,48048.97286,55688.19881,63326.76914	0.9510220616,0.9506218363,0.950305983,0.9500602276,0.9498705754,0.9497256885,0.9496150025,0.9495300805	-0.9645225007,-0.9523537246,-0.9517414229,-0.9512105753,-0.9507734258,-0.9504248454,-0.9501522672,-0.9499415904	ok
-1.41583166	-29.36873747	-44.11676901	0.8526480161	continued:5	1,1,1,1,1,1,1,1	-1,-1,-1,-1,-1,-1,-1,-1	7308.078581,14949.30877,22589.47216,30229.13423,37868.60432,45508.04173,53147.52214,60787.0752	5214.132381,17457.81616,25115.47329,32765.25618,40410.18533,48052.31745,55692.93916,63332.80843	0.9506444637,0.9503362902,0.9500945744,0.9499071176,0.9497617898,0.9496505642,0.9495644845,0.9494990369	-0.9645109601,-0.9523744165,-0.9517828319,-0.9512648242,-0.9508337089,-0.9504863552,-0.9502120391,-0.9499980212	ok
-1.41382766	-29.36873747	-44.68119112	0.8498546672	continued:5	1,1,1,1,1,1,1,1	-1,-1,-1,-1,-1,-1,-1,-1	7113.376003,14754.95126,22395.92165,30036.63061,37677.26296,45317.91152,52958.61783,60599.39562	5213.88382,17454.35294,25113.8205,32765.42959,40412.07354,48055.77569,55697.83575,63339.04046	0.9504089996,0.9501628289,0.9499697969,0.94981928,0.949702059,0.9496113625,0.9495411029,0.9494874719	-0.9644994177,-0.9523949703,-0.9518243197,-0.9513196299,-0.9508950836,-0.9505494057,-0.9502736602,-0.9500564699	ok
-1.41182365	-29.36873747	-45.22589060	0.8470613184	continued:5	1,1,1,1,1,1,1,1	-1,-1,-1,-1,-1,-1,-1,-1	6908.411189,14551.00997,22193.11745,29835.01347,37476.85043,45118.70577,52760.6147,60402.58911	5213.639641,17450.84358,25112.14689,32765.62275,40414.03049,48059.35253,55702.89681,63345.47666	0.9503441379,0.950122283,0.9499474006,0.9498103173,0.9497027411,0.9496190781,0.94955381,0.9495029493	-0.9644878734,-0.9524153856,-0.9518658855,-0.9513750042,-0.9509575885,-0.9506140696,-0.9503372379,-0.9501170733	ok
-1.40981964	-29.36873747	-45.75817994	0.8442679695	continued:5	-1,-1,-1,-1,-1,-1,-1,-1	-1,-1,-1,-1,-1,-1,-1,-1	6878.542078,14522.43934,22165.81932,29808.96121,37452.02133,45095.08295,52738.18601,60381.34656	5213.39982,17447.28663,25110.45118,32765.83551,40416.05832,48063.05339,55708.1314,63352.12967	-0.9503695314,-0.9501533163,-0.9499815658,-0.9498451067,-0.9497381136,-0.9496531997,-0.9495867339,-0.9495349052	-0.9644763271,-0.9524356619,-0.9519075288,-0.9514309589,-0.9510212631,-0.9506804239,-0.9504028872,-0.9501799799	ok
-1.40781563	-29.36873747	-46.28015159	0.8416023380	continued:5	1,1,1,1,1,1,1,1	-1,-1,-1,-1,-1,-1,-1,-1	7052.717605,14697.95073,22342.63168,29987.04195,37631.34428,45275.62831,52919.94006,60564.30014	5213.164335,17443.68059,25108.73209,32766.06775,40418.15938,48066.8841,55713.54942,63359.01351	0.9504017694,0.9501897002,0.9500196325,0.9498841998,0.9497760953,0.9496902721,0.9496220505,0.9495683715	-0.9644647789,-0.9524557983,-0.9519492492,-0.951487506,-0.9510861494,-0.9507485511,-0.9504707326,-0.9502453514	ok
-1.40581162	-29.36873747	-46.78965027	0.8398120948	continued:5	-1,-1,-1,-1,-1,-1,-1,-1	-1,-1,-1,-1,-1,-1,-1,-1	7159.052057,14805.64322,22451.64696,30097.34661,37742.91058,45388.43503,53033.97207,60679.54712	5212.93316,17440.02396,25106.98832,32766.31935,40420.33619,48070.85105,55719.16178,63366.14375	-0.9504351519,-0.9502271348,-0.950059024,-0.9499236828,-0.9498150367,-0.9497285051,-0.9496590417,-0.9496035994	-0.9644532288,-0.9524757946,-0.9519910461,-0.9515446582,-0.9511522916,-0.9508185388,-0.9505409085,-0.9503133644	ok
-1.40380762	-29.36873747	-47.27632963	0.8385628712	continued:5	1,1,1,1,1,1,1,1	-1,-1,-1,-1,-1,-1,-1,-1	7325.222254,14973.19024,22620.53713,30267.54675,37914.3923,45561.17612,53207.95604,60854.76235	5212.706273,17436.31517,25105.21849,32766.59022,40422.59146,48074.96117,55724.98052,63373.53775	0.9504677641,0.9502642869,0.9500987945,0.9499641246,0.9498551546,0.9497673376,0.9496963194,0.9496393857	-0.9644416768,-0.9524956504,-0.9520329189,-0.9516024285,-0.9512197357,-0.9508904807,-0.9506135605,-0.9503842128	ok
-1.40180361	-29.36873747	-47.73357552	0.8380613184	continued:5	1,1,1,1,1,1,1,1	-1,-1,-1,-1,-1,-1,-1,-1	24.77514547,7469.07202,15118.43863,22767.15131,30415.49297,38063.64122,45711.70401,53359.74503	5212.48365,17432.55264,25103.42125,32766.88029,40424.92813,48079.22203,55731.01889,63381.21486	0.9671624239,0.9505009916,0.9503023709,0.9501388309,0.9500051017,0.9498956313,0.9498072306,0.9497350551	-0.9644301227,-0.9525153648,-0.952074867,-0.9516608303,-0.9512885302,-0.9509644769,-0.9506888464,-0.9504581093	ok
-1.39979960	-29.36873747	-48.15389587	0.8378941341	full	1,1,1,1,1,1,1,1	-1,-1,-1,-1,-1,-1,-1,-1	49.44980812,7483.365172,15134.14974,22784.24942,30433.94511,38083.41755,45732.77985,53382.10117	5212.265269,17428.73475,25101.59516,32767.18948,40427.34936,48083.64189,55737.29156,63389.19677	0.9938047632,0.9505338167,0.950340106,0.9501795608,0.950046882,0.9499372793,0.9498480556,0.9497745211	-0.9644185668,-0.9525349381,-0.95211689,-0.9517198774,-0.9513587261,-0.9510406353,-0.9507669386,-0.9505352883	ok
-1.39779559	-29.36873747	-41.98813213	0.8580167289	continued:5	1,1,1,1,1,1,1,1	-1,-1,-1,-1,-1,-1,-1,-1	7318.586199,14992.7264,22659.92605,30321.83575,37979.89971,45635.27329,53288.82524,60941.17993	5212.051106,17424.85984,25099.73878,32767.51778,40429.85858,48088.22976,55743.81478,63397.50779	0.9525171474,0.9521224829,0.9517451397,0.9513995459,0.9510918769,0.9508246782,0.9505962194,0.9504031396	-0.964407009,-0.9525543694,-0.9521589875,-0.9517795836,-0.9514303774,-0.9511190707,-0.9508480245,-0.9506160096	ok
-1.39579158	-29.36873747	-42.86298670	0.8552233800	continued:5	1,1,1,1,1,1,1,1	-1,-1,-1,-1,-1,-1,-1,-1	7368.325514,15034.57224,22696.32742,30354.80657,38010.9751,45665.5603,53319.08922,60971.93269	5211.841138,17420.92621,25097.85063,32767.86518,40432.45949,48092.99555,55750.6066,63406.17529	0.9519586517,0.9516125296,0.9512974495,0.9510176212,0.9507739679,0.9505649862,0.9503874015,0.9502376551	-0.9643954491,-0.9525736586,-0.9522011587,-0.9518399641,-0.951503541,-0.9511999075,-0.9509323101,-0.9507005614	ok
-1.39378758	-29.36873747	-43.55078743	0.8524300311	continued:5	1,1,1,1,1,1,1,1	-1,-1,-1,-1,-1,-1,-1,-1	7365.825544,15027.38265,22686.22467,30343.13748,37998.71395,45653.38646,53307.46288,60961.15752	5211.635343,17416.93214,25095.92918,32768.2317,40435.1561,48097.95006,55757.68712,63415.23018	0.9514661819,0.9511827574,0.9509313833,0.9507124363,0.9505234478,0.9503624237,0.9502255294,0.9501097515	-0.9643838873,-0.9525928055,-0.9522434033,-0.9519010336,-0.9515782766,-0.9512832796,-0.9510200206,-0.9507892654	ok
-1.39178357	-29.36873747	-44.16052210	0.8496366822	continued:5	1,1,1,1,1,1,1,1	-1,-1,-1,-1,-1,-1,-1,-1	7282.140273,14941.4119,22599.10121,30255.6823,37911.50369,45566.81609,53221.7964,60876.56781	5211.433698,17412.87586,25093.9729,32768.61739,40437.95275,48103.10521,55765.07873,63424.70748	0.9510666603,0.9508431326,0.9506479213,0.9504790314,0.9503339615,0.9502096466,0.9501043876,0.9500148552	-0.9643723236,-0.9526118099,-0.9522857208,-0.951962808,-0.9516546475,-0.9513693315,-0.9511114054,-0.9508824824	ok
-1.38977956	-29.36873747	-44.73158550	0.8468433333	continued:5	1,1,1,1,1,1,1,1	-1,-1,-1,-1,-1,-1,-1,-1	7106.919713,14765.82866,22423.7173,30080.89242,37737.57816,45393.93601,53050.08056,60706.09195	5211.236181,17408.75555,25091.98018,32769.02234,40440.85414,48108.47408,55772.80656,63434.64704	0.95082022,0.9506393885,0.9504822932,0.9503456637,0.9502283086,0.9501278108,0.9500418365,0.9499678603	-0.9643607578,-0.9526306718,-0.9523281108,-0.9520253035,-0.9517327211,-0.9514582202,-0.9512067394,-0.9509806183	ok
-1.38777555	-29.36873747	-45.28120695	0.8440499845	continued:5	1,1,1,1,1,1,1,1	-1,-1,-1,-1,-1,-1,-1,-1	6937.719513,14597.5553,22256.54184,29914.92534,37572.88825,45230.56378,52888.04802,60545.40928	5211.042771,17404.56938,25089.94941,32769.44668,40443.86539,48114.07111,55780.89878,63445.09441	0.9507468694,0.950586329,0.9504458116,0.9503235192,0.9502173182,0.9501254218,0.950046205,0.9499784588	-0.96434919,-0.9526493909,-0.952370573,-0.9520885368,-0.9518125684,-0.9515501157,-0.9513063283,-0.9510841331	ok
-1.38577154	-29.36873747	-45.81673969	0.8412566356	continued:5	1,1,1,1,1,1,1,1	-1,-1,-1,-1,-1,-1,-1,-1	6929.263581,14590.59713,22251.09063,29910.97325,37570.41826,45229.55484,52888.47864,60547.25915	5210.853444,17400.31546,25087.87892,32769.89058,40446.99203,48119.91223,55789.38716,63456.10191	0.9507668469,0.950614447,0.9504803229,0.9503623007,0.9502587101,0.9501689404,0.9500903654,0.9500223698	-0.9643376203,-0.9526679673,-0.952413107,-0.9521525253,-0.9518942653,-0.9516452033,-0.951410513,-0.951193551	ok
-1.38376754	-29.36873747	-46.34027131	0.8387976552	continued:5	-1,-1,-1,-1,-1,-1,-1,-1	-1,-1,-1,-1,-1,-1,-1,-1	7034.84242,14697.77511,22359.85916,30021.31075,37682.29693,45342.94546,53003.35266,60663.59059	5210.66818,17395.99186,25085.76701,32770.35425,40450.24009,48126.0151,55798.30763,63467.72992	-0.9508006201,-0.9506550818,-0.9505254631,-0.9504106644,-0.9503098144,-0.9502207455,-0.950142686,-0.9500741692	-0.9643260486,-0.9526864011,-0.9524557125,-0.9522172871,-0.9519778916,-0.9517436857,-0.9515196751,-0.9513094724	ok
-1.38176353	-29.36873747	-46.84773741	0.8370074120	continued:5	-1,-1,-1,-1,-1,-1,-1,-1	-1,-1,-1,-1,-1,-1,-1,-1	7151.13257,14815.69226,22479.39845,30142.45343,37805.01677,45467.21343,53129.13973,60790.86948	5210.486956,17391.59661,25083.61195,32770.83796,40453.61614,48132.39933,55807.701,63480.04862	-0.9508346686,-0.9506963222,-0.9505721651,-0.9504607418,-0.9503622765,-0.9502745449,-0.9501968642,-0.950128213	-0.9643144749,-0.9527046922,-0.9524983892,-0.9522828409,-0.952063533,-0.9518457841,-0.9516342447,-0.9514325915	ok
-1.37975952	-29.36873747	-47.33108453	0.8357581884	continued:5	1,1,1,1,1,1,1,1	-1,-1,-1,-1,-1,-1,-1,-1	7319.92374,14986.13008,22651.48438,30316.17357,37980.34842,45644.12932,53307.61145,60970.86939	5210.309752,17387.12771,25081.41196,32771.34202,40457.1273,48139.08674,55817.61387,63493.14007	0.9508676254,0.950736843,0.9506184797,0.9505113962,0.9504153056,0.9503294528,0.9502527703,0.9501842591	-0.9643028991,-0.9527228413,-0.9525411371,-0.9523492061,-0.9521512809,-0.9519517427,-0.9517547081,-0.9515637163	ok
-1.37775551	-29.36873747	-47.78388872	0.8352566356	continued:5	1,1,1,1,1,1,1,1	-1,-1,-1,-1,-1,-1,-1,-1	26.46007179,7466.58126,15134.46436,22801.50158,30467.86351,38133.69093,45799.0987,53464.17958	5210.136545,17382.5831,25079.16524,32771.86684,40460.78139,48146.1017,55828.09968,63507.101	0.9674484469,0.9509019975,0.9507789191,0.9506663893,0.9505639863,0.950471076,0.9503869052,0.9503111763	-0.9642913214,-0.9527408483,-0.952583956,-0.952416403,-0.9522412328,-0.9520618298,-0.9518816196,-0.9517037951	ok
-1.37575150	-29.36873747	-48.19890859	0.8350894513	full	1,1,1,1,1,1,1,1	-1,-1,-1,-1,-1,-1,-1,-1	52.16834101,7484.051874,15153.63442,22822.38402,30490.45419,38157.97414,45825.05163,53491.77594	5209.967314,17377.9607,25076.86993,32772.41285,40464.58692,48153.47151,55839.22009,63522.0464	0.992716567,0.9509356247,0.9508203808,0.9507144771,0.9506167597,0.9505274686,0.9504464245,0.9503722038	-0.9642797416,-0.9527587136,-0.9526268461,-0.9524844526,-0.9523334927,-0.9521763426,-0.9520156137,-0.951853953	ok
-1.37374749	-29.36873747	-42.01329117	0.8551281346	continued:5	1,1,1,1,1,1,1,1	-1,-1,-1,-1,-1,-1,-1,-1	7311.960748,15020.65086,22727.02901,30430.89187,38132.06864,45830.43279,53525.91166,61218.4921	5209.80204,17373.25837,25074.52414,32772.98057,40468.5532,48161.22686,55851.0467,63538.11434	0.9530313779,0.9529555313,0.9528695544,0.9527731615,0.9526660675,0.9525492625,0.9524238611,0.9522910481	-0.9642681598,-0.9527764378,-0.9526698072,-0.9525533769,-0.9524281727,-0.9522956113,-0.9521574228,-0.9520155388	ok
-1.37174349	-29.36873747	-42.89807351	0.8523347857	continued:5	1,1,1,1,1,1,1,1	-1,-1,-1,-1,-1,-1,-1,-1	7350.169366,15044.44679,22736.27243,30425.68798,38112.77462,45797.64784,53480.45041,61161.34433	5209.6407,17368.47392,25072.12595,32773.57063,40472.69045,48169.40239,55863.66327,63555.47249	0.9524205539,0.9523086582,0.9521910658,0.9520689031,0.9519439953,0.9518179599,0.951691809,0.9515667948	-0.964256576,-0.9527940214,-0.9527128396,-0.9526231987,-0.9525253929,-0.9524200046,-0.9523078985,-0.952190189	ok
-1.36973948	-29.36873747	-43.59339019	0.8495414368	continued:5	1,1,1,1,1,1,1,1	-1,-1,-1,-1,-1,-1,-1,-1	7335.587171,15021.22398,22705.08958,30387.30113,38067.98597,45747.27721,53425.30871,61102.21226	5209.483274,17363.60512,25069.67339,32774.18372,40477.00988,48178.03738,55877.1685,63574.32714	0.9518922962,0.9517828855,0.951673063,0.9515637704,0.9514565862,0.9513512035,0.9512494852,0.9511509466	-0.9642449901,-0.9528114651,-0.9527559436,-0.9526939418,-0.9526252823,-0.952549935,-0.952468039,-0.9523799178	ok
-1.36773547	-29.36873747	-44.20908519	0.8467480879	continued:5	1,1,1,1,1,1,1,1	-1,-1,-1,-1,-1,-1,-1,-1	7243.061611,14924.13234,22604.06851,30282.96855,37960.9294,45638.04462,53314.40338,60990.08932	5209.329741,17358.64972,25067.16446,32774.82062,40481.52382,48187.17652,55891.67988,63594.93605	0.9514739682,0.9513821487,0.9512923264,0.9512048142,0.9511199561,0.9510385387,0.9509602519,0.9508850943	-0.9642334022,-0.9528287695,-0.9527991196,-0.952765631,-0.9527279809,-0.9526858678,-0.9526390265,-0.9525872444	ok
-1.36573146	-29.36873747	-44.78471829	0.8439547390	continued:5	1,1,1,1,1,1,1,1	-1,-1,-1,-1,-1,-1,-1,-1	7073.899809,14753.60599,22432.55213,30110.80511,37788.42908,45465.48479,53142.02937,60818.11611	5209.180081,17353.6054,25064.59713,32775.48225,40486.24583,48196.87098,55907.33861,63617.62718	0.9512250181,0.9511512542,0.9510800011,0.9510108445,0.9509438065,0.9508794686,0.9508180374,0.9507590344	-0.9642218123,-0.9528459357,-0.9528423682,-0.9528382925,-0.9528336389,-0.952828329,-0.9528222744,-0.9528153767	ok
-1.36372745	-29.36873747	-45.33749564	0.8411613902	continued:5	1,1,1,1,1,1,1,1	-1,-1,-1,-1,-1,-1,-1,-1	6927.430417,14607.94201,22287.85583,29967.21757,37646.07104,45324.45855,53002.42023,60679.99412	5209.034274,17348.46979,25061.9693,32776.16963,40491.19093,48207.17969,55924.31648,63642.82693	0.9511544329,0.9510936626,0.9510349887,0.950977283,0.9509217006,0.9508677578,0.9508158249,0.9507653686	-0.9642102202,-0.9528629646,-0.95288569,-0.9529119536,-0.9529424201,-0.952977918,-0.9530194939,-0.9530684913	ok
-1.36172345	-29.36873747	-45.87470409	0.8383680413	continued:5	1,1,1,1,1,1,1,1	-1,-1,-1,-1,-1,-1,-1,-1	6935.816804,14618.09254,22299.85787,29981.14263,37661.97635,45342.388,53022.40602,60702.05784	5208.8923,17343.2405,25059.27888,32776.8839,40496.3757,48218.17088,55942.8254,63671.10448	0.9511751485,0.951125413,0.9510763898,0.9510281178,0.9509807091,0.9509346912,0.9508896943,0.9508459898	-0.9641986262,-0.9528798572,-0.952929086,-0.9529866428,-0.9530545015,-0.9531353212,-0.9532327838,-0.9533521654	ok
-1.35971944	-29.36873747	-46.39839169	0.8359090610	continued:5	1,1,1,1,1,1,1,1	-1,-1,-1,-1,-1,-1,-1,-1	7049.090295,14733.29412,22417.07779,30100.45782,37783.4512,45466.07526,53148.34742,60830.2849	5208.754138,17337.91506,25056.5237,32777.62638,40501.81856,48229.92416,55963.13093,63703.24482	0.9512092349,0.9511703297,0.9511312344,0.9510925313,0.9510544818,0.9510168037,0.950979198,0.9509425654	-0.9641870301,-0.9528966149,-0.952972557,-0.9530623899,-0.9531700766,-0.9533013305,-0.9534647587,-0.9536740833	ok
-1.35771543	-29.36873747	-46.90452829	0.8339911003	continued:5	1,1,1,1,1,1,1,1	-1,-1,-1,-1,-1,-1,-1,-1	7210.217896,14896.39201,22582.24974,30267.79763,37953.04258,45637.99184,53322.6533,61007.035	5208.619769,17332.491,25053.70158,32778.39852,40507.53996,48242.53311,55985.57228,63740.37595	0.9512444539,0.9512163415,0.9511882675,0.9511599676,0.9511313975,0.9511033857,0.9510750675,0.9510467762	-0.9641754319,-0.952913239,-0.9530161046,-0.9531392265,-0.953289356,-0.953476866,-0.9537187333,-0.9540452466	ok
-1.35571142	-29.36873747	-47.38632975	0.8329485278	continued:5	1,1,1,1,1,1,1,1	-1,-1,-1,-1,-1,-1,-1,-1	7318.63485,15006.79937,22694.76703,30382.53804,38070.11283,45757.49207,53444.67662,61131.66767	5208.489172,17326.96575,25050.8103,32779.20195,40513.56273,48256.10875,56010.59253,63784.20802	0.951278438,0.9512618219,0.9512450393,0.9512279663,0.9512106153,0.951193005,0.9511753537,0.9511575615	-0.9641638317,-0.952929731,-0.9530597298,-0.9532171855,-0.9534125707,-0.953663006,-0.9539989984,-0.9544821939	ok
-1.35370741	-29.36873747	-47.83450624	0.8324469750	continued:5	1,1,1,1,1,1,1,1	-1,-1,-1,-1,-1,-1,-1,-1	28.28293888,7467.757261,15157.95536,22848.09274,30538.16831,38228.18086,45918.12925,53608.01234	5208.36233,17321.33674,25047.84761,32780.03848,40519.91242,48270.78404,56038.78638,63837.52764	0.9677569131,0.9513136071,0.9513086678,0.9513037295,0.9512984505,0.951293149,0.9512877995,0.9512823884	-0.9641522293,-0.9529460924,-0.9531034344,-0.9532963019,-0.9535399744,-0.9538610251,-0.9543112449,-0.9550114383	ok
-1.35170341	-29.36873747	-48.24408800	0.8322797907	full	1,1,1,1,1,1,1,1	-1,-1,-1,-1,-1,-1,-1,-1	54.9832609,7487.984318,15180.24357,22872.5963,30565.0462,38257.59717,45950.2533,53643.01897	5208.239221,17315.60134,25044.81122,32780.91016,40526.61767,48286.72006,56070.97905,63905.36371	0.9915136837,0.9513481321,0.9513553264,0.9513628201,0.9513705878,0.9513786036,0.9513869265,0.9513955042	-0.964140625,-0.9529623254,-0.9531472204,-0.9533766122,-0.9536718465,-0.9540724462,-0.954663249,-0.9556794301	ok
-1.34969940	-29.36873747	-40.32548948	0.8548870905	continued:5	1,1,1,1,1,1,1,1	-1,-1,-1,-1,-1,-1,-1,-1	7228.962286,15065.10858,23097.6341,31555.54212,39286.17534,47024.48595,54773.70121,62539.71671	5208.119826,17309.75686,25041.69881,32781.81924,40533.71075,48304.11445,56108.3645,63998.31638	0.9546441438,0.9556850209,0.958413846,0.9529418602,0.9531462395,0.9534007383,0.9537319217,0.9541884258	-0.9641290184,-0.9529784316,-0.9531910899,-0.9534581549,-0.9538084958,-0.9542991095,-0.9550660287,-0.9565790221	ok
-1.34769539	-29.36873747	-42.07640123	0.8520937416	continued:5	1,1,1,1,1,1,1,1	-1,-1,-1,-1,-1,-1,-1,-1	7307.171287,15066.4137,22849.79229,30682.59788,38693.14545,46999.48199,54711.92356,62427.04806	5208.004128,17303.80059,25038.50804,32782.76825,40541.22813,48323.21329,56152.76504,64145.55703	0.9535563568,0.9539713816,0.9545757217,0.9555966488,0.9581497373,0.9522610978,0.9523675698,0.9524885671	-0.9641174099,-0.9529944132,-0.9532350454,-0.9535409709,-0.9539502652,-0.9545432673,-0.9555359298,-0.9579415775	ok
-1.34569138	-29.36873747	-42.95896042	0.8493003927	continued:5	1,1,1,1,1,1,1,-1	-1,-1,-1,-1,-1,-1,-1,-1	7328.578899,15061.65387,22803.80553,30559.26722,38336.28355,46154.92746,54096.3639,60702.95309	5207.892105,17297.72977,25035.23654,32783.76,40549.2112,48344.32826,56207.16652,64494.37643	0.9528892971,0.9531285721,0.9534292524,0.9538263056,0.9543893823,0.955297335,0.9572726299,-0.9522619505	-0.9641057992,-0.9530102729,-0.9532790894,-0.9536251035,-0.9540975367,-0.9548077181,-0.9560987012,-0.9606908392	ok
-1.34368737	-29.36873747	-43.65657983	0.8465070439	continued:5	1,1,1,1,1,1,1,1	-1,-1,-1,-1,-1,-1,-1,1	7294.989494,15012.82786,22734.79896,30462.05933,38196.33066,45940.34946,53698.88424,61481.50815	5207.783741,17291.54158,25031.88192,32784.7976,40557.70717,48367.86201,56276.96573,63012.2951	0.9523244705,0.9524759894,0.9526528002,0.952862324,0.953118192,0.9534413445,0.9538704647,0.9544881931	-0.9640941865,-0.9530260127,-0.9533232253,-0.9537105981,-0.9542507372,-0.9550959986,-0.9567983624,0.9564486219	ok
-1.34168337	-29.36873747	-44.27512182	0.8437136950	continued:5	1,1,1,1,1,1,1,1	-1,-1,-1,-1,-1,-1,-1,-1	7184.509623,14894.27079,22606.35868,30321.25263,38039.59099,45762.25113,53490.48756,61226.18832	5207.679015,17285.23318,25028.44175,32785.88451,40566.7701,48394.34708,56373.43908,63958.26465	0.9518940716,0.9520047724,0.9521290456,0.9522695411,0.9524305105,0.9526182646,0.9528420697,0.9531154176	-0.9640825717,-0.9530416355,-0.9533674562,-0.9537975031,-0.9544103467,-0.9554126684,-0.9577196643,-0.9515424186	ok
-1.33967936	-29.36873747	-44.85305403	0.8409203461	continued:5	1,1,1,1,1,1,1,1	-1,-1,-1,-1,-1,-1,-1,-1	7012.815812,14719.87599,22428.7203,30139.68292,37853.19349,45569.81801,53290.32293,61015.78416	5207.577909,17278.80168,25024.91361,32787.02456,40576.46226,48424.50782,56526.50502,65138.44885	0.9516567682,0.9517554228,0.951864538,0.9519858965,0.952122975,0.9522788259,0.9524590554,0.9526712284	-0.9640709547,-0.9530571442,-0.9534117862,-0.95388587,-0.9545769073,-0.9557637464,-0.9590600021,-0.9551991307	ok
-1.33767535	-29.36873747	-45.40708131	0.8381269972	continued:5	1,1,1,1,1,1,1,1	-1,-1,-1,-1,-1,-1,-1,-1	6885.006906,14592.88789,22302.62635,30014.5924,37729.26674,45447.28914,53169.53806,60897.2665	5207.480404,17272.24415,25021.29504,32788.22202,40586.85581,48459.36357,56866.55116,66067.11408	0.9516024263,0.9517077935,0.9518244537,0.9519551207,0.9521025701,0.952271727,0.9524678907,0.9527008707	-0.9640593356,-0.9530725419,-0.9534562194,-0.9539757533,-0.9547510339,-0.9561574056,-0.9614799234,-0.9544014822	ok
-1.33567134	-29.36873747	-45.94421367	0.8353336483	continued:5	-1,-1,-1,-1,-1,-1,-1,-1	-1,-1,-1,-1,-1,-1,-1,-1	6911.239985,14621.36549,22333.69252,30048.71392,37767.08759,45489.71952,53217.90695,60953.60317	5207.386483,17265.55763,25017.58359,32789.48161,40598.03487,48500.41047,58268.63119,69912.82129	-0.9516305971,-0.9517506625,-0.9518852112,-0.9520372986,-0.9522118568,-0.9524152026,-0.9526558873,-0.9529496596	-0.9640477145,-0.953087832,-0.9535007604,-0.9540672109,-0.9549334285,-0.9566051349,-0.9645596147,-0.9522215353	ok
-1.33366733	-29.36873747	-46.46636937	0.8328746680	continued:5	-1,-1,-1,-1,-1,-1,-1,-1	-1,-1,-1,-1,-1,-1,1,1	7034.690136,14747.23696,22462.3932,30180.81246,37903.39483,45631.42731,53366.8446,61112.75785	5207.296127,17258.73912,25013.77679,32790.80858,40610.09821,48549.96465,55078.30283,62847.37515	-0.9516662979,-0.9518027105,-0.9519568748,-0.9521340137,-0.9523396665,-0.9525836375,-0.9528805021,-0.9532538904	-0.9640360912,-0.9531030179,-0.9535454145,-0.954160305,-0.9551248972,-0.9571238012,0.9533981246,0.9539496258	ok
-1.33166333	-29.36873747	-46.96952740	0.8309567073	continued:5	1,1,1,1,1,1,1,1	-1,-1,-1,-1,-1,-1,-1,-1	7201.004585,14916.01345,22634.07992,30356.05474,38083.1465,45817.15502,53560.93408,61319.43346	5207.209318,17251.78558,25009.87217,32792.20873,40623.16272,48611.87054,56192.09893,63907.45089	0.9517020987,0.95185513,0.9520304032,0.9522335937,0.9524739773,0.9527642248,0.9531271972,0.9536026097	-0.9640244657,-0.9531181036,-0.9535901872,-0.9542551011,-0.9553263723,-0.9577395867,-0.9517201705,-0.9518756525	ok
-1.32965932	-29.36873747	-47.44703462	0.8299141349	continued:5	-1,-1,-1,-1,-1,-1,-1,-1	-1,-1,-1,-1,-1,-1,-1,-1	7318.019101,15035.53392,22756.59878,30482.30363,38214.24877,45954.92136,53708.50758,61482.94443	5207.126038,17244.69397,25005.86726,32793.68851,40637.36796,48693.14705,57162.78316,64943.00037	-0.9517379027,-0.9519081432,-0.9521051651,-0.9523367588,-0.9526147356,-0.9529587028,-0.9534013059,-0.9540090505	-0.9640128382,-0.9531330931,-0.9536350848,-0.9543516698,-0.9555389395,-0.9584962882,-0.9535063255,-0.9541607736	ok
-1.32765531	-29.36873747	-47.88982994	0.8294125821	continued:5	1,1,1,1,1,1,1,1	-1,-1,-1,-1,-1,-1,-1,1	30.5325318,7469.743898,15189.82001,22913.98962,30643.63272,38380.84648,46129.04494,53894.37298	5207.046268,17237.46118,25001.75961,32795.25507,40652.88213,48808.51658,57548.69025,64328.95658	0.9681405068,0.9517740423,0.9519620885,0.9521819059,0.9524442389,0.9527646003,0.9531697648,0.9537102391	-0.9640012086,-0.9531479908,-0.9536801138,-0.9544500869,-0.9557638737,-0.9594752495,-0.9574086495,0.9522199456	ok
-1.32565130	-29.36873747	-48.29322672	0.8292453978	full	1,1,1,1,1,1,1,1	-1,-1,-1,-1,-1,-1,-1,-1	58.3061549,7492.652651,15215.33013,22942.69446,30676.47295,38419.38591,46176.08853,53955.62361	5206.969992,17230.0841,24997.54677,32796.91636,40669.91023,48996.61225,57307.1635,65030.54845	0.990012111,0.9518099901,0.9520160656,0.9522601854,0.952555228,0.9529221751,0.9533982338,0.9540589115	-0.9639895768,-0.953162801,-0.953725282,-0.9545504328,-0.9560026854,-0.9608528903,-0.9518430534,-0.9520550532	ok
-1.32364729	-29.36873747	-40.32765265	0.8516635564	continued:5	1,1,1,1,1,1,1,1	-1,-1,-1,-1,-1,-1,-1,-1	7260.007326,15303.17423,23666.26789,31429.31596,39220.09479,47070.23529,55159.20497,63719.47528	5206.897191,17222.5596,24993.22633,32798.68117,40688.70514,49413.69378,59125.73524,67038.86961	0.9554294254,0.9582996606,0.9530146234,0.9535454907,0.9543045932,0.9555673341,0.9587916694,0.9545852818	-0.9639779429,-0.9531775288,-0.9537705969,-0.9546527945,-0.9562571826,-0.9631017589,-0.9548166708,-0.9566181684	ok
-1.32164329	-29.36873747	-42.10510420	0.8488702076	continued:5	1,1,1,1,1,1,1,1	-1,-1,-1,-1,-1,-1,-1,-1	7315.622503,15158.28926,23198.22007,31517.94562,39277.68016,47062.12881,54896.81952,62895.56931	5206.827848,17214.88453,24988.79589,32800.55931,40709.58323,50555.91033,61910.41188,69653.75947	0.9541895654,0.955394398,0.958242968,0.9528834024,0.9533903976,0.9541018865,0.9552384005,0.9577577158	-0.9639663068,-0.9531921793,-0.9538160676,-0.9547572648,-0.9565295538,-0.964839909,-0.9524404578,-0.952813231	ok
-1.31963928	-29.36873747	-42.99918410	0.8460768587	continued:5	1,1,1,1,1,1,1,-1	-1,-1,-1,-1,-1,1,-1,-1	7323.72835,15114.31681,22963.20553,31037.57335,39539.71669,47370.25526,55348.57847,62239.94929	5206.761946,17207.05572,24984.25309,32802.56166,40732.94668,47595.19646,54592.5181,62327.66149	0.9534497491,0.9542168187,0.955480717,0.9586009399,0.9540139367,0.9551206048,0.9574779169,-0.9522104977	-0.9639546686,-0.9532067579,-0.9538617036,-0.9548639444,-0.9568224818,0.9575295952,-0.9520920205,-0.9523945928	ok
-1.31763527	-29.36873747	-43.70553021	0.8432835098	continued:5	1,1,1,1,1,1,1,1	-1,-1,-1,-1,-1,1,1,1	7279.604622,15042.0158,22830.67084,30674.41374,38715.57677,47005.25075,54768.9647,62560.04044	5206.699467,17199.07001,24979.59564,32804.70033,40759.31623,47323.66559,55142.04011,63071.70408	0.9528361652,0.9533695873,0.954124526,0.9553496753,0.9582160567,0.9528667293,0.9534111387,0.9541865934	-0.9639430283,-0.9532212706,-0.9539075149,-0.9549729415,-0.957139303,0.9538208385,0.9548287108,0.9567863949	ok
-1.31563126	-29.36873747	-44.33098419	0.8404901609	continued:5	1,1,1,1,1,1,1,1	-1,-1,-1,-1,-1,1,1,1	7166.717207,14914.43707,22677.15033,30465.9463,38309.52431,46347.37956,54578.42862,62339.0259	5206.640394,17190.92422,24974.82127,32806.9888,40789.38085,47684.85049,55429.66756,63187.68659	0.9523802165,0.9527875149,0.9533246182,0.9540841452,0.9553130405,0.9581570607,0.9527356804,0.953254587	-0.9639313858,-0.9532357235,-0.953953513,-0.9550843728,-0.9574842366,0.9522885732,0.9526702546,0.953166933	ok
-1.31362725	-29.36873747	-44.91420452	0.8376968121	continued:5	1,1,1,1,1,1,1,1	-1,-1,-1,-1,-1,-1,-1,-1	7009.026445,14751.34231,22504.90788,30276.93342,38083.23911,45972.48688,54512.93463,64423.51487	5206.58471,17182.61518,24969.92781,32809.44211,40824.07543,48601.39404,56343.72257,64097.308	0.9521341256,0.9524895793,0.9529464741,0.9535642903,0.9544772992,0.9561026436,0.9621245703,0.9624224838	-0.9639197412,-0.953250123,-0.9539997096,-0.9551983646,-0.9578627204,-0.9521348003,-0.9524902212,-0.9529472713	ok
-1.31162325	-29.36873747	-45.47187953	0.8349034632	continued:5	1,1,1,1,1,1,1,1	-1,-1,-1,-1,-1,-1,-1,-1	6904.549039,14647.27917,22400.95435,30172.64091,37977.73008,45862.6507,54291.35939,63491.15289	5206.532399,17174.13973,24964.91313,32812.07704,40864.70775,49194.78713,56979.17999,64811.36689	0.9520768602,0.9524305697,0.9528860837,0.9535013615,0.9544071489,0.9560001197,0.9614443195,0.9549582701	-0.9639080944,-0.9532644758,-0.9540461179,-0.9553150541,-0.9582819211,-0.9531470515,-0.9538733156,-0.9550130649	ok
-1.30961924	-29.36873747	-46.01096198	0.8321101143	continued:5	1,1,1,1,1,1,1,1	-1,-1,-1,-1,-1,-1,-1,1	6945.134902,14690.63272,22448.13071,30225.90735,38042.96023,45963.94183,55789.662,67957.0332	5206.483442,17165.49474,24959.77524,32814.91233,40913.17603,49464.23278,57398.01628,64970.17046	0.9521032312,0.9524774176,0.9529646935,0.953633636,0.954646078,0.9565497359,0.9645842819,0.9618566059	-0.9638964455,-0.9532787893,-0.9540927519,-0.9554345902,-0.958751535,-0.9547299301,-0.9567412692,0.9619886678	ok
-1.30761523	-29.36873747	-46.53334973	0.8296511340	continued:5	1,1,1,1,1,1,-1,-1	-1,-1,-1,-1,-1,-1,1,1	7075.095609,14823.71391,22585.6657,30370.84938,38203.50121,46181.40238,52854.51903,60639.11149	5206.437824,17156.67707,24954.5122,32817.96898,40972.3648,49689.30649,56299.98886,64266.63195	0.9521401769,0.9525383331,0.9530631807,0.9537981604,0.9549487443,0.9573289003,-0.9530517644,-0.9537812211	-0.9638847944,-0.9532930709,-0.9541396267,-0.9555571346,-0.9592850936,-0.957050927,0.954890476,0.9571785429	ok
-1.30561122	-29.36873747	-47.03508668	0.8278608907	continued:5	1,1,1,1,1,1,1,1	-1,-1,-1,-1,-1,-1,1,1	7212.64898,14964.46249,22731.07058,30524.29488,38375.22578,46440.81136,54816.25532,62628.78795	5206.395529,17147.68366,24949.12224,32821.27051,41046.92139,50369.85924,58806.43363,67814.68811	0.9521774585,0.9526001272,0.953165261,0.9539715339,0.9552842304,0.958360796,0.9534819677,0.9544590786	-0.9638731412,-0.9533073286,-0.9541867585,-0.9556828639,-0.9599021818,-0.9623194727,0.9597317062,0.9602128993	ok
-1.30360721	-29.36873747	-47.50854130	0.8268183182	continued:5	1,1,1,1,1,1,1,1	-1,-1,-1,-1,-1,1,1,1	7336.746533,15091.81666,22863.27137,30665.20286,38537.72732,46760.10892,55989.92569,65363.35872	5206.356538,17138.51145,24943.60368,32824.84334,41144.93044,48632.47988,56406.53428,64213.70665	0.9522146343,0.952662644,0.9532695238,0.9541537646,0.9556565182,0.9598558618,0.9617782935,0.9578258558	-0.9638614858,-0.9533215709,-0.9542341648,-0.955811971,-0.9606323471,0.9527238845,0.953354957,0.9542860709	ok
-1.30160321	-29.36873747	-47.94618867	0.8264444828	continued:5	1,-1,-1,-1,-1,-1,-1,1	-1,-1,-1,-1,-1,-1,-1,1	33.5109201,7461.141265,15219.54585,22996.07625,30807.52539,38706.15638,47335.60309,55278.7054	5206.320837,17129.15746,24937.95502,32828.71721,41282.00393,50525.01727,58855.2874,66523.71663	0.9686661748,-0.9522520661,-0.9527264014,-0.9533771998,-0.954346959,-0.9560772028,-0.9625068255,0.9530460082	-0.9638498282,-0.9533358066,-0.9542818646,-0.9559446671,-0.9615219534,-0.9558074623,-0.9606902251,0.9524641876	ok
-1.29959920	-29.36873747	-48.34257333	0.8260706475	full	1,1,1,1,1,1,1,-1	-1,-1,-1,-1,-1,-1,-1,-1	60.39585688,7532.614391,15294.46505,23076.37462,30898.39822,38829.73535,48616.13073,58831.99598	5206.288409,17119.61874,24932.17491,32832.92566,41493.00522,50188.48651,57950.4185,65732.4772	0.9890187081,0.9522906701,0.9527923312,0.9534902468,0.9545550781,0.9565651101,0.9644186012,-0.9530991049	-0.9638381685,-0.9533500448,-0.9543298777,-0.9560811839,-0.962642922,-0.952292993,-0.9527954869,-0.9534950187	ok
-1.29759519	-29.36873747	-40.50065446	0.8485998688	continued:5	1,1,1,1,1,-1,-1,-1	-1,-1,-1,-1,-1,-1,-1,-1	7298.076801,16006.2252,25528.88103,33363.10426,41338.30859,47952.06992,55856.50231,64598.13736	5206.259237,17109.89244,24926.2622,32837.50661,41870.36381,52013.94119,60206.68065,69084.75961	0.9560937683,0.9628535618,0.9536140531,0.954788254,0.9571641395,-0.9543251145,-0.9561107928,-0.9630027194	-0.9638265066,-0.9533642951,-0.954378226,-0.9562217765,-0.9640516381,-0.955534269,-0.9595395071,-0.9589699765	ok
-1.29559118	-29.36873747	-42.17445650	0.8458065199	continued:5	1,1,-1,-1,-1,-1,-1,-1	-1,-1,-1,-1,-1,-1,-1,1	7324.618316,15302.7586,21921.86037,29827.50703,38573.45273,48266.27352,56333.26895,64620.15073	5206.233306,17099.97579,24920.21596,32842.50303,42528.38663,53616.22504,61589.39067,68217.2696	0.9547742663,0.9571768956,-0.9543007681,-0.9560993018,-0.9630070208,-0.9551620426,-0.9582638012,-0.9533437755	-0.9638148425,-0.9533785678,-0.9544269327,-0.9563667262,-0.9650131023,-0.9547472515,-0.9571095652,0.954829737	ok
-1.29358717	-29.36873747	-43.06492047	0.8430131711	continued:5	1,1,1,1,1,1,1,1	-1,-1,-1,-1,-1,-1,1,1	7313.299875,15185.015,23368.55418,32184.45823,40486.13048,48313.70013,56259.64305,65796.8721	5206.210599,17089.86609,24914.03546,32847.96381,42678.80811,54968.92278,62988.90619,70787.40822	0.9539625973,0.9554696161,0.9594158559,0.9582849719,0.9534411039,0.9545553563,0.9566959982,0.9640353439	-0.9638031763,-0.9533928736,-0.9544760226,-0.956516344,-0.9644937518,-0.9625128748,0.9529734903,0.9538179644	ok
-1.29158317	-29.36873747	-43.77285178	0.8402198222	continued:5	1,1,1,1,1,1,1,1	-1,-1,-1,-1,-1,-1,-1,-1	7250.457391,15071.66698,22993.91244,32500.86571,43300.27687,51341.71553,59150.32533,66932.26714	5206.191101,17079.56079,24907.72026,32853.94471,42442.63746,54555.1815,63368.72313,71639.91702	0.9533060504,0.95436065,0.9563047112,0.9649168706,0.9550119768,0.9579226876,0.952578847,0.9532549685	-0.9637915079,-0.9534072233,-0.954525522,-0.956670975,-0.9640970812,-0.9593990352,-0.9582542948,-0.9533794505	ok
-1.28957916	-29.36873747	-44.40062580	0.8374264733	continued:5	1,1,1,1,1,1,1,1	-1,-1,-1,-1,1,1,1,1	7124.307845,14920.88586,22771.37993,30810.45641,38501.76685,46284.49699,54102.83829,62014.14722	5206.174797,17069.05744,24901.27018,32860.50957,40029.47938,49217.18671,58437.20357,66744.7847	0.9528387735,0.9536550155,0.9549749998,0.9578698481,0.9525423047,0.9532186347,0.9542436896,0.9560963075	-0.9637798372,-0.9534216287,-0.9545754596,-0.9568310036,0.9597593018,0.961441837,0.955660353,0.9604119285	ok
-1.28757515	-29.36873747	-44.98566097	0.8346331244	continued:5	1,1,1,1,1,1,1,1	-1,-1,-1,-1,1,1,1,1	6970.033716,14757.87151,22586.27157,30529.46816,40285.41477,51493.36415,59283.03344,67115.631	5206.161669,17058.35372,24894.68536,32867.73175,39610.27108,49413.10792,59960.53727,67745.88177	0.9526049791,0.9533258534,0.9544420914,0.956566269,0.9642914444,0.9526452559,0.9533850505,0.954540253	-0.9637681645,-0.9534361018,-0.9546258657,-0.9569968582,0.9563693802,0.9649018825,0.9525484559,0.9532431973	ok
-1.28557114	-29.36873747	-45.54409722	0.8318397755	continued:5	1,1,1,1,1,1,1,1	-1,-1,-1,-1,1,1,-1,-1	6883.458445,14671.78521,22499.91974,30440.14663,40278.13699,52461.87583,62041.19863,72535.32973	5206.151704,17047.44748,24887.96628,32875.69598,39522.00446,47516.40963,54173.2171,62074.35362	0.9525624819,0.9532794115,0.9543899833,0.9564907439,0.9644579462,0.9618706366,0.9600143977,0.9649225469	-0.9637564895,-0.9534506553,-0.9546767724,-0.9571690193,0.9547118419,0.9572579375,-0.9540913611,-0.9558585281	ok
-1.28356713	-29.36873747	-46.08260802	0.8290464267	continued:5	-1,-1,-1,-1,1,-1,-1,-1	-1,-1,-1,-1,1,1,1,1	6938.479655,14730.66374,22566.26156,30531.77821,37785.82116,45533.25467,54171.43929,63267.22249	5206.144885,17036.33674,24881.11378,32884.50053,39593.67937,47453.45668,55532.0444,63783.78877	-0.9525950508,-0.9533429763,-0.9545205924,-0.9568330271,0.9602921219,-0.9589543571,-0.9561545936,-0.964132318	-0.9637448124,-0.9534653022,-0.9547282146,-0.9573480269,0.9536465573,0.9550468899,0.9582491891,0.9534933584	ok
-1.28156313	-29.36873747	-46.60298207	0.8265874463	continued:5	1,1,1,1,-1,-1,-1,-1	-1,-1,-1,-1,1,1,1,1	7076.482089,14872.90011,22717.0768,30715.0473,37377.60995,45310.86295,55069.7039,66900.77574	5206.141197,17025.0197,24874.12912,32894.26005,39831.6348,47645.73139,55537.08975,63868.07332	0.9526338186,0.9534171835,0.9546712287,0.9572493056,-0.9542762831,-0.9563198671,-0.9649218713,-0.9627133363	-0.963733133,-0.9534800564,-0.9547802291,-0.9575344907,0.9529690749,0.953934011,0.9556155242,0.9605113929	ok
-1.27955912	-29.36873747	-47.10130250	0.8247972031	continued:5	1,1,1,1,-1,-1,-1,-1	-1,-1,-1,-1,1,1,1,1	7220.738674,15021.50684,22874.82709,30911.93852,38217.54597,46019.31366,53875.17729,61925.11107	5206.140625,17013.49477,24867.014,32905.10903,40238.04737,48039.44957,55894.38027,63939.54656	0.9526728367,0.953492512,0.954828437,0.9577170375,-0.9526929869,-0.9535232873,-0.9548827894,-0.957870541	-0.9637214515,-0.9534949319,-0.9548328549,-0.9577291022,0.9526856,0.9535120575,0.9548630715,0.9578140914	ok
-1.27755511	-29.36873747	-47.57010016	0.8237546306	continued:5	1,1,1,1,1,1,1,1	-1,-1,-1,-1,-1,-1,-1,-1	7351.237456,15156.46353,23019.5166,31104.72748,39344.42405,47209.18314,55304.38543,63641.61337	5206.143153,17001.76058,24859.77058,32917.20634,40694.26078,48505.76438,56385.89996,64588.73561	0.9527117214,0.9535688913,0.9549915453,0.9582480259,0.9535881683,0.955026768,0.9583570978,0.9539398158	-0.9637097677,-0.9535099436,-0.954886134,-0.9579326489,-0.9528300817,-0.9537530609,-0.9553316919,-0.959420242	ok
-1.27555110	-29.36873747	-48.00209839	0.8233807952	continued:5	1,1,1,1,1,1,1,1	-1,-1,-1,-1,-1,-1,-1,1	36.04669867,7480.104833,15289.91084,23163.37409,31309.61394,39919.88762,48653.99618,58137.27012	5206.148767,16989.81602,24852.40155,32930.74102,41050.03502,48896.45012,56895.30096,63570.88622	0.9690641975,0.9527509983,0.9536465291,0.9551618751,0.9588622367,0.9559427954,0.9627988241,0.9539885239	-0.9636980818,-0.9535251067,-0.954940111,-0.9581460328,-0.9533250675,-0.9545875761,-0.9571753325,0.9550262417	ok
-1.27354709	-29.36873747	-48.39213291	0.8226725913	full	1,1,1,1,1,1,1,1	-1,-1,-1,-1,-1,-1,-1,-1	60.42677927,7616.729987,15431.89473,23318.39689,31562.04783,40892.94036,51782.41414,63735.20811	5206.157452,16977.66022,24844.91017,32945.93989,41288.82418,49210.21171,58071.47117,68414.24956	0.9889728018,0.9528018606,0.9537441139,0.9553752097,0.9597335429,0.9621872768,0.964056738,0.9571645154	-0.9636863937,-0.9535404373,-0.9549948334,-0.9583702914,-0.954053893,-0.9559940473,-0.9633051266,-0.9620051762	ok
-1.27154309	-29.36873747	-40.57074679	0.8453879232	continued:5	1,-1,-1,-1,-1,-1,-1,-1	-1,-1,-1,-1,-1,-1,-1,-1	7357.357284,14273.61527,21976.84385,29800.35796,37709.7767,46237.52411,55701.25232,64313.89856	5206.169193,16965.29263,24837.30029,32963.07756,41456.87302,49556.21922,57860.5098,65772.40248	0.956955445,-0.9579064435,-0.9529008927,-0.9539205682,-0.9557542045,-0.9617109565,-0.9588578685,-0.9560244694	-0.9636747034,-0.9535559518,-0.9550503513,-0.9586066264,-0.9549629155,-0.9583267437,-0.9539419524,-0.955797201	ok
-1.26953908	-29.36873747	-42.22212649	0.8425945743	continued:5	1,1,-1,-1,-1,-1,-1,-1	-1,-1,-1,-1,-1,-1,-1,1	7350.376266,15667.74454,23456.42501,32281.70542,40612.67661,48547.68131,57950.34282,69870.74158	5206.183975,16952.71298,24829.57643,32982.49006,41596.54662,50721.88234,61229.67117,68785.2341	0.9554681844,0.9602868356,-0.9592844003,-0.9583609653,-0.9540928392,-0.9561475293,-0.9646650664,-0.9646998575	-0.9636630109,-0.9535716673,-0.9551067187,-0.958856437,-0.956067367,-0.9641105061,-0.9603325509,0.9574883164	ok
-1.26753507	-29.36873747	-43.11795119	0.8398012255	continued:5	1,1,-1,-1,1,1,1,1	-1,-1,-1,-1,-1,1,1,1	7320.622138,15337.58445,22044.39669,30036.10461,36976.43793,44996.18438,52853.80355,60890.08008	5206.201783,16939.92134,24821.74382,33004.59338,41744.82385,48567.54834,56451.49064,64650.85455	0.9545636938,0.9572967434,-0.954429467,-0.9569590718,0.958088903,0.953309876,0.954656038,0.957541844	-0.9636513163,-0.9535876015,-0.9551639923,-0.9591213636,-0.9574551354,0.9536096847,0.9552057566,0.9592749286	ok
-1.26553106	-29.36873747	-43.83176607	0.8370078766	continued:5	1,1,1,1,1,1,1,1	-1,-1,-1,-1,-1,-1,-1,1	7244.554179,15157.71057,23696.02074,33203.84142,42046.52252,50500.04838,58580.54234,66514.83865	5206.222603,16926.91814,24813.80845,33029.90936,41959.35696,50852.86377,59552.37972,66386.39296	0.9538504887,0.9557082665,0.9617160127,0.9592878545,0.9585377095,0.9548142188,0.9580386935,0.9532285101	-0.9636396193,-0.9536037725,-0.9552222328,-0.9594033426,-0.9593590825,-0.9590296791,-0.9570225749,0.9571279282	ok
-1.26352705	-29.36873747	-44.46462052	0.8342145277	continued:5	1,1,1,1,1,1,-1,-1	-1,-1,-1,-1,-1,1,1,1	7115.049272,14982.96044,23064.15185,30959.86889,38816.87999,46842.38807,53579.88451,61551.63365	5206.24642,16913.70416,24805.77711,33059.10266,42465.67918,50765.98551,58616.66633,66613.88103	0.953358114,0.9547901028,0.9580197816,0.9532233989,0.9545482576,0.9573479461,-0.954249882,-0.9566115614	-0.9636279202,-0.9536201994,-0.9552815045,-0.9597046742,-0.9625101779,0.9531395504,0.9544008239,0.9569729452	ok
-1.26152305	-29.36873747	-45.05351216	0.8314211788	continued:5	1,1,1,-1,-1,-1,-1,-1	-1,-1,-1,-1,-1,1,1,1	6972.644756,14824.83177,22824.84416,29765.09852,37724.94981,45595.0355,53683.57156,61667.0867	5206.273221,16900.28061,24797.6575,33093.03452,43611.48536,54158.39298,62786.73077,72680.80398	0.9531194656,0.9543865134,0.9569800858,-0.9580608105,-0.9533457438,-0.9547914416,-0.9580755685,-0.9533794959	-0.9636162189,-0.9536369013,-0.9553418757,-0.9600281097,-0.9642350313,0.9588668191,0.9563216418,0.9645173359	ok
-1.25951904	-29.36873747	-45.61434399	0.8286278300	continued:5	1,1,1,-1,1,1,1,-1	-1,-1,-1,-1,1,1,-1,-1	6904.858397,14756.92604,22752.6762,30053.25453,37500.68375,45455.38434,55350.16766,65883.99344	5206.30299,16886.6491,24789.45825,33132.84329,40592.5506,50369.19586,61037.61087,68892.57953	0.9530777263,0.9543331069,0.9568895563,-0.9605477867,0.9540745519,0.9562863495,0.9645765055,-0.9603525942	-0.9636045154,-0.9536538984,-0.9554034191,-0.9603769569,0.9564790313,0.9641465894,-0.9531170855,-0.954402484	ok
-1.25751503	-29.36873747	-46.15365357	0.8258344811	continued:5	1,1,1,-1,-1,-1,-1,1	-1,-1,-1,-1,1,1,1,-1	6971.83037,14829.32237,22844.90932,29609.19353,39419.75002,52013.08081,64212.93199,73800.76416	5206.335714,16872.81168,24781.18902,33180.06833,41211.56461,49069.59918,57087.65257,63832.3787	0.9531108216,0.9544115977,0.9571275705,-0.9561928728,-0.9647839184,-0.9639019973,-0.9601981587,0.9640061466	-0.9635928097,-0.953671211,-0.9554662115,-0.9607552002,0.9531181445,0.9544245215,0.9571603518,-0.955860155	ok
-1.25551102	-29.36873747	-46.67319489	0.8235032182	continued:5	-1,-1,-1,1,1,1,1,1	-1,-1,-1,-1,-1,-1,-1,-1	7088.99401,14952.62489,22992.7455,29787.01632,37760.70875,47494.47228,59029.90596,66977.79967	5206.371378,16858.77089,24772.86056,33236.84648,42283.32525,50413.39221,58799.92096,66875.15297	-0.9531515664,-0.9545048098,-0.9574143133,0.9541396911,0.956506517,0.9640620376,0.9539623974,0.9561071743	-0.9635811018,-0.9536888604,-0.955530335,-0.9611676174,-0.954859235,-0.9584460151,-0.9546584741,-0.95783964	ok
-1.25350701	-29.36873747	-47.16794924	0.8217129749	continued:5	1,1,1,-1,-1,-1,-1,-1	-1,-1,-1,-1,-1,-1,-1,-1	7239.086536,15109.06796,23176.72951,30429.02219,38303.66861,46397.12072,54266.3961,62154.59894	5206.409968,16844.52974,24764.48479,33306.23387,42770.7036,51406.25183,61141.69101,72660.15191	0.9531925614,0.9545997111,0.9577214705,-0.9532487924,-0.9547031899,-0.9580201615,-0.9534009152,-0.9549900906	-0.9635693916,-0.9537068681,-0.9555958761,-0.961619815,-0.9588596036,-0.9564990567,-0.9640513276,-0.9539624554	ok
-1.25150301	-29.36873747	-47.63197480	0.8206704024	continued:5	1,1,1,1,1,1,1,1	-1,-1,-1,-1,-1,-1,1,1	7375.133364,15251.68052,23350.4674,31270.10867,39171.60182,47457.54852,57866.93833,67984.19554	5206.451471,16830.09174,24756.07489,33392.74718,44268.32699,56216.43051,63005.20297,71023.51098	0.9532337965,0.9546968556,0.9580522725,0.9535018883,0.9552105265,0.9598375493,0.9647982857,0.9532354787	-0.9635576793,-0.9537252564,-0.9556629271,-0.9621179464,-0.9639333378,-0.9573989805,0.9543392557,0.9570695337	ok
-1.24949900	-29.36873747	-48.05825189	0.8202965670	continued:5	1,1,1,1,1,1,1,1	-1,-1,-1,-1,-1,-1,-1,-1	38.68318387,7507.878377,15391.21178,23525.46631,31878.56943,39968.17373,47632.18381,55519.95676	5206.495873,16815.46095,24747.64538,33503.28097,42758.59016,50707.30695,60137.07405,72256.08559	0.9694575813,0.9532748882,0.9547959998,0.9584091288,0.9546350649,0.9579196552,0.9533244176,0.9548897791	-0.9635459647,-0.9537440482,-0.9557315858,-0.9626673636,-0.9538734037,-0.9560097527,-0.9645737983,-0.9647732572	ok
-1.24749499	-29.36873747	-48.44190978	0.8192539946	full	1,1,1,1,1,-1,-1,-1	-1,-1,-1,-1,-1,-1,-1,-1	60.46452834,7698.198216,15591.82655,23791.40798,32533.7868,39548.6187,47472.96277,56031.19767	5206.543159,16800.64195,24739.21226,33648.55383,44982.7971,56064.59166,65055.59037,75549.03165	0.9889233803,0.9533515912,0.9549647193,0.9590316575,0.9575960933,-0.9536450054,-0.9555530309,-0.961653984	-0.9635342479,-0.9537632662,-0.9558019564,-0.9632677729,-0.9647437138,-0.9593577016,-0.9598337644,-0.9647558719	ok
-1.24549098	-29.36873747	-40.72950729	0.8422830944	continued:5	1,-1,-1,-1,-1,-1,-1,-1	-1,-1,-1,-1,-1,1,1,1	7428.113923,14766.00838,22665.77965,30906.66816,39938.48953,50094.23489,63713.20752,76422.72212	5206.593317,16785.6399,24730.79304,33844.39354,44057.13578,50825.43852,59021.03941,67730.89507	0.9577701562,-0.9533802771,-0.9550434199,-0.959382474,-0.9601441899,-0.9637613157,-0.9647249874,-0.9639427598	-0.9635225289,-0.9537829347,-0.9558741488,-0.9638970019,-0.9573320375,0.9549295644,0.9589682739,0.9572991325	ok
-1.24348697	-29.36873747	-42.29852012	0.8394897455	continued:5	1,1,1,1,1,1,1,1	-1,-1,-1,-1,-1,-1,-1,-1	7380.290602,17272.32705,28672.70367,38175.72907,51037.84857,60592.3673,68538.35431,77630.81537	5206.646332,16770.46054,24722.40693,34105.50521,44755.17449,52885.59568,60872.83832,70575.17676	0.956143236,0.9646132877,0.956678691,0.9637756097,0.9636916892,0.9537577203,0.9558488717,0.9638226214	-0.9635108076,-0.9538030776,-0.9559482807,-0.9644630739,-0.958204665,-0.9540442731,-0.9564989095,-0.963950122	ok
-1.24148297	-29.36873747	-43.18951999	0.8366963966	continued:5	1,1,1,1,1,1,1,1	-1,-1,-1,-1,1,1,1,1	7326.071725,15635.21573,26220.74182,38126.39521,47570.19313,56387.83274,64305.96734,72716.03351	5206.702191,16755.11021,24714.07496,34399.17696,45961.44711,57350.76557,66660.27376,77427.78722	0.9551420917,0.9599067388,0.9642590697,0.9595869058,0.9625563612,0.9534900506,0.9553118746,0.9606580483	-0.9634990842,-0.9538237194,-0.9560244767,-0.9647434633,0.9647320575,0.9595331085,0.9618953912,0.9646222508	ok
-1.23947896	-29.36873747	-43.90422325	0.8339030477	continued:5	1,1,-1,-1,-1,-1,-1,1	-1,-1,-1,-1,-1,-1,1,1	7230.875167,15291.24676,22114.6027,30227.6323,38094.9213,46040.78403,55023.71111,63595.53084	5206.760881,16739.59584,24705.82006,34590.63715,45649.12516,53718.16256,60639.39615,68644.7737	0.9543766686,0.9574207487,-0.9545924558,-0.9580386595,-0.9536934954,-0.9557669307,-0.9634542421,0.9577204213	-0.9634873586,-0.9538448853,-0.9561028692,-0.9646246552,-0.9544153165,-0.957527208,0.9540945877,0.9566913954	ok
-1.23747495	-29.36873747	-44.53886891	0.8311096988	continued:5	1,1,1,1,1,-1,-1,1	-1,-1,-1,-1,-1,-1,-1,-1	7092.267029,15066.75569,24990.80614,36271.79032,44337.25739,51186.75955,59279.91275,66629.86145	5206.822389,16723.92496,24697.66727,34624.32824,45466.56202,53406.21351,62159.76095,70966.2854	0.953871504,0.9561953311,0.9643464444,0.9543724931,0.9574521294,-0.9544897594,-0.9577831558,0.9535479488	-0.9634756307,-0.9538666008,-0.9561835997,-0.9643739404,-0.9536120277,-0.9556183683,-0.962545536,-0.9535698662	ok
-1.23547094	-29.36873747	-45.12908360	0.8283163500	continued:5	1,1,1,1,1,1,1,-1	-1,-1,-1,-1,-1,-1,-1,-1	6957.454885,14905.12745,23857.45706,35243.35632,46998.87971,55886.19136,66057.88101,74116.95219	5206.8867,16708.10576,24689.64392,34572.73688,47699.54782,58009.90356,66015.73997,75558.99197	0.9536450759,0.9557163409,0.9633155129,0.9638956146,0.9556823164,0.9630795462,0.9607437211,-0.9535740171	-0.9634639005,-0.9538888916,-0.9562668183,-0.9641652963,-0.9646342624,-0.9540395707,-0.956627466,-0.9637629871	ok
-1.23346693	-29.36873747	-45.69017951	0.8255230011	continued:5	1,1,1,1,1,1,1,1	-1,-1,-1,-1,1,1,-1,-1	6906.669573,14854.66803,23772.64311,34710.30099,46692.94139,59407.05744,69667.91616,77418.56329	5206.953803,16692.14703,24681.77977,34488.49698,44836.54914,52871.82859,60025.87215,69465.69429	0.9536163462,0.9556804817,0.9631754387,0.9640649977,0.9641650896,0.9638661078,0.9579831367,0.9537127356	-0.9634521682,-0.9539117837,-0.9563526856,-0.9640093909,0.9541727603,0.9569997398,-0.9595366762,-0.9624927198	ok
-1.23146293	-29.36873747	-46.22841511	0.8227296522	continued:5	-1,-1,-1,-1,-1,-1,1,1	-1,-1,-1,-1,-1,-1,1,1	6985.908509,14942.88687,24160.66121,36182.36428,47747.37372,57684.92821,67852.04534,75871.56326	5207.023683,16676.05816,24674.10726,34391.87437,46057.27747,54462.84373,61952.14738,70188.70467	-0.9536551626,-0.9557925026,-0.9640483529,-0.9642722335,-0.9561310179,-0.9643701294,0.9540604505,0.9567498485	-0.9634404337,-0.9539353037,-0.9564413723,-0.9638889508,-0.9551968335,-0.9605122112,0.954866934,0.9591635465	ok
-1.22945892	-29.36873747	-46.74545721	0.8202706719	continued:5	1,1,1,1,1,1,1,1	-1,-1,-1,-1,-1,-1,-1,-1	7136.779483,15103.71566,24762.04926,36320.22424,45073.62606,53043.49892,62832.75249,73898.89713	5207.096328,16659.8492,24666.66178,34289.50745,46302.1388,54658.3467,63014.39619,73118.98456	0.9536984314,0.9559175714,0.9646676992,0.9625200851,0.9537194347,0.9559656465,0.9646828798,0.9563423959	-0.9634286969,-0.9539594782,-0.9565330613,-0.9637900656,-0.9584243539,-0.9550935436,-0.9601263426,-0.9636454584	ok
-1.22745491	-29.36873747	-47.23753829	0.8186870797	continued:5	-1,-1,-1,-1,1,1,1,-1	-1,-1,-1,-1,-1,-1,-1,1	7252.235814,15229.50959,25159.63407,36904.83966,44589.51787,53019.08078,61728.99146,69828.68013	5207.171726,16643.5308,24659.48189,34182.60329,46808.19487,56347.37253,65073.71621,73077.72331	-0.9537416035,-0.9560448991,-0.9644904244,-0.960314119,0.9585083553,0.9554895466,0.9622440793,-0.957425303	-0.9634169579,-0.9539843342,-0.9566279483,-0.9637024433,-0.962730093,-0.9555024049,-0.9623223857,0.9553002601	ok
-1.22545090	-29.36873747	-47.69573406	0.8176445073	continued:5	-1,-1,-1,-1,-1,-1,1,-1	-1,-1,-1,-1,-1,-1,-1,1	7394.210469,15382.30249,25297.04531,37364.72133,45927.02049,53966.12722,61957.61917,70417.92958	5207.249862,16627.1142,24652.60971,34070.47712,47565.79284,58889.14522,66952.50938,73797.98884	-0.9537854159,-0.9561759968,-0.9641568584,-0.9608866282,-0.954082318,-0.9569127108,0.9634461215,-0.9562679353	-0.9634052167,-0.9540098988,-0.9567262427,-0.9636132954,-0.9638930093,-0.9542015343,-0.957229954,0.9565083817	ok
-1.22344689	-29.36873747	-48.11538361	0.8172706719	continued:5	1,1,1,1,-1,-1,1,1	-1,-1,-1,1,1,1,1,1	42.07087551,7531.140294,15530.56573,25336.30001,35839.37271,43877.37547,52890.08478,63718.27386	5207.330724,16610.61125,24646.09123,33519.62403,45217.31655,54196.38952,65414.04155,77810.50282	0.9699668439,0.9538292351,0.9563104703,0.9639356686,-0.954049269,-0.9568625159,0.9642920845,0.9539145226	-0.9633934733,-0.9540361992,-0.9568281693,0.963832096,0.9556197377,0.9632996515,0.9636982947,0.9615390431	ok
-1.22144289	-29.36873747	-48.49190756	0.8158147972	full	1,1,1,1,1,1,1,1	-1,-1,-1,1,1,1,1,1	60.50902879,7780.153797,15804.11679,25309.00179,38270.51193,48687.39692,58258.14176,68297.06356	5207.4143,16594.03436,24639.97679,32468.75504,42344.89302,50615.35813,58937.04044,69569.79645	0.9888704622,0.9539462892,0.9566316072,0.9636553019,0.9638591429,0.9595050664,0.9629692595,0.9597378049	-0.9633817276,-0.9540632627,-0.9569339698,0.9628982816,0.958343417,0.9549397422,0.9597579392,0.9643447694	ok
-1.21943888	-29.36873747	-40.88701025	0.8391576357	continued:5	1,1,1,1,1,1,1,1	-1,-1,-1,1,1,1,1,-1	7524.206911,16092.10941,25721.22871,37735.54192,46196.62787,55846.03144,66879.27637,75682.17589	5207.500578,16577.39648,24634.32159,31801.35417,41559.36275,50870.04654,58911.2285,67775.93128	0.9586796922,0.9564926168,0.9637335249,0.9585436785,0.9558291708,0.9646050783,0.958994129,0.9583301468	-0.9633699796,-0.954091117,-0.9570439049,0.9595406173,0.9635876375,0.9540119064,0.9568340122,-0.9638010453	ok
-1.21743487	-29.36873747	-42.38114138	0.8363642868	continued:5	1,-1,-1,-1,-1,-1,-1,-1	-1,-1,-1,1,-1,-1,1,-1	7424.01531,16435.34964,27898.88078,37416.0979,49212.22376,62699.96371,74052.57396,82207.27294	5207.589543,16560.71113,24629.18627,31579.2353,38765.18299,46836.38163,53748.58033,60611.8838	0.9568722212,-0.9642058413,-0.9557692647,-0.9644726345,-0.963568036,-0.9638396539,-0.9544611787,-0.9581618801	-0.9633582295,-0.9541197897,-0.9571582554,0.9577071708,-0.9541324077,-0.9571929337,0.9572688083,-0.9564670857	ok
-1.21543086	-29.36873747	-43.26610677	0.8335709379	continued:5	1,1,-1,-1,1,1,1,1	-1,-1,-1,1,1,1,1,1	7340.903997,16879.83197,26361.09623,35442.41302,42950.15842,52868.92165,65667.89418,77644.92198	5207.681185,16543.99228,24624.63765,31493.39217,41129.95376,53128.45308,61492.61343,70292.47826	0.9557584536,0.9644841883,-0.9592415656,-0.9604310628,0.9561252883,0.9640692014,0.9639836112,0.9640273574	-0.9633464771,-0.954149308,-0.9572773258,0.9564697977,0.9637143674,0.9584356164,0.9554387101,0.9625327971	ok
-1.21342685	-29.36873747	-43.98100468	0.8307775890	continued:5	1,1,1,1,1,-1,-1,1	-1,-1,-1,1,1,-1,-1,-1	7225.62167,15592.5185,25821.56378,38186.2438,47505.6475,54825.47098,62902.28156,69835.96123	5207.775491,16527.25441,24620.74956,31494.39816,40548.96315,49059.19871,57532.47292,65718.78524	0.9549356628,0.9600077744,0.9636481806,0.9613253054,0.9577831995,-0.9541061512,-0.9571946042,0.9574408741	-0.9633347225,-0.9541796998,-0.9574014461,0.95556312,0.9634539152,-0.9551015102,-0.960759356,-0.954057039	ok
-1.21142285	-29.36873747	-44.61694386	0.8279842401	continued:5	1,1,1,1,1,1,-1,-1	-1,-1,-1,1,1,1,1,1	7079.671025,15243.62872,23273.44968,31478.84497,39983.33478,49801.49879,60280.35109,68432.69825	5207.872447,16510.5124,24617.60394,31574.48906,39931.03578,50321.5532,61990.10906,71713.56454	0.9544190314,0.9581670313,0.9545464784,0.9585889444,0.9562399084,0.9638639671,-0.9543800154,-0.9580429818	-0.9633229657,-0.9542109926,-0.9575309756,0.9548949,0.9599028452,0.9637615414,0.9557838746,0.9645929077	ok
-1.20941884	-29.36873747	-45.20805726	0.8251908913	continued:5	1,1,-1,-1,-1,-1,-1,-1	-1,-1,-1,1,1,1,1,-1	6954.331781,15066.21575,22048.04618,30392.67562,40954.6808,53955.98706,66660.59294,76923.18668	5207.972043,16493.78156,24615.292,31736.53222,39915.50642,48118.71282,56550.46026,64075.8724	0.954205212,0.9575540202,-0.9548504993,-0.9597834513,-0.9639617826,-0.9636030027,-0.9629733109,-0.9612609956	-0.9633112067,-0.9542432138,-0.9576663061,0.9544435342,0.9582930744,0.9549991778,0.9604293292,-0.9562423238	ok
-1.20741483	-29.36873747	-45.76902078	0.8223975424	continued:5	1,1,-1,-1,1,1,-1,-1	-1,-1,-1,1,1,-1,-1,-1	6920.484373,15034.75114,22014.07038,30419.65598,39192.0726,49300.76069,56802.44017,66331.33678	5208.074266,16477.07753,24613.91584,31975.49114,40098.60538,47199.5208,55419.88186,64000.37228	0.9541901594,0.9575483475,-0.9549363447,-0.9602181126,0.9637078036,0.9570094517,-0.9614421342,-0.9595146129	-0.9632994454,-0.9542763906,-0.9578078672,0.9542248397,0.9576515051,-0.9545421522,-0.9586748462,-0.9567895947	ok
-1.20541082	-29.36873747	-46.30580285	0.8196041935	continued:5	-1,-1,1,1,1,1,1,1	-1,-1,-1,-1,-1,1,1,-1	7011.469159,15143.48886,22349.55849,30534.14694,38729.3781,47240.69937,55906.11217,64209.77073	5208.179104,16460.4163,24613.59028,32261.09078,40401.17297,47767.88263,55909.60421,63310.92493	-0.9542342645,-0.9577202421,0.9544138365,0.9582888759,0.955067794,0.9609077943,0.9547229613,0.9593952664	-0.9632876819,-0.9543105505,-0.9579561302,-0.9542640482,-0.9578113698,0.954269991,0.9578297061,-0.9542544634	ok
-1.20340681	-29.36873747	-46.81998884	0.8171452132	continued:5	1,1,1,1,1,1,1,1	-1,-1,-1,-1,-1,-1,-1,-1	7169.013956,15320.40792,22863.69752,31015.46823,38566.84968,46718.87823,54275.79597,62428.03597	5208.286544,16443.81409,24614.44524,32544.38623,40790.38786,49532.11077,57250.70401,65422.06167	0.9542805582,0.9579039028,0.9542818294,0.9579081039,0.9542825156,0.9579109106,0.9542832412,0.9579132535	-0.9632759161,-0.9543457206,-0.9581116152,-0.9545646377,-0.9588575547,-0.9579944881,-0.9543481005,-0.9581193039	ok
-1.20140281	-29.36873747	-47.30789273	0.8155616210	continued:5	-1,-1,-1,-1,-1,-1,-1,-1	-1,-1,-1,-1,-1,-1,1,1	7292.802096,15464.82081,23362.56639,31618.18175,40420.03112,48812.89194,58802.72774,71576.15344	5208.396576,16427.2874,24616.62862,32791.1962,41366.22094,50633.17607,57617.87899,66234.47027	-0.9543266874,-0.9580942517,-0.9545664114,-0.9589162776,-0.9584619248,-0.9558741728,-0.9642755749,-0.9635664464	-0.9632641481,-0.9543819279,-0.9582748978,-0.9551022765,-0.9612460207,-0.9575428896,0.955146439,0.9614820732	ok
-1.19939880	-29.36873747	-47.76079582	0.8146467660	continued:5	-1,-1,-1,-1,-1,-1,-1,-1	-1,-1,-1,-1,-1,-1,-1,-1	7417.765199,15611.9852,23809.72623,32519.15426,43311.19023,55586.94924,63822.2124,72021.3867	5208.509187,16410.85287,24620.31,32997.82252,42990.07193,56017.20226,67255.3259,75577.45064	-0.9543738847,-0.9582933021,-0.9552124422,-0.9619444872,-0.9635824198,-0.9607588184,-0.9543886982,-0.9583436499	-0.9632523779,-0.9544191991,-0.9584466181,-0.9558505074,-0.9642817844,-0.9637357346,-0.9546960091,-0.9594656591	ok
-1.19739479	-29.36873747	-48.17322030	0.8142729306	continued:5	1,-1,-1,-1,-1,1,1,1	-1,-1,-1,-1,-1,1,1,-1	46.02804542,7558.868655,15776.71851,24208.47653,34048.78044,44439.25638,52972.98303,61761.47063	5208.624364,16394.52732,24625.68537,33180.17933,42504.68596,53727.71251,64785.82054,75096.12619	0.9705330726,-0.954420526,-0.9584982603,-0.9561418455,-0.9637871201,0.9550131765,0.9609496343,0.9552107922	-0.9632406054,-0.9544575612,-0.9586274909,-0.9568070665,-0.9633670437,0.9618324311,0.9637996598,-0.9555708089	ok
-1.19539078	-29.36873747	-48.54212922	0.8123549699	full	1,1,1,1,1,1,-1,-1	-1,-1,-1,-1,-1,-1,-1,-1	60.56021216,7866.040684,16162.23385,25345.43066,34301.96567,44305.06817,54674.63965,65320.99341	5208.742098,16378.32763,24632.98309,33364.25219,41104.78488,49379.35742,58293.91973,67775.18078	0.9888140626,0.9545961681,0.959189318,0.961029553,0.9558435974,0.9642015283,-0.9596422605,-0.9640731763	-0.9632288308,-0.9544970404,-0.9588183173,-0.9580112841,-0.9545461805,-0.9589994433,-0.9593178257,-0.9624840718	ok
-1.19338677	-29.36873747	-41.75797199	0.8349172359	continued:5	1,1,-1,-1,-1,1,1,1	-1,-1,-1,-1,-1,-1,-1,-1	7567.963733,16174.34762,23236.80022,31581.10086,41586.5351,51794.44648,60308.54951,68628.43511	5208.862375,16362.27074,24642.47178,33592.70249,44243.14777,56248.33169,67089.59655,79139.88877	0.9586766675,0.9571985512,-0.9584145623,-0.9558464546,-0.964148424,0.9549477766,0.9607775036,0.9545681934	-0.9632170538,-0.9545376633,-0.9590200008,-0.9595728128,-0.9643025007,-0.961899535,-0.9635800442,-0.9591344414	ok
-1.19138277	-29.36873747	-42.85465077	0.8321238870	continued:5	1,-1,-1,1,1,1,1,-1	-1,-1,-1,-1,-1,-1,1,1	7440.82862,14726.2944,24687.12118,37112.41027,49141.83684,58067.64058,68063.04757,77231.1044	5208.985185,16346.37362,24654.47065,33976.13499,45153.13459,57440.52601,67421.23169,77654.93775	0.9571099258,-0.9601056588,-0.9633481774,0.9635720877,0.9589899024,0.9594154604,0.9640088273,-0.9594159032	-0.9632052747,-0.9545794562,-0.9592335636,-0.9617518915,-0.9639635878,-0.9620897554,0.9644986855,0.954611276	ok
-1.18937876	-29.36873747	-43.64950097	0.8293305381	continued:5	1,1,-1,1,1,1,1,1	-1,-1,-1,-1,-1,1,1,1	7318.991229,17223.64708,29527.63061,40323.54057,48657.97768,58781.09278,69472.58855,78492.22005	5209.110515,16330.65318,24669.36324,35005.47615,45815.19812,52810.02316,62687.21159,73851.40153	0.9560146097,0.9638122197,-0.96370504,0.9546138298,0.9594250143,0.9642195315,0.9590527476,0.9600436603	-0.9631934933,-0.9546224453,-0.9594601691,-0.9644492578,-0.9575215707,0.9556438249,0.96447652,0.9580058758	ok
-1.18737475	-29.36873747	-44.32692094	0.8265371892	continued:5	1,1,1,1,1,1,-1,-1	-1,-1,-1,-1,1,1,-1,-1	7174.393963,16133.97036,26495.80629,37625.52383,50573.72206,64138.99024,74023.41558,82441.25123	5209.238355,16315.12626,24687.61616,35212.34175,45534.18454,54839.77107,67264.21662,79228.07584	0.955269536,0.9628838937,0.9617549779,0.9638353225,0.9634557912,0.9644798494,-0.9547457603,-0.9600426955	-0.9631817097,-0.9546666565,-0.9597011457,-0.963752245,0.9567970372,0.9633221901,-0.9635601396,-0.9585225509	ok
-1.18537074	-29.36873747	-44.94322502	0.8237438404	continued:5	1,1,1,1,1,1,-1,-1	-1,-1,-1,-1,-1,-1,-1,-1	7030.649418,15555.05244,23789.72044,32204.42943,42293.04114,55907.49789,68166.24783,79626.06652	5209.368693,16299.8096,24709.80471,34848.0565,48578.2951,60276.25158,70241.76883,83265.26892	0.9548799466,0.9607416234,0.9547200716,0.9599924541,0.9634072151,0.9637884013,-0.9636257776,-0.9555982637	-0.9631699238,-0.9547121159,-0.9599580171,-0.9634344615,-0.9642764346,-0.9600798736,-0.9633324408,-0.9633716661	ok
-1.18336673	-29.36873747	-45.52146091	0.8209504915	continued:5	1,1,-1,-1,1,1,1,-1	-1,-1,-1,1,1,1,-1,-1	6950.605564,15414.0514,23199.27847,32228.75274,41530.01756,54915.59688,66749.59792,73829.18252	5209.501517,16284.71978,24736.64887,33135.32245,42002.56439,50510.8109,58362.59715,66995.93822	0.9547761657,0.9603123844,-0.9590285989,-0.9601226053,0.9633684266,0.9635589117,0.9576087677,-0.9554038299	-0.9631581356,-0.9547588497,-0.9602325337,0.9624381094,0.9548390392,0.9606120632,-0.9549845665,-0.9613614813	ok
-1.18136273	-29.36873747	-46.07152607	0.8181571426	continued:5	-1,-1,1,1,1,-1,-1,1	-1,-1,-1,1,1,1,-1,-1	6981.299271,15480.2269,23163.28873,33085.00856,45236.97389,54316.20701,62815.29775,70499.93413	5209.636817,16269.87323,24769.06463,32454.68116,42346.7685,53463.1621,60811.2169,69376.67238	-0.9548063392,-0.9605249166,0.9555895379,0.9644190084,0.9634389954,-0.9548066931,-0.9605256397,0.9555802831	-0.9631463453,-0.9548068836,-0.9605267058,0.955574773,0.9644367996,0.9578036556,-0.9548908077,-0.9609445108	ok
-1.17935872	-29.36873747	-46.59705939	0.8154915112	continued:5	-1,-1,-1,-1,-1,-1,-1,1	-1,1,1,1,1,1,1,1	7110.747882,15663.79992,24237.3782,33173.48435,43014.11299,51505.40389,60794.99703,73426.35067	5209.774581,16255.28617,24808.23869,33380.07747,42311.39982,52101.72911,60139.70986,69321.41788	-0.9548564336,-0.9608434499,-0.9551805394,-0.9627135196,-0.9585374726,-0.9568119708,-0.9632624247,0.9640541074	-0.9631345528,0.954856244,0.9608428287,0.9551779092,0.9626951071,0.9581895739,0.9553027746,0.9635105539	ok
-1.17735471	-29.36873747	-47.09734945	0.8133668994	continued:5	1,1,1,1,1,1,1,1	-1,1,1,1,1,1,-1,1	7266.07234,15880.02125,25160.28712,32903.82407,41585.36697,52242.25572,62517.55797,71999.37217	5209.914798,16240.9746,24855.73927,34144.14764,41984.22615,50766.6134,60879.44674,73115.96375	0.9549059178,0.9611789451,0.9580204963,0.9549733633,0.9615477682,0.9641144028,0.9565202588,0.9633813018	-0.9631227579,0.9549069569,0.96118348,0.9580737069,0.9550584961,0.962045162,-0.9637390352,0.9635713657	ok
-1.17535070	-29.36873747	-47.56675854	0.8119899583	continued:5	1,1,1,1,1,1,-1,-1	-1,1,1,1,1,-1,1,1	7409.38567,16093.44292,26747.58731,36963.39046,46595.07253,58831.22665,66643.62605,75932.66017	5210.057457,16226.95427,24913.6835,35710.17861,47319.30135,59706.70186,69367.41008,77245.2522	0.9549566308,0.9615367251,0.964099563,0.9563038509,0.9634554755,0.9605801959,-0.9553087021,-0.9637440647	-0.9631109608,0.9549590487,0.9615514389,0.9642902734,0.9632320883,-0.9644209211,0.9580955023,0.9551495111	ok
-1.17334669	-29.36873747	-47.99843289	0.8114884055	continued:5	-1,-1,-1,-1,-1,-1,-1,-1	-1,1,1,1,1,1,1,1	7516.782578,16282.02183,26874.60575,40354.72258,51597.04884,61125.58716,72181.42273,82236.75397	5210.202548,16213.2407,24984.99253,35508.96012,48722.79517,61685.13608,72043.75738,82469.93373	-0.9550073451,-0.9619180234,-0.9633255759,-0.9635710447,-0.9553729561,-0.9641729534,-0.9614469295,-0.9624441188	-0.9630991616,0.9550125462,0.9619494074,0.9632907404,0.9634006334,0.9636283803,0.9593762053,0.9644054665	ok
-1.17134269	-29.36873747	-48.38588341	0.8119899583	full	-1,-1,-1,1,1,1,1,-1	-1,1,1,1,1,-1,-1,-1	7438.591499,16366.6413,25960.45041,33458.12046,42731.53565,50573.04495,59699.11964,68355.27477	5210.350058,16199.84915,25073.77484,33792.59009,42658.54272,51213.1242,60123.49068,69497.20083	-0.9551014159,-0.9625969311,-0.9571311688,0.9611560419,0.9580757217,0.955205162,0.9632754781,-0.9580836139	-0.96308736,0.9550674761,0.9623792266,0.9550621853,0.9623458947,-0.9550907871,-0.9625274116,-0.9561524126	ok
-1.16933868	-29.36873747	-41.83821221	0.8320158894	continued:5	1,1,1,-1,-1,-1,-1,-1	-1,1,1,1,-1,1,1,1	7701.327765,18088.24213,29758.68498,38634.17185,49614.87778,58675.0939,69949.7929,82135.68393	5210.499978,16186.7946,25185.85341,35924.37257,46422.35253,56890.32029,66944.88646,80024.4074	0.9597044019,0.9634985601,0.9569374113,-0.9635666313,-0.9551556322,-0.9630490051,-0.963427438,-0.9603012534	-0.9630755563,0.955123866,0.962839805,0.9631912093,-0.9636088312,0.9555945851,0.9641289075,0.9636020201	ok
-1.16733467	-29.36873747	-42.92233602	0.8292225405	continued:5	1,-1,-1,1,1,1,-1,-1	-1,1,1,-1,-1,-1,-1,1	7506.261235,15008.77041,24140.53885,32872.67472,41700.66955,50758.98471,58496.79717,66749.46028	5210.652296,16174.09179,25329.22496,33982.84248,43807.61959,54869.96681,64264.24221,74908.43187	0.9578904669,-0.9551711199,-0.9632531088,0.958806927,0.9589664898,0.9603480631,-0.9583333242,-0.9561224634	-0.9630637503,0.9551817438,0.9633217504,-0.9560000014,-0.9635478981,-0.9552742325,-0.9638989823,0.9643485749	ok
-1.16533066	-29.36873747	-43.71667590	0.8264291917	continued:5	1,1,1,1,1,1,1,1	-1,1,1,1,1,-1,-1,-1	7351.413781,16700.49408,29879.65204,43468.6591,53650.25721,62975.42594,75008.31411,88540.03938	5210.807002,16161.75522,25513.05315,37176.57886,49365.30033,57110.60366,65415.23066,74988.44707	0.9566706928,0.9632415427,0.9633383638,0.9643666905,0.9552314841,0.9637372371,0.9637824354,0.9640510259	-0.9630519421,0.9552411377,0.9637941174,0.9634047421,0.9603478593,-0.9583704623,-0.9563392318,-0.9633566092	ok
-1.16332665	-29.36873747	-44.39549034	0.8236358428	continued:5	1,1,-1,1,1,1,1,1	-1,1,1,1,1,1,1,1	7191.883267,17093.3503,27472.38487,35470.28893,46429.12548,59631.53886,72880.23977,84230.65214	5210.964086,16149.79913,25739.21405,38058.73836,50716.28642,63594.67752,76477.57128,89379.60549	0.9558748493,0.963597646,-0.9570905857,0.9631102633,0.9632338342,0.9633383025,0.9641362564,0.9627187919	-0.9630401316,0.9553020772,0.9641788971,0.9636678303,0.963184213,0.9631850522,0.9631883637,0.9632003746	ok
-1.16132265	-29.36873747	-45.01306978	0.8208424939	continued:5	1,1,1,1,1,1,1,1	-1,1,1,1,1,-1,-1,-1	7050.273212,17098.37014,28079.47822,37703.44587,50164.97163,60831.17198,74561.81562,86196.38275	5211.123535,16138.23756,25974.89945,38126.06086,51877.57687,62253.64419,72306.00515,83501.82947	0.9554799522,0.9641949051,0.956246422,0.9633600062,0.9618325057,0.9632937864,0.963856598,0.9582670546	-0.9630283189,0.9553645919,0.9643480129,0.9632986066,0.963950765,-0.9554854213,-0.9641825993,-0.9571409395	ok
-1.15931864	-29.36873747	-45.59172396	0.8180491450	continued:5	1,1,1,-1,1,1,1,1	-1,1,1,1,-1,-1,-1,-1	6982.893508,16919.58905,27890.11477,34987.34813,42230.33921,52216.3587,65153.3692,78907.65965	5211.285341,16127.08435,26140.90966,38287.08223,50125.44464,61770.84822,74097.90089,83483.09664	0.9553861357,0.9643268029,0.957399068,-0.9577157314,0.9557364724,0.9636815789,0.9632944715,0.9640920785	-0.963016504,0.9554287128,0.9642601345,0.9631219548,-0.9637682607,-0.9633587538,-0.9611704093,-0.9589458507	ok
-1.15731463	-29.36873747	-46.14102825	0.8152557962	continued:5	-1,-1,1,-1,1,-1,-1,-1	-1,1,1,1,1,1,1,-1	7025.526548,17060.38025,26980.55691,34074.51711,41182.91086,48538.11867,58611.43486,69666.28434	5211.449492,16116.35318,26198.78719,39182.13092,50672.18924,60131.59179,73685.78126,84124.94655	-0.9554240735,-0.9642236269,0.9574427027,-0.957400195,0.9577962124,-0.9555762736,-0.9638858201,-0.9558878181	-0.9630046868,0.9554944717,0.9640595735,0.9634459147,0.9564742609,0.9632482823,0.9635412698,-0.9562051774	ok
-1.15531062	-29.36873747	-46.66451555	0.8124624473	continued:5	1,1,1,1,-1,1,-1,1	-1,1,1,1,1,1,1,1	7182.078236,17269.31701,30229.39029,41859.96075,49928.98786,58578.09087,66014.24361,74067.20774	5211.615979,16106.05759,26182.9109,37296.37686,47014.42617,58934.37518,67753.54078,77129.55147	0.9554780011,0.9640474011,0.963417001,0.9571109362,-0.9632549422,0.9572089162,-0.9606364324,0.955533413	-0.9629928673,0.9555619018,0.9638697121,0.9560804515,0.96337929,0.9587554519,0.959047953,0.9619389125	ok
-1.15330661	-29.36873747	-47.16271794	0.8105444866	continued:5	-1,-1,-1,-1,-1,1,1,1	-1,1,1,1,-1,-1,1,1	7308.923575,17394.87231,28112.56709,38188.96,49565.46488,58592.45468,71110.08738,82073.69298	5211.78479,16096.21107,26131.88658,39668.65717,50026.43934,60607.28252,72557.81821,85556.05055	-0.9555321852,-0.9638830459,-0.9555572029,-0.9638362196,-0.9570444365,0.9640829146,0.9636014858,0.9625681237	-0.9629810457,0.9556310372,0.963718351,0.9639478747,-0.9594783194,-0.9635986643,0.9631471968,0.9631926466	ok
-1.15130261	-29.36873747	-47.62693278	0.8092952630	continued:5	-1,-1,-1,-1,1,1,-1,-1	-1,1,1,1,1,1,1,1	7437.549104,17494.10989,29897.75533,39483.87726,46613.41449,55888.9659,67099.0923,77791.98485	5211.955915,16086.82702,26066.2057,38713.67487,51641.75118,64745.11325,78372.54437,91000.9385	-0.9555872403,-0.9637466649,-0.9625305771,-0.9575452452,0.9568544179,0.9630597046,-0.9617734283,-0.9632488693	-0.9629692218,0.9557019137,0.9635998058,0.9631244337,0.9631527805,0.9632252083,0.9635885549,0.9630615424	ok
-1.14929860	-29.36873747	-48.05157309	0.8085870591	continued:5	-1,-1,-1,-1,-1,-1,-1,-1	-1,1,1,-1,1,-1,-1,-1	7581.789543,17596.1759,30611.59562,43493.6944,52629.69669,62643.73173,75654.09653,88609.16489	5212.129345,16077.9189,25995.11202,36415.20683,44159.81366,52534.28428,62879.37849,73313.52513	-0.9556417903,-0.9636373591,-0.9632745602,-0.9633372962,-0.955642576,-0.9636366969,-0.9632720353,-0.9635229971	-0.9629573957,0.9557745686,0.963504925,-0.957168615,0.9620974746,-0.9592141854,-0.9642456335,-0.9566058179	ok
-1.14729459	-29.36873747	-48.43341913	0.8087542433	full	-1,-1,1,-1,-1,-1,-1,-1	-1,1,1,1,1,-1,1,1	7558.37743,17514.75805,28906.33381,37806.8948,47773.96508,60908.52502,74626.10903,87127.18952	5212.305068,16069.50021,25922.71688,36928.70455,46850.52419,57277.97472,64496.74173,73511.24814	-0.9557106535,-0.9635347984,0.9631847489,-0.9599356235,-0.9631356134,-0.9632159575,-0.9637218207,-0.9628672433	-0.9629455673,0.9558490411,0.9634267451,0.9557570566,0.9634941952,-0.9573508262,0.958846538,0.960213049	ok
-1.14529058	-29.36873747	-41.88230449	0.8289680557	continued:5	1,1,1,1,1,1,1,1	-1,1,1,1,-1,-1,-1,-1	7949.612965,17379.87875,28016.88198,41241.70422,52677.82516,62013.63311,75112.83591,88713.53731	5212.483075,16061.58461,25850.86277,37435.04272,45252.20083,54147.86925,64002.67057,75019.53739	0.9611369495,0.9593897133,0.9636398765,0.9633764564,0.9566264219,0.9631190438,0.9631896155,0.9635179372	-0.9629337368,0.9559253723,0.9633605138,0.9571729866,-0.9623467196,-0.955835566,-0.9634133529,-0.9558207525	ok
-1.14328657	-29.36873747	-42.97059443	0.8261747068	continued:5	1,1,1,1,1,1,1,1	-1,1,1,1,1,1,-1,-1	7626.459603,16809.44882,26127.54477,35087.66712,45015.54514,58037.07438,71394.40239,83342.33854	5212.663357,16054.18595,25780.35597,37748.95167,48436.92738,60129.29714,67925.37462,76125.99462	0.9589095547,0.9610842619,0.9587982058,0.959953583,0.9630952742,0.9631469802,0.9633053786,0.959140515	-0.962921904,0.9560036051,0.9633030134,0.9592624088,0.9640547034,0.9603686828,-0.9582849965,-0.9565517335	ok
-1.14128257	-29.36873747	-43.77077571	0.8233813579	continued:5	1,-1,1,1,1,1,1,-1	-1,1,1,1,1,1,1,1	7425.946066,14596.6482,21825.32498,31178.76115,44317.44052,58033.92968,70899.47936,81568.39458	5212.845901,16047.31839,25711.50851,38141.45322,48817.65962,62527.50509,76001.93854,88157.92009	0.9574929824,-0.9576560038,0.956582392,0.9631034066,0.9631834863,0.9636798974,0.9637837639,-0.963250637	-0.9629100689,0.9560837852,0.9632520197,0.9617339378,0.9631825033,0.9636645037,0.9641686269,0.9630727941	ok
-1.13927856	-29.36873747	-44.45470557	0.8205880091	continued:5	1,1,1,1,-1,-1,-1,1	-1,1,1,1,-1,-1,1,1	7250.686133,16587.90575,29676.64671,43228.92521,53709.16183,62942.7126,75727.36828,87953.22211	5213.0307,16040.99644,25644.38702,39023.6999,48455.37015,57680.11711,70098.13879,80968.56053	0.9566028537,0.9630843254,0.9631512783,0.9634295971,-0.956793696,-0.9630281532,-0.9630136826,0.9631940494	-0.9628982316,0.9561659605,0.9632059457,0.9641666505,-0.9568404118,-0.9630056708,0.9633875888,0.9559242801	ok
-1.13727455	-29.36873747	-45.07618257	0.8177946602	continued:5	1,1,1,1,1,1,-1,-1	-1,1,1,1,1,1,1,-1	7111.942566,16706.4505,30306.09991,40492.11614,50202.91587,62326.70512,70828.53196,80660.64712	5213.217743,16035.2351,25578.93249,39305.84352,51493.49495,62256.64842,75390.77791,84513.84517	0.9561695735,0.9631885451,0.964222737,0.9559932545,0.9632526634,0.9602336789,-0.9625469536,-0.9591129045	-0.9628863921,0.9562501818,0.9631636141,0.9636807657,0.9616706144,0.963201783,0.9638492822,-0.9567880704	ok
-1.13527054	-29.36873747	-45.65730077	0.8150013113	continued:5	1,1,1,1,1,-1,-1,-1	-1,1,1,1,-1,-1,-1,1	7055.353515,16712.32361,29346.0529,39233.46273,49724.22556,60449.68093,70075.4463,83188.92452	5213.40702,16030.04994,25515.02211,39023.25031,49862.3688,59532.41016,72019.99565,81815.73457	0.956062576,0.9632082162,0.9625520232,0.9594420177,0.9633752197,-0.9561104892,-0.9631915233,-0.9638064905	-0.9628745503,0.9563365031,0.9631241052,0.9633653084,-0.9560429853,-0.9632154883,-0.9619976604,0.9641649687	ok
-1.13326653	-29.36873747	-46.20753868	0.8122079624	continued:5	1,1,1,1,-1,-1,-1,1	-1,1,1,1,1,1,1,1	7107.302473,16733.72733,29916.56958,40016.63131,48808.77023,60590.15343,69011.27417,76226.7781	5213.598521,16025.45721,25452.50935,38765.67827,50994.42056,59729.50733,69008.84355,81933.60563	0.9560991387,0.9631787652,0.9639127234,0.956994361,-0.9632646688,-0.9584170664,-0.9574992107,0.9579584568	-0.9628627063,0.9564249812,0.9630866436,0.963221177,0.9608251431,0.9566841911,0.9630228658,0.963054669	ok
-1.13126253	-29.36873747	-46.73043365	0.8095423310	continued:5	1,1,1,1,1,1,1,1	-1,1,1,1,1,1,1,1	7248.678661,16830.84943,30597.16698,43340.56608,57014.08718,69765.47556,80990.07153,90372.1594	5213.792236,16021.474,25391.27351,38540.18512,52261.2398,65057.29565,76804.75744,88574.39676	0.9561582422,0.9631436514,0.9639042012,0.9631530752,0.9641452034,0.9633084563,0.9564939426,0.9630556681	-0.9628508601,0.956515677,0.9630504909,0.9631304518,0.9636283103,0.9636150263,0.9632538738,0.9584034078	ok
-1.12925852	-29.36873747	-47.22542440	0.8076243703	continued:5	1,1,1,1,1,1,1,1	-1,1,1,1,1,1,1,1	7381.58205,16920.79895,30576.00378,43313.62635,56491.80301,70259.59692,82677.97174,95671.28058	5213.988157,16018.11832,25331.35162,38334.57553,51622.94035,64069.26986,74437.90433,87260.45808	0.9562180431,0.9631106307,0.9634923198,0.9630444147,0.9631316118,0.9638602171,0.9630130976,0.9630577297	-0.9628390116,0.9566086549,0.9630147863,0.9630614234,0.9631844863,0.9618485022,0.9629812326,0.9629936453	ok
-1.12725451	-29.36873747	-47.68537232	0.8063751467	continued:5	-1,-1,-1,-1,-1,-1,-1,-1	-1,1,1,1,1,1,1,1	7515.308296,17012.45501,30506.07225,41465.08137,50951.16671,64408.64572,75699.58762,84936.21954	5214.186272,16015.4093,25273.49375,38137.91174,51117.41719,64345.49784,77659.26474,89314.60421	-0.9562782556,-0.9630793818,-0.9633056879,-0.9562969589,-0.9630746036,-0.9632775964,-0.9567463341,-0.9629667533	-0.9628271609,0.9567039838,0.9629781547,0.9629995329,0.9630414386,0.9631428387,0.964053881,0.9630270482	ok
-1.12525050	-29.36873747	-48.10493608	0.8056669428	continued:5	1,1,1,1,1,1,-1,-1	-1,1,1,1,-1,-1,-1,-1	7662.650623,17118.54219,30471.04012,42451.1579,52640.32892,66407.97371,78118.21851,91737.18147	5214.386574,16013.36736,25223.16959,37964.64703,50279.19494,62049.9717,70702.55314,79508.94741	0.9563392842,0.9630493676,0.9631966521,0.9596282043,0.9631091718,0.9638118304,-0.9630845665,-0.9634191891	-0.962815308,0.9568017374,0.9629369195,0.9629161063,-0.9632175833,-0.9585490871,-0.95864089,-0.9593720649	ok
-1.12324649	-29.36873747	-48.48116492	0.8054997585	full	-1,-1,-1,-1,-1,-1,-1,-1	-1,1,-1,-1,-1,-1,-1,-1	7688.993757,17104.60606,30336.3707,43642.01013,55355.26937,68623.73313,81328.97237,92709.69877	5214.589051,16012.01436,24545.60281,37435.47115,50467.54847,63817.31375,75815.10736,85857.01959	-0.9564007058,-0.9630204282,-0.9631213176,-0.9640290909,-0.9630260804,-0.9631392485,-0.9627948972,-0.9632197487	-0.9628034528,0.9569019939,-0.9629607494,-0.9629870098,-0.9630381604,-0.9631832948,-0.9597538489,-0.9630306236	ok
-1.12124248	-29.36873747	-41.99341539	0.8261237974	continued:5	1,1,-1,-1,1,-1,-1,-1	-1,1,-1,-1,-1,-1,-1,-1	8295.674715,18361.129,26336.52452,35544.25165,47996.73579,58900.20682,69276.60215,79106.99782	5214.793696,16011.37385,24751.62081,37047.58816,47588.70759,58770.26508,71610.71569,84545.74955	0.9625282933,0.9605216368,-0.9568638543,-0.9628834238,0.9633571561,-0.9612269964,-0.9633275786,-0.9576066443	-0.9627915955,0.9570048375,-0.9631486861,-0.9612442782,-0.9636712765,-0.9629399808,-0.9629582639,-0.9629918725	ok
-1.11923848	-29.36873747	-43.05764018	0.8233304486	continued:5	1,1,1,1,1,1,1,1	-1,1,-1,-1,-1,1,1,1	7755.810732,17665.31827,30635.00374,43828.94043,57590.13302,70808.62948,83778.43282,97544.74598	5215.000497,16011.4713,25060.23344,38595.14918,51493.74417,61107.13677,71226.18478,84750.57403	0.959865688,0.9629538288,0.9629929135,0.963080685,0.9638793192,0.9634716898,0.9630789934,0.9638307789	-0.9627797358,0.9571103583,-0.9635437052,-0.9639001701,-0.9640631322,0.9596594517,0.9630404681,0.9632848546	ok
-1.11723447	-29.36873747	-43.85228567	0.8205370997	continued:5	1,1,-1,-1,-1,-1,-1,-1	-1,1,-1,1,1,1,1,1	7489.372062,15689.75676,24157.34285,33749.3242,43045.6906,55983.0393,69106.01313,82702.81756	5215.209447,16012.33434,24402.16037,34854.52231,47592.94476,60326.20589,73048.98457,85787.60595	0.958258176,0.9572127372,-0.9638080115,-0.9565953081,-0.9629366618,-0.9629702907,-0.9630389649,-0.9633461577	-0.962767874,0.9572186527,-0.9636779188,0.9628956814,0.9628943358,0.9628912153,0.9628833502,0.9628519467	ok
-1.11523046	-29.36873747	-44.53444871	0.8177437508	continued:5	1,-1,-1,-1,-1,-1,-1,-1	-1,1,-1,-1,-1,1,-1,-1	7289.513364,15032.76534,25574.65933,38788.46488,52463.69744,65006.12087,78011.02871,89684.52845	5215.420535,16013.9931,23664.62005,34364.66919,45548.51802,53977.80444,61381.53335,71576.82352	0.9573074652,-0.9616807401,-0.9629744856,-0.9630665315,-0.9640548693,-0.963085586,-0.9635476223,-0.96311382	-0.9627560099,0.9573298246,-0.9612275982,-0.9638965544,-0.9621303539,0.9574346388,-0.9595669334,-0.9630525947	ok
-1.11322645	-29.36873747	-45.15480041	0.8149504019	continued:5	1,1,-1,-1,-1,1,-1,-1	-1,1,-1,-1,-1,-1,1,1	7151.047066,16373.37113,28942.57542,40729.10898,50513.78792,62694.92881,75225.65028,88345.94206	5215.633753,16016.48055,23427.97324,33614.01352,47348.50801,59269.50713,67553.45959,76781.08685	0.9568794088,0.9628234788,-0.9635712097,-0.9599850118,-0.9628559251,0.9628256608,-0.9634588178,-0.9631198982	-0.9627441436,0.9574439857,-0.9595640352,-0.9630361575,-0.9635630425,-0.960630099,0.9567177449,0.9628833212	ok
-1.11122244	-29.36873747	-45.73431814	0.8121570531	continued:5	1,1,1,-1,-1,-1,-1,1	-1,1,-1,-1,-1,-1,-1,-1	7107.388024,16299.0727,28997.70033,41030.58985,54033.17283,67284.88443,80379.33895,90028.31377	5215.849091,16019.83285,23363.48573,31886.25417,40310.69261,48109.41367,57300.12602,69997.83538	0.95679561,0.9628504581,0.9628381782,-0.9629162187,-0.962959103,-0.9630612848,-0.9637030052,0.9617144115	-0.9627322751,0.9575612563,-0.9584359521,-0.9583790646,-0.9580228199,-0.9567985623,-0.9628496304,-0.9628354896	ok
-1.10921844	-29.36873747	-46.28201802	0.8093637042	continued:5	-1,-1,1,1,1,1,1,-1	-1,1,-1,1,-1,1,-1,-1	7172.010935,16351.70012,28445.28361,41826.56073,53604.29424,63786.16775,76084.45355,88324.3114	5216.06654,16024.08987,23401.80547,30772.09197,38203.07079,46088.83412,54781.23606,64037.83128	-0.9568479186,-0.9628198745,0.9629677784,0.9631208018,0.9589541278,0.9639121362,0.9633060305,-0.9633064941	-0.9627204044,0.9576817662,-0.9576668599,0.9577545784,-0.9573074869,0.9621956569,-0.9568874936,-0.9627901285	ok
-1.10721443	-29.36873747	-46.80128823	0.8066980727	continued:5	-1,1,1,1,1,1,1,1	-1,1,-1,1,1,-1,-1,1	7320.966454,15825.19101,28635.63969,41520.8169,54533.80495,67800.01883,80678.35131,90441.72264	5216.286091,16029.29566,23520.14344,32602.79936,43537.89165,50905.50325,58954.06076,68064.67636	-0.9569141536,0.9628560336,0.9628714777,0.9628965007,0.9629398807,0.9630451933,0.9632642637,0.9577689625	-0.9627085314,0.9578056556,-0.9571934584,0.9638950921,0.957619229,-0.9581590745,-0.9571783724,0.9637342279	ok
-1.10521042	-29.36873747	-47.29161083	0.8047801120	continued:5	-1,1,1,1,1,1,1,-1	-1,1,-1,1,1,1,1,1	7461.218963,16054.23664,29439.08593,41181.95287,51110.04871,62695.55805,76414.10661,86536.80778	5216.507735,16035.49911,23703.47496,32345.66649,46001.61774,58703.89444,71778.34087,85192.0684	-0.9569814091,0.9629468601,0.9630999776,0.9588955307,0.9635130966,0.9630094535,0.9639274246,-0.9582655434	-0.9626966562,0.9579330764,-0.9570035684,0.9629823463,0.9633571765,0.9628969238,0.9629508982,0.9631187226	ok
-1.10320641	-29.36873747	-47.74602227	0.8035308884	continued:5	-1,1,1,1,-1,1,1,1	-1,1,1,-1,1,-1,-1,1	7601.1355,16347.81141,28636.67655,39660.7571,50432.3708,59529.61308,71112.71882,81636.88547	5216.731463,16042.75462,23933.03641,32842.16434,43487.67372,50881.76791,59135.75324,66565.43832	-0.9570493315,0.9630471835,0.961367678,0.9631753848,-0.9571711047,0.9635278802,0.9592271865,0.9632124719	-0.9626847788,0.9580641929,0.9571053631,-0.9631930742,0.9576291959,-0.9582673638,-0.9577178592,0.9577165103	ok
-1.10120240	-29.36873747	-48.15942235	0.8028226845	continued:5	1,-1,1,1,-1,-1,-1,1	-1,1,1,-1,-1,-1,1,1	7752.572041,16685.88165,27340.86061,37908.02743,50238.29178,63720.50091,77112.28425,88887.00855	5216.957265,16051.12295,24188.19526,31644.1265,41859.00786,55619.41668,67443.90806,79252.62766	0.9571184609,-0.9632061861,0.9591832436,0.9632504221,-0.9634346623,-0.9634250598,-0.9632764537,0.9628406348	-0.9626728991,0.958199184,0.9575092285,-0.9594681398,-0.9629791814,-0.9636627969,0.963070252,0.9592750997	ok
-1.09919840	-29.36873747	-48.52912124	0.8026555002	full	-1,1,1,-1,1,-1,1,1	-1,1,1,1,-1,-1,1,-1	7782.501817,16893.33505,28110.16247,35843.63563,44962.28423,55590.76283,64694.69339,75836.61136	5217.185134,16060.67224,24457.51603,32649.10667,40080.70812,48054.75601,56220.1948,66796.70268	-0.9571876578,0.9635300033,0.9579633013,-0.9571924485,0.9635702447,-0.9572203953,0.9638411247,0.9585156261	-0.9626610173,0.9583382435,0.9582258098,0.9576795119,-0.9581053376,-0.9573117788,0.9629921967,-0.9633917674	ok
-1.09719439	-29.36873747	-42.08338658	0.8231631998	continued:5	1,-1,-1,1,1,1,1,-1	-1,1,1,1,1,1,1,1	9069.089128,18692.24986,26516.35399,35315.52501,46141.783,56305.15098,69889.00342,82265.64626	5217.41506,16071.47916,24750.89584,35151.95069,46705.06948,55170.67173,63880.60791,74137.12374	0.9639729936,-0.9580153162,-0.957264413,0.9640033283,0.9594925171,0.962930592,0.9632200543,-0.9637035148	-0.9626491332,0.958481583,0.9592845017,0.9630684608,0.9583707159,0.9584966414,0.9594065698,0.962977271	ok
-1.09519038	-29.36873747	-43.13422387	0.8203698509	continued:5	1,1,1,1,-1,-1,-1,-1	-1,1,1,1,1,-1,-1,-1	7994.249909,18882.6569,29287.54781,37134.33336,45212.84866,56479.67742,69168.45765,80124.45154	5217.647035,16083.63033,25118.00491,33964.87713,41778.08606,49928.70515,60617.42202,73266.98174	0.9611407629,0.9639856284,0.9580249965,0.9573404709,-0.9626849212,-0.9629846735,-0.9627915793,-0.9628498606	-0.9626372469,0.9586294332,0.9607714403,0.958004708,0.9573309488,-0.9629025164,-0.9627470742,-0.9627336278	ok
-1.09318637	-29.36873747	-43.92731696	0.8175765020	continued:5	1,1,1,-1,-1,-1,-1,-1	-1,1,1,1,1,1,1,1	7610.825826,18056.26361,29194.78133,36726.6982,46541.93923,59312.29496,72133.3958,85029.48956	5217.881049,16097.224,25736.3015,36529.42139,49355.30614,62258.57513,75283.88324,88542.93277	0.9592250729,0.9630798332,0.9575165926,-0.9598476398,-0.9627699836,-0.9627812463,-0.9627973901,-0.9628208785	-0.9626253583,0.958782046,0.9628455671,0.9627823,0.9627988126,0.9628231746,0.9628639934,0.9629610538	ok
-1.09118236	-29.36873747	-44.61003793	0.8147831531	continued:5	1,1,-1,-1,1,1,1,-1	-1,1,1,1,-1,1,-1,1	7376.261514,15478.24954,22986.16472,31005.91668,38487.37422,49163.4653,59782.8422,67319.39615	5218.117094,16112.37216,26787.69876,37364.27207,44944.39013,54637.64266,65012.6456,72534.14049	0.9581619279,0.9577380024,-0.9581163232,-0.9576167703,0.9589398988,0.9638193179,0.95753131,-0.9597910939	-0.9626134676,0.9589396975,0.9638212245,0.9574992686,-0.9601861898,0.9638308199,-0.9575459976,0.9596268683	ok
-1.08917836	-29.36873747	-45.23089287	0.8119898043	continued:5	1,-1,-1,-1,1,1,-1,-1	-1,1,1,-1,-1,-1,-1,1	7236.232194,14742.1881,23231.8275,32916.13173,43510.93514,56888.3632,68696.10573,81897.99544	5218.355161,16129.20301,26704.74089,38561.36661,51987.81222,63337.62993,71202.86844,78736.21955	0.957710168,-0.9583627948,-0.9587691547,-0.9629641866,0.9633604914,0.9631956576,-0.9628334496,-0.9629111391	-0.9626015746,0.9591026899,0.9631927086,-0.9628674236,-0.9630371261,-0.9580233778,-0.9575557018,0.9596359343	ok
-1.08717435	-29.36873747	-45.81006725	0.8091964554	continued:5	1,-1,-1,-1,-1,-1,-1,-1	-1,1,1,1,1,-1,-1,-1	7204.171594,14715.02303,25401.24822,37684.65732,47148.76388,56322.83256,67119.75116,80394.61591	5218.595242,16147.86409,26489.5269,38557.39785,47123.8951,54648.58326,63174.43225,73878.67313	0.9576340468,-0.959001414,-0.9634039546,-0.9622821494,-0.9586407446,-0.9613895165,-0.9629249404,-0.9638685101	-0.9625896794,0.9592713547,0.9629687758,0.9606592151,0.9577234839,-0.9583753868,-0.9589369575,-0.9636861688	ok
-1.08517034	-29.36873747	-46.35625684	0.8064031065	continued:5	-1,1,1,1,1,1,1,1	-1,1,1,1,1,-1,1,-1	7280.383998,14809.28337,23982.81378,34729.40249,48462.03002,59599.66046,67757.8332,75631.73167	5218.837329,16168.52608,26306.93888,39750.63817,50925.36366,58542.13111,66339.6216,73870.05486	-0.9576970719,0.9586313401,0.9614052318,0.9628873584,0.9634532175,0.9581797458,0.9580192759,0.9577023702	-0.962577782,0.9594460563,0.9628485225,0.9630276637,0.9578308108,-0.957970983,0.9577027893,-0.9585945622	ok
-1.08316633	-29.36873747	-46.87277326	0.8037374750	continued:5	1,-1,-1,-1,-1,-1,-1,1	-1,1,1,1,1,1,1,1	7436.854235,15015.8044,23394.27715,32455.92599,42570.03006,53690.25726,67179.81624,77984.33593	5219.081411,16191.38764,26149.76156,39151.69832,52336.03661,66020.7096,79176.4445,90898.2039	0.9577731909,-0.9582901365,-0.9585868539,-0.9610129346,-0.9626704459,-0.962844092,-0.9630535144,0.9580159806	-0.9625658824,0.959627195,0.9627649623,0.962798493,0.9628690486,0.9633051391,0.9629700159,0.9593545388	ok
-1.08116232	-29.36873747	-47.35918227	0.8019472318	continued:5	-1,1,1,-1,1,-1,1,-1	-1,1,1,1,1,1,1,1	7567.570878,15226.8423,23207.21506,30931.26308,38696.14385,46398.56795,54215.21535,61881.26578	5219.327482,16216.68145,26010.01032,38738.57955,51498.74785,64300.43191,77157.53862,90092.35819	-0.9578508356,0.95807228,0.9579058666,-0.9579361349,0.9578888846,-0.9579719974,0.9578571992,-0.95805325	-0.9625539805,0.9598152102,0.9626941816,0.9627017615,0.9627114348,0.9627239071,0.9627405928,0.9627647953	ok
-1.07915832	-29.36873747	-47.80757532	0.8006980082	continued:5	-1,1,-1,1,-1,1,-1,1	-1,1,-1,-1,-1,-1,-1,1	7714.455888,15479.3529,23315.4178,31085.73015,38913.45551,46687.30877,54509.93771,62286.41958	5219.575533,16244.68187,25301.3912,38217.30966,51238.48697,64452.61936,78193.42865,89683.18145	-0.9579292854,0.9579787528,-0.9579331793,0.9579732701,-0.9579356303,0.9579697766,-0.9579377453,0.9579673066	-0.9625420765,0.9600105835,-0.9627258634,-0.962747356,-0.9627822458,-0.962859799,-0.96354196,0.9627248475	ok
-1.07715431	-29.36873747	-48.21442173	0.7999898043	continued:5	1,1,1,1,1,1,1,1	-1,1,-1,1,1,-1,-1,-1	7870.942731,15763.67133,23657.27873,31551.05837,39444.87222,47338.6932,55232.51582,63126.339	5219.825555,16275.71483,25657.62075,35394.44516,46097.08939,56641.39475,66794.57794,80255.01555	0.9580090721,0.9580096105,0.9580094564,0.9580095025,0.9580097807,0.9580095363,0.9580095379,0.9580095387	-0.9625301702,0.9602138415,-0.963877577,0.9589108682,0.9634673805,-0.9593825034,-0.9628083251,-0.9629976779	ok
-1.07515030	-29.36873747	-48.57728822	0.7998226200	full	-1,-1,-1,-1,-1,-1,-1,-1	-1,1,-1,-1,-1,-1,-1,-1	7905.475016,15943.13399,24128.17668,32739.72692,42766.64154,55881.84839,69318.31854,80475.4083	5220.07754,16310.17059,24489.54296,35177.71524,46689.95812,56623.49002,69563.50065,82616.20081	-0.9580894157,-0.9581697774,-0.9583788292,-0.9595032121,-0.9627438769,-0.962794562,-0.9629685617,-0.9581615236	-0.9625182617,0.9604255551,-0.9589195867,-0.963371547,-0.9596107524,-0.9627094969,-0.9627321425,-0.9627706368	ok
-1.07314629	-29.36873747	-42.18353497	0.8202495510	continued:5	1,-1,-1,-1,-1,-1,-1,1	-1,1,1,1,1,1,1,1	9467.707527,20046.32561,29974.91005,42902.30875,55930.21137,69143.46178,82874.2083,94186.3461	5220.33148,16348.52038,25006.28222,33485.29563,43880.26863,55405.47329,66010.39766,78538.76782	0.963443487,-0.9596046864,-0.9626961592,-0.9627166914,-0.962750269,-0.9628255633,-0.9634674173,0.9631365534	-0.962506351,0.9606463364,0.9583113109,0.9591386191,0.9629255956,0.9589786461,0.963153519,0.9626621617	ok
-1.07114228	-29.36873747	-43.21752695	0.8174562021	continued:5	1,1,1,1,1,1,1,1	-1,1,1,1,1,1,1,1	8419.907365,19388.11307,32465.12388,45786.6161,57955.37107,68772.20092,81690.04603,93183.53927	5220.587366,16391.3383,25955.7201,36596.0049,48546.48987,59892.00526,72496.6637,85097.26822	0.9626640455,0.96271549,0.9627568795,0.9628709056,0.9612895666,0.9628443997,0.963357611,0.9627715639	-0.9624944381,0.960876828,0.9610017571,0.9636943769,0.9638060086,0.9626059505,0.9626045933,0.9626026409	ok
-1.06913828	-29.36873747	-44.00709952	0.8146628532	continued:5	1,-1,1,1,1,1,1,1	-1,1,1,1,1,1,1,1	7791.98842,16067.45167,25268.62484,35407.37026,46031.47011,58762.11255,71816.49441,85078.19677	5220.845191,16439.33023,27604.62151,40406.29461,53593.02584,67246.7539,80110.80197,93441.27272	0.9603479885,-0.960228178,0.9636304723,0.9589373603,0.9631704129,0.9627005883,0.9627370043,0.9628271158	-0.9624825229,0.9611176797,0.9631824503,0.9627246364,0.9627908596,0.9631923878,0.9627476358,0.9628653015	ok
-1.06713427	-29.36873747	-44.68896774	0.8118695043	continued:5	1,1,1,1,-1,-1,-1,-1	-1,1,1,1,1,-1,1,1	7499.720507,17844.20223,29860.7881,39183.63629,48502.93177,60150.46506,73161.05448,86324.04488	5221.104945,16493.37202,27129.28895,40434.30242,52789.49948,61587.86453,69888.22586,80068.93269	0.9591413609,0.9628561739,0.9608092888,0.960224063,-0.9637541158,-0.9626814208,-0.9627100238,-0.9627690997	-0.9624706056,0.9613694996,0.9627332192,0.9628396111,0.9619668531,-0.9604774428,0.9587197357,0.9637659795	ok
-1.06513026	-29.36873747	-45.30917143	0.8090761555	continued:5	1,1,1,1,1,1,1,1	-1,1,1,1,1,1,1,1	7353.804796,17206.68617,28671.5307,41994.12831,54113.45522,65024.85916,76624.38564,86658.29302	5221.366622,16554.55957,26802.83205,39450.08782,52107.18233,64775.64559,77457.14582,90153.51831	0.9586673495,0.9633324148,0.9627253139,0.9628390839,0.961208303,0.9628720952,0.9594348204,0.9626882404	-0.9624586861,0.9616327639,0.9625857647,0.9625884472,0.962591502,0.962594954,0.9625988336,0.9626031839	ok
-1.06312625	-29.36873747	-45.88699902	0.8062828066	continued:5	1,1,1,1,1,1,1,1	-1,1,-1,1,1,1,1,1	7333.984798,16870.68286,27734.56143,40623.81507,53574.29438,66619.21469,79844.52816,93554.21645	5221.630213,16624.27252,25990.85469,35947.44896,47395.42609,60668.39155,73575.03506,84923.8167	0.9586071414,0.9626650611,0.9626343566,0.9626477733,0.9626670009,0.9626994081,0.9627756872,0.9635461145	-0.9624467643,0.9619076416,-0.9629193615,0.9633255058,0.9627071287,0.9628001091,0.9633469475,0.9626703007	ok
-1.06112224	-29.36873747	-46.43079319	0.8034894577	continued:5	-1,-1,-1,-1,-1,1,1,1	-1,1,1,1,1,1,1,1	7423.361409,17621.13606,28921.1972,41472.93968,54034.70676,65910.82009,78739.61411,91604.96015	5221.895709,16704.24945,26240.02017,36136.09776,48987.74008,61882.75302,74837.77673,87886.02821	-0.9586888145,-0.963761462,-0.9625314908,-0.962525076,-0.9625103264,0.9626099029,0.9626182944,0.9626291253	-0.9624348403,0.9621936693,0.9595755156,0.9626151815,0.9626250032,0.962638035,0.9626570051,0.96268931	ok
-1.05911824	-29.36873747	-46.94378517	0.8008238262	continued:5	1,1,1,1,1,1,1,-1	-1,1,1,1,1,1,1,-1	7588.716311,18268.35222,30705.96296,43647.08119,56668.36473,69834.10573,83390.07177,95100.94806	5222.163103,16796.65852,28079.96418,40527.76187,51541.46929,61556.7959,72001.25731,83003.625	0.958778574,0.963493578,0.9626245257,0.9626410989,0.9626682605,0.9627256044,0.9630055897,-0.9626366586	-0.9624229142,0.9624891396,0.9627908803,0.9623203401,0.9635767266,0.9590072941,0.9628904981,-0.9588660159	ok
-1.05711423	-29.36873747	-47.42562965	0.7989058656	continued:5	1,1,1,1,1,1,1,1	-1,1,-1,-1,1,1,1,1	7745.425747,18349.47388,30962.13391,43822.06061,56721.14419,69674.45775,82711.45944,95905.37444	5222.432388,16904.10564,26874.16501,39441.39301,51341.27394,64272.32143,77273.57936,90395.45227	0.9588717733,0.9630852682,0.9625957609,0.9626046098,0.9626165299,0.9626337146,0.9626625279,0.9627274769	-0.9624109858,0.9627899605,-0.9624975577,-0.962479791,0.9626116713,0.9626264702,0.9626498153,0.9626955891	ok
-1.05511022	-29.36873747	-47.86976289	0.7978632931	continued:5	-1,-1,1,1,1,1,1,1	-1,1,1,-1,-1,-1,-1,-1	7874.737174,18337.95405,29276.61644,39017.62239,51654.04278,64296.48551,76945.25081,89600.64069	5222.703554,17029.4067,27218.73873,35695.87438,46074.41321,57649.94249,67447.27159,80154.8111	-0.9589655079,-0.9628879396,0.9597501929,0.9625284443,0.9625301709,0.9625318825,0.9625337251,0.9625356083	-0.9623990552,0.9630876016,0.9605087439,-0.9590336792,-0.9628148056,-0.9596706883,-0.9625476564,-0.9625501699	ok
-1.05310621	-29.36873747	-48.26980831	0.7971550892	continued:5	1,1,1,1,1,1,1,1	-1,1,1,1,1,1,1,1	2.038703418,8038.247535,18368.33775,30510.41885,40871.1947,53647.46316,66437.54686,79243.50053	5222.976595,17174.66618,28236.48441,40895.29312,53559.81381,66230.21556,78906.67974,91589.40455	0.9691472967,0.9590613897,0.9627693352,0.9614816358,0.9625544072,0.9625578813,0.9625617667,0.9625661534	-0.9623871224,0.9633657491,0.9625238268,0.9625253899,0.9625269899,0.9625286297,0.9625303131,0.9625320456	ok
-1.05110220	-29.36873747	-48.62566563	0.7969879049	full	-1,-1,-1,-1,-1,-1,-1,-1	-1,1,1,1,1,1,1,1	8079.553976,18290.12883,31870.90948,44287.08471,56922.63453,69562.11055,82205.56324,94853.04157	5223.251502,17338.70524,29417.2462,41554.66011,54938.34619,66312.52423,76333.6037,89370.09223	-0.9591583731,-0.962686868,-0.9630111063,-0.9625065899,-0.9625076839,-0.9625087825,-0.962509891,-0.9625110095	-0.9623751874,0.9635964462,0.9637907563,0.9626606251,0.9628069796,0.9593621551,0.9626019327,0.9626285314	ok
-1.04909820	-29.36873747	-42.24650208	0.8170806784	continued:5	1,-1,-1,1,1,1,1,1	-1,1,-1,-1,1,-1,-1,-1	9276.687313,21676.81298,33195.91998,41776.23622,52081.76513,64785.0158,77491.3101,90200.73047	5223.528268,17511.98709,27548.00987,37261.43168,47233.01688,58316.51157,68351.6474,81410.65795	0.9629023365,-0.9632232534,-0.9603172532,0.961502836,0.9625143518,0.9625150658,0.9625159092,0.9625167578	-0.9623632502,0.9637412707,-0.9608027723,-0.9617965241,0.9628249903,-0.9593329465,-0.9625958552,-0.9626257973	ok
-1.04709419	-29.36873747	-43.28073816	0.8142873295	continued:5	1,1,1,1,1,-1,-1,-1	-1,1,1,1,1,1,1,1	9411.41285,21817.90432,35175.40307,46743.35374,56418.79891,68237.12549,80961.7996,93687.78613	5223.806884,17672.42563,29254.39033,41797.22427,54339.76121,66881.96722,79423.80408,91965.22866	0.9636986789,0.9626359468,0.9627686074,0.9599093224,0.9624200452,-0.9625091883,-0.9625095944,-0.9625098803	-0.9623513108,0.9637699516,0.962456391,0.9624562851,0.9624561668,0.9624560346,0.9624558864,0.9624557202	ok
-1.04509018	-29.36873747	-44.07438477	0.8114939806	continued:5	1,-1,-1,-1,-1,-1,-1,-1	-1,1,1,1,1,1,1,1	8213.944835,17269.98488,27148.1527,39942.79265,52741.66811,65545.37892,78354.65338,91170.38802	5224.087344,17793.4003,30275.35724,43886.06685,56656.07442,69727.59952,82974.34884,96346.4864	0.9620291355,-0.959502493,-0.9625164356,-0.9625174408,-0.9625186645,-0.9625200195,-0.9625215136,-0.9625233535	-0.9623393693,0.9636924588,0.962659747,0.9630514356,0.9625772997,0.9626084109,0.962689836,0.9637609387	ok
-1.04308617	-29.36873747	-44.76023683	0.8087006317	continued:5	1,-1,-1,-1,-1,-1,-1,-1	-1,1,-1,-1,-1,-1,-1,-1	7761.534116,16341.03082,26105.3266,38756.66464,51405.4111,64051.68218,76695.5914,89337.2492	5224.36964,17863.10107,28498.31434,38200.54361,50779.84338,63359.88059,75940.63227,88522.07563	0.9604874611,-0.9596490406,-0.9624679264,-0.9624671663,-0.9624665047,-0.9624658152,-0.9624651621,-0.9624645507	-0.9623274255,0.9635579378,-0.9597429207,-0.9624468116,-0.9624470389,-0.9624472589,-0.9624474715,-0.962447677	ok
-1.04108216	-29.36873747	-45.38338524	0.8059072829	continued:5	1,1,-1,-1,-1,-1,-1,-1	-1,1,1,1,1,1,1,1	7584.184182,17238.75282,29026.08692,41606.80767,54187.38786,66767.8349,79348.15578,91928.35718	5224.653763,17889.13284,30426.76538,43492.10144,56716.40938,70358.9202,83557.48904,96100.78751	0.959894231,0.9623863041,-0.9624365056,-0.9624364453,-0.9624364038,-0.9624363647,-0.9624363278,-0.962436293	-0.9623154795,0.9634133707,0.9625551632,0.9625838415,0.962656857,0.9634798742,0.9634140852,0.9625571932	ok
-1.03907816	-29.36873747	-45.96275512	0.8031139340	continued:5	1,1,1,1,1,1,1,1	-1,1,-1,-1,1,1,1,1	7568.414328,17221.66685,29737.63182,42253.91848,54770.54915,67287.54706,79804.93641,92322.74246	5224.939707,17885.90118,29609.41609,42515.62651,53168.80367,65156.51412,75672.00093,88645.26597	0.9598052437,0.9624040919,0.9624042213,0.9624043682,0.9624045261,0.9624046935,0.9624048666,0.9624050409	-0.9623035313,0.9632815982,-0.9626665234,-0.9633896064,0.962697062,0.9612877458,0.9625259142,0.9625385976	ok
-1.03707415	-29.36873747	-46.50656552	0.8003205851	continued:5	1,1,-1,-1,-1,-1,-1,-1	-1,1,1,-1,-1,-1,-1,-1	7670.299385,17339.86295,29120.46993,41786.24077,54442.29091,67089.3178,79728.02704,92359.11173	5225.227463,17865.28005,29163.89194,38909.89308,51582.86016,64486.15807,77407.97442,90356.59148	0.9598956009,0.9623552077,-0.9624398814,-0.9624372008,-0.9624346248,-0.9624322499,-0.9624300621,-0.9624279514	-0.9622915809,0.9631682323,0.9601654086,-0.9629920606,-0.9625000034,-0.9625041887,-0.9625101215,-0.9625189708	ok
-1.03507014	-29.36873747	-47.01807868	0.7978616048	continued:5	1,-1,-1,-1,-1,-1,1,1	-1,1,1,1,1,1,1,1	7822.656971,16910.38174,29932.24784,43050.31131,56407.22156,67824.91749,77194.06414,89646.48223	5225.517025,17834.92925,31142.62239,43427.078,55926.20482,68425.95028,80926.35899,93427.47621	0.9600083034,-0.962515239,-0.9625338883,-0.9625733287,-0.9627120215,-0.9600860625,0.9626561579,0.9625744057	-0.9622796284,0.9630720001,0.9628898108,0.9623764447,0.9623767009,0.9623769736,0.9623772628,0.9623775683	ok
-1.03306613	-29.36873747	-47.49518666	0.7960713615	continued:5	1,-1,1,-1,1,1,1,1	-1,1,1,1,1,1,1,1	7977.36451,17525.64467,28862.93816,38622.64292,49161.01553,62755.84442,75699.52919,89202.47123	5225.808385,17799.39076,30574.37444,43632.31024,56825.8337,70438.16193,83811.3019,96729.89035	0.960124306,-0.9627582401,0.9618620684,-0.9633603375,0.9625963087,0.9630169017,0.962583437,0.9628504849	-0.9622676736,0.9629899299,0.9625119959,0.9625370338,0.9625992655,0.9630693614,0.9630131771,0.9625713069	ok
-1.03106212	-29.36873747	-47.93262807	0.7950287890	continued:5	-1,1,1,1,1,1,1,1	-1,1,1,1,1,1,1,1	8121.653018,17776.89636,29973.69302,43532.30504,56086.32112,68836.45938,81565.93815,94274.78584	5226.101535,17761.30006,30237.47355,42910.22542,55565.45573,68204.84512,80830.13323,93443.01196	-0.9602452191,0.9636872614,0.9625809224,0.9629366055,0.9624309032,0.9624255075,0.9624199067,0.9624143784	-0.9622557167,0.9629191367,0.9624099021,0.9624049398,0.9624003843,0.9623962709,0.9623926027,0.9623893609	ok
-1.02905812	-29.36873747	-48.32560085	0.7943205851	continued:5	1,1,-1,-1,-1,-1,-1,-1	-1,1,1,1,1,1,1,1	4.806471105,8297.43341,17030.16748,27344.94103,40028.96372,52691.91099,65335.76924,77962.70113	5226.396468,17722.18839,30002.70018,42499.02332,54997.12842,67496.94194,79998.38188,92501.36038	0.9611381988,0.9603664781,-0.9613836433,-0.9624024329,-0.9623965124,-0.9623911157,-0.9623861325,-0.9623817714	-0.9622437575,0.9628572567,0.9623438933,0.9623445707,0.9623452138,0.9623458206,0.9623463901,0.962346922	ok
-1.02705411	-29.36873747	-48.67425289	0.7941534008	full	-1,1,-1,1,-1,1,-1,1	-1,1,-1,-1,-1,-1,-1,-1	8351.342247,17179.18239,26034.04365,34864.54345,43715.34988,52547.44414,61396.02715,70229.26529	5226.693177,17682.95132,29277.67597,42064.42937,54825.90078,67560.8159,80269.10267,92951.82005	-0.9604909688,0.9605025191,-0.9604921235,0.960500996,-0.9604926525,0.9604999741,-0.9604933557,0.9604994139	-0.9622317962,0.9628024541,-0.9624193975,-0.9624128516,-0.9624058188,-0.9623986023,-0.9623915138,-0.9623848167	ok
-1.02505010	-29.36873747	-42.37909688	0.8142457030	continued:5	1,1,1,1,1,1,-1,-1	-1,1,-1,1,-1,1,1,-1	9112.781487,20883.47625,31528.72506,44761.98434,58006.56975,70426.83596,82286.11346,93221.6346	5226.991655,17644.11418,29778.46881,41170.99274,51547.84433,63067.10066,75036.78033,87134.94587	0.9626307454,0.9611165415,0.9625025009,0.9625819001,0.9636536552,0.9627154855,-0.963258895,-0.9623283794	-0.9622198327,0.9627533254,-0.9626979617,0.9618073776,-0.9631537126,0.9630240709,0.9631624317,-0.9636535372	ok
-1.02304609	-29.36873747	-43.38618358	0.8114523541	continued:5	1,1,-1,1,1,1,-1,-1	-1,1,-1,-1,-1,-1,-1,-1	9454.108505,22612.2885,34006.48209,43641.54139,56776.16287,70178.13287,82239.03098,93946.24811	5227.291894,17605.98294,29894.22893,41766.39922,54585.25881,67375.90167,80135.1933,92861.69733	0.9629939114,0.9626809229,-0.9616966422,0.9624748941,0.9625182789,0.9627047243,-0.9635206082,-0.9624533603	-0.962207867,0.9627087966,-0.9636480974,-0.9624066068,-0.9623994566,-0.9623912989,-0.9623825233,-0.9623736239	ok
-1.02104208	-29.36873747	-44.17087837	0.8086590052	continued:5	1,1,1,1,1,1,1,1	-1,1,-1,1,-1,-1,-1,-1	8921.165283,20889.18421,33438.4968,43574.47851,53929.94942,66645.84484,79327.03126,91976.53607	5227.593886,17568.73143,29009.65218,38843.58526,49314.54705,62613.41297,74403.73289,84769.14113	0.9634852622,0.9625761409,0.9629193801,0.9613041944,0.9623691698,0.9623595082,0.9623503081,0.9623422067	-0.9621958991,0.96266804,-0.9618520159,0.9633089464,-0.9624925691,-0.9626078746,-0.9612956447,-0.9623722551	ok
-1.01903808	-29.36873747	-44.85216406	0.8058656564	continued:5	1,1,1,1,1,1,1,1	-1,1,-1,-1,-1,-1,1,1	8131.383959,17609.26554,28337.65451,41862.72175,54431.5437,67178.34952,79886.23227,92557.04364	5227.897626,17532.45268,28975.76162,39585.32089,52715.26122,66101.42846,78211.32018,89656.39193	0.9619813059,0.9610264781,0.9625160378,0.9628773085,0.9623670332,0.9623564554,0.9623459802,0.9623363321	-0.962183929,0.9626304112,-0.9611020033,-0.9624534901,-0.9624956615,-0.9626761618,0.9635285207,0.9623457643	ok
-1.01703407	-29.36873747	-45.47172487	0.8030723075	continued:5	1,1,1,1,1,1,1,1	-1,1,1,1,1,1,1,1	7900.920352,18165.80124,30780.39106,43368.18241,55934.49544,68483.87516,81020.0062,93545.78858	5228.203105,17497.18984,29167.85532,39552.80023,52296.38845,64998.06346,77660.27726,90287.70191	0.96135799,0.9623189309,0.9623106036,0.9623039151,0.96229846,0.9622941067,0.9622905899,0.9622879015	-0.9621719568,0.9625954031,0.9612558105,0.962355744,0.9623442205,0.9623329729,0.96232272,0.9623138631	ok
-1.01503006	-29.36873747	-46.04724815	0.8002789586	continued:5	1,1,1,1,1,1,1,1	-1,1,1,1,1,1,1,1	7902.932887,18200.65005,30844.71562,43454.12069,56035.27138,68594.0899,81135.55811,93663.64626	5228.510316,17462.95519,29495.71182,39131.04036,49358.498,61934.82779,74489.87829,87028.43152	0.9613172286,0.962317125,0.9623068062,0.9622979521,0.9622908916,0.962285296,0.9622808068,0.9622773117	-0.9621599823,0.9625626118,0.9619863698,0.9613806926,0.962296457,0.9622896523,0.9622842559,0.9622800141	ok
-1.01302605	-29.36873747	-46.58647479	0.7974856097	continued:5	-1,-1,-1,-1,-1,-1,-1,-1	-1,1,1,1,1,1,1,1	8035.032399,18173.51579,30667.10407,43156.68929,55643.16416,68127.21045,80609.35251,93089.9959	5228.819253,17429.74194,30019.93118,41434.93595,54534.08699,67822.40414,79591.11849,89783.4868	-0.9614572064,-0.9622583312,-0.9622568627,-0.9622557798,-0.9622548499,-0.9622541998,-0.9622536362,-0.9622531609	-0.9621480057,0.9625317124,0.9630668924,0.9624170146,0.9624503587,0.9625680075,0.9615780358,0.9621965261	ok
-1.01102204	-29.36873747	-47.09254915	0.7950266294	continued:5	-1,1,1,1,1,1,1,1	-1,1,1,1,-1,-1,1,1	8215.679141,17590.12902,30191.00917,42760.44023,55305.65259,67832.57101,80345.77416,92848.69781	5229.129909,17397.53172,30736.07834,41941.088,51472.64925,61096.73873,70475.68381,83087.59028	-0.9616081469,0.9622831395,0.9622731355,0.962265355,0.9622592731,0.9622545413,0.9622509637,0.9622482735	-0.9621360269,0.9625024408,0.9635505566,0.9619043142,-0.9619550421,-0.9616100436,0.9622864642,0.9622759197	ok
-1.00901804	-29.36873747	-47.56345270	0.7932363861	continued:5	-1,1,1,1,1,1,1,1	-1,1,1,-1,-1,-1,-1,-1	8399.800757,18673.7695,31035.62858,43583.62867,56110.48039,68621.66522,81121.27281,93612.30139	5229.442276,17366.29935,30902.6327,43179.34958,55544.96652,68746.4748,82140.22314,94299.78064	-0.9617638956,0.9627753283,0.9622556801,0.962248623,0.9622432988,0.962239239,0.9622362264,0.9622339328	-0.9621240459,0.9624745801,0.9630564586,-0.9635010922,-0.9624156363,-0.96248948,-0.96348623,-0.9623333361	ok
-1.00701403	-29.36873747	-47.99412534	0.7919871625	continued:5	1,-1,-1,-1,-1,-1,-1,-1	-1,1,1,1,1,1,1,1	8598.492337,18259.19365,28086.55121,38280.45721,48762.01872,61177.33906,73599.50539,86028.24218	5229.756347,17336.01595,30796.11698,43176.78987,55736.71247,68270.13634,80784.06836,93283.78181	0.961924444,-0.9619636373,-0.9620064261,-0.9625765144,-0.9621949234,-0.9621983046,-0.9622014548,-0.9622039858	-0.9621120628,0.9624479507,0.9627698614,0.9622490507,0.9622403097,0.9622336966,0.9622287562,0.9622250789	ok
-1.00501002	-29.36873747	-48.38179166	0.7914856097	continued:5	1,1,1,1,1,1,1,1	-1,1,1,-1,1,1,1,1	7.884512101,8783.392867,20265.07794,32375.39812,44901.90032,57408.66406,69901.2241,82383.55685	5230.072116,17306.65089,30668.01472,42801.44093,54694.71387,66376.61005,79141.15817,91753.35648	0.9604642972,0.9620865606,0.9631570079,0.9622274815,0.9622207223,0.9622157138,0.9622120082,0.9622093993	-0.9621000774,0.9624224024,0.9626166934,-0.9625604881,0.9629007949,0.963500987,0.9628144275,0.9623017536	ok
-1.00300601	-29.36873747	-48.72304910	0.7913184255	full	-1,-1,-1,-1,-1,-1,-1,-1	-1,1,1,-1,-1,-1,-1,-1	8871.893321,19928.37018,33074.55175,46530.55798,59032.00579,71687.43434,84289.60583,96849.67912	5230.389575,17278.17312,30549.29367,42402.33775,53433.06932,66512.71426,79748.57234,92025.71226	-0.9622515227,-0.9623755164,-0.9624288223,-0.9627793924,-0.9622579338,-0.9622415861,-0.9622281169,-0.9622177428	-0.9620880899,0.9623978088,0.9625196051,-0.9622621095,-0.9623626241,-0.9623917551,-0.9624904143,-0.9627362981	ok
-1.00100200	-29.36873747	-40.63200787	0.8137609481	continued:5	1,1,1,1,1,1,1,1	-1,1,1,1,1,-1,-1,-1	8563.679455,21315.98835,34002.32646,46627.69327,59202.95271,71740.29156,84250.28795,96741.00946	5230.708718,17250.55196,30442.3811,43704.49861,55118.01788,64959.86028,77347.64331,89741.7944	0.9622752736,0.9622565936,0.9622383979,0.962222617,0.9622100923,0.9622007795,0.9621940017,0.9621892052	-0.9620761002,0.9623740628,0.9624503969,0.963497208,0.9625862603,-0.962148607,-0.962153566,-0.9621582672	ok
-0.99899800	-29.36873747	-42.49250979	0.8109675992	continued:5	1,1,-1,1,-1,-1,-1,-1	-1,1,1,1,-1,-1,-1,-1	8935.570698,22219.31135,34377.61735,45035.84245,55468.91324,66299.04761,78680.64311,91061.09379	5231.029538,17223.75763,30345.8958,43725.95123,55240.16954,67630.23558,80029.12311,92436.54396	0.9623805809,0.9625208649,-0.9632891771,0.9627660602,-0.9631747093,-0.9621283566,-0.9621329145,-0.9621381963	-0.9620641084,0.9623510728,0.9623970249,0.9626418238,-0.9621415797,-0.9621465234,-0.9621507033,-0.9621540488	ok
-0.99699399	-29.36873747	-43.48432665	0.8081742504	continued:5	1,-1,-1,-1,-1,-1,-1,-1	-1,1,1,1,1,-1,-1,1	9224.707272,21670.92456,34173.82959,46821.85199,59409.48528,71950.6623,84458.53223,96943.35911	5231.352028,17197.76157,30258.15375,43444.97435,56617.98179,67737.99957,80996.45906,93049.96185	0.9625441477,-0.9627488645,-0.9622246131,-0.9622057425,-0.9621905552,-0.9621791676,-0.9621709747,-0.9621652553	-0.9620521143,0.9623287602,0.9623535322,0.9624319779,0.9634981754,-0.9623665065,-0.9624917404,0.9629187178	ok
-0.99498998	-29.36873747	-44.26547160	0.8053809015	continued:5	1,-1,-1,-1,-1,-1,-1,-1	-1,1,1,1,1,1,1,1	9447.652955,21369.07565,32919.50564,46304.95098,58252.85963,69213.66863,81716.00996,94194.79703	5231.676182,17172.53663,30177.72262,43227.50094,56387.37331,69825.55307,81895.86867,94381.64544	0.9629295884,-0.9629357947,-0.9624115286,-0.9632606605,-0.9630926902,-0.9621667507,-0.9621582884,-0.9621525084	-0.9620401181,0.9623070572,0.9623166357,0.9623387184,0.9624053,0.9630964953,0.9621608154,0.9621541822	ok
-0.99298597	-29.36873747	-44.94564268	0.8025875526	continued:5	1,1,1,1,1,1,1,1	-1,1,1,1,1,1,1,1	9187.50391,20604.28874,32972.56013,45350.31762,57738.45894,70135.71086,82540.1939,94950.12396	5232.001992,17148.05712,30103.46084,43052.25657,55988.97805,68904.39848,81784.45032,94611.21377	0.9634853373,0.962099005,0.9621054463,0.9621110806,0.9621154384,0.9621187026,0.9621209726,0.9621227075	-0.9620281198,0.9622859043,0.9622843748,0.9622815558,0.9622765053,0.9622678966,0.9622543846,0.9622356444	ok
-0.99098196	-29.36873747	-45.56411488	0.7997942037	continued:5	1,1,1,1,1,1,1,1	-1,1,1,1,1,1,1,1	8810.679919,20638.94119,33984.08442,46131.96383,58493.11323,70863.43473,83244.72213,95635.80611	5232.329452,17124.29894,30034.46726,42905.0434,55716.78365,68453.52767,81110.66166,93697.17912	0.9633374842,0.9623547789,0.9626030279,0.9620844031,0.9620914041,0.9620975621,0.9621023182,0.9621058674	-0.9620161192,0.9622652504,0.9622555039,0.9622403538,0.9622198324,0.9621964809,0.9621743183,0.9621562504	ok
-0.98897796	-29.36873747	-46.13768944	0.7970008549	continued:5	1,1,1,1,1,1,1,1	-1,1,1,1,1,1,1,1	8829.927409,20681.91117,34086.15588,47256.11106,59252.71671,71682.03134,84106.11152,96526.72475	5232.658555,17101.23948,29970.0261,42777.66298,55507.35895,68155.03628,80731.0754,93253.03152	0.9633240802,0.9623641923,0.9628471809,0.9630478464,0.9621081969,0.9621061804,0.962104763,0.9621037886	-0.9620041165,0.9622450497,0.9622291923,0.9622076729,0.9621833476,0.9621605802,0.9621423391,0.9621291434	ok
-0.98697395	-29.36873747	-46.67378957	0.7942075060	continued:5	-1,-1,-1,-1,-1,-1,-1,-1	-1,1,1,1,1,1,1,1	9035.29222,20178.58771,32569.21247,44965.47761,57365.68419,69768.59896,82173.35609,94579.35886	5232.989295,17078.85765,29909.56256,42665.06761,55335.60121,67927.60493,80458.31264,92946.28462	-0.963399428,-0.9620817176,-0.9620841982,-0.962085926,-0.9620869905,-0.9620877844,-0.9620882949,-0.9620887254	-0.9619921116,0.9622252625,0.9622048639,0.9621801091,0.9621554994,0.9621350083,0.9621199416,0.9621096075	ok
-0.98496994	-29.36873747	-47.17553229	0.7917485256	continued:5	1,1,1,1,1,1,1,1	-1,1,1,1,1,1,1,1	9285.989628,21498.04062,33194.23112,45581.66446,57974.34917,70370.63316,82769.34836,95169.69166	5233.321665,17057.13387,29852.60944,42563.94632,55189.09924,67741.82498,80242.05559,92707.40452	0.9634409045,0.9633071665,0.9620700321,0.9620723473,0.9620739126,0.9620748836,0.9620755728,0.9620760309	-0.9619801046,0.9622058535,0.962182106,0.9621558769,0.9621322035,0.9621139792,0.9621012655,0.9620928157	ok
-0.98296593	-29.36873747	-47.64105043	0.7901649335	continued:5	-1,-1,-1,-1,-1,-1,-1,-1	-1,1,1,1,1,1,1,1	9505.797035,21070.09587,33545.83049,45993.06676,58422.43294,70840.61472,83251.7513,95658.4138	5233.655658,17036.04996,29798.78252,42472.01283,55060.79665,67583.62623,80061.12076,92509.46394	-0.9634386023,-0.9620948165,-0.9620840342,-0.9620770951,-0.9620726722,-0.9620698348,-0.9620679463,-0.9620668108	-0.9619680954,0.9621867909,0.9621606148,0.9621339458,0.9621116309,0.9620953988,0.9620844783,0.9620773793	ok
-0.98096192	-29.36873747	-48.06370003	0.7889157099	continued:5	1,-1,1,1,1,1,1,1	-1,1,1,1,1,1,1,1	9742.241556,21838.34953,33398.60931,46685.92161,58856.16483,71394.89918,83880.26036,96331.08035	5233.991269,17015.58914,29747.76234,42387.62229,54946.28836,67445.14662,79904.51418,92339.10055	0.9633964145,-0.9632318827,0.9623377092,0.963045806,0.9621068802,0.9620879703,0.9620750899,0.9620667359	-0.961956084,0.9621680467,0.9621401612,0.9621136776,0.9620928325,0.9620783113,0.9620688046,0.9620627316	ok
-0.97895792	-29.36873747	-48.44311543	0.7884141571	continued:5	1,1,1,1,1,1,1,1	-1,1,1,1,1,1,1,1	11.61582058,9942.082953,22006.59403,34672.28886,47249.33941,59758.25161,72221.43154,84655.94964	5234.32849,16995.73601,29699.28065,42309.55137,54842.63415,67321.53047,79765.76843,92188.67439	0.9610505144,0.9633240987,0.9621381046,0.9621097086,0.9620861811,0.9620694737,0.9620585,0.9620515254	-0.9619440705,0.9621495958,0.9621205696,0.9620946544,0.9620752636,0.962062213,0.9620538538,0.9620485928	ok
-0.97695391	-29.36873747	-48.77614599	0.7882469728	full	1,-1,1,1,1,1,1,1	-1,1,1,1,1,1,1,1	21.52886718,10019.14709,20969.50702,33502.72666,45979.00018,58419.06817,70837.0802,83241.7823	5234.667315,16976.47645,29653.11019,42236.86511,54747.77047,67209.56031,79640.74398,92053.39146	0.9996418305,-0.9632346518,0.9620844643,0.9620639772,0.9620502879,0.9620415647,0.9620362292,0.962032828	-0.9619320548,0.9621314153,0.9621017024,0.962076591,0.9620585878,0.9620468104,0.9620394047,0.9620348059	ok
-0.97494990	-29.36873747	-40.92256486	0.8104831792	continued:5	1,1,1,1,1,1,1,1	-1,1,1,1,1,1,1,1	8482.544819,21078.52283,33595.51143,46058.50965,58487.91043,70897.14892,83294.35882,95684.35016	5235.007737,16957.79763,29609.05688,42168.83252,54660.19129,67106.98979,79526.62481,91930.03779	0.9620956386,0.9620684997,0.9620487725,0.9620358354,0.9620276865,0.9620227725,0.962019768,0.9620178082	-0.961920037,0.9621134849,0.9620834503,0.9620592849,0.9620425845,0.9620319197,0.9620253215,0.9620212751	ok
-0.97294589	-29.36873747	-42.61415988	0.8076898303	continued:5	1,1,1,1,1,1,1,1	-1,1,1,1,1,1,1,1	8784.253279,21649.91167,34447.50375,47151.22786,59754.47485,72274.08923,84736.0553,97162.27312	5235.349751,16939.68799,29566.9538,42104.87108,54578.76253,67012.18591,79421.40469,91816.34927	0.9621658031,0.9621471226,0.9621197265,0.9620879213,0.9620592786,0.9620381068,0.9620243364,0.9620156579	-0.961908017,0.9620957859,0.9620657254,0.9620425887,0.9620271027,0.9620174192,0.9620115153,0.9620079378	ok
-0.97094188	-29.36873747	-43.58920376	0.8048964815	continued:5	1,1,1,1,1,1,1,1	-1,1,1,1,1,1,1,1	9014.123233,22238.62737,34527.36693,46975.41093,59390.76517,71786.97291,84172.01388,96550.49894	5235.69335,16922.13719,29526.65652,42044.50901,54502.60814,66923.9228,79323.60164,91710.6682	0.9622584436,0.9625579452,0.9620225099,0.9620096714,0.9620018456,0.9619970846,0.9619942668,0.9619925431	-0.9618959948,0.9620783015,0.9620484562,0.9620263919,0.9620120354,0.9620032243,0.9619979249,0.961994751	ok
-0.96893788	-29.36873747	-44.36557693	0.8021031326	continued:5	1,-1,-1,-1,-1,-1,-1,-1	-1,1,1,1,1,1,1,1	9203.723957,20825.43929,33582.65963,46236.56988,58790.90587,71270.29018,83701.73978,96104.84026	5236.038527,16905.13612,29488.03941,41987.35881,54431.03691,66841.25583,79232.08862,91611.74296	0.9624046226,-0.9621161408,-0.9620843809,-0.9620512508,-0.9620242557,-0.9620058512,-0.9619943673,-0.9619876196	-0.9618839706,0.9620610162,0.9620315836,0.9620106101,0.9619973037,0.9619892745,0.961984507,0.9619816839	ok
-0.96693387	-29.36873747	-45.04364184	0.7993097837	continued:5	1,1,1,1,1,1,1,1	-1,1,1,1,1,1,1,1	9308.164035,21762.0738,34326.56793,46810.18495,59241.50007,71641.98032,84024.83329,96397.62841	5236.385276,16888.67691,29450.99269,41933.09846,54363.49363,66763.44118,79145.9878,91518.60449	0.9625850879,0.962044712,0.9620156016,0.9619956212,0.9619830884,0.9619757354,0.9619713296,0.9619687535	-0.9618719441,0.9620439159,0.9620150588,0.9619951775,0.9619828488,0.9619755247,0.9619712291,0.9619687139	ok
-0.96492986	-29.36873747	-45.66015788	0.7965164348	continued:5	1,1,-1,-1,-1,-1,-1,-1	-1,1,1,1,1,1,1,1	9333.163484,22236.20589,34293.0817,47436.00429,59949.3965,72569.29085,85091.05204,97543.41385	5236.733592,16872.75293,29415.42013,41881.45754,54299.52563,66689.88249,79064.60181,91430.48675	0.9626847092,0.9623430023,-0.9622388893,-0.9625908102,-0.9620534933,-0.9620195023,-0.9619935611,-0.9619768359	-0.9618599155,0.9620269876,0.9619988404,0.961980042,0.9619686252,0.9619619408,0.9619580669,0.9619558237	ok
-0.96292585	-29.36873747	-46.23100079	0.7937230860	continued:5	1,1,-1,-1,-1,-1,-1,-1	-1,1,1,1,1,1,1,1	9364.226119,22225.08157,34959.32995,47410.35249,59967.81326,72441.14354,84860.82861,97249.53425	5237.083467,16857.35879,29381.23714,41832.20701,54238.75901,66620.09421,78987.36727,91346.77352	0.9626659181,0.9622805111,-0.9625645519,-0.9620222762,-0.9619915341,-0.9619705833,-0.9619577064,-0.961950374	-0.9618478847,0.9620102196,0.9619828935,0.9619651619,0.9619545973,0.9619484963,0.9619450014,0.9619429999	ok
-0.96092184	-29.36873747	-46.76327112	0.7909297371	continued:5	1,1,1,1,1,1,1,1	-1,1,1,1,1,1,1,1	9454.666027,22129.21326,34984.72946,47774.57601,60465.11898,73043.6123,85529.09018,97953.32407	5237.434895,16842.49043,29348.36922,41785.15141,54180.88162,66553.67593,78913.82262,91266.96176	0.9626114334,0.9621069354,0.9620875528,0.9620568709,0.9620196063,0.9619859823,0.9619622307,0.9619475061	-0.9618358518,0.9619936004,0.9619671887,0.9619505029,0.9619407368,0.9619351703,0.9619320176,0.961930232	ok
-0.95891784	-29.36873747	-47.26006681	0.7886774079	continued:5	-1,-1,-1,-1,-1,-1,-1,-1	-1,1,1,1,1,1,1,1	9559.059681,22063.4287,34669.58505,47173.20239,59605.82122,71996.51484,84364.01207,96718.8549	5237.787871,16828.14513,29316.75079,41740.12293,54125.63039,66490.29374,78843.5852,91190.63571	-0.9625593432,-0.9620193471,-0.9619827303,-0.9619554526,-0.9619382072,-0.9619282617,-0.9619226495,-0.9619194703	-0.9618238168,0.9619771201,0.9619517001,0.9619360369,0.9619270206,0.9619219458,0.9619191036,0.9619175115	ok
-0.95691383	-29.36873747	-47.71778663	0.7868871646	continued:5	1,1,1,1,1,1,1,1	-1,1,1,1,1,1,1,1	9683.311342,22051.46351,34534.34486,46951.49664,59330.88173,71689.70063,84037.41829,96379.10748	5238.142388,16814.32163,29286.32417,41696.97681,54072.78197,66429.66666,78776.33451,91117.4481	0.9625115844,0.9619649505,0.9619390775,0.9619232548,0.9619143283,0.9619092633,0.9619064909,0.9619050113	-0.9618117796,0.9619607689,0.9619364057,0.9619217407,0.96191343,0.961908809,0.9619062495,0.9619048314	ok
-0.95490982	-29.36873747	-48.13407116	0.7858445921	continued:5	1,1,1,1,1,1,1,1	-1,1,1,1,1,1,1,1	9793.357729,22051.1003,34458.11356,46829.26368,59181.12826,71522.68987,83858.71115,96191.7305	5238.49844,16801.02017,29257.03873,41655.58771,54022.14548,66371.55642,78711.7999,91047.10631	0.9624671888,0.9619248617,0.961909575,0.9619011309,0.9618963994,0.9618938391,0.9618923442,0.9618916104	-0.9617997403,0.9619445377,0.9619212864,0.9619075944,0.9618999496,0.9618957487,0.9618934474,0.961892186	ok
-0.95290581	-29.36873747	-48.50491051	0.7853430393	continued:5	1,1,1,1,1,1,1,1	-1,1,1,1,1,1,1,1	15.81729871,9905.627726,22073.05025,34426.64729,46766.67891,59099.51788,71428.51341,83755.4417	5238.856022,16788.24265,29228.85037,41615.84693,53973.55708,66315.7597,78649.75121,90979.362	0.9620498582,0.9624256947,0.9618917769,0.9618855599,0.9618822692,0.9618803993,0.9618794267,0.9618788564	-0.9617876988,0.9619284182,0.9619063252,0.9618935814,0.961886566,0.9618827553,0.9618806903,0.9618795707	ok
-0.95090180	-29.36873747	-48.82948459	0.7851758551	full	1,-1,-1,-1,-1,-1,-1,-1	-1,1,1,1,1,1,1,1	33.4939541,9913.441536,22008.79812,34321.16259,46636.83662,58954.30907,71272.7535,83591.72183	5239.215126,16775.99279,29201.72091,41577.66015,53926.87564,66262.10226,78589.99172,90914.00324	0.9981567652,-0.9623870831,-0.9618623729,-0.9618639087,-0.9618648723,-0.9618652724,-0.9618656163,-0.9618656487	-0.9617756552,0.9619124023,0.9618915071,0.9618796876,0.9618732683,0.9618698208,0.9618679726,0.9618669814	ok
-0.94889780	-29.36873747	-41.22193071	0.8072844085	continued:5	1,1,1,1,1,1,1,1	-1,1,1,1,1,1,1,1	8411.019046,20885.31372,33286.28358,45646.04515,57984.19498,70311.1577,82632.29929,94950.38928	5239.575746,16764.27629,29175.61786,41540.94567,53881.97946,66210.43434,78532.35266,90850.84844	0.9619219204,0.9618921286,0.9618743292,0.9618645605,0.9618593167,0.9618565523,0.9618551699,0.961854287	-0.9617636094,0.9618964824,0.9618768191,0.9618659003,0.9618600471,0.9618569383,0.9618552895,0.9618544148	ok
-0.94689379	-29.36873747	-42.75925180	0.8044910596	continued:5	1,1,1,1,1,1,1,1	-1,1,1,1,1,1,1,1	8656.303667,21290.9757,33805.97703,46229.61124,58598.85913,70939.26206,83264.85602,95582.84641	5239.937878,16753.10114,29150.51407,41505.6331,53838.76366,66160.62708,78476.68903,90789.74165	0.9619715384,0.9619277117,0.9618916014,0.9618685494,0.9618556508,0.9618487443,0.961845009,0.9618431266	-0.9617515615,0.9618806509,0.9618622494,0.961852209,0.961846894,0.961844102,0.9618426369,0.9618418679	ok
-0.94488978	-29.36873747	-43.71085794	0.8016977107	continued:5	1,1,1,1,1,1,1,1	-1,1,1,1,1,1,1,1	8836.777934,21664.9108,34446.55986,47141.00885,59715.59803,72178.83146,84567.74682,96915.63576	5240.301515,16742.47784,29126.38772,41471.66226,53797.13819,66112.56982,78422.87626,90730.549	0.9620311947,0.9620142001,0.9619834043,0.9619404391,0.961897758,0.961867074,0.9618489511,0.9618392624	-0.9617395115,0.9618649009,0.9618477871,0.9618386043,0.9618338022,0.9618313069,0.9618300113,0.9618293384	ok
-0.94288577	-29.36873747	-44.47841016	0.7989043618	continued:5	1,1,-1,-1,-1,-1,-1,-1	-1,1,1,1,1,1,1,1	8968.806201,21813.90578,33366.06155,45966.888,58449.18326,70846.82226,83196.51612,95521.56768	5240.666651,16732.41985,29103.22228,41438.9825,53757.02628,66066.16793,78370.80776,90673.15584	0.9621052742,0.9622305942,-0.9619407109,-0.9618956461,-0.9618608229,-0.9618397785,-0.9618284802,-0.9618225418	-0.9617274594,0.9618492254,0.9618334229,0.9618250778,0.9618207654,0.9618185484,0.9618174094,0.9618168242	ok
-0.94088176	-29.36873747	-45.15140835	0.7961110129	continued:5	1,-1,-1,1,1,1,-1,-1	-1,1,1,1,1,1,1,1	9034.280098,21153.12769,34009.8896,46004.78013,58880.10654,71745.83168,83878.18942,96724.3662	5241.03328,16722.94407,29081.00669,41407.55218,53718.36337,66021.34126,78320.39298,90617.46465	0.9621675171,-0.9620813825,-0.9621774269,0.9620464882,0.9620773557,0.9621663548,-0.9620853003,-0.9621871726	-0.9617154051,0.9618336175,0.9618191478,0.9618116223,0.9618077783,0.9618058229,0.9618048288,0.9618043234	ok
-0.93887776	-29.36873747	-45.76356202	0.7933176641	continued:5	1,-1,-1,-1,-1,-1,-1,-1	-1,1,1,1,1,1,1,1	9054.500458,20792.91852,33506.99951,46109.61233,58590.32511,70981.67732,83322.47187,95637.66356	5241.401396,16714.07144,29059.73568,41377.33845,53681.09634,65978.02305,78271.55604,90563.39349	0.9621848483,-0.9619647089,-0.9619228392,-0.961875544,-0.9618384032,-0.9618158082,-0.9618038637,-0.9617976195	-0.9617033486,0.9618180704,0.9618049538,0.9617982311,0.9617948358,0.9617931268,0.961792267,0.9617918344	ok
-0.93687375	-29.36873747	-46.32961758	0.7905243152	continued:5	1,-1,-1,-1,-1,-1,-1,-1	-1,1,1,1,1,1,1,1	9089.954278,20873.91404,33604.77961,46235.8026,58742.07625,71147.31203,83492.61856,95807.2911	5241.770993,16705.82773,29039.41025,41348.31732,53645.18317,65936.1592,78224.23484,90510.87496	0.9621666654,-0.9619633982,-0.9619246799,-0.9618762592,-0.9618346134,-0.9618080212,-0.9617936999,-0.9617863091	-0.9616912901,0.9618025771,0.9617908334,0.9617848981,0.9617819337,0.9617804572,0.961779722,0.9617793558	ok
-0.93486974	-29.36873747	-46.85627581	0.7877309663	continued:5	-1,1,1,1,1,1,1,1	-1,1,1,1,1,1,1,1	9186.431034,21110.04689,33901.52398,46664.3712,59361.06447,71945.30149,84407.36044,96782.0467	5242.142066,16698.24462,29020.03849,41320.47399,53610.59289,65895.70804,78178.38066,90459.85564	-0.962140405,0.9619852045,0.9619702361,0.9619418336,0.9618976563,0.9618488162,0.9618114724,0.9617893836	-0.9616792294,0.9617871306,0.9617767795,0.9617716181,0.9617690683,0.9617678113,0.9617671918,0.9617668865	ok
-0.93286573	-29.36873747	-47.34658901	0.7853997034	continued:5	1,-1,-1,-1,1,-1,-1,1	-1,1,1,1,1,1,1,1	9305.664671,21361.34182,34163.2979,46943.69938,59478.96487,71607.6064,84391.4656,96958.04405	5242.514609,16691.36101,29001.63659,41293.8036,53577.30604,65856.64052,78133.95815,90410.29609	0.9621149314,-0.962004032,-0.9620239744,-0.9620702046,0.9621087174,-0.9620222514,-0.9620664261,0.9621120221	-0.9616671666,0.9617717235,0.9617627853,0.9617583859,0.9617562359,0.9617551868,0.961754675,0.9617544254	ok
-0.93086172	-29.36873747	-47.79783442	0.7838161113	continued:5	-1,1,1,-1,1,1,-1,-1	-1,1,1,1,1,1,1,1	9415.33315,21589.56237,34331.47197,46807.43853,59101.75824,71708.61109,83883.85004,96625.03657	5242.888616,16685.22485,28984.2304,41268.31235,53545.31556,65818.94094,78090.946,90362.17132	-0.9620901849,0.9620175699,0.9620614042,-0.9620795557,0.9620449977,0.9620901631,-0.9620178091,-0.9620618406	-0.9616551016,0.9617563479,0.9617488442,0.961745197,0.9617434334,0.9617425815,0.9617421701,0.9617419715	ok
-0.92885772	-29.36873747	-48.20523119	0.7827735388	continued:5	1,-1,-1,1,1,-1,-1,1	-1,1,1,1,1,1,1,1	9531.818182,21808.2404,34443.919,46750.34983,59347.863,71627.23295,84259.35033,96561.75053	5243.264081,16679.89559,28967.85755,41244.01938,53514.62833,65782.60836,78049.33823,90315.47206	0.9620663403,-0.9620238427,-0.9620635185,0.96203003,0.9620660271,-0.9620245456,-0.9620639017,0.9620292482	-0.9616430346,0.9617409952,0.96173495,0.9617320468,0.9617306576,0.9617299934,0.9617296759,0.9617295241	ok
-0.92685371	-29.36873747	-48.56717094	0.7822719860	continued:5	1,1,-1,1,-1,1,-1,1	-1,1,1,1,1,1,1,1	20.54753826,9649.460841,22011.04957,34549.47102,46915.28478,59448.46612,71816.12687,84347.01455	5243.640998,16675.44762,28952.57047,41220.95937,53485.26766,65747.6589,78009.14636,90270.20694	0.9632315752,0.9620430133,-0.9620223271,0.9620425494,-0.9620230948,0.9620423665,-0.9620233825,0.9620423063	-0.9616309654,0.9617256562,0.9617210957,0.9617189311,0.9617179059,0.9617174206,0.9617171911,0.9617170824	ok
-0.92484970	-29.36873747	-48.88306236	0.7821048017	full	1,-1,1,-1,1,-1,1,-1	-1,1,1,1,1,1,1,1	43.00437875,9661.628143,22090.76638,34579.50816,47024.29857,59499.60051,71952.35732,84421.25578	5244.019363,16671.97499,28938.44072,41199.18657,53457.277,65714.12934,77970.403,90226.40585	0.9956931638,-0.9620203842,0.9620130174,-0.962018467,0.9620147855,-0.9620175156,0.9620155308,-0.9620169945	-0.9616188941,0.96171032,0.9617072748,0.9617058456,0.9617051756,0.9617048617,0.9617047146,0.9617046457	ok
-0.92284569	-29.36873747	-41.46519395	0.8040098523	continued:5	1,1,1,1,1,1,1,1	-1,1,1,1,1,1,1,1	8335.889737,20700.6371,33005.10765,45280.55752,57542.69714,69798.75168,82052.00929,94303.97582	5244.399168,16669.59845,28925.56533,41178.78064,53430.7256,65682.08263,77933.16721,90184.12547	0.9617487877,0.9617199197,0.9617053568,0.961698276,0.9616950825,0.9616935081,0.9616927749,0.9616924433	-0.9616068206,0.9616949741,0.9616934798,0.9616927861,0.9616924642,0.9616923148,0.9616922455,0.9616922134	ok
-0.92084168	-29.36873747	-42.89748155	0.8012165034	continued:5	1,1,1,1,1,1,1,1	-1,1,1,1,1,1,1,1	8537.049885,21002.16925,33361.67438,45660.65144,57930.70077,70187.59881,82438.53896,94686.76584	5244.780409,16668.47583,28914.07639,41159.85573,53405.71722,65651.61646,77897.53305,90143.4576	0.9617848111,0.9617368203,0.9617075293,0.9616928285,0.9616858521,0.9616825349,0.9616810374,0.961680343	-0.9615947451,0.9616796034,0.9616797026,0.9616797481,0.961679769,0.9616797786,0.961679783,0.9616797851	ok
-0.91883768	-29.36873747	-43.83006120	0.7984231546	continued:5	1,1,1,1,1,1,1,1	-1,1,1,1,1,1,1,1	8677.405054,21248.96294,33696.45929,46042.28168,58331.59387,70594.3557,82845.17052,95090.61927	5245.16308,16668.81821,28904.15597,41142.57456,53382.4039,65622.87686,77863.643,90104.54262	0.9618246841,0.961767846,0.9617207372,0.9616930672,0.9616792293,0.9616728734,0.9616698427,0.9616685908	-0.9615826674,0.9616641894,0.9616659335,0.9616667266,0.9616670873,0.9616672514,0.9616673261,0.96166736	ok
-0.91683367	-29.36873747	-44.59041628	0.7956298057	continued:5	1,1,1,1,1,1,1,1	-1,1,1,1,1,1,1,1	8766.496547,21414.92342,33994.90807,46454.03864,58805.36585,71094.54056,83354.34601,95601.02127	5245.547176,16670.91605,28896.06039,41127.17155,53361.00848,65596.08043,77831.71021,90067.59162	0.9618660217,0.9618215759,0.9617642263,0.9617139816,0.9616832614,0.961667983,0.9616608672,0.9616576939	-0.9615705876,0.9616487079,0.9616521608,0.9616537159,0.9616544163,0.9616547317,0.9616548739,0.9616549379	ok
-0.91482966	-29.36873747	-45.25918186	0.7928364568	continued:5	1,1,1,1,1,1,1,1	-1,1,1,1,1,1,1,1	8801.649929,21431.01081,34072.63069,46672.91909,59165.21351,71539.17778,83837.19591,96098.09554	5245.93269,16675.1839,28890.16187,41113.99253,53341.8635,65571.55289,77802.05672,90032.92463	0.9618914952,0.9618667638,0.9618269968,0.9617709665,0.9617153499,0.9616782681,0.9616590161,0.961649926	-0.9615585057,0.9616331265,0.9616383696,0.961640709,0.9616417523,0.9616422178,0.9616424255,0.9616425182	ok
-0.91282565	-29.36873747	-45.86747051	0.7900431079	continued:5	1,1,1,1,1,1,1,1	-1,1,1,1,1,1,1,1	8815.558069,21401.18538,34024.12811,46635.29472,59161.22898,71564.38846,83876.02083,96140.26463	5246.319618,16682.24197,28887.02487,41103.56776,53325.48266,65549.79989,77775.18412,90001.04106	0.9618911377,0.9618673211,0.961831903,0.9617795237,0.9617200943,0.9616755246,0.9616511031,0.9616395822	-0.9615464217,0.9616173993,0.9616245388,0.9616276967,0.9616290914,0.9616297076,0.96162998,0.9616301004	ok
-0.91082164	-29.36873747	-46.42906794	0.7872497591	continued:5	1,1,1,1,1,1,1,1	-1,1,1,1,1,1,1,1	8860.190466,21435.04757,34044.86455,46620.34555,59088.31787,71440.97102,83722.34973,95969.87314	5246.707953,16693.07886,28887.55889,41096.75824,53312.70429,65531.64924,77751.9152,89972.76119	0.9618749492,0.9618451572,0.9618014973,0.9617426944,0.9616865328,0.9616506778,0.9616326225,0.9616243939	-0.9615343355,0.961601457,0.9616106375,0.9616146655,0.9616164274,0.9616171984,0.961617536,0.9616176839	ok
-0.90881764	-29.36873747	-46.95035851	0.7844564102	continued:5	-1,-1,-1,-1,-1,-1,-1,-1	-1,1,1,1,1,1,1,1	8967.697026,21537.65787,34129.93813,46659.3168,59069.09545,71380.007,83638.0656,95872.39302	5247.097691,16709.41697,28893.363,41095.08628,53305.01566,65518.57257,77733.71449,89949.54621	-0.9618557245,-0.9618192343,-0.9617672773,-0.9617056301,-0.961656451,-0.9616287412,-0.9616156781,-0.9616099107	-0.9615222472,0.961585185,0.9615966149,0.961601594,0.9616037512,0.9616046862,0.9616050918,0.9616052679	ok
-0.90681363	-29.36873747	-47.43439602	0.7822040810	continued:5	1,1,1,1,1,1,1,1	-1,1,1,1,1,1,1,1	9088.672861,21651.13107,34221.44024,46707.42597,59073.83519,71357.08903,83599.52857,95824.18798	5247.488825,16734.68919,28907.65126,41101.62485,53305.42612,65513.55163,77723.55171,89934.36052	0.9618367763,0.9617942011,0.9617361608,0.9616752629,0.9616326781,0.961610773,0.9616007399,0.9615963999	-0.9615101569,0.9615683687,0.9615823754,0.9615884422,0.9615910461,0.961592164,0.9615926444,0.961592851	ok
-0.90480962	-29.36873747	-47.87791890	0.7806204888	continued:5	1,1,1,1,1,1,1,1	-1,1,1,1,1,1,1,1	9207.145763,21760.09932,34306.34929,46753.80809,59087.30744,71350.5978,83581.25434,95797.96302	5247.881352,16777.51556,28938.5665,41124.18954,53321.60395,65524.19165,77729.00526,89934.771	0.9618182125,0.9617700611,0.9617079362,0.9616494586,0.9616127536,0.9615946812,0.9615866372,0.9615832733	-0.9614980644,0.961550509,0.9615676937,0.9615751164,0.9615782729,0.9615796153,0.9615801869,0.9615804303	ok
-0.90280561	-29.36873747	-48.27724246	0.7797056338	continued:5	-1,-1,-1,-1,-1,-1,-1,-1	-1,1,1,1,1,1,1,1	9319.293107,21861.25738,34382.85429,46796.77488,59104.4912,71352.31703,83573.32426,95783.02729	5248.275264,16874.88731,29021.48423,41196.89751,53387.09422,65583.79332,77783.2728,89983.93193	-0.9617997784,-0.9617467846,-0.9616822097,-0.9616270585,-0.9615948183,-0.9615797436,-0.9615731187,-0.9615703658	-0.9614859699,0.9615297178,0.9615516955,0.961561251,0.9615652798,0.9615669769,0.9615676927,0.9615679948	ok
-0.90080160	-29.36873747	-48.62992265	0.7792040810	continued:5	1,1,1,1,1,1,1,1	-1,-1,-1,-1,-1,-1,-1,-1	25.89794455,9442.774998,21972.68641,34469.8842,46854.64343,59141.44863,71376.60141,83589.24598	5248.670557,17592.1166,29723.49011,41885.59863,54067.12036,66257.31453,78451.20315,90646.64769	0.9645184195,0.9617815688,0.9617243046,0.9616586172,0.9616067713,0.9615783673,0.9615654148,0.961559867	-0.9614738732,-0.9615042894,-0.9615333385,-0.9615464144,-0.961551893,-0.9615541787,-0.9615551337,-0.9615555331	ok
-0.89879760	-29.36873747	-48.93687630	0.7790368967	full	1,1,1,1,1,1,1,1	-1,-1,-1,-1,-1,-1,-1,-1	51.9142116,9459.35046,21976.42807,34450.04289,46809.41609,59078.79863,71303.14134,83508.26484	5249.067225,17501.87271,29631.68315,41792.72746,53971.21846,66157.3301,78346.64907,90537.30552	0.9923423282,0.9617637193,0.9617026999,0.961636525,0.9615881209,0.9615629493,0.9615516255,0.9615469006	-0.9614617744,-0.9614966374,-0.9615234856,-0.96153517,-0.9615400091,-0.9615420099,-0.9615428386,-0.9615431823	ok
-0.89679359	-29.36873747	-41.70686208	0.8007310283	continued:5	1,1,1,1,1,1,1,1	-1,-1,-1,-1,-1,-1,-1,-1	8265.11558,20533.11908,32753.86057,44954.47185,57146.83523,69335.8261,81523.4342,93710.47423	5249.465264,17462.39587,29589.83744,41748.23838,53922.92086,66104.60121,78289.19553,90474.99364	0.9615782049,0.9615515311,0.961539579,0.961534569,0.9615324848,0.9615317143,0.961531317,0.9615311873	-0.9614496735,-0.9614868846,-0.96151252,-0.961523441,-0.9615279175,-0.9615297521,-0.9615305054,-0.9615308151	ok
-0.89478958	-29.36873747	-43.04633163	0.7979376794	continued:5	1,1,1,1,1,1,1,1	-1,-1,-1,-1,-1,-1,-1,-1	8428.595189,20760.90837,33010.2749,45219.8612,57412.86631,69599.14247,81782.68831,93965.12354	5249.864667,17436.84624,29561.53802,41716.75291,53887.3535,66064.47499,78244.28451,90425.19438	0.9616047793,0.9615587552,0.9615356739,0.9615256631,0.9615215244,0.9615198142,0.9615191562,0.9615188739	-0.9614375706,-0.9614764372,-0.9615011866,-0.9615115484,-0.9615157543,-0.9615174629,-0.9615181585,-0.961518442	ok
-0.89278557	-29.36873747	-43.95840804	0.7951443305	continued:5	1,1,1,1,1,1,1,1	-1,-1,-1,-1,-1,-1,-1,-1	8534.818161,20928.44208,33215.18781,45438.67229,57634.31207,69818.63309,81998.40228,94176.3376	5250.26543,17417.8574,29539.5581,41691.28599,53857.64932,66030.13662,78205.1238,90381.12516	0.9616321629,0.9615707679,0.9615346149,0.9615180061,0.9615110564,0.9615082592,0.9615070094,0.961506565	-0.9614254655,-0.9614656209,-0.9614896564,-0.9614995665,-0.9615035512,-0.961505156,-0.9615058037,-0.9615060655	ok
-0.89078156	-29.36873747	-44.71011768	0.7923509816	continued:5	1,1,1,1,1,1,1,1	-1,-1,-1,-1,-1,-1,-1,-1	8590.952403,21026.61099,33355.39053,45597.98212,57798.592,69981.85281,82158.17777,94331.73435	5250.667547,17402.66223,29521.19722,41669.23767,53831.25783,65999.05765,78169.19451,90340.27114	0.9616560934,0.9615860707,0.9615366792,0.9615119046,0.9615012567,0.9614968656,0.9614951172,0.9614944	-0.9614133583,-0.9614545699,-0.9614779996,-0.9614875263,-0.9614913215,-0.9614928371,-0.9614934436,-0.9614936866	ok
-0.88877756	-29.36873747	-45.37339185	0.7895576328	continued:5	1,1,1,1,1,1,1,1	-1,-1,-1,-1,-1,-1,-1,-1	8606.522356,21050.25414,33403.86376,45659.66792,57863.05218,70044.34273,82216.8347,94385.84367	5251.071013,17389.92281,29505.15563,41649.36107,53806.95829,65970.02914,78135.29282,90301.43064	0.9616656448,0.9615930285,0.9615355125,0.9615044626,0.9614907503,0.9614852569,0.9614830218,0.9614821287	-0.9614012491,-0.9614433537,-0.961466253,-0.9614754439,-0.9614790725,-0.9614805093,-0.9614810795,-0.9614813061	ok
-0.88677355	-29.36873747	-45.97669436	0.7867642839	continued:5	1,1,1,1,1,1,1,1	-1,-1,-1,-1,-1,-1,-1,-1	8619.85507,21053.66352,33405.87227,45659.30551,57858.6652,70035.2393,82202.79795,94366.81568	5251.475823,17378.89206,29490.71064,41630.96532,53784.0757,65942.38324,78102.75398,90263.94014	0.9616587484,0.9615847543,0.9615253251,0.9614928426,0.9614786656,0.9614729542,0.9614705654,0.9614697165	-0.9613891377,-0.9614320137,-0.9614544383,-0.9614633292,-0.9614668084,-0.9614681746,-0.9614687123,-0.9614689242	ok
-0.88476954	-29.36873747	-46.53282768	0.7839709350	continued:5	1,1,1,1,1,1,1,1	-1,-1,-1,-1,-1,-1,-1,-1	8674.421976,21094.79304,33432.78854,45675.17034,57866.63773,70036.95322,82198.97234,94357.75815	5251.881972,17369.11154,29477.42059,41613.62959,53762.1997,65915.71433,78071.17441,90227.39685	0.9616434996,0.9615684757,0.9615099684,0.9614789871,0.9614656305,0.9614602373,0.9614580474,0.9614572503	-0.9613770243,-0.9614205764,-0.9614425697,-0.9614511886,-0.9614545322,-0.9614558343,-0.9614563426,-0.9614565413	ok
-0.88276553	-29.36873747	-47.04785974	0.7811775861	continued:5	-1,-1,-1,-1,-1,-1,-1,-1	-1,-1,-1,-1,-1,-1,-1,-1	8791.977086,21198.62561,33521.05788,45751.7034,57935.04222,70099.02247,82255.47594,94409.01864	5252.289454,17360.28033,29464.99672,41597.07973,53741.0635,65889.75896,78040.29204,90191.53921	-0.9616270084,-0.9615511392,-0.9614942378,-0.9614649342,-0.9614524482,-0.9614475202,-0.9614455522,-0.9614448296	-0.9613649087,-0.9614090604,-0.961430657,-0.9614390266,-0.9614422457,-0.9614434892,-0.9614439708,-0.9614441574	ok
-0.88076152	-29.36873747	-47.52485309	0.7790529743	continued:5	-1,-1,-1,-1,-1,-1,-1,-1	-1,-1,-1,-1,-1,-1,-1,-1	8909.765757,21302.8436,33610.45478,45830.06751,58005.64482,70163.4497,82314.40279,94462.72631	5252.698265,17352.19074,29453.24055,41581.12789,53720.48463,65864.33711,78009.92785,90156.1885	-0.96161069,-0.9615340534,-0.9614786746,-0.9614510293,-0.9614394297,-0.9614348557,-0.961433061,-0.9614323016	-0.9613527911,-0.961397479,-0.9614187076,-0.9614268466,-0.9614299508,-0.9614311402,-0.9614315971,-0.9614317728	ok
-0.87875752	-29.36873747	-47.95957359	0.7774693822	continued:5	1,1,1,1,1,1,1,1	-1,-1,-1,-1,-1,-1,-1,-1	9035.935544,21415.61628,33709.09586,45918.28533,58086.41136,70238.17412,82383.67989,94526.80258	5253.108399,17344.69368,29442.01012,41565.64021,53700.33335,65839.32084,77979.95463,90121.21772	0.9615944432,0.9615173658,0.961463484,0.9614372376,0.961426406,0.9614221954,0.9614205636,0.9614199285	-0.9613406714,-0.9613858422,-0.9614067266,-0.9614146509,-0.9614176483,-0.9614187877,-0.9614192218,-0.9614193875	ok
-0.87675351	-29.36873747	-48.34994451	0.7766334608	continued:5	-1,-1,-1,-1,-1,-1,-1,-1	-1,-1,-1,-1,-1,-1,-1,-1	9147.875494,21514.34132,33794.30809,45993.59377,58154.52632,70300.35625,82440.45728,94578.39288	5253.519852,17337.6787,29431.20071,41550.51825,53680.51439,65814.61632,77950.27907,90086.53364	-0.9615783486,-0.9615008878,-0.9614486308,-0.9614236162,-0.9614135258,-0.9614094973,-0.961408022,-0.9614075269	-0.9613285496,-0.9613741575,-0.9613947184,-0.9614024418,-0.9614053394,-0.9614064321,-0.9614068452,-0.9614070015	ok
-0.87474950	-29.36873747	-48.69308887	0.7761319080	continued:5	1,1,1,1,1,1,1,1	-1,-1,-1,-1,-1,-1,-1,-1	31.87252582,9275.967485,21629.40912,33896.43007,46086.26314,58240.22202,70380.21085,82514.94185	5253.932617,17331.06182,29420.73301,41535.68772,53660.956,65790.15289,77920.83091,90052.06603	0.9658434585,0.961562238,0.9614847222,0.9614339418,0.9614101035,0.9614005752,0.9613969149,0.9613955353	-0.9613164257,-0.9613624312,-0.9613826862,-0.9613902207,-0.9613930246,-0.9613940738,-0.9613944673,-0.9613946151	ok
-0.87274549	-29.36873747	-48.99092291	0.7759647238	full	1,1,1,1,1,1,1,1	-1,-1,-1,-1,-1,-1,-1,-1	60.64650732,9295.88748,21636.50935,33891.12081,46071.9051,58219.0817,70353.30777,82482.69705	5254.346691,17324.77781,29410.54566,41521.09131,53641.60293,65765.87618,77891.55603,90017.76078	0.9883494984,0.9615463904,0.9614687502,0.9614194233,0.9613967338,0.961387739,0.961384361,0.9613831484	-0.9613042997,-0.961350668,-0.9613706328,-0.9613779889,-0.9613807047,-0.9613817131,-0.9613820884,-0.9613822282	ok
-0.87074148	-29.36873747	-41.91878992	0.7973493928	continued:5	1,1,1,1,1,1,1,1	-1,-1,-1,-1,-1,-1,-1,-1	8194.802516,20371.72631,32514.20195,44643.44573,56767.78044,68890.30071,81012.15022,93133.7516	5254.762068,17318.77508,29400.59029,41506.68402,53622.41185,65741.74355,77862.41199,89983.57537	0.9614083529,0.9613847578,0.9613755738,0.9613719871,0.9613707531,0.9613701836,0.9613700373,0.961370031	-0.9612921717,-0.9613388721,-0.9613585603,-0.9613657475,-0.9613683802,-0.9613693501,-0.9613697084,-0.9613698409	ok
-0.86873747	-29.36873747	-43.18954895	0.7945560439	continued:5	1,1,1,1,1,1,1,1	-1,-1,-1,-1,-1,-1,-1,-1	8327.357522,20544.85098,32701.82313,44833.30541,56955.23471,69073.65307,81190.78334,93307.44087	5255.178744,17313.01216,29390.8282,41492.42993,53603.34822,65717.721,77833.36491,89949.47583	0.9614278085,0.9613862148,0.9613684805,0.9613616271,0.9613590083,0.9613581188,0.9613577903,0.9613576815	-0.9612800415,-0.9613270467,-0.9613464708,-0.9613534975,-0.9613560515,-0.9613569853,-0.9613573276,-0.9613574532	ok
-0.86673347	-29.36873747	-44.08513504	0.7917626950	continued:5	1,1,1,1,1,1,1,1	-1,-1,-1,-1,-1,-1,-1,-1	8406.331253,20658.64893,32831.98847,44966.72059,57086.59279,69201.0164,81313.45518,93425.171	5255.596712,17307.45523,29381.22796,41478.29995,53584.38412,65693.78106,77804.38738,89915.43463	0.961446539,0.9613891829,0.9613620822,0.9613515051,0.9613474572,0.9613460582,0.9613455114,0.961345312	-0.9612679093,-0.9613151946,-0.9613343656,-0.9613412395,-0.9613437189,-0.9613446186,-0.9613449459,-0.9613450651	ok
-0.86472946	-29.36873747	-44.82988772	0.7889693462	continued:5	1,1,1,1,1,1,1,1	-1,-1,-1,-1,-1,-1,-1,-1	8439.98653,20712.80442,32900.53732,45038.25078,57155.96138,69266.33245,81374.04666,93480.80041	5256.015969,17302.07644,29371.76374,41464.27026,53565.49669,65669.90119,77775.45689,89881.42912	0.9614599165,0.9613913616,0.961355718,0.9613413271,0.9613358253,0.9613339501,0.961333229,0.9613329574	-0.961255775,-0.9613033181,-0.9613222463,-0.9613289743,-0.9613313828,-0.9613322502,-0.9613325634,-0.9613326767	ok
-0.86272545	-29.36873747	-45.48861206	0.7861759973	continued:5	1,1,1,1,1,1,1,1	-1,-1,-1,-1,-1,-1,-1,-1	8446.479375,20721.67712,32914.49158,45051.58643,57165.79497,69271.61158,81374.4094,93476.12356	5256.43651,17296.85254,29362.4141,41450.32113,53546.667,65646.06275,77746.55477,89847.44047	0.9614617185,0.9613873181,0.961346943,0.9613302173,0.9613239844,0.9613217149,0.9613208314,0.9613205161	-0.9612436387,-0.9612914195,-0.961310114,-0.9613167026,-0.9613190434,-0.9613198803,-0.9613201803,-0.9613202879	ok
-0.86072144	-29.36873747	-46.08752853	0.7833826484	continued:5	1,1,1,1,1,1,1,1	-1,-1,-1,-1,-1,-1,-1,-1	8464.713269,20732.03848,32920.07952,45052.16892,57161.22856,69261.88712,81359.54399,93456.13109	5256.858329,17291.764,29353.16106,41436.43605,53527.87921,65622.25009,77717.66532,89813.4528	0.9614523563,0.9613763744,0.9613350314,0.9613179406,0.9613115623,0.9613093124,0.9613083862,0.9613081003	-0.9612315002,-0.9612795003,-0.9612979695,-0.9613044246,-0.961306701,-0.961307509,-0.9613077965,-0.9613078989	ok
-0.85871743	-29.36873747	-46.63861675	0.7805892995	continued:5	1,1,1,1,1,1,1,1	-1,-1,-1,-1,-1,-1,-1,-1	8529.879823,20786.19523,32965.114,45090.194,57193.35647,69288.58445,81380.99717,93472.41382	5257.281422,17286.79421,29343.9894,41422.60108,53509.11997,65598.44998,77688.77523,89779.45261	0.9614379518,0.9613621932,0.9613216119,0.9613051162,0.961298971,0.9612967429,0.9612960555,0.96129576	-0.9612193597,-0.9612675623,-0.9612858141,-0.961292141,-0.9612943559,-0.9612951363,-0.961295412,-0.9612955095	ok
-0.85671343	-29.36873747	-47.14770976	0.7779236681	continued:5	-1,-1,-1,-1,-1,-1,-1,-1	-1,-1,-1,-1,-1,-1,-1,-1	8644.805618,20889.82063,33059.16931,45177.05979,57274.26277,69364.03511,81451.18959,93537.42426	5257.705783,17281.92899,29334.88615,41408.80433,53490.37786,65574.65115,77659.87311,89745.42831	-0.9614226881,-0.9613475487,-0.9613080319,-0.9612922288,-0.9612863689,-0.9612843577,-0.9612836295,-0.9612832869	-0.9612072172,-0.9612556066,-0.9612736482,-0.961279852,-0.9612820082,-0.9612827624,-0.9612830269,-0.9612831198	ok
-0.85470942	-29.36873747	-47.61672793	0.7757990563	continued:5	1,1,1,1,1,1,1,1	-1,-1,-1,-1,-1,-1,-1,-1	8770.742615,21004.62856,33164.64543,45275.48019,57366.77662,69451.10896,81533.00488,93614.05062	5258.131409,17277.1561,29325.84016,41395.03564,53471.64312,65550.84384,77630.94911,89711.36981	0.9614076734,0.9613330018,0.9612946072,0.9612793227,0.961273783,0.96127181,0.9612711331,0.9612708799	-0.9611950725,-0.9612436346,-0.9612614727,-0.9612675581,-0.961269658,-0.9612703874,-0.9612706413,-0.9612707298	ok
-0.85270541	-29.36873747	-48.04304897	0.7743431815	continued:5	1,1,1,1,1,1,1,1	-1,-1,-1,-1,-1,-1,-1,-1	8892.516239,21115.43749,33266.34124,45370.23989,57455.67608,69534.58099,81611.21664,93687.06594	5258.558294,17272.46495,29316.84181,41381.28621,53452.90728,65527.01962,77601.99463,89677.26831	0.9613926104,0.9613185555,0.9612811977,0.9612664486,0.9612612189,0.9612593385,0.9612587021,0.9612584756	-0.9611829258,-0.9612316474,-0.9612492883,-0.9612552596,-0.9612573056,-0.9612580112,-0.9612582552,-0.9612583396	ok
-0.85070140	-29.36873747	-48.42372129	0.7735072602	continued:5	-1,-1,-1,-1,-1,-1,-1,-1	-1,-1,-1,-1,-1,-1,-1,-1	9010.44147,21222.55793,33364.55118,45461.62162,57541.23807,69614.72543,81686.09773,93756.74222	5258.986433,17267.8463,29307.8827,41367.54836,53434.16293,65503.17109,77573.0021,89643.116	-0.9613777337,-0.9613041646,-0.9612678423,-0.9612536694,-0.9612487365,-0.9612468827,-0.9612462835,-0.9612460744	-0.961170777,-0.9612196458,-0.9612370954,-0.9612429568,-0.961244951,-0.961245634,-0.9612458685,-0.9612459491	ok
-0.84869739	-29.36873747	-48.75742566	0.7731334248	continued:5	1,1,1,1,1,1,1,1	-1,-1,-1,-1,-1,-1,-1,-1	39.32531078,9132.603015,21334.07036,33467.34206,45557.68208,57631.51433,69699.59147,81765.69603	5259.415822,17263.29202,29298.95551,41353.81542,53415.40361,65479.29172,77543.96484,89608.90594	0.9673336609,0.9613627601,0.9612899319,0.9612544726,0.9612409796,0.9612360978,0.9612344332,0.9612338815	-0.9611586261,-0.9612076308,-0.9612248946,-0.9612306499,-0.9612325944,-0.9612332558,-0.9612334813,-0.9612335583	ok
-0.84669339	-29.36873747	-49.04519818	0.7727595894	full	1,1,1,1,1,1,1,1	-1,-1,-1,-1,-1,-1,-1,-1	67.81018441,9169.513778,21360.4637,33485.16549,45568.85396,57636.9296,69699.60059,81760.43171	5259.846456,17258.79499,29290.05376,41340.08146,53396.62357,65455.37571,77514.87684,89574.63189	0.9848118784,0.9613479616,0.9612756506,0.9612412812,0.9612282303,0.9612236593,0.9612220573,0.9612214761	-0.9611464732,-0.9611956031,-0.9612126863,-0.9612183391,-0.9612202359,-0.9612208767,-0.9612210937,-0.9612211672	ok
-0.84468938	-29.36873747	-42.15902308	0.7940944502	continued:5	1,1,1,1,1,1,1,1	-1,-1,-1,-1,-1,-1,-1,-1	8129.500411,20222.40005,32290.40208,44349.59689,56405.79858,68460.99024,80515.84155,92570.57825	5260.278331,17254.34886,29281.17174,41326.34125,53377.81771,65431.41786,77485.73272,89540.2882	0.9612413353,0.9612202826,0.9612127097,0.9612101051,0.9612092956,0.9612089667,0.9612088655,0.9612088307	-0.9611343183,-0.9611835634,-0.9612004709,-0.9612060247,-0.9612078756,-0.9612084966,-0.9612087055,-0.9612087758	ok
-0.84268537	-29.36873747	-43.35492982	0.7913011013	continued:5	1,1,1,1,1,1,1,1	-1,-1,-1,-1,-1,-1,-1,-1	8232.318191,20349.44793,32423.90821,44481.88827,56534.2077,68584.62347,80634.40155,92683.96641	5260.711441,17249.94801,29272.30438,41312.59013,53358.98146,65407.41351,77456.52758,89505.86971	0.9612558567,0.9612181433,0.96120396,0.9611989586,0.9611972408,0.9611966758,0.9611965474,0.9611964272	-0.9611221613,-0.9611715125,-0.9611882488,-0.9611937069,-0.9611955136,-0.9611961157,-0.9611963169,-0.9611963842	ok
-0.84068136	-29.36873747	-44.22816832	0.7885077524	continued:5	1,1,1,1,1,1,1,1	-1,-1,-1,-1,-1,-1,-1,-1	8284.974972,20419.84567,32500.48025,44557.25964,56605.68579,68651.30779,80695.99594,92740.37351	5261.145782,17245.58741,29263.44713,41298.82393,53340.11069,65383.35839,77427.25696,89471.37169	0.9612682987,0.9612161729,0.9611952519,0.9611877833,0.961185292,0.9611844395,0.9611841434,0.9611840728	-0.9611100021,-0.9611594508,-0.9611760205,-0.9611813858,-0.96118315,-0.961183734,-0.9611839278,-0.9611839922	ok
-0.83867735	-29.36873747	-44.96170807	0.7857144035	continued:5	1,1,1,1,1,1,1,1	-1,-1,-1,-1,-1,-1,-1,-1	8298.495965,20440.3464,32524.38049,44579.09705,56623.32627,68664.03971,80703.58877,92742.75294	5261.581349,17241.26255,29254.59592,41285.03887,53321.20167,65359.24864,77397.91674,89436.78975	0.9612745584,0.96121237,0.9611858146,0.9611764544,0.9611732337,0.9611721611,0.9611717804,0.9611716692	-0.961097841,-0.9611473789,-0.9611637861,-0.9611690615,-0.9611707847,-0.9611713514,-0.9611715382,-0.9611715998	ok
-0.83667335	-29.36873747	-45.61247907	0.7829210547	continued:5	1,1,1,1,1,1,1,1	-1,-1,-1,-1,-1,-1,-1,-1	8298.253757,20436.99655,32519.22575,44569.98694,56609.36693,68644.94345,80679.26744,92713.18015	5262.018138,17236.96937,29245.74708,41271.23154,53302.25099,65335.08069,77368.50313,89402.11982	0.9612710595,0.9612040098,0.9611748767,0.961164516,0.9611609854,0.9611597959,0.961159415,0.9611592778	-0.9610856778,-0.9611352973,-0.9611515461,-0.9611567344,-0.961158418,-0.9611589681,-0.9611591482,-0.9611592073	ok
-0.83466934	-29.36873747	-46.20414159	0.7801277058	continued:5	1,1,1,1,1,1,1,1	-1,-1,-1,-1,-1,-1,-1,-1	8321.955393,20452.61925,32528.88548,44574.07983,56608.05528,68638.30137,80667.32689,92695.95422	5262.456144,17232.70421,29236.89729,41257.39884,53283.25553,65310.85124,77339.01258,89367.35806	0.9612600127,0.961192023,0.961162552,0.9611521245,0.961148604,0.9611473879,0.9611470164,0.9611468988	-0.9610735125,-0.9611232064,-0.9611393006,-0.9611444043,-0.9611460498,-0.961146584,-0.9611467578,-0.9611468144	ok
-0.83266533	-29.36873747	-46.74772687	0.7773343569	continued:5	-1,-1,-1,-1,-1,-1,-1,-1	-1,-1,-1,-1,-1,-1,-1,-1	8397.101376,20518.30021,32587.08152,44626.10964,56654.47115,68679.30927,80703.0016,92726.32259	5262.895362,17228.46372,29228.04353,41243.53793,53264.21239,65286.55723,77309.44176,89332.50086	-0.961245884,-0.9611784713,-0.9611496803,-0.961139509,-0.9611360863,-0.9611350033,-0.9611346046,-0.9611344766	-0.9610613452,-0.9611111068,-0.9611270499,-0.9611320716,-0.9611336803,-0.9611341992,-0.9611343669,-0.9611344211	ok
-0.83066132	-29.36873747	-47.24878445	0.7745410080	continued:5	1,1,1,1,1,1,1,1	-1,-1,-1,-1,-1,-1,-1,-1	8531.863972,20643.57058,32704.80464,44737.64261,56760.37604,68779.79288,80798.13784,92816.13764	5263.335789,17224.2449,29219.18304,41229.6462,53245.1189,65262.19577,77279.78756,89297.54481	0.9612314996,0.9611648121,0.961136697,0.9611269102,0.9611235724,0.9611225468,0.9611221975,0.9611220862	-0.9610491759,-0.9610989987,-0.9611147941,-0.9611197363,-0.9611213094,-0.9611218136,-0.9611219755,-0.9611220276	ok
-0.82865731	-29.36873747	-47.71046498	0.7726230473	continued:5	-1,-1,-1,-1,-1,-1,-1,-1	-1,-1,-1,-1,-1,-1,-1,-1	8647.452972,20749.77416,32803.55141,44830.23386,56847.34421,68861.33225,80874.31765,92886.98203	5263.777418,17220.04498,29210.31329,41215.72124,53225.97256,65237.76418,77250.04699,89262.48664	-0.961217107,-0.9611511935,-0.9611236934,-0.9611143116,-0.9611111368,-0.9611101219,-0.9611097879,-0.9611097802	-0.9610370044,-0.9610868824,-0.9611025338,-0.9611073986,-0.9611089373,-0.9611094273,-0.9611095836,-0.9611096336	ok
-0.82665331	-29.36873747	-48.12708311	0.7712461063	continued:5	-1,-1,-1,-1,-1,-1,-1,-1	-1,-1,-1,-1,-1,-1,-1,-1	8769.205568,20862.23973,32908.63964,44929.19602,56940.68574,68949.2364,80956.84903,92964.16342	5264.220247,17215.86144,29201.43196,41201.76081,53206.77104,65213.2599,77220.21724,89227.32322	-0.961202818,-0.9611375998,-0.9611107907,-0.9611017193,-0.961098664,-0.9610976832,-0.9610973961,-0.9610972894	-0.961024831,-0.9610747585,-0.9610902688,-0.9610950584,-0.9610965639,-0.9610970403,-0.9610971914,-0.9610972393	ok
-0.82464930	-29.36873747	-48.49743990	0.7704101850	continued:5	-1,-1,-1,-1,-1,-1,-1,-1	-1,-1,-1,-1,-1,-1,-1,-1	8892.355245,20976.19985,33015.29914,45029.75657,57035.62708,69038.73105,81040.95751,93042.90667	5264.66427,17211.69196,29192.53692,41187.76283,53187.51213,65188.6805,77190.2956,89192.05155	-0.961188605,-0.9611240933,-0.9610979816,-0.9610890363,-0.9610862009,-0.961085296,-0.9610849857,-0.9610848884	-0.9610126555,-0.9610626272,-0.9610779994,-0.9610827159,-0.9610841892,-0.9610846526,-0.9610847986,-0.9610848447	ok
-0.82264529	-29.36873747	-48.82124454	0.7700363496	continued:5	1,1,1,1,1,1,1,1	-1,-1,-1,-1,-1,-1,-1,-1	46.60297976,9018.039597,21092.78647,33124.65508,45133.03684,57133.28771,69130.93467,81127.76084	5265.109483,17207.53441,29183.62617,41173.72534,53168.19375,65164.02366,77160.27948,89156.66873	0.9685677207,0.961174299,0.9611106156,0.9610850889,0.9610765578,0.9610737084,0.9610729469,0.9610725946	-0.961000478,-0.9610504887,-0.961065726,-0.9610703713,-0.9610718135,-0.9610722642,-0.9610724054,-0.9610724497	ok
-0.82064128	-29.36873747	-49.09969762	0.7689937771	full	1,1,1,1,1,1,1,1	-1,-1,-1,-1,-1,-1,-1,-1	68.00490042,9097.760481,21163.25988,33187.68717,45189.91146,57184.50778,69176.67642,81168.08443	5265.555881,17203.38682,29174.69788,41159.6465,53148.8139,65139.28717,77130.16636,89121.17194	0.9846747781,0.9611594521,0.9610968543,0.9610721387,0.9610639703,0.9610612543,0.9610604315,0.9610602464	-0.9609882984,-0.9610383433,-0.9610534484,-0.9610580245,-0.9610594366,-0.9610598752,-0.9610600117,-0.9610600543	ok
-0.81863727	-29.36873747	-40.83134879	0.7924757362	continued:5	1,1,1,1,1,1,1,1	-1,-1,-1,-1,-1,-1,-1,-1	7949.836973,19939.27566,31926.11066,43912.13417,55897.9058,67883.59941,79869.26891,91854.93093	5266.00346,17199.24738,29165.75031,41145.52459,53129.37071,65114.46888,77099.95381,89085.55843	0.9610519303,0.9610489568,0.9610480804,0.9610477771,0.9610477447,0.9610477118,0.9610477104,0.9610477076	-0.9609761168,-0.9610261914,-0.961041167,-0.9610456757,-0.9610470586,-0.9610474855,-0.9610476176,-0.9610476585	ok
-0.81663327	-29.36873747	-42.72003456	0.7896823874	continued:5	1,1,1,1,1,1,1,1	-1,-1,-1,-1,-1,-1,-1,-1	8087.31148,20095.04763,32084.29603,44067.3469,56048.45314,68028.95781,80009.27705,91989.5392	5266.452216,17195.1144,29156.78185,41131.35796,53109.86235,65089.56672,77069.63948,89049.82554	0.9610668974,0.9610455384,0.9610384467,0.9610362978,0.9610355677,0.9610353462,0.9610352977,0.961035265	-0.9609639331,-0.9610140331,-0.9610288818,-0.9610333248,-0.9610346794,-0.9610350951,-0.961035223,-0.9610352623	ok
-0.81462926	-29.36873747	-43.75836670	0.7868890385	continued:5	1,1,1,1,1,1,1,1	-1,-1,-1,-1,-1,-1,-1,-1	8152.532555,20170.67305,32160.76703,44140.38833,56116.67268,68091.9258,80066.86244,92041.70217	5266.902144,17190.9863,29147.791,41117.14505,53090.28708,65064.57869,77039.22105,89013.97063	0.9610764142,0.9610406567,0.9610285324,0.9610245777,0.9610234004,0.9610230492,0.9610229122,0.961022916	-0.9609517474,-0.9610018686,-0.961016593,-0.961020972,-0.9610222992,-0.9610227041,-0.9610228278,-0.9610228657	ok
-0.81262525	-29.36873747	-44.57303018	0.7840956896	continued:5	1,1,1,1,1,1,1,1	-1,-1,-1,-1,-1,-1,-1,-1	8176.020026,20198.37627,32188.2554,44164.15448,56135.51255,68105.4679,80074.99475,92044.39106	5267.35324,17186.86163,29138.77632,41102.88435,53070.64321,65039.50284,77008.69627,88977.99114	0.9610827172,0.9610352356,0.9610182453,0.9610128454,0.9610112086,0.9610107526,0.9610105847,0.9610105881	-0.9609395597,-0.9609896981,-0.9610043007,-0.9610086173,-0.961009918,-0.9610103123,-0.9610104322,-0.9610104686	ok
-0.81062124	-29.36873747	-45.27445453	0.7813023407	continued:5	1,1,1,1,1,1,1,1	-1,-1,-1,-1,-1,-1,-1,-1	8175.034864,20194.77465,32182.14013,44153.58198,56119.77145,68084.34097,80048.41801,92012.34607	5267.805499,17182.73901,29129.73646,41088.57445,53050.92911,65014.33726,76978.06294,88941.88454	0.9610822194,0.9610272933,0.9610073685,0.9610008815,0.960998918,0.9609983461,0.9609982091,0.9609980898	-0.9609273699,-0.9609775219,-0.9609920051,-0.9609962609,-0.9609975356,-0.9609979199,-0.9609980361,-0.9609980712	ok
-0.80861723	-29.36873747	-45.90260341	0.7785089918	continued:5	1,1,1,1,1,1,1,1	-1,-1,-1,-1,-1,-1,-1,-1	8181.70832,20194.70807,32177.08413,44143.21233,56103.95302,68063.03784,80021.62198,91980.05533	5268.258917,17178.61717,29120.67015,41074.21395,53031.14318,64989.08008,76947.31888,88905.64833	0.9610743197,0.9610164924,0.9609953431,0.9609886086,0.9609865958,0.9609860302,0.9609857437,0.960985686	-0.9609151781,-0.9609653402,-0.9609797062,-0.9609839027,-0.9609851523,-0.9609855269,-0.9609856394,-0.9609856732	ok
-0.80661323	-29.36873747	-46.47511682	0.7757156430	continued:5	1,1,1,1,1,1,1,1	-1,-1,-1,-1,-1,-1,-1,-1	8227.619626,20232.46622,32208.44615,44168.75229,56123.87316,68077.40825,80030.46648,91983.38201	5268.713491,17174.49491,29111.57616,41059.80154,53011.28389,64963.72948,76916.46195,88869.28004	0.9610617384,0.9610039545,0.96098292,0.9609761557,0.9609741285,0.9609735211,0.9609733577,0.9609733654	-0.9609029843,-0.9609531531,-0.9609674041,-0.9609715427,-0.960972768,-0.9609731332,-0.9609732423,-0.9609732748	ok
-0.80460922	-29.36873747	-47.00059571	0.7729222941	continued:5	1,1,1,1,1,1,1,1	-1,-1,-1,-1,-1,-1,-1,-1	8328.740481,20325.18459,32294.3995,44248.74232,56198.18746,68146.14288,80093.65281,92041.03023	5269.169214,17170.37109,29102.45333,41045.33593,52991.34971,64938.28366,76885.49003,88832.77724	0.9610480062,0.9609907033,0.9609701918,0.9609636712,0.9609617314,0.960961109,0.9609609803,0.9609608841	-0.9608907883,-0.9609409608,-0.960955099,-0.960959181,-0.9609603828,-0.9609607388,-0.9609608445,-0.9609608759	ok
-0.80260521	-29.36873747	-47.48367706	0.7705910312	continued:5	-1,-1,-1,-1,-1,-1,-1,-1	-1,-1,-1,-1,-1,-1,-1,-1	8447.696394,20435.77865,32398.23259,44346.60396,56290.35856,68232.71654,80174.65925,92116.4791	5269.626084,17166.24465,29093.30055,41030.81586,52971.33916,64912.74085,76854.40104,88796.1375	-0.9610341011,-0.9609775786,-0.9609575175,-0.9609511935,-0.9609492901,-0.9609487751,-0.9609485552,-0.9609485192	-0.9608785905,-0.9609287634,-0.9609427909,-0.9609468177,-0.9609479965,-0.9609483437,-0.9609484462,-0.9609484765	ok
-0.80060120	-29.36873747	-47.92306121	0.7688007879	continued:5	-1,-1,-1,-1,-1,-1,-1,-1	-1,-1,-1,-1,-1,-1,-1,-1	8574.240999,20554.01857,32509.74031,44452.14058,56390.19238,68326.93569,80263.29211,92199.53474	5270.084096,17162.11459,29084.11675,41016.24012,52951.25079,64887.09929,76823.19291,88759.35843	-0.9610203,-0.9609644579,-0.9609447896,-0.9609386371,-0.9609368446,-0.9609362877,-0.9609362116,-0.9609361811	-0.9608663906,-0.9609165612,-0.9609304799,-0.9609344528,-0.9609356093,-0.960935948,-0.9609360474,-0.9609360766	ok
-0.79859719	-29.36873747	-48.31712965	0.7675515643	continued:5	1,1,1,1,1,1,1,1	-1,-1,-1,-1,-1,-1,-1,-1	8703.8409,20675.36768,32624.38202,44560.80941,56493.14504,68424.25571,80355.00631,92285.65154	5270.543245,17157.97993,29074.90091,41001.60752,52931.08317,64861.35725,76791.86358,88722.43765	0.9610064359,0.9609513654,0.960932139,0.9609261599,0.9609243861,0.9609238787,0.9609237331,0.9609236909	-0.9608541886,-0.9609043541,-0.960918166,-0.9609220863,-0.960923221,-0.9609235516,-0.960923648,-0.9609236762	ok
-0.79659319	-29.36873747	-48.66513106	0.7670500115	continued:5	-1,-1,-1,-1,-1,-1,-1,-1	-1,-1,-1,-1,-1,-1,-1,-1	8817.250506,20780.57933,32722.91106,44653.36347,56579.96895,68505.42874,80430.5536,92355.58104	5271.003528,17153.83979,29065.65202,40986.91691,52910.83487,64835.51303,76760.41102,88685.37278	-0.9609926474,-0.9609381644,-0.9609194806,-0.9609136504,-0.9609119622,-0.9609114618,-0.9609113279,-0.9609112905	-0.9608419846,-0.9608921425,-0.9609058494,-0.9609097182,-0.9609108318,-0.9609111544,-0.960911248,-0.9609112752	ok
-0.79458918	-29.36873747	-48.96543690	0.7677582154	full	-1,-1,-1,-1,-1,-1,-1,-1	-1,-1,-1,-1,-1,-1,-1,-1	8776.498189,20731.60395,32667.08561,44591.49297,56512.33365,68432.11793,80351.59508,92270.98343	5271.46494,17149.6933,29056.36915,40972.16715,52890.50451,64809.56492,76728.83321,88648.16147	-0.9609779646,-0.960924846,-0.9609066207,-0.9609011265,-0.9608995155,-0.9608990679,-0.9608990057,-0.9608988921	-0.9608297786,-0.9608799263,-0.9608935302,-0.9608973487,-0.9608984417,-0.9608987566,-0.9608988474,-0.9608988737	ok
-0.79258517	-29.36873747	-41.26308636	0.7892345326	continued:5	1,1,1,1,1,1,1,1	-1,-1,-1,-1,-1,-1,-1,-1	7913.170723,19829.19128,31743.56064,43657.4501,55571.20133,67484.91284,79398.61294,91312.30976	5271.927477,17145.53964,29047.05135,40957.35713,52870.0907,64783.51123,76697.12814,88610.80136	0.9608901595,0.9608875156,0.9608867741,0.9608865636,0.96088657,0.9608865425,0.9608865574,0.9608865392	-0.9608175706,-0.9608677058,-0.9608812083,-0.9608849775,-0.9608860506,-0.960886358,-0.9608864463,-0.9608864715	ok
-0.79058116	-29.36873747	-42.90679188	0.7864411837	continued:5	1,1,1,1,1,1,1,1	-1,-1,-1,-1,-1,-1,-1,-1	8015.794488,19938.91922,31851.67333,43761.07323,55669.48747,67577.61812,79485.66759,91393.69391	5272.391135,17141.37802,29037.69772,40942.48574,52849.59208,64757.3503,76665.29379,88573.29012	0.9609004755,0.9608819597,0.960876331,0.9608747078,0.9608742576,0.9608741057,0.960874075,0.9608740579	-0.9608053606,-0.960855481,-0.9608688839,-0.960872605,-0.9608736587,-0.9608739587,-0.9608740444,-0.9608740689	ok
-0.78857715	-29.36873747	-43.90871434	0.7836478348	continued:5	1,1,1,1,1,1,1,1	-1,-1,-1,-1,-1,-1,-1,-1	8059.167082,19983.94277,31894.11742,43798.76629,55701.75265,67604.2599,79506.63056,91408.96237	5272.85591,17137.2077,29028.30739,40927.5519,52829.0073,64731.08045,76633.32818,88535.62542	0.9609067427,0.9608753599,0.9608656831,0.9608628773,0.9608619827,0.9608617588,0.9608616945,0.9608616761	-0.9607931485,-0.960843252,-0.9608565571,-0.960860231,-0.9608612656,-0.9608615588,-0.960861642,-0.9608616656	ok
-0.78657315	-29.36873747	-44.70810482	0.7808544859	continued:5	1,1,1,1,1,1,1,1	-1,-1,-1,-1,-1,-1,-1,-1	8065.902801,19987.60343,31894.26354,43793.89922,55691.36629,67588.20748,79484.8709,91381.48402	5273.321798,17133.02796,29018.8795,40912.55454,52808.335,64704.70002,76601.2293,88497.80492	0.9609092347,0.9608678057,0.9608547003,0.960850774,0.9608497209,0.960849366,0.9608492795,0.9608492552	-0.9607809345,-0.960831019,-0.9608442277,-0.9608478555,-0.9608488717,-0.9608491581,-0.9608492389,-0.9608492618	ok
-0.78456914	-29.36873747	-45.40001618	0.7780611371	continued:5	1,1,1,1,1,1,1,1	-1,-1,-1,-1,-1,-1,-1,-1	8058.060751,19973.13263,31874.96173,43769.17111,55660.98265,67552.10238,79443.02644,91333.89541	5273.788794,17128.8381,29009.41321,40897.49262,52787.57385,64678.20736,76568.99519,88459.8263	0.9609055592,0.9608582958,0.9608431497,0.960838597,0.9608373483,0.9608370479,0.9608369309,0.9608369386	-0.9607687184,-0.960818782,-0.960831896,-0.9608354787,-0.9608364769,-0.9608367566,-0.9608368351,-0.9608368572	ok
-0.78256513	-29.36873747	-46.02025972	0.7752677882	continued:5	1,1,1,1,1,1,1,1	-1,-1,-1,-1,-1,-1,-1,-1	8068.192759,19975.43215,31871.33453,43759.74238,55645.77246,67531.11841,79416.27168,91301.371	5274.256894,17124.63747,28999.90769,40882.36508,52766.72253,64651.60084,76536.62386,88421.68725	0.9608958761,0.9608467211,0.9608309539,0.9608263125,0.9608249574,0.9608246063,0.9608245144,0.9608244858	-0.9607565003,-0.9608065412,-0.960819562,-0.9608231004,-0.960824081,-0.9608243544,-0.9608244307,-0.960824452	ok
-0.78056112	-29.36873747	-46.58500936	0.7724744393	continued:5	1,1,1,1,1,1,1,1	-1,-1,-1,-1,-1,-1,-1,-1	8122.612601,20021.95594,31911.40947,43793.82138,55673.9971,67553.53176,79432.88684,91312.19202	5274.726095,17120.42542,28990.36215,40867.1709,52745.7797,64624.87879,76504.11333,88383.38545	0.9608830781,0.9608340527,0.9608184378,0.9608137982,0.9608125335,0.9608121871,0.9608121381,0.9608120611	-0.9607442802,-0.9607942966,-0.9608072257,-0.9608107207,-0.9608116842,-0.9608119514,-0.9608120256,-0.9608120462	ok
-0.77855711	-29.36873747	-47.10237148	0.7696810904	continued:5	-1,-1,-1,-1,-1,-1,-1,-1	-1,-1,-1,-1,-1,-1,-1,-1	8231.942448,20123.45424,32006.34683,43882.70935,55756.99854,67630.69607,79504.22869,91377.71563	5275.196392,17116.20134,28980.7758,40851.90904,52724.74406,64598.0396,76471.46164,88344.91859	-0.9608695364,-0.9608210942,-0.9608058468,-0.9608013257,-0.9608001259,-0.9607997691,-0.9607997648,-0.9607997279	-0.9607320581,-0.9607820483,-0.9607948872,-0.9607983397,-0.9607992865,-0.9607995477,-0.9607996198,-0.9607996397	ok
-0.77655311	-29.36873747	-47.57691817	0.7672221101	continued:5	1,1,1,1,1,1,1,1	-1,-1,-1,-1,-1,-1,-1,-1	8367.768359,20251.48227,32127.81406,43998.11208,55866.49388,67734.33129,79602.01768,91469.66243	5275.667781,17111.96462,28971.14786,40836.57849,52703.61429,64571.08162,76438.66681,88306.28435	0.9608559195,0.9608082365,0.9607932191,0.9607888587,0.9607876714,0.960787448,0.960787248,0.9607872221	-0.960719834,-0.9607697964,-0.9607825464,-0.9607859573,-0.9607868879,-0.9607871431,-0.9607872133,-0.9607872325	ok
-0.77454910	-29.36873747	-48.00866919	0.7656385179	continued:5	-1,-1,-1,-1,-1,-1,-1,-1	-1,-1,-1,-1,-1,-1,-1,-1	8483.729275,20359.67312,32229.44878,44093.66878,55956.12265,67818.07658,79679.89254,91541.67068	5276.140258,17107.71469,28961.47756,40821.17824,52682.38909,64544.00322,76405.72688,88267.48045	-0.960842452,-0.9607952533,-0.960780558,-0.9607764377,-0.960775271,-0.9607749696,-0.9607748846,-0.9607748629	-0.9607076079,-0.960757541,-0.9607702035,-0.9607735737,-0.9607744882,-0.9607747378,-0.960774806,-0.9607748247	ok
-0.77254509	-29.36873747	-48.39300977	0.7645959455	continued:5	-1,-1,-1,-1,-1,-1,-1,-1	-1,-1,-1,-1,-1,-1,-1,-1	8602.512638,20470.7158,32333.93538,44192.06181,56048.56581,67904.61239,79760.53345,91616.42025	5276.61382,17103.451,28951.76415,40805.70728,52661.06715,64516.80279,76372.6399,88228.50456	-0.9608288296,-0.9607823754,-0.9607679784,-0.9607639391,-0.9607628367,-0.9607625364,-0.9607624519,-0.960762429	-0.9606953797,-0.9607452822,-0.9607578585,-0.9607611885,-0.9607620876,-0.9607623317,-0.960762398,-0.9607624161	ok
-0.77054108	-29.36873747	-48.72979827	0.7638877415	continued:5	1,1,1,1,1,1,1,1	-1,-1,-1,-1,-1,-1,-1,-1	8733.906581,20594.39345,32451.05856,44303.0761,56153.60842,68003.72352,79853.72476,91703.69511	5277.088462,17099.17298,28942.00689,40790.16462,52639.64718,64489.47868,76339.40389,88189.3544	0.9608154241,0.9607694614,0.9607554432,0.9607514742,0.9607503905,0.9607500996,0.9607500285,0.9607499944	-0.9606831497,-0.96073302,-0.9607455114,-0.9607488021,-0.960749686,-0.9607499247,-0.9607499892,-0.9607500067	ok
-0.76853707	-29.36873747	-49.02143912	0.7639272084	full	-1,-1,-1,-1,-1,-1,-1,-1	-1,-1,-1,-1,-1,-1,-1,-1	8742.61052,20595.41829,32445.52202,44291.41188,56135.94947,67980.10858,79824.16484,91668.19334	5277.56418,17094.88012,28932.20503,40774.54925,52618.12787,64462.0293,76306.01691,88150.02768	-0.9608018621,-0.9607565676,-0.9607428296,-0.960739006,-0.9607379642,-0.9607376825,-0.9607377123,-0.9607376206	-0.9606709175,-0.9607207544,-0.9607331621,-0.9607364144,-0.9607372834,-0.9607375169,-0.9607375796,-0.9607375966	ok
-0.76653307	-29.36873747	-41.59484137	0.7858942786	continued:5	1,1,1,1,1,1,1,1	-1,-1,-1,-1,-1,-1,-1,-1	7871.393232,19710.11255,31548.34494,43386.44505,55224.50955,67062.56453,78900.617,90738.66871	5278.04097,17090.57189,28922.35785,40758.8602,52596.50794,64434.45301,76272.47701,88110.52209	0.96072714,0.9607257237,0.9607253506,0.9607252374,0.9607252479,0.960725243,0.9607251718,0.9607252746	-0.9606586834,-0.9607084856,-0.9607208109,-0.9607240253,-0.9607248798,-0.9607251082,-0.9607251693,-0.9607251857	ok
-0.76452906	-29.36873747	-43.08594887	0.7831009297	continued:5	1,1,1,1,1,1,1,1	-1,-1,-1,-1,-1,-1,-1,-1	7947.115174,19784.7423,31618.5888,43451.1438,55283.3361,67115.43039,78947.4985,90779.55965	5278.518829,17086.2478,28912.46462,40743.09646,52574.78609,64406.7482,76238.78223,88070.83536	0.9607340373,0.9607186579,0.9607143207,0.960713196,0.9607128892,0.9607127938,0.9607127678,0.9607127602	-0.9606464472,-0.9606962136,-0.9607084577,-0.9607116349,-0.9607124752,-0.9607126987,-0.9607127581,-0.960712774	ok
-0.76252505	-29.36873747	-44.05757227	0.7803075809	continued:5	1,1,1,1,1,1,1,1	-1,-1,-1,-1,-1,-1,-1,-1	7972.372882,19804.97498,31633.81813,43460.66781,55286.92653,67113.02424,78939.07904,90765.12244	5278.997752,17081.90734,28902.52464,40727.25707,52552.96104,64378.91327,76204.93063,88030.9652	0.9607375687,0.9607107382,0.9607031475,0.9607011471,0.9607006468,0.9607004081,0.9607003618,0.960700356	-0.9606342091,-0.9606839385,-0.9606961025,-0.9606992432,-0.9607000697,-0.9607002883,-0.9607003462,-0.9607003615	ok
-0.76052104	-29.36873747	-44.84367787	0.7775142320	continued:5	1,1,1,1,1,1,1,1	-1,-1,-1,-1,-1,-1,-1,-1	7967.385412,19791.98433,31615.23775,43436.21664,55256.47812,67076.54265,78896.55447,90716.55243	5279.477735,17077.55003,28892.53719,40711.34104,52531.0315,64350.9466,76170.92027,87990.90934	0.960737277,0.9607018709,0.9606916878,0.9606890246,0.9606882731,0.9606881048,0.9606880292,0.9606880178	-0.960621969,-0.9606716604,-0.9606837454,-0.9606868502,-0.9606876631,-0.9606878769,-0.9606879333,-0.9606879482	ok
-0.75851703	-29.36873747	-45.52700864	0.7747208831	continued:5	1,1,1,1,1,1,1,1	-1,-1,-1,-1,-1,-1,-1,-1	7957.575248,19773.1932,31590.31298,43405.23949,55219.434,67033.42635,78847.36503,90661.28955	5279.958775,17073.17541,28882.50157,40695.34739,52508.99619,64322.84659,76136.74922,87950.66551	0.9607313108,0.9606913677,0.960679859,0.9606766635,0.9606758854,0.9606756765,0.9606756421,0.9606756247	-0.9606097269,-0.9606593792,-0.9606713863,-0.9606744558,-0.9606752554,-0.9606754647,-0.9606755196,-0.960675534	ok
-0.75651303	-29.36873747	-46.13986447	0.7719275342	continued:5	1,1,1,1,1,1,1,1	-1,-1,-1,-1,-1,-1,-1,-1	7973.923399,19781.17553,31591.83758,43400.57832,55208.64914,67016.53434,78824.37044,90632.19367	5280.440868,17068.783,28872.41708,40679.27515,52486.85384,64294.61164,76102.41555,87910.23144	0.9607207751,0.9606794663,0.9606674506,0.9606642379,0.9606635002,0.9606631959,0.9606631232,0.960663108	-0.9605974828,-0.9606470951,-0.9606590252,-0.9606620601,-0.9606628467,-0.9606630517,-0.960663105,-0.960663119	ok
-0.75450902	-29.36873747	-46.69717575	0.7691341853	continued:5	1,1,1,1,1,1,1,1	-1,-1,-1,-1,-1,-1,-1,-1	8037.492008,19837.01847,31641.10176,43443.58912,55245.49697,67047.24406,78848.94866,90650.64209	5280.92401,17064.37236,28862.28303,40663.12336,52464.60317,64266.24015,76067.91732,87869.60489	0.960707827,0.960666762,0.9606549489,0.9606518258,0.9606509808,0.9606507556,0.9606508096,0.9606506876	-0.9605852367,-0.960634808,-0.9606466623,-0.9606496632,-0.960650437,-0.9606506375,-0.9606506896,-0.9606507031	ok
-0.75250501	-29.36873747	-47.20665584	0.7663408365	continued:5	1,1,1,1,1,1,1,1	-1,-1,-1,-1,-1,-1,-1,-1	8154.665026,19946.64161,31744.11837,43540.32246,55336.03908,67131.6199,78927.16494,90722.70046	5281.408197,17059.94303,28852.09873,40646.89105,52442.24291,64237.73053,76033.25263,87828.78359	0.960694464,0.9606539812,0.9606424653,0.9606393418,0.9606386433,0.9606384354,0.9606382838,0.9606382701	-0.9605729887,-0.9606225181,-0.9606342975,-0.9606372649,-0.9606380263,-0.9606382225,-0.9606382732,-0.9606382863	ok
-0.75050100	-29.36873747	-47.67286423	0.7640885073	continued:5	1,1,1,1,1,1,1,1	-1,-1,-1,-1,-1,-1,-1,-1	8280.805033,20065.24752,31856.1066,43646.00463,55435.50334,67224.88964,79014.24656,90803.59589	5281.893425,17055.49458,28841.86348,40630.57725,52419.77178,64209.0812,75998.41957,87787.76533	0.9606811102,0.96064117,0.9606298927,0.9606269016,0.9606261127,0.9606259155,0.9606259513,0.9606258505	-0.9605607386,-0.9606102254,-0.9606219309,-0.9606248653,-0.9606256144,-0.9606258065,-0.9606258559,-0.9606258686	ok
-0.74849699	-29.36873747	-48.09409581	0.7625049151	continued:5	-1,-1,-1,-1,-1,-1,-1,-1	-1,-1,-1,-1,-1,-1,-1,-1	8402.643183,20179.56332,31963.79296,43747.36219,55530.61578,67313.77942,79096.91954,90880.05358	5282.379691,17051.02658,28831.57662,40614.181,52397.18854,64180.29058,75963.41622,87746.54786	-0.9606678026,-0.9606284096,-0.9606173709,-0.9606145399,-0.9606136839,-0.9606135069,-0.9606134736,-0.9606134408	-0.9605484866,-0.9605979299,-0.9606095624,-0.9606124643,-0.9606132014,-0.9606133896,-0.9606134376,-0.9606134499	ok
-0.74649299	-29.36873747	-48.46819072	0.7614623426	continued:5	-1,-1,-1,-1,-1,-1,-1,-1	-1,-1,-1,-1,-1,-1,-1,-1	8525.855638,20295.26362,32072.8512,43850.06775,55627.04875,67403.96115,79180.85554,90957.74526	5282.86699,17046.53859,28821.23745,40597.70135,52374.49191,64151.3571,75928.24071,87705.12897	-0.960654452,-0.9606157167,-0.9606048238,-0.9606020138,-0.9606013524,-0.9606011808,-0.9606011302,-0.9606011217	-0.9605362326,-0.9605856316,-0.9605971921,-0.960600062,-0.9606007874,-0.9606009716,-0.9606010184,-0.9606010303	ok
-0.74448898	-29.36873747	-48.79519458	0.7607541387	continued:5	1,1,1,1,1,1,1,1	-1,-1,-1,-1,-1,-1,-1,-1	8659.735631,20421.63946,32192.57135,43963.41108,55734.09149,67504.72343,79275.34244,91045.95819	5283.355319,17042.0302,28810.84531,40581.13734,52351.68065,64122.27918,75892.89115,87663.50647	0.9606411414,0.9606028435,0.9605923125,0.9605895366,0.9605889319,0.9605887499,0.9605886103,0.9605886794	-0.9605239766,-0.9605733308,-0.9605848199,-0.9605876584,-0.9605883722,-0.9605885526,-0.9605885982,-0.9605886097	ok
-0.74248497	-29.36873747	-49.07766208	0.7605869544	full	-1,-1,-1,-1,-1,-1,-1,-1	-1,-1,-1,-1,-1,-1,-1,-1	8683.294017,20437.7004,32201.96221,43966.40026,55730.75203,67495.07422,79259.38836,91023.70048	5283.844675,17037.50098,28800.39953,40564.48803,52328.75351,64093.05528,75857.36565,87621.67816	-0.9606278554,-0.9605901345,-0.9605797765,-0.9605770762,-0.9605764664,-0.9605762231,-0.9605761871,-0.9605761682	-0.9605117186,-0.9605610272,-0.960572446,-0.9605752535,-0.960575956,-0.9605761325,-0.960576177,-0.9605761881	ok
-0.74048096	-29.36873747	-41.89606826	0.7826130924	continued:5	1,1,1,1,1,1,1,1	-1,-1,-1,-1,-1,-1,-1,-1	7826.369728,19584.35701,31342.33752,43100.31611,54858.29424,66616.27226,78374.25027,90132.22827	5284.335053,17032.95054,28789.89943,40547.75247,52305.70924,64063.68384,75821.66238,87579.64187	0.9605643017,0.9605639561,0.9605638635,0.9605638371,0.9605638313,0.960563831,0.9605638305,0.9605638306	-0.9604994586,-0.9605487209,-0.9605600702,-0.9605628471,-0.9605635385,-0.9605637114,-0.9605637547,-0.9605637656	ok
-0.73847695	-29.36873747	-43.26805675	0.7798197435	continued:5	1,1,1,1,1,1,1,1	-1,-1,-1,-1,-1,-1,-1,-1	7878.288931,19628.66704,31380.19285,43131.79793,54883.41058,66635.02431,78386.63821,90138.25225	5284.826449,17028.37845,28779.34436,40530.92971,52282.54661,64034.16332,75785.77946,87537.39544	0.9605684816,0.960555681,0.9605524164,0.9605516995,0.9605513902,0.9605513916,0.9605514262,0.960551373	-0.9604871967,-0.9605364122,-0.9605476926,-0.9605504395,-0.96055112,-0.9605512893,-0.9605513315,-0.960551342	ok
-0.73647295	-29.36873747	-44.20994343	0.7770263946	continued:5	1,1,1,1,1,1,1,1	-1,-1,-1,-1,-1,-1,-1,-1	7886.775453,19626.87691,31371.61103,43116.75481,54861.95809,66607.17354,78352.39194,90097.61105	5285.31886,17023.78433,28768.73364,40514.01881,52259.2644,64004.49219,75749.71508,87494.93673	0.9605698002,0.9605468469,0.9605409141,0.9605393878,0.9605391092,0.9605390351,0.9605389866,0.9605389758	-0.9604749327,-0.9605241008,-0.9605353133,-0.9605380304,-0.9605387002,-0.960538866,-0.9605389071,-0.9605389174	ok
-0.73446894	-29.36873747	-44.98172519	0.7742330457	continued:5	1,1,1,1,1,1,1,1	-1,-1,-1,-1,-1,-1,-1,-1	7872.295305,19600.9723,31338.72261,43077.33976,54816.0945,66554.87882,78293.67011,90032.46311	5285.812283,17019.16778,28758.06662,40497.01886,52235.86137,63974.66895,75713.46742,87452.26361	0.9605670745,0.9605369938,0.960529124,0.9605271238,0.9605266428,0.9605265099,0.9605265087,0.9605265036	-0.9604626668,-0.960511787,-0.9605229322,-0.96052562,-0.9605262793,-0.9605264416,-0.9605264817,-0.9605264916	ok
-0.73246493	-29.36873747	-45.65523225	0.7714396969	continued:5	1,1,1,1,1,1,1,1	-1,-1,-1,-1,-1,-1,-1,-1	7862.634811,19580.9471,31311.72632,43043.7836,54776.05759,66508.37903,78240.71176,89973.04725	5286.306713,17014.52839,28747.34265,40479.92891,52212.33633,63944.69207,75677.03466,87409.37399	0.9605593799,0.9605258312,0.9605169739,0.9605148662,0.9605142546,0.9605141631,0.9605141356,0.9605141184	-0.960450399,-0.9604994707,-0.9605105493,-0.9605132082,-0.9605138572,-0.9605140162,-0.9605140552,-0.9605140648	ok
-0.73046092	-29.36873747	-46.25950397	0.7686463480	continued:5	1,1,1,1,1,1,1,1	-1,-1,-1,-1,-1,-1,-1,-1	7886.05246,19595.75879,31319.67058,43045.15392,54770.91876,66496.74636,78222.58894,89948.43524	5286.802148,17009.86579,28736.56107,40462.74805,52188.68805,63914.56007,75640.41503,87366.26579	0.9605481147,0.9605136755,0.9605046012,0.9605024451,0.9605018793,0.9605017345,0.9605017192,0.9605017151	-0.9604381291,-0.9604871519,-0.9604981647,-0.9605007951,-0.9605014338,-0.9605015895,-0.9605016275,-0.9605016368	ok
-0.72845691	-29.36873747	-46.80831191	0.7658529991	continued:5	1,1,1,1,1,1,1,1	-1,-1,-1,-1,-1,-1,-1,-1	7958.524966,19660.58886,31377.69301,43096.58545,54815.81259,66535.11521,78254.43591,89973.76096	5287.298582,17005.17958,28725.72123,40445.47536,52164.91536,63884.27147,75603.60675,87322.93695	0.9605350958,0.9605010319,0.9604921203,0.9604899491,0.9604893768,0.9604893362,0.9604892966,0.9604892952	-0.9604258573,-0.9604748307,-0.9604857783,-0.9604883805,-0.9604890093,-0.9604891617,-0.9604891988,-0.9604892078	ok
-0.72645291	-29.36873747	-47.30901555	0.7630596502	continued:5	-1,-1,-1,-1,-1,-1,-1,-1	-1,-1,-1,-1,-1,-1,-1,-1	8082.926479,19777.52007,31487.81232,43200.08766,54912.74646,66625.49244,78338.25919,90051.03094	5287.796013,17000.46938,28714.82249,40428.10992,52141.01706,63853.8248,75566.60809,87279.38543	-0.9605218732,-0.9604883515,-0.9604795715,-0.9604775288,-0.9604769979,-0.9604769035,-0.9604768714,-0.9604768637	-0.9604135835,-0.9604625071,-0.9604733901,-0.9604759646,-0.9604765834,-0.9604767328,-0.9604767688,-0.9604767776	ok
-0.72444890	-29.36873747	-47.76617689	0.7608073210	continued:5	1,1,1,1,1,1,1,1	-1,-1,-1,-1,-1,-1,-1,-1	8214.948154,19902.07183,31605.53158,43311.16109,55017.22006,66723.37704,78429.5574,90135.74328	5288.294438,16995.73481,28703.8642,40410.65085,52116.99199,63823.21863,75529.4173,87235.60924	0.9605087804,0.9604756549,0.9604671474,0.9604650819,0.9604645485,0.9604644694,0.9604644386,0.9604644276	-0.9604013078,-0.9604501811,-0.9604610002,-0.9604635471,-0.9604641563,-0.9604643026,-0.9604643378,-0.9604643462	ok
-0.72244489	-29.36873747	-48.17826127	0.7592237289	continued:5	1,1,1,1,1,1,1,1	-1,-1,-1,-1,-1,-1,-1,-1	8341.679399,20021.33156,31717.93716,43416.89119,55116.31853,66815.85405,78515.41513,90214.98236	5288.793851,16990.9755,28692.84574,40393.09723,52092.83898,63792.4515,75492.0327,87191.60639	0.9604955932,0.9604629375,0.9604545854,0.9604526379,0.9604521489,0.9604520082,0.9604519785,0.9604519629	-0.9603890301,-0.9604378528,-0.9604486085,-0.9604511283,-0.960451728,-0.9604518712,-0.9604519055,-0.9604519136	ok
-0.72044088	-29.36873747	-48.54332540	0.7581811564	continued:5	1,1,1,1,1,1,1,1	-1,-1,-1,-1,-1,-1,-1,-1	8468.536188,20140.71508,31830.44488,43522.69421,55215.45776,66908.33901,78601.24797,90294.16352	5289.294251,16986.19107,28681.76645,40375.44819,52068.55689,63761.52203,75454.4526,87147.37493	0.9604824207,0.9604501622,0.9604420661,0.960440172,0.9604397098,0.9604395938,0.9604395669,0.9604395605	-0.9603767505,-0.9604255221,-0.9604362151,-0.960438708,-0.9604392982,-0.9604394385,-0.9604394719,-0.9604394798	ok
-0.71843687	-29.36873747	-48.86161803	0.7576796036	continued:5	1,1,1,1,1,1,1,1	-1,-1,-1,-1,-1,-1,-1,-1	8591.753202,20256.45289,31939.28403,43624.79833,55310.86558,66997.05932,78683.28261,90369.51293	5289.795633,16981.38115,28670.62572,40357.70284,52044.14458,63730.4288,75416.67535,87102.91295	0.9604692335,0.9604375578,0.9604295526,0.9604276993,0.9604272234,0.9604271316,0.9604271024,0.9604271332	-0.9603644688,-0.9604131891,-0.9604238199,-0.9604262863,-0.9604268672,-0.9604270046,-0.9604270371,-0.9604270448	ok
-0.71643287	-29.36873747	-49.13409889	0.7575124193	full	-1,-1,-1,-1,-1,-1,-1,-1	-1,-1,-1,-1,-1,-1,-1,-1	8616.861994,20274.0792,31949.98862,43628.73719,55308.07551,66987.54838,78667.05266,90346.56437	5290.297994,16976.54536,28659.42292,40339.8603,52019.60093,63699.17046,75378.69931,87058.21856	-0.9604560988,-0.9604248501,-0.9604170269,-0.9604152623,-0.9604148305,-0.9604146904,-0.9604146917,-0.9604146825	-0.9603521852,-0.9604008539,-0.9604114229,-0.960413863,-0.9604144349,-0.9604145695,-0.9604146011,-0.9604146085	ok
-0.71442886	-29.36873747	-42.20044897	0.7792713937	continued:5	1,1,1,1,1,1,1,1	-1,-1,-1,-1,-1,-1,-1,-1	7780.416081,19453.42593,31126.24596,42799.02109,54471.78577,66144.54799,77817.30963,89490.07114	5290.80133,16971.68335,28648.15742,40321.91973,51994.92484,63667.74564,75340.52289,87013.28992	0.960401489,0.9604020597,0.9604021668,0.960402191,0.9604022123,0.9604021537,0.9604021523,0.9604021478	-0.9603398997,-0.9603885164,-0.9603990242,-0.9604014383,-0.9604020012,-0.9604021329,-0.9604021637,-0.9604021709	ok
-0.71242485	-29.36873747	-43.46774783	0.7764780448	continued:5	1,1,1,1,1,1,1,1	-1,-1,-1,-1,-1,-1,-1,-1	7810.666884,19470.71541,31135.46701,42801.16506,54467.07596,66133.036,77799.00748,89464.98158	5291.305637,16966.79475,28636.82861,40303.88027,51970.11522,63636.15302,75302.14452,86968.12521	0.960403558,0.9603929585,0.960390555,0.9603899473,0.9603897933,0.960389828,0.9603898201,0.9603898177	-0.9603276122,-0.9603761766,-0.9603866237,-0.9603890121,-0.9603895662,-0.9603896951,-0.9603897251,-0.9603897321	ok
-0.71042084	-29.36873747	-44.37837882	0.7736846959	continued:5	1,1,1,1,1,1,1,1	-1,-1,-1,-1,-1,-1,-1,-1	7804.376761,19450.07789,31106.69505,42765.2905,54424.31644,66083.44095,77742.58794,89401.74019	5291.810913,16961.8792,28625.43588,40285.74107,51945.171,63604.3913,75263.56265,86922.72265	0.9604027527,0.960383355,0.9603787884,0.9603776598,0.9603773973,0.9603773344,0.9603773215,0.9603773187	-0.9603153228,-0.9603638346,-0.9603742215,-0.9603765844,-0.9603771297,-0.960377256,-0.9603772852,-0.960377292	ok
-0.70841683	-29.36873747	-45.13396383	0.7708913471	continued:5	1,1,1,1,1,1,1,1	-1,-1,-1,-1,-1,-1,-1,-1	7783.626444,19415.67534,31064.34839,42715.8623,54367.98246,66020.24,77672.52907,89324.82534	5292.317154,16956.93634,28613.97862,40267.50132,51920.09112,63572.45919,75224.77579,86877.08051	0.9603979805,0.9603727499,0.9603667406,0.9603653179,0.960364995,0.9603649551,0.9603649346,0.9603649151	-0.9603030313,-0.9603514903,-0.9603618174,-0.9603641552,-0.9603646919,-0.9603648154,-0.9603648439,-0.9603648505	ok
-0.70641283	-29.36873747	-45.79595181	0.7680979982	continued:5	1,1,1,1,1,1,1,1	-1,-1,-1,-1,-1,-1,-1,-1	7777.210786,19398.20996,31039.32926,42683.81715,54329.01751,65974.3781,77619.77527,89265.18089	5292.824356,16951.9658,28602.45624,40249.16018,51894.87457,63540.35546,75185.78246,86831.1971	0.9603889742,0.960361197,0.9603545008,0.9603529495,0.9603525954,0.9603525178,0.9603524991,0.9603524929	-0.960290738,-0.9603391439,-0.9603494117,-0.9603517244,-0.9603522525,-0.9603523735,-0.9603524013,-0.9603524076	ok
-0.70440882	-29.36873747	-46.39012659	0.7653046493	continued:5	1,1,1,1,1,1,1,1	-1,-1,-1,-1,-1,-1,-1,-1	7809.555988,19421.88355,31055.7677,42693.26684,54331.52863,65969.96117,77608.43263,89246.91295	5293.332515,16946.96725,28590.86814,40230.71686,51869.52031,63508.07886,75146.58123,86785.07077	0.960377186,0.9603487648,0.9603420579,0.9603404662,0.9603401553,0.9603400525,0.9603400346,0.9603400275	-0.9602784426,-0.9603267953,-0.9603370041,-0.960339292,-0.9603398118,-0.9603399302,-0.9603399572,-0.9603399633	ok
-0.70240481	-29.36873747	-46.92908619	0.7625113004	continued:5	-1,-1,-1,-1,-1,-1,-1,-1	-1,-1,-1,-1,-1,-1,-1,-1	7891.74078,19496.42022,31123.18987,42753.69731,54384.99264,66016.4636,77647.97433,89279.49404	5293.841629,16941.94032,28579.21373,40212.17056,51844.02736,63475.62822,75107.1707,86738.69991	-0.9603641308,-0.9603360994,-0.9603294657,-0.9603280517,-0.9603276059,-0.9603275942,-0.9603275929,-0.9603275859	-0.9602661454,-0.9603144446,-0.9603245947,-0.9603268581,-0.9603273695,-0.9603274854,-0.9603275117,-0.9603275177	ok
-0.70040080	-29.36873747	-47.41983173	0.7597179516	continued:5	-1,-1,-1,-1,-1,-1,-1,-1	-1,-1,-1,-1,-1,-1,-1,-1	8023.731427,19620.87187,31240.51731,42864.00328,54488.29802,66112.77239,77737.28709,89361.81067	5294.351694,16936.88467,28567.49243,40193.5205,51818.39475,63443.00236,75067.5495,86692.08298	-0.9603510607,-0.9603234469,-0.9603170349,-0.9603155776,-0.9603152502,-0.9603151051,-0.9603151409,-0.9603151239	-0.9602538462,-0.9603020917,-0.9603121836,-0.9603144226,-0.9603149258,-0.9603150392,-0.9603150648,-0.9603150706	ok
-0.69839679	-29.36873747	-47.86692616	0.7575933398	continued:5	1,1,1,1,1,1,1,1	-1,-1,-1,-1,-1,-1,-1,-1	8152.940766,19742.53425,31355.02846,42971.45965,54588.71871,66206.16085,77823.6439,89441.13617	5294.862706,16931.79995,28555.70366,40174.76594,51792.62154,63410.20016,75027.71632,86645.21846	0.960337981,0.9603109005,0.9603045609,0.9603031242,0.9603028019,0.9603027279,0.9603027131,0.9603027056	-0.9602415451,-0.9602897366,-0.9602997706,-0.9603019855,-0.9603024806,-0.9603025916,-0.9603026165,-0.9603026221	ok
-0.69639279	-29.36873747	-48.26783839	0.7561374650	continued:5	-1,-1,-1,-1,-1,-1,-1,-1	-1,-1,-1,-1,-1,-1,-1,-1	8276.324226,19858.36015,31463.67512,43073.01805,54683.20646,66293.58109,77903.99699,89514.42217	5295.374663,16926.68582,28543.84687,40155.90611,51766.7068,63377.22052,74987.66989,86598.1049	-0.9603248956,-0.9602981411,-0.960292014,-0.960290548,-0.9602903141,-0.9602901908,-0.9602901532,-0.9602901469	-0.960229242,-0.9602773795,-0.9602873559,-0.9602895467,-0.9602900338,-0.9602901424,-0.9602901667,-0.9602901721	ok
-0.69438878	-29.36873747	-48.62106643	0.7550948926	continued:5	1,1,1,1,1,1,1,1	-1,-1,-1,-1,-1,-1,-1,-1	8407.157605,19981.6258,31579.734,43181.95504,54785.03719,66388.30815,77991.62096,89594.94284	5295.88756,16921.54192,28531.9215,40136.94028,51740.64964,63344.06237,74947.40898,86550.74091	0.96031183,0.9602855073,0.9602794867,0.960278141,0.9602778448,0.9602777495,0.9602777322,0.9602777285	-0.960216937,-0.9602650201,-0.9602749393,-0.9602771064,-0.9602775855,-0.9602776918,-0.9602777153,-0.9602777206	ok
-0.69238477	-29.36873747	-48.92835097	0.7545933398	continued:5	1,1,1,1,1,1,1,1	-1,-1,-1,-1,-1,-1,-1,-1	4.238583926,8533.146215,20100.03535,31690.90819,43285.97292,54881.91338,66478.04472,78074.21808	5296.401394,16916.36793,28519.92699,40117.86775,51714.44919,63310.72469,74906.9324,86503.12514	0.9592187006,0.960298785,0.9602728663,0.9602670179,0.9602656845,0.9602653328,0.9602653618,0.9602653401	-0.96020463,-0.9602526587,-0.9602625208,-0.9602646643,-0.9602651357,-0.9602652396,-0.9602652626,-0.9602652676	ok
-0.69038076	-29.36873747	-49.19074206	0.7544261555	full	-1,-1,-1,-1,-1,-1,-1,-1	-1,-1,-1,-1,-1,-1,-1,-1	8559.651735,20118.94696,31702.55514,43290.42925,54879.19216,66468.14791,78057.14578,89646.15291	5296.916162,16911.1635,28507.8628,40098.68782,51688.1046,63277.20649,74866.23902,86455.25631	-0.960285781,-0.9602602228,-0.9602545377,-0.9602532321,-0.9602529695,-0.9602528267,-0.9602528134,-0.9602528111	-0.9601923211,-0.9602402952,-0.9602501005,-0.9602522206,-0.9602526842,-0.9602527858,-0.9602528081,-0.960252813	ok
-0.68837675	-29.36873747	-42.44546466	0.7757345433	continued:5	1,1,1,1,1,1,1,1	-1,-1,-1,-1,-1,-1,-1,-1	7736.820107,19320.63336,30902.878,42484.77363,54066.59279,65648.39526,77230.19408,88811.99211	5297.431861,16905.92831,28495.72841,40079.3998,51661.61507,63243.50683,74825.32774,86407.13318	0.9602374486,0.9602397434,0.9602402601,0.9602403627,0.9602403869,0.9602403923,0.9602403936,0.9602403939	-0.9601800103,-0.9602279297,-0.9602376785,-0.9602397751,-0.9602402311,-0.9602403305,-0.9602403522,-0.9602403569	ok
-0.68637275	-29.36873747	-43.64516026	0.7729411945	continued:5	1,1,1,1,1,1,1,1	-1,-1,-1,-1,-1,-1,-1,-1	7751.184503,19317.77045,30890.68336,42464.88206,54039.35551,65613.8884,77188.43416,88762.98272	5297.948487,16900.66201,28483.52329,40060.00306,51634.97981,63209.62479,74784.19754,86358.7546	0.9602377569,0.9602300526,0.9602283619,0.9602280462,0.9602279648,0.9602279452,0.9602279477,0.9602279448	-0.9601676975,-0.960215562,-0.9602252544,-0.960227328,-0.9602277764,-0.9602278736,-0.9602278947,-0.9602278992	ok
-0.68436874	-29.36873747	-44.53418054	0.7701478456	continued:5	1,1,1,1,1,1,1,1	-1,-1,-1,-1,-1,-1,-1,-1	7735.791423,19285.00806,30848.77384,42415.30097,53982.40716,65549.63749,77116.89448,88684.15716	5298.466037,16895.36429,28471.24692,40040.49693,51608.19807,63175.5595,74742.84742,86310.11948	0.9602353962,0.9602198872,0.9602164537,0.9602156828,0.9602155092,0.9602154853,0.9602155111,0.9602155064	-0.9601553827,-0.9602031922,-0.9602128286,-0.9602148791,-0.96021532,-0.960215415,-0.9602154355,-0.9602154399	ok
-0.68236473	-29.36873747	-45.27840584	0.7673544967	continued:5	1,1,1,1,1,1,1,1	-1,-1,-1,-1,-1,-1,-1,-1	7714.019551,19248.07625,30803.18408,42362.12089,53921.84909,65481.74571,77041.67846,88601.61884	5298.984508,16890.03481,28458.89882,40020.88082,51581.26913,63141.31016,74701.27647,86261.22676	0.9602292994,0.960208761,0.9602042951,0.9602032956,0.9602030671,0.9602030443,0.9602030269,0.960203023	-0.9601430661,-0.9601908204,-0.9602004009,-0.9602024284,-0.960202862,-0.9602029548,-0.9602029747,-0.960202979	ok
-0.68036072	-29.36873747	-45.93197817	0.7645611478	continued:5	1,1,1,1,1,1,1,1	-1,-1,-1,-1,-1,-1,-1,-1	7713.851689,19236.34062,30783.40061,42334.84456,53887.18727,65439.7199,76992.29298,88544.87456	5299.503896,16884.67326,28446.47849,40001.15413,51554.19231,63106.87597,74659.48382,86212.0755	0.9602195814,0.9601967969,0.9601918402,0.960190779,0.960190586,0.9601905587,0.9601905609,0.9601905586	-0.9601307475,-0.9601784465,-0.9601879712,-0.9601899761,-0.9601904022,-0.960190493,-0.9601905123,-0.9601905164	ok
-0.67835671	-29.36873747	-46.51832361	0.7617677990	continued:5	1,1,1,1,1,1,1,1	-1,-1,-1,-1,-1,-1,-1,-1	7755.724284,19269.33364,30808.75734,42352.76274,53897.70236,65442.83803,76988.01523,88533.20131	5300.024198,16879.27931,28433.98545,39981.31629,51526.96695,63072.2562,74617.46864,86162.6648	0.9602074668,0.9601844354,0.9601794732,0.9601783226,0.9601780975,0.9601781468,0.9601781016,0.9601780949	-0.960118427,-0.9601660706,-0.9601755397,-0.9601775219,-0.9601779408,-0.9601780294,-0.9601780482,-0.9601780522	ok
-0.67635271	-29.36873747	-47.04922520	0.7589744501	continued:5	1,1,1,1,1,1,1,1	-1,-1,-1,-1,-1,-1,-1,-1	7846.967597,19352.74374,30884.67011,42421.23536,53958.74212,65496.44563,77034.19051,88571.94409	5300.545411,16873.85265,28421.41923,39961.36675,51499.59245,63037.45019,74575.2302,86112.99383	0.9601946266,0.9601717905,0.9601669676,0.9601659048,0.9601656686,0.9601656643,0.9601656342,0.9601656257	-0.9601061046,-0.9601536926,-0.9601631062,-0.9601650659,-0.9601654775,-0.9601655642,-0.9601655825,-0.9601655863	ok
-0.67434870	-29.36873747	-47.53149496	0.7563088186	continued:5	1,1,1,1,1,1,1,1	-1,-1,-1,-1,-1,-1,-1,-1	7976.803004,19474.87573,30999.29715,42528.39132,54058.42968,65588.66403,77118.93932,88649.22321	5301.067532,16868.39296,28408.77939,39941.30498,51472.06822,63002.45728,74532.76779,86063.06185	0.9601815978,0.9601591452,0.9601544158,0.9601534708,0.9601531986,0.9601531594,0.9601531416,0.9601531386	-0.9600937802,-0.9601413126,-0.9601506709,-0.960152608,-0.9601530126,-0.9601530972,-0.9601531149,-0.9601531186	ok
-0.67234469	-29.36873747	-47.96858959	0.7543908579	continued:5	-1,-1,-1,-1,-1,-1,-1,-1	-1,-1,-1,-1,-1,-1,-1,-1	8098.049392,19588.39935,31105.28405,42626.87132,54149.40428,65672.13251,77194.90145,88717.67885	5301.590557,16862.89994,28396.06548,39921.13051,51444.39373,62967.27691,74490.0808,86012.86819	-0.9601686017,-0.9601465336,-0.9601419385,-0.9601409406,-0.9601407514,-0.9601406389,-0.9601406278,-0.9601406264	-0.9600814539,-0.9601289305,-0.9601382336,-0.9601401483,-0.9601405458,-0.9601406285,-0.9601406457,-0.9601406492	ok
-0.67034068	-29.36873747	-48.35772315	0.7529349832	continued:5	1,1,1,1,1,1,1,1	-1,-1,-1,-1,-1,-1,-1,-1	8226.613222,19709.226,31218.54277,42732.58735,54247.57823,65762.76335,77277.98861,88793.22219	5302.114482,16857.37328,28383.27708,39900.84284,51416.56847,62931.90853,74447.16866,85962.41225	0.9601555844,0.9601339374,0.9601294258,0.960128426,0.9601282433,0.9601282024,0.9601282061,0.9601281902	-0.9600691257,-0.9601165464,-0.9601257942,-0.9601276868,-0.9601280772,-0.9601281579,-0.9601281746,-0.960128178	ok
-0.66833667	-29.36873747	-48.69980907	0.7520201282	continued:5	1,1,1,1,1,1,1,1	-1,-1,-1,-1,-1,-1,-1,-1	8353.210375,19828.06936,31329.78689,42836.25295,54343.66468,65851.26952,77358.91398,88866.56665	5302.639306,16851.81268,28370.41377,39880.44155,51388.592,62896.35169,74404.03088,85911.69352	0.9601425588,0.9601213776,0.9601169276,0.9601159658,0.960115788,0.9601157298,0.96011572,0.960115718	-0.9600567956,-0.9601041603,-0.960113353,-0.9601152233,-0.9601156069,-0.9601156856,-0.9601157018,-0.9601157051	ok
-0.66633267	-29.36873747	-48.99561566	0.7515185754	continued:5	1,1,1,1,1,1,1,1	-1,-1,-1,-1,-1,-1,-1,-1	11.01141515,8481.727441,19948.81788,31442.90461,42941.75647,54441.55239,65941.53996,77441.56647	5303.165024,16846.21785,28357.47517,39859.92622,51360.46388,62860.60594,74360.66703,85860.71158	0.9586243813,0.9601296199,0.9601086892,0.9601044243,0.9601034901,0.9601032843,0.9601032512,0.9601032765	-0.9600444635,-0.9600917721,-0.9601009097,-0.960102758,-0.9601031346,-0.9601032115,-0.9601032272,-0.9601032304	ok
-0.66432866	-29.36873747	-49.24758360	0.7513513911	full	1,-1,-1,-1,-1,-1,-1,-1	-1,-1,-1,-1,-1,-1,-1,-1	20.50507057,8509.510461,19968.81116,31455.23459,42946.43608,54438.57937,65930.91252,77423.28402	5303.691634,16840.58849,28344.46089,39839.29646,51332.18375,62824.67094,74317.07676,85809.46607	0.9996804592,-0.9601166753,-0.9600960786,-0.9600919101,-0.9600909938,-0.960090803,-0.9600907666,-0.960090821	-0.9600321296,-0.9600793819,-0.9600884644,-0.9600902907,-0.9600906605,-0.9600907355,-0.9600907507,-0.9600907538	ok
-0.66232465	-29.36873747	-42.72535157	0.7722928309	continued:5	1,1,1,1,1,1,1,1	-1,-1,-1,-1,-1,-1,-1,-1	7689.395568,19178.34906,30663.91238,42148.77826,53633.50289,65118.1993,76602.88989,88087.57926	5304.219133,16834.92431,28331.37056,39818.55192,51303.75128,62788.54638,74273.25979,85757.95674	0.9600743373,0.9600774982,0.9600781308,0.960078243,0.9600783153,0.9600783024,0.9600782677,0.9600782633	-0.9600197937,-0.9600669896,-0.9600760171,-0.9600778214,-0.9600781845,-0.9600782577,-0.9600782724,-0.9600782754	ok
-0.66032064	-29.36873747	-43.85149489	0.7694994820	continued:5	1,1,1,1,1,1,1,1	-1,-1,-1,-1,-1,-1,-1,-1	7687.281751,19155.45164,30630.70727,42107.3278,53584.2196,65061.16553,76538.12256,88015.08182	5304.747516,16829.22503,28318.20384,39797.69227,51275.16619,62752.232,74229.21591,85706.18342	0.9600730838,0.9600673397,0.9600661754,0.9600658714,0.9600658927,0.9600657977,0.9600657957,0.9600657953	-0.9600074559,-0.9600545954,-0.9600635678,-0.9600653503,-0.9600657066,-0.960065778,-0.9600657922,-0.9600657951	ok
-0.65831663	-29.36873747	-44.71256035	0.7667061331	continued:5	1,1,1,1,1,1,1,1	-1,-1,-1,-1,-1,-1,-1,-1	7662.805008,19111.45847,30576.84197,42045.28769,53514.33246,64983.49624,76452.68352,87921.87567	5305.276781,16823.49038,28304.96039,39776.71723,51246.42822,62715.72763,74184.94499,85654.14602	0.9600692013,0.9600565362,0.9600539209,0.960053455,0.9600533374,0.9600534033,0.9600533986,0.9600533972	-0.9599951162,-0.960042199,-0.9600511164,-0.9600528771,-0.9600532267,-0.9600532963,-0.9600533102,-0.9600533129	ok
-0.65631263	-29.36873747	-45.44047204	0.7639127843	continued:5	1,1,1,1,1,1,1,1	-1,-1,-1,-1,-1,-1,-1,-1	7641.105459,19073.9073,30530.14449,41990.53438,53451.72745,64913.07847,76374.46068,87835.84904	5305.806925,16817.72007,28291.63991,39755.62653,51217.53721,62679.03315,74140.44697,85601.84456	0.9600616865,0.9600450427,0.9600416775,0.9600409908,0.9600408423,0.960040812,0.9600408079,0.9600408071	-0.9599827746,-0.9600298007,-0.960038663,-0.9600404018,-0.960040745,-0.9600408127,-0.9600408261,-0.9600408288	ok
-0.65430862	-29.36873747	-46.08156682	0.7611194354	continued:5	1,1,1,1,1,1,1,1	-1,-1,-1,-1,-1,-1,-1,-1	7648.436123,19069.63576,30517.44037,41969.88399,53423.21731,64876.72443,76330.26562,87783.81349	5306.337945,16811.91384,28278.24209,39734.41995,51188.493,62642.14849,74095.72187,85549.27913	0.9600512004,0.9600328372,0.9600292804,0.9600285515,0.9600283743,0.9600283462,0.9600283408,0.9600283397	-0.959970431,-0.9600174003,-0.9600262074,-0.9600279246,-0.9600282612,-0.9600283272,-0.9600283402,-0.9600283427	ok
-0.65230461	-29.36873747	-46.65665311	0.7583260865	continued:5	1,1,1,1,1,1,1,1	-1,-1,-1,-1,-1,-1,-1,-1	7700.660925,19112.94935,30552.73436,41997.28115,53442.73499,64888.36481,76334.02893,87779.69973	5306.869838,16806.07143,28264.76667,39713.0973,51159.29549,62605.07366,74050.7698,85496.44994	0.9600387825,0.9600203344,0.9600167206,0.9600160266,0.9600159678,0.9600159213,0.9600159132,0.9600159117	-0.9599580856,-0.9600049979,-0.9600137497,-0.9600154453,-0.9600157754,-0.9600158398,-0.9600158523,-0.9600158548	ok
-0.65030060	-29.36873747	-47.17658239	0.7555327376	continued:5	1,1,1,1,1,1,1,1	-1,-1,-1,-1,-1,-1,-1,-1	7801.402693,19205.67887,30637.5596,42074.20152,53511.74485,64949.46191,76387.21261,87824.96972	5307.4026,16800.19259,28251.21339,39691.65843,51129.94467,62567.80873,74005.59093,85443.35727	0.9600259345,0.9600078306,0.9600042287,0.9600036035,0.9600034289,0.9600033971,0.960003391,0.9600033898	-0.9599457383,-0.9599925934,-0.96000129,-0.9600029639,-0.9600032877,-0.9600033503,-0.9600033624,-0.9600033648	ok
-0.64829659	-29.36873747	-47.64791964	0.7530737573	continued:5	-1,-1,-1,-1,-1,-1,-1,-1	-1,-1,-1,-1,-1,-1,-1,-1	7924.723356,19321.06323,30745.02261,42173.72675,53603.32371,65033.09159,76462.8922,87892.69913	5307.936229,16794.27705,28237.582,39670.10321,51100.44052,62530.35385,73960.18554,85390.00153	-0.9600130388,-0.9599952184,-0.9599917026,-0.9599910391,-0.9599908809,-0.9599908774,-0.9599908803,-0.959990881	-0.959933389,-0.959980187,-0.9599888281,-0.9599904805,-0.9599907978,-0.9599908588,-0.9599908705,-0.9599908728	ok
-0.64629259	-29.36873747	-48.07225014	0.7511557966	continued:5	-1,-1,-1,-1,-1,-1,-1,-1	-1,-1,-1,-1,-1,-1,-1,-1	8052.577624,19440.96134,30856.96646,42277.69686,53699.31097,65121.09289,76542.90681,87964.72673	5308.470721,16788.32458,28223.87231,39648.43156,51070.78311,62492.70921,73914.55397,85336.3832	-0.9600001027,-0.9599825979,-0.9599792524,-0.959978547,-0.9599784034,-0.9599783797,-0.9599783751,-0.9599783742	-0.9599210378,-0.9599677784,-0.959976364,-0.959977995,-0.9599783059,-0.9599783653,-0.9599783766,-0.9599783788	ok
-0.64428858	-29.36873747	-48.44923553	0.7497788556	continued:5	-1,-1,-1,-1,-1,-1,-1,-1	-1,-1,-1,-1,-1,-1,-1,-1	8181.122134,19561.52924,30969.54783,42382.2694,53795.86465,65209.6248,76623.41615,88037.21344	5309.006073,16782.33494,28210.08411,39626.64344,51040.97257,62454.8751,73868.69666,85282.50287	-0.9599871521,-0.9599699967,-0.9599667322,-0.959966035,-0.9599658966,-0.9599658908,-0.9599659459,-0.9599659539	-0.9599086848,-0.9599553677,-0.9599638977,-0.9599655072,-0.959965812,-0.9599658697,-0.9599658806,-0.9599658827	ok
-0.64228457	-29.36873747	-48.77923201	0.7489429343	continued:5	-1,-1,-1,-1,-1,-1,-1,-1	-1,-1,-1,-1,-1,-1,-1,-1	8306.806675,19679.21863,31079.21856,42483.89572,53889.43592,65295.13806,76700.87063,88106.60892	5309.542283,16776.3079,28196.21724,39604.73884,51011.00907,62416.85186,73822.61413,85228.36125	-0.9599741787,-0.9599573758,-0.9599541234,-0.9599535537,-0.9599533846,-0.9599534694,-0.9599534714,-0.9599534706	-0.9598963299,-0.9599429551,-0.9599514293,-0.9599530174,-0.9599533159,-0.959953372,-0.9599533826,-0.9599533846	ok
-0.64028056	-29.36873747	-49.06326011	0.7484413814	continued:5	1,1,1,1,1,1,1,1	-1,-1,-1,-1,-1,-1,-1,-1	18.98838246,8437.57048,19801.9684,31193.91707,42590.51473,53987.96445,65385.57271,76783.21061	5310.079347,16770.24324,28182.27154,39582.7178,50980.89282,62378.63992,73776.30699,85173.95912	0.9607779047,0.9599612905,0.959944682,0.9599415954,0.9599410962,0.9599409922,0.9599409368,0.9599409605	-0.959883973,-0.9599305404,-0.9599389586,-0.9599405254,-0.9599408177,-0.9599408723,-0.9599408825,-0.9599408844	ok
-0.63827655	-29.36873747	-49.30461493	0.7482741972	full	1,-1,-1,-1,-1,-1,-1,-1	-1,-1,-1,-1,-1,-1,-1,-1	40.44845415,8466.515488,19822.87527,31206.73973,42595.22264,53984.54574,65374.02415,76763.53113	5310.617262,16764.14073,28168.24689,39560.58039,50950.62413,62340.23975,73729.77593,85119.29738	0.9962946676,-0.9599484037,-0.9599321573,-0.9599290653,-0.9599285108,-0.9599283798,-0.9599283587,-0.9599283551	-0.9598716142,-0.9599181236,-0.9599264858,-0.9599280312,-0.9599283174,-0.9599283705,-0.9599283803,-0.9599283821	ok
-0.63627255	-29.36873747	-41.20744293	0.7713882325	continued:5	1,1,1,1,1,1,1,1	-1,-1,-1,-1,-1,-1,-1,-1	7621.645651,19028.68225,30415.10566,41797.39908,53178.92088,64560.30052,75941.65402,87323.00271	5311.156025,16758.00017,28154.14319,39538.32672,50920.20332,62301.65195,73683.02175,85064.37706	0.9598975014,0.9599125446,0.9599152298,0.9599157472,0.9599158501,0.9599158695,0.959915873,0.9599158736	-0.9598592536,-0.9599057047,-0.9599140106,-0.9599155348,-0.9599158149,-0.9599158665,-0.9599158759,-0.9599158777	ok
-0.63426854	-29.36873747	-43.01233722	0.7685948836	continued:5	1,1,1,1,1,1,1,1	-1,-1,-1,-1,-1,-1,-1,-1	7635.756402,19016.19481,30390.69713,41764.09188,53137.28332,64510.43805,75883.58583,87256.73259	5311.695634,16751.82136,28139.96037,39515.95696,50889.6308,62262.87712,73636.04532,85009.19926	0.9598986749,0.9599024716,0.9599032148,0.9599033528,0.9599033709,0.9599033849,0.9599033887,0.9599033893	-0.959846891,-0.9598932838,-0.9599015333,-0.9599030361,-0.9599033103,-0.9599033604,-0.9599033695,-0.9599033712	ok
-0.63226453	-29.36873747	-44.07237182	0.7658015348	continued:5	1,1,1,1,1,1,1,1	-1,-1,-1,-1,-1,-1,-1,-1	7618.36109,18975.1227,30338.5869,41703.23602,53068.09883,64433.0003,75797.90871,87162.81836	5312.236085,16745.6041,28125.69836,39493.4713,50858.90703,62223.91601,73588.84761,84953.7652	0.959895836,0.9598917765,0.9598910275,0.9598908641,0.9598908441,0.9598908365,0.959890864,0.9598908636	-0.9598345266,-0.9598808608,-0.9598890536,-0.9598905352,-0.9598908035,-0.959890852,-0.9598908608,-0.9598908624	ok
-0.63026052	-29.36873747	-44.90521194	0.7630081859	continued:5	1,1,1,1,1,1,1,1	-1,-1,-1,-1,-1,-1,-1,-1	7587.167121,18923.08249,30276.17798,41632.18597,52988.71174,64345.33032,75701.96537,87058.6034	5312.777375,16739.34822,28111.35716,39470.86998,50828.03252,62184.76938,73541.42968,84898.07622	0.9598904661,0.9598805514,0.9598787364,0.9598783974,0.9598783546,0.9598783336,0.9598783456,0.9598783484	-0.9598221603,-0.9598684357,-0.9598765716,-0.9598780321,-0.9598782945,-0.9598783415,-0.95987835,-0.9598783515	ok
-0.62825651	-29.36873747	-45.61549650	0.7602148370	continued:5	1,1,1,1,1,1,1,1	-1,-1,-1,-1,-1,-1,-1,-1	7568.426626,18888.38209,30231.97984,41579.47896,52927.66421,64275.97129,75624.30008,86972.63274	5313.319501,16733.05352,28096.93674,39448.15329,50797.00786,62145.43812,73493.79268,84842.13375	0.9598817638,0.9598687127,0.9598663502,0.9598659302,0.9598658831,0.9598658358,0.9598658361,0.959865832	-0.9598097921,-0.9598560085,-0.9598640873,-0.9598655267,-0.9598657831,-0.9598658288,-0.959865837,-0.9598658384	ok
-0.62625251	-29.36873747	-46.24258190	0.7574214881	continued:5	1,1,1,1,1,1,1,1	-1,-1,-1,-1,-1,-1,-1,-1	7585.261098,18893.79148,30228.60614,41567.69585,52907.53041,64247.49613,75587.48524,86927.47826	5313.862461,16726.71985,28082.43715,39425.32156,50765.83368,62105.92317,73445.93787,84785.93934	0.9598704965,0.959856397,0.9598538368,0.9598535015,0.9598533936,0.9598533553,0.9598533506,0.9598533499	-0.959797422,-0.9598435793,-0.9598516006,-0.9598530189,-0.9598532696,-0.9598533139,-0.9598533218,-0.9598533231	ok
-0.62424850	-29.36873747	-46.80487175	0.7546281393	continued:5	1,1,1,1,1,1,1,1	-1,-1,-1,-1,-1,-1,-1,-1	7648.676727,18948.26203,30274.65288,41605.36776,52936.83018,64268.42302,75600.03885,86931.65878	5314.406251,16720.34705,28067.85844,39402.37517,50734.51069,62066.22555,73397.86658,84729.49466	0.9598579917,0.9598438598,0.9598413286,0.9598409836,0.9598408124,0.9598407807,0.9598408854,0.9598408844	-0.95978505,-0.9598311478,-0.9598391117,-0.9598405089,-0.9598407538,-0.9598407968,-0.9598408043,-0.9598408056	ok
-0.62224449	-29.36873747	-47.31237677	0.7518347904	continued:5	1,1,1,1,1,1,1,1	-1,-1,-1,-1,-1,-1,-1,-1	7759.035872,19050.37048,30368.41607,41690.74209,53013.80185,64336.98892,75660.19801,86983.41103	5314.950869,16713.93497,28053.20068,39379.31454,50703.03965,62026.34636,73349.58024,84672.80147	0.9598451587,0.9598312791,0.9598287996,0.9598283501,0.9598283005,0.9598282632,0.9598282731,0.9598282594	-0.9597726761,-0.9598187143,-0.9598266203,-0.9598279965,-0.9598282358,-0.9598282774,-0.9598282846,-0.9598282858	ok
-0.62024048	-29.36873747	-47.77146375	0.7495035275	continued:5	-1,-1,-1,-1,-1,-1,-1,-1	-1,-1,-1,-1,-1,-1,-1,-1	7881.809162,19164.92376,30474.60072,41788.50634,53103.13092,64417.87909,75732.64853,87047.42163	5315.496311,16707.48347,28038.46399,39356.14013,50671.42139,61986.28677,73301.0804,84615.86165	-0.9598323555,-0.9598186604,-0.9598163208,-0.9598159233,-0.9598157896,-0.9598157833,-0.9598157807,-0.9598157806	-0.9597603004,-0.9598062787,-0.9598141265,-0.9598154817,-0.9598157154,-0.9598157557,-0.9598157626,-0.9598157638	ok
-0.61823647	-29.36873747	-48.18261916	0.7475855668	continued:5	1,1,1,1,1,1,1,1	-1,-1,-1,-1,-1,-1,-1,-1	8015.905642,19290.77668,30592.05384,41897.50616,53203.66272,64509.93931,75816.23641,87122.53701	5316.042576,16700.99242,28023.64851,39332.85245,50639.65678,61946.04806,73252.36867,84558.67721	0.9598194415,0.9598060623,0.9598037481,0.9598032911,0.9598033253,0.9598033232,0.9598033227,0.9598033227	-0.9597479227,-0.9597938409,-0.9598016304,-0.9598029647,-0.9598031928,-0.9598032317,-0.9598032384,-0.9598032395	ok
-0.61623246	-29.36873747	-48.54708192	0.7463363432	continued:5	1,1,1,1,1,1,1,1	-1,-1,-1,-1,-1,-1,-1,-1	8141.690097,19408.29761,30701.14482,41998.11186,53295.76777,64593.54029,75891.33243,87189.12793	5316.589658,16694.46171,28008.75441,39309.45207,50607.7468,61905.63155,73203.44678,84501.25023	0.9598065544,0.9597934318,0.9597911407,0.9597908655,0.9597907458,0.9597906889,0.9597907714,0.9597907549	-0.9597355432,-0.9597814009,-0.9597891318,-0.9597904452,-0.9597906677,-0.9597907054,-0.9597907118,-0.9597907129	ok
-0.61422846	-29.36873747	-48.86423282	0.7455004218	continued:5	1,1,1,1,1,1,1,1	-1,-1,-1,-1,-1,-1,-1,-1	8270.941435,19529.26738,30813.65487,42102.10455,53391.22821,64680.46471,75969.72014,87258.97876	5317.137557,16687.89122,27993.78188,39285.9396,50575.69245,61865.03866,73154.31654,84443.58294	0.9597937183,0.9597807906,0.9597786252,0.9597782468,0.9597781686,0.9597781583,0.9597781564,0.9597781561	-0.9597231618,-0.9597689589,-0.9597766308,-0.9597779233,-0.9597781404,-0.9597781768,-0.9597781829,-0.959778184	ok
-0.61222445	-29.36873747	-49.13653613	0.7451265864	continued:5	1,1,1,1,1,1,1,1	-1,-1,-1,-1,-1,-1,-1,-1	29.16492798,8397.436521,19647.45879,30923.35624,42203.25737,53483.81687,64764.48569,76045.17266	5317.686269,16681.28086,27978.73115,39262.31568,50543.49481,61824.2709,73104.97987,84385.67766	0.9634310372,0.959780763,0.9597682238,0.9597660831,0.9597656936,0.9597656374,0.9597656925,0.9597656912	-0.9597107785,-0.9597565146,-0.9597641273,-0.959765399,-0.9597656107,-0.9597656459,-0.9597656518,-0.9597656527	ok
-0.61022044	-29.36873747	-49.36623503	0.7449594022	full	1,1,1,1,1,1,1,1	-1,-1,-1,-1,-1,-1,-1,-1	56.96363656,8427.515482,19669.2105,30936.58784,42207.90948,53479.87402,64751.94421,76024.03181	5318.235791,16674.63055,27963.60248,39238.58103,50511.15502,61783.32983,73055.43877,84327.53683	0.9897371504,0.9597679378,0.9597555397,0.9597534879,0.9597532226,0.9597531018,0.9597530926,0.9597530925	-0.9596983934,-0.9597440681,-0.9597516213,-0.9597528722,-0.9597530786,-0.9597531126,-0.9597531182,-0.9597531192	ok
-0.60821643	-29.36873747	-41.83043185	0.7677485032	continued:5	1,1,1,1,1,1,1,1	-1,-1,-1,-1,-1,-1,-1,-1	7581.671365,18874.54743,30143.11888,41407.42314,52671.0217,63934.50477,75197.96901,86461.43017	5318.786121,16667.94021,27948.39616,39214.7364,50478.6743,61742.21712,73005.69534,84269.163	0.9597245786,0.9597380003,0.9597402232,0.9597405856,0.9597405534,0.9597405649,0.959740566,0.9597405662	-0.9596860063,-0.9597316196,-0.9597391129,-0.959740343,-0.9597405441,-0.959740577,-0.9597405824,-0.9597405832	ok
-0.60621242	-29.36873747	-43.32630285	0.7649551543	continued:5	1,1,1,1,1,1,1,1	-1,-1,-1,-1,-1,-1,-1,-1	7574.461182,18838.6509,30094.99966,41350.05113,52604.89192,63859.69856,75114.49968,86369.29991	5319.337255,16661.20978,27933.11252,39190.78257,50446.05391,61700.9345,72955.75178,84210.55882	0.9597232262,0.9597272386,0.9597279023,0.9597279961,0.9597280174,0.9597280199,0.9597280202,0.9597280202	-0.9596736174,-0.9597191687,-0.9597266019,-0.9597278113,-0.9597280073,-0.959728039,-0.9597280441,-0.959728045	ok
-0.60420842	-29.36873747	-44.31916614	0.7621618055	continued:5	1,1,1,1,1,1,1,1	-1,-1,-1,-1,-1,-1,-1,-1	7542.758062,18781.54422,30026.49696,41272.42178,52518.50189,63764.60689,75010.71587,86256.82549	5319.88919,16654.43922,27917.7519,39166.72042,50413.2952,61659.48378,72905.61039,84151.72707	0.9597191425,0.9597161217,0.9597156607,0.9597154912,0.9597154789,0.9597154769,0.9597154766,0.9597154765	-0.9596612267,-0.9597067157,-0.9597140884,-0.9597152773,-0.959715468,-0.9597154985,-0.9597155035,-0.9597155043	ok
-0.60220441	-29.36873747	-45.11936380	0.7593684566	continued:5	1,1,1,1,1,1,1,1	-1,-1,-1,-1,-1,-1,-1,-1	7507.467724,18725.31232,29959.71522,41196.63383,52433.94907,63671.32721,74908.71532,86146.10502	5320.441925,16647.62848,27902.31469,39142.55082,50380.39955,61617.86686,72855.27355,84092.67062	0.9597121072,0.9597044059,0.9597032516,0.9597030727,0.9597030434,0.9597030395,0.9597030389,0.9597030389	-0.959648834,-0.9596942605,-0.9597015724,-0.9597027406,-0.9597029263,-0.9597029558,-0.9597029604,-0.9597029612	ok
-0.60020040	-29.36873747	-45.80781684	0.7565751077	continued:5	1,1,1,1,1,1,1,1	-1,-1,-1,-1,-1,-1,-1,-1	7494.817193,18697.42597,29922.17433,41150.20872,52378.75535,63607.38217,74836.02158,86064.66316	5320.995456,16640.77754,27886.80131,39118.27473,50347.36845,61576.08571,72804.74374,84033.39245	0.9597023167,0.9596922587,0.9596907055,0.9596905254,0.9596905075,0.9596905022,0.9596904882,0.9596905007	-0.9596364396,-0.959681803,-0.9596890537,-0.9596902015,-0.9596903821,-0.9596904105,-0.959690415,-0.9596904157	ok
-0.59819639	-29.36873747	-46.41717499	0.7537817588	continued:5	1,1,1,1,1,1,1,1	-1,-1,-1,-1,-1,-1,-1,-1	7523.35002,18715.0806,29930.79439,41150.01868,52369.78425,63589.63394,74809.49673,86029.36155	5321.54978,16633.88638,27871.21221,39093.89315,50314.2034,61534.14238,72754.02352,83973.89566	0.9596906065,0.959679807,0.9596781429,0.9596778994,0.9596778574,0.959677851,0.95967785,0.9596778498	-0.9596240432,-0.9596693432,-0.9596765325,-0.9596776599,-0.9596778356,-0.9596778629,-0.9596778672,-0.9596778678	ok
-0.59619238	-29.36873747	-46.96344548	0.7509884099	continued:5	1,1,1,1,1,1,1,1	-1,-1,-1,-1,-1,-1,-1,-1	7599.025405,18781.88278,29988.82248,41199.2536,52410.21754,63621.26339,74832.3222,86043.38299	5322.104894,16626.95503,27855.54786,39069.40712,50280.90602,61492.03901,72703.11558,83914.18345	0.9596779551,0.9596672218,0.9596656886,0.9596653431,0.959665352,0.9596653878,0.9596653853,0.9596653846	-0.9596116449,-0.9596568813,-0.9596640088,-0.9596651157,-0.9596652865,-0.9596653128,-0.9596653169,-0.9596653175	ok
-0.59418838	-29.36873747	-47.45578171	0.7481950611	continued:5	-1,-1,-1,-1,-1,-1,-1,-1	-1,-1,-1,-1,-1,-1,-1,-1	7719.390742,18893.76128,30091.95709,41293.57615,52495.71274,63697.92812,74900.15552,86102.38476	5322.660797,16619.98348,27839.8088,39044.81773,50247.47794,61449.77779,72652.02265,83854.25911	-0.9596649968,-0.9596546097,-0.959653021,-0.9596528633,-0.9596527493,-0.9596528053,-0.9596528039,-0.9596528038	-0.9595992448,-0.9596444171,-0.9596514824,-0.959652569,-0.9596527349,-0.9596527603,-0.9596527641,-0.9596527647	ok
-0.59218437	-29.36873747	-47.90032806	0.7457360807	continued:5	1,1,1,1,1,1,1,1	-1,-1,-1,-1,-1,-1,-1,-1	7858.120463,19023.98901,30213.41571,41406.19631,52599.47886,63792.83703,74986.20661,86179.57807	5323.217484,16612.97177,27823.99557,39020.12613,50213.92089,61407.36102,72600.74758,83794.12606	0.9596522101,0.9596419652,0.9596405506,0.9596402654,0.9596402176,0.9596402095,0.9596402082,0.959640208	-0.9595868428,-0.9596319506,-0.9596389534,-0.9596400198,-0.959640181,-0.9596402053,-0.959640209,-0.9596402095	ok
-0.59018036	-29.36873747	-48.29880767	0.7441524886	continued:5	-1,-1,-1,-1,-1,-1,-1,-1	-1,-1,-1,-1,-1,-1,-1,-1	7978.330365,19135.67077,30316.30159,41500.21742,52684.6198,63869.09478,75053.58061,86238.06804	5323.774954,16605.91994,27808.10875,38995.33351,50180.23665,61364.79104,72549.29332,83733.7878	-0.9596393861,-0.959629375,-0.9596278805,-0.959627663,-0.9596276559,-0.9596276448,-0.9596276246,-0.9596276245	-0.959574439,-0.9596194818,-0.9596264218,-0.959627468,-0.9596276245,-0.9596276478,-0.9596276513,-0.9596276519	ok
-0.58817635	-29.36873747	-48.64818836	0.7429032650	continued:5	1,1,1,1,1,1,1,1	-1,-1,-1,-1,-1,-1,-1,-1	8109.25978,19258.05651,30429.86644,41604.89178,52780.38858,63955.95496,75131.53162,86307.10979	5324.333203,16598.82806,27792.14896,38970.44111,50146.42705,61322.0703,72497.66287,83673.24795	0.959626465,0.9596167543,0.9596153236,0.9596151415,0.9596151164,0.9596151124,0.959615112,0.9596151119	-0.9595620333,-0.9596070107,-0.9596138875,-0.9596149136,-0.9596150655,-0.9596150879,-0.9596150912,-0.9596150917	ok
-0.58617234	-29.36873747	-48.95156871	0.7421950611	continued:5	1,1,1,1,1,1,1,1	-1,-1,-1,-1,-1,-1,-1,-1	8235.377238,19375.61219,30538.57715,41704.68722,52871.25343,64037.88627,75204.52884,86371.17284	5324.892229,16591.69619,27776.11686,38945.45021,50112.49402,61279.2013,72445.85936,83612.51022	0.9596136239,0.9596041441,0.9596028358,0.9596025565,0.9596025286,0.9596025242,0.9596025236,0.9596025235	-0.9595496258,-0.9595945372,-0.9596013505,-0.9596023567,-0.959602504,-0.9596025255,-0.9596025287,-0.9596025291	ok
-0.58416834	-29.36873747	-49.21034472	0.7418212257	continued:5	1,1,1,1,1,1,1,1	-1,-1,-1,-1,-1,-1,-1,-1	41.34356883,8364.119056,19495.77635,30649.87218,41807.04223,52964.65346,64122.3284,75280.01254	5325.452029,16584.52443,27760.01312,38920.36216,50078.43949,61236.18661,72393.88596,83551.57841	0.9660702772,0.9596008052,0.9595915293,0.9595901586,0.9595900075,0.9595899773,0.9595899508,0.9595899639	-0.9595372164,-0.9595820615,-0.9595888109,-0.9595897972,-0.95958994,-0.9595899606,-0.9595899636,-0.959589964	ok
-0.58216433	-29.36873747	-49.42805250	0.7416540414	full	1,1,1,1,1,1,1,1	-1,-1,-1,-1,-1,-1,-1,-1	73.07873273,8395.224225,19518.28094,30663.48335,41811.68961,52960.32222,64109.01567,75257.71787	5326.012601,16577.31288,27743.83847,38895.17835,50044.26551,61193.0289,72341.74597,83490.45642	0.9817528843,0.9595879684,0.959578971,0.9595776248,0.9595774313,0.9595774015,0.959577428,0.9595774254	-0.9595248052,-0.9595695834,-0.9595762686,-0.959577235,-0.9595773734,-0.9595773932,-0.959577396,-0.9595773965	ok
-0.58016032	-29.36873747	-42.29818176	0.7639306636	continued:5	1,1,1,1,1,1,1,1	-1,-1,-1,-1,-1,-1,-1,-1	7541.044432,18713.76648,29858.42067,40998.82608,52138.62486,63278.33778,74418.03857,85557.73763	5326.573941,16570.06166,27727.59366,38869.90019,50009.97415,61149.73088,72289.44275,83429.14826	0.9595501569,0.9595628045,0.9595645445,0.9595648203,0.9595648773,0.9595648845,0.9595648855,0.9595648856	-0.9595123921,-0.9595571029,-0.9595637236,-0.9595646704,-0.9595648044,-0.9595648233,-0.959564826,-0.9595648264	ok
-0.57815631	-29.36873747	-43.61785199	0.7611373147	continued:5	1,1,1,1,1,1,1,1	-1,-1,-1,-1,-1,-1,-1,-1	7516.881845,18659.5124,29791.89106,40922.8019,52053.50701,63184.18332,74314.8556,85445.52732	5327.136047,16562.7709,27711.27948,38844.52917,49975.56756,61106.29535,72236.97972,83367.65802	0.9595471776,0.9595515374,0.9595521657,0.9595522531,0.95955226,0.9595522614,0.9595522616,0.9595522616	-0.9594999771,-0.9595446201,-0.9595511759,-0.9595521031,-0.9595522328,-0.959552251,-0.9595522535,-0.9595522538	ok
-0.57615230	-29.36873747	-44.55840275	0.7583439658	continued:5	1,1,1,1,1,1,1,1	-1,-1,-1,-1,-1,-1,-1,-1	7476.244581,18592.87559,29713.81523,40835.34402,51956.95406,63078.57531,74200.19811,85321.82113	5327.698917,16555.44076,27694.89675,38819.06682,49941.04792,61062.72517,72184.36042,83305.98988	0.959541717,0.9595399595,0.9595397024,0.9595396765,0.9595396729,0.9595396724,0.9595396723,0.9595396723	-0.9594875603,-0.9595321349,-0.9595386255,-0.9595395331,-0.9595396587,-0.9595396761,-0.9595396785,-0.9595396788	ok
-0.57414830	-29.36873747	-45.33099841	0.7555506170	continued:5	1,1,1,1,1,1,1,1	-1,-1,-1,-1,-1,-1,-1,-1	7442.199385,18538.47909,29648.8745,40761.13438,51873.64759,62986.19537,74098.74785,85211.30099	5328.262548,16548.0714,27678.44632,38793.5147,49906.4175,61019.02325,72131.58844,83244.1481	0.9595336928,0.959527952,0.959527236,0.9595271334,0.9595270997,0.959527093,0.9595270921,0.959527092	-0.9594751417,-0.9595196473,-0.9595260724,-0.9595269606,-0.9595270821,-0.9595270987,-0.9595271009,-0.9595271012	ok
-0.57214429	-29.36873747	-46.00000984	0.7527572681	continued:5	1,1,1,1,1,1,1,1	-1,-1,-1,-1,-1,-1,-1,-1	7438.977659,18520.8286,29621.48638,40724.57342,51827.98622,62931.44289,74034.9055,85138.36891	5328.826936,16540.66302,27661.9291,38767.87444,49871.67861,60975.19261,72078.66746,83182.13703	0.9595230575,0.9595156753,0.9595146918,0.9595145634,0.9595144999,0.9595145465,0.9595145476,0.9595145234	-0.9594627212,-0.9595071573,-0.9595135165,-0.9595143855,-0.9595145029,-0.9595145187,-0.9595145209,-0.9595145212	ok
-0.57014028	-29.36873747	-46.59301593	0.7499639192	continued:5	1,1,1,1,1,1,1,1	-1,-1,-1,-1,-1,-1,-1,-1	7480.17298,18551.50979,29642.91922,40736.88275,51831.18453,62925.53134,74019.88415,85114.23775	5329.39208,16533.2158,27645.34599,38742.14769,49836.8336,60931.23629,72025.60122,83119.96113	0.9595109019,0.9595030854,0.9595021092,0.9595019875,0.9595019695,0.959501967,0.9595019667,0.9595019666	-0.9594502988,-0.9594946649,-0.9595009579,-0.9595018077,-0.9595019211,-0.9595019363,-0.9595019383,-0.9595019385	ok
-0.56813627	-29.36873747	-47.12419254	0.7471705703	continued:5	1,1,1,1,1,1,1,1	-1,-1,-1,-1,-1,-1,-1,-1	7567.733057,18630.11679,29712.4548,40797.30194,51882.47741,62967.69605,74052.92035,85138.14541	5329.957977,16525.72997,27628.69796,38716.33617,49801.8849,60887.1574,71972.39354,83057.62489	0.9594981957,0.9594904782,0.9594894851,0.9594893925,0.9594893805,0.9594893782,0.9594893778,0.9594893778	-0.9594378746,-0.95948217,-0.9594883964,-0.9594892273,-0.9594893369,-0.9594893513,-0.9594893532,-0.9594893534	ok
-0.56613226	-29.36873747	-47.60207442	0.7443772215	continued:5	1,1,1,1,1,1,1,1	-1,-1,-1,-1,-1,-1,-1,-1	7697.410075,18751.0606,29824.33718,40900.05363,51976.08529,63052.15788,74128.23579,85204.3144	5330.524624,16518.20576,27611.98599,38690.4416,49766.83498,60842.95914,71919.04831,82995.13293	0.959485404,0.9594778342,0.9594769104,0.9594767609,0.9594767394,0.9594767373,0.959476737,0.959476737	-0.9594254486,-0.9594696727,-0.9594758323,-0.9594766443,-0.95947675,-0.9594767638,-0.9594767656,-0.9594767658	ok
-0.56412826	-29.36873747	-48.03269195	0.7421248922	continued:5	1,1,1,1,1,1,1,1	-1,-1,-1,-1,-1,-1,-1,-1	7831.036167,18875.94303,29940.14067,41006.7079,52073.57772,63140.48633,74207.39991,85274.31413	5331.092018,16510.64343,27595.21112,38664.4658,49731.68635,60798.64474,71865.56949,82932.48991	0.9594725254,0.9594652265,0.959464327,0.9594641945,0.959464175,0.9594641763,0.9594641764,0.9594641765	-0.9594130207,-0.9594571729,-0.9594632654,-0.9594640587,-0.9594641607,-0.9594641738,-0.9594641755,-0.9594641757	ok
-0.56212425	-29.36873747	-48.41596693	0.7405413001	continued:5	1,1,1,1,1,1,1,1	-1,-1,-1,-1,-1,-1,-1,-1	7957.858365,18993.99987,30049.10024,41106.50178,52164.19325,63221.92141,74279.65422,85337.38762	5331.660158,16503.04324,27578.37439,38638.41058,49696.44158,60754.2175,71811.96109,82869.70059	0.9594597081,0.9594526088,0.9594517292,0.9594516452,0.9594516319,0.9594516301,0.9594516299,0.9594516299	-0.959400591,-0.9594446706,-0.9594506956,-0.9594514704,-0.9594515688,-0.9594515812,-0.9594515828,-0.959451583	ok
-0.56012024	-29.36873747	-48.75127703	0.7394987276	continued:5	1,1,1,1,1,1,1,1	-1,-1,-1,-1,-1,-1,-1,-1	8082.396482,19109.7579,30155.74385,41203.96305,52252.46003,63300.99172,74349.52774,85398.0643	5332.22904,16495.40548,27561.47689,38612.27783,49661.1033,60709.68076,71758.2272,82806.76977	0.9594469149,0.9594399965,0.9594391338,0.9594390241,0.9594390096,0.9594390073,0.959439007,0.9594390069	-0.9593881595,-0.9594321659,-0.9594381231,-0.9594388795,-0.9594389743,-0.9594389861,-0.9594389876,-0.9594389878	ok
-0.55811623	-29.36873747	-49.03998348	0.7387905237	continued:5	1,1,1,1,1,1,1,1	-1,-1,-1,-1,-1,-1,-1,-1	8211.947266,19230.51876,30267.3747,41306.39598,52345.68302,63385.00275,74424.32651,85463.65076	5332.798662,16487.73045,27544.51974,38586.06945,49625.67416,60665.03793,71704.37197,82743.70234	0.9594340896,0.9594273346,0.9594264762,0.9594263878,0.9594263965,0.9594263955,0.9594263953,0.9594263953	-0.9593757261,-0.9594196587,-0.9594255479,-0.959426286,-0.9594263772,-0.9594263885,-0.9594263899,-0.9594263901	ok
-0.55611222	-29.36873747	-49.28566982	0.7386233394	continued:5	1,-1,-1,-1,-1,-1,-1,-1	-1,-1,-1,-1,-1,-1,-1,-1	57.27118955,8333.937782,19343.70232,30371.41223,41401.22062,52431.28316,63461.37662,74491.47384	5333.369021,16480.01848,27527.5041,38559.78739,49590.15687,60620.29247,71650.39959,82680.50325	0.9686765156,-0.9594212465,-0.9594147407,-0.9594139517,-0.9594137983,-0.9594138344,-0.9594138215,-0.9594138194	-0.9593632909,-0.959407149,-0.9594129698,-0.9594136899,-0.9594137777,-0.9594137884,-0.9594137897,-0.9594137898	ok
-0.55410822	-29.36873747	-49.49005446	0.7377084844	full	1,1,1,1,1,1,1,1	-1,-1,-1,-1,-1,-1,-1,-1	78.92746152,8392.612678,19393.77714,30412.35089,41432.93507,52453.75963,63474.61299,74495.4698	5333.940114,16472.2699,27510.43115,38533.43365,49554.55418,60575.44788,71596.31434,82617.17752	0.9788878485,0.9594084716,0.9594020676,0.95940126,0.9594012628,0.9594012061,0.9594011815,0.9594011736	-0.9593508538,-0.9593946366,-0.959400389,-0.9594010911,-0.9594011756,-0.9594011857,-0.9594011869,-0.9594011871	ok
-0.55210421	-29.36873747	-42.79862023	0.7598732072	continued:5	1,1,1,1,1,1,1,1	-1,-1,-1,-1,-1,-1,-1,-1	7496.528401,18541.93226,29557.77882,40569.88836,51581.5518,62593.16244,73604.76683,84616.37048	5334.51194,16464.48508,27493.30209,38507.01025,49518.8689,60530.50772,71542.12051,82553.73022	0.959375647,0.9593870718,0.959388468,0.9593885309,0.9593885753,0.9593885729,0.9593885725,0.9593885724	-0.9593384149,-0.9593821218,-0.9593878053,-0.9593884897,-0.9593885709,-0.9593885805,-0.9593885817,-0.9593885818	ok
-0.55010020	-29.36873747	-43.96528570	0.7570798583	continued:5	1,1,1,1,1,1,1,1	-1,-1,-1,-1,-1,-1,-1,-1	7457.808433,18472.97077,29476.8394,40479.35672,51481.71549,62484.05575,73486.39386,84488.73171	5335.084496,16456.66438,27476.11818,38480.51924,49483.10385,60485.4756,71487.82248,82490.16647	0.9593711922,0.959375492,0.9593758932,0.9593759578,0.9593759885,0.9593759893,0.9593759894,0.9593759894	-0.9593259742,-0.9593696044,-0.9593752188,-0.9593758857,-0.9593759637,-0.9593759728,-0.9593759739,-0.959375974	ok
-0.54809619	-29.36873747	-44.84864442	0.7542865094	continued:5	1,1,1,1,1,1,1,1	-1,-1,-1,-1,-1,-1,-1,-1	7412.643668,18402.63003,29395.33892,40388.35925,51381.41536,62374.47559,73367.5363,84360.59705	5335.657778,16448.80821,27458.88069,38453.96273,49447.26191,60440.35514,71433.42466,82426.49146	0.9593644509,0.9593635219,0.9593634075,0.9593633416,0.9593633407,0.9593633406,0.9593633406,0.9593633405	-0.9593135317,-0.9593570845,-0.9593626295,-0.9593632791,-0.959363354,-0.9593633626,-0.9593633636,-0.9593633637	ok
-0.54609218	-29.36873747	-45.58815789	0.7514931605	continued:5	1,1,1,1,1,1,1,1	-1,-1,-1,-1,-1,-1,-1,-1	7385.459891,18356.65509,29339.03286,40322.64792,51306.40292,62290.17374,73273.94639,84257.71924	5336.231786,16440.91697,27441.59092,38427.34285,49411.34599,60395.15004,71378.93151,82362.71041	0.9593552628,0.9593513105,0.9593508822,0.959350844,0.9593507267,0.9593508372,0.9593508371,0.9593508371	-0.9593010873,-0.9593445619,-0.9593500374,-0.9593506698,-0.9593507417,-0.9593507498,-0.9593507508,-0.9593507509	ok
-0.54408818	-29.36873747	-46.23282760	0.7486998117	continued:5	1,1,1,1,1,1,1,1	-1,-1,-1,-1,-1,-1,-1,-1	7396.458668,18354.42456,29327.10773,40301.38337,51275.83627,62250.309,73224.78395,84199.25914	5336.806515,16432.99109,27424.25019,38400.66176,49375.35904,60349.86403,71324.34752,82298.82862	0.959344042,0.959338805,0.9593382113,0.959338122,0.9593382135,0.9593382127,0.9593382126,0.9593382126	-0.9592886411,-0.9593320368,-0.9593374426,-0.9593380579,-0.9593381268,-0.9593381345,-0.9593381354,-0.9593381355	ok
-0.54208417	-29.36873747	-46.80514895	0.7459064628	continued:5	1,1,1,1,1,1,1,1	-1,-1,-1,-1,-1,-1,-1,-1	7453.596718,18401.49284,29364.81691,40329.78271,51294.9286,62260.09433,73225.26222,84190.43035	5337.381964,16425.03102,27406.85988,38373.92164,49339.30403,60304.50086,71269.67725,82234.85139	0.959331607,0.9593262367,0.959325605,0.9593255834,0.9593255676,0.9593255156,0.9593255183,0.9593255178	-0.959276193,-0.959319509,-0.9593248449,-0.9593254434,-0.9593255095,-0.9593255168,-0.9593255176,-0.9593255177	ok
-0.54008016	-29.36873747	-47.31740086	0.7431131139	continued:5	1,1,1,1,1,1,1,1	-1,-1,-1,-1,-1,-1,-1,-1	7555.24587,18494.12702,29448.19443,40403.85417,51359.68609,62315.53668,73271.38931,84227.24214	5337.95813,16417.03723,27389.42136,38347.12473,49303.18399,60259.06434,71214.92528,82170.78411	0.9593188377,0.9593135929,0.9593130508,0.9593128827,0.9593129045,0.9593129138,0.9593128873,0.9593129799	-0.9592637432,-0.9593069787,-0.9593122444,-0.9593128264,-0.9593128896,-0.9593128965,-0.9593128973,-0.9593128974	ok
-0.53807615	-29.36873747	-47.77745864	0.7404474824	continued:5	1,1,1,1,1,1,1,1	-1,-1,-1,-1,-1,-1,-1,-1	7688.4095,18618.38546,29563.19938,40509.54663,51456.05703,62402.58485,73349.11454,84295.64442	5338.53501,16409.0102,27371.93604,38320.27326,49267.00196,60213.55829,71160.09621,82106.63216	0.9593060224,0.959300947,0.9593004223,0.9593002983,0.9593003506,0.9593003347,0.9593003308,0.9593003301	-0.9592512916,-0.9592944458,-0.9592996411,-0.9593002067,-0.9593002673,-0.9593002737,-0.9593002744,-0.9593002745	ok
-0.53607214	-29.36873747	-48.19001109	0.7385295218	continued:5	-1,-1,-1,-1,-1,-1,-1,-1	-1,-1,-1,-1,-1,-1,-1,-1	7812.220194,18733.27636,29668.82799,40605.85532,51543.03728,62480.23549,73417.4354,84354.6355	5133.029749,16194.91104,27148.37285,38087.33778,49024.72934,59961.95492,70899.16305,81836.36934	-0.9592933013,-0.9592882987,-0.9592877873,-0.9592877343,-0.9592877286,-0.9592877281,-0.959287728,-0.959287728	-0.9592388186,-0.9592819077,-0.9592870347,-0.9592875844,-0.9592876424,-0.9592876485,-0.9592876491,-0.9592876492	ok
-0.53406814	-29.36873747	-48.55342651	0.7370736470	continued:5	-1,-1,-1,-1,-1,-1,-1,-1	-1,-1,-1,-1,-1,-1,-1,-1	7940.02335,18852.15451,29778.43663,40706.13789,51633.98546,62561.84817,73489.71245,84417.57689	5133.76503,16186.97614,27130.9553,38060.54107,48988.58956,59916.47843,70844.35078,81772.22142	-0.9592804246,-0.9592756462,-0.959275115,-0.9592750545,-0.9592750471,-0.9592750449,-0.9592750446,-0.9592750446	-0.9592263635,-0.9592693694,-0.9592744259,-0.9592749596,-0.959275015,-0.9592750207,-0.9592750213,-0.9592750213	ok
-0.53206413	-29.36873747	-48.86965464	0.7360310746	continued:5	1,1,1,1,1,1,1,1	-1,-1,-1,-1,-1,-1,-1,-1	8070.550451,18973.74885,29890.75507,40809.12487,51727.63311,62646.15543,73564.67919,84483.20309	5134.500825,16179.00935,27113.49514,38033.69653,48952.39688,59870.94388,70789.47526,81708.00505	0.9592676139,0.9592629919,0.9592624371,0.9592623693,0.9592623652,0.9592623647,0.9592623647,0.9592623647	-0.9592139066,-0.9592568285,-0.9592618142,-0.9592623323,-0.9592623851,-0.9592623905,-0.959262391,-0.9592623911	ok
-0.53006012	-29.36873747	-49.14138785	0.7355295218	continued:5	-1,-1,-1,-1,-1,-1,-1,-1	-1,-1,-1,-1,-1,-1,-1,-1	8194.733426,19088.9916,29996.71524,40905.7482,51814.91192,62724.08873,73633.26686,84542.44512	5135.237134,16171.01123,27095.99387,38006.80649,48916.15445,59825.35522,70734.54122,81643.72576	-0.9592548053,-0.9592503212,-0.9592498854,-0.9592498503,-0.9592498454,-0.9592498449,-0.9592498448,-0.9592498448	-0.9592014478,-0.959244285,-0.9592491998,-0.9592497023,-0.9592497527,-0.9592497578,-0.9592497583,-0.9592497584	ok
-0.52805611	-29.36873747	-49.37033206	0.7359033572	full	-1,-1,-1,-1,-1,-1,-1,-1	-1,-1,-1,-1,-1,-1,-1,-1	8203.84678,19089.40168,29987.86099,40887.55581,51787.37203,62687.20021,73587.02957,84486.85904	5135.973953,16162.98234,27078.45304,37979.87333,48879.86545,59779.7164,70679.55342,81579.38908	-0.9592420072,-0.9592376766,-0.9592371436,-0.959237099,-0.9592371185,-0.9592371219,-0.959237122,-0.959237122	-0.9591889873,-0.9592317387,-0.9592365825,-0.9592370698,-0.9592371179,-0.9592371227,-0.9592371231,-0.9592371232	ok
-0.52605210	-29.36873747	-41.31299709	0.7589503825	continued:5	1,1,1,1,1,1,1,1	-1,-1,-1,-1,-1,-1,-1,-1	7489.487452,18442.34047,29339.57259,40230.71296,51121.25505,62011.73907,72902.21747,83792.69533	5136.711282,16154.92329,27060.87419,37952.89946,48843.53306,59734.03141,70624.51664,81515.0006	0.9592024539,0.9592221824,0.9592243353,0.9592244402,0.959224491,0.9592244968,0.9592244973,0.9592244974	-0.9591765249,-0.9592191897,-0.9592239625,-0.9592244347,-0.9592244806,-0.959224485,-0.9592244855,-0.9592244855	ok
-0.52404810	-29.36873747	-43.14269642	0.7561570336	continued:5	1,1,1,1,1,1,1,1	-1,-1,-1,-1,-1,-1,-1,-1	7444.53789,18359.58589,29244.14645,40125.60007,51006.75565,61887.88282,72769.00729,83650.1315	5137.449117,16146.83467,27043.2589,37925.88727,48807.1605,59688.30425,70569.43566,81450.5659	0.959200133,0.9592106643,0.9592117239,0.9592118092,0.9592118282,0.9592118301,0.9592118303,0.9592118303	-0.9591640607,-0.9592066381,-0.9592113397,-0.9592117972,-0.9592118408,-0.959211845,-0.9592118454,-0.9592118454	ok
-0.52204409	-29.36873747	-44.22439818	0.7533636847	continued:5	1,1,1,1,1,1,1,1	-1,-1,-1,-1,-1,-1,-1,-1	7394.849877,18280.2364,29153.31284,40025.20472,50896.98541,61768.75568,72640.52498,83512.29419	5138.187458,16138.71711,27025.60877,37898.83921,48770.75099,59642.53894,70514.3153,81386.09057	0.9591945761,0.9591987521,0.9591992469,0.9591992846,0.9591992878,0.9591992874,0.9591992874,0.9591992874	-0.9591515947,-0.9591940837,-0.9591987142,-0.9591991571,-0.9591991986,-0.9591992025,-0.9591992029,-0.9591992029	ok
-0.52004008	-29.36873747	-45.07009959	0.7505703359	continued:5	1,1,1,1,1,1,1,1	-1,-1,-1,-1,-1,-1,-1,-1	7348.104699,18209.76443,29072.10881,39934.5161,50796.92918,61659.34279,72521.75645,83384.17011	5138.926301,16130.57124,27007.92541,37871.75771,48734.30777,59596.73951,70459.16037,81321.58022	0.9591868844,0.9591866101,0.9591866163,0.9591866113,0.9591866046,0.9591865977,0.959186597,0.9591866008	-0.9591391268,-0.9591815266,-0.9591860859,-0.9591865145,-0.959186554,-0.9591865576,-0.959186558,-0.959186558	ok
-0.51803607	-29.36873747	-45.78558821	0.7477769870	continued:5	1,1,1,1,1,1,1,1	-1,-1,-1,-1,-1,-1,-1,-1	7328.240103,18172.72761,29025.02412,39878.014,50731.06644,61584.12454,72437.18314,83290.24179	5139.665646,16122.39773,26990.21045,37844.64525,48697.83409,59550.91,70403.9757,81257.04048	0.9591767256,0.9591742259,0.9591739802,0.9591739478,0.9591739445,0.9591739443,0.9591739442,0.9591739442	-0.9591266572,-0.9591689668,-0.9591734548,-0.9591738694,-0.9591739069,-0.9591739103,-0.9591739106,-0.9591739107	ok
-0.51603206	-29.36873747	-46.41134182	0.7449836381	continued:5	1,1,1,1,1,1,1,1	-1,-1,-1,-1,-1,-1,-1,-1	7351.029075,18183.31446,29026.02752,39869.64435,50713.34121,61557.04517,72400.74975,83244.4544	5140.40549,16114.19724,26972.46553,37817.5043,48661.33322,59505.05445,70348.76613,81192.47696	0.9591649902,0.9591616648,0.9591613487,0.9591612355,0.9591612321,0.9591612318,0.9591612318,0.9591612318	-0.9591141858,-0.9591564042,-0.9591608211,-0.9591612218,-0.9591612574,-0.9591612606,-0.9591612609,-0.9591612609	ok
-0.51402806	-29.36873747	-46.96693640	0.7421902892	continued:5	1,1,1,1,1,1,1,1	-1,-1,-1,-1,-1,-1,-1,-1	7420.029766,18242.60962,29075.95947,39910.22496,50744.57006,61578.9221,72413.27475,83247.62745	5141.145831,16105.97047,26954.69233,37790.33734,48624.80842,59459.17693,70293.5365,81127.89529	0.9591524428,0.9591489996,0.9591486587,0.9591486271,0.9591486269,0.9591486256,0.9591486255,0.9591486255	-0.9591017125,-0.959143839,-0.9591481845,-0.9591485717,-0.9591486055,-0.9591486085,-0.9591486087,-0.9591486088	ok
-0.51202405	-29.36873747	-47.46360302	0.7393969403	continued:5	-1,-1,-1,-1,-1,-1,-1,-1	-1,-1,-1,-1,-1,-1,-1,-1	7531.323317,18344.88501,29168.93127,39993.85292,50818.84929,61643.85205,72468.85535,83293.8587	5141.886667,16097.71811,26936.89253,37763.14688,48588.26299,59413.2815,70238.29165,81063.30108	-0.9591396803,-0.9591363481,-0.9591360645,-0.9591360151,-0.95913601,-0.9591360097,-0.9591360098,-0.9591360096	-0.9590892375,-0.9591312709,-0.9591355453,-0.9591359192,-0.9591359513,-0.959135954,-0.9591359543,-0.9591359543	ok
-0.51002004	-29.36873747	-47.90890838	0.7369379600	continued:5	-1,-1,-1,-1,-1,-1,-1,-1	-1,-1,-1,-1,-1,-1,-1,-1	7659.915904,18464.49695,29279.24459,40094.82574,50910.47674,61726.13362,72541.79089,83357.44819	5142.627996,16089.4409,26919.06781,37735.93541,48551.70021,59367.37221,70183.03641,80998.69996	-0.9591268863,-0.959123656,-0.959123293,-0.9591232835,-0.959123281,-0.9591232808,-0.9591232808,-0.9591232808	-0.9590767606,-0.9591187,-0.9591229034,-0.9591232642,-0.9591232945,-0.9591232971,-0.9591232973,-0.9591232973	ok
-0.50801603	-29.36873747	-48.30560367	0.7350199993	continued:5	-1,-1,-1,-1,-1,-1,-1,-1	-1,-1,-1,-1,-1,-1,-1,-1	7789.963937,18585.562,29391.01378,40197.25849,51003.56827,61809.88343,72616.19904,83422.51468	5143.369817,16081.13955,26901.21988,37708.70547,48515.12336,59321.45313,70127.77563,80934.09754	-0.9591141377,-0.9591109023,-0.9591107206,-0.959110611,-0.9591107145,-0.9591107054,-0.9591107048,-0.9591107047	-0.959064282,-0.9591061264,-0.9591102588,-0.9591106068,-0.9591106355,-0.9591106379,-0.9591106381,-0.9591106381	ok
-0.50601202	-29.36873747	-48.65445235	0.7336430583	continued:5	-1,-1,-1,-1,-1,-1,-1,-1	-1,-1,-1,-1,-1,-1,-1,-1	7918.255701,18704.87138,29501.03077,40297.94369,51094.91723,61891.89578,72688.87473,83485.8537	5144.112127,16072.81482,26883.35047,37681.45956,48478.53574,59275.52831,70072.51414,80869.49941	-0.959101339,-0.9590982133,-0.9590980502,-0.9590979543,-0.9590979663,-0.9590979778,-0.9590979794,-0.9590979787	-0.9590518016,-0.95909355,-0.9590976115,-0.959097947,-0.9590979741,-0.9590979763,-0.9590979765,-0.9590979765	ok
-0.50400802	-29.36873747	-48.95674316	0.7326004859	continued:5	1,1,1,1,1,1,1,1	-1,-1,-1,-1,-1,-1,-1,-1	8051.782005,18829.41811,29616.28977,40403.87662,51191.51999,61979.16783,72766.81602,83554.46425	5144.854925,16064.46747,26865.4613,37654.20021,48441.94064,59229.60183,70017.25675,80804.91117	0.9590885685,0.9590856229,0.9590854006,0.9590853501,0.9590853813,0.9590853829,0.9590853831,0.9590853831	-0.9590393193,-0.9590809708,-0.9590849615,-0.9590852848,-0.9590853104,-0.9590853124,-0.9590853126,-0.9590853126	ok
-0.50200401	-29.36873747	-49.21601685	0.7320989330	continued:5	1,1,1,1,1,1,1,1	-1,-1,-1,-1,-1,-1,-1,-1	8178.089417,18946.74349,29724.33201,40502.59904,51280.91864,62059.24231,72837.5663,83615.89032	5145.598208,16056.09829,26847.5541,37626.92996,48405.34135,59183.67773,69962.00829,80740.33839	0.9590757493,0.9590729701,0.959072694,0.9590726776,0.9590726792,0.9590726799,0.95907268,0.95907268	-0.9590268353,-0.9590683889,-0.9590723089,-0.9590726202,-0.9590726443,-0.9590726462,-0.9590726463,-0.9590726463	ok
-0.50000000	-29.36873747	-49.43393131	0.7319317488	full	-1,-1,-1,-1,-1,-1,-1,-1	-1,-1,-1,-1,-1,-1,-1,-1	8208.249946,18967.92373,29736.23484,40505.18905,51274.19207,62043.19879,72812.2058,83581.21283	5146.341975,16047.70805,26829.63064,37599.65134,48368.74115,59137.76004,69906.77354,80675.78662	-0.9590630377,-0.9590601781,-0.9590600484,-0.9590600125,-0.9590600081,-0.9590600078,-0.9590600078,-0.9590600078	-0.9590143495,-0.9590558041,-0.9590596536,-0.9590599532,-0.9590599759,-0.9590599776,-0.9590599778,-0.9590599778	ok
