delta_x	delta_ca	T0_V	T0_Ca	T0_method	T_signs	gamma_signs	T_min_times	gamma_min_times	T_tangent_Ca	gamma_tangent_Ca	status
-1.50000000	-21.55310621	-47.80554599	0.8288712607	continued:5	-1,-1,-1,-1,-1,-1,-1,-1	-1,-1,-1,-1,-1,-1,-1,-1	7401.636205,15306.28234,23513.51835,31820.65722,40012.01787,48215.19259,56275.7661,65625.66135	4926.382019,15940.22043,24167.54006,32585.42301,41112.41666,49626.88068,57571.28536,66053.82084	-0.9629644548,-0.9641149095,-0.9665741661,-0.9640793963,-0.9664775769,-0.9637096879,-0.9655710461,-0.9684808743	-0.9679900858,-0.964157484,-0.966692669,-0.9645868833,-0.9680798653,-0.9632023596,-0.964540704,-0.9679123319	ok
-1.49799599	-21.55310621	-48.39395855	0.8272876686	continued:5	1,1,1,1,-1,-1,1,1	-1,-1,-1,-1,-1,-1,-1,-1	7554.384565,15470.67472,23745.22457,32392.77502,39615.75028,47749.53392,55285.44526,63207.6185	4926.856556,15941.30206,24203.20395,32785.76225,42183.26377,53042.73186,61592.88092,70305.73948	0.9630031571,0.964218281,0.9669377821,0.965903238,-0.9639036379,-0.9660840313,0.9630389909,0.9642827014	-0.967979109,-0.9641951016,-0.9668691238,-0.9655227373,-0.968529378,-0.9645821618,-0.9681465282,-0.9636798346	ok
-1.49599198	-21.55310621	-48.93366965	0.8267861158	continued:5	1,1,1,1,1,-1,-1,-1	-1,-1,-1,-1,-1,-1,-1,-1	24.53564639,7685.663574,15614.11607,23971.11264,33364.23303,41854.52164,49795.674,58253.85904	4927.333013,15942.45275,24242.1397,33031.44601,41467.14654,50227.56763,60704.78137,71274.34022	0.969686056,0.9630414253,0.9643242729,0.9673363606,0.9689052737,-0.9631142181,-0.9644572161,-0.967782602	-0.96796813,-0.9642329147,-0.9670523582,-0.9666945963,-0.9647224809,-0.9687591621,-0.9685864654,-0.9634577059	ok
-1.49398798	-21.55310621	-49.41549615	0.8266189315	full	1,1,1,1,-1,-1,1,1	-1,-1,-1,-1,-1,-1,-1,-1	49.92896048,7719.034253,15660.27857,24121.59599,33368.34933,43628.70221,50859.82226,59076.69678	4927.811383,15943.67425,24284.83727,33435.88392,42345.78913,50885.15536,59439.47537,67441.1118	0.9943440796,0.963079927,0.9644328257,0.9677773428,-0.969462489,-0.9658936737,0.9640432571,0.9665732505	-0.9679571488,-0.9642709274,-0.9672426634,-0.9682297557,-0.9645169893,-0.9680756231,-0.9633789704,-0.9650122576	ok
-1.49198397	-21.55310621	-41.23742206	0.8479032789	continued:5	1,1,-1,-1,-1,1,1,1	-1,-1,-1,-1,-1,-1,-1,-1	7731.269021,17092.56906,26229.26067,35351.60326,43448.98171,50913.08076,59425.08894,69010.22189	4928.291656,15944.96835,24331.88939,34320.87407,44701.62958,53104.01851,61775.22755,71254.86069	0.9672970261,0.9688107631,-0.9689823175,-0.9637005404,-0.9657639435,0.9667580778,0.9651634767,0.9691251321	-0.9679461655,-0.9643091437,-0.9674402509,-0.9694481564,-0.9666416571,-0.9646059944,-0.9684881877,-0.9675992934	ok
-1.48997996	-21.55310621	-42.66896245	0.8451099300	continued:5	1,-1,-1,-1,-1,-1,1,-1	-1,-1,-1,-1,-1,-1,-1,-1	7575.596139,14912.20038,22974.25062,32381.67313,43236.02253,52032.06924,61645.79402,70640.55621	4928.773823,15946.33689,24384.01686,34366.74289,45147.18453,53542.10514,63637.95932,73676.10384	0.9659655026,-0.963550528,-0.9654731728,-0.9684911558,-0.9646684323,-0.9688020175,0.9694612959,-0.9651783567	-0.9679351798,-0.9643475681,-0.967645183,-0.9685111884,-0.9642913425,-0.9674586798,-0.9693228248,-0.9635314072	ok
-1.48797595	-21.55310621	-43.62940515	0.8423165811	continued:5	1,1,1,1,1,1,-1,-1	-1,-1,-1,1,1,1,1,-1	7492.171072,16982.58194,28439.69364,39380.88481,48969.06365,59787.40552,67141.02321,75213.38155	4929.257874,15947.78182,24442.09878,32258.76829,40483.42736,48819.35603,57298.76623,65183.08918	0.9650041931,0.9693774502,0.9684553718,0.9652116321,0.9689019968,0.9659704721,-0.9635539892,-0.9655315342	-0.967924192,-0.9643862046,-0.9678572559,0.9639678896,0.9665606583,0.9643693173,0.967798756,-0.9658587471	ok
-1.48597194	-21.55310621	-44.44758492	0.8395232322	continued:5	1,1,1,1,1,1,1,1	-1,-1,-1,-1,-1,1,1,1	7415.751869,15813.84933,25928.02239,36253.5181,45044.21219,55300.74927,67163.97393,76950.56468	4929.743803,15949.30514,24507.2058,33131.77904,41249.31955,48498.63021,57459.51567,67180.30127	0.9642378303,0.9674356058,0.9692763551,0.9646125653,0.9687602948,0.9682836779,0.9691183627,0.9670775739	-0.9679132021,-0.9644250579,-0.9680758087,-0.9636661062,-0.9658454826,0.9647138572,0.9691062146,0.9667408292	ok
-1.48396794	-21.55310621	-45.20040788	0.8367298834	continued:5	1,1,-1,-1,-1,-1,-1,-1	-1,-1,-1,-1,1,1,1,1	7329.387102,15469.19782,22856.73425,30953.36393,40050.63386,52165.99152,63536.06524,73416.51557	4930.231598,15950.90893,24580.62886,33700.22953,41286.66489,50874.87158,61716.77462,71675.86274	0.9636985924,0.9659795329,-0.9635700897,-0.9656715545,-0.9681350853,-0.9683324088,-0.9676619194,-0.9683560932	-0.9679022099,-0.9644641325,-0.9682994029,-0.9657480885,0.9672942737,0.9691934286,0.9694295,0.9643042601	ok
-1.48196393	-21.55310621	-45.91473832	0.8339365345	continued:5	1,1,1,1,1,1,-1,-1	-1,-1,-1,-1,-1,1,1,1	7250.582465,15312.93391,24761.5084,35425.65983,43705.93556,52335.06556,59598.4089,68397.59964	4930.721253,15952.59535,24663.88238,34659.8709,44253.77347,51771.05467,59826.48354,69321.98324	0.9634224837,0.9653853046,0.9684946191,0.9639887372,0.9668165056,0.9658582883,-0.9645660188,-0.9687512588	-0.9678912155,-0.9645034329,-0.968525296,-0.9690593046,-0.9660432339,0.9633973148,0.9653296438,0.9685701848	ok
-1.47995992	-21.55310621	-46.59914674	0.8311431856	continued:5	1,1,1,-1,-1,1,1,1	-1,-1,-1,-1,-1,-1,-1,-1	7231.12494,15286.53754,24790.38266,34750.47528,42865.80451,50314.23834,58659.26048,67428.88487	4931.212757,15954.36665,24758.62851,34937.1917,47394.8729,58134.50399,67425.37963,78915.30634	0.9633652977,0.9653061755,0.9685701081,-0.9635648404,-0.9657642391,0.9665399977,0.9645191369,0.968664175	-0.967880219,-0.9645429642,-0.9687485901,-0.968186132,-0.9688845111,-0.965530146,-0.96829932,-0.9681146532	ok
-1.47795591	-21.55310621	-47.25399637	0.8283498367	continued:5	-1,-1,-1,-1,1,1,1,1	-1,-1,-1,-1,-1,-1,-1,-1	7312.42787,15386.07403,24772.93453,35788.44368,43298.57367,52013.98191,60075.31571,68267.65815	4931.706103,15956.22516,24866.3988,34132.37915,42808.60433,52246.55689,62351.96737,72185.56129	-0.9633987315,-0.9654288393,-0.9683878676,-0.9657546614,0.966865054,0.9663196467,0.963741684,0.9662619641	-0.9678692202,-0.9645827312,-0.9689609485,-0.9644218593,-0.9683937892,-0.9673733526,-0.969277331,-0.9634643323	ok
-1.47595190	-21.55310621	-47.87607001	0.8260185738	continued:5	-1,-1,-1,-1,-1,-1,-1,1	-1,-1,-1,-1,-1,1,-1,-1	7450.224981,15545.46412,24764.28913,37078.52537,47423.59114,55670.36819,64181.36825,72020.47506	4932.201281,15958.1733,24987.86113,35747.46125,47043.75729,56933.15131,65145.7223,74875.27356	-0.9634396576,-0.9655719821,-0.9682112255,-0.9693809491,-0.9664449443,-0.964236346,-0.9678187427,0.9643946653	-0.9678582192,-0.9646227389,-0.9691489767,-0.9693947597,-0.968584365,0.9657131686,-0.9690587182,-0.9667828802	ok
-1.47394790	-21.55310621	-48.45733615	0.8245626991	continued:5	1,1,-1,-1,-1,-1,1,1	-1,-1,-1,-1,-1,1,1,-1	7593.943771,15712.31503,23665.31556,33859.34497,42997.51511,51122.12076,58571.13738,66851.25056	4932.698283,15960.21361,25121.25483,34384.2171,42544.0267,50029.86975,58201.29284,65841.2138	0.9634810251,0.9657201594,-0.9685016185,-0.9692866836,-0.9634996536,-0.9657649559,0.9664649198,0.9643749267	-0.967847216,-0.9646629925,-0.9692932095,-0.9635983502,-0.9660088561,0.9636287118,0.9660859138,-0.9634904707	ok
-1.47194389	-21.55310621	-48.98794461	0.8240611463	continued:5	1,1,1,-1,-1,-1,-1,-1	-1,-1,-1,-1,-1,-1,-1,-1	28.07291434,7729.642774,15872.84526,23183.04727,32077.09653,41068.58622,49321.55152,57731.93523	4933.197102,15962.34871,25259.93233,36619.83893,46904.7954,56086.41395,65595.71999,74043.56969	0.9703541919,0.9635223149,0.9658740962,-0.9644947096,-0.9688872934,-0.9637859254,-0.9665655409,-0.964891926	-0.9678362107,-0.9647034974,-0.9693706313,-0.9692157302,-0.9646475578,-0.9693001829,-0.9641038703,-0.9675287468	ok
-1.46993988	-21.55310621	-49.46034757	0.8233529424	full	1,1,1,-1,-1,-1,-1,1	-1,-1,-1,-1,-1,-1,-1,-1	50.93023682,7817.786845,15990.81408,23583.06271,31768.47114,39524.51655,47696.99478,55281.97915	4933.697727,15964.58133,25390.73246,35445.54617,45071.18278,56439.32898,68320.71386,80456.64294	0.9939846208,0.9635723256,0.9660534545,-0.9636036017,-0.9661344063,-0.9635709186,-0.9660499928,0.9636088342	-0.9678252032,-0.9647442591,-0.9693648845,-0.964945245,-0.9690014453,-0.9680348429,-0.9680717901,-0.968275286	ok
-1.46793587	-21.55310621	-41.37580731	0.8450159420	continued:5	1,1,-1,-1,-1,-1,-1,-1	-1,-1,-1,-1,-1,1,1,-1	8003.826794,17096.1743,25068.20968,35634.50036,46880.90972,59358.504,71355.19712,81423.70567	4934.200151,15966.91431,25497.36048,36806.49378,48808.01864,58720.59677,69363.60726,77727.65935	0.9682088575,0.9657155797,-0.9685126154,-0.9692778959,-0.9681563139,-0.9690651464,-0.9689205098,-0.9636414167	-0.9678141934,-0.9647852833,-0.9692810098,-0.9682050121,-0.9692179335,0.9693424345,0.9687534742,-0.9657299738	ok
-1.46593186	-21.55310621	-42.76048757	0.8422225931	continued:5	1,1,-1,-1,-1,1,-1,-1	-1,-1,-1,-1,-1,-1,-1,-1	7717.58831,16339.5391,23711.43713,32357.48352,41462.72282,48833.53358,57557.9727,68114.08701	4934.704365,15969.35062,25569.17679,36212.50329,44613.26105,54248.78984,64225.67916,72456.1759	0.9667149735,0.9659132044,-0.964232496,-0.9682049547,-0.9657952599,0.9656924737,-0.9693303543,-0.9674633375	-0.9678031814,-0.9648265754,-0.96914727,-0.9665328383,-0.9649314833,-0.9689177664,-0.9636495398,-0.9663723367	ok
-1.46392786	-21.55310621	-43.71496489	0.8394292442	continued:5	1,1,1,1,1,1,-1,-1	-1,-1,-1,-1,-1,-1,-1,-1	7577.200871,16667.91483,28776.64708,40430.52443,51089.587,61883.55746,69336.36328,77771.14397	4935.210362,15971.89335,25606.3431,37245.27418,48808.46963,58143.16106,67060.7056,77135.85538	0.9656203559,0.9680390311,0.9682191336,0.9685412214,0.9688020475,0.965963204,-0.9639732805,-0.9673986745	-0.9677921673,-0.9648681418,-0.9689971216,-0.9682288651,-0.9682822853,-0.9669043211,-0.9672555605,-0.9692783132	ok
-1.46192385	-21.55310621	-44.53263679	0.8366358954	continued:5	1,1,1,-1,-1,-1,-1,-1	-1,-1,-1,-1,-1,-1,-1,-1	7468.681446,17069.4047,27561.07728,35015.77539,43123.99739,51713.53562,60285.80409,68772.88565	4935.718132,15974.54571,25616.15447,36042.11502,44971.48918,54173.38511,63264.3154,74168.33393	0.9647721233,0.9691468176,0.9657689785,-0.9663087488,-0.9641243541,-0.9679846651,-0.9640120438,-0.9676011695	-0.9677811509,-0.9649099881,-0.9688526817,-0.9643841763,-0.9688861135,-0.9644735354,-0.9691436551,-0.9684124027	ok
-1.45991984	-21.55310621	-45.28559882	0.8338425465	continued:5	1,1,1,-1,-1,-1,1,1	-1,-1,-1,-1,-1,-1,1,-1	7366.676373,16067.53833,25629.99378,33600.1416,42257.01577,51394.36086,58922.02062,67362.2917	4936.227668,15977.31106,25607.07813,36842.82512,45394.34827,53908.32576,63366.73267,73379.47678	0.9641979223,0.9683221377,0.9678161771,-0.9641604196,-0.9681893879,-0.9659949835,0.96392439,0.967386887	-0.9677701323,-0.964952121,-0.9687230714,-0.9679721182,-0.9640160185,-0.9676896202,0.9689396722,-0.9676743565	ok
-1.45791583	-21.55310621	-45.99911686	0.8310491976	continued:5	1,1,1,1,1,1,1,1	-1,-1,-1,-1,-1,-1,-1,-1	7287.904019,15746.03708,25790.30219,36301.65403,44908.73496,53604.0729,62557.11963,71924.27412	4936.738961,15980.19289,25585.819,37802.62815,50066.70819,61467.21468,73620.28714,85047.74714	0.9639197172,0.9674447273,0.9683908406,0.9640869173,0.968010485,0.9643454665,0.9689024845,0.9651337906	-0.9677591116,-0.9649945465,-0.9686097893,-0.968631837,-0.9689461293,-0.9680196086,-0.9682221966,-0.9678021522	ok
-1.45591182	-21.55310621	-46.68109812	0.8282558487	continued:5	1,1,1,1,1,1,-1,-1	-1,-1,-1,-1,-1,-1,1,1	7278.718535,15721.27187,25868.2759,37932.92233,48619.42986,58019.8348,67109.11262,76593.14594	4937.252003,15983.19486,25556.93765,37231.02669,49472.63624,60463.92905,67848.96411,77113.8112	0.9638713049,0.9673579599,0.968571561,0.9683534779,0.9645509413,0.9693124259,-0.9645979185,-0.9692876584	-0.9677480887,-0.9650372716,-0.9685112485,-0.9680283727,-0.9682926143,-0.9658133378,0.9654375324,0.9681348384	ok
-1.45390782	-21.55310621	-47.33171664	0.8254624999	continued:5	-1,-1,-1,-1,-1,-1,-1,-1	-1,-1,-1,1,1,1,1,1	7370.10719,15864.6071,25671.74076,38057.93153,49788.79702,60475.66412,69636.51318,81987.29768	4937.766786,15986.32079,25523.34063,35556.69554,44207.19896,53236.67789,62360.213,74580.15485	-0.9639098095,-0.9675582363,-0.9681217933,-0.9692479993,-0.9687745002,-0.965530588,-0.9680431032,-0.9684106936	-0.9677370635,-0.9650803028,-0.9684250599,0.9640731984,0.9681191099,0.9655627602,0.9680150458,0.9682589492	ok
-1.45190381	-21.55310621	-47.94788148	0.8232101706	continued:5	-1,-1,1,1,1,1,1,1	-1,-1,-1,-1,-1,-1,-1,-1	7506.530619,16064.37294,24030.3348,33415.55632,44242.56077,56389.19482,67949.70613,77319.2354	4938.283303,15989.57464,25486.82552,36068.63896,45175.61766,56055.73774,66832.84857,76450.18338	-0.9639546551,-0.9677844088,0.9644907706,0.969294416,0.9679911651,0.9681822076,0.968227731,0.9670701762	-0.9677260361,-0.965123647,-0.9683489151,-0.9643514927,-0.9691009871,-0.9683165701,-0.9649289932,-0.968582229	ok
-1.44989980	-21.55310621	-48.52124611	0.8218332296	continued:5	-1,-1,-1,-1,-1,-1,-1,-1	-1,-1,-1,-1,-1,-1,1,1	7647.721594,16277.19674,25074.21048,34739.67432,44963.90658,53820.85829,63892.13134,75916.31544	4938.801544,15992.96059,25448.47852,36358.44613,45531.38887,57899.11265,67903.0755,76890.81045	-0.9639997088,-0.9680168641,-0.9647647684,-0.9688147525,-0.9641796893,-0.9686470218,-0.967957998,-0.9680797476	-0.9677150066,-0.9651673114,-0.9682808405,-0.9655020463,-0.9680298082,-0.9684079883,0.9642603979,0.9689086715	ok
-1.44789579	-21.55310621	-49.04253541	0.8213316768	continued:5	1,1,1,1,-1,-1,-1,1	-1,-1,-1,-1,-1,-1,-1,-1	31.87729912,7787.87434,16499.14356,26064.4762,34125.92085,43166.24454,53456.61888,62791.52928	4939.321502,15996.48298,25408.92891,36590.02916,45481.74432,55627.24907,65600.68293,74604.82061	0.9710324156,0.9640450015,0.9682543694,0.9678033894,-0.9642634892,-0.968981346,-0.9686665342,0.9690912934	-0.9677039749,-0.9652113035,-0.9682192166,-0.9667793546,-0.9671574188,-0.9691259023,-0.9642435292,-0.9689228896	ok
-1.44589178	-21.55310621	-49.50537988	0.8199547358	full	1,1,1,1,1,1,-1,-1	-1,-1,-1,-1,-1,1,1,1	50.99208899,7937.187784,16800.17282,26874.26609,38908.67856,51422.98951,62497.01579,73322.24087	4939.84317,16000.14636,25368.50247,36888.9187,45927.57428,54198.41743,64561.93538,73655.03908	0.9939425671,0.964130885,0.9686303903,0.9679412787,0.9680650091,0.9688765134,-0.9682773037,-0.9652103204	-0.9676929409,-0.9652556306,-0.9681627205,-0.9680873834,-0.9656921275,0.96897598,0.9688066674,0.9644884849	ok
-1.44388778	-21.55310621	-41.50348620	0.8420939145	continued:5	1,1,1,1,1,1,1,-1	-1,-1,-1,-1,1,1,1,-1	8463.569689,19364.633,30054.94367,39709.83924,51478.38362,62049.36863,74426.02504,84414.60231	4940.366539,16003.9555,25327.30809,37372.17111,46184.68818,55856.60716,66615.70663,74189.00746	0.9690609631,0.9682903168,0.9647889742,0.9686209692,0.9691019172,0.9680063365,0.96837964,-0.9645189603	-0.9676819048,-0.9653003005,-0.9681102507,-0.9691451937,0.9647323793,0.9687169054,0.9659742331,-0.9642980574	ok
-1.44188377	-21.55310621	-42.85018372	0.8393005656	continued:5	1,1,1,1,1,1,1,1	-1,-1,-1,-1,-1,-1,1,1	7933.154216,17594.80651,29763.73172,41327.90377,50836.52623,60422.26258,72315.3048,84491.81363	4940.891601,16007.91537,25285.27833,37781.28002,48851.41696,58372.31169,67798.27409,78544.7392	0.967574051,0.9679512262,0.9681419756,0.9682084411,0.9676052787,0.9678957638,0.9679528656,0.9681482078	-0.9676708664,-0.9653453211,-0.9680608489,-0.9690131092,-0.9682111355,-0.9676476331,0.9690346577,0.9670747863	ok
-1.43987976	-21.55310621	-43.79992536	0.8365072168	continued:5	1,1,1,1,-1,-1,-1,-1	-1,-1,-1,-1,-1,-1,-1,-1	7699.201904,15930.71095,25569.04495,37712.2069,47761.6556,57327.13614,68899.74726,79434.58806	4941.418348,16012.03119,25242.17163,37712.07931,49922.28112,61797.17324,74035.06433,85083.28965	0.9663181953,0.9647994841,0.9685176306,0.9683504528,-0.964439993,-0.9691746891,-0.9682920075,-0.9644999687	-0.9676598259,-0.9653907004,-0.9680136123,-0.9685314169,-0.9684681964,-0.9680813596,-0.9692397877,-0.9680808653	ok
-1.43787575	-21.55310621	-44.61752450	0.8337138679	continued:5	1,1,1,1,1,1,1,-1	-1,-1,-1,-1,-1,-1,-1,-1	7545.896182,16784.19092,29262.48424,41530.16728,53001.85902,63197.39373,75579.57491,85589.09946	4941.946774,16016.30845,25197.52963,37517.20631,48177.54452,57797.01446,69615.97695,82140.36781	0.9653696367,0.9680076564,0.9685375597,0.9686150962,0.9685679224,0.9679822263,0.9683461902,-0.9646503446	-0.9676487832,-0.9654364471,-0.9679675695,-0.9682637038,-0.9648212301,-0.9684493863,-0.9680307787,-0.9687921754	ok
-1.43587174	-21.55310621	-45.37078921	0.8309205190	continued:5	1,1,1,-1,-1,1,1,1	-1,-1,-1,-1,-1,-1,-1,-1	7424.729436,17071.81475,29213.85094,39329.49838,48940.46079,58512.24036,67336.58438,76924.50149	4942.47687,16020.75287,25150.55855,37304.13449,49137.88927,58527.75849,67604.48432,79590.23948	0.9647520244,0.9685006251,0.9683212251,-0.9644218638,-0.9691080287,0.9666653459,0.9669282874,0.9689633064	-0.9676377383,-0.9654825692,-0.9679214306,-0.9680942244,-0.9688148811,-0.9655347701,-0.9678850569,-0.9679789198	ok
-1.43386774	-21.55310621	-46.08352928	0.8281271701	continued:5	1,1,1,1,1,-1,-1,-1	-1,-1,-1,-1,-1,-1,-1,1	7345.876099,17019.85382,28549.59969,38935.42044,50670.15098,60873.3877,69979.36774,82051.06377	4943.008628,16025.37048,25099.85233,37071.60752,49428.99271,59771.31581,69384.98618,79156.80863	0.9644684916,0.9689601676,0.9690756331,0.967829026,0.9677807915,-0.9654979723,-0.9678943678,-0.9680234046	-0.9676266911,-0.9655290762,-0.967872854,-0.9679594741,-0.968284179,-0.9643968759,-0.9691008455,0.9676202188	ok
-1.43186373	-21.55310621	-46.76305966	0.8253338213	continued:5	1,1,1,1,1,1,1,1	-1,-1,-1,1,1,1,-1,1	7347.01149,17014.09646,27820.50849,37801.88606,48996.22079,58626.11536,69547.07744,80179.09114	4943.542041,16030.16759,25043.16046,36418.62058,48911.30927,61208.01403,72420.47866,82375.20932	0.9644270973,0.9689871683,0.9673336446,0.9681468441,0.966908254,0.9690017266,0.9682366308,0.9648690991	-0.9676156418,-0.9655759765,-0.9678146027,0.9679868013,0.9685286261,0.9688017142,-0.9687478772,0.9644423679	ok
-1.42985972	-21.55310621	-47.40941373	0.8225404724	continued:5	-1,-1,-1,-1,-1,-1,1,1	-1,-1,1,1,1,-1,-1,-1	7448.182978,17149.79649,28715.29618,41221.65788,53134.82407,63447.96962,71480.33521,80722.60399	4944.077102,16035.15085,24768.62064,36279.59126,45361.83096,53139.58419,62842.20557,74335.46295	-0.9644704563,-0.9688368133,-0.9679831282,-0.9685576392,-0.9691619782,-0.9677113262,0.9653183698,0.9679628143	-0.9676045903,-0.9656232795,0.9680984691,0.9680306223,0.9660432568,-0.9644753951,-0.9688271071,-0.9679377356	ok
-1.42785571	-21.55310621	-48.01966024	0.8202881432	continued:5	1,1,1,1,1,1,1,-1	-1,-1,1,1,1,1,1,1	7591.73965,17300.25668,27724.29556,37161.92389,48495.03522,58263.62603,70672.02436,80729.85615	4944.613802,16040.32724,24658.06057,35909.91424,46684.82097,55901.53554,68255.07607,78708.27619	0.9645200591,0.9686832238,0.9650306194,0.9681103711,0.9674514369,0.9679467234,0.9683168143,-0.966318908	-0.9675935366,-0.9656709946,0.9691828123,0.9681948557,0.9653398293,0.9679333853,0.9682392173,0.9646329328	ok
-1.42585170	-21.55310621	-48.58581355	0.8190389196	continued:5	-1,-1,-1,1,1,1,1,1	-1,-1,1,-1,-1,-1,1,1	7726.240153,17420.75472,29218.23474,39466.82659,49620.00193,59033.6181,70627.87065,81160.87182	4945.152134,16045.7041,23863.40369,32034.36523,41528.23752,50973.86664,58518.45824,67847.8404	-0.9645696343,-0.9685476827,-0.9690526318,0.9690096613,0.9650513896,0.9680738919,0.9682570438,0.9691503977	-0.9675824806,-0.9657191317,0.9676553244,-0.9668336609,-0.9687811201,-0.9658730888,0.9651739419,0.9680024004	ok
-1.42384770	-21.55310621	-49.09803286	0.8186650842	continued:5	1,-1,-1,-1,-1,-1,-1,-1	-1,-1,1,1,1,1,1,1	36.37571716,7859.190995,17526.68,29569.37926,40661.62457,49418.81673,58631.42682,68596.18239	4945.692091,16051.28914,23655.90618,32301.75414,40675.35951,49785.43888,61821.86274,74283.02875	0.9717915898,-0.9646201127,-0.9684308141,-0.9681258291,-0.9665582694,-0.9667433443,-0.9681816829,-0.9687465286	-0.9675714225,-0.9657677007,0.966499732,0.9663439633,0.9654488434,0.9678416883,0.9679438307,0.9683843332	ok
-1.42184369	-21.55310621	-49.55059456	0.8165404724	full	1,1,1,-1,-1,-1,-1,-1	-1,-1,1,-1,-1,-1,-1,-1	51.05826074,8073.477129,17647.80977,27909.75236,37540.38844,49070.07038,60817.69671,72525.79926	4946.233666,16057.09052,23611.51739,31191.18621,39307.85295,48796.95778,59849.58724,68379.16948	0.9938987626,0.9647707988,0.9682306009,-0.9646748945,-0.9683263208,-0.9677710145,-0.9677637857,-0.9677259154	-0.9675603622,-0.9658167113,0.9657869286,-0.966194171,-0.9649060571,-0.9681224638,-0.96642461,-0.9659628745	ok
-1.41983968	-21.55310621	-40.57119885	0.8404276717	continued:5	1,1,1,1,1,1,1,1	-1,-1,1,1,1,1,1,1	8992.009307,21209.31365,32247.89277,44083.13504,56049.37475,68318.62079,79492.29456,89509.26904	4946.77685,16063.11679,23639.28066,32824.29632,45034.63255,56689.7596,67145.08059,78428.69538	0.9684987818,0.9690484186,0.9677781332,0.9678073293,0.9678798289,0.9680959617,0.9669007199,0.9691408078	-0.9675492997,-0.9658661742,0.9653353288,0.9678656688,0.9680438151,0.968396809,0.9680816825,0.9673004916	ok
-1.41783567	-21.55310621	-42.45269554	0.8376343228	continued:5	1,-1,-1,-1,-1,-1,-1,-1	-1,-1,1,1,1,1,1,1	8584.462418,18598.00278,31139.76831,41599.12632,50790.84281,63005.08682,74667.8828,85053.88157	4947.321638,16069.37701,23707.90106,33075.39547,45494.58345,57073.95255,67763.65661,76975.07167	0.9690162843,-0.967948612,-0.9686300956,-0.9653145918,-0.9678581691,-0.9680349103,-0.9684109844,-0.9680063449	-0.967538235,-0.9659160996,0.9650609849,0.9679816852,0.969080086,0.9681562899,0.9652879274,0.9678706375	ok
-1.41583166	-21.55310621	-43.49989962	0.8348409739	continued:5	1,-1,-1,1,1,1,1,1	-1,-1,1,1,1,1,1,1	8016.688498,16127.29308,25108.21156,36474.30052,47578.79491,59894.67122,69449.48568,78953.64908	4947.86802,16075.88072,23801.68914,33250.9928,44759.77578,54043.44132,64163.45024,75439.02713	0.9676828628,-0.9655511488,-0.967709206,0.9691321963,0.9679824139,0.9691309323,0.9648343524,0.9680963225	-0.9675271681,-0.9659664988,0.9649202475,0.9680400662,0.9680194148,0.9668991856,0.9690486467,0.9678926546	ok
-1.41382766	-21.55310621	-44.35870205	0.8320476251	continued:5	1,1,1,1,1,1,1,1	-1,-1,1,1,1,1,1,1	7735.526325,16394.90601,25119.21527,34433.04111,44777.009,57309.73903,69310.22666,81251.34446	4948.415991,16082.63799,23910.82298,33371.16272,44823.52899,53543.39852,62772.83545,75056.75203	0.9664536043,0.9664854401,0.9667017368,0.9684052614,0.9679490129,0.968831105,0.968368406,0.9679776108	-0.967516099,-0.9660173823,0.9648871608,0.9680369994,0.9678602199,0.9652377866,0.9678582849,0.9680726919	ok
-1.41182365	-21.55310621	-45.13413402	0.8292542762	continued:5	1,-1,-1,-1,1,1,1,1	-1,-1,-1,-1,-1,-1,-1,-1	7558.339753,16379.02182,27128.43826,36089.74155,46563.74403,56518.77828,68345.33056,77794.20931	4948.965542,16089.65948,24028.66544,33442.40082,45535.4235,55012.28053,64255.92147,76561.9247	0.9656117019,-0.9681176647,-0.9655573072,-0.9676689746,0.9672314507,0.9679980257,0.968721214,0.9660759023	-0.9675050277,-0.9660687615,-0.9649444097,-0.9679809704,-0.9690471894,-0.9652042484,-0.9678553671,-0.9680822493	ok
-1.40981964	-21.55310621	-45.86112534	0.8264609273	continued:5	1,1,1,1,-1,-1,-1,-1	-1,-1,-1,-1,-1,-1,-1,-1	7444.584531,16700.80693,29024.31329,39916.10833,47760.69868,57132.49351,69667.18254,81663.20988	4949.516667,16096.95644,24150.97869,33468.13934,45953.8493,57820.4574,70335.18022,82587.95577	0.9651724208,0.9678513656,0.9680880716,0.9660113139,-0.9649946837,-0.9679335133,-0.9688135121,-0.9683283734	-0.9674939542,-0.9661206475,-0.9650795282,-0.9678927699,-0.9683359793,-0.9679017641,-0.9684155935,-0.9683367593	ok
-1.40781563	-21.55310621	-46.55162110	0.8236675784	continued:5	1,1,1,1,1,1,1,1	-1,-1,-1,-1,-1,-1,-1,1	7412.977889,16734.92037,29217.36285,41020.84421,53376.45615,64016.4675,73118.86844,85059.08269	4950.069359,16104.54081,24275.61812,33447.66318,45547.54956,58058.0839,70216.18323,80497.05869	0.9650576926,0.9678835854,0.9683141522,0.9678510218,0.9681117142,0.9653789061,0.9677469359,0.9677992307	-0.9674828786,-0.9661730517,-0.9652833391,-0.9677873911,-0.9678920795,-0.9683870876,-0.968156092,0.9650557117	ok
-1.40581162	-21.55310621	-47.20784192	0.8208742296	continued:5	-1,-1,-1,-1,-1,-1,-1,-1	-1,-1,-1,-1,1,1,1,-1	7481.193524,16769.89577,29147.37635,39589.70838,48850.94649,61155.39028,72240.00349,81808.57449	4950.62361,16112.42522,24402.30643,33352.3775,43795.39499,54013.92834,66209.65132,76493.4797	-0.9650950877,-0.967848238,-0.968125985,-0.9651373902,-0.9678302135,-0.968043249,-0.9667052098,-0.9688283841	-0.9674718007,-0.9662259858,-0.9655493415,-0.9676292561,0.966970837,0.9683865842,0.9681987296,-0.9673205389	ok
-1.40380762	-21.55310621	-47.82785473	0.8182085981	continued:5	1,1,1,1,1,1,1,-1	-1,-1,-1,1,-1,-1,1,-1	7632.361111,16876.48406,29121.36013,40793.89651,50969.7725,63112.4445,75666.61602,85713.13375	4951.179414,16120.62305,24532.46305,32220.17268,40995.91322,52333.12997,61756.85789,72827.92545	0.9651504584,0.9678072563,0.967975758,0.9684142162,0.9677813493,0.9678973079,0.9686006899,-0.9651705133	-0.9674607207,-0.9662794611,-0.9658734426,0.9655984395,-0.9680050731,-0.9675439535,0.9682165808,-0.9678005878	ok
-1.40180361	-21.55310621	-48.40742495	0.8166250060	continued:5	-1,-1,-1,-1,-1,-1,-1,1	-1,-1,-1,-1,1,1,1,1	7767.936419,16966.86427,29089.54173,41613.87844,53885.52036,65873.95112,77929.25384,86942.8373	4951.736763,16129.14853,24669.19749,33047.19853,40729.97982,48712.32481,57903.11349,70007.34414	-0.9652066639,-0.9677677449,-0.9678719574,-0.9683871382,-0.9683276703,-0.9679426012,-0.9689781215,0.9657441947	-0.9674496385,-0.9663334896,-0.9662537374,-0.9658227667,0.9660547459,0.9652189808,0.9677629802,0.967859936	ok
-1.39979960	-21.55310621	-48.93525234	0.8157890846	continued:5	1,1,1,1,1,-1,-1,-1	-1,-1,-1,-1,1,1,-1,1	7914.96913,17068.11103,29077.68837,41327.65678,53041.41638,62806.22169,73851.70626,83330.80175	4952.29565,16138.01673,24817.62929,34521.43775,43819.95253,52710.30545,60438.03844,69341.87783	0.9652629965,0.9677296435,0.9677919292,0.9679559086,0.9684937128,-0.9680199662,-0.9666444788,-0.9686840398	-0.9674385541,-0.9663880829,-0.966690066,-0.9689568049,0.967848569,0.9658859383,-0.9656101181,0.9681804562	ok
-1.39779559	-21.55310621	-49.40586181	0.8161629200	full	-1,-1,-1,-1,-1,-1,-1,-1	-1,-1,-1,-1,-1,-1,-1,-1	7905.100678,16998.66869,28872.99887,40844.47325,53001.8004,65557.99787,75839.00879,84876.51669	4952.856069,16147.24371,24985.77702,34886.25555,47437.94224,58297.42486,68542.74909,79756.34106	-0.9653384037,-0.9676850664,-0.9677107451,-0.9677600274,-0.9678721548,-0.9685490717,-0.9654145552,-0.9676539499	-0.9674274675,-0.9664432524,-0.9671827299,-0.967867796,-0.9684938544,-0.9668347101,-0.9686422233,-0.9676147513	ok
-1.39579158	-21.55310621	-40.71783328	0.8373778029	continued:5	1,1,1,1,-1,-1,-1,-1	-1,-1,-1,-1,-1,-1,-1,-1	8882.109954,19394.3708,28394.46022,40044.82773,50772.677,60804.76545,71920.32089,83651.94455	4953.418012,16156.84651,25186.39521,33663.24038,42719.71458,54506.80233,66311.72642,78149.9053	0.9680663772,0.9654525854,0.9676212531,0.9675791622,-0.9680312778,-0.9687723166,-0.9687154545,-0.9679017184	-0.9674163787,-0.9664990098,-0.967728274,-0.9653795459,-0.9676533896,-0.967657911,-0.9676664936,-0.9676824237	ok
-1.39378758	-21.55310621	-42.52519857	0.8345844540	continued:5	1,1,1,1,1,1,1,1	-1,-1,-1,-1,-1,-1,-1,-1	9108.224118,21150.22304,33215.67245,44565.00286,56431.94997,68374.03503,80452.28853,92821.61609	4953.981472,16166.84332,25439.81085,35772.95094,48245.49514,59802.57163,71598.34725,83414.28069	0.9687719425,0.9687675713,0.9686445392,0.9676650393,0.9676853865,0.9677223185,0.9677973836,0.9680404699	-0.9674052877,-0.9665553658,-0.9683046974,-0.9678237544,-0.9681988556,-0.9676462899,-0.967651522,-0.9676610847	ok
-1.39178357	-21.55310621	-43.57111721	0.8317911052	continued:5	1,1,1,1,1,1,-1,-1	-1,-1,-1,-1,-1,-1,1,1	8452.377981,18008.6123,27905.89389,38935.24038,51303.79794,61972.50544,69762.98604,79963.92084	4954.546444,16177.25347,25771.59595,36623.41103,48467.13598,58732.4387,68288.40859,78508.39081	0.9686459653,0.9666694904,0.9690259581,0.9677890367,0.968027184,0.9657791115,-0.966750459,-0.9688016833	-0.9673941945,-0.9666123317,-0.9688204936,-0.9679136623,-0.9687026972,-0.9684845476,0.9689874753,0.9675462537	ok
-1.38977956	-21.55310621	-44.43268521	0.8289977563	continued:5	1,1,1,1,1,1,1,1	-1,-1,-1,1,1,1,1,1	7962.257105,17603.29079,29507.60226,41498.00518,53647.86876,66163.18021,78141.94771,90629.2279	4955.112919,16188.09762,26157.7771,35574.43937,44281.73649,54486.23261,66265.2287,78451.55927	0.9673366714,0.96765744,0.9676813548,0.9677248303,0.9678199656,0.9682758534,0.9678634604,0.9688593571	-0.9673830991,-0.9666699175,-0.9690168355,0.966345593,0.9668753035,0.9682313594,0.9677344296,0.9678457205	ok
-1.38777555	-21.55310621	-45.21078316	0.8262044074	continued:5	1,1,1,1,1,1,-1,-1	-1,-1,-1,-1,-1,-1,-1,-1	7711.935888,16537.60177,26310.81415,38478.53387,51018.45571,63343.44529,73345.90783,83144.36035	4955.680892,16199.3978,26411.8106,38427.23328,48916.28377,58749.88112,70230.76537,80695.10087	0.9663800112,0.9672217649,0.9677212771,0.9678206725,0.9683514025,0.9685447932,-0.9666218677,-0.9689773028	-0.9673720015,-0.9667281328,-0.9687494973,-0.9688111363,-0.9666292075,-0.9689924501,-0.9684833609,-0.9659338475	ok
-1.38577154	-21.55310621	-45.93910237	0.8234110585	continued:5	1,-1,1,-1,-1,1,1,-1	-1,-1,-1,-1,-1,-1,-1,1	7578.781208,15423.11212,23296.30493,31103.98675,40080.14211,48413.21864,56427.49144,64849.25171	4956.250355,16211.17756,26458.61841,37844.11341,48053.11185,60167.30289,72569.35708,82944.44557	0.9658918523,-0.9659158716,0.9658180202,-0.9664190068,-0.9676336686,0.9660034766,0.9656784154,-0.9687587766	-0.9673609018,-0.9667869871,-0.9684027129,-0.9683113744,-0.9676986072,-0.9677732037,-0.9680337886,0.9656965199	ok
-1.38376754	-21.55310621	-46.62908831	0.8206177097	continued:5	1,-1,-1,-1,-1,-1,-1,-1	-1,-1,-1,-1,-1,-1,-1,-1	7551.511094,15433.22926,25338.68543,37833.43152,49525.19045,61515.51375,73631.10516,86022.62474	4956.821301,16223.46206,26413.78642,37988.14152,49785.96939,61576.97571,73356.87619,85118.52686	0.9657653192,-0.9670870685,-0.9677896113,-0.9681851376,-0.9676557071,-0.9676907758,-0.9677624772,-0.9680077744	-0.9673497999,-0.9668464882,-0.9681573131,-0.9676009308,-0.9675990337,-0.9675959598,-0.9675909524,-0.9675826957	ok
-1.38176353	-21.55310621	-47.28284163	0.8178243608	continued:5	1,-1,-1,-1,1,1,1,1	-1,-1,-1,-1,1,1,1,-1	7629.822587,15478.37967,25619.22973,36486.84835,46991.04981,55404.48341,64005.86692,74230.40171	4957.393725,16236.27825,26342.88053,36912.43803,44772.14898,53066.52043,61183.06902,69024.41773	0.965803703,-0.9666544632,-0.9688591732,-0.9674564697,0.966178946,0.9662594698,0.9666922067,0.9686751093	-0.9673386958,-0.966906642,-0.9679892386,-0.965871342,0.9661248016,0.9660389797,0.9658301295,-0.9664078258	ok
-1.37975952	-21.55310621	-47.89857642	0.8153653804	continued:5	1,-1,-1,-1,-1,-1,-1,-1	-1,-1,-1,-1,-1,-1,-1,-1	7769.760297,15644.00045,24130.57318,33359.4922,43694.52609,56076.23878,66711.70396,74776.43956	4957.967619,16249.65496,26266.53497,38039.34667,47490.19739,57292.00697,68515.41993,78199.36816	0.965867047,-0.9662006548,-0.9664512116,-0.9682285611,-0.9677439752,-0.9679714902,-0.9660019075,-0.9658675515	-0.9673275895,-0.9669674545,-0.9678669174,-0.9685814305,-0.9665671289,-0.9689484074,-0.9689672186,-0.965868476	ok
-1.37775551	-21.55310621	-48.47064791	0.8137817883	continued:5	-1,1,1,-1,-1,1,1,-1	-1,-1,-1,-1,-1,-1,-1,-1	7913.543449,15878.15321,23958.81919,31925.09678,40000.76362,47966.11532,56044.5363,64010.35427	4958.542977,16263.62311,26190.73648,38707.1922,50605.99618,62989.80308,73618.26698,81780.56596	-0.9659308555,0.9660001987,0.9659325721,-0.9659977005,-0.9659314445,0.9659990746,0.9659319541,-0.965998119	-0.967316481,-0.967028928,-0.9677721121,-0.968208626,-0.9677364793,-0.9679625141,-0.966042855,-0.965972713	ok
-1.37575150	-21.55310621	-48.99020724	0.8129458670	continued:5	1,1,1,1,1,1,1,1	-1,-1,-1,-1,-1,-1,1,1	8067.115079,16159.75621,24253.74145,32348.07711,40442.50949,48536.96897,56631.43606,64725.9053	4959.119793,16278.21586,26116.85171,38368.35864,50758.5601,62401.57803,72827.92646,80966.66644	0.9659961513,0.9659968708,0.965997056,0.9659971071,0.9659971217,0.9659971258,0.965997127,0.9659971273	-0.9673053704,-0.9670910638,-0.9676945824,-0.9678148547,-0.9689034658,-0.9679788209,0.9660210582,0.9660132719	ok
-1.37374749	-21.55310621	-49.45221211	0.8127786827	full	-1,-1,-1,-1,-1,-1,-1,-1	-1,-1,-1,-1,-1,-1,1,1	8107.837302,16352.14437,24806.32129,34418.27834,44908.49367,56774.6766,68635.7198,80489.11896	4959.698059,16293.46877,26044.55912,38085.09927,50240.59146,62664.97632,73004.04897,83253.05321	-0.9660628735,-0.9661565876,-0.9664915126,-0.9687952259,-0.9675764156,-0.9675748055,-0.9675725181,-0.9675691116	-0.9672942576,-0.9671538589,-0.9676281547,-0.9676606887,-0.9677308184,-0.9679961064,0.9666877554,0.9683822454	ok
-1.37174349	-21.55310621	-40.92862742	0.8344647168	continued:5	1,1,1,-1,1,1,1,1	-1,-1,-1,-1,-1,-1,-1,-1	8769.22657,21285.34501,33256.22588,44195.47703,54139.43272,62626.67929,72796.48089,83014.92141	4960.277769,16309.42004,25972.65576,37841.90145,49699.54857,61540.2091,73356.20902,85136.67339	0.9677851701,0.9686846996,0.9687992787,-0.9687695013,0.9661601979,0.9665941521,0.9687527172,0.9663188312	-0.9672831425,-0.967217308,-0.9675686223,-0.967565102,-0.9675599485,-0.9675524806,-0.9675417801,-0.9675265624	ok
-1.36973948	-21.55310621	-42.62554904	0.8316713679	continued:5	1,1,1,1,1,1,1,1	-1,-1,-1,-1,-1,1,1,1	9110.970669,20909.33343,33016.95626,45293.04712,57484.65524,68495.71696,80676.02789,93139.37676	4960.858917,16326.11067,25899.01987,37611.0304,49233.05114,60928.75765,72974.3804,85147.06161	0.9681517456,0.9676309763,0.9676769206,0.9678017677,0.9689271111,0.9676513512,0.9677251797,0.968040807	-0.9672720254,-0.9672814008,-0.9675123459,-0.9674866995,-0.9674448167,0.9682084228,0.9678027975,0.9689234278	ok
-1.36773547	-21.55310621	-43.66115186	0.8288780190	continued:5	1,1,-1,-1,-1,-1,-1,-1	-1,-1,-1,1,1,-1,-1,-1	9041.206627,20735.04654,31749.66767,43770.17811,55852.96623,68060.022,80578.68226,92475.0688	4961.441497,16343.58471,25819.83025,36925.81828,48543.48266,60240.98608,72268.23008,84731.25781	0.968872486,0.9680188979,-0.9675975057,-0.9676156882,-0.9676505948,-0.967733341,-0.9681669628,-0.9676774709	-0.967260906,-0.9673461215,-0.9674539483,0.967475868,0.9674328012,-0.9681963577,-0.967775066,-0.968770359	ok
-1.36573146	-21.55310621	-44.52071993	0.8260846701	continued:5	1,1,1,1,1,1,1,1	-1,-1,-1,1,1,1,1,1	8309.424758,18446.54505,30329.91414,42183.91792,53996.58621,65752.37049,77429.94708,88995.69483	4962.025501,16361.88944,25813.5848,36534.3256,45756.25444,55870.73967,67717.86968,79520.99532	0.9682369663,0.9675472379,0.967538024,0.9675251209,0.9675074403,0.9674837005,0.9674509002,0.9673869878	-0.9672497844,-0.967411449,-0.9673371281,0.9663594479,0.9682466779,0.967535865,0.9675221202,0.9675034012	ok
-1.36372745	-21.55310621	-45.29812019	0.8232913213	continued:5	1,1,1,1,1,-1,-1,-1	-1,-1,1,1,1,1,1,1	7925.0693,17535.67212,29288.24452,40956.20389,52511.85459,63179.33955,72901.94812,84838.72127	4962.610924,16381.07565,25852.97096,37200.53902,49421.379,61949.72042,74011.64631,86047.87064	0.9672160611,0.967497532,0.9674715796,0.9674362388,0.967361283,-0.9671159789,-0.9675553083,-0.9675512439	-0.9672386607,-0.9674773532,0.9688289825,0.9676382419,0.9677213007,0.9681876437,0.9677842611,0.9688432541	ok
-1.36172345	-21.55310621	-46.02502204	0.8204979724	continued:5	1,1,1,-1,-1,-1,-1,1	-1,-1,1,1,1,1,-1,1	7757.044044,17934.31398,29317.21662,40978.84818,52528.78394,64224.31233,75808.36935,87412.53865	4963.19776,16401.19779,24957.48782,34541.0804,46245.16432,57841.2472,69588.91254,80720.34253	0.9666934381,0.968010419,0.9673988048,-0.9680536041,-0.9674707907,-0.9674374259,-0.9673853478,0.9688458436	-0.9672275348,-0.9675437956,0.9672280785,0.9674733711,0.9674408858,0.9673922373,-0.9684246783,0.9688509871	ok
-1.35971944	-21.55310621	-46.71210795	0.8177046235	continued:5	1,1,1,1,1,-1,-1,-1	-1,-1,1,1,-1,-1,-1,1	7733.377058,17974.25162,28361.54072,38595.3243,49692.36254,60909.50691,71450.26842,83337.01694	4963.786001,16422.31421,25078.70547,35317.94562,45567.51486,55099.0499,66717.04777,78220.7668	0.9665730988,0.9683587189,0.9665544628,0.9684451265,0.9673647432,-0.9687199753,-0.967522737,-0.9675060791	-0.9672164067,-0.9676107264,0.9665668437,0.9683908749,-0.9672615806,-0.9674378364,-0.9673933613,0.9678009846	ok
-1.35771543	-21.55310621	-47.36127903	0.8149112746	continued:5	1,1,1,1,1,1,1,1	-1,-1,-1,-1,-1,-1,1,1	7825.174437,18038.12157,29834.46124,41873.37798,53935.80255,66042.4513,78241.07623,90676.89069	4964.375642,16444.4873,25419.79993,35368.8871,47829.10706,59152.76276,70072.12256,80391.02585	0.9666240796,0.9681016005,0.9675619342,0.9675691008,0.9675820763,0.9676082715,0.9676706071,0.9679311033	-0.9672052765,-0.9676780824,-0.9668693256,-0.9676771293,-0.9679761635,-0.9673418965,0.9681132048,0.9676078481	ok
-1.35571142	-21.55310621	-47.97088569	0.8124522943	continued:5	1,1,-1,-1,-1,-1,1,1	-1,-1,-1,-1,1,1,1,1	7977.192501,18101.34194,28636.81645,38614.40311,51145.05093,63339.21045,74000.01328,84631.04857	4964.966677,16467.78359,25901.48529,35642.74959,45254.03787,57518.58045,70046.62582,81488.46448	0.9666981439,0.9678760845,-0.9668289904,-0.9676922481,-0.9681834999,-0.9679067392,0.9679648729,0.9679490008	-0.9671941441,-0.9677457841,-0.9677833828,-0.9683384575,0.9676181884,0.9677133767,0.9684962805,0.9674976246	ok
-1.35370741	-21.55310621	-48.53562599	0.8109964196	continued:5	-1,-1,-1,-1,-1,-1,-1,-1	-1,-1,-1,-1,-1,-1,-1,1	8121.221947,18143.67219,30446.18375,41337.05448,50607.45484,60585.19037,73108.10332,85147.99991	4965.559099,16492.27377,26674.47486,36855.87887,46424.41074,56822.73357,69221.01124,79836.799	-0.9667746633,-0.9677276262,-0.968833771,-0.9684442355,-0.9668138132,-0.9676814668,-0.968142636,-0.9677088354	-0.9671830094,-0.9678137328,-0.9688143191,-0.9677529111,-0.9680551108,-0.9676452051,-0.9678529418,0.9667875821	ok
-1.35170341	-21.55310621	-49.04605510	0.8101604982	continued:5	1,1,1,1,1,1,1,-1	-1,-1,-1,-1,-1,-1,-1,-1	0.6951095214,8284.890851,18206.12715,30538.52343,42066.63038,52041.41545,63640.35715,75180.83618	4966.152902,16518.03258,27223.38821,37658.63754,47579.72664,59911.65155,71448.39852,81389.24879	0.990726745,0.9668503869,0.9676203966,0.967759656,0.9682355576,0.9673942802,0.9673442093,-0.9677965381	-0.9671718727,-0.9678818062,-0.9683187437,-0.9668512083,-0.9676202024,-0.9677590972,-0.9682498008,-0.9673794841	ok
-1.34969940	-21.55310621	-49.49876185	0.8099933139	full	-1,-1,-1,-1,-1,-1,-1,-1	-1,-1,-1,1,1,1,1,1	8334.909786,18158.01134,30221.1319,42286.39305,54355.68453,66432.63395,78524.39488,90645.82488	4966.748081,16545.13842,27129.48578,37753.30996,47516.36803,59460.43158,71333.2298,83110.75095	-0.9669286532,-0.9675370291,-0.967537687,-0.9675389108,-0.9675412122,-0.9675456248,-0.9675543862,-0.9675728215	-0.9671607337,-0.967949854,-0.9678365119,0.9669861371,0.9674995658,0.9674761827,0.9674442089,0.9674050836	ok
-1.34769539	-21.55310621	-41.12414083	0.8315477820	continued:5	1,1,1,1,1,1,1,1	-1,-1,-1,-1,-1,-1,-1,-1	8661.748108,20815.94065,33068.41881,45590.70488,57743.38525,68516.18163,78223.39676,90063.97008	4967.344628,16573.67282,26977.44556,39358.33537,50181.99299,59845.71791,71619.68103,83270.51192	0.9675559471,0.9675834642,0.9676597789,0.9681428561,0.9678059462,0.9670277827,0.9674569821,0.967419477	-0.9671495926,-0.9680176926,-0.9676173573,-0.9677999187,-0.9670693232,-0.9674343892,-0.967392684,-0.9673449753	ok
-1.34569138	-21.55310621	-42.73007415	0.8287544332	continued:5	1,1,-1,-1,-1,-1,1,1	-1,-1,-1,-1,-1,-1,-1,1	8983.664319,20078.60486,28834.628,37810.14327,47366.01759,58982.26504,70221.62706,82198.15564	4967.942538,16603.71932,26836.03245,38790.48087,50661.02932,62420.99532,74049.81685,85161.94969	0.9677644472,0.9675135236,-0.9676154161,-0.9671609456,-0.9673721062,-0.9673206366,0.9674937012,0.9674695053	-0.9671384494,-0.9680850982,-0.9674865746,-0.9674587518,-0.9674209839,-0.9673762335,-0.967325679,0.9674005619	ok
-1.34368737	-21.55310621	-43.75497152	0.8259610843	continued:5	1,1,1,1,1,1,-1,-1	-1,-1,-1,-1,-1,1,1,1	9216.658186,21247.44018,31914.77956,41993.40431,53707.10468,65277.58994,76932.28888,88227.62501	4968.541805,16635.36197,26703.98149,38404.42788,49959.74923,61729.21678,73736.03679,83750.54946	0.9681941184,0.9687917067,0.9681471502,0.9673963688,0.9673475621,0.9672907498,-0.9679022954,-0.9672621717	-0.9671273039,-0.9681517992,-0.9673917119,-0.9673425596,-0.9672835694,0.9681951621,0.9688006215,0.9671761497	ok
-1.34168337	-21.55310621	-44.61199266	0.8231677354	continued:5	1,1,1,1,1,-1,1,1	-1,-1,-1,-1,1,-1,-1,-1	8893.281932,19764.82782,31569.4828,43237.7716,54753.99349,66126.11769,75743.45926,86390.93515	4969.142422,16668.68291,26570.77912,38089.90907,49008.01706,58163.98806,68649.82469,80387.96326	0.9688028441,0.9674194611,0.9673716784,0.9673196722,0.9672509379,-0.9687326696,0.9678021179,0.9684896486	-0.9671161563,-0.9682174678,-0.9673088536,-0.9672126017,0.9674601302,-0.9686433155,-0.9673961492,-0.9673459282	ok
-1.33967936	-21.55310621	-45.38815294	0.8203743865	continued:5	1,1,1,1,-1,-1,-1,-1	-1,-1,1,1,1,1,1,1	8290.33714,18327.09103,29973.9026,41471.98971,52486.02915,62813.5933,74936.0892,87070.49643	4969.744385,16703.759,26272.559,38336.29395,50353.47555,62291.80832,74115.75271,85799.70267	0.9681457027,0.9673552639,0.9673007739,0.9672186942,-0.9680057302,-0.967515073,-0.9675186028,-0.9675264775	-0.9671050065,-0.9682817107,0.9674972349,0.9674825993,0.9674568694,0.967417759,0.9673683535,0.9673146778	ok
-1.33767535	-21.55310621	-46.11310157	0.8175810377	continued:5	1,1,1,1,1,1,1,1	-1,-1,1,1,1,1,1,-1	8050.482873,17339.55712,27814.07694,39186.85529,51320.64345,63470.43592,75658.01726,87944.89194	4970.347686,16740.65702,26044.49516,36697.75038,48288.27923,59959.02905,71470.24659,83045.30143	0.9676284629,0.9677528861,0.9687192805,0.9675106606,0.9675153,0.9675262729,0.9675538779,0.9676413488	-0.9670938545,-0.968344058,0.9678393143,0.9679622187,0.9673548699,0.9672989477,0.9672301954,-0.9687850527	ok
-1.33567134	-21.55310621	-46.79677307	0.8147876888	continued:5	1,-1,-1,-1,-1,-1,1,-1	-1,-1,-1,-1,-1,-1,-1,-1	8027.086846,16931.20486,26335.24957,36725.95872,49002.88632,61513.32901,72125.0772,81027.47849	4970.95232,16779.42713,26577.4958,37032.52289,49522.4272,61295.32692,73193.22425,84950.43219	0.9675192853,-0.967634167,-0.9679525654,-0.9675434718,-0.9676215614,-0.9682357989,0.9675038434,-0.9677793682	-0.9670827005,-0.9684039529,-0.9679227902,-0.9676041124,-0.9680056547,-0.9674269257,-0.9673772616,-0.9673202179	ok
-1.33366733	-21.55310621	-47.44089470	0.8119943399	continued:5	1,1,1,1,1,1,1,1	-1,-1,-1,-1,-1,-1,1,1	8138.368131,17304.57448,27173.26544,37870.50811,49916.47097,61875.6893,73704.19548,85374.03151	4971.558282,16820.0941,27868.58341,39276.96445,51009.80582,62577.11284,74061.51053,86526.79608	0.9675837241,0.9676757174,0.9685608549,0.9674679431,0.9674396566,0.9673944705,0.9673370533,0.9672770206	-0.9670715442,-0.9684607424,-0.9683965991,-0.9673599384,-0.967300091,-0.9672382682,0.9676261661,0.968448803	ok
-1.33166333	-21.55310621	-48.04397766	0.8096630770	continued:5	-1,-1,-1,-1,-1,1,1,1	-1,-1,-1,-1,-1,-1,-1,1	8298.952801,18214.88093,28642.10667,40275.60396,51761.50024,62862.61873,73085.62924,84965.26185	4972.165565,16862.64591,27740.87643,40216.73756,51596.54617,63288.78274,74809.53561,86615.83955	-0.9676687814,-0.968606462,-0.9673149619,-0.967252921,-0.9671602102,0.968009793,0.9674043738,0.9673472459	-0.9670603858,-0.9685136699,-0.967614847,-0.9683819955,-0.9673364926,-0.9672742401,-0.9672075325,0.9681609946	ok
-1.32965932	-21.55310621	-48.60000525	0.8080794848	continued:5	1,1,-1,-1,-1,-1,1,1	-1,-1,-1,-1,-1,-1,1,1	8473.371661,19134.60482,29811.41284,40438.19783,51852.95749,63327.59002,74578.37058,85204.95741	4972.774163,16907.01934,27502.14629,39348.64257,51025.57878,62527.10978,74346.40879,86212.65603	0.9677544329,0.968209212,-0.9678012242,-0.9678742982,-0.9672446212,-0.9671608149,0.9684153555,0.9687489042	-0.9670492252,-0.9685618733,-0.9673844194,-0.9673221892,-0.9672578096,-0.9671877177,0.9684632842,0.96768217	ok
-1.32765531	-21.55310621	-49.10224703	0.8073712809	continued:5	1,1,1,1,1,1,1,1	-1,-1,-1,-1,1,1,1,-1	3.574937197,8645.687922,19171.45714,30678.4566,40369.10857,50708.83211,62808.23393,74839.35693	4973.38407,16953.08275,27292.64163,38817.46276,50537.55747,61994.5397,73497.69226,85333.58047	0.9665436435,0.9678400878,0.9676573342,0.9683542913,0.9679287566,0.9674611513,0.9674395389,0.9673988749	-0.9670380624,-0.9686043921,-0.9672570946,-0.9671895541,0.9678788983,0.9672490757,0.9671791091,-0.9682622567	ok
-1.32565130	-21.55310621	-49.54551065	0.8072040966	full	-1,-1,-1,-1,-1,-1,1,1	-1,-1,1,1,1,-1,1,1	8714.68685,19036.84389,31086.19194,43018.15308,54781.54127,66359.2441,77624.99779,89590.3167	4973.995282,17000.61655,26764.83576,38445.65041,49942.61707,61785.65473,72556.90288,84464.06679	-0.9679252503,-0.9674376196,-0.9673984396,-0.96733749,-0.9672675218,-0.9672003803,0.9674098855,0.967353518	-0.9670268975,-0.9686401881,0.9673064076,0.9672374066,0.9671662229,-0.9682510181,0.9673897641,0.9673261639	ok
-1.32364729	-21.55310621	-41.31229255	0.8286278567	continued:5	1,1,1,1,-1,-1,-1,-1	-1,-1,1,1,1,1,-1,1	8563.824301,20398.35699,32043.4761,43507.40761,55075.00752,66205.24878,78439.97252,90811.08598	4974.607792,17049.29333,27025.25024,37154.66762,48867.91619,60391.29773,72046.98271,83605.1155	0.9673556272,0.9672841844,0.9672139398,0.9671332695,-0.968712969,-0.9674859,-0.9675242256,-0.9676933993	-0.9670157304,-0.9686681851,0.9680114202,0.9673102154,0.9672380852,0.9671686485,-0.9677458994,0.9679596077	ok
-1.32164329	-21.55310621	-42.83960069	0.8258345078	continued:5	1,1,1,1,1,1,1,1	-1,-1,-1,-1,-1,-1,1,1	8850.89168,21122.52706,33592.54715,45577.75452,57882.24323,70157.10647,81267.4185,92927.96424	4975.221594,17098.66076,28492.50523,39439.43864,49355.69017,60821.93202,72591.09495,83864.29603	0.9674888633,0.9675526884,0.9680037443,0.9674981314,0.9675909203,0.968622824,0.9672815164,0.9672084387	-0.9670045612,-0.9686873316,-0.9681522979,-0.9681104717,-0.9672062764,-0.9671285012,0.9686410023,0.9673626171	ok
-1.31963928	-21.55310621	-43.85324551	0.8230411589	continued:5	1,-1,-1,1,1,1,1,-1	-1,-1,-1,-1,-1,-1,-1,1	9103.39391,20730.64861,32274.69563,42716.42419,54349.0715,66009.62532,77476.75796,89330.48349	4975.836683,17148.13241,28215.19625,40268.2237,52183.68271,63906.477,75429.43448,87013.34628	0.9677171696,-0.968110858,-0.968627984,0.9679005402,0.9672728973,0.9671976094,0.9671206907,-0.9684633344	-0.9669933898,-0.9686966903,-0.9674154849,-0.9673687881,-0.9672970758,-0.9672195871,-0.9671479487,0.9676319488	ok
-1.31763527	-21.55310621	-44.70706904	0.8202478100	continued:5	1,-1,-1,-1,1,-1,-1,-1	-1,-1,-1,-1,1,1,1,1	9244.778212,19916.84911,31632.10757,43143.3214,54777.2349,66011.68609,76472.9754,88103.88674	4976.453053,17196.99269,27924.18416,39482.00171,50778.25568,62767.79974,74579.02079,86182.30767	0.9682109505,-0.9672857786,-0.9672059236,-0.9671329546,0.9676717872,-0.9685305483,-0.9672526999,-0.9671763995	-0.9669822163,-0.9686955457,-0.9672240444,-0.9671507146,0.9673866654,0.967322628,0.9672418569,0.9671668067	ok
-1.31563126	-21.55310621	-45.48136260	0.8174544612	continued:5	1,1,-1,-1,-1,-1,-1,1	-1,-1,-1,1,1,1,-1,-1	8919.892983,19441.8458,30787.96028,42868.21917,54817.54315,66568.62435,78108.21133,89502.59201	4977.070698,17244.42187,27669.08818,39289.61571,50471.94304,62861.05081,74061.62469,86324.12574	0.9686857715,0.9671359906,-0.9674088813,-0.9673649598,-0.9672915012,-0.9672079147,-0.9671334823,0.9674429835	-0.9669710406,-0.9686835212,-0.9670755699,0.9686734324,0.9675013976,0.9677161184,-0.9674640769,-0.9675184866	ok
-1.31362725	-21.55310621	-46.20374996	0.8146611123	continued:5	1,1,1,-1,-1,-1,-1,1	-1,-1,-1,-1,1,1,1,-1	8591.482509,18959.41463,30480.21891,41973.71321,54396.82064,65864.82052,77347.90653,89106.02492	4977.689614,17289.54442,27863.57192,38811.55644,50429.77746,61413.31229,72921.89509,84501.52193	0.9685309965,0.9671915082,0.9671159315,-0.9675073286,-0.9678229283,-0.9671764398,-0.9671005175,0.967805241	-0.9669598628,-0.9686606781,-0.9684013226,-0.967666346,0.968571404,0.967186641,0.967111223,-0.9675844879	ok
-1.31162325	-21.55310621	-46.88343063	0.8118677634	continued:5	1,1,1,1,-1,-1,-1,-1	-1,-1,-1,1,1,-1,-1,-1	8566.009589,19150.76978,30920.09765,42466.4714,53755.58781,65702.55345,77437.8481,88952.98774	4978.309793,17331.49768,28953.27659,39769.33074,51325.20139,62552.28482,74394.13067,86011.20321	0.9684729643,0.9672822294,0.9671927604,0.9671147547,-0.9673486095,-0.9672689057,-0.9671802198,-0.9671034341	-0.9669486828,-0.968627571,-0.9677103737,0.9671966112,0.9671181097,-0.9673100861,-0.9672213671,-0.9671390933	ok
-1.30961924	-21.55310621	-47.52198280	0.8090744145	continued:5	1,1,1,-1,1,1,-1,1	-1,-1,-1,-1,-1,1,1,1	8710.880493,19049.60701,30532.62369,42216.85058,53732.69065,64991.19491,76681.51849,88055.55221	4978.931232,17369.51056,28601.8682,40376.39345,51922.42778,63186.39547,75080.5288,86747.45582	0.9685176771,0.9671581224,0.9670803242,-0.9676655574,0.9677338892,0.9670799311,-0.9676728102,0.967570856	-0.9669375006,-0.968585235,-0.9672761548,-0.9671837822,-0.9671040033,0.96732168,0.9672331164,0.9671451775	ok
-1.30761523	-21.55310621	-48.11810181	0.8067431516	continued:5	1,-1,-1,1,1,1,-1,-1	-1,-1,-1,-1,1,1,-1,-1	8905.88093,18541.0236,29987.08043,41871.92785,54026.97198,65302.05981,76842.92825,89257.95349	4979.553923,17402.97616,28317.17758,39753.11498,51680.79109,62669.37481,74512.58063,86274.21098	0.9685633701,-0.9671333761,-0.9670527436,0.9679943286,0.9677306854,0.9670763993,-0.9675066297,-0.9680828291	-0.9669263163,-0.9685350985,-0.9671286046,-0.967046259,0.9681809814,0.9670566895,-0.9678909668,-0.9672705646	ok
-1.30561122	-21.55310621	-48.66614442	0.8052872769	continued:5	1,1,1,1,-1,-1,1,-1	-1,-1,1,1,1,-1,-1,-1	9102.727682,19747.69224,30954.85578,43357.03112,54694.17942,65265.9519,76186.15401,87815.20255	4980.177863,17431.50201,27898.70768,39664.14602,51191.66894,62517.10075,74497.52996,86258.06113	0.9685971812,0.968625053,0.9674999676,0.9680905428,-0.9686410697,-0.9671005827,0.9670587825,-0.9675729663	-0.9669151299,-0.968478837,0.9672564327,0.9671584663,0.9670762446,-0.9673372523,-0.9672544745,-0.9671566273	ok
-1.30360721	-21.55310621	-49.15878918	0.8045790730	continued:5	1,1,1,1,-1,-1,-1,-1	-1,-1,-1,-1,-1,-1,-1,1	6.735720703,9305.382769,20477.83897,32821.63022,44475.1349,56319.84347,68223.59433,79883.89753	4980.803044,17454.92758,28671.04055,39726.42665,51708.40748,63465.29439,74980.21364,86354.68792	0.9646287682,0.9686173167,0.9674477004,0.9676207436,-0.9678987206,-0.9673018667,-0.9672054176,-0.9671101162	-0.9669039413,-0.9684182014,-0.968622593,-0.9673301859,-0.9672449629,-0.9671443372,-0.9670612062,0.967356975	ok
-1.30160321	-21.55310621	-49.59245779	0.8044118887	full	-1,-1,-1,1,1,1,-1,-1	-1,-1,-1,1,1,1,-1,-1	9400.427343,20165.45045,31719.65561,42836.26541,54487.38955,65912.03434,77829.02447,89956.56021	4981.429463,17473.30887,29338.20518,40322.77756,52096.19026,63620.93868,74908.18635,86802.47681	-0.9686221411,-0.967152236,-0.9670640053,0.9671931847,0.9670961748,0.9670121319,-0.9679669904,-0.9676744164	-0.9668927506,-0.9683548606,-0.9676448421,0.9672436036,0.9671396553,0.9670540035,-0.9672906215,-0.9671902974	ok
-1.29959920	-21.55310621	-41.51244856	0.8257539321	continued:5	1,1,1,-1,-1,-1,1,-1	-1,-1,-1,-1,-1,1,1,-1	8478.359662,20104.24056,31511.50693,43500.59029,54714.60825,66159.73449,77907.63287,88612.21519	4982.057113,17486.87849,29053.34051,40895.85105,52480.59926,63412.29046,74879.10924,86818.09629	0.9671742498,0.9670768354,0.9669876823,-0.9682072668,-0.9670965078,-0.9670134148,0.9676504877,-0.966994518	-0.9668815577,-0.9682902843,-0.9672630703,-0.9671566119,-0.9670632289,0.9670677986,0.9669538266,-0.9686009178	ok
-1.29759519	-21.55310621	-42.96197853	0.8229605832	continued:5	1,1,1,1,-1,-1,-1,-1	-1,-1,-1,-1,1,1,1,-1	8732.202064,20604.68296,32214.75833,43618.33945,55632.16895,67517.13256,79215.09804,90885.35749	4982.685989,17495.99387,28813.20221,40343.34262,51548.69277,63305.71744,74806.31681,86178.92205	0.9672669225,0.9671590384,0.9670606541,0.9669651405,-0.9683506767,-0.9678330371,-0.9671848257,-0.9670807977	-0.9668703627,-0.9682256793,-0.9671244787,-0.9670344458,0.9672210254,0.9671116799,0.9670244143,-0.967319173	ok
-1.29559118	-21.55310621	-43.96142352	0.8201672343	continued:5	1,1,-1,-1,-1,-1,1,-1	-1,-1,-1,1,1,-1,-1,-1	8960.577043,21257.44698,33085.47755,44280.02075,55964.98477,67402.16128,79124.95431,90595.02209	4983.316086,17501.08553,28611.82425,39541.69208,50939.09257,62966.8071,74266.44441,85775.63694	0.9674072899,0.9675296495,-0.9685210891,-0.9671829201,-0.96707485,-0.9669898153,0.9675842362,-0.9675515995	-0.9668591655,-0.9681619733,-0.9670394568,0.9670506391,0.9669568024,-0.9682129859,-0.9671066334,-0.9670167263	ok
-1.29358717	-21.55310621	-44.81001264	0.8173738855	continued:5	1,1,-1,-1,-1,-1,-1,1	-1,-1,-1,1,1,1,1,1	9154.300259,20383.61928,31975.59648,44315.58076,56429.83907,67926.25489,79388.92701,90920.01249	4983.947399,17502.61292,28435.5652,40414.44657,52529.54424,64371.64507,76249.87091,87855.77123	0.9676513587,0.96698589,-0.9674474555,-0.9679450315,-0.9677502469,-0.9670772768,-0.9669898116,0.9674005101	-0.9668479662,-0.968099833,-0.9669548792,0.9679534245,0.9678601914,0.9672538042,0.9671405137,0.9670375341	ok
-1.29158317	-21.55310621	-45.58079968	0.8145805366	continued:5	1,-1,-1,1,1,1,-1,-1	-1,-1,1,1,-1,-1,-1,-1	9227.011732,20881.40926,32411.78626,42920.73174,54686.40187,66180.42328,77505.94288,89405.17312	4984.579922,17501.03165,28861.22501,40116.66046,51525.10828,63559.42812,75365.92487,86896.24302	0.9680084737,-0.9683570636,-0.9684063572,0.9672009668,0.9670824279,0.9669903209,-0.9672543206,-0.9671400422	-0.9668367648,-0.9680397019,0.9676524675,0.9669850911,-0.967304098,-0.9672176662,-0.967098627,-0.9670022695	ok
-1.28957916	-21.55310621	-46.29919045	0.8117871877	continued:5	1,1,1,1,-1,-1,1,1	-1,-1,-1,-1,-1,-1,1,1	9182.579439,20763.76653,32614.77695,44182.9393,55111.32824,66501.50601,78431.77701,90067.78393	4985.213649,17496.77174,29279.02709,40841.86997,52597.50311,63621.51874,74945.71098,86831.27912	0.9682538234,0.9672279242,0.9671071228,0.967003661,-0.9670244294,-0.9669348091,0.9677821028,0.967112985	-0.9668255612,-0.9679818444,-0.9683467077,-0.9683325892,-0.9681109319,-0.9669780336,0.9672414938,0.9671230673	ok
-1.28757515	-21.55310621	-46.97359480	0.8089938388	continued:5	1,1,1,1,1,1,1,-1	-1,-1,-1,-1,-1,-1,1,-1	9205.394973,20900.53843,33057.20232,45142.28471,57039.82051,68652.28631,80031.7213,92040.34134	4985.848576,17490.22538,29566.98679,41224.72634,52824.53149,64207.66777,76279.86646,87637.29617	0.9682694718,0.9673330454,0.9673078617,0.9672386699,0.9671185746,0.9670069839,0.9669134889,-0.9678814745	-0.9668143555,-0.9679263892,-0.9677814809,-0.9671129218,-0.9670029058,-0.9669042593,0.9680169467,-0.9676040206	ok
-1.28557114	-21.55310621	-47.60544094	0.8062004900	continued:5	-1,-1,-1,-1,1,1,-1,-1	-1,-1,-1,-1,-1,1,1,1	9323.050739,20728.50419,32318.49433,43713.93828,55837.68461,66755.64795,78677.31378,90148.03478	4986.484698,17481.74161,29466.59798,41759.56656,52986.6221,64461.02884,76560.41166,88489.92883	-0.9681985585,-0.9671002133,-0.9669888851,-0.9668832178,0.9680592648,0.9669099049,-0.9677086424,-0.9670245628	-0.9668031477,-0.9678733662,-0.9673876567,-0.9676150411,-0.9669433832,0.9673061616,0.9672436098,0.9671251075	ok
-1.28356713	-21.55310621	-48.19362159	0.8038692270	continued:5	1,1,1,-1,-1,-1,1,-1	-1,-1,-1,-1,-1,1,-1,1	9472.539036,20625.46629,31999.28377,43929.06951,55371.40495,66772.09811,78492.9202,90407.77812	4987.122009,17471.62567,29310.47835,41172.74962,52738.58225,63630.54061,74506.43189,85599.13142	0.9681231747,0.9669882456,0.9668961584,-0.9676900278,-0.967003686,-0.9669135218,0.9674722534,-0.9680048106	-0.9667919377,-0.9678227376,-0.9672097577,-0.9670809195,-0.9669703152,0.9669717181,-0.9669562766,0.9670858746	ok
-1.28156313	-21.55310621	-48.73287551	0.8024922860	continued:5	-1,-1,1,1,1,1,-1,-1	-1,-1,-1,-1,-1,1,-1,-1	9609.604753,20549.68545,32219.43497,44415.1911,56283.0076,67188.5886,79143.05707,90609.38821	4987.760504,17460.14118,29166.55091,40811.01024,52192.6913,63999.45644,74939.60678,86584.67061	-0.9680497636,-0.9669045115,0.9674129891,0.9679348461,0.9680359636,0.9668806243,-0.9676909299,-0.967001292	-0.9667807256,-0.9677744207,-0.9671086596,-0.9669848806,-0.9668938974,0.9675305319,-0.9671089331,-0.9669850827	ok
-1.27955912	-21.55310621	-49.21568141	0.8017840821	continued:5	1,1,-1,-1,-1,-1,1,1	-1,-1,-1,-1,1,1,-1,-1	10.2100456,9751.560435,20944.92763,33189.57941,44746.75841,56230.22528,67456.07624,79165.48893	4988.400178,17447.51381,29038.98928,40553.80138,51635.38402,63189.68528,74097.65967,85463.67943	0.9649174765,0.9679793099,-0.9673818636,-0.9677161926,-0.9670256311,-0.9669227362,0.9671298734,0.9669966317	-0.9667695113,-0.9677283057,-0.9670404216,-0.966932617,0.9670589716,0.9669449712,-0.9669664279,-0.9668735127	ok
-1.27755511	-21.55310621	-49.63960214	0.8016168978	full	1,-1,-1,-1,-1,-1,-1,-1	-1,-1,-1,-1,1,1,1,1	19.12117205,9781.439909,21649.78849,33599.2114,45461.45924,57384.23985,69005.99048,80368.28125	4989.041026,17433.93559,28925.00427,40349.67263,51832.40299,63868.7897,75664.26956,87153.40901	0.999804251,-0.9679125612,-0.9678986882,-0.9678092448,-0.9672120145,-0.9670822851,-0.9669556972,-0.9668623825	-0.966758295,-0.9676842678,-0.9669888209,-0.9668924491,0.9672562091,0.9671596058,0.9670197721,0.9669137752	ok
-1.27555110	-21.55310621	-41.67082149	0.8227496563	continued:5	1,1,-1,-1,-1,1,1,1	-1,-1,-1,-1,1,-1,-1,-1	8393.112732,19858.79867,31118.15469,42846.93924,54276.40903,65705.38542,77645.1217,89285.36766	4989.683042,17419.56924,28821.62002,40182.62947,52008.99376,63140.59792,74978.3423,86502.94726	0.9670000084,0.9668956774,-0.967123057,-0.9669824231,-0.9668836191,0.9672116577,0.9670827921,0.9669509627	-0.9667470764,-0.9676421762,-0.9669465758,-0.9668531638,0.9674838009,-0.9671700252,-0.9670282995,-0.9669140366	ok
-1.27354709	-21.55310621	-43.07026135	0.8199563074	continued:5	1,1,1,-1,1,1,1,1	-1,-1,-1,1,1,-1,-1,1	8619.100896,20242.33271,31597.72568,43421.24829,54746.43464,66836.16494,78761.54736,90380.31185	4990.326223,17404.55228,28726.48827,39620.30443,50970.80986,62851.79621,74019.8578,86142.26181	0.9670669825,0.9669344875,0.9668403326,-0.9674598247,0.967264835,0.9671988952,0.9670648522,0.9669330217	-0.9667358558,-0.9676018994,-0.9669098369,0.9669302681,0.9668350647,-0.9675078761,-0.9668073234,0.9677254424	ok
-1.27154309	-21.55310621	-44.06117518	0.8171629585	continued:5	1,1,1,-1,-1,1,1,1	-1,-1,-1,1,1,1,-1,1	8820.007099,20666.99997,32193.34962,43149.20473,54559.39022,66022.0257,77974.76647,89628.12204	4990.970561,17389.00081,28637.92287,39821.85787,51454.03584,62810.14552,74576.32161,86513.69388	0.9671594138,0.9670125825,0.9668929805,-0.9669554063,-0.9668559022,0.9672031529,0.9670731627,0.9669337666	-0.9667246331,-0.9675633096,-0.9668761591,0.9670632418,0.9669265594,0.9668321597,-0.9673953158,0.9677036069	ok
-1.26953908	-21.55310621	-44.90732917	0.8143696097	continued:5	1,1,1,1,-1,-1,1,-1	-1,-1,-1,1,1,1,1,-1	8992.745204,21153.81379,33299.74368,44613.81143,55506.8062,66852.89886,78652.70184,90438.72942	4991.616054,17373.01274,28555.16148,40015.52137,51948.054,63571.31519,74919.29,86701.86176	0.9672934289,0.9673392359,0.9675821753,0.9668857454,-0.9669114639,-0.9668160697,0.9673998008,-0.9675568921	-0.9667134082,-0.9675262846,-0.9668433896,0.9671880712,0.9670511461,0.9669127768,0.9668176225,-0.967387477	ok
-1.26753507	-21.55310621	-45.67642622	0.8115762608	continued:5	1,-1,-1,-1,1,-1,-1,-1	-1,-1,-1,1,1,1,1,-1	9101.93634,20044.70109,31641.352,42977.07646,54855.22587,66004.02245,77810.26542,89289.90652	4992.262695,17356.67064,28481.5537,40228.03247,52308.46947,63696.42009,75036.27114,86840.70305	0.9674478483,-0.9670305573,-0.9668932498,-0.9667954379,0.967434742,-0.9671273369,-0.9669729439,-0.966856996	-0.9667021812,-0.9674907094,-0.966807646,0.9673433654,0.9676043308,0.9668985556,0.9668024731,-0.967382609	ok
-1.26553106	-21.55310621	-46.39217928	0.8087829119	continued:5	1,1,-1,-1,1,1,-1,-1	-1,-1,1,-1,1,1,1,1	9146.431237,20400.66541,31497.29607,43026.67317,53920.39747,65263.73417,76985.00176,89113.84687	4992.91048,17340.04419,27975.61629,38794.31727,50255.28035,62154.81659,73731.11402,85070.17139	0.967540158,0.9668455026,-0.9669894472,-0.9668613938,0.9668930421,0.9667967559,-0.9673086585,-0.9674632699	-0.966690952,-0.9674564763,0.9668697382,-0.9668178855,0.9671606387,0.967012634,0.9668759159,0.9667723902	ok
-1.26352705	-21.55310621	-47.06241763	0.8059895630	continued:5	1,1,-1,-1,1,1,-1,-1	-1,-1,1,1,1,-1,1,-1	9187.75194,20451.70431,31489.33939,42961.03329,54059.67403,65584.72856,76478.33141,87819.8091	4993.559404,17323.1922,28275.23224,39865.13838,51192.15784,63053.58964,74658.98348,86506.42193	0.9675360286,0.9668376599,-0.9669522979,-0.9668329652,0.96697915,0.9668492349,-0.9668833533,-0.9667863698	-0.9666797208,-0.9674234855,0.9670113928,0.9668694405,0.9667703372,-0.9673778272,0.9673539558,-0.9675006279	ok
-1.26152305	-21.55310621	-47.68851789	0.8031962141	continued:5	1,1,-1,-1,-1,1,1,1	-1,-1,1,1,1,-1,1,1	9281.741872,20473.79934,31779.92313,43485.32911,54870.91991,66299.15808,78129.60262,89623.11599	4994.209461,17306.16435,28557.1036,40433.78656,51978.15225,62794.91857,73901.50332,85427.18174	0.9674961221,0.9668044757,-0.9670593435,-0.9668992502,-0.9667949286,0.9671167635,0.9669550885,0.9668287404	-0.9666684875,-0.9673916453,0.9671372374,0.9669808122,0.9668442582,-0.9668199651,0.9669713926,0.9668385176	ok
-1.25951904	-21.55310621	-48.26961793	0.8009438849	continued:5	1,1,-1,-1,-1,-1,1,1	-1,-1,1,1,1,-1,-1,-1	9402.396538,20526.22369,32115.4528,44107.00961,55834.24359,67232.82424,78578.05538,90309.87788	4994.860648,17289.00264,28792.10786,40883.28629,52952.84811,64193.62244,76042.58885,87553.12019	0.9674557805,0.9667688616,-0.9671830985,-0.9670622325,-0.9668975111,-0.9667887815,0.9670643908,0.9668993935	-0.966657252,-0.9673608709,0.9672543605,0.9672795848,0.9673801296,-0.9671181422,-0.966955604,-0.966823081	ok
-1.25751503	-21.55310621	-48.80019924	0.7996946613	continued:5	-1,1,-1,-1,-1,1,1,-1	-1,-1,1,-1,-1,1,-1,-1	9511.66184,20129.27346,31882.1498,43953.86717,55936.03802,66588.17178,77907.46106,89625.24302	4995.512958,17271.74262,28967.19212,40585.21114,52532.64445,63112.58501,74575.01429,86410.64123	-0.9674174616,0.9667409507,-0.9672529408,-0.9672906395,-0.9674086786,0.9668428779,0.9667442962,-0.967234192	-0.9666460143,-0.9673310846,0.9673384581,-0.9672977861,-0.967416453,0.9667665597,-0.9671053356,-0.9669388822	ok
-1.25551102	-21.55310621	-49.27292258	0.7989864574	continued:5	1,1,-1,-1,1,1,-1,-1	-1,-1,1,-1,-1,-1,1,1	14.03289903,9637.909157,20514.5819,32012.655,42937.03421,54295.95498,65753.17692,77567.65489	4996.166388,17254.41438,29084.68114,40150.9059,51805.43828,63146.16609,74688.10039,86588.36448	0.9656905092,0.9673809316,-0.9669330035,-0.9667976533,0.9668589632,0.9667541163,-0.9670888207,-0.966918094	-0.9666347746,-0.9673022152,0.9673678907,-0.9670124444,-0.9668485522,-0.9667469373,0.9671286883,0.966970943	ok
-1.25350701	-21.55310621	-49.68694222	0.7988192731	full	1,-1,1,1,1,-1,-1,-1	-1,-1,-1,1,1,1,-1,-1	30.75369346,9654.444041,20857.97321,32623.88674,44044.93384,55229.42544,66790.75467,78107.3632	4996.820932,17237.0434,29154.43096,40375.4472,52157.72922,63593.55,74723.57212,86241.75802	0.998826066,-0.9673460981,0.9670591142,0.9668841424,0.9667638216,-0.9669578674,-0.9668063249,-0.9667004706	-0.9666235328,-0.9672741975,-0.9673447971,0.9670668718,0.9668919827,0.9667682698,-0.9669354794,-0.9667929349	ok
-1.25150301	-21.55310621	-41.84725271	0.8198220960	continued:5	1,1,-1,-1,-1,1,1,-1	-1,-1,-1,1,-1,1,1,1	8318.829171,19666.77919,31112.00686,42884.47363,54308.68866,65459.49548,76986.65384,87786.67297	4997.476586,17219.65131,29186.40875,40903.39832,52727.83079,64268.22339,76291.75285,88246.86769	0.9668355575,0.9667293677,-0.96705534,-0.9668774674,-0.9667540797,0.9669323259,0.9667849073,-0.9667684943	-0.9666122888,-0.9672469718,-0.9672892594,0.9672754381,-0.9673069883,0.9671989348,0.9671453783,0.9670078907	ok
-1.24949900	-21.55310621	-43.19212655	0.8170287471	continued:5	1,1,-1,-1,1,1,-1,-1	-1,-1,-1,-1,-1,-1,-1,1	8519.933648,19975.48931,30994.81351,42416.55047,53554.70207,65064.93941,75900.30481,87204.73511	4998.133344,17202.25641,29190.00146,41175.71079,53155.17136,65113.18849,76987.40104,88668.57593	0.9668861317,0.9667526028,-0.9668677898,-0.9667425789,0.9669154275,0.9667689401,-0.9667841916,-0.9666791174	-0.9666010428,-0.9672204834,-0.9672215707,-0.9672246046,-0.9672328423,-0.9672530085,-0.9672800084,0.9672383826	ok
-1.24749499	-21.55310621	-44.17104428	0.8142353983	continued:5	1,1,1,-1,-1,-1,-1,1	-1,-1,-1,-1,-1,-1,1,1	8694.998682,20288.94706,31585.53473,43240.77488,55160.43834,66775.3482,78080.64228,89668.98701	4998.791203,17184.87424,29173.82597,41149.08941,52921.54693,64340.99813,75465.95482,86959.3462	0.9669517787,0.9667849068,0.9666838374,-0.9671169868,-0.9669626655,-0.966792088,-0.9666904429,0.9670881132	-0.9665897946,-0.9671946821,-0.9671540012,-0.9670418414,-0.9668582991,-0.9667310973,0.9668985031,0.9667530127	ok
-1.24549098	-21.55310621	-45.01232294	0.8114420494	continued:5	1,1,1,-1,-1,1,1,-1	-1,-1,-1,-1,-1,-1,1,1	8838.387243,20610.44102,32027.45459,43139.8224,54617.26864,65526.52771,76858.17452,88283.84442	4999.450157,17167.51795,29144.82554,41027.33152,52579.96026,63878.63092,75681.77558,87656.34994	0.9670350404,0.9668487385,0.9667196544,-0.9668819948,-0.9667374397,0.966800323,0.9666922918,-0.9670051245	-0.9665785443,-0.9671695221,-0.9670917753,-0.9669224068,-0.9667605458,-0.9666542809,0.967159602,0.9670651011	ok
-1.24348697	-21.55310621	-45.77773924	0.8086487005	continued:5	1,1,1,1,-1,-1,-1,1	-1,-1,-1,-1,-1,1,1,-1	8926.856506,20851.34867,32498.52126,43815.4599,55273.9618,66998.23064,78370.69929,89615.53736	5000.110202,17150.19868,29107.97275,40894.99737,52325.22475,63372.66713,74798.39064,85860.88136	0.9671131967,0.9669646141,0.9667829569,0.9666763355,-0.9670043041,-0.9668154153,-0.9666955258,0.9669207282	-0.9665672919,-0.9671449611,-0.9670362324,-0.9668478821,-0.9667127333,0.9668453744,0.9667114109,-0.9668511672	ok
-1.24148297	-21.55310621	-46.48911933	0.8058553516	continued:5	1,1,1,1,-1,-1,1,1	-1,-1,-1,-1,-1,1,1,1	8967.768205,20913.79615,32737.26886,44208.65014,55103.60761,66418.6682,77854.67187,89547.40361	5000.771332,17132.92587,29066.58086,40770.60772,52124.40766,63411.40621,74995.57286,86278.47089	0.9671470662,0.9670493037,0.9668627931,0.9667140241,-0.9667732758,-0.966665408,0.9669812797,0.9667913685	-0.9665560374,-0.9671209606,-0.9669870614,-0.9667963275,-0.966678959,0.9669241379,0.9667496399,0.966647328	ok
-1.23947896	-21.55310621	-47.15366109	0.8030620027	continued:5	1,1,1,1,-1,-1,1,1	-1,-1,-1,-1,-1,1,1,1	9012.892686,20943.4863,32737.05867,44172.69944,55164.15297,66541.23341,77724.19446,89227.90004	5001.433544,17115.70747,29022.77566,40656.82093,51959.85057,63417.62954,75112.15479,86456.14275	0.967135368,0.9670275673,0.9668348161,0.966692792,-0.9668014216,-0.9666755064,0.966872854,0.9667130611	-0.9665447808,-0.9670974849,-0.966943418,-0.9667571847,-0.9666502762,0.9669753172,0.9667821852,0.9666652155	ok
-1.23747495	-21.55310621	-47.77268983	0.8002686539	continued:5	1,1,1,1,-1,-1,-1,1	-1,-1,-1,-1,-1,1,1,1	9111.745587,21024.84711,32731.2484,44082.20465,55330.5054,66868.8272,78158.16078,89916.61857	5002.096833,17098.5502,28977.89582,40552.86949,51826.22987,63431.12812,75211.56002,86632.18776	0.9671097886,0.9669749337,0.9667779743,0.9666569109,-0.9668843468,-0.9667131332,-0.9666045479,0.9670666761	-0.9665335221,-0.9670745013,-0.9669043916,-0.9667253315,-0.9666222149,0.9670146303,0.9668182138,0.9666775781	ok
-1.23547094	-21.55310621	-48.34559841	0.7981440421	continued:5	-1,-1,-1,-1,1,1,1,-1	-1,-1,-1,-1,-1,1,1,1	9227.162412,21116.95498,32746.70133,44041.40808,55473.39336,67122.25694,78428.81411,89811.8526	5002.761193,17081.45969,28932.77527,40457.40423,51844.12394,63711.90786,75592.10003,87186.83057	-0.9670843257,-0.9669269464,-0.966734977,-0.9666266224,0.9669373453,0.9667426696,0.9666313115,-0.9669197638	-0.9665222613,-0.9670519797,-0.9668691675,-0.9666980782,-0.9665749189,0.9670744163,0.9669078963,0.9667217807	ok
-1.23346693	-21.55310621	-48.86620828	0.7966881674	continued:5	1,1,1,1,-1,-1,-1,1	-1,-1,-1,-1,1,1,-1,-1	9354.546441,21217.86689,32783.22715,44047.38933,55636.6878,67370.44894,78741.82404,89878.00416	5003.426622,17064.44068,28887.92803,40369.15493,51170.9068,62456.00559,74190.37737,86002.0242	0.9670595371,0.9668845193,0.9667009579,0.9665970554,-0.9669770567,-0.9667733879,-0.9666417208,0.9668196729	-0.9665109983,-0.9670298924,-0.9668370666,-0.9666738995,0.9666895364,0.9665797985,-0.9670223324,-0.9668264657	ok
-1.23146293	-21.55310621	-49.33051345	0.7961866145	continued:5	1,1,1,1,-1,1,1,1	-1,-1,-1,-1,1,1,-1,-1	18.24304387,9469.192045,21304.73465,32816.19407,43554.02223,54879.85857,66437.33024,77696.84683	5004.093113,17047.49709,28843.66559,40287.05829,51183.16702,62482.00778,73838.91228,85415.30675	0.966640124,0.9670354034,0.9668466984,0.9666726043,-0.9666108822,0.9668728245,0.9666876914,0.9665834211	-0.9664997333,-0.9670082136,-0.9668075384,-0.9666518716,0.9667208997,0.9666078256,-0.9668833749,-0.9666943132	ok
-1.22945892	-21.55310621	-49.73447617	0.7960194303	full	1,-1,-1,-1,1,1,-1,-1	-1,-1,-1,-1,1,1,-1,-1	39.6206973,9487.195572,21294.55873,32760.12817,43575.37512,54830.76223,66405.451,78096.00101	5004.760662,17030.63219,28800.17081,40210.25322,51187.96286,62531.77172,73711.51209,85172.96291	0.9971553143,-0.9670118828,-0.966812722,-0.9666476749,0.9666763665,0.9665718161,-0.9669405343,-0.9667323258	-0.9664884662,-0.9669869197,-0.966780142,-0.9666314033,0.9667404781,0.9666120436,-0.9668102971,-0.9666464557	ok
-1.22745491	-21.55310621	-42.04070630	0.8169379208	continued:5	1,1,-1,-1,-1,1,1,1	-1,-1,-1,-1,1,1,-1,-1	8252.834772,19513.73069,30976.86862,42590.41369,53864.8315,65261.59108,76837.88434,88094.55405	5005.429265,17013.84868,28757.5446,40138.04806,51184.86884,62563.22013,73616.45545,84998.44799	0.966677435,0.9665706407,-0.966890387,-0.9666878029,-0.9665776087,0.9668690989,0.9666735394,0.9665677001	-0.966477197,-0.9669659886,-0.9667545241,-0.9666120986,0.9667532283,0.9666114768,-0.9667554201,-0.9666125285	ok
-1.22545090	-21.55310621	-43.32873103	0.8141445719	continued:5	1,1,-1,-1,1,1,-1,-1	-1,-1,-1,-1,1,1,-1,-1	8431.294004,19763.44839,30935.10102,42376.1094,53228.76281,64492.45535,75905.84687,87479.07832	5006.098918,16997.14873,28715.83555,40069.88754,51175.34664,62580.02538,73536.96197,84859.09604	0.966716939,0.9665872536,-0.966782859,-0.9666188851,0.9666717556,0.9665626931,-0.9668604079,-0.9666620036	-0.9664659257,-0.9669454001,-0.9667304016,-0.9665936807,0.9667611323,0.9666082985,-0.9667106577,-0.9665841247	ok
-1.22344689	-21.55310621	-44.29268698	0.8113512230	continued:5	1,1,-1,-1,1,1,1,-1	-1,-1,-1,-1,1,1,-1,-1	8582.342091,20007.35812,30888.48483,42164.05408,53498.31232,65017.76535,76275.85919,87909.03882	5006.769615,16980.53413,28675.05894,40005.3259,51160.8295,62585.36621,73467.86506,84744.1823	0.9667656576,0.9666034815,-0.9666721354,-0.9665578487,0.9668219397,0.9666326917,0.966523752,-0.9669081318	-0.9664546523,-0.9669251353,-0.9667075458,-0.9665759491,0.9667653075,0.9666032953,-0.9666726642,-0.9665581449	ok
-1.22144289	-21.55310621	-45.12687903	0.8085578741	continued:5	1,1,1,-1,-1,-1,1,1	-1,-1,-1,-1,1,1,-1,-1	8697.697362,20227.56067,31468.63571,43028.40574,54646.46124,65916.28243,77244.53253,88750.30797	5007.441353,16964.00626,28635.20897,39944.00677,51142.53248,62581.71401,73406.88739,84651.34564	0.9668209375,0.9666257252,0.9665193593,-0.9668731896,-0.9666599395,-0.9665454495,0.9668065265,0.9666176324	-0.9664433769,-0.9669051768,-0.9666857709,-0.966558753,0.9667665034,0.9665968699,-0.9666396784,-0.9665324646	ok
-1.21943888	-21.55310621	-45.88677116	0.8057645252	continued:5	1,1,1,-1,-1,1,-1,-1	-1,-1,-1,-1,1,1,-1,-1	8762.613617,20375.51375,31639.93992,42960.84723,54452.57531,65161.32745,76413.66909,87871.47177	5008.114126,16947.56621,28596.26676,39885.64945,51121.47112,62571.04335,73352.71101,84597.78327	0.9668637426,0.96664788,0.9665330537,-0.9667908867,-0.9666025213,0.9665402525,-0.9667703418,-0.9665918165	-0.9664320993,-0.966885508,-0.966664925,-0.9665419748,0.966765274,0.9665892794,-0.9666106642,-0.9665023573	ok
-1.21743487	-21.55310621	-46.59214961	0.8029711764	continued:5	1,1,1,-1,-1,1,1,-1	-1,-1,-1,-1,1,1,-1,1	8794.544752,20435.06912,31716.81347,42952.93197,54393.83669,65182.75084,76414.63631,87933.64437	5008.787931,16931.21479,28558.20561,39830.04083,51098.51352,62554.99143,73304.354,84022.76357	0.9668745447,0.9666516775,0.9665289445,-0.966752471,-0.9665759472,0.9666037593,0.9664971555,-0.9668316023	-0.9664208197,-0.9668661142,-0.9666448828,-0.9665255183,0.9667620548,0.9665807162,-0.9665849801,0.9665656435	ok
-1.21543086	-21.55310621	-47.24954091	0.8001778275	continued:5	1,1,1,-1,-1,1,1,-1	-1,-1,-1,-1,1,1,-1,1	8843.670357,20471.08637,31741.66607,42989.33945,54426.85199,65209.07767,76438.64207,87957.92428	5009.462764,16914.95259,28520.99438,39777.03367,51074.43735,62534.97403,73260.93244,84060.84188	0.9668604423,0.9666358743,0.9665146508,-0.9667429791,-0.9665642632,0.9665906564,0.9664834977,-0.9668163703	-0.9664095379,-0.9668469809,-0.9666255405,-0.9665093004,0.966757202,0.9665713392,-0.9665622134,0.9665981245	ok
-1.21342685	-21.55310621	-47.86022177	0.7973844786	continued:5	-1,-1,-1,1,1,-1,1,-1	-1,-1,-1,-1,1,1,-1,1	8950.177997,20555.48293,31809.19885,43088.29213,54530.96319,65284.98463,75983.42527,87239.79118	5010.138619,16898.78,28484.59975,39726.55279,51049.99171,62512.28379,73221.6076,84089.61203	-0.9668404651,-0.9666157193,-0.9664981436,0.9667387118,0.9665551449,-0.9665678076,0.9665006538,-0.9667323249	-0.9663982541,-0.9668280951,-0.9666068112,-0.9664932441,0.9667510173,0.9665612883,-0.9665420678,0.9666130736	ok
-1.21142285	-21.55310621	-48.42385044	0.7952598668	continued:5	-1,-1,-1,1,1,-1,1,-1	-1,-1,-1,-1,1,1,-1,1	9072.220117,20656.18987,31894.97005,43202.23113,54647.57465,65380.58117,76097.6065,86885.87643	5010.815492,16882.69723,28448.98773,39678.61465,51025.97527,62488.19528,73185.69243,84101.20592	-0.9668208068,-0.9665963758,-0.9664819224,0.9667331252,0.9665454067,-0.9665475667,0.9665385286,-0.9665726043	-0.9663869681,-0.9668094444,-0.9665886216,-0.9664772707,0.9667437657,0.9665506926,-0.9665242607,0.9666180568	ok
-1.20941884	-21.55310621	-48.93465771	0.7938829258	continued:5	1,1,1,-1,-1,1,-1,-1	-1,-1,-1,-1,1,1,-1,1	9199.247785,20762.65094,31988.48028,43321.51935,54767.56168,65484.93231,76244.02221,87484.93055	5011.493379,16866.70435,28414.12456,39633.37295,51003.35771,62464.11219,73152.90477,84097.29214	0.9668013562,0.9665775927,0.9664656227,-0.9667263354,-0.9665349736,0.9665294909,-0.966550114,-0.9664386958	-0.9663756801,-0.9667910175,-0.9665709099,-0.9664612892,0.9667356934,0.966539676,-0.9665084297,0.966615971	ok
-1.20741483	-21.55310621	-49.38842166	0.7933813730	continued:5	1,1,1,1,-1,-1,1,-1	-1,-1,-1,-1,1,1,-1,1	22.85903521,9318.009274,20861.62448,32076.70889,43433.98601,54879.20107,65584.78837,76374.29387	5012.172276,16850.80131,28379.97735,39591.22589,50983.51265,62441.83384,73123.72575,84083.04466	0.9676667861,0.9667822592,0.9665595063,0.9664494954,-0.966718666,-0.9665241505,0.966513281,-0.9665522176	-0.96636439,-0.9667728034,-0.9665536234,-0.9664451782,0.9667270496,0.9665283668,-0.9664940618,0.9666091109	ok
-1.20541082	-21.55310621	-49.78220176	0.7932141887	full	1,1,1,1,-1,-1,1,-1	-1,-1,-1,-1,1,1,-1,1	47.66187324,9338.514963,20863.08892,32070.11798,43451.21383,54894.5513,65590.81314,76400.14822	5012.852179,16834.98795,28346.51442,39553.09737,50968.76917,62424.1685,73099.95858,84067.15684	0.994866337,0.9667634283,0.9665418603,0.9664330919,-0.966710297,-0.9665130706,0.9664984099,-0.9665490023	-0.9663530978,-0.9667547921,-0.9665367168,-0.9664287436,0.9667181284,0.9665169159,-0.9664804249,0.9665999161	ok
-1.20340681	-21.55310621	-42.22183211	0.8140047412	continued:5	1,1,-1,-1,1,-1,-1,1	-1,-1,-1,-1,1,1,-1,1	8189.438041,19393.90066,30817.92325,42264.68391,52942.35665,63837.0443,75078.56962,86273.03983	5013.533082,16819.26404,28313.7055,39521.36027,50964.10805,62416.79101,73086.35772,84065.0158	0.9665222735,0.9664141253,-0.9667055345,-0.9665036162,0.9664758863,-0.9665663843,-0.9664420169,0.9666507909	-0.9663418036,-0.9667369743,-0.9665201511,-0.9664115964,0.9667093788,0.9665055508,-0.9664663491,0.9665916405	ok
-1.20140281	-21.55310621	-43.46327895	0.8112113923	continued:5	1,1,-1,-1,1,1,-1,-1	-1,-1,-1,-1,1,1,-1,1	8347.842114,19582.87788,30773.54886,42128.32259,53006.25471,64236.57051,75442.0418,86802.35376	5014.214983,16803.62926,28281.52189,39504.58131,50985.34792,62437.10793,73099.41537,84119.01168	0.9665535141,0.9664293918,-0.9666369532,-0.9664650155,0.9665499041,0.9664276206,-0.9666407484,-0.9664666239	-0.9663305072,-0.9667193408,-0.9665038925,-0.966392596,0.9667018676,0.9664948071,-0.9664488903,0.9665914891	ok
-1.19939880	-21.55310621	-44.41408336	0.8084180435	continued:5	1,1,-1,-1,1,1,-1,-1	-1,-1,-1,1,-1,-1,1,-1	8477.322606,19774.91711,30776.63368,42051.87889,53110.05905,64407.28854,75409.91629,86685.51957	5014.897876,16788.08322,28249.93643,39006.2337,50414.14116,61833.56278,72539.51058,83232.63684	0.9665902692,0.9664380162,-0.9665746558,-0.9664315672,0.9665900391,0.9664379124,-0.9665748867,-0.9664316574	-0.9663192088,-0.9667018836,-0.9664879118,0.9663890041,-0.9666732198,-0.9664737729,0.9664756646,-0.9664689486	ok
-1.19739479	-21.55310621	-45.24176811	0.8056246946	continued:5	1,1,-1,-1,1,1,-1,-1	-1,-1,-1,1,-1,-1,1,1	8568.925213,19932.13009,30755.50573,41957.37638,53212.96936,64574.25538,75402.27171,86605.71515	5015.581757,16772.62549,28218.9235,38871.19099,49917.88656,61204.51704,72214.47516,83487.20687	0.9666277948,0.9664461058,-0.9665102496,-0.9663951882,0.9666265512,0.9664455573,-0.9665118008,-0.9663960167	-0.9663079084,-0.9666845947,-0.9664721832,0.9664199354,-0.9665747832,-0.9664241917,0.9665649581,0.9664201647	ok
-1.19539078	-21.55310621	-45.99631881	0.8028313457	continued:5	1,1,-1,1,-1,-1,1,1	-1,-1,-1,1,-1,-1,1,1	8615.972653,20024.32266,30725.69797,41397.56761,52184.57043,63372.7038,74672.18882,86038.67317	5016.266623,16757.25561,28188.45901,38845.33813,49726.80926,60945.63899,72114.88947,83438.77841	0.9666516886,0.966449187,-0.9664538124,0.9664379358,-0.9664873056,-0.9663762126,0.9666227889,0.966436428	-0.9662966058,-0.9666674666,-0.966456684,0.9664263903,-0.96651709,-0.966392415,0.966593189,0.9664240677	ok
-1.19338677	-21.55310621	-46.69572280	0.8000379968	continued:5	1,1,-1,1,1,-1,-1,1	-1,-1,-1,1,-1,-1,1,1	8643.615774,20062.78977,30727.96739,41519.7309,52705.19018,63980.752,75330.89928,86152.19712	5016.952469,16741.97306,28158.52031,38828.71428,49595.50594,60777.77082,72099.46114,83463.23917	0.9666523985,0.9664423181,-0.9664245884,0.9664780252,0.9663659715,-0.9666040908,-0.9664209721,0.9664875873	-0.9662853012,-0.9666504926,-0.9664413945,0.9664277711,-0.9664694944,-0.966359859,0.966613642,0.9664249384	ok
-1.19138277	-21.55310621	-47.34594418	0.7972446479	continued:5	1,1,-1,1,1,-1,-1,1	-1,-1,-1,1,-1,1,-1,1	8698.892893,20107.22563,30780.1323,41509.64263,52717.29143,64130.88786,75508.55758,86249.14761	5017.639291,16726.77732,28129.08613,38814.53218,49498.81935,60186.83994,70863.17111,81579.27723	0.9666379214,0.9664282372,-0.9664200255,0.9664452479,0.9663333693,-0.9666163206,-0.9664185688,0.9664495081	-0.9662739944,-0.966633666,-0.966426297,0.9664264737,-0.9664259075,0.966427713,-0.9664218616,0.9664399842	ok
-1.18937876	-21.55310621	-47.94826960	0.7944512991	continued:5	-1,-1,1,-1,1,1,-1,-1	-1,-1,-1,1,-1,1,1,-1	8813.064178,20206.8413,30896.00229,41552.73478,52328.36732,63503.52579,74774.77293,86106.16016	5018.327084,16711.66781,28100.1365,38800.9121,49436.07685,60374.89794,71600.27391,82684.56088	-0.9666208281,-0.9664130789,0.9664183192,-0.9664012895,0.9664509542,0.9663395823,-0.9665762414,-0.9663941059	-0.9662626857,-0.9666169806,-0.9664113759,0.9664234014,-0.9663809917,0.9664985542,0.9663633155,-0.9665350914	ok
-1.18737475	-21.55310621	-48.50265119	0.7923266873	continued:5	-1,-1,1,-1,1,1,-1,-1	-1,-1,-1,1,1,-1,-1,1	8941.262371,20321.0009,31025.93105,41659.07475,52733.14119,63997.75274,74966.56879,86196.9189	5019.015845,16696.64398,28071.65269,38787.1413,50045.94143,61489.67019,72851.98001,83596.18704	-0.9666038706,-0.9663981362,0.9664149194,-0.9663514387,0.966520329,0.9663643812,-0.9664946147,-0.9663543302	-0.9662513749,-0.9666004307,-0.9663966171,0.9664190148,0.9663008215,-0.9665912629,-0.9663926843,0.9664294975	ok
-1.18537074	-21.55310621	-49.00373617	0.7910774637	continued:5	1,1,-1,-1,1,1,-1,-1	-1,-1,-1,1,1,-1,-1,1	9064.763413,20430.84298,31150.77709,42348.02704,53720.23339,65058.07736,75841.86233,87010.86868	5019.70557,16681.70524,28043.61709,38772.91325,49951.24177,61287.37931,72617.27867,83419.13595	0.9665870972,0.9663833776,-0.9664102576,-0.966298125,0.9665664557,0.9663747481,-0.9664317224,-0.9663184317	-0.966240062,-0.9665840106,-0.9663820083,0.9664135903,0.9663034478,-0.9665606456,-0.9663723807,0.9664372052	ok
-1.18336673	-21.55310621	-49.44669005	0.7905759109	continued:5	1,1,1,-1,-1,1,1,-1	-1,-1,-1,1,1,-1,-1,1	27.94977894,9187.339938,20540.15145,31274.04412,42442.10778,53744.23291,65057.19251,75880.6819	5020.396254,16666.85099,28016.01319,38758.09392,49922.5284,61205.86865,72514.40877,83347.84719	0.9687343062,0.966570389,0.9663687113,-0.9664045253,-0.9662946852,0.9665410658,0.9663567777,-0.9664323625	-0.966228747,-0.9665677152,-0.9663675381,0.9664073117,0.9662973891,-0.9665377242,-0.9663555195,0.9664352132	ok
-1.18136273	-21.55310621	-49.83011638	0.7904087266	full	1,1,1,-1,-1,1,1,-1	-1,-1,-1,1,1,-1,-1,1	55.4502414,9210.105015,20550.05673,31296.70605,42455.7778,53712.59213,65006.34904,75855.87702	5021.087893,16652.08064,27988.82547,38742.63194,49901.1384,61145.40084,72436.14916,83292.37995	0.9920627078,0.9665539619,0.966354184,-0.966397986,-0.9662875675,0.9665194226,0.966340626,-0.9664283353	-0.96621743,-0.9665515395,-0.9663531966,0.9664003113,0.9662893353,-0.9665171812,-0.9663397443,0.9664301193	ok
-1.17935872	-21.55310621	-42.38094435	0.8109372228	continued:5	1,-1,1,1,-1,-1,1,1	-1,-1,-1,1,1,-1,-1,1	8127.335164,18749.07084,29825.76689,41065.53379,52017.58512,63221.59656,74257.21662,85485.46785	5021.780484,16637.3936,27962.03937,38726.51855,49881.52603,61094.0146,72369.13148,83242.75859	0.9663687414,-0.9662984581,0.9664710266,0.9663145916,-0.9664427197,-0.9663037907,0.9664620014,0.9663112296	-0.9662061109,-0.9665354789,-0.9663389745,0.966392689,0.9662802686,-0.9664980398,-0.9663246101,0.9664232064	ok
-1.17735471	-21.55310621	-43.58893215	0.8081438739	continued:5	1,1,-1,-1,1,1,-1,-1	-1,-1,-1,1,1,-1,-1,1	8268.484264,19426.84258,30577.11228,41829.52301,52735.52493,63921.1593,74983.01743,86212.42663	5022.474022,16622.78926,27935.64116,38709.76796,49862.12531,61047.61173,72308.63777,83195.80707	0.9663933849,0.9662754669,-0.9664732914,-0.9663074689,0.9664197431,0.9662872692,-0.9664553273,-0.966300938	-0.9661947897,-0.9665195288,-0.9663248638,0.9663845242,0.966270562,-0.966479878,-0.9663099226,0.9664150448	ok
-1.17535070	-21.55310621	-44.53058481	0.8053505250	continued:5	1,1,-1,-1,1,1,-1,-1	-1,-1,-1,1,1,-1,-1,1	8379.744595,19576.19383,30590.24307,41800.77524,52781.80122,63983.37661,74985.21255,86192.44983	5023.168504,16608.26703,27909.61797,38692.40683,49842.35878,61004.2882,72252.40979,83150.16764	0.966421163,0.9662803428,-0.9664326802,-0.9662846997,0.9664254544,0.9662819665,-0.966430082,-0.9662837375	-0.9661834665,-0.9665036851,-0.9663108568,0.9663758809,0.9662604044,-0.966462458,-0.9662955717,0.9664059605	ok
-1.17334669	-21.55310621	-45.35389558	0.8025571761	continued:5	1,1,-1,-1,1,1,-1,-1	-1,-1,-1,1,1,-1,-1,1	8453.347466,19691.20665,30593.54197,41768.62817,52815.93625,64029.25268,74985.24547,86174.70714	5023.863925,16593.82632,27883.95767,38674.46848,49821.99724,60963.00569,72199.1775,83105.16752	0.966447035,0.9662819821,-0.9663953468,-0.9662627269,0.9664273291,0.9662749095,-0.9664077454,-0.9662675603	-0.9661721412,-0.9664879438,-0.9662969468,0.9663668131,0.9662499072,-0.9664456263,-0.9662814867,0.9663961644	ok
-1.17134269	-21.55310621	-46.10452170	0.7997638272	continued:5	1,1,-1,-1,1,1,-1,-1	-1,-1,-1,1,1,-1,-1,1	8489.827863,19753.47644,30583.67809,41735.87492,52828.76229,64046.98349,74973.92833,86150.63523	5024.560281,16579.46655,27858.64882,38655.9894,49800.95844,60923.13882,72148.15105,83060.44402	0.9664600923,0.9662786956,-0.9663659756,-0.966243264,0.9664237764,0.9662656999,-0.9663892352,-0.966252859	-0.9661608139,-0.9664723011,-0.9662831275,0.9663573663,0.9662391435,-0.9664292746,-0.9662676181,0.9663858044	ok
-1.16933868	-21.55310621	-46.79901485	0.7969704784	continued:5	1,1,-1,-1,1,1,-1,-1	-1,-1,-1,1,1,-1,-1,1	8518.648434,19786.22059,30591.46428,41734.07452,52837.40809,64051.54311,74969.34221,86138.77546	5025.257569,16565.18714,27833.68068,38637.00724,49779.22887,60884.28476,72098.80453,83015.7922	0.9664560886,0.9662691785,-0.9663480561,-0.9662283832,0.9664130728,0.9662538545,-0.9663751559,-0.9662399404	-0.9661494846,-0.9664567534,-0.9662693933,0.9663475802,0.9662281644,-0.9664133224,-0.9662539295,0.9663749892	ok
-1.16733467	-21.55310621	-47.44293275	0.7941771295	continued:5	1,1,-1,-1,1,1,-1,-1	-1,-1,-1,1,1,-1,-1,1	8581.920769,19841.04911,30647.32311,41786.14439,52877.35981,64082.36772,75001.80102,86166.72808	5025.955784,16550.98753,27809.04308,38617.55955,49756.829,60846.17146,72050.77032,82971.09406	0.9664422086,0.9662561055,-0.9663369701,-0.9662167909,0.9663981201,0.9662404934,-0.9663636342,-0.9662279743	-0.9661381531,-0.9664412972,-0.966255739,0.9663374889,0.9662170074,-0.9663977073,-0.9662403931,0.9663638017	ok
-1.16533066	-21.55310621	-48.03764870	0.7913837806	continued:5	-1,-1,1,1,-1,-1,1,1	-1,-1,-1,1,1,-1,-1,1	8703.155493,19951.90451,30763.01769,41898.76582,52975.02632,64170.50844,75092.33185,86252.90207	5026.654923,16536.86715,27784.72647,38597.68302,49733.79624,60808.60886,72003.78223,82926.2823	-0.9664266815,-0.9662424851,0.9663266508,0.9662055652,-0.966382644,-0.9662271181,0.9663521985,0.9662160401	-0.9661268197,-0.9664259293,-0.9662421597,0.966327123,0.9662057014,-0.9663823797,-0.9662269865,0.9663523067	ok
-1.16332665	-21.55310621	-48.58344651	0.7894658199	continued:5	-1,-1,1,1,-1,-1,1,1	-1,-1,-1,1,1,-1,-1,1	8823.390923,20062.01024,30877.21444,42009.68804,53072.07511,64258.48583,75181.65698,86337.59717	5027.354981,16522.82546,27760.72181,38577.41302,49710.17611,60771.46086,71957.64235,82881.3205	-0.9664112225,-0.9662288534,0.966316132,0.9661941814,-0.9663675584,-0.9662137488,0.9663405236,0.9662040455	-0.9661154841,-0.9664106465,-0.9662286512,0.9663165093,0.9661942691,-0.9663672993,-0.9662136925,0.9663405561	ok
-1.16132265	-21.55310621	-49.07369250	0.7882165963	continued:5	1,1,-1,-1,1,1,-1,-1	-1,-1,-1,1,1,-1,-1,1	8951.567444,20180.3084,30998.88165,42127.88939,53177.33512,64355.07647,75278.68954,86429.7838	5028.055955,16508.86193,27737.02057,38556.78337,49686.01741,60734.62834,71912.2007,82836.19168	0.9663959156,0.9662154132,-0.9663053812,-0.9661826775,0.9663526544,0.9662005244,-0.9663285442,-0.9661918952	-0.9661041465,-0.9663954459,-0.9662152094,0.9663056719,0.9661827289,-0.9663524328,-0.9662004962,0.9663285915	ok
-1.15931864	-21.55310621	-49.50597550	0.7878427609	continued:5	1,1,1,-1,-1,1,1,-1	-1,-1,-1,1,1,-1,-1,1	34.07490782,9070.197636,20289.30244,31110.5659,42235.9338,53273.23316,64442.66094,75365.9281	5028.757841,16494.97602,27713.6147,38535.82615,49661.36949,60698.03832,71867.34197,82790.89134	0.969921784,0.9663807358,0.9662019436,-0.9662944059,-0.966171072,0.9663378383,0.9661874893,-0.966316452	-0.9660928069,-0.9663803247,-0.9662018304,0.9662946322,0.9661710959,-0.9663377524,-0.9661873857,0.9663164475	ok
-1.15731463	-21.55310621	-49.87821703	0.7868001885	full	1,1,1,-1,-1,1,1,-1	-1,-1,-1,1,1,-1,-1,1	55.57579787,9138.79616,20347.3413,31172.96187,42294.94948,53319.28352,64480.42878,75403.28383	5029.460636,16481.16722,27690.49657,38514.57171,49636.28072,60661.63678,71822.97669,82745.42316	0.9919879731,0.9663646252,0.9661882844,-0.9662837372,-0.9661595677,0.9663230849,0.9661743579,-0.9663042614	-0.9660814652,-0.9663652801,-0.9661885109,0.9662834097,0.9661593829,-0.9663232347,-0.966174351,0.966304152	ok
-1.15531062	-21.55310621	-42.54724002	0.8078546657	continued:5	1,-1,1,1,-1,-1,1,1	-1,-1,-1,1,1,-1,-1,1	8070.032727,18638.07454,29354.844,40464.63151,51568.80408,62738.19568,73625.54139,84754.79546	5030.164334,16467.43502,27667.659,38493.04862,49610.79765,60625.38379,71779.03497,82699.79618	0.9662176838,-0.9661914386,0.9662459014,0.9661339485,-0.966323155,-0.9661662633,0.9662851195,0.9661528397	-0.9660701215,-0.9663503096,-0.9661752478,0.9662720217,0.9661476003,-0.96630886,-0.9661613836,0.9662917289	ok
-1.15330661	-21.55310621	-43.72243838	0.8050613169	continued:5	1,1,-1,-1,1,1,-1,-1	-1,-1,-1,1,1,-1,-1,1	8195.23134,19299.67017,30379.11648,41538.25236,52429.11941,63554.37753,74523.29898,85663.08654	5030.868933,16453.77895,27645.09517,38471.28374,49584.96453,60589.24997,71735.46212,82654.02301	0.9662373743,0.9661242511,-0.9663065912,-0.9661525206,0.9662739012,0.9661410323,-0.966288524,-0.9661463308	-0.9660587758,-0.9663354107,-0.9661620378,0.966260484,0.9661357575,-0.9662946112,-0.9661484761,0.9662791979	ok
-1.15130261	-21.55310621	-44.65406022	0.8022679680	continued:5	1,1,-1,-1,1,1,-1,-1	-1,-1,-1,1,1,-1,-1,1	8289.930571,19407.5451,30376.29545,41510.80965,52436.86714,63563.7659,74507.98144,85638.13427	5031.574429,16440.19851,27622.79862,38449.30226,49558.82314,60553.21409,71692.21533,82608.11856	0.9662585608,0.9661277775,-0.9662761424,-0.9661340861,0.9662684366,0.9661314597,-0.96627175,-0.9661326592	-0.966047428,-0.9663205811,-0.9661488784,0.966248811,0.9661238622,-0.9662804739,-0.9661356224,0.9662665755	ok
-1.14929860	-21.55310621	-45.47206924	0.7994746191	continued:5	1,1,-1,-1,1,1,-1,-1	-1,-1,-1,1,1,-1,-1,1	8348.343581,19490.29996,30381.36457,41497.32112,52449.35922,63575.80384,74501.45146,85623.36245	5032.280818,16426.69324,27600.76327,38427.12778,49532.41267,60517.26116,71649.26123,82562.09924	0.9662761463,0.966126074,-0.9662498266,-0.9661169822,0.9662609043,0.9661208766,-0.9662561834,-0.9661192542	-0.9660360782,-0.9663058185,-0.9661357669,0.9662370156,0.9661119212,-0.9662664357,-0.9661228172,0.966253876	ok
-1.14729459	-21.55310621	-46.21786688	0.7966812702	continued:5	1,1,-1,-1,1,1,-1,-1	-1,-1,-1,1,1,-1,-1,1	8377.463438,19533.56484,30378.1792,41482.0123,52447.78662,63571.38558,74484.45009,85599.37819	5032.988095,16413.26269,27578.98334,38404.78239,49505.76979,60481.3811,71606.57407,82515.98236	0.9662822084,0.9661198527,-0.9662288668,-0.966101431,0.9662508924,0.9661094825,-0.9662417828,-0.9661062938	-0.9660247263,-0.9662911207,-0.966122701,0.9662251096,0.9660999405,-0.966252486,-0.9661100558,0.9662411112	ok
-1.14529058	-21.55310621	-46.90659031	0.7938879213	continued:5	1,1,-1,-1,1,1,-1,-1	-1,-1,-1,1,1,-1,-1,1	8409.255324,19565.66809,30392.6879,41489.63694,52455.12842,63573.51647,74479.56934,85588.58512	5033.696259,16399.90641,27557.45335,38382.28676,49478.92872,60445.5677,71564.13417,82469.78576	0.9662754937,0.9661093815,-0.9662135452,-0.9660881067,0.9662385019,0.9660973429,-0.9662283932,-0.9660938047	-0.9660133724,-0.9662764858,-0.9661096783,0.9662131036,0.9660879253,-0.9662386153,-0.9660973342,0.9662282917	ok
-1.14328657	-21.55310621	-47.54342015	0.7910945725	continued:5	1,1,-1,-1,1,1,-1,-1	-1,-1,-1,1,1,-1,-1,1	8480.611939,19630.18815,30453.60447,41545.85547,52503.775,63615.88769,74517.46614,85621.06287	5034.405304,16386.62397,27536.16812,38359.6602,49451.92134,60409.81775,71521.92686,82423.52746	0.966261929,0.9660967176,-0.9662010671,-0.9660758605,0.9662248933,0.9660847215,-0.9662154946,-0.9660814197	-0.9660020165,-0.9662619116,-0.9660966969,0.9662010074,0.96607588,-0.9662248158,-0.9660846489,0.966215426	ok
-1.14128257	-21.55310621	-48.12984408	0.7884289410	continued:5	-1,-1,1,1,-1,-1,1,1	-1,1,1,-1,-1,1,1,-1	8600.31205,19742.049,30563.7776,41651.62525,52600.99767,63706.81155,74604.0757,85702.34982	5035.115227,16373.41495,27515.12276,38336.92077,49424.77731,60374.1305,71479.94152,82377.22556	-0.9662474969,-0.9660838378,0.9661888896,0.9660638329,-0.9662111143,-0.9660720188,0.9662025512,0.9660690642	-0.9659906584,0.9662473964,0.9660837547,-0.9661888299,-0.9660638086,0.9662110806,0.9660719969,-0.9662025218	ok
-1.13927856	-21.55310621	-48.66539892	0.7865109803	continued:5	1,1,-1,-1,1,1,-1,-1	-1,1,1,-1,-1,1,1,-1	8726.317105,19860.38524,30680.0779,41763.50708,52704.5133,63804.18041,74696.8863,85789.87494	5035.826024,16360.27895,27494.31261,38314.08537,49397.52424,60338.5071,71438.17087,82330.89801	0.9662329538,0.9660709297,-0.9661765729,-0.9660517825,0.9661974813,0.9660594117,-0.9661896015,-0.9660566343	-0.9659792985,0.9662329383,0.9660708499,-0.9661765792,-0.9660517148,0.9661974035,0.9660593755,-0.9661895857	ok
-1.13727455	-21.55310621	-49.14516988	0.7854684079	continued:5	-1,-1,1,1,-1,-1,1,1	-1,1,1,-1,-1,1,1,-1	8846.421059,19972.98093,30790.32284,41869.33011,52802.12144,63895.78542,74783.71422,85871.46242	5036.537692,16347.21555,27473.73326,38291.16978,49370.18782,60302.95022,71396.61038,82284.56259	-0.9662185934,-0.9660579727,0.9661642202,0.9660396508,-0.9661838006,-0.9660468281,0.9661766303,0.9660442449	-0.9659679364,0.9662185356,0.9660579808,-0.9661642624,-0.9660396014,0.9661837796,0.9660467823,-0.9661766232	ok
-1.13527054	-21.55310621	-49.56547982	0.7850945725	continued:5	1,-1,-1,1,1,-1,-1,1	-1,1,1,-1,-1,1,1,-1	40.71788899,8968.520764,20087.73567,30902.41675,41977.00638,52901.72081,63989.52013,74872.47226	5037.250227,16334.22439,27453.38057,38268.18877,49342.79195,60267.46379,71355.25778,82238.2368	0.9710604783,-0.9662042534,-0.9660451628,0.9661518918,0.9660275361,-0.9661702669,-0.9660342753,0.9661636606	-0.9659565724,0.9662041866,0.9660451457,-0.9661518866,-0.9660274713,0.9661702042,0.9660342152,-0.9661636393	ok
-1.13326653	-21.55310621	-49.92650032	0.7831766118	full	1,1,1,-1,-1,1,1,-1	-1,1,1,-1,-1,1,1,-1	55.70562544,9074.274419,20183.55471,31000.70904,42071.42698,52985.84349,64067.63075,74946.17014	5037.963625,16321.30507,27433.25057,38245.15614,49315.35888,60232.05266,71314.11269,82191.93784	0.9919111224,0.966187094,0.9660314889,-0.9661404078,-0.9660157607,0.9661564051,0.9660215302,-0.9661507415	-0.9659452063,0.9661898897,0.9660323431,-0.9661394577,-0.9660153269,0.9661566733,0.9660216725,-0.9661506383	ok
-1.13126253	-21.55310621	-41.85753872	0.8061300432	continued:5	1,-1,1,-1,-1,1,1,-1	-1,1,1,-1,-1,1,1,-1	7936.984986,18548.46125,29059.6402,39880.65476,50947.61711,61851.32346,72927.19679,83801.29633	5038.677883,16308.45724,27413.33955,38222.08484,49287.90935,60196.72248,71273.17627,82145.68259	0.9660529065,-0.9660847023,0.9660176123,-0.9661291011,-0.9660040351,0.9661424392,0.9660088841,-0.9661378666	-0.9659338382,0.9661756433,0.9660195717,-0.9661269813,-0.9660031703,0.9661431835,0.9660091523,-0.9661376238	ok
-1.12925852	-21.55310621	-43.28310802	0.8033366944	continued:5	1,-1,1,1,-1,-1,1,1	-1,1,1,-1,-1,1,1,-1	8067.398892,18562.97698,29290.54777,40349.12793,51288.41355,62363.50568,73219.39623,84285.60568	5039.392997,16295.68055,27393.64396,38198.98697,49260.46273,60161.47952,71232.451,82099.48757	0.9660686613,-0.9660197669,0.9661000241,0.9659845434,-0.9661351112,-0.9659984761,0.9661228261,0.9659942644	-0.965922468,0.9661614461,0.9660068299,-0.9661144626,-0.9659910034,0.966129732,0.9659966532,-0.9661245992	ok
-1.12725451	-21.55310621	-44.30147163	0.8005433455	continued:5	1,1,-1,-1,1,1,-1,-1	-1,1,1,-1,-1,1,1,-1	8163.69298,19219.96554,30160.4222,41230.83645,52078.96296,63140.11278,74016.08271,85079.94735	5040.108964,16282.97464,27374.16048,38175.87389,49233.03709,60126.33051,71191.9404,82053.36901	0.9660845734,0.9659708752,-0.9661229071,-0.9659864096,0.9661094851,0.9659817647,-0.9661137573,-0.9659832739	-0.9659110959,0.9661472966,0.9659941164,-0.9661019062,-0.9659788279,0.9661163159,0.9659841739,-0.9661115673	ok
-1.12525050	-21.55310621	-45.16586093	0.7977499966	continued:5	1,1,-1,-1,1,1,-1,-1	-1,1,1,-1,-1,1,1,-1	8227.554574,19285.50996,30149.10888,41207.40436,52069.82747,63128.01445,73990.81019,85049.03154	5040.825779,16270.33918,27354.88595,38152.75623,49205.64939,60091.28257,71151.64896,82007.34277	0.9660991413,0.9659704044,-0.9660996921,-0.9659706005,0.9660995236,0.9659705415,-0.9660995858,-0.9659705626	-0.9658997217,0.9661331933,0.9659814303,-0.9660893164,-0.965966645,0.9661029331,0.9659717133,-0.9660985305	ok
-1.12324649	-21.55310621	-45.94265442	0.7949566477	continued:5	1,1,-1,-1,1,1,-1,-1	-1,1,1,-1,-1,1,1,-1	8260.594723,19328.01174,30145.02656,41195.22859,52064.65238,63119.12984,73971.49702,85024.50158	5041.54344,16257.77384,27335.81742,38129.64401,49178.31549,60056.34313,71111.58187,81961.42444	0.9661064339,0.9659648173,-0.9660804931,-0.9659559993,0.9660884085,0.9659588677,-0.9660858612,-0.9659579613	-0.9658883456,0.966119135,0.9659687702,-0.966076697,-0.9659544563,0.9660895816,0.9659592702,-0.9660854911	ok
-1.12124248	-21.55310621	-46.65554236	0.7921632988	continued:5	1,1,-1,-1,1,1,-1,-1	-1,1,1,-1,-1,1,1,-1	8286.07285,19355.77045,30149.53124,41194.25168,52063.1414,63113.2358,73957.56081,85005.68754	5042.261943,16245.27832,27316.95207,38106.5466,49151.05033,60021.51987,71071.74503,81915.62929	0.9661027498,0.9659554938,-0.9660647774,-0.9659425331,0.966076024,0.9659467808,-0.9660725628,-0.9659455563	-0.9658769673,0.9661051205,0.965956135,-0.9660640515,-0.9659422628,0.9660762595,0.9659468436,-0.9660724511	ok
-1.11923848	-21.55310621	-47.31320659	0.7893699500	continued:5	1,1,-1,-1,1,1,-1,-1	-1,1,1,-1,-1,1,1,-1	8339.359071,19405.00447,30189.73034,41230.10536,52093.21657,63138.55235,73976.32202,85019.7949	5042.981285,16232.85229,27298.28728,38083.47286,49123.86801,59986.82064,71032.14488,81869.97236	0.9660914731,0.9659436161,-0.9660512905,-0.9659300806,0.9660629629,0.9659344381,-0.9660594589,-0.9659332017	-0.9658655871,0.9660911485,0.9659435237,-0.9660513833,-0.9659300654,0.9660629655,0.9659344326,-0.966059412	ok
-1.11723447	-21.55310621	-47.91858856	0.7865766011	continued:5	1,1,-1,-1,1,1,-1,-1	-1,1,1,-1,-1,1,1,-1	8443.848333,19503.54753,30283.3349,41319.65713,52175.41668,63215.9711,74047.55831,85086.49955	5043.701461,16220.49546,27279.82059,38060.43111,49096.78183,59952.25348,70992.78835,81824.46843	0.9660776623,0.9659310763,-0.9660386159,-0.9659177914,0.9660497779,0.9659220375,-0.9660464367,-0.9659208627	-0.9658542049,0.9660772178,0.9659309353,-0.9660386953,-0.965917865,0.9660496981,0.9659220365,-0.9660463753	ok
-1.11523046	-21.55310621	-48.47284097	0.7843242719	continued:5	1,1,-1,-1,1,1,-1,-1	-1,1,1,-1,-1,1,1,-1	8568.633899,19622.39107,30397.33909,41429.69027,52278.03498,63313.91091,74139.25925,85173.75941	5044.422468,16208.20754,27261.54967,38037.4292,49069.80446,59917.82657,70953.68283,81779.13212	0.9660638848,0.9659185446,-0.9660258834,-0.9659055789,0.9660365134,0.965909669,-0.966033403,-0.9659084972	-0.9658428206,0.9660633273,0.965918369,-0.9660259902,-0.9659056624,0.9660364562,0.9659096544,-0.9660333425	ok
-1.11322645	-21.55310621	-48.97256432	0.7829473309	continued:5	-1,-1,1,1,-1,-1,1,1	-1,1,1,-1,-1,1,1,-1	8689.055163,19736.99362,30506.95271,41535.40841,52376.36483,63407.67217,74226.70565,85256.85563	5045.144304,16195.98825,27243.47237,38014.47457,49042.94792,59883.5482,70914.83611,81733.97785	-0.9660500608,-0.965906081,0.9660131498,0.96589337,-0.966023358,-0.9658973697,0.9660203716,0.9658961878	-0.9658314344,0.966049476,0.9659058238,-0.9660132704,-0.9658934582,0.9660232385,0.9658972857,-0.9660203146	ok
-1.11122244	-21.55310621	-49.41340934	0.7822391269	continued:5	-1,-1,1,1,-1,-1,1,1	-1,1,1,-1,-1,1,1,-1	8812.907805,19855.14963,30619.97746,41644.61802,52478.21274,63505.06091,74317.70766,85343.60053	5045.866963,16183.8373,27225.58667,37991.57423,49016.22377,59849.42681,70876.25635,81689.01995	-0.9660364028,-0.9658935276,0.9660004,0.9658811703,-0.9660101565,-0.9658849713,0.9660073455,0.9658838921	-0.9658200461,0.9660356627,0.9658932987,-0.9660005383,-0.9658812529,0.9660100444,0.9658849297,-0.9660072927	ok
-1.10921844	-21.55310621	-49.79499655	0.7822785938	full	-1,-1,1,1,-1,-1,1,1	-1,1,1,-1,-1,1,1,-1	8824.585252,19861.16393,30620.93196,41641.84182,52468.02683,63490.52232,74296.73627,85318.46821	5046.590444,16171.75443,27207.89072,37968.73485,48989.64309,59815.47097,70837.95212,81644.27269	-0.9660225123,-0.9658810467,0.9659876487,0.9658689936,-0.9659969336,-0.9658726452,0.9659943369,0.9658716786	-0.9658086559,0.9660218864,0.9658807932,-0.9659877959,-0.965869047,0.965996873,0.9658725857,-0.9659942776	ok
-1.10721443	-21.55310621	-42.06295775	0.8031468450	continued:5	1,-1,1,-1,-1,1,1,-1	-1,1,1,-1,-1,1,1,-1	7893.922656,18443.0172,28889.97365,39518.99315,50570.73868,61458.10761,72479.41104,83263.3629	5047.314743,16159.73938,27190.38279,37945.96277,48963.2166,59781.68938,70799.93234,81599.75029	0.9659072201,-0.9659361695,0.9658915537,-0.9659537097,-0.9658440985,0.9659919501,0.9658631808,-0.9659790849	-0.9657972636,0.9660081463,0.9658683063,-0.965975045,-0.9658568407,0.9659837234,0.9658602533,-0.9659812703	ok
-1.10521042	-21.55310621	-43.42538253	0.8003534961	continued:5	1,-1,1,-1,1,1,-1,-1	-1,1,1,-1,-1,1,1,-1	8008.69345,18457.1434,29035.20342,39505.36096,50242.54673,61256.63991,72072.2644,83086.50649	5048.039855,16147.79188,27173.0613,37923.26399,48936.95475,59748.09093,70762.20632,81555.46703	0.9659198718,-0.9658881249,0.9659317236,-0.9658581968,0.9659603444,0.9658438754,-0.965971232,-0.9658481189	-0.9657858693,0.9659944413,0.9658558373,-0.9659622873,-0.9658446346,0.9659705951,0.9658479318,-0.9659682713	ok
-1.10320641	-21.55310621	-44.42754763	0.7975601472	continued:5	1,1,-1,-1,1,1,-1,-1	-1,1,1,-1,-1,1,1,-1	8090.891197,19125.02595,29980.55548,40992.19304,51766.87274,62776.65669,73571.20531,84581.14456	5048.765778,16135.91171,27155.92483,37900.6443,48910.86775,59714.68468,70724.78379,81511.43726	0.9659323087,0.9658227145,-0.9659636685,-0.965837816,0.9659537209,0.9658341282,-0.9659563529,-0.965835165	-0.965774473,0.9659807704,0.9658433854,-0.9659495244,-0.9658324288,0.9659574875,0.9658356208,-0.9659552813	ok
-1.10120240	-21.55310621	-45.28409395	0.7947667983	continued:5	1,1,-1,-1,1,1,-1,-1	-1,1,1,-1,-1,1,1,-1	8141.447491,19147.536,29931.52679,40937.6229,51720.86672,62726.96027,73510.40374,84516.49792	5049.492509,16124.0986,27138.97206,37878.10918,48884.96568,59681.47994,70687.67492,81467.67553	0.9659424676,0.9658225949,-0.9659428567,-0.9658227741,0.965942772,0.9658227274,-0.9659427931,-0.9658227362	-0.9657630747,0.965967133,0.9658309501,-0.9659367579,-0.9658202234,0.9659444001,0.9658233197,-0.9659423009	ok
-1.09919840	-21.55310621	-46.05468623	0.7919734495	continued:5	1,1,-1,-1,1,1,-1,-1	-1,1,1,-1,-1,1,1,-1	8166.630641,19172.60634,29919.48576,40922.47526,51707.46749,62709.86207,73484.2298,84486.6589	5050.220043,16112.35233,27122.20185,37855.66394,48859.25853,59648.48626,70650.89037,81424.19658	0.9659455008,0.9658160104,-0.9659258177,-0.9658088089,0.9659308441,0.9658108267,-0.9659294953,-0.9658103475	-0.9657516744,0.9659535281,0.9658185306,-0.9659239889,-0.9658080185,0.9659313324,0.9658110282,-0.9659293305	ok
-1.09719439	-21.55310621	-46.76095910	0.7891801006	continued:5	1,1,-1,-1,1,1,-1,-1	-1,1,1,-1,-1,1,1,-1	8192.645065,19197.36114,29925.77705,40926.1703,51707.88411,62706.61208,73473.23541,84472.13231	5050.948379,16100.67266,27105.61317,37833.31366,48833.75631,59615.71353,70614.44133,81381.01549	0.9659394839,0.9658060204,-0.9659112939,-0.9657958856,0.9659182573,0.9657987909,-0.9659163607,-0.9657980674	-0.9657402722,0.9659399548,0.9658061263,-0.9659112187,-0.9657958143,0.9659182841,0.9657987456,-0.9659163705	ok
-1.09519038	-21.55310621	-47.41098259	0.7863867517	continued:5	1,1,-1,-1,1,1,-1,-1	-1,1,1,-1,-1,1,1,-1	8251.934275,19252.69931,29972.45214,40970.02947,51745.40139,62740.55855,73500.18983,84495.66609	5051.677511,16089.05937,27089.20517,37811.06326,48808.46915,59583.17204,70578.33961,81338.14773	0.9659276954,0.9657941586,-0.9658981529,-0.9657834644,0.9659053385,0.9657865715,-0.9659033744,-0.9657857905	-0.9657288679,0.9659264124,0.9657937367,-0.9658984482,-0.9657836105,0.9659052547,0.9657864718,-0.9659034213	ok
-1.09318637	-21.55310621	-48.00770619	0.7835934028	continued:5	1,1,-1,-1,1,1,-1,-1	-1,1,1,-1,-1,1,1,-1	8362.672505,19358.78146,30072.36043,41067.07596,51835.29102,62826.99758,73579.81299,84571.98166	5052.407438,16077.51224,27072.97712,37788.91752,48783.40731,59550.87249,70542.59771,81295.60927	0.9659143457,0.9657818086,-0.9658853642,-0.9657713149,0.9658923128,0.9657742255,-0.965890434,-0.9657735255	-0.9657174616,0.9659129001,0.9657813611,-0.9658856786,-0.9657714074,0.9658922439,0.965774206,-0.9658904832	ok
-1.09118236	-21.55310621	-48.55257415	0.7814687910	continued:5	-1,-1,1,1,-1,-1,1,1	-1,1,1,-1,-1,1,1,-1	8484.738058,19476.26194,30183.70519,41175.68286,51936.7235,62925.09866,73671.08012,84660.06097	5053.138155,16066.03105,27056.92843,37766.8811,48758.58136,59518.82616,70507.22891,81253.41671	-0.9659009738,-0.9657694629,0.9658725731,0.9657590804,-0.9658793261,-0.9657620329,0.9658775083,0.9657612614	-0.9657060534,0.9658994172,0.9657689989,-0.9658729107,-0.9657592046,0.9658792515,0.9657619481,-0.9658775565	ok
-1.08917836	-21.55310621	-49.04151254	0.7800129163	continued:5	1,1,-1,-1,1,1,-1,-1	-1,1,1,-1,-1,1,1,-1	8613.584209,19600.62644,30301.86519,41291.24576,52045.13275,63030.29723,73769.41981,84755.33675	5053.869659,16054.61559,27041.05869,37744.95853,48734.00226,59487.04496,70472.24738,81211.58737	0.9658876313,0.9657571449,-0.9658597958,-0.9657468092,0.965866376,0.965749775,-0.9658645923,-0.9657490045	-0.9656946431,0.965885963,0.9657566496,-0.9658601454,-0.9657470021,0.9658662773,0.9657496975,-0.9658646414	ok
-1.08717435	-21.55310621	-49.47245816	0.7793047124	continued:5	1,1,-1,-1,1,1,-1,-1	-1,1,1,-1,-1,1,1,-1	8739.989964,19722.65161,30417.62848,41404.55961,52151.31288,63133.38998,73865.63234,84848.61319	5054.601948,16043.26566,27025.36763,37723.15428,48709.68147,59455.54153,70437.66835,81170.13948	0.9658743651,0.9657448425,-0.9658470183,-0.9657346084,0.9658534952,0.9657375058,-0.9658517041,-0.9657368313	-0.9656832309,0.9658725367,0.9657443127,-0.9658473832,-0.9657347995,0.9658533208,0.965737454,-0.9658517382	ok
-1.08517034	-21.55310621	-49.84456784	0.7791375281	full	-1,-1,1,1,-1,-1,1,1	-1,1,1,-1,-1,1,1,-1	8764.133,19742.51797,30431.16176,41415.80259,52155.44916,63134.56438,73859.90673,84840.08401	5055.335017,16031.98105,27009.85515,37701.47276,48685.63107,59424.32944,70403.50819,81129.09231	-0.9658610622,-0.9657325534,0.9658342175,0.9657224082,-0.9658404701,-0.9657252489,0.9658388788,0.9657246055	-0.9656718167,0.9658591377,0.9657319876,-0.9658346251,-0.9657225967,0.9658403822,0.965725217,-0.9658388469	ok
-1.08316633	-21.55310621	-42.26516435	0.8001262775	continued:5	1,-1,1,-1,1,-1,1,-1	-1,1,1,-1,-1,1,1,-1	7852.547121,18335.3873,28735.26041,39241.3176,49635.77611,60181.77176,70603.86778,81240.17778	5056.068864,16020.76157,26994.52131,37679.91835,48661.86398,59393.42331,70369.7847,81088.4664	0.9657624024,-0.9657871979,0.9657569556,-0.9657924363,0.9657482109,-0.9658004073,0.9657296091,-0.9658152134	-0.9656604004,0.9658457654,0.9657196738,-0.9658218715,-0.9657103933,0.9658274611,0.9657129862,-0.9658259678	ok
-1.08116232	-21.55310621	-43.57209330	0.7973329287	continued:5	1,-1,1,-1,1,-1,1,-1	-1,1,1,-1,-1,1,1,-1	7952.945494,18353.98622,28836.60833,39230.53832,49736.56217,60126.81476,70672.41071,81095.35943	5056.803485,16009.60703,26979.36636,37658.49541,48638.39408,59362.83904,70336.51725,81048.28378	0.9657723382,-0.9657489827,0.965775959,-0.9657436677,0.9657811994,-0.9657349083,0.9657888908,-0.9657164241	-0.9656489822,0.9658324191,0.9657073708,-0.965809123,-0.9656981888,0.9658145574,0.9657007614,-0.965813101	ok
-1.07915832	-21.55310621	-44.55843994	0.7945395798	continued:5	1,1,-1,-1,1,1,-1,-1	-1,1,1,-1,-1,1,1,-1	8022.051216,19133.70485,29924.31446,40891.072,51581.08541,62555.81737,73267.89934,84239.60332	5057.538878,15998.51722,26964.39074,37637.20833,48615.23648,59332.59403,70303.72708,81008.56822	0.9657817742,0.9656709119,-0.9658090492,-0.9656916039,0.9657985691,0.9656870837,-0.9658011149,-0.9656882747	-0.965637562,0.9658190981,0.9656950783,-0.9657963801,-0.9656859828,0.965801671,0.965688542,-0.9658002464	ok
-1.07715431	-21.55310621	-45.40682830	0.7917462309	continued:5	1,1,-1,-1,1,1,-1,-1	-1,1,1,-1,-1,1,1,-1	8061.210656,19030.33438,29729.0368,40699.27453,51400.11308,62370.05095,73070.33186,84040.34701	5058.275038,15987.49197,26949.5951,37616.06151,48592.40774,59302.70752,70271.43762,80969.34559	0.9657884879,0.965676169,-0.9657875647,-0.9656757904,0.9657878056,0.9656759055,-0.9657877422,-0.9656758202	-0.9656261399,0.965805802,0.9656827955,-0.9657836433,-0.9656737747,0.965788802,0.9656763277,-0.9657874044	ok
-1.07515030	-21.55310621	-46.17073681	0.7889528820	continued:5	1,1,-1,-1,1,1,-1,-1	-1,1,1,-1,-1,1,1,-1	8081.078018,19039.96718,29706.99787,40680.0645,51381.08159,62347.86044,73039.37753,84007.57835	5059.011963,15976.53109,26934.98028,37595.05945,48569.92626,59273.2009,70239.67491,80930.64422	0.9657883156,0.9656690914,-0.965771835,-0.9656620781,0.965775745,0.9656640052,-0.9657747078,-0.965663491	-0.9656147157,0.96579253,0.9656705223,-0.965770913,-0.9656615637,0.9657759503,0.9656641182,-0.9657745748	ok
-1.07314629	-21.55310621	-46.86987591	0.7861595332	continued:5	1,1,-1,-1,1,1,-1,-1	-1,1,1,-1,-1,1,1,-1	8109.52152,19064.34625,29715.77065,40690.06855,51387.10192,62351.35686,73035.18847,84001.62281	5059.74965,15965.63441,26920.54737,37574.20672,48547.81261,59244.09825,70208.46803,80892.49542	0.965780693,0.9656587726,-0.9657579542,-0.965649242,0.9657632583,0.9656520121,-0.9657617765,-0.9656513054	-0.9656032896,0.9657792817,0.9656582579,-0.9657581896,-0.9656493492,0.965763116,0.9656519131,-0.9657617577	ok
-1.07114228	-21.55310621	-47.51176833	0.7833661843	continued:5	1,1,-1,-1,1,1,-1,-1	-1,1,1,-1,-1,1,1,-1	8175.446915,19126.66659,29769.74458,40743.77985,51434.54576,62396.7277,73073.44646,84038.21008	5060.488095,15954.80174,26906.29771,37553.50803,48526.09011,59215.42688,70177.84974,80854.93403	0.9657686298,0.9656469049,-0.96574502,-0.9656368423,0.9657505251,0.9656397779,-0.9657488874,-0.9656390807	-0.9655918615,0.9657660566,0.965646002,-0.9657454734,-0.9656371302,0.965750299,0.9656397122,-0.9657489532	ok
-1.06913828	-21.55310621	-48.09941027	0.7805728354	continued:5	1,1,-1,-1,1,1,-1,-1	-1,1,1,-1,-1,1,1,-1	8292.32459,19240.05277,29876.41774,40849.95068,51533.92866,62494.2783,73164.02271,84127.28506	5061.227295,15944.03291,26892.23291,37532.96824,48504.78543,59187.2181,70147.85725,80817.99916	0.9657555944,0.9656346888,-0.9657323051,-0.9656246071,0.9657377344,0.9656276265,-0.965736177,-0.9656267892	-0.9655804314,0.965752854,0.9656337541,-0.9657327647,-0.9656249055,0.9657374996,0.9656275151,-0.9657361611	ok
-1.06713427	-21.55310621	-48.63455654	0.7784482236	continued:5	1,1,-1,-1,1,1,-1,-1	-1,1,1,-1,-1,1,1,-1	8419.236386,19363.57213,29993.24633,40966.58623,51643.81958,62602.50092,73265.27482,84227.24357	5061.967247,15933.32774,26878.35487,37512.59243,48483.92946,59159.5082,70118.53312,80781.73515	0.9657424963,0.9656225617,-0.9657195172,-0.9656122943,0.9657249497,0.9656153913,-0.9657233778,-0.9656146469	-0.9655689994,0.9657396736,0.9656215137,-0.9657200639,-0.965612674,0.965724718,0.9656153215,-0.9657233816	ok
-1.06513026	-21.55310621	-49.11353593	0.7771990000	continued:5	-1,-1,1,1,-1,-1,1,1	-1,1,1,-1,-1,1,1,-1	8540.361361,19481.40124,30104.35434,41077.87247,51748.43307,62705.61159,73361.4141,84322.31401	5062.707948,15922.68608,26864.66582,37492.38588,48463.55841,59132.33977,70089.9266,80746.19274	-0.9657294537,-0.9656103813,0.9657067905,0.9656000258,-0.9657122129,-0.9656032887,0.9657105877,0.9656023905	-0.9655575653,0.9657265147,0.9656092805,-0.965707371,-0.9656004342,0.9657119545,0.9656031311,-0.9657106145	ok
-1.06312625	-21.55310621	-49.53298128	0.7764907961	continued:5	1,1,1,-1,-1,1,1,-1	-1,1,1,-1,-1,1,1,-1	1.553621813,8669.421158,19607.26373,30223.48214,41197.59341,51861.55887,62817.40504,73466.23533	5063.449395,15912.10774,26851.16837,37472.35421,48443.7153,59105.76341,70062.09519,80711.43066	0.9753291096,0.965716428,0.9655981115,-0.9656940783,-0.9655877898,0.9656994629,0.965591031,-0.9656978358	-0.9655461293,0.9657133769,0.9655970539,-0.9656946866,-0.965588184,0.9656992096,0.9655909438,-0.9656978597	ok
-1.06112224	-21.55310621	-49.89432160	0.7763236118	full	-1,-1,1,1,-1,-1,1,1	-1,1,1,-1,-1,1,1,-1	8694.944508,19629.68585,30239.14082,41214.33373,51871.80091,62826.48761,73468.34489,84427.86113	5064.191585,15901.59257,26837.86551,37452.50332,48424.45202,59079.84018,70035.10689,80677.51774	-0.9657034264,-0.9655859421,0.9656813838,0.9655754494,-0.9656866803,-0.9655789409,0.9656851287,0.9655779115	-0.9655346914,0.9657002598,0.9655848335,-0.9656820107,-0.9655759215,0.9656864837,0.9655787595,-0.9656851171	ok
-1.05911824	-21.55310621	-42.47090513	0.7970865809	continued:5	1,-1,1,-1,1,-1,1,-1	-1,1,1,-1,-1,1,1,-1	7812.926422,18227.64893,28581.78727,38996.25452,49350.51832,59764.72705,70119.11869,80533.06564	5064.934515,15891.14041,26824.76068,37432.83957,48405.83223,59054.64492,70009.04327,80644.53577	0.965618118,-0.9656382794,0.9656181872,-0.9656382236,0.9656182581,-0.9656381646,0.965618329,-0.9656380663	-0.9655232514,0.9656871629,0.9655726188,-0.9656693435,-0.9655636438,0.9656737777,0.9655665782,-0.9656723865	ok
-1.05711423	-21.55310621	-43.72655040	0.7942932320	continued:5	1,-1,1,-1,1,-1,1,-1	-1,1,1,-1,-1,1,1,-1	7899.755648,18249.81859,28657.94871,39008.66442,49415.50391,59766.87616,70172.45585,80524.48699	5065.678181,15880.75108,26811.85784,37413.36975,48387.93548,59030.27118,69984.00375,80612.58359	0.9656259479,-0.9656064228,0.9656256773,-0.9656068164,0.9656253231,-0.9656071847,0.9656250588,-0.9656075311	-0.9655118095,0.9656740857,0.9655604094,-0.9656566851,-0.9655513475,0.9656610925,0.9655544001,-0.9656596677	ok
-1.05511022	-21.55310621	-44.69654564	0.7914998831	continued:5	1,-1,1,-1,1,1,-1,-1	-1,1,1,-1,-1,1,1,-1	7956.476985,18323.53922,28847.31285,39245.64626,49798.17177,60872.71807,71542.82256,82486.15517	5066.42258,15870.42444,26799.16151,37394.10122,48370.86342,59006.83844,69960.11196,80581.78306	0.9656329492,-0.9655643271,0.9656350743,-0.9655578088,0.9656389109,0.9655313936,-0.965651711,-0.9655441251	-0.9655003657,0.9656610278,0.9655482047,-0.9656440359,-0.9655390282,0.9656484295,0.9655422255,-0.9656469601	ok
-1.05310621	-21.55310621	-45.53587490	0.7887065342	continued:5	1,1,-1,-1,1,1,-1,-1	-1,1,1,-1,-1,1,1,-1	7985.77526,18935.58799,29548.08267,40509.48579,51129.57823,62086.95344,72704.57363,83663.19501	5067.16771,15860.16032,26786.67686,37375.04199,48354.74941,58984.5033,69937.52537,80552.28807	0.9656365907,0.9655305543,-0.9656340008,-0.9655288877,0.9656348881,0.965529413,-0.9656345402,-0.9655292171	-0.9654889199,0.9656479889,0.9655360041,-0.965631396,-0.9655266803,0.9656357906,0.9655300555,-0.9656342633	ok
-1.05110220	-21.55310621	-46.29215982	0.7859131853	continued:5	1,1,-1,-1,1,1,-1,-1	-1,1,1,-1,-1,1,1,-1	8002.343849,18927.99696,29511.50378,40493.07885,51115.90308,62069.2715,72677.3638,83638.57334	5067.913568,15849.95857,26774.40983,37356.20083,48339.77391,58963.47751,69916.45069,80524.29897	0.9656340768,0.9655233905,-0.9656189919,-0.9655145651,0.9656230695,0.9655178416,-0.9656215767,-0.9655168526	-0.9654774721,0.9656349685,0.9655238072,-0.9656187654,-0.9655142959,0.9656231781,0.9655178915,-0.9656215764	ok
-1.04909820	-21.55310621	-46.98326602	0.7831198365	continued:5	1,1,-1,-1,1,1,-1,-1	-1,1,1,-1,-1,1,1,-1	8034.612667,18953.50352,29523.26859,40520.38779,51141.49277,62093.02788,72692.99385,83656.79628	5068.66015,15839.81903,26762.36719,37337.58741,48326.19081,58944.05863,69897.16995,80498.08703	0.9656251684,0.9655129091,-0.9656055495,-0.9655011331,0.9656108851,0.965505984,-0.9656087762,-0.9655043959	-0.9654660224,0.9656219661,0.9655116135,-0.9656061444,-0.9655018646,0.9656105958,0.9655057362,-0.965608898	ok
-1.04709419	-21.55310621	-47.61621514	0.7803264876	continued:5	1,1,-1,-1,1,1,-1,-1	-1,1,1,-1,-1,1,1,-1	8107.579338,19023.40706,29585.18398,40594.12403,51211.12944,62162.06987,72754.6283,83721.32865	5069.407453,15829.74156,26750.55671,37319.21244,48314.3753,58926.68558,69880.08791,80474.03899	0.9656130435,0.9655010016,-0.9655927953,-0.9654882919,0.9655985115,0.9654939484,-0.9655961046,-0.9654921148	-0.9654545707,0.9656089815,0.9654994221,-0.9655935332,-0.9654893704,0.9655980489,0.9654935938,-0.9655962262	ok
-1.04509018	-21.55310621	-48.19408029	0.7775331387	continued:5	1,1,-1,-1,1,1,-1,-1	-1,1,1,-1,-1,1,1,-1	8230.502242,19144.02344,29698.94028,40721.64703,51334.53223,62285.06103,72870.25254,83840.73314	5070.155475,15819.726,26738.98735,37301.08793,48304.91881,58912.04884,69865.82673,80452.7462	0.9656001993,0.96548897,-0.9655801182,-0.965475454,0.9655860632,0.965481945,-0.9655833617,-0.9654796568	-0.965443117,0.9655960142,0.9654872327,-0.9655809318,-0.9654767893,0.965585546,0.9654814718,-0.9655835579	ok
-1.04308617	-21.55310621	-48.71894024	0.7756151780	continued:5	-1,-1,1,1,-1,-1,1,1	-1,1,1,-1,-1,1,1,-1	8350.740306,19262.06914,29810.13715,40853.61351,51463.58544,62413.21217,72990.72594,83966.51246	5070.904212,15809.77219,26727.66942,37283.22735,48298.84104,58901.33523,69855.43919,80435.2066	-0.9655873654,-0.9654768704,0.9655675601,0.9654623822,-0.9655737722,-0.9654699757,0.9655706692,0.9654671726	-0.9654316614,0.9655830639,0.9654750444,-0.9655683406,-0.9654640805,0.9655731011,0.9654693834,-0.9655708871	ok
-1.04108216	-21.55310621	-49.18579524	0.7743659544	continued:5	-1,-1,1,1,-1,-1,1,1	-1,1,1,-1,-1,1,1,-1	8475.795081,19385.04243,29926.26571,41006.80796,51616.49915,62563.86099,73132.99463,84116.81309	5071.653662,15799.87999,26716.61488,37265.64599,48298.1506,58896.87296,69850.98048,80423.36928	-0.9655744862,-0.9654647275,0.96555496,0.9654486295,-0.9655617189,-0.9654581835,0.9655579472,0.9654545475	-0.9654202038,0.9655701302,0.9654628565,-0.9655557596,-0.9654511663,0.9655607415,0.9654573542,-0.9655582035	ok
-1.03907816	-21.55310621	-49.59367609	0.7736577505	continued:5	1,1,1,-1,-1,1,1,-1	-1,1,1,-1,-1,1,1,-1	6.176311289,8607.233415,19514.50971,30048.89116,41274.18307,51898.0367,62836.22453,73393.47274	5072.403822,15790.04925,26705.83763,37248.36128,48307.80074,58904.36891,69857.5322,80422.07423	0.96291281,0.9655616828,0.9654526025,-0.9655423729,-0.9654313885,0.9655508582,0.965447161,-0.9655447838	-0.9654087443,0.9655572129,0.9654506681,-0.965543189,-0.9654378642,0.965548531,0.9654454428,-0.9655454827	ok
-1.03707415	-21.55310621	-49.94425261	0.7734905662	full	-1,-1,1,-1,1,1,-1,-1	-1,1,1,-1,-1,1,1,-1	8634.010434,19539.42153,30066.95708,40556.18745,51092.11881,62210.42598,72809.57908,83758.6237	5073.154688,15780.27983,26695.35394,37231.39332,48347.94765,58946.80905,69896.05777,80451.46042	-0.9655489376,-0.9654405713,0.9655297759,-0.9654384778,0.9655306852,0.9654234906,-0.9655367442,-0.9654339406	-0.9653972829,0.9655443115,0.9654384785,-0.9655306292,-0.9654234918,0.9655367058,0.9654338484,-0.965532642	ok
-1.03507014	-21.55310621	-42.66614855	0.7940593205	continued:5	1,-1,1,-1,1,-1,1,-1	-1,1,1,-1,1,-1,-1,1	7773.673516,18121.08258,28427.61436,38767.48294,49078.01674,59412.7057,69726.38644,80057.49368	5073.906257,15770.57157,26685.18295,37214.76541,47776.69633,58325.19017,69343.68583,79913.79769	0.9654744196,-0.9654898174,0.9654768546,-0.9654880135,0.9654786334,-0.9654866345,0.965479899,-0.9654855322	-0.9653858195,0.9655314257,0.9654262864,-0.9655180802,0.9654217312,-0.9655200351,-0.9654165413,0.9655221211	ok
-1.03306613	-21.55310621	-43.87825061	0.7912659716	continued:5	1,-1,1,-1,1,-1,1,-1	-1,1,1,-1,1,-1,1,-1	7847.849402,18145.24086,28487.23737,38789.6512,49123.86567,59430.40382,69759.42468,80069.12785	5074.658528,15760.92433,26675.34737,37198.50488,47658.04715,58169.41372,68557.28167,79039.21815	0.9654802947,-0.9654623539,0.9654775101,-0.965465007,0.9654755556,-0.965466725,0.9654741399,-0.965468022	-0.9653743541,0.9655185552,0.9654140907,-0.9655055425,0.9654169645,-0.9655042665,0.9654242022,-0.9655008482	ok
-1.03106212	-21.55310621	-44.83298680	0.7884726228	continued:5	1,-1,1,-1,1,-1,1,-1	-1,1,1,-1,1,-1,1,-1	7893.1306,18190.6332,28597.59077,38882.69797,49257.57408,59543.91372,69897.23637,80188.78228	5075.411496,15751.33797,26665.87438,37182.64409,47599.4767,58087.9551,68422.01226,78866.06951	0.965485081,-0.9654298158,0.9654788144,-0.9654386614,0.9654733649,-0.9654450894,0.9654690255,-0.9654494408	-0.9653628868,0.9655056998,0.9654018903,-0.9654930164,0.9654088612,-0.9654898834,0.9654200461,-0.9654842896	ok
-1.02905812	-21.55310621	-45.66325044	0.7856792739	continued:5	1,1,-1,-1,1,1,-1,-1	-1,1,1,-1,1,-1,1,-1	7914.259644,18877.57011,29407.99655,40562.46297,51131.89255,62098.91049,72630.52216,83752.7191	5076.16516,15741.81233,26656.79677,37167.22178,47556.69121,58026.89866,68337.7393,78758.14508	0.9654864016,0.9653847533,-0.9654826031,-0.9653752072,0.9654861533,0.965384457,-0.965482717,-0.9653764169	-0.9653514176,0.965492859,0.9653896832,-0.9654805022,0.965399699,-0.9654759767,0.9654125072,-0.965469376	ok
-1.02705411	-21.55310621	-46.41160397	0.7828859250	continued:5	1,1,-1,1,-1,1,-1,1	-1,1,1,-1,1,-1,1,-1	7929.317428,18837.68051,29337.78446,39695.76525,50144.36689,60437.01731,70834.49817,81111.32379	5076.919515,15732.34729,26648.15464,37152.28491,47521.54981,57975.99678,68272.39405,78674.53419	0.9654817919,0.9653784651,-0.9654676254,0.9653914446,-0.9654616044,0.9654050313,-0.9654544112,0.965415148	-0.9653399464,0.9654800326,0.9653774679,-0.9654680006,0.9653899718,-0.9654623409,0.9654036978,-0.9654551298	ok
-1.02505010	-21.55310621	-47.09431987	0.7800925761	continued:5	1,1,-1,1,-1,1,-1,1	-1,1,1,-1,1,-1,1,-1	7966.242348,18864.27141,29351.74246,39683.62489,50111.5294,60391.91902,70769.92564,81042.25159	5077.67456,15722.94269,26639.99757,37137.89126,47491.09039,57931.4254,68217.34906,78604.19762	0.9654720341,0.9653679105,-0.9654544552,0.9653831975,-0.9654473348,0.9653966986,-0.9654398999,0.9654061315	-0.9653284733,0.9654672204,0.965365242,-0.9654555121,0.9653798794,-0.9654488899,0.9653941915,-0.9654412711	ok
-1.02304609	-21.55310621	-47.71802989	0.7772992273	continued:5	1,1,-1,1,-1,1,-1,1	-1,1,1,-1,1,-1,1,-1	8046.043275,18941.82668,29421.69402,39741.35516,50156.2588,60429.599,70794.85292,81063.47601	5078.430291,15713.59839,26632.38789,37124.11301,47463.93751,57891.36029,68168.98705,78542.4784	0.9654597969,0.9653560667,-0.9654417784,0.9653729174,-0.965433887,0.965386667,-0.9654262777,0.9653956957	-0.9653169982,0.9654544219,0.9653530029,-0.9654430375,0.9653695247,-0.9654355784,0.9653842341,-0.9654276752	ok
-1.02104208	-21.55310621	-48.28593308	0.7745058784	continued:5	1,1,-1,1,-1,1,-1,1	-1,1,1,-1,1,-1,1,-1	8174.411837,19069.35527,29542.46269,39852.462,50255.95514,60523.39753,70877.54905,81142.65282	5079.186705,15704.31425,26625.40532,37111.04211,47439.38031,57854.82356,68125.48225,78486.99765	0.9654471258,0.9653440116,-0.9654292577,0.9653622465,-0.9654207221,0.9653760982,-0.9654130373,0.9653849834	-0.9653055212,0.9654416371,0.9653407471,-0.9654305778,0.9653589681,-0.9654223789,0.9653739553,-0.9654142742	ok
-1.01903808	-21.55310621	-48.80044377	0.7725879177	continued:5	1,1,-1,1,-1,1,-1,1	-1,1,1,-1,1,-1,1,-1	8299.139697,19193.37774,29659.73376,39960.96012,50353.61577,60615.72118,70959.58231,81221.26227	5079.943801,15695.09013,26619.15407,37098.79822,47417.0505,57821.2744,68085.83304,78436.42046	0.9654344803,0.9653318616,-0.9654167706,0.9653514778,-0.9654076567,0.9653654328,-0.9653997967,0.9653740527	-0.9652940423,0.9654288656,0.9653284703,-0.9654181344,0.9653482478,-0.9654092737,0.9653634326,-0.9654010263	ok
-1.01703407	-21.55310621	-49.25695240	0.7713386941	continued:5	1,1,-1,1,-1,1,-1,1	-1,1,1,-1,1,-1,1,-1	8427.379295,19321.09125,29780.72642,40073.89999,50456.22235,60713.39007,71047.63164,81305.92066	5080.701574,15685.92589,26613.77386,37087.54124,47396.79334,57790.44108,68049.49311,78389.98263	0.9654218522,0.9653198894,-0.9654042184,0.9653405522,-0.9653947218,0.9653546997,-0.9653867569,0.9653628795	-0.9652825614,0.9654161071,0.9653161669,-0.965405709,0.9653373891,-0.9653962505,0.9653527162,-0.9653879039	ok
-1.01503006	-21.55310621	-49.65482882	0.7708371413	continued:5	1,1,1,-1,1,-1,1,-1	-1,1,1,-1,1,-1,1,-1	11.49798438,8551.121031,19444.44755,29897.36982,40183.05301,50555.46578,60807.98231,71133.15579	5081.460022,15676.82139,26609.45803,37077.49172,47378.61994,57762.25391,68016.21812,78347.28947	0.9634679569,0.9654092282,0.9653077996,-0.9653917199,0.9653295444,-0.9653817605,0.9653436952,-0.9653738502	-0.9652710786,0.9654033613,0.9653038294,-0.9653933039,0.9653264084,-0.9653833013,0.9653418401,-0.9653748873	ok
-1.01302605	-21.55310621	-49.99435524	0.7706699570	full	1,-1,-1,1,-1,1,-1,1	-1,1,1,-1,1,-1,1,-1	24.57158101,8579.048478,19472.16515,29918.39759,40197.06289,50559.94834,60808.0245,71124.6012	5082.219143,15667.77648,26606.48492,37068.96621,47362.70787,57736.83643,67986.01502,78308.24071	0.9994614498,-0.9653966361,-0.9652957625,0.9653792359,-0.9653185135,0.9653688164,-0.9653326274,0.9653608827	-0.9652595939,0.965390628,0.965291447,-0.9653809227,0.965315316,-0.9653704208,0.9653308279,-0.9653619628	ok
-1.01102204	-21.55310621	-40.83326919	0.7935314504	continued:5	1,-1,1,-1,1,-1,1,-1	-1,1,1,-1,1,-1,1,-1	7629.675506,17971.58773,28215.3093,38518.09497,48767.55079,59051.94575,69307.96467,79583.52449	5082.978933,15658.79103,26605.27618,37062.44282,47349.45023,57714.55097,67959.16543,78273.04114	0.9653109315,-0.965354065,0.9653234664,-0.965346959,0.9653300423,-0.9653426672,0.9653334567,-0.9653402674	-0.9652481073,0.9653779072,0.9652790038,-0.9653685703,0.965304116,-0.9653576065,0.9653196961,-0.9653491205	ok
-1.00901804	-21.55310621	-42.89575783	0.7907381016	continued:5	1,-1,1,-1,1,-1,1,-1	-1,1,1,-1,1,-1,1,-1	7733.185828,18009.092,28262.40117,38531.23951,48788.30768,59053.6719,69312.87768,79576.48425	5083.73939,15649.8649,26606.51557,37058.69447,47339.58626,57696.13188,67936.34633,78242.31542	0.9653192748,-0.9653296208,0.9653221574,-0.965327547,0.9653237325,-0.9653265369,0.9653244597,-0.9653260103	-0.9652366187,0.9653651983,0.9652664753,-0.9653562548,0.9652928048,-0.9653448595,0.9653084542,-0.9653363543	ok
-1.00701403	-21.55310621	-44.06027543	0.7879447527	continued:5	1,-1,1,-1,1,-1,1,-1	-1,1,1,-1,1,-1,1,-1	7793.950437,18033.86254,28309.68189,38556.45326,48822.60531,59074.00699,69335.59519,79589.65258	5084.500511,15640.99796,26611.42426,37059.09682,47334.52527,57683.0224,67918.95969,78217.43831	0.9653233916,-0.9653053289,0.9653186795,-0.9653091764,0.9653160806,-0.9653111206,0.9653146968,-0.96531215	-0.9652251282,0.9653525013,0.9652538183,-0.9653439902,0.965281368,-0.9653321866,0.9652971045,-0.9653236623	ok
-1.00501002	-21.55310621	-44.99641839	0.7851514038	continued:5	1,-1,1,-1,1,-1,1,-1	-1,1,1,-1,1,-1,1,-1	7827.463004,18068.4988,28382.00888,38614.32797,48893.95532,59133.16578,69398.21676,79643.2724	5085.262294,15632.19005,26622.53089,37066.48666,47337.26867,57678.33859,67910.09287,78201.50832	0.9653261941,-0.965278282,0.9653151715,-0.9652898432,0.9653085718,-0.9652954933,0.9653049077,-0.9652982839	-0.9652136358,0.9653398158,0.9652409481,-0.9653318043,0.9652697659,-0.9653196064,0.9652856363,-0.9653110499	ok
-1.00300601	-21.55310621	-45.81494284	0.7823580549	continued:5	1,-1,1,-1,1,-1,1,-1	-1,1,1,-1,1,-1,1,-1	7841.381359,18233.86524,28620.59509,38857.80469,49165.14684,59393.48876,69667.09793,79902.39019	5086.024734,15623.44105,26646.64496,37088.46113,47355.97495,57690.5992,67918.25178,78203.14255	0.9653251965,-0.9652427987,0.9653140664,-0.9652664805,0.9653027673,-0.9652781894,0.9652961612,-0.9652837172	-0.9652021414,0.9653271418,0.9652276484,-0.9653197672,0.9652578829,-0.965307174,0.9652740031,-0.9652985433	ok
-1.00100200	-21.55310621	-46.55294853	0.7795647061	continued:5	1,1,-1,1,-1,1,-1,1	-1,1,1,-1,1,-1,1,-1	7856.856068,18775.31776,29188.45616,39434.84875,49749.73359,59973.22297,70246.35845,80476.01199	5086.787831,15614.75081,26720.20906,37165.27378,47434.16413,57765.2901,67988.99616,78268.64221	0.965318915,0.9652216313,-0.9653051606,0.9652501639,-0.9652927133,0.9652643766,-0.9652848942,0.965270972	-0.9651906451,0.9653144789,0.9652128815,-0.9653082132,0.9652451096,-0.9652951801,0.9652619295,-0.9652863001	ok
-0.99899800	-21.55310621	-47.22496969	0.7767713572	continued:5	1,1,-1,1,-1,1,-1,1	-1,1,-1,1,-1,1,-1,1	7900.268544,18800.04717,29200.88052,39439.01494,49743.4418,59963.10454,70228.52425,80454.75189	5087.551581,15606.11921,26080.96613,36473.78795,46708.40292,57009.32218,67229.20539,77493.26975	0.965308432,0.9652111866,-0.9652922048,0.9652395966,-0.965279573,0.9652532547,-0.965272185,0.9652593833	-0.965179147,0.9653018269,-0.9652133559,0.9652912958,-0.9652407631,0.9652790096,-0.965253723,0.9652718	ok
-0.99699399	-21.55310621	-47.83722886	0.7739780083	continued:5	1,1,-1,1,-1,1,-1,1	-1,1,-1,1,-1,1,-1,1	7988.123511,18887.49377,29281.24976,39514.02275,49810.64828,60026.4209,70285.29532,80507.7651	5088.315981,15597.54609,25993.70527,36361.60542,46585.13505,56871.19539,67087.95004,77342.85757	0.9652961079,0.965199283,-0.9652797145,0.9652282861,-0.9652669909,0.9652417451,-0.9652595934,0.9652476502	-0.9651676468,0.9652891857,-0.9652065678,0.9652768184,-0.9652318244,0.9652650903,-0.9652432671,0.9652586213	ok
-0.99498998	-21.55310621	-48.39307875	0.7713123768	continued:5	1,1,-1,1,-1,1,-1,1	-1,1,-1,1,-1,1,-1,1	8115.869681,19017.31883,29404.67998,39632.51736,49921.79638,60133.67263,70386.26944,80604.9069	5089.081029,15589.03133,25945.52812,36295.99102,46512.36284,56787.35202,67000.83162,77248.21045	0.9652836407,0.9651872227,-0.9652673252,0.9652167942,-0.9652543414,0.9652301554,-0.9652470661,0.9652359026	-0.9651561448,0.9652765551,-0.9651977783,0.9652631013,-0.965221731,0.9652517762,-0.9652322357,0.9652457961	ok
-0.99298597	-21.55310621	-48.89420497	0.7695221336	continued:5	-1,-1,1,-1,1,-1,1,-1	-1,1,-1,1,-1,1,-1,1	8239.193073,19143.13615,29524.15509,39747.17505,50029.27094,60237.25499,70483.71969,80698.48628	5089.846722,15580.5748,25910.26849,36246.26725,46456.82241,56722.29553,66932.39037,77172.94634	-0.9652711272,-0.9651751264,0.9652549258,-0.9652053326,0.9652418256,-0.9652184807,0.9652346493,-0.9652241206	-0.9651446409,0.9652639348,-0.9651882094,0.9652496983,-0.9652111734,0.9652387161,-0.9652209619,0.9652331258	ok
-0.99098196	-21.55310621	-49.33664709	0.7682729100	continued:5	1,1,-1,1,-1,1,-1,1	-1,1,-1,1,-1,1,-1,1	8371.184414,19278.06092,29652.78795,39871.09555,50146.16061,60350.25332,70590.71836,80801.57839	5090.613057,15572.17634,25881.52256,36204.76777,46410.18219,56667.0596,66873.67985,77107.84681	0.9652585777,0.9651630283,-0.9652425389,0.9651938629,-0.9652293078,0.9652068775,-0.9652222086,0.9652123251	-0.965133135,0.9652513247,-0.965178201,0.9652364817,-0.9652003461,0.9652258091,-0.9652095422,0.9652205514	ok
-0.98897796	-21.55310621	-49.72135837	0.7677713572	continued:5	1,1,1,-1,1,-1,1,-1	-1,1,-1,1,-1,1,-1,1	18.01219253,8497.502558,19407.84463,29776.3427,39990.03685,50258.21721,60458.41677,70693.00402	5091.380032,15563.83584,25856.70755,36168.35102,46369.02341,56617.93835,66821.00716,77049.09176	0.965026097,0.9652460434,0.9651509063,-0.9652301626,0.9651822271,-0.9652167697,0.9651951406,-0.965209791	-0.9651216272,0.9652387245,-0.9651679022,0.9652233942,-0.9651893361,0.9652130093,-0.9651980213,0.9652080456	ok
-0.98697395	-21.55310621	-50.04881974	0.7676041729	full	1,-1,-1,1,-1,1,-1,1	-1,1,-1,1,-1,1,-1,1	39.52640374,8526.567904,19440.9499,29803.28076,40012.45031,50273.88251,60470.18518,70699.00711	5092.147644,15555.55314,25834.52244,36135.41182,46331.59827,56573.02409,66772.47434,76994.71024	0.9970607936,-0.9652336652,-0.9651387792,0.9652177809,-0.9651706606,0.9652042141,-0.9651834166,0.9651973437	-0.9651101176,0.9652261341,-0.9651573937,0.9652104037,-0.9651781913,0.9652002913,-0.9651864242,0.9651955926	ok
-0.98496994	-21.55310621	-41.36434783	0.7902562462	continued:5	1,-1,1,-1,1,-1,1,-1	-1,1,-1,1,-1,1,-1,1	7610.21348,17863.5487,28056.10576,38278.79993,48477.91636,58690.55831,68893.85524,79102.86351	5092.915891,15547.32813,25814.22014,36105.01598,46296.88966,56531.19916,66726.9716,76943.54542	0.9651595869,-0.9651915445,0.9651719562,-0.9651849294,0.9651767562,-0.9651820075,0.9651786238,-0.9651807829	-0.965098606,0.9652135534,-0.9651467244,0.9651974909,-0.9651669414,0.9651876384,-0.9651747673,0.965183182	ok
-0.98296593	-21.55310621	-43.12730019	0.7874628973	continued:5	1,-1,1,-1,1,-1,1,-1	-1,1,-1,1,-1,1,-1,1	7692.421069,17900.25573,28099.2201,38303.55142,48504.37654,58707.38217,68908.98917,79111.47576	5093.684769,15539.16066,25795.33248,36076.57034,46264.25235,56491.74979,66683.79185,76894.85743	0.9651646858,-0.9651698861,0.9651665873,-0.9651686412,0.9651673334,-0.9651681535,0.9651676362,-0.9651679653	-0.9650870926,0.965200982,-0.965135927,0.9651846422,-0.9651556066,0.9651750396,-0.9651630616,0.9651708067	ok
-0.98096192	-21.55310621	-44.24760328	0.7846695485	continued:5	1,-1,1,-1,1,-1,1,-1	-1,1,-1,1,-1,1,-1,1	7740.01607,17924.35097,28137.18405,38327.83167,48530.88921,58725.52003,68925.1987,79121.61195	5094.454277,15531.0506,25777.54706,36049.674,46233.25092,56454.1911,66642.45604,76848.14321	0.9651673652,-0.965147894,0.9651605344,-0.9651527466,0.9651576239,-0.9651546231,0.9651564765,-0.9651553438	-0.9650755772,0.9651884199,-0.9651250242,0.9651718479,-0.9651442013,0.9651624866,-0.9651513151,0.9651584612	ok
-0.97895792	-21.55310621	-45.16439650	0.7818761996	continued:5	1,-1,1,-1,1,-1,1,-1	-1,1,-1,1,-1,1,-1,1	7762.400998,17953.54917,28188.54905,38369.2829,48575.80874,58762.70886,68960.55331,79151.07958	5095.224411,15522.99782,25760.64533,36024.04289,46203.57749,56418.17803,66602.62426,76803.04456	0.9651681124,-0.9651243291,0.9651543015,-0.9651364495,0.9651479664,-0.9651409891,0.9651453066,-0.965142678	-0.9650640599,0.9651758669,-0.9651140327,0.965159101,-0.9651327363,0.9651499734,-0.9651395343,0.9651461413	ok
-0.97695391	-21.55310621	-45.96981942	0.7790828507	continued:5	1,-1,1,-1,1,-1,1,-1	-1,1,-1,1,-1,1,-1,1	7770.646394,18024.07033,28288.82407,38464.66874,48675.76324,58855.6747,69051.72634,79236.56585	5095.995169,15515.00218,25744.46867,35999.46811,46175.00633,56383.45596,66564.04655,76759.2972	0.9651651565,-0.965099599,0.9651479364,-0.965120023,0.9651382048,-0.9651273563,0.965134074,-0.9651299592	-0.9650525406,0.9651633228,-0.9651029653,0.9651463959,-0.9651212199,0.9651374948,-0.9651277239,0.9651338439	ok
-0.97494990	-21.55310621	-46.69605884	0.7762895018	continued:5	1,-1,1,-1,1,-1,1,-1	-1,1,-1,1,-1,1,-1,1	7788.07042,18352.46976,28673.48779,38855.43399,49077.31922,59250.30179,69446.02793,79624.84135	5096.766549,15507.06356,25728.89844,35975.79144,46147.36704,56349.83147,66526.53371,76716.70047	0.9651574327,-0.9650675442,0.9651431722,-0.9651012778,0.9651293267,-0.9651130079,0.9651232547,-0.9651171184	-0.9650410196,0.9651507875,-0.9650918319,0.9651337282,-0.9651096589,0.965125047,-0.9651158879,0.9651215662	ok
-0.97294589	-21.55310621	-47.35609349	0.7734961530	continued:5	1,1,-1,1,-1,1,-1,1	-1,1,-1,1,-1,1,-1,1	7838.574071,18825.24065,29149.0076,39329.27545,49547.39171,59716.18111,69907.32916,80081.82525	5097.538548,15499.18181,25713.84377,35952.89007,46120.52792,56317.15415,66489.93918,76675.09845	0.9651463594,0.9650527059,-0.9651318176,0.965088702,-0.965117429,0.9651007691,-0.9651111608,0.965105037	-0.9650294966,0.9651382608,-0.9650806404,0.965121094,-0.9650980585,0.9651126267,-0.9651040296,0.965109306	ok
-0.97094188	-21.55310621	-47.95582051	0.7707028041	continued:5	-1,-1,1,-1,1,-1,1,-1	-1,1,-1,1,-1,1,-1,1	7934.273174,18937.99792,29256.56931,39432.93658,49645.233,59810.07282,69996.11515,80166.49214	5098.311163,15491.35682,25699.23359,35930.66671,46094.38508,56285.3047,66454.14717,76634.36765	-0.965134083,-0.965040279,0.9651194991,-0.9650769115,0.9651051013,-0.9650889787,0.9650988571,-0.9650930657	-0.9650179717,0.9651257426,-0.9650693973,0.9651084904,-0.9650864231,0.9651002311,-0.9650921517,0.9650970613	ok
-0.96893788	-21.55310621	-48.49877780	0.7680371726	continued:5	1,1,-1,1,-1,1,-1,1	-1,1,-1,1,-1,1,-1,1	8067.977744,19111.77144,29427.30938,39600.43031,49807.48218,59968.31622,70149.43528,80315.64226	5099.084392,15483.58845,25685.01139,35909.04296,46068.85526,56254.1869,66419.06471,76594.40868	0.9651217361,0.9650273086,-0.9651074737,0.9650649337,-0.9650928633,0.9650769865,-0.9650866438,0.9650810417	-0.9650064449,0.9651132326,-0.965058108,0.9650959148,-0.9650747567,0.9650878579,-0.9650802564,0.9650848305	ok
-0.96693387	-21.55310621	-48.98702094	0.7662469294	continued:5	1,1,-1,1,-1,1,-1,1	-1,1,-1,1,-1,1,-1,1	8196.082819,19368.35869,29687.10536,39858.91746,50062.18495,60218.87817,70395.46182,80557.37958	5099.858232,15475.87656,25671.13154,35887.95469,46043.87074,56223.72208,66384.61613,76555.14043	0.9651092514,0.9650122395,-0.9650960334,0.9650522335,-0.9650809513,0.9650647854,-0.9650746004,0.9650689992	-0.9649949162,0.9651007308,-0.965046777,0.9650833651,-0.9650630623,0.9650755052,-0.9650683457,0.9650726125	ok
-0.96492986	-21.55310621	-49.41697941	0.7652043569	continued:5	1,-1,1,-1,1,-1,1,-1	-1,1,-1,1,-1,1,-1,1	8321.676546,18797.34694,29072.62197,39230.80158,49419.87395,59573.64046,69743.17576,79901.70521	5100.632681,15468.22104,25657.55677,35867.34878,46019.37573,56193.84513,66350.73906,76516.49597	0.9650969114,-0.9650121125,0.9650799067,-0.9650441592,0.965066818,-0.9650541816,0.9650616899,-0.9650573078	-0.9649833857,0.965088237,-0.965035408,0.9650708391,-0.9650513426,0.9650631712,-0.9650564213,0.9650604058	ok
-0.96292585	-21.55310621	-49.78824059	0.7647028041	continued:5	1,1,-1,1,-1,1,-1,1	-1,1,-1,1,-1,1,-1,1	25.45203443,8450.34051,18858.44138,29117.48714,39269.87002,49451.21554,59601.36042,69765.50273	5101.407736,15460.62174,25644.25624,35847.18071,45995.32383,56164.50157,66317.38161,76478.41946	0.9667858637,0.9650845177,-0.965003498,0.9650664467,-0.9650334345,0.9650540335,-0.9650425812,0.9650493301	-0.9649718532,0.965075751,-0.9650240045,0.9650583354,-0.9650396001,0.9650508542,-0.9650444846,0.9650482095	ok
-0.96092184	-21.55310621	-50.10347033	0.7645356198	full	1,1,-1,1,-1,1,-1,1	-1,1,-1,1,-1,1,-1,1	51.97996914,8480.445146,18851.24969,29097.96298,39245.4527,49420.07068,59566.46078,69725.49828	5102.183394,15453.07855,25631.20425,35827.41286,45971.67607,56135.64544,66284.50018,76440.86396	0.9931501877,0.9650721773,-0.9649937408,0.9650533317,-0.9650223115,0.9650413726,-0.9650307775,0.965036984	-0.9649603189,0.9650632728,-0.9650125693,0.9650458524,-0.9650278367,0.9650385529,-0.9650325369,0.9650360227	ok
-0.95891784	-21.55310621	-41.73473094	0.7867253369	continued:5	1,-1,1,-1,1,-1,1,-1	-1,1,-1,1,-1,1,-1,1	7587.763268,17765.2495,27906.50842,38062.68943,48208.36611,58359.39232,68507.17702,78656.73716	5102.959655,15445.59134,25618.37914,35808.01309,45948.39942,56107.23762,66252.05788,76403.78969	0.9650064524,-0.9650309725,0.9650176407,-0.9650254942,0.9650211515,-0.9650236361,0.9650221901,-0.9650229877	-0.9649487827,0.9650508021,-0.9650011049,0.9650333888,-0.9650160543,0.9650262663,-0.9650205794,0.9650238445	ok
-0.95691383	-21.55310621	-43.33702866	0.7839319880	continued:5	1,-1,1,-1,1,-1,1,-1	-1,1,-1,1,-1,1,-1,1	7654.709793,17800.60403,27944.44258,38089.41,48233.73296,58378.41601,68522.89557,78667.48937	5103.736513,15438.15997,25605.76257,35788.9538,45925.46573,56079.24462,66220.02327,76367.16271	0.9650095962,-0.9650112387,0.9650102974,-0.9650108431,0.965010541,-0.9650106622,0.9650105624,-0.9650106111	-0.9649372446,0.9650383389,-0.9649896134,0.9650209433,-0.9650042545,0.9650139931,-0.9650086129,0.9650116742	ok
-0.95490982	-21.55310621	-44.42567505	0.7811386391	continued:5	1,-1,1,-1,1,-1,1,-1	-1,1,-1,1,-1,1,-1,1	7692.04488,17824.53618,27975.76369,38111.8078,48254.99346,58393.75623,68534.85508,78674.60834	5104.513969,15430.78433,25593.33886,35770.21108,45902.85081,56051.63755,66188.36939,76330.9539	0.9650107155,-0.9649909391,0.9650025633,-0.9649962673,0.9649998286,-0.9649978259,0.9649989127,-0.9649983147	-0.9649257046,0.965025883,-0.964978097,0.9650085149,-0.9649924388,0.9650017324,-0.9649966384,0.9649995114	ok
-0.95290581	-21.55310621	-45.32832605	0.7783452903	continued:5	1,-1,1,-1,1,-1,1,-1	-1,1,-1,1,-1,1,-1,1	7707.288454,17851.13916,28014.40719,38143.6555,48286.01904,58419.17268,68556.86267,78691.86435	5105.292018,15423.46429,25581.09456,35751.76412,45880.53378,56024.39138,66157.073,76295.13815	0.9650099905,-0.9649699908,0.964994558,-0.9649816198,0.9649890521,-0.9649849731,0.9649871733,-0.9649859846	-0.9649141627,0.9650134343,-0.9649665572,0.9649961026,-0.9649806084,0.9649894834,-0.9649846568,0.9649873551	ok
-0.95090180	-21.55310621	-46.12374624	0.7755519414	continued:5	1,-1,1,-1,1,-1,1,-1	-1,1,-1,1,-1,1,-1,1	7714.362432,17899.45239,28076.40926,38201.16162,48342.49076,58470.46329,68604.59878,78734.98195	5106.070658,15416.19973,25569.01803,35733.5947,45858.49655,55997.48431,66126.114,76259.69373	0.9650054982,-0.9649495721,0.9649859908,-0.9649672798,0.9649780509,-0.9649722093,0.9649754266,-0.9649737655	-0.9649026189,0.9650009927,-0.9649549956,0.9649837055,-0.9649687645,0.9649772452,-0.9649726686,0.9649752052	ok
-0.94889780	-21.55310621	-46.84040091	0.7727585925	continued:5	1,-1,1,-1,1,-1,1,-1	-1,1,-1,1,-1,1,-1,1	7737.045602,17974.03982,28159.99978,38281.61034,48420.71918,58544.03332,68674.28686,78800.24103	5106.849887,15408.99052,25557.0992,35715.68677,45836.7233,55970.89727,66095.47488,76224.60173	0.9649969404,-0.9649315397,0.9649761772,-0.9649537657,0.9649666682,-0.9649598386,0.9649635407,-0.9649615738	-0.9648910733,0.964988558,-0.9649434138,0.9649713228,-0.9649569082,0.9649650171,-0.9649606746,0.964963061	ok
-0.94689379	-21.55310621	-47.49013721	0.7699652436	continued:5	1,-1,1,-1,1,-1,1,-1	-1,1,-1,1,-1,1,-1,1	7796.011204,18053.22361,28238.12379,38356.32415,48491.34649,58610.4865,68736.43951,78858.16705	5107.629703,15401.83655,25545.32929,35698.02617,45815.20023,55944.61353,66065.14038,76189.84567	0.9649856147,-0.964917804,0.9649645412,-0.9649413295,0.9649545957,-0.9649476147,0.9649515386,-0.9649494083	-0.9648795258,0.9649761301,-0.9649318129,0.9649589538,-0.9649450404,0.9649527986,-0.9649486752,0.9649509222	ok
-0.94488978	-21.55310621	-48.07871382	0.7671718947	continued:5	1,-1,1,-1,1,-1,1,-1	-1,1,-1,1,-1,1,-1,1	7899.592422,18150.94716,28329.23052,38443.55905,48573.57582,58688.74746,68810.22105,78927.8163	5108.410103,15394.73768,25533.70061,35680.60031,45793.9152,55918.61834,66035.09717,76155.41114	0.964973451,-0.9649062658,0.9649521502,-0.9649296257,0.9649423618,-0.9649356728,0.9649393845,-0.9649374495	-0.9648679764,0.9649637089,-0.9649201942,0.9649465977,-0.9649331619,0.9649405888,-0.9649366711,0.9649387884	ok
-0.94288577	-21.55310621	-48.60994446	0.7648406318	continued:5	-1,1,-1,1,-1,1,-1,1	-1,1,-1,1,-1,1,-1,1	8022.220714,18265.36653,28436.62851,38547.05602,48672.04875,58783.26986,68900.28291,79013.76089	5109.191085,15387.69381,25522.20641,35663.398,45772.85751,55892.89867,66005.33352,76121.2855	-0.9649611562,0.9648949014,-0.9649397553,0.9649178375,-0.9649300999,0.9649236898,-0.964927156,0.9649253372	-0.9648564252,0.9649512942,-0.9649085586,0.9649342539,-0.9649212735,0.9649283874,-0.9649246626,0.9649266593	ok
-0.94088176	-21.55310621	-49.08343781	0.7630503886	continued:5	1,-1,1,-1,1,-1,1,-1	-1,1,-1,1,-1,1,-1,1	8155.165497,18390.74938,28555.18458,38661.73661,48781.7836,58889.0531,69001.64363,79111.01181	5109.972646,15380.70482,25510.84075,35646.40924,45752.01772,55867.443,65975.83913,76087.45767	0.9649488409,-0.964883483,0.9649272755,-0.9649060522,0.964917895,-0.964911735,0.9649150317,-0.9649132712	-0.9648448721,0.9649388861,-0.9648969073,0.9649219218,-0.964909376,0.9649161939,-0.9649126502,0.9649145345	ok
-0.93887776	-21.55310621	-49.49941673	0.7621355335	continued:5	-1,1,-1,1,-1,1,-1,1	-1,1,-1,1,-1,1,-1,1	8278.64829,18507.1802,28664.95491,38767.65354,48882.82489,58986.14418,69094.3481,79199.61541	5110.754783,15373.77058,25499.5984,35629.62506,45731.38746,55842.2411,65946.60494,76053.91788	-0.9649364509,0.9648720322,-0.9649147992,0.9648942497,-0.9649056467,0.9648997556,-0.9649029295,0.9649012279	-0.9648333171,0.9649264843,-0.964885241,0.9649096009,-0.96489747,0.9649040076,-0.9649006342,0.9649024138	ok
-0.93687375	-21.55310621	-49.85669393	0.7617616981	continued:5	1,-1,1,-1,1,-1,1,-1	-1,1,-1,1,-1,1,-1,1	35.0595479,8404.419744,18626.33349,28777.59681,38876.46209,48986.82319,59086.19499,69190.04692	5111.537496,15366.89098,25488.47472,35613.03743,45710.95931,55817.28386,65917.62295,76020.65756	0.9688100486,-0.9649242272,0.9648605559,-0.9649023927,0.9648824278,-0.9648933947,0.9648878003,-0.9648907327	-0.9648217602,0.9649140887,-0.9648735606,0.9648972905,-0.964885556,0.9648918284,-0.964888615,0.9648902968	ok
-0.93486974	-21.55310621	-50.15829818	0.7612601453	full	1,1,-1,1,-1,1,-1,1	-1,1,-1,1,-1,1,-1,1	61.55490965,8447.381715,18662.72966,28807.55536,38902.6001,49008.20286,59103.63337,69203.16405	5112.32078,15360.06592,25477.4656,35596.63908,45690.72668,55792.56318,65888.88609,75987.66916	0.9892979878,0.9649118497,-0.964849087,0.9648900004,-0.9648705859,0.9648811536,-0.9648758264,0.9648785835	-0.9648102015,0.9649016992,-0.9648618668,0.9648849904,-0.9648736347,0.9648796556,-0.9648765929,0.9648781835	ok
-0.93286573	-21.55310621	-42.10335132	0.7833764343	continued:5	1,-1,1,-1,1,-1,1,-1	-1,1,-1,1,-1,1,-1,1	7562.664809,17670.51158,27761.1005,37857.54033,47950.14497,58044.50099,68137.904,78231.78013	5113.104635,15353.29526,25466.56738,35580.4235,45670.6837,55768.07185,65860.38815,75954.94601	0.9648538701,-0.964871183,0.9648626714,-0.9648670284,0.9648648732,-0.9648659318,0.9648653533,-0.9648656521	-0.9647986408,0.9648893158,-0.9648501604,0.9648726999,-0.9648617065,0.964867489,-0.9648645681,0.9648660736	ok
-0.93086172	-21.55310621	-43.56759686	0.7805830854	continued:5	1,-1,1,-1,1,-1,1,-1	-1,1,-1,1,-1,1,-1,1	7614.87937,17703.23368,27793.56592,37882.81153,47972.58853,58062.09012,68151.73029,78241.29968	5113.889056,15346.57891,25455.77683,35564.38478,45650.82514,55743.80342,65832.12361,75922.48227	0.9648552451,-0.9648525917,0.9648539256,-0.9648532413,0.964853589,-0.9648534015,0.9648535118,-0.9648534476	-0.9647870783,0.9648769383,-0.964838442,0.9648604186,-0.9648497719,0.9648553283,-0.964852541,0.9648539669	ok
-0.92885772	-21.55310621	-44.61998330	0.7777897366	continued:5	1,-1,1,-1,1,-1,1,-1	-1,1,-1,1,-1,1,-1,1	7640.855397,17726.23755,27819.65648,37903.01851,47990.07757,58074.9035,68160.76479,78246.08019	5114.674043,15339.91676,25445.09104,35548.51756,45631.14633,55719.75215,65804.08763,75890.27279	0.9648551896,-0.9648336115,0.9648451314,-0.9648394471,0.9648423562,-0.9648409313,0.9648416374,-0.9648412896	-0.964775514,0.9648645666,-0.9648267122,0.9648481463,-0.9648378314,0.964843173,-0.9648405118,0.9648418631	ok
-0.92685371	-21.55310621	-45.50395484	0.7749963877	continued:5	1,-1,1,-1,1,-1,1,-1	-1,1,-1,1,-1,1,-1,1	7648.31575,17752.32123,27851.61818,37930.43181,48014.8381,58095.1625,68177.22526,78258.3386	5115.459593,15333.30868,25434.50745,35532.81702,45611.64314,55695.91291,65776.27593,75858.31307	0.9648529976,-0.9648143946,0.9648362126,-0.9648257159,0.9648310855,-0.9648284817,0.9648297854,-0.9648291511	-0.9647639478,0.9648522005,-0.9648149716,0.9648358823,-0.9648258854,0.964831023,-0.9648284807,0.9648297622	ok
-0.92484970	-21.55310621	-46.28536881	0.7722030388	continued:5	1,-1,1,-1,1,-1,1,-1	-1,1,-1,1,-1,1,-1,1	7654.273161,17795.06809,27900.24534,37975.65019,48057.15608,58133.19636,68211.39207,78288.37174	5116.245703,15326.75459,25424.02376,35517.27875,45592.31184,55672.28112,65748.68474,75826.59915	0.9648471009,-0.9647962162,0.9648265254,-0.9648123663,0.9648196199,-0.9648161315,0.9648178313,-0.9648169775	-0.9647523798,0.9648398402,-0.9648032207,0.9648236266,-0.9648139341,0.964818878,-0.9648164478,0.964817664	ok
-0.92284569	-21.55310621	-46.98894913	0.7694096899	continued:5	1,-1,1,-1,1,-1,1,-1	-1,1,-1,1,-1,1,-1,1	7682.343784,17854.37922,27961.21924,38033.50753,48111.47494,58183.44995,68257.66369,78330.58895	5117.032371,15320.25437,25413.63792,35501.89878,45573.14914,55648.85271,65721.31076,75795.1276	0.9648375358,-0.9647805999,0.9648156638,-0.9647996453,0.9648078277,-0.9648038245,0.9648058214,-0.9648049158	-0.9647408099,0.9648274853,-0.96479146,0.9648113786,-0.964801978,0.9648067376,-0.9648044135,0.9648055683	ok
-0.92084168	-21.55310621	-47.62541100	0.7666163410	continued:5	1,-1,1,-1,1,-1,1,-1	-1,1,-1,1,-1,1,-1,1	7749.562244,17929.04973,28032.35867,38101.17211,48174.97986,58243.03578,68313.17724,78382.11162	5117.819595,15313.80793,25403.34811,35486.67348,45554.1521,55625.62404,65694.15111,75763.89542	0.9648259367,-0.9647678403,0.9648037704,-0.9647874274,0.9647957665,-0.9647917814,0.9647938384,-0.9647928357	-0.9647292381,0.9648151358,-0.9647796899,0.9647991381,-0.9647900173,0.9647946017,-0.9647923777,0.9647934751	ok
-0.91883768	-21.55310621	-48.20037732	0.7638229922	continued:5	1,-1,1,-1,1,-1,1,-1	-1,1,-1,1,-1,1,-1,1	7860.634668,18036.68541,28134.56828,38199.7168,48269.17809,58333.36633,68399.42518,78464.40042	5118.607373,15307.41515,25393.1527,35471.59955,45535.3181,55602.59188,65667.20327,75732.90004	0.9648137326,-0.96475611,0.964791507,-0.9647755639,0.9647836059,-0.9647798214,0.9647817307,-0.9647807661	-0.9647176645,0.9648027916,-0.964767911,0.9647869047,-0.9647780524,0.96478247,-0.9647803407,0.9647813842	ok
-0.91683367	-21.55310621	-48.71791994	0.7614917292	continued:5	1,-1,1,-1,1,-1,1,-1	-1,1,-1,1,-1,1,-1,1	7989.06316,18161.10494,28253.5134,38314.99962,48380.14088,58440.47768,68502.47891,78563.51398	5119.395702,15301.07594,25383.05026,35456.67402,45516.64484,55579.75337,65640.46506,75702.13926	0.9648014978,-0.9647444051,0.964779205,-0.9647635793,0.9647714841,-0.9647677493,0.9647696259,-0.9647686935	-0.964706089,0.9647904527,-0.9647561235,0.9647746783,-0.9647660836,0.9647703424,-0.9647683026,0.9647692955	ok
-0.91482966	-21.55310621	-49.17802771	0.7599081371	continued:5	1,-1,1,-1,1,-1,1,-1	-1,1,-1,1,-1,1,-1,1	8116.677226,18284.87589,28371.88437,38429.72577,48490.58621,58547.08662,68605.05733,78662.17103	5120.184579,15294.7902,25373.03949,35441.89415,45498.13025,55557.10598,65613.93461,75671.61119	0.9647892441,-0.9647326658,0.9647669646,-0.964751659,0.9647593465,-0.9647557054,0.9647575354,-0.9647566108	-0.9646945117,0.9647781189,-0.964744328,0.9647624584,-0.964754111,0.9647582186,-0.9647562635,0.9647572088	ok
-0.91282565	-21.55310621	-49.57955509	0.7589932821	continued:5	-1,1,-1,1,-1,1,-1,1	-1,1,-1,1,-1,1,-1,1	8243.513882,18408.02975,28489.70964,38543.92429,48600.54239,58653.22188,68707.18898,78760.40055	5120.974004,15288.55784,25363.11927,35427.25749,45479.77252,55534.64747,65587.61033,75641.31429	-0.9647770108,0.9647209165,-0.964754719,0.9647397232,-0.9647471896,0.9647437649,-0.9647453883,0.9647445745	-0.9646829325,0.9647657902,-0.9647325246,0.964750245,-0.964742135,0.9647460985,-0.9647442236,0.9647451242	ok
-0.91082164	-21.55310621	-49.92359895	0.7586194467	continued:5	1,1,-1,1,-1,1,-1,1	-1,1,-1,1,-1,1,-1,1	44.09209388,8371.304873,18532.2854,28608.70432,38659.31041,48711.72351,58760.5985,68810.58877	5121.763973,15282.37876,25353.28858,35412.7618,45461.57008,55512.37589,65561.49087,75611.24725	0.970367629,0.9647648759,-0.9647091942,0.9647424491,-0.9647277892,0.9647350179,-0.9647317347,0.9647332756	-0.9646713515,0.9647534664,-0.9647207139,0.9647380376,-0.9647301557,0.9647339819,-0.9647321829,0.9647330414	ok
-0.90881764	-21.55310621	-50.21329392	0.7571635719	full	1,1,-1,1,-1,1,-1,1	-1,1,-1,1,-1,1,-1,1	61.76360461,8445.327173,18596.2987,28666.56504,38713.43409,48761.5969,58806.69168,68852.72132	5122.554484,15276.25287,25343.54655,35398.40504,45443.52153,55490.28954,65535.57513,75581.40906	0.9891740267,0.9647522061,-0.9646979821,0.9647300225,-0.9647159636,0.9647228661,-0.9647197392,0.9647211562	-0.9646597686,0.9647411475,-0.964708896,0.9647258361,-0.9647181733,0.9647218685,-0.9647201416,0.9647209604	ok
-0.90681363	-21.55310621	-40.89605991	0.7816230907	continued:5	1,-1,1,-1,1,-1,1,-1	-1,1,-1,1,-1,1,-1,1	7494.706895,17553.76396,27596.14941,37639.68185,47681.04925,57723.09245,67764.74221,77806.5599	5123.345535,15270.18009,25333.8924,35384.18537,45425.62567,55468.38694,65509.86223,75551.79891	0.964690282,-0.9647162739,0.9647047877,-0.9647103883,0.9647078036,-0.9647090927,0.9647084888,-0.9647087652	-0.9646481839,0.9647288334,-0.9646970713,0.9647136403,-0.9647061881,0.9647097584,-0.9647080997,0.9647088813	ok
-0.90480962	-21.55310621	-43.00629089	0.7788297418	continued:5	1,-1,1,-1,1,-1,1,-1	-1,1,-1,1,-1,1,-1,1	7551.364285,17590.43421,27628.07783,37666.18104,47704.02448,57741.97924,67779.87994,77817.80539	5124.137124,15264.16033,25324.32546,35370.10113,45407.88147,55446.66683,65484.35145,75522.41623	0.9646935878,-0.9646978955,0.9646959651,-0.964696901,0.9646964558,-0.9646966664,0.9646965635,-0.9646966084	-0.9646365973,0.964716524,-0.9646852401,0.96470145,-0.9646942002,0.9646976513,-0.9646960573,0.9646968038	ok
-0.90280561	-21.55310621	-44.19834007	0.7760363929	continued:5	1,-1,1,-1,1,-1,1,-1	-1,1,-1,1,-1,1,-1,1	7580.716484,17616.81385,27652.65941,37686.49716,47720.83558,57754.84712,67788.99004,77823.06772	5124.929249,15258.19349,25314.84515,35356.15083,45390.28805,55425.12815,65459.04228,75493.26064	0.9646932117,-0.9646802346,0.9646864267,-0.9646835697,0.9646849493,-0.9646843556,0.9646846149,-0.964684486	-0.9646250089,0.9647042191,-0.9646734027,0.9646892648,-0.9646822098,0.964685547,-0.9646840145,0.9646847279	ok
-0.90080160	-21.55310621	-45.15068951	0.7732430440	continued:5	1,-1,1,-1,1,-1,1,-1	-1,1,-1,1,-1,1,-1,1	7589.33718,17640.06159,27676.43799,37706.88996,47737.77563,57767.94359,67798.33546,77828.6012	5125.721906,15252.27951,25305.45097,35342.33313,45372.84469,55403.77002,65433.93437,75464.33194	0.9646911466,-0.9646621368,0.9646769175,-0.9646703975,0.9646734593,-0.9646719858,0.9646726601,-0.9646724211	-0.9646134187,0.9646919189,-0.9646615592,0.9646770848,-0.9646702171,0.9646734456,-0.9646719713,0.9646726535	ok
-0.89879760	-21.55310621	-45.97615555	0.7704496952	continued:5	1,-1,1,-1,1,-1,1,-1	-1,1,-1,1,-1,1,-1,1	7590.088402,17673.37861,27711.5463,37739.36467,47766.7842,57793.20631,67819.84842,77846.33903	5126.515095,15246.4183,25296.1425,35328.64681,45355.55079,55382.59171,65409.02754,75435.63011	0.9646862809,-0.9646444594,0.9646669351,-0.9646572354,0.9646618328,-0.9646596978,0.9646607063,-0.9646603086	-0.9646018266,0.9646796231,-0.96464971,0.9646649095,-0.9646582221,0.9646613468,-0.9646599278,0.9646605805	ok
-0.89679359	-21.55310621	-46.71305799	0.7676563463	continued:5	1,-1,1,-1,1,-1,1,-1	-1,1,-1,1,-1,1,-1,1	7605.048511,17723.53867,27762.25207,37787.59276,47811.40901,57834.15764,67857.04632,77879.79764	5127.308813,15240.60979,25286.91941,35315.09081,45338.40588,55361.59268,65384.32174,75407.15528	0.9646779437,-0.9646284553,0.9646562165,-0.9646444367,0.9646500493,-0.9646475024,0.9646487129,-0.9646481302	-0.9645902327,0.9646673316,-0.9646378553,0.9646527391,-0.964646225,0.9646492505,-0.9646478841,0.9646485091	ok
-0.89478958	-21.55310621	-47.37723359	0.7648629974	continued:5	1,-1,1,-1,1,-1,1,-1	-1,1,-1,1,-1,1,-1,1	7654.107339,17789.02583,27825.22808,37847.61627,47867.63852,57886.7461,67905.88328,77924.9261	5128.103058,15234.8539,25277.78141,35301.66417,45321.4096,55340.77251,65359.81704,75378.90775	0.9646669153,-0.9646149804,0.9646446055,-0.9646322307,0.964638086,-0.9646354102,0.9646366977,-0.9646360631	-0.964578637,0.9646550445,-0.9646259952,0.9646405731,-0.964634226,0.9646371567,-0.9646358403,0.9646364389	ok
-0.89278557	-21.55310621	-47.97640160	0.7620696485	continued:5	1,-1,1,-1,1,-1,1,-1	-1,1,-1,1,-1,1,-1,1	7745.819411,17881.31921,27913.10019,37932.14486,47948.28862,57963.77075,67979.17369,77994.53378	5128.897827,15229.15056,25268.72829,35288.36607,45304.56171,55320.13092,65335.51368,75350.88793	0.9646548861,-0.9646028861,0.9646325072,-0.9646202081,0.9646259691,-0.9646233797,0.9646245303,-0.964624005	-0.9645670394,0.9646427616,-0.9646141299,0.9646284115,-0.9646222251,0.9646250652,-0.9646237962,0.96462437	ok
-0.89078156	-21.55310621	-48.51548821	0.7594040171	continued:5	-1,1,-1,1,-1,1,-1,1	-1,1,-1,1,-1,1,-1,1	7872.407147,18005.76034,28032.85024,38048.50098,48060.78159,58072.65882,68084.35385,78096.05577	5129.693118,15223.49971,25259.75989,35275.19576,45287.86206,55299.66777,65311.41198,75323.09639	-0.9646427906,0.9645910362,-0.9646203272,0.9646082015,-0.9646138461,0.9646113712,-0.9646124545,0.9646119525	-0.9645554399,0.9646304828,-0.9646022598,0.9646162542,-0.9646102226,0.9646129759,-0.9646117521,0.9646123025	ok
-0.88877756	-21.55310621	-48.99765915	0.7574860564	continued:5	-1,1,-1,1,-1,1,-1,1	-1,1,-1,1,-1,1,-1,1	7999.526982,18130.85174,28153.29704,38165.57825,48174.02797,58182.32349,68190.338,78198.40654	5130.48893,15217.90127,25250.87611,35262.15262,45271.3106,55279.38302,65287.5124,75295.5338	-0.9646305205,0.9645791812,-0.9646081527,0.9645962634,-0.9646017447,0.9645993649,-0.964600384,0.9645999008	-0.9645438387,0.9646182082,-0.9645903848,0.9646041009,-0.9645982183,0.9646008887,-0.9645997079,0.9646002361	ok
-0.88677355	-21.55310621	-49.42123983	0.7561091154	continued:5	1,-1,1,-1,1,-1,1,-1	-1,1,-1,1,-1,1,-1,1	8132.567607,18261.96902,28279.81361,38288.74982,48293.40057,58298.13806,68302.49971,78306.96006	5131.28526,15212.3552,25242.07691,35249.23613,45254.90739,55259.27677,65263.8155,75268.20099	0.9646183456,-0.9645673458,0.9645959944,-0.9645842134,0.9645896631,-0.9645872644,0.9645883141,-0.9645878694	-0.9645322356,0.9646059375,-0.9645785053,0.9645919515,-0.9645862126,0.9645888037,-0.9645876636,0.9645881709	ok
-0.88476954	-21.55310621	-49.78795124	0.7556075626	continued:5	-1,1,-1,1,-1,1,-1,1	-1,1,-1,1,-1,1,-1,1	8254.241164,18381.92925,28395.22577,38400.84534,48401.72936,58402.9332,68403.66988,78404.54767	5132.082106,15206.86142,25233.36228,35236.44584,45238.65253,55239.34921,65240.32193,75241.09886	-0.9646062123,0.9645553687,-0.9645839007,0.964572302,-0.9645775332,0.9645752457,-0.9645762529,0.9645758404	-0.9645206307,0.9645936707,-0.9645666213,0.964579806,-0.9645742055,0.9645767205,-0.9645756193,0.9645761068	ok
-0.88276553	-21.55310621	-50.09774110	0.7554403783	full	-1,1,-1,1,-1,1,-1,1	-1,1,-1,1,-1,1,-1,1	8283.563926,18409.53868,28418.31962,38420.64532,48417.79405,58415.48881,68412.62864,78409.9499	5132.879465,15201.41989,25224.73227,35223.78138,45222.54626,55219.60063,65217.03247,75214.22843	-0.9645940605,0.9645435826,-0.9645717492,0.9645603094,-0.9645655405,0.9645632396,-0.9645641816,0.9645638199	-0.9645090239,0.9645814079,-0.9645547331,0.9645676641,-0.964562197,0.9645646392,-0.9645635751,0.9645640437	ok
-0.88076152	-21.55310621	-41.48788138	0.7783156387	continued:5	1,-1,1,-1,1,-1,1,-1	-1,1,-1,1,-1,1,-1,1	7475.103855,17472.3715,27468.72483,37462.13092,47456.13732,57449.7548,67443.51759,77437.21226	5133.677337,15196.03056,25216.18697,35211.24249,45206.58884,55200.03142,65193.94795,75187.59084	0.964539264,-0.9645569553,0.9645496193,-0.9645528149,0.9645514839,-0.9645520076,0.9645517641,-0.9645518605	-0.9644974154,0.9645691487,-0.9645428409,0.9645555257,-0.9645501871,0.9645525597,-0.9645515309,0.9645519818	ok
-0.87875752	-21.55310621	-43.26678867	0.7755222898	continued:5	1,-1,1,-1,1,-1,1,-1	-1,1,-1,1,-1,1,-1,1	7516.906406,17507.20172,27497.36454,37487.58263,47477.77625,57467.98042,67458.17999,77448.38155	5134.475718,15190.69337,25207.72652,35198.82897,45190.78066,55180.64209,65171.06933,75161.18732	0.9645401442,-0.9645396783,0.9645399098,-0.9645397683,0.9645397834,-0.9645397783,0.9645397808,-0.9645397798	-0.964485805,0.9645568933,-0.9645309446,0.9645433907,-0.9645381761,0.964540482,-0.9645394868,0.9645399208	ok
-0.87675351	-21.55310621	-44.40661558	0.7727289409	continued:5	1,-1,1,-1,1,-1,1,-1	-1,1,-1,1,-1,1,-1,1	7534.944109,17532.92749,27519.17534,37506.86987,47493.31013,57480.17165,67466.82846,77453.56963	5135.274606,15185.40828,25199.35108,35186.54069,45175.12214,55161.43319,65148.39764,75135.01919	0.9645386141,-0.9645225275,0.9645298769,-0.9645268344,0.9645281631,-0.9645275676,0.9645278382,-0.9645277354	-0.9644741928,0.9645446416,-0.9645190445,0.9645312591,-0.964526164,0.9645284059,-0.9645274427,0.9645278608	ok
-0.87474950	-21.55310621	-45.33496870	0.7699355920	continued:5	1,-1,1,-1,1,-1,1,-1	-1,1,-1,1,-1,1,-1,1	7535.602007,17559.27809,27543.43467,37529.29444,47512.01188,57495.6071,67478.73846,77462.05352	5136.074,15180.17525,25191.06089,35174.3776,45159.61379,55142.40541,65125.934,75109.08788	0.964535521,-0.96450512,0.9645198712,-0.9645138441,0.9645164507,-0.9645153861,0.9645158696,-0.9645156414	-0.9644625788,0.9645323935,-0.9645071406,0.9645191307,-0.9645141507,0.9645163315,-0.9645153987,0.9645158017	ok
-0.87274549	-21.55310621	-46.14383169	0.7671422432	continued:5	1,-1,1,-1,1,-1,1,-1	-1,1,-1,1,-1,1,-1,1	7534.583108,17599.32674,27582.48321,37566.8922,47545.93567,57526.31025,67505.94284,77485.86152	5136.873897,15174.99426,25182.85617,35162.33971,45144.25618,55123.55947,65103.6796,75083.39491	0.964529353,-0.9644882479,0.9645095528,-0.9645010163,0.9645047436,-0.9645032092,0.9645038162,-0.964503571	-0.9644509629,0.964520149,-0.9644952331,0.9645070053,-0.9645021365,0.9645042586,-0.9645033548,0.9645037435	ok
-0.87074148	-21.55310621	-46.86609641	0.7643488943	continued:5	1,-1,1,-1,1,-1,1,-1	-1,1,-1,1,-1,1,-1,1	7554.225689,17656.59982,27638.16551,37620.79916,47596.23174,57573.3744,67549.55015,77526.09464	5137.674295,15169.86525,25174.73723,35150.4271,45129.04995,55104.89623,65081.63574,75057.94187	0.9645201726,-0.9644731802,0.9644985605,-0.9644885077,0.9644928768,-0.9644910857,0.9644918304,-0.964491475	-0.9644393453,0.9645079078,-0.9644833221,0.9644948829,-0.9644901212,0.9644921871,-0.9644913111,0.9644916861	ok
-0.86873747	-21.55310621	-47.51592295	0.7615555454	continued:5	1,-1,1,-1,1,-1,1,-1	-1,1,-1,1,-1,1,-1,1	7611.208057,17728.97925,27707.32099,37687.39023,47659.28142,57633.14834,67605.9177,77579.10606	5138.475192,15164.78821,25166.7044,35138.63992,45113.99581,55086.41658,65059.80378,75032.73047	0.9645087812,-0.9644601358,0.9644867691,-0.9644762631,0.9644809005,-0.9644790152,0.9644798328,-0.9644794909	-0.9644277258,0.9644956701,-0.9644714078,0.9644827634,-0.964478105,0.9644801171,-0.9644792675,0.9644796296	ok
-0.86673347	-21.55310621	-48.10067925	0.7587621965	continued:5	-1,1,-1,1,-1,1,-1,1	-1,1,-1,1,-1,1,-1,1	7710.532859,17829.58414,27803.83744,37780.91088,47749.31636,57719.89612,67689.30088,77659.15647	5139.276587,15159.76311,25158.75802,35126.97836,45099.09452,55068.12151,65038.18516,75007.76248	-0.9644966739,0.9644480849,-0.9644746835,0.9644642391,-0.9644688367,0.9644669741,-0.9644677459,0.9644674447	-0.9644161045,0.9644834356,-0.9644594901,0.9644706467,-0.964466088,0.9644680484,-0.964467224,0.9644675739	ok
-0.86472946	-21.55310621	-48.62545318	0.7560965651	continued:5	-1,1,-1,1,-1,1,-1,1	-1,1,-1,1,-1,1,-1,1	7842.748768,17961.78521,27931.90034,37905.96484,47870.91927,57838.23719,67804.3091,77770.86112	5140.078476,15154.78994,25150.89851,35115.44271,45084.34691,55050.01208,65016.78141,74983.03979	-0.9644845953,0.9644360754,-0.964462614,0.9644522142,-0.96445678,0.9644548917,-0.9644557312,0.9644553238	-0.9644044814,0.9644712044,-0.9644475694,0.9644585327,-0.9644540701,0.964455981,-0.9644551806,0.9644555189	ok
-0.86272545	-21.55310621	-49.09373538	0.7541786044	continued:5	1,-1,1,-1,1,-1,1,-1	-1,1,-1,1,-1,1,-1,1	7974.164903,18093.36507,28059.37693,38030.46705,47992.00211,57956.08822,67918.85815,77882.13673	5140.880859,15149.86867,25143.12629,35104.03327,45069.75387,55032.08944,64995.59412,74958.56434	0.964472462,-0.9644240366,0.9644504354,-0.9644401993,0.9644447185,-0.9644428029,0.9644436704,-0.964443341	-0.9643928565,0.9644589765,-0.9644356454,0.9644464212,-0.9644420515,0.9644439149,-0.9644431374,0.9644434647	ok
-0.86072144	-21.55310621	-49.50417528	0.7531360319	continued:5	-1,1,-1,1,-1,1,-1,1	-1,1,-1,1,-1,1,-1,1	8096.448528,18216.07364,28178.0199,38146.17374,48104.32103,58065.20607,68024.7051,77984.74093	5141.683732,15144.9993,25135.44183,35092.75045,45055.31636,55014.3548,64974.62497,74934.33819	-0.9644602326,0.9644120838,-0.9644383248,0.96442816,-0.9644325922,0.9644308332,-0.9644316139,0.964431264	-0.9643812298,0.9644467517,-0.9644237185,0.9644343123,-0.964430032,0.9644318499,-0.9644310943,0.9644314112	ok
-0.85871743	-21.55310621	-49.85598505	0.7524278280	continued:5	1,-1,1,-1,1,-1,1,-1	-1,1,-1,1,-1,1,-1,1	8228.140325,18348.46087,28306.37812,38271.63473,48226.42583,58184.14119,68140.40076,78097.22491	5142.487094,15140.18183,25127.84562,35081.59466,45041.03537,54996.80945,64953.87573,74910.36347	0.9644481584,-0.9644000363,0.9644262277,-0.9644161432,0.9644205943,-0.964418787,0.9644195607,-0.9644192316	-0.9643696013,0.96443453,-0.9644117887,0.9644222058,-0.9644180119,0.9644197861,-0.9644190514,0.9644193583	ok
-0.85671343	-21.55310621	-50.15416822	0.7522606437	full	-1,1,-1,1,-1,1,-1,1	-1,1,-1,1,-1,1,-1,1	8258.38406,18379.66177,28333.58471,38295.98365,48247.45026,58202.02771,68155.07959,78108.72368	5143.290944,15135.41625,25120.33822,35070.56642,45026.912,54979.45475,64933.34823,74886.64241	-0.964435955,0.9643880297,-0.9644141352,0.9644041357,-0.9644085328,0.9644067734,-0.9644074852,0.9644071789	-0.9643579709,0.9644223114,-0.9643998559,0.9644101018,-0.9644059911,0.9644077234,-0.9644070086,0.9644073061	ok
-0.85470942	-21.55310621	-41.87995309	0.7747555935	continued:5	1,-1,1,-1,1,-1,1,-1	-1,1,-1,1,-1,1,-1,1	7456.382648,17402.9886,27356.99002,37306.15698,47257.003,57207.10077,67157.49879,77107.77102	5144.095278,15130.70257,25112.92019,35059.66627,45012.94737,54962.29213,64913.04438,74863.17731	0.9643864466,-0.9643985773,0.9643937005,-0.9643958219,0.964394942,-0.96439531,0.9643951976,-0.9643952181	-0.9643463387,0.9644100956,-0.9643879204,0.9643979999,-0.9643939695,0.9643956618,-0.9643949659,0.9643952545	ok
-0.85270541	-21.55310621	-43.49238133	0.7719622446	continued:5	1,-1,1,-1,1,-1,1,-1	-1,1,-1,1,-1,1,-1,1	7486.454494,17436.57922,27382.79265,37330.41936,47277.43023,57224.68927,67171.84509,77119.04332	5144.900094,15126.0408,25105.59213,35048.89482,44999.14267,54945.32313,64892.96619,74839.97058	0.9643858809,-0.9643819642,0.9643835884,-0.9643829366,0.9643832162,-0.9643831147,0.9643832036,-0.9643831295	-0.9643347048,0.9643978828,-0.9643759822,0.9643859002,-0.9643819474,0.9643836011,-0.9643829234,0.9643832035	ok
-0.85070140	-21.55310621	-44.59651777	0.7691688957	continued:5	1,-1,1,-1,1,-1,1,-1	-1,1,-1,1,-1,1,-1,1	7496.261703,17464.86,27405.15077,37351.7884,47295.00971,57239.493,67183.43422,77127.59414	5145.705392,15121.43095,25098.3547,35038.25273,44985.49918,54928.54931,64873.11574,74817.02471	0.964383425,-0.9643653461,0.9643733948,-0.964370104,0.9643714889,-0.9643709885,0.9643711449,-0.964371124	-0.964323069,0.9643856729,-0.9643640413,0.9643738027,-0.9643699247,0.9643715415,-0.964370881,0.964371153	ok
-0.84869739	-21.55310621	-45.50780831	0.7663755468	continued:5	1,-1,1,-1,1,-1,1,-1	-1,1,-1,1,-1,1,-1,1	7492.761581,17499.48853,27435.43739,37381.70974,47321.16149,57262.94168,67203.69249,77144.85211	5146.511169,15116.87305,25091.20858,35027.74073,44972.0182,54911.97235,64853.49518,74794.3423	0.9643792828,-0.964348431,0.9643630815,-0.9643572939,0.9643597445,-0.9643587807,0.9643592029,-0.9643589918	-0.9643114315,0.9643734658,-0.9643520979,0.9643617072,-0.9643579013,0.9643594827,-0.9643588387,0.9643591031	ok
-0.84669339	-21.55310621	-46.30423612	0.7635821980	continued:5	1,-1,1,-1,1,-1,1,-1	-1,1,-1,1,-1,1,-1,1	7493.47252,17554.78581,27487.69223,37433.81545,47369.5994,57308.70086,67246.30317,77184.49306	5147.317422,15112.36713,25084.15448,35017.35958,44958.70114,54895.59399,64834.10676,74771.92603	0.9643723377,-0.9643319457,0.9643524551,-0.9643446073,0.9643479963,-0.9643465704,0.9643471179,-0.9643469182	-0.9642997921,0.9643612614,-0.9643401519,0.9643496137,-0.9643458773,0.9643474248,-0.9643467966,0.9643470537	ok
-0.84468938	-21.55310621	-47.01485783	0.7607888491	continued:5	1,-1,1,-1,1,-1,1,-1	-1,1,-1,1,-1,1,-1,1	7519.713343,17631.51518,27561.67594,37507.06674,47439.38687,57375.75738,67310.27873,77245.51892	5148.124151,15107.91322,25077.19316,35007.11013,44945.54943,54879.41605,64814.95283,74749.77869	0.9643624992,-0.9643168467,0.964341349,-0.9643321714,0.9643360505,-0.9643344743,0.9643351109,-0.9643348319	-0.964288151,0.9643490597,-0.9643282035,0.9643375222,-0.9643338528,0.9643353678,-0.9643347546,0.9643350048	ok
-0.84268537	-21.55310621	-47.65271650	0.7579955002	continued:5	1,-1,1,-1,1,-1,1,-1	-1,1,-1,1,-1,1,-1,1	7584.918026,17720.82348,27647.6736,37591.24971,47520.34521,57453.89518,67385.41453,77317.7206	5148.931352,15103.51136,25070.32542,34996.99326,44932.5646,54863.44043,64796.03581,74727.90315	0.964350998,-0.9643037782,0.9643295985,-0.9643199448,0.9643240424,-0.9643223849,0.9643230762,-0.9643227987	-0.9642765081,0.9643368607,-0.9643162526,0.9643254325,-0.9643218277,0.9643233116,-0.9643227127,0.9643229563	ok
-0.84068136	-21.55310621	-48.22506309	0.7552021513	continued:5	1,-1,1,-1,1,-1,1,-1	-1,1,-1,1,-1,1,-1,1	7691.353138,17834.17728,27757.34322,37698.53259,47624.5415,57555.24135,67483.81655,77413.21386	5149.739024,15099.1616,25063.5521,34987.00991,44919.74825,54847.66912,64777.35821,74706.30241	0.9643389756,-0.9642915354,0.9643176194,-0.9643079638,0.9643120096,-0.9643103411,0.9643110074,-0.9643107497	-0.9642648633,0.9643246642,-0.9643042994,0.9643133445,-0.9643098021,0.9643112561,-0.9643106709,0.9643109083	ok
-0.83867735	-21.55310621	-48.73725191	0.7528708884	continued:5	-1,1,-1,1,-1,1,-1,1	-1,1,-1,1,-1,1,-1,1	7813.726719,17961.7736,27881.23444,37820.01585,47742.983,57670.86245,67596.53137,77523.05476	5150.547165,15094.86399,25056.87409,34977.16109,44907.10202,54832.10418,64758.92265,74684.97957	-0.964326914,0.9642792851,-0.9643055622,0.9642958479,-0.9642999484,0.9642982985,-0.9642989741,0.964298693	-0.9642532168,0.9643124703,-0.9642923437,0.9643012583,-0.9642977759,0.9642992014,-0.9642986291,0.9642988606	ok
-0.83667335	-21.55310621	-49.19025979	0.7510806451	continued:5	-1,1,-1,1,-1,1,-1,1	-1,1,-1,1,-1,1,-1,1	7943.902836,18098.1159,28013.90134,37950.34335,47870.29845,57795.39722,67718.19511,77641.88145	5151.355774,15090.61859,25050.29231,34967.44787,44894.62766,54816.74778,64740.73185,74663.93784	-0.9643147459,0.9642671083,-0.9642935357,0.9642838174,-0.9642879136,0.9642863397,-0.9642869108,0.9642866502	-0.9642415685,0.9643002788,-0.9642803858,0.9642891738,-0.9642857492,0.9642871473,-0.9642865875,0.9642868134	ok
-0.83466934	-21.55310621	-49.58543286	0.7498314215	continued:5	1,-1,1,-1,1,-1,1,-1	-1,1,-1,1,-1,1,-1,1	8077.484014,18238.79957,28150.93614,38085.10718,48002.08025,57924.4387,67844.40126,77765.28786	5152.164847,15086.42548,25043.80772,34957.87138,44882.32696,54801.60215,64722.78861,74643.18053	0.9643026041,-0.96425491,0.964281571,-0.9642717406,0.964275831,-0.9642742123,0.9642748724,-0.9642746016	-0.9642299184,0.9642880898,-0.9642684256,0.9642770909,-0.964273722,0.964275094,-0.9642745459,0.9642747665	ok
-0.83266533	-21.55310621	-49.92513457	0.7493298687	continued:5	1,1,-1,1,-1,1,-1,1	-1,1,-1,1,-1,1,-1,1	3.565075008,8203.509154,18373.3358,28281.8526,38213.83676,48127.85533,58047.5159,67964.67868	5152.974384,15082.28472,25037.42137,34948.4328,44870.20183,54786.66965,64705.09587,74622.71109	0.9632738903,0.9642905156,-0.9642426752,0.9642695739,-0.9642597365,0.9642637855,-0.9642621946,0.9642628197	-0.9642182665,0.9642759032,-0.9642564632,0.9642650096,-0.9642616943,0.9642630412,-0.9642625043,0.9642627199	ok
-0.83066132	-21.55310621	-50.21074276	0.7491626845	full	-1,1,-1,1,-1,1,-1,1	-1,1,-1,1,-1,1,-1,1	8234.641084,18414.57524,28319.49917,38249.38586,48160.47665,58077.48301,67991.88192,77907.28388	5153.784382,15078.1964,25031.1343,34939.13339,44858.25423,54771.95269,64687.65663,74602.5331	-0.9642783913,0.9642304465,-0.9642575862,0.9642477162,-0.9642517484,0.9642501716,-0.9642507749,0.9642505143	-0.9642066128,0.9642637189,-0.9642444986,0.9642529297,-0.964249666,0.964250989,-0.9642504628,0.9642506737	ok
-0.82865731	-21.55310621	-42.29221593	0.7713716142	continued:5	1,-1,1,-1,1,-1,1,-1	-1,1,-1,1,-1,1,-1,1	7433.062475,17339.42391,27254.94405,37166.23195,47079.11356,56991.34423,66903.83234,76816.21741	5154.594839,15074.16061,25024.94765,34929.97448,44846.48621,54757.45383,64670.47407,74582.65024	0.9642339411,-0.9642403131,0.9642378633,-0.9642388306,0.9642384464,-0.9642385923,0.9642385607,-0.9642385495	-0.9641949573,0.9642515369,-0.9642325318,0.9642408514,-0.9642376372,0.9642389374,-0.9642384213,0.9642386277	ok
-0.82665331	-21.55310621	-43.75351723	0.7685782653	continued:5	1,-1,1,-1,1,-1,1,-1	-1,1,-1,1,-1,1,-1,1	7451.231083,17373.17149,27279.32751,37190.71106,47099.85194,57009.86022,66919.51895,76829.31626	5155.405754,15070.17745,25018.8626,34920.95745,44834.89992,54743.17569,64653.55142,74563.06635	0.9642322145,-0.9642242099,0.9642275134,-0.9642261512,0.9642266974,-0.9642264983,0.9642265769,-0.9642264925	-0.9641833001,0.9642393571,-0.9642205629,0.9642287744,-0.964225608,0.9642268862,-0.9642263798,0.964226582	ok
-0.82464930	-21.55310621	-44.81433829	0.7657849164	continued:5	1,-1,1,-1,1,-1,1,-1	-1,1,-1,1,-1,1,-1,1	7451.692342,17407.68378,27305.97208,37218.131,47123.52294,57031.39713,66938.25212,76845.50743	5156.217124,15066.24703,25012.88038,34912.08376,44823.49759,54729.12103,64636.8921,74543.7854	0.9642289292,-0.9642076357,0.9642170225,-0.9642134543,0.9642149143,-0.9642143309,0.9642145838,-0.9642144738	-0.964171641,0.9642271795,-0.9642085918,0.9642166988,-0.9642135781,0.9642148356,-0.9642143383,0.9642145364	ok
-0.82264529	-21.55310621	-45.70206633	0.7629915675	continued:5	1,-1,1,-1,1,-1,1,-1	-1,1,-1,1,-1,1,-1,1	7443.718422,17461.00334,27352.89865,37266.64114,47168.25916,57074.09942,66978.17392,76882.93488	5157.028948,15062.36946,25007.00229,34903.35497,44812.28156,54715.29269,64620.4996,74524.81151	0.9642236385,-0.964190649,0.9642066782,-0.9642007494,0.9642031152,-0.964202148,0.964202562,-0.9642023911	-0.9641599803,0.9642150041,-0.9641966187,0.9642046245,-0.9642015478,0.9642027854,-0.9642022968,0.9642024911	ok
-0.82064128	-21.55310621	-46.48058333	0.7601982186	continued:5	1,-1,1,-1,1,-1,1,-1	-1,1,-1,1,-1,1,-1,1	7446.735627,17559.20333,27446.31239,37362.21468,47260.11041,57163.98279,67065.31319,76967.62321	5157.841224,15058.54488,25001.2297,34894.77268,44801.25425,54701.69367,64604.3776,74506.14895	0.9642157588,-0.9641736652,0.9641962327,-0.9641880186,0.9641913077,-0.9641900842,0.9641905145,-0.9641903095	-0.9641483176,0.9642028306,-0.9641846434,0.9641925514,-0.9641895169,0.9641907356,-0.9641902552,0.964190446	ok
-0.81863727	-21.55310621	-47.17488727	0.7574048698	continued:5	1,-1,1,-1,1,-1,1,-1	-1,1,-1,1,-1,1,-1,1	7480.328967,17727.95565,27611.58576,37529.93327,47424.21143,57326.15207,67224.78591,77124.68451	5158.65395,15054.77342,24995.56402,34886.33859,44790.41821,54688.32706,64588.52988,74487.80216	0.9642054017,-0.9641570005,0.964185472,-0.9641752838,0.9641795012,-0.9641779548,0.9641785314,-0.9641782871	-0.9641366533,0.9641906593,-0.9641726661,0.9641804796,-0.9641774855,0.9641786863,-0.9641782136,0.964178401	ok
-0.81663327	-21.55310621	-47.79681370	0.7546115209	continued:5	1,-1,1,-1,1,-1,1,-1	-1,1,-1,1,-1,1,-1,1	7554.221307,18082.97891,27964.61381,37887.33829,47777.78656,57678.00462,67573.92981,77471.48231	5159.467124,15051.05522,24990.00677,34878.05449,44779.77608,54675.19609,64572.9604,74469.77575	0.9641937618,-0.9641389735,0.964175132,-0.9641624427,0.9641677428,-0.9641657744,0.9641665445,-0.96416629	-0.9641249871,0.96417849,-0.9641606867,0.9641684089,-0.9641654535,0.9641666373,-0.9641661719,0.9641663563	ok
-0.81462926	-21.55310621	-48.35345050	0.7518181720	continued:5	1,1,-1,1,-1,1,-1,1	-1,1,-1,1,-1,1,-1,1	7667.937765,18599.50038,28478.04105,38400.69694,48288.21645,58186.28215,68079.70716,77974.88754	5160.280744,15047.39045,24984.55951,34869.92223,44769.33064,54662.30413,64557.67326,74452.0745	0.9641816162,0.9641254036,-0.9641634154,0.9641502627,-0.9641557905,0.9641537061,-0.9641545357,0.9641542051	-0.9641133192,0.9641663225,-0.9641487053,0.9641563394,-0.9641534211,0.9641545887,-0.9641541301,0.9641543115	ok
-0.81262525	-21.55310621	-48.85036992	0.7495658428	continued:5	-1,-1,1,-1,1,-1,1,-1	-1,1,-1,1,-1,1,-1,1	7792.473025,18668.66928,28543.03642,38462.74616,48347.8887,58243.55447,68134.62333,78027.43361	5161.094808,15043.77926,24979.22392,34861.9438,44759.08478,54649.65467,64542.67274,74434.70338	-0.9641695013,-0.9641145531,0.9641510689,-0.9641383768,0.9641437438,-0.9641416846,0.9641425195,-0.9641421057	-0.9641016495,0.964154157,-0.9641367217,0.964144271,-0.964141388,0.9641425403,-0.9641420882,0.9641422669	ok
-0.81062124	-21.55310621	-49.28818604	0.7477755995	continued:5	1,1,-1,1,-1,1,-1,1	-1,1,-1,1,-1,1,-1,1	7926.634482,18768.85246,28639.30681,38556.43836,48439.19948,58332.54097,68221.28747,78111.7766	5161.909315,15040.22183,24974.00172,34854.12124,44749.04152,54637.25139,64527.96329,74417.66756	0.964157486,0.9641034458,-0.9641387681,0.9641265189,-0.9641315902,0.9641296435,-0.9641304315,0.9641301544	-0.9640899781,0.9641419934,-0.9641247362,0.9641322036,-0.9641293544,0.9641304922,-0.9641300461,0.9641302223	ok
-0.80861723	-21.55310621	-49.66931982	0.7467330271	continued:5	1,1,-1,1,-1,1,-1,1	-1,1,-1,1,-1,1,-1,1	8055.121165,18872.53032,28739.22961,38653.97624,48534.37948,58425.45639,68311.92086,78200.13634	5162.724263,15036.71837,24968.89477,34846.45673,44739.20402,54625.0981,64513.54954,74400.97242	0.9641453907,0.9640920599,-0.9641265133,0.9641145792,-0.9641194816,0.9641176379,-0.9641183831,0.9641180921	-0.9640783048,0.9641298315,-0.9641127486,0.9641201372,-0.9641173201,0.9641184444,-0.9641180039,0.9641181777	ok
-0.80661323	-21.55310621	-49.99459207	0.7462314743	continued:5	1,1,1,-1,1,-1,1,-1	-1,1,-1,1,-1,1,-1,1	11.28617771,8183.082771,18980.60469,28843.66891,38756.15981,48634.23934,58523.10606,68407.33151	5163.539649,15033.26905,24963.90499,34838.95254,44729.57559,54613.19878,64499.43632,74384.62355	0.9619116428,0.9641333409,0.964080698,-0.9641142785,0.9641026129,-0.9641074991,0.9641055627,-0.9641063048	-0.9640666298,0.9641176715,-0.9641007589,0.9641080719,-0.9641052853,0.9641063967,-0.9641059615,0.9641061332	ok
-0.80460922	-21.55310621	-50.26745267	0.7460642900	full	1,-1,-1,1,-1,1,-1,1	-1,1,-1,1,-1,1,-1,1	24.33833234,8215.03713,18995.69961,28855.23142,38765.56439,48641.36015,58528.06882,68410.09995	5164.355472,15029.87411,24959.03442,34831.61105,44720.15971,54601.55759,64485.62867,74368.62678	0.9994566154,-0.9641212481,-0.9640692284,0.9641020107,-0.964090604,0.9640954144,-0.964093521,0.9640942891	-0.9640549531,0.9641055131,-0.9640887671,0.9640960074,-0.9640932497,0.9640943493,-0.964093919,0.9640940886	ok
-0.80260521	-21.55310621	-42.68124726	0.7679660573	continued:5	1,-1,1,-1,1,-1,1,-1	-1,1,-1,1,-1,1,-1,1	7407.376758,17286.70772,27168.6163,37049.49232,46930.77137,56811.89138,66693.07388,76574.23179	5165.17173,15026.53377,24954.28521,34824.43477,44710.95999,54590.17889,64472.13185,74352.9882	0.9640812829,-0.9640823577,0.9640819491,-0.9640820745,0.9640820386,-0.9640820558,0.9640820494,-0.9640820519	-0.9640432745,0.9640933565,-0.9640767733,0.9640839439,-0.9640812136,0.964082302,-0.9640818761,0.964082044	ok
-0.80060120	-21.55310621	-44.02352653	0.7651727084	continued:5	1,-1,1,-1,1,-1,1,-1	-1,1,-1,1,-1,1,-1,1	7414.312264,17325.13384,27195.57289,37078.6055,46956.21694,56835.88583,66714.73412,76593.90361	5165.988422,15023.24827,24949.65964,34817.42636,44701.98024,54579.06721,64458.95134,74337.71414	0.9640784735,-0.9640661994,0.9640714493,-0.9640693894,0.9640701934,-0.9640698757,0.964070028,-0.9640699651	-0.9640315942,0.9640812014,-0.9640647774,0.9640718811,-0.9640691767,0.9640702549,-0.964069833,0.9640699993	ok
-0.79859719	-21.55310621	-45.04272706	0.7623793596	continued:5	1,-1,1,-1,1,-1,1,-1	-1,1,-1,1,-1,1,-1,1	7406.447551,17378.26704,27238.23714,37124.65879,46998.44587,56876.83303,66753.3554,76630.60241	5166.805545,15020.01785,24945.16009,34810.58857,44693.22447,54568.22732,64446.09288,74322.81121	0.9640743217,-0.9640493993,0.9640609868,-0.9640566329,0.9640584452,-0.9640577789,0.9640580233,-0.9640579259	-0.9640199122,0.964069048,-0.9640527794,0.9640598193,-0.9640571393,0.9640582078,-0.9640577897,0.9640579545	ok
-0.79659319	-21.55310621	-45.90579265	0.7595860107	continued:5	1,-1,1,-1,1,-1,1,-1	-1,1,-1,1,-1,1,-1,1	7396.013392,17500.28937,27350.58932,37242.86126,47112.40852,56989.81866,66863.97614,76739.38861	5167.623099,15016.8428,24940.78911,34803.92434,44684.69687,54557.66421,64433.56247,74308.28632	0.9640681287,-0.9640311653,0.9640509407,-0.9640438126,0.9640466917,-0.9640455254,0.9640460431,-0.964045881	-0.9640082284,0.964056896,-0.9640407793,0.9640477583,-0.964045101,0.9640461609,-0.964045746,0.9640459096	ok
-0.79458918	-21.55310621	-46.66478867	0.7567926618	continued:5	1,1,-1,1,-1,1,-1,1	-1,1,-1,1,-1,1,-1,1	7403.483963,18182.92094,28025.77354,37928.33501,47792.97876,57669.88832,67541.58782,77415.27722	5168.441079,15013.7234,24936.54938,34797.43675,44676.40184,54547.38309,64421.36641,74294.1467	0.9640592932,0.9640102374,-0.9640413501,0.964030527,-0.9640351196,0.9640332954,-0.9640340913,0.964033763	-0.9639965428,0.9640447457,-0.964028777,0.964035698,-0.964033062,0.9640341139,-0.964033702,0.9640338645	ok
-0.79258517	-21.55310621	-47.34117357	0.7539993129	continued:5	1,1,-1,1,-1,1,-1,1	-1,1,-1,1,-1,1,-1,1	7445.731169,18162.71309,28002.80742,37902.03687,47765.0265,57639.9181,67509.77938,77381.56738	5169.259487,15010.65994,24932.44376,34791.12904,44668.34403,54537.38944,64409.51125,74280.39991	0.964048447,0.9639998556,-0.9640288404,0.9640187111,-0.9640229458,0.9640212842,-0.9640219874,0.9640217441	-0.9639848554,0.9640325967,-0.9640167725,0.9640236385,-0.9640210223,0.964022067,-0.9640216578,0.9640218192	ok
-0.79058116	-21.55310621	-47.94575652	0.7512059641	continued:5	1,1,-1,1,-1,1,-1,1	-1,1,-1,1,-1,1,-1,1	7528.702547,18230.47488,28067.67393,37965.03474,47826.11893,57699.20237,67567.22302,77437.18616	5170.078318,15007.65274,24928.47526,34785.00464,44660.52833,54527.68902,64398.00392,74267.05385	0.9640366093,0.9639884005,-0.9640166283,0.9640067747,-0.96401086,0.9640092556,-0.9640098807,0.9640096312	-0.9639731663,0.9640204491,-0.9640047658,0.9640115798,-0.9640089818,0.9640100201,-0.964009613,0.9640097738	ok
-0.78857715	-21.55310621	-48.48552694	0.7484126152	continued:5	-1,-1,1,-1,1,-1,1,-1	-1,1,-1,1,-1,1,-1,1	7649.617376,18342.76262,28177.08987,38072.86337,47932.04565,57803.40188,67669.62658,77537.82337	5170.897572,15004.70214,24924.64709,34779.06717,44652.9599,54518.28788,64386.85166,74254.11682	-0.9640245977,-0.963976787,0.9640044791,-0.963994812,0.9639987817,-0.9639973058,0.963997919,-0.9639976542	-0.9639614755,0.964008303,-0.9639927568,0.9639995217,-0.9639969404,0.9639979732,-0.9639975678,0.9639977281	ok
-0.78657315	-21.55310621	-48.96628146	0.7461602860	continued:5	-1,-1,1,-1,1,-1,1,-1	-1,1,-1,1,-1,1,-1,1	7779.621033,18464.67049,28296.20181,38190.46004,48047.79183,57917.48013,67781.96279,77648.44994	5171.717247,15001.80849,24920.96267,34773.32044,44645.64417,54509.19236,64376.06207,74241.59752	-0.9640124631,-0.9639651398,0.9639923155,-0.963982813,0.9639867165,-0.9639852116,0.963985889,-0.9639855885	-0.9639497829,0.9639961582,-0.9639807456,0.9639874642,-0.9639848982,0.9639859262,-0.9639855223,0.9639856822	ok
-0.78456914	-21.55310621	-49.38892777	0.7445766938	continued:5	1,1,-1,1,-1,1,-1,1	-1,1,-1,1,-1,1,-1,1	7909.505191,18586.80505,28415.61799,38308.42843,48163.96381,58032.04329,67894.83991,77759.67489	5172.537342,14998.97216,24917.42565,34767.76852,44638.5869,54500.40917,64365.64316,74229.5051	0.9640003994,0.9639535047,-0.9639801199,0.9639707333,-0.9639747168,0.9639731938,-0.9639738406,0.9639735775	-0.9639380886,0.9639840146,-0.963968732,0.9639754076,-0.963972855,0.9639738791,-0.9639734762,0.9639736359	ok
-0.78256513	-21.55310621	-49.75438280	0.7436618388	continued:5	-1,-1,1,-1,1,-1,1,-1	-1,1,-1,1,-1,1,-1,1	8036.335588,18706.18676,28532.35919,38423.79025,48277.58403,58144.11593,68005.28315,77868.52463	5173.357853,14996.19354,24914.0399,34762.41568,44631.79417,54491.94538,64355.60337,74217.84915	-0.963988323,-0.963941896,0.9639679617,-0.9639587473,0.963962625,-0.9639611594,0.9639617208,-0.9639615268	-0.9639263925,0.9639718723,-0.9639567161,0.9639633514,-0.9639608109,0.9639618319,-0.9639614296,0.9639615893	ok
-0.78056112	-21.55310621	-50.06460806	0.7431602860	continued:5	1,1,1,-1,1,-1,1,-1	-1,1,-1,1,-1,1,-1,1	20.72744296,8166.049465,18828.73232,28652.34226,38542.46357,48394.57173,58259.61841,68119.21443	5174.17878,14993.47304,24910.80957,34757.26647,44625.27243,54483.80842,64345.9516,74206.63979	0.9643183694,0.9639762491,0.963930202,-0.9639558586,0.963946771,-0.9639506299,0.963949145,-0.9639497038	-0.9639146946,0.9639597312,-0.9639446977,0.963951296,-0.9639487658,0.9639497846,-0.9639493825,0.9639495424	ok
-0.77855711	-21.55310621	-50.32428530	0.7429931017	full	1,-1,-1,1,-1,1,-1,1	-1,1,-1,1,-1,1,-1,1	44.5483019,8198.773192,18854.50642,28675.63351,38564.51475,48414.99437,58278.61943,68136.70316	5175.000121,14990.8111,24907.7391,34752.32574,44619.02853,54476.00619,64336.69722,74195.88767	0.9955378806,-0.963964245,-0.9639185442,0.9639437322,-0.9639347469,0.9639384748,-0.9639370458,0.9639376446	-0.963902995,0.9639475913,-0.9639326768,0.9639392411,-0.9639367196,0.9639377371,-0.9639373348,0.9639374951	ok
-0.77655311	-21.55310621	-40.76416131	0.7670607149	continued:5	1,-1,1,-1,1,-1,1,-1	-1,1,-1,1,-1,1,-1,1	7388.336128,17220.32783,27092.97547,36946.09184,46806.4162,56663.77966,66522.30879,76380.37123	5175.821874,14988.20816,24904.83326,34747.59861,44613.06974,54468.54701,64327.85016,74185.60404	0.9639160458,-0.9639287698,0.963924065,-0.9639259722,0.9639252318,-0.9639255661,0.9639253807,-0.9639254703	-0.9638912937,0.9639354524,-0.9639206533,0.9639271868,-0.9639246724,0.9639256895,-0.9639252865,0.9639254474	ok
-0.77454910	-21.55310621	-43.07631682	0.7642673661	continued:5	1,-1,1,-1,1,-1,1,-1	-1,1,-1,1,-1,1,-1,1	7377.059724,17247.96637,27099.81263,36958.74084,46814.75743,56671.92401,66528.62924,76385.51818	5176.644038,14985.66471,24902.09717,34743.09056,44607.40381,54461.43972,64319.42093,74175.80079	0.9639165493,-0.9639120857,0.9639139528,-0.9639132152,0.9639134615,-0.963913388,0.963913425,-0.9639134112	-0.9638795906,0.9639233147,-0.9639086272,0.9639151331,-0.963912624,0.9639136417,-0.9639132375,0.9639133993	ok
-0.77254509	-21.55310621	-44.31709505	0.7614740172	continued:5	1,-1,1,-1,1,-1,1,-1	-1,1,-1,1,-1,1,-1,1	7372.817852,17306.41929,27142.76463,37007.71064,46859.77455,56716.75696,66571.73122,76427.50369	5177.46661,14983.18126,24899.53632,34738.80745,44602.039,54454.69371,64311.42068,74166.49047	0.9639128806,-0.9638955683,0.9639034183,-0.9639004939,0.9639016586,-0.9639011693,0.9639014329,-0.9639013437	-0.9638678858,0.963911178,-0.9638965983,0.9639030799,-0.9639005745,0.9639015936,-0.9639011877,0.9639013507	ok
-0.77054108	-21.55310621	-45.29444392	0.7586806683	continued:5	1,-1,1,-1,1,-1,1,-1	-1,1,-1,1,-1,1,-1,1	7357.794189,17460.66409,27279.49412,37155.74403,47002.60913,56860.13057,66713.19468,76568.02072	5178.289589,14980.75833,24897.15665,34734.75552,44596.98413,54448.31896,64303.86123,74157.68642	0.9639077576,-0.9638765095,0.9638936739,-0.9638873231,0.9638900616,-0.9638889948,0.963889373,-0.9638891787	-0.9638561792,0.9638990423,-0.9638845666,0.9638910274,-0.9638885237,0.9638895452,-0.9638891373,0.9638893016	ok
-0.76853707	-21.55310621	-46.13062621	0.7558873194	continued:5	1,1,-1,1,-1,1,-1,1	-1,1,-1,1,-1,1,-1,1	7347.431871,18027.04858,27835.11181,37721.78013,47564.27262,57422.1649,67273.4885,77127.39873	5179.112974,14978.39648,24894.96459,34730.94146,44592.24867,54442.32607,64296.75517,74149.40277	0.9639005588,0.9638586808,-0.9638833831,0.9638745237,-0.963878336,0.9638768455,-0.9638773604,0.9638771077	-0.9638444709,0.9638869076,-0.9638725319,0.9638789754,-0.9638764716,0.9638774966,-0.963877086,0.9638772519	ok
-0.76653307	-21.55310621	-46.86751435	0.7530939706	continued:5	1,1,-1,1,-1,1,-1,1	-1,1,-1,1,-1,1,-1,1	7361.99271,17991.0362,27798.51624,37682.17775,47523.98076,57380.59209,67230.89196,77083.68962	5179.936762,14976.09629,24892.96708,34727.37247,44587.84274,54436.72641,64290.11594,74141.65456	0.9638909133,0.9638481958,-0.963870822,0.9638626766,-0.9638662028,0.9638648075,-0.9638652889,0.9638651568	-0.9638327608,0.9638747737,-0.9638604943,0.963866924,-0.9638644181,0.9638654477,-0.963865034,0.9638652017	ok
-0.76452906	-21.55310621	-47.52343066	0.7503006217	continued:5	1,1,-1,1,-1,1,-1,1	-1,1,-1,1,-1,1,-1,1	7414.587268,18027.9667,27833.94866,37716.3384,47557.09845,57412.71085,67261.97999,77113.7707	5180.760952,14973.85839,24891.17168,34724.05627,44583.77727,54431.5321,64283.95786,74134.4578	0.9638796745,0.9638368045,-0.9638585974,0.9638507028,-0.9638541115,0.96385276,-0.9638533362,0.963853057	-0.963821049,0.9638626407,-0.9638484534,0.9638548732,-0.9638523631,0.9638533986,-0.963852981,0.9638531509	ok
-0.76252505	-21.55310621	-48.10832129	0.7475072728	continued:5	1,1,-1,1,-1,1,-1,1	-1,1,-1,1,-1,1,-1,1	7507.361618,18113.90762,27918.12996,37799.83472,47639.48763,57494.24334,67342.52955,77193.39814	5181.585542,14971.68342,24889.58661,34721.00122,44580.064,54426.75614,64278.29629,74127.8296	0.9638677693,0.9638250937,-0.9638464259,0.9638386174,-0.9638420465,0.9638407357,-0.9638412339,0.9638410377	-0.9638093355,0.9638505085,-0.9638364093,0.9638428229,-0.9638403066,0.9638413491,-0.9638409271,0.9638410995	ok
-0.76052104	-21.55310621	-48.62915103	0.7447139239	continued:5	-1,-1,1,-1,1,-1,1,-1	-1,1,-1,1,-1,1,-1,1	7635.648536,18236.63697,28039.136,37920.31705,47758.9118,57612.90245,67460.2755,77310.3015	5182.410531,14969.57207,24888.22085,34718.21634,44576.71566,54422.41251,64273.14769,74121.78824	-0.9638556481,-0.9638133988,0.9638343174,-0.9638265992,0.9638299233,-0.9638286521,0.9638291955,-0.9638290058	-0.9637976203,0.9638383772,-0.9638243616,0.9638307733,-0.9638282484,0.9638292993,-0.9638288721,0.9638290474	ok
-0.75851703	-21.55310621	-49.09196345	0.7425893121	continued:5	-1,-1,1,-1,1,-1,1,-1	-1,1,-1,1,-1,1,-1,1	7766.050837,18361.57681,28162.44504,38043.1928,47880.80029,57734.10986,67580.64377,77429.90762	5183.235916,14967.52505,24887.08424,34715.71142,44573.74603,54418.51625,64268.52979,74116.35335	-0.9638435574,-0.96380169,0.963822192,-0.9638145674,0.9638178644,-0.9638166236,0.9638171012,-0.963816941	-0.9637859033,0.9638262466,-0.9638123104,0.9638187243,-0.9638161886,0.963817249,-0.9638168161,0.9638169946	ok
-0.75651303	-21.55310621	-49.49685700	0.7411334374	continued:5	1,1,-1,1,-1,1,-1,1	-1,1,-1,1,-1,1,-1,1	7895.295508,18485.45505,28284.78664,38165.19528,48001.88801,57854.60295,67700.3757,77548.95895	5184.061697,14965.54311,24886.18759,34713.49711,44571.1701,54415.08364,64264.46169,74111.54601	0.9638315731,0.9637900395,-0.9638099718,0.9638025417,-0.9638058689,0.9638045012,-0.9638051212,0.9638048756	-0.9637741845,0.9638141166,-0.9638002554,0.9638066759,-0.9638041268,0.9638051985,-0.9638047589,0.963804941	ok
-0.75450902	-21.55310621	-49.84518327	0.7402185824	continued:5	1,1,-1,1,-1,1,-1,1	-1,1,-1,1,-1,1,-1,1	8025.027487,18609.91054,28407.80181,38287.96832,48123.82004,57976.03113,67821.12114,77669.10948	5184.887872,14963.62706,24885.54283,34711.58504,44569.00424,54412.13228,64260.96408,74107.38897	0.9638194478,0.9637783609,-0.9637978272,0.9637906168,-0.9637937964,0.9637924491,-0.963792997,0.963792837	-0.9637624641,0.9638019872,-0.9637881963,0.9637946283,-0.9637920631,0.9637931476,-0.9637927006,0.9637928868	ok
-0.75250501	-21.55310621	-50.14023868	0.7398447470	continued:5	1,1,1,-1,1,-1,1,-1	-1,1,-1,1,-1,1,-1,1	32.80186829,8152.592296,18732.27688,28528.82696,38408.85244,48243.93934,58095.73894,67940.2276	5185.714438,14961.77772,24885.16315,34709.98797,44567.26637,54409.68136,64258.05941,74103.9068	0.9671322811,0.963807389,0.9637665746,-0.9637857807,0.9637785501,-0.963781714,0.963780463,-0.9637809671	-0.9637507419,0.9637898586,-0.9637761331,0.9637825814,-0.9637799974,0.9637810964,-0.963780641,0.9637808317	ok
-0.75050100	-21.55310621	-50.38561182	0.7396775627	full	1,1,1,-1,1,-1,1,-1	-1,1,-1,1,-1,1,-1,1	62.5313587,8186.066729,18760.62458,28555.93529,38435.92235,48270.32288,58121.80715,67965.77828	5186.541394,14959.99598,24885.06325,34708.71992,44565.97619,54407.75177,64255.77215,74101.12619	0.9886207945,0.9637954263,0.9637548339,-0.9637735352,0.9637665586,-0.9637697024,0.9637683577,-0.9637689368	-0.963739018,0.9637777304,-0.9637640653,0.9637705354,-0.9637679294,0.9637690447,-0.96376858,0.9637687758	ok
-0.74849699	-21.55310621	-41.62914350	0.7631339715	continued:5	1,-1,1,-1,1,-1,1,-1	-1,1,-1,1,-1,1,-1,1	7357.921804,17186.97722,27040.68315,36883.27348,46730.42983,56575.6343,66421.65958,76267.33727	5187.368739,14958.28277,24885.2595,34707.79642,44565.15547,54406.36645,64254.12905,74099.0762	0.963753457,-0.9637580164,0.9637560906,-0.9637568652,0.9637565731,-0.9637567209,0.9637566597,-0.9637566895	-0.9637272924,0.9637656028,-0.9637519927,0.9637584901,-0.9637558591,0.9637569927,-0.9637565175,0.963756719	ok
-0.74649299	-21.55310621	-43.43754707	0.7603406226	continued:5	1,-1,1,-1,1,-1,1,-1	-1,1,-1,1,-1,1,-1,1	7348.986793,17248.15391,27076.29504,36930.11039,46772.26511,56619.23991,66464.13995,76309.91784	5188.196472,14956.63905,24885.77029,34707.23469,44564.82838,54405.55063,64253.15953,74097.78861	0.9637512019,-0.963741372,0.9637459716,-0.9637440121,0.9637448536,-0.9637444919,0.9637446541,-0.9637445959	-0.963715565,0.9637534756,-0.963739915,0.9637464459,-0.9637437862,0.9637449404,-0.9637444536,0.9637446613	ok
-0.74448898	-21.55310621	-44.60272860	0.7575472737	continued:5	1,-1,1,-1,1,-1,1,-1	-1,1,-1,1,-1,1,-1,1	7335.999456,17427.38731,27226.99683,37100.25085,46935.31847,56785.36107,66628.75104,76474.94523	5189.024589,14955.06587,24886.61636,34707.05398,44565.02186,54405.33221,64252.89604,74097.29831	0.9637466648,-0.9637222177,0.9637363798,-0.9637308629,0.9637332409,-0.9637322524,0.9637327463,-0.9637325228	-0.9637038359,0.9637413489,-0.9637278318,0.9637344028,-0.9637317105,0.9637328877,-0.9637323879,0.9637326027	ok
-0.74248497	-21.55310621	-45.54492079	0.7547539248	continued:5	1,1,-1,1,-1,1,-1,1	-1,1,-1,1,-1,1,-1,1	7317.423406,17940.86758,27727.18424,37614.01481,47444.77009,57296.91043,67139.34178,76985.8693	5189.85309,14953.56431,24887.82124,34707.27592,44565.76616,54405.74227,64253.37461,74097.64386	0.9637407799,0.9637059772,-0.9637256377,0.9637180881,-0.9637214688,0.9637200033,-0.9637207228,0.9637203671	-0.9636921051,0.9637292226,-0.9637157428,0.9637223608,-0.9637196319,0.9637208348,-0.9637203205,0.9637205432	ok
-0.74048096	-21.55310621	-46.35693184	0.7519605760	continued:5	1,1,-1,1,-1,1,-1,1	-1,1,-1,1,-1,1,-1,1	7310.825243,17880.16666,27669.13313,37552.55018,47384.18303,57235.96187,67078.56486,76925.07636	5190.681973,14952.13551,24889.41178,34707.92499,44567.09542,54406.81554,64254.63548,74098.86805	0.9637325962,0.9636955526,-0.963713089,0.9637062671,-0.96370935,0.9637079809,-0.963708627,0.9637083121	-0.9636803726,0.9637170965,-0.9637036474,0.9637103203,-0.9637075501,0.9637087817,-0.9637082511,0.9637084828	ok
-0.73847695	-21.55310621	-47.07309563	0.7491672271	continued:5	1,1,-1,1,-1,1,-1,1	-1,1,-1,1,-1,1,-1,1	7334.729649,17884.18853,27673.93029,37556.5519,47388.45158,57240.35134,67083.08267,76929.75412	5191.511237,14950.78067,24891.41883,34709.02907,44569.04847,54408.5912,64256.72389,74101.0187	0.9637224234,0.9636842894,-0.9637008056,0.9636942747,-0.9636972568,0.9636959314,-0.9636964943,0.963696292	-0.9636686384,0.9637049708,-0.9636915451,0.9636982812,-0.9636954648,0.9636967283,-0.9636961798,0.9636964212	ok
-0.73647295	-21.55310621	-47.70941546	0.7463738782	continued:5	1,1,-1,1,-1,1,-1,1	-1,1,-1,1,-1,1,-1,1	7398.262055,17939.17341,27728.86624,37611.88245,47443.83056,57296.13784,67139.03638,76986.01398	5192.34088,14949.50108,24893.87816,34710.62019,44571.66982,54411.11374,64259.69105,74104.14966	0.963710938,0.9636727364,-0.9636886206,0.9636822746,-0.9636851543,0.9636839417,-0.9636844304,0.9636841961	-0.9636569024,0.9636928453,-0.9636794351,0.9636862438,-0.9636833757,0.9636846748,-0.9636841061,0.9636843588	ok
-0.73446894	-21.55310621	-48.27529116	0.7435805293	continued:5	1,1,-1,1,-1,1,-1,1	-1,1,-1,1,-1,1,-1,1	7500.543616,18036.37997,27825.81249,37709.72795,47541.71116,57394.61587,67237.76452,77085.18128	5193.1709,14948.29808,24896.83153,34712.73549,44575.01092,54414.43412,64263.59549,74108.322	0.9636989476,0.9636609857,-0.9636763943,0.9636702118,-0.9636730752,0.9636718885,-0.9636723655,0.9636722023	-0.9636451647,0.96368072,-0.963667317,0.9636742084,-0.9636712825,0.9636726213,-0.9636720302,0.9636722953	ok
-0.73246493	-21.55310621	-48.77778917	0.7409148979	continued:5	1,1,-1,1,-1,1,-1,1	-1,1,-1,1,-1,1,-1,1	7630.604857,18161.83545,27951.09754,37836.10829,47668.21222,57521.86129,67365.36653,77213.35195	5194.001296,14947.1731,24900.32817,34715.41848,44579.13183,54418.61131,64268.50471,74113.60572	0.9636868916,0.9636492882,-0.9636642124,0.9636581219,-0.9636610432,0.9636597906,-0.9636603033,0.9636601244	-0.9636334253,0.9636685948,-0.9636551896,0.9636621754,-0.9636591847,0.963660568,-0.9636599516,0.9636602308	ok
-0.73046092	-21.55310621	-49.22212323	0.7389969372	continued:5	-1,-1,1,-1,1,-1,1,-1	-1,1,-1,1,-1,1,-1,1	7758.548134,18285.21578,28074.44968,37960.70923,47793.03767,57647.57732,67491.55225,77340.24061	5194.832066,14946.12764,24904.42679,34718.72069,44584.10344,54423.7143,64274.49739,74120.08184	-0.9636748422,-0.9636374613,0.9636520934,-0.9636460752,0.9636489489,-0.9636477391,0.9636483257,-0.9636480425	-0.9636216842,0.9636564697,-0.963643052,0.9636501451,-0.9636470817,0.963648515,-0.9636478701,0.9636481653	ok
-0.72845691	-21.55310621	-49.60824994	0.7377477136	continued:5	-1,-1,1,-1,1,-1,1,-1	-1,1,-1,1,-1,1,-1,1	7884.6474,18406.79926,28196.1519,38083.82273,47916.48206,57772.06641,67616.62779,77466.15934	5195.663208,14945.1633,24909.1982,34722.70403,44590.01049,54429.82483,64281.66645,74127.84534	-0.9636627875,-0.9636257083,0.9636399616,-0.9636340568,0.9636369623,-0.963635638,0.9636362679,-0.9636359795	-0.9636099414,0.9636443445,-0.963630903,0.9636381179,-0.9636349731,0.9636364625,-0.9636357855,0.9636360989	ok
-0.72645291	-21.55310621	-49.93805664	0.7369117922	continued:5	-1,-1,1,-1,1,-1,1,-1	-1,1,-1,1,-1,1,-1,1	8014.629667,18532.2964,28321.92332,38211.1737,48044.27577,57901.06558,67746.33551,77596.85658	5196.494721,14944.28175,24914.72902,34727.44391,44596.95569,54437.04123,64290.12316,74137.00917	-0.9636507552,-0.9636140356,0.9636278623,-0.9636219696,0.9636248712,-0.9636235304,0.9636241698,-0.9636238903	-0.9635981969,0.9636322194,-0.963618741,0.9636260945,-0.9636228581,0.9636244107,-0.9636236974,0.9636240316	ok
-0.72444890	-21.55310621	-50.21624909	0.7365379568	continued:5	1,1,1,-1,1,-1,1,-1	-1,1,-1,1,-1,1,-1,1	47.24879192,8143.806003,18657.03112,28447.09385,38338.1012,48171.75925,58029.92745,67876.02927	5197.326604,14943.48481,24921.1269,34733.03379,44605.0656,54445.48375,64300.00303,74147.70988	0.969771112,0.9636386803,0.9636022351,-0.9636157058,0.9636098375,-0.9636127538,0.963611425,-0.9636121277	-0.9635864507,0.9636200942,-0.9636065641,0.9636140755,-0.9636107357,0.9636123601,-0.9636116055,0.9636119634	ok
-0.72244489	-21.55310621	-50.44704830	0.7356231018	full	1,1,1,-1,1,-1,1,-1	-1,1,-1,1,-1,1,-1,1	69.79825452,8193.790334,18702.97166,28493.58268,38386.59258,48220.90645,58080.64379,67927.70156	5198.158855,14942.77435,24928.52812,34739.59189,44614.4992,54455.30245,64311.47437,74160.11589	0.9854386783,0.9636265777,0.9635904423,-0.9636035307,0.9635977847,-0.9636007309,0.9635993748,-0.9636000417	-0.9635747027,0.9636079688,-0.9635943701,0.9636020619,-0.9635986051,0.9636003111,-0.9635995091,0.9635998946	ok
-0.72044088	-21.55310621	-42.64606572	0.7586858409	continued:5	1,-1,1,-1,1,-1,1,-1	-1,1,-1,1,-1,1,-1,1	7329.229282,17224.57643,27059.62098,36921.14783,46769.28438,56623.75532,66475.13041,76327.99503	5198.991472,14942.1524,24937.10904,34747.27116,44625.46065,54466.689,64324.751,74174.43974	0.9635913068,-0.963585771,0.9635886762,-0.9635872591,0.9635879554,-0.9635876462,0.9635877553,-0.9635876607	-0.9635629531,0.9635958433,-0.9635821558,0.9635900548,-0.9635864647,0.9635882643,-0.9635874079,0.9635878253	ok
-0.71843687	-21.55310621	-44.05055726	0.7558924920	continued:5	1,1,-1,1,-1,1,-1,1	-1,1,-1,1,-1,1,-1,1	7314.362247,18086.96956,27855.23593,37785.20326,47611.27025,57480.89705,67327.57555,77185.10845	5199.824453,14941.62109,24947.10391,34756.27512,44638.21928,54479.89515,64340.11221,74190.95738	0.963587199,0.9635611961,-0.9635809942,0.9635723733,-0.9635771271,0.9635748499,-0.963575969,0.9635754841	-0.9635512018,0.9635837174,-0.9635699174,0.9635780558,-0.9635743128,0.9635762205,-0.9635753007,0.9635757559	ok
-0.71643287	-21.55310621	-45.09838878	0.7530991431	continued:5	1,1,-1,1,-1,1,-1,1	-1,1,-1,1,-1,1,-1,1	7292.801726,17853.15333,27637.10585,37548.25996,47381.64882,57249.52317,67099.2659,76957.78799	5200.657798,14941.18272,24958.83398,34766.88371,44653.14208,54495.26294,64357.93513,74210.03946	0.9635816391,0.9635532626,-0.9635676373,0.9635612045,-0.963564685,0.9635629403,-0.9635638769,0.96356338	-0.9635394487,0.9635715912,-0.9635576493,0.9635660669,-0.9635621471,0.9635641809,-0.9635631869,0.9635636867	ok
-0.71442886	-21.55310621	-45.97626717	0.7503057942	continued:5	1,1,-1,1,-1,1,-1,1	-1,1,-1,1,-1,1,-1,1	7275.356128,17789.73788,27580.57447,37487.96258,47324.6793,57193.66535,67045.50458,76905.79898	5201.491505,14940.83969,24972.75773,34779.49831,44670.74971,54513.27697,64378.75056,74232.20541	0.9635743912,0.9635425908,-0.9635551688,0.963549391,-0.9635524191,0.9635508886,-0.9635517,0.9635512997	-0.9635276939,0.9635594647,-0.9635453441,0.963554091,-0.9635499643,0.963552147,-0.963551065,0.9635516182	ok
-0.71242485	-21.55310621	-46.74127968	0.7475124454	continued:5	1,1,-1,1,-1,1,-1,1	-1,1,-1,1,-1,1,-1,1	7281.254078,17775.21345,27570.44019,37477.7528,47316.8695,57187.86029,67041.66739,76904.09766	5202.325572,14940.5946,24989.56397,34794.72558,44691.82008,54534.66149,64403.34622,74258.22362	0.9635650987,0.9635313479,-0.9635427351,0.9635374212,-0.9635403287,0.9635388214,-0.9635395999,0.963539195	-0.9635159375,0.9635473376,-0.9635329907,0.9635421324,-0.9635377598,0.963540121,-0.9635389331,0.9635395516	ok
-0.71042084	-21.55310621	-47.41736183	0.7447190965	continued:5	1,1,-1,1,-1,1,-1,1	-1,1,-1,1,-1,1,-1,1	7324.186836,17808.45689,27606.62546,37516.02459,47357.05136,57230.70078,67086.45926,76951.35507	5203.159997,14940.45021,25010.36113,34813.54907,44717.59838,54560.57817,64432.97602,74289.31518	0.9635541092,0.9635197693,-0.9635305305,0.96352535,-0.9635282537,0.9635267516,-0.9635274976,0.9635270827	-0.9635041794,0.9635352101,-0.9635205716,0.9635301976,-0.9635255264,0.9635281067,-0.9635267882,0.9635274881	ok
-0.70841683	-21.55310621	-48.01709383	0.7419257476	continued:5	1,1,-1,1,-1,1,-1,1	-1,1,-1,1,-1,1,-1,1	7407.044142,17885.96494,27686.49064,37599.16518,47441.93572,57318.73221,67176.50987,77044.1784	5203.994779,14940.40946,25037.11476,34837.72829,44750.2815,54593.08406,64469.84277,74327.62462	0.963542311,0.963508015,-0.963518342,0.9635132236,-0.9635160937,0.9635146065,-0.9635154034,0.9635149849	-0.9634924195,0.9635230818,-0.9635080567,0.9635182976,-0.9635132521,0.9635161096,-0.9635146261,0.9635154302	ok
-0.70641283	-21.55310621	-48.54892045	0.7391323987	continued:5	1,1,-1,1,-1,1,-1,1	-1,1,-1,1,-1,1,-1,1	7525.389288,18000.06767,27802.98887,37719.48295,47564.06606,57444.38326,67304.31599,77175.05377	5204.829917,14940.4755,25073.87262,34870.92367,44794.3705,54636.41617,64518.44585,74377.53789	0.9635302736,0.9634962373,-0.963506191,0.9635011972,-0.9635040845,0.9635025515,-0.9635033253,0.9635029606	-0.963480658,0.9635109529,-0.9634953862,0.9635064539,-0.9635009138,0.9635041414,-0.963502438,0.9635033825	ok
-0.70440882	-21.55310621	-49.01984537	0.7368011358	continued:5	1,1,-1,1,-1,1,-1,1	-1,1,-1,1,-1,1,-1,1	7654.778596,18125.30974,27930.90743,37851.53883,47698.09741,57582.28255,67444.53393,77318.64689	5205.665409,14940.65172,25131.52919,34923.10524,44861.91588,54701.99558,64590.80813,74450.80642	0.9635182574,0.9634845507,-0.9634940056,0.9634891382,-0.9634919111,0.9634904487,-0.9634912621,0.9634907559	-0.9634688947,0.9634988233,-0.9634824082,0.9634947198,-0.9634884536,0.9634922292,-0.9634902043,0.9634913557	ok
-0.70240481	-21.55310621	-49.43237476	0.7352175437	continued:5	-1,-1,1,-1,1,-1,1,-1	-1,1,-1,1,-1,1,-1,1	7780.612798,18247.02079,28055.61529,37980.6995,47829.41636,57717.84093,67582.57891,77460.40515	5206.501254,14940.94173,25270.61479,35050.6069,45019.47615,54853.50193,64753.2948,74612.58221	-0.963506206,-0.9634727737,0.9634817511,-0.9634769722,0.9634798206,-0.9634783104,0.9634791598,-0.96347872	-0.9634571298,0.9634866927,-0.9634683648,0.963483351,-0.9634755897,0.9634805034,-0.9634778333,0.963479399	ok
-0.70040080	-21.55310621	-49.78729212	0.7339683201	continued:5	1,1,-1,1,-1,1,-1,1	-1,1,1,-1,1,-1,1,-1	7914.205145,18376.51763,28188.45613,38118.32567,47969.39041,57862.46274,67729.86018,77611.77028	5207.33745,14941.34943,25775.38251,35542.57131,45558.82035,55383.52238,65299.29882,75156.10316	0.9634941443,0.9634609134,-0.9634695404,0.9634648541,-0.9634677325,0.9634661836,-0.9634670682,0.9634665965	-0.9634453632,0.9634745613,0.9634539033,-0.9634720833,0.9634623661,-0.9634689299,0.9634653188,-0.963467516	ok
-0.69839679	-21.55310621	-50.08984344	0.7334667673	continued:5	1,1,-1,1,-1,1,-1,1	-1,1,1,-1,1,-1,1,-1	8039.620357,18497.84792,28313.516,38248.51505,48102.13266,58000.30393,67870.52961,77756.93781	5208.173995,14941.87901,25700.25856,35473.03827,45490.57427,55318.28912,65239.58269,75098.8654	0.9634821216,0.9634490977,-0.9634574014,0.9634528237,-0.9634557344,0.9634540432,-0.9634550681,0.963454411	-0.9634335949,0.9634624288,0.9634429359,-0.9634596585,0.9634504183,-0.963456782,0.9634531841,-0.9634554307	ok
-0.69639279	-21.55310621	-50.34175431	0.7334273004	full	-1,-1,1,-1,1,-1,1,-1	-1,1,1,-1,1,-1,1,-1	8069.181649,18523.37689,28343.1831,38283.68622,48140.06768,58043.83915,67917.05862,77808.43196	5209.010888,14942.53498,25660.23776,35437.41343,45462.08618,55291.65678,65220.56154,75081.78331	-0.9634700819,-0.9634373048,0.9634452148,-0.9634406042,0.9634435934,-0.9634418946,0.9634429826,-0.9634423264	-0.9634218249,0.9634502951,0.963431617,-0.9634473367,0.9634383264,-0.9634446944,0.9634409916,-0.963443372	ok
-0.69438878	-21.55310621	-43.04315146	0.7552383506	continued:5	1,1,-1,1,-1,1,-1,1	-1,1,1,-1,1,-1,1,-1	7301.215263,17999.23222,27779.75759,37817.56541,47647.77531,57586.87941,67449.32048,77356.72493	5209.848128,14943.32222,25632.48778,35413.82136,45448.75335,55279.67217,65217.89433,75080.69835	0.9634380184,0.9634200093,-0.9634351754,0.9634261544,-0.9634326386,0.9634287058,-0.9634314161,0.9634297433	-0.9634100532,0.9634381602,0.9634201629,-0.963435051,0.9634261671,-0.9634326343,0.9634287595,-0.9634313314	ok
-0.69238477	-21.55310621	-44.33809628	0.7524450017	continued:5	1,1,-1,1,-1,1,-1,1	-1,1,1,-1,1,-1,1,-1	7278.307635,17801.83902,27608.86952,37598.60711,47447.3472,57377.30296,67250.19399,77158.35203	5210.685713,14944.246,25611.13907,35396.67561,45444.63314,55276.49663,65225.99021,75089.94237	0.9634331259,0.9634114813,-0.9634217779,0.963415438,-0.9634199437,0.9634170459,-0.9634190383,0.963417757	-0.9633982799,0.9634260239,0.9634086338,-0.9634227821,0.9634139557,-0.9634205956,0.9634164855,-0.9634193106	ok
-0.69038076	-21.55310621	-45.34182705	0.7496516528	continued:5	1,1,-1,1,-1,1,-1,1	-1,1,1,-1,1,-1,1,-1	7251.891426,17726.78857,27549.95892,37527.83867,47386.5135,57317.96075,67197.22627,77110.07373	5211.523642,14945.31203,25593.77392,35383.69834,45447.73629,55280.10182,65243.40227,75107.87075	0.9634269067,0.9634008168,-0.9634089454,0.963403737,-0.9634076045,0.9634050523,-0.9634068148,0.9634056352	-0.9633865048,0.9634138862,0.9633970557,-0.9634105217,0.9634016927,-0.9634085787,0.9634041599,-0.9634073159	ok
-0.68837675	-21.55310621	-46.19162370	0.7468583040	continued:5	1,1,-1,1,-1,1,-1,1	-1,1,1,-1,1,-1,1,-1	7236.218365,17686.57207,27522.86028,37497.09487,47363.75992,57299.57484,67184.42311,77103.4029	5212.361913,14946.52654,25579.15908,35373.74858,45457.70016,55289.99158,65270.69659,75134.70185	0.9634189773,0.9633896832,-0.9633964548,0.9633919865,-0.9633952823,0.9633930135,-0.9633946497,0.9633935925	-0.963374728,0.9634017468,0.9633854426,-0.9633982646,0.9633893702,-0.9633965878,0.963391763,-0.9633953587	ok
-0.68637275	-21.55310621	-46.93387730	0.7440649551	continued:5	1,1,-1,1,-1,1,-1,1	-1,1,1,-1,1,-1,1,-1	7249.682288,17687.2248,27534.28711,37510.30458,47383.54894,57326.18829,67215.95542,77142.5912	5213.200525,14947.89627,25566.58105,35366.18738,45475.38645,55306.77473,65310.53892,75172.48259	0.9634090683,0.9633782711,-0.9633840921,0.9633799388,-0.9633831366,0.9633808733,-0.963382497,0.9633813203	-0.9633629497,0.9633896056,0.9633738029,-0.9633860076,0.96337697,-0.9633846319,0.963379258,-0.96338346	ok
-0.68436874	-21.55310621	-47.58929554	0.7412716062	continued:5	1,1,-1,1,-1,1,-1,1	-1,1,1,-1,1,-1,1,-1	7302.391369,17733.11036,27589.55372,37570.9868,47449.9119,57401.59688,67295.71001,77231.70914	5214.039476,14949.4286,25555.59124,35360.63578,45503.43668,55332.61898,65369.80949,75226.84884	0.9633977165,0.9633665307,-0.9633717386,0.9633679623,-0.9633709152,0.9633687202,-0.963370393,0.9633691129	-0.9633511696,0.9633774626,0.9633621421,-0.9633737481,0.9633644543,-0.9633727287,0.9633665626,-0.9633716634	ok
-0.68236473	-21.55310621	-48.16954415	0.7384782573	continued:5	1,1,-1,1,-1,1,-1,1	-1,1,1,-1,1,-1,1,-1	7394.094317,17820.38212,27686.09935,37674.73757,47559.20483,57521.67424,67419.83049,77366.99184	5214.878765,14951.13163,25545.89075,35356.86663,45548.96993,55373.61244,65469.90394,75315.87029	0.9633858665,0.963354715,-0.9633594529,0.9633558658,-0.9633587405,0.9633564371,-0.9633583366,0.96335691	-0.9633393878,0.9633653175,0.963350464,-0.963361484,0.9633517342,-0.9633609185,0.9633534273,-0.9633600928	ok
-0.68036072	-21.55310621	-48.68297408	0.7356849084	continued:5	1,1,-1,1,-1,1,-1,1	-1,1,1,-1,1,-1,1,-1	7518.984125,17941.33986,27817.28113,37813.43859,47704.03933,57678.50938,67580.74236,77540.95385	5215.71839,14953.0142,25537.27194,35354.75139,45640.2485,55454.65676,65900.85245,75696.79385	0.96337383,0.9633429155,-0.9633470679,0.96334372,-0.9633465977,0.9633442922,-0.9633463069,0.9633445872	-0.9633276043,0.9633531702,0.963338771,-0.9633492131,0.9633384871,-0.963349339,0.9633365973,-0.9633501302	ok
-0.67835671	-21.55310621	-49.13675081	0.7334325792	continued:5	1,1,-1,1,-1,1,-1,1	-1,1,1,-1,-1,1,1,-1	7650.213154,18068.66613,27956.29914,37959.55078,47857.34282,57844.6753,67751.2744,77726.64029	5216.55835,14955.08606,25529.58622,35354.23283,46260.48913,56044.89086,66693.06165,76504.0223	0.9633617718,0.9633310977,-0.9633347888,0.9633316128,-0.963334481,0.9633319868,-0.9633342091,0.9633323416	-0.9633158192,0.9633410205,0.9633270654,-0.9633369335,-0.9633229899,0.9633386361,0.9633258466,-0.9633374814	ok
-0.67635271	-21.55310621	-49.53289059	0.7318489871	continued:5	1,1,-1,1,-1,1,-1,1	-1,1,1,-1,-1,1,1,-1	7779.674665,18194.23641,28095.40314,38104.75448,48011.29675,58011.78981,67923.43721,77916.19054	5217.398644,14957.35799,25522.72519,35355.31185,46151.40514,55948.59307,66598.39654,76414.03193	0.9633497532,0.9633192897,-0.9633223263,0.9633195518,-0.9633221725,0.9633197589,-0.9633220191,0.963319996	-0.9633040324,0.9633288681,0.9633153487,-0.9633246427,-0.9633121656,0.9633260546,0.9633139512,-0.9633252948	ok
-0.67434870	-21.55310621	-49.87311573	0.7308064146	continued:5	1,1,-1,1,-1,1,-1,1	-1,1,1,-1,-1,1,1,-1	7909.041914,18319.72788,28236.77857,38250.51935,48168.12287,58180.91999,68099.10209,78110.92108	5218.23927,14959.84192,25516.60893,35358.04325,46108.58675,55915.22613,66557.5239,76379.94915	0.9633377151,0.9633074723,-0.9633099562,0.9633075826,-0.9633099384,0.9633075176,-0.9633099233,0.9633075396	-0.9632922439,0.9633167129,0.9633036221,-0.9633123381,-0.9633007996,0.9633136577,0.9633021883,-0.9633130381	ok
-0.67234469	-21.55310621	-50.16096411	0.7303048618	continued:5	1,1,-1,1,-1,1,-1,1	-1,1,1,-1,-1,1,1,-1	8036.086976,18442.90675,28379.00056,38394.26234,48326.6418,58348.25334,68276.36098,78305.78976	5219.080226,14962.5511,25511.17853,35362.53886,46084.2105,55899.85152,66532.86282,76363.25276	0.9633256757,0.9632957403,-0.963297482,0.9632955562,-0.9632975997,0.9632954365,-0.963297721,0.9632952283	-0.9632804538,0.9633045546,0.9632918866,-0.9633000166,-0.9632892722,0.9633013064,0.9632904508,-0.9633007544	ok
-0.67034068	-21.55310621	-50.40014495	0.7301376775	full	-1,-1,1,-1,1,-1,1,-1	-1,1,1,-1,-1,1,1,-1	8069.234773,18472.20096,28431.77855,38444.22078,48397.72127,58419.9234,68365.66046,78401.83834	5219.921512,14965.50034,25506.39123,35368.97845,46070.01344,55894.81804,66518.29527,76357.74224	-0.9633136344,-0.9632838397,0.9632849384,-0.9632836976,0.9632851659,-0.9632834667,0.9632852573,-0.963283172	-0.963268662,0.963292393,0.9632801429,-0.9632876743,-0.9632776572,0.9632889732,0.9632787168,-0.9632884504	ok
-0.66833667	-21.55310621	-41.57670835	0.7542121893	continued:5	1,1,-1,-1,1,1,-1,-1	-1,1,1,-1,-1,1,1,-1	7315.706903,17954.58129,27798.43728,38425.34632,48271.95399,58902.86269,68748.53245,79378.06153	5220.763125,14968.70623,25502.21709,35377.63165,46063.2927,55897.69156,66511.88518,76361.5769	0.9632760503,0.9632666225,-0.9632763387,-0.9632668121,0.9632762402,0.9632667773,-0.963276273,-0.9632667728	-0.9632568685,0.9632802276,0.9632683918,-0.9632753059,-0.9632659814,0.963276647,0.9632669788,-0.9632761265	ok
-0.66633267	-21.55310621	-43.47244506	0.7514188404	continued:5	1,1,-1,-1,1,1,-1,-1	-1,1,1,-1,-1,1,1,-1	7268.699101,17746.2964,27665.19514,38436.87143,48264.77231,58852.5691,68719.19057,79352.40715	5221.605065,14972.18747,25498.6368,35388.89774,46063.21624,55907.78731,66513.09896,76374.42489	0.9632727613,0.9632577033,-0.9632621315,-0.9632532034,0.9632649085,0.9632555248,-0.9632636296,-0.9632548211	-0.9632450733,0.9632680583,0.9632566337,-0.9632629048,-0.9632542556,0.9632643231,0.9632552341,-0.9632637802	ok
-0.66432866	-21.55310621	-44.66691497	0.7486254915	continued:5	1,1,-1,1,-1,-1,1,1	-1,1,1,-1,-1,1,1,-1	7238.12724,17670.24851,27659.22769,37767.36932,47715.11108,58530.11742,68359.48692,78932.62736	5222.447331,14975.96521,25495.64029,35403.37942,46070.01779,55925.39737,66522.21575,76396.88541	0.9632671446,0.9632470993,-0.9632484426,0.9632460916,-0.9632494798,-0.9632408848,0.963252896,0.9632439294	-0.9632332765,0.9632558847,0.963244869,-0.9632504607,-0.963242482,0.9632520003,0.963243483,-0.9632514059	ok
-0.66232465	-21.55310621	-45.62356573	0.7458321426	continued:5	1,1,-1,1,1,-1,-1,1	-1,1,1,-1,-1,1,1,-1	7209.191938,17615.10827,27721.61031,37695.57482,48519.15753,58355.4084,68919.31413,78819.90947	5223.289919,14980.06354,25493.22586,35422.02777,46084.99588,55951.73772,66540.30457,76430.53278	0.9632600657,0.9632358979,-0.9632343163,0.9632369374,0.9632289105,-0.9632406503,-0.9632321561,0.9632387471	-0.963221478,0.9632437062,0.9632330982,-0.9632379591,-0.9632306549,0.9632396821,0.9632317275,-0.9632389953	ok
-0.66032064	-21.55310621	-46.44117103	0.7430387938	continued:5	1,1,1,-1,-1,1,1,-1	-1,1,1,-1,-1,1,1,-1	7198.772165,17589.24677,28358.22248,38212.64714,48775.20625,58692.8199,69308.62241,79202.77689	5224.13283,14984.51002,25491.39979,35446.45806,46111.20976,55989.44983,66569.64445,76478.51252	0.963251283,0.9632244781,0.9632176429,-0.9632280887,-0.9632202645,0.9632262889,0.9632194428,-0.9632269163	-0.9632096779,0.9632315225,0.9632213215,-0.9632253753,-0.9632187559,0.9632273809,0.9632199733,-0.9632265327	ok
-0.65831663	-21.55310621	-47.15657969	0.7402454449	continued:5	1,1,1,-1,-1,1,1,-1	-1,1,1,-1,-1,1,1,-1	7222.889954,17604.61278,28266.28407,38159.37515,48733.40073,58663.93704,69267.85157,79183.20288	5224.976062,14989.33646,25490.17634,35479.7529,46156.0362,56044.50273,66615.30106,76547.6447	0.9632407568,0.9632128482,0.9632068925,-0.9632150066,-0.9632081834,0.9632141114,0.9632076957,-0.9632144934	-0.963197876,0.9632193329,0.9632095392,-0.9632126649,-0.9632067352,0.9632151344,0.9632082356,-0.9632139864	ok
-0.65631263	-21.55310621	-47.78753991	0.7374520960	continued:5	1,1,1,-1,-1,1,1,-1	-1,1,1,-1,-1,1,1,-1	7287.346613,17663.84224,28282.32003,38210.2156,48791.03967,58740.01353,69336.73617,79276.08257	5225.819614,14994.57975,25489.57818,35529.08695,46244.24395,56136.18927,66693.632,76659.28937	0.9632292093,0.96320106,0.9631956115,-0.9632022345,-0.9631961541,0.9632016647,0.9631959184,-0.9632019244	-0.9631860726,0.9632071369,0.9631977514,-0.9631997287,-0.9631944068,0.9632030844,0.9631965648,-0.963201263	ok
-0.65430862	-21.55310621	-48.34490419	0.7346587471	continued:5	1,1,1,-1,-1,1,1,-1	-1,1,1,-1,1,-1,-1,1	7388.941219,17761.48903,28351.39776,38321.45331,48912.16147,58881.61836,69471.89142,79441.67499	5226.663483,15000.28312,25489.63716,35619.89981,45822.10437,55857.29446,66508.01403,76442.06476	0.9632172096,0.9631892691,0.9631842088,-0.9631892327,-0.9631841802,0.9631892204,0.9631841189,-0.9631892403	-0.9631742674,0.9631949338,0.9631859583,-0.9631862417,0.9631851782,-0.9631878945,-0.9631833002,0.9631900621	ok
-0.65230461	-21.55310621	-48.83696561	0.7319931157	continued:5	-1,-1,-1,1,1,-1,-1,1	-1,1,1,1,-1,-1,1,1	7516.136442,17884.9261,28452.51317,38483.76521,49096.46189,59081.7611,69661.82787,79677.87488	5227.507669,15006.49761,25490.3957,36314.46741,46210.27405,56742.80919,66837.12736,77518.80878	-0.9632052421,-0.9631774015,-0.9631726786,0.9631760782,0.9631719133,-0.9631769541,-0.9631723983,0.9631763861	-0.9631624606,0.9631827227,0.9631741601,0.9631696025,-0.963179075,-0.9631732016,0.9631749227,0.96317104	ok
-0.65030060	-21.55310621	-49.26991829	0.7298685039	continued:5	1,1,1,-1,-1,1,1,-1	-1,1,1,1,-1,-1,1,1	7648.145961,18013.18455,28562.17451,38720.8217,49443.44244,59393.86936,69938.35187,80117.73893	5228.352171,15013.28415,25491.90868,36173.83007,46145.46021,56700.12534,66837.2167,77521.43109	0.9631931606,0.9631655658,0.9631610237,-0.9631619904,-0.963158764,0.9631658615,0.9631610934,-0.963161683	-0.9631506522,0.9631705025,0.9631623566,0.9631591588,-0.9631653342,-0.9631609187,0.9631623326,0.9631591322	ok
-0.64829659	-21.55310621	-49.64619231	0.7284915629	continued:5	-1,-1,-1,-1,1,1,1,-1	-1,1,1,1,-1,-1,1,1	7774.855899,18136.15368,28669.10173,39401.93271,49378.05236,59919.60804,70682.65511,80643.53675	5229.196987,15020.71631,25494.24628,36122.966,46192.28772,56779.95095,66947.88535,77613.60149	-0.9631811171,-0.9631537294,-0.9631493619,-0.9631468009,0.9631533817,0.9631492481,0.9631464579,-0.9631537034	-0.9631388421,0.9631582722,0.963150548,0.9631479348,-0.9631515278,-0.9631485072,0.963149976,0.9631474701	ok
-0.64629259	-21.55310621	-49.96712479	0.7274489904	continued:5	1,1,1,1,-1,-1,1,-1	-1,1,1,1,1,-1,-1,-1	7906.787077,18264.3499,28783.11163,39425.23348,49571.99195,60180.46716,70612.62174,80648.3806	5230.042115,15028.8841,25497.49793,36091.97919,46911.47592,56879.0532,67403.80628,78053.03946	0.9631691428,0.9631419034,0.9631377245,0.9631358658,-0.9631383615,-0.9631363051,0.9631351381,-0.9631402673	-0.9631270304,0.9631460302,0.9631387343,0.963136515,0.9631340448,-0.9631415548,-0.9631376262,-0.9631357874	ok
-0.64428858	-21.55310621	-50.23825830	0.7269474376	continued:5	1,1,1,1,1,1,-1,-1	-1,1,1,1,1,1,-1,-1	3.649626172,8035.375787,18389.21293,28895.20162,39492.50057,50181.72957,60356.64867,70953.15622	5230.887555,15037.89934,25501.77815,36070.63989,46723.44862,57616.85413,67588.11045,78102.04951	0.9616934099,0.9631570325,0.9631301138,0.9631260504,0.963124569,0.963123481,-0.9631260704,-0.9631245773	-0.9631152169,0.9631337748,0.9631269152,0.9631249979,0.9631238586,0.9631215931,-0.9631295437,-0.9631259128	ok
-0.64228457	-21.55310621	-50.46309065	0.7267802533	full	-1,-1,-1,-1,-1,-1,-1,-1	-1,1,1,1,1,1,1,1	8069.253243,18419.3694,28913.69389,39480.48595,50091.95709,60739.24241,71425.40165,82181.20635	5231.733304,15047.9034,25507.2349,36055.43782,46654.36154,57290.64263,67963.49065,78689.83469	-0.9631450071,-0.9631182394,-0.9631143594,-0.9631131656,-0.963112571,-0.9631120509,-0.9631116501,-0.9631109338	-0.9631034019,0.9631215038,0.9631150907,0.9631134207,0.9631126658,0.963112175,0.9631117383,0.9631111637	ok
-0.64028056	-21.55310621	-42.29693554	0.7503325680	continued:5	1,1,1,1,1,1,1,1	-1,1,1,1,1,1,1,1	7276.978289,17711.80066,28233.78588,38794.83213,49375.11808,59965.57818,70561.65837,81160.92753	5232.579363,15059.07876,25514.06233,36044.8402,46610.11852,57192.64196,67784.37305,78381.22168	0.9631118875,0.9631037289,0.9631020126,0.9631013592,0.9631010444,0.9631008915,0.9631007916,0.9631007553	-0.9630915852,0.9631092144,0.9631032603,0.9631018016,0.9631012537,0.9631010007,0.9631008707,0.9631007999	ok
-0.63827655	-21.55310621	-43.87793473	0.7475392192	continued:5	1,1,1,1,1,1,1,1	-1,1,1,1,1,1,1,1	7234.239542,17624.47364,28116.86461,38648.31187,49194.95429,59747.65803,70302.81073,80858.95693	5233.425728,15071.66702,25522.52052,36038.1539,46578.6163,57128.87359,67683.06781,78238.8581	0.9631069376,0.9630930396,0.9630905585,0.9630898585,0.9630897096,0.9630895777,0.9630895649,0.9630895712	-0.9630797668,0.9630969029,0.9630914237,0.9630901515,0.9630897364,0.9630895815,0.9630895206,0.9630894961	ok
-0.63627255	-21.55310621	-44.99174450	0.7447458703	continued:5	1,1,1,1,1,1,1,1	-1,1,1,1,1,1,1,1	7197.835556,17561.59121,28034.83248,38545.78783,49069.28022,59596.94789,70126.01007,80655.53758	5234.2724,15085.99773,25532.9674,36035.15626,46555.75775,57082.48684,67611.26072,78140.71785	0.9631007202,0.9630818037,0.9630790039,0.9630783198,0.9630781848,0.9630780715,0.9630780054,0.9630779947	-0.9630679468,0.9630845643,0.9630795802,0.9630784766,0.9630781554,0.9630780528,0.963078019,0.9630780078	ok
-0.63426854	-21.55310621	-45.90515146	0.7419525214	continued:5	1,1,1,1,1,1,1,1	-1,1,1,1,1,1,1,1	7169.649857,17515.89773,27974.89046,38469.61802,48974.8679,59483.18111,69992.38322,80501.84416	5235.119376,15102.53793,25545.9135,36035.98036,46539.89092,57047.83686,67556.95525,78066.41403	0.9630929632,0.9630705207,0.9630673736,0.9630666926,0.9630665082,0.963066455,0.9630664185,0.9630664282	-0.9630561252,0.963072192,0.9630677288,0.9630667817,0.9630665312,0.9630664603,0.96306644,0.963066434	ok
-0.63226453	-21.55310621	-46.69108572	0.7391591725	continued:5	1,1,1,1,1,1,1,1	-1,1,1,1,1,1,1,1	7167.399837,17502.72151,27950.68927,38431.81516,48921.77267,59414.03704,69906.90129,80399.92134	5235.966656,15121.98221,25562.1217,36041.13382,46530.55495,57022.69852,67515.55036,78008.58622	0.963083356,0.9630588286,0.963055774,0.9630550162,0.9630548541,0.9630548196,0.9630548093,0.9630548066	-0.9630443019,0.963059776,0.963055868,0.9630550696,0.9630548751,0.9630548254,0.9630548125,0.9630548092	ok
-0.63026052	-21.55310621	-47.37929933	0.7363658236	continued:5	1,1,1,1,1,1,1,1	-1,1,1,1,1,1,1,1	7203.524714,17532.25121,27971.20126,38440.43009,48917.05465,59395.44311,69874.24988,80353.15579	5236.814237,15145.43242,25582.80638,36051.65701,46528.20782,57006.59606,67485.42033,77964.34794	0.9630724023,0.9630470821,0.963044018,0.9630433112,0.9630432201,0.9630432298,0.9630431906,0.9630431758	-0.9630324769,0.9630473007,0.9630439955,0.9630433423,0.9630431942,0.9630431595,0.9630431513,0.9630431494	ok
-0.62825651	-21.55310621	-47.98532976	0.7335724748	continued:5	1,1,1,1,1,1,1,1	-1,1,1,1,1,1,1,1	7279.716628,17604.03121,28035.03988,38493.51429,48958.2051,59424.26514,69890.6255,80357.05165	5237.662119,15174.80145,25610.08112,36069.55256,46534.47739,57000.60398,67466.99414,77933.44204	0.9630606425,0.963035289,0.9630322765,0.9630315939,0.9630314768,0.9630314543,0.9630314496,0.9630314485	-0.9630206504,0.9630347407,0.9630321068,0.963031601,0.9630314935,0.9630314701,0.9630314649,0.9630314638	ok
-0.62625251	-21.55310621	-48.51947295	0.7307791259	continued:5	-1,-1,-1,-1,-1,-1,-1,-1	-1,1,1,1,1,1,1,1	7390.586871,17711.17189,28134.74854,38583.27807,49037.08466,59491.97775,69947.09326,80402.25425	5238.510301,15213.89611,25648.15962,36098.99024,46553.28363,57008.28827,67463.43847,77918.61844	-0.9630486219,-0.963023452,-0.9630204262,-0.9630198654,-0.9630197585,-0.9630197365,-0.963019732,-0.9630197311	-0.9630088221,0.9630220462,0.9630201934,0.9630198456,0.9630197758,0.9630197615,0.9630197586,0.963019758	ok
-0.62424850	-21.55310621	-48.99003023	0.7281134944	continued:5	1,1,1,1,1,1,1,1	-1,1,1,1,1,1,1,1	7524.389103,17841.30766,28257.73609,38696.95566,49140.70847,59585.3382,70030.13782,80474.97022	5239.358781,15272.30978,25707.67322,36150.68424,46595.18253,57039.96752,67484.80768,77929.65846	0.9630365794,0.963011543,0.9630086939,0.9630081356,0.9630081368,0.9630080396,0.9630080296,0.9630080277	-0.9629969923,0.9630090992,0.9630082341,0.9630080738,0.9630080431,0.9630080373,0.9630080361,0.9630080359	ok
-0.62224449	-21.55310621	-49.40334380	0.7263232512	continued:5	-1,-1,-1,-1,-1,-1,-1,-1	-1,1,1,1,1,1,1,1	7650.002477,17963.25889,28372.77594,38803.21574,49237.59198,59672.68858,70107.91605,80543.16758	5240.207557,15392.48353,25835.66883,36272.36841,46707.89842,57143.21586,67578.4946,78013.7663	-0.963024546,-0.9629996938,-0.9629969314,-0.9629963872,-0.962996398,-0.9629963789,-0.9629963743,-0.9629963734	-0.9629851607,0.9629954253,0.9629961367,0.9629962703,0.9629962947,0.9629962992,0.9629963,0.9629963002	ok
-0.62024048	-21.55310621	-49.75908458	0.7249463102	continued:5	-1,-1,-1,-1,-1,-1,-1,-1	-1,-1,-1,-1,-1,-1,-1,-1	7780.485127,18090.08273,28492.90266,38915.01588,49340.57841,59766.74149,70193.00873,80619.29395	5241.056629,15976.28661,26444.49535,36877.73674,47305.22989,57731.73657,68158.07268,78584.37926	-0.9630125078,-0.9629878226,-0.9629851587,-0.9629846275,-0.9629845576,-0.9629845814,-0.9629845651,-0.9629845595	-0.9629733276,-0.9629803591,-0.9629837245,-0.9629844061,-0.9629845273,-0.9629845483,-0.962984552,-0.9629845526	ok
-0.61823647	-21.55310621	-50.06206357	0.7241103888	continued:5	-1,-1,-1,-1,-1,-1,-1,-1	-1,-1,-1,-1,-1,-1,-1,-1	7909.076423,18215.01974,28611.33586,39025.51286,49442.73615,59860.46579,70278.27925,80696.10656	5241.905995,15879.76923,26327.26486,36749.84568,47168.46648,57586.43664,68004.2993,78422.14419	-0.9630004682,-0.9629759727,-0.9629733418,-0.9629728836,-0.9629727812,-0.9629728551,-0.9629728481,-0.9629728471	-0.9629614928,-0.9629694275,-0.9629721844,-0.9629726926,-0.9629727782,-0.9629727924,-0.9629727947,-0.9629727951	ok
-0.61623246	-21.55310621	-50.31594924	0.7236088360	continued:5	1,1,1,1,1,1,1,1	-1,-1,-1,-1,-1,-1,-1,-1	15.74021618,8038.89317,18341.18751,28731.17434,39137.75602,49547.04735,59956.76966,70366.56073	5242.755654,15833.27161,26266.86522,36680.33993,47090.73164,57500.63731,67910.46601,78320.28251	0.9616748757,0.9629884068,0.9629641236,0.9629614946,0.9629611254,0.9629610518,0.9629610031,0.9629610411	-0.9629496564,-0.9629580727,-0.9629605246,-0.9629609478,-0.9629610157,-0.9629610265,-0.9629610283,-0.9629610285	ok
-0.61422846	-21.55310621	-50.52608248	0.7234416517	full	1,-1,-1,-1,-1,-1,-1,-1	-1,-1,-1,-1,-1,-1,-1,-1	35.28695268,8073.434831,18372.08172,28755.89777,39155.18242,49556.89174,59958.97252,70361.1099	5243.605605,15801.87344,26224.02481,36629.15017,47031.75763,57433.98324,67836.15071,78238.30933	0.9978523656,-0.9629763832,-0.9629522241,-0.9629497502,-0.9629493941,-0.9629493316,-0.9629493104,-0.9629493075	-0.9629378184,-0.962946573,-0.9629488199,-0.9629491872,-0.9629492437,-0.9629492524,-0.9629492537,-0.9629492539	ok
-0.61222445	-21.55310621	-42.88368683	0.7463177543	continued:5	1,1,1,1,1,1,1,1	-1,-1,-1,-1,-1,-1,-1,-1	7245.242209,17594.38199,27982.03236,38375.78194,48770.43694,59165.22534,69560.03315,79954.8438	5244.455846,15777.9268,26190.02403,36587.32227,46982.50514,57377.37866,67772.20679,78167.02826	0.9629465537,0.9629387115,0.9629376306,0.9629375775,0.9629375453,0.9629375399,0.9629375391,0.962937539	-0.9629259787,-0.962934996,-0.9629370891,-0.9629374153,-0.9629374636,-0.9629374707,-0.9629374717,-0.9629374719	ok
-0.61022044	-21.55310621	-44.27294919	0.7435244054	continued:5	1,1,1,1,1,1,1,1	-1,-1,-1,-1,-1,-1,-1,-1	7199.849239,17522.48847,27900.05549,38286.34457,48673.89111,59061.61631,69449.3669,79837.12107	5245.306377,15758.44192,26161.41251,36551.28708,46939.3493,57327.15542,67714.92525,78102.68993	0.9629407988,0.9629274435,0.9629259263,0.9629257186,0.9629256674,0.9629256602,0.962925659,0.9629256588	-0.9629141374,-0.9629233693,-0.96292534,-0.9629256343,-0.9629256763,-0.9629256823,-0.9629256831,-0.9629256832	ok
-0.60821643	-21.55310621	-45.31887971	0.7407310566	continued:5	1,1,1,1,1,1,1,1	-1,-1,-1,-1,-1,-1,-1,-1	7160.413704,17464.35309,27833.3792,38212.66034,48593.37724,58974.29173,69355.23316,79736.1783	5246.157195,15741.93244,26136.45481,36519.23474,46900.43892,57281.42753,67662.38658,78043.34157	0.9629338107,0.9629160459,0.9629142532,0.9629139851,0.9629139,0.9629138918,0.9629138911,0.962913891	-0.9629022945,-0.9629117075,-0.9629135771,-0.9629138455,-0.9629138826,-0.9629138877,-0.9629138884,-0.9629138884	ok
-0.60621242	-21.55310621	-46.19162476	0.7379377077	continued:5	1,1,1,1,1,1,1,1	-1,-1,-1,-1,-1,-1,-1,-1	7136.708264,17427.68755,27789.36474,38162.00115,48536.12772,58910.45312,69284.80496,79659.16033	5247.008299,15727.54974,26114.14873,36490.11107,46864.68731,57239.07965,67613.44755,77987.81219	0.9629253883,0.9629045521,0.9629024134,0.9629021941,0.9629021507,0.9629021456,0.9629021449,0.9629021448	-0.9628904499,-0.9629000191,-0.9629018029,-0.9629020498,-0.9629020829,-0.9629020873,-0.9629020879,-0.9629020879	ok
-0.60420842	-21.55310621	-46.94605541	0.7351443588	continued:5	1,1,1,1,1,1,1,1	-1,-1,-1,-1,-1,-1,-1,-1	7145.356313,17427.9815,27783.2698,38149.56202,48517.3074,58885.24104,69253.199,79621.1601	5247.859689,15714.76288,26093.86032,36463.2433,46831.39526,57199.38861,67567.36148,77935.3317	0.962915311,0.9628928044,0.9628905932,0.9628903899,0.9628903512,0.9628903452,0.9628903446,0.9628903445	-0.9628786038,-0.9628883099,-0.9628900192,-0.962890248,-0.9628902777,-0.9628902815,-0.9628902821,-0.9628902821	ok
-0.60220441	-21.55310621	-47.60660625	0.7323510099	continued:5	1,1,1,1,1,1,1,1	-1,-1,-1,-1,-1,-1,-1,-1	7194.498074,17471.73683,27821.26737,38181.4472,48542.99423,58904.71288,69266.45292,79628.19558	5248.711364,15703.21739,26075.16174,36438.17329,46800.08272,57161.85404,67523.60801,77885.3598	0.9629040066,0.9628809904,0.9628788251,0.9628785377,0.9628785125,0.9628785214,0.9628785224,0.9628785225	-0.9628667559,-0.9628765834,-0.9628782274,-0.9628784406,-0.9628784675,-0.9628784708,-0.9628784712,-0.9628784713	ok
-0.60020040	-21.55310621	-48.18718260	0.7295576611	continued:5	1,1,1,1,1,1,1,1	-1,-1,-1,-1,-1,-1,-1,-1	7282.279065,17555.51164,27899.61229,38253.85323,48609.36094,58965.02386,69320.70576,79676.38999	5249.563321,15692.66467,26057.74987,36414.57354,46770.40367,57126.11254,67481.80659,77837.49882	0.9628920509,0.9628692191,0.9628669646,0.9628667707,0.9628666601,0.9628666556,0.9628666551,0.962866655	-0.9628549065,-0.9628648426,-0.9628664283,-0.9628666279,-0.9628666524,-0.9628666554,-0.9628666558,-0.9628666558	ok
-0.59819639	-21.55310621	-48.69772130	0.7267643122	continued:5	1,1,1,1,1,1,1,1	-1,-1,-1,-1,-1,-1,-1,-1	7401.913382,17671.50023,28010.31382,38358.75307,48708.36325,59058.11332,69407.88011,79757.64889	5250.415559,15682.92363,26041.40163,36392.20096,46742.0992,57091.89022,67441.66845,77791.44517	0.9628800303,0.9628572918,0.9628551338,0.9628549412,0.9628549205,0.9628549172,0.9628549164,0.9628549164	-0.9628430554,-0.9628530894,-0.9628546227,-0.9628548104,-0.9628548328,-0.9628548355,-0.9628548358,-0.9628548359	ok
-0.59619238	-21.55310621	-49.14657664	0.7245119830	continued:5	-1,-1,-1,-1,-1,-1,-1,-1	-1,-1,-1,-1,-1,-1,-1,-1	7527.619584,17793.5878,28127.19515,38469.9517,48813.79297,59157.76087,69501.74379,79845.72845	5251.268078,15673.8582,26025.94783,36370.86954,46714.96967,57058.97439,67402.96801,77746.96033	-0.9628680398,-0.9628454005,-0.9628433355,-0.9628431237,-0.962843093,-0.9628430885,-0.9628430879,-0.9628430878	-0.9628312028,-0.9628413254,-0.9628428113,-0.9628429884,-0.962843009,-0.9628430114,-0.9628430117,-0.9628430117	ok
-0.59418838	-21.55310621	-49.53659446	0.7227217397	continued:5	-1,-1,-1,-1,-1,-1,-1,-1	-1,-1,-1,-1,-1,-1,-1,-1	7658.342047,17920.68963,28249.16313,38586.34576,48924.53674,59262.84229,69601.16098,79939.48115	5252.120876,15665.36359,26011.25691,36350.43348,46688.85741,57027.19596,67365.5248,77703.85253	-0.9628560046,-0.9628335537,-0.9628314822,-0.962831286,-0.9628312681,-0.9628312652,-0.9628312649,-0.9628312648	-0.9628193485,-0.9628295519,-0.9628309944,-0.962831162,-0.9628311812,-0.9628311833,-0.9628311836,-0.9628311836	ok
-0.59218437	-21.55310621	-49.87187119	0.7214725161	continued:5	-1,-1,-1,-1,-1,-1,-1,-1	-1,-1,-1,-1,-1,-1,-1,-1	7788.461813,18047.19067,28370.59768,38702.30657,49034.95468,59367.70716,69700.47106,80033.23627	5252.973952,15657.35733,25997.22444,36330.7761,46663.63535,56996.41779,67329.19169,77661.96464	-0.9628439049,-0.9628215834,-0.9628196644,-0.9628193687,-0.9628194108,-0.9628194125,-0.9628194127,-0.9628194127	-0.9628074926,-0.9628177699,-0.9628191726,-0.9628193317,-0.9628193494,-0.9628193513,-0.9628193516,-0.9628193516	ok
-0.59018036	-21.55310621	-50.15600262	0.7206365948	continued:5	1,1,1,1,1,1,1,1	-1,-1,-1,-1,-1,-1,-1,-1	7919.112481,18174.22483,28492.62865,38818.95698,49146.16204,59473.46221,69800.77274,80128.08438	5253.827304,15649.77335,25983.76603,36311.8024,46639.19931,56966.5268,67293.84674,77621.16586	0.9628318606,0.9628097328,0.9628078316,0.9628075703,0.9628075421,0.9628075385,0.9628075381,0.9628075381	-0.962795635,-0.9628059802,-0.962807346,-0.9628074974,-0.9628075138,-0.9628075157,-0.9628075159,-0.9628075159	ok
-0.58817635	-21.55310621	-50.39374275	0.7202627594	continued:5	1,1,1,1,1,1,1,1	-1,-1,-1,-1,-1,-1,-1,-1	31.03750194,8047.377127,18298.87536,28612.33522,38933.36889,49255.2222,59577.16318,69899.1131	5254.680932,15642.55792,25970.8125,36293.43388,46615.46266,56937.42842,67259.38748,77581.34582	0.9655772614,0.9628198119,0.9627978511,0.9627958838,0.9627957286,0.9627957048,0.9627957022,0.9627957019	-0.9627837759,-0.9627941834,-0.9627955151,-0.9627956594,-0.9627956748,-0.9627956764,-0.9627956766,-0.9627956766	ok
-0.58617234	-21.55310621	-50.58909977	0.7200955751	full	1,1,1,1,1,1,1,1	-1,-1,-1,-1,-1,-1,-1,-1	60.14866132,8082.497986,18330.38213,28638.9537,38954.77268,49271.35949,59588.02689,69904.70269	5255.534835,15635.66676,25958.30633,36275.60488,46592.35247,56909.04264,67225.72683,77542.41039	0.9893994892,0.9628077649,0.9627860145,0.9627840869,0.9627838561,0.9627838743,0.9627838771,0.9627838774	-0.9627719151,-0.9627823801,-0.96278368,-0.9627838179,-0.9627838322,-0.9627838337,-0.9627838339,-0.9627838339	ok
-0.58416834	-21.55310621	-41.23270807	0.7392878901	continued:5	-1,-1,-1,-1,-1,-1,-1,-1	-1,-1,-1,-1,-1,-1,-1,-1	6651.636893,16925.49996,27232.86725,37543.92522,47855.36367,58166.84117,68478.32267,78789.80458	5256.38901,15629.06292,25946.19921,36258.25981,46569.80667,56881.30102,67192.79,77504.27843	-0.9627835536,-0.9627731181,-0.9627721525,-0.9627720117,-0.9627720479,-0.9627720489,-0.962772049,-0.962772049	-0.9627600528,-0.9627705709,-0.9627718409,-0.9627719729,-0.9627719864,-0.9627719878,-0.9627719879,-0.962771988	ok
-0.58216433	-21.55310621	-43.48647838	0.7420812390	continued:5	1,1,1,1,1,1,1,1	-1,-1,-1,-1,-1,-1,-1,-1	7203.570062,17479.76831,27782.93378,38088.97221,48395.30086,58701.65834,69008.01871,79314.37971	5257.243457,15622.71527,25934.45011,36241.35118,46547.77191,56854.14446,67160.51217,77466.8794	0.9627693773,0.9627610304,0.9627602044,0.9627602138,0.9627602069,0.9627602061,0.9627602058,0.9627602059	-0.9627481888,-0.962758756,-0.9627599982,-0.9627601247,-0.9627601374,-0.9627601387,-0.9627601388,-0.9627601388	ok
-0.58016032	-21.55310621	-44.71777887	0.7392878901	continued:5	1,1,1,1,1,1,1,1	-1,-1,-1,-1,-1,-1,-1,-1	7154.118568,17411.68553,27708.33168,38009.17727,48310.44062,58611.74521,68913.05385,79214.3629	5258.098175,15616.59732,25923.0239,36224.83806,46526.20199,56827.52156,67128.83677,77430.15154	0.9627627582,0.9627495801,0.9627484682,0.9627483476,0.9627483581,0.962748356,0.9627483557,0.9627483557	-0.9627363232,-0.962746936,-0.9627481518,-0.9627482732,-0.9627482852,-0.9627482864,-0.9627482865,-0.9627482865	ok
-0.57815631	-21.55310621	-45.69240884	0.7364945412	continued:5	1,1,1,1,1,1,1,1	-1,-1,-1,-1,-1,-1,-1,-1	7114.671461,17358.23206,27648.93872,37944.7096,48240.97711,58537.29276,68833.61307,79129.93383	5258.953162,15610.68636,25911.89022,36208.68489,46505.05654,56801.38726,67097.71401,77394.04038	0.9627549811,0.9627380743,0.9627365945,0.9627364953,0.962736488,0.9627364871,0.9627364871,0.9627364871	-0.962724456,-0.9627351109,-0.9627363019,-0.9627364188,-0.9627364301,-0.9627364312,-0.9627364313,-0.9627364313	ok
-0.57615230	-21.55310621	-46.51766345	0.7337011923	continued:5	1,1,1,1,1,1,1,1	-1,-1,-1,-1,-1,-1,-1,-1	7099.994604,17333.75138,27619.06503,37909.87181,48201.20821,58492.5951,68783.98679,79075.37894	5259.808417,15604.96277,25901.02268,36192.86056,46484.30012,56775.7018,67067.09987,77358.49759	0.9627456773,0.9627263302,0.9627247671,0.9627246381,0.9627246283,0.9627246286,0.9627246286,0.9627246286	-0.9627125872,-0.9627232813,-0.9627244488,-0.9627245613,-0.962724572,-0.962724573,-0.9627245731,-0.9627245732	ok
-0.57414830	-21.55310621	-47.23369181	0.7309078434	continued:5	1,1,1,1,1,1,1,1	-1,-1,-1,-1,-1,-1,-1,-1	7123.454688,17350.72501,27631.08354,37917.01992,48203.48431,58489.99805,68776.5166,79063.03553	5260.66394,15599.40948,25890.39818,36177.33769,46463.90138,56750.42991,67036.95515,77323.48008	0.9627349821,0.962714543,0.9627129575,0.9627127771,0.9627127622,0.9627127605,0.9627127603,0.9627127604	-0.9627007168,-0.9627114473,-0.9627125925,-0.9627127009,-0.962712711,-0.962712712,-0.9627127121,-0.9627127121	ok
-0.57214429	-21.55310621	-47.86033470	0.7281144946	continued:5	1,1,1,1,1,1,1,1	-1,-1,-1,-1,-1,-1,-1,-1	7187.959173,17410.7065,27686.37891,37967.51658,48249.16377,58530.85807,68812.55649,79094.25533	5261.519728,15594.01154,25879.99637,36162.09204,46443.83243,56725.54012,67007.2448,77288.94921	0.962723384,0.9627027266,0.9627010948,0.962700845,0.9627008609,0.9627008617,0.9627008618,0.9627008518	-0.9626888448,-0.962699609,-0.962700733,-0.9627008377,-0.9627008473,-0.9627008482,-0.9627008483,-0.9627008483	ok
-0.57014028	-21.55310621	-48.41006991	0.7253211457	continued:5	1,1,1,1,1,1,1,1	-1,-1,-1,-1,-1,-1,-1,-1	7288.373588,17507.37712,27778.48835,38054.88307,48331.76176,58608.68443,68885.61126,79162.53838	5262.375781,15588.75579,25869.79923,36147.10203,46424.06838,56701.00423,66977.93733,77254.87018	0.9627113018,0.9626908209,0.962689224,0.9626890548,0.9626890579,0.962689057,0.9626890569,0.9626890569	-0.9626769712,-0.9626877667,-0.9626888706,-0.9626889717,-0.9626889809,-0.9626889817,-0.9626889818,-0.9626889818	ok
-0.56813627	-21.55310621	-48.89249975	0.7225277968	continued:5	1,1,1,1,1,1,1,1	-1,-1,-1,-1,-1,-1,-1,-1	7417.073691,17632.46775,27899.06563,38170.76229,48442.91852,58715.11581,68987.31676,79259.51804	5263.232097,15583.6306,25859.79072,36132.34838,46404.58685,56676.79685,66949.00431,77221.21153	0.9626993233,0.9626788974,0.9626773045,0.962677189,0.9626771733,0.9626771722,0.9626771721,0.9626771721	-0.9626650959,-0.9626759206,-0.9626770053,-0.962677103,-0.9626771118,-0.9626771126,-0.9626771126,-0.9626771126	ok
-0.56613226	-21.55310621	-49.31597160	0.7202754676	continued:5	1,1,1,1,1,1,1,1	-1,-1,-1,-1,-1,-1,-1,-1	7549.53557,17761.32181,28023.43714,38290.47646,48557.95319,58825.46851,69092.98723,79360.50625	5264.088676,15578.6256,25849.9565,36117.81375,46385.36771,56652.89502,66920.41998,77187.94473	0.9626871839,0.9626669994,0.9626654728,0.9626653256,0.9626653173,0.9626653159,0.9626653158,0.9626653158	-0.9626532191,-0.9626640708,-0.9626651371,-0.9626652317,-0.96266524,-0.9626652407,-0.9626652408,-0.9626652408	ok
-0.56412826	-21.55310621	-49.68337476	0.7186918755	continued:5	1,1,1,1,1,1,1,1	-1,-1,-1,-1,-1,-1,-1,-1	7678.818918,17886.99592,28144.65825,38407.07932,48669.9171,58932.79103,69195.66809,79458.54541	5264.945516,15573.73157,25840.28372,36103.48252,46366.39271,56629.2779,66892.16093,77155.04376	0.9626751301,0.962655035,0.9626534899,0.9626534064,0.9626533864,0.9626533702,0.9626533785,0.9626533845	-0.9626413407,-0.9626522175,-0.9626532662,-0.9626533579,-0.9626533658,-0.9626533665,-0.9626533666,-0.9626533666	ok
-0.56212425	-21.55310621	-49.99699478	0.7176493030	continued:5	1,1,1,1,1,1,1,1	-1,-1,-1,-1,-1,-1,-1,-1	7806.823672,18011.39054,28264.62758,38522.4674,48780.70415,59038.97485,69297.24846,79555.52231	5265.802615,15568.94021,25830.76076,36089.34054,46347.64529,56605.92655,66864.2058,77122.48488	0.9626630771,0.9626431514,0.9626417111,0.9626415737,0.9626415686,0.9626415684,0.9626415684,0.9626415684	-0.9626294607,-0.9626403607,-0.9626413926,-0.9626414815,-0.9626414891,-0.9626414897,-0.9626414898,-0.9626414898	ok
-0.56012024	-21.55310621	-50.26067862	0.7171477502	continued:5	-1,-1,-1,-1,-1,-1,-1,-1	-1,-1,-1,-1,-1,-1,-1,-1	7932.271598,18133.23021,28382.06815,38635.36037,48889.03159,59142.73477,69396.44064,79650.14674	5266.659974,15564.24406,25821.37713,36075.37498,46329.11036,56582.82363,66836.53504,77090.2463	-0.9626511147,-0.9626312279,-0.9626298233,-0.9626296977,-0.9626296867,-0.9626296861,-0.9626296861,-0.9626296861	-0.962617579,-0.9626285006,-0.9626295163,-0.9626296026,-0.9626296099,-0.9626296105,-0.9626296105,-0.9626296105	ok
-0.55811623	-21.55310621	-50.47822603	0.7167739148	continued:5	1,-1,-1,-1,-1,-1,-1,-1	-1,-1,-1,-1,-1,-1,-1,-1	53.151126,8061.402136,18258.74795,28503.21151,38751.98886,49001.12838,59250.29769,69499.46949	5267.51759,15559.63638,25812.1233,36061.57411,46310.77412,56559.95329,66809.13072,77058.30802	0.9696566836,-0.9626389809,-0.9626193073,-0.9626179428,-0.9626178216,-0.9626178097,-0.9626178075,-0.9626178072	-0.9626056958,-0.9626166374,-0.9626176375,-0.9626177213,-0.9626177283,-0.9626177288,-0.9626177289,-0.9626177289	ok
-0.55611222	-21.55310621	-50.65662253	0.7162723620	full	1,1,1,1,1,1,1,1	-1,-1,-1,-1,-1,-1,-1,-1	81.13170643,8099.9267,18293.67257,28533.78689,38778.08045,49022.72013,59267.38791,69512.05799	5268.375463,15555.11106,25802.99061,36047.92725,46292.62393,56537.30094,66781.97633,77026.6516	0.9803815631,0.9626269052,0.9626074427,0.9626060529,0.9626059372,0.9626059242,0.9626059216,0.9626059214	-0.9625938109,-0.962604771,-0.9626057562,-0.9626058376,-0.9626058442,-0.9626058448,-0.9626058448,-0.9626058448	ok
-0.55410822	-21.55310621	-42.49931474	0.7404059389	continued:5	1,1,1,1,1,1,1,1	-1,-1,-1,-1,-1,-1,-1,-1	7233.980951,17464.52872,27703.93231,37944.06616,48184.25924,58424.45711,68664.65537,78904.85366	5269.233591,15550.66255,25793.97113,36034.42456,46274.64816,56514.85315,66755.05664,76995.26001	0.9625974686,0.9625942996,0.9625940617,0.9625940416,0.9625940401,0.9625940399,0.9625940399,0.9625940399	-0.9625819245,-0.9625929016,-0.9625938725,-0.9625939516,-0.962593958,-0.9625939585,-0.9625939585,-0.9625939585	ok
-0.55210421	-21.55310621	-44.05752952	0.7376125900	continued:5	1,1,1,1,1,1,1,1	-1,-1,-1,-1,-1,-1,-1,-1	7161.986351,17373.29449,27607.01096,37842.60228,48078.34414,58314.09809,68549.853,78785.608	5270.091974,15546.28579,25785.05759,36021.05705,46256.8361,56492.59754,66728.35757,76964.11749	0.9625914604,0.9625828195,0.9625821333,0.9625821564,0.9625821502,0.9625821496,0.9625821496,0.9625821496	-0.9625700365,-0.9625810293,-0.9625819862,-0.9625820632,-0.9625820694,-0.9625820699,-0.9625820699,-0.9625820699	ok
-0.55010020	-21.55310621	-45.16942660	0.7348192412	continued:5	1,1,1,1,1,1,1,1	-1,-1,-1,-1,-1,-1,-1,-1	7110.589881,17307.30191,27535.74108,37766.84959,47998.17011,58229.50719,68460.84557,78692.18449	5270.950609,15541.97613,25776.24335,36007.8164,46239.17786,56470.52262,66701.86606,76933.2094	0.9625841526,0.9625712495,0.9625703374,0.962570266,0.9625702441,0.9625702567,0.962570183,0.9625701791	-0.9625581469,-0.9625691541,-0.9625700977,-0.9625701726,-0.9625701785,-0.962570179,-0.962570179,-0.962570179	ok
-0.54809619	-21.55310621	-46.07937381	0.7320258923	continued:5	1,1,1,1,1,1,1,1	-1,-1,-1,-1,-1,-1,-1,-1	7076.881115,17262.51946,27486.01488,37712.69133,47939.6175,58166.56315,68393.51032,78620.4576	5271.809497,15537.72935,25767.52226,35994.69493,46221.66427,56448.61776,66675.57001,76902.52216	0.9625756054,0.9625596218,0.9625584626,0.9625583738,0.962558362,0.9625583611,0.962558361,0.962558361	-0.9625462557,-0.9625572761,-0.9625582068,-0.9625582798,-0.9625582855,-0.9625582859,-0.9625582859,-0.9625582859	ok
-0.54609218	-21.55310621	-46.85763563	0.7292325434	continued:5	1,1,1,1,1,1,1,1	-1,-1,-1,-1,-1,-1,-1,-1	7076.268638,17254.15079,27473.02235,37695.31464,47917.87259,58140.45101,68363.03083,78585.61098	5272.668635,15533.54153,25758.88867,35981.68555,46204.28684,56426.87306,66649.45812,76872.04308	0.9625655987,0.9625477379,0.9625465768,0.962546478,0.962546471,0.9625464704,0.9625464704,0.9625464704	-0.9625343629,-0.9625453954,-0.9625463135,-0.9625463847,-0.9625463902,-0.9625463906,-0.9625463906,-0.9625463906	ok
-0.54408818	-21.55310621	-47.53418846	0.7264391945	continued:5	1,1,1,1,1,1,1,1	-1,-1,-1,-1,-1,-1,-1,-1	7117.034921,17289.57632,27504.06186,37722.01027,47940.22458,58158.45923,68376.69542,78594.93174	5273.528023,15529.40909,25750.33734,35968.78166,46187.03766,56405.27931,66623.51988,76841.76036	0.9625543241,0.9625359369,0.9625346797,0.9625345833,0.9625345756,0.962534575,0.962534575,0.962534575	-0.9625224686,-0.962533512,-0.9625344181,-0.9625344875,-0.9625344927,-0.9625344932,-0.9625344932,-0.9625344932	ok
-0.54208417	-21.55310621	-48.12559634	0.7236458457	continued:5	1,1,1,1,1,1,1,1	-1,-1,-1,-1,-1,-1,-1,-1	7197.313002,17365.78075,27576.0107,37789.64432,48003.5362,58217.44792,68431.36114,78645.27447	5274.38766,15525.3287,25741.86342,35955.97714,46169.90937,56383.82793,66597.74547,76811.66293	0.9625425159,0.9625240508,0.9625227799,0.9625226576,0.9625225944,0.9625225891,0.9625225887,0.9625225887	-0.9625105726,-0.962521626,-0.9625225204,-0.9625225881,-0.9625225932,-0.9625225936,-0.9625225936,-0.9625225936	ok
-0.54008016	-21.55310621	-48.64334931	0.7208524968	continued:5	1,1,1,1,1,1,1,1	-1,-1,-1,-1,-1,-1,-1,-1	7309.883722,17474.68691,27680.71286,37890.05459,48099.64504,58309.254,68518.86432,78728.47477	5275.247544,15521.2973,25733.4624,35943.26628,46152.8951,56362.51089,66572.1257,76781.74045	0.9625305262,0.9625121441,0.962510782,0.9625107813,0.9625107741,0.9625107735,0.9625107734,0.9625107734	-0.9624986751,-0.9625097375,-0.9625106205,-0.9625106866,-0.9625106915,-0.9625106919,-0.9625106919,-0.9625106919	ok
-0.53807615	-21.55310621	-49.09683536	0.7181868653	continued:5	1,1,1,1,1,1,1,1	-1,-1,-1,-1,-1,-1,-1,-1	7442.873248,17604.05464,27805.89476,38010.96346,48216.27125,58421.59648,68626.92345,78832.25047	5276.107674,15517.31205,25725.13011,35930.64377,46135.98844,56341.32066,66546.65197,76751.98321	0.9625184682,0.962500188,0.9624989628,0.9624987969,0.9624987867,0.9624987857,0.9624987857,0.9624987856	-0.962486776,-0.9624978464,-0.9624987184,-0.962498783,-0.9624987877,-0.9624987881,-0.9624987881,-0.9624987881	ok
-0.53607214	-21.55310621	-49.49325228	0.7162689046	continued:5	1,1,1,1,1,1,1,1	-1,-1,-1,-1,-1,-1,-1,-1	7571.40113,17728.95697,27926.62467,38127.43742,48328.48076,58529.54082,68730.60211,78931.66349	5276.968049,15513.37029,25716.86262,35918.10464,46119.18337,56320.25021,66521.31618,76722.38209	0.9625063771,0.9624881826,0.9624870053,0.9624869696,0.9624869641,0.9624869635,0.9624869634,0.9624869634	-0.9624748753,-0.9624859529,-0.9624868143,-0.9624868773,-0.9624868819,-0.9624868822,-0.9624868822,-0.9624868822	ok
-0.53406814	-21.55310621	-49.83392864	0.7148919636	continued:5	-1,-1,-1,-1,-1,-1,-1,-1	-1,-1,-1,-1,-1,-1,-1,-1	7699.812445,17853.74135,28047.25019,38243.82422,48440.62067,58637.43292,68834.2463,79031.05981	5277.828669,15509.46958,25708.6563,35905.64422,46102.47425,56299.29291,66496.11074,76692.92852	-0.9624942576,-0.9624762519,-0.9624751501,-0.9624750561,-0.9624750502,-0.9624750498,-0.9624750529,-0.9624750498	-0.962462973,-0.9624740569,-0.9624749079,-0.9624749696,-0.962474974,-0.9624749743,-0.9624749743,-0.9624749743	ok
-0.53206413	-21.55310621	-50.12273472	0.7138493912	continued:5	1,1,1,1,1,1,1,1	-1,-1,-1,-1,-1,-1,-1,-1	7831.002535,17981.30391,28170.66669,38363.01742,48555.58282,58748.16327,68940.74479,79133.32639	5278.689532,15505.60762,25700.50773,35893.25815,46085.8558,56278.44254,66471.02851,76663.61442	0.9624822398,0.9624644279,0.9624632378,0.962463153,0.9624631465,0.9624631463,0.9624631463,0.9624631463	-0.9624510692,-0.9624621586,-0.9624629995,-0.9624630598,-0.9624630641,-0.9624630644,-0.9624630645,-0.9624630645	ok
-0.53006012	-21.55310621	-50.36531377	0.7133478384	continued:5	1,1,1,1,1,1,1,1	-1,-1,-1,-1,-1,-1,-1,-1	7958.513873,18105.18347,28290.41164,38478.55438,48666.90379,58855.26774,69043.63279,79231.99784	5279.550636,15501.78227,25692.41373,35880.94235,46069.32302,56257.69325,66446.06274,76634.43217	0.9624701211,0.9624524937,0.9624513115,0.9624512407,0.9624512351,0.9624512347,0.9624512347,0.9624512346	-0.9624391637,-0.9624502579,-0.9624510891,-0.962451148,-0.9624511522,-0.9624511525,-0.9624511525,-0.9624511525	ok
-0.52805611	-21.55310621	-50.56503879	0.7133083715	full	-1,-1,-1,-1,-1,-1,-1,-1	-1,-1,-1,-1,-1,-1,-1,-1	7991.908526,18134.95145,28316.05705,38500.00545,48684.15391,58868.31602,69052.47911,79236.64273	5280.411982,15497.99155,25684.37129,35868.69295,46052.87124,56237.03951,66421.20707,76605.37459	-0.9624580808,-0.9624405585,-0.9624394073,-0.9624393221,-0.9624393155,-0.9624393179,-0.9624392459,-0.9624393164	-0.9624272567,-0.962438355,-0.9624391766,-0.9624392343,-0.9624392383,-0.9624392386,-0.9624392386,-0.9624392386	ok
-0.52605210	-21.55310621	-43.13658378	0.7363564734	continued:5	1,1,1,1,1,1,1,1	-1,-1,-1,-1,-1,-1,-1,-1	7190.950293,17360.76834,27540.02897,37719.95462,47899.92623,58079.90111,68259.87621,78439.85132	5281.273567,15494.23356,25676.37761,35856.50633,46036.49603,56216.4761,66396.4555,76576.43485	0.9624316514,0.9624275858,0.9624274152,0.9624274008,0.9624274035,0.9624274027,0.9624274026,0.9624274026	-0.962415348,-0.9624264497,-0.9624272621,-0.9624273185,-0.9624273225,-0.9624273227,-0.9624273227,-0.9624273227	ok
-0.52404810	-21.55310621	-44.49532245	0.7335631245	continued:5	1,1,1,1,1,1,1,1	-1,-1,-1,-1,-1,-1,-1,-1	7122.947275,17277.30681,27451.58835,37627.28415,47803.07726,57978.87682,68154.67715,78330.47722	5282.13539,15490.50656,25668.43004,35844.37908,46020.19321,56195.99809,66371.80234,76547.60654	0.9624248128,0.9624161109,0.9624155177,0.9624154888,0.9624154874,0.9624154866,0.9624154872,0.9624154872	-0.9624034379,-0.9624145422,-0.9624153457,-0.9624154009,-0.9624154047,-0.9624154049,-0.962415405,-0.962415405	ok
-0.52204409	-21.55310621	-45.53013730	0.7307697756	continued:5	1,1,1,1,1,1,1,1	-1,-1,-1,-1,-1,-1,-1,-1	7072.175011,17214.19968,27383.73605,37555.23012,47726.85787,57898.49441,68070.13149,78241.76864	5282.997452,15486.8089,25660.52609,35832.30796,46003.95884,56175.60082,66347.24221,76518.88355	0.9624168645,0.9624044336,0.9624036177,0.9624035684,0.9624035666,0.9624035665,0.9624035664,0.9624035665	-0.9623915261,-0.9624026325,-0.9624034272,-0.9624034813,-0.962403485,-0.9624034852,-0.9624034853,-0.9624034853	ok
-0.52004008	-21.55310621	-46.39207945	0.7279764267	continued:5	1,1,1,1,1,1,1,1	-1,-1,-1,-1,-1,-1,-1,-1	7046.717203,17179.44762,27344.47524,37511.7955,47679.27027,57846.75577,68014.24198,78181.72824	5283.859749,15483.13904,25652.6634,35820.28992,45987.78918,56155.27988,66322.77,76490.26008	0.9624077208,0.96239257,0.9623917144,0.9623916506,0.9623916462,0.9623916458,0.9623916458,0.9623916458	-0.9623796128,-0.9623907206,-0.9623915067,-0.9623915598,-0.9623915634,-0.9623915636,-0.9623915636,-0.9623915636	ok
-0.51803607	-21.55310621	-47.13287764	0.7251830779	continued:5	1,1,1,1,1,1,1,1	-1,-1,-1,-1,-1,-1,-1,-1	7059.802716,17185.97525,27346.70927,37509.88033,47673.21446,57836.55967,67999.90552,78163.25141	5284.722282,15479.4955,25644.83976,35808.32208,45971.68069,56135.03106,66298.38087,76461.73065	0.9623970373,0.9623808158,0.9623796873,0.9623797178,0.9623796134,0.9623796123,0.9623796122,0.9623796122	-0.9623676979,-0.9623788066,-0.9623795843,-0.9623796364,-0.9623796399,-0.9623796401,-0.9623796401,-0.9623796401	ok
-0.51603206	-21.55310621	-47.77696171	0.7223897290	continued:5	1,1,1,1,1,1,1,1	-1,-1,-1,-1,-1,-1,-1,-1	7115.009186,17236.44608,27393.03157,37552.07309,47711.27761,57870.49265,68029.70858,78188.9245	5285.58505,15475.87692,25637.05306,35796.40171,45955.63002,56114.85038,66274.07022,76433.29002	0.9623855529,0.9623689087,0.9623677624,0.9623677777,0.9623677882,0.9623677852,0.9623677845,0.9623677856	-0.9623557815,-0.9623668904,-0.96236766,-0.962367711,-0.9623677144,-0.9623677146,-0.9623677146,-0.9623677146	ok
-0.51402806	-21.55310621	-48.33913047	0.7195963801	continued:5	1,1,1,1,1,1,1,1	-1,-1,-1,-1,-1,-1,-1,-1	7207.325171,17324.87594,27477.38346,37632.309,47787.39336,57942.48813,68097.58358,78252.67907	5286.44805,15472.282,25629.30133,35784.52622,45939.63398,56094.73408,66249.83367,76404.93323	0.9623736749,0.9623569706,0.9623559355,0.9623557699,0.9623557681,0.9623557681,0.9623557681,0.9623557681	-0.9623438634,-0.9623549722,-0.9623557338,-0.9623557838,-0.9623557871,-0.9623557873,-0.9623557873,-0.9623557873	ok
-0.51202405	-21.55310621	-48.83038787	0.7168030312	continued:5	1,1,1,1,1,1,1,1	-1,-1,-1,-1,-1,-1,-1,-1	7328.647449,17442.53069,27590.98356,37741.80334,47892.77732,58043.76135,68194.74596,78345.73072	5287.311283,15468.70951,25621.58268,35772.69314,45923.68954,56074.67854,66225.66706,76376.65555	0.9623615303,0.9623450327,0.9623440008,0.9623439384,0.9623439343,0.9623439395,0.9623439318,0.9623439335	-0.9623319438,-0.9623430519,-0.9623438057,-0.9623438548,-0.962343858,-0.9623438582,-0.9623438582,-0.9623438582	ok
-0.51002004	-21.55310621	-49.26003613	0.7144717683	continued:5	-1,-1,-1,-1,-1,-1,-1,-1	-1,-1,-1,-1,-1,-1,-1,-1	7457.051555,17567.27863,27711.68426,37858.40672,48005.27846,58152.16005,68299.04225,78445.92456	5288.174747,15465.1583,25613.89534,35760.90014,45907.79382,56054.68035,66201.56642,76348.45246	-0.962349532,-0.962332992,-0.9623320776,-0.9623320085,-0.9623320067,-0.9623320065,-0.9623320067,-0.9623320066	-0.9623200227,-0.9623311294,-0.9623318758,-0.962331924,-0.962331927,-0.9623319272,-0.9623319272,-0.9623319272	ok
-0.50801603	-21.55310621	-49.63230162	0.7126815250	continued:5	-1,-1,-1,-1,-1,-1,-1,-1	-1,-1,-1,-1,-1,-1,-1,-1	7586.639421,17693.20693,27833.57168,37976.20464,48118.9828,58261.77022,68404.55823,78547.34627	5289.038441,15461.62725,25606.23759,35749.14499,45891.94407,56034.73623,66177.52796,76320.31966	-0.962337421,-0.9623211218,-0.9623201424,-0.9623200803,-0.962320075,-0.9623200747,-0.9623200746,-0.9623200746	-0.9623081,-0.962319205,-0.962319944,-0.9623199912,-0.9623199942,-0.9623199944,-0.9623199944,-0.9623199944	ok
-0.50601202	-21.55310621	-49.95090637	0.7113045840	continued:5	1,1,1,1,1,1,1,1	-1,-1,-1,-1,-1,-1,-1,-1	7718.260337,17821.16444,27957.49345,38096.04411,48234.73558,58373.4359,68512.13703,78650.8382	5289.902364,15458.11534,25598.60785,35737.42559,45876.13768,56014.84309,66153.54808,76292.25304	0.9623253156,0.9623091878,0.9623082021,0.9623080505,0.962308032,0.9623081375,0.9623081415,0.9623081417	-0.9622961756,-0.9623072786,-0.9623080103,-0.9623080567,-0.9623080596,-0.9623080598,-0.9623080598,-0.9623080598	ok
-0.50400802	-21.55310621	-50.22081511	0.7104686627	continued:5	1,1,1,1,1,1,1,1	-1,-1,-1,-1,-1,-1,-1,-1	7846.822815,17946.06112,28078.36049,38212.8362,48347.44878,58482.06998,68616.69172,78751.3135	5290.766515,15454.62158,25591.00458,35725.73991,45860.37215,55994.99794,66129.62331,76264.24867	0.9623132411,0.9622972356,0.9622961628,0.9622961952,0.9622961978,0.9622961979,0.9622961979,0.9622961979	-0.9622842498,-0.9622953502,-0.9622960748,-0.9622961203,-0.9622961232,-0.9622961233,-0.9622961234,-0.9622961234	ok
-0.50200401	-21.55310621	-50.44560417	0.7100948273	continued:5	-1,-1,-1,-1,-1,-1,-1,-1	-1,-1,-1,-1,-1,-1,-1,-1	7973.486626,18069.05648,28197.33108,38327.73808,48458.27815,58588.82653,68719.37543,78849.92436	5291.630893,15451.14502,25583.42631,35714.08603,45844.64511,55975.19794,66105.75038,76236.3028	-0.9623012145,-0.962285278,-0.9622843271,-0.9622841636,-0.9622841573,-0.9622841571,-0.9622841571,-0.9622841571	-0.9622723223,-0.9622834197,-0.9622841374,-0.9622841822,-0.962284185,-0.9622841851,-0.9622841851,-0.9622841851	ok
-0.50000000	-21.55310621	-50.62932929	0.7097209919	full	1,1,1,1,1,1,1,1	-1,-1,-1,-1,-1,-1,-1,-1	8010.61024,18102.50632,28226.76025,38353.10428,48479.5777,58606.0591,68732.54127,78859.02351	5292.495497,15447.68479,25575.87167,35702.46212,45828.95429,55955.44039,66081.92612,76208.41183	0.9622891272,0.9622733194,0.9622723651,0.9622723159,0.96227232,0.9622723214,0.9622723215,0.9622723215	-0.9622603934,-0.9622714874,-0.9622721983,-0.9622722422,-0.962272245,-0.9622722451,-0.9622722451,-0.9622722451	ok
