delta_x	delta_ca	T0_V	T0_Ca	T0_method	T_signs	gamma_signs	T_min_times	gamma_min_times	T_tangent_Ca	gamma_tangent_Ca	status
-1.50000000	-41.24248497	-44.28951878	0.8875556889	continued:5	1,-1,1,-1,1,-1,1,-1	-1,-1,-1,-1,1,-1,1,-1	3407.832186,7946.916618,12253.63319,16659.33858,21025.15225,25407.48634,29783.04895,34161.39921	5265.516262,9978.157191,11760.51738,14543.40894,18710.76615,23165.7026,27510.35756,31901.21037	0.9251842175,-0.9248701556,0.9246960394,-0.9247652496,0.9247362375,-0.9247482354,0.9247433965,-0.9247451585	-0.9531903666,-0.5569655641,-0.975964445,-0.9259933257,0.9246119955,-0.9248025083,0.9247216224,-0.9247543698	ok
-1.49799599	-41.24248497	-44.52791756	0.8870541361	continued:5	-1,1,-1,1,-1,1,-1,1	-1,-1,-1,-1,1,-1,1,-1	3556.08452,8106.140437,12414.70712,16827.95752,21198.27982,25586.70374,29967.57596,34351.6134	5292.296287,9821.436224,11495.53139,14055.46075,18018.84163,22537.83829,26860.92144,31268.46574	-0.9236582955,0.9249193878,-0.9247354165,0.9248096608,-0.9247781849,0.924791506,-0.9247857853,0.9247882999	-0.9535312091,-0.4913852884,-0.9721903823,-0.9278960505,0.9245547236,-0.9248933271,0.9247453692,-0.9248055735	ok
-1.49599198	-41.24248497	-44.75982183	0.8865525833	continued:5	1,1,-1,1,-1,1,-1,1	-1,-1,-1,1,-1,1,-1,1	6.947538575,3662.052367,8223.077999,12533.34972,16954.19966,21328.91886,25723.43921,30109.55376	5320.596554,11244.70594,13589.72742,17306.93359,21867.28805,26177.87739,30598.59643,34973.36828	0.9580108786,0.9251747833,-0.9249685445,0.9247750527,-0.9248545786,0.9248202636,-0.9248347931,0.9248285916	-0.953874916,-0.9246501985,-0.9322229872,0.9244071633,-0.9249680399,0.9247752677,-0.9248544446,0.9248202508	ok
-1.49398798	-41.24248497	-44.98673874	0.8863853990	full	-1,1,-1,1,-1,1,-1,1	-1,-1,-1,-1,1,-1,1,-1	3706.90459,8279.053602,12590.80893,17019.3462,21398.33439,25798.96706,30190.25201,34585.59482	5350.520525,11007.33246,13150.51216,16588.89411,21137.08906,25460.47674,29884.30816,34265.38406	-0.9176553957,0.9250179757,-0.9248143131,0.9248992206,-0.924862028,0.9248779048,-0.9248710738,0.9248740426	-0.954221038,-0.8177830209,-0.9414740678,-0.9247211491,0.9249973117,-0.9248223056,0.9248957543,-0.9248635197	ok
-1.49198397	-41.24248497	-41.16837806	0.9003224270	continued:5	1,-1,1,-1,1,-1,1,-1	-1,-1,-1,-1,1,-1,1,-1	2099.768591,6751.572122,11029.96324,15480.14361,19856.94513,24266.45137,28661.61496,33063.11628	5382.174298,10782.2829,12740.36879,15878.97598,20332.60471,24707.81929,29118.00659,33512.86238	0.9247932807,-0.9251306262,0.9248300663,-0.9249553316,0.9248988341,-0.9249234492,0.9249125052,-0.9249173066	-0.9545689938,-0.6758377562,-0.9578872191,-0.9250401193,0.9249581006,-0.9248977853,0.9249241,-0.9249124464	ok
-1.48997996	-41.24248497	-41.80827677	0.8981978152	continued:5	1,-1,1,-1,1,-1,1,-1	-1,-1,-1,-1,1,-1,1,-1	2257.506826,6866.207485,11173.21262,15620.30948,20006.08673,24419.60074,28820.73157,33227.42498	5415.66393,10567.30196,12360.0729,15191.82196,19455.20301,23919.80259,28297.42299,32714.52003	0.9253099997,-0.9251307657,0.9248872189,-0.9249918268,0.9249441666,-0.9249652247,0.924955691,-0.9249600018	-0.9549180399,-0.5445333798,-0.9758143061,-0.9259251607,0.9248580733,-0.9250059718,0.9249380874,-0.9249681746	ok
-1.48797595	-41.24248497	-42.24128635	0.8960732034	continued:5	-1,1,-1,1,-1,1,-1,1	-1,-1,-1,-1,1,-1,1,-1	2403.612382,7012.608738,11326.12142,15778.85693,20169.56384,24588.78992,28995.06977,33407.26243	5451.091364,10350.4973,12008.9096,14541.61904,18526.79642,23090.74171,27427.216,31870.22299	-0.9228731993,0.9251710146,-0.9249299885,0.9250353239,-0.9249864726,0.9250085529,-0.9249982645,0.9250030493	-0.9552672386,-0.489567069,-0.9637603034,-0.928468241,0.9247459487,-0.925130057,0.9249462533,-0.9250274362	ok
-1.48597194	-41.24248497	-42.59062468	0.8939485916	continued:5	-1,1,-1,1,-1,1,-1,1	-1,-1,-1,-1,1,-1,1,-1	2538.754187,7156.511218,11472.11216,15932.29849,20327.00662,24752.31899,29163.51098,33581.25937	5488.548464,11685.07571,13939.77914,17579.95759,22196.75773,26512.85477,30972.82483,35367.63145	-0.9239192234,0.9252188514,-0.9249692606,0.9250801113,-0.9250278661,0.9250519364,-0.9250408742,0.9250459163	-0.9556154191,-0.8675279394,-0.9358513434,-0.9251802075,0.9252181112,-0.9249697861,0.9250800761,-0.9250280932	ok
-1.48396794	-41.24248497	-42.89855018	0.8918239798	continued:5	1,-1,1,-1,1,-1,1,-1	-1,-1,-1,-1,1,-1,1,-1	2658.132673,7286.635108,11603.15564,16071.29017,20469.66686,24901.18312,29317.16342,33740.47556	5528.108568,11385.90565,13392.70057,16647.3767,21200.05278,25556.17115,30006.91129,34413.70069	0.926260472,-0.9252689544,0.9250079009,-0.9251255903,0.9250691521,-0.9250956711,0.9250832031,-0.9250888563	-0.9559611383,-0.6943863776,-0.9534295814,-0.9250236398,0.9251989696,-0.9250370041,0.9251112905,-0.9250759083	ok
-1.48196393	-41.24248497	-43.18503315	0.8899060191	continued:5	1,-1,1,-1,1,-1,1,-1	-1,-1,-1,-1,1,-1,1,-1	2780.009231,7419.654418,11736.733,16212.98098,20614.84418,25052.61804,29473.28987,33902.16295	5569.814894,11106.84069,12901.33843,15759.67466,20090.05593,24560.45051,28965.20132,33401.61176	0.9253329486,-0.9253195639,0.9250461842,-0.9251712367,0.9251103043,-0.9251393677,0.9251252957,-0.9251319877	-0.9563026402,-0.5302205144,-0.9761664841,-0.9259454678,0.9250560133,-0.9251664282,0.9251127292,-0.9251382113	ok
-1.47995992	-41.24248497	-43.45857236	0.8883224270	continued:5	1,-1,1,-1,1,-1,1,-1	-1,-1,-1,1,-1,1,-1,1	2919.220254,7570.370814,11887.65441,16372.18378,20777.34556,25221.43687,29646.69864,34081.13362	5613.665216,12462.50137,14944.33546,18912.32476,23521.05056,27861.40413,32335.6056,36745.9463	0.9264607712,-0.925370622,0.9250843353,-0.9252173072,0.9251514286,-0.9251831629,0.925167657,-0.9251751554	-0.9566378235,-0.9468573092,-0.9294573724,0.9248833341,-0.9253297917,0.9251013299,-0.9252084377,0.9251555653	ok
-1.47795591	-41.24248497	-43.72230281	0.8868665523	continued:5	1,-1,1,-1,1,-1,1,-1	-1,-1,-1,-1,1,-1,1,-1	3048.061157,7710.707312,12028.04101,16520.9371,20929.24696,25379.70084,29809.4562,34249.45382	5659.592492,12070.59762,14219.62083,17736.52439,22391.52155,26713.10831,31204.08799,35613.37346	0.9261729426,-0.9254219096,0.9251220801,-0.9252632484,0.9251922996,-0.9252270369,0.9252096153,-0.9252181294	-0.9569642221,-0.7845112403,-0.9419736632,-0.9249882371,0.9254144215,-0.9251252608,0.925261683,-0.9251930404	ok
-1.47595190	-41.24248497	-43.97995991	0.8856173287	continued:5	1,-1,1,-1,1,-1,1,-1	-1,-1,-1,-1,1,-1,1,-1	3174.748873,7848.942266,12166.13648,16667.50312,21078.79798,25535.66849,29969.81417,34415.37987	5707.441842,11718.19338,13589.99082,16623.25689,21112.86163,25530.25318,29984.12035,34419.78035	0.9257700424,-0.9254734953,0.9251597791,-0.9253095961,0.9252329544,-0.9252707894,0.9252517339,-0.9252614178	-0.9572790151,-0.5717334397,-0.9693012732,-0.9255043818,0.9252992458,-0.9252379254,0.925268394,-0.9252530549	ok
-1.47394790	-41.24248497	-44.23283615	0.8847024736	continued:5	-1,1,-1,1,-1,1,-1,1	-1,-1,-1,1,-1,1,-1,1	3316.739518,8002.598855,12319.42269,16829.38556,21243.487,25706.83881,30145.26489,34596.40975	5756.94554,13048.62876,15621.17667,19725.41293,24322.46287,28689.39435,33175.80105,37602.27624	-0.9223456635,0.9255253762,-0.925197144,0.9253561344,-0.9252733836,0.9253150414,-0.9252935547,0.9253044281	-0.9575790807,-0.9604799228,-0.9282267797,0.9250585878,-0.9254371444,0.9252354524,-0.9253351215,0.9252837122	ok
-1.47194389	-41.24248497	-44.47990744	0.8839942697	continued:5	-1,1,-1,1,-1,1,-1,1	-1,-1,-1,-1,1,-1,1,-1	3452.453662,8149.969745,12466.26414,16984.91966,21401.66241,25871.5572,30314.15313,34770.88925	5807.699655,12583.21904,14760.2281,18348.36731,23044.86295,27361.74743,31880.12294,36297.01089	-0.9241409121,0.9255773949,-0.9252342127,0.9254027191,-0.9253137512,0.9253592029,-0.9253355132,0.9253477717	-0.9578611115,-0.7890001331,-0.9405190268,-0.9251805904,0.9255762887,-0.9252347058,0.9254024874,-0.925313921	ok
-1.46993988	-41.24248497	-44.72110417	0.8834927169	continued:5	-1,1,-1,1,-1,1,-1,1	-1,-1,-1,-1,1,-1,1,-1	3579.992171,8289.267869,12604.80757,17132.28688,21551.4816,26027.99612,30474.64062,34936.98882	5859.148399,12179.1573,14042.67717,17079.7569,21608.08752,26026.81268,30503.56185,34950.07633	-0.9240495523,0.9256295644,-0.9252711049,0.9254494863,-0.9253539742,0.9254032928,-0.9253771872,0.9253910414	-0.9581218067,-0.5528083984,-0.9707814849,-0.9255942633,0.9254504146,-0.9253535698,0.9254036807,-0.9253772384	ok
-1.46793587	-41.24248497	-44.95585998	0.8831188815	continued:5	1,1,-1,1,-1,1,-1,1	-1,-1,-1,1,-1,1,-1,1	64.79714619,3685.113164,8406.159697,12720.77048,17257.18328,21678.65011,26161.85996,30612.42998	5910.584308,13450.78017,15982.66016,20073.57064,24704.53228,29072.30802,33582.80072,38018.54821	0.9709641279,0.9257239208,-0.9256821904,0.9253077352,-0.9254965661,0.925393851,-0.9254478537,0.9254190003	-0.9583581368,-0.9466272699,-0.928907955,0.9251600354,-0.9255886926,0.9253495301,-0.9254726601,0.9254061525	ok
-1.46593186	-41.24248497	-45.18406637	0.8829516972	full	1,1,-1,1,-1,1,-1,1	-1,-1,-1,-1,1,-1,1,-1	100.6479625,3724.03466,8457.018032,12770.43158,17315.93663,21739.46363,26229.46479,30683.82368	5961.172515,12960.48232,15082.23983,18608.48904,23336.60884,27652.97406,32197.04893,36621.37672	0.9610114781,0.9267826352,-0.9257350923,0.9253443305,-0.9255441161,0.9254336557,-0.925492256,0.9254605631	-0.9585676589,-0.7351414589,-0.9446105373,-0.9252096584,0.9257297883,-0.9253466091,0.9255427243,-0.925434398	ok
-1.46392786	-41.24248497	-42.03861186	0.8519541268	continued:5	1,1,1,-1,1,-1,1,-1	-1,-1,-1,-1,1,-1,1,-1	555.6731058,2363.276958,5288.225231,9776.680536,14239.36211,18716.18123,23185.27177,27658.59534	6010.003806,12547.00063,14362.83869,17320.34161,21832.47683,26281.97819,30765.93803,35231.09477	0.4393071699,0.9767326177,0.9259973499,-0.9255292197,0.9255060676,-0.9255187783,0.92551184,-0.9255155299	-0.9587488266,-0.5099998033,-0.9757581342,-0.9258960521,0.9255512632,-0.9254943528,0.9255252849,-0.92550829	ok
-1.46192385	-41.24248497	-43.05158571	0.8491607779	continued:5	1,1,1,-1,1,-1,1,-1	-1,-1,-1,1,-1,1,-1,1	702.605765,2509.23382,5450.076012,9962.480624,14419.17598,18906.93115,23377.49073,27857.60897	6056.17317,13789.34999,16256.76438,20302.79112,24979.65848,29339.53316,33878.72979,38320.14207	0.4797500636,0.9765750705,0.9259792714,-0.9255897798,0.9255386923,-0.9255670872,0.9255511492,-0.9255598552	-0.9589012189,-0.9196758365,-0.9301535802,0.9252433647,-0.9257545203,0.925455867,-0.9256154153,0.9255252224	ok
-1.45991984	-41.24248497	-43.84977149	0.8463674290	continued:5	1,1,1,-1,1,-1,1,-1	-1,-1,-1,-1,1,-1,1,-1	827.390069,2618.184101,5531.972711,10036.47683,14505.03622,18993.88229,23471.32883,27955.19753	6098.870437,13326.71704,15415.74811,18913.50252,23675.3464,27988.53757,32559.82575,36989.65356	0.4839905222,0.9773568789,0.9261006222,-0.9256207154,0.9255874659,-0.9256062669,0.9255955645,-0.9256017176	-0.959025618,-0.6955512544,-0.9476266243,-0.9253078022,0.9258870943,-0.9254558136,0.9256853848,-0.9255528926	ok
-1.45791583	-41.24248497	-44.56168511	0.8435740802	continued:5	1,1,1,-1,1,-1,1,-1	-1,-1,-1,-1,1,-1,1,-1	933.4562617,2687.869335,5522.370348,9975.220524,14480.53565,18956.03685,23448.58845,27931.42305	6137.462288,12944.2107,14760.00436,17736.1456,22298.43663,26740.60534,31251.87242,35723.93115	0.4731590794,0.9770828347,0.9264512343,-0.9256112337,0.9256598166,-0.9256320594,0.9256478201,-0.9256388543	-0.9591239029,-0.4993588333,-0.9761359403,-0.9259407506,0.9257151495,-0.9256016919,0.925665587,-0.9256288668	ok
-1.45591182	-41.24248497	-45.23008664	0.8407807313	continued:5	1,1,-1,1,-1,1,-1,1	-1,-1,-1,1,-1,1,-1,1	2717.135119,5419.414014,9762.274763,14335.40042,18778.12197,23296.89511,27771.94018,32272.35587	6171.545613,14244.93744,16783.89269,20949.56002,25608.52294,29998.60539,34546.49069,39004.32154	0.9673507434,0.9272815367,-0.9255537491,0.9257644061,-0.9256399918,0.9257110866,-0.9256696838,0.9256933831	-0.9591987834,-0.9343098864,-0.9290598538,0.9254224875,-0.9258535981,0.9255935477,-0.9257394445,0.9256537421	ok
-1.45390782	-41.24248497	-45.87157332	0.8404068959	continued:5	1,1,1,-1,1,-1,1,-1	-1,-1,-1,1,-1,1,-1,1	30.36002513,2854.200367,5567.500691,9933.142085,14502.51279,18954.51575,23475.8171,27956.70292	6200.961444,13833.42364,16034.61046,19746.10616,24546.22411,28851.81028,33452.88083,37885.48547	0.9628971497,0.9675172857,0.9272338427,-0.9256100732,0.9257992319,-0.9256860361,0.9257517687,-0.9257129602	-0.9592534482,-0.7600355559,-0.9399998333,0.9252235315,-0.9260513714,0.9255607873,-0.9258317555,0.9256685626	ok
-1.45190381	-41.24248497	-46.46767654	0.8404463628	full	1,1,1,-1,1,-1,1,-1	-1,-1,-1,1,-1,1,-1,1	59.47442152,2904.635858,5643.461106,10045.93977,14603.23378,19069.66052,23590.3609,28078.94286	5573.253997,14358.58569,16877.34568,21041.49685,25720.25787,30110.62345,34674.67436,39136.9641	0.9874469193,0.9692964434,0.9270885879,-0.9256791033,0.9258255513,-0.9257374105,0.9257893779,-0.9257583066	-0.9592595179,-0.9223077778,-0.929462184,0.9254936248,-0.9259534561,0.9256685455,-0.9258324854,0.9257334933	ok
-1.44989980	-41.24248497	-40.93196229	0.8957990955	continued:5	1,-1,1,-1,1,-1,1,-1	-1,-1,-1,1,-1,1,-1,1	2017.94721,6981.279758,11186.62492,15855.68592,20258.66298,24823.77762,29292.48702,33819.53758	5567.978675,14311.84999,16807.90967,20955.61202,25651.42521,30037.07232,34611.95677,39074.59854	0.9254213985,-0.9263336068,0.925558213,-0.9259820279,0.9257167923,-0.9258720194,0.9257772851,-0.9258337308	-0.959243268,-0.9110412412,-0.9298972876,0.92551862,-0.9260115596,0.9257016831,-0.9258819668,0.9257715531	ok
-1.44789579	-41.24248497	-41.71686288	0.8936744837	continued:5	1,-1,1,-1,1,-1,1,-1	-1,-1,-1,1,-1,1,-1,1	2192.841104,7061.844742,11337.18983,15980.38351,20406.53616,24966.37311,29445.45357,33973.99246	5562.686606,14267.80045,16743.11226,20876.11381,25588.2752,29969.39533,34555.07277,39017.93035	0.9262910568,-0.9262551692,0.925646919,-0.9259926913,0.9257752744,-0.9259047185,0.925824913,-0.925873322	-0.9592271402,-0.899398123,-0.9303362087,0.9255447661,-0.9260692475,0.9257348826,-0.9259315755,0.925809422	ok
-1.44589178	-41.24248497	-42.20359249	0.8913432208	continued:5	1,-1,1,-1,1,-1,1,-1	-1,-1,-1,1,-1,1,-1,1	2333.116329,7194.372947,11480.23084,16126.81417,20557.33593,25122.57993,29605.36448,34139.29438	5557.386845,14226.21225,16682.56456,20802.55566,25530.39777,29907.17926,34503.60883,38966.54695	0.9272906158,-0.9262862155,0.9256918221,-0.9260351768,0.9258165529,-0.9259486323,0.9258659872,-0.9259165768	-0.9592111324,-0.8875263543,-0.9307760305,0.9255719836,-0.9261265231,0.9257681426,-0.9259813103,0.9258470983	ok
-1.44388778	-41.24248497	-42.58637112	0.8890119579	continued:5	1,-1,1,-1,1,-1,1,-1	-1,-1,-1,1,-1,1,-1,1	2460.452396,7329.712411,11615.16542,16270.87534,20701.93754,25274.82746,29759.81177,34300.01691	6285.083695,14051.83236,16193.85842,19856.5583,24721.75402,29010.04549,33664.22112,38096.292	0.9262503543,-0.9263365137,0.9257279443,-0.9260841352,0.9258545414,-0.9259947499,0.9259058717,-0.9259609629	-0.9593311869,-0.691665186,-0.9444824806,0.9253450799,-0.9263314343,0.9257301786,-0.9260824081,0.9258554319	ok
-1.44188377	-41.24248497	-42.91997296	0.8870939972	continued:5	-1,1,-1,1,-1,1,-1,1	-1,-1,-1,-1,1,-1,1,-1	2612.220231,7493.004113,11775.44933,16441.72741,20872.23385,25453.43811,29940.0821,34486.88002	6291.968783,13836.00276,15825.31959,19219.20729,24078.3777,28376.08433,33034.01425,37470.09917	-0.9248706507,0.9263914571,-0.9257618077,0.9261347169,-0.9258910463,0.9260417245,-0.9259451784,0.9260057565	-0.9593244362,-0.5769223784,-0.9590582018,-0.9256264959,0.9263641799,-0.9257742705,0.9261253516,-0.925896479	ok
-1.43987976	-41.24248497	-43.22327197	0.8849693854	continued:5	1,-1,1,-1,1,-1,1,-1	-1,-1,-1,-1,1,-1,1,-1	2721.054174,7614.322845,11892.90588,16570.27825,20999.71471,25589.56783,30077.5322,34631.12536	6296.49179,13649.06874,15519.25043,18675.3529,23461.75197,27816.00375,32450.62959,36908.87175	0.9263283262,-0.9264476954,0.925795027,-0.926186071,0.9259272491,-0.9260892145,0.9259839507,-0.9260507817	-0.9593140266,-0.4968975515,-0.9728610228,-0.9258651721,0.9263142871,-0.9258588995,0.9261380866,-0.9259549436	ok
-1.43787575	-41.24248497	-43.51287824	0.8833857933	continued:5	-1,1,-1,1,-1,1,-1,1	-1,-1,-1,-1,1,-1,1,-1	2870.405437,7776.427799,12050.7719,16739.50971,21167.52363,25766.27057,30255.26657,34815.83238	6299.005233,13480.55086,15261.67507,18211.45417,22882.07675,27322.50904,31913.57571,36407.68185	-0.9245998503,0.9265045744,-0.9258276698,0.9262377539,-0.9259630702,0.9261371595,-0.9260225651,0.9260962496	-0.9593009218,-0.4635552103,-0.9772383702,-0.926340423,0.92621713,-0.9259750289,0.9261287917,-0.9260277143	ok
-1.43587174	-41.24248497	-43.79004006	0.8818022012	continued:5	1,-1,1,-1,1,-1,1,-1	-1,-1,-1,1,-1,1,-1,1	2990.823025,7909.752957,12179.55886,16879.89819,21306.15417,25914.03581,30403.77156,34971.49559	6299.819484,15042.13304,17814.98155,22348.43966,26887.7572,31423.22253,35961.21959,40497.55323	0.9321190614,-0.926562033,0.925860182,-0.9262900344,0.9259984428,-0.9261853508,0.9260608262,-0.9261415771	-0.9592858581,-0.963581212,-0.9271461847,0.9261055622,-0.9261116868,0.9261076603,-0.9261103053,0.9261085669	ok
-1.43386774	-41.24248497	-44.06069252	0.8805529776	continued:5	-1,1,-1,1,-1,1,-1,1	-1,-1,-1,1,-1,1,-1,1	3125.20132,8057.069834,12322.12646,17034.25901,21458.44587,26075.69384,30565.87534,35140.94997	6299.203563,14852.78869,17474.80921,21864.4697,26503.17593,30978.60267,35563.22501,40075.61329	-0.9222136856,0.9266196712,-0.9258923346,0.9263428199,-0.9260334739,0.9262337023,-0.926098626,0.9261874998	-0.9592693942,-0.9284860635,-0.9284328892,0.9260009519,-0.9262579592,0.9260837323,-0.9261979283,0.926121309	ok
-1.43186373	-41.24248497	-44.32484878	0.8795104051	continued:5	-1,1,-1,1,-1,1,-1,1	-1,-1,-1,1,-1,1,-1,1	3253.15397,8198.049098,12458.10014,17182.24696,21604.02789,26230.89739,30721.20923,35303.84744	6297.388135,14687.7254,17181.37595,21429.19719,26160.23236,30577.08241,35207.0667,39695.21132	-0.910644454,0.9266777827,-0.925923969,0.926396136,-0.9260680335,0.9262828817,-0.9261359916,0.9262337313	-0.9592519512,-0.8758287834,-0.9303634647,0.9259141861,-0.9264044577,0.9260633556,-0.9262863845,0.9261338289	ok
-1.42985972	-41.24248497	-44.58316719	0.8786744837	continued:5	1,-1,1,-1,1,-1,1,-1	-1,-1,-1,1,-1,1,-1,1	3372.455324,8330.398253,12585.23527,17321.59185,21740.64274,26377.38697,30867.50734,35457.93239	6294.569525,14542.42427,16926.6727,21039.10852,25851.22253,30214.96041,34886.50333,39352.02667	0.9267384312,-0.9267361544,0.9259554765,-0.9264498851,0.9261021725,-0.9263321391,0.9261731249,-0.9262801366	-0.9592338456,-0.8137613066,-0.9330660947,0.9258491848,-0.9265439986,0.9260501448,-0.9263725202,0.926148082	ok
-1.42785571	-41.24248497	-44.83556445	0.8783006484	continued:5	-1,1,-1,1,-1,1,-1,1	-1,-1,-1,1,-1,1,-1,1	3522.351661,8493.464383,12742.80339,17491.61454,21907.56927,26554.47476,31044.05139,35642.51404	6290.914034,14413.38888,16704.10703,20689.70763,25569.72354,29888.17585,34596.15898,39041.85346	-0.9247501158,0.9267948547,-0.9259869063,0.9265040794,-0.9261358447,0.9263822245,-0.9262096555,0.9263268123	-0.9592153134,-0.7501527706,-0.9365937821,0.9258056744,-0.9266717083,0.9260456243,-0.9264542992,0.9261651836	ok
-1.42585170	-41.24248497	-45.07873063	0.8779268130	continued:5	1,1,-1,1,-1,1,-1,1	-1,-1,-1,1,-1,1,-1,1	69.56070762,3626.700579,8611.03702,12854.64244,17616.12983,22028.63329,26685.98488,31174.65804	6286.562116,14297.87694,16508.30758,20376.39239,25310.71819,29592.79402,34331.66642,38760.88255	0.9713883457,0.9265937758,-0.9268538365,0.9260178404,-0.9265587663,0.9261690685,-0.9264325208,0.9262459042	-0.9591965306,-0.6902235533,-0.9409029433,0.925780488,-0.9267848345,0.9260499632,-0.9265306573,0.9261856051	ok
-1.42384770	-41.24248497	-45.31404530	0.8777596287	full	1,1,-1,1,-1,1,-1,1	-1,-1,-1,1,-1,1,-1,1	105.8298667,3665.391335,8663.130394,12900.66766,17675.11069,22083.75849,26751.88051,31239.25406	6281.632203,14193.7075,16334.91723,20094.86123,25070.49768,29325.2467,34089.59016,38505.80058	0.9581864832,0.927735279,-0.9269135062,0.9260483777,-0.9266139216,0.9262017997,-0.9264834812,0.9262815757	-0.9591776275,-0.6365481488,-0.9458534773,0.9257663627,-0.9268824118,0.9260625681,-0.9266012633,0.9262093929	ok
-1.42184369	-41.24248497	-40.78470439	0.8928208594	continued:5	1,-1,1,-1,1,-1,1,-1	-1,-1,-1,1,-1,1,-1,1	1975.0352,7183.193511,11257.43984,16130.047,20469.41037,25190.86583,29645.13707,34290.89559	6276.2241,14099.12062,16180.40278,19841.26164,24846.44314,29082.40491,33867.25165,38273.77611	0.9258533644,-0.927266693,0.9259627491,-0.9267811597,0.9261724139,-0.9265865483,0.9262840816,-0.9264951663	-0.9591586997,-0.5899678072,-0.9512254065,0.9257382643,-0.9269648502,0.9260824885,-0.9266662768,0.9262363473	ok
-1.41983968	-41.24248497	-41.67055961	0.8904895965	continued:5	1,-1,1,-1,1,-1,1,-1	-1,-1,-1,1,-1,1,-1,1	2149.220158,7210.80412,11406.06372,16224.2335,20610.8692,25310.23657,29787.24599,34425.28229	6270.421922,14012.67309,16041.89201,19612.21388,24636.76316,28861.5621,33662.54098,38062.39531	0.9263770084,-0.9270874353,0.9260849945,-0.9267485081,0.9262531066,-0.9265977649,0.9263443998,-0.9265240104	-0.9591398174,-0.5504495641,-0.9567447534,0.9250914684,-0.9270335021,0.9261086652,-0.9267261451,0.926266149	ok
-1.41783567	-41.24248497	-42.19236422	0.8881583336	continued:5	1,-1,1,-1,1,-1,1,-1	-1,-1,-1,-1,1,-1,1,-1	2296.510054,7343.083107,11554.29127,16372.9609,20764.68227,25469.10718,29948.56658,34592.71105	6264.296601,13933.15792,15917.04014,19404.78128,24440.24133,28660.38098,33473.75728,37869.5863	0.9274744374,-0.9271063664,0.9261326257,-0.9267884571,0.9262942414,-0.926642258,0.9263837358,-0.926569141	-0.9591210308,-0.5176436905,-0.962112207,-0.9260780937,0.9270902618,-0.926140063,0.9267814577,-0.9262984365	ok
-1.41583166	-41.24248497	-42.59497007	0.8859060043	continued:5	-1,1,-1,1,-1,1,-1,1	-1,-1,-1,-1,1,-1,1,-1	2437.559067,7491.497036,11700.68107,16530.30463,20918.90003,25633.89233,30111.5108,34764.78362	6257.908003,13859.53676,15803.92276,19216.42196,24256.02594,28476.83371,33299.49017,37693.55138	-0.9233703652,0.9271583677,-0.9261660394,0.926842164,-0.9263273735,0.9266936152,-0.9264184844,0.9266178518	-0.9591023754,-0.4912017927,-0.9670301539,-0.926059985,0.9271372345,-0.9261757332,0.9268328538,-0.9263328478	ok
-1.41382766	-41.24248497	-42.94113699	0.8836536751	continued:5	1,-1,1,-1,1,-1,1,-1	-1,-1,-1,-1,1,-1,1,-1	2561.664132,7627.821003,11830.89556,16673.97929,21057.29361,25784.3838,30258.81197,34922.21147	6251.306712,13790.87255,15700.95104,19044.93761,24083.47393,28309.14837,33138.53804,37532.71312	0.9280258657,-0.9272175054,0.9261962033,-0.9268993666,0.9263582522,-0.9267472029,0.9264516791,-0.9266680847	-0.9590838759,-0.4709804337,-0.9712254906,-0.9261078498,0.9271765003,-0.9262148339,0.9268809668,-0.9263690408	ok
-1.41182365	-41.24248497	-43.25831184	0.8817357144	continued:5	-1,1,-1,1,-1,1,-1,1	-1,-1,-1,-1,1,-1,1,-1	2700.919556,7780.514901,11976.29051,16833.64868,21210.82091,25950.68596,30421.20391,35095.3063	6244.535519,13726.23491,15606.80511,18888.42564,23922.04693,28155.76569,32989.85396,37385.67387	-0.9238157355,0.9272788912,-0.9262252383,0.9269580518,-0.9263881543,0.9268019125,-0.926483976,0.9267189103	-0.9590655483,-0.4572729914,-0.9744669233,-0.9261768928,0.9272099643,-0.9262566315,0.9269263949,-0.9264066997	ok
-1.40981964	-41.24248497	-43.55662541	0.8799454712	continued:5	-1,1,-1,1,-1,1,-1,1	-1,-1,-1,-1,1,-1,1,-1	2829.953786,7923.371805,12111.32885,16983.38255,21353.84998,26106.96993,30572.99438,35258.28866	6237.630663,13664.4813,15520.38161,18745.23692,23771.24974,28015.30552,32852.51028,37251.18619	-0.9221304324,0.9273409635,-0.9262534559,0.9270174945,-0.9264173537,0.9268575854,-0.9265155535,0.9267709139	-0.9590474029,-0.4513815797,-0.9765763004,-0.9262585137,0.9272392832,-0.9263004915,0.9269696879,-0.9264455364	ok
-1.40781563	-41.24248497	-43.84362393	0.8783618791	continued:5	1,-1,1,-1,1,-1,1,-1	-1,-1,-1,-1,1,-1,1,-1	2955.678239,8063.073772,12242.87274,17129.93892,21493.21206,26260.02802,30720.99563,35417.96794	6230.622873,13603.24278,15440.75249,18613.93917,23630.59865,27886.54093,32725.67503,37128.13088	0.9298936414,-0.9274037734,0.9262817402,-0.9270779368,0.9264460023,-0.9269138276,0.9265464096,-0.926823474	-0.9590294449,-0.4584078934,-0.9774341068,-0.9263494334,0.927265843,-0.9263458697,0.9270113406,-0.9264852902	ok
-1.40581162	-41.24248497	-44.12275735	0.8771126555	continued:5	-1,1,-1,1,-1,1,-1,1	-1,-1,-1,1,-1,1,-1,1	3093.984417,8215.457213,12386.80521,17289.17646,21644.78013,26425.72897,30881.06591,35590.21696	6223.53823,15367.13241,18493.28574,23499.60913,27768.37794,32608.59582,37015.50029,41759.96027	-0.9240316902,0.9274668636,-0.9263094083,0.9271390267,-0.9264740832,0.9269710316,-0.9265765545,0.9268769208	-0.9590116762,-0.9769796992,-0.9264478459,0.9272907695,-0.9263922995,0.927051792,-0.9265257246,0.9269227912	ok
-1.40380762	-41.24248497	-44.39429636	0.8760700830	continued:5	-1,1,-1,1,-1,1,-1,1	-1,-1,-1,1,-1,1,-1,1	3224.387509,8360.047746,12522.63847,17440.61762,21788.05955,26583.59982,31032.70497,35754.5689	6216.398891,15298.85294,18382.18904,23377.79424,27659.83902,32500.58841,36912.38509,41661.71547	-0.9240613355,0.927530665,-0.9263369078,0.9272008721,-0.9265015605,0.9270293625,-0.926606151,0.9269312458	-0.958994096,-0.9752072124,-0.9265524882,0.9273149565,-0.9264393834,0.9270914275,-0.9265666262,0.9269673835	ok
-1.40180361	-41.24248497	-44.65903161	0.8752341616	continued:5	1,-1,1,-1,1,-1,1,-1	-1,-1,-1,1,-1,1,-1,1	3344.609745,8494.561743,12648.09189,17581.98584,21920.76363,26731.3666,31173.61531,35908.75208	6209.223693,15235.34196,18279.69796,23264.66832,27560.04936,32401.02834,36817.96334,41571.91711	0.9287772496,-0.9275946963,0.9263639442,-0.9272633636,0.9265283608,-0.9270884926,0.9266345595,-0.9269867277	-0.9589767019,-0.9721582986,-0.9266623264,0.9273390995,-0.926486783,0.9271305835,-0.9266078016,0.9270116706	ok
-1.39979960	-41.24248497	-44.91694237	0.8747326088	continued:5	1,-1,1,-1,1,-1,1,-1	-1,-1,-1,1,-1,1,-1,1	3473.357043,8637.686499,12781.86391,17731.97584,22061.58158,26887.73054,31322.47645,36071.47661	6202.028657,15176.10722,18184.97873,23159.75249,27468.22512,32309.34437,36731.49113,41489.94325	0.928445991,-0.9276594287,0.9263905974,-0.9273270224,0.9265545046,-0.9271485345,0.9266624047,-0.9270431659	-0.9589594901,-0.9679129364,-0.9267764271,0.9273637312,-0.9265342108,0.9271695513,-0.9266490751,0.9270558086	ok
-1.39779559	-41.24248497	-45.16610048	0.8745654246	continued:5	1,-1,1,-1,1,-1,1,-1	-1,-1,-1,1,-1,1,-1,1	77.44525085,3609.561628,8788.384551,12922.88987,17889.54474,22209.44445,27051.64878,31478.20932	6194.827412,15120.72299,18097.29868,23062.58013,27383.6631,32225.01329,36652.29434,41415.23168	0.9720970043,-0.919370891,0.9277245677,-0.9264171857,0.9273911593,-0.9265800815,0.9272096072,-0.9266893549	-0.9589424557,-0.9625794843,-0.9268939006,0.9273892539,-0.9265814232,0.9272085832,-0.9266902872,0.9270999454	ok
-1.39579158	-41.24248497	-45.40434275	0.8738572206	full	1,1,-1,1,-1,1,-1,1	-1,-1,-1,1,-1,1,-1,1	102.8257996,3559.948894,8750.021209,12877.52217,17859.18389,22170.46059,27028.07318,31446.74656	6187.63155,15068.81932,18016.0123,22972.70144,27305.7317,32147.55554,36579.76143,41347.27387	0.9599304904,0.9264461268,-0.9277846301,0.9264456743,-0.9274536085,0.9266068643,-0.9272703027,0.9267165339	-0.9589255932,-0.9562849588,-0.9270138763,0.9274159663,-0.9266282143,0.9272478976,-0.9267312922,0.9271442215	ok
-1.39378758	-41.24248497	-40.46256469	0.8899375996	continued:5	1,-1,1,-1,1,-1,1,-1	-1,-1,-1,1,-1,1,-1,1	1901.188364,7467.610238,11256.06482,16417.2474,20573.54911,25547.49471,29869.90715,34728.64215	6180.45093,15020.07327,17940.54956,22889.68687,27233.86289,32076.53156,36513.33679,41285.60973	0.9261713171,-0.9284936287,0.9262728269,-0.9277784073,0.9265027273,-0.9274816067,0.926652559,-0.9273106004	-0.9589088969,-0.9491662561,-0.9271354943,0.9274440873,-0.9266744099,0.9272876841,-0.9267719557,0.9271887719	ok
-1.39178357	-41.24248497	-41.56989338	0.8876063366	continued:5	1,-1,1,-1,1,-1,1,-1	-1,-1,-1,1,-1,1,-1,1	2104.110004,7386.212126,11436.07199,16486.81243,20745.33605,25659.72596,30039.10235,34864.15265	6173.293923,14974.2017,17870.40578,22813.12935,27167.54504,32011.53833,36452.51496,41229.82283	0.9269373849,-0.9280239222,0.9264550638,-0.9276408915,0.926626181,-0.927431284,0.9267457862,-0.9273007965	-0.9588923608,-0.9413627599,-0.9272579065,0.9274737743,-0.9267198629,0.9273281085,-0.9268121545,0.9272337269	ok
-1.38977956	-41.24248497	-42.14283197	0.8851473563	continued:5	1,-1,1,-1,1,-1,1,-1	-1,-1,-1,1,-1,1,-1,1	2249.656743,7500.471657,11581.25629,16624.70156,20893.65582,25810.23936,30192.49181,35024.09269	6166.167633,14930.95537,17805.13309,22742.64549,27106.31664,31952.20646,36396.83524,41179.53635	0.9275985016,-0.9280122105,0.926510977,-0.9276694626,0.9266704233,-0.9274735906,0.9267839075,-0.9273484999	-0.9588759787,-0.9330105251,-0.9273802823,0.9275051385,-0.9267644489,0.9273693171,-0.9268517729,0.9272792136	ok
-1.38777555	-41.24248497	-42.57264479	0.8828160934	continued:5	-1,1,-1,1,-1,1,-1,1	-1,-1,-1,1,-1,1,-1,1	2391.496419,7647.443355,11725.97131,16782.03455,21043.46532,25975.22604,30348.70875,35195.91126	6159.078075,14890.11399,17744.33307,22677.87603,27049.76066,31898.19745,36345.877,41134.40915	-0.9154084693,0.928062963,-0.9265426361,0.927729754,-0.9266977581,0.9275355437,-0.9268097956,0.9274096896	-0.9588597443,-0.9242380275,-0.9275018165,0.9275382564,-0.9268080629,0.9274114407,-0.9268907035,0.9273253578	ok
-1.38577154	-41.24248497	-42.93702336	0.8805637642	continued:5	-1,1,-1,1,-1,1,-1,1	-1,-1,-1,1,-1,1,-1,1	2523.868323,7792.569884,11861.6682,16934.92174,21184.44914,26134.72149,30496.18124,35361.65632	6152.030326,14851.48219,17687.65043,22618.48564,26997.49963,31849.20116,36299.25541,41094.13258	-0.9199910849,0.9281270761,-0.9265690201,0.9277976547,-0.9267208023,0.9276028922,-0.9268319489,0.9274748774	-0.9588436517,-0.9151633355,-0.9276217388,0.927573179,-0.9268506162,0.9274545976,-0.9269288446,0.9273722844	ok
-1.38376754	-41.24248497	-43.26716729	0.8784391524	continued:5	1,-1,1,-1,1,-1,1,-1	-1,-1,-1,1,-1,1,-1,1	2647.803448,7931.098069,11988.84459,17080.62488,21316.74471,26286.78771,30634.77676,35519.81749	6145.028661,14814.88603,17634.76766,22564.16226,26949.19123,31804.9335,36256.6176,41058.42736	0.9281937948,-0.9281947574,0.9265937631,-0.9278680218,0.926742243,-0.9276727576,0.9268527615,-0.9275426266	-0.958827695,-0.905892487,-0.9277393212,0.9276099389,-0.9268920336,0.9274988966,-0.9269661001,0.9274201194	ok
-1.38176353	-41.24248497	-43.57795295	0.8766489091	continued:5	-1,1,-1,1,-1,1,-1,1	-1,-1,-1,1,-1,1,-1,1	2785.257635,8083.769885,12129.34427,17240.30769,21462.11664,26452.75466,30786.19426,35691.8183	6138.076662,14780.17019,17585.40033,22514.61616,26904.5245,31765.13435,36217.63931,41027.04097	-0.8877468402,0.9282638997,-0.9266180512,0.9279402051,-0.9267632118,0.9277445556,-0.9268721634,0.9276124193	-0.9588118683,-0.8965188206,-0.9278538855,0.9276485555,-0.9269322521,0.9275444393,-0.9270023778,0.9274689908	ok
-1.37975952	-41.24248497	-43.87501704	0.8750653170	continued:5	-1,1,-1,1,-1,1,-1,1	-1,-1,-1,1,-1,1,-1,1	2918.627196,8232.553845,12265.52848,17396.08358,21602.89004,26614.79738,30932.72542,35859.86851	6131.177314,14747.19552,17539.29311,22469.57885,26863.21638,31729.56555,36182.02183,40999.74511	-0.9221961817,0.9283339941,-0.9266419822,0.9280135227,-0.9267832908,0.9278178668,-0.9268907137,0.9276842192	-0.9587961659,-0.8871230249,-0.9279648102,0.9276890395,-0.9269712185,0.9275913226,-0.9270375904,0.9275190296	ok
-1.37775551	-41.24248497	-44.16247995	0.8736094423	continued:5	1,-1,1,-1,1,-1,1,-1	-1,-1,-1,1,-1,1,-1,1	3033.774382,8363.136619,12383.2435,17533.7019,21724.89935,26758.6892,31060.18406,36009.75299	6124.333085,14715.83698,17496.21631,22428.80183,26825.00878,31698.00904,36149.4893,40976.33357	0.9274486543,-0.9284042022,0.9266653911,-0.9280881324,0.9268028264,-0.9278929283,0.9269082043,-0.9277579115	-0.9587805826,-0.8777736863,-0.9280715343,0.9277313957,-0.9270088876,0.9276396402,-0.9270716535,0.9275703712	ok
-1.37575150	-41.24248497	-44.44334779	0.8725668698	continued:5	1,-1,1,-1,1,-1,1,-1	-1,-1,-1,1,-1,1,-1,1	3170.243053,8515.41089,12522.04444,17692.92625,21867.69802,26924.13826,31208.11447,36181.15251	6117.545998,14685.98187,17455.96286,22392.05528,26789.66589,31670.2653,36119.78635,40956.62023	0.928164035,-0.9284756616,0.926688783,-0.9281640593,0.9268217432,-0.9279700143,0.9269249076,-0.9278340667	-0.9587651132,-0.8685281595,-0.9281735607,0.9277756252,-0.9270452227,0.9276894841,-0.9271044866,0.927623156	ok
-1.37374749	-41.24248497	-44.71605465	0.8718586659	continued:5	-1,1,-1,1,-1,1,-1,1	-1,-1,-1,1,-1,1,-1,1	3314.941032,8675.964173,12668.81997,17860.45686,22018.15245,27097.89111,31363.35807,36360.83649	6110.817693,14657.52839,17418.34574,22359.12685,26756.97192,31646.15173,36092.67592,40940.43729	-0.9245942984,0.9285474966,-0.9267118468,0.9282410723,-0.9268402624,0.9280485661,-0.9269404445,0.9279125554	-0.9587497525,-0.8594336229,-0.9282704582,0.9278217281,-0.9270801929,0.9277409457,-0.9271360122,0.9276775308	ok
-1.37174349	-41.24248497	-44.97937661	0.8713571130	continued:5	-1,1,-1,1,-1,1,-1,1	-1,-1,-1,1,-1,1,-1,1	3446.182929,8823.162225,12801.88228,18014.63857,22154.56796,27258.27936,31504.20329,36527.13009	6104.149472,14630.38428,17383.19569,22329.8204,26726.72898,31625.50126,36067.93736,40927.63356	-0.9249747423,0.928619976,-0.9267346529,0.9283193343,-0.9268579765,0.9281291894,-0.9269548738,0.927993632	-0.958734496,-0.8505282032,-0.9283618625,0.9278697034,-0.9271137735,0.9277941168,-0.9271661561,0.9277336494	ok
-1.36973948	-41.24248497	-45.23296649	0.8709832777	continued:5	1,1,-1,1,-1,1,-1,1	-1,-1,-1,1,-1,1,-1,1	71.6671037,3550.468642,8943.421136,12907.7267,18141.91678,22263.42613,27391.75352,31617.11034	6097.542354,14604.46578,17350.35927,22303.95477,26698.75532,31608.16113,36045.36477,40918.07311	0.971391122,0.927520135,-0.9286927445,0.92675728,-0.9283988366,0.9268753693,-0.9282117701,0.9269686754	-0.9587193389,-0.8418421115,-0.9284474743,0.927919551,-0.927145945,0.9278490914,-0.9271948483,0.9277916736	ok
-1.36773547	-41.24248497	-45.47681806	0.8704817248	full	1,1,-1,1,-1,1,-1,1	-1,-1,-1,1,-1,1,-1,1	101.202167,3535.143242,8941.917993,12893.70355,18148.31716,22252.05932,27404.69171,31609.38219	6090.997105,14579.69664,17319.69714,22281.36274,26672.88368,31593.99162,36024.76543,40911.63377	0.9609018169,0.9269489569,-0.9287620718,0.9267812031,-0.928476994,0.9268934441,-0.9282945551,0.9269825503	-0.958704277,-0.8333987235,-0.9285270597,0.9279712723,-0.9271766927,0.927905965,-0.927222022,0.9278517741	ok
-1.36573146	-41.24248497	-41.45828758	0.8848962200	continued:5	1,-1,1,-1,1,-1,1,-1	-1,-1,-1,1,-1,1,-1,1	2056.588089,7576.937407,11414.73001,16746.33469,20775.1691,25992.51375,30135.86041,35270.30095	6084.514274,14556.00728,17291.08253,22261.88988,26648.95991,31582.86501,36005.95846,40908.20596	0.9272274243,-0.9290278451,0.9267450246,-0.9286615688,0.9268671717,-0.9284505801,0.9269601293,-0.9283028348	-0.958689306,-0.8252155874,-0.9286004462,0.9280248701,-0.9272060068,0.9279648368,-0.9272476152,0.9279141313	ok
-1.36372745	-41.24248497	-42.08927591	0.8824372397	continued:5	1,-1,1,-1,1,-1,1,-1	-1,-1,-1,1,-1,1,-1,1	2211.206905,7673.870157,11571.08042,16884.4267,20933.53056,26148.92693,30296.85127,35438.91618	6078.094225,14533.33409,17264.39994,22245.39367,26626.84161,31574.66462,35988.77355,40907.6915	0.9289730508,-0.9289569381,0.9268107213,-0.928669035,0.926914908,-0.9284878962,0.9269971578,-0.9283564356	-0.9586744223,-0.8173053371,-0.9286675213,0.92808035,-0.9272338815,0.928025809,-0.9272715707,0.9279789362	ok
-1.36172345	-41.24248497	-42.54597904	0.8799782593	continued:5	1,-1,1,-1,1,-1,1,-1	-1,-1,-1,1,-1,1,-1,1	2348.982194,7812.880438,11709.60077,17036.80643,21073.67295,26309.90091,30439.33942,35606.93972	6071.73716,14511.61881,17239.54398,22231.74252,26606.39705,31569.28388,35973.04987,40910.00251	0.9346524074,-0.9290025172,0.9268421064,-0.928736984,0.9269378724,-0.9285667832,0.9270136515,-0.9284421911	-0.9586596217,-0.8096764995,-0.9287282285,0.9281377195,-0.9272603156,0.9280889883,-0.9272938366,0.9280463912	ok
-1.35971944	-41.24248497	-42.92831549	0.8777259301	continued:5	-1,1,-1,1,-1,1,-1,1	-1,-1,-1,1,-1,1,-1,1	2489.284271,7966.335624,11850.16281,17198.59343,21215.40929,26478.16423,30582.9413,35781.00825	6065.44314,14490.80792,17216.41835,22220.81496,26587.50413,31566.6255,35958.63498,40915.06032	-0.9252486646,0.9290720147,-0.9268658796,0.9288195727,-0.9269549725,0.9286570452,-0.9270249763,0.9285376993	-0.958644901,-0.8023342093,-0.9287825637,0.9281969886,-0.9272853118,0.9281544858,-0.9273143681,0.9281167105	ok
-1.35771543	-41.24248497	-43.27093078	0.8754736009	continued:5	1,-1,1,-1,1,-1,1,-1	-1,-1,-1,1,-1,1,-1,1	2606.565673,8099.712144,11967.33882,17339.05589,21333.319,26624.47714,30702.20049,35932.68146	6059.212104,14470.85225,17194.93494,22212.49892,26570.04943,31566.60073,35945.3839,40922.79451	0.9284585637,-0.929147777,0.9268877697,-0.928906827,0.9269705057,-0.9287518483,0.927035015,-0.928637924	-0.9586302566,-0.7952808271,-0.9288305715,0.9282581709,-0.9273088771,0.928222418,-0.927333127,0.9281901214	ok
-1.35571142	-41.24248497	-43.59263382	0.8735556402	continued:5	1,-1,1,-1,1,-1,1,-1	-1,-1,-1,1,-1,1,-1,1	2736.039452,8246.081606,12096.38055,17492.14265,21462.65647,26783.13221,30832.35523,36096.4192	6053.043889,14451.70647,17175.01301,22206.69096,26553.92735,31569.12865,35933.15819,40933.14179	0.9281742065,-0.9292256318,0.9269090914,-0.9289962006,0.9269852833,-0.9288493326,0.9270440339,-0.9287417572	-0.9586156853,-0.7885164644,-0.9288723412,0.928321282,-0.9273310226,0.9282929068,-0.9273500843,0.9282668647	ok
-1.35370741	-41.24248497	-43.89987113	0.8719720481	continued:5	-1,1,-1,1,-1,1,-1,1	-1,-1,-1,1,-1,1,-1,1	2877.156202,8404.580162,12236.73512,17657.0957,21602.85152,26953.38424,30972.81294,36271.45122	6046.93824,14433.32874,17156.57854,22203.29571,26539.03941,31574.13552,35921.82515,40946.04505	-0.8258001369,0.9293050191,-0.9269301472,0.9290875396,-0.9269998592,0.9289493131,-0.9270531179,0.9288488074	-0.9586011841,-0.7820394374,-0.9289080025,0.9283863411,-0.9273517638,0.9283660798,-0.9273652198,0.9283471948	ok
-1.35170341	-41.24248497	-44.19567652	0.8705161734	continued:5	1,-1,1,-1,1,-1,1,-1	-1,-1,-1,1,-1,1,-1,1	2999.071149,8543.922962,12357.57449,17802.8098,21723.07921,27104.17351,31092.73656,36426.70356	6040.894828,14415.68041,17139.56354,22202.22524,26525.29343,31581.55422,35911.25689,40961.45217	0.9283971024,-0.9293851382,0.926951121,-0.9291800602,0.9270144728,-0.929051702,0.9270616392,-0.9289586891	-0.9585867499,-0.7758466444,-0.9289377218,0.9284533696,-0.9273711206,0.9284420712,-0.9273785245,0.9284313808	ok
-1.34969940	-41.24248497	-44.48347082	0.8694736009	continued:5	-1,1,-1,1,-1,1,-1,1	-1,-1,-1,1,-1,1,-1,1	3141.250746,8703.889655,12498.3343,17968.88254,21862.74931,27274.97903,31231.51111,36601.54786	6034.913254,14398.72566,17123.90553,22203.39857,26512.60303,31591.32365,35901.32963,40979.31485	-0.9193905133,0.929466345,-0.9269718965,0.9292745752,-0.9270289289,0.9291560056,-0.9270704937,0.9290717217	-0.9585723801,-0.7699338877,-0.9289616977,0.9285223927,-0.9273891175,0.9285210218,-0.9273900021,0.9285197056	ok
-1.34769539	-41.24248497	-44.76192630	0.8685587458	continued:5	1,-1,1,-1,1,-1,1,-1	-1,-1,-1,1,-1,1,-1,1	3258.190253,8838.614207,12613.53008,18109.59833,21976.37602,27420.10203,31343.64113,36750.24635	6028.993066,14382.43132,17109.54702,22206.74117,26500.88688,31603.38813,35891.92287,40999.58708	0.92824569,-0.9295478553,0.926992545,-0.9293703459,0.9270435506,-0.9292624158,0.9270794143,-0.9291870767	-0.9585580719,-0.7642961352,-0.9289801573,0.9285934383,-0.9274057836,0.9286030795,-0.9273996704,0.9286124663	ok
-1.34569138	-41.24248497	-45.03217964	0.8680571930	continued:5	1,-1,1,-1,1,-1,1,-1	-1,-1,-1,1,-1,1,-1,1	3393.484921,8992.09255,12746.71471,18268.70584,22107.48672,27583.13835,31472.63463,36916.24858	6023.133762,14366.76654,17096.43511,22212.18457,26490.06823,31617.69701,35882.91866,41022.22373	0.9292373169,-0.9296310944,0.9270128701,-0.9294680358,0.9270579677,-0.929370938,0.9270884275,-0.9293049053	-0.9585438229,-0.758927745,-0.9289933525,0.9286665376,-0.927421153,0.9286883994,-0.9274075631,0.9287099731	ok
-1.34368737	-41.24248497	-45.29158257	0.8678900088	continued:5	1,-1,1,-1,1,-1,1,-1	-1,-1,-1,1,-1,1,-1,1	68.26638939,3533.558548,9150.501373,12884.32191,18432.46595,22242.51593,27750.32505,31604.92246	6017.3348,14351.70268,17084.52103,22219.66593,26480.07437,31634.20403,35874.20081,41047.17825	0.9708900503,-0.9226509888,0.9297151976,-0.9270329495,0.9295667544,-0.9270726591,0.9294814531,-0.9270981019	-0.9585296307,-0.753822644,-0.9290015559,0.9287417249,-0.9274352655,0.9287771443,-0.9274137325,0.9288125475	ok
-1.34168337	-41.24248497	-45.53811714	0.8675161734	full	1,1,-1,1,-1,1,-1,1	-1,-1,-1,1,-1,1,-1,1	100.1836854,3539.110994,9174.193361,12887.08531,18461.39466,22242.20642,27782.18279,31601.26392	6011.595604,14337.21304,17073.75983,22229.12774,26470.83612,31652.86682,35865.65416,41074.40036	0.9615218703,0.9278357202,-0.9297993451,0.9270528367,-0.9296667093,0.9270875896,-0.9295930763,0.9271082596	-0.9585154928,-0.7489744768,-0.9290050577,0.9288190381,-0.9274481662,0.9288694853,-0.9274182515,0.928920519	ok
-1.33967936	-41.24248497	-41.34943578	0.8823213463	continued:5	1,-1,1,-1,1,-1,1,-1	-1,-1,-1,1,-1,1,-1,1	2024.636986,7832.90743,11348.97382,16999.36005,20694.18162,26293.33808,30045.90122,35617.1764	6005.91557,14323.27275,17064.11005,22240.51749,26462.28741,31673.64632,35857.16392,41103.83275	0.92801064,-0.9302361013,0.926885079,-0.9298777028,0.9270740696,-0.9297646809,0.9271033852,-0.9297041152	-0.9585014073,-0.7443767266,-0.929004162,0.9288985186,-0.9274599063,0.9289656003,-0.9274212163,0.9290342207	ok
-1.33767535	-41.24248497	-42.03910455	0.8796557149	continued:5	1,-1,1,-1,1,-1,1,-1	-1,-1,-1,1,-1,1,-1,1	2171.960787,7876.99896,11508.6438,17149.97028,20854.13175,26466.03073,30203.61245,35799.13666	6000.294071,14309.85858,17055.53342,22253.78741,26454.36479,31696.50611,35848.61488,41135.40682	0.9290202462,-0.9300452413,0.9270706905,-0.9299021324,0.9271090464,-0.9298369096,0.9271258944,-0.929800819	-0.958487372,-0.7400228137,-0.9289991841,0.928980211,-0.9274705435,0.9290656761,-0.9274227496,0.9291539813	ok
-1.33567134	-41.24248497	-42.52375593	0.8771967345	continued:5	-1,1,-1,1,-1,1,-1,1	-1,-1,-1,1,-1,1,-1,1	2317.342517,8017.279136,11653.33355,17310.92192,20995.55001,26633.51352,30340.61804,35968.18764	5994.73046,14296.94884,17047.99461,22268.89419,26447.00711,31721.41173,35839.89089,41169.03708	-0.924219603,0.9300787967,-0.9271035692,0.9299830763,-0.9271296095,0.9299390951,-0.9271409867,0.9299158546	-0.9584733849,-0.7359061732,-0.9289904471,0.9290641641,-0.9274801422,0.9291699063,-0.9274230039,0.9292801145	ok
-1.33366733	-41.24248497	-42.92271441	0.8747377542	continued:5	1,-1,1,-1,1,-1,1,-1	-1,-1,-1,1,-1,1,-1,1	2443.888442,8157.676358,11776.27273,17458.09021,21113.66247,26781.6317,30453.20219,36114.4423	5989.224075,14284.52322,17041.461,22285.79883,26440.15503,31748.32973,35830.87429,41204.61373	0.933873784,-0.9301555636,0.9271232454,-0.9300824677,0.9271445865,-0.9300511704,0.927152928,-0.9300358228	-0.9584594442,-0.7320203159,-0.9289782794,0.9291504303,-0.9274887743,0.9292784915,-0.9274221641,0.9294129024	ok
-1.33166333	-41.24248497	-43.27939906	0.8726131424	continued:5	-1,1,-1,1,-1,1,-1,1	-1,-1,-1,1,-1,1,-1,1	2583.73675,8315.765831,11911.50585,17619.25277,21243.31024,26941.55325,30576.68695,36270.81118	5983.774244,14272.56271,17035.90245,22304.46638,26433.75074,31777.22667,35821.44556,41241.99251	-0.9251836226,0.9302428377,-0.9271382053,0.9301868078,-0.9271567576,0.930164921,-0.927163316,0.9301555473	-0.958445548,-0.7283588789,-0.9289630112,0.929239067,-0.9274965201,0.9293916378,-0.9274204505,0.9295525706	ok
-1.32965932	-41.24248497	-43.61010756	0.8706951817	continued:5	-1,1,-1,1,-1,1,-1,1	-1,-1,-1,1,-1,1,-1,1	2720.506294,8472.014915,12043.08134,17776.93361,21368.76073,27096.56433,30695.50098,36421.04232	5978.380284,14261.04948,17031.29112,22324.86588,26427.73759,31808.06771,35811.48316,41280.98112	-0.9261235513,0.9303338438,-0.9271479951,0.9302924341,-0.9271654964,0.9302783505,-0.9271707763,0.9302730895	-0.9584316947,-0.7249156622,-0.928944974,0.9293301355,-0.9275034675,0.9295095553,-0.9274181208,0.9296992543	ok
-1.32765531	-41.24248497	-43.92434119	0.8689049385	continued:5	-1,1,-1,1,-1,1,-1,1	-1,-1,-1,1,-1,1,-1,1	2840.321838,8612.195153,12157.15027,17916.93896,21476.22059,27232.54397,30795.93188,36551.18411	5973.041506,14249.96682,17027.60131,22346.97012,26422.05979,31840.81491,35800.86372,41321.32085	-0.8969414651,0.9304274621,-0.927148966,0.9303987064,-0.9271666244,0.9303907146,-0.9271709951,0.930388044	-0.9584178825,-0.721684657,-0.9289244964,0.9294237019,-0.9275097145,0.9296324542,-0.9274154685,0.9298529464	ok
-1.32565130	-41.24248497	-44.22811123	0.8675279975	continued:5	-1,1,-1,1,-1,1,-1,1	-1,-1,-1,1,-1,1,-1,1	2980.401829,8772.709373,12291.06374,18076.19085,21603.12596,27386.63353,30915.50383,36698.6242	5967.757219,14239.29901,17024.80928,22370.75562,26416.66211,31875.42497,35789.4627,41362.66203	-0.9257244402,0.9305219353,-0.9271331584,0.9305047638,-0.9271512335,0.9305008954,-0.9271548495,0.9304999704	-0.95840411,-0.7186600676,-0.9289019036,0.929519838,-0.9275153681,0.9297605416,-0.9274128165,0.930013428	ok
-1.32364729	-41.24248497	-44.52154844	0.8662787739	continued:5	1,-1,1,-1,1,-1,1,-1	-1,-1,-1,1,-1,1,-1,1	3096.695481,8909.952209,12400.67866,18210.47092,21705.36917,27514.61441,31010.17149,36819.32675	5962.526728,14229.03127,17022.89308,22396.20251,26411.48965,31911.84625,35777.15564,41404.53159	0.9302970271,-0.9306182999,0.9270734958,-0.9306097727,0.9270930792,-0.9306084473,0.9270959185,-0.9306082296	-0.9583903757,-0.7158363253,-0.928877514,0.9296186212,-0.9275205447,0.929894014,-0.9274104967,0.9301801683	ok
-1.32164329	-41.24248497	-44.80682725	0.8654428525	continued:5	1,-1,1,-1,1,-1,1,-1	-1,-1,-1,1,-1,1,-1,1	3231.129008,9065.621056,12527.95113,18361.46122,21824.98329,27658.40965,31122.03315,36955.45248	5957.349339,14219.14973,17021.83249,22423.29447,26406.48761,31950.01482,35763.8203,41446.29134	0.9363817137,-0.9307161247,0.9268430472,-0.9307138485,0.9268647394,-0.9307135521,0.9268664242,-0.930713628	-0.9583766779,-0.7132080998,-0.9288516395,0.9297201347,-0.9275253708,0.9300330487,-0.9274088002,0.9303521904	ok
-1.31963928	-41.24248497	-45.08188248	0.8649412997	continued:5	-1,1,-1,1,-1,1,-1,1	-1,-1,-1,1,-1,1,-1,1	3370.080383,9226.078026,12659.25783,18515.30167,21948.42495,27804.46905,31237.592,37093.6361	5952.224357,14209.64128,17021.60883,22452.01872,26401.60114,31989.8492,35749.3399,41487.08671	-0.9249616899,0.9308155333,-0.9189556615,0.9308156447,-0.9186945706,0.9308156336,-0.918693006,0.9308156335	-0.9583630156,-0.7107703042,-0.9288245828,0.929824469,-0.9275299813,0.9301777895,-0.9274078571,0.9305278981	ok
-1.31763527	-41.24248497	-45.34509542	0.8645674643	continued:5	1,1,-1,-1,1,1,-1,-1	-1,-1,-1,1,-1,1,-1,1	59.84129135,3479.368191,9357.14452,12760.40891,18637.54383,22041.59833,27918.78318,31322.77617	5947.151091,14200.4936,17022.20488,22482.36602,26396.77519,32031.24327,35733.60782,41525.78891	0.969635593,0.9287847938,-0.9309162081,-0.9280943036,0.930914629,0.9281137622,-0.9309147539,-0.928112203	-0.9583493873,-0.7085180974,-0.9287966358,0.9299317217,-0.9275345165,0.9303283282,-0.9274073275,0.9307048636	ok
-1.31563126	-41.24248497	-45.59661065	0.8644002801	full	1,1,-1,-1,1,1,-1,-1	-1,-1,-1,1,-1,1,-1,1	95.00847945,3519.704166,9419.930881,12792.01497,18688.45361,22065.23738,27962.30345,31338.30869	5942.128855,14191.69507,17023.60475,22514.33066,26391.9545,32074.05666,35716.53405,41560.9396	0.9645735666,0.9308860622,-0.9310194544,-0.9278076634,0.9310100843,0.9278335949,-0.9310116778,-0.9278290309	-0.9583357919,-0.7064468863,-0.9287680801,0.9300419989,-0.9275391177,0.9304846762,-0.9274055082,0.9308796029	ok
-1.31362725	-41.24248497	-41.19278787	0.8796733482	continued:5	1,-1,-1,1,-1,1,1,-1	-1,-1,-1,1,-1,1,-1,1	1973.719743,8192.891191,11166.95569,16843.57025,20491.32868,26353.33982,29769.61962,35692.48112	5937.156965,14183.2347,17025.79385,22547.91057,26387.0836,32118.10199,35698.05364,41590.71973	0.9280666507,-0.931913481,-0.9281608225,0.9305157564,-0.9274376192,0.9309699979,0.9294870535,-0.9311242873	-0.958322228,-0.7045523211,-0.9287391842,0.9301554156,-0.9275439148,0.9306467271,-0.927396153,0.9310473962	ok
-1.31162325	-41.24248497	-41.96840761	0.8770077168	continued:5	1,-1,-1,1,1,-1,-1,1	-1,-1,-1,1,-1,1,-1,1	2134.170622,8136.080372,11373.20764,17273.68417,20638.265,26579.87351,29892.70592,35822.73326	5932.234743,14175.10213,17028.75871,22583.10736,26382.10694,32163.12753,35678.1376,41612.98007	0.9311607872,-0.931376636,-0.9277523396,0.931114148,0.9278576461,-0.9312197202,-0.927752209,0.9311899208	-0.9583086946,-0.7028302941,-0.9287102044,0.9302720971,-0.9275490054,0.9308142022,-0.9273516996,0.9312022748	ok
-1.30961924	-41.24248497	-42.48611167	0.8743420853	continued:5	1,-1,-1,1,1,-1,-1,1	-1,-1,-1,1,-1,1,-1,1	2268.694007,8251.326504,11508.21536,17441.48292,20760.83859,26716.55409,30007.48589,35954.26817	5927.361519,14167.28758,17032.48696,22619.92647,26376.96914,32208.7943,35656.80596,41625.38821	0.9301945491,-0.9313740186,-0.9277751203,0.9312455013,0.9277907381,-0.9313037311,-0.9277739801,0.9312805025	-0.9582951906,-0.7012769336,-0.9286813837,0.9303921802,-0.9275544073,0.9309865758,-0.926966584,0.9313373512	ok
-1.30761523	-41.24248497	-42.90633582	0.8718831050	continued:5	1,-1,-1,1,1,-1,-1,1	-1,-1,-1,1,-1,1,1,-1	2403.754882,8400.748363,11634.90397,17581.48299,20879.84676,26853.45003,30117.37233,36077.83994	5922.536627,14159.78179,17036.96725,22658.37736,26371.61538,32254.64585,35634.14272,41625.74478	0.9319181993,-0.9314598012,-0.9278141513,0.9313272877,0.9278086128,-0.9313981677,-0.9278043833,0.931363589	-0.9582817149,-0.6998885994,-0.9286529505,0.9305158142,-0.9275599615,0.9311629744,0.9280591402,-0.9314456812	ok
-1.30561122	-41.24248497	-43.27722661	0.8695518421	continued:5	1,-1,-1,1,1,-1,-1,1	-1,-1,-1,1,-1,1,1,-1	2528.295533,8547.209713,11748.67273,17701.61085,20987.6263,26981.62463,30214.97415,36185.61778	5917.75941,14152.57599,17042.18915,22698.47371,26365.99192,32300.06962,35610.3118,41612.48004	0.9289788357,-0.9315664114,-0.9278652237,0.9313914262,0.9278360415,-0.931499883,-0.9278446653,0.9314381008	-0.9582682664,-0.6986618753,-0.9286251204,0.9306431626,-0.9275651045,0.9313420428,0.9278489023,-0.9315217134	ok
-1.30360721	-41.24248497	-43.62087133	0.8676338814	continued:5	-1,1,1,-1,-1,1,1,-1	-1,-1,-1,1,-1,1,1,-1	2673.927797,8717.522888,11882.3527,17836.17161,21116.76055,27133.9461,30332.74385,36308.78251	5913.029219,14145.66191,17048.14311,22740.2337,26360.04691,32344.24944,35585.57198,41585.24897	-0.9217579412,0.9316812674,0.9279296207,-0.9314410718,-0.927866475,0.9316099937,0.9278969978,-0.9314999123	-0.9582548443,-0.6975935632,-0.9285980943,0.9307744058,-0.9275682849,0.9315217726,0.9278714803,-0.9315630706	ok
-1.30160321	-41.24248497	-43.94520508	0.8658436381	continued:5	1,-1,-1,1,1,-1,-1,1	-1,-1,-1,1,-1,1,1,-1	2801.837426,8870.951981,11997.65325,17947.61236,21228.88658,27272.14869,30432.24508,36407.53618	5908.345411,14139.0317,17054.82039,22783.68038,26353.73135,32386.11089,35560.2887,41545.44735	0.9417929998,-0.9317993643,-0.9280067316,0.931478255,0.927898073,-0.9317288492,-0.9279641359,0.93154569	-0.9582414477,-0.6966806741,-0.9285720597,0.9309097422,-0.9275651854,0.9316992988,0.9279490749,-0.9315720796	ok
-1.29959920	-41.24248497	-44.25709575	0.8643877634	continued:5	-1,1,1,-1,-1,1,1,-1	-1,-1,-1,1,-1,1,1,-1	2937.708636,9033.065273,12120.298,18061.36344,21349.95722,27422.46318,30539.31708,36506.04483	5903.707353,14132.67793,17062.21298,22828.8421,26347.00038,32424.26645,35534.93958,41496.45893	-0.9223995789,0.9319205959,0.9280983214,-0.9315018315,-0.9279322155,0.9318575667,0.9280501419,-0.9315702692	-0.9582280756,-0.6959204227,-0.9285471912,0.9310493911,-0.9275416392,0.931870684,0.9280595221,-0.931556424	ok
-1.29759519	-41.24248497	-44.55803383	0.8631385398	continued:5	1,-1,-1,1,1,-1,-1,1	-1,-1,-1,1,-1,1,1,-1	3060.372551,9182.6594,12229.14287,18156.00715,21459.07133,27563.85414,30633.08547,36582.12044	5899.114421,14126.59355,17070.31358,22875.75305,26339.81487,32456.97508,35510.11174,41443.55275	0.9309734653,-0.9320450365,-0.9282072459,0.9315111991,0.9279746377,-0.9319959953,-0.9281607422,0.9315701658	-0.9582147271,-0.6953102198,-0.9285236502,0.9311935966,-0.9274255775,0.9320307403,0.9281931973,-0.9315286937	ok
-1.29559118	-41.24248497	-44.84947335	0.8622236848	continued:5	1,-1,-1,1,1,-1,-1,1	-1,-1,-1,1,-1,1,1,-1	3187.594273,9337.486804,12341.97707,18249.14155,21574.25248,27713.57563,30731.82165,36653.83537	5894.565999,14120.77191,17079.11552,22924.45393,26332.14336,32482.14234,35486.49122,41393.4898	0.9297332169,-0.9321726263,-0.9283373423,0.9315056088,0.9280413057,-0.932142637,-0.9283021253,0.9315450301	-0.9582014016,-0.6948476608,-0.9285015867,0.9313426307,-0.9205789158,0.9321729855,0.9283378175,-0.9315051244	ok
-1.29358717	-41.24248497	-45.13036970	0.8617221319	continued:5	-1,1,1,-1,-1,1,1,-1	-1,-1,-1,1,1,-1,-1,1	3330.927857,9509.41207,12470.28952,18351.67199,21707.37095,27882.00013,30847.89525,36735.18404	5890.061478,14115.20667,17088.6127,22974.99275,26323.96443,32497.39657,35464.84816,41353.94989	-0.9219672309,0.9323044078,0.928494852,-0.9314833641,-0.9282096286,0.9322933342,0.9284787652,-0.9314992562	-0.9581880981,-0.6945305227,-0.9284811402,0.9314967979,0.928165988,-0.9322898648,-0.928473785,0.9315040277	ok
-1.29158317	-41.24248497	-45.39830682	0.8613482966	continued:5	1,1,-1,-1,1,1,-1,-1	-1,-1,-1,1,1,-1,-1,1	53.25132506,3443.134236,9650.650275,12567.03675,18417.33651,21811.30984,28019.04486,30935.14656	5885.600263,14109.89183,17098.79958,23027.42592,26315.2694,32500.27421,35446.02434,41332.8378	0.9684560433,0.9292213309,-0.9324386279,-0.9286843217,0.9314472665,0.9304282515,-0.9324392613,-0.9286854536	-0.9581748159,-0.6943567529,-0.928462441,0.9316564407,0.9280604245,-0.9323733765,-0.9285749151,0.9315442227	ok
-1.28957916	-41.24248497	-45.65352024	0.8611811123	full	1,1,-1,-1,1,-1,1,1	-1,-1,-1,1,1,-1,-1,1	87.37654509,3484.405846,9722.422907,12592.14944,18404.43717,21846.76033,28081.34785,30955.53298	5881.181762,14104.82171,17109.67111,23081.81946,26306.06559,32488.51698,35430.92694,41337.46945	0.9693145706,0.9314431157,-0.9325788595,-0.9289205244,0.9313925787,-0.9274319468,0.932568848,0.9288988535	-0.9581615543,-0.6943244635,-0.9284456123,0.9318219465,0.9280893208,-0.9324161216,-0.928615906,0.9316434886	ok
-1.28757515	-41.24248497	-41.03297675	0.8769302711	continued:5	1,-1,-1,1,-1,-1,1,1	-1,-1,-1,1,1,-1,-1,1	1919.184088,9141.61911,10944.63968,14785.20904,20758.49292,23976.32282,30185.13077,33086.00554	5876.805398,14099.99091,17121.22264,23138.25066,26296.37988,32460.42384,35420.52159,41373.63491	0.9281989018,-0.9359852709,-0.9676284893,0.9279252033,-0.9318724,-0.9281222895,0.9325434332,0.9288073013	-0.9581483127,-0.694431921,-0.9284307725,0.9319937565,0.9281705976,-0.9324125813,-0.928584756,0.9318168688	ok
-1.28557114	-41.24248497	-41.90544039	0.8741369222	continued:5	1,-1,-1,1,-1,1,1,-1	-1,-1,-1,1,1,-1,-1,1	2085.012555,8498.111019,11129.24484,16632.65959,20494.3428,26461.83559,29682.71738,35924.93685	5872.470599,14095.39431,17133.44997,23196.81007,26286.26278,32415.14033,35415.8052,41444.51647	0.9288257328,-0.9332151716,-0.9310839077,0.9306985946,-0.9279701641,0.9319035967,0.9281507282,-0.9326930108	-0.9581350902,-0.6946775432,-0.9284180386,0.932172375,0.9282964837,-0.9323601838,-0.9284922855,0.9320744069	ok
-1.28356713	-41.24248497	-42.45855622	0.8716779419	continued:5	-1,1,1,-1,1,-1,-1,1	-1,-1,-1,1,1,-1,-1,1	2247.733453,8608.126834,11297.33517,16910.66566,20620.50902,26775.44844,29734.46291,35737.06238	5868.176803,14091.02706,17146.34923,23257.6042,26275.79275,32352.76289,35417.73684,41549.19613	-0.9261892603,0.9331042296,0.9303856982,-0.9310124969,0.9279038977,-0.9324855165,-0.9286464361,0.9320488258	-0.9581218863,-0.6950598872,-0.9284075304,0.9323583841,0.9284752949,-0.9322596956,-0.9283706347,0.9324169777	ok
-1.28156313	-41.24248497	-42.89568165	0.8690123104	continued:5	1,-1,-1,1,-1,1,1,-1	-1,-1,-1,1,1,-1,-1,1	2368.66178,8745.370883,11405.63506,16993.24042,20737.70787,26881.47169,29848.98091,35889.07559	5863.92346,14086.88455,17159.91686,23320.75879,26265.08091,32274.21374,35427.12356,41679.79159	0.9327175339,-0.9332074896,-0.9307664075,0.9309901763,-0.9279520688,0.932502299,0.9286479174,-0.9322024566	-0.9581087004,-0.6955776437,-0.9283993763,0.9325524598,0.9287259052,-0.9321147659,-0.9282635255,0.932826377	ok
-1.27955912	-41.24248497	-43.28021273	0.8666810475	continued:5	1,-1,-1,1,-1,1,1,-1	-1,-1,-1,1,1,-1,-1,1	2501.302697,8909.724035,11521.45324,17050.21217,20876.07746,26949.02667,30007.5016,36190.95181	5859.710025,14082.96243,17174.14956,23386.4233,26254.27587,32180.94892,35444.48568,41815.44461	0.9333856675,-0.9333602756,-0.9314962485,0.9308852704,-0.9280316986,0.9323450393,0.9284409514,-0.9326691836	-0.9580955318,-0.6962296298,-0.9283937209,0.9327553949,0.9290800788,-0.9319308671,-0.9282388723,0.9332422793	ok
-1.27755511	-41.24248497	-43.63374902	0.8645564357	continued:5	1,-1,-1,1,-1,1,1,-1	-1,-1,-1,1,1,-1,1,-1	2628.451473,9073.6087,11630.64802,17087.58303,21013.66601,26980.17751,30182.45758,36547.64982	5855.535964,14079.25654,17189.04428,23454.77679,26243.56875,32074.62077,35469.94578,41914.58436	0.9301894181,-0.9335311326,-0.9325264291,0.9307493984,-0.928134496,0.9320890404,0.9282790315,-0.933276572	-0.95808238,-0.6970147807,-0.9283907375,0.9329681282,0.9295887956,-0.9317141012,0.9258250258,-0.9335294448	ok
-1.27555110	-41.24248497	-43.96812492	0.8627661924	continued:5	1,-1,-1,1,-1,1,-1,1	-1,-1,-1,1,1,-1,1,-1	2764.288556,9249.360401,11748.11773,17124.00069,21163.7318,26995.91752,30385.9035,36870.80532	5851.400753,14075.76296,17204.59815,23526.03589,26233.19834,31956.79292,35503.18798,41924.65877	0.9321899046,-0.9337143547,-0.9339368573,0.9305938712,-0.9282635273,0.9317624104,-0.9244831453,0.9337138295	-0.9580692444,-0.697932143,-0.928390645,0.9331917847,0.9303331066,-0.9314702555,0.9279204015,-0.933508508	ok
-1.27354709	-41.24248497	-44.28805925	0.8613103177	continued:5	-1,1,1,-1,1,-1,1,-1	-1,-1,-1,1,1,-1,1,-1	2907.260858,9434.511039,11872.76086,17160.37937,21324.1555,27001.41785,30612.33193,37012.62046	5847.303874,14072.47797,17220.80845,23600.46583,26223.45659,31828.74447,35543.52397,41827.39397	-0.9252822466,0.9339080142,0.9358408296,-0.9304246404,0.9284227087,-0.9313915228,0.9279903728,-0.9334935569	-0.9580561246,-0.6989808678,-0.9283937355,0.9334277294,0.9314413329,-0.9312042591,0.9280479018,-0.9331263734	ok
-1.27154309	-41.24248497	-44.59551038	0.8600610941	continued:5	-1,1,1,-1,1,-1,1,-1	-1,-1,-1,1,1,-1,1,-1	3035.806359,9608.077707,11983.14818,17174.13666,21473.73614,26976.60571,30837.77522,36954.14593	5843.244822,14069.39806,17237.67255,23678.39594,26214.69477,31691.34763,35590.08376,41653.97963	-0.9231667457,0.9341140393,0.9384388398,-0.9302407512,0.9286184241,-0.9309855248,0.9281705041,-0.9326669676	-0.9580430198,-0.7001602,-0.9284004192,0.9336776456,0.933114901,-0.9309200021,0.9281989468,-0.9325118518	ok
-1.26953908	-41.24248497	-44.89219669	0.8590185217	continued:5	1,-1,-1,1,-1,1,-1,1	-1,-1,-1,1,1,-1,1,-1	3147.410304,9766.99886,12077.1587,17164.33377,21609.77205,26923.21152,31054.46112,36805.63806	5839.223097,14066.51987,17255.18792,23760.24229,26207.33122,31544.97803,35642.12522,41441.88776	0.9294814992,-0.9343313876,-0.9419255522,0.9300468153,-0.9288539705,0.9305626892,-0.9284456571,0.9316755981	-0.9580299298,-0.7014694763,-0.9284113022,0.9339436454,0.9356639146,-0.9306204111,0.9284091511,-0.9318081577	ok
-1.26753507	-41.24248497	-45.17859119	0.8585169688	continued:5	-1,1,1,-1,1,-1,1,-1	-1,-1,-1,1,1,-1,1,-1	3295.129189,9967.087251,12207.77596,17177.80213,21787.56965,26885.79016,31319.59272,36658.73552	5835.238209,14063.84026,17273.35205,23846.5414,26201.86243,31389.41144,35699.44012,41210.84321	-0.9095723434,0.9345701353,0.9467671923,-0.9298326661,0.9291488599,-0.93010749,0.9288676259,-0.9306630854	-0.958016854,-0.7029081129,-0.928427329,0.9342284375,0.9395465996,-0.9303076865,0.9286927106,-0.9310889697	ok
-1.26553106	-41.24248497	-45.45090358	0.8581431335	continued:5	1,1,-1,-1,1,-1,1,-1	-1,-1,-1,1,1,-1,1,-1	47.10347664,3410.189319,10137.61014,12306.98511,17150.44848,21938.0844,26801.48261,31561.6103	5831.289676,14061.35625,17292.16242,23938.00272,26198.88043,31223.65754,35762.84951,40965.87183	0.9671982645,0.9298163877,-0.9348242637,-0.9530853906,0.9296105082,-0.9295027218,0.9296504428,-0.92945084	-0.9580037918,-0.7044755988,-0.9284500662,0.9345355857,0.9453809435,-0.9299836811,0.9290631745,-0.9303806115	ok
-1.26352705	-41.24248497	-45.70946360	0.8579759492	full	1,1,-1,-1,1,-1,1,-1	-1,-1,-1,1,1,-1,1,-1	79.91504625,3452.42901,10241.98518,12334.81917,17033.68138,22025.64558,26614.37381,31757.45625	5827.377025,14059.06501,17311.6165,24035.59389,26199.10262,31045.66855,35834.86526,40702.40363	0.9741645782,0.9333619926,-0.9351077261,-0.9612603216,0.9293697565,-0.9299490943,0.9291769842,-0.9302807309	-0.9579907429,-0.7061714886,-0.9284823171,0.9348699315,0.9538103152,-0.9296504838,0.929539205,-0.9296926811	ok
-1.26152305	-41.24248497	-40.87649530	0.8742657928	continued:5	1,1,-1,1,1,-1,1,-1	-1,-1,-1,1,1,-1,1,-1	1875.549525,10213.2374,13947.88595,20390.33079,22879.74251,28365.35897,32250.95574,38446.62611	5823.499792,14056.96388,17331.71164,24140.68719,26203.42573,30851.82498,35920.81627,40406.58704	0.9285086471,0.9314071738,-0.9282269149,0.9339508391,0.9345781827,-0.9311449859,0.9283304316,-0.9331552153	-0.9579777069,-0.7079953948,-0.9285296466,0.9352383184,0.9648234976,-0.9293114361,0.9301514524,-0.929040207	ok
-1.25951904	-41.24248497	-41.85104595	0.8714724439	continued:5	1,-1,-1,-1,1,-1,1,1	-1,-1,-1,1,1,-1,1,-1	2060.293897,9702.607388,11059.37369,13678.74209,19377.5766,22940.32795,29703.62848,31805.06433	5819.657519,14055.05036,17352.44511,24255.32951,26213.02933,30636.02534,36031.36844,40050.91716	0.9301717519,-0.9387581342,-0.4204364697,-0.9321871968,0.9317506046,-0.9281551735,0.9351292344,0.9606648294	-0.9579646834,-0.7099469759,-0.9286048716,0.9356509345,0.975258158,-0.9289731661,0.9309570757,-0.9284756968	ok
-1.25751503	-41.24248497	-42.43501627	0.8688068125	continued:5	-1,1,1,-1,1,1,-1,1	-1,-1,-1,1,1,-1,1,-1	2211.784463,9348.418665,11081.69213,14922.05578,21250.75982,23873.0172,29642.26533,33093.95062	5815.849758,14053.32209,17373.81405,24382.78787,26229.58956,30388.07022,36189.67695,39591.43256	-0.9245775418,0.9366357322,0.9188728679,-0.9283501927,0.9336807298,0.931775114,-0.9319886127,0.928044074	-0.9579516718,-0.712025933,-0.9287455459,0.9361240328,0.971122129,-0.9286500906,0.932079714,-0.9277002607	ok
-1.25551102	-41.24248497	-42.89134442	0.8661411810	continued:5	1,-1,-1,1,-1,-1,1,-1	-1,-1,-1,1,1,-1,1,1	2340.433062,9511.557293,11206.19114,14943.37512,21497.0205,23819.33097,29043.5625,33317.58212	5812.076066,14051.77684,17395.81539,24528.80115,26255.76966,30090.85348,36457.99755,39019.47423	0.8794193494,-0.9368431113,-0.8815436383,0.9283089763,-0.9344930161,-0.9418910709,0.9306162694,-0.9288241644	-0.9579386718,-0.7142319952,-0.9291290454,0.9366862126,0.9121682515,-0.9283742872,0.9338589688,0.9329428343	ok
-1.25350701	-41.24248497	-43.28854364	0.8638099181	continued:5	-1,1,1,-1,1,1,-1,1	-1,-1,-1,1,1,-1,1,1	2480.89116,9777.73944,11361.17052,14753.8148,22034.35274,23630.62277,27065.95151,34304.06825	5808.336012,14050.41254,17418.44589,24705.04765,26296.53139,29715.97582,36974.00225,38588.16336	-0.9260067118,0.9374397558,0.7284098368,-0.9274209573,0.937369976,0.7483425039,-0.9280252371,0.9371896125	-0.9579256832,-0.7165649134,-0.9393920876,0.9373959613,0.7409576553,-0.9279241554,0.9372741353,0.7753863027	ok
-1.25150301	-41.24248497	-43.65125343	0.8615575889	continued:5	1,-1,-1,-1,1,1,-1,-1	-1,-1,1,-1,-1,-1,1,1	2598.679501,10116.21644,11524.72556,14340.10291,20524.34817,23326.29932,29520.26982,32307.99287	5804.629169,14049.22723,17441.70206,24942.38909,26363.20803,29218.67222,35489.07577,38166.82397	0.9315432148,-0.9384858624,-0.4650462592,-0.9299388653,0.9333671632,0.9299048674,-0.9333980291,-0.9300100061	-0.9579127054,-0.719024449,0.9274999915,-0.9384094926,-0.4802128346,-0.9296645531,0.9336442189,0.9311000094	ok
-1.24949900	-41.24248497	-43.99415318	0.8597673456	continued:5	-1,1,1,1,-1,-1,-1,1	-1,-1,1,-1,-1,1,-1,1	2741.860116,10979.30663,13556.03764,16825.95949,24457.83961,25770.15195,28313.1331,33950.52992	5800.955119,14048.21911,17465.58016,25402.84949,28516.82465,32961.60809,38375.61624,42370.86109	-0.9241000697,0.942111209,0.6520922467,0.9287196687,-0.9390886799,-0.3817369437,-0.934364398,0.9317943062	-0.9578997381,-0.7216103637,0.9279822003,-0.9405689761,-0.9765935027,0.9291583044,-0.9312003095,0.9285942857	ok
-1.24749499	-41.24248497	-44.32082608	0.8581837535	continued:5	-1,-1,-1,1,-1,1,-1,-1	-1,-1,1,1,1,-1,1,1	2872.230772,11808.77348,13689.54953,18007.64697,23626.65808,27300.97163,34196.66919,36103.52389	5797.313451,14047.38646,17490.07618,26559.93628,28251.92949,32034.60795,38650.76838,40859.68562	-0.9220362142,-0.9360932553,-0.9746859376,0.9290002663,-0.9317856084,0.9283835301,-0.9359885857,-0.9764849757	-0.9578867811,-0.7243224076,0.9281493769,0.9369344441,0.870107841,-0.9284477225,0.9349372781,0.9507584271	ok
-1.24549098	-41.24248497	-44.63507547	0.8569345299	continued:5	-1,-1,-1,1,-1,1,-1,1	-1,-1,1,1,1,-1,1,-1	3006.604798,11790.82496,13928.61017,18858.99302,23579.47942,28604.02418,33186.79433,38412.96899	5793.70376,14046.72772,17515.1858,26409.92381,28343.06985,32807.51453,38211.9086,42223.38386	-0.9248622253,-0.9351869733,-0.9579408054,0.9301273894,-0.9297013336,0.9303346301,-0.9294491274,0.9308060905	-0.9578738339,-0.7271603077,0.9282436948,0.9359086808,0.9767221389,-0.9292497465,0.9312535103,-0.9286661441	ok
-1.24348697	-41.24248497	-44.93724192	0.8560196749	continued:5	-1,-1,-1,1,-1,1,1,1	-1,-1,1,1,1,-1,1,-1	3143.389769,11841.57415,14154.01566,19460.21695,23624.77596,29520.49132,32742.29057,41554.25521	5790.125651,14046.24143,17540.90438,26356.7531,28415.35491,33188.31731,38143.95579,42832.2883	-0.9265548181,-0.9346869099,-0.9431029186,0.9310409757,-0.9288608975,0.9326659509,0.9287843668,0.935450002	-0.9578608962,-0.7301237567,0.9283106522,0.9354756421,0.9669408422,-0.9298349163,0.9302165276,-0.9296722862	ok
-1.24148297	-41.24248497	-45.22660335	0.8553114709	continued:5	1,1,1,-1,1,-1,-1,1	-1,-1,1,1,1,-1,1,-1	3260.185385,11897.38124,14349.38678,19953.65845,23646.68822,30710.48879,32431.74395,36345.68079	5786.578734,14045.92625,17567.22696,26338.26634,28469.97289,33418.3847,38122.8545,43185.1782	0.941290123,0.9343404972,0.9363894992,-0.9318689673,0.9284754547,-0.9368532405,-0.8945905175,0.9286294448	-0.9578479678,-0.7332123964,0.9283650338,0.935257227,0.9589463004,-0.9302339465,0.9297345921,-0.930490062	ok
-1.23947896	-41.24248497	-45.50309293	0.8549376355	continued:5	1,1,1,1,-1,-1,-1,-1	-1,-1,1,1,1,-1,1,-1	41.2948992,3378.111183,11969.63357,14535.07532,20393.00762,23666.36841,32275.62523,34788.5277	5783.062625,14045.78095,17594.14823,26339.45238,28509.24471,33554.63631,38120.00249,43397.93379	0.9658609173,0.9303275497,0.9340901118,0.9332339963,-0.9326426503,-0.9289207113,-0.9342171802,-0.9345254005	-0.9578350483,-0.7364258081,0.9284130872,0.9351620547,0.9551139146,-0.9304853959,0.929511332,-0.9310451291	ok
-1.23747495	-41.24248497	-45.76478942	0.8547704513	full	1,1,1,1,-1,-1,1,1	-1,-1,1,1,1,-1,1,-1	72.45696355,3421.359763,11975.10525,14641.11987,20743.54329,23615.82259,30259.45911,32387.56655	5779.576948,14045.8044,17621.66254,26354.76671,28534.57354,33617.16737,38130.80441,43496.87577	0.9790851426,0.9348982283,0.9338877676,0.9315168543,-0.9334463642,-0.9296845735,0.9353191325,0.9596955058	-0.9578221375,-0.7397634927,0.9284579108,0.9351567035,0.9542731099,-0.9306064064,0.9294529819,-0.9313080667	ok
-1.23547094	-41.24248497	-40.67329172	0.8715814168	continued:5	1,1,-1,1,-1,-1,-1,1	-1,-1,1,1,1,-1,1,-1	1818.677225,10014.74945,14360.61043,20004.64026,23626.43397,32447.58453,34432.09447,39094.47949	5776.121333,14045.9956,17649.76389,26382.18006,28546.67911,33612.719,38155.47113,43485.76828	0.9287692271,0.9309109832,-0.9292180042,0.9321045631,-0.9285150229,-0.9358320085,-0.9747662145,0.9297475885	-0.957809235,-0.74322486,0.9285012191,0.9352295319,0.95598679,-0.9306024967,0.9295329681,-0.9312532357	ok
-1.23346693	-41.24248497	-41.78798235	0.8687880679	continued:5	1,1,1,1,1,-1,-1,1	-1,-1,1,1,1,-1,1,-1	2031.236275,10417.45483,13706.25193,22207.8058,25018.21261,31565.80712,33789.78408,38998.36043	5772.695416,14046.35363,17678.44593,26421.71987,28545.7943,33540.34046,38195.81684,43361.73842	0.9318952584,0.932721597,0.9291158365,0.9336383597,0.9301265965,-0.935075356,-0.950427133,0.9309813192	-0.9577963406,-0.7468092081,0.9285440416,0.935381921,0.9605009625,-0.9304720357,0.929767165,-0.9308768383	ok
-1.23146293	-41.24248497	-42.40717039	0.8659947190	continued:5	-1,-1,-1,-1,-1,1,-1,-1	-1,-1,1,1,1,-1,1,-1	2179.44507,10624.55601,13637.24099,22573.42251,24336.3039,28445.62948,34552.94994,37394.58513	5769.298841,14046.87769,17707.70199,26475.4756,28531.79267,33391.10703,38256.34117,43111.85837	-0.9236537507,-0.9332669715,-0.9292290065,-0.9367627606,-0.9222982934,0.9289626577,-0.933605783,-0.9299502454	-0.957783454,-0.7505157067,0.9285870372,0.9356286237,0.9682886965,-0.930207125,0.9302208614,-0.9302001343	ok
-1.22945892	-41.24248497	-42.88324190	0.8633290876	continued:5	-1,-1,-1,-1,-1,1,-1,-1	-1,-1,1,1,1,-1,1,-1	2316.272299,10761.89867,13754.5532,22678.05159,24445.59687,28583.06548,34651.88529,37547.82574	5765.931256,14047.56708,17737.52506,26549.06395,28504.32195,33141.29886,38353.01543,42680.74378	-0.9257705584,-0.9333387631,-0.929313863,-0.9367621734,-0.9243537065,0.9290233989,-0.9335281413,-0.9296835709	-0.957770575,-0.7543433781,0.9286306508,0.9360075021,0.9764944193,-0.9297924034,0.931061848,-0.9292784392	ok
-1.22745491	-41.24248497	-43.29309556	0.8608701072	continued:5	-1,-1,-1,-1,-1,1,-1,1	-1,-1,1,1,1,-1,1,1	2449.387134,10881.41533,13913.59704,22554.22544,24872.95495,30333.68551,34258.32987,40860.18883	5762.592316,14048.4212,17767.90783,26657.52536,28463.24156,32724.56892,38571.19244,41834.05897	-0.9259750193,-0.933296531,-0.9292362022,-0.9348863504,-0.9435472351,0.931752983,-0.9288330737,0.935442274	-0.9577577034,-0.7582910793,0.9286751967,0.9366180604,0.9473359903,-0.9292101405,0.9328738061,0.9291074153	ok
-1.22545090	-41.24248497	-43.66638108	0.8586177780	continued:5	-1,-1,-1,-1,-1,1,1,-1	-1,-1,1,1,1,-1,-1,-1	2575.020039,10991.41697,14074.13015,22594.89682,25263.16205,31553.77922,34088.11509,40043.15737	5759.281682,14049.43954,17798.84273,26861.59883,28412.36296,31871.61011,40304.66644,43314.62356	-0.9114749321,-0.9332352614,-0.9291604575,-0.934065617,-0.9317148472,0.9343693146,0.9343265026,-0.9332561707	-0.9577448388,-0.7623574782,0.9287209069,0.9378567502,0.6282218113,-0.9285044697,-0.9333718771,-0.9293210621	ok
-1.22344689	-41.24248497	-44.01730352	0.8566998173	continued:5	-1,-1,-1,-1,-1,1,1,-1	-1,-1,1,-1,-1,1,1,1	2707.537251,11109.05002,14241.57044,22696.98587,25595.24128,33128.88123,36875.70244,42644.6908	5755.999021,14050.62169,17830.3219,25823.23281,28508.52742,32244.9675,41023.32668,42994.77831	-0.9145645157,-0.9331775701,-0.9291191164,-0.9336202969,-0.9297602779,0.9395896191,0.9373535352,-0.9327240371	-0.957731981,-0.7665410293,0.9287679587,-0.9419448443,-0.7466271734,0.9287387701,0.9360166676,0.97608797	ok
-1.22144289	-41.24248497	-44.35170199	0.8551162252	continued:5	-1,-1,-1,-1,-1,-1,-1,1	-1,-1,1,-1,-1,1,1,1	2845.015072,11232.77222,14412.33571,22826.76475,25883.00169,34377.36011,37104.89335,43654.22371	5752.744004,14051.96735,17862.33732,25382.50822,29139.16859,34950.86355,38260.23195,46648.54437	-0.9254134163,-0.9331266203,-0.9291158467,-0.9333513967,-0.9292666188,-0.9339990914,-0.9310548055,0.9354094134	-0.9577191299,-0.7708399596,0.9288164929,-0.9395975514,-0.937063787,0.9328973381,0.9298912796,0.9331313182	ok
-1.21943888	-41.24248497	-44.67210656	0.8537392842	continued:5	1,1,1,1,1,1,1,1	-1,-1,1,-1,-1,-1,-1,-1	2964.990254,11339.94971,14564.22207,22950.7348,26119.03765,34522.1591,37612.33274,46056.01191	5749.51631,14053.47631,17894.88076,25189.31064,26616.83672,29670.11765,38162.53761,40879.10001	0.9342818297,0.9330812197,0.9291623436,0.9331808001,0.9291491157,0.9333223168,0.9292325154,0.9336597125	-0.9577062851,-0.7752522354,0.9288666244,-0.9385937702,-0.442161413,-0.9293431841,-0.9340527142,-0.9312117831	ok
-1.21743487	-41.24248497	-44.98052869	0.8528244291	continued:5	-1,-1,-1,-1,-1,-1,-1,-1	-1,-1,1,-1,-1,1,1,1	3107.263163,11470.42504,14736.52826,23103.35591,26351.03345,34720.38101,37955.47145,46326.93981	5746.315622,14055.14845,17927.94388,25059.92841,26610.80565,30124.70924,38517.52146,41638.50654	-0.9246092013,-0.9330424344,-0.9293161922,-0.9330748066,-0.9292410568,-0.9330968646,-0.9292114055,-0.9331152539	-0.9576934466,-0.7797755396,0.9289184509,-0.9379212407,-0.6142468902,0.9286765468,0.9332998604,0.9292175322	ok
-1.21543086	-41.24248497	-45.27487368	0.8521162252	continued:5	1,1,1,1,1,1,1,1	-1,-1,1,-1,-1,1,-1,-1	3227.945607,11580.11669,14885.82797,23238.39637,26542.04875,34894.69808,38197.93123,46550.59794	5743.141628,14056.98374,17961.51827,24961.25243,26617.98237,30513.13039,37572.32859,39176.28995	0.9356203344,0.9330085808,0.9300865702,0.9330121616,0.9299868069,0.9330128892,0.9299685802,0.9330130449	-0.9576806141,-0.7844072469,0.9289720571,-0.9374038563,-0.7803324717,0.9289638681,-0.9376631867,-0.697123966	ok
-1.21342685	-41.24248497	-45.55520828	0.8517423898	continued:5	1,1,1,-1,-1,1,1,-1	-1,-1,1,-1,-1,1,-1,-1	36.04319422,3348.64569,11690.7131,15033.11708,23375.27595,26717.19371,35059.33955,38401.32658	5739.994023,14058.98227,17995.59552,24880.95184,26635.34067,30852.1339,36896.2159,39773.07144	0.9645135934,0.9309621769,0.9329808541,-0.9273304057,-0.932981575,0.9272826295,0.9329814509,-0.9272895666	-0.9576677872,-0.7891443959,0.929027518,-0.9369772253,-0.8997663413,0.929345012,-0.9338213571,-0.9300164839	ok
-1.21142285	-41.24248497	-45.81971142	0.8515752055	full	1,1,1,-1,-1,1,1,-1	-1,-1,1,-1,-1,1,-1,1	65.24528491,3392.928422,11725.31436,15103.73542,23438.37324,26804.54414,35138.27813,38509.35925	5736.872504,14061.1442,18030.16725,24813.01673,26660.97131,31158.25528,36681.01463,40495.17637	0.9837328553,0.9392172081,0.932954887,-0.9284370287,-0.9329756553,0.9283002311,0.9329673305,-0.9283638674	-0.957654966,-0.7939836615,0.9290849025,-0.9366103729,-0.9593723672,0.9298065765,-0.9322398382,0.9289555539	ok
-1.20941884	-41.24248497	-40.36883949	0.8687223028	continued:5	1,1,-1,1,-1,1,-1,1	-1,-1,1,-1,-1,1,-1,1	1719.237962,9842.019059,14623.12101,19680.53104,24292.25864,29626.94168,33773.92612,40007.95757	5733.776777,14063.46979,18065.22523,24754.04113,26693.78595,31444.91702,36552.58721,41082.0627	0.9290623836,0.9307747186,-0.9303905649,0.9310258208,-0.9300480481,0.9317472935,-0.9293140335,0.9345696416	-0.9576421502,-0.7989213257,0.9291442742,-0.9362859279,-0.9762598625,0.930324971,-0.9311506973,0.9298958791	ok
-1.20741483	-41.24248497	-41.71409770	0.8659289539	continued:5	1,1,-1,-1,-1,1,-1,-1	-1,-1,1,-1,-1,1,-1,1	1982.062168,10240.32212,14025.42607,22601.49848,24928.0286,30597.76404,34138.73786,42489.80264	5730.70655,14065.95942,18100.7614,24701.89514,26733.15057,31722.60307,36450.72175,41601.39916	0.9300150577,0.9323618635,-0.9289860836,-0.9351305556,-0.9441245087,0.9327564704,-0.928833019,-0.9332505695	-0.9576293396,-0.80395325,0.9292056929,-0.9359931241,-0.9728670285,0.9308925122,-0.930309923,0.9312941571	ok
-1.20541082	-41.24248497	-42.37644414	0.8631356050	continued:5	1,1,-1,-1,-1,-1,1,1	-1,-1,1,-1,-1,1,-1,1	2141.227395,10434.55468,13990.06474,22337.14049,25587.0913,33897.31922,37353.27103,45672.9358	5727.661536,14068.61353,18136.768,24655.15023,26778.68959,31999.94839,36347.01347,42177.07538	0.9360267305,0.9327690451,-0.9288680398,-0.9332766374,-0.9294738478,-0.9329319188,0.92878357,0.9330214922	-0.957616534,-0.8090748464,0.9292692162,-0.9357248013,-0.9631556442,0.931512164,-0.9296480168,0.9333004623	ok
-1.20340681	-41.24248497	-42.87402796	0.8603422562	continued:5	1,1,-1,-1,1,1,-1,-1	-1,-1,1,-1,-1,1,-1,1	2272.344888,10568.71498,14091.2352,22418.78616,25759.97691,34059.94961,37560.9577,45882.65142	5724.641454,14071.43268,18173.23759,24612.79639,26830.17751,32285.03493,36221.41803,43434.54806	0.9325026134,0.9328586896,-0.9288717876,-0.9331571659,0.9279022616,0.9328937165,-0.9288557796,-0.9331018092	-0.9576037333,-0.8142810495,0.9293348993,-0.9354759384,-0.9533120468,0.9321965558,-0.9291645061,0.9387546366	ok
-1.20140281	-41.24248497	-43.29918341	0.8578832758	continued:5	-1,-1,1,1,-1,-1,1,1	-1,-1,1,-1,-1,1,-1,-1	2414.162937,10705.90312,14241.5994,22565.11339,25913.24696,34206.43015,37733.35706,46054.27578	5721.646026,14074.41752,18210.16321,24574.08916,26887.47288,32587.07674,36062.05778,44370.27446	-0.9167613279,-0.9328729705,0.9289063651,0.9331801463,-0.9282186405,-0.9328873154,0.9289004508,0.9331554679	-0.9575909372,-0.8195662884,0.9294027968,-0.9352428673,-0.9453749707,0.9329716261,-0.9288579074,-0.9330336968	ok
-1.19939880	-41.24248497	-43.68343363	0.8556309466	continued:5	-1,-1,1,1,-1,-1,1,1	-1,-1,1,-1,-1,1,1,1	2547.861919,10833.51608,14391.99733,22715.05874,26049.84495,34335.95182,37891.62823,46213.75948	5718.674981,14077.56881,18247.53839,24538.46092,26950.47308,32919.60813,35877.72012,44259.65689	-0.9213863437,-0.932872203,0.9289464301,0.9332368483,-0.9277715882,-0.9328767134,0.9289446804,0.9332279653	-0.9575781457,-0.8249244588,0.9294729614,-0.9350228186,-0.9396191781,0.9338893515,0.9298528417,0.9337825188	ok
-1.19739479	-41.24248497	-44.04267731	0.8537129859	continued:5	-1,-1,1,1,-1,-1,1,1	-1,-1,1,-1,-1,1,1,-1	2687.930555,10967.46404,14549.87479,22873.74595,26187.86772,34467.37708,38049.93973,46373.86685	5715.72805,14080.88739,18285.35732,24505.46628,27019.08004,33309.6851,35712.62703,41682.16192	-0.9267713768,-0.9328695649,0.9289863392,0.9333051995,-0.9158071278,-0.9328695168,0.9289864296,0.9333057362	-0.9575653585,-0.8303489012,0.9295454469,-0.9348136448,-0.9357038542,0.9350713812,0.940153437,-0.9339355368	ok
-1.19539078	-41.24248497	-44.38354835	0.8519227427	continued:5	1,1,-1,-1,-1,-1,1,1	-1,-1,1,-1,-1,1,1,-1	2799.777501,11073.29317,14679.93435,23005.6477,26293.02976,34566.78814,38171.86912,46496.95441	5712.804969,14084.37421,18323.61486,24474.74699,27093.17182,33843.76273,35648.95664,40150.63553	0.9321821861,0.9328669559,-0.9290258972,-0.9333838061,-0.930416853,-0.9328695426,0.9290249922,0.9333777631	-0.9575525755,-0.8358323738,0.9296203055,-0.9346136422,-0.9331573613,0.9369406173,0.9274096589,-0.9300424372	ok
-1.19338677	-41.24248497	-44.71132905	0.8506735191	continued:5	-1,-1,1,1,1,1,-1,-1	-1,-1,1,-1,-1,-1,-1,1	2946.818731,11214.59185,14844.62928,23172.75578,26429.97018,34699.07328,38320.41596,46644.79764	5709.905479,14088.03033,18362.30671,24446.00835,27172.57842,36006.9809,37661.26303,41713.9288	-0.9243295811,-0.9328660323,0.9290649411,0.9334676557,0.9297856106,0.9328797669,-0.9290597513,-0.9334314558	-0.9575397965,-0.8413670347,0.9296975911,-0.9344214345,-0.931557972,-0.9376085403,-0.740231719,0.92940956	ok
-1.19138277	-41.24248497	-45.02426988	0.8496309466	continued:5	1,1,-1,-1,-1,-1,1,1	-1,-1,1,-1,-1,-1,-1,1	3072.281005,11334.59067,14987.09711,23318.08705,26542.41138,34808.10184,38438.15823,46759.04245	5707.029325,14091.85691,18401.42945,24419.00298,27257.0617,35694.34363,38380.33537,46159.62278	0.4159229721,0.9328666605,-0.9291036199,-0.9335556475,-0.9296356532,-0.9329019975,0.9290901924,0.9334578075	-0.9575270215,-0.8469444261,0.9297773576,-0.9342358902,-0.9305843669,-0.9345319299,-0.9321170465,0.9420871219	ok
-1.18937876	-41.24248497	-45.32336461	0.8489227427	continued:5	1,1,-1,-1,-1,-1,1,1	-1,-1,1,-1,-1,-1,-1,-1	3196.809343,11453.94976,15127.82458,23461.95729,26651.67774,34915.25763,38545.75866,46859.96638	5704.176254,14095.85521,18440.98067,24393.51911,27346.30074,35677.49424,38884.26357,47146.04938	0.9337529249,0.9328693505,-0.9291417259,-0.9336466304,-0.9296044345,-0.9329371937,0.9291156079,0.9334522053	-0.9575142502,-0.8525554574,0.9298596599,-0.9340560678,-0.9300150545,-0.9336182596,-0.9296270648,-0.9329183513	ok
-1.18737475	-41.24248497	-45.60730331	0.8485489073	continued:5	1,1,1,-1,-1,-1,-1,1	-1,-1,1,-1,-1,-1,1,1	31.23568974,3320.255449,11572.50675,15266.6705,23604.13936,26758.06474,35020.87045,38643.0251	5701.346021,14100.02661,18480.95907,24369.37205,27439.88459,35719.32282,39230.80359,47503.5546	0.9631584391,0.9315351463,0.9328738591,-0.9291798404,-0.9337395653,-0.9296250495,-0.9329859932,0.929135759	-0.9575014825,-0.8581904022,0.9299445543,-0.9338811736,-0.9297155824,-0.93315984,0.9290670373,0.9330904406	ok
-1.18537074	-41.24248497	-45.87436926	0.8483817230	full	1,1,1,-1,-1,-1,-1,1	-1,-1,1,-1,-1,-1,1,1	58.09428313,3365.609203,11613.06554,15327.6687,23669.29575,26782.66174,35046.78538,38646.42311	5698.53838,14104.37258,18521.36453,24346.3977,27537.31414,35790.32322,39466.24193,47787.25016	0.9880312853,0.9444910604,0.9328781113,-0.9292185203,-0.9338402314,-0.9296817204,-0.9330568388,0.9291474511	-0.9574887183,-0.8638388931,0.9300320989,-0.9337105316,-0.9296689938,-0.932938238,0.9291934434,0.9336385911	ok
-1.18336673	-41.24248497	-41.65600300	0.8633967811	continued:5	1,1,-1,1,1,-1,-1,1	-1,-1,1,-1,1,1,-1,-1	1952.7842,10152.60146,14204.76242,21221.43365,22714.80288,26259.93967,34526.55489,38095.53151	5695.753094,14108.89473,18562.19826,24324.44754,27638.01491,35881.04368,39614.28206,47959.71422	0.9303574732,0.9323955662,-0.9295462662,0.9384807517,0.4695634686,-0.9291296302,-0.9331400246,0.9291539759	-0.9574759575,-0.8694899288,0.9301223534,-0.9335435616,0.9270488393,0.9328856898,-0.9292562509,-0.9339376983	ok
-1.18136273	-41.24248497	-42.35427517	0.8606034322	continued:5	-1,-1,1,1,1,1,1,-1	-1,-1,1,-1,1,1,-1,-1	2122.369503,10350.6895,14178.25546,22592.36284,25293.84584,33881.02338,35958.87109,41276.75787	5692.989925,14113.59476,18603.46286,24303.38463,27741.36017,35988.14371,39682.06754,47998.77633	-0.9224369879,-0.9327770611,0.929352096,0.9346456887,0.9320927798,0.9361412046,0.9704767381,-0.9322009124	-0.9574631998,-0.8751318848,0.9302153806,-0.9333797619,0.929071045,0.932982319,-0.9292549791,-0.9337143923	ok
-1.17935872	-41.24248497	-42.86899999	0.8578100833	continued:5	-1,-1,1,1,1,1,1,1	-1,-1,1,-1,1,1,-1,-1	2261.155451,10493.24032,14281.37999,22649.64403,25563.7636,33873.257,37130.917,45366.06072	5690.248642,14118.47451,18645.16244,24283.08029,27846.70312,36111.78099,39663.82312,47926.1052	-0.9260715217,-0.9328740453,0.929346317,0.9342792914,0.9303248962,0.9337002466,0.9301838187,0.9329081946	-0.9574504452,-0.8807525355,0.9303112456,-0.933218697,0.9292005819,0.933236605,-0.9291935075,-0.9332065285	ok
-1.17735471	-41.24248497	-43.30473960	0.8551444519	continued:5	1,1,-1,-1,-1,-1,1,1	-1,-1,1,-1,1,1,1,1	2384.055108,10614.02786,14406.06428,22769.2213,25693.80765,33991.1133,37311.41928,45542.25231	5687.529017,14123.53592,18687.30274,24263.41129,27953.41452,36256.3211,39540.28844,47770.93	0.943182448,0.9329042257,-0.9293743937,-0.934291193,-0.9303048847,-0.933633293,0.9281421584,0.9329141736	-0.9574376936,-0.8863390829,0.9304100169,-0.9330599869,0.9293022349,0.9336911619,0.9321289551,0.9329119885	ok
-1.17535070	-41.24248497	-43.69889670	0.8528131890	continued:5	1,1,-1,-1,-1,-1,-1,-1	-1,-1,1,-1,1,1,1,1	2514.38908,10741.06026,14546.30851,22911.88944,25806.00103,34110.67477,37367.68529,45595.01314	5684.830824,14128.78108,18729.89125,24244.25736,28060.92146,36435.97473,39279.17307,47613.40589	0.9359480157,0.9329205447,-0.9294095594,-0.9343754971,-0.9304846013,-0.9337672743,-0.930306117,-0.9329280338	-0.9574249449,-0.8918781992,0.9305117671,-0.9329033007,0.9294188343,0.9344667837,0.9307951535,0.9340672552	ok
-1.17334669	-41.24248497	-44.06654700	0.8508952283	continued:5	-1,-1,1,1,1,1,1,1	-1,-1,1,-1,1,1,1,-1	2661.916967,10885.13903,14705.30731,23075.11856,25929.02703,34248.12129,37397.56709,45628.49047	5682.153842,14134.21219,18772.93729,24225.49898,28168.74273,36709.19818,38858.49709,44427.94605	-0.9266849164,-0.9329341667,0.9294464776,0.9344772585,0.930753669,0.9339732451,0.9298337872,0.9330228471	-0.957412199,-0.8973560759,0.9306165731,-0.9327483508,0.9295577,0.9360256377,0.9632794065,-0.9331141626	ok
-1.17134269	-41.24248497	-44.41397588	0.8491049850	continued:5	1,1,-1,-1,-1,-1,-1,-1	-1,-1,1,-1,1,-1,-1,1	2779.618026,10999.37193,14835.23348,23210.47193,26018.03049,34359.45775,37356.61572,45611.25393	5679.497852,14139.83158,18816.45219,24207.01517,28276.51767,35591.521,39235.74034,45551.03657	0.9376005446,0.9329468138,-0.9294845184,-0.9345906672,-0.9311282017,-0.9342575667,-0.9301161889,-0.9333446862	-0.9573994556,-0.902758487,0.9307245167,-0.9325948884,0.9297206744,-0.9403384602,-0.9416544297,0.935811395	ok
-1.16933868	-41.24248497	-44.74689213	0.8477280440	continued:5	1,1,-1,-1,-1,-1,-1,-1	-1,-1,1,-1,1,-1,-1,1	2910.914883,11127.37029,14978.23228,23358.86496,26120.68295,34490.427,37310.24892,45634.58148	5676.86264,14145.64173,18860.44938,24188.68139,28384.0267,34940.27836,36839.99372,41806.00278	0.9362882433,0.932960598,-0.9295220356,-0.9347035812,-0.9315885875,-0.9345977424,-0.9310610542,-0.9341432569	-0.9573867147,-0.908070864,0.9308356858,-0.9324427023,0.9299084036,-0.9368448526,-0.9631728395,0.9314345558	ok
-1.16733467	-41.24248497	-45.06517734	0.8466854715	continued:5	1,1,-1,-1,-1,-1,-1,-1	-1,-1,1,-1,1,-1,-1,1	3041.051359,11254.34386,15119.74632,23505.90421,26221.78268,34629.12922,37240.03523,45893.79848	5674.247995,14151.64525,18904.94453,24170.36739,28491.20405,34666.58875,37112.66196,43707.3628	0.9346812513,0.9329751594,-0.9295595715,-0.9348180792,-0.9321638021,-0.9350212895,-0.9339569766,-0.9371877997	-0.9573739762,-0.9132783814,0.9309501741,-0.9322916162,0.9301213352,-0.9353660619,-0.9393319924,0.9370620516	ok
-1.16533066	-41.24248497	-45.36843055	0.8459772676	continued:5	1,1,-1,-1,-1,-1,-1,1	-1,-1,1,-1,1,-1,-1,-1	3169.093641,11379.3631,15258.78184,23650.49559,26320.8197,34779.3264,37149.55259,43463.81426	5671.653708,14157.84489,18949.95575,24151.93499,28598.14486,34479.6921,37489.58653,45727.72452	0.9330636145,0.9329905781,-0.9295972021,-0.9349329631,-0.9328740599,-0.9355623041,-0.9435734128,0.9359556386	-0.95736124,-0.9183660548,0.9310680837,-0.9321414903,0.9303600537,-0.9343285744,-0.9301629285,-0.9333197202	ok
-1.16332665	-41.24248497	-45.65546779	0.8456034322	continued:5	1,1,1,-1,-1,-1,-1,-1	-1,-1,1,-1,1,-1,1,1	27.19979661,3295.044919,11502.4331,15395.29792,23792.50719,26418.15965,34950.14795,37046.21747	5669.079573,14164.24356,18995.50372,24133.23564,28705.11026,34330.62818,37899.02,46134.11434	0.9619254574,0.9320051472,0.9330066468,-0.929634289,-0.9350470936,-0.9337399425,-0.9362889783,-0.9701844675	-0.9573485061,-0.9233188521,0.9311895242,-0.931992221,0.9306254641,-0.9334894828,0.9293994343,0.9333373458	ok
-1.16132265	-41.24248497	-45.92467184	0.8454362479	full	1,1,1,-1,-1,-1,-1,-1	-1,-1,1,-1,1,-1,1,-1	51.5037257,3341.422613,11545.96001,15452.59359,23856.18512,26433.48138,35110.15787,36831.18104	5666.525389,14170.84432,19041.61189,24114.10783,28812.5348,34200.11733,38281.93626,46239.88687	0.9915403831,0.9482680362,0.9330227081,-0.9296717663,-0.9351701901,-0.934907382,-0.9375937563,-0.7905867945	-0.9573357741,-0.9281218123,0.9313146155,-0.931843745,0.9309189505,-0.9327626636,0.9298621651,-0.9443242216	ok
-1.15931864	-41.24248497	-41.58656164	0.8606667653	continued:5	1,1,-1,1,1,-1,1,-1	-1,-1,1,-1,1,-1,1,-1	1898.388529,10063.44309,14302.92225,20820.6788,22719.31124,27764.84655,32521.67055,37807.50142	5663.990957,14177.6504,19088.3067,24094.3742,28921.04205,34077.1572,38622.71555,44323.867	0.9302475749,0.9325650129,-0.9301001093,0.9369476384,0.9592680999,-0.9317969877,0.9310785517,-0.932487172	-0.9573230442,-0.9327601772,0.9314434875,-0.931696042,0.9312425638,-0.9321084443,0.9306275099,-0.9338223784	ok
-1.15731463	-41.24248497	-42.32951976	0.8578734165	continued:5	1,1,-1,-1,-1,1,-1,1	-1,-1,1,-1,1,-1,1,-1	2080.911711,10271.40887,14279.13804,22828.61118,24826.76983,30152.18216,34368.01848,41011.21144	5661.47608,14184.66517,19135.61784,24073.83843,29031.4755,33953.32502,38941.11558,43807.2861	0.9321137312,0.9329461137,-0.9298255753,-0.9366445337,-0.97632102,0.9326377859,-0.930091144,0.9375465463	-0.9573103162,-0.9372195303,0.9315762831,-0.9315491417,0.9315992749,-0.9315072796,0.9316781591,-0.9313677399	ok
-1.15531062	-41.24248497	-42.86513593	0.8550800676	continued:5	1,1,-1,-1,-1,1,1,-1	-1,-1,1,-1,1,-1,1,-1	2228.382394,10423.10298,14385.58578,22832.55194,25166.13688,31504.88337,33628.09218,39305.13101	5658.980565,14191.89219,19183.57847,24052.28168,29144.95599,33820.37177,39278.90776,43211.76834	0.6850471242,0.9330492177,-0.9298017521,-0.9357711518,-0.946716124,0.9363014442,0.9679898176,-0.9338165268	-0.95729759,-0.9414859414,0.9317131584,-0.9314031317,0.9319933516,-0.9309518964,0.9330926348,-0.9297714652	ok
-1.15330661	-41.24248497	-43.31394374	0.8524144361	continued:5	1,1,-1,-1,-1,1,1,-1	-1,-1,1,-1,1,-1,1,1	2358.947164,10552.89848,14513.43678,22947.34465,25319.14296,31858.21759,33701.75092,38646.80187	5656.504222,14199.3352,19232.2256,24029.45888,29262.98444,33668.79445,39731.32147,42319.12931	0.9401089561,0.9330883321,-0.9298240834,-0.9357085092,-0.944133138,0.9371974575,0.9243107531,-0.9316198738	-0.9572848655,-0.945546119,0.9318542862,-0.9312581667,0.9324309554,-0.9304462724,0.9352567255,0.934850257	ok
-1.15130261	-41.24248497	-43.71734354	0.8501621069	continued:5	-1,-1,1,1,1,-1,-1,1	-1,-1,1,-1,1,-1,-1,-1	2508.137659,10700.27986,14668.31032,23102.93066,25455.26768,31943.9547,33840.64744,38947.92142	5654.046864,14206.99811,19281.60043,24005.09463,29387.62643,33487.14936,42497.44998,46065.58924	-0.9273690472,-0.9331135406,0.9298566029,0.9357770262,0.945585214,-0.9370322419,-0.9551626743,0.9320918288	-0.9572721427,-0.94938756,0.9319998563,-0.9311144839,0.9329211507,-0.9300090909,-0.9406601739,-0.9458540848	ok
-1.14929860	-41.24248497	-44.09095524	0.8480374951	continued:5	-1,-1,1,1,1,-1,-1,1	-1,-1,1,-1,1,-1,-1,1	2630.471149,10820.48785,14799.2774,23239.51492,25551.94769,31906.63809,33976.57074,39566.95399	5651.608304,14214.88504,19331.74876,23978.87906,29521.85611,33263.44049,41526.23667,44890.0928	-0.9205497202,-0.933134013,0.9298923714,0.9358928132,0.9487971079,-0.9365160533,-0.9737928723,0.9336350534	-0.9572594213,-0.9529987037,0.9321500799,-0.9309724187,0.9334777449,-0.9296795406,-0.9340283129,0.9293147826	ok
-1.14729459	-41.24248497	-44.44527329	0.8462472518	continued:5	1,1,-1,-1,-1,1,1,-1	-1,-1,1,-1,1,-1,-1,1	2754.28819,10942.25824,14931.59385,23377.56153,25650.41433,31884.95109,34132.43272,40276.96216	5649.188362,14223.00028,19382.72155,23950.46384,29670.24296,32992.12478,41180.77807,45163.89965	0.9366208804,0.9331546872,-0.9299282284,-0.9360097069,-0.9524685049,0.9360709855,0.9549608044,-0.9357108473	-0.9572467014,-0.956369079,0.9323051916,-0.9308324277,0.9341229482,-0.9290393193,-0.9331638419,0.9299216762	ok
-1.14529058	-41.24248497	-44.78358995	0.8447913771	continued:5	1,1,-1,-1,-1,1,1,-1	-1,-1,1,-1,1,1,1,-1	2877.365468,11063.402,15062.7396,23514.01694,25749.76122,31881.21736,34300.00443,41386.13883	5646.786857,14231.34835,19434.57549,23919.45881,29840.48101,32688.91335,40932.71018,44424.3553	0.932307683,0.9331764846,-0.9299636276,-0.9361229358,-0.9563479836,0.9357048822,0.9416979844,-0.9400143801	-0.9572339829,-0.9594894461,0.9324654532,-0.9306951139,0.9348955963,0.9312222808,0.933907035,-0.9295651787	ok
-1.14328657	-41.24248497	-45.10689853	0.8437488047	continued:5	1,1,-1,-1,-1,1,1,1	-1,-1,1,-1,1,1,-1,-1	3012.081281,11196.19579,15205.91333,23663.5077,25858.99486,31882.46076,34503.27082,42883.2618	5644.403612,14239.93399,19487.37369,23885.43013,30047.41369,32400.25844,39062.39327,40717.60578	0.93296972,0.9331975956,-0.9299996006,-0.9362456476,-0.9609332193,0.9353270555,0.9343193519,0.9354712879	-0.9572212658,-0.9623519283,0.932631158,-0.9305612621,0.9358731539,0.9460395767,-0.9380162788,-0.648569899	ok
-1.14128257	-41.24248497	-45.41399988	0.8430406007	continued:5	1,1,-1,-1,-1,1,1,1	-1,-1,1,-1,1,1,-1,1	3143.544294,11325.83606,15345.49179,23809.11714,25966.35022,31892.86438,34713.63304,42959.37372	5642.038454,14248.76213,19541.1866,23847.90114,30327.05468,32187.53994,37280.02806,41995.6025	0.9330655245,0.9332192104,-0.9300354308,-0.9363657102,-0.9655065017,0.934999227,0.931501121,0.9340319302	-0.9572085498,-0.9649501306,0.932802636,-0.9304318767,0.9372502976,0.9278215336,-0.9322026829,0.9312336105	ok
-1.13927856	-41.24248497	-45.70383462	0.8426667653	continued:5	1,1,1,-1,-1,-1,1,1	-1,-1,1,-1,1,1,1,-1	23.61415974,3271.922656,11452.48425,15481.6789,23951.06543,26071.89024,31910.06912,34927.22504	5639.691209,14257.83795,19596.09297,23806.35791,30827.09474,35132.43384,43336.22253,47147.53194	0.9607521435,0.9326144823,0.9332414645,-0.9300706579,-0.9364833652,-0.9697665033,0.934709279,0.9305086362	-0.9571958349,-0.9672792427,0.93298026,-0.9303082281,0.9398678224,0.930648539,0.9335523477,-0.929853449	ok
-1.13727455	-41.24248497	-45.97488641	0.8424995811	full	1,1,1,-1,-1,-1,1,1	-1,-1,1,-1,-1,-1,1,-1	44.96845258,3319.355672,11498.20508,15537.23828,24013.32968,26095.21566,31839.61039,35078.22463	5637.361709,14267.16688,19652.18117,23760.26226,32436.26268,34004.07107,38213.68111,45417.6639	0.9944489536,0.9683847715,0.9332634308,-0.9301061582,-0.93661016,-0.973670673,0.9344046386,0.9314121646	-0.9571831211,-0.9693361233,0.9331644529,-0.9301918997,-0.9384428988,-0.4948715308,0.9303136553,-0.9408899217	ok
-1.13527054	-41.24248497	-41.53841962	0.8579346588	continued:5	1,1,-1,1,1,-1,1,1	-1,-1,1,-1,-1,-1,1,1	1853.130727,9998.01863,14369.89091,20682.03734,22745.944,28458.62982,31771.14299,39948.99391	5635.049787,14276.75459,19709.55072,23709.07607,32117.23422,34458.87156,41258.87451,42732.66257	0.9304990319,0.9328191269,-0.9306163399,0.9366808709,0.9750827756,-0.9343281088,0.9291428209,0.9332947029	-0.9571704084,-0.9711193633,0.9333556971,-0.9300848219,-0.9359940045,-0.9474009213,0.9388900265,0.3739183733	ok
-1.13326653	-41.24248497	-42.31876467	0.8551413100	continued:5	1,1,-1,-1,-1,1,1,-1	-1,-1,1,-1,-1,-1,-1,1	2048.880547,10216.91242,14350.47903,23105.59961,24496.00261,28081.38437,36276.87081,40141.55879	5632.755277,14286.607,19768.31419,23652.30114,31955.82182,34895.57806,43098.302,46893.84278	0.9314856056,0.9332002512,-0.9302738415,-0.9392715763,-0.3199904815,0.9297412812,0.9335815918,-0.9299710741	-0.9571576965,-0.9726293258,0.9335545457,-0.92998924,-0.9349190785,-0.9308720079,-0.9336787958,0.929911386	ok
-1.13126253	-41.24248497	-42.87180199	0.8523479611	continued:5	1,1,-1,-1,-1,1,-1,1	-1,-1,1,-1,-1,1,1,-1	2204.834358,10377.25019,14461.70437,22996.70236,24851.26161,30012.63603,34614.96258,40346.37697	5630.478017,14296.73032,19828.5996,23589.53948,31833.63853,35238.56344,43417.72638,47434.9377	0.9417084308,0.9333065991,-0.9302341504,-0.937362446,-0.9146140297,0.9325573756,-0.9311146551,0.9344760744	-0.9571449854,-0.9738681622,0.9337616368,-0.9299074078,-0.9342599229,0.9296417415,0.9334019686,-0.9301527817	ok
-1.12925852	-41.24248497	-43.33166974	0.8496823296	continued:5	-1,-1,1,1,1,-1,1,-1	-1,-1,1,-1,-1,1,1,-1	2342.602654,10515.03513,14593.98352,23103.07777,25019.71682,30372.65989,34562.44697,42399.01601	5628.217847,14307.13102,19890.55341,23520.57655,31727.5721,35465.32289,43699.561,47181.62234	-0.9056138565,-0.933350178,0.9302511093,0.9371777786,0.9541161426,-0.9331925883,0.9304006105,-0.9448490037	-0.9571322752,-0.9748398037,0.9339777115,-0.9298399536,-0.9338281173,0.9299132391,0.9341837735,-0.9297458021	ok
-1.12725451	-41.24248497	-43.74299479	0.8473510667	continued:5	-1,-1,1,1,1,-1,1,1	-1,-1,1,-1,-1,1,1,1	2487.20856,10658.71404,14741.94691,23248.22341,25159.82405,30516.56849,34700.09521,44150.14577	5625.974609,14317.81588,19954.3444,23445.4855,31629.57455,35585.3404,43926.52682,46566.13702	-0.9273203297,-0.9333799705,0.9302801563,0.9372125662,0.9507065064,-0.9332377193,0.9304157344,0.9451539762	-0.9571195657,-0.9755499264,0.934203637,-0.929775617,-0.9335592228,0.9301321344,0.9355043997,0.934296448	ok
-1.12525050	-41.24248497	-44.12354581	0.8452264549	continued:5	-1,-1,1,1,1,-1,1,-1	-1,-1,1,-1,-1,1,1,1	2615.340844,10785.6518,14876.28934,23386.66033,25272.33162,30573.8255,34886.44918,41545.30791	5623.748147,14328.79198,20020.16865,23364.74132,31536.80428,35609.37285,44083.88378,46084.89726	-0.9259303843,-0.9334052892,0.9303135029,0.9373144613,0.9340260799,-0.933089486,0.9306392431,-0.9384934468	-0.9571068568,-0.9760058931,0.9344404362,-0.9295574852,-0.9334308806,0.9302907368,0.9369611935,0.9747167573	ok
-1.12324649	-41.24248497	-44.48325025	0.8434362116	continued:5	-1,-1,1,1,1,-1,1,-1	-1,-1,1,1,1,-1,-1,-1	2744.024466,10913.15015,15011.52367,23526.99572,25384.22386,30622.70913,35079.2749,41233.04125	5621.538308,14340.06671,20088.25599,23279.32129,31449.29141,35538.85639,44035.54919,45949.81892	-0.9228851568,-0.9334302481,0.9303473674,0.9374260865,0.9094702124,-0.9329188889,0.9309202096,-0.9362962943	-0.9570941486,-0.9762166703,0.9346893272,0.9308077378,0.9334426758,-0.9303359629,-0.9372418595,-0.9499772795	ok
-1.12124248	-41.24248497	-44.82570849	0.8419803369	continued:5	-1,-1,1,1,1,-1,1,-1	-1,-1,1,1,1,-1,-1,-1	2870.937514,11038.92759,15144.94814,23665.62606,25494.66836,30670.03443,35267.92933,41066.09344	5619.344939,14351.64779,20158.87878,23190.75744,31369.49719,35362.84902,43722.20262,46206.92518	-0.7097006962,-0.9334552762,0.9303809527,0.9375385648,0.8781175587,-0.9327510011,0.9312334594,-0.934920178	-0.9570814408,-0.976192724,0.9349517761,0.9307266356,0.9336123828,-0.9302437637,-0.9358683162,-0.9394472148	ok
-1.11923848	-41.24248497	-45.15208312	0.8409377645	continued:5	-1,-1,1,1,1,-1,1,-1	-1,-1,1,1,1,-1,-1,1	3008.963019,11175.88638,15289.25382,23814.74259,25617.25667,30733.32198,35462.2444,40977.25853	5617.167891,14363.54328,20232.36366,23101.10557,31302.97788,35051.55792,43279.26464,46770.51304	-0.9234840989,-0.9334805023,0.9304140657,0.9376474408,0.8421461779,-0.9325986659,0.9315579134,-0.9339180307	-0.9570687335,-0.9759458956,0.9352295683,0.9314827529,0.9339828373,-0.9300371641,-0.9343329237,0.9298676717	ok
-1.11723447	-41.24248497	-45.46128273	0.8402295605	continued:5	-1,-1,1,1,1,-1,1,-1	-1,-1,1,1,1,-1,-1,1	3142.838768,11308.75031,15429.30038,23959.4891,25736.25923,30794.30005,35650.3258,40909.02803	5615.007017,14375.76161,20309.10786,23012.81282,31261.29474,34544.82431,42710.96011,46829.09211	-0.9253348536,-0.9335061264,0.9304474059,0.9377553017,0.8018288242,-0.9324536065,0.9319036361,-0.9330849973	-0.9570560266,-0.9754892605,0.9355249093,0.9333225114,0.9346502921,-0.9289241705,-0.9335096155,0.9304441253	ok
-1.11523046	-41.24248497	-45.75233057	0.8397280077	continued:5	1,1,1,-1,-1,-1,1,-1	-1,-1,1,1,1,1,1,1	20.32306317,3248.788774,11413.764,15541.10057,24075.29339,25828.64153,30834.49231,35805.15402	5612.862172,14388.31156,20389.60241,22928.50022,31275.10449,33790.31969,42161.23626,44536.78866	0.9596150024,0.9330130706,0.9335324301,-0.9304798026,-0.9378560546,-0.7610795299,0.9323287811,-0.9322428321	-0.95704332,-0.9748369723,0.9358405668,0.9374769974,0.9358844924,0.9383798328,0.9361580747,0.94613529	ok
-1.11322645	-41.24248497	-46.02505471	0.8395608234	full	1,1,1,-1,-1,-1,1,-1	-1,-1,1,1,1,1,-1,-1	38.04164135,3297.326896,11461.34832,15596.0806,24136.04752,25861.64515,30801.16347,35916.14481	5610.733211,14401.20229,20474.46587,22850.71132,31534.74899,32928.46121,36737.03614,44963.77728	0.9968160436,0.9642500771,0.933557457,-0.9305134307,-0.9379743314,-0.7102576722,0.9321674521,-0.932694567	-0.9570306138,-0.9740040966,0.9361800803,0.9462113381,0.9393393458,0.3098352229,-0.9301165429,-0.9344555183	ok
-1.11122244	-41.24248497	-41.47060592	0.8552657405	continued:5	1,1,-1,1,1,-1,-1,1	-1,-1,1,1,-1,-1,1,-1	1803.078466,9935.902042,14421.26213,20584.3605,22776.64409,29264.70102,30972.65114,35875.4849	5608.619993,14414.44339,20564.4952,22781.69082,29401.33559,30955.14764,35347.86147,41894.99122	0.9308299463,0.9330987272,-0.9311240693,0.9366060542,0.9644858396,-0.9380564519,-0.6754092007,0.9320923767	-0.9570179078,-0.9730064357,0.9365480781,0.9616155551,-0.9386807224,-0.4289576215,0.9309195574,-0.9383354527	ok
-1.10921844	-41.24248497	-42.29687935	0.8524723917	continued:5	1,1,-1,-1,1,1,-1,-1	-1,-1,1,1,-1,-1,-1,-1	2015.087457,10170.23902,14399.60307,23589.48152,29325.08215,37494.59617,41562.56086,49969.1727	5606.522379,14428.04481,20660.74523,22723.2368,28719.17719,31241.96595,39583.40953,42086.64005	0.9314838531,0.933497362,-0.9306974341,-0.9438536615,0.9299359566,0.9337201883,-0.930472356,-0.9367143239	-0.957005202,-0.9718603496,0.9369507779,0.9760630337,-0.9359444935,-0.938301163,-0.9359805712,-0.939112961	ok
-1.10721443	-41.24248497	-42.86968610	0.8496790428	continued:5	1,1,-1,-1,-1,1,-1,-1	-1,-1,1,1,-1,1,1,-1	2180.841166,10340.67461,14515.29417,23129.78738,24642.02371,28921.65003,36577.15211,41403.55182	5604.44023,14442.01697,20764.65899,22676.62699,28219.63603,31941.62889,40153.23591,43755.66731	0.9393022541,0.9336087429,-0.930639137,-0.9388851646,-0.3731441688,0.9307673595,-0.9445445512,-0.9335453638	-0.9569924962,-0.9705825757,0.9373968127,0.9390474546,-0.9342192201,0.9301539393,0.9343774355,-0.9300737631	ok
-1.10521042	-41.24248497	-43.34155155	0.8470134113	continued:5	-1,-1,1,1,1,-1,1,1	-1,-1,1,1,-1,1,-1,1	2327.021826,10487.49076,14653.19698,23223.60207,24825.17058,29438.36798,35324.54973,38090.42875	5602.373411,14456.3707,20878.29383,22642.54913,27767.93369,32518.62727,38052.61858,41793.08502	-0.925571673,-0.9336566699,0.9306496801,0.9385200593,0.485206678,-0.9314404084,0.9355820543,0.9326793122	-0.9569797906,-0.9691900489,0.937898676,0.7602949883,-0.9328281762,0.9317920301,-0.934227938,0.930190288	ok
-1.10320641	-41.24248497	-43.76118413	0.8445544310	continued:5	-1,-1,1,1,1,-1,1,1	-1,-1,1,1,-1,1,1,1	2459.906242,10620.04242,14788.16799,23351.89319,24957.93723,29604.19764,35419.07834,38364.56871	5600.321787,14471.1173,21004.74356,22620.6885,27299.95817,33033.32416,36205.2746,44366.34723	-0.9255151832,-0.9336885983,0.9306762047,0.9385156603,0.4881047352,-0.9315396343,0.9353357269,0.9312838323	-0.956967085,-0.9676997273,0.938475447,0.503286524,-0.9316175693,0.9350152126,0.9310918713,0.9337034796	ok
-1.10120240	-41.24248497	-44.14937240	0.8423021018	continued:5	1,1,-1,-1,-1,1,-1,-1	-1,-1,1,1,-1,-1,-1,1	2573.980765,10733.59259,14906.71281,23471.22876,25063.75961,29682.59984,35581.55749,38297.85872	5598.285225,14486.26852,21149.00637,22604.66247,26738.71812,35167.29422,37176.4867,43085.61127	0.9344848284,0.9337171058,-0.9307062625,-0.9385844266,-0.4643075651,0.9314998347,-0.9357137664,-0.9334526566	-0.9569543793,-0.9661284236,0.9391584478,0.3173979206,-0.9306098057,-0.9371723902,-0.9727726916,0.9357507374	ok
-1.09919840	-41.24248497	-44.51640849	0.8405118585	continued:5	1,1,-1,-1,-1,1,-1,-1	-1,-1,1,-1,-1,1,1,1	2709.312419,10868.36977,15047.22662,23614.77814,25188.42056,29761.15402,35802.1886,38176.07884	5596.263595,14501.83661,21320.02536,25991.76637,34152.33745,38313.31421,46835.72496,48524.79941	0.9359550973,0.9337444998,-0.9307376127,-0.938675371,-0.4342593359,0.9314194404,-0.9363469324,-0.947306217	-0.9569416736,-0.9644926464,0.9400046932,-0.9298273168,-0.9337688162,0.9307119701,0.9382192561,0.6170246724	ok
-1.09719439	-41.24248497	-44.86460604	0.8390559838	continued:5	1,1,-1,-1,-1,1,-1,-1	-1,-1,1,1,1,1,-1,-1	2841.570409,11000.11158,15184.65104,23755.2714,25310.00237,29835.94516,36037.61981,38092.61809	5594.256768,14517.83429,21536.56124,25139.46394,33560.02165,35576.35397,41556.49418,44059.36953	0.9359333876,0.9337718934,-0.9307687534,-0.9387664681,-0.4062917618,0.931340829,-0.9370891191,-0.9760388025	-0.9569289678,-0.9628084515,0.9411360757,0.9445217912,0.9371913788,0.9731996982,-0.9361265443,-0.9396187321	ok
-1.09519038	-41.24248497	-45.19540153	0.8380134113	continued:5	-1,-1,1,1,1,-1,1,1	-1,-1,1,1,-1,1,-1,-1	2984.105351,11142.15937,15332.43385,23906.45964,25441.46457,29917.35306,36317.86915,38063.1818	5592.264615,14534.27482,21851.29392,24471.66076,29219.86976,34835.46635,38332.76895,46503.16128	-0.9097412466,-0.9337990543,0.9308002185,0.9388608052,0.3796793504,-0.9312588584,0.9380451203,0.7080522926	-0.9569162618,-0.9610913057,0.9429022871,0.4858801584,-0.931882297,0.9347058825,-0.9301415227,-0.9339981178	ok
-1.09318637	-41.24248497	-45.50787311	0.8373052074	continued:5	-1,-1,1,1,1,-1,1,1	-1,-1,1,1,1,-1,-1,1	3121.297914,11278.9267,15474.58696,24051.18934,25568.37456,30000.8256,36617.67176,38087.04245	5590.287013,14551.17193,22616.75664,28247.18699,36439.47981,40218.8419,48437.56046,51911.4119	-0.9244759721,-0.9338269309,0.9308308741,0.9389468287,0.3576355232,-0.931193994,0.9391434278,0.3172819925	-0.9569035556,-0.9593559646,0.9476819392,0.9323518141,0.934375479,-0.9303549935,-0.9347672504,0.9301471091	ok
-1.09118236	-41.24248497	-45.80116598	0.8368036546	continued:5	1,1,1,-1,-1,-1,1,-1	-1,-1,-1,-1,1,-1,-1,-1	17.49407442,3228.758028,11386.01639,15586.78721,24165.32926,25666.05817,30060.28689,36934.79109	5588.323835,14568.53992,23507.35267,26357.67345,31708.96073,35960.74349,44783.14386,48258.1063	0.9585893498,0.9337762921,0.9338552061,-0.9308610951,-0.9390262539,-0.3392135303,0.9311413764,-0.9405310076	-0.9568908491,-0.9576163638,-0.9424050204,-0.7888154466,0.9337859761,-0.9309401649,-0.9413583659,-0.9534798283	ok
-1.08917836	-41.24248497	-46.07520938	0.8366364703	full	1,-1,-1,1,1,1,-1,1	-1,-1,-1,-1,-1,1,1,1	30.72932806,3278.441322,11435.31387,15641.78037,24224.14751,25703.37875,30042.99834,37624.65377	5586.37496,14586.3936,23292.99723,27727.30846,35885.67968,40073.56042,48606.95018,50209.84479	0.9985008398,-0.8153534632,-0.9338825186,0.930892218,0.9391245599,0.3194356707,-0.9310611387,0.9447201562	-0.9568781424,-0.9558855259,-0.9403415539,-0.9311734227,-0.9339074663,0.9308644789,0.9386228564,0.4566844922	ok
-1.08717435	-41.24248497	-41.41312298	0.8525950439	continued:5	1,1,-1,1,1,1,1,-1	-1,-1,-1,-1,1,1,1,-1	1755.994988,9883.749693,14460.83053,20532.35793,22783.16954,31839.15924,34193.2548,38339.91103	5584.440267,14604.74832,23196.25047,24639.04968,28880.01489,37441.7042,38960.99072,43459.28893	0.9312350948,0.9334056309,-0.9316042855,0.9367321508,0.9601995086,0.9435812181,0.2989262655,-0.9307555561	-0.9568654352,-0.954175482,-0.939274757,-0.2982848778,0.9309102506,0.9389730061,0.3510297027,-0.9313909992	ok
-1.08517034	-41.24248497	-42.28223599	0.8498016951	continued:5	1,1,-1,1,1,1,-1,-1	-1,-1,-1,-1,1,-1,1,1	1985.756073,10135.18012,14438.88969,22868.77249,28819.86146,37054.2928,40322.27249,48478.82957	5582.519635,14623.61996,23139.92288,24766.97073,29644.89502,35015.00345,39215.636,47759.22536	0.9317119337,0.9338210779,-0.9310934599,0.9503203131,0.9355247756,0.9351523833,-0.9293344767,-0.9339429657	-0.9568527278,-0.9524972095,-0.9385553837,-0.4848336491,0.9323491194,-0.9339600595,0.9309283827,0.938843629	ok
-1.08316633	-41.24248497	-42.87304132	0.8470083462	continued:5	1,1,-1,-1,1,1,-1,-1	-1,-1,-1,-1,1,-1,-1,-1	2161.768144,10316.11923,14559.57378,23226.71092,27959.00079,36119.95095,40279.21352,48734.29061	5580.612948,14643.02497,23104.36006,24886.16314,30262.44289,34462.35237,42994.32289,44567.72469	0.9458189647,0.9339374433,-0.9310169467,-0.9401507176,0.9301872431,0.9340496886,-0.9308895996,-0.9379472257	-0.9568400198,-0.9508605844,-0.9380151066,-0.747021344,0.9339957886,-0.9309495945,-0.938778667,-0.4058209926	ok
-1.08116232	-41.24248497	-43.35585021	0.8442149973	continued:5	1,1,-1,-1,1,1,1,1	-1,-1,-1,-1,1,1,1,-1	2297.486492,10452.92262,14684.95116,23293.4888,28670.76847,36947.27722,39763.33159,47949.4709	5578.720088,14662.98031,23081.56723,25008.91174,30866.94618,33611.86061,41811.78304,45477.64071	0.9712803637,0.9339877036,-0.9310210487,-0.9396270057,0.930655401,0.9358208528,0.9325496006,0.9344965439	-0.9568273114,-0.9492743485,-0.9375845908,-0.9305613265,0.9359263308,0.933424488,0.9347134244,-0.9304017268	ok
-1.07915832	-41.24248497	-43.78470799	0.8417560170	continued:5	-1,-1,1,1,-1,-1,-1,-1	-1,-1,-1,-1,1,1,-1,1	2438.088295,10593.69071,14826.34065,23423.54076,28898.42769,37223.1973,39636.8108,47991.06443	5576.84094,14683.50348,23067.51185,25136.48413,31586.9295,33194.60734,38064.86524,43482.92233	-0.9236543452,-0.934021617,0.9310443637,0.9395703209,-0.9307766778,-0.936498512,-0.9456671252,-0.9368674838	-0.9568146026,-0.9477460938,-0.9372284733,-0.9758654047,0.9386700098,0.4446164628,-0.9323978426,0.9342273647	ok
-1.07715431	-41.24248497	-44.17980200	0.8395036878	continued:5	1,1,-1,-1,1,1,1,1	-1,-1,-1,-1,-1,-1,1,-1	2558.218938,10713.77948,14950.10161,23545.91601,29001.71101,37315.39323,39797.10129,48093.446	5574.975391,14704.61249,23059.883,25268.90211,34639.48189,37898.76997,42557.20062,48525.01108	0.9383840409,0.9340512838,-0.9310722705,-0.9396142973,0.9307826852,0.9363998726,0.9415643218,0.9361707774	-0.9568018931,-0.9462822577,-0.936926269,-0.966063023,-0.9466256214,-0.3545535358,0.931859474,-0.936483319	ok
-1.07515030	-41.24248497	-44.55210224	0.8377134445	continued:5	-1,-1,1,1,-1,-1,-1,-1	-1,-1,-1,-1,-1,-1,1,1	2699.45306,10854.94515,15095.66643,23692.47376,29100.7078,37390.51207,40053.94359,48270.67439	5573.123328,14726.32585,23057.23901,25405.69239,33823.17255,35721.09886,41545.43895,44363.66178	-0.9089063631,-0.9340802233,0.9311010868,0.9396822315,-0.9307600955,-0.936125865,-0.9350604601,-0.9350792861	-0.956789183,-0.9448881342,-0.9366650556,-0.9512256803,-0.9377210571,-0.898668167,0.935895584,0.9326329655	ok
-1.07314629	-41.24248497	-44.90426088	0.8361298524	continued:5	1,1,-1,-1,1,1,1,1	-1,-1,-1,-1,-1,-1,-1,1	2812.021212,10967.51713,15212.06202,23808.24519,29188.42255,37466.0766,40229.34711,48421.82403	5571.284641,14748.66253,23058.62447,25546.06442,33832.50341,36515.40518,44725.69611,48247.681	0.9336037043,0.9341098785,-0.9311291202,-0.9397329707,0.9307583625,0.9360005875,0.9333233905,0.9347334462	-0.9567764724,-0.9435678988,-0.9364361687,-0.94145412,-0.9361206451,-0.9346887259,-0.9350154154,0.930396586	ok
-1.07114228	-41.24248497	-45.23928852	0.8350872799	continued:5	1,1,-1,-1,1,1,1,1	-1,-1,-1,-1,-1,1,1,-1	2959.174844,11114.61257,15364.19881,23963.60075,29268.26345,37518.49383,40554.45148,48714.96003	5569.459219,14771.64193,23063.37725,25688.99267,33914.26601,37243.78873,45401.07364,49625.73063	0.9479279258,0.9341375455,-0.9311590644,-0.9398235059,0.9307140758,0.9356511675,0.9314497666,0.9342273223	-0.9567637611,-0.942324644,-0.9362335273,-0.9361196967,-0.9352806347,0.9301719638,0.9341704849,-0.9311197239	ok
-1.06913828	-41.24248497	-45.55484353	0.8343790760	continued:5	-1,-1,1,1,-1,-1,-1,-1	-1,-1,-1,-1,-1,1,1,-1	3099.742646,11255.20594,15509.09705,24109.60355,29364.32043,37599.86193,40798.46099,48953.96718	5567.646955,14795.28385,23071.02259,25833.28855,34024.54118,37792.81603,46000.85501,49545.88199	-0.9217555708,-0.9341664297,0.9311877716,0.9398916317,-0.9306961889,-0.9354714642,-0.9336611131,-0.934167197	-0.9567510491,-0.9411604276,-0.936052711,-0.9334168061,-0.9347785675,0.9306068791,0.9350486785,-0.9304535623	ok
-1.06713427	-41.24248497	-45.85019490	0.8338775232	continued:5	1,1,1,-1,-1,1,1,-1	-1,-1,-1,-1,-1,1,1,1	14.91779472,3208.630004,11364.17516,15621.9914,24222.57393,29440.06424,37666.14205,40975.60699	5565.847742,14819.60841,23081.21104,25977.6815,34149.23576,38187.15143,46497.26381,48950.02225	0.9576324437,0.9343197016,0.9341957105,-0.9312158252,-0.9399486448,0.9306901869,0.935363493,-0.9301334312	-0.9567383364,-0.9400763314,-0.9358904168,-0.932109382,-0.934478114,0.9309021432,0.9365643891,0.943771261	ok
-1.06513026	-41.24248497	-46.12537650	0.8337103389	full	1,-1,-1,1,1,-1,-1,1	-1,-1,-1,-1,-1,1,1,1	20.71168934,3259.525852,11415.12746,15677.60705,24280.64256,29430.41359,37641.58163,41140.59645	5564.061475,14844.636,23093.68015,26120.90767,34281.683,38472.43423,46924.76409,48640.39226	0.9996563942,-0.8570591077,-0.9342241489,0.9312452544,0.9400302636,-0.9306627347,-0.9351645565,0.9304666895	-0.9567256229,-0.9390725295,-0.9357441229,-0.9315590406,-0.9343172636,0.9311325981,0.9383737923,0.5898117178	ok
-1.06312625	-41.24248497	-41.34639004	0.8497536522	continued:5	1,1,-1,1,1,1,1,-1	-1,-1,-1,-1,-1,1,1,-1	1680.905561,9809.864079,14452.47686,20501.84921,22682.0567,31610.03905,34139.04851,38980.21876	5562.288048,14870.3872,23108.22966,26261.79476,34418.01993,38677.63203,47261.25006,52625.20632	0.9318334713,0.9337448848,-0.9320318146,0.9371296583,0.9706931118,0.9432731688,0.3481044818,-0.9324905894	-0.9567129087,-0.9381483656,-0.935611871,-0.9318546825,-0.934262206,0.9312621056,0.9398804914,-0.9308663116	ok
-1.06112224	-41.24248497	-42.26662926	0.8469603033	continued:5	1,1,-1,1,1,1,1,1	-1,-1,-1,1,1,-1,-1,1	1932.589935,10082.31821,14439.81164,24884.01621,33865.24818,42132.30537,44946.37828,53127.36458	5560.527359,14896.88269,23124.70504,26399.33051,34555.7645,38818.6279,47400.91818,52748.29507	0.9317370645,0.9341681669,-0.9314526235,0.9569845285,0.9416081077,0.9360802555,0.9329271873,0.9347276909	-0.9567001936,-0.9373024379,-0.9354921205,0.9299269361,0.9342922394,-0.9312888633,-0.9399206443,0.9308749368	ok
-1.05911824	-41.24248497	-42.87832761	0.8441669544	continued:5	1,1,-1,-1,-1,-1,1,1	-1,-1,-1,1,1,-1,-1,-1	2120.214285,10274.71394,14571.72855,23257.54786,27273.26627,35456.00327,39350.17007,47590.93276	5558.779306,14924.1431,23142.986,26532.70503,34693.26794,38903.92171,47371.09715,49007.75907	0.9329280326,0.9342820741,-0.9313674725,-0.9410552877,-0.9331260037,-0.9347864288,0.930826439,0.93572539	-0.9566874776,-0.9365326887,-0.9353836483,0.930434343,0.9343936484,-0.9312270133,-0.9386920859,-0.4477128747	ok
-1.05711423	-41.24248497	-43.37397368	0.8413736055	continued:5	1,1,-1,-1,1,1,-1,-1	-1,-1,-1,1,1,-1,-1,-1	2264.538196,10420.44243,14704.57669,23328.3063,28057.13491,36220.10658,40402.63777,48826.12687	5557.043788,14952.18895,23162.97842,26661.32479,34829.4596,38937.62948,47287.49042,49417.6924	0.9342384286,0.9343330904,-0.9313669224,-0.940469225,0.9304975828,0.9344633515,-0.9312052678,-0.9382215202	-0.9566747607,-0.9358365025,-0.9352854782,0.9305505543,0.9345568665,-0.9310994253,-0.9372967375,-0.9752223667	ok
-1.05511022	-41.24248497	-43.81193919	0.8389146252	continued:5	1,1,-1,-1,1,1,-1,-1	-1,-1,-1,1,1,-1,-1,-1	2413.055488,10569.47614,14853.69339,23466.0206,28308.10968,36479.32895,40548.57798,48868.72553	5555.320706,14981.04046,23184.60842,26784.80168,34963.70035,38921.03735,47183.81913,50020.4785	0.6858268952,0.9343671814,-0.9313882639,-0.9404028463,0.9305914108,0.9346383438,-0.9310689189,-0.9369403239	-0.956662043,-0.9352108059,-0.9351968285,0.9306349925,0.9347750254,-0.9309350123,-0.9361254819,-0.9328010167	ok
-1.05310621	-41.24248497	-44.21389157	0.8366622960	continued:5	1,1,-1,-1,1,1,-1,-1	-1,-1,-1,1,1,-1,-1,1	2539.184106,10695.9692,14982.81979,23592.12518,28437.66931,36609.65834,40673.59634,48988.91635	5553.609962,15010.71736,23207.81799,26902.92478,35095.68075,38854.15182,47058.66426,50646.04192	0.9383100251,0.934397874,-0.9314138117,-0.9404243003,0.9306156486,0.9346779346,-0.9310830085,-0.9369127168	-0.9566493243,-0.9346521717,-0.9351170762,0.9307193902,0.9350431529,-0.9307674943,-0.9352420296,0.9306477579	ok
-1.05110220	-41.24248497	-44.59144169	0.8348720527	continued:5	-1,-1,1,1,-1,-1,1,1	-1,-1,-1,1,1,-1,-1,1	2686.200048,10843.31402,15133.69659,23742.85946,28553.35212,36723.01221,40827.87919,49169.31779	5551.911459,15041.23876,23232.56166,27015.623,35225.34066,38738.46625,46908.64895,51005.76261	-0.9227949323,-0.9344271973,0.9314408239,0.9404758457,-0.9306184676,-0.9346607308,0.9311576297,0.9373066387	-0.9566366047,-0.9341569287,-0.9350457269,0.9308083701,0.9353576803,-0.9306224775,-0.9346702218,0.9311473166	ok
-1.04909820	-41.24248497	-44.94755935	0.8334161780	continued:5	-1,-1,1,1,-1,-1,1,1	-1,-1,-1,1,1,-1,-1,1	2827.72878,10985.21476,15278.8803,23887.28283,28671.41008,36839.66598,40972.71959,49334.41399	5550.2251,15072.62289,23258.80386,27122.92583,35352.80212,38581.32488,46738.85746,51031.82794	-0.9274014205,-0.9344570115,0.9314672492,0.9405203641,-0.9306258383,-0.9346590516,0.9312172452,0.9376151339	-0.9566238839,-0.9337212755,-0.9349823951,0.9309015711,0.9357160993,-0.9285850392,-0.9344579797,0.931466096	ok
-1.04709419	-41.24248497	-45.28404840	0.8321669544	continued:5	1,1,-1,-1,1,1,-1,-1	-1,-1,-1,1,1,1,1,-1	2935.759836,11093.58766,15391.37764,24001.63698,28723.38948,36888.2835,41079.88341,49496.57922	5548.550791,15104.88688,23286.51691,27224.9268,35478.31072,38399.49674,46568.34022,50700.40921	0.9384743622,0.9344857944,-0.9314950434,-0.9405925526,0.9306068597,0.9346197927,-0.9313237416,-0.9383597438	-0.9566111622,-0.9333414046,-0.9349267873,0.9309974943,0.9361166672,0.932270121,0.9346934205,-0.9312367974	ok
-1.04509018	-41.24248497	-45.60239112	0.8314587505	continued:5	-1,-1,1,1,-1,-1,1,1	-1,-1,-1,1,1,1,1,-1	3079.692547,11237.9124,15539.47382,24150.64928,28823.01531,36985.98567,41215.59245,49678.08074	5546.888438,15138.04651,23315.67931,27321.75237,35602.1808,38216.80329,46432.78205,49857.38144	-0.9168332732,-0.9345148039,0.9315222245,0.9406543188,-0.9305857239,-0.9346056255,0.9314030477,0.938963615	-0.9565984394,-0.9330136437,-0.9348786899,0.9310944152,0.9365580879,0.9372595176,0.935546811,-0.9306194315	ok
-1.04308617	-41.24248497	-45.89952083	0.8309571977	continued:5	1,1,1,-1,-1,1,1,-1	-1,-1,-1,1,1,1,1,1	12.65667943,3189.844182,11348.51755,15653.31393,24263.93379,28907.61377,37069.93733,41318.99036	5545.237948,15172.11591,23346.27441,27413.53691,35724.73646,38055.02771,46402.59575,48481.56305	0.9567898369,0.9349322617,0.9345445341,-0.9315484641,-0.9406996722,0.9305744513,0.9346149215,-0.9314550924	-0.9565857156,-0.9327346346,-0.9348379591,0.9311906294,0.9370390858,0.9558370092,0.9375414875,0.9739069455	ok
-1.04108216	-41.24248497	-46.17557741	0.8307900134	full	-1,-1,1,1,-1,-1,1,1	-1,-1,-1,1,1,1,-1,-1	3242.024023,11401.12069,15710.00868,24322.69855,28901.00949,37061.77538,41344.97678,49892.53416	5543.59923,15207.10726,23378.28923,27500.40367,35846.23611,37926.05885,46451.7519,53123.30431	-0.8833853625,-0.934573168,0.9315761573,0.9407730561,-0.9304589375,-0.9346054665,0.9315322975,0.9400485391	-0.9565729906,-0.9325015849,-0.9348045143,0.9312845173,0.9375577545,0.9737595753,-0.9522729608,-0.9324861162	ok
-1.03907816	-41.24248497	-41.31675200	0.8471728692	continued:5	1,1,-1,1,1,1,-1,-1	-1,-1,-1,1,1,1,-1,-1	1652.506555,9785.864045,14502.71561,20498.78382,22683.74832,31226.35808,36788.84742,45179.01625	5541.972193,15243.03047,23411.71352,27582.45062,35966.76037,37831.19601,43960.80828,45873.83037	0.9323729713,0.9340666538,-0.9324823167,0.937353823,0.972433352,0.9400344128,-0.9313835885,-0.9381870019	-0.9565602645,-0.9323126827,-0.9347783316,0.9313745544,0.938110507,0.7986098502,-0.9379792626,-0.8693796488	ok
-1.03707415	-41.24248497	-42.26743008	0.8443795203	continued:5	1,1,-1,1,1,-1,1,1	-1,-1,-1,1,1,1,-1,1	1924.215593,10077.99161,14492.4355,24605.30293,31812.12791,37258.61481,41342.05011,49659.714	5540.356748,15279.89287,23446.53886,27659.7403,36086.03389,37764.54569,43256.23973,47179.4248	0.9322375663,0.934505721,-0.9318125214,0.9570921169,0.4441046696,-0.934916376,0.9312727658,0.9372357388	-0.9565475372,-0.9321678835,-0.9347594398,0.9314593076,0.9386903644,0.4658430203,-0.9351038263,0.9310835102	ok
-1.03507014	-41.24248497	-42.89161879	0.8415861715	continued:5	1,1,-1,-1,-1,-1,-1,1	-1,-1,-1,1,1,1,-1,1	2123.227844,10282.21438,14627.59998,23332.10626,26739.54332,35109.17357,37030.99941,43485.63904	5538.752806,15317.69879,23482.75804,27732.2924,36203.14497,37711.00602,42703.0805,48086.8515	0.9421063406,0.934628164,-0.9317025631,-0.9419097417,-0.9612547058,-0.9379885711,-0.8746406802,0.9397301273	-0.9565348087,-0.9320706504,-0.9347479176,0.9315374262,0.9392842902,0.2770941638,-0.9332217957,0.9347430951	ok
-1.03306613	-41.24248497	-43.39491558	0.8387928226	continued:5	-1,-1,1,1,1,1,-1,-1	-1,-1,-1,1,1,-1,1,-1	2275.726034,10436.53252,14765.70226,23399.58087,27543.40698,35713.13947,39899.80242,48292.67447	5537.16028,15356.44928,23520.36431,27800.07822,36316.14434,42174.79996,50243.7658,58298.53961	-0.926867587,-0.9346821943,0.9316934427,0.9412043209,0.9324054696,0.9348577892,-0.931458939,-0.9383388431	-0.9565220789,-0.9320325086,-0.9347438907,0.931607636,0.9398694593,-0.9318986812,0.9497498913,-0.9318712454	ok
-1.03106212	-41.24248497	-43.83815936	0.8361271911	continued:5	-1,-1,1,1,1,1,-1,-1	-1,-1,-1,1,1,-1,-1,-1	2395.300226,10556.97149,14885.29138,23506.81078,27782.93914,35947.02887,40236.55963,48765.70815	5535.579082,15396.14169,23559.35098,27863.01594,36421.59831,41636.48113,49872.8041,53002.69419	-0.1218561434,-0.9347167389,0.9317120387,0.9411176901,0.9320604005,0.9347650885,-0.9316442709,-0.9400678716	-0.956509348,-0.9320879741,-0.9347475311,0.9316687387,0.9404092747,-0.9311079708,-0.9360744821,-0.9323780549	ok
-1.02905812	-41.24248497	-44.24636238	0.8338748619	continued:5	1,1,-1,-1,-1,-1,1,1	-1,-1,-1,1,1,-1,-1,1	2527.943386,10690.30832,15020.87642,23639.68778,27919.09285,36083.57615,40379.89471,48916.71682	5534.009129,15436.76936,23599.71089,27920.9661,36514.41179,41166.34898,49333.62763,53584.57249	0.9525288312,0.9347474984,-0.9317360945,-0.9411357114,-0.9320945753,-0.9347898647,0.9316759441,0.9402022661	-0.9564966158,-0.9323647968,-0.9347590559,0.9317196145,0.9408521478,-0.9307507057,-0.9348456967,0.9315999334	ok
-1.02705411	-41.24248497	-44.62860536	0.8319569012	continued:5	1,1,-1,-1,-1,-1,1,1	-1,-1,-1,1,1,1,1,-1	2655.782051,10818.81329,15152.46501,23771.11846,28018.60392,36184.60446,40469.82645,48980.55541	5532.450334,15478.32132,23641.43615,27973.72626,36588.53898,40890.6316,49055.05929,53365.95963	0.9420380394,0.9347769099,-0.9317615567,-0.9411815126,-0.9321453276,-0.9348367475,0.9316770069,0.9399368639	-0.9564838824,-0.9338370726,-0.9347787273,0.9317592308,0.9411386894,0.9321580253,0.9348052401,-0.9317212827	ok
-1.02505010	-41.24248497	-44.98959136	0.8305010265	continued:5	-1,-1,1,1,1,1,-1,-1	-1,1,1,-1,-1,-1,-1,1	2802.840941,10966.55095,15303.48553,23922.65304,28129.21106,36297.27945,40562.47084,49036.92785	5530.902614,15520.78192,23684.51788,28021.02438,36638.99369,40862.47052,49029.85855,53306.28004	-0.9237290366,-0.9348062729,0.931787281,0.9412342375,0.9322561014,0.9348944763,-0.931663023,-0.9395367928	-0.9564711476,0.9272845164,0.934806854,-0.9317866585,-0.9412208192,-0.9322149822,-0.9348807401,0.9316818648	ok
-1.02304609	-41.24248497	-45.32968631	0.8292518029	continued:5	1,1,-1,-1,-1,-1,1,1	-1,1,1,-1,-1,1,1,-1	2913.683859,11078.09696,15418.32276,24038.12463,28202.56127,36373.06255,40612.10619,49048.98171	5529.365888,15564.13066,23728.94614,28062.5098,36664.24112,41092.6333,49257.04559,53597.28187	0.9366126759,0.9348353807,-0.9318129093,-0.9412877216,-0.9324249555,-0.9349588232,0.9316400926,0.9391018227	-0.9564584114,0.9301432721,0.9348437923,-0.9318010934,-0.9410842052,0.9254837619,0.9348355479,-0.9318131488	ok
-1.02104208	-41.24248497	-45.65052355	0.8285435990	continued:5	-1,-1,1,1,1,1,-1,-1	-1,1,1,-1,-1,1,1,-1	3060.994956,11226.10981,15570.05909,24191.80621,28296.3721,36470.72102,40659.52471,49043.24207	5527.840072,15608.34196,23774.70998,28097.7411,36666.88505,41576.6263,49766.50972,53688.87119	-0.906487391,-0.9348642092,0.9318394107,0.9413554269,0.9327526486,0.9350512774,-0.9315812781,-0.9384333344	-0.9564456739,0.9305829589,0.9348899483,-0.9318018872,-0.9407551469,0.9310003706,0.9353553786,-0.9312422995	ok
-1.01903808	-41.24248497	-45.94915564	0.8280420462	continued:5	1,1,1,-1,-1,-1,-1,1	-1,1,1,-1,-1,1,1,1	10.68183139,3172.241029,11338.12754,15685.04769,24306.71229,28380.2775,36557.11221,40718.25525	5526.325086,15653.38504,23821.79765,28126.16981,36651.9439,42223.89802,50630.67495,52317.11445	0.9560817274,0.9355981722,0.9348935912,-0.9318643004,-0.9414000137,-0.9329811033,-0.9351162742,0.9315593984	-0.956432935,0.9307578281,0.9349457821,-0.9317885893,-0.9402853917,0.9316418132,0.9387799715,0.4399075259	ok
-1.01703407	-41.24248497	-46.22582980	0.8278748619	full	-1,-1,1,1,1,1,-1,-1	-1,1,1,-1,-1,1,-1,-1	3225.792097,11392.41762,15743.26894,24367.63164,28372.44813,36555.01695,40631.78785,48939.28495	5524.82085,15699.22389,23870.19703,28147.11896,36624.41301,42896.39533,48775.65483,51170.98089	-0.8962017849,-0.9349219261,0.931891019,0.9414753707,0.9336053341,0.9352451755,-0.9314622439,-0.9373965206	-0.9564201948,0.9308552826,0.9350118111,-0.9317610015,-0.9397299226,0.9329608107,-0.9371970748,-0.9517654307	ok
-1.01503006	-41.24248497	-41.26260920	0.8443883418	continued:5	1,1,-1,1,1,1,-1,-1	-1,1,1,-1,-1,-1,1,-1	1581.448912,9724.172117,14492.89599,20500.6715,22546.72274,31448.92634,37757.9586,46073.89391	5523.327284,15745.8173,23919.8963,28159.75574,36587.82491,38171.77157,43588.82547,47858.50347	0.9334028442,0.9344135694,-0.9328729841,0.9378605471,0.9578125248,0.9444327415,-0.9315038729,-0.9375528101	-0.9564074531,0.9309227701,0.9350886173,-0.9317192521,-0.9391333525,-0.3072745258,0.9350532092,-0.9317681862	ok
-1.01302605	-41.24248497	-42.25964286	0.8415949929	continued:5	1,1,-1,-1,1,1,1,1	-1,1,1,-1,-1,-1,1,1	1879.75001,10042.11545,14500.21033,24318.24867,32293.32524,40579.83876,43051.71453,51301.02604	5521.844312,15793.11904,23970.88482,28163.0581,36543.97813,38328.26334,44469.3046,46249.73699	0.932523614,0.9348554286,-0.9321393148,-0.9519894201,0.9314447226,0.9371213694,0.945819024,0.9365057549	-0.95639471,0.9309775363,0.9351768545,-0.931663897,-0.9385270356,-0.5931104866,0.9385379758,0.5859260082	ok
-1.01102204	-41.24248497	-42.90183932	0.8388016440	continued:5	1,1,-1,-1,-1,1,1,-1	-1,1,1,-1,-1,-1,-1,-1	2092.363929,10259.83763,14648.75118,23370.11508,26333.80335,33350.22452,35826.19873,41113.77587	5520.371854,15841.07812,24023.15442,28155.77715,36493.23353,38522.1126,47494.46572,52417.11977	0.9349754279,0.934974609,-0.9320202401,-0.9426808788,-0.8394490696,0.9435819827,0.2593848892,-0.9345290204	-0.9563819655,0.9310271734,0.935277258,-0.931596055,-0.9379317695,-0.9468917843,-0.9452181594,-0.9329183669	ok
-1.00901804	-41.24248497	-43.41613594	0.8360082951	continued:5	-1,-1,1,1,1,1,1,1	-1,1,1,-1,-1,-1,-1,-1	2254.603323,10424.14436,14795.77991,23446.61882,27004.54364,35264.70769,38063.85974,46251.52593	5518.909835,15889.63914,24076.701,28136.40119,36434.90804,38777.48275,47078.31423,49400.11033	-0.9240737204,-0.9350289238,0.9320064779,0.9419495252,0.9487471827,0.9367327516,0.9341322677,0.9354025448	-0.9563692194,0.9310754442,0.9353906588,-0.9315175931,-0.9373617914,-0.9579259902,-0.9373956516,-0.9602710619	ok
-1.00701403	-41.24248497	-43.86713398	0.8333426637	continued:5	-1,-1,1,1,1,1,-1,-1	-1,1,1,-1,-1,-1,-1,1	2381.182839,10551.90367,14921.94397,23559.75205,27242.80099,35470.57199,38796.38797,46969.55792	5517.458178,15938.74279,24131.52661,28103.13562,36367.59874,39107.10646,47302.06529,51233.58005	-0.9009704526,-0.9350638352,0.9320224313,0.9418449617,0.941489544,0.9361836965,-0.9308571322,-0.9351156654	-0.9563564718,0.9311243732,0.9355179991,-0.9314313628,-0.93682832,-0.935175729,-0.9355610189,0.9313877503	ok
-1.00501002	-41.24248497	-44.28109280	0.8310114008	continued:5	1,1,-1,-1,-1,-1,1,1	-1,1,1,-1,-1,1,1,-1	2504.677224,10676.39161,15048.48597,23684.20333,27365.72113,35593.59299,38927.45661,47101.82147	5516.01681,15988.32645,24187.64208,28053.92851,36289.44618,39486.82766,47658.60366,52029.60312	0.9407348493,0.935094164,-0.9320452671,-0.9418629889,-0.9415824702,-0.9362023468,0.9308966435,0.9351506449	-0.9563437228,0.9311751171,0.9356603555,-0.9313414611,-0.9363423865,0.9276343058,0.935095496,-0.9320433289	ok
-1.00300601	-41.24248497	-44.66854212	0.8290934401	continued:5	1,1,-1,-1,-1,-1,1,1	-1,1,1,-1,-1,1,1,-1	2638.006924,10810.67455,15185.95137,23822.84363,27463.28996,35699.7382,38890.37891,47063.06737	5514.585655,16038.32483,24245.07041,27986.59667,36198.42332,39843.05645,48041.30994,51944.5116	0.9412655932,0.9351231262,-0.932070008,-0.9419176032,-0.9436499695,-0.9363753648,0.9259264207,0.9351234765	-0.9563309722,0.9312283711,0.9358189667,-0.9312532659,-0.9359172029,0.931184008,0.9356518276,-0.9313967106	ok
-1.00100200	-41.24248497	-45.03340399	0.8275098479	continued:5	1,1,-1,-1,-1,-1,-1,-1	-1,1,1,-1,-1,1,1,1	2762.21285,10935.86356,15314.21482,23952.06392,27554.98534,35799.98207,38851.65591,47026.96145	5513.16464,16088.67076,24303.85099,27899.13897,36092.77451,40101.63989,48379.98831,50940.37865	0.936243121,0.935152234,-0.9320944254,-0.9419692725,-0.9458608066,-0.9365459069,-0.9325911279,-0.9351878418	-0.9563182201,0.9312845713,0.9359952716,-0.9311715587,-0.9355703476,0.9315311907,0.9371239526,0.9412285462	ok
-0.99899800	-41.24248497	-45.37760656	0.8264672755	continued:5	-1,-1,1,1,1,1,1,1	-1,1,1,-1,-1,1,1,1	2922.587394,11097.20675,15479.31985,24120.10589,27663.03548,35923.74457,38730.5729,46920.94547	5511.753693,16139.29596,24364.04508,27790.33652,35971.74291,40229.68159,48661.72485,50159.65596	-0.9252493172,-0.9351803638,0.9321202059,0.9420432037,0.9500756265,0.9368401971,0.9342388316,0.9355133832	-0.9563054664,0.9313440029,0.936190959,-0.9310797127,-0.9353259461,0.9319001229,0.9394506924,0.2474061384	ok
-0.99699399	-41.24248497	-45.69920816	0.8256313541	continued:5	-1,-1,1,1,1,1,1,1	-1,1,1,-1,-1,1,1,1	3043.081232,11218.68653,15604.68885,24248.84447,27728.74389,36009.02242,38549.20038,46780.0756	5510.352742,16190.13196,24425.74296,27660.66762,35836.66416,40215.51945,48840.54411,52554.24756	-0.8531055119,-0.9352083512,0.9321463356,0.9421215324,0.9554705454,0.9371932539,0.9424976277,0.9363189492	-0.9562927111,0.9314068594,0.9364080352,-0.9303099718,-0.9352169495,0.9321326412,0.9419004974,0.9402932293	ok
-0.99498998	-41.24248497	-45.99909079	0.8251298013	continued:5	1,1,1,-1,-1,-1,-1,-1	-1,1,1,1,1,-1,-1,1	8.952027466,3155.259461,11331.91802,15721.01657,24366.41181,27808.90461,36102.10115,38490.74319	5508.961715,16241.11091,24489.07343,27513.31661,35692.29974,40038.53277,48587.40433,53534.78534	0.9555329111,0.9361986014,0.9352373239,-0.9321705876,-0.9421749016,-0.9591320266,-0.9374281281,-0.9544467322	-0.9562799543,0.9314732775,0.9366489155,0.9327089692,0.9352879792,-0.9320902207,-0.9410261924,0.9312970871	ok
-0.99298597	-41.24248497	-46.27614865	0.8249626170	full	-1,-1,1,1,1,1,1,1	-1,1,1,1,1,-1,-1,-1	3210.289231,11387.96364,15781.28311,24431.12212,27802.5931,36126.01592,38225.93337,46733.19503	5507.580543,16292.16644,24554.21672,27354.6662,35548.03545,39643.45044,47958.86507,50124.37518	-0.8977704541,-0.9352649585,0.9321969994,0.9422646703,0.9665208724,0.9379370715,0.9678239451,0.9405243994	-0.9562671957,0.9315433561,0.9369165516,0.9344624388,0.9356010734,-0.9317143657,-0.937814004,-0.9756242835	ok
-0.99098196	-41.24248497	-41.22191471	0.8416093334	continued:5	1,1,-1,1,1,-1,-1,1	-1,1,1,1,1,-1,-1,1	1512.013617,9667.837802,14480.04506,20528.19407,22379.45218,29315.80778,31818.95453,37400.80006	5506.209156,16343.23452,24621.42266,27193.53976,35418.93732,38893.25002,47081.74033,51294.02813	0.9349462079,0.9347665526,-0.9332317501,0.9385021118,0.6662264454,-0.943595424,-0.2515972435,0.9360311529	-0.9562544356,0.9316171693,0.9372146129,0.9411441197,0.936252999,-0.9311916937,-0.9355047369,0.9319007742	ok
-0.98897796	-41.24248497	-42.25938387	0.8388159845	continued:5	1,1,-1,-1,-1,-1,-1,-1	-1,1,1,1,1,1,1,1	1838.714086,10013.14709,14514.38417,24090.47597,29459.8977,37757.69169,40097.02627,48391.16832	5504.847485,16394.25419,24691.03694,27039.11638,35329.50229,37752.8497,46015.64891,48819.24327	0.9329564468,0.935200169,-0.9324546542,-0.9508504153,-0.9614280563,-0.9375611032,-0.9604694867,-0.9374999508	-0.9562416738,0.9316947738,0.9375477497,0.9594648082,0.9374368702,0.9516313817,0.9369586605,0.9345053764	ok
-0.98697395	-41.24248497	-42.91731073	0.8360226357	continued:5	1,1,-1,-1,-1,1,-1,-1	-1,1,1,1,1,-1,1,-1	2065.957082,10245.34706,14679.18116,23438.41388,25943.07563,31577.72098,35032.45275,43221.89239	5503.495462,16445.16827,24763.54049,26898.4862,35339.57677,42062.28454,46962.92668,52766.18583	0.9343867552,0.9353143017,-0.9323308962,-0.9436052868,-0.2485305606,0.9363260457,-0.9312158261,-0.9355353866	-0.9562289103,0.9317762127,0.9379219883,0.9732137589,0.9397380047,-0.9347150475,0.933540896,-0.937316002	ok
-0.98496994	-41.24248497	-43.44136887	0.8332292868	continued:5	-1,-1,1,1,1,1,1,-1	-1,1,1,1,1,1,1,-1	2238.469201,10420.13797,14836.25856,23522.56135,26482.86841,36145.88931,40469.41725,46136.32704	5502.153019,16495.92396,24839.6112,26774.95781,36326.19413,42015.58793,50238.01136,53828.48053	-0.9221883051,-0.9353678562,0.9323135167,0.9428328574,0.8036548014,0.9515075061,0.2479765344,-0.9365067359	-0.9562161452,0.9318615204,0.9383453452,0.8073277205,0.9507267287,0.9402352005,0.936224346,-0.9313198872	ok
-0.98296593	-41.24248497	-43.89930945	0.8305636553	continued:5	-1,-1,1,1,1,1,1,1	-1,1,1,1,-1,1,1,1	2372.154921,10555.2802,14969.53671,23642.49336,26693.59987,35368.65223,38418.40006,47097.5411	5500.82009,16546.47336,24920.22499,26666.95936,33082.75369,38802.18478,47432.18493,50923.44024	-0.9224117725,-0.9354021642,0.9323274082,0.9427163863,0.9075170231,0.9427184309,0.9063192483,0.9427651974	-0.9562033784,0.9319507232,0.9388288223,0.4543123759,-0.9406216577,0.9322962061,0.9422154363,0.9548432311	ok
-0.98096192	-41.24248497	-44.31842346	0.8283113261	continued:5	-1,-1,1,1,1,1,1,1	-1,1,1,1,-1,-1,-1,1	2518.171823,10702.58991,15118.51127,23789.02987,26843.31686,35492.61164,38766.854,47132.86697	5499.496609,16596.77384,25006.83162,26558.71731,32266.68399,35361.71332,43546.6057,47953.37361	-0.928088857,-0.9354326188,0.9323484402,0.942723903,0.9088944768,0.94245469,0.9749728313,0.938724503	-0.9561906099,0.9320438423,0.9393881132,0.2429550134,-0.9367486259,-0.9332567746,-0.9354433576,0.9323304556	ok
-0.97895792	-41.24248497	-44.70876279	0.8261867143	continued:5	1,1,-1,-1,-1,-1,1,-1	-1,1,1,-1,1,-1,-1,-1	2610.345684,10795.96595,15215.74503,23890.23437,26893.65879,35701.50838,42888.69801,48783.58466	5498.18251,16646.78834,25101.68236,31583.20759,37024.66228,41220.6988,49592.79101,51342.22367	0.9361183553,0.935460455,-0.9323735621,-0.9428046756,-0.8538296292,-0.9442562495,0.933576218,-0.9379060195	-0.9561778397,0.9321408948,0.9400467205,-0.9341124837,0.9357102609,-0.9319837406,-0.9388463569,-0.4493628162	ok
-0.97695391	-41.24248497	-45.07781709	0.8246031222	continued:5	1,1,-1,-1,-1,-1,-1,1	-1,1,1,-1,-1,-1,1,1	2738.816768,10925.67498,15349.07023,24026.90796,26986.34449,36058.27237,39268.60132,45006.90348	5496.877728,16696.48559,25208.49933,30727.43509,39124.97393,40733.91112,46660.18836,48818.40615	0.9354551032,0.9354882484,-0.9323982583,-0.9428776608,-0.7915950738,-0.9469241728,-0.23642264,0.9369311906	-0.9561650677,0.9322418946,0.9408421779,-0.9320568778,-0.9392502248,-0.2737087539,0.9379656783,0.9744610188	ok
-0.97494990	-41.24248497	-45.42500321	0.8235605497	continued:5	-1,-1,1,1,1,-1,1,-1	-1,1,1,1,1,-1,-1,1	2904.187581,11092.23191,15520.71977,24206.29899,27089.25058,35552.78199,44699.57393,51211.543	5495.5822,16745.84014,25334.02203,29364.7422,37560.49363,41834.7905,50267.8089,57115.39949	-0.9218664968,-0.9355144625,0.9324257916,0.9430007947,0.6655317042,-0.9533963208,0.9331462696,-0.9414138146	-0.9561522939,0.9323468542,0.9418399921,0.9337878125,0.935688024,-0.9321431095,-0.9397885306,0.9353599427	ok
-0.97294589	-41.24248497	-45.74852126	0.8227246284	continued:5	1,1,-1,-1,-1,1,1,1	-1,1,1,1,-1,-1,1,1	3026.544141,11215.83539,15648.69314,24340.01908,27165.00828,34430.50018,38305.18836,46804.49195	5494.295862,16794.83241,25492.2838,28273.43578,35155.84104,37636.80963,43408.5061,46224.22705	0.7725000783,0.9355417579,-0.9324517662,-0.9431002595,-0.565909946,0.9461759053,0.9453857664,0.9407091972	-0.9561395183,0.932455785,0.943170628,0.4979172872,-0.9436826294,-0.2320682716,0.9371258891,0.9346902556	ok
-0.97094188	-41.24248497	-46.04936797	0.8222230756	continued:5	1,1,1,-1,-1,-1,1,-1	-1,1,1,-1,-1,1,1,1	7.476338551,3139.442181,11330.0386,15766.58008,24461.69231,27244.78057,34204.2391,41567.05311	5493.01865,16843.44856,25720.48203,31352.11398,39562.17341,43592.65718,51886.66878,54295.28807	0.9551907398,0.9368774235,0.9355694281,-0.9324762535,-0.9431765101,-0.4971514698,0.9442227255,-0.9341836985	-0.956126741,0.9325686992,0.9451580619,-0.9314526077,-0.9360026643,0.9318308081,0.9376328871,0.9547931782	ok
-0.96893788	-41.24248497	-46.32654674	0.8220558913	full	-1,-1,1,1,1,-1,-1,-1	-1,1,1,1,1,1,1,1	3196.080343,11387.94127,15829.44431,24532.29525,27247.42006,33843.55078,37758.32428,45964.58386	5491.750505,16891.68037,26189.69583,30436.37195,40748.34872,46784.99838,55716.80048,60250.9069	-0.9008972716,-0.935595665,0.9325032088,0.9432978458,0.4011497398,-0.9419748421,-0.9352297809,-0.9359198078	-0.956113962,0.9326856104,0.9490914032,0.6749173545,0.9550914234,0.7659377836,0.9457166282,0.9394893443	ok
-0.96693387	-41.24248497	-41.18136537	0.8387883420	continued:5	1,1,-1,1,1,-1,-1,-1	-1,1,-1,1,-1,1,1,1	1429.571685,9602.402877,14443.24855,20590.43835,22130.50031,27995.03555,30395.97819,38668.05908	5490.491362,16939.52503,26785.68986,38943.46452,43896.90979,49677.47924,52220.54893,60459.29469	0.9377785562,0.9351335587,-0.9335341245,0.9394667488,0.228834905,-0.9376814448,-0.9560131667,-0.937250725	-0.9561011811,0.9328065342,-0.9564468203,0.9349827745,-0.9338975636,0.9374984385,0.9440828698,0.9366050499	ok
-0.96492986	-41.24248497	-42.26059796	0.8359949931	continued:5	1,1,-1,-1,-1,-1,1,1	-1,1,-1,-1,1,1,1,-1	1788.254851,9978.163443,14521.05747,24031.10589,29643.29936,37878.61165,41424.09865,49633.51986	5489.241162,16986.98489,24719.49671,28540.46491,34497.70667,36554.28034,45055.28579,50790.30188	0.933552239,0.9355415241,-0.9327553258,-0.950797204,-0.9427779702,-0.936538114,0.9314763459,0.9359874382	-0.9560883984,0.93293149,-0.9494786292,-0.2334260388,0.9382483358,0.9290763088,0.9408280951,-0.9325329209	ok
-0.96292585	-41.24248497	-42.93443840	0.8332016442	continued:5	1,1,-1,-1,1,1,-1,1	-1,1,-1,-1,-1,-1,-1,1	2031.757544,10226.20893,14710.01418,23543.83233,29965.88219,38416.26052,44994.06775,50223.02423	5487.999845,17034.06719,24207.77484,28540.7743,36797.1285,39896.24672,48092.41466,52541.24359	0.9340378153,0.9356428854,-0.9326412791,-0.9448423763,0.9322852741,0.9401667487,-0.9346713203,0.934969283	-0.9560756139,0.9330605013,-0.9458727626,-0.9501535069,-0.936962548,-0.9338875668,-0.9356831712,0.9325684132	ok
-0.96092184	-41.24248497	-43.46841116	0.8304082954	continued:5	1,1,-1,-1,1,-1,-1,1	-1,1,-1,1,-1,-1,1,1	2215.647982,10412.46513,14880.81138,23640.51292,31412.0391,35899.94355,44740.5074,50991.6443	5486.76735,17080.78378,23939.32811,32052.05733,35229.43369,43426.71196,47885.58605,56613.0322	0.9186607841,0.9356926399,-0.932625264,-0.9440663132,0.9356703228,-0.9326665298,-0.9449461531,0.9320806086	-0.9560628275,0.9331935969,-0.9438719713,0.9369154233,-0.9278320623,-0.9357035693,0.9326056081,0.9437028268	ok
-0.95891784	-41.24248497	-43.93344052	0.8277426639	continued:5	-1,-1,1,1,-1,1,1,-1	-1,1,-1,-1,-1,-1,-1,-1	2357.079289,10555.60083,15022.32745,23767.86227,31795.30127,35312.22294,43523.51443,47716.76694	5485.543618,17127.15081,23755.23614,27164.5066,35457.77026,37925.97217,46183.12326,49310.00826	-0.9195984163,-0.9357264561,0.9326382687,0.9439376319,-0.936642604,0.9315136005,0.936019861,-0.932152346	-0.9560500392,0.933330812,-0.9424648702,-0.9639764783,-0.9376699953,-0.95024824,-0.9369850614,-0.9356256324	ok
-0.95691383	-41.24248497	-44.35784322	0.8252836836	continued:5	1,1,-1,-1,1,-1,-1,1	-1,1,-1,1,1,-1,-1,1	2463.796405,10663.83755,15133.19571,23879.58948,31870.71512,35517.78807,43742.24078,47667.74196	5484.328592,17173.18847,23614.16173,28689.74497,36946.40477,40106.52852,48306.56569,52776.002	0.9368669329,0.9357550452,-0.9326599629,-0.943976457,0.9365563292,-0.9316107282,-0.9363078396,0.931837476	-0.9560372491,0.933472189,-0.9413633044,0.931776446,0.9369792841,-0.9176655913,-0.9357551468,0.9326602599	ok
-0.95490982	-41.24248497	-44.75449498	0.8233657229	continued:5	1,1,-1,-1,1,-1,-1,-1	-1,1,-1,1,-1,-1,-1,1	2608.08404,10809.54344,15284.11542,24040.2357,31823.66436,36239.82099,44845.26244,48443.1186	5483.122212,17218.92068,23499.01795,29864.496,35605.10042,38290.79505,46515.06365,50480.19756	0.9428325345,0.9357809113,-0.9326869704,-0.944114817,0.9358463284,-0.9325684047,-0.9423285181,-0.9470463075	-0.9560244572,0.9336177778,-0.9404459946,0.9341415094,-0.9374584278,-0.9381347488,-0.9363001269,0.9318959444	ok
-0.95290581	-41.24248497	-45.12606035	0.8219098482	continued:5	-1,-1,1,1,-1,1,-1,1	-1,1,-1,1,1,1,1,1	2771.058736,10974.00783,15452.7882,24215.33022,31861.61615,36665.81684,43100.26068,48180.75071	5481.924422,17264.37487,23400.98437,30796.64735,33060.94549,41384.41672,43504.32953,51917.28884	-0.9277162575,-0.9358078663,0.9327118721,0.9442148245,-0.9354146285,0.9335389248,-0.9414035473,0.9318198113	-0.9560116633,0.9337676379,-0.9396507201,0.9380018405,0.9729248354,0.9382301213,0.9590631613,0.9396828593	ok
-0.95090180	-41.24248497	-45.47340575	0.8206606246	continued:5	-1,-1,1,1,-1,1,-1,-1	-1,1,-1,-1,1,-1,1,-1	2887.746027,11092.12118,15576.94704,24352.60071,31743.26608,37151.41608,41600.60817,50270.05718	5480.735164,17309.58173,23314.82565,25093.8473,32837.90664,41754.2861,46523.56433,53155.77046	-0.9160994629,-0.9358328021,0.932740652,0.9443889977,-0.9346292131,0.9358725203,-0.9326666606,-0.9431623983	-0.9559988675,0.9339218394,-0.938941405,-0.4306608187,0.9498182737,-0.9354921603,0.9334522658,-0.9426627231	ok
-0.94889780	-41.24248497	-45.79850740	0.8198247032	continued:5	1,1,-1,-1,1,-1,-1,-1	-1,1,-1,-1,-1,1,-1,-1	3011.757171,11217.61226,15707.8477,24494.66677,31667.33889,37594.95245,39561.5845,48185.16565	5479.554383,17354.57501,23237.0964,25337.3863,33764.59106,40850.40168,44345.11149,52562.05477	0.9747784972,0.935858284,-0.9327680407,-0.9445401027,0.9340327219,-0.9385418605,-0.7820361121,-0.9425864577	-0.9559860698,0.9340804626,-0.9382953109,-0.9465477624,-0.9399254519,0.9367922578,-0.9315891871,-0.9361182595	ok
-0.94689379	-41.24248497	-46.10001286	0.8193231504	continued:5	1,1,1,-1,-1,1,-1,-1	-1,1,-1,-1,-1,1,1,-1	6.251541064,3125.11532,11332.50183,15827.5514,24623.56018,31611.52868,38119.16032,42331.91191	5478.382023,17399.39138,23165.32233,25707.85559,33956.24421,37468.26363,45687.89752,49910.37005	0.9550988254,0.9377416446,0.9358844541,-0.9327940403,-0.9446683846,0.9335856775,-0.9419706235,-0.9340497508	-0.9559732702,0.9342436005,-0.9376972186,-0.9454426536,-0.9368036888,0.9316173589,0.9361719523,-0.9322956049	ok
-0.94488978	-41.24248497	-46.37703517	0.8191559661	full	-1,-1,1,1,-1,-1,-1,-1	-1,1,-1,-1,-1,1,1,-1	3183.522837,11392.40046,15893.6273,24704.3632,31392.37707,40615.95479,45315.04197,53635.94168	5477.218028,17444.07028,23097.57408,26241.42737,34450.3056,38951.51807,47762.21346,54451.03394	-0.9068259858,-0.9359091201,0.9328227685,0.9448562191,-0.9329562218,-0.94884297,-0.9729879724,-0.9382077613	-0.9559604687,0.9344113594,-0.9371364866,-0.956972857,-0.935909194,0.9328229672,0.9448558151,-0.9329580181	ok
-0.94288577	-41.24248497	-41.16071415	0.8360178167	continued:5	1,1,-1,1,-1,1,-1,1	-1,1,-1,1,1,-1,-1,1	1357.665085,9550.244075,14424.7778,20669.39092,27200.41154,32550.265,37268.78559,44405.03957	5476.062343,17488.65385,23032.21718,26844.26994,35100.93894,38471.75552,46686.65871,51095.16664	0.9420022277,0.9354887877,-0.9338355912,0.9404528938,-0.9348426321,0.9356860841,-0.9333709197,0.946111788	-0.9559476653,0.9345838609,-0.9366054442,0.9318535103,0.9369710843,-0.9315403717,-0.9360417353,0.9326486666	ok
-0.94088176	-41.24248497	-42.27082371	0.8332244678	continued:5	1,1,-1,-1,1,1,1,1	-1,1,-1,1,1,-1,-1,1	1748.962217,9956.907232,14555.93801,24719.26705,33114.05264,41396.33215,44197.10267,52420.3439	5474.914915,17533.18686,22967.74518,27351.80781,35889.03123,40880.46762,49137.47364,52535.81825	0.9342887869,0.9358610273,-0.933077183,-0.9546861983,0.9319823784,0.9374890658,0.9357361384,0.9362264692	-0.9559348598,0.934761242,-0.9360984719,0.9326176544,0.9415833395,-0.9318651763,-0.9369735263,0.93158811	ok
-0.93887776	-41.24248497	-42.95706616	0.8304311189	continued:5	1,1,-1,-1,1,1,-1,-1	-1,1,-1,1,-1,1,1,-1	2010.150591,10222.33183,14770.60197,23790.16834,33030.98287,34674.6582,41377.26598,44252.4987	5473.77569,17577.71678,22902.64989,27733.0255,34213.8802,38563.40245,46777.3808,51286.55994	0.9344073742,0.9359510226,-0.9329732437,-0.9470770256,0.9393387264,0.2471537538,-0.9431860323,-0.5850269175	-0.9559220524,0.9349436581,-0.9356114639,0.9337270719,-0.9419628822,0.9307664272,0.9359946876,-0.9328861317	ok
-0.93687375	-41.24248497	-43.49901324	0.8276377700	continued:5	-1,-1,1,1,1,1,1,1	-1,1,-1,1,-1,1,-1,1	2206.30012,10421.01094,14955.0367,23870.46389,28101.30667,36382.59353,39259.47135,47481.09301	5472.644614,17622.29377,22835.30263,28040.88354,33269.0983,38427.94995,43796.54268,48477.27269	-0.8960141809,-0.9359985217,0.9329561069,0.9460663247,0.9589168784,0.937461095,0.934715628,0.9361648764	-0.955909243,0.9351312837,-0.9351415303,0.9351103042,-0.9352059239,0.934917367,-0.9358289521,0.933313806	ok
-0.93486974	-41.24248497	-43.96980134	0.8248444212	continued:5	1,1,-1,-1,-1,-1,1,1	-1,1,-1,1,-1,-1,1,1	2326.887263,10543.52585,15076.78479,23975.44993,28489.91309,36730.21579,40694.89853,48988.41858	5471.521636,17666.97081,22763.82832,28330.29672,32029.81173,40276.3357,44075.86551,52336.27208	0.9422022918,0.9360307786,-0.9329692707,-0.9459171035,-0.9400373693,-0.9365854514,0.9320635716,0.9377039765	-0.9558964317,0.9353243149,-0.9346868693,0.9368073473,-0.9318368191,-0.9367253895,0.9319110487,0.937027145	ok
-0.93286573	-41.24248497	-44.40000277	0.8225131582	continued:5	1,1,-1,-1,-1,-1,-1,-1	-1,1,-1,1,1,1,1,1	2468.921873,10687.25435,15225.36212,24135.92187,28403.76695,36678.75579,39765.27589,47983.89951	5470.406702,17711.80389,22685.95851,28656.41172,30449.08174,40919.28243,47163.61033,55917.74385	0.9745469939,0.9360565471,-0.9329948579,-0.9460632361,-0.9553647284,-0.9373239879,-0.9346791556,-0.9360638729	-0.9558836184,0.9355229719,-0.934246783,0.9390158007,0.408847699,0.9556975976,0.5964039175,0.9442969941	ok
-0.93086172	-41.24248497	-44.79953040	0.8205951976	continued:5	-1,-1,1,1,1,1,1,1	-1,1,-1,1,1,1,-1,-1	2618.524723,10838.53868,15382.28071,24309.14968,28298.81065,36652.06358,38550.83062,47281.73211	5469.299762,17756.85219,22598.8538,29125.85992,32857.22431,41100.84826,45069.43558,53366.59856	-0.925144579,-0.93608178,0.9330220974,0.9462530655,0.9735671322,0.9388006381,0.5978557819,0.9440472683	-0.9558708031,0.9357275014,-0.9338218464,0.9424076443,0.9404305336,0.9366384366,-0.9321003044,-0.9377690366	ok
-0.92885772	-41.24248497	-45.17297060	0.8190116054	continued:5	-1,-1,1,1,1,1,1,1	-1,1,-1,1,1,-1,-1,-1	2753.183095,10974.86504,15525.06347,24473.36393,28174.35125,36747.69018,40987.58356,49209.26344	5468.200763,17802.17842,22498.8998,30710.81803,35623.06135,43488.62997,48779.86903,57077.71657	-0.9258997467,-0.9361058118,0.9330512231,0.9464922727,0.7227985653,0.9421135834,0.9392826734,0.9361059024	-0.9558579857,0.935938179,-0.9334142575,0.9529492807,0.290552556,-0.9509698732,-0.9657735219,-0.9377734112	ok
-0.92685371	-41.24248497	-45.52264535	0.8177623818	continued:5	-1,-1,1,1,1,-1,1,1	-1,1,-1,-1,1,1,-1,-1	2871.822232,11095.15539,15652.71361,24628.84527,28035.28335,37099.84741,46851.23853,55852.37375	5467.109656,17847.84921,22381.51963,31238.63674,36677.12221,44911.78724,49203.37776,57644.4722	-0.8969340887,-0.9361291566,0.9330822736,0.9467913936,0.3036914699,-0.9559311656,0.933091754,0.9470372864	-0.9558451664,0.9361553137,-0.9330284153,-0.945564976,0.9317827035,0.9364036067,-0.9325619856,-0.9402731152	ok
-0.92484970	-41.24248497	-45.84906278	0.8169264605	continued:5	1,1,-1,-1,1,-1,-1,-1	-1,1,-1,-1,1,-1,-1,-1	2997.3321,11222.35547,15786.93307,24790.56585,34316.70712,40171.20844,49618.55397,55394.47984	5466.02639,17893.93552,22241.15013,30729.88455,36857.02047,43461.45934,46528.33521,54979.73259	0.9660319146,0.9361526923,-0.9331126883,-0.94708207,0.9412086404,-0.9332105183,-0.9508216175,-0.9366953397	-0.955832345,0.9363792517,-0.9326717502,-0.9410012908,0.933867969,-0.9430188706,-0.8741208013,-0.9404079608	ok
-0.92284569	-41.24248497	-46.15098081	0.8164249077	continued:5	1,1,1,-1,-1,1,1,1	-1,1,-1,-1,-1,-1,-1,-1	5.218968584,3110.90923,11337.67114,15908.71389,24937.81723,33719.31337,36345.10479,44597.41197	5464.950916,17940.51326,22071.75288,30425.77138,32336.89963,40998.76272,43857.30836,52628.67942	0.9553086413,0.9384573032,0.9361765375,-0.9331416155,-0.9473475556,0.9378419585,0.9420623699,0.9367835274	-0.9558195216,0.9366103808,-0.9323556767,-0.938827754,-0.5997346071,-0.9432807938,-0.5245992373,-0.9445743579	ok
-0.92084168	-41.24248497	-46.42762361	0.8162577234	full	-1,-1,1,1,-1,1,-1,-1	-1,1,-1,-1,-1,-1,1,1	3171.288543,11399.74328,15978.81118,25046.22664,32993.55121,38642.51785,41822.34315,50050.95358	5463.883183,17987.664,21868.56391,30153.76588,33200.92808,41430.04829,45994.00836,54963.50562	-0.9065276039,-0.9361991553,0.9331742236,0.9477289194,-0.9348119559,0.9373864607,-0.9298505926,-0.93620299	-0.9558066961,0.9368491365,-0.9320959455,-0.937491034,-0.9343896037,-0.9362156435,0.9331393321,0.9467848592	ok
-0.91883768	-41.24248497	-41.14254465	0.8332510562	continued:5	1,1,-1,1,-1,-1,-1,-1	-1,1,-1,-1,1,1,1,1	1279.500669,9494.912352,14401.9423,20771.10802,26076.95197,34429.54182,36370.07948,44960.39916	5462.823144,18035.47577,21631.75954,29880.6888,34003.39142,42356.31126,44293.63917,52889.70957	0.9493076107,0.9358403115,-0.9341152951,0.9416330957,-0.9323739443,-0.9387976554,-0.6490434956,-0.9423916042	-0.9557938686,0.9370960087,-0.931906779,-0.9366750997,0.9323753016,0.9388036451,0.6423276708,0.9424673185	ok
-0.91683367	-41.24248497	-42.28238329	0.8304577073	continued:5	1,1,-1,-1,1,-1,1,1	-1,1,-1,-1,1,1,1,1	1706.711092,9935.31884,14604.87574,25564.39899,37262.93021,42886.05146,46254.2138,54490.69748	5461.77075,18084.04416,21370.98328,29604.84664,34155.07854,43034.19656,47817.71747,56053.55242	0.9352701038,0.9361602879,-0.933425,-0.9560665921,0.9349104101,-0.9372909538,0.9317616674,0.9363574516	-0.9557810391,0.9373515495,-0.9315887934,-0.9362925126,0.9331355708,0.9458911007,0.9347378091,0.936341316	ok
-0.91482966	-41.24248497	-42.98052956	0.8276643585	continued:5	1,1,-1,-1,-1,-1,1,1	-1,1,1,1,-1,-1,-1,-1	1987.958137,10220.36737,14852.36893,24537.98355,31089.266,39323.2363,43919.66325,53062.22124	5460.725952,18133.47351,21106.04612,29341.9338,33894.03384,42771.62076,47582.38928,55818.99861	0.9348392038,0.9362340561,-0.9333428656,-0.9524531894,-0.9351620889,-0.936273529,0.9332563528,0.9484652234	-0.9557682074,0.937616383,0.9344530996,0.936321397,-0.933153393,-0.9458910752,-0.9345795581,-0.9363393483	ok
-0.91282565	-41.24248497	-43.53014998	0.8248710096	continued:5	-1,-1,1,1,-1,-1,1,1	-1,1,1,1,-1,-1,-1,-1	2198.130851,10433.21015,15053.21507,24432.05396,32010.1526,40531.54553,46123.943,54655.42954	5459.688704,18183.87849,20859.6769,29114.46938,33239.24795,41596.55927,43518.10841,52129.94514	-0.9160931393,-0.9362785685,0.933326518,0.9504105942,-0.9328192249,-0.9415227144,0.9328360713,0.9416677785	-0.9557553737,0.9378912172,0.9403001025,0.9367585453,-0.9324235419,-0.9388719208,-0.5913472487,-0.9426981574	ok
-0.91082164	-41.24248497	-44.00646843	0.8220776607	continued:5	-1,-1,1,1,-1,1,1,1	-1,1,1,1,1,1,-1,-1	2325.512934,10562.70762,15183.79101,24535.93454,32743.23448,39234.98816,42965.90978,51223.13321	5458.658958,18235.38597,20647.41997,28941.81366,31960.77459,40199.1258,44793.48765,53877.23749	-0.7983529826,-0.9363085394,0.9333422597,0.9502219106,-0.9341530872,0.9425549217,0.940766888,0.9367965855	-0.9557425379,0.9381768576,0.9613399142,0.9376229029,0.9345043394,0.9363377733,-0.9332779519,-0.947965327	ok
-0.90881764	-41.24248497	-44.44072945	0.8196186804	continued:5	1,1,-1,-1,1,1,-1,-1	-1,1,1,1,1,1,-1,1	2441.569213,10680.68515,15307.82015,24705.76606,31666.18647,39956.68399,43128.47319,51367.7289	5457.636667,18288.13737,20473.7771,28839.76953,30705.57826,39433.45939,47941.29568,55374.37782	0.9400476305,0.9363330876,-0.9333701043,-0.9505779674,0.9321707875,0.9375291091,-0.929622086,-0.9363365849	-0.9557297,0.9384742258,0.9638344898,0.9390032595,0.4700618616,0.9441497895,-0.9401604013,0.9392969048	ok
-0.90681363	-41.24248497	-44.84460548	0.8177007197	continued:5	-1,-1,1,1,1,1,-1,1	-1,1,1,1,-1,1,-1,1	2597.880324,10838.8295,15474.58292,24967.13444,29626.37624,38332.01691,47695.07854,54869.34923	5456.621786,18342.29157,20334.93077,28837.14212,34973.22844,41646.04819,51454.82208,59876.15543	-0.9127119384,-0.9363547572,0.9334044099,0.9512622254,0.4740755561,0.9438921532,-0.9448988649,0.9346979432	-0.9557168601,0.9387843798,0.7223844392,0.9412021273,-0.9341050084,0.9438119709,-0.9475944074,0.9367818081	ok
-0.90480962	-41.24248497	-45.22114322	0.8161171275	continued:5	-1,-1,1,1,-1,1,-1,1	-1,1,1,1,-1,-1,-1,-1	2736.660096,10979.47115,15623.7289,25227.57571,34049.2945,40055.22935,49041.2455,55593.10091	5455.614268,18398.02857,20222.40885,29070.03375,35028.36195,43354.01116,45762.64891,54061.7376	-0.9223970713,-0.9363762555,0.9334381826,0.9520014049,-0.9346579201,0.9396098773,-0.9483547677,0.9323102684	-0.955704018,0.9391085424,0.3893840822,0.9455185207,-0.9323451599,-0.9382325353,-0.9625310778,-0.9376795112	ok
-0.90280561	-41.24248497	-45.57281606	0.8148679040	continued:5	-1,-1,1,1,1,-1,1,1	-1,1,1,-1,1,1,1,1	2856.974078,11101.63528,15755.21972,25519.49498,30341.09602,39924.95577,50878.87627,59979.40504	5454.614068,18455.55423,20120.55957,29703.40554,40785.45484,51635.30176,60484.45425,68737.18081	-0.6909300786,-0.9363972939,0.9334740993,0.9529475815,0.2132601388,-0.9559295405,0.9333594076,0.9481742001	-0.9556911738,0.9394481345,0.2131188854,-0.9559351924,0.9336170335,0.9558516745,0.9364939547,0.9365998132	ok
-0.90080160	-41.24248497	-45.90024730	0.8140319826	continued:5	1,1,-1,-1,-1,-1,1,-1	-1,1,-1,1,-1,1,-1,-1	2983.7631,11230.30216,15893.11842,25865.50354,31525.3584,40003.79672,46656.8119,51707.80785	5453.621142,18515.10629,26887.79086,34424.64941,39388.60714,45718.19803,51264.1162,59768.99646	0.9590460094,0.9364181975,-0.9335098692,-0.9539855493,-0.7463179665,-0.9408462521,0.9359462534,-0.9347470781	-0.9556783275,0.9398048191,-0.9447299558,0.9360594938,-0.9344257292,0.9416817837,-0.9328734824,-0.9413006719	ok
-0.89879760	-41.24248497	-46.20230345	0.8135304298	continued:5	1,1,1,-1,-1,-1,-1,-1	-1,1,-1,1,1,1,-1,-1	4.388964602,3097.238651,11345.70312,16017.19365,26239.65453,31904.76695,41171.96205,45020.84677	5452.635444,18576.96231,26166.76628,33475.664,35415.51334,43974.97915,48931.96897,57225.71637	0.9558500312,0.9391533957,0.9364395883,-0.9335445956,-0.9549714241,-0.2794027365,-0.9494748781,-0.1925101925	-0.9556654792,0.9401805579,-0.9403599854,0.9389272982,0.5864920386,0.94202391,-0.9322229821,-0.9375155168	ok
-0.89679359	-41.24248497	-46.47832059	0.8133632455	full	-1,-1,1,1,1,-1,-1,-1	-1,1,-1,1,1,-1,-1,-1	3159.845294,11410.1812,16092.15092,26730.98184,32840.9121,42417.01395,49611.06771,60529.3824	5451.65693,18641.45019,25683.57499,28811.98661,37062.322,41744.30112,52383.93121,58474.91754	-0.904648784,-0.9364589604,0.9335834821,0.9560286863,0.1897573633,-0.9560147154,-0.2245350794,-0.9562971627	-0.9556526286,0.9405776849,-0.9376940215,0.8730509211,0.936459113,-0.9335837257,-0.9560299361,-0.1880490621	ok
-0.89478958	-41.24248497	-41.10601097	0.8303632796	continued:5	1,1,-1,1,-1,-1,-1,-1	-1,1,-1,1,-1,1,-1,1	1161.926903,9406.025475,14286.26123,21187.60842,27203.70243,35556.99967,37645.16757,46065.86218	5450.685556,18708.9625,25261.39726,30606.69773,35643.39404,41736.9396,49240.43478,57247.25065	0.9658299199,0.9362604083,-0.9341757791,0.9455684272,-0.9324983898,-0.9387159397,-0.864772246,-0.9399094471	-0.9556397759,0.9409990053,-0.9356446741,0.9360626793,-0.9347281132,0.9402790792,-0.9400143325,0.9427765525	ok
-0.89278557	-41.24248497	-42.28803763	0.8275699308	continued:5	1,1,-1,-1,1,1,1,1	-1,1,-1,1,-1,-1,-1,1	1629.551707,9882.645046,14610.3844,25429.70991,35530.8848,43849.86464,46618.6962,54883.46285	5449.72128,18779.97609,24801.03856,32916.49061,47054.16819,54858.99859,63144.85075,66957.24984	0.9373356403,0.9364703438,-0.9337295974,-0.9558218602,0.9323648758,0.9380053766,0.9380151595,0.9367666027	-0.9556269211,0.9414479279,-0.9339438416,0.9529728822,-0.9562783255,-0.9497429322,-0.9372710899,0.932259632	ok
-0.89078156	-41.24248497	-43.00165881	0.8247765819	continued:5	1,1,-1,-1,1,1,1,1	-1,1,-1,-1,-1,-1,1,1	1933.049598,10188.45807,14917.86737,25749.66529,36610.59199,45493.73839,50134.10717,58397.49402	5448.764057,18855.08,24152.48393,32534.18358,34335.4827,43185.98292,49246.03575,57617.8644	0.9351352218,0.9364997943,-0.9337453901,-0.9558361503,0.9333670144,0.9460906094,0.9367657769,0.9367036742	-0.9556140641,0.9419286499,-0.9326175514,-0.93923026,-0.323237016,-0.9455800568,0.9325837098,0.9390454048	ok
-0.88877756	-41.24248497	-43.56102035	0.8219832330	continued:5	1,1,-1,-1,1,-1,1,1	-1,1,-1,-1,1,1,1,1	2159.380796,10417.06559,15149.69347,25984.003,37126.31985,45398.6143,52551.73457,60812.72174	5447.813846,18935.01574,23183.78389,31442.05693,36160.88118,47113.80592,54771.02864,63216.4803	0.9399855551,0.9365270617,-0.9337653915,-0.9558338471,0.9339895124,-0.9537196142,0.931906284,0.9366125841	-0.9556012051,0.9424464146,-0.930018555,-0.9365425258,0.9337278751,0.9559917687,0.7885056143,0.9402971719	ok
-0.88677355	-41.24248497	-44.04435069	0.8191898841	continued:5	1,1,-1,-1,1,-1,1,1	-1,1,1,1,1,1,-1,-1	2295.013288,10554.99585,15290.87574,26127.68887,37514.29156,43824.4758,49466.97156,58094.29838	5446.870603,19020.73757,22322.63745,30662.53362,33079.57754,41390.16625,44582.80395,52843.2577	0.9407011349,0.9365547097,-0.9337855505,-0.9558305226,0.9346588647,-0.9417715585,0.933164867,0.9430461352	-0.9555883437,0.9430078863,0.9751335625,0.9383764656,0.9639583839,0.9377592473,-0.9309003865,-0.9365669245	ok
-0.88476954	-41.24248497	-44.48384094	0.8167309038	continued:5	1,1,-1,-1,1,1,1,1	-1,1,1,1,-1,-1,-1,1	2416.558619,10678.65965,15422.53029,26225.02487,36924.93888,45547.70603,48894.33727,57224.60108	5445.934288,19113.50582,21822.22814,30817.60103,43564.41071,52134.46111,60404.00478,64965.63295	0.9379411788,0.9365767441,-0.9338186545,-0.9557843855,0.9331725486,0.9429854928,0.9734952344,0.9381590197	-0.9555754803,0.9436217069,0.261454837,0.9470655623,-0.9560003539,-0.937158919,-0.9367678727,0.9333633071	ok
-0.88276553	-41.24248497	-44.89156005	0.8148129431	continued:5	1,1,-1,-1,-1,-1,1,1	-1,1,-1,1,1,-1,-1,-1	2579.848502,10843.89844,15600.28311,26373.2193,35049.3755,43326.24178,47758.02311,56329.7547	5445.004858,19215.03759,27905.68282,33270.60919,41688.71914,50972.68868,56772.12455,65040.92957	0.4525793702,0.936593723,-0.933864348,-0.9556967868,-0.9397749474,-0.936920247,0.9331095685,0.9422754464	-0.9555626147,0.9442993523,-0.9419735693,0.9327706267,0.9398435213,-0.9508858415,-0.9361751484,-0.9367169055	ok
-0.88076152	-41.24248497	-45.27076008	0.8132293510	continued:5	-1,-1,1,-1,-1,-1,1,1	-1,1,-1,1,1,1,-1,-1	2722.66699,10988.74387,15756.35586,25329.67863,33875.4015,42163.06241,46349.87962,54752.6066	5444.082272,19327.76297,26588.64101,32299.74621,35064.85624,43341.11783,47854.9593,56545.23052	-0.9170120739,-0.9366124469,0.9339068516,-0.9556763259,-0.9451123309,-0.9371547286,0.9327329081,0.9395539434	-0.9555497469,0.945056503,-0.9353833052,0.9381242211,0.9386108252,0.9368737106,-0.9332836029,-0.9438699815	ok
-0.87875752	-41.24248497	-45.62404378	0.8119801274	continued:5	1,1,-1,1,-1,-1,-1,-1	-1,1,-1,-1,1,1,-1,1	2844.246805,11112.34527,15891.85929,25356.82739,35495.9407,43845.80931,46193.13874,54524.09453	5443.16649,19455.28883,24788.33493,33066.50806,37594.79947,46310.6761,55462.83399,63219.0773	0.9432920815,0.9366301853,-0.9339510528,0.9557179775,-0.9325486535,-0.9385137927,-0.9727594756,-0.9381090792	-0.955536877,0.9459153466,-0.9321644427,-0.9368895699,0.9333254171,0.94419218,-0.9447777359,0.9374086418	ok
-0.87675351	-41.24248497	-45.95214004	0.8111442060	continued:5	1,1,-1,1,-1,1,1,1	-1,1,1,1,-1,1,-1,1	2971.994149,11242.13445,16033.61575,25468.36394,36791.96118,43281.75427,46522.24626,54883.41196	5442.25747,19603.30865,22985.03066,32035.05915,40940.09043,52001.19592,63826.73536,68889.01168	0.9587258587,0.9366476087,-0.9339962485,0.9557529365,-0.9346773236,0.9431108181,0.9677094798,0.9387082599	-0.9555240048,0.9469086659,0.2247565097,0.9475664981,-0.9397578492,0.9557779949,-0.9363201242,0.9349223747	ok
-0.87474950	-41.24248497	-46.25402077	0.8106426532	continued:5	1,1,1,-1,1,-1,-1,-1	-1,1,-1,1,-1,-1,1,-1	3.78020069,3084.927049,11357.15629,16160.04067,25586.63431,37888.56468,40493.62647,48788.39441	5441.355174,19781.58287,27494.29574,33812.48337,39283.31029,47767.75146,54684.30676,58458.71595	0.9566237539,0.9400755878,0.9366659171,-0.934039524,0.9557855708,-0.9383074597,-0.9466462457,-0.9372346382	-0.9555111304,0.9480876098,-0.9348382601,0.9419971909,-0.9329857901,-0.9409242503,0.9375246284,-0.932368407	ok
-0.87274549	-41.24248497	-46.52913368	0.8104754690	full	-1,-1,1,-1,-1,1,-1,-1	-1,1,1,-1,1,-1,1,1	3150.094133,11424.35265,16240.56967,25671.54016,43079.18141,53590.47479,57590.23984,65940.62832	5440.45956,20008.90341,34607.96716,45667.5998,55085.14445,67270.74824,70529.03397,78804.77847	-0.9059154234,-0.9366818926,0.9340892141,-0.9558430378,-0.9551205486,0.9373996971,-0.93257158,-0.9384589638	-0.9554982538,0.9495375471,0.9557101129,-0.9340638137,0.9557655406,-0.9378701302,0.9318258529,0.9367212393	ok
-0.87074148	-41.24248497	-41.12470564	0.8275597639	continued:5	1,1,-1,1,-1,1,-1,-1	-1,1,1,1,-1,-1,-1,-1	1081.004715,9354.970539,14248.59119,21795.7891,30430.35337,35611.22598,41403.51395,43642.88874	5439.57059,20328.24466,24646.54735,34488.27534,46105.6357,60365.94956,68627.85023,76912.77091	0.9750316605,0.9366241232,-0.9343422108,0.9502042953,-0.9362607152,0.9354427309,-0.9386933754,-0.9655039402	-0.9554853751,0.9514109958,0.1731527237,0.953046063,-0.9470485323,-0.9560875595,-0.9384788058,-0.9369220065	ok
-0.86873747	-41.24248497	-42.31677545	0.8247664151	continued:5	1,1,-1,1,-1,-1,1,1	-1,1,1,1,-1,1,-1,-1	1582.871066,9861.555961,14697.76043,24128.47459,33760.03459,42078.178,45694.15626,53992.17153	5438.688224,20865.15212,26403.33706,34920.52344,41430.86728,46946.74944,51391.82001,59976.08721	0.9396979366,0.9367214656,-0.93416857,0.9559140034,-0.9324310989,-0.9376970603,0.9323162662,0.9372159557	-0.9554724941,0.9539451957,0.5333173115,0.9413253562,-0.9358351451,0.937111197,-0.9332165996,-0.942422897	ok
-0.86673347	-41.24248497	-43.03731832	0.8219730662	continued:5	1,1,-1,1,1,1,-1,-1	-1,1,-1,-1,1,1,-1,1	1910.566044,10190.52558,15058.95033,23839.49031,29772.42785,38665.98423,44034.40475,52328.1531	5437.812423,21789.20523,34437.69646,47714.17211,58406.00265,67115.39944,78065.32919,85302.49876	0.9358695022,0.936715971,-0.9342784988,0.9554800443,0.2233284913,0.9459766899,-0.9322865831,-0.9370737069	-0.955459611,0.9560988508,-0.9439606152,-0.9556484314,0.9334006146,0.944103207,-0.9546624625,0.9198099328	ok
-0.86472946	-41.24248497	-43.60198004	0.8191797173	continued:5	1,1,-1,1,1,1,1,1	-1,1,-1,-1,-1,1,-1,1	2154.208781,10436.41564,15315.16326,23873.89503,40316.46713,47941.99507,56306.25375,58641.5383	5436.94315,22010.93853,32095.71852,40518.9566,52918.95624,64543.88032,70066.27317,74507.68992	0.9434571474,0.936735335,-0.9343201455,0.9549064645,0.9560365685,0.9680059628,0.9386362359,0.9746433096	-0.9554467256,0.9558966947,-0.9328674758,-0.9398003438,-0.9556785075,0.9358911439,-0.9371716932,0.9332322303	ok
-0.86272545	-41.24248497	-44.08941321	0.8163863684	continued:5	1,1,-1,1,1,1,1,-1	-1,1,-1,-1,1,1,1,-1	2296.944588,10581.59274,15466.72792,24026.35615,40127.34741,49090.19396,57375.38152,62247.98093	5436.080365,21978.11171,34485.64123,45989.28045,55932.89341,58709.92608,67003.33496,71674.46137	0.9551158574,0.9367589554,-0.9343493963,0.9549167887,0.955558705,0.9362332857,0.9367734352,-0.9343089827	-0.955433838,0.9557052775,-0.9396757938,-0.9532569142,0.9382852441,0.939050813,0.9369888244,-0.9337373681	ok
-0.86072144	-41.24248497	-44.53196961	0.8140551055	continued:5	-1,-1,1,-1,1,1,1,-1	-1,1,-1,-1,-1,-1,1,1	2461.899485,10748.81131,15644.97514,23982.61451,35270.46014,38309.10734,46752.35338,56547.85735	5435.224031,22006.53604,32197.32692,40593.52115,42475.27727,51076.09178,55804.23481,64113.82935	-0.9267274901,-0.936777467,0.9343935034,-0.9541944677,0.9433580454,0.7326199811,0.9400721014,-0.9538760847	-0.9554209482,0.9555836781,-0.9327919241,-0.9392468479,-0.36444178,-0.9424761697,0.9323973656,0.9373590994	ok
-0.85871743	-41.24248497	-44.94033244	0.8119304937	continued:5	1,1,-1,1,1,-1,1,-1	-1,-1,1,1,-1,-1,1,1	2564.216158,10853.25173,15764.21494,23790.68366,39383.40152,49788.71663,58680.26812,67787.02831	5434.374111,23290.74019,32674.09995,40970.11988,45712.8503,56248.75064,65863.61092,75184.58261	0.9581231625,0.9367913776,-0.9344505716,0.9529223446,0.9560748185,-0.9343881794,0.9557068331,-0.9329717875	-0.9554080561,-0.9555423413,0.932279064,0.9369763068,-0.9339420488,-0.9556828567,0.9338034015,0.9501249291	ok
-0.85671343	-41.24248497	-45.32177368	0.8103469016	continued:5	-1,-1,1,-1,1,1,1,-1	-1,-1,1,-1,1,-1,1,1	2711.027298,11002.22831,15927.5259,23736.4865,33306.20208,35714.4389,44051.72151,47487.90267	5433.530568,23373.75784,35112.37895,40278.69461,46264.94402,57214.27766,67929.36287,78897.49214	-0.9102149518,-0.9368061321,0.9345063475,-0.9518702364,0.9386291617,0.9692438143,0.9379410201,-0.9323052091	-0.9553951618,-0.9556246043,0.9365057471,-0.9354387177,0.9400376075,-0.9558584216,0.9340189102,0.955939751	ok
-0.85470942	-41.24248497	-45.67629430	0.8090976780	continued:5	1,1,-1,1,1,1,-1,1	-1,-1,-1,-1,1,1,1,-1	2833.393393,11126.76,16066.89545,23694.35645,29617.11504,37910.82519,42843.06773,50641.22897	5432.693363,23497.23151,30598.97928,39655.79075,49605.39473,53730.0533,62070.85066,65464.24356	0.9732015993,0.9368200299,-0.9345647342,0.9509012884,0.9366911995,0.936829078,-0.9345376431,0.951836361	-0.9553822653,-0.9557228472,-0.1674569511,-0.9474220703,0.9464671629,0.9706327602,0.9379876459,-0.9322843728	ok
-0.85270541	-41.24248497	-46.00472004	0.8082617566	continued:5	1,1,-1,1,-1,-1,-1,1	-1,-1,1,1,1,1,1,1	2961.724202,11257.27187,16212.38747,23689.32237,32982.76325,43929.54949,58558.67046,71063.4193	5431.862462,23601.2296,35854.35102,48346.0097,55637.15339,64298.83125,67562.4813,75930.65131	0.9609817989,0.9368337093,-0.9346238405,0.9500438016,-0.9396778838,-0.9495516657,-0.9560235622,0.9438004342	-0.9553693665,-0.9558823052,0.9398761722,0.9557218491,0.2794300774,0.9432205905,0.9688229195,0.9385528461	ok
-0.85070140	-41.24248497	-46.30612543	0.8077602038	continued:5	1,1,1,-1,1,1,1,-1	-1,-1,1,1,1,-1,-1,1	3.375474609,3073.572489,11371.34846,16340.86294,23698.67523,27784.40983,36404.36462,40881.98284	5431.037827,23487.50801,34929.36236,37756.23174,46059.73873,50894.26327,61540.03639,71023.01246	0.9574092127,0.9411590317,0.9368477999,-0.9346814908,0.9493383907,0.3090346278,0.9426582913,-0.9323423876	-0.9553564655,-0.956021323,0.9383632433,0.9382284061,0.9370008572,-0.9342378807,-0.9554849001,0.9324099526	ok
-0.84869739	-41.24248497	-46.58006961	0.8075930195	full	-1,-1,1,-1,1,1,-1,1	-1,-1,-1,-1,-1,-1,1,1	3141.741699,11441.68084,16427.55893,23656.94245,30444.65956,38926.32804,46629.36291,51904.98964	5430.219423,22880.03494,28384.65043,37389.95257,40902.21739,49518.74982,54207.05923,62527.14373	-0.9077847192,-0.9368597474,0.9347471516,-0.9485477421,0.9331025426,0.9406836794,-0.9423521574,0.9329338588	-0.9553435622,-0.9548259918,-0.1616821162,-0.9468498314,-0.3060649122,-0.9425947464,0.93247226,0.9373848254	ok
-0.84669339	-41.24248497	-41.15269120	0.8248041033	continued:5	1,1,-1,1,1,1,1,1	-1,-1,-1,1,1,-1,-1,-1	1003.55739,9309.371955,14248.53046,22725.19946,28798.05066,37210.51968,39070.77901,47688.79888	5429.407214,22426.60022,36573.04632,44031.46014,52621.86029,57842.99298,66252.84731,68122.99629	0.9381006251,0.9369454929,-0.9345890154,0.954725444,0.8503541806,0.9393532715,0.2984372469,0.9425962451	-0.9553306567,-0.9528868444,-0.9506322831,0.9333485913,0.9423957102,-0.932888363,-0.9393382234,-0.311483646	ok
-0.84468938	-41.24248497	-42.34882135	0.8220107544	continued:5	1,1,-1,1,1,1,-1,1	-1,-1,-1,-1,-1,-1,1,-1	1542.289681,9847.934512,14837.1525,22192.69493,26160.9534,34927.48237,44476.94125,51478.54885	5428.601164,22166.29791,26705.32797,35351.47001,39211.8247,47521.12635,52424.67656,61755.73727	0.942790389,0.9369182011,-0.9347718935,0.9494077065,0.2007714165,0.9444039474,-0.9485031891,0.9334639363	-0.9553177489,-0.9512911869,-0.2670342655,-0.942947586,-0.9381181052,-0.937017036,0.9344762968,-0.9556687944	ok
-0.84268537	-41.24248497	-43.07450781	0.8192174056	continued:5	1,1,-1,1,-1,-1,1,-1	-1,-1,1,-1,-1,-1,-1,1	1898.862355,10204.83023,15253.01086,22072.292,28225.53611,36705.00421,44785.9842,52932.66587	5427.801239,21998.31304,31487.19084,38746.3857,51327.88694,58541.10108,67054.0383,74287.44697	0.9367367807,0.9368788614,-0.9349988412,0.9458789706,-0.9331215287,-0.9405815509,0.944846522,-0.9401932801	-0.9553048389,-0.9500198262,0.9410173551,-0.9399185654,-0.9558811859,-0.4552315918,-0.941035242,0.9397742892	ok
-0.84068136	-41.24248497	-43.64341531	0.8164240567	continued:5	-1,-1,1,-1,1,-1,1,1	-1,-1,-1,-1,1,1,-1,1	2163.568181,10471.94881,15532.69946,22304.75787,29175.12914,38442.3019,54478.91758,62822.2107	5427.007403,21879.83463,26933.28043,35252.60718,40054.14491,50999.1124,62481.64172,67654.40782	-0.8599283801,-0.9368946901,0.9350534541,-0.9455809771,0.934615275,-0.9559608495,0.9553705211,0.9550554408	-0.9552919266,-0.9489757495,-0.9421750191,-0.9371874353,0.9341760794,0.9557734376,-0.9367532748,0.9355193876	ok
-0.83867735	-41.24248497	-44.13416547	0.8136307078	continued:5	-1,-1,1,-1,1,-1,-1,-1	-1,-1,1,-1,1,1,-1,-1	2314.663685,10625.65861,15695.01976,22450.30829,29509.24914,36023.61719,38674.02465,47518.44979	5426.219622,21791.40308,29892.53544,34992.10263,41546.84183,54967.25506,65014.17579,73481.56862	-0.9242224325,-0.9369156341,0.9350927199,-0.945492499,0.9352419342,-0.943815148,-0.1652848061,-0.9451521678	-0.9552790121,-0.9480927799,0.9368783589,-0.9352141382,0.9440967173,0.9557106088,-0.9331027333,-0.9403193572	ok
-0.83667335	-41.24248497	-44.57913554	0.8111717275	continued:5	-1,-1,1,-1,1,1,1,-1	-1,-1,1,-1,1,1,1,1	2444.793201,10758.12157,15842.83831,22533.98308,30331.359,33161.04661,41479.61042,46445.28871	5425.437863,21722.91284,34076.04485,45978.93225,50201.3593,58649.39999,71062.92386,77490.84163	-0.9220834584,-0.9369282129,0.9351590014,-0.9450739623,0.9384900858,0.9387879912,0.9370703148,-0.9347107327	-0.9552660952,-0.9473282697,0.9554832129,-0.9377206943,0.9330507711,0.9399362458,0.9559154621,0.1707202206	ok
-0.83466934	-41.24248497	-44.99049978	0.8090471157	continued:5	1,1,-1,1,-1,1,-1,1	-1,-1,-1,-1,-1,-1,-1,-1	2548.337382,10863.94437,15965.69764,22585.05259,31570.49473,38869.86489,44514.62203,48224.20618	5424.66209,21668.54824,25543.18882,33948.38582,36111.2577,44525.97216,46527.39491,55016.86313	0.9487266012,0.9369386562,-0.935232985,0.9445992303,-0.9453813458,0.9362091982,-0.9380424239,0.9326160008	-0.9552531761,-0.9466538767,-0.891670579,-0.9390291853,-0.8479153247,-0.9392182231,-0.5023216607,-0.9405601065	ok
-0.83266533	-41.24248497	-45.37387136	0.8074635235	continued:5	-1,-1,1,-1,-1,1,-1,-1	-1,-1,1,1,1,1,-1,-1	2699.292575,11017.17133,16136.54995,22684.48347,36118.1903,47707.14776,52408.36313,61556.57963	5423.89227,21624.69723,27446.6438,35836.4274,38402.2033,46742.40039,51293.25562,59999.34587	-0.8905996995,-0.9369484158,0.9353103506,-0.9441244888,-0.955721188,0.9374040834,-0.9339352609,-0.9486424302	-0.9552402547,-0.9460500123,0.932847625,0.9386962714,0.9545182147,0.9375347877,-0.9335988671,-0.9439060376	ok
-0.83066132	-41.24248497	-45.72934929	0.8062142999	continued:5	1,1,-1,1,1,1,-1,1	-1,-1,1,-1,1,-1,1,1	2821.995809,11142.15891,16279.33173,22758.60854,25587.6528,34166.2487,40509.31643,46742.53522	5423.12837,21588.98351,28731.98568,34914.39002,41589.01773,46656.37788,53642.91445,67227.93691	0.9691644956,0.9369575984,-0.9353894958,0.9436671767,0.2966341486,0.9418720143,-0.9355935604,0.9419498227	-0.955227331,-0.9455026486,0.9356417099,-0.9415985977,0.9370438893,-0.9351036561,0.947190069,0.9551990037	ok
-0.82865731	-41.24248497	-46.05785196	0.8053783786	continued:5	1,1,-1,1,1,1,-1,-1	-1,-1,-1,1,1,1,1,-1	2950.55547,11273.01312,16428.19185,22840.92429,26318.53306,34670.70288,39023.54594,47539.67299	5422.370356,12706.08652,21559.773,29602.82903,41631.08669,48219.11924,56592.43115,60049.79855	0.9580974982,0.9369664752,-0.9354705092,0.9432233599,0.9634650214,0.9377387828,-0.9332721848,-0.9410463407	-0.9552144051,-0.1482527441,-0.9450014277,0.9399739697,0.9552557875,0.9743924829,0.9382370252,-0.9325255513	ok
-0.82665331	-41.24248497	-46.35855640	0.8048768258	continued:5	1,1,1,-1,1,-1,-1,1	-1,-1,-1,1,-1,1,1,1	3.118272388,3060.710581,11385.51541,16557.99257,22910.82078,27459.19891,35795.70239,40698.90725	5421.618196,12728.43165,21535.9026,31205.20245,42566.9208,49957.53773,58360.66409,60755.07245	0.9580472157,0.9418258368,0.9369759508,-0.9355498933,0.9428244995,-0.9325741143,-0.9372928658,0.9345251606	-0.9552014768,-0.1517362485,-0.9445385031,0.9498278873,-0.9523719572,0.9329167026,0.9388716273,0.9740155573	ok
-0.82464930	-41.24248497	-46.63113442	0.8047096415	full	-1,-1,1,-1,1,1,-1,-1	-1,-1,-1,-1,-1,-1,1,1	3132.463715,11459.52906,16651.6013,22935.11752,28659.84236,37521.67497,44288.47867,54905.13511	5420.871857,12748.19215,21516.52193,34224.85405,40628.35662,48986.93897,53325.30359,61834.86058	-0.901473272,-0.9369827997,0.9356403638,-0.9423590478,0.9338094422,0.9457481007,-0.9344738108,-0.9553680514	-0.9551885463,-0.1572776537,-0.9441077995,-0.9546195893,-0.9664881732,-0.9378019601,0.9332707632,0.9408811437	ok
-0.82264529	-41.24248497	-41.17043256	0.8219344487	continued:5	1,1,-1,-1,1,-1,1,-1	-1,-1,-1,-1,-1,1,-1,-1	889.5670686,9235.391906,14134.33069,24707.48053,35694.07617,44913.41881,56334.67658,62233.09814	5420.131307,12767.0461,21500.99625,24317.56471,32902.19645,39379.62636,45156.67255,47515.11205	0.6625134384,0.9373580701,-0.9345205573,-0.9553270497,0.9346630851,-0.9553508067,0.9360757111,-0.9397285348	-0.9551756135,-0.1642612581,-0.9437045246,-0.267649692,-0.9418471029,0.9362269135,-0.9389299999,-0.9744475812	ok
-0.82064128	-41.24248497	-42.37815082	0.8191410998	continued:5	1,1,-1,1,-1,1,1,-1	-1,-1,-1,-1,-1,1,1,1	1463.359338,9799.657218,14930.7876,21658.21693,28877.72057,34811.42142,46130.45731,53077.64361	5419.396513,12785.5888,21488.84459,24853.52623,33227.32271,37194.08868,45586.60994,48640.10559	0.9502887393,0.9371228234,-0.9353810148,0.9455295178,-0.9360652287,0.9399775292,0.9524263011,-0.9326832686	-0.9551626783,-0.1725390475,-0.9433248389,-0.9745446158,-0.9380728349,0.9328834462,0.9385164049,0.9397570374	ok
-0.81863727	-41.24248497	-43.11141360	0.8163477509	continued:5	1,1,-1,1,-1,1,1,1	-1,-1,-1,1,1,-1,1,-1	1850.764183,10184.87241,15432.73101,21537.04809,28967.26772,35998.25612,38207.49517,46620.44842	5418.667444,12804.12618,21479.69884,25784.85849,34121.3017,39318.86327,45670.63313,50185.49648	0.9381073095,0.9370055442,-0.9359066395,0.9411605556,-0.9414369616,0.9390877825,0.8816637594,0.9388940029	-0.9551497409,-0.1821138421,-0.9429656232,0.9323589106,0.9370707742,-0.9356736465,0.9428979825,-0.9326180706	ok
-0.81663327	-41.24248497	-43.68606442	0.8135544020	continued:5	1,1,-1,1,-1,1,-1,-1	-1,-1,-1,1,1,-1,1,1	2139.892363,10475.81351,15754.35948,21749.50584,32412.62813,45086.52281,50964.70283,60797.19999	5417.944067,12822.8509,21473.27608,26808.2072,35293.92522,46144.14818,56004.74076,64405.99768	0.9509008227,0.9369969827,-0.9360569142,0.9404206442,-0.9553674543,0.9423490777,-0.9342087367,-0.9531020494	-0.9551368011,-0.1930706772,-0.9426243153,0.9332318921,0.9403356464,-0.955236409,0.9329290209,0.9386261639	ok
-0.81462926	-41.24248497	-44.18124428	0.8107610531	continued:5	-1,-1,1,-1,-1,1,-1,1	-1,-1,-1,1,1,-1,-1,-1	2301.057303,10639.66782,15930.75629,21897.6287,34106.95238,46746.83875,52828.01101,62009.06191	5417.226353,12841.90284,21469.35937,27458.56258,38148.18774,50983.56948,54329.85281,62711.56382	-0.9181344539,-0.9370122476,0.9361206285,-0.9402395033,-0.9553510632,0.9422363769,-0.9347923205,0.9553261991	-0.9551238591,-0.2055571456,-0.9422987893,0.9345172387,0.9553577455,-0.9433652028,-0.9746897943,-0.9381175449	ok
-0.81262525	-41.24248497	-44.62952342	0.8083020728	continued:5	-1,-1,1,-1,-1,1,1,1	-1,-1,-1,1,-1,1,-1,-1	2436.420671,10777.47224,16086.81026,22001.57639,32738.78281,41975.94954,44879.37352,53398.8169	5416.514269,12861.39524,21467.78417,27901.77781,33886.35109,44723.10351,54649.57377,63069.97125	-0.9197534081,-0.9370199622,0.9362135482,-0.9398950845,-0.9477932594,0.9436634705,0.3600400898,0.9407164633	-0.9551109148,-0.219779786,-0.9419872675,0.9361317318,-0.9403729284,0.9552075746,-0.9330168061,-0.9389609285	ok
-0.81062124	-41.24248497	-45.04317203	0.8061774610	continued:5	1,1,-1,1,1,1,-1,1	-1,-1,-1,1,-1,-1,-1,-1	2539.800566,10883.22551,16212.67103,22068.38943,23942.67291,32532.26651,39307.40138,43906.18358	5415.807785,12881.42796,21468.42869,28287.41259,32538.56105,41015.67873,52610.15788,58187.38745	0.9510326651,0.9370248509,-0.9363172852,0.939505501,0.2331439203,0.9417242108,-0.9378052386,0.9337765118	-0.9550979682,-0.2360078474,-0.9416882539,0.9380389553,-0.9332237521,-0.9400713627,-0.9537926006,-0.5762122749	ok
-0.80861723	-41.24248497	-45.42786607	0.8045938689	continued:5	-1,-1,1,-1,-1,-1,1,1	-1,-1,-1,1,1,-1,-1,-1	2694.622362,11040.41086,16390.57657,22185.4921,24447.25636,32856.034,35994.25558,44340.16521	5415.10687,12902.09506,21471.20696,28693.97516,40694.66554,50815.09491,59294.79477,70886.03591	-0.9031124884,-0.9370288365,0.9364261188,-0.9391070026,-0.9255083561,-0.9385904216,0.9287919299,0.9370322723	-0.9550850193,-0.2545814937,-0.9414004843,0.9403831406,0.9551828278,-0.9332375992,-0.9400842733,-0.9537769652	ok
-0.80661323	-41.24248497	-45.78377168	0.8033446453	continued:5	1,1,-1,1,1,1,-1,1	-1,-1,-1,1,1,1,1,1	2816.579877,11164.73569,16535.96702,22269.19609,25197.50513,33547.32574,38883.72199,44759.70455	5414.411493,12923.48967,21476.0639,29204.95896,32236.01014,40697.66549,42498.00879,51162.60857	0.9401335009,0.9370324935,-0.9365381155,0.9387073512,0.9383670959,0.9370794225,-0.9363555092,0.9396599926	-0.955072068,-0.2759230316,-0.9411228871,0.9435903934,0.5857574979,0.9396135736,0.164773687,0.9426046326	ok
-0.80460922	-41.24248497	-46.11188489	0.8025087239	continued:5	1,1,-1,1,-1,-1,1,1	-1,-1,-1,1,1,1,-1,1	2944.535098,11295.06917,16687.55778,22358.51986,26226.50702,34619.81124,38801.62403,47259.28892	5413.721625,12945.70746,21482.97185,30105.94572,34281.45436,42794.23724,53475.90059,64282.20211	0.9681597518,0.9370355406,-0.9366532148,0.9383099409,-0.9329098389,-0.9381535651,0.933175016,0.9395731925	-0.9550591144,-0.3005497233,-0.9408545542,0.9493163057,0.3613673622,0.940466162,-0.9551794258,0.9344425973	ok
-0.80260521	-41.24248497	-46.41147840	0.8020071711	continued:5	1,1,1,-1,1,-1,-1,-1	-1,-1,-1,1,1,-1,-1,1	3.135127376,3051.872877,11404.83674,16817.93958,22429.03475,27001.98729,35711.22663,38669.04838	5413.037235,12968.84936,21491.92828,32077.831,49247.42542,59525.91161,68089.70733,75290.38999	0.9578351637,0.9435401703,0.937039244,-0.936766739,0.9379350722,-0.9337501221,-0.9436569615,-0.4263309625	-0.9550461585,-0.3290855019,-0.940594719,0.9553160827,0.9551417795,-0.9334840582,-0.9414776903,0.9403597668	ok
-0.80060120	-41.24248497	-46.68233350	0.8018399868	full	-1,-1,1,-1,1,-1,1,-1	-1,-1,-1,-1,1,1,1,-1	3128.084357,11483.393,16919.30008,22461.03632,27526.86816,36751.36118,47748.12758,54421.04584	5412.358295,12993.02403,21502.95436,33680.8757,46999.35391,50560.37072,59099.66692,68402.90054	-0.9085088886,-0.937040138,0.9368941025,-0.937511469,0.9351316836,-0.9554687159,0.9357163491,-0.945362426	-0.9550332002,-0.3622659885,-0.940342738,-0.9552638944,0.9469020666,0.2877637159,0.9408103763,-0.9529146713	ok
-0.79859719	-41.24248497	-41.19486220	0.8190568445	continued:5	1,1,-1,-1,-1,-1,1,-1	-1,-1,-1,-1,-1,1,1,-1	763.0170766,9158.451159,13975.32959,23754.00728,28701.09773,37288.89934,44554.3689,53890.26635	5411.684773,13018.35004,21516.09432,32664.76246,46088.21174,52172.59082,60560.25699,65314.82927	0.2901814541,0.9377942885,-0.9343188398,-0.9527049931,-0.2094800316,-0.9414739313,0.9408302509,-0.9530824722	-0.9550202397,-0.4009254401,-0.9400980788,-0.9514094435,-0.9488941142,0.9328864141,0.9378487947,-0.9341569687	ok
-0.79659319	-41.24248497	-42.41055057	0.8162634956	continued:5	1,1,-1,1,-1,1,-1,1	-1,-1,-1,-1,1,-1,1,-1	1371.283548,9740.561112,15032.45597,21255.49658,27681.24815,33805.94785,41135.48577,48783.37318	5411.016642,13044.95819,21531.41545,32075.09243,40336.01818,46900.1975,52500.12733,57260.77723	0.9638894838,0.9372975479,-0.9361283607,0.9421592942,-0.9362272975,0.9414520619,-0.9412677692,0.9433033019	-0.9550072768,-0.4459438794,-0.9398603111,-0.9451288087,0.9420447744,-0.9368780494,0.9378722797,-0.9341754559	ok
-0.79458918	-41.24248497	-43.15048508	0.8134701467	continued:5	1,1,-1,1,-1,1,1,-1	-1,-1,-1,-1,-1,1,-1,1	1792.540155,10156.1805,15636.35545,21063.77952,26710.54149,31086.27644,39627.75084,48278.75913	5410.353872,13072.99382,21549.00867,23375.72006,32007.32073,38708.14169,43779.18503,52931.99031	0.9405863558,0.9370752447,-0.9371477004,0.9368455641,-0.9381707629,0.933456173,0.9409602943,-0.949723497	-0.9549943117,-0.4981165642,-0.9396291002,-0.1633553862,-0.9419506638,0.9375980192,-0.9351511219,0.9553000145	ok
-0.79258517	-41.24248497	-43.73042049	0.8106767979	continued:5	1,1,-1,1,-1,-1,1,1	-1,-1,-1,-1,-1,-1,-1,1	2110.914921,10475.42775,16010.77829,21212.02118,28158.88066,42192.37532,57700.32678,75015.89855	5409.696435,13102.61936,21568.98965,23611.58143,32100.21538,42594.61692,54052.25844,61724.30121	0.9430975507,0.9370310487,-0.9374755734,0.935694595,-0.9473507239,-0.955492536,0.9555130391,0.9553092535	-0.9549813441,-0.5578887346,-0.9394042048,-0.4317730244,-0.9398133563,-0.9440436906,-0.9454556472,0.938662328	ok
-0.79058116	-41.24248497	-44.22972242	0.8078834490	continued:5	-1,-1,1,-1,1,1,1,1	-1,-1,-1,-1,-1,1,1,1	2284.057658,10651.25658,16204.58965,21340.73651,29962.44701,36082.38791,44585.70371,55300.72272	5409.044301,13134.01703,21591.50039,23906.42336,32321.66382,36587.95537,45083.20656,55800.89611	-0.8721962227,-0.9370381632,0.9375852426,-0.9354098925,0.9551316527,0.36787515,0.9400250107,0.9476579351	-0.9549683743,-0.6248948271,-0.9391854761,-0.9456110763,-0.9382823507,0.9333351556,0.9400262488,0.9476891863	ok
-0.78857715	-41.24248497	-44.68106667	0.8054244686	continued:5	-1,-1,1,-1,1,-1,1,1	-1,-1,-1,-1,-1,1,-1,-1	2425.327391,10795.03746,16370.52031,21412.4035,30534.96667,41895.90479,47869.56501,60068.86354	5408.397442,13167.39176,21616.71132,24314.86778,32693.93411,38076.22373,43990.61488,54624.95187	-0.9112294601,-0.9370395631,0.9377218362,-0.9350382104,0.9550868429,-0.9365199345,0.9404101898,0.9552103988	-0.9549554021,-0.6973051069,-0.9389728609,-0.948512331,-0.9373048809,0.9365914481,-0.9399908874,-0.9466462043	ok
-0.78657315	-41.24248497	-45.09678662	0.8032998569	continued:5	1,1,-1,1,1,-1,-1,1	-1,-1,-1,1,1,-1,1,-1	2527.759387,10899.92166,16499.3234,21423.09591,32293.32044,41496.6017,49890.21804,55036.75907	5407.755831,13202.97439,21644.82382,24862.06766,33235.16933,38814.76828,43861.65763,52985.32607	0.9500043245,0.937038399,-0.9378713213,0.9346378674,0.9553146722,-0.9329215696,-0.9376348836,0.9354493206	-0.9549424276,-0.7711999755,-0.938766407,0.9320460797,0.9370659625,-0.9377468168,0.9350555002,-0.9550689038	ok
-0.78456914	-41.24248497	-45.48260860	0.8017162647	continued:5	-1,-1,1,-1,-1,1,-1,1	-1,-1,-1,1,1,-1,-1,-1	2686.904205,11061.48164,16686.11374,21460.55206,30617.99529,38648.2095,43966.16665,50260.64652	5407.119439,13241.02492,21676.07305,25469.21374,33875.03251,38810.79636,49637.28252,57258.55189	-0.8932904585,-0.937035828,0.9380316777,-0.9342253341,-0.9483658534,0.937453674,-0.9362459592,0.9427544537	-0.9549294508,-0.84056053,-0.9385662722,0.9329879094,0.9378896102,-0.9346751226,-0.9552631393,-0.8337598469	ok
-0.78256513	-41.24248497	-45.83876264	0.8004670411	continued:5	1,1,-1,1,1,1,1,-1	-1,-1,-1,1,1,1,1,1	2807.359531,11184.36435,16834.55509,21421.75538,30127.32487,34013.63596,42392.15628,48010.26667	5406.488238,13281.83588,21710.73118,25993.95062,34499.81554,45182.77601,58132.31164,72957.219	0.9740998622,0.9370324306,-0.9381965454,0.9338300696,0.9433338327,0.939829849,0.9370767297,-0.9379890816	-0.9549164716,-0.8985910756,-0.9383727364,0.9333887543,0.9400570007,0.9473100434,0.9529146746,0.9550516547	ok
-0.78056112	-41.24248497	-46.16632343	0.7996311198	continued:5	1,1,-1,1,1,1,-1,-1	-1,-1,-1,1,1,1,-1,-1	2934.108054,11313.54872,16989.71793,21332.45503,29862.77611,41999.95778,57567.29707,73612.94423	5405.862202,13325.73559,21749.11055,26391.74167,35169.26037,47284.92644,56620.43293,58750.47409	0.9632778027,0.9370287791,-0.9383667531,0.9334671935,0.9404794461,0.9551361989,-0.955184254,-0.9487889255	-0.9549034901,-0.9402571079,-0.9381862183,0.9339396234,0.9442736107,0.9519882275,-0.9393903627,-0.5763761083	ok
-0.77855711	-41.24248497	-46.46466197	0.7991295670	continued:5	1,1,1,-1,1,1,-1,-1	-1,-1,-1,1,1,1,1,1	3.240515542,3037.492541,11419.43424,17120.81204,21157.96337,29603.40207,33281.40732,41683.65493	5405.241302,13373.09083,21791.56667,26695.67063,37663.51727,44500.60654,53035.61565,64619.11971	0.9573355677,0.9441213394,0.9370264266,-0.9385341494,0.9331771371,0.9386744287,-0.932969457,-0.9375981962	-0.9548905062,-0.9644240892,-0.9380072962,0.9345771016,0.9555870558,0.2552995553,0.9402678491,0.9536808783	ok
-0.77655311	-41.24248497	-46.73367169	0.7989623827	full	-1,-1,1,-1,-1,1,-1,-1	-1,-1,-1,1,-1,1,-1,-1	3119.318096,11503.63319,17233.64043,20824.63086,29223.25631,34655.29092,40516.38354,42402.48945	5404.625512,13424.30857,21838.50051,26943.15517,35982.8504,48464.80362,54258.36148,63318.37583	-0.8963886142,-0.9370194012,0.9387267623,-0.9329446577,-0.9374292349,0.936847015,-0.9396380499,-0.1753836763	-0.95487752,-0.9738661205,-0.9378367345,0.9352629574,-0.9550554395,0.9427870918,-0.9342122345,-0.9473774826	ok
-0.77454910	-41.24248497	-41.24385502	0.8161922836	continued:5	1,1,-1,-1,1,1,1,-1	-1,-1,-1,1,-1,-1,1,1	616.8696625,9091.401846,13830.8127,22791.54217,28804.71061,37318.16507,47880.20145,55466.55903	5404.014805,13479.83594,21890.3592,27158.54137,34085.33637,47905.27473,59585.23016,62628.15727	0.1046755753,0.9381992914,-0.9341516897,-0.9463431819,0.9334321207,0.9400193954,0.9456264036,-0.9384697188	-0.9548645314,-0.9733707609,-0.9376755175,0.935976155,-0.9473642746,-0.9554913564,0.9437036732,0.5163827634	ok
-0.77254509	-41.24248497	-42.45380766	0.8133989347	continued:5	1,1,-1,1,-1,-1,1,-1	-1,-1,-1,1,-1,1,-1,-1	1278.415024,9681.915116,15174.95333,20823.69494,25627.63877,34820.43905,42565.14047,49055.14158	5403.409154,13540.15707,21947.63414,27356.08644,33386.96848,43778.39297,58008.19065,73413.01308	0.9742947074,0.9374096628,-0.937194218,0.938177918,-0.9343051495,-0.9485439594,0.9362668349,-0.9442641969	-0.9548515406,-0.9676460339,-0.9375248869,0.9367033385,-0.9408700493,0.9550590714,-0.9528341513,-0.9555640273	ok
-0.77054108	-41.24248497	-43.19679324	0.8106055858	continued:5	1,1,-1,-1,-1,1,1,1	-1,-1,-1,1,-1,1,-1,-1	1738.163374,10132.00264,15899.00697,18938.78486,27330.51893,33144.39351,35473.08148,43905.54229	5402.808532,13605.7855,22010.85475,27543.94095,33043.21219,38691.74876,43536.85785,52982.57007	0.9446127593,0.9370650371,-0.9389786453,-0.9438984112,-0.9370028898,0.9393069422,0.9294031894,0.9380937719	-0.9548385473,-0.9601847565,-0.9373863891,0.9374331062,-0.9372263645,0.9381735212,-0.9344101411,-0.9504704665	ok
-0.76853707	-41.24248497	-43.78015298	0.8078122369	continued:5	1,1,-1,-1,-1,-1,1,1	-1,-1,-1,1,-1,-1,1,-1	2092.696531,10486.45234,16340.40388,18312.03264,26846.39358,37362.39826,48576.52727,66253.441	5402.212914,13677.24957,22080.57574,27726.49495,32631.00169,43066.065,52905.21133,58934.76505	0.9433870252,0.9369823267,-0.9395912568,-0.2409042739,-0.9400056405,-0.9448078046,0.9550827466,0.9554716553	-0.9548255517,-0.9530815849,-0.9372619279,0.9381524093,-0.9345721789,-0.9548615511,0.9367672091,-0.9408686167	ok
-0.76653307	-41.24248497	-44.28236352	0.8050188881	continued:5	-1,-1,1,1,-1,1,1,-1	-1,-1,-1,1,-1,-1,1,-1	2279.454034,10675.88797,16555.66171,27003.12631,34495.22717,40253.26,49193.45029,56212.57314	5401.622272,13755.06825,22157.35507,27905.53198,31450.98859,39858.76088,45490.75485,50530.96253	-0.8741855488,-0.9369807333,0.9397769038,0.9416575253,-0.9428984199,0.9341718276,0.946014167,-0.9357643683	-0.9548125538,-0.9473343448,-0.9371538203,0.9388437965,-0.9329881364,-0.9373131718,0.9380559047,-0.9350018965	ok
-0.76452906	-41.24248497	-44.73586809	0.8025599077	continued:5	-1,-1,1,1,1,1,1,1	-1,-1,-1,1,1,1,-1,-1	2426.334153,10825.32614,16734.67738,27223.48199,38762.72025,50788.89036,54123.85057,62552.97405	5401.036582,13839.71436,22241.71967,28080.71538,30205.54606,38684.79049,42016.15815,50418.2935	-0.9168498175,-0.9369748272,0.939991227,0.9442220202,0.9471416347,0.943609207,0.9661943215,0.9378103702	-0.9547995535,-0.9432800428,-0.9370648541,0.9394830354,0.4901843441,0.9389331021,-0.9327988418,-0.9370691319	ok
-0.76252505	-41.24248497	-45.15292844	0.8004352959	continued:5	1,1,-1,-1,1,1,1,1	-1,-1,-1,1,1,-1,1,1	2525.25688,10926.7182,16868.86588,27689.2376,34665.02163,43452.78634,54839.16933,67654.04265	5400.455817,13931.56243,22334.11627,28249.76158,38760.74975,49954.95863,61914.30281,72579.4014	0.9572218481,0.936965344,-0.9402313802,-0.9488474088,0.9340284512,0.9441300665,0.9445811402,0.9549681995	-0.9547865509,-0.9411363523,-0.93699834,0.9400373304,0.944759566,-0.9549227372,0.9401646367,0.9471705355	ok
-0.76052104	-41.24248497	-45.53925917	0.7988517038	continued:5	-1,-1,1,1,-1,1,-1,1	-1,-1,-1,1,1,1,1,-1	2688.53233,11092.45979,17068.66199,29530.0735,44306.17106,55165.6998,65757.86416,76827.89068	5399.879953,14030.82057,22434.8467,28408.59029,40911.09606,48165.80789,56639.84483,60753.02123	-0.910307559,-0.9369549773,0.9404833112,0.955257163,-0.9551949079,0.9408351637,-0.9548513762,0.9358263248	-0.9547735459,-0.9440368174,-0.9369581448,0.940465057,0.9553378865,0.5462693598,0.938709844,-0.933323181	ok
-0.75851703	-41.24248497	-45.89512477	0.7976024802	continued:5	-1,-1,1,1,-1,-1,-1,-1	-1,1,1,-1,-1,1,-1,-1	2805.444708,11211.82233,17223.83524,29022.44216,40879.9512,42779.26981,51358.05284,62631.74914	5399.308962,14137.44957,22543.99111,28551.74295,40409.15423,52663.00052,59695.24163,70155.66118	-0.2388819374,-0.9369435994,0.9407501021,0.9548860142,-0.9396970458,-0.152237203,-0.940347177,-0.9521371309	-0.9547605386,0.9289920404,0.9369486961,-0.9407184692,-0.9549069839,0.9420432826,-0.939973623,-0.9434623698	ok
-0.75651303	-41.24248497	-46.22166414	0.7967665588	continued:5	1,1,-1,1,-1,1,1,-1	-1,1,1,-1,-1,1,-1,1	2929.415214,11338.25868,17387.14455,27684.32098,43076.42354,51685.71197,60095.46776,66120.24298	5398.742822,14251.07903,22661.32896,28673.28583,40488.67953,52542.6527,62951.09668,74509.16712	0.9712171,0.936931622,-0.9410273398,0.9549476594,-0.9550839185,0.9321518807,0.9369599232,-0.9408463194	-0.9547475289,0.9324931877,0.9369749438,-0.9407505353,-0.9548815664,0.940901112,-0.9548518869,0.938111488	ok
-0.75450902	-41.24248497	-46.51833973	0.7962650060	continued:5	1,1,1,-1,1,1,1,-1	-1,1,1,-1,-1,1,-1,-1	3.621033288,3026.557923,11437.94103,17523.30027,27117.04655,33503.87678,41927.52238,47720.07682	5398.181505,14370.93834,22786.27587,28768.09681,41200.78339,53374.14987,59158.34634,68141.4797	0.9561668628,0.9458679543,0.9369213077,-0.9413033278,0.9543953501,0.9641903229,0.9372847541,-0.9391346197	-0.9547345169,0.9329299622,0.9370422665,-0.9405250437,-0.9551840029,0.9429977342,-0.9342622566,-0.946305658	ok
-0.75250501	-41.24248497	-46.78515331	0.7960978218	full	-1,-1,1,-1,1,1,-1,-1	-1,1,1,-1,-1,-1,-1,1	3115.95659,11529.7337,17657.32598,25514.22048,33329.18711,43933.37584,50176.67052,58819.37625	5397.624988,14495.82657,22917.86066,28832.91286,39296.92179,42512.06347,50966.9154,56232.23576	-0.8985919794,-0.9369057355,0.9416246149,-0.9456399424,0.9401844857,0.9464113392,-0.9338263416,-0.9418291573	-0.9547215025,0.9330510268,0.9371563277,-0.9400259433,-0.9437067663,-0.8337150313,-0.9380247052,0.9358786406	ok
-0.75050100	-41.24248497	-41.30689663	0.8133294589	continued:5	1,-1,-1,1,1,1,1,-1	-1,1,1,-1,-1,-1,1,1	9025.611496,13670.53516,22393.61308,28202.58981,37245.0779,41142.09814,49598.73507,54913.33648	5397.073246,14624.14488,23054.76672,28866.19603,31580.79309,40003.53456,45998.30546,58202.90418	0.9385856021,-0.9339812459,-0.9430231861,0.9343245976,0.9468600362,0.8275561613,0.937996205,-0.9361097255	-0.9547084857,0.9331176473,0.9373229081,-0.9392605101,-0.9526904208,-0.9370892029,0.9406200889,0.954993286	ok
-0.74849699	-41.24248497	-42.50381268	0.8105361100	continued:5	1,1,-1,1,1,-1,-1,-1	-1,1,1,-1,1,1,-1,1	1173.5559,9613.001358,15345.61401,19844.72905,28452.68373,38722.24518,56321.64017,71992.58907	5396.526255,14754.00243,23195.44998,28865.9639,33979.13527,44393.7418,56661.36506,63298.64718	0.8804199802,0.9374616645,-0.9386881471,0.9337610451,0.9411481965,-0.9549343414,-0.9552242601,-0.9479365833	-0.9546954666,0.9331796698,0.9375477576,-0.938254121,0.9352106992,0.9548302463,-0.9424673427,0.9376187313	ok
-0.74649299	-41.24248497	-43.24773433	0.8077427611	continued:5	1,1,-1,1,-1,-1,1,-1	-1,1,1,-1,1,-1,1,-1	1677.187302,10101.73168,16261.1113,23726.93811,29512.01149,38475.29739,45800.0925,51644.30743	5395.98399,14883.38506,23338.32452,28824.02487,34914.18009,45220.27439,55669.2316,63254.97947	0.9518108566,0.9369643967,-0.94187116,0.9430710833,-0.9342813335,-0.9459678444,0.937342608,-0.9394888793	-0.9546824451,0.9332486438,0.9378365415,-0.9370403557,0.941342021,-0.9554057566,0.9361966842,-0.9514725432	ok
-0.74448898	-41.24248497	-43.83340089	0.8049494122	continued:5	1,1,-1,1,1,1,-1,1	-1,1,1,-1,1,-1,-1,1	2078.733002,10502.08138,16823.84818,22547.45233,31384.77617,44197.58569,54370.89809,58368.62715	5395.446427,15010.35234,23481.98496,28708.28302,37636.74233,51025.63703,63646.89523,71430.93906	0.9450297134,0.9368347396,-0.9431156426,0.9341630478,0.9444543871,0.9547437096,-0.9389280952,0.9333195703	-0.9546694213,0.9333273999,0.9381949507,-0.9356561299,0.9548316426,-0.9495639207,-0.9457083253,0.9401146912	ok
-0.74248497	-41.24248497	-44.33777253	0.8021560634	continued:5	-1,-1,1,-1,-1,1,-1,-1	-1,1,1,-1,-1,-1,1,1	2282.628865,10708.64622,17077.00676,21430.26325,29861.28141,36064.62502,43083.69924,53533.99786	5394.913542,15133.21695,23625.42494,28376.31662,37219.41025,50543.55524,60673.81369,71291.15307	-0.9036793765,-0.9368236705,0.943474838,-0.9330493253,-0.9369803213,0.9422101825,-0.9400680834,-0.9434810262	-0.9546563951,0.9334164993,0.9386290402,-0.9341779979,-0.944490568,-0.9553781713,0.9350879226,0.9548672269	ok
-0.74048096	-41.24248497	-44.79286570	0.7996970830	continued:5	-1,-1,1,1,1,-1,-1,1	-1,1,1,-1,-1,1,-1,-1	2435.559556,10864.17301,17285.12475,20203.3941,28733.61669,32243.09848,40679.87475,46832.95697	5394.385311,15250.66792,23768.22232,27131.39357,35563.52015,41859.0003,48021.95052,58356.78187	-0.922708361,-0.9368094124,0.9438786596,0.2165961613,0.9391070191,-0.933129449,-0.9370641877,0.9418233514	-0.9546433666,0.9335157959,0.9391458445,-0.9329949968,-0.9369206083,0.9429201057,-0.935356475,-0.954748247	ok
-0.73847695	-41.24248497	-45.21079372	0.7975724712	continued:5	1,1,-1,-1,1,1,1,-1	-1,1,1,1,1,1,1,-1	2527.696423,10958.75723,17442.46888,29075.85817,37311.94031,40172.12415,48605.15232,55011.74248	5393.861711,15361.82069,23910.68981,25833.57906,34407.49053,36522.2822,45023.75362,49978.60569	0.9740058664,0.9367898652,-0.9443578777,-0.9484574005,0.9393030956,0.945328294,0.9368520027,-0.9437730841	-0.9546303357,0.93362486,0.9397543348,0.1324301465,0.9396251582,0.3516566567,0.9385431173,-0.9346530539	ok
-0.73647295	-41.24248497	-45.59722559	0.7959888791	continued:5	-1,-1,1,-1,1,-1,1,1	-1,1,1,1,-1,-1,1,-1	2695.436461,11129.00708,17678.3094,28981.61485,40424.90562,45962.36708,51966.8289,64226.26372	5393.342719,15466.20085,24054.0277,35375.0131,43188.45507,51912.78044,58357.93818,65174.79461	-0.9186321687,-0.9367712134,0.9448552602,-0.9546883439,0.9379263917,-0.9372965969,0.9406713411,0.9549368728	-0.9546173024,0.9337431291,0.9404668451,0.9523298066,-0.9340339303,-0.9427489158,0.93660538,-0.94680238	ok
-0.73446894	-41.24248497	-45.95244560	0.7947396555	continued:5	-1,-1,1,-1,1,-1,1,1	-1,1,1,-1,-1,-1,1,-1	2806.054123,11242.07232,17866.46298,26518.65341,33709.42161,40381.56163,48170.68955,58791.87013	5392.828311,15563.68274,24200.56126,34404.12704,50193.51544,62153.03318,68748.91876,74666.60061	-0.8371047768,-0.9367496391,0.9454180188,-0.9461263121,0.9367187649,-0.945768688,0.9402974141,0.9467380145	-0.9546042668,0.9338699846,0.941301271,-0.9548515878,-0.9471748893,-0.9426419947,0.9374365919,-0.9399995654	ok
-0.73246493	-41.24248497	-46.27765093	0.7939037341	continued:5	1,1,-1,1,-1,1,-1,1	-1,1,1,-1,-1,1,-1,1	2925.102447,11363.59847,18069.99332,25451.00452,31148.99189,36397.20382,45336.34183,57513.9327	5392.318464,15654.40795,24354.22381,31403.14418,42160.95794,50894.89405,57498.55787,63401.24676	0.9739362686,0.936728146,-0.9460233713,0.937766154,-0.9383574949,0.9356767264,-0.9547015542,0.9424234198	-0.9545912289,0.9340048022,0.9422847252,-0.9403715531,-0.9482881083,0.9426551883,-0.9374876124,0.939876924	ok
-0.73046092	-41.24248497	-46.57239340	0.7934021813	continued:5	1,1,1,-1,1,1,-1,1	-1,1,1,-1,-1,1,-1,-1	4.185573522,3012.584256,11453.6529,18246.87384,23838.04095,32316.11284,38007.50135,43335.70404	5391.813155,15738.70303,24521.64511,29398.72116,37874.40555,43612.2712,48600.80691,58527.91453	0.9549919648,0.9477742226,0.9367085597,-0.9466513034,0.9333655249,0.9378078222,-0.9382965634,0.9360438854	-0.9545781885,0.934146986,0.943460264,-0.9333543214,-0.9377427474,0.9386318244,-0.9347178303,-0.9527202163	ok
-0.72845691	-41.24248497	-46.83678224	0.7932349971	full	-1,-1,1,1,-1,-1,1,-1	-1,1,1,-1,1,-1,-1,1	3112.700973,11556.15958,18460.86136,31641.45028,44939.69837,60611.17734,68802.67237,74820.98176	5391.312361,15817.00818,24714.8332,35950.3172,47556.72649,51858.56562,60392.78092,64337.13891	-0.8949451045,-0.936682474,0.947434739,0.9538809339,-0.9548124264,-0.945613144,0.943124423,-0.9348721937	-0.9545651458,0.9342959892,0.9449008287,-0.9546368426,0.9390074016,-0.9335958088,-0.9391129532,0.9333670724	ok
-0.72645291	-41.24248497	-41.38608208	0.8104722626	continued:5	1,-1,-1,-1,1,1,1,-1	-1,1,1,-1,-1,1,-1,-1	8960.49862,13536.54332,22171.87588,33768.92903,45427.63868,48414.56333,56860.75747,63869.7557	5390.81606,15889.8216,24958.9015,29963.26588,38413.12792,45173.81322,51862.51061,62106.6412	0.9389269388,-0.9338903851,-0.9410611239,-0.9546247249,0.9393619303,0.9454891261,0.9366667256,-0.9481417348	-0.9545521007,0.9344513258,0.9467428566,-0.933117303,-0.9367872369,0.9464275995,-0.9347771485,-0.9539078566	ok
-0.72444890	-41.24248497	-42.56198127	0.8076789138	continued:5	1,1,-1,-1,1,1,-1,1	-1,1,1,1,1,-1,-1,1	1053.182693,9531.321355,15576.33186,27300.32138,40559.17461,53034.68783,60259.89823,69070.08015	5390.324229,15957.65956,25321.62891,29739.46924,38220.7184,44151.28224,54556.8734,62555.88466	0.4691348259,0.9374354564,-0.9409497758,-0.9546722417,0.9494842858,0.9422347965,-0.9416911077,0.95174405	-0.9545390533,0.9346125757,0.9492855904,0.6986863848,0.9375779698,-0.9400535657,-0.9418566461,0.947095126	ok
-0.72244489	-41.24248497	-43.30430538	0.8048855649	continued:5	1,1,-1,-1,1,-1,1,-1	-1,1,1,-1,1,1,-1,1	1609.333781,10064.71692,17013.38556,30123.9517,41569.45515,47067.07504,53700.25049,62335.79498	5389.836847,16021.02975,26108.19397,35166.06114,42050.32963,54098.42581,62115.40735,69733.11396	0.9641669964,0.9367531451,-0.9477453337,-0.9545785268,0.9382081663,-0.9369256637,0.9455025693,-0.9462753103	-0.9545260035,0.9347793832,0.9532985329,-0.9367830263,0.9473050028,0.9457279328,-0.9420273123,0.944511305	ok
-0.72044088	-41.24248497	-43.89090846	0.8020922160	continued:5	1,1,-1,1,1,1,-1,1	-1,1,1,1,1,-1,-1,1	2076.735133,10529.80726,18229.99439,27411.30699,29531.77619,38045.56873,43638.93541,49658.99684	5389.35389,16080.41504,27158.33491,34133.44039,42689.1115,47734.07452,58247.86894,69207.01171	0.9489454558,0.9365696785,-0.9520373826,0.9397093553,0.2851607273,0.9381083842,-0.9375283085,0.9407360252	-0.9545129513,0.9349514558,0.9550591444,0.1387301858,0.9387325698,-0.9348327294,-0.9545967039,0.9445345735	ok
-0.71843687	-41.24248497	-44.39651665	0.7992988671	continued:5	-1,-1,1,-1,-1,1,-1,1	-1,1,1,1,1,-1,1,1	2303.958107,10759.77305,18815.66606,26157.17973,34642.23704,40740.93567,50821.29988,65835.2708	5388.875337,16136.2647,26925.88802,34240.81925,42760.56456,48358.3219,54396.01009,66351.49568	-0.9222939838,-0.9365503996,0.9534566997,-0.9334024038,-0.937466069,0.9413512378,-0.9546607112,0.954676615	-0.9544998967,0.9351285578,0.9547784769,0.2499814097,0.9381348447,-0.9375381326,0.9408662231,0.9547005076	ok
-0.71643287	-41.24248497	-44.85249140	0.7968398868	continued:5	-1,-1,1,1,1,1,-1,1	-1,1,1,1,-1,1,-1,1	2463.524764,10921.99622,19539.1035,35541.45292,43288.70076,51760.08849,58515.49516,65413.31321	5388.401166,16188.99064,26730.56942,43252.48429,55260.40489,63787.69134,72881.34142,80574.86157	-0.9279418425,-0.9365275954,0.9548823575,0.9547745549,0.968958773,0.9369413806,-0.9464013103,0.9354490471	-0.9544868398,0.9353105082,0.9546671399,0.9545677058,-0.9418142097,0.950410402,-0.9420510895,0.9451329645	ok
-0.71442886	-41.24248497	-45.27070584	0.7947152750	continued:5	-1,-1,1,1,-1,-1,1,1	-1,1,1,-1,-1,1,1,-1	2542.593686,11003.42961,20082.31781,35184.56687,40501.1713,49058.33668,53486.60775,62055.30294	5387.931356,16238.96697,26590.72392,40116.03936,53123.88868,56505.34201,64969.4252,73082.77876	-0.8769929457,-0.9364934307,0.9551719574,0.9434927176,-0.9337005373,-0.9391269505,0.9337381381,0.9393824236	-0.9544737805,0.9354971726,0.9545965892,-0.9511737422,-0.9393737824,0.9331572933,0.9366048007,-0.9536373812	ok
-0.71242485	-41.24248497	-45.65674194	0.7931316829	continued:5	-1,-1,1,1,1,1,-1,-1	-1,1,1,-1,1,-1,-1,-1	2715.296872,11178.70886,20273.14897,35765.69209,40077.42703,48544.6024,57101.34174,64074.80036	5387.465884,16286.53152,26539.44634,38522.16701,47967.61036,56901.67302,67988.99257,83306.706	-0.9249921376,-0.936465431,0.9549754471,0.9468739735,0.9589416344,0.936593493,-0.9547581464,-0.9471193003	-0.9544607189,0.9356884618,0.9545349239,-0.9417635387,0.9541550853,-0.9349974012,-0.9549921406,-0.9411966087	ok
-0.71042084	-41.24248497	-46.01088494	0.7918824593	continued:5	-1,-1,1,-1,-1,1,1,1	-1,1,-1,1,1,-1,1,-1	2814.374251,11280.20469,20308.38036,31840.14498,42255.54139,48082.42294,56988.48631,70238.12747	5387.00473,16331.98845,25243.30012,37684.41074,50147.21213,64626.51753,75280.53669,81994.60354	-0.8989034415,-0.9364312976,0.9548338544,-0.9402445863,-0.9433805016,0.9343784402,0.9446355998,0.9548943579	-0.9544476549,0.9358843256,-0.9545405786,0.9448582356,0.9545714716,-0.9545786062,0.9427767914,-0.9382178108	ok
-0.70841683	-41.24248497	-46.33438164	0.7910465379	continued:5	1,1,-1,1,1,1,-1,-1	-1,1,-1,1,1,-1,1,1	2924.410594,11392.72534,20353.20591,30234.54892,38852.91621,49243.85368,56203.89563,66654.805	5386.547872,16375.6114,25187.66426,40127.35049,57463.05933,68571.85759,74589.46989,86522.41472	0.8152155997,0.9363980538,-0.9547445775,0.9338977726,0.9402033856,0.9425864168,-0.939928628,-0.9392750586	-0.9544345886,0.9360847503,-0.9545788373,0.9546356539,0.9547953068,-0.937719946,0.9406480423,0.9544702257	ok
-0.70641283	-41.24248497	-46.62686925	0.7905449851	continued:5	1,1,1,-1,-1,1,1,1	-1,1,-1,-1,-1,1,1,-1	4.978545659,2995.764316,11466.69349,20372.23968,36004.28834,40989.13985,50122.44089,53725.19243	5386.095289,16417.64679,25271.15967,41466.32606,54376.14685,59345.09517,67852.50963,74060.09435	0.9540123395,0.950657546,0.9363682283,-0.9546823579,-0.9389769224,0.9345824802,0.9470146624,0.1620400151	-0.9544215198,0.9362897566,-0.9546355916,-0.9512768338,-0.9436143773,0.9335123963,0.9375315462,-0.9421730104	ok
-0.70440882	-41.24248497	-46.88856189	0.7903778008	full	-1,-1,1,1,1,-1,-1,1	-1,1,-1,1,-1,-1,1,-1	3112.546076,11585.86606,20441.26055,36202.66742,49247.84825,60956.43694,71331.35072,79498.14408	5385.64696,16458.31712,25456.27993,36568.96045,42572.73162,53303.80025,64843.92799,76181.71954	-0.8941515196,-0.93632924,0.9546282433,0.9477990263,0.9544552753,-0.9401859032,-0.9420094738,0.9484626296	-0.9544084487,0.9364993966,-0.9547653751,0.9378005152,-0.94050718,-0.9481044283,0.9551497887,-0.9421062196	ok
-0.70240481	-41.24248497	-41.46393615	0.8076180609	continued:5	1,-1,-1,1,-1,1,1,1	-1,1,-1,1,-1,1,-1,1	8885.80722,13274.10746,21831.91988,27221.63264,36035.44978,51086.48336,57788.87094,66362.52796	5385.202864,16497.82404,25377.23475,36614.12005,42966.82554,51776.98404,66866.98688,76560.85178	0.9392761721,-0.9337236793,-0.9386727338,0.9360648445,-0.9545116386,0.9551038923,0.1000660052,0.9381304981	-0.9543953752,0.936713752,-0.9551124258,0.9431636339,-0.9360739189,0.9545139278,-0.9549634157,0.9339511175	ok
-0.70040080	-41.24248497	-42.62035958	0.8048247121	continued:5	1,1,-1,-1,1,1,1,-1	-1,1,-1,1,1,1,1,-1	881.3188312,9417.161838,15909.76975,27297.88642,35001.28727,45367.46896,57539.38989,66062.40129	5384.762982,16536.35124,23936.90287,32760.36497,43412.80473,55350.50869,66767.4478,73827.66161	0.1227115292,0.9373605212,-0.9444171504,-0.9460274639,0.9401227862,0.9408631951,0.9546663374,-0.932930356	-0.9543822994,0.9369329339,-0.9505150262,0.9404975241,0.9473101838,0.944430018,0.9464214624,-0.9361161482	ok
-0.69839679	-41.24248497	-43.36106323	0.8020313632	continued:5	1,1,-1,-1,-1,-1,1,1	-1,1,-1,-1,-1,-1,1,1	1507.3777,9994.369522,18846.56348,34342.88173,37870.31602,46356.79245,55200.7715,70785.98623	5384.327291,16574.06711,23433.61029,35344.32578,37684.518,46186.25614,54082.75663,68313.07288	0.9701145492,0.9364304299,-0.9545970005,-0.9438512683,-0.9730805069,-0.9364171905,0.9545900567,0.9457153836	-0.9543692212,0.9371570826,-0.9471342251,-0.9397312532,-0.6434963979,-0.9368727047,0.9528164504,0.9544370455	ok
-0.69639279	-41.24248497	-43.94847305	0.7992380143	continued:5	1,1,-1,1,1,1,-1,-1	-1,1,-1,-1,-1,-1,-1,1	2074.018136,10557.05963,19341.10688,34219.8808,49700.86903,60103.34237,65766.43131,74449.78219	5383.895772,16611.12717,23148.95291,36031.17027,51523.22889,61899.59773,72354.15831,77801.87243	0.9547379736,0.936166775,-0.954479122,0.9545991061,0.940334404,0.9435558957,-0.934089368,-0.9410318043	-0.9543561406,0.9373863666,-0.9447564546,-0.9546006273,-0.9400736207,-0.9399581964,-0.9387006859,0.9363004504	ok
-0.69438878	-41.24248497	-44.45516010	0.7964446654	continued:5	-1,-1,1,-1,1,-1,1,-1	-1,1,-1,1,-1,1,1,-1	2340.023022,10825.94902,19622.71917,34626.8629,49357.227,60228.73959,69171.61051,79664.50493	5383.468405,16647.67622,22948.74432,29735.06125,35195.6499,43975.17561,60537.24083,75371.09674	-0.9280230729,-0.9361403215,0.9544530112,-0.9547748982,0.9546747521,-0.9366067971,0.9546549204,-0.9350734204	-0.9543430577,0.9376209833,-0.9428704257,0.9387177192,-0.936344228,0.9545101434,0.9544674048,-0.9545466992	ok
-0.69238477	-41.24248497	-44.91184798	0.7937790340	continued:5	1,1,-1,1,-1,1,-1,-1	-1,1,-1,-1,1,1,-1,1	2296.706059,10785.31031,19616.30923,33694.88937,47245.55676,59291.05392,66250.47301,76687.91599	5383.045169,16683.85044,22792.0918,34241.37979,47002.75128,60467.46171,70543.9172,75264.06125	0.9517883021,0.9361044672,-0.9544252948,0.9537327534,-0.9543807147,0.942740781,-0.9399865459,-0.9386920732	-0.9543299724,0.9378611609,-0.9412705323,-0.9544081003,0.9474978115,0.9545553675,-0.9392920236,0.9340468746	ok
-0.69038076	-41.24248497	-45.33249997	0.7918610733	continued:5	-1,-1,1,-1,1,1,-1,1	-1,1,-1,-1,-1,1,1,-1	2578.767496,11069.73387,19988.77156,32826.54572,44156.78439,60156.83207,72218.33622,86661.12782	5382.626044,16719.77925,22660.23929,24760.19245,33303.83839,40189.51148,52065.68268,58008.667	-0.9215398615,-0.9360556974,0.9543940351,-0.9480292744,0.9545189963,0.9501981906,-0.9549616,0.9550720859	-0.9543168847,0.9381071593,-0.9398529124,-0.1529877251,-0.9372644789,0.9473012088,0.9435180979,-0.9345605895	ok
-0.68837675	-41.24248497	-45.71768449	0.7902774812	continued:5	-1,-1,1,-1,-1,-1,-1,1	-1,1,-1,1,-1,-1,1,-1	2758.052936,11251.71201,20351.70314,32677.38778,45608.27825,53437.47936,61935.23783,70737.13489	5382.211011,16755.58707,22541.29042,28192.46055,34720.74675,48040.21519,58746.20904,64585.75763	-0.929258224,-0.9360179969,0.9543620538,-0.9447633812,-0.9545690864,-0.9735922428,-0.9361696381,0.9544032281	-0.9543037946,0.9383592726,-0.9385567196,0.9375147722,-0.9446538305,-0.9550403681,0.938281139,-0.9389936029	ok
-0.68637275	-41.24248497	-46.07035487	0.7890282576	continued:5	-1,-1,-1,1,-1,-1,1,1	-1,1,-1,1,1,1,-1,1	2834.679265,11330.7041,21553.90178,33949.02111,44628.92671,61143.20313,75900.49016,92238.30311	5381.80005,16791.39504,22423.90942,29273.33154,32867.39332,41424.11623,48590.72406,55402.81892	-0.9163080259,-0.935965616,-0.9543488968,0.9452896865,-0.9544496782,-0.9544122364,0.954440125,0.9543726128	-0.9542907022,0.938617831,-0.9373426,0.947036903,0.1170957117,0.9372105462,-0.949131237,0.9339955522	ok
-0.68436874	-41.24248497	-46.39180089	0.7881923362	continued:5	-1,-1,-1,1,-1,1,1,-1	-1,1,-1,1,-1,1,1,-1	2927.077113,11425.61269,21619.97842,34807.44642,46805.18541,61337.03553,77689.05618,92647.42234	5381.393142,16827.32272,22290.22121,31104.37493,46090.91819,55970.9586,64696.89302,75822.66191	-0.5315371199,-0.9359176335,-0.9543526213,0.9501900176,-0.9547142987,0.9544268148,0.9543667934,-0.9549841765	-0.9542776074,0.9388832059,-0.9361841667,0.954369371,-0.9548367297,0.9342169577,0.9413948931,-0.9543046096	ok
-0.68236473	-41.24248497	-46.68174209	0.7876907834	continued:5	1,1,1,1,-1,1,-1,1	-1,1,-1,-1,1,1,1,-1	5.989405603,2968.335017,11469.58472,21682.28955,36650.61206,51287.12939,64064.848,75607.90543	5380.990266,16863.48972,22094.04681,33156.8991,42536.66199,51239.67254,63432.31144,73883.00793	0.9533780999,0.9554214034,0.9358762365,0.9543514057,-0.954928698,0.9543287276,-0.9478839011,0.9543323368	-0.9542645103,0.9391558123,-0.935068461,-0.9550193727,0.9341768822,0.940930278,0.9545601394,-0.9349506979	ok
-0.68036072	-41.24248497	-46.94049531	0.7875235991	full	-1,-1,-1,1,1,-1,1,-1	-1,1,-1,-1,1,1,-1,1	3114.782243,11618.44788,21872.66201,36632.67944,52088.17485,57551.70533,66573.46128,79365.09616	5380.591403,16900.01751,21633.9325,30273.55025,33926.1768,42436.97268,51472.67757,64217.4758	-0.8902794749,-0.935821444,-0.9543519618,0.9544868666,0.9389506115,-0.9361095526,0.9543130061,-0.9480242804	-0.9542514108,0.9394361156,-0.9340291123,-0.9396292556,0.9335053064,0.9361063361,-0.9543118855,0.9477350089	ok
-0.67835671	-41.24248497	-41.52921713	0.8045320749	continued:5	1,1,-1,1,-1,1,1,1	-1,1,1,1,1,-1,-1,1	8808.887654,19159.72462,24639.09305,33561.9994,47113.86331,56234.78165,58224.90198,66825.05372	5380.196536,16937.03127,19948.5054,28454.78216,38756.51488,53455.76073,69717.99389,83007.4812	0.9401107902,0.9389653691,-0.9361615064,0.9543087175,-0.9520462241,0.9399289146,0.06733707013,0.9370431868	-0.9542383089,0.9397246365,0.9619922328,0.9357729128,0.9543512052,-0.9543760072,-0.9543058161,0.9508448202	ok
-0.67635271	-41.24248497	-42.67677825	0.8017387260	continued:5	1,-1,1,-1,1,1,1,-1	-1,1,1,-1,1,1,1,-1	9214.668661,15866.20841,26743.15026,41301.62444,56006.64118,71428.74915,82656.69761,88499.69617	5379.805643,16974.66196,27413.76086,33803.09158,40094.41699,50636.35087,67828.68842,78851.30471	0.9376081913,-0.9455476416,0.9546634913,-0.9543233269,0.9544316433,0.9441515973,0.9384757801,-0.9388328793	-0.9542252047,0.9400219599,0.9378133596,-0.9434756645,0.9355525498,0.9543970811,0.9545464536,-0.9375987048	ok
-0.67434870	-41.24248497	-43.41974197	0.7989453772	continued:5	1,1,-1,1,1,1,-1,1	-1,1,1,-1,1,1,1,1	1190.41835,9723.794054,18567.64749,33473.35274,50015.38385,67389.21869,77463.13937,86583.65961	5379.418707,17013.04864,27311.08014,37525.80738,50602.22298,64294.36653,81241.67402,96659.67756	0.237766757,0.9362403523,-0.954290717,0.9546797966,0.9543916387,0.9549687207,-0.936146583,0.9542647529	-0.9542120981,0.9403287439,0.9414899938,-0.9542705354,0.9498270632,0.95437636,0.9544423077,0.9388249544	ok
-0.67234469	-41.24248497	-44.01049577	0.7961520283	continued:5	1,1,1,1,-1,1,-1,1	-1,1,1,1,-1,1,1,1	1816.938434,10332.41658,20764.50652,37170.55265,51870.75539,66534.54106,81681.68426,94579.82533	5379.035708,17052.34119,27711.67754,41440.51395,53074.62955,62928.48774,80362.40454,95492.59008	0.9718206219,0.9356721537,0.9543424248,0.9543111289,-0.9543066332,0.9543240295,-0.9542511635,0.9488690584	-0.9541989892,0.9406457307,0.9475900716,0.9545530745,-0.9418205437,0.9543727187,0.9547126234,0.9401934963	ok
-0.67034068	-41.24248497	-44.52021294	0.7933586794	continued:5	1,1,1,1,1,1,1,1	-1,1,1,-1,1,1,-1,-1	2123.099202,10639.96363,21208.62953,38293.49886,53462.07077,66597.42889,78274.51802,94750.70206	5378.656628,17092.70353,29296.30876,40136.62326,48835.59609,65122.38439,79775.46257,95266.17233	0.9599382251,0.9355666581,0.9543631039,0.9546449813,0.9524980783,0.9411836287,0.9543309824,0.9543123765	-0.9541858779,0.9409737614,0.9544876849,-0.936559376,0.9543215629,0.9542766726,-0.9543811573,-0.9457464257	ok
-0.66833667	-41.24248497	-44.97921033	0.7908996991	continued:5	1,1,1,1,-1,1,1,1	-1,1,1,-1,1,-1,1,1	2296.020487,10815.41437,21482.29792,36817.77095,44013.77275,53859.92233,69706.16489,81993.73656	5378.281448,17134.31755,28604.26973,43246.92878,58166.33542,73072.4525,84797.30061,96144.67909	0.9609066985,0.9355050993,0.9543771452,0.9427872593,-0.941879024,0.9543566923,0.9494498383,0.9397616833	-0.9541727642,0.941313793,0.9542767254,-0.9542905705,0.9542389259,-0.9547857996,0.9440982144,0.9370352451	ok
-0.66633267	-41.24248497										error: Gamma tangent signs only reached 7 / 8 minima; retcode=Success
-0.66432866	-41.24248497	-45.39899396	0.7887750873	continued:5	-1,-1,-1,1,1,1,1,1	-1,1,-1,1,1,-1,1,-1	2670.081692,11194.91878,22077.77418,32691.27934,43488.39407,51618.69456,60143.28326,71048.1773	5377.542716,17222.14858,27158.19727,37455.5115,46313.68296,53476.76084,63415.10599,78035.16598	-0.9305464662,-0.9353940496,-0.9544265865,0.935443691,0.9543920614,0.9702067497,0.9353822512,0.9544365501	-0.9541465297,0.9420344002,-0.9544135045,0.9345080311,0.9428486512,-0.9416248556,0.9542270965,-0.9543508194	ok
-0.66232465	-41.24248497	-45.78303164	0.7869848440	continued:5	1,1,1,-1,1,1,-1,1	-1,1,-1,1,-1,1,1,1	2473.723647,11001.44137,22008.9524,33605.51649,43405.42659,59569.45546,74445.99191,85601.23822	5377.179127,17268.87007,25457.12789,33170.30988,41938.48194,56514.80178,73917.82308,90563.53073	0.9663399604,0.9353406691,0.954475169,-0.9417683764,0.9542515777,0.954190595,-0.954724443,0.9401429302	-0.9541334089,0.9424176932,-0.9489881867,0.9364018283,-0.9542170432,0.9543019249,0.9549013717,0.9545479841	ok
-0.66032064	-41.24248497	-46.13605958	0.7859422715	continued:5	-1,-1,-1,-1,1,-1,-1,-1	-1,1,-1,1,1,1,1,-1	2902.180846,11432.26608,22623.1133,37704.93821,45135.16377,51235.32235,60204.67203,71332.00772	5376.819366,17317.87061,24577.964,32912.11311,46472.02585,63112.70405,80565.34314,91728.61772	-0.9275911867,-0.9352644674,-0.9546182739,-0.9427146167,0.9437452603,-0.9346552825,-0.9442145299,-0.9382663553	-0.9541202857,0.9428185002,-0.9424080366,0.9498414501,0.9542639587,0.9542846327,0.9547104311,-0.9402329676	ok
-0.65831663	-41.24248497	-46.45485210	0.7851063502	continued:5	-1,-1,-1,-1,-1,-1,-1,1	-1,1,-1,1,1,1,-1,-1	2945.672516,11478.34001,22646.32128,37330.63975,48401.93227,59930.4272,76093.56059,90645.76835	5376.463413,17369.52984,24147.32268,30206.56026,40451.58029,51819.65763,66368.19232,82660.85509	-0.8565417975,-0.9351930225,-0.9548777867,-0.9443790602,-0.9413062171,-0.9542264018,-0.9541835883,0.9542824107	-0.9541071602,0.9432388237,-0.9384662366,0.9404186068,0.9414202517,0.9541946022,-0.9542345962,-0.9542095652	ok
-0.65631263	-41.24248497	-46.74166853	0.7846047974	continued:5	1,1,1,1,-1,1,1,1	-1,1,-1,-1,-1,-1,1,1	7.374626449,2904.535402,11440.18775,21874.9081,34761.90297,49290.64352,65727.91078,82074.39715	5376.111252,17424.30809,23734.83769,34918.44086,51758.36196,65877.81137,71853.86887,80593.73149	0.9530757164,0.9682150353,0.9351385737,0.9536433558,-0.9541772172,0.954226753,0.9542226693,0.9542071549	-0.9540940323,0.9436810439,-0.9352928032,-0.9545684848,-0.9545564229,-0.9438259731,0.9343417557,0.9406811366	ok
-0.65430862	-41.24248497	-46.99693306	0.7844376131	full	-1,-1,-1,1,-1,1,1,-1	-1,1,1,-1,-1,1,1,-1	3130.476003,11668.65025,21433.54456,29758.20901,38759.22915,53106.30636,68329.1601,72731.91115	5375.762864,17482.77317,28723.39087,37383.45366,53499.16796,68034.78079,83335.69152,89725.39641	-0.8934577692,-0.9350602849,-0.9507638648,0.9372750566,-0.954479531,0.9542856637,0.9397941641,-0.9337780503	-0.9540809021,0.9441480208,0.9366588289,-0.954193444,-0.9541491244,0.9542685024,0.9436482855,-0.935631231	ok
-0.65230461	-41.24248497	-44.06782434	0.7934149666	continued:5	1,1,1,-1,1,1,-1,-1	-1,1,1,-1,-1,-1,1,-1	1251.123184,9828.702647,20737.93153,31598.83696,40257.45404,56352.05764,70899.7251,86148.01916	5375.418233,17545.63892,29167.30297,36775.41338,47367.49354,62826.07896,70703.17793,80495.10462	0.08108265799,0.9354502337,0.9543480252,-0.9366616013,0.9541761994,0.9541293898,-0.9542781495,-0.9383582319	-0.9540677695,0.9446432339,0.9490795121,-0.9356537683,-0.9542448837,-0.9462187023,0.9417780827,-0.954164068	ok
-0.65030060	-41.24248497										error: Gamma tangent signs only reached 7 / 8 minima; retcode=Success
-0.64829659	-41.24248497										error: Gamma tangent signs only reached 7 / 8 minima; retcode=Success
-0.64629259	-41.24248497	-44.58100304	0.7906216177	continued:5	-1,-1,-1,-1,1,-1,-1,-1	-1,1,-1,-1,-1,1,1,1	2402.092243,10951.61597,19982.91446,31258.94573,40347.6516,51880.0275,68653.11978,83830.62792	5374.406701,17771.3877,25484.20804,35670.75626,48194.0374,59398.47703,69985.69438,81674.03884	-0.9280616052,-0.9347768662,-0.9445863543,-0.9459105862,0.9501235509,-0.9541650963,-0.9542311105,-0.9386266844	-0.9540283576,0.9463471129,-0.9404606495,-0.9409739248,-0.9546115072,0.9407551839,0.9471695692,0.9374307367	ok
-0.64428858	-41.24248497	-45.03871634	0.7881626374	continued:5	-1,-1,-1,1,1,-1,1,1	-1,1,-1,-1,-1,1,1,-1	2642.607241,11195.30477,20155.92565,26673.79034,36851.44003,51483.33561,65953.67487,82068.50466	5374.076919,17864.68288,23469.98868,32030.01467,41853.77403,49806.04274,59062.56555,66007.48029	-0.9323472977,-0.9347171052,-0.9436598879,0.9361373064,0.9541008061,-0.9540892371,0.9541221343,0.9540970385	-0.9540152156,0.9470114009,-0.9337288641,-0.9351218517,-0.9509149196,0.9349406321,0.9468711969,-0.9348874595	ok
-0.64228457	-41.24248497	-45.45692808	0.7860380256	continued:5	1,1,1,-1,-1,1,-1,-1	-1,1,1,1,1,-1,1,1	2460.313092,11015.63556,19888.26517,29983.26835,44964.62748,53792.6244,64588.5313,74761.4212	5373.750808,17971.73534,31005.06134,48370.34456,63315.46633,70173.31236,77225.88771,88527.09302	0.9701167408,0.9346198726,0.942379407,-0.9545083688,-0.9373077024,0.9542632082,-0.9361555998,-0.9540866804	-0.9540020712,0.9477415717,0.9541491887,0.9545056448,0.9379957871,-0.9468371659,0.9353006389,0.9546905316	ok
-0.64028056	-41.24248497	-45.84095996	0.7844544334	continued:5	-1,-1,-1,-1,-1,-1,-1,1	-1,1,-1,1,-1,-1,1,1	2677.116166,11235.376,20049.28122,31530.52798,47867.02523,64325.06521,81498.30906,94331.46742	5373.428349,18097.62953,27081.85669,35821.24904,46826.30817,63679.13931,73607.60836,82201.31109	-0.7195711361,-0.9345392365,-0.9413874605,-0.9541051177,-0.9541102321,-0.954130548,-0.9543415486,0.9502929819	-0.9539889244,0.9485542413,-0.9460003833,0.9481396996,-0.9541230728,-0.9542166759,0.9339230723,0.936232067	ok
-0.63827655	-41.24248497	-46.19111872	0.7832052098	continued:5	1,1,1,1,-1,1,1,-1	-1,1,1,-1,-1,-1,-1,1	2508.512997,11070.35988,19846.19298,30124.3469,36772.25373,45388.344,62265.39157,72781.15518	5373.109525,18250.65109,30341.30713,34806.08251,43378.78623,53060.5314,66140.20921,80534.0752	0.8998692596,0.9344785496,0.9406490585,0.9435978386,-0.9369801944,0.9541090133,0.9542119264,-0.9346711781	-0.9539757753,0.9494728943,0.9399552849,-0.9337925869,-0.9351224957,-0.9499709819,-0.9540290059,0.9541219405	ok
-0.63627255	-41.24248497	-46.50882408	0.7824970059	continued:5	-1,-1,-1,1,1,1,-1,-1	-1,1,-1,1,1,-1,-1,1	3023.043424,11587.38231,20311.95856,25952.96909,36510.59643,51870.60479,62638.86874,79110.52433	5372.794321,18445.41872,27515.36488,34621.92676,46877.08402,58877.18814,70852.0243,85256.64251	-0.9112442469,-0.934376396,-0.9395639128,0.935773902,0.9541258045,0.9458184408,-0.9544097726,-0.9541500001	-0.9539626239,0.9505310264,-0.9431586912,0.9410837555,0.9542928902,-0.945241011,-0.9540250813,0.9540704247	ok
-0.63426854	-41.24248497	-46.79273518	0.7819954531	continued:5	1,1,1,1,-1,1,-1,-1	-1,1,-1,1,1,1,-1,1	8.772057939,2644.725763,11213.7827,19914.91466,25920.64748,31713.37113,40337.30447,56541.19134	5372.482719,18710.2929,30984.01015,40730.86141,49320.91451,60241.03637,71241.29436,80245.51307	0.953094815,0.5075372055,0.9343229948,0.9389549161,-0.9393353795,0.9371086264,-0.9540978973,-0.9520402748	-0.9539494701,0.9517723529,-0.9544670008,0.9338924664,0.9355502845,0.9542169565,-0.9375722243,0.9543485597	ok
-0.63226453	-41.24248497	-47.04483356	0.7818282688	full	-1,-1,-1,1,-1,-1,1,1	-1,1,-1,-1,1,1,-1,-1	3210.252617,11780.81726,20440.50915,28826.75216,37902.16109,46774.64282,56421.49773,73024.10035	5372.174703,19103.45066,27948.42992,37522.13165,45228.19615,56033.21502,66566.07294,75344.23871	-0.9109440096,-0.9342032949,-0.9378063612,0.9539203305,-0.934662749,-0.9420414531,0.9540565263,0.954109576	-0.9539363139,0.953210578,-0.9351250591,-0.9491392327,0.9356266255,0.9541623174,-0.9345059776,-0.940451839	ok
-0.63026052	-41.24248497										error: Gamma tangent signs only reached 7 / 8 minima; retcode=Success
-0.62825651	-41.24248497	-44.14159841	0.7910169272	continued:5	1,1,1,1,1,1,1,-1	-1,1,-1,1,-1,-1,1,-1	2122.076741,10698.91882,19310.83359,29735.44319,47003.12585,63201.81752,80292.03621,92683.23835	5371.569364,20063.29194,31382.8342,38083.30537,46674.1467,63772.07324,76015.97718,82295.9315	0.04503450802,0.9340047468,0.9359359648,0.9540432601,0.9543455374,0.9540492492,0.9545425186,-0.952634301	-0.9539099945,0.9546568616,-0.9436659455,0.9370997813,-0.9540399534,-0.9542380818,0.9470631082,-0.9338152824	ok
-0.62625251	-41.24248497	-44.64716477	0.7882235784	continued:5	-1,-1,-1,1,1,1,-1,-1	-1,1,-1,-1,1,1,-1,1	4218.083983,12804.07664,21513.1193,27769.88181,38993.61426,54999.73453,69306.263,86389.25564	5371.272007,20088.51789,31248.31341,41419.93123,51462.92614,68609.86492,79328.45287,87932.88053	-0.9338216738,-0.9343675303,-0.9387339135,0.9416189327,0.9539713949,0.9539376261,-0.9540248421,-0.9542201765	-0.9538968312,0.954464123,-0.9406586314,-0.942520751,0.9543505621,0.9544366372,-0.9368969123,0.9539905611	ok
-0.62424850	-41.24248497										error: Gamma tangent signs only reached 7 / 8 minima; retcode=Success
-0.62224449	-41.24248497	-45.10272137	0.7855579469	continued:5	-1,-1,-1,1,1,-1,1,-1	-1,1,-1,-1,-1,-1,-1,-1	5141.447692,13742.26481,22647.33088,32254.40378,48698.26968,58070.41051,63993.66878,72821.97962	5370.68784,19951.25327,34055.45161,49018.15007,58776.52683,67409.80976,77584.6782,93609.81033	-0.9339155433,-0.934751092,-0.9421879335,0.9540065557,0.9530663581,-0.9393425986,0.937916403,-0.9545661883	-0.9538704977,0.9542379661,-0.9540412816,-0.9401388948,-0.9341075238,-0.9362616314,-0.9539566337,-0.9539543445	ok
-0.62024048	-41.24248497	-45.51910982	0.7834333351	continued:5	-1,-1,-1,1,1,1,1,1	-1,1,-1,1,-1,-1,-1,-1	6190.160401,14790.40259,23516.43366,29782.6596,41075.45405,57193.75333,73491.12252,90727.6848	5370.400998,19881.7151,31976.74618,40323.32629,50642.97039,67301.34881,82109.55275,93465.54101	-0.9338973955,-0.9344310216,-0.9388208472,0.9415669096,0.9539476468,0.9539565432,0.9539832063,0.9542828053	-0.9538573274,0.9541718196,-0.9462125407,0.9455843207,-0.9539697077,-0.9540495381,-0.9354018427,-0.9546011585	ok
-0.61823647	-41.24248497	-45.90099275	0.7818497430	continued:5	-1,-1,-1,1,1,1,1,1	-1,1,-1,-1,1,-1,1,1	6472.976464,15083.82259,24025.99548,34047.51188,50500.30792,65103.34751,73941.93597,84993.56041	5370.117629,19819.06157,31167.2425,41137.86802,47093.38256,54878.5202,64904.40833,76293.12142	-0.9339681367,-0.9348164009,-0.9425924794,0.9542814316,0.9540380689,0.9346707023,0.9409709107,0.9507514844	-0.9538441548,0.9541199445,-0.9405246523,-0.93936557,0.9380771436,-0.9518651192,0.9472912251,0.9390744365	ok
-0.61623246	-41.24248497	-46.24862277	0.7806005194	continued:5	1,1,1,-1,-1,1,1,-1	-1,1,-1,1,-1,-1,-1,-1	7559.223373,16182.10792,25823.23345,33693.28169,42487.0902,48431.01584,57141.78087,64367.0719	5369.837717,19763.25631,30809.95832,39777.99149,53866.62183,68602.01993,78996.02406,96354.28083	0.9340410427,0.935226974,0.9492605013,-0.9345982017,-0.9400670165,0.9344003259,0.9382286972,-0.94900727	-0.9538309798,0.9540770433,-0.9378063116,0.9541888768,-0.9540156756,-0.9360354803,-0.9539559316,-0.9544229423	ok
-0.61422846	-41.24248497	-46.56343864	0.7798923155	continued:5	-1,-1,-1,1,-1,1,-1,-1	-1,1,-1,-1,-1,1,1,-1	7025.771328,15660.49912,26770.8617,40733.60726,50557.21281,59256.90289,70232.02453,78987.84909	5369.561247,19713.69167,30616.25137,40996.57784,58305.74741,68968.55984,78840.65658,87691.86326	-0.9341057363,-0.9355798987,-0.9541461114,0.9542611412,-0.937587983,0.954019501,-0.9345239782,-0.9391886312	-0.9538178025,0.9540401543,-0.9360606329,-0.9539399034,-0.9543321011,0.9352865965,0.9506186253,-0.941502725	ok
-0.61222445	-41.24248497	-46.84416543	0.7793907626	continued:5	1,1,1,1,1,-1,1,-1	-1,1,-1,-1,1,1,-1,1	10.42470789,7853.126059,16505.43692,26828.32563,43708.53656,54929.24072,60918.20719,69057.24026	5369.288203,19669.70338,30621.24181,39534.04349,49291.09224,65141.40357,80278.76212,94515.09022	0.9533272174,0.9341933864,0.9361321118,0.9539164754,0.9540623623,-0.9394330788,0.9381211833,-0.953082866	-0.9538046228,0.9540074983,-0.9348074685,-0.9419474267,0.9538686203,0.9538610483,-0.9538358329,0.9539045373	ok
-0.61022044	-41.24248497	-47.09286898	0.7792235784	full	-1,-1,-1,-1,-1,-1,1,1	-1,1,1,1,-1,1,-1,-1	7329.928116,15994.56392,26109.13435,42075.01336,58187.17132,74824.79909,86197.01657,94899.27603	5369.018569,19630.70077,33522.57948,42288.77624,48407.6774,54335.80879,62992.31601,78909.7576	-0.9342485142,-0.9364271955,-0.9538654589,-0.9538742701,-0.9538950904,-0.953985289,0.9343892011,0.9376323885	-0.9537914408,0.9539779428,0.9345620503,0.9392147109,-0.9396663852,0.9369107688,-0.9538619622,-0.9538665645	ok
-0.60821643	-41.24248497										error: T tangent signs only reached 7 / 8 minima; retcode=Success
-0.60621242	-41.24248497	-45.55960832	0.7817777897	continued:5	-1,-1,1,1,1,-1,-1,-1	-1,1,1,-1,1,1,1,1	6573.366379,15277.92463,23831.96014,39010.77186,50960.71442,65288.03927,81261.02919,97506.99612	5368.489473,19565.77318,34309.45641,40728.24618,50713.81638,66504.04629,82827.66494,97957.34762	-0.9344044397,-0.9374329184,0.9539005335,0.9453965284,0.9538013563,-0.9538369357,-0.953851291,-0.9538901628	-0.9537650698,0.9539253373,0.9388711918,-0.9426967931,0.9541740377,0.9538546112,0.9539021421,0.9448368934	ok
-0.60420842	-41.24248497	-45.93989013	0.7801941976	continued:5	-1,-1,1,-1,-1,-1,-1,-1	-1,1,1,1,-1,-1,1,-1	6752.708057,15478.75198,24352.44237,36280.29344,48164.66321,64138.91249,80452.15393,95534.47003	5368.229979,19539.12728,34375.827,44572.33659,51403.37155,62540.35168,76847.22572,90841.27116	-0.9344769566,-0.9379082544,0.9540413543,-0.9452932529,-0.9538224362,-0.9538394343,-0.9538883951,-0.9444071134	-0.9537518807,0.9539013834,0.9408381232,0.9440461587,-0.9356301467,-0.9540785047,0.9541215105,-0.9538437702	ok
-0.60220441	-41.24248497	-46.28571119	0.7789449740	continued:5	1,1,-1,1,1,-1,-1,-1	-1,1,1,-1,1,-1,1,1	7213.415476,15961.9051,23422.879,34698.97338,50014.97735,57483.63817,67928.96741,83115.30757	5367.973836,19516.00142,34462.65674,44553.06489,58453.67118,69652.44254,75879.76066,85681.49405	0.9345453042,0.9383689509,-0.9501729212,0.9538662581,0.9469605047,-0.9360685821,-0.9538694511,-0.9457053361	-0.9537386893,0.9538785899,0.9427881667,-0.9543406818,0.9539803251,-0.9391861748,0.9405858677,0.9388742313	ok
-0.60020040	-41.24248497	-46.59851921	0.7782367700	continued:5	-1,-1,1,-1,-1,1,1,1	-1,1,1,1,1,1,-1,1	7152.121614,15928.12101,22400.16944,30365.82686,43603.13114,54618.2247,64890.62772,81764.73974	5367.721028,19496.20278,34589.89669,46722.02785,57092.50715,65870.6578,72296.53403,82005.45694	-0.934619868,-0.9389115305,0.9430528641,-0.9476953869,-0.9539307993,0.9362580441,0.9538271051,0.9539919332	-0.9537254955,0.9538567455,0.9448169712,0.9522388799,0.9346250955,0.9389603279,-0.942608975,0.9539535206	ok
-0.59819639	-41.24248497	-46.87707896	0.7777352172	continued:5	1,1,1,-1,1,-1,-1,-1	-1,1,1,-1,-1,1,1,-1	11.61551523,7593.963001,16403.75627,22494.37066,29613.06727,40518.62563,56580.99309,73595.01506	5367.471539,19479.59044,34787.13201,42438.85001,52051.14798,61178.5494,72271.17619,81172.069	0.9535711697,0.9347012304,0.9395412283,-0.9385276015,0.9481122665,-0.9537836661,-0.9538151074,-0.9540370789	-0.9537122995,0.9538356862,0.9470549118,-0.9353169376,-0.9486653657,0.9472899958,0.9380136635,-0.9540155396	ok
-0.59619238	-41.24248497	-47.12350777	0.7775680330	full	-1,-1,1,1,-1,-1,-1,-1	-1,1,1,1,-1,-1,-1,1	7394.666952,16235.78257,22389.09352,33638.83758,47862.04777,63695.77937,79797.57526,96962.09923	5367.225356,19466.07075,35130.50321,48836.36371,59887.03832,70137.95061,86985.10457,98531.70509	-0.9347686779,-0.9400688165,0.9356357026,0.9540753946,-0.9537543242,-0.9537710333,-0.9538084098,-0.954482661	-0.953699101,0.9538152829,0.949742956,0.9538993176,-0.9363065379,-0.9537967331,-0.9539602436,0.9424035904	ok
-0.59418838	-41.24248497	-44.74205766	0.7839986159	continued:5	1,1,1,-1,1,1,1,-1	-1,1,1,1,-1,-1,-1,1	7114.136352,16031.60868,27916.62149,38984.28932,47585.31118,63684.66894,80071.73863,89393.15358	5366.982463,19455.59503,35933.43723,50976.45977,62419.80229,73873.75678,89027.38101,99235.3684	0.9348979826,0.9413271276,0.9538931014,-0.9370904019,0.9537561967,0.9537957972,0.9530346239,-0.9383271366	-0.9536859003,0.9537954315,0.9533050919,0.9539375703,-0.9415169708,-0.9538084808,-0.9458109116,0.9538252736	ok
-0.59218437	-41.24248497										error: Gamma tangent signs only reached 7 / 8 minima; retcode=Success
-0.59018036	-41.24248497										error: Gamma tangent signs only reached 7 / 8 minima; retcode=Success
-0.58817635	-41.24248497	-45.20003896	0.7812052670	continued:5	1,1,-1,1,-1,-1,1,-1	-1,1,1,-1,1,1,-1,1	6962.007799,16018.86746,24128.28553,35446.98257,49089.64901,63676.40008,69838.82699,76701.69177	5366.273383,19442.63865,36346.30315,49401.38096,59801.05617,73475.77374,84580.83435,93541.00563	0.9350862834,0.9431265979,-0.9485540077,0.9542510808,-0.9537847903,-0.9396237854,0.9387932276,-0.9461353011	-0.953646284,0.9537384018,0.9539359435,-0.9518249491,0.9497362912,0.953843,-0.9369383763,0.9536882737	ok
-0.58617234	-41.24248497	-45.61713070	0.7792873063	continued:5	1,1,-1,1,1,-1,-1,-1	-1,1,1,-1,-1,1,-1,1	6902.957947,16024.30482,23014.51021,32113.48671,46675.85216,56416.55077,72307.21724,89015.64894	5366.043507,19444.81072,36192.52324,47614.59519,59506.26444,70668.13569,79843.7873,90545.12644	0.935151714,0.9438657376,-0.9383038802,0.9540852799,0.9420682189,-0.9536858409,-0.9537190403,-0.9538612931	-0.9536330739,0.9537200282,0.9538723155,-0.941346626,-0.9538439318,0.9383876527,-0.9543510294,0.937836268	ok
-0.58416834	-41.24248497	-45.99638260	0.7778314316	continued:5	-1,-1,-1,1,1,-1,-1,1	-1,1,1,-1,1,1,1,-1	6841.847813,16073.98409,28571.879,39832.62644,50516.86443,62181.60142,71792.35667,82508.44683	5365.816849,19450.5641,36070.56719,47234.1415,56289.80884,72226.00483,87076.66621,94957.96232	-0.9352392299,-0.9450442896,-0.9537980649,0.9359906156,0.9537884021,-0.9353950265,-0.948324365,0.9537522828	-0.9536198615,0.9537018884,0.9538269618,-0.9383059487,0.9540240504,0.9537403327,0.9432221956,-0.9470395854	ok
-0.58216433	-41.24248497	-46.33935228	0.7765822080	continued:5	1,1,-1,1,-1,-1,-1,-1	-1,1,1,-1,-1,-1,-1,1	7165.973092,16505.439,26892.23098,38385.39544,48831.14424,64513.4088,80311.45823,96773.88728	5365.593396,19460.24254,35972.28489,47145.26519,57214.36896,73415.41021,87983.56821,94338.89262	0.9353073715,0.9460494293,-0.953845649,0.9420174858,-0.9536328385,-0.953650308,-0.9536823613,-0.9537810452	-0.9536066467,0.9536839378,0.9537910177,-0.9366600061,-0.9536726968,-0.9537367319,-0.9401649643,0.9360541966	ok
-0.58016032	-41.24248497	-46.64906684	0.7758740041	continued:5	-1,-1,-1,1,1,-1,1,-1	-1,1,1,-1,-1,-1,1,1	7223.521151,16734.95347,28219.15531,35685.77004,47177.53606,60327.74226,70101.58745,80024.8133	5365.373133,19474.33469,35892.52847,47427.6778,58820.2587,73530.80591,81126.81702,91660.41042	-0.9353879249,-0.947476007,-0.9442465197,0.9356526463,0.9541616308,-0.9529064502,0.9429211327,-0.9539593675	-0.9535934296,0.9536661326,0.9537605634,-0.9356889675,-0.9540358249,-0.9442653656,0.9355499878,0.9528295533	ok
-0.57815631	-41.24248497	-46.92434469	0.7753724513	continued:5	1,1,1,-1,-1,1,1,-1	-1,1,1,1,1,1,-1,1	13.51593131,7538.994389,17317.14804,26298.1031,36369.28021,45609.63146,56704.79704,66749.07869	5365.156046,19493.54148,35828.05006,48555.21446,58693.67208,72806.20298,84018.9377,91085.15562	0.9540324361,0.9354698915,0.9493086649,-0.9355171973,-0.9509345612,0.9355939415,0.9541114003,-0.9365954777	-0.9535802102,0.9536484277,0.9537335629,0.9355257322,0.9512565667,0.9537845312,-0.9388397377,0.9474321244	ok
-0.57615230	-41.24248497	-47.16737361	0.7752052670	full	1,-1,-1,1,1,-1,-1,-1	-1,1,1,1,1,1,-1,-1	21.54674332,7452.326826,17660.5825,29276.93142,45957.34096,57426.0666,68532.53925,85160.45861	5364.942121,19518.89424,35776.8862,49556.54391,59683.8683,76342.5312,87739.82353,98280.69045	0.9995535969,-0.9355450183,-0.9515317278,0.9536440905,0.9537958422,-0.9417957637,-0.9536426812,-0.9537820688	-0.9535669885,0.9536307719,0.9537088234,0.9365880139,0.9536434557,0.9537900055,-0.941084549,-0.9479784535	ok
-0.57414830	-41.24248497	-42.03816975	0.7909261978	continued:5	1,1,-1,-1,-1,-1,1,-1	-1,1,1,1,-1,1,1,1	8782.768063,19430.23567,28976.17059,45253.00057,58359.94945,69365.00784,81055.14557,88202.81092	5364.731344,19551.97616,35738.10358,49914.08852,58513.16015,69852.96086,80141.51849,95328.85214	0.9446803697,0.9422067122,-0.9536166979,-0.9536997637,-0.9358747831,-0.9537938471,0.9437770947,-0.940111041	-0.9535537644,0.9536131025,0.9536855655,0.9380476912,-0.953722246,0.9363902299,0.9536537592,0.9470792346	ok
-0.57214429	-41.24248497	-43.05836801	0.7881328489	continued:5	1,-1,1,-1,1,-1,-1,-1	-1,1,1,1,-1,-1,1,1	8428.077534,14700.10192,21663.05863,29778.13019,37126.4046,46515.75055,61804.92401,74173.17946	5364.523702,19595.38003,35711.86035,50092.94861,56450.04253,65594.67993,74089.35173,90890.19016	0.9397933306,-0.9389757747,0.9465689168,-0.9435957082,0.9424388984,-0.9536369061,-0.9479341029,-0.9536119237	-0.953540538,0.9535953324,0.9536632096,0.939558484,-0.9406462395,-0.9374074413,0.9536169648,0.9538104232	ok
-0.57014028	-41.24248497										error: Gamma tangent signs only reached 7 / 8 minima; retcode=Success
-0.56813627	-41.24248497										error: Gamma tangent signs only reached 7 / 8 minima; retcode=Success
-0.56613226	-41.24248497	-43.77694227	0.7853395000	continued:5	1,1,1,-1,-1,-1,1,1	-1,1,1,1,-1,1,1,-1	7709.726953,17738.31962,34049.85523,45560.92483,55854.8517,70672.02403,78117.81404,88441.56837	5363.919446,19874.07287,35754.5942,50776.79816,61058.70074,72452.24762,82327.08942,91726.8386	0.9368339566,0.9535589116,0.9536570601,-0.9364313294,-0.9536001753,-0.9442611401,0.9363991186,0.9536044212	-0.9535008447,0.9535391101,0.9535952498,0.9461067553,-0.9537084694,0.9409556325,0.9426639403,-0.9536304647	ok
-0.56412826	-41.24248497										error: Gamma tangent signs only reached 7 / 8 minima; retcode=Success
-0.56212425	-41.24248497										error: Gamma tangent signs only reached 7 / 8 minima; retcode=Success
-0.56012024	-41.24248497	-44.35892011	0.7825461512	continued:5	1,1,-1,-1,-1,-1,-1,-1	-1,-1,-1,-1,1,-1,-1,-1	6656.574606,17238.81798,29279.04334,39822.94111,52406.57761,62947.36609,75580.50832,86101.72766	5363.342914,20928.97915,36906.37604,51167.48359,57540.22708,64024.49689,75392.3612,89354.66596	0.9362092539,0.9536013662,-0.9362380448,-0.9535953642,-0.9362408198,-0.9535948432,-0.9362561783,-0.9535918093	-0.9534611307,-0.9535004271,-0.9535705976,-0.9398521725,0.939586179,-0.9416309687,-0.9535781935,-0.9382748619	ok
-0.55811623	-41.24248497	-44.86127591	0.7797528023	continued:5	1,1,1,1,1,1,-1,1	-1,-1,-1,-1,-1,-1,-1,1	6694.968452,17195.99761,30270.41593,40455.62591,55623.4885,69424.06239,82831.14404,94271.27996	5363.156835,20900.33107,36999.06239,50071.95049,60258.21805,75416.07635,87121.53268,95269.42358	0.936284229,0.953574835,0.9366073368,0.9535312434,0.9476085087,0.9542028645,-0.9536475798,0.9413816078	-0.953447888,-0.953491415,-0.953574869,-0.9366061246,-0.9535313347,-0.9475367806,-0.9471324154,0.9366881306	ok
-0.55611222	-41.24248497	-45.31386558	0.7772938219	continued:5	1,1,1,-1,1,1,1,-1	-1,-1,-1,1,1,1,-1,1	6879.158307,17294.91445,31135.03698,39628.47996,51727.66284,62118.61176,76124.87578,85364.02529	5362.973784,20887.4967,37112.91764,48645.33872,58654.90416,75089.94384,86444.14105,92913.65995	0.9363696186,0.9535488159,0.9381294674,-0.953569971,0.9363924583,0.9535453475,0.9387760266,-0.9540107947	-0.953434643,-0.9534817584,-0.9535820147,0.9369345882,0.9534887133,0.953620645,-0.9401897322,0.9377326786	ok
-0.55410822	-41.24248497	-45.72605855	0.7753758613	continued:5	1,1,1,-1,1,1,-1,-1	-1,-1,-1,1,-1,1,-1,-1	6968.463546,17309.2124,31494.74938,37914.963,44370.96317,52952.1436,62295.69513,78111.59356	5362.793746,20882.95911,37248.15373,48567.01636,55532.07678,65742.86923,77151.11496,86672.95249	0.9364533355,0.9535247961,0.9398992159,-0.9397767578,0.9406896224,0.9371819308,-0.9534475379,-0.9535134065	-0.9534213957,-0.9534717437,-0.9535947532,0.9392409602,-0.946148953,0.9536111674,-0.9409117277,-0.9405794188	ok
-0.55210421	-41.24248497	-46.10028931	0.7739199865	continued:5	-1,-1,-1,-1,-1,1,1,1	-1,-1,-1,1,-1,1,-1,1	7038.640735,17307.29718,31736.25914,42809.58201,57882.41261,66342.2901,76517.43399,91420.22883	5362.616711,20883.55508,37410.16311,49114.5074,56364.91501,62806.35309,71740.70876,85385.82228	-0.9365415778,-0.9535017215,-0.9418481322,-0.9534864664,-0.9471810063,0.9366554767,0.9534894564,0.9458797879	-0.953408146,-0.9534615082,-0.9536180236,0.9439546333,-0.9400886545,0.9386595869,-0.9536989169,0.9535393034	ok
-0.55010020	-41.24248497										error: Gamma tangent signs only reached 7 / 8 minima; retcode=Success
-0.54809619	-41.24248497	-46.43795820	0.7725430455	continued:5	-1,-1,-1,1,1,-1,-1,1	-1,-1,-1,-1,1,1,-1,-1	7225.606485,17375.12306,32246.96098,42226.13501,56716.61994,66015.58205,79799.0002,88477.27841	5362.271591,20894.39496,37865.91816,54057.01612,65499.37698,76076.08736,85565.27481,96261.90861	-0.9367129668,-0.9534590764,-0.9458558852,0.9534681702,0.9426891948,-0.9534861898,-0.9385077357,0.9535738476	-0.9533816399,-0.9534406621,-0.953773772,-0.9535651752,0.9412083137,0.9487730738,-0.949407432,-0.9380093857	ok
-0.54609218	-41.24248497										error: Gamma tangent signs only reached 7 / 8 minima; retcode=Success
-0.54408818	-41.24248497	-46.74134946	0.7716281905	continued:5	-1,-1,-1,1,1,1,1,-1	-1,-1,-1,-1,-1,1,-1,1	7330.537736,17382.77175,33350.79246,43373.76782,53416.17523,69933.59777,82123.48872,90633.50261	5361.938324,20913.5818,36612.76256,48386.1613,58563.83547,68761.07914,80352.68291,89693.67951	-0.9368911921,-0.9534184185,-0.9520966247,0.9369103481,0.9534168677,0.9536005585,0.9383401378,-0.9534974205	-0.9533551244,-0.9534195884,-0.9510276623,-0.9411644586,-0.9462070659,0.9535458974,-0.9428553184,0.9534844384	ok
-0.54208417	-41.24248497	-47.01015928	0.7711266377	continued:5	1,1,1,1,1,1,1,-1	-1,-1,-1,-1,-1,-1,1,1	17.59788906,7580.185636,17595.1943,34730.07811,50045.34751,64227.81599,73397.27817,80293.21878	5361.776102,20925.43685,36043.79237,48341.92702,63030.82021,73447.04762,82835.85811,98884.6884	0.9551547238,0.936981122,0.9533986521,0.9539735458,0.953429264,0.9408975632,0.9394656226,-0.9452028882	-0.9533418633,-0.9534090333,-0.947918791,-0.9534161933,-0.9447589685,-0.9424120795,0.9534029085,0.952396557	ok
-0.54008016	-41.24248497	-47.24661878	0.7709594534	full	1,-1,-1,-1,-1,-1,1,1	-1,-1,-1,1,1,1,-1,1	34.47443435,7556.868827,17546.25463,34414.49853,49708.07883,65775.43903,77771.43924,94620.51445	5361.616806,20938.55237,35735.00675,45837.04786,62604.4649,77625.86684,89033.90439,98127.0929	0.9974701042,-0.9370680928,-0.9533790102,-0.9536772454,-0.9533876961,-0.9524789998,0.9533786942,0.9536672336	-0.9533285998,-0.9533984928,-0.9457229682,0.9533858484,0.9539905587,0.9534766443,-0.9389028683,0.9536929604	ok
-0.53807615	-41.24248497	-45.35432995	0.7752320299	continued:5	-1,-1,-1,1,-1,1,1,-1	-1,-1,-1,1,1,-1,-1,-1	6867.891735,16848.0693,33449.09338,47365.19479,61126.50027,72947.34626,84560.89317,94122.9048	5361.460423,20952.81599,35509.53742,42879.3583,52543.6396,61807.10818,75999.65086,87180.85645	-0.9371592637,-0.9533589815,-0.9535597872,0.9535685367,-0.9535105168,0.944917771,0.9505412064,-0.9470281433	-0.953315334,-0.9533879843,-0.9439779142,0.9410672619,0.9426124084,-0.9533973003,-0.9412893744,-0.9518052344	ok
-0.53607214	-41.24248497	-45.76540461	0.7733140692	continued:5	-1,-1,-1,1,-1,1,1,-1	-1,-1,-1,1,1,1,-1,-1	6971.927563,16986.42666,33333.53059,44990.27731,54986.21306,68627.50281,84806.18404,96225.14022	5361.306939,20968.15341,35313.33565,44622.25081,59307.19922,71678.41561,83203.08997,94168.82199	-0.9372515043,-0.9533375526,-0.9534850363,0.9434251719,-0.9541187067,0.953332115,0.9534536786,-0.9397784963	-0.9533020659,-0.9533775242,-0.9425082508,0.9533696119,0.9451084731,0.953474033,-0.9419601591,-0.9533702586	ok
-0.53406814	-41.24248497	-46.13812775	0.7717304771	continued:5	1,-1,-1,1,-1,1,-1,1	-1,-1,-1,-1,-1,1,-1,-1	7162.063761,16509.67737,32578.22321,44065.09219,52702.39485,64318.10677,73662.82869,85134.13009	5361.156344,20984.51867,35118.13412,45482.4566,58090.70546,69980.48727,78588.02965,95694.82662	0.9373420442,-0.9533130755,-0.9534240612,0.938649937,-0.9534655581,0.9429771185,-0.9534258769,0.93879254	-0.9532887955,-0.9533671286,-0.9412382422,-0.9477941048,-0.9534059059,0.9375209256,-0.9533383407,-0.9539657707	ok
-0.53206413	-41.24248497	-46.47524902	0.7706879046	continued:5	-1,1,1,-1,1,-1,1,-1	-1,-1,-1,1,-1,-1,-1,1	7248.142478,16045.77827,32687.85806,46224.01736,57805.72151,66208.54877,78314.00973,87024.80766	5361.008624,21001.8879,34902.23518,41503.59207,48117.70326,57517.17094,67993.21041,78575.64521	-0.9374364749,0.9533150263,0.9535410027,-0.9534023641,0.9382710423,-0.9533859965,0.9374726939,-0.9533189446	-0.9532755228,-0.9533568137,-0.9401404245,0.9400068124,-0.9410293821,-0.9412597628,-0.9485263467,0.9534271734	ok
-0.53006012	-41.24248497	-46.77625802	0.7698519832	continued:5	1,-1,-1,1,-1,1,-1,1	-1,-1,-1,1,-1,1,1,-1	7476.306013,16112.19524,33111.99439,44203.84643,51702.15855,60316.44464,71924.8641,81162.41151	5360.863767,21020.2552,34645.94111,43568.10723,54235.1033,62651.81961,77041.60473,86774.04372	0.9375307401,-0.9533091771,-0.9540813807,0.9442767599,-0.9386770641,0.953431903,-0.9428234922,0.9533644501	-0.9532622478,-0.9533465965,-0.9392204322,0.9538751812,-0.9377934395,0.953329267,0.9432889431,-0.9535200552	ok
-0.52805611	-41.24248497	-47.04378961	0.7694781478	continued:5	1,1,-1,-1,1,1,-1,1	-1,-1,-1,1,-1,1,-1,1	19.44351616,7615.675665,16153.19554,31244.07659,41689.56029,55531.61384,62168.90729,68804.12793	5360.721762,21039.63009,34336.01518,42813.70643,54301.47932,62322.97548,73623.68934,85674.5429	0.9556814797,0.9376254023,-0.9533020011,-0.9483000994,0.9533264121,0.9401729856,-0.9401346972,0.9404187764	-0.9532489705,-0.9533364953,-0.9385101308,0.9533827522,-0.9393200677,0.9515542054,-0.9533564176,0.9376916882	ok
-0.52605210	-41.24248497	-47.27753628	0.7693109636	full	1,-1,1,1,1,1,-1,1	-1,-1,-1,1,1,-1,1,-1	38.68335497,7604.596257,16075.63037,30655.1587,42660.79247,57100.2287,70895.99784,85002.43422	5360.582597,21060.0359,33980.79221,42339.57093,55772.76436,64618.94232,78344.89425,90789.6341	0.9962314377,-0.937717936,0.9532939534,0.9449507936,0.9522321309,0.953467284,-0.9534540947,0.9535985175	-0.9532356909,-0.9533265295,-0.9380517467,0.9533184839,0.9389346855,-0.9534714748,0.9534309601,-0.9491200607	ok
-0.52404810	-41.24248497	-19.93998571	0.7838887137	continued:5	-1,-1,1,-1,1,1,-1,-1	-1,-1,-1,1,1,1,-1,1	6464.353766,16043.53959,25256.88166,37545.9697,45966.78688,60193.33182,69438.24203,83441.74967	5360.446258,21081.50903,33622.225,42021.38544,56098.53734,67478.50485,78996.64993,86705.18559	-0.941126505,-0.9428489802,0.9533209542,-0.937814952,0.9532859596,0.9426051475,-0.9532911875,-0.9412626832	-0.9532224089,-0.9533167214,-0.9378647531,0.9532894811,0.94167697,0.9533508764,-0.9394221964,0.950100616	ok
-0.52204409	-41.24248497	-42.26547517	0.7856789570	continued:5	1,-1,1,1,-1,1,-1,1	-1,-1,1,-1,-1,1,-1,-1	8281.669808,18070.04806,31511.33403,44590.90341,53008.53348,64624.72128,73302.74752,85500.36856	5360.312735,21104.09875,33314.18427,41695.86474,55555.01055,63001.55209,71381.96558,85227.7213	0.9433796799,-0.9534865538,0.9532928859,0.9384712593,-0.9533268832,0.938846967,-0.9533933476,0.9476322299	-0.9532091247,-0.9533070956,0.9379227157,-0.9532786179,-0.9406877579,0.9379268047,-0.9532789076,-0.940626434	ok
-0.52004008	-41.24248497	-43.22126740	0.7828856081	continued:5	1,-1,1,-1,1,-1,-1,1	-1,-1,1,-1,-1,1,1,-1	7557.919334,16454.17408,29132.30395,42622.46609,54142.87835,60861.71632,72733.68785,86334.54826	5360.182016,21127.86763,33084.84887,41430.90783,54195.41256,62542.82692,75132.44533,83481.79803	0.9393590639,-0.9537290222,0.9534432622,-0.9533256052,0.9400984972,-0.9415049351,-0.9534309662,0.953358765	-0.9531958382,-0.9532976804,0.938172231,-0.9532820983,-0.9382065707,0.953284896,0.9380848543,-0.9532753209	ok
-0.51803607	-41.24248497	-43.91576227	0.7800922592	continued:5	1,-1,1,-1,-1,1,-1,1	-1,-1,1,-1,1,-1,-1,-1	6942.675584,15290.32505,27573.11205,35918.20521,48965.31488,57439.64939,68969.59186,76425.48263	5360.054088,21152.89241,32932.52556,41366.37314,52918.5931,59941.02089,71641.58068,84744.83364	0.9382716066,-0.953274918,0.93810969,-0.9532620775,-0.9386426975,0.9533153573,-0.9407068346,0.9381258253	-0.9531825494,-0.9532885084,0.9385661614,-0.9533050848,0.9397569765,-0.9453677638,-0.9532610963,-0.9387307787	ok
-0.51603206	-41.24248497	-44.48766240	0.7772989103	continued:5	1,-1,-1,1,1,-1,-1,1	-1,-1,1,-1,1,-1,-1,-1	6695.777513,15034.37134,27579.86884,35921.00554,48244.43554,56582.96206,69146.61097,77488.50914	5359.928941,21179.26554,32843.74617,41715.65795,55224.8835,66803.53472,77872.70344,90296.96594	0.938212122,-0.9532546857,-0.9382626917,0.9532586282,0.938208188,-0.9532542579,-0.9382714988,0.9532594011	-0.9531692583,-0.9532796183,0.9390770923,-0.9534062849,0.9533097983,-0.9418755662,-0.9532567566,-0.9382205651	ok
-0.51402806	-41.24248497	-44.98660528	0.7745055615	continued:5	-1,1,-1,1,-1,1,-1,1	-1,-1,1,-1,1,-1,-1,1	6793.319429,15133.4827,27275.8698,35621.22961,47636.50892,56000.10836,67785.9215,76330.59098	5359.806562,21207.09722,32805.66743,40053.87431,48200.86498,54963.7551,63287.41384,71853.19794	-0.9383105659,0.953247113,-0.9383486638,0.9532504489,-0.9384352752,0.9532582393,-0.9388002341,0.9533051652	-0.9531559649,-0.9532710556,0.9396960685,-0.9470493774,0.9402473607,-0.9409043732,-0.9388273541,0.9533100853	ok
-0.51202405	-41.24248497	-45.43582858	0.7720465811	continued:5	1,-1,1,-1,1,1,1,1	-1,-1,1,-1,1,-1,-1,1	6977.663257,15327.09186,27187.1785,35684.56258,47303.1236,58129.4832,74027.21377,87386.25973	5359.68694,21236.51829,32809.89469,39658.36522,46784.45409,56602.87501,69016.71513,77368.21066	0.93841056,-0.9532402273,0.9387600581,-0.9532805528,0.9423085753,0.9531753102,0.9523021297,0.9532054785	-0.9531426693,-0.9532628753,0.9404293783,-0.9397870107,0.9460096141,-0.9532260305,-0.9384204141,0.9532410694	ok
-0.51002004	-41.24248497	-45.84410398	0.7701286204	continued:5	1,-1,1,-1,-1,1,-1,1	-1,-1,1,1,-1,-1,1,-1	7106.688986,15473.58563,27163.69801,36583.67051,49804.2675,56919.98505,65507.65872,77476.09804	5359.570064,21267.68393,32853.02617,42960.28214,51142.10966,62174.33334,74432.6465,82801.44418	0.9385131746,-0.9532339987,0.9394275491,-0.9537916102,-0.940619105,0.9389045765,-0.9532876851,0.9459019746	-0.9531293713,-0.9532551443,0.941298462,0.946961965,-0.9419068285,-0.9532137946,0.9385193456,-0.9532345688	ok
-0.50801603	-41.24248497	-46.21367867	0.7685450283	continued:5	1,-1,1,-1,1,-1,1,1	-1,-1,1,1,1,-1,1,-1	7302.550504,15696.94552,27307.06797,34143.42112,41181.79814,50153.53813,63518.75605,75984.09714	5359.455921,21300.77871,32937.19001,43806.59783,59821.1272,70125.71468,79062.1499,90106.7594	0.9386204239,-0.9532289862,0.9403667942,-0.9405810826,0.9392367113,-0.9533798015,0.9531940766,0.9386399761	-0.9531160711,-0.9532479454,0.9423450712,0.9531445423,0.9526881067,-0.946710176,0.9487454952,-0.9534332691	ok
-0.50601202	-41.24248497	-46.54727214	0.7675024558	continued:5	1,-1,1,1,-1,1,-1,1	-1,-1,1,-1,-1,1,1,-1	7413.483005,15842.08051,27455.34819,39333.44956,52676.12615,64509.32104,73378.99974,86801.86617	5359.344501,21336.02308,33072.68963,43293.13087,58763.62412,70388.02731,81433.3303,93431.72663	0.9387225856,-0.9532243,0.9415288408,0.9533516372,-0.9531963103,0.9391980064,-0.9533314682,0.9532294714	-0.9531027686,-0.9532413822,0.9436465349,-0.9537305716,-0.9532276115,0.9418977622,0.9531899869,-0.9388991824	ok
-0.50400802	-41.24248497	-46.84442846	0.7667942519	continued:5	1,-1,1,-1,1,1,1,-1	-1,-1,1,1,-1,1,-1,-1	7555.883907,16030.08754,27732.97994,36955.35247,48579.60977,60772.77365,73571.8541,82689.72542	5359.235793,21373.68218,33287.67505,44979.08801,57084.4938,65613.68477,77482.77332,88773.22263	0.9388293244,-0.9532212281,0.9431382596,-0.953207157,0.9414708948,0.9534983453,0.9393602792,-0.9534074739	-0.9530894638,-0.9532355872,0.9453588779,0.9531715635,-0.9389085458,0.9532333066,-0.9449562109,-0.9497016745	ok
-0.50200401	-41.24248497	-47.10662736	0.7664204165	continued:5	1,1,-1,1,1,1,1,1	-1,-1,1,1,-1,1,-1,1	23.30191503,7705.91133,16237.91512,28178.72696,39622.30614,53289.46935,63080.95965,74779.09715	5359.129784,21414.07746,33671.6008,45903.59874,57985.88321,66606.61529,79425.17013,88872.30609	0.9567769399,0.9389374359,-0.9532202865,0.9455535408,0.9531250788,0.9412804701,0.9453528767,0.9531597354	-0.9530761567,-0.9532307326,0.9478715937,0.953156965,-0.939040742,0.9532395485,-0.9507992986,0.9392837123	ok
-0.50000000	-41.24248497	-47.33510328	0.7662532322	full	1,-1,1,-1,1,1,-1,1	-1,-1,1,-1,1,-1,-1,1	46.23586637,7711.166589,16311.85482,28962.43467,39863.43814,53152.11274,60085.73731,69216.47509	5359.026464,21457.60269,34822.19163,45416.39112,55765.95211,67417.17042,77062.57152,85422.76518	0.9932501369,-0.9390438579,0.953221251,-0.9500263684,0.9531167388,0.9401869076,-0.9429910606,0.9531544965	-0.9530628473,-0.9532270471,0.9526529361,-0.9485018163,0.9531718576,-0.9412622485,-0.9445701877,0.9390459731	ok
