delta_x	delta_ca	T0_V	T0_Ca	T0_method	T_signs	gamma_signs	T_min_times	gamma_min_times	T_tangent_Ca	gamma_tangent_Ca	status
-1.50000000	-34.97995992	-41.18318922	0.8849474260	continued:5	1,1,1,1,1,1,1,1	-1,-1,-1,-1,-1,-1,-1,-1	702.3902895,8348.870405,15981.74606,23615.78494,31250.38017,38885.21202,46520.14086,54155.10892	5468.300615,19390.73844,27024.94828,34657.04231,42290.58796,49924.96044,57559.69909,65194.58994	0.3551858487,0.9379745349,0.937137351,0.9367931727,0.9366541565,0.936597992,0.936575485,0.9365667252	-0.9625466139,-0.9413833927,-0.9387519126,-0.937467989,-0.9369279202,-0.9367082605,-0.9366197351,-0.9365841647	ok
-1.49799599	-34.97995992	-42.06666304	0.8821540771	continued:5	1,1,1,1,1,1,1,1	-1,-1,-1,-1,-1,-1,-1,-1	1008.289413,8643.672334,16276.86413,23911.10772,31545.84666,39180.79634,46815.83297,54450.9048	5466.342758,19386.25665,27020.72024,34652.94578,42286.58716,49921.05283,57555.88755,65190.87692	0.8001971052,0.9378429033,0.9371042436,0.9367998418,0.9366758954,0.9366263091,0.9366051873,0.9365978031	-0.9625345044,-0.9413975979,-0.938788429,-0.9375077207,-0.9369653339,-0.9367432481,-0.9366531497,-0.9366167076	ok
-1.49599198	-34.97995992	-42.66786873	0.8826556299	continued:5	1,1,1,1,1,1,1,1	-1,-1,-1,-1,-1,-1,-1,-1	1804.200794,9436.768348,17070.65874,24705.29443,32340.2628,39975.37089,47610.53666,55245.72604	5464.401078,19381.88323,27016.60905,34648.97493,42282.72031,49917.2872,57552.22598,65187.3219	0.9428491078,0.9374451901,0.9369605308,0.9367610159,0.9366788426,0.9366462877,0.9366332495,0.9366267818	-0.9625223996,-0.941411921,-0.9388249913,-0.9375475212,-0.9370028134,-0.9367782759,-0.9366865757,-0.9366492405	ok
-1.49398798	-34.97995992	-43.12488112	0.8798622810	continued:5	1,1,1,1,1,1,1,1	-1,-1,-1,-1,-1,-1,-1,-1	2183.704746,9816.531875,17450.63001,25085.4209,32720.52129,40355.75251,47991.03787,55626.34564	5462.475426,19377.61595,27012.61254,34645.12765,42278.98531,49913.66148,57548.71233,65183.92285	0.9394851481,0.9374174628,0.9369696984,0.9367842595,0.9367078158,0.9366764339,0.9366644305,0.9366587179	-0.9625102992,-0.941426357,-0.9388615978,-0.9375873909,-0.9370403602,-0.9368133462,-0.9367200163,-0.9366817651	ok
-1.49198397	-34.97995992	-43.54577847	0.8770689322	continued:5	1,1,1,1,1,1,1,1	-1,-1,-1,-1,-1,-1,-1,-1	2534.264341,10167.30718,17801.57514,25436.50802,33071.73959,40707.09827,48342.50991,55977.94363	5460.565656,19373.45268,27008.7286,34641.40187,42275.38015,49910.17366,57545.34463,65180.67781	0.9388131365,0.9374220646,0.9369914008,0.9368122073,0.9367381845,0.936707714,0.9366960208,0.936690147	-0.962498203,-0.9414409006,-0.9388982464,-0.9376273304,-0.937077977,-0.9368484603,-0.9367534719,-0.9367142829	ok
-1.48997996	-34.97995992	-43.95112711	0.8742755833	continued:5	1,1,1,1,1,1,1,1	-1,-1,-1,-1,-1,-1,-1,-1	2807.235143,10440.45901,18074.87514,25709.94444,33345.30953,40980.80136,48616.34647,56251.91389	5458.671624,19369.39132,27004.95516,34637.79558,42271.90284,49906.82179,57542.12092,65177.58485	0.9388538842,0.9374462213,0.9370220728,0.9368441464,0.9367700998,0.936739827,0.9367277024,0.9367214588	-0.962486111,-0.9414555468,-0.9389349354,-0.9376673405,-0.9371156649,-0.9368836211,-0.9367869456,-0.9367467947	ok
-1.48797595	-34.97995992	-44.35201301	0.8714822344	continued:5	1,1,1,1,1,1,1,1	-1,-1,-1,-1,-1,-1,-1,-1	2962.822448,10596.22084,18230.78372,25865.99293,33501.49772,41137.13012,48772.81654,56408.52567	5456.793185,19365.42981,27001.29022,34634.30684,42268.55148,49903.60398,57539.03935,65174.64212	0.9390117273,0.9374772252,0.9370551934,0.9368778203,0.9368032473,0.9367722186,0.9367595008,0.9367532989	-0.9624740229,-0.9414702904,-0.9389716624,-0.9377074218,-0.937153426,-0.9369188309,-0.9368204382,-0.9367793029	ok
-1.48597194	-34.97995992	-44.75462999	0.8690232541	continued:5	1,1,1,1,1,1,1,1	-1,-1,-1,-1,-1,-1,-1,-1	3095.595283,10729.1753,18363.8926,25999.24984,33634.9024,41270.6835,48906.51933,56542.37832	5454.9302,19361.56619,26997.73184,34630.93374,42265.32419,49900.51839,57536.09809,65171.84782	0.9390356215,0.9375090692,0.9370890179,0.9369111156,0.9368358461,0.9368038,0.9367909619,0.9367853824	-0.9624619388,-0.9414851261,-0.9390084254,-0.9377475746,-0.9371912625,-0.9369540912,-0.9368539528,-0.9368118088	ok
-1.48396794	-34.97995992	-45.15857592	0.8671052934	continued:5	1,1,1,1,1,1,1,1	-1,-1,-1,-1,-1,-1,-1,-1	3268.73567,10902.5061,18537.38657,26172.90029,33808.70891,41444.64683,49080.6404,56716.65748	5453.08253,19357.79851,26994.2781,34627.67444,42262.21917,49897.56324,57533.29537,65169.20019	0.9710089151,0.9375397657,0.937122045,0.9369438066,0.9368679711,0.9368363163,0.9368221614,0.9368172561	-0.9624498583,-0.9415000485,-0.9390452222,-0.9377877997,-0.9372291763,-0.9369894049,-0.9368874903,-0.936844313	ok
-1.48196393	-34.97995992	-45.55982109	0.8655217013	continued:5	1,1,1,1,1,1,1,1	-1,-1,-1,-1,-1,-1,-1,-1	3387.271963,11021.24014,18656.29174,26291.96998,33927.94271,41564.04583,49200.20516,56836.38867	5451.250035,19354.1249,26990.92718,34624.52716,42259.23468,49894.73679,57530.62949,65166.69754	0.9398347443,0.9375713182,0.9371553017,0.9369767529,0.9369009,0.9368679985,0.9368546427,0.9368487813	-0.9624377816,-0.9415150526,-0.9390820505,-0.9378280972,-0.9372671691,-0.937024774,-0.936921053,-0.9368768183	ok
-1.47995992	-34.97995992	-45.95562318	0.8646068462	continued:5	-1,-1,-1,-1,-1,-1,-1,-1	-1,-1,-1,-1,-1,-1,-1,-1	3575.254175,11209.4278,18844.65847,26480.50937,34116.65459,41752.93094,49389.26437,57025.62248	5449.432581,19350.54354,26987.67728,34621.49014,42256.369,49892.03738,57528.09878,65164.33824	-0.9382288774,-0.9376026374,-0.937188877,-0.937009906,-0.9369326669,-0.9368997248,-0.9368861105,-0.9368801857	-0.9624257083,-0.9415301329,-0.939118908,-0.937868468,-0.937305243,-0.9370602008,-0.9369546441,-0.9369093253	ok
-1.47795591	-34.97995992	-46.33927372	0.8638986423	continued:5	1,1,1,1,1,1,1,1	-1,-1,-1,-1,-1,-1,-1,-1	3639.580791,11273.96887,18909.3877,26545.41997,34181.74589,41818.20395,49454.71974,57091.26081	5447.630034,19347.05265,26984.52665,34618.56171,42253.6205,49889.46338,57525.70166,65162.1207	0.9394112312,0.9376336775,0.9372222056,0.9370426391,0.9369654711,0.9369312969,0.9369177162,0.9369107002	-0.9624136384,-0.941545284,-0.9391557926,-0.9379089123,-0.9373433999,-0.9370956885,-0.9369882643,-0.9369418363	ok
-1.47595190	-34.97995992	-46.70837682	0.8637314580	full	-1,-1,-1,-1,-1,-1,-1,-1	-1,-1,-1,-1,-1,-1,-1,-1	3713.143801,11347.75419,18983.36943,26619.59119,34256.10623,41892.75413,49529.46067,57166.19293	5445.842261,19343.6505,26981.4736,34615.74022,42250.98757,49887.01321,57523.43655,65160.04338	-0.9374562209,-0.9376645148,-0.93725542,-0.937076186,-0.9369982467,-0.9369638469,-0.9369493323,-0.9369420695	-0.9624015717,-0.9415605009,-0.9391927017,-0.9379494304,-0.9373816421,-0.9371312386,-0.9370219169,-0.9369743529	ok
-1.47394790	-34.97995992	-41.17373537	0.8827455598	continued:5	1,1,1,1,1,1,1,1	-1,-1,-1,-1,-1,-1,-1,-1	673.8217136,8328.367064,15963.39292,23599.34973,31235.83891,38872.5836,46509.44399,54146.35582	5444.06913,19340.33543,26978.51649,34613.02409,42248.46866,49884.68537,57521.30197,65158.1048	0.2806861013,0.9383834703,0.9375975248,0.9372449161,0.9370900085,0.9370212426,0.9369919192,0.9369794431	-0.9623895082,-0.9415757781,-0.9392296328,-0.9379900228,-0.9374199711,-0.9371668546,-0.937055604,-0.9370068771	ok
-1.47194389	-34.97995992	-42.07030733	0.8799522110	continued:5	1,1,1,1,1,1,1,1	-1,-1,-1,-1,-1,-1,-1,-1	1001.082942,8639.730387,16275.1563,23911.43615,31548.18746,39185.16389,46822.24266,54459.36712	5442.310514,19337.1058,26975.65372,34610.41177,42246.06229,49882.47838,57519.29645,65156.30352	0.7520745172,0.9382345575,0.9375507787,0.9372437248,0.9371076166,0.9370474896,0.9370211826,0.9370096929	-0.9623774478,-0.9415911107,-0.9392665836,-0.9380306897,-0.9374583895,-0.9372025383,-0.9370893279,-0.9370394103	ok
-1.46993988	-34.97995992	-42.67619775	0.8797850267	continued:5	1,1,1,1,1,1,1,1	-1,-1,-1,-1,-1,-1,-1,-1	1738.271621,9373.478354,17009.59223,24646.35728,32283.45333,39920.70434,47558.02538,55195.37777	5440.566284,19333.96003,26972.88373,34607.90176,42243.76698,49880.3908,57517.4186,65154.63815	0.9455465842,0.9378656201,0.9374037809,0.937196195,0.9371046026,0.9370630837,0.937045088,0.9370373357	-0.9623653903,-0.9416064932,-0.9393035515,-0.9380714316,-0.9374968992,-0.9372382928,-0.9371230913,-0.9370719556	ok
-1.46793587	-34.97995992	-43.14435912	0.8769916778	continued:5	1,1,1,1,1,1,1,1	-1,-1,-1,-1,-1,-1,-1,-1	2142.540535,9778.068984,17414.50443,25051.54157,32688.88337,40326.36806,47963.91785,55601.49691	5438.836314,19330.89659,26970.20501,34605.49263,42241.58135,49878.42127,57515.66706,65153.10736	0.9400893182,0.9378262124,0.9374050243,0.9372151493,0.9371302092,0.9370924826,0.9370752143,0.937067697	-0.9623533357,-0.9416219205,-0.9393405341,-0.9381122485,-0.9375355019,-0.9372741205,-0.9371568967,-0.9371045139	ok
-1.46593186	-34.97995992	-43.57337789	0.8741983289	continued:5	1,1,1,1,1,1,1,1	-1,-1,-1,-1,-1,-1,-1,-1	2520.731568,10156.56648,17793.28169,25430.57236,33068.15552,40705.87663,48343.66102,55981.47399	5437.120479,19327.91398,26967.6161,34603.18295,42239.50402,49876.56845,57514.04051,65151.70986	0.9391435419,0.9378254422,0.9374240017,0.9372424852,0.9371605226,0.9371233913,0.9371063398,0.9370987503	-0.9623412837,-0.9416373875,-0.9393775287,-0.9381531408,-0.9375742002,-0.9373100246,-0.9371907464,-0.9371370875	ok
-1.46392786	-34.97995992	-43.98495755	0.8714049801	continued:5	1,1,1,1,1,1,1,1	-1,-1,-1,-1,-1,-1,-1,-1	2815.858816,10451.97471,18088.94594,25726.48143,33364.3062,41002.26827,48640.29387,56278.3484	5435.418657,19325.01076,26965.11558,34600.97136,42237.53368,49874.83106,57512.53769,65150.44438	0.9397204987,0.9378498956,0.9374544039,0.937274,0.9371912698,0.9371546183,0.9371376145,0.9371299086	-0.9623292344,-0.941652889,-0.9394145327,-0.9381941088,-0.937612996,-0.9373460073,-0.9372246435,-0.9371696793	ok
-1.46192385	-34.97995992	-44.39064492	0.8686116312	continued:5	-1,-1,-1,-1,-1,-1,-1,-1	-1,-1,-1,-1,-1,-1,-1,-1	2983.890444,10620.28629,18257.51349,25895.29754,33533.37003,41171.58054,48809.8553,56448.15953	5433.730726,19322.18552,26962.70206,34598.85655,42235.66905,49873.20784,57511.15737,65149.30972	-0.9372844604,-0.937880016,-0.9374867792,-0.9373068494,-0.9372235069,-0.9371859651,-0.9371689422,-0.9371620244	-0.9623171877,-0.9416684201,-0.9394515436,-0.9382351525,-0.9376518913,-0.9373820723,-0.9372585904,-0.9372022916	ok
-1.45991984	-34.97995992	-44.79681436	0.8661526508	continued:5	-1,-1,-1,-1,-1,-1,-1,-1	-1,-1,-1,-1,-1,-1,-1,-1	3125.456649,10762.14053,18399.63214,26037.67332,33676.00184,41314.46926,48953.00162,56591.5641	5432.056566,19319.43689,26960.3742,34596.83721,42233.9089,49871.6976,57509.89837,65148.30473	-0.9379205682,-0.9379107468,-0.9375198665,-0.9373396204,-0.9372565045,-0.9372177184,-0.9372007309,-0.9371931673	-0.9623051433,-0.9416839759,-0.9394885586,-0.938276272,-0.9376908882,-0.937418222,-0.9372925904,-0.937234926	ok
-1.45791583	-34.97995992	-45.20312295	0.8640280390	continued:5	1,1,1,1,1,1,1,1	-1,-1,-1,-1,-1,-1,-1,-1	3222.162076,10859.14257,18496.90729,26135.21428,33773.80736,41412.5401,49051.33851,56690.16773	5430.396059,19316.76355,26958.13069,34594.91212,42232.25202,49870.29917,57508.75955,65147.42827	0.9402207759,0.9379409595,0.9375528551,0.9373717958,0.9372889298,0.9372494102,0.9372326337,0.9372241535	-0.9622931014,-0.9416995512,-0.9395255751,-0.9383174674,-0.9377299892,-0.9374544592,-0.9373266467,-0.937267585	ok
-1.45591182	-34.97995992	-45.60767743	0.8624444469	continued:5	1,1,1,1,1,1,1,1	-1,-1,-1,-1,-1,-1,-1,-1	3346.203361,10983.48857,18621.53499,26260.11615,33898.98239,41537.98888,49177.06191,56816.16624	5428.749087,19314.16419,26955.97025,34593.08005,42230.69727,49869.01142,57507.73981,65146.67927	0.9398072052,0.9379715821,0.9375856633,0.937404756,0.9373211582,0.9372812466,0.93726361,0.9372554606	-0.9622810617,-0.9417151408,-0.9395625903,-0.938358739,-0.9377691964,-0.9374907876,-0.9373607617,-0.9373002722	ok
-1.45390782	-34.97995992	-46.00543110	0.8615295919	continued:5	-1,-1,-1,-1,-1,-1,-1,-1	-1,-1,-1,-1,-1,-1,-1,-1	3541.932929,11179.53112,18817.86774,26456.73161,34095.87953,41735.1682,49374.52436,57013.91242	5427.115535,19311.63758,26953.89167,34591.33983,42229.24352,49867.83328,57506.83809,65146.05667	-0.9383976223,-0.9380021079,-0.9376188525,-0.9374380119,-0.937353362,-0.9373135507,-0.9372948363,-0.9372855929	-0.9622690242,-0.9417307404,-0.9395996015,-0.9384000866,-0.9378085117,-0.9375272102,-0.9373949384,-0.937332989	ok
-1.45190381	-34.97995992	-46.38972378	0.8608213879	continued:5	1,1,1,1,1,1,1,1	-1,-1,-1,-1,-1,-1,-1,-1	3605.009473,11242.92957,18881.56547,26520.72087,34160.15912,41799.73864,49439.38637,57079.06657	5425.495287,19309.18248,26951.89373,34589.69034,42227.88969,49866.76368,57506.05335,65145.55948	0.939752595,0.9380320893,0.9376511936,0.9374707588,0.9373849135,0.9373444951,0.937325411,0.9373167369	-0.9622569887,-0.9417463447,-0.9396366059,-0.9384415103,-0.9378479372,-0.9375637297,-0.937429181,-0.9373657394	ok
-1.44989980	-34.97995992	-46.75823223	0.8606542037	full	-1,-1,-1,-1,-1,-1,-1,-1	-1,-1,-1,-1,-1,-1,-1,-1	3682.180227,11320.43046,18959.37429,26598.82993,34238.56699,41878.4459,49518.39373,57158.37472	5423.888233,19306.79772,26949.97527,34588.13045,42226.63472,49865.80163,57505.38462,65145.18671	-0.9374605325,-0.9380620686,-0.937684014,-0.9375033917,-0.937417504,-0.9373760839,-0.9373571656,-0.9373476431	-0.9622449552,-0.9417619491,-0.9396736006,-0.9384830102,-0.9378874755,-0.9376003498,-0.9374634922,-0.9373985253	ok
-1.44789579	-34.97995992	-41.13767489	0.8808773297	continued:5	1,1,1,1,1,1,1,1	-1,-1,-1,-1,-1,-1,-1,-1	651.3508522,8315.600967,15954.25302,23593.57909,31233.38236,38873.44703,46513.6438,54153.90524	5422.294259,19304.48215,26948.13515,34586.65911,42225.47761,49864.94614,57504.83094,65144.93745	0.2288256218,0.9387498269,0.9380381544,0.9376905319,0.9375236907,0.9374437837,0.9374054516,0.9373871267	-0.9622329237,-0.9417775486,-0.9397105827,-0.9385245859,-0.9379271287,-0.9376370737,-0.9374978757,-0.93743135	ok
-1.44589178	-34.97995992	-42.05501040	0.8780839808	continued:5	1,1,1,1,1,1,1,1	-1,-1,-1,-1,-1,-1,-1,-1	1011.528953,8654.134646,16293.2616,23933.02827,31573.2165,39213.63232,46854.16307,54494.75041	5420.713255,19302.23464,26946.37228,34585.27527,42224.41738,49864.19626,57504.39138,65144.81079	0.7486321943,0.9385849936,0.9379763446,0.9376785458,0.9375341816,0.9374651051,0.9374323402,0.9374155308	-0.9622208939,-0.9417931386,-0.9397475494,-0.9385662372,-0.9379668991,-0.9376739047,-0.9375323345,-0.9374642167	ok
-1.44388778	-34.97995992	-42.66609380	0.8767070398	continued:5	1,1,1,1,1,1,1,1	-1,-1,-1,-1,-1,-1,-1,-1	1591.340377,9230.632144,16870.38169,24510.68119,32151.30792,39792.10672,47432.99177,55073.9193	5419.145114,19300.05411,26944.68557,34583.97791,42223.45306,49863.5511,57504.06507,65144.80585	0.9555758092,0.9383057905,0.9378573126,0.9376380517,0.937531708,0.9374800405,0.9374554975,0.9374435091	-0.9622088659,-0.9418087142,-0.9397844977,-0.9386079643,-0.9380067886,-0.9377108463,-0.9375668727,-0.9374971283	ok
-1.44188377	-34.97995992	-43.15164558	0.8739136910	continued:5	1,1,1,1,1,1,1,1	-1,-1,-1,-1,-1,-1,-1,-1	2011.072456,9650.689054,17290.88455,24931.58517,32572.58078,40213.7312,47854.95961,55496.22655	5417.589726,19297.9395,26943.07399,34582.76607,42222.58374,49863.00976,57503.85116,65144.92182	0.9420595122,0.9382410378,0.9378431811,0.9376480832,0.9375527147,0.9375066149,0.9374841748,0.9374731179	-0.9621968396,-0.941824271,-0.9398214245,-0.9386497668,-0.9380467995,-0.9377479022,-0.9376014942,-0.9375300886	ok
-1.43987976	-34.97995992	-43.59303604	0.8711203421	continued:5	1,1,1,1,1,1,1,1	-1,-1,-1,-1,-1,-1,-1,-1	2417.109607,10057.12681,17697.72617,25338.80335,32980.15868,40621.66046,48263.23646,55904.8494	5416.046986,19295.88978,26941.53651,34581.63878,42221.80854,49862.5714,57503.74881,65145.15789	0.9396848874,0.9382245843,0.9378528457,0.9376696239,0.9375794702,0.9375356099,0.9375138927,0.9375025704	-0.9621848149,-0.9418398041,-0.9398583268,-0.9386916442,-0.9380869344,-0.9377850759,-0.9376362024,-0.9375631008	ok
-1.43787575	-34.97995992	-44.01409284	0.8683269932	continued:5	1,1,1,1,1,1,1,1	-1,-1,-1,-1,-1,-1,-1,-1	2739.962685,10380.37092,18021.34492,25662.78346,33304.49437,40946.34969,48588.27871,56230.24464	5414.516788,19293.90396,26940.07214,34580.59512,42221.12658,49862.23521,57503.75725,65145.5133	0.9395523885,0.9382416447,0.9378791577,0.9376995025,0.937610173,0.937566386,0.9375446871,0.9375338604	-0.9621727917,-0.9418553091,-0.9398952016,-0.9387335964,-0.9381271952,-0.9378223707,-0.9376710015,-0.937596168	ok
-1.43587174	-34.97995992	-44.42724771	0.8655336443	continued:5	1,1,1,1,1,1,1,1	-1,-1,-1,-1,-1,-1,-1,-1	2925.178632,10565.97723,18207.32158,25849.12208,33491.19279,41133.40799,48775.69764,56418.02463	5412.999029,19291.98105,26938.67993,34579.63418,42220.53704,49862.00039,57503.87572,65145.98729	0.9405964007,0.9382701403,0.9379110346,0.9377314947,0.9376415729,0.9375977932,0.9375749545,0.9375649314	-0.9621607699,-0.9418707813,-0.9399320456,-0.9387756231,-0.9381675845,-0.9378597909,-0.9377058953,-0.937629295	ok
-1.43386774	-34.97995992	-44.83926263	0.8630746640	continued:5	-1,-1,-1,-1,-1,-1,-1,-1	-1,-1,-1,-1,-1,-1,-1,-1	3078.837892,10720.03475,18361.75753,26003.92817,33646.36716,41288.95082,48931.60965,56574.30648	5411.493606,19290.12011,26937.35892,34578.75511,42220.0391,49861.86618,57504.10348,65146.57917	-0.9320169292,-0.9382998398,-0.9379432639,-0.9377642062,-0.9376734932,-0.9376293012,-0.9376060094,-0.9375955938	-0.9621487495,-0.941886216,-0.9399688557,-0.9388177234,-0.9382081039,-0.93789734,-0.9377408885,-0.9376624845	ok
-1.43186373	-34.97995992	-45.24995991	0.8609500522	continued:5	1,1,1,1,1,1,1,1	-1,-1,-1,-1,-1,-1,-1,-1	3181.1088,10822.71249,18464.82227,26107.37191,33750.18773,41393.14868,49036.18527,56679.26074	5410.000417,19288.32021,26936.10821,34577.95703,42219.632,49861.83185,57504.43982,65147.28826	0.9401371711,0.9383292295,0.9379759503,0.9377963889,0.9377060526,0.937660132,0.937637739,0.9376260486	-0.9621367303,-0.9419016087,-0.9400056287,-0.9388598971,-0.9382487563,-0.9379350221,-0.9377759848,-0.9376957413	ok
-1.42985972	-34.97995992	-45.65751306	0.8594941775	continued:5	-1,-1,-1,-1,-1,-1,-1,-1	-1,-1,-1,-1,-1,-1,-1,-1	3368.105166,11010.12434,18652.63035,26295.56787,33938.76949,41582.11639,49225.53964,56869.00245	5408.519363,19286.58047,26934.9269,34577.23914,42219.31496,49861.8967,57504.88409,65148.11389	-0.9382620468,-0.9383585805,-0.9380080046,-0.9378288303,-0.9377381551,-0.937691788,-0.9376690484,-0.9376563136	-0.9621247125,-0.9419169552,-0.9400423613,-0.9389021437,-0.9382895437,-0.9379728407,-0.9378111893,-0.9377290693	ok
-1.42785571	-34.97995992	-46.05565749	0.8584516050	continued:5	-1,-1,-1,-1,-1,-1,-1,-1	-1,-1,-1,-1,-1,-1,-1,-1	3512.337502,11154.78079,18797.69178,26441.02592,34084.62216,41728.36375,49372.18249,57016.04122	5407.050344,19284.90001,26933.81412,34576.60061,42219.08726,49862.06004,57505.43563,65149.05545	-0.9385627859,-0.9383877641,-0.9380400865,-0.9378618223,-0.9377703688,-0.9377238132,-0.9376996618,-0.9376879613	-0.9621126958,-0.9419322507,-0.94007905,-0.9389444623,-0.9383304682,-0.9380108004,-0.9378465062,-0.9377624723	ok
-1.42585170	-34.97995992	-46.44036554	0.8577434011	continued:5	1,1,1,1,1,1,1,1	-1,-1,-1,-1,-1,-1,-1,-1	3573.110114,11215.98638,18859.31163,26503.05159,34147.05143,41791.19651,49435.41947,57079.68304	5405.593263,19283.27797,26932.76902,34576.04067,42218.94819,49862.32122,57506.09381,65150.11234	0.940146333,0.9384169093,0.938072053,0.9378941935,0.9378016151,0.9377550997,0.937730365,0.937718657	-0.9621006802,-0.9419474909,-0.9401156916,-0.9389868523,-0.9383715324,-0.9380489045,-0.9378819403,-0.9377959555	ok
-1.42384770	-34.97995992	-46.80806848	0.8575762168	full	-1,-1,-1,-1,-1,-1,-1,-1	-1,-1,-1,-1,-1,-1,-1,-1	3654.631137,11297.94913,18941.69759,26585.85242,34230.26461,41874.82215,49519.4581,57164.13534	5404.148022,19281.71352,26931.79078,34575.55856,42218.89706,49862.67961,57506.85804,65151.28399	-0.9376120572,-0.9384454143,-0.9381039777,-0.9379260545,-0.9378336358,-0.937786032,-0.9377613013,-0.9377492753	-0.9620886655,-0.9419626713,-0.9401522825,-0.9390293128,-0.9384127379,-0.9380871577,-0.9379174963,-0.9378295231	ok
-1.42184369	-34.97995992	-40.45716359	0.8709960979	continued:5	1,1,1,1,1,1,1,1	-1,-1,-1,-1,-1,-1,-1,-1	7856.268389,15501.16638,23144.90486,30788.9944,38433.50595,46078.29943,53723.25607,61368.30198	5402.714526,19280.20586,26930.87857,34575.15352,42218.9332,49863.13459,57507.72776,65152.56985	0.9405599814,0.9392872417,0.9385701417,0.9381865758,0.9379853529,0.9378801093,0.9378252536,0.9377964411	-0.9620766519,-0.9419777874,-0.9401888193,-0.939071843,-0.9384540873,-0.938125564,-0.9379531789,-0.9378631798	ok
-1.41983968	-34.97995992	-41.91290003	0.8682027490	continued:5	1,1,1,1,1,1,1,1	-1,-1,-1,-1,-1,-1,-1,-1	8137.093004,15781.81195,23426.05251,31070.69923,38715.72827,46361.00262,54006.41732,61651.90898	5401.29268,19278.7542,26930.03162,34574.82485,42219.05598,49863.68559,57508.70241,65153.9694	0.9401703097,0.9390826475,0.9384781182,0.9381551523,0.9379843366,0.9378937923,0.9378473485,0.9378229709	-0.9620646392,-0.9419928349,-0.9402252984,-0.939114442,-0.9384955829,-0.9381641282,-0.9379889939,-0.9378969304	ok
-1.41783567	-34.97995992	-42.68504585	0.8654094001	continued:5	1,1,1,1,1,1,1,1	-1,-1,-1,-1,-1,-1,-1,-1	8345.860973,15990.78433,23635.54576,31280.7214,38926.24727,46571.99359,54217.8658,61863.80695	5399.882391,19277.35777,26929.24914,34574.57182,42219.26476,49864.33203,57509.78147,65155.48214	0.9399208738,0.9389615001,0.9384310394,0.9381461875,0.9379951504,0.9379147143,0.9378719982,0.9378505341	-0.9620526273,-0.9420078093,-0.9402617161,-0.9391571087,-0.9385372267,-0.9382028537,-0.9380249457,-0.9379307808	ok
-1.41583166	-34.97995992	-43.29365098	0.8626160513	continued:5	1,1,1,1,1,1,1,1	-1,-1,-1,-1,-1,-1,-1,-1	8552.522624,16197.78312,23843.07675,31488.77766,39134.79984,46781.02147,54427.35704,62073.75536	5398.483567,19276.01583,26928.53039,34574.39375,42219.55894,49865.07338,57510.96444,65157.1076	0.9397203472,0.9388686461,0.9383977792,0.9381442971,0.9380092414,0.9379373794,0.9378989523,0.9378778498	-0.9620406163,-0.9420227065,-0.9402980688,-0.939199842,-0.9385790209,-0.9382417458,-0.9380610406,-0.9379647355	ok
-1.41382766	-34.97995992	-43.83309773	0.8598227024	continued:5	1,1,1,1,1,1,1,1	-1,-1,-1,-1,-1,-1,-1,-1	8753.268885,16398.95524,24044.7772,31690.9929,39337.50699,46984.20545,54631.00914,62277.87109	5397.096116,19274.72763,26927.87462,34574.28996,42219.93794,49865.90912,57512.25084,65158.84532	0.9395833267,0.9388108128,0.938384123,0.9381523686,0.938028772,0.937961357,0.9379260364,0.9379075239	-0.9620286059,-0.9420375219,-0.9403343527,-0.9392426407,-0.9386209672,-0.9382808083,-0.9380972833,-0.9379988008	ok
-1.41182365	-34.97995992	-44.33945913	0.8570293535	continued:5	1,1,1,1,1,1,1,1	-1,-1,-1,-1,-1,-1,-1,-1	8928.317557,16574.48322,24220.81494,31867.52645,39514.52338,47161.69678,54808.9718,62456.30338	5395.719947,19273.49247,26927.28111,34574.2598,42220.40117,49866.83875,57513.64022,65160.69489	0.9395273194,0.9387986004,0.9383939197,0.9381734313,0.9380540771,0.9379903427,0.9379560836,0.9379374826	-0.9620165962,-0.9420522511,-0.9403705639,-0.9392855032,-0.9386630682,-0.9383200462,-0.9381336796,-0.9380329814	ok
-1.40981964	-34.97995992	-44.82959489	0.8542360046	continued:5	1,1,1,1,1,1,1,1	-1,-1,-1,-1,-1,-1,-1,-1	9056.77478,16703.45852,24350.2713,31997.45277,39644.91859,47292.56267,54940.31052,62588.11644	5394.354972,19272.30966,26926.74916,34574.30263,42220.9481,49867.86178,57515.13214,65162.6559	0.9395685997,0.9388407613,0.9384340823,0.9382110934,0.9380894306,0.9380236736,0.9379870877,0.93796802	-0.9620045871,-0.9420668898,-0.9404066985,-0.9393284286,-0.9387053258,-0.9383594642,-0.9381702359,-0.938067284	ok
-1.40781563	-34.97995992	-45.31164277	0.8521113928	continued:5	1,1,1,1,1,1,1,1	-1,-1,-1,-1,-1,-1,-1,-1	9200.258082,16847.45975,24494.77426,32142.44557,39790.39626,47438.52426,55086.75599,62735.0466	5393.001102,19271.1785,26926.27807,34574.41781,42221.57818,49868.97774,57516.72619,65164.72797	0.9395806314,0.9388667764,0.9384648977,0.9382429463,0.938121754,0.9380544205,0.9380185523,0.9379986004	-0.9619925786,-0.9420814337,-0.9404427524,-0.9393714147,-0.9387477421,-0.9383990665,-0.9382069576,-0.938101714	ok
-1.40581162	-34.97995992	-45.78206236	0.8505278007	continued:5	1,1,1,1,1,1,1,1	-1,-1,-1,-1,-1,-1,-1,-1	9340.922837,16988.65308,24636.47663,32284.64518,39933.08882,47581.70873,55230.43311,62879.21709	5391.65825,19270.09835,26925.86716,34574.60473,42222.29089,49870.1862,57518.42197,65166.91073	0.9395980392,0.9388952591,0.9384973775,0.938275901,0.9381535699,0.9380869663,0.9380502758,0.9380299684	-0.9619805705,-0.9420958786,-0.9404787217,-0.9394144605,-0.9387903187,-0.9384388581,-0.9382438512,-0.9381362785	ok
-1.40380762	-34.97995992	-46.23692473	0.8494852282	continued:5	1,1,1,1,1,1,1,1	-1,-1,-1,-1,-1,-1,-1,-1	9475.723166,17123.99485,24772.33345,32421.005,40069.94822,47719.06785,55368.29307,63017.57897	5390.32633,19269.06854,26925.51576,34574.86278,42223.08573,49871.48673,57520.21911,65169.20384	0.9396248446,0.9389295632,0.9385328805,0.9383108486,0.9381874926,0.9381196223,0.9380814786,0.9380603263	-0.9619685629,-0.94211022,-0.9405146021,-0.939457564,-0.9388330579,-0.9384788439,-0.9382809227,-0.9381709838	ok
-1.40180361	-34.97995992	-46.67127687	0.8491113928	continued:5	1,1,1,1,1,1,1,1	-1,-1,-1,-1,-1,-1,-1,-1	15.76610308,9618.959816,17267.77546,24916.64378,32565.83318,40215.28903,47864.91996,55514.65623	5389.005256,19268.08844,26925.22322,34575.19138,42223.96219,49872.87892,57522.11726,65171.60699	0.9625065213,0.9396358848,0.938954395,0.9385632639,0.9383431078,0.9382199857,0.9381502782,0.9381126439	-0.9619565557,-0.9421244536,-0.9405503895,-0.9395007233,-0.9388759614,-0.9385190289,-0.9383181787,-0.9382058367	ok
-1.39979960	-34.97995992	-47.07872266	0.8489442086	full	1,1,1,1,1,1,1,1	-1,-1,-1,-1,-1,-1,-1,-1	29.35586162,1934.11558,9659.88271,17309.25478,24958.65949,32608.37327,40258.34909,47908.49881	5387.694944,19267.15744,26924.98891,34575.58995,42224.91981,49874.36237,57524.11607,65174.11989	0.9988785522,0.1654466998,0.9396554653,0.9389841192,0.938596354,0.9383767543,0.9382520724,0.9381832096	-0.9619445489,-0.9421385751,-0.9405860796,-0.9395439363,-0.9389190313,-0.9385594177,-0.9383556256,-0.9382408441	ok
-1.39779559	-34.97995992	-40.78852872	0.8745338192	continued:5	1,1,1,1,1,1,1,1	-1,-1,-1,-1,-1,-1,-1,-1	8034.436967,15684.54772,23334.43929,30984.6055,38635.04938,46285.68834,53936.44933,61587.283	5386.395311,19266.27492,26924.81218,34576.0579,42225.9581,49875.9367,57526.21524,65176.74224	0.9399190929,0.9391587363,0.9387129751,0.9384574548,0.9383125996,0.9382302238,0.9381836927,0.9381574541	-0.9619325424,-0.9421525801,-0.9406216679,-0.9395872013,-0.9389622688,-0.9386000153,-0.9383932706,-0.9382760135	ok
-1.39579158	-34.97995992	-41.94627061	0.8717404703	continued:5	1,1,1,1,1,1,1,1	-1,-1,-1,-1,-1,-1,-1,-1	8375.256976,16025.74343,23676.26511,31327.07434,38978.13109,46629.35494,54280.68239,61932.07139	5385.106273,19265.44029,26924.69242,34576.59469,42227.07663,49877.60155,57528.41446,65179.47379	0.939640908,0.9390114741,0.9386440191,0.9384329722,0.9383119446,0.938243931,0.9382048571,0.9381823396	-0.9619205361,-0.9421664643,-0.94065715,-0.9396305155,-0.9390056757,-0.9386408269,-0.9384311203,-0.9383113523	ok
-1.39378758	-34.97995992	-42.63186543	0.8689471215	continued:5	1,1,1,1,1,1,1,1	-1,-1,-1,-1,-1,-1,-1,-1	1010.172039,8672.731199,16323.7353,23974.90401,31626.35141,39278.01695,46929.82652,54581.72451	5383.82775,19264.65297,26924.62902,34577.19976,42228.27494,49879.35657,57530.71345,65182.31432	0.3818414088,0.93942601,0.9389024535,0.9385968532,0.9384196942,0.9383189377,0.9382605526,0.9382273842	-0.9619085299,-0.9421802234,-0.9406925213,-0.9396738768,-0.9390492542,-0.9386818576,-0.9384691823,-0.9383468681	ok
-1.39178357	-34.97995992	-43.17930322	0.8681112001	continued:5	1,1,1,1,1,1,1,1	-1,-1,-1,-1,-1,-1,-1,-1	1794.790196,9446.466033,17098.16062,24750.12448,32402.31565,40054.66126,47707.10349,55359.60407	5382.559661,19263.91238,26924.62138,34577.87256,42229.55259,49881.20143,57533.11195,65185.26359	0.9521661611,0.9390025794,0.9386702826,0.9384766422,0.93836429,0.9382995881,0.9382632772,0.9382418454	-0.961896524,-0.9421938531,-0.9407277772,-0.9397172827,-0.939093005,-0.9387231125,-0.9385074632,-0.9383825694	ok
-1.38977956	-34.97995992	-43.64099792	0.8653178512	continued:5	1,1,1,1,1,1,1,1	-1,-1,-1,-1,-1,-1,-1,-1	2263.848923,9916.034669,17568.35948,25220.9443,32873.73815,40526.67254,48179.6948,55832.7702	5381.301925,19263.21797,26924.66891,34578.61257,42230.90917,49883.13581,57535.6097,65188.32141	0.9412930266,0.9389504891,0.9386549761,0.9384818304,0.9383808835,0.938322062,0.9382883841,0.9382688425	-0.9618845181,-0.942207349,-0.9407629127,-0.9397607306,-0.9391369302,-0.9387645968,-0.9385459713,-0.9384184641	ok
-1.38777555	-34.97995992	-44.07752498	0.8625245023	continued:5	1,1,1,1,1,1,1,1	-1,-1,-1,-1,-1,-1,-1,-1	2653.099057,10305.88055,17958.81086,25611.9914,33265.37261,40918.88931,48572.4913,56226.1452	5380.054465,19262.56919,26924.77101,34579.41924,42232.34426,49885.15939,57538.20649,65191.4876	0.9402325471,0.9389543346,0.9386718984,0.9385059713,0.9384084983,0.9383515924,0.9383183118,0.9382986711	-0.9618725123,-0.9422207065,-0.9407979232,-0.9398042173,-0.9391810307,-0.9388063154,-0.9385847134,-0.9384545616	ok
-1.38577154	-34.97995992	-44.50269718	0.8597311535	continued:5	1,1,1,1,1,1,1,1	-1,-1,-1,-1,-1,-1,-1,-1	2876.879788,10530.27207,18183.80246,25837.57426,33491.54236,41145.64447,48799.83148,56454.07074	5378.817202,19261.9655,26924.92713,34580.29206,42233.85745,49887.27188,57540.90209,65194.762	0.942625453,0.9389797603,0.9387014464,0.938536991,0.9384397942,0.9383817797,0.9383486847,0.9383291651	-0.9618605065,-0.9422339216,-0.9408328038,-0.9398477402,-0.9392253079,-0.938848274,-0.9386236983,-0.9384908699	ok
-1.38376754	-34.97995992	-44.92385311	0.8572721731	continued:5	-1,-1,-1,-1,-1,-1,-1,-1	-1,-1,-1,-1,-1,-1,-1,-1	3056.628201,10710.64091,18364.77928,26019.15049,33673.71391,41328.40986,48983.19099,56638.02469	5377.590058,19261.40636,26925.13669,34581.23051,42235.44833,49889.47299,57543.69631,65198.14447	-0.9386449978,-0.9390068723,-0.938732437,-0.9385684174,-0.9384709901,-0.9384138486,-0.9383792326,-0.9383589219	-0.9618485007,-0.9422469896,-0.9408675491,-0.9398912958,-0.9392697631,-0.9388904777,-0.9386629333,-0.9385273988	ok
-1.38176353	-34.97995992	-45.34104879	0.8551475613	continued:5	-1,-1,-1,-1,-1,-1,-1,-1	-1,-1,-1,-1,-1,-1,-1,-1	3168.738069,10823.38022,18478.1364,26133.11672,33788.28506,41443.5845,49098.96893,56754.40644	5376.372957,19260.89127,26925.39912,34582.23408,42237.11652,49891.76245,57546.58896,65201.63488	-0.9368306601,-0.9390339714,-0.9387630613,-0.9386001435,-0.9385027988,-0.9384451879,-0.9384107353,-0.9383892325	-0.9618364949,-0.9422599063,-0.9409021541,-0.9399348809,-0.939314397,-0.9389329319,-0.9387024266,-0.9385641576	ok
-1.37975952	-34.97995992	-45.75255135	0.8535639692	continued:5	-1,-1,-1,-1,-1,-1,-1,-1	-1,-1,-1,-1,-1,-1,-1,-1	3307.224487,10962.50544,18617.88874,26273.48753,33929.27012,41585.18255,49241.17963,56897.23001	5375.165825,19260.41969,26925.71388,34583.30225,42238.86163,49894.14,57549.57987,65205.23312	-0.9377144058,-0.9390608921,-0.9387937555,-0.9386322031,-0.9385351336,-0.9384758811,-0.9384408206,-0.9384200943	-0.9618244889,-0.942272667,-0.9409366134,-0.939978492,-0.9393592107,-0.9389756418,-0.9387421872,-0.9386011563	ok
-1.37775551	-34.97995992	-46.15342290	0.8525213967	continued:5	-1,-1,-1,-1,-1,-1,-1,-1	-1,-1,-1,-1,-1,-1,-1,-1	3461.710977,11117.63996,18773.65977,26429.88651,34086.29291,41742.82735,49399.44639,57056.11912	5373.968585,19259.99114,26926.08041,34584.43453,42240.68327,49896.60537,57552.66889,65208.93913	-0.9388297291,-0.9390876813,-0.9388245302,-0.938664162,-0.9385663109,-0.9385077196,-0.9384722955,-0.9384509842	-0.9618124828,-0.9422852676,-0.9409709218,-0.9400221254,-0.9394042049,-0.9390186126,-0.9387822233,-0.9386384051	ok
-1.37575150	-34.97995992	-46.53837440	0.8518131928	continued:5	1,1,1,1,1,1,1,1	-1,-1,-1,-1,-1,-1,-1,-1	3513.957681,11170.54401,18827.21009,26484.07458,34141.11425,41798.28044,49455.53092,57112.83541	5372.781164,19259.60512,26926.49816,34585.63039,42242.58106,49899.15834,57555.85587,65212.75281	0.9409644217,0.9391143018,0.9388550067,0.9386958281,0.9385987098,0.9385394684,0.9385033703,0.9384811754	-0.9618004764,-0.9422977034,-0.9410050738,-0.940065777,-0.9394493801,-0.9390618498,-0.9388225435,-0.938675915	ok
-1.37374749	-34.97995992	-46.90401731	0.8516460085	full	-1,-1,-1,-1,-1,-1,-1,-1	-1,-1,-1,-1,-1,-1,-1,-1	3607.066228,11264.31881,18921.64087,26579.15283,34236.83554,41894.6429,49552.53428,57210.47988	5371.60349,19259.26113,26926.96661,34586.88935,42244.55463,49901.79865,57559.1407,65216.67414	-0.9378925844,-0.9391409075,-0.9388853164,-0.9387273453,-0.9386298677,-0.9385706876,-0.9385337824,-0.9385108486	-0.9617884698,-0.94230997,-0.9410390636,-0.940109443,-0.939494737,-0.9391053591,-0.9388631571,-0.938713696	ok
-1.37174349	-34.97995992	-41.77574962	0.8678858464	continued:5	1,1,1,1,1,1,1,1	-1,-1,-1,-1,-1,-1,-1,-1	8170.347384,15829.15911,23487.13297,31145.08424,38803.20677,46461.50414,54119.93547,61778.45928	5370.435489,19258.95869,26927.4852,34588.2109,42246.60361,49904.52608,57562.52326,65220.70306	0.9404013792,0.9397019604,0.9392514623,0.9389680835,0.938790973,0.9386816153,0.9386143693,0.9385727155	-0.961776463,-0.9423220629,-0.9410728856,-0.9401531188,-0.9395402755,-0.9391491452,-0.9389040733,-0.93875176	ok
-1.36973948	-34.97995992	-42.55093737	0.8650924976	continued:5	1,1,1,1,1,1,1,1	-1,-1,-1,-1,-1,-1,-1,-1	8426.894223,16085.9284,23744.53246,31403.21001,39062.0629,46721.07369,54380.20158,62039.40942	5369.27709,19258.69734,26928.05342,34589.59455,42248.72762,49907.34041,57566.00344,65224.83958	0.9401271941,0.9395407417,0.9391642538,0.9389274433,0.9387784038,0.9386865547,0.9386290535,0.9385926037	-0.9617644558,-0.9423339775,-0.9411065338,-0.9401968,-0.9395859961,-0.9391932139,-0.9389453008,-0.9387901183	ok
-1.36773547	-34.97995992	-43.14436278	0.8622991487	continued:5	1,1,1,1,1,1,1,1	-1,-1,-1,-1,-1,-1,-1,-1	1001.397129,8695.825887,16355.29192,24014.58553,31674.00504,39333.59337,46993.32213,54653.15221	5368.128222,19258.47658,26928.67072,34591.03977,42250.9263,49910.24142,57569.58117,65229.08369	0.1798741807,0.9398944139,0.9394062716,0.9390937394,0.938895787,0.9387715112,0.9386934923,0.9386446658	-0.9617524483,-0.9423457092,-0.9411400024,-0.9402404819,-0.9396318984,-0.9392375703,-0.9389868497,-0.9388287831	ok
-1.36573146	-34.97995992	-43.66190004	0.8624663330	continued:5	1,1,1,1,1,1,1,1	-1,-1,-1,-1,-1,-1,-1,-1	2140.892515,9800.936709,17460.9621,25121.13819,32781.47013,40441.92397,48102.4641,55763.06214	5366.988816,19258.29596,26929.33657,34592.54609,42253.19927,49913.22889,57573.25636,65233.43543	0.9437228916,0.9392880578,0.9390324071,0.938869968,0.9387668846,0.9387024098,0.938661338,0.9386361355	-0.9617404404,-0.9423572535,-0.9411732851,-0.9402841593,-0.9396779823,-0.9392822194,-0.9390287298,-0.9388677663	ok
-1.36372745	-34.97995992	-44.10676363	0.8596729841	continued:5	1,1,1,1,1,1,1,1	-1,-1,-1,-1,-1,-1,-1,-1	2570.109512,10230.83689,17891.58071,25552.47227,33213.51176,40874.66654,48535.90301,56197.19496	5365.858801,19258.15502,26930.05046,34594.11298,42255.54617,49916.30263,57577.02895,65237.89482	0.9406915499,0.9392772738,0.9390392744,0.9388867037,0.9387892696,0.9387276702,0.9386893729,0.9386638416	-0.9617284321,-0.9423686055,-0.9412063756,-0.9403278271,-0.9397242474,-0.9393271671,-0.9390709504,-0.9389070815	ok
-1.36172345	-34.97995992	-44.53840389	0.8568796352	continued:5	1,1,1,1,1,1,1,1	-1,-1,-1,-1,-1,-1,-1,-1	2819.611912,10481.05902,18142.51848,25804.11817,33465.86056,41127.71544,48789.65099,56451.64148	5364.738109,19258.0533,26930.81186,34595.73995,42257.96661,49919.46243,57580.8989,65242.46193	0.9410822461,0.939298707,0.9390661902,0.938916232,0.9388199729,0.9387589725,0.9387194121,0.9386941007	-0.9617164233,-0.9423797609,-0.9412392678,-0.9403714797,-0.9397706928,-0.9393724181,-0.9391135219,-0.9389467411	ok
-1.35971944	-34.97995992	-44.96450826	0.8544206549	continued:5	-1,-1,-1,-1,-1,-1,-1,-1	-1,-1,-1,-1,-1,-1,-1,-1	3016.91907,10679.09762,18341.28081,26003.59618,33666.04934,41328.61277,48991.25593,56653.95385	5363.626673,19257.99035,26931.62024,34597.42647,42260.46023,49922.70809,57584.86615,65247.13684	-0.937473388,-0.9393246649,-0.9390957508,-0.9389476551,-0.9388520457,-0.938790086,-0.9387498468,-0.9387248612	-0.9617044141,-0.9423907149,-0.9412719549,-0.9404151112,-0.9398173172,-0.9394179775,-0.9391564543,-0.9389867591	ok
-1.35771543	-34.97995992	-45.38528284	0.8522960431	continued:5	-1,-1,-1,-1,-1,-1,-1,-1	-1,-1,-1,-1,-1,-1,-1,-1	3135.219525,10798.13936,18461.05587,26124.09665,33787.27039,41450.55187,49113.91205,56777.32718	5362.524425,19257.9657,26932.47508,34599.17204,42263.02663,49926.03941,57588.93067,65251.91963	-0.9233934654,-0.939350388,-0.9391254062,-0.9389789319,-0.9388831748,-0.9388210168,-0.9387817421,-0.9387555611	-0.9616924043,-0.9424014626,-0.9413044303,-0.9404587161,-0.9398641201,-0.9394638503,-0.9391997582,-0.9390271492	ok
-1.35571142	-34.97995992	-45.79906396	0.8507124509	continued:5	-1,-1,-1,-1,-1,-1,-1,-1	-1,-1,-1,-1,-1,-1,-1,-1	3279.860658,10943.53122,18607.19073,26270.96675,33934.87081,41598.87998,49262.96715,56927.10898	5361.431299,19257.97892,26933.37585,34600.97613,42265.66544,49929.4562,57593.09245,65256.81044	-0.9368149006,-0.939375686,-0.9391550323,-0.9390101629,-0.9389145039,-0.9388529978,-0.9388123462,-0.9387854477	-0.9616803939,-0.9424119994,-0.9413366873,-0.9405022876,-0.9399110995,-0.9395100417,-0.9392434439,-0.939067926	ok
-1.35370741	-34.97995992	-46.20096575	0.8496698785	continued:5	-1,-1,-1,-1,-1,-1,-1,-1	-1,-1,-1,-1,-1,-1,-1,-1	3440.317245,11104.74812,18769.16043,26433.68148,34098.32556,41763.07228,49427.89596,57092.77398	5360.347228,19258.02956,26934.32203,34602.83821,42268.37626,49932.95825,57597.35147,65261.80937	-0.938931606,-0.9394016219,-0.9391847476,-0.9390414397,-0.9389463976,-0.9388845041,-0.9388429627,-0.9388168114	-0.9616683829,-0.9424223203,-0.9413687187,-0.9405458193,-0.9399582535,-0.939556556,-0.9392875222,-0.9391091044	ok
-1.35170341	-34.97995992	-46.58576795	0.8489616745	continued:5	1,1,1,1,1,1,1,1	-1,-1,-1,-1,-1,-1,-1,-1	3485.498396,11150.69917,18815.87418,26481.1504,34146.54449,41812.03872,49477.60862,57143.23279	5359.272148,19258.11716,26935.31308,34604.75775,42271.1587,49936.54536,57601.70772,65266.91659	0.9413925794,0.9394269806,0.9392141374,0.939072214,0.9389780281,0.9389152763,0.9388740889,0.9388466284	-0.9616563714,-0.9424324206,-0.9414005177,-0.9405893042,-0.9400055804,-0.9396033981,-0.9393320042,-0.9391506993	ok
-1.34969940	-34.97995992	-46.95018009	0.8487944903	full	-1,-1,-1,-1,-1,-1,-1,-1	-1,-1,-1,-1,-1,-1,-1,-1	3586.584351,11252.56393,18918.51159,26584.553,34250.70718,41916.95875,49583.28479,57249.66468	5358.205994,19258.24129,26936.34848,34606.7342,42274.01233,49940.21734,57606.1612,65272.13226	-0.9379851694,-0.9394523459,-0.9392432636,-0.9391028628,-0.9390094242,-0.9389466665,-0.9389051311,-0.9388778782	-0.9616443591,-0.9424422953,-0.941432077,-0.9406327353,-0.9400530777,-0.9396505725,-0.9393769004,-0.939192727	ok
-1.34769539	-34.97995992	-41.61254978	0.8646976845	continued:5	1,1,1,1,1,1,1,1	-1,-1,-1,-1,-1,-1,-1,-1	8044.733907,15714.28626,23381.79245,31048.63498,38715.35549,46382.13896,54049.02937,61716.02	5357.148703,19258.40149,26937.42769,34608.76701,42276.93675,49943.97398,57610.71192,65277.45656	0.9410846297,0.9403947949,0.939902458,0.9395615151,0.9393293568,0.9391728609,0.9390666366,0.9389962548	-0.9616323463,-0.9424519396,-0.9414633889,-0.9406761049,-0.9401007423,-0.9396980836,-0.9394222222,-0.939235203	ok
-1.34569138	-34.97995992	-42.47238315	0.8619043356	continued:5	1,1,1,1,1,1,1,1	-1,-1,-1,-1,-1,-1,-1,-1	8285.3282,15954.50409,23622.42074,31289.97219,38957.49912,46625.11047,54292.82438,61960.6281	5356.100212,19258.59733,26938.55017,34610.85561,42279.93152,49947.81506,57615.3599,65282.8897	0.9407533349,0.9401726599,0.9397630078,0.9394792437,0.9392861781,0.9391547017,0.939065228,0.9390046635	-0.9616203327,-0.9424613482,-0.941494446,-0.9407194052,-0.9401485711,-0.9397459353,-0.9394679805,-0.9392781446	ok
-1.34368737	-34.97995992	-43.10390357	0.8591109867	continued:5	1,1,1,1,1,1,1,1	-1,-1,-1,-1,-1,-1,-1,-1	8526.327086,16195.57059,23864.06946,31532.39231,39200.74806,46869.19617,54537.73937,62206.36185	5355.060457,19258.82835,26939.71539,34612.99944,42282.9962,49951.74037,57620.10515,65288.43189	0.940472672,0.9399886981,0.9396493052,0.9394143058,0.9392528573,0.9391432143,0.9390680504,0.9390168584	-0.9616083183,-0.9424705163,-0.9415252405,-0.9407626282,-0.9401965611,-0.9397941318,-0.9395141869,-0.939321568	ok
-1.34168337	-34.97995992	-43.64507648	0.8563176378	continued:5	1,1,1,1,1,1,1,1	-1,-1,-1,-1,-1,-1,-1,-1	8781.447339,16451.07946,24120.28064,31789.4159,39458.61312,47127.90252,54797.27821,62466.72381	5354.029378,19259.0941,26940.92279,34615.1979,42286.13033,49955.74968,57624.9477,65294.08337	0.9402526829,0.9398481038,0.9395647835,0.9393683383,0.9392326903,0.9391396662,0.9390760038,0.9390321716	-0.9615963031,-0.9424794387,-0.9415557645,-0.9408057651,-0.9402447079,-0.9398426767,-0.9395608528,-0.9393654918	ok
-1.33967936	-34.97995992	-44.14284489	0.8570258418	continued:5	1,1,1,1,1,1,1,1	-1,-1,-1,-1,-1,-1,-1,-1	2616.496482,10286.51688,17956.47548,25626.49192,33296.59579,40966.78219,48637.03612,56307.34145	5353.006912,19259.39413,26942.17182,34617.4504,42289.33344,49959.84276,57629.88756,65299.8444	0.9411493388,0.9395788893,0.9393892034,0.9392585079,0.9391677621,0.9391050679,0.9390612275,0.9390314701	-0.9615842871,-0.9424881104,-0.9415860099,-0.9408488072,-0.940293007,-0.9398915735,-0.9396079894,-0.9394099331	ok
-1.33767535	-34.97995992	-44.57785404	0.8542324929	continued:5	-1,-1,-1,-1,-1,-1,-1,-1	-1,-1,-1,-1,-1,-1,-1,-1	2895.367878,10566.22377,18237.01447,25907.85668,33578.78131,41249.78521,48920.85466,56591.97497	5351.993,19259.72798,26943.46193,34619.75632,42292.60502,49964.01935,57634.92477,65305.71524	-0.9391824896,-0.9396025332,-0.939417275,-0.9392887302,-0.9391983213,-0.9391354815,-0.9390928104,-0.9390621236	-0.9615722703,-0.942496526,-0.9416159685,-0.940891745,-0.940341454,-0.9399408251,-0.9396556084,-0.9394549108	ok
-1.33567134	-34.97995992	-45.00622161	0.8515668614	continued:5	-1,-1,-1,-1,-1,-1,-1,-1	-1,-1,-1,-1,-1,-1,-1,-1	2977.344487,10649.04648,18320.67913,25992.35707,33664.11231,41335.94349,49007.83874,56679.78368	5350.987581,19260.0952,26944.79253,34622.11503,42295.94459,49968.27919,57640.05935,65311.69617	-0.8671662653,-0.9396262652,-0.9394456857,-0.9393190444,-0.9392294816,-0.9391675587,-0.9391231216,-0.9390932996	-0.9615602527,-0.9425046803,-0.9416456318,-0.940934569,-0.9403900435,-0.9399904344,-0.9397037215,-0.9395004436	ok
-1.33366733	-34.97995992	-45.43036963	0.8494422496	continued:5	1,1,1,1,1,1,1,1	-1,-1,-1,-1,-1,-1,-1,-1	3102.309885,10774.86795,18447.35256,26119.87627,33792.47204,41465.14065,49137.87127,56810.65104	5349.990597,19260.49531,26946.16306,34624.52588,42299.35159,49972.62201,57645.29131,65317.78751	0.9479583875,0.9396508505,0.9394745478,0.9393493776,0.9392613422,0.9391988608,0.9391552739,0.9391234427	-0.9615482341,-0.9425125679,-0.941674991,-0.9409772692,-0.9404387694,-0.9400404039,-0.9397523398,-0.9395465511	ok
-1.33166333	-34.97995992	-45.84622575	0.8478586575	continued:5	-1,-1,-1,-1,-1,-1,-1,-1	-1,-1,-1,-1,-1,-1,-1,-1	3253.962785,10927.38652,18600.73319,26274.11277,33947.55937,41621.07554,49294.6517,56968.27602	5349.001987,19260.92784,26947.57294,34626.98822,42302.82547,49977.04751,57650.62069,65323.98957	-0.9349109779,-0.9396751034,-0.9395026374,-0.9393795903,-0.9392926737,-0.9392300496,-0.9391865655,-0.9391553224	-0.9615362147,-0.9425201836,-0.9417040375,-0.9410198351,-0.9404876258,-0.9400907356,-0.9398014751,-0.9395932531	ok
-1.32965932	-34.97995992	-46.24895967	0.8468160850	continued:5	-1,-1,-1,-1,-1,-1,-1,-1	-1,-1,-1,-1,-1,-1,-1,-1	3421.561756,11095.8613,18770.07996,26444.32557,34118.63315,41793.00694,49467.43882,57141.91772	5348.021694,19261.39231,26949.02155,34629.50135,42306.36566,49981.55538,57656.04749,65330.30268	-0.9390311226,-0.9396992229,-0.9395310681,-0.9394100151,-0.9393240711,-0.9392615143,-0.9392171088,-0.9391860423	-0.9615241943,-0.9425275218,-0.9417327624,-0.9410622556,-0.9405366055,-0.940141431,-0.9398511387,-0.9396405699	ok
-1.32765531	-34.97995992	-46.63342608	0.8461078811	continued:5	1,1,1,1,1,1,1,1	-1,-1,-1,-1,-1,-1,-1,-1	3456.450008,11131.63506,18806.73584,26481.8578,34157.03678,41832.2785,49507.57618,57182.91999	5347.049661,19261.88824,26950.50831,34632.06458,42309.97155,49986.14527,57661.57173,65336.72718	0.9418728909,0.9397233567,0.9395592862,0.9394403244,0.9393552729,0.939293044,0.9392492527,0.9392168968	-0.9615121729,-0.9425345768,-0.941761156,-0.9411045198,-0.940585701,-0.9401924918,-0.9399013422,-0.9396885223	ok
-1.32565130	-34.97995992	-46.99643978	0.8459406968	full	-1,-1,-1,-1,-1,-1,-1,-1	-1,-1,-1,-1,-1,-1,-1,-1	3568.175769,11244.2553,18920.24824,26596.25692,34272.31775,41948.4377,49624.61162,57300.83043	5346.08583,19262.41513,26952.03258,34634.67717,42313.64249,49990.81683,57667.19339,65343.26344	-0.9380788547,-0.9397472958,-0.9395872988,-0.9394704086,-0.9393860217,-0.93932503,-0.9392805988,-0.9392479597	-0.9615001506,-0.9425413433,-0.9417892094,-0.9411466155,-0.9406349043,-0.9402439179,-0.9399520969,-0.939737131	ok
-1.32364729	-34.97995992	-41.68597361	0.8627190561	continued:5	1,1,1,1,1,1,1,1	-1,-1,-1,-1,-1,-1,-1,-1	8039.080469,15719.94953,23398.54257,31076.0622,38753.12744,46430.03913,54106.93414,61783.86738	5345.130145,19262.97246,26953.59374,34637.33837,42317.37782,49995.56966,57672.91246,65349.91182	0.9413573549,0.940817125,0.9403968325,0.9400792147,0.9398422421,0.9396678683,0.9395395388,0.939445711	-0.9614881272,-0.9425478157,-0.9418169127,-0.9411885307,-0.9406842065,-0.94029571,-0.9400034137,-0.9397864185	ok
-1.32164329	-34.97995992	-42.52327887	0.8599257072	continued:5	1,1,1,1,1,1,1,1	-1,-1,-1,-1,-1,-1,-1,-1	8283.852756,15963.98202,23642.72544,31320.83935,38998.70639,46676.50969,54354.32959,62032.19554	5344.182551,19263.55973,26955.19114,34640.04742,42321.17684,50000.40333,57678.72892,65356.67271	0.9409983184,0.9405516561,0.9402095017,0.9399512714,0.9397593278,0.9396168883,0.9395112667,0.9394342853	-0.9614761028,-0.9425539879,-0.941844256,-0.9412302526,-0.9407335983,-0.9403478674,-0.9400553037,-0.9398364058	ok
-1.31963928	-34.97995992	-43.14609728	0.8571323583	continued:5	1,1,1,1,1,1,1,1	-1,-1,-1,-1,-1,-1,-1,-1	8536.556989,16216.56247,23895.76219,31574.61592,39253.35271,46932.07939,54610.84015,62289.64883	5343.24299,19264.1764,26956.82411,34642.80351,42325.0388,50005.3174,57684.64271,65363.5465	0.9406908679,0.9403294977,0.9400537797,0.9398465627,0.939692087,0.9395766858,0.9394915173,0.9394280832	-0.9614640773,-0.9425598543,-0.9418712295,-0.9412717679,-0.9407830697,-0.9404003891,-0.9401077774,-0.9398871162	ok
-1.31763527	-34.97995992	-43.68192092	0.8543390094	continued:5	1,1,1,1,1,1,1,1	-1,-1,-1,-1,-1,-1,-1,-1	8813.392352,16493.72674,24173.60312,31853.29992,39532.95332,47212.62444,54892.33661,62572.09441	5342.31141,19264.82191,26958.49197,34645.6058,42328.96293,50010.31136,57690.65377,65370.53357	0.9404493318,0.9401577629,0.939935978,0.9397691607,0.9396438045,0.9395505351,0.9394799911,0.9394284419	-0.9614520507,-0.9425654091,-0.9418978226,-0.9413130632,-0.9408326094,-0.9404532728,-0.9401608455,-0.9399385716	ok
-1.31563126	-34.97995992	-44.17532903	0.8541718252	continued:5	1,1,1,1,1,1,1,1	-1,-1,-1,-1,-1,-1,-1,-1	2531.04772,10211.75471,17892.36123,25572.95735,33253.58183,40934.24744,48614.95529,56295.70118	5341.387755,19265.49572,26960.19403,34648.45344,42332.9484,50015.38468,57696.762,65377.63434	0.9417780474,0.9398684915,0.9397282559,0.9396229957,0.9395427676,0.9394832826,0.9394388057,0.93940492	-0.961440023,-0.9425706461,-0.9419240251,-0.941354124,-0.9408822058,-0.9405065164,-0.9402145177,-0.9399907958	ok
-1.31362725	-34.97995992	-44.61630363	0.8513784763	continued:5	-1,-1,-1,-1,-1,-1,-1,-1	-1,-1,-1,-1,-1,-1,-1,-1	2852.029263,10533.68498,18215.24339,25896.78861,33578.35828,41259.96561,48941.61279,56623.29605	5340.471972,19266.19724,26961.92957,34651.34553,42336.99435,50020.53677,57702.96728,65384.84922	-0.9382355837,-0.9398875317,-0.9397525555,-0.9396503269,-0.9395720475,-0.9395138643,-0.9394686295,-0.93943521	-0.9614279942,-0.9425755592,-0.941949826,-0.9413949358,-0.9409318464,-0.9405601163,-0.9402688037,-0.9400438118	ok
-1.31162325	-34.97995992	-45.04915573	0.8487128448	continued:5	1,1,1,1,1,1,1,1	-1,-1,-1,-1,-1,-1,-1,-1	2938.805248,10621.4249,18303.94647,25986.45083,33668.97527,41351.53398,49034.12981,56716.75999	5339.564007,19266.92587,26963.69784,34654.28115,42341.09986,50025.76701,57709.26945,65392.17859	0.9452444557,0.9399108522,0.9397796587,0.9396798748,0.9396033174,0.9395451497,0.9395002419,0.9394672203	-0.9614159642,-0.9425801426,-0.9419752148,-0.9414354829,-0.9409815176,-0.940614068,-0.9403237129,-0.9400976432	ok
-1.30961924	-34.97995992	-45.47643287	0.8465882330	continued:5	1,1,1,1,1,1,1,1	-1,-1,-1,-1,-1,-1,-1,-1	3071.150521,10754.74404,18438.23901,26121.71293,33805.20271,41488.72327,49172.27822,56855.86594	5338.663808,19267.68099,26965.49808,34657.25933,42345.26397,50031.0747,57715.66833,65399.62288	0.9451040792,0.9399337508,0.939806517,0.9397093244,0.9396342806,0.9395765195,0.9395324455,0.9394986348	-0.961403933,-0.94258439,-0.9420001797,-0.9414757498,-0.9410312053,-0.9406683663,-0.9403792536,-0.940152314	ok
-1.30761523	-34.97995992	-45.89412696	0.8450046409	continued:5	-1,-1,-1,-1,-1,-1,-1,-1	-1,-1,-1,-1,-1,-1,-1,-1	3231.146996,10915.72428,18600.20277,26284.65671,33969.12249,41653.61551,49338.14022,57022.69586	5337.771322,19268.46197,26967.32951,34660.27908,42349.48565,50036.45909,57722.16367,65407.18247	-0.9323457676,-0.9399560108,-0.9398331952,-0.939738588,-0.9396646809,-0.9396073627,-0.9395637506,-0.9395300636	-0.9613919007,-0.9425882948,-0.9420247096,-0.94151572,-0.9410808942,-0.940723005,-0.940435434,-0.9402078479	ok
-1.30561122	-34.97995992	-46.29746595	0.8439620684	continued:5	-1,-1,-1,-1,-1,-1,-1,-1	-1,-1,-1,-1,-1,-1,-1,-1	3407.748727,11093.32019,18778.79267,26464.23714,34149.68944,41835.16542,49520.67047,57206.2045	5336.886499,19269.26813,26969.19129,34663.33934,42353.76382,50041.91937,57728.75518,65414.85776	-0.9391824914,-0.9399790064,-0.9398602397,-0.9397680323,-0.9396954398,-0.939639049,-0.9395955444,-0.9395619406	-0.9613798671,-0.9425918507,-0.9420487926,-0.9415553762,-0.9411305679,-0.9407779767,-0.940492261,-0.9402642696	ok
-1.30360721	-34.97995992	-46.68138539	0.8432538645	continued:5	1,1,1,1,1,1,1,1	-1,-1,-1,-1,-1,-1,-1,-1	3427.13035,11113.70602,18800.1826,26486.62813,34173.07767,41859.54734,49546.04347,57232.56672	5336.009286,19270.09878,26971.08259,34666.43904,42358.09734,50047.45467,57735.44253,65422.6491	0.9424731921,0.9400017401,0.9398870781,0.9397971529,0.9397258537,0.9396710084,0.9396276001,0.9395930096	-0.9613678323,-0.9425950513,-0.9420724169,-0.9415947008,-0.941180209,-0.9408332727,-0.9405497412,-0.9403216028	ok
-1.30160321	-34.97995992	-47.04281214	0.8430866802	full	-1,-1,-1,-1,-1,-1,-1,-1	-1,-1,-1,-1,-1,-1,-1,-1	3553.826508,11241.4152,18928.90595,26616.36302,34303.82046,41991.29482,49678.79278,57366.31574	5335.139633,19270.9532,26973.00253,34669.57703,42362.48499,50053.064,57742.22532,65430.55685	-0.9382909914,-0.9400238457,-0.9399134328,-0.9398259138,-0.9397563702,-0.9397015149,-0.9396586769,-0.9396251233	-0.9613557962,-0.9425978901,-0.9420955699,-0.9416336758,-0.941229799,-0.9408888831,-0.9406078802,-0.9403798714	ok
-1.29959920	-34.97995992	-41.76190550	0.8607365371	continued:5	1,1,1,1,1,1,1,1	-1,-1,-1,-1,-1,-1,-1,-1	8030.464443,15724.17488,23415.70351,31105.88244,38795.25655,46484.16946,54172.83208,61861.3701	5334.27749,19271.83062,26974.95019,34672.75215,42366.92549,50058.74634,57749.10307,65438.58134	0.9416035989,0.9412204316,0.9408952549,0.940625996,0.9404058152,0.9402283032,0.9400852795,0.9399706586	-0.9613437588,-0.9426003599,-0.9421182395,-0.9416722822,-0.9412793186,-0.9409447964,-0.940666682,-0.9404390999	ok
-1.29759519	-34.97995992	-42.57656474	0.8579431882	continued:5	1,1,1,1,1,1,1,1	-1,-1,-1,-1,-1,-1,-1,-1	8279.60013,15972.09798,23663.30935,31353.73897,39043.71074,46733.42669,54423.01002,62112.5336	5333.422807,19272.73026,26976.92462,34675.96315,42371.41749,50064.50055,57756.07523,65446.72285	0.9412130842,0.940903135,0.9406449753,0.9404329085,0.9402599613,0.9401205459,0.9400078815,0.939916824	-0.9613317201,-0.9426024543,-0.9421404128,-0.9417105002,-0.9413287467,-0.9410010001,-0.9407261501,-0.9404993114	ok
-1.29559118	-34.97995992	-43.19027715	0.8551498394	continued:5	1,1,1,1,1,1,1,1	-1,-1,-1,-1,-1,-1,-1,-1	8547.084941,16239.21447,23930.63456,31621.63206,39312.38865,47003.01683,54693.58444,62384.13118	5332.575534,19273.65129,26978.92483,34679.20875,42375.95953,50070.32539,57763.14116,65454.98162	0.940875743,0.9406347222,0.9404354776,0.940272185,0.940139206,0.9400313013,0.9399440938,0.9398735254	-0.9613196801,-0.9426041662,-0.9421620765,-0.9417483096,-0.9413780614,-0.94105748,-0.9407862867,-0.9405605297	ok
-1.29358717	-34.97995992	-43.72044587	0.8523564905	continued:5	1,1,1,1,1,1,1,1	-1,-1,-1,-1,-1,-1,-1,-1	8856.322759,16548.70965,24240.72188,31932.51696,39624.1938,47315.81321,55007.41135,62699.00884	5331.735623,19274.59282,26980.94978,34682.4876,42380.55011,50076.21952,57770.30012,65463.35786	0.9406094784,0.9404257327,0.9402742844,0.9401499553,0.9400486115,0.9399656979,0.9398981993,0.939843514	-0.9613076388,-0.9426054887,-0.9421832174,-0.9417856898,-0.9414272395,-0.9411142198,-0.9408470916,-0.9406227774	ok
-1.29158317	-34.97995992	-44.20926408	0.8513139180	continued:5	1,1,1,1,1,1,1,1	-1,-1,-1,-1,-1,-1,-1,-1	2425.428004,10118.25144,17810.97391,25503.64941,33196.30763,40888.96595,48581.63398,56274.31607	5330.903026,19275.55395,26982.9984,34685.7983,42385.18759,50082.18149,57777.55128,65471.85171	0.9433547726,0.9401414216,0.9400498582,0.9399739351,0.9399123117,0.9398621209,0.9398203777,0.9397865905	-0.9612955961,-0.9426064144,-0.9422038218,-0.9418226187,-0.9414762562,-0.9411712018,-0.9409085645,-0.9406860766	ok
-1.28957916	-34.97995992	-44.65599096	0.8485205691	continued:5	-1,-1,-1,-1,-1,-1,-1,-1	-1,-1,-1,-1,-1,-1,-1,-1	2804.488593,10498.37131,18192.16421,25885.91206,33579.64211,41273.37065,48967.10671,56660.85492	5330.077694,19276.5337,26985.06953,34689.13935,42389.87026,50088.20972,57784.89365,65480.46321	-0.9112354326,-0.9401544081,-0.9400679473,-0.9399964499,-0.9399378172,-0.9398890687,-0.9398489854,-0.9398159328	-0.961283552,-0.9426069364,-0.9422238756,-0.941859074,-0.9415250856,-0.9412284062,-0.9409707017,-0.9407504489	ok
-1.28757515	-34.97995992	-45.09312544	0.8458549377	continued:5	1,1,1,1,1,1,1,1	-1,-1,-1,-1,-1,-1,-1,-1	2895.966988,10590.93472,18285.81425,25980.64775,33675.4611,41370.27005,49065.08401,56759.90791	5329.259581,19277.53104,26987.162,34692.50922,42394.5963,50094.3025,57792.32615,65489.19236	0.9438465685,0.9401754838,0.9400933373,0.9400244404,0.9399671328,0.9399204018,0.9398812362,0.9398487182	-0.9612715065,-0.9426070469,-0.9422433644,-0.9418950327,-0.9415737001,-0.9412858114,-0.9410334988,-0.9408159146	ok
-1.28557114	-34.97995992	-45.52333317	0.8437303259	continued:5	1,1,1,1,1,1,1,1	-1,-1,-1,-1,-1,-1,-1,-1	3037.281703,10733.34394,18429.32034,26125.24993,33821.15733,41517.05781,49212.96086,56908.87161	5328.448638,19278.5449,26989.27455,34695.90628,42399.36378,50100.45797,57799.84752,65498.03903	0.94457247,0.9401966274,0.9401181765,0.9400524167,0.9399970955,0.9399513645,0.9399125039,0.9398801423	-0.9612594596,-0.9426067385,-0.9422622738,-0.9419304708,-0.9416220707,-0.9413433934,-0.9410969486,-0.940882493	ok
-1.28356713	-34.97995992	-45.94266995	0.8421467338	continued:5	-1,-1,-1,-1,-1,-1,-1,-1	-1,-1,-1,-1,-1,-1,-1,-1	3208.250241,10905.41689,18602.50053,26299.53681,33996.54912,41693.55217,49390.55529,57087.56387	5327.64482,19279.57411,26991.40586,34699.32882,42404.17066,50106.67411,57807.45635,65507.00297	-0.924833031,-0.9402176038,-0.9401425966,-0.9400799658,-0.9400264243,-0.9399815935,-0.9399439054,-0.9399126873	-0.9612474113,-0.9426060036,-0.9422805889,-0.9419653637,-0.9416701669,-0.9414011256,-0.9411610411,-0.9409502015	ok
-1.28156313	-34.97995992	-46.34642603	0.8411041613	continued:5	-1,-1,-1,-1,-1,-1,-1,-1	-1,-1,-1,-1,-1,-1,-1,-1	3397.387711,11095.66988,18793.87169,26492.02563,34190.15386,41888.27042,49586.38476,57284.50243	5326.84808,19280.61745,26993.55454,34702.77505,42409.01476,50112.94874,57815.15104,65516.08382	-0.9393246337,-0.9402391738,-0.9401675531,-0.9401078173,-0.9400560297,-0.9400130448,-0.9399762076,-0.9399453304	-0.9612353615,-0.9426048346,-0.9422982939,-0.941999686,-0.9417179562,-0.9414589798,-0.9412257649,-0.9410190562	ok
-1.27955912	-34.97995992	-46.72962420	0.8403959573	continued:5	1,1,1,1,1,1,1,1	-1,-1,-1,-1,-1,-1,-1,-1	3392.199683,11091.60812,18790.93807,26490.22025,34189.47515,41888.7164,49587.95319,57287.19118	5326.058373,19281.67363,26995.71912,34706.24308,42413.89377,50119.27951,57822.9298,65525.28104	0.9432195373,0.94025998,0.940192574,0.9401351732,0.9400857027,0.9400439739,0.9400077901,0.9399772303	-0.9612233103,-0.9426032231,-0.9423153735,-0.9420334112,-0.9417654048,-0.9415169242,-0.9412911042,-0.9410890709	ok
-1.27755511	-34.97995992	-47.08931040	0.8402287731	full	-1,-1,-1,-1,-1,-1,-1,-1	-1,-1,-1,-1,-1,-1,-1,-1	3541.589115,11242.13179,18942.59971,26643.0204,34343.4127,42043.7896,49744.16003,57444.52955	5325.275653,19282.74125,26997.89805,34709.73093,42418.80524,50125.66385,57830.79061,65534.59391	-0.9384041815,-0.9402795004,-0.9402164065,-0.9401618271,-0.9401146942,-0.9400743193,-0.9400390321,-0.9400096852	-0.9612112576,-0.9426011615,-0.9423318115,-0.9420665122,-0.9418124772,-0.9415749247,-0.9413570408,-0.9411602575	ok
-1.27555110	-34.97995992	-41.84227050	0.8587551403	continued:5	1,1,1,1,1,1,1,1	-1,-1,-1,-1,-1,-1,-1,-1	8017.695923,15725.70564,23432.06832,31137.15084,38841.25563,46544.62497,54247.44833,61949.87142	5324.499876,19283.81883,27000.08968,34713.23649,42423.74657,50132.09899,57838.73121,65544.02151	0.9418170798,0.9415934829,0.9413876295,0.9412000445,0.9410315166,0.9408810612,0.9407481559,0.9406313464	-0.9611992033,-0.9425986412,-0.9423475914,-0.9420989611,-0.9418591357,-0.9416329446,-0.9414235531,-0.9412326245	ok
-1.27354709	-34.97995992	-42.63346872	0.8559617914	continued:5	1,1,1,1,1,1,1,1	-1,-1,-1,-1,-1,-1,-1,-1	8271.042852,15977.25871,23682.55136,31387.13767,39091.19005,46794.84327,54498.20133,62201.34357	5323.730997,19284.90479,27002.29225,34716.75756,42428.71501,50138.58196,57846.74907,65553.56269	0.9413902425,0.9412145524,0.9410558523,0.9409133092,0.9407860655,0.9406732167,0.9405737639,0.9404862816	-0.9611871476,-0.9425956539,-0.9423626964,-0.9421307289,-0.9419053413,-0.9416909433,-0.9414906153,-0.9413061778	ok
-1.27154309	-34.97995992	-43.23734980	0.8531684426	continued:5	1,1,1,1,1,1,1,1	-1,-1,-1,-1,-1,-1,-1,-1	8558.344631,16263.91225,23969.01784,31673.77292,39378.26468,47082.56039,54786.7118,62490.75837	5322.968971,19285.99741,27004.50391,34720.29179,42433.70762,50145.1095,57854.84136,65563.216	0.9410187324,0.9408900874,0.9407747726,0.9406721282,0.9405804841,0.9404998606,0.9404286729,0.9403654937	-0.9611750903,-0.9425921915,-0.9423771096,-0.9421617859,-0.9419510524,-0.9417488778,-0.9415581978,-0.941380919	ok
-1.26953908	-34.97995992	-43.76135496	0.8503750937	continued:5	1,1,1,1,1,1,1,1	-1,-1,-1,-1,-1,-1,-1,-1	8923.248774,16629.02023,24334.58164,32039.98453,39745.26887,47450.46561,55155.5986,62860.68565	5322.213756,19287.09489,27006.72267,34723.8367,42438.72127,50151.67813,57863.00494,65572.97971	0.9407262314,0.9406373228,0.9405574269,0.9404860652,0.9404229339,0.9403672298,0.9403170752,0.9402732923	-0.9611630315,-0.9425882447,-0.9423908131,-0.9421921012,-0.9419962259,-0.9418067008,-0.941626266,-0.9414568463	ok
-1.26753507	-34.97995992	-44.24520659	0.8484571330	continued:5	1,1,1,1,1,1,1,1	-1,-1,-1,-1,-1,-1,-1,-1	2290.511612,9996.926348,17703.26071,25409.5478,33115.80072,40822.02933,48528.24124,56234.44202	5321.465307,19288.19524,27008.94639,34727.38967,42443.75266,50158.28408,57871.23631,65582.85172	0.9482460144,0.9403965439,0.9403489087,0.9403072317,0.9402695798,0.9402360043,0.9402055424,0.9401788183	-0.9611509712,-0.9425838052,-0.9424037887,-0.9422216436,-0.9420408167,-0.9418643621,-0.9416947807,-0.9415339524	ok
-1.26553106	-34.97995992	-44.69735380	0.8456637841	continued:5	1,1,1,1,1,1,1,1	-1,-1,-1,-1,-1,-1,-1,-1	2755.614062,10463.18652,18170.70407,25878.1809,33585.62749,41293.05203,49000.46093,56707.85914	5320.723583,19289.29636,27011.17283,34730.94791,42448.79825,50164.92326,57879.53158,65592.82953	0.9469204574,0.9403991666,0.9403568111,0.940318957,0.9402852444,0.9402550595,0.9402276852,0.9402025761	-0.9611389092,-0.9425788636,-0.9424160181,-0.9422503801,-0.9420847771,-0.9419218071,-0.9417636972,-0.9416122252	ok
-1.26352705	-34.97995992	-45.13847065	0.8429981527	continued:5	1,1,1,1,1,1,1,1	-1,-1,-1,-1,-1,-1,-1,-1	2851.131622,10559.91297,18268.64248,25977.33306,33685.9939,41394.63236,49103.25424,56811.86408	5319.98854,19290.39595,27013.39953,34734.50846,42453.85428,50171.59129,57887.88642,65602.91019	0.9443064917,0.9404191603,0.9403804788,0.9403451992,0.9403132977,0.940284403,0.9402584536,0.9402353569	-0.9611268457,-0.9425734107,-0.9424274823,-0.9422782774,-0.942128058,-0.9419789777,-0.9418329653,-0.9416916458	ok
-1.26152305	-34.97995992	-45.57132650	0.8408735409	continued:5	1,1,1,1,1,1,1,1	-1,-1,-1,-1,-1,-1,-1,-1	3004.110174,10714.10928,18424.06041,26133.97474,33843.86027,41553.72341,49263.56935,56973.40249	5319.260137,19291.49155,27015.62388,34738.06815,42458.91677,50178.28341,57896.29607,65613.09024	0.9452564345,0.9404376157,0.9404027503,0.9403704762,0.9403407181,0.940313671,0.9402896584,0.9402672698	-0.9611147805,-0.9425674375,-0.942438162,-0.9423053006,-0.942170607,-0.9420358111,-0.941902528,-0.9417721892	ok
-1.25951904	-34.97995992	-45.99203726	0.8392899487	continued:5	-1,-1,-1,-1,-1,-1,-1,-1	-1,-1,-1,-1,-1,-1,-1,-1	3190.971207,10902.19825,18613.38167,26324.53038,34035.65144,41746.75036,49457.83187,57168.8998	5318.538332,19292.58048,27017.84306,34741.62363,42463.98145,50184.99452,57904.75523,65623.36563	-0.9228332772,-0.9404567393,-0.9404242844,-0.9403951392,-0.9403678883,-0.9403429399,-0.9403200648,-0.9402989062	-0.9611027138,-0.9425609341,-0.9424480373,-0.9423314144,-0.9422123707,-0.9420922402,-0.9419723219,-0.941853822	ok
-1.25751503	-34.97995992	-46.39595777	0.8382473763	continued:5	-1,-1,-1,-1,-1,-1,-1,-1	-1,-1,-1,-1,-1,-1,-1,-1	3399.602443,11112.06948,18824.49677,26536.89167,34249.25992,41961.60641,49673.93534,57386.25014	5317.823083,19293.65983,27020.05403,34745.17129,42469.04376,50191.71909,57913.25807,65633.73168	-0.9396130599,-0.940476477,-0.940447435,-0.9404202476,-0.9403954801,-0.9403727947,-0.9403515839,-0.9403314976	-0.9610906454,-0.9425538909,-0.9424570875,-0.9423565816,-0.9422532921,-0.942148194,-0.9420422764,-0.9419365022	ok
-1.25551102	-34.97995992	-46.77820353	0.8375391723	continued:5	1,1,1,1,1,1,1,1	-1,-1,-1,-1,-1,-1,-1,-1	3351.180664,11064.89915,18778.5801,26492.23118,34205.85702,41919.46188,49633.04944,57346.62237	5317.114349,19294.72644,27022.25349,34748.70728,42474.09886,50198.45119,57921.79812,65644.18294	0.9444477814,0.9404954527,0.9404694755,0.9404446339,0.94042251,0.9404017425,0.940381544,0.9403639177	-0.9610785753,-0.9425462981,-0.942465292,-0.942380765,-0.9422933128,-0.9422035958,-0.9421123131,-0.9420201781	ok
-1.25350701	-34.97995992	-47.13594580	0.8373719881	full	-1,-1,-1,-1,-1,-1,-1,-1	-1,-1,-1,-1,-1,-1,-1,-1	3539.340147,11254.3164,18969.26057,26684.17748,34399.07106,42113.94483,49828.80174,57543.64429	5316.41209,19295.77687,27024.4379,34752.22746,42479.14155,50205.1844,57930.36831,65654.71318	-0.9387709012,-0.9405132507,-0.9404897741,-0.9404682539,-0.9404486391,-0.940429759,-0.9404117184,-0.9403949269	-0.9610665037,-0.9425381452,-0.9424726294,-0.942403925,-0.9423323716,-0.9422583643,-0.9421823448,-0.9421047866	ok
-1.25150301	-34.97995992	-40.34227218	0.8591960103	continued:5	1,1,1,1,1,1,1,1	-1,-1,-1,-1,-1,-1,-1,-1	7641.25858,15375.50373,23109.29307,30842.59387,38575.3737,46307.60113,54039.24633,61770.28165	5315.716266,19296.80735,27026.60336,34755.72737,42484.16628,50211.91182,57938.9608,65665.3152	0.9428276212,0.9427995064,0.9427688747,0.942735328,0.9426990811,0.9426600144,0.9426180577,0.9425733876	-0.9610544302,-0.9425294221,-0.9424790777,-0.9424260222,-0.9423704045,-0.9423124133,-0.9422522758,-0.9421902531	ok
-1.24949900	-34.97995992	-41.90965643	0.8564026615	continued:5	1,1,1,1,1,1,1,1	-1,-1,-1,-1,-1,-1,-1,-1	7980.833614,15706.63555,23431.91561,31156.68464,38880.95604,46604.74545,54328.07023,62050.94957	5315.026836,19297.81377,27028.74566,34759.20224,42489.16711,50218.626,57947.567,65675.98082	0.9420845149,0.9420319448,0.9419783416,0.9419241454,0.9418695133,0.9418142115,0.9417593321,0.9417043173	-0.9610423552,-0.9425201183,-0.9424846141,-0.942447015,-0.9424073452,-0.9423656508,-0.9423220011,-0.9422764889	ok
-1.24749499	-34.97995992	-42.68612294	0.8536093126	continued:5	1,1,1,1,1,1,1,1	-1,-1,-1,-1,-1,-1,-1,-1	8228.846964,15951.85084,23674.55609,31396.97673,39119.12676,46841.0204,54562.67171,62284.09454	5314.343761,19298.79161,27030.8602,34762.64686,42494.13765,50225.31893,57956.17748,65686.70066	0.9416089326,0.9415651938,0.9415220982,0.9414791362,0.9414369854,0.9413952523,0.9413540222,0.9413138838	-0.9610302785,-0.9425102228,-0.9424892155,-0.9424668611,-0.9424431251,-0.9424179797,-0.9423914052,-0.9423633906	ok
-1.24549098	-34.97995992	-43.28427908	0.8508159637	continued:5	1,1,1,1,1,1,1,1	-1,-1,-1,-1,-1,-1,-1,-1	8525.444771,16247.30554,23969.03699,31690.64634,39412.14059,47133.52642,54854.81035,62575.99855	5313.667002,19299.73594,27032.94195,34766.05562,42499.07103,50231.98194,57964.78188,65697.46409	0.9411901234,0.9411609649,0.941132436,0.941104544,0.9410772935,0.941050859,0.9410249739,0.9409996289	-0.9610182,-0.9424997249,-0.9424928585,-0.9424855168,-0.9424776723,-0.9424692969,-0.942460362,-0.9424508383	ok
-1.24348697	-34.97995992	-43.80484832	0.8480226148	continued:5	1,1,1,1,1,1,1,1	-1,-1,-1,-1,-1,-1,-1,-1	8963.372473,16685.3165,24407.21832,32129.08002,39850.90397,47572.69218,55294.4465,63016.16898	5312.99652,19300.64127,27034.98536,34769.42243,42503.95986,50238.60572,57973.36887,65708.25904	0.9408602846,0.9408444597,0.9408286306,0.9408137607,0.9407988862,0.9407840932,0.9407704311,0.9407567349	-0.9610061198,-0.9424886131,-0.9424955183,-0.942502937,-0.9425109127,-0.9425194938,-0.9425287342,-0.9425386934	ok
-1.24148297	-34.97995992	-44.28582283	0.8453569834	continued:5	1,1,1,1,1,1,1,1	-1,-1,-1,-1,-1,-1,-1,-1	2058.515762,9781.504627,17504.30314,25227.08998,32949.86564,40672.63054,48395.38534,56118.13038	5312.332277,19301.5016,27036.98437,34772.74063,42508.79616,50245.18019,57981.92602,65719.07187	0.9745814617,0.9406542101,0.9406466161,0.9406389572,0.9406316253,0.940625075,0.9406181268,0.9406114855	-0.9609940379,-0.942476876,-0.9424971702,-0.9425190755,-0.9425427692,-0.9425684557,-0.9425963727,-0.9426267979	ok
-1.23947896	-34.97995992	-44.74358953	0.8425636345	continued:5	1,1,1,1,1,1,1,1	-1,-1,-1,-1,-1,-1,-1,-1	2679.412647,10403.50757,18127.59359,25851.67309,33575.74654,41299.81399,49023.87571,56747.93179	5311.674234,19302.31027,27038.93227,34776.00296,42513.5713,50251.69447,57990.43976,65729.88718	0.9461935524,0.940637822,0.9406328493,0.9406289995,0.9406245818,0.9406202641,0.940615646,0.94061142	-0.9609819542,-0.9424645023,-0.9424977881,-0.9425338845,-0.9425731618,-0.9426160617,-0.9426631162,-0.9427149723	ok
-1.23747495	-34.97995992	-45.18878388	0.8398980030	continued:5	1,1,1,1,1,1,1,1	-1,-1,-1,-1,-1,-1,-1,-1	2778.221117,10503.66291,18229.09776,25954.52936,33679.95772,41405.38289,49130.80494,56856.22391	5311.022353,19303.05987,27040.82164,34779.20145,42518.27592,50258.1368,57998.89523,65740.68767	0.9462117508,0.9406552656,0.9406532936,0.9406509862,0.9406487905,0.9406464735,0.9406440784,0.9406416022	-0.9609698688,-0.9424514794,-0.942497346,-0.9425473152,-0.942602008,-0.9426621849,-0.9427287904,-0.9428030132	ok
-1.23547094	-34.97995992	-45.62427862	0.8377733912	continued:5	1,1,1,1,1,1,1,1	-1,-1,-1,-1,-1,-1,-1,-1	2951.981242,10678.7765,18405.56883,26132.36097,33859.15285,41585.94448,49312.73587,57039.527	5310.376597,19303.74219,27042.64426,34782.32734,42522.89983,50264.49445,58007.27624,65751.45389	0.946863352,0.9406711238,0.9406712274,0.9406710407,0.9406708521,0.9406706628,0.940670473,0.9406702828	-0.9609577816,-0.9424377957,-0.9424958164,-0.942559317,-0.9426292221,-0.9427066921,-0.9427932075,-0.9428906919	ok
-1.23346693	-34.97995992	-46.04625470	0.8361897991	continued:5	-1,-1,-1,-1,-1,-1,-1,-1	-1,-1,-1,-1,-1,-1,-1,-1	3171.065047,10899.22428,18627.38497,26355.54836,34083.71453,41811.88344,49540.05511,57268.22964	5309.736929,19304.34808,27044.39099,34785.37097,42527.43191,50270.75364,58015.56509,65762.16409	-0.9073173473,-0.9406877553,-0.9406895147,-0.9406913226,-0.9406927921,-0.9406944021,-0.9406964692,-0.9406985327	-0.9609456927,-0.9424234385,-0.9424931715,-0.9425698379,-0.9426547155,-0.9427494436,-0.9428561662,-0.9429777532	ok
-1.23146293	-34.97995992	-46.45014185	0.8351472266	continued:5	-1,-1,-1,-1,-1,-1,-1,-1	-1,-1,-1,-1,-1,-1,-1,-1	3422.632683,11152.17001,18881.71235,26611.26028,34340.81392,42070.37363,49799.93933,57529.51129	5309.103312,19304.86728,27046.05159,34788.32164,42531.86002,50276.89935,58023.74247,65772.79397	-0.9400034575,-0.9407052219,-0.940708745,-0.9407125099,-0.9407167067,-0.9407200383,-0.9407240329,-0.9407283811	-0.9609336019,-0.9424083952,-0.9424893828,-0.9425788241,-0.9426783964,-0.9427902931,-0.9429174509,-0.9430639121	ok
-1.22945892	-34.97995992	-46.83116327	0.8344390227	continued:5	1,1,1,1,1,1,1,1	-1,-1,-1,-1,-1,-1,-1,-1	3270.530263,11001.4617,18732.39512,26463.33699,34194.28751,41925.24723,49656.21655,57387.19571	5308.475709,19305.2883,27047.61465,34791.16742,42536.17077,50282.91529,58031.78732,65783.31648	0.9478222675,0.9407220802,0.9407273875,0.9407326966,0.9407387205,0.9407446684,0.9407500773,0.9407563299	-0.9609215094,-0.9423926528,-0.9424844204,-0.9425862206,-0.9427001703,-0.9428290884,-0.9429768322,-0.943148854	ok
-1.22745491	-34.97995992	-47.18663338	0.8342718384	full	-1,-1,-1,-1,-1,-1,-1,-1	-1,-1,-1,-1,-1,-1,-1,-1	3550.970053,11283.29254,19015.62469,26747.96786,34480.32244,42212.68922,49945.06895,57677.46222	5307.854084,19305.59821,27049.06732,34793.89505,42540.34943,50288.78364,58039.67668,65793.70154	-0.939168264,-0.9407370647,-0.9407440039,-0.940750552,-0.9407582671,-0.94076587,-0.9407734768,-0.9407816442	-0.9609094149,-0.942376198,-0.9424782543,-0.9425919707,-0.9427199394,-0.9428656704,-0.9430340655,-0.9432322316	ok
-1.22545090	-34.97995992	-41.91703106	0.8536728935	continued:5	1,1,1,1,1,1,1,1	-1,-1,-1,-1,-1,-1,-1,-1	7907.922074,15654.75463,23403.54985,31154.78884,38909.14752,46667.61888,54431.75087,62204.16151	5307.2384,19305.78242,27050.39509,34796.48963,42544.37966,50294.48492,58047.38546,65803.91583	0.9425234338,0.942655269,0.9428052559,0.9429785259,0.9431817656,0.9434261022,0.9437289649,0.9441213006	-0.9608973187,-0.9423590177,-0.9424708531,-0.9425960158,-0.9427376027,-0.9428998738,-0.9430888923,-0.943313665	ok
-1.22344689	-34.97995992	-42.70712002	0.8508795446	continued:5	1,1,1,1,1,1,1,1	-1,-1,-1,-1,-1,-1,-1,-1	8125.640299,15867.4722,23610.15443,31353.83176,39098.68532,46844.94539,54592.91102,62342.98028	5306.628624,19305.82438,27051.58159,34798.9344,42548.24329,50299.9977,58054.88625,65813.92249	0.9419889784,0.9420736223,0.9421658425,0.9422677018,0.9423804461,0.9425062228,0.9426478795,0.9428100227	-0.9608852207,-0.942341098,-0.9424621846,-0.9425982951,-0.9427530558,-0.9429315262,-0.9431410397,-0.9433927405	ok
-1.22144289	-34.97995992	-43.31367099	0.8480861957	continued:5	1,1,1,1,1,1,1,1	-1,-1,-1,-1,-1,-1,-1,-1	8370.295449,16109.72372,23849.50108,31589.67515,39330.30209,47071.44814,54813.1922,62555.62946	5306.024718,19305.7053,27052.60816,34801.21041,42551.91997,50305.29838,58062.1491,65823.68087	0.9415145412,0.9415686832,0.9416264304,0.9416890868,0.9417561712,0.9418287098,0.9419077384,0.9419934252	-0.9608731208,-0.9423224252,-0.9424522162,-0.942598747,-0.942766191,-0.9429604498,-0.9431902198,-0.9434690099	ok
-1.21943888	-34.97995992	-43.84032180	0.8452928469	continued:5	1,1,1,1,1,1,1,1	-1,-1,-1,-1,-1,-1,-1,-1	8727.096084,16465.98926,24205.00223,31944.14979,39683.44937,47422.92052,55162.58574,62902.47124	5305.426648,19305.4037,27053.45354,34803.29613,42555.38687,50310.36076,58069.14112,65833.14617	0.9411244928,0.9411567825,0.9411904068,0.9412271477,0.9412656556,0.9413068756,0.9413515528,0.9413986274	-0.9608610191,-0.9423029847,-0.9424409133,-0.9425973067,-0.9427768973,-0.9429864596,-0.9432361316,-0.9435419907	ok
-1.21743487	-34.97995992	-44.32584328	0.8424994980	continued:5	1,1,1,1,1,1,1,1	-1,-1,-1,-1,-1,-1,-1,-1	1670.598229,9419.206707,17158.82321,24898.47547,32638.16783,40377.90558,48117.69428,55857.54051	5304.83438,19304.89496,27054.09337,34805.16699,42558.61812,50315.15571,58075.82621,65842.26918	0.2239498463,0.9408805907,0.9408975745,0.9409156458,0.9409356791,0.9409560273,0.9409783296,0.9410024328	-0.9608489156,-0.9422827625,-0.9424282417,-0.9425939083,-0.9427850604,-0.9430093644,-0.9432784607,-0.9436111674	ok
-1.21543086	-34.97995992	-44.78835415	0.8397061491	continued:5	1,1,1,1,1,1,1,1	-1,-1,-1,-1,-1,-1,-1,-1	2568.049527,10309.00213,18049.96281,25790.94565,33531.95375,41272.9905,49014.05964,56755.16551	5304.247878,19304.15074,27054.49956,34806.79477,42561.58435,50319.65055,58082.16454,65850.99583	0.9524326701,0.9408298253,0.940842539,0.9408572507,0.9408728802,0.9408890862,0.9409065824,0.9409257443	-0.9608368101,-0.9422617439,-0.9424141649,-0.9425884833,-0.9427905619,-0.9430289674,-0.9433168796,-0.9436759922	ok
-1.21342685	-34.97995992	-45.23692040	0.8370405177	continued:5	1,1,1,1,1,1,1,1	-1,-1,-1,-1,-1,-1,-1,-1	2661.303974,10403.73872,18146.17553,25888.63559,33631.12251,41373.63989,49116.19231,56858.78489	5303.66711,19303.13823,27054.63964,34808.14694,42564.25192,50323.80845,58088.11196,65859.26681	0.9551559383,0.9408451447,0.9408584145,0.9408740394,0.9408896919,0.9409072872,0.9409261753,0.940946709	-0.9608247027,-0.9422399145,-0.9423986462,-0.9425809613,-0.9427932798,-0.9430450648,-0.943351049,-0.9437358877	ok
-1.21142285	-34.97995992	-45.67448983	0.8349159059	continued:5	1,1,1,1,1,1,1,1	-1,-1,-1,-1,-1,-1,-1,-1	2879.038448,10622.94697,18366.86656,26110.80958,33854.77988,41598.78143,49342.81918,57086.89899	5303.092039,19301.81923,27054.4758,34809.18571,42566.58208,50327.58758,58093.61931,65867.01697	0.953229609,0.9408575707,0.9408712039,0.9408870164,0.9409032237,0.9409212088,0.9409412004,0.9409623652	-0.9608125935,-0.9422172591,-0.9423816478,-0.9425712696,-0.9427930885,-0.9430574473,-0.9433806186,-0.9437902497	ok
-1.20941884	-34.97995992	-46.09729729	0.8333323137	continued:5	-1,-1,-1,-1,-1,-1,-1,-1	-1,-1,-1,-1,-1,-1,-1,-1	3185.252734,10930.64893,18676.0634,26421.5013,34166.96651,41912.46346,49657.99765,57403.57523	5302.522634,19300.1491,27053.96381,34809.86696,42568.52988,50330.94009,58098.63147,65874.17466	-0.9295703421,-0.9408712395,-0.9408844819,-0.9408997619,-0.9409165895,-0.9409354664,-0.9409554031,-0.9409776877	-0.9608004823,-0.9421937631,-0.9423631308,-0.9425593331,-0.9427898584,-0.9430658989,-0.943405228,-0.943838451	ok
-1.20741483	-34.97995992	-46.50084300	0.8322897412	continued:5	-1,-1,-1,-1,-1,-1,-1,-1	-1,-1,-1,-1,-1,-1,-1,-1	3570.499058,11317.4056,19064.33265,26811.28397,34558.26383,42305.277,50052.3296,57799.42882	5301.958861,19298.07525,27053.05157,34810.13882,42570.0428,50333.81073,58103.08614,65880.66082	-0.9407180665,-0.9408881845,-0.940902354,-0.9409182987,-0.9409351363,-0.9409548674,-0.9409761135,-0.9409991805	-0.9607883694,-0.9421694118,-0.9423430554,-0.9425450744,-0.9427834555,-0.9430701982,-0.9434245074,-0.9438798461	ok
-1.20541082	-34.97995992	-46.88045449	0.8315815373	continued:5	1,1,1,1,1,1,1,1	-1,-1,-1,-1,-1,-1,-1,-1	3068.89421,10817.40343,18565.84951,26314.3195,34062.81788,41811.34975,49559.92137,57308.5405	5301.400687,19295.53541,27051.67735,34809.93988,42571.05894,50336.13521,58106.9123,65886.3878	0.972381593,0.9409032703,0.9409168822,0.9409326201,0.9409497024,0.9409688906,0.9409908326,0.941014671	-0.9607762544,-0.9421441903,-0.9423213813,-0.9425284137,-0.9427737423,-0.9430701175,-0.9434380795,-0.9439137757	ok
-1.20340681	-34.97995992	-47.23358391	0.8314143530	full	-1,-1,-1,-1,-1,-1,-1,-1	-1,-1,-1,-1,-1,-1,-1,-1	3680.326935,11430.27863,19180.24846,26930.24064,34680.25915,42430.30922,50180.39673,57930.52931	5300.848079,19292.45526,27049.76744,34809.1969,42571.50479,50337.83791,58110.02808,65891.25767	-0.9404840371,-0.9409132917,-0.940927073,-0.9409417124,-0.9409583066,-0.9409760573,-0.9409969947,-0.941020641	-0.9607641375,-0.9421180844,-0.9422980668,-0.9425092691,-0.9427605761,-0.9430654235,-0.94344556,-0.9439395735	ok
-1.20140281	-34.97995992	-41.93831053	0.8509397401	continued:5	1,1,1,1,1,1,-1,1	-1,-1,-1,-1,-1,-1,-1,-1	7839.654451,15611.07944,23390.57429,31183.45367,39002.01562,46888.6471,53990.60792,60079.88033	5300.301005,19288.74543,27047.23316,34807.82179,42571.29226,50338.82906,58112.33814,65895.15999	0.9429539255,0.9433173836,0.9437849516,0.9444224477,0.9453860017,0.9472135793,-0.9531808238,0.9412862692	-0.9607520186,-0.9420910802,-0.9422730702,-0.9424875561,-0.9427438106,-0.9430558764,-0.9434465591,-0.9439565711	ok
-1.19939880	-34.97995992	-42.73722668	0.8481463912	continued:5	1,1,1,1,1,1,1,1	-1,-1,-1,-1,-1,-1,-1,-1	8022.445586,15785.6096,23552.22526,31323.85121,39103.11947,46894.98648,54710.63018,62586.24991	5299.759432,19284.29756,27043.96688,34805.70771,42570.31475,50339.00086,58113.72987,65897.96862	0.9423584675,0.9425969536,0.9428861618,0.943243959,0.9437029152,0.944324449,0.9452497395,0.9469399257	-0.9607398979,-0.9420631649,-0.9422463492,-0.9424631879,-0.9427232951,-0.9430412308,-0.9434406824,-0.9439641048	ok
-1.19739479	-34.97995992	-43.35011792	0.8453530423	continued:5	1,1,1,1,1,1,1,1	-1,-1,-1,-1,-1,-1,-1,-1	8201.245806,15960.19344,23720.47534,31482.57072,39247.17653,47015.3451,54788.7501,62570.26055	5299.223328,19278.97898,27039.83681,34802.72377,42568.44195,50338.22233,58114.06856,65899.53729	0.9418290371,0.9419762969,0.9421494326,0.9423543549,0.942600113,0.9428994969,0.9432722298,0.9437543363	-0.9607277752,-0.9420343262,-0.9422178621,-0.9424360764,-0.9426988743,-0.9430212356,-0.9434275316,-0.9439615218	ok
-1.19539078	-34.97995992	-43.88166818	0.8425596935	continued:5	1,1,1,1,1,1,1,1	-1,-1,-1,-1,-1,-1,-1,-1	8408.835682,16166.36221,23924.27129,31682.68211,39441.75607,47201.71415,54962.86407,62725.64151	5298.692662,19272.62567,27034.67986,34798.70802,42565.51285,50336.33243,58113.19059,65899.69339	0.9413846714,0.9414598791,0.9415476083,0.9416499503,0.9417690985,0.9419097199,0.9420749937,0.9422715299	-0.9607156505,-0.9420045543,-0.9421875669,-0.942406132,-0.9426703894,-0.9429956341,-0.9434067064,-0.9439481849	ok
-1.19338677	-34.97995992	-44.37093342	0.8397663446	continued:5	1,1,1,1,1,1,1,1	-1,-1,-1,-1,-1,-1,-1,-1	8782.85427,16540.8101,24298.81941,32056.89581,39815.05723,47573.3266,55331.73405,63090.31975	5298.167402,19265.03248,27028.29192,34793.45769,42561.32602,50333.13043,58110.89405,65898.22907	0.9410707872,0.9410930873,0.9411191856,0.9411502251,0.9411852879,0.9412265294,0.9412755708,0.9413318883	-0.9607035239,-0.941973841,-0.9421554241,-0.9423732645,-0.9426376786,-0.942964165,-0.9433778046,-0.9439234781	ok
-1.19138277	-34.97995992	-44.83610729	0.8369729957	continued:5	-1,-1,-1,-1,-1,-1,-1,-1	-1,-1,-1,-1,-1,-1,-1,-1	3923.204272,11682.58592,19441.97838,27201.38423,34960.80617,42720.24804,50479.71411,58239.21014	5297.647518,19255.9396,27020.41434,34786.71573,42555.62618,50328.36263,58106.92566,65894.88861	-0.9409995149,-0.9410055932,-0.9410139002,-0.941022609,-0.9410333357,-0.9410448091,-0.9410592931,-0.9410771767	-0.9606913952,-0.941942182,-0.9421213963,-0.942337384,-0.9426005774,-0.9429265621,-0.9433404244,-0.9438868107	ok
-1.18937876	-34.97995992	-45.28625848	0.8341796468	continued:5	1,1,1,1,1,1,1,1	-1,-1,-1,-1,-1,-1,-1,-1	9159.093962,16920.09245,24681.10073,32442.12112,40203.15631,47964.20946,55725.28481,63486.38787	5297.132977,19245.01335,27010.71473,34778.15159,42548.0851,50321.70327,58100.96194,65889.35013	0.9410185568,0.9410241878,0.9410318014,0.9410399608,0.9410487326,0.9410600446,0.9410739059,0.9410896962	-0.9606792647,-0.9419095775,-0.9420854503,-0.9422984041,-0.9425589218,-0.9428825583,-0.9432941656,-0.9438376214	ok
-1.18737475	-34.97995992	-45.72565950	0.8320550350	continued:5	1,1,1,1,1,1,1,1	-1,-1,-1,-1,-1,-1,-1,-1	8632.543608,16395.15201,24157.76516,31920.38397,39683.0095,47445.64346,55208.28759,62970.94408	5296.623751,19231.81838,26998.75916,34767.33352,42538.27394,50312.7271,58092.58195,65881.19866	0.9410276584,0.9410310892,0.9410339747,0.941037409,0.9410430951,0.9410485166,0.9410549326,0.9410635015	-0.9606671321,-0.941876035,-0.9420475604,-0.9422562434,-0.942512551,-0.9428318868,-0.9432386334,-0.9437753822	ok
-1.18537074	-34.97995992	-46.14906817	0.8304714429	continued:5	-1,-1,-1,-1,-1,-1,-1,-1	-1,-1,-1,-1,-1,-1,-1,-1	6532.489698,14296.75156,22061.0193,29825.29437,37589.57851,45353.87361,53118.18221,60882.50781	5296.119807,19215.77653,26983.97106,34753.68744,42525.62219,50300.86847,58081.22673,65869.88603	-0.9410557036,-0.9410583736,-0.9410629538,-0.9410682238,-0.9410733431,-0.9410801585,-0.9410893933,-0.9410992621	-0.9606549976,-0.9418415724,-0.9420077116,-0.9422108311,-0.9424613124,-0.9427742882,-0.9431734445,-0.9436996035	ok
-1.18336673	-34.97995992	-46.55205915	0.8294288704	continued:5	-1,-1,-1,-1,-1,-1,-1,-1	-1,-1,-1,-1,-1,-1,-1,-1	6147.415065,13913.38741,21679.37822,29445.39203,37211.43494,44977.51494,52743.64238,60509.83145	5295.621116,19196.1044,26965.56879,34736.43466,42509.35551,50285.3593,58066.13752,65854.66949	-0.9411057679,-0.9411148849,-0.9411249652,-0.941137547,-0.9411531466,-0.9411720256,-0.9411956565,-0.9412227757	-0.960642861,-0.9418062222,-0.9419659069,-0.9421621153,-0.9424050715,-0.9427095203,-0.9430982374,-0.9436098448	ok
-1.18136273	-34.97995992	-46.93007030	0.8287206665	continued:5	1,1,1,1,1,1,1,1	-1,-1,-1,-1,-1,-1,-1,-1	8105.918308,15873.59198,23641.29249,31409.02712,39176.80556,46944.64081,54712.55062,62480.55881	5295.127648,19171.71592,26942.46831,34714.4945,42488.3985,50265.13214,58046.25924,65834.51569	0.9411421203,0.9411546549,0.9411684016,0.9411852918,0.9412064847,0.9412330243,0.9412644752,0.9413029823	-0.9606307224,-0.9417700407,-0.9419221761,-0.9421100745,-0.9423437266,-0.9426373754,-0.9430126923,-0.9435057324	ok
-1.17935872	-34.97995992	-47.28069729	0.8285534822	full	-1,-1,-1,-1,-1,-1,-1,-1	-1,-1,-1,-1,-1,-1,-1,-1	6905.267569,14674.64302,22444.05091,30213.50076,37983.00512,45752.5813,53522.25279,61292.05225	5294.639373,19141.06571,26913.12648,34686.32776,42461.21829,50238.66405,58020.08487,65807.94553	-0.9411729451,-0.9411865403,-0.9412029817,-0.941222815,-0.9412476932,-0.9412781112,-0.9413153607,-0.9413611995	-0.9606185818,-0.9417331191,-0.9418765936,-0.9420547389,-0.9422772355,-0.9425577134,-0.9429165678,-0.9433869993	ok
-1.17735471	-34.97995992	-41.91935532	0.8479503334	continued:5	1,1,1,1,-1,-1,1,1	-1,-1,-1,-1,-1,-1,-1,-1	7768.739337,15573.54069,23405.35522,31313.27165,38121.82174,47179.54853,54235.24831,62006.3556	5294.156262,19101.8882,26875.28037,34649.67615,42425.56425,50203.71669,57985.39609,65772.77577	0.9435315704,0.9442484274,0.945345697,0.9474412777,-0.9514672605,-0.9492019046,0.9412099331,0.941226469	-0.9606064391,-0.9416956075,-0.9418293065,-0.9419962286,-0.9422056618,-0.942470518,-0.9428097698,-0.9432535615	ok
-1.17535070	-34.97995992	-42.74487137	0.8451569845	continued:5	1,1,1,1,1,1,1,1	-1,-1,-1,-1,-1,-1,-1,-1	7914.572249,15704.65746,23505.61634,31327.81023,39202.48914,47396.19917,56782.81696,66610.39111	5293.678285,19050.7481,26825.49775,34601.11296,42378.01896,50156.8879,57938.81588,65725.67277	0.942865941,0.943336896,0.9439833143,0.9449398164,0.9466038669,0.9519522856,0.9540523147,0.9445437789	-0.9605942944,-0.9416577521,-0.9417805855,-0.9419348186,-0.9421292608,-0.9423760045,-0.9426924842,-0.9431056756	ok
-1.17334669	-34.97995992	-43.37252876	0.8423636356	continued:5	1,1,1,1,1,1,1,-1	-1,-1,-1,-1,-1,-1,-1,-1	8021.227138,15803.53086,23590.04935,31383.64628,39190.00401,47022.57835,54928.22914,62592.15483	5293.205414,18982.23811,26758.37512,34535.24143,42313.19711,50092.8114,57875.00952,65661.35551	0.9422830082,0.9425761035,0.9429584686,0.9434697706,0.9441851936,0.9452781649,0.9473402419,-0.9570586063	-0.9605821478,-0.9416199692,-0.9417309222,-0.9418710656,-0.9420486423,-0.9422748305,-0.9425654416,-0.9429442653	ok
-1.17134269	-34.97995992	-43.91438983	0.8395702867	continued:5	1,1,1,1,1,1,1,1	-1,-1,-1,-1,-1,-1,-1,-1	8048.655102,15827.65118,23607.97852,31390.37437,39176.07122,46967.23213,54767.95677,62587.10964	5292.73762,18887.51231,26665.07143,34443.22905,42222.28074,50002.69345,57785.22347,65571.1378	0.9417985612,0.9419559479,0.9421568599,0.9424152221,0.9427514163,0.9431977478,0.9438097241,0.944702876	-0.960569999,-0.9415829874,-0.9416812165,-0.9418060571,-0.9419650977,-0.9421685205,-0.9424304647,-0.9427716123	ok
-1.16933868	-34.97995992	-44.41142272	0.8367769378	continued:5	1,1,1,1,1,1,1,1	-1,-1,-1,-1,-1,-1,-1,-1	7739.495679,15518.16563,23297.14968,31076.59323,38856.72071,46637.88516,54420.65544,62205.97251	5292.274874,18751.63949,26530.66233,34310.16303,42090.37632,49871.67245,57654.64878,65440.29758	0.9414756105,0.9415405355,0.9416237481,0.9417298565,0.9418652271,0.9420402829,0.9422651721,0.9425585175	-0.9605578482,-0.9415481456,-0.9416331723,-0.9417419329,-0.9418812894,-0.9420603696,-0.942291645,-0.9425928782	ok
-1.16733467	-34.97995992	-44.88250739	0.8339835890	continued:5	1,1,1,1,1,1,1,1	-1,-1,-1,-1,-1,-1,-1,-1	6842.569669,14622.62268,22402.833,30183.26743,37964.02691,45745.26606,53527.22677,61310.29422	5291.817148,18549.51443,26330.05323,34110.96577,41892.43365,49674.74262,57458.35189,65244.01854	0.9414048302,0.9414450689,0.9414957639,0.9415616527,0.94164618,0.9417557131,0.9418961908,0.9420785044	-0.9605456954,-0.9415180122,-0.9415901252,-0.9416829913,-0.94180272,-0.9419573948,-0.9421579209,-0.9424194849	ok
-1.16533066	-34.97995992	-45.33698870	0.8313179575	continued:5	1,1,1,1,1,1,1,1	-1,-1,-1,-1,-1,-1,-1,-1	6939.011179,14720.90453,22502.98874,30285.34933,38068.11794,45851.5001,53635.82383,61421.62532	5291.364414,18244.31976,26026.44464,33808.86489,41591.7223,49375.23943,57159.77291,64945.90788	0.9414436473,0.9414882995,0.9415464245,0.9416227798,0.9417209984,0.9418481513,0.942014538,0.9422317412	-0.9605335405,-0.9414975616,-0.9415586271,-0.9416378221,-0.9417406069,-0.941874194,-0.9420482451,-0.9422760153	ok
-1.16332665	-34.97995992	-45.77792900	0.8291933457	continued:5	1,1,1,1,1,1,1,1	-1,-1,-1,-1,-1,-1,-1,-1	6951.100483,14734.84805,22518.82299,30303.13246,38087.94398,45873.52428,53660.30902,61449.02721	5290.916644,17811.92124,25595.73127,33379.79752,41164.24298,48949.26102,56735.16216,64522.45683	0.941480497,0.9415307055,0.9415966183,0.9416828393,0.9417949732,0.941942552,0.9421358174,0.9423915142	-0.9605213835,-0.9414952531,-0.9415499802,-0.9416214764,-0.9417149343,-0.9418372302,-0.9419975798,-0.9422085755	ok
-1.16132265	-34.97995992	-46.20166644	0.8276097536	continued:5	-1,-1,-1,-1,-1,-1,-1,-1	-1,-1,-1,-1,-1,-1,-1,-1	6945.783019,14731.41032,22517.31014,30303.61716,38090.54615,45878.44646,53667.90142,61459.91471	5290.47381,17316.20291,25101.82917,32887.72735,40674.03202,48460.95731,56248.85181,64038.29731	-0.9415199359,-0.9415765272,-0.9416503464,-0.9417484987,-0.9418773119,-0.9420479286,-0.9422739849,-0.94257584	-0.9605092245,-0.9415196951,-0.9415760297,-0.9416501863,-0.9417478621,-0.941876663,-0.9420468723,-0.9422726884	ok
-1.15931864	-34.97995992	-46.60385321	0.8265671811	continued:5	-1,-1,-1,-1,-1,-1,-1,-1	-1,1,1,1,1,1,1,1	6938.243351,14725.78246,22513.65158,30302.0226,38091.17465,45881.57206,53674.01021,61469.90084	5290.035885,16893.9882,24681.57128,32469.50658,40257.97947,48047.29207,55837.94926,63630.81988	-0.9415615965,-0.9416253585,-0.9417099257,-0.9418220993,-0.9419709406,-0.9421699593,-0.9424364042,-0.9427973888	-0.9604970633,0.9415706127,0.9416372094,0.9417255654,0.9418428928,0.9419989531,0.9422071907,0.9424866888	ok
-1.15731463	-34.97995992	-46.98004285	0.8258589772	continued:5	1,1,1,1,1,1,1,1	-1,1,1,1,1,1,1,1	7476.269406,15265.72874,23055.57721,30846.02697,38637.42938,46430.38158,54225.93203,62026.0023	5289.602841,16599.39911,24389.06552,32179.23218,39970.18309,47762.39548,55556.69527,63354.56658	0.9416005066,0.9416715296,0.9417655896,0.9418917025,0.9420605292,0.9422881099,0.9425964809,0.9430199667	-0.9604849002,0.9416396012,0.9417231082,0.9418348074,0.941984433,0.9421854256,0.9424568538,0.9428270871	ok
-1.15531062	-34.97995992	-47.32797975	0.8256917929	full	-1,-1,-1,-1,-1,-1,-1,-1	-1,1,1,1,1,1,1,1	7207.729109,14999.1181,22790.95684,30583.50142,38377.18387,46172.75368,53971.56046,61776.16028	5289.174652,16404.85936,24196.72175,31989.30404,39783.04799,47578.72143,55377.70909,63182.64087	-0.9416381224,-0.9417152216,-0.9418185152,-0.9419586613,-0.9421476433,-0.9424048522,-0.9427566684,-0.9432469962	-0.9604727349,0.9417190061,0.9418240042,0.9419656524,0.9421572043,0.942417449,0.9427741906,0.9432717106	ok
-1.15330661	-34.97995992	-41.93109759	0.8450904541	continued:5	1,1,1,-1,-1,-1,-1,-1	-1,1,1,1,1,1,1,1	7710.528308,15555.76832,23478.32467,31432.63205,42263.33552,49596.42501,57389.7703,65183.63725	5288.751291,16274.22219,24068.38773,31863.57218,39660.44982,47460.23624,55265.23048,63080.11851	0.9440495368,0.9452170689,0.947451028,-0.9586602102,-0.9493491828,-0.9416766711,-0.9417611394,-0.9418755713	-0.9604605675,0.9418044679,0.9419343459,0.9421111353,0.9423526972,0.9426852258,0.9431496844,0.9438175146	ok
-1.15130261	-34.97995992	-42.77056624	0.8422971052	continued:5	1,1,1,1,-1,1,-1,-1	-1,1,1,1,1,1,1,1	7820.194009,15641.21059,23489.30468,31419.20621,38335.95215,45615.04438,51493.84331,59371.89298	5288.332731,16183.38144,23979.9578,31777.94262,39578.33849,47383.02596,55195.76662,63024.96341	0.9433153215,0.9440709864,0.9452670874,0.9475895419,-0.9525241277,0.9484897248,-0.94462665,-0.9462555357	-0.960448398,0.9418937576,0.9420513253,0.9422678382,0.9425670595,0.9429853225,0.9435835123,0.9444808694	ok
-1.14929860	-34.97995992	-43.40711410	0.8395037563	continued:5	1,1,1,1,1,1,1,1	-1,1,1,1,1,1,1,1	7860.291576,15668.69979,23487.17321,31327.29885,39226.24212,47577.78851,57296.28379,65103.02536	5287.918946,16118.04456,23917.14334,31718.14477,39522.5032,47333.06859,55155.93736,63006.50198	0.9426837656,0.9431528714,0.9438357688,0.9448923541,0.9467987917,0.9536320528,0.9425874142,0.9430154089	-0.9604362264,0.9419857152,0.9421735203,0.9424341648,0.9427989209,0.9433180437,0.9440831374,0.9453018611	ok
-1.14729459	-34.97995992	-43.95557480	0.8367104075	continued:5	1,1,1,1,1,1,1,-1	-1,1,1,1,1,1,1,1	7741.669759,15544.48109,23350.66465,31163.14626,38988.25995,46842.25715,54788.16513,61160.26189	5287.509909,16069.72798,23871.4667,31675.72397,39484.56566,47302.24385,55138.6321,63023.29547	0.9421802611,0.9424408672,0.9428078425,0.9433343789,0.9441155013,0.9453713756,0.9478864505,-0.948611062	-0.9604240526,0.9420797063,0.9423001976,0.9426094487,0.943048277,0.9436862246,0.9446634975,0.946363808	ok
-1.14529058	-34.97995992	-44.45763275	0.8339170586	continued:5	1,1,1,1,1,1,1,1	-1,1,1,1,1,1,1,1	7215.403159,15017.27897,22820.40067,30625.69246,38434.92345,46251.69713,54084.16472,61955.09913	5287.105595,16033.22997,23837.73349,31645.51347,39459.45498,47285.83766,55140.81864,63086.85171	0.9418988697,0.9420417709,0.9422430327,0.9425268536,0.9429304664,0.9435170562,0.9444059692,0.9458989859	-0.9604118768,0.9421753677,0.9424309843,0.9427935313,0.9433159929,0.9440949486,0.9453501092,0.9478598877	ok
-1.14328657	-34.97995992	-44.93240355	0.8311237097	continued:5	1,1,1,1,1,1,1,1	-1,1,1,1,1,1,1,1	6686.206701,14489.68243,22294.20832,30100.55605,37910.19528,45726.08605,53554.74852,61413.2331	5286.705978,16005.23563,23812.63731,31624.23943,39444.01768,47281.20261,55162.89395,63252.79714	0.941875761,0.9420031386,0.9421831928,0.9424387393,0.9428034712,0.9433325926,0.9441278877,0.9454206661	-0.9603996989,0.9422724836,0.9425657075,0.9429865654,0.9436036117,0.9445518788,0.9461871022,0.9504062722	ok
-1.14128257	-34.97995992	-45.38930921	0.8284580783	continued:5	1,1,1,1,1,1,1,1	-1,1,1,1,1,1,1,1	6804.656002,14610.22327,22416.98264,30225.84583,38038.58743,45858.88751,53695.22647,61571.84231	5286.311032,15983.55292,23793.9957,31609.75746,39436.26189,47287.08996,55209.8294,64791.41204	0.9419148772,0.9420525113,0.9422477351,0.9425269799,0.9429303987,0.9435234524,0.944433174,0.9459821145	-0.9603875188,0.9423709243,0.9427043147,0.94318892,0.9439133202,0.9450682007,0.9472575199,0.9606103525	ok
-1.13927856	-34.97995992	-45.83144459	0.8263334665	continued:5	1,1,1,1,1,1,1,1	-1,1,1,1,1,1,1,-1	6887.509689,14695.19096,22504.22024,30315.67014,38131.67584,45956.80285,53802.11302,61702.83374	5285.920732,15966.68327,23780.32075,31600.62424,39434.94017,47303.39389,55296.90432,61151.98672	0.9419545514,0.9421019957,0.9423133626,0.9426183762,0.9430630606,0.9437262212,0.944769162,0.9466482465	-0.9603753366,0.9424706106,0.9428468316,0.9434011374,0.94424802,0.9456604765,0.9487444991,-0.9440667972	ok
-1.13727455	-34.97995992	-46.25519394	0.8247498743	continued:5	-1,-1,-1,-1,-1,-1,-1,-1	-1,1,1,1,1,1,1,1	6960.69365,14770.51923,22581.87012,30396.0088,38215.50905,46046.05978,53902.26295,61837.57219	5285.535053,15953.57184,23770.56941,31595.84907,39439.31764,47331.23963,55479.81124,64511.83383	-0.9419947857,-0.9421530661,-0.9423813511,-0.9427147245,-0.943205271,-0.9439486885,-0.9451514875,-0.9474887656	-0.9603631523,0.9425714977,0.9429933382,0.9436239171,0.9446114917,0.946354242,0.9511968218,0.9483202597	ok
-1.13527054	-34.97995992	-46.65628920	0.8237073018	continued:5	-1,-1,-1,-1,-1,-1,-1,-1	-1,1,1,1,1,1,1,1	7026.509068,14838.5151,22652.25087,30469.20736,38292.50019,46129.2742,53999.16031,61989.21098	5285.153969,15943.4569,23763.99302,31594.74515,39449.04862,47373.56071,56460.52635,67723.57303	-0.9420362508,-0.9422060876,-0.9424541881,-0.9428183057,-0.943360688,-0.944197491,-0.9455980418,-0.9486253231	-0.9603509658,0.9426735614,0.9431439568,0.9438581182,0.9450086729,0.9471914686,0.9588078793,0.9557848769	ok
-1.13326653	-34.97995992	-47.03040428	0.8229990979	continued:5	1,1,1,1,1,1,1,1	-1,1,1,1,1,1,-1,-1	7386.343872,15200.54113,23016.68064,30836.5029,38663.73687,46507.26659,54393.41357,62473.85987	5284.777456,15935.77608,23760.04365,31596.83809,39464.12497,47436.81177,53572.04769,61958.83919	0.9420765237,0.9422572573,0.9425245397,0.9429199543,0.9435161932,0.9444526641,0.9460824802,0.9501703123	-0.9603387772,0.9427767938,0.9432988436,0.9441047746,0.9454460975,0.9482480342,-0.9468083512,-0.9539190561	ok
-1.13126253	-34.97995992	-47.37543672	0.8228319136	full	-1,-1,-1,-1,-1,-1,-1,-1	-1,1,1,1,1,1,1,1	7254.214147,15070.61982,22889.1942,30711.95529,38543.3394,46394.35169,54300.53194,62573.78669	5284.405489,15930.10606,23758.31396,31601.80866,39484.88403,47536.45282,56159.66919,63982.14943	-0.9421155424,-0.9423081088,-0.9425940457,-0.9430221351,-0.9436758756,-0.9447218534,-0.9466268457,-0.9527057455	-0.9603265865,0.9428811974,0.9434581859,0.9443651201,0.9459326054,0.949683028,0.9425774025,0.9429969425	ok
-1.12925852	-34.97995992	-41.94958851	0.8422297174	continued:5	1,1,1,1,-1,-1,-1,-1	-1,1,1,1,1,1,1,1	7659.230946,15557.71581,23722.32161,32783.3858,38849.74075,46674.92032,54509.38083,62365.45469	5284.038044,15926.12277,23758.4976,31609.45711,39512.08493,47721.44503,57121.26079,66865.68421	0.9445794762,0.9463595105,0.9513501159,0.949252057,-0.9426297592,-0.9430739653,-0.9437583149,-0.9448685959	-0.9603143936,0.9429867829,0.9436221996,0.9446406271,0.946480513,0.9519299102,0.9543145467,0.9465236646	ok
-1.12725451	-34.97995992	-42.80057627	0.8394363685	continued:5	1,1,1,1,1,1,1,1	-1,1,1,1,1,1,1,1	7732.78196,15591.40197,23516.30124,32191.33439,42462.50235,50310.31279,58199.93809,66279.74961	5283.675096,15923.57443,23760.36249,31619.68163,39547.09179,48354.56014,59002.05354,68746.17207	0.9437736249,0.9449033768,0.9470431371,0.956333307,0.9434755388,0.9444050875,0.9460367216,0.9500979789	-0.9603021985,0.9430935681,0.9437911306,0.9449330606,0.9471076587,0.9572332799,0.954386226,0.9470133306	ok
-1.12525050	-34.97995992	-43.44496694	0.8366430196	continued:5	1,1,1,1,1,1,-1,-1	-1,1,1,1,1,-1,-1,-1	7711.215859,15549.98645,23411.67021,31343.70734,40385.72856,51202.60202,57122.57561,64968.1768	5283.316622,15922.26292,23763.73245,31632.46706,39592.26618,46319.34793,55397.17597,63858.39165	0.943098788,0.9438014628,0.9449590235,0.9471841752,0.9585466052,0.9490797055,-0.9433455976,-0.9441976153	-0.9602900012,0.9432015747,0.9439652541,0.9452445516,0.9478412213,-0.9514112592,-0.9496770373,-0.9425638996	ok
-1.12324649	-34.97995992	-43.99939618	0.8338496707	continued:5	1,1,1,1,1,1,-1,-1	-1,1,1,1,1,-1,-1,-1	7487.665952,15317.70407,23156.07518,31014.03827,38929.01606,47255.05997,54018.3748,61868.47602	5282.962597,15922.03057,23768.47438,31647.88203,39651.84582,45596.2906,53519.39777,62022.79271	0.942592246,0.9430066905,0.9436563257,0.9447187561,0.9466904493,0.9532376163,-0.9434295531,-0.9443393783	-0.9602778019,0.9433108302,0.9441448792,0.9455776975,0.9487255314,-0.9448242552,-0.9469113322,-0.9549491545	ok
-1.12124248	-34.97995992	-44.50601846	0.8310563219	continued:5	1,1,1,1,1,1,1,-1	-1,1,1,1,1,1,1,1	6960.905312,14789.33888,22622.05559,30464.03163,38328.40094,46262.0521,55169.28089,63074.83926	5282.612997,15922.75073,23774.48913,31666.08402,39734.16482,48461.60508,56304.12867,64169.92203	0.9423584678,0.9426403461,0.9430783512,0.9437711629,0.944922722,0.9471424413,0.9578078839,-0.9439328674	-0.9602656003,0.9434213648,0.9443303494,0.9459357037,0.949840184,0.9431001774,0.9438059119,0.9449831983	ok
-1.11923848	-34.97995992	-44.98409398	0.8282629730	continued:5	1,1,1,1,1,1,1,1	-1,1,1,1,1,1,-1,-1	6633.561109,14463.86373,22298.3086,30141.75303,38007.05679,45939.91398,54699.75891,65031.10294	5282.2678,15924.32083,23781.7051,31687.33356,39858.54177,48925.08207,55368.21865,63201.01644	0.9423581795,0.9426329731,0.9430621201,0.943745476,0.944885404,0.9470794328,0.9568861689,0.948654407	-0.9602533965,0.9435332127,0.944522049,0.946322583,0.9513505226,0.9494075094,-0.9425329386,-0.9429055094	ok
-1.11723447	-34.97995992	-45.44308405	0.8255973415	continued:5	1,1,1,1,1,1,-1,-1	-1,1,1,1,1,1,1,1	6759.505916,14592.229,22429.54007,30277.03299,38150.08414,46108.55921,54321.94671,65723.88695	5281.926982,15926.65724,23790.07367,31712.02076,40086.08598,49529.23487,57374.22335,65240.61586	0.9423987389,0.9426893306,0.9431467133,0.9438830603,0.9451346003,0.9476645493,-0.9597654253,-0.9530738173	-0.9602411906,0.9436464113,0.9447204061,0.9467434466,0.9536983119,0.943048905,0.943723485,0.9448538891	ok
-1.11523046	-34.97995992	-45.88610179	0.8234727297	continued:5	-1,-1,-1,-1,-1,-1,1,1	-1,1,1,1,1,-1,-1,1	6866.609628,14701.78659,22542.03967,30393.80699,38275.51054,46267.05717,52452.40463,61641.64908	5281.590518,15929.69141,23799.566,31740.71037,40871.83014,50183.98958,59460.96763,66360.54121	-0.942439945,-0.9427459089,-0.9432334911,-0.9440264678,-0.945402165,-0.9483511478,0.9472183153,0.9591752919	-0.9602289825,0.9437610007,0.9449259,0.9472049391,0.9589214333,-0.9517965872,-0.9529383765,0.9458159622	ok
-1.11322645	-34.97995992	-46.30957532	0.8218891376	continued:5	-1,-1,-1,-1,-1,-1,1,1	-1,1,1,1,-1,1,1,1	6968.403792,14806.07312,22649.35872,30505.67429,38397.17918,46433.55847,52442.65528,60301.78513	5281.258388,15933.36698,23810.17095,31774.21768,39506.2476,47442.35423,55314.41947,63259.33733	-0.9424812343,-0.9428044476,-0.9433232526,-0.944177603,-0.9456927398,-0.9491865023,0.9434126929,0.9443294044	-0.9602167723,0.9438770243,0.9451390687,0.9477159144,-0.9578265474,0.9437660098,0.9449409732,0.9472568293	ok
-1.11122244	-34.97995992	-46.70931957	0.8208465651	continued:5	-1,-1,-1,-1,-1,-1,-1,-1	-1,1,1,1,-1,1,1,1	7063.461499,14903.6678,22750.09255,30611.28828,38514.06987,46615.59388,55521.15933,63441.74647	5280.930567,15937.63747,23821.89387,31813.73936,38079.36514,44892.27552,55145.90816,66391.52836	-0.9425232308,-0.9428641172,-0.9434170824,-0.9443383584,-0.9460128849,-0.9502547985,-0.9446091305,-0.9465574917	-0.9602045598,0.9439945286,0.9453605176,0.9482885281,-0.9479066192,0.9521441483,0.959660499,0.9500781135	ok
-1.10921844	-34.97995992	-47.08113377	0.8201383612	continued:5	1,1,1,1,1,1,1,1	-1,1,1,1,-1,-1,-1,-1	7355.922864,15198.68081,23048.28822,30914.55444,38829.82451,47029.4602,56204.64137,65328.13688	5280.607033,15942.46455,23834.7561,31861.09021,37830.62521,45746.17516,53948.77504,63145.32349	0.9425639546,0.9429230295,0.9435094824,0.9445002038,0.9463475478,0.9516311169,0.9515151843,0.9506326232	-0.9601923451,0.9441135627,0.9455909307,0.9489400966,-0.9445044924,-0.9463561813,-0.9516697359,-0.9518420206	ok
-1.10721443	-34.97995992	-47.42307298	0.8199711769	full	-1,-1,-1,-1,-1,-1,-1,-1	-1,1,1,1,1,1,1,1	7277.96168,15123.29871,22976.16168,30847.77707,38777.22671,47152.3826,56132.96168,63982.06265	5280.287763,15947.81668,23848.7952,31919.16168,39886.48737,47733.64245,55590.80812,63474.22953	-0.9426046515,-0.9429814031,-0.9436029724,-0.9446668211,-0.9467076631,-0.9536363977,-0.9428090739,-0.9433176597	-0.9601801283,0.9442341794,0.9458310853,0.949696475,0.9427085955,0.9431517782,0.9438890637,0.9451812253	ok
-1.10521042	-34.97995992	-41.97549999	0.8393692483	continued:5	1,1,-1,1,-1,-1,-1,-1	-1,1,1,1,1,1,1,1	7614.489638,15587.00702,23552.91494,33071.4932,40136.69524,47993.54348,55872.60832,63825.31533	5279.972735,15953.66802,23864.06584,31992.89758,40947.47785,49052.86458,57929.00047,65853.21579	0.9451208999,0.9477515428,-0.9588911663,0.9534114689,-0.9430654702,-0.9437417089,-0.9449184436,-0.9472762263	-0.9601679092,0.944356434,0.946081868,0.9505987137,0.9459833978,0.9502397626,0.9445644436,0.9465057797	ok
-1.10320641	-34.97995992	-42.83530742	0.8365758994	continued:5	1,1,1,1,1,1,1,-1	-1,1,1,1,1,-1,1,1	7651.952526,15557.64229,23641.24254,32127.64073,39989.66697,47879.88011,55875.42266,62274.94811	5279.661927,15959.99758,23880.64153,32091.65937,41328.56498,51426.95572,61705.87002,69580.35173	0.9442414834,0.9458645363,0.9498618879,0.9431876059,0.9439466839,0.9453009709,0.9482212252,-0.949028721	-0.960155688,0.9444803855,0.9463442965,0.9517177074,0.9524063025,-0.9608736093,0.9435733844,0.9446201626	ok
-1.10120240	-34.97995992	-43.48638292	0.8337825505	continued:5	1,1,1,1,-1,1,1,-1	-1,1,1,1,-1,-1,-1,-1	7574.837835,15449.67011,23376.85075,31647.56062,40837.7073,49656.46552,57630.01674,66759.92014	5279.355316,15966.78853,23898.61717,32236.17676,39068.36692,46990.45153,55201.21218,64424.72606	0.9435282241,0.9445417968,0.9464842697,0.9524363154,-0.960004459,0.9450812356,0.9476926864,-0.9605215797	-0.9601434646,0.9446060967,0.9466195469,0.9531917957,-0.9444684494,-0.9463314261,-0.9516931868,-0.9522207236	ok
-1.09919840	-34.97995992	-44.04608164	0.8309892016	continued:5	1,1,1,1,1,1,1,1	-1,1,1,1,1,1,1,-1	7286.08753,15147.89694,23030.15042,30979.88671,39763.14474,50118.94588,58607.01308,66476.28063	5279.052882,15974.02765,23918.1128,32486.63363,43984.23847,58016.94849,69035.59736,76093.62581	0.943030598,0.9436711147,0.9448012438,0.9470595967,0.9569236661,0.9498938367,0.9433015695,0.9441410786	-0.960131239,0.9447336337,0.9469089869,0.9553483476,0.9602667226,0.9586400878,0.9534119745,-0.9432474598	ok
-1.09719439	-34.97995992	-44.55675736	0.8281958527	continued:5	1,1,1,1,1,1,1,1	-1,1,1,1,-1,-1,-1,-1	6818.070702,14677.50629,22549.87447,30459.8413,38543.86684,46624.45481,54487.09671,62368.04931	5278.754601,15981.70491,23939.27877,33162.47375,42426.12962,50285.77736,58158.69847,66070.45509	0.9428395405,0.9433376573,0.9442034183,0.945815546,0.9497828017,0.9429840124,0.9435860725,0.9446479961	-0.9601190111,0.9448630668,0.9472142205,0.9592108584,-0.9428499614,-0.9433552702,-0.9442342556,-0.9458768577	ok
-1.09519038	-34.97995992	-45.03771566	0.8254025039	continued:5	-1,-1,-1,-1,-1,-1,-1,-1	-1,1,1,1,-1,-1,-1,1	6605.480385,14467.18003,22342.06932,30255.8528,38356.35362,47010.58107,54900.89149,62872.3683	5278.460453,15989.81312,23962.30294,34096.43764,44767.56637,53248.61719,63007.175,69044.09278	-0.9428535848,-0.9433545035,-0.9442317328,-0.9458799111,-0.9500251223,-0.9437675782,-0.9449842424,-0.947512767	-0.9601067811,0.9449944708,0.9475371442,0.9605480101,-0.9468045527,-0.9545616855,-0.9489096805,0.9452343116	ok
-1.09318637	-34.97995992	-45.49841615	0.8227368724	continued:5	-1,-1,-1,-1,-1,-1,-1,-1	-1,1,1,-1,-1,-1,-1,-1	6737.122398,14601.69735,22480.72188,30403.77336,38566.19369,47557.79872,57616.09666,70216.9281	5278.170416,15998.34763,23987.42071,31410.67244,41326.17864,49210.14854,57150.84085,65531.56084	-0.9428957775,-0.943419887,-0.9443469875,-0.9461221425,-0.9509406591,-0.9475875359,-0.9604452544,-0.9432056728	-0.9600945487,0.9451279242,0.9478800235,-0.9562830169,-0.9435590384,-0.9446002811,-0.9466566502,-0.9535746045	ok
-1.09118236	-34.97995992	-45.94197488	0.8206122606	continued:5	-1,-1,-1,-1,-1,-1,-1,1	-1,1,1,-1,-1,-1,-1,-1	6857.943469,14725.44339,22608.77137,30542.02436,38793.08716,48826.35778,60097.31491,67614.50234	5277.884469,16007.30613,24014.9291,30502.15889,38342.9278,46212.32254,54100.9532,62054.09971	-0.9429381995,-0.9434861262,-0.9444659042,-0.9463801928,-0.9520948962,-0.958673027,-0.9559650424,0.9440838152	-0.9600823143,0.9452635114,0.9482455942,-0.9497713821,-0.9430185579,-0.9436276579,-0.9447271637,-0.9469488036	ok
-1.08917836	-34.97995992	-46.36486111	0.8190286685	continued:5	-1,-1,-1,-1,-1,-1,-1,-1	-1,1,1,-1,-1,1,1,1	6975.647065,14846.12392,22733.93846,30678.4862,39070.06496,47699.2352,55571.73999,63465.37004	5277.60259,16016.6885,24045.20688,30215.76019,38846.42696,46428.37491,54636.08005,63780.22355	-0.9429802414,-0.9435533866,-0.9445893552,-0.9466555794,-0.9536484422,-0.9430630561,-0.9437002811,-0.9448642916	-0.9600700775,0.9454013213,0.948637201,-0.9469317745,-0.9557670963,0.9462458455,0.9515159441,0.9510056296	ok
-1.08717435	-34.97995992	-46.76297555	0.8179860960	continued:5	-1,-1,-1,-1,-1,1,1,1	-1,1,1,-1,-1,-1,1,-1	7087.135389,14960.64834,22853.16222,30810.34606,39475.2402,47078.86043,54978.45149,62965.68918	5277.32476,16026.49666,24078.74401,30136.07066,38111.82251,48360.27451,60429.63737,68446.10627	-0.9430232524,-0.9436224135,-0.9447174611,-0.9469526241,-0.9560105455,0.9437909948,0.9450372016,0.9477061803	-0.9600578386,0.9455414485,0.9490589926,-0.9449235293,-0.9474306591,-0.9608378211,0.9577420911,-0.9451062878	ok
-1.08517034	-34.97995992	-47.13224731	0.8172778921	continued:5	1,1,1,1,1,1,1,1	-1,1,1,-1,-1,-1,-1,-1	7344.83302,15221.4047,23118.734,31089.66522,40609.70385,52032.37148,59996.27908,68881.064	5277.050956,16036.73448,24116.1858,30572.97756,38458.206,46383.12218,54510.6244,63322.07277	0.9430653507,0.9436903515,0.9448457425,0.9472610154,0.9601403267,0.9447677369,0.9470793283,0.957455599	-0.9600455975,0.9456839943,0.9495161986,-0.943364053,-0.9442346436,-0.945921488,-0.9503089886,-0.944876605	ok
-1.08316633	-34.97995992	-47.47089267	0.8171107078	full	-1,-1,-1,-1,-1,1,1,1	-1,1,1,1,1,1,1,-1	7296.108928,15175.78391,23078.11538,31064.35862,41146.75793,51778.7156,59680.79342,67665.90005	5276.781158,16047.40773,24158.40132,32646.0775,40548.16759,48533.32887,58654.2165,69271.3006	-0.9431070079,-0.9437588486,-0.9449769724,-0.9475899348,-0.9604160873,0.9437527196,0.9449660426,0.9475625223	-0.9600333541,0.945829066,0.9500155395,0.9437532678,0.9449665727,0.9475639202,0.9604612297,-0.9464854847	ok
-1.08116232	-34.97995992	-41.99882519	0.8365108022	continued:5	1,1,-1,-1,-1,-1,1,1	-1,1,1,1,1,1,1,1	7576.598212,15664.73184,22344.15858,30231.2497,38152.5502,46232.65889,52550.57294,60450.86741	5276.515346,16058.52409,24206.59353,33103.14081,41248.69988,50133.6916,58242.66403,66545.48499	0.9456951251,0.9495999041,-0.9432948493,-0.9440975021,-0.9456507355,-0.9494599652,0.943662096,0.9447902614	-0.9600211085,0.9459767786,0.9505658472,0.9459664743,0.9505278893,0.9458021794,0.9499509225,0.9435461123	ok
-1.07915832	-34.97995992	-42.86828692	0.8337174534	continued:5	1,1,1,1,1,1,1,-1	-1,1,1,1,-1,-1,1,1	7579.632455,15548.17769,24391.2036,35247.04795,45112.28801,53025.29047,61048.36766,67557.08493	5276.2535,16070.09309,24262.48521,33299.60288,39395.74763,47468.10678,53606.49719,61544.37109	0.9447363325,0.947042766,0.9571572213,0.9562957805,0.9438978341,0.9452518175,0.9483261747,-0.9499715345	-0.9600088606,0.9461272541,0.9511790433,0.9489882817,-0.9455871516,-0.9492864695,0.9443334607,0.9461475216	ok
-1.07715431	-34.97995992	-43.52633415	0.8309241045	continued:5	1,1,1,-1,-1,-1,1,1	-1,1,1,1,1,1,1,1	7457.165439,15376.85248,23427.97566,29568.82744,37844.76742,49001.21622,59458.2189,68752.87008	5275.995598,16082.12619,24328.65101,33790.01856,43710.34673,54796.31091,68358.73939,80507.28206	0.9439876777,0.9454335902,0.9488518487,-0.9463581378,-0.9522368591,-0.9607434724,0.9472010159,0.9593523196	-0.9599966105,0.9462806243,0.9518717529,0.9548315808,0.952282024,0.9605246624,0.9572509078,0.9609626024	ok
-1.07515030	-34.97995992	-44.09140391	0.8281307556	continued:5	1,1,1,1,-1,1,1,1	-1,1,1,-1,-1,-1,-1,1	7140.115998,15040.40451,22992.75106,31322.119,38557.52629,44681.95071,52849.06681,61784.85653	5275.741622,16094.63682,24409.15546,32047.58405,42118.67179,54495.20676,68634.91665,77407.7376	0.9435027687,0.9444748283,0.946468986,0.9528365727,-0.9489396533,0.9460057348,0.9507612265,0.94688201	-0.9599843582,0.9464370293,0.952668109,-0.9520765454,-0.9587795586,-0.9601104886,-0.9591291101,0.9436406373	ok
-1.07314629	-34.97995992	-44.60614209	0.8253374067	continued:5	1,1,1,1,1,1,1,-1	-1,1,1,-1,-1,-1,-1,-1	6742.369048,14639.15774,22572.88496,30694.78068,39066.35097,46983.08104,55001.06123,62090.87737	5275.49155,16107.64045,24510.89838,32431.07121,40327.51897,48260.05005,56373.20831,64273.81475	0.9433417079,0.9441606694,0.9457959309,0.9500320565,0.9438430213,0.9451423083,0.9480857155,-0.9543093932	-0.9599721036,0.9465966203,0.9536049552,-0.9433314471,-0.9441405439,-0.9457534725,-0.9498886301,-0.94344496	ok
-1.07114228	-34.97995992	-45.08993922	0.8225440579	continued:5	-1,-1,-1,-1,-1,-1,-1,-1	-1,1,1,1,1,1,1,1	6600.247404,14499.84889,22437.99942,30581.17035,39333.74159,47340.98702,57181.49725,70722.7945	5275.245364,16121.15475,24646.83188,34505.67227,43596.41217,52127.69021,60065.70489,68207.79791	-0.9433642933,-0.9441971134,-0.9458758506,-0.950337811,-0.9450255999,-0.9477969166,-0.9601063381,-0.9554253244	-0.9599598469,0.9467595588,0.9547422472,0.9513461963,0.9501291229,0.9441948536,0.9458713297,0.9503209517	ok
-1.06913828	-34.97995992	-45.55227731	0.8198784264	continued:5	-1,-1,-1,-1,-1,1,1,1	-1,1,1,1,1,1,1,1	6734.048307,14637.19185,22582.45617,30772.16959,39759.87045,46848.50637,56527.58886,66788.83975	5275.003043,16135.19967,24845.13935,33782.69713,41686.5997,49634.69123,57851.68363,66955.46716	-0.9434077491,-0.9442738466,-0.9460446029,-0.9509989884,-0.9481144514,0.9543182654,0.9474394441,0.9606904742	-0.9599475878,0.9469260197,0.9561853197,0.9434297398,0.9443165389,0.9461376561,0.9513774704,0.9503723566	ok
-1.06713427	-34.97995992	-45.99629372	0.8176260972	continued:5	1,1,1,1,1,1,1,1	-1,1,1,1,1,-1,-1,-1	6949.713799,14856.4941,22809.37785,31058.8079,40429.54399,49831.43009,57808.71133,66548.49976	5274.764568,16149.79769,25183.05524,35797.9105,43888.17111,50111.26262,58068.72916,66373.32852	0.9434518148,0.944353122,0.9462226562,0.9517769495,0.9539206471,0.9446676452,0.9469405818,0.9563775436	-0.9599353265,0.9470961911,0.9581262959,0.9455775662,0.9493881563,-0.9444177855,-0.9463665174,-0.9524551364	ok
-1.06513026	-34.97995992	-46.41977863	0.8160425050	continued:5	1,1,1,1,-1,1,-1,-1	-1,1,1,1,1,1,1,-1	7072.391964,14982.84223,22943.64635,31269.32709,39014.43527,46146.38272,53643.7014,63965.89172	5274.52992,16164.97399,25921.84928,36903.47202,44821.56254,52814.78332,62761.55366,72619.47263	0.9434948994,0.9444313201,0.9464026797,0.9526744747,-0.9529511712,0.948059032,-0.9567982375,-0.9495865091	-0.959923063,0.9472702763,0.9605462891,0.9436858466,0.9448144961,0.9473035212,0.9608184489,-0.9438094278	ok
-1.06312625	-34.97995992	-46.81730141	0.8151276500	continued:5	-1,-1,-1,-1,-1,-1,-1,1	-1,1,1,-1,-1,-1,1,1	7106.253363,15020.49144,22989.88156,31423.76797,40476.76152,48412.24175,56489.12701,62644.39623	5274.29908,16180.75672,26442.28173,36951.27679,44890.33958,52990.55441,59315.86635,67264.05705	-0.9435392237,-0.9445135176,-0.9465947602,-0.9538010521,-0.9439987769,-0.9454596801,-0.9490657082,0.9459475152	-0.9599107972,0.9474484957,0.9606162789,-0.9440629828,-0.9455961451,-0.9494891859,0.9442142223,0.9459230527	ok
-1.06112224	-34.97995992	-47.18376663	0.8144194461	continued:5	1,1,1,1,1,-1,1,-1	-1,1,1,-1,-1,-1,1,1	7343.172168,15261.22416,23239.53194,31830.87065,43649.09392,54239.89193,60634.42635,66821.65189	5274.072027,16197.17734,26257.36247,37028.36949,44968.71609,53065.94771,59302.46367,67282.24835	0.9435825357,0.9445936833,0.9467886873,0.9551980305,0.9606500043,-0.9485921939,0.9489602337,-0.9465776356	-0.9598985291,0.9476310883,0.9602638442,-0.9440467879,-0.9455609939,-0.9493981995,0.9446113455,0.9468301018	ok
-1.05911824	-34.97995992	-47.51889945	0.8142522618	full	-1,-1,-1,-1,-1,-1,1,-1	-1,1,1,1,1,1,-1,-1	7312.90743,15234.85523,23222.67866,32086.01724,43003.40964,53279.11656,59666.46667,65891.91132	5273.848744,16214.27095,26045.35533,39290.61462,48783.00415,59352.08457,67924.99455,75855.1204	-0.9436261842,-0.944675391,-0.9469905589,-0.9571083893,-0.956707909,-0.9486192445,0.9488831203,-0.9471093307	-0.9598862589,0.947818314,0.9600670313,0.9518471832,0.9550551522,0.9578671061,-0.9438093249,-0.9450554697	ok
-1.05711423	-34.97995992	-42.01076656	0.8335214768	continued:5	1,1,-1,1,-1,-1,1,-1	-1,1,-1,-1,-1,-1,1,1	7555.886566,15894.59739,23567.20201,33469.25701,44036.37708,52064.80071,61095.88448,71778.39086	5273.629211,16232.07678,25218.88729,37599.53117,47425.34249,62016.50379,71253.31434,79352.98289	0.9463830533,0.952720167,-0.9525096035,0.9602564686,-0.9450450402,-0.9479370325,0.9602424171,-0.9443627641	-0.9598739863,0.9480104564,-0.9608674335,-0.9478726476,-0.9599885152,-0.9604484267,0.9455374829,0.949363528	ok
-1.05511022	-34.97995992	-42.89579716	0.8307281279	continued:5	1,1,-1,1,1,-1,-1,-1	-1,1,-1,-1,1,1,1,1	7532.538747,15601.53166,21924.46735,29037.79553,38790.34837,45165.89797,53132.4991,61416.13571	5273.41341,16250.63871,23364.72527,33119.6983,39569.71029,47525.90442,55703.42641,64533.71258	0.945328757,0.948745773,-0.9482080229,0.9545308145,0.9495362347,-0.9443514216,-0.9462375036,-0.9520406393	-0.9598617115,0.9482078254,-0.9545360757,-0.9495847028,0.9441981236,0.9458908194,0.9505994338,0.9462321104	ok
-1.05310621	-34.97995992	-43.56373362	0.8279347790	continued:5	1,1,1,1,-1,-1,1,1	-1,1,-1,-1,-1,-1,-1,1	7388.989481,15371.98762,23891.42323,33626.25406,39817.13336,47947.26722,55042.90123,62978.13031	5273.201321,16270.00586,22952.84593,32084.12373,41028.56123,50921.33183,64014.32729,71117.85415	0.9445340919,0.9466674658,0.9544931996,0.9492225108,-0.9456629493,-0.9498137557,0.9437801323,0.9449778888	-0.9598494344,0.9484107606,-0.9514141081,-0.9509074659,-0.9477738364,-0.9600859315,-0.9482253433,0.9544720043	ok
-1.05110220	-34.97995992	-44.13612577	0.8251414301	continued:5	1,1,1,-1,-1,-1,1,1	-1,1,-1,1,1,1,1,-1	7089.818471,15040.87931,23150.4318,29413.74862,37436.03717,47495.0572,58201.2733,66181.19778	5272.992927,16290.23342,22741.65526,29022.44668,37034.61659,47313.53364,60167.69071,67411.20182	0.9440402951,0.945537335,0.9494199444,-0.9449199109,-0.9476382797,-0.9602012487,0.9444659253,0.9465091979	-0.9598371551,0.9486196357,-0.9494449455,0.9448246424,0.9473908655,0.9606749356,0.9529272411,-0.9491283924	ok
-1.04909820	-34.97995992	-44.65641393	0.8223480813	continued:5	1,1,1,-1,1,1,1,-1	-1,1,-1,1,1,1,1,-1	6767.715359,14712.07563,22768.02763,29635.70225,37064.09633,45926.35637,54571.95671,63093.01388	5272.78821,16311.38347,22619.43591,31597.06353,44339.05369,52355.22462,62630.75883,73076.34658	0.9438766426,0.9451742385,0.9483417741,-0.9528343427,0.9507094231,0.9467895991,0.9555042157,-0.954081692	-0.9598248735,0.948834862,-0.9479663885,0.960127172,0.9448383626,0.9474337169,0.9605318986,-0.9446408627	ok
-1.04709419	-34.97995992	-45.14425809	0.8195547324	continued:5	1,1,1,-1,-1,-1,-1,-1	-1,1,-1,-1,-1,-1,-1,-1	6671.680688,14619.04639,22681.73643,29402.72153,38768.42714,47730.31993,55703.4574,63975.67823	5272.58715,16333.52619,22563.1252,31185.60817,42619.4262,55637.2075,64447.1354,74690.3318	0.9438922438,0.945202148,0.9484344566,-0.9517202098,-0.9538276629,-0.9443128568,-0.946152153,-0.951779171	-0.9598125897,0.9490568954,-0.9467576975,-0.9552994183,-0.960072222,-0.9469127813,-0.9566541285,-0.9483611684	ok
-1.04509018	-34.97995992	-45.60924469	0.8168891009	continued:5	1,1,1,-1,1,1,1,-1	-1,1,-1,-1,-1,-1,-1,-1	6806.278746,14758.22906,22837.29511,29250.62998,35492.55636,44314.43243,54594.24345,60814.038	5272.38973,16356.74108,22582.38632,30740.12906,38872.24638,46845.25941,55094.91554,64254.5163	0.9439371556,0.9452949355,0.9487194863,-0.9490467574,0.9469127199,0.956710271,0.9491821757,-0.9462123163	-0.9598003035,0.9492862413,-0.945725695,-0.9501150235,-0.9442786003,-0.946071025,-0.9514539361,-0.9513611845	ok
-1.04308617	-34.97995992	-46.05457402	0.8147644891	continued:5	1,1,1,-1,-1,1,1,1	-1,1,-1,-1,-1,-1,1,1	6938.500807,14895.14753,22992.14462,29251.89682,38730.1139,48725.75673,59398.31631,70204.21497	5272.195932,16381.11869,22732.62366,30757.20641,41006.08936,53867.08697,60394.96448,68468.88094	0.9439819427,0.9453894379,0.9490209633,-0.9471596808,-0.9597031197,0.9550287233,0.9583302099,0.950438865	-0.9597880152,0.9495234634,-0.9448442016,-0.9474697963,-0.9603931425,-0.948613798,0.9501066731,0.9442724199	ok
-1.04108216	-34.97995992	-46.47685213	0.8131808970	continued:5	1,1,1,-1,-1,1,1,1	-1,1,-1,-1,-1,-1,-1,-1	7070.542979,15032.00553,23148.74939,29398.07486,37548.10353,44842.66014,52804.13473,60920.96271	5272.005737,16406.76261,23191.03972,31162.78943,39361.82141,48184.06133,56752.83005,66724.18151	0.944027077,0.9454855786,0.9493408016,-0.9456561913,-0.9499127696,0.944027539,0.9454859398,0.9493423112	-0.9597757246,0.949769192,-0.94419257,-0.9458659133,-0.9506767531,-0.9466695462,-0.9547849717,-0.9530194631	ok
-1.03907816	-34.97995992	-46.87219379	0.8122660419	continued:5	-1,-1,-1,1,1,1,-1,-1	-1,1,1,1,1,1,1,1	7128.068127,15094.53751,23233.64569,29814.06306,37807.14646,46252.36379,53892.94867,61866.43091	5271.819129,16433.79194,24144.88095,32115.69254,40289.40896,48667.91401,56692.05758,66966.02118	-0.9440735782,-0.9455860004,-0.9496898629,0.944451879,0.9464832015,0.9536164619,-0.9441839909,-0.9458426639	-0.9597634316,0.950024136,0.9441431913,0.9457469871,0.9502547479,0.9447908112,0.9473406965,0.960686115	ok
-1.03707415	-34.97995992	-47.23564403	0.8115578380	continued:5	1,1,1,1,1,1,1,1	-1,1,1,1,1,1,1,-1	7351.328808,15322.83533,23486.06745,31255.67058,39233.45135,47452.25896,56366.04781,66223.54618	5271.63609,16462.34451,24881.44157,32923.78339,42887.90291,55610.48277,63691.57499,70331.54877	0.9441181206,0.9456840225,0.9500492317,0.9442142677,0.9459092632,0.9508933466,0.9478250413,0.9599728341	-0.9597511364,0.950289095,0.9449325018,0.9477262038,0.9600418343,0.9452283893,0.9485706345,-0.9510576387	ok
-1.03507014	-34.97995992	-47.56709647	0.8113906537	full	-1,-1,-1,-1,-1,1,1,1	-1,1,1,1,1,1,1,1	7333.794434,15310.47438,23500.75838,32107.22103,40246.85789,46696.40222,54729.21394,65003.36531	5271.456601,16492.58084,25218.83257,33520.2055,43454.97357,53147.05544,61134.43717,69435.71023	-0.9441635045,-0.9457843059,-0.9504353862,-0.945553766,-0.9496159976,0.944823652,0.9474377999,0.9603850933	-0.959738839,0.950564977,0.9461521352,0.9519593418,0.9579251246,0.9443171815,0.9461518671,0.951958103	ok
-1.03306613	-34.97995992	-42.05789785	0.8306670988	continued:5	1,1,-1,-1,-1,-1,-1,-1	-1,1,1,1,-1,-1,-1,-1	7532.60469,16563.3243,24950.58333,32973.33223,42410.22573,54154.91555,64281.32236,73872.24845	5271.280647,16524.68924,25412.47525,35482.11795,46093.44088,54258.98837,61791.69419,69775.11104	0.9469802471,0.9577962498,-0.9447015476,-0.9471174958,-0.959487603,-0.9565189249,-0.947153644,-0.9599360688	-0.9597265392,0.9508528177,0.9476318994,0.960095612,-0.9456617726,-0.9500073911,-0.9442293064,-0.9459362429	ok
-1.03106212	-34.97995992	-42.94397095	0.8278737499	continued:5	1,1,1,1,-1,-1,-1,1	-1,1,1,-1,-1,-1,-1,-1	7473.830642,15686.27381,24483.02823,33230.33263,41155.50292,49181.13617,58693.50052,68088.77587	5271.108208,16558.89249,25576.1566,31881.48587,40055.45072,47908.88923,55907.30509,64304.58336	0.9458402934,0.9506921514,0.9467983527,0.9560550255,-0.9447051919,-0.9471292426,-0.9597022028,0.9510196121	-0.9597142373,0.9511538061,0.9494328294,-0.9456832397,-0.9501028222,-0.9444000355,-0.9463490018,-0.9530069848	ok
-1.02905812	-34.97995992	-43.61521208	0.8250804010	continued:5	1,1,1,1,1,1,1,1	-1,1,1,1,-1,1,1,-1	7294.61892,15358.24831,25103.84068,39288.43854,50222.55093,58788.13008,68606.20199,77580.02806	5270.939269,16595.45653,25782.28825,35330.91947,45904.00884,56309.13179,64471.08827,71426.43925	0.9450179962,0.9479911712,0.9598162392,0.9592084653,0.946604769,0.9546073428,0.9510590166,0.9488572797	-0.959701933,0.9514693162,0.9518004459,0.9554246454,-0.9604119219,0.9456120571,0.949866836,-0.9443849776	ok
-1.02705411	-34.97995992	-44.19079022	0.8222870522	continued:5	1,1,1,-1,-1,1,-1,-1	-1,1,1,-1,1,1,1,1	6988.868402,15004.41305,23678.44836,32981.53559,44230.80575,51985.74276,60866.75433,73964.58601	5270.773812,16634.70213,26194.35375,34909.31273,43423.70049,53012.01158,63003.33637,75061.32094	0.9445463728,0.9467149329,0.9554684828,-0.9584425216,-0.9557639239,0.948050664,-0.9598934948,-0.949826042	-0.9596896264,0.9518009469,0.9555046271,-0.9555272195,0.9542687801,0.9477034135,0.9599985121,0.9444919837	ok
-1.02505010	-34.97995992	-44.71357787	0.8194937033	continued:5	1,1,1,-1,-1,-1,1,1	-1,1,1,1,-1,-1,-1,-1	6713.156588,14719.74427,23147.19113,30234.13397,39401.4101,50401.31218,57536.7861,65693.90202	5270.61182,16677.02069,27856.62016,42175.81703,53373.68429,61386.02035,69923.50649,79534.65573	0.9444132413,0.9463717141,0.9532386056,-0.9470062156,-0.9583756321,-0.9534281204,0.9455555979,0.9497010375	-0.9596773176,0.9521505729,0.9604746463,0.9600063006,-0.9444820751,-0.9465472872,-0.9543059061,-0.9480638104	ok
-1.02304609	-34.97995992	-45.20300418	0.8167003544	continued:5	-1,-1,-1,1,1,1,-1,-1	-1,1,1,1,-1,1,1,1	6655.317098,14666.4984,23137.21461,30833.96979,38853.6859,47522.59761,57860.32843,70960.17672	5270.453277,16722.89606,27285.63986,41091.99329,50004.56236,57377.69703,65430.57294,75567.7469	-0.9444399103,-0.9464359268,-0.9536480264,0.9445385842,0.9466904343,0.9553789542,-0.9598647831,-0.9500337751	-0.9596650065,0.9525204127,0.959788001,0.9574319911,-0.953561054,0.9448631164,0.9475663153,0.9600890028	ok
-1.02104208	-34.97995992	-45.66854388	0.8140347229	continued:5	1,1,1,1,-1,-1,-1,-1	-1,1,-1,-1,-1,-1,-1,1	6795.641628,14813.19154,23370.11868,33058.87714,39370.53321,48280.02309,59237.74973,69781.65445	5270.298166,16772.93532,24255.48255,33348.29463,42069.49442,50662.34326,60637.20133,67810.42616	0.9444866076,0.946552136,0.9544253091,0.9492772916,-0.9468674569,-0.9569927424,-0.9568779091,-0.9534390826	-0.959652693,0.9529131145,-0.9513074402,-0.9506429087,-0.9465975182,-0.9547368863,-0.953121487,0.9483437873	ok
-1.01903808	-34.97995992	-46.11336249	0.8119101111	continued:5	1,1,1,1,1,1,1,-1	-1,1,-1,-1,-1,-1,1,1	6935.030701,14959.15599,23628.02681,34851.40741,48097.36633,58649.32711,72257.15688,80628.10702	5270.146469,16827.91335,23926.80116,32430.20569,41404.91703,49493.34566,58473.7619,70881.40439	0.9445333129,0.9466711536,0.955327795,0.9598057088,0.9525195031,0.9597714884,0.9561281959,-0.9445923549	-0.9596403774,0.9533318735,-0.9464657525,-0.9539072005,-0.9450984107,-0.9482575523,0.9606518905,0.9503678986	ok
-1.01703407	-34.97995992	-46.53410377	0.8104542364	continued:5	-1,-1,-1,-1,-1,-1,-1,-1	-1,1,1,1,1,-1,-1,-1	7013.631819,15044.68564,23872.20539,33858.41867,42492.88111,53945.4759,67139.2472,78481.94177	5269.998172,16888.83873,25256.34223,33291.74775,42326.73236,50524.56553,59426.10794,70051.42722	-0.9445821133,-0.9467965694,-0.9564338374,-0.9466250907,-0.9550289071,-0.9604853095,-0.9599448512,-0.94766085	-0.9596280594,0.9537805858,0.9446273197,0.9469181666,0.9576488707,-0.9468455868,-0.9568991727,-0.9542856124	ok
-1.01503006	-34.97995992	-46.92576462	0.8092050128	continued:5	1,1,1,-1,-1,1,1,1	-1,1,1,1,1,-1,-1,-1	7245.312763,15283.37366,24340.04402,32649.12178,40808.32415,47182.72693,55482.00202,64799.53518	5269.853256,16957.05472,26518.91442,36355.19185,49368.10364,55918.45242,63661.37972,71709.09678	0.9446289641,0.9469199805,0.9577386048,-0.945482108,-0.9495138793,0.9460126959,0.9515950004,0.9533231255	-0.9596157392,0.9542640586,0.9478625229,0.9598324921,0.9488440684,-0.9501478404,-0.9447235017,-0.9471793028	ok
-1.01302605	-34.97995992	-47.28798624	0.8087034600	continued:5	1,1,1,1,1,1,1,-1	-1,1,1,1,-1,1,-1,-1	0.3963257412,7362.674719,15407.91743,24840.69004,36019.95802,44722.62473,53514.139,62020.10351	5269.711706,17034.39894,27133.41859,36794.15734,43180.09525,52126.07494,62787.40076,71085.57913	0.9958341019,0.9446758011,0.94704493,0.9592889599,0.95066508,0.9467512741,0.956144775,-0.9446929796	-0.9596034167,0.95478829,0.9543926012,0.9491211019,-0.9481873652,0.9599570803,-0.9459962702,-0.9515449413	ok
-1.01102204	-34.97995992	-47.61548645	0.8085362757	full	-1,-1,-1,1,1,1,1,1	-1,1,1,1,-1,-1,1,1	7354.681549,15407.39025,25461.7835,35963.90819,44016.83671,54097.02796,65925.45473,74746.1341	5269.573507,17123.46643,28305.77719,43374.28172,53986.18783,63250.18984,71466.09077,81199.50471	-0.9447229699,-0.9471733162,-0.9605640599,0.9447250212,0.9471790502,0.9605832515,0.9467644526,0.956316231	-0.9595910919,0.9553608355,0.9596861187,0.9605556465,-0.9515322554,-0.9527727862,0.9563388587,0.9457467922	ok
-1.00901804	-34.97995992	-42.08516677	0.8277296084	continued:5	1,1,1,1,1,-1,1,-1	-1,1,-1,-1,-1,-1,1,1	7528.280711,17509.46821,29395.94349,37465.70034,47622.38843,59332.43958,67106.92074,75944.21075	5269.438641,17228.06248,25046.86791,33268.93778,41602.12772,49784.68809,56404.62187,64534.81151	0.9477097033,0.9598775639,0.9448504851,0.9475364542,0.9600090977,-0.9557897782,0.9481438098,-0.9597836862	-0.9595787648,0.9559912415,-0.9457124946,-0.9504016131,-0.9455454301,-0.9497741458,0.9452733556,0.9488378031	ok
-1.00701403	-34.97995992	-42.98049925	0.8249362595	continued:5	1,1,1,1,1,-1,-1,-1	-1,1,1,1,1,-1,-1,1	7441.20236,15983.87236,25333.28081,33976.85494,45024.01719,56745.6913,68956.47567,78739.5247	5269.307093,17354.02022,27658.64918,36238.22325,44703.96289,51842.83549,60615.82056,68372.48716	0.9464586422,0.9540988493,0.9465851245,0.9549675757,0.9595715509,-0.9605911107,-0.9479265039,-0.9597568268	-0.9595664354,0.9566913739,0.9505763863,0.9463375462,0.9533587518,-0.9467087878,-0.9559415875,0.9462483207	ok
-1.00501002	-34.97995992	-43.65871638	0.8221429106	continued:5	1,1,-1,-1,-1,-1,-1,-1	-1,1,-1,-1,1,1,-1,-1	7245.644691,15445.37113,22452.57612,30540.5461,40399.03533,53302.82329,63106.56852,76137.55387	5269.178846,17510.73945,26081.61984,35091.95849,41839.20305,49960.57906,57141.95561,68717.51975	0.9455906279,0.949965276,-0.944953336,-0.9478400695,-0.9597841021,-0.9479028968,-0.9597558208,-0.9496208972	-0.9595541037,0.957474831,-0.95116905,-0.9498552809,0.9451838356,0.9485575957,-0.9550029414,-0.9605422082	ok
-1.00300601	-34.97995992	-44.23971918	0.8193495617	continued:5	1,1,-1,-1,-1,-1,1,-1	-1,1,1,-1,1,-1,-1,-1	6957.234532,15070.85627,24157.40218,37489.2713,49130.72514,62958.34388,71299.71995,77809.05748	5269.053886,17714.07703,28965.34659,36772.23712,44119.0384,51970.47839,60225.4815,68968.26407	0.9451155336,0.9483422991,-0.9603737098,-0.9572659648,-0.9596600383,-0.9575441559,0.9490135379,-0.9495737042	-0.9595417698,0.9583518834,0.9557761226,-0.9485287595,0.9559973283,-0.9457907987,-0.9507636369,-0.9473348034	ok
-1.00100200	-34.97995992	-44.76658854	0.8165562129	continued:5	1,1,1,1,1,1,1,1	-1,1,1,-1,-1,-1,-1,-1	6725.704028,14823.34827,24599.86466,37672.45657,45970.71457,54204.57607,62473.59345,70692.84124	5268.932197,17990.43685,29366.27686,36527.51353,45425.15458,55731.26821,64437.81993,74625.95116	0.9449852862,0.9479365874,0.9597181846,0.9504248402,0.9456996435,0.9504104353,0.9456423099,0.9501861378	-0.9595294336,0.9593041063,0.9533793881,-0.9467725321,-0.9566824737,-0.9507310974,-0.9471683863,-0.9605684369	ok
-0.99899800	-34.97995992	-45.25881525	0.8137628640	continued:5	1,1,1,1,-1,-1,1,1	-1,1,-1,1,-1,-1,1,-1	6693.554282,14797.6176,24511.80816,37771.33033,45226.6799,54208.2375,60686.60246,69064.92107	5268.813762,18366.92454,27854.66789,34298.24784,41430.97551,51395.08184,58683.7867,65095.28572	0.9450121643,0.9480186084,0.959672777,0.9530088657,-0.951129832,-0.9496497778,0.9461152441,0.9522778732	-0.9595170951,0.9601792163,-0.9491788801,0.9486190167,-0.9546769823,-0.9531176673,0.9495099257,-0.9467379002	ok
-0.99699399	-34.97995992	-45.72589837	0.8110972325	continued:5	1,1,-1,-1,-1,-1,1,1	-1,1,-1,-1,1,1,1,-1	6835.699646,14949.57588,23762.3264,37089.29699,45267.2427,53381.84094,62184.14963,75314.22907	5268.698568,18758.63741,30292.36575,42776.90606,53460.00734,62085.59203,72057.65728,79269.33363	0.9450611722,0.9481727467,-0.9596518393,-0.9537792347,-0.9450658306,-0.9481880762,0.9596793889,0.9513906576	-0.9595047543,0.9605478378,-0.9584992596,-0.9598501295,0.9465145613,0.9546773739,0.9532122633,-0.9484901102	ok
-0.99498998	-34.97995992	-46.17104054	0.8089726207	continued:5	1,1,-1,-1,-1,-1,-1,1	-1,1,1,1,1,1,1,-1	6978.430396,15102.56023,24098.63446,38263.29066,51433.47806,62243.41719,74810.1995,83492.23491	5268.586597,18938.81213,31221.04344,40891.13151,51702.81057,59991.77023,68934.63932,75355.49194	0.9451102451,0.948331004,-0.9599521119,-0.9596590649,-0.9519813743,-0.9603674745,-0.9574460996,0.9521427591	-0.9594924112,0.9603899306,0.9470336526,0.9598010248,0.9458491154,0.9510765778,0.9493249771,-0.9479213942	ok
-0.99298597	-34.97995992	-46.59096446	0.8073890286	continued:5	1,1,-1,-1,-1,-1,1,-1	-1,1,-1,-1,1,1,1,1	7121.331868,15256.19023,23387.16489,35125.3299,45101.93833,55280.28971,68746.49191,79629.06635	5268.477835,18949.87922,29449.70063,37935.45164,45116.44061,55337.0731,69737.67106,82000.00579	0.9451598255,0.9484942867,-0.9593194265,-0.9564452538,-0.9474969574,-0.9599135402,0.960158087,-0.9453302208	-0.9594800658,0.9601773383,-0.9462945793,-0.9533354681,0.9474551199,0.9599552637,0.9597521304,0.9456377525	ok
-0.99098196	-34.97995992	-46.98200371	0.8063464561	continued:5	1,1,-1,-1,1,1,-1,-1	-1,1,1,-1,1,1,1,1	7259.090723,15405.14045,22596.57136,34420.92302,45131.78493,53361.48003,60695.56028,68841.56044	5268.372267,18906.70091,31956.09267,39199.85784,45994.71964,57065.34181,71904.1576,83741.49759	0.9452096928,0.9486615393,-0.9550337281,-0.9601511814,0.9456120429,0.950124326,-0.945209244,-0.948660561	-0.9594677181,0.9600232905,0.9532057602,-0.9488470807,0.9521623875,0.9599674167,0.9601214162,0.9454445962	ok
-0.98897796	-34.97995992	-47.34068252	0.8058449033	continued:5	1,1,1,-1,-1,-1,1,1	-1,1,1,1,1,1,1,-1	1.590675787,7382.854215,15540.50057,22385.85848,32846.4084,46688.98324,54960.23148,65281.0581	5268.269878,18851.24148,32990.66704,46165.74775,57194.8062,71310.96297,84567.81984,91890.6831	0.9721330986,0.9452587977,0.9488311783,-0.9525618915,-0.9595703048,-0.957619058,0.9473462826,0.9600589234	-0.9594553681,0.9599125147,0.9596181666,0.9521806261,0.9599106456,0.9596073502,0.953135946,-0.9498107828	ok
-0.98697395	-34.97995992	-47.66407171	0.8056777190	full	-1,-1,1,1,1,-1,-1,1	-1,1,-1,-1,-1,1,-1,-1	7382.241899,15552.04939,22200.10948,30918.34738,40903.53423,52367.09698,60537.46633,67175.60527	5268.170652,18796.00655,29713.80316,38077.93565,46557.96111,53846.71246,60295.54475,70041.809	-0.9453082568,-0.9490058589,0.950807555,0.947690643,0.9597368922,-0.9453112282,-0.9490163449,0.9507089437	-0.9594430159,0.9598282355,-0.9505299031,-0.946252121,-0.9531770285,0.9493874025,-0.9479781677,-0.9596204214	ok
-0.98496994	-34.97995992	-42.15110430	0.8248726824	continued:5	1,-1,1,1,-1,-1,-1,-1	-1,1,-1,-1,-1,1,1,-1	7519.675391,16420.19961,27111.0276,37494.42958,49050.78675,59054.09881,68791.23015,81883.57228	5268.074576,18744.95389,29491.14442,38104.3492,47749.91811,54325.83425,62815.4397,70062.01354	0.9483520102,-0.9597754422,0.9472552379,0.9601862318,-0.9564613071,-0.9479905211,-0.9596042559,-0.9512379324	-0.9594306613,0.9597605314,-0.9464395524,-0.9543914057,-0.9497591936,0.9462580687,0.9532401777,-0.9487471525	ok
-0.98296593	-34.97995992	-43.04103770	0.8220793335	continued:5	1,1,1,1,-1,1,1,-1	-1,1,1,1,-1,-1,-1,-1	7395.170333,17158.75442,28966.89839,38549.33264,45098.91621,51602.06362,60699.45924,69005.54225	5267.981633,18699.48834,30332.95891,38531.51374,44995.24251,54713.47439,67851.49606,78056.44917	0.9470070703,0.9599058635,0.9543337228,0.9491745787,-0.949650259,0.9468046603,0.9575712967,-0.9482758747	-0.9594183045,0.9597036329,0.9454200769,0.9494168588,-0.9480170289,-0.9595833756,-0.9518691313,-0.9588151247	ok
-0.98096192	-34.97995992	-43.71968933	0.8192859846	continued:5	1,1,1,1,-1,1,1,1	-1,1,1,1,1,1,1,1	7172.566457,15600.46646,26086.14485,39340.42303,46607.72215,53347.56384,62777.57305,72434.93011	5267.891811,18660.33805,31156.3003,39894.14521,50958.53553,64598.98364,74579.11255,84327.47707	0.9461196275,0.9525160931,0.9595550158,0.9532364188,-0.9489765229,0.9516050832,0.9544032412,0.9499962562	-0.9594059454,0.9596539898,0.9465557742,0.9553296638,0.9595269606,0.9564494137,0.9479753422,0.9595854613	ok
-0.97895792	-34.97995992	-44.30210683	0.8164926357	continued:5	1,1,1,1,1,1,1,-1	-1,1,1,-1,-1,-1,1,1	6890.601315,15158.44599,23240.73918,31597.57949,41096.22583,52909.83428,66967.84213,77672.89188	5267.805093,18628.33693,31438.00204,40196.91038,53247.53891,62024.56471,70828.81111,83293.8436	0.945673937,0.9504304367,0.9459438653,0.951641016,0.9549489596,0.96039801,0.9597402788,-0.947806899	-0.959393584,0.95960923,0.9482802369,-0.9595699381,-0.9509036016,-0.9483331193,0.9596416297,0.9465333105	ok
-0.97695391	-34.97995992	-44.83016736	0.8136992869	continued:5	1,1,-1,-1,-1,-1,-1,-1	-1,1,1,-1,-1,1,1,1	6695.853486,14940.39737,21899.60032,30189.73877,38752.59776,49158.34153,63290.8099,75426.55807	5267.721465,18605.08689,31587.04902,38823.31273,47069.21091,54075.66469,62353.4879,70635.41904	0.945574187,0.9500271687,-0.9457372774,-0.950709587,-0.9472106199,-0.9601801686,-0.9596439339,-0.9459334908	-0.9593812202,0.9595675555,0.9501392235,-0.945579398,-0.9500484021,0.9456959769,0.9505318397,0.9463498814	ok
-0.97494990	-34.97995992	-45.32289803	0.8109059380	continued:5	-1,-1,1,1,-1,-1,1,1	-1,1,1,1,-1,-1,-1,-1	6689.974195,14948.10786,22309.65503,30567.82938,37931.17437,46189.33126,53551.90607,61810.07027	5267.640913,18594.34801,31748.65837,42587.37727,53418.40263,62010.69903,71107.07448,80050.32396	-0.9456126693,-0.9501902445,0.9456129637,0.9501908665,-0.9456126723,-0.950190604,0.9456127891,0.9501907142	-0.9593688542,0.9595272449,0.95225745,0.9596843697,-0.946363221,-0.954048142,-0.946687049,-0.9566197879	ok
-0.97294589	-34.97995992	-45.78959111	0.8082403065	continued:5	-1,-1,-1,-1,-1,-1,-1,1	-1,1,1,1,1,1,1,-1	6838.445415,15114.35718,23084.75683,31464.141,41453.35448,51384.30266,59936.30513,67484.58013	5267.563423,18607.5213,32061.64155,43441.3778,55296.21024,63605.74153,72352.90892,81099.40744	-0.9456639295,-0.9504111224,-0.9459661538,-0.9517983044,-0.9578768349,-0.9462961617,-0.9536442454,0.9460347034	-0.9593564859,0.9594856897,0.9551529015,0.9596262798,0.9457744083,0.9508928084,0.9483147151,-0.9595374867	ok
-0.97094188	-34.97995992	-46.23337877	0.8061156947	continued:5	1,1,1,1,1,-1,1,1	-1,1,1,1,-1,-1,-1,1	6987.855509,15282.75832,23711.00552,33253.35287,44838.18696,55061.65344,66384.44886,74690.55827	5267.488981,18724.19636,33781.73563,47737.12078,58847.17769,67205.63846,76511.82822,83766.90651	0.9457157844,0.9506419572,0.9469087144,0.9592124216,0.9554124051,-0.9596308009,0.9457516021,0.950800368	-0.9593441153,0.9594321093,0.9603502054,0.9596396437,-0.9459020054,-0.9514975649,-0.9533799158,0.9479529568	ok
-0.96893788	-34.97995992	-46.65101354	0.8045321026	continued:5	1,1,1,-1,-1,-1,-1,-1	-1,-1,-1,1,-1,-1,1,1	7136.946981,15452.21035,24175.38245,32945.62521,46566.97998,56338.56475,66679.6684,79471.16856	5267.417572,19486.88139,34576.44809,47552.16816,58300.24841,68713.15342,79228.47395,87710.95684	0.9457681839,0.9508829452,0.9482862072,-0.9594507304,-0.9563653598,-0.9472984298,-0.9599098198,-0.950747008	-0.9593317424,-0.9594127633,-0.9600979466,0.9596558002,-0.9471312626,-0.9602675475,0.9461619465,0.9528833865	ok
-0.96693387	-34.97995992	-47.03892779	0.8034895301	continued:5	1,1,1,-1,-1,-1,-1,-1	-1,-1,-1,-1,-1,-1,-1,-1	7280.270316,15617.33208,24565.54671,31552.86421,39959.18134,51183.14995,65110.9595,78023.35274	5267.349182,19452.30789,34178.22275,47877.38887,61414.38079,73967.78258,84315.91986,97057.49037	0.9458206688,0.9511341885,0.9500651951,-0.9459967314,-0.9520003985,-0.9601096703,-0.9595078848,-0.9497797747	-0.9593193673,-0.9594132954,-0.9602378918,-0.9603830547,-0.9595489966,-0.9472881508,-0.9599025082,-0.9502662413	ok
-0.96492986	-34.97995992	-47.39379316	0.8029879773	continued:5	1,1,1,1,1,1,-1,-1	-1,-1,-1,1,1,1,1,1	2.966883432,7409.44295,15769.6589,24961.42908,35570.85883,48309.93565,57048.84028,69875.19217	5267.283797,19441.13197,33584.96186,42950.94288,51324.99693,60751.5158,70423.08389,78663.36464	0.9620029645,0.9458730477,0.9513927372,0.952389407,0.9595168052,0.9483722284,-0.9595058698,-0.9490506775	-0.9593069898,-0.9594095582,-0.9588807932,0.945908756,0.9515679845,0.9544133474,0.9505631433,0.946607292	ok
-0.96292585	-34.97995992	-47.71285418	0.8028207930	full	-1,-1,-1,1,1,1,1,1	-1,-1,-1,1,1,-1,1,-1	7414.853457,15799.90303,25428.0613,33293.28392,42926.81304,58022.30214,72145.01129,83891.87786	5267.221404,19437.17958,33280.9203,41669.49014,52098.84564,65265.68652,75866.55042,82456.70379	-0.9459252016,-0.9516622039,-0.9558593374,0.9482729371,0.9593755446,0.9600957846,0.9595598191,0.9459847028	-0.95929461,-0.9594039968,-0.9576276386,0.9471795875,0.9600525986,-0.9600109425,0.9497421313,-0.9472852993	ok
-0.96092184	-34.97995992	-42.18841769	0.8218103212	continued:5	1,-1,-1,-1,-1,-1,-1,-1	-1,-1,-1,-1,1,1,-1,1	7551.859171,14211.78447,22215.12436,30833.55387,39854.49498,49613.01247,60484.85349,70927.94268	5267.161989,19436.48223,33101.21217,43529.3289,53345.85839,65970.99466,72571.4627,79136.34608	0.9492598595,-0.9504734748,-0.9463312127,-0.9540452186,-0.9469198656,-0.9596877007,-0.9471422134,-0.9601140383	-0.9592822279,-0.9593973676,-0.9566611424,-0.9528007038,0.9598752234,0.9493614636,-0.9496606247,0.9477843289	ok
-0.95891784	-34.97995992	-43.08589962	0.8190169723	continued:5	1,1,1,1,-1,-1,1,-1	-1,-1,-1,1,1,1,1,1	7400.216988,17305.33511,29480.97074,38318.28099,46368.69535,55202.1505,61829.09458,68648.85378	5267.105538,19437.50864,32979.13214,40858.77756,50595.53239,63544.01075,71521.62235,80165.95617	0.9477574889,0.9595143873,0.9465441467,0.9557122106,-0.9510246785,-0.9493361788,0.9499847286,-0.946498105	-0.9592698436,-0.9593900177,-0.9558875417,0.9479854884,0.9594462104,0.950471,0.946354616,0.9542360114	ok
-0.95691383	-34.97995992	-43.77116096	0.8162236234	continued:5	1,1,1,1,-1,-1,-1,-1	-1,-1,-1,-1,-1,-1,-1,-1	7174.407986,16534.06259,28651.49345,41468.47696,48121.49113,55555.97006,64029.64557,74420.06507	5267.052037,19439.52924,32888.48663,43985.78424,57028.20154,66405.3481,75439.25702,85872.46107	0.9468016016,0.9584200488,0.959449726,0.949316741,-0.9502766755,-0.9460856339,-0.9525619901,-0.9593797236	-0.9592574569,-0.9593821391,-0.9552434905,-0.9594196588,-0.9515221526,-0.9540562567,-0.9470796764,-0.960221785	ok
-0.95490982	-34.97995992	-44.35898675	0.8134302745	continued:5	1,1,1,1,-1,-1,-1,-1	-1,-1,-1,-1,1,-1,-1,-1	6917.730341,15556.16939,24735.00627,34758.30012,45662.55098,54937.51728,65637.0491,74611.14225	5267.001473,19442.15003,32816.946,43091.51172,50995.06435,58119.19194,67781.60499,76251.08475	0.9463296235,0.9541169118,0.9476099483,0.9595429703,-0.9467647457,-0.9580500212,-0.9511777261,-0.9505741918	-0.959245068,-0.9593738509,-0.9546909512,-0.9558256739,0.9489719914,-0.9544035112,-0.950734503,-0.9475335675	ok
-0.95290581	-34.97995992	-44.89120717	0.8106369257	continued:5	1,1,-1,1,1,-1,-1,-1	-1,-1,-1,-1,1,1,1,-1	6755.54806,15316.9355,22639.08545,31518.88736,45206.19203,56091.64871,65898.6563,77258.12422	5266.953832,19445.13979,32757.8769,42112.11965,50884.49452,62641.97249,71238.71623,78956.54036	0.9462154897,0.9533784704,-0.9487297696,0.9603061463,0.9595311647,-0.9468993521,-0.9597177182,-0.9504397322	-0.9592326768,-0.9593652325,-0.9542061081,-0.9484912228,0.9594891565,0.9462662897,0.9537102568,-0.9463957639	ok
-0.95090180	-34.97995992	-45.38681646	0.8078435768	continued:5	1,1,-1,-1,1,1,1,1	-1,-1,-1,1,1,1,1,1	6766.771322,15356.84229,22844.09738,32834.62585,42719.6183,51443.192,62100.77542,72285.65507	5266.909101,19448.35465,32707.35035,40635.05671,49255.59063,57660.89733,66315.87804,75635.4437	0.946248084,0.9536124373,-0.9469278269,-0.9600343547,0.9464081126,0.9547516322,0.9578901308,0.9477339403	-0.9592202833,-0.9593563406,-0.9537732588,0.9462893013,0.953889504,0.9463322816,0.9541898734,0.9483720165	ok
-0.94889780	-34.97995992	-45.85509393	0.8053845964	continued:5	-1,-1,-1,-1,-1,-1,-1,1	-1,-1,-1,1,-1,1,-1,-1	6851.096343,15489.0102,24337.38326,34250.18739,46843.52189,61288.89526,72505.08452,79184.00038	5266.867268,19451.70115,32662.86515,40000.60241,47652.69228,57145.54956,66444.95239,76352.96752	-0.9463026404,-0.9540073089,-0.946905422,-0.9598890352,-0.9593023531,-0.9596816871,-0.9493736073,0.9503652146	-0.9592078874,-0.9593472166,-0.9533815752,0.948877359,-0.9573349589,0.9573454674,-0.9564099533,-0.9486822564	ok
-0.94689379	-34.97995992	-46.29709886	0.8032599846	continued:5	-1,-1,-1,-1,-1,-1,1,1	-1,-1,-1,1,1,1,1,1	7006.653945,15697.94359,25399.67747,34479.98439,44196.61069,54059.11047,62791.56807,75078.61202	5266.828317,19455.11667,32622.7365,40618.02339,51840.03166,64371.93403,74110.27403,86978.78665	-0.9463571961,-0.9544246889,-0.9512840033,-0.9516539143,-0.9563910701,-0.948500375,0.9594229504,0.9471686251	-0.9591954893,-0.9593378926,-0.9530233088,0.9551488447,0.959406686,0.9479762205,0.9593721819,0.9501749615	ok
-0.94488978	-34.97995992	-46.71206730	0.8016763925	continued:5	1,1,1,-1,-1,1,-1,1	-1,-1,-1,1,1,1,-1,-1	7161.346635,15914.15725,27779.2556,39332.8135,50431.43489,58860.74185,65500.72606,72152.01716	5266.792237,19458.55822,32585.7761,42025.10883,55036.79877,64590.93294,74649.81265,87374.93752	0.9464125454,0.9548782316,0.9599223939,-0.9567519783,-0.9575041646,0.9495236775,-0.9494886771,0.9497388091	-0.9591830889,-0.9593283935,-0.9526927447,0.959340909,0.9515887448,0.9553875343,-0.9593744544,-0.9491279142	ok
-0.94288577	-34.97995992	-47.09653273	0.8006338200	continued:5	1,1,-1,-1,-1,1,1,-1	-1,-1,-1,-1,-1,1,1,-1	7309.6405,16134.02081,26170.87717,39179.95034,48845.26094,57272.13398,66211.74,74891.14256	5266.759015,19461.9958,32551.11266,43099.64347,55798.74188,63008.02092,74872.66852,86174.11219	0.946468389,0.9553714727,-0.9593275241,-0.9516267798,-0.9560897975,0.9465536727,0.956136599,-0.9464681281	-0.9591706862,-0.9593187395,-0.952385564,-0.9593628282,-0.9490375595,0.9548725999,0.9599053862,-0.9554121177	ok
-0.94088176	-34.97995992	-47.44731607	0.8001322672	continued:5	1,1,1,-1,-1,-1,-1,-1	-1,-1,-1,-1,1,1,1,1	4.538821601,7443.554964,16351.27661,24301.41268,33910.99164,47227.71851,56908.0819,65941.54819	5266.728637,19465.40826,32518.08541,43472.31334,55803.57917,66418.309,76009.81455,89473.66964	0.9587953733,0.9465241352,0.9559034252,-0.9481876785,-0.9592859184,-0.9544076097,-0.9512441531,-0.9513756173	-0.9591582812,-0.9593089469,-0.9520984366,-0.9595411374,0.9589293321,0.9482252438,0.9592769938,0.9554916933	ok
-0.93887776	-34.97995992	-47.76183542	0.7999650830	full	-1,-1,-1,-1,-1,-1,-1,-1	-1,-1,-1,-1,1,-1,-1,-1	7454.070668,16460.73679,26564.32125,34122.75018,43160.35228,53785.46236,64257.89314,76087.99597	5266.70109,19468.78061,32486.17785,43443.86237,53259.60229,61866.69451,72940.47687,82993.71265	-0.9465801779,-0.9564805492,-0.9503806194,-0.9465973851,-0.956658403,-0.9546869456,-0.9569878767,-0.9593973614	-0.9591458739,-0.9592990295,-0.951828755,-0.960183082,0.9488552051,-0.9600178806,-0.9475527844,-0.9594484512	ok
-0.93687375	-34.97995992	-40.57275680	0.8215913005	continued:5	1,-1,-1,-1,1,1,1,1	-1,-1,-1,-1,1,1,1,1	7851.163897,15429.40114,25844.57006,38339.40682,45128.13579,54305.7214,64622.27077,79319.75535	5266.676363,19472.1022,32454.97508,42017.19871,52297.79197,66154.75247,80014.62465,89248.02094	0.9536532999,-0.9471787209,-0.9597244305,-0.9493615499,0.9513597086,0.9526278038,0.9592220034,0.9600595857	-0.9591334644,-0.959288999,-0.9515744522,-0.9554603148,0.9595584808,0.9592362639,0.9577294176,0.9466445284	ok
-0.93486974	-34.97995992	-42.28224938	0.8187979516	continued:5	1,-1,-1,1,-1,1,1,-1	-1,-1,-1,-1,-1,-1,1,1	7554.060547,14351.75682,24434.83735,35240.89141,42657.36616,50945.31495,61301.37178,73510.82002	5266.654441,19475.36558,32424.13533,41568.35577,52089.10034,64791.22557,71577.57874,80651.73847	0.9499774577,-0.9475129212,-0.9594356605,0.9490377519,-0.9560501126,0.9469438639,0.9602086457,-0.9592716991	-0.9591210525,-0.9592788652,-0.9513338747,-0.9523883613,-0.9593052985,-0.9493868168,0.9512794873,0.9518238239	ok
-0.93286573	-34.97995992	-43.16557893	0.8160046027	continued:5	1,1,1,1,1,-1,1,-1	-1,-1,-1,-1,1,1,1,1	7354.10244,16915.67581,31958.24511,45165.5435,55417.40152,64241.38543,75066.60648,81787.04356	5266.635313,19478.56557,32393.37049,41257.35785,48514.90304,58173.79022,71232.29789,86097.78829	0.9483693547,0.9591901715,0.9601493834,0.9578731991,0.9486659821,-0.9594274863,0.9495163082,-0.9503124124	-0.9591086383,-0.9592686368,-0.9511056933,-0.9502732745,0.9467946873,0.9591406994,0.9596105548,0.9598515546	ok
-0.93086172	-34.97995992	-43.84705097	0.8132112538	continued:5	1,1,-1,-1,1,1,-1,-1	-1,-1,-1,-1,1,-1,1,1	7101.169064,17267.86644,28598.81987,38076.89384,44883.89551,54837.9044,66228.12753,76052.45431	5266.618965,19481.69871,32362.43258,40938.40325,49796.66381,60953.78755,69194.65755,79363.50429	0.9474155579,0.9594531504,-0.9542904971,-0.9499846335,0.9476612341,0.9593499265,-0.9468226446,-0.9595366659	-0.9590962219,-0.9592583213,-0.9508888378,-0.9487005755,0.9594457123,-0.9530386472,0.9564954069,0.9511384331	ok
-0.92885772	-34.97995992	-44.43351756	0.8104179050	continued:5	1,1,-1,-1,-1,-1,-1,1	-1,-1,-1,-1,-1,1,1,-1	6854.252807,17371.05943,28219.99967,38581.10149,51837.28332,64772.12793,74045.25441,81460.95072	5266.605386,19484.76284,32331.10425,40535.83346,50544.09974,61533.32133,71727.17017,83960.19745	0.9469983071,0.9600133186,-0.9469216789,-0.9601756676,-0.9592387855,-0.9514159997,-0.9534776681,0.9487912314	-0.9590838032,-0.9592479253,-0.9506824479,-0.947591486,-0.9593591792,0.9473841701,0.9594549728,-0.9586400151	ok
-0.92685371	-34.97995992	-44.96476266	0.8076245561	continued:5	1,1,-1,-1,-1,1,-1,1	-1,-1,-1,-1,-1,-1,1,-1	6724.283546,17145.57718,27324.66388,37069.63334,49771.65667,56479.74715,63444.88754,73119.89521	5266.594563,19487.75671,32299.19196,40031.57874,50559.30217,63625.717,71625.85772,80295.98212	0.946931205,0.9601535775,-0.9479498428,-0.9592482586,-0.9497104333,0.9493022076,-0.9528690695,0.9594985197	-0.9590713821,-0.9592374548,-0.9504858381,-0.9470183798,-0.9599249699,-0.9558985608,0.9485824143,-0.9592692104	ok
-0.92484970	-34.97995992	-45.45900449	0.8048312072	continued:5	-1,-1,1,1,1,1,1,-1	-1,-1,-1,1,1,1,-1,-1	6757.924017,17284.69983,27941.30194,38262.56593,52445.0124,64499.77846,74645.73251,85728.82061	5266.586484,19490.67982,32266.52137,39538.31496,50066.99119,64108.50144,75521.36891,86051.91363	-0.9469837266,-0.9599937937,0.9472520957,0.9595167127,0.9592782124,0.9474284329,0.9593981732,-0.9524654347	-0.9590589588,-0.9592269149,-0.9502984699,0.9470300028,0.9598637355,0.9593069201,-0.9469920218,-0.9599698137	ok
-0.92284569	-34.97995992	-45.92519021	0.8021655758	continued:5	-1,-1,1,1,-1,-1,-1,1	-1,-1,-1,1,1,-1,1,1	6916.424682,17441.05278,30097.686,42818.62156,49643.28797,59366.91199,72110.67895,79108.95271	5266.581135,19493.53221,32232.93416,39189.58698,49263.76668,60098.6556,67608.65531,77677.24191	-0.9470418362,-0.9598053873,0.9592180619,0.9499948235,-0.9479798071,-0.9592159183,-0.9501498873,0.9474123154	-0.9590465332,-0.9592163106,-0.9501199313,0.9475052103,0.9593477626,-0.9491114343,0.9564459684,0.9506219094	ok
-0.92084168	-34.97995992	-46.36636487	0.8000409640	continued:5	1,1,1,1,1,1,-1,-1	-1,-1,-1,1,1,1,-1,-1	7076.503763,17550.92688,29157.07172,39467.93957,53476.91215,66210.98206,73224.41153,83339.38797	5266.578506,19496.31432,32198.28616,38994.4656,48554.18245,62030.96901,70115.89413,78736.02538	0.9471015251,0.9596601597,0.9472563616,0.9594763263,0.9592026269,0.950162284,-0.947456358,-0.9593536219	-0.9590341053,-0.9592056461,-0.9499499195,0.9482802988,0.9591454535,0.9557649694,-0.9509465979,-0.9492118381	ok
-0.91883768	-34.97995992	-46.77938921	0.7985850892	continued:5	-1,-1,-1,-1,-1,-1,-1,1	-1,-1,-1,1,-1,-1,1,1	7198.514349,17608.51731,30948.8544,40295.27137,50178.9409,62066.74342,72243.90597,83749.66983	5266.578584,19499.02691,32162.44646,38910.66867,46054.78063,55241.16442,64199.28203,78302.2463	-0.9471608239,-0.9595530731,-0.956240371,-0.9477385715,-0.959243553,-0.9473863427,-0.959372255,0.9554480552	-0.9590216752,-0.9591949253,-0.9497882293,0.9492697772,-0.954160292,-0.9488379714,0.959472635,0.9592184367	ok
-0.91683367	-34.97995992	-47.15973312	0.7975425168	continued:5	1,1,1,1,1,1,1,-1	-1,-1,-1,1,1,1,1,1	7351.787113,17693.62305,31910.83143,43497.59527,53825.06787,67903.02825,80329.77247,89045.57305	5266.581356,19501.67095,32125.29745,38908.22095,46505.16621,56825.36794,70841.26037,83494.55961	0.9472213687,0.9594698633,0.9592429303,0.9472348978,0.9594580453,0.9591994063,0.9487007115,-0.959254638	-0.9590092428,-0.959184152,-0.9496347413,0.9504597462,0.9472417455,0.9594521228,0.9591815964,0.9498069937	ok
-0.91482966	-34.97995992	-47.50577648	0.7970409640	continued:5	1,1,1,1,1,1,-1,-1	-1,-1,-1,1,1,1,1,1	6.492348806,7490.377488,17765.35439,31579.08031,46566.93141,59036.53692,65941.25773,75640.90012	5266.586812,19504.2476,32086.73569,38978.4004,50168.21832,62074.89472,71850.86333,84327.92913	0.957791829,0.947282198,0.9594032169,0.9590605611,0.959577307,0.9500751544,-0.9480119787,-0.9591575946	-0.958996808,-0.9591733294,-0.9494894144,0.9518901549,0.9596081658,0.9478902794,0.959181499,0.9489845323	ok
-0.91282565	-34.97995992	-47.81512415	0.7968737797	full	-1,-1,1,1,-1,1,1,-1	-1,-1,-1,1,-1,-1,-1,1	7505.758481,17716.99885,30958.39717,44834.53019,55723.4266,64352.72335,76871.8713,84181.55585	5266.594938,19506.75813,32046.67348,39137.71771,46777.64614,56516.55502,69124.05514,75911.98106	-0.9473424306,-0.9593479816,0.9600149824,0.9592648311,-0.9486362655,0.9591640882,0.9492525182,-0.9551975107	-0.958984371,-0.9591624607,-0.9493522774,0.9536677838,-0.9479461605,-0.9591570351,-0.949703437,0.950202789	ok
-0.91082164	-34.97995992	-40.67069721	0.8182960569	continued:5	1,-1,1,-1,-1,1,-1,-1	-1,-1,-1,1,-1,-1,1,1	8139.350999,16487.5826,23994.88158,31426.01984,41572.14413,52683.92973,62015.82113,74975.99792	5266.605724,19509.20388,32005.04114,39461.91985,47835.18127,57803.37934,68997.23612,78998.62249	0.9556804512,-0.9534054674,0.9504033606,-0.9474079339,-0.959298291,0.9527395268,-0.959112048,-0.9522029815	-0.9589719316,-0.9591515487,-0.9492234221,0.9560395867,-0.9476165925,-0.9592210647,0.9475749497,0.959233892	ok
-0.90881764	-34.97995992	-42.33878364	0.8155027081	continued:5	1,1,1,-1,-1,-1,1,-1	-1,-1,-1,1,-1,-1,1,1	7630.426506,16492.75048,24999.28637,33384.12435,43361.77645,53449.14093,64335.07447,71201.3797	5266.619157,19511.58627,31961.78992,40335.6306,49957.88442,59906.25084,71220.21828,81262.69761	0.9511371988,0.9509057566,0.9491021493,-0.9594366916,-0.9474703102,-0.9592562673,0.9500181011,-0.9485411327	-0.95895949,-0.9591405961,-0.9491029967,0.9594134913,-0.947639509,-0.9592002478,0.9475224491,0.9592368779	ok
-0.90681363	-34.97995992	-43.22473725	0.8127093592	continued:5	1,-1,-1,-1,1,1,-1,-1	-1,-1,-1,1,-1,-1,-1,-1	7387.062042,14723.85926,25556.1517,40129.04666,50279.2057,61550.16831,72914.32895,82925.89792	5266.635226,19513.90672,31916.89531,41009.98042,51755.25499,61279.92912,74967.13895,86382.75477	0.9492944248,-0.9552889324,-0.9590306274,-0.9597655417,0.9549917216,0.9591836014,-0.9475570368,-0.9592106536	-0.9589470461,-0.9591296055,-0.9489911987,0.9596061666,-0.9483565048,-0.9590462686,-0.9570275721,-0.9590746709	ok
-0.90480962	-34.97995992	-43.91061347	0.8099160103	continued:5	1,1,1,1,1,1,1,1	-1,-1,-1,1,-1,-1,1,1	7128.391738,16694.48779,29919.38623,39477.39305,48579.84008,58824.60664,72526.01187,84045.16515	5266.653919,19516.16668,31870.36077,40738.9447,53926.18388,67520.0804,76257.99603,85940.66297	0.9482518436,0.9590524453,0.9543242858,0.9512957635,0.9526032043,0.9590327998,0.9571054527,0.9589810155	-0.9589345999,-0.9591185793,-0.9488882668,0.9592985751,-0.9594582642,-0.957579329,0.9480316649,0.9590890549	ok
-0.90280561	-34.97995992	-44.50108277	0.8071226614	continued:5	1,1,1,1,1,1,1,1	-1,-1,-1,1,-1,-1,-1,1	6902.488805,16725.18873,28843.84185,38388.32926,51745.20645,62607.67456,75967.31542,86811.15002	5266.675224,19518.36759,31822.22151,40530.90705,51645.83356,61355.64783,73984.23646,81052.24407	0.9478064115,0.9591183137,0.9482986044,0.9590323091,0.955230783,0.9590322012,0.9552480466,0.9590243541	-0.9589221515,-0.9591075196,-0.9487944738,0.9591713139,-0.947983812,-0.9590843365,-0.9502145387,0.9480422047	ok
-0.90080160	-34.97995992	-45.03536669	0.8043293125	continued:5	1,1,1,1,1,-1,-1,1	-1,-1,-1,1,1,-1,1,-1	6797.365808,16671.75696,28443.80239,38240.57962,50478.09322,59069.14779,71719.54762,79135.33856	5266.69913,19520.51087,31772.54805,40386.45703,52702.33753,61557.19229,74827.54765,85380.58994	0.9477296625,0.9591216205,0.9478430674,0.9590973199,0.9486684675,-0.9590684523,-0.9504172809,0.9477299873	-0.9589097007,-0.9590964286,-0.9487101171,0.9590925013,0.9489083933,-0.9592626717,0.959850298,-0.948427125	ok
-0.89879760	-34.97995992	-45.53146469	0.8015359637	continued:5	1,1,1,1,1,-1,-1,1	-1,-1,-1,1,1,1,1,-1	6844.885278,16681.82692,28674.01413,38266.76338,51299.54617,60160.6037,70606.40538,79743.4785	5266.725626,19522.59792,31721.4493,40300.49262,53229.72031,63684.41466,76157.628,83125.2195	0.9477810055,0.9590965233,0.9481920352,0.9590244632,0.9530920124,-0.9587808565,-0.9490819978,0.9597193261	-0.9588972477,-0.9590853083,-0.9486355085,0.9590320106,0.952344135,0.9590676916,0.9495899786,-0.9522137812	ok
-0.89679359	-34.97995992	-45.99824312	0.7988703322	continued:5	1,1,1,-1,-1,-1,-1,-1	-1,-1,-1,1,1,-1,1,1	7007.718535,16799.51895,29020.36195,37656.13594,49524.89989,59176.84601,71962.85349,81314.32612	5266.7547,19524.6301,31669.07464,40319.68764,54332.68992,65338.77533,76769.85282,87847.61146	0.9478464129,0.9590697592,0.9487683258,-0.9590885318,-0.948078417,-0.9590294094,-0.9514160596,-0.9543856793	-0.9588847924,-0.9590741606,-0.948570964,0.9589737322,0.9583890444,-0.9592106208,0.955061264,0.959061308	ok
-0.89478958	-34.97995992	-46.43875949	0.7969523715	continued:5	-1,-1,-1,1,1,1,-1,-1	-1,-1,-1,-1,-1,-1,-1,-1	7117.582827,16867.31146,29263.51396,36535.84213,48428.07788,60560.10788,67644.64542,77168.7716	5266.786341,19526.60874,31615.61469,41133.78918,56198.57967,69675.8089,83518.08742,93643.74145	-0.9479101449,-0.9590445832,-0.9494253292,0.9546917076,0.9597627032,0.9502292556,-0.948340684,-0.9589760634	-0.9588723348,-0.9590629874,-0.9485167934,-0.9589391041,-0.9596385839,-0.9589640339,-0.9577674418,-0.9494830215	ok
-0.89278557	-34.97995992	-46.84795877	0.7954964968	continued:5	-1,-1,-1,1,-1,-1,1,1	-1,-1,-1,-1,-1,1,-1,1	7249.093318,16957.7636,29501.21323,36504.49525,45082.07948,57637.06904,64700.30036,74194.55953	5266.820538,19528.53511,31561.3003,41052.90232,55645.44912,65322.8403,72370.75203,81731.83608	-0.9479756728,-0.9590200153,-0.950153644,0.9487131964,-0.9590191459,-0.9502113128,0.9484910982,0.9589356868	-0.9588598749,-0.9590517904,-0.9484732882,-0.9589398631,-0.959744578,0.9495801478,-0.9528531248,0.959077569	ok
-0.89078156	-34.97995992	-47.22377022	0.7944539243	continued:5	1,1,1,1,-1,1,-1,1	-1,-1,-1,-1,-1,1,1,1	7407.133247,17076.51365,29748.60511,38217.07643,45359.06095,53012.62392,61879.82433,74806.80654	5266.857279,19530.41045,31506.39964,40998.15161,55012.00392,66270.03433,77712.76469,87357.10932	0.9480419474,0.9589963492,0.9509265693,0.9495314532,-0.9536385733,0.9489856412,-0.9592091052,0.9591497305	-0.9588474127,-0.9590405712,-0.9484407128,-0.9589346527,-0.9584018997,0.959464372,0.9480869779,0.9589892924	ok
-0.88877756	-34.97995992	-47.56473713	0.7939523715	continued:5	1,1,1,1,1,1,-1,-1	-1,-1,-1,-1,-1,1,-1,-1	8.737010699,7550.162521,17181.82218,29975.41391,41244.14376,54483.94565,64824.6691,77914.12243	5266.896553,19532.23592,31451.21312,40946.18233,54715.75306,63367.26173,72103.82802,84949.00859	0.9577574251,0.94810862,0.9589730857,0.9517493032,0.9596901595,0.9570971424,-0.95895283,-0.9537418937	-0.9588349483,-0.9590293316,-0.9484192938,-0.9589264336,-0.9574988994,0.9492315758,-0.9598308739,-0.958563212	ok
-0.88677355	-34.97995992	-47.86864870	0.7937851873	full	-1,-1,-1,-1,-1,-1,-1,-1	-1,-1,-1,-1,-1,-1,-1,1	7570.025182,17166.20136,30081.23778,40277.06425,54075.926,63375.96861,72963.07864,85916.38063	5266.93835,19534.01264,31396.0665,40892.57845,54554.75987,65817.63313,80145.98224,89543.71894	-0.9481749706,-0.9589505914,-0.952618264,-0.9589127392,-0.9576296602,-0.9481931697,-0.9589479846,-0.9528757058	-0.9588224816,-0.9590180729,-0.9484092144,-0.9589159641,-0.9570432873,-0.9589040685,-0.9592614004,0.950998788	ok
-0.88476954	-34.97995992	-40.83604709	0.8150806630	continued:5	1,1,1,1,1,-1,1,-1	-1,-1,-1,-1,-1,-1,-1,-1	8642.785078,21400.35776,32748.43064,42307.61496,55373.33357,63103.84674,71804.96659,82807.57668	5266.982658,19535.74167,31341.30223,40836.21773,54471.59492,65895.13385,78636.06528,88602.25681	0.957998679,0.9594279844,0.9482497232,0.958927146,0.9536828605,-0.9489156995,0.9590618302,-0.9492326217	-0.9588100126,-0.9590067968,-0.9484106076,-0.9589035374,-0.9569358829,-0.9589491129,-0.9515609985,-0.9576065538	ok
-0.88276553	-34.97995992	-42.41870569	0.8122873141	continued:5	1,1,1,-1,1,-1,1,-1	-1,-1,-1,-1,-1,1,-1,1	7725.758988,18133.51111,30558.36115,37507.65306,44458.2057,51402.54085,58447.77734,67389.15267	5267.029467,19537.42401,31287.26982,40777.20323,54455.80378,64880.08616,76043.82998,84650.74309	0.9523380068,0.9589573498,0.9500042836,-0.9500096302,0.949977084,-0.9501814591,0.9490819002,-0.959217385	-0.9587975413,-0.9589955046,-0.9484235557,-0.9588892707,-0.957146598,0.9590302171,-0.9486313053,0.9588879216	ok
-0.88076152	-34.97995992	-43.29872025	0.8094939653	continued:5	1,-1,1,-1,-1,1,1,1	-1,-1,-1,-1,-1,-1,1,-1	7420.294456,14517.2515,23252.57304,34237.75233,42665.76045,49717.79367,59994.89721,72919.04383	5267.078765,19539.06059,31234.31586,40716.52262,54526.18134,64453.51085,72817.8571,84433.60226	0.9502323578,-0.948970507,0.9590582305,-0.9509259732,-0.9497146364,0.9524766202,0.9589086911,0.9528620208	-0.9587850678,-0.9589841977,-0.9484480894,-0.958873163,-0.9577027332,-0.9493260344,0.9591551834,-0.9594078576	ok
-0.87875752	-34.97995992	-43.98470098	0.8067006164	continued:5	1,-1,-1,-1,1,1,1,-1	-1,-1,-1,-1,-1,-1,1,-1	7147.80714,16101.90615,29975.03128,42480.26596,50013.97588,59494.29918,73273.38408,82462.00486	5267.130542,19540.65227,31182.77442,40656.49985,54756.70337,64911.93326,73677.24081,84826.37639	0.9491161871,-0.9592013159,-0.958923737,-0.9505136523,0.9484500749,0.9588607619,0.957593717,-0.9484500477	-0.958772592,-0.9589728776,-0.9484841932,-0.9588550387,-0.9586858857,-0.9490059649,0.9590640671,-0.9529560503	ok
-0.87675351	-34.97995992	-44.57632211	0.8039072675	continued:5	1,-1,-1,1,-1,-1,-1,-1	-1,-1,-1,-1,-1,1,1,1	6938.405591,15509.98397,28940.40774,37412.54739,45947.3076,58781.64127,69098.37225,81800.35464	5267.184788,19542.19985,31132.9586,40603.26937,55347.19437,67108.44959,78628.57794,88097.85973	0.9486677327,-0.9588569554,-0.956009827,0.948730989,-0.9588871116,-0.9524161421,-0.958896019,-0.951620172	-0.9587601139,-0.9589615454,-0.9485318099,-0.9588342644,-0.9598370338,0.9589654,0.9485188701,0.9588368228	ok
-0.87474950	-34.97995992	-45.11146663	0.8011139186	continued:5	1,1,1,1,-1,1,-1,-1	-1,-1,-1,-1,-1,1,1,-1	6857.041361,16380.01027,31346.06517,43081.60294,51754.61404,62823.85543,71582.03251,83723.43322	5267.24149,19543.70407,31085.15373,40586.47444,55607.68872,67033.24642,76610.11927,83639.31236	0.9486009149,0.958804033,0.9593444973,0.948963212,-0.9589859224,0.9493415834,-0.9597503984,-0.9556605748	-0.9587476335,-0.9589502025,-0.9485908504,-0.9588079318,-0.9594440325,0.9562452269,0.949831138,-0.9518451991	ok
-0.87274549	-34.97995992	-45.60762325	0.7983205697	continued:5	1,-1,-1,1,1,1,-1,1	-1,-1,1,-1,-1,-1,-1,-1	6919.476571,15532.50558,29528.72544,40148.4735,51112.28246,59081.8742,67707.09404,79067.37803	5267.30064,19545.16557,31039.61269,39649.16629,53598.91813,65252.45329,80305.95188,94513.65619	0.9486598454,-0.9588173916,-0.9583875312,0.9593509349,0.9507257305,0.9489325722,-0.9589470366,0.9487196817	-0.9587351509,-0.95893885,0.9486612026,-0.9588181662,-0.9582386882,-0.9587986292,-0.959559749,-0.959072505	ok
-0.87074148	-34.97995992	-46.07345422	0.7958615894	continued:5	-1,1,1,-1,-1,1,1,1	-1,-1,1,-1,-1,1,-1,-1	7038.097806,15566.2822,28543.22058,36244.45955,45801.58215,54043.87558,62947.30587,73505.44279	5267.362226,19546.58495,30996.55336,39521.63005,52421.03971,61976.97253,74667.5225,86433.70819	-0.9487320584,0.9588371072,0.9534879416,-0.9514440874,-0.9558184025,0.9511878634,0.9521547286,0.9589288337	-0.958722666,-0.9589274893,0.9487427431,-0.9588416603,-0.9530101548,0.9590800909,-0.9589099724,-0.9488596171	ok
-0.86873747	-34.97995992	-46.50989753	0.7937369776	continued:5	1,-1,-1,-1,-1,-1,1,1	-1,-1,1,-1,-1,1,-1,-1	7209.261547,15732.2953,28276.24949,36974.01633,45844.16657,56550.12529,67573.98984,76116.99317	5267.426237,19547.96271,30956.15825,39489.84203,51830.07912,58938.35985,66286.04937,77937.606	0.9488043063,-0.9588506168,-0.951083811,-0.9511715137,-0.9520290616,-0.9589683509,0.9510047174,0.9505173106	-0.9587101788,-0.9589161214,0.9488353478,-0.958863618,-0.9502183966,0.9496336653,-0.9546971399,-0.9591521899	ok
-0.86673347	-34.97995992	-46.91637017	0.7922811029	continued:5	1,-1,-1,1,1,1,1,-1	-1,-1,1,-1,-1,1,1,-1	7347.90976,15894.43282,27983.43381,35656.07123,48029.44398,61399.10696,75374.81682,86580.06934	5267.492664,19549.29929,30918.57597,39509.70407,51076.33777,59625.46069,71680.57026,79808.47249	0.9488771464,-0.958864186,-0.9495425806,0.9565671738,0.9594565033,0.9587784575,0.958342528,-0.9592485003	-0.9586976894,-0.9589047475,0.9489389037,-0.9588927248,-0.9488816944,0.9588661077,0.9494651271,-0.9583755317	ok
-0.86472946	-34.97995992	-47.28860927	0.7913662478	continued:5	1,-1,-1,1,1,-1,-1,1	-1,-1,1,-1,1,1,1,-1	7480.210642,16068.94963,27615.58021,36205.38899,47741.49314,56330.63142,67873.32224,76462.82914	5267.561496,19550.59504,30883.92425,39580.54508,50619.39986,59203.05485,67317.11353,75877.94032	0.9489508134,-0.958879886,-0.9489518796,0.9588805579,0.9489511635,-0.9588801438,-0.9489517947,0.9588803787	-0.9586851977,-0.9588933688,0.949053319,-0.9589382186,0.9510301882,0.9508060558,0.9494389259,-0.9593968423	ok
-0.86272545	-34.97995992	-47.62418092	0.7908646950	continued:5	1,1,-1,1,-1,1,-1,1	-1,-1,1,-1,1,1,-1,1	11.29272637,7627.681779,16275.35517,27391.65997,34649.4549,42772.126,51474.01781,62533.38906	5267.632723,19551.85023,30852.29414,39714.40504,52385.90535,63936.2628,72584.90757,83697.63651	0.9581687675,0.9490254937,-0.9589000496,0.9497449628,-0.9538415459,0.9490715662,-0.9589287144,0.9514648505	-0.9586727037,-0.9588819863,0.949178534,-0.9590220139,0.9588656585,0.9490265927,-0.9589005883,0.9497666796	ok
-0.86072144	-34.97995992	-47.92240971	0.7906975108	full	1,-1,1,-1,-1,-1,1,1	-1,-1,1,-1,-1,-1,1,1	14.3113937,7651.944968,16373.12645,27516.84457,37644.37188,51643.87957,60870.87272,70997.45196	5267.706334,19553.06506,30823.75493,39927.19429,52103.28041,60000.6019,68981.90966,82920.49528	0.9999194091,-0.9491003981,0.958926489,-0.9526427741,-0.9587387404,-0.9584351176,0.9526698861,0.9587312771	-0.9586602074,-0.9588706012,0.94931453,-0.9592292499,-0.9507141195,-0.9492560625,0.9590971553,0.9588338565	ok
-0.85871743	-34.97995992	-40.97347122	0.8117880798	continued:5	1,1,1,-1,-1,1,-1,1	-1,-1,1,-1,1,1,-1,1	9814.703021,23032.08956,35909.0934,44613.42645,56927.23295,68765.55732,79110.22386,90296.95043	5267.78232,19554.23963,30798.35959,39683.90941,51311.84,64270.04202,72134.19466,79401.88847	0.9596729462,0.9587606749,0.9532463012,-0.9579583963,-0.9589405631,0.9571077533,-0.9588648246,0.9496337353	-0.9586477089,-0.9588592144,0.9494613391,-0.9597386588,0.9587563711,0.9537143801,-0.9497821205,0.9537929065	ok
-0.85671343	-34.97995992	-42.49569112	0.8089947309	continued:5	1,1,-1,-1,-1,-1,1,1	-1,-1,1,-1,-1,1,-1,-1	7909.601617,16291.57775,25259.25105,39061.89375,51411.1127,59310.18063,68518.22195,82137.03774	5267.860669,19555.37395,30776.15044,38497.93025,50401.33279,63162.3733,73001.16227,80672.59091	0.9539242919,0.9492769441,-0.9590568101,-0.9587783718,-0.9507206836,-0.9494001797,0.9594248814,0.9587868269	-0.9586352081,-0.9588478271,0.9496190517,-0.9566408723,-0.958935514,0.9595797097,-0.9506120456,-0.9492565028	ok
-0.85470942	-34.97995992	-43.37209901	0.8062013820	continued:5	1,1,-1,1,-1,-1,1,1	-1,-1,1,-1,-1,-1,1,1	7504.266027,16948.41627,26822.92261,37956.56679,45084.0726,53329.37064,60450.80121,69901.58603	5267.941373,19556.46795,30757.16485,38082.63488,47212.76795,55290.50079,62748.21759,73531.28951	0.9513860986,0.9554241497,-0.9588452648,0.9501391116,-0.9508819011,-0.9500659266,0.9513879105,0.9554574359	-0.958622705,-0.9588364402,0.949787827,-0.9541466535,-0.9508055753,-0.9497206122,0.9551119091,0.9587330444	ok
-0.85270541	-34.97995992	-44.05929245	0.8034080332	continued:5	1,-1,-1,-1,-1,1,1,-1	-1,-1,1,-1,-1,-1,-1,-1	7212.838515,14351.86794,22901.22805,31532.99246,40992.40206,51250.43686,65552.05107,77749.64209	5268.024421,19557.52147,30741.44103,37909.22789,48205.71602,60619.13399,69384.52574,80092.22081	0.9501367523,-0.9510261546,-0.9510648181,-0.9513869973,-0.9555256353,0.9590797286,0.9589009476,-0.958378532	-0.9586101997,-0.9588250546,0.9499679005,-0.9523531716,-0.9587463964,-0.9511271037,-0.9519691955,-0.958871971	ok
-0.85070140	-34.97995992	-44.65276934	0.8006146843	continued:5	1,-1,-1,-1,-1,1,-1,1	-1,-1,1,-1,-1,-1,-1,1	7016.770143,14814.20267,26050.07172,39014.79588,47577.36389,55427.35681,65875.14739,77512.21448	5268.109803,19558.53423,30729.0238,37884.82445,46392.68306,54841.26871,62850.62868,70319.57926	0.9496552357,-0.9568896936,-0.9587015808,-0.95397648,-0.9496443646,0.9571269533,-0.958876284,0.9561108988	-0.9585976922,-0.9588136715,0.950159595,-0.9510086382,-0.9509811026,-0.9507798774,-0.9497551496,0.9550849667	ok
-0.84869739	-34.97995992	-45.18927111	0.7978213354	continued:5	1,-1,-1,-1,-1,-1,1,-1	-1,-1,1,-1,1,1,1,1	6954.970923,15370.63917,27300.57696,41152.41406,52982.21149,65155.18285,72561.18831,80058.15553	5268.197509,19559.50587,30719.9706,38009.95068,45177.28682,56176.42535,69955.72331,82235.24318	0.949584146,-0.9589408142,-0.9586621799,-0.9580346387,-0.9587323679,-0.9504602068,0.9497631556,-0.9552177585	-0.9585851823,-0.9588022917,0.9503633313,-0.9500720048,0.9517743008,0.959004448,0.9587261585,0.950790333	ok
-0.84669339	-34.97995992	-45.68585238	0.7950279865	continued:5	1,-1,-1,1,1,-1,1,-1	-1,-1,1,-1,1,-1,1,1	7030.318373,15051.00012,26021.58751,35746.12998,47931.08857,55517.14442,63439.99134,72272.72137	5268.287529,19560.43592,30714.35778,38310.22212,46255.91767,55217.3506,62407.41788,72925.89774	0.9496490951,-0.9577440419,-0.9553531618,0.9587176033,0.9505741651,-0.9496656958,0.9573658721,-0.9518555476	-0.9585726702,-0.9587909163,0.9505796422,-0.9496616227,0.9574572257,-0.9500506791,0.9521000595,0.9587706018	ok
-0.84468938	-34.97995992	-46.15101208	0.7925690062	continued:5	1,-1,-1,1,1,-1,1,1	-1,-1,1,1,-1,-1,-1,1	7158.553745,14870.15721,25405.73361,35164.99588,46840.40176,54435.16693,63023.20646,72702.4186	5268.379854,19561.3238,30712.28762,38769.78906,45979.69939,56312.92632,68428.00525,75841.79844	0.9497299059,-0.9563630538,-0.9553826742,0.958732448,0.9497650901,-0.9557220385,0.9542922385,0.9536228576	-0.9585601558,-0.9587795461,0.9508091888,0.9500480803,-0.9522798249,-0.9587074094,-0.9504626213,0.9499507365	ok
-0.84268537	-34.97995992	-46.58568223	0.7906510455	continued:5	-1,1,1,1,-1,-1,-1,-1	-1,-1,1,1,1,1,-1,-1	7289.837183,14811.77182,25468.94605,39948.77233,51838.17133,63897.06404,72370.59331,81152.5814	5268.474474,19562.16882,30713.89639,39305.45414,50300.25647,61055.97,68479.08829,80334.48958	-0.9498123145,0.9552198027,0.9586152372,0.9594639823,-0.9591133781,-0.9509996874,-0.9511363952,-0.9523459865	-0.9585476392,-0.9587681821,0.9510527801,0.9515555679,0.9596903562,0.9498604696,-0.9545194581,-0.959448132	ok
-0.84068136	-34.97995992	-46.98737019	0.7891951708	continued:5	1,-1,-1,1,1,-1,-1,1	-1,-1,1,1,1,-1,-1,-1	7437.399339,14838.4103,24455.20055,32570.5731,43842.88554,55169.80094,63834.1749,71057.81636	5268.571379,19562.97017,30719.36416,39975.07999,51318.01667,63919.74681,76118.29002,86203.80075	0.949896152,-0.9542698231,-0.9534152049,0.954738228,0.9587873062,-0.9540011336,-0.9501574289,0.9517055157	-0.9585351203,-0.9587568252,0.9513113998,0.9547063208,0.9588150719,-0.9592558545,-0.957619498,-0.9513018599	ok
-0.83867735	-34.97995992	-47.35427159	0.7882803157	continued:5	1,-1,1,-1,1,1,1,-1	-1,-1,1,1,-1,1,1,-1	7577.64287,14903.25803,22916.77593,31097.48931,38364.88729,48444.36008,63190.25976,73670.8144	5268.670559,19563.72692,30728.92703,41963.50934,52769.50939,62683.37656,76491.08431,87711.95044	0.9499805975,-0.9534653362,0.9538385107,-0.9500575623,0.9526858212,0.9585862146,0.9596664188,-0.950060251	-0.9585225992,-0.9587454762,0.9515862382,0.959475841,-0.9532198146,0.9593316808,0.9587284504,-0.9506656063	ok
-0.83667335	-34.97995992	-47.68411659	0.7877787629	continued:5	1,1,-1,1,1,1,1,1	-1,-1,1,1,-1,-1,1,1	14.20408769,7729.94966,15014.60392,24188.1663,37581.23694,49592.75432,62132.05182,77111.71063	5268.772005,19564.43802,30742.89321,41491.79752,54745.68224,66227.5782,73560.89402,81409.25285	0.9588350122,0.9500667786,-0.9527715609,0.958592185,0.9564180947,0.9596199356,0.9585634611,0.9592730961	-0.9585100758,-0.958734136,0.9518787355,0.9587934495,-0.9594142593,-0.950368245,0.9507174216,0.950114544	ok
-0.83466934	-34.97995992	-47.97640739	0.7876115787	full	1,-1,1,1,1,-1,-1,-1	-1,-1,1,1,1,-1,-1,1	27.50397325,7758.966002,15033.06946,25413.48362,37147.81011,44420.58143,55444.45995,69484.14552	5268.875708,19565.10226,30761.66469,41139.58291,52884.8621,60158.98679,71312.59253,82661.78409	0.9990141777,-0.9501527689,0.9521880454,0.9586590165,0.9502168325,-0.951710111,-0.9589467468,-0.9587083661	-0.9584975501,-0.9587228056,0.9521906376,0.9586583881,0.9502260385,-0.951646669,-0.9590931371,0.9501549443	ok
-0.83266533	-34.97995992	-41.18483985	0.8086261349	continued:5	1,1,1,1,1,-1,1,1	-1,-1,1,1,1,1,1,1	9728.272512,21816.7037,32454.19914,44741.65312,57586.70484,65905.76257,73197.9268,84324.30861	5268.981657,19565.71832,30785.76725,40901.37635,53862.17027,65550.37119,78312.27847,92504.48051	0.9590446492,0.9515003834,0.9593411099,0.9585846407,0.9538833758,-0.9502460048,0.9516525299,0.9590450017	-0.9584850222,-0.9587114857,0.9525240716,0.9585796277,0.9544608285,0.9596325179,0.9585526106,0.9589871357	ok
-0.83066132	-34.97995992	-42.60567123	0.8058327860	continued:5	1,-1,-1,-1,1,1,-1,-1	-1,-1,1,-1,-1,-1,-1,-1	8158.582081,18621.32932,31723.56184,44534.24111,52621.37962,60359.09678,67694.84376,76889.32886	5269.089844,19566.28473,30815.8936,39926.9467,52040.59416,60565.04665,71531.66661,85212.76423	0.9556004011,-0.9595008214,-0.9585725246,-0.9537774345,0.9506614222,0.9503292755,-0.9512797563,-0.9546111539	-0.9584724921,-0.9587001772,0.9528816451,-0.9586092654,-0.9510283922,-0.9517247982,-0.9588803254,-0.9585992871	ok
-0.82865731	-34.97995992	-43.46692671	0.8030394371	continued:5	1,1,1,1,1,1,-1,1	-1,-1,1,-1,1,1,-1,-1	7589.530423,17679.32885,30751.70007,41420.15661,54435.13347,65441.44296,76939.0144,84388.01165	5269.200259,19566.79986,30852.9667,40796.00021,51714.36774,59527.06026,66946.91259,75204.72271	0.9525522678,0.9585484237,0.9551111387,0.9585505614,0.95483573,0.9586334025,-0.9504608457,0.9508001717	-0.9584599597,-0.9586888809,0.9532665852,-0.9593854006,0.9507019779,0.9504313097,-0.9509129304,-0.9510395077	ok
-0.82665331	-34.97995992	-44.14916209	0.8002460883	continued:5	1,1,-1,-1,-1,1,-1,-1	-1,-1,1,-1,-1,-1,1,1	7269.162131,16259.87092,24332.14895,32756.51519,43975.21669,54839.58907,63238.49849,72887.53034	5269.312893,19567.26191,30898.23644,38893.22072,50118.81071,62250.18559,71396.13801,84706.63724	0.9512102762,0.9537556154,-0.9509863405,-0.9515516549,-0.9593963677,0.9534121327,-0.9561728163,-0.9518361512	-0.958447425,-0.9586775975,0.9536829294,-0.9515612041,-0.9593298766,-0.9527789241,0.95852775,0.9562357835	ok
-0.82464930	-34.97995992	-44.74029433	0.7974527394	continued:5	1,1,-1,1,-1,1,-1,1	-1,-1,1,1,1,-1,-1,-1	7086.659726,14982.54306,22701.63123,30356.29594,38068.7628,45726.9036,53434.72067,61095.61196	5269.427736,19567.66894,30953.43213,40141.99311,50573.44878,61996.89401,69938.14415,77721.5903	0.9507451714,0.950649163,-0.9506097916,0.9506451643,-0.9506119449,0.9506424138,-0.9506136834,0.950640515	-0.9584348881,-0.958666328,0.9541357937,0.9520936231,0.9586124027,-0.9507677671,-0.9506858756,-0.9506034157	ok
-0.82264529	-34.97995992	-45.27491454	0.7946593905	continued:5	1,1,1,1,1,1,1,1	-1,-1,1,1,-1,1,1,1	7048.032321,14868.99918,22682.95068,30493.81753,38303.49481,46112.74024,53921.83277,61730.87164	5269.54478,19568.01882,31021.01353,42363.6795,55186.3218,67658.37176,79398.1282,87287.0264	0.9507058228,0.9507020115,0.9507000495,0.9506994819,0.9506991739,0.9506990837,0.9506990527,0.9506990419	-0.958422349,-0.9586550728,0.9546317476,0.958711711,-0.95874326,0.9585753206,0.950741502,0.9507321312	ok
-0.82064128	-34.97995992	-45.76925102	0.7918660416	continued:5	1,1,1,1,-1,-1,1,1	-1,-1,1,1,1,1,1,1	7139.601674,15128.25677,23359.46381,32651.47216,42334.04197,55524.35204,64079.69505,74295.28027	5269.664014,19568.30923,31104.60463,41704.21682,55646.90131,65662.25769,74078.75643,84926.83199	0.9507913356,0.9509036503,0.9512913893,0.9552621082,-0.9584910338,-0.9558364948,0.9523252127,0.9585334435	-0.9584098076,-0.9586438329,0.955179332,0.958476584,0.9584651173,0.9509842251,0.9517518034,0.9587502036	ok
-0.81863727	-34.97995992	-46.23146834	0.7894070613	continued:5	-1,-1,-1,1,-1,-1,-1,-1	-1,-1,1,-1,1,-1,-1,-1	7279.745623,15474.05521,24803.7131,34714.09756,47920.65683,59603.05254,69854.66105,81890.91411	5269.785431,19568.53766,31209.78511,39816.0285,49268.26864,60466.78571,72249.77474,80606.07015	-0.9508874909,-0.9512971809,-0.955466277,0.9586551904,-0.9594981287,-0.9522699521,-0.9585300116,-0.951354088	-0.958397264,-0.9586326089,0.9557896985,-0.9533491767,0.9593225109,-0.9585449277,-0.950958613,-0.9516643756	ok
-0.81663327	-34.97995992	-46.66241546	0.7874891006	continued:5	-1,-1,-1,1,-1,1,1,1	-1,-1,1,1,-1,1,1,1	7422.201743,15841.2889,26437.00731,38047.77313,48447.80961,59819.77531,68276.14059,78749.72851	5269.90902,19568.7014,31345.6239,43214.83946,55708.7996,67127.85891,76331.40497,87101.76088	-0.9509852518,-0.9519106827,-0.9586159638,0.9555750303,-0.9589726992,0.9510005878,0.9520180702,0.9585765483	-0.9583847181,-0.9586214015,0.9564770621,0.9586934963,-0.9585597036,0.951262343,0.9549585072,0.9585044653	ok
-0.81462926	-34.97995992	-47.05965699	0.7861121596	continued:5	-1,-1,1,1,-1,-1,-1,-1	-1,-1,1,-1,-1,-1,1,-1	7563.014749,16230.54102,25340.1512,38517.09476,47203.61781,58405.51317,69666.49979,78354.4043	5270.034774,19568.79754,31527.79938,40777.24714,51477.42104,64000.61736,73265.98456,84721.96396	-0.9510843367,-0.9527882034,0.9584512669,0.9559126201,-0.9515210853,-0.9592819554,-0.9510922529,-0.9528631117	-0.95837217,-0.9586102114,0.9572571467,-0.9550134554,-0.9584764511,-0.9530612288,0.958591848,-0.9544395493	ok
-0.81262525	-34.97995992	-47.42078565	0.7851973045	continued:5	-1,-1,-1,-1,-1,-1,-1,-1	-1,-1,1,-1,1,1,-1,1	7711.864494,16669.89737,25432.48829,36281.22686,48709.02615,62610.1547,72417.87358,81379.27707	5270.162682,19568.82291,31784.65459,42365.5464,53732.07844,64361.8669,77148.11486,89149.35249	-0.951184936,-0.9540011373,-0.9514610387,-0.9594903047,-0.9584244887,-0.9584117582,-0.9511859442,-0.9540153865	-0.9583596196,-0.9585990391,0.9581337657,-0.9585420736,0.9518666246,0.958604916,-0.959332771,0.9590832886	ok
-0.81062124	-34.97995992	-47.74455591	0.7846957517	continued:5	1,1,1,-1,1,1,1,1	-1,-1,1,-1,-1,-1,1,-1	17.52581473,7870.138786,17224.42383,26120.0702,36310.94777,49910.81795,62117.47363,72455.57812	5270.292736,19568.77413,32160.02267,42211.04211,51766.49612,63406.43213,75037.80197,85463.80915	0.959677199,0.9512876776,0.9557245015,-0.9555392817,0.9587454346,0.9584651175,0.9521316199,0.9585031059	-0.9583470669,-0.9585878851,0.959021547,-0.9513271752,-0.9565218485,-0.9585698141,0.9555839199,-0.9589544749	ok
-0.80861723	-34.97995992	-48.03064148	0.7845285675	full	1,-1,-1,1,-1,1,-1,1	-1,-1,1,-1,-1,1,-1,1	35.93885433,7905.065489,17989.82198,28338.14629,39172.80719,51753.38033,63407.60783,72730.547	5270.424927,19568.64758,32616.29184,43097.44009,53692.03868,65935.60812,76848.21701,89238.18803	0.9974137753,-0.9513912385,-0.9582469727,0.9581657728,-0.9586234963,0.9585550343,-0.9556802112,0.9575560748	-0.9583345121,-0.9585767501,0.959500152,-0.9518769724,-0.9585686809,0.9581748418,-0.9586600116,0.9584343636	ok
-0.80661323	-34.97995992	-41.38866386	0.8054666564	continued:5	1,1,1,-1,1,-1,-1,-1	-1,-1,1,-1,-1,-1,1,1	9512.159193,23016.09545,35522.83171,45451.82583,58428.69777,71026.26015,83409.16167,94722.63179	5270.559247,19568.43935,32842.29113,44772.11775,56913.06463,67235.16496,78847.48653,90016.31805	0.9587048994,0.9584224784,0.9533115931,-0.9589766787,0.9594626685,-0.9591968441,-0.9545749981,-0.9586099713	-0.958321955,-0.9585656345,0.9593240653,-0.9584410639,-0.9521320465,-0.9584749517,0.9515243412,0.9590625326	ok
-0.80460922	-34.97995992	-42.72160458	0.8026733075	continued:5	1,1,1,-1,1,1,-1,-1	-1,-1,1,1,1,-1,1,-1	8711.326224,20279.07604,32697.19803,41917.04886,53415.05287,65101.72904,76537.12248,87509.7135	5270.695686,19568.14527,32831.27987,46103.34081,58629.87212,67314.35917,77637.78869,90925.45134	0.9579186517,0.9584130277,0.9530668751,-0.9585139094,0.9544338112,0.9588901081,-0.9516173199,-0.9587543849	-0.9583093957,-0.9585545388,0.9590733909,0.9584078595,0.9534666573,-0.9570541382,0.9585516654,-0.9592292891	ok
-0.80260521	-34.97995992	-43.56676684	0.7998799587	continued:5	1,1,1,-1,1,1,1,1	-1,-1,1,-1,1,-1,-1,1	7747.719977,16553.56684,26998.52967,38420.93671,48089.45617,61706.42688,73708.34868,84124.96325	5270.834236,19567.7609,32751.99507,43957.56325,53022.24168,64726.96058,75512.33558,87879.24784	0.9539972789,0.9519832443,0.9584846281,-0.9532521262,0.9586991407,0.9584215036,0.9520115044,0.9584764106	-0.9582968341,-0.9585434634,0.9589054879,-0.9529553748,0.9584407913,-0.9517140314,-0.9586180746,0.9583943406	ok
-0.80060120	-34.97995992	-44.24310072	0.7970866098	continued:5	1,1,1,1,-1,-1,1,-1	-1,-1,1,1,-1,-1,1,1	7378.994131,17420.26383,30191.72842,41405.47962,54431.47406,68456.49458,81019.37013,92680.01957	5270.974888,19567.28145,32660.65347,46551.39979,57165.20818,69020.7461,80482.77592,90567.68815	0.9525081922,0.9583705845,0.95459375,0.9585354685,-0.9587359126,-0.9585106827,0.9588766755,-0.9589209496	-0.9582842703,-0.9585324085,0.9587911563,0.958901664,-0.9577953811,-0.9584538975,0.9524295756,0.9583818867	ok
-0.79859719	-34.97995992	-44.83108080	0.7942932609	continued:5	1,1,-1,-1,-1,1,1,1	-1,-1,1,1,-1,1,-1,-1	7208.148748,17564.76917,29060.80415,39157.32353,51560.12319,61236.17665,74848.83838,86801.48718	5271.117634,19566.70187,32571.22074,46435.95727,57892.07096,67821.54885,79175.80168,90076.45466	0.95205614,0.9584360727,-0.9524009294,-0.9583727943,-0.9532659854,0.9586741502,0.9583971052,0.9521229433	-0.9582717043,-0.9585213743,0.9587072562,0.9584535607,-0.9533346026,0.9588928714,-0.9547720987,-0.9584276552	ok
-0.79659319	-34.97995992	-45.36310852	0.7914999120	continued:5	1,1,-1,-1,-1,-1,-1,-1	-1,-1,1,1,1,-1,1,-1	7193.311911,17541.04428,29052.53926,39077.57555,51882.59614,62653.08373,74580.38789,84818.3394	5271.262464,19566.01671,32487.14978,45978.61624,58333.99465,67781.9368,80202.82126,91690.65379	0.9520565476,0.9584217375,-0.9525202248,-0.958342369,-0.954864941,-0.9583850072,-0.9521880887,-0.9583939536	-0.958259136,-0.9585103611,0.9586416703,0.9583614106,0.9531964336,-0.9585490371,0.9584267816,-0.9527387753	ok
-0.79458918	-34.97995992	-45.85456425	0.7887065632	continued:5	-1,-1,-1,-1,-1,-1,-1,-1	-1,-1,1,1,1,1,-1,1	7302.452174,17546.16099,29301.2538,39544.91292,51300.1626,61543.82109,73299.07278,83542.73126	5271.409371,19565.22023,32409.04843,45740.42678,59641.16749,72191.07641,84664.94523,96237.54536	-0.9521708756,-0.9583834318,-0.9521709815,-0.9583833096,-0.9521710786,-0.9583833088,-0.9521710843,-0.9583833304	-0.9582465655,-0.9584993689,0.9585878723,0.9583061523,0.9585404402,0.9585272789,-0.9584370505,0.9546325441	ok
-0.79258517	-34.97995992	-46.31327333	0.7862475828	continued:5	-1,-1,-1,-1,-1,-1,-1,-1	-1,-1,1,-1,-1,1,1,1	7456.071904,17605.45113,29679.20852,39654.1774,53127.01059,62930.09155,72929.98143,85867.64189	5271.558345,19564.30627,32336.7061,44654.60304,56846.54672,65848.0661,77893.25047,87882.57139	-0.9522904913,-0.9583490296,-0.9526374901,-0.9582989852,-0.9574253818,-0.9525542518,-0.9583113028,-0.9555167818	-0.9582339928,-0.9584883978,0.9585421026,-0.9583425309,-0.9529078211,0.9583507134,0.9525820036,0.9583073187	ok
-0.79058116	-34.97995992	-46.74000467	0.7843296221	continued:5	-1,-1,-1,1,1,1,1,1	-1,-1,1,-1,1,1,1,1	7611.46216,17677.79343,30098.91572,38433.59006,47263.42774,57241.23111,70441.13119,81786.93924	5271.709379,19563.26832,32269.6983,44695.75586,56241.54843,65010.46189,75019.96452,87809.42045	-0.9524126877,-0.9583175592,-0.953671245,0.9539786024,0.9526037792,0.9582911365,0.9565512506,0.9583715951	-0.9582214178,-0.9584774477,0.9585020554,-0.958397327,0.9539597243,0.9525209688,0.9583027063,0.9550079351	ok
-0.78857715	-34.97995992	-47.13238440	0.7829526811	continued:5	-1,-1,-1,1,1,1,1,-1	-1,-1,1,-1,1,-1,1,-1	7764.560308,17761.75826,30612.89488,40156.65704,52086.25711,62055.87991,75350.69044,85352.19068	5271.862464,19562.09944,32207.57982,44856.88611,57486.56615,70222.93132,82550.63772,94306.05175	-0.9525372853,-0.9582872617,-0.9553109277,0.9583309582,0.9526184096,0.9582758545,0.9569233002,-0.958329624	-0.9582088406,-0.9584665182,0.9584662385,-0.9584676912,0.9584602868,-0.9585022316,0.9583437346,-0.9525470511	ok
-0.78657315	-34.97995992	-47.48814367	0.7821167598	continued:5	-1,-1,-1,1,-1,-1,-1,-1	-1,-1,1,-1,-1,-1,1,-1	7910.007491,17871.18892,31629.66562,41408.46564,50401.93929,62333.89292,72361.24592,87189.66779	5272.017591,19560.79227,32149.94591,45086.51168,58603.83041,70692.86582,79714.6447,91445.13679	-0.9526649993,-0.9582554113,-0.9582885568,0.9529307629,-0.9583174365,-0.9527335656,-0.9582396023,-0.9590386626	-0.9581962612,-0.958455609,0.9584336428,-0.9585854334,-0.9583076698,-0.9529730634,0.9583330185,-0.9527059281	ok
-0.78456914	-34.97995992	-47.80549361	0.7816152070	continued:5	1,1,-1,-1,-1,1,1,1	-1,-1,1,-1,1,-1,1,1	21.30524792,8077.274182,17129.64811,30250.80697,41827.21413,55112.52649,68209.29518,82819.65144	5272.174753,19559.33901,32096.44842,45349.92644,57746.007,70493.99561,82781.6858,94833.45067	0.9606514837,0.952795571,-0.9582533241,-0.9564193983,-0.958402009,0.9589108689,0.9582336623,0.9593678179	-0.9581836796,-0.9584447198,0.9584035601,-0.9588522946,0.9584291245,-0.958482476,0.9582964582,0.9530109319	ok
-0.78256513	-34.97995992	-48.08511129	0.7814480227	full	1,-1,1,1,-1,1,-1,1	-1,-1,1,-1,1,1,1,-1	43.52178531,8121.356946,17101.28159,29068.52466,38103.97015,49769.28054,59227.64388,71533.5524	5272.33394,19557.7314,32046.79646,45099.13308,56786.09774,71595.77168,83254.94453,92585.95806	0.9950793739,-0.9529279575,0.9582884781,0.953003567,-0.9583163736,0.9532402802,-0.9584587605,0.9583048048	-0.9581710957,-0.9584338498,0.9583754776,-0.9593323362,0.9582145818,0.9590656606,0.9531885642,-0.9584138158	ok
-0.78056112	-34.97995992	-41.53577939	0.8021327101	continued:5	1,-1,1,1,1,-1,1,-1	-1,-1,1,-1,-1,1,1,1	9278.916713,21633.5971,33281.53402,42677.45712,53926.35407,66227.74455,77978.51154,87230.84145	5272.495146,19555.96067,32000.75236,44206.01442,56231.79839,69100.79128,82432.15144,95253.75208	0.9584341338,-0.9583168683,0.9540917519,0.9544821858,0.9584436592,-0.9582933274,0.9531567459,-0.9583754207	-0.9581585097,-0.9584229982,0.958349014,-0.9576485398,-0.9583915305,0.9585108785,0.9582350723,0.9554729987	ok
-0.77855711	-34.97995992	-42.81938713	0.7993393613	continued:5	1,1,1,-1,1,1,-1,-1	-1,-1,1,-1,-1,1,1,-1	9860.485799,24032.0709,38073.08186,50612.03656,63617.96959,77368.7136,89079.43931,99754.30683	5272.65836,19554.01758,31958.12694,43854.30797,55964.5416,67685.32511,79152.96629,91418.10485	0.9589907423,0.9586026593,0.9583987153,-0.9583692098,0.9585715858,0.9583107951,-0.9548634294,-0.9582564132	-0.9581459213,-0.9584121641,0.9583238783,-0.9562420917,-0.9587543241,0.9564344039,0.9583341827,-0.9578120422	ok
-0.77655311	-34.97995992	-43.65676662	0.7965460124	continued:5	1,1,-1,1,-1,-1,-1,1	-1,-1,1,-1,1,-1,-1,1	8193.683864,19846.26251,32345.44649,45560.53394,57078.25004,67757.5471,79779.23259,89826.51068	5272.823576,19551.89234,31918.77562,43697.18646,53268.32987,64970.34866,74000.73556,82539.10513	0.9563514122,0.958386939,-0.9583443099,0.9587268145,-0.9548489061,-0.9582454447,-0.9534279918,0.9588074098	-0.9581333308,-0.9584013463,0.9582998445,-0.9553555554,0.9582808802,-0.9539953483,-0.9536887337,0.9548843538	ok
-0.77454910	-34.97995992	-44.33146874	0.7937526635	continued:5	1,1,1,1,1,-1,1,1	-1,-1,1,-1,-1,1,-1,1	7655.149499,19154.08374,33341.31788,46610.50508,60817.07223,72083.08747,85245.08977,97448.96357	5272.990786,19549.57462,31882.596,43626.61494,54358.70198,66218.39818,75929.55747,88004.06129	0.9543534335,0.9585901056,0.9584459371,0.9581725362,0.9591321414,-0.9583313531,0.9586563692,0.9543715404	-0.9581207381,-0.9583905435,0.9582767329,-0.9547891757,-0.9582453562,0.953519492,-0.9591638068,0.9592652539	ok
-0.77254509	-34.97995992	-44.91911661	0.7909593146	continued:5	1,-1,-1,-1,-1,1,1,-1	-1,-1,1,-1,-1,1,1,1	7470.654469,16074.41168,25181.71971,34547.84756,45340.79065,57106.36863,66736.40444,76867.72494	5273.159981,19547.05353,31849.52719,43604.8822,54863.11828,67125.78764,79681.56431,90297.52263	0.9537993281,-0.954001907,-0.9540607066,-0.9547259612,-0.9582478338,0.9541072915,0.9555470326,-0.9584466651	-0.9581081431,-0.9583797539,0.958254398,-0.9544373734,-0.9584092813,0.9581916819,0.9548926111,0.9582077537	ok
-0.77054108	-34.97995992	-45.45064720	0.7881659657	continued:5	1,-1,-1,1,1,1,-1,1	-1,-1,1,-1,-1,1,-1,-1	7473.369971,16114.56327,25776.68871,35425.7855,46769.24275,59995.73257,71026.81629,83307.48687	5273.331152,19544.3176,31819.55141,43614.81006,55116.30916,66728.85912,78517.03268,89319.82744	0.9538077609,-0.9541050913,-0.9557204654,0.9578647891,0.9581592045,0.957115729,-0.9587587054,0.958307046	-0.958095546,-0.9583689758,0.9582327198,-0.9542416328,-0.9592591229,0.9582416982,-0.9547078109,-0.9582384236	ok
-0.76853707	-34.97995992	-45.94087969	0.7853726169	continued:5	1,1,1,1,1,1,1,1	-1,-1,1,-1,-1,-1,1,1	7602.469736,16612.89536,26364.19035,36590.02819,46255.04588,57557.19932,70810.15545,84056.24631	5273.504293,19541.35475,31792.6983,43647.35747,53932.98261,65721.88681,77922.81165,87891.83892	0.9539595808,0.954110523,0.9560722486,0.9559997347,0.9543968702,0.958416077,0.9581459307,0.957222215	-0.9580829466,-0.9583582071,0.958211597,-0.9541667296,-0.9576523412,-0.9582517264,0.9573486748,0.9541533118	ok
-0.76653307	-34.97995992	-46.39743791	0.7830413539	continued:5	-1,-1,-1,-1,-1,-1,-1,1	-1,-1,1,-1,-1,1,1,1	7752.71849,17667.00781,28677.97183,41149.85757,51705.43844,64117.57718,74823.30344,86743.08698	5273.679396,19538.15229,31769.05311,43697.52686,54498.21681,65749.85935,76629.68693,87430.0204	-0.9541238417,-0.9566387161,-0.9581559639,-0.9549297347,-0.958158719,-0.9547711383,-0.9581919483,0.9542085358	-0.958070345,-0.9583474453,0.9581909418,-0.954190348,-0.9587744971,0.958856256,0.9546887024,0.9582144204	ok
-0.76452906	-34.97995992	-46.81981925	0.7811233933	continued:5	1,1,1,1,1,1,1,1	-1,-1,1,-1,-1,-1,1,1	7928.237624,19446.78593,31384.7266,42712.81633,56050.8144,68499.30684,79015.55256,91624.83707	5273.856451,19534.6969,31748.77066,43762.76592,55266.2633,67746.56363,78408.81987,91454.00814	0.9542924575,0.9586048044,0.9543645388,0.9584171445,0.9581440905,0.9549688091,0.958137492,0.9554143062	-0.9580577412,-0.9583366877,0.958170676,-0.9542982539,-0.9585833137,-0.9556474542,0.9587952189,0.9581268773	ok
-0.76252505	-34.97995992	-47.20722286	0.7798741697	continued:5	-1,-1,1,-1,-1,1,-1,-1	-1,-1,1,1,1,-1,1,-1	8079.967495,19171.72044,31622.34365,44626.92187,58238.99584,70193.00524,80910.73491,95171.68091	5274.035453,19530.97461,31732.09838,43842.32601,54909.45458,67471.17836,79961.54596,92749.72906	-0.9544678975,-0.9582840648,0.9582465475,-0.9584553559,-0.9581870377,0.9556607761,-0.9589003856,-0.9587959688	-0.9580451352,-0.9583259314,0.9581507269,0.9544820203,0.9582742232,-0.9582802755,0.9582584852,-0.958357707	ok
-0.76052104	-34.97995992	-47.55633743	0.7790382483	continued:5	-1,-1,1,1,1,-1,1,-1	-1,-1,1,1,1,-1,-1,-1	8246.770565,19056.67353,31194.75903,42246.65856,56901.11769,68938.56259,80929.611,90391.93445	5274.216392,19526.9708,31719.41521,43937.11505,54643.92812,66612.61626,77114.7836,89758.67205	-0.9546484551,-0.9581820417,0.9567685022,0.9580668769,0.9587095761,-0.958171285,0.9557710844,-0.9567063554	-0.958032527,-0.9583151729,0.958131023,0.9547381536,0.9581567986,-0.9549663257,-0.9581104524,-0.9556981348	ok
-0.75851703	-34.97995992	-47.86692398	0.7785366955	continued:5	1,1,1,1,1,1,1,1	-1,-1,1,1,1,1,-1,1	25.59485783,8433.529873,19032.48611,31222.70003,41798.6231,54064.20023,64571.50939,77155.35131	5274.39926,19522.67019,31711.2994,44049.96901,54496.06019,67957.5119,78533.81915,91393.27885	0.9617279791,0.9548362164,0.9581209033,0.9548619427,0.9581158305,0.9549475299,0.9581000863,0.9556316182	-0.9580199165,-0.9583044085,0.9581114895,0.9550682666,0.9580779002,0.9580017403,-0.9582235436,0.9583590273	ok
-0.75651303	-34.97995992	-48.13981568	0.7783695112	full	1,1,1,1,-1,1,1,-1	-1,-1,1,1,-1,1,-1,-1	50.87972505,8498.514681,18950.02982,32049.01891,43043.52704,55123.73755,68713.49236,80877.08531	5274.584051,19518.05683,31708.65416,44186.54311,54032.00483,66464.90586,79369.75945,92686.03113	0.9920290647,0.9550282259,0.9580718786,0.9571413703,-0.9592054871,0.9584158094,0.958147656,-0.956672691	-0.9580073039,-0.9582936339,0.9580920399,0.9554804677,-0.9582394582,0.9582055975,-0.9583642038,-0.9580930837	ok
-0.75450902	-34.97995992	-41.75286463	0.7988994011	continued:5	1,-1,1,1,1,-1,1,-1	-1,-1,1,1,1,1,-1,1	9118.664459,21562.71865,34354.28488,47563.3246,61927.08203,73138.84016,82599.93737,94690.83497	5274.770757,19513.11412,31712.96139,44357.54302,54419.55846,66309.96316,77866.83917,90136.51037	0.9582229645,-0.9581967576,0.9583056445,0.9580418677,0.9591981937,-0.9552983979,0.958114477,-0.9556058716	-0.957994689,-0.9582828447,0.9580725629,0.955992842,0.9560945915,0.9591623615,-0.9581348866,0.9570999748	ok
-0.75250501	-34.97995992	-42.95685401	0.7961060522	continued:5	1,1,-1,1,-1,1,1,-1	-1,-1,1,1,1,1,1,1	9582.509642,23522.89413,35764.74823,48281.74959,58718.83932,72154.53328,85681.91444,98783.26563	5274.959369,19507.8248,31726.86004,44584.66037,55508.59177,68359.52889,79300.7996,92013.37121	0.9584360177,0.9582321567,-0.9581254715,0.95796,-0.9581482365,0.9587930829,0.9581645834,-0.958432635	-0.957982072,-0.958272036,0.958052894,0.9566413376,0.9580530998,0.9566233354,0.9580576451,0.9562659784	ok
-0.75050100	-34.97995992	-43.77478156	0.7933127034	continued:5	1,1,-1,1,-1,1,1,1	-1,-1,1,1,1,-1,1,1	9376.557981,22031.79326,35288.63189,46785.31003,59515.8807,71724.55552,84581.6438,95497.97933	5275.149881,19502.17097,31755.72826,44919.54684,56915.86591,69094.81106,81298.69564,92752.98648	0.9591292462,0.958121056,-0.9591685347,0.9581698524,-0.9582575641,0.9580405566,0.9567267872,0.9580127418	-0.9579694527,-0.9582612023,0.9580327416,0.9574962436,0.9582293834,-0.9580901174,0.9562912471,0.9581772024	ok
-0.74849699	-34.97995992	-44.44111635	0.7905193545	continued:5	1,-1,1,-1,1,-1,-1,1	-1,-1,1,1,-1,1,-1,-1	8197.089416,18244.23528,31561.04778,44668.52229,57768.29415,71034.44328,84866.37282,96435.12228	5275.342284,19496.1341,31813.57939,45521.00414,56541.85052,68873.0635,82058.43709,96447.95594	0.956917544,-0.9581234432,0.9585582929,-0.9585586149,0.9585510688,-0.9588224,-0.9591580655,0.9581770183	-0.9579568313,-0.9582503379,0.9580114334,0.9586424427,-0.9581884714,0.9581295267,-0.9584516254,-0.9587956654	ok
-0.74649299	-34.97995992	-45.02371148	0.7877260056	continued:5	1,1,-1,1,-1,1,-1,-1	-1,-1,1,1,1,1,-1,-1	7958.386635,19393.52322,31971.63798,44213.06563,57673.3628,69882.75657,81786.52224,94878.15506	5275.536571,19489.69506,31968.87427,46515.01625,59288.01392,73853.2468,86206.73568,99389.83636	0.9562759271,0.9581498028,-0.9581849143,0.9580920351,-0.9590835465,0.9586854347,-0.9586519935,-0.9579774948	-0.9579442076,-0.9582394364,0.9579861632,0.9589569534,0.9579848907,0.9588959449,-0.9582499025,-0.9579903346	ok
-0.74448898	-34.97995992	-45.55106325	0.7849326567	continued:5	1,1,-1,1,1,-1,1,1	-1,-1,-1,-1,1,1,-1,-1	8003.052184,19228.98796,32697.29189,45079.29416,58665.53018,72182.88926,83885.12632,96477.33625	5275.732735,19482.83416,32769.0779,47313.60545,59260.79228,72012.32899,81871.14474,94421.91744	0.9563725235,0.9580752538,-0.9590825956,0.9583434904,0.9580788226,-0.9589310254,0.9580157402,0.9564979722	-0.9579315818,-0.9582284911,-0.9579653839,-0.9586252114,0.9580082571,0.9567887282,-0.9580180595,-0.9564411501	ok
-0.74248497	-34.97995992	-46.03702690	0.7821393079	continued:5	-1,-1,-1,1,1,-1,1,-1	-1,-1,-1,-1,1,1,1,-1	8187.034946,19067.77908,32266.34671,42530.0321,55319.90459,65698.52961,77846.99973,90420.79449	5275.930768,19475.53119,32680.72944,47218.9313,59254.01746,70351.04266,84833.264,97701.71724	-0.9566312074,-0.9579832473,-0.9578382871,0.9579953889,0.9569877636,-0.9581716322,0.9580369227,-0.9576791515	-0.9579189538,-0.9582174946,-0.9579587144,-0.9588175034,0.9567217547,0.957947512,0.9584921339,-0.9589177039	ok
-0.74048096	-34.97995992	-46.48884142	0.7798080449	continued:5	-1,1,-1,-1,1,1,1,-1	-1,-1,-1,-1,-1,1,-1,-1	8396.56569,18431.2533,31536.12993,45235.05755,58045.17239,71197.79873,85135.85542,97138.18844	5276.130663,19467.76548,32639.89728,47108.92432,60027.39175,72563.75443,83758.60477,97348.61378	-0.9569040243,0.9580711098,-0.9583362411,-0.9580874869,0.9582161076,0.9579591836,0.9589956184,-0.9583941671	-0.9579063235,-0.9582064397,-0.9579498051,-0.9589575319,-0.9580084269,0.9571355525,-0.9591168623,-0.9585661095	ok
-0.73847695	-34.97995992	-46.90591821	0.7780178017	continued:5	-1,1,1,1,1,-1,-1,1	-1,-1,-1,-1,1,1,1,-1	8616.224454,19074.93257,30421.0262,43171.75964,53666.45315,64117.79858,75547.43693,88178.19688	5276.332412,19459.51593,32612.94378,46982.74983,59524.01365,73726.73539,87881.45193,99967.211	-0.957189899,0.957677036,0.9579767758,0.9572314681,0.9571917797,-0.9576323694,-0.9579943095,0.9574362981	-0.9578936911,-0.958195318,-0.9579400311,-0.959042265,0.9583777275,0.9583965997,0.9590495963,-0.9581854571	ok
-0.73647295	-34.97995992	-47.28629431	0.7766408607	continued:5	1,1,-1,1,-1,-1,1,-1	-1,-1,-1,-1,-1,-1,-1,1	8863.837459,20618.10463,33275.66806,45376.51106,58107.82422,69589.14211,82561.66294,93259.56903	5276.536008,19450.76112,32592.18033,46860.58434,59417.33966,72264.66289,83904.60117,97167.57614	0.9574874306,0.9580665231,-0.9581422358,0.9579755714,-0.9575962555,-0.9579935409,0.9585612094,-0.9580300822	-0.9578810564,-0.9581841212,-0.9579297615,-0.9590766215,-0.9579624855,-0.9575289858,-0.9580320587,0.9583911578	ok
-0.73446894	-34.97995992										error: Gamma tangent signs only reached 7 / 8 minima; retcode=Success
-0.73246493	-34.97995992	-47.62939930	0.7755982882	continued:5	1,-1,-1,1,-1,-1,-1,1	-1,-1,-1,-1,-1,-1,1,-1	9241.503175,20406.04611,32039.08232,43218.39618,55328.46218,68455.20495,81067.54781,93179.66009	5276.948712,19431.64895,32558.68804,46683.48661,59680.12505,72497.69192,84712.42979,97902.55931	0.9581077271,-0.958139497,-0.9585927881,0.9581252285,-0.9579317761,-0.9581862291,-0.9584939023,0.9580315521	-0.9578557806,-0.9581614667,-0.9579082918,-0.9590717499,-0.9590194218,-0.9580788023,0.9580042214,-0.9583109962	ok
-0.73046092	-34.97995992	-47.93363673	0.7752244528	continued:5	1,1,1,1,-1,-1,1,1	-1,-1,-1,-1,-1,-1,1,1	30.86457005,9525.776115,21140.87158,34585.66619,46319.82039,58645.73379,71605.6357,84861.12276	5277.157806,19421.24792,32543.59649,46635.02243,60010.3222,72756.4815,84546.32316,98576.04469	0.9629752617,0.9584132793,0.9579114261,0.9586577806,-0.9587789285,-0.9580007903,0.9581952259,0.9579293717	-0.9578431394,-0.9581499906,-0.9578972216,-0.9590599862,-0.9589666005,-0.9586184252,0.9583502828,0.9590094828	ok
-0.72845691	-34.97995992	-48.19898861	0.7750572685	full	1,1,1,1,-1,1,1,1	-1,-1,-1,-1,-1,1,-1,-1	58.8774358,9724.213876,22525.48452,35850.07402,48007.41166,61347.49637,74529.44531,87371.15826	5277.368717,19410.25453,32528.77054,46609.2171,59727.49247,71808.03957,85417.56716,98060.52249	0.9880324513,0.958688127,0.9589205509,0.9580564671,-0.9579652587,0.9583586808,0.9587086755,0.9583266746	-0.957830496,-0.9581384024,-0.9578859729,-0.9590445628,-0.9580761122,0.9579353949,-0.959034103,-0.957932672	ok
-0.72645291	-34.97995992	-47.64546934	0.7748889718	continued:5	1,-1,1,-1,1,1,1,-1	-1,-1,-1,-1,-1,1,1,1	9751.209813,20903.65947,33369.79681,45609.25594,58474.08273,71603.30897,85517.22163,96943.19335	5277.581439,19398.64724,32513.83277,46599.47538,59164.96241,72673.57624,85639.54455,98789.24519	0.9589006358,-0.9580041557,0.9580282162,-0.9579751625,0.9581336807,0.9578794592,0.9590344791,-0.9580028469	-0.9578178505,-0.9581266925,-0.9578745645,-0.9590194328,-0.9579056708,0.958978303,0.958141511,0.9578846651	ok
-0.72444890	-34.97995992	-47.94800754	0.7745151364	continued:5	1,1,1,1,1,-1,-1,-1	-1,-1,-1,-1,1,-1,-1,1	32.08967989,10067.27032,22224.60599,36438.49134,49554.29807,62352.74778,75457.28915,89765.54707	5277.795965,19386.40489,32498.50869,46597.2094,58081.17654,71242.33134,84828.28969,97526.1898	0.963251482,0.9590102276,0.9578581279,0.9588828561,0.9579637809,-0.9580995316,-0.9578514744,-0.9587104734	-0.9578052027,-0.9581148513,-0.9578630085,-0.9589776468,0.9579427056,-0.9582256737,-0.9579704878,0.9580720852	ok
-0.72244489	-34.97995992	-48.21170344	0.7743479522	full	1,1,1,-1,-1,-1,-1,-1	-1,-1,-1,-1,-1,1,1,-1	60.62182926,10245.57191,23074.80706,35968.56373,49102.08574,63076.09186,75488.90344,89754.37724	5278.012287,19373.50681,32482.58969,46593.13463,60007.40477,72523.7079,86128.15418,98677.6912	0.987095685,0.9590050803,0.957942097,-0.958113079,-0.957858123,-0.9589847103,-0.9578412375,-0.9587089139	-0.9577925528,-0.958102869,-0.9578513125,-0.95891599,-0.9589405472,0.9582171207,0.9579660305,-0.9580218702	ok
-0.72044088	-34.97995992										error: Gamma tangent signs only reached 7 / 8 minima; retcode=Success
-0.71843687	-34.97995992	-47.96240451	0.7738059482	continued:5	1,1,1,-1,-1,1,1,-1	-1,-1,-1,-1,1,-1,1,1	33.3501955,10371.34787,23080.95118,37058.88458,49763.48551,63752.15732,76460.24617,90441.37635	5278.450294,19345.66457,32448.34474,46552.22378,58178.16758,71658.49629,84863.44779,98689.9703	0.9635299904,0.9588024326,0.957838898,-0.9588015771,-0.9578377518,0.9588021979,0.9578385659,-0.9588019103	-0.9577672464,-0.9580784438,-0.9578275173,-0.958748626,0.9578780898,-0.9583289741,0.9582887857,0.9587935366	ok
-0.71643287	-34.97995992	-48.22443054	0.7736387639	full	1,1,-1,-1,-1,-1,1,-1	-1,-1,-1,-1,1,-1,1,1	62.38029041,10415.61075,22804.83815,35880.20145,50059.99253,63135.41661,76745.53518,88744.05675	5278.671964,19330.68336,32429.78148,46510.72988,59743.81172,71559.98575,85364.10081,98636.48173	0.9861356363,0.9586871892,-0.9580475974,-0.957803006,-0.9585205815,-0.9578546605,0.9583865668,-0.9579077818	-0.9577545899,-0.9580659829,-0.9578154226,-0.9586578921,0.9584243248,-0.9578416367,0.9585525782,0.9579005592	ok
-0.71442886	-34.97995992	-47.97201719	0.7733332449	continued:5	1,1,1,1,1,1,-1,1	-1,-1,-1,-1,-1,1,-1,1	34.21084128,10382.64046,23988.79598,37069.72806,51154.6196,64454.16894,77077.13271,89096.51066	5278.895402,19314.97269,32410.13645,46457.03134,59955.13666,71981.54688,85541.56528,98260.23411	0.9637168005,0.9585836636,0.9580466047,0.9577988397,0.9585450077,0.9578979317,-0.9579853375,0.9578294451	-0.9577419313,-0.9580533455,-0.957803198,-0.9585707554,-0.9579761487,0.9578412131,-0.9583213894,0.9580622288	ok
-0.71242485	-34.97995992	-48.23292206	0.7731660606	full	1,1,1,-1,1,1,-1,1	-1,-1,-1,-1,-1,1,-1,-1	63.5614419,10392.71407,23455.52389,36945.734,50645.53415,63647.65099,77337.549,89259.64014	5279.120602,19298.51731,32389.34123,46393.99799,59432.2847,73007.35591,85859.49427,99099.51176	0.9854837304,0.9584949633,0.957829005,-0.9582553959,0.9584829669,0.9578168366,-0.958365848,0.9578658997	-0.9577292704,-0.958040524,-0.9577908438,-0.9584902392,-0.9578239766,0.958299667,-0.9580859188,-0.957821541	ok
-0.71042084	-34.97995992	-47.98164169	0.7728606214	continued:5	1,1,1,1,-1,1,-1,1	-1,-1,-1,-1,-1,-1,1,-1	35.08813601,10339.70042,23189.30039,37267.30242,49384.28582,61684.03504,74034.30974,86290.08441	5279.347557,19281.30361,32367.343,46324.40021,59176.68622,73258.14581,85464.93912,97620.14116	0.963904412,0.9584183121,0.9577607002,0.9583303777,-0.9578958002,0.957890473,-0.957900931,0.9578814291	-0.9577166074,-0.9580275117,-0.9577783606,-0.9584173482,-0.9577597924,-0.9583230622,0.9579141627,-0.9578595316	ok
-0.70841683	-34.97995992	-48.24141902	0.7726934371	full	1,1,-1,1,1,-1,-1,1	-1,-1,-1,1,-1,1,1,-1	64.75030799,10339.09554,22160.867,35341.15014,48695.51836,61731.9448,74909.55733,88560.55246	5279.57626,19263.31987,32344.10343,46250.50437,58073.73583,71245.09865,84586.54201,97672.69879	0.9848231291,0.958352349,-0.9578144885,0.9580895472,0.957823208,-0.9580461422,-0.9577860897,0.9582729028	-0.9577039423,-0.958014303,-0.9577657491,0.9583519276,-0.9578150436,0.9580867222,0.957820112,-0.9580605292	ok
-0.70641283	-34.97995992	-47.99127773	0.7723880493	continued:5	1,1,-1,1,-1,1,-1,1	-1,-1,-1,1,-1,1,-1,1	35.98201157,10280.11487,22476.91035,34608.00965,47301.04169,59355.38644,73199.48543,85417.7356	5279.806704,19244.55643,32319.59793,46174.0134,58380.7704,70499.52119,83231.97377,95423.11111	0.9640926261,0.9582941498,-0.9578861693,0.9578301758,-0.9579457047,0.9577540477,-0.9582923804,0.9578904329	-0.957691275,-0.958000893,-0.9577530102,0.958293291,-0.9578881675,0.9578272492,-0.957954477,0.9577388945	ok
-0.70440882	-34.97995992	-48.24992139	0.7722208650	full	1,1,-1,-1,1,-1,-1,1	-1,-1,-1,1,-1,-1,1,1	65.94686323,10276.98519,23059.15682,36164.60828,49868.81651,63067.31032,76705.8019,88692.94713	5280.038882,19225.00586,32293.81522,46096.14587,58919.40421,72058.11236,85670.58985,99308.9315	0.9841548519,0.9582427131,-0.9580009639,-0.9577485084,0.9582214118,-0.9581238704,-0.9579056295,0.9577729957	-0.9576786055,-0.9579872784,-0.9577401458,0.9582405821,-0.958011624,-0.9577552025,0.958193937,0.9582424234	ok
-0.70240481	-34.97995992										error: Gamma tangent signs only reached 7 / 8 minima; retcode=Success
-0.70040080	-34.97995992										error: Gamma tangent signs only reached 7 / 8 minima; retcode=Success
-0.69839679	-34.97995992	-48.01058860	0.7714434746	continued:5	1,1,1,1,-1,-1,1,-1	-1,-1,-1,1,1,1,-1,-1	37.82555594,10154.45881,23846.9676,37002.03901,50343.89961,63730.93409,76287.74786,88252.64911	5280.745756,19161.59444,32208.8835,45861.43268,59543.69264,72614.808,86198.7267,99846.3351	0.9644715439,0.9581159408,0.9579820564,0.9577237378,-0.9580403243,-0.9577779315,0.9578626289,-0.9577329887	-0.957640584,-0.9579451895,-0.9577008253,0.9581099691,0.9579548459,0.9577064885,-0.9580984722,-0.9579082116	ok
-0.69639279	-34.97995992	-48.26694234	0.7712762903	full	1,1,1,-1,1,1,-1,1	-1,-1,-1,1,1,-1,1,1	68.37117408,10152.93956,23762.44689,35794.15037,49403.95453,62988.50074,74942.80336,88232.66424	5280.984805,19138.87183,32178.13374,45784.12924,59366.66173,71320.54238,84586.65144,97855.68963	0.9827948476,0.9580804013,0.9578758414,-0.9576872446,0.9580738581,0.9578562488,-0.9577107927,0.9580070292	-0.9576279058,-0.9579307464,-0.9576874884,0.9580733919,0.9578547703,-0.9577123211,0.9580012423,0.9577364439	ok
-0.69438878	-34.97995992	-47.40492376	0.7715814918	continued:5	1,1,-1,1,-1,1,1,-1	-1,-1,-1,1,1,-1,1,-1	9833.550753,23345.23971,35378.21966,48065.81948,60074.31933,73604.08545,87063.48,99249.51134	5281.225554,19115.36415,32146.23876,45707.61573,59186.64631,71311.64662,83756.36778,95757.21014	0.9580470138,0.9578077971,-0.9577361349,0.9578596584,-0.9576767206,0.9580349167,0.9577837788,-0.9577680012	-0.9576152255,-0.9579161005,-0.9576740443,0.9580394354,0.9577920804,-0.9577561577,0.9578148765,-0.9577275507	ok
-0.69238477	-34.97995992	-47.73741164	0.7708732879	continued:5	1,1,-1,1,-1,1,-1,1	-1,-1,-1,1,1,-1,1,-1	9929.24862,23351.55694,35599.4615,47794.79939,60071.53173,72227.29028,84574.18972,96647.2001	5281.467998,19091.08042,32113.26057,45631.97144,59019.64322,71383.66538,83439.30119,96010.29979	0.9580159649,0.9577605562,-0.9577668077,0.9577572675,-0.9577719096,0.957749799,-0.9577844238,0.9577332798	-0.9576025431,-0.9579012566,-0.9576604985,0.9580077097,0.9577481176,-0.9577873574,0.9577295241,-0.9578240642	ok
-0.69038076	-34.97995992	-48.02994899	0.7704994525	continued:5	1,1,1,-1,1,-1,-1,-1	-1,-1,-1,1,1,-1,1,-1	39.74303275,10037.48241,23381.23683,35832.26306,47804.96481,60596.1358,73681.02794,87389.43794	5281.71213,19066.0327,32079.27238,45557.23553,58866.78964,71433.21493,83365.75492,96463.80029	0.9648523084,0.9579863859,0.9577241933,-0.9577892872,0.9576966654,-0.9578502896,-0.9576211402,-0.9579726004	-0.9575898584,-0.9578862204,-0.9576468569,0.9579778899,0.9577141529,-0.9578094634,0.9576750154,-0.9579098529	ok
-0.68837675	-34.97995992	-48.28398485	0.7703322683	full	1,1,1,-1,1,-1,-1,1	-1,-1,-1,1,1,-1,1,-1	70.83648102,10039.23746,23315.499,35929.23389,47861.04166,61048.00145,74150.78642,87298.2263	5281.957943,19040.23601,32044.3584,45483.42408,58726.4023,71448.34844,83501.88397,96983.7807	0.9814108788,0.9579584414,0.9576945811,-0.9578039488,0.9576524835,-0.9579091969,-0.9576552971,0.9579018737	-0.9575771716,-0.9578709991,-0.9576331257,0.9579497056,0.9576860148,-0.9578229389,0.9576293703,-0.9579541572	ok
-0.68637275	-34.97995992	-47.75373261	0.7701626570	continued:5	1,1,-1,1,-1,-1,1,-1	-1,-1,-1,1,1,-1,-1,-1	9846.803167,23064.4007,35803.31008,47897.70873,61379.38698,74590.45735,87349.75603,99552.54212	5282.20543,19013.70839,32008.61383,45410.54294,58596.55848,71433.14524,84435.71735,98009.88575	0.9579317921,0.9576688957,-0.9578114335,0.9576121625,-0.9579299281,-0.957667377,0.9578149563,-0.9576048549	-0.9575644827,-0.9578556009,-0.9576193111,0.9579229313,0.9576615325,-0.9578285523,-0.9576022786,-0.9579305982	ok
-0.68436874	-34.97995992	-48.04447118	0.7697888216	continued:5	1,1,1,-1,-1,-1,-1,1	-1,-1,-1,1,1,-1,-1,1	41.1938007,9957.782928,23124.19905,35956.61489,48964.02071,62507.91192,75670.91868,88513.48501	5282.454587,18986.47072,31972.14503,45338.59768,58475.62429,71394.61462,84368.45822,97813.72593	0.9651303077,0.9579062119,0.9576458738,-0.9578127126,-0.957587796,-0.9579051056,-0.9576451489,0.9578144084	-0.9575517916,-0.957840035,-0.9576054193,0.9578973783,0.9576394818,-0.9578275508,-0.957598296,0.9579041398	ok
-0.68236473	-34.97995992	-48.29678081	0.7696216373	full	1,1,1,-1,-1,1,1,-1	-1,-1,-1,1,1,-1,-1,1	72.66769181,9961.908071,23083.94226,35983.45942,48952.75716,62384.59151,75503.07815,88412.72383	5282.705405,18958.54671,31935.07016,45267.60176,58362.31575,71339.23697,84312.06096,97663.2908	0.9803869733,0.9578816062,0.9576249119,-0.9578086622,-0.9575822943,0.9578805154,0.9576242002,-0.9578102555	-0.9575390984,-0.9578243116,-0.9575914561,0.957872888,0.9576191244,-0.9578213608,-0.9575898236,0.9578747405	ok
-0.68036072	-34.97995992	-48.05420124	0.7693184744	continued:5	1,1,1,-1,-1,1,1,-1	-1,-1,-1,1,1,-1,-1,1	42.22559836,9907.705795,22990.60751,35938.44737,48899.90684,62249.13024,75319.64824,88301.77841	5282.957878,18929.96269,31897.52023,45197.58349,58255.65934,71272.18845,84243.50881,97525.39272	0.965324493,0.9578578451,0.957605194,-0.9578006201,-0.9575730232,0.9578536248,0.9576026051,-0.9578059632	-0.957526403,-0.9578084417,-0.9575774268,0.9578493273,0.9575999898,-0.9578113156,-0.9575789947,0.9578474652	ok
-0.67835671	-34.97995992	-48.30531814	0.7691512902	full	1,1,1,-1,-1,1,1,-1	-1,-1,-1,1,1,-1,-1,1	73.95347043,9913.285539,22962.07769,35942.64108,48899.13951,62186.36007,75217.06344,88247.4036	5283.212001,18900.74747,31859.64107,45128.59281,58154.94187,71197.39664,84163.83347,97394.54627	0.9796724668,0.9578348866,0.9575865512,-0.957789541,-0.9575617848,0.9578282623,0.9575826882,-0.9577967586	-0.9575137054,-0.9577924368,-0.9575633363,0.9578265841,0.9575817635,-0.957798521,-0.9575666318,0.9578227067	ok
-0.67635271	-34.97995992	-48.06392244	0.7688462017	continued:5	1,1,1,-1,-1,1,1,-1	-1,-1,-1,1,1,-1,-1,1	43.25115919,9860.393532,22879.10034,35881.54247,48832.20487,62071.29238,75070.2486,88128.37522	5283.467767,18870.93218,31821.5964,45060.70842,58059.67109,71117.81065,84076.63068,97268.8583	0.9655129152,0.9578125761,0.9575686987,-0.9577763658,-0.9575492617,0.9578045513,0.9575642112,-0.957783798	-0.9575010056,-0.9577763088,-0.957549188,0.9578045635,0.9575642274,-0.9577838294,-0.9575532511,0.957799955	ok
-0.67434870	-34.97995992	-48.31386081	0.7686790175	full	1,1,1,-1,-1,1,1,-1	-1,-1,-1,1,1,-1,-1,1	75.21894532,9867.324902,22859.91471,35875.05741,48818.81487,62020.35256,74994.25141,88065.40129	5283.725169,18840.54997,31783.57273,44994.04645,57969.55112,71035.68206,83985.37033,97147.55454	0.9789735606,0.9577910725,0.9575513397,-0.9577615214,-0.9575358452,0.9577824492,0.9575468921,-0.9577684507	-0.9574883038,-0.95776007,-0.9575349849,0.9577831853,0.9575472242,-0.9577678691,-0.9575392077,0.9577786352	ok
-0.67234469	-34.97995992	-48.07366264	0.7683747192	continued:5	1,1,1,-1,-1,1,1,-1	-1,-1,-1,1,1,-1,-1,1	44.3050518,9815.324381,22785.14081,35806.74071,48743.30689,61913.98197,74867.91496,87942.66294	5283.984202,18809.63583,31745.78702,44928.77216,57884.47374,70952.80303,83892.98308,97030.54713	0.9657027751,0.9577699008,0.9575345862,-0.9577457896,-0.9575218327,0.9577613282,0.9575301738,-0.9577517807	-0.9574755998,-0.957743733,-0.9575207276,0.957762382,0.9575306363,-0.9577510904,-0.9575247436,0.9577583052	ok
-0.67034068	-34.97995992	-48.32240881	0.7682075349	full	1,1,1,-1,-1,1,1,-1	-1,-1,-1,1,1,-1,-1,1	76.50696988,9823.50781,22773.95112,35796.55877,48726.44565,61871.31518,74809.49968,87881.39661	5284.244858,18778.22635,31708.49892,44865.1169,57804.52733,70870.70137,83801.94357,96918.29682	0.9782677714,0.9577492952,0.9575180631,-0.9577292664,-0.9575074917,0.957741144,0.9575138635,-0.9577344798	-0.9574628937,-0.95772731,-0.9575064152,0.9577420966,0.9575143735,-0.957733811,-0.9575100188,0.9577386668	ok
-0.66833667	-34.97995992	-48.08340672	0.7679025571	continued:5	1,1,1,-1,-1,1,1,-1	-1,-1,-1,1,1,-1,-1,1	45.36864946,9772.478898,22706.64398,35726.71863,48651.2899,61773.42941,74699.49178,87764.51613	5284.507133,18746.3594,31672.0306,44803.40481,57730.02943,70790.81012,83714.47977,96811.76345	0.9658900193,0.9577290692,0.9575018685,-0.9577123272,-0.9574928949,0.9577215545,0.9574980421,-0.9577166288	-0.9574501854,-0.9577108134,-0.957492044,0.9577222816,0.9574983628,-0.9577162534,-0.9574951344,0.957719532	ok
-0.66633267	-34.97995992	-48.33096211	0.7677353729	full	1,1,1,-1,-1,1,1,-1	-1,-1,-1,1,1,-1,-1,1	77.79489028,9781.823305,22702.98401,35717.33078,48638.83228,61740.81402,74658.25114,87713.62131	5284.771019,18714.0739,31636.80045,44744.0969,57661.59512,70714.6387,83632.82947,96712.4451	0.9775684398,0.9577093572,0.9574860479,-0.9576951481,-0.9574781096,0.9577025928,0.9574823128,-0.9576988416	-0.957437475,-0.9576942553,-0.9574776064,0.9577028979,0.9574825429,-0.957698573,-0.957480149,0.9577007877	ok
-0.66432866	-34.97995992	-48.09453024	0.7675635182	continued:5	1,-1,-1,1,1,-1,-1,1	-1,-1,-1,1,1,-1,-1,1	48.22026487,9716.336223,22627.82635,35634.60853,48556.23937,61639.79533,74552.23718,87596.32729	5285.03651,18681.40953,31603.38316,44687.86896,57600.26903,70643.98566,83559.56293,96622.54661	0.966416034,-0.9576900712,-0.9574701797,0.9576777689,0.9574632309,-0.9576838824,-0.9574668641,0.9576809635	-0.9574247624,-0.9576776473,-0.957463089,0.9576839146,0.9574668582,-0.9576808785,-0.9574650908,0.9576823682	ok
-0.66232465	-34.97995992	-48.33952072	0.7671896828	full	1,1,1,-1,-1,1,1,-1	-1,-1,-1,1,1,-1,-1,1	77.93830627,9750.231728,22655.8283,35653.7409,48580.05593,61646.91474,74558.47691,87590.35091	5285.303602,18648.4065,31572.6252,44635.75997,57547.78231,70581.26735,83498.06354,96545.36928	0.9774852458,0.9576710301,0.9574545263,-0.9576604906,-0.9574480939,0.9576656344,0.9574514885,-0.9576631927	-0.9574120478,-0.9576610008,-0.9574484694,0.9576653094,0.957451254,-0.9576632484,-0.9574499636,0.9576642384	ok
-0.66032064	-34.97995992	-48.10345767	0.7670097850	continued:5	1,1,1,-1,-1,1,1,-1	-1,-1,-1,1,1,-1,-1,1	48.2411332,9686.74876,22590.87085,35578.86115,48516.82278,61569.25311,74484.88405,87504.09632	5285.572286,18615.10524,31545.88962,44589.48426,57507.08623,70530.12842,83453.39631,96486.15276	0.9663923175,0.9576522594,0.9574390137,-0.9576432036,-0.9574328778,0.9576475856,0.9574360091,-0.9576454753	-0.9573993309,-0.9576443263,-0.9574337089,0.9576470706,0.95743567,-0.9576457411,-0.9574347469,0.9576463837	ok
-0.65831663	-34.97995992	-48.34808462	0.7666359496	full	1,1,1,-1,-1,1,1,-1	-1,-1,-1,1,1,-1,-1,1	77.96331145,9720.944987,22629.86248,35609.23091,48569.06412,61609.18386,74535.55974,87542.62632	5285.842558,18581.54616,31525.65436,44552.18689,57483.58721,70496.78001,83434.19483,96454.02815	0.9774653889,0.9576337392,0.9574232298,-0.9576261499,-0.9574173717,0.9576299373,0.9574206397,-0.9576279934	-0.957386612,-0.9576276342,-0.9574187356,0.9576292022,0.95742003,-0.9576284049,-0.9574193874,0.9576288079	ok
-0.65631263	-34.97995992	-42.43275763	0.7865327094	continued:5	1,-1,1,-1,1,-1,1,-1	-1,-1,-1,1,1,-1,-1,1	8580.386666,20609.17027,32648.22384,44677.09196,56716.06034,68745.01157,80783.89619,92812.92916	5286.114411,18547.76944,31517.33067,44530.71182,57488.52488,70493.52502,83457.70811,96467.3688	0.9575045785,-0.9575030105,0.9575045601,-0.9575030422,0.9575045367,-0.9575030618,0.9575045159,-0.9575030953	-0.9573738909,-0.957610934,-0.957403398,0.9576117396,0.9574042264,-0.9576112841,-0.9574037665,0.9576115399	ok
-0.65430862	-34.97995992	-43.44951381	0.7837393605	continued:5	1,-1,1,-1,1,-1,1,-1	-1,-1,-1,1,1,-1,-1,1	8693.750894,20523.71396,32848.06197,44684.3529,56989.61296,68832.51954,81119.85159,92969.55908	5286.387839,18513.81478,31537.50239,44545.70839,57551.13362,70550.78174,83568.67995,96574.27098	0.9575315783,-0.957452106,0.9575291405,-0.9574541952,0.9575267698,-0.9574561716,0.9575246178,-0.9574579802	-0.9573611677,-0.9575942344,-0.9573872648,0.957594811,0.9573881305,-0.9575944033,-0.95738753,0.9575946887	ok
-0.65230461	-34.97995992	-44.21137592	0.7809460117	continued:5	1,-1,1,-1,1,-1,1,-1	-1,-1,-1,1,1,-1,1,-1	8727.379605,20555.26558,33144.17438,44953.14807,57481.13547,69281.97506,81754.50146,93554.70308	5286.662836,18479.72122,31783.28922,44830.65779,57876.98988,70859.63512,83337.253,96329.53286	0.9575516817,-0.9574103091,0.9575450229,-0.9574160397,0.9575385854,-0.9574213147,0.957532617,-0.9574262144	-0.9573484424,-0.9575775436,-0.9573663929,0.9575793732,0.957373211,-0.9575770715,0.9573722236,-0.9575774995	ok
-0.65030060	-34.97995992	-44.85101568	0.7781526628	continued:5	1,-1,1,-1,1,-1,1,-1	-1,-1,1,-1,1,-1,1,-1	8713.88422,20705.88209,33466.72053,45340.56704,57988.58428,69806.66731,82356.1224,94152.4192	5286.939397,18445.52693,30624.96842,43488.58516,55454.48757,68195.49774,80056.66166,92687.16023	0.9575556452,-0.9573782025,0.9575465085,-0.9573887116,0.9575364041,-0.9573979755,0.9575266613,-0.9574060892	-0.9573357149,-0.9575608692,0.9573684769,-0.9575542238,0.9573800826,-0.9575448207,0.9573903742,-0.9575347498	ok
-0.64829659	-34.97995992	-45.41567318	0.7753593139	continued:5	1,-1,1,-1,1,-1,1,-1	-1,-1,1,-1,1,-1,1,-1	8709.976561,20791.83607,33576.43441,45452.6308,58078.71995,69883.12387,82382.5853,94168.88894	5287.217515,18411.26907,30472.61476,43246.11602,55115.16524,67732.43009,79534.55409,92026.96992	0.9575448406,-0.9573596866,0.9575331763,-0.957374662,0.9575198194,-0.9573868255,0.9575075228,-0.9573968551	-0.9573229853,-0.957544218,0.9573607722,-0.9575323491,0.957375526,-0.9575189894,0.9573874612,-0.9575067125	ok
-0.64629259	-34.97995992	-45.92691659	0.7725659650	continued:5	-1,1,-1,1,-1,1,-1,1	-1,-1,1,-1,1,-1,1,-1	8763.339227,20770.3051,33480.27144,45305.68271,57836.29493,69617.78708,82015.59685,93800.04459	5287.497185,18376.98363,30368.35195,43068.14064,54889.42127,67412.60936,79193.51955,91585.78924	-0.9575282478,0.9573506619,-0.9575123316,0.9573677684,-0.9574964812,0.9573808718,-0.957482943,0.957391425	-0.9573102536,-0.9575275962,0.9573515574,-0.9575115439,0.9573684637,-0.9574956915,0.9573814671,-0.9574823866	ok
-0.64428858	-34.97995992	-46.39587850	0.7697726162	continued:5	1,-1,1,-1,1,-1,1,-1	-1,-1,1,-1,1,-1,1,-1	8892.113196,20839.44809,33478.67291,45272.45439,57720.27492,69493.29505,81807.83365,93598.69553	5287.7784,18342.70531,30284.10975,42918.8117,54711.43161,67156.16763,78929.31242,91241.68082	0.9575114406,-0.9573412743,0.9574918334,-0.9573598598,0.9574742537,-0.9573737134,0.9574604562,-0.9573841615	-0.9572975197,-0.9575110091,0.9573416242,-0.9574914596,0.9573601923,-0.9574739368,0.9573739066,-0.9574602197	ok
-0.64228457	-34.97995992	-46.82881839	0.7676480044	continued:5	1,-1,1,-1,1,-1,1,-1	-1,-1,1,-1,1,-1,1,-1	9005.377071,20909.95882,33487.1344,45261.39384,57639.43101,69410.70954,81657.58498,93456.7269	5288.061156,18308.46742,30211.11108,42786.61701,54560.61883,66937.58569,78708.99973,90955.16476	0.9574946356,-0.9573311634,0.9574721407,-0.9573511007,0.957453402,-0.9573652979,0.9574397335,-0.9573756118	-0.9572847838,-0.9574944618,0.9573312445,-0.9574719498,0.9573511375,-0.95745332,0.9573652922,-0.9574395744	ok
-0.64028056	-34.97995992	-47.22307260	0.7660644122	continued:5	-1,1,-1,1,-1,1,-1,1	-1,-1,1,-1,1,-1,1,-1	9116.913222,20988.50378,33509.8025,45271.18813,57588.77938,69361.18275,81551.45913,93358.39984	5288.345445,18274.30183,30145.41255,42666.26128,54427.61251,66744.93473,78517.39254,90707.50347	-0.9574780821,0.9573205198,-0.9574529426,0.9573415062,-0.9574336606,0.9573559412,-0.9574201103,0.9573660747	-0.9572720457,-0.9574779584,0.9573205477,-0.9574529279,0.9573415029,-0.9574336045,0.9573558814,-0.9574200821	ok
-0.63827655	-34.97995992	-47.57744760	0.7648151886	continued:5	1,-1,1,-1,1,-1,1,-1	-1,1,-1,1,-1,1,-1,1	9248.086864,21092.89449,33562.97972,45315.4431,57579.72717,69354.3074,81496.27537,93309.63118	5288.631262,18240.23882,30084.88701,42554.81681,54307.27854,66571.47792,78346.08293,90488.00513	0.9574614968,-0.9573095832,0.957434321,-0.9573314375,0.9574147185,-0.957345849,0.9574015694,-0.9573556783	-0.9572593055,0.9574615026,-0.9573096069,0.9574343328,-0.9573314067,0.9574146291,-0.9573458331,0.9574014969	ok
-0.63627255	-34.97995992	-47.89300342	0.7643136358	continued:5	-1,1,-1,1,-1,1,-1,1	-1,1,-1,1,-1,1,-1,1	9342.514559,21165.19468,33588.25833,45334.23518,57551.17377,69327.9766,81428.22707,93246.23557	5288.918602,18206.30715,30028.24948,42450.46563,54196.4693,66412.94532,78189.8811,90289.86908	-0.9574451917,0.9572983647,-0.9574161989,0.9573209533,-0.9573963577,0.9573352107,-0.9573837494,0.9573445584	-0.9572465632,0.9574450978,-0.9572984681,0.9574161173,-0.9573209262,0.9573962743,-0.9573352575,0.9573836416	ok
-0.63426854	-34.97995992	-48.16718967	0.7639398004	continued:5	1,1,-1,1,-1,1,-1,1	-1,1,-1,1,-1,1,-1,1	55.90946365,9469.229102,21273.02034,33652.43638,45393.41203,57567.81697,69346.40567,81410.11637	5289.207459,18172.53392,29974.66112,42351.98341,54093.10351,66266.41308,78045.34413,90108.45408	0.9675441889,0.9574290948,-0.9572869342,0.9573984824,-0.9573100542,0.9573785326,-0.9573241249,0.9573665225	-0.9572338188,0.9574287464,-0.9572871621,0.9573982429,-0.9573101162,0.9573784472,-0.9573242378,0.9573663829	ok
-0.63226453	-34.97995992	-48.40387791	0.7630249454	full	1,1,-1,1,-1,1,-1,1	-1,1,-1,1,-1,1,-1,1	78.13093062,9559.296589,21339.92778,33669.25102,45407.07091,57538.28029,69319.52877,81348.38999	5289.497827,18138.94463,29923.54246,42258.49425,53995.72838,66129.76668,77910.06864,89940.43524	0.9773332827,0.9574116698,-0.9572764094,0.9573802039,-0.9572993911,0.9573607524,-0.9573131372,0.9573494134	-0.9572210723,0.9574124507,-0.9572757109,0.9573806772,-0.957299019,0.9573610735,-0.9573128394,0.9573496174	ok
-0.63026052	-34.97995992	-41.06056161	0.7852891843	continued:5	1,-1,1,-1,1,-1,1,-1	-1,1,-1,1,-1,1,-1,1	8293.186956,20377.98322,32163.7576,44157.99585,55983.84672,67931.05937,79783.26451,91705.27149	5289.789701,18105.56315,29874.47562,42169.34165,53903.2879,66001.41437,77782.31239,89783.34603	0.9572895041,-0.95734273,0.9573021514,-0.9573324348,0.9573094516,-0.9573266973,0.9573137076,-0.9573234842	-0.9572083236,0.9573962126,-0.9572641313,0.9573633921,-0.9572876677,0.9573440923,-0.957301116,0.9573332632	ok
-0.62825651	-34.97995992	-42.72714033	0.7824958354	continued:5	1,-1,1,-1,1,-1,1,-1	-1,1,-1,1,-1,1,-1,1	8462.814585,20307.64398,32215.02165,44075.19423,55969.77483,67838.62809,79726.35658,91600.04236	5290.083074,18072.41174,29827.14897,42084.01514,53814.9901,65880.12136,77660.77536,89635.30837	0.9573119861,-0.957300155,0.9573089661,-0.9573023825,0.9573071706,-0.9573036098,0.9573062845,-0.9573043098	-0.9571955728,0.9573800334,-0.9572524357,0.957346363,-0.9572760901,0.957327453,-0.9572891126,0.9573172545	ok
-0.62625251	-34.97995992	-43.67535594	0.7797024865	continued:5	1,-1,1,-1,1,-1,1,-1	-1,1,-1,1,-1,1,-1,1	8522.784905,20255.1626,32279.69824,44063.29677,56008.92015,67829.52743,79737.21527,91579.72804	5290.377941,18039.51106,29781.32377,42002.10591,53730.22609,65764.9073,77544.46504,89494.8633	0.9573274651,-0.9572658172,0.9573099962,-0.9572777133,0.9573010187,-0.9572839745,0.9572963164,-0.9572872949	-0.95718282,0.9573639142,-0.9572406345,0.9573295684,-0.9572643096,0.957311113,-0.9572768672,0.9573015378	ok
-0.62424850	-34.97995992	-44.41055539	0.7769091377	continued:5	1,-1,1,-1,1,-1,1,-1	-1,1,-1,1,-1,1,-1,1	8522.278077,20229.06998,32341.9262,44084.00911,56059.15794,67850.19855,79764.19425,91586.25585	5290.674297,18006.8802,29736.81316,41923.27865,53648.5183,65654.97965,77432.6095,89360.8593	0.9573346901,-0.957237872,0.9573059992,-0.9572569888,0.9572916071,-0.9572668789,0.9572844133,-0.9572717771	-0.957170065,0.9573478557,-0.9572287361,0.9573129888,-0.9572523466,0.9572950364,-0.9572644123,0.9572860691	ok
-0.62224449	-34.97995992	-45.03560174	0.7741157888	continued:5	1,-1,1,-1,1,-1,1,-1	-1,1,-1,1,-1,1,-1,1	8503.652749,20218.95979,32364.91952,44088.78458,56065.83195,67842.05485,79748.45317,91558.59472	5290.972136,17974.53674,29693.46822,41847.25302,53569.48593,65549.68843,77324.59912,89232.37577	0.9573304656,-0.957217778,0.9572959085,-0.9572406789,0.9572788862,-0.9572520305,0.9572707193,-0.9572576057	-0.9571573079,0.9573318585,-0.9572167475,0.957296607,-0.9572402188,0.9572791921,-0.9572517759,0.957270812	ok
-0.62024048	-34.97995992	-45.58999833	0.7713224399	continued:5	1,-1,1,-1,1,-1,1,-1	-1,1,-1,1,-1,1,-1,1	8516.678829,20231.4301,32366.40664,44082.81524,56043.23384,67812.68073,79703.38463,91506.07659	5291.271453,17942.49676,29651.16855,41773.79081,53492.82109,65448.49435,77219.94621,89108.66884	0.9573181567,-0.957203096,0.9572815549,-0.9572272719,0.9572641045,-0.9572387216,0.9572559737,-0.95724407	-0.9571445487,0.9573159227,-0.9572046749,0.9572804076,-0.9572279422,0.9572635537,-0.9572389825,0.9572557363	ok
-0.61823647	-34.97995992	-46.09245370	0.7685290910	continued:5	1,-1,1,-1,1,-1,1,-1	-1,1,-1,1,-1,1,-1,1	8592.725178,20299.31682,32408.20431,44120.24407,56058.819,67823.59981,79696.8532,91493.00916	5291.572241,17910.77494,29609.81558,41702.68706,53418.27199,65350.9457,77118.25627,88989.13204	0.9573031138,-0.9571904353,0.9572658893,-0.9572146129,0.9572487478,-0.957225679,0.9572411585,-0.9572307061	-0.9571317874,0.9573000483,-0.9571925235,0.9572643764,-0.9572155309,0.9572480981,-0.957226053,0.9572408165	ok
-0.61623246	-34.97995992	-46.55290864	0.7660701107	continued:5	-1,1,-1,1,-1,1,-1,1	-1,1,-1,1,-1,1,-1,1	8698.249846,20396.10381,32478.23469,44186.03198,56103.32245,67863.15098,79719.64483,91508.85815	5291.874496,17879.38456,29569.32781,41633.76349,53345.63057,65256.66113,77019.20712,88873.26714	-0.957287741,0.957177984,-0.9572502145,0.9572020186,-0.9572335989,0.9572125791,-0.9572263352,0.9572172339	-0.957119024,0.957284235,-0.9571802981,0.9572485009,-0.9572029977,0.9572328057,-0.9572130057,0.9572260316	ok
-0.61422846	-34.97995992	-46.97381392	0.7639454989	continued:5	1,-1,1,-1,1,-1,1,-1	-1,1,-1,1,-1,1,-1,1	8830.506484,20519.9557,32576.37406,44279.67829,56176.7952,67931.15212,79771.73137,91553.52174	5292.178212,17848.33758,29529.63729,41566.86365,53274.72349,65165.31658,76922.53347,88760.66205	0.9572724531,-0.9571653603,0.9572345285,-0.9571893112,0.9572184835,-0.9571994155,0.9572116523,-0.9572037481	-0.9571062586,0.9572684826,-0.9571680032,0.9572327694,-0.9571903542,0.9572176588,-0.9571998567,0.9572113635	ok
-0.61222445	-34.97995992	-47.35633469	0.7624896242	continued:5	1,-1,1,-1,1,-1,1,-1	-1,1,-1,1,-1,1,-1,1	8943.487201,20624.87882,32656.68027,44355.20869,56233.18403,67981.58572,79806.99326,91580.94817	5292.483384,17817.64473,29490.68692,41501.84928,53205.4052,65076.63513,76828.01518,88650.97399	0.9572573547,-0.957152831,0.9572191176,-0.9571763983,0.9572034828,-0.9571861665,0.9571970804,-0.9571901658	-0.957093491,0.9572527905,-0.9571556425,0.9572171714,-0.9571776106,0.9572026424,-0.9571866197,0.9571967969	ok
-0.61022044	-34.97995992	-47.69808561	0.7614470517	continued:5	1,-1,1,-1,1,-1,1,-1	-1,1,-1,1,-1,1,-1,1	9064.062001,20737.64499,32745.74233,44439.24148,56298.96274,68040.99273,79851.86093,91617.6398	5292.790005,17787.31552,29452.42846,41438.59744,53137.55267,64990.37901,76735.46844,88543.91632	0.9572422075,-0.9571401043,0.9572037267,-0.9571635427,0.9571885514,-0.9571728511,0.9571826558,-0.9571765526	-0.9570807213,0.9572371579,-0.9571432198,0.9572016974,-0.9571647769,0.957187743,-0.957173307,0.9571823192	ok
-0.60821643	-34.97995992	-47.99972063	0.7609454989	continued:5	-1,1,-1,1,-1,1,-1,1	-1,1,-1,1,-1,1,-1,1	9172.24955,20838.25431,32823.52765,44511.74408,56354.01688,68089.30049,79886.18414,91643.50129	5293.098072,17757.35834,29414.82093,41376.99829,53071.06133,64906.34322,76644.73882,88439.24823	-0.9572271219,0.9571273479,-0.957188502,0.9571506081,-0.9571737514,0.9571594739,-0.9571682302,0.9571628738	-0.9570679495,0.9572215842,-0.9571307382,0.9571863386,-0.9571518613,0.957172949,-0.9571599291,0.9571679193	ok
-0.60621242	-34.97995992	-48.26100083	0.7618603539	full	-1,1,-1,1,-1,1,-1,1	-1,1,-1,1,-1,1,-1,1	9063.292584,20717.85113,32671.50607,44356.58583,56179.3439,67908.77952,79691.24901,91440.35886	5293.407578,17727.78049,29377.82938,41316.95323,53005.84178,64824.35038,76555.6959,88336.76662	-0.9572097356,0.9571159676,-0.9571725172,0.9571380977,-0.9571587234,0.9571462042,-0.957153798,0.957149233	-0.9570551757,0.9572060684,-0.9571182012,0.957171087,-0.9571388718,0.95715825,-0.9571464951,0.9571535877	ok
-0.60420842	-34.97995992	-41.45146086	0.7821603035	continued:5	1,-1,1,-1,1,-1,1,-1	-1,1,-1,1,-1,1,-1,1	8230.740884,20058.69118,31771.78232,43547.88716,55284.57804,67044.0273,78789.70879,90543.48946	5293.718518,17698.5883,29341.42386,41258.37352,52941.81727,64744.24651,76468.22901,88236.29955	0.9571208588,-0.9571465911,0.95713125,-0.9571404411,0.9571350203,-0.9571382459,0.9571362999,-0.9571373841	-0.9570423997,0.9571906097,-0.9571056115,0.9571559353,-0.9571258156,0.9571436368,-0.9571330133,0.9571393166	ok
-0.60220441	-34.97995992	-42.91325440	0.7793669546	continued:5	1,-1,1,-1,1,-1,1,-1	-1,1,-1,1,-1,1,-1,1	8338.693623,20030.62772,31804.62918,43527.03312,55278.41044,67012.43983,78756.46848,90494.60534	5294.030887,17669.78712,29305.57866,41201.17897,52878.92162,64665.89758,76382.24381,88137.70093	0.957136142,-0.9571154121,0.9571275768,-0.9571204274,0.9571245919,-0.9571221424,0.9571236036,-0.9571227725	-0.9570296216,0.9571752069,-0.957092972,0.9571408768,-0.9571126994,0.9571291014,-0.9571194905,0.9571250992	ok
-0.60020040	-34.97995992	-43.82225664	0.7765736057	continued:5	1,-1,1,-1,1,-1,1,-1	-1,1,-1,1,-1,1,-1,1	8356.537899,19990.52801,31815.963,43503.25523,55261.87317,66976.64395,78715.7162,90440.51511	5294.34468,17641.38143,29270.27162,41145.29701,52817.09752,64589.18663,76297.65961,88040.84633	0.957144566,-0.9570889907,0.9571207497,-0.9571024418,0.9571130299,-0.9571069648,0.9571104553,-0.9571084614	-0.9570168415,0.957159859,-0.9570802855,0.9571259052,-0.9570995288,0.9571146365,-0.9571059328,0.9571109295	ok
-0.59819639	-34.97995992	-44.53977879	0.7737802569	continued:5	1,-1,1,-1,1,-1,1,-1	-1,1,-1,1,-1,1,-1,1	8330.360956,19952.56584,31808.35294,43473.80962,55231.67789,66931.99804,78663.26113,90376.50102	5294.659891,17613.37488,29235.4836,41090.66175,52756.29519,64514.01137,76214.40711,87945.62946	0.9571447427,-0.9570674278,0.9571110802,-0.9570863233,0.9571003439,-0.9570923672,0.95709689,-0.9570942684	-0.9570040593,0.9571445649,-0.9570675543,0.9571110148,-0.9570863094,0.9571002359,-0.9570923456,0.9570968024	ok
-0.59619238	-34.97995992	-45.15373851	0.7709869080	continued:5	1,-1,1,-1,1,-1,1,-1	-1,1,-1,1,-1,1,-1,1	8307.333408,19929.17011,31788.1096,43441.21851,55190.6312,66880.29337,78601.40341,90304.44345	5294.976514,17585.77035,29201.19805,41037.21333,52696.47126,64440.28215,76132.42663,87851.9593	0.9571363605,-0.9570508073,0.9570984418,-0.9570718603,0.9570866018,-0.9570784277,0.9570829398,-0.9570803527	-0.956991275,0.9571293234,-0.9570547808,0.9570962004,-0.9570730461,0.9570858938,-0.9570787338,0.9570827137	ok
-0.59418838	-34.97995992	-45.69942825	0.7681935591	continued:5	1,-1,1,-1,1,-1,1,-1	-1,1,-1,1,-1,1,-1,1	8329.289582,19946.70465,31792.26276,43437.50059,55174.44376,66855.28556,78565.18155,90258.65573	5295.294546,17558.57,29167.40058,40984.89721,52637.58779,64367.92027,76051.66662,87759.75775	0.9571229966,-0.9570369302,0.9570842263,-0.957058308,0.9570725195,-0.9570646212,0.9570689022,-0.9570665639	-0.9569784886,0.9571141334,-0.9570419674,0.9570814571,-0.9570597435,0.9570716051,-0.9570651011,0.9570686595	ok
-0.59218437	-34.97995992	-46.19398826	0.7654002102	continued:5	-1,1,-1,1,-1,1,-1,1	-1,1,-1,1,-1,1,-1,1	8416.881,20027.89074,31855.9888,43494.36944,55218.10707,66890.49638,78589.09212,90273.12567	5295.61398,17531.77534,29134.07871,40933.66367,52579.61154,64296.8565,75972.08243,87668.95768	-0.9571083691,0.9570238601,-0.9570696078,0.9570449586,-0.9570582295,0.9570509781,-0.9570548527,0.957052863	-0.9569657002,0.9570989937,-0.9570291163,0.9570667804,-0.9570464056,0.9570573653,-0.9570514514,0.9570546367	ok
-0.59018036	-34.97995992	-46.64673784	0.7627345788	continued:5	1,-1,1,-1,1,-1,1,-1	-1,1,-1,1,-1,1,-1,1	8557.418996,20162.06479,31973.08747,43604.50951,55315.36277,66979.21658,78666.71302,90341.29042	5295.934812,17505.38727,29101.22155,40883.46731,52522.5133,64227.02989,75893.63533,87579.50133	0.9570938673,-0.9570107921,0.9570551389,-0.9570315838,0.957044076,-0.9570373683,0.9570408516,-0.95703899	-0.9569529096,0.9570839031,-0.9570162295,0.9570521663,-0.957033036,0.9570431704,-0.9570377876,0.9570406423	ok
-0.58817635	-34.97995992	-47.06198795	0.7608166181	continued:5	1,-1,1,-1,1,-1,1,-1	-1,1,-1,1,-1,1,-1,1	8672.820201,20271.18227,32065.57555,43689.93004,55388.2155,67043.46033,78720.04902,90385.16505	5296.257036,17479.40611,29068.81963,40834.26662,52466.26733,64158.38667,75816.29164,87491.33888	0.9570791873,-0.9569976833,0.9570405455,-0.9570181827,0.9570298069,-0.9570236962,0.9570269808,-0.9570252234	-0.956940117,0.9570688603,-0.957003309,0.9570376107,-0.9570196382,0.9570290168,-0.9570241123,0.9570266739	ok
-0.58617234	-34.97995992	-47.43650463	0.7593607434	continued:5	1,-1,1,-1,1,-1,1,-1	-1,1,-1,1,-1,1,-1,1	8793.624726,20385.77875,32163.96305,43781.15403,55467.16596,67113.74552,78779.6038,90435.2667	5296.580648,17453.8317,29036.86462,40786.02363,52410.85092,64090.87937,75740.02203,87404.42736	0.9570647341,-0.9569845834,0.9570261029,-0.9570046754,0.9570157729,-0.9570099908,0.9570129094,-0.9570114812	-0.9569273223,0.9570538642,-0.9569903566,0.9570231103,-0.9570062152,0.9570149012,-0.9570104281,0.9570127294	ok
-0.58416834	-34.97995992	-47.77037116	0.7583181709	continued:5	1,-1,1,-1,1,-1,1,-1	-1,1,-1,1,-1,1,-1,1	8920.120216,20506.14066,32268.51632,43878.45983,55552.474,67190.34633,78845.64278,90491.86955	5296.905641,17428.66338,29005.34927,40738.70353,52356.24396,64024.46602,75664.80093,87318.72967	0.957050215,-0.9569715225,0.9570117469,-0.9569912189,0.9570016262,-0.9569964219,0.9569989861,-0.9569976717	-0.9569145255,0.9570389135,-0.9569773742,0.9570086618,-0.9569927699,0.9570008206,-0.956996737,0.9569988069	ok
-0.58216433	-34.97995992	-48.06435452	0.7578166181	continued:5	-1,1,-1,1,-1,1,-1,1	-1,1,-1,1,-1,1,-1,1	9033.512631,20613.49173,32360.47044,43963.08687,55625.36676,67254.50134,78899.39465,90536.2129	5297.232012,17403.90007,28974.26719,40692.27445,52302.42865,63959.10948,75590.60602,87234.21379	-0.9570357273,0.9569582808,-0.9569973761,0.9569777642,-0.9569876216,0.9569827478,-0.9569851357,0.9569839323	-0.9569017267,0.9570240072,-0.9569643635,0.956994262,-0.9569793048,0.9569867726,-0.9569830408,0.9569849047	ok
-0.58016032	-34.97995992	-48.31832640	0.7581904535	full	-1,1,-1,1,-1,1,-1,1	-1,1,-1,1,-1,1,-1,1	8993.272087,20566.52226,32297.27787,43892.78844,55543.35975,67163.82999,78798.42222,90425.89006	5297.559754,17379.54031,28943.61275,40646.70711,52249.38916,63894.77686,75517.41782,87150.85203	-0.9570207599,0.9569454096,-0.9569829522,0.956964367,-0.9569734912,0.9569690334,-0.9569712275,0.9569700824	-0.9568889258,0.9570091439,-0.9569513261,0.9569799082,-0.9569658222,0.9569727547,-0.9569693409,0.9569710213	ok
-0.57815631	-34.97995992	-41.72899825	0.7788086403	continued:5	1,-1,1,-1,1,-1,1,-1	-1,1,-1,1,-1,1,-1,1	8159.467879,19804.52227,31413.96263,43039.67227,54657.24374,66278.70737,77898.26906,89518.75056	5297.888864,17355.58226,28913.381,40601.97464,52197.11143,63831.43902,75445.21931,87068.62053	0.95694932,-0.9569602737,0.9569549165,-0.9569575859,0.9569563221,-0.9569568697,0.9569565383,-0.9569567689	-0.9568761228,0.9569943226,-0.9569382636,0.9569655977,-0.9569523242,0.9569587648,-0.9569556389,0.9569571557	ok
-0.57615230	-34.97995992	-43.07446949	0.7760152915	continued:5	1,-1,1,-1,1,-1,1,-1	-1,1,-1,1,-1,1,-1,1	8224.013435,19794.95738,31431.15626,43031.04033,54647.19281,66255.30331,77867.20282,89477.27583	5298.219335,17332.02379,28883.56754,40558.05234,52145.58294,63769.07011,75373.9956,86987.49866	0.9569591278,-0.9569351546,0.9569465671,-0.9569411351,0.9569437815,-0.9569424276,0.9569430965,-0.956942853	-0.9568633177,0.9569795421,-0.9569251774,0.956951328,-0.9569388127,0.9569448009,-0.9569419358,0.9569433065	ok
-0.57414830	-34.97995992	-43.95699114	0.7732219426	continued:5	1,-1,1,-1,1,-1,1,-1	-1,1,-1,1,-1,1,-1,1	8215.534756,19761.02428,31417.37531,42998.48569,54610.55705,66206.96515,77810.53258,89410.67088	5298.551164,17308.86247,28854.16848,40514.91749,52094.7925,63707.64718,75303.73374,86907.4687	0.9569626305,-0.9569131998,0.9569366522,-0.9569255255,0.9569308125,-0.9569282754,0.9569294653,-0.9569289829	-0.9568505106,0.9569648013,-0.9569120689,0.9569370969,-0.9569252894,0.9569308614,-0.9569282327,0.9569294729	ok
-0.57214429	-34.97995992	-44.66268602	0.7704285937	continued:5	1,-1,1,-1,1,-1,1,-1	-1,1,-1,1,-1,1,-1,1	8179.56529,19723.34225,31387.87282,42955.6131,54560.90405,66147.00477,77741.67445,89332.27777	5298.884344,17286.09563,28825.18034,40472.54921,52044.73015,63647.14988,75234.4224,86828.51538	0.9569588068,-0.956894737,0.9569248658,-0.9569109073,0.9569174368,-0.9569144177,0.9569157801,-0.9569150688	-0.9568377014,0.9569500991,-0.9568989394,0.9569229024,-0.9569117559,0.9569169446,-0.9569145305,0.9569156538	ok
-0.57014028	-34.97995992	-45.26921562	0.7676352448	continued:5	1,-1,1,-1,1,-1,1,-1	-1,1,-1,1,-1,1,-1,1	8161.641454,19705.47356,31365.42932,42923.53813,54519.82677,66096.67021,77682.04712,89263.42351	5299.218872,17263.72036,28796.60002,40430.92824,51995.38696,63587.56014,75166.05174,86750.62562	0.9569486969,-0.9568794352,0.9569117711,-0.9568968351,0.9569036747,-0.9569005158,0.9569019528,-0.9569013404	-0.9568248902,0.9569354343,-0.9568857904,0.9569087422,-0.9568982136,0.9569030491,-0.9569008299,0.9569018487	ok
-0.56813627	-34.97995992	-45.80883057	0.7648418960	continued:5	1,-1,1,-1,1,-1,1,-1	-1,1,-1,1,-1,1,-1,1	8195.121516,19734.95723,31383.53969,42933.70045,54519.99862,66088.09019,77664.06183,89236.38845	5299.554741,17241.73356,28768.42474,40390.03686,51946.75496,63528.86193,75098.61319,86673.78824	0.9569353729,-0.9568657416,0.956897769,-0.9568833109,0.956889811,-0.9568868362,0.9568882166,-0.9568876417	-0.9568120769,0.9569208061,-0.9568726228,0.9568946148,-0.9568846639,0.9568891737,-0.9568871317,0.9568880566	ok
-0.56613226	-34.97995992	-46.29753549	0.7620485471	continued:5	-1,1,-1,1,-1,1,-1,1	-1,1,-1,1,-1,1,-1,1	8293.441147,19827.92811,31463.70173,43006.29722,54582.51512,66142.0036,77708.63944,89272.014	5299.891949,17220.13194,28740.65198,40349.85872,51898.82701,63471.041,75032.09936,86597.99375	-0.9569210747,0.9568524395,-0.9568836399,0.9568697656,-0.9568759438,0.9568731453,-0.956874402,0.9568738567	-0.9567992615,0.9569062132,-0.9568594379,0.9568805183,-0.9568711077,0.9568753171,-0.9568734362,0.956874277	ok
-0.56412826	-34.97995992	-46.74422647	0.7595895667	continued:5	-1,1,-1,1,-1,1,-1,1	-1,1,-1,1,-1,1,-1,1	8418.282367,19947.47186,31570.65847,43105.70684,54672.0083,66222.94728,77780.36597,89334.8675	5300.230488,17198.91208,28713.27949,40310.37875,51851.59673,63414.08473,74966.50386,86523.23412	-0.9569068787,0.956839103,-0.9568696137,0.9568561757,-0.9568621198,0.9568595018,-0.9568606101,0.9568600965	-0.9567864441,0.9568916546,-0.9568462368,0.9568664511,-0.9568575462,0.9568614782,-0.9568597441,0.9568605092	ok
-0.56212425	-34.97995992	-47.15106921	0.7576716061	continued:5	-1,1,-1,1,-1,1,-1,1	-1,1,-1,1,-1,1,-1,1	8542.184965,20066.16865,31677.02209,43204.54082,54761.09069,66303.53669,77851.85601,89397.56586	5300.570355,17178.07043,28686.3052,40271.58306,51805.0584,63357.98194,74901.82122,86449.50262	-0.9568927936,0.9568257276,-0.9568555283,0.9568426401,-0.95684826,0.9568458846,-0.9568468373,0.9568464075	-0.9567736246,0.9568771296,-0.9568330205,0.9568524116,-0.9568439805,0.9568476561,-0.9568460559,0.956846753	ok
-0.56012024	-34.97995992	-47.51729852	0.7562157314	continued:5	1,-1,1,-1,1,-1,1,-1	-1,1,-1,1,-1,1,-1,1	8669.807779,20188.68381,31787.45281,43307.46446,54854.42322,66388.43815,77927.77593,89464.779	5300.911545,17157.6033,28659.72724,40233.45881,51759.2069,63302.72274,74838.04679,86376.79367	0.9568786067,-0.9568124163,0.9568416101,-0.9568291182,0.9568344085,-0.9568322035,0.956833108,-0.9568327772	-0.9567608031,0.956862637,-0.9568197898,0.9568383986,-0.9568304112,0.9568338499,-0.9568323718,0.9568330076	ok
-0.55811623	-34.97995992	-47.84307772	0.7551731589	continued:5	1,-1,1,-1,1,-1,1,-1	-1,1,-1,1,-1,1,-1,1	8801.307005,20315.15202,31902.05818,43414.59549,54952.11746,66477.76872,78008.24058,89536.62466	5301.254053,17137.50696,28633.5439,40195.99415,51714.03766,63248.29837,74775.17667,86305.10273	0.9568644986,-0.9567990922,0.9568276225,-0.9568154921,0.9568206737,-0.9568184234,0.9568193539,-0.9568189547	-0.9567479795,0.9568481758,-0.956806546,0.9568244108,-0.9568168393,0.9568200588,-0.956818692,0.9568192726	ok
-0.55611222	-34.97995992	-48.12927929	0.7546716061	continued:5	1,-1,1,-1,1,-1,1,-1	-1,1,-1,1,-1,1,-1,1	8919.041616,20427.98965,32003.28978,43508.383,55036.62475,66553.98201,78075.70467,89595.55993	5301.597874,17117.77755,28607.7536,40159.17815,51669.54662,63194.70114,74713.20759,86234.42617	0.9568503979,-0.9567857602,0.9568135688,-0.9568019209,0.9568068224,-0.9568048145,0.9568057238,-0.9568052929	-0.9567351538,0.9568337453,-0.9567932895,0.9568104467,-0.9568032653,0.9568062819,-0.9568050169,0.9568055478	ok
-0.55410822	-34.97995992	-48.37587451	0.7545044218	full	-1,1,-1,1,-1,1,-1,1	-1,1,-1,1,-1,1,-1,1	8935.709168,20439.86056,32003.77511,43501.46615,55020.57718,66529.71574,78042.80467,89554.2244	5301.943004,17098.4112,28582.3549,40123.00072,51625.73014,63141.92427,74652.1369,86164.76115	-0.9568363288,0.9567724275,-0.9567996754,0.9567883905,-0.9567931236,0.9567911457,-0.9567919008,0.9567915863	-0.9567223261,0.9568193445,-0.9567800214,0.9567965054,-0.95678969,0.9567925186,-0.9567913468,0.9567918326	ok
-0.55210421	-34.97995992	-41.97764251	0.7753922107	continued:5	1,-1,1,-1,1,-1,1,-1	-1,1,-1,1,-1,1,-1,1	8087.834268,19592.81295,31095.73042,42599.48308,54102.89223,65606.44181,77109.93375,88613.44931	5302.289437,17079.40396,28557.34647,40087.45253,51582.58501,63089.96184,74591.96251,86096.1056	0.9567772451,-0.9567782673,0.9567778502,-0.9567780406,0.9567779793,-0.9567780276,0.9567780697,-0.9567780049	-0.9567094964,0.9568049725,-0.9567667425,0.9567825857,-0.9567761139,0.9567787683,-0.9567776816,0.9567781269	ok
-0.55010020	-34.97995992	-43.23376582	0.7725988618	continued:5	1,-1,1,-1,1,-1,1,-1	-1,1,-1,1,-1,1,-1,1	8118.237956,19590.98053,31102.67398,42592.37172,54090.01491,65584.28064,77079.8877,88574.94743	5302.637169,17060.75188,28532.72708,40052.525,51540.1084,63038.8087,74532.68282,86028.4581	0.9567829755,-0.956756765,0.9567673708,-0.9567631523,0.9567648069,-0.9567640788,0.9567643788,-0.9567643506	-0.9566966646,0.9567906286,-0.9567534534,0.9567686866,-0.9567625375,0.9567650303,-0.9567640217,0.9567644301	ok
-0.54809619	-34.97995992	-44.09280854	0.7698055129	continued:5	1,-1,1,-1,1,-1,1,-1	-1,1,-1,1,-1,1,-1,1	8091.472647,19561.84207,31078.75859,42557.22117,54048.24013,65533.76237,77021.41014,88508.1954	5302.986196,17042.45097,28508.49558,40018.21018,51498.29782,62988.4604,74474.29669,85961.81782	0.9567829552,-0.9567374643,0.9567559451,-0.9567484985,0.9567515042,-0.9567503699,0.95675084,-0.9567505507	-0.9566838308,0.9567763119,-0.9567401548,0.9567548072,-0.9567489613,0.9567513042,-0.956750367,0.9567507421	ok
-0.54609218	-34.97995992	-44.78753800	0.7670121640	continued:5	1,-1,1,-1,1,-1,1,-1	-1,1,-1,1,-1,1,-1,1	8052.347166,19529.92273,31045.97046,42515.32314,53998.89641,65476.14427,76955.78772,88434.46641	5303.336512,17024.49725,28484.65093,39984.50076,51457.15111,62938.91312,74416.80341,85896.18451	0.9567767089,-0.9567205656,0.9567433619,-0.9567343873,0.9567380584,-0.956736543,0.9567371928,-0.9567368754	-0.9566709949,0.9567620215,-0.9567268474,0.9567409464,-0.9567353856,0.9567375892,-0.9567367177,0.9567370627	ok
-0.54408818	-34.97995992	-45.38692688	0.7642188152	continued:5	1,-1,1,-1,1,-1,1,-1	-1,1,-1,1,-1,1,-1,1	8042.416306,19522.62942,31032.03938,42493.6321,53969.18289,65438.50672,76910.15239,88380.87185	5303.688113,17006.88674,28461.19215,39951.39003,51416.66641,62890.16364,74360.20269,85831.55841	0.9567656637,-0.9567059143,0.9567301193,-0.9567207103,0.9567243103,-0.956722914,0.9567234949,-0.9567232124	-0.956658157,0.9567477568,-0.9567135319,0.9567271037,-0.9567218108,0.9567238851,-0.9567230739,0.9567233914	ok
-0.54208417	-34.97995992	-45.92053866	0.7614254663	continued:5	1,-1,1,-1,1,-1,1,-1	-1,1,-1,1,-1,1,-1,1	8087.473185,19565.19588,31065.17748,42519.60349,53986.95132,65448.55613,76912.27484,88375.15896	5304.040994,16989.61546,28438.11836,39918.87177,51376.84216,62842.20927,74304.49459,85767.94024	0.9567523022,-0.9566922605,0.9567162786,-0.9567070936,0.9567107322,-0.9567092739,0.9567098214,-0.9567096477	-0.9566453171,0.956733517,-0.9567002087,0.956713278,-0.9567082374,0.9567101913,-0.9567094355,0.9567097281	ok
-0.54008016	-34.97995992	-46.40336974	0.7586321174	continued:5	1,-1,1,-1,1,-1,1,-1	-1,1,-1,1,-1,1,-1,1	8195.674756,19669.52638,31159.58188,42607.02429,54066.2381,65520.24447,76976.14411,88431.30406	5304.395151,16972.67948,28415.42872,39886.94031,51337.67707,62795.04784,74249.67954,85705.33115	0.9567383928,-0.9566789819,0.9567025557,-0.9566934848,0.9566969708,-0.9566956373,0.9566961211,-0.9566959277	-0.956632475,0.9567193014,-0.9566868784,0.9566994686,-0.9566946655,0.9566965075,-0.9566958026,0.9566960725	ok
-0.53807615	-34.97995992	-46.84395322	0.7563008545	continued:5	-1,1,-1,1,-1,1,-1,1	-1,1,-1,1,-1,1,-1,1	8314.795526,19784.84548,31265.13383,42705.6743,54156.88855,65603.39764,77051.59641,88499.14151	5304.750579,16956.07487,28393.1225,39855.59045,51299.17008,62748.67764,74195.75831,85643.73272	-0.9567243982,0.9566656054,-0.9566887299,0.9566800402,-0.9566832825,0.9566820211,-0.9566825127,0.9566823202	-0.956619631,0.9567051092,-0.9566735416,0.9566856749,-0.9566810954,0.9566828331,-0.9566821752,0.9566824245	ok
-0.53607214	-34.97995992	-47.24313641	0.7543828938	continued:5	1,-1,1,-1,1,-1,1,-1	-1,1,-1,1,-1,1,-1,1	8446.190452,19912.57677,31383.27974,42816.99972,54260.35058,65699.46523,77140.08204,88580.12343	5305.107274,16939.79777,28371.19902,39824.81742,51261.32043,62703.0974,74142.732,85583.14691	0.9567104895,-0.9566522202,0.9566749397,-0.9566664679,0.956669558,-0.9566684057,0.956668861,-0.9566687516	-0.956606785,0.9566909399,-0.9566601985,0.9566718963,-0.9566675273,0.9566691681,-0.9566685533,0.9566687839	ok
-0.53406814	-34.97995992	-47.60171423	0.7531336702	continued:5	-1,1,-1,1,-1,1,-1,1	-1,1,-1,1,-1,1,-1,1	8558.535187,20021.41064,31482.71084,42909.69491,54345.31889,65777.144,77210.29899,88642.94936	5305.465231,16923.84434,28349.65767,39794.6169,51224.12757,62658.30627,74090.60202,85523.57606	-0.9566965489,0.9566388103,-0.956661154,0.9566528951,-0.9566559429,0.9566547836,-0.9566552962,0.9566550661	-0.9565939368,0.9566767926,-0.9566468499,0.9566581319,-0.9566539615,0.9566555118,-0.9566549368,0.9566551502	ok
-0.53206413	-34.97995992	-47.91802460	0.7520910977	continued:5	1,-1,1,-1,1,-1,1,-1	-1,1,-1,1,-1,1,-1,1	8694.920962,20154.43685,31606.51174,43026.84838,54454.88082,65879.52371,77305.33768,88730.71122	5305.824445,16908.21081,28328.49793,39764.98495,51187.59119,62614.30381,74039.3701,85465.0229	0.9566827165,-0.9566254229,0.9566473094,-0.9566393037,0.9566423483,-0.956641267,0.9566416669,-0.9566414889	-0.9565810866,0.9566626669,-0.9566334961,0.9566443813,-0.9566403981,0.9566418641,-0.9566413258,0.9566415236	ok
-0.53006012	-34.97995992	-48.19532163	0.7515895449	continued:5	1,-1,1,-1,1,-1,1,-1	-1,1,-1,1,-1,1,-1,1	8816.712034,20273.03711,31716.0649,43129.84534,54550.42236,65967.99264,77386.58749,88804.8003	5306.184912,16892.89346,28307.71933,39735.91805,51151.71122,62571.08993,73989.03826,85407.4905	0.9566688101,-0.9566119867,0.956633538,-0.9566258153,0.9566286696,-0.9566276071,0.9566279473,-0.956627801	-0.9565682345,0.956648562,-0.9566201374,0.9566306438,-0.9566268372,0.9566282246,-0.9566277201,0.9566279037	ok
-0.52805611	-34.97995992	-48.43363958	0.7514223607	full	-1,1,-1,1,-1,1,-1,1	-1,1,-1,1,-1,1,-1,1	8835.856231,20289.16909,31723.32576,43130.64472,54543.90199,65954.51105,77366.00962,88777.17919	5306.546628,16877.88863,28287.32151,39707.41301,51116.48783,62528.66493,73939.60883,85350.98226	-0.9566549634,0.9565985656,-0.9566198182,0.956612196,-0.9566150615,0.9566139872,-0.9566143375,0.9566142055	-0.9565553803,0.9566344773,-0.9566067743,0.956616919,-0.9566132791,0.9566145929,-0.9566141198,0.9566142903	ok
-0.52605210	-34.97995992	-19.91371498	0.7746348950	continued:5	1,-1,1,-1,1,-1,1,-1	-1,1,-1,1,-1,1,-1,1	7370.110613,18777.28521,30190.95325,41593.16805,52998.39811,64402.41162,75806.84179,87211.12097	5306.909587,16863.19273,28267.30416,39679.46702,51081.92139,62487.02946,73891.08446,85295.50198	0.9566232817,-0.9565922789,0.9566035947,-0.9565995557,0.9566010149,-0.9566005915,0.9566007229,-0.9566006217	-0.9565425241,0.9566204124,-0.9565934069,0.9566032063,-0.9565997237,0.956600969,-0.9566005248,0.9566006834	ok
-0.52404810	-34.97995992	-42.28536534	0.7718415461	continued:5	1,-1,1,-1,1,-1,1,-1	-1,1,-1,1,-1,1,-1,1	8004.232553,19398.57624,30798.02762,42194.94422,53592.66817,64990.09541,76387.62615,87785.12007	5307.273786,16848.80225,28247.66707,39652.0776,51048.01255,62446.18452,73843.46808,85241.05376	0.9565938051,-0.9565846934,0.9565878735,-0.9565867286,0.9565871186,-0.9565870177,0.9565870624,-0.9565870483	-0.9565296658,0.9566063665,-0.9565800358,0.9565895053,-0.9565861713,0.9565873525,-0.956586935,0.9565870827	ok
-0.52204409	-34.97995992	-43.43786064	0.7690481972	continued:5	1,-1,1,-1,1,-1,1,-1	-1,1,-1,1,-1,1,-1,1	7998.777669,19396.63902,30794.95525,42184.28062,53575.75707,64966.35341,76357.24276,87748.02786	5307.63922,16834.71374,28228.4101,39625.24262,51014.76213,62406.13145,73796.76293,85187.64209	0.9565957809,-0.9565653618,0.9565763432,-0.9565724369,0.9565738155,-0.956573301,0.9565734681,-0.9565734087	-0.9565168056,0.9565923392,-0.9565666613,0.9565758155,-0.9565726219,0.9565737431,-0.9565733503,0.956573488	ok
-0.52004008	-34.97995992	-44.26317165	0.7662548483	continued:5	1,-1,1,-1,1,-1,1,-1	-1,1,-1,1,-1,1,-1,1	7953.959107,19370.39374,30766.29843,42148.96759,53534.06863,64918.05349,76302.39374,87686.60639	5308.005885,16820.92386,28209.53324,39598.96025,50982.17124,62366.87193,73750.97259,85135.2718	0.9565925031,-0.9565479762,0.9565640147,-0.9565584843,0.9565603394,-0.9565596852,0.956559992,-0.9565599351	-0.9565039433,0.9565783298,-0.9565532835,0.9565621363,-0.9565590754,0.9565601406,-0.9565597707,0.9565598992	ok
-0.51803607	-34.97995992	-44.94004180	0.7634614995	continued:5	1,-1,1,-1,1,-1,1,-1	-1,1,-1,1,-1,1,-1,1	7914.016171,19346.25762,30737.34844,42113.91164,53492.55456,64870.11903,76248.01251,87625.78782	5308.373776,16807.42933,28191.03653,39573.22899,50950.24121,62328.40798,73706.10093,85083.94808	0.9565839702,-0.9565323117,0.9565510649,-0.9565447079,0.9565468754,-0.9565461741,0.9565464109,-0.9565462659	-0.9564910789,0.9565643381,-0.9565399027,0.9565484676,-0.956545532,0.9565465447,-0.9565461962,0.9565463163	ok
-0.51603206	-34.97995992	-45.52705334	0.7606681506	continued:5	1,-1,1,-1,1,-1,1,-1	-1,1,-1,1,-1,1,-1,1	7914.438168,19352.25204,30736.54088,42107.25915,53479.45242,64850.75626,76222.31968,87593.78925	5308.742889,16794.22695,28172.92015,39548.04765,50918.97361,62290.74196,73662.15218,85033.67653	0.9565719174,-0.9565181699,0.9565376569,-0.9565311239,0.9565333536,-0.9565324946,0.9565327945,-0.9565326761	-0.9564782126,0.9565503632,-0.9565265192,0.9565348088,-0.9565319919,0.9565329554,-0.9565326266,0.9565327389	ok
-0.51402806	-34.97995992	-46.05037980	0.7578748017	continued:5	1,-1,1,-1,1,-1,1,-1	-1,1,-1,1,-1,1,-1,1	7972.732755,19410.11561,30786.84358,42151.85296,53517.6908,64882.87036,76248.23035,87613.52428	5309.11322,16781.31364,28155.18437,39523.41535,50888.37026,62253.87658,73619.13088,84984.46309	0.9565585156,-0.9565046703,0.9565239444,-0.9565175865,0.9565196816,-0.956519001,0.9565191957,-0.9565191629	-0.9564653442,0.9565364049,-0.9565131332,0.9565211595,-0.9565184548,0.9565193724,-0.9565190618,0.956519167	ok
-0.51202405	-34.97995992	-46.52369934	0.7550814528	continued:5	-1,1,-1,1,-1,1,-1,1	-1,1,-1,1,-1,1,-1,1	8092.01079,19527.97139,30897.14628,42256.5642,53616.1794,64975.36411,76334.65298,87693.90228	5309.484763,16768.68639,28137.82957,39499.33151,50858.43325,62217.81491,73577.04196,84936.31415	-0.9565447232,0.9564912759,-0.9565102937,0.9565040511,-0.9565061874,0.9565053658,-0.9565056728,0.9565055438	-0.9564524739,0.9565224626,-0.956499745,0.9565075194,-0.9565049208,0.9565057953,-0.9565055017,0.9565056003	ok
-0.51002004	-34.97995992	-46.95503597	0.7527501899	continued:5	1,-1,1,-1,1,-1,1,-1	-1,1,-1,1,-1,1,-1,1	8220.695135,19655.46236,31017.24147,42371.19029,53724.723,65078.04218,76431.39412,87784.7309	5309.857516,16756.3423,28120.85627,39475.79586,50829.16495,62182.56035,73535.89068,84889.23648	0.9565310405,-0.9564777789,0.9564966373,-0.9564904347,0.9564925733,-0.9564918923,0.9564921294,-0.9564920488	-0.9564396014,0.9565085359,-0.9564863546,0.9564938882,-0.9564913901,0.9564922242,-0.9564919463,0.9564920389	ok
-0.50801603	-34.97995992	-47.34511074	0.7509599466	continued:5	1,-1,1,-1,1,-1,1,-1	-1,1,-1,1,-1,1,-1,1	8346.821446,19780.64169,31135.18205,42483.78657,53831.37795,65178.96314,76526.51367,87874.07163	5310.231473,16744.27857,28104.2651,39452.80844,50800.56799,62148.11669,73495.68272,84843.23732	0.956517257,-0.9564644575,0.9564830463,-0.9564769255,0.9564790229,-0.9564783826,0.956478587,-0.9564785206	-0.956426727,0.9564946243,-0.9564729624,0.9564802655,-0.9564778625,0.9564786586,-0.9564783955,0.9564784826	ok
-0.50601202	-34.97995992	-47.69353098	0.7497107230	continued:5	-1,1,-1,1,-1,1,-1,1	-1,1,-1,1,-1,1,-1,1	8466.58079,19899.71524,31247.17301,42590.56121,53932.3532,65274.33798,76616.22439,87958.13931	5310.606631,16732.49249,28088.05684,39430.36957,50772.6453,62114.48809,73456.42414,84798.32434	-0.9565035882,0.9564510368,-0.956469396,0.9564633966,-0.956465469,0.9564648263,-0.9564650437,0.9564648689	-0.9564138506,0.9564807274,-0.9564595684,0.956466651,-0.9564643381,0.9564650987,-0.9564648492,0.9564649311	ok
-0.50400802	-34.97995992	-48.00017040	0.7487958680	continued:5	1,-1,1,-1,1,-1,1,-1	-1,1,-1,1,-1,1,-1,1	8595.549025,20028.26777,31368.79782,42707.10064,54043.23645,65379.75649,76716.11765,88052.52698	5310.982985,16720.98146,28072.23241,39408.47992,50745.40011,62081.67911,73418.12143,84754.50571	0.9564898771,-0.9564375902,0.956455857,-0.9564498854,0.9564518084,-0.9564513008,0.9564514005,-0.9564513389	-0.9564009722,0.9564668447,-0.9564461728,0.9564530444,-0.9564508167,0.956451544,-0.9564513072,0.9564513844	ok
-0.50200401	-34.97995992	-48.26719765	0.7482943152	continued:5	1,-1,1,-1,1,-1,1,-1	-1,1,-1,1,-1,1,-1,1	8721.270625,20153.85057,31487.60664,42820.95792,54151.58199,65482.77486,76813.7513,88144.79447	5311.36053,16709.743,28056.79288,39387.14046,50718.83597,62049.69472,73380.78153,84711.7901	0.9564762088,-0.9564241407,0.9564422039,-0.9564363834,0.9564383584,-0.9564377001,0.956437891,-0.9564378212	-0.9563880917,0.9564529757,-0.9564327758,0.9564394454,-0.9564372985,0.9564379945,-0.9564377694,0.9564378423	ok
-0.50000000	-34.97995992	-48.49608370	0.7481271309	full	-1,1,-1,1,-1,1,-1,1	-1,1,-1,1,-1,1,-1,1	8742.751458,20175.51309,31502.64935,42831.18655,54156.44444,65482.44987,76808.18392,88134.00191	5311.739263,16698.77472,28041.73951,39366.35246,50692.95677,62018.54029,73344.41185,84670.18672	-0.9564625109,0.9564106305,-0.9564286377,0.9564228827,-0.956424794,0.9564241306,-0.9564243128,0.9564242527	-0.9563752093,0.9564391204,-0.9564193773,0.9564258537,-0.9564237835,0.9564244501,-0.9564242359,0.9564243048	ok
